financier,apr_strategy,wholesaler_policy,final_wallet,initial_capital,final_capital,capital_change,capital_loss,capital_loss_rate,final_apr,final_utilization,loans_issued,closed_loans,defaults,default_count_rate,total_issued_principal,default_amount,default_amount_to_issued_rate,default_amount_to_initial_capital_rate,outstanding_loans,simulation_end_day,seed,default_scenario,capital_per_financier
Fin_fl_rl_1,pure_rl,fl_rl,5469018.967045753,1000000.0,5469018.967046055,4469018.967046055,0.0,0.0,6.0,0.0,2640,2640,0,0.0,88949737.74581864,0.0,0.0,0.0,0,4253,709098,none_default,1000000.0
Fin_fl_rl_2,pure_rl,fl_rl,5692630.77570139,1000000.0,5692630.77570131,4692630.77570131,0.0,0.0,6.0,0.0,2593,2593,0,0.0,91023326.33761302,0.0,0.0,0.0,0,4253,709098,none_default,1000000.0
Fin_fl_rl_3,pure_rl,fl_rl,5403055.464169456,1000000.0,5403055.4641691595,4403055.4641691595,0.0,0.0,6.0,0.0,2713,2713,0,0.0,90311945.26806146,0.0,0.0,0.0,0,4253,709098,none_default,1000000.0
Fin_fl_rl_prox_1,pure_rl,fl_rl_prox,5193976.293669863,1000000.0,5193976.293669809,4193976.2936698087,0.0,0.0,6.0,0.0,2406,2406,0,0.0,83370607.54299836,0.0,0.0,0.0,0,4247,709098,none_default,1000000.0
Fin_fl_rl_prox_2,pure_rl,fl_rl_prox,5492748.008913074,1000000.0,5492748.008913278,4492748.008913278,0.0,0.0,6.0,0.0,2677,2677,0,0.0,90097569.11130996,0.0,0.0,0.0,0,4247,709098,none_default,1000000.0
Fin_fl_rl_prox_3,pure_rl,fl_rl_prox,5899283.636294098,1000000.0,5899283.636294211,4899283.636294211,0.0,0.0,6.0,0.0,2794,2794,0,0.0,94409371.64579433,0.0,0.0,0.0,0,4247,709098,none_default,1000000.0
Fin_fl_rl_scaffold_1,pure_rl,fl_rl_scaffold,5333045.34336249,1000000.0,5333045.343362888,4333045.343362888,0.0,0.0,6.0,0.0,2530,2530,0,0.0,87556070.46511276,0.0,0.0,0.0,0,4250,709098,none_default,1000000.0
Fin_fl_rl_scaffold_2,pure_rl,fl_rl_scaffold,5458836.149436392,1000000.0,5458836.149436211,4458836.149436211,0.0,0.0,6.0,0.0,2578,2578,0,0.0,89874697.15841927,0.0,0.0,0.0,0,4250,709098,none_default,1000000.0
Fin_fl_rl_scaffold_3,pure_rl,fl_rl_scaffold,5442642.634569961,1000000.0,5442642.634570151,4442642.634570151,0.0,0.0,6.0,0.0,2818,2818,0,0.0,91643230.64496432,0.0,0.0,0.0,0,4250,709098,none_default,1000000.0
Fin_fl_rl_visitweighted_1,pure_rl,fl_rl_visitweighted,6184307.387858086,1000000.0,6184307.38785882,5184307.38785882,0.0,0.0,6.0,0.0,2756,2756,0,0.0,94402167.41482475,0.0,0.0,0.0,0,4249,709098,none_default,1000000.0
Fin_fl_rl_visitweighted_2,pure_rl,fl_rl_visitweighted,5508069.5032664,1000000.0,5508069.503266265,4508069.503266265,0.0,0.0,6.0,0.0,2519,2519,0,0.0,84237570.71052931,0.0,0.0,0.0,0,4249,709098,none_default,1000000.0
Fin_fl_rl_visitweighted_3,pure_rl,fl_rl_visitweighted,6016929.877451579,1000000.0,6016929.877451348,5016929.877451348,0.0,0.0,6.0,0.0,2655,2655,0,0.0,90760172.6596355,0.0,0.0,0.0,0,4249,709098,none_default,1000000.0
Fin_fl_rl_1,pure_rl,fl_rl,4824662.281107924,1000000.0,4824662.281107701,3824662.2811077014,0.0,0.0,6.0,0.0,2451,2451,0,0.0,79790971.38638054,0.0,0.0,0.0,0,4249,436570,none_default,1000000.0
Fin_fl_rl_2,pure_rl,fl_rl,6103888.723921121,1000000.0,6103888.723921161,5103888.723921161,0.0,0.0,6.0,0.0,2946,2946,0,0.0,98307392.72397956,0.0,0.0,0.0,0,4249,436570,none_default,1000000.0
Fin_fl_rl_3,pure_rl,fl_rl,4634330.648539118,1000000.0,4634330.648540251,3634330.648540251,0.0,0.0,6.0,0.0,1933,1933,0,0.0,66682119.58235477,0.0,0.0,0.0,0,4249,436570,none_default,1000000.0
Fin_fl_rl_prox_1,pure_rl,fl_rl_prox,6340420.862500233,1000000.0,6340420.862500299,5340420.862500299,0.0,0.0,6.0,0.0,2836,2836,0,0.0,96351247.7645304,0.0,0.0,0.0,0,4254,436570,none_default,1000000.0
Fin_fl_rl_prox_2,pure_rl,fl_rl_prox,5788051.259286105,1000000.0,5788051.259285873,4788051.259285873,0.0,0.0,6.0,0.0,2911,2911,0,0.0,94443885.78631498,0.0,0.0,0.0,0,4254,436570,none_default,1000000.0
Fin_fl_rl_prox_3,pure_rl,fl_rl_prox,4338145.375234633,1000000.0,4338145.375234697,3338145.375234697,0.0,0.0,6.0,0.0,1761,1761,0,0.0,60735069.866137765,0.0,0.0,0.0,0,4254,436570,none_default,1000000.0
Fin_fl_rl_scaffold_1,pure_rl,fl_rl_scaffold,6302631.957112771,1000000.0,6302631.95711264,5302631.95711264,0.0,0.0,6.0,0.0,2969,2969,0,0.0,101870685.9248563,0.0,0.0,0.0,0,4255,436570,none_default,1000000.0
Fin_fl_rl_scaffold_2,pure_rl,fl_rl_scaffold,6005153.1862759655,1000000.0,6005153.186276307,5005153.186276307,0.0,0.0,6.0,0.0,2850,2850,0,0.0,96346911.25903709,0.0,0.0,0.0,0,4255,436570,none_default,1000000.0
Fin_fl_rl_scaffold_3,pure_rl,fl_rl_scaffold,5212543.760304289,1000000.0,5212543.760305677,4212543.760305677,0.0,0.0,6.0,0.0,2188,2188,0,0.0,75147429.28208043,0.0,0.0,0.0,0,4255,436570,none_default,1000000.0
Fin_fl_rl_visitweighted_1,pure_rl,fl_rl_visitweighted,5625197.452797771,1000000.0,5625197.452798452,4625197.452798452,0.0,0.0,6.0,0.0,2755,2755,0,0.0,91453957.53824954,0.0,0.0,0.0,0,4239,436570,none_default,1000000.0
Fin_fl_rl_visitweighted_2,pure_rl,fl_rl_visitweighted,6622235.001630687,1000000.0,6622235.001631096,5622235.001631096,0.0,0.0,6.0,0.0,2860,2860,0,0.0,100696039.76947497,0.0,0.0,0.0,0,4239,436570,none_default,1000000.0
Fin_fl_rl_visitweighted_3,pure_rl,fl_rl_visitweighted,4826740.622888414,1000000.0,4826740.622887743,3826740.6228877427,0.0,0.0,6.0,0.0,2299,2299,0,0.0,74259281.23440507,0.0,0.0,0.0,0,4239,436570,none_default,1000000.0
Fin_fl_rl_1,pure_rl,fl_rl,5585699.3099722825,1000000.0,5585699.309972005,4585699.309972005,0.0,0.0,6.0,0.0,2509,2509,0,0.0,87229236.20812762,0.0,0.0,0.0,0,4267,831197,none_default,1000000.0
Fin_fl_rl_2,pure_rl,fl_rl,6091199.415016134,1000000.0,6091199.415015845,5091199.415015845,0.0,0.0,6.0,0.0,2940,2940,0,0.0,98297589.14605454,0.0,0.0,0.0,0,4267,831197,none_default,1000000.0
Fin_fl_rl_3,pure_rl,fl_rl,5853200.618290948,1000000.0,5853200.618290828,4853200.618290828,0.0,0.0,6.0,0.0,2389,2389,0,0.0,82323821.1388427,0.0,0.0,0.0,0,4267,831197,none_default,1000000.0
Fin_fl_rl_prox_1,pure_rl,fl_rl_prox,4358696.223031145,1000000.0,4358696.223031086,3358696.223031086,0.0,0.0,6.0,0.0,1894,1894,0,0.0,64743820.96654219,0.0,0.0,0.0,0,4260,831197,none_default,1000000.0
Fin_fl_rl_prox_2,pure_rl,fl_rl_prox,7200676.236641964,1000000.0,7200676.236642375,6200676.236642375,0.0,0.0,6.0,0.0,3261,3261,0,0.0,110724316.0353,0.0,0.0,0.0,0,4260,831197,none_default,1000000.0
Fin_fl_rl_prox_3,pure_rl,fl_rl_prox,6589069.386883784,1000000.0,6589069.386884338,5589069.386884338,0.0,0.0,6.0,0.0,2698,2698,0,0.0,92429804.50591306,0.0,0.0,0.0,0,4260,831197,none_default,1000000.0
Fin_fl_rl_scaffold_1,pure_rl,fl_rl_scaffold,5459593.423404547,1000000.0,5459593.423404628,4459593.423404628,0.0,0.0,6.0,0.0,2604,2604,0,0.0,88954067.10357918,0.0,0.0,0.0,0,4255,831197,none_default,1000000.0
Fin_fl_rl_scaffold_2,pure_rl,fl_rl_scaffold,6735629.411855928,1000000.0,6735629.411856587,5735629.411856587,0.0,0.0,6.0,0.0,3199,3199,0,0.0,107208106.49177842,0.0,0.0,0.0,0,4255,831197,none_default,1000000.0
Fin_fl_rl_scaffold_3,pure_rl,fl_rl_scaffold,5425883.210601966,1000000.0,5425883.210601119,4425883.210601119,0.0,0.0,6.0,0.0,2093,2093,0,0.0,73481961.76445423,0.0,0.0,0.0,0,4255,831197,none_default,1000000.0
Fin_fl_rl_visitweighted_1,pure_rl,fl_rl_visitweighted,5065733.000001667,1000000.0,5065733.000001948,4065733.0000019483,0.0,0.0,6.0,0.0,2721,2721,0,0.0,89322125.18910702,0.0,0.0,0.0,0,4258,831197,none_default,1000000.0
Fin_fl_rl_visitweighted_2,pure_rl,fl_rl_visitweighted,4814439.688922198,1000000.0,4814439.688922431,3814439.6889224313,0.0,0.0,6.0,0.0,2418,2418,0,0.0,81531545.2982937,0.0,0.0,0.0,0,4258,831197,none_default,1000000.0
Fin_fl_rl_visitweighted_3,pure_rl,fl_rl_visitweighted,4882972.187062263,1000000.0,4882972.187062411,3882972.1870624106,0.0,0.0,6.0,0.0,2196,2196,0,0.0,74931803.43124065,0.0,0.0,0.0,0,4258,831197,none_default,1000000.0
Fin_fl_rl_1,pure_rl,fl_rl,2946312.155459463,1000000.0,2946312.155459855,1946312.1554598552,0.0,0.0,24.0,0.0,1384,1384,68,0.049132947976878616,46274128.42254362,139284.40022901865,0.00300998430391101,0.13928440022901864,0,4242,709098,low_default,1000000.0
Fin_fl_rl_2,pure_rl,fl_rl,4819306.531328946,1000000.0,4819306.531329162,3819306.5313291624,0.0,0.0,6.0,0.0,2358,2358,65,0.0275657336726039,81381411.42258385,145580.12056962188,0.0017888620758084136,0.14558012056962188,0,4242,709098,low_default,1000000.0
Fin_fl_rl_3,pure_rl,fl_rl,6761964.341478083,1000000.0,6761964.341478354,5761964.341478354,0.0,0.0,23.0,0.0,3157,3157,19,0.006018371872030409,105921198.60519844,45095.46055045746,0.0004257453762257959,0.045095460550457454,0,4242,709098,low_default,1000000.0
Fin_fl_rl_prox_1,pure_rl,fl_rl_prox,2946312.155459463,1000000.0,2946312.155459855,1946312.1554598552,0.0,0.0,24.0,0.0,1384,1384,68,0.049132947976878616,46274128.42254362,139284.40022901865,0.00300998430391101,0.13928440022901864,0,4242,709098,low_default,1000000.0
Fin_fl_rl_prox_2,pure_rl,fl_rl_prox,4819306.531328946,1000000.0,4819306.531329162,3819306.5313291624,0.0,0.0,6.0,0.0,2358,2358,65,0.0275657336726039,81381411.42258385,145580.12056962188,0.0017888620758084136,0.14558012056962188,0,4242,709098,low_default,1000000.0
Fin_fl_rl_prox_3,pure_rl,fl_rl_prox,6761964.341478083,1000000.0,6761964.341478354,5761964.341478354,0.0,0.0,23.0,0.0,3157,3157,19,0.006018371872030409,105921198.60519844,45095.46055045746,0.0004257453762257959,0.045095460550457454,0,4242,709098,low_default,1000000.0
Fin_fl_rl_scaffold_1,pure_rl,fl_rl_scaffold,2665958.522822978,1000000.0,2665958.5228225114,1665958.5228225114,0.0,0.0,24.0,0.0,1128,1128,73,0.06471631205673758,38094518.325759485,147528.8307228121,0.003872704977163426,0.1475288307228121,0,4243,709098,low_default,1000000.0
Fin_fl_rl_scaffold_2,pure_rl,fl_rl_scaffold,5503509.132412673,1000000.0,5503509.132412894,4503509.132412894,0.0,0.0,6.0,0.0,2297,2297,81,0.035263387026556375,79341286.65374653,172441.86920109717,0.002173419117257968,0.17244186920109716,0,4243,709098,low_default,1000000.0
Fin_fl_rl_scaffold_3,pure_rl,fl_rl_scaffold,7481638.8965727715,1000000.0,7481638.896573078,6481638.896573078,0.0,0.0,23.0,0.0,3162,3162,27,0.008538899430740038,107504448.69328114,62998.81563096442,0.0005860112432249675,0.06299881563096442,0,4243,709098,low_default,1000000.0
Fin_fl_rl_visitweighted_1,pure_rl,fl_rl_visitweighted,4373804.875834367,1000000.0,4373804.875834498,3373804.8758344976,0.0,0.0,24.0,0.0,2118,2118,76,0.03588290840415486,72264430.11736602,169322.77595629924,0.0023430998581362773,0.16932277595629924,0,4261,709098,low_default,1000000.0
Fin_fl_rl_visitweighted_2,pure_rl,fl_rl_visitweighted,4352395.26328657,1000000.0,4352395.26328638,3352395.26328638,0.0,0.0,14.0,0.0,1822,1822,84,0.04610318331503842,63561991.06195929,158133.1667941171,0.002487857352359702,0.1581331667941171,0,4261,709098,low_default,1000000.0
Fin_fl_rl_visitweighted_3,pure_rl,fl_rl_visitweighted,5987804.726217411,1000000.0,5987804.726217226,4987804.726217226,0.0,0.0,23.0,0.0,2917,2917,33,0.011312992800822763,97789666.99019496,78468.91040071372,0.0008024253769938856,0.07846891040071372,0,4261,709098,low_default,1000000.0
Fin_fl_rl_1,pure_rl,fl_rl,4999772.913230661,1000000.0,4999772.913230838,3999772.9132308383,0.0,0.0,6.0,0.0,2014,2014,28,0.013902681231380337,69974667.62251103,53606.3725158552,0.0007660825601207984,0.0536063725158552,0,4259,436570,low_default,1000000.0
Fin_fl_rl_2,pure_rl,fl_rl,5084062.112776928,1000000.0,5084062.112777205,4084062.112777205,0.0,0.0,6.0,0.0,2233,2233,51,0.02283922973578146,77830734.92701462,107417.46983482504,0.0013801420471688368,0.10741746983482504,0,4259,436570,low_default,1000000.0
Fin_fl_rl_3,pure_rl,fl_rl,5236359.657305545,1000000.0,5236359.657305821,4236359.657305821,0.0,0.0,6.0,0.0,2445,2445,31,0.012678936605316974,81233195.05205798,60044.65581548191,0.0007391640298895362,0.06004465581548191,0,4259,436570,low_default,1000000.0
Fin_fl_rl_prox_1,pure_rl,fl_rl_prox,3902904.5081139226,1000000.0,3902904.508114249,2902904.508114249,0.0,0.0,15.0,0.0,1517,1517,29,0.01911667765326302,54013885.56047364,55269.98633615161,0.0010232551456471623,0.055269986336151614,0,4261,436570,low_default,1000000.0
Fin_fl_rl_prox_2,pure_rl,fl_rl_prox,4506756.375586229,1000000.0,4506756.375586524,3506756.3755865237,0.0,0.0,6.0,0.0,2348,2348,91,0.038756388415672915,81121214.64582735,203049.43206981884,0.0025030373738401997,0.20304943206981885,0,4261,436570,low_default,1000000.0
Fin_fl_rl_prox_3,pure_rl,fl_rl_prox,5765624.234872648,1000000.0,5765624.234872869,4765624.234872869,0.0,0.0,6.0,0.0,2925,2925,21,0.0071794871794871795,95178737.71869975,40597.699181727745,0.00042654168519983975,0.040597699181727745,0,4261,436570,low_default,1000000.0
Fin_fl_rl_scaffold_1,pure_rl,fl_rl_scaffold,4597685.115381103,1000000.0,4597685.115380951,3597685.115380951,0.0,0.0,6.0,0.0,2140,2140,37,0.017289719626168223,73503865.49611655,81973.08618281105,0.001115221432635294,0.08197308618281104,0,4256,436570,low_default,1000000.0
Fin_fl_rl_scaffold_2,pure_rl,fl_rl_scaffold,4461167.171393966,1000000.0,4461167.171393757,3461167.1713937568,0.0,0.0,6.0,0.0,2343,2343,50,0.021340162185232606,78974567.88209221,111500.7136393932,0.0014118559509671775,0.1115007136393932,0,4256,436570,low_default,1000000.0
Fin_fl_rl_scaffold_3,pure_rl,fl_rl_scaffold,4541848.650015243,1000000.0,4541848.650017173,3541848.650017173,0.0,0.0,6.0,0.0,2024,2024,22,0.010869565217391304,69063898.11791901,37823.605377761036,0.0005476610270851117,0.037823605377761034,0,4256,436570,low_default,1000000.0
Fin_fl_rl_visitweighted_1,pure_rl,fl_rl_visitweighted,3269563.3402573187,1000000.0,3269563.3402572414,2269563.3402572414,0.0,0.0,27.0,0.0,1255,1255,28,0.022310756972111555,43880947.68202052,51018.52982704641,0.0011626578850745832,0.05101852982704641,0,4263,436570,low_default,1000000.0
Fin_fl_rl_visitweighted_2,pure_rl,fl_rl_visitweighted,3599626.4000985296,1000000.0,3599626.4000986614,2599626.4000986614,0.0,0.0,6.0,0.0,1565,1565,50,0.03194888178913738,54815110.60208179,105881.67578216194,0.0019316147430730665,0.10588167578216194,0,4263,436570,low_default,1000000.0
Fin_fl_rl_visitweighted_3,pure_rl,fl_rl_visitweighted,6110659.840217034,1000000.0,6110659.840216968,5110659.840216968,0.0,0.0,6.0,0.0,2861,2861,34,0.01188395665851101,94715063.5057252,65709.27847887663,0.0006937574240754716,0.06570927847887663,0,4263,436570,low_default,1000000.0
Fin_fl_rl_1,pure_rl,fl_rl,3577592.777776538,1000000.0,3577592.777776697,2577592.777776697,0.0,0.0,6.0,0.0,1721,1721,85,0.04938988959907031,57974560.08305123,191942.3075358116,0.003310802311580207,0.1919423075358116,0,4278,831197,low_default,1000000.0
Fin_fl_rl_2,pure_rl,fl_rl,5101198.2879660735,1000000.0,5101198.287966117,4101198.2879661173,0.0,0.0,6.0,0.0,2208,2208,65,0.029438405797101448,78274946.12313023,130737.77304098036,0.0016702377902033123,0.13073777304098036,0,4278,831197,low_default,1000000.0
Fin_fl_rl_3,pure_rl,fl_rl,6103607.735309134,1000000.0,6103607.735309542,5103607.735309542,0.0,0.0,6.0,0.0,2917,2917,24,0.0082276311278711,96757531.37502475,48359.89493388443,0.0004998049686328312,0.048359894933884436,0,4278,831197,low_default,1000000.0
Fin_fl_rl_prox_1,pure_rl,fl_rl_prox,3577592.777776538,1000000.0,3577592.777776697,2577592.777776697,0.0,0.0,6.0,0.0,1721,1721,85,0.04938988959907031,57974560.08305123,191942.3075358116,0.003310802311580207,0.1919423075358116,0,4278,831197,low_default,1000000.0
Fin_fl_rl_prox_2,pure_rl,fl_rl_prox,5101198.2879660735,1000000.0,5101198.287966117,4101198.2879661173,0.0,0.0,6.0,0.0,2208,2208,65,0.029438405797101448,78274946.12313023,130737.77304098036,0.0016702377902033123,0.13073777304098036,0,4278,831197,low_default,1000000.0
Fin_fl_rl_prox_3,pure_rl,fl_rl_prox,6103607.735309134,1000000.0,6103607.735309542,5103607.735309542,0.0,0.0,6.0,0.0,2917,2917,24,0.0082276311278711,96757531.37502475,48359.89493388443,0.0004998049686328312,0.048359894933884436,0,4278,831197,low_default,1000000.0
Fin_fl_rl_scaffold_1,pure_rl,fl_rl_scaffold,3980460.228628796,1000000.0,3980460.228628777,2980460.228628777,0.0,0.0,6.0,0.0,1930,1930,90,0.046632124352331605,64966307.60755196,207988.75601573795,0.003201486488537336,0.20798875601573794,0,4245,831197,low_default,1000000.0
Fin_fl_rl_scaffold_2,pure_rl,fl_rl_scaffold,4633653.311987752,1000000.0,4633653.311987333,3633653.311987333,0.0,0.0,6.0,0.0,1982,1982,59,0.029767911200807264,69048418.11723094,120476.86231630258,0.0017448171240035655,0.12047686231630257,0,4245,831197,low_default,1000000.0
Fin_fl_rl_scaffold_3,pure_rl,fl_rl_scaffold,6183198.245288644,1000000.0,6183198.245288506,5183198.245288506,0.0,0.0,6.0,0.0,3038,3038,41,0.013495720868992759,100974556.57877663,94178.98361446275,0.0009327001455162397,0.09417898361446275,0,4245,831197,low_default,1000000.0
Fin_fl_rl_visitweighted_1,pure_rl,fl_rl_visitweighted,3944087.2440444496,1000000.0,3944087.244044489,2944087.244044489,0.0,0.0,6.0,0.0,1899,1899,62,0.03264876250658241,64753667.68444139,136991.7714100922,0.0021155831987414624,0.1369917714100922,0,4247,831197,low_default,1000000.0
Fin_fl_rl_visitweighted_2,pure_rl,fl_rl_visitweighted,4223819.105158945,1000000.0,4223819.105159036,3223819.105159036,0.0,0.0,6.0,0.0,1986,1986,90,0.045317220543806644,68488054.85293451,194122.62807611056,0.002834401246946685,0.19412262807611055,0,4247,831197,low_default,1000000.0
Fin_fl_rl_visitweighted_3,pure_rl,fl_rl_visitweighted,3830719.3050705236,1000000.0,3830719.3050706345,2830719.3050706345,0.0,0.0,20.0,0.0,1558,1558,29,0.018613607188703467,50888014.03399915,60936.329839911756,0.0011974593820697965,0.060936329839911756,0,4247,831197,low_default,1000000.0
Fin_fl_rl_1,pure_rl,fl_rl,3522494.9938295768,1000000.0,3522494.993829244,2522494.993829244,0.0,0.0,6.0,0.0,1552,1552,52,0.03350515463917526,53472294.051904134,138038.39026818957,0.0025814937009098465,0.13803839026818956,0,4244,709098,medium_default,1000000.0
Fin_fl_rl_2,pure_rl,fl_rl,3489021.079591169,1000000.0,3489021.0795912324,2489021.0795912324,0.0,0.0,7.0,0.0,1599,1599,72,0.0450281425891182,55266179.52562545,159914.4787089827,0.0028935323570690214,0.1599144787089827,0,4244,709098,medium_default,1000000.0
Fin_fl_rl_3,pure_rl,fl_rl,5640070.088329195,1000000.0,5640070.0883291615,4640070.0883291615,0.0,0.0,23.0,0.0,2412,2412,18,0.007462686567164179,82217902.8122407,41723.09913843771,0.0005074697567234216,0.04172309913843771,0,4244,709098,medium_default,1000000.0
Fin_fl_rl_prox_1,pure_rl,fl_rl_prox,3888703.1330950307,1000000.0,3888703.1330942144,2888703.1330942144,0.0,0.0,15.0,0.0,1603,1603,42,0.026200873362445413,55931739.92035956,118640.33921854672,0.0021211630352904643,0.11864033921854672,0,4267,709098,medium_default,1000000.0
Fin_fl_rl_prox_2,pure_rl,fl_rl_prox,4371063.308465626,1000000.0,4371063.308465626,3371063.308465626,0.0,0.0,7.0,0.0,1941,1941,63,0.03245749613601236,66971128.30574125,148876.93020943934,0.002223001672150065,0.14887693020943935,0,4267,709098,medium_default,1000000.0
Fin_fl_rl_prox_3,pure_rl,fl_rl_prox,4917853.503062401,1000000.0,4917853.503062552,3917853.503062552,0.0,0.0,23.0,0.0,2339,2339,21,0.00897819581017529,79360920.05334479,56500.10741235341,0.0007119386641986408,0.056500107412353416,0,4267,709098,medium_default,1000000.0
Fin_fl_rl_scaffold_1,pure_rl,fl_rl_scaffold,4765691.290481291,1000000.0,4765691.290480455,3765691.2904804554,0.0,0.0,6.0,0.0,2257,2257,64,0.028356225077536552,77002373.64325124,167975.81897622015,0.002181436896405883,0.16797581897622016,0,4253,709098,medium_default,1000000.0
Fin_fl_rl_scaffold_2,pure_rl,fl_rl_scaffold,4218289.486985756,1000000.0,4218289.4869858185,3218289.4869858185,0.0,0.0,7.0,0.0,1932,1932,74,0.038302277432712216,67113375.550161,168657.0785757476,0.002513017370877019,0.1686570785757476,0,4253,709098,medium_default,1000000.0
Fin_fl_rl_scaffold_3,pure_rl,fl_rl_scaffold,5106315.838016822,1000000.0,5106315.838016301,4106315.8380163014,0.0,0.0,23.0,0.0,2003,2003,17,0.008487269096355467,69560918.41876002,43436.85095574797,0.0006244433216688727,0.04343685095574797,0,4253,709098,medium_default,1000000.0
Fin_fl_rl_visitweighted_1,pure_rl,fl_rl_visitweighted,4522347.952574316,1000000.0,4522347.95257446,3522347.95257446,0.0,0.0,6.0,0.0,2147,2147,51,0.02375407545412203,72743617.24183747,132590.1224806849,0.0018227045548186948,0.13259012248068489,0,4249,709098,medium_default,1000000.0
Fin_fl_rl_visitweighted_2,pure_rl,fl_rl_visitweighted,3785364.517277246,1000000.0,3785364.5172768226,2785364.5172768226,0.0,0.0,9.0,0.0,1679,1679,66,0.039309112567004166,57715199.61403035,142420.96320667668,0.002467650881554859,0.1424209632066767,0,4249,709098,medium_default,1000000.0
Fin_fl_rl_visitweighted_3,pure_rl,fl_rl_visitweighted,5761825.845292234,1000000.0,5761825.8452921985,4761825.8452921985,0.0,0.0,23.0,0.0,2639,2639,36,0.013641530882910194,90514489.57273836,74804.71933159037,0.0008264391666427787,0.07480471933159037,0,4249,709098,medium_default,1000000.0
Fin_fl_rl_1,pure_rl,fl_rl,4762138.2899980005,1000000.0,4762138.289998584,3762138.2899985844,0.0,0.0,14.0,0.0,1986,1986,81,0.04078549848942598,69565317.66753739,175261.25268478104,0.0025193768757354007,0.17526125268478104,0,4252,436570,medium_default,1000000.0
Fin_fl_rl_2,pure_rl,fl_rl,2938851.728256678,1000000.0,2938851.728256673,1938851.728256673,0.0,0.0,12.0,0.0,1170,1170,113,0.09658119658119659,39030227.16024848,239210.3000793805,0.006128847241837513,0.23921030007938052,0,4252,436570,medium_default,1000000.0
Fin_fl_rl_3,pure_rl,fl_rl,6599721.122143794,1000000.0,6599721.122142915,5599721.122142915,0.0,0.0,6.0,0.0,2920,2920,46,0.015753424657534248,97918064.13381627,99168.74771348816,0.0010127727563931685,0.09916874771348816,0,4252,436570,medium_default,1000000.0
Fin_fl_rl_prox_1,pure_rl,fl_rl_prox,5248721.197709108,1000000.0,5248721.197708828,4248721.197708828,0.0,0.0,14.0,0.0,2212,2212,73,0.03300180831826401,77283915.57595469,181635.9286441699,0.0023502423148534443,0.18163592864416991,0,4245,436570,medium_default,1000000.0
Fin_fl_rl_prox_2,pure_rl,fl_rl_prox,2739198.2190593346,1000000.0,2739198.219059636,1739198.219059636,0.0,0.0,12.0,0.0,1109,1109,94,0.08476104598737602,36339294.061855,196411.00711683737,0.005404920821590975,0.19641100711683737,0,4245,436570,medium_default,1000000.0
Fin_fl_rl_prox_3,pure_rl,fl_rl_prox,6490214.4029639745,1000000.0,6490214.402964207,5490214.402964207,0.0,0.0,6.0,0.0,2833,2833,51,0.018002117896223083,95938364.145979,97912.22785331254,0.0010205742898047555,0.09791222785331254,0,4245,436570,medium_default,1000000.0
Fin_fl_rl_scaffold_1,pure_rl,fl_rl_scaffold,5113921.021722316,1000000.0,5113921.021722985,4113921.0217229854,0.0,0.0,14.0,0.0,2350,2350,61,0.02595744680851064,79640444.68174201,145038.36629022076,0.0018211646967796447,0.14503836629022077,0,4275,436570,medium_default,1000000.0
Fin_fl_rl_scaffold_2,pure_rl,fl_rl_scaffold,3204087.2029583217,1000000.0,3204087.2029578798,2204087.2029578798,0.0,0.0,12.0,0.0,1339,1339,110,0.08215085884988797,44876888.79231729,244858.2773637839,0.005456222210433234,0.2448582773637839,0,4275,436570,medium_default,1000000.0
Fin_fl_rl_scaffold_3,pure_rl,fl_rl_scaffold,6271808.648232425,1000000.0,6271808.648232779,5271808.648232779,0.0,0.0,6.0,0.0,2668,2668,47,0.017616191904047975,91266029.60763024,95337.80489807643,0.0010446143576964126,0.09533780489807643,0,4275,436570,medium_default,1000000.0
Fin_fl_rl_visitweighted_1,pure_rl,fl_rl_visitweighted,4601370.091753169,1000000.0,4601370.091753543,3601370.0917535434,0.0,0.0,14.0,0.0,1772,1772,45,0.025395033860045147,62006325.70112418,105525.88880369876,0.001701856828484607,0.10552588880369876,0,4251,436570,medium_default,1000000.0
Fin_fl_rl_visitweighted_2,pure_rl,fl_rl_visitweighted,4265562.4267862765,1000000.0,4265562.426786366,3265562.426786366,0.0,0.0,12.0,0.0,2121,2121,120,0.056577086280056574,73017265.31102493,279809.06725759705,0.003832094588392486,0.2798090672575971,0,4251,436570,medium_default,1000000.0
Fin_fl_rl_visitweighted_3,pure_rl,fl_rl_visitweighted,3670613.7381376494,1000000.0,3670613.738137697,2670613.738137697,0.0,0.0,22.0,0.0,1682,1682,47,0.02794292508917955,55052361.039516754,104794.20724548177,0.0019035370194252007,0.10479420724548177,0,4251,436570,medium_default,1000000.0
Fin_fl_rl_1,pure_rl,fl_rl,4056967.5987349106,1000000.0,4056967.598734827,3056967.598734827,0.0,0.0,6.0,0.0,1960,1960,54,0.027551020408163266,66009279.06969834,122459.71022251515,0.0018551893301729826,0.12245971022251514,0,4261,831197,medium_default,1000000.0
Fin_fl_rl_2,pure_rl,fl_rl,4288197.385341262,1000000.0,4288197.385342002,3288197.385342002,0.0,0.0,6.0,0.0,1942,1942,78,0.04016477857878476,68218892.43071254,172431.1919883213,0.0025276164101235366,0.17243119198832133,0,4261,831197,medium_default,1000000.0
Fin_fl_rl_3,pure_rl,fl_rl,5583448.18734335,1000000.0,5583448.187343747,4583448.187343747,0.0,0.0,9.0,0.0,2635,2635,36,0.01366223908918406,88055037.74305646,84068.05688292327,0.0009547217176629104,0.08406805688292326,0,4261,831197,medium_default,1000000.0
Fin_fl_rl_prox_1,pure_rl,fl_rl_prox,3511465.194204452,1000000.0,3511465.1942041977,2511465.1942041977,0.0,0.0,6.0,0.0,1617,1617,50,0.030921459492888066,54575377.66911566,110249.84864265371,0.002020138995850584,0.11024984864265372,0,4254,831197,medium_default,1000000.0
Fin_fl_rl_prox_2,pure_rl,fl_rl_prox,3399674.476926812,1000000.0,3399674.4769270075,2399674.4769270075,0.0,0.0,6.0,0.0,1239,1239,51,0.04116222760290557,43131914.843852416,113684.29216382702,0.002635734874637276,0.11368429216382701,0,4254,831197,medium_default,1000000.0
Fin_fl_rl_prox_3,pure_rl,fl_rl_prox,4986370.158113153,1000000.0,4986370.1581133315,3986370.1581133315,0.0,0.0,9.0,0.0,2393,2393,30,0.012536564981195153,80014950.6736721,75507.05994412611,0.000943661894538551,0.07550705994412611,0,4254,831197,medium_default,1000000.0
Fin_fl_rl_scaffold_1,pure_rl,fl_rl_scaffold,4778861.632795736,1000000.0,4778861.632795542,3778861.6327955415,0.0,0.0,6.0,0.0,2177,2177,63,0.028938906752411574,74779009.10372004,145056.3866046989,0.001939800865821887,0.1450563866046989,0,4260,831197,medium_default,1000000.0
Fin_fl_rl_scaffold_2,pure_rl,fl_rl_scaffold,5018403.092237953,1000000.0,5018403.092238515,4018403.0922385147,0.0,0.0,6.0,0.0,2306,2306,83,0.035993061578490894,79462022.58327746,192761.59633164128,0.0024258329962545825,0.19276159633164128,0,4260,831197,medium_default,1000000.0
Fin_fl_rl_scaffold_3,pure_rl,fl_rl_scaffold,4917776.452027321,1000000.0,4917776.45202785,3917776.45202785,0.0,0.0,9.0,0.0,1939,1939,38,0.019597730789066528,67165714.07933399,89249.52149269884,0.001328795840498028,0.08924952149269884,0,4260,831197,medium_default,1000000.0
Fin_fl_rl_visitweighted_1,pure_rl,fl_rl_visitweighted,3022752.8673599823,1000000.0,3022752.8673597816,2022752.8673597816,0.0,0.0,10.0,0.0,1238,1238,54,0.04361873990306947,42209745.47208947,139391.9089076118,0.00330236317107817,0.1393919089076118,0,4255,831197,medium_default,1000000.0
Fin_fl_rl_visitweighted_2,pure_rl,fl_rl_visitweighted,3632020.0724047553,1000000.0,3632020.07240471,2632020.07240471,0.0,0.0,10.0,0.0,1527,1527,59,0.038637851997380485,52948743.170612976,138464.09055314498,0.002615059060174138,0.138464090553145,0,4255,831197,medium_default,1000000.0
Fin_fl_rl_visitweighted_3,pure_rl,fl_rl_visitweighted,6196640.6519536935,1000000.0,6196640.651953739,5196640.651953739,0.0,0.0,9.0,0.0,2850,2850,31,0.01087719298245614,96072673.43048611,78982.20003312104,0.0008221089016562969,0.07898220003312105,0,4255,831197,medium_default,1000000.0
Fin_fl_rl_1,pure_rl,fl_rl,2725411.260110023,1000000.0,2725411.260110142,1725411.2601101422,0.0,0.0,7.0,0.0,1354,1354,127,0.09379615952732644,47868035.60561411,403545.4132937193,0.00843037338357771,0.4035454132937193,0,4244,709098,high_default,1000000.0
Fin_fl_rl_2,pure_rl,fl_rl,3367326.543398871,1000000.0,3367326.5433987016,2367326.5433987016,0.0,0.0,6.0,0.0,1659,1659,137,0.08257986738999397,57946382.352523126,362351.2213515682,0.006253215587250384,0.36235122135156816,0,4244,709098,high_default,1000000.0
Fin_fl_rl_3,pure_rl,fl_rl,4850827.955936709,1000000.0,4850827.955936863,3850827.955936863,0.0,0.0,6.0,0.0,2404,2404,67,0.027870216306156406,80202020.95106176,189245.34337913914,0.0023596081636722624,0.18924534337913915,0,4244,709098,high_default,1000000.0
Fin_fl_rl_prox_1,pure_rl,fl_rl_prox,2751226.5853832476,1000000.0,2751226.585383272,1751226.5853832718,0.0,0.0,7.0,0.0,1249,1249,94,0.07526020816653323,43886319.24638885,321340.01887997886,0.007322100016542627,0.3213400188799789,0,4255,709098,high_default,1000000.0
Fin_fl_rl_prox_2,pure_rl,fl_rl_prox,3701765.67136191,1000000.0,3701765.671362088,2701765.671362088,0.0,0.0,6.0,0.0,1847,1847,110,0.05955603681645912,64201504.157134004,318349.25475450186,0.004958594957142094,0.3183492547545019,0,4255,709098,high_default,1000000.0
Fin_fl_rl_prox_3,pure_rl,fl_rl_prox,5097469.303803287,1000000.0,5097469.303803288,4097469.3038032884,0.0,0.0,6.0,0.0,2352,2352,49,0.020833333333333332,79328809.4786672,122998.62803670435,0.001550491288663303,0.12299862803670435,0,4255,709098,high_default,1000000.0
Fin_fl_rl_scaffold_1,pure_rl,fl_rl_scaffold,2787256.704428593,1000000.0,2787256.704428715,1787256.7044287152,0.0,0.0,7.0,0.0,1439,1439,131,0.09103544127866574,48589701.84333233,403195.0887135895,0.008297953546074651,0.4031950887135895,0,4258,709098,high_default,1000000.0
Fin_fl_rl_scaffold_2,pure_rl,fl_rl_scaffold,3387534.7106291642,1000000.0,3387534.710629469,2387534.710629469,0.0,0.0,6.0,0.0,1522,1522,113,0.07424441524310119,53971925.51390033,302573.0461916617,0.005606119168635826,0.3025730461916617,0,4258,709098,high_default,1000000.0
Fin_fl_rl_scaffold_3,pure_rl,fl_rl_scaffold,5051039.037407707,1000000.0,5051039.037407249,4051039.037407249,0.0,0.0,6.0,0.0,2462,2462,39,0.015840779853777416,83111950.45556973,104344.72657570028,0.001255471998957373,0.10434472657570028,0,4258,709098,high_default,1000000.0
Fin_fl_rl_visitweighted_1,pure_rl,fl_rl_visitweighted,3143488.7432608283,1000000.0,3143488.743260606,2143488.743260606,0.0,0.0,7.0,0.0,1495,1495,136,0.09096989966555184,52353801.708983295,419596.1998433557,0.008014627135881098,0.41959619984335567,0,4238,709098,high_default,1000000.0
Fin_fl_rl_visitweighted_2,pure_rl,fl_rl_visitweighted,3353733.7967464323,1000000.0,3353733.796746581,2353733.796746581,0.0,0.0,6.0,0.0,1618,1618,145,0.0896168108776267,56679112.1360624,410125.2507114399,0.007235915229704091,0.41012525071143985,0,4238,709098,high_default,1000000.0
Fin_fl_rl_visitweighted_3,pure_rl,fl_rl_visitweighted,5036516.310462969,1000000.0,5036516.310462996,4036516.3104629964,0.0,0.0,6.0,0.0,2346,2346,38,0.01619778346121057,80231931.59466057,102592.55334681869,0.0012786997808444415,0.10259255334681869,0,4238,709098,high_default,1000000.0
Fin_fl_rl_1,pure_rl,fl_rl,3199150.5343023795,1000000.0,3199150.5343024856,2199150.5343024856,0.0,0.0,7.0,0.0,1390,1390,83,0.05971223021582734,48189288.8162929,257915.7100567893,0.0053521377134245545,0.2579157100567893,0,4251,436570,high_default,1000000.0
Fin_fl_rl_2,pure_rl,fl_rl,3579992.2815434462,1000000.0,3579992.281543368,2579992.281543368,0.0,0.0,7.0,0.0,1702,1702,53,0.031139835487661575,58572591.26960772,127089.40808986232,0.0021697760904050485,0.12708940808986233,0,4251,436570,high_default,1000000.0
Fin_fl_rl_3,pure_rl,fl_rl,5566432.241899975,1000000.0,5566432.241900125,4566432.241900125,0.0,0.0,17.0,0.0,2459,2459,22,0.008946726311508743,84510100.89092758,62318.68350219958,0.0007374110650113977,0.06231868350219958,0,4251,436570,high_default,1000000.0
Fin_fl_rl_prox_1,pure_rl,fl_rl_prox,3357637.233362556,1000000.0,3357637.2333622817,2357637.2333622817,0.0,0.0,7.0,0.0,1609,1609,82,0.0509633312616532,55140598.85721923,251524.73502153944,0.004561516201027055,0.25152473502153944,0,4260,436570,high_default,1000000.0
Fin_fl_rl_prox_2,pure_rl,fl_rl_prox,3863212.695177839,1000000.0,3863212.6951776026,2863212.6951776026,0.0,0.0,7.0,0.0,1988,1988,77,0.03873239436619718,67921167.27004144,200237.1168512582,0.0029480812079561904,0.2002371168512582,0,4260,436570,high_default,1000000.0
Fin_fl_rl_prox_3,pure_rl,fl_rl_prox,4931963.8613946205,1000000.0,4931963.861395122,3931963.8613951216,0.0,0.0,17.0,0.0,2000,2000,26,0.013,69221999.64991058,74586.86280892775,0.0010775022852005127,0.07458686280892775,0,4260,436570,high_default,1000000.0
Fin_fl_rl_scaffold_1,pure_rl,fl_rl_scaffold,3035928.3282454885,1000000.0,3035928.3282455243,2035928.3282455243,0.0,0.0,7.0,0.0,1556,1556,102,0.06555269922879177,52998728.09221594,315787.0296604312,0.005958388833614512,0.3157870296604312,0,4276,436570,high_default,1000000.0
Fin_fl_rl_scaffold_2,pure_rl,fl_rl_scaffold,3932621.847697484,1000000.0,3932621.8476974694,2932621.8476974694,0.0,0.0,7.0,0.0,1845,1845,86,0.046612466124661245,64332076.7782278,224560.49272338263,0.0034906457861994854,0.22456049272338263,0,4276,436570,high_default,1000000.0
Fin_fl_rl_scaffold_3,pure_rl,fl_rl_scaffold,5143350.149210529,1000000.0,5143350.149210947,4143350.1492109466,0.0,0.0,17.0,0.0,2012,2012,35,0.01739562624254473,70474140.0364103,99637.08752888319,0.0014138106187234908,0.09963708752888319,0,4276,436570,high_default,1000000.0
Fin_fl_rl_visitweighted_1,pure_rl,fl_rl_visitweighted,3183741.775423301,1000000.0,3183741.7754234546,2183741.7754234546,0.0,0.0,7.0,0.0,1683,1683,114,0.0677361853832442,57366043.769022554,333998.51153580233,0.005822233669810088,0.33399851153580234,0,4250,436570,high_default,1000000.0
Fin_fl_rl_visitweighted_2,pure_rl,fl_rl_visitweighted,3479947.5393866957,1000000.0,3479947.5393865984,2479947.5393865984,0.0,0.0,7.0,0.0,1680,1680,85,0.050595238095238096,58611262.66789205,228117.85181742447,0.0038920480712044125,0.22811785181742447,0,4250,436570,high_default,1000000.0
Fin_fl_rl_visitweighted_3,pure_rl,fl_rl_visitweighted,4293764.572970923,1000000.0,4293764.57297109,3293764.5729710897,0.0,0.0,17.0,0.0,2049,2049,43,0.020985846754514398,68592720.14101438,128830.87003392624,0.0018782003362612385,0.12883087003392624,0,4250,436570,high_default,1000000.0
Fin_fl_rl_1,pure_rl,fl_rl,3569626.666256244,1000000.0,3569626.6662557377,2569626.6662557377,0.0,0.0,6.0,0.0,1502,1502,90,0.05992010652463382,52309554.423481815,277542.588591758,0.005305772370853322,0.277542588591758,0,4257,831197,high_default,1000000.0
Fin_fl_rl_2,pure_rl,fl_rl,2589445.144081324,1000000.0,2589445.144081765,1589445.1440817649,0.0,0.0,7.0,0.0,1035,1035,126,0.12173913043478261,36941427.70554838,346620.8488586602,0.009382984643189625,0.3466208488586602,0,4257,831197,high_default,1000000.0
Fin_fl_rl_3,pure_rl,fl_rl,5172174.577005811,1000000.0,5172174.577005779,4172174.5770057794,0.0,0.0,7.0,0.0,2157,2157,47,0.021789522484932777,72502227.31735857,131942.36483762736,0.0018198387790224146,0.13194236483762736,0,4257,831197,high_default,1000000.0
Fin_fl_rl_prox_1,pure_rl,fl_rl_prox,2791289.8180669104,1000000.0,2791289.8180672545,1791289.8180672545,0.0,0.0,6.0,0.0,1133,1133,82,0.07237422771403354,40417122.97929681,293355.0467040853,0.0072581872503481495,0.2933550467040853,0,4245,831197,high_default,1000000.0
Fin_fl_rl_prox_2,pure_rl,fl_rl_prox,3301238.8730352595,1000000.0,3301238.8730358114,2301238.8730358114,0.0,0.0,7.0,0.0,1393,1393,113,0.08111988513998564,48561461.76898675,293491.606214328,0.0060437144089794115,0.293491606214328,0,4245,831197,high_default,1000000.0
Fin_fl_rl_prox_3,pure_rl,fl_rl_prox,5755596.078291338,1000000.0,5755596.078291369,4755596.078291369,0.0,0.0,7.0,0.0,2662,2662,48,0.018031555221637866,88226186.14836614,129234.74911276685,0.001464811693156932,0.12923474911276683,0,4245,831197,high_default,1000000.0
Fin_fl_rl_scaffold_1,pure_rl,fl_rl_scaffold,2926103.5844819536,1000000.0,2926103.584481769,1926103.5844817688,0.0,0.0,6.0,0.0,1120,1120,76,0.06785714285714285,39969613.37095713,256666.78690031875,0.006421547902357718,0.25666678690031874,0,4247,831197,high_default,1000000.0
Fin_fl_rl_scaffold_2,pure_rl,fl_rl_scaffold,2656618.3939134586,1000000.0,2656618.393913457,1656618.3939134572,0.0,0.0,7.0,0.0,1213,1213,129,0.10634789777411377,42638787.50247648,333548.127264088,0.007822645689554736,0.333548127264088,0,4247,831197,high_default,1000000.0
Fin_fl_rl_scaffold_3,pure_rl,fl_rl_scaffold,6118872.581659967,1000000.0,6118872.581660334,5118872.581660334,0.0,0.0,7.0,0.0,2831,2831,48,0.016955139526669022,93630176.77580021,128777.43933042348,0.0013753839175032667,0.1287774393304235,0,4247,831197,high_default,1000000.0
Fin_fl_rl_visitweighted_1,pure_rl,fl_rl_visitweighted,4117719.56263571,1000000.0,4117719.562635584,3117719.562635584,0.0,0.0,6.0,0.0,1789,1789,72,0.04024594745667971,61298850.114438,231398.5555451791,0.003774924898479894,0.23139855554517907,0,4251,831197,high_default,1000000.0
Fin_fl_rl_visitweighted_2,pure_rl,fl_rl_visitweighted,3920962.4731080625,1000000.0,3920962.4731078185,2920962.4731078185,0.0,0.0,7.0,0.0,1625,1625,98,0.060307692307692305,56252862.58965772,249876.80880806796,0.00444202832184417,0.24987680880806795,0,4251,831197,high_default,1000000.0
Fin_fl_rl_visitweighted_3,pure_rl,fl_rl_visitweighted,4233122.436712948,1000000.0,4233122.436712368,3233122.4367123684,0.0,0.0,7.0,0.0,1763,1763,37,0.02098695405558707,60588563.956519924,111375.03084658866,0.0018382186929948455,0.11137503084658866,0,4251,831197,high_default,1000000.0
Fin_fl_rl_1,pure_rl,fl_rl,7160143.091929678,5000000.0,7160143.091925154,2160143.0919251544,0.0,0.0,6.0,0.0,2276,2276,0,0.0,79012333.67615303,0.0,0.0,0.0,0,4248,709098,none_default,5000000.0
Fin_fl_rl_2,pure_rl,fl_rl,9472381.363277968,5000000.0,9472381.363277923,4472381.363277923,0.0,0.0,6.0,0.0,4483,4483,0,0.0,157596292.67796847,0.0,0.0,0.0,0,4248,709098,none_default,5000000.0
Fin_fl_rl_3,pure_rl,fl_rl,8779447.98497052,5000000.0,8779447.984966675,3779447.984966675,0.0,0.0,6.0,0.0,3613,3613,0,0.0,126549130.16226918,0.0,0.0,0.0,0,4248,709098,none_default,5000000.0
Fin_fl_rl_prox_1,pure_rl,fl_rl_prox,7041271.480035187,5000000.0,7041271.480034484,2041271.4800344836,0.0,0.0,11.0,0.0,2000,2000,0,0.0,69981902.4316741,0.0,0.0,0.0,0,4259,709098,none_default,5000000.0
Fin_fl_rl_prox_2,pure_rl,fl_rl_prox,8279513.121106868,5000000.0,8279513.121108003,3279513.121108003,0.0,0.0,12.0,0.0,2859,2859,0,0.0,99562944.96800609,0.0,0.0,0.0,0,4259,709098,none_default,5000000.0
Fin_fl_rl_prox_3,pure_rl,fl_rl_prox,11282724.28895686,5000000.0,11282724.288956467,6282724.288956467,0.0,0.0,6.0,0.0,5529,5529,0,0.0,194732233.2238183,0.0,0.0,0.0,0,4259,709098,none_default,5000000.0
Fin_fl_rl_scaffold_1,pure_rl,fl_rl_scaffold,7400541.277443942,5000000.0,7400541.277445327,2400541.2774453266,0.0,0.0,6.0,0.0,2342,2342,0,0.0,81857909.68359101,0.0,0.0,0.0,0,4261,709098,none_default,5000000.0
Fin_fl_rl_scaffold_2,pure_rl,fl_rl_scaffold,10848692.782740548,5000000.0,10848692.782743167,5848692.782743167,0.0,0.0,6.0,0.0,4757,4757,0,0.0,167254497.620878,0.0,0.0,0.0,0,4261,709098,none_default,5000000.0
Fin_fl_rl_scaffold_3,pure_rl,fl_rl_scaffold,8554946.508693138,5000000.0,8554946.508694425,3554946.508694425,0.0,0.0,6.0,0.0,3284,3284,0,0.0,115710340.32283987,0.0,0.0,0.0,0,4261,709098,none_default,5000000.0
Fin_fl_rl_visitweighted_1,pure_rl,fl_rl_visitweighted,7192965.681946755,5000000.0,7192965.681947762,2192965.681947762,0.0,0.0,8.0,0.0,2181,2181,0,0.0,76589298.36500381,0.0,0.0,0.0,0,4252,709098,none_default,5000000.0
Fin_fl_rl_visitweighted_2,pure_rl,fl_rl_visitweighted,7484542.927942274,5000000.0,7484542.927943751,2484542.927943751,0.0,0.0,9.0,0.0,2155,2155,0,0.0,76214648.49977633,0.0,0.0,0.0,0,4252,709098,none_default,5000000.0
Fin_fl_rl_visitweighted_3,pure_rl,fl_rl_visitweighted,11666241.544375263,5000000.0,11666241.544374857,6666241.544374857,0.0,0.0,6.0,0.0,6052,6052,0,0.0,211851358.35081193,0.0,0.0,0.0,0,4252,709098,none_default,5000000.0
Fin_fl_rl_1,pure_rl,fl_rl,9990970.42212957,5000000.0,9990970.422128016,4990970.422128016,0.0,0.0,14.0,0.0,4087,4087,0,0.0,143556444.31492952,0.0,0.0,0.0,0,4250,436570,none_default,5000000.0
Fin_fl_rl_2,pure_rl,fl_rl,12732540.410710482,5000000.0,12732540.410707925,7732540.4107079245,0.0,0.0,14.0,0.0,5602,5602,0,0.0,195833771.53203532,0.0,0.0,0.0,0,4250,436570,none_default,5000000.0
Fin_fl_rl_3,pure_rl,fl_rl,5828032.84593575,5000000.0,5828032.845936289,828032.845936289,0.0,0.0,22.0,0.0,669,669,0,0.0,24203297.754555658,0.0,0.0,0.0,0,4250,436570,none_default,5000000.0
Fin_fl_rl_prox_1,pure_rl,fl_rl_prox,14013482.701486187,5000000.0,14013482.701486224,9013482.701486224,0.0,0.0,7.0,0.0,6504,6504,0,0.0,225482667.10009676,0.0,0.0,0.0,0,4255,436570,none_default,5000000.0
Fin_fl_rl_prox_2,pure_rl,fl_rl_prox,9242798.012256926,5000000.0,9242798.01225463,4242798.012254629,0.0,0.0,14.0,0.0,3158,3158,0,0.0,112035429.23732913,0.0,0.0,0.0,0,4255,436570,none_default,5000000.0
Fin_fl_rl_prox_3,pure_rl,fl_rl_prox,5827549.639107412,5000000.0,5827549.639108542,827549.6391085424,0.0,0.0,22.0,0.0,666,666,0,0.0,23585248.917742196,0.0,0.0,0.0,0,4255,436570,none_default,5000000.0
Fin_fl_rl_scaffold_1,pure_rl,fl_rl_scaffold,14398058.104081275,5000000.0,14398058.10408565,9398058.10408565,0.0,0.0,7.0,0.0,6547,6547,0,0.0,228993879.55077618,0.0,0.0,0.0,0,4245,436570,none_default,5000000.0
Fin_fl_rl_scaffold_2,pure_rl,fl_rl_scaffold,9204504.944596564,5000000.0,9204504.944597125,4204504.944597125,0.0,0.0,14.0,0.0,3191,3191,0,0.0,112093361.36357222,0.0,0.0,0.0,0,4245,436570,none_default,5000000.0
Fin_fl_rl_scaffold_3,pure_rl,fl_rl_scaffold,5828580.901016425,5000000.0,5828580.901015566,828580.9010155657,0.0,0.0,22.0,0.0,626,626,0,0.0,22349805.609946568,0.0,0.0,0.0,0,4245,436570,none_default,5000000.0
Fin_fl_rl_visitweighted_1,pure_rl,fl_rl_visitweighted,13601372.518302001,5000000.0,13601372.51830392,8601372.51830392,0.0,0.0,7.0,0.0,5783,5783,0,0.0,202395638.68566146,0.0,0.0,0.0,0,4252,436570,none_default,5000000.0
Fin_fl_rl_visitweighted_2,pure_rl,fl_rl_visitweighted,8701977.147934748,5000000.0,8701977.147934696,3701977.1479346957,0.0,0.0,6.0,0.0,2880,2880,0,0.0,100498417.65544258,0.0,0.0,0.0,0,4252,436570,none_default,5000000.0
Fin_fl_rl_visitweighted_3,pure_rl,fl_rl_visitweighted,6618089.544726566,5000000.0,6618089.544725714,1618089.5447257143,0.0,0.0,22.0,0.0,1546,1546,0,0.0,54254349.35296259,0.0,0.0,0.0,0,4252,436570,none_default,5000000.0
Fin_fl_rl_1,pure_rl,fl_rl,8826133.651609395,5000000.0,8826133.65160757,3826133.6516075693,0.0,0.0,9.0,0.0,3932,3932,0,0.0,136677063.93687937,0.0,0.0,0.0,0,4255,831197,none_default,5000000.0
Fin_fl_rl_2,pure_rl,fl_rl,10457318.574541764,5000000.0,10457318.57453864,5457318.574538641,0.0,0.0,14.0,0.0,4721,4721,0,0.0,165245457.81024858,0.0,0.0,0.0,0,4255,831197,none_default,5000000.0
Fin_fl_rl_3,pure_rl,fl_rl,6806525.9550946085,5000000.0,6806525.955097138,1806525.955097138,0.0,0.0,14.0,0.0,1715,1715,0,0.0,60021537.44418702,0.0,0.0,0.0,0,4255,831197,none_default,5000000.0
Fin_fl_rl_prox_1,pure_rl,fl_rl_prox,9700859.114825608,5000000.0,9700859.114823403,4700859.114823403,0.0,0.0,7.0,0.0,3975,3975,0,0.0,139074402.8352285,0.0,0.0,0.0,0,4260,831197,none_default,5000000.0
Fin_fl_rl_prox_2,pure_rl,fl_rl_prox,6895023.408178314,5000000.0,6895023.4081777185,1895023.4081777185,0.0,0.0,14.0,0.0,1727,1727,0,0.0,60653013.91048224,0.0,0.0,0.0,0,4260,831197,none_default,5000000.0
Fin_fl_rl_prox_3,pure_rl,fl_rl_prox,10027370.697858686,5000000.0,10027370.69785699,5027370.697856991,0.0,0.0,20.0,0.0,4639,4639,0,0.0,161360512.8257939,0.0,0.0,0.0,0,4260,831197,none_default,5000000.0
Fin_fl_rl_scaffold_1,pure_rl,fl_rl_scaffold,9476660.64704207,5000000.0,9476660.647042468,4476660.647042468,0.0,0.0,16.0,0.0,4314,4314,0,0.0,149363804.15920168,0.0,0.0,0.0,0,4257,831197,none_default,5000000.0
Fin_fl_rl_scaffold_2,pure_rl,fl_rl_scaffold,5978322.027413363,5000000.0,5978322.027413024,978322.0274130236,0.0,0.0,25.0,0.0,1194,1194,0,0.0,42639902.60134413,0.0,0.0,0.0,0,4257,831197,none_default,5000000.0
Fin_fl_rl_scaffold_3,pure_rl,fl_rl_scaffold,11493054.668745859,5000000.0,11493054.668745494,6493054.6687454935,0.0,0.0,12.0,0.0,4869,4869,0,0.0,172250704.63502517,0.0,0.0,0.0,0,4257,831197,none_default,5000000.0
Fin_fl_rl_visitweighted_1,pure_rl,fl_rl_visitweighted,10417610.080620969,5000000.0,10417610.080619358,5417610.0806193575,0.0,0.0,6.0,0.0,4972,4972,0,0.0,172318441.3796149,0.0,0.0,0.0,0,4252,831197,none_default,5000000.0
Fin_fl_rl_visitweighted_2,pure_rl,fl_rl_visitweighted,7598085.278224642,5000000.0,7598085.278224543,2598085.2782245427,0.0,0.0,14.0,0.0,2410,2410,0,0.0,84263973.79826306,0.0,0.0,0.0,0,4252,831197,none_default,5000000.0
Fin_fl_rl_visitweighted_3,pure_rl,fl_rl_visitweighted,8329002.050589141,5000000.0,8329002.050591502,3329002.0505915023,0.0,0.0,12.0,0.0,3004,3004,0,0.0,104842014.22924177,0.0,0.0,0.0,0,4252,831197,none_default,5000000.0
Fin_fl_rl_1,pure_rl,fl_rl,7087895.426765607,5000000.0,7087895.426767625,2087895.426767625,0.0,0.0,24.0,0.0,1380,1380,49,0.035507246376811595,48645484.17602457,85166.54853523373,0.0017507596024135975,0.017033309707046744,0,4257,709098,low_default,5000000.0
Fin_fl_rl_2,pure_rl,fl_rl,9407297.296875035,5000000.0,9407297.296875175,4407297.296875175,0.0,0.0,13.0,0.0,2834,2834,132,0.0465772759350741,99010322.81945607,227064.0326603889,0.0022933369591616923,0.045412806532077785,0,4257,709098,low_default,5000000.0
Fin_fl_rl_3,pure_rl,fl_rl,12248710.280604307,5000000.0,12248710.280604612,7248710.280604612,0.0,0.0,23.0,0.0,4218,4218,51,0.01209103840682788,148368440.84906906,102857.30247974477,0.0006932559369844598,0.020571460495948955,0,4257,709098,low_default,5000000.0
Fin_fl_rl_prox_1,pure_rl,fl_rl_prox,8041325.721645946,5000000.0,8041325.721643128,3041325.7216431284,0.0,0.0,24.0,0.0,1820,1820,52,0.02857142857142857,63668502.21845968,105201.63561929754,0.0016523340734218809,0.021040327123859507,0,4248,709098,low_default,5000000.0
Fin_fl_rl_prox_2,pure_rl,fl_rl_prox,8890613.378000095,5000000.0,8890613.378004335,3890613.378004335,0.0,0.0,14.0,0.0,2548,2548,129,0.05062794348508634,90203669.34085931,219290.29593458035,0.0024310573786741627,0.04385805918691607,0,4248,709098,low_default,5000000.0
Fin_fl_rl_prox_3,pure_rl,fl_rl_prox,12046633.506294517,5000000.0,12046633.50629201,7046633.50629201,0.0,0.0,23.0,0.0,4042,4042,54,0.013359722909450767,140932468.74047506,96702.47492890965,0.0006861617893530677,0.01934049498578193,0,4248,709098,low_default,5000000.0
Fin_fl_rl_scaffold_1,pure_rl,fl_rl_scaffold,5936220.667222965,5000000.0,5936220.667224412,936220.6672244119,0.0,0.0,24.0,0.0,467,467,12,0.02569593147751606,16361669.713905515,25873.086404832615,0.0015813231080470658,0.005174617280966523,0,4261,709098,low_default,5000000.0
Fin_fl_rl_scaffold_2,pure_rl,fl_rl_scaffold,10633434.57463942,5000000.0,10633434.574637536,5633434.574637536,0.0,0.0,16.0,0.0,3905,3905,269,0.06888604353393085,137172769.5487327,512373.7398419969,0.003735243820822386,0.10247474796839938,0,4261,709098,low_default,5000000.0
Fin_fl_rl_scaffold_3,pure_rl,fl_rl_scaffold,13229157.757886777,5000000.0,13229157.757892095,8229157.757892095,0.0,0.0,23.0,0.0,4719,4719,66,0.013986013986013986,164636904.74370605,133216.54895549183,0.0008091536290898631,0.026643309791098368,0,4261,709098,low_default,5000000.0
Fin_fl_rl_visitweighted_1,pure_rl,fl_rl_visitweighted,6883449.16243228,5000000.0,6883449.162432227,1883449.1624322273,0.0,0.0,24.0,0.0,1242,1242,50,0.040257648953301126,43508633.46016544,77291.27534745893,0.0017764583532190999,0.015458255069491784,0,4257,709098,low_default,5000000.0
Fin_fl_rl_visitweighted_2,pure_rl,fl_rl_visitweighted,8270485.231614756,5000000.0,8270485.231615985,3270485.231615985,0.0,0.0,24.0,0.0,2007,2007,107,0.05331340308918784,70400934.85672864,209437.1907454058,0.0029749205912055956,0.041887438149081156,0,4257,709098,low_default,5000000.0
Fin_fl_rl_visitweighted_3,pure_rl,fl_rl_visitweighted,12869496.197390292,5000000.0,12869496.197385905,7869496.197385905,0.0,0.0,23.0,0.0,4336,4336,57,0.013145756457564576,151411107.7026711,88986.41249849534,0.0005877138992552624,0.017797282499699068,0,4257,709098,low_default,5000000.0
Fin_fl_rl_1,pure_rl,fl_rl,8387522.300258811,5000000.0,8387522.300257119,3387522.3002571194,0.0,0.0,8.0,0.0,2030,2030,79,0.03891625615763547,71498328.51062848,168991.0385206243,0.002363566282469152,0.03379820770412486,0,4230,436570,low_default,5000000.0
Fin_fl_rl_2,pure_rl,fl_rl,9460211.047835767,5000000.0,9460211.047839357,4460211.047839357,0.0,0.0,6.0,0.0,3064,3064,152,0.04960835509138381,106794626.302536,310506.349427839,0.002907509115189118,0.0621012698855678,0,4230,436570,low_default,5000000.0
Fin_fl_rl_3,pure_rl,fl_rl,10145980.817406287,5000000.0,10145980.817404093,5145980.817404093,0.0,0.0,8.0,0.0,2741,2741,42,0.015322874863188618,96216020.94549301,83213.3991111654,0.0008648601167814487,0.01664267982223308,0,4230,436570,low_default,5000000.0
Fin_fl_rl_prox_1,pure_rl,fl_rl_prox,8066270.360938955,5000000.0,8066270.360939659,3066270.360939659,0.0,0.0,6.0,0.0,1937,1937,79,0.04078471863706763,67296119.81076273,172832.53050431283,0.002568239164313179,0.034566506100862565,0,4248,436570,low_default,5000000.0
Fin_fl_rl_prox_2,pure_rl,fl_rl_prox,9397472.460590186,5000000.0,9397472.460591909,4397472.460591909,0.0,0.0,6.0,0.0,3017,3017,148,0.049055352999668546,105012236.36466026,284353.70154355053,0.002707814930786904,0.05687074030871011,0,4248,436570,low_default,5000000.0
Fin_fl_rl_prox_3,pure_rl,fl_rl_prox,10862937.692183524,5000000.0,10862937.692188514,5862937.692188514,0.0,0.0,11.0,0.0,3053,3053,37,0.012119226989846053,106813867.44578873,73448.11146565064,0.0006876271145497824,0.014689622293130127,0,4248,436570,low_default,5000000.0
Fin_fl_rl_scaffold_1,pure_rl,fl_rl_scaffold,8399842.18560911,5000000.0,8399842.185607724,3399842.185607724,0.0,0.0,6.0,0.0,2203,2203,95,0.04312301407172038,76608046.26431301,198481.982463716,0.0025908764436951394,0.0396963964927432,0,4254,436570,low_default,5000000.0
Fin_fl_rl_scaffold_2,pure_rl,fl_rl_scaffold,8964557.24775732,5000000.0,8964557.247754188,3964557.2477541883,0.0,0.0,6.0,0.0,2809,2809,143,0.050907796368814526,98544045.08346257,280765.2165167097,0.0028491342757333907,0.05615304330334194,0,4254,436570,low_default,5000000.0
Fin_fl_rl_scaffold_3,pure_rl,fl_rl_scaffold,10964174.303689655,5000000.0,10964174.303684533,5964174.303684533,0.0,0.0,8.0,0.0,3268,3268,35,0.010709914320685434,114970429.11644141,74444.36814705463,0.0006475088309156243,0.014888873629410927,0,4254,436570,low_default,5000000.0
Fin_fl_rl_visitweighted_1,pure_rl,fl_rl_visitweighted,10047789.40743275,5000000.0,10047789.407433404,5047789.407433404,0.0,0.0,9.0,0.0,3301,3301,80,0.024235080278703424,114674005.6869082,171737.3114413811,0.0014976132595408897,0.034347462288276225,0,4255,436570,low_default,5000000.0
Fin_fl_rl_visitweighted_2,pure_rl,fl_rl_visitweighted,8586642.476574657,5000000.0,8586642.476577006,3586642.4765770063,0.0,0.0,6.0,0.0,2473,2473,114,0.046097856854023456,86058961.38735019,213428.37931017237,0.0024800250417796026,0.04268567586203447,0,4255,436570,low_default,5000000.0
Fin_fl_rl_visitweighted_3,pure_rl,fl_rl_visitweighted,10926844.536786916,5000000.0,10926844.536779089,5926844.536779089,0.0,0.0,18.0,0.0,3222,3222,30,0.00931098696461825,113268748.47056799,62603.09488691612,0.0005526952114526369,0.012520618977383224,0,4255,436570,low_default,5000000.0
Fin_fl_rl_1,pure_rl,fl_rl,9746526.879388377,5000000.0,9746526.879389152,4746526.879389152,0.0,0.0,6.0,0.0,2939,2939,91,0.030962912555290916,103377741.16562493,194649.61771625216,0.0018828967969458485,0.038929923543250436,0,4267,831197,low_default,5000000.0
Fin_fl_rl_2,pure_rl,fl_rl,7946904.290242076,5000000.0,7946904.290241969,2946904.290241969,0.0,0.0,8.0,0.0,1742,1742,132,0.07577497129735936,60077359.922891945,251666.79113789948,0.004189045448416985,0.050333358227579894,0,4267,831197,low_default,5000000.0
Fin_fl_rl_3,pure_rl,fl_rl,11131737.980681615,5000000.0,11131737.98068292,6131737.980682921,0.0,0.0,8.0,0.0,3165,3165,50,0.01579778830963665,110354175.9388263,101852.34394605507,0.0009229586744638995,0.020370468789211015,0,4267,831197,low_default,5000000.0
Fin_fl_rl_prox_1,pure_rl,fl_rl_prox,9909229.266051302,5000000.0,9909229.266053006,4909229.266053006,0.0,0.0,6.0,0.0,2617,2617,97,0.037065341994650364,91949347.70808417,203018.98444784468,0.0022079437158421004,0.04060379688956894,0,4268,831197,low_default,5000000.0
Fin_fl_rl_prox_2,pure_rl,fl_rl_prox,6613625.3416829035,5000000.0,6613625.341681357,1613625.3416813565,0.0,0.0,6.0,0.0,1029,1029,110,0.10689990281827016,36352487.57899457,213155.6540729919,0.005863578210701566,0.04263113081459838,0,4268,831197,low_default,5000000.0
Fin_fl_rl_prox_3,pure_rl,fl_rl_prox,13277540.158388315,5000000.0,13277540.158384044,8277540.158384044,0.0,0.0,7.0,0.0,4173,4173,67,0.016055595494847832,145678749.89248982,137695.32179165466,0.0009451984032899315,0.027539064358330933,0,4268,831197,low_default,5000000.0
Fin_fl_rl_scaffold_1,pure_rl,fl_rl_scaffold,8615342.842285134,5000000.0,8615342.842285061,3615342.8422850613,0.0,0.0,7.0,0.0,2376,2376,92,0.03872053872053872,83579412.93478332,192881.76984904922,0.002307766507041083,0.038576353969809844,0,4235,831197,low_default,5000000.0
Fin_fl_rl_scaffold_2,pure_rl,fl_rl_scaffold,7571315.793644176,5000000.0,7571315.793646402,2571315.7936464017,0.0,0.0,7.0,0.0,1674,1674,161,0.0961768219832736,58124405.57197988,302464.2957381523,0.005203740025583362,0.06049285914763046,0,4235,831197,low_default,5000000.0
Fin_fl_rl_scaffold_3,pure_rl,fl_rl_scaffold,12637995.402583335,5000000.0,12637995.402583184,7637995.402583184,0.0,0.0,9.0,0.0,4053,4053,66,0.01628423390081421,141375846.95329142,131585.60000814497,0.0009307502154283752,0.026317120001628995,0,4235,831197,low_default,5000000.0
Fin_fl_rl_visitweighted_1,pure_rl,fl_rl_visitweighted,8323382.149522803,5000000.0,8323382.1495219795,3323382.1495219795,0.0,0.0,17.0,0.0,2116,2116,52,0.024574669187145556,74318162.88346502,119026.511990783,0.001601580385906782,0.0238053023981566,0,4254,831197,low_default,5000000.0
Fin_fl_rl_visitweighted_2,pure_rl,fl_rl_visitweighted,7627227.412621514,5000000.0,7627227.412624374,2627227.412624374,0.0,0.0,14.0,0.0,1680,1680,98,0.058333333333333334,58347618.03784123,191680.7407178488,0.00328515108523427,0.03833614814356976,0,4254,831197,low_default,5000000.0
Fin_fl_rl_visitweighted_3,pure_rl,fl_rl_visitweighted,13687473.402518252,5000000.0,13687473.402517283,8687473.402517283,0.0,0.0,9.0,0.0,4679,4679,52,0.011113485787561444,164135405.4720058,108125.19374897894,0.000658756064470321,0.021625038749795787,0,4254,831197,low_default,5000000.0
Fin_fl_rl_1,pure_rl,fl_rl,8864105.77391542,5000000.0,8864105.773913937,3864105.7739139367,0.0,0.0,6.0,0.0,2343,2343,120,0.05121638924455826,81995888.51238863,290503.61767862237,0.0035429046864310838,0.05810072353572447,0,4255,709098,medium_default,5000000.0
Fin_fl_rl_2,pure_rl,fl_rl,7787112.308771606,5000000.0,7787112.308770846,2787112.3087708456,0.0,0.0,7.0,0.0,1800,1800,197,0.10944444444444444,63262130.637842044,415294.0562726677,0.006564654906267855,0.08305881125453354,0,4255,709098,medium_default,5000000.0
Fin_fl_rl_3,pure_rl,fl_rl,12123388.059733286,5000000.0,12123388.059731694,7123388.059731694,0.0,0.0,18.0,0.0,3927,3927,81,0.020626432391138275,137371182.86671677,184470.32238312994,0.0013428604058983078,0.036894064476625986,0,4255,709098,medium_default,5000000.0
Fin_fl_rl_prox_1,pure_rl,fl_rl_prox,10528152.85893952,5000000.0,10528152.858940233,5528152.858940233,0.0,0.0,8.0,0.0,3071,3071,123,0.04005210029306415,108138004.41813955,308975.2289145226,0.0028572307263947786,0.061795045782904526,0,4243,709098,medium_default,5000000.0
Fin_fl_rl_prox_2,pure_rl,fl_rl_prox,8440926.486048596,5000000.0,8440926.486049652,3440926.486049652,0.0,0.0,11.0,0.0,1900,1900,182,0.09578947368421052,66262789.076842405,394601.40717289876,0.00595509806741299,0.07892028143457976,0,4243,709098,medium_default,5000000.0
Fin_fl_rl_prox_3,pure_rl,fl_rl_prox,7086746.550133835,5000000.0,7086746.550133943,2086746.5501339426,0.0,0.0,23.0,0.0,1347,1347,63,0.0467706013363029,47446023.290862545,152158.77634603996,0.0032069869251896534,0.03043175526920799,0,4243,709098,medium_default,5000000.0
Fin_fl_rl_scaffold_1,pure_rl,fl_rl_scaffold,10157874.8441304,5000000.0,10157874.844129112,5157874.844129112,0.0,0.0,7.0,0.0,2990,2990,148,0.049498327759197325,105012122.1200295,355374.5300543625,0.0033841286403884616,0.0710749060108725,0,4250,709098,medium_default,5000000.0
Fin_fl_rl_scaffold_2,pure_rl,fl_rl_scaffold,8146646.921743191,5000000.0,8146646.921743672,3146646.9217436723,0.0,0.0,30.0,0.0,1921,1921,158,0.08224882873503384,67469309.82369226,328680.2908821068,0.004871552587998888,0.06573605817642136,0,4250,709098,medium_default,5000000.0
Fin_fl_rl_scaffold_3,pure_rl,fl_rl_scaffold,8993669.221282091,5000000.0,8993669.221288491,3993669.221288491,0.0,0.0,10.0,0.0,2171,2171,49,0.022570244127130355,76299649.1685708,104967.9117201046,0.0013757325605547185,0.02099358234402092,0,4250,709098,medium_default,5000000.0
Fin_fl_rl_visitweighted_1,pure_rl,fl_rl_visitweighted,6965258.485260999,5000000.0,6965258.485262466,1965258.4852624657,0.0,0.0,25.0,0.0,1272,1272,94,0.07389937106918239,44427997.05994985,232292.15639567698,0.005228508412887231,0.0464584312791354,0,4253,709098,medium_default,5000000.0
Fin_fl_rl_visitweighted_2,pure_rl,fl_rl_visitweighted,7949555.215170409,5000000.0,7949555.215166375,2949555.215166375,0.0,0.0,22.0,0.0,2003,2003,131,0.0654018971542686,69264349.79199469,290623.08802763704,0.004195853839679386,0.05812461760552741,0,4253,709098,medium_default,5000000.0
Fin_fl_rl_visitweighted_3,pure_rl,fl_rl_visitweighted,10369592.315962607,5000000.0,10369592.315967266,5369592.3159672655,0.0,0.0,23.0,0.0,3021,3021,66,0.021847070506454815,105485414.11194217,144908.08025537347,0.0013737262300700225,0.028981616051074695,0,4253,709098,medium_default,5000000.0
Fin_fl_rl_1,pure_rl,fl_rl,7721108.31418684,5000000.0,7721108.314187843,2721108.3141878434,0.0,0.0,11.0,0.0,1546,1546,93,0.06015523932729625,53950430.49045073,256457.1683665182,0.00475357037997892,0.05129143367330364,0,4252,436570,medium_default,5000000.0
Fin_fl_rl_2,pure_rl,fl_rl,9074488.250900429,5000000.0,9074488.250904337,4074488.2509043366,0.0,0.0,9.0,0.0,2405,2405,157,0.06528066528066528,83797694.1104889,368582.80447179545,0.004398483853097578,0.07371656089435909,0,4252,436570,medium_default,5000000.0
Fin_fl_rl_3,pure_rl,fl_rl,10154556.332937479,5000000.0,10154556.332937632,5154556.332937632,0.0,0.0,15.0,0.0,3207,3207,125,0.03897723729342064,112074728.83460607,316088.8627673695,0.002820340196707829,0.0632177725534739,0,4252,436570,medium_default,5000000.0
Fin_fl_rl_prox_1,pure_rl,fl_rl_prox,6789530.673414625,5000000.0,6789530.673416401,1789530.6734164013,0.0,0.0,11.0,0.0,1387,1387,90,0.06488824801730353,48536184.20227564,246677.22565004198,0.005082336605242989,0.0493354451300084,0,4246,436570,medium_default,5000000.0
Fin_fl_rl_prox_2,pure_rl,fl_rl_prox,6378383.402715023,5000000.0,6378383.402714226,1378383.4027142264,0.0,0.0,11.0,0.0,957,957,127,0.13270637408568442,33596715.34981431,314343.9778006135,0.009356390186588608,0.0628687955601227,0,4246,436570,medium_default,5000000.0
Fin_fl_rl_prox_3,pure_rl,fl_rl_prox,13440944.149329998,5000000.0,13440944.14933197,8440944.14933197,0.0,0.0,11.0,0.0,5266,5266,103,0.019559437903532092,185154038.55187204,253587.90003947914,0.0013696050165734567,0.05071758000789583,0,4246,436570,medium_default,5000000.0
Fin_fl_rl_scaffold_1,pure_rl,fl_rl_scaffold,7198272.558918878,5000000.0,7198272.558919509,2198272.558919509,0.0,0.0,9.0,0.0,1415,1415,88,0.06219081272084806,49419699.02136369,249413.73669430127,0.005046848557019377,0.04988274733886026,0,4242,436570,medium_default,5000000.0
Fin_fl_rl_scaffold_2,pure_rl,fl_rl_scaffold,8598307.108560054,5000000.0,8598307.108559385,3598307.108559385,0.0,0.0,9.0,0.0,2341,2341,175,0.074754378470739,81470474.48543231,431229.53769765823,0.00529307752804074,0.08624590753953165,0,4242,436570,medium_default,5000000.0
Fin_fl_rl_scaffold_3,pure_rl,fl_rl_scaffold,10084101.737632783,5000000.0,10084101.737633023,5084101.737633023,0.0,0.0,12.0,0.0,2880,2880,82,0.02847222222222222,100558850.55980316,206183.94545421185,0.002050380889463256,0.04123678909084237,0,4242,436570,medium_default,5000000.0
Fin_fl_rl_visitweighted_1,pure_rl,fl_rl_visitweighted,6703526.295459615,5000000.0,6703526.2954597445,1703526.2954597445,0.0,0.0,8.0,0.0,1180,1180,97,0.08220338983050847,41604917.668859266,273513.7554593294,0.00657407274871381,0.054702751091865884,0,4255,436570,medium_default,5000000.0
Fin_fl_rl_visitweighted_2,pure_rl,fl_rl_visitweighted,7809070.593591565,5000000.0,7809070.593594793,2809070.593594793,0.0,0.0,12.0,0.0,1972,1972,151,0.07657200811359026,68969684.6205196,350700.3015227487,0.005084847110036077,0.07014006030454975,0,4255,436570,medium_default,5000000.0
Fin_fl_rl_visitweighted_3,pure_rl,fl_rl_visitweighted,12766527.833214313,5000000.0,12766527.833215918,7766527.833215918,0.0,0.0,15.0,0.0,4681,4681,65,0.013885921811578723,163222737.2053126,158505.4650326154,0.0009710991724960262,0.03170109300652308,0,4255,436570,medium_default,5000000.0
Fin_fl_rl_1,pure_rl,fl_rl,5846745.207792022,5000000.0,5846745.207791497,846745.207791497,0.0,0.0,22.0,0.0,638,638,77,0.1206896551724138,22841256.374510333,192501.60091326066,0.008427802646096234,0.038500320182652134,0,4240,831197,medium_default,5000000.0
Fin_fl_rl_2,pure_rl,fl_rl,7600559.842483587,5000000.0,7600559.842486209,2600559.8424862092,0.0,0.0,7.0,0.0,1538,1538,108,0.07022106631989597,53474121.054467164,244661.91989520311,0.004575333171834609,0.04893238397904062,0,4240,831197,medium_default,5000000.0
Fin_fl_rl_3,pure_rl,fl_rl,13188565.557020787,5000000.0,13188565.557020314,8188565.557020314,0.0,0.0,6.0,0.0,4100,4100,89,0.02170731707317073,143597425.86184964,187661.3394959531,0.001306857266901817,0.037532267899190626,0,4240,831197,medium_default,5000000.0
Fin_fl_rl_prox_1,pure_rl,fl_rl_prox,6850101.725559212,5000000.0,6850101.725559269,1850101.725559269,0.0,0.0,19.0,0.0,1095,1095,87,0.07945205479452055,38621957.26009338,218779.38237403872,0.005664637369377839,0.04375587647480774,0,4265,831197,medium_default,5000000.0
Fin_fl_rl_prox_2,pure_rl,fl_rl_prox,8380445.114285132,5000000.0,8380445.11428568,3380445.1142856805,0.0,0.0,7.0,0.0,1795,1795,116,0.06462395543175488,62932877.64423077,256741.13607816893,0.004079602676514588,0.051348227215633785,0,4265,831197,medium_default,5000000.0
Fin_fl_rl_prox_3,pure_rl,fl_rl_prox,11181065.599064829,5000000.0,11181065.599067075,6181065.599067075,0.0,0.0,7.0,0.0,3275,3275,79,0.024122137404580152,113789872.41016276,172480.32781392348,0.0015157792531149633,0.03449606556278469,0,4265,831197,medium_default,5000000.0
Fin_fl_rl_scaffold_1,pure_rl,fl_rl_scaffold,7690120.354358017,5000000.0,7690120.354357909,2690120.3543579094,0.0,0.0,15.0,0.0,1510,1510,115,0.076158940397351,53164326.30847556,285958.9694312582,0.0053787753797920335,0.057191793886251646,0,4264,831197,medium_default,5000000.0
Fin_fl_rl_scaffold_2,pure_rl,fl_rl_scaffold,8755878.602222962,5000000.0,8755878.602226546,3755878.602226546,0.0,0.0,6.0,0.0,2013,2013,140,0.06954793840039741,70954025.54579806,321922.5158725444,0.004537057811677731,0.06438450317450888,0,4264,831197,medium_default,5000000.0
Fin_fl_rl_scaffold_3,pure_rl,fl_rl_scaffold,12459937.848602213,5000000.0,12459937.84860129,7459937.848601289,0.0,0.0,6.0,0.0,3658,3658,89,0.02433023510114817,127914272.55503337,203520.94154235788,0.0015910729700221355,0.04070418830847158,0,4264,831197,medium_default,5000000.0
Fin_fl_rl_visitweighted_1,pure_rl,fl_rl_visitweighted,9202322.034388242,5000000.0,9202322.034387864,4202322.034387864,0.0,0.0,6.0,0.0,2204,2204,119,0.053992740471869326,77403975.90990454,294214.82225948997,0.0038010298411795475,0.058842964451897996,0,4282,831197,medium_default,5000000.0
Fin_fl_rl_visitweighted_2,pure_rl,fl_rl_visitweighted,8246309.45450583,5000000.0,8246309.45450821,3246309.4545082096,0.0,0.0,12.0,0.0,1706,1706,118,0.06916764361078546,59872635.97506283,278937.88502444845,0.004658854257571473,0.05578757700488969,0,4282,831197,medium_default,5000000.0
Fin_fl_rl_visitweighted_3,pure_rl,fl_rl_visitweighted,11323082.26100646,5000000.0,11323082.261002667,6323082.261002667,0.0,0.0,9.0,0.0,3183,3183,92,0.028903550109959156,111282398.92945957,207634.65975979302,0.0018658355836794088,0.041526931951958605,0,4282,831197,medium_default,5000000.0
Fin_fl_rl_1,pure_rl,fl_rl,6474949.084445423,5000000.0,6474949.0844466565,1474949.0844466565,0.0,0.0,24.0,0.0,1246,1246,147,0.11797752808988764,43886066.75576388,490354.9436052621,0.011173362751649648,0.09807098872105242,0,4261,709098,high_default,5000000.0
Fin_fl_rl_2,pure_rl,fl_rl,7470587.229427562,5000000.0,7470587.229427908,2470587.2294279076,0.0,0.0,11.0,0.0,1921,1921,235,0.12233211868818324,66943486.98454726,651559.778439379,0.009732982367497233,0.1303119556878758,0,4261,709098,high_default,5000000.0
Fin_fl_rl_3,pure_rl,fl_rl,11073600.480498808,5000000.0,11073600.480499728,6073600.480499728,0.0,0.0,7.0,0.0,3727,3727,102,0.027367856184598874,129741293.89769,307600.9775114632,0.00237087952702266,0.061520195502292645,0,4261,709098,high_default,5000000.0
Fin_fl_rl_prox_1,pure_rl,fl_rl_prox,6314311.843406928,5000000.0,6314311.843406793,1314311.8434067927,0.0,0.0,12.0,0.0,1034,1034,140,0.13539651837524178,36204592.8957965,454103.07680948195,0.01254269252844451,0.0908206153618964,0,4256,709098,high_default,5000000.0
Fin_fl_rl_prox_2,pure_rl,fl_rl_prox,8392505.654785514,5000000.0,8392505.6547857,3392505.6547857,0.0,0.0,9.0,0.0,2401,2401,238,0.09912536443148688,83929344.9759328,630448.1041725052,0.0075116528593579465,0.12608962083450104,0,4256,709098,high_default,5000000.0
Fin_fl_rl_prox_3,pure_rl,fl_rl_prox,10104964.385108596,5000000.0,10104964.385113139,5104964.385113139,0.0,0.0,7.0,0.0,3238,3238,97,0.029956763434218655,113446452.46583782,282433.08011690865,0.0024895717228527515,0.05648661602338173,0,4256,709098,high_default,5000000.0
Fin_fl_rl_scaffold_1,pure_rl,fl_rl_scaffold,8402895.008220982,5000000.0,8402895.0082205,3402895.0082204994,0.0,0.0,10.0,0.0,2163,2163,157,0.07258437355524734,75783658.39422327,526454.6091864121,0.006946809118765661,0.10529092183728242,0,4251,709098,high_default,5000000.0
Fin_fl_rl_scaffold_2,pure_rl,fl_rl_scaffold,7128411.658785243,5000000.0,7128411.658786449,2128411.6587864487,0.0,0.0,12.0,0.0,1527,1527,213,0.13948919449901767,53811499.96155803,561986.6293216655,0.010443615764718297,0.1123973258643331,0,4251,709098,high_default,5000000.0
Fin_fl_rl_scaffold_3,pure_rl,fl_rl_scaffold,10087225.715766307,5000000.0,10087225.71576568,5087225.715765679,0.0,0.0,16.0,0.0,2910,2910,100,0.03436426116838488,101717855.37934834,287878.02601405827,0.0028301621671086258,0.05757560520281165,0,4251,709098,high_default,5000000.0
Fin_fl_rl_visitweighted_1,pure_rl,fl_rl_visitweighted,9121385.433319267,5000000.0,9121385.433319967,4121385.4333199672,0.0,0.0,10.0,0.0,2689,2689,197,0.07326143547787281,94647911.65449946,658539.6290847763,0.006957782982985342,0.13170792581695526,0,4255,709098,high_default,5000000.0
Fin_fl_rl_visitweighted_2,pure_rl,fl_rl_visitweighted,5249475.130231349,5000000.0,5249475.130231423,249475.1302314233,0.0,0.0,28.0,0.0,425,425,138,0.3247058823529412,14805233.151572054,351135.02106750273,0.02371695315248841,0.07022700421350055,0,4255,709098,high_default,5000000.0
Fin_fl_rl_visitweighted_3,pure_rl,fl_rl_visitweighted,11380395.321418155,5000000.0,11380395.321418786,6380395.321418786,0.0,0.0,14.0,0.0,3431,3431,103,0.03002040221509764,120342012.25616112,309370.9525888725,0.0025707643306673534,0.061874190517774506,0,4255,709098,high_default,5000000.0
Fin_fl_rl_1,pure_rl,fl_rl,7325285.683102854,5000000.0,7325285.683103663,2325285.683103663,0.0,0.0,23.0,0.0,1908,1908,179,0.09381551362683438,66342814.800811514,583048.2134377556,0.008788415372309823,0.11660964268755111,0,4261,436570,high_default,5000000.0
Fin_fl_rl_2,pure_rl,fl_rl,7340449.574259521,5000000.0,7340449.574257694,2340449.574257694,0.0,0.0,20.0,0.0,1721,1721,257,0.1493317838466008,60687337.113571815,662894.4904533327,0.010923110519955344,0.13257889809066653,0,4261,436570,high_default,5000000.0
Fin_fl_rl_3,pure_rl,fl_rl,9360234.8313398,5000000.0,9360234.83133778,4360234.83133778,0.0,0.0,7.0,0.0,2791,2791,67,0.024005732712289504,97253415.93268928,190381.6594008024,0.001957583264042558,0.03807633188016048,0,4261,436570,high_default,5000000.0
Fin_fl_rl_prox_1,pure_rl,fl_rl_prox,7069835.550752049,5000000.0,7069835.550755961,2069835.5507559609,0.0,0.0,8.0,0.0,1663,1663,159,0.09561034275405893,58270063.41542793,522149.56007428264,0.008960854501765227,0.10442991201485653,0,4251,436570,high_default,5000000.0
Fin_fl_rl_prox_2,pure_rl,fl_rl_prox,7682351.053185833,5000000.0,7682351.053188173,2682351.053188173,0.0,0.0,8.0,0.0,2155,2155,270,0.12529002320185614,75137856.40746818,680305.7238360802,0.009054100773740765,0.13606114476721604,0,4251,436570,high_default,5000000.0
Fin_fl_rl_prox_3,pure_rl,fl_rl_prox,9099694.68053826,5000000.0,9099694.68053935,4099694.680539349,0.0,0.0,26.0,0.0,2298,2298,63,0.02741514360313316,80398234.89274132,192017.4035831419,0.0023883285975035504,0.03840348071662838,0,4251,436570,high_default,5000000.0
Fin_fl_rl_scaffold_1,pure_rl,fl_rl_scaffold,7651735.461026306,5000000.0,7651735.461027358,2651735.4610273577,0.0,0.0,21.0,0.0,1914,1914,165,0.08620689655172414,66252476.73655911,534419.2423072606,0.008066403984145095,0.10688384846145213,0,4249,436570,high_default,5000000.0
Fin_fl_rl_scaffold_2,pure_rl,fl_rl_scaffold,7332178.815809733,5000000.0,7332178.8158114925,2332178.8158114925,0.0,0.0,30.0,0.0,1966,1966,265,0.1347914547304171,68902108.86054708,678212.3080806916,0.009843128451312638,0.13564246161613833,0,4249,436570,high_default,5000000.0
Fin_fl_rl_scaffold_3,pure_rl,fl_rl_scaffold,9108211.438641852,5000000.0,9108211.438644411,4108211.438644411,0.0,0.0,29.0,0.0,2483,2483,53,0.02134514699959726,87375057.00479895,156338.19246297458,0.00178927714409832,0.03126763849259492,0,4249,436570,high_default,5000000.0
Fin_fl_rl_visitweighted_1,pure_rl,fl_rl_visitweighted,8678684.04667523,5000000.0,8678684.046678895,3678684.046678895,0.0,0.0,20.0,0.0,2501,2501,152,0.060775689724110356,87507380.77393627,491429.0865978268,0.005615858711019688,0.09828581731956536,0,4266,436570,high_default,5000000.0
Fin_fl_rl_visitweighted_2,pure_rl,fl_rl_visitweighted,7542813.630769305,5000000.0,7542813.630769658,2542813.630769658,0.0,0.0,20.0,0.0,1899,1899,264,0.13902053712480253,67061405.05390713,691512.0046758996,0.01031162416176681,0.13830240093517993,0,4266,436570,high_default,5000000.0
Fin_fl_rl_visitweighted_3,pure_rl,fl_rl_visitweighted,8416542.67182295,5000000.0,8416542.671823101,3416542.671823101,0.0,0.0,22.0,0.0,1717,1717,39,0.022714036109493303,59776226.61710164,105943.64331182283,0.0017723374208688,0.021188728662364566,0,4266,436570,high_default,5000000.0
Fin_fl_rl_1,pure_rl,fl_rl,5093213.6892112205,5000000.0,5093213.689211114,93213.68921111431,0.0,0.0,24.0,0.0,250,250,83,0.332,8747759.265406702,268307.00728042977,0.0306715124570767,0.05366140145608595,0,4251,831197,high_default,5000000.0
Fin_fl_rl_2,pure_rl,fl_rl,8463560.143661365,5000000.0,8463560.143659102,3463560.143659102,0.0,0.0,17.0,0.0,2379,2379,216,0.09079445145018916,82878044.39897352,561377.9992078121,0.006773543020698556,0.11227559984156242,0,4251,831197,high_default,5000000.0
Fin_fl_rl_3,pure_rl,fl_rl,11795900.264251642,5000000.0,11795900.264246589,6795900.264246589,0.0,0.0,10.0,0.0,3789,3789,93,0.02454473475851148,133459044.70547411,269081.20267751784,0.0020162080679607987,0.053816240535503566,0,4251,831197,high_default,5000000.0
Fin_fl_rl_prox_1,pure_rl,fl_rl_prox,5071160.663646433,5000000.0,5071160.663646568,71160.66364656761,0.0,0.0,24.0,0.0,240,240,83,0.3458333333333333,8320517.9654330965,268784.84687146184,0.032303859926522155,0.05375696937429237,0,4261,831197,high_default,5000000.0
Fin_fl_rl_prox_2,pure_rl,fl_rl_prox,9321195.068416424,5000000.0,9321195.068417698,4321195.068417698,0.0,0.0,16.0,0.0,2695,2695,213,0.0790352504638219,94476314.06482917,569043.2348246791,0.006023131199151191,0.11380864696493583,0,4261,831197,high_default,5000000.0
Fin_fl_rl_prox_3,pure_rl,fl_rl_prox,10849868.643601047,5000000.0,10849868.643605825,5849868.643605825,0.0,0.0,17.0,0.0,2953,2953,87,0.02946156451066712,103347810.72169806,249697.02042615358,0.002416084275830037,0.04993940408523072,0,4261,831197,high_default,5000000.0
Fin_fl_rl_scaffold_1,pure_rl,fl_rl_scaffold,7318805.032053675,5000000.0,7318805.032049669,2318805.032049669,0.0,0.0,16.0,0.0,1574,1574,124,0.07878017789072427,55261457.92529689,422089.8735027076,0.007638051715416083,0.08441797470054152,0,4265,831197,high_default,5000000.0
Fin_fl_rl_scaffold_2,pure_rl,fl_rl_scaffold,7879903.813918177,5000000.0,7879903.813919914,2879903.813919914,0.0,0.0,15.0,0.0,2101,2101,227,0.10804378867206092,73188346.18022743,590253.2596204291,0.008064853086950775,0.11805065192408583,0,4265,831197,high_default,5000000.0
Fin_fl_rl_scaffold_3,pure_rl,fl_rl_scaffold,9646103.67285839,5000000.0,9646103.672858432,4646103.672858432,0.0,0.0,13.0,0.0,2743,2743,94,0.03426904848705797,96040295.60386495,270992.42525802844,0.0028216533857390886,0.05419848505160569,0,4265,831197,high_default,5000000.0
Fin_fl_rl_visitweighted_1,pure_rl,fl_rl_visitweighted,6990824.883067316,5000000.0,6990824.883066783,1990824.8830667827,0.0,0.0,15.0,0.0,1225,1225,109,0.08897959183673469,42589009.60697705,368977.1058266073,0.008663669553052027,0.07379542116532146,0,4295,831197,high_default,5000000.0
Fin_fl_rl_visitweighted_2,pure_rl,fl_rl_visitweighted,8320564.764305999,5000000.0,8320564.764306804,3320564.764306804,0.0,0.0,10.0,0.0,2073,2073,233,0.11239749155812831,72164098.54891154,584987.7460252887,0.00810635423691733,0.11699754920505774,0,4295,831197,high_default,5000000.0
Fin_fl_rl_visitweighted_3,pure_rl,fl_rl_visitweighted,11200253.585528167,5000000.0,11200253.585528761,6200253.585528761,0.0,0.0,7.0,0.0,3320,3320,97,0.029216867469879518,115973081.07739446,286220.95333028276,0.0024679947335302203,0.05724419066605655,0,4295,831197,high_default,5000000.0
Fin_fl_rl_1,pure_rl,fl_rl,11938473.003489107,10000000.0,11938473.003486278,1938473.0034862775,0.0,0.0,16.0,0.0,1655,1655,0,0.0,57879988.806136854,0.0,0.0,0.0,0,4261,709098,none_default,10000000.0
Fin_fl_rl_2,pure_rl,fl_rl,13246529.985383704,10000000.0,13246529.98538939,3246529.985389389,0.0,0.0,6.0,0.0,2446,2446,0,0.0,86232862.80879813,0.0,0.0,0.0,0,4261,709098,none_default,10000000.0
Fin_fl_rl_3,pure_rl,fl_rl,18618560.426709346,10000000.0,18618560.426705904,8618560.426705904,0.0,0.0,6.0,0.0,6279,6279,0,0.0,219174043.54788828,0.0,0.0,0.0,0,4261,709098,none_default,10000000.0
Fin_fl_rl_prox_1,pure_rl,fl_rl_prox,13247649.747810576,10000000.0,13247649.747813204,3247649.7478132043,0.0,0.0,10.0,0.0,2694,2694,0,0.0,94862681.7294615,0.0,0.0,0.0,0,4256,709098,none_default,10000000.0
Fin_fl_rl_prox_2,pure_rl,fl_rl_prox,14187300.799230345,10000000.0,14187300.799229644,4187300.7992296442,0.0,0.0,13.0,0.0,3120,3120,0,0.0,109192593.596415,0.0,0.0,0.0,0,4256,709098,none_default,10000000.0
Fin_fl_rl_prox_3,pure_rl,fl_rl_prox,16311736.170049997,10000000.0,16311736.170051185,6311736.170051185,0.0,0.0,21.0,0.0,4588,4588,0,0.0,160953727.02493486,0.0,0.0,0.0,0,4256,709098,none_default,10000000.0
Fin_fl_rl_scaffold_1,pure_rl,fl_rl_scaffold,10395973.887706444,10000000.0,10395973.887706833,395973.88770683296,0.0,0.0,17.0,0.0,369,369,0,0.0,12770925.461534418,0.0,0.0,0.0,0,4252,709098,none_default,10000000.0
Fin_fl_rl_scaffold_2,pure_rl,fl_rl_scaffold,14350522.587953055,10000000.0,14350522.58795618,4350522.587956181,0.0,0.0,14.0,0.0,4032,4032,0,0.0,140636145.8003781,0.0,0.0,0.0,0,4252,709098,none_default,10000000.0
Fin_fl_rl_scaffold_3,pure_rl,fl_rl_scaffold,16287255.606980508,10000000.0,16287255.60698299,6287255.606982989,0.0,0.0,9.0,0.0,5938,5938,0,0.0,208458188.0760562,0.0,0.0,0.0,0,4252,709098,none_default,10000000.0
Fin_fl_rl_visitweighted_1,pure_rl,fl_rl_visitweighted,13941285.68238556,10000000.0,13941285.682383085,3941285.6823830847,0.0,0.0,9.0,0.0,2948,2948,0,0.0,102135270.62866169,0.0,0.0,0.0,0,4264,709098,none_default,10000000.0
Fin_fl_rl_visitweighted_2,pure_rl,fl_rl_visitweighted,15238678.690329853,10000000.0,15238678.690324653,5238678.690324653,0.0,0.0,9.0,0.0,3969,3969,0,0.0,139559566.56805468,0.0,0.0,0.0,0,4264,709098,none_default,10000000.0
Fin_fl_rl_visitweighted_3,pure_rl,fl_rl_visitweighted,14538137.887477022,10000000.0,14538137.887471925,4538137.8874719255,0.0,0.0,15.0,0.0,3446,3446,0,0.0,120502283.2114824,0.0,0.0,0.0,0,4264,709098,none_default,10000000.0
Fin_fl_rl_1,pure_rl,fl_rl,18150543.646376666,10000000.0,18150543.646385472,8150543.646385472,0.0,0.0,19.0,0.0,5710,5710,0,0.0,200192592.24391955,0.0,0.0,0.0,0,4263,436570,none_default,10000000.0
Fin_fl_rl_2,pure_rl,fl_rl,11778084.425971456,10000000.0,11778084.425971003,1778084.4259710032,0.0,0.0,21.0,0.0,1569,1569,0,0.0,54637518.197664626,0.0,0.0,0.0,0,4263,436570,none_default,10000000.0
Fin_fl_rl_3,pure_rl,fl_rl,14374409.243753633,10000000.0,14374409.243749993,4374409.243749993,0.0,0.0,22.0,0.0,3113,3113,0,0.0,109162830.64465518,0.0,0.0,0.0,0,4263,436570,none_default,10000000.0
Fin_fl_rl_prox_1,pure_rl,fl_rl_prox,12798870.288293097,10000000.0,12798870.288298678,2798870.2882986777,0.0,0.0,19.0,0.0,2169,2169,0,0.0,75683092.86714491,0.0,0.0,0.0,0,4248,436570,none_default,10000000.0
Fin_fl_rl_prox_2,pure_rl,fl_rl_prox,18324274.253621127,10000000.0,18324274.253618024,8324274.253618024,0.0,0.0,6.0,0.0,6403,6403,0,0.0,223901145.60436356,0.0,0.0,0.0,0,4248,436570,none_default,10000000.0
Fin_fl_rl_prox_3,pure_rl,fl_rl_prox,11638986.933307912,10000000.0,11638986.933310123,1638986.9333101232,0.0,0.0,22.0,0.0,1754,1754,0,0.0,61131729.53220406,0.0,0.0,0.0,0,4248,436570,none_default,10000000.0
Fin_fl_rl_scaffold_1,pure_rl,fl_rl_scaffold,15182673.458089544,10000000.0,15182673.458090436,5182673.458090436,0.0,0.0,9.0,0.0,3911,3911,0,0.0,136436347.1394068,0.0,0.0,0.0,0,4259,436570,none_default,10000000.0
Fin_fl_rl_scaffold_2,pure_rl,fl_rl_scaffold,11327447.952359267,10000000.0,11327447.952360319,1327447.952360319,0.0,0.0,16.0,0.0,1321,1321,0,0.0,46308027.04132426,0.0,0.0,0.0,0,4259,436570,none_default,10000000.0
Fin_fl_rl_scaffold_3,pure_rl,fl_rl_scaffold,15900670.566298977,10000000.0,15900670.566299539,5900670.566299539,0.0,0.0,22.0,0.0,5151,5151,0,0.0,180905227.8268675,0.0,0.0,0.0,0,4259,436570,none_default,10000000.0
Fin_fl_rl_visitweighted_1,pure_rl,fl_rl_visitweighted,13023051.257743817,10000000.0,13023051.257742854,3023051.257742854,0.0,0.0,14.0,0.0,2314,2314,0,0.0,80738888.72109057,0.0,0.0,0.0,0,4250,436570,none_default,10000000.0
Fin_fl_rl_visitweighted_2,pure_rl,fl_rl_visitweighted,21500341.989463158,10000000.0,21500341.989469603,11500341.989469603,0.0,0.0,11.0,0.0,7648,7648,0,0.0,267621595.15033263,0.0,0.0,0.0,0,4250,436570,none_default,10000000.0
Fin_fl_rl_visitweighted_3,pure_rl,fl_rl_visitweighted,10368605.220548047,10000000.0,10368605.220547132,368605.2205471322,0.0,0.0,22.0,0.0,354,354,0,0.0,12472314.219539814,0.0,0.0,0.0,0,4250,436570,none_default,10000000.0
Fin_fl_rl_1,pure_rl,fl_rl,11135337.870636228,10000000.0,11135337.870638382,1135337.8706383817,0.0,0.0,11.0,0.0,1442,1442,0,0.0,50094861.82546449,0.0,0.0,0.0,0,4254,831197,none_default,10000000.0
Fin_fl_rl_2,pure_rl,fl_rl,14789894.521710277,10000000.0,14789894.521712366,4789894.5217123665,0.0,0.0,14.0,0.0,6393,6393,0,0.0,222984884.61052963,0.0,0.0,0.0,0,4254,831197,none_default,10000000.0
Fin_fl_rl_3,pure_rl,fl_rl,11882803.269259557,10000000.0,11882803.269261865,1882803.269261865,0.0,0.0,12.0,0.0,2554,2554,0,0.0,89121082.88357568,0.0,0.0,0.0,0,4254,831197,none_default,10000000.0
Fin_fl_rl_prox_1,pure_rl,fl_rl_prox,12292833.555030154,10000000.0,12292833.555030692,2292833.5550306924,0.0,0.0,11.0,0.0,2690,2690,0,0.0,93457031.12232214,0.0,0.0,0.0,0,4256,831197,none_default,10000000.0
Fin_fl_rl_prox_2,pure_rl,fl_rl_prox,13214098.34168825,10000000.0,13214098.341687731,3214098.3416877314,0.0,0.0,12.0,0.0,4224,4224,0,0.0,148238469.82455224,0.0,0.0,0.0,0,4256,831197,none_default,10000000.0
Fin_fl_rl_prox_3,pure_rl,fl_rl_prox,12727467.744898394,10000000.0,12727467.744898282,2727467.744898282,0.0,0.0,12.0,0.0,3470,3470,0,0.0,120883539.67456877,0.0,0.0,0.0,0,4256,831197,none_default,10000000.0
Fin_fl_rl_scaffold_1,pure_rl,fl_rl_scaffold,11077553.71732335,10000000.0,11077553.71732629,1077553.717326291,0.0,0.0,11.0,0.0,1318,1318,0,0.0,46089106.22198272,0.0,0.0,0.0,0,4250,831197,none_default,10000000.0
Fin_fl_rl_scaffold_2,pure_rl,fl_rl_scaffold,12424166.567175226,10000000.0,12424166.56717099,2424166.5671709906,0.0,0.0,14.0,0.0,3602,3602,0,0.0,126627766.64863929,0.0,0.0,0.0,0,4250,831197,none_default,10000000.0
Fin_fl_rl_scaffold_3,pure_rl,fl_rl_scaffold,14096648.856759274,10000000.0,14096648.85675614,4096648.8567561395,0.0,0.0,12.0,0.0,5468,5468,0,0.0,190931099.2915737,0.0,0.0,0.0,0,4250,831197,none_default,10000000.0
Fin_fl_rl_visitweighted_1,pure_rl,fl_rl_visitweighted,12980237.440235207,10000000.0,12980237.440229826,2980237.4402298257,0.0,0.0,6.0,0.0,2978,2978,0,0.0,103770062.78976142,0.0,0.0,0.0,0,4256,831197,none_default,10000000.0
Fin_fl_rl_visitweighted_2,pure_rl,fl_rl_visitweighted,15681248.970752982,10000000.0,15681248.970754173,5681248.970754173,0.0,0.0,14.0,0.0,5579,5579,0,0.0,195064125.7242995,0.0,0.0,0.0,0,4256,831197,none_default,10000000.0
Fin_fl_rl_visitweighted_3,pure_rl,fl_rl_visitweighted,11703564.32751352,10000000.0,11703564.327515658,1703564.327515658,0.0,0.0,12.0,0.0,1815,1815,0,0.0,63750064.38209608,0.0,0.0,0.0,0,4256,831197,none_default,10000000.0
Fin_fl_rl_1,pure_rl,fl_rl,11356461.620175457,10000000.0,11356461.620176462,1356461.6201764625,0.0,0.0,24.0,0.0,957,957,28,0.029258098223615466,33331559.785366315,73097.78692898134,0.0021930502922660627,0.007309778692898134,0,4255,709098,low_default,10000000.0
Fin_fl_rl_2,pure_rl,fl_rl,15365423.203780849,10000000.0,15365423.203777563,5365423.203777563,0.0,0.0,22.0,0.0,3134,3134,148,0.047223994894703254,109710346.41453913,253100.8845491965,0.0023069919366844223,0.02531008845491965,0,4255,709098,low_default,10000000.0
Fin_fl_rl_3,pure_rl,fl_rl,18853059.368281502,10000000.0,18853059.368270516,8853059.368270516,0.0,0.0,23.0,0.0,4931,4931,60,0.012167917258162644,173037821.07132864,86426.61640654609,0.0004994666245301356,0.008642661640654609,0,4255,709098,low_default,10000000.0
Fin_fl_rl_prox_1,pure_rl,fl_rl_prox,11854958.092579197,10000000.0,11854958.092575908,1854958.0925759077,0.0,0.0,24.0,0.0,954,954,8,0.008385744234800839,33497649.66740783,18398.349311572074,0.0005492429915007767,0.0018398349311572074,0,4259,709098,low_default,10000000.0
Fin_fl_rl_prox_2,pure_rl,fl_rl_prox,16641401.23160175,10000000.0,16641401.231607594,6641401.231607594,0.0,0.0,21.0,0.0,3935,3935,150,0.03811944091486658,138242023.06016654,258364.39380868955,0.0018689280443779574,0.025836439380868954,0,4259,709098,low_default,10000000.0
Fin_fl_rl_prox_3,pure_rl,fl_rl_prox,17621714.26279406,10000000.0,17621714.26279409,7621714.262794089,0.0,0.0,24.0,0.0,4100,4100,58,0.014146341463414635,143883237.41397285,81379.99867706312,0.000565597495161449,0.008137999867706313,0,4259,709098,low_default,10000000.0
Fin_fl_rl_scaffold_1,pure_rl,fl_rl_scaffold,12414492.105215792,10000000.0,12414492.105220707,2414492.105220707,0.0,0.0,20.0,0.0,1448,1448,29,0.020027624309392266,50414196.35187508,69987.02689424503,0.0013882404552431583,0.0069987026894245035,0,4250,709098,low_default,10000000.0
Fin_fl_rl_scaffold_2,pure_rl,fl_rl_scaffold,16059167.025637621,10000000.0,16059167.025636502,6059167.025636502,0.0,0.0,22.0,0.0,4123,4123,252,0.06112054329371817,144201773.48651233,514854.6580127184,0.003570376740622226,0.05148546580127184,0,4250,709098,low_default,10000000.0
Fin_fl_rl_scaffold_3,pure_rl,fl_rl_scaffold,16518539.32734482,10000000.0,16518539.327341389,6518539.327341389,0.0,0.0,23.0,0.0,3390,3390,60,0.017699115044247787,119533386.22910316,95748.51250490098,0.0008010189916429289,0.009574851250490098,0,4250,709098,low_default,10000000.0
Fin_fl_rl_visitweighted_1,pure_rl,fl_rl_visitweighted,12009122.122085398,10000000.0,12009122.122083023,2009122.1220830232,0.0,0.0,26.0,0.0,911,911,4,0.0043907793633369925,31591870.51858807,8466.884162117523,0.00026800832059424166,0.0008466884162117523,0,4239,709098,low_default,10000000.0
Fin_fl_rl_visitweighted_2,pure_rl,fl_rl_visitweighted,14421524.507141992,10000000.0,14421524.507147122,4421524.507147122,0.0,0.0,12.0,0.0,3082,3082,161,0.05223880597014925,108242806.66051619,282532.4589621164,0.002610173069959539,0.02825324589621164,0,4239,709098,low_default,10000000.0
Fin_fl_rl_visitweighted_3,pure_rl,fl_rl_visitweighted,16801563.502363823,10000000.0,16801563.502360344,6801563.502360344,0.0,0.0,23.0,0.0,4076,4076,58,0.01422963689892051,142950420.33493593,108145.91203554977,0.0007565274154644775,0.010814591203554977,0,4239,709098,low_default,10000000.0
Fin_fl_rl_1,pure_rl,fl_rl,13601022.348703364,10000000.0,13601022.348701606,3601022.3487016056,0.0,0.0,6.0,0.0,2153,2153,84,0.03901532745006967,74980663.69553328,186495.66764881735,0.0024872501583355178,0.018649566764881734,0,4245,436570,low_default,10000000.0
Fin_fl_rl_2,pure_rl,fl_rl,13056957.836177904,10000000.0,13056957.83617564,3056957.836175639,0.0,0.0,6.0,0.0,1842,1842,119,0.06460369163952226,64485908.48810304,225599.16010788546,0.0034984257087655995,0.022559916010788546,0,4245,436570,low_default,10000000.0
Fin_fl_rl_3,pure_rl,fl_rl,16710430.960821223,10000000.0,16710430.960817253,6710430.960817253,0.0,0.0,6.0,0.0,3328,3328,34,0.010216346153846154,116515028.30515103,69272.5396068259,0.0005945373795507495,0.00692725396068259,0,4245,436570,low_default,10000000.0
Fin_fl_rl_prox_1,pure_rl,fl_rl_prox,14414592.09507285,10000000.0,14414592.095070694,4414592.095070694,0.0,0.0,6.0,0.0,2699,2699,100,0.037050759540570584,93938572.98245272,209519.16918231212,0.0022303848411817932,0.02095191691823121,0,4258,436570,low_default,10000000.0
Fin_fl_rl_prox_2,pure_rl,fl_rl_prox,12378638.583599541,10000000.0,12378638.58359922,2378638.583599219,0.0,0.0,8.0,0.0,1569,1569,111,0.07074569789674952,55060449.09482237,202711.5881475358,0.0036816188658112103,0.02027115881475358,0,4258,436570,low_default,10000000.0
Fin_fl_rl_prox_3,pure_rl,fl_rl_prox,16245597.45895215,10000000.0,16245597.45895643,6245597.45895643,0.0,0.0,7.0,0.0,3291,3291,41,0.0124582193862048,114672813.23379481,83511.86105452581,0.000728262076245238,0.00835118610545258,0,4258,436570,low_default,10000000.0
Fin_fl_rl_scaffold_1,pure_rl,fl_rl_scaffold,11882750.083996484,10000000.0,11882750.083996812,1882750.0839968119,0.0,0.0,6.0,0.0,1193,1193,50,0.041911148365465216,41505116.23932219,103386.13338738069,0.002490925041415305,0.010338613338738069,0,4245,436570,low_default,10000000.0
Fin_fl_rl_scaffold_2,pure_rl,fl_rl_scaffold,13798293.308062831,10000000.0,13798293.308064112,3798293.3080641124,0.0,0.0,6.0,0.0,2408,2408,152,0.06312292358803986,85026452.86332162,317305.3548913028,0.00373184278781293,0.03173053548913028,0,4245,436570,low_default,10000000.0
Fin_fl_rl_scaffold_3,pure_rl,fl_rl_scaffold,17306400.471736025,10000000.0,17306400.471736483,7306400.471736483,0.0,0.0,8.0,0.0,3794,3794,40,0.010542962572482868,132817144.19190776,70923.80030236919,0.000533995823610627,0.0070923800302369186,0,4245,436570,low_default,10000000.0
Fin_fl_rl_visitweighted_1,pure_rl,fl_rl_visitweighted,14174941.309073532,10000000.0,14174941.309066525,4174941.3090665247,0.0,0.0,19.0,0.0,2574,2574,95,0.036907536907536904,90636947.52811614,202723.76906368945,0.0022366570652746585,0.020272376906368947,0,4247,436570,low_default,10000000.0
Fin_fl_rl_visitweighted_2,pure_rl,fl_rl_visitweighted,15467220.49035487,10000000.0,15467220.490346147,5467220.490346147,0.0,0.0,18.0,0.0,3447,3447,102,0.02959094865100087,121018749.7633272,196402.88629665782,0.0016229128683014587,0.01964028862966578,0,4247,436570,low_default,10000000.0
Fin_fl_rl_visitweighted_3,pure_rl,fl_rl_visitweighted,14182341.21242931,10000000.0,14182341.212421425,4182341.2124214247,0.0,0.0,22.0,0.0,2219,2219,26,0.011716989634970707,78118782.46288243,49209.60932054969,0.0006299331322007134,0.004920960932054969,0,4247,436570,low_default,10000000.0
Fin_fl_rl_1,pure_rl,fl_rl,14313553.89738507,10000000.0,14313553.897378113,4313553.897378113,0.0,0.0,12.0,0.0,2403,2403,97,0.040366208905534745,84023007.4177217,189509.4266155107,0.0022554468405702453,0.01895094266155107,0,4265,831197,low_default,10000000.0
Fin_fl_rl_2,pure_rl,fl_rl,13758417.18402946,10000000.0,13758417.184031414,3758417.184031414,0.0,0.0,13.0,0.0,2183,2183,155,0.07100320659642693,75527296.58346985,324763.35231532255,0.004299946734574388,0.032476335231532254,0,4265,831197,low_default,10000000.0
Fin_fl_rl_3,pure_rl,fl_rl,16263394.545267968,10000000.0,16263394.545271404,6263394.545271404,0.0,0.0,22.0,0.0,3513,3513,62,0.017648733276401936,123160039.7544651,127260.34901917394,0.0010332925295646488,0.012726034901917394,0,4265,831197,low_default,10000000.0
Fin_fl_rl_prox_1,pure_rl,fl_rl_prox,13189167.091275638,10000000.0,13189167.091276368,3189167.091276368,0.0,0.0,13.0,0.0,1921,1921,98,0.05101509630400833,67248156.20381048,216026.6606184874,0.003212380425178805,0.02160266606184874,0,4265,831197,low_default,10000000.0
Fin_fl_rl_prox_2,pure_rl,fl_rl_prox,14308928.437920632,10000000.0,14308928.437923739,4308928.437923739,0.0,0.0,12.0,0.0,2420,2420,129,0.05330578512396694,84790330.86388539,269694.2418443944,0.0031807193001444564,0.02696942418443944,0,4265,831197,low_default,10000000.0
Fin_fl_rl_prox_3,pure_rl,fl_rl_prox,17519212.086196303,10000000.0,17519212.08620204,7519212.08620204,0.0,0.0,14.0,0.0,3880,3880,52,0.013402061855670102,135691915.78818724,108681.70006128347,0.0008009445472855858,0.010868170006128346,0,4265,831197,low_default,10000000.0
Fin_fl_rl_scaffold_1,pure_rl,fl_rl_scaffold,14916753.47682246,10000000.0,14916753.476824572,4916753.476824572,0.0,0.0,12.0,0.0,3182,3182,136,0.04274041483343809,111164773.96977465,291376.821688211,0.0026211254814176607,0.0291376821688211,0,4252,831197,low_default,10000000.0
Fin_fl_rl_scaffold_2,pure_rl,fl_rl_scaffold,12971143.267536884,10000000.0,12971143.267534725,2971143.2675347254,0.0,0.0,10.0,0.0,1907,1907,64,0.033560566334556896,66823451.778023906,116485.72701644592,0.0017431863203264569,0.011648572701644593,0,4252,831197,low_default,10000000.0
Fin_fl_rl_scaffold_3,pure_rl,fl_rl_scaffold,16948658.924110614,10000000.0,16948658.924103897,6948658.924103897,0.0,0.0,13.0,0.0,3782,3782,53,0.014013749338974087,132558995.58534712,104213.82812674413,0.0007861694158631947,0.010421382812674414,0,4252,831197,low_default,10000000.0
Fin_fl_rl_visitweighted_1,pure_rl,fl_rl_visitweighted,14072061.881637763,10000000.0,14072061.881635739,4072061.8816357385,0.0,0.0,9.0,0.0,2202,2202,40,0.018165304268846504,77099485.62727904,71641.57125378589,0.0009292094580257219,0.0071641571253785894,0,4249,831197,low_default,10000000.0
Fin_fl_rl_visitweighted_2,pure_rl,fl_rl_visitweighted,13245244.572030168,10000000.0,13245244.572024677,3245244.572024677,0.0,0.0,10.0,0.0,1630,1630,71,0.043558282208588955,57320030.641431935,134475.44810327483,0.0023460463401440263,0.013447544810327483,0,4249,831197,low_default,10000000.0
Fin_fl_rl_visitweighted_3,pure_rl,fl_rl_visitweighted,18222468.77050208,10000000.0,18222468.770498827,8222468.770498827,0.0,0.0,9.0,0.0,4108,4108,49,0.01192794547224927,143285639.94147888,89327.03296177955,0.0006234192972740517,0.008932703296177956,0,4249,831197,low_default,10000000.0
Fin_fl_rl_1,pure_rl,fl_rl,14552477.458857011,10000000.0,14552477.45885357,4552477.458853571,0.0,0.0,29.0,0.0,2807,2807,158,0.056287851799073745,98163147.15115541,382199.05362776184,0.0038935085591666795,0.03821990536277618,0,4263,709098,medium_default,10000000.0
Fin_fl_rl_2,pure_rl,fl_rl,13632282.78709098,10000000.0,13632282.787091624,3632282.787091624,0.0,0.0,7.0,0.0,2193,2193,138,0.06292749658002736,76992942.25078844,297893.45824969234,0.003869100849261827,0.029789345824969234,0,4263,709098,medium_default,10000000.0
Fin_fl_rl_3,pure_rl,fl_rl,15653244.468572494,10000000.0,15653244.468582172,5653244.468582172,0.0,0.0,9.0,0.0,3157,3157,84,0.026607538802660754,111009292.93971434,175211.82859026612,0.001578352802277717,0.01752118285902661,0,4263,709098,medium_default,10000000.0
Fin_fl_rl_prox_1,pure_rl,fl_rl_prox,14014642.188821357,10000000.0,14014642.188816987,4014642.188816987,0.0,0.0,6.0,0.0,2585,2585,162,0.06266924564796905,90590240.02812685,382962.52457026305,0.004227414834659442,0.0382962524570263,0,4262,709098,medium_default,10000000.0
Fin_fl_rl_prox_2,pure_rl,fl_rl_prox,13276203.554502863,10000000.0,13276203.554503774,3276203.5545037743,0.0,0.0,7.0,0.0,2008,2008,149,0.07420318725099602,70110293.69223882,326849.00754541013,0.004661926092909694,0.032684900754541016,0,4262,709098,medium_default,10000000.0
Fin_fl_rl_prox_3,pure_rl,fl_rl_prox,16327967.770052517,10000000.0,16327967.770049416,6327967.7700494155,0.0,0.0,10.0,0.0,3414,3414,86,0.025190392501464556,119587938.5222201,187422.47481832752,0.0015672356019708741,0.01874224748183275,0,4262,709098,medium_default,10000000.0
Fin_fl_rl_scaffold_1,pure_rl,fl_rl_scaffold,14812211.011525655,10000000.0,14812211.01152177,4812211.01152177,0.0,0.0,10.0,0.0,2802,2802,144,0.05139186295503212,98334191.46820815,355042.94925636915,0.003610574754877158,0.03550429492563691,0,4256,709098,medium_default,10000000.0
Fin_fl_rl_scaffold_2,pure_rl,fl_rl_scaffold,12810412.125936821,10000000.0,12810412.125933476,2810412.125933476,0.0,0.0,7.0,0.0,1737,1737,183,0.10535405872193437,60653409.49415981,415126.44482318393,0.00684423923214334,0.041512644482318395,0,4256,709098,medium_default,10000000.0
Fin_fl_rl_scaffold_3,pure_rl,fl_rl_scaffold,16194531.00069074,10000000.0,16194531.000702366,6194531.000702366,0.0,0.0,9.0,0.0,3302,3302,85,0.0257419745608722,116198243.84877384,188281.11224938987,0.0016203438710694136,0.018828111224938986,0,4256,709098,medium_default,10000000.0
Fin_fl_rl_visitweighted_1,pure_rl,fl_rl_visitweighted,12714704.935391817,10000000.0,12714704.93539035,2714704.9353903495,0.0,0.0,24.0,0.0,1876,1876,120,0.06396588486140725,65817312.28181714,309956.5296741845,0.004709346506691278,0.03099565296741845,0,4267,709098,medium_default,10000000.0
Fin_fl_rl_visitweighted_2,pure_rl,fl_rl_visitweighted,13339637.520912318,10000000.0,13339637.52091342,3339637.5209134202,0.0,0.0,19.0,0.0,2034,2034,96,0.0471976401179941,70184829.41778626,214766.60394576043,0.003060014617508413,0.021476660394576044,0,4267,709098,medium_default,10000000.0
Fin_fl_rl_visitweighted_3,pure_rl,fl_rl_visitweighted,16521723.868585791,10000000.0,16521723.868590176,6521723.868590176,0.0,0.0,22.0,0.0,3621,3621,65,0.01795084230875449,126251589.74258627,149485.54220473464,0.0011840289893340745,0.014948554220473463,0,4267,709098,medium_default,10000000.0
Fin_fl_rl_1,pure_rl,fl_rl,15233950.780459102,10000000.0,15233950.78045283,5233950.780452831,0.0,0.0,10.0,0.0,2831,2831,122,0.0430943129636171,99282060.25881374,341825.0182016705,0.0034429686220308372,0.03418250182016705,0,4252,436570,medium_default,10000000.0
Fin_fl_rl_2,pure_rl,fl_rl,10368669.984050639,10000000.0,10368669.984049555,368669.9840495549,0.0,0.0,27.0,0.0,384,384,89,0.23177083333333334,13693854.790107036,218494.03709235066,0.01595562684440024,0.021849403709235066,0,4252,436570,medium_default,10000000.0
Fin_fl_rl_3,pure_rl,fl_rl,17073538.282799114,10000000.0,17073538.282800302,7073538.282800302,0.0,0.0,11.0,0.0,3510,3510,73,0.020797720797720798,123466569.50188656,171693.82294100625,0.001390609811495433,0.017169382294100626,0,4252,436570,medium_default,10000000.0
Fin_fl_rl_prox_1,pure_rl,fl_rl_prox,13523366.439378537,10000000.0,13523366.439376712,3523366.439376712,0.0,0.0,10.0,0.0,2088,2088,145,0.06944444444444445,72906734.32674477,396954.45450215775,0.0054446884525527406,0.03969544545021578,0,4263,436570,medium_default,10000000.0
Fin_fl_rl_prox_2,pure_rl,fl_rl_prox,10882079.113739606,10000000.0,10882079.113736702,882079.1137367021,0.0,0.0,22.0,0.0,687,687,109,0.1586608442503639,24290855.9856613,263826.5892760177,0.010861148303367835,0.02638265892760177,0,4263,436570,medium_default,10000000.0
Fin_fl_rl_prox_3,pure_rl,fl_rl_prox,18828574.269396774,10000000.0,18828574.26939218,8828574.269392181,0.0,0.0,9.0,0.0,4450,4450,69,0.015505617977528089,156151241.62720445,164139.13028462263,0.0010511548199948898,0.016413913028462263,0,4263,436570,medium_default,10000000.0
Fin_fl_rl_scaffold_1,pure_rl,fl_rl_scaffold,13453934.793199582,10000000.0,13453934.793194385,3453934.7931943852,0.0,0.0,10.0,0.0,1833,1833,92,0.050190943807965085,63684622.188024215,256204.84908277483,0.004023025343957425,0.025620484908277483,0,4242,436570,medium_default,10000000.0
Fin_fl_rl_scaffold_2,pure_rl,fl_rl_scaffold,11086267.491898574,10000000.0,11086267.491896365,1086267.4918963648,0.0,0.0,6.0,0.0,1023,1023,184,0.1798631476050831,35429276.97896667,448149.51393747434,0.012649129537798011,0.044814951393747436,0,4242,436570,medium_default,10000000.0
Fin_fl_rl_scaffold_3,pure_rl,fl_rl_scaffold,19273607.758659355,10000000.0,19273607.758645024,9273607.758645024,0.0,0.0,11.0,0.0,4828,4828,75,0.015534382767191384,169064311.47530782,187471.42488600744,0.0011088763988690068,0.018747142488600745,0,4242,436570,medium_default,10000000.0
Fin_fl_rl_visitweighted_1,pure_rl,fl_rl_visitweighted,13898252.269639183,10000000.0,13898252.269637186,3898252.269637186,0.0,0.0,8.0,0.0,2464,2464,86,0.0349025974025974,85487918.12589806,240843.20148979087,0.0028172776547804226,0.024084320148979085,0,4259,436570,medium_default,10000000.0
Fin_fl_rl_visitweighted_2,pure_rl,fl_rl_visitweighted,12912638.301624428,10000000.0,12912638.301626747,2912638.3016267475,0.0,0.0,8.0,0.0,1931,1931,137,0.0709476954945624,67418022.97863857,317864.2050721318,0.004714825369068553,0.031786420507213184,0,4259,436570,medium_default,10000000.0
Fin_fl_rl_visitweighted_3,pure_rl,fl_rl_visitweighted,14709123.348061228,10000000.0,14709123.348055024,4709123.348055024,0.0,0.0,12.0,0.0,2535,2535,60,0.023668639053254437,88992555.9688745,141428.14493056343,0.0015892132031810446,0.014142814493056342,0,4259,436570,medium_default,10000000.0
Fin_fl_rl_1,pure_rl,fl_rl,14081187.006677503,10000000.0,14081187.006682651,4081187.006682651,0.0,0.0,23.0,0.0,2286,2286,60,0.026246719160104987,79867477.87487392,162121.33024789952,0.0020298791768771055,0.01621213302478995,0,4257,831197,medium_default,10000000.0
Fin_fl_rl_2,pure_rl,fl_rl,10928316.098414786,10000000.0,10928316.09841766,928316.0984176602,0.0,0.0,26.0,0.0,722,722,95,0.13157894736842105,25357702.690781623,221022.55476739892,0.00871619000595618,0.022102255476739892,0,4257,831197,medium_default,10000000.0
Fin_fl_rl_3,pure_rl,fl_rl,19095671.38841582,10000000.0,19095671.388412368,9095671.388412368,0.0,0.0,24.0,0.0,4817,4817,52,0.010795100685073698,168905889.84605163,108452.03566274332,0.000642085576539642,0.010845203566274332,0,4257,831197,medium_default,10000000.0
Fin_fl_rl_prox_1,pure_rl,fl_rl_prox,14628478.774025733,10000000.0,14628478.774030747,4628478.774030747,0.0,0.0,20.0,0.0,2415,2415,59,0.02443064182194617,84586895.55451387,157821.01181755005,0.0018657856016933362,0.015782101181755007,0,4262,831197,medium_default,10000000.0
Fin_fl_rl_prox_2,pure_rl,fl_rl_prox,11790152.457929965,10000000.0,11790152.457935313,1790152.4579353128,0.0,0.0,25.0,0.0,1050,1050,93,0.08857142857142856,36843833.27894518,217235.40491539153,0.005896113014916207,0.021723540491539153,0,4262,831197,medium_default,10000000.0
Fin_fl_rl_prox_3,pure_rl,fl_rl_prox,17817483.414407346,10000000.0,17817483.414406348,7817483.414406348,0.0,0.0,24.0,0.0,4061,4061,53,0.01305097266683083,141356038.75327423,112804.71353239781,0.0007980183551216338,0.011280471353239781,0,4262,831197,medium_default,10000000.0
Fin_fl_rl_scaffold_1,pure_rl,fl_rl_scaffold,16047608.988109231,10000000.0,16047608.988108883,6047608.988108883,0.0,0.0,23.0,0.0,3263,3263,61,0.018694452957401166,114581394.72566655,151115.64613734593,0.0013188497704985224,0.015111564613734594,0,4253,831197,medium_default,10000000.0
Fin_fl_rl_scaffold_2,pure_rl,fl_rl_scaffold,10410913.33514423,10000000.0,10410913.335149074,410913.335149074,0.0,0.0,26.0,0.0,449,449,105,0.23385300668151449,15981555.175541066,237293.9692029127,0.014847989860591208,0.02372939692029127,0,4253,831197,medium_default,10000000.0
Fin_fl_rl_scaffold_3,pure_rl,fl_rl_scaffold,17746613.074971214,10000000.0,17746613.074962348,7746613.074962348,0.0,0.0,25.0,0.0,3890,3890,49,0.012596401028277636,135513446.07487613,107922.29678928229,0.0007963954863169171,0.01079222967892823,0,4253,831197,medium_default,10000000.0
Fin_fl_rl_visitweighted_1,pure_rl,fl_rl_visitweighted,13851972.776080886,10000000.0,13851972.77608611,3851972.7760861106,0.0,0.0,7.0,0.0,2013,2013,91,0.04520615996025832,70226163.28669225,226720.61697494594,0.0032284351922997503,0.022672061697494594,0,4261,831197,medium_default,10000000.0
Fin_fl_rl_visitweighted_2,pure_rl,fl_rl_visitweighted,13795029.588111665,10000000.0,13795029.588118533,3795029.5881185327,0.0,0.0,6.0,0.0,1995,1995,134,0.06716791979949875,70635342.711213,303716.0527608171,0.004299774604372433,0.030371605276081712,0,4261,831197,medium_default,10000000.0
Fin_fl_rl_visitweighted_3,pure_rl,fl_rl_visitweighted,17100891.104348134,10000000.0,17100891.104350396,7100891.1043503955,0.0,0.0,9.0,0.0,3517,3517,92,0.026158657947114018,122589527.95182517,200598.04767135362,0.0016363391802127175,0.020059804767135363,0,4261,831197,medium_default,10000000.0
Fin_fl_rl_1,pure_rl,fl_rl,11484682.69688106,10000000.0,11484682.69687877,1484682.6968787704,0.0,0.0,18.0,0.0,1307,1307,151,0.11553175210405509,45350015.73561486,516078.60706423834,0.011379899184002815,0.051607860706423835,0,4249,709098,high_default,10000000.0
Fin_fl_rl_2,pure_rl,fl_rl,11412056.872193262,10000000.0,11412056.872194089,1412056.872194089,0.0,0.0,28.0,0.0,1239,1239,175,0.14124293785310735,43815685.09146343,489996.8139799179,0.011183137110764555,0.04899968139799179,0,4249,709098,high_default,10000000.0
Fin_fl_rl_3,pure_rl,fl_rl,16493868.112198448,10000000.0,16493868.11219688,6493868.112196879,0.0,0.0,27.0,0.0,4038,4038,118,0.02922238732045567,142481633.3045089,356818.5474913631,0.0025043125855300774,0.03568185474913631,0,4249,709098,high_default,10000000.0
Fin_fl_rl_prox_1,pure_rl,fl_rl_prox,13044673.928147119,10000000.0,13044673.928145109,3044673.9281451087,0.0,0.0,30.0,0.0,2162,2162,150,0.06938020351526364,75965237.0776672,529496.4702665902,0.006970247058206777,0.052949647026659025,0,4247,709098,high_default,10000000.0
Fin_fl_rl_prox_2,pure_rl,fl_rl_prox,11962608.225547409,10000000.0,11962608.225545317,1962608.225545317,0.0,0.0,23.0,0.0,1488,1488,169,0.1135752688172043,51631273.03218215,473044.83695943694,0.009161982828983988,0.04730448369594369,0,4247,709098,high_default,10000000.0
Fin_fl_rl_prox_3,pure_rl,fl_rl_prox,14641071.804371757,10000000.0,14641071.804371659,4641071.804371659,0.0,0.0,22.0,0.0,2651,2651,100,0.03772161448509996,92926745.0957925,288381.56178344745,0.0031033214548316797,0.028838156178344745,0,4247,709098,high_default,10000000.0
Fin_fl_rl_scaffold_1,pure_rl,fl_rl_scaffold,12331771.253431806,10000000.0,12331771.253430976,2331771.2534309756,0.0,0.0,22.0,0.0,1694,1694,142,0.08382526564344746,59079111.25179332,489757.75268636434,0.008289863241155274,0.04897577526863643,0,4251,709098,high_default,10000000.0
Fin_fl_rl_scaffold_2,pure_rl,fl_rl_scaffold,12905026.960477937,10000000.0,12905026.960486658,2905026.960486658,0.0,0.0,17.0,0.0,2163,2163,151,0.06981044845122515,75351895.35311171,404338.57410379394,0.005366004029613258,0.040433857410379394,0,4251,709098,high_default,10000000.0
Fin_fl_rl_scaffold_3,pure_rl,fl_rl_scaffold,14393207.514796544,10000000.0,14393207.51480224,4393207.51480224,0.0,0.0,25.0,0.0,2633,2633,104,0.03949867071781238,92464902.51751874,296724.4193197119,0.003209049176940336,0.029672441931971192,0,4251,709098,high_default,10000000.0
Fin_fl_rl_visitweighted_1,pure_rl,fl_rl_visitweighted,12556338.067050915,10000000.0,12556338.067052519,2556338.067052519,0.0,0.0,6.0,0.0,1659,1659,155,0.09342977697408077,58118325.55110332,533307.3551030626,0.009176234002717895,0.05333073551030626,0,4281,709098,high_default,10000000.0
Fin_fl_rl_visitweighted_2,pure_rl,fl_rl_visitweighted,12765972.593763437,10000000.0,12765972.593772575,2765972.5937725753,0.0,0.0,10.0,0.0,1841,1841,238,0.12927756653992395,64021635.97956761,658513.4631957175,0.010285795623933773,0.06585134631957175,0,4281,709098,high_default,10000000.0
Fin_fl_rl_visitweighted_3,pure_rl,fl_rl_visitweighted,14682525.449442124,10000000.0,14682525.449441344,4682525.449441344,0.0,0.0,11.0,0.0,2563,2563,106,0.041357783847054234,89255099.84651768,319883.745141334,0.00358392680856784,0.0319883745141334,0,4281,709098,high_default,10000000.0
Fin_fl_rl_1,pure_rl,fl_rl,12534685.854461148,10000000.0,12534685.854464322,2534685.8544643223,0.0,0.0,6.0,0.0,1876,1876,141,0.07515991471215352,65328570.75664004,493551.22445671476,0.007554906203218136,0.04935512244567147,0,4254,436570,high_default,10000000.0
Fin_fl_rl_2,pure_rl,fl_rl,10554945.833718091,10000000.0,10554945.833716348,554945.8337163478,0.0,0.0,18.0,0.0,813,813,265,0.32595325953259535,28056295.883227758,694045.73360559,0.02473761099805392,0.069404573360559,0,4254,436570,high_default,10000000.0
Fin_fl_rl_3,pure_rl,fl_rl,15869172.304692483,10000000.0,15869172.304689083,5869172.304689083,0.0,0.0,10.0,0.0,3098,3098,67,0.021626856036152355,108288176.20523195,188578.70120372606,0.0017414523709986989,0.018857870120372607,0,4254,436570,high_default,10000000.0
Fin_fl_rl_prox_1,pure_rl,fl_rl_prox,12534685.854461148,10000000.0,12534685.854464322,2534685.8544643223,0.0,0.0,6.0,0.0,1876,1876,141,0.07515991471215352,65328570.75664004,493551.22445671476,0.007554906203218136,0.04935512244567147,0,4254,436570,high_default,10000000.0
Fin_fl_rl_prox_2,pure_rl,fl_rl_prox,10554945.833718091,10000000.0,10554945.833716348,554945.8337163478,0.0,0.0,18.0,0.0,813,813,265,0.32595325953259535,28056295.883227758,694045.73360559,0.02473761099805392,0.069404573360559,0,4254,436570,high_default,10000000.0
Fin_fl_rl_prox_3,pure_rl,fl_rl_prox,15869172.304692483,10000000.0,15869172.304689083,5869172.304689083,0.0,0.0,10.0,0.0,3098,3098,67,0.021626856036152355,108288176.20523195,188578.70120372606,0.0017414523709986989,0.018857870120372607,0,4254,436570,high_default,10000000.0
Fin_fl_rl_scaffold_1,pure_rl,fl_rl_scaffold,11837949.628986888,10000000.0,11837949.628992544,1837949.6289925445,0.0,0.0,7.0,0.0,1459,1459,139,0.09527073337902674,51220741.14434719,468986.7232137994,0.009156187761753181,0.04689867232137994,0,4252,436570,high_default,10000000.0
Fin_fl_rl_scaffold_2,pure_rl,fl_rl_scaffold,11970325.213276614,10000000.0,11970325.21327707,1970325.2132770699,0.0,0.0,17.0,0.0,1682,1682,278,0.16527942925089179,58878725.042999536,730239.2606504224,0.012402429911943978,0.07302392606504224,0,4252,436570,high_default,10000000.0
Fin_fl_rl_scaffold_3,pure_rl,fl_rl_scaffold,15433093.567097943,10000000.0,15433093.567098217,5433093.567098217,0.0,0.0,9.0,0.0,2961,2961,68,0.022965214454576156,104158238.22405119,227195.08047323689,0.002181249264071896,0.02271950804732369,0,4252,436570,high_default,10000000.0
Fin_fl_rl_visitweighted_1,pure_rl,fl_rl_visitweighted,13599374.695333444,10000000.0,13599374.69532905,3599374.6953290496,0.0,0.0,21.0,0.0,2459,2459,161,0.06547376982513217,85636392.9467839,554463.0658804162,0.006474619572370011,0.055446306588041616,0,4248,436570,high_default,10000000.0
Fin_fl_rl_visitweighted_2,pure_rl,fl_rl_visitweighted,12184786.510986844,10000000.0,12184786.510990748,2184786.510990748,0.0,0.0,18.0,0.0,1657,1657,263,0.1587205793602897,58070466.23797108,723606.0327835451,0.012460826985928245,0.07236060327835452,0,4248,436570,high_default,10000000.0
Fin_fl_rl_visitweighted_3,pure_rl,fl_rl_visitweighted,14505672.45213041,10000000.0,14505672.452136202,4505672.452136202,0.0,0.0,25.0,0.0,2342,2342,42,0.017933390264730998,81837028.65723792,118419.41976910696,0.0014470151435371497,0.011841941976910696,0,4248,436570,high_default,10000000.0
Fin_fl_rl_1,pure_rl,fl_rl,12951652.18121512,10000000.0,12951652.18120876,2951652.1812087595,0.0,0.0,20.0,0.0,1821,1821,97,0.05326743547501373,63921237.53851147,335899.36637833004,0.0052548946064436925,0.033589936637833,0,4237,831197,high_default,10000000.0
Fin_fl_rl_2,pure_rl,fl_rl,11179137.50768339,10000000.0,11179137.50767955,1179137.50767955,0.0,0.0,22.0,0.0,868,868,140,0.16129032258064516,30247732.23553895,375073.24102411943,0.012400045005140414,0.03750732410241194,0,4237,831197,high_default,10000000.0
Fin_fl_rl_3,pure_rl,fl_rl,16873550.765591692,10000000.0,16873550.76558767,6873550.765587669,0.0,0.0,29.0,0.0,3905,3905,82,0.020998719590268885,136835531.85870272,250723.69930556265,0.0018322996658825547,0.025072369930556265,0,4237,831197,high_default,10000000.0
Fin_fl_rl_prox_1,pure_rl,fl_rl_prox,12670546.942743996,10000000.0,12670546.94274598,2670546.94274598,0.0,0.0,20.0,0.0,1686,1686,100,0.05931198102016608,59364348.954107404,346277.78669486137,0.0058330933092950645,0.03462777866948614,0,4256,831197,high_default,10000000.0
Fin_fl_rl_prox_2,pure_rl,fl_rl_prox,10759538.572532767,10000000.0,10759538.572532544,759538.5725325439,0.0,0.0,22.0,0.0,747,747,143,0.19143239625167335,25933733.106836796,383145.3893792477,0.014774016058576648,0.03831453893792477,0,4256,831197,high_default,10000000.0
Fin_fl_rl_prox_3,pure_rl,fl_rl_prox,17986895.106411364,10000000.0,17986895.106410526,7986895.106410526,0.0,0.0,21.0,0.0,4382,4382,87,0.019853947968963944,153320498.31418937,271387.7250442388,0.0017700681124066151,0.02713877250442388,0,4256,831197,high_default,10000000.0
Fin_fl_rl_scaffold_1,pure_rl,fl_rl_scaffold,11059438.582968727,10000000.0,11059438.582970263,1059438.5829702634,0.0,0.0,23.0,0.0,842,842,78,0.09263657957244656,29356719.92994512,245922.85349447114,0.008377054864485022,0.024592285349447116,0,4235,831197,high_default,10000000.0
Fin_fl_rl_scaffold_2,pure_rl,fl_rl_scaffold,11323594.009986296,10000000.0,11323594.00998679,1323594.00998679,0.0,0.0,22.0,0.0,994,994,141,0.14185110663983905,34561764.97981479,372774.33128071844,0.010785743479779777,0.037277433128071844,0,4235,831197,high_default,10000000.0
Fin_fl_rl_scaffold_3,pure_rl,fl_rl_scaffold,19751730.899032895,10000000.0,19751730.899050493,9751730.899050493,0.0,0.0,21.0,0.0,4944,4944,90,0.01820388349514563,174728843.54995638,293163.0389116385,0.0016778170847781112,0.02931630389116385,0,4235,831197,high_default,10000000.0
Fin_fl_rl_visitweighted_1,pure_rl,fl_rl_visitweighted,13198075.471420215,10000000.0,13198075.471417828,3198075.4714178275,0.0,0.0,22.0,0.0,1968,1968,105,0.053353658536585365,68859363.05777715,367830.99006135477,0.005341771601237764,0.036783099006135474,0,4265,831197,high_default,10000000.0
Fin_fl_rl_visitweighted_2,pure_rl,fl_rl_visitweighted,11662549.92979879,10000000.0,11662549.92979853,1662549.9297985304,0.0,0.0,24.0,0.0,1604,1604,323,0.2013715710723192,56371871.90607432,905447.2561400358,0.016062039906155214,0.09054472561400358,0,4265,831197,high_default,10000000.0
Fin_fl_rl_visitweighted_3,pure_rl,fl_rl_visitweighted,15771416.792384751,10000000.0,15771416.792379616,5771416.792379616,0.0,0.0,23.0,0.0,3006,3006,49,0.016300731869594146,104796345.76532234,142720.59863235563,0.001361885260312031,0.014272059863235563,0,4265,831197,high_default,10000000.0
