financier,apr_strategy,wholesaler_policy,final_wallet,initial_capital,final_capital,capital_change,capital_loss,capital_loss_rate,final_apr,final_utilization,loans_issued,closed_loans,defaults,default_count_rate,total_issued_principal,default_amount,default_amount_to_issued_rate,default_amount_to_initial_capital_rate,outstanding_loans,simulation_end_day,scaffold_lr,scaffold_level,seed,default_scenario,capital_per_financier,borrower_count
Fin_rl_1,pure_rl,rl,2494850.8937202697,1000000.0,2494850.893720348,1494850.893720348,0.0,0.0,6.0,0.0,808,808,0,0.0,28576525.81400159,0.0,0.0,0.0,0,2257,0.25,0p25,709098,none_default,1000000.0,50
Fin_rl_2,pure_rl,rl,2717854.581954262,1000000.0,2717854.581954034,1717854.581954034,0.0,0.0,6.0,0.0,889,889,0,0.0,31112327.196287934,0.0,0.0,0.0,0,2257,0.25,0p25,709098,none_default,1000000.0,50
Fin_rl_3,pure_rl,rl,2702926.6811505747,1000000.0,2702926.6811504206,1702926.6811504206,0.0,0.0,6.0,0.0,851,851,0,0.0,30730190.06757081,0.0,0.0,0.0,0,2257,0.25,0p25,709098,none_default,1000000.0,50
Fin_fl_rl_scaffold_1,pure_rl,fl_rl_scaffold,2461791.37846592,1000000.0,2461791.378465931,1461791.378465931,0.0,0.0,6.0,0.0,853,853,0,0.0,28964499.12156189,0.0,0.0,0.0,0,2257,0.25,0p25,709098,none_default,1000000.0,50
Fin_fl_rl_scaffold_2,pure_rl,fl_rl_scaffold,2181585.326450154,1000000.0,2181585.326450114,1181585.326450114,0.0,0.0,31.0,0.0,911,911,0,0.0,27016552.47247137,0.0,0.0,0.0,0,2257,0.25,0p25,709098,none_default,1000000.0,50
Fin_fl_rl_scaffold_3,pure_rl,fl_rl_scaffold,2295638.129508173,1000000.0,2295638.1295081466,1295638.1295081466,0.0,0.0,6.0,0.0,863,863,0,0.0,27780005.89515548,0.0,0.0,0.0,0,2257,0.25,0p25,709098,none_default,1000000.0,50
Fin_rl_1,pure_rl,rl,2519598.7490069773,1000000.0,2519598.749006986,1519598.7490069862,0.0,0.0,6.0,0.0,913,913,0,0.0,29592770.351074565,0.0,0.0,0.0,0,2245,0.25,0p25,436570,none_default,1000000.0,50
Fin_rl_2,pure_rl,rl,2264000.3878443763,1000000.0,2264000.3878443874,1264000.3878443874,0.0,0.0,6.0,0.0,889,889,0,0.0,28372297.590718653,0.0,0.0,0.0,0,2245,0.25,0p25,436570,none_default,1000000.0,50
Fin_rl_3,pure_rl,rl,2286557.9750877824,1000000.0,2286557.975087817,1286557.9750878168,0.0,0.0,6.0,0.0,706,706,0,0.0,25785014.527764443,0.0,0.0,0.0,0,2245,0.25,0p25,436570,none_default,1000000.0,50
Fin_fl_rl_scaffold_1,pure_rl,fl_rl_scaffold,2496942.159512229,1000000.0,2496942.159512257,1496942.1595122572,0.0,0.0,6.0,0.0,830,830,0,0.0,29260892.567277927,0.0,0.0,0.0,0,2245,0.25,0p25,436570,none_default,1000000.0,50
Fin_fl_rl_scaffold_2,pure_rl,fl_rl_scaffold,1983012.417200452,1000000.0,1983012.41720036,983012.4172003602,0.0,0.0,6.0,0.0,836,836,0,0.0,24865095.267991547,0.0,0.0,0.0,0,2245,0.25,0p25,436570,none_default,1000000.0,50
Fin_fl_rl_scaffold_3,pure_rl,fl_rl_scaffold,2546672.6385701643,1000000.0,2546672.6385702854,1546672.6385702854,0.0,0.0,6.0,0.0,804,804,0,0.0,28378870.90593953,0.0,0.0,0.0,0,2245,0.25,0p25,436570,none_default,1000000.0,50
Fin_rl_1,pure_rl,rl,2141214.930002953,1000000.0,2141214.9300029306,1141214.9300029306,0.0,0.0,6.0,0.0,844,844,0,0.0,27727010.51922928,0.0,0.0,0.0,0,2259,0.25,0p25,831197,none_default,1000000.0,50
Fin_rl_2,pure_rl,rl,2041624.23109489,1000000.0,2041624.23109491,1041624.23109491,0.0,0.0,6.0,0.0,781,781,0,0.0,25811491.32686476,0.0,0.0,0.0,0,2259,0.25,0p25,831197,none_default,1000000.0,50
Fin_rl_3,pure_rl,rl,2140354.997145315,1000000.0,2140354.997145277,1140354.9971452774,0.0,0.0,6.0,0.0,739,739,0,0.0,25399440.424420107,0.0,0.0,0.0,0,2259,0.25,0p25,831197,none_default,1000000.0,50
Fin_fl_rl_scaffold_1,pure_rl,fl_rl_scaffold,2556871.7056683,1000000.0,2556871.7056682007,1556871.7056682007,0.0,0.0,6.0,0.0,784,784,0,0.0,28324371.78900513,0.0,0.0,0.0,0,2259,0.25,0p25,831197,none_default,1000000.0,50
Fin_fl_rl_scaffold_2,pure_rl,fl_rl_scaffold,2192477.0158919306,1000000.0,2192477.01589188,1192477.0158918798,0.0,0.0,6.0,0.0,878,878,0,0.0,27135610.785450507,0.0,0.0,0.0,0,2259,0.25,0p25,831197,none_default,1000000.0,50
Fin_fl_rl_scaffold_3,pure_rl,fl_rl_scaffold,2170983.2005668217,1000000.0,2170983.200566846,1170983.200566846,0.0,0.0,6.0,0.0,881,881,0,0.0,27012849.03924285,0.0,0.0,0.0,0,2259,0.25,0p25,831197,none_default,1000000.0,50
Fin_rl_1,pure_rl,rl,2165418.718934594,1000000.0,2165418.71893457,1165418.71893457,0.0,0.0,6.0,0.0,845,845,16,0.0189349112426035,27392145.597736545,25350.9402518132,0.0009254820934475,0.0253509402518132,0,2259,0.25,0p25,709098,low_default,1000000.0,50
Fin_rl_2,pure_rl,rl,1703825.9234064482,1000000.0,1703825.923406531,703825.9234065311,0.0,0.0,7.0,0.0,654,654,119,0.1819571865443425,21030662.184506685,194778.7976446995,0.0092616578563176,0.1947787976446995,0,2259,0.25,0p25,709098,low_default,1000000.0,50
Fin_rl_3,pure_rl,rl,2404499.226612956,1000000.0,2404499.226612811,1404499.226612811,0.0,0.0,6.0,0.0,830,830,28,0.0337349397590361,28411397.015990272,59417.33107109814,0.0020913202908557,0.0594173310710981,0,2259,0.25,0p25,709098,low_default,1000000.0,50
Fin_fl_rl_scaffold_1,pure_rl,fl_rl_scaffold,2257463.573050916,1000000.0,2257463.573050861,1257463.5730508608,0.0,0.0,6.0,0.0,836,836,33,0.0394736842105263,27379980.69157693,56500.4095567822,0.0020635664499998,0.0565004095567822,0,2259,0.25,0p25,709098,low_default,1000000.0,50
Fin_fl_rl_scaffold_2,pure_rl,fl_rl_scaffold,1972920.909002049,1000000.0,1972920.9090021336,972920.9090021336,0.0,0.0,6.0,0.0,784,784,67,0.0854591836734693,25301164.442167345,108902.1321960034,0.0043042339985943,0.1089021321960034,0,2259,0.25,0p25,709098,low_default,1000000.0,50
Fin_fl_rl_scaffold_3,pure_rl,fl_rl_scaffold,2757481.9010846373,1000000.0,2757481.901084704,1757481.901084704,0.0,0.0,6.0,0.0,844,844,7,0.0082938388625592,30298667.038114347,10217.43645335218,0.0003372239590771,0.0102174364533521,0,2259,0.25,0p25,709098,low_default,1000000.0,50
Fin_rl_1,pure_rl,rl,2462232.640237559,1000000.0,2462232.640237614,1462232.640237614,0.0,0.0,6.0,0.0,779,779,22,0.0282413350449293,27725726.542277403,40286.73908926328,0.0014530453882906,0.0402867390892632,0,2254,0.25,0p25,436570,low_default,1000000.0,50
Fin_rl_2,pure_rl,rl,2299811.353959624,1000000.0,2299811.3539597164,1299811.3539597164,0.0,0.0,6.0,0.0,817,817,24,0.02937576499388,27941930.3985433,38792.99974095306,0.0013883435821232,0.038792999740953,0,2254,0.25,0p25,436570,low_default,1000000.0,50
Fin_rl_3,pure_rl,rl,2101027.87501296,1000000.0,2101027.875012916,1101027.8750129156,0.0,0.0,6.0,0.0,872,872,73,0.0837155963302752,27138799.93231513,135096.20041462223,0.0049779725246346,0.1350962004146222,0,2254,0.25,0p25,436570,low_default,1000000.0,50
Fin_fl_rl_scaffold_1,pure_rl,fl_rl_scaffold,2683254.217288533,1000000.0,2683254.2172884624,1683254.2172884624,0.0,0.0,6.0,0.0,784,784,19,0.024234693877551,29160118.55009793,36172.29966098051,0.0012404716256154,0.0361722996609805,0,2254,0.25,0p25,436570,low_default,1000000.0,50
Fin_fl_rl_scaffold_2,pure_rl,fl_rl_scaffold,1853373.5108615635,1000000.0,1853373.5108616347,853373.5108616347,0.0,0.0,6.0,0.0,674,674,134,0.1988130563798219,23172284.92679121,291961.32960169343,0.0125995917331456,0.2919613296016934,0,2254,0.25,0p25,436570,low_default,1000000.0,50
Fin_fl_rl_scaffold_3,pure_rl,fl_rl_scaffold,2022863.017827077,1000000.0,2022863.0178270915,1022863.0178270916,0.0,0.0,6.0,0.0,878,878,49,0.0558086560364464,26156650.19111657,72382.84784880248,0.0027672827873572,0.0723828478488024,0,2254,0.25,0p25,436570,low_default,1000000.0,50
Fin_rl_1,pure_rl,rl,2450706.286287073,1000000.0,2450706.2862871257,1450706.2862871257,0.0,0.0,6.0,0.0,787,787,18,0.0228716645489199,27519954.44293673,44112.83186866219,0.001602939858063,0.0441128318686621,0,2252,0.25,0p25,831197,low_default,1000000.0,50
Fin_rl_2,pure_rl,rl,1617907.4661009726,1000000.0,1617907.4661009628,617907.4661009628,0.0,0.0,6.0,0.0,662,662,182,0.2749244712990936,21764162.58139429,339496.3721429162,0.0155988713497823,0.3394963721429161,0,2252,0.25,0p25,831197,low_default,1000000.0,50
Fin_rl_3,pure_rl,rl,2400605.507543721,1000000.0,2400605.507543777,1400605.507543777,0.0,0.0,6.0,0.0,842,842,8,0.009501187648456,28547777.824499138,18216.008665467667,0.0006380884977266,0.0182160086654676,0,2252,0.25,0p25,831197,low_default,1000000.0,50
Fin_fl_rl_scaffold_1,pure_rl,fl_rl_scaffold,2355189.998822759,1000000.0,2355189.998822716,1355189.998822716,0.0,0.0,19.0,0.0,842,842,12,0.014251781472684,28466679.358093675,19012.85366294334,0.0006678985428462,0.0190128536629433,0,2252,0.25,0p25,831197,low_default,1000000.0,50
Fin_fl_rl_scaffold_2,pure_rl,fl_rl_scaffold,1680444.2895969597,1000000.0,1680444.2895969998,680444.2895969998,0.0,0.0,15.0,0.0,552,552,49,0.0887681159420289,17914611.394418847,80641.08168108606,0.004501413952312,0.080641081681086,0,2252,0.25,0p25,831197,low_default,1000000.0,50
Fin_fl_rl_scaffold_3,pure_rl,fl_rl_scaffold,2429999.189624574,1000000.0,2429999.1896246746,1429999.1896246746,0.0,0.0,6.0,0.0,928,928,13,0.0140086206896551,29286555.508976813,24487.52837626085,0.0008361354877925,0.0244875283762608,0,2252,0.25,0p25,831197,low_default,1000000.0,50
Fin_rl_1,pure_rl,rl,2148008.460857006,1000000.0,2148008.4608569667,1148008.460856967,0.0,0.0,7.0,0.0,766,766,82,0.1070496083550913,26681101.04226447,205051.2690386197,0.0076852626401663,0.2050512690386197,0,2263,0.25,0p25,709098,medium_default,1000000.0,50
Fin_rl_2,pure_rl,rl,2013759.944931397,1000000.0,2013759.9449313849,1013759.9449313846,0.0,0.0,7.0,0.0,634,634,67,0.1056782334384858,22387869.76939165,139186.7098890758,0.0062170591182985,0.1391867098890758,0,2263,0.25,0p25,709098,medium_default,1000000.0,50
Fin_rl_3,pure_rl,rl,2037439.8365544807,1000000.0,2037439.836554484,1037439.8365544842,0.0,0.0,6.0,0.0,738,738,70,0.0948509485094851,24355620.815309204,167929.301839038,0.0068948889914348,0.167929301839038,0,2263,0.25,0p25,709098,medium_default,1000000.0,50
Fin_fl_rl_scaffold_1,pure_rl,fl_rl_scaffold,1978860.5578956576,1000000.0,1978860.557895748,978860.5578957476,0.0,0.0,24.0,0.0,655,655,56,0.0854961832061068,22478955.678756792,145661.29387146316,0.0064798959503762,0.1456612938714631,0,2263,0.25,0p25,709098,medium_default,1000000.0,50
Fin_fl_rl_scaffold_2,pure_rl,fl_rl_scaffold,2042503.4050737645,1000000.0,2042503.405073685,1042503.4050736852,0.0,0.0,11.0,0.0,695,695,74,0.1064748201438848,23805760.622544497,146363.89059578866,0.0061482551604412,0.1463638905957886,0,2263,0.25,0p25,709098,medium_default,1000000.0,50
Fin_fl_rl_scaffold_3,pure_rl,fl_rl_scaffold,1975372.399922512,1000000.0,1975372.3999224328,975372.3999224326,0.0,0.0,6.0,0.0,841,841,43,0.0511296076099881,25073073.42951453,82658.05906587372,0.0032966863555137,0.0826580590658737,0,2263,0.25,0p25,709098,medium_default,1000000.0,50
Fin_rl_1,pure_rl,rl,1822098.675321587,1000000.0,1822098.675321671,822098.675321671,0.0,0.0,6.0,0.0,734,734,103,0.1403269754768392,24459788.111663383,246105.69015810304,0.0100616444032379,0.246105690158103,0,2276,0.25,0p25,436570,medium_default,1000000.0,50
Fin_rl_2,pure_rl,rl,2062823.121748895,1000000.0,2062823.1217490027,1062823.1217490027,0.0,0.0,7.0,0.0,656,656,63,0.0960365853658536,23659947.621192828,140543.95078101737,0.0059401632256839,0.1405439507810173,0,2276,0.25,0p25,436570,medium_default,1000000.0,50
Fin_rl_3,pure_rl,rl,2101193.2402357724,1000000.0,2101193.2402357403,1101193.2402357403,0.0,0.0,6.0,0.0,809,809,70,0.0865265760197775,27691173.67566199,177858.57411910678,0.0064229337550769,0.1778585741191067,0,2276,0.25,0p25,436570,medium_default,1000000.0,50
Fin_fl_rl_scaffold_1,pure_rl,fl_rl_scaffold,1994916.521447393,1000000.0,1994916.521447359,994916.5214473588,0.0,0.0,6.0,0.0,759,759,52,0.0685111989459815,25036756.38366249,135630.78233599293,0.0054172665283629,0.1356307823359929,0,2276,0.25,0p25,436570,medium_default,1000000.0,50
Fin_fl_rl_scaffold_2,pure_rl,fl_rl_scaffold,1752137.4167020193,1000000.0,1752137.4167020298,752137.4167020298,0.0,0.0,7.0,0.0,685,685,87,0.1270072992700729,22241007.08512038,190123.3845340809,0.0085483262428919,0.1901233845340808,0,2276,0.25,0p25,436570,medium_default,1000000.0,50
Fin_fl_rl_scaffold_3,pure_rl,fl_rl_scaffold,2250230.262305777,1000000.0,2250230.2623057403,1250230.2623057405,0.0,0.0,6.0,0.0,860,860,29,0.0337209302325581,27922972.661316525,63830.81857458601,0.002285960715888,0.063830818574586,0,2276,0.25,0p25,436570,medium_default,1000000.0,50
Fin_rl_1,pure_rl,rl,1789255.6589847878,1000000.0,1789255.6589847202,789255.6589847202,0.0,0.0,7.0,0.0,547,547,57,0.1042047531992687,19998348.71400162,144118.62012783028,0.0072065260081662,0.1441186201278302,0,2267,0.25,0p25,831197,medium_default,1000000.0,50
Fin_rl_2,pure_rl,rl,2001618.36846723,1000000.0,2001618.368467184,1001618.3684671838,0.0,0.0,19.0,0.0,672,672,115,0.1711309523809523,23567598.31476023,253595.3044598894,0.0107603371829816,0.2535953044598893,0,2267,0.25,0p25,831197,medium_default,1000000.0,50
Fin_rl_3,pure_rl,rl,1772789.700039848,1000000.0,1772789.7000398715,772789.7000398715,0.0,0.0,20.0,0.0,667,667,94,0.1409295352323838,21097609.996479604,174907.25071794516,0.0082903822161434,0.1749072507179451,0,2267,0.25,0p25,831197,medium_default,1000000.0,50
Fin_fl_rl_scaffold_1,pure_rl,fl_rl_scaffold,2266801.8895222563,1000000.0,2266801.8895223616,1266801.8895223616,0.0,0.0,7.0,0.0,777,777,38,0.0489060489060489,26855234.33970148,97359.52116139691,0.0036253461775779,0.0973595211613969,0,2267,0.25,0p25,831197,medium_default,1000000.0,50
Fin_fl_rl_scaffold_2,pure_rl,fl_rl_scaffold,1917253.22490346,1000000.0,1917253.2249034303,917253.2249034304,0.0,0.0,6.0,0.0,779,779,79,0.1014120667522464,25159563.94996581,168049.4163153157,0.0066793453435644,0.1680494163153157,0,2267,0.25,0p25,831197,medium_default,1000000.0,50
Fin_fl_rl_scaffold_3,pure_rl,fl_rl_scaffold,2212412.1460073423,1000000.0,2212412.146007372,1212412.1460073716,0.0,0.0,6.0,0.0,856,856,22,0.0257009345794392,27441225.65222602,48312.14792223417,0.0017605681515291,0.0483121479222341,0,2267,0.25,0p25,831197,medium_default,1000000.0,50
Fin_rl_1,pure_rl,rl,1752445.4267854467,1000000.0,1752445.426785461,752445.4267854607,0.0,0.0,7.0,0.0,696,696,67,0.0962643678160919,22960833.49988602,211286.92192030043,0.0092020580141983,0.2112869219203004,0,2239,0.25,0p25,709098,high_default,1000000.0,50
Fin_rl_2,pure_rl,rl,1772670.7773850206,1000000.0,1772670.7773850132,772670.7773850132,0.0,0.0,7.0,0.0,636,636,95,0.1493710691823899,21630656.826253973,239991.73849906665,0.0110949815545027,0.2399917384990666,0,2239,0.25,0p25,709098,high_default,1000000.0,50
Fin_rl_3,pure_rl,rl,1998308.158821585,1000000.0,1998308.158821652,998308.158821652,0.0,0.0,6.0,0.0,769,769,52,0.0676202860858257,24435426.194055017,118616.90699924606,0.004854300721307,0.118616906999246,0,2239,0.25,0p25,709098,high_default,1000000.0,50
Fin_fl_rl_scaffold_1,pure_rl,fl_rl_scaffold,1412598.848471061,1000000.0,1412598.8484710606,412598.8484710606,0.0,0.0,7.0,0.0,509,509,123,0.2416502946954813,17510054.136807878,365193.0452171133,0.0208561916693016,0.3651930452171132,0,2239,0.25,0p25,709098,high_default,1000000.0,50
Fin_fl_rl_scaffold_2,pure_rl,fl_rl_scaffold,1630179.08204481,1000000.0,1630179.0820446864,630179.0820446864,0.0,0.0,6.0,0.0,591,591,125,0.2115059221658206,20616787.10414659,298519.6496762777,0.0144794457142275,0.2985196496762777,0,2239,0.25,0p25,709098,high_default,1000000.0,50
Fin_fl_rl_scaffold_3,pure_rl,fl_rl_scaffold,2009806.1979961563,1000000.0,2009806.197996127,1009806.197996127,0.0,0.0,6.0,0.0,716,716,58,0.0810055865921787,24817235.11423249,154300.19353350662,0.006217461083931,0.1543001935335066,0,2239,0.25,0p25,709098,high_default,1000000.0,50
Fin_rl_1,pure_rl,rl,1876670.6211268527,1000000.0,1876670.6211268927,876670.6211268932,0.0,0.0,6.0,0.0,719,719,65,0.0904033379694019,23712721.79948112,200510.8583724317,0.0084558348074922,0.2005108583724317,0,2270,0.25,0p25,436570,high_default,1000000.0,50
Fin_rl_2,pure_rl,rl,1579088.927238457,1000000.0,1579088.9272384755,579088.9272384755,0.0,0.0,6.0,0.0,634,634,118,0.1861198738170347,21230327.814584587,315663.8941129636,0.0148685360334432,0.3156638941129636,0,2270,0.25,0p25,436570,high_default,1000000.0,50
Fin_rl_3,pure_rl,rl,2131437.637402683,1000000.0,2131437.6374026127,1131437.6374026127,0.0,0.0,7.0,0.0,720,720,51,0.0708333333333333,25520298.55969963,141577.3850439841,0.0055476382736194,0.1415773850439841,0,2270,0.25,0p25,436570,high_default,1000000.0,50
Fin_fl_rl_scaffold_1,pure_rl,fl_rl_scaffold,1883400.9338618647,1000000.0,1883400.933861892,883400.933861892,0.0,0.0,7.0,0.0,650,650,56,0.0861538461538461,22354841.84985739,194935.31038052004,0.0087200487343981,0.19493531038052,0,2270,0.25,0p25,436570,high_default,1000000.0,50
Fin_fl_rl_scaffold_2,pure_rl,fl_rl_scaffold,1544796.305784562,1000000.0,1544796.3057845128,544796.3057845128,0.0,0.0,7.0,0.0,460,460,65,0.1413043478260869,16090659.092136215,163013.63562057505,0.0101309483152397,0.163013635620575,0,2270,0.25,0p25,436570,high_default,1000000.0,50
Fin_fl_rl_scaffold_3,pure_rl,fl_rl_scaffold,2265362.107325911,1000000.0,2265362.1073259665,1265362.1073259665,0.0,0.0,6.0,0.0,774,774,33,0.0426356589147286,25972403.852475744,94576.67413344864,0.0036414293675182,0.0945766741334486,0,2270,0.25,0p25,436570,high_default,1000000.0,50
Fin_rl_1,pure_rl,rl,1555209.3615209742,1000000.0,1555209.3615209544,555209.3615209544,0.0,0.0,8.0,0.0,500,500,64,0.128,17696623.39644095,190290.4987420323,0.0107529269555627,0.1902904987420323,0,2275,0.25,0p25,831197,high_default,1000000.0,50
Fin_rl_2,pure_rl,rl,1801672.964305217,1000000.0,1801672.964305208,801672.9643052081,0.0,0.0,7.0,0.0,670,670,103,0.1537313432835821,23378800.29342217,271427.2500213422,0.0116099734209933,0.2714272500213422,0,2275,0.25,0p25,831197,high_default,1000000.0,50
Fin_rl_3,pure_rl,rl,1647633.2376700768,1000000.0,1647633.237670055,647633.2376700547,0.0,0.0,6.0,0.0,706,706,120,0.1699716713881019,22840128.917744584,291670.57147139503,0.0127700930464011,0.291670571471395,0,2275,0.25,0p25,831197,high_default,1000000.0,50
Fin_fl_rl_scaffold_1,pure_rl,fl_rl_scaffold,1596692.4980704747,1000000.0,1596692.498070378,596692.4980703779,0.0,0.0,7.0,0.0,593,593,82,0.1382799325463743,20040993.84710831,231845.8973247776,0.0115685828304483,0.2318458973247775,0,2275,0.25,0p25,831197,high_default,1000000.0,50
Fin_fl_rl_scaffold_2,pure_rl,fl_rl_scaffold,1877713.4075604205,1000000.0,1877713.407560412,877713.4075604118,0.0,0.0,7.0,0.0,698,698,66,0.0945558739255014,23804015.68113776,163840.2480755127,0.0068828827148412,0.1638402480755127,0,2275,0.25,0p25,831197,high_default,1000000.0,50
Fin_fl_rl_scaffold_3,pure_rl,fl_rl_scaffold,2172983.915735447,1000000.0,2172983.9157354315,1172983.9157354317,0.0,0.0,6.0,0.0,808,808,34,0.042079207920792,26602616.180899337,86127.87246509783,0.0032375715185086,0.0861278724650978,0,2275,0.25,0p25,831197,high_default,1000000.0,50
Fin_rl_1,pure_rl,rl,6001899.716413284,5000000.0,6001899.716411665,1001899.7164116652,0.0,0.0,6.0,0.0,1678,1678,0,0.0,58891493.0948377,0.0,0.0,0.0,0,2250,0.25,0p25,709098,none_default,5000000.0,50
Fin_rl_2,pure_rl,rl,5114867.055619084,5000000.0,5114867.055619342,114867.05561934224,0.0,0.0,17.0,0.0,176,176,0,0.0,6182662.834678422,0.0,0.0,0.0,0,2250,0.25,0p25,709098,none_default,5000000.0,50
Fin_rl_3,pure_rl,rl,5892147.320529369,5000000.0,5892147.320529604,892147.3205296043,0.0,0.0,6.0,0.0,1514,1514,0,0.0,52532315.53310513,0.0,0.0,0.0,0,2250,0.25,0p25,709098,none_default,5000000.0,50
Fin_fl_rl_scaffold_1,pure_rl,fl_rl_scaffold,5998632.229106654,5000000.0,5998632.22910782,998632.2291078204,0.0,0.0,6.0,0.0,1699,1699,0,0.0,58848065.3353821,0.0,0.0,0.0,0,2250,0.25,0p25,709098,none_default,5000000.0,50
Fin_fl_rl_scaffold_2,pure_rl,fl_rl_scaffold,5812743.34705182,5000000.0,5812743.347051966,812743.347051966,0.0,0.0,6.0,0.0,1353,1353,0,0.0,47554481.99566358,0.0,0.0,0.0,0,2250,0.25,0p25,709098,none_default,5000000.0,50
Fin_fl_rl_scaffold_3,pure_rl,fl_rl_scaffold,5136619.550282776,5000000.0,5136619.550283681,136619.55028368067,0.0,0.0,13.0,0.0,219,219,0,0.0,7563231.408049487,0.0,0.0,0.0,0,2250,0.25,0p25,709098,none_default,5000000.0,50
Fin_rl_1,pure_rl,rl,5680675.8671193225,5000000.0,5680675.867120201,680675.8671202008,0.0,0.0,6.0,0.0,1141,1141,0,0.0,40276983.08614092,0.0,0.0,0.0,0,2245,0.25,0p25,436570,none_default,5000000.0,50
Fin_rl_2,pure_rl,rl,5661473.054346936,5000000.0,5661473.054348325,661473.0543483254,0.0,0.0,19.0,0.0,1122,1122,0,0.0,38977278.34873721,0.0,0.0,0.0,0,2245,0.25,0p25,436570,none_default,5000000.0,50
Fin_rl_3,pure_rl,rl,5673790.457593654,5000000.0,5673790.457595052,673790.4575950522,0.0,0.0,6.0,0.0,1132,1132,0,0.0,39812100.01704492,0.0,0.0,0.0,0,2245,0.25,0p25,436570,none_default,5000000.0,50
Fin_fl_rl_scaffold_1,pure_rl,fl_rl_scaffold,5630577.378146019,5000000.0,5630577.378144709,630577.3781447094,0.0,0.0,6.0,0.0,1079,1079,0,0.0,37266615.29742321,0.0,0.0,0.0,0,2245,0.25,0p25,436570,none_default,5000000.0,50
Fin_fl_rl_scaffold_2,pure_rl,fl_rl_scaffold,5706684.722532586,5000000.0,5706684.7225317,706684.7225316996,0.0,0.0,6.0,0.0,1179,1179,0,0.0,41388202.93764086,0.0,0.0,0.0,0,2245,0.25,0p25,436570,none_default,5000000.0,50
Fin_fl_rl_scaffold_3,pure_rl,fl_rl_scaffold,5590830.296708836,5000000.0,5590830.296707519,590830.2967075193,0.0,0.0,6.0,0.0,984,984,0,0.0,34617401.722961776,0.0,0.0,0.0,0,2245,0.25,0p25,436570,none_default,5000000.0,50
Fin_rl_1,pure_rl,rl,5638628.254421725,5000000.0,5638628.254421122,638628.2544211224,0.0,0.0,6.0,0.0,1079,1079,0,0.0,37671553.77183972,0.0,0.0,0.0,0,2243,0.25,0p25,831197,none_default,5000000.0,50
Fin_rl_2,pure_rl,rl,5671174.841906235,5000000.0,5671174.841905046,671174.8419050463,0.0,0.0,6.0,0.0,1147,1147,0,0.0,39629143.56116716,0.0,0.0,0.0,0,2243,0.25,0p25,831197,none_default,5000000.0,50
Fin_rl_3,pure_rl,rl,5654109.427036554,5000000.0,5654109.427037368,654109.4270373676,0.0,0.0,6.0,0.0,1086,1086,0,0.0,38162837.126087,0.0,0.0,0.0,0,2243,0.25,0p25,831197,none_default,5000000.0,50
Fin_fl_rl_scaffold_1,pure_rl,fl_rl_scaffold,5637927.4139983,5000000.0,5637927.413997704,637927.4139977042,0.0,0.0,6.0,0.0,1067,1067,0,0.0,37485679.17251543,0.0,0.0,0.0,0,2243,0.25,0p25,831197,none_default,5000000.0,50
Fin_fl_rl_scaffold_2,pure_rl,fl_rl_scaffold,5701317.596806546,5000000.0,5701317.596808299,701317.5968082994,0.0,0.0,6.0,0.0,1166,1166,0,0.0,41067272.173002295,0.0,0.0,0.0,0,2243,0.25,0p25,831197,none_default,5000000.0,50
Fin_fl_rl_scaffold_3,pure_rl,fl_rl_scaffold,5646142.908185003,5000000.0,5646142.908186284,646142.9081862839,0.0,0.0,6.0,0.0,1104,1104,0,0.0,38125678.36114637,0.0,0.0,0.0,0,2243,0.25,0p25,831197,none_default,5000000.0,50
Fin_rl_1,pure_rl,rl,5206381.496180343,5000000.0,5206381.496179757,206381.4961797567,0.0,0.0,10.0,0.0,405,405,64,0.1580246913580247,14513989.924746595,114603.55463170164,0.0078960751127641,0.0229207109263403,0,2270,0.25,0p25,709098,low_default,5000000.0,50
Fin_rl_2,pure_rl,rl,5531989.080247534,5000000.0,5531989.08024638,531989.0802463796,0.0,0.0,9.0,0.0,1360,1360,281,0.2066176470588235,47493272.48415505,385710.7397186601,0.0081213763454043,0.077142147943732,0,2270,0.25,0p25,709098,low_default,5000000.0,50
Fin_rl_3,pure_rl,rl,5932937.434426475,5000000.0,5932937.434426459,932937.4344264586,0.0,0.0,6.0,0.0,1674,1674,117,0.0698924731182795,58805156.546650775,212226.44637947623,0.0036089768116017,0.0424452892758952,0,2270,0.25,0p25,709098,low_default,5000000.0,50
Fin_fl_rl_scaffold_1,pure_rl,fl_rl_scaffold,5684156.060337355,5000000.0,5684156.06033847,684156.0603384702,0.0,0.0,6.0,0.0,1217,1217,53,0.0435497124075595,42991868.400385045,88041.33990671686,0.0020478602857355,0.0176082679813433,0,2270,0.25,0p25,709098,low_default,5000000.0,50
Fin_fl_rl_scaffold_2,pure_rl,fl_rl_scaffold,5465173.240302416,5000000.0,5465173.240301175,465173.24030117504,0.0,0.0,8.0,0.0,998,998,154,0.1543086172344689,35403683.24104738,237073.95480809768,0.0066963076466923,0.0474147909616195,0,2270,0.25,0p25,709098,low_default,5000000.0,50
Fin_fl_rl_scaffold_3,pure_rl,fl_rl_scaffold,5558031.997635938,5000000.0,5558031.997635873,558031.997635873,0.0,0.0,9.0,0.0,888,888,32,0.036036036036036,31410447.03566889,52490.56605858683,0.0016711180837057,0.0104981132117173,0,2270,0.25,0p25,709098,low_default,5000000.0,50
Fin_rl_1,pure_rl,rl,5446353.32098475,5000000.0,5446353.320986322,446353.3209863221,0.0,0.0,6.0,0.0,958,958,123,0.1283924843423799,33731857.144891426,201005.3013091888,0.0059589159424514,0.0402010602618377,0,2263,0.25,0p25,436570,low_default,5000000.0,50
Fin_rl_2,pure_rl,rl,5406380.05849505,5000000.0,5406380.058494886,406380.0584948864,0.0,0.0,7.0,0.0,888,888,129,0.1452702702702702,30820135.70304531,198290.1661944252,0.0064337862787162,0.039658033238885,0,2263,0.25,0p25,436570,low_default,5000000.0,50
Fin_rl_3,pure_rl,rl,5596865.160896979,5000000.0,5596865.160898558,596865.1608985579,0.0,0.0,9.0,0.0,1044,1044,52,0.0498084291187739,36403832.0638789,96587.55297226387,0.0026532248803581,0.0193175105944527,0,2263,0.25,0p25,436570,low_default,5000000.0,50
Fin_fl_rl_scaffold_1,pure_rl,fl_rl_scaffold,5445032.197747064,5000000.0,5445032.1977471765,445032.1977471765,0.0,0.0,6.0,0.0,979,979,138,0.1409601634320735,34445355.63358714,231385.23631857912,0.0067174581902983,0.0462770472637158,0,2263,0.25,0p25,436570,low_default,5000000.0,50
Fin_fl_rl_scaffold_2,pure_rl,fl_rl_scaffold,5161996.694189046,5000000.0,5161996.694188527,161996.69418852683,0.0,0.0,6.0,0.0,537,537,164,0.3054003724394786,18565258.342670985,271281.17473600537,0.014612302706959,0.054256234947201,0,2263,0.25,0p25,436570,low_default,5000000.0,50
Fin_fl_rl_scaffold_3,pure_rl,fl_rl_scaffold,6191569.049046112,5000000.0,6191569.0490467,1191569.0490467,0.0,0.0,6.0,0.0,2174,2174,117,0.0538178472861085,75982637.37908326,180809.4367645098,0.0023796151726405,0.0361618873529019,0,2263,0.25,0p25,436570,low_default,5000000.0,50
Fin_rl_1,pure_rl,rl,5173014.86972712,5000000.0,5173014.869727656,173014.86972765625,0.0,0.0,12.0,0.0,428,428,89,0.2079439252336448,14740996.232033003,140544.57448331386,0.0095342656813046,0.0281089148966627,0,2291,0.25,0p25,831197,low_default,5000000.0,50
Fin_rl_2,pure_rl,rl,5712994.633952349,5000000.0,5712994.633951739,712994.6339517394,0.0,0.0,12.0,0.0,1685,1685,280,0.1661721068249258,59011245.86302328,439409.9299885814,0.00744620662659,0.0878819859977162,0,2291,0.25,0p25,831197,low_default,5000000.0,50
Fin_rl_3,pure_rl,rl,5360442.087636374,5000000.0,5360442.087635845,360442.08763584495,0.0,0.0,14.0,0.0,530,530,23,0.0433962264150943,18880177.822355315,47479.74329412442,0.0025147932260418,0.0094959486588248,0,2291,0.25,0p25,831197,low_default,5000000.0,50
Fin_fl_rl_scaffold_1,pure_rl,fl_rl_scaffold,5583306.859651192,5000000.0,5583306.8596517,583306.8596516997,0.0,0.0,8.0,0.0,1085,1085,73,0.0672811059907834,37453904.61943314,104493.65515543715,0.0027899268772425,0.0208987310310874,0,2291,0.25,0p25,831197,low_default,5000000.0,50
Fin_fl_rl_scaffold_2,pure_rl,fl_rl_scaffold,5439492.969362803,5000000.0,5439492.969363109,439492.9693631092,0.0,0.0,10.0,0.0,1062,1062,226,0.2128060263653484,36961400.67583613,320286.6137420528,0.0086654349641961,0.0640573227484105,0,2291,0.25,0p25,831197,low_default,5000000.0,50
Fin_fl_rl_scaffold_3,pure_rl,fl_rl_scaffold,6148669.322884691,5000000.0,6148669.322884551,1148669.3228845512,0.0,0.0,6.0,0.0,1790,1790,55,0.0307262569832402,62471795.76474793,98792.35479417404,0.0015813913076262,0.0197584709588348,0,2291,0.25,0p25,831197,low_default,5000000.0,50
Fin_rl_1,pure_rl,rl,5093206.616033936,5000000.0,5093206.616033663,93206.61603366304,0.0,0.0,9.0,0.0,433,433,156,0.3602771362586605,15183623.869415006,381573.910722755,0.0251306219124259,0.076314782144551,0,2248,0.25,0p25,709098,medium_default,5000000.0,50
Fin_rl_2,pure_rl,rl,5437235.909926743,5000000.0,5437235.9099266175,437235.9099266175,0.0,0.0,10.0,0.0,1148,1148,239,0.2081881533101045,40260339.292094044,532049.9845615565,0.0132152384683463,0.1064099969123113,0,2248,0.25,0p25,709098,medium_default,5000000.0,50
Fin_rl_3,pure_rl,rl,6006894.33412823,5000000.0,6006894.334128296,1006894.334128296,0.0,0.0,17.0,0.0,1151,1151,77,0.0668983492615117,40293343.03207413,193605.29911097925,0.0048048954130429,0.0387210598221958,0,2248,0.25,0p25,709098,medium_default,5000000.0,50
Fin_fl_rl_scaffold_1,pure_rl,fl_rl_scaffold,5665427.923441659,5000000.0,5665427.923443718,665427.9234437179,0.0,0.0,9.0,0.0,1294,1294,164,0.1267387944358578,45290617.48102423,346235.98558778974,0.0076447618700022,0.0692471971175579,0,2248,0.25,0p25,709098,medium_default,5000000.0,50
Fin_fl_rl_scaffold_2,pure_rl,fl_rl_scaffold,5316388.140085118,5000000.0,5316388.140083472,316388.14008347224,0.0,0.0,8.0,0.0,703,703,198,0.2816500711237553,24539028.87304119,396686.3439835832,0.0161655274149575,0.0793372687967166,0,2248,0.25,0p25,709098,medium_default,5000000.0,50
Fin_fl_rl_scaffold_3,pure_rl,fl_rl_scaffold,5715804.199920677,5000000.0,5715804.199921731,715804.1999217309,0.0,0.0,6.0,0.0,1275,1275,118,0.0925490196078431,45032692.94827122,231079.71367281163,0.0051313767519577,0.0462159427345623,0,2248,0.25,0p25,709098,medium_default,5000000.0,50
Fin_rl_1,pure_rl,rl,5290804.358406228,5000000.0,5290804.358406112,290804.3584061116,0.0,0.0,12.0,0.0,798,798,112,0.1403508771929824,28277775.959482204,306508.0268316738,0.0108391843570319,0.0613016053663347,0,2245,0.25,0p25,436570,medium_default,5000000.0,50
Fin_rl_2,pure_rl,rl,5211153.029054726,5000000.0,5211153.029055411,211153.029055411,0.0,0.0,8.0,0.0,909,909,249,0.2739273927392739,32109235.63643492,466918.78585644,0.0145415727469581,0.093383757171288,0,2245,0.25,0p25,436570,medium_default,5000000.0,50
Fin_rl_3,pure_rl,rl,5536142.914019083,5000000.0,5536142.9140185565,536142.9140185565,0.0,0.0,7.0,0.0,1282,1282,208,0.1622464898595944,44757129.32320405,483677.86335527326,0.0108067222064779,0.0967355726710546,0,2245,0.25,0p25,436570,medium_default,5000000.0,50
Fin_fl_rl_scaffold_1,pure_rl,fl_rl_scaffold,5041705.598487549,5000000.0,5041705.598487747,41705.5984877469,0.0,0.0,6.0,0.0,194,194,53,0.2731958762886597,6791734.65974959,150854.51601437994,0.0222114855146508,0.0301709032028759,0,2245,0.25,0p25,436570,medium_default,5000000.0,50
Fin_fl_rl_scaffold_2,pure_rl,fl_rl_scaffold,5287838.025435437,5000000.0,5287838.025435618,287838.0254356181,0.0,0.0,6.0,0.0,1035,1035,258,0.2492753623188406,36237563.03428644,600283.0693239926,0.0165652162855441,0.1200566138647985,0,2245,0.25,0p25,436570,medium_default,5000000.0,50
Fin_fl_rl_scaffold_3,pure_rl,fl_rl_scaffold,5953276.648262252,5000000.0,5953276.648262788,953276.6482627876,0.0,0.0,7.0,0.0,1862,1862,140,0.075187969924812,64526191.181090064,302339.57491942466,0.0046855326400859,0.0604679149838849,0,2245,0.25,0p25,436570,medium_default,5000000.0,50
Fin_rl_1,pure_rl,rl,5673436.12533331,5000000.0,5673436.125333677,673436.125333677,0.0,0.0,8.0,0.0,1052,1052,123,0.1169201520912547,36497299.87296845,299938.74167239567,0.0082181077152653,0.0599877483344791,0,2236,0.25,0p25,831197,medium_default,5000000.0,50
Fin_rl_2,pure_rl,rl,5562346.592819921,5000000.0,5562346.592820139,562346.5928201387,0.0,0.0,9.0,0.0,1037,1037,198,0.1909353905496625,36672781.19579485,423051.01149557,0.0115358311450913,0.0846102022991139,0,2236,0.25,0p25,831197,medium_default,5000000.0,50
Fin_rl_3,pure_rl,rl,5061441.710228515,5000000.0,5061441.710228591,61441.710228591226,0.0,0.0,24.0,0.0,73,73,15,0.2054794520547945,2570529.699772313,36924.503517829406,0.0143645504353052,0.0073849007035658,0,2236,0.25,0p25,831197,medium_default,5000000.0,50
Fin_fl_rl_scaffold_1,pure_rl,fl_rl_scaffold,5438944.373144985,5000000.0,5438944.37314613,438944.3731461298,0.0,0.0,15.0,0.0,713,713,101,0.1416549789621318,25161527.492721908,249809.872029897,0.0099282474842656,0.0499619744059794,0,2236,0.25,0p25,831197,medium_default,5000000.0,50
Fin_fl_rl_scaffold_2,pure_rl,fl_rl_scaffold,5989773.064151923,5000000.0,5989773.064149916,989773.0641499162,0.0,0.0,28.0,0.0,1762,1762,189,0.1072644721906923,62385782.5044621,441544.0365620362,0.0070776388278924,0.0883088073124072,0,2236,0.25,0p25,831197,medium_default,5000000.0,50
Fin_fl_rl_scaffold_3,pure_rl,fl_rl_scaffold,5911645.205669527,5000000.0,5911645.205669295,911645.205669295,0.0,0.0,21.0,0.0,1108,1108,73,0.065884476534296,38243828.53092216,154415.39853842286,0.0040376553412681,0.0308830797076845,0,2236,0.25,0p25,831197,medium_default,5000000.0,50
Fin_rl_1,pure_rl,rl,5334223.272367054,5000000.0,5334223.272366119,334223.2723661186,0.0,0.0,8.0,0.0,1239,1239,194,0.1565778853914447,43316427.10228153,517866.27230099327,0.0119554244646765,0.1035732544601986,0,2253,0.25,0p25,709098,high_default,5000000.0,50
Fin_rl_2,pure_rl,rl,5086667.630555717,5000000.0,5086667.630557169,86667.6305571692,0.0,0.0,8.0,0.0,1001,1001,316,0.3156843156843157,35162713.12563305,664973.1159148918,0.0189113141963478,0.1329946231829783,0,2253,0.25,0p25,709098,high_default,5000000.0,50
Fin_rl_3,pure_rl,rl,5386857.73324341,5000000.0,5386857.733243505,386857.7332435045,0.0,0.0,7.0,0.0,1128,1128,171,0.151595744680851,39734890.0343204,443072.1410838457,0.0111507076199568,0.0886144282167691,0,2253,0.25,0p25,709098,high_default,5000000.0,50
Fin_fl_rl_scaffold_1,pure_rl,fl_rl_scaffold,5071787.766736643,5000000.0,5071787.766735885,71787.76673588529,0.0,0.0,8.0,0.0,382,382,70,0.1832460732984293,13321245.170049278,232231.2873292569,0.0174331516584795,0.0464462574658513,0,2253,0.25,0p25,709098,high_default,5000000.0,50
Fin_fl_rl_scaffold_2,pure_rl,fl_rl_scaffold,5146564.318734843,5000000.0,5146564.318736533,146564.3187365327,0.0,0.0,6.0,0.0,747,747,195,0.2610441767068273,26091108.30605845,462887.0503290429,0.0177411800564086,0.0925774100658085,0,2253,0.25,0p25,709098,high_default,5000000.0,50
Fin_fl_rl_scaffold_3,pure_rl,fl_rl_scaffold,5352072.086249644,5000000.0,5352072.086250057,352072.08625005744,0.0,0.0,6.0,0.0,777,777,79,0.1016731016731016,27170027.44199681,220319.38136595784,0.0081089127287891,0.0440638762731915,0,2253,0.25,0p25,709098,high_default,5000000.0,50
Fin_rl_1,pure_rl,rl,4906262.314483803,5000000.0,4906262.314483495,-93737.6855165055,93737.6855165055,0.0187475371033011,9.0,0.0,203,203,84,0.4137931034482758,7056511.209428408,270994.8635168876,0.0384035191717407,0.0541989727033775,0,2269,0.25,0p25,436570,high_default,5000000.0,50
Fin_rl_2,pure_rl,rl,4912326.080680544,5000000.0,4912326.0806803545,-87673.9193196455,87673.9193196455,0.0175347838639291,8.0,0.0,571,571,269,0.4711033274956217,19941654.323693816,636390.3343553663,0.0319126148726404,0.1272780668710732,0,2269,0.25,0p25,436570,high_default,5000000.0,50
Fin_rl_3,pure_rl,rl,5379844.3433704,5000000.0,5379844.343371127,379844.3433711268,0.0,0.0,9.0,0.0,806,806,105,0.130272952853598,28112576.94719843,307759.4597233906,0.0109473941254631,0.0615518919446781,0,2269,0.25,0p25,436570,high_default,5000000.0,50
Fin_fl_rl_scaffold_1,pure_rl,fl_rl_scaffold,5134927.395802815,5000000.0,5134927.395804016,134927.39580401592,0.0,0.0,9.0,0.0,757,757,147,0.1941875825627476,26499585.427605875,453582.52529763314,0.0171165894854005,0.0907165050595266,0,2269,0.25,0p25,436570,high_default,5000000.0,50
Fin_fl_rl_scaffold_2,pure_rl,fl_rl_scaffold,5439231.028222248,5000000.0,5439231.028221863,439231.0282218633,0.0,0.0,9.0,0.0,1355,1355,236,0.1741697416974169,47893880.0583304,580621.2041739245,0.0121230771753464,0.1161242408347849,0,2269,0.25,0p25,436570,high_default,5000000.0,50
Fin_fl_rl_scaffold_3,pure_rl,fl_rl_scaffold,5861449.693290137,5000000.0,5861449.693290316,861449.6932903156,0.0,0.0,7.0,0.0,1494,1494,79,0.0528781793842034,52123379.33673096,222273.44182085188,0.0042643712792469,0.0444546883641703,0,2269,0.25,0p25,436570,high_default,5000000.0,50
Fin_rl_1,pure_rl,rl,5034709.375338723,5000000.0,5034709.375338577,34709.375338576734,0.0,0.0,8.0,0.0,705,705,140,0.1985815602836879,24887214.71563249,454736.7388069256,0.0182719016170696,0.0909473477613851,0,2263,0.25,0p25,831197,high_default,5000000.0,50
Fin_rl_2,pure_rl,rl,4798941.989343727,5000000.0,4798941.9893436935,-201058.0106563065,201058.0106563065,0.0402116021312613,8.0,0.0,663,663,362,0.5460030165912518,23049131.53603111,923337.542842007,0.0400595372280564,0.1846675085684014,0,2263,0.25,0p25,831197,high_default,5000000.0,50
Fin_rl_3,pure_rl,rl,5093377.815541643,5000000.0,5093377.815541701,93377.8155417014,0.0,0.0,18.0,0.0,296,296,64,0.2162162162162162,10485075.646728868,168344.56412053425,0.016055636582179,0.0336689128241068,0,2263,0.25,0p25,831197,high_default,5000000.0,50
Fin_fl_rl_scaffold_1,pure_rl,fl_rl_scaffold,5024895.25605493,5000000.0,5024895.256054417,24895.25605441723,0.0,0.0,8.0,0.0,580,580,135,0.2327586206896551,20506541.216586016,409089.5398599484,0.0199492218380089,0.0818179079719896,0,2263,0.25,0p25,831197,high_default,5000000.0,50
Fin_fl_rl_scaffold_2,pure_rl,fl_rl_scaffold,5200662.883801311,5000000.0,5200662.883800233,200662.8838002328,0.0,0.0,8.0,0.0,1075,1075,257,0.2390697674418604,38001980.25802864,658509.0895865752,0.01732828355563,0.131701817917315,0,2263,0.25,0p25,831197,high_default,5000000.0,50
Fin_fl_rl_scaffold_3,pure_rl,fl_rl_scaffold,6023799.036843204,5000000.0,6023799.03684357,1023799.03684357,0.0,0.0,9.0,0.0,2001,2001,107,0.0534732633683158,70641135.61094195,294297.3363924935,0.0041660901094985,0.0588594672784987,0,2263,0.25,0p25,831197,high_default,5000000.0,50
Fin_rl_1,pure_rl,rl,11164176.283917775,10000000.0,11164176.28391622,1164176.28391622,0.0,0.0,6.0,0.0,1944,1944,0,0.0,68394536.93418124,0.0,0.0,0.0,0,2247,0.25,0p25,709098,none_default,10000000.0,50
Fin_rl_2,pure_rl,rl,10093374.818254257,10000000.0,10093374.818253124,93374.81825312412,0.0,0.0,17.0,0.0,141,141,0,0.0,4987231.593921553,0.0,0.0,0.0,0,2247,0.25,0p25,709098,none_default,10000000.0,50
Fin_rl_3,pure_rl,rl,10253277.939902116,10000000.0,10253277.939902892,253277.9399028924,0.0,0.0,11.0,0.0,416,416,0,0.0,14518291.475497112,0.0,0.0,0.0,0,2247,0.25,0p25,709098,none_default,10000000.0,50
Fin_fl_rl_scaffold_1,pure_rl,fl_rl_scaffold,11173108.88875963,10000000.0,11173108.888760628,1173108.8887606282,0.0,0.0,6.0,0.0,1977,1977,0,0.0,69142278.55920266,0.0,0.0,0.0,0,2247,0.25,0p25,709098,none_default,10000000.0,50
Fin_fl_rl_scaffold_2,pure_rl,fl_rl_scaffold,11172565.190641413,10000000.0,11172565.190641088,1172565.1906410884,0.0,0.0,6.0,0.0,1969,1969,0,0.0,69020798.59630547,0.0,0.0,0.0,0,2247,0.25,0p25,709098,none_default,10000000.0,50
Fin_fl_rl_scaffold_3,pure_rl,fl_rl_scaffold,10114417.413527263,10000000.0,10114417.413526747,114417.41352674738,0.0,0.0,13.0,0.0,180,180,0,0.0,6322324.382105155,0.0,0.0,0.0,0,2247,0.25,0p25,709098,none_default,10000000.0,50
Fin_rl_1,pure_rl,rl,10744325.97518202,10000000.0,10744325.975181349,744325.9751813486,0.0,0.0,6.0,0.0,1266,1266,0,0.0,44397995.53647257,0.0,0.0,0.0,0,2248,0.25,0p25,436570,none_default,10000000.0,50
Fin_rl_2,pure_rl,rl,10559209.392543191,10000000.0,10559209.392543994,559209.3925439939,0.0,0.0,6.0,0.0,946,946,0,0.0,32988473.98538875,0.0,0.0,0.0,0,2248,0.25,0p25,436570,none_default,10000000.0,50
Fin_rl_3,pure_rl,rl,10769172.066218406,10000000.0,10769172.066215914,769172.0662159137,0.0,0.0,6.0,0.0,1299,1299,0,0.0,45218415.39099589,0.0,0.0,0.0,0,2248,0.25,0p25,436570,none_default,10000000.0,50
Fin_fl_rl_scaffold_1,pure_rl,fl_rl_scaffold,10741485.49919837,10000000.0,10741485.499198357,741485.4991983566,0.0,0.0,6.0,0.0,1254,1254,0,0.0,43542076.23210586,0.0,0.0,0.0,0,2248,0.25,0p25,436570,none_default,10000000.0,50
Fin_fl_rl_scaffold_2,pure_rl,fl_rl_scaffold,10753954.130304668,10000000.0,10753954.130303578,753954.1303035785,0.0,0.0,6.0,0.0,1277,1277,0,0.0,44544514.50449483,0.0,0.0,0.0,0,2248,0.25,0p25,436570,none_default,10000000.0,50
Fin_fl_rl_scaffold_3,pure_rl,fl_rl_scaffold,10352983.004505437,10000000.0,10352983.004503611,352983.0045036115,0.0,0.0,13.0,0.0,581,581,0,0.0,20744385.01941912,0.0,0.0,0.0,0,2248,0.25,0p25,436570,none_default,10000000.0,50
Fin_rl_1,pure_rl,rl,10644730.353186712,10000000.0,10644730.353187546,644730.3531875461,0.0,0.0,6.0,0.0,1090,1090,0,0.0,38075255.990624204,0.0,0.0,0.0,0,2248,0.25,0p25,831197,none_default,10000000.0,50
Fin_rl_2,pure_rl,rl,10668953.34793953,10000000.0,10668953.347941209,668953.3479412086,0.0,0.0,6.0,0.0,1125,1125,0,0.0,39309468.79888584,0.0,0.0,0.0,0,2248,0.25,0p25,831197,none_default,10000000.0,50
Fin_rl_3,pure_rl,rl,10685005.684556792,10000000.0,10685005.68455564,685005.6845556386,0.0,0.0,6.0,0.0,1136,1136,0,0.0,39924724.51090212,0.0,0.0,0.0,0,2248,0.25,0p25,831197,none_default,10000000.0,50
Fin_fl_rl_scaffold_1,pure_rl,fl_rl_scaffold,10658299.802875558,10000000.0,10658299.802875465,658299.8028754629,0.0,0.0,6.0,0.0,1097,1097,0,0.0,38498275.59688159,0.0,0.0,0.0,0,2248,0.25,0p25,831197,none_default,10000000.0,50
Fin_fl_rl_scaffold_2,pure_rl,fl_rl_scaffold,10710876.698854132,10000000.0,10710876.698856909,710876.6988569088,0.0,0.0,6.0,0.0,1181,1181,0,0.0,41621059.67616967,0.0,0.0,0.0,0,2248,0.25,0p25,831197,none_default,10000000.0,50
Fin_fl_rl_scaffold_3,pure_rl,fl_rl_scaffold,10598643.426205665,10000000.0,10598643.426207934,598643.4262079336,0.0,0.0,8.0,0.0,1012,1012,0,0.0,35294238.79894629,0.0,0.0,0.0,0,2248,0.25,0p25,831197,none_default,10000000.0,50
Fin_rl_1,pure_rl,rl,10171550.789080003,10000000.0,10171550.789078632,171550.78907863237,0.0,0.0,8.0,0.0,400,400,66,0.165,14019047.558247056,118083.12493670567,0.0084230490299778,0.0118083124936705,0,2262,0.25,0p25,709098,low_default,10000000.0,50
Fin_rl_2,pure_rl,rl,10283365.209641697,10000000.0,10283365.209645236,283365.2096452359,0.0,0.0,6.0,0.0,1027,1027,313,0.3047711781888997,36243447.649741925,530548.9433363866,0.0146384788904088,0.0530548943336386,0,2262,0.25,0p25,709098,low_default,10000000.0,50
Fin_rl_3,pure_rl,rl,10176020.77727881,10000000.0,10176020.777280023,176020.77728002332,0.0,0.0,6.0,0.0,333,333,60,0.1801801801801801,11749826.603920162,126240.49600575314,0.0107440305513644,0.0126240496005753,0,2262,0.25,0p25,709098,low_default,10000000.0,50
Fin_fl_rl_scaffold_1,pure_rl,fl_rl_scaffold,10579647.399991114,10000000.0,10579647.399993708,579647.3999937084,0.0,0.0,7.0,0.0,1110,1110,70,0.063063063063063,38557486.54108219,111127.53630098494,0.0028821260478838,0.0111127536300984,0,2262,0.25,0p25,709098,low_default,10000000.0,50
Fin_fl_rl_scaffold_2,pure_rl,fl_rl_scaffold,10567180.676561603,10000000.0,10567180.676561544,567180.6765615437,0.0,0.0,7.0,0.0,1180,1180,149,0.1262711864406779,41484920.80994699,242938.39206170297,0.0058560649826153,0.0242938392061702,0,2262,0.25,0p25,709098,low_default,10000000.0,50
Fin_fl_rl_scaffold_3,pure_rl,fl_rl_scaffold,11459901.438615562,10000000.0,11459901.438617775,1459901.4386177752,0.0,0.0,9.0,0.0,2509,2509,48,0.019131127939418,87370412.78666861,68943.2765243295,0.0007890918026525,0.0068943276524329,0,2262,0.25,0p25,709098,low_default,10000000.0,50
Fin_rl_1,pure_rl,rl,10561484.510969346,10000000.0,10561484.51096722,561484.5109672192,0.0,0.0,8.0,0.0,1002,1002,121,0.1207584830339321,35091895.59022421,228407.16384706687,0.0065088294606318,0.0228407163847066,0,2261,0.25,0p25,436570,low_default,10000000.0,50
Fin_rl_2,pure_rl,rl,10686910.12257144,10000000.0,10686910.122573055,686910.1225730553,0.0,0.0,11.0,0.0,1239,1239,170,0.1372074253430185,43112913.4696369,285203.3672987211,0.0066152654586793,0.0285203367298721,0,2261,0.25,0p25,436570,low_default,10000000.0,50
Fin_rl_3,pure_rl,rl,10284174.969292058,10000000.0,10284174.96929529,284174.96929528937,0.0,0.0,10.0,0.0,355,355,15,0.0422535211267605,12119369.34122726,24674.29973114988,0.0020359392503381,0.0024674299731149,0,2261,0.25,0p25,436570,low_default,10000000.0,50
Fin_fl_rl_scaffold_1,pure_rl,fl_rl_scaffold,10798981.478554916,10000000.0,10798981.478554484,798981.4785544854,0.0,0.0,9.0,0.0,1528,1528,141,0.0922774869109947,53138232.56929059,251389.11862283872,0.0047308520902541,0.0251389118622838,0,2261,0.25,0p25,436570,low_default,10000000.0,50
Fin_fl_rl_scaffold_2,pure_rl,fl_rl_scaffold,10496113.54624598,10000000.0,10496113.546246989,496113.5462469887,0.0,0.0,6.0,0.0,1070,1070,204,0.1906542056074766,37657170.80380063,349993.5134642947,0.0092942062824584,0.0349993513464294,0,2261,0.25,0p25,436570,low_default,10000000.0,50
Fin_fl_rl_scaffold_3,pure_rl,fl_rl_scaffold,10996428.4176152,10000000.0,10996428.417615296,996428.4176152964,0.0,0.0,12.0,0.0,1327,1327,39,0.0293896006028636,46496420.839753725,59749.324303797664,0.0012850306157912,0.0059749324303797,0,2261,0.25,0p25,436570,low_default,10000000.0,50
Fin_rl_1,pure_rl,rl,10069017.174651964,10000000.0,10069017.174652563,69017.17465256341,0.0,0.0,8.0,0.0,289,289,95,0.328719723183391,10078728.24704057,156954.24077733792,0.0155728219801366,0.0156954240777337,0,2263,0.25,0p25,831197,low_default,10000000.0,50
Fin_rl_2,pure_rl,rl,10404641.991352117,10000000.0,10404641.991354702,404641.9913547021,0.0,0.0,10.0,0.0,962,962,178,0.185031185031185,33969382.27464458,332235.5161550713,0.0097804403232571,0.0332235516155071,0,2263,0.25,0p25,831197,low_default,10000000.0,50
Fin_rl_3,pure_rl,rl,10823863.724926744,10000000.0,10823863.72492429,823863.7249242906,0.0,0.0,6.0,0.0,1428,1428,76,0.0532212885154061,50211270.315512486,145104.8480628929,0.0028898860186387,0.0145104848062892,0,2263,0.25,0p25,831197,low_default,10000000.0,50
Fin_fl_rl_scaffold_1,pure_rl,fl_rl_scaffold,10517205.207265044,10000000.0,10517205.207265329,517205.2072653286,0.0,0.0,8.0,0.0,973,973,61,0.0626927029804727,33718091.874438144,91688.49093767296,0.0027192668932485,0.0091688490937672,0,2263,0.25,0p25,831197,low_default,10000000.0,50
Fin_fl_rl_scaffold_2,pure_rl,fl_rl_scaffold,10315713.659079105,10000000.0,10315713.659081245,315713.659081243,0.0,0.0,9.0,0.0,840,840,193,0.2297619047619047,29561780.1507502,289678.70221525675,0.0097990953433129,0.0289678702215256,0,2263,0.25,0p25,831197,low_default,10000000.0,50
Fin_fl_rl_scaffold_3,pure_rl,fl_rl_scaffold,11138627.35719128,10000000.0,11138627.35718714,1138627.3571871389,0.0,0.0,26.0,0.0,2096,2096,129,0.0615458015267175,73087194.5621225,221968.4074275243,0.003037035540321,0.0221968407427524,0,2263,0.25,0p25,831197,low_default,10000000.0,50
Fin_rl_1,pure_rl,rl,10619456.525311615,10000000.0,10619456.52530786,619456.5253078602,0.0,0.0,20.0,0.0,464,464,49,0.105603448275862,16000272.437882222,122985.39166110844,0.0076864560987054,0.0122985391661108,0,2250,0.25,0p25,709098,medium_default,10000000.0,50
Fin_rl_2,pure_rl,rl,11434836.739249254,10000000.0,11434836.739251705,1434836.739251703,0.0,0.0,12.0,0.0,1524,1524,142,0.0931758530183727,53619856.464873046,328864.5303040375,0.0061332601760968,0.0328864530304037,0,2250,0.25,0p25,709098,medium_default,10000000.0,50
Fin_rl_3,pure_rl,rl,10826687.513755826,10000000.0,10826687.513756849,826687.5137568489,0.0,0.0,23.0,0.0,984,984,74,0.0752032520325203,34375730.14315923,144998.28559648478,0.0042180423511772,0.0144998285596484,0,2250,0.25,0p25,709098,medium_default,10000000.0,50
Fin_fl_rl_scaffold_1,pure_rl,fl_rl_scaffold,10267440.615988512,10000000.0,10267440.615988232,267440.6159882322,0.0,0.0,19.0,0.0,432,432,80,0.1851851851851851,14843457.60443554,172672.7794238246,0.0116329216564896,0.0172672779423824,0,2250,0.25,0p25,709098,medium_default,10000000.0,50
Fin_fl_rl_scaffold_2,pure_rl,fl_rl_scaffold,11419073.97771256,10000000.0,11419073.977713391,1419073.9777133912,0.0,0.0,13.0,0.0,1644,1644,303,0.1843065693430657,58268650.89114209,615666.4736176298,0.0105659984262862,0.0615666473617629,0,2250,0.25,0p25,709098,medium_default,10000000.0,50
Fin_fl_rl_scaffold_3,pure_rl,fl_rl_scaffold,10732287.419721322,10000000.0,10732287.41971996,732287.4197199605,0.0,0.0,20.0,0.0,680,680,64,0.0941176470588235,23884714.89704648,131432.50174982526,0.0055027871304454,0.0131432501749825,0,2250,0.25,0p25,709098,medium_default,10000000.0,50
Fin_rl_1,pure_rl,rl,10623648.205236897,10000000.0,10623648.205240656,623648.2052406557,0.0,0.0,6.0,0.0,1244,1244,133,0.1069131832797427,43182373.09599944,351428.24576701154,0.0081382337414793,0.0351428245767011,0,2263,0.25,0p25,436570,medium_default,10000000.0,50
Fin_rl_2,pure_rl,rl,10076287.153538574,10000000.0,10076287.153539304,76287.15353930369,0.0,0.0,15.0,0.0,606,606,224,0.3696369636963696,21406961.08877132,416067.505628334,0.0194360845475902,0.0416067505628333,0,2263,0.25,0p25,436570,medium_default,10000000.0,50
Fin_rl_3,pure_rl,rl,11059049.244931964,10000000.0,11059049.244930811,1059049.2449308112,0.0,0.0,13.0,0.0,1848,1848,139,0.0752164502164502,64722765.99962262,366484.4498197217,0.0056623731102879,0.0366484449819721,0,2263,0.25,0p25,436570,medium_default,10000000.0,50
Fin_fl_rl_scaffold_1,pure_rl,fl_rl_scaffold,10149178.445630452,10000000.0,10149178.445633097,149178.44563309662,0.0,0.0,8.0,0.0,593,593,201,0.3389544688026981,20513985.800141275,467281.9329089835,0.0227787002224485,0.0467281932908983,0,2263,0.25,0p25,436570,medium_default,10000000.0,50
Fin_fl_rl_scaffold_2,pure_rl,fl_rl_scaffold,10067623.748871155,10000000.0,10067623.74886736,67623.74886735901,0.0,0.0,7.0,0.0,422,422,181,0.428909952606635,14720788.481060537,419604.96189687465,0.0285042450298589,0.0419604961896874,0,2263,0.25,0p25,436570,medium_default,10000000.0,50
Fin_fl_rl_scaffold_3,pure_rl,fl_rl_scaffold,10844674.67389859,10000000.0,10844674.673899446,844674.6738994457,0.0,0.0,6.0,0.0,1391,1391,194,0.1394680086268871,48397441.3478176,413045.9518902312,0.0085344584421683,0.0413045951890231,0,2263,0.25,0p25,436570,medium_default,10000000.0,50
Fin_rl_1,pure_rl,rl,10126835.350280562,10000000.0,10126835.35028218,126835.35028218104,0.0,0.0,9.0,0.0,475,475,169,0.3557894736842105,16738454.40630349,391312.5124031085,0.0233780552794495,0.0391312512403108,0,2241,0.25,0p25,831197,medium_default,10000000.0,50
Fin_rl_2,pure_rl,rl,10462000.590771127,10000000.0,10462000.590769734,462000.59076973423,0.0,0.0,6.0,0.0,1145,1145,276,0.2410480349344978,40497701.53836302,638019.5941106431,0.0157544643245062,0.0638019594110643,0,2241,0.25,0p25,831197,medium_default,10000000.0,50
Fin_rl_3,pure_rl,rl,10474804.882813416,10000000.0,10474804.88281309,474804.88281309046,0.0,0.0,29.0,0.0,968,968,157,0.1621900826446281,33828817.40175835,388253.5186426061,0.0114770053600048,0.0388253518642606,0,2241,0.25,0p25,831197,medium_default,10000000.0,50
Fin_fl_rl_scaffold_1,pure_rl,fl_rl_scaffold,10417508.616788264,10000000.0,10417508.616787514,417508.6167875137,0.0,0.0,7.0,0.0,932,932,140,0.1502145922746781,32811740.93699272,350944.5420252442,0.0106957001367026,0.0350944542025244,0,2241,0.25,0p25,831197,medium_default,10000000.0,50
Fin_fl_rl_scaffold_2,pure_rl,fl_rl_scaffold,10287734.72144048,10000000.0,10287734.721439248,287734.72143924795,0.0,0.0,13.0,0.0,503,503,116,0.2306163021868787,17780373.738093868,245121.4740870397,0.0137860698373215,0.0245121474087039,0,2241,0.25,0p25,831197,medium_default,10000000.0,50
Fin_fl_rl_scaffold_3,pure_rl,fl_rl_scaffold,11372220.282651868,10000000.0,11372220.282649184,1372220.2826491836,0.0,0.0,15.0,0.0,1982,1982,91,0.0459132189707366,70055943.18882613,248663.6962436539,0.0035495017970626,0.0248663696243653,0,2241,0.25,0p25,831197,medium_default,10000000.0,50
Fin_rl_1,pure_rl,rl,10455989.545987029,10000000.0,10455989.545984032,455989.5459840316,0.0,0.0,8.0,0.0,1358,1358,146,0.1075110456553755,47351640.9750874,495928.4440413001,0.0104733106145617,0.04959284440413,0,2297,0.25,0p25,709098,high_default,10000000.0,50
Fin_rl_2,pure_rl,rl,9971048.17785654,10000000.0,9971048.17785558,-28951.822144420817,28951.822144420817,0.002895182214442,6.0,0.0,420,420,176,0.419047619047619,14923114.450095035,433218.2572640411,0.0290300164025936,0.0433218257264041,0,2297,0.25,0p25,709098,high_default,10000000.0,50
Fin_rl_3,pure_rl,rl,10083433.0656762,10000000.0,10083433.065675242,83433.06567524187,0.0,0.0,18.0,0.0,703,703,207,0.294452347083926,24707227.74567713,527319.8826632246,0.0213427377644781,0.0527319882663224,0,2297,0.25,0p25,709098,high_default,10000000.0,50
Fin_fl_rl_scaffold_1,pure_rl,fl_rl_scaffold,10245461.121068852,10000000.0,10245461.1210696,245461.1210695989,0.0,0.0,7.0,0.0,802,802,103,0.128428927680798,27899068.05176926,348832.3297126809,0.0125033685378088,0.034883232971268,0,2297,0.25,0p25,709098,high_default,10000000.0,50
Fin_fl_rl_scaffold_2,pure_rl,fl_rl_scaffold,9936129.648561489,10000000.0,9936129.648561198,-63870.351438801736,63870.351438801736,0.0063870351438801,6.0,0.0,411,411,184,0.4476885644768856,14311014.770733412,480206.6969242092,0.0335550416666643,0.0480206696924209,0,2297,0.25,0p25,709098,high_default,10000000.0,50
Fin_fl_rl_scaffold_3,pure_rl,fl_rl_scaffold,10840088.63865177,10000000.0,10840088.638648463,840088.6386484653,0.0,0.0,7.0,0.0,1478,1478,85,0.057510148849797,52043299.17737946,238422.46656079512,0.0045812327490649,0.0238422466560795,0,2297,0.25,0p25,709098,high_default,10000000.0,50
Fin_rl_1,pure_rl,rl,10143576.744164776,10000000.0,10143576.744161451,143576.7441614531,0.0,0.0,7.0,0.0,734,734,111,0.1512261580381471,25669647.608013403,372722.7522068271,0.0145199793116938,0.0372722752206827,0,2251,0.25,0p25,436570,high_default,10000000.0,50
Fin_rl_2,pure_rl,rl,10019009.86566227,10000000.0,10019009.865662389,19009.865662388504,0.0,0.0,16.0,0.0,817,817,270,0.3304773561811505,28828560.071023125,694161.7162451437,0.0240789590092249,0.0694161716245143,0,2251,0.25,0p25,436570,high_default,10000000.0,50
Fin_rl_3,pure_rl,rl,9863115.051653368,10000000.0,9863115.051651936,-136884.94834806398,136884.94834806398,0.0136884948348063,15.0,0.0,671,671,354,0.5275707898658718,23727699.46000088,827860.4733385625,0.0348900437960339,0.0827860473338562,0,2251,0.25,0p25,436570,high_default,10000000.0,50
Fin_fl_rl_scaffold_1,pure_rl,fl_rl_scaffold,10099232.963622952,10000000.0,10099232.963623192,99232.96362319216,0.0,0.0,7.0,0.0,616,616,101,0.1639610389610389,21344876.706023872,332285.4984735319,0.0155674592573193,0.0332285498473531,0,2251,0.25,0p25,436570,high_default,10000000.0,50
Fin_fl_rl_scaffold_2,pure_rl,fl_rl_scaffold,10161425.274460375,10000000.0,10161425.274458963,161425.2744589653,0.0,0.0,6.0,0.0,830,830,191,0.2301204819277108,28944127.57602108,452807.9964835703,0.015644209530734,0.045280799648357,0,2251,0.25,0p25,436570,high_default,10000000.0,50
Fin_fl_rl_scaffold_3,pure_rl,fl_rl_scaffold,10785418.92233663,10000000.0,10785418.922336468,785418.9223364685,0.0,0.0,17.0,0.0,1731,1731,134,0.0774119006354708,60089845.348786704,384020.94777167856,0.006390779432742,0.0384020947771678,0,2251,0.25,0p25,436570,high_default,10000000.0,50
Fin_rl_1,pure_rl,rl,10529604.137956802,10000000.0,10529604.13796253,529604.1379625294,0.0,0.0,18.0,0.0,744,744,102,0.1370967741935483,25830778.5672939,346529.97783255286,0.0134153903619195,0.0346529977832552,0,2255,0.25,0p25,831197,high_default,10000000.0,50
Fin_rl_2,pure_rl,rl,10303679.371073317,10000000.0,10303679.371072937,303679.3710729368,0.0,0.0,8.0,0.0,1083,1083,439,0.4053554939981533,37799302.95455594,1012597.5942313222,0.0267887901385037,0.1012597594231322,0,2255,0.25,0p25,831197,high_default,10000000.0,50
Fin_rl_3,pure_rl,rl,10858759.751864571,10000000.0,10858759.75186482,858759.7518648189,0.0,0.0,18.0,0.0,1225,1225,128,0.1044897959183673,42865912.33424269,381272.7673005599,0.0088945445585672,0.0381272767300559,0,2255,0.25,0p25,831197,high_default,10000000.0,50
Fin_fl_rl_scaffold_1,pure_rl,fl_rl_scaffold,10667671.485831749,10000000.0,10667671.485831965,667671.4858319648,0.0,0.0,15.0,0.0,1109,1109,110,0.0991884580703336,38605442.12094341,366638.018863817,0.0094970553041514,0.0366638018863817,0,2255,0.25,0p25,831197,high_default,10000000.0,50
Fin_fl_rl_scaffold_2,pure_rl,fl_rl_scaffold,10374829.005571324,10000000.0,10374829.005569566,374829.0055695661,0.0,0.0,17.0,0.0,1017,1017,299,0.2940019665683382,36119412.25553103,778592.5608796468,0.0215560695000074,0.0778592560879646,0,2255,0.25,0p25,831197,high_default,10000000.0,50
Fin_fl_rl_scaffold_3,pure_rl,fl_rl_scaffold,10124730.18445207,10000000.0,10124730.184453337,124730.18445333652,0.0,0.0,22.0,0.0,201,201,28,0.1393034825870646,6931248.677263586,68647.28667243928,0.0099040288220535,0.0068647286672439,0,2255,0.25,0p25,831197,high_default,10000000.0,50
Fin_rl_1,pure_rl,rl,2283507.513233073,1000000.0,2283507.513233169,1283507.513233169,0.0,0.0,6.0,0.0,776,776,0,0.0,26931153.663997754,0.0,0.0,0.0,0,2253,0.5,0p50,709098,none_default,1000000.0,50
Fin_rl_2,pure_rl,rl,2691755.2727417503,1000000.0,2691755.2727418486,1691755.2727418486,0.0,0.0,6.0,0.0,833,833,0,0.0,29775970.106742967,0.0,0.0,0.0,0,2253,0.5,0p50,709098,none_default,1000000.0,50
Fin_rl_3,pure_rl,rl,2684464.631875661,1000000.0,2684464.6318754945,1684464.6318754945,0.0,0.0,6.0,0.0,888,888,0,0.0,31335942.26451159,0.0,0.0,0.0,0,2253,0.5,0p50,709098,none_default,1000000.0,50
Fin_fl_rl_scaffold_1,pure_rl,fl_rl_scaffold,2540442.095413516,1000000.0,2540442.095413472,1540442.0954134716,0.0,0.0,6.0,0.0,791,791,0,0.0,28171439.08226668,0.0,0.0,0.0,0,2253,0.5,0p50,709098,none_default,1000000.0,50
Fin_fl_rl_scaffold_2,pure_rl,fl_rl_scaffold,2185227.7996331644,1000000.0,2185227.79963316,1185227.7996331593,0.0,0.0,6.0,0.0,917,917,0,0.0,27159488.701842632,0.0,0.0,0.0,0,2253,0.5,0p50,709098,none_default,1000000.0,50
Fin_fl_rl_scaffold_3,pure_rl,fl_rl_scaffold,2302715.181302045,1000000.0,2302715.18130204,1302715.18130204,0.0,0.0,6.0,0.0,879,879,0,0.0,28102731.15158241,0.0,0.0,0.0,0,2253,0.5,0p50,709098,none_default,1000000.0,50
Fin_rl_1,pure_rl,rl,2524210.966878205,1000000.0,2524210.966878187,1524210.966878187,0.0,0.0,6.0,0.0,904,904,0,0.0,28945748.269813105,0.0,0.0,0.0,0,2265,0.5,0p50,436570,none_default,1000000.0,50
Fin_rl_2,pure_rl,rl,2317419.1192089706,1000000.0,2317419.119208936,1317419.1192089356,0.0,0.0,6.0,0.0,884,884,0,0.0,28602549.11777791,0.0,0.0,0.0,0,2265,0.5,0p50,436570,none_default,1000000.0,50
Fin_rl_3,pure_rl,rl,2131119.1793416985,1000000.0,2131119.179341737,1131119.1793417372,0.0,0.0,6.0,0.0,674,674,0,0.0,23846452.380400594,0.0,0.0,0.0,0,2265,0.5,0p50,436570,none_default,1000000.0,50
Fin_fl_rl_scaffold_1,pure_rl,fl_rl_scaffold,2571053.375852428,1000000.0,2571053.3758524177,1571053.3758524177,0.0,0.0,6.0,0.0,829,829,0,0.0,29104910.38293052,0.0,0.0,0.0,0,2265,0.5,0p50,436570,none_default,1000000.0,50
Fin_fl_rl_scaffold_2,pure_rl,fl_rl_scaffold,2497721.4167479947,1000000.0,2497721.416748036,1497721.4167480357,0.0,0.0,6.0,0.0,870,870,0,0.0,28759580.32893516,0.0,0.0,0.0,0,2265,0.5,0p50,436570,none_default,1000000.0,50
Fin_fl_rl_scaffold_3,pure_rl,fl_rl_scaffold,2395034.76960584,1000000.0,2395034.7696058787,1395034.7696058787,0.0,0.0,6.0,0.0,807,807,0,0.0,27285328.990881205,0.0,0.0,0.0,0,2265,0.5,0p50,436570,none_default,1000000.0,50
Fin_rl_1,pure_rl,rl,2193452.818414035,1000000.0,2193452.8184140846,1193452.8184140846,0.0,0.0,6.0,0.0,853,853,0,0.0,27595845.896725688,0.0,0.0,0.0,0,2247,0.5,0p50,831197,none_default,1000000.0,50
Fin_rl_2,pure_rl,rl,2069484.6097563007,1000000.0,2069484.609756186,1069484.609756186,0.0,0.0,6.0,0.0,712,712,0,0.0,24121965.08704037,0.0,0.0,0.0,0,2247,0.5,0p50,831197,none_default,1000000.0,50
Fin_rl_3,pure_rl,rl,2073700.2894108184,1000000.0,2073700.28941084,1073700.2894108398,0.0,0.0,6.0,0.0,762,762,0,0.0,25826321.345161967,0.0,0.0,0.0,0,2247,0.5,0p50,831197,none_default,1000000.0,50
Fin_fl_rl_scaffold_1,pure_rl,fl_rl_scaffold,2787776.666795376,1000000.0,2787776.6667952994,1787776.6667952994,0.0,0.0,6.0,0.0,853,853,0,0.0,31123449.42232877,0.0,0.0,0.0,0,2247,0.5,0p50,831197,none_default,1000000.0,50
Fin_fl_rl_scaffold_2,pure_rl,fl_rl_scaffold,2155541.685095512,1000000.0,2155541.6850954155,1155541.6850954157,0.0,0.0,6.0,0.0,886,886,0,0.0,26932610.950777743,0.0,0.0,0.0,0,2247,0.5,0p50,831197,none_default,1000000.0,50
Fin_fl_rl_scaffold_3,pure_rl,fl_rl_scaffold,2123784.576333334,1000000.0,2123784.576333261,1123784.576333261,0.0,0.0,6.0,0.0,881,881,0,0.0,26638825.68661637,0.0,0.0,0.0,0,2247,0.5,0p50,831197,none_default,1000000.0,50
Fin_rl_1,pure_rl,rl,2207269.887129784,1000000.0,2207269.8871298134,1207269.8871298134,0.0,0.0,6.0,0.0,803,803,15,0.0186799501867995,27106916.80574507,22575.233406606243,0.0008328218796842,0.0225752334066062,0,2255,0.5,0p50,709098,low_default,1000000.0,50
Fin_rl_2,pure_rl,rl,1723644.3599080143,1000000.0,1723644.3599080036,723644.3599080036,0.0,0.0,7.0,0.0,746,746,151,0.2024128686327077,23641642.63330136,238109.42102694404,0.0100716107048985,0.238109421026944,0,2255,0.5,0p50,709098,low_default,1000000.0,50
Fin_rl_3,pure_rl,rl,2368623.3000501706,1000000.0,2368623.3000502577,1368623.3000502577,0.0,0.0,6.0,0.0,868,868,18,0.02073732718894,29550968.545101125,34388.462239687404,0.0011637000048645,0.0343884622396874,0,2255,0.5,0p50,709098,low_default,1000000.0,50
Fin_fl_rl_scaffold_1,pure_rl,fl_rl_scaffold,2242501.991653615,1000000.0,2242501.99165357,1242501.99165357,0.0,0.0,16.0,0.0,807,807,24,0.0297397769516728,26828912.699148845,37902.74394885558,0.0014127573626961,0.0379027439488555,0,2255,0.5,0p50,709098,low_default,1000000.0,50
Fin_fl_rl_scaffold_2,pure_rl,fl_rl_scaffold,1988250.204640236,1000000.0,1988250.204640214,988250.204640214,0.0,0.0,6.0,0.0,761,761,59,0.0775295663600525,24962587.037211448,105973.15825797558,0.0042452794696319,0.1059731582579755,0,2255,0.5,0p50,709098,low_default,1000000.0,50
Fin_fl_rl_scaffold_3,pure_rl,fl_rl_scaffold,2581568.112666858,1000000.0,2581568.1126667303,1581568.1126667303,0.0,0.0,6.0,0.0,794,794,9,0.0113350125944584,28805099.551496614,18087.31373866988,0.000627920542553,0.0180873137386698,0,2255,0.5,0p50,709098,low_default,1000000.0,50
Fin_rl_1,pure_rl,rl,2335357.098225511,1000000.0,2335357.0982256145,1335357.0982256143,0.0,0.0,6.0,0.0,802,802,17,0.0211970074812967,27910039.465926908,32612.14958103276,0.0011684737895425,0.0326121495810327,0,2287,0.5,0p50,436570,low_default,1000000.0,50
Fin_rl_2,pure_rl,rl,2209893.167381578,1000000.0,2209893.167381576,1209893.167381575,0.0,0.0,6.0,0.0,714,714,28,0.0392156862745098,25681253.64614009,52954.3849659923,0.0020619859799543,0.0529543849659923,0,2287,0.5,0p50,436570,low_default,1000000.0,50
Fin_rl_3,pure_rl,rl,2165771.7688286933,1000000.0,2165771.7688285746,1165771.7688285746,0.0,0.0,6.0,0.0,896,896,41,0.0457589285714285,28009306.088994708,91165.4047026875,0.0032548255359495,0.0911654047026875,0,2287,0.5,0p50,436570,low_default,1000000.0,50
Fin_fl_rl_scaffold_1,pure_rl,fl_rl_scaffold,2313039.729871537,1000000.0,2313039.729871534,1313039.7298715338,0.0,0.0,6.0,0.0,683,683,31,0.0453879941434846,25485527.97305833,68050.18906646018,0.0026701502569771,0.0680501890664601,0,2287,0.5,0p50,436570,low_default,1000000.0,50
Fin_fl_rl_scaffold_2,pure_rl,fl_rl_scaffold,1854325.72290716,1000000.0,1854325.722907119,854325.722907119,0.0,0.0,6.0,0.0,682,682,93,0.1363636363636363,23290601.08828752,202262.43669010408,0.008684294403712,0.202262436690104,0,2287,0.5,0p50,436570,low_default,1000000.0,50
Fin_fl_rl_scaffold_3,pure_rl,fl_rl_scaffold,2103176.198473313,1000000.0,2103176.198473362,1103176.1984733618,0.0,0.0,6.0,0.0,879,879,31,0.0352673492605233,26534014.29955578,57588.486006647945,0.0021703646254389,0.0575884860066479,0,2287,0.5,0p50,436570,low_default,1000000.0,50
Fin_rl_1,pure_rl,rl,2326434.7288587485,1000000.0,2326434.728858672,1326434.7288586716,0.0,0.0,6.0,0.0,801,801,33,0.0411985018726591,27895797.62535805,74463.95596614601,0.0026693610616982,0.074463955966146,0,2261,0.5,0p50,831197,low_default,1000000.0,50
Fin_rl_2,pure_rl,rl,2027498.8581525013,1000000.0,2027498.8581523653,1027498.8581523652,0.0,0.0,6.0,0.0,770,770,98,0.1272727272727272,25985254.548718147,193912.8364014636,0.007462418197132,0.1939128364014635,0,2261,0.5,0p50,831197,low_default,1000000.0,50
Fin_rl_3,pure_rl,rl,2318282.3300235635,1000000.0,2318282.330023592,1318282.330023592,0.0,0.0,6.0,0.0,776,776,21,0.027061855670103,26529273.51432085,42042.94174197534,0.0015847754639523,0.0420429417419753,0,2261,0.5,0p50,831197,low_default,1000000.0,50
Fin_fl_rl_scaffold_1,pure_rl,fl_rl_scaffold,2340685.2972712973,1000000.0,2340685.297271332,1340685.2972713322,0.0,0.0,6.0,0.0,814,814,13,0.0159705159705159,27785080.58610296,19172.226475270167,0.0006900187464224,0.0191722264752701,0,2261,0.5,0p50,831197,low_default,1000000.0,50
Fin_fl_rl_scaffold_2,pure_rl,fl_rl_scaffold,2172464.073880256,1000000.0,2172464.073880296,1172464.0738802953,0.0,0.0,6.0,0.0,840,840,32,0.0380952380952381,27003777.75796392,46101.91282032865,0.0017072393808578,0.0461019128203286,0,2261,0.5,0p50,831197,low_default,1000000.0,50
Fin_fl_rl_scaffold_3,pure_rl,fl_rl_scaffold,2505644.5543015823,1000000.0,2505644.55430172,1505644.5543017196,0.0,0.0,6.0,0.0,818,818,8,0.0097799511002444,27646361.110534165,11420.250191943538,0.0004130833040299,0.0114202501919435,0,2261,0.5,0p50,831197,low_default,1000000.0,50
Fin_rl_1,pure_rl,rl,2014068.979017394,1000000.0,2014068.979017437,1014068.979017437,0.0,0.0,7.0,0.0,667,667,91,0.136431784107946,23337229.035820074,213060.81117544288,0.0091296533469512,0.2130608111754428,0,2258,0.5,0p50,709098,medium_default,1000000.0,50
Fin_rl_2,pure_rl,rl,2075680.14074592,1000000.0,2075680.140745972,1075680.1407459716,0.0,0.0,7.0,0.0,682,682,67,0.0982404692082111,23761344.83844032,147920.4191928373,0.0062252545131004,0.1479204191928373,0,2258,0.5,0p50,709098,medium_default,1000000.0,50
Fin_rl_3,pure_rl,rl,2368038.5036398894,1000000.0,2368038.50363986,1368038.50363986,0.0,0.0,6.0,0.0,810,810,42,0.0518518518518518,27106211.532301266,96410.34884614366,0.0035567622104348,0.0964103488461436,0,2258,0.5,0p50,709098,medium_default,1000000.0,50
Fin_fl_rl_scaffold_1,pure_rl,fl_rl_scaffold,2013498.926600892,1000000.0,2013498.9266008192,1013498.9266008192,0.0,0.0,6.0,0.0,721,721,44,0.0610263522884882,24060093.143704303,115934.61703104446,0.0048185439822946,0.1159346170310444,0,2258,0.5,0p50,709098,medium_default,1000000.0,50
Fin_fl_rl_scaffold_2,pure_rl,fl_rl_scaffold,1917022.95530487,1000000.0,1917022.9553049176,917022.9553049176,0.0,0.0,11.0,0.0,769,769,63,0.0819245773732119,24288779.142272983,116615.91158949846,0.0048012257391124,0.1166159115894984,0,2258,0.5,0p50,709098,medium_default,1000000.0,50
Fin_fl_rl_scaffold_3,pure_rl,fl_rl_scaffold,2050670.168227572,1000000.0,2050670.168227582,1050670.168227582,0.0,0.0,6.0,0.0,641,641,43,0.0670826833073322,22285956.873584587,88517.45632164866,0.0039718939071702,0.0885174563216486,0,2258,0.5,0p50,709098,medium_default,1000000.0,50
Fin_rl_1,pure_rl,rl,1876923.558551462,1000000.0,1876923.5585514144,876923.5585514144,0.0,0.0,6.0,0.0,556,556,43,0.0773381294964028,20419288.887070656,105064.45020843722,0.0051453530428752,0.1050644502084372,0,2259,0.5,0p50,436570,medium_default,1000000.0,50
Fin_rl_2,pure_rl,rl,1953940.4681376647,1000000.0,1953940.4681378503,953940.4681378504,0.0,0.0,7.0,0.0,653,653,92,0.1408882082695252,22525232.954094857,205944.36849998732,0.0091428296843673,0.2059443684999873,0,2259,0.5,0p50,436570,medium_default,1000000.0,50
Fin_rl_3,pure_rl,rl,2423077.6372093763,1000000.0,2423077.637209412,1423077.6372094122,0.0,0.0,6.0,0.0,870,870,51,0.0586206896551724,28143302.963276982,123415.07396846828,0.0043852377288304,0.1234150739684682,0,2259,0.5,0p50,436570,medium_default,1000000.0,50
Fin_fl_rl_scaffold_1,pure_rl,fl_rl_scaffold,1771547.5773301572,1000000.0,1771547.5773301676,771547.5773301676,0.0,0.0,6.0,0.0,702,702,105,0.1495726495726495,23225413.319858942,242367.5540435867,0.0104354463236333,0.2423675540435866,0,2259,0.5,0p50,436570,medium_default,1000000.0,50
Fin_fl_rl_scaffold_2,pure_rl,fl_rl_scaffold,1959835.8601650707,1000000.0,1959835.8601652,959835.8601651996,0.0,0.0,7.0,0.0,682,682,117,0.1715542521994134,23561022.77539175,253656.7963266369,0.0107659501348798,0.2536567963266368,0,2259,0.5,0p50,436570,medium_default,1000000.0,50
Fin_fl_rl_scaffold_3,pure_rl,fl_rl_scaffold,2151749.1496414235,1000000.0,2151749.149641476,1151749.149641476,0.0,0.0,6.0,0.0,781,781,42,0.0537772087067861,25680597.694993395,86284.13369666168,0.003359895852949,0.0862841336966616,0,2259,0.5,0p50,436570,medium_default,1000000.0,50
Fin_rl_1,pure_rl,rl,1679898.6602913016,1000000.0,1679898.6602913574,679898.6602913574,0.0,0.0,7.0,0.0,486,486,88,0.1810699588477366,17583905.581361946,230025.2832472287,0.0130815808912807,0.2300252832472287,0,2250,0.5,0p50,831197,medium_default,1000000.0,50
Fin_rl_2,pure_rl,rl,1874331.114626173,1000000.0,1874331.1146261345,874331.1146261343,0.0,0.0,6.0,0.0,674,674,114,0.1691394658753709,23127048.2440945,251791.0235747494,0.0108872961614997,0.2517910235747493,0,2250,0.5,0p50,831197,medium_default,1000000.0,50
Fin_rl_3,pure_rl,rl,1999981.3963099667,1000000.0,1999981.3963099376,999981.3963099378,0.0,0.0,20.0,0.0,748,748,101,0.1350267379679144,24632985.272003133,196446.83256099225,0.007974950270614,0.1964468325609922,0,2250,0.5,0p50,831197,medium_default,1000000.0,50
Fin_fl_rl_scaffold_1,pure_rl,fl_rl_scaffold,2294760.673841612,1000000.0,2294760.673841675,1294760.6738416748,0.0,0.0,7.0,0.0,758,758,36,0.0474934036939313,26517749.797120336,85207.26270829784,0.003213216180113,0.0852072627082978,0,2250,0.5,0p50,831197,medium_default,1000000.0,50
Fin_fl_rl_scaffold_2,pure_rl,fl_rl_scaffold,1916430.3578393192,1000000.0,1916430.357839263,916430.357839263,0.0,0.0,6.0,0.0,738,738,69,0.0934959349593495,24520057.75042711,146310.00406452164,0.0059669518544251,0.1463100040645216,0,2250,0.5,0p50,831197,medium_default,1000000.0,50
Fin_fl_rl_scaffold_3,pure_rl,fl_rl_scaffold,2061939.9014960844,1000000.0,2061939.9014960672,1061939.9014960672,0.0,0.0,6.0,0.0,888,888,30,0.0337837837837837,26687757.1673452,63032.69433911741,0.0023618580588796,0.0630326943391174,0,2250,0.5,0p50,831197,medium_default,1000000.0,50
Fin_rl_1,pure_rl,rl,1719588.439428794,1000000.0,1719588.43942883,719588.43942883,0.0,0.0,7.0,0.0,551,551,61,0.1107078039927404,19375895.25084794,206495.34023046496,0.0106573315739528,0.2064953402304649,0,2247,0.5,0p50,709098,high_default,1000000.0,50
Fin_rl_2,pure_rl,rl,1701615.6608655546,1000000.0,1701615.6608655443,701615.6608655443,0.0,0.0,7.0,0.0,660,660,96,0.1454545454545454,21981276.1935532,227678.8765410612,0.0103578552280707,0.2276788765410612,0,2247,0.5,0p50,709098,high_default,1000000.0,50
Fin_rl_3,pure_rl,rl,1740400.983609413,1000000.0,1740400.9836093548,740400.9836093548,0.0,0.0,6.0,0.0,788,788,55,0.0697969543147208,23739140.337670017,128514.89995994073,0.0054136290586735,0.1285148999599407,0,2247,0.5,0p50,709098,high_default,1000000.0,50
Fin_fl_rl_scaffold_1,pure_rl,fl_rl_scaffold,1526777.2678120278,1000000.0,1526777.267812057,526777.2678120569,0.0,0.0,7.0,0.0,585,585,109,0.1863247863247863,20004001.081880976,311886.9022674328,0.0155912260247741,0.3118869022674327,0,2247,0.5,0p50,709098,high_default,1000000.0,50
Fin_fl_rl_scaffold_2,pure_rl,fl_rl_scaffold,1642162.8464719448,1000000.0,1642162.8464720116,642162.8464720116,0.0,0.0,6.0,0.0,604,604,127,0.2102649006622516,21081686.8204103,301378.5110469104,0.0142957493683631,0.3013785110469104,0,2247,0.5,0p50,709098,high_default,1000000.0,50
Fin_fl_rl_scaffold_3,pure_rl,fl_rl_scaffold,1867961.6607177989,1000000.0,1867961.660717845,867961.660717845,0.0,0.0,6.0,0.0,678,678,66,0.0973451327433628,23172100.97588538,170189.98269142758,0.0073446073305368,0.1701899826914275,0,2247,0.5,0p50,709098,high_default,1000000.0,50
Fin_rl_1,pure_rl,rl,1647984.5946302055,1000000.0,1647984.594630242,647984.5946302419,0.0,0.0,6.0,0.0,703,703,63,0.0896159317211948,22846841.065975007,204438.0892993887,0.0089481993904116,0.2044380892993887,0,2270,0.5,0p50,436570,high_default,1000000.0,50
Fin_rl_2,pure_rl,rl,1620683.8329216165,1000000.0,1620683.8329215203,620683.8329215203,0.0,0.0,6.0,0.0,561,561,81,0.1443850267379679,19659536.98937996,204840.62040807435,0.0104194020702892,0.2048406204080743,0,2270,0.5,0p50,436570,high_default,1000000.0,50
Fin_rl_3,pure_rl,rl,2184316.6422854844,1000000.0,2184316.642285375,1184316.642285375,0.0,0.0,7.0,0.0,709,709,53,0.0747531734837799,25320768.68450067,152321.27877105493,0.0060156656643798,0.1523212787710549,0,2270,0.5,0p50,436570,high_default,1000000.0,50
Fin_fl_rl_scaffold_1,pure_rl,fl_rl_scaffold,1722785.1069255725,1000000.0,1722785.1069256093,722785.1069256093,0.0,0.0,7.0,0.0,562,562,61,0.1085409252669039,19955751.1015379,231893.12931251345,0.0116203658851328,0.2318931293125134,0,2270,0.5,0p50,436570,high_default,1000000.0,50
Fin_fl_rl_scaffold_2,pure_rl,fl_rl_scaffold,1581825.2808888666,1000000.0,1581825.280888791,581825.280888791,0.0,0.0,7.0,0.0,625,625,75,0.12,20814810.9095646,166455.754282224,0.0079969861367194,0.166455754282224,0,2270,0.5,0p50,436570,high_default,1000000.0,50
Fin_fl_rl_scaffold_3,pure_rl,fl_rl_scaffold,2205905.7632274427,1000000.0,2205905.763227532,1205905.7632275317,0.0,0.0,6.0,0.0,817,817,30,0.03671970624235,27153098.917855497,84442.3668854579,0.0031098611300653,0.0844423668854579,0,2270,0.5,0p50,436570,high_default,1000000.0,50
Fin_rl_1,pure_rl,rl,1564987.995798126,1000000.0,1564987.9957981429,564987.9957981429,0.0,0.0,8.0,0.0,496,496,68,0.1370967741935483,17529535.877269823,214701.4178067274,0.0122479807400449,0.2147014178067274,0,2247,0.5,0p50,831197,high_default,1000000.0,50
Fin_rl_2,pure_rl,rl,1626222.964928349,1000000.0,1626222.9649283006,626222.9649283006,0.0,0.0,7.0,0.0,593,593,136,0.2293423271500843,20830715.81924417,360418.2014637169,0.01730224753634,0.3604182014637169,0,2247,0.5,0p50,831197,high_default,1000000.0,50
Fin_rl_3,pure_rl,rl,1681017.4313636173,1000000.0,1681017.4313636438,681017.4313636438,0.0,0.0,6.0,0.0,641,641,77,0.1201248049921996,20854319.96873593,181999.1924364457,0.0087271698482277,0.1819991924364457,0,2247,0.5,0p50,831197,high_default,1000000.0,50
Fin_fl_rl_scaffold_1,pure_rl,fl_rl_scaffold,1230557.5464078365,1000000.0,1230557.5464078223,230557.5464078225,0.0,0.0,7.0,0.0,652,652,89,0.1365030674846625,19707105.42308163,243586.4577530954,0.0123603366665811,0.2435864577530954,0,2247,0.5,0p50,831197,high_default,1000000.0,50
Fin_fl_rl_scaffold_2,pure_rl,fl_rl_scaffold,1809047.5721057416,1000000.0,1809047.5721057807,809047.5721057814,0.0,0.0,7.0,0.0,701,701,66,0.094151212553495,23933093.14852532,166587.5131212619,0.006960550902779,0.1665875131212619,0,2247,0.5,0p50,831197,high_default,1000000.0,50
Fin_fl_rl_scaffold_3,pure_rl,fl_rl_scaffold,2214104.86001886,1000000.0,2214104.8600188773,1214104.8600188773,0.0,0.0,6.0,0.0,799,799,30,0.0375469336670838,27480542.513475545,76901.11010278117,0.0027983839862357,0.0769011101027811,0,2247,0.5,0p50,831197,high_default,1000000.0,50
Fin_rl_1,pure_rl,rl,6001899.716413284,5000000.0,6001899.716411665,1001899.7164116652,0.0,0.0,6.0,0.0,1678,1678,0,0.0,58891493.0948377,0.0,0.0,0.0,0,2250,0.5,0p50,709098,none_default,5000000.0,50
Fin_rl_2,pure_rl,rl,5114867.055619084,5000000.0,5114867.055619342,114867.05561934224,0.0,0.0,17.0,0.0,176,176,0,0.0,6182662.834678422,0.0,0.0,0.0,0,2250,0.5,0p50,709098,none_default,5000000.0,50
Fin_rl_3,pure_rl,rl,5892147.320529369,5000000.0,5892147.320529604,892147.3205296043,0.0,0.0,6.0,0.0,1514,1514,0,0.0,52532315.53310513,0.0,0.0,0.0,0,2250,0.5,0p50,709098,none_default,5000000.0,50
Fin_fl_rl_scaffold_1,pure_rl,fl_rl_scaffold,5998632.229106654,5000000.0,5998632.22910782,998632.2291078204,0.0,0.0,6.0,0.0,1699,1699,0,0.0,58848065.3353821,0.0,0.0,0.0,0,2250,0.5,0p50,709098,none_default,5000000.0,50
Fin_fl_rl_scaffold_2,pure_rl,fl_rl_scaffold,5812743.34705182,5000000.0,5812743.347051966,812743.347051966,0.0,0.0,6.0,0.0,1353,1353,0,0.0,47554481.99566358,0.0,0.0,0.0,0,2250,0.5,0p50,709098,none_default,5000000.0,50
Fin_fl_rl_scaffold_3,pure_rl,fl_rl_scaffold,5136619.550282776,5000000.0,5136619.550283681,136619.55028368067,0.0,0.0,13.0,0.0,219,219,0,0.0,7563231.408049487,0.0,0.0,0.0,0,2250,0.5,0p50,709098,none_default,5000000.0,50
Fin_rl_1,pure_rl,rl,5675307.219427675,5000000.0,5675307.219428383,675307.2194283828,0.0,0.0,6.0,0.0,1134,1134,0,0.0,39996125.93741534,0.0,0.0,0.0,0,2248,0.5,0p50,436570,none_default,5000000.0,50
Fin_rl_2,pure_rl,rl,5645636.77390275,5000000.0,5645636.773904206,645636.7739042062,0.0,0.0,6.0,0.0,1090,1090,0,0.0,38066424.83779909,0.0,0.0,0.0,0,2248,0.5,0p50,436570,none_default,5000000.0,50
Fin_rl_3,pure_rl,rl,5679857.312906594,5000000.0,5679857.312907954,679857.3129079537,0.0,0.0,6.0,0.0,1143,1143,0,0.0,40086830.705811314,0.0,0.0,0.0,0,2248,0.5,0p50,436570,none_default,5000000.0,50
Fin_fl_rl_scaffold_1,pure_rl,fl_rl_scaffold,5629434.171983092,5000000.0,5629434.1719824765,629434.1719824765,0.0,0.0,6.0,0.0,1080,1080,0,0.0,37228923.509041,0.0,0.0,0.0,0,2248,0.5,0p50,436570,none_default,5000000.0,50
Fin_fl_rl_scaffold_2,pure_rl,fl_rl_scaffold,5725899.294125525,5000000.0,5725899.294124634,725899.294124634,0.0,0.0,6.0,0.0,1209,1209,0,0.0,42527071.00309044,0.0,0.0,0.0,0,2248,0.5,0p50,436570,none_default,5000000.0,50
Fin_fl_rl_scaffold_3,pure_rl,fl_rl_scaffold,5588343.511145128,5000000.0,5588343.51114307,588343.5111430697,0.0,0.0,6.0,0.0,983,983,0,0.0,34499046.72423139,0.0,0.0,0.0,0,2248,0.5,0p50,436570,none_default,5000000.0,50
Fin_rl_1,pure_rl,rl,5646216.049862382,5000000.0,5646216.049862449,646216.049862449,0.0,0.0,6.0,0.0,1094,1094,0,0.0,38080340.92246285,0.0,0.0,0.0,0,2250,0.5,0p50,831197,none_default,5000000.0,50
Fin_rl_2,pure_rl,rl,5669268.074976583,5000000.0,5669268.07497554,669268.0749755399,0.0,0.0,6.0,0.0,1139,1139,0,0.0,39514524.38651768,0.0,0.0,0.0,0,2250,0.5,0p50,831197,none_default,5000000.0,50
Fin_rl_3,pure_rl,rl,5652128.12098075,5000000.0,5652128.120982245,652128.1209822446,0.0,0.0,6.0,0.0,1088,1088,0,0.0,38147670.91608488,0.0,0.0,0.0,0,2250,0.5,0p50,831197,none_default,5000000.0,50
Fin_fl_rl_scaffold_1,pure_rl,fl_rl_scaffold,5650347.113027912,5000000.0,5650347.113027828,650347.1130278278,0.0,0.0,6.0,0.0,1088,1088,0,0.0,38208713.39138011,0.0,0.0,0.0,0,2250,0.5,0p50,831197,none_default,5000000.0,50
Fin_fl_rl_scaffold_2,pure_rl,fl_rl_scaffold,5676644.715837514,5000000.0,5676644.715838446,676644.7158384463,0.0,0.0,6.0,0.0,1128,1128,0,0.0,39510308.29796232,0.0,0.0,0.0,0,2250,0.5,0p50,831197,none_default,5000000.0,50
Fin_fl_rl_scaffold_3,pure_rl,fl_rl_scaffold,5647245.449373185,5000000.0,5647245.449373906,647245.4493739055,0.0,0.0,6.0,0.0,1099,1099,0,0.0,38470262.57266726,0.0,0.0,0.0,0,2250,0.5,0p50,831197,none_default,5000000.0,50
Fin_rl_1,pure_rl,rl,5312371.132344779,5000000.0,5312371.132343833,312371.13234383333,0.0,0.0,8.0,0.0,590,590,60,0.1016949152542373,20548718.413239583,96122.63319941242,0.0046777921263196,0.0192245266398824,0,2277,0.5,0p50,709098,low_default,5000000.0,50
Fin_rl_2,pure_rl,rl,5448060.853595394,5000000.0,5448060.85359587,448060.8535958696,0.0,0.0,9.0,0.0,1268,1268,298,0.2350157728706624,44795276.71939178,442634.5747022177,0.0098812778292449,0.0885269149404435,0,2277,0.5,0p50,709098,low_default,5000000.0,50
Fin_rl_3,pure_rl,rl,5866828.795294101,5000000.0,5866828.795294779,866828.7952947794,0.0,0.0,7.0,0.0,1558,1558,102,0.0654685494223363,54676452.865794055,196723.92299726172,0.0035979642549257,0.0393447845994523,0,2277,0.5,0p50,709098,low_default,5000000.0,50
Fin_fl_rl_scaffold_1,pure_rl,fl_rl_scaffold,5716377.338460999,5000000.0,5716377.338459924,716377.3384599239,0.0,0.0,6.0,0.0,1412,1412,90,0.0637393767705382,48589261.90539958,155566.74775772833,0.0032016692918819,0.0311133495515456,0,2277,0.5,0p50,709098,low_default,5000000.0,50
Fin_fl_rl_scaffold_2,pure_rl,fl_rl_scaffold,5510920.973280521,5000000.0,5510920.973281039,510920.9732810389,0.0,0.0,6.0,0.0,1102,1102,170,0.1542649727767695,39197020.94563194,272045.983293785,0.0069404760038046,0.054409196658757,0,2277,0.5,0p50,709098,low_default,5000000.0,50
Fin_fl_rl_scaffold_3,pure_rl,fl_rl_scaffold,5412330.69517633,5000000.0,5412330.695175932,412330.6951759318,0.0,0.0,9.0,0.0,680,680,27,0.0397058823529411,23960834.28358993,46643.16252771042,0.0019466418395813,0.009328632505542,0,2277,0.5,0p50,709098,low_default,5000000.0,50
Fin_rl_1,pure_rl,rl,5443068.758351547,5000000.0,5443068.758352332,443068.7583523318,0.0,0.0,6.0,0.0,960,960,127,0.1322916666666666,33736816.1873694,186537.42680693103,0.0055291947459099,0.0373074853613862,0,2276,0.5,0p50,436570,low_default,5000000.0,50
Fin_rl_2,pure_rl,rl,5374581.124588645,5000000.0,5374581.12458843,374581.1245884299,0.0,0.0,7.0,0.0,844,844,129,0.1528436018957346,29453242.488198947,202236.8974371208,0.0068663712498938,0.0404473794874241,0,2276,0.5,0p50,436570,low_default,5000000.0,50
Fin_rl_3,pure_rl,rl,5608072.149114256,5000000.0,5608072.149115201,608072.1491152011,0.0,0.0,6.0,0.0,1060,1060,46,0.0433962264150943,36578450.75557824,81598.12548920479,0.0022307704072666,0.0163196250978409,0,2276,0.5,0p50,436570,low_default,5000000.0,50
Fin_fl_rl_scaffold_1,pure_rl,fl_rl_scaffold,5441930.53063958,5000000.0,5441930.5306407055,441930.5306407055,0.0,0.0,7.0,0.0,988,988,135,0.1366396761133603,34719841.67175818,233506.39593452177,0.0067254452984576,0.0467012791869043,0,2276,0.5,0p50,436570,low_default,5000000.0,50
Fin_fl_rl_scaffold_2,pure_rl,fl_rl_scaffold,5182551.554488321,5000000.0,5182551.554488028,182551.5544880284,0.0,0.0,6.0,0.0,564,564,168,0.2978723404255319,20142483.194799017,283647.06030007626,0.0140820303811059,0.0567294120600152,0,2276,0.5,0p50,436570,low_default,5000000.0,50
Fin_fl_rl_scaffold_3,pure_rl,fl_rl_scaffold,6182579.897647103,5000000.0,6182579.89764793,1182579.8976479303,0.0,0.0,6.0,0.0,2164,2164,116,0.0536044362292051,75484827.60607755,194942.4131391087,0.0025825377009063,0.0389884826278217,0,2276,0.5,0p50,436570,low_default,5000000.0,50
Fin_rl_1,pure_rl,rl,5271921.075656903,5000000.0,5271921.07565771,271921.07565771043,0.0,0.0,12.0,0.0,639,639,107,0.1674491392801252,22262253.08077175,171064.6303166395,0.0076840663744134,0.0342129260633278,0,2272,0.5,0p50,831197,low_default,5000000.0,50
Fin_rl_2,pure_rl,rl,5248990.511740043,5000000.0,5248990.511739064,248990.511739064,0.0,0.0,12.0,0.0,462,462,64,0.1385281385281385,16417300.505392272,82306.28738153772,0.0050133873930433,0.0164612574763075,0,2272,0.5,0p50,831197,low_default,5000000.0,50
Fin_rl_3,pure_rl,rl,5607886.65960231,5000000.0,5607886.659600801,607886.6596008008,0.0,0.0,16.0,0.0,964,964,57,0.0591286307053941,33227522.105389867,108846.17599312372,0.0032757837207327,0.0217692351986247,0,2272,0.5,0p50,831197,low_default,5000000.0,50
Fin_fl_rl_scaffold_1,pure_rl,fl_rl_scaffold,5537430.072000784,5000000.0,5537430.071999399,537430.071999399,0.0,0.0,8.0,0.0,1050,1050,127,0.1209523809523809,37067210.09426692,225196.8175070221,0.0060753646399153,0.0450393635014044,0,2272,0.5,0p50,831197,low_default,5000000.0,50
Fin_fl_rl_scaffold_2,pure_rl,fl_rl_scaffold,5399019.462619031,5000000.0,5399019.4626178965,399019.4626178965,0.0,0.0,8.0,0.0,1076,1076,270,0.2509293680297397,37641600.82179564,396317.4825261647,0.0105287095626571,0.0792634965052329,0,2272,0.5,0p50,831197,low_default,5000000.0,50
Fin_fl_rl_scaffold_3,pure_rl,fl_rl_scaffold,6337520.259759543,5000000.0,6337520.25975947,1337520.25975947,0.0,0.0,6.0,0.0,2389,2389,93,0.0389284219338635,82573112.14098923,165882.25497860153,0.0020089136848247,0.0331764509957203,0,2272,0.5,0p50,831197,low_default,5000000.0,50
Fin_rl_1,pure_rl,rl,5091628.347572539,5000000.0,5091628.347572973,91628.347572973,0.0,0.0,16.0,0.0,374,374,135,0.3609625668449198,13078799.112152005,350296.6209287172,0.0267835462510654,0.0700593241857434,0,2250,0.5,0p50,709098,medium_default,5000000.0,50
Fin_rl_2,pure_rl,rl,5719510.7974961465,5000000.0,5719510.7974957405,719510.7974957405,0.0,0.0,10.0,0.0,1483,1483,235,0.1584625758597437,51336902.829338975,528237.1247657418,0.0102896181041886,0.1056474249531483,0,2250,0.5,0p50,709098,medium_default,5000000.0,50
Fin_rl_3,pure_rl,rl,5913394.307765028,5000000.0,5913394.307765412,913394.307765412,0.0,0.0,15.0,0.0,1129,1129,98,0.0868024800708591,39821119.77461324,227790.6517136664,0.0057203477200781,0.0455581303427332,0,2250,0.5,0p50,709098,medium_default,5000000.0,50
Fin_fl_rl_scaffold_1,pure_rl,fl_rl_scaffold,5604274.08384402,5000000.0,5604274.083844741,604274.0838447409,0.0,0.0,8.0,0.0,1187,1187,196,0.1651221566975568,41500106.59145052,390761.2523850801,0.0094159096079425,0.078152250477016,0,2250,0.5,0p50,709098,medium_default,5000000.0,50
Fin_fl_rl_scaffold_2,pure_rl,fl_rl_scaffold,5538517.948617364,5000000.0,5538517.948615753,538517.9486157531,0.0,0.0,11.0,0.0,1091,1091,213,0.1952337305224564,37531560.315152094,437038.6431269986,0.0116445636540871,0.0874077286253997,0,2250,0.5,0p50,709098,medium_default,5000000.0,50
Fin_fl_rl_scaffold_3,pure_rl,fl_rl_scaffold,5401977.902005359,5000000.0,5401977.902005514,401977.9020055141,0.0,0.0,23.0,0.0,751,751,105,0.1398135818908122,26038519.27886956,207544.9972270167,0.0079706912287996,0.0415089994454033,0,2250,0.5,0p50,709098,medium_default,5000000.0,50
Fin_rl_1,pure_rl,rl,5476695.674149295,5000000.0,5476695.67414985,476695.6741498504,0.0,0.0,7.0,0.0,1044,1044,106,0.1015325670498084,36230087.63289106,269235.89191510767,0.0074312790695732,0.0538471783830215,0,2249,0.5,0p50,436570,medium_default,5000000.0,50
Fin_rl_2,pure_rl,rl,5542765.73380782,5000000.0,5542765.733808198,542765.733808198,0.0,0.0,8.0,0.0,1483,1483,235,0.1584625758597437,51380830.792066894,439732.83178973175,0.0085583052085959,0.0879465663579463,0,2249,0.5,0p50,436570,medium_default,5000000.0,50
Fin_rl_3,pure_rl,rl,5461535.090030229,5000000.0,5461535.090030633,461535.0900306329,0.0,0.0,6.0,0.0,1035,1035,139,0.1342995169082125,36321714.753741935,301800.9535085545,0.0083091053259665,0.0603601907017109,0,2249,0.5,0p50,436570,medium_default,5000000.0,50
Fin_fl_rl_scaffold_1,pure_rl,fl_rl_scaffold,5046903.520392041,5000000.0,5046903.520391647,46903.52039164677,0.0,0.0,6.0,0.0,181,181,56,0.3093922651933701,6325917.297774525,136628.65455959493,0.0215982359756206,0.0273257309119189,0,2249,0.5,0p50,436570,medium_default,5000000.0,50
Fin_fl_rl_scaffold_2,pure_rl,fl_rl_scaffold,5056835.161016469,5000000.0,5056835.161016888,56835.16101688799,0.0,0.0,8.0,0.0,771,771,327,0.424124513618677,27095332.14500752,723968.9361621917,0.0267193231766892,0.1447937872324383,0,2249,0.5,0p50,436570,medium_default,5000000.0,50
Fin_fl_rl_scaffold_3,pure_rl,fl_rl_scaffold,5880683.372609643,5000000.0,5880683.372610124,880683.3726101238,0.0,0.0,7.0,0.0,1516,1516,141,0.0930079155672823,52918415.39420263,288067.0284977882,0.0054436064714316,0.0576134056995576,0,2249,0.5,0p50,436570,medium_default,5000000.0,50
Fin_rl_1,pure_rl,rl,5408868.062981376,5000000.0,5408868.062980519,408868.0629805187,0.0,0.0,7.0,0.0,854,854,157,0.1838407494145199,29976494.818153936,384776.3192356163,0.0128359343402149,0.0769552638471232,0,2262,0.5,0p50,831197,medium_default,5000000.0,50
Fin_rl_2,pure_rl,rl,5415518.198316223,5000000.0,5415518.198315023,415518.1983150225,0.0,0.0,11.0,0.0,1183,1183,291,0.2459847844463229,41552377.53428294,635186.696215105,0.0152864104031361,0.127037339243021,0,2262,0.5,0p50,831197,medium_default,5000000.0,50
Fin_rl_3,pure_rl,rl,5735887.903070786,5000000.0,5735887.903069804,735887.9030698035,0.0,0.0,6.0,0.0,1430,1430,205,0.1433566433566433,49842049.39857211,426628.9470191103,0.008559618879382,0.085325789403822,0,2262,0.5,0p50,831197,medium_default,5000000.0,50
Fin_fl_rl_scaffold_1,pure_rl,fl_rl_scaffold,5547215.43140938,5000000.0,5547215.431409327,547215.4314093273,0.0,0.0,6.0,0.0,1054,1054,145,0.1375711574952561,36950527.37966128,329888.85987738083,0.0089278525442362,0.0659777719754761,0,2262,0.5,0p50,831197,medium_default,5000000.0,50
Fin_fl_rl_scaffold_2,pure_rl,fl_rl_scaffold,5534661.804510146,5000000.0,5534661.804510811,534661.8045108113,0.0,0.0,11.0,0.0,992,992,172,0.1733870967741935,35156119.02628813,422678.157499484,0.0120228901598445,0.0845356314998968,0,2262,0.5,0p50,831197,medium_default,5000000.0,50
Fin_fl_rl_scaffold_3,pure_rl,fl_rl_scaffold,5476670.933189459,5000000.0,5476670.933189284,476670.93318928406,0.0,0.0,23.0,0.0,532,532,40,0.075187969924812,18627981.52309299,85782.37609683545,0.0046050279785006,0.017156475219367,0,2262,0.5,0p50,831197,medium_default,5000000.0,50
Fin_rl_1,pure_rl,rl,5504389.502795896,5000000.0,5504389.502795876,504389.502795876,0.0,0.0,8.0,0.0,1553,1553,198,0.1274951706374758,54797443.42765527,558997.0217212748,0.0102011514909317,0.1117994043442549,0,2239,0.5,0p50,709098,high_default,5000000.0,50
Fin_rl_2,pure_rl,rl,5221038.113478222,5000000.0,5221038.113479005,221038.1134790052,0.0,0.0,7.0,0.0,1142,1142,314,0.2749562171628721,40055208.78504545,647421.6966891815,0.0161632336049861,0.1294843393378363,0,2239,0.5,0p50,709098,high_default,5000000.0,50
Fin_rl_3,pure_rl,rl,5109611.935016673,5000000.0,5109611.935017053,109611.93501705304,0.0,0.0,8.0,0.0,669,669,181,0.2705530642750374,23335340.706220467,445549.7462903596,0.0190933465210383,0.0891099492580719,0,2239,0.5,0p50,709098,high_default,5000000.0,50
Fin_fl_rl_scaffold_1,pure_rl,fl_rl_scaffold,5191762.167957042,5000000.0,5191762.167957047,191762.167957047,0.0,0.0,9.0,0.0,600,600,82,0.1366666666666666,20917649.09121412,265611.78018918936,0.0126979747595418,0.0531223560378378,0,2239,0.5,0p50,709098,high_default,5000000.0,50
Fin_fl_rl_scaffold_2,pure_rl,fl_rl_scaffold,5223447.91895768,5000000.0,5223447.918956579,223447.9189565787,0.0,0.0,6.0,0.0,805,805,176,0.2186335403726708,28134110.068865143,392063.6614106418,0.0139355273883186,0.0784127322821283,0,2239,0.5,0p50,709098,high_default,5000000.0,50
Fin_fl_rl_scaffold_3,pure_rl,fl_rl_scaffold,5207136.965319306,5000000.0,5207136.965319804,207136.96531980392,0.0,0.0,7.0,0.0,505,505,70,0.1386138613861386,17265155.232544582,182152.6505102292,0.010550304822448,0.0364305301020458,0,2239,0.5,0p50,709098,high_default,5000000.0,50
Fin_rl_1,pure_rl,rl,4935984.42670657,5000000.0,4935984.426706025,-64015.57329397462,64015.57329397462,0.0128031146587949,22.0,0.0,408,408,123,0.3014705882352941,14107931.40827548,395153.5813992017,0.0280093211374284,0.0790307162798403,0,2246,0.5,0p50,436570,high_default,5000000.0,50
Fin_rl_2,pure_rl,rl,4926219.113840874,5000000.0,4926219.113840713,-73780.88615928683,73780.88615928683,0.0147561772318573,7.0,0.0,763,763,312,0.4089121887287025,26405440.96967841,739085.0163294922,0.0279898759190649,0.1478170032658984,0,2246,0.5,0p50,436570,high_default,5000000.0,50
Fin_rl_3,pure_rl,rl,5518206.044455787,5000000.0,5518206.044455808,518206.04445580766,0.0,0.0,8.0,0.0,1223,1223,133,0.1087489779231398,43326405.49145555,382474.2333772071,0.0088277397822128,0.0764948466754414,0,2246,0.5,0p50,436570,high_default,5000000.0,50
Fin_fl_rl_scaffold_1,pure_rl,fl_rl_scaffold,5043594.921844589,5000000.0,5043594.921843695,43594.921843695454,0.0,0.0,8.0,0.0,629,629,140,0.2225755166931637,22087347.58444141,434167.6789735016,0.0196568500275394,0.0868335357947003,0,2246,0.5,0p50,436570,high_default,5000000.0,50
Fin_fl_rl_scaffold_2,pure_rl,fl_rl_scaffold,5018895.844817286,5000000.0,5018895.844818629,18895.844818629324,0.0,0.0,6.0,0.0,481,481,174,0.3617463617463617,16791479.676231977,391390.8059026934,0.0233088931678069,0.0782781611805386,0,2246,0.5,0p50,436570,high_default,5000000.0,50
Fin_fl_rl_scaffold_3,pure_rl,fl_rl_scaffold,5870897.5197985945,5000000.0,5870897.51979738,870897.5197973801,0.0,0.0,10.0,0.0,1693,1693,85,0.0502067336089781,60034409.53577509,246477.18228628984,0.0041055985091251,0.0492954364572579,0,2246,0.5,0p50,436570,high_default,5000000.0,50
Fin_rl_1,pure_rl,rl,5585473.510381722,5000000.0,5585473.510381958,585473.5103819584,0.0,0.0,9.0,0.0,1332,1332,156,0.1171171171171171,46160950.7277626,478153.4196717863,0.0103583962663968,0.0956306839343572,0,2262,0.5,0p50,831197,high_default,5000000.0,50
Fin_rl_2,pure_rl,rl,5241937.731604259,5000000.0,5241937.731604558,241937.7316045584,0.0,0.0,9.0,0.0,1142,1142,361,0.3161120840630473,39999452.68297822,909914.2817558064,0.0227481683053883,0.1819828563511612,0,2262,0.5,0p50,831197,high_default,5000000.0,50
Fin_rl_3,pure_rl,rl,5123329.739148771,5000000.0,5123329.739149312,123329.73914931156,0.0,0.0,18.0,0.0,299,299,56,0.1872909698996655,10595024.395283269,145871.1511000298,0.0137678919517136,0.0291742302200059,0,2262,0.5,0p50,831197,high_default,5000000.0,50
Fin_fl_rl_scaffold_1,pure_rl,fl_rl_scaffold,5074944.179251574,5000000.0,5074944.179251297,74944.17925129738,0.0,0.0,17.0,0.0,637,637,154,0.2417582417582417,22471927.76405354,486789.7134896523,0.0216621252346818,0.0973579426979304,0,2262,0.5,0p50,831197,high_default,5000000.0,50
Fin_fl_rl_scaffold_2,pure_rl,fl_rl_scaffold,5351717.535748961,5000000.0,5351717.535748929,351717.5357489288,0.0,0.0,8.0,0.0,934,934,190,0.2034261241970021,33151935.25323239,476153.82366898464,0.0143627761104099,0.0952307647337969,0,2262,0.5,0p50,831197,high_default,5000000.0,50
Fin_fl_rl_scaffold_3,pure_rl,fl_rl_scaffold,5537797.863599104,5000000.0,5537797.86359931,537797.8635993097,0.0,0.0,17.0,0.0,957,957,117,0.122257053291536,33455286.980335224,310139.3639320606,0.0092702646405143,0.0620278727864121,0,2262,0.5,0p50,831197,high_default,5000000.0,50
Fin_rl_1,pure_rl,rl,11158198.919537736,10000000.0,11158198.919535544,1158198.9195355438,0.0,0.0,6.0,0.0,1933,1933,0,0.0,68007455.87618311,0.0,0.0,0.0,0,2250,0.5,0p50,709098,none_default,10000000.0,50
Fin_rl_2,pure_rl,rl,10093374.818254257,10000000.0,10093374.818253124,93374.81825312412,0.0,0.0,17.0,0.0,141,141,0,0.0,4987231.593921553,0.0,0.0,0.0,0,2250,0.5,0p50,709098,none_default,10000000.0,50
Fin_rl_3,pure_rl,rl,10253277.939902116,10000000.0,10253277.939902892,253277.93990289237,0.0,0.0,11.0,0.0,416,416,0,0.0,14518291.475497112,0.0,0.0,0.0,0,2250,0.5,0p50,709098,none_default,10000000.0,50
Fin_fl_rl_scaffold_1,pure_rl,fl_rl_scaffold,11180641.487050306,10000000.0,11180641.48705058,1180641.48705058,0.0,0.0,6.0,0.0,1990,1990,0,0.0,69559954.00643139,0.0,0.0,0.0,0,2250,0.5,0p50,709098,none_default,10000000.0,50
Fin_fl_rl_scaffold_2,pure_rl,fl_rl_scaffold,11173858.349851051,10000000.0,11173858.34985201,1173858.3498520106,0.0,0.0,6.0,0.0,1967,1967,0,0.0,69024317.94718914,0.0,0.0,0.0,0,2250,0.5,0p50,709098,none_default,10000000.0,50
Fin_fl_rl_scaffold_3,pure_rl,fl_rl_scaffold,10114417.413527263,10000000.0,10114417.413526747,114417.41352674738,0.0,0.0,13.0,0.0,180,180,0,0.0,6322324.382105155,0.0,0.0,0.0,0,2250,0.5,0p50,709098,none_default,10000000.0,50
Fin_rl_1,pure_rl,rl,10744325.97518202,10000000.0,10744325.975181349,744325.9751813486,0.0,0.0,6.0,0.0,1266,1266,0,0.0,44397995.53647257,0.0,0.0,0.0,0,2248,0.5,0p50,436570,none_default,10000000.0,50
Fin_rl_2,pure_rl,rl,10559209.392543191,10000000.0,10559209.392543994,559209.3925439939,0.0,0.0,6.0,0.0,946,946,0,0.0,32988473.98538875,0.0,0.0,0.0,0,2248,0.5,0p50,436570,none_default,10000000.0,50
Fin_rl_3,pure_rl,rl,10769172.066218406,10000000.0,10769172.066215914,769172.0662159137,0.0,0.0,6.0,0.0,1299,1299,0,0.0,45218415.39099589,0.0,0.0,0.0,0,2248,0.5,0p50,436570,none_default,10000000.0,50
Fin_fl_rl_scaffold_1,pure_rl,fl_rl_scaffold,10741069.99904689,10000000.0,10741069.999046909,741069.9990469068,0.0,0.0,6.0,0.0,1253,1253,0,0.0,43511389.80841927,0.0,0.0,0.0,0,2248,0.5,0p50,436570,none_default,10000000.0,50
Fin_fl_rl_scaffold_2,pure_rl,fl_rl_scaffold,10754369.630456183,10000000.0,10754369.630455026,754369.6304550264,0.0,0.0,6.0,0.0,1278,1278,0,0.0,44575200.92818142,0.0,0.0,0.0,0,2248,0.5,0p50,436570,none_default,10000000.0,50
Fin_fl_rl_scaffold_3,pure_rl,fl_rl_scaffold,10352983.004505437,10000000.0,10352983.004503611,352983.0045036115,0.0,0.0,13.0,0.0,581,581,0,0.0,20744385.01941912,0.0,0.0,0.0,0,2248,0.5,0p50,436570,none_default,10000000.0,50
Fin_rl_1,pure_rl,rl,10612157.861666234,10000000.0,10612157.8616653,612157.861665301,0.0,0.0,8.0,0.0,1027,1027,0,0.0,36031516.73389981,0.0,0.0,0.0,0,2247,0.5,0p50,831197,none_default,10000000.0,50
Fin_rl_2,pure_rl,rl,10643925.44431767,10000000.0,10643925.44431408,643925.4443140812,0.0,0.0,8.0,0.0,1089,1089,0,0.0,37774832.22759976,0.0,0.0,0.0,0,2247,0.5,0p50,831197,none_default,10000000.0,50
Fin_rl_3,pure_rl,rl,10654923.926351244,10000000.0,10654923.926355522,654923.9263555221,0.0,0.0,6.0,0.0,1097,1097,0,0.0,38215107.82940928,0.0,0.0,0.0,0,2247,0.5,0p50,831197,none_default,10000000.0,50
Fin_fl_rl_scaffold_1,pure_rl,fl_rl_scaffold,10640083.27003834,10000000.0,10640083.270035012,640083.2700350117,0.0,0.0,6.0,0.0,1074,1074,0,0.0,37420376.83407406,0.0,0.0,0.0,0,2247,0.5,0p50,831197,none_default,10000000.0,50
Fin_fl_rl_scaffold_2,pure_rl,fl_rl_scaffold,10715233.692095676,10000000.0,10715233.692096204,715233.6920962036,0.0,0.0,6.0,0.0,1202,1202,0,0.0,42046441.597732194,0.0,0.0,0.0,0,2247,0.5,0p50,831197,none_default,10000000.0,50
Fin_fl_rl_scaffold_3,pure_rl,fl_rl_scaffold,10672999.301346283,10000000.0,10672999.301347164,672999.3013471644,0.0,0.0,6.0,0.0,1129,1129,0,0.0,39683693.36415437,0.0,0.0,0.0,0,2247,0.5,0p50,831197,none_default,10000000.0,50
Fin_rl_1,pure_rl,rl,10308575.301073177,10000000.0,10308575.301073512,308575.30107351206,0.0,0.0,23.0,0.0,638,638,75,0.1175548589341692,22305189.160244506,134944.13473303415,0.0060498986923433,0.0134944134733034,0,2243,0.5,0p50,709098,low_default,10000000.0,50
Fin_rl_2,pure_rl,rl,10498234.784710135,10000000.0,10498234.78471354,498234.7847135402,0.0,0.0,7.0,0.0,1434,1434,335,0.2336122733612273,50677007.06373944,495192.6085416308,0.0097715440834696,0.049519260854163,0,2243,0.5,0p50,709098,low_default,10000000.0,50
Fin_rl_3,pure_rl,rl,10195047.93070276,10000000.0,10195047.930704324,195047.9307043236,0.0,0.0,12.0,0.0,286,286,20,0.0699300699300699,10037387.6610501,35900.111564833096,0.0035766389400444,0.0035900111564833,0,2243,0.5,0p50,709098,low_default,10000000.0,50
Fin_fl_rl_scaffold_1,pure_rl,fl_rl_scaffold,10517249.8466889,10000000.0,10517249.846688025,517249.8466880229,0.0,0.0,7.0,0.0,1022,1022,84,0.0821917808219178,35474452.94581404,147787.43009444655,0.0041660242180531,0.0147787430094446,0,2243,0.5,0p50,709098,low_default,10000000.0,50
Fin_fl_rl_scaffold_2,pure_rl,fl_rl_scaffold,10333741.706438089,10000000.0,10333741.706438418,333741.7064384185,0.0,0.0,7.0,0.0,821,821,164,0.1997563946406821,28711537.137323048,251531.34511748407,0.008760636670703,0.0251531345117484,0,2243,0.5,0p50,709098,low_default,10000000.0,50
Fin_fl_rl_scaffold_3,pure_rl,fl_rl_scaffold,11397447.071942365,10000000.0,11397447.071945049,1397447.0719450489,0.0,0.0,9.0,0.0,2379,2379,50,0.0210172341319882,83225953.1010859,92796.8850178418,0.0011149993669057,0.0092796885017841,0,2243,0.5,0p50,709098,low_default,10000000.0,50
Fin_rl_1,pure_rl,rl,10774517.524210634,10000000.0,10774517.524210822,774517.5242108218,0.0,0.0,8.0,0.0,1519,1519,126,0.0829493087557603,52797885.48656448,186071.84165940783,0.0035242290471416,0.0186071841659407,0,2271,0.5,0p50,436570,low_default,10000000.0,50
Fin_rl_2,pure_rl,rl,10242774.0177357,10000000.0,10242774.017734297,242774.01773429665,0.0,0.0,10.0,0.0,623,623,162,0.2600321027287319,21702221.270918112,249367.2721478073,0.0114904031727835,0.0249367272147807,0,2271,0.5,0p50,436570,low_default,10000000.0,50
Fin_rl_3,pure_rl,rl,10448908.286197336,10000000.0,10448908.28620216,448908.2862021588,0.0,0.0,7.0,0.0,688,688,82,0.1191860465116279,23927976.40062566,159446.1865890138,0.006663588425507,0.0159446186589013,0,2271,0.5,0p50,436570,low_default,10000000.0,50
Fin_fl_rl_scaffold_1,pure_rl,fl_rl_scaffold,10671297.634814892,10000000.0,10671297.63481644,671297.6348164398,0.0,0.0,10.0,0.0,1290,1290,139,0.1077519379844961,45083986.47732529,261237.0851065581,0.0057944539850739,0.0261237085106558,0,2271,0.5,0p50,436570,low_default,10000000.0,50
Fin_fl_rl_scaffold_2,pure_rl,fl_rl_scaffold,10273074.531124571,10000000.0,10273074.531125134,273074.53112513386,0.0,0.0,11.0,0.0,710,710,175,0.2464788732394366,24669287.897078067,285921.06918145507,0.0115901630551452,0.0285921069181455,0,2271,0.5,0p50,436570,low_default,10000000.0,50
Fin_fl_rl_scaffold_3,pure_rl,fl_rl_scaffold,11073883.944947455,10000000.0,11073883.944946364,1073883.9449463654,0.0,0.0,6.0,0.0,1751,1751,54,0.030839520274129,61970407.36581949,88060.74559485364,0.0014210128565884,0.0088060745594853,0,2271,0.5,0p50,436570,low_default,10000000.0,50
Fin_rl_1,pure_rl,rl,10438384.063296985,10000000.0,10438384.063297251,438384.0632972531,0.0,0.0,12.0,0.0,521,521,59,0.1132437619961612,17795069.634192422,89448.87953745022,0.0050266102564486,0.008944887953745,0,2265,0.5,0p50,831197,low_default,10000000.0,50
Fin_rl_2,pure_rl,rl,10600442.354199829,10000000.0,10600442.354204398,600442.3542043976,0.0,0.0,14.0,0.0,797,797,129,0.1618569636135508,28421915.261016205,217060.99738203097,0.0076370995898279,0.021706099738203,0,2265,0.5,0p50,831197,low_default,10000000.0,50
Fin_rl_3,pure_rl,rl,10309793.138081618,10000000.0,10309793.13808107,309793.13808107004,0.0,0.0,19.0,0.0,331,331,12,0.0362537764350453,11466599.663836429,19981.405565733767,0.0017425746212062,0.0019981405565733,0,2265,0.5,0p50,831197,low_default,10000000.0,50
Fin_fl_rl_scaffold_1,pure_rl,fl_rl_scaffold,11244048.840539783,10000000.0,11244048.840540322,1244048.8405403215,0.0,0.0,12.0,0.0,1761,1761,90,0.0511073253833049,61360813.261514656,136385.80998907727,0.002222685827318,0.0136385809989077,0,2265,0.5,0p50,831197,low_default,10000000.0,50
Fin_fl_rl_scaffold_2,pure_rl,fl_rl_scaffold,11012084.069423128,10000000.0,11012084.069426524,1012084.0694265236,0.0,0.0,6.0,0.0,1848,1848,297,0.1607142857142857,64681857.7802324,490988.7497161696,0.0075908263393483,0.0490988749716169,0,2265,0.5,0p50,831197,low_default,10000000.0,50
Fin_fl_rl_scaffold_3,pure_rl,fl_rl_scaffold,11059479.597764868,10000000.0,11059479.597765189,1059479.597765189,0.0,0.0,16.0,0.0,1199,1199,43,0.0358632193494578,41632256.49550682,76862.2582997369,0.0018462188881842,0.0076862258299736,0,2265,0.5,0p50,831197,low_default,10000000.0,50
Fin_rl_1,pure_rl,rl,10252651.177584885,10000000.0,10252651.177583767,252651.1775837671,0.0,0.0,22.0,0.0,252,252,44,0.1746031746031746,8749355.577951029,109167.3734600688,0.0124771901756031,0.0109167373460068,0,2289,0.5,0p50,709098,medium_default,10000000.0,50
Fin_rl_2,pure_rl,rl,10955060.33311946,10000000.0,10955060.33311876,955060.3331187592,0.0,0.0,17.0,0.0,1123,1123,108,0.0961709706144256,38969215.76755673,225977.1756985025,0.005798863827448,0.0225977175698502,0,2289,0.5,0p50,709098,medium_default,10000000.0,50
Fin_rl_3,pure_rl,rl,11992526.165196829,10000000.0,11992526.1651968,1992526.1651967987,0.0,0.0,8.0,0.0,2135,2135,171,0.0800936768149882,74674733.3713325,362407.7529802844,0.0048531509470298,0.0362407752980284,0,2289,0.5,0p50,709098,medium_default,10000000.0,50
Fin_fl_rl_scaffold_1,pure_rl,fl_rl_scaffold,10338796.816380631,10000000.0,10338796.816382503,338796.81638250314,0.0,0.0,12.0,0.0,601,601,100,0.1663893510815307,21077034.326371256,231029.34077869827,0.0109611882393548,0.0231029340778698,0,2289,0.5,0p50,709098,medium_default,10000000.0,50
Fin_fl_rl_scaffold_2,pure_rl,fl_rl_scaffold,10710167.88382286,10000000.0,10710167.883822164,710167.8838221636,0.0,0.0,11.0,0.0,1170,1170,307,0.2623931623931624,40902143.63605913,638149.1006647827,0.0156018497793889,0.0638149100664782,0,2289,0.5,0p50,709098,medium_default,10000000.0,50
Fin_fl_rl_scaffold_3,pure_rl,fl_rl_scaffold,10449453.754697273,10000000.0,10449453.754697908,449453.7546979077,0.0,0.0,20.0,0.0,554,554,63,0.1137184115523465,19296901.64076566,128890.04245197929,0.006679312816711,0.0128890042451979,0,2289,0.5,0p50,709098,medium_default,10000000.0,50
Fin_rl_1,pure_rl,rl,10688985.292136343,10000000.0,10688985.292140922,688985.2921409216,0.0,0.0,10.0,0.0,1406,1406,155,0.1102418207681365,49168940.22586376,404363.7623988752,0.0082239674180769,0.0404363762398875,0,2247,0.5,0p50,436570,medium_default,10000000.0,50
Fin_rl_2,pure_rl,rl,10913361.025160758,10000000.0,10913361.02516244,913361.0251624398,0.0,0.0,9.0,0.0,1537,1537,210,0.1366297983083929,53414202.30242148,382668.2174402762,0.0071641661008747,0.0382668217440276,0,2247,0.5,0p50,436570,medium_default,10000000.0,50
Fin_rl_3,pure_rl,rl,10234852.24797186,10000000.0,10234852.247970453,234852.24797045253,0.0,0.0,8.0,0.0,345,345,45,0.1304347826086956,12007392.131948898,117484.96948930524,0.0097843868342322,0.0117484969489305,0,2247,0.5,0p50,436570,medium_default,10000000.0,50
Fin_fl_rl_scaffold_1,pure_rl,fl_rl_scaffold,10243563.54726749,10000000.0,10243563.54726733,243563.5472673308,0.0,0.0,7.0,0.0,525,525,155,0.2952380952380952,18483287.97921145,361527.23565574666,0.0195596820253173,0.0361527235655746,0,2247,0.5,0p50,436570,medium_default,10000000.0,50
Fin_fl_rl_scaffold_2,pure_rl,fl_rl_scaffold,10353282.458695456,10000000.0,10353282.458695022,353282.4586950224,0.0,0.0,6.0,0.0,803,803,250,0.311332503113325,28209783.683165427,580361.9141968398,0.0205730721197688,0.0580361914196839,0,2247,0.5,0p50,436570,medium_default,10000000.0,50
Fin_fl_rl_scaffold_3,pure_rl,fl_rl_scaffold,11080988.63470446,10000000.0,11080988.634703804,1080988.6347038038,0.0,0.0,7.0,0.0,1376,1376,157,0.1140988372093023,48337912.61127339,314108.1008097864,0.0064981726318179,0.0314108100809786,0,2247,0.5,0p50,436570,medium_default,10000000.0,50
Fin_rl_1,pure_rl,rl,10212568.743624886,10000000.0,10212568.74362575,212568.7436257508,0.0,0.0,7.0,0.0,493,493,123,0.2494929006085192,17246150.923859287,301118.05630897614,0.0174600151441555,0.0301118056308976,0,2247,0.5,0p50,831197,medium_default,10000000.0,50
Fin_rl_2,pure_rl,rl,10690074.825832903,10000000.0,10690074.825830746,690074.8258307464,0.0,0.0,11.0,0.0,1462,1462,284,0.1942544459644322,51134104.69535789,608661.4212564889,0.0119032380616169,0.0608661421256488,0,2247,0.5,0p50,831197,medium_default,10000000.0,50
Fin_rl_3,pure_rl,rl,10952368.407979667,10000000.0,10952368.407977285,952368.407977283,0.0,0.0,6.0,0.0,1544,1544,195,0.1262953367875647,53693461.02774094,522840.5750266439,0.0097375092798826,0.0522840575026643,0,2247,0.5,0p50,831197,medium_default,10000000.0,50
Fin_fl_rl_scaffold_1,pure_rl,fl_rl_scaffold,10258823.823850283,10000000.0,10258823.823850803,258823.8238508049,0.0,0.0,11.0,0.0,724,724,144,0.1988950276243093,25561847.70613635,368741.5257995658,0.0144254644671498,0.0368741525799565,0,2247,0.5,0p50,831197,medium_default,10000000.0,50
Fin_fl_rl_scaffold_2,pure_rl,fl_rl_scaffold,10683040.823468644,10000000.0,10683040.823466644,683040.8234666437,0.0,0.0,14.0,0.0,1108,1108,153,0.1380866425992779,38623694.41039099,333547.5798610355,0.0086358279536123,0.0333547579861035,0,2247,0.5,0p50,831197,medium_default,10000000.0,50
Fin_fl_rl_scaffold_3,pure_rl,fl_rl_scaffold,10682179.277707051,10000000.0,10682179.277706023,682179.2777060252,0.0,0.0,24.0,0.0,647,647,22,0.0340030911901081,22637852.596326564,48969.40478701492,0.0021631647515436,0.0048969404787014,0,2247,0.5,0p50,831197,medium_default,10000000.0,50
Fin_rl_1,pure_rl,rl,10511727.080873348,10000000.0,10511727.080875264,511727.0808752626,0.0,0.0,16.0,0.0,1088,1088,126,0.1158088235294117,38237604.32120131,450287.94243050274,0.0117760500539735,0.0450287942430502,0,2258,0.5,0p50,709098,high_default,10000000.0,50
Fin_rl_2,pure_rl,rl,9941045.552293556,10000000.0,9941045.552292774,-58954.4477072265,58954.4477072265,0.0058954447707226,25.0,0.0,274,274,143,0.5218978102189781,9771894.642226525,333114.7025537057,0.0340890599776059,0.0333114702553705,0,2258,0.5,0p50,709098,high_default,10000000.0,50
Fin_rl_3,pure_rl,rl,10256520.005096346,10000000.0,10256520.005096417,256520.00509641503,0.0,0.0,18.0,0.0,975,975,255,0.2615384615384615,34297605.5614223,634189.8949509184,0.0184907921287732,0.0634189894950918,0,2258,0.5,0p50,709098,high_default,10000000.0,50
Fin_fl_rl_scaffold_1,pure_rl,fl_rl_scaffold,10272948.897938244,10000000.0,10272948.897939049,272948.8979390487,0.0,0.0,17.0,0.0,715,715,126,0.1762237762237762,25126829.15298423,461891.2449228136,0.0183823928642407,0.0461891244922813,0,2258,0.5,0p50,709098,high_default,10000000.0,50
Fin_fl_rl_scaffold_2,pure_rl,fl_rl_scaffold,10558147.02416849,10000000.0,10558147.02416827,558147.0241682697,0.0,0.0,8.0,0.0,1182,1182,167,0.1412859560067682,41350896.14120165,414902.56153176754,0.0100337018118057,0.0414902561531767,0,2258,0.5,0p50,709098,high_default,10000000.0,50
Fin_fl_rl_scaffold_3,pure_rl,fl_rl_scaffold,10697490.22299722,10000000.0,10697490.222996626,697490.222996626,0.0,0.0,17.0,0.0,891,891,59,0.0662177328843995,31024768.005444262,154420.6238437873,0.0049773337166192,0.0154420623843787,0,2258,0.5,0p50,709098,high_default,10000000.0,50
Fin_rl_1,pure_rl,rl,10068183.099283423,10000000.0,10068183.09928477,68183.09928476997,0.0,0.0,7.0,0.0,664,664,124,0.1867469879518072,23612896.697310995,425445.6126437322,0.0180175104349726,0.0425445612643732,0,2245,0.5,0p50,436570,high_default,10000000.0,50
Fin_rl_2,pure_rl,rl,10017314.402995748,10000000.0,10017314.402995342,17314.40299534239,0.0,0.0,13.0,0.0,863,863,289,0.3348783314020857,30401098.71365714,731800.7782585043,0.0240715240311283,0.0731800778258504,0,2245,0.5,0p50,436570,high_default,10000000.0,50
Fin_rl_3,pure_rl,rl,10123445.947263978,10000000.0,10123445.94726366,123445.94726365992,0.0,0.0,18.0,0.0,920,920,271,0.2945652173913043,31955521.91114213,662959.5291017926,0.0207463214321852,0.0662959529101792,0,2245,0.5,0p50,436570,high_default,10000000.0,50
Fin_fl_rl_scaffold_1,pure_rl,fl_rl_scaffold,9973914.041252086,10000000.0,9973914.041251885,-26085.95874811709,26085.95874811709,0.0026085958748117,7.0,0.0,341,341,88,0.2580645161290322,11837369.360733612,304459.2919290806,0.0257201817947,0.030445929192908,0,2245,0.5,0p50,436570,high_default,10000000.0,50
Fin_fl_rl_scaffold_2,pure_rl,fl_rl_scaffold,10173318.228344882,10000000.0,10173318.228348054,173318.228348054,0.0,0.0,8.0,0.0,785,785,187,0.2382165605095541,27475432.985057857,423709.6711970943,0.0154214010540806,0.0423709671197094,0,2245,0.5,0p50,436570,high_default,10000000.0,50
Fin_fl_rl_scaffold_3,pure_rl,fl_rl_scaffold,10848143.667634964,10000000.0,10848143.66763469,848143.6676346902,0.0,0.0,23.0,0.0,1745,1745,127,0.0727793696275071,60616234.306980446,372267.8172740831,0.0061413880543749,0.0372267817274083,0,2245,0.5,0p50,436570,high_default,10000000.0,50
Fin_rl_1,pure_rl,rl,10228724.819729768,10000000.0,10228724.819732403,228724.81973240335,0.0,0.0,10.0,0.0,530,530,105,0.1981132075471698,18651502.881967083,371554.0454831128,0.0199208636341226,0.0371554045483112,0,2265,0.5,0p50,831197,high_default,10000000.0,50
Fin_rl_2,pure_rl,rl,10324077.473540774,10000000.0,10324077.473542638,324077.4735426381,0.0,0.0,20.0,0.0,953,953,298,0.3126967471143757,33254858.475217182,758736.0136637138,0.0228157943967541,0.0758736013663713,0,2265,0.5,0p50,831197,high_default,10000000.0,50
Fin_rl_3,pure_rl,rl,10499763.06831502,10000000.0,10499763.06831501,499763.0683150105,0.0,0.0,18.0,0.0,471,471,49,0.1040339702760085,16401682.631133163,127320.8316938153,0.0077626689015515,0.0127320831693815,0,2265,0.5,0p50,831197,high_default,10000000.0,50
Fin_fl_rl_scaffold_1,pure_rl,fl_rl_scaffold,10877008.393774634,10000000.0,10877008.393776575,877008.3937765751,0.0,0.0,12.0,0.0,1593,1593,170,0.1067168863779033,55683511.456924416,526086.0625360311,0.0094477889194003,0.0526086062536031,0,2265,0.5,0p50,831197,high_default,10000000.0,50
Fin_fl_rl_scaffold_2,pure_rl,fl_rl_scaffold,10818160.837056853,10000000.0,10818160.837059846,818160.8370598461,0.0,0.0,12.0,0.0,1413,1413,269,0.1903750884642604,49690793.61771111,670559.0890690929,0.0134946343225656,0.0670559089069092,0,2265,0.5,0p50,831197,high_default,10000000.0,50
Fin_fl_rl_scaffold_3,pure_rl,fl_rl_scaffold,10133249.31645976,10000000.0,10133249.316460084,133249.31646008417,0.0,0.0,22.0,0.0,203,203,25,0.1231527093596059,7020338.529285948,59739.9666167302,0.0085095563935442,0.005973996661673,0,2265,0.5,0p50,831197,high_default,10000000.0,50
Fin_rl_1,pure_rl,rl,2448875.9156254814,1000000.0,2448875.9156255256,1448875.9156255256,0.0,0.0,6.0,0.0,816,816,0,0.0,28127882.640217174,0.0,0.0,0.0,0,2258,0.75,0p75,709098,none_default,1000000.0,50
Fin_rl_2,pure_rl,rl,2662363.804742162,1000000.0,2662363.804742255,1662363.8047422548,0.0,0.0,6.0,0.0,858,858,0,0.0,30453504.35540125,0.0,0.0,0.0,0,2258,0.75,0p75,709098,none_default,1000000.0,50
Fin_rl_3,pure_rl,rl,2737390.915661227,1000000.0,2737390.915661108,1737390.9156611082,0.0,0.0,6.0,0.0,898,898,0,0.0,31768534.92736352,0.0,0.0,0.0,0,2258,0.75,0p75,709098,none_default,1000000.0,50
Fin_fl_rl_scaffold_1,pure_rl,fl_rl_scaffold,2473078.551209123,1000000.0,2473078.5512090465,1473078.5512090465,0.0,0.0,6.0,0.0,793,793,0,0.0,27655763.664382476,0.0,0.0,0.0,0,2258,0.75,0p75,709098,none_default,1000000.0,50
Fin_fl_rl_scaffold_2,pure_rl,fl_rl_scaffold,2169642.343891114,1000000.0,2169642.3438911447,1169642.3438911447,0.0,0.0,6.0,0.0,926,926,0,0.0,27147986.9986431,0.0,0.0,0.0,0,2258,0.75,0p75,709098,none_default,1000000.0,50
Fin_fl_rl_scaffold_3,pure_rl,fl_rl_scaffold,2359353.4705268927,1000000.0,2359353.4705268526,1359353.4705268526,0.0,0.0,6.0,0.0,837,837,0,0.0,27757764.37881429,0.0,0.0,0.0,0,2258,0.75,0p75,709098,none_default,1000000.0,50
Fin_rl_1,pure_rl,rl,2308537.166430669,1000000.0,2308537.166430722,1308537.166430722,0.0,0.0,6.0,0.0,935,935,0,0.0,28363043.027986094,0.0,0.0,0.0,0,2248,0.75,0p75,436570,none_default,1000000.0,50
Fin_rl_2,pure_rl,rl,2216262.267966744,1000000.0,2216262.267966581,1216262.2679665815,0.0,0.0,6.0,0.0,867,867,0,0.0,27463899.377581023,0.0,0.0,0.0,0,2248,0.75,0p75,436570,none_default,1000000.0,50
Fin_rl_3,pure_rl,rl,2204234.896383732,1000000.0,2204234.8963836227,1204234.896383623,0.0,0.0,6.0,0.0,697,697,0,0.0,24240450.3401758,0.0,0.0,0.0,0,2248,0.75,0p75,436570,none_default,1000000.0,50
Fin_fl_rl_scaffold_1,pure_rl,fl_rl_scaffold,2662873.461722701,1000000.0,2662873.461722693,1662873.461722693,0.0,0.0,6.0,0.0,860,860,0,0.0,30527963.15563437,0.0,0.0,0.0,0,2248,0.75,0p75,436570,none_default,1000000.0,50
Fin_fl_rl_scaffold_2,pure_rl,fl_rl_scaffold,2556851.7720012576,1000000.0,2556851.77200126,1556851.77200126,0.0,0.0,6.0,0.0,840,840,0,0.0,28876233.147401057,0.0,0.0,0.0,0,2248,0.75,0p75,436570,none_default,1000000.0,50
Fin_fl_rl_scaffold_3,pure_rl,fl_rl_scaffold,2490368.7290848643,1000000.0,2490368.7290848275,1490368.7290848277,0.0,0.0,6.0,0.0,812,812,0,0.0,28366404.841317058,0.0,0.0,0.0,0,2248,0.75,0p75,436570,none_default,1000000.0,50
Fin_rl_1,pure_rl,rl,2060422.7426334373,1000000.0,2060422.742633444,1060422.7426334438,0.0,0.0,6.0,0.0,816,816,0,0.0,26228184.498248804,0.0,0.0,0.0,0,2259,0.75,0p75,831197,none_default,1000000.0,50
Fin_rl_2,pure_rl,rl,2273202.589117844,1000000.0,2273202.589117818,1273202.589117818,0.0,0.0,6.0,0.0,816,816,0,0.0,28058993.334190056,0.0,0.0,0.0,0,2259,0.75,0p75,831197,none_default,1000000.0,50
Fin_rl_3,pure_rl,rl,2133111.7518405616,1000000.0,2133111.75184071,1133111.7518407106,0.0,0.0,6.0,0.0,782,782,0,0.0,26247208.981151197,0.0,0.0,0.0,0,2259,0.75,0p75,831197,none_default,1000000.0,50
Fin_fl_rl_scaffold_1,pure_rl,fl_rl_scaffold,2360594.1030388526,1000000.0,2360594.1030388894,1360594.1030388894,0.0,0.0,6.0,0.0,896,896,0,0.0,29738467.80185685,0.0,0.0,0.0,0,2259,0.75,0p75,831197,none_default,1000000.0,50
Fin_fl_rl_scaffold_2,pure_rl,fl_rl_scaffold,2115054.7531695827,1000000.0,2115054.7531695,1115054.753169499,0.0,0.0,6.0,0.0,858,858,0,0.0,26585169.19914488,0.0,0.0,0.0,0,2259,0.75,0p75,831197,none_default,1000000.0,50
Fin_fl_rl_scaffold_3,pure_rl,fl_rl_scaffold,2303697.2876095083,1000000.0,2303697.2876095334,1303697.2876095334,0.0,0.0,6.0,0.0,841,841,0,0.0,28723408.587777395,0.0,0.0,0.0,0,2259,0.75,0p75,831197,none_default,1000000.0,50
Fin_rl_1,pure_rl,rl,2202305.559689004,1000000.0,2202305.559688932,1202305.559688931,0.0,0.0,6.0,0.0,774,774,18,0.0232558139534883,25931876.8749123,31612.73561925489,0.0012190685530301,0.0316127356192548,0,2258,0.75,0p75,709098,low_default,1000000.0,50
Fin_rl_2,pure_rl,rl,1678711.5643063397,1000000.0,1678711.5643062887,678711.5643062887,0.0,0.0,7.0,0.0,692,692,169,0.2442196531791907,22517371.63090116,320409.5121603163,0.0142294366062071,0.3204095121603162,0,2258,0.75,0p75,709098,low_default,1000000.0,50
Fin_rl_3,pure_rl,rl,2493814.105113738,1000000.0,2493814.1051137536,1493814.1051137536,0.0,0.0,6.0,0.0,904,904,22,0.0243362831858407,30201008.303150475,41161.2205475228,0.0013629088186181,0.0411612205475228,0,2258,0.75,0p75,709098,low_default,1000000.0,50
Fin_fl_rl_scaffold_1,pure_rl,fl_rl_scaffold,2165556.2030893,1000000.0,2165556.203089446,1165556.2030894458,0.0,0.0,6.0,0.0,785,785,36,0.0458598726114649,25798799.56080228,62168.317792965805,0.0024097368424623,0.0621683177929658,0,2258,0.75,0p75,709098,low_default,1000000.0,50
Fin_fl_rl_scaffold_2,pure_rl,fl_rl_scaffold,2121705.107907352,1000000.0,2121705.107907264,1121705.107907264,0.0,0.0,6.0,0.0,764,764,55,0.0719895287958115,25674109.417503744,109545.42317044112,0.0042667662347717,0.1095454231704411,0,2258,0.75,0p75,709098,low_default,1000000.0,50
Fin_fl_rl_scaffold_3,pure_rl,fl_rl_scaffold,2688299.784784494,1000000.0,2688299.784784561,1688299.7847845615,0.0,0.0,6.0,0.0,883,883,5,0.0056625141562853,31358638.199721705,6581.518590288793,0.0002098789669491,0.0065815185902887,0,2258,0.75,0p75,709098,low_default,1000000.0,50
Fin_rl_1,pure_rl,rl,2201163.3539739014,1000000.0,2201163.353973929,1201163.3539739288,0.0,0.0,6.0,0.0,828,828,19,0.0229468599033816,27507631.10082589,39357.87998643435,0.001430798597021,0.0393578799864343,0,2255,0.75,0p75,436570,low_default,1000000.0,50
Fin_rl_2,pure_rl,rl,2167677.300442853,1000000.0,2167677.300442895,1167677.300442895,0.0,0.0,6.0,0.0,804,804,25,0.031094527363184,26843109.11685088,43964.71601599453,0.0016378399322005,0.0439647160159945,0,2255,0.75,0p75,436570,low_default,1000000.0,50
Fin_rl_3,pure_rl,rl,2059309.5317365015,1000000.0,2059309.5317365115,1059309.5317365115,0.0,0.0,6.0,0.0,792,792,61,0.077020202020202,25362083.86607437,99342.92791511145,0.0039169860189602,0.0993429279151114,0,2255,0.75,0p75,436570,low_default,1000000.0,50
Fin_fl_rl_scaffold_1,pure_rl,fl_rl_scaffold,2301685.8001673124,1000000.0,2301685.800167349,1301685.8001673492,0.0,0.0,6.0,0.0,701,701,26,0.0370898716119828,25848053.50919326,54424.287575838986,0.0021055468473276,0.0544242875758389,0,2255,0.75,0p75,436570,low_default,1000000.0,50
Fin_fl_rl_scaffold_2,pure_rl,fl_rl_scaffold,2274802.511257075,1000000.0,2274802.511257023,1274802.511257023,0.0,0.0,6.0,0.0,770,770,58,0.0753246753246753,27044018.198832285,124991.2514768434,0.0046217707205299,0.1249912514768434,0,2255,0.75,0p75,436570,low_default,1000000.0,50
Fin_fl_rl_scaffold_3,pure_rl,fl_rl_scaffold,1894473.568220716,1000000.0,1894473.568220752,894473.5682207516,0.0,0.0,6.0,0.0,775,775,30,0.0387096774193548,23991941.409928985,54667.04159375394,0.0022785584817713,0.0546670415937539,0,2255,0.75,0p75,436570,low_default,1000000.0,50
Fin_rl_1,pure_rl,rl,2233605.6047594245,1000000.0,2233605.604759573,1233605.6047595737,0.0,0.0,6.0,0.0,731,731,20,0.027359781121751,25547510.335788373,41271.57495132496,0.0016154832470508,0.0412715749513249,0,2264,0.75,0p75,831197,low_default,1000000.0,50
Fin_rl_2,pure_rl,rl,1730392.257516642,1000000.0,1730392.2575167902,730392.2575167902,0.0,0.0,6.0,0.0,640,640,126,0.196875,21802466.58937464,235556.87365045428,0.0108041387282873,0.2355568736504542,0,2264,0.75,0p75,831197,low_default,1000000.0,50
Fin_rl_3,pure_rl,rl,2344602.836144837,1000000.0,2344602.8361448934,1344602.8361448934,0.0,0.0,24.0,0.0,875,875,42,0.048,28645268.54051563,83179.89788168107,0.0029037918692936,0.083179897881681,0,2264,0.75,0p75,831197,low_default,1000000.0,50
Fin_fl_rl_scaffold_1,pure_rl,fl_rl_scaffold,2268428.985095127,1000000.0,2268428.985095161,1268428.985095161,0.0,0.0,6.0,0.0,847,847,11,0.0129870129870129,27289707.23417006,20779.62413228932,0.00076144547664,0.0207796241322893,0,2264,0.75,0p75,831197,low_default,1000000.0,50
Fin_fl_rl_scaffold_2,pure_rl,fl_rl_scaffold,2185127.0041136965,1000000.0,2185127.0041136923,1185127.0041136923,0.0,0.0,31.0,0.0,791,791,37,0.0467762326169405,25811568.247968435,56740.7457564977,0.0021982680483183,0.0567407457564977,0,2264,0.75,0p75,831197,low_default,1000000.0,50
Fin_fl_rl_scaffold_3,pure_rl,fl_rl_scaffold,2699737.333207973,1000000.0,2699737.333207909,1699737.3332079097,0.0,0.0,6.0,0.0,853,853,9,0.0105509964830011,29603116.455585707,12217.129063642156,0.0004126973956262,0.0122171290636421,0,2264,0.75,0p75,831197,low_default,1000000.0,50
Fin_rl_1,pure_rl,rl,2039823.539368791,1000000.0,2039823.5393689247,1039823.5393689248,0.0,0.0,7.0,0.0,735,735,89,0.1210884353741496,24765024.90311903,212289.02044401376,0.0085721303037041,0.2122890204440137,0,2262,0.75,0p75,709098,medium_default,1000000.0,50
Fin_rl_2,pure_rl,rl,2156851.3163927626,1000000.0,2156851.3163926518,1156851.3163926513,0.0,0.0,7.0,0.0,636,636,64,0.10062893081761,22680309.73305821,134730.27164498492,0.0059404070416465,0.1347302716449849,0,2262,0.75,0p75,709098,medium_default,1000000.0,50
Fin_rl_3,pure_rl,rl,2125262.7817232176,1000000.0,2125262.7817232027,1125262.781723203,0.0,0.0,6.0,0.0,853,853,92,0.107854630715123,26948566.794417344,196977.97930291903,0.0073094046449893,0.196977979302919,0,2262,0.75,0p75,709098,medium_default,1000000.0,50
Fin_fl_rl_scaffold_1,pure_rl,fl_rl_scaffold,2058143.7560781625,1000000.0,2058143.756078244,1058143.7560782435,0.0,0.0,6.0,0.0,668,668,43,0.0643712574850299,22738240.01581809,101976.74353617289,0.0044848125213398,0.1019767435361728,0,2262,0.75,0p75,709098,medium_default,1000000.0,50
Fin_fl_rl_scaffold_2,pure_rl,fl_rl_scaffold,2017308.0417778129,1000000.0,2017308.0417778185,1017308.0417778183,0.0,0.0,11.0,0.0,714,714,68,0.0952380952380952,23708829.56919777,134290.44407566925,0.0056641532507424,0.1342904440756692,0,2262,0.75,0p75,709098,medium_default,1000000.0,50
Fin_fl_rl_scaffold_3,pure_rl,fl_rl_scaffold,2192648.197047173,1000000.0,2192648.1970472285,1192648.1970472285,0.0,0.0,6.0,0.0,726,726,40,0.0550964187327823,24434284.16181325,81439.4003713041,0.0033329971867389,0.0814394003713041,0,2262,0.75,0p75,709098,medium_default,1000000.0,50
Fin_rl_1,pure_rl,rl,2035904.67099118,1000000.0,2035904.6709912375,1035904.6709912376,0.0,0.0,6.0,0.0,790,790,46,0.0582278481012658,25470587.19068876,117893.48682690732,0.0046286128366135,0.1178934868269073,0,2251,0.75,0p75,436570,medium_default,1000000.0,50
Fin_rl_2,pure_rl,rl,2396478.169479825,1000000.0,2396478.169480032,1396478.1694800314,0.0,0.0,7.0,0.0,741,741,46,0.0620782726045884,26208262.533422276,82724.0971517953,0.0031564128696551,0.0827240971517953,0,2251,0.75,0p75,436570,medium_default,1000000.0,50
Fin_rl_3,pure_rl,rl,1965855.3221122436,1000000.0,1965855.3221122555,965855.3221122556,0.0,0.0,6.0,0.0,740,740,46,0.0621621621621621,23658068.496949136,111255.88173008578,0.0047026612398401,0.1112558817300857,0,2251,0.75,0p75,436570,medium_default,1000000.0,50
Fin_fl_rl_scaffold_1,pure_rl,fl_rl_scaffold,1816393.926976836,1000000.0,1816393.9269767688,816393.9269767688,0.0,0.0,6.0,0.0,455,455,47,0.1032967032967032,16592921.226255998,122093.08977062227,0.007358143156699,0.1220930897706222,0,2251,0.75,0p75,436570,medium_default,1000000.0,50
Fin_fl_rl_scaffold_2,pure_rl,fl_rl_scaffold,2132938.060240938,1000000.0,2132938.0602408806,1132938.0602408806,0.0,0.0,7.0,0.0,755,755,80,0.1059602649006622,25103409.72880035,156399.22302009273,0.0062301983957446,0.1563992230200927,0,2251,0.75,0p75,436570,medium_default,1000000.0,50
Fin_fl_rl_scaffold_3,pure_rl,fl_rl_scaffold,2341326.985190561,1000000.0,2341326.9851906165,1341326.9851906165,0.0,0.0,6.0,0.0,746,746,16,0.0214477211796246,26053624.96574008,39294.929682734844,0.0015082327213355,0.0392949296827348,0,2251,0.75,0p75,436570,medium_default,1000000.0,50
Fin_rl_1,pure_rl,rl,1676898.9530475934,1000000.0,1676898.953047611,676898.953047611,0.0,0.0,7.0,0.0,545,545,138,0.2532110091743119,19663980.67696505,345386.2127603744,0.0175644096907077,0.3453862127603744,0,2262,0.75,0p75,831197,medium_default,1000000.0,50
Fin_rl_2,pure_rl,rl,1926080.943037265,1000000.0,1926080.9430372545,926080.9430372544,0.0,0.0,6.0,0.0,646,646,118,0.1826625386996904,22514272.25391402,261195.52982444497,0.0116013312301949,0.2611955298244449,0,2262,0.75,0p75,831197,medium_default,1000000.0,50
Fin_rl_3,pure_rl,rl,1984783.709058806,1000000.0,1984783.709058827,984783.709058827,0.0,0.0,20.0,0.0,756,756,93,0.123015873015873,24661261.653533623,188025.02410516448,0.0076243067668933,0.1880250241051644,0,2262,0.75,0p75,831197,medium_default,1000000.0,50
Fin_fl_rl_scaffold_1,pure_rl,fl_rl_scaffold,2293294.950867596,1000000.0,2293294.9508675165,1293294.9508675165,0.0,0.0,7.0,0.0,747,747,36,0.0481927710843373,26433219.31386141,88236.73285711434,0.0033381001311044,0.0882367328571143,0,2262,0.75,0p75,831197,medium_default,1000000.0,50
Fin_fl_rl_scaffold_2,pure_rl,fl_rl_scaffold,1834944.6124335425,1000000.0,1834944.6124335704,834944.6124335702,0.0,0.0,6.0,0.0,705,705,72,0.102127659574468,23488429.52828397,157273.30173064565,0.0066957776611357,0.1572733017306456,0,2262,0.75,0p75,831197,medium_default,1000000.0,50
Fin_fl_rl_scaffold_3,pure_rl,fl_rl_scaffold,2018328.4290918887,1000000.0,2018328.42909188,1018328.42909188,0.0,0.0,6.0,0.0,872,872,35,0.040137614678899,26348434.113964576,77996.98420583241,0.002960213266127,0.0779969842058324,0,2262,0.75,0p75,831197,medium_default,1000000.0,50
Fin_rl_1,pure_rl,rl,1756444.2722694513,1000000.0,1756444.2722694646,756444.2722694646,0.0,0.0,7.0,0.0,667,667,72,0.1079460269865067,22368375.97049883,228207.9955208121,0.0102022603617621,0.2282079955208121,0,2272,0.75,0p75,709098,high_default,1000000.0,50
Fin_rl_2,pure_rl,rl,1732619.6678977162,1000000.0,1732619.6678977243,732619.6678977243,0.0,0.0,7.0,0.0,688,688,90,0.1308139534883721,22545440.579744466,214271.4849036772,0.0095039830401977,0.2142714849036772,0,2272,0.75,0p75,709098,high_default,1000000.0,50
Fin_rl_3,pure_rl,rl,1889288.266050452,1000000.0,1889288.2660504496,889288.2660504496,0.0,0.0,36.0,0.0,770,770,58,0.0753246753246753,23940645.114245854,139081.09427012,0.0058094129713889,0.13908109427012,0,2272,0.75,0p75,709098,high_default,1000000.0,50
Fin_fl_rl_scaffold_1,pure_rl,fl_rl_scaffold,1395599.7127181082,1000000.0,1395599.7127181413,395599.71271814127,0.0,0.0,7.0,0.0,549,549,140,0.2550091074681239,18601548.24909553,391161.7297245253,0.0210284501314854,0.3911617297245252,0,2272,0.75,0p75,709098,high_default,1000000.0,50
Fin_fl_rl_scaffold_2,pure_rl,fl_rl_scaffold,1511913.060531496,1000000.0,1511913.0605314877,511913.0605314877,0.0,0.0,6.0,0.0,515,515,127,0.2466019417475728,18223963.23515043,310198.16137172934,0.0170214435449155,0.3101981613717293,0,2272,0.75,0p75,709098,high_default,1000000.0,50
Fin_fl_rl_scaffold_3,pure_rl,fl_rl_scaffold,1892576.630492708,1000000.0,1892576.6304927336,892576.6304927338,0.0,0.0,6.0,0.0,659,659,52,0.0789074355083459,23002396.870000716,136218.14185273123,0.0059219107740195,0.1362181418527312,0,2272,0.75,0p75,709098,high_default,1000000.0,50
Fin_rl_1,pure_rl,rl,1508677.2559765144,1000000.0,1508677.2559765382,508677.2559765382,0.0,0.0,6.0,0.0,535,535,80,0.1495327102803738,18286163.64520616,253351.25457525824,0.0138548062617648,0.2533512545752582,0,2263,0.75,0p75,436570,high_default,1000000.0,50
Fin_rl_2,pure_rl,rl,1661237.527047191,1000000.0,1661237.5270472057,661237.5270472055,0.0,0.0,6.0,0.0,567,567,79,0.1393298059964726,20191311.89018471,206331.7627304219,0.0102188388675588,0.2063317627304219,0,2263,0.75,0p75,436570,high_default,1000000.0,50
Fin_rl_3,pure_rl,rl,2451330.6324840765,1000000.0,2451330.632484056,1451330.6324840556,0.0,0.0,7.0,0.0,750,750,46,0.0613333333333333,27245230.592553407,140529.63296312588,0.0051579535172491,0.1405296329631258,0,2263,0.75,0p75,436570,high_default,1000000.0,50
Fin_fl_rl_scaffold_1,pure_rl,fl_rl_scaffold,1798938.7383033591,1000000.0,1798938.7383033815,798938.7383033815,0.0,0.0,7.0,0.0,564,564,63,0.1117021276595744,20356778.293546144,230117.4868604992,0.0113042193387474,0.2301174868604991,0,2263,0.75,0p75,436570,high_default,1000000.0,50
Fin_fl_rl_scaffold_2,pure_rl,fl_rl_scaffold,1569998.1711304465,1000000.0,1569998.1711304467,569998.1711304467,0.0,0.0,7.0,0.0,680,680,77,0.113235294117647,22600189.34304602,196444.46993860253,0.0086921603601098,0.1964444699386025,0,2263,0.75,0p75,436570,high_default,1000000.0,50
Fin_fl_rl_scaffold_3,pure_rl,fl_rl_scaffold,1749127.707205936,1000000.0,1749127.707205932,749127.7072059319,0.0,0.0,6.0,0.0,783,783,30,0.0383141762452107,24075190.76004686,73358.37403633,0.0030470526596229,0.07335837403633,0,2263,0.75,0p75,436570,high_default,1000000.0,50
Fin_rl_1,pure_rl,rl,1529105.8896353843,1000000.0,1529105.8896352558,529105.8896352558,0.0,0.0,8.0,0.0,505,505,71,0.1405940594059406,17722493.139079064,224864.9763565153,0.0126881119147212,0.2248649763565153,0,2259,0.75,0p75,831197,high_default,1000000.0,50
Fin_rl_2,pure_rl,rl,1710767.007098453,1000000.0,1710767.007098558,710767.0070985579,0.0,0.0,7.0,0.0,639,639,116,0.1815336463223787,22220792.516450617,312159.6359113854,0.0140480874244375,0.3121596359113854,0,2259,0.75,0p75,831197,high_default,1000000.0,50
Fin_rl_3,pure_rl,rl,1806816.798429479,1000000.0,1806816.7984294635,806816.7984294635,0.0,0.0,6.0,0.0,628,628,78,0.1242038216560509,21082741.186585363,192138.19150553105,0.0091135298681077,0.192138191505531,0,2259,0.75,0p75,831197,high_default,1000000.0,50
Fin_fl_rl_scaffold_1,pure_rl,fl_rl_scaffold,1440703.3056234445,1000000.0,1440703.3056234648,440703.3056234648,0.0,0.0,36.0,0.0,604,604,111,0.1837748344370861,19472868.08446122,315770.1105927074,0.0162159014903758,0.3157701105927074,0,2259,0.75,0p75,831197,high_default,1000000.0,50
Fin_fl_rl_scaffold_2,pure_rl,fl_rl_scaffold,1669429.3906917174,1000000.0,1669429.3906917532,669429.3906917532,0.0,0.0,7.0,0.0,722,722,84,0.1163434903047091,23585249.018755127,213145.65727754607,0.0090372443007937,0.213145657277546,0,2259,0.75,0p75,831197,high_default,1000000.0,50
Fin_fl_rl_scaffold_3,pure_rl,fl_rl_scaffold,2324425.8848361694,1000000.0,2324425.8848361904,1324425.8848361904,0.0,0.0,6.0,0.0,824,824,29,0.0351941747572815,27719058.089790363,72212.06485482224,0.0026051413659477,0.0722120648548222,0,2259,0.75,0p75,831197,high_default,1000000.0,50
Fin_rl_1,pure_rl,rl,6001899.716413284,5000000.0,6001899.716411665,1001899.7164116652,0.0,0.0,6.0,0.0,1678,1678,0,0.0,58891493.0948377,0.0,0.0,0.0,0,2250,0.75,0p75,709098,none_default,5000000.0,50
Fin_rl_2,pure_rl,rl,5114867.055619084,5000000.0,5114867.055619342,114867.05561934224,0.0,0.0,17.0,0.0,176,176,0,0.0,6182662.834678422,0.0,0.0,0.0,0,2250,0.75,0p75,709098,none_default,5000000.0,50
Fin_rl_3,pure_rl,rl,5892147.320529369,5000000.0,5892147.320529604,892147.3205296043,0.0,0.0,6.0,0.0,1514,1514,0,0.0,52532315.53310513,0.0,0.0,0.0,0,2250,0.75,0p75,709098,none_default,5000000.0,50
Fin_fl_rl_scaffold_1,pure_rl,fl_rl_scaffold,5998632.229106654,5000000.0,5998632.22910782,998632.2291078204,0.0,0.0,6.0,0.0,1699,1699,0,0.0,58848065.3353821,0.0,0.0,0.0,0,2250,0.75,0p75,709098,none_default,5000000.0,50
Fin_fl_rl_scaffold_2,pure_rl,fl_rl_scaffold,5812743.34705182,5000000.0,5812743.347051966,812743.347051966,0.0,0.0,6.0,0.0,1353,1353,0,0.0,47554481.99566358,0.0,0.0,0.0,0,2250,0.75,0p75,709098,none_default,5000000.0,50
Fin_fl_rl_scaffold_3,pure_rl,fl_rl_scaffold,5136619.550282776,5000000.0,5136619.550283681,136619.55028368067,0.0,0.0,13.0,0.0,219,219,0,0.0,7563231.408049487,0.0,0.0,0.0,0,2250,0.75,0p75,709098,none_default,5000000.0,50
Fin_rl_1,pure_rl,rl,5657200.861356087,5000000.0,5657200.861356003,657200.8613560032,0.0,0.0,6.0,0.0,1109,1109,0,0.0,38577878.14157861,0.0,0.0,0.0,0,2245,0.75,0p75,436570,none_default,5000000.0,50
Fin_rl_2,pure_rl,rl,5632524.230339462,5000000.0,5632524.230339237,632524.2303392366,0.0,0.0,6.0,0.0,1076,1076,0,0.0,37166319.81304064,0.0,0.0,0.0,0,2245,0.75,0p75,436570,none_default,5000000.0,50
Fin_rl_3,pure_rl,rl,5698576.596433318,5000000.0,5698576.596434186,698576.5964341862,0.0,0.0,6.0,0.0,1174,1174,0,0.0,40924418.40753032,0.0,0.0,0.0,0,2245,0.75,0p75,436570,none_default,5000000.0,50
Fin_fl_rl_scaffold_1,pure_rl,fl_rl_scaffold,5647201.692123011,5000000.0,5647201.692123655,647201.6921236552,0.0,0.0,6.0,0.0,1087,1087,0,0.0,38148526.7775985,0.0,0.0,0.0,0,2245,0.75,0p75,436570,none_default,5000000.0,50
Fin_fl_rl_scaffold_2,pure_rl,fl_rl_scaffold,5725646.421205118,5000000.0,5725646.42120525,725646.4212052496,0.0,0.0,6.0,0.0,1214,1214,0,0.0,42400866.88268263,0.0,0.0,0.0,0,2245,0.75,0p75,436570,none_default,5000000.0,50
Fin_fl_rl_scaffold_3,pure_rl,fl_rl_scaffold,5587947.653752335,5000000.0,5587947.653751742,587947.6537517421,0.0,0.0,6.0,0.0,987,987,0,0.0,34687856.384529464,0.0,0.0,0.0,0,2245,0.75,0p75,436570,none_default,5000000.0,50
Fin_rl_1,pure_rl,rl,5663466.903218609,5000000.0,5663466.903218398,663466.9032183979,0.0,0.0,6.0,0.0,1121,1121,0,0.0,39453631.44759134,0.0,0.0,0.0,0,2243,0.75,0p75,831197,none_default,5000000.0,50
Fin_rl_2,pure_rl,rl,5664013.888229814,5000000.0,5664013.888230064,664013.888230064,0.0,0.0,6.0,0.0,1119,1119,0,0.0,39069683.053272665,0.0,0.0,0.0,0,2243,0.75,0p75,831197,none_default,5000000.0,50
Fin_rl_3,pure_rl,rl,5645030.29348458,5000000.0,5645030.293484296,645030.2934842957,0.0,0.0,6.0,0.0,1067,1067,0,0.0,37973718.903080925,0.0,0.0,0.0,0,2243,0.75,0p75,831197,none_default,5000000.0,50
Fin_fl_rl_scaffold_1,pure_rl,fl_rl_scaffold,5654844.105262246,5000000.0,5654844.10526132,654844.1052613202,0.0,0.0,6.0,0.0,1086,1086,0,0.0,38582457.390022665,0.0,0.0,0.0,0,2243,0.75,0p75,831197,none_default,5000000.0,50
Fin_fl_rl_scaffold_2,pure_rl,fl_rl_scaffold,5680601.384717741,5000000.0,5680601.384718278,680601.3847182784,0.0,0.0,6.0,0.0,1147,1147,0,0.0,39932349.5691159,0.0,0.0,0.0,0,2243,0.75,0p75,831197,none_default,5000000.0,50
Fin_fl_rl_scaffold_3,pure_rl,fl_rl_scaffold,5663955.598414334,5000000.0,5663955.598414816,663955.598414816,0.0,0.0,6.0,0.0,1120,1120,0,0.0,39158063.21349424,0.0,0.0,0.0,0,2243,0.75,0p75,831197,none_default,5000000.0,50
Fin_rl_1,pure_rl,rl,5250571.275077475,5000000.0,5250571.275076139,250571.2750761388,0.0,0.0,20.0,0.0,286,286,31,0.1083916083916083,10319475.73108779,57970.01670851599,0.0056175350588673,0.0115940033417031,0,2254,0.75,0p75,709098,low_default,5000000.0,50
Fin_rl_2,pure_rl,rl,5713236.204604713,5000000.0,5713236.204605121,713236.2046051212,0.0,0.0,19.0,0.0,1406,1406,247,0.1756756756756756,49602859.63216958,394631.3245203169,0.0079558180203058,0.0789262649040633,0,2254,0.75,0p75,709098,low_default,5000000.0,50
Fin_rl_3,pure_rl,rl,5766451.394984694,5000000.0,5766451.394985396,766451.3949853955,0.0,0.0,18.0,0.0,1137,1137,50,0.0439753737906772,39758722.63442059,93899.15465722488,0.0023617246338777,0.0187798309314449,0,2254,0.75,0p75,709098,low_default,5000000.0,50
Fin_fl_rl_scaffold_1,pure_rl,fl_rl_scaffold,6083849.603850788,5000000.0,6083849.603850926,1083849.6038509265,0.0,0.0,6.0,0.0,1671,1671,121,0.0724117295032914,58021890.59872743,230259.9661110224,0.0039685016074962,0.0460519932222044,0,2254,0.75,0p75,709098,low_default,5000000.0,50
Fin_fl_rl_scaffold_2,pure_rl,fl_rl_scaffold,5899694.227801065,5000000.0,5899694.227801312,899694.2278013118,0.0,0.0,7.0,0.0,1250,1250,152,0.1216,43633077.79483764,234256.71881566208,0.0053687874120898,0.0468513437631324,0,2254,0.75,0p75,709098,low_default,5000000.0,50
Fin_fl_rl_scaffold_3,pure_rl,fl_rl_scaffold,5565306.208718512,5000000.0,5565306.20872006,565306.2087200601,0.0,0.0,20.0,0.0,688,688,19,0.0276162790697674,24144488.083631568,25035.39505238205,0.0010368989794136,0.0050070790104764,0,2254,0.75,0p75,709098,low_default,5000000.0,50
Fin_rl_1,pure_rl,rl,5493474.954454927,5000000.0,5493474.954455097,493474.9544550972,0.0,0.0,8.0,0.0,1052,1052,136,0.1292775665399239,36745892.09880895,226557.3742150897,0.006165515688281,0.0453114748430179,0,2276,0.75,0p75,436570,low_default,5000000.0,50
Fin_rl_2,pure_rl,rl,5493050.541599263,5000000.0,5493050.541599824,493050.5415998241,0.0,0.0,7.0,0.0,1032,1032,132,0.127906976744186,35993858.615281574,207872.87544398417,0.0057752317601128,0.0415745750887968,0,2276,0.75,0p75,436570,low_default,5000000.0,50
Fin_rl_3,pure_rl,rl,5532944.493829442,5000000.0,5532944.493829912,532944.4938299116,0.0,0.0,6.0,0.0,972,972,94,0.0967078189300411,33471240.93774816,178758.4506467666,0.0053406579988842,0.0357516901293533,0,2276,0.75,0p75,436570,low_default,5000000.0,50
Fin_fl_rl_scaffold_1,pure_rl,fl_rl_scaffold,5664082.896873181,5000000.0,5664082.896872867,664082.8968728669,0.0,0.0,6.0,0.0,1312,1312,119,0.0907012195121951,46128641.04829842,211891.6390100376,0.0045934940677783,0.0423783278020075,0,2276,0.75,0p75,436570,low_default,5000000.0,50
Fin_fl_rl_scaffold_2,pure_rl,fl_rl_scaffold,5292535.951543459,5000000.0,5292535.951544589,292535.95154458936,0.0,0.0,8.0,0.0,771,771,180,0.2334630350194552,26793822.251667563,307940.00323480635,0.0114929479020351,0.0615880006469612,0,2276,0.75,0p75,436570,low_default,5000000.0,50
Fin_fl_rl_scaffold_3,pure_rl,fl_rl_scaffold,5836127.481457529,5000000.0,5836127.481458242,836127.481458242,0.0,0.0,6.0,0.0,1452,1452,76,0.0523415977961432,51091255.497066766,129068.54519976515,0.0025262355356911,0.025813709039953,0,2276,0.75,0p75,436570,low_default,5000000.0,50
Fin_rl_1,pure_rl,rl,5426416.057373571,5000000.0,5426416.057374164,426416.05737416446,0.0,0.0,6.0,0.0,974,974,152,0.1560574948665297,34349204.06960035,273351.9802061039,0.007958029526746,0.0546703960412207,0,2279,0.75,0p75,831197,low_default,5000000.0,50
Fin_rl_2,pure_rl,rl,5519984.119909272,5000000.0,5519984.119908137,519984.1199081373,0.0,0.0,6.0,0.0,1081,1081,138,0.1276595744680851,37977763.67433044,217336.6807934232,0.0057227350893313,0.0434673361586846,0,2279,0.75,0p75,831197,low_default,5000000.0,50
Fin_rl_3,pure_rl,rl,5600438.536440964,5000000.0,5600438.5364418095,600438.5364418095,0.0,0.0,14.0,0.0,965,965,53,0.0549222797927461,33926686.79205103,88831.02634808434,0.0026183230591469,0.0177662052696168,0,2279,0.75,0p75,831197,low_default,5000000.0,50
Fin_fl_rl_scaffold_1,pure_rl,fl_rl_scaffold,5493356.571352724,5000000.0,5493356.571351489,493356.57135148905,0.0,0.0,8.0,0.0,975,975,77,0.0789743589743589,33890638.40971902,113347.65243059747,0.0033445121646953,0.0226695304861194,0,2279,0.75,0p75,831197,low_default,5000000.0,50
Fin_fl_rl_scaffold_2,pure_rl,fl_rl_scaffold,5416426.140232261,5000000.0,5416426.140232941,416426.14023294114,0.0,0.0,7.0,0.0,1070,1070,234,0.2186915887850467,37660368.69794861,352918.0328159547,0.009371072164654,0.0705836065631909,0,2279,0.75,0p75,831197,low_default,5000000.0,50
Fin_fl_rl_scaffold_3,pure_rl,fl_rl_scaffold,5886927.002787324,5000000.0,5886927.002786603,886927.0027866028,0.0,0.0,12.0,0.0,1544,1544,100,0.0647668393782383,53243238.89184512,170744.68442986897,0.0032068801219382,0.0341489368859737,0,2279,0.75,0p75,831197,low_default,5000000.0,50
Fin_rl_1,pure_rl,rl,5016255.519719952,5000000.0,5016255.519720074,16255.51972007379,0.0,0.0,21.0,0.0,318,318,151,0.4748427672955975,11187914.83141203,378930.41523087205,0.0338696192222485,0.0757860830461744,0,2277,0.75,0p75,709098,medium_default,5000000.0,50
Fin_rl_2,pure_rl,rl,5711153.447930797,5000000.0,5711153.447930115,711153.4479301153,0.0,0.0,7.0,0.0,1670,1670,217,0.129940119760479,57997070.83274546,499069.1576011357,0.0086050752294089,0.0998138315202271,0,2277,0.75,0p75,709098,medium_default,5000000.0,50
Fin_rl_3,pure_rl,rl,5831164.48261536,5000000.0,5831164.482617144,831164.4826171435,0.0,0.0,14.0,0.0,1149,1149,109,0.0948651000870322,40499633.85661367,247678.7478742249,0.0061155799272436,0.0495357495748449,0,2277,0.75,0p75,709098,medium_default,5000000.0,50
Fin_fl_rl_scaffold_1,pure_rl,fl_rl_scaffold,5450563.344929133,5000000.0,5450563.344930257,450563.3449302567,0.0,0.0,7.0,0.0,1164,1164,216,0.1855670103092783,40828708.17904937,462504.9777247129,0.0113279356206043,0.0925009955449425,0,2277,0.75,0p75,709098,medium_default,5000000.0,50
Fin_fl_rl_scaffold_2,pure_rl,fl_rl_scaffold,5148140.865545828,5000000.0,5148140.865545099,148140.86554509867,0.0,0.0,14.0,0.0,519,519,188,0.3622350674373796,17960017.43020538,363982.3938831891,0.0202662606145937,0.0727964787766378,0,2277,0.75,0p75,709098,medium_default,5000000.0,50
Fin_fl_rl_scaffold_3,pure_rl,fl_rl_scaffold,5705008.393402261,5000000.0,5705008.393402656,705008.3934026556,0.0,0.0,14.0,0.0,1240,1240,120,0.0967741935483871,43395936.71906314,240087.33084823648,0.0055324841217857,0.0480174661696473,0,2277,0.75,0p75,709098,medium_default,5000000.0,50
Fin_rl_1,pure_rl,rl,5036087.192501425,5000000.0,5036087.1925015,36087.19250150025,0.0,0.0,8.0,0.0,353,353,102,0.2889518413597733,12329071.373811947,284641.1589601937,0.0230869909281892,0.0569282317920387,0,2242,0.75,0p75,436570,medium_default,5000000.0,50
Fin_rl_2,pure_rl,rl,5324988.469078345,5000000.0,5324988.469079572,324988.4690795718,0.0,0.0,8.0,0.0,1090,1090,224,0.2055045871559633,38060025.705276616,412521.1853496895,0.0108386995989994,0.0825042370699378,0,2242,0.75,0p75,436570,medium_default,5000000.0,50
Fin_rl_3,pure_rl,rl,5408555.770846304,5000000.0,5408555.770847046,408555.7708470458,0.0,0.0,8.0,0.0,1179,1179,228,0.193384223918575,40567360.26214719,492999.45102248737,0.0121526135256697,0.0985998902044974,0,2242,0.75,0p75,436570,medium_default,5000000.0,50
Fin_fl_rl_scaffold_1,pure_rl,fl_rl_scaffold,5220072.383792744,5000000.0,5220072.383793906,220072.3837939063,0.0,0.0,7.0,0.0,941,941,226,0.2401700318809776,32961638.5672682,540048.5788788045,0.0163841545005923,0.1080097157757608,0,2242,0.75,0p75,436570,medium_default,5000000.0,50
Fin_fl_rl_scaffold_2,pure_rl,fl_rl_scaffold,5146943.515673296,5000000.0,5146943.515673284,146943.5156732835,0.0,0.0,8.0,0.0,466,466,102,0.2188841201716738,16599978.543107418,231167.0605711366,0.0139257445406229,0.0462334121142273,0,2242,0.75,0p75,436570,medium_default,5000000.0,50
Fin_fl_rl_scaffold_3,pure_rl,fl_rl_scaffold,6042788.586132466,5000000.0,6042788.586134248,1042788.5861342476,0.0,0.0,7.0,0.0,2081,2081,173,0.083133109082172,72295589.02361043,360074.4550399154,0.0049805867813362,0.072014891007983,0,2242,0.75,0p75,436570,medium_default,5000000.0,50
Fin_rl_1,pure_rl,rl,5413070.710126406,5000000.0,5413070.710127186,413070.710127186,0.0,0.0,24.0,0.0,845,845,152,0.1798816568047337,29849408.21307993,363743.56189515913,0.0121859555572618,0.0727487123790318,0,2272,0.75,0p75,831197,medium_default,5000000.0,50
Fin_rl_2,pure_rl,rl,5282693.1031848425,5000000.0,5282693.103184658,282693.1031846581,0.0,0.0,12.0,0.0,649,649,170,0.2619414483821263,22754714.846851364,373215.3356854427,0.0164016705195972,0.0746430671370885,0,2272,0.75,0p75,831197,medium_default,5000000.0,50
Fin_rl_3,pure_rl,rl,5582007.224485986,5000000.0,5582007.224485952,582007.2244859515,0.0,0.0,15.0,0.0,1378,1378,217,0.1574746008708273,47400632.27711786,478833.0737055106,0.0101018288301749,0.0957666147411021,0,2272,0.75,0p75,831197,medium_default,5000000.0,50
Fin_fl_rl_scaffold_1,pure_rl,fl_rl_scaffold,5533008.508304585,5000000.0,5533008.508304101,533008.5083041014,0.0,0.0,8.0,0.0,1026,1026,122,0.1189083820662768,36189184.41569128,265888.48139254434,0.0073471808134271,0.0531776962785088,0,2272,0.75,0p75,831197,medium_default,5000000.0,50
Fin_fl_rl_scaffold_2,pure_rl,fl_rl_scaffold,5787471.052796796,5000000.0,5787471.052797721,787471.0527977208,0.0,0.0,6.0,0.0,1426,1426,201,0.140953716690042,50561922.72220312,479381.5565869548,0.0094810784633481,0.0958763113173909,0,2272,0.75,0p75,831197,medium_default,5000000.0,50
Fin_fl_rl_scaffold_3,pure_rl,fl_rl_scaffold,5555550.793202067,5000000.0,5555550.7932006335,555550.7932006335,0.0,0.0,12.0,0.0,618,618,41,0.0663430420711974,21591425.86644094,91267.79757895543,0.0042270389247803,0.018253559515791,0,2272,0.75,0p75,831197,medium_default,5000000.0,50
Fin_rl_1,pure_rl,rl,5290095.483105147,5000000.0,5290095.48310478,290095.4831047803,0.0,0.0,9.0,0.0,1000,1000,122,0.122,35252585.05938377,429412.7606329368,0.0121810289914791,0.0858825521265873,0,2247,0.75,0p75,709098,high_default,5000000.0,50
Fin_rl_2,pure_rl,rl,5368639.833362813,5000000.0,5368639.833363221,368639.833363221,0.0,0.0,8.0,0.0,1489,1489,312,0.2095366017461383,52160242.23517113,631518.7654670414,0.0121072820678201,0.1263037530934082,0,2247,0.75,0p75,709098,high_default,5000000.0,50
Fin_rl_3,pure_rl,rl,5181629.299531621,5000000.0,5181629.299532221,181629.2995322207,0.0,0.0,7.0,0.0,839,839,189,0.2252681764004767,29017410.77622298,489061.707575145,0.0168540781032015,0.097812341515029,0,2247,0.75,0p75,709098,high_default,5000000.0,50
Fin_fl_rl_scaffold_1,pure_rl,fl_rl_scaffold,5030505.326805785,5000000.0,5030505.326804863,30505.32680486329,0.0,0.0,7.0,0.0,342,342,74,0.2163742690058479,12015435.04180362,254906.21244917795,0.0212148966360617,0.0509812424898355,0,2247,0.75,0p75,709098,high_default,5000000.0,50
Fin_fl_rl_scaffold_2,pure_rl,fl_rl_scaffold,4997082.787040778,5000000.0,4997082.787040831,-2917.21295916941,2917.21295916941,0.0005834425918338,6.0,0.0,520,520,180,0.3461538461538461,18062401.845285755,437336.8675244715,0.0242125533066143,0.0874673735048943,0,2247,0.75,0p75,709098,high_default,5000000.0,50
Fin_fl_rl_scaffold_3,pure_rl,fl_rl_scaffold,5482489.897233541,5000000.0,5482489.89723451,482489.8972345097,0.0,0.0,6.0,0.0,1018,1018,69,0.0677799607072691,35138629.64517749,194626.4501968239,0.0055388173119475,0.0389252900393647,0,2247,0.75,0p75,709098,high_default,5000000.0,50
Fin_rl_1,pure_rl,rl,5521868.901501164,5000000.0,5521868.901501955,521868.90150195546,0.0,0.0,13.0,0.0,1360,1360,133,0.0977941176470588,48013306.65690528,483155.71591592015,0.0100629544090446,0.096631143183184,0,2237,0.75,0p75,436570,high_default,5000000.0,50
Fin_rl_2,pure_rl,rl,5232720.343049662,5000000.0,5232720.343049127,232720.34304912668,0.0,0.0,8.0,0.0,977,977,250,0.2558853633572159,33890643.89165308,559905.1750322027,0.0165209364809413,0.1119810350064405,0,2237,0.75,0p75,436570,high_default,5000000.0,50
Fin_rl_3,pure_rl,rl,5606117.911291599,5000000.0,5606117.911291203,606117.9112912035,0.0,0.0,10.0,0.0,1002,1002,126,0.1257485029940119,35280169.417147666,342037.66910700744,0.0096948987138582,0.0684075338214015,0,2237,0.75,0p75,436570,high_default,5000000.0,50
Fin_fl_rl_scaffold_1,pure_rl,fl_rl_scaffold,4959382.29479182,5000000.0,4959382.294791471,-40617.70520852879,40617.70520852879,0.0081235410417057,22.0,0.0,205,205,74,0.3609756097560975,7160203.811956267,225677.26072575452,0.0315182733135212,0.0451354521451509,0,2237,0.75,0p75,436570,high_default,5000000.0,50
Fin_fl_rl_scaffold_2,pure_rl,fl_rl_scaffold,5016172.11226186,5000000.0,5016172.1122625545,16172.112262554469,0.0,0.0,7.0,0.0,776,776,311,0.4007731958762887,27383139.40558917,806181.4470750303,0.0294407969493257,0.161236289415006,0,2237,0.75,0p75,436570,high_default,5000000.0,50
Fin_fl_rl_scaffold_3,pure_rl,fl_rl_scaffold,5593993.899950132,5000000.0,5593993.899948338,593993.899948338,0.0,0.0,8.0,0.0,906,906,85,0.0938189845474613,31562668.571102504,238345.37606463823,0.0075514963358598,0.0476690752129276,0,2237,0.75,0p75,436570,high_default,5000000.0,50
Fin_rl_1,pure_rl,rl,5589669.415263556,5000000.0,5589669.415263264,589669.4152632635,0.0,0.0,13.0,0.0,1166,1166,141,0.120926243567753,41180455.7270282,462381.1118903605,0.0112281688904885,0.0924762223780721,0,2274,0.75,0p75,831197,high_default,5000000.0,50
Fin_rl_2,pure_rl,rl,5495466.262588585,5000000.0,5495466.262590126,495466.2625901261,0.0,0.0,12.0,0.0,1307,1307,330,0.252486610558531,45625982.76796208,822389.4094251347,0.0180245851055422,0.1644778818850269,0,2274,0.75,0p75,831197,high_default,5000000.0,50
Fin_rl_3,pure_rl,rl,5366291.767874959,5000000.0,5366291.767875745,366291.76787574496,0.0,0.0,18.0,0.0,433,433,65,0.1501154734411085,15536814.466763096,171111.98182633345,0.0110133246549595,0.0342223963652666,0,2274,0.75,0p75,831197,high_default,5000000.0,50
Fin_fl_rl_scaffold_1,pure_rl,fl_rl_scaffold,5335590.893727439,5000000.0,5335590.893727345,335590.8937273454,0.0,0.0,17.0,0.0,880,880,139,0.1579545454545454,30911280.389402155,430967.6916823069,0.0139420847746592,0.0861935383364613,0,2274,0.75,0p75,831197,high_default,5000000.0,50
Fin_fl_rl_scaffold_2,pure_rl,fl_rl_scaffold,5587278.273071769,5000000.0,5587278.273072287,587278.2730722874,0.0,0.0,14.0,0.0,1009,1009,193,0.1912784935579781,35294724.45861286,489249.10087353067,0.0138618195319028,0.0978498201747061,0,2274,0.75,0p75,831197,high_default,5000000.0,50
Fin_fl_rl_scaffold_3,pure_rl,fl_rl_scaffold,5148074.0036585815,5000000.0,5148074.003658057,148074.0036580572,0.0,0.0,26.0,0.0,395,395,76,0.1924050632911392,13783658.479376348,195822.08610836204,0.0142068295149186,0.0391644172216724,0,2274,0.75,0p75,831197,high_default,5000000.0,50
Fin_rl_1,pure_rl,rl,11152536.81579149,10000000.0,11152536.815788371,1152536.8157883715,0.0,0.0,6.0,0.0,1925,1925,0,0.0,67526416.74246001,0.0,0.0,0.0,0,2251,0.75,0p75,709098,none_default,10000000.0,50
Fin_rl_2,pure_rl,rl,10093374.818254257,10000000.0,10093374.818253124,93374.81825312412,0.0,0.0,17.0,0.0,141,141,0,0.0,4987231.593921553,0.0,0.0,0.0,0,2251,0.75,0p75,709098,none_default,10000000.0,50
Fin_rl_3,pure_rl,rl,10255100.975769203,10000000.0,10255100.975769518,255100.97576951797,0.0,0.0,11.0,0.0,419,419,0,0.0,14628797.83356108,0.0,0.0,0.0,0,2251,0.75,0p75,709098,none_default,10000000.0,50
Fin_fl_rl_scaffold_1,pure_rl,fl_rl_scaffold,11198605.766080257,10000000.0,11198605.7660806,1198605.7660805993,0.0,0.0,6.0,0.0,2015,2015,0,0.0,70588063.39716808,0.0,0.0,0.0,0,2251,0.75,0p75,709098,none_default,10000000.0,50
Fin_fl_rl_scaffold_2,pure_rl,fl_rl_scaffold,11169834.191151058,10000000.0,11169834.191153318,1169834.1911533177,0.0,0.0,6.0,0.0,1971,1971,0,0.0,68785007.87680608,0.0,0.0,0.0,0,2251,0.75,0p75,709098,none_default,10000000.0,50
Fin_fl_rl_scaffold_3,pure_rl,fl_rl_scaffold,10114978.788068715,10000000.0,10114978.788068227,114978.78806822748,0.0,0.0,13.0,0.0,181,181,0,0.0,6351038.449309517,0.0,0.0,0.0,0,2251,0.75,0p75,709098,none_default,10000000.0,50
Fin_rl_1,pure_rl,rl,10744325.97518202,10000000.0,10744325.975181349,744325.9751813486,0.0,0.0,6.0,0.0,1266,1266,0,0.0,44397995.53647257,0.0,0.0,0.0,0,2248,0.75,0p75,436570,none_default,10000000.0,50
Fin_rl_2,pure_rl,rl,10559209.392543191,10000000.0,10559209.392543994,559209.3925439939,0.0,0.0,6.0,0.0,946,946,0,0.0,32988473.98538875,0.0,0.0,0.0,0,2248,0.75,0p75,436570,none_default,10000000.0,50
Fin_rl_3,pure_rl,rl,10769172.066218406,10000000.0,10769172.066215914,769172.0662159137,0.0,0.0,6.0,0.0,1299,1299,0,0.0,45218415.39099589,0.0,0.0,0.0,0,2248,0.75,0p75,436570,none_default,10000000.0,50
Fin_fl_rl_scaffold_1,pure_rl,fl_rl_scaffold,10741069.99904689,10000000.0,10741069.999046909,741069.9990469068,0.0,0.0,6.0,0.0,1253,1253,0,0.0,43511389.80841927,0.0,0.0,0.0,0,2248,0.75,0p75,436570,none_default,10000000.0,50
Fin_fl_rl_scaffold_2,pure_rl,fl_rl_scaffold,10754369.630456183,10000000.0,10754369.630455026,754369.6304550264,0.0,0.0,6.0,0.0,1278,1278,0,0.0,44575200.92818142,0.0,0.0,0.0,0,2248,0.75,0p75,436570,none_default,10000000.0,50
Fin_fl_rl_scaffold_3,pure_rl,fl_rl_scaffold,10352983.004505437,10000000.0,10352983.004503611,352983.0045036115,0.0,0.0,13.0,0.0,581,581,0,0.0,20744385.01941912,0.0,0.0,0.0,0,2248,0.75,0p75,436570,none_default,10000000.0,50
Fin_rl_1,pure_rl,rl,10755768.363381457,10000000.0,10755768.36338102,755768.3633810207,0.0,0.0,6.0,0.0,1275,1275,0,0.0,44641410.27855959,0.0,0.0,0.0,0,2253,0.75,0p75,831197,none_default,10000000.0,50
Fin_rl_2,pure_rl,rl,10797716.504962156,10000000.0,10797716.50496115,797716.5049611498,0.0,0.0,6.0,0.0,1348,1348,0,0.0,47262850.89452157,0.0,0.0,0.0,0,2253,0.75,0p75,831197,none_default,10000000.0,50
Fin_rl_3,pure_rl,rl,10767407.819869705,10000000.0,10767407.819868185,767407.8198681828,0.0,0.0,6.0,0.0,1294,1294,0,0.0,44749324.42682292,0.0,0.0,0.0,0,2253,0.75,0p75,831197,none_default,10000000.0,50
Fin_fl_rl_scaffold_1,pure_rl,fl_rl_scaffold,10121254.467417682,10000000.0,10121254.467417812,121254.46741781196,0.0,0.0,11.0,0.0,191,191,0,0.0,6716928.054964955,0.0,0.0,0.0,0,2253,0.75,0p75,831197,none_default,10000000.0,50
Fin_fl_rl_scaffold_2,pure_rl,fl_rl_scaffold,10771638.90958476,10000000.0,10771638.909585329,771638.9095853269,0.0,0.0,6.0,0.0,1308,1308,0,0.0,45577422.38249544,0.0,0.0,0.0,0,2253,0.75,0p75,831197,none_default,10000000.0,50
Fin_fl_rl_scaffold_3,pure_rl,fl_rl_scaffold,10731170.843369585,10000000.0,10731170.84337536,731170.8433753606,0.0,0.0,6.0,0.0,1227,1227,0,0.0,43084438.43002981,0.0,0.0,0.0,0,2253,0.75,0p75,831197,none_default,10000000.0,50
Fin_rl_1,pure_rl,rl,10320802.583960056,10000000.0,10320802.583961671,320802.5839616731,0.0,0.0,8.0,0.0,680,680,105,0.1544117647058823,23802612.842337973,201223.9463614765,0.0084538595697173,0.0201223946361476,0,2258,0.75,0p75,709098,low_default,10000000.0,50
Fin_rl_2,pure_rl,rl,10579327.570707897,10000000.0,10579327.57071084,579327.5707108397,0.0,0.0,7.0,0.0,1399,1399,286,0.2044317369549678,48976617.45018803,394530.6708863416,0.0080554903834998,0.0394530670886341,0,2258,0.75,0p75,709098,low_default,10000000.0,50
Fin_rl_3,pure_rl,rl,10481047.421279786,10000000.0,10481047.421282012,481047.421282012,0.0,0.0,8.0,0.0,771,771,56,0.0726329442282749,26980458.16189154,119829.9216603779,0.0044413597775604,0.0119829921660377,0,2258,0.75,0p75,709098,low_default,10000000.0,50
Fin_fl_rl_scaffold_1,pure_rl,fl_rl_scaffold,10379628.160298703,10000000.0,10379628.1602995,379628.1602994986,0.0,0.0,10.0,0.0,629,629,35,0.0556438791732909,21797270.278140925,45924.12504673346,0.002106875056405,0.0045924125046733,0,2258,0.75,0p75,709098,low_default,10000000.0,50
Fin_fl_rl_scaffold_2,pure_rl,fl_rl_scaffold,10673454.420564534,10000000.0,10673454.420565955,673454.4205659553,0.0,0.0,7.0,0.0,1448,1448,207,0.1429558011049723,50598680.591123685,318468.4311075271,0.0062940066299553,0.0318468431107527,0,2258,0.75,0p75,709098,low_default,10000000.0,50
Fin_fl_rl_scaffold_3,pure_rl,fl_rl_scaffold,11035326.540708931,10000000.0,11035326.54070836,1035326.5407083592,0.0,0.0,8.0,0.0,1644,1644,42,0.0255474452554744,57491782.37674761,71603.04684287247,0.0012454483733632,0.0071603046842872,0,2258,0.75,0p75,709098,low_default,10000000.0,50
Fin_rl_1,pure_rl,rl,10945133.331983833,10000000.0,10945133.331980946,945133.3319809455,0.0,0.0,7.0,0.0,1753,1753,124,0.0707358813462635,61885055.39319819,189545.5890250475,0.0030628653044056,0.0189545589025047,0,2265,0.75,0p75,436570,low_default,10000000.0,50
Fin_rl_2,pure_rl,rl,10661447.187168192,10000000.0,10661447.18716785,661447.1871678494,0.0,0.0,6.0,0.0,1327,1327,182,0.1371514694800301,46192988.1546598,275609.0819036166,0.0059664700837461,0.0275609081903616,0,2265,0.75,0p75,436570,low_default,10000000.0,50
Fin_rl_3,pure_rl,rl,10426284.95045925,10000000.0,10426284.950463604,426284.9504636042,0.0,0.0,8.0,0.0,720,720,98,0.1361111111111111,25141265.496023934,179341.45221011312,0.007133350238017,0.0179341452210113,0,2265,0.75,0p75,436570,low_default,10000000.0,50
Fin_fl_rl_scaffold_1,pure_rl,fl_rl_scaffold,10694528.808910267,10000000.0,10694528.80891079,694528.8089107908,0.0,0.0,8.0,0.0,1378,1378,167,0.1211901306240928,48128656.13296581,284164.3285972135,0.0059042647650943,0.0284164328597213,0,2265,0.75,0p75,436570,low_default,10000000.0,50
Fin_fl_rl_scaffold_2,pure_rl,fl_rl_scaffold,10113262.11185547,10000000.0,10113262.111852178,113262.11185217836,0.0,0.0,6.0,0.0,280,280,93,0.3321428571428571,9817669.035813358,174168.0654621983,0.0177402665364721,0.0174168065462198,0,2265,0.75,0p75,436570,low_default,10000000.0,50
Fin_fl_rl_scaffold_3,pure_rl,fl_rl_scaffold,10793360.181094708,10000000.0,10793360.181094851,793360.1810948513,0.0,0.0,11.0,0.0,1119,1119,44,0.0393208221626452,39762135.80260634,64665.38067210984,0.001626305513193,0.0064665380672109,0,2265,0.75,0p75,436570,low_default,10000000.0,50
Fin_rl_1,pure_rl,rl,10491459.077708663,10000000.0,10491459.077708498,491459.0777084976,0.0,0.0,7.0,0.0,1038,1038,114,0.1098265895953757,36056011.62183957,197319.1723616282,0.0054725734623989,0.0197319172361628,0,2275,0.75,0p75,831197,low_default,10000000.0,50
Fin_rl_2,pure_rl,rl,10628425.232170036,10000000.0,10628425.2321665,628425.2321665008,0.0,0.0,11.0,0.0,1180,1180,72,0.0610169491525423,41204373.22287873,104984.67262944474,0.0025479012157659,0.0104984672629444,0,2275,0.75,0p75,831197,low_default,10000000.0,50
Fin_rl_3,pure_rl,rl,11008868.068066498,10000000.0,11008868.068066504,1008868.068066504,0.0,0.0,17.0,0.0,1742,1742,86,0.0493685419058553,61314719.81394684,178721.47997459758,0.0029148217673816,0.0178721479974597,0,2275,0.75,0p75,831197,low_default,10000000.0,50
Fin_fl_rl_scaffold_1,pure_rl,fl_rl_scaffold,10486158.06544357,10000000.0,10486158.065444708,486158.0654447079,0.0,0.0,18.0,0.0,962,962,92,0.0956340956340956,33786093.42952121,151346.98625907622,0.0044795645455367,0.0151346986259076,0,2275,0.75,0p75,831197,low_default,10000000.0,50
Fin_fl_rl_scaffold_2,pure_rl,fl_rl_scaffold,10282947.829920528,10000000.0,10282947.829918733,282947.82991873287,0.0,0.0,8.0,0.0,1055,1055,338,0.3203791469194312,36746801.08983323,573564.2038103438,0.0156085478681036,0.0573564203810343,0,2275,0.75,0p75,831197,low_default,10000000.0,50
Fin_fl_rl_scaffold_3,pure_rl,fl_rl_scaffold,10466805.858651187,10000000.0,10466805.858649282,466805.8586492818,0.0,0.0,18.0,0.0,596,596,34,0.0570469798657718,20747204.983919207,51637.247390478624,0.0024888772936162,0.0051637247390478,0,2275,0.75,0p75,831197,low_default,10000000.0,50
Fin_rl_1,pure_rl,rl,10555070.696828688,10000000.0,10555070.696832577,555070.6968325768,0.0,0.0,23.0,0.0,389,389,44,0.1131105398457583,13639516.304039037,111020.95303124016,0.008139654703031,0.011102095303124,0,2259,0.75,0p75,709098,medium_default,10000000.0,50
Fin_rl_2,pure_rl,rl,11029956.65809396,10000000.0,11029956.658093942,1029956.6580939424,0.0,0.0,11.0,0.0,1263,1263,129,0.1021377672209026,44194100.83820532,294291.0742046779,0.0066590578521345,0.0294291074204677,0,2259,0.75,0p75,709098,medium_default,10000000.0,50
Fin_rl_3,pure_rl,rl,11085010.02349703,10000000.0,11085010.023496317,1085010.0234963167,0.0,0.0,23.0,0.0,1580,1580,133,0.0841772151898734,54870849.34579117,297681.50524436584,0.0054251302612139,0.0297681505244365,0,2259,0.75,0p75,709098,medium_default,10000000.0,50
Fin_fl_rl_scaffold_1,pure_rl,fl_rl_scaffold,10157076.177737178,10000000.0,10157076.177737236,157076.17773723602,0.0,0.0,19.0,0.0,393,393,95,0.2417302798982188,13583730.483170755,217758.5513840432,0.0160308356863992,0.0217758551384043,0,2259,0.75,0p75,709098,medium_default,10000000.0,50
Fin_fl_rl_scaffold_2,pure_rl,fl_rl_scaffold,11203968.068019096,10000000.0,11203968.068011705,1203968.068011703,0.0,0.0,16.0,0.0,1425,1425,295,0.2070175438596491,50285038.06186138,609455.2660738153,0.0121200120267196,0.0609455266073815,0,2259,0.75,0p75,709098,medium_default,10000000.0,50
Fin_fl_rl_scaffold_3,pure_rl,fl_rl_scaffold,10707656.791645523,10000000.0,10707656.791643055,707656.791643057,0.0,0.0,20.0,0.0,713,713,69,0.0967741935483871,24775254.04027062,144932.86803259695,0.0058499044166012,0.0144932868032596,0,2259,0.75,0p75,709098,medium_default,10000000.0,50
Fin_rl_1,pure_rl,rl,10323272.341541866,10000000.0,10323272.341546051,323272.34154605307,0.0,0.0,15.0,0.0,515,515,71,0.1378640776699029,17932229.701031923,189601.99477445465,0.0105732526258875,0.0189601994774454,0,2248,0.75,0p75,436570,medium_default,10000000.0,50
Fin_rl_2,pure_rl,rl,10601914.631651828,10000000.0,10601914.63165429,601914.6316542905,0.0,0.0,13.0,0.0,1080,1080,197,0.1824074074074074,37313421.65610694,411110.7245520497,0.011017770719099,0.0411110724552049,0,2248,0.75,0p75,436570,medium_default,10000000.0,50
Fin_rl_3,pure_rl,rl,10230304.90496528,10000000.0,10230304.904965188,230304.90496518835,0.0,0.0,20.0,0.0,296,296,39,0.1317567567567567,10300826.843780532,100969.68739581594,0.0098020953974951,0.0100969687395815,0,2248,0.75,0p75,436570,medium_default,10000000.0,50
Fin_fl_rl_scaffold_1,pure_rl,fl_rl_scaffold,10160721.93926834,10000000.0,10160721.939266833,160721.93926683257,0.0,0.0,22.0,0.0,221,221,41,0.1855203619909502,7735647.285635334,114381.62903579362,0.0147863035648217,0.0114381629035793,0,2248,0.75,0p75,436570,medium_default,10000000.0,50
Fin_fl_rl_scaffold_2,pure_rl,fl_rl_scaffold,10962801.135936366,10000000.0,10962801.135938454,962801.1359384544,0.0,0.0,10.0,0.0,1790,1790,312,0.1743016759776536,62508330.91576049,699335.7087360906,0.0111878800551969,0.069933570873609,0,2248,0.75,0p75,436570,medium_default,10000000.0,50
Fin_fl_rl_scaffold_3,pure_rl,fl_rl_scaffold,11676169.179028872,10000000.0,11676169.1790292,1676169.1790292002,0.0,0.0,24.0,0.0,1849,1849,72,0.038939967550027,64391354.62441098,151435.57279099862,0.0023517997668213,0.0151435572790998,0,2248,0.75,0p75,436570,medium_default,10000000.0,50
Fin_rl_1,pure_rl,rl,10112132.129574891,10000000.0,10112132.129575036,112132.12957503648,0.0,0.0,9.0,0.0,459,459,161,0.3507625272331154,16097309.513456658,391036.93849675055,0.0242920680732305,0.039103693849675,0,2236,0.75,0p75,831197,medium_default,10000000.0,50
Fin_rl_2,pure_rl,rl,10335663.31484116,10000000.0,10335663.31483761,335663.31483761035,0.0,0.0,13.0,0.0,680,680,138,0.2029411764705882,23888621.08804761,328356.7567111599,0.0137453206487271,0.0328356756711159,0,2236,0.75,0p75,831197,medium_default,10000000.0,50
Fin_rl_3,pure_rl,rl,11062400.69379828,10000000.0,11062400.693797654,1062400.6937976535,0.0,0.0,6.0,0.0,1973,1973,238,0.1206284845413076,68460034.38935487,591731.184902692,0.0086434543917597,0.0591731184902692,0,2236,0.75,0p75,831197,medium_default,10000000.0,50
Fin_fl_rl_scaffold_1,pure_rl,fl_rl_scaffold,10294942.97487352,10000000.0,10294942.974873044,294942.97487304546,0.0,0.0,13.0,0.0,767,767,148,0.1929595827900912,27175656.75522848,368794.1863048292,0.013570755239756,0.0368794186304829,0,2236,0.75,0p75,831197,medium_default,10000000.0,50
Fin_fl_rl_scaffold_2,pure_rl,fl_rl_scaffold,10479303.44622188,10000000.0,10479303.44622502,479303.446225021,0.0,0.0,8.0,0.0,631,631,116,0.1838351822503962,22107446.25943012,220911.20550135532,0.0099926152893902,0.0220911205501355,0,2236,0.75,0p75,831197,medium_default,10000000.0,50
Fin_fl_rl_scaffold_3,pure_rl,fl_rl_scaffold,11045673.95777495,10000000.0,11045673.957776118,1045673.957776118,0.0,0.0,10.0,0.0,1422,1422,68,0.0478199718706047,49700856.46706442,172640.9954341484,0.0034736020202902,0.0172640995434148,0,2236,0.75,0p75,831197,medium_default,10000000.0,50
Fin_rl_1,pure_rl,rl,10201355.684029358,10000000.0,10201355.684027368,201355.6840273682,0.0,0.0,12.0,0.0,824,824,132,0.1601941747572815,29108186.301262893,487233.95830946375,0.0167387261187181,0.0487233958309463,0,2265,0.75,0p75,709098,high_default,10000000.0,50
Fin_rl_2,pure_rl,rl,9943579.013864428,10000000.0,9943579.013863362,-56420.98613663763,56420.98613663763,0.0056420986136637,10.0,0.0,280,280,145,0.5178571428571429,10019554.937747208,342665.29717042245,0.0341996525094623,0.0342665297170422,0,2265,0.75,0p75,709098,high_default,10000000.0,50
Fin_rl_3,pure_rl,rl,10219123.354737151,10000000.0,10219123.354737077,219123.35473707505,0.0,0.0,13.0,0.0,948,948,246,0.2594936708860759,33656319.00172889,596218.4455346322,0.0177149035669647,0.0596218445534632,0,2265,0.75,0p75,709098,high_default,10000000.0,50
Fin_fl_rl_scaffold_1,pure_rl,fl_rl_scaffold,10063850.376215072,10000000.0,10063850.376216237,63850.3762162365,0.0,0.0,6.0,0.0,637,637,129,0.2025117739403453,22184155.42855171,514072.48883682257,0.0231729574061311,0.0514072488836822,0,2265,0.75,0p75,709098,high_default,10000000.0,50
Fin_fl_rl_scaffold_2,pure_rl,fl_rl_scaffold,10360584.01906885,10000000.0,10360584.019069646,360584.0190696456,0.0,0.0,9.0,0.0,1001,1001,172,0.1718281718281718,34966911.1355511,431823.9979840141,0.0123495036867862,0.0431823997984014,0,2265,0.75,0p75,709098,high_default,10000000.0,50
Fin_fl_rl_scaffold_3,pure_rl,fl_rl_scaffold,10940524.949134542,10000000.0,10940524.949137911,940524.9491379132,0.0,0.0,16.0,0.0,1445,1445,60,0.0415224913494809,50179640.43873327,159307.8781045205,0.0031747512878061,0.015930787810452,0,2265,0.75,0p75,709098,high_default,10000000.0,50
Fin_rl_1,pure_rl,rl,10477539.87057004,10000000.0,10477539.870573493,477539.8705734927,0.0,0.0,7.0,0.0,1338,1338,126,0.0941704035874439,47232239.69828476,455135.53679647954,0.0096361201523333,0.0455135536796479,0,2240,0.75,0p75,436570,high_default,10000000.0,50
Fin_rl_2,pure_rl,rl,9905679.394065903,10000000.0,9905679.39406813,-94320.60593187064,94320.60593187064,0.009432060593187,7.0,0.0,424,424,203,0.4787735849056603,15178606.042842332,517859.5623259464,0.0341177286546777,0.0517859562325946,0,2240,0.75,0p75,436570,high_default,10000000.0,50
Fin_rl_3,pure_rl,rl,10444866.186607717,10000000.0,10444866.186609715,444866.1866097171,0.0,0.0,8.0,0.0,1118,1118,206,0.184257602862254,38935268.71285121,540793.864139572,0.013889562908322,0.0540793864139572,0,2240,0.75,0p75,436570,high_default,10000000.0,50
Fin_fl_rl_scaffold_1,pure_rl,fl_rl_scaffold,10068030.451659014,10000000.0,10068030.451657368,68030.45165736787,0.0,0.0,8.0,0.0,356,356,72,0.2022471910112359,12543999.394451166,247264.4614362439,0.0197117724308581,0.0247264461436243,0,2240,0.75,0p75,436570,high_default,10000000.0,50
Fin_fl_rl_scaffold_2,pure_rl,fl_rl_scaffold,10036153.614449706,10000000.0,10036153.61444696,36153.61444696039,0.0,0.0,8.0,0.0,536,536,196,0.3656716417910448,19133094.22830968,478233.3857221221,0.0249950886153332,0.0478233385722122,0,2240,0.75,0p75,436570,high_default,10000000.0,50
Fin_fl_rl_scaffold_3,pure_rl,fl_rl_scaffold,10720048.05514925,10000000.0,10720048.055146324,720048.0551463254,0.0,0.0,13.0,0.0,1384,1384,111,0.0802023121387283,48275826.10266021,293576.63734309707,0.0060812348755834,0.0293576637343097,0,2240,0.75,0p75,436570,high_default,10000000.0,50
Fin_rl_1,pure_rl,rl,10329010.381154427,10000000.0,10329010.381155364,329010.3811553642,0.0,0.0,9.0,0.0,720,720,135,0.1875,25483792.509671785,472198.12256992445,0.0185293504642494,0.0472198122569924,0,2246,0.75,0p75,831197,high_default,10000000.0,50
Fin_rl_2,pure_rl,rl,10443734.762120796,10000000.0,10443734.762120536,443734.7621205375,0.0,0.0,16.0,0.0,518,518,102,0.1969111969111969,17747615.52932452,218277.4321008204,0.0122989723177267,0.021827743210082,0,2246,0.75,0p75,831197,high_default,10000000.0,50
Fin_rl_3,pure_rl,rl,11432364.284498593,10000000.0,11432364.284499688,1432364.284499688,0.0,0.0,18.0,0.0,1793,1793,249,0.1388733965421082,62391648.432591856,710208.3382835762,0.011383067383624,0.0710208338283576,0,2246,0.75,0p75,831197,high_default,10000000.0,50
Fin_fl_rl_scaffold_1,pure_rl,fl_rl_scaffold,10653339.53732914,10000000.0,10653339.537333371,653339.537333373,0.0,0.0,17.0,0.0,1087,1087,162,0.1490340386384544,37862325.46659489,508694.2344969386,0.0134353669043849,0.0508694234496938,0,2246,0.75,0p75,831197,high_default,10000000.0,50
Fin_fl_rl_scaffold_2,pure_rl,fl_rl_scaffold,10347191.863586746,10000000.0,10347191.86358777,347191.8635877706,0.0,0.0,20.0,0.0,823,823,246,0.2989064398541919,29192590.100488607,615508.191457371,0.0210843981071439,0.0615508191457371,0,2246,0.75,0p75,831197,high_default,10000000.0,50
Fin_fl_rl_scaffold_3,pure_rl,fl_rl_scaffold,10171438.167196663,10000000.0,10171438.167196603,171438.1671966035,0.0,0.0,22.0,0.0,224,224,27,0.1205357142857142,7814247.75692552,64426.31049154032,0.0082447232920713,0.006442631049154,0,2246,0.75,0p75,831197,high_default,10000000.0,50
Fin_rl_1,pure_rl,rl,2552768.7080545886,1000000.0,2552768.7080545947,1552768.7080545947,0.0,0.0,6.0,0.0,822,822,0,0.0,29041956.63990177,0.0,0.0,0.0,0,2257,1.0,1p00,709098,none_default,1000000.0,50
Fin_rl_2,pure_rl,rl,2704791.065926682,1000000.0,2704791.065926662,1704791.0659266626,0.0,0.0,6.0,0.0,876,876,0,0.0,31092276.624201678,0.0,0.0,0.0,0,2257,1.0,1p00,709098,none_default,1000000.0,50
Fin_rl_3,pure_rl,rl,2574606.431700596,1000000.0,2574606.4317004243,1574606.4317004243,0.0,0.0,6.0,0.0,859,859,0,0.0,30366933.3229234,0.0,0.0,0.0,0,2257,1.0,1p00,709098,none_default,1000000.0,50
Fin_fl_rl_scaffold_1,pure_rl,fl_rl_scaffold,2383429.9989630487,1000000.0,2383429.998963104,1383429.9989631036,0.0,0.0,6.0,0.0,790,790,0,0.0,27086493.4107541,0.0,0.0,0.0,0,2257,1.0,1p00,709098,none_default,1000000.0,50
Fin_fl_rl_scaffold_2,pure_rl,fl_rl_scaffold,2179320.161236042,1000000.0,2179320.161236112,1179320.161236112,0.0,0.0,6.0,0.0,907,907,0,0.0,27275855.79008501,0.0,0.0,0.0,0,2257,1.0,1p00,709098,none_default,1000000.0,50
Fin_fl_rl_scaffold_3,pure_rl,fl_rl_scaffold,2266496.9285531887,1000000.0,2266496.928553197,1266496.9285531975,0.0,0.0,6.0,0.0,899,899,0,0.0,27987539.073974524,0.0,0.0,0.0,0,2257,1.0,1p00,709098,none_default,1000000.0,50
Fin_rl_1,pure_rl,rl,2431374.0194970216,1000000.0,2431374.0194970937,1431374.0194970935,0.0,0.0,6.0,0.0,910,910,0,0.0,28754848.002802763,0.0,0.0,0.0,0,2254,1.0,1p00,436570,none_default,1000000.0,50
Fin_rl_2,pure_rl,rl,2324287.2495779856,1000000.0,2324287.249577936,1324287.249577935,0.0,0.0,6.0,0.0,906,906,0,0.0,28731604.86426098,0.0,0.0,0.0,0,2254,1.0,1p00,436570,none_default,1000000.0,50
Fin_rl_3,pure_rl,rl,1890940.5708839844,1000000.0,1890940.5708842147,890940.5708842147,0.0,0.0,6.0,0.0,658,658,0,0.0,22522290.348920528,0.0,0.0,0.0,0,2254,1.0,1p00,436570,none_default,1000000.0,50
Fin_fl_rl_scaffold_1,pure_rl,fl_rl_scaffold,2477290.244509732,1000000.0,2477290.244509621,1477290.244509621,0.0,0.0,6.0,0.0,827,827,0,0.0,29152761.77139855,0.0,0.0,0.0,0,2254,1.0,1p00,436570,none_default,1000000.0,50
Fin_fl_rl_scaffold_2,pure_rl,fl_rl_scaffold,2226779.004488259,1000000.0,2226779.0044883126,1226779.0044883126,0.0,0.0,6.0,0.0,788,788,0,0.0,26114547.68888785,0.0,0.0,0.0,0,2254,1.0,1p00,436570,none_default,1000000.0,50
Fin_fl_rl_scaffold_3,pure_rl,fl_rl_scaffold,2577082.527794729,1000000.0,2577082.5277947807,1577082.527794781,0.0,0.0,6.0,0.0,806,806,0,0.0,28898869.389818046,0.0,0.0,0.0,0,2254,1.0,1p00,436570,none_default,1000000.0,50
Fin_rl_1,pure_rl,rl,2231029.6397330742,1000000.0,2231029.639733067,1231029.6397330668,0.0,0.0,6.0,0.0,871,871,0,0.0,27842374.365751524,0.0,0.0,0.0,0,2270,1.0,1p00,831197,none_default,1000000.0,50
Fin_rl_2,pure_rl,rl,2327225.501186111,1000000.0,2327225.501186044,1327225.501186044,0.0,0.0,6.0,0.0,841,841,0,0.0,27469543.38425806,0.0,0.0,0.0,0,2270,1.0,1p00,831197,none_default,1000000.0,50
Fin_rl_3,pure_rl,rl,2096628.419921165,1000000.0,2096628.4199211677,1096628.4199211674,0.0,0.0,6.0,0.0,818,818,0,0.0,27832859.34623917,0.0,0.0,0.0,0,2270,1.0,1p00,831197,none_default,1000000.0,50
Fin_fl_rl_scaffold_1,pure_rl,fl_rl_scaffold,2548730.075976591,1000000.0,2548730.0759765487,1548730.0759765487,0.0,0.0,6.0,0.0,815,815,0,0.0,29085805.50718108,0.0,0.0,0.0,0,2270,1.0,1p00,831197,none_default,1000000.0,50
Fin_fl_rl_scaffold_2,pure_rl,fl_rl_scaffold,2255073.2999689127,1000000.0,2255073.2999688126,1255073.2999688126,0.0,0.0,6.0,0.0,736,736,0,0.0,25315802.6228834,0.0,0.0,0.0,0,2270,1.0,1p00,831197,none_default,1000000.0,50
Fin_fl_rl_scaffold_3,pure_rl,fl_rl_scaffold,2213895.7011364214,1000000.0,2213895.7011363925,1213895.7011363923,0.0,0.0,6.0,0.0,905,905,0,0.0,27271440.85244075,0.0,0.0,0.0,0,2270,1.0,1p00,831197,none_default,1000000.0,50
Fin_rl_1,pure_rl,rl,2162075.5954347085,1000000.0,2162075.5954346512,1162075.5954346512,0.0,0.0,6.0,0.0,831,831,13,0.0156438026474127,27353055.9049885,18915.105699859905,0.0006915170928455,0.0189151056998599,0,2267,1.0,1p00,709098,low_default,1000000.0,50
Fin_rl_2,pure_rl,rl,1714463.61790031,1000000.0,1714463.6179002132,714463.6179002132,0.0,0.0,7.0,0.0,729,729,154,0.2112482853223594,24088550.307447795,263286.29113109835,0.0109299350841256,0.2632862911310983,0,2267,1.0,1p00,709098,low_default,1000000.0,50
Fin_rl_3,pure_rl,rl,2593109.1490044,1000000.0,2593109.149004299,1593109.1490042992,0.0,0.0,6.0,0.0,840,840,19,0.0226190476190476,29279451.22832684,31713.67531951428,0.0010831376268702,0.0317136753195142,0,2267,1.0,1p00,709098,low_default,1000000.0,50
Fin_fl_rl_scaffold_1,pure_rl,fl_rl_scaffold,2153820.654142063,1000000.0,2153820.6541420408,1153820.6541420408,0.0,0.0,6.0,0.0,804,804,34,0.0422885572139303,26567225.71228555,57630.91381965646,0.0021692484734304,0.0576309138196564,0,2267,1.0,1p00,709098,low_default,1000000.0,50
Fin_fl_rl_scaffold_2,pure_rl,fl_rl_scaffold,2100032.3469470195,1000000.0,2100032.3469470604,1100032.3469470604,0.0,0.0,6.0,0.0,781,781,56,0.0717029449423815,26259955.452777848,110515.9619864688,0.0042085357755158,0.1105159619864688,0,2267,1.0,1p00,709098,low_default,1000000.0,50
Fin_fl_rl_scaffold_3,pure_rl,fl_rl_scaffold,2534103.366254211,1000000.0,2534103.366254135,1534103.366254135,0.0,0.0,6.0,0.0,873,873,9,0.0103092783505154,29882002.96392349,14626.15944928657,0.0004894638243274,0.0146261594492865,0,2267,1.0,1p00,709098,low_default,1000000.0,50
Fin_rl_1,pure_rl,rl,2106318.7319271066,1000000.0,2106318.731927284,1106318.731927284,0.0,0.0,6.0,0.0,678,678,38,0.0560471976401179,23422920.34729697,72725.37580554101,0.0031048808059467,0.072725375805541,0,2266,1.0,1p00,436570,low_default,1000000.0,50
Fin_rl_2,pure_rl,rl,2287517.79387928,1000000.0,2287517.793879408,1287517.793879408,0.0,0.0,6.0,0.0,848,848,30,0.035377358490566,27973686.894620847,54788.22577731939,0.0019585629160614,0.0547882257773193,0,2266,1.0,1p00,436570,low_default,1000000.0,50
Fin_rl_3,pure_rl,rl,2590220.952839906,1000000.0,2590220.952839829,1590220.9528398286,0.0,0.0,6.0,0.0,877,877,17,0.0193842645381984,29778936.68304688,35229.41634502009,0.0011830313728117,0.03522941634502,0,2266,1.0,1p00,436570,low_default,1000000.0,50
Fin_fl_rl_scaffold_1,pure_rl,fl_rl_scaffold,2401602.1030575805,1000000.0,2401602.103057608,1401602.103057608,0.0,0.0,6.0,0.0,811,811,57,0.0702836004932182,28379018.7630441,118657.82886833788,0.0041811815221341,0.1186578288683378,0,2266,1.0,1p00,436570,low_default,1000000.0,50
Fin_fl_rl_scaffold_2,pure_rl,fl_rl_scaffold,2026858.4776506105,1000000.0,2026858.477650482,1026858.477650482,0.0,0.0,6.0,0.0,640,640,95,0.1484375,22442458.84612284,217531.31208828205,0.0096928466519551,0.217531312088282,0,2266,1.0,1p00,436570,low_default,1000000.0,50
Fin_fl_rl_scaffold_3,pure_rl,fl_rl_scaffold,2437121.0882544103,1000000.0,2437121.088254478,1437121.0882544778,0.0,0.0,6.0,0.0,916,916,34,0.037117903930131,29062843.56425047,79857.32011044255,0.0027477462738254,0.0798573201104425,0,2266,1.0,1p00,436570,low_default,1000000.0,50
Fin_rl_1,pure_rl,rl,2344488.995766855,1000000.0,2344488.9957668493,1344488.9957668493,0.0,0.0,6.0,0.0,811,811,45,0.0554870530209617,28630255.00470132,113256.62124916531,0.0039558369714334,0.1132566212491653,0,2260,1.0,1p00,831197,low_default,1000000.0,50
Fin_rl_2,pure_rl,rl,2020832.5063473892,1000000.0,2020832.506347427,1020832.5063474268,0.0,0.0,6.0,0.0,771,771,95,0.1232166018158236,26630374.280033104,190936.07498817565,0.007169860737982,0.1909360749881756,0,2260,1.0,1p00,831197,low_default,1000000.0,50
Fin_rl_3,pure_rl,rl,2360144.973213002,1000000.0,2360144.9732130426,1360144.9732130426,0.0,0.0,6.0,0.0,909,909,22,0.0242024202420242,29814733.17765612,42626.03888598865,0.0014296971444283,0.0426260388859886,0,2260,1.0,1p00,831197,low_default,1000000.0,50
Fin_fl_rl_scaffold_1,pure_rl,fl_rl_scaffold,2036856.741630417,1000000.0,2036856.7416303344,1036856.7416303346,0.0,0.0,6.0,0.0,765,765,13,0.0169934640522875,24962391.290929217,25418.50373324078,0.0010182719851233,0.0254185037332407,0,2260,1.0,1p00,831197,low_default,1000000.0,50
Fin_fl_rl_scaffold_2,pure_rl,fl_rl_scaffold,2236645.8434537807,1000000.0,2236645.8434537724,1236645.8434537724,0.0,0.0,6.0,0.0,762,762,37,0.0485564304461942,26460920.65791433,52455.14977533276,0.0019823629893105,0.0524551497753327,0,2260,1.0,1p00,831197,low_default,1000000.0,50
Fin_fl_rl_scaffold_3,pure_rl,fl_rl_scaffold,2512492.5955362944,1000000.0,2512492.5955362828,1512492.5955362828,0.0,0.0,6.0,0.0,885,885,9,0.0101694915254237,29367617.79237492,13879.812551694642,0.0004726230315929,0.0138798125516946,0,2260,1.0,1p00,831197,low_default,1000000.0,50
Fin_rl_1,pure_rl,rl,2300575.2626451035,1000000.0,2300575.2626450006,1300575.2626450006,0.0,0.0,7.0,0.0,717,717,72,0.100418410041841,26537025.0761036,180238.1531231629,0.0067919502131934,0.1802381531231628,0,2258,1.0,1p00,709098,medium_default,1000000.0,50
Fin_rl_2,pure_rl,rl,1524858.610559657,1000000.0,1524858.6105596595,524858.6105596595,0.0,0.0,7.0,0.0,613,613,163,0.265905383360522,20117967.05651943,336137.1644147672,0.0167083067325054,0.3361371644147671,0,2258,1.0,1p00,709098,medium_default,1000000.0,50
Fin_rl_3,pure_rl,rl,2192760.8588477494,1000000.0,2192760.8588478537,1192760.8588478535,0.0,0.0,6.0,0.0,814,814,38,0.0466830466830466,26826382.10649633,92934.72919083778,0.0034643034913132,0.0929347291908377,0,2258,1.0,1p00,709098,medium_default,1000000.0,50
Fin_fl_rl_scaffold_1,pure_rl,fl_rl_scaffold,2086534.878026293,1000000.0,2086534.8780263632,1086534.8780263632,0.0,0.0,6.0,0.0,711,711,56,0.0787623066104078,24836689.704857517,141498.23654083372,0.005697145562565,0.1414982365408337,0,2258,1.0,1p00,709098,medium_default,1000000.0,50
Fin_fl_rl_scaffold_2,pure_rl,fl_rl_scaffold,1629605.8865018762,1000000.0,1629605.8865019348,629605.8865019348,0.0,0.0,11.0,0.0,519,519,80,0.1541425818882466,18295057.34713673,162315.65474156215,0.0088721041788352,0.1623156547415621,0,2258,1.0,1p00,709098,medium_default,1000000.0,50
Fin_fl_rl_scaffold_3,pure_rl,fl_rl_scaffold,1963124.0041936263,1000000.0,1963124.0041936052,963124.0041936054,0.0,0.0,6.0,0.0,850,850,46,0.0541176470588235,25469895.8493833,97048.7742328958,0.003810332590553,0.0970487742328958,0,2258,1.0,1p00,709098,medium_default,1000000.0,50
Fin_rl_1,pure_rl,rl,2238342.814745176,1000000.0,2238342.8147449936,1238342.8147449936,0.0,0.0,6.0,0.0,705,705,49,0.0695035460992907,25299126.79218239,130394.4080742236,0.0051541070624823,0.1303944080742236,0,2256,1.0,1p00,436570,medium_default,1000000.0,50
Fin_rl_2,pure_rl,rl,1914263.5201150968,1000000.0,1914263.5201151243,914263.5201151244,0.0,0.0,7.0,0.0,614,614,66,0.1074918566775244,21769542.75946605,140793.19621444566,0.0064674392921378,0.1407931962144456,0,2256,1.0,1p00,436570,medium_default,1000000.0,50
Fin_rl_3,pure_rl,rl,2005701.519489088,1000000.0,2005701.5194891056,1005701.5194891056,0.0,0.0,6.0,0.0,875,875,73,0.0834285714285714,26898677.42065192,179796.12342606686,0.0066841993981468,0.1797961234260668,0,2256,1.0,1p00,436570,medium_default,1000000.0,50
Fin_fl_rl_scaffold_1,pure_rl,fl_rl_scaffold,1971316.358458633,1000000.0,1971316.358458642,971316.358458642,0.0,0.0,6.0,0.0,712,712,55,0.0772471910112359,23920342.08366893,137965.19574938947,0.0057676932573461,0.1379651957493894,0,2256,1.0,1p00,436570,medium_default,1000000.0,50
Fin_fl_rl_scaffold_2,pure_rl,fl_rl_scaffold,2075322.7687776168,1000000.0,2075322.768777632,1075322.7687776322,0.0,0.0,7.0,0.0,712,712,64,0.0898876404494382,24670191.67845171,134364.84159768245,0.0054464449789842,0.1343648415976824,0,2256,1.0,1p00,436570,medium_default,1000000.0,50
Fin_fl_rl_scaffold_3,pure_rl,fl_rl_scaffold,2518930.593115108,1000000.0,2518930.5931151737,1518930.5931151735,0.0,0.0,6.0,0.0,798,798,14,0.0175438596491228,28168111.696400736,31346.645907089,0.0011128415793343,0.031346645907089,0,2256,1.0,1p00,436570,medium_default,1000000.0,50
Fin_rl_1,pure_rl,rl,1909328.5111832165,1000000.0,1909328.5111831652,909328.5111831656,0.0,0.0,7.0,0.0,573,573,58,0.1012216404886562,20787128.26393906,159803.05883828775,0.0076875967093304,0.1598030588382877,0,2252,1.0,1p00,831197,medium_default,1000000.0,50
Fin_rl_2,pure_rl,rl,1827703.5137211888,1000000.0,1827703.513721104,827703.513721104,0.0,0.0,6.0,0.0,651,651,115,0.1766513056835637,21885909.382368498,237581.0522108019,0.010855434337227,0.2375810522108019,0,2252,1.0,1p00,831197,medium_default,1000000.0,50
Fin_rl_3,pure_rl,rl,1694055.818442022,1000000.0,1694055.818442033,694055.8184420327,0.0,0.0,20.0,0.0,671,671,121,0.180327868852459,21030183.64904455,226281.3479769294,0.0107598369920659,0.2262813479769294,0,2252,1.0,1p00,831197,medium_default,1000000.0,50
Fin_fl_rl_scaffold_1,pure_rl,fl_rl_scaffold,2295147.98826896,1000000.0,2295147.988268911,1295147.988268911,0.0,0.0,7.0,0.0,696,696,37,0.0531609195402298,25508940.282716144,95605.9974976484,0.0037479407783328,0.0956059974976484,0,2252,1.0,1p00,831197,medium_default,1000000.0,50
Fin_fl_rl_scaffold_2,pure_rl,fl_rl_scaffold,1981227.3043977723,1000000.0,1981227.3043978503,981227.3043978504,0.0,0.0,6.0,0.0,755,755,82,0.1086092715231788,25054495.29802487,172668.88575575812,0.0068917327490276,0.1726688857557581,0,2252,1.0,1p00,831197,medium_default,1000000.0,50
Fin_fl_rl_scaffold_3,pure_rl,fl_rl_scaffold,2016040.1648978728,1000000.0,2016040.1648979173,1016040.1648979172,0.0,0.0,6.0,0.0,889,889,45,0.0506186726659167,26757734.48335618,100595.8524134275,0.0037595055917757,0.1005958524134275,0,2252,1.0,1p00,831197,medium_default,1000000.0,50
Fin_rl_1,pure_rl,rl,1886356.3272776287,1000000.0,1886356.3272777568,886356.3272777568,0.0,0.0,7.0,0.0,638,638,73,0.1144200626959247,22131907.08510138,232182.0859049373,0.0104908305015086,0.2321820859049373,0,2261,1.0,1p00,709098,high_default,1000000.0,50
Fin_rl_2,pure_rl,rl,1767891.0942149437,1000000.0,1767891.094214924,767891.0942149241,0.0,0.0,7.0,0.0,623,623,90,0.1444622792937399,21358437.060893096,218919.59505108543,0.0102497947029992,0.2189195950510854,0,2261,1.0,1p00,709098,high_default,1000000.0,50
Fin_rl_3,pure_rl,rl,1786221.8038476012,1000000.0,1786221.8038475637,786221.8038475635,0.0,0.0,6.0,0.0,786,786,69,0.0877862595419847,23342432.39997419,152044.84924195992,0.0065136677547849,0.1520448492419599,0,2261,1.0,1p00,709098,high_default,1000000.0,50
Fin_fl_rl_scaffold_1,pure_rl,fl_rl_scaffold,1490693.031969461,1000000.0,1490693.031969451,490693.03196945135,0.0,0.0,7.0,0.0,570,570,135,0.2368421052631578,19214554.50508728,401696.08938069263,0.02090582372203,0.4016960893806926,0,2261,1.0,1p00,709098,high_default,1000000.0,50
Fin_fl_rl_scaffold_2,pure_rl,fl_rl_scaffold,1488975.9407939308,1000000.0,1488975.9407939718,488975.94079397176,0.0,0.0,6.0,0.0,560,560,195,0.3482142857142857,18673490.26539185,428780.4809297749,0.0229619891533853,0.4287804809297749,0,2261,1.0,1p00,709098,high_default,1000000.0,50
Fin_fl_rl_scaffold_3,pure_rl,fl_rl_scaffold,2187622.898717051,1000000.0,2187622.8987170667,1187622.8987170667,0.0,0.0,6.0,0.0,728,728,49,0.0673076923076923,25526131.33356652,138968.05275234458,0.0054441486230858,0.1389680527523445,0,2261,1.0,1p00,709098,high_default,1000000.0,50
Fin_rl_1,pure_rl,rl,1596773.5896011947,1000000.0,1596773.589601199,596773.5896011989,0.0,0.0,6.0,0.0,620,620,80,0.1290322580645161,20690822.313018236,257521.74608918352,0.012446182282816,0.2575217460891835,0,2264,1.0,1p00,436570,high_default,1000000.0,50
Fin_rl_2,pure_rl,rl,1757424.5518997277,1000000.0,1757424.5518998266,757424.5518998266,0.0,0.0,6.0,0.0,684,684,79,0.1154970760233918,22984316.319904357,194427.51666878388,0.0084591385692168,0.1944275166687838,0,2264,1.0,1p00,436570,high_default,1000000.0,50
Fin_rl_3,pure_rl,rl,2328833.7307781824,1000000.0,2328833.730778203,1328833.7307782029,0.0,0.0,7.0,0.0,722,722,36,0.0498614958448753,26109677.581407003,99096.363183611,0.0037953882377382,0.099096363183611,0,2264,1.0,1p00,436570,high_default,1000000.0,50
Fin_fl_rl_scaffold_1,pure_rl,fl_rl_scaffold,1614566.718329628,1000000.0,1614566.7183296746,614566.7183296746,0.0,0.0,7.0,0.0,494,494,61,0.1234817813765182,17634583.276651632,212012.8732215837,0.0120225621380172,0.2120128732215837,0,2264,1.0,1p00,436570,high_default,1000000.0,50
Fin_fl_rl_scaffold_2,pure_rl,fl_rl_scaffold,1652363.6009567585,1000000.0,1652363.6009568064,652363.6009568064,0.0,0.0,7.0,0.0,639,639,69,0.107981220657277,21289818.935702037,172066.4797787628,0.0080821016044535,0.1720664797787628,0,2264,1.0,1p00,436570,high_default,1000000.0,50
Fin_fl_rl_scaffold_3,pure_rl,fl_rl_scaffold,2047227.022273504,1000000.0,2047227.0222734616,1047227.0222734618,0.0,0.0,6.0,0.0,752,752,32,0.0425531914893617,24101422.093408696,82448.93223304821,0.0034209156585659,0.0824489322330482,0,2264,1.0,1p00,436570,high_default,1000000.0,50
Fin_rl_1,pure_rl,rl,1677639.9461301644,1000000.0,1677639.9461300974,677639.9461300974,0.0,0.0,8.0,0.0,513,513,65,0.1267056530214425,18227668.944832683,203692.0080933668,0.0111748797232303,0.2036920080933668,0,2237,1.0,1p00,831197,high_default,1000000.0,50
Fin_rl_2,pure_rl,rl,1653305.714918423,1000000.0,1653305.7149184332,653305.7149184332,0.0,0.0,7.0,0.0,626,626,156,0.2492012779552715,21801597.96031102,412946.1639617336,0.0189410961854028,0.4129461639617336,0,2237,1.0,1p00,831197,high_default,1000000.0,50
Fin_rl_3,pure_rl,rl,1827003.80553528,1000000.0,1827003.8055353607,827003.8055353612,0.0,0.0,6.0,0.0,665,665,79,0.118796992481203,22134894.43796933,194846.0494255781,0.008802664497525,0.1948460494255781,0,2237,1.0,1p00,831197,high_default,1000000.0,50
Fin_fl_rl_scaffold_1,pure_rl,fl_rl_scaffold,1273317.9063323217,1000000.0,1273317.9063323224,273317.9063323224,0.0,0.0,7.0,0.0,632,632,112,0.1772151898734177,19669518.335427634,314615.1844339773,0.0159950629735203,0.3146151844339773,0,2237,1.0,1p00,831197,high_default,1000000.0,50
Fin_fl_rl_scaffold_2,pure_rl,fl_rl_scaffold,1796041.1807813165,1000000.0,1796041.1807813062,796041.1807813062,0.0,0.0,7.0,0.0,716,716,88,0.1229050279329608,23800431.320884228,222289.7969236597,0.0093397381722492,0.2222897969236597,0,2237,1.0,1p00,831197,high_default,1000000.0,50
Fin_fl_rl_scaffold_3,pure_rl,fl_rl_scaffold,2392867.0614550877,1000000.0,2392867.061455132,1392867.061455132,0.0,0.0,6.0,0.0,800,800,28,0.035,27378242.38532836,75173.80056493494,0.0027457496908282,0.0751738005649349,0,2237,1.0,1p00,831197,high_default,1000000.0,50
Fin_rl_1,pure_rl,rl,6002286.449851974,5000000.0,6002286.449850357,1002286.4498503573,0.0,0.0,6.0,0.0,1679,1679,0,0.0,58913278.69405253,0.0,0.0,0.0,0,2250,1.0,1p00,709098,none_default,5000000.0,50
Fin_rl_2,pure_rl,rl,5114867.055619084,5000000.0,5114867.055619342,114867.05561934224,0.0,0.0,17.0,0.0,176,176,0,0.0,6182662.834678422,0.0,0.0,0.0,0,2250,1.0,1p00,709098,none_default,5000000.0,50
Fin_rl_3,pure_rl,rl,5892147.320529369,5000000.0,5892147.320529604,892147.3205296043,0.0,0.0,6.0,0.0,1514,1514,0,0.0,52532315.53310513,0.0,0.0,0.0,0,2250,1.0,1p00,709098,none_default,5000000.0,50
Fin_fl_rl_scaffold_1,pure_rl,fl_rl_scaffold,5998245.495667973,5000000.0,5998245.495669128,998245.4956691284,0.0,0.0,6.0,0.0,1698,1698,0,0.0,58826279.73616728,0.0,0.0,0.0,0,2250,1.0,1p00,709098,none_default,5000000.0,50
Fin_fl_rl_scaffold_2,pure_rl,fl_rl_scaffold,5812743.34705182,5000000.0,5812743.347051966,812743.347051966,0.0,0.0,6.0,0.0,1353,1353,0,0.0,47554481.99566358,0.0,0.0,0.0,0,2250,1.0,1p00,709098,none_default,5000000.0,50
Fin_fl_rl_scaffold_3,pure_rl,fl_rl_scaffold,5136619.550282776,5000000.0,5136619.550283681,136619.55028368067,0.0,0.0,13.0,0.0,219,219,0,0.0,7563231.408049487,0.0,0.0,0.0,0,2250,1.0,1p00,709098,none_default,5000000.0,50
Fin_rl_1,pure_rl,rl,5641220.320129849,5000000.0,5641220.320129105,641220.3201291049,0.0,0.0,6.0,0.0,1086,1086,0,0.0,37842555.60418424,0.0,0.0,0.0,0,2245,1.0,1p00,436570,none_default,5000000.0,50
Fin_rl_2,pure_rl,rl,5662288.7800998,5000000.0,5662288.780099267,662288.7800992671,0.0,0.0,6.0,0.0,1135,1135,0,0.0,39124641.79891043,0.0,0.0,0.0,0,2245,1.0,1p00,436570,none_default,5000000.0,50
Fin_rl_3,pure_rl,rl,5695402.217520504,5000000.0,5695402.21752198,695402.2175219804,0.0,0.0,6.0,0.0,1165,1165,0,0.0,40766687.983608566,0.0,0.0,0.0,0,2245,1.0,1p00,436570,none_default,5000000.0,50
Fin_fl_rl_scaffold_1,pure_rl,fl_rl_scaffold,5615145.310900734,5000000.0,5615145.310901333,615145.3109013326,0.0,0.0,6.0,0.0,1036,1036,0,0.0,35998612.323154576,0.0,0.0,0.0,0,2245,1.0,1p00,436570,none_default,5000000.0,50
Fin_fl_rl_scaffold_2,pure_rl,fl_rl_scaffold,5736901.674916244,5000000.0,5736901.674915882,736901.6749158818,0.0,0.0,6.0,0.0,1221,1221,0,0.0,43094638.528443344,0.0,0.0,0.0,0,2245,1.0,1p00,436570,none_default,5000000.0,50
Fin_fl_rl_scaffold_3,pure_rl,fl_rl_scaffold,5592287.95445604,5000000.0,5592287.9544551065,592287.9544551065,0.0,0.0,6.0,0.0,993,993,0,0.0,34828859.84936421,0.0,0.0,0.0,0,2245,1.0,1p00,436570,none_default,5000000.0,50
Fin_rl_1,pure_rl,rl,5637534.84380604,5000000.0,5637534.843805982,637534.8438059818,0.0,0.0,6.0,0.0,1086,1086,0,0.0,37635123.60884872,0.0,0.0,0.0,0,2249,1.0,1p00,831197,none_default,5000000.0,50
Fin_rl_2,pure_rl,rl,5654598.886590082,5000000.0,5654598.88658792,654598.8865879197,0.0,0.0,6.0,0.0,1118,1118,0,0.0,38568479.44704245,0.0,0.0,0.0,0,2249,1.0,1p00,831197,none_default,5000000.0,50
Fin_rl_3,pure_rl,rl,5650059.619256851,5000000.0,5650059.61925868,650059.6192586804,0.0,0.0,6.0,0.0,1083,1083,0,0.0,38086323.88245919,0.0,0.0,0.0,0,2249,1.0,1p00,831197,none_default,5000000.0,50
Fin_fl_rl_scaffold_1,pure_rl,fl_rl_scaffold,5647453.141506792,5000000.0,5647453.141506726,647453.1415067259,0.0,0.0,6.0,0.0,1084,1084,0,0.0,37901816.34457672,0.0,0.0,0.0,0,2249,1.0,1p00,831197,none_default,5000000.0,50
Fin_fl_rl_scaffold_2,pure_rl,fl_rl_scaffold,5677538.707550306,5000000.0,5677538.707551783,677538.707551783,0.0,0.0,6.0,0.0,1124,1124,0,0.0,39614588.52345056,0.0,0.0,0.0,0,2249,1.0,1p00,831197,none_default,5000000.0,50
Fin_fl_rl_scaffold_3,pure_rl,fl_rl_scaffold,5671726.741546433,5000000.0,5671726.741547711,671726.7415477112,0.0,0.0,6.0,0.0,1135,1135,0,0.0,39569198.93230748,0.0,0.0,0.0,0,2249,1.0,1p00,831197,none_default,5000000.0,50
Fin_rl_1,pure_rl,rl,5426460.686774617,5000000.0,5426460.686773524,426460.6867735237,0.0,0.0,8.0,0.0,897,897,102,0.1137123745819397,31599604.040543288,187642.83779202905,0.0059381388941227,0.0375285675584058,0,2257,1.0,1p00,709098,low_default,5000000.0,50
Fin_rl_2,pure_rl,rl,5509048.745953151,5000000.0,5509048.745952433,509048.745952433,0.0,0.0,9.0,0.0,1372,1372,292,0.2128279883381924,47403259.36774266,401978.1532335358,0.0084799686476216,0.0803956306467071,0,2257,1.0,1p00,709098,low_default,5000000.0,50
Fin_rl_3,pure_rl,rl,5787618.102963973,5000000.0,5787618.1029643975,787618.1029643975,0.0,0.0,6.0,0.0,1357,1357,58,0.0427413411938098,47640091.4181152,100439.8416757326,0.0021083049735194,0.0200879683351465,0,2257,1.0,1p00,709098,low_default,5000000.0,50
Fin_fl_rl_scaffold_1,pure_rl,fl_rl_scaffold,5608538.879555164,5000000.0,5608538.879555292,608538.8795552924,0.0,0.0,7.0,0.0,1134,1134,76,0.0670194003527336,39933309.71795335,128264.9044031084,0.0032119778027174,0.0256529808806216,0,2257,1.0,1p00,709098,low_default,5000000.0,50
Fin_fl_rl_scaffold_2,pure_rl,fl_rl_scaffold,5428865.841126205,5000000.0,5428865.8411255125,428865.8411255125,0.0,0.0,6.0,0.0,956,956,170,0.1778242677824267,34373951.83649682,281856.7728798598,0.0081997197825999,0.0563713545759719,0,2257,1.0,1p00,709098,low_default,5000000.0,50
Fin_fl_rl_scaffold_3,pure_rl,fl_rl_scaffold,5550253.758857801,5000000.0,5550253.7588591175,550253.7588591175,0.0,0.0,9.0,0.0,875,875,35,0.04,30393281.56724266,51156.19447812896,0.0016831415312936,0.0102312388956257,0,2257,1.0,1p00,709098,low_default,5000000.0,50
Fin_rl_1,pure_rl,rl,5263731.920767838,5000000.0,5263731.92076824,263731.92076823954,0.0,0.0,21.0,0.0,585,585,153,0.2615384615384615,20645322.999105606,263498.35297610913,0.0127631015018522,0.0526996705952218,0,2252,1.0,1p00,436570,low_default,5000000.0,50
Fin_rl_2,pure_rl,rl,5763252.123128443,5000000.0,5763252.123129076,763252.1231290763,0.0,0.0,6.0,0.0,1413,1413,134,0.094833687190375,49435108.934035085,217577.57616276955,0.0044012763571149,0.0435155152325539,0,2252,1.0,1p00,436570,low_default,5000000.0,50
Fin_rl_3,pure_rl,rl,5668782.827021058,5000000.0,5668782.827019979,668782.8270199792,0.0,0.0,9.0,0.0,1077,1077,64,0.0594243268337975,37326703.07214327,110308.32416786723,0.0029552120891756,0.0220616648335734,0,2252,1.0,1p00,436570,low_default,5000000.0,50
Fin_fl_rl_scaffold_1,pure_rl,fl_rl_scaffold,5909891.586086366,5000000.0,5909891.586087197,909891.5860871972,0.0,0.0,6.0,0.0,1737,1737,154,0.0886586067933218,60931568.02367045,268995.60615440866,0.0044147166219308,0.0537991212308817,0,2252,1.0,1p00,436570,low_default,5000000.0,50
Fin_fl_rl_scaffold_2,pure_rl,fl_rl_scaffold,5211456.269356308,5000000.0,5211456.269356145,211456.2693561446,0.0,0.0,16.0,0.0,425,425,109,0.2564705882352941,14908871.724830689,161429.7803365307,0.0108277664008383,0.0322859560673061,0,2252,1.0,1p00,436570,low_default,5000000.0,50
Fin_fl_rl_scaffold_3,pure_rl,fl_rl_scaffold,5919251.83662539,5000000.0,5919251.836625464,919251.8366254644,0.0,0.0,11.0,0.0,1292,1292,45,0.0348297213622291,45448249.13727841,75270.92083057926,0.0016561896719765,0.0150541841661158,0,2252,1.0,1p00,436570,low_default,5000000.0,50
Fin_rl_1,pure_rl,rl,5209977.861197896,5000000.0,5209977.861198353,209977.86119835265,0.0,0.0,10.0,0.0,531,531,121,0.2278719397363465,18565796.674478225,206911.1161978219,0.0111447475067016,0.0413822232395643,0,2263,1.0,1p00,831197,low_default,5000000.0,50
Fin_rl_2,pure_rl,rl,5652015.354179326,5000000.0,5652015.354178815,652015.3541788151,0.0,0.0,8.0,0.0,1546,1546,251,0.1623544631306597,53649341.01774824,398792.9736701932,0.0074333247362398,0.0797585947340386,0,2263,1.0,1p00,831197,low_default,5000000.0,50
Fin_rl_3,pure_rl,rl,5620939.640476661,5000000.0,5620939.640474971,620939.6404749714,0.0,0.0,8.0,0.0,1032,1032,52,0.0503875968992248,36175297.89421328,107421.30138165168,0.0029694655644794,0.0214842602763303,0,2263,1.0,1p00,831197,low_default,5000000.0,50
Fin_fl_rl_scaffold_1,pure_rl,fl_rl_scaffold,5496916.950446244,5000000.0,5496916.950445421,496916.950445421,0.0,0.0,8.0,0.0,940,940,68,0.0723404255319148,32619020.903734777,92376.863942005,0.0028319937687469,0.018475372788401,0,2263,1.0,1p00,831197,low_default,5000000.0,50
Fin_fl_rl_scaffold_2,pure_rl,fl_rl_scaffold,5340464.861388933,5000000.0,5340464.861390465,340464.86139046494,0.0,0.0,8.0,0.0,792,792,154,0.1944444444444444,27355930.898429997,235046.0766665532,0.0085921432372108,0.0470092153333106,0,2263,1.0,1p00,831197,low_default,5000000.0,50
Fin_fl_rl_scaffold_3,pure_rl,fl_rl_scaffold,6023597.279570725,5000000.0,6023597.279569979,1023597.2795699788,0.0,0.0,6.0,0.0,1759,1759,98,0.0557134735645253,61647001.70606286,154828.04045287956,0.0025115258839531,0.0309656080905759,0,2263,1.0,1p00,831197,low_default,5000000.0,50
Fin_rl_1,pure_rl,rl,5477185.920841082,5000000.0,5477185.920840395,477185.9208403947,0.0,0.0,14.0,0.0,790,790,150,0.189873417721519,27711274.807908338,376995.1392822308,0.0136043953912449,0.0753990278564461,0,2246,1.0,1p00,709098,medium_default,5000000.0,50
Fin_rl_2,pure_rl,rl,5600664.889834298,5000000.0,5600664.889834465,600664.8898344655,0.0,0.0,11.0,0.0,1333,1333,220,0.1650412603150787,46549004.07573832,504800.3462192808,0.0108444929433492,0.1009600692438561,0,2246,1.0,1p00,709098,medium_default,5000000.0,50
Fin_rl_3,pure_rl,rl,5897596.126277231,5000000.0,5897596.126277803,897596.1262778034,0.0,0.0,11.0,0.0,1054,1054,72,0.0683111954459203,37206181.97066421,168512.49172009333,0.0045291530276597,0.0337024983440186,0,2246,1.0,1p00,709098,medium_default,5000000.0,50
Fin_fl_rl_scaffold_1,pure_rl,fl_rl_scaffold,5341962.245121753,5000000.0,5341962.245122786,341962.2451227857,0.0,0.0,7.0,0.0,940,940,207,0.2202127659574468,33225721.034944788,441996.0906373023,0.0133028291597475,0.0883992181274604,0,2246,1.0,1p00,709098,medium_default,5000000.0,50
Fin_fl_rl_scaffold_2,pure_rl,fl_rl_scaffold,5439781.547794303,5000000.0,5439781.547794165,439781.5477941651,0.0,0.0,12.0,0.0,754,754,192,0.2546419098143236,26397823.414612778,366477.20831693726,0.0138828570280559,0.0732954416633874,0,2246,1.0,1p00,709098,medium_default,5000000.0,50
Fin_fl_rl_scaffold_3,pure_rl,fl_rl_scaffold,5796910.646718817,5000000.0,5796910.646718632,796910.6467186315,0.0,0.0,10.0,0.0,1143,1143,121,0.1058617672790901,39946436.76557453,269809.5515328043,0.006754283319841,0.0539619103065608,0,2246,1.0,1p00,709098,medium_default,5000000.0,50
Fin_rl_1,pure_rl,rl,5078111.757659134,5000000.0,5078111.757658574,78111.7576585738,0.0,0.0,6.0,0.0,374,374,89,0.2379679144385026,13215968.525417518,244356.1816496016,0.0184894645579433,0.0488712363299203,0,2253,1.0,1p00,436570,medium_default,5000000.0,50
Fin_rl_2,pure_rl,rl,5229941.736581069,5000000.0,5229941.736581183,229941.73658118304,0.0,0.0,10.0,0.0,896,896,225,0.2511160714285714,31387941.45310481,400861.1265220984,0.0127711824338975,0.0801722253044196,0,2253,1.0,1p00,436570,medium_default,5000000.0,50
Fin_rl_3,pure_rl,rl,5367336.838951396,5000000.0,5367336.83895138,367336.83895138,0.0,0.0,8.0,0.0,1012,1012,202,0.1996047430830039,34980807.615622446,447387.7189366101,0.0127895194374187,0.089477543787322,0,2253,1.0,1p00,436570,medium_default,5000000.0,50
Fin_fl_rl_scaffold_1,pure_rl,fl_rl_scaffold,5405989.857929549,5000000.0,5405989.857929252,405989.8579292521,0.0,0.0,6.0,0.0,1215,1215,201,0.1654320987654321,42741014.50821199,506830.325941329,0.0118581725720139,0.1013660651882658,0,2253,1.0,1p00,436570,medium_default,5000000.0,50
Fin_fl_rl_scaffold_2,pure_rl,fl_rl_scaffold,5318257.761518656,5000000.0,5318257.761518397,318257.76151839737,0.0,0.0,6.0,0.0,889,889,180,0.202474690663667,31128037.178901684,401762.0320992069,0.0129067576535637,0.0803524064198413,0,2253,1.0,1p00,436570,medium_default,5000000.0,50
Fin_fl_rl_scaffold_3,pure_rl,fl_rl_scaffold,5881690.777920099,5000000.0,5881690.7779197255,881690.7779197255,0.0,0.0,7.0,0.0,1671,1671,125,0.0748055056852184,58388383.55461212,271320.6668434832,0.004646826137766,0.0542641333686966,0,2253,1.0,1p00,436570,medium_default,5000000.0,50
Fin_rl_1,pure_rl,rl,5597250.370926501,5000000.0,5597250.37092567,597250.3709256696,0.0,0.0,9.0,0.0,1005,1005,170,0.1691542288557214,35317792.10513436,415707.29924278666,0.0117704781206397,0.0831414598485573,0,2252,1.0,1p00,831197,medium_default,5000000.0,50
Fin_rl_2,pure_rl,rl,5283541.418214857,5000000.0,5283541.418214571,283541.41821457073,0.0,0.0,23.0,0.0,735,735,198,0.2693877551020408,25581180.13333977,416645.4532603597,0.0162871865601442,0.0833290906520719,0,2252,1.0,1p00,831197,medium_default,5000000.0,50
Fin_rl_3,pure_rl,rl,5631986.382535953,5000000.0,5631986.382535336,631986.3825353356,0.0,0.0,14.0,0.0,1003,1003,164,0.1635094715852442,34226656.61635722,368736.1026601965,0.0107733602727639,0.0737472205320393,0,2252,1.0,1p00,831197,medium_default,5000000.0,50
Fin_fl_rl_scaffold_1,pure_rl,fl_rl_scaffold,5903350.300650931,5000000.0,5903350.300651717,903350.300651717,0.0,0.0,6.0,0.0,1395,1395,156,0.1118279569892473,48853751.91900551,363920.729264777,0.0074491869092904,0.0727841458529554,0,2252,1.0,1p00,831197,medium_default,5000000.0,50
Fin_fl_rl_scaffold_2,pure_rl,fl_rl_scaffold,5978282.847147955,5000000.0,5978282.847149284,978282.8471492836,0.0,0.0,8.0,0.0,1247,1247,133,0.1066559743384121,43473350.8351679,300582.13715599943,0.0069141699772735,0.0601164274311998,0,2252,1.0,1p00,831197,medium_default,5000000.0,50
Fin_fl_rl_scaffold_3,pure_rl,fl_rl_scaffold,5459167.429020678,5000000.0,5459167.429020305,459167.4290203052,0.0,0.0,25.0,0.0,506,506,33,0.0652173913043478,17542433.427331798,61775.81837971028,0.00352150792737,0.012355163675942,0,2252,1.0,1p00,831197,medium_default,5000000.0,50
Fin_rl_1,pure_rl,rl,5090114.031501093,5000000.0,5090114.031501384,90114.03150138352,0.0,0.0,7.0,0.0,794,794,188,0.2367758186397985,27831376.186557654,554444.9622801224,0.0199215791042311,0.1108889924560244,0,2255,1.0,1p00,709098,high_default,5000000.0,50
Fin_rl_2,pure_rl,rl,5359855.731451935,5000000.0,5359855.731451937,359855.731451937,0.0,0.0,8.0,0.0,1405,1405,317,0.2256227758007117,48764018.16978987,650503.1115252759,0.013339817675818,0.1301006223050551,0,2255,1.0,1p00,709098,high_default,5000000.0,50
Fin_rl_3,pure_rl,rl,5332696.344278525,5000000.0,5332696.344278358,332696.3442783579,0.0,0.0,8.0,0.0,1046,1046,181,0.1730401529636711,35871088.64470829,463341.76211218094,0.0129168581054629,0.0926683524224361,0,2255,1.0,1p00,709098,high_default,5000000.0,50
Fin_fl_rl_scaffold_1,pure_rl,fl_rl_scaffold,5160372.2822018,5000000.0,5160372.282201801,160372.28220180143,0.0,0.0,7.0,0.0,611,611,86,0.1407528641571195,21628306.96329743,318220.0523838304,0.0147131281668898,0.063644010476766,0,2255,1.0,1p00,709098,high_default,5000000.0,50
Fin_fl_rl_scaffold_2,pure_rl,fl_rl_scaffold,5088070.467751208,5000000.0,5088070.467751102,88070.46775110159,0.0,0.0,8.0,0.0,642,642,187,0.2912772585669781,22178296.460097518,449658.9383955504,0.0202747284582728,0.08993178767911,0,2255,1.0,1p00,709098,high_default,5000000.0,50
Fin_fl_rl_scaffold_3,pure_rl,fl_rl_scaffold,5416253.921309447,5000000.0,5416253.921311054,416253.9213110544,0.0,0.0,11.0,0.0,790,790,64,0.0810126582278481,27472659.06670721,166152.28378642103,0.0060479141601466,0.0332304567572842,0,2255,1.0,1p00,709098,high_default,5000000.0,50
Fin_rl_1,pure_rl,rl,5235305.939287143,5000000.0,5235305.939287319,235305.93928731885,0.0,0.0,7.0,0.0,934,934,121,0.1295503211991434,32797735.594172105,417032.4544016842,0.0127152819195172,0.0834064908803368,0,2258,1.0,1p00,436570,high_default,5000000.0,50
Fin_rl_2,pure_rl,rl,5241998.913555633,5000000.0,5241998.913555233,241998.9135552328,0.0,0.0,11.0,0.0,1069,1069,243,0.2273152478952292,37264208.89479407,557042.9439676246,0.0149484709454128,0.1114085887935249,0,2258,1.0,1p00,436570,high_default,5000000.0,50
Fin_rl_3,pure_rl,rl,5888363.514017395,5000000.0,5888363.5140174525,888363.5140174525,0.0,0.0,8.0,0.0,1461,1461,128,0.0876112251882272,51821541.9131924,373641.9103355125,0.0072101658218007,0.0747283820671025,0,2258,1.0,1p00,436570,high_default,5000000.0,50
Fin_fl_rl_scaffold_1,pure_rl,fl_rl_scaffold,4944119.499300126,5000000.0,4944119.499299727,-55880.50070027262,55880.50070027262,0.0111761001400545,22.0,0.0,210,210,78,0.3714285714285714,7368948.935055108,252126.72430918948,0.0342147471140406,0.0504253448618379,0,2258,1.0,1p00,436570,high_default,5000000.0,50
Fin_fl_rl_scaffold_2,pure_rl,fl_rl_scaffold,5026047.807648468,5000000.0,5026047.807649924,26047.80764992442,0.0,0.0,7.0,0.0,660,660,270,0.4090909090909091,23129684.00930548,678001.3392956451,0.0293130394268626,0.135600267859129,0,2258,1.0,1p00,436570,high_default,5000000.0,50
Fin_fl_rl_scaffold_3,pure_rl,fl_rl_scaffold,5487079.845583638,5000000.0,5487079.845584324,487079.8455843236,0.0,0.0,8.0,0.0,883,883,119,0.1347678369195923,30326117.8955417,349312.9385589761,0.0115185510971824,0.0698625877117952,0,2258,1.0,1p00,436570,high_default,5000000.0,50
Fin_rl_1,pure_rl,rl,5288026.02890732,5000000.0,5288026.028906867,288026.0289068669,0.0,0.0,8.0,0.0,1143,1143,153,0.1338582677165354,40058621.46673396,490328.8363062073,0.0122402823250768,0.0980657672612414,0,2237,1.0,1p00,831197,high_default,5000000.0,50
Fin_rl_2,pure_rl,rl,4922661.305825845,5000000.0,4922661.305826263,-77338.69417373743,77338.69417373743,0.0154677388347474,8.0,0.0,790,790,351,0.4443037974683544,27750739.62219037,875445.3833700803,0.0315467405657918,0.175089076674016,0,2237,1.0,1p00,831197,high_default,5000000.0,50
Fin_rl_3,pure_rl,rl,5114254.46050926,5000000.0,5114254.460509334,114254.46050933376,0.0,0.0,18.0,0.0,707,707,216,0.3055162659123055,24873891.179023106,515215.3250960688,0.0207130971743803,0.1030430650192137,0,2237,1.0,1p00,831197,high_default,5000000.0,50
Fin_fl_rl_scaffold_1,pure_rl,fl_rl_scaffold,5255761.005826181,5000000.0,5255761.005824634,255761.00582463387,0.0,0.0,9.0,0.0,1018,1018,150,0.1473477406679764,35870619.58261113,464759.4711387472,0.0129565498602105,0.0929518942277494,0,2237,1.0,1p00,831197,high_default,5000000.0,50
Fin_fl_rl_scaffold_2,pure_rl,fl_rl_scaffold,5424019.958242734,5000000.0,5424019.958242404,424019.9582424043,0.0,0.0,6.0,0.0,1249,1249,194,0.155324259407526,43912516.76993607,487853.9424637432,0.0111096784777716,0.0975707884927486,0,2237,1.0,1p00,831197,high_default,5000000.0,50
Fin_fl_rl_scaffold_3,pure_rl,fl_rl_scaffold,5197759.39601609,5000000.0,5197759.39601687,197759.3960168697,0.0,0.0,10.0,0.0,510,510,88,0.1725490196078431,17590149.98632378,234798.84597038617,0.013348314036716,0.0469597691940772,0,2237,1.0,1p00,831197,high_default,5000000.0,50
Fin_rl_1,pure_rl,rl,11152536.81579149,10000000.0,11152536.815788371,1152536.8157883715,0.0,0.0,6.0,0.0,1925,1925,0,0.0,67526416.74246001,0.0,0.0,0.0,0,2251,1.0,1p00,709098,none_default,10000000.0,50
Fin_rl_2,pure_rl,rl,10093374.818254257,10000000.0,10093374.818253124,93374.81825312412,0.0,0.0,17.0,0.0,141,141,0,0.0,4987231.593921553,0.0,0.0,0.0,0,2251,1.0,1p00,709098,none_default,10000000.0,50
Fin_rl_3,pure_rl,rl,10255100.975769203,10000000.0,10255100.975769518,255100.97576951797,0.0,0.0,11.0,0.0,419,419,0,0.0,14628797.83356108,0.0,0.0,0.0,0,2251,1.0,1p00,709098,none_default,10000000.0,50
Fin_fl_rl_scaffold_1,pure_rl,fl_rl_scaffold,11198605.766080257,10000000.0,11198605.7660806,1198605.7660805993,0.0,0.0,6.0,0.0,2015,2015,0,0.0,70588063.39716808,0.0,0.0,0.0,0,2251,1.0,1p00,709098,none_default,10000000.0,50
Fin_fl_rl_scaffold_2,pure_rl,fl_rl_scaffold,11169834.191151058,10000000.0,11169834.191153318,1169834.1911533177,0.0,0.0,6.0,0.0,1971,1971,0,0.0,68785007.87680608,0.0,0.0,0.0,0,2251,1.0,1p00,709098,none_default,10000000.0,50
Fin_fl_rl_scaffold_3,pure_rl,fl_rl_scaffold,10114978.788068715,10000000.0,10114978.788068227,114978.78806822748,0.0,0.0,13.0,0.0,181,181,0,0.0,6351038.449309517,0.0,0.0,0.0,0,2251,1.0,1p00,709098,none_default,10000000.0,50
Fin_rl_1,pure_rl,rl,10744325.97518202,10000000.0,10744325.975181349,744325.9751813486,0.0,0.0,6.0,0.0,1266,1266,0,0.0,44397995.53647257,0.0,0.0,0.0,0,2248,1.0,1p00,436570,none_default,10000000.0,50
Fin_rl_2,pure_rl,rl,10559209.392543191,10000000.0,10559209.392543994,559209.3925439939,0.0,0.0,6.0,0.0,946,946,0,0.0,32988473.98538875,0.0,0.0,0.0,0,2248,1.0,1p00,436570,none_default,10000000.0,50
Fin_rl_3,pure_rl,rl,10769172.066218406,10000000.0,10769172.066215914,769172.0662159137,0.0,0.0,6.0,0.0,1299,1299,0,0.0,45218415.39099589,0.0,0.0,0.0,0,2248,1.0,1p00,436570,none_default,10000000.0,50
Fin_fl_rl_scaffold_1,pure_rl,fl_rl_scaffold,10741069.99904689,10000000.0,10741069.999046909,741069.9990469068,0.0,0.0,6.0,0.0,1253,1253,0,0.0,43511389.80841927,0.0,0.0,0.0,0,2248,1.0,1p00,436570,none_default,10000000.0,50
Fin_fl_rl_scaffold_2,pure_rl,fl_rl_scaffold,10754369.630456183,10000000.0,10754369.630455026,754369.6304550264,0.0,0.0,6.0,0.0,1278,1278,0,0.0,44575200.92818142,0.0,0.0,0.0,0,2248,1.0,1p00,436570,none_default,10000000.0,50
Fin_fl_rl_scaffold_3,pure_rl,fl_rl_scaffold,10352983.004505437,10000000.0,10352983.004503611,352983.0045036115,0.0,0.0,13.0,0.0,581,581,0,0.0,20744385.01941912,0.0,0.0,0.0,0,2248,1.0,1p00,436570,none_default,10000000.0,50
Fin_rl_1,pure_rl,rl,10624526.181895932,10000000.0,10624526.18189564,624526.1818956397,0.0,0.0,8.0,0.0,1065,1065,0,0.0,36922047.08947896,0.0,0.0,0.0,0,2246,1.0,1p00,831197,none_default,10000000.0,50
Fin_rl_2,pure_rl,rl,10680663.736625146,10000000.0,10680663.736624952,680663.7366249524,0.0,0.0,6.0,0.0,1144,1144,0,0.0,39926140.52482128,0.0,0.0,0.0,0,2246,1.0,1p00,831197,none_default,10000000.0,50
Fin_rl_3,pure_rl,rl,10683825.669210767,10000000.0,10683825.669210974,683825.6692109741,0.0,0.0,6.0,0.0,1134,1134,0,0.0,39946337.370529614,0.0,0.0,0.0,0,2246,1.0,1p00,831197,none_default,10000000.0,50
Fin_fl_rl_scaffold_1,pure_rl,fl_rl_scaffold,10656890.110536564,10000000.0,10656890.110536857,656890.1105368547,0.0,0.0,6.0,0.0,1104,1104,0,0.0,38532013.531521015,0.0,0.0,0.0,0,2246,1.0,1p00,831197,none_default,10000000.0,50
Fin_fl_rl_scaffold_2,pure_rl,fl_rl_scaffold,10687584.65253192,10000000.0,10687584.65253629,687584.6525362898,0.0,0.0,6.0,0.0,1153,1153,0,0.0,40382680.75211955,0.0,0.0,0.0,0,2246,1.0,1p00,831197,none_default,10000000.0,50
Fin_fl_rl_scaffold_3,pure_rl,fl_rl_scaffold,10597962.934937363,10000000.0,10597962.934939569,597962.934939567,0.0,0.0,6.0,0.0,1023,1023,0,0.0,35340585.18814983,0.0,0.0,0.0,0,2246,1.0,1p00,831197,none_default,10000000.0,50
Fin_rl_1,pure_rl,rl,10263028.95333675,10000000.0,10263028.953337649,263028.9533376489,0.0,0.0,6.0,0.0,509,509,82,0.1611001964636542,17969263.737355575,172085.46884944232,0.0095766566379512,0.0172085468849442,0,2266,1.0,1p00,709098,low_default,10000000.0,50
Fin_rl_2,pure_rl,rl,10718017.642100498,10000000.0,10718017.642101862,718017.6421018615,0.0,0.0,6.0,0.0,1769,1769,335,0.1893725268513284,61707822.38265564,506934.4104816112,0.0082150753487631,0.0506934410481611,0,2266,1.0,1p00,709098,low_default,10000000.0,50
Fin_rl_3,pure_rl,rl,10322765.928456957,10000000.0,10322765.92846073,322765.92846073024,0.0,0.0,14.0,0.0,428,428,28,0.0654205607476635,15197661.614410574,64076.32171450263,0.0042161961057051,0.0064076321714502,0,2266,1.0,1p00,709098,low_default,10000000.0,50
Fin_fl_rl_scaffold_1,pure_rl,fl_rl_scaffold,10368407.828851156,10000000.0,10368407.828855775,368407.8288557772,0.0,0.0,10.0,0.0,532,532,30,0.056390977443609,18590470.48131697,37626.53041175872,0.0020239687021139,0.0037626530411758,0,2266,1.0,1p00,709098,low_default,10000000.0,50
Fin_fl_rl_scaffold_2,pure_rl,fl_rl_scaffold,10958417.061251711,10000000.0,10958417.0612535,958417.0612534992,0.0,0.0,8.0,0.0,1890,1890,192,0.1015873015873015,66900325.536081016,301934.7746554952,0.0045132033698797,0.0301934774655495,0,2266,1.0,1p00,709098,low_default,10000000.0,50
Fin_fl_rl_scaffold_3,pure_rl,fl_rl_scaffold,10900916.954528648,10000000.0,10900916.95453026,900916.9545302596,0.0,0.0,6.0,0.0,1427,1427,40,0.028030833917309,49962058.55031907,56373.34669935262,0.0011283231382985,0.0056373346699352,0,2266,1.0,1p00,709098,low_default,10000000.0,50
Fin_rl_1,pure_rl,rl,10159038.541265016,10000000.0,10159038.541263595,159038.5412635971,0.0,0.0,9.0,0.0,466,466,107,0.2296137339055794,16325269.668631764,164451.46625901968,0.0100734303075559,0.0164451466259019,0,2251,1.0,1p00,436570,low_default,10000000.0,50
Fin_rl_2,pure_rl,rl,10068630.25662467,10000000.0,10068630.25662526,68630.2566252593,0.0,0.0,8.0,0.0,263,263,95,0.3612167300380228,9111617.03751534,132595.2550162241,0.0145523296765314,0.0132595255016224,0,2251,1.0,1p00,436570,low_default,10000000.0,50
Fin_rl_3,pure_rl,rl,10814023.881438354,10000000.0,10814023.881441094,814023.881441094,0.0,0.0,9.0,0.0,1490,1490,107,0.0718120805369127,52058578.23944941,180864.87959049977,0.0034742569948528,0.0180864879590499,0,2251,1.0,1p00,436570,low_default,10000000.0,50
Fin_fl_rl_scaffold_1,pure_rl,fl_rl_scaffold,10479471.260673476,10000000.0,10479471.260672765,479471.26067276485,0.0,0.0,6.0,0.0,1136,1136,182,0.1602112676056338,39725321.68017446,311127.2589084632,0.0078319632352715,0.0311127258908463,0,2251,1.0,1p00,436570,low_default,10000000.0,50
Fin_fl_rl_scaffold_2,pure_rl,fl_rl_scaffold,10275160.77758742,10000000.0,10275160.777586311,275160.77758631296,0.0,0.0,8.0,0.0,635,635,116,0.1826771653543307,22423755.80046765,199085.1921464989,0.0088783161000329,0.0199085192146498,0,2251,1.0,1p00,436570,low_default,10000000.0,50
Fin_fl_rl_scaffold_3,pure_rl,fl_rl_scaffold,11447443.61175175,10000000.0,11447443.611753363,1447443.6117533632,0.0,0.0,6.0,0.0,2530,2530,93,0.0367588932806324,88601508.658638,140405.56731471093,0.0015846859657397,0.014040556731471,0,2251,1.0,1p00,436570,low_default,10000000.0,50
Fin_rl_1,pure_rl,rl,10503427.315299155,10000000.0,10503427.31529933,503427.3152993303,0.0,0.0,10.0,0.0,1030,1030,155,0.1504854368932038,36527455.68377956,297554.20206316566,0.0081460423808083,0.0297554202063165,0,2255,1.0,1p00,831197,low_default,10000000.0,50
Fin_rl_2,pure_rl,rl,10248497.161151102,10000000.0,10248497.161148692,248497.1611486934,0.0,0.0,17.0,0.0,515,515,67,0.1300970873786407,17792268.792613856,95915.33426748669,0.0053908433705376,0.0095915334267486,0,2255,1.0,1p00,831197,low_default,10000000.0,50
Fin_rl_3,pure_rl,rl,11155483.28156064,10000000.0,11155483.281561468,1155483.2815614678,0.0,0.0,13.0,0.0,1592,1592,45,0.0282663316582914,55288355.38036567,88929.93708814164,0.0016084749939898,0.0088929937088141,0,2255,1.0,1p00,831197,low_default,10000000.0,50
Fin_fl_rl_scaffold_1,pure_rl,fl_rl_scaffold,10762816.977026748,10000000.0,10762816.977026835,762816.977026837,0.0,0.0,7.0,0.0,1456,1456,103,0.0707417582417582,50983697.273077406,160374.092711548,0.0031455955783778,0.0160374092711548,0,2255,1.0,1p00,831197,low_default,10000000.0,50
Fin_fl_rl_scaffold_2,pure_rl,fl_rl_scaffold,10438954.38479364,10000000.0,10438954.384795357,438954.3847953565,0.0,0.0,11.0,0.0,863,863,176,0.2039397450753186,30434483.15113888,249916.43237559477,0.008211620717674,0.0249916432375594,0,2255,1.0,1p00,831197,low_default,10000000.0,50
Fin_fl_rl_scaffold_3,pure_rl,fl_rl_scaffold,10633357.458133413,10000000.0,10633357.458134398,633357.4581343979,0.0,0.0,18.0,0.0,982,982,63,0.0641547861507128,34397408.63262658,105530.42425067315,0.0030679760030113,0.0105530424250673,0,2255,1.0,1p00,831197,low_default,10000000.0,50
Fin_rl_1,pure_rl,rl,10368922.193949107,10000000.0,10368922.19395042,368922.19395042025,0.0,0.0,20.0,0.0,322,322,45,0.139751552795031,11261503.251010824,115656.30946439646,0.010270059590314,0.0115656309464396,0,2250,1.0,1p00,709098,medium_default,10000000.0,50
Fin_rl_2,pure_rl,rl,11044852.28899253,10000000.0,11044852.288993957,1044852.2889939564,0.0,0.0,22.0,0.0,1338,1338,183,0.1367713004484305,46837541.38812417,421824.9414528681,0.0090061290356249,0.0421824941452868,0,2250,1.0,1p00,709098,medium_default,10000000.0,50
Fin_rl_3,pure_rl,rl,10952051.98790063,10000000.0,10952051.987901924,952051.9879019242,0.0,0.0,23.0,0.0,1202,1202,103,0.0856905158069883,42075017.38108883,218166.526318678,0.0051851797075367,0.0218166526318678,0,2250,1.0,1p00,709098,medium_default,10000000.0,50
Fin_fl_rl_scaffold_1,pure_rl,fl_rl_scaffold,10407746.601267586,10000000.0,10407746.601270683,407746.6012706831,0.0,0.0,19.0,0.0,538,538,91,0.1691449814126394,18705639.156568386,207535.5499431313,0.0110948120086159,0.0207535549943131,0,2250,1.0,1p00,709098,medium_default,10000000.0,50
Fin_fl_rl_scaffold_2,pure_rl,fl_rl_scaffold,11268549.45054249,10000000.0,11268549.450541884,1268549.4505418837,0.0,0.0,13.0,0.0,1680,1680,307,0.1827380952380952,58950319.58804599,630410.4459970692,0.0106939275376702,0.0630410445997069,0,2250,1.0,1p00,709098,medium_default,10000000.0,50
Fin_fl_rl_scaffold_3,pure_rl,fl_rl_scaffold,10725722.457200604,10000000.0,10725722.45719695,725722.4571969509,0.0,0.0,20.0,0.0,724,724,62,0.0856353591160221,25333844.04178496,126426.13356861644,0.0049904046681621,0.0126426133568616,0,2250,1.0,1p00,709098,medium_default,10000000.0,50
Fin_rl_1,pure_rl,rl,10688441.173520738,10000000.0,10688441.173524013,688441.1735240128,0.0,0.0,15.0,0.0,796,796,84,0.1055276381909547,27929924.220410448,227648.63565580876,0.0081507072435753,0.0227648635655808,0,2257,1.0,1p00,436570,medium_default,10000000.0,50
Fin_rl_2,pure_rl,rl,10757366.700436002,10000000.0,10757366.70043505,757366.7004350498,0.0,0.0,14.0,0.0,1048,1048,202,0.1927480916030534,36729602.2145597,417571.7479124898,0.011368806704554,0.0417571747912489,0,2257,1.0,1p00,436570,medium_default,10000000.0,50
Fin_rl_3,pure_rl,rl,10738643.370661246,10000000.0,10738643.370659592,738643.3706595916,0.0,0.0,20.0,0.0,619,619,44,0.0710823909531502,21669489.793520924,108347.10288734014,0.0049999840291456,0.010834710288734,0,2257,1.0,1p00,436570,medium_default,10000000.0,50
Fin_fl_rl_scaffold_1,pure_rl,fl_rl_scaffold,10468844.289738031,10000000.0,10468844.289736556,468844.2897365559,0.0,0.0,21.0,0.0,762,762,90,0.1181102362204724,26218103.85261733,236265.62776200837,0.0090115451937391,0.0236265627762008,0,2257,1.0,1p00,436570,medium_default,10000000.0,50
Fin_fl_rl_scaffold_2,pure_rl,fl_rl_scaffold,10835046.10960334,10000000.0,10835046.109603804,835046.1096038055,0.0,0.0,19.0,0.0,1612,1612,367,0.227667493796526,56698865.76668789,842969.7501004336,0.0148674887707489,0.0842969750100433,0,2257,1.0,1p00,436570,medium_default,10000000.0,50
Fin_fl_rl_scaffold_3,pure_rl,fl_rl_scaffold,10971043.68118141,10000000.0,10971043.68118286,971043.6811828596,0.0,0.0,22.0,0.0,1065,1065,69,0.0647887323943662,36895199.127968535,151530.14162721258,0.0041070422496336,0.0151530141627212,0,2257,1.0,1p00,436570,medium_default,10000000.0,50
Fin_rl_1,pure_rl,rl,10113078.785957186,10000000.0,10113078.785959022,113078.78595902212,0.0,0.0,22.0,0.0,362,362,102,0.281767955801105,12782415.49166578,246704.9523598652,0.019300339010316,0.0246704952359865,0,2258,1.0,1p00,831197,medium_default,10000000.0,50
Fin_rl_2,pure_rl,rl,10244312.277820203,10000000.0,10244312.277820688,244312.2778206877,0.0,0.0,12.0,0.0,523,523,123,0.2351816443594646,18419640.96399275,293966.3232735986,0.015959394857275,0.0293966323273598,0,2258,1.0,1p00,831197,medium_default,10000000.0,50
Fin_rl_3,pure_rl,rl,10894980.226942696,10000000.0,10894980.226943787,894980.226943789,0.0,0.0,13.0,0.0,1722,1722,280,0.1626016260162601,60319036.16781727,599996.9009360777,0.009947057165615,0.0599996900936077,0,2258,1.0,1p00,831197,medium_default,10000000.0,50
Fin_fl_rl_scaffold_1,pure_rl,fl_rl_scaffold,10325144.476325592,10000000.0,10325144.476329254,325144.476329254,0.0,0.0,33.0,0.0,763,763,147,0.1926605504587156,26792928.537597317,350513.3798067233,0.0130823093606532,0.0350513379806723,0,2258,1.0,1p00,831197,medium_default,10000000.0,50
Fin_fl_rl_scaffold_2,pure_rl,fl_rl_scaffold,10345637.172804268,10000000.0,10345637.17280439,345637.17280438915,0.0,0.0,15.0,0.0,900,900,241,0.2677777777777778,31622649.04907253,518181.5255943448,0.0163864047186629,0.0518181525594344,0,2258,1.0,1p00,831197,medium_default,10000000.0,50
Fin_fl_rl_scaffold_3,pure_rl,fl_rl_scaffold,11181421.929106548,10000000.0,11181421.929104865,1181421.9291048627,0.0,0.0,15.0,0.0,1781,1781,98,0.0550252667040988,62107793.92573637,194825.63766985785,0.003136895152045,0.0194825637669857,0,2258,1.0,1p00,831197,medium_default,10000000.0,50
Fin_rl_1,pure_rl,rl,10276336.890612112,10000000.0,10276336.890612597,276336.89061259665,0.0,0.0,19.0,0.0,731,731,114,0.1559507523939808,25523724.143812835,388407.4965417854,0.0152175087911666,0.0388407496541785,0,2256,1.0,1p00,709098,high_default,10000000.0,50
Fin_rl_2,pure_rl,rl,10209737.703512084,10000000.0,10209737.70351092,209737.70351092145,0.0,0.0,21.0,0.0,498,498,151,0.3032128514056225,17599527.421779845,357230.26016981003,0.0202977188880497,0.035723026016981,0,2256,1.0,1p00,709098,high_default,10000000.0,50
Fin_rl_3,pure_rl,rl,10758932.848947613,10000000.0,10758932.848946786,758932.8489467856,0.0,0.0,13.0,0.0,1329,1329,248,0.1866064710308502,46268519.59123874,597552.6237139006,0.012914885304155,0.05975526237139,0,2256,1.0,1p00,709098,high_default,10000000.0,50
Fin_fl_rl_scaffold_1,pure_rl,fl_rl_scaffold,10626794.967649372,10000000.0,10626794.967648176,626794.9676481746,0.0,0.0,11.0,0.0,1241,1241,135,0.1087832393231265,43007324.7685205,503211.1746665057,0.0117005923380482,0.0503211174666505,0,2256,1.0,1p00,709098,high_default,10000000.0,50
Fin_fl_rl_scaffold_2,pure_rl,fl_rl_scaffold,10577937.441105846,10000000.0,10577937.441104935,577937.4411049355,0.0,0.0,12.0,0.0,1014,1014,171,0.1686390532544378,35344471.391256005,453863.97585340514,0.0128411589702169,0.0453863975853405,0,2256,1.0,1p00,709098,high_default,10000000.0,50
Fin_fl_rl_scaffold_3,pure_rl,fl_rl_scaffold,10164466.80735096,10000000.0,10164466.807350978,164466.80735097826,0.0,0.0,11.0,0.0,303,303,47,0.1551155115511551,10472708.40353965,141730.7101694554,0.0135333387227273,0.0141730710169455,0,2256,1.0,1p00,709098,high_default,10000000.0,50
Fin_rl_1,pure_rl,rl,10276215.782495303,10000000.0,10276215.782497467,276215.7824974675,0.0,0.0,8.0,0.0,1062,1062,132,0.1242937853107344,37267210.86721442,486368.8605960473,0.0130508521909249,0.0486368860596047,0,2270,1.0,1p00,436570,high_default,10000000.0,50
Fin_rl_2,pure_rl,rl,9958009.750822691,10000000.0,9958009.750821631,-41990.2491783686,41990.2491783686,0.0041990249178368,20.0,0.0,420,420,167,0.3976190476190476,14863151.17048794,410786.933909464,0.0276379436095029,0.0410786933909464,0,2270,1.0,1p00,436570,high_default,10000000.0,50
Fin_rl_3,pure_rl,rl,10136443.363370856,10000000.0,10136443.363370774,136443.3633707743,0.0,0.0,10.0,0.0,830,830,268,0.3228915662650602,28976734.92775353,694636.4687026725,0.0239722132405386,0.0694636468702672,0,2270,1.0,1p00,436570,high_default,10000000.0,50
Fin_fl_rl_scaffold_1,pure_rl,fl_rl_scaffold,10278072.960383551,10000000.0,10278072.96038527,278072.9603852704,0.0,0.0,8.0,0.0,748,748,77,0.1029411764705882,25747044.474001803,266858.1446438358,0.0103646127194636,0.0266858144643835,0,2270,1.0,1p00,436570,high_default,10000000.0,50
Fin_fl_rl_scaffold_2,pure_rl,fl_rl_scaffold,10125470.035414126,10000000.0,10125470.035412606,125470.03541260584,0.0,0.0,9.0,0.0,648,648,191,0.294753086419753,22867149.736067276,445933.6232576813,0.019501058435557,0.0445933623257681,0,2270,1.0,1p00,436570,high_default,10000000.0,50
Fin_fl_rl_scaffold_3,pure_rl,fl_rl_scaffold,10835971.315088306,10000000.0,10835971.315088367,835971.315088369,0.0,0.0,10.0,0.0,1509,1509,129,0.0854870775347912,52853591.59372545,364255.3036191672,0.006891779586506,0.0364255303619167,0,2270,1.0,1p00,436570,high_default,10000000.0,50
Fin_rl_1,pure_rl,rl,10334067.682587547,10000000.0,10334067.682589505,334067.68258950487,0.0,0.0,17.0,0.0,655,655,124,0.1893129770992366,23134955.073986124,438745.7342664122,0.0189646244336024,0.0438745734266412,0,2262,1.0,1p00,831197,high_default,10000000.0,50
Fin_rl_2,pure_rl,rl,10807981.22024395,10000000.0,10807981.220241869,807981.220241867,0.0,0.0,12.0,0.0,1234,1234,231,0.1871961102106969,42831214.692376025,615289.5593851882,0.0143654473449876,0.0615289559385188,0,2262,1.0,1p00,831197,high_default,10000000.0,50
Fin_rl_3,pure_rl,rl,11162380.312655523,10000000.0,11162380.312659232,1162380.312659232,0.0,0.0,13.0,0.0,901,901,50,0.0554938956714761,31582454.41795441,136043.73602282372,0.004307573256418,0.0136043736022823,0,2262,1.0,1p00,831197,high_default,10000000.0,50
Fin_fl_rl_scaffold_1,pure_rl,fl_rl_scaffold,10895305.221897691,10000000.0,10895305.221899971,895305.2218999732,0.0,0.0,17.0,0.0,1332,1332,164,0.1231231231231231,46626152.44060539,512902.9669141162,0.0110003279289981,0.0512902966914116,0,2262,1.0,1p00,831197,high_default,10000000.0,50
Fin_fl_rl_scaffold_2,pure_rl,fl_rl_scaffold,10256605.942190604,10000000.0,10256605.942194406,256605.94219440597,0.0,0.0,17.0,0.0,766,766,252,0.3289817232375979,27127166.330193277,631198.35548094,0.0232681271533473,0.063119835548094,0,2262,1.0,1p00,831197,high_default,10000000.0,50
Fin_fl_rl_scaffold_3,pure_rl,fl_rl_scaffold,10154153.467459602,10000000.0,10154153.467459118,154153.467459118,0.0,0.0,22.0,0.0,217,217,26,0.1198156682027649,7607056.441465911,62072.56593194888,0.0081598666198389,0.0062072565931948,0,2262,1.0,1p00,831197,high_default,10000000.0,50
