financier,apr_strategy,wholesaler_policy,final_wallet,initial_capital,final_capital,capital_change,capital_loss,capital_loss_rate,final_apr,final_utilization,loans_issued,closed_loans,defaults,default_count_rate,total_issued_principal,default_amount,default_amount_to_issued_rate,default_amount_to_initial_capital_rate,outstanding_loans,simulation_end_day,seed,default_scenario,capital_per_financier,strategy_key,strategy_label
Fin_rl_apr_isolated_screening_1,pure_rl,rl,5392295.660651084,1000000.0,5392295.660651011,4392295.660651011,0.0,0.0,6.0,0.0,1963,1963,0,0.0,71339466.85770044,0.0,0.0,0.0,0,4263,709098,none_default,1000000.0,rl_apr_isolated_screening,RL APR + isolated RL screening
Fin_rl_apr_isolated_screening_2,pure_rl,rl,5541150.48514888,1000000.0,5541150.485148933,4541150.485148933,0.0,0.0,6.0,0.0,2690,2690,0,0.0,89798042.98945335,0.0,0.0,0.0,0,4263,709098,none_default,1000000.0,rl_apr_isolated_screening,RL APR + isolated RL screening
Fin_rl_apr_isolated_screening_3,pure_rl,rl,5740139.244888942,1000000.0,5740139.244889293,4740139.244889293,0.0,0.0,6.0,0.0,2949,2949,0,0.0,97365240.25796641,0.0,0.0,0.0,0,4263,709098,none_default,1000000.0,rl_apr_isolated_screening,RL APR + isolated RL screening
Fin_rl_apr_isolated_screening_1,pure_rl,rl,4420506.401465498,1000000.0,4420506.401465627,3420506.4014656274,0.0,0.0,24.0,0.0,1802,1802,51,0.02830188679245283,63619374.4345481,95593.12326125315,0.0015025787994756186,0.09559312326125315,0,4251,709098,low_default,1000000.0,rl_apr_isolated_screening,RL APR + isolated RL screening
Fin_rl_apr_isolated_screening_2,pure_rl,rl,5087166.462189982,1000000.0,5087166.4621903235,4087166.4621903235,0.0,0.0,6.0,0.0,2392,2392,38,0.01588628762541806,83813935.15683167,80676.83475558444,0.0009625706585023467,0.08067683475558443,0,4251,709098,low_default,1000000.0,rl_apr_isolated_screening,RL APR + isolated RL screening
Fin_rl_apr_isolated_screening_3,pure_rl,rl,6369775.854198309,1000000.0,6369775.854198546,5369775.854198546,0.0,0.0,23.0,0.0,2999,2999,47,0.01567189063021007,100011648.689914,105949.93911858536,0.0010593759877620158,0.10594993911858536,0,4251,709098,low_default,1000000.0,rl_apr_isolated_screening,RL APR + isolated RL screening
Fin_rl_apr_isolated_screening_1,pure_rl,rl,4242179.686065398,1000000.0,4242179.686065383,3242179.6860653833,0.0,0.0,6.0,0.0,1915,1915,53,0.027676240208877285,68026232.05153637,140434.438195997,0.0020644159460368834,0.14043443819599702,0,4245,709098,medium_default,1000000.0,rl_apr_isolated_screening,RL APR + isolated RL screening
Fin_rl_apr_isolated_screening_2,pure_rl,rl,4228052.495110331,1000000.0,4228052.495110224,3228052.495110224,0.0,0.0,7.0,0.0,1859,1859,98,0.052716514254975796,64826106.78639562,234090.72585755138,0.0036110563700653634,0.2340907258575514,0,4245,709098,medium_default,1000000.0,rl_apr_isolated_screening,RL APR + isolated RL screening
Fin_rl_apr_isolated_screening_3,pure_rl,rl,4227179.567991364,1000000.0,4227179.567991054,3227179.5679910537,0.0,0.0,23.0,0.0,2088,2088,67,0.032088122605363985,69326123.31901301,162147.28256438233,0.002338905953506745,0.16214728256438232,0,4245,709098,medium_default,1000000.0,rl_apr_isolated_screening,RL APR + isolated RL screening
Fin_rl_apr_isolated_screening_1,pure_rl,rl,3477582.603194955,1000000.0,3477582.6031952067,2477582.6031952067,0.0,0.0,7.0,0.0,1892,1892,127,0.06712473572938689,64113849.71777392,378970.00569106115,0.005910891443257094,0.37897000569106115,0,4229,709098,high_default,1000000.0,rl_apr_isolated_screening,RL APR + isolated RL screening
Fin_rl_apr_isolated_screening_2,pure_rl,rl,3308924.062109418,1000000.0,3308924.062109774,2308924.062109774,0.0,0.0,6.0,0.0,1404,1404,205,0.146011396011396,50002982.579032704,599704.5475149609,0.011993375526491684,0.5997045475149608,0,4229,709098,high_default,1000000.0,rl_apr_isolated_screening,RL APR + isolated RL screening
Fin_rl_apr_isolated_screening_3,pure_rl,rl,4565046.092742665,1000000.0,4565046.09274235,3565046.09274235,0.0,0.0,18.0,0.0,2227,2227,95,0.04265828468792097,74890580.8332952,230093.66898321777,0.003072397976127349,0.23009366898321776,0,4229,709098,high_default,1000000.0,rl_apr_isolated_screening,RL APR + isolated RL screening
Fin_rl_apr_isolated_screening_1,pure_rl,rl,10271604.504616255,5000000.0,10271604.504614223,5271604.504614223,0.0,0.0,9.0,0.0,5432,5432,0,0.0,189901398.79808772,0.0,0.0,0.0,0,4246,709098,none_default,5000000.0,rl_apr_isolated_screening,RL APR + isolated RL screening
Fin_rl_apr_isolated_screening_2,pure_rl,rl,7953237.407262594,5000000.0,7953237.407262326,2953237.407262326,0.0,0.0,6.0,0.0,2964,2964,0,0.0,104411036.47387993,0.0,0.0,0.0,0,4246,709098,none_default,5000000.0,rl_apr_isolated_screening,RL APR + isolated RL screening
Fin_rl_apr_isolated_screening_3,pure_rl,rl,7047877.199201492,5000000.0,7047877.199200185,2047877.199200185,0.0,0.0,11.0,0.0,1967,1967,0,0.0,69092488.03232934,0.0,0.0,0.0,0,4246,709098,none_default,5000000.0,rl_apr_isolated_screening,RL APR + isolated RL screening
Fin_rl_apr_isolated_screening_1,pure_rl,rl,9194305.364330264,5000000.0,9194305.36433091,4194305.36433091,0.0,0.0,23.0,0.0,2469,2469,162,0.06561360874848117,86365786.56562848,298713.3374276017,0.0034586999008063505,0.05974266748552034,0,4262,709098,low_default,5000000.0,rl_apr_isolated_screening,RL APR + isolated RL screening
Fin_rl_apr_isolated_screening_2,pure_rl,rl,8684369.109497264,5000000.0,8684369.10949529,3684369.1094952896,0.0,0.0,24.0,0.0,2149,2149,78,0.03629595160539786,75019568.95219722,165577.72327222867,0.0022071270947682394,0.03311554465444574,0,4262,709098,low_default,5000000.0,rl_apr_isolated_screening,RL APR + isolated RL screening
Fin_rl_apr_isolated_screening_3,pure_rl,rl,10113780.637538368,5000000.0,10113780.637537925,5113780.637537925,0.0,0.0,15.0,0.0,2758,2758,124,0.044960116026105876,95707611.63910738,205883.73406102307,0.0021511740867316376,0.041176746812204616,0,4262,709098,low_default,5000000.0,rl_apr_isolated_screening,RL APR + isolated RL screening
Fin_rl_apr_isolated_screening_1,pure_rl,rl,8301000.082551666,5000000.0,8301000.082553141,3301000.082553141,0.0,0.0,20.0,0.0,2316,2316,173,0.07469775474956822,80426402.37994762,407131.2208782363,0.005062158803956953,0.08142624417564726,0,4246,709098,medium_default,5000000.0,rl_apr_isolated_screening,RL APR + isolated RL screening
Fin_rl_apr_isolated_screening_2,pure_rl,rl,9211643.090162816,5000000.0,9211643.090162173,4211643.090162173,0.0,0.0,22.0,0.0,2430,2430,134,0.0551440329218107,85648122.53627667,305893.6623212617,0.003571516260519301,0.061178732464252344,0,4246,709098,medium_default,5000000.0,rl_apr_isolated_screening,RL APR + isolated RL screening
Fin_rl_apr_isolated_screening_3,pure_rl,rl,9095680.10572699,5000000.0,9095680.105726158,4095680.1057261582,0.0,0.0,20.0,0.0,2346,2346,60,0.02557544757033248,81798824.15745969,149079.50099270945,0.0018225139851122671,0.02981590019854189,0,4246,709098,medium_default,5000000.0,rl_apr_isolated_screening,RL APR + isolated RL screening
Fin_rl_apr_isolated_screening_1,pure_rl,rl,6971018.351033709,5000000.0,6971018.351034248,1971018.3510342482,0.0,0.0,8.0,0.0,1952,1952,250,0.12807377049180327,69270778.25566858,805185.7857061179,0.011623743892905198,0.16103715714122357,0,4245,709098,high_default,5000000.0,rl_apr_isolated_screening,RL APR + isolated RL screening
Fin_rl_apr_isolated_screening_2,pure_rl,rl,6524764.886894315,5000000.0,6524764.88689318,1524764.8868931802,0.0,0.0,8.0,0.0,1762,1762,412,0.23382519863791146,61701510.62023851,994691.5013840729,0.016121023478764027,0.19893830027681458,0,4245,709098,high_default,5000000.0,rl_apr_isolated_screening,RL APR + isolated RL screening
Fin_rl_apr_isolated_screening_3,pure_rl,rl,10775422.254680447,5000000.0,10775422.25467538,5775422.254675381,0.0,0.0,12.0,0.0,3427,3427,91,0.026553837175372047,119736336.63844228,259774.0158840385,0.0021695503902750607,0.0519548031768077,0,4245,709098,high_default,5000000.0,rl_apr_isolated_screening,RL APR + isolated RL screening
Fin_rl_apr_isolated_screening_1,pure_rl,rl,17045547.209883038,10000000.0,17045547.2098884,7045547.209888399,0.0,0.0,16.0,0.0,5611,5611,0,0.0,196455472.79078245,0.0,0.0,0.0,0,4260,709098,none_default,10000000.0,rl_apr_isolated_screening,RL APR + isolated RL screening
Fin_rl_apr_isolated_screening_2,pure_rl,rl,14588109.28438477,10000000.0,14588109.284388164,4588109.284388164,0.0,0.0,7.0,0.0,3926,3926,0,0.0,138030509.44869694,0.0,0.0,0.0,0,4260,709098,none_default,10000000.0,rl_apr_isolated_screening,RL APR + isolated RL screening
Fin_rl_apr_isolated_screening_3,pure_rl,rl,10805136.08523398,10000000.0,10805136.085233115,805136.0852331147,0.0,0.0,18.0,0.0,848,848,0,0.0,29737022.14182312,0.0,0.0,0.0,0,4260,709098,none_default,10000000.0,rl_apr_isolated_screening,RL APR + isolated RL screening
Fin_rl_apr_isolated_screening_1,pure_rl,rl,14335346.254842388,10000000.0,14335346.254844118,4335346.254844118,0.0,0.0,24.0,0.0,2464,2464,83,0.033685064935064936,87017475.90222661,182073.80543809384,0.002092382059468987,0.018207380543809385,0,4257,709098,low_default,10000000.0,rl_apr_isolated_screening,RL APR + isolated RL screening
Fin_rl_apr_isolated_screening_2,pure_rl,rl,14155988.606445095,10000000.0,14155988.606438886,4155988.6064388864,0.0,0.0,13.0,0.0,2487,2487,87,0.03498190591073583,87831345.3913618,192149.2570804618,0.0021877070904957312,0.01921492570804618,0,4257,709098,low_default,10000000.0,rl_apr_isolated_screening,RL APR + isolated RL screening
Fin_rl_apr_isolated_screening_3,pure_rl,rl,17168765.599786542,10000000.0,17168765.599784087,7168765.599784087,0.0,0.0,29.0,0.0,3576,3576,77,0.021532438478747203,125184922.33162536,192135.37965098274,0.0015348124684057397,0.019213537965098275,0,4257,709098,low_default,10000000.0,rl_apr_isolated_screening,RL APR + isolated RL screening
Fin_rl_apr_isolated_screening_1,pure_rl,rl,14037972.02438889,10000000.0,14037972.024385583,4037972.0243855827,0.0,0.0,19.0,0.0,2267,2267,128,0.0564622849580944,78810517.85804735,307627.84439107357,0.0039033856489202306,0.030762784439107356,0,4268,709098,medium_default,10000000.0,rl_apr_isolated_screening,RL APR + isolated RL screening
Fin_rl_apr_isolated_screening_2,pure_rl,rl,14578396.433275474,10000000.0,14578396.43327585,4578396.4332758505,0.0,0.0,18.0,0.0,2862,2862,356,0.1243885394828791,99851351.966812,765577.3685535174,0.007667170784106914,0.07655773685535174,0,4268,709098,medium_default,10000000.0,rl_apr_isolated_screening,RL APR + isolated RL screening
Fin_rl_apr_isolated_screening_3,pure_rl,rl,13267940.720804125,10000000.0,13267940.720806254,3267940.720806254,0.0,0.0,23.0,0.0,1798,1798,70,0.0389321468298109,63454564.5365206,164778.11064057262,0.002596788928332119,0.01647781106405726,0,4268,709098,medium_default,10000000.0,rl_apr_isolated_screening,RL APR + isolated RL screening
Fin_rl_apr_isolated_screening_1,pure_rl,rl,13007040.450243501,10000000.0,13007040.450248137,3007040.450248137,0.0,0.0,19.0,0.0,2156,2156,159,0.07374768089053803,75741814.40374371,543648.5504151249,0.007177654175501951,0.054364855041512485,0,4248,709098,high_default,10000000.0,rl_apr_isolated_screening,RL APR + isolated RL screening
Fin_rl_apr_isolated_screening_2,pure_rl,rl,12356945.793019067,10000000.0,12356945.793016054,2356945.7930160537,0.0,0.0,21.0,0.0,1765,1765,201,0.11388101983002832,61340247.730261385,580477.7083250298,0.009463243625582212,0.05804777083250298,0,4248,709098,high_default,10000000.0,rl_apr_isolated_screening,RL APR + isolated RL screening
Fin_rl_apr_isolated_screening_3,pure_rl,rl,14093334.737686826,10000000.0,14093334.737692157,4093334.737692157,0.0,0.0,16.0,0.0,2441,2441,121,0.04956984842277755,85695352.63161099,380674.9880202054,0.004442189410861744,0.03806749880202054,0,4248,709098,high_default,10000000.0,rl_apr_isolated_screening,RL APR + isolated RL screening
Fin_rl_apr_fl_rl_screening_1,pure_rl,fl_rl,5469018.967045753,1000000.0,5469018.967046055,4469018.967046055,0.0,0.0,6.0,0.0,2640,2640,0,0.0,88949737.74581864,0.0,0.0,0.0,0,4253,709098,none_default,1000000.0,rl_apr_fl_rl_screening,RL APR + FL-RL (FedAvg) screening
Fin_rl_apr_fl_rl_screening_2,pure_rl,fl_rl,5692630.77570139,1000000.0,5692630.77570131,4692630.77570131,0.0,0.0,6.0,0.0,2593,2593,0,0.0,91023326.33761302,0.0,0.0,0.0,0,4253,709098,none_default,1000000.0,rl_apr_fl_rl_screening,RL APR + FL-RL (FedAvg) screening
Fin_rl_apr_fl_rl_screening_3,pure_rl,fl_rl,5403055.464169456,1000000.0,5403055.4641691595,4403055.4641691595,0.0,0.0,6.0,0.0,2713,2713,0,0.0,90311945.26806146,0.0,0.0,0.0,0,4253,709098,none_default,1000000.0,rl_apr_fl_rl_screening,RL APR + FL-RL (FedAvg) screening
Fin_rl_apr_fl_rl_screening_1,pure_rl,fl_rl,2946312.155459463,1000000.0,2946312.155459855,1946312.1554598552,0.0,0.0,24.0,0.0,1384,1384,68,0.049132947976878616,46274128.42254362,139284.40022901865,0.00300998430391101,0.13928440022901864,0,4242,709098,low_default,1000000.0,rl_apr_fl_rl_screening,RL APR + FL-RL (FedAvg) screening
Fin_rl_apr_fl_rl_screening_2,pure_rl,fl_rl,4819306.531328946,1000000.0,4819306.531329162,3819306.5313291624,0.0,0.0,6.0,0.0,2358,2358,65,0.0275657336726039,81381411.42258385,145580.12056962188,0.0017888620758084136,0.14558012056962188,0,4242,709098,low_default,1000000.0,rl_apr_fl_rl_screening,RL APR + FL-RL (FedAvg) screening
Fin_rl_apr_fl_rl_screening_3,pure_rl,fl_rl,6761964.341478083,1000000.0,6761964.341478354,5761964.341478354,0.0,0.0,23.0,0.0,3157,3157,19,0.006018371872030409,105921198.60519844,45095.46055045746,0.0004257453762257959,0.045095460550457454,0,4242,709098,low_default,1000000.0,rl_apr_fl_rl_screening,RL APR + FL-RL (FedAvg) screening
Fin_rl_apr_fl_rl_screening_1,pure_rl,fl_rl,3522494.9938295768,1000000.0,3522494.993829244,2522494.993829244,0.0,0.0,6.0,0.0,1552,1552,52,0.03350515463917526,53472294.051904134,138038.39026818957,0.0025814937009098465,0.13803839026818956,0,4244,709098,medium_default,1000000.0,rl_apr_fl_rl_screening,RL APR + FL-RL (FedAvg) screening
Fin_rl_apr_fl_rl_screening_2,pure_rl,fl_rl,3489021.079591169,1000000.0,3489021.0795912324,2489021.0795912324,0.0,0.0,7.0,0.0,1599,1599,72,0.0450281425891182,55266179.52562545,159914.4787089827,0.0028935323570690214,0.1599144787089827,0,4244,709098,medium_default,1000000.0,rl_apr_fl_rl_screening,RL APR + FL-RL (FedAvg) screening
Fin_rl_apr_fl_rl_screening_3,pure_rl,fl_rl,5640070.088329195,1000000.0,5640070.0883291615,4640070.0883291615,0.0,0.0,23.0,0.0,2412,2412,18,0.007462686567164179,82217902.8122407,41723.09913843771,0.0005074697567234216,0.04172309913843771,0,4244,709098,medium_default,1000000.0,rl_apr_fl_rl_screening,RL APR + FL-RL (FedAvg) screening
Fin_rl_apr_fl_rl_screening_1,pure_rl,fl_rl,2725411.260110023,1000000.0,2725411.260110142,1725411.2601101422,0.0,0.0,7.0,0.0,1354,1354,127,0.09379615952732644,47868035.60561411,403545.4132937193,0.00843037338357771,0.4035454132937193,0,4244,709098,high_default,1000000.0,rl_apr_fl_rl_screening,RL APR + FL-RL (FedAvg) screening
Fin_rl_apr_fl_rl_screening_2,pure_rl,fl_rl,3367326.543398871,1000000.0,3367326.5433987016,2367326.5433987016,0.0,0.0,6.0,0.0,1659,1659,137,0.08257986738999397,57946382.352523126,362351.2213515682,0.006253215587250384,0.36235122135156816,0,4244,709098,high_default,1000000.0,rl_apr_fl_rl_screening,RL APR + FL-RL (FedAvg) screening
Fin_rl_apr_fl_rl_screening_3,pure_rl,fl_rl,4850827.955936709,1000000.0,4850827.955936863,3850827.955936863,0.0,0.0,6.0,0.0,2404,2404,67,0.027870216306156406,80202020.95106176,189245.34337913914,0.0023596081636722624,0.18924534337913915,0,4244,709098,high_default,1000000.0,rl_apr_fl_rl_screening,RL APR + FL-RL (FedAvg) screening
Fin_rl_apr_fl_rl_screening_1,pure_rl,fl_rl,7160143.091929678,5000000.0,7160143.091925154,2160143.0919251544,0.0,0.0,6.0,0.0,2276,2276,0,0.0,79012333.67615303,0.0,0.0,0.0,0,4248,709098,none_default,5000000.0,rl_apr_fl_rl_screening,RL APR + FL-RL (FedAvg) screening
Fin_rl_apr_fl_rl_screening_2,pure_rl,fl_rl,9472381.363277968,5000000.0,9472381.363277923,4472381.363277923,0.0,0.0,6.0,0.0,4483,4483,0,0.0,157596292.67796847,0.0,0.0,0.0,0,4248,709098,none_default,5000000.0,rl_apr_fl_rl_screening,RL APR + FL-RL (FedAvg) screening
Fin_rl_apr_fl_rl_screening_3,pure_rl,fl_rl,8779447.98497052,5000000.0,8779447.984966675,3779447.984966675,0.0,0.0,6.0,0.0,3613,3613,0,0.0,126549130.16226918,0.0,0.0,0.0,0,4248,709098,none_default,5000000.0,rl_apr_fl_rl_screening,RL APR + FL-RL (FedAvg) screening
Fin_rl_apr_fl_rl_screening_1,pure_rl,fl_rl,7087895.426765607,5000000.0,7087895.426767625,2087895.426767625,0.0,0.0,24.0,0.0,1380,1380,49,0.035507246376811595,48645484.17602457,85166.54853523373,0.0017507596024135975,0.017033309707046744,0,4257,709098,low_default,5000000.0,rl_apr_fl_rl_screening,RL APR + FL-RL (FedAvg) screening
Fin_rl_apr_fl_rl_screening_2,pure_rl,fl_rl,9407297.296875035,5000000.0,9407297.296875175,4407297.296875175,0.0,0.0,13.0,0.0,2834,2834,132,0.0465772759350741,99010322.81945607,227064.0326603889,0.0022933369591616923,0.045412806532077785,0,4257,709098,low_default,5000000.0,rl_apr_fl_rl_screening,RL APR + FL-RL (FedAvg) screening
Fin_rl_apr_fl_rl_screening_3,pure_rl,fl_rl,12248710.280604307,5000000.0,12248710.280604612,7248710.280604612,0.0,0.0,23.0,0.0,4218,4218,51,0.01209103840682788,148368440.84906906,102857.30247974477,0.0006932559369844598,0.020571460495948955,0,4257,709098,low_default,5000000.0,rl_apr_fl_rl_screening,RL APR + FL-RL (FedAvg) screening
Fin_rl_apr_fl_rl_screening_1,pure_rl,fl_rl,8864105.77391542,5000000.0,8864105.773913937,3864105.7739139367,0.0,0.0,6.0,0.0,2343,2343,120,0.05121638924455826,81995888.51238863,290503.61767862237,0.0035429046864310838,0.05810072353572447,0,4255,709098,medium_default,5000000.0,rl_apr_fl_rl_screening,RL APR + FL-RL (FedAvg) screening
Fin_rl_apr_fl_rl_screening_2,pure_rl,fl_rl,7787112.308771606,5000000.0,7787112.308770846,2787112.3087708456,0.0,0.0,7.0,0.0,1800,1800,197,0.10944444444444444,63262130.637842044,415294.0562726677,0.006564654906267855,0.08305881125453354,0,4255,709098,medium_default,5000000.0,rl_apr_fl_rl_screening,RL APR + FL-RL (FedAvg) screening
Fin_rl_apr_fl_rl_screening_3,pure_rl,fl_rl,12123388.059733286,5000000.0,12123388.059731694,7123388.059731694,0.0,0.0,18.0,0.0,3927,3927,81,0.020626432391138275,137371182.86671677,184470.32238312994,0.0013428604058983078,0.036894064476625986,0,4255,709098,medium_default,5000000.0,rl_apr_fl_rl_screening,RL APR + FL-RL (FedAvg) screening
Fin_rl_apr_fl_rl_screening_1,pure_rl,fl_rl,6474949.084445423,5000000.0,6474949.0844466565,1474949.0844466565,0.0,0.0,24.0,0.0,1246,1246,147,0.11797752808988764,43886066.75576388,490354.9436052621,0.011173362751649648,0.09807098872105242,0,4261,709098,high_default,5000000.0,rl_apr_fl_rl_screening,RL APR + FL-RL (FedAvg) screening
Fin_rl_apr_fl_rl_screening_2,pure_rl,fl_rl,7470587.229427562,5000000.0,7470587.229427908,2470587.2294279076,0.0,0.0,11.0,0.0,1921,1921,235,0.12233211868818324,66943486.98454726,651559.778439379,0.009732982367497233,0.1303119556878758,0,4261,709098,high_default,5000000.0,rl_apr_fl_rl_screening,RL APR + FL-RL (FedAvg) screening
Fin_rl_apr_fl_rl_screening_3,pure_rl,fl_rl,11073600.480498808,5000000.0,11073600.480499728,6073600.480499728,0.0,0.0,7.0,0.0,3727,3727,102,0.027367856184598874,129741293.89769,307600.9775114632,0.00237087952702266,0.061520195502292645,0,4261,709098,high_default,5000000.0,rl_apr_fl_rl_screening,RL APR + FL-RL (FedAvg) screening
Fin_rl_apr_fl_rl_screening_1,pure_rl,fl_rl,11938473.003489107,10000000.0,11938473.003486278,1938473.0034862775,0.0,0.0,16.0,0.0,1655,1655,0,0.0,57879988.806136854,0.0,0.0,0.0,0,4261,709098,none_default,10000000.0,rl_apr_fl_rl_screening,RL APR + FL-RL (FedAvg) screening
Fin_rl_apr_fl_rl_screening_2,pure_rl,fl_rl,13246529.985383704,10000000.0,13246529.98538939,3246529.985389389,0.0,0.0,6.0,0.0,2446,2446,0,0.0,86232862.80879813,0.0,0.0,0.0,0,4261,709098,none_default,10000000.0,rl_apr_fl_rl_screening,RL APR + FL-RL (FedAvg) screening
Fin_rl_apr_fl_rl_screening_3,pure_rl,fl_rl,18618560.426709346,10000000.0,18618560.426705904,8618560.426705904,0.0,0.0,6.0,0.0,6279,6279,0,0.0,219174043.54788828,0.0,0.0,0.0,0,4261,709098,none_default,10000000.0,rl_apr_fl_rl_screening,RL APR + FL-RL (FedAvg) screening
Fin_rl_apr_fl_rl_screening_1,pure_rl,fl_rl,11356461.620175457,10000000.0,11356461.620176462,1356461.6201764625,0.0,0.0,24.0,0.0,957,957,28,0.029258098223615466,33331559.785366315,73097.78692898134,0.0021930502922660627,0.007309778692898134,0,4255,709098,low_default,10000000.0,rl_apr_fl_rl_screening,RL APR + FL-RL (FedAvg) screening
Fin_rl_apr_fl_rl_screening_2,pure_rl,fl_rl,15365423.203780849,10000000.0,15365423.203777563,5365423.203777563,0.0,0.0,22.0,0.0,3134,3134,148,0.047223994894703254,109710346.41453913,253100.8845491965,0.0023069919366844223,0.02531008845491965,0,4255,709098,low_default,10000000.0,rl_apr_fl_rl_screening,RL APR + FL-RL (FedAvg) screening
Fin_rl_apr_fl_rl_screening_3,pure_rl,fl_rl,18853059.368281502,10000000.0,18853059.368270516,8853059.368270516,0.0,0.0,23.0,0.0,4931,4931,60,0.012167917258162644,173037821.07132864,86426.61640654609,0.0004994666245301356,0.008642661640654609,0,4255,709098,low_default,10000000.0,rl_apr_fl_rl_screening,RL APR + FL-RL (FedAvg) screening
Fin_rl_apr_fl_rl_screening_1,pure_rl,fl_rl,14552477.458857011,10000000.0,14552477.45885357,4552477.458853571,0.0,0.0,29.0,0.0,2807,2807,158,0.056287851799073745,98163147.15115541,382199.05362776184,0.0038935085591666795,0.03821990536277618,0,4263,709098,medium_default,10000000.0,rl_apr_fl_rl_screening,RL APR + FL-RL (FedAvg) screening
Fin_rl_apr_fl_rl_screening_2,pure_rl,fl_rl,13632282.78709098,10000000.0,13632282.787091624,3632282.787091624,0.0,0.0,7.0,0.0,2193,2193,138,0.06292749658002736,76992942.25078844,297893.45824969234,0.003869100849261827,0.029789345824969234,0,4263,709098,medium_default,10000000.0,rl_apr_fl_rl_screening,RL APR + FL-RL (FedAvg) screening
Fin_rl_apr_fl_rl_screening_3,pure_rl,fl_rl,15653244.468572494,10000000.0,15653244.468582172,5653244.468582172,0.0,0.0,9.0,0.0,3157,3157,84,0.026607538802660754,111009292.93971434,175211.82859026612,0.001578352802277717,0.01752118285902661,0,4263,709098,medium_default,10000000.0,rl_apr_fl_rl_screening,RL APR + FL-RL (FedAvg) screening
Fin_rl_apr_fl_rl_screening_1,pure_rl,fl_rl,11484682.69688106,10000000.0,11484682.69687877,1484682.6968787704,0.0,0.0,18.0,0.0,1307,1307,151,0.11553175210405509,45350015.73561486,516078.60706423834,0.011379899184002815,0.051607860706423835,0,4249,709098,high_default,10000000.0,rl_apr_fl_rl_screening,RL APR + FL-RL (FedAvg) screening
Fin_rl_apr_fl_rl_screening_2,pure_rl,fl_rl,11412056.872193262,10000000.0,11412056.872194089,1412056.872194089,0.0,0.0,28.0,0.0,1239,1239,175,0.14124293785310735,43815685.09146343,489996.8139799179,0.011183137110764555,0.04899968139799179,0,4249,709098,high_default,10000000.0,rl_apr_fl_rl_screening,RL APR + FL-RL (FedAvg) screening
Fin_rl_apr_fl_rl_screening_3,pure_rl,fl_rl,16493868.112198448,10000000.0,16493868.11219688,6493868.112196879,0.0,0.0,27.0,0.0,4038,4038,118,0.02922238732045567,142481633.3045089,356818.5474913631,0.0025043125855300774,0.03568185474913631,0,4249,709098,high_default,10000000.0,rl_apr_fl_rl_screening,RL APR + FL-RL (FedAvg) screening
Fin_rl_apr_no_screening_1,pure_rl,none,4898712.884570828,1000000.0,4898712.884570797,3898712.884570797,0.0,0.0,6.0,0.0,2869,2869,0,0.0,89809303.41805047,0.0,0.0,0.0,0,4246,709098,none_default,1000000.0,rl_apr_no_screening,RL APR + no screening
Fin_rl_apr_no_screening_2,pure_rl,none,5236030.52072562,1000000.0,5236030.520725504,4236030.520725504,0.0,0.0,6.0,0.0,2627,2627,0,0.0,91615032.4849887,0.0,0.0,0.0,0,4246,709098,none_default,1000000.0,rl_apr_no_screening,RL APR + no screening
Fin_rl_apr_no_screening_3,pure_rl,none,5290028.51661216,1000000.0,5290028.516611808,4290028.516611808,0.0,0.0,6.0,0.0,2282,2282,0,0.0,81111983.32937631,0.0,0.0,0.0,0,4246,709098,none_default,1000000.0,rl_apr_no_screening,RL APR + no screening
Fin_rl_apr_no_screening_1,pure_rl,none,5399650.62312538,1000000.0,5399650.623124934,4399650.623124934,0.0,0.0,6.0,0.0,2414,2414,111,0.045981772990886495,82522662.05635801,238829.29401961033,0.002894105547110251,0.23882929401961034,0,4239,709098,low_default,1000000.0,rl_apr_no_screening,RL APR + no screening
Fin_rl_apr_no_screening_2,pure_rl,none,4098499.163629877,1000000.0,4098499.163629656,3098499.163629656,0.0,0.0,6.0,0.0,1916,1916,130,0.06784968684759916,64729476.64314747,285362.8720170032,0.004408545948705935,0.28536287201700317,0,4239,709098,low_default,1000000.0,rl_apr_no_screening,RL APR + no screening
Fin_rl_apr_no_screening_3,pure_rl,none,6947159.321518432,1000000.0,6947159.321517915,5947159.321517915,0.0,0.0,6.0,0.0,2887,2887,77,0.026671285071007966,101410075.23872551,168250.79760268747,0.0016591132311717038,0.16825079760268746,0,4239,709098,low_default,1000000.0,rl_apr_no_screening,RL APR + no screening
Fin_rl_apr_no_screening_1,pure_rl,none,3177730.7438619477,1000000.0,3177730.743862163,2177730.743862163,0.0,0.0,6.0,0.0,1761,1761,267,0.151618398637138,60241359.17677779,596889.5572853386,0.009908301629346892,0.5968895572853387,0,4275,709098,medium_default,1000000.0,rl_apr_no_screening,RL APR + no screening
Fin_rl_apr_no_screening_2,pure_rl,none,4564169.384669878,1000000.0,4564169.384669848,3564169.384669848,0.0,0.0,6.0,0.0,2342,2342,274,0.11699402220324509,78294004.30009565,683873.5380402339,0.008734685933535762,0.6838735380402339,0,4275,709098,medium_default,1000000.0,rl_apr_no_screening,RL APR + no screening
Fin_rl_apr_no_screening_3,pure_rl,none,5317875.377286141,1000000.0,5317875.377285929,4317875.377285929,0.0,0.0,7.0,0.0,2508,2508,214,0.08532695374800638,85119523.13071147,540788.9086605408,0.006353288749398809,0.5407889086605409,0,4275,709098,medium_default,1000000.0,rl_apr_no_screening,RL APR + no screening
Fin_rl_apr_no_screening_1,pure_rl,none,3956155.5266378364,1000000.0,3956155.5266376263,2956155.5266376263,0.0,0.0,8.0,0.0,1764,1764,200,0.11337868480725624,61731367.452191085,520526.6283265823,0.008432125349073356,0.5205266283265824,0,4283,709098,high_default,1000000.0,rl_apr_no_screening,RL APR + no screening
Fin_rl_apr_no_screening_2,pure_rl,none,4735896.285251879,1000000.0,4735896.285251964,3735896.285251964,0.0,0.0,7.0,0.0,2409,2409,286,0.1187214611872146,81118010.16205025,865989.7908420812,0.01067567842347322,0.8659897908420812,0,4283,709098,high_default,1000000.0,rl_apr_no_screening,RL APR + no screening
Fin_rl_apr_no_screening_3,pure_rl,none,3910411.9896141314,1000000.0,3910411.9896146157,2910411.9896146157,0.0,0.0,6.0,0.0,1996,1996,258,0.12925851703406813,66780445.533797696,735730.1588426543,0.01101714960063122,0.7357301588426544,0,4283,709098,high_default,1000000.0,rl_apr_no_screening,RL APR + no screening
Fin_rl_apr_no_screening_1,pure_rl,none,7102372.852442103,5000000.0,7102372.852443992,2102372.852443992,0.0,0.0,6.0,0.0,3551,3551,0,0.0,124727393.44115292,0.0,0.0,0.0,0,4250,709098,none_default,5000000.0,rl_apr_no_screening,RL APR + no screening
Fin_rl_apr_no_screening_2,pure_rl,none,7027494.623914973,5000000.0,7027494.62391345,2027494.6239134502,0.0,0.0,6.0,0.0,3459,3459,0,0.0,120449272.84781419,0.0,0.0,0.0,0,4250,709098,none_default,5000000.0,rl_apr_no_screening,RL APR + no screening
Fin_rl_apr_no_screening_3,pure_rl,none,7018323.397901451,5000000.0,7018323.397902524,2018323.397902524,0.0,0.0,6.0,0.0,3399,3399,0,0.0,119690216.99601944,0.0,0.0,0.0,0,4250,709098,none_default,5000000.0,rl_apr_no_screening,RL APR + no screening
Fin_rl_apr_no_screening_1,pure_rl,none,6562491.98508253,5000000.0,6562491.985081859,1562491.985081859,0.0,0.0,7.0,0.0,3504,3504,462,0.13184931506849315,123039862.87566951,572495.924981048,0.004652930453600628,0.11449918499620959,0,4290,709098,low_default,5000000.0,rl_apr_no_screening,RL APR + no screening
Fin_rl_apr_no_screening_2,pure_rl,none,6606714.846805331,5000000.0,6606714.846805214,1606714.846805214,0.0,0.0,6.0,0.0,3496,3496,423,0.1209954233409611,122524574.19422951,517178.0100937238,0.004221014547448075,0.10343560201874476,0,4290,709098,low_default,5000000.0,rl_apr_no_screening,RL APR + no screening
Fin_rl_apr_no_screening_3,pure_rl,none,6505773.225884775,5000000.0,6505773.225884768,1505773.2258847682,0.0,0.0,7.0,0.0,3369,3369,438,0.13000890471950133,118016220.18721165,546978.4785114091,0.004634773742488325,0.10939569570228183,0,4290,709098,low_default,5000000.0,rl_apr_no_screening,RL APR + no screening
Fin_rl_apr_no_screening_1,pure_rl,none,6147134.852152562,5000000.0,6147134.852152467,1147134.8521524668,0.0,0.0,7.0,0.0,4401,4401,1028,0.2335832765280618,153486323.94415933,1726203.4210881165,0.011246626909353408,0.3452406842176233,0,4280,709098,medium_default,5000000.0,rl_apr_no_screening,RL APR + no screening
Fin_rl_apr_no_screening_2,pure_rl,none,6045913.053384019,5000000.0,6045913.053384986,1045913.0533849858,0.0,0.0,8.0,0.0,3501,3501,785,0.22422165095686947,123174290.60534683,1360648.7777358303,0.01104653228404115,0.27212975554716606,0,4280,709098,medium_default,5000000.0,rl_apr_no_screening,RL APR + no screening
Fin_rl_apr_no_screening_3,pure_rl,none,5747709.599801431,5000000.0,5747709.599802434,747709.5998024344,0.0,0.0,8.0,0.0,2442,2442,566,0.23177723177723178,85904562.8271221,955417.4676799655,0.011121847737036823,0.1910834935359931,0,4280,709098,medium_default,5000000.0,rl_apr_no_screening,RL APR + no screening
Fin_rl_apr_no_screening_1,pure_rl,none,5095008.013281824,5000000.0,5095008.013281157,95008.01328115724,0.0,0.0,8.0,0.0,3423,3423,1224,0.35758106923751093,121688375.51653491,3197581.967771661,0.02627680708365752,0.6395163935543322,0,4286,709098,high_default,5000000.0,rl_apr_no_screening,RL APR + no screening
Fin_rl_apr_no_screening_2,pure_rl,none,4926578.821744205,5000000.0,4926578.821743997,-73421.17825600319,73421.17825600319,0.014684235651200637,10.0,0.0,3471,3471,1250,0.3601267646211466,119760071.0568884,3042896.2917509736,0.025408270593840394,0.6085792583501947,0,4286,709098,high_default,5000000.0,rl_apr_no_screening,RL APR + no screening
Fin_rl_apr_no_screening_3,pure_rl,none,4926051.508036837,5000000.0,4926051.508036774,-73948.49196322635,73948.49196322635,0.01478969839264527,9.0,0.0,3489,3489,1258,0.3605617655488679,123177132.50482753,3103473.055027842,0.025195204596163263,0.6206946110055684,0,4286,709098,high_default,5000000.0,rl_apr_no_screening,RL APR + no screening
Fin_rl_apr_no_screening_1,pure_rl,none,12102372.852450563,10000000.0,12102372.852443993,2102372.852443993,0.0,0.0,6.0,0.0,3551,3551,0,0.0,124727393.44115292,0.0,0.0,0.0,0,4250,709098,none_default,10000000.0,rl_apr_no_screening,RL APR + no screening
Fin_rl_apr_no_screening_2,pure_rl,none,12027494.623914935,10000000.0,12027494.62391345,2027494.6239134502,0.0,0.0,6.0,0.0,3459,3459,0,0.0,120449272.84781419,0.0,0.0,0.0,0,4250,709098,none_default,10000000.0,rl_apr_no_screening,RL APR + no screening
Fin_rl_apr_no_screening_3,pure_rl,none,12018323.397906695,10000000.0,12018323.397902524,2018323.397902524,0.0,0.0,6.0,0.0,3399,3399,0,0.0,119690216.99601944,0.0,0.0,0.0,0,4250,709098,none_default,10000000.0,rl_apr_no_screening,RL APR + no screening
Fin_rl_apr_no_screening_1,pure_rl,none,11512991.213900642,10000000.0,11512991.213894952,1512991.213894952,0.0,0.0,6.0,0.0,3398,3398,445,0.1309593878752207,118661615.72050308,548815.9319981664,0.00462505022088064,0.054881593199816635,0,4265,709098,low_default,10000000.0,rl_apr_no_screening,RL APR + no screening
Fin_rl_apr_no_screening_2,pure_rl,none,11570538.922808392,10000000.0,11570538.922801768,1570538.9228017684,0.0,0.0,7.0,0.0,3517,3517,452,0.1285186238271254,123304358.95980649,569702.1373699475,0.004620291952173834,0.05697021373699475,0,4265,709098,low_default,10000000.0,rl_apr_no_screening,RL APR + no screening
Fin_rl_apr_no_screening_3,pure_rl,none,11521892.746292034,10000000.0,11521892.746289337,1521892.746289337,0.0,0.0,6.0,0.0,3457,3457,436,0.12612091408735898,119835709.80775145,552271.2189054661,0.004608569680869392,0.05522712189054661,0,4265,709098,low_default,10000000.0,rl_apr_no_screening,RL APR + no screening
Fin_rl_apr_no_screening_1,pure_rl,none,11003712.510445977,10000000.0,11003712.510447761,1003712.510447761,0.0,0.0,8.0,0.0,3564,3564,810,0.22727272727272727,124893903.65280846,1392348.3182192293,0.01114824885360143,0.13923483182192292,0,4295,709098,medium_default,10000000.0,rl_apr_no_screening,RL APR + no screening
Fin_rl_apr_no_screening_2,pure_rl,none,10882895.39752956,10000000.0,10882895.397528553,882895.3975285534,0.0,0.0,9.0,0.0,2901,2901,648,0.2233712512926577,102534018.69689028,1162219.0811679757,0.011334960786075423,0.11622190811679757,0,4295,709098,medium_default,10000000.0,rl_apr_no_screening,RL APR + no screening
Fin_rl_apr_no_screening_3,pure_rl,none,11091036.982520124,10000000.0,11091036.982519245,1091036.9825192448,0.0,0.0,8.0,0.0,3924,3924,932,0.23751274209989806,136653409.46906462,1548393.4655822536,0.01133080741708663,0.15483934655822537,0,4295,709098,medium_default,10000000.0,rl_apr_no_screening,RL APR + no screening
Fin_rl_apr_no_screening_1,pure_rl,none,9972225.13836593,10000000.0,9972225.138360903,-27774.861639097333,27774.861639097333,0.0027774861639097335,9.0,0.0,6264,6264,2238,0.35727969348659006,218763926.4138923,5559045.4965107,0.025411161646428013,0.5559045496510701,0,4286,709098,high_default,10000000.0,rl_apr_no_screening,RL APR + no screening
Fin_rl_apr_no_screening_2,pure_rl,none,9966137.108180365,10000000.0,9966137.10817865,-33862.8918213509,33862.8918213509,0.0033862891821350902,13.0,0.0,227,227,83,0.3656387665198238,7867024.174344018,184392.85367608847,0.023438704342288848,0.018439285367608846,0,4286,709098,high_default,10000000.0,rl_apr_no_screening,RL APR + no screening
Fin_rl_apr_no_screening_3,pure_rl,none,9775752.296998264,10000000.0,9775752.296997176,-224247.70300282352,224247.70300282352,0.02242477030028235,13.0,0.0,3874,3874,1392,0.3593185338151781,135826600.74940878,3365241.7284571584,0.02477601375496255,0.33652417284571584,0,4286,709098,high_default,10000000.0,rl_apr_no_screening,RL APR + no screening
Fin_fixed_6_no_screening_1,fixed_6,none,1913438.3990411959,1000000.0,1913438.3990412303,913438.3990412303,0.0,0.0,6.0,0.0,1754,1754,0,0.0,54123337.2488242,0.0,0.0,0.0,0,4249,709098,none_default,1000000.0,fixed_6_no_screening,Fixed 6% APR + no screening
Fin_fixed_6_no_screening_2,fixed_6,none,1914213.5917437943,1000000.0,1914213.5917437747,914213.5917437747,0.0,0.0,6.0,0.0,1736,1736,0,0.0,53966611.945967466,0.0,0.0,0.0,0,4249,709098,none_default,1000000.0,fixed_6_no_screening,Fixed 6% APR + no screening
Fin_fixed_6_no_screening_3,fixed_6,none,1912120.7742220724,1000000.0,1912120.7742220978,912120.7742220978,0.0,0.0,6.0,0.0,1747,1747,0,0.0,53953409.99804588,0.0,0.0,0.0,0,4249,709098,none_default,1000000.0,fixed_6_no_screening,Fixed 6% APR + no screening
Fin_fixed_6_no_screening_1,fixed_6,none,1609031.9101447735,1000000.0,1609031.9101447926,609031.9101447926,0.0,0.0,6.0,0.0,1592,1592,208,0.1306532663316583,48093472.67980282,224337.59257084478,0.0046646162165174,0.22433759257084476,0,4263,709098,low_default,1000000.0,fixed_6_no_screening,Fixed 6% APR + no screening
Fin_fixed_6_no_screening_2,fixed_6,none,1615590.5933126295,1000000.0,1615590.5933126009,615590.5933126009,0.0,0.0,6.0,0.0,1609,1609,217,0.1348663766314481,48367983.242552765,224195.65691725112,0.004635207876933149,0.22419565691725113,0,4263,709098,low_default,1000000.0,fixed_6_no_screening,Fixed 6% APR + no screening
Fin_fixed_6_no_screening_3,fixed_6,none,1633514.6753218626,1000000.0,1633514.6753219261,633514.6753219261,0.0,0.0,6.0,0.0,1600,1600,190,0.11875,48612578.17610947,208168.73040858968,0.004282198933256613,0.2081687304085897,0,4263,709098,low_default,1000000.0,fixed_6_no_screening,Fixed 6% APR + no screening
Fin_fixed_6_no_screening_1,fixed_6,none,1269877.7787452606,1000000.0,1269877.77874527,269877.7787452701,0.0,0.0,6.0,0.0,1408,1408,332,0.23579545454545456,41478245.81239765,472104.8855732849,0.011381987746265174,0.4721048855732849,0,4250,709098,medium_default,1000000.0,fixed_6_no_screening,Fixed 6% APR + no screening
Fin_fixed_6_no_screening_2,fixed_6,none,1271709.5589467525,1000000.0,1271709.5589467273,271709.5589467273,0.0,0.0,6.0,0.0,1411,1411,333,0.23600283486888732,41807037.50947235,467079.4912264636,0.011172269528082108,0.4670794912264636,0,4250,709098,medium_default,1000000.0,fixed_6_no_screening,Fixed 6% APR + no screening
Fin_fixed_6_no_screening_3,fixed_6,none,1368893.5903647207,1000000.0,1368893.5903646667,368893.59036466666,0.0,0.0,6.0,0.0,1494,1494,304,0.2034805890227577,44084129.386795536,408168.8141744387,0.009258860724982288,0.40816881417443873,0,4250,709098,medium_default,1000000.0,fixed_6_no_screening,Fixed 6% APR + no screening
Fin_fixed_6_no_screening_1,fixed_6,none,891352.3048541261,1000000.0,891352.3048541326,-108647.69514586742,108647.69514586742,0.10864769514586742,6.0,0.0,1209,1209,423,0.34987593052109184,34485119.52701464,738782.0406471734,0.021423212411035227,0.7387820406471735,0,4266,709098,high_default,1000000.0,fixed_6_no_screening,Fixed 6% APR + no screening
Fin_fixed_6_no_screening_2,fixed_6,none,872346.8490329327,1000000.0,872346.8490329527,-127653.15096704732,127653.15096704732,0.12765315096704732,6.0,0.0,1191,1191,432,0.36272040302267,33819836.96865128,747393.543243997,0.02209926511286204,0.747393543243997,0,4266,709098,high_default,1000000.0,fixed_6_no_screening,Fixed 6% APR + no screening
Fin_fixed_6_no_screening_3,fixed_6,none,910359.4594251137,1000000.0,910359.459425128,-89640.54057487205,89640.54057487205,0.08964054057487206,6.0,0.0,1228,1228,418,0.34039087947882735,35074254.241788454,726263.7325139825,0.020706462566741943,0.7262637325139825,0,4266,709098,high_default,1000000.0,fixed_6_no_screening,Fixed 6% APR + no screening
Fin_fixed_6_no_screening_1,fixed_6,none,7021769.893848886,5000000.0,7021769.893848596,2021769.8938485961,0.0,0.0,6.0,0.0,3441,3441,0,0.0,120173359.58098756,0.0,0.0,0.0,0,4246,709098,none_default,5000000.0,fixed_6_no_screening,Fixed 6% APR + no screening
Fin_fixed_6_no_screening_2,fixed_6,none,7103760.28435667,5000000.0,7103760.284357039,2103760.2843570393,0.0,0.0,6.0,0.0,3565,3565,0,0.0,125183160.88608837,0.0,0.0,0.0,0,4246,709098,none_default,5000000.0,fixed_6_no_screening,Fixed 6% APR + no screening
Fin_fixed_6_no_screening_3,fixed_6,none,6994343.620497666,5000000.0,6994343.620496171,1994343.6204961706,0.0,0.0,6.0,0.0,3383,3383,0,0.0,118260999.38847575,0.0,0.0,0.0,0,4246,709098,none_default,5000000.0,fixed_6_no_screening,Fixed 6% APR + no screening
Fin_fixed_6_no_screening_1,fixed_6,none,6502006.9760267185,5000000.0,6502006.976025954,1502006.976025954,0.0,0.0,6.0,0.0,3403,3403,446,0.13106082868057597,118994060.56213792,564254.5830416693,0.004741871824325377,0.11285091660833386,0,4267,709098,low_default,5000000.0,fixed_6_no_screening,Fixed 6% APR + no screening
Fin_fixed_6_no_screening_2,fixed_6,none,6579976.719830349,5000000.0,6579976.719828841,1579976.7198288413,0.0,0.0,6.0,0.0,3510,3510,440,0.12535612535612536,123186288.35456583,546780.4914556295,0.0044386473426477205,0.1093560982911259,0,4267,709098,low_default,5000000.0,fixed_6_no_screening,Fixed 6% APR + no screening
Fin_fixed_6_no_screening_3,fixed_6,none,6567198.860881759,5000000.0,6567198.860881605,1567198.8608816052,0.0,0.0,6.0,0.0,3493,3493,447,0.12797022616661896,121820805.42701082,543833.487406398,0.004464208601315126,0.10876669748127961,0,4267,709098,low_default,5000000.0,fixed_6_no_screening,Fixed 6% APR + no screening
Fin_fixed_6_no_screening_1,fixed_6,none,5825987.771397139,5000000.0,5825987.771396972,825987.7713969722,0.0,0.0,6.0,0.0,3429,3429,796,0.2321376494604841,119685332.5078754,1304539.1297458638,0.010899741032678536,0.2609078259491728,0,4257,709098,medium_default,5000000.0,fixed_6_no_screening,Fixed 6% APR + no screening
Fin_fixed_6_no_screening_2,fixed_6,none,5912368.273514153,5000000.0,5912368.273512346,912368.2735123457,0.0,0.0,6.0,0.0,3549,3549,782,0.22034375880529727,124312554.990107,1287946.553486033,0.010360550900015931,0.25758931069720664,0,4257,709098,medium_default,5000000.0,fixed_6_no_screening,Fixed 6% APR + no screening
Fin_fixed_6_no_screening_3,fixed_6,none,5808417.770839083,5000000.0,5808417.77083668,808417.7708366802,0.0,0.0,6.0,0.0,3400,3400,797,0.23441176470588235,119271694.73320231,1310563.858931424,0.010988054306287938,0.26211277178628484,0,4257,709098,medium_default,5000000.0,fixed_6_no_screening,Fixed 6% APR + no screening
Fin_fixed_6_no_screening_1,fixed_6,none,4481103.271165171,5000000.0,4481103.271164026,-518896.7288359739,518896.7288359739,0.10377934576719477,6.0,0.0,3471,3471,1223,0.35234802650532987,121448069.58839233,2756228.24601928,0.022694706102456753,0.551245649203856,0,4279,709098,high_default,5000000.0,fixed_6_no_screening,Fixed 6% APR + no screening
Fin_fixed_6_no_screening_2,fixed_6,none,4459464.241530813,5000000.0,4459464.241532411,-540535.7584675886,540535.7584675886,0.10810715169351771,6.0,0.0,3507,3507,1261,0.35956658112346734,123292116.41872033,2799834.325650414,0.02270894852791492,0.5599668651300828,0,4279,709098,high_default,5000000.0,fixed_6_no_screening,Fixed 6% APR + no screening
Fin_fixed_6_no_screening_3,fixed_6,none,4432591.002993033,5000000.0,4432591.002992358,-567408.9970076419,567408.9970076419,0.11348179940152839,6.0,0.0,3410,3410,1242,0.36422287390029323,119465957.98763935,2771717.398955986,0.023200897106125946,0.5543434797911971,0,4279,709098,high_default,5000000.0,fixed_6_no_screening,Fixed 6% APR + no screening
Fin_fixed_6_no_screening_1,fixed_6,none,12021769.893847588,10000000.0,12021769.893848596,2021769.8938485961,0.0,0.0,6.0,0.0,3441,3441,0,0.0,120173359.58098756,0.0,0.0,0.0,0,4246,709098,none_default,10000000.0,fixed_6_no_screening,Fixed 6% APR + no screening
Fin_fixed_6_no_screening_2,fixed_6,none,12103760.28435393,10000000.0,12103760.28435704,2103760.2843570393,0.0,0.0,6.0,0.0,3565,3565,0,0.0,125183160.88608837,0.0,0.0,0.0,0,4246,709098,none_default,10000000.0,fixed_6_no_screening,Fixed 6% APR + no screening
Fin_fixed_6_no_screening_3,fixed_6,none,11994343.620490346,10000000.0,11994343.62049617,1994343.6204961706,0.0,0.0,6.0,0.0,3383,3383,0,0.0,118260999.38847575,0.0,0.0,0.0,0,4246,709098,none_default,10000000.0,fixed_6_no_screening,Fixed 6% APR + no screening
Fin_fixed_6_no_screening_1,fixed_6,none,11502006.976022739,10000000.0,11502006.976025954,1502006.976025954,0.0,0.0,6.0,0.0,3403,3403,446,0.13106082868057597,118994060.56213792,564254.5830416693,0.004741871824325377,0.05642545830416693,0,4267,709098,low_default,10000000.0,fixed_6_no_screening,Fixed 6% APR + no screening
Fin_fixed_6_no_screening_2,fixed_6,none,11579976.719828792,10000000.0,11579976.71982884,1579976.7198288403,0.0,0.0,6.0,0.0,3510,3510,440,0.12535612535612536,123186288.35456583,546780.4914556295,0.0044386473426477205,0.05467804914556295,0,4267,709098,low_default,10000000.0,fixed_6_no_screening,Fixed 6% APR + no screening
Fin_fixed_6_no_screening_3,fixed_6,none,11567198.860877661,10000000.0,11567198.860881606,1567198.8608816061,0.0,0.0,6.0,0.0,3493,3493,447,0.12797022616661896,121820805.42701082,543833.487406398,0.004464208601315126,0.054383348740639804,0,4267,709098,low_default,10000000.0,fixed_6_no_screening,Fixed 6% APR + no screening
Fin_fixed_6_no_screening_1,fixed_6,none,10825987.77139797,10000000.0,10825987.771396972,825987.7713969722,0.0,0.0,6.0,0.0,3429,3429,796,0.2321376494604841,119685332.5078754,1304539.1297458638,0.010899741032678536,0.1304539129745864,0,4257,709098,medium_default,10000000.0,fixed_6_no_screening,Fixed 6% APR + no screening
Fin_fixed_6_no_screening_2,fixed_6,none,10912368.273511216,10000000.0,10912368.273512347,912368.2735123467,0.0,0.0,6.0,0.0,3549,3549,782,0.22034375880529727,124312554.990107,1287946.553486033,0.010360550900015931,0.12879465534860332,0,4257,709098,medium_default,10000000.0,fixed_6_no_screening,Fixed 6% APR + no screening
Fin_fixed_6_no_screening_3,fixed_6,none,10808417.770842027,10000000.0,10808417.77083668,808417.7708366793,0.0,0.0,6.0,0.0,3400,3400,797,0.23441176470588235,119271694.73320231,1310563.858931424,0.010988054306287938,0.13105638589314242,0,4257,709098,medium_default,10000000.0,fixed_6_no_screening,Fixed 6% APR + no screening
Fin_fixed_6_no_screening_1,fixed_6,none,9481103.271165742,10000000.0,9481103.271164026,-518896.7288359739,518896.7288359739,0.05188967288359739,6.0,0.0,3471,3471,1223,0.35234802650532987,121448069.58839233,2756228.24601928,0.022694706102456753,0.275622824601928,0,4279,709098,high_default,10000000.0,fixed_6_no_screening,Fixed 6% APR + no screening
Fin_fixed_6_no_screening_2,fixed_6,none,9459464.241527643,10000000.0,9459464.241532411,-540535.7584675886,540535.7584675886,0.05405357584675886,6.0,0.0,3507,3507,1261,0.35956658112346734,123292116.41872033,2799834.325650414,0.02270894852791492,0.2799834325650414,0,4279,709098,high_default,10000000.0,fixed_6_no_screening,Fixed 6% APR + no screening
Fin_fixed_6_no_screening_3,fixed_6,none,9432591.002992278,10000000.0,9432591.002992358,-567408.9970076419,567408.9970076419,0.056740899700764194,6.0,0.0,3410,3410,1242,0.36422287390029323,119465957.98763935,2771717.398955986,0.023200897106125946,0.27717173989559857,0,4279,709098,high_default,10000000.0,fixed_6_no_screening,Fixed 6% APR + no screening
Fin_fixed_8_no_screening_1,fixed_8,none,2377487.249749242,1000000.0,2377487.249749221,1377487.249749221,0.0,0.0,8.0,0.0,1924,1924,0,0.0,60825592.64511324,0.0,0.0,0.0,0,4247,709098,none_default,1000000.0,fixed_8_no_screening,Fixed 8% APR + no screening
Fin_fixed_8_no_screening_2,fixed_8,none,2378900.5502286595,1000000.0,2378900.5502287233,1378900.5502287233,0.0,0.0,8.0,0.0,1941,1941,0,0.0,61002187.41352856,0.0,0.0,0.0,0,4247,709098,none_default,1000000.0,fixed_8_no_screening,Fixed 8% APR + no screening
Fin_fixed_8_no_screening_3,fixed_8,none,2375869.170305582,1000000.0,2375869.1703055575,1375869.1703055575,0.0,0.0,8.0,0.0,1930,1930,0,0.0,60919298.91801827,0.0,0.0,0.0,0,4247,709098,none_default,1000000.0,fixed_8_no_screening,Fixed 8% APR + no screening
Fin_fixed_8_no_screening_1,fixed_8,none,1951239.438842187,1000000.0,1951239.4388422167,951239.4388422167,0.0,0.0,8.0,0.0,1748,1748,217,0.12414187643020595,53463331.98706919,292505.7405712751,0.005471146853361505,0.2925057405712751,0,4266,709098,low_default,1000000.0,fixed_8_no_screening,Fixed 8% APR + no screening
Fin_fixed_8_no_screening_2,fixed_8,none,1965506.210768858,1000000.0,1965506.2107688612,965506.2107688612,0.0,0.0,8.0,0.0,1728,1728,211,0.12210648148148148,53495349.47391437,281699.5686498104,0.005265870237695595,0.2816995686498104,0,4266,709098,low_default,1000000.0,fixed_8_no_screening,Fixed 8% APR + no screening
Fin_fixed_8_no_screening_3,fixed_8,none,1966665.669828939,1000000.0,1966665.6698288885,966665.6698288885,0.0,0.0,8.0,0.0,1738,1738,215,0.1237054085155351,53422021.34090559,277437.17467599025,0.005193311067463386,0.2774371746759903,0,4266,709098,low_default,1000000.0,fixed_8_no_screening,Fixed 8% APR + no screening
Fin_fixed_8_no_screening_1,fixed_8,none,1543263.5368313051,1000000.0,1543263.5368313212,543263.5368313212,0.0,0.0,8.0,0.0,1544,1544,335,0.21696891191709844,46311720.99104502,562858.1589936103,0.012153686948978776,0.5628581589936102,0,4280,709098,medium_default,1000000.0,fixed_8_no_screening,Fixed 8% APR + no screening
Fin_fixed_8_no_screening_2,fixed_8,none,1491420.3561060682,1000000.0,1491420.3561060838,491420.35610608384,0.0,0.0,8.0,0.0,1524,1524,361,0.2368766404199475,45671805.02712332,598187.5214473674,0.013097523101881328,0.5981875214473674,0,4280,709098,medium_default,1000000.0,fixed_8_no_screening,Fixed 8% APR + no screening
Fin_fixed_8_no_screening_3,fixed_8,none,1532695.4646920073,1000000.0,1532695.4646920073,532695.4646920073,0.0,0.0,8.0,0.0,1555,1555,359,0.23086816720257236,46555086.18005248,576064.1549735707,0.01237381781972509,0.5760641549735708,0,4280,709098,medium_default,1000000.0,fixed_8_no_screening,Fixed 8% APR + no screening
Fin_fixed_8_no_screening_1,fixed_8,none,961490.0459295053,1000000.0,961490.045929483,-38509.95407051698,38509.95407051698,0.03850995407051698,8.0,0.0,1265,1265,448,0.3541501976284585,35791414.0464398,919688.9981573437,0.02569579947201963,0.9196889981573437,0,4256,709098,high_default,1000000.0,fixed_8_no_screening,Fixed 8% APR + no screening
Fin_fixed_8_no_screening_2,fixed_8,none,940575.1632405461,1000000.0,940575.1632405451,-59424.83675945492,59424.83675945492,0.05942483675945492,8.0,0.0,1226,1226,457,0.3727569331158238,35275516.18743076,928353.0575843513,0.026317206887964364,0.9283530575843513,0,4256,709098,high_default,1000000.0,fixed_8_no_screening,Fixed 8% APR + no screening
Fin_fixed_8_no_screening_3,fixed_8,none,1032411.7697375973,1000000.0,1032411.7697375846,32411.769737584633,0.0,0.0,8.0,0.0,1312,1312,445,0.3391768292682927,37640789.2218652,896822.5023523964,0.023825815581768942,0.8968225023523964,0,4256,709098,high_default,1000000.0,fixed_8_no_screening,Fixed 8% APR + no screening
Fin_fixed_8_no_screening_1,fixed_8,none,7716324.638377159,5000000.0,7716324.638375834,2716324.6383758336,0.0,0.0,8.0,0.0,3441,3441,0,0.0,120173359.58098756,0.0,0.0,0.0,0,4248,709098,none_default,5000000.0,fixed_8_no_screening,Fixed 8% APR + no screening
Fin_fixed_8_no_screening_2,fixed_8,none,7826462.330174939,5000000.0,7826462.330174785,2826462.330174785,0.0,0.0,8.0,0.0,3565,3565,0,0.0,125183160.88608837,0.0,0.0,0.0,0,4248,709098,none_default,5000000.0,fixed_8_no_screening,Fixed 8% APR + no screening
Fin_fixed_8_no_screening_3,fixed_8,none,7679541.202551395,5000000.0,7679541.202550361,2679541.202550361,0.0,0.0,8.0,0.0,3383,3383,0,0.0,118260999.38847575,0.0,0.0,0.0,0,4248,709098,none_default,5000000.0,fixed_8_no_screening,Fixed 8% APR + no screening
Fin_fixed_8_no_screening_1,fixed_8,none,7099625.839058593,5000000.0,7099625.839057465,2099625.839057465,0.0,0.0,8.0,0.0,3403,3403,446,0.13106082868057597,118994060.56213792,677040.8436735226,0.005689702834537496,0.13540816873470451,0,4267,709098,low_default,5000000.0,fixed_8_no_screening,Fixed 8% APR + no screening
Fin_fixed_8_no_screening_2,fixed_8,none,7204042.648968426,5000000.0,7204042.648967065,2204042.648967065,0.0,0.0,8.0,0.0,3510,3510,440,0.12535612535612536,123186288.35456583,653790.8286708235,0.005307334423365562,0.13075816573416468,0,4267,709098,low_default,5000000.0,fixed_8_no_screening,Fixed 8% APR + no screening
Fin_fixed_8_no_screening_3,fixed_8,none,7183886.914173819,5000000.0,7183886.914173819,2183886.914173819,0.0,0.0,8.0,0.0,3493,3493,447,0.12797022616661896,121820805.42701082,652913.5024592015,0.005359622276101236,0.1305827004918403,0,4267,709098,low_default,5000000.0,fixed_8_no_screening,Fixed 8% APR + no screening
Fin_fixed_8_no_screening_1,fixed_8,none,6360304.6346477065,5000000.0,6360304.634647212,1360304.634647212,0.0,0.0,8.0,0.0,3429,3429,796,0.2321376494604841,119685332.5078754,1503070.7523280384,0.012558520921760694,0.3006141504656077,0,4257,709098,medium_default,5000000.0,fixed_8_no_screening,Fixed 8% APR + no screening
Fin_fixed_8_no_screening_2,fixed_8,none,6472693.145488735,5000000.0,6472693.145486778,1472693.1454867776,0.0,0.0,8.0,0.0,3549,3549,782,0.22034375880529727,124312554.990107,1484366.4507981595,0.01194059965154998,0.2968732901596319,0,4257,709098,medium_default,5000000.0,fixed_8_no_screening,Fixed 8% APR + no screening
Fin_fixed_8_no_screening_3,fixed_8,none,6337058.662221221,5000000.0,6337058.66221889,1337058.6622188902,0.0,0.0,8.0,0.0,3400,3400,797,0.23441176470588235,119271694.73320231,1510753.4368768663,0.012666487553951973,0.30215068737537326,0,4257,709098,medium_default,5000000.0,fixed_8_no_screening,Fixed 8% APR + no screening
Fin_fixed_8_no_screening_1,fixed_8,none,4937704.431179691,5000000.0,4937704.431178439,-62295.56882156059,62295.56882156059,0.012459113764312118,8.0,0.0,3471,3471,1223,0.35234802650532987,121448069.58839233,3069597.7051037573,0.02527498144274449,0.6139195410207514,0,4279,709098,high_default,5000000.0,fixed_8_no_screening,Fixed 8% APR + no screening
Fin_fixed_8_no_screening_2,fixed_8,none,4915860.083701104,5000000.0,4915860.083702518,-84139.91629748233,84139.91629748233,0.016827983259496464,8.0,0.0,3507,3507,1261,0.35956658112346734,123292116.41872033,3120833.9318845174,0.025312518127968957,0.6241667863769035,0,4279,709098,high_default,5000000.0,fixed_8_no_screening,Fixed 8% APR + no screening
Fin_fixed_8_no_screening_3,fixed_8,none,4873422.5340507645,5000000.0,4873422.534050059,-126577.46594994143,126577.46594994143,0.025315493189988287,8.0,0.0,3410,3410,1242,0.36422287390029323,119465957.98763935,3089519.2171361707,0.025861084355560355,0.6179038434272341,0,4279,709098,high_default,5000000.0,fixed_8_no_screening,Fixed 8% APR + no screening
Fin_fixed_8_no_screening_1,fixed_8,none,12716324.638378495,10000000.0,12716324.638375834,2716324.6383758336,0.0,0.0,8.0,0.0,3441,3441,0,0.0,120173359.58098756,0.0,0.0,0.0,0,4248,709098,none_default,10000000.0,fixed_8_no_screening,Fixed 8% APR + no screening
Fin_fixed_8_no_screening_2,fixed_8,none,12826462.330172408,10000000.0,12826462.330174785,2826462.330174785,0.0,0.0,8.0,0.0,3565,3565,0,0.0,125183160.88608837,0.0,0.0,0.0,0,4248,709098,none_default,10000000.0,fixed_8_no_screening,Fixed 8% APR + no screening
Fin_fixed_8_no_screening_3,fixed_8,none,12679541.20254204,10000000.0,12679541.202550361,2679541.202550361,0.0,0.0,8.0,0.0,3383,3383,0,0.0,118260999.38847575,0.0,0.0,0.0,0,4248,709098,none_default,10000000.0,fixed_8_no_screening,Fixed 8% APR + no screening
Fin_fixed_8_no_screening_1,fixed_8,none,12099625.839054797,10000000.0,12099625.839057464,2099625.839057464,0.0,0.0,8.0,0.0,3403,3403,446,0.13106082868057597,118994060.56213792,677040.8436735226,0.005689702834537496,0.06770408436735226,0,4267,709098,low_default,10000000.0,fixed_8_no_screening,Fixed 8% APR + no screening
Fin_fixed_8_no_screening_2,fixed_8,none,12204042.648965247,10000000.0,12204042.648967065,2204042.648967065,0.0,0.0,8.0,0.0,3510,3510,440,0.12535612535612536,123186288.35456583,653790.8286708235,0.005307334423365562,0.06537908286708234,0,4267,709098,low_default,10000000.0,fixed_8_no_screening,Fixed 8% APR + no screening
Fin_fixed_8_no_screening_3,fixed_8,none,12183886.914167127,10000000.0,12183886.91417382,2183886.914173819,0.0,0.0,8.0,0.0,3493,3493,447,0.12797022616661896,121820805.42701082,652913.5024592015,0.005359622276101236,0.06529135024592014,0,4267,709098,low_default,10000000.0,fixed_8_no_screening,Fixed 8% APR + no screening
Fin_fixed_8_no_screening_1,fixed_8,none,11360304.634648114,10000000.0,11360304.634647213,1360304.634647213,0.0,0.0,8.0,0.0,3429,3429,796,0.2321376494604841,119685332.5078754,1503070.7523280384,0.012558520921760694,0.15030707523280384,0,4257,709098,medium_default,10000000.0,fixed_8_no_screening,Fixed 8% APR + no screening
Fin_fixed_8_no_screening_2,fixed_8,none,11472693.145485768,10000000.0,11472693.145486778,1472693.1454867776,0.0,0.0,8.0,0.0,3549,3549,782,0.22034375880529727,124312554.990107,1484366.4507981595,0.01194059965154998,0.14843664507981594,0,4257,709098,medium_default,10000000.0,fixed_8_no_screening,Fixed 8% APR + no screening
Fin_fixed_8_no_screening_3,fixed_8,none,11337058.662224121,10000000.0,11337058.66221889,1337058.6622188892,0.0,0.0,8.0,0.0,3400,3400,797,0.23441176470588235,119271694.73320231,1510753.4368768663,0.012666487553951973,0.15107534368768663,0,4257,709098,medium_default,10000000.0,fixed_8_no_screening,Fixed 8% APR + no screening
Fin_fixed_8_no_screening_1,fixed_8,none,9937704.431179812,10000000.0,9937704.431178441,-62295.56882155873,62295.56882155873,0.0062295568821558725,8.0,0.0,3471,3471,1223,0.35234802650532987,121448069.58839233,3069597.7051037573,0.02527498144274449,0.3069597705103757,0,4279,709098,high_default,10000000.0,fixed_8_no_screening,Fixed 8% APR + no screening
Fin_fixed_8_no_screening_2,fixed_8,none,9915860.083697453,10000000.0,9915860.083702518,-84139.91629748233,84139.91629748233,0.008413991629748232,8.0,0.0,3507,3507,1261,0.35956658112346734,123292116.41872033,3120833.9318845174,0.025312518127968957,0.31208339318845174,0,4279,709098,high_default,10000000.0,fixed_8_no_screening,Fixed 8% APR + no screening
Fin_fixed_8_no_screening_3,fixed_8,none,9873422.534049783,10000000.0,9873422.534050059,-126577.46594994143,126577.46594994143,0.012657746594994143,8.0,0.0,3410,3410,1242,0.36422287390029323,119465957.98763935,3089519.2171361707,0.025861084355560355,0.3089519217136171,0,4279,709098,high_default,10000000.0,fixed_8_no_screening,Fixed 8% APR + no screening
Fin_fixed_10_no_screening_1,fixed_10,none,2948998.9270927915,1000000.0,2948998.927092763,1948998.9270927631,0.0,0.0,10.0,0.0,2124,2124,0,0.0,68282917.51866396,0.0,0.0,0.0,0,4250,709098,none_default,1000000.0,fixed_10_no_screening,Fixed 10% APR + no screening
Fin_fixed_10_no_screening_2,fixed_10,none,2955619.8730585393,1000000.0,2955619.873058609,1955619.8730586092,0.0,0.0,10.0,0.0,2139,2139,0,0.0,68809912.79471472,0.0,0.0,0.0,0,4250,709098,none_default,1000000.0,fixed_10_no_screening,Fixed 10% APR + no screening
Fin_fixed_10_no_screening_3,fixed_10,none,2952749.0991194434,1000000.0,2952749.099119653,1952749.099119653,0.0,0.0,10.0,0.0,2124,2124,0,0.0,68393048.7193411,0.0,0.0,0.0,0,4250,709098,none_default,1000000.0,fixed_10_no_screening,Fixed 10% APR + no screening
Fin_fixed_10_no_screening_1,fixed_10,none,2344100.22858307,1000000.0,2344100.2285831296,1344100.2285831296,0.0,0.0,10.0,0.0,1869,1869,244,0.13055109684323168,59072470.70074878,382149.5128515865,0.006469164203195289,0.3821495128515865,0,4238,709098,low_default,1000000.0,fixed_10_no_screening,Fixed 10% APR + no screening
Fin_fixed_10_no_screening_2,fixed_10,none,2372386.7922202707,1000000.0,2372386.7922201836,1372386.7922201836,0.0,0.0,10.0,0.0,1873,1873,238,0.12706887346502937,59152166.538821355,368890.503679459,0.006236297421791938,0.36889050367945897,0,4238,709098,low_default,1000000.0,fixed_10_no_screening,Fixed 10% APR + no screening
Fin_fixed_10_no_screening_3,fixed_10,none,2300656.935442283,1000000.0,2300656.93544218,1300656.93544218,0.0,0.0,10.0,0.0,1858,1858,259,0.13939720129171151,58022012.72430898,404079.9354944701,0.00696425229876895,0.40407993549447013,0,4238,709098,low_default,1000000.0,fixed_10_no_screening,Fixed 10% APR + no screening
Fin_fixed_10_no_screening_1,fixed_10,none,1715782.4134004677,1000000.0,1715782.41340048,715782.41340048,0.0,0.0,10.0,0.0,1614,1614,407,0.25216852540272616,48485987.25148549,763266.2301475069,0.015741996263551845,0.7632662301475069,0,4253,709098,medium_default,1000000.0,fixed_10_no_screening,Fixed 10% APR + no screening
Fin_fixed_10_no_screening_2,fixed_10,none,1768501.8971788755,1000000.0,1768501.897178866,768501.897178866,0.0,0.0,10.0,0.0,1633,1633,384,0.23515003061849357,49718447.91753132,723002.406274058,0.014541934363544739,0.7230024062740581,0,4253,709098,medium_default,1000000.0,fixed_10_no_screening,Fixed 10% APR + no screening
Fin_fixed_10_no_screening_3,fixed_10,none,1793929.4035172686,1000000.0,1793929.4035171717,793929.4035171717,0.0,0.0,10.0,0.0,1643,1643,373,0.22702373706634205,49870022.580532,698805.9421890533,0.014012545132912162,0.6988059421890532,0,4253,709098,medium_default,1000000.0,fixed_10_no_screening,Fixed 10% APR + no screening
Fin_fixed_10_no_screening_1,fixed_10,none,1167054.3253299443,1000000.0,1167054.3253299412,167054.32532994123,0.0,0.0,10.0,0.0,1339,1339,473,0.3532486930545183,38730643.62163122,1038913.0026798026,0.02682405727178687,1.0389130026798026,0,4262,709098,high_default,1000000.0,fixed_10_no_screening,Fixed 10% APR + no screening
Fin_fixed_10_no_screening_2,fixed_10,none,1111134.003378925,1000000.0,1111134.0033789135,111134.0033789135,0.0,0.0,10.0,0.0,1363,1363,494,0.36243580337490827,39542995.55978705,1111433.6628216242,0.028106966786094683,1.1114336628216241,0,4262,709098,high_default,1000000.0,fixed_10_no_screening,Fixed 10% APR + no screening
Fin_fixed_10_no_screening_3,fixed_10,none,1129706.7228180214,1000000.0,1129706.7228179986,129706.72281799861,0.0,0.0,10.0,0.0,1333,1333,472,0.35408852213053266,38819665.63325624,1075209.3087595187,0.027697541728396613,1.0752093087595187,0,4262,709098,high_default,1000000.0,fixed_10_no_screening,Fixed 10% APR + no screening
Fin_fixed_10_no_screening_1,fixed_10,none,8421652.280710602,5000000.0,8421652.280710053,3421652.2807100527,0.0,0.0,10.0,0.0,3441,3441,0,0.0,120173359.58098756,0.0,0.0,0.0,0,4250,709098,none_default,5000000.0,fixed_10_no_screening,Fixed 10% APR + no screening
Fin_fixed_10_no_screening_2,fixed_10,none,8560363.828334728,5000000.0,8560363.828333262,3560363.8283332624,0.0,0.0,10.0,0.0,3565,3565,0,0.0,125183160.88608837,0.0,0.0,0.0,0,4250,709098,none_default,5000000.0,fixed_10_no_screening,Fixed 10% APR + no screening
Fin_fixed_10_no_screening_3,fixed_10,none,8375400.773063718,5000000.0,8375400.773061908,3375400.773061908,0.0,0.0,10.0,0.0,3383,3383,0,0.0,118260999.38847575,0.0,0.0,0.0,0,4250,709098,none_default,5000000.0,fixed_10_no_screening,Fixed 10% APR + no screening
Fin_fixed_10_no_screening_1,fixed_10,none,7706533.462979964,5000000.0,7706533.462977769,2706533.462977769,0.0,0.0,10.0,0.0,3403,3403,446,0.13106082868057597,118994060.56213792,791809.6900343946,0.00665419506060907,0.15836193800687892,0,4267,709098,low_default,5000000.0,fixed_10_no_screening,Fixed 10% APR + no screening
Fin_fixed_10_no_screening_2,fixed_10,none,7837790.567849814,5000000.0,7837790.567848267,2837790.567848267,0.0,0.0,10.0,0.0,3510,3510,440,0.12535612535612536,123186288.35456583,762655.9319009464,0.006191078098771851,0.15253118638018928,0,4267,709098,low_default,5000000.0,fixed_10_no_screening,Fixed 10% APR + no screening
Fin_fixed_10_no_screening_3,fixed_10,none,7810169.27665505,5000000.0,7810169.276655206,2810169.2766552065,0.0,0.0,10.0,0.0,3493,3493,447,0.12797022616661896,121820805.42701082,763901.5480536199,0.006270698550842476,0.15278030961072397,0,4267,709098,low_default,5000000.0,fixed_10_no_screening,Fixed 10% APR + no screening
Fin_fixed_10_no_screening_1,fixed_10,none,6902951.899844477,5000000.0,6902951.8998439815,1902951.8998439815,0.0,0.0,10.0,0.0,3429,3429,796,0.2321376494604841,119685332.5078754,1705054.274068466,0.014246142266064823,0.3410108548136932,0,4257,709098,medium_default,5000000.0,fixed_10_no_screening,Fixed 10% APR + no screening
Fin_fixed_10_no_screening_2,fixed_10,none,7041723.249618812,5000000.0,7041723.249617051,2041723.2496170513,0.0,0.0,10.0,0.0,3549,3549,782,0.22034375880529727,124312554.990107,1684192.423567407,0.013548047690769753,0.33683848471348143,0,4257,709098,medium_default,5000000.0,fixed_10_no_screening,Fixed 10% APR + no screening
Fin_fixed_10_no_screening_3,fixed_10,none,6873918.468786482,5000000.0,6873918.468784228,1873918.468784228,0.0,0.0,10.0,0.0,3400,3400,797,0.23441176470588235,119271694.73320231,1714415.2227584983,0.014374032553100356,0.34288304455169966,0,4257,709098,medium_default,5000000.0,fixed_10_no_screening,Fixed 10% APR + no screening
Fin_fixed_10_no_screening_1,fixed_10,none,5401422.9175001355,5000000.0,5401422.917499213,401422.91749921255,0.0,0.0,10.0,0.0,3471,3471,1223,0.35234802650532987,121448069.58839233,3388394.1225301265,0.027899942205865905,0.6776788245060253,0,4279,709098,high_default,5000000.0,fixed_10_no_screening,Fixed 10% APR + no screening
Fin_fixed_10_no_screening_2,fixed_10,none,5379354.745342436,5000000.0,5379354.745343665,379354.74534366466,0.0,0.0,10.0,0.0,3507,3507,1261,0.35956658112346734,123292116.41872033,3447328.363809792,0.02796065526284014,0.6894656727619584,0,4279,709098,high_default,5000000.0,fixed_10_no_screening,Fixed 10% APR + no screening
Fin_fixed_10_no_screening_3,fixed_10,none,5321118.72627717,5000000.0,5321118.726276498,321118.7262764983,0.0,0.0,10.0,0.0,3410,3410,1242,0.36422287390029323,119465957.98763935,3412826.108960498,0.02856735229389454,0.6825652217920997,0,4279,709098,high_default,5000000.0,fixed_10_no_screening,Fixed 10% APR + no screening
Fin_fixed_10_no_screening_1,fixed_10,none,13421652.280709932,10000000.0,13421652.280710053,3421652.2807100527,0.0,0.0,10.0,0.0,3441,3441,0,0.0,120173359.58098756,0.0,0.0,0.0,0,4250,709098,none_default,10000000.0,fixed_10_no_screening,Fixed 10% APR + no screening
Fin_fixed_10_no_screening_2,fixed_10,none,13560363.828330582,10000000.0,13560363.828333262,3560363.8283332624,0.0,0.0,10.0,0.0,3565,3565,0,0.0,125183160.88608837,0.0,0.0,0.0,0,4250,709098,none_default,10000000.0,fixed_10_no_screening,Fixed 10% APR + no screening
Fin_fixed_10_no_screening_3,fixed_10,none,13375400.77305056,10000000.0,13375400.773061909,3375400.773061909,0.0,0.0,10.0,0.0,3383,3383,0,0.0,118260999.38847575,0.0,0.0,0.0,0,4250,709098,none_default,10000000.0,fixed_10_no_screening,Fixed 10% APR + no screening
Fin_fixed_10_no_screening_1,fixed_10,none,12706533.462978562,10000000.0,12706533.462977769,2706533.462977769,0.0,0.0,10.0,0.0,3403,3403,446,0.13106082868057597,118994060.56213792,791809.6900343946,0.00665419506060907,0.07918096900343946,0,4267,709098,low_default,10000000.0,fixed_10_no_screening,Fixed 10% APR + no screening
Fin_fixed_10_no_screening_2,fixed_10,none,12837790.567848578,10000000.0,12837790.567848267,2837790.567848267,0.0,0.0,10.0,0.0,3510,3510,440,0.12535612535612536,123186288.35456583,762655.9319009464,0.006191078098771851,0.07626559319009464,0,4267,709098,low_default,10000000.0,fixed_10_no_screening,Fixed 10% APR + no screening
Fin_fixed_10_no_screening_3,fixed_10,none,12810169.276649747,10000000.0,12810169.276655206,2810169.2766552065,0.0,0.0,10.0,0.0,3493,3493,447,0.12797022616661896,121820805.42701082,763901.5480536199,0.006270698550842476,0.07639015480536199,0,4267,709098,low_default,10000000.0,fixed_10_no_screening,Fixed 10% APR + no screening
Fin_fixed_10_no_screening_1,fixed_10,none,11902951.899842897,10000000.0,11902951.899843981,1902951.8998439815,0.0,0.0,10.0,0.0,3429,3429,796,0.2321376494604841,119685332.5078754,1705054.274068466,0.014246142266064823,0.1705054274068466,0,4257,709098,medium_default,10000000.0,fixed_10_no_screening,Fixed 10% APR + no screening
Fin_fixed_10_no_screening_2,fixed_10,none,12041723.24961574,10000000.0,12041723.249617051,2041723.2496170513,0.0,0.0,10.0,0.0,3549,3549,782,0.22034375880529727,124312554.990107,1684192.423567407,0.013548047690769753,0.16841924235674072,0,4257,709098,medium_default,10000000.0,fixed_10_no_screening,Fixed 10% APR + no screening
Fin_fixed_10_no_screening_3,fixed_10,none,11873918.468786096,10000000.0,11873918.468784228,1873918.468784228,0.0,0.0,10.0,0.0,3400,3400,797,0.23441176470588235,119271694.73320231,1714415.2227584983,0.014374032553100356,0.17144152227584983,0,4257,709098,medium_default,10000000.0,fixed_10_no_screening,Fixed 10% APR + no screening
Fin_fixed_10_no_screening_1,fixed_10,none,10401422.91750032,10000000.0,10401422.917499213,401422.91749921255,0.0,0.0,10.0,0.0,3471,3471,1223,0.35234802650532987,121448069.58839233,3388394.1225301265,0.027899942205865905,0.3388394122530127,0,4279,709098,high_default,10000000.0,fixed_10_no_screening,Fixed 10% APR + no screening
Fin_fixed_10_no_screening_2,fixed_10,none,10379354.745338274,10000000.0,10379354.745343665,379354.74534366466,0.0,0.0,10.0,0.0,3507,3507,1261,0.35956658112346734,123292116.41872033,3447328.363809792,0.02796065526284014,0.3447328363809792,0,4279,709098,high_default,10000000.0,fixed_10_no_screening,Fixed 10% APR + no screening
Fin_fixed_10_no_screening_3,fixed_10,none,10321118.726276021,10000000.0,10321118.726276498,321118.7262764983,0.0,0.0,10.0,0.0,3410,3410,1242,0.36422287390029323,119465957.98763935,3412826.108960498,0.02856735229389454,0.34128261089604983,0,4279,709098,high_default,10000000.0,fixed_10_no_screening,Fixed 10% APR + no screening
Fin_rl_apr_isolated_screening_1,pure_rl,rl,4462068.903002107,1000000.0,4462068.903002407,3462068.9030024074,0.0,0.0,6.0,0.0,2246,2246,0,0.0,72888214.55899659,0.0,0.0,0.0,0,4257,436570,none_default,1000000.0,rl_apr_isolated_screening,RL APR + isolated RL screening
Fin_rl_apr_isolated_screening_2,pure_rl,rl,4093816.727086309,1000000.0,4093816.7270862754,3093816.7270862754,0.0,0.0,6.0,0.0,1947,1947,0,0.0,65764490.027500115,0.0,0.0,0.0,0,4257,436570,none_default,1000000.0,rl_apr_isolated_screening,RL APR + isolated RL screening
Fin_rl_apr_isolated_screening_3,pure_rl,rl,8185907.620083338,1000000.0,8185907.620081561,7185907.620081561,0.0,0.0,6.0,0.0,3389,3389,0,0.0,117559998.33330561,0.0,0.0,0.0,0,4257,436570,none_default,1000000.0,rl_apr_isolated_screening,RL APR + isolated RL screening
Fin_rl_apr_isolated_screening_1,pure_rl,rl,4550351.532443391,1000000.0,4550351.532443678,3550351.532443678,0.0,0.0,6.0,0.0,1794,1794,40,0.022296544035674472,61470114.70234504,76864.71290961638,0.0012504403689795628,0.07686471290961638,0,4267,436570,low_default,1000000.0,rl_apr_isolated_screening,RL APR + isolated RL screening
Fin_rl_apr_isolated_screening_2,pure_rl,rl,5410176.335133394,1000000.0,5410176.335133522,4410176.335133522,0.0,0.0,6.0,0.0,2476,2476,41,0.016558966074313407,84279120.76588732,82884.05496394781,0.0009834470769359974,0.08288405496394781,0,4267,436570,low_default,1000000.0,rl_apr_isolated_screening,RL APR + isolated RL screening
Fin_rl_apr_isolated_screening_3,pure_rl,rl,4968679.402367857,1000000.0,4968679.40236798,3968679.40236798,0.0,0.0,6.0,0.0,1986,1986,54,0.027190332326283987,67431908.97118525,108975.87674739095,0.0016160876714013555,0.10897587674739095,0,4267,436570,low_default,1000000.0,rl_apr_isolated_screening,RL APR + isolated RL screening
Fin_rl_apr_isolated_screening_1,pure_rl,rl,3217040.9476215676,1000000.0,3217040.9476217967,2217040.9476217967,0.0,0.0,14.0,0.0,1277,1277,96,0.07517619420516837,42706818.7604996,215061.40480606546,0.005035762696634761,0.21506140480606545,0,4260,436570,medium_default,1000000.0,rl_apr_isolated_screening,RL APR + isolated RL screening
Fin_rl_apr_isolated_screening_2,pure_rl,rl,3953934.296211508,1000000.0,3953934.29621128,2953934.29621128,0.0,0.0,12.0,0.0,1557,1557,52,0.033397559409120106,53453044.02939176,131772.86208347362,0.0024652078188665333,0.1317728620834736,0,4260,436570,medium_default,1000000.0,rl_apr_isolated_screening,RL APR + isolated RL screening
Fin_rl_apr_isolated_screening_3,pure_rl,rl,5102221.749072873,1000000.0,5102221.749072723,4102221.749072723,0.0,0.0,6.0,0.0,1922,1922,24,0.012486992715920915,65860631.33338355,55016.06821792123,0.0008353407354908636,0.05501606821792123,0,4260,436570,medium_default,1000000.0,rl_apr_isolated_screening,RL APR + isolated RL screening
Fin_rl_apr_isolated_screening_1,pure_rl,rl,2736669.794681296,1000000.0,2736669.7946810853,1736669.7946810853,0.0,0.0,7.0,0.0,1286,1286,84,0.06531881804043546,44379436.5165759,277743.30210618064,0.006258378291992111,0.27774330210618065,0,4242,436570,high_default,1000000.0,rl_apr_isolated_screening,RL APR + isolated RL screening
Fin_rl_apr_isolated_screening_2,pure_rl,rl,3017015.0834371755,1000000.0,3017015.083437382,2017015.0834373818,0.0,0.0,7.0,0.0,1615,1615,226,0.13993808049535603,54098237.1869682,507252.54758719663,0.00937650788572071,0.5072525475871966,0,4242,436570,high_default,1000000.0,rl_apr_isolated_screening,RL APR + isolated RL screening
Fin_rl_apr_isolated_screening_3,pure_rl,rl,5609200.271734817,1000000.0,5609200.271734531,4609200.271734531,0.0,0.0,17.0,0.0,2510,2510,106,0.04223107569721116,86137901.12821153,320035.73900635156,0.0037153881719267337,0.32003573900635157,0,4242,436570,high_default,1000000.0,rl_apr_isolated_screening,RL APR + isolated RL screening
Fin_rl_apr_isolated_screening_1,pure_rl,rl,11018549.703862617,5000000.0,11018549.703861387,6018549.703861387,0.0,0.0,6.0,0.0,4394,4394,0,0.0,154859912.7779873,0.0,0.0,0.0,0,4245,436570,none_default,5000000.0,rl_apr_isolated_screening,RL APR + isolated RL screening
Fin_rl_apr_isolated_screening_2,pure_rl,rl,12219651.176398696,5000000.0,12219651.176400777,7219651.176400777,0.0,0.0,6.0,0.0,5578,5578,0,0.0,193610550.33284605,0.0,0.0,0.0,0,4245,436570,none_default,5000000.0,rl_apr_isolated_screening,RL APR + isolated RL screening
Fin_rl_apr_isolated_screening_3,pure_rl,rl,5484758.325796866,5000000.0,5484758.325798208,484758.3257982079,0.0,0.0,22.0,0.0,416,416,0,0.0,14649641.095309354,0.0,0.0,0.0,0,4245,436570,none_default,5000000.0,rl_apr_isolated_screening,RL APR + isolated RL screening
Fin_rl_apr_isolated_screening_1,pure_rl,rl,8817544.458489487,5000000.0,8817544.458489517,3817544.4584895167,0.0,0.0,14.0,0.0,2744,2744,118,0.043002915451895045,95864306.86632371,231762.69497591705,0.002417611961656328,0.046352538995183414,0,4253,436570,low_default,5000000.0,rl_apr_isolated_screening,RL APR + isolated RL screening
Fin_rl_apr_isolated_screening_2,pure_rl,rl,9202123.84251747,5000000.0,9202123.84251929,4202123.842519291,0.0,0.0,9.0,0.0,3216,3216,240,0.07462686567164178,112625294.2686163,460386.1790266603,0.0040877689334033514,0.09207723580533206,0,4253,436570,low_default,5000000.0,rl_apr_isolated_screening,RL APR + isolated RL screening
Fin_rl_apr_isolated_screening_3,pure_rl,rl,10877886.551931454,5000000.0,10877886.55193257,5877886.55193257,0.0,0.0,11.0,0.0,3365,3365,71,0.02109955423476969,117475624.49011436,163885.56236159836,0.0013950601503326286,0.032777112472319674,0,4253,436570,low_default,5000000.0,rl_apr_isolated_screening,RL APR + isolated RL screening
Fin_rl_apr_isolated_screening_1,pure_rl,rl,8341514.1930539375,5000000.0,8341514.193054684,3341514.1930546844,0.0,0.0,18.0,0.0,2405,2405,202,0.083991683991684,83713363.0178049,487284.8036785733,0.00582087239255856,0.09745696073571465,0,4252,436570,medium_default,5000000.0,rl_apr_isolated_screening,RL APR + isolated RL screening
Fin_rl_apr_isolated_screening_2,pure_rl,rl,8774251.394696081,5000000.0,8774251.394693976,3774251.3946939763,0.0,0.0,16.0,0.0,2646,2646,106,0.0400604686318972,91918850.51203117,247182.21558045896,0.002689135190480929,0.04943644311609179,0,4252,436570,medium_default,5000000.0,rl_apr_isolated_screening,RL APR + isolated RL screening
Fin_rl_apr_isolated_screening_3,pure_rl,rl,10416158.672781222,5000000.0,10416158.672782008,5416158.672782008,0.0,0.0,15.0,0.0,2932,2932,72,0.02455661664392906,102745812.64644879,174917.86809623687,0.00170243305873821,0.03498357361924737,0,4252,436570,medium_default,5000000.0,rl_apr_isolated_screening,RL APR + isolated RL screening
Fin_rl_apr_isolated_screening_1,pure_rl,rl,6619797.841897175,5000000.0,6619797.841898182,1619797.8418981824,0.0,0.0,13.0,0.0,1504,1504,190,0.12632978723404256,52425385.9557579,637312.1950825661,0.012156557047007679,0.12746243901651322,0,4238,436570,high_default,5000000.0,rl_apr_isolated_screening,RL APR + isolated RL screening
Fin_rl_apr_isolated_screening_2,pure_rl,rl,8226655.704515956,5000000.0,8226655.704518159,3226655.704518159,0.0,0.0,16.0,0.0,2522,2522,263,0.10428231562252181,88167261.91927925,706613.757349095,0.008014468658400994,0.14132275146981899,0,4238,436570,high_default,5000000.0,rl_apr_isolated_screening,RL APR + isolated RL screening
Fin_rl_apr_isolated_screening_3,pure_rl,rl,9473223.79096281,5000000.0,9473223.79096476,4473223.79096476,0.0,0.0,18.0,0.0,2381,2381,76,0.031919361612767747,83262064.04882866,228529.96958825784,0.002744706994703344,0.045705993917651566,0,4238,436570,high_default,5000000.0,rl_apr_isolated_screening,RL APR + isolated RL screening
Fin_rl_apr_isolated_screening_1,pure_rl,rl,14351713.761651978,10000000.0,14351713.761649031,4351713.761649031,0.0,0.0,14.0,0.0,3412,3412,0,0.0,119573050.83228917,0.0,0.0,0.0,0,4255,436570,none_default,10000000.0,rl_apr_isolated_screening,RL APR + isolated RL screening
Fin_rl_apr_isolated_screening_2,pure_rl,rl,18530593.85666871,10000000.0,18530593.856665578,8530593.856665578,0.0,0.0,16.0,0.0,6425,6425,0,0.0,224241429.93644443,0.0,0.0,0.0,0,4255,436570,none_default,10000000.0,rl_apr_isolated_screening,RL APR + isolated RL screening
Fin_rl_apr_isolated_screening_3,pure_rl,rl,10699765.816923372,10000000.0,10699765.816920806,699765.8169208057,0.0,0.0,22.0,0.0,546,546,0,0.0,18915436.041698992,0.0,0.0,0.0,0,4255,436570,none_default,10000000.0,rl_apr_isolated_screening,RL APR + isolated RL screening
Fin_rl_apr_isolated_screening_1,pure_rl,rl,12650812.308835698,10000000.0,12650812.30883508,2650812.30883508,0.0,0.0,16.0,0.0,2086,2086,176,0.08437200383509108,73019873.013348,382779.59485488775,0.005242129013082724,0.038277959485488774,0,4250,436570,low_default,10000000.0,rl_apr_isolated_screening,RL APR + isolated RL screening
Fin_rl_apr_isolated_screening_2,pure_rl,rl,14976472.988710156,10000000.0,14976472.98870743,4976472.988707431,0.0,0.0,10.0,0.0,3372,3372,279,0.08274021352313167,119186463.71937442,468415.5733038787,0.003930107150479498,0.04684155733038787,0,4250,436570,low_default,10000000.0,rl_apr_isolated_screening,RL APR + isolated RL screening
Fin_rl_apr_isolated_screening_3,pure_rl,rl,16718829.33509189,10000000.0,16718829.335089056,6718829.335089056,0.0,0.0,20.0,0.0,3813,3813,52,0.013637555730396014,133528644.38710776,124340.9326321123,0.0009311929526644506,0.012434093263211229,0,4250,436570,low_default,10000000.0,rl_apr_isolated_screening,RL APR + isolated RL screening
Fin_rl_apr_isolated_screening_1,pure_rl,rl,15765413.34197457,10000000.0,15765413.34197192,5765413.341971921,0.0,0.0,22.0,0.0,3333,3333,137,0.0411041104110411,116323091.11108014,356320.97159976035,0.0030632006783545634,0.035632097159976034,0,4264,436570,medium_default,10000000.0,rl_apr_isolated_screening,RL APR + isolated RL screening
Fin_rl_apr_isolated_screening_2,pure_rl,rl,10409909.752842149,10000000.0,10409909.752842586,409909.7528425865,0.0,0.0,27.0,0.0,602,602,127,0.21096345514950166,20979479.818167415,280226.03543297935,0.013357148883658902,0.028022603543297935,0,4264,436570,medium_default,10000000.0,rl_apr_isolated_screening,RL APR + isolated RL screening
Fin_rl_apr_isolated_screening_3,pure_rl,rl,16393154.359552938,10000000.0,16393154.359552013,6393154.359552013,0.0,0.0,14.0,0.0,3212,3212,70,0.021793275217932753,111959091.80300397,182464.7932970374,0.0016297452074556906,0.01824647932970374,0,4264,436570,medium_default,10000000.0,rl_apr_isolated_screening,RL APR + isolated RL screening
Fin_rl_apr_isolated_screening_1,pure_rl,rl,13630965.354693888,10000000.0,13630965.35469655,3630965.3546965495,0.0,0.0,10.0,0.0,2259,2259,176,0.07791057990261177,79215532.168256,577746.8885476511,0.007293353623131643,0.05777468885476511,0,4241,436570,high_default,10000000.0,rl_apr_isolated_screening,RL APR + isolated RL screening
Fin_rl_apr_isolated_screening_2,pure_rl,rl,12728037.842228401,10000000.0,12728037.842221119,2728037.8422211185,0.0,0.0,20.0,0.0,2000,2000,210,0.105,69984350.82333793,540630.8946537564,0.007725025499178743,0.05406308946537564,0,4241,436570,high_default,10000000.0,rl_apr_isolated_screening,RL APR + isolated RL screening
Fin_rl_apr_isolated_screening_3,pure_rl,rl,13067128.305910762,10000000.0,13067128.305911953,3067128.3059119526,0.0,0.0,9.0,0.0,1808,1808,98,0.05420353982300885,63538237.25868876,296236.7272504097,0.0046623378304361095,0.029623672725040972,0,4241,436570,high_default,10000000.0,rl_apr_isolated_screening,RL APR + isolated RL screening
Fin_rl_apr_fl_rl_screening_1,pure_rl,fl_rl,4824662.281107924,1000000.0,4824662.281107701,3824662.2811077014,0.0,0.0,6.0,0.0,2451,2451,0,0.0,79790971.38638054,0.0,0.0,0.0,0,4249,436570,none_default,1000000.0,rl_apr_fl_rl_screening,RL APR + FL-RL (FedAvg) screening
Fin_rl_apr_fl_rl_screening_2,pure_rl,fl_rl,6103888.723921121,1000000.0,6103888.723921161,5103888.723921161,0.0,0.0,6.0,0.0,2946,2946,0,0.0,98307392.72397956,0.0,0.0,0.0,0,4249,436570,none_default,1000000.0,rl_apr_fl_rl_screening,RL APR + FL-RL (FedAvg) screening
Fin_rl_apr_fl_rl_screening_3,pure_rl,fl_rl,4634330.648539118,1000000.0,4634330.648540251,3634330.648540251,0.0,0.0,6.0,0.0,1933,1933,0,0.0,66682119.58235477,0.0,0.0,0.0,0,4249,436570,none_default,1000000.0,rl_apr_fl_rl_screening,RL APR + FL-RL (FedAvg) screening
Fin_rl_apr_fl_rl_screening_1,pure_rl,fl_rl,4999772.913230661,1000000.0,4999772.913230838,3999772.9132308383,0.0,0.0,6.0,0.0,2014,2014,28,0.013902681231380337,69974667.62251103,53606.3725158552,0.0007660825601207984,0.0536063725158552,0,4259,436570,low_default,1000000.0,rl_apr_fl_rl_screening,RL APR + FL-RL (FedAvg) screening
Fin_rl_apr_fl_rl_screening_2,pure_rl,fl_rl,5084062.112776928,1000000.0,5084062.112777205,4084062.112777205,0.0,0.0,6.0,0.0,2233,2233,51,0.02283922973578146,77830734.92701462,107417.46983482504,0.0013801420471688368,0.10741746983482504,0,4259,436570,low_default,1000000.0,rl_apr_fl_rl_screening,RL APR + FL-RL (FedAvg) screening
Fin_rl_apr_fl_rl_screening_3,pure_rl,fl_rl,5236359.657305545,1000000.0,5236359.657305821,4236359.657305821,0.0,0.0,6.0,0.0,2445,2445,31,0.012678936605316974,81233195.05205798,60044.65581548191,0.0007391640298895362,0.06004465581548191,0,4259,436570,low_default,1000000.0,rl_apr_fl_rl_screening,RL APR + FL-RL (FedAvg) screening
Fin_rl_apr_fl_rl_screening_1,pure_rl,fl_rl,4762138.2899980005,1000000.0,4762138.289998584,3762138.2899985844,0.0,0.0,14.0,0.0,1986,1986,81,0.04078549848942598,69565317.66753739,175261.25268478104,0.0025193768757354007,0.17526125268478104,0,4252,436570,medium_default,1000000.0,rl_apr_fl_rl_screening,RL APR + FL-RL (FedAvg) screening
Fin_rl_apr_fl_rl_screening_2,pure_rl,fl_rl,2938851.728256678,1000000.0,2938851.728256673,1938851.728256673,0.0,0.0,12.0,0.0,1170,1170,113,0.09658119658119659,39030227.16024848,239210.3000793805,0.006128847241837513,0.23921030007938052,0,4252,436570,medium_default,1000000.0,rl_apr_fl_rl_screening,RL APR + FL-RL (FedAvg) screening
Fin_rl_apr_fl_rl_screening_3,pure_rl,fl_rl,6599721.122143794,1000000.0,6599721.122142915,5599721.122142915,0.0,0.0,6.0,0.0,2920,2920,46,0.015753424657534248,97918064.13381627,99168.74771348816,0.0010127727563931685,0.09916874771348816,0,4252,436570,medium_default,1000000.0,rl_apr_fl_rl_screening,RL APR + FL-RL (FedAvg) screening
Fin_rl_apr_fl_rl_screening_1,pure_rl,fl_rl,3199150.5343023795,1000000.0,3199150.5343024856,2199150.5343024856,0.0,0.0,7.0,0.0,1390,1390,83,0.05971223021582734,48189288.8162929,257915.7100567893,0.0053521377134245545,0.2579157100567893,0,4251,436570,high_default,1000000.0,rl_apr_fl_rl_screening,RL APR + FL-RL (FedAvg) screening
Fin_rl_apr_fl_rl_screening_2,pure_rl,fl_rl,3579992.2815434462,1000000.0,3579992.281543368,2579992.281543368,0.0,0.0,7.0,0.0,1702,1702,53,0.031139835487661575,58572591.26960772,127089.40808986232,0.0021697760904050485,0.12708940808986233,0,4251,436570,high_default,1000000.0,rl_apr_fl_rl_screening,RL APR + FL-RL (FedAvg) screening
Fin_rl_apr_fl_rl_screening_3,pure_rl,fl_rl,5566432.241899975,1000000.0,5566432.241900125,4566432.241900125,0.0,0.0,17.0,0.0,2459,2459,22,0.008946726311508743,84510100.89092758,62318.68350219958,0.0007374110650113977,0.06231868350219958,0,4251,436570,high_default,1000000.0,rl_apr_fl_rl_screening,RL APR + FL-RL (FedAvg) screening
Fin_rl_apr_fl_rl_screening_1,pure_rl,fl_rl,9990970.42212957,5000000.0,9990970.422128016,4990970.422128016,0.0,0.0,14.0,0.0,4087,4087,0,0.0,143556444.31492952,0.0,0.0,0.0,0,4250,436570,none_default,5000000.0,rl_apr_fl_rl_screening,RL APR + FL-RL (FedAvg) screening
Fin_rl_apr_fl_rl_screening_2,pure_rl,fl_rl,12732540.410710482,5000000.0,12732540.410707925,7732540.4107079245,0.0,0.0,14.0,0.0,5602,5602,0,0.0,195833771.53203532,0.0,0.0,0.0,0,4250,436570,none_default,5000000.0,rl_apr_fl_rl_screening,RL APR + FL-RL (FedAvg) screening
Fin_rl_apr_fl_rl_screening_3,pure_rl,fl_rl,5828032.84593575,5000000.0,5828032.845936289,828032.845936289,0.0,0.0,22.0,0.0,669,669,0,0.0,24203297.754555658,0.0,0.0,0.0,0,4250,436570,none_default,5000000.0,rl_apr_fl_rl_screening,RL APR + FL-RL (FedAvg) screening
Fin_rl_apr_fl_rl_screening_1,pure_rl,fl_rl,8387522.300258811,5000000.0,8387522.300257119,3387522.3002571194,0.0,0.0,8.0,0.0,2030,2030,79,0.03891625615763547,71498328.51062848,168991.0385206243,0.002363566282469152,0.03379820770412486,0,4230,436570,low_default,5000000.0,rl_apr_fl_rl_screening,RL APR + FL-RL (FedAvg) screening
Fin_rl_apr_fl_rl_screening_2,pure_rl,fl_rl,9460211.047835767,5000000.0,9460211.047839357,4460211.047839357,0.0,0.0,6.0,0.0,3064,3064,152,0.04960835509138381,106794626.302536,310506.349427839,0.002907509115189118,0.0621012698855678,0,4230,436570,low_default,5000000.0,rl_apr_fl_rl_screening,RL APR + FL-RL (FedAvg) screening
Fin_rl_apr_fl_rl_screening_3,pure_rl,fl_rl,10145980.817406287,5000000.0,10145980.817404093,5145980.817404093,0.0,0.0,8.0,0.0,2741,2741,42,0.015322874863188618,96216020.94549301,83213.3991111654,0.0008648601167814487,0.01664267982223308,0,4230,436570,low_default,5000000.0,rl_apr_fl_rl_screening,RL APR + FL-RL (FedAvg) screening
Fin_rl_apr_fl_rl_screening_1,pure_rl,fl_rl,7721108.31418684,5000000.0,7721108.314187843,2721108.3141878434,0.0,0.0,11.0,0.0,1546,1546,93,0.06015523932729625,53950430.49045073,256457.1683665182,0.00475357037997892,0.05129143367330364,0,4252,436570,medium_default,5000000.0,rl_apr_fl_rl_screening,RL APR + FL-RL (FedAvg) screening
Fin_rl_apr_fl_rl_screening_2,pure_rl,fl_rl,9074488.250900429,5000000.0,9074488.250904337,4074488.2509043366,0.0,0.0,9.0,0.0,2405,2405,157,0.06528066528066528,83797694.1104889,368582.80447179545,0.004398483853097578,0.07371656089435909,0,4252,436570,medium_default,5000000.0,rl_apr_fl_rl_screening,RL APR + FL-RL (FedAvg) screening
Fin_rl_apr_fl_rl_screening_3,pure_rl,fl_rl,10154556.332937479,5000000.0,10154556.332937632,5154556.332937632,0.0,0.0,15.0,0.0,3207,3207,125,0.03897723729342064,112074728.83460607,316088.8627673695,0.002820340196707829,0.0632177725534739,0,4252,436570,medium_default,5000000.0,rl_apr_fl_rl_screening,RL APR + FL-RL (FedAvg) screening
Fin_rl_apr_fl_rl_screening_1,pure_rl,fl_rl,7325285.683102854,5000000.0,7325285.683103663,2325285.683103663,0.0,0.0,23.0,0.0,1908,1908,179,0.09381551362683438,66342814.800811514,583048.2134377556,0.008788415372309823,0.11660964268755111,0,4261,436570,high_default,5000000.0,rl_apr_fl_rl_screening,RL APR + FL-RL (FedAvg) screening
Fin_rl_apr_fl_rl_screening_2,pure_rl,fl_rl,7340449.574259521,5000000.0,7340449.574257694,2340449.574257694,0.0,0.0,20.0,0.0,1721,1721,257,0.1493317838466008,60687337.113571815,662894.4904533327,0.010923110519955344,0.13257889809066653,0,4261,436570,high_default,5000000.0,rl_apr_fl_rl_screening,RL APR + FL-RL (FedAvg) screening
Fin_rl_apr_fl_rl_screening_3,pure_rl,fl_rl,9360234.8313398,5000000.0,9360234.83133778,4360234.83133778,0.0,0.0,7.0,0.0,2791,2791,67,0.024005732712289504,97253415.93268928,190381.6594008024,0.001957583264042558,0.03807633188016048,0,4261,436570,high_default,5000000.0,rl_apr_fl_rl_screening,RL APR + FL-RL (FedAvg) screening
Fin_rl_apr_fl_rl_screening_1,pure_rl,fl_rl,18150543.646376666,10000000.0,18150543.646385472,8150543.646385472,0.0,0.0,19.0,0.0,5710,5710,0,0.0,200192592.24391955,0.0,0.0,0.0,0,4263,436570,none_default,10000000.0,rl_apr_fl_rl_screening,RL APR + FL-RL (FedAvg) screening
Fin_rl_apr_fl_rl_screening_2,pure_rl,fl_rl,11778084.425971456,10000000.0,11778084.425971003,1778084.4259710032,0.0,0.0,21.0,0.0,1569,1569,0,0.0,54637518.197664626,0.0,0.0,0.0,0,4263,436570,none_default,10000000.0,rl_apr_fl_rl_screening,RL APR + FL-RL (FedAvg) screening
Fin_rl_apr_fl_rl_screening_3,pure_rl,fl_rl,14374409.243753633,10000000.0,14374409.243749993,4374409.243749993,0.0,0.0,22.0,0.0,3113,3113,0,0.0,109162830.64465518,0.0,0.0,0.0,0,4263,436570,none_default,10000000.0,rl_apr_fl_rl_screening,RL APR + FL-RL (FedAvg) screening
Fin_rl_apr_fl_rl_screening_1,pure_rl,fl_rl,13601022.348703364,10000000.0,13601022.348701606,3601022.3487016056,0.0,0.0,6.0,0.0,2153,2153,84,0.03901532745006967,74980663.69553328,186495.66764881735,0.0024872501583355178,0.018649566764881734,0,4245,436570,low_default,10000000.0,rl_apr_fl_rl_screening,RL APR + FL-RL (FedAvg) screening
Fin_rl_apr_fl_rl_screening_2,pure_rl,fl_rl,13056957.836177904,10000000.0,13056957.83617564,3056957.836175639,0.0,0.0,6.0,0.0,1842,1842,119,0.06460369163952226,64485908.48810304,225599.16010788546,0.0034984257087655995,0.022559916010788546,0,4245,436570,low_default,10000000.0,rl_apr_fl_rl_screening,RL APR + FL-RL (FedAvg) screening
Fin_rl_apr_fl_rl_screening_3,pure_rl,fl_rl,16710430.960821223,10000000.0,16710430.960817253,6710430.960817253,0.0,0.0,6.0,0.0,3328,3328,34,0.010216346153846154,116515028.30515103,69272.5396068259,0.0005945373795507495,0.00692725396068259,0,4245,436570,low_default,10000000.0,rl_apr_fl_rl_screening,RL APR + FL-RL (FedAvg) screening
Fin_rl_apr_fl_rl_screening_1,pure_rl,fl_rl,15233950.780459102,10000000.0,15233950.78045283,5233950.780452831,0.0,0.0,10.0,0.0,2831,2831,122,0.0430943129636171,99282060.25881374,341825.0182016705,0.0034429686220308372,0.03418250182016705,0,4252,436570,medium_default,10000000.0,rl_apr_fl_rl_screening,RL APR + FL-RL (FedAvg) screening
Fin_rl_apr_fl_rl_screening_2,pure_rl,fl_rl,10368669.984050639,10000000.0,10368669.984049555,368669.9840495549,0.0,0.0,27.0,0.0,384,384,89,0.23177083333333334,13693854.790107036,218494.03709235066,0.01595562684440024,0.021849403709235066,0,4252,436570,medium_default,10000000.0,rl_apr_fl_rl_screening,RL APR + FL-RL (FedAvg) screening
Fin_rl_apr_fl_rl_screening_3,pure_rl,fl_rl,17073538.282799114,10000000.0,17073538.282800302,7073538.282800302,0.0,0.0,11.0,0.0,3510,3510,73,0.020797720797720798,123466569.50188656,171693.82294100625,0.001390609811495433,0.017169382294100626,0,4252,436570,medium_default,10000000.0,rl_apr_fl_rl_screening,RL APR + FL-RL (FedAvg) screening
Fin_rl_apr_fl_rl_screening_1,pure_rl,fl_rl,12534685.854461148,10000000.0,12534685.854464322,2534685.8544643223,0.0,0.0,6.0,0.0,1876,1876,141,0.07515991471215352,65328570.75664004,493551.22445671476,0.007554906203218136,0.04935512244567147,0,4254,436570,high_default,10000000.0,rl_apr_fl_rl_screening,RL APR + FL-RL (FedAvg) screening
Fin_rl_apr_fl_rl_screening_2,pure_rl,fl_rl,10554945.833718091,10000000.0,10554945.833716348,554945.8337163478,0.0,0.0,18.0,0.0,813,813,265,0.32595325953259535,28056295.883227758,694045.73360559,0.02473761099805392,0.069404573360559,0,4254,436570,high_default,10000000.0,rl_apr_fl_rl_screening,RL APR + FL-RL (FedAvg) screening
Fin_rl_apr_fl_rl_screening_3,pure_rl,fl_rl,15869172.304692483,10000000.0,15869172.304689083,5869172.304689083,0.0,0.0,10.0,0.0,3098,3098,67,0.021626856036152355,108288176.20523195,188578.70120372606,0.0017414523709986989,0.018857870120372607,0,4254,436570,high_default,10000000.0,rl_apr_fl_rl_screening,RL APR + FL-RL (FedAvg) screening
Fin_rl_apr_no_screening_1,pure_rl,none,5365038.596403332,1000000.0,5365038.596403156,4365038.596403156,0.0,0.0,6.0,0.0,2698,2698,0,0.0,89695140.6742832,0.0,0.0,0.0,0,4255,436570,none_default,1000000.0,rl_apr_no_screening,RL APR + no screening
Fin_rl_apr_no_screening_2,pure_rl,none,5723881.830098644,1000000.0,5723881.830098465,4723881.830098465,0.0,0.0,6.0,0.0,2603,2603,0,0.0,87727923.11815085,0.0,0.0,0.0,0,4255,436570,none_default,1000000.0,rl_apr_no_screening,RL APR + no screening
Fin_rl_apr_no_screening_3,pure_rl,none,5566385.433845692,1000000.0,5566385.433846398,4566385.433846398,0.0,0.0,6.0,0.0,2686,2686,0,0.0,91575667.10229094,0.0,0.0,0.0,0,4255,436570,none_default,1000000.0,rl_apr_no_screening,RL APR + no screening
Fin_rl_apr_no_screening_1,pure_rl,none,4806475.5181194935,1000000.0,4806475.518119212,3806475.5181192122,0.0,0.0,6.0,0.0,2478,2478,157,0.06335754640839386,80426597.02871819,335103.6980971745,0.0041665781032301785,0.3351036980971745,0,4250,436570,low_default,1000000.0,rl_apr_no_screening,RL APR + no screening
Fin_rl_apr_no_screening_2,pure_rl,none,5734546.676869672,1000000.0,5734546.676869525,4734546.676869525,0.0,0.0,6.0,0.0,2461,2461,122,0.04957334416903698,87908263.59973614,260463.73562511159,0.002962903883655977,0.2604637356251116,0,4250,436570,low_default,1000000.0,rl_apr_no_screening,RL APR + no screening
Fin_rl_apr_no_screening_3,pure_rl,none,3584851.3417029693,1000000.0,3584851.341703136,2584851.341703136,0.0,0.0,6.0,0.0,2048,2048,177,0.08642578125,64616936.014653064,284110.50544041255,0.004396842731385241,0.28411050544041255,0,4250,436570,low_default,1000000.0,rl_apr_no_screening,RL APR + no screening
Fin_rl_apr_no_screening_1,pure_rl,none,3985412.0949208005,1000000.0,3985412.0949207786,2985412.0949207786,0.0,0.0,6.0,0.0,2207,2207,277,0.12550974173085636,74995775.77816015,601771.985487881,0.008024078413002105,0.601771985487881,0,4265,436570,medium_default,1000000.0,rl_apr_no_screening,RL APR + no screening
Fin_rl_apr_no_screening_2,pure_rl,none,5560370.423535172,1000000.0,5560370.423534943,4560370.423534943,0.0,0.0,6.0,0.0,2465,2465,138,0.055983772819472616,84023973.17073607,339545.8388746224,0.0040410590699474285,0.3395458388746224,0,4265,436570,medium_default,1000000.0,rl_apr_no_screening,RL APR + no screening
Fin_rl_apr_no_screening_3,pure_rl,none,5213357.609997557,1000000.0,5213357.609997644,4213357.609997644,0.0,0.0,6.0,0.0,2553,2553,233,0.09126517822169997,89171998.5799409,553563.3615934987,0.006207816023067379,0.5535633615934987,0,4265,436570,medium_default,1000000.0,rl_apr_no_screening,RL APR + no screening
Fin_rl_apr_no_screening_1,pure_rl,none,4166019.7844374664,1000000.0,4166019.7844376275,3166019.7844376275,0.0,0.0,7.0,0.0,2263,2263,326,0.14405656208572692,74819451.05403683,972830.3875781567,0.013002372696847906,0.9728303875781567,0,4275,436570,high_default,1000000.0,rl_apr_no_screening,RL APR + no screening
Fin_rl_apr_no_screening_2,pure_rl,none,2382936.8728999016,1000000.0,2382936.872899716,1382936.8728997158,0.0,0.0,6.0,0.0,1572,1572,344,0.21882951653944022,49428190.73687716,901180.3161158974,0.018232112134412982,0.9011803161158973,0,4275,436570,high_default,1000000.0,rl_apr_no_screening,RL APR + no screening
Fin_rl_apr_no_screening_3,pure_rl,none,3313828.4602034334,1000000.0,3313828.460203676,2313828.460203676,0.0,0.0,7.0,0.0,1706,1706,306,0.17936694021101993,58501535.60385169,806489.6191935997,0.013785785464757973,0.8064896191935996,0,4275,436570,high_default,1000000.0,rl_apr_no_screening,RL APR + no screening
Fin_rl_apr_no_screening_1,pure_rl,none,7948217.367500346,5000000.0,7948217.36750064,2948217.3675006405,0.0,0.0,6.0,0.0,4944,4944,0,0.0,172168800.28770518,0.0,0.0,0.0,0,4242,436570,none_default,5000000.0,rl_apr_no_screening,RL APR + no screening
Fin_rl_apr_no_screening_2,pure_rl,none,6702891.905594992,5000000.0,6702891.905594729,1702891.905594729,0.0,0.0,6.0,0.0,2890,2890,0,0.0,100804351.0995452,0.0,0.0,0.0,0,4242,436570,none_default,5000000.0,rl_apr_no_screening,RL APR + no screening
Fin_rl_apr_no_screening_3,pure_rl,none,6488460.828854212,5000000.0,6488460.828856505,1488460.8288565055,0.0,0.0,9.0,0.0,2532,2532,0,0.0,88146920.93159713,0.0,0.0,0.0,0,4242,436570,none_default,5000000.0,rl_apr_no_screening,RL APR + no screening
Fin_rl_apr_no_screening_1,pure_rl,none,6811134.418349705,5000000.0,6811134.418350484,1811134.4183504842,0.0,0.0,6.0,0.0,3826,3826,501,0.13094615786722424,133570256.35995093,648722.9264059392,0.004856791804439848,0.12974458528118782,0,4251,436570,low_default,5000000.0,rl_apr_no_screening,RL APR + no screening
Fin_rl_apr_no_screening_2,pure_rl,none,7368775.940332129,5000000.0,7368775.940331548,2368775.9403315485,0.0,0.0,6.0,0.0,4862,4862,607,0.12484574249280132,168841909.89226595,790507.4885206637,0.0046819387972160936,0.15810149770413273,0,4251,436570,low_default,5000000.0,rl_apr_no_screening,RL APR + no screening
Fin_rl_apr_no_screening_3,pure_rl,none,5827583.553060145,5000000.0,5827583.553060499,827583.553060499,0.0,0.0,7.0,0.0,1684,1684,207,0.12292161520190023,58817863.56815854,267916.3296692788,0.004555016340551295,0.05358326593385576,0,4251,436570,low_default,5000000.0,rl_apr_no_screening,RL APR + no screening
Fin_rl_apr_no_screening_1,pure_rl,none,5805762.545072367,5000000.0,5805762.545072595,805762.5450725947,0.0,0.0,7.0,0.0,3543,3543,868,0.24499012136607395,124060729.26301299,1455509.3955776435,0.011732233110543094,0.2911018791155287,0,4273,436570,medium_default,5000000.0,rl_apr_no_screening,RL APR + no screening
Fin_rl_apr_no_screening_2,pure_rl,none,5832876.470579905,5000000.0,5832876.470578284,832876.470578284,0.0,0.0,8.0,0.0,3360,3360,767,0.22827380952380952,117466254.28182116,1303927.5492032834,0.01110044375872362,0.2607855098406567,0,4273,436570,medium_default,5000000.0,rl_apr_no_screening,RL APR + no screening
Fin_rl_apr_no_screening_3,pure_rl,none,6000530.204747022,5000000.0,6000530.204745877,1000530.2047458766,0.0,0.0,7.0,0.0,3520,3520,755,0.21448863636363635,123536226.20542893,1239539.935414281,0.010033817395012898,0.2479079870828562,0,4273,436570,medium_default,5000000.0,rl_apr_no_screening,RL APR + no screening
Fin_rl_apr_no_screening_1,pure_rl,none,5011469.629541938,5000000.0,5011469.629541952,11469.629541952163,0.0,0.0,7.0,0.0,4170,4170,1445,0.34652278177458035,145578654.222781,3544824.4684632174,0.02434989172958368,0.7089648936926435,0,4264,436570,high_default,5000000.0,rl_apr_no_screening,RL APR + no screening
Fin_rl_apr_no_screening_2,pure_rl,none,4841619.476567266,5000000.0,4841619.476568516,-158380.52343148366,158380.52343148366,0.03167610468629673,8.0,0.0,3302,3302,1233,0.3734100545124167,114770606.07325046,3057939.967212511,0.02664392976421882,0.6115879934425023,0,4264,436570,high_default,5000000.0,rl_apr_no_screening,RL APR + no screening
Fin_rl_apr_no_screening_3,pure_rl,none,4905752.861917599,5000000.0,4905752.861917637,-94247.13808236271,94247.13808236271,0.01884942761647254,9.0,0.0,2926,2926,1070,0.36568694463431306,102661062.72910915,2684752.809195059,0.026151617154785284,0.5369505618390118,0,4264,436570,high_default,5000000.0,rl_apr_no_screening,RL APR + no screening
Fin_rl_apr_no_screening_1,pure_rl,none,12757774.385955613,10000000.0,12757774.385954404,2757774.3859544042,0.0,0.0,6.0,0.0,4708,4708,0,0.0,163701542.72582215,0.0,0.0,0.0,0,4235,436570,none_default,10000000.0,rl_apr_no_screening,RL APR + no screening
Fin_rl_apr_no_screening_2,pure_rl,none,12729178.662779924,10000000.0,12729178.66277312,2729178.6627731193,0.0,0.0,18.0,0.0,4627,4627,0,0.0,162439750.97205773,0.0,0.0,0.0,0,4235,436570,none_default,10000000.0,rl_apr_no_screening,RL APR + no screening
Fin_rl_apr_no_screening_3,pure_rl,none,10603614.00031542,10000000.0,10603614.000315106,603614.0003151055,0.0,0.0,10.0,0.0,1032,1032,0,0.0,35705993.11350606,0.0,0.0,0.0,0,4235,436570,none_default,10000000.0,rl_apr_no_screening,RL APR + no screening
Fin_rl_apr_no_screening_1,pure_rl,none,11490776.264458552,10000000.0,11490776.264458245,1490776.2644582447,0.0,0.0,7.0,0.0,3437,3437,466,0.13558335757928425,120335300.20063198,605726.7023639798,0.00503365763291459,0.06057267023639798,0,4294,436570,low_default,10000000.0,rl_apr_no_screening,RL APR + no screening
Fin_rl_apr_no_screening_2,pure_rl,none,11519639.361181749,10000000.0,11519639.361179354,1519639.3611793537,0.0,0.0,7.0,0.0,3462,3462,452,0.13056036972848065,120468140.36213714,565358.4861556311,0.004693012479947952,0.056535848615563114,0,4294,436570,low_default,10000000.0,rl_apr_no_screening,RL APR + no screening
Fin_rl_apr_no_screening_3,pure_rl,none,11606443.535809444,10000000.0,11606443.535808973,1606443.535808973,0.0,0.0,7.0,0.0,3490,3490,415,0.11891117478510028,122348495.90711276,506820.98429592035,0.0041424373919618914,0.05068209842959204,0,4294,436570,low_default,10000000.0,rl_apr_no_screening,RL APR + no screening
Fin_rl_apr_no_screening_1,pure_rl,none,11081475.17545117,10000000.0,11081475.175446607,1081475.1754466072,0.0,0.0,9.0,0.0,4099,4099,993,0.24225420834349842,142972087.79581022,1666771.7304098862,0.011658021898584394,0.1666771730409886,0,4266,436570,medium_default,10000000.0,rl_apr_no_screening,RL APR + no screening
Fin_rl_apr_no_screening_2,pure_rl,none,11072158.763921969,10000000.0,11072158.763919834,1072158.763919834,0.0,0.0,9.0,0.0,3732,3732,843,0.22588424437299034,129636216.92732005,1449825.936224465,0.011183803188558822,0.1449825936224465,0,4266,436570,medium_default,10000000.0,rl_apr_no_screening,RL APR + no screening
Fin_rl_apr_no_screening_3,pure_rl,none,10864138.89693438,10000000.0,10864138.896929935,864138.8969299346,0.0,0.0,7.0,0.0,2573,2573,571,0.22191993781577923,90570736.92614605,988470.0486926172,0.010913790504968992,0.09884700486926172,0,4266,436570,medium_default,10000000.0,rl_apr_no_screening,RL APR + no screening
Fin_rl_apr_no_screening_1,pure_rl,none,9910018.603363233,10000000.0,9910018.603361122,-89981.39663887769,89981.39663887769,0.008998139663887768,11.0,0.0,2608,2608,908,0.348159509202454,91306983.25062923,2148652.452774722,0.023532180960101044,0.21486524527747222,0,4268,436570,high_default,10000000.0,rl_apr_no_screening,RL APR + no screening
Fin_rl_apr_no_screening_2,pure_rl,none,9743754.84357027,10000000.0,9743754.843574475,-256245.1564255245,256245.1564255245,0.02562451564255245,8.0,0.0,4343,4343,1542,0.355054110062169,151594378.98012727,3662948.751300375,0.024162826985692894,0.3662948751300375,0,4268,436570,high_default,10000000.0,rl_apr_no_screening,RL APR + no screening
Fin_rl_apr_no_screening_3,pure_rl,none,9660475.54186227,10000000.0,9660475.541860286,-339524.45813971385,339524.45813971385,0.03395244581397139,11.0,0.0,3455,3455,1275,0.36903039073806077,120853522.6511108,3081929.059234559,0.025501358931271766,0.3081929059234559,0,4268,436570,high_default,10000000.0,rl_apr_no_screening,RL APR + no screening
Fin_fixed_6_no_screening_1,fixed_6,none,1911235.616858261,1000000.0,1911235.6168582183,911235.6168582183,0.0,0.0,6.0,0.0,1749,1749,0,0.0,53979426.01042947,0.0,0.0,0.0,0,4244,436570,none_default,1000000.0,fixed_6_no_screening,Fixed 6% APR + no screening
Fin_fixed_6_no_screening_2,fixed_6,none,1914317.9172843304,1000000.0,1914317.9172843494,914317.9172843494,0.0,0.0,6.0,0.0,1765,1765,0,0.0,54117075.49462329,0.0,0.0,0.0,0,4244,436570,none_default,1000000.0,fixed_6_no_screening,Fixed 6% APR + no screening
Fin_fixed_6_no_screening_3,fixed_6,none,1914106.962597136,1000000.0,1914106.9625970756,914106.9625970756,0.0,0.0,6.0,0.0,1774,1774,0,0.0,54341631.32673857,0.0,0.0,0.0,0,4244,436570,none_default,1000000.0,fixed_6_no_screening,Fixed 6% APR + no screening
Fin_fixed_6_no_screening_1,fixed_6,none,1633577.422275418,1000000.0,1633577.4222754627,633577.4222754627,0.0,0.0,6.0,0.0,1631,1631,196,0.12017167381974249,48999590.48867377,210161.92337189996,0.004289054689558656,0.21016192337189996,0,4268,436570,low_default,1000000.0,fixed_6_no_screening,Fixed 6% APR + no screening
Fin_fixed_6_no_screening_2,fixed_6,none,1586177.9921308244,1000000.0,1586177.9921308197,586177.9921308197,0.0,0.0,6.0,0.0,1587,1587,221,0.13925645872715817,47956819.96448399,246451.19883064774,0.005139022958844338,0.24645119883064776,0,4268,436570,low_default,1000000.0,fixed_6_no_screening,Fixed 6% APR + no screening
Fin_fixed_6_no_screening_3,fixed_6,none,1648484.2853316567,1000000.0,1648484.285331629,648484.285331629,0.0,0.0,6.0,0.0,1614,1614,196,0.12143742255266418,48852841.70097927,198260.98880425308,0.004058330731665071,0.19826098880425308,0,4268,436570,low_default,1000000.0,fixed_6_no_screening,Fixed 6% APR + no screening
Fin_fixed_6_no_screening_1,fixed_6,none,1270117.89711939,1000000.0,1270117.8971193684,270117.8971193684,0.0,0.0,6.0,0.0,1425,1425,332,0.23298245614035087,41960459.10571334,478300.54906470544,0.011398839747193806,0.4783005490647054,0,4272,436570,medium_default,1000000.0,fixed_6_no_screening,Fixed 6% APR + no screening
Fin_fixed_6_no_screening_2,fixed_6,none,1242017.653781743,1000000.0,1242017.6537817558,242017.65378175583,0.0,0.0,6.0,0.0,1405,1405,343,0.24412811387900357,41295215.67101216,497274.0599599625,0.012041929116477093,0.4972740599599625,0,4272,436570,medium_default,1000000.0,fixed_6_no_screening,Fixed 6% APR + no screening
Fin_fixed_6_no_screening_3,fixed_6,none,1261210.6867301387,1000000.0,1261210.686730125,261210.686730125,0.0,0.0,6.0,0.0,1436,1436,349,0.24303621169916434,42122775.987763144,489183.3462639181,0.011613274168018462,0.4891833462639181,0,4272,436570,medium_default,1000000.0,fixed_6_no_screening,Fixed 6% APR + no screening
Fin_fixed_6_no_screening_1,fixed_6,none,877811.3375984194,1000000.0,877811.3375984115,-122188.66240158852,122188.66240158852,0.12218866240158852,6.0,0.0,1198,1198,427,0.3564273789649416,34075927.53214198,751287.780002192,0.022047463837735388,0.751287780002192,0,4248,436570,high_default,1000000.0,fixed_6_no_screening,Fixed 6% APR + no screening
Fin_fixed_6_no_screening_2,fixed_6,none,884146.6955953593,1000000.0,884146.6955953727,-115853.3044046273,115853.3044046273,0.1158533044046273,6.0,0.0,1197,1197,420,0.3508771929824561,34319310.12979871,748300.557254005,0.021804067576646068,0.748300557254005,0,4248,436570,high_default,1000000.0,fixed_6_no_screening,Fixed 6% APR + no screening
Fin_fixed_6_no_screening_3,fixed_6,none,876896.9919926709,1000000.0,876896.99199268,-123103.00800732,123103.00800732,0.12310300800731999,6.0,0.0,1180,1180,422,0.3576271186440678,33790871.761712454,741578.9134331901,0.021946131448240813,0.74157891343319,0,4248,436570,high_default,1000000.0,fixed_6_no_screening,Fixed 6% APR + no screening
Fin_fixed_6_no_screening_1,fixed_6,none,6999450.386791779,5000000.0,6999450.386792234,1999450.3867922341,0.0,0.0,6.0,0.0,3417,3417,0,0.0,118337398.92276461,0.0,0.0,0.0,0,4244,436570,none_default,5000000.0,fixed_6_no_screening,Fixed 6% APR + no screening
Fin_fixed_6_no_screening_2,fixed_6,none,7060696.65264171,5000000.0,7060696.652641318,2060696.6526413178,0.0,0.0,6.0,0.0,3494,3494,0,0.0,122023449.6575467,0.0,0.0,0.0,0,4244,436570,none_default,5000000.0,fixed_6_no_screening,Fixed 6% APR + no screening
Fin_fixed_6_no_screening_3,fixed_6,none,7027699.640635472,5000000.0,7027699.640635687,2027699.640635687,0.0,0.0,6.0,0.0,3458,3458,0,0.0,120242013.87784655,0.0,0.0,0.0,0,4244,436570,none_default,5000000.0,fixed_6_no_screening,Fixed 6% APR + no screening
Fin_fixed_6_no_screening_1,fixed_6,none,6511523.86248492,5000000.0,6511523.862483788,1511523.8624837883,0.0,0.0,6.0,0.0,3431,3431,448,0.1305741766248907,119530336.55923617,561254.7819718794,0.0046955007249873835,0.11225095639437588,0,4283,436570,low_default,5000000.0,fixed_6_no_screening,Fixed 6% APR + no screening
Fin_fixed_6_no_screening_2,fixed_6,none,6580480.193697615,5000000.0,6580480.193698646,1580480.1936986456,0.0,0.0,6.0,0.0,3527,3527,458,0.12985540119081374,124114394.58150086,576902.3695749983,0.004648150373856677,0.11538047391499966,0,4283,436570,low_default,5000000.0,fixed_6_no_screening,Fixed 6% APR + no screening
Fin_fixed_6_no_screening_3,fixed_6,none,6563697.930935021,5000000.0,6563697.930934339,1563697.9309343388,0.0,0.0,6.0,0.0,3429,3429,420,0.12248468941382328,119627861.15146728,501510.642138389,0.004192256196099664,0.1003021284276778,0,4283,436570,low_default,5000000.0,fixed_6_no_screening,Fixed 6% APR + no screening
Fin_fixed_6_no_screening_1,fixed_6,none,5803767.345107429,5000000.0,5803767.345106818,803767.3451068178,0.0,0.0,6.0,0.0,3463,3463,808,0.23332370776783137,121930594.88286419,1368506.0190787339,0.011223647521718604,0.27370120381574675,0,4285,436570,medium_default,5000000.0,fixed_6_no_screening,Fixed 6% APR + no screening
Fin_fixed_6_no_screening_2,fixed_6,none,5863563.966796498,5000000.0,5863563.966799017,863563.966799017,0.0,0.0,6.0,0.0,3532,3532,819,0.23187995469988676,123720359.32995865,1338854.6074465902,0.010821619131220784,0.267770921489318,0,4285,436570,medium_default,5000000.0,fixed_6_no_screening,Fixed 6% APR + no screening
Fin_fixed_6_no_screening_3,fixed_6,none,5886613.76456847,5000000.0,5886613.764569588,886613.764569588,0.0,0.0,6.0,0.0,3414,3414,780,0.22847100175746923,119745413.16760907,1241951.5859097892,0.010371600490211803,0.24839031718195784,0,4285,436570,medium_default,5000000.0,fixed_6_no_screening,Fixed 6% APR + no screening
Fin_fixed_6_no_screening_1,fixed_6,none,4421073.481974071,5000000.0,4421073.481974622,-578926.5180253778,578926.5180253778,0.11578530360507555,6.0,0.0,3459,3459,1262,0.3648453310205262,120238355.54204872,2795909.9510523947,0.023253062123547035,0.559181990210479,0,4303,436570,high_default,5000000.0,fixed_6_no_screening,Fixed 6% APR + no screening
Fin_fixed_6_no_screening_2,fixed_6,none,4542169.00179992,5000000.0,4542169.001800574,-457830.99819942564,457830.99819942564,0.09156619963988513,6.0,0.0,3489,3489,1225,0.35110346804241904,122534218.63678226,2709955.6821025726,0.02211590943535098,0.5419911364205146,0,4303,436570,high_default,5000000.0,fixed_6_no_screening,Fixed 6% APR + no screening
Fin_fixed_6_no_screening_3,fixed_6,none,4408495.910013355,5000000.0,4408495.910013327,-591504.0899866726,591504.0899866726,0.11830081799733452,6.0,0.0,3460,3460,1254,0.3624277456647399,120188640.43426244,2817741.6225054897,0.02344432562282508,0.5635483245010979,0,4303,436570,high_default,5000000.0,fixed_6_no_screening,Fixed 6% APR + no screening
Fin_fixed_6_no_screening_1,fixed_6,none,11999450.386789268,10000000.0,11999450.386792235,1999450.386792235,0.0,0.0,6.0,0.0,3417,3417,0,0.0,118337398.92276461,0.0,0.0,0.0,0,4244,436570,none_default,10000000.0,fixed_6_no_screening,Fixed 6% APR + no screening
Fin_fixed_6_no_screening_2,fixed_6,none,12060696.652639609,10000000.0,12060696.652641317,2060696.6526413169,0.0,0.0,6.0,0.0,3494,3494,0,0.0,122023449.6575467,0.0,0.0,0.0,0,4244,436570,none_default,10000000.0,fixed_6_no_screening,Fixed 6% APR + no screening
Fin_fixed_6_no_screening_3,fixed_6,none,12027699.640643608,10000000.0,12027699.640635688,2027699.6406356879,0.0,0.0,6.0,0.0,3458,3458,0,0.0,120242013.87784655,0.0,0.0,0.0,0,4244,436570,none_default,10000000.0,fixed_6_no_screening,Fixed 6% APR + no screening
Fin_fixed_6_no_screening_1,fixed_6,none,11511523.86248095,10000000.0,11511523.862483788,1511523.8624837883,0.0,0.0,6.0,0.0,3431,3431,448,0.1305741766248907,119530336.55923617,561254.7819718794,0.0046955007249873835,0.05612547819718794,0,4283,436570,low_default,10000000.0,fixed_6_no_screening,Fixed 6% APR + no screening
Fin_fixed_6_no_screening_2,fixed_6,none,11580480.19370654,10000000.0,11580480.193698647,1580480.1936986465,0.0,0.0,6.0,0.0,3527,3527,458,0.12985540119081374,124114394.58150086,576902.3695749983,0.004648150373856677,0.05769023695749983,0,4283,436570,low_default,10000000.0,fixed_6_no_screening,Fixed 6% APR + no screening
Fin_fixed_6_no_screening_3,fixed_6,none,11563697.930936448,10000000.0,11563697.930934338,1563697.930934338,0.0,0.0,6.0,0.0,3429,3429,420,0.12248468941382328,119627861.15146728,501510.642138389,0.004192256196099664,0.0501510642138389,0,4283,436570,low_default,10000000.0,fixed_6_no_screening,Fixed 6% APR + no screening
Fin_fixed_6_no_screening_1,fixed_6,none,10803767.345108163,10000000.0,10803767.34510682,803767.3451068196,0.0,0.0,6.0,0.0,3463,3463,808,0.23332370776783137,121930594.88286419,1368506.0190787339,0.011223647521718604,0.13685060190787338,0,4285,436570,medium_default,10000000.0,fixed_6_no_screening,Fixed 6% APR + no screening
Fin_fixed_6_no_screening_2,fixed_6,none,10863563.96680376,10000000.0,10863563.966799017,863563.966799017,0.0,0.0,6.0,0.0,3532,3532,819,0.23187995469988676,123720359.32995865,1338854.6074465902,0.010821619131220784,0.133885460744659,0,4285,436570,medium_default,10000000.0,fixed_6_no_screening,Fixed 6% APR + no screening
Fin_fixed_6_no_screening_3,fixed_6,none,10886613.764572443,10000000.0,10886613.764569588,886613.764569588,0.0,0.0,6.0,0.0,3414,3414,780,0.22847100175746923,119745413.16760907,1241951.5859097892,0.010371600490211803,0.12419515859097892,0,4285,436570,medium_default,10000000.0,fixed_6_no_screening,Fixed 6% APR + no screening
Fin_fixed_6_no_screening_1,fixed_6,none,9421073.481977027,10000000.0,9421073.481974624,-578926.5180253759,578926.5180253759,0.05789265180253759,6.0,0.0,3459,3459,1262,0.3648453310205262,120238355.54204872,2795909.9510523947,0.023253062123547035,0.2795909951052395,0,4303,436570,high_default,10000000.0,fixed_6_no_screening,Fixed 6% APR + no screening
Fin_fixed_6_no_screening_2,fixed_6,none,9542169.001802102,10000000.0,9542169.001800574,-457830.99819942564,457830.99819942564,0.045783099819942566,6.0,0.0,3489,3489,1225,0.35110346804241904,122534218.63678226,2709955.6821025726,0.02211590943535098,0.2709955682102573,0,4303,436570,high_default,10000000.0,fixed_6_no_screening,Fixed 6% APR + no screening
Fin_fixed_6_no_screening_3,fixed_6,none,9408495.910014741,10000000.0,9408495.910013327,-591504.0899866726,591504.0899866726,0.05915040899866726,6.0,0.0,3460,3460,1254,0.3624277456647399,120188640.43426244,2817741.6225054897,0.02344432562282508,0.28177416225054897,0,4303,436570,high_default,10000000.0,fixed_6_no_screening,Fixed 6% APR + no screening
Fin_fixed_8_no_screening_1,fixed_8,none,2374133.4298576848,1000000.0,2374133.4298576713,1374133.4298576713,0.0,0.0,8.0,0.0,1908,1908,0,0.0,60374872.30983302,0.0,0.0,0.0,0,4233,436570,none_default,1000000.0,fixed_8_no_screening,Fixed 8% APR + no screening
Fin_fixed_8_no_screening_2,fixed_8,none,2377284.7418531175,1000000.0,2377284.7418531077,1377284.7418531077,0.0,0.0,8.0,0.0,1925,1925,0,0.0,61045787.09619917,0.0,0.0,0.0,0,4233,436570,none_default,1000000.0,fixed_8_no_screening,Fixed 8% APR + no screening
Fin_fixed_8_no_screening_3,fixed_8,none,2379029.173077453,1000000.0,2379029.1730774445,1379029.1730774445,0.0,0.0,8.0,0.0,1946,1946,0,0.0,60808878.43556894,0.0,0.0,0.0,0,4233,436570,none_default,1000000.0,fixed_8_no_screening,Fixed 8% APR + no screening
Fin_fixed_8_no_screening_1,fixed_8,none,1943533.517640148,1000000.0,1943533.5176400696,943533.5176400696,0.0,0.0,8.0,0.0,1730,1730,221,0.12774566473988438,53114541.02064334,295540.95631464676,0.005564219338726521,0.2955409563146468,0,4281,436570,low_default,1000000.0,fixed_8_no_screening,Fixed 8% APR + no screening
Fin_fixed_8_no_screening_2,fixed_8,none,1941982.731675315,1000000.0,1941982.7316753617,941982.7316753617,0.0,0.0,8.0,0.0,1729,1729,231,0.13360323886639677,53335162.32494277,303570.59390179894,0.00569175344498447,0.30357059390179897,0,4281,436570,low_default,1000000.0,fixed_8_no_screening,Fixed 8% APR + no screening
Fin_fixed_8_no_screening_3,fixed_8,none,1977457.9892432608,1000000.0,1977457.9892432224,977457.9892432224,0.0,0.0,8.0,0.0,1753,1753,228,0.13006274957216202,53881796.61407566,276884.17171351984,0.005138733099356022,0.27688417171351987,0,4281,436570,low_default,1000000.0,fixed_8_no_screening,Fixed 8% APR + no screening
Fin_fixed_8_no_screening_1,fixed_8,none,1489047.5172848748,1000000.0,1489047.5172848934,489047.51728489343,0.0,0.0,8.0,0.0,1501,1501,355,0.23650899400399733,45071154.713891275,589260.0332986171,0.013073994598966923,0.5892600332986171,0,4255,436570,medium_default,1000000.0,fixed_8_no_screening,Fixed 8% APR + no screening
Fin_fixed_8_no_screening_2,fixed_8,none,1587160.0688989584,1000000.0,1587160.0688989386,587160.0688989386,0.0,0.0,8.0,0.0,1575,1575,336,0.21333333333333335,47350715.09184235,535054.2859177589,0.011299814266372903,0.5350542859177589,0,4255,436570,medium_default,1000000.0,fixed_8_no_screening,Fixed 8% APR + no screening
Fin_fixed_8_no_screening_3,fixed_8,none,1486871.7911240873,1000000.0,1486871.7911240903,486871.7911240903,0.0,0.0,8.0,0.0,1557,1557,379,0.24341682723185612,46533723.64858447,626877.8938560367,0.0134714749799548,0.6268778938560368,0,4255,436570,medium_default,1000000.0,fixed_8_no_screening,Fixed 8% APR + no screening
Fin_fixed_8_no_screening_1,fixed_8,none,963451.2562656037,1000000.0,963451.2562655851,-36548.74373441492,36548.74373441492,0.03654874373441492,8.0,0.0,1244,1244,456,0.3665594855305466,35430657.56744344,916624.7244547813,0.025870948703392127,0.9166247244547813,0,4270,436570,high_default,1000000.0,fixed_8_no_screening,Fixed 8% APR + no screening
Fin_fixed_8_no_screening_2,fixed_8,none,959210.2017648484,1000000.0,959210.2017648258,-40789.79823517415,40789.79823517415,0.04078979823517415,8.0,0.0,1237,1237,460,0.3718674211802749,35503741.793454565,915076.0150253245,0.025774072500550547,0.9150760150253245,0,4270,436570,high_default,1000000.0,fixed_8_no_screening,Fixed 8% APR + no screening
Fin_fixed_8_no_screening_3,fixed_8,none,1017884.3713977876,1000000.0,1017884.3713977974,17884.371397797368,0.0,0.0,8.0,0.0,1291,1291,444,0.3439194422927963,37064581.10219557,894153.2582686312,0.024124197054952414,0.8941532582686312,0,4270,436570,high_default,1000000.0,fixed_8_no_screening,Fixed 8% APR + no screening
Fin_fixed_8_no_screening_1,fixed_8,none,7686434.013414591,5000000.0,7686434.013416978,2686434.0134169776,0.0,0.0,8.0,0.0,3417,3417,0,0.0,118337398.92276461,0.0,0.0,0.0,0,4246,436570,none_default,5000000.0,fixed_8_no_screening,Fixed 8% APR + no screening
Fin_fixed_8_no_screening_2,fixed_8,none,7768707.683585107,5000000.0,7768707.683583388,2768707.683583388,0.0,0.0,8.0,0.0,3494,3494,0,0.0,122023449.6575467,0.0,0.0,0.0,0,4246,436570,none_default,5000000.0,fixed_8_no_screening,Fixed 8% APR + no screening
Fin_fixed_8_no_screening_3,fixed_8,none,7724352.029701172,5000000.0,7724352.029701544,2724352.029701544,0.0,0.0,8.0,0.0,3458,3458,0,0.0,120242013.87784655,0.0,0.0,0.0,0,4246,436570,none_default,5000000.0,fixed_8_no_screening,Fixed 8% APR + no screening
Fin_fixed_8_no_screening_1,fixed_8,none,7112947.027346113,5000000.0,7112947.027345166,2112947.0273451656,0.0,0.0,8.0,0.0,3431,3431,448,0.1305741766248907,119530336.55923617,672453.5637582989,0.005625798296192767,0.13449071275165977,0,4283,436570,low_default,5000000.0,fixed_8_no_screening,Fixed 8% APR + no screening
Fin_fixed_8_no_screening_2,fixed_8,none,7209393.5702613555,5000000.0,7209393.570261771,2209393.570261771,0.0,0.0,8.0,0.0,3527,3527,458,0.12985540119081374,124114394.58150086,689742.8212324852,0.005557315278040206,0.13794856424649704,0,4283,436570,low_default,5000000.0,fixed_8_no_screening,Fixed 8% APR + no screening
Fin_fixed_8_no_screening_3,fixed_8,none,7170653.280925634,5000000.0,7170653.280924884,2170653.2809248837,0.0,0.0,8.0,0.0,3429,3429,420,0.12248468941382328,119627861.15146728,604489.0071393708,0.005053078783829418,0.12089780142787415,0,4283,436570,low_default,5000000.0,fixed_8_no_screening,Fixed 8% APR + no screening
Fin_fixed_8_no_screening_1,fixed_8,none,6345428.176046611,5000000.0,6345428.176045682,1345428.1760456823,0.0,0.0,8.0,0.0,3463,3463,808,0.23332370776783137,121930594.88286419,1574068.2388718256,0.012909542845944411,0.3148136477743651,0,4285,436570,medium_default,5000000.0,fixed_8_no_screening,Fixed 8% APR + no screening
Fin_fixed_8_no_screening_2,fixed_8,none,6414335.234420778,5000000.0,6414335.234423285,1414335.2344232854,0.0,0.0,8.0,0.0,3532,3532,819,0.23187995469988676,123720359.32995865,1545666.8802894354,0.012493229801953502,0.3091333760578871,0,4285,436570,medium_default,5000000.0,fixed_8_no_screening,Fixed 8% APR + no screening
Fin_fixed_8_no_screening_3,fixed_8,none,6423443.92956471,5000000.0,6423443.929565679,1423443.9295656793,0.0,0.0,8.0,0.0,3414,3414,780,0.22847100175746923,119745413.16760907,1437292.6903629624,0.012002903930450904,0.2874585380725925,0,4285,436570,medium_default,5000000.0,fixed_8_no_screening,Fixed 8% APR + no screening
Fin_fixed_8_no_screening_1,fixed_8,none,4863811.469232752,5000000.0,4863811.469233412,-136188.5307665877,136188.5307665877,0.02723770615331754,8.0,0.0,3459,3459,1262,0.3648453310205262,120238355.54204872,3116137.534817757,0.025916335272300098,0.6232275069635514,0,4303,436570,high_default,5000000.0,fixed_8_no_screening,Fixed 8% APR + no screening
Fin_fixed_8_no_screening_2,fixed_8,none,5002605.823859645,5000000.0,5002605.823860278,2605.823860278353,0.0,0.0,8.0,0.0,3489,3489,1225,0.35110346804241904,122534218.63678226,3024553.5302898074,0.02468333796011083,0.6049107060579615,0,4303,436570,high_default,5000000.0,fixed_8_no_screening,Fixed 8% APR + no screening
Fin_fixed_8_no_screening_3,fixed_8,none,4851337.72849141,5000000.0,4851337.7284910325,-148662.2715089675,148662.2715089675,0.029732454301793502,8.0,0.0,3460,3460,1254,0.3624277456647399,120188640.43426244,3141152.6831455505,0.02613518774982411,0.6282305366291101,0,4303,436570,high_default,5000000.0,fixed_8_no_screening,Fixed 8% APR + no screening
Fin_fixed_8_no_screening_1,fixed_8,none,12686434.013412869,10000000.0,12686434.013416978,2686434.0134169776,0.0,0.0,8.0,0.0,3417,3417,0,0.0,118337398.92276461,0.0,0.0,0.0,0,4246,436570,none_default,10000000.0,fixed_8_no_screening,Fixed 8% APR + no screening
Fin_fixed_8_no_screening_2,fixed_8,none,12768707.683583578,10000000.0,12768707.683583388,2768707.683583388,0.0,0.0,8.0,0.0,3494,3494,0,0.0,122023449.6575467,0.0,0.0,0.0,0,4246,436570,none_default,10000000.0,fixed_8_no_screening,Fixed 8% APR + no screening
Fin_fixed_8_no_screening_3,fixed_8,none,12724352.02971028,10000000.0,12724352.029701544,2724352.029701544,0.0,0.0,8.0,0.0,3458,3458,0,0.0,120242013.87784655,0.0,0.0,0.0,0,4246,436570,none_default,10000000.0,fixed_8_no_screening,Fixed 8% APR + no screening
Fin_fixed_8_no_screening_1,fixed_8,none,12112947.027342584,10000000.0,12112947.027345166,2112947.0273451656,0.0,0.0,8.0,0.0,3431,3431,448,0.1305741766248907,119530336.55923617,672453.5637582989,0.005625798296192767,0.06724535637582989,0,4283,436570,low_default,10000000.0,fixed_8_no_screening,Fixed 8% APR + no screening
Fin_fixed_8_no_screening_2,fixed_8,none,12209393.570265474,10000000.0,12209393.57026177,2209393.570261771,0.0,0.0,8.0,0.0,3527,3527,458,0.12985540119081374,124114394.58150086,689742.8212324852,0.005557315278040206,0.06897428212324852,0,4283,436570,low_default,10000000.0,fixed_8_no_screening,Fixed 8% APR + no screening
Fin_fixed_8_no_screening_3,fixed_8,none,12170653.28092986,10000000.0,12170653.280924883,2170653.2809248827,0.0,0.0,8.0,0.0,3429,3429,420,0.12248468941382328,119627861.15146728,604489.0071393708,0.005053078783829418,0.060448900713937076,0,4283,436570,low_default,10000000.0,fixed_8_no_screening,Fixed 8% APR + no screening
Fin_fixed_8_no_screening_1,fixed_8,none,11345428.176047146,10000000.0,11345428.176045682,1345428.1760456823,0.0,0.0,8.0,0.0,3463,3463,808,0.23332370776783137,121930594.88286419,1574068.2388718256,0.012909542845944411,0.15740682388718255,0,4285,436570,medium_default,10000000.0,fixed_8_no_screening,Fixed 8% APR + no screening
Fin_fixed_8_no_screening_2,fixed_8,none,11414335.234427689,10000000.0,11414335.234423285,1414335.2344232854,0.0,0.0,8.0,0.0,3532,3532,819,0.23187995469988676,123720359.32995865,1545666.8802894354,0.012493229801953502,0.15456668802894355,0,4285,436570,medium_default,10000000.0,fixed_8_no_screening,Fixed 8% APR + no screening
Fin_fixed_8_no_screening_3,fixed_8,none,11423443.929568559,10000000.0,11423443.92956568,1423443.9295656793,0.0,0.0,8.0,0.0,3414,3414,780,0.22847100175746923,119745413.16760907,1437292.6903629624,0.012002903930450904,0.14372926903629624,0,4285,436570,medium_default,10000000.0,fixed_8_no_screening,Fixed 8% APR + no screening
Fin_fixed_8_no_screening_1,fixed_8,none,9863811.46923594,10000000.0,9863811.469233412,-136188.5307665877,136188.5307665877,0.01361885307665877,8.0,0.0,3459,3459,1262,0.3648453310205262,120238355.54204872,3116137.534817757,0.025916335272300098,0.3116137534817757,0,4303,436570,high_default,10000000.0,fixed_8_no_screening,Fixed 8% APR + no screening
Fin_fixed_8_no_screening_2,fixed_8,none,10002605.82386177,10000000.0,10002605.82386028,2605.8238602802157,0.0,0.0,8.0,0.0,3489,3489,1225,0.35110346804241904,122534218.63678226,3024553.5302898074,0.02468333796011083,0.30245535302898074,0,4303,436570,high_default,10000000.0,fixed_8_no_screening,Fixed 8% APR + no screening
Fin_fixed_8_no_screening_3,fixed_8,none,9851337.728492338,10000000.0,9851337.728491032,-148662.2715089675,148662.2715089675,0.014866227150896751,8.0,0.0,3460,3460,1254,0.3624277456647399,120188640.43426244,3141152.6831455505,0.02613518774982411,0.31411526831455505,0,4303,436570,high_default,10000000.0,fixed_8_no_screening,Fixed 8% APR + no screening
Fin_fixed_10_no_screening_1,fixed_10,none,2947187.856877474,1000000.0,2947187.856877216,1947187.8568772161,0.0,0.0,10.0,0.0,2123,2123,0,0.0,68310712.37489568,0.0,0.0,0.0,0,4255,436570,none_default,1000000.0,fixed_10_no_screening,Fixed 10% APR + no screening
Fin_fixed_10_no_screening_2,fixed_10,none,2955490.4225224783,1000000.0,2955490.422522323,1955490.4225223232,0.0,0.0,10.0,0.0,2123,2123,0,0.0,68581044.62541315,0.0,0.0,0.0,0,4255,436570,none_default,1000000.0,fixed_10_no_screening,Fixed 10% APR + no screening
Fin_fixed_10_no_screening_3,fixed_10,none,2956104.5085520144,1000000.0,2956104.5085520055,1956104.5085520055,0.0,0.0,10.0,0.0,2135,2135,0,0.0,68548902.67120466,0.0,0.0,0.0,0,4255,436570,none_default,1000000.0,fixed_10_no_screening,Fixed 10% APR + no screening
Fin_fixed_10_no_screening_1,fixed_10,none,2393299.917338038,1000000.0,2393299.9173380104,1393299.9173380104,0.0,0.0,10.0,0.0,1893,1893,234,0.12361331220285261,59654391.14146158,357884.0915054297,0.005999291664158644,0.3578840915054297,0,4245,436570,low_default,1000000.0,fixed_10_no_screening,Fixed 10% APR + no screening
Fin_fixed_10_no_screening_2,fixed_10,none,2396005.9236230524,1000000.0,2396005.923623059,1396005.923623059,0.0,0.0,10.0,0.0,1901,1901,224,0.11783271962125197,59905294.77062315,351125.7133262679,0.005861346892135749,0.3511257133262679,0,4245,436570,low_default,1000000.0,fixed_10_no_screening,Fixed 10% APR + no screening
Fin_fixed_10_no_screening_3,fixed_10,none,2378483.1734151333,1000000.0,2378483.17341516,1378483.1734151598,0.0,0.0,10.0,0.0,1900,1900,231,0.12157894736842105,59511281.0866752,364341.18311232876,0.006122220467438503,0.36434118311232877,0,4245,436570,low_default,1000000.0,fixed_10_no_screening,Fixed 10% APR + no screening
Fin_fixed_10_no_screening_1,fixed_10,none,1801348.1599708437,1000000.0,1801348.1599708223,801348.1599708223,0.0,0.0,10.0,0.0,1639,1639,393,0.2397803538743136,49925856.6977621,698865.2809319757,0.013998062870762955,0.6988652809319756,0,4278,436570,medium_default,1000000.0,fixed_10_no_screening,Fixed 10% APR + no screening
Fin_fixed_10_no_screening_2,fixed_10,none,1800818.3677643863,1000000.0,1800818.3677645074,800818.3677645074,0.0,0.0,10.0,0.0,1654,1654,373,0.22551390568319227,50352983.498480916,708539.3491665097,0.014071447210032458,0.7085393491665097,0,4278,436570,medium_default,1000000.0,fixed_10_no_screening,Fixed 10% APR + no screening
Fin_fixed_10_no_screening_3,fixed_10,none,1803697.5686946963,1000000.0,1803697.568694727,803697.568694727,0.0,0.0,10.0,0.0,1651,1651,373,0.225923682616596,50142128.5378005,701289.921254151,0.013986042110786575,0.701289921254151,0,4278,436570,medium_default,1000000.0,fixed_10_no_screening,Fixed 10% APR + no screening
Fin_fixed_10_no_screening_1,fixed_10,none,1137928.4234990687,1000000.0,1137928.4234991106,137928.42349911062,0.0,0.0,10.0,0.0,1329,1329,475,0.35741158765989467,38614907.00263734,1057791.4954636795,0.027393345668071504,1.0577914954636796,0,4257,436570,high_default,1000000.0,fixed_10_no_screening,Fixed 10% APR + no screening
Fin_fixed_10_no_screening_2,fixed_10,none,1092962.2924561084,1000000.0,1092962.2924561196,92962.29245611955,0.0,0.0,10.0,0.0,1330,1330,492,0.3699248120300752,38299176.736477375,1098745.5873965349,0.028688491007433432,1.0987455873965348,0,4257,436570,high_default,1000000.0,fixed_10_no_screening,Fixed 10% APR + no screening
Fin_fixed_10_no_screening_3,fixed_10,none,1196190.2793995584,1000000.0,1196190.2793995603,196190.2793995603,0.0,0.0,10.0,0.0,1361,1361,465,0.34166054371785454,39718545.88111392,1034814.929337111,0.026053696236376146,1.034814929337111,0,4257,436570,high_default,1000000.0,fixed_10_no_screening,Fixed 10% APR + no screening
Fin_fixed_10_no_screening_1,fixed_10,none,8384124.31497338,5000000.0,8384124.3149770275,3384124.3149770275,0.0,0.0,10.0,0.0,3417,3417,0,0.0,118337398.92276461,0.0,0.0,0.0,0,4247,436570,none_default,5000000.0,fixed_10_no_screening,Fixed 10% APR + no screening
Fin_fixed_10_no_screening_2,fixed_10,none,8487744.279929135,5000000.0,8487744.27992692,3487744.2799269203,0.0,0.0,10.0,0.0,3494,3494,0,0.0,122023449.6575467,0.0,0.0,0.0,0,4247,436570,none_default,5000000.0,fixed_10_no_screening,Fixed 10% APR + no screening
Fin_fixed_10_no_screening_3,fixed_10,none,8431842.117508782,5000000.0,8431842.117509093,3431842.117509093,0.0,0.0,10.0,0.0,3458,3458,0,0.0,120242013.87784655,0.0,0.0,0.0,0,4247,436570,none_default,5000000.0,fixed_10_no_screening,Fixed 10% APR + no screening
Fin_fixed_10_no_screening_1,fixed_10,none,7723718.955714841,5000000.0,7723718.955714317,2723718.955714317,0.0,0.0,10.0,0.0,3431,3431,448,0.1305741766248907,119530336.55923617,785598.7411644481,0.006572379563033569,0.15711974823288963,0,4283,436570,low_default,5000000.0,fixed_10_no_screening,Fixed 10% APR + no screening
Fin_fixed_10_no_screening_2,fixed_10,none,7848121.365847244,5000000.0,7848121.365844316,2848121.365844316,0.0,0.0,10.0,0.0,3527,3527,458,0.12985540119081374,124114394.58150086,804550.4858041374,0.0064823301802904255,0.1609100971608275,0,4283,436570,low_default,5000000.0,fixed_10_no_screening,Fixed 10% APR + no screening
Fin_fixed_10_no_screening_3,fixed_10,none,7787019.905552042,5000000.0,7787019.905551414,2787019.905551414,0.0,0.0,10.0,0.0,3429,3429,420,0.12248468941382328,119627861.15146728,709266.7849999098,0.005928943125563943,0.14185335699998197,0,4283,436570,low_default,5000000.0,fixed_10_no_screening,Fixed 10% APR + no screening
Fin_fixed_10_no_screening_1,fixed_10,none,6895530.07002335,5000000.0,6895530.070022322,1895530.0700223222,0.0,0.0,10.0,0.0,3463,3463,808,0.23332370776783137,121930594.88286419,1783207.173019053,0.014624772188900886,0.3566414346038106,0,4285,436570,medium_default,5000000.0,fixed_10_no_screening,Fixed 10% APR + no screening
Fin_fixed_10_no_screening_2,fixed_10,none,6973680.035793562,5000000.0,6973680.035795945,1973680.0357959447,0.0,0.0,10.0,0.0,3532,3532,819,0.23187995469988676,123720359.32995865,1756085.6835555297,0.014193991135057243,0.35121713671110594,0,4285,436570,medium_default,5000000.0,fixed_10_no_screening,Fixed 10% APR + no screening
Fin_fixed_10_no_screening_3,fixed_10,none,6968626.071019484,5000000.0,6968626.071020322,1968626.071020322,0.0,0.0,10.0,0.0,3414,3414,780,0.22847100175746923,119745413.16760907,1636051.1065304412,0.013662745513604276,0.32721022130608823,0,4285,436570,medium_default,5000000.0,fixed_10_no_screening,Fixed 10% APR + no screening
Fin_fixed_10_no_screening_1,fixed_10,none,5313442.067006049,5000000.0,5313442.067006962,313442.0670069624,0.0,0.0,10.0,0.0,3459,3459,1262,0.3648453310205262,120238355.54204872,3441898.73952706,0.028625630515408944,0.688379747905412,0,4303,436570,high_default,5000000.0,fixed_10_no_screening,Fixed 10% APR + no screening
Fin_fixed_10_no_screening_2,fixed_10,none,5470210.534164767,5000000.0,5470210.534165353,470210.5341653526,0.0,0.0,10.0,0.0,3489,3489,1225,0.35110346804241904,122534218.63678226,3344595.492144872,0.027295195818393972,0.6689190984289743,0,4303,436570,high_default,5000000.0,fixed_10_no_screening,Fixed 10% APR + no screening
Fin_fixed_10_no_screening_3,fixed_10,none,5301109.13959848,5000000.0,5301109.139598683,301109.13959868345,0.0,0.0,10.0,0.0,3460,3460,1254,0.3624277456647399,120188640.43426244,3470166.9463488525,0.028872669944601557,0.6940333892697705,0,4303,436570,high_default,5000000.0,fixed_10_no_screening,Fixed 10% APR + no screening
Fin_fixed_10_no_screening_1,fixed_10,none,13384124.31497418,10000000.0,13384124.314977027,3384124.3149770275,0.0,0.0,10.0,0.0,3417,3417,0,0.0,118337398.92276461,0.0,0.0,0.0,0,4247,436570,none_default,10000000.0,fixed_10_no_screening,Fixed 10% APR + no screening
Fin_fixed_10_no_screening_2,fixed_10,none,13487744.279927108,10000000.0,13487744.27992692,3487744.2799269203,0.0,0.0,10.0,0.0,3494,3494,0,0.0,122023449.6575467,0.0,0.0,0.0,0,4247,436570,none_default,10000000.0,fixed_10_no_screening,Fixed 10% APR + no screening
Fin_fixed_10_no_screening_3,fixed_10,none,13431842.117514124,10000000.0,13431842.117509093,3431842.117509093,0.0,0.0,10.0,0.0,3458,3458,0,0.0,120242013.87784655,0.0,0.0,0.0,0,4247,436570,none_default,10000000.0,fixed_10_no_screening,Fixed 10% APR + no screening
Fin_fixed_10_no_screening_1,fixed_10,none,12723718.955709433,10000000.0,12723718.955714317,2723718.955714317,0.0,0.0,10.0,0.0,3431,3431,448,0.1305741766248907,119530336.55923617,785598.7411644481,0.006572379563033569,0.07855987411644481,0,4283,436570,low_default,10000000.0,fixed_10_no_screening,Fixed 10% APR + no screening
Fin_fixed_10_no_screening_2,fixed_10,none,12848121.36584803,10000000.0,12848121.365844317,2848121.365844317,0.0,0.0,10.0,0.0,3527,3527,458,0.12985540119081374,124114394.58150086,804550.4858041374,0.0064823301802904255,0.08045504858041375,0,4283,436570,low_default,10000000.0,fixed_10_no_screening,Fixed 10% APR + no screening
Fin_fixed_10_no_screening_3,fixed_10,none,12787019.905557493,10000000.0,12787019.905551415,2787019.905551415,0.0,0.0,10.0,0.0,3429,3429,420,0.12248468941382328,119627861.15146728,709266.7849999098,0.005928943125563943,0.07092667849999099,0,4283,436570,low_default,10000000.0,fixed_10_no_screening,Fixed 10% APR + no screening
Fin_fixed_10_no_screening_1,fixed_10,none,11895530.070023518,10000000.0,11895530.070022322,1895530.0700223222,0.0,0.0,10.0,0.0,3463,3463,808,0.23332370776783137,121930594.88286419,1783207.173019053,0.014624772188900886,0.1783207173019053,0,4285,436570,medium_default,10000000.0,fixed_10_no_screening,Fixed 10% APR + no screening
Fin_fixed_10_no_screening_2,fixed_10,none,11973680.035797596,10000000.0,11973680.035795944,1973680.0357959438,0.0,0.0,10.0,0.0,3532,3532,819,0.23187995469988676,123720359.32995865,1756085.6835555297,0.014193991135057243,0.17560856835555297,0,4285,436570,medium_default,10000000.0,fixed_10_no_screening,Fixed 10% APR + no screening
Fin_fixed_10_no_screening_3,fixed_10,none,11968626.071022041,10000000.0,11968626.071020322,1968626.071020322,0.0,0.0,10.0,0.0,3414,3414,780,0.22847100175746923,119745413.16760907,1636051.1065304412,0.013662745513604276,0.16360511065304412,0,4285,436570,medium_default,10000000.0,fixed_10_no_screening,Fixed 10% APR + no screening
Fin_fixed_10_no_screening_1,fixed_10,none,10313442.0670096,10000000.0,10313442.067006962,313442.0670069624,0.0,0.0,10.0,0.0,3459,3459,1262,0.3648453310205262,120238355.54204872,3441898.73952706,0.028625630515408944,0.344189873952706,0,4303,436570,high_default,10000000.0,fixed_10_no_screening,Fixed 10% APR + no screening
Fin_fixed_10_no_screening_2,fixed_10,none,10470210.534166822,10000000.0,10470210.534165353,470210.5341653526,0.0,0.0,10.0,0.0,3489,3489,1225,0.35110346804241904,122534218.63678226,3344595.492144872,0.027295195818393972,0.3344595492144872,0,4303,436570,high_default,10000000.0,fixed_10_no_screening,Fixed 10% APR + no screening
Fin_fixed_10_no_screening_3,fixed_10,none,10301109.139599986,10000000.0,10301109.139598683,301109.1395986825,0.0,0.0,10.0,0.0,3460,3460,1254,0.3624277456647399,120188640.43426244,3470166.9463488525,0.028872669944601557,0.34701669463488527,0,4303,436570,high_default,10000000.0,fixed_10_no_screening,Fixed 10% APR + no screening
Fin_rl_apr_isolated_screening_1,pure_rl,rl,5904500.903699333,1000000.0,5904500.903699708,4904500.903699708,0.0,0.0,6.0,0.0,2818,2818,0,0.0,93000844.14727513,0.0,0.0,0.0,0,4259,831197,none_default,1000000.0,rl_apr_isolated_screening,RL APR + isolated RL screening
Fin_rl_apr_isolated_screening_2,pure_rl,rl,4591249.616618423,1000000.0,4591249.616618888,3591249.6166188885,0.0,0.0,6.0,0.0,2216,2216,0,0.0,75674455.45219743,0.0,0.0,0.0,0,4259,831197,none_default,1000000.0,rl_apr_isolated_screening,RL APR + isolated RL screening
Fin_rl_apr_isolated_screening_3,pure_rl,rl,6007025.726260005,1000000.0,6007025.726260277,5007025.726260277,0.0,0.0,6.0,0.0,2685,2685,0,0.0,92088791.46543758,0.0,0.0,0.0,0,4259,831197,none_default,1000000.0,rl_apr_isolated_screening,RL APR + isolated RL screening
Fin_rl_apr_isolated_screening_1,pure_rl,rl,3647502.1764844097,1000000.0,3647502.1764847944,2647502.1764847944,0.0,0.0,6.0,0.0,1849,1849,98,0.05300162249864792,62373903.693653576,197365.70848526648,0.0031642353099241415,0.1973657084852665,0,4258,831197,low_default,1000000.0,rl_apr_isolated_screening,RL APR + isolated RL screening
Fin_rl_apr_isolated_screening_2,pure_rl,rl,4823616.807815435,1000000.0,4823616.807815102,3823616.807815102,0.0,0.0,6.0,0.0,2095,2095,42,0.020047732696897375,72053273.31862965,81353.65596788401,0.0011290764766248268,0.08135365596788402,0,4258,831197,low_default,1000000.0,rl_apr_isolated_screening,RL APR + isolated RL screening
Fin_rl_apr_isolated_screening_3,pure_rl,rl,6128416.12156443,1000000.0,6128416.121564926,5128416.121564926,0.0,0.0,6.0,0.0,2397,2397,39,0.016270337922403004,82178738.62012021,83797.62545413087,0.001019699582412601,0.08379762545413087,0,4258,831197,low_default,1000000.0,rl_apr_isolated_screening,RL APR + isolated RL screening
Fin_rl_apr_isolated_screening_1,pure_rl,rl,3721763.933456504,1000000.0,3721763.933456412,2721763.933456412,0.0,0.0,6.0,0.0,1789,1789,63,0.03521520402459474,61726253.99360071,175066.17543317092,0.0028361704154494845,0.17506617543317093,0,4248,831197,medium_default,1000000.0,rl_apr_isolated_screening,RL APR + isolated RL screening
Fin_rl_apr_isolated_screening_2,pure_rl,rl,3666117.4848811724,1000000.0,3666117.484880965,2666117.484880965,0.0,0.0,6.0,0.0,1656,1656,66,0.03985507246376811,57440972.16908267,147381.28859681787,0.0025657868074201074,0.14738128859681787,0,4248,831197,medium_default,1000000.0,rl_apr_isolated_screening,RL APR + isolated RL screening
Fin_rl_apr_isolated_screening_3,pure_rl,rl,6295154.113954316,1000000.0,6295154.11395507,5295154.11395507,0.0,0.0,9.0,0.0,2758,2758,44,0.01595358955765047,91369850.74352461,101837.85078253839,0.001114567332154208,0.10183785078253839,0,4248,831197,medium_default,1000000.0,rl_apr_isolated_screening,RL APR + isolated RL screening
Fin_rl_apr_isolated_screening_1,pure_rl,rl,3809914.029043372,1000000.0,3809914.0290434323,2809914.0290434323,0.0,0.0,6.0,0.0,1668,1668,179,0.10731414868105515,57296476.88238894,452874.5897124559,0.007904056485742751,0.4528745897124559,0,4255,831197,high_default,1000000.0,rl_apr_isolated_screening,RL APR + isolated RL screening
Fin_rl_apr_isolated_screening_2,pure_rl,rl,2481887.337187486,1000000.0,2481887.337187377,1481887.3371873768,0.0,0.0,7.0,0.0,1094,1094,137,0.12522851919561243,37900918.399799645,373323.2516539151,0.009849979035228038,0.3733232516539151,0,4255,831197,high_default,1000000.0,rl_apr_isolated_screening,RL APR + isolated RL screening
Fin_rl_apr_isolated_screening_3,pure_rl,rl,4945780.86674088,1000000.0,4945780.866741236,3945780.8667412363,0.0,0.0,7.0,0.0,2290,2290,58,0.025327510917030567,75684420.43682641,192076.81464276396,0.002537864642870457,0.19207681464276397,0,4255,831197,high_default,1000000.0,rl_apr_isolated_screening,RL APR + isolated RL screening
Fin_rl_apr_isolated_screening_1,pure_rl,rl,7033769.887539378,5000000.0,7033769.8875378445,2033769.8875378445,0.0,0.0,6.0,0.0,1739,1739,0,0.0,61222384.560551405,0.0,0.0,0.0,0,4239,831197,none_default,5000000.0,rl_apr_isolated_screening,RL APR + isolated RL screening
Fin_rl_apr_isolated_screening_2,pure_rl,rl,11449680.024413975,5000000.0,11449680.02441227,6449680.024412271,0.0,0.0,14.0,0.0,5920,5920,0,0.0,205875027.8590113,0.0,0.0,0.0,0,4239,831197,none_default,5000000.0,rl_apr_isolated_screening,RL APR + isolated RL screening
Fin_rl_apr_isolated_screening_3,pure_rl,rl,7731795.1445583785,5000000.0,7731795.144559291,2731795.144559291,0.0,0.0,12.0,0.0,2735,2735,0,0.0,95397336.5486572,0.0,0.0,0.0,0,4239,831197,none_default,5000000.0,rl_apr_isolated_screening,RL APR + isolated RL screening
Fin_rl_apr_isolated_screening_1,pure_rl,rl,9132730.703405477,5000000.0,9132730.70340256,4132730.70340256,0.0,0.0,6.0,0.0,2971,2971,167,0.0562100302928307,103906534.3359927,309621.4275950558,0.0029798070888772247,0.061924285519011156,0,4241,831197,low_default,5000000.0,rl_apr_isolated_screening,RL APR + isolated RL screening
Fin_rl_apr_isolated_screening_2,pure_rl,rl,8645948.29055623,5000000.0,8645948.290560562,3645948.290560562,0.0,0.0,23.0,0.0,2202,2202,171,0.0776566757493188,76497307.81162792,353793.83715280803,0.004624918801378129,0.0707587674305616,0,4241,831197,low_default,5000000.0,rl_apr_isolated_screening,RL APR + isolated RL screening
Fin_rl_apr_isolated_screening_3,pure_rl,rl,10358405.098635307,5000000.0,10358405.09863387,5358405.0986338705,0.0,0.0,26.0,0.0,3355,3355,60,0.01788375558867362,117634440.73961109,128422.62439426375,0.0010917093972379465,0.02568452487885275,0,4241,831197,low_default,5000000.0,rl_apr_isolated_screening,RL APR + isolated RL screening
Fin_rl_apr_isolated_screening_1,pure_rl,rl,7717551.57337876,5000000.0,7717551.573380244,2717551.573380244,0.0,0.0,19.0,0.0,1798,1798,114,0.06340378197997776,63297343.90264482,286871.5033303853,0.004532125451766368,0.057374300666077065,0,4260,831197,medium_default,5000000.0,rl_apr_isolated_screening,RL APR + isolated RL screening
Fin_rl_apr_isolated_screening_2,pure_rl,rl,8796718.510212297,5000000.0,8796718.510212246,3796718.5102122463,0.0,0.0,22.0,0.0,2215,2215,126,0.05688487584650113,77801989.59028819,284308.03528268763,0.0036542514758282868,0.056861607056537526,0,4260,831197,medium_default,5000000.0,rl_apr_isolated_screening,RL APR + isolated RL screening
Fin_rl_apr_isolated_screening_3,pure_rl,rl,10977644.213121546,5000000.0,10977644.213124312,5977644.213124312,0.0,0.0,7.0,0.0,3311,3311,84,0.02536997885835095,116449204.5564544,199258.24876646293,0.0017111173023931032,0.039851649753292584,0,4260,831197,medium_default,5000000.0,rl_apr_isolated_screening,RL APR + isolated RL screening
Fin_rl_apr_isolated_screening_1,pure_rl,rl,7471303.826374353,5000000.0,7471303.826369427,2471303.826369427,0.0,0.0,14.0,0.0,1575,1575,116,0.07365079365079365,54545905.053200915,400377.13947295275,0.007340186932134467,0.08007542789459055,0,4259,831197,high_default,5000000.0,rl_apr_isolated_screening,RL APR + isolated RL screening
Fin_rl_apr_isolated_screening_2,pure_rl,rl,9000735.205575036,5000000.0,9000735.20557383,4000735.2055738308,0.0,0.0,23.0,0.0,2948,2948,279,0.094640434192673,102614255.2630632,727814.564263236,0.007092723738991248,0.1455629128526472,0,4259,831197,high_default,5000000.0,rl_apr_isolated_screening,RL APR + isolated RL screening
Fin_rl_apr_isolated_screening_3,pure_rl,rl,9107305.705025677,5000000.0,9107305.705026316,4107305.7050263155,0.0,0.0,23.0,0.0,2317,2317,64,0.02762192490289167,81294225.11442746,186764.45711672207,0.0022973889824749257,0.037352891423344414,0,4259,831197,high_default,5000000.0,rl_apr_isolated_screening,RL APR + isolated RL screening
Fin_rl_apr_isolated_screening_1,pure_rl,rl,10763889.529317377,10000000.0,10763889.529316267,763889.529316267,0.0,0.0,11.0,0.0,849,849,0,0.0,29933485.771184534,0.0,0.0,0.0,0,4259,831197,none_default,10000000.0,rl_apr_isolated_screening,RL APR + isolated RL screening
Fin_rl_apr_isolated_screening_2,pure_rl,rl,16117063.159262931,10000000.0,16117063.159261491,6117063.159261491,0.0,0.0,14.0,0.0,5690,5690,0,0.0,198066911.63919756,0.0,0.0,0.0,0,4259,831197,none_default,10000000.0,rl_apr_isolated_screening,RL APR + isolated RL screening
Fin_rl_apr_isolated_screening_3,pure_rl,rl,13759378.747010808,10000000.0,13759378.747012507,3759378.747012507,0.0,0.0,10.0,0.0,3846,3846,0,0.0,134575587.05362716,0.0,0.0,0.0,0,4259,831197,none_default,10000000.0,rl_apr_isolated_screening,RL APR + isolated RL screening
Fin_rl_apr_isolated_screening_1,pure_rl,rl,13404288.535193233,10000000.0,13404288.535197347,3404288.5351973474,0.0,0.0,13.0,0.0,2315,2315,186,0.08034557235421166,81097004.07407504,334787.7011005455,0.004128237595494233,0.033478770110054554,0,4253,831197,low_default,10000000.0,rl_apr_isolated_screening,RL APR + isolated RL screening
Fin_rl_apr_isolated_screening_2,pure_rl,rl,12878083.353542497,10000000.0,12878083.35353532,2878083.3535353206,0.0,0.0,24.0,0.0,2510,2510,321,0.12788844621513945,87998281.2477285,675923.9599953403,0.007681104112619109,0.06759239599953404,0,4253,831197,low_default,10000000.0,rl_apr_isolated_screening,RL APR + isolated RL screening
Fin_rl_apr_isolated_screening_3,pure_rl,rl,15956249.5247223,10000000.0,15956249.524722055,5956249.524722055,0.0,0.0,24.0,0.0,3808,3808,42,0.011029411764705883,133365276.0947248,86993.98662193175,0.0006522986280187572,0.008699398662193174,0,4253,831197,low_default,10000000.0,rl_apr_isolated_screening,RL APR + isolated RL screening
Fin_rl_apr_isolated_screening_1,pure_rl,rl,13707533.506816339,10000000.0,13707533.506818878,3707533.5068188775,0.0,0.0,22.0,0.0,1952,1952,97,0.04969262295081967,67838393.9865988,239120.97907114742,0.0035248620289917948,0.02391209790711474,0,4254,831197,medium_default,10000000.0,rl_apr_isolated_screening,RL APR + isolated RL screening
Fin_rl_apr_isolated_screening_2,pure_rl,rl,14246195.178987471,10000000.0,14246195.178988852,4246195.178988852,0.0,0.0,17.0,0.0,2908,2908,293,0.10075653370013755,101901115.52347854,590834.6623267492,0.005798117707461386,0.059083466232674915,0,4254,831197,medium_default,10000000.0,rl_apr_isolated_screening,RL APR + isolated RL screening
Fin_rl_apr_isolated_screening_3,pure_rl,rl,15115936.693170581,10000000.0,15115936.69317315,5115936.69317315,0.0,0.0,6.0,0.0,2977,2977,82,0.027544507893852873,104299087.52411005,199728.04965071855,0.001914954908925247,0.019972804965071856,0,4254,831197,medium_default,10000000.0,rl_apr_isolated_screening,RL APR + isolated RL screening
Fin_rl_apr_isolated_screening_1,pure_rl,rl,13191206.336772598,10000000.0,13191206.336773055,3191206.3367730547,0.0,0.0,17.0,0.0,2123,2123,129,0.06076307112576543,75135513.93570442,478051.3276241174,0.0063625215638133436,0.04780513276241174,0,4250,831197,high_default,10000000.0,rl_apr_isolated_screening,RL APR + isolated RL screening
Fin_rl_apr_isolated_screening_2,pure_rl,rl,11959886.393642953,10000000.0,11959886.393641464,1959886.3936414644,0.0,0.0,7.0,0.0,1591,1591,355,0.2231301068510371,55332540.992303595,920372.8282196862,0.016633482065240852,0.09203728282196862,0,4250,831197,high_default,10000000.0,rl_apr_isolated_screening,RL APR + isolated RL screening
Fin_rl_apr_isolated_screening_3,pure_rl,rl,13043053.599342449,10000000.0,13043053.599342883,3043053.5993428826,0.0,0.0,20.0,0.0,1936,1936,66,0.03409090909090909,68111509.98195499,216099.70107837114,0.0031727339642833225,0.021609970107837113,0,4250,831197,high_default,10000000.0,rl_apr_isolated_screening,RL APR + isolated RL screening
Fin_rl_apr_fl_rl_screening_1,pure_rl,fl_rl,5585699.3099722825,1000000.0,5585699.309972005,4585699.309972005,0.0,0.0,6.0,0.0,2509,2509,0,0.0,87229236.20812762,0.0,0.0,0.0,0,4267,831197,none_default,1000000.0,rl_apr_fl_rl_screening,RL APR + FL-RL (FedAvg) screening
Fin_rl_apr_fl_rl_screening_2,pure_rl,fl_rl,6091199.415016134,1000000.0,6091199.415015845,5091199.415015845,0.0,0.0,6.0,0.0,2940,2940,0,0.0,98297589.14605454,0.0,0.0,0.0,0,4267,831197,none_default,1000000.0,rl_apr_fl_rl_screening,RL APR + FL-RL (FedAvg) screening
Fin_rl_apr_fl_rl_screening_3,pure_rl,fl_rl,5853200.618290948,1000000.0,5853200.618290828,4853200.618290828,0.0,0.0,6.0,0.0,2389,2389,0,0.0,82323821.1388427,0.0,0.0,0.0,0,4267,831197,none_default,1000000.0,rl_apr_fl_rl_screening,RL APR + FL-RL (FedAvg) screening
Fin_rl_apr_fl_rl_screening_1,pure_rl,fl_rl,3577592.777776538,1000000.0,3577592.777776697,2577592.777776697,0.0,0.0,6.0,0.0,1721,1721,85,0.04938988959907031,57974560.08305123,191942.3075358116,0.003310802311580207,0.1919423075358116,0,4278,831197,low_default,1000000.0,rl_apr_fl_rl_screening,RL APR + FL-RL (FedAvg) screening
Fin_rl_apr_fl_rl_screening_2,pure_rl,fl_rl,5101198.2879660735,1000000.0,5101198.287966117,4101198.2879661173,0.0,0.0,6.0,0.0,2208,2208,65,0.029438405797101448,78274946.12313023,130737.77304098036,0.0016702377902033123,0.13073777304098036,0,4278,831197,low_default,1000000.0,rl_apr_fl_rl_screening,RL APR + FL-RL (FedAvg) screening
Fin_rl_apr_fl_rl_screening_3,pure_rl,fl_rl,6103607.735309134,1000000.0,6103607.735309542,5103607.735309542,0.0,0.0,6.0,0.0,2917,2917,24,0.0082276311278711,96757531.37502475,48359.89493388443,0.0004998049686328312,0.048359894933884436,0,4278,831197,low_default,1000000.0,rl_apr_fl_rl_screening,RL APR + FL-RL (FedAvg) screening
Fin_rl_apr_fl_rl_screening_1,pure_rl,fl_rl,4056967.5987349106,1000000.0,4056967.598734827,3056967.598734827,0.0,0.0,6.0,0.0,1960,1960,54,0.027551020408163266,66009279.06969834,122459.71022251515,0.0018551893301729826,0.12245971022251514,0,4261,831197,medium_default,1000000.0,rl_apr_fl_rl_screening,RL APR + FL-RL (FedAvg) screening
Fin_rl_apr_fl_rl_screening_2,pure_rl,fl_rl,4288197.385341262,1000000.0,4288197.385342002,3288197.385342002,0.0,0.0,6.0,0.0,1942,1942,78,0.04016477857878476,68218892.43071254,172431.1919883213,0.0025276164101235366,0.17243119198832133,0,4261,831197,medium_default,1000000.0,rl_apr_fl_rl_screening,RL APR + FL-RL (FedAvg) screening
Fin_rl_apr_fl_rl_screening_3,pure_rl,fl_rl,5583448.18734335,1000000.0,5583448.187343747,4583448.187343747,0.0,0.0,9.0,0.0,2635,2635,36,0.01366223908918406,88055037.74305646,84068.05688292327,0.0009547217176629104,0.08406805688292326,0,4261,831197,medium_default,1000000.0,rl_apr_fl_rl_screening,RL APR + FL-RL (FedAvg) screening
Fin_rl_apr_fl_rl_screening_1,pure_rl,fl_rl,3569626.666256244,1000000.0,3569626.6662557377,2569626.6662557377,0.0,0.0,6.0,0.0,1502,1502,90,0.05992010652463382,52309554.423481815,277542.588591758,0.005305772370853322,0.277542588591758,0,4257,831197,high_default,1000000.0,rl_apr_fl_rl_screening,RL APR + FL-RL (FedAvg) screening
Fin_rl_apr_fl_rl_screening_2,pure_rl,fl_rl,2589445.144081324,1000000.0,2589445.144081765,1589445.1440817649,0.0,0.0,7.0,0.0,1035,1035,126,0.12173913043478261,36941427.70554838,346620.8488586602,0.009382984643189625,0.3466208488586602,0,4257,831197,high_default,1000000.0,rl_apr_fl_rl_screening,RL APR + FL-RL (FedAvg) screening
Fin_rl_apr_fl_rl_screening_3,pure_rl,fl_rl,5172174.577005811,1000000.0,5172174.577005779,4172174.5770057794,0.0,0.0,7.0,0.0,2157,2157,47,0.021789522484932777,72502227.31735857,131942.36483762736,0.0018198387790224146,0.13194236483762736,0,4257,831197,high_default,1000000.0,rl_apr_fl_rl_screening,RL APR + FL-RL (FedAvg) screening
Fin_rl_apr_fl_rl_screening_1,pure_rl,fl_rl,8826133.651609395,5000000.0,8826133.65160757,3826133.6516075693,0.0,0.0,9.0,0.0,3932,3932,0,0.0,136677063.93687937,0.0,0.0,0.0,0,4255,831197,none_default,5000000.0,rl_apr_fl_rl_screening,RL APR + FL-RL (FedAvg) screening
Fin_rl_apr_fl_rl_screening_2,pure_rl,fl_rl,10457318.574541764,5000000.0,10457318.57453864,5457318.574538641,0.0,0.0,14.0,0.0,4721,4721,0,0.0,165245457.81024858,0.0,0.0,0.0,0,4255,831197,none_default,5000000.0,rl_apr_fl_rl_screening,RL APR + FL-RL (FedAvg) screening
Fin_rl_apr_fl_rl_screening_3,pure_rl,fl_rl,6806525.9550946085,5000000.0,6806525.955097138,1806525.955097138,0.0,0.0,14.0,0.0,1715,1715,0,0.0,60021537.44418702,0.0,0.0,0.0,0,4255,831197,none_default,5000000.0,rl_apr_fl_rl_screening,RL APR + FL-RL (FedAvg) screening
Fin_rl_apr_fl_rl_screening_1,pure_rl,fl_rl,9746526.879388377,5000000.0,9746526.879389152,4746526.879389152,0.0,0.0,6.0,0.0,2939,2939,91,0.030962912555290916,103377741.16562493,194649.61771625216,0.0018828967969458485,0.038929923543250436,0,4267,831197,low_default,5000000.0,rl_apr_fl_rl_screening,RL APR + FL-RL (FedAvg) screening
Fin_rl_apr_fl_rl_screening_2,pure_rl,fl_rl,7946904.290242076,5000000.0,7946904.290241969,2946904.290241969,0.0,0.0,8.0,0.0,1742,1742,132,0.07577497129735936,60077359.922891945,251666.79113789948,0.004189045448416985,0.050333358227579894,0,4267,831197,low_default,5000000.0,rl_apr_fl_rl_screening,RL APR + FL-RL (FedAvg) screening
Fin_rl_apr_fl_rl_screening_3,pure_rl,fl_rl,11131737.980681615,5000000.0,11131737.98068292,6131737.980682921,0.0,0.0,8.0,0.0,3165,3165,50,0.01579778830963665,110354175.9388263,101852.34394605507,0.0009229586744638995,0.020370468789211015,0,4267,831197,low_default,5000000.0,rl_apr_fl_rl_screening,RL APR + FL-RL (FedAvg) screening
Fin_rl_apr_fl_rl_screening_1,pure_rl,fl_rl,5846745.207792022,5000000.0,5846745.207791497,846745.207791497,0.0,0.0,22.0,0.0,638,638,77,0.1206896551724138,22841256.374510333,192501.60091326066,0.008427802646096234,0.038500320182652134,0,4240,831197,medium_default,5000000.0,rl_apr_fl_rl_screening,RL APR + FL-RL (FedAvg) screening
Fin_rl_apr_fl_rl_screening_2,pure_rl,fl_rl,7600559.842483587,5000000.0,7600559.842486209,2600559.8424862092,0.0,0.0,7.0,0.0,1538,1538,108,0.07022106631989597,53474121.054467164,244661.91989520311,0.004575333171834609,0.04893238397904062,0,4240,831197,medium_default,5000000.0,rl_apr_fl_rl_screening,RL APR + FL-RL (FedAvg) screening
Fin_rl_apr_fl_rl_screening_3,pure_rl,fl_rl,13188565.557020787,5000000.0,13188565.557020314,8188565.557020314,0.0,0.0,6.0,0.0,4100,4100,89,0.02170731707317073,143597425.86184964,187661.3394959531,0.001306857266901817,0.037532267899190626,0,4240,831197,medium_default,5000000.0,rl_apr_fl_rl_screening,RL APR + FL-RL (FedAvg) screening
Fin_rl_apr_fl_rl_screening_1,pure_rl,fl_rl,5093213.6892112205,5000000.0,5093213.689211114,93213.68921111431,0.0,0.0,24.0,0.0,250,250,83,0.332,8747759.265406702,268307.00728042977,0.0306715124570767,0.05366140145608595,0,4251,831197,high_default,5000000.0,rl_apr_fl_rl_screening,RL APR + FL-RL (FedAvg) screening
Fin_rl_apr_fl_rl_screening_2,pure_rl,fl_rl,8463560.143661365,5000000.0,8463560.143659102,3463560.143659102,0.0,0.0,17.0,0.0,2379,2379,216,0.09079445145018916,82878044.39897352,561377.9992078121,0.006773543020698556,0.11227559984156242,0,4251,831197,high_default,5000000.0,rl_apr_fl_rl_screening,RL APR + FL-RL (FedAvg) screening
Fin_rl_apr_fl_rl_screening_3,pure_rl,fl_rl,11795900.264251642,5000000.0,11795900.264246589,6795900.264246589,0.0,0.0,10.0,0.0,3789,3789,93,0.02454473475851148,133459044.70547411,269081.20267751784,0.0020162080679607987,0.053816240535503566,0,4251,831197,high_default,5000000.0,rl_apr_fl_rl_screening,RL APR + FL-RL (FedAvg) screening
Fin_rl_apr_fl_rl_screening_1,pure_rl,fl_rl,11135337.870636228,10000000.0,11135337.870638382,1135337.8706383817,0.0,0.0,11.0,0.0,1442,1442,0,0.0,50094861.82546449,0.0,0.0,0.0,0,4254,831197,none_default,10000000.0,rl_apr_fl_rl_screening,RL APR + FL-RL (FedAvg) screening
Fin_rl_apr_fl_rl_screening_2,pure_rl,fl_rl,14789894.521710277,10000000.0,14789894.521712366,4789894.5217123665,0.0,0.0,14.0,0.0,6393,6393,0,0.0,222984884.61052963,0.0,0.0,0.0,0,4254,831197,none_default,10000000.0,rl_apr_fl_rl_screening,RL APR + FL-RL (FedAvg) screening
Fin_rl_apr_fl_rl_screening_3,pure_rl,fl_rl,11882803.269259557,10000000.0,11882803.269261865,1882803.269261865,0.0,0.0,12.0,0.0,2554,2554,0,0.0,89121082.88357568,0.0,0.0,0.0,0,4254,831197,none_default,10000000.0,rl_apr_fl_rl_screening,RL APR + FL-RL (FedAvg) screening
Fin_rl_apr_fl_rl_screening_1,pure_rl,fl_rl,14313553.89738507,10000000.0,14313553.897378113,4313553.897378113,0.0,0.0,12.0,0.0,2403,2403,97,0.040366208905534745,84023007.4177217,189509.4266155107,0.0022554468405702453,0.01895094266155107,0,4265,831197,low_default,10000000.0,rl_apr_fl_rl_screening,RL APR + FL-RL (FedAvg) screening
Fin_rl_apr_fl_rl_screening_2,pure_rl,fl_rl,13758417.18402946,10000000.0,13758417.184031414,3758417.184031414,0.0,0.0,13.0,0.0,2183,2183,155,0.07100320659642693,75527296.58346985,324763.35231532255,0.004299946734574388,0.032476335231532254,0,4265,831197,low_default,10000000.0,rl_apr_fl_rl_screening,RL APR + FL-RL (FedAvg) screening
Fin_rl_apr_fl_rl_screening_3,pure_rl,fl_rl,16263394.545267968,10000000.0,16263394.545271404,6263394.545271404,0.0,0.0,22.0,0.0,3513,3513,62,0.017648733276401936,123160039.7544651,127260.34901917394,0.0010332925295646488,0.012726034901917394,0,4265,831197,low_default,10000000.0,rl_apr_fl_rl_screening,RL APR + FL-RL (FedAvg) screening
Fin_rl_apr_fl_rl_screening_1,pure_rl,fl_rl,14081187.006677503,10000000.0,14081187.006682651,4081187.006682651,0.0,0.0,23.0,0.0,2286,2286,60,0.026246719160104987,79867477.87487392,162121.33024789952,0.0020298791768771055,0.01621213302478995,0,4257,831197,medium_default,10000000.0,rl_apr_fl_rl_screening,RL APR + FL-RL (FedAvg) screening
Fin_rl_apr_fl_rl_screening_2,pure_rl,fl_rl,10928316.098414786,10000000.0,10928316.09841766,928316.0984176602,0.0,0.0,26.0,0.0,722,722,95,0.13157894736842105,25357702.690781623,221022.55476739892,0.00871619000595618,0.022102255476739892,0,4257,831197,medium_default,10000000.0,rl_apr_fl_rl_screening,RL APR + FL-RL (FedAvg) screening
Fin_rl_apr_fl_rl_screening_3,pure_rl,fl_rl,19095671.38841582,10000000.0,19095671.388412368,9095671.388412368,0.0,0.0,24.0,0.0,4817,4817,52,0.010795100685073698,168905889.84605163,108452.03566274332,0.000642085576539642,0.010845203566274332,0,4257,831197,medium_default,10000000.0,rl_apr_fl_rl_screening,RL APR + FL-RL (FedAvg) screening
Fin_rl_apr_fl_rl_screening_1,pure_rl,fl_rl,12951652.18121512,10000000.0,12951652.18120876,2951652.1812087595,0.0,0.0,20.0,0.0,1821,1821,97,0.05326743547501373,63921237.53851147,335899.36637833004,0.0052548946064436925,0.033589936637833,0,4237,831197,high_default,10000000.0,rl_apr_fl_rl_screening,RL APR + FL-RL (FedAvg) screening
Fin_rl_apr_fl_rl_screening_2,pure_rl,fl_rl,11179137.50768339,10000000.0,11179137.50767955,1179137.50767955,0.0,0.0,22.0,0.0,868,868,140,0.16129032258064516,30247732.23553895,375073.24102411943,0.012400045005140414,0.03750732410241194,0,4237,831197,high_default,10000000.0,rl_apr_fl_rl_screening,RL APR + FL-RL (FedAvg) screening
Fin_rl_apr_fl_rl_screening_3,pure_rl,fl_rl,16873550.765591692,10000000.0,16873550.76558767,6873550.765587669,0.0,0.0,29.0,0.0,3905,3905,82,0.020998719590268885,136835531.85870272,250723.69930556265,0.0018322996658825547,0.025072369930556265,0,4237,831197,high_default,10000000.0,rl_apr_fl_rl_screening,RL APR + FL-RL (FedAvg) screening
Fin_rl_apr_no_screening_1,pure_rl,none,6465514.549341,1000000.0,6465514.549340448,5465514.549340448,0.0,0.0,10.0,0.0,3023,3023,0,0.0,104368660.360702,0.0,0.0,0.0,0,4249,831197,none_default,1000000.0,rl_apr_no_screening,RL APR + no screening
Fin_rl_apr_no_screening_2,pure_rl,none,3630067.3403303437,1000000.0,3630067.3403306287,2630067.3403306287,0.0,0.0,6.0,0.0,1976,1976,0,0.0,64130139.00464111,0.0,0.0,0.0,0,4249,831197,none_default,1000000.0,rl_apr_no_screening,RL APR + no screening
Fin_rl_apr_no_screening_3,pure_rl,none,4991856.702979589,1000000.0,4991856.702979483,3991856.7029794827,0.0,0.0,6.0,0.0,2621,2621,0,0.0,88719249.61036637,0.0,0.0,0.0,0,4249,831197,none_default,1000000.0,rl_apr_no_screening,RL APR + no screening
Fin_rl_apr_no_screening_1,pure_rl,none,4255390.124354038,1000000.0,4255390.124353844,3255390.1243538437,0.0,0.0,6.0,0.0,2314,2314,179,0.0773552290406223,73851020.96226996,343538.69210678956,0.004651779862086151,0.34353869210678956,0,4247,831197,low_default,1000000.0,rl_apr_no_screening,RL APR + no screening
Fin_rl_apr_no_screening_2,pure_rl,none,5422569.7991310535,1000000.0,5422569.799131521,4422569.799131521,0.0,0.0,6.0,0.0,2646,2646,132,0.049886621315192746,90377282.90267393,267445.32278753945,0.002959209595574451,0.26744532278753946,0,4247,831197,low_default,1000000.0,rl_apr_no_screening,RL APR + no screening
Fin_rl_apr_no_screening_3,pure_rl,none,5002026.5782918045,1000000.0,5002026.578290999,4002026.578290999,0.0,0.0,6.0,0.0,2333,2333,130,0.05572224603514788,81047887.68502524,263102.476019926,0.0032462595082356225,0.26310247601992603,0,4247,831197,low_default,1000000.0,rl_apr_no_screening,RL APR + no screening
Fin_rl_apr_no_screening_1,pure_rl,none,5101147.286802843,1000000.0,5101147.286802501,4101147.2868025014,0.0,0.0,7.0,0.0,2481,2481,194,0.07819427650141073,83375950.35187893,454964.30885448994,0.0054567810853653085,0.45496430885448996,0,4281,831197,medium_default,1000000.0,rl_apr_no_screening,RL APR + no screening
Fin_rl_apr_no_screening_2,pure_rl,none,3684766.4667326263,1000000.0,3684766.466732572,2684766.466732572,0.0,0.0,7.0,0.0,1776,1776,206,0.11599099099099099,60187604.63004539,442228.7430957942,0.007347505284751531,0.44222874309579424,0,4281,831197,medium_default,1000000.0,rl_apr_no_screening,RL APR + no screening
Fin_rl_apr_no_screening_3,pure_rl,none,4567630.6835998045,1000000.0,4567630.683599975,3567630.683599975,0.0,0.0,6.0,0.0,2321,2321,249,0.10728134424816889,80175963.17568691,588058.5336416586,0.007334598929021477,0.5880585336416586,0,4281,831197,medium_default,1000000.0,rl_apr_no_screening,RL APR + no screening
Fin_rl_apr_no_screening_1,pure_rl,none,3729353.4847526667,1000000.0,3729353.4847527537,2729353.4847527537,0.0,0.0,7.0,0.0,2342,2342,431,0.18403074295473953,75116250.43767639,1318764.6561713514,0.01755631635614619,1.3187646561713515,0,4281,831197,high_default,1000000.0,rl_apr_no_screening,RL APR + no screening
Fin_rl_apr_no_screening_2,pure_rl,none,4223726.980790989,1000000.0,4223726.980790221,3223726.980790221,0.0,0.0,7.0,0.0,2115,2115,306,0.14468085106382977,75126433.11196266,863343.7946139446,0.011491877876423114,0.8633437946139446,0,4281,831197,high_default,1000000.0,rl_apr_no_screening,RL APR + no screening
Fin_rl_apr_no_screening_3,pure_rl,none,2928145.8621382015,1000000.0,2928145.8621382583,1928145.8621382583,0.0,0.0,7.0,0.0,1648,1648,315,0.19114077669902912,55601246.38909512,794622.2622877121,0.014291446934965807,0.794622262287712,0,4281,831197,high_default,1000000.0,rl_apr_no_screening,RL APR + no screening
Fin_rl_apr_no_screening_1,pure_rl,none,7052063.400382134,5000000.0,7052063.400381677,2052063.4003816769,0.0,0.0,10.0,0.0,3450,3450,0,0.0,121410380.28200458,0.0,0.0,0.0,0,4251,831197,none_default,5000000.0,rl_apr_no_screening,RL APR + no screening
Fin_rl_apr_no_screening_2,pure_rl,none,7075460.143765162,5000000.0,7075460.143765026,2075460.1437650258,0.0,0.0,6.0,0.0,3496,3496,0,0.0,123004326.10538751,0.0,0.0,0.0,0,4251,831197,none_default,5000000.0,rl_apr_no_screening,RL APR + no screening
Fin_rl_apr_no_screening_3,pure_rl,none,7026016.655528606,5000000.0,7026016.655528871,2026016.6555288713,0.0,0.0,6.0,0.0,3428,3428,0,0.0,120012544.68619448,0.0,0.0,0.0,0,4251,831197,none_default,5000000.0,rl_apr_no_screening,RL APR + no screening
Fin_rl_apr_no_screening_1,pure_rl,none,6496040.092231229,5000000.0,6496040.0922298925,1496040.0922298925,0.0,0.0,10.0,0.0,2589,2589,329,0.12707609115488605,91716780.64720972,471166.495538922,0.005137189642005345,0.0942332991077844,0,4281,831197,low_default,5000000.0,rl_apr_no_screening,RL APR + no screening
Fin_rl_apr_no_screening_2,pure_rl,none,6276890.62628295,5000000.0,6276890.626284129,1276890.626284129,0.0,0.0,8.0,0.0,2413,2413,320,0.1326150020721094,84604915.42014958,441043.0684362401,0.0052129721570669035,0.08820861368724801,0,4281,831197,low_default,5000000.0,rl_apr_no_screening,RL APR + no screening
Fin_rl_apr_no_screening_3,pure_rl,none,8874601.634111844,5000000.0,8874601.634112822,3874601.634112822,0.0,0.0,7.0,0.0,5348,5348,674,0.12602842183994017,186883524.9318541,1105285.870899573,0.005914303421356209,0.2210571741799146,0,4281,831197,low_default,5000000.0,rl_apr_no_screening,RL APR + no screening
Fin_rl_apr_no_screening_1,pure_rl,none,6056016.849392894,5000000.0,6056016.849393055,1056016.8493930548,0.0,0.0,8.0,0.0,3746,3746,869,0.23198077949813134,130783359.14714065,1509525.6855950437,0.011542184689542339,0.30190513711900874,0,4290,831197,medium_default,5000000.0,rl_apr_no_screening,RL APR + no screening
Fin_rl_apr_no_screening_2,pure_rl,none,6000851.501300491,5000000.0,6000851.501301319,1000851.5013013193,0.0,0.0,8.0,0.0,3144,3144,729,0.2318702290076336,110699990.45943221,1286204.808825041,0.011618833962739963,0.2572409617650082,0,4290,831197,medium_default,5000000.0,rl_apr_no_screening,RL APR + no screening
Fin_rl_apr_no_screening_3,pure_rl,none,6107415.971364208,5000000.0,6107415.971365545,1107415.971365545,0.0,0.0,8.0,0.0,3462,3462,801,0.231369150779896,120925621.8269361,1396016.3532300221,0.01154442153895181,0.2792032706460044,0,4290,831197,medium_default,5000000.0,rl_apr_no_screening,RL APR + no screening
Fin_rl_apr_no_screening_1,pure_rl,none,4925109.878521664,5000000.0,4925109.878522511,-74890.12147748936,74890.12147748936,0.014978024295497872,11.0,0.0,2361,2361,842,0.3566285472257518,82602759.72457103,1975501.1853751817,0.02391568020199631,0.39510023707503633,0,4269,831197,high_default,5000000.0,rl_apr_no_screening,RL APR + no screening
Fin_rl_apr_no_screening_2,pure_rl,none,4871608.646967518,5000000.0,4871608.646967661,-128391.35303233936,128391.35303233936,0.025678270606467872,7.0,0.0,3862,3862,1386,0.3588814085965821,135068729.57305858,3414250.1292162663,0.025277872532068948,0.6828500258432533,0,4269,831197,high_default,5000000.0,rl_apr_no_screening,RL APR + no screening
Fin_rl_apr_no_screening_3,pure_rl,none,4847008.615315832,5000000.0,4847008.615315053,-152991.38468494732,152991.38468494732,0.030598276936989462,7.0,0.0,4163,4163,1494,0.35887581071342783,144499477.6634359,3643365.1962846974,0.02521369111638397,0.7286730392569395,0,4269,831197,high_default,5000000.0,rl_apr_no_screening,RL APR + no screening
Fin_rl_apr_no_screening_1,pure_rl,none,10343770.768460758,10000000.0,10343770.768460408,343770.76846040785,0.0,0.0,21.0,0.0,494,494,0,0.0,17717101.344130192,0.0,0.0,0.0,0,4256,831197,none_default,10000000.0,rl_apr_no_screening,RL APR + no screening
Fin_rl_apr_no_screening_2,pure_rl,none,15270021.704328597,10000000.0,15270021.704328526,5270021.704328526,0.0,0.0,14.0,0.0,4614,4614,0,0.0,160667731.83660054,0.0,0.0,0.0,0,4256,831197,none_default,10000000.0,rl_apr_no_screening,RL APR + no screening
Fin_rl_apr_no_screening_3,pure_rl,none,15983127.104472172,10000000.0,15983127.104479179,5983127.104479179,0.0,0.0,17.0,0.0,5309,5309,0,0.0,185279096.1801356,0.0,0.0,0.0,0,4256,831197,none_default,10000000.0,rl_apr_no_screening,RL APR + no screening
Fin_rl_apr_no_screening_1,pure_rl,none,11600447.67704852,10000000.0,11600447.677052142,1600447.677052142,0.0,0.0,6.0,0.0,3615,3615,481,0.1330567081604426,126645517.45269585,592905.699923459,0.004681616150724947,0.059290569992345894,0,4244,831197,low_default,10000000.0,rl_apr_no_screening,RL APR + no screening
Fin_rl_apr_no_screening_2,pure_rl,none,11385838.240729501,10000000.0,11385838.24072969,1385838.2407296896,0.0,0.0,7.0,0.0,3124,3124,410,0.13124199743918052,109325675.68939784,511077.13788022834,0.004674813438448215,0.051107713788022834,0,4244,831197,low_default,10000000.0,rl_apr_no_screening,RL APR + no screening
Fin_rl_apr_no_screening_3,pure_rl,none,11669987.04177682,10000000.0,11669987.041774089,1669987.0417740885,0.0,0.0,6.0,0.0,3644,3644,433,0.11882546652030736,127267625.29163869,533563.541531774,0.0041924530320188854,0.053356354153177396,0,4244,831197,low_default,10000000.0,rl_apr_no_screening,RL APR + no screening
Fin_rl_apr_no_screening_1,pure_rl,none,11026610.01183376,10000000.0,11026610.011836933,1026610.011836933,0.0,0.0,7.0,0.0,3605,3605,832,0.2307905686546463,126439844.41166562,1391590.8832184053,0.011005952195635682,0.13915908832184054,0,4267,831197,medium_default,10000000.0,rl_apr_no_screening,RL APR + no screening
Fin_rl_apr_no_screening_2,pure_rl,none,11044618.858285291,10000000.0,11044618.858285623,1044618.8582856227,0.0,0.0,9.0,0.0,3608,3608,844,0.23392461197339245,126786540.85086857,1452408.946214624,0.011455545174333653,0.1452408946214624,0,4267,831197,medium_default,10000000.0,rl_apr_no_screening,RL APR + no screening
Fin_rl_apr_no_screening_3,pure_rl,none,10935943.07577207,10000000.0,10935943.075770127,935943.0757701267,0.0,0.0,6.0,0.0,3161,3161,712,0.22524517557734894,111181977.49722573,1252947.8880560205,0.011269343433716895,0.12529478880560205,0,4267,831197,medium_default,10000000.0,rl_apr_no_screening,RL APR + no screening
Fin_rl_apr_no_screening_1,pure_rl,none,9915724.318595374,10000000.0,9915724.318595724,-84275.68140427582,84275.68140427582,0.008427568140427583,6.0,0.0,2705,2705,951,0.35157116451016635,94221734.36259781,2386600.3934177593,0.02532961645805941,0.23866003934177593,0,4280,831197,high_default,10000000.0,rl_apr_no_screening,RL APR + no screening
Fin_rl_apr_no_screening_2,pure_rl,none,9966161.80339918,10000000.0,9966161.803399753,-33838.196600247175,33838.196600247175,0.0033838196600247173,12.0,0.0,2293,2293,835,0.36415176624509377,80053125.42234291,2011043.475024086,0.025121361151288688,0.2011043475024086,0,4280,831197,high_default,10000000.0,rl_apr_no_screening,RL APR + no screening
Fin_rl_apr_no_screening_3,pure_rl,none,9757790.47034953,10000000.0,9757790.47034657,-242209.52965342999,242209.52965342999,0.024220952965342997,28.0,0.0,5358,5358,1913,0.35703620754012694,187377303.63432992,4635997.908747856,0.024741512546231782,0.46359979087478553,0,4280,831197,high_default,10000000.0,rl_apr_no_screening,RL APR + no screening
Fin_fixed_6_no_screening_1,fixed_6,none,1914541.8226681454,1000000.0,1914541.8226681952,914541.8226681952,0.0,0.0,6.0,0.0,1767,1767,0,0.0,54419629.08850218,0.0,0.0,0.0,0,4250,831197,none_default,1000000.0,fixed_6_no_screening,Fixed 6% APR + no screening
Fin_fixed_6_no_screening_2,fixed_6,none,1912170.434948743,1000000.0,1912170.4349487477,912170.4349487477,0.0,0.0,6.0,0.0,1754,1754,0,0.0,54184431.61949793,0.0,0.0,0.0,0,4250,831197,none_default,1000000.0,fixed_6_no_screening,Fixed 6% APR + no screening
Fin_fixed_6_no_screening_3,fixed_6,none,1913329.1547226037,1000000.0,1913329.1547226058,913329.1547226058,0.0,0.0,6.0,0.0,1765,1765,0,0.0,54235208.15495254,0.0,0.0,0.0,0,4250,831197,none_default,1000000.0,fixed_6_no_screening,Fixed 6% APR + no screening
Fin_fixed_6_no_screening_1,fixed_6,none,1603688.0146073033,1000000.0,1603688.0146072882,603688.0146072882,0.0,0.0,6.0,0.0,1584,1584,209,0.13194444444444445,48131283.527631275,230611.9078866639,0.004791310162220667,0.23061190788666389,0,4254,831197,low_default,1000000.0,fixed_6_no_screening,Fixed 6% APR + no screening
Fin_fixed_6_no_screening_2,fixed_6,none,1610049.2757589011,1000000.0,1610049.275758931,610049.275758931,0.0,0.0,6.0,0.0,1589,1589,215,0.13530522341095028,48032934.73338159,223427.74612913662,0.004651553093087614,0.22342774612913663,0,4254,831197,low_default,1000000.0,fixed_6_no_screening,Fixed 6% APR + no screening
Fin_fixed_6_no_screening_3,fixed_6,none,1647012.4538007367,1000000.0,1647012.4538006987,647012.4538006987,0.0,0.0,6.0,0.0,1611,1611,183,0.11359404096834265,48806596.768468775,201952.00440018566,0.004137801399229204,0.20195200440018565,0,4254,831197,low_default,1000000.0,fixed_6_no_screening,Fixed 6% APR + no screening
Fin_fixed_6_no_screening_1,fixed_6,none,1283884.116205549,1000000.0,1283884.116205603,283884.1162056029,0.0,0.0,6.0,0.0,1433,1433,340,0.23726448011165388,42225632.24547458,470886.75326756306,0.011151680347380214,0.4708867532675631,0,4271,831197,medium_default,1000000.0,fixed_6_no_screening,Fixed 6% APR + no screening
Fin_fixed_6_no_screening_2,fixed_6,none,1292404.2570551648,1000000.0,1292404.2570552211,292404.2570552211,0.0,0.0,6.0,0.0,1429,1429,335,0.2344296710986704,42076225.52044894,454936.4610990215,0.010812197517049706,0.45493646109902147,0,4271,831197,medium_default,1000000.0,fixed_6_no_screening,Fixed 6% APR + no screening
Fin_fixed_6_no_screening_3,fixed_6,none,1318262.8641477404,1000000.0,1318262.864147731,318262.8641477311,0.0,0.0,6.0,0.0,1429,1429,328,0.22953114065780267,42468191.09574102,435336.47319942643,0.010250883354508706,0.4353364731994264,0,4271,831197,medium_default,1000000.0,fixed_6_no_screening,Fixed 6% APR + no screening
Fin_fixed_6_no_screening_1,fixed_6,none,846244.7282879557,1000000.0,846244.7282879491,-153755.2717120509,153755.2717120509,0.1537552717120509,6.0,0.0,1185,1185,415,0.350210970464135,33529891.894788586,768253.4067500856,0.022912492803756762,0.7682534067500857,0,4269,831197,high_default,1000000.0,fixed_6_no_screening,Fixed 6% APR + no screening
Fin_fixed_6_no_screening_2,fixed_6,none,890050.6481637661,1000000.0,890050.6481637635,-109949.35183623654,109949.35183623654,0.10994935183623654,6.0,0.0,1219,1219,418,0.34290401968826906,34762710.648606956,744842.4433913148,0.02142647766799402,0.7448424433913148,0,4269,831197,high_default,1000000.0,fixed_6_no_screening,Fixed 6% APR + no screening
Fin_fixed_6_no_screening_3,fixed_6,none,788004.5860249542,1000000.0,788004.5860249375,-211995.41397506255,211995.41397506255,0.21199541397506255,6.0,0.0,1133,1133,423,0.3733451015004413,31948098.488899272,806083.0376408941,0.025231017674525347,0.8060830376408941,0,4269,831197,high_default,1000000.0,fixed_6_no_screening,Fixed 6% APR + no screening
Fin_fixed_6_no_screening_1,fixed_6,none,7008840.52552424,5000000.0,7008840.525525823,2008840.5255258232,0.0,0.0,6.0,0.0,3435,3435,0,0.0,119049127.62769209,0.0,0.0,0.0,0,4244,831197,none_default,5000000.0,fixed_6_no_screening,Fixed 6% APR + no screening
Fin_fixed_6_no_screening_2,fixed_6,none,7058303.067951054,5000000.0,7058303.067952509,2058303.067952509,0.0,0.0,6.0,0.0,3487,3487,0,0.0,121987998.01054516,0.0,0.0,0.0,0,4244,831197,none_default,5000000.0,fixed_6_no_screening,Fixed 6% APR + no screening
Fin_fixed_6_no_screening_3,fixed_6,none,7038602.961629315,5000000.0,7038602.961629234,2038602.9616292343,0.0,0.0,6.0,0.0,3467,3467,0,0.0,120691155.65688609,0.0,0.0,0.0,0,4244,831197,none_default,5000000.0,fixed_6_no_screening,Fixed 6% APR + no screening
Fin_fixed_6_no_screening_1,fixed_6,none,6547633.175862834,5000000.0,6547633.17586376,1547633.1758637596,0.0,0.0,6.0,0.0,3434,3434,420,0.12230634828188701,119539110.8043939,513749.77226012835,0.004297754674625239,0.10274995445202567,0,4292,831197,low_default,5000000.0,fixed_6_no_screening,Fixed 6% APR + no screening
Fin_fixed_6_no_screening_2,fixed_6,none,6553231.038828563,5000000.0,6553231.038828913,1553231.0388289131,0.0,0.0,6.0,0.0,3465,3465,458,0.13217893217893217,121329849.60368714,553711.684844568,0.00456368887502306,0.1107423369689136,0,4292,831197,low_default,5000000.0,fixed_6_no_screening,Fixed 6% APR + no screening
Fin_fixed_6_no_screening_3,fixed_6,none,6526057.951587547,5000000.0,6526057.951586136,1526057.9515861357,0.0,0.0,6.0,0.0,3445,3445,459,0.1332365747460087,120093693.16867377,559090.0008466664,0.004655448476061223,0.11181800016933328,0,4292,831197,low_default,5000000.0,fixed_6_no_screening,Fixed 6% APR + no screening
Fin_fixed_6_no_screening_1,fixed_6,none,5837296.954237301,5000000.0,5837296.954240102,837296.9542401023,0.0,0.0,6.0,0.0,3407,3407,793,0.23275609040211329,119068146.14778854,1284530.215050241,0.010788193623640278,0.2569060430100482,0,4275,831197,medium_default,5000000.0,fixed_6_no_screening,Fixed 6% APR + no screening
Fin_fixed_6_no_screening_2,fixed_6,none,5831994.879098075,5000000.0,5831994.879096955,831994.8790969551,0.0,0.0,6.0,0.0,3447,3447,782,0.22686393965767335,120116927.90719302,1292038.804255303,0.010756508901506224,0.2584077608510606,0,4275,831197,medium_default,5000000.0,fixed_6_no_screening,Fixed 6% APR + no screening
Fin_fixed_6_no_screening_3,fixed_6,none,5832337.347921049,5000000.0,5832337.347920302,832337.3479203023,0.0,0.0,6.0,0.0,3510,3510,821,0.23390313390313391,122288900.97182615,1350279.970452702,0.0110417213640982,0.2700559940905404,0,4275,831197,medium_default,5000000.0,fixed_6_no_screening,Fixed 6% APR + no screening
Fin_fixed_6_no_screening_1,fixed_6,none,4457326.0021595005,5000000.0,4457326.002160163,-542673.9978398373,542673.9978398373,0.10853479956796747,6.0,0.0,3412,3412,1242,0.36400937866354044,118915539.62480062,2736676.312549091,0.023013613874046945,0.5473352625098182,0,4272,831197,high_default,5000000.0,fixed_6_no_screening,Fixed 6% APR + no screening
Fin_fixed_6_no_screening_2,fixed_6,none,4489883.717385149,5000000.0,4489883.717384996,-510116.2826150041,510116.2826150041,0.10202325652300082,6.0,0.0,3476,3476,1254,0.36075949367088606,121432284.85221826,2743831.352491166,0.022595567198874487,0.5487662704982332,0,4272,831197,high_default,5000000.0,fixed_6_no_screening,Fixed 6% APR + no screening
Fin_fixed_6_no_screening_3,fixed_6,none,4509533.24603945,5000000.0,4509533.246039842,-490466.75396015774,490466.75396015774,0.09809335079203155,6.0,0.0,3502,3502,1244,0.355225585379783,122732015.04917455,2753637.9050619295,0.02243618263709465,0.550727581012386,0,4272,831197,high_default,5000000.0,fixed_6_no_screening,Fixed 6% APR + no screening
Fin_fixed_6_no_screening_1,fixed_6,none,12008840.525522325,10000000.0,12008840.525525823,2008840.5255258232,0.0,0.0,6.0,0.0,3435,3435,0,0.0,119049127.62769209,0.0,0.0,0.0,0,4244,831197,none_default,10000000.0,fixed_6_no_screening,Fixed 6% APR + no screening
Fin_fixed_6_no_screening_2,fixed_6,none,12058303.067954322,10000000.0,12058303.067952508,2058303.067952508,0.0,0.0,6.0,0.0,3487,3487,0,0.0,121987998.01054516,0.0,0.0,0.0,0,4244,831197,none_default,10000000.0,fixed_6_no_screening,Fixed 6% APR + no screening
Fin_fixed_6_no_screening_3,fixed_6,none,12038602.9616321,10000000.0,12038602.961629234,2038602.9616292343,0.0,0.0,6.0,0.0,3467,3467,0,0.0,120691155.65688609,0.0,0.0,0.0,0,4244,831197,none_default,10000000.0,fixed_6_no_screening,Fixed 6% APR + no screening
Fin_fixed_6_no_screening_1,fixed_6,none,11547633.175864015,10000000.0,11547633.17586376,1547633.1758637596,0.0,0.0,6.0,0.0,3434,3434,420,0.12230634828188701,119539110.8043939,513749.77226012835,0.004297754674625239,0.051374977226012836,0,4292,831197,low_default,10000000.0,fixed_6_no_screening,Fixed 6% APR + no screening
Fin_fixed_6_no_screening_2,fixed_6,none,11553231.03882531,10000000.0,11553231.038828913,1553231.0388289131,0.0,0.0,6.0,0.0,3465,3465,458,0.13217893217893217,121329849.60368714,553711.684844568,0.00456368887502306,0.0553711684844568,0,4292,831197,low_default,10000000.0,fixed_6_no_screening,Fixed 6% APR + no screening
Fin_fixed_6_no_screening_3,fixed_6,none,11526057.951583428,10000000.0,11526057.951586135,1526057.9515861347,0.0,0.0,6.0,0.0,3445,3445,459,0.1332365747460087,120093693.16867377,559090.0008466664,0.004655448476061223,0.05590900008466664,0,4292,831197,low_default,10000000.0,fixed_6_no_screening,Fixed 6% APR + no screening
Fin_fixed_6_no_screening_1,fixed_6,none,10837296.95423839,10000000.0,10837296.954240102,837296.9542401023,0.0,0.0,6.0,0.0,3407,3407,793,0.23275609040211329,119068146.14778854,1284530.215050241,0.010788193623640278,0.1284530215050241,0,4275,831197,medium_default,10000000.0,fixed_6_no_screening,Fixed 6% APR + no screening
Fin_fixed_6_no_screening_2,fixed_6,none,10831994.879094137,10000000.0,10831994.879096955,831994.8790969551,0.0,0.0,6.0,0.0,3447,3447,782,0.22686393965767335,120116927.90719302,1292038.804255303,0.010756508901506224,0.1292038804255303,0,4275,831197,medium_default,10000000.0,fixed_6_no_screening,Fixed 6% APR + no screening
Fin_fixed_6_no_screening_3,fixed_6,none,10832337.347922385,10000000.0,10832337.347920302,832337.3479203023,0.0,0.0,6.0,0.0,3510,3510,821,0.23390313390313391,122288900.97182615,1350279.970452702,0.0110417213640982,0.1350279970452702,0,4275,831197,medium_default,10000000.0,fixed_6_no_screening,Fixed 6% APR + no screening
Fin_fixed_6_no_screening_1,fixed_6,none,9457326.002159394,10000000.0,9457326.002160162,-542673.9978398383,542673.9978398383,0.05426739978398382,6.0,0.0,3412,3412,1242,0.36400937866354044,118915539.62480062,2736676.312549091,0.023013613874046945,0.2736676312549091,0,4272,831197,high_default,10000000.0,fixed_6_no_screening,Fixed 6% APR + no screening
Fin_fixed_6_no_screening_2,fixed_6,none,9489883.717385026,10000000.0,9489883.717384994,-510116.28261500597,510116.28261500597,0.051011628261500595,6.0,0.0,3476,3476,1254,0.36075949367088606,121432284.85221826,2743831.352491166,0.022595567198874487,0.2743831352491166,0,4272,831197,high_default,10000000.0,fixed_6_no_screening,Fixed 6% APR + no screening
Fin_fixed_6_no_screening_3,fixed_6,none,9509533.246047802,10000000.0,9509533.246039841,-490466.7539601587,490466.7539601587,0.04904667539601587,6.0,0.0,3502,3502,1244,0.355225585379783,122732015.04917455,2753637.9050619295,0.02243618263709465,0.275363790506193,0,4272,831197,high_default,10000000.0,fixed_6_no_screening,Fixed 6% APR + no screening
Fin_fixed_8_no_screening_1,fixed_8,none,2378887.762330874,1000000.0,2378887.762330874,1378887.7623308739,0.0,0.0,8.0,0.0,1926,1926,0,0.0,60657960.99929145,0.0,0.0,0.0,0,4239,831197,none_default,1000000.0,fixed_8_no_screening,Fixed 8% APR + no screening
Fin_fixed_8_no_screening_2,fixed_8,none,2374333.719574147,1000000.0,2374333.71957412,1374333.71957412,0.0,0.0,8.0,0.0,1914,1914,0,0.0,60589738.44922185,0.0,0.0,0.0,0,4239,831197,none_default,1000000.0,fixed_8_no_screening,Fixed 8% APR + no screening
Fin_fixed_8_no_screening_3,fixed_8,none,2377652.0579261393,1000000.0,2377652.0579261133,1377652.0579261133,0.0,0.0,8.0,0.0,1945,1945,0,0.0,60719013.04793526,0.0,0.0,0.0,0,4239,831197,none_default,1000000.0,fixed_8_no_screening,Fixed 8% APR + no screening
Fin_fixed_8_no_screening_1,fixed_8,none,1920480.9618617245,1000000.0,1920480.96186171,920480.9618617101,0.0,0.0,8.0,0.0,1697,1697,233,0.13730111962286387,52329479.797994785,302923.0933914174,0.005788765616642441,0.30292309339141743,0,4251,831197,low_default,1000000.0,fixed_8_no_screening,Fixed 8% APR + no screening
Fin_fixed_8_no_screening_2,fixed_8,none,1954940.0247706715,1000000.0,1954940.0247706848,954940.0247706848,0.0,0.0,8.0,0.0,1742,1742,227,0.13030998851894374,53593230.94683158,292469.24527871347,0.005457204951290667,0.2924692452787135,0,4251,831197,low_default,1000000.0,fixed_8_no_screening,Fixed 8% APR + no screening
Fin_fixed_8_no_screening_3,fixed_8,none,1971705.0401132307,1000000.0,1971705.0401132284,971705.0401132284,0.0,0.0,8.0,0.0,1746,1746,208,0.11912943871706758,53711746.81191763,275849.7916526281,0.005135744190531934,0.27584979165262813,0,4251,831197,low_default,1000000.0,fixed_8_no_screening,Fixed 8% APR + no screening
Fin_fixed_8_no_screening_1,fixed_8,none,1567669.6318302501,1000000.0,1567669.6318302513,567669.6318302513,0.0,0.0,8.0,0.0,1557,1557,345,0.22157996146435452,46466137.04196736,541965.5623149791,0.011663667281519137,0.5419655623149792,0,4284,831197,medium_default,1000000.0,fixed_8_no_screening,Fixed 8% APR + no screening
Fin_fixed_8_no_screening_2,fixed_8,none,1540145.8660689467,1000000.0,1540145.8660689136,540145.8660689136,0.0,0.0,8.0,0.0,1529,1529,345,0.22563767168083715,46101844.39882699,562015.528367929,0.012190738476880307,0.562015528367929,0,4284,831197,medium_default,1000000.0,fixed_8_no_screening,Fixed 8% APR + no screening
Fin_fixed_8_no_screening_3,fixed_8,none,1508506.5757166806,1000000.0,1508506.5757166848,508506.5757166848,0.0,0.0,8.0,0.0,1524,1524,360,0.23622047244094488,45641516.28478838,588893.5065494019,0.01290258419275328,0.5888935065494019,0,4284,831197,medium_default,1000000.0,fixed_8_no_screening,Fixed 8% APR + no screening
Fin_fixed_8_no_screening_1,fixed_8,none,951581.4055724557,1000000.0,951581.4055724692,-48418.59442753077,48418.59442753077,0.04841859442753077,8.0,0.0,1234,1234,451,0.36547811993517015,35244984.59736081,923313.1713500322,0.026197008791406056,0.9233131713500322,0,4280,831197,high_default,1000000.0,fixed_8_no_screening,Fixed 8% APR + no screening
Fin_fixed_8_no_screening_2,fixed_8,none,1011671.358004009,1000000.0,1011671.3580040014,11671.358004001435,0.0,0.0,8.0,0.0,1258,1258,433,0.3441971383147854,35967008.994606346,879048.5856661345,0.02444041387478057,0.8790485856661345,0,4280,831197,high_default,1000000.0,fixed_8_no_screening,Fixed 8% APR + no screening
Fin_fixed_8_no_screening_3,fixed_8,none,972202.7170299574,1000000.0,972202.7170299831,-27797.28297001694,27797.28297001694,0.027797282970016938,8.0,0.0,1257,1257,445,0.3540175019888624,36091860.8278218,919072.651288171,0.0254648175574171,0.919072651288171,0,4280,831197,high_default,1000000.0,fixed_8_no_screening,Fixed 8% APR + no screening
Fin_fixed_8_no_screening_1,fixed_8,none,7699036.238187224,5000000.0,7699036.238188728,2699036.2381887278,0.0,0.0,8.0,0.0,3435,3435,0,0.0,119049127.62769209,0.0,0.0,0.0,0,4246,831197,none_default,5000000.0,fixed_8_no_screening,Fixed 8% APR + no screening
Fin_fixed_8_no_screening_2,fixed_8,none,7765485.657732968,5000000.0,7765485.6577344155,2765485.6577344155,0.0,0.0,8.0,0.0,3487,3487,0,0.0,121987998.01054516,0.0,0.0,0.0,0,4246,831197,none_default,5000000.0,fixed_8_no_screening,Fixed 8% APR + no screening
Fin_fixed_8_no_screening_3,fixed_8,none,7739034.370199368,5000000.0,7739034.370199719,2739034.3701997194,0.0,0.0,8.0,0.0,3467,3467,0,0.0,120691155.65688609,0.0,0.0,0.0,0,4246,831197,none_default,5000000.0,fixed_8_no_screening,Fixed 8% APR + no screening
Fin_fixed_8_no_screening_1,fixed_8,none,7152999.272336351,5000000.0,7152999.272337052,2152999.272337052,0.0,0.0,8.0,0.0,3434,3434,420,0.12230634828188701,119539110.8043939,616985.5627938015,0.005161369853280881,0.1233971125587603,0,4292,831197,low_default,5000000.0,fixed_8_no_screening,Fixed 8% APR + no screening
Fin_fixed_8_no_screening_2,fixed_8,none,7166064.051957897,5000000.0,7166064.051958268,2166064.0519582676,0.0,0.0,8.0,0.0,3465,3465,458,0.13217893217893217,121329849.60368714,665275.6390927633,0.005483198415442081,0.13305512781855267,0,4292,831197,low_default,5000000.0,fixed_8_no_screening,Fixed 8% APR + no screening
Fin_fixed_8_no_screening_3,fixed_8,none,7130418.246439613,5000000.0,7130418.246438269,2130418.2464382686,0.0,0.0,8.0,0.0,3445,3445,459,0.1332365747460087,120093693.16867377,671642.7538120239,0.005592656334322981,0.13432855076240477,0,4292,831197,low_default,5000000.0,fixed_8_no_screening,Fixed 8% APR + no screening
Fin_fixed_8_no_screening_1,fixed_8,none,6364975.277384184,5000000.0,6364975.277387019,1364975.2773870192,0.0,0.0,8.0,0.0,3407,3407,793,0.23275609040211329,119068146.14778854,1486752.601142662,0.012486568819987257,0.2973505202285324,0,4275,831197,medium_default,5000000.0,fixed_8_no_screening,Fixed 8% APR + no screening
Fin_fixed_8_no_screening_2,fixed_8,none,6367513.264401643,5000000.0,6367513.264400237,1367513.2644002372,0.0,0.0,8.0,0.0,3447,3447,782,0.22686393965767335,120116927.90719302,1486995.3922877826,0.012379565629889342,0.29739907845755653,0,4275,831197,medium_default,5000000.0,fixed_8_no_screening,Fixed 8% APR + no screening
Fin_fixed_8_no_screening_3,fixed_8,none,6377460.754080509,5000000.0,6377460.754079464,1377460.754079464,0.0,0.0,8.0,0.0,3510,3510,821,0.23390313390313391,122288900.97182615,1555987.4498003153,0.012723864859647365,0.3111974899600631,0,4275,831197,medium_default,5000000.0,fixed_8_no_screening,Fixed 8% APR + no screening
Fin_fixed_8_no_screening_1,fixed_8,none,4895842.743151152,5000000.0,4895842.743151951,-104157.25684804935,104157.25684804935,0.02083145136960987,8.0,0.0,3412,3412,1242,0.36400937866354044,118915539.62480062,3053253.2939657886,0.02567581414169534,0.6106506587931577,0,4272,831197,high_default,5000000.0,fixed_8_no_screening,Fixed 8% APR + no screening
Fin_fixed_8_no_screening_2,fixed_8,none,4938592.9575293595,5000000.0,4938592.957529308,-61407.042470691726,61407.042470691726,0.012281408494138345,8.0,0.0,3476,3476,1254,0.36075949367088606,121432284.85221826,3063837.083817899,0.025230827926416396,0.6127674167635798,0,4272,831197,high_default,5000000.0,fixed_8_no_screening,Fixed 8% APR + no screening
Fin_fixed_8_no_screening_3,fixed_8,none,4971025.673018962,5000000.0,4971025.673019454,-28974.326980546117,28974.326980546117,0.005794865396109223,8.0,0.0,3502,3502,1244,0.355225585379783,122732015.04917455,3071053.7959806407,0.02502243440515642,0.6142107591961281,0,4272,831197,high_default,5000000.0,fixed_8_no_screening,Fixed 8% APR + no screening
Fin_fixed_8_no_screening_1,fixed_8,none,12699036.238181,10000000.0,12699036.238188729,2699036.2381887287,0.0,0.0,8.0,0.0,3435,3435,0,0.0,119049127.62769209,0.0,0.0,0.0,0,4246,831197,none_default,10000000.0,fixed_8_no_screening,Fixed 8% APR + no screening
Fin_fixed_8_no_screening_2,fixed_8,none,12765485.6577362,10000000.0,12765485.657734416,2765485.6577344164,0.0,0.0,8.0,0.0,3487,3487,0,0.0,121987998.01054516,0.0,0.0,0.0,0,4246,831197,none_default,10000000.0,fixed_8_no_screening,Fixed 8% APR + no screening
Fin_fixed_8_no_screening_3,fixed_8,none,12739034.370198872,10000000.0,12739034.37019972,2739034.3701997194,0.0,0.0,8.0,0.0,3467,3467,0,0.0,120691155.65688609,0.0,0.0,0.0,0,4246,831197,none_default,10000000.0,fixed_8_no_screening,Fixed 8% APR + no screening
Fin_fixed_8_no_screening_1,fixed_8,none,12152999.272336503,10000000.0,12152999.272337053,2152999.272337053,0.0,0.0,8.0,0.0,3434,3434,420,0.12230634828188701,119539110.8043939,616985.5627938015,0.005161369853280881,0.06169855627938015,0,4292,831197,low_default,10000000.0,fixed_8_no_screening,Fixed 8% APR + no screening
Fin_fixed_8_no_screening_2,fixed_8,none,12166064.051955806,10000000.0,12166064.051958267,2166064.0519582666,0.0,0.0,8.0,0.0,3465,3465,458,0.13217893217893217,121329849.60368714,665275.6390927633,0.005483198415442081,0.06652756390927633,0,4292,831197,low_default,10000000.0,fixed_8_no_screening,Fixed 8% APR + no screening
Fin_fixed_8_no_screening_3,fixed_8,none,12130418.246435307,10000000.0,12130418.246438269,2130418.2464382686,0.0,0.0,8.0,0.0,3445,3445,459,0.1332365747460087,120093693.16867377,671642.7538120239,0.005592656334322981,0.06716427538120238,0,4292,831197,low_default,10000000.0,fixed_8_no_screening,Fixed 8% APR + no screening
Fin_fixed_8_no_screening_1,fixed_8,none,11364975.277385443,10000000.0,11364975.27738702,1364975.2773870192,0.0,0.0,8.0,0.0,3407,3407,793,0.23275609040211329,119068146.14778854,1486752.601142662,0.012486568819987257,0.1486752601142662,0,4275,831197,medium_default,10000000.0,fixed_8_no_screening,Fixed 8% APR + no screening
Fin_fixed_8_no_screening_2,fixed_8,none,11367513.264397616,10000000.0,11367513.264400236,1367513.2644002363,0.0,0.0,8.0,0.0,3447,3447,782,0.22686393965767335,120116927.90719302,1486995.3922877826,0.012379565629889342,0.14869953922877827,0,4275,831197,medium_default,10000000.0,fixed_8_no_screening,Fixed 8% APR + no screening
Fin_fixed_8_no_screening_3,fixed_8,none,11377460.754081303,10000000.0,11377460.754079465,1377460.7540794648,0.0,0.0,8.0,0.0,3510,3510,821,0.23390313390313391,122288900.97182615,1555987.4498003153,0.012723864859647365,0.15559874498003154,0,4275,831197,medium_default,10000000.0,fixed_8_no_screening,Fixed 8% APR + no screening
Fin_fixed_8_no_screening_1,fixed_8,none,9895842.743151467,10000000.0,9895842.74315195,-104157.25684805028,104157.25684805028,0.010415725684805028,8.0,0.0,3412,3412,1242,0.36400937866354044,118915539.62480062,3053253.2939657886,0.02567581414169534,0.30532532939657886,0,4272,831197,high_default,10000000.0,fixed_8_no_screening,Fixed 8% APR + no screening
Fin_fixed_8_no_screening_2,fixed_8,none,9938592.957529278,10000000.0,9938592.957529308,-61407.042470691726,61407.042470691726,0.006140704247069173,8.0,0.0,3476,3476,1254,0.36075949367088606,121432284.85221826,3063837.083817899,0.025230827926416396,0.3063837083817899,0,4272,831197,high_default,10000000.0,fixed_8_no_screening,Fixed 8% APR + no screening
Fin_fixed_8_no_screening_3,fixed_8,none,9971025.673027351,10000000.0,9971025.673019454,-28974.326980546117,28974.326980546117,0.0028974326980546116,8.0,0.0,3502,3502,1244,0.355225585379783,122732015.04917455,3071053.7959806407,0.02502243440515642,0.30710537959806405,0,4272,831197,high_default,10000000.0,fixed_8_no_screening,Fixed 8% APR + no screening
Fin_fixed_10_no_screening_1,fixed_10,none,2954845.5431827544,1000000.0,2954845.5431828285,1954845.5431828285,0.0,0.0,10.0,0.0,2122,2122,0,0.0,68453605.81638889,0.0,0.0,0.0,0,4253,831197,none_default,1000000.0,fixed_10_no_screening,Fixed 10% APR + no screening
Fin_fixed_10_no_screening_2,fixed_10,none,2949261.524158968,1000000.0,2949261.524159045,1949261.524159045,0.0,0.0,10.0,0.0,2127,2127,0,0.0,68262330.91201138,0.0,0.0,0.0,0,4253,831197,none_default,1000000.0,fixed_10_no_screening,Fixed 10% APR + no screening
Fin_fixed_10_no_screening_3,fixed_10,none,2951401.749530321,1000000.0,2951401.7495304206,1951401.7495304206,0.0,0.0,10.0,0.0,2113,2113,0,0.0,68151892.85713877,0.0,0.0,0.0,0,4253,831197,none_default,1000000.0,fixed_10_no_screening,Fixed 10% APR + no screening
Fin_fixed_10_no_screening_1,fixed_10,none,2374499.7259994494,1000000.0,2374499.725999465,1374499.7259994652,0.0,0.0,10.0,0.0,1893,1893,230,0.12150026413100898,59207862.367070645,358109.00230317045,0.0060483352714712805,0.35810900230317044,0,4258,831197,low_default,1000000.0,fixed_10_no_screening,Fixed 10% APR + no screening
Fin_fixed_10_no_screening_2,fixed_10,none,2362738.9345268495,1000000.0,2362738.934526832,1362738.9345268318,0.0,0.0,10.0,0.0,1897,1897,236,0.12440695835529784,59436456.546750456,385951.07203533244,0.006493507427243042,0.38595107203533247,0,4258,831197,low_default,1000000.0,fixed_10_no_screening,Fixed 10% APR + no screening
Fin_fixed_10_no_screening_3,fixed_10,none,2343792.6992110847,1000000.0,2343792.699211136,1343792.699211136,0.0,0.0,10.0,0.0,1903,1903,241,0.12664214398318444,58676736.76688477,384730.14557553595,0.00655677474199051,0.384730145575536,0,4258,831197,low_default,1000000.0,fixed_10_no_screening,Fixed 10% APR + no screening
Fin_fixed_10_no_screening_1,fixed_10,none,1745432.625760543,1000000.0,1745432.625760512,745432.625760512,0.0,0.0,10.0,0.0,1617,1617,393,0.24304267161410018,49031074.22919153,731214.3315547829,0.014913283933710785,0.7312143315547829,0,4268,831197,medium_default,1000000.0,fixed_10_no_screening,Fixed 10% APR + no screening
Fin_fixed_10_no_screening_2,fixed_10,none,1780640.7724384503,1000000.0,1780640.7724383944,780640.7724383944,0.0,0.0,10.0,0.0,1645,1645,376,0.22857142857142856,50082928.058762,723123.7618384877,0.014438528054710598,0.7231237618384877,0,4268,831197,medium_default,1000000.0,fixed_10_no_screening,Fixed 10% APR + no screening
Fin_fixed_10_no_screening_3,fixed_10,none,1826288.267193161,1000000.0,1826288.2671931752,826288.2671931752,0.0,0.0,10.0,0.0,1667,1667,380,0.22795440911817635,50685689.10680456,704643.0556879693,0.013902209244963604,0.7046430556879694,0,4268,831197,medium_default,1000000.0,fixed_10_no_screening,Fixed 10% APR + no screening
Fin_fixed_10_no_screening_1,fixed_10,none,1007558.2937392552,1000000.0,1007558.2937392287,7558.293739228742,0.0,0.0,10.0,0.0,1266,1266,476,0.37598736176935227,36454489.784940965,1117645.3417800867,0.030658647216666748,1.1176453417800867,0,4269,831197,high_default,1000000.0,fixed_10_no_screening,Fixed 10% APR + no screening
Fin_fixed_10_no_screening_2,fixed_10,none,1203730.188794955,1000000.0,1203730.1887949775,203730.1887949775,0.0,0.0,10.0,0.0,1348,1348,451,0.33456973293768544,39584612.36594687,1023462.607252479,0.025855062007198656,1.0234626072524788,0,4269,831197,high_default,1000000.0,fixed_10_no_screening,Fixed 10% APR + no screening
Fin_fixed_10_no_screening_3,fixed_10,none,1144876.0424461558,1000000.0,1144876.042446171,144876.04244617093,0.0,0.0,10.0,0.0,1355,1355,484,0.35719557195571955,39340415.3959879,1087634.0469540176,0.027646735196012677,1.0876340469540176,0,4269,831197,high_default,1000000.0,fixed_10_no_screening,Fixed 10% APR + no screening
Fin_fixed_10_no_screening_1,fixed_10,none,8399981.151056062,5000000.0,8399981.15105673,3399981.1510567293,0.0,0.0,10.0,0.0,3435,3435,0,0.0,119049127.62769209,0.0,0.0,0.0,0,4248,831197,none_default,5000000.0,fixed_10_no_screening,Fixed 10% APR + no screening
Fin_fixed_10_no_screening_2,fixed_10,none,8483678.372321913,5000000.0,8483678.37232398,3483678.3723239806,0.0,0.0,10.0,0.0,3487,3487,0,0.0,121987998.01054516,0.0,0.0,0.0,0,4248,831197,none_default,5000000.0,fixed_10_no_screening,Fixed 10% APR + no screening
Fin_fixed_10_no_screening_3,fixed_10,none,8450379.787391974,5000000.0,8450379.787391173,3450379.7873911727,0.0,0.0,10.0,0.0,3467,3467,0,0.0,120691155.65688609,0.0,0.0,0.0,0,4248,831197,none_default,5000000.0,fixed_10_no_screening,Fixed 10% APR + no screening
Fin_fixed_10_no_screening_1,fixed_10,none,7767761.923397628,5000000.0,7767761.92339765,2767761.92339765,0.0,0.0,10.0,0.0,3434,3434,420,0.12230634828188701,119539110.8043939,722005.8615128355,0.006039913269007658,0.1444011723025671,0,4292,831197,low_default,5000000.0,fixed_10_no_screening,Fixed 10% APR + no screening
Fin_fixed_10_no_screening_2,fixed_10,none,7788451.869988031,5000000.0,7788451.869989635,2788451.8699896354,0.0,0.0,10.0,0.0,3465,3465,458,0.13217893217893217,121329849.60368714,778782.9818359576,0.006418725353899152,0.15575659636719152,0,4292,831197,low_default,5000000.0,fixed_10_no_screening,Fixed 10% APR + no screening
Fin_fixed_10_no_screening_3,fixed_10,none,7744185.996375596,5000000.0,7744185.996375805,2744185.9963758048,0.0,0.0,10.0,0.0,3445,3445,459,0.1332365747460087,120093693.16867377,786171.7908839606,0.006546320378204774,0.1572343581767921,0,4292,831197,low_default,5000000.0,fixed_10_no_screening,Fixed 10% APR + no screening
Fin_fixed_10_no_screening_1,fixed_10,none,6900858.873712074,5000000.0,6900858.873714674,1900858.8737146743,0.0,0.0,10.0,0.0,3407,3407,793,0.23275609040211329,119068146.14778854,1692523.66468871,0.014214747767954101,0.33850473293774197,0,4275,831197,medium_default,5000000.0,fixed_10_no_screening,Fixed 10% APR + no screening
Fin_fixed_10_no_screening_2,fixed_10,none,6911342.620140895,5000000.0,6911342.620139074,1911342.6201390736,0.0,0.0,10.0,0.0,3447,3447,782,0.22686393965767335,120116927.90719302,1685311.312168211,0.014030589539139294,0.3370622624336422,0,4275,831197,medium_default,5000000.0,fixed_10_no_screening,Fixed 10% APR + no screening
Fin_fixed_10_no_screening_3,fixed_10,none,6931102.971390687,5000000.0,6931102.971389451,1931102.971389451,0.0,0.0,10.0,0.0,3510,3510,821,0.23390313390313391,122288900.97182615,1765279.1152712062,0.014435317524669755,0.35305582305424127,0,4275,831197,medium_default,5000000.0,fixed_10_no_screening,Fixed 10% APR + no screening
Fin_fixed_10_no_screening_1,fixed_10,none,5341189.720063803,5000000.0,5341189.7200639965,341189.7200639965,0.0,0.0,10.0,0.0,3412,3412,1242,0.36400937866354044,118915539.62480062,3375314.0313631417,0.028384129122340524,0.6750628062726284,0,4272,831197,high_default,5000000.0,fixed_10_no_screening,Fixed 10% APR + no screening
Fin_fixed_10_no_screening_2,fixed_10,none,5394251.1338692745,5000000.0,5394251.13386918,394251.13386918046,0.0,0.0,10.0,0.0,3476,3476,1254,0.36075949367088606,121432284.85221826,3389407.3432436995,0.02791191277812627,0.6778814686487399,0,4272,831197,high_default,5000000.0,fixed_10_no_screening,Fixed 10% APR + no screening
Fin_fixed_10_no_screening_3,fixed_10,none,5439719.29495876,5000000.0,5439719.294959411,439719.294959411,0.0,0.0,10.0,0.0,3502,3502,1244,0.355225585379783,122732015.04917455,3393981.6360733896,0.027653596616282528,0.6787963272146779,0,4272,831197,high_default,5000000.0,fixed_10_no_screening,Fixed 10% APR + no screening
Fin_fixed_10_no_screening_1,fixed_10,none,13399981.151049048,10000000.0,13399981.15105673,3399981.1510567293,0.0,0.0,10.0,0.0,3435,3435,0,0.0,119049127.62769209,0.0,0.0,0.0,0,4248,831197,none_default,10000000.0,fixed_10_no_screening,Fixed 10% APR + no screening
Fin_fixed_10_no_screening_2,fixed_10,none,13483678.372325413,10000000.0,13483678.37232398,3483678.3723239806,0.0,0.0,10.0,0.0,3487,3487,0,0.0,121987998.01054516,0.0,0.0,0.0,0,4248,831197,none_default,10000000.0,fixed_10_no_screening,Fixed 10% APR + no screening
Fin_fixed_10_no_screening_3,fixed_10,none,13450379.787387867,10000000.0,13450379.787391173,3450379.7873911727,0.0,0.0,10.0,0.0,3467,3467,0,0.0,120691155.65688609,0.0,0.0,0.0,0,4248,831197,none_default,10000000.0,fixed_10_no_screening,Fixed 10% APR + no screening
Fin_fixed_10_no_screening_1,fixed_10,none,12767761.923396997,10000000.0,12767761.92339765,2767761.923397649,0.0,0.0,10.0,0.0,3434,3434,420,0.12230634828188701,119539110.8043939,722005.8615128355,0.006039913269007658,0.07220058615128355,0,4292,831197,low_default,10000000.0,fixed_10_no_screening,Fixed 10% APR + no screening
Fin_fixed_10_no_screening_2,fixed_10,none,12788451.869985744,10000000.0,12788451.869989635,2788451.8699896354,0.0,0.0,10.0,0.0,3465,3465,458,0.13217893217893217,121329849.60368714,778782.9818359576,0.006418725353899152,0.07787829818359576,0,4292,831197,low_default,10000000.0,fixed_10_no_screening,Fixed 10% APR + no screening
Fin_fixed_10_no_screening_3,fixed_10,none,12744185.996371495,10000000.0,12744185.996375805,2744185.9963758048,0.0,0.0,10.0,0.0,3445,3445,459,0.1332365747460087,120093693.16867377,786171.7908839606,0.006546320378204774,0.07861717908839605,0,4292,831197,low_default,10000000.0,fixed_10_no_screening,Fixed 10% APR + no screening
Fin_fixed_10_no_screening_1,fixed_10,none,11900858.873716159,10000000.0,11900858.873714674,1900858.8737146743,0.0,0.0,10.0,0.0,3407,3407,793,0.23275609040211329,119068146.14778854,1692523.66468871,0.014214747767954101,0.16925236646887099,0,4275,831197,medium_default,10000000.0,fixed_10_no_screening,Fixed 10% APR + no screening
Fin_fixed_10_no_screening_2,fixed_10,none,11911342.620138412,10000000.0,11911342.620139074,1911342.6201390736,0.0,0.0,10.0,0.0,3447,3447,782,0.22686393965767335,120116927.90719302,1685311.312168211,0.014030589539139294,0.1685311312168211,0,4275,831197,medium_default,10000000.0,fixed_10_no_screening,Fixed 10% APR + no screening
Fin_fixed_10_no_screening_3,fixed_10,none,11931102.971390458,10000000.0,11931102.97138945,1931102.9713894501,0.0,0.0,10.0,0.0,3510,3510,821,0.23390313390313391,122288900.97182615,1765279.1152712062,0.014435317524669755,0.17652791152712063,0,4275,831197,medium_default,10000000.0,fixed_10_no_screening,Fixed 10% APR + no screening
Fin_fixed_10_no_screening_1,fixed_10,none,10341189.720063657,10000000.0,10341189.720063996,341189.72006399557,0.0,0.0,10.0,0.0,3412,3412,1242,0.36400937866354044,118915539.62480062,3375314.0313631417,0.028384129122340524,0.3375314031363142,0,4272,831197,high_default,10000000.0,fixed_10_no_screening,Fixed 10% APR + no screening
Fin_fixed_10_no_screening_2,fixed_10,none,10394251.133869065,10000000.0,10394251.13386918,394251.13386918046,0.0,0.0,10.0,0.0,3476,3476,1254,0.36075949367088606,121432284.85221826,3389407.3432436995,0.02791191277812627,0.33894073432436994,0,4272,831197,high_default,10000000.0,fixed_10_no_screening,Fixed 10% APR + no screening
Fin_fixed_10_no_screening_3,fixed_10,none,10439719.294967292,10000000.0,10439719.294959411,439719.294959411,0.0,0.0,10.0,0.0,3502,3502,1244,0.355225585379783,122732015.04917455,3393981.6360733896,0.027653596616282528,0.33939816360733893,0,4272,831197,high_default,10000000.0,fixed_10_no_screening,Fixed 10% APR + no screening
