financier,apr_strategy,wholesaler_policy,final_wallet,initial_capital,final_capital,capital_change,capital_loss,capital_loss_rate,final_apr,final_utilization,loans_issued,closed_loans,defaults,default_count_rate,total_issued_principal,default_amount,default_amount_to_issued_rate,default_amount_to_initial_capital_rate,outstanding_loans,simulation_end_day,seed,default_scenario,base_capital_per_financier,capital_per_financier,capital_multiplier,wholesaler_count,label
Fin_rl_1,pure_rl,rl,5469811.356825055,1000000.0,5469811.356825189,4469811.356825189,0.0,0.0,6.0,0.0,2728,2728,0,0.0,90536763.40277469,0,0.0,0.0,0,4254,709098,none_default,1000000.0,1000000.0,1.0,50,Isolated RL (non-federated)
Fin_rl_2,pure_rl,rl,5191838.76680343,1000000.0,5191838.766803505,4191838.766803505,0.0,0.0,6.0,0.0,2570,2570,0,0.0,86475659.85167782,0,0.0,0.0,0,4254,709098,none_default,1000000.0,1000000.0,1.0,50,Isolated RL (non-federated)
Fin_rl_3,pure_rl,rl,7566159.568449754,1000000.0,7566159.568449839,6566159.568449839,0.0,0.0,6.0,0.0,3447,3447,0,0.0,113595450.00157629,0,0.0,0.0,0,4254,709098,none_default,1000000.0,1000000.0,1.0,50,Isolated RL (non-federated)
Fin_fl_rl_1,pure_rl,fl_rl,6806579.400413457,1000000.0,6806579.400413434,5806579.400413434,0.0,0.0,6.0,0.0,3107,3107,0,0.0,110553921.0107714,0,0.0,0.0,0,4249,709098,none_default,1000000.0,1000000.0,1.0,50,FedAvg (federated)
Fin_fl_rl_2,pure_rl,fl_rl,6247499.820386576,1000000.0,6247499.820386914,5247499.820386914,0.0,0.0,6.0,0.0,3049,3049,0,0.0,104206050.4883893,0,0.0,0.0,0,4249,709098,none_default,1000000.0,1000000.0,1.0,50,FedAvg (federated)
Fin_fl_rl_3,pure_rl,fl_rl,5427616.607574033,1000000.0,5427616.607574263,4427616.607574263,0.0,0.0,6.0,0.0,2922,2922,0,0.0,91228311.5745289,0,0.0,0.0,0,4249,709098,none_default,1000000.0,1000000.0,1.0,50,FedAvg (federated)
Fin_rl_1,pure_rl,rl,4330229.464772488,1000000.0,4330229.464772708,3330229.464772708,0.0,0.0,6.0,0.0,1652,1652,72,0.043583535108958835,57196040.05743142,160832.78285414737,0.002811956609105328,0.16083278285414737,0,4264,709098,low_default,1000000.0,1000000.0,1.0,50,Isolated RL (non-federated)
Fin_rl_2,pure_rl,rl,5923135.177915797,1000000.0,5923135.177915525,4923135.177915525,0.0,0.0,6.0,0.0,2661,2661,60,0.02254791431792559,90827157.62785083,115212.54244280295,0.0012684812059721958,0.11521254244280295,0,4264,709098,low_default,1000000.0,1000000.0,1.0,50,Isolated RL (non-federated)
Fin_rl_3,pure_rl,rl,6565033.425050815,1000000.0,6565033.4250502745,5565033.4250502745,0.0,0.0,6.0,0.0,3132,3132,33,0.01053639846743295,102189151.00164482,58539.858398781056,0.0005728578603988872,0.05853985839878106,0,4264,709098,low_default,1000000.0,1000000.0,1.0,50,Isolated RL (non-federated)
Fin_fl_rl_1,pure_rl,fl_rl,5734687.9984596465,1000000.0,5734687.998460237,4734687.998460237,0.0,0.0,6.0,0.0,2513,2513,46,0.01830481496219658,85088584.67395596,91050.36879715859,0.001070065616275639,0.0910503687971586,0,4265,709098,low_default,1000000.0,1000000.0,1.0,50,FedAvg (federated)
Fin_fl_rl_2,pure_rl,fl_rl,5020422.827646189,1000000.0,5020422.827646473,4020422.8276464734,0.0,0.0,6.0,0.0,2305,2305,129,0.05596529284164859,76701756.20143324,234221.80637814198,0.0030536694070345855,0.23422180637814197,0,4265,709098,low_default,1000000.0,1000000.0,1.0,50,FedAvg (federated)
Fin_fl_rl_3,pure_rl,fl_rl,7571496.224498413,1000000.0,7571496.224498082,6571496.224498082,0.0,0.0,6.0,0.0,3321,3321,36,0.01084010840108401,112238696.38822752,71710.3516930171,0.0006389093423267758,0.07171035169301711,0,4265,709098,low_default,1000000.0,1000000.0,1.0,50,FedAvg (federated)
Fin_rl_1,pure_rl,rl,3547630.941043346,1000000.0,3547630.9410430295,2547630.9410430295,0.0,0.0,7.0,0.0,1297,1297,87,0.06707787201233616,45912561.039968096,235665.28872696403,0.005132915337086319,0.23566528872696405,0,4254,709098,medium_default,1000000.0,1000000.0,1.0,50,Isolated RL (non-federated)
Fin_rl_2,pure_rl,rl,5094919.159532601,1000000.0,5094919.15953317,4094919.15953317,0.0,0.0,6.0,0.0,2358,2358,154,0.06530958439355386,81604883.23933227,349165.994293342,0.004278738972878641,0.349165994293342,0,4254,709098,medium_default,1000000.0,1000000.0,1.0,50,Isolated RL (non-federated)
Fin_rl_3,pure_rl,rl,6810482.253876669,1000000.0,6810482.253875402,5810482.253875402,0.0,0.0,6.0,0.0,3139,3139,34,0.01083147499203568,102384910.7570871,87817.23031591448,0.0008577165293845388,0.08781723031591449,0,4254,709098,medium_default,1000000.0,1000000.0,1.0,50,Isolated RL (non-federated)
Fin_fl_rl_1,pure_rl,fl_rl,3822862.5143222874,1000000.0,3822862.5143222893,2822862.5143222893,0.0,0.0,7.0,0.0,2120,2120,131,0.06179245283018868,70962466.30250302,333532.92717954237,0.004700131556275656,0.33353292717954236,0,4255,709098,medium_default,1000000.0,1000000.0,1.0,50,FedAvg (federated)
Fin_fl_rl_2,pure_rl,fl_rl,4653855.1377214305,1000000.0,4653855.137721459,3653855.1377214594,0.0,0.0,6.0,0.0,2189,2189,130,0.05938784833257195,76775743.92842388,292587.8663004194,0.003810941468352189,0.2925878663004194,0,4255,709098,medium_default,1000000.0,1000000.0,1.0,50,FedAvg (federated)
Fin_fl_rl_3,pure_rl,fl_rl,6709403.512554737,1000000.0,6709403.512555238,5709403.512555238,0.0,0.0,6.0,0.0,3020,3020,21,0.00695364238410596,100674934.63848066,45287.49093666463,0.000449838791545185,0.045287490936664634,0,4255,709098,medium_default,1000000.0,1000000.0,1.0,50,FedAvg (federated)
Fin_rl_1,pure_rl,rl,3042394.6423455854,1000000.0,3042394.6423454583,2042394.6423454583,0.0,0.0,7.0,0.0,1597,1597,232,0.14527238572323106,54484007.527487405,713939.2131995785,0.013103647209493413,0.7139392131995784,0,4262,709098,high_default,1000000.0,1000000.0,1.0,50,Isolated RL (non-federated)
Fin_rl_2,pure_rl,rl,4233987.466669532,1000000.0,4233987.466669277,3233987.4666692773,0.0,0.0,6.0,0.0,2008,2008,137,0.06822709163346613,70512346.4591898,377621.01531303936,0.005355388584772084,0.3776210153130394,0,4262,709098,high_default,1000000.0,1000000.0,1.0,50,Isolated RL (non-federated)
Fin_rl_3,pure_rl,rl,6274137.6630986435,1000000.0,6274137.66309861,5274137.66309861,0.0,0.0,6.0,0.0,2963,2963,66,0.022274721565980427,97504575.65807676,192454.19459439587,0.001973796545397857,0.19245419459439586,0,4262,709098,high_default,1000000.0,1000000.0,1.0,50,Isolated RL (non-federated)
Fin_fl_rl_1,pure_rl,fl_rl,3168410.0767062837,1000000.0,3168410.0767056188,2168410.0767056188,0.0,0.0,7.0,0.0,1433,1433,104,0.07257501744591766,49106259.44328315,330146.84782962827,0.006723111301339129,0.3301468478296283,0,4277,709098,high_default,1000000.0,1000000.0,1.0,50,FedAvg (federated)
Fin_fl_rl_2,pure_rl,fl_rl,4193491.850885022,1000000.0,4193491.8508846234,3193491.8508846234,0.0,0.0,10.0,0.0,1724,1724,68,0.03944315545243619,61203111.893283576,178073.63324651556,0.00290955194495686,0.17807363324651557,0,4277,709098,high_default,1000000.0,1000000.0,1.0,50,FedAvg (federated)
Fin_fl_rl_3,pure_rl,fl_rl,5695404.0121658025,1000000.0,5695404.012165962,4695404.012165962,0.0,0.0,6.0,0.0,2824,2824,67,0.023725212464589234,91947818.26331499,173528.726799037,0.0018872522489016017,0.173528726799037,0,4277,709098,high_default,1000000.0,1000000.0,1.0,50,FedAvg (federated)
Fin_rl_1,pure_rl,rl,9552507.761298632,5000000.0,9552507.761294555,4552507.761294555,0.0,0.0,9.0,0.0,3673,3673,0,0.0,127517478.29209548,0,0.0,0.0,0,4261,709098,none_default,5000000.0,5000000.0,1.0,50,Isolated RL (non-federated)
Fin_rl_2,pure_rl,rl,11190250.178224206,5000000.0,11190250.178225,6190250.178224999,0.0,0.0,9.0,0.0,4207,4207,0,0.0,149104748.80385116,0,0.0,0.0,0,4261,709098,none_default,5000000.0,5000000.0,1.0,50,Isolated RL (non-federated)
Fin_rl_3,pure_rl,rl,12810385.250330452,5000000.0,12810385.250330742,7810385.250330742,0.0,0.0,6.0,0.0,5197,5197,0,0.0,182539555.39766428,0,0.0,0.0,0,4261,709098,none_default,5000000.0,5000000.0,1.0,50,Isolated RL (non-federated)
Fin_fl_rl_1,pure_rl,fl_rl,8026497.048106436,5000000.0,8026497.048105322,3026497.048105322,0.0,0.0,6.0,0.0,2860,2860,0,0.0,100296704.47528796,0,0.0,0.0,0,4252,709098,none_default,5000000.0,5000000.0,1.0,50,FedAvg (federated)
Fin_fl_rl_2,pure_rl,fl_rl,11221149.29793637,5000000.0,11221149.297939382,6221149.2979393825,0.0,0.0,9.0,0.0,5481,5481,0,0.0,191487937.82297415,0,0.0,0.0,0,4252,709098,none_default,5000000.0,5000000.0,1.0,50,FedAvg (federated)
Fin_fl_rl_3,pure_rl,fl_rl,10130865.78683349,5000000.0,10130865.78683076,5130865.786830761,0.0,0.0,6.0,0.0,4981,4981,0,0.0,174139171.79980376,0,0.0,0.0,0,4252,709098,none_default,5000000.0,5000000.0,1.0,50,FedAvg (federated)
Fin_rl_1,pure_rl,rl,8828964.45930326,5000000.0,8828964.459303899,3828964.4593038987,0.0,0.0,34.0,0.0,2134,2134,37,0.017338331771321464,74772481.72719122,81709.92183565603,0.001092780658715812,0.016341984367131208,0,4249,709098,low_default,5000000.0,5000000.0,1.0,50,Isolated RL (non-federated)
Fin_rl_2,pure_rl,rl,7329557.990284982,5000000.0,7329557.990286211,2329557.9902862106,0.0,0.0,7.0,0.0,1546,1546,191,0.12354463130659767,54543009.6008431,359401.70341094746,0.006589326589073882,0.07188034068218949,0,4249,709098,low_default,5000000.0,5000000.0,1.0,50,Isolated RL (non-federated)
Fin_rl_3,pure_rl,rl,18220094.078129407,5000000.0,18220094.078130636,13220094.078130636,0.0,0.0,6.0,0.0,7309,7309,22,0.0030099876864140103,254834643.12490666,45701.755603708094,0.00017933886477635412,0.00914035112074162,0,4249,709098,low_default,5000000.0,5000000.0,1.0,50,Isolated RL (non-federated)
Fin_fl_rl_1,pure_rl,fl_rl,11825265.692401871,5000000.0,11825265.6924006,6825265.692400601,0.0,0.0,14.0,0.0,3848,3848,73,0.018970893970893972,134973812.43936023,162264.21426586504,0.0012021903459144387,0.03245284285317301,0,4258,709098,low_default,5000000.0,5000000.0,1.0,50,FedAvg (federated)
Fin_fl_rl_2,pure_rl,fl_rl,9309695.114144744,5000000.0,9309695.114141127,4309695.114141127,0.0,0.0,14.0,0.0,2379,2379,103,0.04329550231189575,83739373.97668108,191394.14852141388,0.0022855932571780565,0.03827882970428278,0,4258,709098,low_default,5000000.0,5000000.0,1.0,50,FedAvg (federated)
Fin_fl_rl_3,pure_rl,fl_rl,13299615.558809474,5000000.0,13299615.558809502,8299615.558809502,0.0,0.0,6.0,0.0,4568,4568,33,0.007224168126094571,159820526.63327628,73618.66796515806,0.0004606333711694196,0.014723733593031613,0,4258,709098,low_default,5000000.0,5000000.0,1.0,50,FedAvg (federated)
Fin_rl_1,pure_rl,rl,8681891.968644805,5000000.0,8681891.968649013,3681891.968649013,0.0,0.0,13.0,0.0,2249,2249,92,0.04090706980880391,78842105.73132424,276165.92951541883,0.0035027721159113733,0.055233185903083765,0,4249,709098,medium_default,5000000.0,5000000.0,1.0,50,Isolated RL (non-federated)
Fin_rl_2,pure_rl,rl,8643382.284748148,5000000.0,8643382.284747183,3643382.2847471833,0.0,0.0,9.0,0.0,2782,2782,240,0.08626887131560029,98368136.96358092,536184.1985617619,0.0054507914362582136,0.10723683971235237,0,4249,709098,medium_default,5000000.0,5000000.0,1.0,50,Isolated RL (non-federated)
Fin_rl_3,pure_rl,rl,13194320.34043946,5000000.0,13194320.340442281,8194320.340442281,0.0,0.0,6.0,0.0,5197,5197,164,0.03155666730806234,181896823.75680235,410575.6375025986,0.0022571897025070752,0.08211512750051972,0,4249,709098,medium_default,5000000.0,5000000.0,1.0,50,Isolated RL (non-federated)
Fin_fl_rl_1,pure_rl,fl_rl,8315492.50414551,5000000.0,8315492.504145754,3315492.5041457536,0.0,0.0,7.0,0.0,2013,2013,137,0.06805762543467461,70291602.55585755,387931.5231422601,0.00551888858749505,0.07758630462845202,0,4259,709098,medium_default,5000000.0,5000000.0,1.0,50,FedAvg (federated)
Fin_fl_rl_2,pure_rl,fl_rl,10231723.52324538,5000000.0,10231723.523240767,5231723.523240767,0.0,0.0,6.0,0.0,2901,2901,215,0.0741123750430886,101810822.36517605,461965.4684613573,0.0045374888222037444,0.09239309369227146,0,4259,709098,medium_default,5000000.0,5000000.0,1.0,50,FedAvg (federated)
Fin_fl_rl_3,pure_rl,fl_rl,11597289.30045059,5000000.0,11597289.300450636,6597289.300450636,0.0,0.0,7.0,0.0,3470,3470,87,0.025072046109510086,121820158.69831273,205707.0832671353,0.0016886128327625012,0.04114141665342706,0,4259,709098,medium_default,5000000.0,5000000.0,1.0,50,FedAvg (federated)
Fin_rl_1,pure_rl,rl,8511253.566378186,5000000.0,8511253.566377917,3511253.5663779173,0.0,0.0,7.0,0.0,2827,2827,237,0.08383445348425893,99151750.62170486,820427.5498296146,0.008274463584206434,0.16408550996592292,0,4259,709098,high_default,5000000.0,5000000.0,1.0,50,Isolated RL (non-federated)
Fin_rl_2,pure_rl,rl,9313851.956464127,5000000.0,9313851.95646147,4313851.956461471,0.0,0.0,13.0,0.0,3346,3346,366,0.10938433950986252,117536882.00171761,974039.5055921496,0.008287096688322186,0.1948079011184299,0,4259,709098,high_default,5000000.0,5000000.0,1.0,50,Isolated RL (non-federated)
Fin_rl_3,pure_rl,rl,9901319.39515804,5000000.0,9901319.395157216,4901319.395157216,0.0,0.0,11.0,0.0,2765,2765,106,0.03833634719710669,97076934.00965406,282960.85380552267,0.0029148103686235383,0.05659217076110453,0,4259,709098,high_default,5000000.0,5000000.0,1.0,50,Isolated RL (non-federated)
Fin_fl_rl_1,pure_rl,fl_rl,9480325.33932105,5000000.0,9480325.339317728,4480325.339317728,0.0,0.0,7.0,0.0,3604,3604,238,0.0660377358490566,125759179.33112064,810355.095574047,0.006443705341304774,0.1620710191148094,0,4247,709098,high_default,5000000.0,5000000.0,1.0,50,FedAvg (federated)
Fin_fl_rl_2,pure_rl,fl_rl,8302505.737572516,5000000.0,8302505.737570765,3302505.7375707654,0.0,0.0,14.0,0.0,2817,2817,260,0.09229676961306355,98294606.27667531,688492.8826968719,0.00700438110265107,0.13769857653937437,0,4247,709098,high_default,5000000.0,5000000.0,1.0,50,FedAvg (federated)
Fin_fl_rl_3,pure_rl,fl_rl,8946363.79140518,5000000.0,8946363.791402277,3946363.7914022766,0.0,0.0,21.0,0.0,2448,2448,86,0.035130718954248366,86482403.03551725,231368.79246291504,0.0026753279782003136,0.04627375849258301,0,4247,709098,high_default,5000000.0,5000000.0,1.0,50,FedAvg (federated)
Fin_rl_1,pure_rl,rl,17370305.271321904,10000000.0,17370305.27131865,7370305.271318652,0.0,0.0,16.0,0.0,6727,6727,0,0.0,235703074.11059007,0,0.0,0.0,0,4255,709098,none_default,10000000.0,10000000.0,1.0,50,Isolated RL (non-federated)
Fin_rl_2,pure_rl,rl,16025734.498894863,10000000.0,16025734.49889249,6025734.49889249,0.0,0.0,9.0,0.0,5441,5441,0,0.0,191031380.15282217,0,0.0,0.0,0,4255,709098,none_default,10000000.0,10000000.0,1.0,50,Isolated RL (non-federated)
Fin_rl_3,pure_rl,rl,11036829.00736108,10000000.0,11036829.007360876,1036829.0073608756,0.0,0.0,7.0,0.0,1149,1149,0,0.0,40311068.89669267,0,0.0,0.0,0,4255,709098,none_default,10000000.0,10000000.0,1.0,50,Isolated RL (non-federated)
Fin_fl_rl_1,pure_rl,fl_rl,12852297.205487935,10000000.0,12852297.205487307,2852297.205487307,0.0,0.0,8.0,0.0,2062,2062,0,0.0,72743487.29593036,0,0.0,0.0,0,4262,709098,none_default,10000000.0,10000000.0,1.0,50,FedAvg (federated)
Fin_fl_rl_2,pure_rl,fl_rl,20032540.813645612,10000000.0,20032540.813647762,10032540.813647762,0.0,0.0,10.0,0.0,6882,6882,0,0.0,242020473.26716888,0,0.0,0.0,0,4262,709098,none_default,10000000.0,10000000.0,1.0,50,FedAvg (federated)
Fin_fl_rl_3,pure_rl,fl_rl,16009597.863948537,10000000.0,16009597.863954945,6009597.863954945,0.0,0.0,10.0,0.0,4307,4307,0,0.0,151304177.93376276,0,0.0,0.0,0,4262,709098,none_default,10000000.0,10000000.0,1.0,50,FedAvg (federated)
Fin_rl_1,pure_rl,rl,15453767.911766887,10000000.0,15453767.911769386,5453767.911769386,0.0,0.0,17.0,0.0,3513,3513,122,0.03472815257614575,122514891.4564876,272242.33100205637,0.002222116248609223,0.027224233100205636,0,4253,709098,low_default,10000000.0,10000000.0,1.0,50,Isolated RL (non-federated)
Fin_rl_2,pure_rl,rl,16158463.134153103,10000000.0,16158463.134159619,6158463.134159619,0.0,0.0,18.0,0.0,3845,3845,107,0.027828348504551365,134448643.7527052,213891.13069109496,0.0015908760752135988,0.021389113069109497,0,4253,709098,low_default,10000000.0,10000000.0,1.0,50,Isolated RL (non-federated)
Fin_rl_3,pure_rl,rl,17690995.54333826,10000000.0,17690995.543338723,7690995.5433387235,0.0,0.0,22.0,0.0,4349,4349,28,0.0064382616693492755,152721766.93128145,52438.2966111965,0.0003433583677354361,0.00524382966111965,0,4253,709098,low_default,10000000.0,10000000.0,1.0,50,Isolated RL (non-federated)
Fin_fl_rl_1,pure_rl,fl_rl,16132600.627708089,10000000.0,16132600.627707005,6132600.627707005,0.0,0.0,13.0,0.0,3247,3247,42,0.012935016938712659,112329689.8924173,85928.6911457197,0.0007649686492326035,0.00859286911457197,0,4264,709098,low_default,10000000.0,10000000.0,1.0,50,FedAvg (federated)
Fin_fl_rl_2,pure_rl,fl_rl,14707860.69511233,10000000.0,14707860.695109008,4707860.695109008,0.0,0.0,18.0,0.0,2696,2696,88,0.032640949554896145,94566442.20211144,156538.6722810916,0.0016553300371238506,0.01565386722810916,0,4264,709098,low_default,10000000.0,10000000.0,1.0,50,FedAvg (federated)
Fin_fl_rl_3,pure_rl,fl_rl,18343763.234798644,10000000.0,18343763.23479738,8343763.234797381,0.0,0.0,23.0,0.0,4524,4524,58,0.01282051282051282,157624150.07150558,118149.16291676545,0.0007495625693345058,0.011814916291676544,0,4264,709098,low_default,10000000.0,10000000.0,1.0,50,FedAvg (federated)
Fin_rl_1,pure_rl,rl,11941713.953372313,10000000.0,11941713.953371402,1941713.9533714019,0.0,0.0,25.0,0.0,1728,1728,200,0.11574074074074074,60631509.50735399,521805.1346281996,0.00860617093105541,0.05218051346281996,0,4257,709098,medium_default,10000000.0,10000000.0,1.0,50,Isolated RL (non-federated)
Fin_rl_2,pure_rl,rl,13347210.543466803,10000000.0,13347210.543462744,3347210.543462744,0.0,0.0,25.0,0.0,2090,2090,211,0.10095693779904306,73043074.75199771,461918.465963053,0.006323918694981,0.0461918465963053,0,4257,709098,medium_default,10000000.0,10000000.0,1.0,50,Isolated RL (non-federated)
Fin_rl_3,pure_rl,rl,20661137.404917173,10000000.0,20661137.404921677,10661137.404921677,0.0,0.0,13.0,0.0,6257,6257,152,0.024292792072878377,219699578.07076856,346448.4883229553,0.0015769192247213101,0.03464484883229553,0,4257,709098,medium_default,10000000.0,10000000.0,1.0,50,Isolated RL (non-federated)
Fin_fl_rl_1,pure_rl,fl_rl,16371313.910021309,10000000.0,16371313.910020651,6371313.910020651,0.0,0.0,20.0,0.0,3796,3796,177,0.04662802950474183,132514491.03895432,463008.8047417014,0.0034940239449404373,0.04630088047417014,0,4244,709098,medium_default,10000000.0,10000000.0,1.0,50,FedAvg (federated)
Fin_fl_rl_2,pure_rl,fl_rl,15060605.228708304,10000000.0,15060605.228721367,5060605.228721367,0.0,0.0,19.0,0.0,3131,3131,298,0.09517725966145002,109777670.56460607,701904.1213745036,0.006393869698313746,0.07019041213745036,0,4244,709098,medium_default,10000000.0,10000000.0,1.0,50,FedAvg (federated)
Fin_fl_rl_3,pure_rl,fl_rl,13157467.579212816,10000000.0,13157467.579212463,3157467.5792124625,0.0,0.0,16.0,0.0,1924,1924,76,0.0395010395010395,67647476.16646428,171683.65531497763,0.0025379166384937282,0.017168365531497764,0,4244,709098,medium_default,10000000.0,10000000.0,1.0,50,FedAvg (federated)
Fin_rl_1,pure_rl,rl,11177396.76720629,10000000.0,11177396.767205173,1177396.7672051731,0.0,0.0,9.0,0.0,1371,1371,222,0.16192560175054704,47682355.78209286,771095.5137697298,0.01617150623374433,0.07710955137697298,0,4263,709098,high_default,10000000.0,10000000.0,1.0,50,Isolated RL (non-federated)
Fin_rl_2,pure_rl,rl,12035524.195791801,10000000.0,12035524.195788935,2035524.1957889348,0.0,0.0,20.0,0.0,1789,1789,322,0.17998882057015092,62420496.28310407,828853.8633616652,0.013278552922784414,0.08288538633616652,0,4263,709098,high_default,10000000.0,10000000.0,1.0,50,Isolated RL (non-federated)
Fin_rl_3,pure_rl,rl,21564946.651038375,10000000.0,21564946.651042312,11564946.651042312,0.0,0.0,8.0,0.0,5702,5702,112,0.019642230796211857,200175237.7423712,308552.354021081,0.0015414112030090001,0.030855235402108102,0,4263,709098,high_default,10000000.0,10000000.0,1.0,50,Isolated RL (non-federated)
Fin_fl_rl_1,pure_rl,fl_rl,15182609.705035893,10000000.0,15182609.705030212,5182609.705030212,0.0,0.0,14.0,0.0,3600,3600,219,0.060833333333333336,126559903.13068968,733156.1309885024,0.005792957428478929,0.07331561309885024,0,4249,709098,high_default,10000000.0,10000000.0,1.0,50,FedAvg (federated)
Fin_fl_rl_2,pure_rl,fl_rl,11985612.699378368,10000000.0,11985612.699378043,1985612.6993780434,0.0,0.0,23.0,0.0,1639,1639,242,0.1476510067114094,57959360.20383921,659068.2300650431,0.01137121299729921,0.06590682300650431,0,4249,709098,high_default,10000000.0,10000000.0,1.0,50,FedAvg (federated)
Fin_fl_rl_3,pure_rl,fl_rl,16635836.897848714,10000000.0,16635836.897859938,6635836.897859938,0.0,0.0,21.0,0.0,3596,3596,85,0.023637374860956618,126282871.13226682,238579.5015560286,0.0018892467316976341,0.02385795015560286,0,4249,709098,high_default,10000000.0,10000000.0,1.0,50,FedAvg (federated)
Fin_rl_1,pure_rl,rl,7226184.533279883,1000000.0,7226184.533279859,6226184.533279859,0.0,0.0,6.0,0.0,3338,3338,0,0.0,112315377.35156316,0,0.0,0.0,0,4259,436570,none_default,1000000.0,1000000.0,1.0,50,Isolated RL (non-federated)
Fin_rl_2,pure_rl,rl,7245109.924458431,1000000.0,7245109.924457819,6245109.924457819,0.0,0.0,6.0,0.0,3466,3466,0,0.0,114551320.07192865,0,0.0,0.0,0,4259,436570,none_default,1000000.0,1000000.0,1.0,50,Isolated RL (non-federated)
Fin_rl_3,pure_rl,rl,4976211.383208429,1000000.0,4976211.383208415,3976211.3832084145,0.0,0.0,6.0,0.0,2164,2164,0,0.0,71542786.99225873,0,0.0,0.0,0,4259,436570,none_default,1000000.0,1000000.0,1.0,50,Isolated RL (non-federated)
Fin_fl_rl_1,pure_rl,fl_rl,6236807.477189518,1000000.0,6236807.477189497,5236807.477189497,0.0,0.0,6.0,0.0,3102,3102,0,0.0,100612982.00426856,0,0.0,0.0,0,4242,436570,none_default,1000000.0,1000000.0,1.0,50,FedAvg (federated)
Fin_fl_rl_2,pure_rl,fl_rl,7594233.068728145,1000000.0,7594233.06872802,6594233.06872802,0.0,0.0,6.0,0.0,3570,3570,0,0.0,121553043.25777301,0,0.0,0.0,0,4242,436570,none_default,1000000.0,1000000.0,1.0,50,FedAvg (federated)
Fin_fl_rl_3,pure_rl,fl_rl,5262328.026080051,1000000.0,5262328.026080715,4262328.026080715,0.0,0.0,6.0,0.0,2046,2046,0,0.0,70654363.13287608,0,0.0,0.0,0,4242,436570,none_default,1000000.0,1000000.0,1.0,50,FedAvg (federated)
Fin_rl_1,pure_rl,rl,6266515.815225941,1000000.0,6266515.815225876,5266515.815225876,0.0,0.0,6.0,0.0,2699,2699,27,0.010003705075954057,93432166.11568409,57675.34678583233,0.0006172964749037387,0.057675346785832325,0,4257,436570,low_default,1000000.0,1000000.0,1.0,50,Isolated RL (non-federated)
Fin_rl_2,pure_rl,rl,5814908.352483123,1000000.0,5814908.352483704,4814908.352483704,0.0,0.0,6.0,0.0,2714,2714,242,0.08916728076639646,92510366.50374599,468673.70514609263,0.005066174990530545,0.46867370514609263,0,4257,436570,low_default,1000000.0,1000000.0,1.0,50,Isolated RL (non-federated)
Fin_rl_3,pure_rl,rl,5016211.832741732,1000000.0,5016211.832741903,4016211.832741903,0.0,0.0,6.0,0.0,2457,2457,20,0.00814000814000814,80707220.26280689,44156.68778202323,0.0005471219010918209,0.04415668778202323,0,4257,436570,low_default,1000000.0,1000000.0,1.0,50,Isolated RL (non-federated)
Fin_fl_rl_1,pure_rl,fl_rl,4135122.066323028,1000000.0,4135122.0663230163,3135122.0663230163,0.0,0.0,6.0,0.0,2092,2092,110,0.052581261950286805,71982277.47583072,220161.16683817407,0.003058546833449344,0.22016116683817408,0,4234,436570,low_default,1000000.0,1000000.0,1.0,50,FedAvg (federated)
Fin_fl_rl_2,pure_rl,fl_rl,3534645.690256745,1000000.0,3534645.6902568974,2534645.6902568974,0.0,0.0,21.0,0.0,1399,1399,88,0.06290207290922087,47746638.69007178,151146.20326279322,0.0031655883515465536,0.1511462032627932,0,4234,436570,low_default,1000000.0,1000000.0,1.0,50,FedAvg (federated)
Fin_fl_rl_3,pure_rl,fl_rl,7102147.98381941,1000000.0,7102147.983820223,6102147.983820223,0.0,0.0,6.0,0.0,3257,3257,14,0.004298434141848327,108731643.42913915,31918.835838376686,0.00029355608755401844,0.03191883583837669,0,4234,436570,low_default,1000000.0,1000000.0,1.0,50,FedAvg (federated)
Fin_rl_1,pure_rl,rl,5153904.8753953725,1000000.0,5153904.875395508,4153904.8753955076,0.0,0.0,6.0,0.0,2250,2250,72,0.032,78754686.52195524,190913.29202506668,0.0024241515071213426,0.19091329202506668,0,4265,436570,medium_default,1000000.0,1000000.0,1.0,50,Isolated RL (non-federated)
Fin_rl_2,pure_rl,rl,3835815.1473703617,1000000.0,3835815.1473697433,2835815.1473697433,0.0,0.0,7.0,0.0,1954,1954,161,0.08239508700102355,65830573.8314718,407229.50660318235,0.006186023953637436,0.40722950660318236,0,4265,436570,medium_default,1000000.0,1000000.0,1.0,50,Isolated RL (non-federated)
Fin_rl_3,pure_rl,rl,7190074.238102837,1000000.0,7190074.238103329,6190074.238103329,0.0,0.0,6.0,0.0,3213,3213,26,0.008092125739184563,106616261.3501335,68202.48576615939,0.0006397005944729086,0.06820248576615938,0,4265,436570,medium_default,1000000.0,1000000.0,1.0,50,Isolated RL (non-federated)
Fin_fl_rl_1,pure_rl,fl_rl,5168913.007877121,1000000.0,5168913.007877953,4168913.0078779534,0.0,0.0,6.0,0.0,2220,2220,37,0.016666666666666666,77856105.59299138,98628.51498796702,0.0012668051431132148,0.09862851498796701,0,4249,436570,medium_default,1000000.0,1000000.0,1.0,50,FedAvg (federated)
Fin_fl_rl_2,pure_rl,fl_rl,3150405.814038622,1000000.0,3150405.8140386753,2150405.8140386753,0.0,0.0,20.0,0.0,1229,1229,66,0.05370219690805533,41405525.204569146,147299.72896949996,0.003557489688676749,0.14729972896949997,0,4249,436570,medium_default,1000000.0,1000000.0,1.0,50,FedAvg (federated)
Fin_fl_rl_3,pure_rl,fl_rl,7057879.532088421,1000000.0,7057879.53208774,6057879.53208774,0.0,0.0,6.0,0.0,3099,3099,23,0.007421748951274605,103590626.05584541,54092.56220022696,0.000522176226361117,0.05409256220022696,0,4249,436570,medium_default,1000000.0,1000000.0,1.0,50,FedAvg (federated)
Fin_rl_1,pure_rl,rl,2326160.436040738,1000000.0,2326160.436040738,1326160.4360407381,0.0,0.0,7.0,0.0,1158,1158,140,0.12089810017271158,38725693.48973931,417470.7912135339,0.010780201814181744,0.4174707912135339,0,4250,436570,high_default,1000000.0,1000000.0,1.0,50,Isolated RL (non-federated)
Fin_rl_2,pure_rl,rl,3451209.3432705677,1000000.0,3451209.343270364,2451209.343270364,0.0,0.0,7.0,0.0,1765,1765,210,0.11898016997167139,59146496.33513816,483597.3902463904,0.008176264364100492,0.4835973902463904,0,4250,436570,high_default,1000000.0,1000000.0,1.0,50,Isolated RL (non-federated)
Fin_rl_3,pure_rl,rl,6587433.2370916,1000000.0,6587433.237091311,5587433.237091311,0.0,0.0,7.0,0.0,2674,2674,76,0.028421839940164548,91644654.53244643,211426.31822175777,0.0023070229169438695,0.21142631822175778,0,4250,436570,high_default,1000000.0,1000000.0,1.0,50,Isolated RL (non-federated)
Fin_fl_rl_1,pure_rl,fl_rl,3603562.7771083834,1000000.0,3603562.7771081896,2603562.7771081896,0.0,0.0,7.0,0.0,1512,1512,109,0.07208994708994709,52829774.753115855,325492.93082648254,0.006161164463554432,0.32549293082648256,0,4256,436570,high_default,1000000.0,1000000.0,1.0,50,FedAvg (federated)
Fin_fl_rl_2,pure_rl,fl_rl,3924747.803350233,1000000.0,3924747.803350465,2924747.803350465,0.0,0.0,7.0,0.0,1534,1534,135,0.0880052151238592,54073902.306210004,330111.57447632466,0.006104822481776273,0.33011157447632467,0,4256,436570,high_default,1000000.0,1000000.0,1.0,50,FedAvg (federated)
Fin_fl_rl_3,pure_rl,fl_rl,6292687.168075295,1000000.0,6292687.168075535,5292687.168075535,0.0,0.0,7.0,0.0,2796,2796,60,0.02145922746781116,93792227.42910294,175295.10253435312,0.0018689725933511685,0.17529510253435313,0,4256,436570,high_default,1000000.0,1000000.0,1.0,50,FedAvg (federated)
Fin_rl_1,pure_rl,rl,10320735.60018375,5000000.0,10320735.600184996,5320735.600184996,0.0,0.0,7.0,0.0,4142,4142,0,0.0,145385564.7473487,0,0.0,0.0,0,4262,436570,none_default,5000000.0,5000000.0,1.0,50,Isolated RL (non-federated)
Fin_rl_2,pure_rl,rl,14306773.805372298,5000000.0,14306773.805375064,9306773.805375064,0.0,0.0,6.0,0.0,6813,6813,0,0.0,236849284.20112872,0,0.0,0.0,0,4262,436570,none_default,5000000.0,5000000.0,1.0,50,Isolated RL (non-federated)
Fin_rl_3,pure_rl,rl,7816196.032215207,5000000.0,7816196.032214779,2816196.0322147794,0.0,0.0,22.0,0.0,2304,2304,0,0.0,80751122.83070055,0,0.0,0.0,0,4262,436570,none_default,5000000.0,5000000.0,1.0,50,Isolated RL (non-federated)
Fin_fl_rl_1,pure_rl,fl_rl,11688704.747503182,5000000.0,11688704.747500394,6688704.747500394,0.0,0.0,6.0,0.0,4927,4927,0,0.0,170138813.98324913,0,0.0,0.0,0,4253,436570,none_default,5000000.0,5000000.0,1.0,50,FedAvg (federated)
Fin_fl_rl_2,pure_rl,fl_rl,12410897.79920932,5000000.0,12410897.799208589,7410897.799208589,0.0,0.0,6.0,0.0,5458,5458,0,0.0,191916535.6795504,0,0.0,0.0,0,4253,436570,none_default,5000000.0,5000000.0,1.0,50,FedAvg (federated)
Fin_fl_rl_3,pure_rl,fl_rl,8312558.39198924,5000000.0,8312558.391987596,3312558.3919875957,0.0,0.0,22.0,0.0,2723,2723,0,0.0,95214290.66899115,0,0.0,0.0,0,4253,436570,none_default,5000000.0,5000000.0,1.0,50,FedAvg (federated)
Fin_rl_1,pure_rl,rl,10205878.648070406,5000000.0,10205878.648071855,5205878.648071855,0.0,0.0,7.0,0.0,3237,3237,247,0.07630522088353414,112886358.44099782,512377.96255740075,0.004538882905193587,0.10247559251148015,0,4266,436570,low_default,5000000.0,5000000.0,1.0,50,Isolated RL (non-federated)
Fin_rl_2,pure_rl,rl,9121385.036858419,5000000.0,9121385.036859138,4121385.036859138,0.0,0.0,10.0,0.0,2734,2734,220,0.08046817849305048,95788822.80095877,474264.13162620633,0.00495114270912054,0.09485282632524127,0,4266,436570,low_default,5000000.0,5000000.0,1.0,50,Isolated RL (non-federated)
Fin_rl_3,pure_rl,rl,15435194.866821451,5000000.0,15435194.866820106,10435194.866820106,0.0,0.0,6.0,0.0,5721,5721,30,0.005243838489774515,200991420.7704346,57078.08333276688,0.0002839826850020603,0.011415616666553377,0,4266,436570,low_default,5000000.0,5000000.0,1.0,50,Isolated RL (non-federated)
Fin_fl_rl_1,pure_rl,fl_rl,8556033.334513383,5000000.0,8556033.334512504,3556033.334512504,0.0,0.0,24.0,0.0,2443,2443,89,0.03643061809250921,85130684.08530891,207677.63556483504,0.0024395156434632035,0.041535527112967006,0,4262,436570,low_default,5000000.0,5000000.0,1.0,50,FedAvg (federated)
Fin_fl_rl_2,pure_rl,fl_rl,7799997.415470449,5000000.0,7799997.415468824,2799997.415468824,0.0,0.0,8.0,0.0,1946,1946,103,0.052929085303186026,68050864.58172874,215645.68836440437,0.0031688897663513884,0.043129137672880874,0,4262,436570,low_default,5000000.0,5000000.0,1.0,50,FedAvg (federated)
Fin_fl_rl_3,pure_rl,fl_rl,15128487.799392978,5000000.0,15128487.79940028,10128487.79940028,0.0,0.0,11.0,0.0,6583,6583,45,0.006835789153881209,230544303.09631267,93500.96080205958,0.0004055661300075518,0.018700192160411914,0,4262,436570,low_default,5000000.0,5000000.0,1.0,50,FedAvg (federated)
Fin_rl_1,pure_rl,rl,9664512.351374337,5000000.0,9664512.351373738,4664512.351373738,0.0,0.0,13.0,0.0,3121,3121,143,0.04581864786927267,109613566.32386644,377341.856664786,0.0034424740414875673,0.0754683713329572,0,4257,436570,medium_default,5000000.0,5000000.0,1.0,50,Isolated RL (non-federated)
Fin_rl_2,pure_rl,rl,8497966.813442048,5000000.0,8497966.813442808,3497966.8134428076,0.0,0.0,22.0,0.0,2370,2370,231,0.09746835443037975,82504878.61585791,534070.0817346651,0.006473193957672386,0.10681401634693302,0,4257,436570,medium_default,5000000.0,5000000.0,1.0,50,Isolated RL (non-federated)
Fin_rl_3,pure_rl,rl,12546302.036882235,5000000.0,12546302.036882019,7546302.036882019,0.0,0.0,13.0,0.0,4534,4534,111,0.024481693868548742,157284581.39374247,293849.53859675827,0.001868266653939475,0.05876990771935165,0,4257,436570,medium_default,5000000.0,5000000.0,1.0,50,Isolated RL (non-federated)
Fin_fl_rl_1,pure_rl,fl_rl,9753783.129895942,5000000.0,9753783.129897848,4753783.129897848,0.0,0.0,14.0,0.0,3287,3287,129,0.039245512625494375,114810154.9223261,340159.1543722643,0.0029627967543672095,0.06803183087445286,0,4263,436570,medium_default,5000000.0,5000000.0,1.0,50,FedAvg (federated)
Fin_fl_rl_2,pure_rl,fl_rl,7778690.6106494935,5000000.0,7778690.610651249,2778690.610651249,0.0,0.0,11.0,0.0,1663,1663,135,0.08117859290438965,58020224.02223177,338702.18969557,0.005837657392804766,0.067740437939114,0,4263,436570,medium_default,5000000.0,5000000.0,1.0,50,FedAvg (federated)
Fin_fl_rl_3,pure_rl,fl_rl,14491399.99566585,5000000.0,14491399.995668244,9491399.995668244,0.0,0.0,13.0,0.0,4996,4996,72,0.014411529223378704,175518166.31982058,205976.73072981316,0.0011735351106306141,0.04119534614596263,0,4263,436570,medium_default,5000000.0,5000000.0,1.0,50,FedAvg (federated)
Fin_rl_1,pure_rl,rl,8411441.242823733,5000000.0,8411441.242824625,3411441.242824625,0.0,0.0,36.0,0.0,2604,2604,247,0.09485407066052227,91881298.94564056,800298.495409031,0.00871013475639378,0.1600596990818062,0,4272,436570,high_default,5000000.0,5000000.0,1.0,50,Isolated RL (non-federated)
Fin_rl_2,pure_rl,rl,8511362.749915006,5000000.0,8511362.749914095,3511362.749914095,0.0,0.0,18.0,0.0,2597,2597,270,0.1039661147477859,90358837.41681093,663795.2832284636,0.007346213189601828,0.13275905664569274,0,4272,436570,high_default,5000000.0,5000000.0,1.0,50,Isolated RL (non-federated)
Fin_rl_3,pure_rl,rl,10682361.816158038,5000000.0,10682361.816155445,5682361.816155445,0.0,0.0,11.0,0.0,3349,3349,123,0.036727381307853094,117402808.61280797,343000.56780026876,0.0029215703768338073,0.06860011356005376,0,4272,436570,high_default,5000000.0,5000000.0,1.0,50,Isolated RL (non-federated)
Fin_fl_rl_1,pure_rl,fl_rl,9174324.465022929,5000000.0,9174324.465025129,4174324.465025129,0.0,0.0,8.0,0.0,3056,3056,238,0.07787958115183247,106080444.07069342,787354.528590131,0.0074222401262331395,0.1574709057180262,0,4242,436570,high_default,5000000.0,5000000.0,1.0,50,FedAvg (federated)
Fin_fl_rl_2,pure_rl,fl_rl,5791781.3714037165,5000000.0,5791781.371404522,791781.3714045221,0.0,0.0,9.0,0.0,1040,1040,304,0.2923076923076923,36346293.208615944,767619.1546295183,0.02111959946571809,0.15352383092590366,0,4242,436570,high_default,5000000.0,5000000.0,1.0,50,FedAvg (federated)
Fin_fl_rl_3,pure_rl,fl_rl,13402563.187282588,5000000.0,13402563.187283328,8402563.187283328,0.0,0.0,15.0,0.0,4885,4885,103,0.021084953940634595,169881889.92984632,308471.47282888903,0.001815799629709053,0.0616942945657778,0,4242,436570,high_default,5000000.0,5000000.0,1.0,50,FedAvg (federated)
Fin_rl_1,pure_rl,rl,14206144.949469788,10000000.0,14206144.949463965,4206144.949463965,0.0,0.0,11.0,0.0,4161,4161,0,0.0,145394585.307923,0,0.0,0.0,0,4246,436570,none_default,10000000.0,10000000.0,1.0,50,Isolated RL (non-federated)
Fin_rl_2,pure_rl,rl,16217840.650745753,10000000.0,16217840.650745485,6217840.650745485,0.0,0.0,7.0,0.0,6063,6063,0,0.0,210820327.0720049,0,0.0,0.0,0,4246,436570,none_default,10000000.0,10000000.0,1.0,50,Isolated RL (non-federated)
Fin_rl_3,pure_rl,rl,13176546.219744774,10000000.0,13176546.21974277,3176546.2197427694,0.0,0.0,10.0,0.0,3071,3071,0,0.0,108439840.112984,0,0.0,0.0,0,4246,436570,none_default,10000000.0,10000000.0,1.0,50,Isolated RL (non-federated)
Fin_fl_rl_1,pure_rl,fl_rl,15814136.142399825,10000000.0,15814136.14240617,5814136.142406169,0.0,0.0,15.0,0.0,4574,4574,0,0.0,159743921.36872905,0,0.0,0.0,0,4240,436570,none_default,10000000.0,10000000.0,1.0,50,FedAvg (federated)
Fin_fl_rl_2,pure_rl,fl_rl,14032347.46137028,10000000.0,14032347.461368555,4032347.461368555,0.0,0.0,12.0,0.0,2814,2814,0,0.0,98285403.75297873,0,0.0,0.0,0,4240,436570,none_default,10000000.0,10000000.0,1.0,50,FedAvg (federated)
Fin_fl_rl_3,pure_rl,fl_rl,16673550.25443521,10000000.0,16673550.254431985,6673550.254431985,0.0,0.0,22.0,0.0,5784,5784,0,0.0,202600395.4113495,0,0.0,0.0,0,4240,436570,none_default,10000000.0,10000000.0,1.0,50,FedAvg (federated)
Fin_rl_1,pure_rl,rl,15753481.123243218,10000000.0,15753481.123244882,5753481.123244882,0.0,0.0,17.0,0.0,3077,3077,49,0.015924601884952875,107422484.5146008,102059.19050959816,0.0009500728918229995,0.010205919050959817,0,4257,436570,low_default,10000000.0,10000000.0,1.0,50,Isolated RL (non-federated)
Fin_rl_2,pure_rl,rl,15870086.88149223,10000000.0,15870086.881494928,5870086.881494928,0.0,0.0,17.0,0.0,3167,3167,125,0.039469529523208084,110440335.94266336,275163.4549546184,0.0024915122958107747,0.027516345495461843,0,4257,436570,low_default,10000000.0,10000000.0,1.0,50,Isolated RL (non-federated)
Fin_rl_3,pure_rl,rl,17595285.520762313,10000000.0,17595285.520760726,7595285.520760726,0.0,0.0,15.0,0.0,4317,4317,67,0.015520037062775075,150899036.1511937,146127.3823424885,0.0009683785004171648,0.014612738234248851,0,4257,436570,low_default,10000000.0,10000000.0,1.0,50,Isolated RL (non-federated)
Fin_fl_rl_1,pure_rl,fl_rl,13475587.3330917,10000000.0,13475587.333095388,3475587.3330953885,0.0,0.0,20.0,0.0,2276,2276,54,0.023725834797891036,79763074.86372915,124085.21744594589,0.0015556724418904198,0.01240852174459459,0,4234,436570,low_default,10000000.0,10000000.0,1.0,50,FedAvg (federated)
Fin_fl_rl_2,pure_rl,fl_rl,15002775.800822176,10000000.0,15002775.800819905,5002775.8008199055,0.0,0.0,22.0,0.0,3050,3050,141,0.04622950819672131,106918277.20477158,302307.9431610031,0.002827467399067964,0.03023079431610031,0,4234,436570,low_default,10000000.0,10000000.0,1.0,50,FedAvg (federated)
Fin_fl_rl_3,pure_rl,fl_rl,19863166.318680573,10000000.0,19863166.31868075,9863166.318680748,0.0,0.0,25.0,0.0,5286,5286,47,0.008891411275066213,186557397.73646685,109009.30584531029,0.0005843204674161359,0.010900930584531029,0,4234,436570,low_default,10000000.0,10000000.0,1.0,50,FedAvg (federated)
Fin_rl_1,pure_rl,rl,14325302.728008201,10000000.0,14325302.728006357,4325302.728006357,0.0,0.0,17.0,0.0,2570,2570,149,0.05797665369649806,89827345.67650893,379932.89485470625,0.004229590577271881,0.03799328948547062,0,4259,436570,medium_default,10000000.0,10000000.0,1.0,50,Isolated RL (non-federated)
Fin_rl_2,pure_rl,rl,15593935.488790242,10000000.0,15593935.488785347,5593935.488785347,0.0,0.0,19.0,0.0,3411,3411,328,0.09615948402228086,118727968.94069885,781701.0271232725,0.006583966980128409,0.07817010271232726,0,4259,436570,medium_default,10000000.0,10000000.0,1.0,50,Isolated RL (non-federated)
Fin_rl_3,pure_rl,rl,13407746.128717912,10000000.0,13407746.128717221,3407746.1287172213,0.0,0.0,12.0,0.0,2143,2143,76,0.03546430237984134,74377564.13609852,195002.19148634968,0.0026217878166798826,0.019500219148634968,0,4259,436570,medium_default,10000000.0,10000000.0,1.0,50,Isolated RL (non-federated)
Fin_fl_rl_1,pure_rl,fl_rl,14230987.639888836,10000000.0,14230987.639886042,4230987.639886042,0.0,0.0,7.0,0.0,2495,2495,94,0.03767535070140281,87020639.41944365,238230.25729319043,0.002737629358765214,0.023823025729319044,0,4263,436570,medium_default,10000000.0,10000000.0,1.0,50,FedAvg (federated)
Fin_fl_rl_2,pure_rl,fl_rl,14003129.609428808,10000000.0,14003129.609421054,4003129.609421054,0.0,0.0,32.0,0.0,2403,2403,242,0.10070744902205576,83946391.74747473,548654.6905604682,0.006535774547772303,0.05486546905604683,0,4263,436570,medium_default,10000000.0,10000000.0,1.0,50,FedAvg (federated)
Fin_fl_rl_3,pure_rl,fl_rl,18579848.767335575,10000000.0,18579848.76732592,8579848.76732592,0.0,0.0,12.0,0.0,4198,4198,86,0.02048594568842306,147513845.21803644,245071.15939064554,0.00166134344222681,0.024507115939064555,0,4263,436570,medium_default,10000000.0,10000000.0,1.0,50,FedAvg (federated)
Fin_rl_1,pure_rl,rl,11898373.592411626,10000000.0,11898373.592419516,1898373.5924195163,0.0,0.0,11.0,0.0,1789,1789,218,0.1218557853549469,62242390.64654427,733998.4695077853,0.011792581581191841,0.07339984695077853,0,4265,436570,high_default,10000000.0,10000000.0,1.0,50,Isolated RL (non-federated)
Fin_rl_2,pure_rl,rl,14402990.389616745,10000000.0,14402990.389622556,4402990.389622556,0.0,0.0,21.0,0.0,3089,3089,282,0.09129168015539009,108870853.58494364,711881.1791152332,0.0065387673162662086,0.07118811791152332,0,4265,436570,high_default,10000000.0,10000000.0,1.0,50,Isolated RL (non-federated)
Fin_rl_3,pure_rl,rl,16540834.741811391,10000000.0,16540834.741816998,6540834.7418169975,0.0,0.0,24.0,0.0,3701,3701,95,0.025668738178870575,129175664.38343543,291949.85870093846,0.0022600995326359325,0.029194985870093847,0,4265,436570,high_default,10000000.0,10000000.0,1.0,50,Isolated RL (non-federated)
Fin_fl_rl_1,pure_rl,fl_rl,12376287.316309255,10000000.0,12376287.316305332,2376287.316305332,0.0,0.0,18.0,0.0,1941,1941,226,0.1164348274085523,67839359.00105628,770908.4686067441,0.011363734562921515,0.07709084686067441,0,4266,436570,high_default,10000000.0,10000000.0,1.0,50,FedAvg (federated)
Fin_fl_rl_2,pure_rl,fl_rl,12113638.217497293,10000000.0,12113638.217494898,2113638.2174948975,0.0,0.0,17.0,0.0,1692,1692,285,0.16843971631205673,59534540.47902769,752478.7438867984,0.01263936427210478,0.07524787438867984,0,4266,436570,high_default,10000000.0,10000000.0,1.0,50,FedAvg (federated)
Fin_fl_rl_3,pure_rl,fl_rl,18494085.3442371,10000000.0,18494085.344230067,8494085.344230067,0.0,0.0,19.0,0.0,5275,5275,104,0.019715639810426542,184811246.73238656,301047.23823054606,0.0016289443610889842,0.030104723823054607,0,4266,436570,high_default,10000000.0,10000000.0,1.0,50,FedAvg (federated)
Fin_rl_1,pure_rl,rl,5528547.347934261,1000000.0,5528547.347934862,4528547.347934862,0.0,0.0,6.0,0.0,2723,2723,0,0.0,88624407.29124062,0,0.0,0.0,0,4253,831197,none_default,1000000.0,1000000.0,1.0,50,Isolated RL (non-federated)
Fin_rl_2,pure_rl,rl,7105497.135085228,1000000.0,7105497.135084933,6105497.135084933,0.0,0.0,6.0,0.0,3269,3269,0,0.0,108847304.2586657,0,0.0,0.0,0,4253,831197,none_default,1000000.0,1000000.0,1.0,50,Isolated RL (non-federated)
Fin_rl_3,pure_rl,rl,5723630.477013194,1000000.0,5723630.4770137,4723630.4770137,0.0,0.0,6.0,0.0,2510,2510,0,0.0,85326999.65765415,0,0.0,0.0,0,4253,831197,none_default,1000000.0,1000000.0,1.0,50,Isolated RL (non-federated)
Fin_fl_rl_1,pure_rl,fl_rl,4641253.104126191,1000000.0,4641253.104126077,3641253.104126077,0.0,0.0,6.0,0.0,2750,2750,0,0.0,85225611.4391597,0,0.0,0.0,0,4257,831197,none_default,1000000.0,1000000.0,1.0,50,FedAvg (federated)
Fin_fl_rl_2,pure_rl,fl_rl,7135425.889766646,1000000.0,7135425.88976675,6135425.88976675,0.0,0.0,6.0,0.0,3192,3192,0,0.0,112481844.6833562,0,0.0,0.0,0,4257,831197,none_default,1000000.0,1000000.0,1.0,50,FedAvg (federated)
Fin_fl_rl_3,pure_rl,fl_rl,5474930.753368053,1000000.0,5474930.753367962,4474930.753367962,0.0,0.0,6.0,0.0,2840,2840,0,0.0,94199564.20580046,0,0.0,0.0,0,4257,831197,none_default,1000000.0,1000000.0,1.0,50,FedAvg (federated)
Fin_rl_1,pure_rl,rl,5174785.477327672,1000000.0,5174785.477327324,4174785.4773273245,0.0,0.0,6.0,0.0,2194,2194,161,0.07338195077484047,73437796.22526422,295703.06144499546,0.004026578637217699,0.2957030614449955,0,4266,831197,low_default,1000000.0,1000000.0,1.0,50,Isolated RL (non-federated)
Fin_rl_2,pure_rl,rl,3336064.7100314824,1000000.0,3336064.710031575,2336064.710031575,0.0,0.0,6.0,0.0,1629,1629,93,0.0570902394106814,55187299.15857741,162888.00969012096,0.002951548855871203,0.16288800969012096,0,4266,831197,low_default,1000000.0,1000000.0,1.0,50,Isolated RL (non-federated)
Fin_rl_3,pure_rl,rl,8801619.580596268,1000000.0,8801619.580596562,7801619.5805965625,0.0,0.0,6.0,0.0,3732,3732,59,0.015809217577706324,126471417.83840404,140966.4878989797,0.0011146114300631658,0.14096648789897973,0,4266,831197,low_default,1000000.0,1000000.0,1.0,50,Isolated RL (non-federated)
Fin_fl_rl_1,pure_rl,fl_rl,5001365.458188968,1000000.0,5001365.458189279,4001365.458189279,0.0,0.0,6.0,0.0,2008,2008,21,0.01045816733067729,69175371.0918433,47354.7872296087,0.0006845613761397293,0.0473547872296087,0,4251,831197,low_default,1000000.0,1000000.0,1.0,50,FedAvg (federated)
Fin_fl_rl_2,pure_rl,fl_rl,4478914.082472651,1000000.0,4478914.082471904,3478914.0824719043,0.0,0.0,6.0,0.0,1705,1705,47,0.02756598240469208,60047565.36634756,94539.90289721913,0.001574416919660861,0.09453990289721913,0,4251,831197,low_default,1000000.0,1000000.0,1.0,50,FedAvg (federated)
Fin_fl_rl_3,pure_rl,fl_rl,6643974.746132605,1000000.0,6643974.746133121,5643974.746133121,0.0,0.0,6.0,0.0,3318,3318,25,0.007534659433393611,106300111.43715766,49073.93941508354,0.000461654637531542,0.04907393941508354,0,4251,831197,low_default,1000000.0,1000000.0,1.0,50,FedAvg (federated)
Fin_rl_1,pure_rl,rl,4092359.488077452,1000000.0,4092359.4880772894,3092359.4880772894,0.0,0.0,6.0,0.0,2094,2094,73,0.034861509073543455,70776300.54610102,177560.9182274277,0.0025087623520499095,0.1775609182274277,0,4246,831197,medium_default,1000000.0,1000000.0,1.0,50,Isolated RL (non-federated)
Fin_rl_2,pure_rl,rl,4510078.461479108,1000000.0,4510078.461479226,3510078.461479226,0.0,0.0,6.0,0.0,2124,2124,159,0.0748587570621469,72154198.14264332,385334.38150554127,0.0053404291285139745,0.3853343815055413,0,4246,831197,medium_default,1000000.0,1000000.0,1.0,50,Isolated RL (non-federated)
Fin_rl_3,pure_rl,rl,7011804.131020042,1000000.0,7011804.131019639,6011804.131019639,0.0,0.0,6.0,0.0,3063,3063,45,0.014691478942213516,103467890.57164824,103674.48849383858,0.001001996734649261,0.10367448849383858,0,4246,831197,medium_default,1000000.0,1000000.0,1.0,50,Isolated RL (non-federated)
Fin_fl_rl_1,pure_rl,fl_rl,4229990.681931015,1000000.0,4229990.681931517,3229990.681931517,0.0,0.0,6.0,0.0,1603,1603,87,0.054273237679351216,55642232.12475684,246416.43159658703,0.004428586384602447,0.24641643159658702,0,4280,831197,medium_default,1000000.0,1000000.0,1.0,50,FedAvg (federated)
Fin_fl_rl_2,pure_rl,fl_rl,5641016.873573124,1000000.0,5641016.8735733675,4641016.8735733675,0.0,0.0,6.0,0.0,2184,2184,88,0.040293040293040296,75580529.4274828,179788.1696712848,0.002378763036368858,0.1797881696712848,0,4280,831197,medium_default,1000000.0,1000000.0,1.0,50,FedAvg (federated)
Fin_fl_rl_3,pure_rl,fl_rl,6942050.633548453,1000000.0,6942050.6335485,5942050.6335485,0.0,0.0,6.0,0.0,2901,2901,61,0.02102723198896932,96782339.33743617,139793.06369942112,0.0014444067446233765,0.13979306369942113,0,4280,831197,medium_default,1000000.0,1000000.0,1.0,50,FedAvg (federated)
Fin_rl_1,pure_rl,rl,3044195.5223791995,1000000.0,3044195.522379088,2044195.5223790882,0.0,0.0,8.0,0.0,1347,1347,99,0.07349665924276169,47881026.565127335,277723.7861974269,0.005800288885194839,0.2777237861974269,0,4261,831197,high_default,1000000.0,1000000.0,1.0,50,Isolated RL (non-federated)
Fin_rl_2,pure_rl,rl,4268446.598049172,1000000.0,4268446.5980493305,3268446.5980493305,0.0,0.0,7.0,0.0,1752,1752,122,0.06963470319634703,60862628.94960478,300663.7219398703,0.004940038363916626,0.3006637219398703,0,4261,831197,high_default,1000000.0,1000000.0,1.0,50,Isolated RL (non-federated)
Fin_rl_3,pure_rl,rl,6575657.710396737,1000000.0,6575657.710396818,5575657.710396818,0.0,0.0,7.0,0.0,2990,2990,42,0.014046822742474917,97474558.76374458,105113.76189249144,0.0010783712511821932,0.10511376189249144,0,4261,831197,high_default,1000000.0,1000000.0,1.0,50,Isolated RL (non-federated)
Fin_fl_rl_1,pure_rl,fl_rl,4183840.8250007457,1000000.0,4183840.825000931,3183840.825000931,0.0,0.0,7.0,0.0,1971,1971,99,0.0502283105022831,67546146.26976082,321321.423954693,0.004757065231692467,0.32132142395469304,0,4236,831197,high_default,1000000.0,1000000.0,1.0,50,FedAvg (federated)
Fin_fl_rl_2,pure_rl,fl_rl,3076498.783642499,1000000.0,3076498.783642448,2076498.783642448,0.0,0.0,7.0,0.0,1276,1276,110,0.08620689655172414,44710245.44358045,274579.16467502917,0.006141303004509754,0.2745791646750292,0,4236,831197,high_default,1000000.0,1000000.0,1.0,50,FedAvg (federated)
Fin_fl_rl_3,pure_rl,fl_rl,5214186.464074288,1000000.0,5214186.464074621,4214186.464074621,0.0,0.0,7.0,0.0,2674,2674,51,0.01907255048616305,86785271.7836314,141045.52938947803,0.0016252242631805722,0.14104552938947804,0,4236,831197,high_default,1000000.0,1000000.0,1.0,50,FedAvg (federated)
Fin_rl_1,pure_rl,rl,10160864.029659253,5000000.0,10160864.029658169,5160864.029658169,0.0,0.0,6.0,0.0,4665,4665,0,0.0,163553434.53369147,0,0.0,0.0,0,4260,831197,none_default,5000000.0,5000000.0,1.0,50,Isolated RL (non-federated)
Fin_rl_2,pure_rl,rl,10464765.238179151,5000000.0,10464765.238178797,5464765.238178797,0.0,0.0,11.0,0.0,4037,4037,0,0.0,140626453.5778621,0,0.0,0.0,0,4260,831197,none_default,5000000.0,5000000.0,1.0,50,Isolated RL (non-federated)
Fin_rl_3,pure_rl,rl,11214145.955502829,5000000.0,11214145.955506355,6214145.955506355,0.0,0.0,6.0,0.0,4562,4562,0,0.0,159269875.29810858,0,0.0,0.0,0,4260,831197,none_default,5000000.0,5000000.0,1.0,50,Isolated RL (non-federated)
Fin_fl_rl_1,pure_rl,fl_rl,9718392.417065613,5000000.0,9718392.417069582,4718392.417069582,0.0,0.0,6.0,0.0,3720,3720,0,0.0,130294081.53711316,0,0.0,0.0,0,4257,831197,none_default,5000000.0,5000000.0,1.0,50,FedAvg (federated)
Fin_fl_rl_2,pure_rl,fl_rl,7552346.423944574,5000000.0,7552346.423945818,2552346.423945818,0.0,0.0,7.0,0.0,1811,1811,0,0.0,64149801.35321344,0,0.0,0.0,0,4257,831197,none_default,5000000.0,5000000.0,1.0,50,FedAvg (federated)
Fin_fl_rl_3,pure_rl,fl_rl,15509805.201140044,5000000.0,15509805.201146444,10509805.201146444,0.0,0.0,6.0,0.0,7760,7760,0,0.0,271221049.1987738,0,0.0,0.0,0,4257,831197,none_default,5000000.0,5000000.0,1.0,50,FedAvg (federated)
Fin_rl_1,pure_rl,rl,11209210.179816635,5000000.0,11209210.179810353,6209210.179810353,0.0,0.0,6.0,0.0,4314,4314,176,0.04079740380157627,151661927.53641793,388138.03147800063,0.0025592318242480382,0.07762760629560013,0,4254,831197,low_default,5000000.0,5000000.0,1.0,50,Isolated RL (non-federated)
Fin_rl_2,pure_rl,rl,9493376.451938746,5000000.0,9493376.451934122,4493376.451934122,0.0,0.0,21.0,0.0,2817,2817,153,0.054313099041533544,99063858.25947332,287083.20581804676,0.0028979610814884997,0.05741664116360935,0,4254,831197,low_default,5000000.0,5000000.0,1.0,50,Isolated RL (non-federated)
Fin_rl_3,pure_rl,rl,12177817.200542055,5000000.0,12177817.2005423,7177817.200542299,0.0,0.0,17.0,0.0,3714,3714,73,0.019655358104469573,130726915.51201937,155678.28551268482,0.0011908663560441105,0.031135657102536962,0,4254,831197,low_default,5000000.0,5000000.0,1.0,50,Isolated RL (non-federated)
Fin_fl_rl_1,pure_rl,fl_rl,10634625.306185937,5000000.0,10634625.306185229,5634625.306185229,0.0,0.0,6.0,0.0,3678,3678,81,0.02202283849918434,128677324.74109615,184153.41896389215,0.001431125641867486,0.03683068379277843,0,4259,831197,low_default,5000000.0,5000000.0,1.0,50,FedAvg (federated)
Fin_fl_rl_2,pure_rl,fl_rl,11672034.615454951,5000000.0,11672034.615451729,6672034.615451729,0.0,0.0,14.0,0.0,4393,4393,178,0.04051900751195083,153540511.02974263,346223.7727853037,0.002254934352265091,0.06924475455706074,0,4259,831197,low_default,5000000.0,5000000.0,1.0,50,FedAvg (federated)
Fin_fl_rl_3,pure_rl,fl_rl,11322325.700679556,5000000.0,11322325.700680612,6322325.700680612,0.0,0.0,17.0,0.0,3632,3632,39,0.010737885462555066,127598948.62234618,84412.82527330729,0.0006615479687308663,0.016882565054661458,0,4259,831197,low_default,5000000.0,5000000.0,1.0,50,FedAvg (federated)
Fin_rl_1,pure_rl,rl,7903539.697198946,5000000.0,7903539.69720079,2903539.69720079,0.0,0.0,6.0,0.0,2437,2437,149,0.06114074681986048,84859657.28865606,396816.5008096081,0.004676150169447527,0.07936330016192161,0,4242,831197,medium_default,5000000.0,5000000.0,1.0,50,Isolated RL (non-federated)
Fin_rl_2,pure_rl,rl,6365490.678048096,5000000.0,6365490.67804917,1365490.6780491704,0.0,0.0,13.0,0.0,1423,1423,282,0.19817287420941673,49920036.5173678,670579.3957201177,0.013433071017222008,0.13411587914402354,0,4242,831197,medium_default,5000000.0,5000000.0,1.0,50,Isolated RL (non-federated)
Fin_rl_3,pure_rl,rl,14841452.613111854,5000000.0,14841452.613112755,9841452.613112755,0.0,0.0,7.0,0.0,6267,6267,74,0.011807882559438328,219344164.12738463,181186.11786141462,0.0008260357351298864,0.03623722357228292,0,4242,831197,medium_default,5000000.0,5000000.0,1.0,50,Isolated RL (non-federated)
Fin_fl_rl_1,pure_rl,fl_rl,8942085.7943269,5000000.0,8942085.79432865,3942085.7943286505,0.0,0.0,8.0,0.0,3147,3147,133,0.042262472195741974,109845740.64607209,359986.85212967516,0.00327720355848452,0.07199737042593503,0,4256,831197,medium_default,5000000.0,5000000.0,1.0,50,FedAvg (federated)
Fin_fl_rl_2,pure_rl,fl_rl,8383729.274631771,5000000.0,8383729.274634433,3383729.274634433,0.0,0.0,11.0,0.0,2689,2689,187,0.0695425808850874,93971405.13204217,418980.1016745077,0.0044585914309335445,0.08379602033490155,0,4256,831197,medium_default,5000000.0,5000000.0,1.0,50,FedAvg (federated)
Fin_fl_rl_3,pure_rl,fl_rl,11838995.038623553,5000000.0,11838995.038622957,6838995.038622957,0.0,0.0,10.0,0.0,4412,4412,79,0.017905711695376247,154327975.25207683,197495.09341121797,0.001279710260493165,0.03949901868224359,0,4256,831197,medium_default,5000000.0,5000000.0,1.0,50,FedAvg (federated)
Fin_rl_1,pure_rl,rl,8651240.021197919,5000000.0,8651240.021199185,3651240.0211991854,0.0,0.0,19.0,0.0,2518,2518,249,0.09888800635424941,87498861.9780137,762019.8072128666,0.008708911064515826,0.15240396144257332,0,4243,831197,high_default,5000000.0,5000000.0,1.0,50,Isolated RL (non-federated)
Fin_rl_2,pure_rl,rl,8254946.1387006845,5000000.0,8254946.138702707,3254946.1387027074,0.0,0.0,25.0,0.0,2059,2059,256,0.12433220009713453,72923333.68526024,662038.9403601233,0.009078561098392834,0.13240778807202466,0,4243,831197,high_default,5000000.0,5000000.0,1.0,50,Isolated RL (non-federated)
Fin_rl_3,pure_rl,rl,10054298.497698909,5000000.0,10054298.497701293,5054298.497701293,0.0,0.0,6.0,0.0,3187,3187,132,0.04141826168810794,111269958.28868742,348473.0509668721,0.0031317801887079575,0.06969461019337442,0,4243,831197,high_default,5000000.0,5000000.0,1.0,50,Isolated RL (non-federated)
Fin_fl_rl_1,pure_rl,fl_rl,7073013.077869633,5000000.0,7073013.077870275,2073013.077870275,0.0,0.0,10.0,0.0,1654,1654,178,0.10761789600967352,58244592.11856918,632711.2671733943,0.010863004515258288,0.12654225343467887,0,4262,831197,high_default,5000000.0,5000000.0,1.0,50,FedAvg (federated)
Fin_fl_rl_2,pure_rl,fl_rl,7869100.259075361,5000000.0,7869100.259072445,2869100.2590724453,0.0,0.0,10.0,0.0,2158,2158,260,0.12048192771084337,75753678.704014,660337.8059708622,0.00871690744618416,0.13206756119417243,0,4262,831197,high_default,5000000.0,5000000.0,1.0,50,FedAvg (federated)
Fin_fl_rl_3,pure_rl,fl_rl,13439074.584144926,5000000.0,13439074.58414499,8439074.58414499,0.0,0.0,11.0,0.0,4847,4847,96,0.019806065607592325,169700243.52834067,276601.8981653328,0.0016299440260917426,0.05532037963306656,0,4262,831197,high_default,5000000.0,5000000.0,1.0,50,FedAvg (federated)
Fin_rl_1,pure_rl,rl,11872381.977199106,10000000.0,11872381.977202488,1872381.977202488,0.0,0.0,6.0,0.0,1922,1922,0,0.0,67863461.27312681,0,0.0,0.0,0,4244,831197,none_default,10000000.0,10000000.0,1.0,50,Isolated RL (non-federated)
Fin_rl_2,pure_rl,rl,17937844.215767376,10000000.0,17937844.215762522,7937844.215762522,0.0,0.0,14.0,0.0,7264,7264,0,0.0,255009728.55888796,0,0.0,0.0,0,4244,831197,none_default,10000000.0,10000000.0,1.0,50,Isolated RL (non-federated)
Fin_rl_3,pure_rl,rl,13966126.540041145,10000000.0,13966126.540043581,3966126.5400435813,0.0,0.0,6.0,0.0,4111,4111,0,0.0,144621982.11987638,0,0.0,0.0,0,4244,831197,none_default,10000000.0,10000000.0,1.0,50,Isolated RL (non-federated)
Fin_fl_rl_1,pure_rl,fl_rl,13975593.073670523,10000000.0,13975593.073673306,3975593.073673306,0.0,0.0,8.0,0.0,3564,3564,0,0.0,124025917.78894068,0,0.0,0.0,0,4253,831197,none_default,10000000.0,10000000.0,1.0,50,FedAvg (federated)
Fin_fl_rl_2,pure_rl,fl_rl,13212104.75105814,10000000.0,13212104.751058467,3212104.7510584667,0.0,0.0,15.0,0.0,3344,3344,0,0.0,117167293.13704915,0,0.0,0.0,0,4253,831197,none_default,10000000.0,10000000.0,1.0,50,FedAvg (federated)
Fin_fl_rl_3,pure_rl,fl_rl,17284901.368973028,10000000.0,17284901.368982155,7284901.368982155,0.0,0.0,12.0,0.0,6404,6404,0,0.0,224132145.91630304,0,0.0,0.0,0,4253,831197,none_default,10000000.0,10000000.0,1.0,50,FedAvg (federated)
Fin_rl_1,pure_rl,rl,13245235.99916338,10000000.0,13245235.999166757,3245235.999166757,0.0,0.0,7.0,0.0,2071,2071,82,0.03959439884113954,72628460.09493457,197267.02683473635,0.002716111928807019,0.019726702683473634,0,4256,831197,low_default,10000000.0,10000000.0,1.0,50,Isolated RL (non-federated)
Fin_rl_2,pure_rl,rl,12985710.674909908,10000000.0,12985710.674912322,2985710.6749123223,0.0,0.0,11.0,0.0,2259,2259,285,0.12616201859229748,79380555.20015983,536343.5637888385,0.0067566113947733954,0.05363435637888384,0,4256,831197,low_default,10000000.0,10000000.0,1.0,50,Isolated RL (non-federated)
Fin_rl_3,pure_rl,rl,23766327.137359448,10000000.0,23766327.137378138,13766327.137378138,0.0,0.0,18.0,0.0,7083,7083,26,0.0036707609769871525,247569486.97476503,51676.13542788089,0.00020873386320483138,0.0051676135427880885,0,4256,831197,low_default,10000000.0,10000000.0,1.0,50,Isolated RL (non-federated)
Fin_fl_rl_1,pure_rl,fl_rl,16573565.314509364,10000000.0,16573565.314505424,6573565.314505424,0.0,0.0,9.0,0.0,3444,3444,65,0.018873403019744484,120151895.2114508,133628.0743708356,0.001112159522208689,0.01336280743708356,0,4244,831197,low_default,10000000.0,10000000.0,1.0,50,FedAvg (federated)
Fin_fl_rl_2,pure_rl,fl_rl,15725214.456623001,10000000.0,15725214.45662427,5725214.4566242695,0.0,0.0,11.0,0.0,3000,3000,164,0.05466666666666667,104172098.34647891,323470.0642536097,0.0031051507014646135,0.032347006425360966,0,4244,831197,low_default,10000000.0,10000000.0,1.0,50,FedAvg (federated)
Fin_fl_rl_3,pure_rl,fl_rl,14328966.326502128,10000000.0,14328966.326499833,4328966.326499833,0.0,0.0,26.0,0.0,2285,2285,31,0.013566739606126914,79965881.55045247,65068.12096266463,0.0008136985386900478,0.006506812096266463,0,4244,831197,low_default,10000000.0,10000000.0,1.0,50,FedAvg (federated)
Fin_rl_1,pure_rl,rl,13724663.566871798,10000000.0,13724663.566873407,3724663.566873407,0.0,0.0,17.0,0.0,2320,2320,114,0.04913793103448276,80732797.95349465,328118.98791841633,0.0040642588419569714,0.03281189879184163,0,4249,831197,medium_default,10000000.0,10000000.0,1.0,50,Isolated RL (non-federated)
Fin_rl_2,pure_rl,rl,12204018.927987192,10000000.0,12204018.92798647,2204018.927986469,0.0,0.0,16.0,0.0,2089,2089,449,0.21493537577788416,73514503.3486086,916720.560546126,0.012469927956923029,0.0916720560546126,0,4249,831197,medium_default,10000000.0,10000000.0,1.0,50,Isolated RL (non-federated)
Fin_rl_3,pure_rl,rl,18664563.52706812,10000000.0,18664563.527055457,8664563.527055457,0.0,0.0,18.0,0.0,5826,5826,69,0.01184346035015448,203249758.59076944,181354.01929787433,0.0008922717574440972,0.018135401929787433,0,4249,831197,medium_default,10000000.0,10000000.0,1.0,50,Isolated RL (non-federated)
Fin_fl_rl_1,pure_rl,fl_rl,14962048.910971954,10000000.0,14962048.910974234,4962048.910974234,0.0,0.0,24.0,0.0,3222,3222,120,0.037243947858473,112217978.76337855,352625.74219636543,0.0031423284047907133,0.03526257421963654,0,4272,831197,medium_default,10000000.0,10000000.0,1.0,50,FedAvg (federated)
Fin_fl_rl_2,pure_rl,fl_rl,12774108.81177946,10000000.0,12774108.811781736,2774108.811781736,0.0,0.0,21.0,0.0,1942,1942,149,0.07672502574665294,67403323.22641478,350227.8038651104,0.005196002023352153,0.03502278038651104,0,4272,831197,medium_default,10000000.0,10000000.0,1.0,50,FedAvg (federated)
Fin_fl_rl_3,pure_rl,fl_rl,16911838.350250516,10000000.0,16911838.35025817,6911838.350258172,0.0,0.0,26.0,0.0,4171,4171,89,0.021337808678973866,146187400.29566258,238532.93363426483,0.0016316928350311609,0.023853293363426484,0,4272,831197,medium_default,10000000.0,10000000.0,1.0,50,FedAvg (federated)
Fin_rl_1,pure_rl,rl,12235962.135080928,10000000.0,12235962.135081569,2235962.1350815687,0.0,0.0,18.0,0.0,2149,2149,314,0.14611447184737086,74656108.061976,927256.0367005783,0.01242036399661785,0.09272560367005783,0,4261,831197,high_default,10000000.0,10000000.0,1.0,50,Isolated RL (non-federated)
Fin_rl_2,pure_rl,rl,13971182.774766665,10000000.0,13971182.774766399,3971182.7747663986,0.0,0.0,18.0,0.0,2942,2942,300,0.10197144799456152,103727219.97610962,793615.2166814868,0.007650983192881017,0.07936152166814868,0,4261,831197,high_default,10000000.0,10000000.0,1.0,50,Isolated RL (non-federated)
Fin_rl_3,pure_rl,rl,17726442.058491822,10000000.0,17726442.05849317,7726442.058493171,0.0,0.0,18.0,0.0,3959,3959,91,0.02298560242485476,137949966.5645322,276143.86084334995,0.002001768233225134,0.027614386084334995,0,4261,831197,high_default,10000000.0,10000000.0,1.0,50,Isolated RL (non-federated)
Fin_fl_rl_1,pure_rl,fl_rl,13883469.822809976,10000000.0,13883469.822805531,3883469.8228055313,0.0,0.0,19.0,0.0,2396,2396,117,0.048831385642737896,84140239.695839,394430.6049439266,0.004687776102965302,0.03944306049439266,0,4257,831197,high_default,10000000.0,10000000.0,1.0,50,FedAvg (federated)
Fin_fl_rl_2,pure_rl,fl_rl,13751307.1816598,10000000.0,13751307.181660464,3751307.181660464,0.0,0.0,11.0,0.0,2508,2508,323,0.12878787878787878,88328697.93853328,866558.3676731649,0.009810609551566027,0.08665583676731649,0,4257,831197,high_default,10000000.0,10000000.0,1.0,50,FedAvg (federated)
Fin_fl_rl_3,pure_rl,fl_rl,17012740.603908982,10000000.0,17012740.60390714,7012740.603907142,0.0,0.0,14.0,0.0,3721,3721,121,0.03251814028486966,130073971.79498054,357966.2010413952,0.002752020224350594,0.03579662010413952,0,4257,831197,high_default,10000000.0,10000000.0,1.0,50,FedAvg (federated)
Fin_rl_1,pure_rl,rl,15473240.28865411,2000000.0,15473240.288651912,13473240.288651912,0.0,0.0,6.0,0.0,6711,6711,0,0.0,232287841.81704488,0,0.0,0.0,0,4263,709098,none_default,1000000.0,2000000.0,2.0,100,Isolated RL (non-federated)
Fin_rl_2,pure_rl,rl,11418147.515181325,2000000.0,11418147.515181411,9418147.515181411,0.0,0.0,6.0,0.0,5619,5619,0,0.0,187490090.17341524,0,0.0,0.0,0,4263,709098,none_default,1000000.0,2000000.0,2.0,100,Isolated RL (non-federated)
Fin_rl_3,pure_rl,rl,12073808.235844115,2000000.0,12073808.235845443,10073808.235845443,0.0,0.0,6.0,0.0,5502,5502,0,0.0,187423436.43669242,0,0.0,0.0,0,4263,709098,none_default,1000000.0,2000000.0,2.0,100,Isolated RL (non-federated)
Fin_fl_rl_1,pure_rl,fl_rl,12073440.875132654,2000000.0,12073440.875129303,10073440.875129303,0.0,0.0,6.0,0.0,5622,5622,0,0.0,190575534.94811848,0,0.0,0.0,0,4257,709098,none_default,1000000.0,2000000.0,2.0,100,FedAvg (federated)
Fin_fl_rl_2,pure_rl,fl_rl,8513022.210711807,2000000.0,8513022.210710853,6513022.210710853,0.0,0.0,6.0,0.0,4077,4077,0,0.0,136209253.39938843,0,0.0,0.0,0,4257,709098,none_default,1000000.0,2000000.0,2.0,100,FedAvg (federated)
Fin_fl_rl_3,pure_rl,fl_rl,13787906.279735759,2000000.0,13787906.279735336,11787906.279735336,0.0,0.0,6.0,0.0,6231,6231,0,0.0,212237409.01867133,0,0.0,0.0,0,4257,709098,none_default,1000000.0,2000000.0,2.0,100,FedAvg (federated)
Fin_rl_1,pure_rl,rl,10586666.365661899,2000000.0,10586666.365660267,8586666.365660267,0.0,0.0,8.0,0.0,4511,4511,47,0.010418975836843272,155306060.74866632,101472.08102761285,0.000653368455412866,0.050736040513806424,0,4254,709098,low_default,1000000.0,2000000.0,2.0,100,Isolated RL (non-federated)
Fin_rl_2,pure_rl,rl,11289466.002378812,2000000.0,11289466.00238054,9289466.00238054,0.0,0.0,6.0,0.0,4963,4963,222,0.04473100947007858,171569267.5660048,493462.82864361943,0.0028761726132203614,0.24673141432180973,0,4254,709098,low_default,1000000.0,2000000.0,2.0,100,Isolated RL (non-federated)
Fin_rl_3,pure_rl,rl,15000863.61962842,2000000.0,15000863.619624924,13000863.619624924,0.0,0.0,6.0,0.0,6326,6326,23,0.003635788808093582,214368840.38618913,42402.010365471855,0.000197799317704401,0.02120100518273593,0,4254,709098,low_default,1000000.0,2000000.0,2.0,100,Isolated RL (non-federated)
Fin_fl_rl_1,pure_rl,fl_rl,8820018.24147013,2000000.0,8820018.241466634,6820018.241466634,0.0,0.0,17.0,0.0,3841,3841,65,0.016922676386357718,130944467.51356632,138422.43780748488,0.0010571079514538773,0.06921121890374243,0,4248,709098,low_default,1000000.0,2000000.0,2.0,100,FedAvg (federated)
Fin_fl_rl_2,pure_rl,fl_rl,12537634.645691866,2000000.0,12537634.645692797,10537634.645692797,0.0,0.0,6.0,0.0,5795,5795,96,0.01656600517687662,201946927.09560126,196670.2599793824,0.0009738710205096564,0.0983351299896912,0,4248,709098,low_default,1000000.0,2000000.0,2.0,100,FedAvg (federated)
Fin_fl_rl_3,pure_rl,fl_rl,12580061.6079935,2000000.0,12580061.607991226,10580061.607991226,0.0,0.0,6.0,0.0,6020,6020,22,0.003654485049833887,199780202.47544402,37379.82163055334,0.0001871047339395298,0.01868991081527667,0,4248,709098,low_default,1000000.0,2000000.0,2.0,100,FedAvg (federated)
Fin_rl_1,pure_rl,rl,6315641.451367753,2000000.0,6315641.451366636,4315641.451366636,0.0,0.0,7.0,0.0,2348,2348,161,0.06856899488926746,81685269.16556655,404491.8754999096,0.0049518337838864385,0.2022459377499548,0,4260,709098,medium_default,1000000.0,2000000.0,2.0,100,Isolated RL (non-federated)
Fin_rl_2,pure_rl,rl,8358003.741579389,2000000.0,8358003.741580092,6358003.741580092,0.0,0.0,6.0,0.0,4127,4127,264,0.06396898473467409,139053739.99749863,582062.3598876739,0.004185880652315747,0.2910311799438369,0,4260,709098,medium_default,1000000.0,2000000.0,2.0,100,Isolated RL (non-federated)
Fin_rl_3,pure_rl,rl,17099719.405724145,2000000.0,17099719.405726057,15099719.405726057,0.0,0.0,18.0,0.0,7192,7192,28,0.00389321468298109,245040311.72514758,70518.5545842489,0.00028778348381855993,0.03525927729212445,0,4260,709098,medium_default,1000000.0,2000000.0,2.0,100,Isolated RL (non-federated)
Fin_fl_rl_1,pure_rl,fl_rl,10155600.073095301,2000000.0,10155600.073095389,8155600.073095389,0.0,0.0,7.0,0.0,4664,4664,154,0.0330188679245283,158282516.67347786,382171.3071704911,0.002414488442579385,0.19108565358524554,0,4263,709098,medium_default,1000000.0,2000000.0,2.0,100,FedAvg (federated)
Fin_fl_rl_2,pure_rl,fl_rl,10332963.441218479,2000000.0,10332963.441217389,8332963.441217389,0.0,0.0,6.0,0.0,4359,4359,178,0.04083505391144758,150807884.3555077,395067.2039735757,0.002619672079228047,0.19753360198678788,0,4263,709098,medium_default,1000000.0,2000000.0,2.0,100,FedAvg (federated)
Fin_fl_rl_3,pure_rl,fl_rl,11210699.649999805,2000000.0,11210699.64999874,9210699.64999874,0.0,0.0,18.0,0.0,4587,4587,62,0.013516459559625027,154044812.44042894,135251.85799517337,0.0008780033280736211,0.06762592899758668,0,4263,709098,medium_default,1000000.0,2000000.0,2.0,100,FedAvg (federated)
Fin_rl_1,pure_rl,rl,8460127.67371485,2000000.0,8460127.673714997,6460127.673714997,0.0,0.0,7.0,0.0,3829,3829,184,0.04805432227735701,131484535.76944846,574621.6158148623,0.004370260064821862,0.28731080790743113,0,4272,709098,high_default,1000000.0,2000000.0,2.0,100,Isolated RL (non-federated)
Fin_rl_2,pure_rl,rl,8134890.469512524,2000000.0,8134890.46951315,6134890.46951315,0.0,0.0,7.0,0.0,3643,3643,292,0.08015371946198188,123767021.83761945,780855.00978251,0.006309071658902648,0.390427504891255,0,4272,709098,high_default,1000000.0,2000000.0,2.0,100,Isolated RL (non-federated)
Fin_rl_3,pure_rl,rl,11654389.469689107,2000000.0,11654389.469688134,9654389.469688134,0.0,0.0,7.0,0.0,4808,4808,185,0.038477537437603994,165184615.07406378,609484.4052075408,0.0036897165328276275,0.30474220260377044,0,4272,709098,high_default,1000000.0,2000000.0,2.0,100,Isolated RL (non-federated)
Fin_fl_rl_1,pure_rl,fl_rl,9045193.880224872,2000000.0,9045193.880225271,7045193.880225271,0.0,0.0,7.0,0.0,4285,4285,204,0.047607934655775966,148022474.69727212,641906.3853353375,0.00433654677540104,0.32095319266766875,0,4281,709098,high_default,1000000.0,2000000.0,2.0,100,FedAvg (federated)
Fin_fl_rl_2,pure_rl,fl_rl,7383942.577479316,2000000.0,7383942.5774787385,5383942.5774787385,0.0,0.0,7.0,0.0,3000,3000,219,0.073,104224976.58834407,593499.2915812333,0.005694405611865658,0.29674964579061663,0,4281,709098,high_default,1000000.0,2000000.0,2.0,100,FedAvg (federated)
Fin_fl_rl_3,pure_rl,fl_rl,12739972.120587293,2000000.0,12739972.120587423,10739972.120587423,0.0,0.0,7.0,0.0,5521,5521,121,0.02191631950733563,187613991.06125137,352030.772340718,0.0018763567170520274,0.176015386170359,0,4281,709098,high_default,1000000.0,2000000.0,2.0,100,FedAvg (federated)
Fin_rl_1,pure_rl,rl,24180753.53080207,10000000.0,24180753.530790728,14180753.530790728,0.0,0.0,12.0,0.0,10759,10759,0,0.0,373872437.06077117,0,0.0,0.0,0,4257,709098,none_default,5000000.0,10000000.0,2.0,100,Isolated RL (non-federated)
Fin_rl_2,pure_rl,rl,19620827.96603483,10000000.0,19620827.96603119,9620827.96603119,0.0,0.0,16.0,0.0,7126,7126,0,0.0,251516811.57895097,0,0.0,0.0,0,4257,709098,none_default,5000000.0,10000000.0,2.0,100,Isolated RL (non-federated)
Fin_rl_3,pure_rl,rl,21372588.803335555,10000000.0,21372588.80333378,11372588.803333782,0.0,0.0,7.0,0.0,8652,8652,0,0.0,304056982.5868787,0,0.0,0.0,0,4257,709098,none_default,5000000.0,10000000.0,2.0,100,Isolated RL (non-federated)
Fin_fl_rl_1,pure_rl,fl_rl,16494407.042913444,10000000.0,16494407.042911807,6494407.042911807,0.0,0.0,6.0,0.0,4947,4947,0,0.0,173032328.64138916,0,0.0,0.0,0,4260,709098,none_default,5000000.0,10000000.0,2.0,100,FedAvg (federated)
Fin_fl_rl_2,pure_rl,fl_rl,23107150.392672542,10000000.0,23107150.39266201,13107150.392662011,0.0,0.0,7.0,0.0,9595,9595,0,0.0,336795038.3469478,0,0.0,0.0,0,4260,709098,none_default,5000000.0,10000000.0,2.0,100,FedAvg (federated)
Fin_fl_rl_3,pure_rl,fl_rl,25925318.501969695,10000000.0,25925318.50196812,15925318.50196812,0.0,0.0,6.0,0.0,12001,12001,0,0.0,420222605.6831895,0,0.0,0.0,0,4260,709098,none_default,5000000.0,10000000.0,2.0,100,FedAvg (federated)
Fin_rl_1,pure_rl,rl,19781010.399069488,10000000.0,19781010.399066333,9781010.399066333,0.0,0.0,21.0,0.0,5963,5963,93,0.015596176421264464,209858604.7489083,191759.82965282243,0.000913757288543204,0.019175982965282244,0,4264,709098,low_default,5000000.0,10000000.0,2.0,100,Isolated RL (non-federated)
Fin_rl_2,pure_rl,rl,19431885.210235883,10000000.0,19431885.21023654,9431885.210236538,0.0,0.0,14.0,0.0,6382,6382,633,0.09918520839862112,222477398.53258285,1211232.9988367383,0.005444296844649357,0.12112329988367383,0,4264,709098,low_default,5000000.0,10000000.0,2.0,100,Isolated RL (non-federated)
Fin_rl_3,pure_rl,rl,28245129.94973223,10000000.0,28245129.949735306,18245129.949735306,0.0,0.0,9.0,0.0,10086,10086,56,0.005552250644457664,352781071.7019201,113103.92470389995,0.00032060655680377976,0.011310392470389995,0,4264,709098,low_default,5000000.0,10000000.0,2.0,100,Isolated RL (non-federated)
Fin_fl_rl_1,pure_rl,fl_rl,18524505.41541104,10000000.0,18524505.415398207,8524505.415398207,0.0,0.0,18.0,0.0,5491,5491,115,0.020943361864869788,192222324.87813395,227037.5861848487,0.001181119759782258,0.022703758618484872,0,4256,709098,low_default,5000000.0,10000000.0,2.0,100,FedAvg (federated)
Fin_fl_rl_2,pure_rl,fl_rl,19733520.614472535,10000000.0,19733520.614465296,9733520.614465296,0.0,0.0,21.0,0.0,6530,6530,351,0.053751914241960186,228509988.51365003,732432.3207365416,0.0032052529760325547,0.07324323207365417,0,4256,709098,low_default,5000000.0,10000000.0,2.0,100,FedAvg (federated)
Fin_fl_rl_3,pure_rl,fl_rl,24902270.713459454,10000000.0,24902270.71346186,14902270.713461861,0.0,0.0,25.0,0.0,8055,8055,39,0.00484171322160149,281504723.8577402,74302.430245661,0.00026394736552701724,0.0074302430245661005,0,4256,709098,low_default,5000000.0,10000000.0,2.0,100,FedAvg (federated)
Fin_rl_1,pure_rl,rl,16417112.711063463,10000000.0,16417112.711066443,6417112.7110664435,0.0,0.0,15.0,0.0,4108,4108,247,0.060126582278481014,144659232.77536124,674465.7640984805,0.004662445328642427,0.06744657640984805,0,4265,709098,medium_default,5000000.0,10000000.0,2.0,100,Isolated RL (non-federated)
Fin_rl_2,pure_rl,rl,13606165.007461373,10000000.0,13606165.00746513,3606165.0074651297,0.0,0.0,8.0,0.0,3137,3137,529,0.16863245138667518,109667321.80550326,1143345.615893408,0.010425581632431487,0.1143345615893408,0,4265,709098,medium_default,5000000.0,10000000.0,2.0,100,Isolated RL (non-federated)
Fin_rl_3,pure_rl,rl,34992058.55786121,10000000.0,34992058.557870016,24992058.557870016,0.0,0.0,12.0,0.0,12699,12699,181,0.014253090794550753,443720141.6967123,448379.3539129173,0.0010105003396924668,0.04483793539129173,0,4265,709098,medium_default,5000000.0,10000000.0,2.0,100,Isolated RL (non-federated)
Fin_fl_rl_1,pure_rl,fl_rl,18080203.184940152,10000000.0,18080203.1849394,8080203.184939399,0.0,0.0,13.0,0.0,5319,5319,234,0.043993231810490696,186316879.4023917,604400.9578907095,0.0032439409667514587,0.060440095789070954,0,4258,709098,medium_default,5000000.0,10000000.0,2.0,100,FedAvg (federated)
Fin_fl_rl_2,pure_rl,fl_rl,19978988.628794093,10000000.0,19978988.62879337,9978988.62879337,0.0,0.0,16.0,0.0,6973,6973,548,0.07858884267890434,244324852.75952324,1165543.0108019668,0.004770464394586795,0.11655430108019668,0,4258,709098,medium_default,5000000.0,10000000.0,2.0,100,FedAvg (federated)
Fin_fl_rl_3,pure_rl,fl_rl,23432216.175851367,10000000.0,23432216.17586226,13432216.17586226,0.0,0.0,26.0,0.0,6851,6851,114,0.016639906582980587,239819934.52996978,276157.6484641202,0.0011515208233434382,0.02761576484641202,0,4258,709098,medium_default,5000000.0,10000000.0,2.0,100,FedAvg (federated)
Fin_rl_1,pure_rl,rl,18933021.132786922,10000000.0,18933021.132787462,8933021.132787462,0.0,0.0,8.0,0.0,6087,6087,484,0.07951371775915886,213040639.79145494,1547080.83380922,0.007261904748895114,0.154708083380922,0,4257,709098,high_default,5000000.0,10000000.0,2.0,100,Isolated RL (non-federated)
Fin_rl_2,pure_rl,rl,12758773.154156296,10000000.0,12758773.154153313,2758773.1541533135,0.0,0.0,21.0,0.0,2612,2612,420,0.16079632465543645,91961144.32531129,1059616.9209007032,0.01152244166462656,0.10596169209007032,0,4257,709098,high_default,5000000.0,10000000.0,2.0,100,Isolated RL (non-federated)
Fin_rl_3,pure_rl,rl,25321816.496642407,10000000.0,25321816.49662911,15321816.496629111,0.0,0.0,17.0,0.0,8760,8760,210,0.023972602739726026,307415668.70335907,682977.3021771851,0.0022216736871542627,0.06829773021771851,0,4257,709098,high_default,5000000.0,10000000.0,2.0,100,Isolated RL (non-federated)
Fin_fl_rl_1,pure_rl,fl_rl,17331723.3669837,10000000.0,17331723.366981465,7331723.366981465,0.0,0.0,13.0,0.0,5102,5102,425,0.08330066640533124,176924003.80694455,1445715.7913494878,0.008171394272351083,0.14457157913494878,0,4257,709098,high_default,5000000.0,10000000.0,2.0,100,FedAvg (federated)
Fin_fl_rl_2,pure_rl,fl_rl,14356998.057609007,10000000.0,14356998.057601497,4356998.057601497,0.0,0.0,12.0,0.0,3218,3218,517,0.16065879428216284,112751191.77103046,1332296.6940347643,0.011816253762889944,0.13322966940347644,0,4257,709098,high_default,5000000.0,10000000.0,2.0,100,FedAvg (federated)
Fin_fl_rl_3,pure_rl,fl_rl,25847522.715333194,10000000.0,25847522.715338312,15847522.715338312,0.0,0.0,11.0,0.0,8926,8926,232,0.025991485547837777,313217457.12764484,662939.4465829375,0.002116546927691745,0.06629394465829375,0,4257,709098,high_default,5000000.0,10000000.0,2.0,100,FedAvg (federated)
Fin_rl_1,pure_rl,rl,34513055.4963543,20000000.0,34513055.496358275,14513055.496358275,0.0,0.0,16.0,0.0,12029,12029,0,0.0,421040950.4603729,0,0.0,0.0,0,4255,709098,none_default,10000000.0,20000000.0,2.0,100,Isolated RL (non-federated)
Fin_rl_2,pure_rl,rl,30541914.83478729,20000000.0,30541914.83478917,10541914.834789172,0.0,0.0,7.0,0.0,8110,8110,0,0.0,283710353.81659317,0,0.0,0.0,0,4255,709098,none_default,10000000.0,20000000.0,2.0,100,Isolated RL (non-federated)
Fin_rl_3,pure_rl,rl,27640023.985489924,20000000.0,27640023.985479847,7640023.985479847,0.0,0.0,8.0,0.0,6428,6428,0,0.0,225823616.44628194,0,0.0,0.0,0,4255,709098,none_default,10000000.0,20000000.0,2.0,100,Isolated RL (non-federated)
Fin_fl_rl_1,pure_rl,fl_rl,27232705.931717597,20000000.0,27232705.931714725,7232705.931714725,0.0,0.0,9.0,0.0,5180,5180,0,0.0,181953369.7953603,0,0.0,0.0,0,4255,709098,none_default,10000000.0,20000000.0,2.0,100,FedAvg (federated)
Fin_fl_rl_2,pure_rl,fl_rl,29746864.13938839,20000000.0,29746864.139381073,9746864.139381073,0.0,0.0,7.0,0.0,6776,6776,0,0.0,237659859.6862917,0,0.0,0.0,0,4255,709098,none_default,10000000.0,20000000.0,2.0,100,FedAvg (federated)
Fin_fl_rl_3,pure_rl,fl_rl,40301451.386694364,20000000.0,40301451.38670261,20301451.386702612,0.0,0.0,9.0,0.0,14644,14644,0,0.0,511596682.8115468,0,0.0,0.0,0,4255,709098,none_default,10000000.0,20000000.0,2.0,100,FedAvg (federated)
Fin_rl_1,pure_rl,rl,33944519.815681756,20000000.0,33944519.815691814,13944519.815691814,0.0,0.0,20.0,0.0,7371,7371,124,0.016822683489350156,257466732.43849173,308013.2797590051,0.0011963226349353264,0.015400663987950257,0,4264,709098,low_default,10000000.0,20000000.0,2.0,100,Isolated RL (non-federated)
Fin_rl_2,pure_rl,rl,30353768.27452798,20000000.0,30353768.27453784,10353768.274537839,0.0,0.0,9.0,0.0,6123,6123,371,0.060591213457455495,214450897.93203482,733037.4089686591,0.003418206293549669,0.036651870448432954,0,4264,709098,low_default,10000000.0,20000000.0,2.0,100,Isolated RL (non-federated)
Fin_rl_3,pure_rl,rl,34311293.945308484,20000000.0,34311293.94530819,14311293.945308194,0.0,0.0,25.0,0.0,7092,7092,60,0.008460236886632826,248736310.47622308,119376.53957569349,0.0004799320989651199,0.005968826978784675,0,4264,709098,low_default,10000000.0,20000000.0,2.0,100,Isolated RL (non-federated)
Fin_fl_rl_1,pure_rl,fl_rl,29134634.49698654,20000000.0,29134634.496959012,9134634.496959012,0.0,0.0,11.0,0.0,5379,5379,86,0.01598810187767243,189682327.83991027,161283.85891441672,0.0008502840551943167,0.008064192945720836,0,4250,709098,low_default,10000000.0,20000000.0,2.0,100,FedAvg (federated)
Fin_fl_rl_2,pure_rl,fl_rl,31779018.64019367,20000000.0,31779018.64018767,11779018.64018767,0.0,0.0,8.0,0.0,7003,7003,243,0.03469941453662716,245807241.37235293,457088.4759260768,0.0018595403185607195,0.02285442379630384,0,4250,709098,low_default,10000000.0,20000000.0,2.0,100,FedAvg (federated)
Fin_fl_rl_3,pure_rl,fl_rl,37163819.55718598,20000000.0,37163819.557176135,17163819.557176135,0.0,0.0,14.0,0.0,9220,9220,73,0.0079175704989154,322827738.71313244,142495.25886915418,0.00044139719665098765,0.007124762943457708,0,4250,709098,low_default,10000000.0,20000000.0,2.0,100,FedAvg (federated)
Fin_rl_1,pure_rl,rl,28396745.054564778,20000000.0,28396745.054570697,8396745.054570697,0.0,0.0,10.0,0.0,5765,5765,298,0.05169124024284475,202044556.20737848,795173.9713139292,0.003935636704300822,0.03975869856569646,0,4251,709098,medium_default,10000000.0,20000000.0,2.0,100,Isolated RL (non-federated)
Fin_rl_2,pure_rl,rl,30315710.701983053,20000000.0,30315710.701962877,10315710.701962877,0.0,0.0,19.0,0.0,5886,5886,314,0.05334692490655794,205412530.32977268,751272.2269501607,0.003657382661827182,0.03756361134750803,0,4251,709098,medium_default,10000000.0,20000000.0,2.0,100,Isolated RL (non-federated)
Fin_rl_3,pure_rl,rl,36108917.42543654,20000000.0,36108917.42539776,16108917.425397761,0.0,0.0,18.0,0.0,8047,8047,278,0.03454703616254505,281387104.1557105,681112.827258173,0.0024205545215080903,0.03405564136290865,0,4251,709098,medium_default,10000000.0,20000000.0,2.0,100,Isolated RL (non-federated)
Fin_fl_rl_1,pure_rl,fl_rl,29357126.800252784,20000000.0,29357126.800258063,9357126.800258063,0.0,0.0,10.0,0.0,5226,5226,305,0.058362035973976274,183031301.30226716,816294.5186450745,0.0044598629460487985,0.04081472593225372,0,4254,709098,medium_default,10000000.0,20000000.0,2.0,100,FedAvg (federated)
Fin_fl_rl_2,pure_rl,fl_rl,28695802.334847644,20000000.0,28695802.334850647,8695802.334850647,0.0,0.0,10.0,0.0,4863,4863,347,0.07135513057783262,169902819.059554,797568.6964282914,0.004694264055434708,0.03987843482141457,0,4254,709098,medium_default,10000000.0,20000000.0,2.0,100,FedAvg (federated)
Fin_fl_rl_3,pure_rl,fl_rl,31817673.6655523,20000000.0,31817673.665556338,11817673.665556338,0.0,0.0,13.0,0.0,6291,6291,244,0.03878556668256239,220781886.62311026,492491.2304588595,0.0022306686385897938,0.024624561522942977,0,4254,709098,medium_default,10000000.0,20000000.0,2.0,100,FedAvg (federated)
Fin_rl_1,pure_rl,rl,22445096.42204672,20000000.0,22445096.42205188,2445096.4220518805,0.0,0.0,25.0,0.0,2341,2341,379,0.1618966253737719,82181765.50154041,1236670.840208176,0.015047995533571203,0.061833542010408804,0,4265,709098,high_default,10000000.0,20000000.0,2.0,100,Isolated RL (non-federated)
Fin_rl_2,pure_rl,rl,27121465.264542717,20000000.0,27121465.264552906,7121465.264552906,0.0,0.0,24.0,0.0,4362,4362,353,0.08092618065107748,153085425.77996615,849238.6442155534,0.005547482001560275,0.042461932210777674,0,4265,709098,high_default,10000000.0,20000000.0,2.0,100,Isolated RL (non-federated)
Fin_rl_3,pure_rl,rl,39119624.2762413,20000000.0,39119624.27624246,19119624.276242457,0.0,0.0,14.0,0.0,10104,10104,234,0.02315914489311164,353551612.04359895,730485.6658087979,0.0020661358651045173,0.0365242832904399,0,4265,709098,high_default,10000000.0,20000000.0,2.0,100,Isolated RL (non-federated)
Fin_fl_rl_1,pure_rl,fl_rl,24064042.595252212,20000000.0,24064042.59524211,4064042.595242109,0.0,0.0,31.0,0.0,3037,3037,266,0.08758643398090221,106469685.1765536,909328.5464508344,0.008540727296628503,0.04546642732254172,0,4253,709098,high_default,10000000.0,20000000.0,2.0,100,FedAvg (federated)
Fin_fl_rl_2,pure_rl,fl_rl,26183354.77857869,20000000.0,26183354.77857883,6183354.778578829,0.0,0.0,13.0,0.0,4296,4296,516,0.12011173184357542,149547531.0126025,1342433.839715858,0.008976636595910968,0.0671216919857929,0,4253,709098,high_default,10000000.0,20000000.0,2.0,100,FedAvg (federated)
Fin_fl_rl_3,pure_rl,fl_rl,36448631.641403265,20000000.0,36448631.64140483,16448631.64140483,0.0,0.0,20.0,0.0,8331,8331,197,0.02364662105389509,290581762.18442726,591404.4305621819,0.002035242769939662,0.029570221528109092,0,4253,709098,high_default,10000000.0,20000000.0,2.0,100,FedAvg (federated)
Fin_rl_1,pure_rl,rl,9833885.678817187,2000000.0,9833885.678815186,7833885.678815186,0.0,0.0,6.0,0.0,4765,4765,0,0.0,160166914.97194505,0,0.0,0.0,0,4256,436570,none_default,1000000.0,2000000.0,2.0,100,Isolated RL (non-federated)
Fin_rl_2,pure_rl,rl,12349968.778437546,2000000.0,12349968.778438043,10349968.778438043,0.0,0.0,6.0,0.0,6180,6180,0,0.0,208016484.36676323,0,0.0,0.0,0,4256,436570,none_default,1000000.0,2000000.0,2.0,100,Isolated RL (non-federated)
Fin_rl_3,pure_rl,rl,14829798.797318766,2000000.0,14829798.79732023,12829798.79732023,0.0,0.0,6.0,0.0,6412,6412,0,0.0,220027644.57938546,0,0.0,0.0,0,4256,436570,none_default,1000000.0,2000000.0,2.0,100,Isolated RL (non-federated)
Fin_fl_rl_1,pure_rl,fl_rl,11939478.47958947,2000000.0,11939478.479590764,9939478.479590764,0.0,0.0,6.0,0.0,5884,5884,0,0.0,195036652.04621053,0,0.0,0.0,0,4267,436570,none_default,1000000.0,2000000.0,2.0,100,FedAvg (federated)
Fin_fl_rl_2,pure_rl,fl_rl,11863697.520248558,2000000.0,11863697.520249642,9863697.520249642,0.0,0.0,6.0,0.0,5459,5459,0,0.0,186642344.33719373,0,0.0,0.0,0,4267,436570,none_default,1000000.0,2000000.0,2.0,100,FedAvg (federated)
Fin_fl_rl_3,pure_rl,fl_rl,13961698.168894915,2000000.0,13961698.16889813,11961698.16889813,0.0,0.0,6.0,0.0,6159,6159,0,0.0,211810349.99783987,0,0.0,0.0,0,4267,436570,none_default,1000000.0,2000000.0,2.0,100,FedAvg (federated)
Fin_rl_1,pure_rl,rl,9842842.826472357,2000000.0,9842842.82647464,7842842.8264746405,0.0,0.0,30.0,0.0,4463,4463,47,0.010531032937485996,153563313.9601322,84016.0504463918,0.0005471101676550422,0.042008025223195904,0,4267,436570,low_default,1000000.0,2000000.0,2.0,100,Isolated RL (non-federated)
Fin_rl_2,pure_rl,rl,12623547.88142678,2000000.0,12623547.88142663,10623547.88142663,0.0,0.0,6.0,0.0,5394,5394,85,0.01575824990730441,185395653.97401655,153372.0063844073,0.0008272686176662079,0.07668600319220364,0,4267,436570,low_default,1000000.0,2000000.0,2.0,100,Isolated RL (non-federated)
Fin_rl_3,pure_rl,rl,13119096.795908585,2000000.0,13119096.795908747,11119096.795908747,0.0,0.0,6.0,0.0,5915,5915,28,0.004733727810650888,197392046.18089458,53618.300412677505,0.000271633540712884,0.026809150206338752,0,4267,436570,low_default,1000000.0,2000000.0,2.0,100,Isolated RL (non-federated)
Fin_fl_rl_1,pure_rl,fl_rl,8944724.122872205,2000000.0,8944724.12287394,6944724.12287394,0.0,0.0,14.0,0.0,3453,3453,47,0.013611352447147408,119173684.48130134,95326.67029488068,0.0007998969798557977,0.04766333514744034,0,4259,436570,low_default,1000000.0,2000000.0,2.0,100,FedAvg (federated)
Fin_fl_rl_2,pure_rl,fl_rl,12008934.485676736,2000000.0,12008934.485674452,10008934.485674452,0.0,0.0,6.0,0.0,4990,4990,93,0.018637274549098196,172448508.26381135,189140.84404876767,0.0010967960578668527,0.09457042202438383,0,4259,436570,low_default,1000000.0,2000000.0,2.0,100,FedAvg (federated)
Fin_fl_rl_3,pure_rl,fl_rl,13960293.415156644,2000000.0,13960293.415157128,11960293.415157128,0.0,0.0,6.0,0.0,6489,6489,31,0.004777315456927107,214007747.0549664,61469.1021199715,0.0002872283969429555,0.03073455105998575,0,4259,436570,low_default,1000000.0,2000000.0,2.0,100,FedAvg (federated)
Fin_rl_1,pure_rl,rl,8793682.140411848,2000000.0,8793682.140413014,6793682.140413014,0.0,0.0,6.0,0.0,4331,4331,110,0.025398291387670285,148094851.24432683,272632.2980869426,0.001840930294309516,0.13631614904347128,0,4259,436570,medium_default,1000000.0,2000000.0,2.0,100,Isolated RL (non-federated)
Fin_rl_2,pure_rl,rl,7904905.292032798,2000000.0,7904905.292032062,5904905.292032062,0.0,0.0,7.0,0.0,3445,3445,191,0.05544267053701016,117399314.86300583,417520.8629463943,0.0035564165211151586,0.20876043147319714,0,4259,436570,medium_default,1000000.0,2000000.0,2.0,100,Isolated RL (non-federated)
Fin_rl_3,pure_rl,rl,14532808.920074407,2000000.0,14532808.92007541,12532808.92007541,0.0,0.0,6.0,0.0,6525,6525,64,0.009808429118773946,223176461.60588044,163034.06206225237,0.0007305163855055788,0.08151703103112619,0,4259,436570,medium_default,1000000.0,2000000.0,2.0,100,Isolated RL (non-federated)
Fin_fl_rl_1,pure_rl,fl_rl,9509974.54152529,2000000.0,9509974.54152538,7509974.541525381,0.0,0.0,6.0,0.0,4194,4194,142,0.03385789222699094,145534025.20220688,356219.4488295674,0.002447671246188865,0.1781097244147837,0,4255,436570,medium_default,1000000.0,2000000.0,2.0,100,FedAvg (federated)
Fin_fl_rl_2,pure_rl,fl_rl,8661040.423026135,2000000.0,8661040.42302443,6661040.423024431,0.0,0.0,13.0,0.0,3774,3774,168,0.04451510333863275,127665842.73654151,358332.92031814886,0.002806803391081082,0.17916646015907442,0,4255,436570,medium_default,1000000.0,2000000.0,2.0,100,FedAvg (federated)
Fin_fl_rl_3,pure_rl,fl_rl,12635792.34623455,2000000.0,12635792.346236164,10635792.346236164,0.0,0.0,6.0,0.0,5815,5815,77,0.013241616509028374,193887231.09072208,168508.50090206834,0.0008691057165245774,0.08425425045103417,0,4255,436570,medium_default,1000000.0,2000000.0,2.0,100,FedAvg (federated)
Fin_rl_1,pure_rl,rl,10355508.007440383,2000000.0,10355508.00744013,8355508.007440129,0.0,0.0,14.0,0.0,4532,4532,178,0.03927625772285966,157150666.491645,582495.9707638228,0.003706608338150392,0.2912479853819114,0,4257,436570,high_default,1000000.0,2000000.0,2.0,100,Isolated RL (non-federated)
Fin_rl_2,pure_rl,rl,8649882.501771355,2000000.0,8649882.501772152,6649882.501772152,0.0,0.0,7.0,0.0,3745,3745,241,0.06435246995994659,129027724.54544166,637750.2164398371,0.0049427378393798686,0.31887510821991855,0,4257,436570,high_default,1000000.0,2000000.0,2.0,100,Isolated RL (non-federated)
Fin_rl_3,pure_rl,rl,7349022.574437504,2000000.0,7349022.574437466,5349022.574437466,0.0,0.0,7.0,0.0,3757,3757,116,0.030875698695767898,125313187.22351564,356072.54204729473,0.0028414610619725417,0.17803627102364736,0,4257,436570,high_default,1000000.0,2000000.0,2.0,100,Isolated RL (non-federated)
Fin_fl_rl_1,pure_rl,fl_rl,8780111.970799364,2000000.0,8780111.970798656,6780111.970798656,0.0,0.0,14.0,0.0,3792,3792,247,0.06513713080168776,131388877.75500119,820106.4742901936,0.006241825703233675,0.41005323714509684,0,4263,436570,high_default,1000000.0,2000000.0,2.0,100,FedAvg (federated)
Fin_fl_rl_2,pure_rl,fl_rl,8941668.015435277,2000000.0,8941668.015434565,6941668.015434565,0.0,0.0,7.0,0.0,3776,3776,280,0.07415254237288135,132257546.59146892,734827.5769282313,0.00555603514405151,0.36741378846411565,0,4263,436570,high_default,1000000.0,2000000.0,2.0,100,FedAvg (federated)
Fin_fl_rl_3,pure_rl,fl_rl,12568782.600664252,2000000.0,12568782.600666767,10568782.600666767,0.0,0.0,7.0,0.0,5552,5552,139,0.025036023054755042,187428777.55656236,397552.1861278697,0.0021210840262130834,0.19877609306393484,0,4263,436570,high_default,1000000.0,2000000.0,2.0,100,FedAvg (federated)
Fin_rl_1,pure_rl,rl,25351516.435633395,10000000.0,25351516.435637627,15351516.435637627,0.0,0.0,6.0,0.0,11280,11280,0,0.0,394539588.09708095,0,0.0,0.0,0,4258,436570,none_default,5000000.0,10000000.0,2.0,100,Isolated RL (non-federated)
Fin_rl_2,pure_rl,rl,14233315.37413057,10000000.0,14233315.374128543,4233315.374128543,0.0,0.0,6.0,0.0,3357,3357,0,0.0,117935855.1217716,0,0.0,0.0,0,4258,436570,none_default,5000000.0,10000000.0,2.0,100,Isolated RL (non-federated)
Fin_rl_3,pure_rl,rl,26421424.092114706,10000000.0,26421424.09211422,16421424.092114221,0.0,0.0,8.0,0.0,11973,11973,0,0.0,418030078.8513361,0,0.0,0.0,0,4258,436570,none_default,5000000.0,10000000.0,2.0,100,Isolated RL (non-federated)
Fin_fl_rl_1,pure_rl,fl_rl,24676115.84535194,10000000.0,24676115.845357034,14676115.845357034,0.0,0.0,6.0,0.0,11151,11151,0,0.0,387402464.9498998,0,0.0,0.0,0,4258,436570,none_default,5000000.0,10000000.0,2.0,100,FedAvg (federated)
Fin_fl_rl_2,pure_rl,fl_rl,23076931.37211128,10000000.0,23076931.372119606,13076931.372119606,0.0,0.0,6.0,0.0,9679,9679,0,0.0,338398019.33512706,0,0.0,0.0,0,4258,436570,none_default,5000000.0,10000000.0,2.0,100,FedAvg (federated)
Fin_fl_rl_3,pure_rl,fl_rl,17329606.487522755,10000000.0,17329606.487519894,7329606.487519894,0.0,0.0,6.0,0.0,5775,5775,0,0.0,202934114.41749585,0,0.0,0.0,0,4258,436570,none_default,5000000.0,10000000.0,2.0,100,FedAvg (federated)
Fin_rl_1,pure_rl,rl,19201088.146615565,10000000.0,19201088.146628372,9201088.146628372,0.0,0.0,7.0,0.0,5766,5766,138,0.023933402705515087,202215004.23916122,308921.5284968973,0.0015276884604049138,0.03089215284968973,0,4265,436570,low_default,5000000.0,10000000.0,2.0,100,Isolated RL (non-federated)
Fin_rl_2,pure_rl,rl,19809725.354880925,10000000.0,19809725.354878094,9809725.354878094,0.0,0.0,17.0,0.0,6956,6956,533,0.0766244968372628,243462123.50368822,1143637.086786155,0.004697392228113175,0.11436370867861549,0,4265,436570,low_default,5000000.0,10000000.0,2.0,100,Isolated RL (non-federated)
Fin_rl_3,pure_rl,rl,26448886.194426894,10000000.0,26448886.194423087,16448886.194423087,0.0,0.0,25.0,0.0,8765,8765,46,0.005248146035367941,305466721.96798915,80023.51831934588,0.00026197131328672783,0.008002351831934588,0,4265,436570,low_default,5000000.0,10000000.0,2.0,100,Isolated RL (non-federated)
Fin_fl_rl_1,pure_rl,fl_rl,20267191.449710827,10000000.0,20267191.449700557,10267191.449700557,0.0,0.0,10.0,0.0,5372,5372,113,0.021034996276991808,189039941.9555679,237277.3115035552,0.001255170251582732,0.023727731150355518,0,4259,436570,low_default,5000000.0,10000000.0,2.0,100,FedAvg (federated)
Fin_fl_rl_2,pure_rl,fl_rl,20566452.90348289,10000000.0,20566452.90348521,10566452.903485209,0.0,0.0,7.0,0.0,5673,5673,254,0.04477348845408073,198247548.59151804,506440.606156711,0.002554586978526598,0.0506440606156711,0,4259,436570,low_default,5000000.0,10000000.0,2.0,100,FedAvg (federated)
Fin_fl_rl_3,pure_rl,fl_rl,30596092.710277006,10000000.0,30596092.710281443,20596092.710281443,0.0,0.0,13.0,0.0,10669,10669,94,0.00881057268722467,371740278.1782489,173376.67504202292,0.00046639195486610435,0.017337667504202292,0,4259,436570,low_default,5000000.0,10000000.0,2.0,100,FedAvg (federated)
Fin_rl_1,pure_rl,rl,16577986.604111074,10000000.0,16577986.60411018,6577986.6041101795,0.0,0.0,10.0,0.0,4195,4195,438,0.10441001191895113,146119044.80262536,1002037.2298077808,0.0068576771163629795,0.10020372298077808,0,4266,436570,medium_default,5000000.0,10000000.0,2.0,100,Isolated RL (non-federated)
Fin_rl_2,pure_rl,rl,21064591.27357828,10000000.0,21064591.273576755,11064591.273576755,0.0,0.0,18.0,0.0,7096,7096,354,0.04988726042841037,249004266.2390102,773371.4822938602,0.0031058563532864484,0.07733714822938602,0,4266,436570,medium_default,5000000.0,10000000.0,2.0,100,Isolated RL (non-federated)
Fin_rl_3,pure_rl,rl,24943766.130311243,10000000.0,24943766.130301993,14943766.130301993,0.0,0.0,15.0,0.0,8659,8659,121,0.013973899988451322,301972447.0808079,290006.0802408351,0.0009603726533475068,0.02900060802408351,0,4266,436570,medium_default,5000000.0,10000000.0,2.0,100,Isolated RL (non-federated)
Fin_fl_rl_1,pure_rl,fl_rl,18701501.25980496,10000000.0,18701501.25980311,8701501.259803109,0.0,0.0,9.0,0.0,5005,5005,252,0.05034965034965035,175386627.41306886,704410.3834235634,0.0040163289175094465,0.07044103834235635,0,4258,436570,medium_default,5000000.0,10000000.0,2.0,100,FedAvg (federated)
Fin_fl_rl_2,pure_rl,fl_rl,17634702.574482992,10000000.0,17634702.57447971,7634702.57447971,0.0,0.0,9.0,0.0,4595,4595,377,0.08204570184983678,160111844.34796867,833453.2618539529,0.005205444139676646,0.0833453261853953,0,4258,436570,medium_default,5000000.0,10000000.0,2.0,100,FedAvg (federated)
Fin_fl_rl_3,pure_rl,fl_rl,30394617.364825103,10000000.0,30394617.36481805,20394617.36481805,0.0,0.0,7.0,0.0,10688,10688,164,0.015344311377245509,372848497.48569494,368394.3492564655,0.0009880537315846356,0.03683943492564655,0,4258,436570,medium_default,5000000.0,10000000.0,2.0,100,FedAvg (federated)
Fin_rl_1,pure_rl,rl,18892691.6059767,10000000.0,18892691.60597261,8892691.60597261,0.0,0.0,14.0,0.0,6148,6148,600,0.09759271307742355,214569610.12193123,1782521.7615890855,0.008307428813316808,0.17825217615890854,0,4275,436570,high_default,5000000.0,10000000.0,2.0,100,Isolated RL (non-federated)
Fin_rl_2,pure_rl,rl,17253079.038012967,10000000.0,17253079.038020417,7253079.038020417,0.0,0.0,12.0,0.0,5465,5465,676,0.12369624885635865,191249739.19225994,1746178.8892933142,0.009130359584636672,0.17461788892933142,0,4275,436570,high_default,5000000.0,10000000.0,2.0,100,Isolated RL (non-federated)
Fin_rl_3,pure_rl,rl,19958715.1932732,10000000.0,19958715.193272334,9958715.193272334,0.0,0.0,22.0,0.0,5996,5996,204,0.03402268178785857,209296063.33574823,634420.8261926793,0.003031212417860699,0.06344208261926794,0,4275,436570,high_default,5000000.0,10000000.0,2.0,100,Isolated RL (non-federated)
Fin_fl_rl_1,pure_rl,fl_rl,14994677.831081746,10000000.0,14994677.831074513,4994677.8310745135,0.0,0.0,23.0,0.0,3427,3427,349,0.1018383425736796,119725208.66971706,1160093.256385776,0.009689632361269015,0.1160093256385776,0,4259,436570,high_default,5000000.0,10000000.0,2.0,100,FedAvg (federated)
Fin_fl_rl_2,pure_rl,fl_rl,17509583.731881104,10000000.0,17509583.7318716,7509583.731871601,0.0,0.0,22.0,0.0,5119,5119,507,0.099042781793319,178818908.48916286,1426853.5952545963,0.007979321690922128,0.14268535952545963,0,4259,436570,high_default,5000000.0,10000000.0,2.0,100,FedAvg (federated)
Fin_fl_rl_3,pure_rl,fl_rl,24673796.990433086,10000000.0,24673796.99044097,14673796.990440968,0.0,0.0,21.0,0.0,8001,8001,165,0.02062242219722535,280612957.4124821,492977.7227222348,0.0017567888784180085,0.049297772272223477,0,4259,436570,high_default,5000000.0,10000000.0,2.0,100,FedAvg (federated)
Fin_rl_1,pure_rl,rl,32416613.47335101,20000000.0,32416613.47334412,12416613.473344121,0.0,0.0,6.0,0.0,10385,10385,0,0.0,364143220.21321565,0,0.0,0.0,0,4256,436570,none_default,10000000.0,20000000.0,2.0,100,Isolated RL (non-federated)
Fin_rl_2,pure_rl,rl,28302205.5974404,20000000.0,28302205.597452763,8302205.5974527635,0.0,0.0,8.0,0.0,6476,6476,0,0.0,225953031.4183116,0,0.0,0.0,0,4256,436570,none_default,10000000.0,20000000.0,2.0,100,Isolated RL (non-federated)
Fin_rl_3,pure_rl,rl,31088381.631685913,20000000.0,31088381.631698415,11088381.631698415,0.0,0.0,11.0,0.0,9772,9772,0,0.0,343353838.2639229,0,0.0,0.0,0,4256,436570,none_default,10000000.0,20000000.0,2.0,100,Isolated RL (non-federated)
Fin_fl_rl_1,pure_rl,fl_rl,37588200.36299763,20000000.0,37588200.36300802,17588200.363008022,0.0,0.0,7.0,0.0,12603,12603,0,0.0,439984411.93723035,0,0.0,0.0,0,4263,436570,none_default,10000000.0,20000000.0,2.0,100,FedAvg (federated)
Fin_fl_rl_2,pure_rl,fl_rl,30748135.897470627,20000000.0,30748135.89745859,10748135.89745859,0.0,0.0,11.0,0.0,7916,7916,0,0.0,275914596.1805325,0,0.0,0.0,0,4263,436570,none_default,10000000.0,20000000.0,2.0,100,FedAvg (federated)
Fin_fl_rl_3,pure_rl,fl_rl,28288611.6374142,20000000.0,28288611.637414582,8288611.637414582,0.0,0.0,11.0,0.0,6081,6081,0,0.0,212928278.64547032,0,0.0,0.0,0,4263,436570,none_default,10000000.0,20000000.0,2.0,100,FedAvg (federated)
Fin_rl_1,pure_rl,rl,29495008.331003938,20000000.0,29495008.331007935,9495008.331007935,0.0,0.0,19.0,0.0,6281,6281,262,0.041713103009074985,219561734.867291,559037.1230205224,0.002546150053689544,0.02795185615102612,0,4263,436570,low_default,10000000.0,20000000.0,2.0,100,Isolated RL (non-federated)
Fin_rl_2,pure_rl,rl,26508270.05991387,20000000.0,26508270.05991647,6508270.05991647,0.0,0.0,21.0,0.0,4812,4812,552,0.11471321695760599,168327769.58186752,1153586.413575459,0.006853215107887492,0.057679320678772954,0,4263,436570,low_default,10000000.0,20000000.0,2.0,100,Isolated RL (non-federated)
Fin_rl_3,pure_rl,rl,39231690.40210734,20000000.0,39231690.40212528,19231690.402125277,0.0,0.0,14.0,0.0,10542,10542,75,0.0071143995446784295,368119018.4095517,141809.66742297172,0.0003852277669207545,0.007090483371148586,0,4263,436570,low_default,10000000.0,20000000.0,2.0,100,Isolated RL (non-federated)
Fin_fl_rl_1,pure_rl,fl_rl,29264670.89814919,20000000.0,29264670.898151428,9264670.898151428,0.0,0.0,11.0,0.0,5535,5535,118,0.021318879855465222,194201769.83653334,261053.57469269435,0.001344238906331454,0.013052678734634717,0,4255,436570,low_default,10000000.0,20000000.0,2.0,100,FedAvg (federated)
Fin_fl_rl_2,pure_rl,fl_rl,32386931.800705884,20000000.0,32386931.80071917,12386931.800719172,0.0,0.0,14.0,0.0,7121,7121,181,0.025417778401909844,248156335.69713166,353410.526033171,0.0014241446829892721,0.017670526301658548,0,4255,436570,low_default,10000000.0,20000000.0,2.0,100,FedAvg (federated)
Fin_fl_rl_3,pure_rl,fl_rl,38686410.2304066,20000000.0,38686410.23038557,18686410.23038557,0.0,0.0,9.0,0.0,9802,9802,88,0.008977759640889614,344029419.4017468,173411.6906165913,0.0005040606437616504,0.008670584530829566,0,4255,436570,low_default,10000000.0,20000000.0,2.0,100,FedAvg (federated)
Fin_rl_1,pure_rl,rl,23643433.243613645,20000000.0,23643433.243611086,3643433.243611086,0.0,0.0,24.0,0.0,2617,2617,251,0.09591134887275506,91400868.77192266,614109.1049834836,0.006718854133825598,0.030705455249174177,0,4262,436570,medium_default,10000000.0,20000000.0,2.0,100,Isolated RL (non-federated)
Fin_rl_2,pure_rl,rl,33053187.54168606,20000000.0,33053187.541695535,13053187.541695535,0.0,0.0,15.0,0.0,7387,7387,653,0.08839853797211317,259783097.5968793,1540191.8952414028,0.005928760991338278,0.07700959476207014,0,4262,436570,medium_default,10000000.0,20000000.0,2.0,100,Isolated RL (non-federated)
Fin_rl_3,pure_rl,rl,38151466.487125084,20000000.0,38151466.48714851,18151466.48714851,0.0,0.0,22.0,0.0,9254,9254,77,0.00832072617246596,323831472.54933345,189099.40644066298,0.0005839438796729525,0.009454970322033148,0,4262,436570,medium_default,10000000.0,20000000.0,2.0,100,Isolated RL (non-federated)
Fin_fl_rl_1,pure_rl,fl_rl,30334647.32823514,20000000.0,30334647.32824303,10334647.328243028,0.0,0.0,21.0,0.0,6642,6642,262,0.03944595001505571,233024088.36269194,718818.3582234955,0.0030847384202816225,0.03594091791117478,0,4253,436570,medium_default,10000000.0,20000000.0,2.0,100,FedAvg (federated)
Fin_fl_rl_2,pure_rl,fl_rl,29257425.404318307,20000000.0,29257425.40429621,9257425.404296208,0.0,0.0,21.0,0.0,5635,5635,249,0.04418811002661934,197470309.99591506,595410.1471954085,0.0030151881931401504,0.029770507359770423,0,4253,436570,medium_default,10000000.0,20000000.0,2.0,100,FedAvg (federated)
Fin_fl_rl_3,pure_rl,fl_rl,34463187.44088946,20000000.0,34463187.44093703,14463187.440937027,0.0,0.0,26.0,0.0,7488,7488,78,0.010416666666666666,262872067.00470713,189248.01707637613,0.0007199244074608633,0.009462400853818807,0,4253,436570,medium_default,10000000.0,20000000.0,2.0,100,FedAvg (federated)
Fin_rl_1,pure_rl,rl,25465048.41890977,20000000.0,25465048.418908067,5465048.418908067,0.0,0.0,21.0,0.0,4382,4382,586,0.13372889091738932,152663473.3431372,1767971.7978607432,0.011580843532145538,0.08839858989303716,0,4256,436570,high_default,10000000.0,20000000.0,2.0,100,Isolated RL (non-federated)
Fin_rl_2,pure_rl,rl,27786671.983043015,20000000.0,27786671.983022995,7786671.983022995,0.0,0.0,12.0,0.0,6140,6140,650,0.10586319218241043,215748012.65738064,1667841.9939360993,0.007730509187052033,0.08339209969680497,0,4256,436570,high_default,10000000.0,20000000.0,2.0,100,Isolated RL (non-federated)
Fin_rl_3,pure_rl,rl,32053034.528207384,20000000.0,32053034.52816444,12053034.528164439,0.0,0.0,23.0,0.0,7242,7242,225,0.03106876553438277,253486663.45725048,684004.2288361209,0.002698383494844002,0.034200211441806044,0,4256,436570,high_default,10000000.0,20000000.0,2.0,100,Isolated RL (non-federated)
Fin_fl_rl_1,pure_rl,fl_rl,26932583.003030013,20000000.0,26932583.003003117,6932583.003003117,0.0,0.0,8.0,0.0,4535,4535,411,0.09062844542447629,157066189.96767598,1369636.7688156776,0.008720124739115064,0.06848183844078388,0,4265,436570,high_default,10000000.0,20000000.0,2.0,100,FedAvg (federated)
Fin_fl_rl_2,pure_rl,fl_rl,28437798.73073681,20000000.0,28437798.73075044,8437798.730750442,0.0,0.0,7.0,0.0,5396,5396,552,0.10229799851742032,189555051.53996027,1518975.3475713509,0.00801337308202063,0.07594876737856754,0,4265,436570,high_default,10000000.0,20000000.0,2.0,100,FedAvg (federated)
Fin_fl_rl_3,pure_rl,fl_rl,32769054.38143641,20000000.0,32769054.381442748,12769054.381442748,0.0,0.0,10.0,0.0,6882,6882,235,0.03414705027608254,240541948.34179372,700418.7933579773,0.0029118363686101434,0.03502093966789886,0,4265,436570,high_default,10000000.0,20000000.0,2.0,100,FedAvg (federated)
Fin_rl_1,pure_rl,rl,13132578.703853212,2000000.0,13132578.703854717,11132578.703854717,0.0,0.0,6.0,0.0,6563,6563,0,0.0,220964192.67685673,0,0.0,0.0,0,4259,831197,none_default,1000000.0,2000000.0,2.0,100,Isolated RL (non-federated)
Fin_rl_2,pure_rl,rl,12437668.83075862,2000000.0,12437668.830758324,10437668.830758324,0.0,0.0,9.0,0.0,5669,5669,0,0.0,192532068.4992704,0,0.0,0.0,0,4259,831197,none_default,1000000.0,2000000.0,2.0,100,Isolated RL (non-federated)
Fin_rl_3,pure_rl,rl,13212137.36156283,2000000.0,13212137.361563535,11212137.361563535,0.0,0.0,6.0,0.0,5953,5953,0,0.0,203849052.21138805,0,0.0,0.0,0,4259,831197,none_default,1000000.0,2000000.0,2.0,100,Isolated RL (non-federated)
Fin_fl_rl_1,pure_rl,fl_rl,12614476.052947437,2000000.0,12614476.0529467,10614476.0529467,0.0,0.0,6.0,0.0,5686,5686,0,0.0,193365178.33385843,0,0.0,0.0,0,4257,831197,none_default,1000000.0,2000000.0,2.0,100,FedAvg (federated)
Fin_fl_rl_2,pure_rl,fl_rl,12862416.204720357,2000000.0,12862416.204720188,10862416.204720188,0.0,0.0,9.0,0.0,6103,6103,0,0.0,208354523.03916058,0,0.0,0.0,0,4257,831197,none_default,1000000.0,2000000.0,2.0,100,FedAvg (federated)
Fin_fl_rl_3,pure_rl,fl_rl,13736879.069465263,2000000.0,13736879.06946336,11736879.06946336,0.0,0.0,6.0,0.0,6576,6576,0,0.0,221352085.80497915,0,0.0,0.0,0,4257,831197,none_default,1000000.0,2000000.0,2.0,100,FedAvg (federated)
Fin_rl_1,pure_rl,rl,11739247.295796664,2000000.0,11739247.295796523,9739247.295796523,0.0,0.0,6.0,0.0,4980,4980,126,0.02530120481927711,171851917.01873183,303633.77459460986,0.001766833794245739,0.15181688729730494,0,4269,831197,low_default,1000000.0,2000000.0,2.0,100,Isolated RL (non-federated)
Fin_rl_2,pure_rl,rl,10550798.191378646,2000000.0,10550798.191378785,8550798.191378785,0.0,0.0,6.0,0.0,4912,4912,262,0.053338762214983716,169498126.26542747,559483.6565733231,0.0033008250232642302,0.27974182828666155,0,4269,831197,low_default,1000000.0,2000000.0,2.0,100,Isolated RL (non-federated)
Fin_rl_3,pure_rl,rl,11935625.400463587,2000000.0,11935625.400463266,9935625.400463266,0.0,0.0,6.0,0.0,5613,5613,43,0.007660787457687511,187504237.86799332,100137.34004190781,0.0005340537428941017,0.05006867002095391,0,4269,831197,low_default,1000000.0,2000000.0,2.0,100,Isolated RL (non-federated)
Fin_fl_rl_1,pure_rl,fl_rl,10131227.00145637,2000000.0,10131227.001456404,8131227.001456404,0.0,0.0,6.0,0.0,5211,5211,75,0.014392630972941854,177778226.59744418,166110.14453601997,0.0009343672041017426,0.08305507226800998,0,4263,831197,low_default,1000000.0,2000000.0,2.0,100,FedAvg (federated)
Fin_fl_rl_2,pure_rl,fl_rl,9989113.734349549,2000000.0,9989113.73435055,7989113.734350551,0.0,0.0,6.0,0.0,4857,4857,163,0.0335598105826642,167594157.38615513,333521.89010985557,0.0019900567854605152,0.16676094505492778,0,4263,831197,low_default,1000000.0,2000000.0,2.0,100,FedAvg (federated)
Fin_fl_rl_3,pure_rl,fl_rl,11867361.946794515,2000000.0,11867361.946794111,9867361.946794111,0.0,0.0,6.0,0.0,5627,5627,37,0.006575439843611161,189400232.79386914,85166.51410850574,0.0004496642525312808,0.04258325705425287,0,4263,831197,low_default,1000000.0,2000000.0,2.0,100,FedAvg (federated)
Fin_rl_1,pure_rl,rl,10561642.591956282,2000000.0,10561642.59195644,8561642.59195644,0.0,0.0,7.0,0.0,5023,5023,177,0.035237905634083216,172723845.3890566,431306.95257091156,0.002497089800191759,0.21565347628545578,0,4258,831197,medium_default,1000000.0,2000000.0,2.0,100,Isolated RL (non-federated)
Fin_rl_2,pure_rl,rl,8516611.341048954,2000000.0,8516611.341049416,6516611.341049416,0.0,0.0,6.0,0.0,3884,3884,139,0.035787847579814624,133028795.55071421,299151.9999098425,0.0022487762793868007,0.14957599995492124,0,4258,831197,medium_default,1000000.0,2000000.0,2.0,100,Isolated RL (non-federated)
Fin_rl_3,pure_rl,rl,13015729.55909088,2000000.0,13015729.559091048,11015729.559091048,0.0,0.0,6.0,0.0,5754,5754,52,0.009037191518943343,194328429.1274361,127307.10660928425,0.0006551131359467697,0.06365355330464213,0,4258,831197,medium_default,1000000.0,2000000.0,2.0,100,Isolated RL (non-federated)
Fin_fl_rl_1,pure_rl,fl_rl,9351201.50959635,2000000.0,9351201.50959512,7351201.50959512,0.0,0.0,7.0,0.0,4400,4400,100,0.022727272727272728,152184453.17734545,247853.14379395684,0.0016286364252012363,0.12392657189697842,0,4254,831197,medium_default,1000000.0,2000000.0,2.0,100,FedAvg (federated)
Fin_fl_rl_2,pure_rl,fl_rl,10939489.054580996,2000000.0,10939489.054582655,8939489.054582655,0.0,0.0,6.0,0.0,4602,4602,111,0.024119947848761408,160944407.09417266,241794.7621752165,0.0015023495785953982,0.12089738108760825,0,4254,831197,medium_default,1000000.0,2000000.0,2.0,100,FedAvg (federated)
Fin_fl_rl_3,pure_rl,fl_rl,11954681.691271631,2000000.0,11954681.691271782,9954681.691271782,0.0,0.0,6.0,0.0,5556,5556,52,0.009359251259899209,185493791.3206671,112624.93519076616,0.0006071628294882875,0.05631246759538308,0,4254,831197,medium_default,1000000.0,2000000.0,2.0,100,FedAvg (federated)
Fin_rl_1,pure_rl,rl,7318938.216497539,2000000.0,7318938.216499148,5318938.216499148,0.0,0.0,7.0,0.0,3155,3155,257,0.08145800316957211,107901391.01503178,765965.059931858,0.007098750560362573,0.38298252996592896,0,4249,831197,high_default,1000000.0,2000000.0,2.0,100,Isolated RL (non-federated)
Fin_rl_2,pure_rl,rl,9445281.976038758,2000000.0,9445281.976038847,7445281.976038847,0.0,0.0,7.0,0.0,4313,4313,153,0.035474147924878276,149465012.31214646,391644.88329930505,0.0026203114510932103,0.1958224416496525,0,4249,831197,high_default,1000000.0,2000000.0,2.0,100,Isolated RL (non-federated)
Fin_rl_3,pure_rl,rl,11998236.053216716,2000000.0,11998236.053218208,9998236.053218208,0.0,0.0,6.0,0.0,5377,5377,121,0.022503254602938443,184441067.29766378,345462.1244073142,0.001873021716198288,0.17273106220365708,0,4249,831197,high_default,1000000.0,2000000.0,2.0,100,Isolated RL (non-federated)
Fin_fl_rl_1,pure_rl,fl_rl,7139342.738682578,2000000.0,7139342.738682919,5139342.738682919,0.0,0.0,7.0,0.0,2838,2838,218,0.07681465821000705,98839545.32978709,692757.7572883294,0.0070089128291402035,0.3463788786441647,0,4277,831197,high_default,1000000.0,2000000.0,2.0,100,FedAvg (federated)
Fin_fl_rl_2,pure_rl,fl_rl,8018038.42928615,2000000.0,8018038.429286097,6018038.429286097,0.0,0.0,7.0,0.0,3576,3576,314,0.0878076062639821,121910868.9578873,798272.5246312234,0.006548001268918667,0.3991362623156117,0,4277,831197,high_default,1000000.0,2000000.0,2.0,100,FedAvg (federated)
Fin_fl_rl_3,pure_rl,fl_rl,13443921.966567593,2000000.0,13443921.966568274,11443921.966568274,0.0,0.0,6.0,0.0,5872,5872,133,0.022649863760217985,199644579.86604375,351677.4853658494,0.001761517821329363,0.1758387426829247,0,4277,831197,high_default,1000000.0,2000000.0,2.0,100,FedAvg (federated)
Fin_rl_1,pure_rl,rl,27982071.581751585,10000000.0,27982071.58174452,17982071.58174452,0.0,0.0,7.0,0.0,14298,14298,0,0.0,500816976.11452675,0,0.0,0.0,0,4249,831197,none_default,5000000.0,10000000.0,2.0,100,Isolated RL (non-federated)
Fin_rl_2,pure_rl,rl,19305889.554253727,10000000.0,19305889.554253478,9305889.554253478,0.0,0.0,6.0,0.0,6694,6694,0,0.0,236451224.2111824,0,0.0,0.0,0,4249,831197,none_default,5000000.0,10000000.0,2.0,100,Isolated RL (non-federated)
Fin_rl_3,pure_rl,rl,17177363.082837284,10000000.0,17177363.082834166,7177363.082834166,0.0,0.0,16.0,0.0,5632,5632,0,0.0,197653625.7513634,0,0.0,0.0,0,4249,831197,none_default,5000000.0,10000000.0,2.0,100,Isolated RL (non-federated)
Fin_fl_rl_1,pure_rl,fl_rl,18393810.5554744,10000000.0,18393810.55547625,8393810.555476248,0.0,0.0,15.0,0.0,6912,6912,0,0.0,241724471.1277472,0,0.0,0.0,0,4258,831197,none_default,5000000.0,10000000.0,2.0,100,FedAvg (federated)
Fin_fl_rl_2,pure_rl,fl_rl,22313292.63989696,10000000.0,22313292.639897242,12313292.639897242,0.0,0.0,9.0,0.0,9096,9096,0,0.0,317350899.31036365,0,0.0,0.0,0,4258,831197,none_default,5000000.0,10000000.0,2.0,100,FedAvg (federated)
Fin_fl_rl_3,pure_rl,fl_rl,24648340.928468693,10000000.0,24648340.928469963,14648340.928469963,0.0,0.0,10.0,0.0,10519,10519,0,0.0,368955573.10973006,0,0.0,0.0,0,4258,831197,none_default,5000000.0,10000000.0,2.0,100,FedAvg (federated)
Fin_rl_1,pure_rl,rl,21108683.85500788,10000000.0,21108683.85500966,11108683.85500966,0.0,0.0,16.0,0.0,6940,6940,476,0.0685878962536023,242427974.72893128,1118357.849384964,0.004613155105698697,0.1118357849384964,0,4252,831197,low_default,5000000.0,10000000.0,2.0,100,Isolated RL (non-federated)
Fin_rl_2,pure_rl,rl,20502065.941777494,10000000.0,20502065.94177461,10502065.94177461,0.0,0.0,20.0,0.0,6198,6198,299,0.04824136818328493,217250273.9107285,669094.2832043493,0.003079831712798164,0.06690942832043494,0,4252,831197,low_default,5000000.0,10000000.0,2.0,100,Isolated RL (non-federated)
Fin_rl_3,pure_rl,rl,26888195.62631814,10000000.0,26888195.62632316,16888195.62632316,0.0,0.0,7.0,0.0,8492,8492,90,0.010598210080075365,296691342.0644426,182853.07701923538,0.0006163074249046301,0.018285307701923537,0,4252,831197,low_default,5000000.0,10000000.0,2.0,100,Isolated RL (non-federated)
Fin_fl_rl_1,pure_rl,fl_rl,19089561.82901463,10000000.0,19089561.829026394,9089561.829026394,0.0,0.0,15.0,0.0,5852,5852,83,0.014183185235816815,204707819.1487108,194050.89060426125,0.0009479407841441182,0.019405089060426126,0,4259,831197,low_default,5000000.0,10000000.0,2.0,100,FedAvg (federated)
Fin_fl_rl_2,pure_rl,fl_rl,19817784.109964266,10000000.0,19817784.109970625,9817784.109970625,0.0,0.0,16.0,0.0,6347,6347,158,0.024893650543563888,221709060.30860332,319883.751946481,0.001442808658794663,0.0319883751946481,0,4259,831197,low_default,5000000.0,10000000.0,2.0,100,FedAvg (federated)
Fin_fl_rl_3,pure_rl,fl_rl,27529003.69622036,10000000.0,27529003.696215045,17529003.696215045,0.0,0.0,16.0,0.0,10051,10051,66,0.006566510794945777,351517676.67873776,120766.87053242956,0.00034355845678509623,0.012076687053242956,0,4259,831197,low_default,5000000.0,10000000.0,2.0,100,FedAvg (federated)
Fin_rl_1,pure_rl,rl,22201116.648363315,10000000.0,22201116.648371045,12201116.648371045,0.0,0.0,11.0,0.0,7795,7795,418,0.0536241180243746,273602309.4567012,1050229.4930395004,0.003838525687611946,0.10502294930395005,0,4261,831197,medium_default,5000000.0,10000000.0,2.0,100,Isolated RL (non-federated)
Fin_rl_2,pure_rl,rl,16575648.763308333,10000000.0,16575648.76330851,6575648.76330851,0.0,0.0,19.0,0.0,4206,4206,503,0.11959106038991917,147176532.55028477,1142120.6829385979,0.007760209206915359,0.11421206829385978,0,4261,831197,medium_default,5000000.0,10000000.0,2.0,100,Isolated RL (non-federated)
Fin_rl_3,pure_rl,rl,23556690.36293363,10000000.0,23556690.362931926,13556690.362931926,0.0,0.0,18.0,0.0,7857,7857,103,0.01310932926053201,273407285.9391047,244116.55143989215,0.0008928677617401302,0.024411655143989214,0,4261,831197,medium_default,5000000.0,10000000.0,2.0,100,Isolated RL (non-federated)
Fin_fl_rl_1,pure_rl,fl_rl,12432799.109896842,10000000.0,12432799.109898116,2432799.1098981164,0.0,0.0,7.0,0.0,1990,1990,265,0.13316582914572864,69429691.75200452,720382.3962971804,0.010375710709912264,0.07203823962971805,0,4277,831197,medium_default,5000000.0,10000000.0,2.0,100,FedAvg (federated)
Fin_fl_rl_2,pure_rl,fl_rl,17137622.57453848,10000000.0,17137622.574529506,7137622.574529506,0.0,0.0,6.0,0.0,3937,3937,353,0.08966217932435865,137871454.55916354,751743.8297700571,0.005452497996584696,0.07517438297700571,0,4277,831197,medium_default,5000000.0,10000000.0,2.0,100,FedAvg (federated)
Fin_fl_rl_3,pure_rl,fl_rl,35597687.2721332,10000000.0,35597687.27214741,25597687.27214741,0.0,0.0,7.0,0.0,12025,12025,140,0.011642411642411643,421820493.8065281,296495.5116768957,0.0007028949897652108,0.029649551167689574,0,4277,831197,medium_default,5000000.0,10000000.0,2.0,100,FedAvg (federated)
Fin_rl_1,pure_rl,rl,17803029.292885847,10000000.0,17803029.292877674,7803029.292877674,0.0,0.0,13.0,0.0,6855,6855,736,0.10736688548504741,239777904.56555945,2182076.6328541487,0.009100407465849428,0.21820766328541488,0,4262,831197,high_default,5000000.0,10000000.0,2.0,100,Isolated RL (non-federated)
Fin_rl_2,pure_rl,rl,14905019.030014442,10000000.0,14905019.030013498,4905019.030013498,0.0,0.0,19.0,0.0,3941,3941,578,0.14666328343060137,137340044.91811803,1584814.7124411305,0.011539349017877452,0.15848147124411305,0,4262,831197,high_default,5000000.0,10000000.0,2.0,100,Isolated RL (non-federated)
Fin_rl_3,pure_rl,rl,21787163.20617096,10000000.0,21787163.20617853,11787163.206178531,0.0,0.0,23.0,0.0,6919,6919,205,0.029628559040323747,242401321.8832061,615725.8070758651,0.002540109114473123,0.06157258070758651,0,4262,831197,high_default,5000000.0,10000000.0,2.0,100,Isolated RL (non-federated)
Fin_fl_rl_1,pure_rl,fl_rl,16499567.520919956,10000000.0,16499567.520911356,6499567.520911356,0.0,0.0,11.0,0.0,4273,4273,331,0.07746314065059677,149238307.41445374,1126916.0858855676,0.007551118110419052,0.11269160858855676,0,4263,831197,high_default,5000000.0,10000000.0,2.0,100,FedAvg (federated)
Fin_fl_rl_2,pure_rl,fl_rl,19188692.793987624,10000000.0,19188692.793984078,9188692.793984078,0.0,0.0,11.0,0.0,6082,6082,593,0.09750082209799409,213447357.6562353,1573501.6109004458,0.0073718486289936986,0.15735016109004457,0,4263,831197,high_default,5000000.0,10000000.0,2.0,100,FedAvg (federated)
Fin_fl_rl_3,pure_rl,fl_rl,22073031.593048744,10000000.0,22073031.593046613,12073031.593046613,0.0,0.0,19.0,0.0,6681,6681,248,0.03712019158808562,233430220.1109141,741551.2204853753,0.0031767575772024205,0.07415512204853753,0,4263,831197,high_default,5000000.0,10000000.0,2.0,100,FedAvg (federated)
Fin_rl_1,pure_rl,rl,33358865.58203389,20000000.0,33358865.58205262,13358865.582052618,0.0,0.0,7.0,0.0,10552,10552,0,0.0,368496289.4385544,0,0.0,0.0,0,4245,831197,none_default,10000000.0,20000000.0,2.0,100,Isolated RL (non-federated)
Fin_rl_2,pure_rl,rl,30932827.45613737,20000000.0,30932827.4561207,10932827.4561207,0.0,0.0,14.0,0.0,9073,9073,0,0.0,317690322.8198693,0,0.0,0.0,0,4245,831197,none_default,10000000.0,20000000.0,2.0,100,Isolated RL (non-federated)
Fin_rl_3,pure_rl,rl,28056488.746929668,20000000.0,28056488.746938623,8056488.7469386235,0.0,0.0,7.0,0.0,7026,7026,0,0.0,246747412.6773907,0,0.0,0.0,0,4245,831197,none_default,10000000.0,20000000.0,2.0,100,Isolated RL (non-federated)
Fin_fl_rl_1,pure_rl,fl_rl,34969355.045387715,20000000.0,34969355.04538652,14969355.045386523,0.0,0.0,6.0,0.0,10915,10915,0,0.0,381541899.19469935,0,0.0,0.0,0,4262,831197,none_default,10000000.0,20000000.0,2.0,100,FedAvg (federated)
Fin_fl_rl_2,pure_rl,fl_rl,29178409.596061014,20000000.0,29178409.59606274,9178409.596062738,0.0,0.0,12.0,0.0,6744,6744,0,0.0,235938858.38048354,0,0.0,0.0,0,4262,831197,none_default,10000000.0,20000000.0,2.0,100,FedAvg (federated)
Fin_fl_rl_3,pure_rl,fl_rl,32692720.17540739,20000000.0,32692720.175440464,12692720.175440464,0.0,0.0,17.0,0.0,8820,8820,0,0.0,309025243.81831634,0,0.0,0.0,0,4262,831197,none_default,10000000.0,20000000.0,2.0,100,FedAvg (federated)
Fin_rl_1,pure_rl,rl,29302951.55217614,20000000.0,29302951.5521698,9302951.5521698,0.0,0.0,26.0,0.0,6196,6196,190,0.03066494512588767,217811047.5639291,417603.63863505237,0.0019172748274509936,0.020880181931752617,0,4256,831197,low_default,10000000.0,20000000.0,2.0,100,Isolated RL (non-federated)
Fin_rl_2,pure_rl,rl,31060066.654723395,20000000.0,31060066.654719975,11060066.654719975,0.0,0.0,19.0,0.0,6766,6766,403,0.05956251847472657,236745420.23386174,814011.9643647319,0.0034383430250124166,0.04070059821823659,0,4256,831197,low_default,10000000.0,20000000.0,2.0,100,Isolated RL (non-federated)
Fin_rl_3,pure_rl,rl,38166315.26540698,20000000.0,38166315.2654061,18166315.265406102,0.0,0.0,20.0,0.0,9031,9031,49,0.0054257557302624295,315444821.0914675,89253.05891874191,0.0002829434910673705,0.004462652945937095,0,4256,831197,low_default,10000000.0,20000000.0,2.0,100,Isolated RL (non-federated)
Fin_fl_rl_1,pure_rl,fl_rl,31640761.607704032,20000000.0,31640761.607684426,11640761.607684426,0.0,0.0,14.0,0.0,6199,6199,127,0.020487175350863043,216655184.06012532,272590.45231466566,0.0012581764590457129,0.013629522615733284,0,4269,831197,low_default,10000000.0,20000000.0,2.0,100,FedAvg (federated)
Fin_fl_rl_2,pure_rl,fl_rl,30009812.135660786,20000000.0,30009812.135671712,10009812.135671712,0.0,0.0,12.0,0.0,5898,5898,303,0.05137334689725331,206463358.6165672,608867.9847456508,0.00294903652069522,0.03044339923728254,0,4269,831197,low_default,10000000.0,20000000.0,2.0,100,FedAvg (federated)
Fin_fl_rl_3,pure_rl,fl_rl,38365502.89171291,20000000.0,38365502.89172068,18365502.891720682,0.0,0.0,11.0,0.0,8852,8852,67,0.0075689109805693626,310071635.8363075,125688.26109844516,0.0004053523333711126,0.006284413054922258,0,4269,831197,low_default,10000000.0,20000000.0,2.0,100,FedAvg (federated)
Fin_rl_1,pure_rl,rl,26490068.528930638,20000000.0,26490068.528931685,6490068.528931685,0.0,0.0,16.0,0.0,4810,4810,621,0.1291060291060291,168261959.28096992,1511229.5241110716,0.008981409289235517,0.07556147620555358,0,4260,831197,medium_default,10000000.0,20000000.0,2.0,100,Isolated RL (non-federated)
Fin_rl_2,pure_rl,rl,31302056.030891027,20000000.0,31302056.030878797,11302056.030878797,0.0,0.0,22.0,0.0,6549,6549,344,0.052527103374561,230489939.26376197,781758.108596413,0.003391723348505053,0.03908790542982065,0,4260,831197,medium_default,10000000.0,20000000.0,2.0,100,Isolated RL (non-federated)
Fin_rl_3,pure_rl,rl,35962778.65953384,20000000.0,35962778.65952954,15962778.659529537,0.0,0.0,16.0,0.0,8065,8065,120,0.014879107253564786,282810412.50598365,303219.3832832759,0.001072164849223366,0.015160969164163794,0,4260,831197,medium_default,10000000.0,20000000.0,2.0,100,Isolated RL (non-federated)
Fin_fl_rl_1,pure_rl,fl_rl,26174033.874293998,20000000.0,26174033.874302905,6174033.874302905,0.0,0.0,15.0,0.0,4132,4132,300,0.07260406582768635,144511434.39010668,822574.5834064712,0.005692107250045987,0.04112872917032356,0,4266,831197,medium_default,10000000.0,20000000.0,2.0,100,FedAvg (federated)
Fin_fl_rl_2,pure_rl,fl_rl,24177723.16013636,20000000.0,24177723.160135485,4177723.160135485,0.0,0.0,24.0,0.0,2846,2846,204,0.07167955024595925,99802825.34303819,460916.7402306062,0.0046182734671725185,0.02304583701153031,0,4266,831197,medium_default,10000000.0,20000000.0,2.0,100,FedAvg (federated)
Fin_fl_rl_3,pure_rl,fl_rl,43181091.517117344,20000000.0,43181091.517116465,23181091.517116465,0.0,0.0,18.0,0.0,12090,12090,118,0.009760132340777503,423791414.4921085,271471.1207737556,0.000640577207301614,0.01357355603868778,0,4266,831197,medium_default,10000000.0,20000000.0,2.0,100,FedAvg (federated)
Fin_rl_1,pure_rl,rl,28240070.6346457,20000000.0,28240070.634663478,8240070.634663478,0.0,0.0,22.0,0.0,5757,5757,575,0.09987840889352093,201862356.19377226,1806157.1155440889,0.008947468708877635,0.09030785577720445,0,4263,831197,high_default,10000000.0,20000000.0,2.0,100,Isolated RL (non-federated)
Fin_rl_2,pure_rl,rl,27001483.071790688,20000000.0,27001483.071798865,7001483.071798865,0.0,0.0,18.0,0.0,4888,4888,553,0.1131342062193126,171379609.53823704,1542269.7045180895,0.008999143530981081,0.07711348522590447,0,4263,831197,high_default,10000000.0,20000000.0,2.0,100,Isolated RL (non-federated)
Fin_rl_3,pure_rl,rl,30958910.51617421,20000000.0,30958910.516174406,10958910.516174406,0.0,0.0,11.0,0.0,6067,6067,247,0.040712048788528105,212285469.88338527,752228.952752112,0.003543478284996772,0.0376114476376056,0,4263,831197,high_default,10000000.0,20000000.0,2.0,100,Isolated RL (non-federated)
Fin_fl_rl_1,pure_rl,fl_rl,26373997.155505463,20000000.0,26373997.155497856,6373997.155497856,0.0,0.0,22.0,0.0,4520,4520,411,0.090929203539823,158339088.7266349,1400090.8531828476,0.008842357654337898,0.07000454265914238,0,4255,831197,high_default,10000000.0,20000000.0,2.0,100,FedAvg (federated)
Fin_fl_rl_2,pure_rl,fl_rl,28266231.985172417,20000000.0,28266231.98518069,8266231.985180691,0.0,0.0,24.0,0.0,4938,4938,352,0.07128392061563386,173546517.03685004,991610.4314182698,0.005713801972803153,0.049580521570913486,0,4255,831197,high_default,10000000.0,20000000.0,2.0,100,FedAvg (federated)
Fin_fl_rl_3,pure_rl,fl_rl,30341060.90667094,20000000.0,30341060.906661615,10341060.906661615,0.0,0.0,22.0,0.0,5277,5277,152,0.028804244836081107,184618078.6975967,442488.508832034,0.002396777780126439,0.0221244254416017,0,4255,831197,high_default,10000000.0,20000000.0,2.0,100,FedAvg (federated)
Fin_rl_1,pure_rl,rl,34413421.598445095,5000000.0,34413421.598446295,29413421.598446295,0.0,0.0,6.0,0.0,15397,15397,0,0.0,529694370.4650741,0,0.0,0.0,0,4265,709098,none_default,1000000.0,5000000.0,5.0,250,Isolated RL (non-federated)
Fin_rl_2,pure_rl,rl,32391175.406178646,5000000.0,32391175.40618442,27391175.40618442,0.0,0.0,19.0,0.0,14429,14429,0,0.0,497647658.08726394,0,0.0,0.0,0,4265,709098,none_default,1000000.0,5000000.0,5.0,250,Isolated RL (non-federated)
Fin_rl_3,pure_rl,rl,32761980.283853754,5000000.0,32761980.28386249,27761980.28386249,0.0,0.0,6.0,0.0,14349,14349,0,0.0,495781013.62374306,0,0.0,0.0,0,4265,709098,none_default,1000000.0,5000000.0,5.0,250,Isolated RL (non-federated)
Fin_fl_rl_1,pure_rl,fl_rl,31567494.97388315,5000000.0,31567494.973876376,26567494.973876376,0.0,0.0,6.0,0.0,14996,14996,0,0.0,511805424.95304185,0,0.0,0.0,0,4257,709098,none_default,1000000.0,5000000.0,5.0,250,FedAvg (federated)
Fin_fl_rl_2,pure_rl,fl_rl,34128059.70647495,5000000.0,34128059.70648068,29128059.706480682,0.0,0.0,9.0,0.0,14892,14892,0,0.0,515422795.6278958,0,0.0,0.0,0,4257,709098,none_default,1000000.0,5000000.0,5.0,250,FedAvg (federated)
Fin_fl_rl_3,pure_rl,fl_rl,29680608.31090057,5000000.0,29680608.310908046,24680608.310908046,0.0,0.0,6.0,0.0,13384,13384,0,0.0,462100049.22298944,0,0.0,0.0,0,4257,709098,none_default,1000000.0,5000000.0,5.0,250,FedAvg (federated)
Fin_rl_1,pure_rl,rl,31832492.07221683,5000000.0,31832492.072220165,26832492.072220165,0.0,0.0,6.0,0.0,13261,13261,78,0.005881909358268607,462666264.5766389,167422.3015515236,0.00036186407864580915,0.03348446031030472,0,4259,709098,low_default,1000000.0,5000000.0,5.0,250,Isolated RL (non-federated)
Fin_rl_2,pure_rl,rl,23413005.445745457,5000000.0,23413005.445745293,18413005.445745293,0.0,0.0,18.0,0.0,9790,9790,173,0.01767109295199183,338668729.92807984,329887.82919675455,0.0009740723014693739,0.06597756583935091,0,4259,709098,low_default,1000000.0,5000000.0,5.0,250,Isolated RL (non-federated)
Fin_rl_3,pure_rl,rl,37314632.96181114,5000000.0,37314632.96180866,32314632.96180866,0.0,0.0,6.0,0.0,15587,15587,62,0.003977673702444345,539411970.6283603,133392.0269170657,0.000247291558549725,0.02667840538341314,0,4259,709098,low_default,1000000.0,5000000.0,5.0,250,Isolated RL (non-federated)
Fin_fl_rl_1,pure_rl,fl_rl,31555905.62614041,5000000.0,31555905.626145273,26555905.626145273,0.0,0.0,6.0,0.0,13332,13332,115,0.008625862586258626,465075067.51092863,255725.9431359722,0.0005498594979615048,0.051145188627194436,0,4260,709098,low_default,1000000.0,5000000.0,5.0,250,FedAvg (federated)
Fin_fl_rl_2,pure_rl,fl_rl,27956276.9759643,5000000.0,27956276.9759733,22956276.9759733,0.0,0.0,18.0,0.0,11694,11694,205,0.017530357448264068,405259829.1354833,408581.1896945104,0.0010081956323332425,0.08171623793890208,0,4260,709098,low_default,1000000.0,5000000.0,5.0,250,FedAvg (federated)
Fin_fl_rl_3,pure_rl,fl_rl,33055081.070812274,5000000.0,33055081.070816636,28055081.070816636,0.0,0.0,6.0,0.0,13774,13774,34,0.002468418759982576,476275426.15643483,66035.34491878576,0.00013864948996359966,0.013207068983757153,0,4260,709098,low_default,1000000.0,5000000.0,5.0,250,FedAvg (federated)
Fin_rl_1,pure_rl,rl,29105670.417343978,5000000.0,29105670.417345453,24105670.417345453,0.0,0.0,17.0,0.0,12551,12551,162,0.012907338060712294,434341846.3160958,422468.15081520524,0.0009726627871534869,0.08449363016304105,0,4257,709098,medium_default,1000000.0,5000000.0,5.0,250,Isolated RL (non-federated)
Fin_rl_2,pure_rl,rl,25269341.446065012,5000000.0,25269341.44606747,20269341.44606747,0.0,0.0,7.0,0.0,10698,10698,291,0.027201346045989904,373622820.8946368,631774.7110261298,0.0016909425112560052,0.12635494220522595,0,4257,709098,medium_default,1000000.0,5000000.0,5.0,250,Isolated RL (non-federated)
Fin_rl_3,pure_rl,rl,27017121.135914735,5000000.0,27017121.135892075,22017121.135892075,0.0,0.0,24.0,0.0,10993,10993,72,0.0065496224870372054,379101936.8514886,180450.75052257325,0.0004759953273287126,0.03609015010451465,0,4257,709098,medium_default,1000000.0,5000000.0,5.0,250,Isolated RL (non-federated)
Fin_fl_rl_1,pure_rl,fl_rl,21277602.573377177,5000000.0,21277602.573376812,16277602.573376812,0.0,0.0,17.0,0.0,9003,9003,376,0.04176385649228035,308744224.76040614,1006321.0165684221,0.003259400292748324,0.20126420331368441,0,4265,709098,medium_default,1000000.0,5000000.0,5.0,250,FedAvg (federated)
Fin_fl_rl_2,pure_rl,fl_rl,24196259.33615209,5000000.0,24196259.336161584,19196259.336161584,0.0,0.0,7.0,0.0,9971,9971,423,0.0424230267776552,346201345.9279812,967672.5474877693,0.002795114920463279,0.19353450949755385,0,4265,709098,medium_default,1000000.0,5000000.0,5.0,250,FedAvg (federated)
Fin_fl_rl_3,pure_rl,fl_rl,35171566.436656326,5000000.0,35171566.43665315,30171566.436653152,0.0,0.0,9.0,0.0,14771,14771,120,0.00812402680928847,509848294.17358536,305201.9378457141,0.0005986132371795356,0.06104038756914282,0,4265,709098,medium_default,1000000.0,5000000.0,5.0,250,FedAvg (federated)
Fin_rl_1,pure_rl,rl,21005984.606320865,5000000.0,21005984.606312405,16005984.606312405,0.0,0.0,7.0,0.0,9491,9491,416,0.043830997787377514,330155844.3315087,1459397.4961549104,0.004420329130050271,0.2918794992309821,0,4267,709098,high_default,1000000.0,5000000.0,5.0,250,Isolated RL (non-federated)
Fin_rl_2,pure_rl,rl,22523414.49723026,5000000.0,22523414.49722971,17523414.49722971,0.0,0.0,17.0,0.0,9890,9890,403,0.040748230535894846,342614733.5524276,1095221.5461420733,0.0031966562990043755,0.21904430922841467,0,4267,709098,high_default,1000000.0,5000000.0,5.0,250,Isolated RL (non-federated)
Fin_rl_3,pure_rl,rl,26864960.737523172,5000000.0,26864960.737513635,21864960.737513635,0.0,0.0,7.0,0.0,11667,11667,270,0.023142195937258934,401871841.5093243,836068.7113003551,0.0020804361613401485,0.16721374226007102,0,4267,709098,high_default,1000000.0,5000000.0,5.0,250,Isolated RL (non-federated)
Fin_fl_rl_1,pure_rl,fl_rl,22370952.66529354,5000000.0,22370952.665292755,17370952.665292755,0.0,0.0,7.0,0.0,10129,10129,392,0.038700760193503804,354938494.00904506,1300372.6717782086,0.003663656362234609,0.2600745343556417,0,4261,709098,high_default,1000000.0,5000000.0,5.0,250,FedAvg (federated)
Fin_fl_rl_2,pure_rl,fl_rl,20710739.065118622,5000000.0,20710739.06511869,15710739.06511869,0.0,0.0,17.0,0.0,8837,8837,471,0.053298630757044246,305113396.2538358,1242906.0282199283,0.004073587208822211,0.24858120564398564,0,4261,709098,high_default,1000000.0,5000000.0,5.0,250,FedAvg (federated)
Fin_fl_rl_3,pure_rl,fl_rl,30462856.221468233,5000000.0,30462856.221475564,25462856.221475564,0.0,0.0,6.0,0.0,13293,13293,208,0.015647333182878205,456077154.4443908,628276.990615524,0.0013775673359059458,0.1256553981231048,0,4261,709098,high_default,1000000.0,5000000.0,5.0,250,FedAvg (federated)
Fin_rl_1,pure_rl,rl,66337637.0732355,25000000.0,66337637.07324298,41337637.07324298,0.0,0.0,17.0,0.0,23597,23597,0,0.0,827516131.2627292,0,0.0,0.0,0,4267,709098,none_default,5000000.0,25000000.0,5.0,250,Isolated RL (non-federated)
Fin_rl_2,pure_rl,rl,59775957.35407848,25000000.0,59775957.35410776,34775957.35410776,0.0,0.0,10.0,0.0,22914,22914,0,0.0,803224989.9253123,0,0.0,0.0,0,4267,709098,none_default,5000000.0,25000000.0,5.0,250,Isolated RL (non-federated)
Fin_rl_3,pure_rl,rl,52982715.41246124,25000000.0,52982715.412449434,27982715.412449434,0.0,0.0,21.0,0.0,18327,18327,0,0.0,642334050.8101219,0,0.0,0.0,0,4267,709098,none_default,5000000.0,25000000.0,5.0,250,Isolated RL (non-federated)
Fin_fl_rl_1,pure_rl,fl_rl,65038237.198373616,25000000.0,65038237.1983888,40038237.1983888,0.0,0.0,12.0,0.0,22104,22104,0,0.0,770988094.9877458,0,0.0,0.0,0,4259,709098,none_default,5000000.0,25000000.0,5.0,250,FedAvg (federated)
Fin_fl_rl_2,pure_rl,fl_rl,67566747.6083439,25000000.0,67566747.60832179,42566747.608321786,0.0,0.0,28.0,0.0,23837,23837,0,0.0,834554033.3100431,0,0.0,0.0,0,4259,709098,none_default,5000000.0,25000000.0,5.0,250,FedAvg (federated)
Fin_fl_rl_3,pure_rl,fl_rl,49325818.83086319,25000000.0,49325818.83089856,24325818.83089856,0.0,0.0,21.0,0.0,15166,15166,0,0.0,530249817.4221021,0,0.0,0.0,0,4259,709098,none_default,5000000.0,25000000.0,5.0,250,FedAvg (federated)
Fin_rl_1,pure_rl,rl,49438353.24142996,25000000.0,49438353.24140678,24438353.241406783,0.0,0.0,24.0,0.0,14117,14117,394,0.027909612523907345,493799213.3635382,879999.5158792295,0.001782099873924603,0.03519998063516918,0,4268,709098,low_default,5000000.0,25000000.0,5.0,250,Isolated RL (non-federated)
Fin_rl_2,pure_rl,rl,49486288.4453421,25000000.0,49486288.445340626,24486288.445340626,0.0,0.0,11.0,0.0,14210,14210,584,0.04109781843771992,496969631.82485926,1137307.166458133,0.002288484232491171,0.04549228665832532,0,4268,709098,low_default,5000000.0,25000000.0,5.0,250,Isolated RL (non-federated)
Fin_rl_3,pure_rl,rl,73894021.67763142,25000000.0,73894021.67771317,48894021.67771317,0.0,0.0,15.0,0.0,23552,23552,85,0.0036090353260869565,825262549.7461596,186064.56983440038,0.00022546106071532205,0.007442582793376015,0,4268,709098,low_default,5000000.0,25000000.0,5.0,250,Isolated RL (non-federated)
Fin_fl_rl_1,pure_rl,fl_rl,49389108.99581979,25000000.0,49389108.99582619,24389108.995826192,0.0,0.0,22.0,0.0,13443,13443,192,0.014282526221825485,471942534.64278734,444506.3654845608,0.0009418654451669779,0.01778025461938243,0,4247,709098,low_default,5000000.0,25000000.0,5.0,250,FedAvg (federated)
Fin_fl_rl_2,pure_rl,fl_rl,49870870.73336762,25000000.0,49870870.73330889,24870870.73330889,0.0,0.0,18.0,0.0,14271,14271,477,0.033424427159974776,499570762.869543,948653.7348558566,0.0018989376588148862,0.03794614939423426,0,4247,709098,low_default,5000000.0,25000000.0,5.0,250,FedAvg (federated)
Fin_fl_rl_3,pure_rl,fl_rl,73014162.77650556,25000000.0,73014162.77655375,48014162.77655375,0.0,0.0,21.0,0.0,23176,23176,77,0.0033224024853296514,813334770.7220746,161765.58929569044,0.00019889176648881708,0.006470623571827617,0,4247,709098,low_default,5000000.0,25000000.0,5.0,250,FedAvg (federated)
Fin_rl_1,pure_rl,rl,54653686.8982163,25000000.0,54653686.89819615,29653686.898196153,0.0,0.0,17.0,0.0,16482,16482,443,0.02687780609149375,577650016.2284993,1272184.8993498778,0.0022023454749573543,0.050887395973995116,0,4267,709098,medium_default,5000000.0,25000000.0,5.0,250,Isolated RL (non-federated)
Fin_rl_2,pure_rl,rl,50745418.62987935,25000000.0,50745418.629852235,25745418.629852235,0.0,0.0,22.0,0.0,14713,14713,811,0.055121321280500235,516353040.691813,1937924.8377098306,0.0037531004661333785,0.07751699350839322,0,4267,709098,medium_default,5000000.0,25000000.0,5.0,250,Isolated RL (non-federated)
Fin_rl_3,pure_rl,rl,57072636.232537754,25000000.0,57072636.232522644,32072636.232522644,0.0,0.0,21.0,0.0,16336,16336,296,0.01811949069539667,568871666.0852611,736674.2215616261,0.0012949743597376058,0.029466968862465043,0,4267,709098,medium_default,5000000.0,25000000.0,5.0,250,Isolated RL (non-federated)
Fin_fl_rl_1,pure_rl,fl_rl,51957581.83199526,25000000.0,51957581.831962556,26957581.831962556,0.0,0.0,15.0,0.0,14067,14067,353,0.02509419208075638,491758557.0532203,1068712.9336075939,0.0021732472537166914,0.04274851734430375,0,4258,709098,medium_default,5000000.0,25000000.0,5.0,250,FedAvg (federated)
Fin_fl_rl_2,pure_rl,fl_rl,49523853.52293115,25000000.0,49523853.522966415,24523853.522966415,0.0,0.0,19.0,0.0,13919,13919,707,0.05079387887060852,488327712.1189127,1701068.1338486716,0.00348345607188159,0.06804272535394686,0,4258,709098,medium_default,5000000.0,25000000.0,5.0,250,FedAvg (federated)
Fin_fl_rl_3,pure_rl,fl_rl,63024645.920047574,25000000.0,63024645.920053765,38024645.920053765,0.0,0.0,16.0,0.0,18715,18715,230,0.01228960726689821,655372927.706976,596195.2092663769,0.0009097037489057556,0.023847808370655078,0,4258,709098,medium_default,5000000.0,25000000.0,5.0,250,FedAvg (federated)
Fin_rl_1,pure_rl,rl,41758050.311434574,25000000.0,41758050.311442986,16758050.311442986,0.0,0.0,19.0,0.0,13287,13287,1303,0.09806577858056748,464344803.4756211,4315665.808366208,0.009294097351932115,0.17262663233464834,0,4276,709098,high_default,5000000.0,25000000.0,5.0,250,Isolated RL (non-federated)
Fin_rl_2,pure_rl,rl,45947299.6333264,25000000.0,45947299.63331977,20947299.633319773,0.0,0.0,24.0,0.0,13320,13320,1175,0.08821321321321321,465980111.37730134,3228871.858126357,0.0069292053014510715,0.1291548743250543,0,4276,709098,high_default,5000000.0,25000000.0,5.0,250,Isolated RL (non-federated)
Fin_rl_3,pure_rl,rl,54395411.74487381,25000000.0,54395411.74483347,29395411.74483347,0.0,0.0,22.0,0.0,16331,16331,421,0.02577919294593105,569127119.1996113,1279555.2032606595,0.0022482766329254434,0.05118220813042638,0,4276,709098,high_default,5000000.0,25000000.0,5.0,250,Isolated RL (non-federated)
Fin_fl_rl_1,pure_rl,fl_rl,43470286.625842504,25000000.0,43470286.62586882,18470286.62586882,0.0,0.0,11.0,0.0,12339,12339,1003,0.0812869762541535,433605346.112731,3502559.1763638402,0.008077758283573438,0.14010236705455362,0,4265,709098,high_default,5000000.0,25000000.0,5.0,250,FedAvg (federated)
Fin_fl_rl_2,pure_rl,fl_rl,41638218.06664423,25000000.0,41638218.0666516,16638218.066651598,0.0,0.0,18.0,0.0,10024,10024,822,0.08200319233838788,350216641.868094,2282317.291948777,0.006516872755602493,0.09129269167795108,0,4265,709098,high_default,5000000.0,25000000.0,5.0,250,FedAvg (federated)
Fin_fl_rl_3,pure_rl,fl_rl,60128767.68811803,25000000.0,60128767.688102745,35128767.688102745,0.0,0.0,11.0,0.0,18917,18917,552,0.029180102553258973,660916069.9966546,1716005.5028404964,0.0025964045674501187,0.06864022011361985,0,4265,709098,high_default,5000000.0,25000000.0,5.0,250,FedAvg (federated)
Fin_rl_1,pure_rl,rl,77236314.03929074,50000000.0,77236314.03922164,27236314.039221644,0.0,0.0,7.0,0.0,18465,18465,0,0.0,646420992.1091428,0,0.0,0.0,0,4263,709098,none_default,10000000.0,50000000.0,5.0,250,Isolated RL (non-federated)
Fin_rl_2,pure_rl,rl,86694247.29002503,50000000.0,86694247.28996357,36694247.28996357,0.0,0.0,13.0,0.0,23690,23690,0,0.0,829819511.6463313,0,0.0,0.0,0,4263,709098,none_default,10000000.0,50000000.0,5.0,250,Isolated RL (non-federated)
Fin_rl_3,pure_rl,rl,87730871.41545992,50000000.0,87730871.41544726,37730871.415447265,0.0,0.0,20.0,0.0,23479,23479,0,0.0,821462767.0460621,0,0.0,0.0,0,4263,709098,none_default,10000000.0,50000000.0,5.0,250,Isolated RL (non-federated)
Fin_fl_rl_1,pure_rl,fl_rl,82143095.12804452,50000000.0,82143095.12800236,32143095.12800236,0.0,0.0,23.0,0.0,19282,19282,0,0.0,675018373.3333982,0,0.0,0.0,0,4265,709098,none_default,10000000.0,50000000.0,5.0,250,FedAvg (federated)
Fin_fl_rl_2,pure_rl,fl_rl,95535918.60369559,50000000.0,95535918.60376178,45535918.60376178,0.0,0.0,23.0,0.0,27675,27675,0,0.0,969341284.2835542,0,0.0,0.0,0,4265,709098,none_default,10000000.0,50000000.0,5.0,250,FedAvg (federated)
Fin_fl_rl_3,pure_rl,fl_rl,79343738.77342926,50000000.0,79343738.77339564,29343738.773395643,0.0,0.0,19.0,0.0,17789,17789,0,0.0,621993830.582233,0,0.0,0.0,0,4265,709098,none_default,10000000.0,50000000.0,5.0,250,FedAvg (federated)
Fin_rl_1,pure_rl,rl,76350312.03352848,50000000.0,76350312.03338833,26350312.03338833,0.0,0.0,25.0,0.0,14295,14295,328,0.022945085694298706,499821020.4108795,738063.0722226163,0.0014766547265576968,0.014761261444452325,0,4270,709098,low_default,10000000.0,50000000.0,5.0,250,Isolated RL (non-federated)
Fin_rl_2,pure_rl,rl,80990954.57655129,50000000.0,80990954.57654013,30990954.576540127,0.0,0.0,23.0,0.0,17397,17397,665,0.03822498131861815,608795780.1008204,1345685.3937870797,0.002210405258663629,0.026913707875741596,0,4270,709098,low_default,10000000.0,50000000.0,5.0,250,Isolated RL (non-federated)
Fin_rl_3,pure_rl,rl,92594632.66167009,50000000.0,92594632.66175807,42594632.661758065,0.0,0.0,26.0,0.0,21518,21518,207,0.00961985314620318,753952082.8062887,479755.69067823206,0.000636321195496312,0.009595113813564642,0,4270,709098,low_default,10000000.0,50000000.0,5.0,250,Isolated RL (non-federated)
Fin_fl_rl_1,pure_rl,fl_rl,83924691.3986472,50000000.0,83924691.39863423,33924691.398634225,0.0,0.0,19.0,0.0,17484,17484,285,0.016300617707618394,613028521.57095,621001.7532994478,0.0010130062981540656,0.012420035065988957,0,4264,709098,low_default,10000000.0,50000000.0,5.0,250,FedAvg (federated)
Fin_fl_rl_2,pure_rl,fl_rl,75886478.23578052,50000000.0,75886478.23581664,25886478.235816643,0.0,0.0,20.0,0.0,13472,13472,268,0.01989311163895487,471617637.9120492,528593.3159726135,0.001120809048433404,0.010571866319452271,0,4264,709098,low_default,10000000.0,50000000.0,5.0,250,FedAvg (federated)
Fin_fl_rl_3,pure_rl,fl_rl,91727559.86251801,50000000.0,91727559.86251292,41727559.86251292,0.0,0.0,24.0,0.0,19918,19918,103,0.005171201927904408,698160932.8617784,223053.99263435707,0.00031948793198733336,0.004461079852687141,0,4264,709098,low_default,10000000.0,50000000.0,5.0,250,FedAvg (federated)
Fin_rl_1,pure_rl,rl,69001709.29368855,50000000.0,69001709.29369451,19001709.29369451,0.0,0.0,16.0,0.0,10382,10382,409,0.03939510691581583,362328247.8065382,1158134.2704989496,0.0031963675962612898,0.02316268540997899,0,4271,709098,medium_default,10000000.0,50000000.0,5.0,250,Isolated RL (non-federated)
Fin_rl_2,pure_rl,rl,74547669.46354878,50000000.0,74547669.46355076,24547669.46355076,0.0,0.0,19.0,0.0,13872,13872,903,0.06509515570934256,486288443.17373407,2002134.1012234169,0.004117173931086253,0.04004268202446834,0,4271,709098,medium_default,10000000.0,50000000.0,5.0,250,Isolated RL (non-federated)
Fin_rl_3,pure_rl,rl,86893900.88762087,50000000.0,86893900.88765436,36893900.887654364,0.0,0.0,10.0,0.0,18868,18868,802,0.04250582997668009,661596731.3947023,1945156.848420989,0.002940094405122638,0.03890313696841978,0,4271,709098,medium_default,10000000.0,50000000.0,5.0,250,Isolated RL (non-federated)
Fin_fl_rl_1,pure_rl,fl_rl,70776536.98686622,50000000.0,70776536.98697425,20776536.986974254,0.0,0.0,22.0,0.0,12250,12250,399,0.03257142857142857,429510483.3861576,1153691.387812033,0.002686061068210971,0.023073827756240662,0,4265,709098,medium_default,10000000.0,50000000.0,5.0,250,FedAvg (federated)
Fin_fl_rl_2,pure_rl,fl_rl,73576297.31017761,50000000.0,73576297.31009099,23576297.31009099,0.0,0.0,23.0,0.0,14035,14035,841,0.05992162451015319,492022679.0536607,1904338.444135986,0.0038704281839177096,0.038086768882719724,0,4265,709098,medium_default,10000000.0,50000000.0,5.0,250,FedAvg (federated)
Fin_fl_rl_3,pure_rl,fl_rl,91013536.04175389,50000000.0,91013536.04178265,41013536.04178265,0.0,0.0,26.0,0.0,20354,20354,249,0.012233467623071632,712999523.7559677,633453.6789130698,0.0008884349257011237,0.012669073578261395,0,4265,709098,medium_default,10000000.0,50000000.0,5.0,250,FedAvg (federated)
Fin_rl_1,pure_rl,rl,71398194.46178056,50000000.0,71398194.4617397,21398194.461739704,0.0,0.0,22.0,0.0,12498,12498,826,0.06609057449191871,438826166.3529615,2731982.6999160885,0.006225660430920316,0.05463965399832177,0,4259,709098,high_default,10000000.0,50000000.0,5.0,250,Isolated RL (non-federated)
Fin_rl_2,pure_rl,rl,66562173.333905295,50000000.0,66562173.33386278,16562173.333862782,0.0,0.0,11.0,0.0,10633,10633,1277,0.12009780870873694,372021931.78584296,3582487.535515041,0.00962977510040275,0.07164975071030082,0,4259,709098,high_default,10000000.0,50000000.0,5.0,250,Isolated RL (non-federated)
Fin_rl_3,pure_rl,rl,86088652.56391875,50000000.0,86088652.56384303,36088652.56384303,0.0,0.0,19.0,0.0,18614,18614,496,0.026646610078435586,651743642.8354652,1569007.8748893226,0.002407400351560351,0.03138015749778645,0,4259,709098,high_default,10000000.0,50000000.0,5.0,250,Isolated RL (non-federated)
Fin_fl_rl_1,pure_rl,fl_rl,65412528.776248954,50000000.0,65412528.77623255,15412528.776232548,0.0,0.0,19.0,0.0,9536,9536,896,0.09395973154362416,334242758.7267975,3046342.963451424,0.00911416293670983,0.06092685926902848,0,4237,709098,high_default,10000000.0,50000000.0,5.0,250,FedAvg (federated)
Fin_fl_rl_2,pure_rl,fl_rl,70898575.26544522,50000000.0,70898575.26544933,20898575.26544933,0.0,0.0,24.0,0.0,12651,12651,987,0.07801754801991938,441482481.0238785,2661924.5413082917,0.006029513413838761,0.05323849082616584,0,4237,709098,high_default,10000000.0,50000000.0,5.0,250,FedAvg (federated)
Fin_fl_rl_3,pure_rl,fl_rl,81468957.46527487,50000000.0,81468957.4652987,31468957.465298697,0.0,0.0,31.0,0.0,16337,16337,367,0.022464344738936156,571933954.3345675,1057609.2313104717,0.0018491807022385592,0.021152184626209432,0,4237,709098,high_default,10000000.0,50000000.0,5.0,250,FedAvg (federated)
Fin_rl_1,pure_rl,rl,36706285.17841942,5000000.0,36706285.17842466,31706285.178424656,0.0,0.0,6.0,0.0,16148,16148,0,0.0,560860299.5013567,0,0.0,0.0,0,4260,436570,none_default,1000000.0,5000000.0,5.0,250,Isolated RL (non-federated)
Fin_rl_2,pure_rl,rl,31065343.233098336,5000000.0,31065343.233099204,26065343.233099204,0.0,0.0,6.0,0.0,13917,13917,0,0.0,480201959.69393265,0,0.0,0.0,0,4260,436570,none_default,1000000.0,5000000.0,5.0,250,Isolated RL (non-federated)
Fin_rl_3,pure_rl,rl,30880977.365173005,5000000.0,30880977.36518309,25880977.36518309,0.0,0.0,22.0,0.0,13771,13771,0,0.0,472232176.5703474,0,0.0,0.0,0,4260,436570,none_default,1000000.0,5000000.0,5.0,250,Isolated RL (non-federated)
Fin_fl_rl_1,pure_rl,fl_rl,35756364.61712603,5000000.0,35756364.61712953,30756364.617129527,0.0,0.0,6.0,0.0,15181,15181,0,0.0,527543094.85987437,0,0.0,0.0,0,4262,436570,none_default,1000000.0,5000000.0,5.0,250,FedAvg (federated)
Fin_fl_rl_2,pure_rl,fl_rl,31216384.51583698,5000000.0,31216384.515845217,26216384.515845217,0.0,0.0,6.0,0.0,14356,14356,0,0.0,491572921.2627419,0,0.0,0.0,0,4262,436570,none_default,1000000.0,5000000.0,5.0,250,FedAvg (federated)
Fin_fl_rl_3,pure_rl,fl_rl,32731929.884501275,5000000.0,32731929.88449955,27731929.88449955,0.0,0.0,11.0,0.0,14367,14367,0,0.0,498514877.3473204,0,0.0,0.0,0,4262,436570,none_default,1000000.0,5000000.0,5.0,250,FedAvg (federated)
Fin_rl_1,pure_rl,rl,25288467.104201388,5000000.0,25288467.104195017,20288467.104195017,0.0,0.0,6.0,0.0,11241,11241,128,0.011386887287607865,390325290.5492281,268661.0668807317,0.0006883004339859654,0.053732213376146344,0,4259,436570,low_default,1000000.0,5000000.0,5.0,250,Isolated RL (non-federated)
Fin_rl_2,pure_rl,rl,30212849.16719957,5000000.0,30212849.16718649,25212849.16718649,0.0,0.0,12.0,0.0,12922,12922,155,0.011995047206314812,445050466.5910997,273875.51787499053,0.000615380812816044,0.0547751035749981,0,4259,436570,low_default,1000000.0,5000000.0,5.0,250,Isolated RL (non-federated)
Fin_rl_3,pure_rl,rl,35043194.16140272,5000000.0,35043194.161401376,30043194.161401376,0.0,0.0,6.0,0.0,14021,14021,149,0.010626916767705585,485322160.93086374,282452.28095665935,0.0005819892510469884,0.05649045619133187,0,4259,436570,low_default,1000000.0,5000000.0,5.0,250,Isolated RL (non-federated)
Fin_fl_rl_1,pure_rl,fl_rl,30115463.827560592,5000000.0,30115463.827561907,25115463.827561907,0.0,0.0,6.0,0.0,13040,13040,201,0.015414110429447852,453483190.4136022,448798.42629011476,0.0009896693764564577,0.08975968525802296,0,4269,436570,low_default,1000000.0,5000000.0,5.0,250,FedAvg (federated)
Fin_fl_rl_2,pure_rl,fl_rl,28734383.426288307,5000000.0,28734383.42629483,23734383.42629483,0.0,0.0,12.0,0.0,11886,11886,303,0.025492175668854113,411687278.4924449,572193.9813117206,0.0013898753039128006,0.11443879626234411,0,4269,436570,low_default,1000000.0,5000000.0,5.0,250,FedAvg (federated)
Fin_fl_rl_3,pure_rl,fl_rl,31873699.22014898,5000000.0,31873699.22015172,26873699.22015172,0.0,0.0,6.0,0.0,12966,12966,92,0.007095480487428659,447919687.74037427,198655.38328578763,0.00044350670158739124,0.03973107665715753,0,4269,436570,low_default,1000000.0,5000000.0,5.0,250,FedAvg (federated)
Fin_rl_1,pure_rl,rl,25329998.909508724,5000000.0,25329998.909514397,20329998.909514397,0.0,0.0,13.0,0.0,11196,11196,309,0.02759914255091104,388308310.1624803,805003.3348371142,0.0020731035462523985,0.16100066696742285,0,4259,436570,medium_default,1000000.0,5000000.0,5.0,250,Isolated RL (non-federated)
Fin_rl_2,pure_rl,rl,21080894.67282732,5000000.0,21080894.67282736,16080894.67282736,0.0,0.0,7.0,0.0,7983,7983,503,0.06300889389953651,279638823.6805664,1084205.3447323954,0.0038771631580416448,0.2168410689464791,0,4259,436570,medium_default,1000000.0,5000000.0,5.0,250,Isolated RL (non-federated)
Fin_rl_3,pure_rl,rl,32679936.9989923,5000000.0,32679936.99898176,27679936.99898176,0.0,0.0,22.0,0.0,14420,14420,336,0.02330097087378641,495520154.39844584,815430.9110899793,0.0016456059432736908,0.16308618221799587,0,4259,436570,medium_default,1000000.0,5000000.0,5.0,250,Isolated RL (non-federated)
Fin_fl_rl_1,pure_rl,fl_rl,25383052.220065497,5000000.0,25383052.220063515,20383052.220063515,0.0,0.0,13.0,0.0,10892,10892,311,0.02855306647080426,375657291.98624223,770528.9991198038,0.0020511487878904877,0.15410579982396075,0,4260,436570,medium_default,1000000.0,5000000.0,5.0,250,FedAvg (federated)
Fin_fl_rl_2,pure_rl,fl_rl,19157628.225280438,5000000.0,19157628.225280453,14157628.225280453,0.0,0.0,18.0,0.0,8175,8175,364,0.044525993883792046,284320128.30478114,820131.4572058271,0.002884535337317642,0.16402629144116543,0,4260,436570,medium_default,1000000.0,5000000.0,5.0,250,FedAvg (federated)
Fin_fl_rl_3,pure_rl,fl_rl,35931776.316667855,5000000.0,35931776.31667274,30931776.316672742,0.0,0.0,22.0,0.0,15261,15261,160,0.010484240875434113,527877994.22076404,397619.06086956226,0.0007532404556028412,0.07952381217391245,0,4260,436570,medium_default,1000000.0,5000000.0,5.0,250,FedAvg (federated)
Fin_rl_1,pure_rl,rl,22511190.79396845,5000000.0,22511190.79396828,17511190.79396828,0.0,0.0,7.0,0.0,9789,9789,328,0.03350699765042395,338269803.0225097,1187153.821758063,0.0035094880215455282,0.23743076435161262,0,4273,436570,high_default,1000000.0,5000000.0,5.0,250,Isolated RL (non-federated)
Fin_rl_2,pure_rl,rl,16028458.011755312,5000000.0,16028458.011754844,11028458.011754844,0.0,0.0,20.0,0.0,6349,6349,557,0.08773035123641518,218238694.8641273,1518892.5662612366,0.006959776620763244,0.3037785132522473,0,4273,436570,high_default,1000000.0,5000000.0,5.0,250,Isolated RL (non-federated)
Fin_rl_3,pure_rl,rl,32246792.559218038,5000000.0,32246792.55922479,27246792.55922479,0.0,0.0,15.0,0.0,14582,14582,279,0.019133177890549993,501574809.55472964,840582.430877048,0.0016758864577415095,0.1681164861754096,0,4273,436570,high_default,1000000.0,5000000.0,5.0,250,Isolated RL (non-federated)
Fin_fl_rl_1,pure_rl,fl_rl,20128772.418128967,5000000.0,20128772.41813035,15128772.41813035,0.0,0.0,15.0,0.0,8585,8585,360,0.041933605125218404,298815279.06623423,1308046.1851134421,0.004377440769431023,0.2616092370226884,0,4259,436570,high_default,1000000.0,5000000.0,5.0,250,FedAvg (federated)
Fin_fl_rl_2,pure_rl,fl_rl,22676922.607221257,5000000.0,22676922.607222397,17676922.607222397,0.0,0.0,20.0,0.0,9317,9317,392,0.042073628850488355,323729805.503023,1095396.4841607995,0.003383675106648685,0.2190792968321599,0,4259,436570,high_default,1000000.0,5000000.0,5.0,250,FedAvg (federated)
Fin_fl_rl_3,pure_rl,fl_rl,29503569.41970469,5000000.0,29503569.419708956,24503569.419708956,0.0,0.0,15.0,0.0,12903,12903,200,0.015500271254746957,442568930.9462262,570740.7074784816,0.0012896086181608368,0.11414814149569631,0,4259,436570,high_default,1000000.0,5000000.0,5.0,250,FedAvg (federated)
Fin_rl_1,pure_rl,rl,59805688.305934146,25000000.0,59805688.30591525,34805688.30591525,0.0,0.0,10.0,0.0,20625,20625,0,0.0,720814771.4195434,0,0.0,0.0,0,4262,436570,none_default,5000000.0,25000000.0,5.0,250,Isolated RL (non-federated)
Fin_rl_2,pure_rl,rl,53521885.8482907,25000000.0,53521885.84826033,28521885.84826033,0.0,0.0,11.0,0.0,18172,18172,0,0.0,634815170.0624192,0,0.0,0.0,0,4262,436570,none_default,5000000.0,25000000.0,5.0,250,Isolated RL (non-federated)
Fin_rl_3,pure_rl,rl,73772804.34355432,25000000.0,73772804.34354687,48772804.34354687,0.0,0.0,14.0,0.0,25689,25689,0,0.0,900868389.2064255,0,0.0,0.0,0,4262,436570,none_default,5000000.0,25000000.0,5.0,250,Isolated RL (non-federated)
Fin_fl_rl_1,pure_rl,fl_rl,73960354.23817967,25000000.0,73960354.23816922,48960354.23816922,0.0,0.0,23.0,0.0,27349,27349,0,0.0,959062813.132289,0,0.0,0.0,0,4271,436570,none_default,5000000.0,25000000.0,5.0,250,FedAvg (federated)
Fin_fl_rl_2,pure_rl,fl_rl,57405986.07050852,25000000.0,57405986.07047479,32405986.07047479,0.0,0.0,21.0,0.0,18805,18805,0,0.0,657717715.1226563,0,0.0,0.0,0,4271,436570,none_default,5000000.0,25000000.0,5.0,250,FedAvg (federated)
Fin_fl_rl_3,pure_rl,fl_rl,52967995.11801284,25000000.0,52967995.11799225,27967995.117992252,0.0,0.0,14.0,0.0,15386,15386,0,0.0,537694111.7437906,0,0.0,0.0,0,4271,436570,none_default,5000000.0,25000000.0,5.0,250,FedAvg (federated)
Fin_rl_1,pure_rl,rl,51509477.613905385,25000000.0,51509477.61390299,26509477.613902994,0.0,0.0,20.0,0.0,15831,15831,354,0.022361190070115597,554025659.0673909,794700.0705756207,0.0014344102255360604,0.03178800282302483,0,4260,436570,low_default,5000000.0,25000000.0,5.0,250,Isolated RL (non-federated)
Fin_rl_2,pure_rl,rl,54935597.07485816,25000000.0,54935597.07487054,29935597.07487054,0.0,0.0,18.0,0.0,17329,17329,316,0.01823532806278493,606956037.1927246,559303.4806833368,0.0009214892783177692,0.022372139227333474,0,4260,436570,low_default,5000000.0,25000000.0,5.0,250,Isolated RL (non-federated)
Fin_rl_3,pure_rl,rl,69126016.52699865,25000000.0,69126016.5270051,44126016.527005106,0.0,0.0,29.0,0.0,21900,21900,160,0.0073059360730593605,765902850.0096904,325457.492037154,0.00042493312569999735,0.01301829968148616,0,4260,436570,low_default,5000000.0,25000000.0,5.0,250,Isolated RL (non-federated)
Fin_fl_rl_1,pure_rl,fl_rl,57106403.48876064,25000000.0,57106403.48878796,32106403.488787957,0.0,0.0,16.0,0.0,17361,17361,268,0.015436898796152296,607636542.5711888,563742.3380726946,0.0009277624016607729,0.022549693522907786,0,4261,436570,low_default,5000000.0,25000000.0,5.0,250,FedAvg (federated)
Fin_fl_rl_2,pure_rl,fl_rl,52659068.658653185,25000000.0,52659068.65868193,27659068.65868193,0.0,0.0,16.0,0.0,15706,15706,359,0.02285750668534318,549260684.3329635,680547.4071349957,0.0012390244314709512,0.027221896285399828,0,4261,436570,low_default,5000000.0,25000000.0,5.0,250,FedAvg (federated)
Fin_fl_rl_3,pure_rl,fl_rl,59807419.56995507,25000000.0,59807419.56990753,34807419.56990753,0.0,0.0,21.0,0.0,18122,18122,117,0.006456241032998565,633029020.8582203,218675.73146460045,0.00034544345402701105,0.008747029258584019,0,4261,436570,low_default,5000000.0,25000000.0,5.0,250,FedAvg (federated)
Fin_rl_1,pure_rl,rl,53327428.9468448,25000000.0,53327428.946867995,28327428.946867995,0.0,0.0,13.0,0.0,16672,16672,666,0.03994721689059501,583333510.6252122,1722271.1496679848,0.002952463930663041,0.06889084598671939,0,4273,436570,medium_default,5000000.0,25000000.0,5.0,250,Isolated RL (non-federated)
Fin_rl_2,pure_rl,rl,45469113.63340814,25000000.0,45469113.63342178,20469113.63342178,0.0,0.0,18.0,0.0,12234,12234,810,0.06620892594409024,426291698.7235318,1806490.0475520229,0.004237685258618203,0.07225960190208092,0,4273,436570,medium_default,5000000.0,25000000.0,5.0,250,Isolated RL (non-federated)
Fin_rl_3,pure_rl,rl,61387773.06649754,25000000.0,61387773.06647872,36387773.06647872,0.0,0.0,14.0,0.0,18964,18964,285,0.01502847500527315,663796733.432317,691168.4462225197,0.0010412350820840452,0.02764673784890079,0,4273,436570,medium_default,5000000.0,25000000.0,5.0,250,Isolated RL (non-federated)
Fin_fl_rl_1,pure_rl,fl_rl,50585276.931277044,25000000.0,50585276.931248516,25585276.931248516,0.0,0.0,20.0,0.0,14354,14354,504,0.03511216385676467,501939673.8662714,1362456.379488656,0.002714382724509732,0.05449825517954624,0,4268,436570,medium_default,5000000.0,25000000.0,5.0,250,FedAvg (federated)
Fin_fl_rl_2,pure_rl,fl_rl,35747562.03259607,25000000.0,35747562.03262227,10747562.03262227,0.0,0.0,20.0,0.0,7317,7317,674,0.0921142544758781,256946452.1628328,1494059.9845204449,0.005814674504918345,0.059762399380817795,0,4268,436570,medium_default,5000000.0,25000000.0,5.0,250,FedAvg (federated)
Fin_fl_rl_3,pure_rl,fl_rl,75471900.64686011,25000000.0,75471900.64692089,50471900.64692089,0.0,0.0,22.0,0.0,24540,24540,181,0.007375713121434393,859204223.7338741,422062.2294788041,0.0004912245748102045,0.016882489179152166,0,4268,436570,medium_default,5000000.0,25000000.0,5.0,250,FedAvg (federated)
Fin_rl_1,pure_rl,rl,45942159.06939183,25000000.0,45942159.06938316,20942159.06938316,0.0,0.0,17.0,0.0,13865,13865,982,0.0708258204111071,486091517.0452609,3369323.7477592495,0.0069314596729436965,0.13477294991036998,0,4274,436570,high_default,5000000.0,25000000.0,5.0,250,Isolated RL (non-federated)
Fin_rl_2,pure_rl,rl,37929731.6091543,25000000.0,37929731.609161414,12929731.609161414,0.0,0.0,17.0,0.0,9900,9900,1345,0.13585858585858585,347079133.8552116,3499277.122996095,0.010082072880981265,0.1399710849198438,0,4274,436570,high_default,5000000.0,25000000.0,5.0,250,Isolated RL (non-federated)
Fin_rl_3,pure_rl,rl,59599804.20838007,25000000.0,59599804.208355024,34599804.208355024,0.0,0.0,24.0,0.0,19045,19045,556,0.02919401417694933,667013812.4789433,1694842.7468662222,0.002540941004755769,0.06779370987464889,0,4274,436570,high_default,5000000.0,25000000.0,5.0,250,Isolated RL (non-federated)
Fin_fl_rl_1,pure_rl,fl_rl,42414930.436359525,25000000.0,42414930.43634609,17414930.43634609,0.0,0.0,13.0,0.0,11797,11797,996,0.08442824446893278,411440878.72225374,3468210.1690620272,0.008429425340118596,0.13872840676248108,0,4263,436570,high_default,5000000.0,25000000.0,5.0,250,FedAvg (federated)
Fin_fl_rl_2,pure_rl,fl_rl,45039808.72847225,25000000.0,45039808.72847377,20039808.728473768,0.0,0.0,14.0,0.0,11995,11995,915,0.07628178407669862,418498370.86800003,2651622.74418815,0.0063360407800117985,0.106064909767526,0,4263,436570,high_default,5000000.0,25000000.0,5.0,250,FedAvg (federated)
Fin_fl_rl_3,pure_rl,fl_rl,55852846.11498904,25000000.0,55852846.11500076,30852846.115000762,0.0,0.0,17.0,0.0,16311,16311,535,0.03279995095334437,571232013.4389676,1610985.488610291,0.002820194685714011,0.06443941954441164,0,4263,436570,high_default,5000000.0,25000000.0,5.0,250,FedAvg (federated)
Fin_rl_1,pure_rl,rl,71778060.69790526,50000000.0,71778060.69796793,21778060.69796793,0.0,0.0,9.0,0.0,14414,14414,0,0.0,504772378.5175321,0,0.0,0.0,0,4264,436570,none_default,10000000.0,50000000.0,5.0,250,Isolated RL (non-federated)
Fin_rl_2,pure_rl,rl,94372897.97485304,50000000.0,94372897.97484663,44372897.97484663,0.0,0.0,20.0,0.0,24902,24902,0,0.0,873509628.93405,0,0.0,0.0,0,4264,436570,none_default,10000000.0,50000000.0,5.0,250,Isolated RL (non-federated)
Fin_rl_3,pure_rl,rl,97801663.61881454,50000000.0,97801663.61869903,47801663.61869903,0.0,0.0,24.0,0.0,24985,24985,0,0.0,876517345.6049086,0,0.0,0.0,0,4264,436570,none_default,10000000.0,50000000.0,5.0,250,Isolated RL (non-federated)
Fin_fl_rl_1,pure_rl,fl_rl,87554214.48349838,50000000.0,87554214.48352177,37554214.483521774,0.0,0.0,22.0,0.0,22401,22401,0,0.0,784091129.3603988,0,0.0,0.0,0,4270,436570,none_default,10000000.0,50000000.0,5.0,250,FedAvg (federated)
Fin_fl_rl_2,pure_rl,fl_rl,83164601.03098556,50000000.0,83164601.03100428,33164601.03100428,0.0,0.0,23.0,0.0,19839,19839,0,0.0,695128379.3004724,0,0.0,0.0,0,4270,436570,none_default,10000000.0,50000000.0,5.0,250,FedAvg (federated)
Fin_fl_rl_3,pure_rl,fl_rl,85595570.88653329,50000000.0,85595570.88653764,35595570.88653764,0.0,0.0,27.0,0.0,20768,20768,0,0.0,726096451.3043404,0,0.0,0.0,0,4270,436570,none_default,10000000.0,50000000.0,5.0,250,FedAvg (federated)
Fin_rl_1,pure_rl,rl,89450589.85813698,50000000.0,89450589.85811566,39450589.85811566,0.0,0.0,26.0,0.0,20964,20964,417,0.019891242129364627,735133269.4168056,972809.2041634741,0.0013233099964788985,0.019456184083269483,0,4268,436570,low_default,10000000.0,50000000.0,5.0,250,Isolated RL (non-federated)
Fin_rl_2,pure_rl,rl,75098184.96284597,50000000.0,75098184.96287403,25098184.962874025,0.0,0.0,22.0,0.0,13331,13331,425,0.03188057910134273,465863350.29042757,908509.4805412972,0.0019501630252195545,0.018170189610825945,0,4268,436570,low_default,10000000.0,50000000.0,5.0,250,Isolated RL (non-federated)
Fin_rl_3,pure_rl,rl,82483653.38204892,50000000.0,82483653.38203299,32483653.38203299,0.0,0.0,18.0,0.0,16563,16563,165,0.009961963412425286,578294998.041922,311092.54923582054,0.0005379478471872737,0.006221850984716411,0,4268,436570,low_default,10000000.0,50000000.0,5.0,250,Isolated RL (non-federated)
Fin_fl_rl_1,pure_rl,fl_rl,79291928.34623964,50000000.0,79291928.34628177,29291928.346281767,0.0,0.0,22.0,0.0,16926,16926,290,0.017133404230178423,591223589.5806708,659473.2904096331,0.0011154380542856364,0.013189465808192661,0,4259,436570,low_default,10000000.0,50000000.0,5.0,250,FedAvg (federated)
Fin_fl_rl_2,pure_rl,fl_rl,72374223.31560975,50000000.0,72374223.31553727,22374223.315537274,0.0,0.0,25.0,0.0,12392,12392,265,0.021384764364105874,433402490.36270446,533814.9873793976,0.0012316841717560513,0.010676299747587952,0,4259,436570,low_default,10000000.0,50000000.0,5.0,250,FedAvg (federated)
Fin_fl_rl_3,pure_rl,fl_rl,97055284.4466961,50000000.0,97055284.44662121,47055284.44662121,0.0,0.0,24.0,0.0,23174,23174,140,0.006041253128506084,810113284.909167,249504.0252246257,0.0003079865864100735,0.004990080504492514,0,4259,436570,low_default,10000000.0,50000000.0,5.0,250,FedAvg (federated)
Fin_rl_1,pure_rl,rl,73954181.24143854,50000000.0,73954181.24146168,23954181.24146168,0.0,0.0,12.0,0.0,14079,14079,1161,0.08246324312806308,492844264.07762873,2895874.486363522,0.005875840904394472,0.057917489727270434,0,4270,436570,medium_default,10000000.0,50000000.0,5.0,250,Isolated RL (non-federated)
Fin_rl_2,pure_rl,rl,73319971.90094453,50000000.0,73319971.90101717,23319971.901017174,0.0,0.0,23.0,0.0,14388,14388,1048,0.07283847650820127,502360579.5618914,2553269.1889139526,0.005082542884118532,0.05106538377827905,0,4270,436570,medium_default,10000000.0,50000000.0,5.0,250,Isolated RL (non-federated)
Fin_rl_3,pure_rl,rl,89847143.76005201,50000000.0,89847143.76002955,39847143.760029554,0.0,0.0,26.0,0.0,19548,19548,245,0.012533251483527727,683879616.6635785,599802.6644207581,0.0008770588416525647,0.011996053288415163,0,4270,436570,medium_default,10000000.0,50000000.0,5.0,250,Isolated RL (non-federated)
Fin_fl_rl_1,pure_rl,fl_rl,75618518.92522909,50000000.0,75618518.92524627,25618518.92524627,0.0,0.0,21.0,0.0,14686,14686,595,0.04051477597712107,511669060.6299033,1728415.6600580055,0.0033779952571886896,0.03456831320116011,0,4268,436570,medium_default,10000000.0,50000000.0,5.0,250,FedAvg (federated)
Fin_fl_rl_2,pure_rl,fl_rl,73558873.54135998,50000000.0,73558873.5413695,23558873.541369498,0.0,0.0,23.0,0.0,12835,12835,399,0.031086871834826647,447514738.3723467,915257.9736788605,0.0020452018563851997,0.01830515947357721,0,4268,436570,medium_default,10000000.0,50000000.0,5.0,250,FedAvg (federated)
Fin_fl_rl_3,pure_rl,fl_rl,87247097.66047785,50000000.0,87247097.66054071,37247097.660540715,0.0,0.0,24.0,0.0,18668,18668,188,0.01007070923505464,653774453.4142808,452076.97785586637,0.0006914876766672868,0.009041539557117327,0,4268,436570,medium_default,10000000.0,50000000.0,5.0,250,FedAvg (federated)
Fin_rl_1,pure_rl,rl,70439632.28653978,50000000.0,70439632.28646997,20439632.286469966,0.0,0.0,9.0,0.0,13095,13095,1300,0.09927453226422299,458229099.5878235,4321790.736946284,0.009431506512427362,0.08643581473892567,0,4259,436570,high_default,10000000.0,50000000.0,5.0,250,Isolated RL (non-federated)
Fin_rl_2,pure_rl,rl,68715186.8823004,50000000.0,68715186.88228768,18715186.88228768,0.0,0.0,23.0,0.0,11414,11414,961,0.08419484843175049,399917416.3199223,2747212.4127802774,0.006869449292957492,0.05494424825560555,0,4259,436570,high_default,10000000.0,50000000.0,5.0,250,Isolated RL (non-federated)
Fin_rl_3,pure_rl,rl,83011542.5241418,50000000.0,83011542.5241811,33011542.524181098,0.0,0.0,24.0,0.0,17228,17228,554,0.03215695379614581,604760709.2030035,1727417.167870116,0.0028563647432496542,0.03454834335740232,0,4259,436570,high_default,10000000.0,50000000.0,5.0,250,Isolated RL (non-federated)
Fin_fl_rl_1,pure_rl,fl_rl,68428362.88349935,50000000.0,68428362.88348082,18428362.883480817,0.0,0.0,16.0,0.0,12547,12547,1306,0.10408862676336973,439636687.378,4383718.854397746,0.009971230746329003,0.08767437708795492,0,4249,436570,high_default,10000000.0,50000000.0,5.0,250,FedAvg (federated)
Fin_fl_rl_2,pure_rl,fl_rl,68086824.17166795,50000000.0,68086824.1716634,18086824.171663404,0.0,0.0,16.0,0.0,11041,11041,981,0.08885064758626936,386550313.5096327,2889333.386104367,0.0074746631554144785,0.05778666772208734,0,4249,436570,high_default,10000000.0,50000000.0,5.0,250,FedAvg (federated)
Fin_fl_rl_3,pure_rl,fl_rl,80602529.23272592,50000000.0,80602529.23273462,30602529.23273462,0.0,0.0,26.0,0.0,15505,15505,497,0.032054176072234764,543154213.8080975,1533027.712417002,0.002822453869351068,0.030660554248340043,0,4249,436570,high_default,10000000.0,50000000.0,5.0,250,FedAvg (federated)
Fin_rl_1,pure_rl,rl,33607652.96190794,5000000.0,33607652.96189717,28607652.961897172,0.0,0.0,6.0,0.0,15455,15455,0,0.0,535946645.94843864,0,0.0,0.0,0,4265,831197,none_default,1000000.0,5000000.0,5.0,250,Isolated RL (non-federated)
Fin_rl_2,pure_rl,rl,31005992.71489564,5000000.0,31005992.714907058,26005992.714907058,0.0,0.0,6.0,0.0,13833,13833,0,0.0,475347155.3892229,0,0.0,0.0,0,4265,831197,none_default,1000000.0,5000000.0,5.0,250,Isolated RL (non-federated)
Fin_rl_3,pure_rl,rl,33227098.11927098,5000000.0,33227098.11927485,28227098.11927485,0.0,0.0,6.0,0.0,15093,15093,0,0.0,522853244.4133648,0,0.0,0.0,0,4265,831197,none_default,1000000.0,5000000.0,5.0,250,Isolated RL (non-federated)
Fin_fl_rl_1,pure_rl,fl_rl,32594159.97064237,5000000.0,32594159.970634878,27594159.970634878,0.0,0.0,6.0,0.0,15143,15143,0,0.0,524305148.5519366,0,0.0,0.0,0,4254,831197,none_default,1000000.0,5000000.0,5.0,250,FedAvg (federated)
Fin_fl_rl_2,pure_rl,fl_rl,31700622.459299862,5000000.0,31700622.45930076,26700622.45930076,0.0,0.0,6.0,0.0,14298,14298,0,0.0,489380543.49441934,0,0.0,0.0,0,4254,831197,none_default,1000000.0,5000000.0,5.0,250,FedAvg (federated)
Fin_fl_rl_3,pure_rl,fl_rl,34301050.8508424,5000000.0,34301050.85083623,29301050.850836232,0.0,0.0,6.0,0.0,15921,15921,0,0.0,550746700.4896541,0,0.0,0.0,0,4254,831197,none_default,1000000.0,5000000.0,5.0,250,FedAvg (federated)
Fin_rl_1,pure_rl,rl,29066113.649785835,5000000.0,29066113.649783563,24066113.649783563,0.0,0.0,8.0,0.0,13305,13305,217,0.016309658023299513,458750015.5646392,484079.97473124746,0.001055215167972107,0.0968159949462495,0,4271,831197,low_default,1000000.0,5000000.0,5.0,250,Isolated RL (non-federated)
Fin_rl_2,pure_rl,rl,23381010.224101312,5000000.0,23381010.224100523,18381010.224100523,0.0,0.0,7.0,0.0,8925,8925,363,0.04067226890756302,311272900.10481954,702853.0625863292,0.002257996318823923,0.14057061251726582,0,4271,831197,low_default,1000000.0,5000000.0,5.0,250,Isolated RL (non-federated)
Fin_rl_3,pure_rl,rl,36024988.56870459,5000000.0,36024988.56869839,31024988.56869839,0.0,0.0,6.0,0.0,15536,15536,52,0.0033470648815653965,535058827.5756234,105943.95719743906,0.0001980043160440434,0.021188791439487813,0,4271,831197,low_default,1000000.0,5000000.0,5.0,250,Isolated RL (non-federated)
Fin_fl_rl_1,pure_rl,fl_rl,26810589.33180364,5000000.0,26810589.33180581,21810589.33180581,0.0,0.0,8.0,0.0,11209,11209,97,0.008653760371130342,387783608.0347919,196313.14274408686,0.0005062440461033455,0.039262628548817374,0,4268,831197,low_default,1000000.0,5000000.0,5.0,250,FedAvg (federated)
Fin_fl_rl_2,pure_rl,fl_rl,26055509.008022886,5000000.0,26055509.008012217,21055509.008012217,0.0,0.0,7.0,0.0,11745,11745,228,0.019412515964240103,407291288.34561014,475252.2313016007,0.0011668607821985178,0.09505044626032014,0,4268,831197,low_default,1000000.0,5000000.0,5.0,250,FedAvg (federated)
Fin_fl_rl_3,pure_rl,fl_rl,39613803.59087095,5000000.0,39613803.59087175,34613803.59087175,0.0,0.0,6.0,0.0,16722,16722,32,0.0019136466929793087,578865806.9476665,54376.57194687042,9.393640338439689e-05,0.010875314389374084,0,4268,831197,low_default,1000000.0,5000000.0,5.0,250,FedAvg (federated)
Fin_rl_1,pure_rl,rl,26840275.097688153,5000000.0,26840275.097692568,21840275.097692568,0.0,0.0,8.0,0.0,11718,11718,410,0.034988905956647894,402415021.3266257,1088906.6126168033,0.0027059293388876186,0.21778132252336066,0,4266,831197,medium_default,1000000.0,5000000.0,5.0,250,Isolated RL (non-federated)
Fin_rl_2,pure_rl,rl,30287016.193667453,5000000.0,30287016.193671457,25287016.193671457,0.0,0.0,25.0,0.0,12127,12127,186,0.015337676259586047,423013046.4806839,385113.8178061201,0.0009104064780273995,0.07702276356122402,0,4266,831197,medium_default,1000000.0,5000000.0,5.0,250,Isolated RL (non-federated)
Fin_rl_3,pure_rl,rl,25457039.496324643,5000000.0,25457039.496326473,20457039.496326473,0.0,0.0,27.0,0.0,10264,10264,90,0.008768511301636788,351280223.6583265,228004.03791931353,0.0006490659666087043,0.04560080758386271,0,4266,831197,medium_default,1000000.0,5000000.0,5.0,250,Isolated RL (non-federated)
Fin_fl_rl_1,pure_rl,fl_rl,24125323.33629347,5000000.0,24125323.33629388,19125323.33629388,0.0,0.0,8.0,0.0,11023,11023,478,0.043363875532976506,380815355.477361,1227444.4086391837,0.003223200931854634,0.24548888172783676,0,4256,831197,medium_default,1000000.0,5000000.0,5.0,250,FedAvg (federated)
Fin_fl_rl_2,pure_rl,fl_rl,25296223.224246457,5000000.0,25296223.22424453,20296223.22424453,0.0,0.0,25.0,0.0,10690,10690,367,0.034331150608044904,371309881.0078079,856536.6820007851,0.0023067974374287492,0.17130733640015702,0,4256,831197,medium_default,1000000.0,5000000.0,5.0,250,FedAvg (federated)
Fin_fl_rl_3,pure_rl,fl_rl,33874531.43154093,5000000.0,33874531.43153629,28874531.431536287,0.0,0.0,7.0,0.0,14850,14850,101,0.006801346801346801,511458097.317773,262858.4233553719,0.0005139393133745928,0.052571684671074384,0,4256,831197,medium_default,1000000.0,5000000.0,5.0,250,FedAvg (federated)
Fin_rl_1,pure_rl,rl,21219804.67236205,5000000.0,21219804.67236227,16219804.672362272,0.0,0.0,19.0,0.0,9265,9265,603,0.06508364813815434,321777557.8124285,1949867.891181427,0.006059676456112734,0.3899735782362854,0,4263,831197,high_default,1000000.0,5000000.0,5.0,250,Isolated RL (non-federated)
Fin_rl_2,pure_rl,rl,21100738.224774607,5000000.0,21100738.22477911,16100738.22477911,0.0,0.0,7.0,0.0,9644,9644,676,0.07009539610120281,330590128.1810745,1853913.324171942,0.0056078907569692945,0.3707826648343884,0,4263,831197,high_default,1000000.0,5000000.0,5.0,250,Isolated RL (non-federated)
Fin_rl_3,pure_rl,rl,25674034.34207398,5000000.0,25674034.34207462,20674034.34207462,0.0,0.0,14.0,0.0,10721,10721,282,0.02630351646301651,370309319.2000485,855948.2817360344,0.0023114413744300994,0.1711896563472069,0,4263,831197,high_default,1000000.0,5000000.0,5.0,250,Isolated RL (non-federated)
Fin_fl_rl_1,pure_rl,fl_rl,21542063.661291428,5000000.0,21542063.661293793,16542063.661293793,0.0,0.0,19.0,0.0,9798,9798,475,0.04847928148601755,339512504.85927796,1698715.746883365,0.0050033967013599495,0.339743149376673,0,4255,831197,high_default,1000000.0,5000000.0,5.0,250,FedAvg (federated)
Fin_fl_rl_2,pure_rl,fl_rl,21740599.08500264,5000000.0,21740599.084995694,16740599.084995694,0.0,0.0,7.0,0.0,9410,9410,470,0.04994686503719448,328047892.9891286,1288929.589712135,0.003929089676411516,0.257785917942427,0,4255,831197,high_default,1000000.0,5000000.0,5.0,250,FedAvg (federated)
Fin_fl_rl_3,pure_rl,fl_rl,29088958.937295455,5000000.0,29088958.937290512,24088958.937290512,0.0,0.0,19.0,0.0,12713,12713,235,0.01848501533862975,438386870.63981044,684118.2869487106,0.0015605355286992598,0.13682365738974211,0,4255,831197,high_default,1000000.0,5000000.0,5.0,250,FedAvg (federated)
Fin_rl_1,pure_rl,rl,59178441.9022797,25000000.0,59178441.90230271,34178441.90230271,0.0,0.0,9.0,0.0,22214,22214,0,0.0,776245024.2122828,0,0.0,0.0,0,4268,831197,none_default,5000000.0,25000000.0,5.0,250,Isolated RL (non-federated)
Fin_rl_2,pure_rl,rl,45984835.33987415,25000000.0,45984835.33989824,20984835.339898244,0.0,0.0,18.0,0.0,14826,14826,0,0.0,517666307.3679427,0,0.0,0.0,0,4268,831197,none_default,5000000.0,25000000.0,5.0,250,Isolated RL (non-federated)
Fin_rl_3,pure_rl,rl,72019049.65376885,25000000.0,72019049.65374467,47019049.65374467,0.0,0.0,14.0,0.0,28996,28996,0,0.0,1015329731.091421,0,0.0,0.0,0,4268,831197,none_default,5000000.0,25000000.0,5.0,250,Isolated RL (non-federated)
Fin_fl_rl_1,pure_rl,fl_rl,52337172.30084182,25000000.0,52337172.300812826,27337172.300812826,0.0,0.0,33.0,0.0,17506,17506,0,0.0,609606454.3641322,0,0.0,0.0,0,4265,831197,none_default,5000000.0,25000000.0,5.0,250,FedAvg (federated)
Fin_fl_rl_2,pure_rl,fl_rl,67297137.03756079,25000000.0,67297137.03757533,42297137.037575334,0.0,0.0,8.0,0.0,25133,25133,0,0.0,880419966.7085879,0,0.0,0.0,0,4265,831197,none_default,5000000.0,25000000.0,5.0,250,FedAvg (federated)
Fin_fl_rl_3,pure_rl,fl_rl,56120137.38222334,25000000.0,56120137.38229121,31120137.382291213,0.0,0.0,21.0,0.0,18177,18177,0,0.0,634512357.6677055,0,0.0,0.0,0,4265,831197,none_default,5000000.0,25000000.0,5.0,250,FedAvg (federated)
Fin_rl_1,pure_rl,rl,55466004.71524268,25000000.0,55466004.71521513,30466004.71521513,0.0,0.0,20.0,0.0,17585,17585,220,0.012510662496445835,616602352.7789901,491924.6857953229,0.0007977989113701036,0.019676987431812915,0,4258,831197,low_default,5000000.0,25000000.0,5.0,250,Isolated RL (non-federated)
Fin_rl_2,pure_rl,rl,53666037.82542377,25000000.0,53666037.825431675,28666037.825431675,0.0,0.0,19.0,0.0,16822,16822,998,0.05932707169183212,588348283.6414291,2046341.6750963905,0.0034781127641455665,0.08185366700385562,0,4258,831197,low_default,5000000.0,25000000.0,5.0,250,Isolated RL (non-federated)
Fin_rl_3,pure_rl,rl,66035341.68078236,25000000.0,66035341.68075979,41035341.68075979,0.0,0.0,23.0,0.0,20578,20578,119,0.005782874914957722,721642760.1285095,237410.40011309966,0.000328986048541278,0.009496416004523986,0,4258,831197,low_default,5000000.0,25000000.0,5.0,250,Isolated RL (non-federated)
Fin_fl_rl_1,pure_rl,fl_rl,42671084.41163883,25000000.0,42671084.41164573,17671084.411645733,0.0,0.0,17.0,0.0,9992,9992,221,0.02211769415532426,349059230.9694956,500552.53355560236,0.001434004573279272,0.020022101342224093,0,4263,831197,low_default,5000000.0,25000000.0,5.0,250,FedAvg (federated)
Fin_fl_rl_2,pure_rl,fl_rl,57733049.54144179,25000000.0,57733049.54145369,32733049.54145369,0.0,0.0,20.0,0.0,18939,18939,766,0.0404456412693384,662728744.5528398,1545396.3095501466,0.002331868539356725,0.06181585238200586,0,4263,831197,low_default,5000000.0,25000000.0,5.0,250,FedAvg (federated)
Fin_fl_rl_3,pure_rl,fl_rl,69664917.64434311,25000000.0,69664917.64432238,44664917.64432238,0.0,0.0,22.0,0.0,23008,23008,139,0.006041376912378303,803544028.5835558,303531.76035141863,0.00037774129301473136,0.012141270414056745,0,4263,831197,low_default,5000000.0,25000000.0,5.0,250,FedAvg (federated)
Fin_rl_1,pure_rl,rl,44846930.667869374,25000000.0,44846930.66787223,19846930.667872228,0.0,0.0,19.0,0.0,12109,12109,618,0.05103641919233628,423999707.4323944,1709574.6540278855,0.004032018475627068,0.06838298616111542,0,4256,831197,medium_default,5000000.0,25000000.0,5.0,250,Isolated RL (non-federated)
Fin_rl_2,pure_rl,rl,48117183.38545809,25000000.0,48117183.38546064,23117183.385460638,0.0,0.0,8.0,0.0,14074,14074,1153,0.081924115390081,492474973.8704781,2571808.0557399793,0.005222210654741554,0.10287232222959918,0,4256,831197,medium_default,5000000.0,25000000.0,5.0,250,Isolated RL (non-federated)
Fin_rl_3,pure_rl,rl,69913878.22948886,25000000.0,69913878.22951773,44913878.22951773,0.0,0.0,18.0,0.0,23137,23137,233,0.010070449928685655,809126338.0958962,588496.6107161946,0.0007273235130388835,0.023539864428647785,0,4256,831197,medium_default,5000000.0,25000000.0,5.0,250,Isolated RL (non-federated)
Fin_fl_rl_1,pure_rl,fl_rl,42668111.58830237,25000000.0,42668111.58826429,17668111.588264287,0.0,0.0,18.0,0.0,11289,11289,578,0.05120028346177695,395185695.1134982,1625634.136941909,0.004113595600860561,0.06502536547767636,0,4260,831197,medium_default,5000000.0,25000000.0,5.0,250,FedAvg (federated)
Fin_fl_rl_2,pure_rl,fl_rl,48530689.39750512,25000000.0,48530689.39751568,23530689.397515677,0.0,0.0,20.0,0.0,13830,13830,947,0.06847433116413594,484515173.2409029,2149965.170630474,0.004437353646222143,0.08599860682521897,0,4260,831197,medium_default,5000000.0,25000000.0,5.0,250,FedAvg (federated)
Fin_fl_rl_3,pure_rl,fl_rl,68355451.1345943,25000000.0,68355451.1345935,43355451.1345935,0.0,0.0,14.0,0.0,21918,21918,239,0.01090427958755361,766727876.0271465,602493.3430540109,0.0007857981454592102,0.024099733722160434,0,4260,831197,medium_default,5000000.0,25000000.0,5.0,250,FedAvg (federated)
Fin_rl_1,pure_rl,rl,47605029.39635651,25000000.0,47605029.396337636,22605029.396337636,0.0,0.0,8.0,0.0,13147,13147,1032,0.07849699551228417,459067906.481889,3483426.2914142255,0.007588041425308507,0.139337051656569,0,4268,831197,high_default,5000000.0,25000000.0,5.0,250,Isolated RL (non-federated)
Fin_rl_2,pure_rl,rl,38983425.71932051,25000000.0,38983425.71934299,13983425.719342992,0.0,0.0,18.0,0.0,9931,9931,976,0.0982781190212466,347165534.2768902,2757850.694323015,0.007943906932084521,0.1103140277729206,0,4268,831197,high_default,5000000.0,25000000.0,5.0,250,Isolated RL (non-federated)
Fin_rl_3,pure_rl,rl,58271115.69057942,25000000.0,58271115.69055152,33271115.69055152,0.0,0.0,18.0,0.0,16830,16830,335,0.01990493166963755,589233942.714734,1014811.9789423253,0.0017222564848638168,0.04059247915769301,0,4268,831197,high_default,5000000.0,25000000.0,5.0,250,Isolated RL (non-federated)
Fin_fl_rl_1,pure_rl,fl_rl,43701616.1536975,25000000.0,43701616.15370003,18701616.15370003,0.0,0.0,11.0,0.0,13069,13069,910,0.06963042313872522,457747999.87668395,3169029.8921941933,0.006923088452703062,0.12676119568776772,0,4257,831197,high_default,5000000.0,25000000.0,5.0,250,FedAvg (federated)
Fin_fl_rl_2,pure_rl,fl_rl,38461706.33691996,25000000.0,38461706.33691481,13461706.336914808,0.0,0.0,26.0,0.0,9384,9384,968,0.10315430520034101,327899905.638092,2738522.0930265496,0.008351701375751835,0.10954088372106198,0,4257,831197,high_default,5000000.0,25000000.0,5.0,250,FedAvg (federated)
Fin_fl_rl_3,pure_rl,fl_rl,60350998.6014632,25000000.0,60350998.60144558,35350998.60144558,0.0,0.0,23.0,0.0,18690,18690,441,0.02359550561797753,651857945.9865735,1398161.724297022,0.002144887138226003,0.05592646897188088,0,4257,831197,high_default,5000000.0,25000000.0,5.0,250,FedAvg (federated)
Fin_rl_1,pure_rl,rl,89012215.97897539,50000000.0,89012215.97906326,39012215.97906326,0.0,0.0,21.0,0.0,23704,23704,0,0.0,830452725.0051396,0,0.0,0.0,0,4263,831197,none_default,10000000.0,50000000.0,5.0,250,Isolated RL (non-federated)
Fin_rl_2,pure_rl,rl,90120595.74530526,50000000.0,90120595.7452573,40120595.7452573,0.0,0.0,11.0,0.0,24962,24962,0,0.0,872846672.716686,0,0.0,0.0,0,4263,831197,none_default,10000000.0,50000000.0,5.0,250,Isolated RL (non-federated)
Fin_rl_3,pure_rl,rl,75507359.68829843,50000000.0,75507359.68823646,25507359.68823646,0.0,0.0,13.0,0.0,16223,16223,0,0.0,566845665.050127,0,0.0,0.0,0,4263,831197,none_default,10000000.0,50000000.0,5.0,250,Isolated RL (non-federated)
Fin_fl_rl_1,pure_rl,fl_rl,82634242.81734267,50000000.0,82634242.81741665,32634242.817416653,0.0,0.0,24.0,0.0,20108,20108,0,0.0,702943856.9392399,0,0.0,0.0,0,4263,831197,none_default,10000000.0,50000000.0,5.0,250,FedAvg (federated)
Fin_fl_rl_2,pure_rl,fl_rl,82787417.60654597,50000000.0,82787417.60651499,32787417.60651499,0.0,0.0,26.0,0.0,19008,19008,0,0.0,665863446.9340248,0,0.0,0.0,0,4263,831197,none_default,10000000.0,50000000.0,5.0,250,FedAvg (federated)
Fin_fl_rl_3,pure_rl,fl_rl,85736604.44448322,50000000.0,85736604.44451582,35736604.444515824,0.0,0.0,27.0,0.0,22643,22643,0,0.0,791008807.6581682,0,0.0,0.0,0,4263,831197,none_default,10000000.0,50000000.0,5.0,250,FedAvg (federated)
Fin_rl_1,pure_rl,rl,77070002.71694566,50000000.0,77070002.71690457,27070002.716904566,0.0,0.0,22.0,0.0,14725,14725,248,0.016842105263157894,516130054.60370547,569690.3596383173,0.001103772885451781,0.011393807192766345,0,4269,831197,low_default,10000000.0,50000000.0,5.0,250,Isolated RL (non-federated)
Fin_rl_2,pure_rl,rl,79657202.58384627,50000000.0,79657202.58389299,29657202.583892986,0.0,0.0,21.0,0.0,15480,15480,341,0.022028423772609818,540674269.3963819,720307.1322517234,0.0013322386009896252,0.014406142645034469,0,4269,831197,low_default,10000000.0,50000000.0,5.0,250,Isolated RL (non-federated)
Fin_rl_3,pure_rl,rl,92947486.03328381,50000000.0,92947486.0332083,42947486.033208296,0.0,0.0,16.0,0.0,21347,21347,147,0.006886213519464094,747131317.1314361,306680.4217033463,0.00041047726774568437,0.006133608434066926,0,4269,831197,low_default,10000000.0,50000000.0,5.0,250,Isolated RL (non-federated)
Fin_fl_rl_1,pure_rl,fl_rl,77768243.69433236,50000000.0,77768243.69437613,27768243.694376126,0.0,0.0,18.0,0.0,14794,14794,251,0.016966337704474786,518941084.8833904,578437.9897330891,0.001114650596344801,0.011568759794661782,0,4270,831197,low_default,10000000.0,50000000.0,5.0,250,FedAvg (federated)
Fin_fl_rl_2,pure_rl,fl_rl,70025970.833601,50000000.0,70025970.83359247,20025970.833592474,0.0,0.0,18.0,0.0,11691,11691,469,0.04011632879993157,408317894.93287015,982606.570677539,0.0024064744231674816,0.01965213141355078,0,4270,831197,low_default,10000000.0,50000000.0,5.0,250,FedAvg (federated)
Fin_fl_rl_3,pure_rl,fl_rl,93588411.40307797,50000000.0,93588411.4030782,43588411.4030782,0.0,0.0,28.0,0.0,21428,21428,120,0.005600149337315662,749654383.7046837,246896.59214921095,0.0003293472265567016,0.004937931842984219,0,4270,831197,low_default,10000000.0,50000000.0,5.0,250,FedAvg (federated)
Fin_rl_1,pure_rl,rl,57889086.44650099,50000000.0,57889086.44654203,7889086.446542032,0.0,0.0,23.0,0.0,6090,6090,650,0.10673234811165845,213957784.86607498,1727943.010624327,0.008076093196169132,0.03455886021248654,0,4266,831197,medium_default,10000000.0,50000000.0,5.0,250,Isolated RL (non-federated)
Fin_rl_2,pure_rl,rl,77737562.71109098,50000000.0,77737562.71105349,27737562.71105349,0.0,0.0,21.0,0.0,14882,14882,583,0.03917484209111678,520551708.11284274,1257038.3574768298,0.0024148193885175665,0.025140767149536596,0,4266,831197,medium_default,10000000.0,50000000.0,5.0,250,Isolated RL (non-federated)
Fin_rl_3,pure_rl,rl,96266981.32996038,50000000.0,96266981.32995898,46266981.329958975,0.0,0.0,24.0,0.0,22472,22472,331,0.01472944108223567,786368592.1172419,819175.2038328598,0.001041719127702301,0.016383504076657195,0,4266,831197,medium_default,10000000.0,50000000.0,5.0,250,Isolated RL (non-federated)
Fin_fl_rl_1,pure_rl,fl_rl,74278632.47318287,50000000.0,74278632.47323045,24278632.47323045,0.0,0.0,19.0,0.0,13118,13118,477,0.036362250343040095,459408334.6533889,1308838.549096444,0.002848965615924071,0.026176770981928877,0,4251,831197,medium_default,10000000.0,50000000.0,5.0,250,FedAvg (federated)
Fin_fl_rl_2,pure_rl,fl_rl,71335079.12741753,50000000.0,71335079.1273747,21335079.127374694,0.0,0.0,20.0,0.0,13515,13515,1014,0.07502774694783573,472722130.28936136,2289397.761177462,0.004843009485881447,0.04578795522354924,0,4251,831197,medium_default,10000000.0,50000000.0,5.0,250,FedAvg (federated)
Fin_fl_rl_3,pure_rl,fl_rl,91913151.05232897,50000000.0,91913151.05245885,41913151.05245885,0.0,0.0,21.0,0.0,20335,20335,241,0.011851487582985001,710921106.9359564,618421.7143494094,0.0008698879641016485,0.01236843428698819,0,4251,831197,medium_default,10000000.0,50000000.0,5.0,250,FedAvg (federated)
Fin_rl_1,pure_rl,rl,68726250.02004604,50000000.0,68726250.02003013,18726250.020030126,0.0,0.0,23.0,0.0,10341,10341,371,0.03587660767817426,361819047.3547888,1301533.957202752,0.003597195799165618,0.026030679144055036,0,4263,831197,high_default,10000000.0,50000000.0,5.0,250,Isolated RL (non-federated)
Fin_rl_2,pure_rl,rl,72925301.85962813,50000000.0,72925301.85959926,22925301.859599262,0.0,0.0,13.0,0.0,15346,15346,1434,0.09344454580998306,534145822.5677712,3989816.5464625615,0.00746952681813091,0.07979633092925123,0,4263,831197,high_default,10000000.0,50000000.0,5.0,250,Isolated RL (non-federated)
Fin_rl_3,pure_rl,rl,81580868.90925975,50000000.0,81580868.9092726,31580868.909272596,0.0,0.0,26.0,0.0,16755,16755,724,0.04321098179647866,587283785.9245762,2203261.778864775,0.0037516134987383015,0.0440652355772955,0,4263,831197,high_default,10000000.0,50000000.0,5.0,250,Isolated RL (non-federated)
Fin_fl_rl_1,pure_rl,fl_rl,69186604.44470793,50000000.0,69186604.44474648,19186604.44474648,0.0,0.0,24.0,0.0,10821,10821,514,0.0475002310322521,379241912.7565879,1843614.0254693062,0.00486131401476347,0.036872280509386124,0,4257,831197,high_default,10000000.0,50000000.0,5.0,250,FedAvg (federated)
Fin_fl_rl_2,pure_rl,fl_rl,71415238.2225836,50000000.0,71415238.22257374,21415238.222573742,0.0,0.0,21.0,0.0,13855,13855,1436,0.10364489354023818,483963393.59041744,4047566.2170893354,0.008363372665567402,0.08095132434178672,0,4257,831197,high_default,10000000.0,50000000.0,5.0,250,FedAvg (federated)
Fin_fl_rl_3,pure_rl,fl_rl,83339890.11472392,50000000.0,83339890.11474118,33339890.114741176,0.0,0.0,29.0,0.0,16669,16669,355,0.02129701841742156,582130455.8493818,1167531.3488598494,0.0020056180485460325,0.02335062697719699,0,4257,831197,high_default,10000000.0,50000000.0,5.0,250,FedAvg (federated)
Fin_rl_1,pure_rl,rl,74255284.3167527,10000000.0,74255284.31676245,64255284.31676245,0.0,0.0,6.0,0.0,31834,31834,0,0.0,1105037951.9749749,0,0.0,0.0,0,4269,709098,none_default,1000000.0,10000000.0,10.0,500,Isolated RL (non-federated)
Fin_rl_2,pure_rl,rl,69051736.99464214,10000000.0,69051736.99458641,59051736.99458641,0.0,0.0,9.0,0.0,28714,28714,0,0.0,998530414.5129596,0,0.0,0.0,0,4269,709098,none_default,1000000.0,10000000.0,10.0,500,Isolated RL (non-federated)
Fin_rl_3,pure_rl,rl,65269264.54386821,10000000.0,65269264.543870814,55269264.543870814,0.0,0.0,6.0,0.0,27546,27546,0,0.0,958632289.8400496,0,0.0,0.0,0,4269,709098,none_default,1000000.0,10000000.0,10.0,500,Isolated RL (non-federated)
Fin_fl_rl_1,pure_rl,fl_rl,66620041.29079383,10000000.0,66620041.29077637,56620041.29077637,0.0,0.0,6.0,0.0,28640,28640,0,0.0,987876514.2618399,0,0.0,0.0,0,4263,709098,none_default,1000000.0,10000000.0,10.0,500,FedAvg (federated)
Fin_fl_rl_2,pure_rl,fl_rl,71978784.77753815,10000000.0,71978784.77754602,61978784.77754602,0.0,0.0,9.0,0.0,32131,32131,0,0.0,1120985289.4298756,0,0.0,0.0,0,4263,709098,none_default,1000000.0,10000000.0,10.0,500,FedAvg (federated)
Fin_fl_rl_3,pure_rl,fl_rl,67868022.99791375,10000000.0,67868022.99791145,57868022.99791145,0.0,0.0,6.0,0.0,29292,29292,0,0.0,1017378670.5065136,0,0.0,0.0,0,4263,709098,none_default,1000000.0,10000000.0,10.0,500,FedAvg (federated)
Fin_rl_1,pure_rl,rl,51418660.15033411,10000000.0,51418660.1503596,41418660.1503596,0.0,0.0,16.0,0.0,20969,20969,191,0.009108684248175878,729907275.7387598,405293.6629938032,0.0005552673284200299,0.04052936629938032,0,4269,709098,low_default,1000000.0,10000000.0,10.0,500,Isolated RL (non-federated)
Fin_rl_2,pure_rl,rl,59927409.526082315,10000000.0,59927409.526093245,49927409.526093245,0.0,0.0,9.0,0.0,24806,24806,288,0.011610094332016447,863198625.9455975,620524.3183834499,0.0007188662026699728,0.06205243183834499,0,4269,709098,low_default,1000000.0,10000000.0,10.0,500,Isolated RL (non-federated)
Fin_rl_3,pure_rl,rl,73447222.14695157,10000000.0,73447222.14693132,63447222.14693132,0.0,0.0,9.0,0.0,30128,30128,107,0.003551513542219862,1045385566.5871531,228580.70896055084,0.00021865684419844554,0.022858070896055082,0,4269,709098,low_default,1000000.0,10000000.0,10.0,500,Isolated RL (non-federated)
Fin_fl_rl_1,pure_rl,fl_rl,56857091.856255755,10000000.0,56857091.85623372,46857091.85623372,0.0,0.0,16.0,0.0,22629,22629,235,0.01038490432630695,789507097.723465,516616.40887510515,0.0006543530898769155,0.05166164088751051,0,4274,709098,low_default,1000000.0,10000000.0,10.0,500,FedAvg (federated)
Fin_fl_rl_2,pure_rl,fl_rl,60103858.87413068,10000000.0,60103858.87414863,50103858.87414863,0.0,0.0,9.0,0.0,25138,25138,469,0.01865701328665765,877073423.8488085,1025878.0466235768,0.0011696603941341397,0.10258780466235767,0,4274,709098,low_default,1000000.0,10000000.0,10.0,500,FedAvg (federated)
Fin_fl_rl_3,pure_rl,fl_rl,69602193.08685577,10000000.0,69602193.08681472,59602193.08681472,0.0,0.0,9.0,0.0,29155,29155,168,0.005762304921968787,1007453243.8078263,360864.8097443188,0.00035819509437517327,0.03608648097443188,0,4274,709098,low_default,1000000.0,10000000.0,10.0,500,FedAvg (federated)
Fin_rl_1,pure_rl,rl,55875793.313870214,10000000.0,55875793.313886344,45875793.313886344,0.0,0.0,18.0,0.0,23482,23482,392,0.016693637679925048,816813588.8688107,1127994.1842960648,0.0013809689256739743,0.11279941842960647,0,4267,709098,medium_default,1000000.0,10000000.0,10.0,500,Isolated RL (non-federated)
Fin_rl_2,pure_rl,rl,47696701.26471525,10000000.0,47696701.264725044,37696701.264725044,0.0,0.0,14.0,0.0,19888,19888,507,0.025492759452936446,693708525.4005213,1180956.6743841018,0.0017023816648386464,0.11809566743841017,0,4267,709098,medium_default,1000000.0,10000000.0,10.0,500,Isolated RL (non-federated)
Fin_rl_3,pure_rl,rl,66553275.619886845,10000000.0,66553275.61991496,56553275.61991496,0.0,0.0,11.0,0.0,25863,25863,221,0.008545025712407686,899523193.2166123,559069.6127407488,0.0006215177295668911,0.05590696127407488,0,4267,709098,medium_default,1000000.0,10000000.0,10.0,500,Isolated RL (non-federated)
Fin_fl_rl_1,pure_rl,fl_rl,50674795.589089975,10000000.0,50674795.589069776,40674795.589069776,0.0,0.0,18.0,0.0,21243,21243,481,0.0226427529068399,739548494.3140625,1362090.8952608644,0.0018417871251623808,0.13620908952608643,0,4265,709098,medium_default,1000000.0,10000000.0,10.0,500,FedAvg (federated)
Fin_fl_rl_2,pure_rl,fl_rl,50546201.967924036,10000000.0,50546201.96791715,40546201.96791715,0.0,0.0,14.0,0.0,21823,21823,563,0.025798469504651055,757005606.1205865,1289157.0960939245,0.0017029690211945,0.12891570960939244,0,4265,709098,medium_default,1000000.0,10000000.0,10.0,500,FedAvg (federated)
Fin_fl_rl_3,pure_rl,fl_rl,68747957.32177477,10000000.0,68747957.32173598,58747957.32173598,0.0,0.0,13.0,0.0,28013,28013,141,0.0050333773605111915,974886086.3695544,368404.4515125748,0.00037789487065560814,0.03684044515125748,0,4265,709098,medium_default,1000000.0,10000000.0,10.0,500,FedAvg (federated)
Fin_rl_1,pure_rl,rl,47395285.386037715,10000000.0,47395285.386030674,37395285.386030674,0.0,0.0,18.0,0.0,18965,18965,452,0.023833377273925652,658996195.7574512,1491536.4538209348,0.002263346076082519,0.14915364538209347,0,4282,709098,high_default,1000000.0,10000000.0,10.0,500,Isolated RL (non-federated)
Fin_rl_2,pure_rl,rl,45316238.931384765,10000000.0,45316238.93139673,35316238.93139673,0.0,0.0,8.0,0.0,20386,20386,917,0.0449818502894143,711795980.2503475,2560605.815812246,0.0035973872947577604,0.2560605815812246,0,4282,709098,high_default,1000000.0,10000000.0,10.0,500,Isolated RL (non-federated)
Fin_rl_3,pure_rl,rl,57107247.553245366,10000000.0,57107247.5532337,47107247.5532337,0.0,0.0,19.0,0.0,22694,22694,369,0.01625980435357363,788656114.7609253,1160176.2572851933,0.0014710800253376485,0.11601762572851933,0,4282,709098,high_default,1000000.0,10000000.0,10.0,500,Isolated RL (non-federated)
Fin_fl_rl_1,pure_rl,fl_rl,47337996.36471179,10000000.0,47337996.36471662,37337996.36471662,0.0,0.0,12.0,0.0,19308,19308,629,0.032577170084938885,670145363.715806,2262639.9112432105,0.003376341960641761,0.22626399112432105,0,4267,709098,high_default,1000000.0,10000000.0,10.0,500,FedAvg (federated)
Fin_fl_rl_2,pure_rl,fl_rl,49413420.96270931,10000000.0,49413420.96271405,39413420.96271405,0.0,0.0,8.0,0.0,20877,20877,970,0.04646261436030081,725399645.4202175,2775583.1317782095,0.0038262813461541452,0.2775583131778209,0,4267,709098,high_default,1000000.0,10000000.0,10.0,500,FedAvg (federated)
Fin_fl_rl_3,pure_rl,fl_rl,55629354.73073803,10000000.0,55629354.73072606,45629354.73072606,0.0,0.0,9.0,0.0,21424,21424,279,0.013022778192681106,743832982.6165131,814086.7060756179,0.0010944482499444697,0.0814086706075618,0,4267,709098,high_default,1000000.0,10000000.0,10.0,500,FedAvg (federated)
Fin_rl_1,pure_rl,rl,141411469.07582012,50000000.0,141411469.07586294,91411469.07586294,0.0,0.0,18.0,0.0,49485,49485,0,0.0,1731177954.410241,0,0.0,0.0,0,4264,709098,none_default,5000000.0,50000000.0,10.0,500,Isolated RL (non-federated)
Fin_rl_2,pure_rl,rl,127215833.29313268,50000000.0,127215833.29309951,77215833.29309951,0.0,0.0,17.0,0.0,42812,42812,0,0.0,1495091726.8574963,0,0.0,0.0,0,4264,709098,none_default,5000000.0,50000000.0,10.0,500,Isolated RL (non-federated)
Fin_rl_3,pure_rl,rl,117649188.41829658,50000000.0,117649188.41837434,67649188.41837434,0.0,0.0,16.0,0.0,37536,37536,0,0.0,1314762179.4061937,0,0.0,0.0,0,4264,709098,none_default,5000000.0,50000000.0,10.0,500,Isolated RL (non-federated)
Fin_fl_rl_1,pure_rl,fl_rl,142024168.58913326,50000000.0,142024168.58897775,92024168.58897775,0.0,0.0,12.0,0.0,50656,50656,0,0.0,1771217957.4557474,0,0.0,0.0,0,4264,709098,none_default,5000000.0,50000000.0,10.0,500,FedAvg (federated)
Fin_fl_rl_2,pure_rl,fl_rl,126723802.44563013,50000000.0,126723802.44571769,76723802.44571769,0.0,0.0,18.0,0.0,40902,40902,0,0.0,1434470278.2663639,0,0.0,0.0,0,4264,709098,none_default,5000000.0,50000000.0,10.0,500,FedAvg (federated)
Fin_fl_rl_3,pure_rl,fl_rl,112618375.72341461,50000000.0,112618375.72339785,62618375.72339785,0.0,0.0,15.0,0.0,36534,36534,0,0.0,1277476393.920121,0,0.0,0.0,0,4264,709098,none_default,5000000.0,50000000.0,10.0,500,FedAvg (federated)
