financier,apr_strategy,wholesaler_policy,final_wallet,initial_capital,final_capital,capital_change,capital_loss,capital_loss_rate,final_apr,final_utilization,loans_issued,closed_loans,defaults,default_count_rate,total_issued_principal,default_amount,default_amount_to_issued_rate,default_amount_to_initial_capital_rate,outstanding_loans,simulation_end_day,seed,default_scenario,capital_per_financier
Fin_fl_rl_1,pure_rl,fl_rl,5469018.967045753,1000000.0,5469018.967046055,4469018.967046055,0.0,0.0,6.0,0.0,2640,2640,0,0.0,88949737.74581864,0.0,0.0,0.0,0,4253,709098,none_default,1000000.0
Fin_fl_rl_2,pure_rl,fl_rl,5692630.77570139,1000000.0,5692630.77570131,4692630.77570131,0.0,0.0,6.0,0.0,2593,2593,0,0.0,91023326.33761302,0.0,0.0,0.0,0,4253,709098,none_default,1000000.0
Fin_fl_rl_3,pure_rl,fl_rl,5403055.464169456,1000000.0,5403055.46416916,4403055.46416916,0.0,0.0,6.0,0.0,2713,2713,0,0.0,90311945.26806146,0.0,0.0,0.0,0,4253,709098,none_default,1000000.0
Fin_fl_rl_prox_1,pure_rl,fl_rl_prox,5193976.293669863,1000000.0,5193976.293669809,4193976.2936698087,0.0,0.0,6.0,0.0,2406,2406,0,0.0,83370607.54299836,0.0,0.0,0.0,0,4247,709098,none_default,1000000.0
Fin_fl_rl_prox_2,pure_rl,fl_rl_prox,5492748.008913074,1000000.0,5492748.008913278,4492748.008913278,0.0,0.0,6.0,0.0,2677,2677,0,0.0,90097569.11130996,0.0,0.0,0.0,0,4247,709098,none_default,1000000.0
Fin_fl_rl_prox_3,pure_rl,fl_rl_prox,5899283.636294098,1000000.0,5899283.636294211,4899283.636294211,0.0,0.0,6.0,0.0,2794,2794,0,0.0,94409371.64579432,0.0,0.0,0.0,0,4247,709098,none_default,1000000.0
Fin_fl_rl_scaffold_1,pure_rl,fl_rl_scaffold,5586742.936143791,1000000.0,5586742.936143397,4586742.936143397,0.0,0.0,6.0,0.0,2722,2722,0,0.0,91087189.74867868,0.0,0.0,0.0,0,4241,709098,none_default,1000000.0
Fin_fl_rl_scaffold_2,pure_rl,fl_rl_scaffold,5615051.602887468,1000000.0,5615051.602888336,4615051.602888336,0.0,0.0,6.0,0.0,2635,2635,0,0.0,90780927.2105758,0.0,0.0,0.0,0,4241,709098,none_default,1000000.0
Fin_fl_rl_scaffold_3,pure_rl,fl_rl_scaffold,5598632.25857339,1000000.0,5598632.258573428,4598632.258573428,0.0,0.0,6.0,0.0,2666,2666,0,0.0,90119148.5944314,0.0,0.0,0.0,0,4241,709098,none_default,1000000.0
Fin_fl_rl_1,pure_rl,fl_rl,4824662.281107924,1000000.0,4824662.281107701,3824662.281107701,0.0,0.0,6.0,0.0,2451,2451,0,0.0,79790971.38638054,0.0,0.0,0.0,0,4249,436570,none_default,1000000.0
Fin_fl_rl_2,pure_rl,fl_rl,6103888.723921121,1000000.0,6103888.723921161,5103888.723921161,0.0,0.0,6.0,0.0,2946,2946,0,0.0,98307392.72397956,0.0,0.0,0.0,0,4249,436570,none_default,1000000.0
Fin_fl_rl_3,pure_rl,fl_rl,4634330.648539118,1000000.0,4634330.648540251,3634330.648540251,0.0,0.0,6.0,0.0,1933,1933,0,0.0,66682119.58235477,0.0,0.0,0.0,0,4249,436570,none_default,1000000.0
Fin_fl_rl_prox_1,pure_rl,fl_rl_prox,6340420.862500233,1000000.0,6340420.862500299,5340420.862500299,0.0,0.0,6.0,0.0,2836,2836,0,0.0,96351247.7645304,0.0,0.0,0.0,0,4254,436570,none_default,1000000.0
Fin_fl_rl_prox_2,pure_rl,fl_rl_prox,5788051.259286105,1000000.0,5788051.259285873,4788051.259285873,0.0,0.0,6.0,0.0,2911,2911,0,0.0,94443885.78631498,0.0,0.0,0.0,0,4254,436570,none_default,1000000.0
Fin_fl_rl_prox_3,pure_rl,fl_rl_prox,4338145.375234633,1000000.0,4338145.375234697,3338145.375234697,0.0,0.0,6.0,0.0,1761,1761,0,0.0,60735069.866137765,0.0,0.0,0.0,0,4254,436570,none_default,1000000.0
Fin_fl_rl_scaffold_1,pure_rl,fl_rl_scaffold,5353580.144505118,1000000.0,5353580.144504739,4353580.144504739,0.0,0.0,6.0,0.0,2880,2880,0,0.0,92965807.22079404,0.0,0.0,0.0,0,4250,436570,none_default,1000000.0
Fin_fl_rl_scaffold_2,pure_rl,fl_rl_scaffold,5232575.424381494,1000000.0,5232575.424381849,4232575.424381849,0.0,0.0,6.0,0.0,2513,2513,0,0.0,84708440.43087061,0.0,0.0,0.0,0,4250,436570,none_default,1000000.0
Fin_fl_rl_scaffold_3,pure_rl,fl_rl_scaffold,5177538.970635704,1000000.0,5177538.970635605,4177538.970635605,0.0,0.0,6.0,0.0,2258,2258,0,0.0,78978672.98016615,0.0,0.0,0.0,0,4250,436570,none_default,1000000.0
Fin_fl_rl_1,pure_rl,fl_rl,5585699.3099722825,1000000.0,5585699.309972005,4585699.309972005,0.0,0.0,6.0,0.0,2509,2509,0,0.0,87229236.20812762,0.0,0.0,0.0,0,4267,831197,none_default,1000000.0
Fin_fl_rl_2,pure_rl,fl_rl,6091199.415016134,1000000.0,6091199.415015845,5091199.415015845,0.0,0.0,6.0,0.0,2940,2940,0,0.0,98297589.14605454,0.0,0.0,0.0,0,4267,831197,none_default,1000000.0
Fin_fl_rl_3,pure_rl,fl_rl,5853200.618290948,1000000.0,5853200.618290828,4853200.618290828,0.0,0.0,6.0,0.0,2389,2389,0,0.0,82323821.1388427,0.0,0.0,0.0,0,4267,831197,none_default,1000000.0
Fin_fl_rl_prox_1,pure_rl,fl_rl_prox,4358696.223031145,1000000.0,4358696.223031086,3358696.223031086,0.0,0.0,6.0,0.0,1894,1894,0,0.0,64743820.96654219,0.0,0.0,0.0,0,4260,831197,none_default,1000000.0
Fin_fl_rl_prox_2,pure_rl,fl_rl_prox,7200676.236641964,1000000.0,7200676.236642375,6200676.236642375,0.0,0.0,6.0,0.0,3261,3261,0,0.0,110724316.0353,0.0,0.0,0.0,0,4260,831197,none_default,1000000.0
Fin_fl_rl_prox_3,pure_rl,fl_rl_prox,6589069.386883784,1000000.0,6589069.386884338,5589069.386884338,0.0,0.0,6.0,0.0,2698,2698,0,0.0,92429804.50591306,0.0,0.0,0.0,0,4260,831197,none_default,1000000.0
Fin_fl_rl_scaffold_1,pure_rl,fl_rl_scaffold,6743326.752683689,1000000.0,6743326.752683457,5743326.752683457,0.0,0.0,6.0,0.0,2946,2946,0,0.0,103110755.77589288,0.0,0.0,0.0,0,4244,831197,none_default,1000000.0
Fin_fl_rl_scaffold_2,pure_rl,fl_rl_scaffold,6154384.651309999,1000000.0,6154384.651310206,5154384.651310206,0.0,0.0,6.0,0.0,2897,2897,0,0.0,97841851.22286972,0.0,0.0,0.0,0,4244,831197,none_default,1000000.0
Fin_fl_rl_scaffold_3,pure_rl,fl_rl_scaffold,4879875.294702282,1000000.0,4879875.294702546,3879875.2947025457,0.0,0.0,7.0,0.0,2084,2084,0,0.0,70324858.14156245,0.0,0.0,0.0,0,4244,831197,none_default,1000000.0
Fin_fl_rl_1,pure_rl,fl_rl,2946312.155459463,1000000.0,2946312.155459855,1946312.1554598552,0.0,0.0,24.0,0.0,1384,1384,68,0.0491329479768786,46274128.42254362,139284.40022901865,0.003009984303911,0.1392844002290186,0,4242,709098,low_default,1000000.0
Fin_fl_rl_2,pure_rl,fl_rl,4819306.531328946,1000000.0,4819306.531329162,3819306.5313291615,0.0,0.0,6.0,0.0,2358,2358,65,0.0275657336726039,81381411.42258385,145580.12056962188,0.0017888620758084,0.1455801205696218,0,4242,709098,low_default,1000000.0
Fin_fl_rl_3,pure_rl,fl_rl,6761964.341478083,1000000.0,6761964.341478354,5761964.341478354,0.0,0.0,23.0,0.0,3157,3157,19,0.0060183718720304,105921198.60519844,45095.46055045746,0.0004257453762257,0.0450954605504574,0,4242,709098,low_default,1000000.0
Fin_fl_rl_prox_1,pure_rl,fl_rl_prox,2946312.155459463,1000000.0,2946312.155459855,1946312.1554598552,0.0,0.0,24.0,0.0,1384,1384,68,0.0491329479768786,46274128.42254362,139284.40022901865,0.003009984303911,0.1392844002290186,0,4242,709098,low_default,1000000.0
Fin_fl_rl_prox_2,pure_rl,fl_rl_prox,4819306.531328946,1000000.0,4819306.531329162,3819306.5313291615,0.0,0.0,6.0,0.0,2358,2358,65,0.0275657336726039,81381411.42258385,145580.12056962188,0.0017888620758084,0.1455801205696218,0,4242,709098,low_default,1000000.0
Fin_fl_rl_prox_3,pure_rl,fl_rl_prox,6761964.341478083,1000000.0,6761964.341478354,5761964.341478354,0.0,0.0,23.0,0.0,3157,3157,19,0.0060183718720304,105921198.60519844,45095.46055045746,0.0004257453762257,0.0450954605504574,0,4242,709098,low_default,1000000.0
Fin_fl_rl_scaffold_1,pure_rl,fl_rl_scaffold,3310814.262780104,1000000.0,3310814.2627799883,2310814.2627799883,0.0,0.0,24.0,0.0,1551,1551,71,0.0457769181173436,52738605.2795601,159054.03124631284,0.0030158937727531,0.1590540312463128,0,4255,709098,low_default,1000000.0
Fin_fl_rl_scaffold_2,pure_rl,fl_rl_scaffold,4486199.682418028,1000000.0,4486199.682417648,3486199.682417648,0.0,0.0,6.0,0.0,1801,1801,65,0.0360910605219322,63378527.92373112,141175.41961558358,0.0022274960343899,0.1411754196155835,0,4255,709098,low_default,1000000.0
Fin_fl_rl_scaffold_3,pure_rl,fl_rl_scaffold,6605243.783766209,1000000.0,6605243.783765705,5605243.783765705,0.0,0.0,23.0,0.0,3003,3003,17,0.0056610056610056,100273010.18903074,36604.7691954488,0.0003650510653509,0.0366047691954488,0,4255,709098,low_default,1000000.0
Fin_fl_rl_1,pure_rl,fl_rl,4999772.913230661,1000000.0,4999772.913230838,3999772.9132308383,0.0,0.0,6.0,0.0,2014,2014,28,0.0139026812313803,69974667.62251103,53606.3725158552,0.0007660825601207,0.0536063725158552,0,4259,436570,low_default,1000000.0
Fin_fl_rl_2,pure_rl,fl_rl,5084062.112776928,1000000.0,5084062.112777205,4084062.112777205,0.0,0.0,6.0,0.0,2233,2233,51,0.0228392297357814,77830734.92701462,107417.46983482504,0.0013801420471688,0.107417469834825,0,4259,436570,low_default,1000000.0
Fin_fl_rl_3,pure_rl,fl_rl,5236359.657305545,1000000.0,5236359.657305821,4236359.657305821,0.0,0.0,6.0,0.0,2445,2445,31,0.0126789366053169,81233195.05205798,60044.65581548191,0.0007391640298895,0.0600446558154819,0,4259,436570,low_default,1000000.0
Fin_fl_rl_prox_1,pure_rl,fl_rl_prox,3902904.5081139226,1000000.0,3902904.508114249,2902904.508114249,0.0,0.0,15.0,0.0,1517,1517,29,0.019116677653263,54013885.56047364,55269.98633615161,0.0010232551456471,0.0552699863361516,0,4261,436570,low_default,1000000.0
Fin_fl_rl_prox_2,pure_rl,fl_rl_prox,4506756.375586229,1000000.0,4506756.375586524,3506756.375586524,0.0,0.0,6.0,0.0,2348,2348,91,0.0387563884156729,81121214.64582735,203049.43206981884,0.0025030373738401,0.2030494320698188,0,4261,436570,low_default,1000000.0
Fin_fl_rl_prox_3,pure_rl,fl_rl_prox,5765624.234872648,1000000.0,5765624.234872869,4765624.234872869,0.0,0.0,6.0,0.0,2925,2925,21,0.0071794871794871,95178737.71869975,40597.69918172775,0.0004265416851998,0.0405976991817277,0,4261,436570,low_default,1000000.0
Fin_fl_rl_scaffold_1,pure_rl,fl_rl_scaffold,4414315.891786003,1000000.0,4414315.891785006,3414315.891785006,0.0,0.0,6.0,0.0,2102,2102,20,0.0095147478591817,73286822.69700085,36618.667835516026,0.0004996623743249,0.036618667835516,0,4241,436570,low_default,1000000.0
Fin_fl_rl_scaffold_2,pure_rl,fl_rl_scaffold,4340039.941302074,1000000.0,4340039.941303711,3340039.9413037114,0.0,0.0,6.0,0.0,1987,1987,47,0.0236537493709109,68719293.47662579,95284.39923780425,0.0013865741979756,0.0952843992378042,0,4241,436570,low_default,1000000.0
Fin_fl_rl_scaffold_3,pure_rl,fl_rl_scaffold,4650487.855597967,1000000.0,4650487.85559802,3650487.855598021,0.0,0.0,6.0,0.0,2294,2294,35,0.0152571926765475,75397691.59784874,72366.53595881673,0.0009597977660218,0.0723665359588167,0,4241,436570,low_default,1000000.0
Fin_fl_rl_1,pure_rl,fl_rl,3577592.777776538,1000000.0,3577592.777776697,2577592.777776697,0.0,0.0,6.0,0.0,1721,1721,85,0.0493898895990703,57974560.08305123,191942.3075358116,0.0033108023115802,0.1919423075358116,0,4278,831197,low_default,1000000.0
Fin_fl_rl_2,pure_rl,fl_rl,5101198.2879660735,1000000.0,5101198.287966117,4101198.287966117,0.0,0.0,6.0,0.0,2208,2208,65,0.0294384057971014,78274946.12313023,130737.77304098036,0.0016702377902033,0.1307377730409803,0,4278,831197,low_default,1000000.0
Fin_fl_rl_3,pure_rl,fl_rl,6103607.735309134,1000000.0,6103607.735309542,5103607.735309542,0.0,0.0,6.0,0.0,2917,2917,24,0.0082276311278711,96757531.37502477,48359.89493388443,0.0004998049686328,0.0483598949338844,0,4278,831197,low_default,1000000.0
Fin_fl_rl_prox_1,pure_rl,fl_rl_prox,3577592.777776538,1000000.0,3577592.777776697,2577592.777776697,0.0,0.0,6.0,0.0,1721,1721,85,0.0493898895990703,57974560.08305123,191942.3075358116,0.0033108023115802,0.1919423075358116,0,4278,831197,low_default,1000000.0
Fin_fl_rl_prox_2,pure_rl,fl_rl_prox,5101198.2879660735,1000000.0,5101198.287966117,4101198.287966117,0.0,0.0,6.0,0.0,2208,2208,65,0.0294384057971014,78274946.12313023,130737.77304098036,0.0016702377902033,0.1307377730409803,0,4278,831197,low_default,1000000.0
Fin_fl_rl_prox_3,pure_rl,fl_rl_prox,6103607.735309134,1000000.0,6103607.735309542,5103607.735309542,0.0,0.0,6.0,0.0,2917,2917,24,0.0082276311278711,96757531.37502477,48359.89493388443,0.0004998049686328,0.0483598949338844,0,4278,831197,low_default,1000000.0
Fin_fl_rl_scaffold_1,pure_rl,fl_rl_scaffold,4811566.468197206,1000000.0,4811566.468196905,3811566.468196905,0.0,0.0,6.0,0.0,2308,2308,97,0.0420277296360485,78511763.75349301,211820.24808761716,0.0026979428045035,0.2118202480876171,0,4256,831197,low_default,1000000.0
Fin_fl_rl_scaffold_2,pure_rl,fl_rl_scaffold,4377006.205872769,1000000.0,4377006.20587258,3377006.2058725804,0.0,0.0,6.0,0.0,1663,1663,50,0.0300661455201443,58873586.55734824,102960.54189545622,0.0017488409984189,0.1029605418954562,0,4256,831197,low_default,1000000.0
Fin_fl_rl_scaffold_3,pure_rl,fl_rl_scaffold,6108362.410315043,1000000.0,6108362.410315156,5108362.410315156,0.0,0.0,6.0,0.0,2965,2965,24,0.0080944350758853,98242924.22494742,46881.529180047146,0.0004772000584256,0.0468815291800471,0,4256,831197,low_default,1000000.0
Fin_fl_rl_1,pure_rl,fl_rl,3522494.9938295768,1000000.0,3522494.993829244,2522494.993829244,0.0,0.0,6.0,0.0,1552,1552,52,0.0335051546391752,53472294.05190413,138038.39026818957,0.0025814937009098,0.1380383902681895,0,4244,709098,medium_default,1000000.0
Fin_fl_rl_2,pure_rl,fl_rl,3489021.079591169,1000000.0,3489021.0795912324,2489021.0795912324,0.0,0.0,7.0,0.0,1599,1599,72,0.0450281425891182,55266179.52562545,159914.4787089827,0.002893532357069,0.1599144787089827,0,4244,709098,medium_default,1000000.0
Fin_fl_rl_3,pure_rl,fl_rl,5640070.088329195,1000000.0,5640070.0883291615,4640070.0883291615,0.0,0.0,23.0,0.0,2412,2412,18,0.0074626865671641,82217902.8122407,41723.09913843771,0.0005074697567234,0.0417230991384377,0,4244,709098,medium_default,1000000.0
Fin_fl_rl_prox_1,pure_rl,fl_rl_prox,3888703.133095031,1000000.0,3888703.1330942144,2888703.1330942144,0.0,0.0,15.0,0.0,1603,1603,42,0.0262008733624454,55931739.92035956,118640.33921854672,0.0021211630352904,0.1186403392185467,0,4267,709098,medium_default,1000000.0
Fin_fl_rl_prox_2,pure_rl,fl_rl_prox,4371063.308465626,1000000.0,4371063.308465626,3371063.308465626,0.0,0.0,7.0,0.0,1941,1941,63,0.0324574961360123,66971128.30574125,148876.93020943934,0.00222300167215,0.1488769302094393,0,4267,709098,medium_default,1000000.0
Fin_fl_rl_prox_3,pure_rl,fl_rl_prox,4917853.503062401,1000000.0,4917853.503062552,3917853.503062552,0.0,0.0,23.0,0.0,2339,2339,21,0.0089781958101752,79360920.05334479,56500.10741235341,0.0007119386641986,0.0565001074123534,0,4267,709098,medium_default,1000000.0
Fin_fl_rl_scaffold_1,pure_rl,fl_rl_scaffold,4569582.397807549,1000000.0,4569582.39780824,3569582.39780824,0.0,0.0,6.0,0.0,2129,2129,50,0.0234852043212775,74162954.45017277,137335.67783872853,0.0018518096920073,0.1373356778387285,0,4256,709098,medium_default,1000000.0
Fin_fl_rl_scaffold_2,pure_rl,fl_rl_scaffold,3198686.221177239,1000000.0,3198686.221176885,2198686.221176885,0.0,0.0,20.0,0.0,1385,1385,63,0.0454873646209386,47635317.05007606,143542.03515278868,0.0030133532018248,0.1435420351527886,0,4256,709098,medium_default,1000000.0
Fin_fl_rl_scaffold_3,pure_rl,fl_rl_scaffold,4904843.539923107,1000000.0,4904843.539923793,3904843.5399237927,0.0,0.0,23.0,0.0,2148,2148,16,0.0074487895716946,73821758.15050873,38042.5466526783,0.0005153297294155,0.0380425466526783,0,4256,709098,medium_default,1000000.0
Fin_fl_rl_1,pure_rl,fl_rl,4762138.2899980005,1000000.0,4762138.289998584,3762138.289998584,0.0,0.0,14.0,0.0,1986,1986,81,0.0407854984894259,69565317.66753739,175261.25268478104,0.0025193768757354,0.175261252684781,0,4252,436570,medium_default,1000000.0
Fin_fl_rl_2,pure_rl,fl_rl,2938851.728256678,1000000.0,2938851.728256673,1938851.728256673,0.0,0.0,12.0,0.0,1170,1170,113,0.0965811965811965,39030227.16024848,239210.3000793805,0.0061288472418375,0.2392103000793805,0,4252,436570,medium_default,1000000.0
Fin_fl_rl_3,pure_rl,fl_rl,6599721.122143794,1000000.0,6599721.122142915,5599721.122142915,0.0,0.0,6.0,0.0,2920,2920,46,0.0157534246575342,97918064.13381629,99168.74771348816,0.0010127727563931,0.0991687477134881,0,4252,436570,medium_default,1000000.0
Fin_fl_rl_prox_1,pure_rl,fl_rl_prox,5248721.197709108,1000000.0,5248721.197708828,4248721.197708828,0.0,0.0,14.0,0.0,2212,2212,73,0.033001808318264,77283915.57595469,181635.9286441699,0.0023502423148534,0.1816359286441699,0,4245,436570,medium_default,1000000.0
Fin_fl_rl_prox_2,pure_rl,fl_rl_prox,2739198.2190593346,1000000.0,2739198.219059636,1739198.219059636,0.0,0.0,12.0,0.0,1109,1109,94,0.084761045987376,36339294.061855,196411.00711683737,0.0054049208215909,0.1964110071168373,0,4245,436570,medium_default,1000000.0
Fin_fl_rl_prox_3,pure_rl,fl_rl_prox,6490214.402963975,1000000.0,6490214.402964207,5490214.402964207,0.0,0.0,6.0,0.0,2833,2833,51,0.018002117896223,95938364.145979,97912.22785331254,0.0010205742898047,0.0979122278533125,0,4245,436570,medium_default,1000000.0
Fin_fl_rl_scaffold_1,pure_rl,fl_rl_scaffold,4931019.792769271,1000000.0,4931019.79276954,3931019.79276954,0.0,0.0,14.0,0.0,2097,2097,61,0.0290891750119217,73230605.39917527,146612.05779197015,0.0020020598900254,0.1466120577919701,0,4258,436570,medium_default,1000000.0
Fin_fl_rl_scaffold_2,pure_rl,fl_rl_scaffold,2855744.079322084,1000000.0,2855744.0793223446,1855744.0793223449,0.0,0.0,12.0,0.0,1003,1003,98,0.0977068793619142,34787801.54819582,211105.35397725416,0.0060683729520758,0.2111053539772541,0,4258,436570,medium_default,1000000.0
Fin_fl_rl_scaffold_3,pure_rl,fl_rl_scaffold,6805099.745399526,1000000.0,6805099.745398795,5805099.745398795,0.0,0.0,6.0,0.0,2980,2980,51,0.0171140939597315,98562108.23029935,104878.4689462566,0.0010640850812687,0.1048784689462565,0,4258,436570,medium_default,1000000.0
Fin_fl_rl_1,pure_rl,fl_rl,4056967.598734911,1000000.0,4056967.598734827,3056967.598734827,0.0,0.0,6.0,0.0,1960,1960,54,0.0275510204081632,66009279.06969834,122459.71022251516,0.0018551893301729,0.1224597102225151,0,4261,831197,medium_default,1000000.0
Fin_fl_rl_2,pure_rl,fl_rl,4288197.385341262,1000000.0,4288197.385342002,3288197.385342002,0.0,0.0,6.0,0.0,1942,1942,78,0.0401647785787847,68218892.43071254,172431.1919883213,0.0025276164101235,0.1724311919883213,0,4261,831197,medium_default,1000000.0
Fin_fl_rl_3,pure_rl,fl_rl,5583448.18734335,1000000.0,5583448.187343747,4583448.187343747,0.0,0.0,9.0,0.0,2635,2635,36,0.013662239089184,88055037.74305646,84068.05688292327,0.0009547217176629,0.0840680568829232,0,4261,831197,medium_default,1000000.0
Fin_fl_rl_prox_1,pure_rl,fl_rl_prox,3511465.194204452,1000000.0,3511465.1942041977,2511465.1942041977,0.0,0.0,6.0,0.0,1617,1617,50,0.030921459492888,54575377.66911566,110249.84864265371,0.0020201389958505,0.1102498486426537,0,4254,831197,medium_default,1000000.0
Fin_fl_rl_prox_2,pure_rl,fl_rl_prox,3399674.476926812,1000000.0,3399674.4769270075,2399674.4769270075,0.0,0.0,6.0,0.0,1239,1239,51,0.0411622276029055,43131914.843852416,113684.29216382702,0.0026357348746372,0.113684292163827,0,4254,831197,medium_default,1000000.0
Fin_fl_rl_prox_3,pure_rl,fl_rl_prox,4986370.158113153,1000000.0,4986370.158113332,3986370.158113332,0.0,0.0,9.0,0.0,2393,2393,30,0.0125365649811951,80014950.6736721,75507.05994412611,0.0009436618945385,0.0755070599441261,0,4254,831197,medium_default,1000000.0
Fin_fl_rl_scaffold_1,pure_rl,fl_rl_scaffold,4295019.519646219,1000000.0,4295019.519646559,3295019.519646559,0.0,0.0,6.0,0.0,2070,2070,57,0.0275362318840579,71079836.394542,128734.3942296414,0.0018111239524395,0.1287343942296414,0,4246,831197,medium_default,1000000.0
Fin_fl_rl_scaffold_2,pure_rl,fl_rl_scaffold,4201771.140922908,1000000.0,4201771.14092321,3201771.1409232104,0.0,0.0,6.0,0.0,1968,1968,69,0.0350609756097561,68338852.85614061,149661.96921893276,0.0021899982654667,0.1496619692189327,0,4246,831197,medium_default,1000000.0
Fin_fl_rl_scaffold_3,pure_rl,fl_rl_scaffold,5532569.841494207,1000000.0,5532569.84149483,4532569.84149483,0.0,0.0,9.0,0.0,2553,2553,32,0.0125342734038386,85917149.94248226,72365.74829785075,0.0008422736129666,0.0723657482978507,0,4246,831197,medium_default,1000000.0
Fin_fl_rl_1,pure_rl,fl_rl,2725411.260110023,1000000.0,2725411.260110142,1725411.2601101422,0.0,0.0,7.0,0.0,1354,1354,127,0.0937961595273264,47868035.60561411,403545.4132937193,0.0084303733835777,0.4035454132937193,0,4244,709098,high_default,1000000.0
Fin_fl_rl_2,pure_rl,fl_rl,3367326.543398871,1000000.0,3367326.5433987016,2367326.5433987016,0.0,0.0,6.0,0.0,1659,1659,137,0.0825798673899939,57946382.352523126,362351.2213515682,0.0062532155872503,0.3623512213515681,0,4244,709098,high_default,1000000.0
Fin_fl_rl_3,pure_rl,fl_rl,4850827.955936709,1000000.0,4850827.955936863,3850827.955936863,0.0,0.0,6.0,0.0,2404,2404,67,0.0278702163061564,80202020.95106176,189245.34337913917,0.0023596081636722,0.1892453433791391,0,4244,709098,high_default,1000000.0
Fin_fl_rl_prox_1,pure_rl,fl_rl_prox,2751226.585383248,1000000.0,2751226.585383272,1751226.5853832718,0.0,0.0,7.0,0.0,1249,1249,94,0.0752602081665332,43886319.24638885,321340.01887997886,0.0073221000165426,0.3213400188799789,0,4255,709098,high_default,1000000.0
Fin_fl_rl_prox_2,pure_rl,fl_rl_prox,3701765.67136191,1000000.0,3701765.671362088,2701765.671362088,0.0,0.0,6.0,0.0,1847,1847,110,0.0595560368164591,64201504.157134,318349.25475450186,0.004958594957142,0.3183492547545019,0,4255,709098,high_default,1000000.0
Fin_fl_rl_prox_3,pure_rl,fl_rl_prox,5097469.303803287,1000000.0,5097469.303803288,4097469.303803288,0.0,0.0,6.0,0.0,2352,2352,49,0.0208333333333333,79328809.4786672,122998.62803670437,0.0015504912886633,0.1229986280367043,0,4255,709098,high_default,1000000.0
Fin_fl_rl_scaffold_1,pure_rl,fl_rl_scaffold,3196531.9639421324,1000000.0,3196531.963941491,2196531.963941491,0.0,0.0,7.0,0.0,1416,1416,119,0.0840395480225988,49883595.89150174,365891.2472912489,0.0073349011985237,0.3658912472912489,0,4256,709098,high_default,1000000.0
Fin_fl_rl_scaffold_2,pure_rl,fl_rl_scaffold,3351399.2335870317,1000000.0,3351399.233587348,2351399.233587348,0.0,0.0,6.0,0.0,1720,1720,164,0.0953488372093023,59142509.22569567,430251.9660709734,0.0072748344922105,0.4302519660709734,0,4256,709098,high_default,1000000.0
Fin_fl_rl_scaffold_3,pure_rl,fl_rl_scaffold,4849504.622517213,1000000.0,4849504.622517683,3849504.6225176826,0.0,0.0,6.0,0.0,2385,2385,48,0.020125786163522,79631365.32864892,131030.93877462512,0.0016454689459843,0.1310309387746251,0,4256,709098,high_default,1000000.0
Fin_fl_rl_1,pure_rl,fl_rl,3199150.5343023795,1000000.0,3199150.5343024856,2199150.5343024856,0.0,0.0,7.0,0.0,1390,1390,83,0.0597122302158273,48189288.8162929,257915.7100567893,0.0053521377134245,0.2579157100567893,0,4251,436570,high_default,1000000.0
Fin_fl_rl_2,pure_rl,fl_rl,3579992.2815434462,1000000.0,3579992.281543368,2579992.281543368,0.0,0.0,7.0,0.0,1702,1702,53,0.0311398354876615,58572591.26960772,127089.40808986232,0.002169776090405,0.1270894080898623,0,4251,436570,high_default,1000000.0
Fin_fl_rl_3,pure_rl,fl_rl,5566432.241899975,1000000.0,5566432.241900125,4566432.241900125,0.0,0.0,17.0,0.0,2459,2459,22,0.0089467263115087,84510100.89092758,62318.68350219958,0.0007374110650113,0.0623186835021995,0,4251,436570,high_default,1000000.0
Fin_fl_rl_prox_1,pure_rl,fl_rl_prox,3357637.233362556,1000000.0,3357637.2333622817,2357637.2333622817,0.0,0.0,7.0,0.0,1609,1609,82,0.0509633312616532,55140598.85721923,251524.73502153944,0.004561516201027,0.2515247350215394,0,4260,436570,high_default,1000000.0
Fin_fl_rl_prox_2,pure_rl,fl_rl_prox,3863212.695177839,1000000.0,3863212.6951776026,2863212.6951776026,0.0,0.0,7.0,0.0,1988,1988,77,0.0387323943661971,67921167.27004144,200237.1168512582,0.0029480812079561,0.2002371168512582,0,4260,436570,high_default,1000000.0
Fin_fl_rl_prox_3,pure_rl,fl_rl_prox,4931963.8613946205,1000000.0,4931963.861395122,3931963.8613951216,0.0,0.0,17.0,0.0,2000,2000,26,0.013,69221999.64991058,74586.86280892775,0.0010775022852005,0.0745868628089277,0,4260,436570,high_default,1000000.0
Fin_fl_rl_scaffold_1,pure_rl,fl_rl_scaffold,3404155.6069808044,1000000.0,3404155.6069803056,2404155.6069803056,0.0,0.0,7.0,0.0,1586,1586,76,0.0479192938209331,54664009.502723,258246.09161332675,0.0047242435006613,0.2582460916133267,0,4263,436570,high_default,1000000.0
Fin_fl_rl_scaffold_2,pure_rl,fl_rl_scaffold,3646301.1600122834,1000000.0,3646301.160012804,2646301.1600128035,0.0,0.0,7.0,0.0,1970,1970,67,0.0340101522842639,66633148.83329511,173445.26206412312,0.0026029876285458,0.1734452620641231,0,4263,436570,high_default,1000000.0
Fin_fl_rl_scaffold_3,pure_rl,fl_rl_scaffold,5203655.807093353,1000000.0,5203655.807093414,4203655.807093414,0.0,0.0,17.0,0.0,2054,2054,21,0.0102239532619279,70645805.63348702,57291.07687118543,0.0008109621846258,0.0572910768711854,0,4263,436570,high_default,1000000.0
Fin_fl_rl_1,pure_rl,fl_rl,3569626.666256244,1000000.0,3569626.6662557377,2569626.6662557377,0.0,0.0,6.0,0.0,1502,1502,90,0.0599201065246338,52309554.423481815,277542.588591758,0.0053057723708533,0.277542588591758,0,4257,831197,high_default,1000000.0
Fin_fl_rl_2,pure_rl,fl_rl,2589445.144081324,1000000.0,2589445.144081765,1589445.1440817649,0.0,0.0,7.0,0.0,1035,1035,126,0.1217391304347826,36941427.70554838,346620.8488586602,0.0093829846431896,0.3466208488586602,0,4257,831197,high_default,1000000.0
Fin_fl_rl_3,pure_rl,fl_rl,5172174.577005811,1000000.0,5172174.577005779,4172174.5770057794,0.0,0.0,7.0,0.0,2157,2157,47,0.0217895224849327,72502227.31735857,131942.36483762736,0.0018198387790224,0.1319423648376273,0,4257,831197,high_default,1000000.0
Fin_fl_rl_prox_1,pure_rl,fl_rl_prox,2791289.8180669104,1000000.0,2791289.8180672545,1791289.8180672545,0.0,0.0,6.0,0.0,1133,1133,82,0.0723742277140335,40417122.97929681,293355.0467040853,0.0072581872503481,0.2933550467040853,0,4245,831197,high_default,1000000.0
Fin_fl_rl_prox_2,pure_rl,fl_rl_prox,3301238.8730352595,1000000.0,3301238.873035812,2301238.873035812,0.0,0.0,7.0,0.0,1393,1393,113,0.0811198851399856,48561461.76898675,293491.606214328,0.0060437144089794,0.293491606214328,0,4245,831197,high_default,1000000.0
Fin_fl_rl_prox_3,pure_rl,fl_rl_prox,5755596.078291338,1000000.0,5755596.078291369,4755596.078291369,0.0,0.0,7.0,0.0,2662,2662,48,0.0180315552216378,88226186.14836614,129234.74911276685,0.0014648116931569,0.1292347491127668,0,4245,831197,high_default,1000000.0
Fin_fl_rl_scaffold_1,pure_rl,fl_rl_scaffold,3301849.4856042606,1000000.0,3301849.485604085,2301849.485604085,0.0,0.0,6.0,0.0,1231,1231,82,0.066612510154346,43526003.687705785,289962.11002663104,0.0066618132945784,0.289962110026631,0,4241,831197,high_default,1000000.0
Fin_fl_rl_scaffold_2,pure_rl,fl_rl_scaffold,3157787.93193182,1000000.0,3157787.9319323245,2157787.9319323245,0.0,0.0,7.0,0.0,1340,1340,143,0.1067164179104477,47071883.66654218,372543.60954839946,0.0079143552484005,0.3725436095483994,0,4241,831197,high_default,1000000.0
Fin_fl_rl_scaffold_3,pure_rl,fl_rl_scaffold,5196502.092151429,1000000.0,5196502.0921512805,4196502.0921512805,0.0,0.0,7.0,0.0,2487,2487,61,0.0245275432247687,81731944.49734147,167547.06500131378,0.0020499581409905,0.1675470650013137,0,4241,831197,high_default,1000000.0
Fin_fl_rl_1,pure_rl,fl_rl,7160143.091929678,5000000.0,7160143.091925154,2160143.0919251544,0.0,0.0,6.0,0.0,2276,2276,0,0.0,79012333.67615303,0.0,0.0,0.0,0,4248,709098,none_default,5000000.0
Fin_fl_rl_2,pure_rl,fl_rl,9472381.363277968,5000000.0,9472381.363277923,4472381.363277923,0.0,0.0,6.0,0.0,4483,4483,0,0.0,157596292.67796847,0.0,0.0,0.0,0,4248,709098,none_default,5000000.0
Fin_fl_rl_3,pure_rl,fl_rl,8779447.98497052,5000000.0,8779447.984966675,3779447.984966675,0.0,0.0,6.0,0.0,3613,3613,0,0.0,126549130.16226918,0.0,0.0,0.0,0,4248,709098,none_default,5000000.0
Fin_fl_rl_prox_1,pure_rl,fl_rl_prox,7041271.480035187,5000000.0,7041271.480034484,2041271.480034484,0.0,0.0,11.0,0.0,2000,2000,0,0.0,69981902.4316741,0.0,0.0,0.0,0,4259,709098,none_default,5000000.0
Fin_fl_rl_prox_2,pure_rl,fl_rl_prox,8279513.121106868,5000000.0,8279513.121108003,3279513.121108003,0.0,0.0,12.0,0.0,2859,2859,0,0.0,99562944.96800607,0.0,0.0,0.0,0,4259,709098,none_default,5000000.0
Fin_fl_rl_prox_3,pure_rl,fl_rl_prox,11282724.28895686,5000000.0,11282724.288956469,6282724.288956467,0.0,0.0,6.0,0.0,5529,5529,0,0.0,194732233.2238183,0.0,0.0,0.0,0,4259,709098,none_default,5000000.0
Fin_fl_rl_scaffold_1,pure_rl,fl_rl_scaffold,7592248.502787032,5000000.0,7592248.502787515,2592248.5027875146,0.0,0.0,8.0,0.0,2373,2373,0,0.0,82964250.12018819,0.0,0.0,0.0,0,4253,709098,none_default,5000000.0
Fin_fl_rl_scaffold_2,pure_rl,fl_rl_scaffold,10165857.442325631,5000000.0,10165857.44232658,5165857.442326581,0.0,0.0,6.0,0.0,4454,4454,0,0.0,156275504.74496642,0.0,0.0,0.0,0,4253,709098,none_default,5000000.0
Fin_fl_rl_scaffold_3,pure_rl,fl_rl_scaffold,9126371.787210925,5000000.0,9126371.787206316,4126371.7872063145,0.0,0.0,7.0,0.0,3558,3558,0,0.0,124659762.54595242,0.0,0.0,0.0,0,4253,709098,none_default,5000000.0
Fin_fl_rl_1,pure_rl,fl_rl,9990970.42212957,5000000.0,9990970.422128016,4990970.422128016,0.0,0.0,14.0,0.0,4087,4087,0,0.0,143556444.31492952,0.0,0.0,0.0,0,4250,436570,none_default,5000000.0
Fin_fl_rl_2,pure_rl,fl_rl,12732540.410710482,5000000.0,12732540.410707925,7732540.410707924,0.0,0.0,14.0,0.0,5602,5602,0,0.0,195833771.5320353,0.0,0.0,0.0,0,4250,436570,none_default,5000000.0
Fin_fl_rl_3,pure_rl,fl_rl,5828032.84593575,5000000.0,5828032.845936289,828032.845936289,0.0,0.0,22.0,0.0,669,669,0,0.0,24203297.754555658,0.0,0.0,0.0,0,4250,436570,none_default,5000000.0
Fin_fl_rl_prox_1,pure_rl,fl_rl_prox,14013482.701486189,5000000.0,14013482.701486224,9013482.701486224,0.0,0.0,7.0,0.0,6504,6504,0,0.0,225482667.1000968,0.0,0.0,0.0,0,4255,436570,none_default,5000000.0
Fin_fl_rl_prox_2,pure_rl,fl_rl_prox,9242798.012256926,5000000.0,9242798.01225463,4242798.012254629,0.0,0.0,14.0,0.0,3158,3158,0,0.0,112035429.23732913,0.0,0.0,0.0,0,4255,436570,none_default,5000000.0
Fin_fl_rl_prox_3,pure_rl,fl_rl_prox,5827549.639107412,5000000.0,5827549.639108542,827549.6391085424,0.0,0.0,22.0,0.0,666,666,0,0.0,23585248.9177422,0.0,0.0,0.0,0,4255,436570,none_default,5000000.0
Fin_fl_rl_scaffold_1,pure_rl,fl_rl_scaffold,9665299.341819612,5000000.0,9665299.341819111,4665299.341819111,0.0,0.0,12.0,0.0,4091,4091,0,0.0,142966621.35457805,0.0,0.0,0.0,0,4250,436570,none_default,5000000.0
Fin_fl_rl_scaffold_2,pure_rl,fl_rl_scaffold,11688873.10955059,5000000.0,11688873.109547514,6688873.1095475145,0.0,0.0,14.0,0.0,5090,5090,0,0.0,178943658.2104059,0.0,0.0,0.0,0,4250,436570,none_default,5000000.0
Fin_fl_rl_scaffold_3,pure_rl,fl_rl_scaffold,6567118.813230654,5000000.0,6567118.81323033,1567118.81323033,0.0,0.0,22.0,0.0,1199,1199,0,0.0,42380462.1015462,0.0,0.0,0.0,0,4250,436570,none_default,5000000.0
Fin_fl_rl_1,pure_rl,fl_rl,8826133.651609395,5000000.0,8826133.65160757,3826133.651607569,0.0,0.0,9.0,0.0,3932,3932,0,0.0,136677063.93687937,0.0,0.0,0.0,0,4255,831197,none_default,5000000.0
Fin_fl_rl_2,pure_rl,fl_rl,10457318.574541764,5000000.0,10457318.57453864,5457318.574538641,0.0,0.0,14.0,0.0,4721,4721,0,0.0,165245457.81024858,0.0,0.0,0.0,0,4255,831197,none_default,5000000.0
Fin_fl_rl_3,pure_rl,fl_rl,6806525.9550946085,5000000.0,6806525.955097138,1806525.955097138,0.0,0.0,14.0,0.0,1715,1715,0,0.0,60021537.44418702,0.0,0.0,0.0,0,4255,831197,none_default,5000000.0
Fin_fl_rl_prox_1,pure_rl,fl_rl_prox,9700859.114825608,5000000.0,9700859.114823405,4700859.114823403,0.0,0.0,7.0,0.0,3975,3975,0,0.0,139074402.8352285,0.0,0.0,0.0,0,4260,831197,none_default,5000000.0
Fin_fl_rl_prox_2,pure_rl,fl_rl_prox,6895023.408178314,5000000.0,6895023.408177719,1895023.4081777183,0.0,0.0,14.0,0.0,1727,1727,0,0.0,60653013.91048224,0.0,0.0,0.0,0,4260,831197,none_default,5000000.0
Fin_fl_rl_prox_3,pure_rl,fl_rl_prox,10027370.697858686,5000000.0,10027370.69785699,5027370.697856991,0.0,0.0,20.0,0.0,4639,4639,0,0.0,161360512.8257939,0.0,0.0,0.0,0,4260,831197,none_default,5000000.0
Fin_fl_rl_scaffold_1,pure_rl,fl_rl_scaffold,12329160.265026512,5000000.0,12329160.265024286,7329160.265024286,0.0,0.0,6.0,0.0,6058,6058,0,0.0,211451286.65178663,0.0,0.0,0.0,0,4257,831197,none_default,5000000.0
Fin_fl_rl_scaffold_2,pure_rl,fl_rl_scaffold,7506462.005527815,5000000.0,7506462.005528463,2506462.005528463,0.0,0.0,14.0,0.0,1972,1972,0,0.0,69582743.86876714,0.0,0.0,0.0,0,4257,831197,none_default,5000000.0
Fin_fl_rl_scaffold_3,pure_rl,fl_rl_scaffold,7522780.094329892,5000000.0,7522780.094332807,2522780.0943328068,0.0,0.0,10.0,0.0,2346,2346,0,0.0,81937400.924693,0.0,0.0,0.0,0,4257,831197,none_default,5000000.0
Fin_fl_rl_1,pure_rl,fl_rl,7087895.426765607,5000000.0,7087895.426767625,2087895.426767625,0.0,0.0,24.0,0.0,1380,1380,49,0.0355072463768115,48645484.17602457,85166.54853523373,0.0017507596024135,0.0170333097070467,0,4257,709098,low_default,5000000.0
Fin_fl_rl_2,pure_rl,fl_rl,9407297.296875035,5000000.0,9407297.296875175,4407297.296875175,0.0,0.0,13.0,0.0,2834,2834,132,0.0465772759350741,99010322.81945609,227064.0326603889,0.0022933369591616,0.0454128065320777,0,4257,709098,low_default,5000000.0
Fin_fl_rl_3,pure_rl,fl_rl,12248710.280604308,5000000.0,12248710.280604612,7248710.280604612,0.0,0.0,23.0,0.0,4218,4218,51,0.0120910384068278,148368440.84906906,102857.30247974476,0.0006932559369844,0.0205714604959489,0,4257,709098,low_default,5000000.0
Fin_fl_rl_prox_1,pure_rl,fl_rl_prox,8041325.721645946,5000000.0,8041325.721643128,3041325.7216431284,0.0,0.0,24.0,0.0,1820,1820,52,0.0285714285714285,63668502.21845968,105201.63561929754,0.0016523340734218,0.0210403271238595,0,4248,709098,low_default,5000000.0
Fin_fl_rl_prox_2,pure_rl,fl_rl_prox,8890613.378000095,5000000.0,8890613.378004335,3890613.378004335,0.0,0.0,14.0,0.0,2548,2548,129,0.0506279434850863,90203669.34085932,219290.29593458035,0.0024310573786741,0.043858059186916,0,4248,709098,low_default,5000000.0
Fin_fl_rl_prox_3,pure_rl,fl_rl_prox,12046633.506294517,5000000.0,12046633.50629201,7046633.50629201,0.0,0.0,23.0,0.0,4042,4042,54,0.0133597229094507,140932468.74047506,96702.47492890964,0.000686161789353,0.0193404949857819,0,4248,709098,low_default,5000000.0
Fin_fl_rl_scaffold_1,pure_rl,fl_rl_scaffold,9144424.300769866,5000000.0,9144424.300769594,4144424.3007695936,0.0,0.0,24.0,0.0,2774,2774,50,0.0180245133381398,97578187.8376088,102280.96439426368,0.0010481949568942,0.0204561928788527,0,4252,709098,low_default,5000000.0
Fin_fl_rl_scaffold_2,pure_rl,fl_rl_scaffold,8653519.009475518,5000000.0,8653519.009474738,3653519.0094747376,0.0,0.0,19.0,0.0,2417,2417,153,0.063301613570542,84344800.50046742,271220.33881897706,0.0032156142075109,0.0542440677637954,0,4252,709098,low_default,5000000.0
Fin_fl_rl_scaffold_3,pure_rl,fl_rl_scaffold,11806824.607939688,5000000.0,11806824.607936729,6806824.607936727,0.0,0.0,23.0,0.0,3757,3757,31,0.0082512643066276,131855962.25317211,56464.095966418696,0.0004282255804102,0.0112928191932837,0,4252,709098,low_default,5000000.0
Fin_fl_rl_1,pure_rl,fl_rl,8387522.300258811,5000000.0,8387522.300257119,3387522.30025712,0.0,0.0,8.0,0.0,2030,2030,79,0.0389162561576354,71498328.51062848,168991.0385206243,0.0023635662824691,0.0337982077041248,0,4230,436570,low_default,5000000.0
Fin_fl_rl_2,pure_rl,fl_rl,9460211.047835767,5000000.0,9460211.047839357,4460211.047839357,0.0,0.0,6.0,0.0,3064,3064,152,0.0496083550913838,106794626.302536,310506.349427839,0.0029075091151891,0.0621012698855678,0,4230,436570,low_default,5000000.0
Fin_fl_rl_3,pure_rl,fl_rl,10145980.817406287,5000000.0,10145980.817404091,5145980.817404093,0.0,0.0,8.0,0.0,2741,2741,42,0.0153228748631886,96216020.945493,83213.3991111654,0.0008648601167814,0.016642679822233,0,4230,436570,low_default,5000000.0
Fin_fl_rl_prox_1,pure_rl,fl_rl_prox,8066270.360938955,5000000.0,8066270.360939659,3066270.360939659,0.0,0.0,6.0,0.0,1937,1937,79,0.0407847186370676,67296119.81076273,172832.53050431283,0.0025682391643131,0.0345665061008625,0,4248,436570,low_default,5000000.0
Fin_fl_rl_prox_2,pure_rl,fl_rl_prox,9397472.460590186,5000000.0,9397472.460591909,4397472.460591909,0.0,0.0,6.0,0.0,3017,3017,148,0.0490553529996685,105012236.36466026,284353.70154355053,0.0027078149307869,0.0568707403087101,0,4248,436570,low_default,5000000.0
Fin_fl_rl_prox_3,pure_rl,fl_rl_prox,10862937.692183524,5000000.0,10862937.692188514,5862937.692188514,0.0,0.0,11.0,0.0,3053,3053,37,0.012119226989846,106813867.44578873,73448.11146565064,0.0006876271145497,0.0146896222931301,0,4248,436570,low_default,5000000.0
Fin_fl_rl_scaffold_1,pure_rl,fl_rl_scaffold,8412742.932973351,5000000.0,8412742.932978196,3412742.932978196,0.0,0.0,6.0,0.0,2129,2129,61,0.0286519492719586,74250560.75299066,125074.0964244844,0.001684486893514,0.0250148192848968,0,4240,436570,low_default,5000000.0
Fin_fl_rl_scaffold_2,pure_rl,fl_rl_scaffold,9457698.012506502,5000000.0,9457698.012504142,4457698.012504142,0.0,0.0,6.0,0.0,2750,2750,130,0.0472727272727272,95743310.30953892,258541.4450658823,0.0027003604140071,0.0517082890131764,0,4240,436570,low_default,5000000.0
Fin_fl_rl_scaffold_3,pure_rl,fl_rl_scaffold,10769169.234006535,5000000.0,10769169.234009938,5769169.234009938,0.0,0.0,9.0,0.0,3023,3023,45,0.0148858749586503,105770744.86938116,89193.63983185639,0.0008432732504815,0.0178387279663712,0,4240,436570,low_default,5000000.0
Fin_fl_rl_1,pure_rl,fl_rl,9746526.879388375,5000000.0,9746526.879389152,4746526.879389152,0.0,0.0,6.0,0.0,2939,2939,91,0.0309629125552909,103377741.16562492,194649.61771625216,0.0018828967969458,0.0389299235432504,0,4267,831197,low_default,5000000.0
Fin_fl_rl_2,pure_rl,fl_rl,7946904.290242076,5000000.0,7946904.290241969,2946904.290241969,0.0,0.0,8.0,0.0,1742,1742,132,0.0757749712973593,60077359.922891945,251666.79113789948,0.0041890454484169,0.0503333582275798,0,4267,831197,low_default,5000000.0
Fin_fl_rl_3,pure_rl,fl_rl,11131737.980681617,5000000.0,11131737.98068292,6131737.980682921,0.0,0.0,8.0,0.0,3165,3165,50,0.0157977883096366,110354175.9388263,101852.34394605509,0.0009229586744638,0.020370468789211,0,4267,831197,low_default,5000000.0
Fin_fl_rl_prox_1,pure_rl,fl_rl_prox,9909229.266051302,5000000.0,9909229.266053006,4909229.266053006,0.0,0.0,6.0,0.0,2617,2617,97,0.0370653419946503,91949347.70808417,203018.98444784468,0.0022079437158421,0.0406037968895689,0,4268,831197,low_default,5000000.0
Fin_fl_rl_prox_2,pure_rl,fl_rl_prox,6613625.341682904,5000000.0,6613625.341681357,1613625.3416813563,0.0,0.0,6.0,0.0,1029,1029,110,0.1068999028182701,36352487.57899457,213155.6540729919,0.0058635782107015,0.0426311308145983,0,4268,831197,low_default,5000000.0
Fin_fl_rl_prox_3,pure_rl,fl_rl_prox,13277540.158388317,5000000.0,13277540.158384044,8277540.158384044,0.0,0.0,7.0,0.0,4173,4173,67,0.0160555954948478,145678749.89248982,137695.32179165466,0.0009451984032899,0.0275390643583309,0,4268,831197,low_default,5000000.0
Fin_fl_rl_scaffold_1,pure_rl,fl_rl_scaffold,7390008.728831333,5000000.0,7390008.728830188,2390008.728830188,0.0,0.0,6.0,0.0,1423,1423,80,0.0562192550948699,50169113.70715025,164347.1370688465,0.0032758628750785,0.0328694274137692,0,4255,831197,low_default,5000000.0
Fin_fl_rl_scaffold_2,pure_rl,fl_rl_scaffold,8767004.893429324,5000000.0,8767004.89343273,3767004.893432731,0.0,0.0,7.0,0.0,1970,1970,138,0.0700507614213198,68631846.5357871,266584.4466274365,0.0038842674368149,0.0533168893254872,0,4255,831197,low_default,5000000.0
Fin_fl_rl_scaffold_3,pure_rl,fl_rl_scaffold,13875875.152703036,5000000.0,13875875.152709238,8875875.152709238,0.0,0.0,9.0,0.0,4343,4343,93,0.0214137692839051,151213477.16713864,194908.15465473157,0.0012889602058373,0.0389816309309463,0,4255,831197,low_default,5000000.0
Fin_fl_rl_1,pure_rl,fl_rl,8864105.77391542,5000000.0,8864105.773913937,3864105.7739139367,0.0,0.0,6.0,0.0,2343,2343,120,0.0512163892445582,81995888.51238863,290503.6176786224,0.003542904686431,0.0581007235357244,0,4255,709098,medium_default,5000000.0
Fin_fl_rl_2,pure_rl,fl_rl,7787112.308771606,5000000.0,7787112.308770846,2787112.3087708456,0.0,0.0,7.0,0.0,1800,1800,197,0.1094444444444444,63262130.63784205,415294.0562726677,0.0065646549062678,0.0830588112545335,0,4255,709098,medium_default,5000000.0
Fin_fl_rl_3,pure_rl,fl_rl,12123388.059733286,5000000.0,12123388.059731694,7123388.059731694,0.0,0.0,18.0,0.0,3927,3927,81,0.0206264323911382,137371182.86671677,184470.32238312997,0.0013428604058983,0.0368940644766259,0,4255,709098,medium_default,5000000.0
Fin_fl_rl_prox_1,pure_rl,fl_rl_prox,10528152.85893952,5000000.0,10528152.858940233,5528152.858940233,0.0,0.0,8.0,0.0,3071,3071,123,0.0400521002930641,108138004.41813956,308975.2289145226,0.0028572307263947,0.0617950457829045,0,4243,709098,medium_default,5000000.0
Fin_fl_rl_prox_2,pure_rl,fl_rl_prox,8440926.486048596,5000000.0,8440926.486049652,3440926.486049652,0.0,0.0,11.0,0.0,1900,1900,182,0.0957894736842105,66262789.076842405,394601.4071728988,0.0059550980674129,0.0789202814345797,0,4243,709098,medium_default,5000000.0
Fin_fl_rl_prox_3,pure_rl,fl_rl_prox,7086746.550133835,5000000.0,7086746.550133943,2086746.5501339424,0.0,0.0,23.0,0.0,1347,1347,63,0.0467706013363029,47446023.29086255,152158.77634603996,0.0032069869251896,0.0304317552692079,0,4243,709098,medium_default,5000000.0
Fin_fl_rl_scaffold_1,pure_rl,fl_rl_scaffold,10401483.417845244,5000000.0,10401483.417845178,5401483.417845178,0.0,0.0,7.0,0.0,2850,2850,123,0.0431578947368421,100073054.42967013,300822.6743295656,0.0030060307047086,0.0601645348659131,0,4268,709098,medium_default,5000000.0
Fin_fl_rl_scaffold_2,pure_rl,fl_rl_scaffold,9490257.696107415,5000000.0,9490257.696102235,4490257.696102237,0.0,0.0,11.0,0.0,2403,2403,182,0.0757386600083229,84096975.0792619,391461.714892446,0.0046548846081977,0.0782923429784892,0,4268,709098,medium_default,5000000.0
Fin_fl_rl_scaffold_3,pure_rl,fl_rl_scaffold,7069337.148265005,5000000.0,7069337.148264124,2069337.148264124,0.0,0.0,23.0,0.0,1281,1281,64,0.0499609679937548,45082304.95312679,150311.2553725603,0.0033341519589302,0.030062251074512,0,4268,709098,medium_default,5000000.0
Fin_fl_rl_1,pure_rl,fl_rl,7721108.31418684,5000000.0,7721108.314187843,2721108.314187844,0.0,0.0,11.0,0.0,1546,1546,93,0.0601552393272962,53950430.49045073,256457.1683665182,0.0047535703799789,0.0512914336733036,0,4252,436570,medium_default,5000000.0
Fin_fl_rl_2,pure_rl,fl_rl,9074488.250900429,5000000.0,9074488.250904337,4074488.2509043366,0.0,0.0,9.0,0.0,2405,2405,157,0.0652806652806652,83797694.1104889,368582.80447179545,0.0043984838530975,0.073716560894359,0,4252,436570,medium_default,5000000.0
Fin_fl_rl_3,pure_rl,fl_rl,10154556.33293748,5000000.0,10154556.332937632,5154556.332937632,0.0,0.0,15.0,0.0,3207,3207,125,0.0389772372934206,112074728.83460608,316088.8627673695,0.0028203401967078,0.0632177725534739,0,4252,436570,medium_default,5000000.0
Fin_fl_rl_prox_1,pure_rl,fl_rl_prox,6789530.673414625,5000000.0,6789530.673416401,1789530.6734164013,0.0,0.0,11.0,0.0,1387,1387,90,0.0648882480173035,48536184.20227564,246677.225650042,0.0050823366052429,0.0493354451300084,0,4246,436570,medium_default,5000000.0
Fin_fl_rl_prox_2,pure_rl,fl_rl_prox,6378383.402715023,5000000.0,6378383.402714226,1378383.4027142264,0.0,0.0,11.0,0.0,957,957,127,0.1327063740856844,33596715.34981431,314343.9778006135,0.0093563901865886,0.0628687955601227,0,4246,436570,medium_default,5000000.0
Fin_fl_rl_prox_3,pure_rl,fl_rl_prox,13440944.149329998,5000000.0,13440944.14933197,8440944.14933197,0.0,0.0,11.0,0.0,5266,5266,103,0.019559437903532,185154038.55187204,253587.90003947917,0.0013696050165734,0.0507175800078958,0,4246,436570,medium_default,5000000.0
Fin_fl_rl_scaffold_1,pure_rl,fl_rl_scaffold,6057123.681682888,5000000.0,6057123.681683478,1057123.681683478,0.0,0.0,20.0,0.0,861,861,86,0.0998838559814169,30387806.304819603,244310.63395108745,0.0080397588263006,0.0488621267902174,0,4258,436570,medium_default,5000000.0
Fin_fl_rl_scaffold_2,pure_rl,fl_rl_scaffold,9005318.075985346,5000000.0,9005318.075985122,4005318.0759851225,0.0,0.0,12.0,0.0,2771,2771,165,0.0595452905088415,97059167.70646252,396883.32939761225,0.0040890864693782,0.0793766658795224,0,4258,436570,medium_default,5000000.0
Fin_fl_rl_scaffold_3,pure_rl,fl_rl_scaffold,10920021.03933568,5000000.0,10920021.039339246,5920021.039339246,0.0,0.0,14.0,0.0,3215,3215,69,0.021461897356143,112940956.1281688,156290.01968142606,0.0013838205823586,0.0312580039362852,0,4258,436570,medium_default,5000000.0
Fin_fl_rl_1,pure_rl,fl_rl,5846745.207792022,5000000.0,5846745.207791497,846745.207791497,0.0,0.0,22.0,0.0,638,638,77,0.1206896551724138,22841256.374510333,192501.60091326063,0.0084278026460962,0.0385003201826521,0,4240,831197,medium_default,5000000.0
Fin_fl_rl_2,pure_rl,fl_rl,7600559.842483587,5000000.0,7600559.842486209,2600559.842486209,0.0,0.0,7.0,0.0,1538,1538,108,0.0702210663198959,53474121.05446717,244661.91989520311,0.0045753331718346,0.0489323839790406,0,4240,831197,medium_default,5000000.0
Fin_fl_rl_3,pure_rl,fl_rl,13188565.557020787,5000000.0,13188565.557020314,8188565.557020314,0.0,0.0,6.0,0.0,4100,4100,89,0.0217073170731707,143597425.86184964,187661.3394959531,0.0013068572669018,0.0375322678991906,0,4240,831197,medium_default,5000000.0
Fin_fl_rl_prox_1,pure_rl,fl_rl_prox,6850101.725559212,5000000.0,6850101.725559269,1850101.725559269,0.0,0.0,19.0,0.0,1095,1095,87,0.0794520547945205,38621957.26009338,218779.38237403872,0.0056646373693778,0.0437558764748077,0,4265,831197,medium_default,5000000.0
Fin_fl_rl_prox_2,pure_rl,fl_rl_prox,8380445.114285132,5000000.0,8380445.11428568,3380445.1142856805,0.0,0.0,7.0,0.0,1795,1795,116,0.0646239554317548,62932877.64423077,256741.13607816893,0.0040796026765145,0.0513482272156337,0,4265,831197,medium_default,5000000.0
Fin_fl_rl_prox_3,pure_rl,fl_rl_prox,11181065.599064829,5000000.0,11181065.599067075,6181065.599067075,0.0,0.0,7.0,0.0,3275,3275,79,0.0241221374045801,113789872.41016276,172480.32781392348,0.0015157792531149,0.0344960655627846,0,4265,831197,medium_default,5000000.0
Fin_fl_rl_scaffold_1,pure_rl,fl_rl_scaffold,8636247.219207274,5000000.0,8636247.21920605,3636247.21920605,0.0,0.0,6.0,0.0,1988,1988,115,0.0578470824949698,69852061.47684759,290012.3161329077,0.0041518075487153,0.0580024632265815,0,4259,831197,medium_default,5000000.0
Fin_fl_rl_scaffold_2,pure_rl,fl_rl_scaffold,8802656.309038192,5000000.0,8802656.309036082,3802656.3090360817,0.0,0.0,6.0,0.0,2038,2038,111,0.0544651619234543,71367579.21391203,237251.38420671783,0.003324358018304,0.0474502768413435,0,4259,831197,medium_default,5000000.0
Fin_fl_rl_scaffold_3,pure_rl,fl_rl_scaffold,9838055.496475168,5000000.0,9838055.496476237,4838055.496476235,0.0,0.0,7.0,0.0,2523,2523,79,0.0313119302417756,88874481.38984795,183106.0691607084,0.0020602772167807,0.0366212138321416,0,4259,831197,medium_default,5000000.0
Fin_fl_rl_1,pure_rl,fl_rl,6474949.084445423,5000000.0,6474949.0844466565,1474949.0844466563,0.0,0.0,24.0,0.0,1246,1246,147,0.1179775280898876,43886066.75576388,490354.9436052621,0.0111733627516496,0.0980709887210524,0,4261,709098,high_default,5000000.0
Fin_fl_rl_2,pure_rl,fl_rl,7470587.229427562,5000000.0,7470587.229427908,2470587.229427908,0.0,0.0,11.0,0.0,1921,1921,235,0.1223321186881832,66943486.98454726,651559.778439379,0.0097329823674972,0.1303119556878758,0,4261,709098,high_default,5000000.0
Fin_fl_rl_3,pure_rl,fl_rl,11073600.480498808,5000000.0,11073600.480499728,6073600.480499728,0.0,0.0,7.0,0.0,3727,3727,102,0.0273678561845988,129741293.89769,307600.9775114632,0.0023708795270226,0.0615201955022926,0,4261,709098,high_default,5000000.0
Fin_fl_rl_prox_1,pure_rl,fl_rl_prox,6314311.843406928,5000000.0,6314311.843406793,1314311.8434067927,0.0,0.0,12.0,0.0,1034,1034,140,0.1353965183752417,36204592.8957965,454103.076809482,0.0125426925284445,0.0908206153618964,0,4256,709098,high_default,5000000.0
Fin_fl_rl_prox_2,pure_rl,fl_rl_prox,8392505.654785514,5000000.0,8392505.6547857,3392505.6547857,0.0,0.0,9.0,0.0,2401,2401,238,0.0991253644314868,83929344.9759328,630448.1041725052,0.0075116528593579,0.126089620834501,0,4256,709098,high_default,5000000.0
Fin_fl_rl_prox_3,pure_rl,fl_rl_prox,10104964.385108596,5000000.0,10104964.38511314,5104964.385113139,0.0,0.0,7.0,0.0,3238,3238,97,0.0299567634342186,113446452.46583782,282433.08011690865,0.0024895717228527,0.0564866160233817,0,4256,709098,high_default,5000000.0
Fin_fl_rl_scaffold_1,pure_rl,fl_rl_scaffold,7583331.334985109,5000000.0,7583331.334984674,2583331.334984674,0.0,0.0,11.0,0.0,1768,1768,151,0.0854072398190045,62222318.073460594,489165.04055221897,0.0078615688983927,0.0978330081104437,0,4244,709098,high_default,5000000.0
Fin_fl_rl_scaffold_2,pure_rl,fl_rl_scaffold,8140052.308218475,5000000.0,8140052.3082150435,3140052.3082150435,0.0,0.0,11.0,0.0,2173,2173,225,0.1035434882650713,76286425.88651444,608888.8154424641,0.0079816141386445,0.1217777630884928,0,4244,709098,high_default,5000000.0
Fin_fl_rl_scaffold_3,pure_rl,fl_rl_scaffold,9730728.459282652,5000000.0,9730728.459278883,4730728.459278883,0.0,0.0,7.0,0.0,2792,2792,97,0.0347421203438395,97458100.10514195,292499.55842888536,0.0030012852509265,0.058499911685777,0,4244,709098,high_default,5000000.0
Fin_fl_rl_1,pure_rl,fl_rl,7325285.683102854,5000000.0,7325285.683103663,2325285.683103663,0.0,0.0,23.0,0.0,1908,1908,179,0.0938155136268343,66342814.80081152,583048.2134377556,0.0087884153723098,0.1166096426875511,0,4261,436570,high_default,5000000.0
Fin_fl_rl_2,pure_rl,fl_rl,7340449.574259521,5000000.0,7340449.574257694,2340449.574257694,0.0,0.0,20.0,0.0,1721,1721,257,0.1493317838466008,60687337.113571815,662894.4904533327,0.0109231105199553,0.1325788980906665,0,4261,436570,high_default,5000000.0
Fin_fl_rl_3,pure_rl,fl_rl,9360234.8313398,5000000.0,9360234.83133778,4360234.83133778,0.0,0.0,7.0,0.0,2791,2791,67,0.0240057327122895,97253415.93268928,190381.6594008024,0.0019575832640425,0.0380763318801604,0,4261,436570,high_default,5000000.0
Fin_fl_rl_prox_1,pure_rl,fl_rl_prox,7069835.550752049,5000000.0,7069835.550755961,2069835.5507559609,0.0,0.0,8.0,0.0,1663,1663,159,0.0956103427540589,58270063.41542793,522149.5600742826,0.0089608545017652,0.1044299120148565,0,4251,436570,high_default,5000000.0
Fin_fl_rl_prox_2,pure_rl,fl_rl_prox,7682351.053185833,5000000.0,7682351.053188173,2682351.053188173,0.0,0.0,8.0,0.0,2155,2155,270,0.1252900232018561,75137856.40746818,680305.7238360802,0.0090541007737407,0.136061144767216,0,4251,436570,high_default,5000000.0
Fin_fl_rl_prox_3,pure_rl,fl_rl_prox,9099694.68053826,5000000.0,9099694.68053935,4099694.680539349,0.0,0.0,26.0,0.0,2298,2298,63,0.0274151436031331,80398234.89274132,192017.4035831419,0.0023883285975035,0.0384034807166283,0,4251,436570,high_default,5000000.0
Fin_fl_rl_scaffold_1,pure_rl,fl_rl_scaffold,6899955.708532259,5000000.0,6899955.708531973,1899955.708531973,0.0,0.0,14.0,0.0,1599,1599,167,0.1044402751719824,55854460.553528965,546777.6135238888,0.0097893276222742,0.1093555227047777,0,4249,436570,high_default,5000000.0
Fin_fl_rl_scaffold_2,pure_rl,fl_rl_scaffold,6350471.527396847,5000000.0,6350471.527397278,1350471.5273972778,0.0,0.0,7.0,0.0,1328,1328,268,0.2018072289156626,46325042.756453626,688943.6888809808,0.0148719493364094,0.1377887377761961,0,4249,436570,high_default,5000000.0
Fin_fl_rl_scaffold_3,pure_rl,fl_rl_scaffold,10679930.579423962,5000000.0,10679930.579421418,5679930.579421418,0.0,0.0,17.0,0.0,3463,3463,72,0.0207912214842622,121775872.08623652,205528.777541913,0.0016877627236072,0.0411057555083826,0,4249,436570,high_default,5000000.0
Fin_fl_rl_1,pure_rl,fl_rl,5093213.6892112205,5000000.0,5093213.689211114,93213.68921111432,0.0,0.0,24.0,0.0,250,250,83,0.332,8747759.265406702,268307.00728042977,0.0306715124570767,0.0536614014560859,0,4251,831197,high_default,5000000.0
Fin_fl_rl_2,pure_rl,fl_rl,8463560.143661365,5000000.0,8463560.143659102,3463560.143659102,0.0,0.0,17.0,0.0,2379,2379,216,0.0907944514501891,82878044.39897352,561377.9992078121,0.0067735430206985,0.1122755998415624,0,4251,831197,high_default,5000000.0
Fin_fl_rl_3,pure_rl,fl_rl,11795900.264251642,5000000.0,11795900.264246589,6795900.264246589,0.0,0.0,10.0,0.0,3789,3789,93,0.0245447347585114,133459044.70547412,269081.20267751784,0.0020162080679607,0.0538162405355035,0,4251,831197,high_default,5000000.0
Fin_fl_rl_prox_1,pure_rl,fl_rl_prox,5071160.663646433,5000000.0,5071160.663646568,71160.66364656761,0.0,0.0,24.0,0.0,240,240,83,0.3458333333333333,8320517.965433096,268784.84687146184,0.0323038599265221,0.0537569693742923,0,4261,831197,high_default,5000000.0
Fin_fl_rl_prox_2,pure_rl,fl_rl_prox,9321195.068416424,5000000.0,9321195.068417698,4321195.068417698,0.0,0.0,16.0,0.0,2695,2695,213,0.0790352504638219,94476314.06482916,569043.2348246791,0.0060231311991511,0.1138086469649358,0,4261,831197,high_default,5000000.0
Fin_fl_rl_prox_3,pure_rl,fl_rl_prox,10849868.643601049,5000000.0,10849868.643605825,5849868.643605825,0.0,0.0,17.0,0.0,2953,2953,87,0.0294615645106671,103347810.72169806,249697.0204261536,0.00241608427583,0.0499394040852307,0,4261,831197,high_default,5000000.0
Fin_fl_rl_scaffold_1,pure_rl,fl_rl_scaffold,5176864.1959774485,5000000.0,5176864.195977059,176864.1959770592,0.0,0.0,24.0,0.0,297,297,80,0.2693602693602693,10151079.683000788,259008.77841806927,0.0255153921066949,0.0518017556836138,0,4261,831197,high_default,5000000.0
Fin_fl_rl_scaffold_2,pure_rl,fl_rl_scaffold,7407589.765236572,5000000.0,7407589.765233878,2407589.765233878,0.0,0.0,17.0,0.0,1662,1662,209,0.1257521058965102,58045921.77977645,541170.1297097157,0.0093231378383978,0.1082340259419431,0,4261,831197,high_default,5000000.0
Fin_fl_rl_scaffold_3,pure_rl,fl_rl_scaffold,13305147.067822816,5000000.0,13305147.067821572,8305147.067821572,0.0,0.0,16.0,0.0,4468,4468,97,0.0217099373321396,156657129.2630294,279509.64074558555,0.0017842127074618,0.0559019281491171,0,4261,831197,high_default,5000000.0
Fin_fl_rl_1,pure_rl,fl_rl,11938473.003489109,10000000.0,11938473.003486278,1938473.0034862773,0.0,0.0,16.0,0.0,1655,1655,0,0.0,57879988.80613685,0.0,0.0,0.0,0,4261,709098,none_default,10000000.0
Fin_fl_rl_2,pure_rl,fl_rl,13246529.985383704,10000000.0,13246529.98538939,3246529.985389389,0.0,0.0,6.0,0.0,2446,2446,0,0.0,86232862.80879813,0.0,0.0,0.0,0,4261,709098,none_default,10000000.0
Fin_fl_rl_3,pure_rl,fl_rl,18618560.426709343,10000000.0,18618560.426705904,8618560.426705904,0.0,0.0,6.0,0.0,6279,6279,0,0.0,219174043.54788828,0.0,0.0,0.0,0,4261,709098,none_default,10000000.0
Fin_fl_rl_prox_1,pure_rl,fl_rl_prox,13247649.747810576,10000000.0,13247649.747813204,3247649.7478132043,0.0,0.0,10.0,0.0,2694,2694,0,0.0,94862681.7294615,0.0,0.0,0.0,0,4256,709098,none_default,10000000.0
Fin_fl_rl_prox_2,pure_rl,fl_rl_prox,14187300.799230345,10000000.0,14187300.799229644,4187300.799229644,0.0,0.0,13.0,0.0,3120,3120,0,0.0,109192593.596415,0.0,0.0,0.0,0,4256,709098,none_default,10000000.0
Fin_fl_rl_prox_3,pure_rl,fl_rl_prox,16311736.170049995,10000000.0,16311736.170051184,6311736.170051185,0.0,0.0,21.0,0.0,4588,4588,0,0.0,160953727.02493486,0.0,0.0,0.0,0,4256,709098,none_default,10000000.0
Fin_fl_rl_scaffold_1,pure_rl,fl_rl_scaffold,14417772.41116695,10000000.0,14417772.411167592,4417772.411167592,0.0,0.0,9.0,0.0,3083,3083,0,0.0,107933629.15543713,0.0,0.0,0.0,0,4263,709098,none_default,10000000.0
Fin_fl_rl_scaffold_2,pure_rl,fl_rl_scaffold,18376568.31930056,10000000.0,18376568.319299955,8376568.319299955,0.0,0.0,9.0,0.0,5814,5814,0,0.0,202735213.440445,0.0,0.0,0.0,0,4263,709098,none_default,10000000.0
Fin_fl_rl_scaffold_3,pure_rl,fl_rl_scaffold,11515653.549984371,10000000.0,11515653.54998493,1515653.54998493,0.0,0.0,21.0,0.0,1394,1394,0,0.0,48735107.93811971,0.0,0.0,0.0,0,4263,709098,none_default,10000000.0
Fin_fl_rl_1,pure_rl,fl_rl,18150543.646376666,10000000.0,18150543.646385472,8150543.646385472,0.0,0.0,19.0,0.0,5710,5710,0,0.0,200192592.24391955,0.0,0.0,0.0,0,4263,436570,none_default,10000000.0
Fin_fl_rl_2,pure_rl,fl_rl,11778084.425971456,10000000.0,11778084.425971003,1778084.4259710032,0.0,0.0,21.0,0.0,1569,1569,0,0.0,54637518.19766463,0.0,0.0,0.0,0,4263,436570,none_default,10000000.0
Fin_fl_rl_3,pure_rl,fl_rl,14374409.243753633,10000000.0,14374409.243749993,4374409.243749993,0.0,0.0,22.0,0.0,3113,3113,0,0.0,109162830.64465518,0.0,0.0,0.0,0,4263,436570,none_default,10000000.0
Fin_fl_rl_prox_1,pure_rl,fl_rl_prox,12798870.288293095,10000000.0,12798870.288298678,2798870.2882986777,0.0,0.0,19.0,0.0,2169,2169,0,0.0,75683092.86714491,0.0,0.0,0.0,0,4248,436570,none_default,10000000.0
Fin_fl_rl_prox_2,pure_rl,fl_rl_prox,18324274.253621127,10000000.0,18324274.253618024,8324274.253618024,0.0,0.0,6.0,0.0,6403,6403,0,0.0,223901145.6043636,0.0,0.0,0.0,0,4248,436570,none_default,10000000.0
Fin_fl_rl_prox_3,pure_rl,fl_rl_prox,11638986.933307912,10000000.0,11638986.933310123,1638986.9333101232,0.0,0.0,22.0,0.0,1754,1754,0,0.0,61131729.53220406,0.0,0.0,0.0,0,4248,436570,none_default,10000000.0
Fin_fl_rl_scaffold_1,pure_rl,fl_rl_scaffold,14929730.22904703,10000000.0,14929730.229048245,4929730.229048245,0.0,0.0,17.0,0.0,3755,3755,0,0.0,132052475.18968225,0.0,0.0,0.0,0,4260,436570,none_default,10000000.0
Fin_fl_rl_scaffold_2,pure_rl,fl_rl_scaffold,19423121.496518243,10000000.0,19423121.496521898,9423121.496521898,0.0,0.0,11.0,0.0,6228,6228,0,0.0,217236491.8612636,0.0,0.0,0.0,0,4260,436570,none_default,10000000.0
Fin_fl_rl_scaffold_3,pure_rl,fl_rl_scaffold,10355488.461964834,10000000.0,10355488.461964216,355488.4619642161,0.0,0.0,22.0,0.0,342,342,0,0.0,12125248.433400244,0.0,0.0,0.0,0,4260,436570,none_default,10000000.0
Fin_fl_rl_1,pure_rl,fl_rl,11135337.870636228,10000000.0,11135337.870638382,1135337.8706383817,0.0,0.0,11.0,0.0,1442,1442,0,0.0,50094861.82546449,0.0,0.0,0.0,0,4254,831197,none_default,10000000.0
Fin_fl_rl_2,pure_rl,fl_rl,14789894.521710277,10000000.0,14789894.521712366,4789894.521712367,0.0,0.0,14.0,0.0,6393,6393,0,0.0,222984884.61052963,0.0,0.0,0.0,0,4254,831197,none_default,10000000.0
Fin_fl_rl_3,pure_rl,fl_rl,11882803.269259555,10000000.0,11882803.269261863,1882803.269261865,0.0,0.0,12.0,0.0,2554,2554,0,0.0,89121082.88357568,0.0,0.0,0.0,0,4254,831197,none_default,10000000.0
Fin_fl_rl_prox_1,pure_rl,fl_rl_prox,12292833.555030154,10000000.0,12292833.555030692,2292833.5550306924,0.0,0.0,11.0,0.0,2690,2690,0,0.0,93457031.12232214,0.0,0.0,0.0,0,4256,831197,none_default,10000000.0
Fin_fl_rl_prox_2,pure_rl,fl_rl_prox,13214098.34168825,10000000.0,13214098.341687731,3214098.3416877314,0.0,0.0,12.0,0.0,4224,4224,0,0.0,148238469.82455224,0.0,0.0,0.0,0,4256,831197,none_default,10000000.0
Fin_fl_rl_prox_3,pure_rl,fl_rl_prox,12727467.744898394,10000000.0,12727467.744898282,2727467.744898282,0.0,0.0,12.0,0.0,3470,3470,0,0.0,120883539.67456876,0.0,0.0,0.0,0,4256,831197,none_default,10000000.0
Fin_fl_rl_scaffold_1,pure_rl,fl_rl_scaffold,13195424.420384657,10000000.0,13195424.420382123,3195424.4203821234,0.0,0.0,13.0,0.0,3251,3251,0,0.0,112868418.32755846,0.0,0.0,0.0,0,4248,831197,none_default,10000000.0
Fin_fl_rl_scaffold_2,pure_rl,fl_rl_scaffold,12823272.23583918,10000000.0,12823272.23583375,2823272.235833749,0.0,0.0,14.0,0.0,3641,3641,0,0.0,127988150.8823776,0.0,0.0,0.0,0,4248,831197,none_default,10000000.0
Fin_fl_rl_scaffold_3,pure_rl,fl_rl_scaffold,13768690.985556455,10000000.0,13768690.985556452,3768690.985556452,0.0,0.0,12.0,0.0,3478,3478,0,0.0,121214606.31398489,0.0,0.0,0.0,0,4248,831197,none_default,10000000.0
Fin_fl_rl_1,pure_rl,fl_rl,11356461.620175457,10000000.0,11356461.620176462,1356461.6201764625,0.0,0.0,24.0,0.0,957,957,28,0.0292580982236154,33331559.785366315,73097.78692898134,0.002193050292266,0.0073097786928981,0,4255,709098,low_default,10000000.0
Fin_fl_rl_2,pure_rl,fl_rl,15365423.203780849,10000000.0,15365423.203777565,5365423.203777563,0.0,0.0,22.0,0.0,3134,3134,148,0.0472239948947032,109710346.41453911,253100.8845491965,0.0023069919366844,0.0253100884549196,0,4255,709098,low_default,10000000.0
Fin_fl_rl_3,pure_rl,fl_rl,18853059.368281502,10000000.0,18853059.36827052,8853059.368270516,0.0,0.0,23.0,0.0,4931,4931,60,0.0121679172581626,173037821.07132864,86426.61640654609,0.0004994666245301,0.0086426616406546,0,4255,709098,low_default,10000000.0
Fin_fl_rl_prox_1,pure_rl,fl_rl_prox,11854958.092579195,10000000.0,11854958.092575908,1854958.092575908,0.0,0.0,24.0,0.0,954,954,8,0.0083857442348008,33497649.66740783,18398.349311572078,0.0005492429915007,0.0018398349311572,0,4259,709098,low_default,10000000.0
Fin_fl_rl_prox_2,pure_rl,fl_rl_prox,16641401.23160175,10000000.0,16641401.231607594,6641401.231607594,0.0,0.0,21.0,0.0,3935,3935,150,0.0381194409148665,138242023.06016654,258364.39380868955,0.0018689280443779,0.0258364393808689,0,4259,709098,low_default,10000000.0
Fin_fl_rl_prox_3,pure_rl,fl_rl_prox,17621714.26279406,10000000.0,17621714.26279409,7621714.262794089,0.0,0.0,24.0,0.0,4100,4100,58,0.0141463414634146,143883237.41397285,81379.99867706312,0.0005655974951614,0.0081379998677063,0,4259,709098,low_default,10000000.0
Fin_fl_rl_scaffold_1,pure_rl,fl_rl_scaffold,12261968.223262062,10000000.0,12261968.223256648,2261968.223256648,0.0,0.0,24.0,0.0,1460,1460,48,0.0328767123287671,51301829.09204059,73518.85431082433,0.0014330649727697,0.0073518854310824,0,4252,709098,low_default,10000000.0
Fin_fl_rl_scaffold_2,pure_rl,fl_rl_scaffold,14847988.39801355,10000000.0,14847988.398014072,4847988.398014072,0.0,0.0,21.0,0.0,3121,3121,285,0.0913168856135853,109522411.08540072,527763.8451082101,0.004818774896187,0.052776384510821,0,4252,709098,low_default,10000000.0
Fin_fl_rl_scaffold_3,pure_rl,fl_rl_scaffold,18576404.422086246,10000000.0,18576404.422087114,8576404.422087114,0.0,0.0,23.0,0.0,4565,4565,58,0.0127053669222343,159592639.34307814,135541.37767039356,0.0008492959213427,0.0135541377670393,0,4252,709098,low_default,10000000.0
Fin_fl_rl_1,pure_rl,fl_rl,13601022.348703364,10000000.0,13601022.348701606,3601022.3487016056,0.0,0.0,6.0,0.0,2153,2153,84,0.0390153274500696,74980663.69553328,186495.66764881733,0.0024872501583355,0.0186495667648817,0,4245,436570,low_default,10000000.0
Fin_fl_rl_2,pure_rl,fl_rl,13056957.836177904,10000000.0,13056957.83617564,3056957.836175639,0.0,0.0,6.0,0.0,1842,1842,119,0.0646036916395222,64485908.48810304,225599.16010788543,0.0034984257087655,0.0225599160107885,0,4245,436570,low_default,10000000.0
Fin_fl_rl_3,pure_rl,fl_rl,16710430.960821224,10000000.0,16710430.960817251,6710430.960817253,0.0,0.0,6.0,0.0,3328,3328,34,0.0102163461538461,116515028.30515105,69272.5396068259,0.0005945373795507,0.0069272539606825,0,4245,436570,low_default,10000000.0
Fin_fl_rl_prox_1,pure_rl,fl_rl_prox,14414592.09507285,10000000.0,14414592.095070694,4414592.095070694,0.0,0.0,6.0,0.0,2699,2699,100,0.0370507595405705,93938572.98245272,209519.1691823121,0.0022303848411817,0.0209519169182312,0,4258,436570,low_default,10000000.0
Fin_fl_rl_prox_2,pure_rl,fl_rl_prox,12378638.58359954,10000000.0,12378638.58359922,2378638.583599219,0.0,0.0,8.0,0.0,1569,1569,111,0.0707456978967495,55060449.09482237,202711.5881475358,0.0036816188658112,0.0202711588147535,0,4258,436570,low_default,10000000.0
Fin_fl_rl_prox_3,pure_rl,fl_rl_prox,16245597.45895215,10000000.0,16245597.45895643,6245597.45895643,0.0,0.0,7.0,0.0,3291,3291,41,0.0124582193862048,114672813.2337948,83511.86105452581,0.0007282620762452,0.0083511861054525,0,4258,436570,low_default,10000000.0
Fin_fl_rl_scaffold_1,pure_rl,fl_rl_scaffold,11910097.38987989,10000000.0,11910097.38988168,1910097.38988168,0.0,0.0,9.0,0.0,1244,1244,58,0.0466237942122186,43235925.41163776,113739.19720276492,0.0026306641090686,0.0113739197202764,0,4251,436570,low_default,10000000.0
Fin_fl_rl_scaffold_2,pure_rl,fl_rl_scaffold,14383908.65016492,10000000.0,14383908.650160585,4383908.650160583,0.0,0.0,6.0,0.0,2451,2451,144,0.0587515299877601,85437969.57602362,298532.18318217696,0.0034941394869706,0.0298532183182176,0,4251,436570,low_default,10000000.0
Fin_fl_rl_scaffold_3,pure_rl,fl_rl_scaffold,16995878.375650033,10000000.0,16995878.375648774,6995878.375648774,0.0,0.0,6.0,0.0,3547,3547,41,0.0115590639977445,124998660.82836486,94888.1790674109,0.0007591135652061,0.009488817906741,0,4251,436570,low_default,10000000.0
Fin_fl_rl_1,pure_rl,fl_rl,14313553.89738507,10000000.0,14313553.897378111,4313553.897378113,0.0,0.0,12.0,0.0,2403,2403,97,0.0403662089055347,84023007.4177217,189509.4266155107,0.0022554468405702,0.018950942661551,0,4265,831197,low_default,10000000.0
Fin_fl_rl_2,pure_rl,fl_rl,13758417.18402946,10000000.0,13758417.184031414,3758417.184031414,0.0,0.0,13.0,0.0,2183,2183,155,0.0710032065964269,75527296.58346985,324763.3523153225,0.0042999467345743,0.0324763352315322,0,4265,831197,low_default,10000000.0
Fin_fl_rl_3,pure_rl,fl_rl,16263394.545267968,10000000.0,16263394.545271404,6263394.545271404,0.0,0.0,22.0,0.0,3513,3513,62,0.0176487332764019,123160039.7544651,127260.34901917394,0.0010332925295646,0.0127260349019173,0,4265,831197,low_default,10000000.0
Fin_fl_rl_prox_1,pure_rl,fl_rl_prox,13189167.091275638,10000000.0,13189167.091276368,3189167.091276368,0.0,0.0,13.0,0.0,1921,1921,98,0.0510150963040083,67248156.20381048,216026.6606184874,0.0032123804251788,0.0216026660618487,0,4265,831197,low_default,10000000.0
Fin_fl_rl_prox_2,pure_rl,fl_rl_prox,14308928.437920632,10000000.0,14308928.43792374,4308928.437923739,0.0,0.0,12.0,0.0,2420,2420,129,0.0533057851239669,84790330.86388539,269694.2418443944,0.0031807193001444,0.0269694241844394,0,4265,831197,low_default,10000000.0
Fin_fl_rl_prox_3,pure_rl,fl_rl_prox,17519212.086196303,10000000.0,17519212.08620204,7519212.08620204,0.0,0.0,14.0,0.0,3880,3880,52,0.0134020618556701,135691915.78818724,108681.70006128348,0.0008009445472855,0.0108681700061283,0,4265,831197,low_default,10000000.0
Fin_fl_rl_scaffold_1,pure_rl,fl_rl_scaffold,13977678.903791856,10000000.0,13977678.903794754,3977678.903794754,0.0,0.0,15.0,0.0,2408,2408,148,0.0614617940199335,83855649.00243863,323792.0551401004,0.0038613028340008,0.03237920551401,0,4267,831197,low_default,10000000.0
Fin_fl_rl_scaffold_2,pure_rl,fl_rl_scaffold,15318572.57058067,10000000.0,15318572.570575152,5318572.570575153,0.0,0.0,11.0,0.0,3244,3244,108,0.033292231812577,113873273.15617308,183394.8324898052,0.001610516914169,0.0183394832489805,0,4267,831197,low_default,10000000.0
Fin_fl_rl_scaffold_3,pure_rl,fl_rl_scaffold,14860022.126735566,10000000.0,14860022.126733148,4860022.126733147,0.0,0.0,19.0,0.0,2709,2709,37,0.0136581764488741,94218017.8789851,70478.71294060368,0.0007480385867502,0.0070478712940603,0,4267,831197,low_default,10000000.0
Fin_fl_rl_1,pure_rl,fl_rl,14552477.458857013,10000000.0,14552477.45885357,4552477.458853571,0.0,0.0,29.0,0.0,2807,2807,158,0.0562878517990737,98163147.1511554,382199.0536277618,0.0038935085591666,0.0382199053627761,0,4263,709098,medium_default,10000000.0
Fin_fl_rl_2,pure_rl,fl_rl,13632282.78709098,10000000.0,13632282.787091624,3632282.787091624,0.0,0.0,7.0,0.0,2193,2193,138,0.0629274965800273,76992942.25078844,297893.45824969234,0.0038691008492618,0.0297893458249692,0,4263,709098,medium_default,10000000.0
Fin_fl_rl_3,pure_rl,fl_rl,15653244.468572494,10000000.0,15653244.468582172,5653244.468582172,0.0,0.0,9.0,0.0,3157,3157,84,0.0266075388026607,111009292.93971434,175211.82859026612,0.0015783528022777,0.0175211828590266,0,4263,709098,medium_default,10000000.0
Fin_fl_rl_prox_1,pure_rl,fl_rl_prox,14014642.188821357,10000000.0,14014642.188816989,4014642.188816987,0.0,0.0,6.0,0.0,2585,2585,162,0.062669245647969,90590240.02812684,382962.5245702631,0.0042274148346594,0.0382962524570263,0,4262,709098,medium_default,10000000.0
Fin_fl_rl_prox_2,pure_rl,fl_rl_prox,13276203.554502863,10000000.0,13276203.554503774,3276203.5545037743,0.0,0.0,7.0,0.0,2008,2008,149,0.074203187250996,70110293.69223882,326849.00754541013,0.0046619260929096,0.032684900754541,0,4262,709098,medium_default,10000000.0
Fin_fl_rl_prox_3,pure_rl,fl_rl_prox,16327967.770052517,10000000.0,16327967.770049416,6327967.770049416,0.0,0.0,10.0,0.0,3414,3414,86,0.0251903925014645,119587938.5222201,187422.47481832752,0.0015672356019708,0.0187422474818327,0,4262,709098,medium_default,10000000.0
Fin_fl_rl_scaffold_1,pure_rl,fl_rl_scaffold,13352027.84440169,10000000.0,13352027.844401965,3352027.844401965,0.0,0.0,12.0,0.0,2119,2119,136,0.0641812175554506,74282098.02280352,340880.8766874876,0.0045890044271883,0.0340880876687487,0,4257,709098,medium_default,10000000.0
Fin_fl_rl_scaffold_2,pure_rl,fl_rl_scaffold,14320344.625059308,10000000.0,14320344.62506442,4320344.625064421,0.0,0.0,13.0,0.0,2451,2451,143,0.0583435332517339,86304246.99100347,319714.24795248033,0.0037045019115433,0.031971424795248,0,4257,709098,medium_default,10000000.0
Fin_fl_rl_scaffold_3,pure_rl,fl_rl_scaffold,16210939.368448405,10000000.0,16210939.36844498,6210939.368444981,0.0,0.0,17.0,0.0,3451,3451,88,0.0254998551144595,120684733.18219487,186962.23189225685,0.0015491788146061,0.0186962231892256,0,4257,709098,medium_default,10000000.0
Fin_fl_rl_1,pure_rl,fl_rl,15233950.780459102,10000000.0,15233950.78045283,5233950.780452831,0.0,0.0,10.0,0.0,2831,2831,122,0.0430943129636171,99282060.25881374,341825.0182016705,0.0034429686220308,0.034182501820167,0,4252,436570,medium_default,10000000.0
Fin_fl_rl_2,pure_rl,fl_rl,10368669.98405064,10000000.0,10368669.984049557,368669.9840495549,0.0,0.0,27.0,0.0,384,384,89,0.2317708333333333,13693854.790107036,218494.03709235063,0.0159556268444002,0.021849403709235,0,4252,436570,medium_default,10000000.0
Fin_fl_rl_3,pure_rl,fl_rl,17073538.282799114,10000000.0,17073538.282800302,7073538.282800302,0.0,0.0,11.0,0.0,3510,3510,73,0.0207977207977207,123466569.50188656,171693.82294100625,0.0013906098114954,0.0171693822941006,0,4252,436570,medium_default,10000000.0
Fin_fl_rl_prox_1,pure_rl,fl_rl_prox,13523366.439378535,10000000.0,13523366.439376712,3523366.439376712,0.0,0.0,10.0,0.0,2088,2088,145,0.0694444444444444,72906734.32674477,396954.45450215775,0.0054446884525527,0.0396954454502157,0,4263,436570,medium_default,10000000.0
Fin_fl_rl_prox_2,pure_rl,fl_rl_prox,10882079.113739606,10000000.0,10882079.113736702,882079.1137367021,0.0,0.0,22.0,0.0,687,687,109,0.1586608442503639,24290855.9856613,263826.5892760177,0.0108611483033678,0.0263826589276017,0,4263,436570,medium_default,10000000.0
Fin_fl_rl_prox_3,pure_rl,fl_rl_prox,18828574.26939677,10000000.0,18828574.26939218,8828574.269392181,0.0,0.0,9.0,0.0,4450,4450,69,0.015505617977528,156151241.62720445,164139.13028462263,0.0010511548199948,0.0164139130284622,0,4263,436570,medium_default,10000000.0
Fin_fl_rl_scaffold_1,pure_rl,fl_rl_scaffold,12799238.4674133,10000000.0,12799238.467409756,2799238.467409756,0.0,0.0,7.0,0.0,1477,1477,79,0.0534867975626269,51434219.74698811,225278.9040776899,0.004379942092752,0.0225278904077689,0,4237,436570,medium_default,10000000.0
Fin_fl_rl_scaffold_2,pure_rl,fl_rl_scaffold,11295140.4565666,10000000.0,11295140.456561504,1295140.456561504,0.0,0.0,11.0,0.0,1019,1019,178,0.1746810598626104,35534525.772341385,428507.0542335392,0.0120588932853318,0.0428507054233539,0,4237,436570,medium_default,10000000.0
Fin_fl_rl_scaffold_3,pure_rl,fl_rl_scaffold,19121001.88672018,10000000.0,19121001.886718307,9121001.886718309,0.0,0.0,12.0,0.0,4611,4611,82,0.0177835610496638,161584913.21716252,204505.1707037862,0.0012656204507715,0.0204505170703786,0,4237,436570,medium_default,10000000.0
Fin_fl_rl_1,pure_rl,fl_rl,14081187.006677505,10000000.0,14081187.006682651,4081187.006682651,0.0,0.0,23.0,0.0,2286,2286,60,0.0262467191601049,79867477.87487392,162121.33024789952,0.0020298791768771,0.0162121330247899,0,4257,831197,medium_default,10000000.0
Fin_fl_rl_2,pure_rl,fl_rl,10928316.098414786,10000000.0,10928316.09841766,928316.0984176602,0.0,0.0,26.0,0.0,722,722,95,0.131578947368421,25357702.690781623,221022.5547673989,0.0087161900059561,0.0221022554767398,0,4257,831197,medium_default,10000000.0
Fin_fl_rl_3,pure_rl,fl_rl,19095671.38841582,10000000.0,19095671.388412368,9095671.388412368,0.0,0.0,24.0,0.0,4817,4817,52,0.0107951006850736,168905889.84605163,108452.03566274332,0.0006420855765396,0.0108452035662743,0,4257,831197,medium_default,10000000.0
Fin_fl_rl_prox_1,pure_rl,fl_rl_prox,14628478.774025733,10000000.0,14628478.774030749,4628478.774030747,0.0,0.0,20.0,0.0,2415,2415,59,0.0244306418219461,84586895.55451387,157821.01181755005,0.0018657856016933,0.015782101181755,0,4262,831197,medium_default,10000000.0
Fin_fl_rl_prox_2,pure_rl,fl_rl_prox,11790152.457929963,10000000.0,11790152.457935313,1790152.4579353128,0.0,0.0,25.0,0.0,1050,1050,93,0.0885714285714285,36843833.27894518,217235.40491539155,0.0058961130149162,0.0217235404915391,0,4262,831197,medium_default,10000000.0
Fin_fl_rl_prox_3,pure_rl,fl_rl_prox,17817483.414407346,10000000.0,17817483.414406348,7817483.414406348,0.0,0.0,24.0,0.0,4061,4061,53,0.0130509726668308,141356038.75327423,112804.7135323978,0.0007980183551216,0.0112804713532397,0,4262,831197,medium_default,10000000.0
Fin_fl_rl_scaffold_1,pure_rl,fl_rl_scaffold,15638749.377003692,10000000.0,15638749.377010174,5638749.377010174,0.0,0.0,23.0,0.0,3174,3174,66,0.0207939508506616,111389272.66646028,178268.880574168,0.0016004133639328,0.0178268880574168,0,4252,831197,medium_default,10000000.0
Fin_fl_rl_scaffold_2,pure_rl,fl_rl_scaffold,10566710.514217936,10000000.0,10566710.514219357,566710.5142193567,0.0,0.0,26.0,0.0,501,501,93,0.18562874251497,17707607.656802416,218564.7460075451,0.0123429855824472,0.0218564746007545,0,4252,831197,medium_default,10000000.0
Fin_fl_rl_scaffold_3,pure_rl,fl_rl_scaffold,18085451.89069985,10000000.0,18085451.89069841,8085451.890698411,0.0,0.0,23.0,0.0,4118,4118,52,0.0126274890723652,144940931.88542476,110465.71168263156,0.0007621429657286,0.0110465711682631,0,4252,831197,medium_default,10000000.0
Fin_fl_rl_1,pure_rl,fl_rl,11484682.69688106,10000000.0,11484682.69687877,1484682.6968787704,0.0,0.0,18.0,0.0,1307,1307,151,0.115531752104055,45350015.73561486,516078.6070642384,0.0113798991840028,0.0516078607064238,0,4249,709098,high_default,10000000.0
Fin_fl_rl_2,pure_rl,fl_rl,11412056.872193262,10000000.0,11412056.872194087,1412056.872194089,0.0,0.0,28.0,0.0,1239,1239,175,0.1412429378531073,43815685.09146343,489996.8139799179,0.0111831371107645,0.0489996813979917,0,4249,709098,high_default,10000000.0
Fin_fl_rl_3,pure_rl,fl_rl,16493868.112198448,10000000.0,16493868.11219688,6493868.112196879,0.0,0.0,27.0,0.0,4038,4038,118,0.0292223873204556,142481633.3045089,356818.5474913631,0.00250431258553,0.0356818547491363,0,4249,709098,high_default,10000000.0
Fin_fl_rl_prox_1,pure_rl,fl_rl_prox,13044673.92814712,10000000.0,13044673.928145109,3044673.9281451087,0.0,0.0,30.0,0.0,2162,2162,150,0.0693802035152636,75965237.0776672,529496.4702665902,0.0069702470582067,0.052949647026659,0,4247,709098,high_default,10000000.0
Fin_fl_rl_prox_2,pure_rl,fl_rl_prox,11962608.225547409,10000000.0,11962608.225545315,1962608.225545317,0.0,0.0,23.0,0.0,1488,1488,169,0.1135752688172043,51631273.03218215,473044.83695943694,0.0091619828289839,0.0473044836959436,0,4247,709098,high_default,10000000.0
Fin_fl_rl_prox_3,pure_rl,fl_rl_prox,14641071.804371756,10000000.0,14641071.80437166,4641071.804371659,0.0,0.0,22.0,0.0,2651,2651,100,0.0377216144850999,92926745.0957925,288381.56178344745,0.0031033214548316,0.0288381561783447,0,4247,709098,high_default,10000000.0
Fin_fl_rl_scaffold_1,pure_rl,fl_rl_scaffold,11729062.39321682,10000000.0,11729062.393214405,1729062.3932144027,0.0,0.0,26.0,0.0,1245,1245,128,0.1028112449799196,43830869.399113104,464843.4181982865,0.0106053889546551,0.0464843418198286,0,4233,709098,high_default,10000000.0
Fin_fl_rl_scaffold_2,pure_rl,fl_rl_scaffold,12836678.53402189,10000000.0,12836678.534023352,2836678.534023352,0.0,0.0,27.0,0.0,1818,1818,148,0.0814081408140814,63797253.64403569,415653.6904724466,0.0065152285832182,0.0415653690472446,0,4233,709098,high_default,10000000.0
Fin_fl_rl_scaffold_3,pure_rl,fl_rl_scaffold,13728904.927963875,10000000.0,13728904.927963072,3728904.927963072,0.0,0.0,15.0,0.0,2163,2163,100,0.0462320850670365,76030072.46573824,286985.7325541858,0.0037746344735303,0.0286985732554185,0,4233,709098,high_default,10000000.0
Fin_fl_rl_1,pure_rl,fl_rl,12534685.854461148,10000000.0,12534685.854464322,2534685.8544643223,0.0,0.0,6.0,0.0,1876,1876,141,0.0751599147121535,65328570.75664004,493551.2244567148,0.0075549062032181,0.0493551224456714,0,4254,436570,high_default,10000000.0
Fin_fl_rl_2,pure_rl,fl_rl,10554945.833718091,10000000.0,10554945.833716348,554945.8337163478,0.0,0.0,18.0,0.0,813,813,265,0.3259532595325953,28056295.88322776,694045.73360559,0.0247376109980539,0.069404573360559,0,4254,436570,high_default,10000000.0
Fin_fl_rl_3,pure_rl,fl_rl,15869172.304692484,10000000.0,15869172.304689083,5869172.304689083,0.0,0.0,10.0,0.0,3098,3098,67,0.0216268560361523,108288176.20523196,188578.7012037261,0.0017414523709986,0.0188578701203726,0,4254,436570,high_default,10000000.0
Fin_fl_rl_prox_1,pure_rl,fl_rl_prox,12534685.854461148,10000000.0,12534685.854464322,2534685.8544643223,0.0,0.0,6.0,0.0,1876,1876,141,0.0751599147121535,65328570.75664004,493551.2244567148,0.0075549062032181,0.0493551224456714,0,4254,436570,high_default,10000000.0
Fin_fl_rl_prox_2,pure_rl,fl_rl_prox,10554945.833718091,10000000.0,10554945.833716348,554945.8337163478,0.0,0.0,18.0,0.0,813,813,265,0.3259532595325953,28056295.88322776,694045.73360559,0.0247376109980539,0.069404573360559,0,4254,436570,high_default,10000000.0
Fin_fl_rl_prox_3,pure_rl,fl_rl_prox,15869172.304692484,10000000.0,15869172.304689083,5869172.304689083,0.0,0.0,10.0,0.0,3098,3098,67,0.0216268560361523,108288176.20523196,188578.7012037261,0.0017414523709986,0.0188578701203726,0,4254,436570,high_default,10000000.0
Fin_fl_rl_scaffold_1,pure_rl,fl_rl_scaffold,12305398.956759049,10000000.0,12305398.956758052,2305398.956758052,0.0,0.0,8.0,0.0,1560,1560,148,0.0948717948717948,54404342.70565408,512242.7610559833,0.0094154755958984,0.0512242761055983,0,4271,436570,high_default,10000000.0
Fin_fl_rl_scaffold_2,pure_rl,fl_rl_scaffold,12474036.6435378,10000000.0,12474036.64354176,2474036.6435417607,0.0,0.0,14.0,0.0,1655,1655,275,0.1661631419939577,58100646.401348345,726992.3028434879,0.0125126370853357,0.0726992302843488,0,4271,436570,high_default,10000000.0
Fin_fl_rl_scaffold_3,pure_rl,fl_rl_scaffold,14358079.522646451,10000000.0,14358079.522643575,4358079.522643577,0.0,0.0,8.0,0.0,2306,2306,56,0.0242844752818733,81129595.09219573,149672.99125796848,0.0018448630378085,0.0149672991257968,0,4271,436570,high_default,10000000.0
Fin_fl_rl_1,pure_rl,fl_rl,12951652.18121512,10000000.0,12951652.18120876,2951652.1812087595,0.0,0.0,20.0,0.0,1821,1821,97,0.0532674354750137,63921237.53851147,335899.36637833004,0.0052548946064436,0.033589936637833,0,4237,831197,high_default,10000000.0
Fin_fl_rl_2,pure_rl,fl_rl,11179137.50768339,10000000.0,11179137.50767955,1179137.50767955,0.0,0.0,22.0,0.0,868,868,140,0.1612903225806451,30247732.23553895,375073.2410241194,0.0124000450051404,0.0375073241024119,0,4237,831197,high_default,10000000.0
Fin_fl_rl_3,pure_rl,fl_rl,16873550.765591692,10000000.0,16873550.76558767,6873550.765587669,0.0,0.0,29.0,0.0,3905,3905,82,0.0209987195902688,136835531.85870272,250723.69930556265,0.0018322996658825,0.0250723699305562,0,4237,831197,high_default,10000000.0
Fin_fl_rl_prox_1,pure_rl,fl_rl_prox,12670546.942743996,10000000.0,12670546.94274598,2670546.94274598,0.0,0.0,20.0,0.0,1686,1686,100,0.059311981020166,59364348.95410741,346277.78669486137,0.005833093309295,0.0346277786694861,0,4256,831197,high_default,10000000.0
Fin_fl_rl_prox_2,pure_rl,fl_rl_prox,10759538.572532767,10000000.0,10759538.572532544,759538.5725325439,0.0,0.0,22.0,0.0,747,747,143,0.1914323962516733,25933733.1068368,383145.3893792477,0.0147740160585766,0.0383145389379247,0,4256,831197,high_default,10000000.0
Fin_fl_rl_prox_3,pure_rl,fl_rl_prox,17986895.106411364,10000000.0,17986895.106410526,7986895.106410526,0.0,0.0,21.0,0.0,4382,4382,87,0.0198539479689639,153320498.31418937,271387.7250442388,0.0017700681124066,0.0271387725044238,0,4256,831197,high_default,10000000.0
Fin_fl_rl_scaffold_1,pure_rl,fl_rl_scaffold,13033244.077270431,10000000.0,13033244.077273598,3033244.077273598,0.0,0.0,18.0,0.0,2143,2143,119,0.0555296313579094,74927023.60058983,420953.6114749512,0.0056181814150113,0.0420953611474951,0,4267,831197,high_default,10000000.0
Fin_fl_rl_scaffold_2,pure_rl,fl_rl_scaffold,11643972.213535955,10000000.0,11643972.213535797,1643972.2135357969,0.0,0.0,19.0,0.0,1216,1216,153,0.1258223684210526,42385891.83610594,418710.3444501152,0.0098785309524487,0.0418710344450115,0,4267,831197,high_default,10000000.0
Fin_fl_rl_scaffold_3,pure_rl,fl_rl_scaffold,15883474.170763375,10000000.0,15883474.170767017,5883474.170767017,0.0,0.0,23.0,0.0,3289,3289,88,0.0267558528428093,115109056.49974094,284682.6840199997,0.0024731562630837,0.0284682684019999,0,4267,831197,high_default,10000000.0
Fin_fl_rl_1,pure_rl,fl_rl,6434319.930001501,1000000.0,6434319.930001671,5434319.930001671,0.0,0.0,6.0,0.0,2879,2879,0,0.0,98897040.19542588,0.0,0.0,0.0,0,4249,100237,none_default,1000000.0
Fin_fl_rl_2,pure_rl,fl_rl,5172872.372502733,1000000.0,5172872.372502796,4172872.372502797,0.0,0.0,6.0,0.0,2405,2405,0,0.0,80035947.57544225,0.0,0.0,0.0,0,4249,100237,none_default,1000000.0
Fin_fl_rl_3,pure_rl,fl_rl,5764459.182800008,1000000.0,5764459.182800342,4764459.182800342,0.0,0.0,6.0,0.0,2570,2570,0,0.0,88965962.98061347,0.0,0.0,0.0,0,4249,100237,none_default,1000000.0
Fin_fl_rl_prox_1,pure_rl,fl_rl_prox,6537142.370789609,1000000.0,6537142.370789195,5537142.370789195,0.0,0.0,6.0,0.0,2820,2820,0,0.0,100210923.986982,0.0,0.0,0.0,0,4245,100237,none_default,1000000.0
Fin_fl_rl_prox_2,pure_rl,fl_rl_prox,4489983.175996972,1000000.0,4489983.175997234,3489983.175997234,0.0,0.0,6.0,0.0,2338,2338,0,0.0,74258660.74938102,0.0,0.0,0.0,0,4245,100237,none_default,1000000.0
Fin_fl_rl_prox_3,pure_rl,fl_rl_prox,6132025.902099666,1000000.0,6132025.902099299,5132025.902099299,0.0,0.0,6.0,0.0,2679,2679,0,0.0,92796012.21258728,0.0,0.0,0.0,0,4245,100237,none_default,1000000.0
Fin_fl_rl_scaffold_1,pure_rl,fl_rl_scaffold,5939858.228625292,1000000.0,5939858.22862482,4939858.22862482,0.0,0.0,6.0,0.0,2728,2728,0,0.0,95174806.65951584,0.0,0.0,0.0,0,4261,100237,none_default,1000000.0
Fin_fl_rl_scaffold_2,pure_rl,fl_rl_scaffold,5069941.70759422,1000000.0,5069941.707594536,4069941.707594536,0.0,0.0,6.0,0.0,2553,2553,0,0.0,86307636.27087088,0.0,0.0,0.0,0,4261,100237,none_default,1000000.0
Fin_fl_rl_scaffold_3,pure_rl,fl_rl_scaffold,4671049.070403305,1000000.0,4671049.070403045,3671049.070403045,0.0,0.0,6.0,0.0,2461,2461,0,0.0,80592726.96235491,0.0,0.0,0.0,0,4261,100237,none_default,1000000.0
Fin_fl_rl_1,pure_rl,fl_rl,5009395.52737993,1000000.0,5009395.527379852,4009395.527379852,0.0,0.0,6.0,0.0,2280,2280,35,0.0153508771929824,79233224.02574293,80030.58158353857,0.0010100634243727,0.0800305815835385,0,4242,100237,low_default,1000000.0
Fin_fl_rl_2,pure_rl,fl_rl,4202243.169181503,1000000.0,4202243.16918164,3202243.1691816403,0.0,0.0,6.0,0.0,2250,2250,89,0.0395555555555555,74893724.40309234,165812.705528837,0.0022139732914923,0.1658127055288369,0,4242,100237,low_default,1000000.0
Fin_fl_rl_3,pure_rl,fl_rl,5572166.341448181,1000000.0,5572166.341447416,4572166.341447416,0.0,0.0,6.0,0.0,2427,2427,20,0.0082406262875978,83204143.96431243,38988.05810727378,0.0004685831287921,0.0389880581072737,0,4242,100237,low_default,1000000.0
Fin_fl_rl_prox_1,pure_rl,fl_rl_prox,5009395.52737993,1000000.0,5009395.527379852,4009395.527379852,0.0,0.0,6.0,0.0,2280,2280,35,0.0153508771929824,79233224.02574293,80030.58158353857,0.0010100634243727,0.0800305815835385,0,4242,100237,low_default,1000000.0
Fin_fl_rl_prox_2,pure_rl,fl_rl_prox,4202243.169181503,1000000.0,4202243.16918164,3202243.1691816403,0.0,0.0,6.0,0.0,2250,2250,89,0.0395555555555555,74893724.40309234,165812.705528837,0.0022139732914923,0.1658127055288369,0,4242,100237,low_default,1000000.0
Fin_fl_rl_prox_3,pure_rl,fl_rl_prox,5572166.341448181,1000000.0,5572166.341447416,4572166.341447416,0.0,0.0,6.0,0.0,2427,2427,20,0.0082406262875978,83204143.96431243,38988.05810727378,0.0004685831287921,0.0389880581072737,0,4242,100237,low_default,1000000.0
Fin_fl_rl_scaffold_1,pure_rl,fl_rl_scaffold,4146223.3675532816,1000000.0,4146223.367553048,3146223.3675530474,0.0,0.0,6.0,0.0,1690,1690,40,0.0236686390532544,58943663.0073776,89032.93635302437,0.0015104751182816,0.0890329363530243,0,4245,100237,low_default,1000000.0
Fin_fl_rl_scaffold_2,pure_rl,fl_rl_scaffold,5020108.337722696,1000000.0,5020108.337722407,4020108.337722407,0.0,0.0,6.0,0.0,2375,2375,58,0.0244210526315789,80601072.74255519,104300.64669706968,0.0012940354656347,0.1043006466970696,0,4245,100237,low_default,1000000.0
Fin_fl_rl_scaffold_3,pure_rl,fl_rl_scaffold,5816782.593465012,1000000.0,5816782.593464594,4816782.593464594,0.0,0.0,6.0,0.0,2691,2691,25,0.009290226681531,90120760.69638626,49413.18800744,0.0005482997216802,0.04941318800744,0,4245,100237,low_default,1000000.0
Fin_fl_rl_1,pure_rl,fl_rl,3349291.50397568,1000000.0,3349291.503975748,2349291.503975748,0.0,0.0,6.0,0.0,1455,1455,87,0.0597938144329896,50070290.72268748,208276.5083615922,0.0041596824255549,0.2082765083615922,0,4262,100237,medium_default,1000000.0
Fin_fl_rl_2,pure_rl,fl_rl,4216796.839459468,1000000.0,4216796.839459021,3216796.8394590206,0.0,0.0,6.0,0.0,1745,1745,69,0.0395415472779369,60500324.97346892,147558.3206467725,0.0024389674057367,0.1475583206467725,0,4262,100237,medium_default,1000000.0
Fin_fl_rl_3,pure_rl,fl_rl,6631142.250068754,1000000.0,6631142.25006878,5631142.25006878,0.0,0.0,6.0,0.0,2961,2961,51,0.0172239108409321,100057163.93533014,117204.64919380264,0.0011713768868119,0.1172046491938026,0,4262,100237,medium_default,1000000.0
Fin_fl_rl_prox_1,pure_rl,fl_rl_prox,3906565.7746710624,1000000.0,3906565.774670927,2906565.774670927,0.0,0.0,6.0,0.0,1693,1693,82,0.0484347312463083,58039765.758265294,191794.37318951468,0.0033045338947151,0.1917943731895146,0,4253,100237,medium_default,1000000.0
Fin_fl_rl_prox_2,pure_rl,fl_rl_prox,4660071.566625004,1000000.0,4660071.566625407,3660071.566625407,0.0,0.0,6.0,0.0,2003,2003,72,0.0359460808786819,68892813.14929447,155075.41914127851,0.0022509665675173,0.1550754191412785,0,4253,100237,medium_default,1000000.0
Fin_fl_rl_prox_3,pure_rl,fl_rl_prox,5130931.502102721,1000000.0,5130931.502102694,4130931.5021026935,0.0,0.0,6.0,0.0,2226,2226,36,0.0161725067385444,76247052.90751362,77851.70910034739,0.0010210454847976,0.0778517091003473,0,4253,100237,medium_default,1000000.0
Fin_fl_rl_scaffold_1,pure_rl,fl_rl_scaffold,3906565.7746710624,1000000.0,3906565.774670927,2906565.774670927,0.0,0.0,6.0,0.0,1693,1693,82,0.0484347312463083,58039765.758265294,191794.37318951468,0.0033045338947151,0.1917943731895146,0,4253,100237,medium_default,1000000.0
Fin_fl_rl_scaffold_2,pure_rl,fl_rl_scaffold,4660071.566625004,1000000.0,4660071.566625407,3660071.566625407,0.0,0.0,6.0,0.0,2003,2003,72,0.0359460808786819,68892813.14929447,155075.41914127851,0.0022509665675173,0.1550754191412785,0,4253,100237,medium_default,1000000.0
Fin_fl_rl_scaffold_3,pure_rl,fl_rl_scaffold,5130931.502102721,1000000.0,5130931.502102694,4130931.5021026935,0.0,0.0,6.0,0.0,2226,2226,36,0.0161725067385444,76247052.90751362,77851.70910034739,0.0010210454847976,0.0778517091003473,0,4253,100237,medium_default,1000000.0
Fin_fl_rl_1,pure_rl,fl_rl,3478396.370194664,1000000.0,3478396.3701940933,2478396.3701940933,0.0,0.0,6.0,0.0,1445,1445,53,0.0366782006920415,50371022.50520726,169406.8954064836,0.0033631815869723,0.1694068954064836,0,4263,100237,high_default,1000000.0
Fin_fl_rl_2,pure_rl,fl_rl,3318839.060931528,1000000.0,3318839.0609316886,2318839.0609316886,0.0,0.0,7.0,0.0,1728,1728,118,0.068287037037037,59162431.17703142,313703.5805260545,0.0053024119240022,0.3137035805260545,0,4263,100237,high_default,1000000.0
Fin_fl_rl_3,pure_rl,fl_rl,4528784.663146064,1000000.0,4528784.663146557,3528784.6631465573,0.0,0.0,6.0,0.0,2082,2082,39,0.0187319884726224,72197920.64022134,104925.95592075169,0.0014533099428669,0.1049259559207516,0,4263,100237,high_default,1000000.0
Fin_fl_rl_prox_1,pure_rl,fl_rl_prox,3478396.370194664,1000000.0,3478396.3701940933,2478396.3701940933,0.0,0.0,6.0,0.0,1445,1445,53,0.0366782006920415,50371022.50520726,169406.8954064836,0.0033631815869723,0.1694068954064836,0,4263,100237,high_default,1000000.0
Fin_fl_rl_prox_2,pure_rl,fl_rl_prox,3318839.060931528,1000000.0,3318839.0609316886,2318839.0609316886,0.0,0.0,7.0,0.0,1728,1728,118,0.068287037037037,59162431.17703142,313703.5805260545,0.0053024119240022,0.3137035805260545,0,4263,100237,high_default,1000000.0
Fin_fl_rl_prox_3,pure_rl,fl_rl_prox,4528784.663146064,1000000.0,4528784.663146557,3528784.6631465573,0.0,0.0,6.0,0.0,2082,2082,39,0.0187319884726224,72197920.64022134,104925.95592075169,0.0014533099428669,0.1049259559207516,0,4263,100237,high_default,1000000.0
Fin_fl_rl_scaffold_1,pure_rl,fl_rl_scaffold,4153666.009967417,1000000.0,4153666.0099676894,3153666.0099676903,0.0,0.0,6.0,0.0,1957,1957,67,0.0342360756259581,68345786.54265131,205017.670277212,0.0029997119156609,0.2050176702772119,0,4260,100237,high_default,1000000.0
Fin_fl_rl_scaffold_2,pure_rl,fl_rl_scaffold,2909936.479414142,1000000.0,2909936.479413881,1909936.479413881,0.0,0.0,7.0,0.0,1226,1226,111,0.0905383360522022,41678226.10059357,287258.74808796664,0.0068922978486331,0.2872587480879666,0,4260,100237,high_default,1000000.0
Fin_fl_rl_scaffold_3,pure_rl,fl_rl_scaffold,3798744.1021604016,1000000.0,3798744.1021601385,2798744.1021601385,0.0,0.0,6.0,0.0,1893,1893,37,0.0195456946645536,63550530.29297956,96639.47476416024,0.0015206714140485,0.0966394747641602,0,4260,100237,high_default,1000000.0
Fin_fl_rl_1,pure_rl,fl_rl,8856220.484936776,5000000.0,8856220.484937584,3856220.484937584,0.0,0.0,13.0,0.0,4217,4217,0,0.0,147364617.95051005,0.0,0.0,0.0,0,4247,100237,none_default,5000000.0
Fin_fl_rl_2,pure_rl,fl_rl,9495515.099451097,5000000.0,9495515.099449018,4495515.099449018,0.0,0.0,8.0,0.0,4390,4390,0,0.0,154408590.01996443,0.0,0.0,0.0,0,4247,100237,none_default,5000000.0
Fin_fl_rl_3,pure_rl,fl_rl,6589362.297861138,5000000.0,6589362.297860517,1589362.2978605172,0.0,0.0,14.0,0.0,1777,1777,0,0.0,62503673.600362815,0.0,0.0,0.0,0,4247,100237,none_default,5000000.0
Fin_fl_rl_prox_1,pure_rl,fl_rl_prox,6765226.143678308,5000000.0,6765226.143678205,1765226.143678205,0.0,0.0,13.0,0.0,2849,2849,0,0.0,99218588.57766318,0.0,0.0,0.0,0,4254,100237,none_default,5000000.0
Fin_fl_rl_prox_2,pure_rl,fl_rl_prox,6417744.791161585,5000000.0,6417744.79116408,1417744.7911640797,0.0,0.0,7.0,0.0,2203,2203,0,0.0,77314602.57707852,0.0,0.0,0.0,0,4254,100237,none_default,5000000.0
Fin_fl_rl_prox_3,pure_rl,fl_rl_prox,8470245.308276217,5000000.0,8470245.308276657,3470245.308276657,0.0,0.0,6.0,0.0,5315,5315,0,0.0,184557995.27714872,0.0,0.0,0.0,0,4254,100237,none_default,5000000.0
Fin_fl_rl_scaffold_1,pure_rl,fl_rl_scaffold,7353056.330550415,5000000.0,7353056.330550476,2353056.330550476,0.0,0.0,13.0,0.0,3796,3796,0,0.0,133105594.24440408,0.0,0.0,0.0,0,4257,100237,none_default,5000000.0
Fin_fl_rl_scaffold_2,pure_rl,fl_rl_scaffold,6350702.690381031,5000000.0,6350702.690381575,1350702.6903815754,0.0,0.0,6.0,0.0,2178,2178,0,0.0,76115736.81864023,0.0,0.0,0.0,0,4257,100237,none_default,5000000.0
Fin_fl_rl_scaffold_3,pure_rl,fl_rl_scaffold,7791892.058961627,5000000.0,7791892.058961711,2791892.058961711,0.0,0.0,6.0,0.0,4388,4388,0,0.0,153365929.46582767,0.0,0.0,0.0,0,4257,100237,none_default,5000000.0
Fin_fl_rl_1,pure_rl,fl_rl,9710490.037834369,5000000.0,9710490.037834791,4710490.037834792,0.0,0.0,6.0,0.0,2578,2578,97,0.0376260667183863,90600152.80572855,221274.48935007933,0.0024423191628004,0.0442548978700158,0,4253,100237,low_default,5000000.0
Fin_fl_rl_2,pure_rl,fl_rl,6187117.04130968,5000000.0,6187117.041309923,1187117.041309923,0.0,0.0,8.0,0.0,792,792,71,0.0896464646464646,27804815.35284866,139185.59275042138,0.005005808921373,0.0278371185500842,0,4253,100237,low_default,5000000.0
Fin_fl_rl_3,pure_rl,fl_rl,11033612.508603204,5000000.0,11033612.508602362,6033612.508602362,0.0,0.0,8.0,0.0,2970,2970,52,0.0175084175084175,104814321.62533525,110581.30711316346,0.0010550209684936,0.0221162614226326,0,4253,100237,low_default,5000000.0
Fin_fl_rl_prox_1,pure_rl,fl_rl_prox,7221776.294184867,5000000.0,7221776.294184709,2221776.294184709,0.0,0.0,10.0,0.0,1523,1523,84,0.0551543007222587,52599403.78958394,190954.8895134944,0.0036303622428379,0.0381909779026988,0,4262,100237,low_default,5000000.0
Fin_fl_rl_prox_2,pure_rl,fl_rl_prox,7066228.83977265,5000000.0,7066228.839773965,2066228.839773965,0.0,0.0,8.0,0.0,1157,1157,81,0.0700086430423509,40880281.81912203,155727.9062529238,0.0038093647921008,0.0311455812505847,0,4262,100237,low_default,5000000.0
Fin_fl_rl_prox_3,pure_rl,fl_rl_prox,12669313.18395385,5000000.0,12669313.18395424,7669313.183954239,0.0,0.0,6.0,0.0,3913,3913,71,0.0181446460516227,137803133.09287032,146635.39409254506,0.0010640933250314,0.029327078818509,0,4262,100237,low_default,5000000.0
Fin_fl_rl_scaffold_1,pure_rl,fl_rl_scaffold,7110273.186632322,5000000.0,7110273.18663141,2110273.1866314104,0.0,0.0,9.0,0.0,1207,1207,64,0.0530240265120132,42476895.78803533,139850.26435411556,0.0032923842893789,0.0279700528708231,0,4257,100237,low_default,5000000.0
Fin_fl_rl_scaffold_2,pure_rl,fl_rl_scaffold,8289556.559603174,5000000.0,8289556.559603139,3289556.559603139,0.0,0.0,6.0,0.0,2238,2238,219,0.0978552278820375,77891305.60758163,456809.2762032326,0.0058647017486733,0.0913618552406465,0,4257,100237,low_default,5000000.0
Fin_fl_rl_scaffold_3,pure_rl,fl_rl_scaffold,11302472.112647409,5000000.0,11302472.112649968,6302472.112649968,0.0,0.0,6.0,0.0,3084,3084,57,0.0184824902723735,107894214.74802496,112959.32184597084,0.0010469451222178,0.0225918643691941,0,4257,100237,low_default,5000000.0
Fin_fl_rl_1,pure_rl,fl_rl,7439953.320862179,5000000.0,7439953.320860818,2439953.320860818,0.0,0.0,6.0,0.0,1780,1780,135,0.0758426966292134,62034321.92872777,344107.04040269734,0.0055470428257126,0.0688214080805394,0,4257,100237,medium_default,5000000.0
Fin_fl_rl_2,pure_rl,fl_rl,7490145.922461257,5000000.0,7490145.922463875,2490145.9224638757,0.0,0.0,7.0,0.0,1625,1625,129,0.0793846153846153,57006292.0355042,265360.437603585,0.0046549324316395,0.053072087520717,0,4257,100237,medium_default,5000000.0
Fin_fl_rl_3,pure_rl,fl_rl,11615973.344047122,5000000.0,11615973.344049376,6615973.344049376,0.0,0.0,6.0,0.0,3381,3381,84,0.0248447204968944,119053643.0889554,177645.85990920616,0.001492149717556,0.0355291719818412,0,4257,100237,medium_default,5000000.0
Fin_fl_rl_prox_1,pure_rl,fl_rl_prox,6495963.160141141,5000000.0,6495963.160142574,1495963.1601425745,0.0,0.0,9.0,0.0,954,954,102,0.1069182389937107,33222515.84940849,256093.8763468429,0.0077084431988133,0.0512187752693685,0,4253,100237,medium_default,5000000.0
Fin_fl_rl_prox_2,pure_rl,fl_rl_prox,7930625.400108147,5000000.0,7930625.400103309,2930625.400103309,0.0,0.0,6.0,0.0,1742,1742,122,0.0700344431687715,61859506.44718412,264440.4603890359,0.0042748556459113,0.0528880920778071,0,4253,100237,medium_default,5000000.0
Fin_fl_rl_prox_3,pure_rl,fl_rl_prox,13738737.275119487,5000000.0,13738737.275114758,8738737.275114758,0.0,0.0,6.0,0.0,4729,4729,73,0.0154366673715373,166069136.7230806,172516.76976358116,0.0010388249928176,0.0345033539527162,0,4253,100237,medium_default,5000000.0
Fin_fl_rl_scaffold_1,pure_rl,fl_rl_scaffold,7376549.647419604,5000000.0,7376549.647419115,2376549.6474191146,0.0,0.0,6.0,0.0,1543,1543,149,0.0965651328580687,53846502.78339482,363770.401787662,0.0067556922545365,0.0727540803575324,0,4262,100237,medium_default,5000000.0
Fin_fl_rl_scaffold_2,pure_rl,fl_rl_scaffold,6736954.661353483,5000000.0,6736954.661354517,1736954.6613545166,0.0,0.0,11.0,0.0,1162,1162,134,0.1153184165232358,40926546.43733546,304503.3687928014,0.0074402410000325,0.0609006737585602,0,4262,100237,medium_default,5000000.0
Fin_fl_rl_scaffold_3,pure_rl,fl_rl_scaffold,13265552.64516084,5000000.0,13265552.645164149,8265552.645164147,0.0,0.0,14.0,0.0,4250,4250,88,0.0207058823529411,150060676.33668408,192645.3238226696,0.0012837828572119,0.0385290647645339,0,4262,100237,medium_default,5000000.0
Fin_fl_rl_1,pure_rl,fl_rl,6546688.650495283,5000000.0,6546688.65049694,1546688.65049694,0.0,0.0,17.0,0.0,1358,1358,155,0.1141384388807069,47545276.414877295,533337.7962242647,0.0112174717751221,0.1066675592448529,0,4256,100237,high_default,5000000.0
Fin_fl_rl_2,pure_rl,fl_rl,7049161.381650345,5000000.0,7049161.381649192,2049161.3816491924,0.0,0.0,11.0,0.0,1758,1758,201,0.114334470989761,61331598.00386,530646.2909759093,0.0086520864977708,0.1061292581951818,0,4256,100237,high_default,5000000.0
Fin_fl_rl_3,pure_rl,fl_rl,10822542.40262174,5000000.0,10822542.402621051,5822542.402621051,0.0,0.0,31.0,0.0,3629,3629,92,0.025351336456324,127134253.97981744,232905.6708266884,0.0018319663154169,0.0465811341653376,0,4256,100237,high_default,5000000.0
Fin_fl_rl_prox_1,pure_rl,fl_rl_prox,7237347.039703965,5000000.0,7237347.039705783,2237347.039705783,0.0,0.0,14.0,0.0,1715,1715,149,0.0868804664723032,60132797.5725156,487773.0433072372,0.0081115973810967,0.0975546086614474,0,4253,100237,high_default,5000000.0
Fin_fl_rl_prox_2,pure_rl,fl_rl_prox,6804427.06129665,5000000.0,6804427.061294806,1804427.0612948064,0.0,0.0,18.0,0.0,1515,1515,185,0.1221122112211221,53340168.23145981,495964.5067312876,0.0092981429038457,0.0991929013462575,0,4253,100237,high_default,5000000.0
Fin_fl_rl_prox_3,pure_rl,fl_rl_prox,10085635.52658107,5000000.0,10085635.526580209,5085635.526580209,0.0,0.0,15.0,0.0,3203,3203,82,0.025600999063378,111647333.05474758,216951.09846414425,0.0019431820942624,0.0433902196928288,0,4253,100237,high_default,5000000.0
Fin_fl_rl_scaffold_1,pure_rl,fl_rl_scaffold,7159848.129160947,5000000.0,7159848.129162402,2159848.129162402,0.0,0.0,16.0,0.0,1770,1770,166,0.0937853107344632,61799182.40580143,540615.7759800747,0.0087479438227863,0.1081231551960149,0,4250,100237,high_default,5000000.0
Fin_fl_rl_scaffold_2,pure_rl,fl_rl_scaffold,6625317.835139628,5000000.0,6625317.835140356,1625317.835140356,0.0,0.0,18.0,0.0,1462,1462,196,0.13406292749658,51184740.64031798,545408.5930893131,0.0106556873448274,0.1090817186178626,0,4250,100237,high_default,5000000.0
Fin_fl_rl_scaffold_3,pure_rl,fl_rl_scaffold,10220173.750914756,5000000.0,10220173.75091703,5220173.750917031,0.0,0.0,18.0,0.0,3262,3262,74,0.0226854690374003,114127754.15537238,187519.8802908116,0.0016430699235132,0.0375039760581623,0,4250,100237,high_default,5000000.0
Fin_fl_rl_1,pure_rl,fl_rl,12619143.691366922,10000000.0,12619143.691363327,2619143.691363327,0.0,0.0,13.0,0.0,2969,2969,0,0.0,103710010.8659316,0.0,0.0,0.0,0,4252,100237,none_default,10000000.0
Fin_fl_rl_2,pure_rl,fl_rl,15688692.457947548,10000000.0,15688692.457939614,5688692.457939614,0.0,0.0,11.0,0.0,6150,6150,0,0.0,215739529.65374157,0.0,0.0,0.0,0,4252,100237,none_default,10000000.0
Fin_fl_rl_3,pure_rl,fl_rl,10967232.872303115,10000000.0,10967232.872303296,967232.872303296,0.0,0.0,15.0,0.0,1255,1255,0,0.0,43287147.65149508,0.0,0.0,0.0,0,4252,100237,none_default,10000000.0
Fin_fl_rl_prox_1,pure_rl,fl_rl_prox,13612031.172788149,10000000.0,13612031.172790475,3612031.172790475,0.0,0.0,13.0,0.0,5725,5725,0,0.0,200280639.9099258,0.0,0.0,0.0,0,4238,100237,none_default,10000000.0
Fin_fl_rl_prox_2,pure_rl,fl_rl_prox,10323516.17776676,10000000.0,10323516.177765649,323516.1777656488,0.0,0.0,11.0,0.0,444,444,0,0.0,15682123.104590915,0.0,0.0,0.0,0,4238,100237,none_default,10000000.0
Fin_fl_rl_prox_3,pure_rl,fl_rl_prox,12632166.214826286,10000000.0,12632166.214818832,2632166.2148188315,0.0,0.0,8.0,0.0,4230,4230,0,0.0,147246633.96286014,0.0,0.0,0.0,0,4238,100237,none_default,10000000.0
Fin_fl_rl_scaffold_1,pure_rl,fl_rl_scaffold,11140243.565931778,10000000.0,11140243.565934882,1140243.5659348816,0.0,0.0,13.0,0.0,1699,1699,0,0.0,59460790.93851075,0.0,0.0,0.0,0,4241,100237,none_default,10000000.0
Fin_fl_rl_scaffold_2,pure_rl,fl_rl_scaffold,10853344.832947848,10000000.0,10853344.832948389,853344.8329483867,0.0,0.0,11.0,0.0,1192,1192,0,0.0,41944929.936448,0.0,0.0,0.0,0,4241,100237,none_default,10000000.0
Fin_fl_rl_scaffold_3,pure_rl,fl_rl_scaffold,14940728.85859548,10000000.0,14940728.8585969,4940728.858596899,0.0,0.0,6.0,0.0,7450,7450,0,0.0,259738108.62499413,0.0,0.0,0.0,0,4241,100237,none_default,10000000.0
Fin_fl_rl_1,pure_rl,fl_rl,12450817.211262794,10000000.0,12450817.211259387,2450817.2112593874,0.0,0.0,13.0,0.0,1418,1418,59,0.041607898448519,50035148.0106761,133077.52420147066,0.0026596808342222,0.013307752420147,0,4258,100237,low_default,10000000.0
Fin_fl_rl_2,pure_rl,fl_rl,14115413.165946338,10000000.0,14115413.16594484,4115413.1659448408,0.0,0.0,15.0,0.0,2498,2498,157,0.0628502802241793,88346539.19231139,322765.9179040873,0.0036534076020962,0.0322765917904087,0,4258,100237,low_default,10000000.0
Fin_fl_rl_3,pure_rl,fl_rl,17078056.001481723,10000000.0,17078056.0014794,7078056.001479398,0.0,0.0,11.0,0.0,3633,3633,57,0.0156895127993393,127035684.26854496,120119.1464990345,0.0009455543707318,0.0120119146499034,0,4258,100237,low_default,10000000.0
Fin_fl_rl_prox_1,pure_rl,fl_rl_prox,12927414.59752592,10000000.0,12927414.5975149,2927414.5975149013,0.0,0.0,11.0,0.0,1893,1893,52,0.0274696249339672,65938593.289688334,119048.11163897753,0.0018054390562437,0.0119048111638977,0,4248,100237,low_default,10000000.0
Fin_fl_rl_prox_2,pure_rl,fl_rl_prox,14082000.82288698,10000000.0,14082000.822890222,4082000.822890222,0.0,0.0,17.0,0.0,2392,2392,106,0.044314381270903,83835974.11795904,206256.9305189877,0.0024602437401011,0.0206256930518987,0,4248,100237,low_default,10000000.0
Fin_fl_rl_prox_3,pure_rl,fl_rl_prox,17754914.652294304,10000000.0,17754914.65229978,7754914.65229978,0.0,0.0,18.0,0.0,4201,4201,79,0.0188050464175196,146968370.2885384,187291.4483155288,0.00127436568799,0.0187291448315528,0,4248,100237,low_default,10000000.0
Fin_fl_rl_scaffold_1,pure_rl,fl_rl_scaffold,11853083.036130637,10000000.0,11853083.036131855,1853083.036131855,0.0,0.0,12.0,0.0,1018,1018,34,0.0333988212180746,35742347.62634764,69090.80227035907,0.0019330236220809,0.0069090802270359,0,4248,100237,low_default,10000000.0
Fin_fl_rl_scaffold_2,pure_rl,fl_rl_scaffold,14251709.390625471,10000000.0,14251709.390625097,4251709.390625097,0.0,0.0,11.0,0.0,2668,2668,143,0.0535982008995502,94218023.83571386,319968.95839104406,0.0033960482863551,0.0319968958391044,0,4248,100237,low_default,10000000.0
Fin_fl_rl_scaffold_3,pure_rl,fl_rl_scaffold,19073290.979873534,10000000.0,19073290.97987323,9073290.979873229,0.0,0.0,15.0,0.0,4754,4754,52,0.0109381573411863,166364497.01781023,122099.3375756906,0.0007339266475984,0.012209933757569,0,4248,100237,low_default,10000000.0
Fin_fl_rl_1,pure_rl,fl_rl,14001352.237546884,10000000.0,14001352.237545136,4001352.237545136,0.0,0.0,18.0,0.0,2026,2026,74,0.0365251727541954,70358064.76931556,186238.64186553363,0.0026470120017677,0.0186238641865533,0,4251,100237,medium_default,10000000.0
Fin_fl_rl_2,pure_rl,fl_rl,10438879.708891142,10000000.0,10438879.708892372,438879.7088923715,0.0,0.0,29.0,0.0,423,423,83,0.1962174940898345,14975817.93294484,194033.66189801437,0.0129564650670041,0.0194033661898014,0,4251,100237,medium_default,10000000.0
Fin_fl_rl_3,pure_rl,fl_rl,17730588.31120382,10000000.0,17730588.31120913,7730588.311209131,0.0,0.0,17.0,0.0,3824,3824,67,0.017520920502092,134068210.30633268,150272.96235977334,0.0011208694590344,0.0150272962359773,0,4251,100237,medium_default,10000000.0
Fin_fl_rl_prox_1,pure_rl,fl_rl_prox,12075650.636096278,10000000.0,12075650.636095414,2075650.636095414,0.0,0.0,12.0,0.0,1239,1239,82,0.066182405165456,43016763.49209622,206505.15525121253,0.0048005739736592,0.0206505155251212,0,4252,100237,medium_default,10000000.0
Fin_fl_rl_prox_2,pure_rl,fl_rl_prox,13048362.51407358,10000000.0,13048362.51407596,3048362.514075959,0.0,0.0,11.0,0.0,2059,2059,107,0.0519669742593492,72684920.6497191,255046.0784985672,0.0035089269716297,0.0255046078498567,0,4252,100237,medium_default,10000000.0
Fin_fl_rl_prox_3,pure_rl,fl_rl_prox,18534326.73454117,10000000.0,18534326.734540462,8534326.734540466,0.0,0.0,15.0,0.0,4512,4512,88,0.0195035460992907,158168339.22863948,212095.485068496,0.0013409477908338,0.0212095485068496,0,4252,100237,medium_default,10000000.0
Fin_fl_rl_scaffold_1,pure_rl,fl_rl_scaffold,12922702.93830326,10000000.0,12922702.938302413,2922702.9383024126,0.0,0.0,14.0,0.0,1571,1571,81,0.0515595162316995,54909117.551790126,220618.68517486023,0.0040178880122554,0.022061868517486,0,4240,100237,medium_default,10000000.0
Fin_fl_rl_scaffold_2,pure_rl,fl_rl_scaffold,13538824.118232165,10000000.0,13538824.118227014,3538824.1182270143,0.0,0.0,13.0,0.0,2037,2037,111,0.0544918998527245,71666011.65326801,273435.0980417367,0.0038154083328183,0.0273435098041736,0,4240,100237,medium_default,10000000.0
Fin_fl_rl_scaffold_3,pure_rl,fl_rl_scaffold,16285494.83933151,10000000.0,16285494.839340262,6285494.839340262,0.0,0.0,21.0,0.0,3182,3182,68,0.021370207416719,112075751.30885552,162412.250255278,0.0014491292572976,0.0162412250255278,0,4240,100237,medium_default,10000000.0
Fin_fl_rl_1,pure_rl,fl_rl,12921328.875957724,10000000.0,12921328.875960726,2921328.8759607263,0.0,0.0,11.0,0.0,2204,2204,200,0.0907441016333938,77224754.26116565,655363.3712895968,0.0084864416541,0.0655363371289596,0,4264,100237,high_default,10000000.0
Fin_fl_rl_2,pure_rl,fl_rl,10988334.182192769,10000000.0,10988334.182193317,988334.1821933164,0.0,0.0,15.0,0.0,956,956,157,0.1642259414225941,33829105.597563654,419985.9954889025,0.0124149305182679,0.0419985995488902,0,4264,100237,high_default,10000000.0
Fin_fl_rl_3,pure_rl,fl_rl,16581641.020614645,10000000.0,16581641.020627508,6581641.020627508,0.0,0.0,17.0,0.0,3824,3824,97,0.0253661087866108,134570720.6769463,257979.19783358445,0.0019170529557681,0.0257979197833584,0,4264,100237,high_default,10000000.0
Fin_fl_rl_prox_1,pure_rl,fl_rl_prox,13046436.510093486,10000000.0,13046436.51009662,3046436.510096621,0.0,0.0,20.0,0.0,2107,2107,184,0.0873279544375889,73941640.5289419,612439.0917465733,0.0082827360519118,0.0612439091746573,0,4238,100237,high_default,10000000.0
Fin_fl_rl_prox_2,pure_rl,fl_rl_prox,11925655.929759964,10000000.0,11925655.929755352,1925655.9297553524,0.0,0.0,19.0,0.0,1198,1198,157,0.1310517529215359,42397792.02656072,413007.5219332638,0.0097412507159459,0.0413007521933263,0,4238,100237,high_default,10000000.0
Fin_fl_rl_prox_3,pure_rl,fl_rl_prox,15602460.094305009,10000000.0,15602460.094308008,5602460.094308008,0.0,0.0,20.0,0.0,3117,3117,84,0.026948989412897,109324424.00902942,233451.436271677,0.0021354005601931,0.0233451436271677,0,4238,100237,high_default,10000000.0
Fin_fl_rl_scaffold_1,pure_rl,fl_rl_scaffold,12650781.4387625,10000000.0,12650781.4387658,2650781.4387658,0.0,0.0,16.0,0.0,1972,1972,175,0.0887423935091277,68879645.61231762,567899.8600371794,0.0082448139067606,0.0567899860037179,0,4258,100237,high_default,10000000.0
Fin_fl_rl_scaffold_2,pure_rl,fl_rl_scaffold,12581062.005557254,10000000.0,12581062.005555129,2581062.0055551287,0.0,0.0,15.0,0.0,1903,1903,220,0.1156069364161849,66655681.40425608,582155.2469637467,0.0087337678454304,0.0582155246963746,0,4258,100237,high_default,10000000.0
Fin_fl_rl_scaffold_3,pure_rl,fl_rl_scaffold,15067491.493405644,10000000.0,15067491.4934019,5067491.4934019,0.0,0.0,14.0,0.0,3015,3015,91,0.0301824212271973,106030150.370036,243801.9085994668,0.0022993639804208,0.0243801908599466,0,4258,100237,high_default,10000000.0
Fin_fl_rl_1,pure_rl,fl_rl,5007470.89875318,1000000.0,5007470.898753829,4007470.898753829,0.0,0.0,6.0,0.0,2516,2516,0,0.0,87363963.99974228,0.0,0.0,0.0,0,4248,148832,none_default,1000000.0
Fin_fl_rl_2,pure_rl,fl_rl,4747222.683501135,1000000.0,4747222.683500621,3747222.683500621,0.0,0.0,6.0,0.0,2587,2587,0,0.0,86434565.59300123,0.0,0.0,0.0,0,4248,148832,none_default,1000000.0
Fin_fl_rl_3,pure_rl,fl_rl,4956205.5377111565,1000000.0,4956205.537711214,3956205.5377112143,0.0,0.0,6.0,0.0,2710,2710,0,0.0,88707395.96492572,0.0,0.0,0.0,0,4248,148832,none_default,1000000.0
Fin_fl_rl_prox_1,pure_rl,fl_rl_prox,5218581.376796627,1000000.0,5218581.376796505,4218581.376796505,0.0,0.0,6.0,0.0,2626,2626,0,0.0,88629629.25705254,0.0,0.0,0.0,0,4257,148832,none_default,1000000.0
Fin_fl_rl_prox_2,pure_rl,fl_rl_prox,5565414.854700781,1000000.0,5565414.854700295,4565414.854700295,0.0,0.0,6.0,0.0,2682,2682,0,0.0,92577284.96092863,0.0,0.0,0.0,0,4257,148832,none_default,1000000.0
Fin_fl_rl_prox_3,pure_rl,fl_rl_prox,4756858.233938643,1000000.0,4756858.233938465,3756858.233938465,0.0,0.0,6.0,0.0,2445,2445,0,0.0,80039891.50770085,0.0,0.0,0.0,0,4257,148832,none_default,1000000.0
Fin_fl_rl_scaffold_1,pure_rl,fl_rl_scaffold,5464501.315356188,1000000.0,5464501.315356349,4464501.315356349,0.0,0.0,6.0,0.0,2724,2724,0,0.0,93167779.51285242,0.0,0.0,0.0,0,4265,148832,none_default,1000000.0
Fin_fl_rl_scaffold_2,pure_rl,fl_rl_scaffold,4631082.138731013,1000000.0,4631082.138731087,3631082.138731087,0.0,0.0,6.0,0.0,2313,2313,0,0.0,78039328.22554085,0.0,0.0,0.0,0,4265,148832,none_default,1000000.0
Fin_fl_rl_scaffold_3,pure_rl,fl_rl_scaffold,5173542.722968242,1000000.0,5173542.722968455,4173542.7229684554,0.0,0.0,6.0,0.0,2700,2700,0,0.0,89372421.35595779,0.0,0.0,0.0,0,4265,148832,none_default,1000000.0
Fin_fl_rl_1,pure_rl,fl_rl,4777331.6864545625,1000000.0,4777331.686454504,3777331.686454504,0.0,0.0,7.0,0.0,2122,2122,84,0.0395852968897266,72512141.35231562,179444.95020301623,0.0024746883329668,0.1794449502030162,0,4262,148832,low_default,1000000.0
Fin_fl_rl_2,pure_rl,fl_rl,5323649.2903248975,1000000.0,5323649.290324622,4323649.290324622,0.0,0.0,6.0,0.0,2523,2523,203,0.0804597701149425,86844874.59751502,443645.6831853792,0.0051084843549083,0.4436456831853791,0,4262,148832,low_default,1000000.0
Fin_fl_rl_3,pure_rl,fl_rl,5746084.498805313,1000000.0,5746084.498805455,4746084.498805455,0.0,0.0,6.0,0.0,2390,2390,30,0.0125523012552301,81403527.835078,69643.00934413983,0.0008555281471981,0.0696430093441398,0,4262,148832,low_default,1000000.0
Fin_fl_rl_prox_1,pure_rl,fl_rl_prox,5000135.302532704,1000000.0,5000135.302532356,4000135.302532356,0.0,0.0,7.0,0.0,2453,2453,106,0.0432123929881777,82585995.60336782,233682.28385442036,0.002829563077216,0.2336822838544203,0,4252,148832,low_default,1000000.0
Fin_fl_rl_prox_2,pure_rl,fl_rl_prox,4622256.4782017805,1000000.0,4622256.478201387,3622256.478201388,0.0,0.0,6.0,0.0,2094,2094,132,0.0630372492836676,71700909.91111529,275552.6425508816,0.0038430843191874,0.2755526425508816,0,4252,148832,low_default,1000000.0
Fin_fl_rl_prox_3,pure_rl,fl_rl_prox,5795365.396680728,1000000.0,5795365.396680883,4795365.396680883,0.0,0.0,6.0,0.0,2526,2526,32,0.0126682501979414,87355575.83759964,71100.70741905255,0.0008139229435249,0.0711007074190525,0,4252,148832,low_default,1000000.0
Fin_fl_rl_scaffold_1,pure_rl,fl_rl_scaffold,4518317.592321995,1000000.0,4518317.592321768,3518317.5923217675,0.0,0.0,7.0,0.0,2134,2134,126,0.0590440487347703,72792682.32837075,281195.9560196481,0.0038629701094288,0.2811959560196481,0,4259,148832,low_default,1000000.0
Fin_fl_rl_scaffold_2,pure_rl,fl_rl_scaffold,5238265.527849836,1000000.0,5238265.527850446,4238265.527850446,0.0,0.0,6.0,0.0,2386,2386,189,0.0792120704107292,81984323.08204742,370827.27260646666,0.0045231485565277,0.3708272726064666,0,4259,148832,low_default,1000000.0
Fin_fl_rl_scaffold_3,pure_rl,fl_rl_scaffold,5826225.692673399,1000000.0,5826225.692673145,4826225.692673145,0.0,0.0,6.0,0.0,2500,2500,51,0.0204,85752877.83113225,109104.5207241112,0.0012723132270728,0.1091045207241112,0,4259,148832,low_default,1000000.0
Fin_fl_rl_1,pure_rl,fl_rl,3936171.9320039945,1000000.0,3936171.932003832,2936171.9320038324,0.0,0.0,7.0,0.0,1645,1645,59,0.0358662613981762,56108675.522343226,146432.60636671731,0.0026098032969679,0.1464326063667173,0,4252,148832,medium_default,1000000.0
Fin_fl_rl_2,pure_rl,fl_rl,4227908.58936115,1000000.0,4227908.589360897,3227908.5893608974,0.0,0.0,6.0,0.0,1859,1859,74,0.0398063474986551,63688434.86488848,158923.3790936865,0.0024953255552728,0.1589233790936865,0,4252,148832,medium_default,1000000.0
Fin_fl_rl_3,pure_rl,fl_rl,6271939.876132895,1000000.0,6271939.876132389,5271939.876132389,0.0,0.0,6.0,0.0,2614,2614,36,0.0137719969395562,90335219.99002036,99342.21419498572,0.0010997063405165,0.0993422141949857,0,4252,148832,medium_default,1000000.0
Fin_fl_rl_prox_1,pure_rl,fl_rl_prox,3586162.759268631,1000000.0,3586162.7592686075,2586162.7592686075,0.0,0.0,6.0,0.0,1445,1445,53,0.0366782006920415,49754895.71328247,142909.9581002903,0.0028722793214927,0.1429099581002903,0,4262,148832,medium_default,1000000.0
Fin_fl_rl_prox_2,pure_rl,fl_rl_prox,3725735.611865013,1000000.0,3725735.6118643135,2725735.6118643144,0.0,0.0,6.0,0.0,1650,1650,69,0.0418181818181818,56492523.80821022,151536.66394795623,0.0026824197917306,0.1515366639479562,0,4262,148832,medium_default,1000000.0
Fin_fl_rl_prox_3,pure_rl,fl_rl_prox,7197165.026056784,1000000.0,7197165.026056576,6197165.026056576,0.0,0.0,6.0,0.0,3123,3123,37,0.0118475824527697,106247421.82252456,92810.24311410906,0.0008735293668503,0.092810243114109,0,4262,148832,medium_default,1000000.0
Fin_fl_rl_scaffold_1,pure_rl,fl_rl_scaffold,3656283.2535003945,1000000.0,3656283.253500183,2656283.253500183,0.0,0.0,6.0,0.0,1458,1458,63,0.0432098765432098,50221227.41431865,164350.82926796874,0.003272537086999,0.1643508292679687,0,4267,148832,medium_default,1000000.0
Fin_fl_rl_scaffold_2,pure_rl,fl_rl_scaffold,4654699.42934174,1000000.0,4654699.429340916,3654699.429340916,0.0,0.0,6.0,0.0,2036,2036,75,0.0368369351669941,69702974.74914879,168497.53017333936,0.0024173649801853,0.1684975301733393,0,4267,148832,medium_default,1000000.0
Fin_fl_rl_scaffold_3,pure_rl,fl_rl_scaffold,6120200.196532375,1000000.0,6120200.19653118,5120200.19653118,0.0,0.0,6.0,0.0,2576,2576,34,0.0131987577639751,87468450.53262809,94527.95857596037,0.0010807091928614,0.0945279585759603,0,4267,148832,medium_default,1000000.0
Fin_fl_rl_1,pure_rl,fl_rl,2935719.4871722907,1000000.0,2935719.487172684,1935719.487172684,0.0,0.0,33.0,0.0,1545,1545,115,0.0744336569579288,53725666.49680603,378798.8395595801,0.0070506121982144,0.3787988395595801,0,4250,148832,high_default,1000000.0
Fin_fl_rl_2,pure_rl,fl_rl,2806357.155597227,1000000.0,2806357.1555971764,1806357.1555971764,0.0,0.0,7.0,0.0,1330,1330,118,0.0887218045112782,46702673.82025436,332368.1660535976,0.0071166838826571,0.3323681660535976,0,4250,148832,high_default,1000000.0
Fin_fl_rl_3,pure_rl,fl_rl,4443189.570348452,1000000.0,4443189.570348313,3443189.570348313,0.0,0.0,6.0,0.0,2395,2395,51,0.0212943632567849,78952966.98720321,144367.10656005357,0.0018285203465938,0.1443671065600535,0,4250,148832,high_default,1000000.0
Fin_fl_rl_prox_1,pure_rl,fl_rl_prox,2935719.4871722907,1000000.0,2935719.487172684,1935719.487172684,0.0,0.0,33.0,0.0,1545,1545,115,0.0744336569579288,53725666.49680603,378798.8395595801,0.0070506121982144,0.3787988395595801,0,4250,148832,high_default,1000000.0
Fin_fl_rl_prox_2,pure_rl,fl_rl_prox,2806357.155597227,1000000.0,2806357.1555971764,1806357.1555971764,0.0,0.0,7.0,0.0,1330,1330,118,0.0887218045112782,46702673.82025436,332368.1660535976,0.0071166838826571,0.3323681660535976,0,4250,148832,high_default,1000000.0
Fin_fl_rl_prox_3,pure_rl,fl_rl_prox,4443189.570348452,1000000.0,4443189.570348313,3443189.570348313,0.0,0.0,6.0,0.0,2395,2395,51,0.0212943632567849,78952966.98720321,144367.10656005357,0.0018285203465938,0.1443671065600535,0,4250,148832,high_default,1000000.0
Fin_fl_rl_scaffold_1,pure_rl,fl_rl_scaffold,2935719.4871722907,1000000.0,2935719.487172684,1935719.487172684,0.0,0.0,33.0,0.0,1545,1545,115,0.0744336569579288,53725666.49680603,378798.8395595801,0.0070506121982144,0.3787988395595801,0,4250,148832,high_default,1000000.0
Fin_fl_rl_scaffold_2,pure_rl,fl_rl_scaffold,2806357.155597227,1000000.0,2806357.1555971764,1806357.1555971764,0.0,0.0,7.0,0.0,1330,1330,118,0.0887218045112782,46702673.82025436,332368.1660535976,0.0071166838826571,0.3323681660535976,0,4250,148832,high_default,1000000.0
Fin_fl_rl_scaffold_3,pure_rl,fl_rl_scaffold,4443189.570348452,1000000.0,4443189.570348313,3443189.570348313,0.0,0.0,6.0,0.0,2395,2395,51,0.0212943632567849,78952966.98720321,144367.10656005357,0.0018285203465938,0.1443671065600535,0,4250,148832,high_default,1000000.0
Fin_fl_rl_1,pure_rl,fl_rl,5930348.544459921,5000000.0,5930348.544457521,930348.5444575212,0.0,0.0,15.0,0.0,882,882,0,0.0,30808168.88778563,0.0,0.0,0.0,0,4250,148832,none_default,5000000.0
Fin_fl_rl_2,pure_rl,fl_rl,10011958.9665482,5000000.0,10011958.966549307,5011958.966549307,0.0,0.0,6.0,0.0,4184,4184,0,0.0,146077861.77565444,0.0,0.0,0.0,0,4250,148832,none_default,5000000.0
Fin_fl_rl_3,pure_rl,fl_rl,12014750.900889946,5000000.0,12014750.900887474,7014750.900887474,0.0,0.0,6.0,0.0,5327,5327,0,0.0,184945609.4918272,0.0,0.0,0.0,0,4250,148832,none_default,5000000.0
Fin_fl_rl_prox_1,pure_rl,fl_rl_prox,5845602.613297476,5000000.0,5845602.613298022,845602.6132980222,0.0,0.0,19.0,0.0,879,879,0,0.0,30340279.96682612,0.0,0.0,0.0,0,4248,148832,none_default,5000000.0
Fin_fl_rl_prox_2,pure_rl,fl_rl_prox,10615853.64661872,5000000.0,10615853.646617329,5615853.646617327,0.0,0.0,6.0,0.0,4640,4640,0,0.0,161992531.98870844,0.0,0.0,0.0,0,4248,148832,none_default,5000000.0
Fin_fl_rl_prox_3,pure_rl,fl_rl_prox,11176392.634522485,5000000.0,11176392.634525618,6176392.634525618,0.0,0.0,6.0,0.0,4851,4851,0,0.0,168456139.2168552,0.0,0.0,0.0,0,4248,148832,none_default,5000000.0
Fin_fl_rl_scaffold_1,pure_rl,fl_rl_scaffold,6072152.43446926,5000000.0,6072152.434469054,1072152.4344690545,0.0,0.0,19.0,0.0,1024,1024,0,0.0,35856132.911612004,0.0,0.0,0.0,0,4255,148832,none_default,5000000.0
Fin_fl_rl_scaffold_2,pure_rl,fl_rl_scaffold,13713424.295811068,5000000.0,13713424.295810346,8713424.295810346,0.0,0.0,6.0,0.0,6808,6808,0,0.0,237531039.71217367,0.0,0.0,0.0,0,4255,148832,none_default,5000000.0
Fin_fl_rl_scaffold_3,pure_rl,fl_rl_scaffold,8204475.144317508,5000000.0,8204475.144316258,3204475.144316258,0.0,0.0,15.0,0.0,2551,2551,0,0.0,90194750.57027952,0.0,0.0,0.0,0,4255,148832,none_default,5000000.0
Fin_fl_rl_1,pure_rl,fl_rl,7902259.698331345,5000000.0,7902259.698336211,2902259.698336211,0.0,0.0,14.0,0.0,1616,1616,53,0.0327970297029703,56803254.63461143,105396.59221244158,0.001855467488446,0.0210793184424883,0,4254,148832,low_default,5000000.0
Fin_fl_rl_2,pure_rl,fl_rl,10210899.794283148,5000000.0,10210899.794281436,5210899.794281436,0.0,0.0,13.0,0.0,2745,2745,73,0.0265938069216757,95795307.84220947,146780.72140697736,0.0015322328902449,0.0293561442813954,0,4254,148832,low_default,5000000.0
Fin_fl_rl_3,pure_rl,fl_rl,12185446.02805904,5000000.0,12185446.028060244,7185446.028060244,0.0,0.0,17.0,0.0,3586,3586,33,0.00920245398773,125380136.90917446,67762.48678365097,0.0005404563151238,0.0135524973567301,0,4254,148832,low_default,5000000.0
Fin_fl_rl_prox_1,pure_rl,fl_rl_prox,6704341.145003906,5000000.0,6704341.145003871,1704341.145003871,0.0,0.0,10.0,0.0,1028,1028,46,0.0447470817120622,36639362.25230794,87362.83010817037,0.0023843982192312,0.017472566021634,0,4258,148832,low_default,5000000.0
Fin_fl_rl_prox_2,pure_rl,fl_rl_prox,9627584.659060488,5000000.0,9627584.65905928,4627584.6590592805,0.0,0.0,13.0,0.0,2447,2447,98,0.0400490396403759,86138676.76093824,215639.73359397287,0.0025034019757749,0.0431279467187945,0,4258,148832,low_default,5000000.0
Fin_fl_rl_prox_3,pure_rl,fl_rl_prox,13907644.504818508,5000000.0,13907644.504823543,8907644.504823545,0.0,0.0,12.0,0.0,4486,4486,40,0.0089166295140436,157676964.72556332,93103.73617536091,0.000590471387735,0.0186207472350721,0,4258,148832,low_default,5000000.0
Fin_fl_rl_scaffold_1,pure_rl,fl_rl_scaffold,8363182.082422881,5000000.0,8363182.082424465,3363182.0824244646,0.0,0.0,21.0,0.0,2107,2107,72,0.034171808258187,73655631.80051604,154036.6881222736,0.0020913090330886,0.0308073376244547,0,4257,148832,low_default,5000000.0
Fin_fl_rl_scaffold_2,pure_rl,fl_rl_scaffold,9536136.687689956,5000000.0,9536136.687686482,4536136.687686482,0.0,0.0,13.0,0.0,2455,2455,116,0.0472505091649694,86372373.93832047,246758.59996084243,0.0028569158020023,0.0493517199921684,0,4257,148832,low_default,5000000.0
Fin_fl_rl_scaffold_3,pure_rl,fl_rl_scaffold,10299408.772468433,5000000.0,10299408.772469535,5299408.772469536,0.0,0.0,10.0,0.0,2802,2802,37,0.0132048536759457,97784805.97057444,82470.95257617257,0.000843392301673,0.0164941905152345,0,4257,148832,low_default,5000000.0
Fin_fl_rl_1,pure_rl,fl_rl,9014088.594989335,5000000.0,9014088.594989264,4014088.594989263,0.0,0.0,8.0,0.0,2274,2274,94,0.0413368513632365,79725604.99477458,265938.5106884317,0.0033356725321289,0.0531877021376863,0,4254,148832,medium_default,5000000.0
Fin_fl_rl_2,pure_rl,fl_rl,8051964.128083587,5000000.0,8051964.12808672,3051964.12808672,0.0,0.0,9.0,0.0,1799,1799,131,0.0728182323513062,62852087.728204094,274848.3903672599,0.0043729397113395,0.0549696780734519,0,4254,148832,medium_default,5000000.0
Fin_fl_rl_3,pure_rl,fl_rl,11657445.225060236,5000000.0,11657445.225063143,6657445.225063145,0.0,0.0,8.0,0.0,3532,3532,69,0.0195356738391845,123164807.06216323,157988.7187575733,0.0012827423882362,0.0315977437515146,0,4254,148832,medium_default,5000000.0
Fin_fl_rl_prox_1,pure_rl,fl_rl_prox,9195812.255317109,5000000.0,9195812.255318176,4195812.255318176,0.0,0.0,10.0,0.0,2230,2230,86,0.0385650224215246,77775402.65209056,244486.4017039016,0.0031434925872071,0.0488972803407803,0,4246,148832,medium_default,5000000.0
Fin_fl_rl_prox_2,pure_rl,fl_rl_prox,8413640.715164125,5000000.0,8413640.715165794,3413640.715165794,0.0,0.0,9.0,0.0,1819,1819,132,0.0725673446948873,63339325.406320624,272443.58912775427,0.004301333924541,0.0544887178255508,0,4246,148832,medium_default,5000000.0
Fin_fl_rl_prox_3,pure_rl,fl_rl_prox,11012707.774416972,5000000.0,11012707.774419142,6012707.774419142,0.0,0.0,11.0,0.0,2960,2960,66,0.0222972972972973,103478728.09159516,155301.78505199525,0.001500808793422,0.031060357010399,0,4246,148832,medium_default,5000000.0
Fin_fl_rl_scaffold_1,pure_rl,fl_rl_scaffold,9803517.12459033,5000000.0,9803517.124591723,4803517.124591725,0.0,0.0,7.0,0.0,2631,2631,109,0.0414291144051691,92457511.6371355,304453.40140343166,0.0032929006633696,0.0608906802806863,0,4245,148832,medium_default,5000000.0
Fin_fl_rl_scaffold_2,pure_rl,fl_rl_scaffold,7859717.291710349,5000000.0,7859717.29171239,2859717.2917123903,0.0,0.0,7.0,0.0,1689,1689,135,0.0799289520426287,58737734.43858006,288991.3589770942,0.0049200290365179,0.0577982717954188,0,4245,148832,medium_default,5000000.0
Fin_fl_rl_scaffold_3,pure_rl,fl_rl_scaffold,11416011.369946478,5000000.0,11416011.369953245,6416011.369953243,0.0,0.0,8.0,0.0,3280,3280,58,0.0176829268292682,115069681.7044141,136180.04954671158,0.0011834572541577,0.0272360099093423,0,4245,148832,medium_default,5000000.0
Fin_fl_rl_1,pure_rl,fl_rl,6046163.629360403,5000000.0,6046163.6293619815,1046163.6293619816,0.0,0.0,24.0,0.0,669,669,76,0.1136023916292974,23223295.714937523,243842.7279493716,0.0104999191735102,0.0487685455898743,0,4255,148832,high_default,5000000.0
Fin_fl_rl_2,pure_rl,fl_rl,8570701.416502627,5000000.0,8570701.416503947,3570701.416503947,0.0,0.0,19.0,0.0,2410,2410,180,0.0746887966804979,84215576.23476078,526867.2929295347,0.0062561739346273,0.1053734585859069,0,4255,148832,high_default,5000000.0
Fin_fl_rl_3,pure_rl,fl_rl,11049519.351543847,5000000.0,11049519.35154166,6049519.351541661,0.0,0.0,21.0,0.0,3396,3396,69,0.0203180212014134,117981142.866232,209871.79776443163,0.0017788588300283,0.0419743595528863,0,4255,148832,high_default,5000000.0
Fin_fl_rl_prox_1,pure_rl,fl_rl_prox,7652025.265029291,5000000.0,7652025.265028203,2652025.265028203,0.0,0.0,24.0,0.0,1750,1750,96,0.0548571428571428,61244903.24104313,316907.5030071442,0.0051744306258413,0.0633815006014288,0,4237,148832,high_default,5000000.0
Fin_fl_rl_prox_2,pure_rl,fl_rl_prox,7460133.491313999,5000000.0,7460133.491311036,2460133.491311036,0.0,0.0,19.0,0.0,1558,1558,187,0.1200256739409499,54644088.947658114,526421.0379659978,0.0096336318914611,0.1052842075931995,0,4237,148832,high_default,5000000.0
Fin_fl_rl_prox_3,pure_rl,fl_rl_prox,10648115.593051886,5000000.0,10648115.593053956,5648115.593053956,0.0,0.0,19.0,0.0,2909,2909,71,0.0244070127191474,102426525.00319676,211516.6844801416,0.0020650577033003,0.0423033368960283,0,4237,148832,high_default,5000000.0
Fin_fl_rl_scaffold_1,pure_rl,fl_rl_scaffold,5142710.461764018,5000000.0,5142710.461763885,142710.46176388487,0.0,0.0,24.0,0.0,271,271,76,0.2804428044280442,9387233.748143006,243842.7279493716,0.0259759940459146,0.0487685455898743,0,4240,148832,high_default,5000000.0
Fin_fl_rl_scaffold_2,pure_rl,fl_rl_scaffold,7778276.750155765,5000000.0,7778276.750156587,2778276.750156587,0.0,0.0,19.0,0.0,1730,1730,188,0.1086705202312138,60742895.50040202,518575.13183308695,0.008537214559185,0.1037150263666173,0,4240,148832,high_default,5000000.0
Fin_fl_rl_scaffold_3,pure_rl,fl_rl_scaffold,12502662.528843412,5000000.0,12502662.52884519,7502662.528845189,0.0,0.0,11.0,0.0,3956,3956,80,0.0202224469160768,139002745.51289365,245644.06579205877,0.0017671885895899,0.0491288131584117,0,4240,148832,high_default,5000000.0
Fin_fl_rl_1,pure_rl,fl_rl,10333854.22231373,10000000.0,10333854.222313665,333854.222313663,0.0,0.0,19.0,0.0,357,357,0,0.0,12554809.983557994,0.0,0.0,0.0,0,4252,148832,none_default,10000000.0
Fin_fl_rl_2,pure_rl,fl_rl,14151220.928261936,10000000.0,14151220.928261297,4151220.928261297,0.0,0.0,11.0,0.0,3612,3612,0,0.0,126198493.65812448,0.0,0.0,0.0,0,4252,148832,none_default,10000000.0
Fin_fl_rl_3,pure_rl,fl_rl,17706471.75987546,10000000.0,17706471.759874232,7706471.759874232,0.0,0.0,15.0,0.0,6420,6420,0,0.0,224713148.79928103,0.0,0.0,0.0,0,4252,148832,none_default,10000000.0
Fin_fl_rl_prox_1,pure_rl,fl_rl_prox,16806586.25101599,10000000.0,16806586.251016576,6806586.251016576,0.0,0.0,19.0,0.0,5945,5945,0,0.0,208062922.7067808,0.0,0.0,0.0,0,4240,148832,none_default,10000000.0
Fin_fl_rl_prox_2,pure_rl,fl_rl_prox,12514015.944868045,10000000.0,12514015.944870226,2514015.944870226,0.0,0.0,12.0,0.0,2416,2416,0,0.0,84442947.98369813,0.0,0.0,0.0,0,4240,148832,none_default,10000000.0
Fin_fl_rl_prox_3,pure_rl,fl_rl_prox,12455455.60810274,10000000.0,12455455.608106168,2455455.608106168,0.0,0.0,10.0,0.0,2031,2031,0,0.0,70998272.65058108,0.0,0.0,0.0,0,4240,148832,none_default,10000000.0
Fin_fl_rl_scaffold_1,pure_rl,fl_rl_scaffold,12471318.59823138,10000000.0,12471318.598227937,2471318.598227937,0.0,0.0,19.0,0.0,2549,2549,0,0.0,89357999.23655324,0.0,0.0,0.0,0,4254,148832,none_default,10000000.0
Fin_fl_rl_scaffold_2,pure_rl,fl_rl_scaffold,14344853.40102321,10000000.0,14344853.401020426,4344853.401020426,0.0,0.0,14.0,0.0,3823,3823,0,0.0,133777908.11777918,0.0,0.0,0.0,0,4254,148832,none_default,10000000.0
Fin_fl_rl_scaffold_3,pure_rl,fl_rl_scaffold,15100772.039996834,10000000.0,15100772.040000051,5100772.040000051,0.0,0.0,15.0,0.0,3988,3988,0,0.0,139419920.18049917,0.0,0.0,0.0,0,4254,148832,none_default,10000000.0
Fin_fl_rl_1,pure_rl,fl_rl,13689475.168521788,10000000.0,13689475.168519013,3689475.1685190126,0.0,0.0,17.0,0.0,2051,2051,56,0.0273037542662116,71208743.81705275,116407.0057747279,0.0016347291011592,0.0116407005774727,0,4256,148832,low_default,10000000.0
Fin_fl_rl_2,pure_rl,fl_rl,10149294.286176408,10000000.0,10149294.286177326,149294.286177326,0.0,0.0,26.0,0.0,202,202,44,0.2178217821782178,7007755.094978819,81250.71874569119,0.0115944004384383,0.0081250718745691,0,4256,148832,low_default,10000000.0
Fin_fl_rl_3,pure_rl,fl_rl,22030552.3472534,10000000.0,22030552.34725876,12030552.347258762,0.0,0.0,15.0,0.0,6351,6351,81,0.0127538970240906,221907218.79797035,186892.4888322808,0.0008422100454624,0.018689248883228,0,4256,148832,low_default,10000000.0
Fin_fl_rl_prox_1,pure_rl,fl_rl_prox,11439658.727016222,10000000.0,11439658.727014638,1439658.7270146385,0.0,0.0,14.0,0.0,974,974,47,0.0482546201232032,33526769.579758365,88280.00659320531,0.0026331199724802,0.0088280006593205,0,4253,148832,low_default,10000000.0
Fin_fl_rl_prox_2,pure_rl,fl_rl_prox,10147706.803439232,10000000.0,10147706.803440155,147706.80344015732,0.0,0.0,26.0,0.0,199,199,42,0.2110552763819095,6909728.725630042,78411.95268833252,0.0113480508138447,0.0078411952688332,0,4253,148832,low_default,10000000.0
Fin_fl_rl_prox_3,pure_rl,fl_rl_prox,23102680.19622109,10000000.0,23102680.19621766,13102680.19621766,0.0,0.0,9.0,0.0,7438,7438,101,0.0135789190642645,260482198.700606,223671.70476422817,0.000858683264653,0.0223671704764228,0,4253,148832,low_default,10000000.0
Fin_fl_rl_scaffold_1,pure_rl,fl_rl_scaffold,12678843.666220289,10000000.0,12678843.666223928,2678843.6662239283,0.0,0.0,12.0,0.0,1770,1770,112,0.063276836158192,61517298.53778827,233903.27545776035,0.0038022358103725,0.023390327545776,0,4249,148832,low_default,10000000.0
Fin_fl_rl_scaffold_2,pure_rl,fl_rl_scaffold,10415981.916067312,10000000.0,10415981.91606842,415981.9160684198,0.0,0.0,26.0,0.0,365,365,69,0.1890410958904109,12828683.346824214,137807.24680793937,0.0107421192870937,0.0137807246807939,0,4249,148832,low_default,10000000.0
Fin_fl_rl_scaffold_3,pure_rl,fl_rl_scaffold,22285027.957280323,10000000.0,22285027.95727588,12285027.957275882,0.0,0.0,13.0,0.0,6387,6387,44,0.0068889932675747,223355749.2902428,91943.43764764228,0.0004116457173805,0.0091943437647642,0,4249,148832,low_default,10000000.0
Fin_fl_rl_1,pure_rl,fl_rl,14440752.658418696,10000000.0,14440752.658422306,4440752.658422306,0.0,0.0,19.0,0.0,2281,2281,83,0.0363875493204734,79458279.27607659,201661.3016505573,0.0025379520358084,0.0201661301650557,0,4252,148832,medium_default,10000000.0
Fin_fl_rl_2,pure_rl,fl_rl,11532322.41387248,10000000.0,11532322.41387568,1532322.4138756786,0.0,0.0,13.0,0.0,912,912,111,0.1217105263157894,31716266.830360025,243274.5164585544,0.0076703389386824,0.0243274516458554,0,4252,148832,medium_default,10000000.0
Fin_fl_rl_3,pure_rl,fl_rl,17828386.70350447,10000000.0,17828386.703517996,7828386.703517996,0.0,0.0,6.0,0.0,3980,3980,80,0.0201005025125628,139591579.75893307,208135.3203633405,0.0014910306246464,0.020813532036334,0,4252,148832,medium_default,10000000.0
Fin_fl_rl_prox_1,pure_rl,fl_rl_prox,11540143.72320707,10000000.0,11540143.72320375,1540143.7232037503,0.0,0.0,9.0,0.0,899,899,76,0.0845383759733036,30981196.847784583,195317.41163639148,0.00630438561157,0.0195317411636391,0,4251,148832,medium_default,10000000.0
Fin_fl_rl_prox_2,pure_rl,fl_rl_prox,13114645.889940351,10000000.0,13114645.88994546,3114645.8899454605,0.0,0.0,8.0,0.0,1705,1705,113,0.0662756598240469,59019654.1564441,240678.20092641472,0.0040779330947695,0.0240678200926414,0,4251,148832,medium_default,10000000.0
Fin_fl_rl_prox_3,pure_rl,fl_rl_prox,18624295.212499943,10000000.0,18624295.21249661,8624295.212496612,0.0,0.0,10.0,0.0,4329,4329,81,0.0187110187110187,151677904.4633645,200669.67584008232,0.0013229987357093,0.0200669675840082,0,4251,148832,medium_default,10000000.0
Fin_fl_rl_scaffold_1,pure_rl,fl_rl_scaffold,13205475.160594642,10000000.0,13205475.160589537,3205475.160589535,0.0,0.0,10.0,0.0,1812,1812,79,0.0435982339955849,63463053.47869479,207346.59668023707,0.0032672017073657,0.0207346596680237,0,4262,148832,medium_default,10000000.0
Fin_fl_rl_scaffold_2,pure_rl,fl_rl_scaffold,12918471.76043369,10000000.0,12918471.760437414,2918471.760437414,0.0,0.0,8.0,0.0,1755,1755,127,0.0723646723646723,61677858.0001139,281554.9133879981,0.0045649269043597,0.0281554913387998,0,4262,148832,medium_default,10000000.0
Fin_fl_rl_scaffold_3,pure_rl,fl_rl_scaffold,18270474.546491276,10000000.0,18270474.546489283,8270474.546489283,0.0,0.0,12.0,0.0,4178,4178,60,0.0143609382479655,146424704.07770738,152824.5141945263,0.0010437071746678,0.0152824514194526,0,4262,148832,medium_default,10000000.0
Fin_fl_rl_1,pure_rl,fl_rl,10635150.787665322,10000000.0,10635150.787664918,635150.7876649182,0.0,0.0,24.0,0.0,541,541,92,0.1700554528650646,19139879.628427364,333694.1947863561,0.0174344980879994,0.0333694194786356,0,4239,148832,high_default,10000000.0
Fin_fl_rl_2,pure_rl,fl_rl,12562655.072418286,10000000.0,12562655.072416171,2562655.0724161714,0.0,0.0,15.0,0.0,1461,1461,152,0.1040383299110198,51149942.084170565,408753.5598567476,0.0079912809907803,0.0408753559856747,0,4239,148832,high_default,10000000.0
Fin_fl_rl_3,pure_rl,fl_rl,15644779.512919877,10000000.0,15644779.512910577,5644779.512910577,0.0,0.0,15.0,0.0,2941,2941,82,0.027881672900374,102401585.1703896,260231.42136736415,0.0025412831347713,0.0260231421367364,0,4239,148832,high_default,10000000.0
Fin_fl_rl_prox_1,pure_rl,fl_rl_prox,10281696.32491255,10000000.0,10281696.324912688,281696.32491268776,0.0,0.0,24.0,0.0,375,375,87,0.232,13174027.68645086,316626.485298379,0.0240341445178546,0.0316626485298379,0,4234,148832,high_default,10000000.0
Fin_fl_rl_prox_2,pure_rl,fl_rl_prox,11332233.343712496,10000000.0,11332233.343708618,1332233.3437086176,0.0,0.0,9.0,0.0,894,894,141,0.1577181208053691,31559611.83440882,387054.0719452617,0.0122642215619161,0.0387054071945261,0,4234,148832,high_default,10000000.0
Fin_fl_rl_prox_3,pure_rl,fl_rl_prox,18448602.270794205,10000000.0,18448602.27079194,8448602.27079194,0.0,0.0,14.0,0.0,4090,4090,92,0.0224938875305623,142601789.55424073,287556.5372753096,0.0020165002008332,0.0287556537275309,0,4234,148832,high_default,10000000.0
Fin_fl_rl_scaffold_1,pure_rl,fl_rl_scaffold,12180686.184835216,10000000.0,12180686.184832577,2180686.1848325767,0.0,0.0,22.0,0.0,1393,1393,83,0.059583632447954,48965211.16627768,292851.4979883649,0.0059808074143475,0.0292851497988364,0,4242,148832,high_default,10000000.0
Fin_fl_rl_scaffold_2,pure_rl,fl_rl_scaffold,13038521.78898666,10000000.0,13038521.788985956,3038521.7889859565,0.0,0.0,18.0,0.0,1874,1874,148,0.0789754535752401,66003298.3681298,390723.53683979536,0.0059197577469622,0.0390723536839795,0,4242,148832,high_default,10000000.0
Fin_fl_rl_scaffold_3,pure_rl,fl_rl_scaffold,15596164.364457564,10000000.0,15596164.36445554,5596164.36445554,0.0,0.0,19.0,0.0,3044,3044,96,0.0315374507227332,106188989.848747,314497.89203655295,0.0029616807965168,0.0314497892036552,0,4242,148832,high_default,10000000.0
Fin_fl_rl_1,pure_rl,fl_rl,4241964.565706168,1000000.0,4241964.565706612,3241964.565706612,0.0,0.0,6.0,0.0,2215,2215,0,0.0,72273943.6690006,0.0,0.0,0.0,0,4250,205617,none_default,1000000.0
Fin_fl_rl_2,pure_rl,fl_rl,5134326.692179654,1000000.0,5134326.692180108,4134326.692180108,0.0,0.0,6.0,0.0,2591,2591,0,0.0,89931025.12719718,0.0,0.0,0.0,0,4250,205617,none_default,1000000.0
Fin_fl_rl_3,pure_rl,fl_rl,6391564.229502814,1000000.0,6391564.229503022,5391564.229503022,0.0,0.0,6.0,0.0,3015,3015,0,0.0,101565468.43359594,0.0,0.0,0.0,0,4250,205617,none_default,1000000.0
Fin_fl_rl_prox_1,pure_rl,fl_rl_prox,4776470.889255017,1000000.0,4776470.889255226,3776470.8892552257,0.0,0.0,6.0,0.0,2611,2611,0,0.0,85518235.07796752,0.0,0.0,0.0,0,4258,205617,none_default,1000000.0
Fin_fl_rl_prox_2,pure_rl,fl_rl_prox,4651205.870068664,1000000.0,4651205.870068705,3651205.8700687047,0.0,0.0,6.0,0.0,2287,2287,0,0.0,78206887.26836964,0.0,0.0,0.0,0,4258,205617,none_default,1000000.0
Fin_fl_rl_prox_3,pure_rl,fl_rl_prox,5218001.205117887,1000000.0,5218001.205117679,4218001.205117679,0.0,0.0,6.0,0.0,2529,2529,0,0.0,85500531.99432829,0.0,0.0,0.0,0,4258,205617,none_default,1000000.0
Fin_fl_rl_scaffold_1,pure_rl,fl_rl_scaffold,4836599.337665813,1000000.0,4836599.337666405,3836599.337666405,0.0,0.0,6.0,0.0,2373,2373,0,0.0,82627952.04342315,0.0,0.0,0.0,0,4249,205617,none_default,1000000.0
Fin_fl_rl_scaffold_2,pure_rl,fl_rl_scaffold,5129873.67011933,1000000.0,5129873.670119063,4129873.670119063,0.0,0.0,6.0,0.0,2738,2738,0,0.0,89254122.6567669,0.0,0.0,0.0,0,4249,205617,none_default,1000000.0
Fin_fl_rl_scaffold_3,pure_rl,fl_rl_scaffold,5141184.185507234,1000000.0,5141184.185506891,4141184.185506892,0.0,0.0,6.0,0.0,2707,2707,0,0.0,90469741.04807726,0.0,0.0,0.0,0,4249,205617,none_default,1000000.0
Fin_fl_rl_1,pure_rl,fl_rl,4844518.959770377,1000000.0,4844518.959769999,3844518.959769999,0.0,0.0,12.0,0.0,2152,2152,24,0.0111524163568773,75159400.63130662,48991.58660007839,0.0006518357808679,0.0489915866000783,0,4258,205617,low_default,1000000.0
Fin_fl_rl_2,pure_rl,fl_rl,4766072.606113573,1000000.0,4766072.606112915,3766072.606112915,0.0,0.0,6.0,0.0,2091,2091,48,0.0229555236728837,73163698.05630735,88374.61230100067,0.0012079024796284,0.0883746123010006,0,4258,205617,low_default,1000000.0
Fin_fl_rl_3,pure_rl,fl_rl,5968708.083866939,1000000.0,5968708.083866704,4968708.083866704,0.0,0.0,6.0,0.0,2624,2624,18,0.0068597560975609,87364161.85103421,39504.95218139073,0.0004521871594069,0.0395049521813907,0,4258,205617,low_default,1000000.0
Fin_fl_rl_prox_1,pure_rl,fl_rl_prox,4338781.845872437,1000000.0,4338781.845871975,3338781.8458719747,0.0,0.0,12.0,0.0,1903,1903,24,0.0126116657908565,67407297.1200919,47509.51413030298,0.000704812626527,0.0475095141303029,0,4251,205617,low_default,1000000.0
Fin_fl_rl_prox_2,pure_rl,fl_rl_prox,4833875.474493102,1000000.0,4833875.474493467,3833875.4744934672,0.0,0.0,6.0,0.0,2258,2258,56,0.024800708591674,78653541.87208024,118738.82880761343,0.0015096437615069,0.1187388288076134,0,4251,205617,low_default,1000000.0
Fin_fl_rl_prox_3,pure_rl,fl_rl_prox,5962346.560402826,1000000.0,5962346.56040285,4962346.56040285,0.0,0.0,6.0,0.0,2766,2766,12,0.0043383947939262,90876416.30199017,26996.603457943645,0.0002970694109265,0.0269966034579436,0,4251,205617,low_default,1000000.0
Fin_fl_rl_scaffold_1,pure_rl,fl_rl_scaffold,3964132.615356564,1000000.0,3964132.61535709,2964132.6153570903,0.0,0.0,12.0,0.0,2112,2112,23,0.0108901515151515,69881415.27580577,42361.05650926013,0.0006061848682095,0.0423610565092601,0,4248,205617,low_default,1000000.0
Fin_fl_rl_scaffold_2,pure_rl,fl_rl_scaffold,4596893.056096484,1000000.0,4596893.0560961375,3596893.056096137,0.0,0.0,6.0,0.0,1906,1906,44,0.0230849947534102,66423591.98125757,96227.75548697475,0.001448698461145,0.0962277554869747,0,4248,205617,low_default,1000000.0
Fin_fl_rl_scaffold_3,pure_rl,fl_rl_scaffold,6709740.373136263,1000000.0,6709740.373136245,5709740.373136245,0.0,0.0,6.0,0.0,2814,2814,15,0.0053304904051172,96470672.70481405,37342.310668503065,0.0003870845887305,0.037342310668503,0,4248,205617,low_default,1000000.0
Fin_fl_rl_1,pure_rl,fl_rl,2925872.052381392,1000000.0,2925872.052380885,1925872.052380885,0.0,0.0,12.0,0.0,1324,1324,60,0.0453172205438066,45546252.03252341,156651.44640818445,0.0034393926924288,0.1566514464081844,0,4259,205617,medium_default,1000000.0
Fin_fl_rl_2,pure_rl,fl_rl,3068180.5941855074,1000000.0,3068180.594185406,2068180.5941854056,0.0,0.0,6.0,0.0,1458,1458,87,0.0596707818930041,50282369.59911935,197388.05125291963,0.0039255916701343,0.1973880512529196,0,4259,205617,medium_default,1000000.0
Fin_fl_rl_3,pure_rl,fl_rl,5431572.99347694,1000000.0,5431572.993477071,4431572.993477071,0.0,0.0,7.0,0.0,2422,2422,32,0.0132122213047068,82894831.25793128,86076.99420200198,0.0010383879536972,0.0860769942020019,0,4259,205617,medium_default,1000000.0
Fin_fl_rl_prox_1,pure_rl,fl_rl_prox,2925872.052381392,1000000.0,2925872.052380885,1925872.052380885,0.0,0.0,12.0,0.0,1324,1324,60,0.0453172205438066,45546252.03252341,156651.44640818445,0.0034393926924288,0.1566514464081844,0,4259,205617,medium_default,1000000.0
Fin_fl_rl_prox_2,pure_rl,fl_rl_prox,3068180.5941855074,1000000.0,3068180.594185406,2068180.5941854056,0.0,0.0,6.0,0.0,1458,1458,87,0.0596707818930041,50282369.59911935,197388.05125291963,0.0039255916701343,0.1973880512529196,0,4259,205617,medium_default,1000000.0
Fin_fl_rl_prox_3,pure_rl,fl_rl_prox,5431572.99347694,1000000.0,5431572.993477071,4431572.993477071,0.0,0.0,7.0,0.0,2422,2422,32,0.0132122213047068,82894831.25793128,86076.99420200198,0.0010383879536972,0.0860769942020019,0,4259,205617,medium_default,1000000.0
Fin_fl_rl_scaffold_1,pure_rl,fl_rl_scaffold,3488330.6158178207,1000000.0,3488330.6158177303,2488330.6158177303,0.0,0.0,12.0,0.0,1763,1763,68,0.0385706182643221,59842575.42373897,173300.56414534073,0.0028959409403458,0.1733005641453407,0,4253,205617,medium_default,1000000.0
Fin_fl_rl_scaffold_2,pure_rl,fl_rl_scaffold,3215491.154722041,1000000.0,3215491.1547220307,2215491.1547220307,0.0,0.0,6.0,0.0,1607,1607,100,0.0622277535780958,55485363.57282663,224954.9054690542,0.0040543107404134,0.2249549054690542,0,4253,205617,medium_default,1000000.0
Fin_fl_rl_scaffold_3,pure_rl,fl_rl_scaffold,4434489.437602435,1000000.0,4434489.437602495,3434489.437602495,0.0,0.0,7.0,0.0,2163,2163,35,0.0161812297734627,73541804.33243331,93617.50316093209,0.0012729834957237,0.093617503160932,0,4253,205617,medium_default,1000000.0
Fin_fl_rl_1,pure_rl,fl_rl,3560388.5206652493,1000000.0,3560388.520665085,2560388.520665085,0.0,0.0,12.0,0.0,1653,1653,90,0.0544464609800363,57848792.26230791,313528.9122710163,0.0054198004834631,0.3135289122710162,0,4241,205617,high_default,1000000.0
Fin_fl_rl_2,pure_rl,fl_rl,3620993.722092461,1000000.0,3620993.722092594,2620993.722092594,0.0,0.0,7.0,0.0,1757,1757,112,0.0637450199203187,59332797.17500717,278363.4805799144,0.0046915617303336,0.2783634805799144,0,4241,205617,high_default,1000000.0
Fin_fl_rl_3,pure_rl,fl_rl,5138119.744936998,1000000.0,5138119.744936109,4138119.7449361086,0.0,0.0,6.0,0.0,2159,2159,37,0.017137563686892,73870141.39477229,103727.97770316324,0.0014041935719173,0.1037279777031632,0,4241,205617,high_default,1000000.0
Fin_fl_rl_prox_1,pure_rl,fl_rl_prox,3223233.682143952,1000000.0,3223233.6821432607,2223233.6821432607,0.0,0.0,12.0,0.0,1425,1425,109,0.0764912280701754,49445605.93641199,358029.8730154622,0.0072408835170489,0.3580298730154622,0,4250,205617,high_default,1000000.0
Fin_fl_rl_prox_2,pure_rl,fl_rl_prox,3672203.362356709,1000000.0,3672203.3623572905,2672203.3623572905,0.0,0.0,7.0,0.0,1673,1673,115,0.0687387925881649,57352396.59810335,289719.99453436903,0.0050515760756186,0.289719994534369,0,4250,205617,high_default,1000000.0
Fin_fl_rl_prox_3,pure_rl,fl_rl_prox,5020481.251508366,1000000.0,5020481.25150885,4020481.2515088497,0.0,0.0,6.0,0.0,2303,2303,34,0.0147633521493703,78139015.47353029,86283.54670813179,0.0011042313009096,0.0862835467081317,0,4250,205617,high_default,1000000.0
Fin_fl_rl_scaffold_1,pure_rl,fl_rl_scaffold,3211518.9223180288,1000000.0,3211518.922318353,2211518.922318353,0.0,0.0,12.0,0.0,1244,1244,77,0.0618971061093247,43821034.09917685,259929.5537148848,0.005931616153252,0.2599295537148848,0,4253,205617,high_default,1000000.0
Fin_fl_rl_scaffold_2,pure_rl,fl_rl_scaffold,3541098.1730445684,1000000.0,3541098.1730445507,2541098.1730445507,0.0,0.0,7.0,0.0,1664,1664,131,0.0787259615384615,56783895.17276969,343293.504156013,0.0060456138683602,0.343293504156013,0,4253,205617,high_default,1000000.0
Fin_fl_rl_scaffold_3,pure_rl,fl_rl_scaffold,5099656.598896032,1000000.0,5099656.59889632,4099656.59889632,0.0,0.0,6.0,0.0,2364,2364,33,0.0139593908629441,80920394.06703351,90164.56498630087,0.0011142378386295,0.0901645649863008,0,4253,205617,high_default,1000000.0
Fin_fl_rl_1,pure_rl,fl_rl,8955227.697646374,5000000.0,8955227.697648384,3955227.697648384,0.0,0.0,21.0,0.0,4116,4116,0,0.0,144130655.63744545,0.0,0.0,0.0,0,4242,205617,none_default,5000000.0
Fin_fl_rl_2,pure_rl,fl_rl,7226688.551866294,5000000.0,7226688.551864745,2226688.551864745,0.0,0.0,6.0,0.0,2352,2352,0,0.0,82318011.86108312,0.0,0.0,0.0,0,4242,205617,none_default,5000000.0
Fin_fl_rl_3,pure_rl,fl_rl,8783785.394790046,5000000.0,8783785.39479341,3783785.39479341,0.0,0.0,6.0,0.0,3940,3940,0,0.0,137059159.80072707,0.0,0.0,0.0,0,4242,205617,none_default,5000000.0
Fin_fl_rl_prox_1,pure_rl,fl_rl_prox,8912987.293573469,5000000.0,8912987.293577548,3912987.293577548,0.0,0.0,21.0,0.0,4068,4068,0,0.0,142893857.32224,0.0,0.0,0.0,0,4240,205617,none_default,5000000.0
Fin_fl_rl_prox_2,pure_rl,fl_rl_prox,7231224.725352931,5000000.0,7231224.725355425,2231224.725355425,0.0,0.0,6.0,0.0,2364,2364,0,0.0,82262841.37400447,0.0,0.0,0.0,0,4240,205617,none_default,5000000.0
Fin_fl_rl_prox_3,pure_rl,fl_rl_prox,8879487.790050337,5000000.0,8879487.790053254,3879487.790053254,0.0,0.0,6.0,0.0,3997,3997,0,0.0,140029764.5527163,0.0,0.0,0.0,0,4240,205617,none_default,5000000.0
Fin_fl_rl_scaffold_1,pure_rl,fl_rl_scaffold,9254355.363097,5000000.0,9254355.363099985,4254355.363099985,0.0,0.0,8.0,0.0,4040,4040,0,0.0,141520395.34920648,0.0,0.0,0.0,0,4242,205617,none_default,5000000.0
Fin_fl_rl_scaffold_2,pure_rl,fl_rl_scaffold,5481233.994294376,5000000.0,5481233.994294253,481233.9942942532,0.0,0.0,16.0,0.0,527,527,0,0.0,18405349.742227163,0.0,0.0,0.0,0,4242,205617,none_default,5000000.0
Fin_fl_rl_scaffold_3,pure_rl,fl_rl_scaffold,11752604.591151375,5000000.0,11752604.591150915,6752604.591150917,0.0,0.0,6.0,0.0,5821,5821,0,0.0,203081295.5493577,0.0,0.0,0.0,0,4242,205617,none_default,5000000.0
Fin_fl_rl_1,pure_rl,fl_rl,9094802.962842468,5000000.0,9094802.962841334,4094802.962841334,0.0,0.0,12.0,0.0,2478,2478,51,0.0205811138014527,87245942.34653878,87608.27166685826,0.0010041529647176,0.0175216543333716,0,4255,205617,low_default,5000000.0
Fin_fl_rl_2,pure_rl,fl_rl,9491757.504267832,5000000.0,9491757.504267998,4491757.504267998,0.0,0.0,10.0,0.0,3069,3069,147,0.0478983382209188,106775210.41919604,290232.3984119037,0.0027181627390146,0.0580464796823807,0,4255,205617,low_default,5000000.0
Fin_fl_rl_3,pure_rl,fl_rl,10523321.392199468,5000000.0,10523321.39220028,5523321.39220028,0.0,0.0,9.0,0.0,3195,3195,26,0.0081377151799687,111491823.22625622,55306.08766017405,0.0004960551012601,0.0110612175320348,0,4255,205617,low_default,5000000.0
Fin_fl_rl_prox_1,pure_rl,fl_rl_prox,7795230.12300757,5000000.0,7795230.123007014,2795230.1230070144,0.0,0.0,12.0,0.0,1825,1825,56,0.0306849315068493,63700543.91331063,104357.35265559504,0.001638249004555,0.020871470531119,0,4261,205617,low_default,5000000.0
Fin_fl_rl_prox_2,pure_rl,fl_rl_prox,8959143.050452009,5000000.0,8959143.05045203,3959143.050452029,0.0,0.0,6.0,0.0,2743,2743,134,0.0488516223113379,95574191.39844748,269087.9845493982,0.0028154879535163,0.0538175969098796,0,4261,205617,low_default,5000000.0
Fin_fl_rl_prox_3,pure_rl,fl_rl_prox,12427862.381871592,5000000.0,12427862.381871289,7427862.381871287,0.0,0.0,6.0,0.0,4391,4391,32,0.0072876337964017,154709804.1747791,67412.8604287292,0.0004357374814628,0.0134825720857458,0,4261,205617,low_default,5000000.0
Fin_fl_rl_scaffold_1,pure_rl,fl_rl_scaffold,11633096.548566869,5000000.0,11633096.54856672,6633096.548566721,0.0,0.0,12.0,0.0,3738,3738,78,0.0208667736757624,130476382.44718708,174905.85976475882,0.0013405173908431,0.0349811719529517,0,4239,205617,low_default,5000000.0
Fin_fl_rl_scaffold_2,pure_rl,fl_rl_scaffold,10617926.428367402,5000000.0,10617926.428363994,5617926.428363994,0.0,0.0,19.0,0.0,2915,2915,74,0.025385934819897,102739703.46681352,131122.23672951697,0.0012762567177534,0.0262244473459033,0,4239,205617,low_default,5000000.0
Fin_fl_rl_scaffold_3,pure_rl,fl_rl_scaffold,8570802.917652128,5000000.0,8570802.917653447,3570802.917653447,0.0,0.0,20.0,0.0,1961,1961,24,0.0122386537480877,69278320.18872628,47127.90269455673,0.0006802691313266,0.0094255805389113,0,4239,205617,low_default,5000000.0
Fin_fl_rl_1,pure_rl,fl_rl,7045542.7371340655,5000000.0,7045542.737135287,2045542.7371352876,0.0,0.0,18.0,0.0,1409,1409,80,0.0567778566359119,49195295.15770841,222999.28218666883,0.004532939206316,0.0445998564373337,0,4259,205617,medium_default,5000000.0
Fin_fl_rl_2,pure_rl,fl_rl,6575769.714251749,5000000.0,6575769.714251325,1575769.7142513243,0.0,0.0,29.0,0.0,1218,1218,104,0.0853858784893267,42291566.730330296,230718.653680002,0.0054554293330196,0.0461437307360003,0,4259,205617,medium_default,5000000.0
Fin_fl_rl_3,pure_rl,fl_rl,13490366.93783625,5000000.0,13490366.93782684,8490366.93782684,0.0,0.0,26.0,0.0,5145,5145,94,0.0182701652089407,179523118.3589994,225843.7965200939,0.0012580206860515,0.0451687593040187,0,4259,205617,medium_default,5000000.0
Fin_fl_rl_prox_1,pure_rl,fl_rl_prox,7297964.140001659,5000000.0,7297964.140001278,2297964.1400012784,0.0,0.0,12.0,0.0,1716,1716,92,0.0536130536130536,59299519.66931288,255572.11609133196,0.0043098513700708,0.0511144232182663,0,4253,205617,medium_default,5000000.0
Fin_fl_rl_prox_2,pure_rl,fl_rl_prox,7643388.33650377,5000000.0,7643388.336504697,2643388.336504697,0.0,0.0,25.0,0.0,1898,1898,101,0.0532139093782929,66382044.0339187,228251.40334849173,0.0034384509647196,0.0456502806696983,0,4253,205617,medium_default,5000000.0
Fin_fl_rl_prox_3,pure_rl,fl_rl_prox,11570160.91409526,5000000.0,11570160.91409858,6570160.914098581,0.0,0.0,18.0,0.0,4461,4461,99,0.0221923335574983,156385105.7574574,233793.13863347573,0.0014949834097121,0.0467586277266951,0,4253,205617,medium_default,5000000.0
Fin_fl_rl_scaffold_1,pure_rl,fl_rl_scaffold,9005496.470802711,5000000.0,9005496.470805466,4005496.470805466,0.0,0.0,12.0,0.0,2828,2828,90,0.0318246110325318,98775407.07067914,231692.64187861548,0.0023456510962574,0.046338528375723,0,4240,205617,medium_default,5000000.0
Fin_fl_rl_scaffold_2,pure_rl,fl_rl_scaffold,8517539.215487564,5000000.0,8517539.215488028,3517539.215488028,0.0,0.0,20.0,0.0,2178,2178,83,0.0381083562901744,76825556.01107214,204822.2320701598,0.0026660689841364,0.0409644464140319,0,4240,205617,medium_default,5000000.0
Fin_fl_rl_scaffold_3,pure_rl,fl_rl_scaffold,10349584.125233227,5000000.0,10349584.12522846,5349584.125228461,0.0,0.0,21.0,0.0,3109,3109,64,0.0205853972338372,109003672.73639292,150614.42137201826,0.0013817371249155,0.0301228842744036,0,4240,205617,medium_default,5000000.0
Fin_fl_rl_1,pure_rl,fl_rl,7366929.336022184,5000000.0,7366929.336022076,2366929.336022076,0.0,0.0,12.0,0.0,2205,2205,325,0.1473922902494331,76645998.5598774,891309.8758586067,0.0116289159591586,0.1782619751717213,0,4254,205617,high_default,5000000.0
Fin_fl_rl_2,pure_rl,fl_rl,7903727.546164703,5000000.0,7903727.546164231,2903727.5461642314,0.0,0.0,8.0,0.0,2622,2622,368,0.1403508771929824,91844127.20632394,963668.025606077,0.0104924294554102,0.1927336051212154,0,4254,205617,high_default,5000000.0
Fin_fl_rl_3,pure_rl,fl_rl,8914615.962659623,5000000.0,8914615.962662067,3914615.9626620673,0.0,0.0,23.0,0.0,2315,2315,117,0.0505399568034557,81296738.66953132,325794.44687748665,0.0040074725285331,0.0651588893754973,0,4254,205617,high_default,5000000.0
Fin_fl_rl_prox_1,pure_rl,fl_rl_prox,6933234.354503719,5000000.0,6933234.354502441,1933234.3545024411,0.0,0.0,12.0,0.0,1773,1773,273,0.1539763113367174,62007273.08086149,821025.551824016,0.0132407943621927,0.1642051103648032,0,4256,205617,high_default,5000000.0
Fin_fl_rl_prox_2,pure_rl,fl_rl_prox,6940316.335513918,5000000.0,6940316.33551421,1940316.3355142104,0.0,0.0,8.0,0.0,1991,1991,402,0.2019085886489201,70288308.86535251,935593.8709832854,0.0133108035473659,0.187118774196657,0,4256,205617,high_default,5000000.0
Fin_fl_rl_prox_3,pure_rl,fl_rl_prox,10531296.16639028,5000000.0,10531296.16639373,5531296.166393731,0.0,0.0,11.0,0.0,3486,3486,122,0.0349971313826735,121335024.48155189,344206.34779633966,0.002836825964037,0.0688412695592679,0,4256,205617,high_default,5000000.0
Fin_fl_rl_scaffold_1,pure_rl,fl_rl_scaffold,9392932.579668166,5000000.0,9392932.57966733,4392932.57966733,0.0,0.0,12.0,0.0,3077,3077,313,0.1017224569385765,107566502.19629233,898841.0345412651,0.0083561426298032,0.179768206908253,0,4250,205617,high_default,5000000.0
Fin_fl_rl_scaffold_2,pure_rl,fl_rl_scaffold,6557677.939791848,5000000.0,6557677.939792404,1557677.939792404,0.0,0.0,23.0,0.0,1207,1207,251,0.207953603976802,42133296.33923345,638316.6370955074,0.0151499334862419,0.1276633274191014,0,4250,205617,high_default,5000000.0
Fin_fl_rl_scaffold_3,pure_rl,fl_rl_scaffold,7228247.428261115,5000000.0,7228247.428263361,2228247.4282633606,0.0,0.0,27.0,0.0,1377,1377,91,0.0660856935366739,48166685.16932708,260355.6950906915,0.0054053064722105,0.0520711390181383,0,4250,205617,high_default,5000000.0
Fin_fl_rl_1,pure_rl,fl_rl,10188984.602086658,10000000.0,10188984.602087202,188984.60208720155,0.0,0.0,21.0,0.0,201,201,0,0.0,7144553.356114658,0.0,0.0,0.0,0,4251,205617,none_default,10000000.0
Fin_fl_rl_2,pure_rl,fl_rl,20909777.67821944,10000000.0,20909777.678217493,10909777.678217491,0.0,0.0,6.0,0.0,6726,6726,0,0.0,236368263.54608408,0.0,0.0,0.0,0,4251,205617,none_default,10000000.0
Fin_fl_rl_3,pure_rl,fl_rl,15656219.4899627,10000000.0,15656219.48996559,5656219.48996559,0.0,0.0,11.0,0.0,3456,3456,0,0.0,120262998.9629908,0.0,0.0,0.0,0,4251,205617,none_default,10000000.0
Fin_fl_rl_prox_1,pure_rl,fl_rl_prox,14075224.054451331,10000000.0,14075224.054452254,4075224.0544522535,0.0,0.0,21.0,0.0,3037,3037,0,0.0,106114696.99298534,0.0,0.0,0.0,0,4246,205617,none_default,10000000.0
Fin_fl_rl_prox_2,pure_rl,fl_rl_prox,16689426.401512766,10000000.0,16689426.401513465,6689426.401513465,0.0,0.0,6.0,0.0,4535,4535,0,0.0,159779076.99897158,0.0,0.0,0.0,0,4246,205617,none_default,10000000.0
Fin_fl_rl_prox_3,pure_rl,fl_rl_prox,14517881.007423114,10000000.0,14517881.007425131,4517881.007425131,0.0,0.0,12.0,0.0,2808,2808,0,0.0,98484766.37208834,0.0,0.0,0.0,0,4246,205617,none_default,10000000.0
Fin_fl_rl_scaffold_1,pure_rl,fl_rl_scaffold,10204770.068564342,10000000.0,10204770.06856467,204770.06856467016,0.0,0.0,21.0,0.0,213,213,0,0.0,7455659.633354669,0.0,0.0,0.0,0,4252,205617,none_default,10000000.0
Fin_fl_rl_scaffold_2,pure_rl,fl_rl_scaffold,19856456.399008885,10000000.0,19856456.399015754,9856456.399015754,0.0,0.0,9.0,0.0,6578,6578,0,0.0,229446846.2972634,0.0,0.0,0.0,0,4252,205617,none_default,10000000.0
Fin_fl_rl_scaffold_3,pure_rl,fl_rl_scaffold,15612544.763869775,10000000.0,15612544.763871536,5612544.763871536,0.0,0.0,12.0,0.0,3594,3594,0,0.0,125950411.22389504,0.0,0.0,0.0,0,4252,205617,none_default,10000000.0
Fin_fl_rl_1,pure_rl,fl_rl,13114871.656804653,10000000.0,13114871.656799655,3114871.6567996554,0.0,0.0,20.0,0.0,1829,1829,27,0.0147621651175505,63980424.85449669,45139.696878283656,0.0007055235563211,0.0045139696878283,0,4254,205617,low_default,10000000.0
Fin_fl_rl_2,pure_rl,fl_rl,15287509.765743405,10000000.0,15287509.765740376,5287509.765740376,0.0,0.0,23.0,0.0,3427,3427,62,0.0180916253282754,119572661.6871456,109830.023553546,0.0009185211904114,0.0109830023553545,0,4254,205617,low_default,10000000.0
Fin_fl_rl_3,pure_rl,fl_rl,15763248.861664666,10000000.0,15763248.861665444,5763248.861665443,0.0,0.0,26.0,0.0,3415,3415,47,0.0137628111273792,119649262.57170488,102974.41429500212,0.000860635595086,0.0102974414295002,0,4254,205617,low_default,10000000.0
Fin_fl_rl_prox_1,pure_rl,fl_rl_prox,13441750.498286238,10000000.0,13441750.498288885,3441750.498288883,0.0,0.0,19.0,0.0,2097,2097,29,0.0138292799237005,73525662.50326575,49713.17295147243,0.0006761336281636,0.0049713172951472,0,4242,205617,low_default,10000000.0
Fin_fl_rl_prox_2,pure_rl,fl_rl_prox,13659302.803093674,10000000.0,13659302.803099308,3659302.803099308,0.0,0.0,24.0,0.0,2159,2159,62,0.0287169986104678,75311177.61636907,116691.26429649485,0.00154945478201,0.0116691264296494,0,4242,205617,low_default,10000000.0
Fin_fl_rl_prox_3,pure_rl,fl_rl_prox,17437577.773873337,10000000.0,17437577.77387939,7437577.77387939,0.0,0.0,22.0,0.0,4515,4515,47,0.0104097452934662,158366874.91080803,105045.99994561264,0.0006633079045398,0.0105045999945612,0,4242,205617,low_default,10000000.0
Fin_fl_rl_scaffold_1,pure_rl,fl_rl_scaffold,11917528.774447566,10000000.0,11917528.774448255,1917528.774448255,0.0,0.0,24.0,0.0,1149,1149,22,0.0191470844212358,40460838.49825228,32554.104798498465,0.0008045830488635,0.0032554104798498,0,4249,205617,low_default,10000000.0
Fin_fl_rl_scaffold_2,pure_rl,fl_rl_scaffold,15130254.914047062,10000000.0,15130254.914055685,5130254.914055685,0.0,0.0,23.0,0.0,3168,3168,63,0.0198863636363636,110437725.42355458,106438.7767993186,0.0009637900127977,0.0106438776799318,0,4249,205617,low_default,10000000.0
Fin_fl_rl_scaffold_3,pure_rl,fl_rl_scaffold,17122804.961950026,10000000.0,17122804.96194315,7122804.96194315,0.0,0.0,24.0,0.0,4434,4434,64,0.0144339197113216,155181003.8322069,145440.9779319656,0.0009372344187773,0.0145440977931965,0,4249,205617,low_default,10000000.0
Fin_fl_rl_1,pure_rl,fl_rl,12895558.911810294,10000000.0,12895558.911812646,2895558.9118126463,0.0,0.0,23.0,0.0,1800,1800,84,0.0466666666666666,63061284.6756706,240865.4234664496,0.0038195451409726,0.0240865423466449,0,4257,205617,medium_default,10000000.0
Fin_fl_rl_2,pure_rl,fl_rl,13497137.491636908,10000000.0,13497137.491635157,3497137.491635157,0.0,0.0,22.0,0.0,2043,2043,65,0.031815956926089,71294788.12249233,153025.5685597784,0.0021463780535663,0.0153025568559778,0,4257,205617,medium_default,10000000.0
Fin_fl_rl_3,pure_rl,fl_rl,14601614.829687042,10000000.0,14601614.829687094,4601614.829687094,0.0,0.0,29.0,0.0,2878,2878,63,0.0218902015288394,100619689.15900709,153479.73452474768,0.0015253449479674,0.0153479734524747,0,4257,205617,medium_default,10000000.0
Fin_fl_rl_prox_1,pure_rl,fl_rl_prox,13519198.36963807,10000000.0,13519198.369631462,3519198.369631462,0.0,0.0,12.0,0.0,2371,2371,77,0.0324757486292703,83306514.30511063,215261.3993070613,0.0025839683859375,0.0215261399307061,0,4247,205617,medium_default,10000000.0
Fin_fl_rl_prox_2,pure_rl,fl_rl_prox,12277025.21842938,10000000.0,12277025.21842959,2277025.2184295896,0.0,0.0,17.0,0.0,1490,1490,71,0.0476510067114094,52371172.386170864,178119.62480792595,0.0034011005805736,0.0178119624807925,0,4247,205617,medium_default,10000000.0
Fin_fl_rl_prox_3,pure_rl,fl_rl_prox,16550594.396818047,10000000.0,16550594.396823777,6550594.396823777,0.0,0.0,17.0,0.0,4199,4199,69,0.0164324839247439,147004298.96553007,169749.74283575366,0.0011547263857607,0.0169749742835753,0,4247,205617,medium_default,10000000.0
Fin_fl_rl_scaffold_1,pure_rl,fl_rl_scaffold,13537058.43893094,10000000.0,13537058.438924434,3537058.4389244337,0.0,0.0,18.0,0.0,2221,2221,83,0.0373705538045925,78087721.83483718,230161.64364636136,0.002947475457578,0.0230161643646361,0,4248,205617,medium_default,10000000.0
Fin_fl_rl_scaffold_2,pure_rl,fl_rl_scaffold,13166771.659378173,10000000.0,13166771.65937583,3166771.6593758296,0.0,0.0,20.0,0.0,1879,1879,61,0.0324640766365087,65575578.31805351,146905.21425948714,0.0022402427554198,0.0146905214259487,0,4248,205617,medium_default,10000000.0
Fin_fl_rl_scaffold_3,pure_rl,fl_rl_scaffold,16598681.054138878,10000000.0,16598681.054135768,6598681.054135768,0.0,0.0,24.0,0.0,3731,3731,61,0.0163495041543822,131141384.58756664,154468.46985975152,0.0011778773752126,0.0154468469859751,0,4248,205617,medium_default,10000000.0
Fin_fl_rl_1,pure_rl,fl_rl,11958495.233492414,10000000.0,11958495.233487222,1958495.2334872223,0.0,0.0,12.0,0.0,1762,1762,241,0.1367763904653802,61564107.464825794,792389.0428881097,0.0128709580227543,0.0792389042888109,0,4256,205617,high_default,10000000.0
Fin_fl_rl_2,pure_rl,fl_rl,11785210.937413491,10000000.0,11785210.937418325,1785210.9374183249,0.0,0.0,11.0,0.0,1509,1509,274,0.1815772034459907,52805340.94358836,731474.815007046,0.0138522884605266,0.0731474815007046,0,4256,205617,high_default,10000000.0
Fin_fl_rl_3,pure_rl,fl_rl,16167262.642635943,10000000.0,16167262.642626518,6167262.642626518,0.0,0.0,14.0,0.0,3665,3665,118,0.0321964529331514,128661253.81263272,357418.06777414546,0.0027779774965868,0.0357418067774145,0,4256,205617,high_default,10000000.0
Fin_fl_rl_prox_1,pure_rl,fl_rl_prox,12814064.83603515,10000000.0,12814064.836033214,2814064.836033214,0.0,0.0,23.0,0.0,1657,1657,148,0.0893180446590223,57634591.23476496,506919.751059567,0.008795408108209,0.0506919751059566,0,4248,205617,high_default,10000000.0
Fin_fl_rl_prox_2,pure_rl,fl_rl_prox,11690989.921135388,10000000.0,11690989.921135964,1690989.921135964,0.0,0.0,22.0,0.0,1146,1146,141,0.1230366492146596,40275033.77417696,379653.0936672672,0.0094265121115972,0.0379653093667267,0,4248,205617,high_default,10000000.0
Fin_fl_rl_prox_3,pure_rl,fl_rl_prox,15766138.967790963,10000000.0,15766138.967797205,5766138.967797203,0.0,0.0,23.0,0.0,3154,3154,106,0.0336081166772352,111107614.1254693,312410.8494760044,0.0028117861402658,0.0312410849476004,0,4248,205617,high_default,10000000.0
Fin_fl_rl_scaffold_1,pure_rl,fl_rl_scaffold,11538499.634422615,10000000.0,11538499.634418134,1538499.6344181336,0.0,0.0,8.0,0.0,1673,1673,243,0.1452480573819486,58077724.91410935,802026.9659470001,0.0138095451764529,0.0802026965947,0,4232,205617,high_default,10000000.0
Fin_fl_rl_scaffold_2,pure_rl,fl_rl_scaffold,11526450.292487929,10000000.0,11526450.292485364,1526450.2924853638,0.0,0.0,21.0,0.0,1528,1528,299,0.1956806282722513,54173091.233584434,781229.901472425,0.0144209954367179,0.0781229901472425,0,4232,205617,high_default,10000000.0
Fin_fl_rl_scaffold_3,pure_rl,fl_rl_scaffold,15209218.156528097,10000000.0,15209218.156530216,5209218.156530216,0.0,0.0,25.0,0.0,3583,3583,126,0.035166061959252,125319506.60239574,362655.5993243112,0.0028938479663418,0.0362655599324311,0,4232,205617,high_default,10000000.0
Fin_fl_rl_1,pure_rl,fl_rl,5588051.35100982,1000000.0,5588051.351010146,4588051.351010146,0.0,0.0,6.0,0.0,2514,2514,0,0.0,85847944.37918457,0.0,0.0,0.0,0,4249,259901,none_default,1000000.0
Fin_fl_rl_2,pure_rl,fl_rl,5621731.343506176,1000000.0,5621731.343505535,4621731.343505535,0.0,0.0,6.0,0.0,2855,2855,0,0.0,92593662.76130705,0.0,0.0,0.0,0,4249,259901,none_default,1000000.0
Fin_fl_rl_3,pure_rl,fl_rl,6018744.348583662,1000000.0,6018744.348583349,5018744.348583349,0.0,0.0,10.0,0.0,2624,2624,0,0.0,93389764.47224158,0.0,0.0,0.0,0,4249,259901,none_default,1000000.0
Fin_fl_rl_prox_1,pure_rl,fl_rl_prox,5408805.504508331,1000000.0,5408805.504508554,4408805.504508554,0.0,0.0,6.0,0.0,2437,2437,0,0.0,82892553.88838856,0.0,0.0,0.0,0,4258,259901,none_default,1000000.0
Fin_fl_rl_prox_2,pure_rl,fl_rl_prox,5518700.847970024,1000000.0,5518700.847970372,4518700.847970372,0.0,0.0,6.0,0.0,2619,2619,0,0.0,86896950.94249325,0.0,0.0,0.0,0,4258,259901,none_default,1000000.0
Fin_fl_rl_prox_3,pure_rl,fl_rl_prox,6107398.556382706,1000000.0,6107398.556382089,5107398.556382089,0.0,0.0,10.0,0.0,2816,2816,0,0.0,97675889.52146566,0.0,0.0,0.0,0,4258,259901,none_default,1000000.0
Fin_fl_rl_scaffold_1,pure_rl,fl_rl_scaffold,5113919.177900353,1000000.0,5113919.17790013,4113919.17790013,0.0,0.0,6.0,0.0,2419,2419,0,0.0,82116041.41706383,0.0,0.0,0.0,0,4262,259901,none_default,1000000.0
Fin_fl_rl_scaffold_2,pure_rl,fl_rl_scaffold,5142266.652637722,1000000.0,5142266.6526372,4142266.6526372,0.0,0.0,6.0,0.0,2469,2469,0,0.0,83389783.24223326,0.0,0.0,0.0,0,4262,259901,none_default,1000000.0
Fin_fl_rl_scaffold_3,pure_rl,fl_rl_scaffold,6556987.496507222,1000000.0,6556987.496507765,5556987.496507765,0.0,0.0,10.0,0.0,2905,2905,0,0.0,101310249.71522333,0.0,0.0,0.0,0,4262,259901,none_default,1000000.0
Fin_fl_rl_1,pure_rl,fl_rl,4289136.321759253,1000000.0,4289136.321758828,3289136.321758828,0.0,0.0,6.0,0.0,1718,1718,25,0.0145518044237485,59751101.65292699,54909.26801248143,0.0009189666214261,0.0549092680124814,0,4254,259901,low_default,1000000.0
Fin_fl_rl_2,pure_rl,fl_rl,3329261.9240912483,1000000.0,3329261.924090934,2329261.924090934,0.0,0.0,6.0,0.0,1591,1591,137,0.0861093651791326,54556955.87658608,301512.7018799443,0.00552656754827,0.3015127018799443,0,4254,259901,low_default,1000000.0
Fin_fl_rl_3,pure_rl,fl_rl,7006755.331220867,1000000.0,7006755.331220166,6006755.331220166,0.0,0.0,16.0,0.0,3008,3008,12,0.0039893617021276,102030879.03670558,23231.72289360466,0.000227693058346,0.0232317228936046,0,4254,259901,low_default,1000000.0
Fin_fl_rl_prox_1,pure_rl,fl_rl_prox,4686106.612055645,1000000.0,4686106.61205612,3686106.61205612,0.0,0.0,6.0,0.0,1739,1739,26,0.0149511213341,62139068.56618822,57262.612331467375,0.000921523506109,0.0572626123314673,0,4245,259901,low_default,1000000.0
Fin_fl_rl_prox_2,pure_rl,fl_rl_prox,4278006.013589279,1000000.0,4278006.013589201,3278006.013589201,0.0,0.0,6.0,0.0,2071,2071,103,0.0497344278126508,71716017.60164677,224640.2903521619,0.0031323586817096,0.2246402903521618,0,4245,259901,low_default,1000000.0
Fin_fl_rl_prox_3,pure_rl,fl_rl_prox,5841810.007096331,1000000.0,5841810.007096649,4841810.007096649,0.0,0.0,16.0,0.0,2590,2590,14,0.0054054054054054,86334204.4804748,28810.83875156102,0.0003337129116429,0.028810838751561,0,4245,259901,low_default,1000000.0
Fin_fl_rl_scaffold_1,pure_rl,fl_rl_scaffold,3082980.4303324176,1000000.0,3082980.43033175,2082980.4303317496,0.0,0.0,6.0,0.0,1341,1341,49,0.0365398956002982,47305724.580236405,107848.18154135132,0.0022798124856628,0.1078481815413513,0,4256,259901,low_default,1000000.0
Fin_fl_rl_scaffold_2,pure_rl,fl_rl_scaffold,4455809.02459682,1000000.0,4455809.024596988,3455809.024596988,0.0,0.0,6.0,0.0,2179,2179,72,0.0330426801284993,74403843.93091555,145283.2264576135,0.0019526306543047,0.1452832264576135,0,4256,259901,low_default,1000000.0
Fin_fl_rl_scaffold_3,pure_rl,fl_rl_scaffold,7349070.659766651,1000000.0,7349070.659766445,6349070.659766445,0.0,0.0,16.0,0.0,3181,3181,33,0.0103740961961647,108844690.44973484,80891.40808350276,0.0007431819388641,0.0808914080835027,0,4256,259901,low_default,1000000.0
Fin_fl_rl_1,pure_rl,fl_rl,4152409.540570728,1000000.0,4152409.540570603,3152409.540570603,0.0,0.0,6.0,0.0,2126,2126,65,0.0305738476011288,72448976.89680977,157673.67271854874,0.0021763409156643,0.1576736727185487,0,4257,259901,medium_default,1000000.0
Fin_fl_rl_2,pure_rl,fl_rl,2639456.552683696,1000000.0,2639456.552683728,1639456.5526837278,0.0,0.0,7.0,0.0,1521,1521,147,0.0966469428007889,51113284.60146784,305710.2830739084,0.0059810338047641,0.3057102830739084,0,4257,259901,medium_default,1000000.0
Fin_fl_rl_3,pure_rl,fl_rl,5845697.3193165865,1000000.0,5845697.319317301,4845697.319317301,0.0,0.0,16.0,0.0,2607,2607,35,0.0134253931722286,90682243.01683152,81086.49069594049,0.0008941826756633,0.0810864906959405,0,4257,259901,medium_default,1000000.0
Fin_fl_rl_prox_1,pure_rl,fl_rl_prox,3948433.356013184,1000000.0,3948433.356012003,2948433.356012003,0.0,0.0,6.0,0.0,2131,2131,77,0.0361332707648991,71473926.04702923,200954.15406963168,0.002811572907544,0.2009541540696316,0,4254,259901,medium_default,1000000.0
Fin_fl_rl_prox_2,pure_rl,fl_rl_prox,3528926.180749317,1000000.0,3528926.1807494746,2528926.1807494746,0.0,0.0,7.0,0.0,1642,1642,130,0.0791717417783191,56545611.20385712,291487.55030288553,0.0051549102414335,0.2914875503028855,0,4254,259901,medium_default,1000000.0
Fin_fl_rl_prox_3,pure_rl,fl_rl_prox,5603550.4185469225,1000000.0,5603550.418546538,4603550.418546538,0.0,0.0,16.0,0.0,2547,2547,31,0.0121711817824892,88264431.60076633,68259.39914043123,0.000773351143858,0.0682593991404312,0,4254,259901,medium_default,1000000.0
Fin_fl_rl_scaffold_1,pure_rl,fl_rl_scaffold,4484295.555666639,1000000.0,4484295.555666683,3484295.5556666832,0.0,0.0,6.0,0.0,2224,2224,76,0.0341726618705036,76598894.56546152,193368.46690960837,0.0025244289490934,0.1933684669096083,0,4253,259901,medium_default,1000000.0
Fin_fl_rl_scaffold_2,pure_rl,fl_rl_scaffold,3220897.7287961,1000000.0,3220897.7287959238,2220897.7287959238,0.0,0.0,7.0,0.0,1820,1820,149,0.0818681318681318,61006746.69880814,344946.6748062512,0.0056542381535154,0.3449466748062512,0,4253,259901,medium_default,1000000.0
Fin_fl_rl_scaffold_3,pure_rl,fl_rl_scaffold,4856573.1959028,1000000.0,4856573.195902838,3856573.1959028384,0.0,0.0,16.0,0.0,1895,1895,28,0.0147757255936675,66001183.84670306,51946.11524627298,0.0007870482348759,0.0519461152462729,0,4253,259901,medium_default,1000000.0
Fin_fl_rl_1,pure_rl,fl_rl,3454443.4427569024,1000000.0,3454443.4427567525,2454443.4427567525,0.0,0.0,8.0,0.0,1358,1358,81,0.0596465390279823,47403859.34267508,227554.68964092736,0.0048003410016887,0.2275546896409273,0,4258,259901,high_default,1000000.0
Fin_fl_rl_2,pure_rl,fl_rl,3495396.11754188,1000000.0,3495396.117542038,2495396.117542038,0.0,0.0,6.0,0.0,1425,1425,157,0.1101754385964912,49392580.065221526,409528.1949458906,0.0082912897930239,0.4095281949458906,0,4258,259901,high_default,1000000.0
Fin_fl_rl_3,pure_rl,fl_rl,5745999.134649236,1000000.0,5745999.134648948,4745999.134648948,0.0,0.0,7.0,0.0,2410,2410,78,0.0323651452282157,81879096.68329358,219955.677123356,0.0026863471390523,0.2199556771233559,0,4258,259901,high_default,1000000.0
Fin_fl_rl_prox_1,pure_rl,fl_rl_prox,3297431.613524833,1000000.0,3297431.613524979,2297431.613524979,0.0,0.0,7.0,0.0,1281,1281,95,0.0741608118657299,44220446.39815963,273891.08443435666,0.0061937657066654,0.2738910844343566,0,4256,259901,high_default,1000000.0
Fin_fl_rl_prox_2,pure_rl,fl_rl_prox,2849151.074115195,1000000.0,2849151.0741154086,1849151.0741154088,0.0,0.0,6.0,0.0,1103,1103,152,0.1378059836808703,38331667.33669876,390074.2680088152,0.0101762927394331,0.3900742680088152,0,4256,259901,high_default,1000000.0
Fin_fl_rl_prox_3,pure_rl,fl_rl_prox,6697415.737210913,1000000.0,6697415.737210961,5697415.737210961,0.0,0.0,7.0,0.0,2805,2805,60,0.0213903743315508,94888313.33726162,170830.07150526554,0.0018003278327657,0.1708300715052655,0,4256,259901,high_default,1000000.0
Fin_fl_rl_scaffold_1,pure_rl,fl_rl_scaffold,3068722.7971298243,1000000.0,3068722.7971299607,2068722.7971299607,0.0,0.0,7.0,0.0,1270,1270,105,0.0826771653543307,44168333.89614572,313050.75998438854,0.0070876741857746,0.3130507599843885,0,4258,259901,high_default,1000000.0
Fin_fl_rl_scaffold_2,pure_rl,fl_rl_scaffold,3716467.95039398,1000000.0,3716467.95039385,2716467.95039385,0.0,0.0,6.0,0.0,1577,1577,143,0.0906785034876347,53961731.4240827,369418.638274202,0.0068459374546557,0.3694186382742019,0,4258,259901,high_default,1000000.0
Fin_fl_rl_scaffold_3,pure_rl,fl_rl_scaffold,5905656.379112329,1000000.0,5905656.379112562,4905656.379112562,0.0,0.0,7.0,0.0,2570,2570,79,0.0307392996108949,86362534.14813799,218277.65188030276,0.0025274576994914,0.2182776518803027,0,4258,259901,high_default,1000000.0
Fin_fl_rl_1,pure_rl,fl_rl,9442839.72789082,5000000.0,9442839.727890888,4442839.727890888,0.0,0.0,6.0,0.0,4826,4826,0,0.0,168969642.00784543,0.0,0.0,0.0,0,4233,259901,none_default,5000000.0
Fin_fl_rl_2,pure_rl,fl_rl,6171961.27093364,5000000.0,6171961.270933542,1171961.2709335424,0.0,0.0,13.0,0.0,1190,1190,0,0.0,41186764.27638939,0.0,0.0,0.0,0,4233,259901,none_default,5000000.0
Fin_fl_rl_3,pure_rl,fl_rl,9117319.538393345,5000000.0,9117319.53839319,4117319.53839319,0.0,0.0,10.0,0.0,4356,4356,0,0.0,152103229.52536413,0.0,0.0,0.0,0,4233,259901,none_default,5000000.0
Fin_fl_rl_prox_1,pure_rl,fl_rl_prox,7662276.957923125,5000000.0,7662276.957921147,2662276.957921148,0.0,0.0,15.0,0.0,2607,2607,0,0.0,91984942.20905648,0.0,0.0,0.0,0,4248,259901,none_default,5000000.0
Fin_fl_rl_prox_2,pure_rl,fl_rl_prox,11772936.513813084,5000000.0,11772936.513815848,6772936.513815848,0.0,0.0,13.0,0.0,4951,4951,0,0.0,172666601.06323308,0.0,0.0,0.0,0,4248,259901,none_default,5000000.0
Fin_fl_rl_prox_3,pure_rl,fl_rl_prox,9037370.766303396,5000000.0,9037370.766302569,4037370.766302567,0.0,0.0,22.0,0.0,2813,2813,0,0.0,98558829.5085998,0.0,0.0,0.0,0,4248,259901,none_default,5000000.0
Fin_fl_rl_scaffold_1,pure_rl,fl_rl_scaffold,10394019.040739264,5000000.0,10394019.04073982,5394019.040739819,0.0,0.0,6.0,0.0,5596,5596,0,0.0,195412231.7210304,0.0,0.0,0.0,0,4233,259901,none_default,5000000.0
Fin_fl_rl_scaffold_2,pure_rl,fl_rl_scaffold,6779230.448604607,5000000.0,6779230.448605995,1779230.4486059947,0.0,0.0,13.0,0.0,1576,1576,0,0.0,55657728.777582586,0.0,0.0,0.0,0,4233,259901,none_default,5000000.0
Fin_fl_rl_scaffold_3,pure_rl,fl_rl_scaffold,8065639.363203082,5000000.0,8065639.363201395,3065639.3632013947,0.0,0.0,10.0,0.0,3194,3194,0,0.0,112123485.5319503,0.0,0.0,0.0,0,4233,259901,none_default,5000000.0
Fin_fl_rl_1,pure_rl,fl_rl,6510371.808656833,5000000.0,6510371.808655851,1510371.8086558506,0.0,0.0,9.0,0.0,1029,1029,121,0.1175898931000971,35867216.122626275,208563.47126836676,0.0058148775905916,0.0417126942536733,0,4261,259901,low_default,5000000.0
Fin_fl_rl_2,pure_rl,fl_rl,9070049.596926011,5000000.0,9070049.596927635,4070049.5969276354,0.0,0.0,6.0,0.0,2281,2281,216,0.0946953090749671,79905195.08326717,449211.52062972623,0.0056218061937226,0.0898423041259452,0,4261,259901,low_default,5000000.0
Fin_fl_rl_3,pure_rl,fl_rl,14968589.314954886,5000000.0,14968589.314950716,9968589.314950716,0.0,0.0,8.0,0.0,4721,4721,97,0.0205464943867824,165797016.32567272,179765.4630746903,0.001084250290256,0.035953092614938,0,4261,259901,low_default,5000000.0
Fin_fl_rl_prox_1,pure_rl,fl_rl_prox,6019938.6551869465,5000000.0,6019938.6551874615,1019938.6551874616,0.0,0.0,26.0,0.0,741,741,53,0.0715249662618083,25833791.333101247,100862.98230069152,0.0039043042889122,0.0201725964601383,0,4257,259901,low_default,5000000.0
Fin_fl_rl_prox_2,pure_rl,fl_rl_prox,9631972.264836626,5000000.0,9631972.264837028,4631972.264837028,0.0,0.0,7.0,0.0,2912,2912,305,0.1047390109890109,102269357.17814198,592207.6161358629,0.0057906652830945,0.1184415232271725,0,4257,259901,low_default,5000000.0
Fin_fl_rl_prox_3,pure_rl,fl_rl_prox,11952597.229364084,5000000.0,11952597.229362948,6952597.229362948,0.0,0.0,10.0,0.0,3696,3696,49,0.0132575757575757,130053735.1701644,96480.67586577598,0.000741852402313,0.0192961351731551,0,4257,259901,low_default,5000000.0
Fin_fl_rl_scaffold_1,pure_rl,fl_rl_scaffold,9016038.35885943,5000000.0,9016038.358859228,4016038.358859228,0.0,0.0,7.0,0.0,2099,2099,118,0.0562172463077656,72899637.04322961,212232.8450672856,0.0029113018071877,0.0424465690134571,0,4256,259901,low_default,5000000.0
Fin_fl_rl_scaffold_2,pure_rl,fl_rl_scaffold,9974039.104145885,5000000.0,9974039.104142437,4974039.104142437,0.0,0.0,6.0,0.0,2675,2675,239,0.0893457943925233,93421573.57595514,471316.8849742586,0.0050450540162552,0.0942633769948517,0,4256,259901,low_default,5000000.0
Fin_fl_rl_scaffold_3,pure_rl,fl_rl_scaffold,9359440.245364338,5000000.0,9359440.245362945,4359440.245362943,0.0,0.0,6.0,0.0,2270,2270,80,0.0352422907488986,79114082.18978022,157436.33150139957,0.0019899912524263,0.0314872663002799,0,4256,259901,low_default,5000000.0
Fin_fl_rl_1,pure_rl,fl_rl,8819256.245485842,5000000.0,8819256.245488357,3819256.245488357,0.0,0.0,11.0,0.0,2574,2574,91,0.0353535353535353,89792561.82065447,239750.2710536472,0.0026700460059543,0.0479500542107294,0,4247,259901,medium_default,5000000.0
Fin_fl_rl_2,pure_rl,fl_rl,8139165.995712639,5000000.0,8139165.995712755,3139165.9957127552,0.0,0.0,17.0,0.0,2045,2045,128,0.0625916870415647,71320354.3786725,278816.7812947837,0.0039093577664297,0.0557633562589567,0,4247,259901,medium_default,5000000.0
Fin_fl_rl_3,pure_rl,fl_rl,11068656.18107977,5000000.0,11068656.181075033,6068656.181075033,0.0,0.0,16.0,0.0,3429,3429,54,0.0157480314960629,119025324.56743254,125208.4738341497,0.0010519481823652,0.0250416947668299,0,4247,259901,medium_default,5000000.0
Fin_fl_rl_prox_1,pure_rl,fl_rl_prox,8819256.245485842,5000000.0,8819256.245488357,3819256.245488357,0.0,0.0,11.0,0.0,2574,2574,91,0.0353535353535353,89792561.82065447,239750.2710536472,0.0026700460059543,0.0479500542107294,0,4247,259901,medium_default,5000000.0
Fin_fl_rl_prox_2,pure_rl,fl_rl_prox,8139165.995712639,5000000.0,8139165.995712755,3139165.9957127552,0.0,0.0,17.0,0.0,2045,2045,128,0.0625916870415647,71320354.3786725,278816.7812947837,0.0039093577664297,0.0557633562589567,0,4247,259901,medium_default,5000000.0
Fin_fl_rl_prox_3,pure_rl,fl_rl_prox,11068656.18107977,5000000.0,11068656.181075033,6068656.181075033,0.0,0.0,16.0,0.0,3429,3429,54,0.0157480314960629,119025324.56743254,125208.4738341497,0.0010519481823652,0.0250416947668299,0,4247,259901,medium_default,5000000.0
Fin_fl_rl_scaffold_1,pure_rl,fl_rl_scaffold,8754033.080048045,5000000.0,8754033.080048902,3754033.080048902,0.0,0.0,24.0,0.0,2349,2349,88,0.0374627501064282,83194637.90931384,224447.483026652,0.0026978599663034,0.0448894966053304,0,4264,259901,medium_default,5000000.0
Fin_fl_rl_scaffold_2,pure_rl,fl_rl_scaffold,8891955.019669754,5000000.0,8891955.019667784,3891955.019667784,0.0,0.0,19.0,0.0,2589,2589,165,0.063731170336037,90652470.12343816,352301.5350398052,0.0038862872082811,0.070460307007961,0,4264,259901,medium_default,5000000.0
Fin_fl_rl_scaffold_3,pure_rl,fl_rl_scaffold,8496658.793408975,5000000.0,8496658.793409785,3496658.7934097853,0.0,0.0,32.0,0.0,2367,2367,100,0.042247570764681,82940896.60501221,239052.4934740824,0.0028822029090488,0.0478104986948164,0,4264,259901,medium_default,5000000.0
Fin_fl_rl_1,pure_rl,fl_rl,7635377.566102775,5000000.0,7635377.566099632,2635377.5660996325,0.0,0.0,19.0,0.0,1803,1803,135,0.0748752079866888,62977415.79292919,460245.2615629552,0.0073081001461896,0.092049052312591,0,4254,259901,high_default,5000000.0
Fin_fl_rl_2,pure_rl,fl_rl,7291930.470813295,5000000.0,7291930.470813454,2291930.470813454,0.0,0.0,23.0,0.0,1945,1945,179,0.0920308483290488,68137708.37849829,494793.7421599524,0.0072616727790641,0.0989587484319904,0,4254,259901,high_default,5000000.0
Fin_fl_rl_3,pure_rl,fl_rl,9727055.700294595,5000000.0,9727055.700294515,4727055.700294515,0.0,0.0,18.0,0.0,2799,2799,105,0.037513397642015,98702138.20582768,302096.9969414388,0.0030606935415265,0.0604193993882877,0,4254,259901,high_default,5000000.0
Fin_fl_rl_prox_1,pure_rl,fl_rl_prox,7723318.78434398,5000000.0,7723318.784343998,2723318.784343998,0.0,0.0,22.0,0.0,1818,1818,140,0.077007700770077,63549294.81860696,476462.0340434564,0.0074975188222537,0.0952924068086912,0,4256,259901,high_default,5000000.0
Fin_fl_rl_prox_2,pure_rl,fl_rl_prox,7882664.569155729,5000000.0,7882664.569161198,2882664.569161198,0.0,0.0,15.0,0.0,2111,2111,177,0.083846518237802,73487771.7355243,495685.26097101904,0.0067451393512779,0.0991370521942038,0,4256,259901,high_default,5000000.0
Fin_fl_rl_prox_3,pure_rl,fl_rl_prox,9035694.34294727,5000000.0,9035694.3429482,4035694.3429482,0.0,0.0,28.0,0.0,2514,2514,107,0.0425616547334924,87800416.72547232,309517.8465728748,0.0035252434796596,0.0619035693145749,0,4256,259901,high_default,5000000.0
Fin_fl_rl_scaffold_1,pure_rl,fl_rl_scaffold,7156009.962045228,5000000.0,7156009.962046158,2156009.9620461576,0.0,0.0,10.0,0.0,1841,1841,166,0.0901683867463335,65242693.8087422,574375.8755158973,0.0088036811784576,0.1148751751031794,0,4249,259901,high_default,5000000.0
Fin_fl_rl_scaffold_2,pure_rl,fl_rl_scaffold,7137854.87657274,5000000.0,7137854.876577314,2137854.876577314,0.0,0.0,8.0,0.0,1833,1833,196,0.1069285324604473,64375647.313140415,517098.342714926,0.0080325148452429,0.1034196685429852,0,4249,259901,high_default,5000000.0
Fin_fl_rl_scaffold_3,pure_rl,fl_rl_scaffold,9332059.126791025,5000000.0,9332059.12679143,4332059.126791431,0.0,0.0,6.0,0.0,3139,3139,125,0.0398215992354252,109778467.74635924,369133.86741163454,0.0033625343383778,0.0738267734823269,0,4249,259901,high_default,5000000.0
Fin_fl_rl_1,pure_rl,fl_rl,12726081.17333477,10000000.0,12726081.173335116,2726081.1733351164,0.0,0.0,12.0,0.0,2437,2437,0,0.0,86024343.41308118,0.0,0.0,0.0,0,4248,259901,none_default,10000000.0
Fin_fl_rl_2,pure_rl,fl_rl,12977256.81787787,10000000.0,12977256.81788055,2977256.8178805504,0.0,0.0,13.0,0.0,2514,2514,0,0.0,88064660.0069935,0.0,0.0,0.0,0,4248,259901,none_default,10000000.0
Fin_fl_rl_3,pure_rl,fl_rl,17635251.567188386,10000000.0,17635251.567191485,7635251.567191485,0.0,0.0,15.0,0.0,5394,5394,0,0.0,188755737.829214,0.0,0.0,0.0,0,4248,259901,none_default,10000000.0
Fin_fl_rl_prox_1,pure_rl,fl_rl_prox,12593261.508550176,10000000.0,12593261.508542877,2593261.5085428767,0.0,0.0,14.0,0.0,2427,2427,0,0.0,85263495.74334416,0.0,0.0,0.0,0,4252,259901,none_default,10000000.0
Fin_fl_rl_prox_2,pure_rl,fl_rl_prox,11535268.675013185,10000000.0,11535268.675019665,1535268.6750196628,0.0,0.0,15.0,0.0,1615,1615,0,0.0,56568257.75676991,0.0,0.0,0.0,0,4252,259901,none_default,10000000.0
Fin_fl_rl_prox_3,pure_rl,fl_rl_prox,17577117.67673973,10000000.0,17577117.67673984,7577117.676739842,0.0,0.0,16.0,0.0,6301,6301,0,0.0,220363320.59110135,0.0,0.0,0.0,0,4252,259901,none_default,10000000.0
Fin_fl_rl_scaffold_1,pure_rl,fl_rl_scaffold,14213872.970039038,10000000.0,14213872.970037667,4213872.970037669,0.0,0.0,11.0,0.0,3823,3823,0,0.0,134254104.47459805,0.0,0.0,0.0,0,4247,259901,none_default,10000000.0
Fin_fl_rl_scaffold_2,pure_rl,fl_rl_scaffold,11902367.552444251,10000000.0,11902367.552442372,1902367.552442372,0.0,0.0,11.0,0.0,1709,1709,0,0.0,59922534.92991204,0.0,0.0,0.0,0,4247,259901,none_default,10000000.0
Fin_fl_rl_scaffold_3,pure_rl,fl_rl_scaffold,16632736.024152376,10000000.0,16632736.02414735,6632736.02414735,0.0,0.0,10.0,0.0,4848,4848,0,0.0,169161381.0464381,0.0,0.0,0.0,0,4247,259901,none_default,10000000.0
Fin_fl_rl_1,pure_rl,fl_rl,13359655.166561125,10000000.0,13359655.166566642,3359655.166566642,0.0,0.0,26.0,0.0,2381,2381,69,0.0289794204115917,82927434.24471152,143336.18639381143,0.0017284531675107,0.0143336186393811,0,4233,259901,low_default,10000000.0
Fin_fl_rl_2,pure_rl,fl_rl,12103337.87037189,10000000.0,12103337.870374236,2103337.8703742363,0.0,0.0,22.0,0.0,1450,1450,87,0.06,51343339.37995693,198806.4519115336,0.003872098198372,0.0198806451911533,0,4233,259901,low_default,10000000.0
Fin_fl_rl_3,pure_rl,fl_rl,13273551.954899097,10000000.0,13273551.954906516,3273551.954906516,0.0,0.0,6.0,0.0,2021,2021,56,0.0277090549233052,70724877.37669793,126062.62660384802,0.001782436835237,0.0126062626603848,0,4233,259901,low_default,10000000.0
Fin_fl_rl_prox_1,pure_rl,fl_rl_prox,12811010.792465212,10000000.0,12811010.792462874,2811010.792462874,0.0,0.0,8.0,0.0,1755,1755,40,0.0227920227920227,60981303.81288,80996.34545289662,0.0013282160332522,0.0080996345452896,0,4248,259901,low_default,10000000.0
Fin_fl_rl_prox_2,pure_rl,fl_rl_prox,12147632.232242482,10000000.0,12147632.23224066,2147632.23224066,0.0,0.0,14.0,0.0,1696,1696,152,0.0896226415094339,59929135.26747837,350004.1722965364,0.0058403007274238,0.0350004172296536,0,4248,259901,low_default,10000000.0
Fin_fl_rl_prox_3,pure_rl,fl_rl_prox,16060851.079623211,10000000.0,16060851.079629518,6060851.079629518,0.0,0.0,6.0,0.0,3867,3867,78,0.0201706749418153,136412618.0377537,173798.90277771634,0.0012740676432851,0.0173798902777716,0,4248,259901,low_default,10000000.0
Fin_fl_rl_scaffold_1,pure_rl,fl_rl_scaffold,11288164.600829748,10000000.0,11288164.600833992,1288164.6008339915,0.0,0.0,17.0,0.0,1188,1188,51,0.0429292929292929,41440353.24877558,104860.75522733942,0.0025304020599881,0.0104860755227339,0,4248,259901,low_default,10000000.0
Fin_fl_rl_scaffold_2,pure_rl,fl_rl_scaffold,13406680.263367273,10000000.0,13406680.263366932,3406680.263366932,0.0,0.0,15.0,0.0,3343,3343,268,0.0801675142087944,116910221.86137086,597960.6895953062,0.0051146998104609,0.0597960689595306,0,4248,259901,low_default,10000000.0
Fin_fl_rl_scaffold_3,pure_rl,fl_rl_scaffold,15612986.899248196,10000000.0,15612986.899253337,5612986.899253335,0.0,0.0,27.0,0.0,4200,4200,64,0.0152380952380952,147557845.00065193,138606.9135838585,0.0009393395084025,0.0138606913583858,0,4248,259901,low_default,10000000.0
Fin_fl_rl_1,pure_rl,fl_rl,13582079.736611916,10000000.0,13582079.73661939,3582079.7366193905,0.0,0.0,18.0,0.0,2379,2379,107,0.0449768810424548,82172880.26378885,283840.28075904795,0.003454184395726,0.0283840280759047,0,4256,259901,medium_default,10000000.0
Fin_fl_rl_2,pure_rl,fl_rl,13866623.373192808,10000000.0,13866623.373193204,3866623.3731932025,0.0,0.0,20.0,0.0,2846,2846,186,0.0653548840477863,100086950.99891466,402105.0978097681,0.0040175576715702,0.0402105097809768,0,4256,259901,medium_default,10000000.0
Fin_fl_rl_3,pure_rl,fl_rl,14610928.885325309,10000000.0,14610928.885315912,4610928.885315912,0.0,0.0,24.0,0.0,2733,2733,52,0.0190267105744603,95897253.51441872,118525.25322256096,0.0012359608735274,0.011852525322256,0,4256,259901,medium_default,10000000.0
Fin_fl_rl_prox_1,pure_rl,fl_rl_prox,10891750.635524668,10000000.0,10891750.63552361,891750.6355236098,0.0,0.0,9.0,0.0,728,728,83,0.114010989010989,25282249.461448062,227988.73082821735,0.0090177391523593,0.0227988730828217,0,4253,259901,medium_default,10000000.0
Fin_fl_rl_prox_2,pure_rl,fl_rl_prox,12948151.839635834,10000000.0,12948151.839639202,2948151.8396392018,0.0,0.0,9.0,0.0,1678,1678,143,0.0852205005959475,58505311.213914745,304641.6911621337,0.0052070775258038,0.0304641691162133,0,4253,259901,medium_default,10000000.0
Fin_fl_rl_prox_3,pure_rl,fl_rl_prox,16488111.6930776,10000000.0,16488111.693076525,6488111.693076523,0.0,0.0,7.0,0.0,3438,3438,75,0.0218150087260034,120367914.93683216,171535.91412889663,0.0014250966648289,0.0171535914128896,0,4253,259901,medium_default,10000000.0
Fin_fl_rl_scaffold_1,pure_rl,fl_rl_scaffold,10912327.50691538,10000000.0,10912327.506914,912327.506914001,0.0,0.0,23.0,0.0,680,680,78,0.1147058823529411,23902503.498391323,212072.6064294089,0.0088724014387732,0.0212072606429408,0,4254,259901,medium_default,10000000.0
Fin_fl_rl_scaffold_2,pure_rl,fl_rl_scaffold,11573567.301319204,10000000.0,11573567.30131331,1573567.3013133109,0.0,0.0,14.0,0.0,1418,1418,224,0.157968970380818,49833545.27194519,544799.8797474988,0.0109323925635731,0.0544799879747498,0,4254,259901,medium_default,10000000.0
Fin_fl_rl_scaffold_3,pure_rl,fl_rl_scaffold,15890124.799090492,10000000.0,15890124.79909307,5890124.7990930695,0.0,0.0,7.0,0.0,3010,3010,63,0.0209302325581395,105262844.21145406,146087.48400635144,0.0013878352337971,0.0146087484006351,0,4254,259901,medium_default,10000000.0
Fin_fl_rl_1,pure_rl,fl_rl,13296853.490841206,10000000.0,13296853.490839295,3296853.490839295,0.0,0.0,13.0,0.0,2102,2102,176,0.0837297811607992,73202277.61438976,611319.4512586297,0.0083510987797251,0.0611319451258629,0,4239,259901,high_default,10000000.0
Fin_fl_rl_2,pure_rl,fl_rl,10032441.029953975,10000000.0,10032441.02995463,32441.02995463088,0.0,0.0,26.0,0.0,190,190,87,0.4578947368421052,6625254.1779735405,204076.12703808892,0.0308027619101112,0.0204076127038088,0,4239,259901,high_default,10000000.0
Fin_fl_rl_3,pure_rl,fl_rl,17043314.394493137,10000000.0,17043314.394495144,7043314.3944951445,0.0,0.0,17.0,0.0,3818,3818,134,0.0350969093766369,133714859.95072678,384099.82141660026,0.0028725290633975,0.03840998214166,0,4239,259901,high_default,10000000.0
Fin_fl_rl_prox_1,pure_rl,fl_rl_prox,11224384.272820672,10000000.0,11224384.272824006,1224384.2728240062,0.0,0.0,26.0,0.0,1005,1005,146,0.145273631840796,35052554.31742338,506873.8958829976,0.0144603982720611,0.0506873895882997,0,4254,259901,high_default,10000000.0
Fin_fl_rl_prox_2,pure_rl,fl_rl_prox,10015677.306883112,10000000.0,10015677.306884088,15677.306884087622,0.0,0.0,26.0,0.0,181,181,86,0.4751381215469613,6331972.806707615,201963.1841209561,0.0318957756588928,0.0201963184120956,0,4254,259901,high_default,10000000.0
Fin_fl_rl_prox_3,pure_rl,fl_rl_prox,19214699.993797757,10000000.0,19214699.99379116,9214699.993791156,0.0,0.0,16.0,0.0,4741,4741,131,0.0276313014132039,165294148.9945957,391440.75769160094,0.0023681464835418,0.0391440757691601,0,4254,259901,high_default,10000000.0
Fin_fl_rl_scaffold_1,pure_rl,fl_rl_scaffold,13950929.200730102,10000000.0,13950929.200736511,3950929.200736514,0.0,0.0,15.0,0.0,2220,2220,132,0.0594594594594594,77370986.9736419,474258.16870155046,0.0061296641965174,0.047425816870155,0,4252,259901,high_default,10000000.0
Fin_fl_rl_scaffold_2,pure_rl,fl_rl_scaffold,10037145.020474426,10000000.0,10037145.02047438,37145.02047437988,0.0,0.0,26.0,0.0,193,193,86,0.4455958549222797,6665567.455714869,201963.1841209561,0.0302994734451001,0.0201963184120956,0,4252,259901,high_default,10000000.0
Fin_fl_rl_scaffold_3,pure_rl,fl_rl_scaffold,16364477.349562367,10000000.0,16364477.349569991,6364477.349569993,0.0,0.0,16.0,0.0,3349,3349,135,0.0403105404598387,116851212.6556935,415603.154623362,0.0035566867059219,0.0415603154623362,0,4252,259901,high_default,10000000.0
Fin_fl_rl_1,pure_rl,fl_rl,6047403.623733092,1000000.0,6047403.623733435,5047403.623733435,0.0,0.0,6.0,0.0,2653,2653,0,0.0,90851868.86331372,0.0,0.0,0.0,0,4265,314159,none_default,1000000.0
Fin_fl_rl_2,pure_rl,fl_rl,5166026.4341396205,1000000.0,5166026.434139172,4166026.434139172,0.0,0.0,6.0,0.0,2398,2398,0,0.0,81346658.43462937,0.0,0.0,0.0,0,4265,314159,none_default,1000000.0
Fin_fl_rl_3,pure_rl,fl_rl,4884680.75117241,1000000.0,4884680.751172058,3884680.751172058,0.0,0.0,6.0,0.0,2349,2349,0,0.0,78776964.95312476,0.0,0.0,0.0,0,4265,314159,none_default,1000000.0
Fin_fl_rl_prox_1,pure_rl,fl_rl_prox,5767293.368936531,1000000.0,5767293.368936706,4767293.368936706,0.0,0.0,6.0,0.0,2587,2587,0,0.0,87381742.19217367,0.0,0.0,0.0,0,4235,314159,none_default,1000000.0
Fin_fl_rl_prox_2,pure_rl,fl_rl_prox,4144965.601814474,1000000.0,4144965.601815023,3144965.601815023,0.0,0.0,6.0,0.0,2128,2128,0,0.0,69937391.43444811,0.0,0.0,0.0,0,4235,314159,none_default,1000000.0
Fin_fl_rl_prox_3,pure_rl,fl_rl_prox,5871553.371407461,1000000.0,5871553.371407632,4871553.371407632,0.0,0.0,6.0,0.0,2489,2489,0,0.0,86141150.1975837,0.0,0.0,0.0,0,4235,314159,none_default,1000000.0
Fin_fl_rl_scaffold_1,pure_rl,fl_rl_scaffold,6067353.962061609,1000000.0,6067353.962061016,5067353.962061016,0.0,0.0,6.0,0.0,2880,2880,0,0.0,99434358.07560618,0.0,0.0,0.0,0,4255,314159,none_default,1000000.0
Fin_fl_rl_scaffold_2,pure_rl,fl_rl_scaffold,4740661.990564759,1000000.0,4740661.990564659,3740661.9905646592,0.0,0.0,6.0,0.0,2593,2593,0,0.0,83568780.73663707,0.0,0.0,0.0,0,4255,314159,none_default,1000000.0
Fin_fl_rl_scaffold_3,pure_rl,fl_rl_scaffold,5061241.875601126,1000000.0,5061241.8756005,4061241.8756005,0.0,0.0,6.0,0.0,2441,2441,0,0.0,84243232.37447186,0.0,0.0,0.0,0,4255,314159,none_default,1000000.0
Fin_fl_rl_1,pure_rl,fl_rl,4476970.348770763,1000000.0,4476970.348770425,3476970.3487704247,0.0,0.0,6.0,0.0,2044,2044,54,0.0264187866927592,69311709.17274524,112482.77303288352,0.0016228538348772,0.1124827730328835,0,4243,314159,low_default,1000000.0
Fin_fl_rl_2,pure_rl,fl_rl,5257207.302460712,1000000.0,5257207.302460729,4257207.302460729,0.0,0.0,6.0,0.0,2547,2547,80,0.0314095013741656,86934891.71946648,168946.98070318528,0.0019433736830128,0.1689469807031852,0,4243,314159,low_default,1000000.0
Fin_fl_rl_3,pure_rl,fl_rl,4777510.010800222,1000000.0,4777510.010800189,3777510.010800189,0.0,0.0,11.0,0.0,2125,2125,22,0.0103529411764705,72152697.38487576,40204.41879345417,0.000557212969863,0.0402044187934541,0,4243,314159,low_default,1000000.0
Fin_fl_rl_prox_1,pure_rl,fl_rl_prox,4730966.0633715065,1000000.0,4730966.06337166,3730966.06337166,0.0,0.0,6.0,0.0,2469,2469,58,0.0234912920210611,81814758.19007286,134809.52031838696,0.0016477408636372,0.1348095203183869,0,4257,314159,low_default,1000000.0
Fin_fl_rl_prox_2,pure_rl,fl_rl_prox,4407137.812793199,1000000.0,4407137.812793977,3407137.8127939766,0.0,0.0,6.0,0.0,1770,1770,44,0.0248587570621468,61090439.89348777,86700.29704698603,0.0014192121909442,0.086700297046986,0,4257,314159,low_default,1000000.0
Fin_fl_rl_prox_3,pure_rl,fl_rl_prox,5898871.956437953,1000000.0,5898871.95643826,4898871.95643826,0.0,0.0,6.0,0.0,2612,2612,10,0.0038284839203675,89566819.34301594,23477.08330164273,0.0002621180865174,0.0234770833016427,0,4257,314159,low_default,1000000.0
Fin_fl_rl_scaffold_1,pure_rl,fl_rl_scaffold,4425047.699990619,1000000.0,4425047.69999066,3425047.69999066,0.0,0.0,6.0,0.0,2170,2170,70,0.032258064516129,73636738.7285543,159004.29564192297,0.002159306595965,0.1590042956419229,0,4240,314159,low_default,1000000.0
Fin_fl_rl_scaffold_2,pure_rl,fl_rl_scaffold,3747621.004056256,1000000.0,3747621.0040561776,2747621.0040561776,0.0,0.0,6.0,0.0,1802,1802,105,0.0582685904550499,60271349.425847575,197942.11759494647,0.0032841826088277,0.1979421175949464,0,4240,314159,low_default,1000000.0
Fin_fl_rl_scaffold_3,pure_rl,fl_rl_scaffold,5791799.3833480105,1000000.0,5791799.383347311,4791799.383347311,0.0,0.0,6.0,0.0,2655,2655,18,0.0067796610169491,91189646.55901556,38587.61182548778,0.0004231578175984,0.0385876118254877,0,4240,314159,low_default,1000000.0
Fin_fl_rl_1,pure_rl,fl_rl,4745957.749246102,1000000.0,4745957.749246527,3745957.749246527,0.0,0.0,6.0,0.0,2266,2266,66,0.029126213592233,76768303.36800209,160990.69188238526,0.0020970984744921,0.1609906918823852,0,4254,314159,medium_default,1000000.0
Fin_fl_rl_2,pure_rl,fl_rl,3123811.5612023114,1000000.0,3123811.561202113,2123811.561202113,0.0,0.0,6.0,0.0,1229,1229,56,0.0455655004068348,43086818.40445528,131289.45506134105,0.0030470909647802,0.131289455061341,0,4254,314159,medium_default,1000000.0
Fin_fl_rl_3,pure_rl,fl_rl,6066446.68330026,1000000.0,6066446.683300502,5066446.683300502,0.0,0.0,6.0,0.0,2528,2528,18,0.0071202531645569,87695349.370823,36531.44071220487,0.0004165721554712,0.0365314407122048,0,4254,314159,medium_default,1000000.0
Fin_fl_rl_prox_1,pure_rl,fl_rl_prox,4745957.749246102,1000000.0,4745957.749246527,3745957.749246527,0.0,0.0,6.0,0.0,2266,2266,66,0.029126213592233,76768303.36800209,160990.69188238526,0.0020970984744921,0.1609906918823852,0,4254,314159,medium_default,1000000.0
Fin_fl_rl_prox_2,pure_rl,fl_rl_prox,3123811.5612023114,1000000.0,3123811.561202113,2123811.561202113,0.0,0.0,6.0,0.0,1229,1229,56,0.0455655004068348,43086818.40445528,131289.45506134105,0.0030470909647802,0.131289455061341,0,4254,314159,medium_default,1000000.0
Fin_fl_rl_prox_3,pure_rl,fl_rl_prox,6066446.68330026,1000000.0,6066446.683300502,5066446.683300502,0.0,0.0,6.0,0.0,2528,2528,18,0.0071202531645569,87695349.370823,36531.44071220487,0.0004165721554712,0.0365314407122048,0,4254,314159,medium_default,1000000.0
Fin_fl_rl_scaffold_1,pure_rl,fl_rl_scaffold,4245774.612011656,1000000.0,4245774.612011616,3245774.612011616,0.0,0.0,6.0,0.0,1889,1889,65,0.0344097406034939,65551990.020668365,166867.02463032826,0.0025455676414661,0.1668670246303282,0,4251,314159,medium_default,1000000.0
Fin_fl_rl_scaffold_2,pure_rl,fl_rl_scaffold,3120739.945468729,1000000.0,3120739.945468448,2120739.945468448,0.0,0.0,6.0,0.0,1298,1298,68,0.0523882896764252,45381531.42318867,154771.06003241634,0.0034104415425992,0.1547710600324163,0,4251,314159,medium_default,1000000.0
Fin_fl_rl_scaffold_3,pure_rl,fl_rl_scaffold,6414063.635865024,1000000.0,6414063.63586533,5414063.63586533,0.0,0.0,6.0,0.0,2796,2796,23,0.0082260371959942,93712728.43393902,49851.57290191976,0.0005319615994006,0.0498515729019197,0,4251,314159,medium_default,1000000.0
Fin_fl_rl_1,pure_rl,fl_rl,3331068.0116660995,1000000.0,3331068.011666337,2331068.011666337,0.0,0.0,7.0,0.0,1375,1375,88,0.064,49229083.55047806,305677.0637183366,0.0062092779648214,0.3056770637183366,0,4263,314159,high_default,1000000.0
Fin_fl_rl_2,pure_rl,fl_rl,3460910.4220086285,1000000.0,3460910.422008506,2460910.422008506,0.0,0.0,7.0,0.0,1263,1263,70,0.0554235946159936,46124276.749697335,185056.8443513316,0.0040121354174414,0.1850568443513316,0,4263,314159,high_default,1000000.0
Fin_fl_rl_3,pure_rl,fl_rl,4425532.477153374,1000000.0,4425532.477153473,3425532.4771534726,0.0,0.0,6.0,0.0,2332,2332,51,0.021869639794168,75341755.9633719,126871.30409103846,0.0016839440821198,0.1268713040910384,0,4263,314159,high_default,1000000.0
Fin_fl_rl_prox_1,pure_rl,fl_rl_prox,3331068.0116660995,1000000.0,3331068.011666337,2331068.011666337,0.0,0.0,7.0,0.0,1375,1375,88,0.064,49229083.55047806,305677.0637183366,0.0062092779648214,0.3056770637183366,0,4263,314159,high_default,1000000.0
Fin_fl_rl_prox_2,pure_rl,fl_rl_prox,3460910.4220086285,1000000.0,3460910.422008506,2460910.422008506,0.0,0.0,7.0,0.0,1263,1263,70,0.0554235946159936,46124276.749697335,185056.8443513316,0.0040121354174414,0.1850568443513316,0,4263,314159,high_default,1000000.0
Fin_fl_rl_prox_3,pure_rl,fl_rl_prox,4425532.477153374,1000000.0,4425532.477153473,3425532.4771534726,0.0,0.0,6.0,0.0,2332,2332,51,0.021869639794168,75341755.9633719,126871.30409103846,0.0016839440821198,0.1268713040910384,0,4263,314159,high_default,1000000.0
Fin_fl_rl_scaffold_1,pure_rl,fl_rl_scaffold,3540461.3155732546,1000000.0,3540461.3155731666,2540461.3155731666,0.0,0.0,7.0,0.0,1600,1600,89,0.055625,54827864.73658498,298745.4445478261,0.0054487886038079,0.2987454445478261,0,4248,314159,high_default,1000000.0
Fin_fl_rl_scaffold_2,pure_rl,fl_rl_scaffold,3970757.4674140834,1000000.0,3970757.467414628,2970757.467414628,0.0,0.0,7.0,0.0,1475,1475,62,0.0420338983050847,51577547.54446918,148228.88705187125,0.0028739033573488,0.1482288870518712,0,4248,314159,high_default,1000000.0
Fin_fl_rl_scaffold_3,pure_rl,fl_rl_scaffold,4202497.184272141,1000000.0,4202497.184271489,3202497.1842714893,0.0,0.0,6.0,0.0,1637,1637,48,0.0293219303604153,56142656.350224495,143660.7528266263,0.0025588520772949,0.1436607528266263,0,4248,314159,high_default,1000000.0
Fin_fl_rl_1,pure_rl,fl_rl,12377236.512856804,5000000.0,12377236.512858704,7377236.512858704,0.0,0.0,6.0,0.0,6557,6557,0,0.0,228528784.2208109,0.0,0.0,0.0,0,4253,314159,none_default,5000000.0
Fin_fl_rl_2,pure_rl,fl_rl,7523909.478880121,5000000.0,7523909.478879255,2523909.4788792552,0.0,0.0,11.0,0.0,2035,2035,0,0.0,71364203.4101705,0.0,0.0,0.0,0,4253,314159,none_default,5000000.0
Fin_fl_rl_3,pure_rl,fl_rl,6728420.723959233,5000000.0,6728420.723958551,1728420.723958551,0.0,0.0,13.0,0.0,1748,1748,0,0.0,61232828.21860816,0.0,0.0,0.0,0,4253,314159,none_default,5000000.0
Fin_fl_rl_prox_1,pure_rl,fl_rl_prox,11001910.278904404,5000000.0,11001910.27890662,6001910.278906621,0.0,0.0,6.0,0.0,5855,5855,0,0.0,203671043.9996089,0.0,0.0,0.0,0,4252,314159,none_default,5000000.0
Fin_fl_rl_prox_2,pure_rl,fl_rl_prox,6178109.457809557,5000000.0,6178109.457808339,1178109.457808339,0.0,0.0,11.0,0.0,1170,1170,0,0.0,41293396.803924285,0.0,0.0,0.0,0,4252,314159,none_default,5000000.0
Fin_fl_rl_prox_3,pure_rl,fl_rl_prox,8378379.150575442,5000000.0,8378379.150573119,3378379.1505731195,0.0,0.0,9.0,0.0,3333,3333,0,0.0,116963276.2737701,0.0,0.0,0.0,0,4252,314159,none_default,5000000.0
Fin_fl_rl_scaffold_1,pure_rl,fl_rl_scaffold,10185276.286486017,5000000.0,10185276.286483232,5185276.286483232,0.0,0.0,6.0,0.0,5749,5749,0,0.0,200610925.34181085,0.0,0.0,0.0,0,4238,314159,none_default,5000000.0
Fin_fl_rl_scaffold_2,pure_rl,fl_rl_scaffold,6868278.305606286,5000000.0,6868278.305605938,1868278.3056059375,0.0,0.0,11.0,0.0,2023,2023,0,0.0,71350053.615307,0.0,0.0,0.0,0,4238,314159,none_default,5000000.0
Fin_fl_rl_scaffold_3,pure_rl,fl_rl_scaffold,7094451.166983815,5000000.0,7094451.166983189,2094451.166983189,0.0,0.0,9.0,0.0,2610,2610,0,0.0,91598037.50537276,0.0,0.0,0.0,0,4238,314159,none_default,5000000.0
Fin_fl_rl_1,pure_rl,fl_rl,7733576.136256354,5000000.0,7733576.136256803,2733576.136256803,0.0,0.0,12.0,0.0,1604,1604,41,0.0255610972568578,55527537.10956089,87418.53939188296,0.0015743276929318,0.0174837078783765,0,4263,314159,low_default,5000000.0
Fin_fl_rl_2,pure_rl,fl_rl,7448775.063339027,5000000.0,7448775.063338298,2448775.0633382984,0.0,0.0,16.0,0.0,1550,1550,93,0.06,53689374.40882062,184379.5022962429,0.003434189806204,0.0368759004592485,0,4263,314159,low_default,5000000.0
Fin_fl_rl_3,pure_rl,fl_rl,14972597.441265874,5000000.0,14972597.441264926,9972597.441264926,0.0,0.0,8.0,0.0,5562,5562,21,0.0037756202804746,194327070.6570077,42526.33537138644,0.0002188389668387,0.0085052670742772,0,4263,314159,low_default,5000000.0
Fin_fl_rl_prox_1,pure_rl,fl_rl_prox,9563367.015805934,5000000.0,9563367.015803017,4563367.015803015,0.0,0.0,8.0,0.0,2857,2857,51,0.0178508925446272,99777096.535424,105095.7012802764,0.0010533048658412,0.0210191402560552,0,4246,314159,low_default,5000000.0
Fin_fl_rl_prox_2,pure_rl,fl_rl_prox,9351574.27819257,5000000.0,9351574.278191932,4351574.278191932,0.0,0.0,11.0,0.0,2661,2661,84,0.0315670800450958,92608444.24420372,168786.02525930403,0.0018225770515507,0.0337572050518608,0,4246,314159,low_default,5000000.0
Fin_fl_rl_prox_3,pure_rl,fl_rl_prox,11223620.321605343,5000000.0,11223620.321604688,6223620.321604688,0.0,0.0,21.0,0.0,3282,3282,18,0.0054844606946983,116130550.5122796,38622.53405099195,0.0003325785840213,0.0077245068101983,0,4246,314159,low_default,5000000.0
Fin_fl_rl_scaffold_1,pure_rl,fl_rl_scaffold,10964319.57301096,5000000.0,10964319.573006904,5964319.573006904,0.0,0.0,15.0,0.0,3735,3735,54,0.0144578313253012,131388007.22085644,112694.0212115173,0.0008577192362928,0.0225388042423034,0,4253,314159,low_default,5000000.0
Fin_fl_rl_scaffold_2,pure_rl,fl_rl_scaffold,8519076.355123507,5000000.0,8519076.35512535,3519076.355125351,0.0,0.0,14.0,0.0,2086,2086,70,0.0335570469798657,72957322.0014719,136689.3969318047,0.0018735528276249,0.0273378793863609,0,4253,314159,low_default,5000000.0
Fin_fl_rl_scaffold_3,pure_rl,fl_rl_scaffold,10551477.309026845,5000000.0,10551477.309029436,5551477.309029436,0.0,0.0,21.0,0.0,3279,3279,31,0.0094541018603232,114945060.81536196,64672.00146636928,0.0005626340184399,0.0129344002932738,0,4253,314159,low_default,5000000.0
Fin_fl_rl_1,pure_rl,fl_rl,7822086.018059521,5000000.0,7822086.018057382,2822086.0180573817,0.0,0.0,7.0,0.0,1844,1844,178,0.096529284164859,65279340.43993797,434070.5818229854,0.0066494327132848,0.086814116364597,0,4250,314159,medium_default,5000000.0
Fin_fl_rl_2,pure_rl,fl_rl,5416617.979813405,5000000.0,5416617.979813315,416617.979813315,0.0,0.0,22.0,0.0,404,404,85,0.2103960396039604,14497334.62155538,189271.4411343893,0.0130556027073397,0.0378542882268778,0,4250,314159,medium_default,5000000.0
Fin_fl_rl_3,pure_rl,fl_rl,13183910.25448768,5000000.0,13183910.25448968,8183910.254489679,0.0,0.0,9.0,0.0,4521,4521,93,0.0205706702057067,158523744.02685285,221723.2535609913,0.0013986753525291,0.0443446507121982,0,4250,314159,medium_default,5000000.0
Fin_fl_rl_prox_1,pure_rl,fl_rl_prox,8397992.925291378,5000000.0,8397992.925293742,3397992.9252937417,0.0,0.0,7.0,0.0,2087,2087,157,0.0752275994250119,72683737.40838806,376216.2170280922,0.0051760714355433,0.0752432434056184,0,4253,314159,medium_default,5000000.0
Fin_fl_rl_prox_2,pure_rl,fl_rl_prox,5626005.365814866,5000000.0,5626005.365813749,626005.3658137489,0.0,0.0,22.0,0.0,536,536,94,0.1753731343283582,19408087.884881057,213379.09970706023,0.0109943391112363,0.042675819941412,0,4253,314159,medium_default,5000000.0
Fin_fl_rl_prox_3,pure_rl,fl_rl_prox,12450049.672217729,5000000.0,12450049.672219226,7450049.672219226,0.0,0.0,6.0,0.0,3996,3996,92,0.023023023023023,139842261.2188645,209661.08680848437,0.0014992684255895,0.0419322173616968,0,4253,314159,medium_default,5000000.0
Fin_fl_rl_scaffold_1,pure_rl,fl_rl_scaffold,7983541.128741433,5000000.0,7983541.128743043,2983541.128743043,0.0,0.0,10.0,0.0,2070,2070,150,0.072463768115942,72089825.5829494,360126.8023439625,0.0049955288340875,0.0720253604687925,0,4240,314159,medium_default,5000000.0
Fin_fl_rl_scaffold_2,pure_rl,fl_rl_scaffold,7427899.029349365,5000000.0,7427899.029348524,2427899.0293485243,0.0,0.0,7.0,0.0,1609,1609,133,0.0826600372902423,56656684.89903028,297359.81233840296,0.0052484506085793,0.0594719624676805,0,4240,314159,medium_default,5000000.0
Fin_fl_rl_scaffold_3,pure_rl,fl_rl_scaffold,10747285.988894738,5000000.0,10747285.988894371,5747285.988894371,0.0,0.0,6.0,0.0,3389,3389,125,0.0368840365889642,119010845.39027946,285531.4094609695,0.0023992049508144,0.0571062818921939,0,4240,314159,medium_default,5000000.0
Fin_fl_rl_1,pure_rl,fl_rl,6830954.99680539,5000000.0,6830954.9968041545,1830954.9968041545,0.0,0.0,7.0,0.0,1526,1526,163,0.1068152031454783,53428426.37941065,540523.4448477903,0.0101167764330054,0.108104688969558,0,4267,314159,high_default,5000000.0
Fin_fl_rl_2,pure_rl,fl_rl,6528822.569782988,5000000.0,6528822.569781754,1528822.5697817542,0.0,0.0,9.0,0.0,1108,1108,187,0.1687725631768953,38832591.82097976,511598.5031549129,0.0131744619445801,0.1023197006309825,0,4267,314159,high_default,5000000.0
Fin_fl_rl_3,pure_rl,fl_rl,11627039.84715692,5000000.0,11627039.847156294,6627039.847156294,0.0,0.0,6.0,0.0,3686,3686,88,0.0238741182854042,130520428.5718761,228050.1495086795,0.0017472372103275,0.0456100299017359,0,4267,314159,high_default,5000000.0
Fin_fl_rl_prox_1,pure_rl,fl_rl_prox,7977505.849427929,5000000.0,7977505.84942863,2977505.8494286304,0.0,0.0,10.0,0.0,2211,2211,148,0.0669380370872908,77801368.65254484,519065.855036871,0.0066716802548163,0.1038131710073742,0,4266,314159,high_default,5000000.0
Fin_fl_rl_prox_2,pure_rl,fl_rl_prox,7550194.151542085,5000000.0,7550194.151540036,2550194.1515400363,0.0,0.0,9.0,0.0,1632,1632,197,0.1207107843137254,57633909.64510476,537539.1094335478,0.0093267854418272,0.1075078218867095,0,4266,314159,high_default,5000000.0
Fin_fl_rl_prox_3,pure_rl,fl_rl_prox,9521311.166899934,5000000.0,9521311.166898165,4521311.166898163,0.0,0.0,14.0,0.0,2566,2566,95,0.0370226032735775,89730173.25355217,256664.12163421357,0.0028603992651273,0.0513328243268427,0,4266,314159,high_default,5000000.0
Fin_fl_rl_scaffold_1,pure_rl,fl_rl_scaffold,6947682.4798491895,5000000.0,6947682.479849935,1947682.4798499343,0.0,0.0,12.0,0.0,1560,1560,160,0.1025641025641025,54113460.765557945,531542.5969732256,0.0098227426125283,0.1063085193946451,0,4240,314159,high_default,5000000.0
Fin_fl_rl_scaffold_2,pure_rl,fl_rl_scaffold,7175235.635861434,5000000.0,7175235.63585612,2175235.63585612,0.0,0.0,15.0,0.0,1646,1646,181,0.1099635479951397,57625019.32101542,474682.11428296205,0.0082374308915823,0.0949364228565924,0,4240,314159,high_default,5000000.0
Fin_fl_rl_scaffold_3,pure_rl,fl_rl_scaffold,10603093.294463605,5000000.0,10603093.294463295,5603093.294463296,0.0,0.0,9.0,0.0,3277,3277,102,0.0311260299054012,114983659.03235216,295751.4403697624,0.0025721171413283,0.0591502880739524,0,4240,314159,high_default,5000000.0
Fin_fl_rl_1,pure_rl,fl_rl,12188263.998597192,10000000.0,12188263.998594426,2188263.9985944256,0.0,0.0,21.0,0.0,1491,1491,0,0.0,52003109.99003004,0.0,0.0,0.0,0,4257,314159,none_default,10000000.0
Fin_fl_rl_2,pure_rl,fl_rl,15824311.812429566,10000000.0,15824311.812433518,5824311.812433519,0.0,0.0,15.0,0.0,3862,3862,0,0.0,135461739.02432454,0.0,0.0,0.0,0,4257,314159,none_default,10000000.0
Fin_fl_rl_3,pure_rl,fl_rl,17576614.510780185,10000000.0,17576614.51078153,7576614.51078153,0.0,0.0,16.0,0.0,5009,5009,0,0.0,174362648.4970727,0.0,0.0,0.0,0,4257,314159,none_default,10000000.0
Fin_fl_rl_prox_1,pure_rl,fl_rl_prox,10378078.603683762,10000000.0,10378078.60368759,378078.60368759,0.0,0.0,21.0,0.0,448,448,0,0.0,15482449.39043583,0.0,0.0,0.0,0,4255,314159,none_default,10000000.0
Fin_fl_rl_prox_2,pure_rl,fl_rl_prox,15288979.506517705,10000000.0,15288979.506518291,5288979.506518291,0.0,0.0,15.0,0.0,3642,3642,0,0.0,127768180.11187728,0.0,0.0,0.0,0,4255,314159,none_default,10000000.0
Fin_fl_rl_prox_3,pure_rl,fl_rl_prox,18879740.5002778,10000000.0,18879740.50027106,8879740.50027106,0.0,0.0,9.0,0.0,6292,6292,0,0.0,219369910.8311377,0.0,0.0,0.0,0,4255,314159,none_default,10000000.0
Fin_fl_rl_scaffold_1,pure_rl,fl_rl_scaffold,11721317.695024062,10000000.0,11721317.69502552,1721317.6950255204,0.0,0.0,6.0,0.0,1285,1285,0,0.0,44648833.01797034,0.0,0.0,0.0,0,4256,314159,none_default,10000000.0
Fin_fl_rl_scaffold_2,pure_rl,fl_rl_scaffold,15224155.895528484,10000000.0,15224155.895531043,5224155.895531045,0.0,0.0,15.0,0.0,3539,3539,0,0.0,124850264.62041529,0.0,0.0,0.0,0,4256,314159,none_default,10000000.0
Fin_fl_rl_scaffold_3,pure_rl,fl_rl_scaffold,17958402.698799092,10000000.0,17958402.698796302,7958402.698796302,0.0,0.0,16.0,0.0,5541,5541,0,0.0,194363793.37920085,0.0,0.0,0.0,0,4256,314159,none_default,10000000.0
Fin_fl_rl_1,pure_rl,fl_rl,13651878.275158435,10000000.0,13651878.27515662,3651878.275156619,0.0,0.0,23.0,0.0,2048,2048,26,0.0126953125,71664631.43888125,49206.341344012646,0.0006866196107626,0.0049206341344012,0,4265,314159,low_default,10000000.0
Fin_fl_rl_2,pure_rl,fl_rl,10419380.8329107,10000000.0,10419380.832910491,419380.832910493,0.0,0.0,28.0,0.0,425,425,55,0.1294117647058823,14697653.59432671,106670.24942885686,0.007257638013052,0.0106670249428856,0,4265,314159,low_default,10000000.0
Fin_fl_rl_3,pure_rl,fl_rl,21678966.651401225,10000000.0,21678966.651404303,11678966.651404306,0.0,0.0,20.0,0.0,6123,6123,30,0.0048995590396864,213306976.3678577,66237.01990506727,0.0003105243955586,0.0066237019905067,0,4265,314159,low_default,10000000.0
Fin_fl_rl_prox_1,pure_rl,fl_rl_prox,11574842.39914114,10000000.0,11574842.399140054,1574842.3991400544,0.0,0.0,27.0,0.0,971,971,23,0.0236869207003089,33970611.643235244,43225.52024028279,0.0012724386800639,0.0043225520240282,0,4259,314159,low_default,10000000.0
Fin_fl_rl_prox_2,pure_rl,fl_rl_prox,10833664.994716696,10000000.0,10833664.994718146,833664.9947181456,0.0,0.0,28.0,0.0,630,630,53,0.0841269841269841,21877384.7328142,103323.5226057059,0.0047228461659189,0.0103323522605705,0,4259,314159,low_default,10000000.0
Fin_fl_rl_prox_3,pure_rl,fl_rl_prox,22791488.27456427,10000000.0,22791488.27456259,12791488.27456259,0.0,0.0,20.0,0.0,6435,6435,28,0.0043512043512043,224489074.43363857,56371.50432521975,0.0002511102353975,0.0056371504325219,0,4259,314159,low_default,10000000.0
Fin_fl_rl_scaffold_1,pure_rl,fl_rl_scaffold,15655171.622229695,10000000.0,15655171.622229258,5655171.622229258,0.0,0.0,21.0,0.0,3204,3204,43,0.0134207240948813,112503233.94943132,93406.7100402882,0.000830258000248,0.0093406710040288,0,4266,314159,low_default,10000000.0
Fin_fl_rl_scaffold_2,pure_rl,fl_rl_scaffold,13525275.394307096,10000000.0,13525275.39431407,3525275.3943140693,0.0,0.0,21.0,0.0,2055,2055,56,0.027250608272506,72334043.2461924,106512.5547040924,0.0014725093458632,0.0106512554704092,0,4266,314159,low_default,10000000.0
Fin_fl_rl_scaffold_3,pure_rl,fl_rl_scaffold,14149509.085119,10000000.0,14149509.085121958,4149509.0851219576,0.0,0.0,24.0,0.0,2322,2322,28,0.012058570198105,80563767.64539023,58553.65009181553,0.000726798805507,0.0058553650091815,0,4266,314159,low_default,10000000.0
Fin_fl_rl_1,pure_rl,fl_rl,12453383.273548912,10000000.0,12453383.273550889,2453383.2735508867,0.0,0.0,15.0,0.0,1575,1575,107,0.0679365079365079,54892860.48574375,256424.8385393209,0.0046713695783064,0.025642483853932,0,4255,314159,medium_default,10000000.0
Fin_fl_rl_2,pure_rl,fl_rl,14155998.182282498,10000000.0,14155998.18228397,4155998.1822839696,0.0,0.0,16.0,0.0,2544,2544,165,0.0648584905660377,89435109.53238636,380447.12350752193,0.0042538900605891,0.0380447123507521,0,4255,314159,medium_default,10000000.0
Fin_fl_rl_3,pure_rl,fl_rl,16689009.36010685,10000000.0,16689009.360110352,6689009.360110352,0.0,0.0,16.0,0.0,3595,3595,65,0.0180806675938803,126531413.40954044,144137.93741452106,0.0011391474538263,0.0144137937414521,0,4255,314159,medium_default,10000000.0
Fin_fl_rl_prox_1,pure_rl,fl_rl_prox,14567206.064068824,10000000.0,14567206.064075995,4567206.064075997,0.0,0.0,13.0,0.0,2700,2700,181,0.067037037037037,94006366.91831666,436995.9509802077,0.0046485782325777,0.0436995950980207,0,4260,314159,medium_default,10000000.0
Fin_fl_rl_prox_2,pure_rl,fl_rl_prox,14096208.230663825,10000000.0,14096208.230664829,4096208.230664829,0.0,0.0,13.0,0.0,2301,2301,126,0.0547588005215123,80312959.90328212,291698.3801356975,0.0036320212888054,0.0291698380135697,0,4260,314159,medium_default,10000000.0
Fin_fl_rl_prox_3,pure_rl,fl_rl_prox,15756538.175422125,10000000.0,15756538.175416082,5756538.175416082,0.0,0.0,13.0,0.0,3065,3065,65,0.0212071778140293,107196756.75990596,137944.37067661437,0.0012868334345746,0.0137944370676614,0,4260,314159,medium_default,10000000.0
Fin_fl_rl_scaffold_1,pure_rl,fl_rl_scaffold,12466040.314248163,10000000.0,12466040.31424478,2466040.314244779,0.0,0.0,18.0,0.0,1684,1684,138,0.0819477434679334,59153450.30945238,334850.31807734264,0.0056607064562696,0.0334850318077342,0,4251,314159,medium_default,10000000.0
Fin_fl_rl_scaffold_2,pure_rl,fl_rl_scaffold,14041038.82745856,10000000.0,14041038.82745595,4041038.827455951,0.0,0.0,11.0,0.0,2212,2212,120,0.0542495479204339,77457254.93289952,277432.6675778198,0.0035817518684099,0.0277432667577819,0,4251,314159,medium_default,10000000.0
Fin_fl_rl_scaffold_3,pure_rl,fl_rl_scaffold,16999197.06592585,10000000.0,16999197.06593311,6999197.065933108,0.0,0.0,15.0,0.0,3730,3730,69,0.0184986595174262,129804558.17815,161376.7827702509,0.0012432289361423,0.016137678277025,0,4251,314159,medium_default,10000000.0
Fin_fl_rl_1,pure_rl,fl_rl,10488204.722451627,10000000.0,10488204.722451383,488204.7224513851,0.0,0.0,21.0,0.0,542,542,119,0.2195571955719557,18826950.57654515,406573.7431754406,0.0215953051728916,0.040657374317544,0,4240,314159,high_default,10000000.0
Fin_fl_rl_2,pure_rl,fl_rl,11938232.439206889,10000000.0,11938232.43920763,1938232.4392076305,0.0,0.0,7.0,0.0,1229,1229,162,0.1318144833197721,43070652.55985225,441530.2058291356,0.0102513005860677,0.0441530205829135,0,4240,314159,high_default,10000000.0
Fin_fl_rl_3,pure_rl,fl_rl,16349308.07646128,10000000.0,16349308.076466229,6349308.076466227,0.0,0.0,9.0,0.0,3206,3206,107,0.0333749220212102,112078207.23655866,315895.4789153009,0.0028185272293707,0.03158954789153,0,4240,314159,high_default,10000000.0
Fin_fl_rl_prox_1,pure_rl,fl_rl_prox,10472157.992279476,10000000.0,10472157.992276393,472157.992276391,0.0,0.0,21.0,0.0,537,537,115,0.2141527001862197,18687671.98863296,394352.6580626152,0.0211022891616722,0.0394352658062615,0,4263,314159,high_default,10000000.0
Fin_fl_rl_prox_2,pure_rl,fl_rl_prox,12331775.656769997,10000000.0,12331775.656771723,2331775.656771723,0.0,0.0,7.0,0.0,1499,1499,209,0.1394262841894596,52537055.18672882,565279.989754405,0.0107596436028869,0.0565279989754405,0,4263,314159,high_default,10000000.0
Fin_fl_rl_prox_3,pure_rl,fl_rl_prox,17141912.662517153,10000000.0,17141912.662516072,7141912.662516072,0.0,0.0,6.0,0.0,3490,3490,109,0.0312320916905444,122466300.29939264,314879.93159848795,0.0025711557451209,0.0314879931598487,0,4263,314159,high_default,10000000.0
Fin_fl_rl_scaffold_1,pure_rl,fl_rl_scaffold,10648163.82908285,10000000.0,10648163.829081258,648163.8290812578,0.0,0.0,22.0,0.0,596,596,102,0.1711409395973154,20888664.35400954,350728.68778954784,0.0167903836188658,0.0350728687789547,0,4245,314159,high_default,10000000.0
Fin_fl_rl_scaffold_2,pure_rl,fl_rl_scaffold,13606704.021150254,10000000.0,13606704.021150809,3606704.021150807,0.0,0.0,15.0,0.0,2129,2129,171,0.0803193987787693,74936324.05258253,481572.1607948922,0.0064264182542097,0.0481572160794892,0,4245,314159,high_default,10000000.0
Fin_fl_rl_scaffold_3,pure_rl,fl_rl_scaffold,15873881.42424613,10000000.0,15873881.42425144,5873881.424251441,0.0,0.0,15.0,0.0,3136,3136,94,0.0299744897959183,110547311.31650202,274478.384302012,0.0024829042066538,0.0274478384302012,0,4245,314159,high_default,10000000.0
Fin_fl_rl_1,pure_rl,fl_rl,5718021.0329188295,1000000.0,5718021.032918503,4718021.032918503,0.0,0.0,6.0,0.0,2689,2689,0,0.0,91849429.92838676,0.0,0.0,0.0,0,4264,371828,none_default,1000000.0
Fin_fl_rl_2,pure_rl,fl_rl,5897612.585937231,1000000.0,5897612.585936697,4897612.585936697,0.0,0.0,6.0,0.0,2669,2669,0,0.0,93100160.93662396,0.0,0.0,0.0,0,4264,371828,none_default,1000000.0
Fin_fl_rl_3,pure_rl,fl_rl,5205828.294442736,1000000.0,5205828.294443921,4205828.294443921,0.0,0.0,6.0,0.0,2618,2618,0,0.0,86546637.57521436,0.0,0.0,0.0,0,4264,371828,none_default,1000000.0
Fin_fl_rl_prox_1,pure_rl,fl_rl_prox,5863689.47669069,1000000.0,5863689.476690707,4863689.476690707,0.0,0.0,6.0,0.0,2623,2623,0,0.0,91572032.09095974,0.0,0.0,0.0,0,4253,371828,none_default,1000000.0
Fin_fl_rl_prox_2,pure_rl,fl_rl_prox,5860643.156624995,1000000.0,5860643.15662536,4860643.15662536,0.0,0.0,6.0,0.0,2721,2721,0,0.0,94311402.27236883,0.0,0.0,0.0,0,4253,371828,none_default,1000000.0
Fin_fl_rl_prox_3,pure_rl,fl_rl_prox,5180302.667527951,1000000.0,5180302.667527918,4180302.667527918,0.0,0.0,6.0,0.0,2620,2620,0,0.0,85047247.99131685,0.0,0.0,0.0,0,4253,371828,none_default,1000000.0
Fin_fl_rl_scaffold_1,pure_rl,fl_rl_scaffold,6404446.406971388,1000000.0,6404446.40697053,5404446.40697053,0.0,0.0,6.0,0.0,2896,2896,0,0.0,100400953.1776123,0.0,0.0,0.0,0,4263,371828,none_default,1000000.0
Fin_fl_rl_scaffold_2,pure_rl,fl_rl_scaffold,5353259.51188697,1000000.0,5353259.511887058,4353259.511887058,0.0,0.0,6.0,0.0,2489,2489,0,0.0,85812881.85443711,0.0,0.0,0.0,0,4263,371828,none_default,1000000.0
Fin_fl_rl_scaffold_3,pure_rl,fl_rl_scaffold,4962384.187720481,1000000.0,4962384.187720497,3962384.187720497,0.0,0.0,6.0,0.0,2527,2527,0,0.0,81986398.96352366,0.0,0.0,0.0,0,4263,371828,none_default,1000000.0
Fin_fl_rl_1,pure_rl,fl_rl,4848806.200449411,1000000.0,4848806.200449799,3848806.200449799,0.0,0.0,6.0,0.0,2147,2147,52,0.0242198416394969,74362659.05656643,124613.2174874564,0.0016757498866825,0.1246132174874563,0,4264,371828,low_default,1000000.0
Fin_fl_rl_2,pure_rl,fl_rl,4762779.17630852,1000000.0,4762779.176307496,3762779.176307496,0.0,0.0,6.0,0.0,2254,2254,212,0.0940550133096717,78939701.10188645,448757.1430054752,0.0056848092498636,0.4487571430054752,0,4264,371828,low_default,1000000.0
Fin_fl_rl_3,pure_rl,fl_rl,6005656.700895474,1000000.0,6005656.700895647,5005656.700895647,0.0,0.0,6.0,0.0,2521,2521,4,0.0015866719555731,84607670.35821037,6785.456016067579,8.019906454508726e-05,0.0067854560160675,0,4264,371828,low_default,1000000.0
Fin_fl_rl_prox_1,pure_rl,fl_rl_prox,4459790.20588533,1000000.0,4459790.205885453,3459790.205885453,0.0,0.0,6.0,0.0,2266,2266,104,0.0458958517210944,77837741.4164203,222160.49948768524,0.0028541488414875,0.2221604994876852,0,4253,371828,low_default,1000000.0
Fin_fl_rl_prox_2,pure_rl,fl_rl_prox,5215823.775530268,1000000.0,5215823.775530794,4215823.775530794,0.0,0.0,6.0,0.0,2331,2331,154,0.066066066066066,81818195.70105477,332823.14044740546,0.0040678376930171,0.3328231404474054,0,4253,371828,low_default,1000000.0
Fin_fl_rl_prox_3,pure_rl,fl_rl_prox,5632579.326460537,1000000.0,5632579.326459705,4632579.326459705,0.0,0.0,6.0,0.0,2314,2314,8,0.003457216940363,77949969.85644923,19944.276839025937,0.0002558599685895,0.0199442768390259,0,4253,371828,low_default,1000000.0
Fin_fl_rl_scaffold_1,pure_rl,fl_rl_scaffold,3736936.14672902,1000000.0,3736936.1467293263,2736936.1467293263,0.0,0.0,6.0,0.0,1591,1591,34,0.021370207416719,55247072.87576125,82630.13146632197,0.0014956472291688,0.0826301314663219,0,4238,371828,low_default,1000000.0
Fin_fl_rl_scaffold_2,pure_rl,fl_rl_scaffold,5422701.597750276,1000000.0,5422701.597749763,4422701.597749763,0.0,0.0,6.0,0.0,2345,2345,51,0.0217484008528784,82330373.69132516,115383.32628524676,0.0014014672970858,0.1153833262852467,0,4238,371828,low_default,1000000.0
Fin_fl_rl_scaffold_3,pure_rl,fl_rl_scaffold,6207227.459529206,1000000.0,6207227.459529344,5207227.459529344,0.0,0.0,6.0,0.0,2638,2638,6,0.0022744503411675,88433700.4323306,10754.058874454146,0.0001216058903096,0.0107540588744541,0,4238,371828,low_default,1000000.0
Fin_fl_rl_1,pure_rl,fl_rl,4440952.212377943,1000000.0,4440952.212378287,3440952.2123782868,0.0,0.0,7.0,0.0,1885,1885,58,0.0307692307692307,66028908.82505914,140903.91602058563,0.0021339731115942,0.1409039160205856,0,4259,371828,medium_default,1000000.0
Fin_fl_rl_2,pure_rl,fl_rl,2564872.962718653,1000000.0,2564872.9627190093,1564872.9627190093,0.0,0.0,7.0,0.0,1496,1496,172,0.1149732620320855,47534606.23164109,316017.237001193,0.0066481509378916,0.316017237001193,0,4259,371828,medium_default,1000000.0
Fin_fl_rl_3,pure_rl,fl_rl,6232109.031155852,1000000.0,6232109.031155201,5232109.031155201,0.0,0.0,6.0,0.0,2768,2768,36,0.0130057803468208,95325363.47927466,93790.0558088636,0.0009838940276294,0.0937900558088636,0,4259,371828,medium_default,1000000.0
Fin_fl_rl_prox_1,pure_rl,fl_rl_prox,4755115.118193292,1000000.0,4755115.118193572,3755115.118193573,0.0,0.0,7.0,0.0,2188,2188,63,0.0287934186471663,76156208.99130762,157203.55493233848,0.0020642250581338,0.1572035549323384,0,4265,371828,medium_default,1000000.0
Fin_fl_rl_prox_2,pure_rl,fl_rl_prox,3256229.0493682805,1000000.0,3256229.0493682604,2256229.0493682604,0.0,0.0,7.0,0.0,1719,1719,148,0.0860965677719604,56243028.73718305,258074.48167002705,0.0045885594617597,0.258074481670027,0,4265,371828,medium_default,1000000.0
Fin_fl_rl_prox_3,pure_rl,fl_rl_prox,4867048.423246904,1000000.0,4867048.423247584,3867048.423247584,0.0,0.0,6.0,0.0,2140,2140,40,0.0186915887850467,73335894.78109518,105614.07195649717,0.0014401415878506,0.1056140719564971,0,4265,371828,medium_default,1000000.0
Fin_fl_rl_scaffold_1,pure_rl,fl_rl_scaffold,4645044.433971175,1000000.0,4645044.433971036,3645044.433971036,0.0,0.0,7.0,0.0,2167,2167,84,0.0387632671896631,74212822.60473321,194706.345172804,0.0026236213411506,0.1947063451728039,0,4255,371828,medium_default,1000000.0
Fin_fl_rl_scaffold_2,pure_rl,fl_rl_scaffold,3737092.259058586,1000000.0,3737092.259058805,2737092.259058805,0.0,0.0,7.0,0.0,1714,1714,150,0.087514585764294,58517097.994472325,297206.8662193864,0.0050789748023297,0.2972068662193864,0,4255,371828,medium_default,1000000.0
Fin_fl_rl_scaffold_3,pure_rl,fl_rl_scaffold,5847820.515676563,1000000.0,5847820.515674811,4847820.515674811,0.0,0.0,6.0,0.0,2329,2329,30,0.012881064834693,79205816.16511142,84175.21273898448,0.0010627402988123,0.0841752127389844,0,4255,371828,medium_default,1000000.0
Fin_fl_rl_1,pure_rl,fl_rl,3306484.1377027715,1000000.0,3306484.1377020013,2306484.1377020013,0.0,0.0,7.0,0.0,1383,1383,96,0.0694143167028199,47926068.14097529,282014.960364243,0.0058843750656676,0.282014960364243,0,4255,371828,high_default,1000000.0
Fin_fl_rl_2,pure_rl,fl_rl,3640941.882154263,1000000.0,3640941.882154426,2640941.882154426,0.0,0.0,7.0,0.0,1537,1537,119,0.077423552374756,53333519.30478792,315685.716913967,0.0059190865524905,0.3156857169139669,0,4255,371828,high_default,1000000.0
Fin_fl_rl_3,pure_rl,fl_rl,3929054.064658648,1000000.0,3929054.0646583904,2929054.0646583904,0.0,0.0,6.0,0.0,1704,1704,39,0.0228873239436619,59382117.5705741,106694.47903870454,0.0017967442624776,0.1066944790387045,0,4255,371828,high_default,1000000.0
Fin_fl_rl_prox_1,pure_rl,fl_rl_prox,3306484.1377027715,1000000.0,3306484.1377020013,2306484.1377020013,0.0,0.0,7.0,0.0,1383,1383,96,0.0694143167028199,47926068.14097529,282014.960364243,0.0058843750656676,0.282014960364243,0,4255,371828,high_default,1000000.0
Fin_fl_rl_prox_2,pure_rl,fl_rl_prox,3640941.882154263,1000000.0,3640941.882154426,2640941.882154426,0.0,0.0,7.0,0.0,1537,1537,119,0.077423552374756,53333519.30478792,315685.716913967,0.0059190865524905,0.3156857169139669,0,4255,371828,high_default,1000000.0
Fin_fl_rl_prox_3,pure_rl,fl_rl_prox,3929054.064658648,1000000.0,3929054.0646583904,2929054.0646583904,0.0,0.0,6.0,0.0,1704,1704,39,0.0228873239436619,59382117.5705741,106694.47903870454,0.0017967442624776,0.1066944790387045,0,4255,371828,high_default,1000000.0
Fin_fl_rl_scaffold_1,pure_rl,fl_rl_scaffold,3149727.818137207,1000000.0,3149727.8181370404,2149727.8181370404,0.0,0.0,7.0,0.0,1264,1264,111,0.0878164556962025,43930094.15917111,340307.0392618403,0.0077465583849834,0.3403070392618403,0,4249,371828,high_default,1000000.0
Fin_fl_rl_scaffold_2,pure_rl,fl_rl_scaffold,3825666.384794521,1000000.0,3825666.3847945137,2825666.3847945137,0.0,0.0,7.0,0.0,1628,1628,131,0.0804668304668304,56525841.47689708,337621.86036415974,0.0059728763259924,0.3376218603641597,0,4249,371828,high_default,1000000.0
Fin_fl_rl_scaffold_3,pure_rl,fl_rl_scaffold,3798953.419805318,1000000.0,3798953.419805577,2798953.419805577,0.0,0.0,6.0,0.0,1657,1657,38,0.0229330114665057,57059137.59333336,110021.42749872542,0.0019281999718057,0.1100214274987254,0,4249,371828,high_default,1000000.0
Fin_fl_rl_1,pure_rl,fl_rl,10191020.419263776,5000000.0,10191020.419263912,5191020.419263912,0.0,0.0,6.0,0.0,5958,5958,0,0.0,207361956.89214957,0.0,0.0,0.0,0,4245,371828,none_default,5000000.0
Fin_fl_rl_2,pure_rl,fl_rl,8538171.569457332,5000000.0,8538171.56945724,3538171.5694572404,0.0,0.0,6.0,0.0,3764,3764,0,0.0,132233362.04837742,0.0,0.0,0.0,0,4245,371828,none_default,5000000.0
Fin_fl_rl_3,pure_rl,fl_rl,5560848.884958439,5000000.0,5560848.8849589545,560848.8849589545,0.0,0.0,15.0,0.0,653,653,0,0.0,23077197.102519397,0.0,0.0,0.0,0,4245,371828,none_default,5000000.0
Fin_fl_rl_prox_1,pure_rl,fl_rl_prox,10375837.30107644,5000000.0,10375837.301075542,5375837.301075542,0.0,0.0,6.0,0.0,6443,6443,0,0.0,222818658.9198317,0.0,0.0,0.0,0,4249,371828,none_default,5000000.0
Fin_fl_rl_prox_2,pure_rl,fl_rl_prox,7974449.489603601,5000000.0,7974449.489602894,2974449.4896028936,0.0,0.0,7.0,0.0,3318,3318,0,0.0,117538710.61251608,0.0,0.0,0.0,0,4249,371828,none_default,5000000.0
Fin_fl_rl_prox_3,pure_rl,fl_rl_prox,5507594.243228537,5000000.0,5507594.243229165,507594.2432291648,0.0,0.0,15.0,0.0,630,630,0,0.0,22076845.35982573,0.0,0.0,0.0,0,4249,371828,none_default,5000000.0
Fin_fl_rl_scaffold_1,pure_rl,fl_rl_scaffold,10795658.2033862,5000000.0,10795658.203385675,5795658.203385677,0.0,0.0,6.0,0.0,6650,6650,0,0.0,230395531.30667827,0.0,0.0,0.0,0,4254,371828,none_default,5000000.0
Fin_fl_rl_scaffold_2,pure_rl,fl_rl_scaffold,7144330.501440959,5000000.0,7144330.501441251,2144330.5014412506,0.0,0.0,13.0,0.0,2794,2794,0,0.0,97864077.72719029,0.0,0.0,0.0,0,4254,371828,none_default,5000000.0
Fin_fl_rl_scaffold_3,pure_rl,fl_rl_scaffold,5905121.848221479,5000000.0,5905121.848220226,905121.8482202264,0.0,0.0,14.0,0.0,939,939,0,0.0,33652695.434878655,0.0,0.0,0.0,0,4254,371828,none_default,5000000.0
Fin_fl_rl_1,pure_rl,fl_rl,7013810.889137257,5000000.0,7013810.8891384015,2013810.8891384013,0.0,0.0,11.0,0.0,1136,1136,48,0.0422535211267605,39550639.60357575,92969.86907562026,0.0023506539971913,0.018593973815124,0,4257,371828,low_default,5000000.0
Fin_fl_rl_2,pure_rl,fl_rl,11268142.439516412,5000000.0,11268142.439516583,6268142.439516583,0.0,0.0,6.0,0.0,3370,3370,157,0.0465875370919881,117448043.77001674,269257.5845268263,0.0022925676399862,0.0538515169053652,0,4257,371828,low_default,5000000.0
Fin_fl_rl_3,pure_rl,fl_rl,12038075.701917944,5000000.0,12038075.701916834,7038075.701916834,0.0,0.0,15.0,0.0,3534,3534,53,0.0149971703452178,123919383.23931846,111881.98881826736,0.0009028610851152,0.0223763977636534,0,4257,371828,low_default,5000000.0
Fin_fl_rl_prox_1,pure_rl,fl_rl_prox,7633030.080917832,5000000.0,7633030.080920393,2633030.0809203926,0.0,0.0,8.0,0.0,1398,1398,46,0.0329041487839771,48663603.64654854,86203.0185188802,0.0017714063912115,0.017240603703776,0,4254,371828,low_default,5000000.0
Fin_fl_rl_prox_2,pure_rl,fl_rl_prox,11531849.452973714,5000000.0,11531849.452976618,6531849.452976618,0.0,0.0,6.0,0.0,3536,3536,203,0.0574095022624434,124168363.31613588,369052.16259283177,0.0029721915690651,0.0738104325185663,0,4254,371828,low_default,5000000.0
Fin_fl_rl_prox_3,pure_rl,fl_rl_prox,10459568.011886122,5000000.0,10459568.011886602,5459568.011886602,0.0,0.0,15.0,0.0,2691,2691,33,0.0122630992196209,94501727.0338727,66993.99824377964,0.0007089182425181,0.0133987996487559,0,4254,371828,low_default,5000000.0
Fin_fl_rl_scaffold_1,pure_rl,fl_rl_scaffold,7596900.098758881,5000000.0,7596900.0987600675,2596900.0987600675,0.0,0.0,8.0,0.0,1485,1485,65,0.0437710437710437,51920484.45925297,129410.88796558284,0.0024924822892811,0.0258821775931165,0,4248,371828,low_default,5000000.0
Fin_fl_rl_scaffold_2,pure_rl,fl_rl_scaffold,10778949.814270455,5000000.0,10778949.81426992,5778949.814269919,0.0,0.0,6.0,0.0,3119,3119,166,0.0532221865982686,109061952.94424044,330070.9012138528,0.0030264532433469,0.0660141802427705,0,4248,371828,low_default,5000000.0
Fin_fl_rl_scaffold_3,pure_rl,fl_rl_scaffold,12171172.746522063,5000000.0,12171172.746524949,7171172.746524947,0.0,0.0,10.0,0.0,3515,3515,51,0.0145092460881934,122878727.1884168,103865.28355141588,0.0008452665968142,0.0207730567102831,0,4248,371828,low_default,5000000.0
Fin_fl_rl_1,pure_rl,fl_rl,9759641.45221636,5000000.0,9759641.452215882,4759641.452215882,0.0,0.0,7.0,0.0,3024,3024,102,0.0337301587301587,105941642.44313788,264411.9980780047,0.0024958268720434,0.0528823996156009,0,4249,371828,medium_default,5000000.0
Fin_fl_rl_2,pure_rl,fl_rl,7557163.265022134,5000000.0,7557163.265022846,2557163.265022846,0.0,0.0,18.0,0.0,1501,1501,112,0.0746169220519653,52575563.71076043,243495.7643028253,0.0046313486174374,0.048699152860565,0,4249,371828,medium_default,5000000.0
Fin_fl_rl_3,pure_rl,fl_rl,10878593.930386404,5000000.0,10878593.93038639,5878593.930386391,0.0,0.0,20.0,0.0,3284,3284,73,0.0222289890377588,115594947.2599596,170801.20329964627,0.0014775836431287,0.0341602406599292,0,4249,371828,medium_default,5000000.0
Fin_fl_rl_prox_1,pure_rl,fl_rl_prox,9862803.440865807,5000000.0,9862803.440863105,4862803.440863103,0.0,0.0,23.0,0.0,2906,2906,89,0.0306262904335856,102223001.7209866,230683.9698909137,0.0022566738014655,0.0461367939781827,0,4256,371828,medium_default,5000000.0
Fin_fl_rl_prox_2,pure_rl,fl_rl_prox,9192106.911383636,5000000.0,9192106.911384152,4192106.911384152,0.0,0.0,17.0,0.0,2229,2229,103,0.0462090623598026,78433433.80858883,213833.92591842555,0.0027263109051207,0.0427667851836851,0,4256,371828,medium_default,5000000.0
Fin_fl_rl_prox_3,pure_rl,fl_rl_prox,10067087.4226779,5000000.0,10067087.422680557,5067087.422680557,0.0,0.0,20.0,0.0,2601,2601,65,0.0249903883121876,90989147.5416247,151452.4279749088,0.0016645109012107,0.0302904855949817,0,4256,371828,medium_default,5000000.0
Fin_fl_rl_scaffold_1,pure_rl,fl_rl_scaffold,8653859.180795265,5000000.0,8653859.180796413,3653859.1807964128,0.0,0.0,16.0,0.0,2248,2248,95,0.0422597864768683,78944985.59331556,245888.49973729893,0.0031146816721709,0.0491776999474597,0,4258,371828,medium_default,5000000.0
Fin_fl_rl_scaffold_2,pure_rl,fl_rl_scaffold,8096346.109584344,5000000.0,8096346.109585774,3096346.109585774,0.0,0.0,10.0,0.0,1868,1868,112,0.0599571734475374,65678589.82728976,244982.39628535448,0.0037300191269265,0.0489964792570708,0,4258,371828,medium_default,5000000.0
Fin_fl_rl_scaffold_3,pure_rl,fl_rl_scaffold,11276407.69167655,5000000.0,11276407.691683209,6276407.691683207,0.0,0.0,20.0,0.0,3587,3587,72,0.0200724839698912,126176443.35231556,164204.30461636258,0.0013013863781043,0.0328408609232725,0,4258,371828,medium_default,5000000.0
Fin_fl_rl_1,pure_rl,fl_rl,6002416.282349201,5000000.0,6002416.282349455,1002416.2823494552,0.0,0.0,23.0,0.0,987,987,189,0.1914893617021276,34668623.770041145,609369.6681207815,0.0175769788891178,0.1218739336241563,0,4256,371828,high_default,5000000.0
Fin_fl_rl_2,pure_rl,fl_rl,7299047.866949009,5000000.0,7299047.866948249,2299047.866948249,0.0,0.0,6.0,0.0,1527,1527,211,0.1381794368041912,53492286.53738251,540293.6231791668,0.0101004024720758,0.1080587246358333,0,4256,371828,high_default,5000000.0
Fin_fl_rl_3,pure_rl,fl_rl,11954522.302177295,5000000.0,11954522.302174404,6954522.302174404,0.0,0.0,7.0,0.0,3544,3544,109,0.0307562076749435,124502516.6400376,320532.44413834816,0.0025745057432459,0.0641064888276696,0,4256,371828,high_default,5000000.0
Fin_fl_rl_prox_1,pure_rl,fl_rl_prox,5689135.91767828,5000000.0,5689135.917679027,689135.9176790267,0.0,0.0,9.0,0.0,862,862,188,0.2180974477958236,29666231.9908633,612275.2844308686,0.0206387951331142,0.1224550568861737,0,4260,371828,high_default,5000000.0
Fin_fl_rl_prox_2,pure_rl,fl_rl_prox,6225000.121280333,5000000.0,6225000.121280914,1225000.1212809142,0.0,0.0,8.0,0.0,1103,1103,216,0.1958295557570263,38483417.33347571,551153.113534806,0.0143218339670518,0.1102306227069611,0,4260,371828,high_default,5000000.0
Fin_fl_rl_prox_3,pure_rl,fl_rl_prox,13127141.9801203,5000000.0,13127141.980123045,8127141.980123043,0.0,0.0,6.0,0.0,4194,4194,122,0.0290891750119217,147020505.5163452,344210.5238602742,0.0023412416019886,0.0688421047720548,0,4260,371828,high_default,5000000.0
Fin_fl_rl_scaffold_1,pure_rl,fl_rl_scaffold,6363077.232497073,5000000.0,6363077.232497707,1363077.232497707,0.0,0.0,7.0,0.0,1120,1120,186,0.1660714285714285,39203470.15836374,584344.3891229955,0.0149054251259522,0.1168688778245991,0,4238,371828,high_default,5000000.0
Fin_fl_rl_scaffold_2,pure_rl,fl_rl_scaffold,5687618.746945508,5000000.0,5687618.746945947,687618.7469459474,0.0,0.0,13.0,0.0,719,719,187,0.2600834492350486,25195462.317161024,474976.5415732903,0.0188516700187627,0.094995308314658,0,4238,371828,high_default,5000000.0
Fin_fl_rl_scaffold_3,pure_rl,fl_rl_scaffold,13687694.544504622,5000000.0,13687694.54450368,8687694.54450368,0.0,0.0,7.0,0.0,4267,4267,113,0.0264823060698382,149247296.20715225,316908.9806673351,0.002123381720949,0.063381796133467,0,4238,371828,high_default,5000000.0
Fin_fl_rl_1,pure_rl,fl_rl,13867559.580458948,10000000.0,13867559.580455229,3867559.5804552287,0.0,0.0,8.0,0.0,3952,3952,0,0.0,139726231.95540115,0.0,0.0,0.0,0,4254,371828,none_default,10000000.0
Fin_fl_rl_2,pure_rl,fl_rl,14022168.760914052,10000000.0,14022168.760911891,4022168.760911893,0.0,0.0,8.0,0.0,4156,4156,0,0.0,145446478.85596725,0.0,0.0,0.0,0,4254,371828,none_default,10000000.0
Fin_fl_rl_3,pure_rl,fl_rl,12486523.824835123,10000000.0,12486523.824830497,2486523.8248304967,0.0,0.0,8.0,0.0,2272,2272,0,0.0,79514434.49237683,0.0,0.0,0.0,0,4254,371828,none_default,10000000.0
Fin_fl_rl_prox_1,pure_rl,fl_rl_prox,10727506.286072403,10000000.0,10727506.286071796,727506.286071796,0.0,0.0,15.0,0.0,879,879,0,0.0,31148266.398188643,0.0,0.0,0.0,0,4254,371828,none_default,10000000.0
Fin_fl_rl_prox_2,pure_rl,fl_rl_prox,13884528.342138026,10000000.0,13884528.342145368,3884528.342145367,0.0,0.0,6.0,0.0,4054,4054,0,0.0,142040853.83468288,0.0,0.0,0.0,0,4254,371828,none_default,10000000.0
Fin_fl_rl_prox_3,pure_rl,fl_rl_prox,15414868.4776367,10000000.0,15414868.477638105,5414868.477638103,0.0,0.0,6.0,0.0,5455,5455,0,0.0,190412696.43396127,0.0,0.0,0.0,0,4254,371828,none_default,10000000.0
Fin_fl_rl_scaffold_1,pure_rl,fl_rl_scaffold,14302263.92463333,10000000.0,14302263.924636403,4302263.924636403,0.0,0.0,8.0,0.0,4182,4182,0,0.0,146156172.04828092,0.0,0.0,0.0,0,4246,371828,none_default,10000000.0
Fin_fl_rl_scaffold_2,pure_rl,fl_rl_scaffold,12639255.48723118,10000000.0,12639255.487222318,2639255.4872223176,0.0,0.0,8.0,0.0,2561,2561,0,0.0,89343671.5452519,0.0,0.0,0.0,0,4246,371828,none_default,10000000.0
Fin_fl_rl_scaffold_3,pure_rl,fl_rl_scaffold,14151136.567468394,10000000.0,14151136.567476507,4151136.5674765073,0.0,0.0,10.0,0.0,3650,3650,0,0.0,127268871.44808564,0.0,0.0,0.0,0,4246,371828,none_default,10000000.0
Fin_fl_rl_1,pure_rl,fl_rl,12826885.085748244,10000000.0,12826885.08574524,2826885.08574524,0.0,0.0,23.0,0.0,1618,1618,31,0.019159456118665,57116797.07562451,51676.56547149745,0.0009047525091975,0.0051676565471497,0,4260,371828,low_default,10000000.0
Fin_fl_rl_2,pure_rl,fl_rl,16068208.226408295,10000000.0,16068208.226402787,6068208.226402788,0.0,0.0,9.0,0.0,3264,3264,156,0.0477941176470588,114883522.45387948,308334.1730942925,0.0026838850908151,0.0308334173094292,0,4260,371828,low_default,10000000.0
Fin_fl_rl_3,pure_rl,fl_rl,15872016.612286508,10000000.0,15872016.612282528,5872016.612282528,0.0,0.0,9.0,0.0,2808,2808,24,0.0085470085470085,98807459.99184272,48606.51508099513,0.0004919316323383,0.0048606515080995,0,4260,371828,low_default,10000000.0
Fin_fl_rl_prox_1,pure_rl,fl_rl_prox,13957805.7655226,10000000.0,13957805.765517414,3957805.7655174136,0.0,0.0,8.0,0.0,2163,2163,62,0.0286638927415626,75895378.09775408,127585.45599415954,0.0016810701678016,0.0127585455994159,0,4254,371828,low_default,10000000.0
Fin_fl_rl_prox_2,pure_rl,fl_rl_prox,14743794.543435568,10000000.0,14743794.543448271,4743794.543448271,0.0,0.0,10.0,0.0,2702,2702,121,0.044781643227239,94058603.96971056,222062.8419347033,0.0023608987648404,0.0222062841934703,0,4254,371828,low_default,10000000.0
Fin_fl_rl_prox_3,pure_rl,fl_rl_prox,16138648.641474888,10000000.0,16138648.641474554,6138648.641474554,0.0,0.0,17.0,0.0,3096,3096,28,0.0090439276485788,107741371.83857526,52148.768558552125,0.000484018048672,0.0052148768558552,0,4254,371828,low_default,10000000.0
Fin_fl_rl_scaffold_1,pure_rl,fl_rl_scaffold,12913124.174738107,10000000.0,12913124.174739508,2913124.174739508,0.0,0.0,9.0,0.0,2003,2003,62,0.0309535696455317,69983087.83016327,126091.64862994202,0.001801744572002,0.0126091648629942,0,4261,371828,low_default,10000000.0
Fin_fl_rl_scaffold_2,pure_rl,fl_rl_scaffold,14141786.374028165,10000000.0,14141786.374028232,4141786.374028232,0.0,0.0,10.0,0.0,2687,2687,147,0.0547078526237439,93822399.95129424,283913.73681789445,0.0030260762564726,0.0283913736817894,0,4261,371828,low_default,10000000.0
Fin_fl_rl_scaffold_3,pure_rl,fl_rl_scaffold,15747293.473718144,10000000.0,15747293.4737192,5747293.4737192,0.0,0.0,13.0,0.0,2926,2926,23,0.0078605604921394,101789325.27206954,44678.9672327998,0.0004389356851848,0.0044678967232799,0,4261,371828,low_default,10000000.0
Fin_fl_rl_1,pure_rl,fl_rl,13995945.374794891,10000000.0,13995945.374799008,3995945.374799008,0.0,0.0,16.0,0.0,2585,2585,143,0.0553191489361702,90751983.71136364,370996.1340056472,0.0040880223090836,0.0370996134005647,0,4264,371828,medium_default,10000000.0
Fin_fl_rl_2,pure_rl,fl_rl,12409194.171879094,10000000.0,12409194.171876092,2409194.1718760915,0.0,0.0,19.0,0.0,1771,1771,223,0.1259175607001694,62488060.49532239,511884.2643843436,0.0081917131101014,0.0511884264384343,0,4264,371828,medium_default,10000000.0
Fin_fl_rl_3,pure_rl,fl_rl,15565596.771180378,10000000.0,15565596.771180622,5565596.771180622,0.0,0.0,24.0,0.0,3229,3229,80,0.0247754722824403,112651210.93401793,149872.11611307817,0.0013304083894922,0.0149872116113078,0,4264,371828,medium_default,10000000.0
Fin_fl_rl_prox_1,pure_rl,fl_rl_prox,13737963.526127536,10000000.0,13737963.526130524,3737963.526130524,0.0,0.0,21.0,0.0,2352,2352,140,0.0595238095238095,82243288.49227929,364381.1421397596,0.0044305273879456,0.0364381142139759,0,4259,371828,medium_default,10000000.0
Fin_fl_rl_prox_2,pure_rl,fl_rl_prox,12282410.292872496,10000000.0,12282410.292868253,2282410.292868251,0.0,0.0,21.0,0.0,1647,1647,219,0.1329690346083788,57989115.74416051,507388.08142549696,0.0087497123367774,0.0507388081425497,0,4259,371828,medium_default,10000000.0
Fin_fl_rl_prox_3,pure_rl,fl_rl_prox,16049218.724846542,10000000.0,16049218.724847153,6049218.724847153,0.0,0.0,32.0,0.0,3427,3427,72,0.0210096294134811,120171549.24414134,122033.1184023274,0.0010154909308392,0.0122033118402327,0,4259,371828,medium_default,10000000.0
Fin_fl_rl_scaffold_1,pure_rl,fl_rl_scaffold,11565796.561726788,10000000.0,11565796.561729375,1565796.5617293753,0.0,0.0,28.0,0.0,1105,1105,89,0.0805429864253393,38565949.58155654,226293.34533274584,0.0058676980027212,0.0226293345332745,0,4227,371828,medium_default,10000000.0
Fin_fl_rl_scaffold_2,pure_rl,fl_rl_scaffold,15426098.633271383,10000000.0,15426098.63326681,5426098.63326681,0.0,0.0,26.0,0.0,3463,3463,331,0.0955818654345942,121484269.63660908,648734.9135616233,0.005340073373303,0.0648734913561623,0,4227,371828,medium_default,10000000.0
Fin_fl_rl_scaffold_3,pure_rl,fl_rl_scaffold,14824715.63531061,10000000.0,14824715.63531014,4824715.63531014,0.0,0.0,27.0,0.0,2250,2250,10,0.0044444444444444,78386413.36001445,21374.49015854938,0.0002726810583918,0.0021374490158549,0,4227,371828,medium_default,10000000.0
Fin_fl_rl_1,pure_rl,fl_rl,12600746.702117518,10000000.0,12600746.7021121,2600746.702112101,0.0,0.0,8.0,0.0,1440,1440,122,0.0847222222222222,49593733.45654321,376831.9080874641,0.007598377492948,0.0376831908087464,0,4257,371828,high_default,10000000.0
Fin_fl_rl_2,pure_rl,fl_rl,11026802.927239887,10000000.0,11026802.927235777,1026802.9272357748,0.0,0.0,12.0,0.0,836,836,150,0.1794258373205741,28730808.32493324,368170.26443613326,0.012814476372272,0.0368170264436133,0,4257,371828,high_default,10000000.0
Fin_fl_rl_3,pure_rl,fl_rl,13395420.14307424,10000000.0,13395420.143074946,3395420.1430749465,0.0,0.0,8.0,0.0,1998,1998,97,0.0485485485485485,69893269.54058655,288309.9415178492,0.0041250029282208,0.0288309941517849,0,4257,371828,high_default,10000000.0
Fin_fl_rl_prox_1,pure_rl,fl_rl_prox,11802017.10199267,10000000.0,11802017.101994034,1802017.101994034,0.0,0.0,19.0,0.0,1119,1119,120,0.1072386058981233,38351885.90543224,391237.9149603011,0.0102012692654805,0.0391237914960301,0,4289,371828,high_default,10000000.0
Fin_fl_rl_prox_2,pure_rl,fl_rl_prox,13024287.663761,10000000.0,13024287.663758803,3024287.663758805,0.0,0.0,20.0,0.0,1720,1720,176,0.1023255813953488,59512776.48046945,412937.7296989883,0.0069386399714438,0.0412937729698988,0,4289,371828,high_default,10000000.0
Fin_fl_rl_prox_3,pure_rl,fl_rl_prox,13378368.746143883,10000000.0,13378368.746146962,3378368.746146962,0.0,0.0,7.0,0.0,2049,2049,104,0.050756466569058,71665281.23055387,316344.8744250846,0.004414199860702,0.0316344874425084,0,4289,371828,high_default,10000000.0
Fin_fl_rl_scaffold_1,pure_rl,fl_rl_scaffold,13904870.33037322,10000000.0,13904870.330372613,3904870.330372611,0.0,0.0,23.0,0.0,2317,2317,76,0.0328010358221838,80393319.54618895,255297.85974881257,0.0031756103764583,0.0255297859748812,0,4259,371828,high_default,10000000.0
Fin_fl_rl_scaffold_2,pure_rl,fl_rl_scaffold,10163532.209155183,10000000.0,10163532.20915221,163532.2091522105,0.0,0.0,32.0,0.0,330,330,122,0.3696969696969697,11610080.61017478,301066.062442681,0.0259314360124971,0.0301066062442681,0,4259,371828,high_default,10000000.0
Fin_fl_rl_scaffold_3,pure_rl,fl_rl_scaffold,16128792.557799503,10000000.0,16128792.55780581,6128792.55780581,0.0,0.0,21.0,0.0,3567,3567,89,0.024950939164564,124438225.25191183,269191.8795226038,0.0021632571420691,0.0269191879522603,0,4259,371828,high_default,10000000.0
Fin_fl_rl_1,pure_rl,fl_rl,5161526.65447913,1000000.0,5161526.65447969,4161526.65447969,0.0,0.0,6.0,0.0,2504,2504,0,0.0,84111942.31635064,0.0,0.0,0.0,0,4250,426404,none_default,1000000.0
Fin_fl_rl_2,pure_rl,fl_rl,6315701.715962688,1000000.0,6315701.715963018,5315701.715963018,0.0,0.0,6.0,0.0,3008,3008,0,0.0,105213898.29054932,0.0,0.0,0.0,0,4250,426404,none_default,1000000.0
Fin_fl_rl_3,pure_rl,fl_rl,4442060.176903299,1000000.0,4442060.176902713,3442060.1769027133,0.0,0.0,6.0,0.0,2419,2419,0,0.0,80764938.59026964,0.0,0.0,0.0,0,4250,426404,none_default,1000000.0
Fin_fl_rl_prox_1,pure_rl,fl_rl_prox,5377438.321061265,1000000.0,5377438.32106158,4377438.32106158,0.0,0.0,6.0,0.0,2817,2817,0,0.0,93116316.71418253,0.0,0.0,0.0,0,4249,426404,none_default,1000000.0
Fin_fl_rl_prox_2,pure_rl,fl_rl_prox,6250206.418792831,1000000.0,6250206.418793565,5250206.418793565,0.0,0.0,6.0,0.0,2805,2805,0,0.0,97083427.19013542,0.0,0.0,0.0,0,4249,426404,none_default,1000000.0
Fin_fl_rl_prox_3,pure_rl,fl_rl_prox,4240993.429378568,1000000.0,4240993.42937894,3240993.42937894,0.0,0.0,6.0,0.0,2334,2334,0,0.0,80059461.06571743,0.0,0.0,0.0,0,4249,426404,none_default,1000000.0
Fin_fl_rl_scaffold_1,pure_rl,fl_rl_scaffold,6331188.268804296,1000000.0,6331188.2688040845,5331188.2688040845,0.0,0.0,6.0,0.0,3072,3072,0,0.0,100730500.47013175,0.0,0.0,0.0,0,4240,426404,none_default,1000000.0
Fin_fl_rl_scaffold_2,pure_rl,fl_rl_scaffold,6480732.743315114,1000000.0,6480732.743314481,5480732.743314481,0.0,0.0,6.0,0.0,3013,3013,0,0.0,106422946.28097348,0.0,0.0,0.0,0,4240,426404,none_default,1000000.0
Fin_fl_rl_scaffold_3,pure_rl,fl_rl_scaffold,3354388.6504390454,1000000.0,3354388.650438709,2354388.650438709,0.0,0.0,6.0,0.0,1618,1618,0,0.0,54187256.89121215,0.0,0.0,0.0,0,4240,426404,none_default,1000000.0
Fin_fl_rl_1,pure_rl,fl_rl,3970624.6423556856,1000000.0,3970624.642355874,2970624.642355874,0.0,0.0,6.0,0.0,1597,1597,42,0.0262993112085159,54728526.065333016,88546.84916195212,0.0016179286293266,0.0885468491619521,0,4259,426404,low_default,1000000.0
Fin_fl_rl_2,pure_rl,fl_rl,4162177.324543696,1000000.0,4162177.3245436745,3162177.3245436745,0.0,0.0,6.0,0.0,1946,1946,68,0.0349434737923946,65937789.29902584,126537.72214418562,0.0019190470819447,0.1265377221441856,0,4259,426404,low_default,1000000.0
Fin_fl_rl_3,pure_rl,fl_rl,7167219.740263603,1000000.0,7167219.740263166,6167219.740263166,0.0,0.0,6.0,0.0,3193,3193,21,0.0065768869401816,109162114.06178144,43584.667397686775,0.000399265512328,0.0435846673976867,0,4259,426404,low_default,1000000.0
Fin_fl_rl_prox_1,pure_rl,fl_rl_prox,4210990.332284929,1000000.0,4210990.332284577,3210990.332284577,0.0,0.0,6.0,0.0,1922,1922,55,0.0286160249739854,64965598.44363234,116056.07262161774,0.001786423513397,0.1160560726216177,0,4266,426404,low_default,1000000.0
Fin_fl_rl_prox_2,pure_rl,fl_rl_prox,4579607.282377278,1000000.0,4579607.282377725,3579607.2823777245,0.0,0.0,6.0,0.0,2131,2131,57,0.026748005631159,73428643.2042609,108580.31176528423,0.0014787187537054,0.1085803117652842,0,4266,426404,low_default,1000000.0
Fin_fl_rl_prox_3,pure_rl,fl_rl_prox,5738772.252605966,1000000.0,5738772.252605795,4738772.252605795,0.0,0.0,6.0,0.0,2519,2519,19,0.0075426756649464,86106287.79773895,32422.35000871141,0.000376538703943,0.0324223500087114,0,4266,426404,low_default,1000000.0
Fin_fl_rl_scaffold_1,pure_rl,fl_rl_scaffold,4591594.553842207,1000000.0,4591594.553841982,3591594.553841982,0.0,0.0,6.0,0.0,2103,2103,45,0.021398002853067,71131801.06049831,98628.04282897525,0.0013865534312155,0.0986280428289752,0,4255,426404,low_default,1000000.0
Fin_fl_rl_scaffold_2,pure_rl,fl_rl_scaffold,3860899.188215748,1000000.0,3860899.188215936,2860899.188215936,0.0,0.0,6.0,0.0,1687,1687,65,0.0385299347954949,58228446.33193587,135059.82855484122,0.0023194819209999,0.1350598285548412,0,4255,426404,low_default,1000000.0
Fin_fl_rl_scaffold_3,pure_rl,fl_rl_scaffold,6259631.365983033,1000000.0,6259631.365983059,5259631.365983059,0.0,0.0,6.0,0.0,2731,2731,15,0.0054924935920908,92647741.90614755,26414.785614175315,0.0002851098696062,0.0264147856141753,0,4255,426404,low_default,1000000.0
Fin_fl_rl_1,pure_rl,fl_rl,4922344.471086251,1000000.0,4922344.471087477,3922344.471087477,0.0,0.0,6.0,0.0,2131,2131,38,0.017832003754106,73253903.68539649,93918.72523626608,0.0012820985710143,0.093918725236266,0,4268,426404,medium_default,1000000.0
Fin_fl_rl_2,pure_rl,fl_rl,3277438.949094723,1000000.0,3277438.9490948366,2277438.9490948366,0.0,0.0,6.0,0.0,1562,1562,121,0.0774647887323943,53266333.78846156,253356.2254538778,0.0047564044197229,0.2533562254538778,0,4268,426404,medium_default,1000000.0
Fin_fl_rl_3,pure_rl,fl_rl,5248462.867124483,1000000.0,5248462.867124325,4248462.867124325,0.0,0.0,6.0,0.0,2029,2029,30,0.0147856086742237,70159978.74077237,68511.47593558358,0.0009765036587129,0.0685114759355835,0,4268,426404,medium_default,1000000.0
Fin_fl_rl_prox_1,pure_rl,fl_rl_prox,4922344.471086251,1000000.0,4922344.471087477,3922344.471087477,0.0,0.0,6.0,0.0,2131,2131,38,0.017832003754106,73253903.68539649,93918.72523626608,0.0012820985710143,0.093918725236266,0,4268,426404,medium_default,1000000.0
Fin_fl_rl_prox_2,pure_rl,fl_rl_prox,3277438.949094723,1000000.0,3277438.9490948366,2277438.9490948366,0.0,0.0,6.0,0.0,1562,1562,121,0.0774647887323943,53266333.78846156,253356.2254538778,0.0047564044197229,0.2533562254538778,0,4268,426404,medium_default,1000000.0
Fin_fl_rl_prox_3,pure_rl,fl_rl_prox,5248462.867124483,1000000.0,5248462.867124325,4248462.867124325,0.0,0.0,6.0,0.0,2029,2029,30,0.0147856086742237,70159978.74077237,68511.47593558358,0.0009765036587129,0.0685114759355835,0,4268,426404,medium_default,1000000.0
Fin_fl_rl_scaffold_1,pure_rl,fl_rl_scaffold,4883632.03834273,1000000.0,4883632.03834236,3883632.03834236,0.0,0.0,6.0,0.0,2081,2081,37,0.0177799135031235,72343101.29893391,92992.4908237662,0.0012854368855366,0.0929924908237661,0,4260,426404,medium_default,1000000.0
Fin_fl_rl_scaffold_2,pure_rl,fl_rl_scaffold,3034713.362404625,1000000.0,3034713.3624047926,2034713.3624047928,0.0,0.0,6.0,0.0,1445,1445,162,0.1121107266435986,49079951.56333635,350157.85339077207,0.007134437631604,0.350157853390772,0,4260,426404,medium_default,1000000.0
Fin_fl_rl_scaffold_3,pure_rl,fl_rl_scaffold,4728594.283117988,1000000.0,4728594.283117944,3728594.283117944,0.0,0.0,6.0,0.0,1911,1911,32,0.0167451596023024,66405050.34865897,70721.05515538645,0.0010649951288955,0.0707210551553864,0,4260,426404,medium_default,1000000.0
Fin_fl_rl_1,pure_rl,fl_rl,3408226.612335332,1000000.0,3408226.6123356894,2408226.6123356894,0.0,0.0,7.0,0.0,1661,1661,72,0.0433473810957254,56736951.73549672,209215.5669131808,0.0036874657610886,0.2092155669131807,0,4240,426404,high_default,1000000.0
Fin_fl_rl_2,pure_rl,fl_rl,3189301.1440367755,1000000.0,3189301.144036408,2189301.144036408,0.0,0.0,7.0,0.0,1322,1322,67,0.0506807866868381,46365792.08616471,189207.3240357524,0.0040807525445512,0.1892073240357523,0,4240,426404,high_default,1000000.0
Fin_fl_rl_3,pure_rl,fl_rl,5083459.6424175855,1000000.0,5083459.642417801,4083459.6424178006,0.0,0.0,6.0,0.0,2423,2423,29,0.0119686339248865,83114341.97102287,78342.90183137619,0.0009425918556714,0.0783429018313762,0,4240,426404,high_default,1000000.0
Fin_fl_rl_prox_1,pure_rl,fl_rl_prox,3408226.612335332,1000000.0,3408226.6123356894,2408226.6123356894,0.0,0.0,7.0,0.0,1661,1661,72,0.0433473810957254,56736951.73549672,209215.5669131808,0.0036874657610886,0.2092155669131807,0,4240,426404,high_default,1000000.0
Fin_fl_rl_prox_2,pure_rl,fl_rl_prox,3189301.1440367755,1000000.0,3189301.144036408,2189301.144036408,0.0,0.0,7.0,0.0,1322,1322,67,0.0506807866868381,46365792.08616471,189207.3240357524,0.0040807525445512,0.1892073240357523,0,4240,426404,high_default,1000000.0
Fin_fl_rl_prox_3,pure_rl,fl_rl_prox,5083459.6424175855,1000000.0,5083459.642417801,4083459.6424178006,0.0,0.0,6.0,0.0,2423,2423,29,0.0119686339248865,83114341.97102287,78342.90183137619,0.0009425918556714,0.0783429018313762,0,4240,426404,high_default,1000000.0
Fin_fl_rl_scaffold_1,pure_rl,fl_rl_scaffold,4471092.8685137145,1000000.0,4471092.868514263,3471092.868514263,0.0,0.0,27.0,0.0,2044,2044,63,0.0308219178082191,69443977.49896182,185618.7972036477,0.0026729286525447,0.1856187972036477,0,4262,426404,high_default,1000000.0
Fin_fl_rl_scaffold_2,pure_rl,fl_rl_scaffold,2812559.79485916,1000000.0,2812559.794859129,1812559.794859129,0.0,0.0,7.0,0.0,1139,1139,70,0.0614574187884108,40705508.99521264,196380.5181361651,0.0048244211406191,0.1963805181361651,0,4262,426404,high_default,1000000.0
Fin_fl_rl_scaffold_3,pure_rl,fl_rl_scaffold,5596380.035816931,1000000.0,5596380.035815569,4596380.035815569,0.0,0.0,6.0,0.0,2255,2255,28,0.0124168514412416,78407646.91199188,79090.35760390942,0.0010087071952648,0.0790903576039094,0,4262,426404,high_default,1000000.0
Fin_fl_rl_1,pure_rl,fl_rl,10441905.686270012,5000000.0,10441905.686269227,5441905.686269227,0.0,0.0,6.0,0.0,4287,4287,0,0.0,150607322.38364968,0.0,0.0,0.0,0,4245,426404,none_default,5000000.0
Fin_fl_rl_2,pure_rl,fl_rl,8190909.482908999,5000000.0,8190909.482911052,3190909.482911052,0.0,0.0,18.0,0.0,2703,2703,0,0.0,94569637.7381288,0.0,0.0,0.0,0,4245,426404,none_default,5000000.0
Fin_fl_rl_3,pure_rl,fl_rl,8571412.929999776,5000000.0,8571412.929998387,3571412.9299983867,0.0,0.0,12.0,0.0,3407,3407,0,0.0,117701173.11578022,0.0,0.0,0.0,0,4245,426404,none_default,5000000.0
Fin_fl_rl_prox_1,pure_rl,fl_rl_prox,10369809.746175157,5000000.0,10369809.74617538,5369809.746175379,0.0,0.0,6.0,0.0,4235,4235,0,0.0,147432017.40458724,0.0,0.0,0.0,0,4257,426404,none_default,5000000.0
Fin_fl_rl_prox_2,pure_rl,fl_rl_prox,10353452.1276171,5000000.0,10353452.127618063,5353452.127618063,0.0,0.0,18.0,0.0,4095,4095,0,0.0,143127574.65492648,0.0,0.0,0.0,0,4257,426404,none_default,5000000.0
Fin_fl_rl_prox_3,pure_rl,fl_rl_prox,7623197.968022138,5000000.0,7623197.968023768,2623197.968023768,0.0,0.0,13.0,0.0,2028,2028,0,0.0,71401821.85679291,0.0,0.0,0.0,0,4257,426404,none_default,5000000.0
Fin_fl_rl_scaffold_1,pure_rl,fl_rl_scaffold,10012541.128175547,5000000.0,10012541.128178682,5012541.128178682,0.0,0.0,8.0,0.0,3713,3713,0,0.0,129827828.32665683,0.0,0.0,0.0,0,4261,426404,none_default,5000000.0
Fin_fl_rl_scaffold_2,pure_rl,fl_rl_scaffold,10869300.45197294,5000000.0,10869300.4519786,5869300.4519786,0.0,0.0,18.0,0.0,4308,4308,0,0.0,149802108.70585737,0.0,0.0,0.0,0,4261,426404,none_default,5000000.0
Fin_fl_rl_scaffold_3,pure_rl,fl_rl_scaffold,7797824.860067683,5000000.0,7797824.860065052,2797824.8600650523,0.0,0.0,11.0,0.0,2341,2341,0,0.0,81715693.92801473,0.0,0.0,0.0,0,4261,426404,none_default,5000000.0
Fin_fl_rl_1,pure_rl,fl_rl,8704003.29480981,5000000.0,8704003.29481127,3704003.294811269,0.0,0.0,6.0,0.0,1901,1901,63,0.0331404523934771,66841404.930658,119249.93923073151,0.0017840729014365,0.0238499878461463,0,4257,426404,low_default,5000000.0
Fin_fl_rl_2,pure_rl,fl_rl,6367003.213390315,5000000.0,6367003.213389841,1367003.213389841,0.0,0.0,12.0,0.0,927,927,100,0.1078748651564185,32570709.3787542,201938.2707274268,0.00619999608787,0.0403876541454853,0,4257,426404,low_default,5000000.0
Fin_fl_rl_3,pure_rl,fl_rl,15649090.255950728,5000000.0,15649090.255951976,10649090.255951976,0.0,0.0,6.0,0.0,5064,5064,64,0.0126382306477093,177532232.2294153,143961.01522105667,0.0008109007215941,0.0287922030442113,0,4257,426404,low_default,5000000.0
Fin_fl_rl_prox_1,pure_rl,fl_rl_prox,7691267.889979319,5000000.0,7691267.889981233,2691267.8899812326,0.0,0.0,6.0,0.0,1561,1561,54,0.0345932094811018,54569626.593887046,108017.95010157397,0.0019794518827379,0.0216035900203147,0,4252,426404,low_default,5000000.0
Fin_fl_rl_prox_2,pure_rl,fl_rl_prox,6912549.874457388,5000000.0,6912549.874459516,1912549.8744595165,0.0,0.0,7.0,0.0,1216,1216,102,0.0838815789473684,42529772.39164903,207799.31556006512,0.0048859729049682,0.041559863112013,0,4252,426404,low_default,5000000.0
Fin_fl_rl_prox_3,pure_rl,fl_rl_prox,15585182.474479234,5000000.0,15585182.474482289,10585182.474482289,0.0,0.0,6.0,0.0,5247,5247,42,0.0080045740423098,183221098.42528808,94130.82966056152,0.0005137554051884,0.0188261659321123,0,4252,426404,low_default,5000000.0
Fin_fl_rl_scaffold_1,pure_rl,fl_rl_scaffold,7703207.421943779,5000000.0,7703207.421942374,2703207.4219423737,0.0,0.0,8.0,0.0,1454,1454,50,0.0343878954607978,50874397.29100675,94757.80100663974,0.0018625832649105,0.0189515602013279,0,4265,426404,low_default,5000000.0
Fin_fl_rl_scaffold_2,pure_rl,fl_rl_scaffold,8502374.580332553,5000000.0,8502374.580332942,3502374.5803329423,0.0,0.0,13.0,0.0,1847,1847,99,0.0536004331348132,64546455.68072362,200114.68792259725,0.0031003203167724,0.0400229375845194,0,4265,426404,low_default,5000000.0
Fin_fl_rl_scaffold_3,pure_rl,fl_rl_scaffold,14667267.932742763,5000000.0,14667267.932744622,9667267.932744622,0.0,0.0,6.0,0.0,4653,4653,61,0.0131098216204599,162488490.13063216,126317.2050412333,0.0007773917090353,0.0252634410082466,0,4265,426404,low_default,5000000.0
Fin_fl_rl_1,pure_rl,fl_rl,8817697.859585343,5000000.0,8817697.859583661,3817697.859583661,0.0,0.0,12.0,0.0,2631,2631,100,0.0380083618396047,92875364.60610329,269857.20576233225,0.0029055843485173,0.0539714411524664,0,4250,426404,medium_default,5000000.0
Fin_fl_rl_2,pure_rl,fl_rl,8263292.106172681,5000000.0,8263292.10617396,3263292.10617396,0.0,0.0,14.0,0.0,2401,2401,168,0.0699708454810495,84043590.1394469,377120.2761997421,0.0044871985546311,0.0754240552399484,0,4250,426404,medium_default,5000000.0
Fin_fl_rl_3,pure_rl,fl_rl,9580491.654875044,5000000.0,9580491.654876497,4580491.654876497,0.0,0.0,17.0,0.0,2746,2746,39,0.0142024763292061,96647919.83800538,84518.07724931125,0.0008744945301562,0.0169036154498622,0,4250,426404,medium_default,5000000.0
Fin_fl_rl_prox_1,pure_rl,fl_rl_prox,8567569.70930465,5000000.0,8567569.709301056,3567569.7093010563,0.0,0.0,9.0,0.0,2518,2518,98,0.0389197776012708,88411708.86415307,262818.19638128,0.0029726627814094,0.052563639276256,0,4264,426404,medium_default,5000000.0
Fin_fl_rl_prox_2,pure_rl,fl_rl_prox,8778129.227753023,5000000.0,8778129.227750406,3778129.2277504057,0.0,0.0,12.0,0.0,2750,2750,173,0.0629090909090909,96785776.0285391,391202.5972256827,0.0040419430755024,0.0782405194451365,0,4264,426404,medium_default,5000000.0
Fin_fl_rl_prox_3,pure_rl,fl_rl_prox,9296800.971555652,5000000.0,9296800.971557343,4296800.971557343,0.0,0.0,23.0,0.0,2555,2555,46,0.0180039138943248,89602030.21919188,98124.5960766957,0.0010951157673174,0.0196249192153391,0,4264,426404,medium_default,5000000.0
Fin_fl_rl_scaffold_1,pure_rl,fl_rl_scaffold,8787188.409997236,5000000.0,8787188.409997772,3787188.409997773,0.0,0.0,7.0,0.0,2511,2511,98,0.0390282755874153,87831817.06783076,272974.5215766863,0.0031079229678907,0.0545949043153372,0,4255,426404,medium_default,5000000.0
Fin_fl_rl_scaffold_2,pure_rl,fl_rl_scaffold,8500006.408148222,5000000.0,8500006.408146918,3500006.408146918,0.0,0.0,20.0,0.0,2525,2525,162,0.0641584158415841,88336836.63657674,374818.875017283,0.0042430642672808,0.0749637750034566,0,4255,426404,medium_default,5000000.0
Fin_fl_rl_scaffold_3,pure_rl,fl_rl_scaffold,9901947.56169193,5000000.0,9901947.56169328,4901947.561693281,0.0,0.0,20.0,0.0,2897,2897,44,0.0151881256472212,102692722.88517648,103527.14587839611,0.0010081254344979,0.0207054291756792,0,4255,426404,medium_default,5000000.0
Fin_fl_rl_1,pure_rl,fl_rl,7774986.791974368,5000000.0,7774986.791973119,2774986.7919731187,0.0,0.0,13.0,0.0,2241,2241,174,0.0776439089692101,78233144.90620558,575813.9293770763,0.0073602298625144,0.1151627858754152,0,4255,426404,high_default,5000000.0
Fin_fl_rl_2,pure_rl,fl_rl,7192957.242212976,5000000.0,7192957.242212519,2192957.242212519,0.0,0.0,13.0,0.0,1827,1827,224,0.1226053639846743,63756770.99824532,596073.6412187254,0.0093491817713781,0.119214728243745,0,4255,426404,high_default,5000000.0
Fin_fl_rl_3,pure_rl,fl_rl,9276211.148737803,5000000.0,9276211.148737306,4276211.148737306,0.0,0.0,23.0,0.0,2761,2761,105,0.038029699384281,97047291.52700728,314271.3426334159,0.0032383319275423,0.0628542685266831,0,4255,426404,high_default,5000000.0
Fin_fl_rl_prox_1,pure_rl,fl_rl_prox,6616336.985381372,5000000.0,6616336.985382611,1616336.985382611,0.0,0.0,7.0,0.0,1275,1275,182,0.1427450980392156,44728419.03363805,605796.6160242821,0.0135438861715343,0.1211593232048564,0,4247,426404,high_default,5000000.0
Fin_fl_rl_prox_2,pure_rl,fl_rl_prox,7030441.626126471,5000000.0,7030441.62612736,2030441.6261273604,0.0,0.0,6.0,0.0,1574,1574,255,0.1620076238881829,54538754.13404437,654519.8209497833,0.012001004264621,0.1309039641899566,0,4247,426404,high_default,5000000.0
Fin_fl_rl_prox_3,pure_rl,fl_rl_prox,11700301.1959227,5000000.0,11700301.19593038,6700301.19593038,0.0,0.0,7.0,0.0,3616,3616,127,0.0351216814159292,126408355.5393256,371414.224573238,0.0029382094481696,0.0742828449146476,0,4247,426404,high_default,5000000.0
Fin_fl_rl_scaffold_1,pure_rl,fl_rl_scaffold,7394000.722053776,5000000.0,7394000.722052073,2394000.722052073,0.0,0.0,21.0,0.0,1714,1714,153,0.0892648774795799,59826450.13128654,522328.4472810904,0.0087307277322131,0.104465689456218,0,4257,426404,high_default,5000000.0
Fin_fl_rl_scaffold_2,pure_rl,fl_rl_scaffold,7897106.205441432,5000000.0,7897106.205441413,2897106.205441413,0.0,0.0,16.0,0.0,2136,2136,224,0.1048689138576779,74456630.25848083,583924.652103592,0.0078424802475811,0.1167849304207183,0,4257,426404,high_default,5000000.0
Fin_fl_rl_scaffold_3,pure_rl,fl_rl_scaffold,9034505.004627915,5000000.0,9034505.004627468,4034505.004627468,0.0,0.0,22.0,0.0,2683,2683,106,0.0395080134178158,93835809.27013232,318392.5260841788,0.0033930812614147,0.0636785052168357,0,4257,426404,high_default,5000000.0
Fin_fl_rl_1,pure_rl,fl_rl,13968740.688949743,10000000.0,13968740.688951552,3968740.688951552,0.0,0.0,12.0,0.0,2772,2772,0,0.0,97479450.99858722,0.0,0.0,0.0,0,4252,426404,none_default,10000000.0
Fin_fl_rl_2,pure_rl,fl_rl,17486979.740087632,10000000.0,17486979.740088187,7486979.740088187,0.0,0.0,16.0,0.0,6114,6114,0,0.0,213587296.1135321,0.0,0.0,0.0,0,4252,426404,none_default,10000000.0
Fin_fl_rl_3,pure_rl,fl_rl,11646857.342743028,10000000.0,11646857.342743017,1646857.342743015,0.0,0.0,19.0,0.0,1473,1473,0,0.0,51802898.02110636,0.0,0.0,0.0,0,4252,426404,none_default,10000000.0
Fin_fl_rl_prox_1,pure_rl,fl_rl_prox,16642981.563998334,10000000.0,16642981.563999468,6642981.563999467,0.0,0.0,12.0,0.0,4492,4492,0,0.0,156801209.96441963,0.0,0.0,0.0,0,4249,426404,none_default,10000000.0
Fin_fl_rl_prox_2,pure_rl,fl_rl_prox,15024869.13066724,10000000.0,15024869.130670518,5024869.130670518,0.0,0.0,18.0,0.0,3829,3829,0,0.0,134030619.94627988,0.0,0.0,0.0,0,4249,426404,none_default,10000000.0
Fin_fl_rl_prox_3,pure_rl,fl_rl_prox,12105989.348569078,10000000.0,12105989.348569516,2105989.348569516,0.0,0.0,19.0,0.0,2016,2016,0,0.0,70509963.12934268,0.0,0.0,0.0,0,4249,426404,none_default,10000000.0
Fin_fl_rl_scaffold_1,pure_rl,fl_rl_scaffold,14510958.798208086,10000000.0,14510958.79821295,4510958.798212949,0.0,0.0,9.0,0.0,3952,3952,0,0.0,138635953.7812872,0.0,0.0,0.0,0,4252,426404,none_default,10000000.0
Fin_fl_rl_scaffold_2,pure_rl,fl_rl_scaffold,13660480.77223576,10000000.0,13660480.772233697,3660480.772233695,0.0,0.0,18.0,0.0,3906,3906,0,0.0,137526060.93059215,0.0,0.0,0.0,0,4252,426404,none_default,10000000.0
Fin_fl_rl_scaffold_3,pure_rl,fl_rl_scaffold,12894113.198418677,10000000.0,12894113.198417738,2894113.198417738,0.0,0.0,19.0,0.0,2525,2525,0,0.0,88341469.35988498,0.0,0.0,0.0,0,4252,426404,none_default,10000000.0
Fin_fl_rl_1,pure_rl,fl_rl,13471487.176460017,10000000.0,13471487.176460424,3471487.1764604226,0.0,0.0,11.0,0.0,1868,1868,58,0.0310492505353319,65018558.94011662,116323.7604536174,0.0017890854911249,0.0116323760453617,0,4252,426404,low_default,10000000.0
Fin_fl_rl_2,pure_rl,fl_rl,13420709.77313414,10000000.0,13420709.77312988,3420709.7731298804,0.0,0.0,10.0,0.0,1874,1874,160,0.0853788687299893,65827628.8074904,342257.4828893222,0.0051992983658918,0.0342257482889322,0,4252,426404,low_default,10000000.0
Fin_fl_rl_3,pure_rl,fl_rl,16176852.853069916,10000000.0,16176852.853068016,6176852.8530680165,0.0,0.0,6.0,0.0,3068,3068,58,0.0189048239895697,107861322.1381628,126340.74595048687,0.0011713257676245,0.0126340745950486,0,4252,426404,low_default,10000000.0
Fin_fl_rl_prox_1,pure_rl,fl_rl_prox,13052289.603432246,10000000.0,13052289.603432229,3052289.603432227,0.0,0.0,10.0,0.0,1670,1670,96,0.0574850299401197,58001856.330309145,208728.8499635893,0.0035986580976808,0.0208728849963589,0,4233,426404,low_default,10000000.0
Fin_fl_rl_prox_2,pure_rl,fl_rl_prox,11881230.749114938,10000000.0,11881230.749111367,1881230.7491113676,0.0,0.0,8.0,0.0,1197,1197,77,0.0643274853801169,42023954.8290893,153691.33542625158,0.0036572315968668,0.0153691335426251,0,4233,426404,low_default,10000000.0
Fin_fl_rl_prox_3,pure_rl,fl_rl_prox,18587487.955198903,10000000.0,18587487.955196563,8587487.955196563,0.0,0.0,7.0,0.0,4130,4130,71,0.0171912832929782,144962550.1441187,155063.20095193764,0.0010696776567311,0.0155063200951937,0,4233,426404,low_default,10000000.0
Fin_fl_rl_scaffold_1,pure_rl,fl_rl_scaffold,11776453.034081563,10000000.0,11776453.03407987,1776453.0340798702,0.0,0.0,9.0,0.0,1156,1156,56,0.0484429065743944,40605110.44215727,122044.48727253452,0.0030056435247575,0.0122044487272534,0,4233,426404,low_default,10000000.0
Fin_fl_rl_scaffold_2,pure_rl,fl_rl_scaffold,13509743.940065265,10000000.0,13509743.940053916,3509743.940053917,0.0,0.0,22.0,0.0,1714,1714,77,0.0449241540256709,60250761.8158359,147483.1839656266,0.0024478227249047,0.0147483183965626,0,4233,426404,low_default,10000000.0
Fin_fl_rl_scaffold_3,pure_rl,fl_rl_scaffold,17882639.72745035,10000000.0,17882639.727449495,7882639.727449495,0.0,0.0,9.0,0.0,3767,3767,70,0.0185824263339527,132577922.27409124,164305.31610896537,0.0012393112917343,0.0164305316108965,0,4233,426404,low_default,10000000.0
Fin_fl_rl_1,pure_rl,fl_rl,14810144.53377364,10000000.0,14810144.533776067,4810144.533776067,0.0,0.0,20.0,0.0,3115,3115,116,0.0372391653290529,108096084.04676636,318083.5569998706,0.0029426001857963,0.031808355699987,0,4251,426404,medium_default,10000000.0
Fin_fl_rl_2,pure_rl,fl_rl,12056466.049676728,10000000.0,12056466.04967414,2056466.0496741403,0.0,0.0,20.0,0.0,1552,1552,125,0.080541237113402,54182915.00631698,290814.1468561811,0.005367266541903,0.0290814146856181,0,4251,426404,medium_default,10000000.0
Fin_fl_rl_3,pure_rl,fl_rl,15856262.782339368,10000000.0,15856262.782342965,5856262.782342963,0.0,0.0,23.0,0.0,3102,3102,54,0.0174081237911025,109048656.13611498,130884.1405281203,0.0012002361621471,0.013088414052812,0,4251,426404,medium_default,10000000.0
Fin_fl_rl_prox_1,pure_rl,fl_rl_prox,14810144.53377364,10000000.0,14810144.533776067,4810144.533776067,0.0,0.0,20.0,0.0,3115,3115,116,0.0372391653290529,108096084.04676636,318083.5569998706,0.0029426001857963,0.031808355699987,0,4251,426404,medium_default,10000000.0
Fin_fl_rl_prox_2,pure_rl,fl_rl_prox,12056466.049676728,10000000.0,12056466.04967414,2056466.0496741403,0.0,0.0,20.0,0.0,1552,1552,125,0.080541237113402,54182915.00631698,290814.1468561811,0.005367266541903,0.0290814146856181,0,4251,426404,medium_default,10000000.0
Fin_fl_rl_prox_3,pure_rl,fl_rl_prox,15856262.782339368,10000000.0,15856262.782342965,5856262.782342963,0.0,0.0,23.0,0.0,3102,3102,54,0.0174081237911025,109048656.13611498,130884.1405281203,0.0012002361621471,0.013088414052812,0,4251,426404,medium_default,10000000.0
Fin_fl_rl_scaffold_1,pure_rl,fl_rl_scaffold,12784906.465675935,10000000.0,12784906.465674177,2784906.465674177,0.0,0.0,18.0,0.0,1911,1911,107,0.0559916274201988,67462063.92444089,296805.8987622863,0.0043995970697652,0.0296805898762286,0,4257,426404,medium_default,10000000.0
Fin_fl_rl_scaffold_2,pure_rl,fl_rl_scaffold,12189369.955783607,10000000.0,12189369.95578519,2189369.9557851907,0.0,0.0,21.0,0.0,1321,1321,104,0.0787282361847085,46208126.241840936,234798.2874018978,0.0050813202459893,0.0234798287401897,0,4257,426404,medium_default,10000000.0
Fin_fl_rl_scaffold_3,pure_rl,fl_rl_scaffold,17846109.927777953,10000000.0,17846109.927780226,7846109.927780226,0.0,0.0,19.0,0.0,4534,4534,69,0.0152183502426113,159788024.55071965,162865.89833370736,0.0010192622306436,0.0162865898333707,0,4257,426404,medium_default,10000000.0
Fin_fl_rl_1,pure_rl,fl_rl,11359918.265479924,10000000.0,11359918.265481472,1359918.265481472,0.0,0.0,27.0,0.0,1271,1271,131,0.1030684500393391,44375711.870226994,454023.9073232627,0.0102313605390943,0.0454023907323262,0,4242,426404,high_default,10000000.0
Fin_fl_rl_2,pure_rl,fl_rl,12374593.116938649,10000000.0,12374593.116934452,2374593.116934452,0.0,0.0,18.0,0.0,1982,1982,257,0.1296670030272452,69363658.96193872,686316.5703459078,0.0098944689570442,0.0686316570345907,0,4242,426404,high_default,10000000.0
Fin_fl_rl_3,pure_rl,fl_rl,14668763.852005083,10000000.0,14668763.851998594,4668763.851998594,0.0,0.0,10.0,0.0,3065,3065,100,0.032626427406199,107631664.73809162,297083.3593997394,0.0027601854911624,0.0297083359399739,0,4242,426404,high_default,10000000.0
Fin_fl_rl_prox_1,pure_rl,fl_rl_prox,12823306.838341247,10000000.0,12823306.838346474,2823306.838346474,0.0,0.0,21.0,0.0,2039,2039,136,0.0666993624325649,71291424.16062707,453221.93466129067,0.0063573135197879,0.045322193466129,0,4258,426404,high_default,10000000.0
Fin_fl_rl_prox_2,pure_rl,fl_rl_prox,11646225.791354816,10000000.0,11646225.791356867,1646225.7913568672,0.0,0.0,23.0,0.0,1495,1495,254,0.1698996655518394,52272959.4741528,679151.1651957072,0.0129923993595871,0.0679151165195707,0,4258,426404,high_default,10000000.0
Fin_fl_rl_prox_3,pure_rl,fl_rl_prox,14553802.266446557,10000000.0,14553802.266452506,4553802.266452506,0.0,0.0,23.0,0.0,2829,2829,101,0.0357016613644397,99163220.30035377,300343.9397320936,0.0030287836440001,0.0300343939732093,0,4258,426404,high_default,10000000.0
Fin_fl_rl_scaffold_1,pure_rl,fl_rl_scaffold,12833224.07911488,10000000.0,12833224.079117969,2833224.0791179687,0.0,0.0,21.0,0.0,1630,1630,94,0.0576687116564417,57430981.65829148,315707.0796797594,0.0054971562484894,0.0315707079679759,0,4255,426404,high_default,10000000.0
Fin_fl_rl_scaffold_2,pure_rl,fl_rl_scaffold,13489782.591924442,10000000.0,13489782.591917329,3489782.5919173267,0.0,0.0,20.0,0.0,2282,2282,219,0.0959684487291849,80162322.82563317,595908.0250382035,0.007433766937298,0.0595908025038203,0,4255,426404,high_default,10000000.0
Fin_fl_rl_scaffold_3,pure_rl,fl_rl_scaffold,14079435.505042972,10000000.0,14079435.505044622,4079435.5050446223,0.0,0.0,25.0,0.0,2654,2654,110,0.041446872645064,92460682.40226977,330845.2681449477,0.0035782265450468,0.0330845268144947,0,4255,426404,high_default,10000000.0
Fin_fl_rl_1,pure_rl,fl_rl,5321326.319501511,1000000.0,5321326.319501203,4321326.319501203,0.0,0.0,6.0,0.0,2512,2512,0,0.0,86201159.52988671,0.0,0.0,0.0,0,4266,482321,none_default,1000000.0
Fin_fl_rl_2,pure_rl,fl_rl,6227941.784879752,1000000.0,6227941.784880988,5227941.784880988,0.0,0.0,15.0,0.0,2926,2926,0,0.0,98892941.00590986,0.0,0.0,0.0,0,4266,482321,none_default,1000000.0
Fin_fl_rl_3,pure_rl,fl_rl,4816126.253119373,1000000.0,4816126.253119357,3816126.253119357,0.0,0.0,6.0,0.0,2336,2336,0,0.0,77831429.02920943,0.0,0.0,0.0,0,4266,482321,none_default,1000000.0
Fin_fl_rl_prox_1,pure_rl,fl_rl_prox,6230392.884279884,1000000.0,6230392.884281114,5230392.884281114,0.0,0.0,6.0,0.0,2969,2969,0,0.0,100796270.1700322,0.0,0.0,0.0,0,4266,482321,none_default,1000000.0
Fin_fl_rl_prox_2,pure_rl,fl_rl_prox,6001599.293591101,1000000.0,6001599.293591488,5001599.293591488,0.0,0.0,15.0,0.0,2919,2919,0,0.0,95975337.15055944,0.0,0.0,0.0,0,4266,482321,none_default,1000000.0
Fin_fl_rl_prox_3,pure_rl,fl_rl_prox,3593958.314483394,1000000.0,3593958.314483079,2593958.314483079,0.0,0.0,6.0,0.0,1646,1646,0,0.0,56309357.29711586,0.0,0.0,0.0,0,4266,482321,none_default,1000000.0
Fin_fl_rl_scaffold_1,pure_rl,fl_rl_scaffold,4822337.9218622325,1000000.0,4822337.9218622,3822337.9218622,0.0,0.0,6.0,0.0,2379,2379,0,0.0,82307348.42940123,0.0,0.0,0.0,0,4247,482321,none_default,1000000.0
Fin_fl_rl_scaffold_2,pure_rl,fl_rl_scaffold,5074619.289643088,1000000.0,5074619.28964334,4074619.28964334,0.0,0.0,15.0,0.0,2564,2564,0,0.0,87635264.45548944,0.0,0.0,0.0,0,4247,482321,none_default,1000000.0
Fin_fl_rl_scaffold_3,pure_rl,fl_rl_scaffold,4427069.0755073,1000000.0,4427069.0755070485,3427069.0755070485,0.0,0.0,6.0,0.0,2376,2376,0,0.0,77588819.07519367,0.0,0.0,0.0,0,4247,482321,none_default,1000000.0
Fin_fl_rl_1,pure_rl,fl_rl,5077026.038906367,1000000.0,5077026.038905758,4077026.0389057584,0.0,0.0,6.0,0.0,2228,2228,47,0.0210951526032316,77255698.6797226,102085.09622378372,0.0013213924405369,0.1020850962237837,0,4250,482321,low_default,1000000.0
Fin_fl_rl_2,pure_rl,fl_rl,3603912.4117361456,1000000.0,3603912.41173618,2603912.41173618,0.0,0.0,7.0,0.0,1506,1506,106,0.0703851261620186,51636558.17745515,233193.4275734812,0.0045160528858659,0.2331934275734811,0,4250,482321,low_default,1000000.0
Fin_fl_rl_3,pure_rl,fl_rl,6796890.241291367,1000000.0,6796890.2412915,5796890.2412915,0.0,0.0,6.0,0.0,2993,2993,38,0.0126962913464751,100144264.08890095,80834.62468298271,0.0008071817733986,0.0808346246829827,0,4250,482321,low_default,1000000.0
Fin_fl_rl_prox_1,pure_rl,fl_rl_prox,5799049.912552491,1000000.0,5799049.9125532685,4799049.9125532685,0.0,0.0,6.0,0.0,2253,2253,43,0.0190856635596981,77883074.42381483,90838.03270294348,0.0011663385578313,0.0908380327029434,0,4260,482321,low_default,1000000.0
Fin_fl_rl_prox_2,pure_rl,fl_rl_prox,3111646.5700871386,1000000.0,3111646.570087345,2111646.570087345,0.0,0.0,6.0,0.0,1131,1131,109,0.0963748894783377,39142155.12198952,232672.90272932645,0.0059443048550644,0.2326729027293264,0,4260,482321,low_default,1000000.0
Fin_fl_rl_prox_3,pure_rl,fl_rl_prox,7244164.637301753,1000000.0,7244164.637302417,6244164.637302417,0.0,0.0,6.0,0.0,3027,3027,46,0.0151965642550379,100243133.86030447,91599.9671361424,0.0009137779677139,0.0915999671361424,0,4260,482321,low_default,1000000.0
Fin_fl_rl_scaffold_1,pure_rl,fl_rl_scaffold,4343875.520018815,1000000.0,4343875.520019152,3343875.520019152,0.0,0.0,6.0,0.0,2100,2100,33,0.0157142857142857,72087289.46969117,68068.49642884129,0.0009442510174759,0.0680684964288412,0,4253,482321,low_default,1000000.0
Fin_fl_rl_scaffold_2,pure_rl,fl_rl_scaffold,3714974.356062584,1000000.0,3714974.356062249,2714974.3560622493,0.0,0.0,7.0,0.0,1952,1952,90,0.0461065573770491,64843739.33056409,185018.49130433123,0.0028532976847793,0.1850184913043312,0,4253,482321,low_default,1000000.0
Fin_fl_rl_scaffold_3,pure_rl,fl_rl_scaffold,5915982.135854739,1000000.0,5915982.135855558,4915982.135855558,0.0,0.0,6.0,0.0,2710,2710,22,0.0081180811808118,92657998.7392829,46546.01454623655,0.0005023421094729,0.0465460145462365,0,4253,482321,low_default,1000000.0
Fin_fl_rl_1,pure_rl,fl_rl,4535357.489238289,1000000.0,4535357.4892384,3535357.4892384,0.0,0.0,24.0,0.0,1749,1749,41,0.0234419668381932,60354918.28795705,112280.22628370716,0.0018603326699575,0.1122802262837071,0,4239,482321,medium_default,1000000.0
Fin_fl_rl_2,pure_rl,fl_rl,4035100.785163485,1000000.0,4035100.785163278,3035100.785163278,0.0,0.0,6.0,0.0,1634,1634,52,0.0318237454100367,56397014.97957128,108003.04090863648,0.0019150488895158,0.1080030409086364,0,4239,482321,medium_default,1000000.0
Fin_fl_rl_3,pure_rl,fl_rl,5205744.5368174445,1000000.0,5205744.53681685,4205744.53681685,0.0,0.0,15.0,0.0,2130,2130,37,0.0173708920187793,72797313.31355642,82894.51938535535,0.0011387030044406,0.0828945193853553,0,4239,482321,medium_default,1000000.0
Fin_fl_rl_prox_1,pure_rl,fl_rl_prox,4535357.489238289,1000000.0,4535357.4892384,3535357.4892384,0.0,0.0,24.0,0.0,1749,1749,41,0.0234419668381932,60354918.28795705,112280.22628370716,0.0018603326699575,0.1122802262837071,0,4239,482321,medium_default,1000000.0
Fin_fl_rl_prox_2,pure_rl,fl_rl_prox,4035100.785163485,1000000.0,4035100.785163278,3035100.785163278,0.0,0.0,6.0,0.0,1634,1634,52,0.0318237454100367,56397014.97957128,108003.04090863648,0.0019150488895158,0.1080030409086364,0,4239,482321,medium_default,1000000.0
Fin_fl_rl_prox_3,pure_rl,fl_rl_prox,5205744.5368174445,1000000.0,5205744.53681685,4205744.53681685,0.0,0.0,15.0,0.0,2130,2130,37,0.0173708920187793,72797313.31355642,82894.51938535535,0.0011387030044406,0.0828945193853553,0,4239,482321,medium_default,1000000.0
Fin_fl_rl_scaffold_1,pure_rl,fl_rl_scaffold,3074425.5664524743,1000000.0,3074425.5664526154,2074425.5664526157,0.0,0.0,7.0,0.0,1472,1472,64,0.0434782608695652,50586715.19174215,165107.8675134062,0.0032638582459364,0.1651078675134062,0,4264,482321,medium_default,1000000.0
Fin_fl_rl_scaffold_2,pure_rl,fl_rl_scaffold,4564791.995842947,1000000.0,4564791.99584278,3564791.99584278,0.0,0.0,6.0,0.0,2032,2032,69,0.0339566929133858,71246054.1516608,136374.9932091525,0.0019141409981646,0.1363749932091525,0,4264,482321,medium_default,1000000.0
Fin_fl_rl_scaffold_3,pure_rl,fl_rl_scaffold,4956729.957814275,1000000.0,4956729.957815351,3956729.957815351,0.0,0.0,15.0,0.0,2089,2089,41,0.0196266156055528,70856206.03532903,93946.01688661684,0.0013258685744446,0.0939460168866168,0,4264,482321,medium_default,1000000.0
Fin_fl_rl_1,pure_rl,fl_rl,2980663.138125509,1000000.0,2980663.1381254424,1980663.1381254424,0.0,0.0,7.0,0.0,1375,1375,118,0.0858181818181818,47153511.67708679,364013.70301877946,0.0077197580852851,0.3640137030187794,0,4268,482321,high_default,1000000.0
Fin_fl_rl_2,pure_rl,fl_rl,3522222.8799908906,1000000.0,3522222.879991733,2522222.879991733,0.0,0.0,6.0,0.0,1539,1539,111,0.0721247563352826,53697248.12908544,294862.79591274593,0.0054912086966525,0.2948627959127459,0,4268,482321,high_default,1000000.0
Fin_fl_rl_3,pure_rl,fl_rl,5380088.600076611,1000000.0,5380088.600076679,4380088.600076679,0.0,0.0,7.0,0.0,2429,2429,61,0.0251132153149444,82282702.79590942,190876.41506397663,0.0023197635539199,0.1908764150639766,0,4268,482321,high_default,1000000.0
Fin_fl_rl_prox_1,pure_rl,fl_rl_prox,2761926.7252236893,1000000.0,2761926.7252234844,1761926.7252234844,0.0,0.0,7.0,0.0,1401,1401,113,0.0806566738044254,47853246.59819143,334712.91414054943,0.0069945706495324,0.3347129141405494,0,4260,482321,high_default,1000000.0
Fin_fl_rl_prox_2,pure_rl,fl_rl_prox,2741801.617888111,1000000.0,2741801.617888254,1741801.617888254,0.0,0.0,6.0,0.0,1111,1111,80,0.072007200720072,39150666.4267476,220786.65993468257,0.0056394100046236,0.2207866599346825,0,4260,482321,high_default,1000000.0
Fin_fl_rl_prox_3,pure_rl,fl_rl_prox,5574600.114136776,1000000.0,5574600.114136734,4574600.114136734,0.0,0.0,7.0,0.0,2503,2503,48,0.0191769876148621,85002409.15600723,135734.1095744676,0.0015968266184709,0.1357341095744676,0,4260,482321,high_default,1000000.0
Fin_fl_rl_scaffold_1,pure_rl,fl_rl_scaffold,3048690.7542278054,1000000.0,3048690.754227521,2048690.754227521,0.0,0.0,7.0,0.0,1452,1452,114,0.0785123966942148,48844667.03423667,339958.0498590965,0.006959982952096,0.3399580498590965,0,4270,482321,high_default,1000000.0
Fin_fl_rl_scaffold_2,pure_rl,fl_rl_scaffold,3967286.597846106,1000000.0,3967286.597846255,2967286.5978462547,0.0,0.0,6.0,0.0,1814,1814,114,0.0628445424476295,63208467.89327677,288126.0100103903,0.0045583451017492,0.2881260100103903,0,4270,482321,high_default,1000000.0
Fin_fl_rl_scaffold_3,pure_rl,fl_rl_scaffold,4899051.253965714,1000000.0,4899051.253965526,3899051.253965526,0.0,0.0,7.0,0.0,2151,2151,55,0.0255695025569502,74419648.19212751,149774.85919505655,0.0020125714489859,0.1497748591950565,0,4270,482321,high_default,1000000.0
Fin_fl_rl_1,pure_rl,fl_rl,9360133.202475645,5000000.0,9360133.202472389,4360133.202472387,0.0,0.0,8.0,0.0,3693,3693,0,0.0,130423058.8016406,0.0,0.0,0.0,0,4247,482321,none_default,5000000.0
Fin_fl_rl_2,pure_rl,fl_rl,5591057.176232633,5000000.0,5591057.176232185,591057.1762321852,0.0,0.0,15.0,0.0,566,566,0,0.0,19692410.52967579,0.0,0.0,0.0,0,4247,482321,none_default,5000000.0
Fin_fl_rl_3,pure_rl,fl_rl,12082119.601815527,5000000.0,12082119.601819988,7082119.601819988,0.0,0.0,8.0,0.0,6128,6128,0,0.0,213973194.9435461,0.0,0.0,0.0,0,4247,482321,none_default,5000000.0
Fin_fl_rl_prox_1,pure_rl,fl_rl_prox,10272588.724059597,5000000.0,10272588.72405612,5272588.724056119,0.0,0.0,6.0,0.0,4209,4209,0,0.0,148536590.4515396,0.0,0.0,0.0,0,4245,482321,none_default,5000000.0
Fin_fl_rl_prox_2,pure_rl,fl_rl_prox,5984455.715028349,5000000.0,5984455.715027896,984455.7150278958,0.0,0.0,15.0,0.0,895,895,0,0.0,31659056.181303315,0.0,0.0,0.0,0,4245,482321,none_default,5000000.0
Fin_fl_rl_prox_3,pure_rl,fl_rl_prox,11129290.806048809,5000000.0,11129290.806044511,6129290.806044512,0.0,0.0,8.0,0.0,5297,5297,0,0.0,183914546.8662161,0.0,0.0,0.0,0,4245,482321,none_default,5000000.0
Fin_fl_rl_scaffold_1,pure_rl,fl_rl_scaffold,8889208.754164364,5000000.0,8889208.754161142,3889208.754161142,0.0,0.0,6.0,0.0,3812,3812,0,0.0,133765134.71413743,0.0,0.0,0.0,0,4258,482321,none_default,5000000.0
Fin_fl_rl_scaffold_2,pure_rl,fl_rl_scaffold,5433437.582190269,5000000.0,5433437.582189419,433437.5821894193,0.0,0.0,15.0,0.0,465,465,0,0.0,16162485.924217325,0.0,0.0,0.0,0,4258,482321,none_default,5000000.0
Fin_fl_rl_scaffold_3,pure_rl,fl_rl_scaffold,11711918.8379469,5000000.0,11711918.837947909,6711918.837947909,0.0,0.0,8.0,0.0,6114,6114,0,0.0,213577215.77052036,0.0,0.0,0.0,0,4258,482321,none_default,5000000.0
Fin_fl_rl_1,pure_rl,fl_rl,8632753.4151263,5000000.0,8632753.415125482,3632753.415125482,0.0,0.0,6.0,0.0,2450,2450,61,0.0248979591836734,85494389.05398835,121639.23138352574,0.0014227744385273,0.0243278462767051,0,4237,482321,low_default,5000000.0
Fin_fl_rl_2,pure_rl,fl_rl,8513549.513059774,5000000.0,8513549.513062727,3513549.5130627267,0.0,0.0,7.0,0.0,2471,2471,145,0.0586806960744637,86506450.40858127,282740.17812990176,0.0032684288488833,0.0565480356259803,0,4237,482321,low_default,5000000.0
Fin_fl_rl_3,pure_rl,fl_rl,11541694.85070417,5000000.0,11541694.850701736,6541694.850701736,0.0,0.0,11.0,0.0,3506,3506,54,0.0154021677124928,123257839.58721311,111780.61689239318,0.0009068844405089,0.0223561233784786,0,4237,482321,low_default,5000000.0
Fin_fl_rl_prox_1,pure_rl,fl_rl_prox,9231900.805817503,5000000.0,9231900.805821616,4231900.805821616,0.0,0.0,6.0,0.0,2737,2737,53,0.0193642674461088,95820424.11320886,102264.4256354876,0.0010672508140296,0.0204528851270975,0,4248,482321,low_default,5000000.0
Fin_fl_rl_prox_2,pure_rl,fl_rl_prox,8340920.034076758,5000000.0,8340920.034077004,3340920.034077004,0.0,0.0,7.0,0.0,2200,2200,133,0.0604545454545454,76618834.11210977,267701.62863135926,0.0034939402528581,0.0535403257262718,0,4248,482321,low_default,5000000.0
Fin_fl_rl_prox_3,pure_rl,fl_rl_prox,12763505.397530751,5000000.0,12763505.39753743,7763505.397537431,0.0,0.0,12.0,0.0,3940,3940,59,0.0149746192893401,138518428.4089184,114409.00653484976,0.0008259479106787,0.0228818013069699,0,4248,482321,low_default,5000000.0
Fin_fl_rl_scaffold_1,pure_rl,fl_rl_scaffold,9648338.466001865,5000000.0,9648338.466003884,4648338.4660038855,0.0,0.0,33.0,0.0,2678,2678,62,0.0231516056758775,94090110.32616097,124188.10594765125,0.0013198847946628,0.0248376211895302,0,4261,482321,low_default,5000000.0
Fin_fl_rl_scaffold_2,pure_rl,fl_rl_scaffold,9216029.336893529,5000000.0,9216029.336893318,4216029.336893318,0.0,0.0,9.0,0.0,2512,2512,122,0.0485668789808917,87486695.3472028,236231.7954542701,0.002700202522415,0.047246359090854,0,4261,482321,low_default,5000000.0
Fin_fl_rl_scaffold_3,pure_rl,fl_rl_scaffold,10305977.140259434,5000000.0,10305977.140260717,5305977.140260715,0.0,0.0,14.0,0.0,2753,2753,45,0.0163458045768252,96252942.529635,90938.17366989236,0.0009447833103065,0.0181876347339784,0,4261,482321,low_default,5000000.0
Fin_fl_rl_1,pure_rl,fl_rl,9687707.62890942,5000000.0,9687707.62891068,4687707.628910679,0.0,0.0,9.0,0.0,2540,2540,115,0.0452755905511811,88695536.27823175,301840.4523825505,0.0034031075863355,0.0603680904765101,0,4256,482321,medium_default,5000000.0
Fin_fl_rl_2,pure_rl,fl_rl,7946429.897942108,5000000.0,7946429.897939607,2946429.8979396075,0.0,0.0,9.0,0.0,1863,1863,233,0.1250670960815888,65253797.373915486,528686.4237075112,0.0081020024118756,0.1057372847415022,0,4256,482321,medium_default,5000000.0
Fin_fl_rl_3,pure_rl,fl_rl,10551507.96075632,5000000.0,10551507.960759308,5551507.960759308,0.0,0.0,12.0,0.0,2911,2911,62,0.0212985228443833,101083712.87947804,130265.64711145294,0.0012886907633356,0.0260531294222905,0,4256,482321,medium_default,5000000.0
Fin_fl_rl_prox_1,pure_rl,fl_rl_prox,10696647.329744603,5000000.0,10696647.329747692,5696647.329747692,0.0,0.0,7.0,0.0,2979,2979,128,0.0429674387378314,105219122.79365176,326337.52023726015,0.0031015039051147,0.065267504047452,0,4254,482321,medium_default,5000000.0
Fin_fl_rl_prox_2,pure_rl,fl_rl_prox,7325648.487677923,5000000.0,7325648.487676416,2325648.4876764165,0.0,0.0,19.0,0.0,1648,1648,173,0.1049757281553398,57554466.47102784,394928.145449861,0.0068618157662648,0.0789856290899722,0,4254,482321,medium_default,5000000.0
Fin_fl_rl_prox_3,pure_rl,fl_rl_prox,8729671.605611773,5000000.0,8729671.605609614,3729671.6056096144,0.0,0.0,17.0,0.0,1944,1944,56,0.0288065843621399,68273631.08288118,129404.93089300363,0.0018953866791691,0.0258809861786007,0,4254,482321,medium_default,5000000.0
Fin_fl_rl_scaffold_1,pure_rl,fl_rl_scaffold,9396022.682146784,5000000.0,9396022.682147076,4396022.682147076,0.0,0.0,10.0,0.0,2571,2571,120,0.0466744457409568,90700510.02970722,297067.42204605887,0.0032752563568689,0.0594134844092117,0,4264,482321,medium_default,5000000.0
Fin_fl_rl_scaffold_2,pure_rl,fl_rl_scaffold,8996585.456798626,5000000.0,8996585.456797823,3996585.4567978233,0.0,0.0,10.0,0.0,2450,2450,203,0.0828571428571428,85176194.05848251,454828.226794127,0.0053398514904509,0.0909656453588254,0,4264,482321,medium_default,5000000.0
Fin_fl_rl_scaffold_3,pure_rl,fl_rl_scaffold,9231513.262652474,5000000.0,9231513.262651997,4231513.262651995,0.0,0.0,16.0,0.0,2199,2199,61,0.0277398817644383,76895094.78727682,144778.1747383487,0.0018828011739742,0.0289556349476697,0,4264,482321,medium_default,5000000.0
Fin_fl_rl_1,pure_rl,fl_rl,7900294.048410243,5000000.0,7900294.048412482,2900294.0484124823,0.0,0.0,19.0,0.0,2135,2135,150,0.0702576112412178,73755413.6941733,528772.280270952,0.0071692673633898,0.1057544560541904,0,4251,482321,high_default,5000000.0
Fin_fl_rl_2,pure_rl,fl_rl,6357893.642160937,5000000.0,6357893.642161741,1357893.642161741,0.0,0.0,22.0,0.0,991,991,143,0.1442986881937437,34987146.20227829,366111.1215871592,0.0104641607369314,0.0732222243174318,0,4251,482321,high_default,5000000.0
Fin_fl_rl_3,pure_rl,fl_rl,9676733.327773169,5000000.0,9676733.32777461,4676733.32777461,0.0,0.0,23.0,0.0,2689,2689,90,0.0334696913350688,94688846.95321208,240734.0142831017,0.0025423692655382,0.0481468028566203,0,4251,482321,high_default,5000000.0
Fin_fl_rl_prox_1,pure_rl,fl_rl_prox,7466507.619689856,5000000.0,7466507.619691287,2466507.619691287,0.0,0.0,15.0,0.0,2005,2005,161,0.0802992518703241,70115480.65719883,572471.6981665669,0.0081646976217054,0.1144943396333133,0,4255,482321,high_default,5000000.0
Fin_fl_rl_prox_2,pure_rl,fl_rl_prox,6580073.279873765,5000000.0,6580073.279873905,1580073.2798739048,0.0,0.0,24.0,0.0,973,973,129,0.132579650565262,34080159.88595003,329449.1168471434,0.009666888827683,0.0658898233694286,0,4255,482321,high_default,5000000.0
Fin_fl_rl_prox_3,pure_rl,fl_rl_prox,10336496.112683004,5000000.0,10336496.112683322,5336496.112683322,0.0,0.0,23.0,0.0,3328,3328,96,0.0288461538461538,116072831.91631342,263505.0007147752,0.0022701694820779,0.052701000142955,0,4255,482321,high_default,5000000.0
Fin_fl_rl_scaffold_1,pure_rl,fl_rl_scaffold,7192830.084178562,5000000.0,7192830.084178029,2192830.0841780286,0.0,0.0,21.0,0.0,1752,1752,166,0.0947488584474885,61321488.22582097,568496.5160151294,0.0092707553659102,0.1136993032030258,0,4261,482321,high_default,5000000.0
Fin_fl_rl_scaffold_2,pure_rl,fl_rl_scaffold,7115165.498252056,5000000.0,7115165.498251498,2115165.4982514977,0.0,0.0,21.0,0.0,1557,1557,163,0.1046885035324341,54503022.53031491,434280.7619627449,0.0079680124477719,0.0868561523925489,0,4261,482321,high_default,5000000.0
Fin_fl_rl_scaffold_3,pure_rl,fl_rl_scaffold,9214433.46860955,5000000.0,9214433.4686062,4214433.4686062,0.0,0.0,25.0,0.0,2496,2496,84,0.0336538461538461,87029130.55883446,224155.84108437665,0.0025756415081366,0.0448311682168753,0,4261,482321,high_default,5000000.0
Fin_fl_rl_1,pure_rl,fl_rl,14466283.79256775,10000000.0,14466283.792559832,4466283.792559832,0.0,0.0,10.0,0.0,4081,4081,0,0.0,143258901.5377257,0.0,0.0,0.0,0,4259,482321,none_default,10000000.0
Fin_fl_rl_2,pure_rl,fl_rl,14039780.646552956,10000000.0,14039780.646549612,4039780.646549612,0.0,0.0,12.0,0.0,3773,3773,0,0.0,132158931.86019808,0.0,0.0,0.0,0,4259,482321,none_default,10000000.0
Fin_fl_rl_3,pure_rl,fl_rl,12581834.452574955,10000000.0,12581834.45257282,2581834.452572819,0.0,0.0,14.0,0.0,2517,2517,0,0.0,88335364.87934905,0.0,0.0,0.0,0,4259,482321,none_default,10000000.0
Fin_fl_rl_prox_1,pure_rl,fl_rl_prox,15464726.997691046,10000000.0,15464726.99768784,5464726.997687839,0.0,0.0,12.0,0.0,4164,4164,0,0.0,146169051.58380485,0.0,0.0,0.0,0,4251,482321,none_default,10000000.0
Fin_fl_rl_prox_2,pure_rl,fl_rl_prox,12124263.308241231,10000000.0,12124263.30824097,2124263.3082409706,0.0,0.0,17.0,0.0,2175,2175,0,0.0,76518898.05506945,0.0,0.0,0.0,0,4251,482321,none_default,10000000.0
Fin_fl_rl_prox_3,pure_rl,fl_rl_prox,14601676.82409956,10000000.0,14601676.824107047,4601676.824107047,0.0,0.0,12.0,0.0,4024,4024,0,0.0,141308071.452759,0.0,0.0,0.0,0,4251,482321,none_default,10000000.0
Fin_fl_rl_scaffold_1,pure_rl,fl_rl_scaffold,14782475.886937622,10000000.0,14782475.88693796,4782475.886937959,0.0,0.0,10.0,0.0,4427,4427,0,0.0,155035206.5250528,0.0,0.0,0.0,0,4251,482321,none_default,10000000.0
Fin_fl_rl_scaffold_2,pure_rl,fl_rl_scaffold,11087673.233234558,10000000.0,11087673.233233642,1087673.2332336418,0.0,0.0,15.0,0.0,1142,1142,0,0.0,40044039.12044954,0.0,0.0,0.0,0,4251,482321,none_default,10000000.0
Fin_fl_rl_scaffold_3,pure_rl,fl_rl_scaffold,15140964.75455698,10000000.0,15140964.754553769,5140964.754553767,0.0,0.0,6.0,0.0,4772,4772,0,0.0,165648675.12005928,0.0,0.0,0.0,0,4251,482321,none_default,10000000.0
Fin_fl_rl_1,pure_rl,fl_rl,17344853.763210353,10000000.0,17344853.763211634,7344853.763211634,0.0,0.0,14.0,0.0,4005,4005,108,0.0269662921348314,140918604.57994288,245599.52195892812,0.0017428466786981,0.0245599521958928,0,4257,482321,low_default,10000000.0
Fin_fl_rl_2,pure_rl,fl_rl,10146387.470602818,10000000.0,10146387.4706037,146387.47060369886,0.0,0.0,24.0,0.0,158,158,29,0.1835443037974683,5395996.851744853,44131.04236103638,0.0081784781521446,0.0044131042361036,0,4257,482321,low_default,10000000.0
Fin_fl_rl_3,pure_rl,fl_rl,17964212.19723075,10000000.0,17964212.197226126,7964212.197226126,0.0,0.0,18.0,0.0,3932,3932,50,0.0127161749745676,137296776.37876946,95874.6421950212,0.000698302208717,0.0095874642195021,0,4257,482321,low_default,10000000.0
Fin_fl_rl_prox_1,pure_rl,fl_rl_prox,16020167.431868523,10000000.0,16020167.43187046,6020167.431870459,0.0,0.0,13.0,0.0,3347,3347,114,0.0340603525545264,117100620.09962682,257565.76196693128,0.0021995251754243,0.0257565761966931,0,4251,482321,low_default,10000000.0
Fin_fl_rl_prox_2,pure_rl,fl_rl_prox,10129611.247857396,10000000.0,10129611.247857558,129611.2478575576,0.0,0.0,24.0,0.0,145,145,29,0.2,5069925.720723307,44131.04236103638,0.0087044751327718,0.0044131042361036,0,4251,482321,low_default,10000000.0
Fin_fl_rl_prox_3,pure_rl,fl_rl_prox,19686663.10770192,10000000.0,19686663.107699804,9686663.107699804,0.0,0.0,15.0,0.0,4907,4907,53,0.0108008966782147,171985387.33123633,107471.0358672945,0.0006248846924437,0.0107471035867294,0,4251,482321,low_default,10000000.0
Fin_fl_rl_scaffold_1,pure_rl,fl_rl_scaffold,14973400.568736875,10000000.0,14973400.56873809,4973400.56873809,0.0,0.0,16.0,0.0,2969,2969,155,0.0522061300101044,103430669.47413988,335600.7522884298,0.0032446928362224,0.0335600752288429,0,4256,482321,low_default,10000000.0
Fin_fl_rl_scaffold_2,pure_rl,fl_rl_scaffold,10625829.24090835,10000000.0,10625829.240907716,625829.2409077175,0.0,0.0,15.0,0.0,391,391,34,0.0869565217391304,13599513.620520009,56733.58989146211,0.0041717366866604,0.0056733589891462,0,4256,482321,low_default,10000000.0
Fin_fl_rl_scaffold_3,pure_rl,fl_rl_scaffold,18886016.37369189,10000000.0,18886016.373692717,8886016.373692714,0.0,0.0,18.0,0.0,4452,4452,69,0.0154986522911051,155695768.3487033,141983.37181027868,0.0009119282644361,0.0141983371810278,0,4256,482321,low_default,10000000.0
Fin_fl_rl_1,pure_rl,fl_rl,13824355.362725977,10000000.0,13824355.36272561,3824355.36272561,0.0,0.0,19.0,0.0,2009,2009,59,0.0293678446988551,70612783.12469009,153067.8108473326,0.0021677068099276,0.0153067810847332,0,4267,482321,medium_default,10000000.0
Fin_fl_rl_2,pure_rl,fl_rl,10449307.281146672,10000000.0,10449307.281150425,449307.281150423,0.0,0.0,21.0,0.0,537,537,140,0.260707635009311,18737421.895873062,315846.4908863376,0.0168564540330867,0.0315846490886337,0,4267,482321,medium_default,10000000.0
Fin_fl_rl_3,pure_rl,fl_rl,20291776.31742861,10000000.0,20291776.31743416,10291776.317434158,0.0,0.0,18.0,0.0,5261,5261,82,0.0155863904200722,184630732.27000797,222161.52505737843,0.0012032748953867,0.0222161525057378,0,4267,482321,medium_default,10000000.0
Fin_fl_rl_prox_1,pure_rl,fl_rl_prox,12070679.63161783,10000000.0,12070679.63161387,2070679.6316138688,0.0,0.0,15.0,0.0,1249,1249,64,0.0512409927942353,43730963.375270925,175509.86309937827,0.0040134003358962,0.0175509863099378,0,4241,482321,medium_default,10000000.0
Fin_fl_rl_prox_2,pure_rl,fl_rl_prox,14018233.34887311,10000000.0,14018233.348882638,4018233.348882638,0.0,0.0,21.0,0.0,2114,2114,99,0.0468306527909176,73727522.34124868,223278.1652125868,0.0030284235536783,0.0223278165212586,0,4241,482321,medium_default,10000000.0
Fin_fl_rl_prox_3,pure_rl,fl_rl_prox,17125161.628587093,10000000.0,17125161.628583174,7125161.628583174,0.0,0.0,19.0,0.0,3923,3923,110,0.0280397654855977,137939966.03273886,264761.8826902916,0.0019193993612224,0.0264761882690291,0,4241,482321,medium_default,10000000.0
Fin_fl_rl_scaffold_1,pure_rl,fl_rl_scaffold,13513829.848188844,10000000.0,13513829.848184912,3513829.8481849134,0.0,0.0,19.0,0.0,2157,2157,68,0.0315252665739453,75257523.73168656,185218.787485724,0.0024611331638558,0.0185218787485724,0,4254,482321,medium_default,10000000.0
Fin_fl_rl_scaffold_2,pure_rl,fl_rl_scaffold,14048559.025554713,10000000.0,14048559.025547052,4048559.025547052,0.0,0.0,17.0,0.0,2855,2855,154,0.0539404553415061,99789625.62144436,389908.5344496345,0.0039073053137684,0.0389908534449634,0,4254,482321,medium_default,10000000.0
Fin_fl_rl_scaffold_3,pure_rl,fl_rl_scaffold,15641078.382781284,10000000.0,15641078.382774698,5641078.382774698,0.0,0.0,22.0,0.0,3016,3016,66,0.0218832891246684,105539213.71424134,172154.59725330176,0.0016311908265626,0.0172154597253301,0,4254,482321,medium_default,10000000.0
Fin_fl_rl_1,pure_rl,fl_rl,11527361.333332898,10000000.0,11527361.333332911,1527361.333332913,0.0,0.0,7.0,0.0,1097,1097,85,0.0774840474020054,38565483.3709822,284120.3997085247,0.0073672199820605,0.0284120399708524,0,4254,482321,high_default,10000000.0
Fin_fl_rl_2,pure_rl,fl_rl,11650937.679463722,10000000.0,11650937.679456932,1650937.6794569325,0.0,0.0,20.0,0.0,1134,1134,121,0.1067019400352733,39588575.74936932,308399.86501766165,0.0077901227609223,0.0308399865017661,0,4254,482321,high_default,10000000.0
Fin_fl_rl_3,pure_rl,fl_rl,17223161.81009096,10000000.0,17223161.810087956,7223161.810087956,0.0,0.0,23.0,0.0,4041,4041,119,0.0294481563969314,141554534.50408918,340604.7118141835,0.0024061730908686,0.0340604711814183,0,4254,482321,high_default,10000000.0
Fin_fl_rl_prox_1,pure_rl,fl_rl_prox,11741946.876922444,10000000.0,11741946.876913574,1741946.8769135736,0.0,0.0,20.0,0.0,1030,1030,77,0.074757281553398,36165026.87217477,263141.33034152444,0.0072761270514632,0.0263141330341524,0,4272,482321,high_default,10000000.0
Fin_fl_rl_prox_2,pure_rl,fl_rl_prox,11045459.681465106,10000000.0,11045459.681464428,1045459.681464428,0.0,0.0,20.0,0.0,812,812,125,0.1539408866995074,28351009.994719364,334507.4998018597,0.011798785999658,0.0334507499801859,0,4272,482321,high_default,10000000.0
Fin_fl_rl_prox_3,pure_rl,fl_rl_prox,18818854.24411098,10000000.0,18818854.24410768,8818854.244107679,0.0,0.0,23.0,0.0,4517,4517,115,0.0254593756918308,159162890.2720667,330412.7067056119,0.0020759406048785,0.0330412706705611,0,4272,482321,high_default,10000000.0
Fin_fl_rl_scaffold_1,pure_rl,fl_rl_scaffold,12245680.35042676,10000000.0,12245680.350427017,2245680.3504270166,0.0,0.0,21.0,0.0,1306,1306,71,0.0543644716692189,45490878.922263205,239676.78263848985,0.0052686777727038,0.0239676782638489,0,4243,482321,high_default,10000000.0
Fin_fl_rl_scaffold_2,pure_rl,fl_rl_scaffold,12989456.14508156,10000000.0,12989456.145078553,2989456.145078551,0.0,0.0,20.0,0.0,1746,1746,120,0.0687285223367697,60832030.598462895,313405.67304092884,0.0051519844062027,0.0313405673040928,0,4243,482321,high_default,10000000.0
Fin_fl_rl_scaffold_3,pure_rl,fl_rl_scaffold,15474040.308065526,10000000.0,15474040.308053914,5474040.308053914,0.0,0.0,25.0,0.0,3359,3359,93,0.0276868115510568,117740618.69730696,280672.63078105,0.0023838216062259,0.0280672630781049,0,4243,482321,high_default,10000000.0
Fin_fl_rl_1,pure_rl,fl_rl,5571695.2545135375,1000000.0,5571695.254513466,4571695.254513466,0.0,0.0,6.0,0.0,2687,2687,0,0.0,95750393.41135134,0.0,0.0,0.0,0,4256,538907,none_default,1000000.0
Fin_fl_rl_2,pure_rl,fl_rl,5089202.546547482,1000000.0,5089202.546547679,4089202.546547679,0.0,0.0,6.0,0.0,2623,2623,0,0.0,87533953.66705096,0.0,0.0,0.0,0,4256,538907,none_default,1000000.0
Fin_fl_rl_3,pure_rl,fl_rl,4607322.594213505,1000000.0,4607322.5942130815,3607322.5942130815,0.0,0.0,6.0,0.0,2593,2593,0,0.0,82648481.48316446,0.0,0.0,0.0,0,4256,538907,none_default,1000000.0
Fin_fl_rl_prox_1,pure_rl,fl_rl_prox,5545442.429937992,1000000.0,5545442.429937595,4545442.429937595,0.0,0.0,6.0,0.0,2711,2711,0,0.0,96286170.31417689,0.0,0.0,0.0,0,4256,538907,none_default,1000000.0
Fin_fl_rl_prox_2,pure_rl,fl_rl_prox,5059097.350943602,1000000.0,5059097.35094367,4059097.3509436697,0.0,0.0,6.0,0.0,2604,2604,0,0.0,87231869.69447221,0.0,0.0,0.0,0,4256,538907,none_default,1000000.0
Fin_fl_rl_prox_3,pure_rl,fl_rl_prox,4590354.216565261,1000000.0,4590354.216564704,3590354.216564704,0.0,0.0,6.0,0.0,2584,2584,0,0.0,82692144.04354554,0.0,0.0,0.0,0,4256,538907,none_default,1000000.0
Fin_fl_rl_scaffold_1,pure_rl,fl_rl_scaffold,5364673.978488426,1000000.0,5364673.978488484,4364673.978488484,0.0,0.0,6.0,0.0,2690,2690,0,0.0,94131282.52374516,0.0,0.0,0.0,0,4249,538907,none_default,1000000.0
Fin_fl_rl_scaffold_2,pure_rl,fl_rl_scaffold,5011302.936360044,1000000.0,5011302.936360555,4011302.936360555,0.0,0.0,6.0,0.0,2525,2525,0,0.0,84960940.71616304,0.0,0.0,0.0,0,4249,538907,none_default,1000000.0
Fin_fl_rl_scaffold_3,pure_rl,fl_rl_scaffold,5212247.4890887765,1000000.0,5212247.489088274,4212247.489088274,0.0,0.0,6.0,0.0,2746,2746,0,0.0,89956925.47168097,0.0,0.0,0.0,0,4249,538907,none_default,1000000.0
Fin_fl_rl_1,pure_rl,fl_rl,3903516.169256169,1000000.0,3903516.169256266,2903516.169256266,0.0,0.0,6.0,0.0,1632,1632,52,0.0318627450980392,55321788.96585053,106927.52900178148,0.0019328284750116,0.1069275290017814,0,4243,538907,low_default,1000000.0
Fin_fl_rl_2,pure_rl,fl_rl,3815136.939427999,1000000.0,3815136.939427981,2815136.939427981,0.0,0.0,6.0,0.0,1525,1525,37,0.0242622950819672,53685082.568560295,76414.40117974194,0.001423382390856,0.0764144011797419,0,4243,538907,low_default,1000000.0
Fin_fl_rl_3,pure_rl,fl_rl,5308015.524340438,1000000.0,5308015.524340068,4308015.524340068,0.0,0.0,6.0,0.0,2956,2956,25,0.0084573748308525,96050702.07174256,52491.39715328063,0.0005464967566199,0.0524913971532806,0,4243,538907,low_default,1000000.0
Fin_fl_rl_prox_1,pure_rl,fl_rl_prox,3465633.79254117,1000000.0,3465633.7925413563,2465633.7925413563,0.0,0.0,6.0,0.0,1778,1778,72,0.0404949381327334,59854005.04218827,165376.66052825033,0.002763000745091,0.1653766605282503,0,4248,538907,low_default,1000000.0
Fin_fl_rl_prox_2,pure_rl,fl_rl_prox,3604279.277585224,1000000.0,3604279.277585089,2604279.277585089,0.0,0.0,6.0,0.0,1758,1758,79,0.0449374288964732,60732160.42875867,174662.57594453468,0.0028759486689004,0.1746625759445347,0,4248,538907,low_default,1000000.0
Fin_fl_rl_prox_3,pure_rl,fl_rl_prox,5251328.957423692,1000000.0,5251328.957424164,4251328.957424164,0.0,0.0,6.0,0.0,2611,2611,14,0.0053619302949061,88153467.13869551,22424.20710181059,0.0002543769159587,0.0224242071018105,0,4248,538907,low_default,1000000.0
Fin_fl_rl_scaffold_1,pure_rl,fl_rl_scaffold,3684970.729627312,1000000.0,3684970.729626969,2684970.7296269685,0.0,0.0,6.0,0.0,1744,1744,53,0.0303899082568807,59671686.50869083,109451.8599527942,0.0018342343975287,0.1094518599527942,0,4248,538907,low_default,1000000.0
Fin_fl_rl_scaffold_2,pure_rl,fl_rl_scaffold,4176681.919328313,1000000.0,4176681.919328159,3176681.9193281587,0.0,0.0,6.0,0.0,1954,1954,60,0.0307062436028659,68219495.9719007,126385.1423566586,0.0018526249799429,0.1263851423566586,0,4248,538907,low_default,1000000.0
Fin_fl_rl_scaffold_3,pure_rl,fl_rl_scaffold,4454905.585899285,1000000.0,4454905.585898757,3454905.585898757,0.0,0.0,6.0,0.0,2399,2399,35,0.0145894122551062,78558805.69302434,68799.05864121951,0.000875765078584,0.0687990586412195,0,4248,538907,low_default,1000000.0
Fin_fl_rl_1,pure_rl,fl_rl,4331942.266483427,1000000.0,4331942.26648344,3331942.26648344,0.0,0.0,6.0,0.0,2215,2215,31,0.0139954853273137,75549697.8962396,91214.66839770938,0.0012073465670634,0.0912146683977093,0,4256,538907,medium_default,1000000.0
Fin_fl_rl_2,pure_rl,fl_rl,2834699.521080893,1000000.0,2834699.5210814225,1834699.5210814225,0.0,0.0,24.0,0.0,1124,1124,54,0.0480427046263345,39530652.53448476,122168.24953015872,0.003090468831082,0.1221682495301587,0,4256,538907,medium_default,1000000.0
Fin_fl_rl_3,pure_rl,fl_rl,6793521.428994609,1000000.0,6793521.428994216,5793521.428994216,0.0,0.0,6.0,0.0,2834,2834,17,0.0059985885673959,96132836.5047515,31011.22073382286,0.0003225871810439,0.0310112207338228,0,4256,538907,medium_default,1000000.0
Fin_fl_rl_prox_1,pure_rl,fl_rl_prox,4621691.695954081,1000000.0,4621691.695953973,3621691.6959539726,0.0,0.0,6.0,0.0,2170,2170,34,0.0156682027649769,74019134.24922599,104904.52199293811,0.001417262212764,0.1049045219929381,0,4257,538907,medium_default,1000000.0
Fin_fl_rl_prox_2,pure_rl,fl_rl_prox,3483522.140635877,1000000.0,3483522.140635532,2483522.140635532,0.0,0.0,6.0,0.0,1688,1688,58,0.0343601895734597,58468200.24404429,126486.95303177882,0.0021633461010228,0.1264869530317788,0,4257,538907,medium_default,1000000.0
Fin_fl_rl_prox_3,pure_rl,fl_rl_prox,5590508.296818073,1000000.0,5590508.296817821,4590508.296817821,0.0,0.0,6.0,0.0,2401,2401,18,0.007496876301541,82261766.3312453,33944.96695393502,0.0004126457340734,0.033944966953935,0,4257,538907,medium_default,1000000.0
Fin_fl_rl_scaffold_1,pure_rl,fl_rl_scaffold,3381755.4319055765,1000000.0,3381755.431905358,2381755.431905358,0.0,0.0,6.0,0.0,1476,1476,57,0.0386178861788617,50985183.697035685,157227.28068599093,0.0030837837443181,0.1572272806859909,0,4249,538907,medium_default,1000000.0
Fin_fl_rl_scaffold_2,pure_rl,fl_rl_scaffold,4445761.861458846,1000000.0,4445761.861457868,3445761.8614578675,0.0,0.0,6.0,0.0,1999,1999,75,0.0375187593796898,68078171.08149959,154090.27641632955,0.0022634314930678,0.1540902764163295,0,4249,538907,medium_default,1000000.0
Fin_fl_rl_scaffold_3,pure_rl,fl_rl_scaffold,5667395.093954871,1000000.0,5667395.093954777,4667395.093954777,0.0,0.0,6.0,0.0,2646,2646,40,0.0151171579743008,88145285.5112587,87847.8683261132,0.000996625829919,0.0878478683261132,0,4249,538907,medium_default,1000000.0
Fin_fl_rl_1,pure_rl,fl_rl,3480013.664595163,1000000.0,3480013.664595395,2480013.664595395,0.0,0.0,7.0,0.0,1342,1342,95,0.070789865871833,47644679.09686051,267695.82970968727,0.0056185881568321,0.2676958297096872,0,4259,538907,high_default,1000000.0
Fin_fl_rl_2,pure_rl,fl_rl,3376144.608303292,1000000.0,3376144.608302713,2376144.608302713,0.0,0.0,7.0,0.0,1375,1375,162,0.1178181818181818,48151877.110341765,412943.66633970296,0.0085758581206175,0.412943666339703,0,4259,538907,high_default,1000000.0
Fin_fl_rl_3,pure_rl,fl_rl,5166867.870303985,1000000.0,5166867.870303876,4166867.870303876,0.0,0.0,7.0,0.0,2299,2299,74,0.0321879077859939,76201852.20474155,212026.52266309215,0.0027824326644109,0.2120265226630922,0,4259,538907,high_default,1000000.0
Fin_fl_rl_prox_1,pure_rl,fl_rl_prox,3049041.9044469185,1000000.0,3049041.9044467984,2049041.9044467984,0.0,0.0,10.0,0.0,1201,1201,107,0.0890924229808493,42774957.28519086,315706.62070751435,0.0073806414019918,0.3157066207075144,0,4258,538907,high_default,1000000.0
Fin_fl_rl_prox_2,pure_rl,fl_rl_prox,3590497.0115846526,1000000.0,3590497.011584655,2590497.011584655,0.0,0.0,7.0,0.0,1563,1563,154,0.0985284708893154,54268367.9244127,384726.0513157921,0.0070893241501505,0.3847260513157921,0,4258,538907,high_default,1000000.0
Fin_fl_rl_prox_3,pure_rl,fl_rl_prox,5102715.703740556,1000000.0,5102715.703740378,4102715.703740378,0.0,0.0,7.0,0.0,2387,2387,64,0.0268118977796397,77810388.72295822,171657.461041272,0.0022060995177964,0.171657461041272,0,4258,538907,high_default,1000000.0
Fin_fl_rl_scaffold_1,pure_rl,fl_rl_scaffold,3431360.7714781733,1000000.0,3431360.771478473,2431360.771478473,0.0,0.0,7.0,0.0,1530,1530,138,0.0901960784313725,52765311.57479782,396198.9497969741,0.0075087010380927,0.396198949796974,0,4251,538907,high_default,1000000.0
Fin_fl_rl_scaffold_2,pure_rl,fl_rl_scaffold,3359054.3242323496,1000000.0,3359054.324232829,2359054.324232829,0.0,0.0,7.0,0.0,1602,1602,166,0.1036204744069912,53864035.912245005,409378.4828466736,0.0076002192541537,0.4093784828466736,0,4251,538907,high_default,1000000.0
Fin_fl_rl_scaffold_3,pure_rl,fl_rl_scaffold,5474161.486077147,1000000.0,5474161.486077349,4474161.486077349,0.0,0.0,7.0,0.0,2350,2350,69,0.0293617021276595,81527344.75580148,195716.26664407607,0.002400621131846,0.1957162666440761,0,4251,538907,high_default,1000000.0
Fin_fl_rl_1,pure_rl,fl_rl,11405696.301664716,5000000.0,11405696.301663252,6405696.301663253,0.0,0.0,14.0,0.0,4188,4188,0,0.0,145709403.15293193,0.0,0.0,0.0,0,4244,538907,none_default,5000000.0
Fin_fl_rl_2,pure_rl,fl_rl,10355597.243693983,5000000.0,10355597.243692914,5355597.243692914,0.0,0.0,6.0,0.0,3739,3739,0,0.0,131256871.18604916,0.0,0.0,0.0,0,4244,538907,none_default,5000000.0
Fin_fl_rl_3,pure_rl,fl_rl,6921533.180736208,5000000.0,6921533.1807353,1921533.1807353003,0.0,0.0,17.0,0.0,1272,1272,0,0.0,44985023.67820274,0.0,0.0,0.0,0,4244,538907,none_default,5000000.0
Fin_fl_rl_prox_1,pure_rl,fl_rl_prox,9952939.70805751,5000000.0,9952939.708056888,4952939.708056888,0.0,0.0,21.0,0.0,3227,3227,0,0.0,113148721.3822532,0.0,0.0,0.0,0,4253,538907,none_default,5000000.0
Fin_fl_rl_prox_2,pure_rl,fl_rl_prox,8920938.544039708,5000000.0,8920938.544040669,3920938.5440406688,0.0,0.0,17.0,0.0,2713,2713,0,0.0,95067174.89430451,0.0,0.0,0.0,0,4253,538907,none_default,5000000.0
Fin_fl_rl_prox_3,pure_rl,fl_rl_prox,10162858.395960271,5000000.0,10162858.395964496,5162858.395964496,0.0,0.0,13.0,0.0,3286,3286,0,0.0,116212281.3467774,0.0,0.0,0.0,0,4253,538907,none_default,5000000.0
Fin_fl_rl_scaffold_1,pure_rl,fl_rl_scaffold,11535493.200119767,5000000.0,11535493.200120118,6535493.2001201175,0.0,0.0,19.0,0.0,4599,4599,0,0.0,159318595.84516665,0.0,0.0,0.0,0,4259,538907,none_default,5000000.0
Fin_fl_rl_scaffold_2,pure_rl,fl_rl_scaffold,11355398.914339032,5000000.0,11355398.914338524,6355398.914338525,0.0,0.0,6.0,0.0,4356,4356,0,0.0,152915695.05058604,0.0,0.0,0.0,0,4259,538907,none_default,5000000.0
Fin_fl_rl_scaffold_3,pure_rl,fl_rl_scaffold,6250827.652643064,5000000.0,6250827.652643389,1250827.652643389,0.0,0.0,24.0,0.0,858,858,0,0.0,30363757.448126823,0.0,0.0,0.0,0,4259,538907,none_default,5000000.0
Fin_fl_rl_1,pure_rl,fl_rl,9536576.23992745,5000000.0,9536576.239928966,4536576.239928966,0.0,0.0,13.0,0.0,2609,2609,50,0.0191644308164047,91637195.4504724,112041.7468353751,0.0012226666942893,0.022408349367075,0,4254,538907,low_default,5000000.0
Fin_fl_rl_2,pure_rl,fl_rl,10023245.005784322,5000000.0,10023245.005782217,5023245.005782215,0.0,0.0,15.0,0.0,2707,2707,103,0.0380495012929442,94527214.93934934,211541.70829050185,0.0022378921078573,0.0423083416581003,0,4254,538907,low_default,5000000.0
Fin_fl_rl_3,pure_rl,fl_rl,7450324.292890129,5000000.0,7450324.292890105,2450324.2928901054,0.0,0.0,14.0,0.0,1608,1608,29,0.0180348258706467,56028100.09338222,57943.93235851492,0.0010341941322646,0.0115887864717029,0,4254,538907,low_default,5000000.0
Fin_fl_rl_prox_1,pure_rl,fl_rl_prox,9379925.246537672,5000000.0,9379925.24653688,4379925.246536879,0.0,0.0,8.0,0.0,2961,2961,45,0.0151975683890577,103712615.18708676,98475.42995737278,0.0009495029103232,0.0196950859914745,0,4260,538907,low_default,5000000.0
Fin_fl_rl_prox_2,pure_rl,fl_rl_prox,8530390.340693448,5000000.0,8530390.34069494,3530390.34069494,0.0,0.0,14.0,0.0,2429,2429,111,0.0456978180321119,85119547.46259047,230661.9616334123,0.0027098588809437,0.0461323923266824,0,4260,538907,low_default,5000000.0
Fin_fl_rl_prox_3,pure_rl,fl_rl_prox,10835812.909586886,5000000.0,10835812.909589544,5835812.909589544,0.0,0.0,16.0,0.0,3425,3425,36,0.0105109489051094,119439983.51303571,70478.77824735636,0.0005900769254515,0.0140957556494712,0,4260,538907,low_default,5000000.0
Fin_fl_rl_scaffold_1,pure_rl,fl_rl_scaffold,9012306.867949972,5000000.0,9012306.867951851,4012306.867951853,0.0,0.0,6.0,0.0,2689,2689,59,0.0219412420974339,93280437.0645914,124354.7694091557,0.001333128074036,0.0248709538818311,0,4262,538907,low_default,5000000.0
Fin_fl_rl_scaffold_2,pure_rl,fl_rl_scaffold,9603996.007448306,5000000.0,9603996.007450242,4603996.007450242,0.0,0.0,8.0,0.0,3253,3253,121,0.0371964340608668,113315079.02632648,252608.49292684396,0.0022292575277484,0.0505216985853687,0,4262,538907,low_default,5000000.0
Fin_fl_rl_scaffold_3,pure_rl,fl_rl_scaffold,10626802.849760564,5000000.0,10626802.849757051,5626802.849757051,0.0,0.0,15.0,0.0,3016,3016,36,0.0119363395225464,105661854.06525762,76973.83312629416,0.0007284921678428,0.0153947666252588,0,4262,538907,low_default,5000000.0
Fin_fl_rl_1,pure_rl,fl_rl,8713469.609557685,5000000.0,8713469.6095628,3713469.6095627993,0.0,0.0,6.0,0.0,2150,2150,141,0.0655813953488372,76043636.48236442,361645.8230576558,0.0047557670804121,0.0723291646115311,0,4259,538907,medium_default,5000000.0
Fin_fl_rl_2,pure_rl,fl_rl,8577710.599029932,5000000.0,8577710.59902975,3577710.5990297496,0.0,0.0,9.0,0.0,2082,2082,153,0.0734870317002881,73506391.09986529,328060.71516344586,0.0044630230141178,0.0656121430326891,0,4259,538907,medium_default,5000000.0
Fin_fl_rl_3,pure_rl,fl_rl,11313169.752923338,5000000.0,11313169.75292107,6313169.752921071,0.0,0.0,24.0,0.0,3569,3569,82,0.0229756234239282,124460294.33302432,183921.72589092795,0.0014777542257677,0.0367843451781855,0,4259,538907,medium_default,5000000.0
Fin_fl_rl_prox_1,pure_rl,fl_rl_prox,8256658.92204077,5000000.0,8256658.922039226,3256658.9220392257,0.0,0.0,19.0,0.0,2304,2304,135,0.05859375,81041105.59875315,351803.2572845151,0.0043410471104176,0.070360651456903,0,4246,538907,medium_default,5000000.0
Fin_fl_rl_prox_2,pure_rl,fl_rl_prox,8308304.345231728,5000000.0,8308304.345229565,3308304.345229565,0.0,0.0,18.0,0.0,2229,2229,143,0.0641543292956482,78417537.86994936,305501.91469801654,0.0038958366074266,0.0611003829396033,0,4246,538907,medium_default,5000000.0
Fin_fl_rl_prox_3,pure_rl,fl_rl_prox,9615513.359736944,5000000.0,9615513.35973511,4615513.359735111,0.0,0.0,18.0,0.0,2990,2990,70,0.0234113712374581,104397505.60497896,151728.22632297763,0.0014533702260769,0.0303456452645955,0,4246,538907,medium_default,5000000.0
Fin_fl_rl_scaffold_1,pure_rl,fl_rl_scaffold,8518388.430974104,5000000.0,8518388.430976536,3518388.430976536,0.0,0.0,10.0,0.0,2324,2324,139,0.0598106712564543,81166801.07612218,342098.9642241207,0.0042147646536332,0.0684197928448241,0,4262,538907,medium_default,5000000.0
Fin_fl_rl_scaffold_2,pure_rl,fl_rl_scaffold,7939918.5201546205,5000000.0,7939918.520154841,2939918.520154841,0.0,0.0,9.0,0.0,1848,1848,150,0.0811688311688311,65412623.335084975,314722.689262287,0.0048113448630561,0.0629445378524574,0,4262,538907,medium_default,5000000.0
Fin_fl_rl_scaffold_3,pure_rl,fl_rl_scaffold,11207397.909080531,5000000.0,11207397.909079617,6207397.909079615,0.0,0.0,18.0,0.0,3702,3702,83,0.0224203133441383,128610617.68999536,181646.56788129272,0.0014123761408186,0.0363293135762585,0,4262,538907,medium_default,5000000.0
Fin_fl_rl_1,pure_rl,fl_rl,7649146.567065814,5000000.0,7649146.567067195,2649146.5670671947,0.0,0.0,20.0,0.0,1870,1870,146,0.0780748663101604,65468667.35882908,490596.8715664226,0.0074936132253539,0.0981193743132845,0,4249,538907,high_default,5000000.0
Fin_fl_rl_2,pure_rl,fl_rl,6602639.186396047,5000000.0,6602639.186397055,1602639.1863970552,0.0,0.0,20.0,0.0,1332,1332,200,0.1501501501501501,46462345.6753296,502796.3145920553,0.0108215869707806,0.100559262918411,0,4249,538907,high_default,5000000.0
Fin_fl_rl_3,pure_rl,fl_rl,9764463.790806385,5000000.0,9764463.790806647,4764463.790806647,0.0,0.0,25.0,0.0,3251,3251,85,0.0261458012919101,112613834.81414144,245514.0409630944,0.0021801410223556,0.0491028081926188,0,4249,538907,high_default,5000000.0
Fin_fl_rl_prox_1,pure_rl,fl_rl_prox,7126730.811354196,5000000.0,7126730.811352694,2126730.8113526944,0.0,0.0,22.0,0.0,1578,1578,136,0.0861850443599493,55042916.71141393,453492.0695166052,0.0082388815239248,0.090698413903321,0,4249,538907,high_default,5000000.0
Fin_fl_rl_prox_2,pure_rl,fl_rl_prox,7498665.749556899,5000000.0,7498665.749558889,2498665.7495588893,0.0,0.0,7.0,0.0,2018,2018,209,0.1035678889990089,71024419.69074728,515017.47368084505,0.0072512732370545,0.103003494736169,0,4249,538907,high_default,5000000.0
Fin_fl_rl_prox_3,pure_rl,fl_rl_prox,9007835.997699743,5000000.0,9007835.997700466,4007835.997700466,0.0,0.0,23.0,0.0,2693,2693,83,0.0308206461195692,94173295.81915309,236206.5900898217,0.0025082119940181,0.0472413180179643,0,4249,538907,high_default,5000000.0
Fin_fl_rl_scaffold_1,pure_rl,fl_rl_scaffold,7464291.760590983,5000000.0,7464291.760587927,2464291.760587927,0.0,0.0,12.0,0.0,1896,1896,158,0.0833333333333333,66411239.64134004,534098.5570820987,0.0080422916356711,0.1068197114164197,0,4243,538907,high_default,5000000.0
Fin_fl_rl_scaffold_2,pure_rl,fl_rl_scaffold,7669206.856849729,5000000.0,7669206.856850175,2669206.856850175,0.0,0.0,21.0,0.0,2008,2008,198,0.098605577689243,70542573.80243647,500105.3483400796,0.0070894117039263,0.1000210696680159,0,4243,538907,high_default,5000000.0
Fin_fl_rl_scaffold_3,pure_rl,fl_rl_scaffold,8176669.565647237,5000000.0,8176669.56564836,3176669.56564836,0.0,0.0,27.0,0.0,2092,2092,78,0.0372848948374761,73254699.98797707,233069.4589606694,0.0031816314720956,0.0466138917921338,0,4243,538907,high_default,5000000.0
Fin_fl_rl_1,pure_rl,fl_rl,17436771.072646145,10000000.0,17436771.07265777,7436771.072657771,0.0,0.0,6.0,0.0,6768,6768,0,0.0,235857110.51728535,0.0,0.0,0.0,0,4244,538907,none_default,10000000.0
Fin_fl_rl_2,pure_rl,fl_rl,12674835.183649449,10000000.0,12674835.183652328,2674835.1836523283,0.0,0.0,10.0,0.0,2498,2498,0,0.0,88008279.9385331,0.0,0.0,0.0,0,4244,538907,none_default,10000000.0
Fin_fl_rl_3,pure_rl,fl_rl,11490016.457042793,10000000.0,11490016.457042493,1490016.457042491,0.0,0.0,14.0,0.0,1082,1082,0,0.0,38640461.17053776,0.0,0.0,0.0,0,4244,538907,none_default,10000000.0
Fin_fl_rl_prox_1,pure_rl,fl_rl_prox,15782410.087248104,10000000.0,15782410.087252991,5782410.087252993,0.0,0.0,6.0,0.0,5213,5213,0,0.0,182300116.4869293,0.0,0.0,0.0,0,4259,538907,none_default,10000000.0
Fin_fl_rl_prox_2,pure_rl,fl_rl_prox,13793536.377546163,10000000.0,13793536.37754452,3793536.37754452,0.0,0.0,7.0,0.0,3272,3272,0,0.0,115211815.8257984,0.0,0.0,0.0,0,4259,538907,none_default,10000000.0
Fin_fl_rl_prox_3,pure_rl,fl_rl_prox,12029600.377280775,10000000.0,12029600.37728802,2029600.3772880195,0.0,0.0,22.0,0.0,1803,1803,0,0.0,63152047.22067218,0.0,0.0,0.0,0,4259,538907,none_default,10000000.0
Fin_fl_rl_scaffold_1,pure_rl,fl_rl_scaffold,14924332.020052925,10000000.0,14924332.020060746,4924332.020060746,0.0,0.0,9.0,0.0,4538,4538,0,0.0,158589211.13027617,0.0,0.0,0.0,0,4255,538907,none_default,10000000.0
Fin_fl_rl_scaffold_2,pure_rl,fl_rl_scaffold,14371139.820363091,10000000.0,14371139.82035915,4371139.82035915,0.0,0.0,9.0,0.0,3786,3786,0,0.0,132661667.50526352,0.0,0.0,0.0,0,4255,538907,none_default,10000000.0
Fin_fl_rl_scaffold_3,pure_rl,fl_rl_scaffold,12033311.228778716,10000000.0,12033311.228780745,2033311.2287807427,0.0,0.0,14.0,0.0,2058,2058,0,0.0,71866285.5118793,0.0,0.0,0.0,0,4255,538907,none_default,10000000.0
Fin_fl_rl_1,pure_rl,fl_rl,14716519.843088886,10000000.0,14716519.843084974,4716519.843084974,0.0,0.0,23.0,0.0,2789,2789,34,0.0121907493725349,97698102.16593382,74594.90697288165,0.0007635246265704,0.0074594906972881,0,4250,538907,low_default,10000000.0
Fin_fl_rl_2,pure_rl,fl_rl,14232709.97701712,10000000.0,14232709.977013549,4232709.977013547,0.0,0.0,24.0,0.0,2455,2455,67,0.0272912423625254,85678061.92164838,131046.3299349843,0.0015295202411887,0.0131046329934984,0,4250,538907,low_default,10000000.0
Fin_fl_rl_3,pure_rl,fl_rl,16043372.656776937,10000000.0,16043372.656775706,6043372.6567757055,0.0,0.0,25.0,0.0,3316,3316,38,0.01145958986731,115665147.46532704,91287.26059220998,0.0007892374029054,0.0091287260592209,0,4250,538907,low_default,10000000.0
Fin_fl_rl_prox_1,pure_rl,fl_rl_prox,11626809.528484564,10000000.0,11626809.528484285,1626809.5284842849,0.0,0.0,6.0,0.0,1358,1358,62,0.0456553755522827,47327850.05260457,142164.92152515144,0.0030038322333918,0.0142164921525151,0,4252,538907,low_default,10000000.0
Fin_fl_rl_prox_2,pure_rl,fl_rl_prox,12209853.277452072,10000000.0,12209853.277455373,2209853.2774553727,0.0,0.0,25.0,0.0,1284,1284,66,0.0514018691588785,45197134.87286982,129199.57468539124,0.0028585788689659,0.0129199574685391,0,4252,538907,low_default,10000000.0
Fin_fl_rl_prox_3,pure_rl,fl_rl_prox,19846466.5015093,10000000.0,19846466.501501296,9846466.501501296,0.0,0.0,9.0,0.0,5298,5298,34,0.0064175160437901,185261467.57269755,72042.7857264251,0.0003888708573365,0.0072042785726425,0,4252,538907,low_default,10000000.0
Fin_fl_rl_scaffold_1,pure_rl,fl_rl_scaffold,14749861.783670006,10000000.0,14749861.78366083,4749861.783660831,0.0,0.0,30.0,0.0,2972,2972,48,0.0161507402422611,104241833.928496,106520.75144633686,0.0010218618325479,0.0106520751446336,0,4244,538907,low_default,10000000.0
Fin_fl_rl_scaffold_2,pure_rl,fl_rl_scaffold,15327508.590398964,10000000.0,15327508.59040832,5327508.59040832,0.0,0.0,21.0,0.0,2930,2930,69,0.0235494880546075,102556583.42475422,134617.39188109967,0.0013126158008166,0.0134617391881099,0,4244,538907,low_default,10000000.0
Fin_fl_rl_scaffold_3,pure_rl,fl_rl_scaffold,14875819.865095424,10000000.0,14875819.865085425,4875819.865085425,0.0,0.0,28.0,0.0,2533,2533,35,0.0138176075799447,88446700.37968907,77992.90525820715,0.0008818068387333,0.0077992905258207,0,4244,538907,low_default,10000000.0
Fin_fl_rl_1,pure_rl,fl_rl,13031998.01816146,10000000.0,13031998.018160963,3031998.0181609634,0.0,0.0,14.0,0.0,1779,1779,105,0.0590219224283305,62117141.51867843,291500.4661469228,0.0046927540292444,0.0291500466146922,0,4251,538907,medium_default,10000000.0
Fin_fl_rl_2,pure_rl,fl_rl,14429542.834745249,10000000.0,14429542.83475444,4429542.834754439,0.0,0.0,13.0,0.0,2617,2617,211,0.080626671761559,92204790.90454468,479468.4220881101,0.0052000380607606,0.047946842208811,0,4251,538907,medium_default,10000000.0
Fin_fl_rl_3,pure_rl,fl_rl,16117318.002514329,10000000.0,16117318.00251224,6117318.002512241,0.0,0.0,14.0,0.0,3305,3305,81,0.0245083207261724,114890504.6346128,178755.6113453601,0.0015558780241575,0.017875561134536,0,4251,538907,medium_default,10000000.0
Fin_fl_rl_prox_1,pure_rl,fl_rl_prox,12980705.819722291,10000000.0,12980705.819720495,2980705.8197204955,0.0,0.0,12.0,0.0,1957,1957,85,0.0434338272866632,68142415.50549674,239862.77684315667,0.0035200216350388,0.0239862776843156,0,4260,538907,medium_default,10000000.0
Fin_fl_rl_prox_2,pure_rl,fl_rl_prox,11131346.10509313,10000000.0,11131346.105094625,1131346.1050946228,0.0,0.0,28.0,0.0,937,937,110,0.1173959445037353,33124962.42452766,234694.09318804627,0.0070851127370416,0.0234694093188046,0,4260,538907,medium_default,10000000.0
Fin_fl_rl_prox_3,pure_rl,fl_rl_prox,17543678.241164345,10000000.0,17543678.241162416,7543678.241162416,0.0,0.0,14.0,0.0,4282,4282,62,0.0144792153199439,149100063.48085234,140813.35865976533,0.0009444218558488,0.0140813358659765,0,4260,538907,medium_default,10000000.0
Fin_fl_rl_scaffold_1,pure_rl,fl_rl_scaffold,14335208.80432236,10000000.0,14335208.804322269,4335208.804322267,0.0,0.0,13.0,0.0,2768,2768,128,0.0462427745664739,96042546.17813264,329631.9533765004,0.0034321450908342,0.03296319533765,0,4249,538907,medium_default,10000000.0
Fin_fl_rl_scaffold_2,pure_rl,fl_rl_scaffold,13742010.971271873,10000000.0,13742010.97127179,3742010.971271791,0.0,0.0,12.0,0.0,2016,2016,123,0.0610119047619047,70557275.29770766,264560.9002689318,0.0037495906574148,0.0264560900268931,0,4249,538907,medium_default,10000000.0
Fin_fl_rl_scaffold_3,pure_rl,fl_rl_scaffold,14889506.659460915,10000000.0,14889506.659463797,4889506.659463795,0.0,0.0,18.0,0.0,2701,2701,54,0.019992595335061,94371598.48970976,120736.13131109484,0.0012793693573417,0.0120736131311094,0,4249,538907,medium_default,10000000.0
Fin_fl_rl_1,pure_rl,fl_rl,12174469.453787943,10000000.0,12174469.453791056,2174469.453791056,0.0,0.0,26.0,0.0,1510,1510,114,0.0754966887417218,52925057.07077749,393073.8004074444,0.0074269886923651,0.0393073800407444,0,4234,538907,high_default,10000000.0
Fin_fl_rl_2,pure_rl,fl_rl,13392491.589723544,10000000.0,13392491.589735214,3392491.5897352137,0.0,0.0,22.0,0.0,1875,1875,171,0.0912,65106886.283873655,444497.6792432362,0.0068271991583989,0.0444497679243236,0,4234,538907,high_default,10000000.0
Fin_fl_rl_3,pure_rl,fl_rl,13732746.279395614,10000000.0,13732746.279390002,3732746.2793900017,0.0,0.0,30.0,0.0,2105,2105,71,0.033729216152019,73713063.37756354,197258.88919555605,0.0026760370571655,0.0197258889195556,0,4234,538907,high_default,10000000.0
Fin_fl_rl_prox_1,pure_rl,fl_rl_prox,11729010.997813988,10000000.0,11729010.997819792,1729010.9978197925,0.0,0.0,22.0,0.0,1343,1343,128,0.0953090096798213,46809998.05486893,423299.6291255832,0.0090429319956263,0.0423299629125583,0,4266,538907,high_default,10000000.0
Fin_fl_rl_prox_2,pure_rl,fl_rl_prox,11619763.994340103,10000000.0,11619763.994342243,1619763.9943422433,0.0,0.0,22.0,0.0,1096,1096,171,0.1560218978102189,37912168.684258536,443262.3034442443,0.0116918213551917,0.0443262303444244,0,4266,538907,high_default,10000000.0
Fin_fl_rl_prox_3,pure_rl,fl_rl_prox,16136363.661265535,10000000.0,16136363.661255416,6136363.661255417,0.0,0.0,18.0,0.0,3999,3999,98,0.0245061265316329,139750997.22620875,283460.74415959395,0.0020283271660721,0.0283460744159593,0,4266,538907,high_default,10000000.0
Fin_fl_rl_scaffold_1,pure_rl,fl_rl_scaffold,12626659.76407004,10000000.0,12626659.764072731,2626659.764072731,0.0,0.0,21.0,0.0,1868,1868,125,0.066916488222698,65390154.84866873,415283.27443310525,0.0063508532040364,0.0415283274433105,0,4263,538907,high_default,10000000.0
Fin_fl_rl_scaffold_2,pure_rl,fl_rl_scaffold,11315251.23595376,10000000.0,11315251.23595228,1315251.2359522786,0.0,0.0,19.0,0.0,1104,1104,182,0.1648550724637681,38517582.211917885,463512.5644276009,0.0120337917857207,0.04635125644276,0,4263,538907,high_default,10000000.0
Fin_fl_rl_scaffold_3,pure_rl,fl_rl_scaffold,16255416.93508122,10000000.0,16255416.93507642,6255416.935076421,0.0,0.0,22.0,0.0,3420,3420,79,0.0230994152046783,119355318.863674,230325.74300046157,0.001929748461931,0.0230325743000461,0,4263,538907,high_default,10000000.0
Fin_fl_rl_1,pure_rl,fl_rl,5375854.209248438,1000000.0,5375854.209248358,4375854.209248358,0.0,0.0,6.0,0.0,2340,2340,0,0.0,80220348.63204202,0.0,0.0,0.0,0,4250,591237,none_default,1000000.0
Fin_fl_rl_2,pure_rl,fl_rl,6502659.315930962,1000000.0,6502659.315930572,5502659.315930572,0.0,0.0,6.0,0.0,2873,2873,0,0.0,99116462.64694013,0.0,0.0,0.0,0,4250,591237,none_default,1000000.0
Fin_fl_rl_3,pure_rl,fl_rl,5272006.496359664,1000000.0,5272006.496360109,4272006.496360109,0.0,0.0,6.0,0.0,2530,2530,0,0.0,82946451.78770599,0.0,0.0,0.0,0,4250,591237,none_default,1000000.0
Fin_fl_rl_prox_1,pure_rl,fl_rl_prox,6212660.548607094,1000000.0,6212660.548607388,5212660.548607388,0.0,0.0,6.0,0.0,2778,2778,0,0.0,94378047.11063153,0.0,0.0,0.0,0,4246,591237,none_default,1000000.0
Fin_fl_rl_prox_2,pure_rl,fl_rl_prox,5642074.262934683,1000000.0,5642074.262935405,4642074.262935405,0.0,0.0,6.0,0.0,2458,2458,0,0.0,84857603.05526327,0.0,0.0,0.0,0,4246,591237,none_default,1000000.0
Fin_fl_rl_prox_3,pure_rl,fl_rl_prox,5213571.531192663,1000000.0,5213571.531192869,4213571.531192869,0.0,0.0,6.0,0.0,2544,2544,0,0.0,83788003.93906908,0.0,0.0,0.0,0,4246,591237,none_default,1000000.0
Fin_fl_rl_scaffold_1,pure_rl,fl_rl_scaffold,4884134.521931682,1000000.0,4884134.521930789,3884134.5219307886,0.0,0.0,6.0,0.0,2432,2432,0,0.0,80117385.87697178,0.0,0.0,0.0,0,4256,591237,none_default,1000000.0
Fin_fl_rl_scaffold_2,pure_rl,fl_rl_scaffold,5405739.325189575,1000000.0,5405739.3251892,4405739.3251892,0.0,0.0,6.0,0.0,2410,2410,0,0.0,82431625.75450248,0.0,0.0,0.0,0,4256,591237,none_default,1000000.0
Fin_fl_rl_scaffold_3,pure_rl,fl_rl_scaffold,5907453.469764011,1000000.0,5907453.469764933,4907453.469764933,0.0,0.0,6.0,0.0,2670,2670,0,0.0,90325141.20105974,0.0,0.0,0.0,0,4256,591237,none_default,1000000.0
Fin_fl_rl_1,pure_rl,fl_rl,5485681.140653637,1000000.0,5485681.14065377,4485681.14065377,0.0,0.0,6.0,0.0,2516,2516,49,0.0194753577106518,85790084.40723252,108427.11882697575,0.0012638653939572,0.1084271188269757,0,4263,591237,low_default,1000000.0
Fin_fl_rl_2,pure_rl,fl_rl,4728592.698940143,1000000.0,4728592.698940616,3728592.698940616,0.0,0.0,6.0,0.0,2192,2192,124,0.0565693430656934,75234424.24544893,245903.22301837231,0.0032684934520948,0.2459032230183723,0,4263,591237,low_default,1000000.0
Fin_fl_rl_3,pure_rl,fl_rl,5975496.1871625325,1000000.0,5975496.187163561,4975496.187163561,0.0,0.0,6.0,0.0,2461,2461,20,0.008126777732629,83508573.03984167,38227.23202773306,0.0004577641628422,0.038227232027733,0,4263,591237,low_default,1000000.0
Fin_fl_rl_prox_1,pure_rl,fl_rl_prox,5006389.614197935,1000000.0,5006389.614198119,4006389.61419812,0.0,0.0,6.0,0.0,2104,2104,62,0.029467680608365,72255093.5219102,134141.1549373034,0.0018564941016459,0.1341411549373034,0,4265,591237,low_default,1000000.0
Fin_fl_rl_prox_2,pure_rl,fl_rl_prox,4655281.415942299,1000000.0,4655281.415942149,3655281.415942149,0.0,0.0,6.0,0.0,1990,1990,131,0.0658291457286432,68279694.1671052,250402.709733071,0.0036673086015916,0.250402709733071,0,4265,591237,low_default,1000000.0
Fin_fl_rl_prox_3,pure_rl,fl_rl_prox,6229053.545826207,1000000.0,6229053.545826366,5229053.545826366,0.0,0.0,6.0,0.0,2661,2661,44,0.0165351371664787,90024806.35292779,87358.54058973401,0.0009703829880761,0.087358540589734,0,4265,591237,low_default,1000000.0
Fin_fl_rl_scaffold_1,pure_rl,fl_rl_scaffold,5682492.45849102,1000000.0,5682492.458490836,4682492.458490836,0.0,0.0,6.0,0.0,2591,2591,53,0.0204554226167502,88979788.85555415,126645.71754152248,0.0014233088117023,0.1266457175415224,0,4247,591237,low_default,1000000.0
Fin_fl_rl_scaffold_2,pure_rl,fl_rl_scaffold,4691419.878022083,1000000.0,4691419.878022279,3691419.878022279,0.0,0.0,6.0,0.0,2118,2118,121,0.0571293673276676,73210755.84845608,254285.70212057352,0.0034733380249062,0.2542857021205735,0,4247,591237,low_default,1000000.0
Fin_fl_rl_scaffold_3,pure_rl,fl_rl_scaffold,6015787.485283985,1000000.0,6015787.4852838805,5015787.4852838805,0.0,0.0,6.0,0.0,2486,2486,20,0.0080450522928399,84341974.91333345,38227.23202773306,0.0004532408930074,0.038227232027733,0,4247,591237,low_default,1000000.0
Fin_fl_rl_1,pure_rl,fl_rl,4161381.474071456,1000000.0,4161381.474071319,3161381.474071319,0.0,0.0,9.0,0.0,1804,1804,43,0.0238359201773835,62422985.54966856,120315.67745014474,0.0019274258735095,0.1203156774501447,0,4251,591237,medium_default,1000000.0
Fin_fl_rl_2,pure_rl,fl_rl,4177130.167905351,1000000.0,4177130.167905238,3177130.167905238,0.0,0.0,6.0,0.0,1944,1944,76,0.0390946502057613,65976432.42282589,155070.8085134455,0.0023503969950911,0.1550708085134454,0,4251,591237,medium_default,1000000.0
Fin_fl_rl_3,pure_rl,fl_rl,5753145.723936628,1000000.0,5753145.723936128,4753145.723936128,0.0,0.0,6.0,0.0,2620,2620,16,0.0061068702290076,88752164.65233725,35221.65274611043,0.0003968540134663,0.0352216527461104,0,4251,591237,medium_default,1000000.0
Fin_fl_rl_prox_1,pure_rl,fl_rl_prox,4033402.176676855,1000000.0,4033402.176676804,3033402.176676804,0.0,0.0,9.0,0.0,1937,1937,63,0.0325245224574083,66647794.73965041,177715.81853433102,0.002666492105681,0.177715818534331,0,4250,591237,medium_default,1000000.0
Fin_fl_rl_prox_2,pure_rl,fl_rl_prox,3715512.7528399234,1000000.0,3715512.7528400337,2715512.7528400337,0.0,0.0,6.0,0.0,1919,1919,83,0.0432516935904116,64906029.66979611,172012.90679362335,0.0026501837759715,0.1720129067936233,0,4250,591237,medium_default,1000000.0
Fin_fl_rl_prox_3,pure_rl,fl_rl_prox,5515425.702492464,1000000.0,5515425.702491781,4515425.702491781,0.0,0.0,6.0,0.0,2655,2655,17,0.0064030131826741,90705739.32138118,37715.82335102892,0.0004158041556488,0.0377158233510289,0,4250,591237,medium_default,1000000.0
Fin_fl_rl_scaffold_1,pure_rl,fl_rl_scaffold,4316905.081383494,1000000.0,4316905.0813831845,3316905.0813831845,0.0,0.0,9.0,0.0,1934,1934,41,0.0211995863495346,66511566.90120524,116808.63369523206,0.001756215334225,0.116808633695232,0,4267,591237,medium_default,1000000.0
Fin_fl_rl_scaffold_2,pure_rl,fl_rl_scaffold,3889212.288992945,1000000.0,3889212.2889925786,2889212.2889925786,0.0,0.0,6.0,0.0,2086,2086,108,0.0517737296260786,69765108.01617984,230513.86027769695,0.0033041425267231,0.230513860277697,0,4267,591237,medium_default,1000000.0
Fin_fl_rl_scaffold_3,pure_rl,fl_rl_scaffold,4752625.837580847,1000000.0,4752625.837580079,3752625.837580079,0.0,0.0,6.0,0.0,2112,2112,19,0.0089962121212121,73091570.87532805,37218.53342442434,0.0005092041801633,0.0372185334244243,0,4267,591237,medium_default,1000000.0
Fin_fl_rl_1,pure_rl,fl_rl,3303203.476945939,1000000.0,3303203.476946171,2303203.476946171,0.0,0.0,7.0,0.0,1397,1397,97,0.0694345025053686,48579319.31944832,299258.2948579383,0.0061601994233404,0.2992582948579383,0,4248,591237,high_default,1000000.0
Fin_fl_rl_2,pure_rl,fl_rl,4723243.555298418,1000000.0,4723243.555298073,3723243.555298073,0.0,0.0,11.0,0.0,2120,2120,104,0.0490566037735849,73182599.00381021,290721.5058303763,0.0039725496195515,0.2907215058303763,0,4248,591237,high_default,1000000.0
Fin_fl_rl_3,pure_rl,fl_rl,5177302.977193019,1000000.0,5177302.97719429,4177302.9771942897,0.0,0.0,6.0,0.0,2112,2112,47,0.0222537878787878,72200961.46781524,126528.14383666724,0.001752444029337,0.1265281438366672,0,4248,591237,high_default,1000000.0
Fin_fl_rl_prox_1,pure_rl,fl_rl_prox,3303203.476945939,1000000.0,3303203.476946171,2303203.476946171,0.0,0.0,7.0,0.0,1397,1397,97,0.0694345025053686,48579319.31944832,299258.2948579383,0.0061601994233404,0.2992582948579383,0,4248,591237,high_default,1000000.0
Fin_fl_rl_prox_2,pure_rl,fl_rl_prox,4723243.555298418,1000000.0,4723243.555298073,3723243.555298073,0.0,0.0,11.0,0.0,2120,2120,104,0.0490566037735849,73182599.00381021,290721.5058303763,0.0039725496195515,0.2907215058303763,0,4248,591237,high_default,1000000.0
Fin_fl_rl_prox_3,pure_rl,fl_rl_prox,5177302.977193019,1000000.0,5177302.97719429,4177302.9771942897,0.0,0.0,6.0,0.0,2112,2112,47,0.0222537878787878,72200961.46781524,126528.14383666724,0.001752444029337,0.1265281438366672,0,4248,591237,high_default,1000000.0
Fin_fl_rl_scaffold_1,pure_rl,fl_rl_scaffold,3774255.123047352,1000000.0,3774255.123046943,2774255.123046943,0.0,0.0,7.0,0.0,1761,1761,110,0.0624645088018171,61547917.16311024,355199.5507149975,0.0057711059461796,0.3551995507149975,0,4256,591237,high_default,1000000.0
Fin_fl_rl_scaffold_2,pure_rl,fl_rl_scaffold,4059467.995874867,1000000.0,4059467.9958745344,3059467.9958745344,0.0,0.0,7.0,0.0,1857,1857,139,0.0748519116855142,65455884.852261394,364825.1606739025,0.0055736036797507,0.3648251606739024,0,4256,591237,high_default,1000000.0
Fin_fl_rl_scaffold_3,pure_rl,fl_rl_scaffold,4059618.562918098,1000000.0,4059618.5629179887,3059618.5629179887,0.0,0.0,6.0,0.0,2050,2050,76,0.0370731707317073,66683028.45115196,194062.08728013167,0.0029102170640358,0.1940620872801316,0,4256,591237,high_default,1000000.0
Fin_fl_rl_1,pure_rl,fl_rl,7387373.288341684,5000000.0,7387373.288341878,2387373.288341878,0.0,0.0,9.0,0.0,2356,2356,0,0.0,82603659.5482913,0.0,0.0,0.0,0,4246,591237,none_default,5000000.0
Fin_fl_rl_2,pure_rl,fl_rl,11400434.708549907,5000000.0,11400434.708551612,6400434.708551612,0.0,0.0,6.0,0.0,5576,5576,0,0.0,194013158.31446496,0.0,0.0,0.0,0,4246,591237,none_default,5000000.0
Fin_fl_rl_3,pure_rl,fl_rl,7837363.614589678,5000000.0,7837363.614590062,2837363.614590062,0.0,0.0,8.0,0.0,2440,2440,0,0.0,84988117.14182338,0.0,0.0,0.0,0,4246,591237,none_default,5000000.0
Fin_fl_rl_prox_1,pure_rl,fl_rl_prox,6122938.929167329,5000000.0,6122938.92916739,1122938.92916739,0.0,0.0,27.0,0.0,1252,1252,0,0.0,43663887.37860141,0.0,0.0,0.0,0,4244,591237,none_default,5000000.0
Fin_fl_rl_prox_2,pure_rl,fl_rl_prox,9994149.134258823,5000000.0,9994149.134257466,4994149.134257466,0.0,0.0,11.0,0.0,3729,3729,0,0.0,130070342.57252784,0.0,0.0,0.0,0,4244,591237,none_default,5000000.0
Fin_fl_rl_prox_3,pure_rl,fl_rl_prox,11891968.076884683,5000000.0,11891968.076887302,6891968.076887302,0.0,0.0,6.0,0.0,5379,5379,0,0.0,188966513.0282657,0.0,0.0,0.0,0,4244,591237,none_default,5000000.0
Fin_fl_rl_scaffold_1,pure_rl,fl_rl_scaffold,10365906.441253869,5000000.0,10365906.44125513,5365906.44125513,0.0,0.0,6.0,0.0,4188,4188,0,0.0,145755174.35738617,0.0,0.0,0.0,0,4248,591237,none_default,5000000.0
Fin_fl_rl_scaffold_2,pure_rl,fl_rl_scaffold,8908075.637611113,5000000.0,8908075.637609914,3908075.637609914,0.0,0.0,12.0,0.0,3770,3770,0,0.0,131116769.54963318,0.0,0.0,0.0,0,4248,591237,none_default,5000000.0
Fin_fl_rl_scaffold_3,pure_rl,fl_rl_scaffold,7501013.012091255,5000000.0,7501013.01209266,2501013.01209266,0.0,0.0,12.0,0.0,2419,2419,0,0.0,84906333.02604793,0.0,0.0,0.0,0,4248,591237,none_default,5000000.0
Fin_fl_rl_1,pure_rl,fl_rl,9445845.952026002,5000000.0,9445845.952024495,4445845.952024495,0.0,0.0,21.0,0.0,2995,2995,149,0.0497495826377295,104888168.25858156,346406.51500042656,0.0033026271766556,0.0692813030000853,0,4244,591237,low_default,5000000.0
Fin_fl_rl_2,pure_rl,fl_rl,9064423.878119476,5000000.0,9064423.8781218,4064423.8781218007,0.0,0.0,14.0,0.0,2334,2334,102,0.0437017994858611,81415366.81193903,209481.29046021056,0.0025729944930923,0.0418962580920421,0,4244,591237,low_default,5000000.0
Fin_fl_rl_3,pure_rl,fl_rl,11129037.853922736,5000000.0,11129037.853920646,6129037.853920646,0.0,0.0,18.0,0.0,3406,3406,79,0.0231943628890193,119365870.24293606,167365.08634588186,0.0014021184280335,0.0334730172691763,0,4244,591237,low_default,5000000.0
Fin_fl_rl_prox_1,pure_rl,fl_rl_prox,9903354.72340473,5000000.0,9903354.72340287,4903354.723402871,0.0,0.0,14.0,0.0,3211,3211,171,0.0532544378698224,112215338.1551885,371255.6297065108,0.0033084214315968,0.0742511259413021,0,4255,591237,low_default,5000000.0
Fin_fl_rl_prox_2,pure_rl,fl_rl_prox,6248328.244532391,5000000.0,6248328.244531791,1248328.2445317907,0.0,0.0,20.0,0.0,911,911,109,0.119648737650933,32089527.376214333,218322.77167459577,0.0068035521095403,0.0436645543349191,0,4255,591237,low_default,5000000.0
Fin_fl_rl_prox_3,pure_rl,fl_rl_prox,12989840.109668477,5000000.0,12989840.109667951,7989840.109667953,0.0,0.0,16.0,0.0,4533,4533,100,0.0220604456210015,158204630.82185578,207139.0071704815,0.0013093106446658,0.0414278014340963,0,4255,591237,low_default,5000000.0
Fin_fl_rl_scaffold_1,pure_rl,fl_rl_scaffold,6791133.709525478,5000000.0,6791133.709523928,1791133.7095239284,0.0,0.0,17.0,0.0,1103,1103,50,0.0453309156844968,38087148.58163736,108340.08429338082,0.0028445312481495,0.0216680168586761,0,4265,591237,low_default,5000000.0
Fin_fl_rl_scaffold_2,pure_rl,fl_rl_scaffold,8975315.983637601,5000000.0,8975315.983644608,3975315.983644608,0.0,0.0,12.0,0.0,2513,2513,105,0.0417827298050139,88252676.6090492,224373.1142519826,0.0025423944391617,0.0448746228503965,0,4265,591237,low_default,5000000.0
Fin_fl_rl_scaffold_3,pure_rl,fl_rl_scaffold,14985650.502964351,5000000.0,14985650.502969984,9985650.502969984,0.0,0.0,17.0,0.0,5264,5264,49,0.0093085106382978,183868164.75539848,108560.76633025048,0.0005904272035056,0.02171215326605,0,4265,591237,low_default,5000000.0
Fin_fl_rl_1,pure_rl,fl_rl,10242734.588409634,5000000.0,10242734.588410871,5242734.588410871,0.0,0.0,9.0,0.0,2928,2928,149,0.0508879781420765,100936321.1197116,380902.8668140173,0.0037736947670428,0.0761805733628034,0,4263,591237,medium_default,5000000.0
Fin_fl_rl_2,pure_rl,fl_rl,7473045.145651856,5000000.0,7473045.145648146,2473045.145648146,0.0,0.0,10.0,0.0,1474,1474,160,0.1085481682496607,51879140.379921846,362922.59855189774,0.0069955399394465,0.0725845197103795,0,4263,591237,medium_default,5000000.0
Fin_fl_rl_3,pure_rl,fl_rl,10106774.943532148,5000000.0,10106774.943530824,5106774.943530824,0.0,0.0,14.0,0.0,2852,2852,106,0.0371669004207573,99135834.01453212,248445.65470402956,0.0025061135277039,0.0496891309408059,0,4263,591237,medium_default,5000000.0
Fin_fl_rl_prox_1,pure_rl,fl_rl_prox,8859939.28431705,5000000.0,8859939.284319192,3859939.284319192,0.0,0.0,17.0,0.0,2538,2538,159,0.0626477541371158,88965034.10284692,401150.2263791182,0.0045090774192855,0.0802300452758236,0,4244,591237,medium_default,5000000.0
Fin_fl_rl_prox_2,pure_rl,fl_rl_prox,7776335.251588722,5000000.0,7776335.251589069,2776335.251589069,0.0,0.0,16.0,0.0,1858,1858,263,0.1415500538213132,65224586.47352549,597480.7458310318,0.0091603608107741,0.1194961491662063,0,4244,591237,medium_default,5000000.0
Fin_fl_rl_prox_3,pure_rl,fl_rl_prox,10544719.642365543,5000000.0,10544719.642365225,5544719.642365223,0.0,0.0,9.0,0.0,3481,3481,106,0.0304510198218902,121291631.34355642,227704.45665663312,0.0018773303164804,0.0455408913313266,0,4244,591237,medium_default,5000000.0
Fin_fl_rl_scaffold_1,pure_rl,fl_rl_scaffold,8848875.914830144,5000000.0,8848875.914829489,3848875.914829489,0.0,0.0,15.0,0.0,2392,2392,167,0.0698160535117056,83284869.58456787,424127.806255549,0.0050924952920156,0.0848255612511098,0,4245,591237,medium_default,5000000.0
Fin_fl_rl_scaffold_2,pure_rl,fl_rl_scaffold,8591407.719529906,5000000.0,8591407.719530966,3591407.719530966,0.0,0.0,10.0,0.0,2443,2443,196,0.0802292263610315,85465386.24934718,436047.2990008038,0.0051020339126371,0.0872094598001607,0,4245,591237,medium_default,5000000.0
Fin_fl_rl_scaffold_3,pure_rl,fl_rl_scaffold,10348044.047740197,5000000.0,10348044.04773785,5348044.04773785,0.0,0.0,17.0,0.0,3150,3150,111,0.0352380952380952,109754730.12219971,234085.17746934775,0.0021328026337335,0.0468170354938695,0,4245,591237,medium_default,5000000.0
Fin_fl_rl_1,pure_rl,fl_rl,7922105.468357555,5000000.0,7922105.468357977,2922105.468357977,0.0,0.0,16.0,0.0,2009,2009,137,0.0681931309109009,70278594.52031823,469493.0478185999,0.0066804558489408,0.0938986095637199,0,4266,591237,high_default,5000000.0
Fin_fl_rl_2,pure_rl,fl_rl,7953404.090951101,5000000.0,7953404.090947757,2953404.090947757,0.0,0.0,13.0,0.0,2154,2154,178,0.0826369545032497,74903338.06667177,480887.4870763244,0.0064201075611381,0.0961774974152648,0,4266,591237,high_default,5000000.0
Fin_fl_rl_3,pure_rl,fl_rl,9694771.578854213,5000000.0,9694771.578855729,4694771.578855727,0.0,0.0,19.0,0.0,2696,2696,110,0.0408011869436201,93791187.91260707,327131.52869609173,0.0034878706195821,0.0654263057392183,0,4266,591237,high_default,5000000.0
Fin_fl_rl_prox_1,pure_rl,fl_rl_prox,7422769.520666425,5000000.0,7422769.520667402,2422769.520667402,0.0,0.0,18.0,0.0,1670,1670,136,0.081437125748503,58177163.66521399,473980.8121088832,0.0081471969798399,0.0947961624217766,0,4273,591237,high_default,5000000.0
Fin_fl_rl_prox_2,pure_rl,fl_rl_prox,7473324.418434322,5000000.0,7473324.418437242,2473324.4184372425,0.0,0.0,9.0,0.0,1893,1893,192,0.1014263074484944,66064707.90014577,517066.5706578074,0.007826668535935,0.1034133141315614,0,4273,591237,high_default,5000000.0
Fin_fl_rl_prox_3,pure_rl,fl_rl_prox,10762177.871041773,5000000.0,10762177.871042702,5762177.871042702,0.0,0.0,15.0,0.0,3364,3364,114,0.0338882282996432,117476593.15088226,342257.7549187137,0.0029134123295449,0.0684515509837427,0,4273,591237,high_default,5000000.0
Fin_fl_rl_scaffold_1,pure_rl,fl_rl_scaffold,7989914.586089237,5000000.0,7989914.586084906,2989914.586084906,0.0,0.0,12.0,0.0,2228,2228,159,0.0713644524236983,77547040.27719006,553231.788666869,0.0071341444713989,0.1106463577333738,0,4259,591237,high_default,5000000.0
Fin_fl_rl_scaffold_2,pure_rl,fl_rl_scaffold,8068849.588869716,5000000.0,8068849.58886781,3068849.5888678096,0.0,0.0,17.0,0.0,2535,2535,251,0.0990138067061144,88777027.68710473,639737.8086373415,0.007206118804654,0.1279475617274683,0,4259,591237,high_default,5000000.0
Fin_fl_rl_scaffold_3,pure_rl,fl_rl_scaffold,8014316.732807375,5000000.0,8014316.732808061,3014316.732808061,0.0,0.0,21.0,0.0,2309,2309,110,0.0476396708531831,81077536.6198299,303395.73761298554,0.0037420443474448,0.0606791475225971,0,4259,591237,high_default,5000000.0
Fin_fl_rl_1,pure_rl,fl_rl,12352758.415737228,10000000.0,12352758.415734809,2352758.415734809,0.0,0.0,10.0,0.0,2371,2371,0,0.0,82557024.97966377,0.0,0.0,0.0,0,4256,591237,none_default,10000000.0
Fin_fl_rl_2,pure_rl,fl_rl,13567160.00261713,10000000.0,13567160.002606716,3567160.002606716,0.0,0.0,8.0,0.0,3525,3525,0,0.0,122819596.8822658,0.0,0.0,0.0,0,4256,591237,none_default,10000000.0
Fin_fl_rl_3,pure_rl,fl_rl,14330532.749036398,10000000.0,14330532.749031143,4330532.749031145,0.0,0.0,8.0,0.0,4481,4481,0,0.0,156530374.17279205,0.0,0.0,0.0,0,4256,591237,none_default,10000000.0
Fin_fl_rl_prox_1,pure_rl,fl_rl_prox,14773944.627060344,10000000.0,14773944.627060257,4773944.627060257,0.0,0.0,10.0,0.0,4735,4735,0,0.0,165386421.74069092,0.0,0.0,0.0,0,4261,591237,none_default,10000000.0
Fin_fl_rl_prox_2,pure_rl,fl_rl_prox,11142038.288692588,10000000.0,11142038.288695017,1142038.288695015,0.0,0.0,10.0,0.0,1125,1125,0,0.0,39550932.16272383,0.0,0.0,0.0,0,4261,591237,none_default,10000000.0
Fin_fl_rl_prox_3,pure_rl,fl_rl_prox,14246959.882823387,10000000.0,14246959.882820971,4246959.882820971,0.0,0.0,8.0,0.0,4543,4543,0,0.0,158172418.77380583,0.0,0.0,0.0,0,4261,591237,none_default,10000000.0
Fin_fl_rl_scaffold_1,pure_rl,fl_rl_scaffold,14855543.600053074,10000000.0,14855543.600055318,4855543.600055318,0.0,0.0,20.0,0.0,3890,3890,0,0.0,136000667.92828605,0.0,0.0,0.0,0,4256,591237,none_default,10000000.0
Fin_fl_rl_scaffold_2,pure_rl,fl_rl_scaffold,15090984.2593953,10000000.0,15090984.259401074,5090984.259401074,0.0,0.0,10.0,0.0,3555,3555,0,0.0,124469137.225692,0.0,0.0,0.0,0,4256,591237,none_default,10000000.0
Fin_fl_rl_scaffold_3,pure_rl,fl_rl_scaffold,13736322.044117624,10000000.0,13736322.044122843,3736322.044122845,0.0,0.0,16.0,0.0,2916,2916,0,0.0,101115797.91279148,0.0,0.0,0.0,0,4256,591237,none_default,10000000.0
Fin_fl_rl_1,pure_rl,fl_rl,13687568.51357196,10000000.0,13687568.51357156,3687568.51357156,0.0,0.0,16.0,0.0,2025,2025,47,0.0232098765432098,70631296.5201935,97779.2301826064,0.0013843612534374,0.0097779230182606,0,4249,591237,low_default,10000000.0
Fin_fl_rl_2,pure_rl,fl_rl,14865198.631581277,10000000.0,14865198.631582294,4865198.631582294,0.0,0.0,13.0,0.0,3241,3241,190,0.0586238815180499,114143458.88802184,455384.7424486238,0.0039895824682811,0.0455384742448623,0,4249,591237,low_default,10000000.0
Fin_fl_rl_3,pure_rl,fl_rl,16376120.958692417,10000000.0,16376120.95869538,6376120.95869538,0.0,0.0,21.0,0.0,3273,3273,39,0.0119156736938588,114501409.2404553,83648.76600630075,0.0007305479169311,0.00836487660063,0,4249,591237,low_default,10000000.0
Fin_fl_rl_prox_1,pure_rl,fl_rl_prox,12618125.59059729,10000000.0,12618125.590603083,2618125.590603085,0.0,0.0,17.0,0.0,1411,1411,44,0.0311835577604535,49514325.22148629,89941.66422865436,0.001816477632005,0.0089941664228654,0,4255,591237,low_default,10000000.0
Fin_fl_rl_prox_2,pure_rl,fl_rl_prox,15877656.041515924,10000000.0,15877656.041518666,5877656.041518666,0.0,0.0,17.0,0.0,3874,3874,175,0.0451729478575116,134909236.05861422,412703.3618925841,0.0030591186634047,0.0412703361892584,0,4255,591237,low_default,10000000.0
Fin_fl_rl_prox_3,pure_rl,fl_rl_prox,17100541.209260006,10000000.0,17100541.20926741,7100541.209267411,0.0,0.0,19.0,0.0,3735,3735,55,0.0147255689424364,131308522.15985748,120858.34732016629,0.0009204151058301,0.0120858347320166,0,4255,591237,low_default,10000000.0
Fin_fl_rl_scaffold_1,pure_rl,fl_rl_scaffold,15025054.973263407,10000000.0,15025054.973257652,5025054.973257653,0.0,0.0,15.0,0.0,3207,3207,78,0.0243217960710944,112260429.79690184,176064.10410905775,0.0015683540890373,0.0176064104109057,0,4247,591237,low_default,10000000.0
Fin_fl_rl_scaffold_2,pure_rl,fl_rl_scaffold,14557206.909937872,10000000.0,14557206.90994428,4557206.909944279,0.0,0.0,17.0,0.0,2969,2969,143,0.0481643651060963,104036924.65452754,321295.2747532005,0.0030882811638282,0.03212952747532,0,4247,591237,low_default,10000000.0
Fin_fl_rl_scaffold_3,pure_rl,fl_rl_scaffold,14214007.103819313,10000000.0,14214007.1038188,4214007.1038188,0.0,0.0,25.0,0.0,2275,2275,45,0.0197802197802197,79648430.1554785,100089.80955861114,0.0012566451010174,0.0100089809558611,0,4247,591237,low_default,10000000.0
Fin_fl_rl_1,pure_rl,fl_rl,12719211.275780044,10000000.0,12719211.275785131,2719211.2757851314,0.0,0.0,11.0,0.0,1723,1723,96,0.0557167730702263,60247899.810523145,255423.3924128247,0.0042395401867304,0.0255423392412824,0,4298,591237,medium_default,10000000.0
Fin_fl_rl_2,pure_rl,fl_rl,13186799.233341498,10000000.0,13186799.233340254,3186799.233340254,0.0,0.0,10.0,0.0,2232,2232,344,0.1541218637992831,78190813.27155371,805838.2592725649,0.0103060478022388,0.0805838259272564,0,4298,591237,medium_default,10000000.0
Fin_fl_rl_3,pure_rl,fl_rl,18066532.299237534,10000000.0,18066532.29925069,8066532.299250692,0.0,0.0,14.0,0.0,4300,4300,123,0.0286046511627907,150655502.61132064,273173.94737519167,0.001813235777255,0.0273173947375191,0,4298,591237,medium_default,10000000.0
Fin_fl_rl_prox_1,pure_rl,fl_rl_prox,13012618.89430719,10000000.0,13012618.894309727,3012618.8943097275,0.0,0.0,13.0,0.0,1853,1853,94,0.0507285483000539,64830002.96801899,268527.3447883433,0.0041420227131689,0.0268527344788343,0,4247,591237,medium_default,10000000.0
Fin_fl_rl_prox_2,pure_rl,fl_rl_prox,13736631.47767181,10000000.0,13736631.477675952,3736631.477675952,0.0,0.0,13.0,0.0,2291,2291,262,0.1143605412483631,80550947.71435447,620587.7443925886,0.0077042885527962,0.0620587744392588,0,4247,591237,medium_default,10000000.0
Fin_fl_rl_prox_3,pure_rl,fl_rl_prox,16818803.23876973,10000000.0,16818803.238771446,6818803.238771446,0.0,0.0,18.0,0.0,3738,3738,116,0.0310326377742108,131575323.06331244,265808.47831685696,0.0020202000810513,0.0265808478316856,0,4247,591237,medium_default,10000000.0
Fin_fl_rl_scaffold_1,pure_rl,fl_rl_scaffold,13328145.071031809,10000000.0,13328145.071029345,3328145.0710293427,0.0,0.0,9.0,0.0,2010,2010,78,0.0388059701492537,71167970.31783044,219045.10097903383,0.0030778607286507,0.0219045100979033,0,4271,591237,medium_default,10000000.0
Fin_fl_rl_scaffold_2,pure_rl,fl_rl_scaffold,11416420.6624038,10000000.0,11416420.66240364,1416420.6624036394,0.0,0.0,23.0,0.0,1286,1286,262,0.2037325038880248,45770324.0009172,587630.9884983957,0.012838689725828,0.0587630988498395,0,4271,591237,medium_default,10000000.0
Fin_fl_rl_scaffold_3,pure_rl,fl_rl_scaffold,18469641.29816477,10000000.0,18469641.298169177,8469641.298169177,0.0,0.0,14.0,0.0,4739,4739,135,0.028487022578603,166166610.17212903,322429.0621936059,0.001940396219551,0.0322429062193605,0,4271,591237,medium_default,10000000.0
Fin_fl_rl_1,pure_rl,fl_rl,10865250.551298195,10000000.0,10865250.551295562,865250.5512955617,0.0,0.0,29.0,0.0,878,878,128,0.1457858769931662,30712345.42266689,454895.9568042914,0.0148115017118998,0.0454895956804291,0,4238,591237,high_default,10000000.0
Fin_fl_rl_2,pure_rl,fl_rl,12816731.825783271,10000000.0,12816731.825784665,2816731.8257846627,0.0,0.0,16.0,0.0,2016,2016,193,0.0957341269841269,70776992.8875692,526212.5445319986,0.0074347965781464,0.0526212544531998,0,4238,591237,high_default,10000000.0
Fin_fl_rl_3,pure_rl,fl_rl,14878037.60378836,10000000.0,14878037.603793332,4878037.603793332,0.0,0.0,22.0,0.0,3008,3008,101,0.0335771276595744,104776496.14515696,274825.4915420179,0.0026229689067028,0.0274825491542017,0,4238,591237,high_default,10000000.0
Fin_fl_rl_prox_1,pure_rl,fl_rl_prox,12233146.121835891,10000000.0,12233146.121834893,2233146.121834893,0.0,0.0,29.0,0.0,1842,1842,149,0.0808903365906623,64380343.97252824,528079.9066581249,0.0082025021003842,0.0528079906658124,0,4255,591237,high_default,10000000.0
Fin_fl_rl_prox_2,pure_rl,fl_rl_prox,12802252.886275193,10000000.0,12802252.886274204,2802252.886274204,0.0,0.0,13.0,0.0,2216,2216,216,0.0974729241877256,77226009.63759868,573359.2043224005,0.0074244313154729,0.05733592043224,0,4255,591237,high_default,10000000.0
Fin_fl_rl_prox_3,pure_rl,fl_rl_prox,14029049.784251915,10000000.0,14029049.784250636,4029049.784250636,0.0,0.0,21.0,0.0,2759,2759,107,0.0387821674519753,96203658.8718445,310278.98287622555,0.0032252305838965,0.0310278982876225,0,4255,591237,high_default,10000000.0
Fin_fl_rl_scaffold_1,pure_rl,fl_rl_scaffold,13443924.857088633,10000000.0,13443924.857088516,3443924.8570885155,0.0,0.0,16.0,0.0,2241,2241,157,0.0700580098170459,78639766.7185362,558708.5479138452,0.0071046567306531,0.0558708547913845,0,4242,591237,high_default,10000000.0
Fin_fl_rl_scaffold_2,pure_rl,fl_rl_scaffold,10800466.199989634,10000000.0,10800466.199989827,800466.1999898273,0.0,0.0,25.0,0.0,973,973,202,0.2076053442959917,33533649.78060898,530511.4982846469,0.0158202731213414,0.0530511498284646,0,4242,591237,high_default,10000000.0
Fin_fl_rl_scaffold_3,pure_rl,fl_rl_scaffold,16121267.50542771,10000000.0,16121267.505423766,6121267.505423766,0.0,0.0,19.0,0.0,3531,3531,111,0.0314358538657604,123214732.6887156,329175.3827930128,0.0026715586327215,0.0329175382793012,0,4242,591237,high_default,10000000.0
Fin_fl_rl_1,pure_rl,fl_rl,5579614.633645407,1000000.0,5579614.633645262,4579614.633645262,0.0,0.0,6.0,0.0,2836,2836,0,0.0,92280775.974322,0.0,0.0,0.0,0,4250,647701,none_default,1000000.0
Fin_fl_rl_2,pure_rl,fl_rl,5178361.605571245,1000000.0,5178361.605572777,4178361.605572777,0.0,0.0,6.0,0.0,2355,2355,0,0.0,82275296.56500173,0.0,0.0,0.0,0,4250,647701,none_default,1000000.0
Fin_fl_rl_3,pure_rl,fl_rl,6338203.444896813,1000000.0,6338203.44489662,5338203.44489662,0.0,0.0,6.0,0.0,2887,2887,0,0.0,100200160.05200753,0.0,0.0,0.0,0,4250,647701,none_default,1000000.0
Fin_fl_rl_prox_1,pure_rl,fl_rl_prox,5702156.757589663,1000000.0,5702156.757589486,4702156.757589486,0.0,0.0,6.0,0.0,2857,2857,0,0.0,93396151.53084949,0.0,0.0,0.0,0,4249,647701,none_default,1000000.0
Fin_fl_rl_prox_2,pure_rl,fl_rl_prox,5498772.61763065,1000000.0,5498772.617630568,4498772.617630568,0.0,0.0,6.0,0.0,2284,2284,0,0.0,80534873.2598814,0.0,0.0,0.0,0,4249,647701,none_default,1000000.0
Fin_fl_rl_prox_3,pure_rl,fl_rl_prox,6212665.309226396,1000000.0,6212665.309226482,5212665.309226482,0.0,0.0,6.0,0.0,2919,2919,0,0.0,100185044.1890663,0.0,0.0,0.0,0,4249,647701,none_default,1000000.0
Fin_fl_rl_scaffold_1,pure_rl,fl_rl_scaffold,5174155.15638992,1000000.0,5174155.156389928,4174155.156389928,0.0,0.0,6.0,0.0,2834,2834,0,0.0,91372536.96454422,0.0,0.0,0.0,0,4248,647701,none_default,1000000.0
Fin_fl_rl_scaffold_2,pure_rl,fl_rl_scaffold,5549147.682043507,1000000.0,5549147.682044048,4549147.682044048,0.0,0.0,6.0,0.0,2532,2532,0,0.0,88978299.7802732,0.0,0.0,0.0,0,4248,647701,none_default,1000000.0
Fin_fl_rl_scaffold_3,pure_rl,fl_rl_scaffold,5539006.675815485,1000000.0,5539006.675815666,4539006.675815666,0.0,0.0,6.0,0.0,2636,2636,0,0.0,91176632.07067084,0.0,0.0,0.0,0,4248,647701,none_default,1000000.0
Fin_fl_rl_1,pure_rl,fl_rl,3909048.3833130063,1000000.0,3909048.383312935,2909048.3833129345,0.0,0.0,6.0,0.0,1758,1758,31,0.0176336746302616,61007274.60845007,69276.8652288872,0.0011355508941107,0.0692768652288872,0,4251,647701,low_default,1000000.0
Fin_fl_rl_2,pure_rl,fl_rl,4722035.247089458,1000000.0,4722035.247088976,3722035.247088976,0.0,0.0,6.0,0.0,1860,1860,33,0.0177419354838709,65391822.32299387,58873.66195522314,0.000900321475435,0.0588736619552231,0,4251,647701,low_default,1000000.0
Fin_fl_rl_3,pure_rl,fl_rl,6372358.468083802,1000000.0,6372358.468083125,5372358.468083125,0.0,0.0,6.0,0.0,3045,3045,16,0.0052545155993431,101843500.32706104,32135.12636160617,0.0003155343861749,0.0321351263616061,0,4251,647701,low_default,1000000.0
Fin_fl_rl_prox_1,pure_rl,fl_rl_prox,4703761.877869771,1000000.0,4703761.877870309,3703761.877870309,0.0,0.0,6.0,0.0,1967,1967,10,0.0050838840874428,68201352.08902052,20929.56294572053,0.0003068790031963,0.0209295629457205,0,4243,647701,low_default,1000000.0
Fin_fl_rl_prox_2,pure_rl,fl_rl_prox,4688071.930725619,1000000.0,4688071.930726125,3688071.930726125,0.0,0.0,6.0,0.0,2168,2168,46,0.0212177121771217,74518319.87908606,83251.97546062725,0.0011172014559065,0.0832519754606272,0,4243,647701,low_default,1000000.0
Fin_fl_rl_prox_3,pure_rl,fl_rl_prox,4509000.899551398,1000000.0,4509000.899551418,3509000.8995514177,0.0,0.0,6.0,0.0,1906,1906,17,0.008919202518363,64767213.4435797,32119.355846025195,0.0004959199900425,0.0321193558460252,0,4243,647701,low_default,1000000.0
Fin_fl_rl_scaffold_1,pure_rl,fl_rl_scaffold,4419596.849842121,1000000.0,4419596.849841658,3419596.849841658,0.0,0.0,6.0,0.0,2325,2325,40,0.0172043010752688,77921624.84234814,81707.55825059461,0.0010485864279127,0.0817075582505946,0,4259,647701,low_default,1000000.0
Fin_fl_rl_scaffold_2,pure_rl,fl_rl_scaffold,4495672.630636487,1000000.0,4495672.630637393,3495672.6306373933,0.0,0.0,6.0,0.0,2000,2000,51,0.0255,70404744.95013581,93280.75921925592,0.0013249214848419,0.0932807592192559,0,4259,647701,low_default,1000000.0
Fin_fl_rl_scaffold_3,pure_rl,fl_rl_scaffold,5840493.177404916,1000000.0,5840493.177404828,4840493.177404828,0.0,0.0,6.0,0.0,2695,2695,23,0.0085343228200371,92161556.47559202,44853.36099622856,0.0004866818954832,0.0448533609962285,0,4259,647701,low_default,1000000.0
Fin_fl_rl_1,pure_rl,fl_rl,3159988.1531027616,1000000.0,3159988.153102992,2159988.153102992,0.0,0.0,18.0,0.0,1250,1250,66,0.0528,43794522.04969894,183691.76900485015,0.0041944005872787,0.1836917690048501,0,4274,647701,medium_default,1000000.0
Fin_fl_rl_2,pure_rl,fl_rl,4361806.794209136,1000000.0,4361806.794209494,3361806.7942094943,0.0,0.0,20.0,0.0,2065,2065,74,0.0358353510895883,70836018.68450928,150502.1350985704,0.0021246554774468,0.1505021350985704,0,4274,647701,medium_default,1000000.0
Fin_fl_rl_3,pure_rl,fl_rl,5712054.828266603,1000000.0,5712054.828266821,4712054.828266821,0.0,0.0,6.0,0.0,2657,2657,26,0.0097854723372224,89233330.29871029,70545.1739004989,0.0007905697754902,0.0705451739004989,0,4274,647701,medium_default,1000000.0
Fin_fl_rl_prox_1,pure_rl,fl_rl_prox,3159988.1531027616,1000000.0,3159988.153102992,2159988.153102992,0.0,0.0,18.0,0.0,1250,1250,66,0.0528,43794522.04969894,183691.76900485015,0.0041944005872787,0.1836917690048501,0,4274,647701,medium_default,1000000.0
Fin_fl_rl_prox_2,pure_rl,fl_rl_prox,4361806.794209136,1000000.0,4361806.794209494,3361806.7942094943,0.0,0.0,20.0,0.0,2065,2065,74,0.0358353510895883,70836018.68450928,150502.1350985704,0.0021246554774468,0.1505021350985704,0,4274,647701,medium_default,1000000.0
Fin_fl_rl_prox_3,pure_rl,fl_rl_prox,5712054.828266603,1000000.0,5712054.828266821,4712054.828266821,0.0,0.0,6.0,0.0,2657,2657,26,0.0097854723372224,89233330.29871029,70545.1739004989,0.0007905697754902,0.0705451739004989,0,4274,647701,medium_default,1000000.0
Fin_fl_rl_scaffold_1,pure_rl,fl_rl_scaffold,2947732.0061773625,1000000.0,2947732.006177115,1947732.0061771148,0.0,0.0,7.0,0.0,1322,1322,68,0.0514372163388804,46212875.74118755,185021.6399528072,0.004003681592745,0.1850216399528071,0,4253,647701,medium_default,1000000.0
Fin_fl_rl_scaffold_2,pure_rl,fl_rl_scaffold,4413360.523225377,1000000.0,4413360.523225196,3413360.523225196,0.0,0.0,20.0,0.0,2159,2159,87,0.0402964335340435,74001259.5330761,173582.20297453366,0.0023456655206922,0.1735822029745336,0,4253,647701,medium_default,1000000.0
Fin_fl_rl_scaffold_3,pure_rl,fl_rl_scaffold,5157744.677146772,1000000.0,5157744.677147341,4157744.677147341,0.0,0.0,6.0,0.0,2413,2413,31,0.0128470783257356,81592605.59783925,85156.9316876756,0.0010436844253682,0.0851569316876756,0,4253,647701,medium_default,1000000.0
Fin_fl_rl_1,pure_rl,fl_rl,3476033.528151595,1000000.0,3476033.528151356,2476033.528151356,0.0,0.0,25.0,0.0,1655,1655,93,0.0561933534743202,56757128.35610958,331009.265170815,0.0058320298217692,0.3310092651708149,0,4249,647701,high_default,1000000.0
Fin_fl_rl_2,pure_rl,fl_rl,2701026.395138208,1000000.0,2701026.395137852,1701026.3951378516,0.0,0.0,12.0,0.0,1037,1037,82,0.0790742526518804,35576306.650697805,190125.57210963836,0.0053441627310098,0.1901255721096383,0,4249,647701,high_default,1000000.0
Fin_fl_rl_3,pure_rl,fl_rl,5708931.293685766,1000000.0,5708931.293685616,4708931.293685616,0.0,0.0,6.0,0.0,2595,2595,58,0.0223506743737957,88621082.56834915,169802.367795266,0.0019160493516235,0.169802367795266,0,4249,647701,high_default,1000000.0
Fin_fl_rl_prox_1,pure_rl,fl_rl_prox,3476033.528151595,1000000.0,3476033.528151356,2476033.528151356,0.0,0.0,25.0,0.0,1655,1655,93,0.0561933534743202,56757128.35610958,331009.265170815,0.0058320298217692,0.3310092651708149,0,4249,647701,high_default,1000000.0
Fin_fl_rl_prox_2,pure_rl,fl_rl_prox,2701026.395138208,1000000.0,2701026.395137852,1701026.3951378516,0.0,0.0,12.0,0.0,1037,1037,82,0.0790742526518804,35576306.650697805,190125.57210963836,0.0053441627310098,0.1901255721096383,0,4249,647701,high_default,1000000.0
Fin_fl_rl_prox_3,pure_rl,fl_rl_prox,5708931.293685766,1000000.0,5708931.293685616,4708931.293685616,0.0,0.0,6.0,0.0,2595,2595,58,0.0223506743737957,88621082.56834915,169802.367795266,0.0019160493516235,0.169802367795266,0,4249,647701,high_default,1000000.0
Fin_fl_rl_scaffold_1,pure_rl,fl_rl_scaffold,3925621.722828714,1000000.0,3925621.722829056,2925621.7228290555,0.0,0.0,7.0,0.0,1729,1729,79,0.0456911509543088,59721980.9573942,265625.1867238531,0.004447695512869,0.2656251867238531,0,4259,647701,high_default,1000000.0
Fin_fl_rl_scaffold_2,pure_rl,fl_rl_scaffold,3256621.779716468,1000000.0,3256621.779716694,2256621.779716694,0.0,0.0,9.0,0.0,1278,1278,95,0.0743348982785602,43904067.12158611,231059.8556294324,0.0052628348756288,0.2310598556294324,0,4259,647701,high_default,1000000.0
Fin_fl_rl_scaffold_3,pure_rl,fl_rl_scaffold,5465730.39873643,1000000.0,5465730.398735457,4465730.398735457,0.0,0.0,6.0,0.0,2260,2260,49,0.0216814159292035,77467999.01119691,154875.4723994966,0.00199921870161,0.1548754723994966,0,4259,647701,high_default,1000000.0
Fin_fl_rl_1,pure_rl,fl_rl,8191035.236541835,5000000.0,8191035.236543527,3191035.236543527,0.0,0.0,6.0,0.0,4492,4492,0,0.0,156907450.7268983,0.0,0.0,0.0,0,4246,647701,none_default,5000000.0
Fin_fl_rl_2,pure_rl,fl_rl,6527582.621955848,5000000.0,6527582.621958713,1527582.621958713,0.0,0.0,8.0,0.0,2289,2289,0,0.0,80062193.5097093,0.0,0.0,0.0,0,4246,647701,none_default,5000000.0
Fin_fl_rl_3,pure_rl,fl_rl,7459348.532611608,5000000.0,7459348.532612732,2459348.532612732,0.0,0.0,6.0,0.0,3622,3622,0,0.0,127435732.48652305,0.0,0.0,0.0,0,4246,647701,none_default,5000000.0
Fin_fl_rl_prox_1,pure_rl,fl_rl_prox,8581433.515721278,5000000.0,8581433.515723024,3581433.515723024,0.0,0.0,6.0,0.0,4763,4763,0,0.0,165863556.03689748,0.0,0.0,0.0,0,4240,647701,none_default,5000000.0
Fin_fl_rl_prox_2,pure_rl,fl_rl_prox,6603443.352169592,5000000.0,6603443.352169617,1603443.352169617,0.0,0.0,6.0,0.0,2587,2587,0,0.0,90029205.9798399,0.0,0.0,0.0,0,4240,647701,none_default,5000000.0
Fin_fl_rl_prox_3,pure_rl,fl_rl_prox,7040195.038336618,5000000.0,7040195.038338909,2040195.038338909,0.0,0.0,6.0,0.0,3064,3064,0,0.0,107786259.7914963,0.0,0.0,0.0,0,4240,647701,none_default,5000000.0
Fin_fl_rl_scaffold_1,pure_rl,fl_rl_scaffold,8392566.048262266,5000000.0,8392566.04826327,3392566.0482632704,0.0,0.0,6.0,0.0,4150,4150,0,0.0,145813388.80721945,0.0,0.0,0.0,0,4245,647701,none_default,5000000.0
Fin_fl_rl_scaffold_2,pure_rl,fl_rl_scaffold,7212162.829076232,5000000.0,7212162.829073001,2212162.8290730007,0.0,0.0,12.0,0.0,2907,2907,0,0.0,101287814.88184904,0.0,0.0,0.0,0,4245,647701,none_default,5000000.0
Fin_fl_rl_scaffold_3,pure_rl,fl_rl_scaffold,8021804.05245724,5000000.0,8021804.052460371,3021804.0524603706,0.0,0.0,13.0,0.0,3327,3327,0,0.0,115750322.57425304,0.0,0.0,0.0,0,4245,647701,none_default,5000000.0
Fin_fl_rl_1,pure_rl,fl_rl,7432989.889345156,5000000.0,7432989.889343834,2432989.8893438345,0.0,0.0,6.0,0.0,1385,1385,55,0.03971119133574,48132937.74146433,115934.39509914178,0.0024086291121863,0.0231868790198283,0,4263,647701,low_default,5000000.0
Fin_fl_rl_2,pure_rl,fl_rl,9055871.769447569,5000000.0,9055871.76945012,4055871.769450119,0.0,0.0,6.0,0.0,2080,2080,86,0.0413461538461538,73332040.15908767,161325.87624911446,0.0021999371066062,0.0322651752498228,0,4263,647701,low_default,5000000.0
Fin_fl_rl_3,pure_rl,fl_rl,14954379.861363005,5000000.0,14954379.861357592,9954379.861357592,0.0,0.0,6.0,0.0,4832,4832,72,0.0149006622516556,168948806.17775157,148773.6370785092,0.0008805841274899,0.0297547274157018,0,4263,647701,low_default,5000000.0
Fin_fl_rl_prox_1,pure_rl,fl_rl_prox,7489830.461122636,5000000.0,7489830.461124531,2489830.461124531,0.0,0.0,7.0,0.0,1447,1447,68,0.0469937802349689,51091646.1395653,141165.92406070346,0.0027629942412715,0.0282331848121406,0,4256,647701,low_default,5000000.0
Fin_fl_rl_prox_2,pure_rl,fl_rl_prox,7518254.355359087,5000000.0,7518254.355358082,2518254.355358082,0.0,0.0,7.0,0.0,1434,1434,102,0.0711297071129707,49513457.52980437,191886.15706138563,0.0038754344098446,0.0383772314122771,0,4256,647701,low_default,5000000.0
Fin_fl_rl_prox_3,pure_rl,fl_rl_prox,14087383.891068405,5000000.0,14087383.891069526,9087383.891069526,0.0,0.0,6.0,0.0,4651,4651,77,0.0165555794452805,162468439.94628686,155056.58666771883,0.0009543797350364,0.0310113173335437,0,4256,647701,low_default,5000000.0
Fin_fl_rl_scaffold_1,pure_rl,fl_rl_scaffold,6360023.520975496,5000000.0,6360023.520976896,1360023.5209768964,0.0,0.0,22.0,0.0,898,898,60,0.066815144766147,31306931.66270941,127225.12922119276,0.0040638006493857,0.0254450258442385,0,4248,647701,low_default,5000000.0
Fin_fl_rl_scaffold_2,pure_rl,fl_rl_scaffold,7023035.859272197,5000000.0,7023035.859274025,2023035.859274025,0.0,0.0,6.0,0.0,1208,1208,114,0.0943708609271523,42684260.704048775,217105.90076624285,0.0050863221521287,0.0434211801532485,0,4248,647701,low_default,5000000.0
Fin_fl_rl_scaffold_3,pure_rl,fl_rl_scaffold,15465377.093095662,5000000.0,15465377.093094202,10465377.093094202,0.0,0.0,6.0,0.0,5259,5259,73,0.0138809659631108,184063277.8998758,164317.3769930513,0.0008927222141639,0.0328634753986102,0,4248,647701,low_default,5000000.0
Fin_fl_rl_1,pure_rl,fl_rl,8823096.589754822,5000000.0,8823096.589756258,3823096.589756258,0.0,0.0,6.0,0.0,1930,1930,101,0.0523316062176165,67620896.10862114,275923.7763439716,0.0040804513430397,0.0551847552687943,0,4254,647701,medium_default,5000000.0
Fin_fl_rl_2,pure_rl,fl_rl,7393656.765146438,5000000.0,7393656.765145321,2393656.7651453214,0.0,0.0,7.0,0.0,1448,1448,179,0.1236187845303867,50502205.961008616,371388.9665609606,0.0073539157249427,0.0742777933121921,0,4254,647701,medium_default,5000000.0
Fin_fl_rl_3,pure_rl,fl_rl,11648862.079213647,5000000.0,11648862.079211988,6648862.079211988,0.0,0.0,6.0,0.0,3303,3303,86,0.0260369361186799,115546765.43347137,182431.18651042585,0.0015788515223774,0.0364862373020851,0,4254,647701,medium_default,5000000.0
Fin_fl_rl_prox_1,pure_rl,fl_rl_prox,9178020.385184448,5000000.0,9178020.385188213,4178020.3851882126,0.0,0.0,6.0,0.0,2148,2148,121,0.0563314711359404,75226540.0987802,290657.0196284797,0.0038637563185388,0.0581314039256959,0,4266,647701,medium_default,5000000.0
Fin_fl_rl_prox_2,pure_rl,fl_rl_prox,6239980.547870257,5000000.0,6239980.547870961,1239980.547870961,0.0,0.0,8.0,0.0,847,847,141,0.166469893742621,29653134.37968304,289302.2416732655,0.0097562111974065,0.0578604483346531,0,4266,647701,medium_default,5000000.0
Fin_fl_rl_prox_3,pure_rl,fl_rl_prox,13891977.20336064,5000000.0,13891977.203362675,8891977.203362677,0.0,0.0,6.0,0.0,4273,4273,98,0.0229347062953428,148396995.9465674,200725.97841734684,0.0013526283139156,0.0401451956834693,0,4266,647701,medium_default,5000000.0
Fin_fl_rl_scaffold_1,pure_rl,fl_rl_scaffold,9312870.308637986,5000000.0,9312870.308637116,4312870.308637116,0.0,0.0,6.0,0.0,2215,2215,116,0.0523702031602708,77577244.71738134,310128.2289973828,0.0039976700658446,0.0620256457994765,0,4269,647701,medium_default,5000000.0
Fin_fl_rl_scaffold_2,pure_rl,fl_rl_scaffold,7712814.203176464,5000000.0,7712814.203175629,2712814.203175629,0.0,0.0,6.0,0.0,1480,1480,140,0.0945945945945946,52223689.08372193,281638.48578057165,0.0053929259062695,0.0563276971561143,0,4269,647701,medium_default,5000000.0
Fin_fl_rl_scaffold_3,pure_rl,fl_rl_scaffold,12011414.473716438,5000000.0,12011414.473716434,7011414.473716434,0.0,0.0,6.0,0.0,3446,3446,92,0.0266976204294834,120089322.42751898,197803.17278987527,0.0016471337233937,0.039560634557975,0,4269,647701,medium_default,5000000.0
Fin_fl_rl_1,pure_rl,fl_rl,8052140.281328641,5000000.0,8052140.281331154,3052140.2813311536,0.0,0.0,12.0,0.0,1991,1991,137,0.0688096433952787,69440175.42008647,461079.0642132929,0.0066399467084283,0.0922158128426585,0,4250,647701,high_default,5000000.0
Fin_fl_rl_2,pure_rl,fl_rl,7948092.353351411,5000000.0,7948092.353354732,2948092.353354732,0.0,0.0,15.0,0.0,1990,1990,228,0.114572864321608,69921108.13482565,562579.4313063863,0.008045916981487,0.1125158862612772,0,4250,647701,high_default,5000000.0
Fin_fl_rl_3,pure_rl,fl_rl,8541520.477545124,5000000.0,8541520.477544328,3541520.477544328,0.0,0.0,12.0,0.0,1959,1959,84,0.0428790199081163,68049845.60428022,239530.3252632123,0.0035199245955107,0.0479060650526424,0,4250,647701,high_default,5000000.0
Fin_fl_rl_prox_1,pure_rl,fl_rl_prox,7322703.451570553,5000000.0,7322703.451571148,2322703.451571148,0.0,0.0,6.0,0.0,1460,1460,149,0.1020547945205479,51100777.92729841,510829.7285741235,0.0099965156949447,0.1021659457148247,0,4263,647701,high_default,5000000.0
Fin_fl_rl_prox_2,pure_rl,fl_rl_prox,5576995.537633511,5000000.0,5576995.537634318,576995.5376343178,0.0,0.0,6.0,0.0,734,734,212,0.2888283378746594,25603691.616393,532616.9996840338,0.0208023517727037,0.1065233999368067,0,4263,647701,high_default,5000000.0
Fin_fl_rl_prox_3,pure_rl,fl_rl_prox,10985750.137400776,5000000.0,10985750.137401104,5985750.137401104,0.0,0.0,7.0,0.0,3019,3019,87,0.0288174892348459,105096000.9877417,252380.2525012076,0.0024014258404622,0.0504760505002415,0,4263,647701,high_default,5000000.0
Fin_fl_rl_scaffold_1,pure_rl,fl_rl_scaffold,7514010.007728614,5000000.0,7514010.007727098,2514010.0077270977,0.0,0.0,23.0,0.0,1718,1718,124,0.0721769499417927,60064234.72698475,414844.2764454674,0.0069066771320919,0.0829688552890935,0,4234,647701,high_default,5000000.0
Fin_fl_rl_scaffold_2,pure_rl,fl_rl_scaffold,7384138.683849476,5000000.0,7384138.683850664,2384138.683850664,0.0,0.0,31.0,0.0,1964,1964,226,0.115071283095723,68307950.20532879,565304.0218466566,0.0082758159210954,0.1130608043693313,0,4234,647701,high_default,5000000.0
Fin_fl_rl_scaffold_3,pure_rl,fl_rl_scaffold,9590002.73245292,5000000.0,9590002.73245254,4590002.73245254,0.0,0.0,23.0,0.0,2430,2430,56,0.0230452674897119,84792438.14723173,169188.01811496637,0.0019953196512782,0.0338376036229932,0,4234,647701,high_default,5000000.0
Fin_fl_rl_1,pure_rl,fl_rl,11587911.999662183,10000000.0,11587911.99966446,1587911.9996644594,0.0,0.0,16.0,0.0,1660,1660,0,0.0,58152271.11297972,0.0,0.0,0.0,0,4253,647701,none_default,10000000.0
Fin_fl_rl_2,pure_rl,fl_rl,16014320.280562492,10000000.0,16014320.280559735,6014320.280559737,0.0,0.0,14.0,0.0,6107,6107,0,0.0,212715226.6564501,0.0,0.0,0.0,0,4253,647701,none_default,10000000.0
Fin_fl_rl_3,pure_rl,fl_rl,12942603.426010994,10000000.0,12942603.426009107,2942603.4260091074,0.0,0.0,6.0,0.0,2640,2640,0,0.0,92961303.62139525,0.0,0.0,0.0,0,4253,647701,none_default,10000000.0
Fin_fl_rl_prox_1,pure_rl,fl_rl_prox,12598981.820394147,10000000.0,12598981.820392974,2598981.8203929737,0.0,0.0,9.0,0.0,2420,2420,0,0.0,84768189.42788912,0.0,0.0,0.0,0,4256,647701,none_default,10000000.0
Fin_fl_rl_prox_2,pure_rl,fl_rl_prox,11070415.355764523,10000000.0,11070415.35576481,1070415.35576481,0.0,0.0,14.0,0.0,1248,1248,0,0.0,43292343.854166,0.0,0.0,0.0,0,4256,647701,none_default,10000000.0
Fin_fl_rl_prox_3,pure_rl,fl_rl_prox,17456156.91207146,10000000.0,17456156.91207795,7456156.912077948,0.0,0.0,9.0,0.0,6698,6698,0,0.0,233676326.8027196,0.0,0.0,0.0,0,4256,647701,none_default,10000000.0
Fin_fl_rl_scaffold_1,pure_rl,fl_rl_scaffold,11685256.120421292,10000000.0,11685256.12042502,1685256.1204250194,0.0,0.0,18.0,0.0,1832,1832,0,0.0,64332209.24198369,0.0,0.0,0.0,0,4265,647701,none_default,10000000.0
Fin_fl_rl_scaffold_2,pure_rl,fl_rl_scaffold,13780548.809128124,10000000.0,13780548.809129452,3780548.809129452,0.0,0.0,18.0,0.0,3258,3258,0,0.0,113668699.3748626,0.0,0.0,0.0,0,4265,647701,none_default,10000000.0
Fin_fl_rl_scaffold_3,pure_rl,fl_rl_scaffold,17197717.698113922,10000000.0,17197717.69811335,7197717.698113348,0.0,0.0,9.0,0.0,5335,5335,0,0.0,185877604.80205095,0.0,0.0,0.0,0,4265,647701,none_default,10000000.0
Fin_fl_rl_1,pure_rl,fl_rl,13270188.069075491,10000000.0,13270188.06907343,3270188.0690734293,0.0,0.0,26.0,0.0,2080,2080,60,0.0288461538461538,72937560.29003681,131019.81417507883,0.0017963284438645,0.0131019814175078,0,4255,647701,low_default,10000000.0
Fin_fl_rl_2,pure_rl,fl_rl,12436330.462263662,10000000.0,12436330.462267766,2436330.462267766,0.0,0.0,24.0,0.0,1465,1465,56,0.0382252559726962,51531805.42566039,100733.30645643566,0.0019547792984228,0.0100733306456435,0,4255,647701,low_default,10000000.0
Fin_fl_rl_3,pure_rl,fl_rl,17319667.473883685,10000000.0,17319667.47388928,7319667.47388928,0.0,0.0,10.0,0.0,4690,4690,63,0.0134328358208955,163840189.9221768,136619.9935867322,0.0008338612989378,0.0136619993586732,0,4255,647701,low_default,10000000.0
Fin_fl_rl_prox_1,pure_rl,fl_rl_prox,14828042.08932325,10000000.0,14828042.089319672,4828042.089319672,0.0,0.0,23.0,0.0,3037,3037,114,0.0375370431346723,105995517.8395632,249849.44361326715,0.0023571698945935,0.0249849443613267,0,4248,647701,low_default,10000000.0
Fin_fl_rl_prox_2,pure_rl,fl_rl_prox,12475059.690857513,10000000.0,12475059.690863214,2475059.6908632144,0.0,0.0,23.0,0.0,1513,1513,64,0.0423000660938532,52748909.80941961,125349.36652933092,0.0023763404207255,0.012534936652933,0,4248,647701,low_default,10000000.0
Fin_fl_rl_prox_3,pure_rl,fl_rl_prox,15497145.734225543,10000000.0,15497145.734230742,5497145.734230742,0.0,0.0,20.0,0.0,3402,3402,57,0.0167548500881834,118728671.59971356,128043.50129520612,0.00107845476219,0.0128043501295206,0,4248,647701,low_default,10000000.0
Fin_fl_rl_scaffold_1,pure_rl,fl_rl_scaffold,12852543.34071575,10000000.0,12852543.340718694,2852543.340718694,0.0,0.0,23.0,0.0,1642,1642,34,0.0207064555420219,57752241.80562048,65064.37492570453,0.0011266121087505,0.0065064374925704,0,4248,647701,low_default,10000000.0
Fin_fl_rl_scaffold_2,pure_rl,fl_rl_scaffold,15341457.684876654,10000000.0,15341457.684883434,5341457.684883434,0.0,0.0,23.0,0.0,3531,3531,195,0.0552251486830926,123897613.1959699,395296.7905057594,0.0031905117484427,0.0395296790505759,0,4248,647701,low_default,10000000.0
Fin_fl_rl_scaffold_3,pure_rl,fl_rl_scaffold,14035664.240079852,10000000.0,14035664.240078848,4035664.240078848,0.0,0.0,34.0,0.0,2179,2179,41,0.0188159706287287,76373176.36843833,93523.3812364014,0.0012245579624085,0.0093523381236401,0,4248,647701,low_default,10000000.0
Fin_fl_rl_1,pure_rl,fl_rl,10636127.71362562,10000000.0,10636127.71362364,636127.7136236411,0.0,0.0,9.0,0.0,404,404,50,0.1237623762376237,14235199.760411052,131786.8450293406,0.0092578149409499,0.013178684502934,0,4245,647701,medium_default,10000000.0
Fin_fl_rl_2,pure_rl,fl_rl,11843271.681261707,10000000.0,11843271.681260107,1843271.681260107,0.0,0.0,6.0,0.0,1130,1130,83,0.0734513274336283,39474976.09571982,157480.21799187202,0.003989368292713,0.0157480217991872,0,4245,647701,medium_default,10000000.0
Fin_fl_rl_3,pure_rl,fl_rl,18143740.122717008,10000000.0,18143740.12271433,8143740.122714326,0.0,0.0,6.0,0.0,4489,4489,119,0.0265092448206727,157183577.04959932,289230.68454320164,0.0018400820872776,0.0289230684543201,0,4245,647701,medium_default,10000000.0
Fin_fl_rl_prox_1,pure_rl,fl_rl_prox,10264142.660034783,10000000.0,10264142.6600346,264142.66003460065,0.0,0.0,25.0,0.0,357,357,86,0.2408963585434173,12210557.546982529,209669.9326391077,0.0171712005641315,0.0209669932639107,0,4257,647701,medium_default,10000000.0
Fin_fl_rl_prox_2,pure_rl,fl_rl_prox,13969718.813170092,10000000.0,13969718.813165678,3969718.8131656777,0.0,0.0,8.0,0.0,2162,2162,123,0.0568917668825161,75625309.95175312,252914.73874560263,0.0033443134171212,0.0252914738745602,0,4257,647701,medium_default,10000000.0
Fin_fl_rl_prox_3,pure_rl,fl_rl_prox,18675819.222985663,10000000.0,18675819.22298021,8675819.222980209,0.0,0.0,10.0,0.0,4433,4433,93,0.0209790209790209,154825500.17335126,207514.16071006627,0.0013403099649458,0.0207514160710066,0,4257,647701,medium_default,10000000.0
Fin_fl_rl_scaffold_1,pure_rl,fl_rl_scaffold,14697284.71525373,10000000.0,14697284.715257188,4697284.715257188,0.0,0.0,9.0,0.0,2649,2649,121,0.0456776141940354,91835281.29396091,295068.01155254385,0.0032130136413264,0.0295068011552543,0,4244,647701,medium_default,10000000.0
Fin_fl_rl_scaffold_2,pure_rl,fl_rl_scaffold,12891241.270486947,10000000.0,12891241.270488694,2891241.2704886943,0.0,0.0,7.0,0.0,1665,1665,102,0.0612612612612612,57559662.93674104,197427.3330476686,0.0034299598533897,0.0197427333047668,0,4244,647701,medium_default,10000000.0
Fin_fl_rl_scaffold_3,pure_rl,fl_rl_scaffold,16288511.568080176,10000000.0,16288511.568083595,6288511.568083596,0.0,0.0,11.0,0.0,3262,3262,88,0.0269773145309626,114384316.74973844,195974.2790368535,0.0017132967578555,0.0195974279036853,0,4244,647701,medium_default,10000000.0
Fin_fl_rl_1,pure_rl,fl_rl,11886562.343711914,10000000.0,11886562.343708724,1886562.343708724,0.0,0.0,21.0,0.0,1487,1487,162,0.1089441829186281,51533058.04603617,535390.6680982817,0.0103892663932344,0.0535390668098281,0,4247,647701,high_default,10000000.0
Fin_fl_rl_2,pure_rl,fl_rl,12144836.740785642,10000000.0,12144836.740785643,2144836.7407856435,0.0,0.0,23.0,0.0,1489,1489,167,0.112155809267965,52106807.8676768,407788.67445566953,0.0078260152779121,0.0407788674455669,0,4247,647701,high_default,10000000.0
Fin_fl_rl_3,pure_rl,fl_rl,15867873.815664934,10000000.0,15867873.815656202,5867873.815656202,0.0,0.0,27.0,0.0,3352,3352,71,0.02118138424821,117358027.94211791,210783.55687824707,0.0017960727576489,0.0210783556878247,0,4247,647701,high_default,10000000.0
Fin_fl_rl_prox_1,pure_rl,fl_rl_prox,11871440.521239636,10000000.0,11871440.521236464,1871440.5212364644,0.0,0.0,19.0,0.0,1582,1582,190,0.1201011378002528,55024126.060175,643930.5682711118,0.0117026950608339,0.0643930568271111,0,4255,647701,high_default,10000000.0
Fin_fl_rl_prox_2,pure_rl,fl_rl_prox,12423753.221663447,10000000.0,12423753.221659116,2423753.2216591146,0.0,0.0,26.0,0.0,1776,1776,189,0.1064189189189189,62003834.90773524,463262.7048421883,0.0074715169719993,0.0463262704842188,0,4255,647701,high_default,10000000.0
Fin_fl_rl_prox_3,pure_rl,fl_rl_prox,15054705.888321685,10000000.0,15054705.888324833,5054705.888324833,0.0,0.0,12.0,0.0,3078,3078,74,0.0240415854450942,107651732.61508088,214417.5323713033,0.001991770379934,0.0214417532371303,0,4255,647701,high_default,10000000.0
Fin_fl_rl_scaffold_1,pure_rl,fl_rl_scaffold,12202303.140537975,10000000.0,12202303.140539832,2202303.1405398324,0.0,0.0,12.0,0.0,1800,1800,190,0.1055555555555555,62712492.13234768,648434.3780554091,0.0103397960439358,0.0648434378055409,0,4244,647701,high_default,10000000.0
Fin_fl_rl_scaffold_2,pure_rl,fl_rl_scaffold,11574878.877722582,10000000.0,11574878.877730412,1574878.8777304124,0.0,0.0,26.0,0.0,1136,1136,167,0.1470070422535211,39816036.51173218,432275.8632346461,0.0108568280799941,0.0432275863234646,0,4244,647701,high_default,10000000.0
Fin_fl_rl_scaffold_3,pure_rl,fl_rl_scaffold,15879214.632745914,10000000.0,15879214.632749151,5879214.632749153,0.0,0.0,23.0,0.0,3551,3551,91,0.0256265840608279,123969000.83181968,283901.993230006,0.0022901047142838,0.0283901993230005,0,4244,647701,high_default,10000000.0
Fin_fl_rl_1,pure_rl,fl_rl,5334702.879447541,1000000.0,5334702.879447192,4334702.879447192,0.0,0.0,6.0,0.0,2731,2731,0,0.0,88572532.04401174,0.0,0.0,0.0,0,4253,703909,none_default,1000000.0
Fin_fl_rl_2,pure_rl,fl_rl,5732801.903516224,1000000.0,5732801.903516462,4732801.903516462,0.0,0.0,6.0,0.0,2488,2488,0,0.0,86669318.25916357,0.0,0.0,0.0,0,4253,703909,none_default,1000000.0
Fin_fl_rl_3,pure_rl,fl_rl,5021283.965572536,1000000.0,5021283.965573264,4021283.965573264,0.0,0.0,6.0,0.0,2330,2330,0,0.0,78893203.3510358,0.0,0.0,0.0,0,4253,703909,none_default,1000000.0
Fin_fl_rl_prox_1,pure_rl,fl_rl_prox,6196912.989705365,1000000.0,6196912.989704731,5196912.989704731,0.0,0.0,6.0,0.0,2846,2846,0,0.0,94196757.86363588,0.0,0.0,0.0,0,4259,703909,none_default,1000000.0
Fin_fl_rl_prox_2,pure_rl,fl_rl_prox,5228901.204823165,1000000.0,5228901.204823324,4228901.204823324,0.0,0.0,6.0,0.0,2178,2178,0,0.0,77888621.31894086,0.0,0.0,0.0,0,4259,703909,none_default,1000000.0
Fin_fl_rl_prox_3,pure_rl,fl_rl_prox,5198516.582653848,1000000.0,5198516.582653472,4198516.582653472,0.0,0.0,6.0,0.0,2473,2473,0,0.0,82332215.15147047,0.0,0.0,0.0,0,4259,703909,none_default,1000000.0
Fin_fl_rl_scaffold_1,pure_rl,fl_rl_scaffold,5250468.30253893,1000000.0,5250468.302538945,4250468.302538945,0.0,0.0,6.0,0.0,2613,2613,0,0.0,85658957.95201041,0.0,0.0,0.0,0,4249,703909,none_default,1000000.0
Fin_fl_rl_scaffold_2,pure_rl,fl_rl_scaffold,5448876.986766301,1000000.0,5448876.986766403,4448876.986766403,0.0,0.0,6.0,0.0,2419,2419,0,0.0,83094703.99347779,0.0,0.0,0.0,0,4249,703909,none_default,1000000.0
Fin_fl_rl_scaffold_3,pure_rl,fl_rl_scaffold,5808532.415840101,1000000.0,5808532.415840002,4808532.415840002,0.0,0.0,23.0,0.0,2502,2502,0,0.0,87851597.44984415,0.0,0.0,0.0,0,4249,703909,none_default,1000000.0
Fin_fl_rl_1,pure_rl,fl_rl,5230168.161995012,1000000.0,5230168.161995292,4230168.161995292,0.0,0.0,6.0,0.0,2395,2395,51,0.0212943632567849,83956896.19087227,113681.98339988496,0.0013540517641509,0.1136819833998849,0,4267,703909,low_default,1000000.0
Fin_fl_rl_2,pure_rl,fl_rl,4925781.246264943,1000000.0,4925781.246264594,3925781.2462645937,0.0,0.0,6.0,0.0,2075,2075,34,0.0163855421686747,71843114.48174079,70992.38491757931,0.000988158509409,0.0709923849175793,0,4267,703909,low_default,1000000.0
Fin_fl_rl_3,pure_rl,fl_rl,5699657.119064772,1000000.0,5699657.119065482,4699657.119065482,0.0,0.0,6.0,0.0,2628,2628,31,0.0117960426179604,88286827.51210989,70731.79358239731,0.0008011590808684,0.0707317935823973,0,4267,703909,low_default,1000000.0
Fin_fl_rl_prox_1,pure_rl,fl_rl_prox,4207711.961126375,1000000.0,4207711.961125375,3207711.961125375,0.0,0.0,6.0,0.0,1957,1957,93,0.0475217169136433,69742143.95849964,201090.60473197076,0.0028833441778278,0.2010906047319707,0,4256,703909,low_default,1000000.0
Fin_fl_rl_prox_2,pure_rl,fl_rl_prox,5193006.508897343,1000000.0,5193006.508897108,4193006.508897108,0.0,0.0,6.0,0.0,2170,2170,60,0.0276497695852534,74725393.05462138,133308.7782537939,0.0017839822957685,0.1333087782537939,0,4256,703909,low_default,1000000.0
Fin_fl_rl_prox_3,pure_rl,fl_rl_prox,6274552.568864855,1000000.0,6274552.568864613,5274552.568864613,0.0,0.0,6.0,0.0,2743,2743,17,0.0061975938753189,90601535.12600768,32375.11595314286,0.0003573351810001,0.0323751159531428,0,4256,703909,low_default,1000000.0
Fin_fl_rl_scaffold_1,pure_rl,fl_rl_scaffold,4198267.839192209,1000000.0,4198267.839192399,3198267.839192399,0.0,0.0,6.0,0.0,1894,1894,59,0.0311510031678986,66285642.72799073,139146.4136677037,0.0020991938516565,0.1391464136677037,0,4245,703909,low_default,1000000.0
Fin_fl_rl_scaffold_2,pure_rl,fl_rl_scaffold,5125522.575783029,1000000.0,5125522.5757826455,4125522.5757826455,0.0,0.0,6.0,0.0,2241,2241,65,0.0290049085229808,77559958.48103376,142394.63788604696,0.0018359297848369,0.1423946378860469,0,4245,703909,low_default,1000000.0
Fin_fl_rl_scaffold_3,pure_rl,fl_rl_scaffold,6359889.828361304,1000000.0,6359889.828362013,5359889.828362013,0.0,0.0,6.0,0.0,2878,2878,25,0.0086865879082696,95766973.37130344,49189.44659810612,0.0005136368506436,0.0491894465981061,0,4245,703909,low_default,1000000.0
Fin_fl_rl_1,pure_rl,fl_rl,4065566.048711048,1000000.0,4065566.0487115984,3065566.0487115984,0.0,0.0,7.0,0.0,1652,1652,62,0.0375302663438256,57866272.19800448,156132.6340101867,0.0026981629899354,0.1561326340101867,0,4246,703909,medium_default,1000000.0
Fin_fl_rl_2,pure_rl,fl_rl,4793913.007192753,1000000.0,4793913.00719179,3793913.0071917903,0.0,0.0,7.0,0.0,2225,2225,57,0.0256179775280898,77156135.9129573,113073.72439766304,0.0014655182385653,0.113073724397663,0,4246,703909,medium_default,1000000.0
Fin_fl_rl_3,pure_rl,fl_rl,5761686.98052517,1000000.0,5761686.98052625,4761686.98052625,0.0,0.0,6.0,0.0,2429,2429,19,0.0078221490325236,82706011.32094666,43281.11505101867,0.0005233128083406,0.0432811150510186,0,4246,703909,medium_default,1000000.0
Fin_fl_rl_prox_1,pure_rl,fl_rl_prox,4111268.4722755463,1000000.0,4111268.4722757535,3111268.4722757544,0.0,0.0,7.0,0.0,1948,1948,71,0.0364476386036961,67431389.24858569,173927.49922677886,0.002579325461998,0.1739274992267788,0,4242,703909,medium_default,1000000.0
Fin_fl_rl_prox_2,pure_rl,fl_rl_prox,4823588.328309824,1000000.0,4823588.328310732,3823588.328310732,0.0,0.0,7.0,0.0,2094,2094,61,0.0291308500477554,73306419.40179528,129264.52808493936,0.0017633452723483,0.1292645280849393,0,4242,703909,medium_default,1000000.0
Fin_fl_rl_prox_3,pure_rl,fl_rl_prox,5621248.613470493,1000000.0,5621248.6134702815,4621248.6134702815,0.0,0.0,6.0,0.0,2279,2279,29,0.0127248793330408,77823155.66086116,67333.82680988126,0.0008652158376012,0.0673338268098812,0,4242,703909,medium_default,1000000.0
Fin_fl_rl_scaffold_1,pure_rl,fl_rl_scaffold,3940972.027063245,1000000.0,3940972.027063435,2940972.027063435,0.0,0.0,7.0,0.0,1937,1937,71,0.036654620547238,67058374.11411424,177186.3734253702,0.002642270645033,0.1771863734253702,0,4255,703909,medium_default,1000000.0
Fin_fl_rl_scaffold_2,pure_rl,fl_rl_scaffold,5059365.096162928,1000000.0,5059365.09616312,4059365.09616312,0.0,0.0,7.0,0.0,2257,2257,61,0.027027027027027,78181583.49793987,127432.10699008238,0.0016299504472615,0.1274321069900823,0,4255,703909,medium_default,1000000.0
Fin_fl_rl_scaffold_3,pure_rl,fl_rl_scaffold,5347333.807211066,1000000.0,5347333.807211685,4347333.807211685,0.0,0.0,6.0,0.0,2246,2246,24,0.0106856634016028,78019942.55048138,54681.13437528974,0.0007008609925585,0.0546811343752897,0,4255,703909,medium_default,1000000.0
Fin_fl_rl_1,pure_rl,fl_rl,3444519.5115903504,1000000.0,3444519.5115905656,2444519.5115905656,0.0,0.0,7.0,0.0,1752,1752,93,0.0530821917808219,60536686.16422505,315802.45222661446,0.005216711918619,0.3158024522266144,0,4253,703909,high_default,1000000.0
Fin_fl_rl_2,pure_rl,fl_rl,3230884.3203638345,1000000.0,3230884.320363733,2230884.320363733,0.0,0.0,7.0,0.0,1504,1504,111,0.0738031914893617,52375223.00442704,292433.51040912344,0.0055834322726302,0.2924335104091234,0,4253,703909,high_default,1000000.0
Fin_fl_rl_3,pure_rl,fl_rl,4159998.4220403978,1000000.0,4159998.422040024,3159998.422040024,0.0,0.0,6.0,0.0,2050,2050,41,0.02,69506171.77693927,130011.26702381395,0.0018704996074456,0.1300112670238139,0,4253,703909,high_default,1000000.0
Fin_fl_rl_prox_1,pure_rl,fl_rl_prox,3468688.9024659465,1000000.0,3468688.9024663675,2468688.9024663675,0.0,0.0,7.0,0.0,1753,1753,91,0.0519110096976611,60856366.50902668,303514.0608004575,0.0049873838714218,0.3035140608004575,0,4245,703909,high_default,1000000.0
Fin_fl_rl_prox_2,pure_rl,fl_rl_prox,3215201.4888943424,1000000.0,3215201.488894121,2215201.488894121,0.0,0.0,7.0,0.0,1496,1496,114,0.0762032085561497,52168202.54745069,297887.978358515,0.0057101445672306,0.297887978358515,0,4245,703909,high_default,1000000.0
Fin_fl_rl_prox_3,pure_rl,fl_rl_prox,4187124.977854488,1000000.0,4187124.977854528,3187124.977854528,0.0,0.0,6.0,0.0,2054,2054,39,0.0189873417721519,69962315.38487059,117783.39529098712,0.0016835262618603,0.1177833952909871,0,4245,703909,high_default,1000000.0
Fin_fl_rl_scaffold_1,pure_rl,fl_rl_scaffold,3220383.1966551226,1000000.0,3220383.1966552804,2220383.1966552804,0.0,0.0,7.0,0.0,1574,1574,83,0.0527318932655654,54455386.0953906,268435.9790594961,0.0049294660878773,0.268435979059496,0,4242,703909,high_default,1000000.0
Fin_fl_rl_scaffold_2,pure_rl,fl_rl_scaffold,3207826.470052452,1000000.0,3207826.4700524737,2207826.4700524737,0.0,0.0,7.0,0.0,1460,1460,103,0.0705479452054794,51287426.24755856,275551.44633015303,0.0053726900819724,0.275551446330153,0,4242,703909,high_default,1000000.0
Fin_fl_rl_scaffold_3,pure_rl,fl_rl_scaffold,4801056.494750302,1000000.0,4801056.49475079,3801056.4947507903,0.0,0.0,6.0,0.0,2286,2286,35,0.0153105861767279,77683224.21179263,112994.62634011178,0.0014545563406591,0.1129946263401117,0,4242,703909,high_default,1000000.0
Fin_fl_rl_1,pure_rl,fl_rl,10495031.356536867,5000000.0,10495031.356539616,5495031.356539616,0.0,0.0,6.0,0.0,5272,5272,0,0.0,183991418.7788353,0.0,0.0,0.0,0,4250,703909,none_default,5000000.0
Fin_fl_rl_2,pure_rl,fl_rl,7211616.806556428,5000000.0,7211616.806558199,2211616.806558199,0.0,0.0,6.0,0.0,2380,2380,0,0.0,82712124.10859649,0.0,0.0,0.0,0,4250,703909,none_default,5000000.0
Fin_fl_rl_3,pure_rl,fl_rl,7823723.894787147,5000000.0,7823723.894785436,2823723.894785436,0.0,0.0,6.0,0.0,2741,2741,0,0.0,97554473.32634656,0.0,0.0,0.0,0,4250,703909,none_default,5000000.0
Fin_fl_rl_prox_1,pure_rl,fl_rl_prox,11827516.897313228,5000000.0,11827516.897316927,6827516.897316929,0.0,0.0,14.0,0.0,4737,4737,0,0.0,166143584.37091908,0.0,0.0,0.0,0,4250,703909,none_default,5000000.0
Fin_fl_rl_prox_2,pure_rl,fl_rl_prox,8208079.051469663,5000000.0,8208079.051467571,3208079.0514675714,0.0,0.0,14.0,0.0,2444,2444,0,0.0,85457433.67858309,0.0,0.0,0.0,0,4250,703909,none_default,5000000.0
Fin_fl_rl_prox_3,pure_rl,fl_rl_prox,9201793.031943625,5000000.0,9201793.031948034,4201793.031948034,0.0,0.0,8.0,0.0,3111,3111,0,0.0,109870928.78023984,0.0,0.0,0.0,0,4250,703909,none_default,5000000.0
Fin_fl_rl_scaffold_1,pure_rl,fl_rl_scaffold,10289508.490981843,5000000.0,10289508.490983391,5289508.490983393,0.0,0.0,6.0,0.0,5095,5095,0,0.0,177614515.64802262,0.0,0.0,0.0,0,4262,703909,none_default,5000000.0
Fin_fl_rl_scaffold_2,pure_rl,fl_rl_scaffold,6997009.507180844,5000000.0,6997009.507179411,1997009.5071794111,0.0,0.0,10.0,0.0,2017,2017,0,0.0,70818273.93180026,0.0,0.0,0.0,0,4262,703909,none_default,5000000.0
Fin_fl_rl_scaffold_3,pure_rl,fl_rl_scaffold,8247927.852129958,5000000.0,8247927.852127869,3247927.8521278687,0.0,0.0,6.0,0.0,3279,3279,0,0.0,115612218.71825495,0.0,0.0,0.0,0,4262,703909,none_default,5000000.0
Fin_fl_rl_1,pure_rl,fl_rl,9958161.506195664,5000000.0,9958161.506193738,4958161.506193738,0.0,0.0,13.0,0.0,2745,2745,35,0.0127504553734061,96135581.21993493,63000.53293069922,0.0006553300258992,0.0126001065861398,0,4249,703909,low_default,5000000.0
Fin_fl_rl_2,pure_rl,fl_rl,9168397.527960036,5000000.0,9168397.52795682,4168397.527956819,0.0,0.0,17.0,0.0,2340,2340,71,0.0303418803418803,81991745.15543808,140530.23497177457,0.0017139558952594,0.0281060469943549,0,4249,703909,low_default,5000000.0
Fin_fl_rl_3,pure_rl,fl_rl,11497645.345860926,5000000.0,11497645.34585834,6497645.345858339,0.0,0.0,16.0,0.0,3425,3425,33,0.0096350364963503,120222421.24775624,65603.27728353397,0.000545682549084,0.0131206554567067,0,4249,703909,low_default,5000000.0
Fin_fl_rl_prox_1,pure_rl,fl_rl_prox,8102442.28909242,5000000.0,8102442.289093961,3102442.289093961,0.0,0.0,18.0,0.0,1694,1694,47,0.0277449822904368,59189200.784633264,102762.57106872456,0.0017361709519045,0.0205525142137449,0,4264,703909,low_default,5000000.0
Fin_fl_rl_prox_2,pure_rl,fl_rl_prox,9968466.050447484,5000000.0,9968466.050443085,4968466.050443085,0.0,0.0,17.0,0.0,2884,2884,109,0.0377947295423023,100134765.81621984,237560.83788792545,0.0023724111795889,0.047512167577585,0,4264,703909,low_default,5000000.0
Fin_fl_rl_prox_3,pure_rl,fl_rl_prox,12762283.484930886,5000000.0,12762283.484929737,7762283.484929737,0.0,0.0,16.0,0.0,4233,4233,42,0.0099220411055988,147769308.42058378,83588.11332739235,0.000565666268732,0.0167176226654784,0,4264,703909,low_default,5000000.0
Fin_fl_rl_scaffold_1,pure_rl,fl_rl_scaffold,10052455.32584506,5000000.0,10052455.325844971,5052455.325844971,0.0,0.0,13.0,0.0,2806,2806,60,0.0213827512473271,97938970.43863662,135067.76698754771,0.0013791013565144,0.0270135533975095,0,4254,703909,low_default,5000000.0
Fin_fl_rl_scaffold_2,pure_rl,fl_rl_scaffold,8730400.91147002,5000000.0,8730400.911470683,3730400.9114706833,0.0,0.0,17.0,0.0,2029,2029,69,0.0340068999507146,70623350.31368119,138943.4737062867,0.0019673871756176,0.0277886947412573,0,4254,703909,low_default,5000000.0
Fin_fl_rl_scaffold_3,pure_rl,fl_rl_scaffold,12195923.482478663,5000000.0,12195923.482475612,7195923.482475612,0.0,0.0,14.0,0.0,3954,3954,49,0.0123925139099645,138451197.86189958,106345.23412684674,0.0007681062769346,0.0212690468253693,0,4254,703909,low_default,5000000.0
Fin_fl_rl_1,pure_rl,fl_rl,7285252.617704811,5000000.0,7285252.617703867,2285252.617703867,0.0,0.0,23.0,0.0,1538,1538,86,0.0559167750325097,53752753.2953159,216923.39634264127,0.0040355773991868,0.0433846792685282,0,4258,703909,medium_default,5000000.0
Fin_fl_rl_2,pure_rl,fl_rl,9719727.80786154,5000000.0,9719727.807861112,4719727.807861112,0.0,0.0,20.0,0.0,3241,3241,189,0.0583153347732181,113330241.20723753,440263.18286811496,0.0038847811332461,0.0880526365736229,0,4258,703909,medium_default,5000000.0
Fin_fl_rl_3,pure_rl,fl_rl,10744698.957847754,5000000.0,10744698.957845602,5744698.957845602,0.0,0.0,21.0,0.0,3207,3207,67,0.0208917991892734,112417550.63146313,173780.2591771184,0.0015458463398372,0.0347560518354236,0,4258,703909,medium_default,5000000.0
Fin_fl_rl_prox_1,pure_rl,fl_rl_prox,7983802.433864797,5000000.0,7983802.433866121,2983802.433866121,0.0,0.0,12.0,0.0,2104,2104,87,0.0413498098859315,73534603.07740153,191517.4910275252,0.0026044539986968,0.038303498205505,0,4244,703909,medium_default,5000000.0
Fin_fl_rl_prox_2,pure_rl,fl_rl_prox,8180812.307520969,5000000.0,8180812.307521796,3180812.307521796,0.0,0.0,13.0,0.0,2373,2373,210,0.0884955752212389,83050259.99108323,503624.255327987,0.0060640900507964,0.1007248510655974,0,4244,703909,medium_default,5000000.0
Fin_fl_rl_prox_3,pure_rl,fl_rl_prox,10942803.075177783,5000000.0,10942803.075177183,5942803.075177185,0.0,0.0,15.0,0.0,3719,3719,68,0.0182844850766335,130836334.57860842,175856.22585424356,0.0013440931865038,0.0351712451708487,0,4244,703909,medium_default,5000000.0
Fin_fl_rl_scaffold_1,pure_rl,fl_rl_scaffold,7242431.314328372,5000000.0,7242431.314325328,2242431.314325328,0.0,0.0,12.0,0.0,1601,1601,98,0.0612117426608369,56188814.24947816,229667.42966463516,0.004087422607726,0.045933485932927,0,4249,703909,medium_default,5000000.0
Fin_fl_rl_scaffold_2,pure_rl,fl_rl_scaffold,8989934.697276196,5000000.0,8989934.697277354,3989934.697277354,0.0,0.0,9.0,0.0,2962,2962,170,0.0573936529372045,103483221.47507551,388431.63440600224,0.003753571147759,0.0776863268812004,0,4249,703909,medium_default,5000000.0
Fin_fl_rl_scaffold_3,pure_rl,fl_rl_scaffold,10693181.44094566,5000000.0,10693181.440944985,5693181.440944983,0.0,0.0,15.0,0.0,3693,3693,79,0.0213918223666395,129222960.56238943,191165.06187580328,0.0014793428431281,0.0382330123751606,0,4249,703909,medium_default,5000000.0
Fin_fl_rl_1,pure_rl,fl_rl,6864776.722274651,5000000.0,6864776.722274232,1864776.722274232,0.0,0.0,22.0,0.0,1402,1402,185,0.1319543509272467,49527560.610333554,640420.912713784,0.0129305967187119,0.1280841825427568,0,4257,703909,high_default,5000000.0
Fin_fl_rl_2,pure_rl,fl_rl,8098278.278465468,5000000.0,8098278.278465026,3098278.278465026,0.0,0.0,20.0,0.0,1988,1988,178,0.0895372233400402,69208361.78872408,485038.8026886629,0.0070083843939171,0.0970077605377325,0,4257,703909,high_default,5000000.0
Fin_fl_rl_3,pure_rl,fl_rl,10278987.796221774,5000000.0,10278987.79622143,5278987.7962214295,0.0,0.0,18.0,0.0,2835,2835,78,0.0275132275132275,98758843.54795676,244437.00561426656,0.0024750897927998,0.0488874011228533,0,4257,703909,high_default,5000000.0
Fin_fl_rl_prox_1,pure_rl,fl_rl_prox,9258160.080520837,5000000.0,9258160.08052118,4258160.080521179,0.0,0.0,15.0,0.0,2629,2629,192,0.0730315709395207,91559781.58410296,657312.5275326122,0.0071790530313665,0.1314625055065224,0,4243,703909,high_default,5000000.0
Fin_fl_rl_prox_2,pure_rl,fl_rl_prox,6927294.114740333,5000000.0,6927294.114740969,1927294.114740969,0.0,0.0,15.0,0.0,1310,1310,176,0.1343511450381679,45273905.21701735,479036.1392778185,0.0105808442408842,0.0958072278555637,0,4243,703909,high_default,5000000.0
Fin_fl_rl_prox_3,pure_rl,fl_rl_prox,8682774.23235631,5000000.0,8682774.232356466,3682774.2323564654,0.0,0.0,22.0,0.0,2024,2024,80,0.0395256916996047,71209174.78818607,244068.6206550563,0.0034274884013337,0.0488137241310112,0,4243,703909,high_default,5000000.0
Fin_fl_rl_scaffold_1,pure_rl,fl_rl_scaffold,7507917.085438844,5000000.0,7507917.085437619,2507917.085437619,0.0,0.0,11.0,0.0,1918,1918,206,0.1074035453597497,67321958.04032704,723171.5718993571,0.0107419866110573,0.1446343143798714,0,4273,703909,high_default,5000000.0
Fin_fl_rl_scaffold_2,pure_rl,fl_rl_scaffold,6987632.590840644,5000000.0,6987632.590843834,1987632.590843834,0.0,0.0,12.0,0.0,1377,1377,191,0.1387073347857661,48059988.49396748,521424.17759838345,0.0108494444950571,0.1042848355196767,0,4273,703909,high_default,5000000.0
Fin_fl_rl_scaffold_3,pure_rl,fl_rl_scaffold,10753205.67900125,5000000.0,10753205.678998845,5753205.678998845,0.0,0.0,13.0,0.0,3137,3137,81,0.0258208479438954,109620132.8039447,240161.01972317492,0.0021908477355405,0.0480322039446349,0,4273,703909,high_default,5000000.0
Fin_fl_rl_1,pure_rl,fl_rl,16181515.53110386,10000000.0,16181515.53109546,6181515.53109546,0.0,0.0,9.0,0.0,4153,4153,0,0.0,144837611.4099736,0.0,0.0,0.0,0,4240,703909,none_default,10000000.0
Fin_fl_rl_2,pure_rl,fl_rl,10991062.908993972,10000000.0,10991062.90899468,991062.9089946804,0.0,0.0,21.0,0.0,1044,1044,0,0.0,36035953.52517561,0.0,0.0,0.0,0,4240,703909,none_default,10000000.0
Fin_fl_rl_3,pure_rl,fl_rl,17205771.94537157,10000000.0,17205771.945379194,7205771.945379194,0.0,0.0,14.0,0.0,5184,5184,0,0.0,181834298.17981583,0.0,0.0,0.0,0,4240,703909,none_default,10000000.0
Fin_fl_rl_prox_1,pure_rl,fl_rl_prox,14466520.233970094,10000000.0,14466520.233969592,4466520.233969592,0.0,0.0,8.0,0.0,3294,3294,0,0.0,114879576.56716776,0.0,0.0,0.0,0,4254,703909,none_default,10000000.0
Fin_fl_rl_prox_2,pure_rl,fl_rl_prox,10781905.461463932,10000000.0,10781905.461463692,781905.4614636917,0.0,0.0,18.0,0.0,633,633,0,0.0,21730286.59639756,0.0,0.0,0.0,0,4254,703909,none_default,10000000.0
Fin_fl_rl_prox_3,pure_rl,fl_rl_prox,18828422.767731503,10000000.0,18828422.76772853,8828422.76772853,0.0,0.0,10.0,0.0,6257,6257,0,0.0,219613369.05522043,0.0,0.0,0.0,0,4254,703909,none_default,10000000.0
Fin_fl_rl_scaffold_1,pure_rl,fl_rl_scaffold,16187564.976456452,10000000.0,16187564.976449154,6187564.976449154,0.0,0.0,8.0,0.0,6783,6783,0,0.0,236998457.36994097,0.0,0.0,0.0,0,4251,703909,none_default,10000000.0
Fin_fl_rl_scaffold_2,pure_rl,fl_rl_scaffold,12543648.760547835,10000000.0,12543648.760548228,2543648.7605482265,0.0,0.0,16.0,0.0,3149,3149,0,0.0,110241277.87557676,0.0,0.0,0.0,0,4251,703909,none_default,10000000.0
Fin_fl_rl_scaffold_3,pure_rl,fl_rl_scaffold,10416241.812294677,10000000.0,10416241.812294891,416241.81229489297,0.0,0.0,11.0,0.0,429,429,0,0.0,15188494.977683283,0.0,0.0,0.0,0,4251,703909,none_default,10000000.0
Fin_fl_rl_1,pure_rl,fl_rl,15016376.027505346,10000000.0,15016376.027515048,5016376.027515048,0.0,0.0,12.0,0.0,2816,2816,75,0.0266335227272727,98375044.88015568,174787.5536984071,0.0017767468763174,0.0174787553698407,0,4270,703909,low_default,10000000.0
Fin_fl_rl_2,pure_rl,fl_rl,14281236.838543767,10000000.0,14281236.838539649,4281236.838539647,0.0,0.0,17.0,0.0,2567,2567,159,0.0619400077911959,89894676.34749337,319048.489903996,0.0035491366437618,0.0319048489903996,0,4270,703909,low_default,10000000.0
Fin_fl_rl_3,pure_rl,fl_rl,15367055.263794892,10000000.0,15367055.263798049,5367055.263798047,0.0,0.0,19.0,0.0,2815,2815,43,0.0152753108348135,98094848.99228548,90622.63188088693,0.0009238266107939,0.0090622631880886,0,4270,703909,low_default,10000000.0
Fin_fl_rl_prox_1,pure_rl,fl_rl_prox,15124456.80905212,10000000.0,15124456.809050832,5124456.809050832,0.0,0.0,18.0,0.0,3366,3366,95,0.0282234105763517,117766762.7781761,189792.31900540163,0.0016115949401011,0.0189792319005401,0,4248,703909,low_default,10000000.0
Fin_fl_rl_prox_2,pure_rl,fl_rl_prox,13611510.329436816,10000000.0,13611510.32943951,3611510.3294395097,0.0,0.0,23.0,0.0,2201,2201,87,0.0395274875056792,77064722.84961194,179993.6445806891,0.0023356165820765,0.0179993644580689,0,4248,703909,low_default,10000000.0
Fin_fl_rl_prox_3,pure_rl,fl_rl_prox,16311112.909122262,10000000.0,16311112.909130467,6311112.909130469,0.0,0.0,25.0,0.0,3283,3283,36,0.0109655802619555,115280105.10181162,75453.75821201426,0.000654525411348,0.0075453758212014,0,4248,703909,low_default,10000000.0
Fin_fl_rl_scaffold_1,pure_rl,fl_rl_scaffold,14829614.696636042,10000000.0,14829614.696632383,4829614.696632383,0.0,0.0,13.0,0.0,2568,2568,77,0.0299844236760124,90238542.8286318,180737.91228774775,0.0020028904127029,0.0180737912287747,0,4253,703909,low_default,10000000.0
Fin_fl_rl_scaffold_2,pure_rl,fl_rl_scaffold,13537270.448052503,10000000.0,13537270.448050726,3537270.448050726,0.0,0.0,18.0,0.0,1911,1911,76,0.0397697540554683,66480269.08906796,161124.2473687088,0.0024236401202413,0.0161124247368708,0,4253,703909,low_default,10000000.0
Fin_fl_rl_scaffold_3,pure_rl,fl_rl_scaffold,15782222.439570114,10000000.0,15782222.439577762,5782222.439577762,0.0,0.0,14.0,0.0,2875,2875,39,0.0135652173913043,100320298.42762816,87392.37084562305,0.000871133481612,0.0087392370845623,0,4253,703909,low_default,10000000.0
Fin_fl_rl_1,pure_rl,fl_rl,11999575.118750868,10000000.0,11999575.118752278,1999575.1187522784,0.0,0.0,11.0,0.0,1260,1260,75,0.0595238095238095,43858639.18021464,185425.4918906195,0.0042277985673177,0.0185425491890619,0,4252,703909,medium_default,10000000.0
Fin_fl_rl_2,pure_rl,fl_rl,14648513.00881129,10000000.0,14648513.008811235,4648513.008811235,0.0,0.0,14.0,0.0,3103,3103,194,0.0625201417982597,108339089.21037012,450038.622117021,0.0041539819597629,0.0450038622117021,0,4252,703909,medium_default,10000000.0
Fin_fl_rl_3,pure_rl,fl_rl,16472347.492885549,10000000.0,16472347.492875634,6472347.492875634,0.0,0.0,24.0,0.0,3799,3799,64,0.0168465385627796,133052427.89409456,167483.09844803612,0.001258775214394,0.0167483098448036,0,4252,703909,medium_default,10000000.0
Fin_fl_rl_prox_1,pure_rl,fl_rl_prox,13672543.012301365,10000000.0,13672543.012311146,3672543.0123111457,0.0,0.0,19.0,0.0,2155,2155,57,0.0264501160092807,76007103.08147626,130130.5772486398,0.0017120844233353,0.0130130577248639,0,4263,703909,medium_default,10000000.0
Fin_fl_rl_prox_2,pure_rl,fl_rl_prox,13504608.54150688,10000000.0,13504608.541506616,3504608.5415066145,0.0,0.0,20.0,0.0,2216,2216,150,0.0676895306859205,77308078.4361463,338546.4062733382,0.0043791853726252,0.0338546406273338,0,4263,703909,medium_default,10000000.0
Fin_fl_rl_prox_3,pure_rl,fl_rl_prox,15503750.28014354,10000000.0,15503750.280146854,5503750.280146854,0.0,0.0,23.0,0.0,3084,3084,63,0.0204280155642023,107642169.54631178,154869.70856094186,0.001438745699884,0.0154869708560941,0,4263,703909,medium_default,10000000.0
Fin_fl_rl_scaffold_1,pure_rl,fl_rl_scaffold,12313248.7523906,10000000.0,12313248.752395684,2313248.752395684,0.0,0.0,19.0,0.0,1487,1487,67,0.0450571620712844,52554519.52866656,164507.30348126314,0.0031302218145392,0.0164507303481263,0,4254,703909,medium_default,10000000.0
Fin_fl_rl_scaffold_2,pure_rl,fl_rl_scaffold,13808280.442572745,10000000.0,13808280.442576423,3808280.4425764233,0.0,0.0,17.0,0.0,3075,3075,150,0.048780487804878,106793351.35669324,365551.7087209265,0.0034229818998747,0.0365551708720926,0,4254,703909,medium_default,10000000.0
Fin_fl_rl_scaffold_3,pure_rl,fl_rl_scaffold,16037553.01548308,10000000.0,16037553.015476448,6037553.015476448,0.0,0.0,18.0,0.0,3462,3462,64,0.0184864240323512,121127686.69722934,175579.10829145036,0.0014495373690271,0.017557910829145,0,4254,703909,medium_default,10000000.0
Fin_fl_rl_1,pure_rl,fl_rl,12499190.172451474,10000000.0,12499190.172447007,2499190.172447007,0.0,0.0,21.0,0.0,1603,1603,99,0.0617592014971927,56493391.31070846,390415.2298280829,0.0069108124113285,0.0390415229828082,0,4245,703909,high_default,10000000.0
Fin_fl_rl_2,pure_rl,fl_rl,13352216.13605986,10000000.0,13352216.13606172,3352216.136061721,0.0,0.0,20.0,0.0,2013,2013,123,0.0611028315946348,70660984.03663433,349595.718443128,0.0049475070749351,0.0349595718443128,0,4245,703909,high_default,10000000.0
Fin_fl_rl_3,pure_rl,fl_rl,15232805.439314978,10000000.0,15232805.439308954,5232805.439308954,0.0,0.0,22.0,0.0,2869,2869,94,0.0327640292784942,101402771.26366717,314664.5666677857,0.0031031160464993,0.0314664566667785,0,4245,703909,high_default,10000000.0
Fin_fl_rl_prox_1,pure_rl,fl_rl_prox,12130563.83181842,10000000.0,12130563.83181956,2130563.8318195604,0.0,0.0,20.0,0.0,1387,1387,96,0.0692141312184571,49242621.97760476,388631.69233074033,0.0078921811374603,0.038863169233074,0,4256,703909,high_default,10000000.0
Fin_fl_rl_prox_2,pure_rl,fl_rl_prox,13396908.237805136,10000000.0,13396908.237808712,3396908.237808712,0.0,0.0,20.0,0.0,2087,2087,125,0.0598945855294681,73699127.06177713,352456.2017943443,0.0047823660312679,0.0352456201794344,0,4256,703909,high_default,10000000.0
Fin_fl_rl_prox_3,pure_rl,fl_rl_prox,14667292.266162684,10000000.0,14667292.266161725,4667292.266161725,0.0,0.0,21.0,0.0,2720,2720,93,0.0341911764705882,95232027.02749152,308852.80666142696,0.0032431611118837,0.0308852806661426,0,4256,703909,high_default,10000000.0
Fin_fl_rl_scaffold_1,pure_rl,fl_rl_scaffold,13081483.84896043,10000000.0,13081483.84895884,3081483.8489588387,0.0,0.0,20.0,0.0,2071,2071,101,0.048768710767745,72448183.05911408,403540.9543664148,0.0055700631448154,0.0403540954366414,0,4249,703909,high_default,10000000.0
Fin_fl_rl_scaffold_2,pure_rl,fl_rl_scaffold,12966037.000056516,10000000.0,12966037.000062266,2966037.0000622664,0.0,0.0,19.0,0.0,1947,1947,126,0.0647149460708782,68099218.35703512,351386.85110052384,0.0051599248798752,0.0351386851100523,0,4249,703909,high_default,10000000.0
Fin_fl_rl_scaffold_3,pure_rl,fl_rl_scaffold,13735657.277320068,10000000.0,13735657.277320905,3735657.2773209047,0.0,0.0,23.0,0.0,2223,2223,95,0.0427350427350427,78364436.03646345,304948.594268536,0.0038914156687944,0.0304948594268536,0,4249,703909,high_default,10000000.0
Fin_fl_rl_1,pure_rl,fl_rl,5352999.525976604,1000000.0,5352999.525977431,4352999.525977431,0.0,0.0,6.0,0.0,2720,2720,0,0.0,88532949.57885039,0.0,0.0,0.0,0,4249,758243,none_default,1000000.0
Fin_fl_rl_2,pure_rl,fl_rl,5924211.236332657,1000000.0,5924211.236331954,4924211.236331954,0.0,0.0,6.0,0.0,2700,2700,0,0.0,93757498.9156808,0.0,0.0,0.0,0,4249,758243,none_default,1000000.0
Fin_fl_rl_3,pure_rl,fl_rl,5678923.858702126,1000000.0,5678923.858702809,4678923.858702809,0.0,0.0,6.0,0.0,2409,2409,0,0.0,82430602.46816301,0.0,0.0,0.0,0,4249,758243,none_default,1000000.0
Fin_fl_rl_prox_1,pure_rl,fl_rl_prox,6084979.7800136,1000000.0,6084979.780013152,5084979.780013152,0.0,0.0,6.0,0.0,2792,2792,0,0.0,91832802.51249269,0.0,0.0,0.0,0,4261,758243,none_default,1000000.0
Fin_fl_rl_prox_2,pure_rl,fl_rl_prox,6417241.8279382605,1000000.0,6417241.827937906,5417241.827937906,0.0,0.0,6.0,0.0,2871,2871,0,0.0,98806082.17709972,0.0,0.0,0.0,0,4261,758243,none_default,1000000.0
Fin_fl_rl_prox_3,pure_rl,fl_rl_prox,4434142.509857233,1000000.0,4434142.50985776,3434142.50985776,0.0,0.0,6.0,0.0,1843,1843,0,0.0,63503543.02548746,0.0,0.0,0.0,0,4261,758243,none_default,1000000.0
Fin_fl_rl_scaffold_1,pure_rl,fl_rl_scaffold,5135163.230224641,1000000.0,5135163.230224248,4135163.230224248,0.0,0.0,6.0,0.0,2566,2566,0,0.0,85287760.95009369,0.0,0.0,0.0,0,4236,758243,none_default,1000000.0
Fin_fl_rl_scaffold_2,pure_rl,fl_rl_scaffold,5995557.987299416,1000000.0,5995557.987298567,4995557.987298567,0.0,0.0,6.0,0.0,2890,2890,0,0.0,98753452.67556308,0.0,0.0,0.0,0,4236,758243,none_default,1000000.0
Fin_fl_rl_scaffold_3,pure_rl,fl_rl_scaffold,4847780.946468196,1000000.0,4847780.946467697,3847780.9464676967,0.0,0.0,6.0,0.0,2259,2259,0,0.0,78559175.37730877,0.0,0.0,0.0,0,4236,758243,none_default,1000000.0
Fin_fl_rl_1,pure_rl,fl_rl,3636951.770786992,1000000.0,3636951.770787398,2636951.770787398,0.0,0.0,6.0,0.0,1429,1429,29,0.020293911826452,49843413.12764667,63148.26083790454,0.0012669329180203,0.0631482608379045,0,4253,758243,low_default,1000000.0
Fin_fl_rl_2,pure_rl,fl_rl,5372280.3049211,1000000.0,5372280.30492111,4372280.30492111,0.0,0.0,6.0,0.0,2312,2312,67,0.0289792387543252,79075573.68033338,130002.54335912249,0.001644029088991,0.1300025433591224,0,4253,758243,low_default,1000000.0
Fin_fl_rl_3,pure_rl,fl_rl,6537437.926869072,1000000.0,6537437.926869544,5537437.926869544,0.0,0.0,28.0,0.0,2738,2738,40,0.0146092037983929,93187538.56279828,77361.96742568642,0.0008301750278933,0.0773619674256864,0,4253,758243,low_default,1000000.0
Fin_fl_rl_prox_1,pure_rl,fl_rl_prox,3636951.770786992,1000000.0,3636951.770787398,2636951.770787398,0.0,0.0,6.0,0.0,1429,1429,29,0.020293911826452,49843413.12764667,63148.26083790454,0.0012669329180203,0.0631482608379045,0,4253,758243,low_default,1000000.0
Fin_fl_rl_prox_2,pure_rl,fl_rl_prox,5372280.3049211,1000000.0,5372280.30492111,4372280.30492111,0.0,0.0,6.0,0.0,2312,2312,67,0.0289792387543252,79075573.68033338,130002.54335912249,0.001644029088991,0.1300025433591224,0,4253,758243,low_default,1000000.0
Fin_fl_rl_prox_3,pure_rl,fl_rl_prox,6537437.926869072,1000000.0,6537437.926869544,5537437.926869544,0.0,0.0,28.0,0.0,2738,2738,40,0.0146092037983929,93187538.56279828,77361.96742568642,0.0008301750278933,0.0773619674256864,0,4253,758243,low_default,1000000.0
Fin_fl_rl_scaffold_1,pure_rl,fl_rl_scaffold,4513297.11527148,1000000.0,4513297.115271221,3513297.115271221,0.0,0.0,6.0,0.0,1956,1956,38,0.0194274028629856,66631553.46826518,71997.7971861673,0.0010805360739556,0.0719977971861673,0,4258,758243,low_default,1000000.0
Fin_fl_rl_scaffold_2,pure_rl,fl_rl_scaffold,5064639.851570348,1000000.0,5064639.851570122,4064639.851570122,0.0,0.0,6.0,0.0,2296,2296,71,0.0309233449477351,78157412.72972341,132301.60529637418,0.0016927582512728,0.1323016052963742,0,4258,758243,low_default,1000000.0
Fin_fl_rl_scaffold_3,pure_rl,fl_rl_scaffold,5293258.69120456,1000000.0,5293258.6912046,4293258.6912046,0.0,0.0,28.0,0.0,2329,2329,20,0.008587376556462,79953688.11930697,38736.93168442784,0.0004844921178198,0.0387369316844278,0,4258,758243,low_default,1000000.0
Fin_fl_rl_1,pure_rl,fl_rl,4111105.601526444,1000000.0,4111105.6015255824,3111105.6015255824,0.0,0.0,6.0,0.0,1653,1653,90,0.0544464609800363,55854363.21740875,217483.3584917487,0.0038937577292791,0.2174833584917486,0,4241,758243,medium_default,1000000.0
Fin_fl_rl_2,pure_rl,fl_rl,4703106.339257224,1000000.0,4703106.339256766,3703106.3392567663,0.0,0.0,12.0,0.0,1910,1910,128,0.0670157068062827,65354971.294416025,274736.525471242,0.0042037586434486,0.2747365254712419,0,4241,758243,medium_default,1000000.0
Fin_fl_rl_3,pure_rl,fl_rl,5765206.341510005,1000000.0,5765206.341510458,4765206.341510458,0.0,0.0,6.0,0.0,2232,2232,52,0.0232974910394265,77440499.03955182,109395.99373382736,0.0014126457743764,0.1093959937338273,0,4241,758243,medium_default,1000000.0
Fin_fl_rl_prox_1,pure_rl,fl_rl_prox,3581688.8633125667,1000000.0,3581688.863312287,2581688.863312287,0.0,0.0,6.0,0.0,1394,1394,88,0.0631276901004304,47267363.75754088,203687.63627298136,0.0043092658460455,0.2036876362729813,0,4270,758243,medium_default,1000000.0
Fin_fl_rl_prox_2,pure_rl,fl_rl_prox,5084741.791679201,1000000.0,5084741.791678332,4084741.791678332,0.0,0.0,6.0,0.0,2114,2114,121,0.0572374645222327,71180004.99262555,260720.75820746232,0.0036628370317545,0.2607207582074623,0,4270,758243,medium_default,1000000.0
Fin_fl_rl_prox_3,pure_rl,fl_rl_prox,5774822.932743838,1000000.0,5774822.932743266,4774822.932743266,0.0,0.0,6.0,0.0,2251,2251,51,0.0226565970679697,77421094.10832459,112094.50539506084,0.0014478548344747,0.1120945053950608,0,4270,758243,medium_default,1000000.0
Fin_fl_rl_scaffold_1,pure_rl,fl_rl_scaffold,3723623.229726553,1000000.0,3723623.229726265,2723623.229726265,0.0,0.0,6.0,0.0,1455,1455,80,0.0549828178694158,50050533.319374695,197410.72041808747,0.0039442281095867,0.1974107204180874,0,4270,758243,medium_default,1000000.0
Fin_fl_rl_scaffold_2,pure_rl,fl_rl_scaffold,4471885.737576177,1000000.0,4471885.737576107,3471885.7375761066,0.0,0.0,6.0,0.0,1859,1859,125,0.0672404518558364,63062208.081373625,278363.1643240429,0.0044141043073666,0.2783631643240429,0,4270,758243,medium_default,1000000.0
Fin_fl_rl_scaffold_3,pure_rl,fl_rl_scaffold,5413037.765854057,1000000.0,5413037.765854088,4413037.765854088,0.0,0.0,6.0,0.0,2100,2100,44,0.0209523809523809,71928626.03123702,90016.75451077614,0.001251473293424,0.0900167545107761,0,4270,758243,medium_default,1000000.0
Fin_fl_rl_1,pure_rl,fl_rl,2909388.03649729,1000000.0,2909388.036497039,1909388.0364970388,0.0,0.0,7.0,0.0,1282,1282,102,0.079563182527301,44796322.27082116,316075.9335209596,0.0070558456029065,0.3160759335209596,0,4269,758243,high_default,1000000.0
Fin_fl_rl_2,pure_rl,fl_rl,3676624.527958143,1000000.0,3676624.5279587833,2676624.527958784,0.0,0.0,6.0,0.0,1806,1806,130,0.0719822812846068,61902797.78905741,363544.4264234161,0.0058728270677239,0.3635444264234161,0,4269,758243,high_default,1000000.0
Fin_fl_rl_3,pure_rl,fl_rl,5170105.980821023,1000000.0,5170105.980821812,4170105.980821812,0.0,0.0,6.0,0.0,2345,2345,31,0.0132196162046908,79270053.23172298,104465.83974577687,0.0013178474781693,0.1044658397457768,0,4269,758243,high_default,1000000.0
Fin_fl_rl_prox_1,pure_rl,fl_rl_prox,3328571.250118336,1000000.0,3328571.2501182687,2328571.2501182687,0.0,0.0,7.0,0.0,1668,1668,117,0.0701438848920863,56528176.27920875,366583.348558783,0.0064849668375665,0.366583348558783,0,4245,758243,high_default,1000000.0
Fin_fl_rl_prox_2,pure_rl,fl_rl_prox,3354633.7182428464,1000000.0,3354633.718243063,2354633.718243063,0.0,0.0,12.0,0.0,1445,1445,130,0.0899653979238754,49717407.565462135,346897.62522093486,0.0069773876436372,0.3468976252209348,0,4245,758243,high_default,1000000.0
Fin_fl_rl_prox_3,pure_rl,fl_rl_prox,5735355.103516535,1000000.0,5735355.103516936,4735355.103516936,0.0,0.0,6.0,0.0,2453,2453,33,0.0134529147982062,85505005.51624027,98568.47080964096,0.0011527801233919,0.0985684708096409,0,4245,758243,high_default,1000000.0
Fin_fl_rl_scaffold_1,pure_rl,fl_rl_scaffold,2924069.511846298,1000000.0,2924069.5118463254,1924069.5118463251,0.0,0.0,7.0,0.0,1399,1399,83,0.0593280914939242,47691233.90566012,269177.86677724693,0.0056441791233524,0.2691778667772469,0,4258,758243,high_default,1000000.0
Fin_fl_rl_scaffold_2,pure_rl,fl_rl_scaffold,3420228.172242468,1000000.0,3420228.1722429623,2420228.1722429623,0.0,0.0,6.0,0.0,1714,1714,128,0.0746791131855309,59698265.72432324,364245.0795876682,0.0061014348602636,0.3642450795876682,0,4258,758243,high_default,1000000.0
Fin_fl_rl_scaffold_3,pure_rl,fl_rl_scaffold,5543221.07673748,1000000.0,5543221.076738034,4543221.076738034,0.0,0.0,6.0,0.0,2509,2509,30,0.0119569549621363,86096521.16226566,96703.88294042822,0.0011232031403239,0.0967038829404282,0,4258,758243,high_default,1000000.0
Fin_fl_rl_1,pure_rl,fl_rl,9566011.614815349,5000000.0,9566011.61481507,4566011.614815069,0.0,0.0,6.0,0.0,3386,3386,0,0.0,118435529.0937835,0.0,0.0,0.0,0,4245,758243,none_default,5000000.0
Fin_fl_rl_2,pure_rl,fl_rl,10036619.901768813,5000000.0,10036619.901764233,5036619.901764233,0.0,0.0,11.0,0.0,3698,3698,0,0.0,129643821.58624044,0.0,0.0,0.0,0,4245,758243,none_default,5000000.0
Fin_fl_rl_3,pure_rl,fl_rl,9180962.47724028,5000000.0,9180962.477239644,4180962.477239644,0.0,0.0,8.0,0.0,3023,3023,0,0.0,106153433.67910174,0.0,0.0,0.0,0,4245,758243,none_default,5000000.0
Fin_fl_rl_prox_1,pure_rl,fl_rl_prox,8282289.832071282,5000000.0,8282289.832071474,3282289.832071474,0.0,0.0,12.0,0.0,2416,2416,0,0.0,84094991.88322689,0.0,0.0,0.0,0,4254,758243,none_default,5000000.0
Fin_fl_rl_prox_2,pure_rl,fl_rl_prox,12978663.43999291,5000000.0,12978663.439993007,7978663.439993009,0.0,0.0,6.0,0.0,5801,5801,0,0.0,202962871.98343888,0.0,0.0,0.0,0,4254,758243,none_default,5000000.0
Fin_fl_rl_prox_3,pure_rl,fl_rl_prox,7741486.934767701,5000000.0,7741486.934766719,2741486.934766719,0.0,0.0,10.0,0.0,2135,2135,0,0.0,75045295.73534791,0.0,0.0,0.0,0,4254,758243,none_default,5000000.0
Fin_fl_rl_scaffold_1,pure_rl,fl_rl_scaffold,8723562.719023341,5000000.0,8723562.719021898,3723562.7190218978,0.0,0.0,9.0,0.0,2936,2936,0,0.0,102558757.13323446,0.0,0.0,0.0,0,4249,758243,none_default,5000000.0
Fin_fl_rl_scaffold_2,pure_rl,fl_rl_scaffold,11826502.535439318,5000000.0,11826502.53543854,6826502.535438541,0.0,0.0,6.0,0.0,4828,4828,0,0.0,169028228.6576845,0.0,0.0,0.0,0,4249,758243,none_default,5000000.0
Fin_fl_rl_scaffold_3,pure_rl,fl_rl_scaffold,8578813.02133146,5000000.0,8578813.02133272,3578813.0213327203,0.0,0.0,16.0,0.0,2602,2602,0,0.0,90959558.11071244,0.0,0.0,0.0,0,4249,758243,none_default,5000000.0
Fin_fl_rl_1,pure_rl,fl_rl,8911619.45725777,5000000.0,8911619.457259243,3911619.4572592434,0.0,0.0,8.0,0.0,2535,2535,62,0.0244575936883629,88253393.7459202,123155.89871323084,0.0013954805983755,0.0246311797426461,0,4253,758243,low_default,5000000.0
Fin_fl_rl_2,pure_rl,fl_rl,8939639.296828022,5000000.0,8939639.296829278,3939639.2968292776,0.0,0.0,9.0,0.0,2630,2630,121,0.0460076045627376,92507101.930245,252765.32334857463,0.0027323883039722,0.0505530646697149,0,4253,758243,low_default,5000000.0
Fin_fl_rl_3,pure_rl,fl_rl,11935475.922495898,5000000.0,11935475.922498204,6935475.922498204,0.0,0.0,14.0,0.0,3744,3744,29,0.0077457264957264,131451152.7336857,54201.799482529794,0.0004123341511682,0.0108403598965059,0,4253,758243,low_default,5000000.0
Fin_fl_rl_prox_1,pure_rl,fl_rl_prox,9347741.786150755,5000000.0,9347741.786150316,4347741.786150316,0.0,0.0,6.0,0.0,2644,2644,62,0.0234493192133131,92663553.6938981,128072.5576168712,0.0013821243899186,0.0256145115233742,0,4255,758243,low_default,5000000.0
Fin_fl_rl_prox_2,pure_rl,fl_rl_prox,9390100.192287484,5000000.0,9390100.192287246,4390100.192287246,0.0,0.0,13.0,0.0,2894,2894,113,0.0390463026952315,102033053.87792644,238040.9140349812,0.0023329784318695,0.0476081828069962,0,4255,758243,low_default,5000000.0
Fin_fl_rl_prox_3,pure_rl,fl_rl_prox,11416001.552934757,5000000.0,11416001.5529353,6416001.5529352985,0.0,0.0,14.0,0.0,3292,3292,33,0.0100243013365735,115695056.287874,68815.31497426261,0.0005947990967136,0.0137630629948525,0,4255,758243,low_default,5000000.0
Fin_fl_rl_scaffold_1,pure_rl,fl_rl_scaffold,9257236.186212623,5000000.0,9257236.186206888,4257236.186206887,0.0,0.0,6.0,0.0,2924,2924,65,0.0222298221614227,101799906.78534198,140956.6842683908,0.0013846445318031,0.0281913368536781,0,4255,758243,low_default,5000000.0
Fin_fl_rl_scaffold_2,pure_rl,fl_rl_scaffold,8858819.970853666,5000000.0,8858819.970853198,3858819.9708531983,0.0,0.0,10.0,0.0,2718,2718,123,0.0452538631346578,95396236.84002176,256338.69529329624,0.0026870944157176,0.0512677390586592,0,4255,758243,low_default,5000000.0
Fin_fl_rl_scaffold_3,pure_rl,fl_rl_scaffold,11373760.78541723,5000000.0,11373760.785420047,6373760.785420049,0.0,0.0,14.0,0.0,3370,3370,28,0.0083086053412462,118160934.59824984,58538.13109231721,0.0004954101902743,0.0117076262184634,0,4255,758243,low_default,5000000.0
Fin_fl_rl_1,pure_rl,fl_rl,7804721.16400926,5000000.0,7804721.164009733,2804721.164009733,0.0,0.0,8.0,0.0,1628,1628,113,0.0694103194103194,56726652.06868687,277986.177898036,0.0049004509831011,0.0555972355796071,0,4230,758243,medium_default,5000000.0
Fin_fl_rl_2,pure_rl,fl_rl,7331547.691707632,5000000.0,7331547.691707507,2331547.691707507,0.0,0.0,10.0,0.0,1669,1669,266,0.1593768723786698,58521907.40493752,591419.82468457,0.0101059560583404,0.118283964936914,0,4230,758243,medium_default,5000000.0
Fin_fl_rl_3,pure_rl,fl_rl,9230573.209229244,5000000.0,9230573.20922948,4230573.2092294805,0.0,0.0,8.0,0.0,2288,2288,67,0.0292832167832167,80407686.73520243,167011.47932485846,0.0020770586259353,0.0334022958649716,0,4230,758243,medium_default,5000000.0
Fin_fl_rl_prox_1,pure_rl,fl_rl_prox,5597668.736288237,5000000.0,5597668.73628743,597668.7362874299,0.0,0.0,23.0,0.0,534,534,90,0.1685393258426966,18666276.01582916,217678.96992975724,0.0116616174401987,0.0435357939859514,0,4271,758243,medium_default,5000000.0
Fin_fl_rl_prox_2,pure_rl,fl_rl_prox,8386999.859245051,5000000.0,8386999.859243542,3386999.859243542,0.0,0.0,7.0,0.0,1991,1991,248,0.1245605223505776,69433845.49892752,565624.0125443654,0.0081462290973514,0.113124802508873,0,4271,758243,medium_default,5000000.0
Fin_fl_rl_prox_3,pure_rl,fl_rl_prox,13121376.181,5000000.0,13121376.181002202,8121376.1810022015,0.0,0.0,9.0,0.0,3862,3862,105,0.027187985499741,134715772.457119,236285.84181277975,0.0017539582596981,0.0472571683625559,0,4271,758243,medium_default,5000000.0
Fin_fl_rl_scaffold_1,pure_rl,fl_rl_scaffold,7031312.467604207,5000000.0,7031312.467602783,2031312.4676027829,0.0,0.0,12.0,0.0,1357,1357,169,0.1245394252026529,47480381.19906383,402467.3814878602,0.0084764985310563,0.080493476297572,0,4255,758243,medium_default,5000000.0
Fin_fl_rl_scaffold_2,pure_rl,fl_rl_scaffold,9124619.171543032,5000000.0,9124619.171542965,4124619.171542965,0.0,0.0,6.0,0.0,2362,2362,235,0.0994919559695173,82676055.14330329,533555.005140752,0.0064535614842282,0.1067110010281503,0,4255,758243,medium_default,5000000.0
Fin_fl_rl_scaffold_3,pure_rl,fl_rl_scaffold,10910128.82842967,5000000.0,10910128.82843262,5910128.828432621,0.0,0.0,6.0,0.0,2921,2921,68,0.0232796987333105,102801418.4719261,157683.6624819474,0.0015338666024828,0.0315367324963894,0,4255,758243,medium_default,5000000.0
Fin_fl_rl_1,pure_rl,fl_rl,8545916.943497138,5000000.0,8545916.943497071,3545916.943497071,0.0,0.0,10.0,0.0,2593,2593,198,0.0763594292325491,90567315.06738718,658797.3958318622,0.0072741186524264,0.1317594791663724,0,4270,758243,high_default,5000000.0
Fin_fl_rl_2,pure_rl,fl_rl,7427477.545163851,5000000.0,7427477.5451652,2427477.5451652,0.0,0.0,13.0,0.0,1512,1512,144,0.0952380952380952,53373013.870664336,387269.9835299908,0.0072559137182779,0.0774539967059981,0,4270,758243,high_default,5000000.0
Fin_fl_rl_3,pure_rl,fl_rl,8700455.829542547,5000000.0,8700455.82954244,3700455.82954244,0.0,0.0,20.0,0.0,2029,2029,90,0.0443568260226712,69901854.26373741,270703.21319193963,0.0038726184883534,0.0541406426383879,0,4270,758243,high_default,5000000.0
Fin_fl_rl_prox_1,pure_rl,fl_rl_prox,7674264.965171986,5000000.0,7674264.965168992,2674264.965168992,0.0,0.0,12.0,0.0,1893,1893,172,0.0908610670892762,66679912.14300072,605612.2611537548,0.0090823794106832,0.1211224522307509,0,4255,758243,high_default,5000000.0
Fin_fl_rl_prox_2,pure_rl,fl_rl_prox,8290994.319034908,5000000.0,8290994.31903591,3290994.31903591,0.0,0.0,14.0,0.0,1847,1847,128,0.0693015701136978,64299936.09697594,337933.7685978655,0.0052555848280813,0.0675867537195731,0,4255,758243,high_default,5000000.0
Fin_fl_rl_prox_3,pure_rl,fl_rl_prox,8599931.76572556,5000000.0,8599931.765724374,3599931.765724374,0.0,0.0,12.0,0.0,1938,1938,88,0.045407636738906,67490618.11076842,266059.5212948461,0.0039421704637254,0.0532119042589692,0,4255,758243,high_default,5000000.0
Fin_fl_rl_scaffold_1,pure_rl,fl_rl_scaffold,8522000.566397846,5000000.0,8522000.566398654,3522000.566398654,0.0,0.0,10.0,0.0,2105,2105,174,0.0826603325415677,73267886.75612888,596582.2015227616,0.00814247862107,0.1193164403045523,0,4254,758243,high_default,5000000.0
Fin_fl_rl_scaffold_2,pure_rl,fl_rl_scaffold,7345822.436577199,5000000.0,7345822.4365765955,2345822.4365765955,0.0,0.0,6.0,0.0,1376,1376,138,0.1002906976744186,48059122.96624871,367107.3728260477,0.0076386615104038,0.0734214745652095,0,4254,758243,high_default,5000000.0
Fin_fl_rl_scaffold_3,pure_rl,fl_rl_scaffold,8472442.912555238,5000000.0,8472442.91255408,3472442.91255408,0.0,0.0,20.0,0.0,2026,2026,120,0.0592300098716683,70543216.08261973,382120.4235483944,0.0054168273686424,0.0764240847096788,0,4254,758243,high_default,5000000.0
Fin_fl_rl_1,pure_rl,fl_rl,15388584.22930802,10000000.0,15388584.229316097,5388584.229316097,0.0,0.0,18.0,0.0,3530,3530,0,0.0,124218923.1799173,0.0,0.0,0.0,0,4249,758243,none_default,10000000.0
Fin_fl_rl_2,pure_rl,fl_rl,15703535.47534294,10000000.0,15703535.475340215,5703535.475340217,0.0,0.0,15.0,0.0,3968,3968,0,0.0,139277136.7950854,0.0,0.0,0.0,0,4249,758243,none_default,10000000.0
Fin_fl_rl_3,pure_rl,fl_rl,14157042.37360434,10000000.0,14157042.373606808,4157042.373606809,0.0,0.0,17.0,0.0,2810,2810,0,0.0,98083058.69361506,0.0,0.0,0.0,0,4249,758243,none_default,10000000.0
Fin_fl_rl_prox_1,pure_rl,fl_rl_prox,12908215.198727865,10000000.0,12908215.19872658,2908215.1987265795,0.0,0.0,13.0,0.0,2307,2307,0,0.0,81270352.72112775,0.0,0.0,0.0,0,4263,758243,none_default,10000000.0
Fin_fl_rl_prox_2,pure_rl,fl_rl_prox,19014557.5050177,10000000.0,19014557.50501647,9014557.505016468,0.0,0.0,12.0,0.0,6478,6478,0,0.0,226863247.95869905,0.0,0.0,0.0,0,4263,758243,none_default,10000000.0
Fin_fl_rl_prox_3,pure_rl,fl_rl_prox,12111301.437117873,10000000.0,12111301.437115887,2111301.437115889,0.0,0.0,13.0,0.0,1555,1555,0,0.0,54658964.13955584,0.0,0.0,0.0,0,4263,758243,none_default,10000000.0
Fin_fl_rl_scaffold_1,pure_rl,fl_rl_scaffold,10339923.158446165,10000000.0,10339923.158446468,339923.1584464684,0.0,0.0,18.0,0.0,331,331,0,0.0,11752760.100427998,0.0,0.0,0.0,0,4248,758243,none_default,10000000.0
Fin_fl_rl_scaffold_2,pure_rl,fl_rl_scaffold,18280459.85284284,10000000.0,18280459.85283941,8280459.85283941,0.0,0.0,14.0,0.0,7168,7168,0,0.0,251025320.52813423,0.0,0.0,0.0,0,4248,758243,none_default,10000000.0
Fin_fl_rl_scaffold_3,pure_rl,fl_rl_scaffold,13427671.449057069,10000000.0,13427671.449060269,3427671.4490602687,0.0,0.0,17.0,0.0,2889,2889,0,0.0,100906978.11741902,0.0,0.0,0.0,0,4248,758243,none_default,10000000.0
Fin_fl_rl_1,pure_rl,fl_rl,15705511.953374228,10000000.0,15705511.953369306,5705511.953369306,0.0,0.0,13.0,0.0,2920,2920,56,0.0191780821917808,102272083.85315987,127805.36133326316,0.0012496602838049,0.0127805361333263,0,4252,758243,low_default,10000000.0
Fin_fl_rl_2,pure_rl,fl_rl,14652754.604087356,10000000.0,14652754.6040826,4652754.604082599,0.0,0.0,14.0,0.0,2610,2610,129,0.0494252873563218,91888760.69632556,275013.90855825064,0.0029929003990718,0.027501390855825,0,4252,758243,low_default,10000000.0
Fin_fl_rl_3,pure_rl,fl_rl,11168815.33259878,10000000.0,11168815.3326005,1168815.3326004986,0.0,0.0,28.0,0.0,742,742,16,0.0215633423180593,26266721.68317867,30465.584483013863,0.0011598548479129,0.0030465584483013,0,4252,758243,low_default,10000000.0
Fin_fl_rl_prox_1,pure_rl,fl_rl_prox,15705511.953374228,10000000.0,15705511.953369306,5705511.953369306,0.0,0.0,13.0,0.0,2920,2920,56,0.0191780821917808,102272083.85315987,127805.36133326316,0.0012496602838049,0.0127805361333263,0,4252,758243,low_default,10000000.0
Fin_fl_rl_prox_2,pure_rl,fl_rl_prox,14652754.604087356,10000000.0,14652754.6040826,4652754.604082599,0.0,0.0,14.0,0.0,2610,2610,129,0.0494252873563218,91888760.69632556,275013.90855825064,0.0029929003990718,0.027501390855825,0,4252,758243,low_default,10000000.0
Fin_fl_rl_prox_3,pure_rl,fl_rl_prox,11168815.33259878,10000000.0,11168815.3326005,1168815.3326004986,0.0,0.0,28.0,0.0,742,742,16,0.0215633423180593,26266721.68317867,30465.584483013863,0.0011598548479129,0.0030465584483013,0,4252,758243,low_default,10000000.0
Fin_fl_rl_scaffold_1,pure_rl,fl_rl_scaffold,14463528.091309624,10000000.0,14463528.09130918,4463528.091309179,0.0,0.0,13.0,0.0,2410,2410,55,0.0228215767634854,84442633.98430747,120674.76194135408,0.0014290738723732,0.0120674761941354,0,4248,758243,low_default,10000000.0
Fin_fl_rl_scaffold_2,pure_rl,fl_rl_scaffold,15785419.72687131,10000000.0,15785419.726880644,5785419.726880644,0.0,0.0,24.0,0.0,3288,3288,124,0.0377128953771289,115286939.22988084,269870.92839883966,0.0023408629824122,0.0269870928398839,0,4248,758243,low_default,10000000.0
Fin_fl_rl_scaffold_3,pure_rl,fl_rl_scaffold,11208982.105275564,10000000.0,11208982.105277672,1208982.1052776724,0.0,0.0,28.0,0.0,787,787,16,0.0203303684879288,27914611.040245757,30465.584483013863,0.0010913848822428,0.0030465584483013,0,4248,758243,low_default,10000000.0
Fin_fl_rl_1,pure_rl,fl_rl,13481019.064000145,10000000.0,13481019.064001994,3481019.064001994,0.0,0.0,16.0,0.0,2185,2185,100,0.045766590389016,75050676.66553572,247750.9297886504,0.003301115203701,0.024775092978865,0,4246,758243,medium_default,10000000.0
Fin_fl_rl_2,pure_rl,fl_rl,14713011.323027864,10000000.0,14713011.323023733,4713011.323023733,0.0,0.0,14.0,0.0,2942,2942,199,0.0676410605030591,102324342.1469522,460093.6591194516,0.0044964243059456,0.0460093659119451,0,4246,758243,medium_default,10000000.0
Fin_fl_rl_3,pure_rl,fl_rl,14434548.850014873,10000000.0,14434548.850017494,4434548.850017494,0.0,0.0,19.0,0.0,2268,2268,55,0.0242504409171075,79262650.93382482,138042.60899827065,0.0017415845593345,0.013804260899827,0,4246,758243,medium_default,10000000.0
Fin_fl_rl_prox_1,pure_rl,fl_rl_prox,12716047.65135482,10000000.0,12716047.651355283,2716047.651355285,0.0,0.0,34.0,0.0,1491,1491,68,0.0456069751844399,51873645.90981966,161336.59450368985,0.003110184211539,0.0161336594503689,0,4261,758243,medium_default,10000000.0
Fin_fl_rl_prox_2,pure_rl,fl_rl_prox,14545428.178050222,10000000.0,14545428.178046675,4545428.178046677,0.0,0.0,15.0,0.0,2582,2582,129,0.0499612703330751,90528257.36382566,285992.46782216954,0.0031591513650018,0.0285992467822169,0,4261,758243,medium_default,10000000.0
Fin_fl_rl_prox_3,pure_rl,fl_rl_prox,14960163.78697234,10000000.0,14960163.78697332,4960163.78697332,0.0,0.0,14.0,0.0,2615,2615,62,0.0237093690248565,91575510.76674846,167433.56143054785,0.0018283661213423,0.0167433561430547,0,4261,758243,medium_default,10000000.0
Fin_fl_rl_scaffold_1,pure_rl,fl_rl_scaffold,13544687.287574291,10000000.0,13544687.287570173,3544687.287570171,0.0,0.0,13.0,0.0,2126,2126,127,0.0597365945437441,74362188.46546198,283959.3908174004,0.0038185991654789,0.02839593908174,0,4261,758243,medium_default,10000000.0
Fin_fl_rl_scaffold_2,pure_rl,fl_rl_scaffold,10577758.203816544,10000000.0,10577758.203815743,577758.2038157452,0.0,0.0,26.0,0.0,782,782,166,0.2122762148337595,27392548.938274708,388827.5546562109,0.014194646709672,0.038882755465621,0,4261,758243,medium_default,10000000.0
Fin_fl_rl_scaffold_3,pure_rl,fl_rl_scaffold,18045413.67389879,10000000.0,18045413.67390264,8045413.673902638,0.0,0.0,17.0,0.0,3881,3881,63,0.0162329296573048,135885232.63078958,161606.33716554902,0.0011892855024551,0.0161606337165549,0,4261,758243,medium_default,10000000.0
Fin_fl_rl_1,pure_rl,fl_rl,11128630.674835907,10000000.0,11128630.674832772,1128630.6748327725,0.0,0.0,8.0,0.0,1041,1041,175,0.1681075888568683,35979140.93177297,594487.1997045355,0.016523107120091,0.0594487199704535,0,4257,758243,high_default,10000000.0
Fin_fl_rl_2,pure_rl,fl_rl,13125348.819464302,10000000.0,13125348.819463972,3125348.819463972,0.0,0.0,8.0,0.0,1745,1745,147,0.084240687679083,60838467.22929369,366828.4417779488,0.0060295477266942,0.0366828441777948,0,4257,758243,high_default,10000000.0
Fin_fl_rl_3,pure_rl,fl_rl,16607422.225876449,10000000.0,16607422.225874256,6607422.225874256,0.0,0.0,11.0,0.0,3647,3647,171,0.0468878530298875,127344404.45509966,531289.3793681153,0.0041720669364427,0.0531289379368115,0,4257,758243,high_default,10000000.0
Fin_fl_rl_prox_1,pure_rl,fl_rl_prox,11544357.873426544,10000000.0,11544357.87342229,1544357.8734222893,0.0,0.0,6.0,0.0,1202,1202,171,0.1422628951747088,41915313.81050365,571137.91753759,0.0136259964584702,0.057113791753759,0,4247,758243,high_default,10000000.0
Fin_fl_rl_prox_2,pure_rl,fl_rl_prox,12959041.0316136,10000000.0,12959041.031614153,2959041.0316141527,0.0,0.0,6.0,0.0,1683,1683,146,0.0867498514557338,59059453.96895608,368910.42280362704,0.0062464245436055,0.0368910422803627,0,4247,758243,high_default,10000000.0
Fin_fl_rl_prox_3,pure_rl,fl_rl_prox,15773394.962972416,10000000.0,15773394.962974371,5773394.962974373,0.0,0.0,12.0,0.0,3340,3340,184,0.0550898203592814,116880173.37340094,572137.8998657995,0.0048950808623287,0.0572137899865799,0,4247,758243,high_default,10000000.0
Fin_fl_rl_scaffold_1,pure_rl,fl_rl_scaffold,11124729.356742669,10000000.0,11124729.356743025,1124729.356743025,0.0,0.0,7.0,0.0,904,904,162,0.1792035398230088,31719247.092846025,548441.2679860509,0.0172904882130618,0.054844126798605,0,4251,758243,high_default,10000000.0
Fin_fl_rl_scaffold_2,pure_rl,fl_rl_scaffold,13587346.823198216,10000000.0,13587346.823199391,3587346.823199393,0.0,0.0,6.0,0.0,2013,2013,174,0.0864381520119225,70456147.75708878,467513.70163536107,0.0066355274382471,0.0467513701635361,0,4251,758243,high_default,10000000.0
Fin_fl_rl_scaffold_3,pure_rl,fl_rl_scaffold,16087487.694233889,10000000.0,16087487.694235424,6087487.694235424,0.0,0.0,7.0,0.0,3276,3276,149,0.0454822954822954,115200525.41801564,462745.78890971246,0.0040168722080962,0.0462745788909712,0,4251,758243,high_default,10000000.0
Fin_fl_rl_1,pure_rl,fl_rl,3948710.523992423,1000000.0,3948710.523992586,2948710.523992586,0.0,0.0,6.0,0.0,1882,1882,0,0.0,64370888.33917037,0.0,0.0,0.0,0,4246,812077,none_default,1000000.0
Fin_fl_rl_2,pure_rl,fl_rl,6252148.120503092,1000000.0,6252148.120503287,5252148.120503287,0.0,0.0,6.0,0.0,2851,2851,0,0.0,95582424.61854094,0.0,0.0,0.0,0,4246,812077,none_default,1000000.0
Fin_fl_rl_3,pure_rl,fl_rl,5153557.8236850845,1000000.0,5153557.823685083,4153557.8236850826,0.0,0.0,6.0,0.0,2585,2585,0,0.0,85853278.3936027,0.0,0.0,0.0,0,4246,812077,none_default,1000000.0
Fin_fl_rl_prox_1,pure_rl,fl_rl_prox,3575777.320886221,1000000.0,3575777.3208860448,2575777.3208860448,0.0,0.0,6.0,0.0,1414,1414,0,0.0,49369332.56430707,0.0,0.0,0.0,0,4250,812077,none_default,1000000.0
Fin_fl_rl_prox_2,pure_rl,fl_rl_prox,5411484.488072259,1000000.0,5411484.48807262,4411484.48807262,0.0,0.0,6.0,0.0,2687,2687,0,0.0,86763575.40507878,0.0,0.0,0.0,0,4250,812077,none_default,1000000.0
Fin_fl_rl_prox_3,pure_rl,fl_rl_prox,7488464.627194452,1000000.0,7488464.627194049,6488464.627194049,0.0,0.0,6.0,0.0,3226,3226,0,0.0,112162757.91546077,0.0,0.0,0.0,0,4250,812077,none_default,1000000.0
Fin_fl_rl_scaffold_1,pure_rl,fl_rl_scaffold,5369257.294127886,1000000.0,5369257.294127367,4369257.294127367,0.0,0.0,6.0,0.0,2112,2112,0,0.0,75756104.24115993,0.0,0.0,0.0,0,4255,812077,none_default,1000000.0
Fin_fl_rl_scaffold_2,pure_rl,fl_rl_scaffold,5060685.918448736,1000000.0,5060685.918449035,4060685.918449035,0.0,0.0,6.0,0.0,2743,2743,0,0.0,88721219.56418934,0.0,0.0,0.0,0,4255,812077,none_default,1000000.0
Fin_fl_rl_scaffold_3,pure_rl,fl_rl_scaffold,5190118.783045902,1000000.0,5190118.783046136,4190118.783046136,0.0,0.0,6.0,0.0,2658,2658,0,0.0,88632076.00136529,0.0,0.0,0.0,0,4255,812077,none_default,1000000.0
Fin_fl_rl_1,pure_rl,fl_rl,4297335.586096195,1000000.0,4297335.586096078,3297335.586096078,0.0,0.0,6.0,0.0,2184,2184,24,0.0109890109890109,73795569.95867996,47084.326808752245,0.0006380373081353,0.0470843268087522,0,4263,812077,low_default,1000000.0
Fin_fl_rl_2,pure_rl,fl_rl,4077543.234794988,1000000.0,4077543.234794268,3077543.234794268,0.0,0.0,6.0,0.0,1691,1691,29,0.0171496156120638,58648260.70372716,55559.23445486344,0.0009473296187849,0.0555592344548634,0,4263,812077,low_default,1000000.0
Fin_fl_rl_3,pure_rl,fl_rl,5819859.420750378,1000000.0,5819859.420750178,4819859.420750178,0.0,0.0,6.0,0.0,2579,2579,14,0.0054284606436603,87593256.98450643,23369.05664849427,0.0002667905892873,0.0233690566484942,0,4263,812077,low_default,1000000.0
Fin_fl_rl_prox_1,pure_rl,fl_rl_prox,4297335.586096195,1000000.0,4297335.586096078,3297335.586096078,0.0,0.0,6.0,0.0,2184,2184,24,0.0109890109890109,73795569.95867996,47084.326808752245,0.0006380373081353,0.0470843268087522,0,4263,812077,low_default,1000000.0
Fin_fl_rl_prox_2,pure_rl,fl_rl_prox,4077543.234794988,1000000.0,4077543.234794268,3077543.234794268,0.0,0.0,6.0,0.0,1691,1691,29,0.0171496156120638,58648260.70372716,55559.23445486344,0.0009473296187849,0.0555592344548634,0,4263,812077,low_default,1000000.0
Fin_fl_rl_prox_3,pure_rl,fl_rl_prox,5819859.420750378,1000000.0,5819859.420750178,4819859.420750178,0.0,0.0,6.0,0.0,2579,2579,14,0.0054284606436603,87593256.98450643,23369.05664849427,0.0002667905892873,0.0233690566484942,0,4263,812077,low_default,1000000.0
Fin_fl_rl_scaffold_1,pure_rl,fl_rl_scaffold,4340280.168797136,1000000.0,4340280.168797193,3340280.168797193,0.0,0.0,6.0,0.0,2142,2142,25,0.0116713352007469,73540284.51113069,54938.70211923536,0.0007470558821528,0.0549387021192353,0,4256,812077,low_default,1000000.0
Fin_fl_rl_scaffold_2,pure_rl,fl_rl_scaffold,3934208.017976107,1000000.0,3934208.017975993,2934208.0179759925,0.0,0.0,6.0,0.0,1634,1634,37,0.0226438188494492,57094232.57048487,72385.55874393247,0.0012678261093109,0.0723855587439324,0,4256,812077,low_default,1000000.0
Fin_fl_rl_scaffold_3,pure_rl,fl_rl_scaffold,6634893.394280128,1000000.0,6634893.394280146,5634893.394280146,0.0,0.0,6.0,0.0,2971,2971,13,0.0043756311006395,99571678.35317092,17699.82635012976,0.0001777596465467,0.0176998263501297,0,4256,812077,low_default,1000000.0
Fin_fl_rl_1,pure_rl,fl_rl,4198992.525191048,1000000.0,4198992.525191294,3198992.525191294,0.0,0.0,6.0,0.0,2088,2088,59,0.0282567049808429,71581070.34834322,148251.394576601,0.0020710977616728,0.148251394576601,0,4261,812077,medium_default,1000000.0
Fin_fl_rl_2,pure_rl,fl_rl,3294174.275056655,1000000.0,3294174.275056124,2294174.275056124,0.0,0.0,6.0,0.0,1623,1623,73,0.0449784349969192,54683790.00973191,169005.30554228468,0.0030905923951541,0.1690053055422846,0,4261,812077,medium_default,1000000.0
Fin_fl_rl_3,pure_rl,fl_rl,5379938.693300645,1000000.0,5379938.693301007,4379938.693301007,0.0,0.0,21.0,0.0,2512,2512,13,0.0051751592356687,86534218.96961686,27144.874352602743,0.0003136894823322,0.0271448743526027,0,4261,812077,medium_default,1000000.0
Fin_fl_rl_prox_1,pure_rl,fl_rl_prox,4244128.93680823,1000000.0,4244128.936807936,3244128.936807936,0.0,0.0,6.0,0.0,2094,2094,58,0.0276981852913085,71723772.4654835,149019.28847872326,0.0020776833587558,0.1490192884787232,0,4257,812077,medium_default,1000000.0
Fin_fl_rl_prox_2,pure_rl,fl_rl_prox,3240728.434326121,1000000.0,3240728.4343261505,2240728.4343261505,0.0,0.0,6.0,0.0,1614,1614,70,0.0433705080545229,54164029.83875927,161374.70661774944,0.0029793703883951,0.1613747066177494,0,4257,812077,medium_default,1000000.0
Fin_fl_rl_prox_3,pure_rl,fl_rl_prox,5295857.909241519,1000000.0,5295857.909241361,4295857.909241361,0.0,0.0,21.0,0.0,2500,2500,17,0.0068,86385032.05826919,35492.091872579425,0.0004108592776655,0.0354920918725794,0,4257,812077,medium_default,1000000.0
Fin_fl_rl_scaffold_1,pure_rl,fl_rl_scaffold,4008411.2701441017,1000000.0,4008411.270144071,3008411.270144071,0.0,0.0,6.0,0.0,1881,1881,49,0.0260499734183944,64340790.1456493,119995.93079945294,0.0018650055513433,0.1199959307994529,0,4242,812077,medium_default,1000000.0
Fin_fl_rl_scaffold_2,pure_rl,fl_rl_scaffold,4033592.7798446426,1000000.0,4033592.779844308,3033592.7798443083,0.0,0.0,6.0,0.0,2171,2171,84,0.0386918470750806,72711828.26242441,195795.83263663272,0.0026927645379784,0.1957958326366327,0,4242,812077,medium_default,1000000.0
Fin_fl_rl_scaffold_3,pure_rl,fl_rl_scaffold,6042691.739674346,1000000.0,6042691.739674095,5042691.739674095,0.0,0.0,21.0,0.0,2508,2508,12,0.0047846889952153,87134508.255204,22549.559530262355,0.0002587902311242,0.0225495595302623,0,4242,812077,medium_default,1000000.0
Fin_fl_rl_1,pure_rl,fl_rl,3772782.3412353466,1000000.0,3772782.3412355664,2772782.3412355664,0.0,0.0,7.0,0.0,1781,1781,76,0.0426726558113419,61977867.29727949,218333.1014169824,0.0035227591870778,0.2183331014169824,0,4236,812077,high_default,1000000.0
Fin_fl_rl_2,pure_rl,fl_rl,3285211.760143143,1000000.0,3285211.7601433205,2285211.7601433205,0.0,0.0,7.0,0.0,1773,1773,98,0.0552735476593344,60044461.12101004,276046.8405058178,0.004597373935116,0.2760468405058178,0,4236,812077,high_default,1000000.0
Fin_fl_rl_3,pure_rl,fl_rl,3057105.9604618587,1000000.0,3057105.9604617977,2057105.9604617977,0.0,0.0,6.0,0.0,1328,1328,26,0.019578313253012,46658623.58745913,74762.02861345788,0.0016023196327967,0.0747620286134578,0,4236,812077,high_default,1000000.0
Fin_fl_rl_prox_1,pure_rl,fl_rl_prox,4311325.334959233,1000000.0,4311325.334959188,3311325.3349591875,0.0,0.0,7.0,0.0,1894,1894,63,0.0332629355860612,66087820.64304518,174252.85348783855,0.0026366863333111,0.1742528534878385,0,4263,812077,high_default,1000000.0
Fin_fl_rl_prox_2,pure_rl,fl_rl_prox,3709611.874959274,1000000.0,3709611.87495932,2709611.8749593203,0.0,0.0,7.0,0.0,1678,1678,63,0.0375446960667461,56984927.31344712,169106.8903473345,0.0029675722742815,0.1691068903473345,0,4263,812077,high_default,1000000.0
Fin_fl_rl_prox_3,pure_rl,fl_rl_prox,3980546.3807274806,1000000.0,3980546.380727401,2980546.3807274005,0.0,0.0,6.0,0.0,1569,1569,18,0.011472275334608,54040904.89796158,49722.92257353325,0.0009200978900597,0.0497229225735332,0,4263,812077,high_default,1000000.0
Fin_fl_rl_scaffold_1,pure_rl,fl_rl_scaffold,4288334.13744212,1000000.0,4288334.137442236,3288334.137442236,0.0,0.0,7.0,0.0,1858,1858,57,0.0306781485468245,64597176.01875792,165657.74242267112,0.0025644734434608,0.1656577424226711,0,4267,812077,high_default,1000000.0
Fin_fl_rl_scaffold_2,pure_rl,fl_rl_scaffold,3868992.048015808,1000000.0,3868992.048015959,2868992.048015959,0.0,0.0,7.0,0.0,1929,1929,66,0.0342146189735614,65732424.2565365,184215.47333582584,0.0028025053908993,0.1842154733358258,0,4267,812077,high_default,1000000.0
Fin_fl_rl_scaffold_3,pure_rl,fl_rl_scaffold,2705405.872243806,1000000.0,2705405.872244234,1705405.8722442342,0.0,0.0,6.0,0.0,983,983,19,0.0193285859613428,34226872.745513976,58206.04458040676,0.0017005948809049,0.0582060445804067,0,4267,812077,high_default,1000000.0
Fin_fl_rl_1,pure_rl,fl_rl,11033496.279387638,5000000.0,11033496.279388197,6033496.279388197,0.0,0.0,6.0,0.0,6098,6098,0,0.0,213286032.2717617,0.0,0.0,0.0,0,4254,812077,none_default,5000000.0
Fin_fl_rl_2,pure_rl,fl_rl,8592448.014634201,5000000.0,8592448.014636608,3592448.014636608,0.0,0.0,6.0,0.0,3649,3649,0,0.0,128693278.2874435,0.0,0.0,0.0,0,4254,812077,none_default,5000000.0
Fin_fl_rl_3,pure_rl,fl_rl,5557149.413110106,5000000.0,5557149.413110359,557149.4131103586,0.0,0.0,13.0,0.0,629,629,0,0.0,22279231.89484073,0.0,0.0,0.0,0,4254,812077,none_default,5000000.0
Fin_fl_rl_prox_1,pure_rl,fl_rl_prox,9292253.58695444,5000000.0,9292253.586952172,4292253.586952172,0.0,0.0,6.0,0.0,4169,4169,0,0.0,145600132.87556675,0.0,0.0,0.0,0,4244,812077,none_default,5000000.0
Fin_fl_rl_prox_2,pure_rl,fl_rl_prox,11658649.487438748,5000000.0,11658649.48743919,6658649.487439189,0.0,0.0,6.0,0.0,5706,5706,0,0.0,199653457.02819416,0.0,0.0,0.0,0,4244,812077,none_default,5000000.0
Fin_fl_rl_prox_3,pure_rl,fl_rl_prox,5383843.342924052,5000000.0,5383843.342922892,383843.3429228915,0.0,0.0,22.0,0.0,468,468,0,0.0,16289757.789025044,0.0,0.0,0.0,0,4244,812077,none_default,5000000.0
Fin_fl_rl_scaffold_1,pure_rl,fl_rl_scaffold,9169059.511659136,5000000.0,9169059.5116611,4169059.511661101,0.0,0.0,6.0,0.0,5463,5463,0,0.0,190991034.79483876,0.0,0.0,0.0,0,4234,812077,none_default,5000000.0
Fin_fl_rl_scaffold_2,pure_rl,fl_rl_scaffold,8834159.959457599,5000000.0,8834159.959456038,3834159.9594560377,0.0,0.0,6.0,0.0,4456,4456,0,0.0,156492440.52761915,0.0,0.0,0.0,0,4234,812077,none_default,5000000.0
Fin_fl_rl_scaffold_3,pure_rl,fl_rl_scaffold,5360808.913267068,5000000.0,5360808.913266943,360808.9132669429,0.0,0.0,13.0,0.0,449,449,0,0.0,15799229.028992658,0.0,0.0,0.0,0,4234,812077,none_default,5000000.0
Fin_fl_rl_1,pure_rl,fl_rl,8278303.448607401,5000000.0,8278303.448602297,3278303.4486022973,0.0,0.0,21.0,0.0,2264,2264,64,0.0282685512367491,79553624.94024909,129495.49417889593,0.0016277761607488,0.0258990988357791,0,4251,812077,low_default,5000000.0
Fin_fl_rl_2,pure_rl,fl_rl,7506927.580737907,5000000.0,7506927.580735907,2506927.580735907,0.0,0.0,21.0,0.0,1690,1690,96,0.0568047337278106,59208088.93686718,194320.8046236548,0.0032819975802775,0.0388641609247309,0,4251,812077,low_default,5000000.0
Fin_fl_rl_3,pure_rl,fl_rl,11730461.785230186,5000000.0,11730461.78523336,6730461.78523336,0.0,0.0,11.0,0.0,4436,4436,33,0.007439134355275,155181284.35482413,70476.17918701872,0.0004541538593395,0.0140952358374037,0,4251,812077,low_default,5000000.0
Fin_fl_rl_prox_1,pure_rl,fl_rl_prox,9413006.970776089,5000000.0,9413006.970777774,4413006.970777774,0.0,0.0,30.0,0.0,3019,3019,72,0.0238489566081483,105031674.46724522,142224.2719444792,0.0013541083931669,0.0284448543888958,0,4260,812077,low_default,5000000.0
Fin_fl_rl_prox_2,pure_rl,fl_rl_prox,7887608.056782016,5000000.0,7887608.056779937,2887608.056779937,0.0,0.0,17.0,0.0,1998,1998,104,0.052052052052052,70252023.4965495,206096.5575813772,0.0029336743245765,0.0412193115162754,0,4260,812077,low_default,5000000.0
Fin_fl_rl_prox_3,pure_rl,fl_rl_prox,11636056.089902418,5000000.0,11636056.089903012,6636056.089903012,0.0,0.0,24.0,0.0,3586,3586,42,0.0117122141662018,126015126.49717796,97798.29280745378,0.0007760837569737,0.0195596585614907,0,4260,812077,low_default,5000000.0
Fin_fl_rl_scaffold_1,pure_rl,fl_rl_scaffold,8847153.84192578,5000000.0,8847153.841925625,3847153.8419256248,0.0,0.0,21.0,0.0,2539,2539,58,0.0228436392280425,88884220.45747404,115616.465652871,0.0013007535539807,0.0231232931305742,0,4255,812077,low_default,5000000.0
Fin_fl_rl_scaffold_2,pure_rl,fl_rl_scaffold,8785510.09713108,5000000.0,8785510.097131643,3785510.097131643,0.0,0.0,8.0,0.0,2674,2674,180,0.0673148840688107,93762939.14878257,380850.715795033,0.0040618470288212,0.0761701431590066,0,4255,812077,low_default,5000000.0
Fin_fl_rl_scaffold_3,pure_rl,fl_rl_scaffold,9375635.442211688,5000000.0,9375635.442212522,4375635.442212522,0.0,0.0,28.0,0.0,2538,2538,30,0.0118203309692671,88535039.08998623,63119.18893086215,0.0007129289101765,0.0126238377861724,0,4255,812077,low_default,5000000.0
Fin_fl_rl_1,pure_rl,fl_rl,7450360.646662222,5000000.0,7450360.646659925,2450360.6466599246,0.0,0.0,6.0,0.0,1429,1429,104,0.072778166550035,50283782.12584833,258386.8602811203,0.0051385725050363,0.051677372056224,0,4231,812077,medium_default,5000000.0
Fin_fl_rl_2,pure_rl,fl_rl,8099209.501768807,5000000.0,8099209.501770152,3099209.501770152,0.0,0.0,18.0,0.0,1847,1847,150,0.0812127774769897,64596738.14545055,359723.95054876024,0.0055687633907888,0.071944790109752,0,4231,812077,medium_default,5000000.0
Fin_fl_rl_3,pure_rl,fl_rl,8528899.549128937,5000000.0,8528899.549128253,3528899.549128253,0.0,0.0,6.0,0.0,2234,2234,65,0.0290957923008057,78031995.2423956,164694.3507766138,0.0021106002770403,0.0329388701553227,0,4231,812077,medium_default,5000000.0
Fin_fl_rl_prox_1,pure_rl,fl_rl_prox,5503657.831472657,5000000.0,5503657.831472198,503657.8314721976,0.0,0.0,25.0,0.0,491,491,85,0.1731160896130346,17330051.988850217,204069.2346108332,0.0117754542653494,0.0408138469221666,0,4236,812077,medium_default,5000000.0
Fin_fl_rl_prox_2,pure_rl,fl_rl_prox,9444626.424729403,5000000.0,9444626.424726697,4444626.424726695,0.0,0.0,7.0,0.0,2534,2534,151,0.0595895816890292,88213046.01512894,358077.76541270403,0.0040592381919482,0.0716155530825408,0,4236,812077,medium_default,5000000.0
Fin_fl_rl_prox_3,pure_rl,fl_rl_prox,8849698.465353865,5000000.0,8849698.465352323,3849698.465352323,0.0,0.0,23.0,0.0,2335,2335,62,0.0265524625267665,82204281.68530942,162260.39718017515,0.0019738679525396,0.032452079436035,0,4236,812077,medium_default,5000000.0
Fin_fl_rl_scaffold_1,pure_rl,fl_rl_scaffold,5673218.949563837,5000000.0,5673218.949563271,673218.9495632714,0.0,0.0,22.0,0.0,632,632,100,0.1582278481012658,22491739.016440485,248717.9786234549,0.0110581924519777,0.0497435957246909,0,4232,812077,medium_default,5000000.0
Fin_fl_rl_scaffold_2,pure_rl,fl_rl_scaffold,6482401.61840765,5000000.0,6482401.618406832,1482401.6184068322,0.0,0.0,16.0,0.0,1241,1241,162,0.1305398871877518,43559585.39031959,371865.8155260557,0.0085369457076764,0.0743731631052111,0,4232,812077,medium_default,5000000.0
Fin_fl_rl_scaffold_3,pure_rl,fl_rl_scaffold,13840066.15141442,5000000.0,13840066.151413009,8840066.151413009,0.0,0.0,8.0,0.0,5044,5044,82,0.0162569389373513,176729604.81526905,192854.2326385977,0.0010912389740257,0.0385708465277195,0,4232,812077,medium_default,5000000.0
Fin_fl_rl_1,pure_rl,fl_rl,5980698.001282525,5000000.0,5980698.001278623,980698.001278623,0.0,0.0,21.0,0.0,967,967,137,0.1416752843846949,33998637.27905906,465098.7815648857,0.0136799242201203,0.0930197563129771,0,4250,812077,high_default,5000000.0
Fin_fl_rl_2,pure_rl,fl_rl,7011128.483027427,5000000.0,7011128.48302694,2011128.4830269404,0.0,0.0,10.0,0.0,1388,1388,150,0.1080691642651296,48608787.771352656,402576.0607063747,0.0082819605088697,0.0805152121412749,0,4250,812077,high_default,5000000.0
Fin_fl_rl_3,pure_rl,fl_rl,10128758.0773534,5000000.0,10128758.077353165,5128758.077353165,0.0,0.0,10.0,0.0,3039,3039,80,0.0263244488318525,105389581.90123428,237975.9664721664,0.0022580596884347,0.0475951932944332,0,4250,812077,high_default,5000000.0
Fin_fl_rl_prox_1,pure_rl,fl_rl_prox,6706960.006407649,5000000.0,6706960.006408449,1706960.0064084493,0.0,0.0,7.0,0.0,1167,1167,153,0.1311053984575835,41706040.82351941,510636.8222345341,0.0122437136719668,0.1021273644469068,0,4262,812077,high_default,5000000.0
Fin_fl_rl_prox_2,pure_rl,fl_rl_prox,7647284.33709992,5000000.0,7647284.337098332,2647284.337098332,0.0,0.0,6.0,0.0,1597,1597,169,0.1058234189104571,55310061.42352324,426903.9675246048,0.0077183781130831,0.0853807935049209,0,4262,812077,high_default,5000000.0
Fin_fl_rl_prox_3,pure_rl,fl_rl_prox,11306673.606539614,5000000.0,11306673.606540237,6306673.606540235,0.0,0.0,8.0,0.0,3421,3421,90,0.0263080970476468,119963743.67360194,260039.8227288688,0.0021676534489986,0.0520079645457737,0,4262,812077,high_default,5000000.0
Fin_fl_rl_scaffold_1,pure_rl,fl_rl_scaffold,6510515.576189929,5000000.0,6510515.576188873,1510515.5761888726,0.0,0.0,7.0,0.0,1156,1156,148,0.1280276816608996,40505258.27176311,505800.181845756,0.0124872721080353,0.1011600363691512,0,4257,812077,high_default,5000000.0
Fin_fl_rl_scaffold_2,pure_rl,fl_rl_scaffold,7152363.5690795565,5000000.0,7152363.5690780375,2152363.569078037,0.0,0.0,18.0,0.0,1506,1506,151,0.1002656042496679,52507558.54506249,378942.4712509269,0.007216912797911,0.0757884942501853,0,4257,812077,high_default,5000000.0
Fin_fl_rl_scaffold_3,pure_rl,fl_rl_scaffold,12384134.182884457,5000000.0,12384134.182882896,7384134.182882896,0.0,0.0,9.0,0.0,3700,3700,103,0.0278378378378378,129824209.47049682,288591.645659754,0.0022229416750297,0.0577183291319507,0,4257,812077,high_default,5000000.0
Fin_fl_rl_1,pure_rl,fl_rl,14683381.192417398,10000000.0,14683381.192425497,4683381.192425497,0.0,0.0,6.0,0.0,4892,4892,0,0.0,171496524.40627408,0.0,0.0,0.0,0,4243,812077,none_default,10000000.0
Fin_fl_rl_2,pure_rl,fl_rl,14888347.639361745,10000000.0,14888347.639361477,4888347.639361475,0.0,0.0,6.0,0.0,5236,5236,0,0.0,181681049.370374,0.0,0.0,0.0,0,4243,812077,none_default,10000000.0
Fin_fl_rl_3,pure_rl,fl_rl,10225393.245889807,10000000.0,10225393.2458901,225393.2458900996,0.0,0.0,13.0,0.0,252,252,0,0.0,8890375.546548573,0.0,0.0,0.0,0,4243,812077,none_default,10000000.0
Fin_fl_rl_prox_1,pure_rl,fl_rl_prox,14719053.371191902,10000000.0,14719053.37119534,4719053.371195339,0.0,0.0,6.0,0.0,4951,4951,0,0.0,173359290.21056715,0.0,0.0,0.0,0,4242,812077,none_default,10000000.0
Fin_fl_rl_prox_2,pure_rl,fl_rl_prox,14818905.91818867,10000000.0,14818905.91818238,4818905.918182379,0.0,0.0,6.0,0.0,5138,5138,0,0.0,179006751.24599484,0.0,0.0,0.0,0,4242,812077,none_default,10000000.0
Fin_fl_rl_prox_3,pure_rl,fl_rl_prox,10225192.590211555,10000000.0,10225192.590211963,225192.59021196328,0.0,0.0,13.0,0.0,255,255,0,0.0,8975210.409189798,0.0,0.0,0.0,0,4242,812077,none_default,10000000.0
Fin_fl_rl_scaffold_1,pure_rl,fl_rl_scaffold,14661225.10126926,10000000.0,14661225.10127746,4661225.101277461,0.0,0.0,9.0,0.0,4711,4711,0,0.0,165008436.2744114,0.0,0.0,0.0,0,4256,812077,none_default,10000000.0
Fin_fl_rl_scaffold_2,pure_rl,fl_rl_scaffold,15188186.887633016,10000000.0,15188186.887631427,5188186.887631428,0.0,0.0,6.0,0.0,5345,5345,0,0.0,186389640.07347205,0.0,0.0,0.0,0,4256,812077,none_default,10000000.0
Fin_fl_rl_scaffold_3,pure_rl,fl_rl_scaffold,10266528.458057644,10000000.0,10266528.45805806,266528.4580580592,0.0,0.0,13.0,0.0,285,285,0,0.0,10043102.525138251,0.0,0.0,0.0,0,4256,812077,none_default,10000000.0
Fin_fl_rl_1,pure_rl,fl_rl,15287876.676462214,10000000.0,15287876.67645777,5287876.67645777,0.0,0.0,18.0,0.0,3345,3345,70,0.0209267563527653,117238689.82222216,155416.52076721634,0.0013256419105577,0.0155416520767216,0,4235,812077,low_default,10000000.0
Fin_fl_rl_2,pure_rl,fl_rl,11931001.236795938,10000000.0,11931001.236794904,1931001.236794904,0.0,0.0,25.0,0.0,1215,1215,39,0.0320987654320987,42636251.139615394,81656.74909157591,0.0019151953304755,0.0081656749091575,0,4235,812077,low_default,10000000.0
Fin_fl_rl_3,pure_rl,fl_rl,17705671.821496986,10000000.0,17705671.82149449,7705671.82149449,0.0,0.0,30.0,0.0,4179,4179,28,0.0067001675041876,146510399.97702688,59547.67478240529,0.0004064399168369,0.0059547674782405,0,4235,812077,low_default,10000000.0
Fin_fl_rl_prox_1,pure_rl,fl_rl_prox,14622798.49726376,10000000.0,14622798.497261198,4622798.497261198,0.0,0.0,15.0,0.0,3063,3063,65,0.0212210251387528,106660660.59913118,130498.82792447596,0.0012234954030046,0.0130498827924475,0,4246,812077,low_default,10000000.0
Fin_fl_rl_prox_2,pure_rl,fl_rl_prox,13424670.285938753,10000000.0,13424670.28594177,3424670.2859417703,0.0,0.0,18.0,0.0,2446,2446,121,0.0494685200327064,84730978.86836408,283473.93688851915,0.0033455760888696,0.0283473936888519,0,4246,812077,low_default,10000000.0
Fin_fl_rl_prox_3,pure_rl,fl_rl_prox,15561459.26107213,10000000.0,15561459.26107371,5561459.26107371,0.0,0.0,17.0,0.0,3349,3349,36,0.010749477455957,118112600.8290386,77998.91344288138,0.0006603775794911,0.0077998913442881,0,4246,812077,low_default,10000000.0
Fin_fl_rl_scaffold_1,pure_rl,fl_rl_scaffold,14653569.658269098,10000000.0,14653569.658264196,4653569.658264196,0.0,0.0,24.0,0.0,2818,2818,66,0.0234208658623137,99350980.91788672,140233.46862122972,0.0014114955617512,0.0140233468621229,0,4245,812077,low_default,10000000.0
Fin_fl_rl_scaffold_2,pure_rl,fl_rl_scaffold,11807973.18907556,10000000.0,11807973.189080317,1807973.1890803168,0.0,0.0,27.0,0.0,1082,1082,43,0.0397412199630314,38175969.6181466,95685.4458979484,0.0025064313193623,0.0095685445897948,0,4245,812077,low_default,10000000.0
Fin_fl_rl_scaffold_3,pure_rl,fl_rl_scaffold,18474434.143341225,10000000.0,18474434.143336296,8474434.143336296,0.0,0.0,21.0,0.0,4691,4691,42,0.0089533148582391,164292237.8103651,98659.93455755836,0.0006005148865976,0.0098659934557558,0,4245,812077,low_default,10000000.0
Fin_fl_rl_1,pure_rl,fl_rl,12353042.958679607,10000000.0,12353042.958683671,2353042.9586836714,0.0,0.0,17.0,0.0,1231,1231,89,0.0722989439480097,43438608.87880995,211014.9310082,0.0048577736823228,0.02110149310082,0,4265,812077,medium_default,10000000.0
Fin_fl_rl_2,pure_rl,fl_rl,12938606.026069168,10000000.0,12938606.026066026,2938606.0260660257,0.0,0.0,6.0,0.0,1720,1720,176,0.1023255813953488,60317266.33472075,407420.6003732021,0.0067546264134765,0.0407420600373202,0,4265,812077,medium_default,10000000.0
Fin_fl_rl_3,pure_rl,fl_rl,16839763.849957913,10000000.0,16839763.8499556,6839763.8499556,0.0,0.0,6.0,0.0,3258,3258,65,0.0199508901166359,113853614.17981751,134741.95663228087,0.0011834666611414,0.013474195663228,0,4265,812077,medium_default,10000000.0
Fin_fl_rl_prox_1,pure_rl,fl_rl_prox,13498997.384431746,10000000.0,13498997.384439597,3498997.384439597,0.0,0.0,20.0,0.0,1745,1745,76,0.0435530085959885,60835314.433649406,177600.9618234682,0.0029193727932017,0.0177600961823468,0,4250,812077,medium_default,10000000.0
Fin_fl_rl_prox_2,pure_rl,fl_rl_prox,13675759.769817626,10000000.0,13675759.769824408,3675759.769824408,0.0,0.0,6.0,0.0,2103,2103,237,0.1126961483594864,73734086.12155427,564758.4827238048,0.0076593948936014,0.0564758482723804,0,4250,812077,medium_default,10000000.0
Fin_fl_rl_prox_3,pure_rl,fl_rl_prox,13602055.597647076,10000000.0,13602055.597653098,3602055.5976530984,0.0,0.0,23.0,0.0,1912,1912,76,0.0397489539748954,67121458.25382431,177981.43050144316,0.002651632356204,0.0177981430501443,0,4250,812077,medium_default,10000000.0
Fin_fl_rl_scaffold_1,pure_rl,fl_rl_scaffold,12104043.430856235,10000000.0,12104043.430859257,2104043.4308592547,0.0,0.0,20.0,0.0,1444,1444,87,0.0602493074792243,50412548.91494637,207163.99659505737,0.004109373579673,0.0207163996595057,0,4252,812077,medium_default,10000000.0
Fin_fl_rl_scaffold_2,pure_rl,fl_rl_scaffold,11551588.696737306,10000000.0,11551588.69673435,1551588.6967343502,0.0,0.0,19.0,0.0,1265,1265,242,0.1913043478260869,44149355.32539755,555425.7966750269,0.0125806094467592,0.0555425796675026,0,4252,812077,medium_default,10000000.0
Fin_fl_rl_scaffold_3,pure_rl,fl_rl_scaffold,14570365.623099066,10000000.0,14570365.623104116,4570365.623104116,0.0,0.0,6.0,0.0,2523,2523,64,0.0253666270313119,88647929.7281671,144346.46376250454,0.0016283117293898,0.0144346463762504,0,4252,812077,medium_default,10000000.0
Fin_fl_rl_1,pure_rl,fl_rl,13047249.439559354,10000000.0,13047249.439559478,3047249.4395594783,0.0,0.0,15.0,0.0,1855,1855,127,0.0684636118598382,65594800.21210532,464053.2748487542,0.0070745436124236,0.0464053274848754,0,4248,812077,high_default,10000000.0
Fin_fl_rl_2,pure_rl,fl_rl,10920120.06932822,10000000.0,10920120.06933028,920120.0693302806,0.0,0.0,21.0,0.0,673,673,119,0.1768202080237741,23461510.078444988,303258.009897672,0.0129257668787605,0.0303258009897672,0,4248,812077,high_default,10000000.0
Fin_fl_rl_3,pure_rl,fl_rl,15558713.0412364,10000000.0,15558713.041240385,5558713.041240383,0.0,0.0,17.0,0.0,2924,2924,96,0.0328317373461012,102127864.65718123,281895.9576760198,0.0027602257094307,0.0281895957676019,0,4248,812077,high_default,10000000.0
Fin_fl_rl_prox_1,pure_rl,fl_rl_prox,11144440.3279766,10000000.0,11144440.32797692,1144440.3279769197,0.0,0.0,24.0,0.0,909,909,112,0.1232123212321232,32035579.794589948,413307.033148335,0.0129015000133736,0.0413307033148335,0,4257,812077,high_default,10000000.0
Fin_fl_rl_prox_2,pure_rl,fl_rl_prox,11317187.781786012,10000000.0,11317187.781791722,1317187.7817917224,0.0,0.0,21.0,0.0,813,813,121,0.1488314883148831,28844992.2536399,300488.52696617367,0.0104173550931793,0.0300488526966173,0,4257,812077,high_default,10000000.0
Fin_fl_rl_prox_3,pure_rl,fl_rl_prox,17894655.201090172,10000000.0,17894655.201100633,7894655.201100633,0.0,0.0,10.0,0.0,4172,4172,99,0.0237296260786193,145473307.13502836,309883.26407535333,0.0021301726768864,0.0309883264075353,0,4257,812077,high_default,10000000.0
Fin_fl_rl_scaffold_1,pure_rl,fl_rl_scaffold,11723657.630794508,10000000.0,11723657.630788391,1723657.630788393,0.0,0.0,17.0,0.0,1303,1303,113,0.0867229470452801,45203642.19614431,427140.8579990072,0.0094492575652552,0.0427140857999007,0,4237,812077,high_default,10000000.0
Fin_fl_rl_scaffold_2,pure_rl,fl_rl_scaffold,11452333.15566576,10000000.0,11452333.155668952,1452333.1556689534,0.0,0.0,16.0,0.0,1035,1035,128,0.123671497584541,36724877.90194693,319484.8514103754,0.0086994122148854,0.0319484851410375,0,4237,812077,high_default,10000000.0
Fin_fl_rl_scaffold_3,pure_rl,fl_rl_scaffold,16597902.688696165,10000000.0,16597902.688685589,6597902.688685589,0.0,0.0,13.0,0.0,3729,3729,98,0.0262805041566103,130454231.64787768,302727.34513704805,0.0023205636284315,0.0302727345137048,0,4237,812077,high_default,10000000.0
