financier,apr_strategy,wholesaler_policy,final_wallet,initial_capital,final_capital,capital_change,capital_loss,capital_loss_rate,final_apr,final_utilization,loans_issued,closed_loans,defaults,default_count_rate,total_issued_principal,default_amount,default_amount_to_issued_rate,default_amount_to_initial_capital_rate,outstanding_loans,simulation_end_day,seed,default_scenario,capital_per_financier
Fin_rl_1,pure_rl,rl,5392295.660651084,1000000.0,5392295.660651011,4392295.660651011,0.0,0.0,6.0,0.0,1963,1963,0,0.0,71339466.85770044,0.0,0.0,0.0,0,4263,709098,none_default,1000000.0
Fin_rl_2,pure_rl,rl,5541150.48514888,1000000.0,5541150.485148933,4541150.485148933,0.0,0.0,6.0,0.0,2690,2690,0,0.0,89798042.98945335,0.0,0.0,0.0,0,4263,709098,none_default,1000000.0
Fin_rl_3,pure_rl,rl,5740139.244888942,1000000.0,5740139.244889293,4740139.244889293,0.0,0.0,6.0,0.0,2949,2949,0,0.0,97365240.2579664,0.0,0.0,0.0,0,4263,709098,none_default,1000000.0
Fin_fl_rl_1,pure_rl,fl_rl,5469018.967045753,1000000.0,5469018.967046055,4469018.967046055,0.0,0.0,6.0,0.0,2640,2640,0,0.0,88949737.74581864,0.0,0.0,0.0,0,4253,709098,none_default,1000000.0
Fin_fl_rl_2,pure_rl,fl_rl,5692630.77570139,1000000.0,5692630.77570131,4692630.77570131,0.0,0.0,6.0,0.0,2593,2593,0,0.0,91023326.33761302,0.0,0.0,0.0,0,4253,709098,none_default,1000000.0
Fin_fl_rl_3,pure_rl,fl_rl,5403055.464169456,1000000.0,5403055.46416916,4403055.46416916,0.0,0.0,6.0,0.0,2713,2713,0,0.0,90311945.26806146,0.0,0.0,0.0,0,4253,709098,none_default,1000000.0
Fin_rl_1,pure_rl,rl,4462068.903002107,1000000.0,4462068.903002407,3462068.9030024074,0.0,0.0,6.0,0.0,2246,2246,0,0.0,72888214.55899659,0.0,0.0,0.0,0,4257,436570,none_default,1000000.0
Fin_rl_2,pure_rl,rl,4093816.727086309,1000000.0,4093816.7270862754,3093816.727086276,0.0,0.0,6.0,0.0,1947,1947,0,0.0,65764490.02750012,0.0,0.0,0.0,0,4257,436570,none_default,1000000.0
Fin_rl_3,pure_rl,rl,8185907.620083338,1000000.0,8185907.620081561,7185907.620081561,0.0,0.0,6.0,0.0,3389,3389,0,0.0,117559998.3333056,0.0,0.0,0.0,0,4257,436570,none_default,1000000.0
Fin_fl_rl_1,pure_rl,fl_rl,4824662.281107924,1000000.0,4824662.281107701,3824662.281107701,0.0,0.0,6.0,0.0,2451,2451,0,0.0,79790971.38638054,0.0,0.0,0.0,0,4249,436570,none_default,1000000.0
Fin_fl_rl_2,pure_rl,fl_rl,6103888.723921121,1000000.0,6103888.723921161,5103888.723921161,0.0,0.0,6.0,0.0,2946,2946,0,0.0,98307392.72397956,0.0,0.0,0.0,0,4249,436570,none_default,1000000.0
Fin_fl_rl_3,pure_rl,fl_rl,4634330.648539118,1000000.0,4634330.648540251,3634330.648540251,0.0,0.0,6.0,0.0,1933,1933,0,0.0,66682119.58235477,0.0,0.0,0.0,0,4249,436570,none_default,1000000.0
Fin_rl_1,pure_rl,rl,5904500.903699333,1000000.0,5904500.903699708,4904500.903699708,0.0,0.0,6.0,0.0,2818,2818,0,0.0,93000844.14727512,0.0,0.0,0.0,0,4259,831197,none_default,1000000.0
Fin_rl_2,pure_rl,rl,4591249.616618423,1000000.0,4591249.616618888,3591249.6166188885,0.0,0.0,6.0,0.0,2216,2216,0,0.0,75674455.45219743,0.0,0.0,0.0,0,4259,831197,none_default,1000000.0
Fin_rl_3,pure_rl,rl,6007025.726260005,1000000.0,6007025.726260277,5007025.726260277,0.0,0.0,6.0,0.0,2685,2685,0,0.0,92088791.46543758,0.0,0.0,0.0,0,4259,831197,none_default,1000000.0
Fin_fl_rl_1,pure_rl,fl_rl,5585699.3099722825,1000000.0,5585699.309972005,4585699.309972005,0.0,0.0,6.0,0.0,2509,2509,0,0.0,87229236.20812762,0.0,0.0,0.0,0,4267,831197,none_default,1000000.0
Fin_fl_rl_2,pure_rl,fl_rl,6091199.415016134,1000000.0,6091199.415015845,5091199.415015845,0.0,0.0,6.0,0.0,2940,2940,0,0.0,98297589.14605454,0.0,0.0,0.0,0,4267,831197,none_default,1000000.0
Fin_fl_rl_3,pure_rl,fl_rl,5853200.618290948,1000000.0,5853200.618290828,4853200.618290828,0.0,0.0,6.0,0.0,2389,2389,0,0.0,82323821.1388427,0.0,0.0,0.0,0,4267,831197,none_default,1000000.0
Fin_rl_1,pure_rl,rl,4420506.401465498,1000000.0,4420506.401465627,3420506.401465628,0.0,0.0,24.0,0.0,1802,1802,51,0.0283018867924528,63619374.4345481,95593.12326125316,0.0015025787994756,0.0955931232612531,0,4251,709098,low_default,1000000.0
Fin_rl_2,pure_rl,rl,5087166.462189982,1000000.0,5087166.462190324,4087166.462190324,0.0,0.0,6.0,0.0,2392,2392,38,0.015886287625418,83813935.15683167,80676.83475558444,0.0009625706585023,0.0806768347555844,0,4251,709098,low_default,1000000.0
Fin_rl_3,pure_rl,rl,6369775.854198309,1000000.0,6369775.854198546,5369775.854198546,0.0,0.0,23.0,0.0,2999,2999,47,0.01567189063021,100011648.689914,105949.93911858536,0.001059375987762,0.1059499391185853,0,4251,709098,low_default,1000000.0
Fin_fl_rl_1,pure_rl,fl_rl,2946312.155459463,1000000.0,2946312.155459855,1946312.1554598552,0.0,0.0,24.0,0.0,1384,1384,68,0.0491329479768786,46274128.42254362,139284.40022901865,0.003009984303911,0.1392844002290186,0,4242,709098,low_default,1000000.0
Fin_fl_rl_2,pure_rl,fl_rl,4819306.531328946,1000000.0,4819306.531329162,3819306.5313291615,0.0,0.0,6.0,0.0,2358,2358,65,0.0275657336726039,81381411.42258385,145580.12056962188,0.0017888620758084,0.1455801205696218,0,4242,709098,low_default,1000000.0
Fin_fl_rl_3,pure_rl,fl_rl,6761964.341478083,1000000.0,6761964.341478354,5761964.341478354,0.0,0.0,23.0,0.0,3157,3157,19,0.0060183718720304,105921198.60519844,45095.46055045746,0.0004257453762257,0.0450954605504574,0,4242,709098,low_default,1000000.0
Fin_rl_1,pure_rl,rl,4550351.532443391,1000000.0,4550351.532443678,3550351.532443678,0.0,0.0,6.0,0.0,1794,1794,40,0.0222965440356744,61470114.70234504,76864.71290961638,0.0012504403689795,0.0768647129096163,0,4267,436570,low_default,1000000.0
Fin_rl_2,pure_rl,rl,5410176.335133394,1000000.0,5410176.335133522,4410176.335133522,0.0,0.0,6.0,0.0,2476,2476,41,0.0165589660743134,84279120.76588732,82884.05496394781,0.0009834470769359,0.0828840549639478,0,4267,436570,low_default,1000000.0
Fin_rl_3,pure_rl,rl,4968679.402367857,1000000.0,4968679.40236798,3968679.40236798,0.0,0.0,6.0,0.0,1986,1986,54,0.0271903323262839,67431908.97118525,108975.87674739095,0.0016160876714013,0.1089758767473909,0,4267,436570,low_default,1000000.0
Fin_fl_rl_1,pure_rl,fl_rl,4999772.913230661,1000000.0,4999772.913230838,3999772.9132308383,0.0,0.0,6.0,0.0,2014,2014,28,0.0139026812313803,69974667.62251103,53606.3725158552,0.0007660825601207,0.0536063725158552,0,4259,436570,low_default,1000000.0
Fin_fl_rl_2,pure_rl,fl_rl,5084062.112776928,1000000.0,5084062.112777205,4084062.112777205,0.0,0.0,6.0,0.0,2233,2233,51,0.0228392297357814,77830734.92701462,107417.46983482504,0.0013801420471688,0.107417469834825,0,4259,436570,low_default,1000000.0
Fin_fl_rl_3,pure_rl,fl_rl,5236359.657305545,1000000.0,5236359.657305821,4236359.657305821,0.0,0.0,6.0,0.0,2445,2445,31,0.0126789366053169,81233195.05205798,60044.65581548191,0.0007391640298895,0.0600446558154819,0,4259,436570,low_default,1000000.0
Fin_rl_1,pure_rl,rl,3647502.1764844097,1000000.0,3647502.1764847934,2647502.1764847944,0.0,0.0,6.0,0.0,1849,1849,98,0.0530016224986479,62373903.693653576,197365.70848526648,0.0031642353099241,0.1973657084852665,0,4258,831197,low_default,1000000.0
Fin_rl_2,pure_rl,rl,4823616.807815435,1000000.0,4823616.807815102,3823616.807815102,0.0,0.0,6.0,0.0,2095,2095,42,0.0200477326968973,72053273.31862965,81353.65596788401,0.0011290764766248,0.081353655967884,0,4258,831197,low_default,1000000.0
Fin_rl_3,pure_rl,rl,6128416.12156443,1000000.0,6128416.121564926,5128416.121564926,0.0,0.0,6.0,0.0,2397,2397,39,0.016270337922403,82178738.62012021,83797.62545413087,0.0010196995824126,0.0837976254541308,0,4258,831197,low_default,1000000.0
Fin_fl_rl_1,pure_rl,fl_rl,3577592.777776538,1000000.0,3577592.777776697,2577592.777776697,0.0,0.0,6.0,0.0,1721,1721,85,0.0493898895990703,57974560.08305123,191942.3075358116,0.0033108023115802,0.1919423075358116,0,4278,831197,low_default,1000000.0
Fin_fl_rl_2,pure_rl,fl_rl,5101198.2879660735,1000000.0,5101198.287966117,4101198.287966117,0.0,0.0,6.0,0.0,2208,2208,65,0.0294384057971014,78274946.12313023,130737.77304098036,0.0016702377902033,0.1307377730409803,0,4278,831197,low_default,1000000.0
Fin_fl_rl_3,pure_rl,fl_rl,6103607.735309134,1000000.0,6103607.735309542,5103607.735309542,0.0,0.0,6.0,0.0,2917,2917,24,0.0082276311278711,96757531.37502477,48359.89493388443,0.0004998049686328,0.0483598949338844,0,4278,831197,low_default,1000000.0
Fin_rl_1,pure_rl,rl,4242179.686065398,1000000.0,4242179.686065383,3242179.6860653837,0.0,0.0,6.0,0.0,1915,1915,53,0.0276762402088772,68026232.05153637,140434.438195997,0.0020644159460368,0.140434438195997,0,4245,709098,medium_default,1000000.0
Fin_rl_2,pure_rl,rl,4228052.495110331,1000000.0,4228052.495110224,3228052.495110224,0.0,0.0,7.0,0.0,1859,1859,98,0.0527165142549757,64826106.78639562,234090.72585755136,0.0036110563700653,0.2340907258575514,0,4245,709098,medium_default,1000000.0
Fin_rl_3,pure_rl,rl,4227179.567991364,1000000.0,4227179.567991054,3227179.5679910537,0.0,0.0,23.0,0.0,2088,2088,67,0.0320881226053639,69326123.31901301,162147.28256438233,0.0023389059535067,0.1621472825643823,0,4245,709098,medium_default,1000000.0
Fin_fl_rl_1,pure_rl,fl_rl,3522494.9938295768,1000000.0,3522494.993829244,2522494.993829244,0.0,0.0,6.0,0.0,1552,1552,52,0.0335051546391752,53472294.05190413,138038.39026818957,0.0025814937009098,0.1380383902681895,0,4244,709098,medium_default,1000000.0
Fin_fl_rl_2,pure_rl,fl_rl,3489021.079591169,1000000.0,3489021.0795912324,2489021.0795912324,0.0,0.0,7.0,0.0,1599,1599,72,0.0450281425891182,55266179.52562545,159914.4787089827,0.002893532357069,0.1599144787089827,0,4244,709098,medium_default,1000000.0
Fin_fl_rl_3,pure_rl,fl_rl,5640070.088329195,1000000.0,5640070.0883291615,4640070.0883291615,0.0,0.0,23.0,0.0,2412,2412,18,0.0074626865671641,82217902.8122407,41723.09913843771,0.0005074697567234,0.0417230991384377,0,4244,709098,medium_default,1000000.0
Fin_rl_1,pure_rl,rl,3217040.947621568,1000000.0,3217040.9476217967,2217040.9476217967,0.0,0.0,14.0,0.0,1277,1277,96,0.0751761942051683,42706818.7604996,215061.40480606543,0.0050357626966347,0.2150614048060654,0,4260,436570,medium_default,1000000.0
Fin_rl_2,pure_rl,rl,3953934.296211508,1000000.0,3953934.29621128,2953934.29621128,0.0,0.0,12.0,0.0,1557,1557,52,0.0333975594091201,53453044.02939176,131772.86208347362,0.0024652078188665,0.1317728620834736,0,4260,436570,medium_default,1000000.0
Fin_rl_3,pure_rl,rl,5102221.749072873,1000000.0,5102221.749072723,4102221.749072723,0.0,0.0,6.0,0.0,1922,1922,24,0.0124869927159209,65860631.33338355,55016.06821792123,0.0008353407354908,0.0550160682179212,0,4260,436570,medium_default,1000000.0
Fin_fl_rl_1,pure_rl,fl_rl,4762138.2899980005,1000000.0,4762138.289998584,3762138.289998584,0.0,0.0,14.0,0.0,1986,1986,81,0.0407854984894259,69565317.66753739,175261.25268478104,0.0025193768757354,0.175261252684781,0,4252,436570,medium_default,1000000.0
Fin_fl_rl_2,pure_rl,fl_rl,2938851.728256678,1000000.0,2938851.728256673,1938851.728256673,0.0,0.0,12.0,0.0,1170,1170,113,0.0965811965811965,39030227.16024848,239210.3000793805,0.0061288472418375,0.2392103000793805,0,4252,436570,medium_default,1000000.0
Fin_fl_rl_3,pure_rl,fl_rl,6599721.122143794,1000000.0,6599721.122142915,5599721.122142915,0.0,0.0,6.0,0.0,2920,2920,46,0.0157534246575342,97918064.13381629,99168.74771348816,0.0010127727563931,0.0991687477134881,0,4252,436570,medium_default,1000000.0
Fin_rl_1,pure_rl,rl,3721763.933456504,1000000.0,3721763.933456412,2721763.933456412,0.0,0.0,6.0,0.0,1789,1789,63,0.0352152040245947,61726253.99360071,175066.17543317092,0.0028361704154494,0.1750661754331709,0,4248,831197,medium_default,1000000.0
Fin_rl_2,pure_rl,rl,3666117.484881173,1000000.0,3666117.484880965,2666117.484880965,0.0,0.0,6.0,0.0,1656,1656,66,0.0398550724637681,57440972.16908267,147381.28859681787,0.0025657868074201,0.1473812885968178,0,4248,831197,medium_default,1000000.0
Fin_rl_3,pure_rl,rl,6295154.113954316,1000000.0,6295154.11395507,5295154.11395507,0.0,0.0,9.0,0.0,2758,2758,44,0.0159535895576504,91369850.7435246,101837.8507825384,0.0011145673321542,0.1018378507825383,0,4248,831197,medium_default,1000000.0
Fin_fl_rl_1,pure_rl,fl_rl,4056967.598734911,1000000.0,4056967.598734827,3056967.598734827,0.0,0.0,6.0,0.0,1960,1960,54,0.0275510204081632,66009279.06969834,122459.71022251516,0.0018551893301729,0.1224597102225151,0,4261,831197,medium_default,1000000.0
Fin_fl_rl_2,pure_rl,fl_rl,4288197.385341262,1000000.0,4288197.385342002,3288197.385342002,0.0,0.0,6.0,0.0,1942,1942,78,0.0401647785787847,68218892.43071254,172431.1919883213,0.0025276164101235,0.1724311919883213,0,4261,831197,medium_default,1000000.0
Fin_fl_rl_3,pure_rl,fl_rl,5583448.18734335,1000000.0,5583448.187343747,4583448.187343747,0.0,0.0,9.0,0.0,2635,2635,36,0.013662239089184,88055037.74305646,84068.05688292327,0.0009547217176629,0.0840680568829232,0,4261,831197,medium_default,1000000.0
Fin_rl_1,pure_rl,rl,3477582.603194955,1000000.0,3477582.6031952067,2477582.6031952067,0.0,0.0,7.0,0.0,1892,1892,127,0.0671247357293868,64113849.71777392,378970.0056910612,0.005910891443257,0.3789700056910611,0,4229,709098,high_default,1000000.0
Fin_rl_2,pure_rl,rl,3308924.062109418,1000000.0,3308924.062109774,2308924.062109774,0.0,0.0,6.0,0.0,1404,1404,205,0.146011396011396,50002982.579032704,599704.5475149609,0.0119933755264916,0.5997045475149608,0,4229,709098,high_default,1000000.0
Fin_rl_3,pure_rl,rl,4565046.092742665,1000000.0,4565046.09274235,3565046.09274235,0.0,0.0,18.0,0.0,2227,2227,95,0.0426582846879209,74890580.8332952,230093.66898321777,0.0030723979761273,0.2300936689832177,0,4229,709098,high_default,1000000.0
Fin_fl_rl_1,pure_rl,fl_rl,2725411.260110023,1000000.0,2725411.260110142,1725411.2601101422,0.0,0.0,7.0,0.0,1354,1354,127,0.0937961595273264,47868035.60561411,403545.4132937193,0.0084303733835777,0.4035454132937193,0,4244,709098,high_default,1000000.0
Fin_fl_rl_2,pure_rl,fl_rl,3367326.543398871,1000000.0,3367326.5433987016,2367326.5433987016,0.0,0.0,6.0,0.0,1659,1659,137,0.0825798673899939,57946382.352523126,362351.2213515682,0.0062532155872503,0.3623512213515681,0,4244,709098,high_default,1000000.0
Fin_fl_rl_3,pure_rl,fl_rl,4850827.955936709,1000000.0,4850827.955936863,3850827.955936863,0.0,0.0,6.0,0.0,2404,2404,67,0.0278702163061564,80202020.95106176,189245.34337913917,0.0023596081636722,0.1892453433791391,0,4244,709098,high_default,1000000.0
Fin_rl_1,pure_rl,rl,2736669.794681296,1000000.0,2736669.7946810853,1736669.7946810853,0.0,0.0,7.0,0.0,1286,1286,84,0.0653188180404354,44379436.5165759,277743.30210618064,0.0062583782919921,0.2777433021061806,0,4242,436570,high_default,1000000.0
Fin_rl_2,pure_rl,rl,3017015.0834371755,1000000.0,3017015.083437382,2017015.0834373815,0.0,0.0,7.0,0.0,1615,1615,226,0.139938080495356,54098237.1869682,507252.54758719663,0.0093765078857207,0.5072525475871966,0,4242,436570,high_default,1000000.0
Fin_rl_3,pure_rl,rl,5609200.271734817,1000000.0,5609200.271734531,4609200.271734531,0.0,0.0,17.0,0.0,2510,2510,106,0.0422310756972111,86137901.12821153,320035.7390063516,0.0037153881719267,0.3200357390063515,0,4242,436570,high_default,1000000.0
Fin_fl_rl_1,pure_rl,fl_rl,3199150.5343023795,1000000.0,3199150.5343024856,2199150.5343024856,0.0,0.0,7.0,0.0,1390,1390,83,0.0597122302158273,48189288.8162929,257915.7100567893,0.0053521377134245,0.2579157100567893,0,4251,436570,high_default,1000000.0
Fin_fl_rl_2,pure_rl,fl_rl,3579992.2815434462,1000000.0,3579992.281543368,2579992.281543368,0.0,0.0,7.0,0.0,1702,1702,53,0.0311398354876615,58572591.26960772,127089.40808986232,0.002169776090405,0.1270894080898623,0,4251,436570,high_default,1000000.0
Fin_fl_rl_3,pure_rl,fl_rl,5566432.241899975,1000000.0,5566432.241900125,4566432.241900125,0.0,0.0,17.0,0.0,2459,2459,22,0.0089467263115087,84510100.89092758,62318.68350219958,0.0007374110650113,0.0623186835021995,0,4251,436570,high_default,1000000.0
Fin_rl_1,pure_rl,rl,3809914.029043372,1000000.0,3809914.029043432,2809914.0290434323,0.0,0.0,6.0,0.0,1668,1668,179,0.1073141486810551,57296476.88238894,452874.5897124559,0.0079040564857427,0.4528745897124559,0,4255,831197,high_default,1000000.0
Fin_rl_2,pure_rl,rl,2481887.337187486,1000000.0,2481887.337187377,1481887.3371873768,0.0,0.0,7.0,0.0,1094,1094,137,0.1252285191956124,37900918.399799645,373323.2516539151,0.009849979035228,0.3733232516539151,0,4255,831197,high_default,1000000.0
Fin_rl_3,pure_rl,rl,4945780.86674088,1000000.0,4945780.866741236,3945780.866741236,0.0,0.0,7.0,0.0,2290,2290,58,0.0253275109170305,75684420.43682641,192076.814642764,0.0025378646428704,0.1920768146427639,0,4255,831197,high_default,1000000.0
Fin_fl_rl_1,pure_rl,fl_rl,3569626.666256244,1000000.0,3569626.6662557377,2569626.6662557377,0.0,0.0,6.0,0.0,1502,1502,90,0.0599201065246338,52309554.423481815,277542.588591758,0.0053057723708533,0.277542588591758,0,4257,831197,high_default,1000000.0
Fin_fl_rl_2,pure_rl,fl_rl,2589445.144081324,1000000.0,2589445.144081765,1589445.1440817649,0.0,0.0,7.0,0.0,1035,1035,126,0.1217391304347826,36941427.70554838,346620.8488586602,0.0093829846431896,0.3466208488586602,0,4257,831197,high_default,1000000.0
Fin_fl_rl_3,pure_rl,fl_rl,5172174.577005811,1000000.0,5172174.577005779,4172174.5770057794,0.0,0.0,7.0,0.0,2157,2157,47,0.0217895224849327,72502227.31735857,131942.36483762736,0.0018198387790224,0.1319423648376273,0,4257,831197,high_default,1000000.0
Fin_rl_1,pure_rl,rl,10271604.504616257,5000000.0,10271604.504614225,5271604.504614223,0.0,0.0,9.0,0.0,5432,5432,0,0.0,189901398.7980877,0.0,0.0,0.0,0,4246,709098,none_default,5000000.0
Fin_rl_2,pure_rl,rl,7953237.407262594,5000000.0,7953237.407262326,2953237.407262326,0.0,0.0,6.0,0.0,2964,2964,0,0.0,104411036.47387992,0.0,0.0,0.0,0,4246,709098,none_default,5000000.0
Fin_rl_3,pure_rl,rl,7047877.199201492,5000000.0,7047877.199200185,2047877.199200185,0.0,0.0,11.0,0.0,1967,1967,0,0.0,69092488.03232934,0.0,0.0,0.0,0,4246,709098,none_default,5000000.0
Fin_fl_rl_1,pure_rl,fl_rl,7160143.091929678,5000000.0,7160143.091925154,2160143.0919251544,0.0,0.0,6.0,0.0,2276,2276,0,0.0,79012333.67615303,0.0,0.0,0.0,0,4248,709098,none_default,5000000.0
Fin_fl_rl_2,pure_rl,fl_rl,9472381.363277968,5000000.0,9472381.363277923,4472381.363277923,0.0,0.0,6.0,0.0,4483,4483,0,0.0,157596292.67796847,0.0,0.0,0.0,0,4248,709098,none_default,5000000.0
Fin_fl_rl_3,pure_rl,fl_rl,8779447.98497052,5000000.0,8779447.984966675,3779447.984966675,0.0,0.0,6.0,0.0,3613,3613,0,0.0,126549130.16226918,0.0,0.0,0.0,0,4248,709098,none_default,5000000.0
Fin_rl_1,pure_rl,rl,11018549.703862617,5000000.0,11018549.703861387,6018549.703861387,0.0,0.0,6.0,0.0,4394,4394,0,0.0,154859912.7779873,0.0,0.0,0.0,0,4245,436570,none_default,5000000.0
Fin_rl_2,pure_rl,rl,12219651.176398696,5000000.0,12219651.176400775,7219651.176400777,0.0,0.0,6.0,0.0,5578,5578,0,0.0,193610550.33284605,0.0,0.0,0.0,0,4245,436570,none_default,5000000.0
Fin_rl_3,pure_rl,rl,5484758.325796866,5000000.0,5484758.325798208,484758.3257982079,0.0,0.0,22.0,0.0,416,416,0,0.0,14649641.095309354,0.0,0.0,0.0,0,4245,436570,none_default,5000000.0
Fin_fl_rl_1,pure_rl,fl_rl,9990970.42212957,5000000.0,9990970.422128016,4990970.422128016,0.0,0.0,14.0,0.0,4087,4087,0,0.0,143556444.31492952,0.0,0.0,0.0,0,4250,436570,none_default,5000000.0
Fin_fl_rl_2,pure_rl,fl_rl,12732540.410710482,5000000.0,12732540.410707925,7732540.410707924,0.0,0.0,14.0,0.0,5602,5602,0,0.0,195833771.5320353,0.0,0.0,0.0,0,4250,436570,none_default,5000000.0
Fin_fl_rl_3,pure_rl,fl_rl,5828032.84593575,5000000.0,5828032.845936289,828032.845936289,0.0,0.0,22.0,0.0,669,669,0,0.0,24203297.754555658,0.0,0.0,0.0,0,4250,436570,none_default,5000000.0
Fin_rl_1,pure_rl,rl,7033769.887539378,5000000.0,7033769.8875378445,2033769.8875378445,0.0,0.0,6.0,0.0,1739,1739,0,0.0,61222384.560551405,0.0,0.0,0.0,0,4239,831197,none_default,5000000.0
Fin_rl_2,pure_rl,rl,11449680.024413977,5000000.0,11449680.02441227,6449680.024412271,0.0,0.0,14.0,0.0,5920,5920,0,0.0,205875027.8590113,0.0,0.0,0.0,0,4239,831197,none_default,5000000.0
Fin_rl_3,pure_rl,rl,7731795.144558378,5000000.0,7731795.144559291,2731795.144559291,0.0,0.0,12.0,0.0,2735,2735,0,0.0,95397336.5486572,0.0,0.0,0.0,0,4239,831197,none_default,5000000.0
Fin_fl_rl_1,pure_rl,fl_rl,8826133.651609395,5000000.0,8826133.65160757,3826133.651607569,0.0,0.0,9.0,0.0,3932,3932,0,0.0,136677063.93687937,0.0,0.0,0.0,0,4255,831197,none_default,5000000.0
Fin_fl_rl_2,pure_rl,fl_rl,10457318.574541764,5000000.0,10457318.57453864,5457318.574538641,0.0,0.0,14.0,0.0,4721,4721,0,0.0,165245457.81024858,0.0,0.0,0.0,0,4255,831197,none_default,5000000.0
Fin_fl_rl_3,pure_rl,fl_rl,6806525.9550946085,5000000.0,6806525.955097138,1806525.955097138,0.0,0.0,14.0,0.0,1715,1715,0,0.0,60021537.44418702,0.0,0.0,0.0,0,4255,831197,none_default,5000000.0
Fin_rl_1,pure_rl,rl,9194305.364330264,5000000.0,9194305.36433091,4194305.36433091,0.0,0.0,23.0,0.0,2469,2469,162,0.0656136087484811,86365786.56562848,298713.3374276017,0.0034586999008063,0.0597426674855203,0,4262,709098,low_default,5000000.0
Fin_rl_2,pure_rl,rl,8684369.109497264,5000000.0,8684369.10949529,3684369.1094952896,0.0,0.0,24.0,0.0,2149,2149,78,0.0362959516053978,75019568.95219722,165577.72327222867,0.0022071270947682,0.0331155446544457,0,4262,709098,low_default,5000000.0
Fin_rl_3,pure_rl,rl,10113780.637538368,5000000.0,10113780.637537925,5113780.637537925,0.0,0.0,15.0,0.0,2758,2758,124,0.0449601160261058,95707611.63910738,205883.73406102307,0.0021511740867316,0.0411767468122046,0,4262,709098,low_default,5000000.0
Fin_fl_rl_1,pure_rl,fl_rl,7087895.426765607,5000000.0,7087895.426767625,2087895.426767625,0.0,0.0,24.0,0.0,1380,1380,49,0.0355072463768115,48645484.17602457,85166.54853523373,0.0017507596024135,0.0170333097070467,0,4257,709098,low_default,5000000.0
Fin_fl_rl_2,pure_rl,fl_rl,9407297.296875035,5000000.0,9407297.296875175,4407297.296875175,0.0,0.0,13.0,0.0,2834,2834,132,0.0465772759350741,99010322.81945609,227064.0326603889,0.0022933369591616,0.0454128065320777,0,4257,709098,low_default,5000000.0
Fin_fl_rl_3,pure_rl,fl_rl,12248710.280604308,5000000.0,12248710.280604612,7248710.280604612,0.0,0.0,23.0,0.0,4218,4218,51,0.0120910384068278,148368440.84906906,102857.30247974476,0.0006932559369844,0.0205714604959489,0,4257,709098,low_default,5000000.0
Fin_rl_1,pure_rl,rl,8817544.458489487,5000000.0,8817544.458489517,3817544.4584895167,0.0,0.0,14.0,0.0,2744,2744,118,0.043002915451895,95864306.86632372,231762.69497591705,0.0024176119616563,0.0463525389951834,0,4253,436570,low_default,5000000.0
Fin_rl_2,pure_rl,rl,9202123.84251747,5000000.0,9202123.84251929,4202123.842519291,0.0,0.0,9.0,0.0,3216,3216,240,0.0746268656716417,112625294.2686163,460386.1790266603,0.0040877689334033,0.092077235805332,0,4253,436570,low_default,5000000.0
Fin_rl_3,pure_rl,rl,10877886.551931454,5000000.0,10877886.55193257,5877886.55193257,0.0,0.0,11.0,0.0,3365,3365,71,0.0210995542347696,117475624.49011436,163885.56236159836,0.0013950601503326,0.0327771124723196,0,4253,436570,low_default,5000000.0
Fin_fl_rl_1,pure_rl,fl_rl,8387522.300258811,5000000.0,8387522.300257119,3387522.30025712,0.0,0.0,8.0,0.0,2030,2030,79,0.0389162561576354,71498328.51062848,168991.0385206243,0.0023635662824691,0.0337982077041248,0,4230,436570,low_default,5000000.0
Fin_fl_rl_2,pure_rl,fl_rl,9460211.047835767,5000000.0,9460211.047839357,4460211.047839357,0.0,0.0,6.0,0.0,3064,3064,152,0.0496083550913838,106794626.302536,310506.349427839,0.0029075091151891,0.0621012698855678,0,4230,436570,low_default,5000000.0
Fin_fl_rl_3,pure_rl,fl_rl,10145980.817406287,5000000.0,10145980.817404091,5145980.817404093,0.0,0.0,8.0,0.0,2741,2741,42,0.0153228748631886,96216020.945493,83213.3991111654,0.0008648601167814,0.016642679822233,0,4230,436570,low_default,5000000.0
Fin_rl_1,pure_rl,rl,9132730.703405475,5000000.0,9132730.70340256,4132730.70340256,0.0,0.0,6.0,0.0,2971,2971,167,0.0562100302928307,103906534.3359927,309621.4275950558,0.0029798070888772,0.0619242855190111,0,4241,831197,low_default,5000000.0
Fin_rl_2,pure_rl,rl,8645948.29055623,5000000.0,8645948.290560562,3645948.290560562,0.0,0.0,23.0,0.0,2202,2202,171,0.0776566757493188,76497307.81162792,353793.83715280803,0.0046249188013781,0.0707587674305616,0,4241,831197,low_default,5000000.0
Fin_rl_3,pure_rl,rl,10358405.098635308,5000000.0,10358405.09863387,5358405.098633871,0.0,0.0,26.0,0.0,3355,3355,60,0.0178837555886736,117634440.73961107,128422.62439426377,0.0010917093972379,0.0256845248788527,0,4241,831197,low_default,5000000.0
Fin_fl_rl_1,pure_rl,fl_rl,9746526.879388375,5000000.0,9746526.879389152,4746526.879389152,0.0,0.0,6.0,0.0,2939,2939,91,0.0309629125552909,103377741.16562492,194649.61771625216,0.0018828967969458,0.0389299235432504,0,4267,831197,low_default,5000000.0
Fin_fl_rl_2,pure_rl,fl_rl,7946904.290242076,5000000.0,7946904.290241969,2946904.290241969,0.0,0.0,8.0,0.0,1742,1742,132,0.0757749712973593,60077359.922891945,251666.79113789948,0.0041890454484169,0.0503333582275798,0,4267,831197,low_default,5000000.0
Fin_fl_rl_3,pure_rl,fl_rl,11131737.980681617,5000000.0,11131737.98068292,6131737.980682921,0.0,0.0,8.0,0.0,3165,3165,50,0.0157977883096366,110354175.9388263,101852.34394605509,0.0009229586744638,0.020370468789211,0,4267,831197,low_default,5000000.0
Fin_rl_1,pure_rl,rl,8301000.082551666,5000000.0,8301000.082553141,3301000.082553141,0.0,0.0,20.0,0.0,2316,2316,173,0.0746977547495682,80426402.37994762,407131.2208782363,0.0050621588039569,0.0814262441756472,0,4246,709098,medium_default,5000000.0
Fin_rl_2,pure_rl,rl,9211643.090162816,5000000.0,9211643.090162173,4211643.090162173,0.0,0.0,22.0,0.0,2430,2430,134,0.0551440329218107,85648122.53627667,305893.6623212617,0.0035715162605193,0.0611787324642523,0,4246,709098,medium_default,5000000.0
Fin_rl_3,pure_rl,rl,9095680.10572699,5000000.0,9095680.105726158,4095680.1057261582,0.0,0.0,20.0,0.0,2346,2346,60,0.0255754475703324,81798824.15745969,149079.50099270945,0.0018225139851122,0.0298159001985418,0,4246,709098,medium_default,5000000.0
Fin_fl_rl_1,pure_rl,fl_rl,8864105.77391542,5000000.0,8864105.773913937,3864105.7739139367,0.0,0.0,6.0,0.0,2343,2343,120,0.0512163892445582,81995888.51238863,290503.6176786224,0.003542904686431,0.0581007235357244,0,4255,709098,medium_default,5000000.0
Fin_fl_rl_2,pure_rl,fl_rl,7787112.308771606,5000000.0,7787112.308770846,2787112.3087708456,0.0,0.0,7.0,0.0,1800,1800,197,0.1094444444444444,63262130.63784205,415294.0562726677,0.0065646549062678,0.0830588112545335,0,4255,709098,medium_default,5000000.0
Fin_fl_rl_3,pure_rl,fl_rl,12123388.059733286,5000000.0,12123388.059731694,7123388.059731694,0.0,0.0,18.0,0.0,3927,3927,81,0.0206264323911382,137371182.86671677,184470.32238312997,0.0013428604058983,0.0368940644766259,0,4255,709098,medium_default,5000000.0
Fin_rl_1,pure_rl,rl,8341514.1930539375,5000000.0,8341514.193054684,3341514.1930546844,0.0,0.0,18.0,0.0,2405,2405,202,0.083991683991684,83713363.0178049,487284.8036785733,0.0058208723925585,0.0974569607357146,0,4252,436570,medium_default,5000000.0
Fin_rl_2,pure_rl,rl,8774251.394696081,5000000.0,8774251.394693976,3774251.394693976,0.0,0.0,16.0,0.0,2646,2646,106,0.0400604686318972,91918850.51203115,247182.21558045896,0.0026891351904809,0.0494364431160917,0,4252,436570,medium_default,5000000.0
Fin_rl_3,pure_rl,rl,10416158.672781222,5000000.0,10416158.672782008,5416158.672782008,0.0,0.0,15.0,0.0,2932,2932,72,0.024556616643929,102745812.6464488,174917.86809623687,0.0017024330587382,0.0349835736192473,0,4252,436570,medium_default,5000000.0
Fin_fl_rl_1,pure_rl,fl_rl,7721108.31418684,5000000.0,7721108.314187843,2721108.314187844,0.0,0.0,11.0,0.0,1546,1546,93,0.0601552393272962,53950430.49045073,256457.1683665182,0.0047535703799789,0.0512914336733036,0,4252,436570,medium_default,5000000.0
Fin_fl_rl_2,pure_rl,fl_rl,9074488.250900429,5000000.0,9074488.250904337,4074488.2509043366,0.0,0.0,9.0,0.0,2405,2405,157,0.0652806652806652,83797694.1104889,368582.80447179545,0.0043984838530975,0.073716560894359,0,4252,436570,medium_default,5000000.0
Fin_fl_rl_3,pure_rl,fl_rl,10154556.33293748,5000000.0,10154556.332937632,5154556.332937632,0.0,0.0,15.0,0.0,3207,3207,125,0.0389772372934206,112074728.83460608,316088.8627673695,0.0028203401967078,0.0632177725534739,0,4252,436570,medium_default,5000000.0
Fin_rl_1,pure_rl,rl,7717551.57337876,5000000.0,7717551.573380244,2717551.573380244,0.0,0.0,19.0,0.0,1798,1798,114,0.0634037819799777,63297343.90264482,286871.5033303853,0.0045321254517663,0.057374300666077,0,4260,831197,medium_default,5000000.0
Fin_rl_2,pure_rl,rl,8796718.510212297,5000000.0,8796718.510212246,3796718.5102122463,0.0,0.0,22.0,0.0,2215,2215,126,0.0568848758465011,77801989.59028819,284308.03528268763,0.0036542514758282,0.0568616070565375,0,4260,831197,medium_default,5000000.0
Fin_rl_3,pure_rl,rl,10977644.213121546,5000000.0,10977644.213124312,5977644.213124312,0.0,0.0,7.0,0.0,3311,3311,84,0.0253699788583509,116449204.5564544,199258.24876646293,0.0017111173023931,0.0398516497532925,0,4260,831197,medium_default,5000000.0
Fin_fl_rl_1,pure_rl,fl_rl,5846745.207792022,5000000.0,5846745.207791497,846745.207791497,0.0,0.0,22.0,0.0,638,638,77,0.1206896551724138,22841256.374510333,192501.60091326063,0.0084278026460962,0.0385003201826521,0,4240,831197,medium_default,5000000.0
Fin_fl_rl_2,pure_rl,fl_rl,7600559.842483587,5000000.0,7600559.842486209,2600559.842486209,0.0,0.0,7.0,0.0,1538,1538,108,0.0702210663198959,53474121.05446717,244661.91989520311,0.0045753331718346,0.0489323839790406,0,4240,831197,medium_default,5000000.0
Fin_fl_rl_3,pure_rl,fl_rl,13188565.557020787,5000000.0,13188565.557020314,8188565.557020314,0.0,0.0,6.0,0.0,4100,4100,89,0.0217073170731707,143597425.86184964,187661.3394959531,0.0013068572669018,0.0375322678991906,0,4240,831197,medium_default,5000000.0
Fin_rl_1,pure_rl,rl,6971018.351033709,5000000.0,6971018.351034248,1971018.351034248,0.0,0.0,8.0,0.0,1952,1952,250,0.1280737704918032,69270778.25566858,805185.7857061179,0.0116237438929051,0.1610371571412235,0,4245,709098,high_default,5000000.0
Fin_rl_2,pure_rl,rl,6524764.886894315,5000000.0,6524764.88689318,1524764.8868931802,0.0,0.0,8.0,0.0,1762,1762,412,0.2338251986379114,61701510.62023851,994691.5013840728,0.016121023478764,0.1989383002768145,0,4245,709098,high_default,5000000.0
Fin_rl_3,pure_rl,rl,10775422.254680447,5000000.0,10775422.25467538,5775422.254675381,0.0,0.0,12.0,0.0,3427,3427,91,0.026553837175372,119736336.63844228,259774.0158840385,0.002169550390275,0.0519548031768077,0,4245,709098,high_default,5000000.0
Fin_fl_rl_1,pure_rl,fl_rl,6474949.084445423,5000000.0,6474949.0844466565,1474949.0844466563,0.0,0.0,24.0,0.0,1246,1246,147,0.1179775280898876,43886066.75576388,490354.9436052621,0.0111733627516496,0.0980709887210524,0,4261,709098,high_default,5000000.0
Fin_fl_rl_2,pure_rl,fl_rl,7470587.229427562,5000000.0,7470587.229427908,2470587.229427908,0.0,0.0,11.0,0.0,1921,1921,235,0.1223321186881832,66943486.98454726,651559.778439379,0.0097329823674972,0.1303119556878758,0,4261,709098,high_default,5000000.0
Fin_fl_rl_3,pure_rl,fl_rl,11073600.480498808,5000000.0,11073600.480499728,6073600.480499728,0.0,0.0,7.0,0.0,3727,3727,102,0.0273678561845988,129741293.89769,307600.9775114632,0.0023708795270226,0.0615201955022926,0,4261,709098,high_default,5000000.0
Fin_rl_1,pure_rl,rl,6619797.841897175,5000000.0,6619797.841898182,1619797.8418981824,0.0,0.0,13.0,0.0,1504,1504,190,0.1263297872340425,52425385.9557579,637312.1950825661,0.0121565570470076,0.1274624390165132,0,4238,436570,high_default,5000000.0
Fin_rl_2,pure_rl,rl,8226655.704515956,5000000.0,8226655.704518159,3226655.704518159,0.0,0.0,16.0,0.0,2522,2522,263,0.1042823156225218,88167261.91927925,706613.757349095,0.0080144686584009,0.1413227514698189,0,4238,436570,high_default,5000000.0
Fin_rl_3,pure_rl,rl,9473223.79096281,5000000.0,9473223.79096476,4473223.79096476,0.0,0.0,18.0,0.0,2381,2381,76,0.0319193616127677,83262064.04882866,228529.96958825784,0.0027447069947033,0.0457059939176515,0,4238,436570,high_default,5000000.0
Fin_fl_rl_1,pure_rl,fl_rl,7325285.683102854,5000000.0,7325285.683103663,2325285.683103663,0.0,0.0,23.0,0.0,1908,1908,179,0.0938155136268343,66342814.80081152,583048.2134377556,0.0087884153723098,0.1166096426875511,0,4261,436570,high_default,5000000.0
Fin_fl_rl_2,pure_rl,fl_rl,7340449.574259521,5000000.0,7340449.574257694,2340449.574257694,0.0,0.0,20.0,0.0,1721,1721,257,0.1493317838466008,60687337.113571815,662894.4904533327,0.0109231105199553,0.1325788980906665,0,4261,436570,high_default,5000000.0
Fin_fl_rl_3,pure_rl,fl_rl,9360234.8313398,5000000.0,9360234.83133778,4360234.83133778,0.0,0.0,7.0,0.0,2791,2791,67,0.0240057327122895,97253415.93268928,190381.6594008024,0.0019575832640425,0.0380763318801604,0,4261,436570,high_default,5000000.0
Fin_rl_1,pure_rl,rl,7471303.826374353,5000000.0,7471303.826369427,2471303.826369427,0.0,0.0,14.0,0.0,1575,1575,116,0.0736507936507936,54545905.05320092,400377.1394729528,0.0073401869321344,0.0800754278945905,0,4259,831197,high_default,5000000.0
Fin_rl_2,pure_rl,rl,9000735.205575036,5000000.0,9000735.20557383,4000735.205573831,0.0,0.0,23.0,0.0,2948,2948,279,0.094640434192673,102614255.2630632,727814.564263236,0.0070927237389912,0.1455629128526472,0,4259,831197,high_default,5000000.0
Fin_rl_3,pure_rl,rl,9107305.705025677,5000000.0,9107305.705026316,4107305.705026316,0.0,0.0,23.0,0.0,2317,2317,64,0.0276219249028916,81294225.11442746,186764.45711672207,0.0022973889824749,0.0373528914233444,0,4259,831197,high_default,5000000.0
Fin_fl_rl_1,pure_rl,fl_rl,5093213.6892112205,5000000.0,5093213.689211114,93213.68921111432,0.0,0.0,24.0,0.0,250,250,83,0.332,8747759.265406702,268307.00728042977,0.0306715124570767,0.0536614014560859,0,4251,831197,high_default,5000000.0
Fin_fl_rl_2,pure_rl,fl_rl,8463560.143661365,5000000.0,8463560.143659102,3463560.143659102,0.0,0.0,17.0,0.0,2379,2379,216,0.0907944514501891,82878044.39897352,561377.9992078121,0.0067735430206985,0.1122755998415624,0,4251,831197,high_default,5000000.0
Fin_fl_rl_3,pure_rl,fl_rl,11795900.264251642,5000000.0,11795900.264246589,6795900.264246589,0.0,0.0,10.0,0.0,3789,3789,93,0.0245447347585114,133459044.70547412,269081.20267751784,0.0020162080679607,0.0538162405355035,0,4251,831197,high_default,5000000.0
Fin_rl_1,pure_rl,rl,17045547.209883038,10000000.0,17045547.2098884,7045547.209888399,0.0,0.0,16.0,0.0,5611,5611,0,0.0,196455472.79078245,0.0,0.0,0.0,0,4260,709098,none_default,10000000.0
Fin_rl_2,pure_rl,rl,14588109.28438477,10000000.0,14588109.284388164,4588109.284388164,0.0,0.0,7.0,0.0,3926,3926,0,0.0,138030509.44869694,0.0,0.0,0.0,0,4260,709098,none_default,10000000.0
Fin_rl_3,pure_rl,rl,10805136.08523398,10000000.0,10805136.085233117,805136.0852331147,0.0,0.0,18.0,0.0,848,848,0,0.0,29737022.14182312,0.0,0.0,0.0,0,4260,709098,none_default,10000000.0
Fin_fl_rl_1,pure_rl,fl_rl,11938473.003489109,10000000.0,11938473.003486278,1938473.0034862773,0.0,0.0,16.0,0.0,1655,1655,0,0.0,57879988.80613685,0.0,0.0,0.0,0,4261,709098,none_default,10000000.0
Fin_fl_rl_2,pure_rl,fl_rl,13246529.985383704,10000000.0,13246529.98538939,3246529.985389389,0.0,0.0,6.0,0.0,2446,2446,0,0.0,86232862.80879813,0.0,0.0,0.0,0,4261,709098,none_default,10000000.0
Fin_fl_rl_3,pure_rl,fl_rl,18618560.426709343,10000000.0,18618560.426705904,8618560.426705904,0.0,0.0,6.0,0.0,6279,6279,0,0.0,219174043.54788828,0.0,0.0,0.0,0,4261,709098,none_default,10000000.0
Fin_rl_1,pure_rl,rl,14351713.761651978,10000000.0,14351713.761649031,4351713.761649031,0.0,0.0,14.0,0.0,3412,3412,0,0.0,119573050.83228916,0.0,0.0,0.0,0,4255,436570,none_default,10000000.0
Fin_rl_2,pure_rl,rl,18530593.85666871,10000000.0,18530593.856665578,8530593.856665578,0.0,0.0,16.0,0.0,6425,6425,0,0.0,224241429.93644443,0.0,0.0,0.0,0,4255,436570,none_default,10000000.0
Fin_rl_3,pure_rl,rl,10699765.816923372,10000000.0,10699765.816920806,699765.8169208057,0.0,0.0,22.0,0.0,546,546,0,0.0,18915436.041698992,0.0,0.0,0.0,0,4255,436570,none_default,10000000.0
Fin_fl_rl_1,pure_rl,fl_rl,18150543.646376666,10000000.0,18150543.646385472,8150543.646385472,0.0,0.0,19.0,0.0,5710,5710,0,0.0,200192592.24391955,0.0,0.0,0.0,0,4263,436570,none_default,10000000.0
Fin_fl_rl_2,pure_rl,fl_rl,11778084.425971456,10000000.0,11778084.425971003,1778084.4259710032,0.0,0.0,21.0,0.0,1569,1569,0,0.0,54637518.19766463,0.0,0.0,0.0,0,4263,436570,none_default,10000000.0
Fin_fl_rl_3,pure_rl,fl_rl,14374409.243753633,10000000.0,14374409.243749993,4374409.243749993,0.0,0.0,22.0,0.0,3113,3113,0,0.0,109162830.64465518,0.0,0.0,0.0,0,4263,436570,none_default,10000000.0
Fin_rl_1,pure_rl,rl,10763889.529317375,10000000.0,10763889.529316269,763889.529316267,0.0,0.0,11.0,0.0,849,849,0,0.0,29933485.771184534,0.0,0.0,0.0,0,4259,831197,none_default,10000000.0
Fin_rl_2,pure_rl,rl,16117063.159262933,10000000.0,16117063.159261491,6117063.159261491,0.0,0.0,14.0,0.0,5690,5690,0,0.0,198066911.6391976,0.0,0.0,0.0,0,4259,831197,none_default,10000000.0
Fin_rl_3,pure_rl,rl,13759378.747010808,10000000.0,13759378.747012507,3759378.747012507,0.0,0.0,10.0,0.0,3846,3846,0,0.0,134575587.05362716,0.0,0.0,0.0,0,4259,831197,none_default,10000000.0
Fin_fl_rl_1,pure_rl,fl_rl,11135337.870636228,10000000.0,11135337.870638382,1135337.8706383817,0.0,0.0,11.0,0.0,1442,1442,0,0.0,50094861.82546449,0.0,0.0,0.0,0,4254,831197,none_default,10000000.0
Fin_fl_rl_2,pure_rl,fl_rl,14789894.521710277,10000000.0,14789894.521712366,4789894.521712367,0.0,0.0,14.0,0.0,6393,6393,0,0.0,222984884.61052963,0.0,0.0,0.0,0,4254,831197,none_default,10000000.0
Fin_fl_rl_3,pure_rl,fl_rl,11882803.269259555,10000000.0,11882803.269261863,1882803.269261865,0.0,0.0,12.0,0.0,2554,2554,0,0.0,89121082.88357568,0.0,0.0,0.0,0,4254,831197,none_default,10000000.0
Fin_rl_1,pure_rl,rl,14335346.254842388,10000000.0,14335346.254844118,4335346.254844118,0.0,0.0,24.0,0.0,2464,2464,83,0.0336850649350649,87017475.90222661,182073.80543809384,0.0020923820594689,0.0182073805438093,0,4257,709098,low_default,10000000.0
Fin_rl_2,pure_rl,rl,14155988.606445096,10000000.0,14155988.606438886,4155988.6064388864,0.0,0.0,13.0,0.0,2487,2487,87,0.0349819059107358,87831345.3913618,192149.2570804618,0.0021877070904957,0.0192149257080461,0,4257,709098,low_default,10000000.0
Fin_rl_3,pure_rl,rl,17168765.599786542,10000000.0,17168765.599784087,7168765.599784087,0.0,0.0,29.0,0.0,3576,3576,77,0.0215324384787472,125184922.33162536,192135.37965098277,0.0015348124684057,0.0192135379650982,0,4257,709098,low_default,10000000.0
Fin_fl_rl_1,pure_rl,fl_rl,11356461.620175457,10000000.0,11356461.620176462,1356461.6201764625,0.0,0.0,24.0,0.0,957,957,28,0.0292580982236154,33331559.785366315,73097.78692898134,0.002193050292266,0.0073097786928981,0,4255,709098,low_default,10000000.0
Fin_fl_rl_2,pure_rl,fl_rl,15365423.203780849,10000000.0,15365423.203777565,5365423.203777563,0.0,0.0,22.0,0.0,3134,3134,148,0.0472239948947032,109710346.41453911,253100.8845491965,0.0023069919366844,0.0253100884549196,0,4255,709098,low_default,10000000.0
Fin_fl_rl_3,pure_rl,fl_rl,18853059.368281502,10000000.0,18853059.36827052,8853059.368270516,0.0,0.0,23.0,0.0,4931,4931,60,0.0121679172581626,173037821.07132864,86426.61640654609,0.0004994666245301,0.0086426616406546,0,4255,709098,low_default,10000000.0
Fin_rl_1,pure_rl,rl,12650812.308835698,10000000.0,12650812.30883508,2650812.30883508,0.0,0.0,16.0,0.0,2086,2086,176,0.084372003835091,73019873.013348,382779.59485488775,0.0052421290130827,0.0382779594854887,0,4250,436570,low_default,10000000.0
Fin_rl_2,pure_rl,rl,14976472.988710156,10000000.0,14976472.98870743,4976472.988707431,0.0,0.0,10.0,0.0,3372,3372,279,0.0827402135231316,119186463.71937442,468415.5733038787,0.0039301071504794,0.0468415573303878,0,4250,436570,low_default,10000000.0
Fin_rl_3,pure_rl,rl,16718829.33509189,10000000.0,16718829.335089056,6718829.335089056,0.0,0.0,20.0,0.0,3813,3813,52,0.013637555730396,133528644.38710776,124340.9326321123,0.0009311929526644,0.0124340932632112,0,4250,436570,low_default,10000000.0
Fin_fl_rl_1,pure_rl,fl_rl,13601022.348703364,10000000.0,13601022.348701606,3601022.3487016056,0.0,0.0,6.0,0.0,2153,2153,84,0.0390153274500696,74980663.69553328,186495.66764881733,0.0024872501583355,0.0186495667648817,0,4245,436570,low_default,10000000.0
Fin_fl_rl_2,pure_rl,fl_rl,13056957.836177904,10000000.0,13056957.83617564,3056957.836175639,0.0,0.0,6.0,0.0,1842,1842,119,0.0646036916395222,64485908.48810304,225599.16010788543,0.0034984257087655,0.0225599160107885,0,4245,436570,low_default,10000000.0
Fin_fl_rl_3,pure_rl,fl_rl,16710430.960821224,10000000.0,16710430.960817251,6710430.960817253,0.0,0.0,6.0,0.0,3328,3328,34,0.0102163461538461,116515028.30515105,69272.5396068259,0.0005945373795507,0.0069272539606825,0,4245,436570,low_default,10000000.0
Fin_rl_1,pure_rl,rl,13404288.535193233,10000000.0,13404288.535197347,3404288.5351973474,0.0,0.0,13.0,0.0,2315,2315,186,0.0803455723542116,81097004.07407504,334787.7011005455,0.0041282375954942,0.0334787701100545,0,4253,831197,low_default,10000000.0
Fin_rl_2,pure_rl,rl,12878083.353542496,10000000.0,12878083.35353532,2878083.3535353206,0.0,0.0,24.0,0.0,2510,2510,321,0.1278884462151394,87998281.2477285,675923.9599953403,0.0076811041126191,0.067592395999534,0,4253,831197,low_default,10000000.0
Fin_rl_3,pure_rl,rl,15956249.5247223,10000000.0,15956249.524722056,5956249.524722055,0.0,0.0,24.0,0.0,3808,3808,42,0.0110294117647058,133365276.0947248,86993.98662193175,0.0006522986280187,0.0086993986621931,0,4253,831197,low_default,10000000.0
Fin_fl_rl_1,pure_rl,fl_rl,14313553.89738507,10000000.0,14313553.897378111,4313553.897378113,0.0,0.0,12.0,0.0,2403,2403,97,0.0403662089055347,84023007.4177217,189509.4266155107,0.0022554468405702,0.018950942661551,0,4265,831197,low_default,10000000.0
Fin_fl_rl_2,pure_rl,fl_rl,13758417.18402946,10000000.0,13758417.184031414,3758417.184031414,0.0,0.0,13.0,0.0,2183,2183,155,0.0710032065964269,75527296.58346985,324763.3523153225,0.0042999467345743,0.0324763352315322,0,4265,831197,low_default,10000000.0
Fin_fl_rl_3,pure_rl,fl_rl,16263394.545267968,10000000.0,16263394.545271404,6263394.545271404,0.0,0.0,22.0,0.0,3513,3513,62,0.0176487332764019,123160039.7544651,127260.34901917394,0.0010332925295646,0.0127260349019173,0,4265,831197,low_default,10000000.0
Fin_rl_1,pure_rl,rl,14037972.02438889,10000000.0,14037972.024385585,4037972.024385583,0.0,0.0,19.0,0.0,2267,2267,128,0.0564622849580944,78810517.85804735,307627.8443910736,0.0039033856489202,0.0307627844391073,0,4268,709098,medium_default,10000000.0
Fin_rl_2,pure_rl,rl,14578396.433275474,10000000.0,14578396.43327585,4578396.4332758505,0.0,0.0,18.0,0.0,2862,2862,356,0.1243885394828791,99851351.966812,765577.3685535174,0.0076671707841069,0.0765577368553517,0,4268,709098,medium_default,10000000.0
Fin_rl_3,pure_rl,rl,13267940.720804123,10000000.0,13267940.720806254,3267940.720806254,0.0,0.0,23.0,0.0,1798,1798,70,0.0389321468298109,63454564.5365206,164778.11064057262,0.0025967889283321,0.0164778110640572,0,4268,709098,medium_default,10000000.0
Fin_fl_rl_1,pure_rl,fl_rl,14552477.458857013,10000000.0,14552477.45885357,4552477.458853571,0.0,0.0,29.0,0.0,2807,2807,158,0.0562878517990737,98163147.1511554,382199.0536277618,0.0038935085591666,0.0382199053627761,0,4263,709098,medium_default,10000000.0
Fin_fl_rl_2,pure_rl,fl_rl,13632282.78709098,10000000.0,13632282.787091624,3632282.787091624,0.0,0.0,7.0,0.0,2193,2193,138,0.0629274965800273,76992942.25078844,297893.45824969234,0.0038691008492618,0.0297893458249692,0,4263,709098,medium_default,10000000.0
Fin_fl_rl_3,pure_rl,fl_rl,15653244.468572494,10000000.0,15653244.468582172,5653244.468582172,0.0,0.0,9.0,0.0,3157,3157,84,0.0266075388026607,111009292.93971434,175211.82859026612,0.0015783528022777,0.0175211828590266,0,4263,709098,medium_default,10000000.0
Fin_rl_1,pure_rl,rl,15765413.34197457,10000000.0,15765413.34197192,5765413.341971921,0.0,0.0,22.0,0.0,3333,3333,137,0.0411041104110411,116323091.11108014,356320.97159976035,0.0030632006783545,0.035632097159976,0,4264,436570,medium_default,10000000.0
Fin_rl_2,pure_rl,rl,10409909.752842149,10000000.0,10409909.752842586,409909.7528425865,0.0,0.0,27.0,0.0,602,602,127,0.2109634551495016,20979479.81816741,280226.03543297935,0.0133571488836589,0.0280226035432979,0,4264,436570,medium_default,10000000.0
Fin_rl_3,pure_rl,rl,16393154.359552938,10000000.0,16393154.359552013,6393154.359552013,0.0,0.0,14.0,0.0,3212,3212,70,0.0217932752179327,111959091.80300397,182464.7932970374,0.0016297452074556,0.0182464793297037,0,4264,436570,medium_default,10000000.0
Fin_fl_rl_1,pure_rl,fl_rl,15233950.780459102,10000000.0,15233950.78045283,5233950.780452831,0.0,0.0,10.0,0.0,2831,2831,122,0.0430943129636171,99282060.25881374,341825.0182016705,0.0034429686220308,0.034182501820167,0,4252,436570,medium_default,10000000.0
Fin_fl_rl_2,pure_rl,fl_rl,10368669.98405064,10000000.0,10368669.984049557,368669.9840495549,0.0,0.0,27.0,0.0,384,384,89,0.2317708333333333,13693854.790107036,218494.03709235063,0.0159556268444002,0.021849403709235,0,4252,436570,medium_default,10000000.0
Fin_fl_rl_3,pure_rl,fl_rl,17073538.282799114,10000000.0,17073538.282800302,7073538.282800302,0.0,0.0,11.0,0.0,3510,3510,73,0.0207977207977207,123466569.50188656,171693.82294100625,0.0013906098114954,0.0171693822941006,0,4252,436570,medium_default,10000000.0
Fin_rl_1,pure_rl,rl,13707533.50681634,10000000.0,13707533.506818878,3707533.5068188775,0.0,0.0,22.0,0.0,1952,1952,97,0.0496926229508196,67838393.9865988,239120.97907114745,0.0035248620289917,0.0239120979071147,0,4254,831197,medium_default,10000000.0
Fin_rl_2,pure_rl,rl,14246195.178987471,10000000.0,14246195.178988852,4246195.178988852,0.0,0.0,17.0,0.0,2908,2908,293,0.1007565337001375,101901115.52347854,590834.6623267492,0.0057981177074613,0.0590834662326749,0,4254,831197,medium_default,10000000.0
Fin_rl_3,pure_rl,rl,15115936.69317058,10000000.0,15115936.69317315,5115936.69317315,0.0,0.0,6.0,0.0,2977,2977,82,0.0275445078938528,104299087.52411003,199728.04965071852,0.0019149549089252,0.0199728049650718,0,4254,831197,medium_default,10000000.0
Fin_fl_rl_1,pure_rl,fl_rl,14081187.006677505,10000000.0,14081187.006682651,4081187.006682651,0.0,0.0,23.0,0.0,2286,2286,60,0.0262467191601049,79867477.87487392,162121.33024789952,0.0020298791768771,0.0162121330247899,0,4257,831197,medium_default,10000000.0
Fin_fl_rl_2,pure_rl,fl_rl,10928316.098414786,10000000.0,10928316.09841766,928316.0984176602,0.0,0.0,26.0,0.0,722,722,95,0.131578947368421,25357702.690781623,221022.5547673989,0.0087161900059561,0.0221022554767398,0,4257,831197,medium_default,10000000.0
Fin_fl_rl_3,pure_rl,fl_rl,19095671.38841582,10000000.0,19095671.388412368,9095671.388412368,0.0,0.0,24.0,0.0,4817,4817,52,0.0107951006850736,168905889.84605163,108452.03566274332,0.0006420855765396,0.0108452035662743,0,4257,831197,medium_default,10000000.0
Fin_rl_1,pure_rl,rl,13007040.4502435,10000000.0,13007040.450248135,3007040.450248137,0.0,0.0,19.0,0.0,2156,2156,159,0.073747680890538,75741814.40374371,543648.5504151249,0.0071776541755019,0.0543648550415124,0,4248,709098,high_default,10000000.0
Fin_rl_2,pure_rl,rl,12356945.793019067,10000000.0,12356945.793016054,2356945.7930160537,0.0,0.0,21.0,0.0,1765,1765,201,0.1138810198300283,61340247.730261385,580477.7083250298,0.0094632436255822,0.0580477708325029,0,4248,709098,high_default,10000000.0
Fin_rl_3,pure_rl,rl,14093334.737686826,10000000.0,14093334.737692157,4093334.737692157,0.0,0.0,16.0,0.0,2441,2441,121,0.0495698484227775,85695352.63161099,380674.9880202054,0.0044421894108617,0.0380674988020205,0,4248,709098,high_default,10000000.0
Fin_fl_rl_1,pure_rl,fl_rl,11484682.69688106,10000000.0,11484682.69687877,1484682.6968787704,0.0,0.0,18.0,0.0,1307,1307,151,0.115531752104055,45350015.73561486,516078.6070642384,0.0113798991840028,0.0516078607064238,0,4249,709098,high_default,10000000.0
Fin_fl_rl_2,pure_rl,fl_rl,11412056.872193262,10000000.0,11412056.872194087,1412056.872194089,0.0,0.0,28.0,0.0,1239,1239,175,0.1412429378531073,43815685.09146343,489996.8139799179,0.0111831371107645,0.0489996813979917,0,4249,709098,high_default,10000000.0
Fin_fl_rl_3,pure_rl,fl_rl,16493868.112198448,10000000.0,16493868.11219688,6493868.112196879,0.0,0.0,27.0,0.0,4038,4038,118,0.0292223873204556,142481633.3045089,356818.5474913631,0.00250431258553,0.0356818547491363,0,4249,709098,high_default,10000000.0
Fin_rl_1,pure_rl,rl,13630965.354693888,10000000.0,13630965.35469655,3630965.3546965495,0.0,0.0,10.0,0.0,2259,2259,176,0.0779105799026117,79215532.168256,577746.8885476511,0.0072933536231316,0.0577746888547651,0,4241,436570,high_default,10000000.0
Fin_rl_2,pure_rl,rl,12728037.8422284,10000000.0,12728037.84222112,2728037.8422211185,0.0,0.0,20.0,0.0,2000,2000,210,0.105,69984350.82333793,540630.8946537564,0.0077250254991787,0.0540630894653756,0,4241,436570,high_default,10000000.0
Fin_rl_3,pure_rl,rl,13067128.305910762,10000000.0,13067128.305911953,3067128.3059119526,0.0,0.0,9.0,0.0,1808,1808,98,0.0542035398230088,63538237.25868876,296236.7272504097,0.0046623378304361,0.0296236727250409,0,4241,436570,high_default,10000000.0
Fin_fl_rl_1,pure_rl,fl_rl,12534685.854461148,10000000.0,12534685.854464322,2534685.8544643223,0.0,0.0,6.0,0.0,1876,1876,141,0.0751599147121535,65328570.75664004,493551.2244567148,0.0075549062032181,0.0493551224456714,0,4254,436570,high_default,10000000.0
Fin_fl_rl_2,pure_rl,fl_rl,10554945.833718091,10000000.0,10554945.833716348,554945.8337163478,0.0,0.0,18.0,0.0,813,813,265,0.3259532595325953,28056295.88322776,694045.73360559,0.0247376109980539,0.069404573360559,0,4254,436570,high_default,10000000.0
Fin_fl_rl_3,pure_rl,fl_rl,15869172.304692484,10000000.0,15869172.304689083,5869172.304689083,0.0,0.0,10.0,0.0,3098,3098,67,0.0216268560361523,108288176.20523196,188578.7012037261,0.0017414523709986,0.0188578701203726,0,4254,436570,high_default,10000000.0
Fin_rl_1,pure_rl,rl,13191206.336772598,10000000.0,13191206.336773057,3191206.3367730547,0.0,0.0,17.0,0.0,2123,2123,129,0.0607630711257654,75135513.93570442,478051.3276241174,0.0063625215638133,0.0478051327624117,0,4250,831197,high_default,10000000.0
Fin_rl_2,pure_rl,rl,11959886.393642953,10000000.0,11959886.393641464,1959886.3936414644,0.0,0.0,7.0,0.0,1591,1591,355,0.2231301068510371,55332540.9923036,920372.8282196862,0.0166334820652408,0.0920372828219686,0,4250,831197,high_default,10000000.0
Fin_rl_3,pure_rl,rl,13043053.599342449,10000000.0,13043053.599342884,3043053.599342882,0.0,0.0,20.0,0.0,1936,1936,66,0.034090909090909,68111509.98195499,216099.70107837117,0.0031727339642833,0.0216099701078371,0,4250,831197,high_default,10000000.0
Fin_fl_rl_1,pure_rl,fl_rl,12951652.18121512,10000000.0,12951652.18120876,2951652.1812087595,0.0,0.0,20.0,0.0,1821,1821,97,0.0532674354750137,63921237.53851147,335899.36637833004,0.0052548946064436,0.033589936637833,0,4237,831197,high_default,10000000.0
Fin_fl_rl_2,pure_rl,fl_rl,11179137.50768339,10000000.0,11179137.50767955,1179137.50767955,0.0,0.0,22.0,0.0,868,868,140,0.1612903225806451,30247732.23553895,375073.2410241194,0.0124000450051404,0.0375073241024119,0,4237,831197,high_default,10000000.0
Fin_fl_rl_3,pure_rl,fl_rl,16873550.765591692,10000000.0,16873550.76558767,6873550.765587669,0.0,0.0,29.0,0.0,3905,3905,82,0.0209987195902688,136835531.85870272,250723.69930556265,0.0018322996658825,0.0250723699305562,0,4237,831197,high_default,10000000.0
Fin_rl_1,pure_rl,rl,4711585.293637843,1000000.0,4711585.293639164,3711585.293639165,0.0,0.0,6.0,0.0,2240,2240,0,0.0,76479590.4544287,0.0,0.0,0.0,0,4252,100237,none_default,1000000.0
Fin_rl_2,pure_rl,rl,5858858.037276508,1000000.0,5858858.03727579,4858858.03727579,0.0,0.0,6.0,0.0,2835,2835,0,0.0,97850659.33614258,0.0,0.0,0.0,0,4252,100237,none_default,1000000.0
Fin_rl_3,pure_rl,rl,6301359.911997049,1000000.0,6301359.911996647,5301359.911996647,0.0,0.0,6.0,0.0,2933,2933,0,0.0,100607029.2837248,0.0,0.0,0.0,0,4252,100237,none_default,1000000.0
Fin_fl_rl_1,pure_rl,fl_rl,6434319.930001501,1000000.0,6434319.930001671,5434319.930001671,0.0,0.0,6.0,0.0,2879,2879,0,0.0,98897040.19542588,0.0,0.0,0.0,0,4249,100237,none_default,1000000.0
Fin_fl_rl_2,pure_rl,fl_rl,5172872.372502733,1000000.0,5172872.372502796,4172872.372502797,0.0,0.0,6.0,0.0,2405,2405,0,0.0,80035947.57544225,0.0,0.0,0.0,0,4249,100237,none_default,1000000.0
Fin_fl_rl_3,pure_rl,fl_rl,5764459.182800008,1000000.0,5764459.182800342,4764459.182800342,0.0,0.0,6.0,0.0,2570,2570,0,0.0,88965962.98061347,0.0,0.0,0.0,0,4249,100237,none_default,1000000.0
Fin_rl_1,pure_rl,rl,4158008.703008416,1000000.0,4158008.70300873,3158008.70300873,0.0,0.0,21.0,0.0,1896,1896,32,0.0168776371308016,66216258.47560056,73293.27056213282,0.001106877257179,0.0732932705621328,0,4247,100237,low_default,1000000.0
Fin_rl_2,pure_rl,rl,5365132.179401589,1000000.0,5365132.179401178,4365132.179401178,0.0,0.0,6.0,0.0,2451,2451,64,0.0261117911056711,84255260.8663473,118635.19252336305,0.001408044925664,0.118635192523363,0,4247,100237,low_default,1000000.0
Fin_rl_3,pure_rl,rl,5749124.651735089,1000000.0,5749124.651734719,4749124.651734719,0.0,0.0,6.0,0.0,2222,2222,14,0.0063006300630063,76047027.26587278,24143.67121925789,0.0003174834321248,0.0241436712192578,0,4247,100237,low_default,1000000.0
Fin_fl_rl_1,pure_rl,fl_rl,5009395.52737993,1000000.0,5009395.527379852,4009395.527379852,0.0,0.0,6.0,0.0,2280,2280,35,0.0153508771929824,79233224.02574293,80030.58158353857,0.0010100634243727,0.0800305815835385,0,4242,100237,low_default,1000000.0
Fin_fl_rl_2,pure_rl,fl_rl,4202243.169181503,1000000.0,4202243.16918164,3202243.1691816403,0.0,0.0,6.0,0.0,2250,2250,89,0.0395555555555555,74893724.40309234,165812.705528837,0.0022139732914923,0.1658127055288369,0,4242,100237,low_default,1000000.0
Fin_fl_rl_3,pure_rl,fl_rl,5572166.341448181,1000000.0,5572166.341447416,4572166.341447416,0.0,0.0,6.0,0.0,2427,2427,20,0.0082406262875978,83204143.96431243,38988.05810727378,0.0004685831287921,0.0389880581072737,0,4242,100237,low_default,1000000.0
Fin_rl_1,pure_rl,rl,4074725.170739253,1000000.0,4074725.1707395846,3074725.1707395846,0.0,0.0,6.0,0.0,1932,1932,153,0.0791925465838509,65241752.2902142,342159.8132457256,0.0052444914680356,0.3421598132457256,0,4258,100237,medium_default,1000000.0
Fin_rl_2,pure_rl,rl,3547877.6487549287,1000000.0,3547877.648755342,2547877.648755342,0.0,0.0,6.0,0.0,1513,1513,92,0.060806345009914,53178276.532206826,203390.1593850228,0.0038246850527741,0.2033901593850228,0,4258,100237,medium_default,1000000.0
Fin_rl_3,pure_rl,rl,5280364.969308294,1000000.0,5280364.969307988,4280364.969307988,0.0,0.0,6.0,0.0,2214,2214,38,0.017163504968383,75216797.06714967,96974.9840273539,0.0012892729790232,0.0969749840273539,0,4258,100237,medium_default,1000000.0
Fin_fl_rl_1,pure_rl,fl_rl,3349291.50397568,1000000.0,3349291.503975748,2349291.503975748,0.0,0.0,6.0,0.0,1455,1455,87,0.0597938144329896,50070290.72268748,208276.5083615922,0.0041596824255549,0.2082765083615922,0,4262,100237,medium_default,1000000.0
Fin_fl_rl_2,pure_rl,fl_rl,4216796.839459468,1000000.0,4216796.839459021,3216796.8394590206,0.0,0.0,6.0,0.0,1745,1745,69,0.0395415472779369,60500324.97346892,147558.3206467725,0.0024389674057367,0.1475583206467725,0,4262,100237,medium_default,1000000.0
Fin_fl_rl_3,pure_rl,fl_rl,6631142.250068754,1000000.0,6631142.25006878,5631142.25006878,0.0,0.0,6.0,0.0,2961,2961,51,0.0172239108409321,100057163.93533014,117204.64919380264,0.0011713768868119,0.1172046491938026,0,4262,100237,medium_default,1000000.0
Fin_rl_1,pure_rl,rl,3685909.116009037,1000000.0,3685909.1160088046,2685909.1160088046,0.0,0.0,6.0,0.0,1822,1822,114,0.0625686059275521,63296897.12573098,347016.2526329936,0.0054823580363456,0.3470162526329936,0,4245,100237,high_default,1000000.0
Fin_rl_2,pure_rl,rl,3929514.324171973,1000000.0,3929514.32417358,2929514.32417358,0.0,0.0,7.0,0.0,1582,1582,78,0.0493046776232617,55003968.25213793,205574.78969815728,0.003737453791621,0.2055747896981572,0,4245,100237,high_default,1000000.0
Fin_rl_3,pure_rl,rl,3293271.405562073,1000000.0,3293271.405561784,2293271.405561784,0.0,0.0,6.0,0.0,1515,1515,149,0.0983498349834983,51353606.74984922,385671.63818220864,0.007510117839646,0.3856716381822086,0,4245,100237,high_default,1000000.0
Fin_fl_rl_1,pure_rl,fl_rl,3478396.370194664,1000000.0,3478396.3701940933,2478396.3701940933,0.0,0.0,6.0,0.0,1445,1445,53,0.0366782006920415,50371022.50520726,169406.8954064836,0.0033631815869723,0.1694068954064836,0,4263,100237,high_default,1000000.0
Fin_fl_rl_2,pure_rl,fl_rl,3318839.060931528,1000000.0,3318839.0609316886,2318839.0609316886,0.0,0.0,7.0,0.0,1728,1728,118,0.068287037037037,59162431.17703142,313703.5805260545,0.0053024119240022,0.3137035805260545,0,4263,100237,high_default,1000000.0
Fin_fl_rl_3,pure_rl,fl_rl,4528784.663146064,1000000.0,4528784.663146557,3528784.6631465573,0.0,0.0,6.0,0.0,2082,2082,39,0.0187319884726224,72197920.64022134,104925.95592075169,0.0014533099428669,0.1049259559207516,0,4263,100237,high_default,1000000.0
Fin_rl_1,pure_rl,rl,5634520.421067736,5000000.0,5634520.421068117,634520.421068117,0.0,0.0,10.0,0.0,697,697,0,0.0,24230018.41967991,0.0,0.0,0.0,0,4253,100237,none_default,5000000.0
Fin_rl_2,pure_rl,rl,9892061.092826592,5000000.0,9892061.092825796,4892061.092825796,0.0,0.0,6.0,0.0,4924,4924,0,0.0,172994074.39827487,0.0,0.0,0.0,0,4253,100237,none_default,5000000.0
Fin_rl_3,pure_rl,rl,9240993.508688644,5000000.0,9240993.50868774,4240993.50868774,0.0,0.0,14.0,0.0,4777,4777,0,0.0,167456318.3020149,0.0,0.0,0.0,0,4253,100237,none_default,5000000.0
Fin_fl_rl_1,pure_rl,fl_rl,8856220.484936776,5000000.0,8856220.484937584,3856220.484937584,0.0,0.0,13.0,0.0,4217,4217,0,0.0,147364617.95051005,0.0,0.0,0.0,0,4247,100237,none_default,5000000.0
Fin_fl_rl_2,pure_rl,fl_rl,9495515.099451097,5000000.0,9495515.099449018,4495515.099449018,0.0,0.0,8.0,0.0,4390,4390,0,0.0,154408590.01996443,0.0,0.0,0.0,0,4247,100237,none_default,5000000.0
Fin_fl_rl_3,pure_rl,fl_rl,6589362.297861138,5000000.0,6589362.297860517,1589362.2978605172,0.0,0.0,14.0,0.0,1777,1777,0,0.0,62503673.600362815,0.0,0.0,0.0,0,4247,100237,none_default,5000000.0
Fin_rl_1,pure_rl,rl,7401219.787880093,5000000.0,7401219.787880346,2401219.787880346,0.0,0.0,18.0,0.0,1887,1887,183,0.0969793322734499,66573478.36797745,396856.2260464656,0.0059611760685371,0.0793712452092931,0,4238,100237,low_default,5000000.0
Fin_rl_2,pure_rl,rl,9033478.535475273,5000000.0,9033478.535473287,4033478.535473289,0.0,0.0,18.0,0.0,2325,2325,55,0.0236559139784946,82056473.22150178,99050.03586506934,0.0012070959422993,0.0198100071730138,0,4238,100237,low_default,5000000.0
Fin_rl_3,pure_rl,rl,11837912.641117038,5000000.0,11837912.641118445,6837912.641118443,0.0,0.0,6.0,0.0,4157,4157,43,0.0103439980755352,146398992.76665157,91108.4050879372,0.000622329452998,0.0182216810175874,0,4238,100237,low_default,5000000.0
Fin_fl_rl_1,pure_rl,fl_rl,9710490.037834369,5000000.0,9710490.037834791,4710490.037834792,0.0,0.0,6.0,0.0,2578,2578,97,0.0376260667183863,90600152.80572855,221274.48935007933,0.0024423191628004,0.0442548978700158,0,4253,100237,low_default,5000000.0
Fin_fl_rl_2,pure_rl,fl_rl,6187117.04130968,5000000.0,6187117.041309923,1187117.041309923,0.0,0.0,8.0,0.0,792,792,71,0.0896464646464646,27804815.35284866,139185.59275042138,0.005005808921373,0.0278371185500842,0,4253,100237,low_default,5000000.0
Fin_fl_rl_3,pure_rl,fl_rl,11033612.508603204,5000000.0,11033612.508602362,6033612.508602362,0.0,0.0,8.0,0.0,2970,2970,52,0.0175084175084175,104814321.62533525,110581.30711316346,0.0010550209684936,0.0221162614226326,0,4253,100237,low_default,5000000.0
Fin_rl_1,pure_rl,rl,9846236.75729076,5000000.0,9846236.75729232,4846236.757292319,0.0,0.0,18.0,0.0,2792,2792,113,0.0404727793696275,98013127.79115447,293086.06208166573,0.0029902735346449,0.0586172124163331,0,4246,100237,medium_default,5000000.0
Fin_rl_2,pure_rl,rl,6065942.231810149,5000000.0,6065942.23181126,1065942.23181126,0.0,0.0,17.0,0.0,1240,1240,377,0.3040322580645161,43697120.64921971,813355.4357556163,0.018613478958599,0.1626710871511232,0,4246,100237,medium_default,5000000.0
Fin_rl_3,pure_rl,rl,12708113.537755037,5000000.0,12708113.537752962,7708113.537752962,0.0,0.0,11.0,0.0,4073,4073,51,0.0125214829364105,143731843.02668464,117675.08675552248,0.0008187127102633,0.0235350173511044,0,4246,100237,medium_default,5000000.0
Fin_fl_rl_1,pure_rl,fl_rl,7439953.320862179,5000000.0,7439953.320860818,2439953.320860818,0.0,0.0,6.0,0.0,1780,1780,135,0.0758426966292134,62034321.92872777,344107.04040269734,0.0055470428257126,0.0688214080805394,0,4257,100237,medium_default,5000000.0
Fin_fl_rl_2,pure_rl,fl_rl,7490145.922461257,5000000.0,7490145.922463875,2490145.9224638757,0.0,0.0,7.0,0.0,1625,1625,129,0.0793846153846153,57006292.0355042,265360.437603585,0.0046549324316395,0.053072087520717,0,4257,100237,medium_default,5000000.0
Fin_fl_rl_3,pure_rl,fl_rl,11615973.344047122,5000000.0,11615973.344049376,6615973.344049376,0.0,0.0,6.0,0.0,3381,3381,84,0.0248447204968944,119053643.0889554,177645.85990920616,0.001492149717556,0.0355291719818412,0,4257,100237,medium_default,5000000.0
Fin_rl_1,pure_rl,rl,7866183.986034827,5000000.0,7866183.986037961,2866183.986037961,0.0,0.0,18.0,0.0,2149,2149,163,0.0758492322010237,75449498.75851144,523744.3410374976,0.0069416543470199,0.1047488682074995,0,4261,100237,high_default,5000000.0
Fin_rl_2,pure_rl,rl,6224020.028997881,5000000.0,6224020.028996025,1224020.0289960252,0.0,0.0,26.0,0.0,1208,1208,238,0.1970198675496688,42536090.27104495,616058.8545452238,0.0144832035718286,0.1232117709090447,0,4261,100237,high_default,5000000.0
Fin_rl_3,pure_rl,rl,10604200.374689292,5000000.0,10604200.374686996,5604200.374686996,0.0,0.0,21.0,0.0,2953,2953,76,0.0257365391127666,102818343.02592658,209775.00782876505,0.002040248866643,0.041955001565753,0,4261,100237,high_default,5000000.0
Fin_fl_rl_1,pure_rl,fl_rl,6546688.650495283,5000000.0,6546688.65049694,1546688.65049694,0.0,0.0,17.0,0.0,1358,1358,155,0.1141384388807069,47545276.414877295,533337.7962242647,0.0112174717751221,0.1066675592448529,0,4256,100237,high_default,5000000.0
Fin_fl_rl_2,pure_rl,fl_rl,7049161.381650345,5000000.0,7049161.381649192,2049161.3816491924,0.0,0.0,11.0,0.0,1758,1758,201,0.114334470989761,61331598.00386,530646.2909759093,0.0086520864977708,0.1061292581951818,0,4256,100237,high_default,5000000.0
Fin_fl_rl_3,pure_rl,fl_rl,10822542.40262174,5000000.0,10822542.402621051,5822542.402621051,0.0,0.0,31.0,0.0,3629,3629,92,0.025351336456324,127134253.97981744,232905.6708266884,0.0018319663154169,0.0465811341653376,0,4256,100237,high_default,5000000.0
Fin_rl_1,pure_rl,rl,13111317.947807264,10000000.0,13111317.94781062,3111317.94781062,0.0,0.0,13.0,0.0,4148,4148,0,0.0,146330248.66276756,0.0,0.0,0.0,0,4249,100237,none_default,10000000.0
Fin_rl_2,pure_rl,rl,11785256.928791087,10000000.0,11785256.928789992,1785256.928789992,0.0,0.0,13.0,0.0,2070,2070,0,0.0,72078551.53169589,0.0,0.0,0.0,0,4249,100237,none_default,10000000.0
Fin_rl_3,pure_rl,rl,13391506.022186708,10000000.0,13391506.022188898,3391506.022188898,0.0,0.0,9.0,0.0,4178,4178,0,0.0,145995816.49748212,0.0,0.0,0.0,0,4249,100237,none_default,10000000.0
Fin_fl_rl_1,pure_rl,fl_rl,12619143.691366922,10000000.0,12619143.691363327,2619143.691363327,0.0,0.0,13.0,0.0,2969,2969,0,0.0,103710010.8659316,0.0,0.0,0.0,0,4252,100237,none_default,10000000.0
Fin_fl_rl_2,pure_rl,fl_rl,15688692.457947548,10000000.0,15688692.457939614,5688692.457939614,0.0,0.0,11.0,0.0,6150,6150,0,0.0,215739529.65374157,0.0,0.0,0.0,0,4252,100237,none_default,10000000.0
Fin_fl_rl_3,pure_rl,fl_rl,10967232.872303115,10000000.0,10967232.872303296,967232.872303296,0.0,0.0,15.0,0.0,1255,1255,0,0.0,43287147.65149508,0.0,0.0,0.0,0,4252,100237,none_default,10000000.0
Fin_rl_1,pure_rl,rl,11048548.53347716,10000000.0,11048548.533479191,1048548.5334791932,0.0,0.0,27.0,0.0,1218,1218,153,0.125615763546798,42509672.12811617,287297.6614756574,0.0067584069011352,0.0287297661475657,0,4262,100237,low_default,10000000.0
Fin_rl_2,pure_rl,rl,12220767.135633577,10000000.0,12220767.135632727,2220767.1356327278,0.0,0.0,26.0,0.0,1590,1590,86,0.0540880503144654,55847544.50841778,169242.94191838958,0.0030304455353964,0.0169242941918389,0,4262,100237,low_default,10000000.0
Fin_rl_3,pure_rl,rl,21384916.151745804,10000000.0,21384916.15173682,11384916.151736818,0.0,0.0,18.0,0.0,6217,6217,41,0.006594820653048,219159405.6566416,93000.30341929843,0.0004243500439356,0.0093000303419298,0,4262,100237,low_default,10000000.0
Fin_fl_rl_1,pure_rl,fl_rl,12450817.211262794,10000000.0,12450817.211259387,2450817.2112593874,0.0,0.0,13.0,0.0,1418,1418,59,0.041607898448519,50035148.0106761,133077.52420147066,0.0026596808342222,0.013307752420147,0,4258,100237,low_default,10000000.0
Fin_fl_rl_2,pure_rl,fl_rl,14115413.165946338,10000000.0,14115413.16594484,4115413.1659448408,0.0,0.0,15.0,0.0,2498,2498,157,0.0628502802241793,88346539.19231139,322765.9179040873,0.0036534076020962,0.0322765917904087,0,4258,100237,low_default,10000000.0
Fin_fl_rl_3,pure_rl,fl_rl,17078056.001481723,10000000.0,17078056.0014794,7078056.001479398,0.0,0.0,11.0,0.0,3633,3633,57,0.0156895127993393,127035684.26854496,120119.1464990345,0.0009455543707318,0.0120119146499034,0,4258,100237,low_default,10000000.0
Fin_rl_1,pure_rl,rl,13877409.763175162,10000000.0,13877409.763183508,3877409.763183508,0.0,0.0,23.0,0.0,2333,2333,66,0.0282897556793827,81455771.29475191,174205.92963340456,0.0021386566828154,0.0174205929633404,0,4247,100237,medium_default,10000000.0
Fin_rl_2,pure_rl,rl,12642886.73606904,10000000.0,12642886.736064622,2642886.736064622,0.0,0.0,17.0,0.0,1945,1945,292,0.1501285347043701,67905824.73991226,676868.2079208175,0.0099677488715188,0.0676868207920817,0,4247,100237,medium_default,10000000.0
Fin_rl_3,pure_rl,rl,14382799.867210206,10000000.0,14382799.867218047,4382799.867218047,0.0,0.0,14.0,0.0,2370,2370,81,0.0341772151898734,82742208.37963858,195063.91790820975,0.0023574898679669,0.0195063917908209,0,4247,100237,medium_default,10000000.0
Fin_fl_rl_1,pure_rl,fl_rl,14001352.237546884,10000000.0,14001352.237545136,4001352.237545136,0.0,0.0,18.0,0.0,2026,2026,74,0.0365251727541954,70358064.76931556,186238.64186553363,0.0026470120017677,0.0186238641865533,0,4251,100237,medium_default,10000000.0
Fin_fl_rl_2,pure_rl,fl_rl,10438879.708891142,10000000.0,10438879.708892372,438879.7088923715,0.0,0.0,29.0,0.0,423,423,83,0.1962174940898345,14975817.93294484,194033.66189801437,0.0129564650670041,0.0194033661898014,0,4251,100237,medium_default,10000000.0
Fin_fl_rl_3,pure_rl,fl_rl,17730588.31120382,10000000.0,17730588.31120913,7730588.311209131,0.0,0.0,17.0,0.0,3824,3824,67,0.017520920502092,134068210.30633268,150272.96235977334,0.0011208694590344,0.0150272962359773,0,4251,100237,medium_default,10000000.0
Fin_rl_1,pure_rl,rl,13037413.608991353,10000000.0,13037413.60899061,3037413.6089906096,0.0,0.0,10.0,0.0,2215,2215,230,0.1038374717832957,77686474.83805574,713088.6091342794,0.0091790573664305,0.0713088609134279,0,4242,100237,high_default,10000000.0
Fin_rl_2,pure_rl,rl,13756491.085277015,10000000.0,13756491.08528204,3756491.0852820408,0.0,0.0,20.0,0.0,2187,2187,118,0.0539551897576588,77433700.78182316,328224.7616688628,0.004238784383994,0.0328224761668862,0,4242,100237,high_default,10000000.0
Fin_rl_3,pure_rl,rl,13816787.982718648,10000000.0,13816787.982727358,3816787.982727358,0.0,0.0,23.0,0.0,2211,2211,90,0.0407055630936228,77661597.71996342,236068.2137056121,0.0030397032849728,0.0236068213705612,0,4242,100237,high_default,10000000.0
Fin_fl_rl_1,pure_rl,fl_rl,12921328.875957724,10000000.0,12921328.875960726,2921328.8759607263,0.0,0.0,11.0,0.0,2204,2204,200,0.0907441016333938,77224754.26116565,655363.3712895968,0.0084864416541,0.0655363371289596,0,4264,100237,high_default,10000000.0
Fin_fl_rl_2,pure_rl,fl_rl,10988334.182192769,10000000.0,10988334.182193317,988334.1821933164,0.0,0.0,15.0,0.0,956,956,157,0.1642259414225941,33829105.597563654,419985.9954889025,0.0124149305182679,0.0419985995488902,0,4264,100237,high_default,10000000.0
Fin_fl_rl_3,pure_rl,fl_rl,16581641.020614645,10000000.0,16581641.020627508,6581641.020627508,0.0,0.0,17.0,0.0,3824,3824,97,0.0253661087866108,134570720.6769463,257979.19783358445,0.0019170529557681,0.0257979197833584,0,4264,100237,high_default,10000000.0
Fin_rl_1,pure_rl,rl,5947059.279316999,1000000.0,5947059.279317279,4947059.279317279,0.0,0.0,6.0,0.0,2396,2396,0,0.0,81359214.2919947,0.0,0.0,0.0,0,4254,148832,none_default,1000000.0
Fin_rl_2,pure_rl,rl,4377494.710443019,1000000.0,4377494.710442919,3377494.7104429197,0.0,0.0,6.0,0.0,2393,2393,0,0.0,79527344.86433603,0.0,0.0,0.0,0,4254,148832,none_default,1000000.0
Fin_rl_3,pure_rl,rl,6137395.577731134,1000000.0,6137395.577732049,5137395.577732049,0.0,0.0,6.0,0.0,2917,2917,0,0.0,100611113.1728584,0.0,0.0,0.0,0,4254,148832,none_default,1000000.0
Fin_fl_rl_1,pure_rl,fl_rl,5007470.89875318,1000000.0,5007470.898753829,4007470.898753829,0.0,0.0,6.0,0.0,2516,2516,0,0.0,87363963.99974228,0.0,0.0,0.0,0,4248,148832,none_default,1000000.0
Fin_fl_rl_2,pure_rl,fl_rl,4747222.683501135,1000000.0,4747222.683500621,3747222.683500621,0.0,0.0,6.0,0.0,2587,2587,0,0.0,86434565.59300123,0.0,0.0,0.0,0,4248,148832,none_default,1000000.0
Fin_fl_rl_3,pure_rl,fl_rl,4956205.5377111565,1000000.0,4956205.537711214,3956205.5377112143,0.0,0.0,6.0,0.0,2710,2710,0,0.0,88707395.96492572,0.0,0.0,0.0,0,4248,148832,none_default,1000000.0
Fin_rl_1,pure_rl,rl,4515993.816924378,1000000.0,4515993.816924236,3515993.816924236,0.0,0.0,7.0,0.0,2085,2085,116,0.0556354916067146,72257051.6601141,264687.54569967167,0.0036631379169014,0.2646875456996717,0,4245,148832,low_default,1000000.0
Fin_rl_2,pure_rl,rl,5250159.989125625,1000000.0,5250159.989125533,4250159.989125533,0.0,0.0,6.0,0.0,2277,2277,158,0.0693895476504172,78293984.9428282,332202.01480578084,0.0042430081320852,0.3322020148057808,0,4245,148832,low_default,1000000.0
Fin_rl_3,pure_rl,rl,5251864.101635269,1000000.0,5251864.101635246,4251864.101635246,0.0,0.0,6.0,0.0,2276,2276,11,0.0048330404217926,75919727.9982708,25601.71272339243,0.0003372208172818,0.0256017127233924,0,4245,148832,low_default,1000000.0
Fin_fl_rl_1,pure_rl,fl_rl,4777331.6864545625,1000000.0,4777331.686454504,3777331.686454504,0.0,0.0,7.0,0.0,2122,2122,84,0.0395852968897266,72512141.35231562,179444.95020301623,0.0024746883329668,0.1794449502030162,0,4262,148832,low_default,1000000.0
Fin_fl_rl_2,pure_rl,fl_rl,5323649.2903248975,1000000.0,5323649.290324622,4323649.290324622,0.0,0.0,6.0,0.0,2523,2523,203,0.0804597701149425,86844874.59751502,443645.6831853792,0.0051084843549083,0.4436456831853791,0,4262,148832,low_default,1000000.0
Fin_fl_rl_3,pure_rl,fl_rl,5746084.498805313,1000000.0,5746084.498805455,4746084.498805455,0.0,0.0,6.0,0.0,2390,2390,30,0.0125523012552301,81403527.835078,69643.00934413983,0.0008555281471981,0.0696430093441398,0,4262,148832,low_default,1000000.0
Fin_rl_1,pure_rl,rl,3524686.7573931827,1000000.0,3524686.757392837,2524686.757392837,0.0,0.0,6.0,0.0,1505,1505,84,0.055813953488372,53199423.46229775,197113.1434270524,0.0037051744285677,0.1971131434270523,0,4254,148832,medium_default,1000000.0
Fin_rl_2,pure_rl,rl,3850708.381978131,1000000.0,3850708.381978595,2850708.381978595,0.0,0.0,6.0,0.0,1751,1751,82,0.0468303826384922,61678918.16697013,175898.05286423783,0.00285183427485,0.1758980528642378,0,4254,148832,medium_default,1000000.0
Fin_rl_3,pure_rl,rl,5313320.275163626,1000000.0,5313320.275164196,4313320.275164196,0.0,0.0,6.0,0.0,2719,2719,28,0.0102979036410445,89536351.53617914,84130.0862834879,0.0009396193260063,0.0841300862834878,0,4254,148832,medium_default,1000000.0
Fin_fl_rl_1,pure_rl,fl_rl,3936171.9320039945,1000000.0,3936171.932003832,2936171.9320038324,0.0,0.0,7.0,0.0,1645,1645,59,0.0358662613981762,56108675.522343226,146432.60636671731,0.0026098032969679,0.1464326063667173,0,4252,148832,medium_default,1000000.0
Fin_fl_rl_2,pure_rl,fl_rl,4227908.58936115,1000000.0,4227908.589360897,3227908.5893608974,0.0,0.0,6.0,0.0,1859,1859,74,0.0398063474986551,63688434.86488848,158923.3790936865,0.0024953255552728,0.1589233790936865,0,4252,148832,medium_default,1000000.0
Fin_fl_rl_3,pure_rl,fl_rl,6271939.876132895,1000000.0,6271939.876132389,5271939.876132389,0.0,0.0,6.0,0.0,2614,2614,36,0.0137719969395562,90335219.99002036,99342.21419498572,0.0010997063405165,0.0993422141949857,0,4252,148832,medium_default,1000000.0
Fin_rl_1,pure_rl,rl,3340410.647566238,1000000.0,3340410.64756667,2340410.64756667,0.0,0.0,24.0,0.0,1741,1741,90,0.0516944284893739,58256681.1399805,311819.7407282589,0.0053525146751668,0.3118197407282589,0,4252,148832,high_default,1000000.0
Fin_rl_2,pure_rl,rl,3285905.735970442,1000000.0,3285905.735970365,2285905.735970365,0.0,0.0,7.0,0.0,1383,1383,194,0.1402747650036153,47797592.26846675,515750.3121099942,0.0107902990011119,0.5157503121099942,0,4252,148832,high_default,1000000.0
Fin_rl_3,pure_rl,rl,4875633.374037224,1000000.0,4875633.37403627,3875633.37403627,0.0,0.0,6.0,0.0,2042,2042,63,0.0308521057786483,70761720.30951777,179084.6056214502,0.0025308119254042,0.1790846056214502,0,4252,148832,high_default,1000000.0
Fin_fl_rl_1,pure_rl,fl_rl,2935719.4871722907,1000000.0,2935719.487172684,1935719.487172684,0.0,0.0,33.0,0.0,1545,1545,115,0.0744336569579288,53725666.49680603,378798.8395595801,0.0070506121982144,0.3787988395595801,0,4250,148832,high_default,1000000.0
Fin_fl_rl_2,pure_rl,fl_rl,2806357.155597227,1000000.0,2806357.1555971764,1806357.1555971764,0.0,0.0,7.0,0.0,1330,1330,118,0.0887218045112782,46702673.82025436,332368.1660535976,0.0071166838826571,0.3323681660535976,0,4250,148832,high_default,1000000.0
Fin_fl_rl_3,pure_rl,fl_rl,4443189.570348452,1000000.0,4443189.570348313,3443189.570348313,0.0,0.0,6.0,0.0,2395,2395,51,0.0212943632567849,78952966.98720321,144367.10656005357,0.0018285203465938,0.1443671065600535,0,4250,148832,high_default,1000000.0
Fin_rl_1,pure_rl,rl,8147982.82216742,5000000.0,8147982.822167697,3147982.8221676974,0.0,0.0,19.0,0.0,2305,2305,0,0.0,81141030.6982935,0.0,0.0,0.0,0,4238,148832,none_default,5000000.0
Fin_rl_2,pure_rl,rl,8908458.232901827,5000000.0,8908458.23290087,3908458.232900869,0.0,0.0,6.0,0.0,2989,2989,0,0.0,105241867.19321015,0.0,0.0,0.0,0,4238,148832,none_default,5000000.0
Fin_rl_3,pure_rl,rl,11930135.270218534,5000000.0,11930135.270217463,6930135.270217463,0.0,0.0,6.0,0.0,5010,5010,0,0.0,174709599.79859087,0.0,0.0,0.0,0,4238,148832,none_default,5000000.0
Fin_fl_rl_1,pure_rl,fl_rl,5930348.544459921,5000000.0,5930348.544457521,930348.5444575212,0.0,0.0,15.0,0.0,882,882,0,0.0,30808168.88778563,0.0,0.0,0.0,0,4250,148832,none_default,5000000.0
Fin_fl_rl_2,pure_rl,fl_rl,10011958.9665482,5000000.0,10011958.966549307,5011958.966549307,0.0,0.0,6.0,0.0,4184,4184,0,0.0,146077861.77565444,0.0,0.0,0.0,0,4250,148832,none_default,5000000.0
Fin_fl_rl_3,pure_rl,fl_rl,12014750.900889946,5000000.0,12014750.900887474,7014750.900887474,0.0,0.0,6.0,0.0,5327,5327,0,0.0,184945609.4918272,0.0,0.0,0.0,0,4250,148832,none_default,5000000.0
Fin_rl_1,pure_rl,rl,7166944.5756844375,5000000.0,7166944.575685139,2166944.575685139,0.0,0.0,19.0,0.0,1577,1577,186,0.1179454660748256,55245773.39632516,336408.48138533783,0.0060893071216867,0.0672816962770675,0,4243,148832,low_default,5000000.0
Fin_rl_2,pure_rl,rl,10120641.436131204,5000000.0,10120641.436127182,5120641.436127182,0.0,0.0,13.0,0.0,3134,3134,229,0.0730695596681557,110124723.83303608,445088.3694016345,0.004041675237946,0.0890176738803269,0,4243,148832,low_default,5000000.0
Fin_rl_3,pure_rl,rl,9454841.876066588,5000000.0,9454841.876068352,4454841.876068352,0.0,0.0,11.0,0.0,3042,3042,43,0.0141354372123602,106194362.9543104,95479.85554582784,0.0008991047442594,0.0190959711091655,0,4243,148832,low_default,5000000.0
Fin_fl_rl_1,pure_rl,fl_rl,7902259.698331345,5000000.0,7902259.698336211,2902259.698336211,0.0,0.0,14.0,0.0,1616,1616,53,0.0327970297029703,56803254.63461143,105396.59221244158,0.001855467488446,0.0210793184424883,0,4254,148832,low_default,5000000.0
Fin_fl_rl_2,pure_rl,fl_rl,10210899.794283148,5000000.0,10210899.794281436,5210899.794281436,0.0,0.0,13.0,0.0,2745,2745,73,0.0265938069216757,95795307.84220947,146780.72140697736,0.0015322328902449,0.0293561442813954,0,4254,148832,low_default,5000000.0
Fin_fl_rl_3,pure_rl,fl_rl,12185446.02805904,5000000.0,12185446.028060244,7185446.028060244,0.0,0.0,17.0,0.0,3586,3586,33,0.00920245398773,125380136.90917446,67762.48678365097,0.0005404563151238,0.0135524973567301,0,4254,148832,low_default,5000000.0
Fin_rl_1,pure_rl,rl,9177267.099503556,5000000.0,9177267.099506058,4177267.099506058,0.0,0.0,23.0,0.0,2159,2159,84,0.0389069013432144,75494196.70143454,204950.699896052,0.0027147874783884,0.0409901399792104,0,4247,148832,medium_default,5000000.0
Fin_rl_2,pure_rl,rl,8851969.135777209,5000000.0,8851969.135777919,3851969.135777919,0.0,0.0,14.0,0.0,2052,2052,117,0.0570175438596491,71786806.72087993,269010.49022761884,0.0037473527868927,0.0538020980455237,0,4247,148832,medium_default,5000000.0
Fin_rl_3,pure_rl,rl,10192035.980779814,5000000.0,10192035.980780536,5192035.980780536,0.0,0.0,17.0,0.0,3240,3240,69,0.0212962962962962,112720434.34914675,175634.70592792606,0.00155814433241,0.0351269411855852,0,4247,148832,medium_default,5000000.0
Fin_fl_rl_1,pure_rl,fl_rl,9014088.594989335,5000000.0,9014088.594989264,4014088.594989263,0.0,0.0,8.0,0.0,2274,2274,94,0.0413368513632365,79725604.99477458,265938.5106884317,0.0033356725321289,0.0531877021376863,0,4254,148832,medium_default,5000000.0
Fin_fl_rl_2,pure_rl,fl_rl,8051964.128083587,5000000.0,8051964.12808672,3051964.12808672,0.0,0.0,9.0,0.0,1799,1799,131,0.0728182323513062,62852087.728204094,274848.3903672599,0.0043729397113395,0.0549696780734519,0,4254,148832,medium_default,5000000.0
Fin_fl_rl_3,pure_rl,fl_rl,11657445.225060236,5000000.0,11657445.225063143,6657445.225063145,0.0,0.0,8.0,0.0,3532,3532,69,0.0195356738391845,123164807.06216323,157988.7187575733,0.0012827423882362,0.0315977437515146,0,4254,148832,medium_default,5000000.0
Fin_rl_1,pure_rl,rl,7554988.935680075,5000000.0,7554988.935677666,2554988.935677666,0.0,0.0,24.0,0.0,1383,1383,82,0.059291395516992,48625836.21361302,282245.95411386323,0.0058044442233128,0.0564491908227726,0,4260,148832,high_default,5000000.0
Fin_rl_2,pure_rl,rl,5972919.5515221255,5000000.0,5972919.551522719,972919.5515227187,0.0,0.0,19.0,0.0,1044,1044,322,0.3084291187739463,36424088.24650337,747213.5604248008,0.0205142694408152,0.1494427120849601,0,4260,148832,high_default,5000000.0
Fin_rl_3,pure_rl,rl,9884548.628770277,5000000.0,9884548.6287706,4884548.628770599,0.0,0.0,7.0,0.0,2867,2867,89,0.0310429019881409,100647403.02572095,268229.5455264721,0.00266504189341,0.0536459091052944,0,4260,148832,high_default,5000000.0
Fin_fl_rl_1,pure_rl,fl_rl,6046163.629360403,5000000.0,6046163.6293619815,1046163.6293619816,0.0,0.0,24.0,0.0,669,669,76,0.1136023916292974,23223295.714937523,243842.7279493716,0.0104999191735102,0.0487685455898743,0,4255,148832,high_default,5000000.0
Fin_fl_rl_2,pure_rl,fl_rl,8570701.416502627,5000000.0,8570701.416503947,3570701.416503947,0.0,0.0,19.0,0.0,2410,2410,180,0.0746887966804979,84215576.23476078,526867.2929295347,0.0062561739346273,0.1053734585859069,0,4255,148832,high_default,5000000.0
Fin_fl_rl_3,pure_rl,fl_rl,11049519.351543847,5000000.0,11049519.35154166,6049519.351541661,0.0,0.0,21.0,0.0,3396,3396,69,0.0203180212014134,117981142.866232,209871.79776443163,0.0017788588300283,0.0419743595528863,0,4255,148832,high_default,5000000.0
Fin_rl_1,pure_rl,rl,17278999.642865524,10000000.0,17278999.64286749,7278999.642867491,0.0,0.0,19.0,0.0,5359,5359,0,0.0,187589426.74733973,0.0,0.0,0.0,0,4248,148832,none_default,10000000.0
Fin_rl_2,pure_rl,rl,15003897.328011235,10000000.0,15003897.328002866,5003897.328002866,0.0,0.0,11.0,0.0,3986,3986,0,0.0,139816437.32563433,0.0,0.0,0.0,0,4248,148832,none_default,10000000.0
Fin_rl_3,pure_rl,rl,11035729.804829134,10000000.0,11035729.804829212,1035729.804829212,0.0,0.0,10.0,0.0,1015,1015,0,0.0,34979208.562497035,0.0,0.0,0.0,0,4248,148832,none_default,10000000.0
Fin_fl_rl_1,pure_rl,fl_rl,10333854.22231373,10000000.0,10333854.222313665,333854.222313663,0.0,0.0,19.0,0.0,357,357,0,0.0,12554809.983557994,0.0,0.0,0.0,0,4252,148832,none_default,10000000.0
Fin_fl_rl_2,pure_rl,fl_rl,14151220.928261936,10000000.0,14151220.928261297,4151220.928261297,0.0,0.0,11.0,0.0,3612,3612,0,0.0,126198493.65812448,0.0,0.0,0.0,0,4252,148832,none_default,10000000.0
Fin_fl_rl_3,pure_rl,fl_rl,17706471.75987546,10000000.0,17706471.759874232,7706471.759874232,0.0,0.0,15.0,0.0,6420,6420,0,0.0,224713148.79928103,0.0,0.0,0.0,0,4252,148832,none_default,10000000.0
Fin_rl_1,pure_rl,rl,13977907.849414356,10000000.0,13977907.849417703,3977907.849417703,0.0,0.0,24.0,0.0,2482,2482,53,0.0213537469782433,87345674.83439036,119180.60215135872,0.0013644705633945,0.0119180602151358,0,4269,148832,low_default,10000000.0
Fin_rl_2,pure_rl,rl,14470451.421208568,10000000.0,14470451.421208955,4470451.421208955,0.0,0.0,23.0,0.0,3166,3166,194,0.0612760581174984,109773500.78290392,386580.7195675488,0.0035216214916209,0.0386580719567548,0,4269,148832,low_default,10000000.0
Fin_rl_3,pure_rl,rl,15856280.846543929,10000000.0,15856280.84655806,5856280.8465580605,0.0,0.0,24.0,0.0,3013,3013,40,0.0132758048456687,104914173.10044987,85926.82416324358,0.0008190201726221,0.0085926824163243,0,4269,148832,low_default,10000000.0
Fin_fl_rl_1,pure_rl,fl_rl,13689475.168521788,10000000.0,13689475.168519013,3689475.1685190126,0.0,0.0,17.0,0.0,2051,2051,56,0.0273037542662116,71208743.81705275,116407.0057747279,0.0016347291011592,0.0116407005774727,0,4256,148832,low_default,10000000.0
Fin_fl_rl_2,pure_rl,fl_rl,10149294.286176408,10000000.0,10149294.286177326,149294.286177326,0.0,0.0,26.0,0.0,202,202,44,0.2178217821782178,7007755.094978819,81250.71874569119,0.0115944004384383,0.0081250718745691,0,4256,148832,low_default,10000000.0
Fin_fl_rl_3,pure_rl,fl_rl,22030552.3472534,10000000.0,22030552.34725876,12030552.347258762,0.0,0.0,15.0,0.0,6351,6351,81,0.0127538970240906,221907218.79797035,186892.4888322808,0.0008422100454624,0.018689248883228,0,4256,148832,low_default,10000000.0
Fin_rl_1,pure_rl,rl,14271131.189671244,10000000.0,14271131.18966931,4271131.189669309,0.0,0.0,23.0,0.0,2422,2422,82,0.0338563170933113,84616438.71362102,194619.9405266555,0.0023000251899673,0.0194619940526655,0,4245,148832,medium_default,10000000.0
Fin_rl_2,pure_rl,rl,11687154.4180911,10000000.0,11687154.418089395,1687154.4180893954,0.0,0.0,22.0,0.0,1050,1050,87,0.0828571428571428,36241517.83908018,182707.84164268224,0.0050413959606753,0.0182707841642682,0,4245,148832,medium_default,10000000.0
Fin_rl_3,pure_rl,rl,17149730.9977165,10000000.0,17149730.997711852,7149730.997711852,0.0,0.0,15.0,0.0,4340,4340,76,0.0175115207373271,151290254.26356527,191888.70698566697,0.0012683481029212,0.0191888706985666,0,4245,148832,medium_default,10000000.0
Fin_fl_rl_1,pure_rl,fl_rl,14440752.658418696,10000000.0,14440752.658422306,4440752.658422306,0.0,0.0,19.0,0.0,2281,2281,83,0.0363875493204734,79458279.27607659,201661.3016505573,0.0025379520358084,0.0201661301650557,0,4252,148832,medium_default,10000000.0
Fin_fl_rl_2,pure_rl,fl_rl,11532322.41387248,10000000.0,11532322.41387568,1532322.4138756786,0.0,0.0,13.0,0.0,912,912,111,0.1217105263157894,31716266.830360025,243274.5164585544,0.0076703389386824,0.0243274516458554,0,4252,148832,medium_default,10000000.0
Fin_fl_rl_3,pure_rl,fl_rl,17828386.70350447,10000000.0,17828386.703517996,7828386.703517996,0.0,0.0,6.0,0.0,3980,3980,80,0.0201005025125628,139591579.75893307,208135.3203633405,0.0014910306246464,0.020813532036334,0,4252,148832,medium_default,10000000.0
Fin_rl_1,pure_rl,rl,13357590.607776253,10000000.0,13357590.60777594,3357590.60777594,0.0,0.0,22.0,0.0,2257,2257,110,0.0487372618520159,77865802.1493119,399048.2782394055,0.0051248207457518,0.0399048278239405,0,4259,148832,high_default,10000000.0
Fin_rl_2,pure_rl,rl,12687531.90992222,10000000.0,12687531.909916349,2687531.9099163488,0.0,0.0,24.0,0.0,1446,1446,142,0.0982019363762102,51020366.4806842,364055.721504833,0.0071354979710437,0.0364055721504833,0,4259,148832,high_default,10000000.0
Fin_rl_3,pure_rl,rl,13153279.61376276,10000000.0,13153279.613766098,3153279.6137660984,0.0,0.0,23.0,0.0,1822,1822,78,0.0428100987925356,64064016.23282282,243847.49063638112,0.0038063097660032,0.0243847490636381,0,4259,148832,high_default,10000000.0
Fin_fl_rl_1,pure_rl,fl_rl,10635150.787665322,10000000.0,10635150.787664918,635150.7876649182,0.0,0.0,24.0,0.0,541,541,92,0.1700554528650646,19139879.628427364,333694.1947863561,0.0174344980879994,0.0333694194786356,0,4239,148832,high_default,10000000.0
Fin_fl_rl_2,pure_rl,fl_rl,12562655.072418286,10000000.0,12562655.072416171,2562655.0724161714,0.0,0.0,15.0,0.0,1461,1461,152,0.1040383299110198,51149942.084170565,408753.5598567476,0.0079912809907803,0.0408753559856747,0,4239,148832,high_default,10000000.0
Fin_fl_rl_3,pure_rl,fl_rl,15644779.512919877,10000000.0,15644779.512910577,5644779.512910577,0.0,0.0,15.0,0.0,2941,2941,82,0.027881672900374,102401585.1703896,260231.42136736415,0.0025412831347713,0.0260231421367364,0,4239,148832,high_default,10000000.0
Fin_rl_1,pure_rl,rl,5476121.405429237,1000000.0,5476121.405429369,4476121.405429369,0.0,0.0,6.0,0.0,2643,2643,0,0.0,93544063.34087764,0.0,0.0,0.0,0,4245,205617,none_default,1000000.0
Fin_rl_2,pure_rl,rl,5672243.850341778,1000000.0,5672243.850342106,4672243.850342106,0.0,0.0,6.0,0.0,2636,2636,0,0.0,87335131.18299946,0.0,0.0,0.0,0,4245,205617,none_default,1000000.0
Fin_rl_3,pure_rl,rl,5111946.164136148,1000000.0,5111946.164136557,4111946.164136557,0.0,0.0,6.0,0.0,2699,2699,0,0.0,90010719.17769402,0.0,0.0,0.0,0,4245,205617,none_default,1000000.0
Fin_fl_rl_1,pure_rl,fl_rl,4241964.565706168,1000000.0,4241964.565706612,3241964.565706612,0.0,0.0,6.0,0.0,2215,2215,0,0.0,72273943.6690006,0.0,0.0,0.0,0,4250,205617,none_default,1000000.0
Fin_fl_rl_2,pure_rl,fl_rl,5134326.692179654,1000000.0,5134326.692180108,4134326.692180108,0.0,0.0,6.0,0.0,2591,2591,0,0.0,89931025.12719718,0.0,0.0,0.0,0,4250,205617,none_default,1000000.0
Fin_fl_rl_3,pure_rl,fl_rl,6391564.229502814,1000000.0,6391564.229503022,5391564.229503022,0.0,0.0,6.0,0.0,3015,3015,0,0.0,101565468.43359594,0.0,0.0,0.0,0,4250,205617,none_default,1000000.0
Fin_rl_1,pure_rl,rl,4224526.876464394,1000000.0,4224526.876464888,3224526.8764648875,0.0,0.0,12.0,0.0,1775,1775,69,0.0388732394366197,62310696.12579653,181984.78781303333,0.0029206027075292,0.1819847878130333,0,4256,205617,low_default,1000000.0
Fin_rl_2,pure_rl,rl,5328657.129651769,1000000.0,5328657.129652188,4328657.129652188,0.0,0.0,6.0,0.0,2379,2379,70,0.0294241277847835,80638967.8843784,123240.10809445212,0.0015282947107055,0.1232401080944521,0,4256,205617,low_default,1000000.0
Fin_rl_3,pure_rl,rl,6635399.53955278,1000000.0,6635399.539552547,5635399.539552547,0.0,0.0,6.0,0.0,2996,2996,33,0.0110146862483311,101298685.58480331,77445.16973524692,0.0007645229480338,0.0774451697352469,0,4256,205617,low_default,1000000.0
Fin_fl_rl_1,pure_rl,fl_rl,4844518.959770377,1000000.0,4844518.959769999,3844518.959769999,0.0,0.0,12.0,0.0,2152,2152,24,0.0111524163568773,75159400.63130662,48991.58660007839,0.0006518357808679,0.0489915866000783,0,4258,205617,low_default,1000000.0
Fin_fl_rl_2,pure_rl,fl_rl,4766072.606113573,1000000.0,4766072.606112915,3766072.606112915,0.0,0.0,6.0,0.0,2091,2091,48,0.0229555236728837,73163698.05630735,88374.61230100067,0.0012079024796284,0.0883746123010006,0,4258,205617,low_default,1000000.0
Fin_fl_rl_3,pure_rl,fl_rl,5968708.083866939,1000000.0,5968708.083866704,4968708.083866704,0.0,0.0,6.0,0.0,2624,2624,18,0.0068597560975609,87364161.85103421,39504.95218139073,0.0004521871594069,0.0395049521813907,0,4258,205617,low_default,1000000.0
Fin_rl_1,pure_rl,rl,3852887.108361845,1000000.0,3852887.108362024,2852887.108362024,0.0,0.0,12.0,0.0,1646,1646,57,0.0346294046172539,58618936.2374728,147244.97504278467,0.0025119011789343,0.1472449750427846,0,4242,205617,medium_default,1000000.0
Fin_rl_2,pure_rl,rl,3893339.8785654353,1000000.0,3893339.8785653,2893339.8785653,0.0,0.0,6.0,0.0,1854,1854,176,0.0949298813376483,62271157.92026797,318741.3932066192,0.0051186039227781,0.3187413932066192,0,4242,205617,medium_default,1000000.0
Fin_rl_3,pure_rl,rl,4691941.440816408,1000000.0,4691941.440816687,3691941.4408166874,0.0,0.0,7.0,0.0,2446,2446,34,0.0139002452984464,80689009.88025065,76797.08390902409,0.0009517663436817,0.0767970839090241,0,4242,205617,medium_default,1000000.0
Fin_fl_rl_1,pure_rl,fl_rl,2925872.052381392,1000000.0,2925872.052380885,1925872.052380885,0.0,0.0,12.0,0.0,1324,1324,60,0.0453172205438066,45546252.03252341,156651.44640818445,0.0034393926924288,0.1566514464081844,0,4259,205617,medium_default,1000000.0
Fin_fl_rl_2,pure_rl,fl_rl,3068180.5941855074,1000000.0,3068180.594185406,2068180.5941854056,0.0,0.0,6.0,0.0,1458,1458,87,0.0596707818930041,50282369.59911935,197388.05125291963,0.0039255916701343,0.1973880512529196,0,4259,205617,medium_default,1000000.0
Fin_fl_rl_3,pure_rl,fl_rl,5431572.99347694,1000000.0,5431572.993477071,4431572.993477071,0.0,0.0,7.0,0.0,2422,2422,32,0.0132122213047068,82894831.25793128,86076.99420200198,0.0010383879536972,0.0860769942020019,0,4259,205617,medium_default,1000000.0
Fin_rl_1,pure_rl,rl,3778850.993513253,1000000.0,3778850.9935133257,2778850.9935133257,0.0,0.0,12.0,0.0,1697,1697,100,0.0589275191514437,58518178.31519313,328628.5446784032,0.00561583689274,0.3286285446784032,0,4251,205617,high_default,1000000.0
Fin_rl_2,pure_rl,rl,3190504.8853073786,1000000.0,3190504.885307525,2190504.885307525,0.0,0.0,7.0,0.0,1451,1451,116,0.0799448656099241,49892176.81480894,293990.41910373064,0.0058925153776106,0.2939904191037306,0,4251,205617,high_default,1000000.0
Fin_rl_3,pure_rl,rl,4530729.07756287,1000000.0,4530729.077562735,3530729.0775627354,0.0,0.0,6.0,0.0,1814,1814,43,0.0237045203969128,61811661.71397114,139018.42825237935,0.0022490647298187,0.1390184282523793,0,4251,205617,high_default,1000000.0
Fin_fl_rl_1,pure_rl,fl_rl,3560388.5206652493,1000000.0,3560388.520665085,2560388.520665085,0.0,0.0,12.0,0.0,1653,1653,90,0.0544464609800363,57848792.26230791,313528.9122710163,0.0054198004834631,0.3135289122710162,0,4241,205617,high_default,1000000.0
Fin_fl_rl_2,pure_rl,fl_rl,3620993.722092461,1000000.0,3620993.722092594,2620993.722092594,0.0,0.0,7.0,0.0,1757,1757,112,0.0637450199203187,59332797.17500717,278363.4805799144,0.0046915617303336,0.2783634805799144,0,4241,205617,high_default,1000000.0
Fin_fl_rl_3,pure_rl,fl_rl,5138119.744936998,1000000.0,5138119.744936109,4138119.7449361086,0.0,0.0,6.0,0.0,2159,2159,37,0.017137563686892,73870141.39477229,103727.97770316324,0.0014041935719173,0.1037279777031632,0,4241,205617,high_default,1000000.0
Fin_rl_1,pure_rl,rl,6892416.4595094845,5000000.0,6892416.459509526,1892416.4595095264,0.0,0.0,21.0,0.0,2421,2421,0,0.0,84357425.99355398,0.0,0.0,0.0,0,4252,205617,none_default,5000000.0
Fin_rl_2,pure_rl,rl,7805901.643581258,5000000.0,7805901.643582912,2805901.643582912,0.0,0.0,6.0,0.0,2657,2657,0,0.0,94176690.88145187,0.0,0.0,0.0,0,4252,205617,none_default,5000000.0
Fin_rl_3,pure_rl,rl,11018726.044716574,5000000.0,11018726.04471771,6018726.04471771,0.0,0.0,6.0,0.0,5309,5309,0,0.0,184927447.050553,0.0,0.0,0.0,0,4252,205617,none_default,5000000.0
Fin_fl_rl_1,pure_rl,fl_rl,8955227.697646374,5000000.0,8955227.697648384,3955227.697648384,0.0,0.0,21.0,0.0,4116,4116,0,0.0,144130655.63744545,0.0,0.0,0.0,0,4242,205617,none_default,5000000.0
Fin_fl_rl_2,pure_rl,fl_rl,7226688.551866294,5000000.0,7226688.551864745,2226688.551864745,0.0,0.0,6.0,0.0,2352,2352,0,0.0,82318011.86108312,0.0,0.0,0.0,0,4242,205617,none_default,5000000.0
Fin_fl_rl_3,pure_rl,fl_rl,8783785.394790046,5000000.0,8783785.39479341,3783785.39479341,0.0,0.0,6.0,0.0,3940,3940,0,0.0,137059159.80072707,0.0,0.0,0.0,0,4242,205617,none_default,5000000.0
Fin_rl_1,pure_rl,rl,9165654.775002806,5000000.0,9165654.775006354,4165654.775006354,0.0,0.0,6.0,0.0,2309,2309,95,0.0411433521004764,80852277.08787785,193674.9655573704,0.0023954175755231,0.038734993111474,0,4256,205617,low_default,5000000.0
Fin_rl_2,pure_rl,rl,7774542.137527488,5000000.0,7774542.137526927,2774542.1375269266,0.0,0.0,18.0,0.0,1895,1895,119,0.062796833773087,66614818.91148735,225774.98922421155,0.0033892607217652,0.0451549978448423,0,4256,205617,low_default,5000000.0
Fin_rl_3,pure_rl,rl,11906765.457157444,5000000.0,11906765.457156649,6906765.457156649,0.0,0.0,12.0,0.0,3968,3968,27,0.0068044354838709,138532565.62887505,51492.0510593838,0.0003716963648628,0.0102984102118767,0,4256,205617,low_default,5000000.0
Fin_fl_rl_1,pure_rl,fl_rl,9094802.962842468,5000000.0,9094802.962841334,4094802.962841334,0.0,0.0,12.0,0.0,2478,2478,51,0.0205811138014527,87245942.34653878,87608.27166685826,0.0010041529647176,0.0175216543333716,0,4255,205617,low_default,5000000.0
Fin_fl_rl_2,pure_rl,fl_rl,9491757.504267832,5000000.0,9491757.504267998,4491757.504267998,0.0,0.0,10.0,0.0,3069,3069,147,0.0478983382209188,106775210.41919604,290232.3984119037,0.0027181627390146,0.0580464796823807,0,4255,205617,low_default,5000000.0
Fin_fl_rl_3,pure_rl,fl_rl,10523321.392199468,5000000.0,10523321.39220028,5523321.39220028,0.0,0.0,9.0,0.0,3195,3195,26,0.0081377151799687,111491823.22625622,55306.08766017405,0.0004960551012601,0.0110612175320348,0,4255,205617,low_default,5000000.0
Fin_rl_1,pure_rl,rl,7747691.056303726,5000000.0,7747691.056303674,2747691.0563036744,0.0,0.0,20.0,0.0,1969,1969,107,0.0543423057389537,68983672.63933785,277990.5274007487,0.0040298017888108,0.0555981054801497,0,4251,205617,medium_default,5000000.0
Fin_rl_2,pure_rl,rl,7317524.51351386,5000000.0,7317524.513512735,2317524.5135127357,0.0,0.0,20.0,0.0,1393,1393,69,0.0495333811916726,48913690.98960637,169279.35879081592,0.0034607766325952,0.0338558717581631,0,4251,205617,medium_default,5000000.0
Fin_rl_3,pure_rl,rl,13349821.111242091,5000000.0,13349821.111244448,8349821.111244447,0.0,0.0,9.0,0.0,4627,4627,86,0.0185865571644694,161479471.9503355,201112.6518887853,0.0012454378842075,0.040222530377757,0,4251,205617,medium_default,5000000.0
Fin_fl_rl_1,pure_rl,fl_rl,7045542.7371340655,5000000.0,7045542.737135287,2045542.7371352876,0.0,0.0,18.0,0.0,1409,1409,80,0.0567778566359119,49195295.15770841,222999.28218666883,0.004532939206316,0.0445998564373337,0,4259,205617,medium_default,5000000.0
Fin_fl_rl_2,pure_rl,fl_rl,6575769.714251749,5000000.0,6575769.714251325,1575769.7142513243,0.0,0.0,29.0,0.0,1218,1218,104,0.0853858784893267,42291566.730330296,230718.653680002,0.0054554293330196,0.0461437307360003,0,4259,205617,medium_default,5000000.0
Fin_fl_rl_3,pure_rl,fl_rl,13490366.93783625,5000000.0,13490366.93782684,8490366.93782684,0.0,0.0,26.0,0.0,5145,5145,94,0.0182701652089407,179523118.3589994,225843.7965200939,0.0012580206860515,0.0451687593040187,0,4259,205617,medium_default,5000000.0
Fin_rl_1,pure_rl,rl,7362443.09174539,5000000.0,7362443.091750202,2362443.091750202,0.0,0.0,11.0,0.0,2037,2037,375,0.1840942562592047,72092854.72826463,1071772.5073465847,0.0148665566287582,0.2143545014693169,0,4244,205617,high_default,5000000.0
Fin_rl_2,pure_rl,rl,8240525.454316862,5000000.0,8240525.45431644,3240525.45431644,0.0,0.0,23.0,0.0,2141,2141,215,0.1004203643157403,74876335.6313834,566195.6948054252,0.0075617441749928,0.113239138961085,0,4244,205617,high_default,5000000.0
Fin_rl_3,pure_rl,rl,7899347.071964913,5000000.0,7899347.071965102,2899347.071965102,0.0,0.0,18.0,0.0,1798,1798,111,0.0617352614015572,63762092.47733584,352988.197355213,0.0055360196574584,0.0705976394710426,0,4244,205617,high_default,5000000.0
Fin_fl_rl_1,pure_rl,fl_rl,7366929.336022184,5000000.0,7366929.336022076,2366929.336022076,0.0,0.0,12.0,0.0,2205,2205,325,0.1473922902494331,76645998.5598774,891309.8758586067,0.0116289159591586,0.1782619751717213,0,4254,205617,high_default,5000000.0
Fin_fl_rl_2,pure_rl,fl_rl,7903727.546164703,5000000.0,7903727.546164231,2903727.5461642314,0.0,0.0,8.0,0.0,2622,2622,368,0.1403508771929824,91844127.20632394,963668.025606077,0.0104924294554102,0.1927336051212154,0,4254,205617,high_default,5000000.0
Fin_fl_rl_3,pure_rl,fl_rl,8914615.962659623,5000000.0,8914615.962662067,3914615.9626620673,0.0,0.0,23.0,0.0,2315,2315,117,0.0505399568034557,81296738.66953132,325794.44687748665,0.0040074725285331,0.0651588893754973,0,4254,205617,high_default,5000000.0
Fin_rl_1,pure_rl,rl,15614809.10527422,10000000.0,15614809.105274998,5614809.105274998,0.0,0.0,21.0,0.0,4768,4768,0,0.0,167645159.80489406,0.0,0.0,0.0,0,4256,205617,none_default,10000000.0
Fin_rl_2,pure_rl,rl,11703638.200077374,10000000.0,11703638.200076109,1703638.2000761088,0.0,0.0,21.0,0.0,1598,1598,0,0.0,56431393.70308441,0.0,0.0,0.0,0,4256,205617,none_default,10000000.0
Fin_rl_3,pure_rl,rl,15427440.236411909,10000000.0,15427440.23640533,5427440.23640533,0.0,0.0,6.0,0.0,4023,4023,0,0.0,140841128.9740804,0.0,0.0,0.0,0,4256,205617,none_default,10000000.0
Fin_fl_rl_1,pure_rl,fl_rl,10188984.602086658,10000000.0,10188984.602087202,188984.60208720155,0.0,0.0,21.0,0.0,201,201,0,0.0,7144553.356114658,0.0,0.0,0.0,0,4251,205617,none_default,10000000.0
Fin_fl_rl_2,pure_rl,fl_rl,20909777.67821944,10000000.0,20909777.678217493,10909777.678217491,0.0,0.0,6.0,0.0,6726,6726,0,0.0,236368263.54608408,0.0,0.0,0.0,0,4251,205617,none_default,10000000.0
Fin_fl_rl_3,pure_rl,fl_rl,15656219.4899627,10000000.0,15656219.48996559,5656219.48996559,0.0,0.0,11.0,0.0,3456,3456,0,0.0,120262998.9629908,0.0,0.0,0.0,0,4251,205617,none_default,10000000.0
Fin_rl_1,pure_rl,rl,12698400.389522487,10000000.0,12698400.389520405,2698400.389520405,0.0,0.0,26.0,0.0,1894,1894,39,0.0205913410770855,66255410.555091925,76529.23805941353,0.0011550639776924,0.0076529238059413,0,4252,205617,low_default,10000000.0
Fin_rl_2,pure_rl,rl,14662243.43024201,10000000.0,14662243.430246895,4662243.430246895,0.0,0.0,10.0,0.0,3383,3383,216,0.0638486550399054,118331332.49744624,410481.4708760217,0.0034689161544334,0.0410481470876021,0,4252,205617,low_default,10000000.0
Fin_rl_3,pure_rl,rl,15864127.527117431,10000000.0,15864127.527114777,5864127.527114775,0.0,0.0,23.0,0.0,3196,3196,29,0.0090738423028785,112578889.35022897,59138.88973326607,0.0005253106517091,0.0059138889733266,0,4252,205617,low_default,10000000.0
Fin_fl_rl_1,pure_rl,fl_rl,13114871.656804653,10000000.0,13114871.656799655,3114871.6567996554,0.0,0.0,20.0,0.0,1829,1829,27,0.0147621651175505,63980424.85449669,45139.696878283656,0.0007055235563211,0.0045139696878283,0,4254,205617,low_default,10000000.0
Fin_fl_rl_2,pure_rl,fl_rl,15287509.765743405,10000000.0,15287509.765740376,5287509.765740376,0.0,0.0,23.0,0.0,3427,3427,62,0.0180916253282754,119572661.6871456,109830.023553546,0.0009185211904114,0.0109830023553545,0,4254,205617,low_default,10000000.0
Fin_fl_rl_3,pure_rl,fl_rl,15763248.861664666,10000000.0,15763248.861665444,5763248.861665443,0.0,0.0,26.0,0.0,3415,3415,47,0.0137628111273792,119649262.57170488,102974.41429500212,0.000860635595086,0.0102974414295002,0,4254,205617,low_default,10000000.0
Fin_rl_1,pure_rl,rl,14430230.629467525,10000000.0,14430230.629474817,4430230.629474817,0.0,0.0,23.0,0.0,2601,2601,96,0.0369088811995386,91650359.51968536,258319.59792306053,0.0028185333835769,0.025831959792306,0,4237,205617,medium_default,10000000.0
Fin_rl_2,pure_rl,rl,14238047.594008084,10000000.0,14238047.594001094,4238047.594001094,0.0,0.0,23.0,0.0,2588,2588,210,0.0811437403400309,90626062.98458484,515743.0237184106,0.0056908907518815,0.051574302371841,0,4237,205617,medium_default,10000000.0
Fin_rl_3,pure_rl,rl,14115880.504984044,10000000.0,14115880.504989106,4115880.504989106,0.0,0.0,23.0,0.0,2219,2219,54,0.0243352861649391,78274529.64835311,136951.77821653878,0.0017496339975697,0.0136951778216538,0,4237,205617,medium_default,10000000.0
Fin_fl_rl_1,pure_rl,fl_rl,12895558.911810294,10000000.0,12895558.911812646,2895558.9118126463,0.0,0.0,23.0,0.0,1800,1800,84,0.0466666666666666,63061284.6756706,240865.4234664496,0.0038195451409726,0.0240865423466449,0,4257,205617,medium_default,10000000.0
Fin_fl_rl_2,pure_rl,fl_rl,13497137.491636908,10000000.0,13497137.491635157,3497137.491635157,0.0,0.0,22.0,0.0,2043,2043,65,0.031815956926089,71294788.12249233,153025.5685597784,0.0021463780535663,0.0153025568559778,0,4257,205617,medium_default,10000000.0
Fin_fl_rl_3,pure_rl,fl_rl,14601614.829687042,10000000.0,14601614.829687094,4601614.829687094,0.0,0.0,29.0,0.0,2878,2878,63,0.0218902015288394,100619689.15900709,153479.73452474768,0.0015253449479674,0.0153479734524747,0,4257,205617,medium_default,10000000.0
Fin_rl_1,pure_rl,rl,11738198.04741704,10000000.0,11738198.047417557,1738198.0474175569,0.0,0.0,24.0,0.0,1264,1264,182,0.1439873417721519,44343014.069110096,576070.495142347,0.0129912345210571,0.0576070495142347,0,4262,205617,high_default,10000000.0
Fin_rl_2,pure_rl,rl,11739123.066065982,10000000.0,11739123.06606748,1739123.0660674796,0.0,0.0,22.0,0.0,1314,1314,264,0.2009132420091324,46442855.03480035,694643.2402821796,0.0149569452558778,0.0694643240282179,0,4262,205617,high_default,10000000.0
Fin_rl_3,pure_rl,rl,15865381.152870398,10000000.0,15865381.152875734,5865381.152875735,0.0,0.0,13.0,0.0,3366,3366,147,0.0436720142602495,117512146.660441,429977.3961884456,0.0036590038426486,0.0429977396188445,0,4262,205617,high_default,10000000.0
Fin_fl_rl_1,pure_rl,fl_rl,11958495.233492414,10000000.0,11958495.233487222,1958495.2334872223,0.0,0.0,12.0,0.0,1762,1762,241,0.1367763904653802,61564107.464825794,792389.0428881097,0.0128709580227543,0.0792389042888109,0,4256,205617,high_default,10000000.0
Fin_fl_rl_2,pure_rl,fl_rl,11785210.937413491,10000000.0,11785210.937418325,1785210.9374183249,0.0,0.0,11.0,0.0,1509,1509,274,0.1815772034459907,52805340.94358836,731474.815007046,0.0138522884605266,0.0731474815007046,0,4256,205617,high_default,10000000.0
Fin_fl_rl_3,pure_rl,fl_rl,16167262.642635943,10000000.0,16167262.642626518,6167262.642626518,0.0,0.0,14.0,0.0,3665,3665,118,0.0321964529331514,128661253.81263272,357418.06777414546,0.0027779774965868,0.0357418067774145,0,4256,205617,high_default,10000000.0
Fin_rl_1,pure_rl,rl,5489919.516013145,1000000.0,5489919.516013798,4489919.516013798,0.0,0.0,6.0,0.0,2725,2725,0,0.0,90231653.82733418,0.0,0.0,0.0,0,4243,259901,none_default,1000000.0
Fin_rl_2,pure_rl,rl,4801881.324838605,1000000.0,4801881.324838577,3801881.324838577,0.0,0.0,6.0,0.0,2139,2139,0,0.0,73813836.13940914,0.0,0.0,0.0,0,4243,259901,none_default,1000000.0
Fin_rl_3,pure_rl,rl,6493448.086190242,1000000.0,6493448.086189905,5493448.086189905,0.0,0.0,10.0,0.0,3089,3089,0,0.0,106684873.84621258,0.0,0.0,0.0,0,4243,259901,none_default,1000000.0
Fin_fl_rl_1,pure_rl,fl_rl,5588051.35100982,1000000.0,5588051.351010146,4588051.351010146,0.0,0.0,6.0,0.0,2514,2514,0,0.0,85847944.37918457,0.0,0.0,0.0,0,4249,259901,none_default,1000000.0
Fin_fl_rl_2,pure_rl,fl_rl,5621731.343506176,1000000.0,5621731.343505535,4621731.343505535,0.0,0.0,6.0,0.0,2855,2855,0,0.0,92593662.76130705,0.0,0.0,0.0,0,4249,259901,none_default,1000000.0
Fin_fl_rl_3,pure_rl,fl_rl,6018744.348583662,1000000.0,6018744.348583349,5018744.348583349,0.0,0.0,10.0,0.0,2624,2624,0,0.0,93389764.47224158,0.0,0.0,0.0,0,4249,259901,none_default,1000000.0
Fin_rl_1,pure_rl,rl,5430597.998962952,1000000.0,5430597.998962668,4430597.998962668,0.0,0.0,6.0,0.0,2250,2250,43,0.0191111111111111,77498073.30153891,91859.02223878152,0.0011853071737843,0.0918590222387815,0,4255,259901,low_default,1000000.0
Fin_rl_2,pure_rl,rl,5955254.31305046,1000000.0,5955254.3130504005,4955254.3130504005,0.0,0.0,6.0,0.0,2406,2406,94,0.0390689941812136,82589509.35230866,186074.9228448716,0.0022530091812401,0.1860749228448716,0,4255,259901,low_default,1000000.0
Fin_rl_3,pure_rl,rl,4190234.5191108794,1000000.0,4190234.519111738,3190234.519111738,0.0,0.0,16.0,0.0,1728,1728,117,0.0677083333333333,57778238.371390045,249951.9330765024,0.0043260566628883,0.2499519330765024,0,4255,259901,low_default,1000000.0
Fin_fl_rl_1,pure_rl,fl_rl,4289136.321759253,1000000.0,4289136.321758828,3289136.321758828,0.0,0.0,6.0,0.0,1718,1718,25,0.0145518044237485,59751101.65292699,54909.26801248143,0.0009189666214261,0.0549092680124814,0,4254,259901,low_default,1000000.0
Fin_fl_rl_2,pure_rl,fl_rl,3329261.9240912483,1000000.0,3329261.924090934,2329261.924090934,0.0,0.0,6.0,0.0,1591,1591,137,0.0861093651791326,54556955.87658608,301512.7018799443,0.00552656754827,0.3015127018799443,0,4254,259901,low_default,1000000.0
Fin_fl_rl_3,pure_rl,fl_rl,7006755.331220867,1000000.0,7006755.331220166,6006755.331220166,0.0,0.0,16.0,0.0,3008,3008,12,0.0039893617021276,102030879.03670558,23231.72289360466,0.000227693058346,0.0232317228936046,0,4254,259901,low_default,1000000.0
Fin_rl_1,pure_rl,rl,3667341.403597592,1000000.0,3667341.4035976073,2667341.4035976077,0.0,0.0,6.0,0.0,1523,1523,218,0.1431385423506237,52835306.72300933,457746.49794078193,0.0086636479719997,0.4577464979407819,0,4262,259901,medium_default,1000000.0
Fin_rl_2,pure_rl,rl,3396954.5160054923,1000000.0,3396954.5160056795,2396954.5160056795,0.0,0.0,7.0,0.0,1601,1601,102,0.0637101811367895,54990978.1472382,242317.64636810837,0.0044064982026561,0.2423176463681083,0,4262,259901,medium_default,1000000.0
Fin_rl_3,pure_rl,rl,6184589.784170946,1000000.0,6184589.784170119,5184589.784170119,0.0,0.0,16.0,0.0,2925,2925,54,0.0184615384615384,97776752.4257435,121008.22722369558,0.0012375971201906,0.1210082272236955,0,4262,259901,medium_default,1000000.0
Fin_fl_rl_1,pure_rl,fl_rl,4152409.540570728,1000000.0,4152409.540570603,3152409.540570603,0.0,0.0,6.0,0.0,2126,2126,65,0.0305738476011288,72448976.89680977,157673.67271854874,0.0021763409156643,0.1576736727185487,0,4257,259901,medium_default,1000000.0
Fin_fl_rl_2,pure_rl,fl_rl,2639456.552683696,1000000.0,2639456.552683728,1639456.5526837278,0.0,0.0,7.0,0.0,1521,1521,147,0.0966469428007889,51113284.60146784,305710.2830739084,0.0059810338047641,0.3057102830739084,0,4257,259901,medium_default,1000000.0
Fin_fl_rl_3,pure_rl,fl_rl,5845697.3193165865,1000000.0,5845697.319317301,4845697.319317301,0.0,0.0,16.0,0.0,2607,2607,35,0.0134253931722286,90682243.01683152,81086.49069594049,0.0008941826756633,0.0810864906959405,0,4257,259901,medium_default,1000000.0
Fin_rl_1,pure_rl,rl,3089501.834362584,1000000.0,3089501.834362721,2089501.8343627213,0.0,0.0,7.0,0.0,1160,1160,69,0.0594827586206896,41082804.50969745,210576.58875844436,0.0051256624583343,0.2105765887584443,0,4258,259901,high_default,1000000.0
Fin_rl_2,pure_rl,rl,4022857.911998355,1000000.0,4022857.911998259,3022857.911998259,0.0,0.0,6.0,0.0,1817,1817,128,0.0704457897633461,62135942.95270748,365617.9771176483,0.0058841623663122,0.3656179771176482,0,4258,259901,high_default,1000000.0
Fin_rl_3,pure_rl,rl,5442726.341917467,1000000.0,5442726.34191762,4442726.34191762,0.0,0.0,7.0,0.0,2504,2504,67,0.0267571884984025,84715232.45055756,165096.9451053286,0.0019488460378325,0.1650969451053286,0,4258,259901,high_default,1000000.0
Fin_fl_rl_1,pure_rl,fl_rl,3454443.4427569024,1000000.0,3454443.4427567525,2454443.4427567525,0.0,0.0,8.0,0.0,1358,1358,81,0.0596465390279823,47403859.34267508,227554.68964092736,0.0048003410016887,0.2275546896409273,0,4258,259901,high_default,1000000.0
Fin_fl_rl_2,pure_rl,fl_rl,3495396.11754188,1000000.0,3495396.117542038,2495396.117542038,0.0,0.0,6.0,0.0,1425,1425,157,0.1101754385964912,49392580.065221526,409528.1949458906,0.0082912897930239,0.4095281949458906,0,4258,259901,high_default,1000000.0
Fin_fl_rl_3,pure_rl,fl_rl,5745999.134649236,1000000.0,5745999.134648948,4745999.134648948,0.0,0.0,7.0,0.0,2410,2410,78,0.0323651452282157,81879096.68329358,219955.677123356,0.0026863471390523,0.2199556771233559,0,4258,259901,high_default,1000000.0
Fin_rl_1,pure_rl,rl,7587563.1020208495,5000000.0,7587563.102020002,2587563.102020002,0.0,0.0,6.0,0.0,3405,3405,0,0.0,119518140.20833166,0.0,0.0,0.0,0,4241,259901,none_default,5000000.0
Fin_rl_2,pure_rl,rl,6733733.249154411,5000000.0,6733733.24915375,1733733.24915375,0.0,0.0,9.0,0.0,2390,2390,0,0.0,83532514.60962273,0.0,0.0,0.0,0,4241,259901,none_default,5000000.0
Fin_rl_3,pure_rl,rl,7874541.844835011,5000000.0,7874541.844834536,2874541.8448345363,0.0,0.0,10.0,0.0,4566,4566,0,0.0,159094048.11027533,0.0,0.0,0.0,0,4241,259901,none_default,5000000.0
Fin_fl_rl_1,pure_rl,fl_rl,9442839.72789082,5000000.0,9442839.727890888,4442839.727890888,0.0,0.0,6.0,0.0,4826,4826,0,0.0,168969642.00784543,0.0,0.0,0.0,0,4233,259901,none_default,5000000.0
Fin_fl_rl_2,pure_rl,fl_rl,6171961.27093364,5000000.0,6171961.270933542,1171961.2709335424,0.0,0.0,13.0,0.0,1190,1190,0,0.0,41186764.27638939,0.0,0.0,0.0,0,4233,259901,none_default,5000000.0
Fin_fl_rl_3,pure_rl,fl_rl,9117319.538393345,5000000.0,9117319.53839319,4117319.53839319,0.0,0.0,10.0,0.0,4356,4356,0,0.0,152103229.52536413,0.0,0.0,0.0,0,4233,259901,none_default,5000000.0
Fin_rl_1,pure_rl,rl,9640048.78516112,5000000.0,9640048.785161898,4640048.785161898,0.0,0.0,20.0,0.0,3124,3124,185,0.0592189500640204,108854619.9307834,337688.4744631284,0.0031021969915273,0.0675376948926256,0,4257,259901,low_default,5000000.0
Fin_rl_2,pure_rl,rl,9946634.2207247,5000000.0,9946634.220722703,4946634.220722705,0.0,0.0,19.0,0.0,3209,3209,191,0.0595200997195387,112689569.11320236,370776.7754665366,0.0032902492962243,0.0741553550933073,0,4257,259901,low_default,5000000.0
Fin_rl_3,pure_rl,rl,8488313.274254698,5000000.0,8488313.27425546,3488313.27425546,0.0,0.0,8.0,0.0,1830,1830,53,0.0289617486338797,64620332.82685404,118533.0743296354,0.001834299966347,0.023706614865927,0,4257,259901,low_default,5000000.0
Fin_fl_rl_1,pure_rl,fl_rl,6510371.808656833,5000000.0,6510371.808655851,1510371.8086558506,0.0,0.0,9.0,0.0,1029,1029,121,0.1175898931000971,35867216.122626275,208563.47126836676,0.0058148775905916,0.0417126942536733,0,4261,259901,low_default,5000000.0
Fin_fl_rl_2,pure_rl,fl_rl,9070049.596926011,5000000.0,9070049.596927635,4070049.5969276354,0.0,0.0,6.0,0.0,2281,2281,216,0.0946953090749671,79905195.08326717,449211.52062972623,0.0056218061937226,0.0898423041259452,0,4261,259901,low_default,5000000.0
Fin_fl_rl_3,pure_rl,fl_rl,14968589.314954886,5000000.0,14968589.314950716,9968589.314950716,0.0,0.0,8.0,0.0,4721,4721,97,0.0205464943867824,165797016.32567272,179765.4630746903,0.001084250290256,0.035953092614938,0,4261,259901,low_default,5000000.0
Fin_rl_1,pure_rl,rl,8858860.783250282,5000000.0,8858860.783249548,3858860.783249548,0.0,0.0,15.0,0.0,3034,3034,242,0.079762689518787,106344694.37395416,522120.9702989805,0.004909703990149,0.1044241940597961,0,4273,259901,medium_default,5000000.0
Fin_rl_2,pure_rl,rl,8529849.682730146,5000000.0,8529849.682726948,3529849.682726948,0.0,0.0,17.0,0.0,2775,2775,307,0.1106306306306306,97103707.96485046,693991.9205474792,0.0071469147274858,0.1387983841094958,0,4273,259901,medium_default,5000000.0
Fin_rl_3,pure_rl,rl,8205009.101702486,5000000.0,8205009.101700294,3205009.101700294,0.0,0.0,27.0,0.0,1775,1775,56,0.0315492957746478,62382638.223497964,144068.0696308453,0.0023094257269898,0.028813613926169,0,4273,259901,medium_default,5000000.0
Fin_fl_rl_1,pure_rl,fl_rl,8819256.245485842,5000000.0,8819256.245488357,3819256.245488357,0.0,0.0,11.0,0.0,2574,2574,91,0.0353535353535353,89792561.82065447,239750.2710536472,0.0026700460059543,0.0479500542107294,0,4247,259901,medium_default,5000000.0
Fin_fl_rl_2,pure_rl,fl_rl,8139165.995712639,5000000.0,8139165.995712755,3139165.9957127552,0.0,0.0,17.0,0.0,2045,2045,128,0.0625916870415647,71320354.3786725,278816.7812947837,0.0039093577664297,0.0557633562589567,0,4247,259901,medium_default,5000000.0
Fin_fl_rl_3,pure_rl,fl_rl,11068656.18107977,5000000.0,11068656.181075033,6068656.181075033,0.0,0.0,16.0,0.0,3429,3429,54,0.0157480314960629,119025324.56743254,125208.4738341497,0.0010519481823652,0.0250416947668299,0,4247,259901,medium_default,5000000.0
Fin_rl_1,pure_rl,rl,8170049.211491935,5000000.0,8170049.211495843,3170049.211495843,0.0,0.0,14.0,0.0,2100,2100,130,0.0619047619047619,73685958.02242285,462153.5275741908,0.0062719348431835,0.0924307055148381,0,4250,259901,high_default,5000000.0
Fin_rl_2,pure_rl,rl,7966053.24478572,5000000.0,7966053.244787218,2966053.244787218,0.0,0.0,32.0,0.0,2179,2179,196,0.0899495181275814,76296104.04483312,544828.8666594567,0.0071409788675356,0.1089657733318913,0,4250,259901,high_default,5000000.0
Fin_rl_3,pure_rl,rl,8261698.145303801,5000000.0,8261698.145304116,3261698.1453041164,0.0,0.0,31.0,0.0,2006,2006,116,0.0578265204386839,70101591.89615487,331119.1695384766,0.0047234186925309,0.0662238339076953,0,4250,259901,high_default,5000000.0
Fin_fl_rl_1,pure_rl,fl_rl,7635377.566102775,5000000.0,7635377.566099632,2635377.5660996325,0.0,0.0,19.0,0.0,1803,1803,135,0.0748752079866888,62977415.79292919,460245.2615629552,0.0073081001461896,0.092049052312591,0,4254,259901,high_default,5000000.0
Fin_fl_rl_2,pure_rl,fl_rl,7291930.470813295,5000000.0,7291930.470813454,2291930.470813454,0.0,0.0,23.0,0.0,1945,1945,179,0.0920308483290488,68137708.37849829,494793.7421599524,0.0072616727790641,0.0989587484319904,0,4254,259901,high_default,5000000.0
Fin_fl_rl_3,pure_rl,fl_rl,9727055.700294595,5000000.0,9727055.700294515,4727055.700294515,0.0,0.0,18.0,0.0,2799,2799,105,0.037513397642015,98702138.20582768,302096.9969414388,0.0030606935415265,0.0604193993882877,0,4254,259901,high_default,5000000.0
Fin_rl_1,pure_rl,rl,11034441.604173351,10000000.0,11034441.604170827,1034441.6041708272,0.0,0.0,6.0,0.0,1269,1269,0,0.0,44641503.36579812,0.0,0.0,0.0,0,4247,259901,none_default,10000000.0
Fin_rl_2,pure_rl,rl,13852809.492141545,10000000.0,13852809.49213853,3852809.492138529,0.0,0.0,9.0,0.0,5914,5914,0,0.0,207332765.7638329,0.0,0.0,0.0,0,4247,259901,none_default,10000000.0
Fin_rl_3,pure_rl,rl,12189620.193767391,10000000.0,12189620.19376627,2189620.19376627,0.0,0.0,10.0,0.0,3210,3210,0,0.0,112231761.74849737,0.0,0.0,0.0,0,4247,259901,none_default,10000000.0
Fin_fl_rl_1,pure_rl,fl_rl,12726081.17333477,10000000.0,12726081.173335116,2726081.1733351164,0.0,0.0,12.0,0.0,2437,2437,0,0.0,86024343.41308118,0.0,0.0,0.0,0,4248,259901,none_default,10000000.0
Fin_fl_rl_2,pure_rl,fl_rl,12977256.81787787,10000000.0,12977256.81788055,2977256.8178805504,0.0,0.0,13.0,0.0,2514,2514,0,0.0,88064660.0069935,0.0,0.0,0.0,0,4248,259901,none_default,10000000.0
Fin_fl_rl_3,pure_rl,fl_rl,17635251.567188386,10000000.0,17635251.567191485,7635251.567191485,0.0,0.0,15.0,0.0,5394,5394,0,0.0,188755737.829214,0.0,0.0,0.0,0,4248,259901,none_default,10000000.0
Fin_rl_1,pure_rl,rl,13974785.160117684,10000000.0,13974785.160117803,3974785.160117803,0.0,0.0,22.0,0.0,2367,2367,140,0.0591465990705534,82986164.76019852,288087.9660011512,0.0034715180154863,0.0288087966001151,0,4252,259901,low_default,10000000.0
Fin_rl_2,pure_rl,rl,13922386.539328223,10000000.0,13922386.539331209,3922386.539331207,0.0,0.0,19.0,0.0,2613,2613,261,0.0998851894374282,92096488.14674048,527562.5753499966,0.0057283679971533,0.0527562575349996,0,4252,259901,low_default,10000000.0
Fin_rl_3,pure_rl,rl,15074154.533950653,10000000.0,15074154.533940412,5074154.533940412,0.0,0.0,7.0,0.0,3024,3024,67,0.0221560846560846,105409091.06787196,146995.6310374917,0.0013945251737617,0.0146995631037491,0,4252,259901,low_default,10000000.0
Fin_fl_rl_1,pure_rl,fl_rl,13359655.166561125,10000000.0,13359655.166566642,3359655.166566642,0.0,0.0,26.0,0.0,2381,2381,69,0.0289794204115917,82927434.24471152,143336.18639381143,0.0017284531675107,0.0143336186393811,0,4233,259901,low_default,10000000.0
Fin_fl_rl_2,pure_rl,fl_rl,12103337.87037189,10000000.0,12103337.870374236,2103337.8703742363,0.0,0.0,22.0,0.0,1450,1450,87,0.06,51343339.37995693,198806.4519115336,0.003872098198372,0.0198806451911533,0,4233,259901,low_default,10000000.0
Fin_fl_rl_3,pure_rl,fl_rl,13273551.954899097,10000000.0,13273551.954906516,3273551.954906516,0.0,0.0,6.0,0.0,2021,2021,56,0.0277090549233052,70724877.37669793,126062.62660384802,0.001782436835237,0.0126062626603848,0,4233,259901,low_default,10000000.0
Fin_rl_1,pure_rl,rl,14561647.55701557,10000000.0,14561647.557024738,4561647.557024738,0.0,0.0,22.0,0.0,2758,2758,140,0.0507614213197969,97472636.55861472,338486.14938730234,0.0034726274094756,0.0338486149387302,0,4245,259901,medium_default,10000000.0
Fin_rl_2,pure_rl,rl,13138713.947941791,10000000.0,13138713.947949264,3138713.947949264,0.0,0.0,15.0,0.0,2148,2148,255,0.1187150837988826,75312514.5758005,581782.7047827807,0.0077249140871166,0.058178270478278,0,4245,259901,medium_default,10000000.0
Fin_rl_3,pure_rl,rl,15434857.102264144,10000000.0,15434857.102258468,5434857.102258468,0.0,0.0,9.0,0.0,2938,2938,114,0.0388019060585432,103209132.40690832,282600.75838444155,0.0027381371376156,0.0282600758384441,0,4245,259901,medium_default,10000000.0
Fin_fl_rl_1,pure_rl,fl_rl,13582079.736611916,10000000.0,13582079.73661939,3582079.7366193905,0.0,0.0,18.0,0.0,2379,2379,107,0.0449768810424548,82172880.26378885,283840.28075904795,0.003454184395726,0.0283840280759047,0,4256,259901,medium_default,10000000.0
Fin_fl_rl_2,pure_rl,fl_rl,13866623.373192808,10000000.0,13866623.373193204,3866623.3731932025,0.0,0.0,20.0,0.0,2846,2846,186,0.0653548840477863,100086950.99891466,402105.0978097681,0.0040175576715702,0.0402105097809768,0,4256,259901,medium_default,10000000.0
Fin_fl_rl_3,pure_rl,fl_rl,14610928.885325309,10000000.0,14610928.885315912,4610928.885315912,0.0,0.0,24.0,0.0,2733,2733,52,0.0190267105744603,95897253.51441872,118525.25322256096,0.0012359608735274,0.011852525322256,0,4256,259901,medium_default,10000000.0
Fin_rl_1,pure_rl,rl,14706309.977609543,10000000.0,14706309.977611154,4706309.977611154,0.0,0.0,23.0,0.0,2754,2754,103,0.0374001452432825,96355257.11043938,386944.8247458302,0.0040158143556435,0.038694482474583,0,4239,259901,high_default,10000000.0
Fin_rl_2,pure_rl,rl,12037976.872630078,10000000.0,12037976.872623846,2037976.872623846,0.0,0.0,24.0,0.0,1138,1138,97,0.0852372583479789,39528774.03365927,239129.94838625647,0.0060495159344591,0.0239129948386256,0,4239,259901,high_default,10000000.0
Fin_rl_3,pure_rl,rl,13784300.900734248,10000000.0,13784300.90073244,3784300.900732441,0.0,0.0,25.0,0.0,2168,2168,124,0.0571955719557195,75603063.54329607,385760.0079514175,0.0051024388413903,0.0385760007951417,0,4239,259901,high_default,10000000.0
Fin_fl_rl_1,pure_rl,fl_rl,13296853.490841206,10000000.0,13296853.490839295,3296853.490839295,0.0,0.0,13.0,0.0,2102,2102,176,0.0837297811607992,73202277.61438976,611319.4512586297,0.0083510987797251,0.0611319451258629,0,4239,259901,high_default,10000000.0
Fin_fl_rl_2,pure_rl,fl_rl,10032441.029953975,10000000.0,10032441.02995463,32441.02995463088,0.0,0.0,26.0,0.0,190,190,87,0.4578947368421052,6625254.1779735405,204076.12703808892,0.0308027619101112,0.0204076127038088,0,4239,259901,high_default,10000000.0
Fin_fl_rl_3,pure_rl,fl_rl,17043314.394493137,10000000.0,17043314.394495144,7043314.3944951445,0.0,0.0,17.0,0.0,3818,3818,134,0.0350969093766369,133714859.95072678,384099.82141660026,0.0028725290633975,0.03840998214166,0,4239,259901,high_default,10000000.0
Fin_rl_1,pure_rl,rl,6719823.002061075,1000000.0,6719823.002060244,5719823.002060244,0.0,0.0,6.0,0.0,2915,2915,0,0.0,100684896.3727091,0.0,0.0,0.0,0,4255,314159,none_default,1000000.0
Fin_rl_2,pure_rl,rl,4862327.1834971225,1000000.0,4862327.183497068,3862327.183497068,0.0,0.0,6.0,0.0,1920,1920,0,0.0,65403395.73725838,0.0,0.0,0.0,0,4255,314159,none_default,1000000.0
Fin_rl_3,pure_rl,rl,7227480.090740765,1000000.0,7227480.090740485,6227480.090740485,0.0,0.0,6.0,0.0,3125,3125,0,0.0,104706936.6517232,0.0,0.0,0.0,0,4255,314159,none_default,1000000.0
Fin_fl_rl_1,pure_rl,fl_rl,6047403.623733092,1000000.0,6047403.623733435,5047403.623733435,0.0,0.0,6.0,0.0,2653,2653,0,0.0,90851868.86331372,0.0,0.0,0.0,0,4265,314159,none_default,1000000.0
Fin_fl_rl_2,pure_rl,fl_rl,5166026.4341396205,1000000.0,5166026.434139172,4166026.434139172,0.0,0.0,6.0,0.0,2398,2398,0,0.0,81346658.43462937,0.0,0.0,0.0,0,4265,314159,none_default,1000000.0
Fin_fl_rl_3,pure_rl,fl_rl,4884680.75117241,1000000.0,4884680.751172058,3884680.751172058,0.0,0.0,6.0,0.0,2349,2349,0,0.0,78776964.95312476,0.0,0.0,0.0,0,4265,314159,none_default,1000000.0
Fin_rl_1,pure_rl,rl,3409484.241325346,1000000.0,3409484.2413257025,2409484.2413257025,0.0,0.0,6.0,0.0,1273,1273,150,0.1178318931657502,45191022.728558354,324874.0315921398,0.0071889063795592,0.3248740315921398,0,4237,314159,low_default,1000000.0
Fin_rl_2,pure_rl,rl,5230984.1187751135,1000000.0,5230984.118775232,4230984.118775232,0.0,0.0,6.0,0.0,2441,2441,122,0.0499795165915608,84359884.6291319,247900.24521399476,0.0029386034168233,0.2479002452139947,0,4237,314159,low_default,1000000.0
Fin_rl_3,pure_rl,rl,6512685.094891809,1000000.0,6512685.09489213,5512685.09489213,0.0,0.0,6.0,0.0,3208,3208,21,0.0065461346633416,105730727.85713264,42586.20224278662,0.0004027798077804,0.0425862022427866,0,4237,314159,low_default,1000000.0
Fin_fl_rl_1,pure_rl,fl_rl,4476970.348770763,1000000.0,4476970.348770425,3476970.3487704247,0.0,0.0,6.0,0.0,2044,2044,54,0.0264187866927592,69311709.17274524,112482.77303288352,0.0016228538348772,0.1124827730328835,0,4243,314159,low_default,1000000.0
Fin_fl_rl_2,pure_rl,fl_rl,5257207.302460712,1000000.0,5257207.302460729,4257207.302460729,0.0,0.0,6.0,0.0,2547,2547,80,0.0314095013741656,86934891.71946648,168946.98070318528,0.0019433736830128,0.1689469807031852,0,4243,314159,low_default,1000000.0
Fin_fl_rl_3,pure_rl,fl_rl,4777510.010800222,1000000.0,4777510.010800189,3777510.010800189,0.0,0.0,11.0,0.0,2125,2125,22,0.0103529411764705,72152697.38487576,40204.41879345417,0.000557212969863,0.0402044187934541,0,4243,314159,low_default,1000000.0
Fin_rl_1,pure_rl,rl,4478183.577907788,1000000.0,4478183.577907815,3478183.577907814,0.0,0.0,6.0,0.0,2122,2122,54,0.0254476908576814,74298425.60745439,126469.89385930392,0.0017021880722949,0.1264698938593039,0,4249,314159,medium_default,1000000.0
Fin_rl_2,pure_rl,rl,4185277.1189237945,1000000.0,4185277.1189233065,3185277.1189233065,0.0,0.0,6.0,0.0,1607,1607,42,0.0261356565028002,57125156.26229635,91671.00009168484,0.0016047395944225,0.0916710000916848,0,4249,314159,medium_default,1000000.0
Fin_rl_3,pure_rl,rl,5116155.81404043,1000000.0,5116155.814040697,4116155.814040697,0.0,0.0,6.0,0.0,2314,2314,79,0.0341400172860847,76525169.25832117,166428.5926697653,0.0021748216212101,0.1664285926697652,0,4249,314159,medium_default,1000000.0
Fin_fl_rl_1,pure_rl,fl_rl,4745957.749246102,1000000.0,4745957.749246527,3745957.749246527,0.0,0.0,6.0,0.0,2266,2266,66,0.029126213592233,76768303.36800209,160990.69188238526,0.0020970984744921,0.1609906918823852,0,4254,314159,medium_default,1000000.0
Fin_fl_rl_2,pure_rl,fl_rl,3123811.5612023114,1000000.0,3123811.561202113,2123811.561202113,0.0,0.0,6.0,0.0,1229,1229,56,0.0455655004068348,43086818.40445528,131289.45506134105,0.0030470909647802,0.131289455061341,0,4254,314159,medium_default,1000000.0
Fin_fl_rl_3,pure_rl,fl_rl,6066446.68330026,1000000.0,6066446.683300502,5066446.683300502,0.0,0.0,6.0,0.0,2528,2528,18,0.0071202531645569,87695349.370823,36531.44071220487,0.0004165721554712,0.0365314407122048,0,4254,314159,medium_default,1000000.0
Fin_rl_1,pure_rl,rl,3759451.649632851,1000000.0,3759451.649633041,2759451.649633041,0.0,0.0,7.0,0.0,1850,1850,78,0.0421621621621621,64007111.62134808,253019.43036705637,0.0039529893469316,0.2530194303670563,0,4261,314159,high_default,1000000.0
Fin_rl_2,pure_rl,rl,2972196.2973846258,1000000.0,2972196.2973845648,1972196.2973845648,0.0,0.0,7.0,0.0,1474,1474,97,0.0658073270013568,52296839.67148375,270168.9531214756,0.0051660665313355,0.2701689531214756,0,4261,314159,high_default,1000000.0
Fin_rl_3,pure_rl,rl,4852927.147617735,1000000.0,4852927.147617626,3852927.147617626,0.0,0.0,6.0,0.0,2232,2232,57,0.0255376344086021,74749415.61737774,164569.6589265086,0.0022016180001847,0.1645696589265086,0,4261,314159,high_default,1000000.0
Fin_fl_rl_1,pure_rl,fl_rl,3331068.0116660995,1000000.0,3331068.011666337,2331068.011666337,0.0,0.0,7.0,0.0,1375,1375,88,0.064,49229083.55047806,305677.0637183366,0.0062092779648214,0.3056770637183366,0,4263,314159,high_default,1000000.0
Fin_fl_rl_2,pure_rl,fl_rl,3460910.4220086285,1000000.0,3460910.422008506,2460910.422008506,0.0,0.0,7.0,0.0,1263,1263,70,0.0554235946159936,46124276.749697335,185056.8443513316,0.0040121354174414,0.1850568443513316,0,4263,314159,high_default,1000000.0
Fin_fl_rl_3,pure_rl,fl_rl,4425532.477153374,1000000.0,4425532.477153473,3425532.4771534726,0.0,0.0,6.0,0.0,2332,2332,51,0.021869639794168,75341755.9633719,126871.30409103846,0.0016839440821198,0.1268713040910384,0,4263,314159,high_default,1000000.0
Fin_rl_1,pure_rl,rl,11702667.201404568,5000000.0,11702667.201404732,6702667.201404732,0.0,0.0,9.0,0.0,5557,5557,0,0.0,193798738.19997716,0.0,0.0,0.0,0,4258,314159,none_default,5000000.0
Fin_rl_2,pure_rl,rl,5687989.190177154,5000000.0,5687989.190176292,687989.1901762923,0.0,0.0,19.0,0.0,721,721,0,0.0,25470827.497006398,0.0,0.0,0.0,0,4258,314159,none_default,5000000.0
Fin_rl_3,pure_rl,rl,9578416.694317313,5000000.0,9578416.694320222,4578416.694320222,0.0,0.0,11.0,0.0,4106,4106,0,0.0,143401381.8166548,0.0,0.0,0.0,0,4258,314159,none_default,5000000.0
Fin_fl_rl_1,pure_rl,fl_rl,12377236.512856804,5000000.0,12377236.512858704,7377236.512858704,0.0,0.0,6.0,0.0,6557,6557,0,0.0,228528784.2208109,0.0,0.0,0.0,0,4253,314159,none_default,5000000.0
Fin_fl_rl_2,pure_rl,fl_rl,7523909.478880121,5000000.0,7523909.478879255,2523909.4788792552,0.0,0.0,11.0,0.0,2035,2035,0,0.0,71364203.4101705,0.0,0.0,0.0,0,4253,314159,none_default,5000000.0
Fin_fl_rl_3,pure_rl,fl_rl,6728420.723959233,5000000.0,6728420.723958551,1728420.723958551,0.0,0.0,13.0,0.0,1748,1748,0,0.0,61232828.21860816,0.0,0.0,0.0,0,4253,314159,none_default,5000000.0
Fin_rl_1,pure_rl,rl,10632511.7517898,5000000.0,10632511.751794212,5632511.751794213,0.0,0.0,16.0,0.0,3399,3399,90,0.0264783759929391,119163524.43698958,189424.07368099183,0.0015896145618045,0.0378848147361983,0,4247,314159,low_default,5000000.0
Fin_rl_2,pure_rl,rl,9947655.887172204,5000000.0,9947655.887171105,4947655.887171103,0.0,0.0,16.0,0.0,2856,2856,100,0.0350140056022409,99360592.13287792,211241.75602968977,0.0021260114447304,0.0422483512059379,0,4247,314159,low_default,5000000.0
Fin_rl_3,pure_rl,rl,8936979.535676686,5000000.0,8936979.535678042,3936979.535678042,0.0,0.0,26.0,0.0,2268,2268,27,0.0119047619047619,79541523.1442748,56532.71343478326,0.0007107320956406,0.0113065426869566,0,4247,314159,low_default,5000000.0
Fin_fl_rl_1,pure_rl,fl_rl,7733576.136256354,5000000.0,7733576.136256803,2733576.136256803,0.0,0.0,12.0,0.0,1604,1604,41,0.0255610972568578,55527537.10956089,87418.53939188296,0.0015743276929318,0.0174837078783765,0,4263,314159,low_default,5000000.0
Fin_fl_rl_2,pure_rl,fl_rl,7448775.063339027,5000000.0,7448775.063338298,2448775.0633382984,0.0,0.0,16.0,0.0,1550,1550,93,0.06,53689374.40882062,184379.5022962429,0.003434189806204,0.0368759004592485,0,4263,314159,low_default,5000000.0
Fin_fl_rl_3,pure_rl,fl_rl,14972597.441265874,5000000.0,14972597.441264926,9972597.441264926,0.0,0.0,8.0,0.0,5562,5562,21,0.0037756202804746,194327070.6570077,42526.33537138644,0.0002188389668387,0.0085052670742772,0,4263,314159,low_default,5000000.0
Fin_rl_1,pure_rl,rl,8828005.231773425,5000000.0,8828005.231769376,3828005.231769376,0.0,0.0,23.0,0.0,2705,2705,118,0.04362292051756,94088020.65610062,283649.1957639686,0.0030147216806773,0.0567298391527937,0,4264,314159,medium_default,5000000.0
Fin_rl_2,pure_rl,rl,7780786.978840423,5000000.0,7780786.978841971,2780786.9788419707,0.0,0.0,24.0,0.0,1673,1673,97,0.0579796772265391,58366756.49163457,217871.09990461636,0.0037327943679008,0.0435742199809232,0,4264,314159,medium_default,5000000.0
Fin_rl_3,pure_rl,rl,11214544.160886476,5000000.0,11214544.160892447,6214544.160892447,0.0,0.0,16.0,0.0,3332,3332,69,0.0207082833133253,116570032.72972858,182826.8573159291,0.0015683864286099,0.0365653714631858,0,4264,314159,medium_default,5000000.0
Fin_fl_rl_1,pure_rl,fl_rl,7822086.018059521,5000000.0,7822086.018057382,2822086.0180573817,0.0,0.0,7.0,0.0,1844,1844,178,0.096529284164859,65279340.43993797,434070.5818229854,0.0066494327132848,0.086814116364597,0,4250,314159,medium_default,5000000.0
Fin_fl_rl_2,pure_rl,fl_rl,5416617.979813405,5000000.0,5416617.979813315,416617.979813315,0.0,0.0,22.0,0.0,404,404,85,0.2103960396039604,14497334.62155538,189271.4411343893,0.0130556027073397,0.0378542882268778,0,4250,314159,medium_default,5000000.0
Fin_fl_rl_3,pure_rl,fl_rl,13183910.25448768,5000000.0,13183910.25448968,8183910.254489679,0.0,0.0,9.0,0.0,4521,4521,93,0.0205706702057067,158523744.02685285,221723.2535609913,0.0013986753525291,0.0443446507121982,0,4250,314159,medium_default,5000000.0
Fin_rl_1,pure_rl,rl,7709122.904519423,5000000.0,7709122.904518204,2709122.904518204,0.0,0.0,20.0,0.0,2213,2213,156,0.07049254405784,76927711.33500773,502584.0814527251,0.0065331994508981,0.100516816290545,0,4242,314159,high_default,5000000.0
Fin_rl_2,pure_rl,rl,7547974.390696826,5000000.0,7547974.390696896,2547974.390696896,0.0,0.0,21.0,0.0,1710,1710,162,0.0947368421052631,60053939.15184487,439814.7204189317,0.0073236614721787,0.0879629440837863,0,4242,314159,high_default,5000000.0
Fin_rl_3,pure_rl,rl,9330003.43346068,5000000.0,9330003.433461633,4330003.433461633,0.0,0.0,14.0,0.0,2582,2582,95,0.0367931835786212,90840333.49454848,278907.19559614244,0.0030703013173424,0.0557814391192284,0,4242,314159,high_default,5000000.0
Fin_fl_rl_1,pure_rl,fl_rl,6830954.99680539,5000000.0,6830954.9968041545,1830954.9968041545,0.0,0.0,7.0,0.0,1526,1526,163,0.1068152031454783,53428426.37941065,540523.4448477903,0.0101167764330054,0.108104688969558,0,4267,314159,high_default,5000000.0
Fin_fl_rl_2,pure_rl,fl_rl,6528822.569782988,5000000.0,6528822.569781754,1528822.5697817542,0.0,0.0,9.0,0.0,1108,1108,187,0.1687725631768953,38832591.82097976,511598.5031549129,0.0131744619445801,0.1023197006309825,0,4267,314159,high_default,5000000.0
Fin_fl_rl_3,pure_rl,fl_rl,11627039.84715692,5000000.0,11627039.847156294,6627039.847156294,0.0,0.0,6.0,0.0,3686,3686,88,0.0238741182854042,130520428.5718761,228050.1495086795,0.0017472372103275,0.0456100299017359,0,4267,314159,high_default,5000000.0
Fin_rl_1,pure_rl,rl,11343177.465983223,10000000.0,11343177.465987608,1343177.4659876078,0.0,0.0,21.0,0.0,1069,1069,0,0.0,37400651.3568509,0.0,0.0,0.0,0,4258,314159,none_default,10000000.0
Fin_rl_2,pure_rl,rl,18455924.40995422,10000000.0,18455924.409956805,8455924.409956805,0.0,0.0,18.0,0.0,5293,5293,0,0.0,186106528.6067795,0.0,0.0,0.0,0,4258,314159,none_default,10000000.0
Fin_rl_3,pure_rl,rl,15423454.827357829,10000000.0,15423454.827357773,5423454.827357773,0.0,0.0,7.0,0.0,3996,3996,0,0.0,140199372.34810984,0.0,0.0,0.0,0,4258,314159,none_default,10000000.0
Fin_fl_rl_1,pure_rl,fl_rl,12188263.998597192,10000000.0,12188263.998594426,2188263.9985944256,0.0,0.0,21.0,0.0,1491,1491,0,0.0,52003109.99003004,0.0,0.0,0.0,0,4257,314159,none_default,10000000.0
Fin_fl_rl_2,pure_rl,fl_rl,15824311.812429566,10000000.0,15824311.812433518,5824311.812433519,0.0,0.0,15.0,0.0,3862,3862,0,0.0,135461739.02432454,0.0,0.0,0.0,0,4257,314159,none_default,10000000.0
Fin_fl_rl_3,pure_rl,fl_rl,17576614.510780185,10000000.0,17576614.51078153,7576614.51078153,0.0,0.0,16.0,0.0,5009,5009,0,0.0,174362648.4970727,0.0,0.0,0.0,0,4257,314159,none_default,10000000.0
Fin_rl_1,pure_rl,rl,13098333.691474382,10000000.0,13098333.691480702,3098333.691480702,0.0,0.0,14.0,0.0,2199,2199,88,0.0400181900864029,77384377.82382904,183185.37449901804,0.0023672138957562,0.0183185374499018,0,4265,314159,low_default,10000000.0
Fin_rl_2,pure_rl,rl,13914002.597448625,10000000.0,13914002.597451365,3914002.5974513623,0.0,0.0,17.0,0.0,2921,2921,274,0.09380349195481,102499239.62509784,551671.9689508609,0.0053822054775104,0.055167196895086,0,4265,314159,low_default,10000000.0
Fin_rl_3,pure_rl,rl,16612398.278980857,10000000.0,16612398.27898804,6612398.278988041,0.0,0.0,19.0,0.0,3966,3966,37,0.0093292990418557,138936155.16303793,82565.43109544291,0.0005942688639868,0.0082565431095442,0,4265,314159,low_default,10000000.0
Fin_fl_rl_1,pure_rl,fl_rl,13651878.275158435,10000000.0,13651878.27515662,3651878.275156619,0.0,0.0,23.0,0.0,2048,2048,26,0.0126953125,71664631.43888125,49206.341344012646,0.0006866196107626,0.0049206341344012,0,4265,314159,low_default,10000000.0
Fin_fl_rl_2,pure_rl,fl_rl,10419380.8329107,10000000.0,10419380.832910491,419380.832910493,0.0,0.0,28.0,0.0,425,425,55,0.1294117647058823,14697653.59432671,106670.24942885686,0.007257638013052,0.0106670249428856,0,4265,314159,low_default,10000000.0
Fin_fl_rl_3,pure_rl,fl_rl,21678966.651401225,10000000.0,21678966.651404303,11678966.651404306,0.0,0.0,20.0,0.0,6123,6123,30,0.0048995590396864,213306976.3678577,66237.01990506727,0.0003105243955586,0.0066237019905067,0,4265,314159,low_default,10000000.0
Fin_rl_1,pure_rl,rl,11143246.12944973,10000000.0,11143246.129450226,1143246.1294502262,0.0,0.0,23.0,0.0,828,828,97,0.1171497584541062,28860654.36820618,217861.60647709263,0.0075487410540869,0.0217861606477092,0,4259,314159,medium_default,10000000.0
Fin_rl_2,pure_rl,rl,13537765.36733193,10000000.0,13537765.367325312,3537765.3673253115,0.0,0.0,21.0,0.0,2594,2594,325,0.1252891287586738,91501938.05294372,736432.5738658967,0.0080482729605114,0.0736432573865896,0,4259,314159,medium_default,10000000.0
Fin_rl_3,pure_rl,rl,17148759.460034113,10000000.0,17148759.46003488,7148759.460034881,0.0,0.0,18.0,0.0,4127,4127,99,0.0239883692755027,145236323.1669382,250356.2322683112,0.0017237852543302,0.0250356232268311,0,4259,314159,medium_default,10000000.0
Fin_fl_rl_1,pure_rl,fl_rl,12453383.273548912,10000000.0,12453383.273550889,2453383.2735508867,0.0,0.0,15.0,0.0,1575,1575,107,0.0679365079365079,54892860.48574375,256424.8385393209,0.0046713695783064,0.025642483853932,0,4255,314159,medium_default,10000000.0
Fin_fl_rl_2,pure_rl,fl_rl,14155998.182282498,10000000.0,14155998.18228397,4155998.1822839696,0.0,0.0,16.0,0.0,2544,2544,165,0.0648584905660377,89435109.53238636,380447.12350752193,0.0042538900605891,0.0380447123507521,0,4255,314159,medium_default,10000000.0
Fin_fl_rl_3,pure_rl,fl_rl,16689009.36010685,10000000.0,16689009.360110352,6689009.360110352,0.0,0.0,16.0,0.0,3595,3595,65,0.0180806675938803,126531413.40954044,144137.93741452106,0.0011391474538263,0.0144137937414521,0,4255,314159,medium_default,10000000.0
Fin_rl_1,pure_rl,rl,12176252.631438196,10000000.0,12176252.631441545,2176252.631441543,0.0,0.0,22.0,0.0,1419,1419,133,0.0937279774489076,49707859.280142166,437187.5463212437,0.0087951392929104,0.0437187546321243,0,4256,314159,high_default,10000000.0
Fin_rl_2,pure_rl,rl,14659390.98401805,10000000.0,14659390.98402612,4659390.984026121,0.0,0.0,22.0,0.0,2503,2503,126,0.0503395924890131,87835383.91930525,369530.386521926,0.0042070788563002,0.0369530386521926,0,4256,314159,high_default,10000000.0
Fin_rl_3,pure_rl,rl,12283287.06935158,10000000.0,12283287.06935194,2283287.0693519413,0.0,0.0,26.0,0.0,1353,1353,68,0.0502586844050258,47644861.7818508,190787.02624413333,0.0040043567996414,0.0190787026244133,0,4256,314159,high_default,10000000.0
Fin_fl_rl_1,pure_rl,fl_rl,10488204.722451627,10000000.0,10488204.722451383,488204.7224513851,0.0,0.0,21.0,0.0,542,542,119,0.2195571955719557,18826950.57654515,406573.7431754406,0.0215953051728916,0.040657374317544,0,4240,314159,high_default,10000000.0
Fin_fl_rl_2,pure_rl,fl_rl,11938232.439206889,10000000.0,11938232.43920763,1938232.4392076305,0.0,0.0,7.0,0.0,1229,1229,162,0.1318144833197721,43070652.55985225,441530.2058291356,0.0102513005860677,0.0441530205829135,0,4240,314159,high_default,10000000.0
Fin_fl_rl_3,pure_rl,fl_rl,16349308.07646128,10000000.0,16349308.076466229,6349308.076466227,0.0,0.0,9.0,0.0,3206,3206,107,0.0333749220212102,112078207.23655866,315895.4789153009,0.0028185272293707,0.03158954789153,0,4240,314159,high_default,10000000.0
Fin_rl_1,pure_rl,rl,5227309.306837654,1000000.0,5227309.3068375895,4227309.3068375895,0.0,0.0,6.0,0.0,2306,2306,0,0.0,79187514.64462614,0.0,0.0,0.0,0,4253,371828,none_default,1000000.0
Fin_rl_2,pure_rl,rl,7284095.850596863,1000000.0,7284095.850596103,6284095.850596103,0.0,0.0,6.0,0.0,3269,3269,0,0.0,112649040.60191678,0.0,0.0,0.0,0,4253,371828,none_default,1000000.0
Fin_rl_3,pure_rl,rl,4340061.953473034,1000000.0,4340061.953472597,3340061.9534725966,0.0,0.0,6.0,0.0,2294,2294,0,0.0,76129670.71819344,0.0,0.0,0.0,0,4253,371828,none_default,1000000.0
Fin_fl_rl_1,pure_rl,fl_rl,5718021.0329188295,1000000.0,5718021.032918503,4718021.032918503,0.0,0.0,6.0,0.0,2689,2689,0,0.0,91849429.92838676,0.0,0.0,0.0,0,4264,371828,none_default,1000000.0
Fin_fl_rl_2,pure_rl,fl_rl,5897612.585937231,1000000.0,5897612.585936697,4897612.585936697,0.0,0.0,6.0,0.0,2669,2669,0,0.0,93100160.93662396,0.0,0.0,0.0,0,4264,371828,none_default,1000000.0
Fin_fl_rl_3,pure_rl,fl_rl,5205828.294442736,1000000.0,5205828.294443921,4205828.294443921,0.0,0.0,6.0,0.0,2618,2618,0,0.0,86546637.57521436,0.0,0.0,0.0,0,4264,371828,none_default,1000000.0
Fin_rl_1,pure_rl,rl,5085142.865358106,1000000.0,5085142.865357972,4085142.865357972,0.0,0.0,6.0,0.0,2233,2233,48,0.0214957456336766,78121405.67890741,103636.43976125756,0.0013266074625848,0.1036364397612575,0,4258,371828,low_default,1000000.0
Fin_rl_2,pure_rl,rl,4028478.1588195646,1000000.0,4028478.158819956,3028478.158819956,0.0,0.0,6.0,0.0,1613,1613,31,0.0192188468691878,56749766.21430181,62103.05885882434,0.0010943315365266,0.0621030588588243,0,4258,371828,low_default,1000000.0
Fin_rl_3,pure_rl,rl,4892102.3132341765,1000000.0,4892102.313234496,3892102.313234496,0.0,0.0,6.0,0.0,2236,2236,118,0.052772808586762,72089278.04222727,204707.89267483077,0.0028396440945756,0.2047078926748307,0,4258,371828,low_default,1000000.0
Fin_fl_rl_1,pure_rl,fl_rl,4848806.200449411,1000000.0,4848806.200449799,3848806.200449799,0.0,0.0,6.0,0.0,2147,2147,52,0.0242198416394969,74362659.05656643,124613.2174874564,0.0016757498866825,0.1246132174874563,0,4264,371828,low_default,1000000.0
Fin_fl_rl_2,pure_rl,fl_rl,4762779.17630852,1000000.0,4762779.176307496,3762779.176307496,0.0,0.0,6.0,0.0,2254,2254,212,0.0940550133096717,78939701.10188645,448757.1430054752,0.0056848092498636,0.4487571430054752,0,4264,371828,low_default,1000000.0
Fin_fl_rl_3,pure_rl,fl_rl,6005656.700895474,1000000.0,6005656.700895647,5005656.700895647,0.0,0.0,6.0,0.0,2521,2521,4,0.0015866719555731,84607670.35821037,6785.456016067579,8.019906454508726e-05,0.0067854560160675,0,4264,371828,low_default,1000000.0
Fin_rl_1,pure_rl,rl,3951552.416293917,1000000.0,3951552.4162939866,2951552.4162939866,0.0,0.0,7.0,0.0,1888,1888,111,0.0587923728813559,64475124.48496411,255928.5485787964,0.0039694153462003,0.2559285485787964,0,4261,371828,medium_default,1000000.0
Fin_rl_2,pure_rl,rl,3524647.379652725,1000000.0,3524647.3796529444,2524647.3796529444,0.0,0.0,7.0,0.0,1913,1913,192,0.1003659174072138,63825084.55204963,340686.47696292034,0.0053378147377946,0.3406864769629203,0,4261,371828,medium_default,1000000.0
Fin_rl_3,pure_rl,rl,5700005.968517032,1000000.0,5700005.968516966,4700005.968516966,0.0,0.0,6.0,0.0,2638,2638,106,0.0401819560272934,90932328.94657888,272514.98499768897,0.0029968987724683,0.2725149849976889,0,4261,371828,medium_default,1000000.0
Fin_fl_rl_1,pure_rl,fl_rl,4440952.212377943,1000000.0,4440952.212378287,3440952.2123782868,0.0,0.0,7.0,0.0,1885,1885,58,0.0307692307692307,66028908.82505914,140903.91602058563,0.0021339731115942,0.1409039160205856,0,4259,371828,medium_default,1000000.0
Fin_fl_rl_2,pure_rl,fl_rl,2564872.962718653,1000000.0,2564872.9627190093,1564872.9627190093,0.0,0.0,7.0,0.0,1496,1496,172,0.1149732620320855,47534606.23164109,316017.237001193,0.0066481509378916,0.316017237001193,0,4259,371828,medium_default,1000000.0
Fin_fl_rl_3,pure_rl,fl_rl,6232109.031155852,1000000.0,6232109.031155201,5232109.031155201,0.0,0.0,6.0,0.0,2768,2768,36,0.0130057803468208,95325363.47927466,93790.0558088636,0.0009838940276294,0.0937900558088636,0,4259,371828,medium_default,1000000.0
Fin_rl_1,pure_rl,rl,3161252.5336023257,1000000.0,3161252.5336024296,2161252.5336024296,0.0,0.0,14.0,0.0,1313,1313,124,0.0944402132520944,45123681.41662986,408621.332214118,0.0090555849918647,0.408621332214118,0,4261,371828,high_default,1000000.0
Fin_rl_2,pure_rl,rl,2893303.2939561987,1000000.0,2893303.2939563766,1893303.2939563768,0.0,0.0,7.0,0.0,1274,1274,101,0.0792778649921507,43657475.08230164,275044.3618758223,0.0063000519695039,0.2750443618758223,0,4261,371828,high_default,1000000.0
Fin_rl_3,pure_rl,rl,6214524.466258534,1000000.0,6214524.466258074,5214524.466258074,0.0,0.0,6.0,0.0,2824,2824,57,0.0201841359773371,96974529.86958736,169413.21892429312,0.0017469867515946,0.1694132189242931,0,4261,371828,high_default,1000000.0
Fin_fl_rl_1,pure_rl,fl_rl,3306484.1377027715,1000000.0,3306484.1377020013,2306484.1377020013,0.0,0.0,7.0,0.0,1383,1383,96,0.0694143167028199,47926068.14097529,282014.960364243,0.0058843750656676,0.282014960364243,0,4255,371828,high_default,1000000.0
Fin_fl_rl_2,pure_rl,fl_rl,3640941.882154263,1000000.0,3640941.882154426,2640941.882154426,0.0,0.0,7.0,0.0,1537,1537,119,0.077423552374756,53333519.30478792,315685.716913967,0.0059190865524905,0.3156857169139669,0,4255,371828,high_default,1000000.0
Fin_fl_rl_3,pure_rl,fl_rl,3929054.064658648,1000000.0,3929054.0646583904,2929054.0646583904,0.0,0.0,6.0,0.0,1704,1704,39,0.0228873239436619,59382117.5705741,106694.47903870454,0.0017967442624776,0.1066944790387045,0,4255,371828,high_default,1000000.0
Fin_rl_1,pure_rl,rl,8149935.986385997,5000000.0,8149935.986385141,3149935.9863851406,0.0,0.0,12.0,0.0,2698,2698,0,0.0,94244848.6188572,0.0,0.0,0.0,0,4249,371828,none_default,5000000.0
Fin_rl_2,pure_rl,rl,8531847.766901167,5000000.0,8531847.76690358,3531847.7669035792,0.0,0.0,6.0,0.0,3566,3566,0,0.0,124879631.01618987,0.0,0.0,0.0,0,4249,371828,none_default,5000000.0
Fin_rl_3,pure_rl,rl,8821891.826446328,5000000.0,8821891.82644872,3821891.82644872,0.0,0.0,9.0,0.0,4087,4087,0,0.0,141443322.49896368,0.0,0.0,0.0,0,4249,371828,none_default,5000000.0
Fin_fl_rl_1,pure_rl,fl_rl,10191020.419263776,5000000.0,10191020.419263912,5191020.419263912,0.0,0.0,6.0,0.0,5958,5958,0,0.0,207361956.89214957,0.0,0.0,0.0,0,4245,371828,none_default,5000000.0
Fin_fl_rl_2,pure_rl,fl_rl,8538171.569457332,5000000.0,8538171.56945724,3538171.5694572404,0.0,0.0,6.0,0.0,3764,3764,0,0.0,132233362.04837742,0.0,0.0,0.0,0,4245,371828,none_default,5000000.0
Fin_fl_rl_3,pure_rl,fl_rl,5560848.884958439,5000000.0,5560848.8849589545,560848.8849589545,0.0,0.0,15.0,0.0,653,653,0,0.0,23077197.102519397,0.0,0.0,0.0,0,4245,371828,none_default,5000000.0
Fin_rl_1,pure_rl,rl,9579968.474818056,5000000.0,9579968.474816406,4579968.474816406,0.0,0.0,20.0,0.0,2766,2766,119,0.0430224150397686,96366805.9854288,258168.10220385596,0.0026790148284347,0.0516336204407711,0,4264,371828,low_default,5000000.0
Fin_rl_2,pure_rl,rl,7619716.483448046,5000000.0,7619716.483449617,2619716.4834496174,0.0,0.0,24.0,0.0,2004,2004,168,0.0838323353293413,69999396.89323828,325123.5300395278,0.0046446618752358,0.0650247060079055,0,4264,371828,low_default,5000000.0
Fin_rl_3,pure_rl,rl,13090460.95923348,5000000.0,13090460.959230252,8090460.959230253,0.0,0.0,15.0,0.0,3912,3912,31,0.0079243353783231,136988735.90787762,62341.68817896973,0.0004550862358558,0.0124683376357939,0,4264,371828,low_default,5000000.0
Fin_fl_rl_1,pure_rl,fl_rl,7013810.889137257,5000000.0,7013810.8891384015,2013810.8891384013,0.0,0.0,11.0,0.0,1136,1136,48,0.0422535211267605,39550639.60357575,92969.86907562026,0.0023506539971913,0.018593973815124,0,4257,371828,low_default,5000000.0
Fin_fl_rl_2,pure_rl,fl_rl,11268142.439516412,5000000.0,11268142.439516583,6268142.439516583,0.0,0.0,6.0,0.0,3370,3370,157,0.0465875370919881,117448043.77001674,269257.5845268263,0.0022925676399862,0.0538515169053652,0,4257,371828,low_default,5000000.0
Fin_fl_rl_3,pure_rl,fl_rl,12038075.701917944,5000000.0,12038075.701916834,7038075.701916834,0.0,0.0,15.0,0.0,3534,3534,53,0.0149971703452178,123919383.23931846,111881.98881826736,0.0009028610851152,0.0223763977636534,0,4257,371828,low_default,5000000.0
Fin_rl_1,pure_rl,rl,8920167.161749411,5000000.0,8920167.161748618,3920167.161748618,0.0,0.0,24.0,0.0,3038,3038,168,0.0552995391705069,107134584.3547578,422043.9063377161,0.0039393806293231,0.0844087812675432,0,4245,371828,medium_default,5000000.0
Fin_rl_2,pure_rl,rl,7620047.438633149,5000000.0,7620047.438635202,2620047.438635202,0.0,0.0,24.0,0.0,2074,2074,227,0.109450337512054,72671892.30524655,535280.9554474968,0.0073657219933001,0.1070561910894993,0,4245,371828,medium_default,5000000.0
Fin_rl_3,pure_rl,rl,9336362.257004457,5000000.0,9336362.257005049,4336362.257005049,0.0,0.0,20.0,0.0,2579,2579,54,0.0209383481969755,90497115.84053063,114802.35412127414,0.0012685747281004,0.0229604708242548,0,4245,371828,medium_default,5000000.0
Fin_fl_rl_1,pure_rl,fl_rl,9759641.45221636,5000000.0,9759641.452215882,4759641.452215882,0.0,0.0,7.0,0.0,3024,3024,102,0.0337301587301587,105941642.44313788,264411.9980780047,0.0024958268720434,0.0528823996156009,0,4249,371828,medium_default,5000000.0
Fin_fl_rl_2,pure_rl,fl_rl,7557163.265022134,5000000.0,7557163.265022846,2557163.265022846,0.0,0.0,18.0,0.0,1501,1501,112,0.0746169220519653,52575563.71076043,243495.7643028253,0.0046313486174374,0.048699152860565,0,4249,371828,medium_default,5000000.0
Fin_fl_rl_3,pure_rl,fl_rl,10878593.930386404,5000000.0,10878593.93038639,5878593.930386391,0.0,0.0,20.0,0.0,3284,3284,73,0.0222289890377588,115594947.2599596,170801.20329964627,0.0014775836431287,0.0341602406599292,0,4249,371828,medium_default,5000000.0
Fin_rl_1,pure_rl,rl,6340968.065812911,5000000.0,6340968.06581549,1340968.0658154895,0.0,0.0,7.0,0.0,1107,1107,148,0.1336946702800361,38236204.79059072,481792.96399169153,0.0126004389460287,0.0963585927983383,0,4230,371828,high_default,5000000.0
Fin_rl_2,pure_rl,rl,8311063.108487627,5000000.0,8311063.108486721,3311063.1084867213,0.0,0.0,10.0,0.0,2388,2388,299,0.1252093802345058,83189685.33715354,745998.764592981,0.0089674430377946,0.1491997529185962,0,4230,371828,high_default,5000000.0
Fin_rl_3,pure_rl,rl,10483318.989192843,5000000.0,10483318.989190787,5483318.989190787,0.0,0.0,20.0,0.0,3086,3086,61,0.0197666882696046,107294929.28564031,188478.04409210052,0.0017566351489951,0.0376956088184201,0,4230,371828,high_default,5000000.0
Fin_fl_rl_1,pure_rl,fl_rl,6002416.282349201,5000000.0,6002416.282349455,1002416.2823494552,0.0,0.0,23.0,0.0,987,987,189,0.1914893617021276,34668623.770041145,609369.6681207815,0.0175769788891178,0.1218739336241563,0,4256,371828,high_default,5000000.0
Fin_fl_rl_2,pure_rl,fl_rl,7299047.866949009,5000000.0,7299047.866948249,2299047.866948249,0.0,0.0,6.0,0.0,1527,1527,211,0.1381794368041912,53492286.53738251,540293.6231791668,0.0101004024720758,0.1080587246358333,0,4256,371828,high_default,5000000.0
Fin_fl_rl_3,pure_rl,fl_rl,11954522.302177295,5000000.0,11954522.302174404,6954522.302174404,0.0,0.0,7.0,0.0,3544,3544,109,0.0307562076749435,124502516.6400376,320532.44413834816,0.0025745057432459,0.0641064888276696,0,4256,371828,high_default,5000000.0
Fin_rl_1,pure_rl,rl,12204118.332744304,10000000.0,12204118.332742808,2204118.3327428065,0.0,0.0,15.0,0.0,2322,2322,0,0.0,81316994.34154654,0.0,0.0,0.0,0,4249,371828,none_default,10000000.0
Fin_rl_2,pure_rl,rl,11319569.582909832,10000000.0,11319569.582908956,1319569.5829089563,0.0,0.0,7.0,0.0,1411,1411,0,0.0,49364823.31850345,0.0,0.0,0.0,0,4249,371828,none_default,10000000.0
Fin_rl_3,pure_rl,rl,16899705.31019077,10000000.0,16899705.310190506,6899705.310190506,0.0,0.0,18.0,0.0,6660,6660,0,0.0,232592717.42394215,0.0,0.0,0.0,0,4249,371828,none_default,10000000.0
Fin_fl_rl_1,pure_rl,fl_rl,13867559.580458948,10000000.0,13867559.580455229,3867559.5804552287,0.0,0.0,8.0,0.0,3952,3952,0,0.0,139726231.95540115,0.0,0.0,0.0,0,4254,371828,none_default,10000000.0
Fin_fl_rl_2,pure_rl,fl_rl,14022168.760914052,10000000.0,14022168.760911891,4022168.760911893,0.0,0.0,8.0,0.0,4156,4156,0,0.0,145446478.85596725,0.0,0.0,0.0,0,4254,371828,none_default,10000000.0
Fin_fl_rl_3,pure_rl,fl_rl,12486523.824835123,10000000.0,12486523.824830497,2486523.8248304967,0.0,0.0,8.0,0.0,2272,2272,0,0.0,79514434.49237683,0.0,0.0,0.0,0,4254,371828,none_default,10000000.0
Fin_rl_1,pure_rl,rl,10441027.909007972,10000000.0,10441027.90900682,441027.9090068191,0.0,0.0,29.0,0.0,365,365,29,0.0794520547945205,12767196.766080525,49334.409685552266,0.0038641536266302,0.0049334409685552,0,4235,371828,low_default,10000000.0
Fin_rl_2,pure_rl,rl,16064304.887927076,10000000.0,16064304.88792412,6064304.88792412,0.0,0.0,23.0,0.0,3520,3520,129,0.0366477272727272,123460079.99370322,234837.34501094333,0.0019021318066772,0.0234837345010943,0,4235,371828,low_default,10000000.0
Fin_rl_3,pure_rl,rl,18975595.50701825,10000000.0,18975595.50701125,8975595.50701125,0.0,0.0,14.0,0.0,4467,4467,35,0.0078352361764047,157028065.4724538,79967.09538732136,0.000509253521953,0.0079967095387321,0,4235,371828,low_default,10000000.0
Fin_fl_rl_1,pure_rl,fl_rl,12826885.085748244,10000000.0,12826885.08574524,2826885.08574524,0.0,0.0,23.0,0.0,1618,1618,31,0.019159456118665,57116797.07562451,51676.56547149745,0.0009047525091975,0.0051676565471497,0,4260,371828,low_default,10000000.0
Fin_fl_rl_2,pure_rl,fl_rl,16068208.226408295,10000000.0,16068208.226402787,6068208.226402788,0.0,0.0,9.0,0.0,3264,3264,156,0.0477941176470588,114883522.45387948,308334.1730942925,0.0026838850908151,0.0308334173094292,0,4260,371828,low_default,10000000.0
Fin_fl_rl_3,pure_rl,fl_rl,15872016.612286508,10000000.0,15872016.612282528,5872016.612282528,0.0,0.0,9.0,0.0,2808,2808,24,0.0085470085470085,98807459.99184272,48606.51508099513,0.0004919316323383,0.0048606515080995,0,4260,371828,low_default,10000000.0
Fin_rl_1,pure_rl,rl,13804544.52144882,10000000.0,13804544.521450594,3804544.521450594,0.0,0.0,18.0,0.0,2596,2596,166,0.0639445300462249,91075908.2232821,404106.25726402574,0.0044370269278382,0.0404106257264025,0,4260,371828,medium_default,10000000.0
Fin_rl_2,pure_rl,rl,12385110.991668282,10000000.0,12385110.99166601,2385110.9916660096,0.0,0.0,12.0,0.0,2185,2185,421,0.1926773455377574,76230642.24292138,911071.1579785668,0.0119515083590046,0.0911071157978566,0,4260,371828,medium_default,10000000.0
Fin_rl_3,pure_rl,rl,14802740.801673716,10000000.0,14802740.801668191,4802740.801668193,0.0,0.0,13.0,0.0,2875,2875,101,0.0351304347826086,100840319.28311792,213315.37103208635,0.0021153777829003,0.0213315371032086,0,4260,371828,medium_default,10000000.0
Fin_fl_rl_1,pure_rl,fl_rl,13995945.374794891,10000000.0,13995945.374799008,3995945.374799008,0.0,0.0,16.0,0.0,2585,2585,143,0.0553191489361702,90751983.71136364,370996.1340056472,0.0040880223090836,0.0370996134005647,0,4264,371828,medium_default,10000000.0
Fin_fl_rl_2,pure_rl,fl_rl,12409194.171879094,10000000.0,12409194.171876092,2409194.1718760915,0.0,0.0,19.0,0.0,1771,1771,223,0.1259175607001694,62488060.49532239,511884.2643843436,0.0081917131101014,0.0511884264384343,0,4264,371828,medium_default,10000000.0
Fin_fl_rl_3,pure_rl,fl_rl,15565596.771180378,10000000.0,15565596.771180622,5565596.771180622,0.0,0.0,24.0,0.0,3229,3229,80,0.0247754722824403,112651210.93401793,149872.11611307817,0.0013304083894922,0.0149872116113078,0,4264,371828,medium_default,10000000.0
Fin_rl_1,pure_rl,rl,13809158.18614849,10000000.0,13809158.186153635,3809158.186153637,0.0,0.0,23.0,0.0,2208,2208,65,0.0294384057971014,77450443.62887515,227252.46759766384,0.0029341661190038,0.0227252467597663,0,4253,371828,high_default,10000000.0
Fin_rl_2,pure_rl,rl,12225041.912776312,10000000.0,12225041.912778595,2225041.9127785973,0.0,0.0,19.0,0.0,1703,1703,291,0.1708749266001174,59373417.46297474,714464.6383714145,0.0120334093757859,0.0714464638371414,0,4253,371828,high_default,10000000.0
Fin_rl_3,pure_rl,rl,12223605.207691452,10000000.0,12223605.20768905,2223605.2076890506,0.0,0.0,22.0,0.0,1476,1476,82,0.0555555555555555,51451295.274978936,258592.5672424151,0.0050259680705875,0.0258592567242415,0,4253,371828,high_default,10000000.0
Fin_fl_rl_1,pure_rl,fl_rl,12600746.702117518,10000000.0,12600746.7021121,2600746.702112101,0.0,0.0,8.0,0.0,1440,1440,122,0.0847222222222222,49593733.45654321,376831.9080874641,0.007598377492948,0.0376831908087464,0,4257,371828,high_default,10000000.0
Fin_fl_rl_2,pure_rl,fl_rl,11026802.927239887,10000000.0,11026802.927235777,1026802.9272357748,0.0,0.0,12.0,0.0,836,836,150,0.1794258373205741,28730808.32493324,368170.26443613326,0.012814476372272,0.0368170264436133,0,4257,371828,high_default,10000000.0
Fin_fl_rl_3,pure_rl,fl_rl,13395420.14307424,10000000.0,13395420.143074946,3395420.1430749465,0.0,0.0,8.0,0.0,1998,1998,97,0.0485485485485485,69893269.54058655,288309.9415178492,0.0041250029282208,0.0288309941517849,0,4257,371828,high_default,10000000.0
Fin_rl_1,pure_rl,rl,7553897.525834679,1000000.0,7553897.525834401,6553897.525834401,0.0,0.0,6.0,0.0,3322,3322,0,0.0,112636087.66615552,0.0,0.0,0.0,0,4250,426404,none_default,1000000.0
Fin_rl_2,pure_rl,rl,4691133.474055965,1000000.0,4691133.474055702,3691133.474055702,0.0,0.0,6.0,0.0,2350,2350,0,0.0,78833201.3093988,0.0,0.0,0.0,0,4250,426404,none_default,1000000.0
Fin_rl_3,pure_rl,rl,5390153.179174217,1000000.0,5390153.179174383,4390153.179174383,0.0,0.0,6.0,0.0,2183,2183,0,0.0,74135430.256746,0.0,0.0,0.0,0,4250,426404,none_default,1000000.0
Fin_fl_rl_1,pure_rl,fl_rl,5161526.65447913,1000000.0,5161526.65447969,4161526.65447969,0.0,0.0,6.0,0.0,2504,2504,0,0.0,84111942.31635064,0.0,0.0,0.0,0,4250,426404,none_default,1000000.0
Fin_fl_rl_2,pure_rl,fl_rl,6315701.715962688,1000000.0,6315701.715963018,5315701.715963018,0.0,0.0,6.0,0.0,3008,3008,0,0.0,105213898.29054932,0.0,0.0,0.0,0,4250,426404,none_default,1000000.0
Fin_fl_rl_3,pure_rl,fl_rl,4442060.176903299,1000000.0,4442060.176902713,3442060.1769027133,0.0,0.0,6.0,0.0,2419,2419,0,0.0,80764938.59026964,0.0,0.0,0.0,0,4250,426404,none_default,1000000.0
Fin_rl_1,pure_rl,rl,4666984.71530737,1000000.0,4666984.71530728,3666984.71530728,0.0,0.0,6.0,0.0,1970,1970,34,0.0172588832487309,68153887.89307149,64671.90472461192,0.000948909984799,0.0646719047246119,0,4246,426404,low_default,1000000.0
Fin_rl_2,pure_rl,rl,4954735.202005644,1000000.0,4954735.202006381,3954735.202006381,0.0,0.0,6.0,0.0,2163,2163,55,0.02542764678687,76381958.74110724,120412.17327223255,0.0015764478321427,0.1204121732722325,0,4246,426404,low_default,1000000.0
Fin_rl_3,pure_rl,rl,6011505.171587917,1000000.0,6011505.171587277,5011505.171587277,0.0,0.0,6.0,0.0,2803,2803,39,0.0139136639315019,94532549.04058668,95612.6689159598,0.0010114259044777,0.0956126689159597,0,4246,426404,low_default,1000000.0
Fin_fl_rl_1,pure_rl,fl_rl,3970624.6423556856,1000000.0,3970624.642355874,2970624.642355874,0.0,0.0,6.0,0.0,1597,1597,42,0.0262993112085159,54728526.065333016,88546.84916195212,0.0016179286293266,0.0885468491619521,0,4259,426404,low_default,1000000.0
Fin_fl_rl_2,pure_rl,fl_rl,4162177.324543696,1000000.0,4162177.3245436745,3162177.3245436745,0.0,0.0,6.0,0.0,1946,1946,68,0.0349434737923946,65937789.29902584,126537.72214418562,0.0019190470819447,0.1265377221441856,0,4259,426404,low_default,1000000.0
Fin_fl_rl_3,pure_rl,fl_rl,7167219.740263603,1000000.0,7167219.740263166,6167219.740263166,0.0,0.0,6.0,0.0,3193,3193,21,0.0065768869401816,109162114.06178144,43584.667397686775,0.000399265512328,0.0435846673976867,0,4259,426404,low_default,1000000.0
Fin_rl_1,pure_rl,rl,4802310.361370491,1000000.0,4802310.36137099,3802310.36137099,0.0,0.0,6.0,0.0,2041,2041,41,0.0200881920627143,70661991.64603281,100959.45105426712,0.0014287659985583,0.1009594510542671,0,4247,426404,medium_default,1000000.0
Fin_rl_2,pure_rl,rl,2834752.9478922226,1000000.0,2834752.947892471,1834752.9478924712,0.0,0.0,18.0,0.0,1099,1099,68,0.0618744313011828,37521477.8339221,140498.14140297868,0.0037444724865276,0.1404981414029786,0,4247,426404,medium_default,1000000.0
Fin_rl_3,pure_rl,rl,6016766.931183626,1000000.0,6016766.93118302,5016766.93118302,0.0,0.0,6.0,0.0,2532,2532,30,0.0118483412322274,86102238.12122603,69036.23766205048,0.000801793764813,0.0690362376620504,0,4247,426404,medium_default,1000000.0
Fin_fl_rl_1,pure_rl,fl_rl,4922344.471086251,1000000.0,4922344.471087477,3922344.471087477,0.0,0.0,6.0,0.0,2131,2131,38,0.017832003754106,73253903.68539649,93918.72523626608,0.0012820985710143,0.093918725236266,0,4268,426404,medium_default,1000000.0
Fin_fl_rl_2,pure_rl,fl_rl,3277438.949094723,1000000.0,3277438.9490948366,2277438.9490948366,0.0,0.0,6.0,0.0,1562,1562,121,0.0774647887323943,53266333.78846156,253356.2254538778,0.0047564044197229,0.2533562254538778,0,4268,426404,medium_default,1000000.0
Fin_fl_rl_3,pure_rl,fl_rl,5248462.867124483,1000000.0,5248462.867124325,4248462.867124325,0.0,0.0,6.0,0.0,2029,2029,30,0.0147856086742237,70159978.74077237,68511.47593558358,0.0009765036587129,0.0685114759355835,0,4268,426404,medium_default,1000000.0
Fin_rl_1,pure_rl,rl,3245703.7912779143,1000000.0,3245703.7912779856,2245703.7912779856,0.0,0.0,7.0,0.0,1656,1656,102,0.0615942028985507,56018866.66031109,308374.6929408934,0.0055048363404212,0.3083746929408934,0,4253,426404,high_default,1000000.0
Fin_rl_2,pure_rl,rl,2780284.265700483,1000000.0,2780284.265700436,1780284.2657004362,0.0,0.0,7.0,0.0,1422,1422,175,0.1230661040787623,47769056.35546629,427937.472025134,0.0089584661007473,0.4279374720251339,0,4253,426404,high_default,1000000.0
Fin_rl_3,pure_rl,rl,4926683.757208773,1000000.0,4926683.757208282,3926683.757208282,0.0,0.0,6.0,0.0,2249,2249,65,0.0289017341040462,78871542.2353889,205279.65507312168,0.002602708774991,0.2052796550731216,0,4253,426404,high_default,1000000.0
Fin_fl_rl_1,pure_rl,fl_rl,3408226.612335332,1000000.0,3408226.6123356894,2408226.6123356894,0.0,0.0,7.0,0.0,1661,1661,72,0.0433473810957254,56736951.73549672,209215.5669131808,0.0036874657610886,0.2092155669131807,0,4240,426404,high_default,1000000.0
Fin_fl_rl_2,pure_rl,fl_rl,3189301.1440367755,1000000.0,3189301.144036408,2189301.144036408,0.0,0.0,7.0,0.0,1322,1322,67,0.0506807866868381,46365792.08616471,189207.3240357524,0.0040807525445512,0.1892073240357523,0,4240,426404,high_default,1000000.0
Fin_fl_rl_3,pure_rl,fl_rl,5083459.6424175855,1000000.0,5083459.642417801,4083459.6424178006,0.0,0.0,6.0,0.0,2423,2423,29,0.0119686339248865,83114341.97102287,78342.90183137619,0.0009425918556714,0.0783429018313762,0,4240,426404,high_default,1000000.0
Fin_rl_1,pure_rl,rl,10523349.925735729,5000000.0,10523349.925734222,5523349.925734222,0.0,0.0,6.0,0.0,4561,4561,0,0.0,159086228.97552866,0.0,0.0,0.0,0,4254,426404,none_default,5000000.0
Fin_rl_2,pure_rl,rl,5543990.591084709,5000000.0,5543990.59108461,543990.5910846097,0.0,0.0,18.0,0.0,608,608,0,0.0,21562766.16423916,0.0,0.0,0.0,0,4254,426404,none_default,5000000.0
Fin_rl_3,pure_rl,rl,11850043.910371372,5000000.0,11850043.910372412,6850043.910372412,0.0,0.0,15.0,0.0,5200,5200,0,0.0,182015460.3748583,0.0,0.0,0.0,0,4254,426404,none_default,5000000.0
Fin_fl_rl_1,pure_rl,fl_rl,10441905.686270012,5000000.0,10441905.686269227,5441905.686269227,0.0,0.0,6.0,0.0,4287,4287,0,0.0,150607322.38364968,0.0,0.0,0.0,0,4245,426404,none_default,5000000.0
Fin_fl_rl_2,pure_rl,fl_rl,8190909.482908999,5000000.0,8190909.482911052,3190909.482911052,0.0,0.0,18.0,0.0,2703,2703,0,0.0,94569637.7381288,0.0,0.0,0.0,0,4245,426404,none_default,5000000.0
Fin_fl_rl_3,pure_rl,fl_rl,8571412.929999776,5000000.0,8571412.929998387,3571412.9299983867,0.0,0.0,12.0,0.0,3407,3407,0,0.0,117701173.11578022,0.0,0.0,0.0,0,4245,426404,none_default,5000000.0
Fin_rl_1,pure_rl,rl,9926835.937993975,5000000.0,9926835.937992882,4926835.937992882,0.0,0.0,12.0,0.0,3082,3082,101,0.0327709279688513,107824457.71161924,197949.73553646065,0.0018358518998155,0.0395899471072921,0,4250,426404,low_default,5000000.0
Fin_rl_2,pure_rl,rl,5471611.334030774,5000000.0,5471611.334031699,471611.3340316992,0.0,0.0,25.0,0.0,501,501,71,0.1417165668662674,17869754.308285672,135018.3170988967,0.0075556896177521,0.0270036634197793,0,4250,426404,low_default,5000000.0
Fin_rl_3,pure_rl,rl,14313035.7612219,5000000.0,14313035.761217728,9313035.761217728,0.0,0.0,19.0,0.0,5262,5262,33,0.0062713797035347,184978149.7174548,69050.31051721718,0.0003732890107436,0.0138100621034434,0,4250,426404,low_default,5000000.0
Fin_fl_rl_1,pure_rl,fl_rl,8704003.29480981,5000000.0,8704003.29481127,3704003.294811269,0.0,0.0,6.0,0.0,1901,1901,63,0.0331404523934771,66841404.930658,119249.93923073151,0.0017840729014365,0.0238499878461463,0,4257,426404,low_default,5000000.0
Fin_fl_rl_2,pure_rl,fl_rl,6367003.213390315,5000000.0,6367003.213389841,1367003.213389841,0.0,0.0,12.0,0.0,927,927,100,0.1078748651564185,32570709.3787542,201938.2707274268,0.00619999608787,0.0403876541454853,0,4257,426404,low_default,5000000.0
Fin_fl_rl_3,pure_rl,fl_rl,15649090.255950728,5000000.0,15649090.255951976,10649090.255951976,0.0,0.0,6.0,0.0,5064,5064,64,0.0126382306477093,177532232.2294153,143961.01522105667,0.0008109007215941,0.0287922030442113,0,4257,426404,low_default,5000000.0
Fin_rl_1,pure_rl,rl,8551584.584703065,5000000.0,8551584.584704103,3551584.584704103,0.0,0.0,10.0,0.0,2710,2710,185,0.0682656826568265,94513676.46911016,438329.5453877426,0.0046377366933874,0.0876659090775485,0,4247,426404,medium_default,5000000.0
Fin_rl_2,pure_rl,rl,7234578.129122229,5000000.0,7234578.129121627,2234578.1291216267,0.0,0.0,10.0,0.0,1774,1774,239,0.1347237880496054,62076652.62329946,456416.4835024056,0.007352466091754,0.0912832967004811,0,4247,426404,medium_default,5000000.0
Fin_rl_3,pure_rl,rl,9677981.503224785,5000000.0,9677981.503224248,4677981.503224248,0.0,0.0,12.0,0.0,3038,3038,79,0.0260039499670836,106294561.95360026,193865.53617477528,0.0018238518755023,0.038773107234955,0,4247,426404,medium_default,5000000.0
Fin_fl_rl_1,pure_rl,fl_rl,8817697.859585343,5000000.0,8817697.859583661,3817697.859583661,0.0,0.0,12.0,0.0,2631,2631,100,0.0380083618396047,92875364.60610329,269857.20576233225,0.0029055843485173,0.0539714411524664,0,4250,426404,medium_default,5000000.0
Fin_fl_rl_2,pure_rl,fl_rl,8263292.106172681,5000000.0,8263292.10617396,3263292.10617396,0.0,0.0,14.0,0.0,2401,2401,168,0.0699708454810495,84043590.1394469,377120.2761997421,0.0044871985546311,0.0754240552399484,0,4250,426404,medium_default,5000000.0
Fin_fl_rl_3,pure_rl,fl_rl,9580491.654875044,5000000.0,9580491.654876497,4580491.654876497,0.0,0.0,17.0,0.0,2746,2746,39,0.0142024763292061,96647919.83800538,84518.07724931125,0.0008744945301562,0.0169036154498622,0,4250,426404,medium_default,5000000.0
Fin_rl_1,pure_rl,rl,6776188.164870042,5000000.0,6776188.164870056,1776188.1648700563,0.0,0.0,18.0,0.0,1562,1562,152,0.0973111395646607,54963354.25734753,513562.8936362888,0.0093437327574969,0.1027125787272577,0,4253,426404,high_default,5000000.0
Fin_rl_2,pure_rl,rl,7545085.228992383,5000000.0,7545085.228995103,2545085.2289951034,0.0,0.0,9.0,0.0,2104,2104,256,0.1216730038022813,73451441.824295,639703.487552216,0.0087092025924074,0.1279406975104432,0,4253,426404,high_default,5000000.0
Fin_rl_3,pure_rl,rl,9699694.25120871,5000000.0,9699694.251208134,4699694.251208134,0.0,0.0,9.0,0.0,3350,3350,128,0.0382089552238806,117204696.8159818,397135.8529604499,0.0033883953779085,0.0794271705920899,0,4253,426404,high_default,5000000.0
Fin_fl_rl_1,pure_rl,fl_rl,7774986.791974368,5000000.0,7774986.791973119,2774986.7919731187,0.0,0.0,13.0,0.0,2241,2241,174,0.0776439089692101,78233144.90620558,575813.9293770763,0.0073602298625144,0.1151627858754152,0,4255,426404,high_default,5000000.0
Fin_fl_rl_2,pure_rl,fl_rl,7192957.242212976,5000000.0,7192957.242212519,2192957.242212519,0.0,0.0,13.0,0.0,1827,1827,224,0.1226053639846743,63756770.99824532,596073.6412187254,0.0093491817713781,0.119214728243745,0,4255,426404,high_default,5000000.0
Fin_fl_rl_3,pure_rl,fl_rl,9276211.148737803,5000000.0,9276211.148737306,4276211.148737306,0.0,0.0,23.0,0.0,2761,2761,105,0.038029699384281,97047291.52700728,314271.3426334159,0.0032383319275423,0.0628542685266831,0,4255,426404,high_default,5000000.0
Fin_rl_1,pure_rl,rl,11170224.916364769,10000000.0,11170224.916364254,1170224.9163642544,0.0,0.0,14.0,0.0,1118,1118,0,0.0,38780498.00470884,0.0,0.0,0.0,0,4245,426404,none_default,10000000.0
Fin_rl_2,pure_rl,rl,15158968.450394517,10000000.0,15158968.4503938,5158968.4503938,0.0,0.0,16.0,0.0,4716,4716,0,0.0,165447690.22337118,0.0,0.0,0.0,0,4245,426404,none_default,10000000.0
Fin_rl_3,pure_rl,rl,15925732.013500648,10000000.0,15925732.013500914,5925732.013500914,0.0,0.0,6.0,0.0,4512,4512,0,0.0,157678424.13132516,0.0,0.0,0.0,0,4245,426404,none_default,10000000.0
Fin_fl_rl_1,pure_rl,fl_rl,13968740.688949743,10000000.0,13968740.688951552,3968740.688951552,0.0,0.0,12.0,0.0,2772,2772,0,0.0,97479450.99858722,0.0,0.0,0.0,0,4252,426404,none_default,10000000.0
Fin_fl_rl_2,pure_rl,fl_rl,17486979.740087632,10000000.0,17486979.740088187,7486979.740088187,0.0,0.0,16.0,0.0,6114,6114,0,0.0,213587296.1135321,0.0,0.0,0.0,0,4252,426404,none_default,10000000.0
Fin_fl_rl_3,pure_rl,fl_rl,11646857.342743028,10000000.0,11646857.342743017,1646857.342743015,0.0,0.0,19.0,0.0,1473,1473,0,0.0,51802898.02110636,0.0,0.0,0.0,0,4252,426404,none_default,10000000.0
Fin_rl_1,pure_rl,rl,13128308.427019576,10000000.0,13128308.427025262,3128308.4270252623,0.0,0.0,10.0,0.0,2422,2422,217,0.0895953757225433,84760647.05415988,489746.6947896747,0.0057779961787778,0.0489746694789674,0,4244,426404,low_default,10000000.0
Fin_rl_2,pure_rl,rl,13512453.383518703,10000000.0,13512453.383524464,3512453.3835244644,0.0,0.0,18.0,0.0,2109,2109,52,0.0246562351825509,74164458.64002465,104495.56807307036,0.0014089709544064,0.010449556807307,0,4244,426404,low_default,10000000.0
Fin_rl_3,pure_rl,rl,17212259.895642452,10000000.0,17212259.895646624,7212259.895646624,0.0,0.0,21.0,0.0,4266,4266,28,0.0065635255508673,149293491.81285897,55726.45082428993,0.0003732677837969,0.0055726450824289,0,4244,426404,low_default,10000000.0
Fin_fl_rl_1,pure_rl,fl_rl,13471487.176460017,10000000.0,13471487.176460424,3471487.1764604226,0.0,0.0,11.0,0.0,1868,1868,58,0.0310492505353319,65018558.94011662,116323.7604536174,0.0017890854911249,0.0116323760453617,0,4252,426404,low_default,10000000.0
Fin_fl_rl_2,pure_rl,fl_rl,13420709.77313414,10000000.0,13420709.77312988,3420709.7731298804,0.0,0.0,10.0,0.0,1874,1874,160,0.0853788687299893,65827628.8074904,342257.4828893222,0.0051992983658918,0.0342257482889322,0,4252,426404,low_default,10000000.0
Fin_fl_rl_3,pure_rl,fl_rl,16176852.853069916,10000000.0,16176852.853068016,6176852.8530680165,0.0,0.0,6.0,0.0,3068,3068,58,0.0189048239895697,107861322.1381628,126340.74595048687,0.0011713257676245,0.0126340745950486,0,4252,426404,low_default,10000000.0
Fin_rl_1,pure_rl,rl,14094002.5885151,10000000.0,14094002.58851373,4094002.58851373,0.0,0.0,20.0,0.0,2485,2485,177,0.0712273641851106,87028294.95452696,446885.6551955357,0.0051349466909473,0.0446885655195535,0,4258,426404,medium_default,10000000.0
Fin_rl_2,pure_rl,rl,12519388.90539538,10000000.0,12519388.905393796,2519388.905393796,0.0,0.0,24.0,0.0,1434,1434,119,0.0829846582984658,49674175.0891166,261291.252291006,0.0052601024943492,0.0261291252291006,0,4258,426404,medium_default,10000000.0
Fin_rl_3,pure_rl,rl,15669717.18733791,10000000.0,15669717.187330307,5669717.187330307,0.0,0.0,23.0,0.0,3265,3265,59,0.0180704441041347,115132877.81743786,138210.16572899214,0.0012004404679968,0.0138210165728992,0,4258,426404,medium_default,10000000.0
Fin_fl_rl_1,pure_rl,fl_rl,14810144.53377364,10000000.0,14810144.533776067,4810144.533776067,0.0,0.0,20.0,0.0,3115,3115,116,0.0372391653290529,108096084.04676636,318083.5569998706,0.0029426001857963,0.031808355699987,0,4251,426404,medium_default,10000000.0
Fin_fl_rl_2,pure_rl,fl_rl,12056466.049676728,10000000.0,12056466.04967414,2056466.0496741403,0.0,0.0,20.0,0.0,1552,1552,125,0.080541237113402,54182915.00631698,290814.1468561811,0.005367266541903,0.0290814146856181,0,4251,426404,medium_default,10000000.0
Fin_fl_rl_3,pure_rl,fl_rl,15856262.782339368,10000000.0,15856262.782342965,5856262.782342963,0.0,0.0,23.0,0.0,3102,3102,54,0.0174081237911025,109048656.13611498,130884.1405281203,0.0012002361621471,0.013088414052812,0,4251,426404,medium_default,10000000.0
Fin_rl_1,pure_rl,rl,13450787.24544911,10000000.0,13450787.24545056,3450787.24545056,0.0,0.0,21.0,0.0,2272,2272,129,0.0567781690140845,79786774.85449769,452956.4199348394,0.0056770864690403,0.0452956419934839,0,4238,426404,high_default,10000000.0
Fin_rl_2,pure_rl,rl,10734885.90289655,10000000.0,10734885.90289469,734885.9028946906,0.0,0.0,17.0,0.0,892,892,221,0.2477578475336322,31357386.18323109,589064.1035438668,0.0187854976209362,0.0589064103543866,0,4238,426404,high_default,10000000.0
Fin_rl_3,pure_rl,rl,16585261.373298056,10000000.0,16585261.37329778,6585261.373297779,0.0,0.0,14.0,0.0,3793,3793,124,0.0326918006854732,133349199.59207356,363909.85948904505,0.0027289992036118,0.0363909859489045,0,4238,426404,high_default,10000000.0
Fin_fl_rl_1,pure_rl,fl_rl,11359918.265479924,10000000.0,11359918.265481472,1359918.265481472,0.0,0.0,27.0,0.0,1271,1271,131,0.1030684500393391,44375711.870226994,454023.9073232627,0.0102313605390943,0.0454023907323262,0,4242,426404,high_default,10000000.0
Fin_fl_rl_2,pure_rl,fl_rl,12374593.116938649,10000000.0,12374593.116934452,2374593.116934452,0.0,0.0,18.0,0.0,1982,1982,257,0.1296670030272452,69363658.96193872,686316.5703459078,0.0098944689570442,0.0686316570345907,0,4242,426404,high_default,10000000.0
Fin_fl_rl_3,pure_rl,fl_rl,14668763.852005083,10000000.0,14668763.851998594,4668763.851998594,0.0,0.0,10.0,0.0,3065,3065,100,0.032626427406199,107631664.73809162,297083.3593997394,0.0027601854911624,0.0297083359399739,0,4242,426404,high_default,10000000.0
Fin_rl_1,pure_rl,rl,4873361.969991536,1000000.0,4873361.969992016,3873361.969992016,0.0,0.0,6.0,0.0,2212,2212,0,0.0,75977139.37648207,0.0,0.0,0.0,0,4253,482321,none_default,1000000.0
Fin_rl_2,pure_rl,rl,4711547.116174114,1000000.0,4711547.116174259,3711547.116174259,0.0,0.0,15.0,0.0,2244,2244,0,0.0,76406180.97632177,0.0,0.0,0.0,0,4253,482321,none_default,1000000.0
Fin_rl_3,pure_rl,rl,6688883.027963149,1000000.0,6688883.027963547,5688883.027963547,0.0,0.0,6.0,0.0,3023,3023,0,0.0,99242339.99377842,0.0,0.0,0.0,0,4253,482321,none_default,1000000.0
Fin_fl_rl_1,pure_rl,fl_rl,5321326.319501511,1000000.0,5321326.319501203,4321326.319501203,0.0,0.0,6.0,0.0,2512,2512,0,0.0,86201159.52988671,0.0,0.0,0.0,0,4266,482321,none_default,1000000.0
Fin_fl_rl_2,pure_rl,fl_rl,6227941.784879752,1000000.0,6227941.784880988,5227941.784880988,0.0,0.0,15.0,0.0,2926,2926,0,0.0,98892941.00590986,0.0,0.0,0.0,0,4266,482321,none_default,1000000.0
Fin_fl_rl_3,pure_rl,fl_rl,4816126.253119373,1000000.0,4816126.253119357,3816126.253119357,0.0,0.0,6.0,0.0,2336,2336,0,0.0,77831429.02920943,0.0,0.0,0.0,0,4266,482321,none_default,1000000.0
Fin_rl_1,pure_rl,rl,5401763.696223368,1000000.0,5401763.69622349,4401763.69622349,0.0,0.0,6.0,0.0,2414,2414,48,0.0198840099420049,83804646.40658405,98781.18922936983,0.0011787077860829,0.0987811892293698,0,4271,482321,low_default,1000000.0
Fin_rl_2,pure_rl,rl,3029778.582216923,1000000.0,3029778.582217013,2029778.582217013,0.0,0.0,14.0,0.0,1454,1454,151,0.1038514442916093,48726893.87929884,270255.1414119623,0.0055463240091069,0.2702551414119623,0,4271,482321,low_default,1000000.0
Fin_rl_3,pure_rl,rl,6348145.542685548,1000000.0,6348145.542686554,5348145.542686554,0.0,0.0,6.0,0.0,2754,2754,20,0.0072621641249092,93467328.70539388,32121.134808111558,0.0003436616329258,0.0321211348081115,0,4271,482321,low_default,1000000.0
Fin_fl_rl_1,pure_rl,fl_rl,5077026.038906367,1000000.0,5077026.038905758,4077026.0389057584,0.0,0.0,6.0,0.0,2228,2228,47,0.0210951526032316,77255698.6797226,102085.09622378372,0.0013213924405369,0.1020850962237837,0,4250,482321,low_default,1000000.0
Fin_fl_rl_2,pure_rl,fl_rl,3603912.4117361456,1000000.0,3603912.41173618,2603912.41173618,0.0,0.0,7.0,0.0,1506,1506,106,0.0703851261620186,51636558.17745515,233193.4275734812,0.0045160528858659,0.2331934275734811,0,4250,482321,low_default,1000000.0
Fin_fl_rl_3,pure_rl,fl_rl,6796890.241291367,1000000.0,6796890.2412915,5796890.2412915,0.0,0.0,6.0,0.0,2993,2993,38,0.0126962913464751,100144264.08890095,80834.62468298271,0.0008071817733986,0.0808346246829827,0,4250,482321,low_default,1000000.0
Fin_rl_1,pure_rl,rl,4625988.958003543,1000000.0,4625988.958003687,3625988.958003687,0.0,0.0,7.0,0.0,2052,2052,75,0.0365497076023391,69986377.04104888,193842.63834641292,0.002769719573178,0.1938426383464129,0,4245,482321,medium_default,1000000.0
Fin_rl_2,pure_rl,rl,4447735.434488865,1000000.0,4447735.434487912,3447735.434487912,0.0,0.0,6.0,0.0,1933,1933,70,0.0362131401965856,67080034.15247952,160355.04497059103,0.002390503329293,0.160355044970591,0,4245,482321,medium_default,1000000.0
Fin_rl_3,pure_rl,rl,4681241.852017158,1000000.0,4681241.852017087,3681241.852017087,0.0,0.0,15.0,0.0,2213,2213,93,0.0420244012652507,72719005.49047332,191528.021362112,0.0026338096907445,0.1915280213621119,0,4245,482321,medium_default,1000000.0
Fin_fl_rl_1,pure_rl,fl_rl,4535357.489238289,1000000.0,4535357.4892384,3535357.4892384,0.0,0.0,24.0,0.0,1749,1749,41,0.0234419668381932,60354918.28795705,112280.22628370716,0.0018603326699575,0.1122802262837071,0,4239,482321,medium_default,1000000.0
Fin_fl_rl_2,pure_rl,fl_rl,4035100.785163485,1000000.0,4035100.785163278,3035100.785163278,0.0,0.0,6.0,0.0,1634,1634,52,0.0318237454100367,56397014.97957128,108003.04090863648,0.0019150488895158,0.1080030409086364,0,4239,482321,medium_default,1000000.0
Fin_fl_rl_3,pure_rl,fl_rl,5205744.5368174445,1000000.0,5205744.53681685,4205744.53681685,0.0,0.0,15.0,0.0,2130,2130,37,0.0173708920187793,72797313.31355642,82894.51938535535,0.0011387030044406,0.0828945193853553,0,4239,482321,medium_default,1000000.0
Fin_rl_1,pure_rl,rl,2500902.5268039294,1000000.0,2500902.526803905,1500902.5268039051,0.0,0.0,7.0,0.0,1267,1267,138,0.1089187056037884,43134327.25170595,398624.595247187,0.0092414700922783,0.398624595247187,0,4251,482321,high_default,1000000.0
Fin_rl_2,pure_rl,rl,3285289.3773371014,1000000.0,3285289.377336233,2285289.377336233,0.0,0.0,10.0,0.0,1389,1389,138,0.0993520518358531,48462105.604750015,394160.7556225725,0.0081333807250822,0.3941607556225725,0,4251,482321,high_default,1000000.0
Fin_rl_3,pure_rl,rl,6486607.0786048,1000000.0,6486607.078603943,5486607.078603943,0.0,0.0,7.0,0.0,2685,2685,21,0.0078212290502793,92744519.14212064,59828.13264137879,0.0006450853721037,0.0598281326413787,0,4251,482321,high_default,1000000.0
Fin_fl_rl_1,pure_rl,fl_rl,2980663.138125509,1000000.0,2980663.1381254424,1980663.1381254424,0.0,0.0,7.0,0.0,1375,1375,118,0.0858181818181818,47153511.67708679,364013.70301877946,0.0077197580852851,0.3640137030187794,0,4268,482321,high_default,1000000.0
Fin_fl_rl_2,pure_rl,fl_rl,3522222.8799908906,1000000.0,3522222.879991733,2522222.879991733,0.0,0.0,6.0,0.0,1539,1539,111,0.0721247563352826,53697248.12908544,294862.79591274593,0.0054912086966525,0.2948627959127459,0,4268,482321,high_default,1000000.0
Fin_fl_rl_3,pure_rl,fl_rl,5380088.600076611,1000000.0,5380088.600076679,4380088.600076679,0.0,0.0,7.0,0.0,2429,2429,61,0.0251132153149444,82282702.79590942,190876.41506397663,0.0023197635539199,0.1908764150639766,0,4268,482321,high_default,1000000.0
Fin_rl_1,pure_rl,rl,9775361.620224234,5000000.0,9775361.620225675,4775361.620225677,0.0,0.0,19.0,0.0,3771,3771,0,0.0,131985047.16298012,0.0,0.0,0.0,0,4239,482321,none_default,5000000.0
Fin_rl_2,pure_rl,rl,7367354.340785759,5000000.0,7367354.340784218,2367354.340784218,0.0,0.0,10.0,0.0,1556,1556,0,0.0,54766481.401266254,0.0,0.0,0.0,0,4239,482321,none_default,5000000.0
Fin_rl_3,pure_rl,rl,12084322.661460407,5000000.0,12084322.661458548,7084322.661458548,0.0,0.0,20.0,0.0,4457,4457,0,0.0,155322813.45844853,0.0,0.0,0.0,0,4239,482321,none_default,5000000.0
Fin_fl_rl_1,pure_rl,fl_rl,9360133.202475645,5000000.0,9360133.202472389,4360133.202472387,0.0,0.0,8.0,0.0,3693,3693,0,0.0,130423058.8016406,0.0,0.0,0.0,0,4247,482321,none_default,5000000.0
Fin_fl_rl_2,pure_rl,fl_rl,5591057.176232633,5000000.0,5591057.176232185,591057.1762321852,0.0,0.0,15.0,0.0,566,566,0,0.0,19692410.52967579,0.0,0.0,0.0,0,4247,482321,none_default,5000000.0
Fin_fl_rl_3,pure_rl,fl_rl,12082119.601815527,5000000.0,12082119.601819988,7082119.601819988,0.0,0.0,8.0,0.0,6128,6128,0,0.0,213973194.9435461,0.0,0.0,0.0,0,4247,482321,none_default,5000000.0
Fin_rl_1,pure_rl,rl,7437876.932396412,5000000.0,7437876.932398518,2437876.9323985176,0.0,0.0,18.0,0.0,1702,1702,64,0.0376028202115158,59153611.00394746,144764.47936622504,0.002447263605878,0.028952895873245,0,4248,482321,low_default,5000000.0
Fin_rl_2,pure_rl,rl,7833941.84354653,5000000.0,7833941.843548468,2833941.8435484683,0.0,0.0,12.0,0.0,2110,2110,257,0.1218009478672985,73713443.21569137,494809.5916084189,0.0067126099395542,0.0989619183216837,0,4248,482321,low_default,5000000.0
Fin_rl_3,pure_rl,rl,13919933.739924433,5000000.0,13919933.73992179,8919933.73992179,0.0,0.0,18.0,0.0,5215,5215,47,0.009012464046021,181946421.0412976,96555.00258619274,0.0005306782185304,0.0193110005172385,0,4248,482321,low_default,5000000.0
Fin_fl_rl_1,pure_rl,fl_rl,8632753.4151263,5000000.0,8632753.415125482,3632753.415125482,0.0,0.0,6.0,0.0,2450,2450,61,0.0248979591836734,85494389.05398835,121639.23138352574,0.0014227744385273,0.0243278462767051,0,4237,482321,low_default,5000000.0
Fin_fl_rl_2,pure_rl,fl_rl,8513549.513059774,5000000.0,8513549.513062727,3513549.5130627267,0.0,0.0,7.0,0.0,2471,2471,145,0.0586806960744637,86506450.40858127,282740.17812990176,0.0032684288488833,0.0565480356259803,0,4237,482321,low_default,5000000.0
Fin_fl_rl_3,pure_rl,fl_rl,11541694.85070417,5000000.0,11541694.850701736,6541694.850701736,0.0,0.0,11.0,0.0,3506,3506,54,0.0154021677124928,123257839.58721311,111780.61689239318,0.0009068844405089,0.0223561233784786,0,4237,482321,low_default,5000000.0
Fin_rl_1,pure_rl,rl,7007296.596887744,5000000.0,7007296.596887258,2007296.5968872576,0.0,0.0,13.0,0.0,1427,1427,156,0.1093202522775052,49738203.3037893,396608.8942386473,0.0079739288493444,0.0793217788477294,0,4264,482321,medium_default,5000000.0
Fin_rl_2,pure_rl,rl,8932264.547170347,5000000.0,8932264.547173332,3932264.547173333,0.0,0.0,21.0,0.0,2378,2378,156,0.0656013456686291,83679738.51357557,341443.8038219334,0.0040803641345812,0.0682887607643866,0,4264,482321,medium_default,5000000.0
Fin_rl_3,pure_rl,rl,11455831.61627296,5000000.0,11455831.61627183,6455831.616271829,0.0,0.0,17.0,0.0,3513,3513,243,0.0691716481639624,123553589.99109454,549977.1321081382,0.0044513245802714,0.1099954264216276,0,4264,482321,medium_default,5000000.0
Fin_fl_rl_1,pure_rl,fl_rl,9687707.62890942,5000000.0,9687707.62891068,4687707.628910679,0.0,0.0,9.0,0.0,2540,2540,115,0.0452755905511811,88695536.27823175,301840.4523825505,0.0034031075863355,0.0603680904765101,0,4256,482321,medium_default,5000000.0
Fin_fl_rl_2,pure_rl,fl_rl,7946429.897942108,5000000.0,7946429.897939607,2946429.8979396075,0.0,0.0,9.0,0.0,1863,1863,233,0.1250670960815888,65253797.373915486,528686.4237075112,0.0081020024118756,0.1057372847415022,0,4256,482321,medium_default,5000000.0
Fin_fl_rl_3,pure_rl,fl_rl,10551507.96075632,5000000.0,10551507.960759308,5551507.960759308,0.0,0.0,12.0,0.0,2911,2911,62,0.0212985228443833,101083712.87947804,130265.64711145294,0.0012886907633356,0.0260531294222905,0,4256,482321,medium_default,5000000.0
Fin_rl_1,pure_rl,rl,6895318.817113369,5000000.0,6895318.817113485,1895318.8171134847,0.0,0.0,15.0,0.0,1595,1595,186,0.1166144200626959,55886185.20248625,609351.249757519,0.0109034325307716,0.1218702499515037,0,4260,482321,high_default,5000000.0
Fin_rl_2,pure_rl,rl,7733943.501191122,5000000.0,7733943.501190332,2733943.501190332,0.0,0.0,12.0,0.0,2456,2456,321,0.130700325732899,85897461.47711344,841227.035439094,0.0097933864513939,0.1682454070878188,0,4260,482321,high_default,5000000.0
Fin_rl_3,pure_rl,rl,10045541.087143913,5000000.0,10045541.087143958,5045541.087143958,0.0,0.0,8.0,0.0,2916,2916,87,0.029835390946502,101121248.95514582,265939.4779030167,0.0026299069745566,0.0531878955806033,0,4260,482321,high_default,5000000.0
Fin_fl_rl_1,pure_rl,fl_rl,7900294.048410243,5000000.0,7900294.048412482,2900294.0484124823,0.0,0.0,19.0,0.0,2135,2135,150,0.0702576112412178,73755413.6941733,528772.280270952,0.0071692673633898,0.1057544560541904,0,4251,482321,high_default,5000000.0
Fin_fl_rl_2,pure_rl,fl_rl,6357893.642160937,5000000.0,6357893.642161741,1357893.642161741,0.0,0.0,22.0,0.0,991,991,143,0.1442986881937437,34987146.20227829,366111.1215871592,0.0104641607369314,0.0732222243174318,0,4251,482321,high_default,5000000.0
Fin_fl_rl_3,pure_rl,fl_rl,9676733.327773169,5000000.0,9676733.32777461,4676733.32777461,0.0,0.0,23.0,0.0,2689,2689,90,0.0334696913350688,94688846.95321208,240734.0142831017,0.0025423692655382,0.0481468028566203,0,4251,482321,high_default,5000000.0
Fin_rl_1,pure_rl,rl,15804164.040610507,10000000.0,15804164.040612131,5804164.040612131,0.0,0.0,16.0,0.0,3930,3930,0,0.0,136660766.59467974,0.0,0.0,0.0,0,4268,482321,none_default,10000000.0
Fin_rl_2,pure_rl,rl,15769314.531329831,10000000.0,15769314.53133719,5769314.53133719,0.0,0.0,18.0,0.0,3635,3635,0,0.0,127326803.65233973,0.0,0.0,0.0,0,4268,482321,none_default,10000000.0
Fin_rl_3,pure_rl,rl,13935019.460576946,10000000.0,13935019.460581036,3935019.460581036,0.0,0.0,16.0,0.0,2716,2716,0,0.0,94731363.3507778,0.0,0.0,0.0,0,4268,482321,none_default,10000000.0
Fin_fl_rl_1,pure_rl,fl_rl,14466283.79256775,10000000.0,14466283.792559832,4466283.792559832,0.0,0.0,10.0,0.0,4081,4081,0,0.0,143258901.5377257,0.0,0.0,0.0,0,4259,482321,none_default,10000000.0
Fin_fl_rl_2,pure_rl,fl_rl,14039780.646552956,10000000.0,14039780.646549612,4039780.646549612,0.0,0.0,12.0,0.0,3773,3773,0,0.0,132158931.86019808,0.0,0.0,0.0,0,4259,482321,none_default,10000000.0
Fin_fl_rl_3,pure_rl,fl_rl,12581834.452574955,10000000.0,12581834.45257282,2581834.452572819,0.0,0.0,14.0,0.0,2517,2517,0,0.0,88335364.87934905,0.0,0.0,0.0,0,4259,482321,none_default,10000000.0
Fin_rl_1,pure_rl,rl,13597537.280946188,10000000.0,13597537.280938838,3597537.2809388377,0.0,0.0,14.0,0.0,2267,2267,201,0.0886634318482576,79125775.4977011,432750.4127270501,0.0054691459262806,0.043275041272705,0,4245,482321,low_default,10000000.0
Fin_rl_2,pure_rl,rl,14772488.54126013,10000000.0,14772488.541261202,4772488.541261202,0.0,0.0,24.0,0.0,2851,2851,189,0.066292528937215,99433736.97544876,333314.6748995532,0.0033521286138712,0.0333314674899553,0,4245,482321,low_default,10000000.0
Fin_rl_3,pure_rl,rl,14148386.10971822,10000000.0,14148386.10971421,4148386.10971421,0.0,0.0,25.0,0.0,2578,2578,46,0.0178432893716058,90076524.73381989,88324.43846904158,0.0009805489136047,0.0088324438469041,0,4245,482321,low_default,10000000.0
Fin_fl_rl_1,pure_rl,fl_rl,17344853.763210353,10000000.0,17344853.763211634,7344853.763211634,0.0,0.0,14.0,0.0,4005,4005,108,0.0269662921348314,140918604.57994288,245599.52195892812,0.0017428466786981,0.0245599521958928,0,4257,482321,low_default,10000000.0
Fin_fl_rl_2,pure_rl,fl_rl,10146387.470602818,10000000.0,10146387.4706037,146387.47060369886,0.0,0.0,24.0,0.0,158,158,29,0.1835443037974683,5395996.851744853,44131.04236103638,0.0081784781521446,0.0044131042361036,0,4257,482321,low_default,10000000.0
Fin_fl_rl_3,pure_rl,fl_rl,17964212.19723075,10000000.0,17964212.197226126,7964212.197226126,0.0,0.0,18.0,0.0,3932,3932,50,0.0127161749745676,137296776.37876946,95874.6421950212,0.000698302208717,0.0095874642195021,0,4257,482321,low_default,10000000.0
Fin_rl_1,pure_rl,rl,13628375.644621097,10000000.0,13628375.644623462,3628375.644623462,0.0,0.0,23.0,0.0,2173,2173,116,0.0533824206166589,75984653.93990624,317304.58694606845,0.0041759035606981,0.0317304586946068,0,4250,482321,medium_default,10000000.0
Fin_rl_2,pure_rl,rl,10865443.517076122,10000000.0,10865443.51707646,865443.5170764606,0.0,0.0,21.0,0.0,764,764,142,0.1858638743455497,26943375.22683493,290547.4056007359,0.0107836306013864,0.0290547405600735,0,4250,482321,medium_default,10000000.0
Fin_rl_3,pure_rl,rl,19565001.20441197,10000000.0,19565001.20441353,9565001.204413526,0.0,0.0,17.0,0.0,4880,4880,64,0.0131147540983606,170642302.2629734,157490.79928971062,0.0009229294096548,0.015749079928971,0,4250,482321,medium_default,10000000.0
Fin_fl_rl_1,pure_rl,fl_rl,13824355.362725977,10000000.0,13824355.36272561,3824355.36272561,0.0,0.0,19.0,0.0,2009,2009,59,0.0293678446988551,70612783.12469009,153067.8108473326,0.0021677068099276,0.0153067810847332,0,4267,482321,medium_default,10000000.0
Fin_fl_rl_2,pure_rl,fl_rl,10449307.281146672,10000000.0,10449307.281150425,449307.281150423,0.0,0.0,21.0,0.0,537,537,140,0.260707635009311,18737421.895873062,315846.4908863376,0.0168564540330867,0.0315846490886337,0,4267,482321,medium_default,10000000.0
Fin_fl_rl_3,pure_rl,fl_rl,20291776.31742861,10000000.0,20291776.31743416,10291776.317434158,0.0,0.0,18.0,0.0,5261,5261,82,0.0155863904200722,184630732.27000797,222161.52505737843,0.0012032748953867,0.0222161525057378,0,4267,482321,medium_default,10000000.0
Fin_rl_1,pure_rl,rl,14019311.87735361,10000000.0,14019311.877352169,4019311.877352169,0.0,0.0,24.0,0.0,2262,2262,100,0.04420866489832,79170437.54038115,339140.46162871073,0.0042836754748984,0.033914046162871,0,4244,482321,high_default,10000000.0
Fin_rl_2,pure_rl,rl,10631755.751357954,10000000.0,10631755.751363738,631755.7513637375,0.0,0.0,12.0,0.0,919,919,351,0.381936887921654,32342939.284349803,889291.1404003919,0.0274956809763639,0.0889291140400391,0,4244,482321,high_default,10000000.0
Fin_rl_3,pure_rl,rl,15227668.8323995,10000000.0,15227668.832395049,5227668.832395047,0.0,0.0,26.0,0.0,2826,2826,57,0.0201698513800424,99190061.68914253,162161.89532112348,0.0016348603132169,0.0162161895321123,0,4244,482321,high_default,10000000.0
Fin_fl_rl_1,pure_rl,fl_rl,11527361.333332898,10000000.0,11527361.333332911,1527361.333332913,0.0,0.0,7.0,0.0,1097,1097,85,0.0774840474020054,38565483.3709822,284120.3997085247,0.0073672199820605,0.0284120399708524,0,4254,482321,high_default,10000000.0
Fin_fl_rl_2,pure_rl,fl_rl,11650937.679463722,10000000.0,11650937.679456932,1650937.6794569325,0.0,0.0,20.0,0.0,1134,1134,121,0.1067019400352733,39588575.74936932,308399.86501766165,0.0077901227609223,0.0308399865017661,0,4254,482321,high_default,10000000.0
Fin_fl_rl_3,pure_rl,fl_rl,17223161.81009096,10000000.0,17223161.810087956,7223161.810087956,0.0,0.0,23.0,0.0,4041,4041,119,0.0294481563969314,141554534.50408918,340604.7118141835,0.0024061730908686,0.0340604711814183,0,4254,482321,high_default,10000000.0
Fin_rl_1,pure_rl,rl,4639341.769089627,1000000.0,4639341.769088939,3639341.769088939,0.0,0.0,6.0,0.0,2555,2555,0,0.0,85086358.53988427,0.0,0.0,0.0,0,4251,538907,none_default,1000000.0
Fin_rl_2,pure_rl,rl,4918539.523851622,1000000.0,4918539.52385218,3918539.52385218,0.0,0.0,6.0,0.0,2555,2555,0,0.0,85823013.95048507,0.0,0.0,0.0,0,4251,538907,none_default,1000000.0
Fin_rl_3,pure_rl,rl,5338422.448887811,1000000.0,5338422.448887678,4338422.448887678,0.0,0.0,6.0,0.0,2788,2788,0,0.0,95448841.50439487,0.0,0.0,0.0,0,4251,538907,none_default,1000000.0
Fin_fl_rl_1,pure_rl,fl_rl,5571695.2545135375,1000000.0,5571695.254513466,4571695.254513466,0.0,0.0,6.0,0.0,2687,2687,0,0.0,95750393.41135134,0.0,0.0,0.0,0,4256,538907,none_default,1000000.0
Fin_fl_rl_2,pure_rl,fl_rl,5089202.546547482,1000000.0,5089202.546547679,4089202.546547679,0.0,0.0,6.0,0.0,2623,2623,0,0.0,87533953.66705096,0.0,0.0,0.0,0,4256,538907,none_default,1000000.0
Fin_fl_rl_3,pure_rl,fl_rl,4607322.594213505,1000000.0,4607322.5942130815,3607322.5942130815,0.0,0.0,6.0,0.0,2593,2593,0,0.0,82648481.48316446,0.0,0.0,0.0,0,4256,538907,none_default,1000000.0
Fin_rl_1,pure_rl,rl,5519823.15853915,1000000.0,5519823.158539286,4519823.158539286,0.0,0.0,6.0,0.0,2452,2452,35,0.014274061990212,85024983.15383254,73804.29004330371,0.0008680306341228,0.0738042900433037,0,4245,538907,low_default,1000000.0
Fin_rl_2,pure_rl,rl,3406880.2421320323,1000000.0,3406880.242132512,2406880.242132512,0.0,0.0,6.0,0.0,1219,1219,96,0.0787530762920426,43241691.28341602,185192.173738742,0.0042827227206482,0.1851921737387419,0,4245,538907,low_default,1000000.0
Fin_rl_3,pure_rl,rl,6200397.592154991,1000000.0,6200397.592154863,5200397.592154863,0.0,0.0,6.0,0.0,2964,2964,26,0.0087719298245614,98177944.01914167,55899.65841448988,0.0005693708395807,0.0558996584144898,0,4245,538907,low_default,1000000.0
Fin_fl_rl_1,pure_rl,fl_rl,3903516.169256169,1000000.0,3903516.169256266,2903516.169256266,0.0,0.0,6.0,0.0,1632,1632,52,0.0318627450980392,55321788.96585053,106927.52900178148,0.0019328284750116,0.1069275290017814,0,4243,538907,low_default,1000000.0
Fin_fl_rl_2,pure_rl,fl_rl,3815136.939427999,1000000.0,3815136.939427981,2815136.939427981,0.0,0.0,6.0,0.0,1525,1525,37,0.0242622950819672,53685082.568560295,76414.40117974194,0.001423382390856,0.0764144011797419,0,4243,538907,low_default,1000000.0
Fin_fl_rl_3,pure_rl,fl_rl,5308015.524340438,1000000.0,5308015.524340068,4308015.524340068,0.0,0.0,6.0,0.0,2956,2956,25,0.0084573748308525,96050702.07174256,52491.39715328063,0.0005464967566199,0.0524913971532806,0,4243,538907,low_default,1000000.0
Fin_rl_1,pure_rl,rl,5060770.093862275,1000000.0,5060770.093862535,4060770.093862536,0.0,0.0,6.0,0.0,2335,2335,51,0.0218415417558886,80606640.33481991,167223.71662431897,0.0020745650225553,0.1672237166243189,0,4249,538907,medium_default,1000000.0
Fin_rl_2,pure_rl,rl,4371341.295168532,1000000.0,4371341.29516798,3371341.29516798,0.0,0.0,6.0,0.0,1839,1839,58,0.0315388798259923,63752614.978748366,128750.1038392768,0.0020195266324713,0.1287501038392768,0,4249,538907,medium_default,1000000.0
Fin_rl_3,pure_rl,rl,5478524.064883135,1000000.0,5478524.064883042,4478524.064883042,0.0,0.0,6.0,0.0,2270,2270,44,0.0193832599118942,78246363.76507998,107175.5446768642,0.0013697191731316,0.1071755446768641,0,4249,538907,medium_default,1000000.0
Fin_fl_rl_1,pure_rl,fl_rl,4331942.266483427,1000000.0,4331942.26648344,3331942.26648344,0.0,0.0,6.0,0.0,2215,2215,31,0.0139954853273137,75549697.8962396,91214.66839770938,0.0012073465670634,0.0912146683977093,0,4256,538907,medium_default,1000000.0
Fin_fl_rl_2,pure_rl,fl_rl,2834699.521080893,1000000.0,2834699.5210814225,1834699.5210814225,0.0,0.0,24.0,0.0,1124,1124,54,0.0480427046263345,39530652.53448476,122168.24953015872,0.003090468831082,0.1221682495301587,0,4256,538907,medium_default,1000000.0
Fin_fl_rl_3,pure_rl,fl_rl,6793521.428994609,1000000.0,6793521.428994216,5793521.428994216,0.0,0.0,6.0,0.0,2834,2834,17,0.0059985885673959,96132836.5047515,31011.22073382286,0.0003225871810439,0.0310112207338228,0,4256,538907,medium_default,1000000.0
Fin_rl_1,pure_rl,rl,4402004.319452032,1000000.0,4402004.319452425,3402004.319452425,0.0,0.0,7.0,0.0,1973,1973,81,0.0410542321338063,68323700.03129393,256265.8142241717,0.0037507601916581,0.2562658142241717,0,4263,538907,high_default,1000000.0
Fin_rl_2,pure_rl,rl,2842245.767668884,1000000.0,2842245.767668708,1842245.767668708,0.0,0.0,7.0,0.0,1075,1075,102,0.0948837209302325,37266857.96988368,278274.6614375651,0.0074670813853544,0.2782746614375651,0,4263,538907,high_default,1000000.0
Fin_rl_3,pure_rl,rl,4487711.0975785805,1000000.0,4487711.097578191,3487711.097578191,0.0,0.0,7.0,0.0,1985,1985,57,0.0287153652392947,66530180.786604814,157374.99727919407,0.0023654677534091,0.157374997279194,0,4263,538907,high_default,1000000.0
Fin_fl_rl_1,pure_rl,fl_rl,3480013.664595163,1000000.0,3480013.664595395,2480013.664595395,0.0,0.0,7.0,0.0,1342,1342,95,0.070789865871833,47644679.09686051,267695.82970968727,0.0056185881568321,0.2676958297096872,0,4259,538907,high_default,1000000.0
Fin_fl_rl_2,pure_rl,fl_rl,3376144.608303292,1000000.0,3376144.608302713,2376144.608302713,0.0,0.0,7.0,0.0,1375,1375,162,0.1178181818181818,48151877.110341765,412943.66633970296,0.0085758581206175,0.412943666339703,0,4259,538907,high_default,1000000.0
Fin_fl_rl_3,pure_rl,fl_rl,5166867.870303985,1000000.0,5166867.870303876,4166867.870303876,0.0,0.0,7.0,0.0,2299,2299,74,0.0321879077859939,76201852.20474155,212026.52266309215,0.0027824326644109,0.2120265226630922,0,4259,538907,high_default,1000000.0
Fin_rl_1,pure_rl,rl,11536877.248995587,5000000.0,11536877.248993907,6536877.248993907,0.0,0.0,6.0,0.0,5946,5946,0,0.0,207802556.73640457,0.0,0.0,0.0,0,4246,538907,none_default,5000000.0
Fin_rl_2,pure_rl,rl,7245625.416355554,5000000.0,7245625.41635628,2245625.4163562804,0.0,0.0,6.0,0.0,1862,1862,0,0.0,65976597.18739387,0.0,0.0,0.0,0,4246,538907,none_default,5000000.0
Fin_rl_3,pure_rl,rl,7984667.136151951,5000000.0,7984667.136150607,2984667.136150607,0.0,0.0,9.0,0.0,2509,2509,0,0.0,88531629.52532636,0.0,0.0,0.0,0,4246,538907,none_default,5000000.0
Fin_fl_rl_1,pure_rl,fl_rl,11405696.301664716,5000000.0,11405696.301663252,6405696.301663253,0.0,0.0,14.0,0.0,4188,4188,0,0.0,145709403.15293193,0.0,0.0,0.0,0,4244,538907,none_default,5000000.0
Fin_fl_rl_2,pure_rl,fl_rl,10355597.243693983,5000000.0,10355597.243692914,5355597.243692914,0.0,0.0,6.0,0.0,3739,3739,0,0.0,131256871.18604916,0.0,0.0,0.0,0,4244,538907,none_default,5000000.0
Fin_fl_rl_3,pure_rl,fl_rl,6921533.180736208,5000000.0,6921533.1807353,1921533.1807353003,0.0,0.0,17.0,0.0,1272,1272,0,0.0,44985023.67820274,0.0,0.0,0.0,0,4244,538907,none_default,5000000.0
Fin_rl_1,pure_rl,rl,9334301.351163398,5000000.0,9334301.351161849,4334301.351161849,0.0,0.0,19.0,0.0,2657,2657,91,0.0342491531802785,93625985.34866628,217847.55444756887,0.0023267851722606,0.0435695108895137,0,4260,538907,low_default,5000000.0
Fin_rl_2,pure_rl,rl,8823092.602624586,5000000.0,8823092.602622274,3823092.6026222734,0.0,0.0,8.0,0.0,2828,2828,264,0.0933521923620933,98792680.02661556,511631.2468283616,0.0051788376091277,0.1023262493656723,0,4260,538907,low_default,5000000.0
Fin_rl_3,pure_rl,rl,11278397.67971851,5000000.0,11278397.67971882,6278397.67971882,0.0,0.0,12.0,0.0,3254,3254,54,0.0165949600491702,113993311.34581192,110122.28174620686,0.0009660416075829,0.0220244563492413,0,4260,538907,low_default,5000000.0
Fin_fl_rl_1,pure_rl,fl_rl,9536576.23992745,5000000.0,9536576.239928966,4536576.239928966,0.0,0.0,13.0,0.0,2609,2609,50,0.0191644308164047,91637195.4504724,112041.7468353751,0.0012226666942893,0.022408349367075,0,4254,538907,low_default,5000000.0
Fin_fl_rl_2,pure_rl,fl_rl,10023245.005784322,5000000.0,10023245.005782217,5023245.005782215,0.0,0.0,15.0,0.0,2707,2707,103,0.0380495012929442,94527214.93934934,211541.70829050185,0.0022378921078573,0.0423083416581003,0,4254,538907,low_default,5000000.0
Fin_fl_rl_3,pure_rl,fl_rl,7450324.292890129,5000000.0,7450324.292890105,2450324.2928901054,0.0,0.0,14.0,0.0,1608,1608,29,0.0180348258706467,56028100.09338222,57943.93235851492,0.0010341941322646,0.0115887864717029,0,4254,538907,low_default,5000000.0
Fin_rl_1,pure_rl,rl,7836106.387965447,5000000.0,7836106.387967127,2836106.3879671274,0.0,0.0,18.0,0.0,2226,2226,125,0.0561545372866127,77963533.45021152,339285.0237975673,0.0043518425702734,0.0678570047595134,0,4258,538907,medium_default,5000000.0
Fin_rl_2,pure_rl,rl,8289852.216534032,5000000.0,8289852.216532359,3289852.216532359,0.0,0.0,18.0,0.0,2480,2480,248,0.1,86576168.54624109,552024.7652912871,0.0063761745819976,0.1104049530582574,0,4258,538907,medium_default,5000000.0
Fin_rl_3,pure_rl,rl,10208546.904183984,5000000.0,10208546.904181814,5208546.904181814,0.0,0.0,18.0,0.0,3483,3483,79,0.0226815963250071,121965896.46808952,171299.41201515717,0.0014044861471581,0.0342598824030314,0,4258,538907,medium_default,5000000.0
Fin_fl_rl_1,pure_rl,fl_rl,8713469.609557685,5000000.0,8713469.6095628,3713469.6095627993,0.0,0.0,6.0,0.0,2150,2150,141,0.0655813953488372,76043636.48236442,361645.8230576558,0.0047557670804121,0.0723291646115311,0,4259,538907,medium_default,5000000.0
Fin_fl_rl_2,pure_rl,fl_rl,8577710.599029932,5000000.0,8577710.59902975,3577710.5990297496,0.0,0.0,9.0,0.0,2082,2082,153,0.0734870317002881,73506391.09986529,328060.71516344586,0.0044630230141178,0.0656121430326891,0,4259,538907,medium_default,5000000.0
Fin_fl_rl_3,pure_rl,fl_rl,11313169.752923338,5000000.0,11313169.75292107,6313169.752921071,0.0,0.0,24.0,0.0,3569,3569,82,0.0229756234239282,124460294.33302432,183921.72589092795,0.0014777542257677,0.0367843451781855,0,4259,538907,medium_default,5000000.0
Fin_rl_1,pure_rl,rl,7011266.278658963,5000000.0,7011266.27866097,2011266.2786609696,0.0,0.0,15.0,0.0,1244,1244,105,0.0844051446945337,43451593.77956498,372964.3775392183,0.0085834452800813,0.0745928755078436,0,4257,538907,high_default,5000000.0
Fin_rl_2,pure_rl,rl,9143259.226255678,5000000.0,9143259.226255909,4143259.2262559086,0.0,0.0,18.0,0.0,2523,2523,220,0.0871977804201347,88414550.79276972,562586.9135210265,0.0063630579862317,0.1125173827042053,0,4257,538907,high_default,5000000.0
Fin_rl_3,pure_rl,rl,8606422.868136363,5000000.0,8606422.868133396,3606422.868133396,0.0,0.0,6.0,0.0,2125,2125,124,0.0583529411764705,73693171.97753295,338325.8443880009,0.0045910066741481,0.0676651688776001,0,4257,538907,high_default,5000000.0
Fin_fl_rl_1,pure_rl,fl_rl,7649146.567065814,5000000.0,7649146.567067195,2649146.5670671947,0.0,0.0,20.0,0.0,1870,1870,146,0.0780748663101604,65468667.35882908,490596.8715664226,0.0074936132253539,0.0981193743132845,0,4249,538907,high_default,5000000.0
Fin_fl_rl_2,pure_rl,fl_rl,6602639.186396047,5000000.0,6602639.186397055,1602639.1863970552,0.0,0.0,20.0,0.0,1332,1332,200,0.1501501501501501,46462345.6753296,502796.3145920553,0.0108215869707806,0.100559262918411,0,4249,538907,high_default,5000000.0
Fin_fl_rl_3,pure_rl,fl_rl,9764463.790806385,5000000.0,9764463.790806647,4764463.790806647,0.0,0.0,25.0,0.0,3251,3251,85,0.0261458012919101,112613834.81414144,245514.0409630944,0.0021801410223556,0.0491028081926188,0,4249,538907,high_default,5000000.0
Fin_rl_1,pure_rl,rl,16489682.864789763,10000000.0,16489682.864793982,6489682.864793982,0.0,0.0,16.0,0.0,4849,4849,0,0.0,168871437.591601,0.0,0.0,0.0,0,4256,538907,none_default,10000000.0
Fin_rl_2,pure_rl,rl,13885194.195439516,10000000.0,13885194.195439052,3885194.195439052,0.0,0.0,8.0,0.0,2941,2941,0,0.0,102309506.22120965,0.0,0.0,0.0,0,4256,538907,none_default,10000000.0
Fin_rl_3,pure_rl,rl,13068240.880230036,10000000.0,13068240.880234824,3068240.8802348226,0.0,0.0,9.0,0.0,2568,2568,0,0.0,89274747.79122241,0.0,0.0,0.0,0,4256,538907,none_default,10000000.0
Fin_fl_rl_1,pure_rl,fl_rl,17436771.072646145,10000000.0,17436771.07265777,7436771.072657771,0.0,0.0,6.0,0.0,6768,6768,0,0.0,235857110.51728535,0.0,0.0,0.0,0,4244,538907,none_default,10000000.0
Fin_fl_rl_2,pure_rl,fl_rl,12674835.183649449,10000000.0,12674835.183652328,2674835.1836523283,0.0,0.0,10.0,0.0,2498,2498,0,0.0,88008279.9385331,0.0,0.0,0.0,0,4244,538907,none_default,10000000.0
Fin_fl_rl_3,pure_rl,fl_rl,11490016.457042793,10000000.0,11490016.457042493,1490016.457042491,0.0,0.0,14.0,0.0,1082,1082,0,0.0,38640461.17053776,0.0,0.0,0.0,0,4244,538907,none_default,10000000.0
Fin_rl_1,pure_rl,rl,15695791.550244229,10000000.0,15695791.550249431,5695791.550249431,0.0,0.0,22.0,0.0,3043,3043,52,0.0170883996056523,106645539.4151326,117865.31334194048,0.0011052062185473,0.011786531334194,0,4263,538907,low_default,10000000.0
Fin_rl_2,pure_rl,rl,13531223.194963044,10000000.0,13531223.194970328,3531223.1949703284,0.0,0.0,17.0,0.0,2446,2446,322,0.1316434995911692,85068051.2685324,572615.772894571,0.0067312670780127,0.0572615772894571,0,4263,538907,low_default,10000000.0
Fin_rl_3,pure_rl,rl,13258094.391494194,10000000.0,13258094.391497934,3258094.3914979342,0.0,0.0,27.0,0.0,1847,1847,22,0.0119112073632918,64689245.68023548,40843.64402838979,0.0006313822892646,0.0040843644028389,0,4263,538907,low_default,10000000.0
Fin_fl_rl_1,pure_rl,fl_rl,14716519.843088886,10000000.0,14716519.843084974,4716519.843084974,0.0,0.0,23.0,0.0,2789,2789,34,0.0121907493725349,97698102.16593382,74594.90697288165,0.0007635246265704,0.0074594906972881,0,4250,538907,low_default,10000000.0
Fin_fl_rl_2,pure_rl,fl_rl,14232709.97701712,10000000.0,14232709.977013549,4232709.977013547,0.0,0.0,24.0,0.0,2455,2455,67,0.0272912423625254,85678061.92164838,131046.3299349843,0.0015295202411887,0.0131046329934984,0,4250,538907,low_default,10000000.0
Fin_fl_rl_3,pure_rl,fl_rl,16043372.656776937,10000000.0,16043372.656775706,6043372.6567757055,0.0,0.0,25.0,0.0,3316,3316,38,0.01145958986731,115665147.46532704,91287.26059220998,0.0007892374029054,0.0091287260592209,0,4250,538907,low_default,10000000.0
Fin_rl_1,pure_rl,rl,11161292.97236535,10000000.0,11161292.972363118,1161292.972363118,0.0,0.0,25.0,0.0,801,801,50,0.062421972534332,27913333.22872313,137336.23429638144,0.0049200943925629,0.0137336234296381,0,4245,538907,medium_default,10000000.0
Fin_rl_2,pure_rl,rl,13665479.723296652,10000000.0,13665479.72330457,3665479.7233045697,0.0,0.0,9.0,0.0,2345,2345,196,0.0835820895522388,82059404.28473693,463421.2169518798,0.005647387048337,0.0463421216951879,0,4245,538907,medium_default,10000000.0
Fin_rl_3,pure_rl,rl,19250494.52494964,10000000.0,19250494.52496066,9250494.52496066,0.0,0.0,23.0,0.0,4931,4931,47,0.0095315351855607,172378352.28910786,98771.13092214642,0.0005729903413654,0.0098771130922146,0,4245,538907,medium_default,10000000.0
Fin_fl_rl_1,pure_rl,fl_rl,13031998.01816146,10000000.0,13031998.018160963,3031998.0181609634,0.0,0.0,14.0,0.0,1779,1779,105,0.0590219224283305,62117141.51867843,291500.4661469228,0.0046927540292444,0.0291500466146922,0,4251,538907,medium_default,10000000.0
Fin_fl_rl_2,pure_rl,fl_rl,14429542.834745249,10000000.0,14429542.83475444,4429542.834754439,0.0,0.0,13.0,0.0,2617,2617,211,0.080626671761559,92204790.90454468,479468.4220881101,0.0052000380607606,0.047946842208811,0,4251,538907,medium_default,10000000.0
Fin_fl_rl_3,pure_rl,fl_rl,16117318.002514329,10000000.0,16117318.00251224,6117318.002512241,0.0,0.0,14.0,0.0,3305,3305,81,0.0245083207261724,114890504.6346128,178755.6113453601,0.0015558780241575,0.017875561134536,0,4251,538907,medium_default,10000000.0
Fin_rl_1,pure_rl,rl,13629800.93526188,10000000.0,13629800.93526575,3629800.9352657497,0.0,0.0,23.0,0.0,2120,2120,103,0.0485849056603773,73737470.71119356,385508.2326102301,0.0052281184707317,0.038550823261023,0,4243,538907,high_default,10000000.0
Fin_rl_2,pure_rl,rl,12591503.951110724,10000000.0,12591503.951111972,2591503.9511119723,0.0,0.0,17.0,0.0,1823,1823,254,0.1393307734503565,63767832.05829643,674029.3551955635,0.0105700528532845,0.0674029355195563,0,4243,538907,high_default,10000000.0
Fin_rl_3,pure_rl,rl,12724777.307991069,10000000.0,12724777.307990631,2724777.307990633,0.0,0.0,22.0,0.0,1539,1539,120,0.0779727095516569,54447014.03675616,331102.21705099737,0.0060811822816853,0.0331102217050997,0,4243,538907,high_default,10000000.0
Fin_fl_rl_1,pure_rl,fl_rl,12174469.453787943,10000000.0,12174469.453791056,2174469.453791056,0.0,0.0,26.0,0.0,1510,1510,114,0.0754966887417218,52925057.07077749,393073.8004074444,0.0074269886923651,0.0393073800407444,0,4234,538907,high_default,10000000.0
Fin_fl_rl_2,pure_rl,fl_rl,13392491.589723544,10000000.0,13392491.589735214,3392491.5897352137,0.0,0.0,22.0,0.0,1875,1875,171,0.0912,65106886.283873655,444497.6792432362,0.0068271991583989,0.0444497679243236,0,4234,538907,high_default,10000000.0
Fin_fl_rl_3,pure_rl,fl_rl,13732746.279395614,10000000.0,13732746.279390002,3732746.2793900017,0.0,0.0,30.0,0.0,2105,2105,71,0.033729216152019,73713063.37756354,197258.88919555605,0.0026760370571655,0.0197258889195556,0,4234,538907,high_default,10000000.0
Fin_rl_1,pure_rl,rl,5687930.961246118,1000000.0,5687930.961246505,4687930.961246505,0.0,0.0,6.0,0.0,2325,2325,0,0.0,80450155.91063493,0.0,0.0,0.0,0,4257,591237,none_default,1000000.0
Fin_rl_2,pure_rl,rl,6218595.298187986,1000000.0,6218595.298187769,5218595.298187769,0.0,0.0,6.0,0.0,2758,2758,0,0.0,92793923.79329789,0.0,0.0,0.0,0,4257,591237,none_default,1000000.0
Fin_rl_3,pure_rl,rl,6308243.745714418,1000000.0,6308243.745714028,5308243.745714028,0.0,0.0,6.0,0.0,2864,2864,0,0.0,98037007.16836528,0.0,0.0,0.0,0,4257,591237,none_default,1000000.0
Fin_fl_rl_1,pure_rl,fl_rl,5375854.209248438,1000000.0,5375854.209248358,4375854.209248358,0.0,0.0,6.0,0.0,2340,2340,0,0.0,80220348.63204202,0.0,0.0,0.0,0,4250,591237,none_default,1000000.0
Fin_fl_rl_2,pure_rl,fl_rl,6502659.315930962,1000000.0,6502659.315930572,5502659.315930572,0.0,0.0,6.0,0.0,2873,2873,0,0.0,99116462.64694013,0.0,0.0,0.0,0,4250,591237,none_default,1000000.0
Fin_fl_rl_3,pure_rl,fl_rl,5272006.496359664,1000000.0,5272006.496360109,4272006.496360109,0.0,0.0,6.0,0.0,2530,2530,0,0.0,82946451.78770599,0.0,0.0,0.0,0,4250,591237,none_default,1000000.0
Fin_rl_1,pure_rl,rl,3466363.4653843506,1000000.0,3466363.46538455,2466363.46538455,0.0,0.0,6.0,0.0,1242,1242,38,0.0305958132045088,43969576.771569535,67411.17904127191,0.0015331323153617,0.0674111790412719,0,4241,591237,low_default,1000000.0
Fin_rl_2,pure_rl,rl,3503399.458838455,1000000.0,3503399.45883878,2503399.45883878,0.0,0.0,6.0,0.0,1837,1837,66,0.0359281437125748,60821156.22626867,126061.3451077649,0.0020726561763934,0.1260613451077649,0,4241,591237,low_default,1000000.0
Fin_rl_3,pure_rl,rl,8127929.996243368,1000000.0,8127929.996243609,7127929.996243609,0.0,0.0,6.0,0.0,3428,3428,14,0.0040840140023337,115396938.35396852,32150.13236280424,0.0002786047257526,0.0321501323628042,0,4241,591237,low_default,1000000.0
Fin_fl_rl_1,pure_rl,fl_rl,5485681.140653637,1000000.0,5485681.14065377,4485681.14065377,0.0,0.0,6.0,0.0,2516,2516,49,0.0194753577106518,85790084.40723252,108427.11882697575,0.0012638653939572,0.1084271188269757,0,4263,591237,low_default,1000000.0
Fin_fl_rl_2,pure_rl,fl_rl,4728592.698940143,1000000.0,4728592.698940616,3728592.698940616,0.0,0.0,6.0,0.0,2192,2192,124,0.0565693430656934,75234424.24544893,245903.22301837231,0.0032684934520948,0.2459032230183723,0,4263,591237,low_default,1000000.0
Fin_fl_rl_3,pure_rl,fl_rl,5975496.1871625325,1000000.0,5975496.187163561,4975496.187163561,0.0,0.0,6.0,0.0,2461,2461,20,0.008126777732629,83508573.03984167,38227.23202773306,0.0004577641628422,0.038227232027733,0,4263,591237,low_default,1000000.0
Fin_rl_1,pure_rl,rl,4617890.652291812,1000000.0,4617890.652290889,3617890.652290889,0.0,0.0,9.0,0.0,2061,2061,81,0.0393013100436681,69975106.29542498,203059.07029260808,0.0029018758390351,0.203059070292608,0,4264,591237,medium_default,1000000.0
Fin_rl_2,pure_rl,rl,3487555.8637578776,1000000.0,3487555.863757489,2487555.863757489,0.0,0.0,6.0,0.0,1689,1689,108,0.063943161634103,57825576.49849258,248687.47626750663,0.0043006484556879,0.2486874762675066,0,4264,591237,medium_default,1000000.0
Fin_rl_3,pure_rl,rl,5342464.54161063,1000000.0,5342464.541611273,4342464.541611273,0.0,0.0,6.0,0.0,2466,2466,52,0.0210867802108678,83604138.2248811,123386.81381827426,0.0014758457707725,0.1233868138182742,0,4264,591237,medium_default,1000000.0
Fin_fl_rl_1,pure_rl,fl_rl,4161381.474071456,1000000.0,4161381.474071319,3161381.474071319,0.0,0.0,9.0,0.0,1804,1804,43,0.0238359201773835,62422985.54966856,120315.67745014474,0.0019274258735095,0.1203156774501447,0,4251,591237,medium_default,1000000.0
Fin_fl_rl_2,pure_rl,fl_rl,4177130.167905351,1000000.0,4177130.167905238,3177130.167905238,0.0,0.0,6.0,0.0,1944,1944,76,0.0390946502057613,65976432.42282589,155070.8085134455,0.0023503969950911,0.1550708085134454,0,4251,591237,medium_default,1000000.0
Fin_fl_rl_3,pure_rl,fl_rl,5753145.723936628,1000000.0,5753145.723936128,4753145.723936128,0.0,0.0,6.0,0.0,2620,2620,16,0.0061068702290076,88752164.65233725,35221.65274611043,0.0003968540134663,0.0352216527461104,0,4251,591237,medium_default,1000000.0
Fin_rl_1,pure_rl,rl,2715243.778282064,1000000.0,2715243.778281695,1715243.7782816952,0.0,0.0,7.0,0.0,996,996,126,0.1265060240963855,35240720.52238684,398856.0055635472,0.0113180434352972,0.3988560055635471,0,4248,591237,high_default,1000000.0
Fin_rl_2,pure_rl,rl,3007504.208147889,1000000.0,3007504.2081476203,2007504.2081476203,0.0,0.0,7.0,0.0,1476,1476,194,0.1314363143631436,49524699.82425552,464911.78858042834,0.0093874731241224,0.4649117885804283,0,4248,591237,high_default,1000000.0
Fin_rl_3,pure_rl,rl,6194726.802874585,1000000.0,6194726.80287479,5194726.80287479,0.0,0.0,6.0,0.0,2765,2765,70,0.0253164556962025,93020177.92075752,187543.5048471408,0.0020161593864817,0.1875435048471408,0,4248,591237,high_default,1000000.0
Fin_fl_rl_1,pure_rl,fl_rl,3303203.476945939,1000000.0,3303203.476946171,2303203.476946171,0.0,0.0,7.0,0.0,1397,1397,97,0.0694345025053686,48579319.31944832,299258.2948579383,0.0061601994233404,0.2992582948579383,0,4248,591237,high_default,1000000.0
Fin_fl_rl_2,pure_rl,fl_rl,4723243.555298418,1000000.0,4723243.555298073,3723243.555298073,0.0,0.0,11.0,0.0,2120,2120,104,0.0490566037735849,73182599.00381021,290721.5058303763,0.0039725496195515,0.2907215058303763,0,4248,591237,high_default,1000000.0
Fin_fl_rl_3,pure_rl,fl_rl,5177302.977193019,1000000.0,5177302.97719429,4177302.9771942897,0.0,0.0,6.0,0.0,2112,2112,47,0.0222537878787878,72200961.46781524,126528.14383666724,0.001752444029337,0.1265281438366672,0,4248,591237,high_default,1000000.0
Fin_rl_1,pure_rl,rl,8163524.365633177,5000000.0,8163524.365636002,3163524.3656360023,0.0,0.0,10.0,0.0,3371,3371,0,0.0,118557641.97297004,0.0,0.0,0.0,0,4236,591237,none_default,5000000.0
Fin_rl_2,pure_rl,rl,8165335.462957841,5000000.0,8165335.462959538,3165335.462959538,0.0,0.0,17.0,0.0,3430,3430,0,0.0,120092319.08867715,0.0,0.0,0.0,0,4236,591237,none_default,5000000.0
Fin_rl_3,pure_rl,rl,8369421.330224553,5000000.0,8369421.330229986,3369421.3302299865,0.0,0.0,6.0,0.0,3555,3555,0,0.0,124591636.13331008,0.0,0.0,0.0,0,4236,591237,none_default,5000000.0
Fin_fl_rl_1,pure_rl,fl_rl,7387373.288341684,5000000.0,7387373.288341878,2387373.288341878,0.0,0.0,9.0,0.0,2356,2356,0,0.0,82603659.5482913,0.0,0.0,0.0,0,4246,591237,none_default,5000000.0
Fin_fl_rl_2,pure_rl,fl_rl,11400434.708549907,5000000.0,11400434.708551612,6400434.708551612,0.0,0.0,6.0,0.0,5576,5576,0,0.0,194013158.31446496,0.0,0.0,0.0,0,4246,591237,none_default,5000000.0
Fin_fl_rl_3,pure_rl,fl_rl,7837363.614589678,5000000.0,7837363.614590062,2837363.614590062,0.0,0.0,8.0,0.0,2440,2440,0,0.0,84988117.14182338,0.0,0.0,0.0,0,4246,591237,none_default,5000000.0
Fin_rl_1,pure_rl,rl,8232587.178551714,5000000.0,8232587.178547783,3232587.178547783,0.0,0.0,14.0,0.0,1991,1991,125,0.0627825213460572,69641800.79587768,254983.5068502442,0.0036613571725063,0.0509967013700488,0,4259,591237,low_default,5000000.0
Fin_rl_2,pure_rl,rl,10385026.232874582,5000000.0,10385026.232875718,5385026.232875718,0.0,0.0,17.0,0.0,3043,3043,68,0.0223463687150838,107254254.06418136,128286.47177393614,0.001196096815863,0.0256572943547872,0,4259,591237,low_default,5000000.0
Fin_rl_3,pure_rl,rl,11859782.146396397,5000000.0,11859782.146390038,6859782.146390038,0.0,0.0,16.0,0.0,3748,3748,47,0.0125400213447171,130807070.18814462,105409.97462260108,0.0008058430975557,0.0210819949245202,0,4259,591237,low_default,5000000.0
Fin_fl_rl_1,pure_rl,fl_rl,9445845.952026002,5000000.0,9445845.952024495,4445845.952024495,0.0,0.0,21.0,0.0,2995,2995,149,0.0497495826377295,104888168.25858156,346406.51500042656,0.0033026271766556,0.0692813030000853,0,4244,591237,low_default,5000000.0
Fin_fl_rl_2,pure_rl,fl_rl,9064423.878119476,5000000.0,9064423.8781218,4064423.8781218007,0.0,0.0,14.0,0.0,2334,2334,102,0.0437017994858611,81415366.81193903,209481.29046021056,0.0025729944930923,0.0418962580920421,0,4244,591237,low_default,5000000.0
Fin_fl_rl_3,pure_rl,fl_rl,11129037.853922736,5000000.0,11129037.853920646,6129037.853920646,0.0,0.0,18.0,0.0,3406,3406,79,0.0231943628890193,119365870.24293606,167365.08634588186,0.0014021184280335,0.0334730172691763,0,4244,591237,low_default,5000000.0
Fin_rl_1,pure_rl,rl,8940234.105193341,5000000.0,8940234.105193106,3940234.1051931065,0.0,0.0,10.0,0.0,2715,2715,221,0.0813996316758747,94777614.66501118,493920.2730583208,0.0052113600326835,0.0987840546116641,0,4260,591237,medium_default,5000000.0
Fin_rl_2,pure_rl,rl,9318010.98536976,5000000.0,9318010.985369252,4318010.985369252,0.0,0.0,10.0,0.0,3148,3148,325,0.1032401524777636,110180527.82459372,660475.4966054762,0.0059944847755398,0.1320950993210952,0,4260,591237,medium_default,5000000.0
Fin_rl_3,pure_rl,rl,8548725.778531367,5000000.0,8548725.778526047,3548725.7785260472,0.0,0.0,13.0,0.0,2646,2646,116,0.0438397581254724,92282993.43562669,288395.0676553946,0.0031251160903939,0.0576790135310789,0,4260,591237,medium_default,5000000.0
Fin_fl_rl_1,pure_rl,fl_rl,10242734.588409634,5000000.0,10242734.588410871,5242734.588410871,0.0,0.0,9.0,0.0,2928,2928,149,0.0508879781420765,100936321.1197116,380902.8668140173,0.0037736947670428,0.0761805733628034,0,4263,591237,medium_default,5000000.0
Fin_fl_rl_2,pure_rl,fl_rl,7473045.145651856,5000000.0,7473045.145648146,2473045.145648146,0.0,0.0,10.0,0.0,1474,1474,160,0.1085481682496607,51879140.379921846,362922.59855189774,0.0069955399394465,0.0725845197103795,0,4263,591237,medium_default,5000000.0
Fin_fl_rl_3,pure_rl,fl_rl,10106774.943532148,5000000.0,10106774.943530824,5106774.943530824,0.0,0.0,14.0,0.0,2852,2852,106,0.0371669004207573,99135834.01453212,248445.65470402956,0.0025061135277039,0.0496891309408059,0,4263,591237,medium_default,5000000.0
Fin_rl_1,pure_rl,rl,8747093.989813779,5000000.0,8747093.989818593,3747093.9898185935,0.0,0.0,10.0,0.0,2553,2553,185,0.072463768115942,89368179.92420518,629312.3198196403,0.007041794074282,0.125862463963928,0,4255,591237,high_default,5000000.0
Fin_rl_2,pure_rl,rl,8444572.774028307,5000000.0,8444572.774025902,3444572.774025902,0.0,0.0,22.0,0.0,2707,2707,276,0.101957886959734,94481559.6952663,694975.8700806237,0.0073556773652144,0.1389951740161247,0,4255,591237,high_default,5000000.0
Fin_rl_3,pure_rl,rl,7367088.664295509,5000000.0,7367088.664294115,2367088.6642941157,0.0,0.0,15.0,0.0,1602,1602,121,0.0755305867665418,56116462.647019655,366113.57205956936,0.0065241740977594,0.0732227144119138,0,4255,591237,high_default,5000000.0
Fin_fl_rl_1,pure_rl,fl_rl,7922105.468357555,5000000.0,7922105.468357977,2922105.468357977,0.0,0.0,16.0,0.0,2009,2009,137,0.0681931309109009,70278594.52031823,469493.0478185999,0.0066804558489408,0.0938986095637199,0,4266,591237,high_default,5000000.0
Fin_fl_rl_2,pure_rl,fl_rl,7953404.090951101,5000000.0,7953404.090947757,2953404.090947757,0.0,0.0,13.0,0.0,2154,2154,178,0.0826369545032497,74903338.06667177,480887.4870763244,0.0064201075611381,0.0961774974152648,0,4266,591237,high_default,5000000.0
Fin_fl_rl_3,pure_rl,fl_rl,9694771.578854213,5000000.0,9694771.578855729,4694771.578855727,0.0,0.0,19.0,0.0,2696,2696,110,0.0408011869436201,93791187.91260707,327131.52869609173,0.0034878706195821,0.0654263057392183,0,4266,591237,high_default,5000000.0
Fin_rl_1,pure_rl,rl,14247275.890893169,10000000.0,14247275.890892368,4247275.890892368,0.0,0.0,10.0,0.0,3697,3697,0,0.0,128540682.60165806,0.0,0.0,0.0,0,4247,591237,none_default,10000000.0
Fin_rl_2,pure_rl,rl,12356835.22282823,10000000.0,12356835.222828625,2356835.222828623,0.0,0.0,15.0,0.0,2132,2132,0,0.0,73722325.95143312,0.0,0.0,0.0,0,4247,591237,none_default,10000000.0
Fin_rl_3,pure_rl,rl,14549264.358117498,10000000.0,14549264.35811424,4549264.358114239,0.0,0.0,13.0,0.0,4533,4533,0,0.0,158418243.06895888,0.0,0.0,0.0,0,4247,591237,none_default,10000000.0
Fin_fl_rl_1,pure_rl,fl_rl,12352758.415737228,10000000.0,12352758.415734809,2352758.415734809,0.0,0.0,10.0,0.0,2371,2371,0,0.0,82557024.97966377,0.0,0.0,0.0,0,4256,591237,none_default,10000000.0
Fin_fl_rl_2,pure_rl,fl_rl,13567160.00261713,10000000.0,13567160.002606716,3567160.002606716,0.0,0.0,8.0,0.0,3525,3525,0,0.0,122819596.8822658,0.0,0.0,0.0,0,4256,591237,none_default,10000000.0
Fin_fl_rl_3,pure_rl,fl_rl,14330532.749036398,10000000.0,14330532.749031143,4330532.749031145,0.0,0.0,8.0,0.0,4481,4481,0,0.0,156530374.17279205,0.0,0.0,0.0,0,4256,591237,none_default,10000000.0
Fin_rl_1,pure_rl,rl,12525143.242286624,10000000.0,12525143.242288068,2525143.242288068,0.0,0.0,22.0,0.0,1760,1760,157,0.0892045454545454,61438039.09416343,338404.32736824924,0.0055080587264445,0.0338404327368249,0,4235,591237,low_default,10000000.0
Fin_rl_2,pure_rl,rl,14385683.308175704,10000000.0,14385683.308176346,4385683.308176346,0.0,0.0,21.0,0.0,2815,2815,207,0.0735346358792184,98312286.42441654,441918.5163151663,0.0044950487104673,0.0441918516315166,0,4235,591237,low_default,10000000.0
Fin_rl_3,pure_rl,rl,17076016.836131368,10000000.0,17076016.83613419,7076016.836134192,0.0,0.0,22.0,0.0,3793,3793,27,0.0071183759557078,132146365.04778014,55996.33935001257,0.000423744832707,0.0055996339350012,0,4235,591237,low_default,10000000.0
Fin_fl_rl_1,pure_rl,fl_rl,13687568.51357196,10000000.0,13687568.51357156,3687568.51357156,0.0,0.0,16.0,0.0,2025,2025,47,0.0232098765432098,70631296.5201935,97779.2301826064,0.0013843612534374,0.0097779230182606,0,4249,591237,low_default,10000000.0
Fin_fl_rl_2,pure_rl,fl_rl,14865198.631581277,10000000.0,14865198.631582294,4865198.631582294,0.0,0.0,13.0,0.0,3241,3241,190,0.0586238815180499,114143458.88802184,455384.7424486238,0.0039895824682811,0.0455384742448623,0,4249,591237,low_default,10000000.0
Fin_fl_rl_3,pure_rl,fl_rl,16376120.958692417,10000000.0,16376120.95869538,6376120.95869538,0.0,0.0,21.0,0.0,3273,3273,39,0.0119156736938588,114501409.2404553,83648.76600630075,0.0007305479169311,0.00836487660063,0,4249,591237,low_default,10000000.0
Fin_rl_1,pure_rl,rl,13467052.49865663,10000000.0,13467052.49866224,3467052.498662239,0.0,0.0,18.0,0.0,1968,1968,121,0.0614837398373983,69306499.5097604,326325.7425169813,0.0047084435778065,0.0326325742516981,0,4287,591237,medium_default,10000000.0
Fin_rl_2,pure_rl,rl,15527432.864561498,10000000.0,15527432.864561193,5527432.864561193,0.0,0.0,15.0,0.0,3293,3293,255,0.0774369875493471,115304543.17596632,578119.7972356295,0.005013850983767,0.0578119797235629,0,4287,591237,medium_default,10000000.0
Fin_rl_3,pure_rl,rl,12015215.653262096,10000000.0,12015215.65326178,2015215.6532617789,0.0,0.0,25.0,0.0,1174,1174,52,0.0442930153321976,41354635.47510871,119970.36089644942,0.0029010136232166,0.0119970360896449,0,4287,591237,medium_default,10000000.0
Fin_fl_rl_1,pure_rl,fl_rl,12719211.275780044,10000000.0,12719211.275785131,2719211.2757851314,0.0,0.0,11.0,0.0,1723,1723,96,0.0557167730702263,60247899.810523145,255423.3924128247,0.0042395401867304,0.0255423392412824,0,4298,591237,medium_default,10000000.0
Fin_fl_rl_2,pure_rl,fl_rl,13186799.233341498,10000000.0,13186799.233340254,3186799.233340254,0.0,0.0,10.0,0.0,2232,2232,344,0.1541218637992831,78190813.27155371,805838.2592725649,0.0103060478022388,0.0805838259272564,0,4298,591237,medium_default,10000000.0
Fin_fl_rl_3,pure_rl,fl_rl,18066532.299237534,10000000.0,18066532.29925069,8066532.299250692,0.0,0.0,14.0,0.0,4300,4300,123,0.0286046511627907,150655502.61132064,273173.94737519167,0.001813235777255,0.0273173947375191,0,4298,591237,medium_default,10000000.0
Fin_rl_1,pure_rl,rl,10078068.187879331,10000000.0,10078068.18787904,78068.18787904084,0.0,0.0,14.0,0.0,358,358,127,0.3547486033519553,12423638.291788751,435449.0884332219,0.0350500455829454,0.0435449088433221,0,4269,591237,high_default,10000000.0
Fin_rl_2,pure_rl,rl,12741074.46893154,10000000.0,12741074.46892644,2741074.468926441,0.0,0.0,23.0,0.0,1718,1718,166,0.0966239813736903,59608221.15487972,450787.6566211469,0.0075625081219898,0.0450787656621146,0,4269,591237,high_default,10000000.0
Fin_rl_3,pure_rl,rl,18930918.15555157,10000000.0,18930918.155539185,8930918.155539185,0.0,0.0,15.0,0.0,4634,4634,139,0.0299956840742339,161788360.2337834,416050.0551705128,0.0025715697629256,0.0416050055170512,0,4269,591237,high_default,10000000.0
Fin_fl_rl_1,pure_rl,fl_rl,10865250.551298195,10000000.0,10865250.551295562,865250.5512955617,0.0,0.0,29.0,0.0,878,878,128,0.1457858769931662,30712345.42266689,454895.9568042914,0.0148115017118998,0.0454895956804291,0,4238,591237,high_default,10000000.0
Fin_fl_rl_2,pure_rl,fl_rl,12816731.825783271,10000000.0,12816731.825784665,2816731.8257846627,0.0,0.0,16.0,0.0,2016,2016,193,0.0957341269841269,70776992.8875692,526212.5445319986,0.0074347965781464,0.0526212544531998,0,4238,591237,high_default,10000000.0
Fin_fl_rl_3,pure_rl,fl_rl,14878037.60378836,10000000.0,14878037.603793332,4878037.603793332,0.0,0.0,22.0,0.0,3008,3008,101,0.0335771276595744,104776496.14515696,274825.4915420179,0.0026229689067028,0.0274825491542017,0,4238,591237,high_default,10000000.0
Fin_rl_1,pure_rl,rl,5760161.178439171,1000000.0,5760161.178439304,4760161.178439304,0.0,0.0,6.0,0.0,2892,2892,0,0.0,94417069.83782087,0.0,0.0,0.0,0,4255,647701,none_default,1000000.0
Fin_rl_2,pure_rl,rl,4188416.6241213535,1000000.0,4188416.62412128,3188416.6241212804,0.0,0.0,6.0,0.0,1629,1629,0,0.0,56280013.41111836,0.0,0.0,0.0,0,4255,647701,none_default,1000000.0
Fin_rl_3,pure_rl,rl,7236435.733142229,1000000.0,7236435.733142399,6236435.733142399,0.0,0.0,6.0,0.0,3268,3268,0,0.0,111669619.84153934,0.0,0.0,0.0,0,4255,647701,none_default,1000000.0
Fin_fl_rl_1,pure_rl,fl_rl,5579614.633645407,1000000.0,5579614.633645262,4579614.633645262,0.0,0.0,6.0,0.0,2836,2836,0,0.0,92280775.974322,0.0,0.0,0.0,0,4250,647701,none_default,1000000.0
Fin_fl_rl_2,pure_rl,fl_rl,5178361.605571245,1000000.0,5178361.605572777,4178361.605572777,0.0,0.0,6.0,0.0,2355,2355,0,0.0,82275296.56500173,0.0,0.0,0.0,0,4250,647701,none_default,1000000.0
Fin_fl_rl_3,pure_rl,fl_rl,6338203.444896813,1000000.0,6338203.44489662,5338203.44489662,0.0,0.0,6.0,0.0,2887,2887,0,0.0,100200160.05200753,0.0,0.0,0.0,0,4250,647701,none_default,1000000.0
Fin_rl_1,pure_rl,rl,4720841.944313359,1000000.0,4720841.944312837,3720841.944312837,0.0,0.0,6.0,0.0,1965,1965,11,0.0055979643765903,68666291.50555249,26848.51118767963,0.0003909998719751,0.0268485111876796,0,4265,647701,low_default,1000000.0
Fin_rl_2,pure_rl,rl,4915476.365846925,1000000.0,4915476.365847524,3915476.365847524,0.0,0.0,6.0,0.0,2017,2017,51,0.0252850768468021,69920181.28734778,101426.460481407,0.001450603511232,0.101426460481407,0,4265,647701,low_default,1000000.0
Fin_rl_3,pure_rl,rl,4880704.22819479,1000000.0,4880704.228195247,3880704.2281952472,0.0,0.0,6.0,0.0,2504,2504,54,0.0215654952076677,83481602.1104773,114858.50886505608,0.0013758541518292,0.114858508865056,0,4265,647701,low_default,1000000.0
Fin_fl_rl_1,pure_rl,fl_rl,3909048.3833130063,1000000.0,3909048.383312935,2909048.3833129345,0.0,0.0,6.0,0.0,1758,1758,31,0.0176336746302616,61007274.60845007,69276.8652288872,0.0011355508941107,0.0692768652288872,0,4251,647701,low_default,1000000.0
Fin_fl_rl_2,pure_rl,fl_rl,4722035.247089458,1000000.0,4722035.247088976,3722035.247088976,0.0,0.0,6.0,0.0,1860,1860,33,0.0177419354838709,65391822.32299387,58873.66195522314,0.000900321475435,0.0588736619552231,0,4251,647701,low_default,1000000.0
Fin_fl_rl_3,pure_rl,fl_rl,6372358.468083802,1000000.0,6372358.468083125,5372358.468083125,0.0,0.0,6.0,0.0,3045,3045,16,0.0052545155993431,101843500.32706104,32135.12636160617,0.0003155343861749,0.0321351263616061,0,4251,647701,low_default,1000000.0
Fin_rl_1,pure_rl,rl,3652086.754846432,1000000.0,3652086.75484615,2652086.75484615,0.0,0.0,7.0,0.0,1442,1442,62,0.0429958391123439,50896980.24620228,167845.16913317706,0.0032977431729989,0.167845169133177,0,4253,647701,medium_default,1000000.0
Fin_rl_2,pure_rl,rl,3539629.300564504,1000000.0,3539629.3005647934,2539629.3005647934,0.0,0.0,20.0,0.0,1560,1560,123,0.0788461538461538,53881784.243480526,258272.69861540015,0.0047933211982795,0.2582726986154002,0,4253,647701,medium_default,1000000.0
Fin_rl_3,pure_rl,rl,6545713.849859092,1000000.0,6545713.849859266,5545713.849859266,0.0,0.0,6.0,0.0,2892,2892,48,0.0165975103734439,97665719.86535253,113713.78858101871,0.0011643162896642,0.1137137885810187,0,4253,647701,medium_default,1000000.0
Fin_fl_rl_1,pure_rl,fl_rl,3159988.1531027616,1000000.0,3159988.153102992,2159988.153102992,0.0,0.0,18.0,0.0,1250,1250,66,0.0528,43794522.04969894,183691.76900485015,0.0041944005872787,0.1836917690048501,0,4274,647701,medium_default,1000000.0
Fin_fl_rl_2,pure_rl,fl_rl,4361806.794209136,1000000.0,4361806.794209494,3361806.7942094943,0.0,0.0,20.0,0.0,2065,2065,74,0.0358353510895883,70836018.68450928,150502.1350985704,0.0021246554774468,0.1505021350985704,0,4274,647701,medium_default,1000000.0
Fin_fl_rl_3,pure_rl,fl_rl,5712054.828266603,1000000.0,5712054.828266821,4712054.828266821,0.0,0.0,6.0,0.0,2657,2657,26,0.0097854723372224,89233330.29871029,70545.1739004989,0.0007905697754902,0.0705451739004989,0,4274,647701,medium_default,1000000.0
Fin_rl_1,pure_rl,rl,3146258.359590753,1000000.0,3146258.359590906,2146258.359590906,0.0,0.0,15.0,0.0,1329,1329,86,0.0647103085026335,44873038.09331953,282512.01983042393,0.0062958077240703,0.2825120198304239,0,4262,647701,high_default,1000000.0
Fin_rl_2,pure_rl,rl,3878966.97687383,1000000.0,3878966.976873432,2878966.976873432,0.0,0.0,9.0,0.0,1618,1618,61,0.0377008652657602,57072963.60794074,151002.83219539234,0.0026457857214616,0.1510028321953923,0,4262,647701,high_default,1000000.0
Fin_rl_3,pure_rl,rl,5177349.632007403,1000000.0,5177349.632007116,4177349.632007116,0.0,0.0,6.0,0.0,2402,2402,78,0.0324729392173189,79991781.83496642,215371.8518791489,0.0026924247333743,0.2153718518791488,0,4262,647701,high_default,1000000.0
Fin_fl_rl_1,pure_rl,fl_rl,3476033.528151595,1000000.0,3476033.528151356,2476033.528151356,0.0,0.0,25.0,0.0,1655,1655,93,0.0561933534743202,56757128.35610958,331009.265170815,0.0058320298217692,0.3310092651708149,0,4249,647701,high_default,1000000.0
Fin_fl_rl_2,pure_rl,fl_rl,2701026.395138208,1000000.0,2701026.395137852,1701026.3951378516,0.0,0.0,12.0,0.0,1037,1037,82,0.0790742526518804,35576306.650697805,190125.57210963836,0.0053441627310098,0.1901255721096383,0,4249,647701,high_default,1000000.0
Fin_fl_rl_3,pure_rl,fl_rl,5708931.293685766,1000000.0,5708931.293685616,4708931.293685616,0.0,0.0,6.0,0.0,2595,2595,58,0.0223506743737957,88621082.56834915,169802.367795266,0.0019160493516235,0.169802367795266,0,4249,647701,high_default,1000000.0
Fin_rl_1,pure_rl,rl,7643468.339229009,5000000.0,7643468.339228978,2643468.3392289784,0.0,0.0,6.0,0.0,2810,2810,0,0.0,98430478.3548628,0.0,0.0,0.0,0,4251,647701,none_default,5000000.0
Fin_rl_2,pure_rl,rl,7077552.552230429,5000000.0,7077552.552230551,2077552.552230551,0.0,0.0,12.0,0.0,2541,2541,0,0.0,88599544.2308271,0.0,0.0,0.0,0,4251,647701,none_default,5000000.0
Fin_rl_3,pure_rl,rl,10464188.234524904,5000000.0,10464188.234523326,5464188.234523326,0.0,0.0,6.0,0.0,5057,5057,0,0.0,176374803.44345057,0.0,0.0,0.0,0,4251,647701,none_default,5000000.0
Fin_fl_rl_1,pure_rl,fl_rl,8191035.236541835,5000000.0,8191035.236543527,3191035.236543527,0.0,0.0,6.0,0.0,4492,4492,0,0.0,156907450.7268983,0.0,0.0,0.0,0,4246,647701,none_default,5000000.0
Fin_fl_rl_2,pure_rl,fl_rl,6527582.621955848,5000000.0,6527582.621958713,1527582.621958713,0.0,0.0,8.0,0.0,2289,2289,0,0.0,80062193.5097093,0.0,0.0,0.0,0,4246,647701,none_default,5000000.0
Fin_fl_rl_3,pure_rl,fl_rl,7459348.532611608,5000000.0,7459348.532612732,2459348.532612732,0.0,0.0,6.0,0.0,3622,3622,0,0.0,127435732.48652305,0.0,0.0,0.0,0,4246,647701,none_default,5000000.0
Fin_rl_1,pure_rl,rl,10663819.315498944,5000000.0,10663819.31549777,5663819.315497771,0.0,0.0,13.0,0.0,3698,3698,176,0.0475932936722552,130153435.53565829,373213.6451515546,0.002867489771711,0.0746427290303109,0,4246,647701,low_default,5000000.0
Fin_rl_2,pure_rl,rl,6206475.254958777,5000000.0,6206475.25495862,1206475.2549586203,0.0,0.0,25.0,0.0,882,882,38,0.0430839002267573,30482231.788346622,59687.00171984882,0.0019580915903496,0.0119374003439697,0,4246,647701,low_default,5000000.0
Fin_rl_3,pure_rl,rl,11713160.964754678,5000000.0,11713160.964753104,6713160.964753103,0.0,0.0,16.0,0.0,4388,4388,111,0.0252962625341841,153345674.80882293,243729.04306210787,0.00158940930917,0.0487458086124215,0,4246,647701,low_default,5000000.0
Fin_fl_rl_1,pure_rl,fl_rl,7432989.889345156,5000000.0,7432989.889343834,2432989.8893438345,0.0,0.0,6.0,0.0,1385,1385,55,0.03971119133574,48132937.74146433,115934.39509914178,0.0024086291121863,0.0231868790198283,0,4263,647701,low_default,5000000.0
Fin_fl_rl_2,pure_rl,fl_rl,9055871.769447569,5000000.0,9055871.76945012,4055871.769450119,0.0,0.0,6.0,0.0,2080,2080,86,0.0413461538461538,73332040.15908767,161325.87624911446,0.0021999371066062,0.0322651752498228,0,4263,647701,low_default,5000000.0
Fin_fl_rl_3,pure_rl,fl_rl,14954379.861363005,5000000.0,14954379.861357592,9954379.861357592,0.0,0.0,6.0,0.0,4832,4832,72,0.0149006622516556,168948806.17775157,148773.6370785092,0.0008805841274899,0.0297547274157018,0,4263,647701,low_default,5000000.0
Fin_rl_1,pure_rl,rl,6930243.713666419,5000000.0,6930243.713665888,1930243.713665888,0.0,0.0,21.0,0.0,1551,1551,164,0.1057382333978078,54651769.42066439,344739.42479868646,0.0063079279674399,0.0689478849597372,0,4253,647701,medium_default,5000000.0
Fin_rl_2,pure_rl,rl,8837456.349784149,5000000.0,8837456.349786751,3837456.349786751,0.0,0.0,20.0,0.0,2253,2253,138,0.0612516644474034,78027160.7315909,265528.58518834045,0.0034030276470233,0.053105717037668,0,4253,647701,medium_default,5000000.0
Fin_rl_3,pure_rl,rl,12443389.190790009,5000000.0,12443389.190789243,7443389.190789245,0.0,0.0,10.0,0.0,4003,4003,146,0.0364726455158631,140688332.54450986,330339.0799472191,0.0023480204361844,0.0660678159894438,0,4253,647701,medium_default,5000000.0
Fin_fl_rl_1,pure_rl,fl_rl,8823096.589754822,5000000.0,8823096.589756258,3823096.589756258,0.0,0.0,6.0,0.0,1930,1930,101,0.0523316062176165,67620896.10862114,275923.7763439716,0.0040804513430397,0.0551847552687943,0,4254,647701,medium_default,5000000.0
Fin_fl_rl_2,pure_rl,fl_rl,7393656.765146438,5000000.0,7393656.765145321,2393656.7651453214,0.0,0.0,7.0,0.0,1448,1448,179,0.1236187845303867,50502205.961008616,371388.9665609606,0.0073539157249427,0.0742777933121921,0,4254,647701,medium_default,5000000.0
Fin_fl_rl_3,pure_rl,fl_rl,11648862.079213647,5000000.0,11648862.079211988,6648862.079211988,0.0,0.0,6.0,0.0,3303,3303,86,0.0260369361186799,115546765.43347137,182431.18651042585,0.0015788515223774,0.0364862373020851,0,4254,647701,medium_default,5000000.0
Fin_rl_1,pure_rl,rl,8682391.197763624,5000000.0,8682391.197764117,3682391.197764117,0.0,0.0,14.0,0.0,2147,2147,146,0.0680018630647415,74741682.66133948,484581.4905712145,0.0064834169276987,0.0969162981142429,0,4247,647701,high_default,5000000.0
Fin_rl_2,pure_rl,rl,5842447.434372922,5000000.0,5842447.434373017,842447.4343730174,0.0,0.0,10.0,0.0,1058,1058,304,0.2873345935727788,37003882.75099692,768493.0616723157,0.0207679033803989,0.1536986123344631,0,4247,647701,high_default,5000000.0
Fin_rl_3,pure_rl,rl,11145069.63136035,5000000.0,11145069.631355405,6145069.631355403,0.0,0.0,14.0,0.0,3007,3007,55,0.0182906551380113,104559536.04233427,163718.93919850403,0.0015657963433599,0.0327437878397008,0,4247,647701,high_default,5000000.0
Fin_fl_rl_1,pure_rl,fl_rl,8052140.281328641,5000000.0,8052140.281331154,3052140.2813311536,0.0,0.0,12.0,0.0,1991,1991,137,0.0688096433952787,69440175.42008647,461079.0642132929,0.0066399467084283,0.0922158128426585,0,4250,647701,high_default,5000000.0
Fin_fl_rl_2,pure_rl,fl_rl,7948092.353351411,5000000.0,7948092.353354732,2948092.353354732,0.0,0.0,15.0,0.0,1990,1990,228,0.114572864321608,69921108.13482565,562579.4313063863,0.008045916981487,0.1125158862612772,0,4250,647701,high_default,5000000.0
Fin_fl_rl_3,pure_rl,fl_rl,8541520.477545124,5000000.0,8541520.477544328,3541520.477544328,0.0,0.0,12.0,0.0,1959,1959,84,0.0428790199081163,68049845.60428022,239530.3252632123,0.0035199245955107,0.0479060650526424,0,4250,647701,high_default,5000000.0
Fin_rl_1,pure_rl,rl,11866400.36653093,10000000.0,11866400.36652904,1866400.36652904,0.0,0.0,12.0,0.0,2093,2093,0,0.0,73066137.81163648,0.0,0.0,0.0,0,4241,647701,none_default,10000000.0
Fin_rl_2,pure_rl,rl,11060550.409354024,10000000.0,11060550.409354407,1060550.409354407,0.0,0.0,14.0,0.0,1637,1637,0,0.0,57790434.70918339,0.0,0.0,0.0,0,4241,647701,none_default,10000000.0
Fin_rl_3,pure_rl,rl,15399977.70558753,10000000.0,15399977.70558957,5399977.70558957,0.0,0.0,9.0,0.0,6648,6648,0,0.0,233054949.117362,0.0,0.0,0.0,0,4241,647701,none_default,10000000.0
Fin_fl_rl_1,pure_rl,fl_rl,11587911.999662183,10000000.0,11587911.99966446,1587911.9996644594,0.0,0.0,16.0,0.0,1660,1660,0,0.0,58152271.11297972,0.0,0.0,0.0,0,4253,647701,none_default,10000000.0
Fin_fl_rl_2,pure_rl,fl_rl,16014320.280562492,10000000.0,16014320.280559735,6014320.280559737,0.0,0.0,14.0,0.0,6107,6107,0,0.0,212715226.6564501,0.0,0.0,0.0,0,4253,647701,none_default,10000000.0
Fin_fl_rl_3,pure_rl,fl_rl,12942603.426010994,10000000.0,12942603.426009107,2942603.4260091074,0.0,0.0,6.0,0.0,2640,2640,0,0.0,92961303.62139525,0.0,0.0,0.0,0,4253,647701,none_default,10000000.0
Fin_rl_1,pure_rl,rl,13911584.485276343,10000000.0,13911584.485271828,3911584.485271828,0.0,0.0,16.0,0.0,2624,2624,208,0.0792682926829268,91655940.83961898,457023.234138946,0.0049862914498761,0.0457023234138946,0,4259,647701,low_default,10000000.0
Fin_rl_2,pure_rl,rl,14550505.450840944,10000000.0,14550505.450841945,4550505.450841943,0.0,0.0,26.0,0.0,2869,2869,71,0.024747298710352,99684094.56500326,139922.7340517517,0.0014036615837495,0.0139922734051751,0,4259,647701,low_default,10000000.0
Fin_rl_3,pure_rl,rl,15190974.373472836,10000000.0,15190974.373469632,5190974.373469632,0.0,0.0,23.0,0.0,3199,3199,84,0.0262582056892779,111232461.17495808,194912.62966084195,0.001752299891614,0.0194912629660841,0,4259,647701,low_default,10000000.0
Fin_fl_rl_1,pure_rl,fl_rl,13270188.069075491,10000000.0,13270188.06907343,3270188.0690734293,0.0,0.0,26.0,0.0,2080,2080,60,0.0288461538461538,72937560.29003681,131019.81417507883,0.0017963284438645,0.0131019814175078,0,4255,647701,low_default,10000000.0
Fin_fl_rl_2,pure_rl,fl_rl,12436330.462263662,10000000.0,12436330.462267766,2436330.462267766,0.0,0.0,24.0,0.0,1465,1465,56,0.0382252559726962,51531805.42566039,100733.30645643566,0.0019547792984228,0.0100733306456435,0,4255,647701,low_default,10000000.0
Fin_fl_rl_3,pure_rl,fl_rl,17319667.473883685,10000000.0,17319667.47388928,7319667.47388928,0.0,0.0,10.0,0.0,4690,4690,63,0.0134328358208955,163840189.9221768,136619.9935867322,0.0008338612989378,0.0136619993586732,0,4255,647701,low_default,10000000.0
Fin_rl_1,pure_rl,rl,11580705.014502175,10000000.0,11580705.01449765,1580705.0144976508,0.0,0.0,21.0,0.0,1107,1107,119,0.1074977416440831,38193885.983057976,310667.11774403736,0.0081339489226585,0.0310667117744037,0,4257,647701,medium_default,10000000.0
Fin_rl_2,pure_rl,rl,14459185.39913051,10000000.0,14459185.399134433,4459185.399134431,0.0,0.0,22.0,0.0,2589,2589,100,0.0386249517188103,90543902.2872192,222074.80561148468,0.0024526754425386,0.0222074805611484,0,4257,647701,medium_default,10000000.0
Fin_rl_3,pure_rl,rl,15677093.771895034,10000000.0,15677093.77189142,5677093.771891419,0.0,0.0,22.0,0.0,3286,3286,72,0.0219111381618989,115049592.59152074,169676.92992765823,0.0014748155652327,0.0169676929927658,0,4257,647701,medium_default,10000000.0
Fin_fl_rl_1,pure_rl,fl_rl,10636127.71362562,10000000.0,10636127.71362364,636127.7136236411,0.0,0.0,9.0,0.0,404,404,50,0.1237623762376237,14235199.760411052,131786.8450293406,0.0092578149409499,0.013178684502934,0,4245,647701,medium_default,10000000.0
Fin_fl_rl_2,pure_rl,fl_rl,11843271.681261707,10000000.0,11843271.681260107,1843271.681260107,0.0,0.0,6.0,0.0,1130,1130,83,0.0734513274336283,39474976.09571982,157480.21799187202,0.003989368292713,0.0157480217991872,0,4245,647701,medium_default,10000000.0
Fin_fl_rl_3,pure_rl,fl_rl,18143740.122717008,10000000.0,18143740.12271433,8143740.122714326,0.0,0.0,6.0,0.0,4489,4489,119,0.0265092448206727,157183577.04959932,289230.68454320164,0.0018400820872776,0.0289230684543201,0,4245,647701,medium_default,10000000.0
Fin_rl_1,pure_rl,rl,10383866.66611567,10000000.0,10383866.666117156,383866.6661171559,0.0,0.0,25.0,0.0,486,486,101,0.2078189300411522,17226730.119709805,358846.6646713344,0.0208308055085139,0.0358846664671334,0,4244,647701,high_default,10000000.0
Fin_rl_2,pure_rl,rl,12902102.37742754,10000000.0,12902102.377423229,2902102.377423227,0.0,0.0,15.0,0.0,1853,1853,244,0.1316783594171613,64729144.98177495,611021.4991277935,0.0094396658460393,0.0611021499127793,0,4244,647701,high_default,10000000.0
Fin_rl_3,pure_rl,rl,18108064.825826816,10000000.0,18108064.8258304,8108064.825830396,0.0,0.0,26.0,0.0,4163,4163,49,0.0117703579149651,145348907.3216752,144357.81795627775,0.0009931813084552,0.0144357817956277,0,4244,647701,high_default,10000000.0
Fin_fl_rl_1,pure_rl,fl_rl,11886562.343711914,10000000.0,11886562.343708724,1886562.343708724,0.0,0.0,21.0,0.0,1487,1487,162,0.1089441829186281,51533058.04603617,535390.6680982817,0.0103892663932344,0.0535390668098281,0,4247,647701,high_default,10000000.0
Fin_fl_rl_2,pure_rl,fl_rl,12144836.740785642,10000000.0,12144836.740785643,2144836.7407856435,0.0,0.0,23.0,0.0,1489,1489,167,0.112155809267965,52106807.8676768,407788.67445566953,0.0078260152779121,0.0407788674455669,0,4247,647701,high_default,10000000.0
Fin_fl_rl_3,pure_rl,fl_rl,15867873.815664934,10000000.0,15867873.815656202,5867873.815656202,0.0,0.0,27.0,0.0,3352,3352,71,0.02118138424821,117358027.94211791,210783.55687824707,0.0017960727576489,0.0210783556878247,0,4247,647701,high_default,10000000.0
Fin_rl_1,pure_rl,rl,6238596.873876577,1000000.0,6238596.873876332,5238596.873876332,0.0,0.0,6.0,0.0,2973,2973,0,0.0,101834001.7681406,0.0,0.0,0.0,0,4262,703909,none_default,1000000.0
Fin_rl_2,pure_rl,rl,4524356.187698831,1000000.0,4524356.187698394,3524356.187698394,0.0,0.0,6.0,0.0,2276,2276,0,0.0,75558687.29660143,0.0,0.0,0.0,0,4262,703909,none_default,1000000.0
Fin_rl_3,pure_rl,rl,4831473.234661152,1000000.0,4831473.234660968,3831473.234660968,0.0,0.0,6.0,0.0,2401,2401,0,0.0,81304936.50985417,0.0,0.0,0.0,0,4262,703909,none_default,1000000.0
Fin_fl_rl_1,pure_rl,fl_rl,5334702.879447541,1000000.0,5334702.879447192,4334702.879447192,0.0,0.0,6.0,0.0,2731,2731,0,0.0,88572532.04401174,0.0,0.0,0.0,0,4253,703909,none_default,1000000.0
Fin_fl_rl_2,pure_rl,fl_rl,5732801.903516224,1000000.0,5732801.903516462,4732801.903516462,0.0,0.0,6.0,0.0,2488,2488,0,0.0,86669318.25916357,0.0,0.0,0.0,0,4253,703909,none_default,1000000.0
Fin_fl_rl_3,pure_rl,fl_rl,5021283.965572536,1000000.0,5021283.965573264,4021283.965573264,0.0,0.0,6.0,0.0,2330,2330,0,0.0,78893203.3510358,0.0,0.0,0.0,0,4253,703909,none_default,1000000.0
Fin_rl_1,pure_rl,rl,6198427.245963285,1000000.0,6198427.2459628405,5198427.2459628405,0.0,0.0,6.0,0.0,2744,2744,19,0.0069241982507288,94510793.6458226,36952.888455602864,0.0003909911982549,0.0369528884556028,0,4247,703909,low_default,1000000.0
Fin_rl_2,pure_rl,rl,4746182.853122527,1000000.0,4746182.8531222325,3746182.853122233,0.0,0.0,6.0,0.0,2095,2095,37,0.0176610978520286,70758774.17885488,74570.53076346431,0.0010538697374119,0.0745705307634643,0,4247,703909,low_default,1000000.0
Fin_rl_3,pure_rl,rl,3897243.410000038,1000000.0,3897243.409999319,2897243.409999319,0.0,0.0,21.0,0.0,1570,1570,21,0.0133757961783439,53194807.783773445,52337.7027826694,0.0009838874311833,0.0523377027826693,0,4247,703909,low_default,1000000.0
Fin_fl_rl_1,pure_rl,fl_rl,5230168.161995012,1000000.0,5230168.161995292,4230168.161995292,0.0,0.0,6.0,0.0,2395,2395,51,0.0212943632567849,83956896.19087227,113681.98339988496,0.0013540517641509,0.1136819833998849,0,4267,703909,low_default,1000000.0
Fin_fl_rl_2,pure_rl,fl_rl,4925781.246264943,1000000.0,4925781.246264594,3925781.2462645937,0.0,0.0,6.0,0.0,2075,2075,34,0.0163855421686747,71843114.48174079,70992.38491757931,0.000988158509409,0.0709923849175793,0,4267,703909,low_default,1000000.0
Fin_fl_rl_3,pure_rl,fl_rl,5699657.119064772,1000000.0,5699657.119065482,4699657.119065482,0.0,0.0,6.0,0.0,2628,2628,31,0.0117960426179604,88286827.51210989,70731.79358239731,0.0008011590808684,0.0707317935823973,0,4267,703909,low_default,1000000.0
Fin_rl_1,pure_rl,rl,2737844.815808624,1000000.0,2737844.8158082594,1737844.8158082594,0.0,0.0,7.0,0.0,1165,1165,90,0.0772532188841201,39946637.90571126,197731.73907946103,0.0049498968986121,0.197731739079461,0,4264,703909,medium_default,1000000.0
Fin_rl_2,pure_rl,rl,4170802.443011491,1000000.0,4170802.443011629,3170802.4430116294,0.0,0.0,7.0,0.0,1954,1954,87,0.0445240532241555,66264387.81187901,176649.86194096017,0.0026658340592002,0.1766498619409601,0,4264,703909,medium_default,1000000.0
Fin_rl_3,pure_rl,rl,7173884.593364801,1000000.0,7173884.59336443,6173884.59336443,0.0,0.0,6.0,0.0,3153,3153,49,0.0155407548366634,107430264.51560022,120391.970426869,0.0011206522758713,0.120391970426869,0,4264,703909,medium_default,1000000.0
Fin_fl_rl_1,pure_rl,fl_rl,4065566.048711048,1000000.0,4065566.0487115984,3065566.0487115984,0.0,0.0,7.0,0.0,1652,1652,62,0.0375302663438256,57866272.19800448,156132.6340101867,0.0026981629899354,0.1561326340101867,0,4246,703909,medium_default,1000000.0
Fin_fl_rl_2,pure_rl,fl_rl,4793913.007192753,1000000.0,4793913.00719179,3793913.0071917903,0.0,0.0,7.0,0.0,2225,2225,57,0.0256179775280898,77156135.9129573,113073.72439766304,0.0014655182385653,0.113073724397663,0,4246,703909,medium_default,1000000.0
Fin_fl_rl_3,pure_rl,fl_rl,5761686.98052517,1000000.0,5761686.98052625,4761686.98052625,0.0,0.0,6.0,0.0,2429,2429,19,0.0078221490325236,82706011.32094666,43281.11505101867,0.0005233128083406,0.0432811150510186,0,4246,703909,medium_default,1000000.0
Fin_rl_1,pure_rl,rl,4145892.461169256,1000000.0,4145892.461170161,3145892.461170161,0.0,0.0,7.0,0.0,1890,1890,85,0.0449735449735449,65135435.63688383,268510.5565908288,0.0041223422237891,0.2685105565908288,0,4234,703909,high_default,1000000.0
Fin_rl_2,pure_rl,rl,2806614.658703396,1000000.0,2806614.658703398,1806614.658703398,0.0,0.0,7.0,0.0,1106,1106,141,0.1274864376130199,38560347.91004863,391358.6761027068,0.0101492516876571,0.3913586761027068,0,4234,703909,high_default,1000000.0
Fin_rl_3,pure_rl,rl,4670335.611585358,1000000.0,4670335.611585217,3670335.6115852166,0.0,0.0,6.0,0.0,2203,2203,39,0.017703132092601,74735673.1246041,130432.27692248183,0.0017452479046387,0.1304322769224818,0,4234,703909,high_default,1000000.0
Fin_fl_rl_1,pure_rl,fl_rl,3444519.5115903504,1000000.0,3444519.5115905656,2444519.5115905656,0.0,0.0,7.0,0.0,1752,1752,93,0.0530821917808219,60536686.16422505,315802.45222661446,0.005216711918619,0.3158024522266144,0,4253,703909,high_default,1000000.0
Fin_fl_rl_2,pure_rl,fl_rl,3230884.3203638345,1000000.0,3230884.320363733,2230884.320363733,0.0,0.0,7.0,0.0,1504,1504,111,0.0738031914893617,52375223.00442704,292433.51040912344,0.0055834322726302,0.2924335104091234,0,4253,703909,high_default,1000000.0
Fin_fl_rl_3,pure_rl,fl_rl,4159998.4220403978,1000000.0,4159998.422040024,3159998.422040024,0.0,0.0,6.0,0.0,2050,2050,41,0.02,69506171.77693927,130011.26702381395,0.0018704996074456,0.1300112670238139,0,4253,703909,high_default,1000000.0
Fin_rl_1,pure_rl,rl,9014534.257645989,5000000.0,9014534.257646374,4014534.2576463744,0.0,0.0,6.0,0.0,4508,4508,0,0.0,157389646.15693155,0.0,0.0,0.0,0,4246,703909,none_default,5000000.0
Fin_rl_2,pure_rl,rl,5887696.40017833,5000000.0,5887696.400177897,887696.400177897,0.0,0.0,7.0,0.0,928,928,0,0.0,32277480.480824515,0.0,0.0,0.0,0,4246,703909,none_default,5000000.0
Fin_rl_3,pure_rl,rl,9245593.22299211,5000000.0,9245593.222992375,4245593.222992376,0.0,0.0,6.0,0.0,4954,4954,0,0.0,173281063.98241058,0.0,0.0,0.0,0,4246,703909,none_default,5000000.0
Fin_fl_rl_1,pure_rl,fl_rl,10495031.356536867,5000000.0,10495031.356539616,5495031.356539616,0.0,0.0,6.0,0.0,5272,5272,0,0.0,183991418.7788353,0.0,0.0,0.0,0,4250,703909,none_default,5000000.0
Fin_fl_rl_2,pure_rl,fl_rl,7211616.806556428,5000000.0,7211616.806558199,2211616.806558199,0.0,0.0,6.0,0.0,2380,2380,0,0.0,82712124.10859649,0.0,0.0,0.0,0,4250,703909,none_default,5000000.0
Fin_fl_rl_3,pure_rl,fl_rl,7823723.894787147,5000000.0,7823723.894785436,2823723.894785436,0.0,0.0,6.0,0.0,2741,2741,0,0.0,97554473.32634656,0.0,0.0,0.0,0,4250,703909,none_default,5000000.0
Fin_rl_1,pure_rl,rl,8283746.337079856,5000000.0,8283746.337077197,3283746.3370771967,0.0,0.0,21.0,0.0,2160,2160,129,0.0597222222222222,75698638.52611405,292271.09737118863,0.0038609822192556,0.0584542194742377,0,4267,703909,low_default,5000000.0
Fin_rl_2,pure_rl,rl,7849214.7033624,5000000.0,7849214.703362629,2849214.703362629,0.0,0.0,17.0,0.0,1746,1746,179,0.1025200458190148,61060943.51896359,368389.30490718887,0.006033141377725,0.0736778609814377,0,4267,703909,low_default,5000000.0
Fin_rl_3,pure_rl,rl,11335945.1020569,5000000.0,11335945.102057211,6335945.102057211,0.0,0.0,6.0,0.0,3627,3627,53,0.0146126275158533,126164654.91068992,108918.89792071308,0.0008633075404344,0.0217837795841426,0,4267,703909,low_default,5000000.0
Fin_fl_rl_1,pure_rl,fl_rl,9958161.506195664,5000000.0,9958161.506193738,4958161.506193738,0.0,0.0,13.0,0.0,2745,2745,35,0.0127504553734061,96135581.21993493,63000.53293069922,0.0006553300258992,0.0126001065861398,0,4249,703909,low_default,5000000.0
Fin_fl_rl_2,pure_rl,fl_rl,9168397.527960036,5000000.0,9168397.52795682,4168397.527956819,0.0,0.0,17.0,0.0,2340,2340,71,0.0303418803418803,81991745.15543808,140530.23497177457,0.0017139558952594,0.0281060469943549,0,4249,703909,low_default,5000000.0
Fin_fl_rl_3,pure_rl,fl_rl,11497645.345860926,5000000.0,11497645.34585834,6497645.345858339,0.0,0.0,16.0,0.0,3425,3425,33,0.0096350364963503,120222421.24775624,65603.27728353397,0.000545682549084,0.0131206554567067,0,4249,703909,low_default,5000000.0
Fin_rl_1,pure_rl,rl,8182569.481294844,5000000.0,8182569.481292192,3182569.481292192,0.0,0.0,14.0,0.0,2171,2171,104,0.0479041916167664,76340809.93914329,251845.23222168005,0.0032989593956685,0.050369046444336,0,4255,703909,medium_default,5000000.0
Fin_rl_2,pure_rl,rl,9814010.92898977,5000000.0,9814010.928991424,4814010.928991424,0.0,0.0,20.0,0.0,3216,3216,209,0.0649875621890547,112236990.18514958,503399.3656550372,0.004485146695618,0.1006798731310074,0,4255,703909,medium_default,5000000.0
Fin_rl_3,pure_rl,rl,9762540.215842182,5000000.0,9762540.215840803,4762540.215840805,0.0,0.0,24.0,0.0,2795,2795,55,0.0196779964221824,97572737.20225652,148854.90912751024,0.0015255789003741,0.029770981825502,0,4255,703909,medium_default,5000000.0
Fin_fl_rl_1,pure_rl,fl_rl,7285252.617704811,5000000.0,7285252.617703867,2285252.617703867,0.0,0.0,23.0,0.0,1538,1538,86,0.0559167750325097,53752753.2953159,216923.39634264127,0.0040355773991868,0.0433846792685282,0,4258,703909,medium_default,5000000.0
Fin_fl_rl_2,pure_rl,fl_rl,9719727.80786154,5000000.0,9719727.807861112,4719727.807861112,0.0,0.0,20.0,0.0,3241,3241,189,0.0583153347732181,113330241.20723753,440263.18286811496,0.0038847811332461,0.0880526365736229,0,4258,703909,medium_default,5000000.0
Fin_fl_rl_3,pure_rl,fl_rl,10744698.957847754,5000000.0,10744698.957845602,5744698.957845602,0.0,0.0,21.0,0.0,3207,3207,67,0.0208917991892734,112417550.63146313,173780.2591771184,0.0015458463398372,0.0347560518354236,0,4258,703909,medium_default,5000000.0
Fin_rl_1,pure_rl,rl,7801592.961250679,5000000.0,7801592.961249693,2801592.9612496933,0.0,0.0,14.0,0.0,2157,2157,204,0.0945757997218358,74889210.87407587,667299.2433488528,0.0089104857102967,0.1334598486697705,0,4247,703909,high_default,5000000.0
Fin_rl_2,pure_rl,rl,6354498.898838291,5000000.0,6354498.89883935,1354498.89883935,0.0,0.0,26.0,0.0,908,908,138,0.1519823788546255,31862162.944987524,374919.3383100234,0.0117669142222814,0.0749838676620046,0,4247,703909,high_default,5000000.0
Fin_rl_3,pure_rl,rl,11411470.621205255,5000000.0,11411470.621206405,6411470.621206405,0.0,0.0,17.0,0.0,3244,3244,57,0.0175709001233045,113311632.68777645,183565.72281488756,0.001620007747313,0.0367131445629775,0,4247,703909,high_default,5000000.0
Fin_fl_rl_1,pure_rl,fl_rl,6864776.722274651,5000000.0,6864776.722274232,1864776.722274232,0.0,0.0,22.0,0.0,1402,1402,185,0.1319543509272467,49527560.610333554,640420.912713784,0.0129305967187119,0.1280841825427568,0,4257,703909,high_default,5000000.0
Fin_fl_rl_2,pure_rl,fl_rl,8098278.278465468,5000000.0,8098278.278465026,3098278.278465026,0.0,0.0,20.0,0.0,1988,1988,178,0.0895372233400402,69208361.78872408,485038.8026886629,0.0070083843939171,0.0970077605377325,0,4257,703909,high_default,5000000.0
Fin_fl_rl_3,pure_rl,fl_rl,10278987.796221774,5000000.0,10278987.79622143,5278987.7962214295,0.0,0.0,18.0,0.0,2835,2835,78,0.0275132275132275,98758843.54795676,244437.00561426656,0.0024750897927998,0.0488874011228533,0,4257,703909,high_default,5000000.0
Fin_rl_1,pure_rl,rl,10862278.723628636,10000000.0,10862278.723634675,862278.7236346751,0.0,0.0,6.0,0.0,1175,1175,0,0.0,40573944.44819011,0.0,0.0,0.0,0,4252,703909,none_default,10000000.0
Fin_rl_2,pure_rl,rl,10680004.799501635,10000000.0,10680004.799498584,680004.7994985841,0.0,0.0,6.0,0.0,875,875,0,0.0,30554027.941129606,0.0,0.0,0.0,0,4252,703909,none_default,10000000.0
Fin_rl_3,pure_rl,rl,15933123.779234836,10000000.0,15933123.779227734,5933123.779227734,0.0,0.0,11.0,0.0,8355,8355,0,0.0,291877946.7059622,0.0,0.0,0.0,0,4252,703909,none_default,10000000.0
Fin_fl_rl_1,pure_rl,fl_rl,16181515.53110386,10000000.0,16181515.53109546,6181515.53109546,0.0,0.0,9.0,0.0,4153,4153,0,0.0,144837611.4099736,0.0,0.0,0.0,0,4240,703909,none_default,10000000.0
Fin_fl_rl_2,pure_rl,fl_rl,10991062.908993972,10000000.0,10991062.90899468,991062.9089946804,0.0,0.0,21.0,0.0,1044,1044,0,0.0,36035953.52517561,0.0,0.0,0.0,0,4240,703909,none_default,10000000.0
Fin_fl_rl_3,pure_rl,fl_rl,17205771.94537157,10000000.0,17205771.945379194,7205771.945379194,0.0,0.0,14.0,0.0,5184,5184,0,0.0,181834298.17981583,0.0,0.0,0.0,0,4240,703909,none_default,10000000.0
Fin_rl_1,pure_rl,rl,15132173.85791852,10000000.0,15132173.857917504,5132173.857917503,0.0,0.0,17.0,0.0,3307,3307,126,0.0381009978832778,115491673.16037998,281744.02707743214,0.0024395181000294,0.0281744027077432,0,4250,703909,low_default,10000000.0
Fin_rl_2,pure_rl,rl,12798452.146011049,10000000.0,12798452.146017255,2798452.146017257,0.0,0.0,12.0,0.0,1821,1821,171,0.0939044481054365,63942501.78951428,365972.83370670245,0.0057234675445044,0.0365972833706702,0,4250,703909,low_default,10000000.0
Fin_rl_3,pure_rl,rl,16878141.736872494,10000000.0,16878141.736873835,6878141.736873835,0.0,0.0,23.0,0.0,3616,3616,34,0.0094026548672566,126816530.15551926,72900.59785976869,0.0005748509107635,0.0072900597859768,0,4250,703909,low_default,10000000.0
Fin_fl_rl_1,pure_rl,fl_rl,15016376.027505346,10000000.0,15016376.027515048,5016376.027515048,0.0,0.0,12.0,0.0,2816,2816,75,0.0266335227272727,98375044.88015568,174787.5536984071,0.0017767468763174,0.0174787553698407,0,4270,703909,low_default,10000000.0
Fin_fl_rl_2,pure_rl,fl_rl,14281236.838543767,10000000.0,14281236.838539649,4281236.838539647,0.0,0.0,17.0,0.0,2567,2567,159,0.0619400077911959,89894676.34749337,319048.489903996,0.0035491366437618,0.0319048489903996,0,4270,703909,low_default,10000000.0
Fin_fl_rl_3,pure_rl,fl_rl,15367055.263794892,10000000.0,15367055.263798049,5367055.263798047,0.0,0.0,19.0,0.0,2815,2815,43,0.0152753108348135,98094848.99228548,90622.63188088693,0.0009238266107939,0.0090622631880886,0,4270,703909,low_default,10000000.0
Fin_rl_1,pure_rl,rl,11510814.01301983,10000000.0,11510814.013021829,1510814.0130218267,0.0,0.0,19.0,0.0,1024,1024,61,0.0595703125,36037565.84756225,154375.89499127088,0.0042837492311294,0.015437589499127,0,4265,703909,medium_default,10000000.0
Fin_rl_2,pure_rl,rl,14010016.693969572,10000000.0,14010016.693969218,4010016.693969218,0.0,0.0,25.0,0.0,2376,2376,89,0.0374579124579124,83134466.00806761,212545.0276584596,0.0025566415214338,0.0212545027658459,0,4265,703909,medium_default,10000000.0
Fin_rl_3,pure_rl,rl,18639616.443777826,10000000.0,18639616.443786744,8639616.443786744,0.0,0.0,21.0,0.0,4556,4556,63,0.0138279192273924,159869653.176511,155400.90489019622,0.0009720475512548,0.0155400904890196,0,4265,703909,medium_default,10000000.0
Fin_fl_rl_1,pure_rl,fl_rl,11999575.118750868,10000000.0,11999575.118752278,1999575.1187522784,0.0,0.0,11.0,0.0,1260,1260,75,0.0595238095238095,43858639.18021464,185425.4918906195,0.0042277985673177,0.0185425491890619,0,4252,703909,medium_default,10000000.0
Fin_fl_rl_2,pure_rl,fl_rl,14648513.00881129,10000000.0,14648513.008811235,4648513.008811235,0.0,0.0,14.0,0.0,3103,3103,194,0.0625201417982597,108339089.21037012,450038.622117021,0.0041539819597629,0.0450038622117021,0,4252,703909,medium_default,10000000.0
Fin_fl_rl_3,pure_rl,fl_rl,16472347.492885549,10000000.0,16472347.492875634,6472347.492875634,0.0,0.0,24.0,0.0,3799,3799,64,0.0168465385627796,133052427.89409456,167483.09844803612,0.001258775214394,0.0167483098448036,0,4252,703909,medium_default,10000000.0
Fin_rl_1,pure_rl,rl,14093181.02150614,10000000.0,14093181.0215039,4093181.021503901,0.0,0.0,20.0,0.0,2685,2685,154,0.0573556797020484,94622493.69256862,560978.5503379765,0.005928596134452,0.0560978550337976,0,4248,703909,high_default,10000000.0
Fin_rl_2,pure_rl,rl,11317720.869981222,10000000.0,11317720.869979316,1317720.8699793164,0.0,0.0,31.0,0.0,955,955,123,0.1287958115183246,33217224.699701164,337413.4365739777,0.010157785294357,0.0337413436573977,0,4248,703909,high_default,10000000.0
Fin_rl_3,pure_rl,rl,15693195.419629062,10000000.0,15693195.419631744,5693195.419631744,0.0,0.0,21.0,0.0,3002,3002,94,0.0313124583610926,104611040.13921982,326248.9227702504,0.003118685392441,0.032624892277025,0,4248,703909,high_default,10000000.0
Fin_fl_rl_1,pure_rl,fl_rl,12499190.172451474,10000000.0,12499190.172447007,2499190.172447007,0.0,0.0,21.0,0.0,1603,1603,99,0.0617592014971927,56493391.31070846,390415.2298280829,0.0069108124113285,0.0390415229828082,0,4245,703909,high_default,10000000.0
Fin_fl_rl_2,pure_rl,fl_rl,13352216.13605986,10000000.0,13352216.13606172,3352216.136061721,0.0,0.0,20.0,0.0,2013,2013,123,0.0611028315946348,70660984.03663433,349595.718443128,0.0049475070749351,0.0349595718443128,0,4245,703909,high_default,10000000.0
Fin_fl_rl_3,pure_rl,fl_rl,15232805.439314978,10000000.0,15232805.439308954,5232805.439308954,0.0,0.0,22.0,0.0,2869,2869,94,0.0327640292784942,101402771.26366717,314664.5666677857,0.0031031160464993,0.0314664566667785,0,4245,703909,high_default,10000000.0
Fin_rl_1,pure_rl,rl,5589995.51870945,1000000.0,5589995.518709888,4589995.518709888,0.0,0.0,6.0,0.0,2589,2589,0,0.0,84449877.22825359,0.0,0.0,0.0,0,4245,758243,none_default,1000000.0
Fin_rl_2,pure_rl,rl,4442822.173617305,1000000.0,4442822.173617813,3442822.173617813,0.0,0.0,6.0,0.0,2070,2070,0,0.0,70900988.19755821,0.0,0.0,0.0,0,4245,758243,none_default,1000000.0
Fin_rl_3,pure_rl,rl,7152594.543822475,1000000.0,7152594.543822179,6152594.543822179,0.0,0.0,6.0,0.0,3124,3124,0,0.0,109417573.7574844,0.0,0.0,0.0,0,4245,758243,none_default,1000000.0
Fin_fl_rl_1,pure_rl,fl_rl,5352999.525976604,1000000.0,5352999.525977431,4352999.525977431,0.0,0.0,6.0,0.0,2720,2720,0,0.0,88532949.57885039,0.0,0.0,0.0,0,4249,758243,none_default,1000000.0
Fin_fl_rl_2,pure_rl,fl_rl,5924211.236332657,1000000.0,5924211.236331954,4924211.236331954,0.0,0.0,6.0,0.0,2700,2700,0,0.0,93757498.9156808,0.0,0.0,0.0,0,4249,758243,none_default,1000000.0
Fin_fl_rl_3,pure_rl,fl_rl,5678923.858702126,1000000.0,5678923.858702809,4678923.858702809,0.0,0.0,6.0,0.0,2409,2409,0,0.0,82430602.46816301,0.0,0.0,0.0,0,4249,758243,none_default,1000000.0
Fin_rl_1,pure_rl,rl,4816734.192622673,1000000.0,4816734.192622404,3816734.192622404,0.0,0.0,6.0,0.0,2344,2344,19,0.0081058020477815,78944068.71885334,33502.60948353738,0.000424384124447,0.0335026094835373,0,4251,758243,low_default,1000000.0
Fin_rl_2,pure_rl,rl,3372628.233742987,1000000.0,3372628.233743291,2372628.233743291,0.0,0.0,10.0,0.0,1431,1431,57,0.0398322851153039,49634900.83559642,106428.49278853116,0.0021442269652366,0.1064284927885311,0,4251,758243,low_default,1000000.0
Fin_rl_3,pure_rl,rl,6195616.870444835,1000000.0,6195616.870444477,5195616.870444477,0.0,0.0,28.0,0.0,2710,2710,13,0.0047970479704797,92367405.57212894,23965.687211234177,0.0002594604348015,0.0239656872112341,0,4251,758243,low_default,1000000.0
Fin_fl_rl_1,pure_rl,fl_rl,3636951.770786992,1000000.0,3636951.770787398,2636951.770787398,0.0,0.0,6.0,0.0,1429,1429,29,0.020293911826452,49843413.12764667,63148.26083790454,0.0012669329180203,0.0631482608379045,0,4253,758243,low_default,1000000.0
Fin_fl_rl_2,pure_rl,fl_rl,5372280.3049211,1000000.0,5372280.30492111,4372280.30492111,0.0,0.0,6.0,0.0,2312,2312,67,0.0289792387543252,79075573.68033338,130002.54335912249,0.001644029088991,0.1300025433591224,0,4253,758243,low_default,1000000.0
Fin_fl_rl_3,pure_rl,fl_rl,6537437.926869072,1000000.0,6537437.926869544,5537437.926869544,0.0,0.0,28.0,0.0,2738,2738,40,0.0146092037983929,93187538.56279828,77361.96742568642,0.0008301750278933,0.0773619674256864,0,4253,758243,low_default,1000000.0
Fin_rl_1,pure_rl,rl,4355269.190542277,1000000.0,4355269.190542045,3355269.190542045,0.0,0.0,6.0,0.0,2129,2129,60,0.0281822451855331,72886874.8985163,157791.19579618698,0.0021648780526793,0.1577911957961869,0,4258,758243,medium_default,1000000.0
Fin_rl_2,pure_rl,rl,4569125.012245178,1000000.0,4569125.012245214,3569125.0122452136,0.0,0.0,6.0,0.0,2083,2083,240,0.1152184349495919,73325214.09768933,587148.3628717917,0.008007455144823,0.5871483628717917,0,4258,758243,medium_default,1000000.0
Fin_rl_3,pure_rl,rl,4356363.874418358,1000000.0,4356363.87441859,3356363.87441859,0.0,0.0,6.0,0.0,2108,2108,97,0.0460151802656546,70855565.68127063,209054.61516780083,0.0029504332250791,0.2090546151678008,0,4258,758243,medium_default,1000000.0
Fin_fl_rl_1,pure_rl,fl_rl,4111105.601526444,1000000.0,4111105.6015255824,3111105.6015255824,0.0,0.0,6.0,0.0,1653,1653,90,0.0544464609800363,55854363.21740875,217483.3584917487,0.0038937577292791,0.2174833584917486,0,4241,758243,medium_default,1000000.0
Fin_fl_rl_2,pure_rl,fl_rl,4703106.339257224,1000000.0,4703106.339256766,3703106.3392567663,0.0,0.0,12.0,0.0,1910,1910,128,0.0670157068062827,65354971.294416025,274736.525471242,0.0042037586434486,0.2747365254712419,0,4241,758243,medium_default,1000000.0
Fin_fl_rl_3,pure_rl,fl_rl,5765206.341510005,1000000.0,5765206.341510458,4765206.341510458,0.0,0.0,6.0,0.0,2232,2232,52,0.0232974910394265,77440499.03955182,109395.99373382736,0.0014126457743764,0.1093959937338273,0,4241,758243,medium_default,1000000.0
Fin_rl_1,pure_rl,rl,2558688.50717888,1000000.0,2558688.507179131,1558688.5071791308,0.0,0.0,7.0,0.0,1260,1260,103,0.0817460317460317,43383862.62052972,331570.59849779285,0.0076427173255174,0.3315705984977928,0,4253,758243,high_default,1000000.0
Fin_rl_2,pure_rl,rl,3495035.85377993,1000000.0,3495035.853779992,2495035.853779992,0.0,0.0,6.0,0.0,1648,1648,111,0.0673543689320388,57052400.35324046,301974.3150146115,0.0052929291869392,0.3019743150146115,0,4253,758243,high_default,1000000.0
Fin_rl_3,pure_rl,rl,5768182.140036986,1000000.0,5768182.14003753,4768182.14003753,0.0,0.0,6.0,0.0,2381,2381,55,0.0230995380092398,82620043.99702798,186907.12086390893,0.0022622491083475,0.1869071208639089,0,4253,758243,high_default,1000000.0
Fin_fl_rl_1,pure_rl,fl_rl,2909388.03649729,1000000.0,2909388.036497039,1909388.0364970388,0.0,0.0,7.0,0.0,1282,1282,102,0.079563182527301,44796322.27082116,316075.9335209596,0.0070558456029065,0.3160759335209596,0,4269,758243,high_default,1000000.0
Fin_fl_rl_2,pure_rl,fl_rl,3676624.527958143,1000000.0,3676624.5279587833,2676624.527958784,0.0,0.0,6.0,0.0,1806,1806,130,0.0719822812846068,61902797.78905741,363544.4264234161,0.0058728270677239,0.3635444264234161,0,4269,758243,high_default,1000000.0
Fin_fl_rl_3,pure_rl,fl_rl,5170105.980821023,1000000.0,5170105.980821812,4170105.980821812,0.0,0.0,6.0,0.0,2345,2345,31,0.0132196162046908,79270053.23172298,104465.83974577687,0.0013178474781693,0.1044658397457768,0,4269,758243,high_default,1000000.0
Fin_rl_1,pure_rl,rl,8845225.2594358,5000000.0,8845225.25943846,3845225.2594384607,0.0,0.0,6.0,0.0,3850,3850,0,0.0,133916216.30942357,0.0,0.0,0.0,0,4250,758243,none_default,5000000.0
Fin_rl_2,pure_rl,rl,8344504.114201261,5000000.0,8344504.114200548,3344504.1142005483,0.0,0.0,6.0,0.0,2616,2616,0,0.0,92180602.87178668,0.0,0.0,0.0,0,4250,758243,none_default,5000000.0
Fin_rl_3,pure_rl,rl,9974275.24209506,5000000.0,9974275.242092833,4974275.242092833,0.0,0.0,14.0,0.0,3943,3943,0,0.0,138138059.20994443,0.0,0.0,0.0,0,4250,758243,none_default,5000000.0
Fin_fl_rl_1,pure_rl,fl_rl,9566011.614815349,5000000.0,9566011.61481507,4566011.614815069,0.0,0.0,6.0,0.0,3386,3386,0,0.0,118435529.0937835,0.0,0.0,0.0,0,4245,758243,none_default,5000000.0
Fin_fl_rl_2,pure_rl,fl_rl,10036619.901768813,5000000.0,10036619.901764233,5036619.901764233,0.0,0.0,11.0,0.0,3698,3698,0,0.0,129643821.58624044,0.0,0.0,0.0,0,4245,758243,none_default,5000000.0
Fin_fl_rl_3,pure_rl,fl_rl,9180962.47724028,5000000.0,9180962.477239644,4180962.477239644,0.0,0.0,8.0,0.0,3023,3023,0,0.0,106153433.67910174,0.0,0.0,0.0,0,4245,758243,none_default,5000000.0
Fin_rl_1,pure_rl,rl,8693386.593275,5000000.0,8693386.593273746,3693386.593273746,0.0,0.0,6.0,0.0,2010,2010,126,0.0626865671641791,70551913.79547639,226126.44637974133,0.0032051071929141,0.0452252892759482,0,4238,758243,low_default,5000000.0
Fin_rl_2,pure_rl,rl,9403199.38650684,5000000.0,9403199.386505963,4403199.386505965,0.0,0.0,14.0,0.0,2761,2761,223,0.0807678377399492,97067332.6367908,388248.7435124743,0.0039997879097516,0.0776497487024948,0,4238,758243,low_default,5000000.0
Fin_rl_3,pure_rl,rl,9564746.57038045,5000000.0,9564746.57038319,4564746.570383189,0.0,0.0,28.0,0.0,2423,2423,33,0.0136194799834915,85049145.27208951,62592.648836043765,0.0007359585876589,0.0125185297672087,0,4238,758243,low_default,5000000.0
Fin_fl_rl_1,pure_rl,fl_rl,8911619.45725777,5000000.0,8911619.457259243,3911619.4572592434,0.0,0.0,8.0,0.0,2535,2535,62,0.0244575936883629,88253393.7459202,123155.89871323084,0.0013954805983755,0.0246311797426461,0,4253,758243,low_default,5000000.0
Fin_fl_rl_2,pure_rl,fl_rl,8939639.296828022,5000000.0,8939639.296829278,3939639.2968292776,0.0,0.0,9.0,0.0,2630,2630,121,0.0460076045627376,92507101.930245,252765.32334857463,0.0027323883039722,0.0505530646697149,0,4253,758243,low_default,5000000.0
Fin_fl_rl_3,pure_rl,fl_rl,11935475.922495898,5000000.0,11935475.922498204,6935475.922498204,0.0,0.0,14.0,0.0,3744,3744,29,0.0077457264957264,131451152.7336857,54201.799482529794,0.0004123341511682,0.0108403598965059,0,4253,758243,low_default,5000000.0
Fin_rl_1,pure_rl,rl,7484929.919923459,5000000.0,7484929.919925136,2484929.9199251365,0.0,0.0,16.0,0.0,1842,1842,125,0.0678610206297502,64220810.19841517,309960.65741156955,0.0048264831361348,0.0619921314823139,0,4286,758243,medium_default,5000000.0
Fin_rl_2,pure_rl,rl,8528532.435764512,5000000.0,8528532.43576014,3528532.4357601404,0.0,0.0,6.0,0.0,3147,3147,414,0.1315538608198284,109819694.08962056,849125.9087026448,0.0077320003096138,0.1698251817405289,0,4286,758243,medium_default,5000000.0
Fin_rl_3,pure_rl,rl,11389090.6734717,5000000.0,11389090.67347399,6389090.67347399,0.0,0.0,24.0,0.0,3362,3362,34,0.0101130279595478,119079353.57229556,97340.1748833944,0.0008174395641499,0.0194680349766788,0,4286,758243,medium_default,5000000.0
Fin_fl_rl_1,pure_rl,fl_rl,7804721.16400926,5000000.0,7804721.164009733,2804721.164009733,0.0,0.0,8.0,0.0,1628,1628,113,0.0694103194103194,56726652.06868687,277986.177898036,0.0049004509831011,0.0555972355796071,0,4230,758243,medium_default,5000000.0
Fin_fl_rl_2,pure_rl,fl_rl,7331547.691707632,5000000.0,7331547.691707507,2331547.691707507,0.0,0.0,10.0,0.0,1669,1669,266,0.1593768723786698,58521907.40493752,591419.82468457,0.0101059560583404,0.118283964936914,0,4230,758243,medium_default,5000000.0
Fin_fl_rl_3,pure_rl,fl_rl,9230573.209229244,5000000.0,9230573.20922948,4230573.2092294805,0.0,0.0,8.0,0.0,2288,2288,67,0.0292832167832167,80407686.73520243,167011.47932485846,0.0020770586259353,0.0334022958649716,0,4230,758243,medium_default,5000000.0
Fin_rl_1,pure_rl,rl,7270866.738258873,5000000.0,7270866.738257879,2270866.7382578794,0.0,0.0,20.0,0.0,1597,1597,123,0.0770194113963681,55437511.44136023,418742.8942956808,0.0075534215625571,0.0837485788591361,0,4256,758243,high_default,5000000.0
Fin_rl_2,pure_rl,rl,8566652.469962975,5000000.0,8566652.469961813,3566652.4699618127,0.0,0.0,14.0,0.0,2494,2494,166,0.0665597433841218,87452162.34355164,440165.5192587429,0.0050332148166854,0.0880331038517485,0,4256,758243,high_default,5000000.0
Fin_rl_3,pure_rl,rl,7834617.587465448,5000000.0,7834617.587463911,2834617.5874639107,0.0,0.0,15.0,0.0,1785,1785,154,0.0862745098039215,62943290.94739508,468657.5738888583,0.0074457113194246,0.0937315147777716,0,4256,758243,high_default,5000000.0
Fin_fl_rl_1,pure_rl,fl_rl,8545916.943497138,5000000.0,8545916.943497071,3545916.943497071,0.0,0.0,10.0,0.0,2593,2593,198,0.0763594292325491,90567315.06738718,658797.3958318622,0.0072741186524264,0.1317594791663724,0,4270,758243,high_default,5000000.0
Fin_fl_rl_2,pure_rl,fl_rl,7427477.545163851,5000000.0,7427477.5451652,2427477.5451652,0.0,0.0,13.0,0.0,1512,1512,144,0.0952380952380952,53373013.870664336,387269.9835299908,0.0072559137182779,0.0774539967059981,0,4270,758243,high_default,5000000.0
Fin_fl_rl_3,pure_rl,fl_rl,8700455.829542547,5000000.0,8700455.82954244,3700455.82954244,0.0,0.0,20.0,0.0,2029,2029,90,0.0443568260226712,69901854.26373741,270703.21319193963,0.0038726184883534,0.0541406426383879,0,4270,758243,high_default,5000000.0
Fin_rl_1,pure_rl,rl,15673164.541980311,10000000.0,15673164.541972622,5673164.541972622,0.0,0.0,21.0,0.0,4149,4149,0,0.0,145697802.81765473,0.0,0.0,0.0,0,4258,758243,none_default,10000000.0
Fin_rl_2,pure_rl,rl,12980250.65708793,10000000.0,12980250.657078534,2980250.6570785344,0.0,0.0,11.0,0.0,2383,2383,0,0.0,84249333.5065697,0.0,0.0,0.0,0,4258,758243,none_default,10000000.0
Fin_rl_3,pure_rl,rl,15261225.104904914,10000000.0,15261225.104906052,5261225.104906052,0.0,0.0,7.0,0.0,3801,3801,0,0.0,132067044.05513406,0.0,0.0,0.0,0,4258,758243,none_default,10000000.0
Fin_fl_rl_1,pure_rl,fl_rl,15388584.22930802,10000000.0,15388584.229316097,5388584.229316097,0.0,0.0,18.0,0.0,3530,3530,0,0.0,124218923.1799173,0.0,0.0,0.0,0,4249,758243,none_default,10000000.0
Fin_fl_rl_2,pure_rl,fl_rl,15703535.47534294,10000000.0,15703535.475340215,5703535.475340217,0.0,0.0,15.0,0.0,3968,3968,0,0.0,139277136.7950854,0.0,0.0,0.0,0,4249,758243,none_default,10000000.0
Fin_fl_rl_3,pure_rl,fl_rl,14157042.37360434,10000000.0,14157042.373606808,4157042.373606809,0.0,0.0,17.0,0.0,2810,2810,0,0.0,98083058.69361506,0.0,0.0,0.0,0,4249,758243,none_default,10000000.0
Fin_rl_1,pure_rl,rl,15592123.010841088,10000000.0,15592123.010833878,5592123.010833878,0.0,0.0,16.0,0.0,3334,3334,123,0.0368926214757048,115655590.21908776,262304.07426539774,0.0022679757525642,0.0262304074265397,0,4272,758243,low_default,10000000.0
Fin_rl_2,pure_rl,rl,13896850.128327353,10000000.0,13896850.128327215,3896850.128327217,0.0,0.0,21.0,0.0,2435,2435,261,0.1071868583162217,85561031.13767964,536593.1259646148,0.0062714663302872,0.0536593125964614,0,4272,758243,low_default,10000000.0
Fin_rl_3,pure_rl,rl,13738040.336920684,10000000.0,13738040.336925749,3738040.3369257487,0.0,0.0,14.0,0.0,1955,1955,22,0.0112531969309462,68549179.23902611,42876.69190711448,0.0006254880420611,0.0042876691907114,0,4272,758243,low_default,10000000.0
Fin_fl_rl_1,pure_rl,fl_rl,15705511.953374228,10000000.0,15705511.953369306,5705511.953369306,0.0,0.0,13.0,0.0,2920,2920,56,0.0191780821917808,102272083.85315987,127805.36133326316,0.0012496602838049,0.0127805361333263,0,4252,758243,low_default,10000000.0
Fin_fl_rl_2,pure_rl,fl_rl,14652754.604087356,10000000.0,14652754.6040826,4652754.604082599,0.0,0.0,14.0,0.0,2610,2610,129,0.0494252873563218,91888760.69632556,275013.90855825064,0.0029929003990718,0.027501390855825,0,4252,758243,low_default,10000000.0
Fin_fl_rl_3,pure_rl,fl_rl,11168815.33259878,10000000.0,11168815.3326005,1168815.3326004986,0.0,0.0,28.0,0.0,742,742,16,0.0215633423180593,26266721.68317867,30465.584483013863,0.0011598548479129,0.0030465584483013,0,4252,758243,low_default,10000000.0
Fin_rl_1,pure_rl,rl,11099222.730326494,10000000.0,11099222.730329871,1099222.7303298712,0.0,0.0,27.0,0.0,729,729,75,0.102880658436214,25951233.34200096,189297.15083333108,0.0072943412106337,0.0189297150833331,0,4242,758243,medium_default,10000000.0
Fin_rl_2,pure_rl,rl,14473264.069086704,10000000.0,14473264.069088995,4473264.069088995,0.0,0.0,21.0,0.0,3093,3093,362,0.1170384739734885,108915015.92901482,854909.1018410545,0.0078493226535286,0.0854909101841054,0,4242,758243,medium_default,10000000.0
Fin_rl_3,pure_rl,rl,15483240.70034049,10000000.0,15483240.700348947,5483240.700348947,0.0,0.0,10.0,0.0,2905,2905,82,0.0282271944922547,101613709.25920115,209610.6135712335,0.0020628182466654,0.0209610613571233,0,4242,758243,medium_default,10000000.0
Fin_fl_rl_1,pure_rl,fl_rl,13481019.064000145,10000000.0,13481019.064001994,3481019.064001994,0.0,0.0,16.0,0.0,2185,2185,100,0.045766590389016,75050676.66553572,247750.9297886504,0.003301115203701,0.024775092978865,0,4246,758243,medium_default,10000000.0
Fin_fl_rl_2,pure_rl,fl_rl,14713011.323027864,10000000.0,14713011.323023733,4713011.323023733,0.0,0.0,14.0,0.0,2942,2942,199,0.0676410605030591,102324342.1469522,460093.6591194516,0.0044964243059456,0.0460093659119451,0,4246,758243,medium_default,10000000.0
Fin_fl_rl_3,pure_rl,fl_rl,14434548.850014873,10000000.0,14434548.850017494,4434548.850017494,0.0,0.0,19.0,0.0,2268,2268,55,0.0242504409171075,79262650.93382482,138042.60899827065,0.0017415845593345,0.013804260899827,0,4246,758243,medium_default,10000000.0
Fin_rl_1,pure_rl,rl,12149208.462312303,10000000.0,12149208.462311037,2149208.462311037,0.0,0.0,25.0,0.0,1333,1333,92,0.0690172543135784,46989650.84470455,315617.3529959503,0.0067167418212795,0.031561735299595,0,4222,758243,high_default,10000000.0
Fin_rl_2,pure_rl,rl,11360772.432675734,10000000.0,11360772.432676207,1360772.4326762073,0.0,0.0,21.0,0.0,1373,1373,263,0.1915513474144209,47751781.64539293,695888.9790328129,0.014573047435183,0.0695888979032813,0,4222,758243,high_default,10000000.0
Fin_rl_3,pure_rl,rl,16531988.959662937,10000000.0,16531988.959655736,6531988.959655736,0.0,0.0,23.0,0.0,3430,3430,78,0.0227405247813411,120261767.29487725,248037.01755100928,0.0020624760730717,0.0248037017551009,0,4222,758243,high_default,10000000.0
Fin_fl_rl_1,pure_rl,fl_rl,11128630.674835907,10000000.0,11128630.674832772,1128630.6748327725,0.0,0.0,8.0,0.0,1041,1041,175,0.1681075888568683,35979140.93177297,594487.1997045355,0.016523107120091,0.0594487199704535,0,4257,758243,high_default,10000000.0
Fin_fl_rl_2,pure_rl,fl_rl,13125348.819464302,10000000.0,13125348.819463972,3125348.819463972,0.0,0.0,8.0,0.0,1745,1745,147,0.084240687679083,60838467.22929369,366828.4417779488,0.0060295477266942,0.0366828441777948,0,4257,758243,high_default,10000000.0
Fin_fl_rl_3,pure_rl,fl_rl,16607422.225876449,10000000.0,16607422.225874256,6607422.225874256,0.0,0.0,11.0,0.0,3647,3647,171,0.0468878530298875,127344404.45509966,531289.3793681153,0.0041720669364427,0.0531289379368115,0,4257,758243,high_default,10000000.0
Fin_rl_1,pure_rl,rl,6296305.052122675,1000000.0,6296305.052122332,5296305.052122332,0.0,0.0,6.0,0.0,2536,2536,0,0.0,86504856.44575138,0.0,0.0,0.0,0,4262,812077,none_default,1000000.0
Fin_rl_2,pure_rl,rl,5058038.883800562,1000000.0,5058038.8838008,4058038.8838008,0.0,0.0,6.0,0.0,2423,2423,0,0.0,81175489.39050555,0.0,0.0,0.0,0,4262,812077,none_default,1000000.0
Fin_rl_3,pure_rl,rl,6044948.500274277,1000000.0,6044948.500274717,5044948.500274717,0.0,0.0,6.0,0.0,2755,2755,0,0.0,91848871.32041664,0.0,0.0,0.0,0,4262,812077,none_default,1000000.0
Fin_fl_rl_1,pure_rl,fl_rl,3948710.523992423,1000000.0,3948710.523992586,2948710.523992586,0.0,0.0,6.0,0.0,1882,1882,0,0.0,64370888.33917037,0.0,0.0,0.0,0,4246,812077,none_default,1000000.0
Fin_fl_rl_2,pure_rl,fl_rl,6252148.120503092,1000000.0,6252148.120503287,5252148.120503287,0.0,0.0,6.0,0.0,2851,2851,0,0.0,95582424.61854094,0.0,0.0,0.0,0,4246,812077,none_default,1000000.0
Fin_fl_rl_3,pure_rl,fl_rl,5153557.8236850845,1000000.0,5153557.823685083,4153557.8236850826,0.0,0.0,6.0,0.0,2585,2585,0,0.0,85853278.3936027,0.0,0.0,0.0,0,4246,812077,none_default,1000000.0
Fin_rl_1,pure_rl,rl,4784416.32217082,1000000.0,4784416.322170411,3784416.3221704112,0.0,0.0,14.0,0.0,2000,2000,21,0.0105,69997750.39446974,46124.070883312736,0.0006589364747207,0.0461240708833127,0,4256,812077,low_default,1000000.0
Fin_rl_2,pure_rl,rl,3526336.412472751,1000000.0,3526336.4124722984,2526336.4124722984,0.0,0.0,6.0,0.0,1611,1611,111,0.068901303538175,55159839.65880002,231053.4288273776,0.0041887980504764,0.2310534288273775,0,4256,812077,low_default,1000000.0
Fin_rl_3,pure_rl,rl,5436411.222636048,1000000.0,5436411.222635429,4436411.222635429,0.0,0.0,6.0,0.0,2500,2500,12,0.0048,84304887.78271626,17371.60402944928,0.0002060569023497,0.0173716040294492,0,4256,812077,low_default,1000000.0
Fin_fl_rl_1,pure_rl,fl_rl,4297335.586096195,1000000.0,4297335.586096078,3297335.586096078,0.0,0.0,6.0,0.0,2184,2184,24,0.0109890109890109,73795569.95867996,47084.326808752245,0.0006380373081353,0.0470843268087522,0,4263,812077,low_default,1000000.0
Fin_fl_rl_2,pure_rl,fl_rl,4077543.234794988,1000000.0,4077543.234794268,3077543.234794268,0.0,0.0,6.0,0.0,1691,1691,29,0.0171496156120638,58648260.70372716,55559.23445486344,0.0009473296187849,0.0555592344548634,0,4263,812077,low_default,1000000.0
Fin_fl_rl_3,pure_rl,fl_rl,5819859.420750378,1000000.0,5819859.420750178,4819859.420750178,0.0,0.0,6.0,0.0,2579,2579,14,0.0054284606436603,87593256.98450643,23369.05664849427,0.0002667905892873,0.0233690566484942,0,4263,812077,low_default,1000000.0
Fin_rl_1,pure_rl,rl,2058918.345776152,1000000.0,2058918.3457756925,1058918.3457756925,0.0,0.0,11.0,0.0,639,639,70,0.109546165884194,22517981.278048445,168943.7869774768,0.0075026169038594,0.1689437869774767,0,4256,812077,medium_default,1000000.0
Fin_rl_2,pure_rl,rl,3861368.2301334473,1000000.0,3861368.2301331465,2861368.2301331465,0.0,0.0,6.0,0.0,1620,1620,82,0.0506172839506172,56356474.43264824,194150.54646424213,0.0034450442192985,0.1941505464642421,0,4256,812077,medium_default,1000000.0
Fin_rl_3,pure_rl,rl,7744142.622221772,1000000.0,7744142.622221473,6744142.622221473,0.0,0.0,21.0,0.0,3530,3530,27,0.0076487252124645,119447134.92334154,67538.79326425941,0.0005654283236479,0.0675387932642594,0,4256,812077,medium_default,1000000.0
Fin_fl_rl_1,pure_rl,fl_rl,4198992.525191048,1000000.0,4198992.525191294,3198992.525191294,0.0,0.0,6.0,0.0,2088,2088,59,0.0282567049808429,71581070.34834322,148251.394576601,0.0020710977616728,0.148251394576601,0,4261,812077,medium_default,1000000.0
Fin_fl_rl_2,pure_rl,fl_rl,3294174.275056655,1000000.0,3294174.275056124,2294174.275056124,0.0,0.0,6.0,0.0,1623,1623,73,0.0449784349969192,54683790.00973191,169005.30554228468,0.0030905923951541,0.1690053055422846,0,4261,812077,medium_default,1000000.0
Fin_fl_rl_3,pure_rl,fl_rl,5379938.693300645,1000000.0,5379938.693301007,4379938.693301007,0.0,0.0,21.0,0.0,2512,2512,13,0.0051751592356687,86534218.96961686,27144.874352602743,0.0003136894823322,0.0271448743526027,0,4261,812077,medium_default,1000000.0
Fin_rl_1,pure_rl,rl,3943195.1656887433,1000000.0,3943195.1656886647,2943195.1656886647,0.0,0.0,7.0,0.0,1585,1585,50,0.0315457413249211,55414565.36030702,153931.71377038845,0.0027778204659645,0.1539317137703884,0,4251,812077,high_default,1000000.0
Fin_rl_2,pure_rl,rl,3511863.631200621,1000000.0,3511863.6312002856,2511863.6312002856,0.0,0.0,7.0,0.0,1657,1657,86,0.0519010259505129,56784664.69546359,250343.1690788022,0.0044086404387768,0.2503431690788022,0,4251,812077,high_default,1000000.0
Fin_rl_3,pure_rl,rl,3958863.505989206,1000000.0,3958863.505989404,2958863.505989404,0.0,0.0,6.0,0.0,1869,1869,60,0.0321027287319422,62355937.59048303,176815.96152690466,0.002835591418545,0.1768159615269046,0,4251,812077,high_default,1000000.0
Fin_fl_rl_1,pure_rl,fl_rl,3772782.3412353466,1000000.0,3772782.3412355664,2772782.3412355664,0.0,0.0,7.0,0.0,1781,1781,76,0.0426726558113419,61977867.29727949,218333.1014169824,0.0035227591870778,0.2183331014169824,0,4236,812077,high_default,1000000.0
Fin_fl_rl_2,pure_rl,fl_rl,3285211.760143143,1000000.0,3285211.7601433205,2285211.7601433205,0.0,0.0,7.0,0.0,1773,1773,98,0.0552735476593344,60044461.12101004,276046.8405058178,0.004597373935116,0.2760468405058178,0,4236,812077,high_default,1000000.0
Fin_fl_rl_3,pure_rl,fl_rl,3057105.9604618587,1000000.0,3057105.9604617977,2057105.9604617977,0.0,0.0,6.0,0.0,1328,1328,26,0.019578313253012,46658623.58745913,74762.02861345788,0.0016023196327967,0.0747620286134578,0,4236,812077,high_default,1000000.0
Fin_rl_1,pure_rl,rl,7442914.31063186,5000000.0,7442914.310631329,2442914.310631329,0.0,0.0,7.0,0.0,3618,3618,0,0.0,125565932.9073275,0.0,0.0,0.0,0,4244,812077,none_default,5000000.0
Fin_rl_2,pure_rl,rl,7935455.06033569,5000000.0,7935455.060336437,2935455.060336437,0.0,0.0,6.0,0.0,4201,4201,0,0.0,148202875.77298206,0.0,0.0,0.0,0,4244,812077,none_default,5000000.0
Fin_rl_3,pure_rl,rl,6616168.439908753,5000000.0,6616168.439908553,1616168.439908553,0.0,0.0,13.0,0.0,2549,2549,0,0.0,89802191.98254135,0.0,0.0,0.0,0,4244,812077,none_default,5000000.0
Fin_fl_rl_1,pure_rl,fl_rl,11033496.279387638,5000000.0,11033496.279388197,6033496.279388197,0.0,0.0,6.0,0.0,6098,6098,0,0.0,213286032.2717617,0.0,0.0,0.0,0,4254,812077,none_default,5000000.0
Fin_fl_rl_2,pure_rl,fl_rl,8592448.014634201,5000000.0,8592448.014636608,3592448.014636608,0.0,0.0,6.0,0.0,3649,3649,0,0.0,128693278.2874435,0.0,0.0,0.0,0,4254,812077,none_default,5000000.0
Fin_fl_rl_3,pure_rl,fl_rl,5557149.413110106,5000000.0,5557149.413110359,557149.4131103586,0.0,0.0,13.0,0.0,629,629,0,0.0,22279231.89484073,0.0,0.0,0.0,0,4254,812077,none_default,5000000.0
Fin_rl_1,pure_rl,rl,8331330.529272795,5000000.0,8331330.529273106,3331330.529273106,0.0,0.0,32.0,0.0,2520,2520,142,0.0563492063492063,88214434.34833205,292347.7949276432,0.0033140584881296,0.0584695589855286,0,4249,812077,low_default,5000000.0
Fin_rl_2,pure_rl,rl,6640494.275504936,5000000.0,6640494.275505729,1640494.275505729,0.0,0.0,10.0,0.0,1271,1271,190,0.1494885916601101,43742867.00957268,390689.1714425381,0.0089314943932925,0.0781378342885076,0,4249,812077,low_default,5000000.0
Fin_rl_3,pure_rl,rl,13741407.060103834,5000000.0,13741407.060101563,8741407.060101563,0.0,0.0,15.0,0.0,5293,5293,19,0.0035896467031928,185126271.49446365,40324.9397591062,0.0002178239718953,0.0080649879518212,0,4249,812077,low_default,5000000.0
Fin_fl_rl_1,pure_rl,fl_rl,8278303.448607401,5000000.0,8278303.448602297,3278303.4486022973,0.0,0.0,21.0,0.0,2264,2264,64,0.0282685512367491,79553624.94024909,129495.49417889593,0.0016277761607488,0.0258990988357791,0,4251,812077,low_default,5000000.0
Fin_fl_rl_2,pure_rl,fl_rl,7506927.580737907,5000000.0,7506927.580735907,2506927.580735907,0.0,0.0,21.0,0.0,1690,1690,96,0.0568047337278106,59208088.93686718,194320.8046236548,0.0032819975802775,0.0388641609247309,0,4251,812077,low_default,5000000.0
Fin_fl_rl_3,pure_rl,fl_rl,11730461.785230186,5000000.0,11730461.78523336,6730461.78523336,0.0,0.0,11.0,0.0,4436,4436,33,0.007439134355275,155181284.35482413,70476.17918701872,0.0004541538593395,0.0140952358374037,0,4251,812077,low_default,5000000.0
Fin_rl_1,pure_rl,rl,6268827.870128851,5000000.0,6268827.870129298,1268827.8701292984,0.0,0.0,8.0,0.0,1101,1101,173,0.1571298819255222,38680944.78741468,425271.88291974826,0.0109943509719575,0.0850543765839496,0,4261,812077,medium_default,5000000.0
Fin_rl_2,pure_rl,rl,6388867.52228023,5000000.0,6388867.522280306,1388867.5222803056,0.0,0.0,27.0,0.0,1192,1192,203,0.1703020134228187,41356022.937028505,456300.849690904,0.0110334799452476,0.0912601699381808,0,4261,812077,medium_default,5000000.0
Fin_rl_3,pure_rl,rl,14362523.406184755,5000000.0,14362523.406187668,9362523.406187668,0.0,0.0,23.0,0.0,4680,4680,36,0.0076923076923076,163604026.47378188,86582.31267646443,0.000529218715105,0.0173164625352928,0,4261,812077,medium_default,5000000.0
Fin_fl_rl_1,pure_rl,fl_rl,7450360.646662222,5000000.0,7450360.646659925,2450360.6466599246,0.0,0.0,6.0,0.0,1429,1429,104,0.072778166550035,50283782.12584833,258386.8602811203,0.0051385725050363,0.051677372056224,0,4231,812077,medium_default,5000000.0
Fin_fl_rl_2,pure_rl,fl_rl,8099209.501768807,5000000.0,8099209.501770152,3099209.501770152,0.0,0.0,18.0,0.0,1847,1847,150,0.0812127774769897,64596738.14545055,359723.95054876024,0.0055687633907888,0.071944790109752,0,4231,812077,medium_default,5000000.0
Fin_fl_rl_3,pure_rl,fl_rl,8528899.549128937,5000000.0,8528899.549128253,3528899.549128253,0.0,0.0,6.0,0.0,2234,2234,65,0.0290957923008057,78031995.2423956,164694.3507766138,0.0021106002770403,0.0329388701553227,0,4231,812077,medium_default,5000000.0
Fin_rl_1,pure_rl,rl,6770946.175341917,5000000.0,6770946.175342531,1770946.175342531,0.0,0.0,20.0,0.0,1550,1550,179,0.1154838709677419,54389559.60199838,564860.9239030689,0.0103854660349615,0.1129721847806137,0,4249,812077,high_default,5000000.0
Fin_rl_2,pure_rl,rl,6437967.079281247,5000000.0,6437967.079281185,1437967.0792811848,0.0,0.0,16.0,0.0,1292,1292,168,0.1300309597523219,45088066.01353294,463265.35194390046,0.0102746778228379,0.0926530703887801,0,4249,812077,high_default,5000000.0
Fin_rl_3,pure_rl,rl,12123175.016674064,5000000.0,12123175.016674075,7123175.016674077,0.0,0.0,19.0,0.0,4183,4183,216,0.0516375806837198,145503707.15815234,592719.6621211302,0.004073570864259,0.118543932424226,0,4249,812077,high_default,5000000.0
Fin_fl_rl_1,pure_rl,fl_rl,5980698.001282525,5000000.0,5980698.001278623,980698.001278623,0.0,0.0,21.0,0.0,967,967,137,0.1416752843846949,33998637.27905906,465098.7815648857,0.0136799242201203,0.0930197563129771,0,4250,812077,high_default,5000000.0
Fin_fl_rl_2,pure_rl,fl_rl,7011128.483027427,5000000.0,7011128.48302694,2011128.4830269404,0.0,0.0,10.0,0.0,1388,1388,150,0.1080691642651296,48608787.771352656,402576.0607063747,0.0082819605088697,0.0805152121412749,0,4250,812077,high_default,5000000.0
Fin_fl_rl_3,pure_rl,fl_rl,10128758.0773534,5000000.0,10128758.077353165,5128758.077353165,0.0,0.0,10.0,0.0,3039,3039,80,0.0263244488318525,105389581.90123428,237975.9664721664,0.0022580596884347,0.0475951932944332,0,4250,812077,high_default,5000000.0
Fin_rl_1,pure_rl,rl,14537588.215302177,10000000.0,14537588.215301745,4537588.215301743,0.0,0.0,13.0,0.0,5991,5991,0,0.0,209905179.29285023,0.0,0.0,0.0,0,4247,812077,none_default,10000000.0
Fin_rl_2,pure_rl,rl,13643960.523291366,10000000.0,13643960.523289196,3643960.523289196,0.0,0.0,6.0,0.0,3829,3829,0,0.0,133501663.12599668,0.0,0.0,0.0,0,4247,812077,none_default,10000000.0
Fin_rl_3,pure_rl,rl,10461659.797310414,10000000.0,10461659.79731124,461659.7973112389,0.0,0.0,13.0,0.0,555,555,0,0.0,19531076.161725927,0.0,0.0,0.0,0,4247,812077,none_default,10000000.0
Fin_fl_rl_1,pure_rl,fl_rl,14683381.192417398,10000000.0,14683381.192425497,4683381.192425497,0.0,0.0,6.0,0.0,4892,4892,0,0.0,171496524.40627408,0.0,0.0,0.0,0,4243,812077,none_default,10000000.0
Fin_fl_rl_2,pure_rl,fl_rl,14888347.639361745,10000000.0,14888347.639361477,4888347.639361475,0.0,0.0,6.0,0.0,5236,5236,0,0.0,181681049.370374,0.0,0.0,0.0,0,4243,812077,none_default,10000000.0
Fin_fl_rl_3,pure_rl,fl_rl,10225393.245889807,10000000.0,10225393.2458901,225393.2458900996,0.0,0.0,13.0,0.0,252,252,0,0.0,8890375.546548573,0.0,0.0,0.0,0,4243,812077,none_default,10000000.0
Fin_rl_1,pure_rl,rl,13783097.341007495,10000000.0,13783097.341014292,3783097.341014292,0.0,0.0,19.0,0.0,2177,2177,93,0.0427193385392742,76352830.73503925,190159.8725664226,0.0024905412246772,0.0190159872566422,0,4260,812077,low_default,10000000.0
Fin_rl_2,pure_rl,rl,15626582.674476424,10000000.0,15626582.674477026,5626582.674477026,0.0,0.0,23.0,0.0,3061,3061,50,0.0163345311989545,106900702.46003482,113966.3301547286,0.0010660952410236,0.0113966330154728,0,4260,812077,low_default,10000000.0
Fin_rl_3,pure_rl,rl,16329478.229260676,10000000.0,16329478.22925832,6329478.229258321,0.0,0.0,19.0,0.0,3346,3346,22,0.0065750149432157,117487575.5222861,49790.87244547058,0.0004237969183049,0.004979087244547,0,4260,812077,low_default,10000000.0
Fin_fl_rl_1,pure_rl,fl_rl,15287876.676462214,10000000.0,15287876.67645777,5287876.67645777,0.0,0.0,18.0,0.0,3345,3345,70,0.0209267563527653,117238689.82222216,155416.52076721634,0.0013256419105577,0.0155416520767216,0,4235,812077,low_default,10000000.0
Fin_fl_rl_2,pure_rl,fl_rl,11931001.236795938,10000000.0,11931001.236794904,1931001.236794904,0.0,0.0,25.0,0.0,1215,1215,39,0.0320987654320987,42636251.139615394,81656.74909157591,0.0019151953304755,0.0081656749091575,0,4235,812077,low_default,10000000.0
Fin_fl_rl_3,pure_rl,fl_rl,17705671.821496986,10000000.0,17705671.82149449,7705671.82149449,0.0,0.0,30.0,0.0,4179,4179,28,0.0067001675041876,146510399.97702688,59547.67478240529,0.0004064399168369,0.0059547674782405,0,4235,812077,low_default,10000000.0
Fin_rl_1,pure_rl,rl,12203573.635053815,10000000.0,12203573.635050448,2203573.635050448,0.0,0.0,23.0,0.0,1529,1529,137,0.0896010464355788,53211043.10850655,322589.8111983019,0.006062459827004,0.0322589811198301,0,4240,812077,medium_default,10000000.0
Fin_rl_2,pure_rl,rl,14404238.165921798,10000000.0,14404238.165921615,4404238.165921615,0.0,0.0,16.0,0.0,2833,2833,229,0.0808330391810801,99487597.64952676,497183.86001992703,0.0049974456290662,0.0497183860019927,0,4240,812077,medium_default,10000000.0
Fin_rl_3,pure_rl,rl,14288946.448340664,10000000.0,14288946.44834467,4288946.44834467,0.0,0.0,28.0,0.0,2389,2389,38,0.015906236919213,83894385.84476237,84928.2237718394,0.001012323088329,0.0084928223771839,0,4240,812077,medium_default,10000000.0
Fin_fl_rl_1,pure_rl,fl_rl,12353042.958679607,10000000.0,12353042.958683671,2353042.9586836714,0.0,0.0,17.0,0.0,1231,1231,89,0.0722989439480097,43438608.87880995,211014.9310082,0.0048577736823228,0.02110149310082,0,4265,812077,medium_default,10000000.0
Fin_fl_rl_2,pure_rl,fl_rl,12938606.026069168,10000000.0,12938606.026066026,2938606.0260660257,0.0,0.0,6.0,0.0,1720,1720,176,0.1023255813953488,60317266.33472075,407420.6003732021,0.0067546264134765,0.0407420600373202,0,4265,812077,medium_default,10000000.0
Fin_fl_rl_3,pure_rl,fl_rl,16839763.849957913,10000000.0,16839763.8499556,6839763.8499556,0.0,0.0,6.0,0.0,3258,3258,65,0.0199508901166359,113853614.17981751,134741.95663228087,0.0011834666611414,0.013474195663228,0,4265,812077,medium_default,10000000.0
Fin_rl_1,pure_rl,rl,11044642.744157525,10000000.0,11044642.74415658,1044642.7441565786,0.0,0.0,26.0,0.0,797,797,90,0.1129234629861982,27583601.925243337,320745.1912214507,0.0116281112267618,0.032074519122145,0,4274,812077,high_default,10000000.0
Fin_rl_2,pure_rl,rl,13988431.387251642,10000000.0,13988431.3872513,3988431.3872513007,0.0,0.0,24.0,0.0,2315,2315,111,0.0479481641468682,81062159.18640682,278739.8496208102,0.0034385939434432,0.027873984962081,0,4274,812077,high_default,10000000.0
Fin_rl_3,pure_rl,rl,15454480.20512635,10000000.0,15454480.20512284,5454480.20512284,0.0,0.0,9.0,0.0,3178,3178,189,0.0594713656387665,109960070.34741583,548785.1696680237,0.0049907677208113,0.0548785169668023,0,4274,812077,high_default,10000000.0
Fin_fl_rl_1,pure_rl,fl_rl,13047249.439559354,10000000.0,13047249.439559478,3047249.4395594783,0.0,0.0,15.0,0.0,1855,1855,127,0.0684636118598382,65594800.21210532,464053.2748487542,0.0070745436124236,0.0464053274848754,0,4248,812077,high_default,10000000.0
Fin_fl_rl_2,pure_rl,fl_rl,10920120.06932822,10000000.0,10920120.06933028,920120.0693302806,0.0,0.0,21.0,0.0,673,673,119,0.1768202080237741,23461510.078444988,303258.009897672,0.0129257668787605,0.0303258009897672,0,4248,812077,high_default,10000000.0
Fin_fl_rl_3,pure_rl,fl_rl,15558713.0412364,10000000.0,15558713.041240385,5558713.041240383,0.0,0.0,17.0,0.0,2924,2924,96,0.0328317373461012,102127864.65718123,281895.9576760198,0.0027602257094307,0.0281895957676019,0,4248,812077,high_default,10000000.0
