financier,apr_strategy,wholesaler_policy,final_wallet,initial_capital,final_capital,capital_change,capital_loss,capital_loss_rate,final_apr,final_utilization,loans_issued,closed_loans,defaults,default_count_rate,total_issued_principal,default_amount,default_amount_to_issued_rate,default_amount_to_initial_capital_rate,outstanding_loans,simulation_end_day,non_iid_level,non_iid_tag,seed,default_scenario,capital_per_financier
Fin_fl_rl_1,pure_rl,fl_rl,1907387.7957481686,1000000.0,1907387.795748129,907387.795748129,0.0,0.0,27.0,0.0,731,731,0,0.0,25652975.145502,0.0,0.0,0.0,0,2256,0.0,0p00,709098,none_default,1000000.0
Fin_fl_rl_2,pure_rl,fl_rl,1571029.0634619647,1000000.0,1571029.0634620052,571029.0634620052,0.0,0.0,6.0,0.0,733,733,0,0.0,22897443.633429725,0.0,0.0,0.0,0,2256,0.0,0p00,709098,none_default,1000000.0
Fin_fl_rl_3,pure_rl,fl_rl,2087706.5280560586,1000000.0,2087706.5280558993,1087706.5280558993,0.0,0.0,6.0,0.0,645,645,0,0.0,24250810.597158,0.0,0.0,0.0,0,2256,0.0,0p00,709098,none_default,1000000.0
Fin_fl_rl_prox_1,pure_rl,fl_rl_prox,1569170.7833992613,1000000.0,1569170.7833992706,569170.7833992706,0.0,0.0,6.0,0.0,788,788,0,0.0,23547315.121646516,0.0,0.0,0.0,0,2256,0.0,0p00,709098,none_default,1000000.0
Fin_fl_rl_prox_2,pure_rl,fl_rl_prox,1757889.1879437696,1000000.0,1757889.1879437002,757889.1879437002,0.0,0.0,6.0,0.0,734,734,0,0.0,23916798.429528635,0.0,0.0,0.0,0,2256,0.0,0p00,709098,none_default,1000000.0
Fin_fl_rl_prox_3,pure_rl,fl_rl_prox,2011855.8677198736,1000000.0,2011855.8677198072,1011855.8677198072,0.0,0.0,26.0,0.0,635,635,0,0.0,24010814.807829905,0.0,0.0,0.0,0,2256,0.0,0p00,709098,none_default,1000000.0
Fin_fl_rl_scaffold_1,pure_rl,fl_rl_scaffold,2099725.696852985,1000000.0,2099725.6968529993,1099725.6968529993,0.0,0.0,6.0,0.0,628,628,0,0.0,23963391.248498134,0.0,0.0,0.0,0,2256,0.0,0p00,709098,none_default,1000000.0
Fin_fl_rl_scaffold_2,pure_rl,fl_rl_scaffold,1796839.7355698664,1000000.0,1796839.7355698345,796839.7355698345,0.0,0.0,6.0,0.0,567,567,0,0.0,20834063.05199815,0.0,0.0,0.0,0,2256,0.0,0p00,709098,none_default,1000000.0
Fin_fl_rl_scaffold_3,pure_rl,fl_rl_scaffold,1885940.1135319478,1000000.0,1885940.1135318456,885940.1135318456,0.0,0.0,6.0,0.0,675,675,0,0.0,23228863.673078332,0.0,0.0,0.0,0,2256,0.0,0p00,709098,none_default,1000000.0
Fin_fl_rl_1,pure_rl,fl_rl,1628269.7631326772,1000000.0,1628269.7631326367,628269.7631326367,0.0,0.0,6.0,0.0,703,703,0,0.0,23085213.477214836,0.0,0.0,0.0,0,2252,0.0,0p00,436570,none_default,1000000.0
Fin_fl_rl_2,pure_rl,fl_rl,1916438.0519274974,1000000.0,1916438.051927418,916438.051927418,0.0,0.0,6.0,0.0,724,724,0,0.0,25503969.786796726,0.0,0.0,0.0,0,2252,0.0,0p00,436570,none_default,1000000.0
Fin_fl_rl_3,pure_rl,fl_rl,1916186.9498412453,1000000.0,1916186.9498411454,916186.9498411454,0.0,0.0,6.0,0.0,657,657,0,0.0,24155087.3871543,0.0,0.0,0.0,0,2252,0.0,0p00,436570,none_default,1000000.0
Fin_fl_rl_prox_1,pure_rl,fl_rl_prox,1754584.33949953,1000000.0,1754584.339499522,754584.339499522,0.0,0.0,6.0,0.0,692,692,0,0.0,23504169.584023416,0.0,0.0,0.0,0,2252,0.0,0p00,436570,none_default,1000000.0
Fin_fl_rl_prox_2,pure_rl,fl_rl_prox,1772014.558706249,1000000.0,1772014.5587062244,772014.5587062244,0.0,0.0,6.0,0.0,702,702,0,0.0,23988431.534554053,0.0,0.0,0.0,0,2252,0.0,0p00,436570,none_default,1000000.0
Fin_fl_rl_prox_3,pure_rl,fl_rl_prox,1950473.0347275755,1000000.0,1950473.0347276344,950473.0347276344,0.0,0.0,6.0,0.0,631,631,0,0.0,23348782.26684914,0.0,0.0,0.0,0,2252,0.0,0p00,436570,none_default,1000000.0
Fin_fl_rl_scaffold_1,pure_rl,fl_rl_scaffold,1814868.2347216548,1000000.0,1814868.234721589,814868.2347215889,0.0,0.0,6.0,0.0,616,616,0,0.0,22427446.780026652,0.0,0.0,0.0,0,2252,0.0,0p00,436570,none_default,1000000.0
Fin_fl_rl_scaffold_2,pure_rl,fl_rl_scaffold,1571636.0711175615,1000000.0,1571636.071117589,571636.071117589,0.0,0.0,6.0,0.0,759,759,0,0.0,23180867.518751334,0.0,0.0,0.0,0,2252,0.0,0p00,436570,none_default,1000000.0
Fin_fl_rl_scaffold_3,pure_rl,fl_rl_scaffold,1599455.4231989593,1000000.0,1599455.4231989402,599455.4231989402,0.0,0.0,6.0,0.0,634,634,0,0.0,21389635.659309894,0.0,0.0,0.0,0,2252,0.0,0p00,436570,none_default,1000000.0
Fin_fl_rl_1,pure_rl,fl_rl,1922974.5063491196,1000000.0,1922974.5063490772,922974.5063490772,0.0,0.0,6.0,0.0,618,618,0,0.0,22933317.346631046,0.0,0.0,0.0,0,2246,0.0,0p00,831197,none_default,1000000.0
Fin_fl_rl_2,pure_rl,fl_rl,1650905.5207625567,1000000.0,1650905.5207625087,650905.5207625087,0.0,0.0,6.0,0.0,759,759,0,0.0,23508897.79150895,0.0,0.0,0.0,0,2246,0.0,0p00,831197,none_default,1000000.0
Fin_fl_rl_3,pure_rl,fl_rl,2002125.6937431549,1000000.0,2002125.6937431516,1002125.6937431516,0.0,0.0,6.0,0.0,638,638,0,0.0,24005725.47671691,0.0,0.0,0.0,0,2246,0.0,0p00,831197,none_default,1000000.0
Fin_fl_rl_prox_1,pure_rl,fl_rl_prox,2093366.991051366,1000000.0,2093366.9910513991,1093366.9910513991,0.0,0.0,6.0,0.0,639,639,0,0.0,24598949.638257023,0.0,0.0,0.0,0,2246,0.0,0p00,831197,none_default,1000000.0
Fin_fl_rl_prox_2,pure_rl,fl_rl_prox,1628639.6694955262,1000000.0,1628639.6694955034,628639.6694955034,0.0,0.0,6.0,0.0,775,775,0,0.0,23860203.576527003,0.0,0.0,0.0,0,2246,0.0,0p00,831197,none_default,1000000.0
Fin_fl_rl_prox_3,pure_rl,fl_rl_prox,1811110.6989174874,1000000.0,1811110.698917578,811110.698917578,0.0,0.0,6.0,0.0,623,623,0,0.0,22573137.172817454,0.0,0.0,0.0,0,2246,0.0,0p00,831197,none_default,1000000.0
Fin_fl_rl_scaffold_1,pure_rl,fl_rl_scaffold,1617913.6351741569,1000000.0,1617913.635174131,617913.635174131,0.0,0.0,6.0,0.0,798,798,0,0.0,24042379.371704523,0.0,0.0,0.0,0,2246,0.0,0p00,831197,none_default,1000000.0
Fin_fl_rl_scaffold_2,pure_rl,fl_rl_scaffold,1725252.2222285755,1000000.0,1725252.222228564,725252.2222285641,0.0,0.0,6.0,0.0,693,693,0,0.0,23373536.816834543,0.0,0.0,0.0,0,2246,0.0,0p00,831197,none_default,1000000.0
Fin_fl_rl_scaffold_3,pure_rl,fl_rl_scaffold,1926352.5299556744,1000000.0,1926352.5299556963,926352.5299556963,0.0,0.0,6.0,0.0,651,651,0,0.0,23895154.005093236,0.0,0.0,0.0,0,2246,0.0,0p00,831197,none_default,1000000.0
Fin_fl_rl_1,pure_rl,fl_rl,1659004.8647247902,1000000.0,1659004.8647247904,659004.8647247904,0.0,0.0,6.0,0.0,659,659,63,0.09559939301972686,23111501.575801253,115171.27668119888,0.004983288355516814,0.11517127668119888,0,2245,0.0,0p00,709098,low_default,1000000.0
Fin_fl_rl_2,pure_rl,fl_rl,1646095.5568124074,1000000.0,1646095.5568124591,646095.5568124591,0.0,0.0,6.0,0.0,635,635,61,0.09606299212598425,22349422.382369902,83280.92170216289,0.0037263120396282875,0.08328092170216289,0,2245,0.0,0p00,709098,low_default,1000000.0
Fin_fl_rl_3,pure_rl,fl_rl,1499040.8250632545,1000000.0,1499040.8250632493,499040.82506324933,0.0,0.0,6.0,0.0,692,692,65,0.09393063583815028,21848743.478688024,80298.83472600594,0.003675215227105945,0.08029883472600594,0,2245,0.0,0p00,709098,low_default,1000000.0
Fin_fl_rl_prox_1,pure_rl,fl_rl_prox,1718731.7789341772,1000000.0,1718731.77893404,718731.7789340401,0.0,0.0,6.0,0.0,529,529,59,0.11153119092627599,20418818.80996675,116597.58746961175,0.005710300314369733,0.11659758746961175,0,2245,0.0,0p00,709098,low_default,1000000.0
Fin_fl_rl_prox_2,pure_rl,fl_rl_prox,1928833.6556524355,1000000.0,1928833.6556524811,928833.6556524811,0.0,0.0,6.0,0.0,668,668,73,0.1092814371257485,24756352.020494472,151350.0415537706,0.006113584159268535,0.1513500415537706,0,2245,0.0,0p00,709098,low_default,1000000.0
Fin_fl_rl_prox_3,pure_rl,fl_rl_prox,1578991.0829153976,1000000.0,1578991.0829153717,578991.0829153717,0.0,0.0,6.0,0.0,635,635,94,0.14803149606299212,21798307.698389605,163179.3243720364,0.007485871225870053,0.16317932437203642,0,2245,0.0,0p00,709098,low_default,1000000.0
Fin_fl_rl_scaffold_1,pure_rl,fl_rl_scaffold,1455236.8507936718,1000000.0,1455236.8507936548,455236.8507936548,0.0,0.0,6.0,0.0,748,748,52,0.06951871657754011,22207346.337823976,58982.33804583154,0.0026559831664971015,0.058982338045831535,0,2245,0.0,0p00,709098,low_default,1000000.0
Fin_fl_rl_scaffold_2,pure_rl,fl_rl_scaffold,1531379.0906827971,1000000.0,1531379.0906827617,531379.0906827617,0.0,0.0,6.0,0.0,675,675,59,0.0874074074074074,21848673.701459516,91480.42373699375,0.004187001233437925,0.09148042373699375,0,2245,0.0,0p00,709098,low_default,1000000.0
Fin_fl_rl_scaffold_3,pure_rl,fl_rl_scaffold,1659850.2371610638,1000000.0,1659850.237161113,659850.237161113,0.0,0.0,6.0,0.0,630,630,48,0.0761904761904762,22322522.851525895,87779.5095617659,0.00393232925084745,0.08777950956176589,0,2245,0.0,0p00,709098,low_default,1000000.0
Fin_fl_rl_1,pure_rl,fl_rl,1430873.972462771,1000000.0,1430873.9724628837,430873.9724628837,0.0,0.0,6.0,0.0,597,597,162,0.271356783919598,20326113.793129195,221911.04272562807,0.010917534211613058,0.22191104272562806,0,2267,0.0,0p00,436570,low_default,1000000.0
Fin_fl_rl_2,pure_rl,fl_rl,1413669.0746387786,1000000.0,1413669.0746387274,413669.07463872735,0.0,0.0,6.0,0.0,528,528,134,0.2537878787878788,19312792.201735247,248865.09311992925,0.012886023446033288,0.24886509311992924,0,2267,0.0,0p00,436570,low_default,1000000.0
Fin_fl_rl_3,pure_rl,fl_rl,1785690.5712925442,1000000.0,1785690.571292485,785690.5712924851,0.0,0.0,6.0,0.0,585,585,72,0.12307692307692308,21711521.201552518,138552.88619551106,0.006381537475393645,0.13855288619551107,0,2267,0.0,0p00,436570,low_default,1000000.0
Fin_fl_rl_prox_1,pure_rl,fl_rl_prox,1796488.5600664404,1000000.0,1796488.5600664655,796488.5600664655,0.0,0.0,6.0,0.0,723,723,25,0.034578146611341634,23570226.930215716,32284.740037265394,0.0013697254647929654,0.03228474003726539,0,2267,0.0,0p00,436570,low_default,1000000.0
Fin_fl_rl_prox_2,pure_rl,fl_rl_prox,1844983.4165999335,1000000.0,1844983.4165999168,844983.4165999168,0.0,0.0,6.0,0.0,666,666,32,0.04804804804804805,22987277.56707637,38826.258696979894,0.0016890324912850478,0.03882625869697989,0,2267,0.0,0p00,436570,low_default,1000000.0
Fin_fl_rl_prox_3,pure_rl,fl_rl_prox,1360183.8505043045,1000000.0,1360183.8505043092,360183.8505043092,0.0,0.0,6.0,0.0,718,718,76,0.10584958217270195,20860821.580005366,83493.42439246198,0.0040024034562708005,0.08349342439246198,0,2267,0.0,0p00,436570,low_default,1000000.0
Fin_fl_rl_scaffold_1,pure_rl,fl_rl_scaffold,2120818.7917438233,1000000.0,2120818.7917438066,1120818.7917438066,0.0,0.0,6.0,0.0,696,696,46,0.06609195402298851,25444793.02164566,94429.41430547748,0.003711148847827027,0.09442941430547748,0,2267,0.0,0p00,436570,low_default,1000000.0
Fin_fl_rl_scaffold_2,pure_rl,fl_rl_scaffold,1810918.8268054272,1000000.0,1810918.8268053718,810918.8268053718,0.0,0.0,6.0,0.0,754,754,73,0.09681697612732096,23973062.282356594,86722.48408180251,0.0036174971332564167,0.08672248408180251,0,2267,0.0,0p00,436570,low_default,1000000.0
Fin_fl_rl_scaffold_3,pure_rl,fl_rl_scaffold,1954803.4241260148,1000000.0,1954803.4241259624,954803.4241259624,0.0,0.0,6.0,0.0,653,653,58,0.0888208269525268,23412729.57727488,89125.88712875966,0.003806727739053032,0.08912588712875966,0,2267,0.0,0p00,436570,low_default,1000000.0
Fin_fl_rl_1,pure_rl,fl_rl,1656164.1615003278,1000000.0,1656164.1615003406,656164.1615003406,0.0,0.0,6.0,0.0,732,732,53,0.07240437158469945,23749074.059861846,89285.50250210254,0.003759536151895849,0.08928550250210253,0,2276,0.0,0p00,831197,low_default,1000000.0
Fin_fl_rl_2,pure_rl,fl_rl,1715729.1322614616,1000000.0,1715729.1322615782,715729.1322615782,0.0,0.0,6.0,0.0,733,733,55,0.07503410641200546,24427585.806263488,106090.1522119909,0.004343046957378338,0.1060901522119909,0,2276,0.0,0p00,831197,low_default,1000000.0
Fin_fl_rl_3,pure_rl,fl_rl,2071109.9266595424,1000000.0,2071109.9266595074,1071109.9266595074,0.0,0.0,6.0,0.0,641,641,35,0.054602184087363496,24529951.162600137,66857.42203085763,0.002725542402742022,0.06685742203085764,0,2276,0.0,0p00,831197,low_default,1000000.0
Fin_fl_rl_prox_1,pure_rl,fl_rl_prox,1648035.407669552,1000000.0,1648035.4076695598,648035.4076695598,0.0,0.0,6.0,0.0,661,661,115,0.17397881996974282,22603550.609618004,181251.56321621742,0.008018720879147779,0.1812515632162174,0,2276,0.0,0p00,831197,low_default,1000000.0
Fin_fl_rl_prox_2,pure_rl,fl_rl_prox,1849699.337985164,1000000.0,1849699.3379850676,849699.3379850676,0.0,0.0,6.0,0.0,570,570,66,0.11578947368421053,21798266.92545113,121311.2148779359,0.005565177052506677,0.12131121487793589,0,2276,0.0,0p00,831197,low_default,1000000.0
Fin_fl_rl_prox_3,pure_rl,fl_rl_prox,1716089.0439197768,1000000.0,1716089.0439197759,716089.0439197759,0.0,0.0,6.0,0.0,659,659,127,0.19271623672230653,23055859.421706125,225666.85346174173,0.009787830908150223,0.22566685346174173,0,2276,0.0,0p00,831197,low_default,1000000.0
Fin_fl_rl_scaffold_1,pure_rl,fl_rl_scaffold,1789584.0653087678,1000000.0,1789584.0653087262,789584.0653087262,0.0,0.0,6.0,0.0,481,481,33,0.06860706860706861,17950945.40923886,51883.649850504604,0.00289030180125229,0.0518836498505046,0,2276,0.0,0p00,831197,low_default,1000000.0
Fin_fl_rl_scaffold_2,pure_rl,fl_rl_scaffold,1434359.4715850232,1000000.0,1434359.4715850714,434359.4715850714,0.0,0.0,6.0,0.0,756,756,90,0.11904761904761904,22150119.5656421,93342.28556347832,0.004214075923466577,0.09334228556347832,0,2276,0.0,0p00,831197,low_default,1000000.0
Fin_fl_rl_scaffold_3,pure_rl,fl_rl_scaffold,1461246.712190187,1000000.0,1461246.71219021,461246.7121902099,0.0,0.0,6.0,0.0,678,678,96,0.1415929203539823,21477560.835133214,135419.63342877297,0.006305168192435155,0.13541963342877297,0,2276,0.0,0p00,831197,low_default,1000000.0
Fin_fl_rl_1,pure_rl,fl_rl,1285113.0620670866,1000000.0,1285113.0620670442,285113.0620670442,0.0,0.0,7.0,0.0,478,478,66,0.13807531380753138,16750516.158062506,135226.6452259558,0.008072983778524778,0.13522664522595582,0,2243,0.0,0p00,709098,medium_default,1000000.0
Fin_fl_rl_2,pure_rl,fl_rl,1337265.683026444,1000000.0,1337265.6830264647,337265.68302646466,0.0,0.0,7.0,0.0,718,718,86,0.11977715877437325,21477100.61852604,164793.74124074087,0.007672997587886262,0.16479374124074087,0,2243,0.0,0p00,709098,medium_default,1000000.0
Fin_fl_rl_3,pure_rl,fl_rl,1664157.3579122683,1000000.0,1664157.357912246,664157.3579122459,0.0,0.0,7.0,0.0,623,623,60,0.09630818619582665,21636884.030310497,120164.10879930184,0.005553669771995236,0.12016410879930184,0,2243,0.0,0p00,709098,medium_default,1000000.0
Fin_fl_rl_prox_1,pure_rl,fl_rl_prox,1782938.612069405,1000000.0,1782938.6120694324,782938.6120694324,0.0,0.0,6.0,0.0,573,573,57,0.09947643979057591,21401413.647523157,106128.71440115073,0.004958958139357925,0.10612871440115074,0,2243,0.0,0p00,709098,medium_default,1000000.0
Fin_fl_rl_prox_2,pure_rl,fl_rl_prox,1314248.815706992,1000000.0,1314248.8157069762,314248.8157069762,0.0,0.0,6.0,0.0,684,684,117,0.17105263157894737,20669390.195158843,189895.8855909754,0.009187299857324895,0.1898958855909754,0,2243,0.0,0p00,709098,medium_default,1000000.0
Fin_fl_rl_prox_3,pure_rl,fl_rl_prox,1505704.981557514,1000000.0,1505704.981557521,505704.98155752104,0.0,0.0,7.0,0.0,662,662,92,0.13897280966767372,22193182.52492902,190016.79785767294,0.008561944536085893,0.19001679785767295,0,2243,0.0,0p00,709098,medium_default,1000000.0
Fin_fl_rl_scaffold_1,pure_rl,fl_rl_scaffold,1598719.9030259019,1000000.0,1598719.9030258823,598719.9030258823,0.0,0.0,6.0,0.0,585,585,116,0.19829059829059828,20778333.26423075,243811.70073336794,0.01173393927380509,0.24381170073336794,0,2243,0.0,0p00,709098,medium_default,1000000.0
Fin_fl_rl_scaffold_2,pure_rl,fl_rl_scaffold,1586633.2784717903,1000000.0,1586633.2784717567,586633.2784717567,0.0,0.0,6.0,0.0,521,521,79,0.15163147792706333,19501739.09076273,170435.66781993743,0.008739511231624806,0.17043566781993744,0,2243,0.0,0p00,709098,medium_default,1000000.0
Fin_fl_rl_scaffold_3,pure_rl,fl_rl_scaffold,1463649.3523189903,1000000.0,1463649.3523189723,463649.35231897235,0.0,0.0,6.0,0.0,558,558,113,0.2025089605734767,19360730.774868887,209293.00259642964,0.010810180929125956,0.20929300259642963,0,2243,0.0,0p00,709098,medium_default,1000000.0
Fin_fl_rl_1,pure_rl,fl_rl,1486946.208871615,1000000.0,1486946.208871691,486946.208871691,0.0,0.0,6.0,0.0,511,511,71,0.13894324853228962,18835176.48689917,169622.57196161876,0.009005626896015546,0.16962257196161876,0,2249,0.0,0p00,436570,medium_default,1000000.0
Fin_fl_rl_2,pure_rl,fl_rl,1387534.6916110108,1000000.0,1387534.6916109824,387534.6916109824,0.0,0.0,6.0,0.0,711,711,91,0.1279887482419128,21756784.669575445,157209.06572112357,0.007225749029954953,0.15720906572112356,0,2249,0.0,0p00,436570,medium_default,1000000.0
Fin_fl_rl_3,pure_rl,fl_rl,1556908.5005683203,1000000.0,1556908.5005683035,556908.5005683035,0.0,0.0,7.0,0.0,617,617,75,0.12155591572123177,21453311.94117893,151079.7287430146,0.007042256652830466,0.1510797287430146,0,2249,0.0,0p00,436570,medium_default,1000000.0
Fin_fl_rl_prox_1,pure_rl,fl_rl_prox,1456383.883172723,1000000.0,1456383.8831727235,456383.88317272346,0.0,0.0,6.0,0.0,657,657,90,0.136986301369863,21228347.307384923,153088.99459371515,0.007211536177404564,0.15308899459371514,0,2249,0.0,0p00,436570,medium_default,1000000.0
Fin_fl_rl_prox_2,pure_rl,fl_rl_prox,1577161.04363622,1000000.0,1577161.0436362303,577161.0436362303,0.0,0.0,6.0,0.0,576,576,59,0.10243055555555555,20611188.130022228,122881.7214863087,0.005961894128137104,0.1228817214863087,0,2249,0.0,0p00,436570,medium_default,1000000.0
Fin_fl_rl_prox_3,pure_rl,fl_rl_prox,1534565.739106256,1000000.0,1534565.7391061867,534565.7391061867,0.0,0.0,7.0,0.0,624,624,74,0.11858974358974358,21382068.936915185,140133.3754280241,0.006553779984596817,0.1401333754280241,0,2249,0.0,0p00,436570,medium_default,1000000.0
Fin_fl_rl_scaffold_1,pure_rl,fl_rl_scaffold,1251144.2957094237,1000000.0,1251144.295709457,251144.29570945702,0.0,0.0,6.0,0.0,682,682,160,0.23460410557184752,20208774.135726344,257157.7506350375,0.012725054419823408,0.2571577506350375,0,2249,0.0,0p00,436570,medium_default,1000000.0
Fin_fl_rl_scaffold_2,pure_rl,fl_rl_scaffold,1624434.757455842,1000000.0,1624434.7574558044,624434.7574558044,0.0,0.0,7.0,0.0,597,597,155,0.25963149078726966,22802185.517280556,402701.010345847,0.01766063213724235,0.402701010345847,0,2249,0.0,0p00,436570,medium_default,1000000.0
Fin_fl_rl_scaffold_3,pure_rl,fl_rl_scaffold,1416708.9462600525,1000000.0,1416708.946260023,416708.94626002293,0.0,0.0,7.0,0.0,536,536,107,0.19962686567164178,19305367.269663744,224318.18147213233,0.011619472364279938,0.22431818147213234,0,2249,0.0,0p00,436570,medium_default,1000000.0
Fin_fl_rl_1,pure_rl,fl_rl,1393719.2987602665,1000000.0,1393719.2987602598,393719.29876025976,0.0,0.0,6.0,0.0,653,653,157,0.24042879019908117,21067217.07808436,313712.734036817,0.014891038188578006,0.313712734036817,0,2246,0.0,0p00,831197,medium_default,1000000.0
Fin_fl_rl_2,pure_rl,fl_rl,1606803.0596452646,1000000.0,1606803.0596453517,606803.0596453517,0.0,0.0,6.0,0.0,529,529,81,0.15311909262759923,19370433.58865309,183775.30820201262,0.009487413245600523,0.18377530820201263,0,2246,0.0,0p00,831197,medium_default,1000000.0
Fin_fl_rl_3,pure_rl,fl_rl,1673354.5409949203,1000000.0,1673354.5409949075,673354.5409949075,0.0,0.0,6.0,0.0,575,575,92,0.16,21504217.727815833,223244.85495738103,0.010381445062687051,0.22324485495738103,0,2246,0.0,0p00,831197,medium_default,1000000.0
Fin_fl_rl_prox_1,pure_rl,fl_rl_prox,1710803.7208819843,1000000.0,1710803.7208820793,710803.7208820793,0.0,0.0,6.0,0.0,532,532,71,0.13345864661654136,20267451.918281328,177185.37155579092,0.008742360523178,0.17718537155579092,0,2246,0.0,0p00,831197,medium_default,1000000.0
Fin_fl_rl_prox_2,pure_rl,fl_rl_prox,1354634.0908078318,1000000.0,1354634.0908078286,354634.0908078286,0.0,0.0,6.0,0.0,577,577,124,0.21490467937608318,18938383.773983162,246052.91703240332,0.01299228698546185,0.2460529170324033,0,2246,0.0,0p00,831197,medium_default,1000000.0
Fin_fl_rl_prox_3,pure_rl,fl_rl_prox,1572528.988263957,1000000.0,1572528.9882640422,572528.9882640422,0.0,0.0,6.0,0.0,568,568,106,0.18661971830985916,20337793.288801793,218662.6935987284,0.01075154469777832,0.2186626935987284,0,2246,0.0,0p00,831197,medium_default,1000000.0
Fin_fl_rl_scaffold_1,pure_rl,fl_rl_scaffold,1339419.713651879,1000000.0,1339419.713651879,339419.713651879,0.0,0.0,6.0,0.0,690,690,82,0.11884057971014493,20737566.00196034,128944.38175138822,0.006217913025048311,0.12894438175138823,0,2246,0.0,0p00,831197,medium_default,1000000.0
Fin_fl_rl_scaffold_2,pure_rl,fl_rl_scaffold,1863012.0188671025,1000000.0,1863012.0188670896,863012.0188670896,0.0,0.0,6.0,0.0,635,635,46,0.07244094488188976,23468652.928366806,106573.75957545426,0.0045411110684856325,0.10657375957545426,0,2246,0.0,0p00,831197,medium_default,1000000.0
Fin_fl_rl_scaffold_3,pure_rl,fl_rl_scaffold,1227876.2011306852,1000000.0,1227876.2011307045,227876.2011307045,0.0,0.0,7.0,0.0,707,707,107,0.15134370579915135,20247630.987742588,179332.44521786095,0.008856959380898652,0.17933244521786096,0,2246,0.0,0p00,831197,medium_default,1000000.0
Fin_fl_rl_1,pure_rl,fl_rl,1482622.0162349294,1000000.0,1482622.0162348666,482622.0162348666,0.0,0.0,6.0,0.0,508,508,86,0.16929133858267717,18416927.85154431,223214.7584231512,0.012120086489041332,0.2232147584231512,0,2262,0.0,0p00,709098,high_default,1000000.0
Fin_fl_rl_2,pure_rl,fl_rl,1376745.0674581465,1000000.0,1376745.067458238,376745.067458238,0.0,0.0,33.0,0.0,412,412,75,0.1820388349514563,15096983.656667141,181103.25340195827,0.011995989233384333,0.18110325340195826,0,2262,0.0,0p00,709098,high_default,1000000.0
Fin_fl_rl_3,pure_rl,fl_rl,1094012.4001032338,1000000.0,1094012.40010328,94012.40010328009,0.0,0.0,8.0,0.0,500,500,153,0.306,15345427.765414136,352474.65517899377,0.022969360031357935,0.3524746551789938,0,2262,0.0,0p00,709098,high_default,1000000.0
Fin_fl_rl_prox_1,pure_rl,fl_rl_prox,1469841.1895787094,1000000.0,1469841.1895787357,469841.18957873574,0.0,0.0,6.0,0.0,594,594,72,0.12121212121212122,19983443.718211316,184309.39685958502,0.009223104859129968,0.18430939685958503,0,2262,0.0,0p00,709098,high_default,1000000.0
Fin_fl_rl_prox_2,pure_rl,fl_rl_prox,1275336.5666626631,1000000.0,1275336.5666626855,275336.5666626855,0.0,0.0,7.0,0.0,496,496,82,0.16532258064516128,16428219.891494455,214931.289916126,0.01308305411880958,0.214931289916126,0,2262,0.0,0p00,709098,high_default,1000000.0
Fin_fl_rl_prox_3,pure_rl,fl_rl_prox,1483121.1527969316,1000000.0,1483121.1527969134,483121.1527969134,0.0,0.0,7.0,0.0,558,558,83,0.14874551971326164,19889323.466199882,192627.31176545727,0.009684960481074686,0.19262731176545728,0,2262,0.0,0p00,709098,high_default,1000000.0
Fin_fl_rl_scaffold_1,pure_rl,fl_rl_scaffold,1437833.419008897,1000000.0,1437833.4190089328,437833.4190089328,0.0,0.0,7.0,0.0,537,537,69,0.12849162011173185,18983717.291495137,187255.01707522836,0.009863980494437733,0.18725501707522835,0,2262,0.0,0p00,709098,high_default,1000000.0
Fin_fl_rl_scaffold_2,pure_rl,fl_rl_scaffold,1466662.2534900184,1000000.0,1466662.2534900098,466662.2534900098,0.0,0.0,7.0,0.0,618,618,89,0.14401294498381878,20577694.78713009,203335.802299074,0.009881369337164351,0.20333580229907403,0,2262,0.0,0p00,709098,high_default,1000000.0
Fin_fl_rl_scaffold_3,pure_rl,fl_rl_scaffold,1279886.5101572615,1000000.0,1279886.5101572745,279886.51015727455,0.0,0.0,7.0,0.0,577,577,102,0.17677642980935876,18614221.652865358,245983.70968912842,0.01321482650612271,0.24598370968912842,0,2262,0.0,0p00,709098,high_default,1000000.0
Fin_fl_rl_1,pure_rl,fl_rl,1224465.8596587724,1000000.0,1224465.859658741,224465.85965874093,0.0,0.0,7.0,0.0,465,465,83,0.17849462365591398,17409158.355824452,242099.7481865348,0.013906459073912513,0.2420997481865348,0,2267,0.0,0p00,436570,high_default,1000000.0
Fin_fl_rl_2,pure_rl,fl_rl,1223339.8251981959,1000000.0,1223339.8251981966,223339.82519819657,0.0,0.0,7.0,0.0,648,648,86,0.13271604938271606,19861290.70044949,196229.4113365554,0.009879992911644682,0.19622941133655541,0,2267,0.0,0p00,436570,high_default,1000000.0
Fin_fl_rl_3,pure_rl,fl_rl,1266488.9874265986,1000000.0,1266488.9874266402,266488.98742664023,0.0,0.0,7.0,0.0,447,447,67,0.14988814317673377,16853584.854354624,187960.3600252264,0.011152544793855015,0.1879603600252264,0,2267,0.0,0p00,436570,high_default,1000000.0
Fin_fl_rl_prox_1,pure_rl,fl_rl_prox,1246656.8390903997,1000000.0,1246656.839090418,246656.83909041807,0.0,0.0,6.0,0.0,538,538,85,0.1579925650557621,19040326.329971485,223441.7933935515,0.011735187177009172,0.2234417933935515,0,2267,0.0,0p00,436570,high_default,1000000.0
Fin_fl_rl_prox_2,pure_rl,fl_rl_prox,1189751.299902934,1000000.0,1189751.2999029735,189751.29990297346,0.0,0.0,7.0,0.0,521,521,99,0.19001919385796545,17700234.16780105,234610.5746158976,0.01325465936731412,0.2346105746158976,0,2267,0.0,0p00,436570,high_default,1000000.0
Fin_fl_rl_prox_3,pure_rl,fl_rl_prox,1257220.7447998815,1000000.0,1257220.744799813,257220.74479981302,0.0,0.0,7.0,0.0,452,452,70,0.15486725663716813,16247018.777804337,157258.42049788724,0.00967921700889051,0.15725842049788724,0,2267,0.0,0p00,436570,high_default,1000000.0
Fin_fl_rl_scaffold_1,pure_rl,fl_rl_scaffold,1215561.8953044931,1000000.0,1215561.8953045616,215561.8953045616,0.0,0.0,7.0,0.0,544,544,88,0.16176470588235295,18177134.551878072,209185.64179738727,0.011508174800619171,0.20918564179738727,0,2267,0.0,0p00,436570,high_default,1000000.0
Fin_fl_rl_scaffold_2,pure_rl,fl_rl_scaffold,1180165.6586116324,1000000.0,1180165.6586116175,180165.65861161752,0.0,0.0,7.0,0.0,544,544,113,0.20772058823529413,18064329.413143538,250806.50758894382,0.013884075176710293,0.2508065075889438,0,2267,0.0,0p00,436570,high_default,1000000.0
Fin_fl_rl_scaffold_3,pure_rl,fl_rl_scaffold,1252416.8528191054,1000000.0,1252416.8528190476,252416.85281904764,0.0,0.0,7.0,0.0,609,609,83,0.13628899835796388,20066497.46961089,199675.3173865683,0.009950681113580516,0.1996753173865683,0,2267,0.0,0p00,436570,high_default,1000000.0
Fin_fl_rl_1,pure_rl,fl_rl,1381420.0545953922,1000000.0,1381420.0545954076,381420.05459540756,0.0,0.0,7.0,0.0,489,489,57,0.1165644171779141,17798576.1946147,153572.49754083838,0.008628358575519354,0.15357249754083838,0,2271,0.0,0p00,831197,high_default,1000000.0
Fin_fl_rl_2,pure_rl,fl_rl,1381010.0562589092,1000000.0,1381010.056258918,381010.056258918,0.0,0.0,7.0,0.0,517,517,71,0.13733075435203096,18815449.344502337,207973.92532972698,0.011053359477194448,0.20797392532972697,0,2271,0.0,0p00,831197,high_default,1000000.0
Fin_fl_rl_3,pure_rl,fl_rl,1226433.67229971,1000000.0,1226433.6722996766,226433.67229967657,0.0,0.0,6.0,0.0,401,401,71,0.1770573566084788,14769718.882390743,215164.02309643707,0.01456791593731464,0.21516402309643706,0,2271,0.0,0p00,831197,high_default,1000000.0
Fin_fl_rl_prox_1,pure_rl,fl_rl_prox,1437733.9042919192,1000000.0,1437733.9042919248,437733.9042919248,0.0,0.0,7.0,0.0,648,648,71,0.1095679012345679,21425789.982557356,178761.15631828035,0.008343270258123927,0.17876115631828035,0,2271,0.0,0p00,831197,high_default,1000000.0
Fin_fl_rl_prox_2,pure_rl,fl_rl_prox,1452148.6781584774,1000000.0,1452148.6781584423,452148.67815844226,0.0,0.0,7.0,0.0,566,566,60,0.10600706713780919,20143487.56643667,167168.5654341336,0.008298888903065224,0.1671685654341336,0,2271,0.0,0p00,831197,high_default,1000000.0
Fin_fl_rl_prox_3,pure_rl,fl_rl_prox,1223033.202776891,1000000.0,1223033.2027768744,223033.20277687442,0.0,0.0,7.0,0.0,670,670,92,0.1373134328358209,19781415.177092496,220358.8798756605,0.011139692378068231,0.2203588798756605,0,2271,0.0,0p00,831197,high_default,1000000.0
Fin_fl_rl_scaffold_1,pure_rl,fl_rl_scaffold,1164962.3329813343,1000000.0,1164962.3329812263,164962.33298122627,0.0,0.0,7.0,0.0,423,423,124,0.29314420803782504,14689601.03431469,305501.1092263811,0.02079710051435264,0.30550110922638113,0,2271,0.0,0p00,831197,high_default,1000000.0
Fin_fl_rl_scaffold_2,pure_rl,fl_rl_scaffold,1294327.5706072187,1000000.0,1294327.5706072212,294327.5706072212,0.0,0.0,6.0,0.0,565,565,115,0.20353982300884957,19215380.97894661,270614.13997175696,0.014083204505195923,0.270614139971757,0,2271,0.0,0p00,831197,high_default,1000000.0
Fin_fl_rl_scaffold_3,pure_rl,fl_rl_scaffold,1233932.6751120791,1000000.0,1233932.6751120705,233932.67511207052,0.0,0.0,6.0,0.0,513,513,123,0.23976608187134502,17537030.505379777,271416.6017586622,0.015476770806517137,0.2714166017586622,0,2271,0.0,0p00,831197,high_default,1000000.0
Fin_fl_rl_1,pure_rl,fl_rl,5105175.776656492,5000000.0,5105175.776656941,105175.77665694058,0.0,0.0,11.0,0.0,172,172,0,0.0,6026539.896266473,0.0,0.0,0.0,0,2249,0.0,0p00,709098,none_default,5000000.0
Fin_fl_rl_2,pure_rl,fl_rl,5490602.022121146,5000000.0,5490602.022121756,490602.02212175634,0.0,0.0,8.0,0.0,847,847,0,0.0,29143113.773627713,0.0,0.0,0.0,0,2249,0.0,0p00,709098,none_default,5000000.0
Fin_fl_rl_3,pure_rl,fl_rl,5499072.520060779,5000000.0,5499072.5200601565,499072.5200601565,0.0,0.0,6.0,0.0,839,839,0,0.0,29426654.294122107,0.0,0.0,0.0,0,2249,0.0,0p00,709098,none_default,5000000.0
Fin_fl_rl_prox_1,pure_rl,fl_rl_prox,5488217.54906265,5000000.0,5488217.549061343,488217.5490613431,0.0,0.0,6.0,0.0,813,813,0,0.0,28771466.967942443,0.0,0.0,0.0,0,2249,0.0,0p00,709098,none_default,5000000.0
Fin_fl_rl_prox_2,pure_rl,fl_rl_prox,5484902.163370207,5000000.0,5484902.163370712,484902.1633707117,0.0,0.0,6.0,0.0,806,806,0,0.0,28308541.597921878,0.0,0.0,0.0,0,2249,0.0,0p00,709098,none_default,5000000.0
Fin_fl_rl_prox_3,pure_rl,fl_rl_prox,5476238.888831076,5000000.0,5476238.888829817,476238.88882981706,0.0,0.0,6.0,0.0,806,806,0,0.0,28239959.79351271,0.0,0.0,0.0,0,2249,0.0,0p00,709098,none_default,5000000.0
Fin_fl_rl_scaffold_1,pure_rl,fl_rl_scaffold,5447564.094097993,5000000.0,5447564.094097361,447564.09409736097,0.0,0.0,6.0,0.0,760,760,0,0.0,26546373.370244548,0.0,0.0,0.0,0,2249,0.0,0p00,709098,none_default,5000000.0
Fin_fl_rl_scaffold_2,pure_rl,fl_rl_scaffold,5467870.462488274,5000000.0,5467870.462489955,467870.4624899551,0.0,0.0,6.0,0.0,787,787,0,0.0,27559733.951149594,0.0,0.0,0.0,0,2249,0.0,0p00,709098,none_default,5000000.0
Fin_fl_rl_scaffold_3,pure_rl,fl_rl_scaffold,5495130.876949175,5000000.0,5495130.876948633,495130.87694863323,0.0,0.0,6.0,0.0,827,827,0,0.0,29293648.950426113,0.0,0.0,0.0,0,2249,0.0,0p00,709098,none_default,5000000.0
Fin_fl_rl_1,pure_rl,fl_rl,5458711.450682067,5000000.0,5458711.450683055,458711.45068305545,0.0,0.0,6.0,0.0,780,780,0,0.0,26972807.395409107,0.0,0.0,0.0,0,2245,0.0,0p00,436570,none_default,5000000.0
Fin_fl_rl_2,pure_rl,fl_rl,5434748.516020833,5000000.0,5434748.5160201965,434748.5160201965,0.0,0.0,6.0,0.0,744,744,0,0.0,25567216.050567802,0.0,0.0,0.0,0,2245,0.0,0p00,436570,none_default,5000000.0
Fin_fl_rl_3,pure_rl,fl_rl,5450711.338907387,5000000.0,5450711.338907029,450711.33890702855,0.0,0.0,6.0,0.0,771,771,0,0.0,26728986.76674165,0.0,0.0,0.0,0,2245,0.0,0p00,436570,none_default,5000000.0
Fin_fl_rl_prox_1,pure_rl,fl_rl_prox,5424700.926257871,5000000.0,5424700.926258169,424700.9262581691,0.0,0.0,7.0,0.0,719,719,0,0.0,25190242.873970658,0.0,0.0,0.0,0,2245,0.0,0p00,436570,none_default,5000000.0
Fin_fl_rl_prox_2,pure_rl,fl_rl_prox,5433882.123716836,5000000.0,5433882.1237167725,433882.12371677253,0.0,0.0,7.0,0.0,728,728,0,0.0,25535005.97178814,0.0,0.0,0.0,0,2245,0.0,0p00,436570,none_default,5000000.0
Fin_fl_rl_prox_3,pure_rl,fl_rl_prox,5452337.840456698,5000000.0,5452337.840456582,452337.8404565817,0.0,0.0,6.0,0.0,770,770,0,0.0,27099046.527581207,0.0,0.0,0.0,0,2245,0.0,0p00,436570,none_default,5000000.0
Fin_fl_rl_scaffold_1,pure_rl,fl_rl_scaffold,5420365.716215781,5000000.0,5420365.7162147695,420365.7162147695,0.0,0.0,6.0,0.0,702,702,0,0.0,24963290.83910252,0.0,0.0,0.0,0,2245,0.0,0p00,436570,none_default,5000000.0
Fin_fl_rl_scaffold_2,pure_rl,fl_rl_scaffold,5440095.938797546,5000000.0,5440095.938797677,440095.93879767694,0.0,0.0,6.0,0.0,742,742,0,0.0,25848599.991337754,0.0,0.0,0.0,0,2245,0.0,0p00,436570,none_default,5000000.0
Fin_fl_rl_scaffold_3,pure_rl,fl_rl_scaffold,5413489.796005213,5000000.0,5413489.796006364,413489.7960063638,0.0,0.0,8.0,0.0,703,703,0,0.0,24364557.15511374,0.0,0.0,0.0,0,2245,0.0,0p00,436570,none_default,5000000.0
Fin_fl_rl_1,pure_rl,fl_rl,5439293.353554793,5000000.0,5439293.353553744,439293.35355374403,0.0,0.0,6.0,0.0,748,748,0,0.0,26112978.082703043,0.0,0.0,0.0,0,2257,0.0,0p00,831197,none_default,5000000.0
Fin_fl_rl_2,pure_rl,fl_rl,5440421.419899252,5000000.0,5440421.419899574,440421.41989957355,0.0,0.0,6.0,0.0,738,738,0,0.0,26076073.83367452,0.0,0.0,0.0,0,2257,0.0,0p00,831197,none_default,5000000.0
Fin_fl_rl_3,pure_rl,fl_rl,5415017.329143065,5000000.0,5415017.32914372,415017.32914371975,0.0,0.0,6.0,0.0,692,692,0,0.0,24440578.782263365,0.0,0.0,0.0,0,2257,0.0,0p00,831197,none_default,5000000.0
Fin_fl_rl_prox_1,pure_rl,fl_rl_prox,5464357.819827556,5000000.0,5464357.819825916,464357.8198259156,0.0,0.0,6.0,0.0,790,790,0,0.0,27743904.960418053,0.0,0.0,0.0,0,2257,0.0,0p00,831197,none_default,5000000.0
Fin_fl_rl_prox_2,pure_rl,fl_rl_prox,5440497.550354273,5000000.0,5440497.550353436,440497.5503534358,0.0,0.0,6.0,0.0,748,748,0,0.0,26242320.96243689,0.0,0.0,0.0,0,2257,0.0,0p00,831197,none_default,5000000.0
Fin_fl_rl_prox_3,pure_rl,fl_rl_prox,5429186.938220081,5000000.0,5429186.938219675,429186.93821967486,0.0,0.0,6.0,0.0,732,732,0,0.0,25269557.8240981,0.0,0.0,0.0,0,2257,0.0,0p00,831197,none_default,5000000.0
Fin_fl_rl_scaffold_1,pure_rl,fl_rl_scaffold,5428897.1665523285,5000000.0,5428897.166552567,428897.1665525669,0.0,0.0,6.0,0.0,731,731,0,0.0,25572413.12276168,0.0,0.0,0.0,0,2257,0.0,0p00,831197,none_default,5000000.0
Fin_fl_rl_scaffold_2,pure_rl,fl_rl_scaffold,5418548.090246513,5000000.0,5418548.090246105,418548.09024610464,0.0,0.0,7.0,0.0,702,702,0,0.0,24706875.169381317,0.0,0.0,0.0,0,2257,0.0,0p00,831197,none_default,5000000.0
Fin_fl_rl_scaffold_3,pure_rl,fl_rl_scaffold,5444264.096781337,5000000.0,5444264.096782708,444264.0967827076,0.0,0.0,6.0,0.0,745,745,0,0.0,26157221.06520943,0.0,0.0,0.0,0,2257,0.0,0p00,831197,none_default,5000000.0
Fin_fl_rl_1,pure_rl,fl_rl,5236239.995895253,5000000.0,5236239.995895491,236239.99589549098,0.0,0.0,11.0,0.0,531,531,78,0.14689265536723164,18674573.699555486,89915.37372329891,0.004814855491209375,0.01798307474465978,0,2291,0.0,0p00,709098,low_default,5000000.0
Fin_fl_rl_2,pure_rl,fl_rl,5381994.116871489,5000000.0,5381994.116871368,381994.11687136814,0.0,0.0,8.0,0.0,793,793,82,0.1034047919293821,27755467.988622062,105969.82316082175,0.0038179800536695145,0.021193964632164348,0,2291,0.0,0p00,709098,low_default,5000000.0
Fin_fl_rl_3,pure_rl,fl_rl,5362183.564905274,5000000.0,5362183.564906144,362183.5649061436,0.0,0.0,6.0,0.0,846,846,125,0.14775413711583923,29824701.18000005,163082.36674127934,0.005468030199432129,0.03261647334825587,0,2291,0.0,0p00,709098,low_default,5000000.0
Fin_fl_rl_prox_1,pure_rl,fl_rl_prox,5180110.332445309,5000000.0,5180110.332445746,180110.3324457463,0.0,0.0,10.0,0.0,404,404,57,0.14108910891089108,14347485.248322975,71336.93833744583,0.004972086543583248,0.014267387667489166,0,2291,0.0,0p00,709098,low_default,5000000.0
Fin_fl_rl_prox_2,pure_rl,fl_rl_prox,5391392.482573778,5000000.0,5391392.482573269,391392.48257326894,0.0,0.0,7.0,0.0,784,784,64,0.08163265306122448,27491065.125253007,83993.22200051327,0.003055291659956746,0.016798644400102654,0,2291,0.0,0p00,709098,low_default,5000000.0
Fin_fl_rl_prox_3,pure_rl,fl_rl_prox,5402152.589678671,5000000.0,5402152.589678897,402152.5896788966,0.0,0.0,7.0,0.0,842,842,83,0.09857482185273159,29003042.041035403,116297.86327488246,0.004009850522243033,0.023259572654976492,0,2291,0.0,0p00,709098,low_default,5000000.0
Fin_fl_rl_scaffold_1,pure_rl,fl_rl_scaffold,5332256.328309021,5000000.0,5332256.328309347,332256.3283093469,0.0,0.0,6.0,0.0,719,719,82,0.11404728789986092,24878395.777805958,100054.46635463054,0.00402174108203107,0.020010893270926106,0,2291,0.0,0p00,709098,low_default,5000000.0
Fin_fl_rl_scaffold_2,pure_rl,fl_rl_scaffold,5399759.289158605,5000000.0,5399759.289160089,399759.28916008864,0.0,0.0,7.0,0.0,842,842,96,0.11401425178147269,29608887.810233995,120308.32894608799,0.004063250525219144,0.024061665789217597,0,2291,0.0,0p00,709098,low_default,5000000.0
Fin_fl_rl_scaffold_3,pure_rl,fl_rl_scaffold,5392772.134906564,5000000.0,5392772.134906108,392772.13490610756,0.0,0.0,7.0,0.0,881,881,126,0.14301929625425652,31178976.294186547,172451.44963573824,0.005531017054844503,0.03449028992714765,0,2291,0.0,0p00,709098,low_default,5000000.0
Fin_fl_rl_1,pure_rl,fl_rl,5349315.721353027,5000000.0,5349315.721353751,349315.7213537507,0.0,0.0,7.0,0.0,784,784,103,0.13137755102040816,27168014.32859638,139052.2873860857,0.005118235204982305,0.027810457477217138,0,2272,0.0,0p00,436570,low_default,5000000.0
Fin_fl_rl_2,pure_rl,fl_rl,5338728.546769196,5000000.0,5338728.5467692325,338728.5467692325,0.0,0.0,6.0,0.0,782,782,109,0.13938618925831203,27210918.370694228,157435.89484221215,0.005785761902537195,0.03148717896844243,0,2272,0.0,0p00,436570,low_default,5000000.0
Fin_fl_rl_3,pure_rl,fl_rl,5326329.493638364,5000000.0,5326329.493638531,326329.4936385313,0.0,0.0,6.0,0.0,727,727,90,0.12379642365887207,25391674.34408912,124077.20285687313,0.004886530961899991,0.024815440571374626,0,2272,0.0,0p00,436570,low_default,5000000.0
Fin_fl_rl_prox_1,pure_rl,fl_rl_prox,5327324.319487649,5000000.0,5327324.319487379,327324.31948737893,0.0,0.0,6.0,0.0,742,742,99,0.1334231805929919,25967822.015260402,131101.78145811864,0.005048624462270059,0.02622035629162373,0,2272,0.0,0p00,436570,low_default,5000000.0
Fin_fl_rl_prox_2,pure_rl,fl_rl_prox,5353638.57700138,5000000.0,5353638.577002051,353638.5770020513,0.0,0.0,8.0,0.0,746,746,80,0.10723860589812333,25692606.282591697,91723.1633249025,0.003570021753186267,0.0183446326649805,0,2272,0.0,0p00,436570,low_default,5000000.0
Fin_fl_rl_prox_3,pure_rl,fl_rl_prox,5358689.419876985,5000000.0,5358689.419877448,358689.4198774481,0.0,0.0,7.0,0.0,772,772,96,0.12435233160621761,27009050.72367139,113580.81033022083,0.004205287016276949,0.022716162066044168,0,2272,0.0,0p00,436570,low_default,5000000.0
Fin_fl_rl_scaffold_1,pure_rl,fl_rl_scaffold,5343362.454861619,5000000.0,5343362.454860919,343362.45486091916,0.0,0.0,7.0,0.0,724,724,79,0.10911602209944751,25489059.50863509,116495.51341648586,0.004570412391128827,0.02329910268329717,0,2272,0.0,0p00,436570,low_default,5000000.0
Fin_fl_rl_scaffold_2,pure_rl,fl_rl_scaffold,5327265.623075891,5000000.0,5327265.623076199,327265.6230761986,0.0,0.0,7.0,0.0,632,632,47,0.07436708860759493,22222456.541853465,63758.80014921616,0.0028691157536581847,0.012751760029843231,0,2272,0.0,0p00,436570,low_default,5000000.0
Fin_fl_rl_scaffold_3,pure_rl,fl_rl_scaffold,5340317.691542677,5000000.0,5340317.691542474,340317.6915424736,0.0,0.0,6.0,0.0,743,743,90,0.12113055181695828,26186298.755625416,127020.19461081858,0.0048506356624199035,0.025404038922163717,0,2272,0.0,0p00,436570,low_default,5000000.0
Fin_fl_rl_1,pure_rl,fl_rl,5345208.714930144,5000000.0,5345208.71493034,345208.7149303397,0.0,0.0,6.0,0.0,757,757,96,0.12681638044914134,26178734.573414054,124846.0839908155,0.0047689884948680285,0.0249692167981631,0,2270,0.0,0p00,831197,low_default,5000000.0
Fin_fl_rl_2,pure_rl,fl_rl,5318662.913076488,5000000.0,5318662.913077463,318662.9130774634,0.0,0.0,8.0,0.0,708,708,99,0.13983050847457626,25183915.44806347,127252.09917474509,0.00505291162675541,0.025450419834949018,0,2270,0.0,0p00,831197,low_default,5000000.0
Fin_fl_rl_3,pure_rl,fl_rl,5245351.635373067,5000000.0,5245351.63537291,245351.63537290972,0.0,0.0,12.0,0.0,517,517,57,0.1102514506769826,18233328.64520575,78151.63038674802,0.004286196552887622,0.015630326077349602,0,2270,0.0,0p00,831197,low_default,5000000.0
Fin_fl_rl_prox_1,pure_rl,fl_rl_prox,5355332.277294702,5000000.0,5355332.277294656,355332.27729465626,0.0,0.0,7.0,0.0,759,759,85,0.11198945981554677,26309912.84359994,114299.35956342862,0.004344345807714551,0.022859871912685722,0,2270,0.0,0p00,831197,low_default,5000000.0
Fin_fl_rl_prox_2,pure_rl,fl_rl_prox,5361799.043947083,5000000.0,5361799.043947015,361799.04394701496,0.0,0.0,6.0,0.0,750,750,65,0.08666666666666667,25827526.364950556,90809.51455433374,0.0035159973615424313,0.018161902910866747,0,2270,0.0,0p00,831197,low_default,5000000.0
Fin_fl_rl_prox_3,pure_rl,fl_rl_prox,5376695.562838173,5000000.0,5376695.562838832,376695.5628388319,0.0,0.0,7.0,0.0,782,782,75,0.0959079283887468,27281924.004042633,115272.94278798229,0.004225249757711412,0.02305458855759646,0,2270,0.0,0p00,831197,low_default,5000000.0
Fin_fl_rl_scaffold_1,pure_rl,fl_rl_scaffold,5370366.914306818,5000000.0,5370366.914307411,370366.9143074108,0.0,0.0,6.0,0.0,803,803,96,0.11955168119551682,28018035.407144405,118792.45390459386,0.0042398566558418515,0.02375849078091877,0,2270,0.0,0p00,831197,low_default,5000000.0
Fin_fl_rl_scaffold_2,pure_rl,fl_rl_scaffold,5346790.247389766,5000000.0,5346790.24738908,346790.24738908,0.0,0.0,7.0,0.0,794,794,114,0.14357682619647355,27755048.19028804,144051.99712920663,0.005190118789979722,0.028810399425841328,0,2270,0.0,0p00,831197,low_default,5000000.0
Fin_fl_rl_scaffold_3,pure_rl,fl_rl_scaffold,5345734.484638083,5000000.0,5345734.48463774,345734.48463774007,0.0,0.0,8.0,0.0,775,775,105,0.13548387096774195,27185209.874971732,131372.65278825333,0.004832504637354393,0.026274530557650666,0,2270,0.0,0p00,831197,low_default,5000000.0
Fin_fl_rl_1,pure_rl,fl_rl,5272768.461073412,5000000.0,5272768.4610732645,272768.4610732645,0.0,0.0,6.0,0.0,809,809,131,0.1619283065512979,28320270.899974804,270074.63938307326,0.009536442653990063,0.05401492787661465,0,2260,0.0,0p00,709098,medium_default,5000000.0
Fin_fl_rl_2,pure_rl,fl_rl,5279921.681522424,5000000.0,5279921.681520763,279921.68152076285,0.0,0.0,8.0,0.0,749,749,105,0.14018691588785046,26586759.406720266,249531.16143728144,0.009385542540931411,0.04990623228745629,0,2260,0.0,0p00,709098,medium_default,5000000.0
Fin_fl_rl_3,pure_rl,fl_rl,5266745.272804941,5000000.0,5266745.272804951,266745.2728049513,0.0,0.0,7.0,0.0,851,851,167,0.19623971797884843,29861846.917395286,344511.9965093617,0.011536861650331303,0.06890239930187235,0,2260,0.0,0p00,709098,medium_default,5000000.0
Fin_fl_rl_prox_1,pure_rl,fl_rl_prox,5209572.134665981,5000000.0,5209572.13466575,209572.13466574997,0.0,0.0,7.0,0.0,713,713,134,0.1879382889200561,24596334.269673202,263697.4860851184,0.010721007577549969,0.05273949721702367,0,2260,0.0,0p00,709098,medium_default,5000000.0
Fin_fl_rl_prox_2,pure_rl,fl_rl_prox,5168839.6327343555,5000000.0,5168839.632734236,168839.6327342363,0.0,0.0,7.0,0.0,588,588,116,0.19727891156462585,20529982.773908284,232844.71554543258,0.01134169074127801,0.04656894310908652,0,2260,0.0,0p00,709098,medium_default,5000000.0
Fin_fl_rl_prox_3,pure_rl,fl_rl_prox,5224446.678030535,5000000.0,5224446.678031468,224446.67803146783,0.0,0.0,6.0,0.0,814,814,160,0.19656019656019655,28469066.170251872,334422.8170329835,0.011746883969886983,0.06688456340659671,0,2260,0.0,0p00,709098,medium_default,5000000.0
Fin_fl_rl_scaffold_1,pure_rl,fl_rl_scaffold,5150386.450433718,5000000.0,5150386.450431961,150386.45043196063,0.0,0.0,7.0,0.0,552,552,121,0.21920289855072464,19484610.17372844,221397.04537201443,0.011362662295934937,0.044279409074402885,0,2260,0.0,0p00,709098,medium_default,5000000.0
Fin_fl_rl_scaffold_2,pure_rl,fl_rl_scaffold,5241325.693898817,5000000.0,5241325.693898606,241325.6938986061,0.0,0.0,7.0,0.0,755,755,139,0.18410596026490067,26381777.902742933,272195.32229998533,0.010317550367660588,0.054439064459997064,0,2260,0.0,0p00,709098,medium_default,5000000.0
Fin_fl_rl_scaffold_3,pure_rl,fl_rl_scaffold,5028271.590398491,5000000.0,5028271.5904001715,28271.590400171466,0.0,0.0,11.0,0.0,445,445,167,0.3752808988764045,15625007.162961945,301917.6038851414,0.019322717790543946,0.06038352077702828,0,2260,0.0,0p00,709098,medium_default,5000000.0
Fin_fl_rl_1,pure_rl,fl_rl,5218481.345051102,5000000.0,5218481.3450499745,218481.3450499745,0.0,0.0,7.0,0.0,634,634,102,0.1608832807570978,22291574.472588938,201511.9840979548,0.009039827327842906,0.040302396819590955,0,2286,0.0,0p00,436570,medium_default,5000000.0
Fin_fl_rl_2,pure_rl,fl_rl,5172702.956982425,5000000.0,5172702.956982419,172702.9569824189,0.0,0.0,8.0,0.0,689,689,147,0.21335268505079827,24473905.52848187,324384.6382957079,0.013254306220893124,0.06487692765914158,0,2286,0.0,0p00,436570,medium_default,5000000.0
Fin_fl_rl_3,pure_rl,fl_rl,5225541.776873377,5000000.0,5225541.776872164,225541.77687216364,0.0,0.0,8.0,0.0,626,626,80,0.12779552715654952,21687900.546941575,163914.64150284044,0.007557884228953441,0.03278292830056809,0,2286,0.0,0p00,436570,medium_default,5000000.0
Fin_fl_rl_prox_1,pure_rl,fl_rl_prox,5150053.604546983,5000000.0,5150053.604547065,150053.60454706475,0.0,0.0,13.0,0.0,818,818,250,0.3056234718826406,28689112.487073798,521602.43349040824,0.0181811979623079,0.10432048669808165,0,2286,0.0,0p00,436570,medium_default,5000000.0
Fin_fl_rl_prox_2,pure_rl,fl_rl_prox,5233110.352673722,5000000.0,5233110.352674878,233110.3526748782,0.0,0.0,8.0,0.0,816,816,158,0.19362745098039216,28736754.17824565,327870.54705723183,0.011409449551036526,0.06557410941144637,0,2286,0.0,0p00,436570,medium_default,5000000.0
Fin_fl_rl_prox_3,pure_rl,fl_rl_prox,5216341.690077451,5000000.0,5216341.690078043,216341.69007804338,0.0,0.0,8.0,0.0,723,723,139,0.19225449515905949,25294843.566825878,261290.1732392764,0.010329780160489223,0.05225803464785528,0,2286,0.0,0p00,436570,medium_default,5000000.0
Fin_fl_rl_scaffold_1,pure_rl,fl_rl_scaffold,5217601.280216703,5000000.0,5217601.280216998,217601.28021699842,0.0,0.0,9.0,0.0,665,665,113,0.1699248120300752,23315952.16221657,207425.45108728114,0.008896289100447437,0.04148509021745623,0,2286,0.0,0p00,436570,medium_default,5000000.0
Fin_fl_rl_scaffold_2,pure_rl,fl_rl_scaffold,5204979.462119452,5000000.0,5204979.46211919,204979.46211919002,0.0,0.0,7.0,0.0,733,733,165,0.22510231923601637,25134845.551987696,315733.60527310235,0.012561589233562397,0.06314672105462046,0,2286,0.0,0p00,436570,medium_default,5000000.0
Fin_fl_rl_scaffold_3,pure_rl,fl_rl_scaffold,5167519.01304958,5000000.0,5167519.013050003,167519.01305000298,0.0,0.0,7.0,0.0,621,621,131,0.2109500805152979,21466220.479536816,295222.18724178337,0.01375287221722198,0.059044437448356676,0,2286,0.0,0p00,436570,medium_default,5000000.0
Fin_fl_rl_1,pure_rl,fl_rl,5174910.969421631,5000000.0,5174910.969421554,174910.96942155436,0.0,0.0,8.0,0.0,731,731,166,0.2270861833105335,25376892.53641741,348678.114265501,0.01373998466380887,0.0697356228531002,0,2262,0.0,0p00,831197,medium_default,5000000.0
Fin_fl_rl_2,pure_rl,fl_rl,5268485.421738657,5000000.0,5268485.421738463,268485.42173846345,0.0,0.0,7.0,0.0,679,679,83,0.12223858615611193,24058587.80036934,174171.19881843013,0.007239460614382208,0.03483423976368603,0,2262,0.0,0p00,831197,medium_default,5000000.0
Fin_fl_rl_3,pure_rl,fl_rl,5256046.721246098,5000000.0,5256046.721246707,256046.72124670725,0.0,0.0,8.0,0.0,727,727,102,0.14030261348005502,24959484.41901011,224195.2959044058,0.00898236887191668,0.04483905918088116,0,2262,0.0,0p00,831197,medium_default,5000000.0
Fin_fl_rl_prox_1,pure_rl,fl_rl_prox,5081537.515533952,5000000.0,5081537.515534084,81537.51553408429,0.0,0.0,7.0,0.0,329,329,68,0.2066869300911854,11315535.194649061,165584.5112288082,0.01463337865867012,0.033116902245761644,0,2262,0.0,0p00,831197,medium_default,5000000.0
Fin_fl_rl_prox_2,pure_rl,fl_rl_prox,5236431.486993002,5000000.0,5236431.486993347,236431.4869933473,0.0,0.0,8.0,0.0,791,791,143,0.18078381795195955,27809863.725525815,286924.76851746585,0.010317374128450204,0.05738495370349317,0,2262,0.0,0p00,831197,medium_default,5000000.0
Fin_fl_rl_prox_3,pure_rl,fl_rl_prox,5248291.0653894385,5000000.0,5248291.065390094,248291.06539009418,0.0,0.0,25.0,0.0,802,802,146,0.18204488778054864,28262531.04326546,281580.4796072433,0.009963031236522596,0.056316095921448664,0,2262,0.0,0p00,831197,medium_default,5000000.0
Fin_fl_rl_scaffold_1,pure_rl,fl_rl_scaffold,5184145.93827342,5000000.0,5184145.938272414,184145.9382724138,0.0,0.0,8.0,0.0,747,747,179,0.23962516733601072,26424738.18999248,357560.3745627856,0.013531274065685923,0.07151207491255712,0,2262,0.0,0p00,831197,medium_default,5000000.0
Fin_fl_rl_scaffold_2,pure_rl,fl_rl_scaffold,5121269.995886156,5000000.0,5121269.995885145,121269.99588514492,0.0,0.0,7.0,0.0,632,632,178,0.28164556962025317,22004230.231175724,336070.36934842955,0.015272989139710194,0.0672140738696859,0,2262,0.0,0p00,831197,medium_default,5000000.0
Fin_fl_rl_scaffold_3,pure_rl,fl_rl_scaffold,5222038.470331442,5000000.0,5222038.470331893,222038.4703318933,0.0,0.0,6.0,0.0,859,859,191,0.22235157159487776,29654383.267201964,368163.4423898391,0.01241514413139158,0.07363268847796782,0,2262,0.0,0p00,831197,medium_default,5000000.0
Fin_fl_rl_1,pure_rl,fl_rl,5071455.1119909305,5000000.0,5071455.111990323,71455.11199032329,0.0,0.0,8.0,0.0,503,503,97,0.19284294234592445,17692808.44491035,273520.095285527,0.015459393919127061,0.0547040190571054,0,2249,0.0,0p00,709098,high_default,5000000.0
Fin_fl_rl_2,pure_rl,fl_rl,4963117.435438851,5000000.0,4963117.43543813,-36882.56456186995,36882.56456186995,0.00737651291237399,8.0,0.0,722,722,235,0.3254847645429363,25494986.840022244,648564.3641061211,0.025438897779229263,0.12971287282122423,0,2249,0.0,0p00,709098,high_default,5000000.0
Fin_fl_rl_3,pure_rl,fl_rl,5092431.388220935,5000000.0,5092431.388220916,92431.38822091557,0.0,0.0,8.0,0.0,675,675,150,0.2222222222222222,23495574.71477207,364209.9742068427,0.015501215808858578,0.07284199484136854,0,2249,0.0,0p00,709098,high_default,5000000.0
Fin_fl_rl_prox_1,pure_rl,fl_rl_prox,4974030.249812342,5000000.0,4974030.249812934,-25969.750187066384,25969.750187066384,0.005193950037413277,7.0,0.0,863,863,294,0.3406720741599073,30065732.4318654,773333.8774296587,0.02572143815828131,0.15466677548593175,0,2249,0.0,0p00,709098,high_default,5000000.0
Fin_fl_rl_prox_2,pure_rl,fl_rl_prox,4955569.939322788,5000000.0,4955569.939322998,-44430.060677002184,44430.060677002184,0.008886012135400436,16.0,0.0,592,592,198,0.3344594594594595,20871474.886910982,510874.56309878937,0.0244771663654288,0.10217491261975788,0,2249,0.0,0p00,709098,high_default,5000000.0
Fin_fl_rl_prox_3,pure_rl,fl_rl_prox,5048150.626462649,5000000.0,5048150.626462225,48150.62646222487,0.0,0.0,6.0,0.0,512,512,107,0.208984375,18270026.036905598,334095.2409085591,0.018286522429343234,0.06681904818171182,0,2249,0.0,0p00,709098,high_default,5000000.0
Fin_fl_rl_scaffold_1,pure_rl,fl_rl_scaffold,5053178.247345507,5000000.0,5053178.247346386,53178.24734638631,0.0,0.0,8.0,0.0,485,485,112,0.2309278350515464,16875967.299253367,271191.1421924112,0.016069665067697147,0.054238228438482236,0,2249,0.0,0p00,709098,high_default,5000000.0
Fin_fl_rl_scaffold_2,pure_rl,fl_rl_scaffold,5047104.31328161,5000000.0,5047104.313280998,47104.3132809978,0.0,0.0,8.0,0.0,757,757,183,0.24174372523117568,26403292.480703644,493549.9077576091,0.01869274099502215,0.09870998155152182,0,2249,0.0,0p00,709098,high_default,5000000.0
Fin_fl_rl_scaffold_3,pure_rl,fl_rl_scaffold,5042401.062661888,5000000.0,5042401.062660027,42401.062660027295,0.0,0.0,8.0,0.0,691,691,172,0.24891461649782923,24810476.924694918,453147.45692241075,0.018264358976161958,0.09062949138448215,0,2249,0.0,0p00,709098,high_default,5000000.0
Fin_fl_rl_1,pure_rl,fl_rl,5097709.13265426,5000000.0,5097709.132654549,97709.13265454862,0.0,0.0,8.0,0.0,883,883,185,0.20951302378255945,31093549.77133929,509046.26571455144,0.01637144261295533,0.10180925314291028,0,2266,0.0,0p00,436570,high_default,5000000.0
Fin_fl_rl_2,pure_rl,fl_rl,5112424.595571967,5000000.0,5112424.595570627,112424.59557062667,0.0,0.0,8.0,0.0,718,718,157,0.21866295264623956,25204315.16129011,357932.91645448306,0.014201255386784406,0.07158658329089661,0,2266,0.0,0p00,436570,high_default,5000000.0
Fin_fl_rl_3,pure_rl,fl_rl,5185674.9244472245,5000000.0,5185674.9244477535,185674.92444775347,0.0,0.0,9.0,0.0,742,742,116,0.15633423180592992,26010885.082271263,302837.9770681496,0.011642740187820855,0.06056759541362992,0,2266,0.0,0p00,436570,high_default,5000000.0
Fin_fl_rl_prox_1,pure_rl,fl_rl_prox,5047627.272315399,5000000.0,5047627.272315638,47627.27231563814,0.0,0.0,7.0,0.0,826,826,228,0.27602905569007263,28806042.264221277,537494.2058452348,0.018659078568138907,0.10749884116904695,0,2266,0.0,0p00,436570,high_default,5000000.0
Fin_fl_rl_prox_2,pure_rl,fl_rl_prox,5031461.4054604005,5000000.0,5031461.4054599125,31461.405459912494,0.0,0.0,8.0,0.0,609,609,153,0.2512315270935961,21284864.005254325,409032.76822941337,0.019217072194045528,0.08180655364588267,0,2266,0.0,0p00,436570,high_default,5000000.0
Fin_fl_rl_prox_3,pure_rl,fl_rl_prox,5012918.265451496,5000000.0,5012918.265451756,12918.265451756306,0.0,0.0,8.0,0.0,571,571,148,0.2591943957968476,20143257.623630844,411551.42215238954,0.020431224672894144,0.08231028443047791,0,2266,0.0,0p00,436570,high_default,5000000.0
Fin_fl_rl_scaffold_1,pure_rl,fl_rl_scaffold,4918510.478470227,5000000.0,4918510.478470189,-81489.52152981143,81489.52152981143,0.016297904305962285,12.0,0.0,464,464,177,0.38146551724137934,16336357.051305024,493274.16691451834,0.030194869355840464,0.09865483338290366,0,2266,0.0,0p00,436570,high_default,5000000.0
Fin_fl_rl_scaffold_2,pure_rl,fl_rl_scaffold,5000008.730514727,5000000.0,5000008.730514869,8.730514869093895,0.0,0.0,8.0,0.0,542,542,158,0.2915129151291513,18925863.980314713,407277.71733210864,0.02151963671279308,0.08145554346642173,0,2266,0.0,0p00,436570,high_default,5000000.0
Fin_fl_rl_scaffold_3,pure_rl,fl_rl_scaffold,4821465.133979089,5000000.0,4821465.133979815,-178534.86602018494,178534.86602018494,0.03570697320403699,11.0,0.0,496,496,252,0.5080645161290323,17604155.563718095,635251.8932798866,0.03608533740687519,0.12705037865597732,0,2266,0.0,0p00,436570,high_default,5000000.0
Fin_fl_rl_1,pure_rl,fl_rl,4831523.048985659,5000000.0,4831523.048985681,-168476.95101431943,168476.95101431943,0.033695390202863884,10.0,0.0,402,402,198,0.4925373134328358,14174199.876828896,512147.5570953982,0.03613237865599915,0.10242951141907963,0,2256,0.0,0p00,831197,high_default,5000000.0
Fin_fl_rl_2,pure_rl,fl_rl,4977074.602171527,5000000.0,4977074.602171026,-22925.39782897383,22925.39782897383,0.004585079565794766,10.0,0.0,389,389,120,0.30848329048843187,13581773.811994338,306962.3411002006,0.02260104941735342,0.061392468220040124,0,2256,0.0,0p00,831197,high_default,5000000.0
Fin_fl_rl_3,pure_rl,fl_rl,4912367.980106937,5000000.0,4912367.980106869,-87632.01989313122,87632.01989313122,0.017526403978626245,10.0,0.0,474,474,176,0.37130801687763715,16823433.299135495,454153.6314962453,0.026995300151936456,0.09083072629924906,0,2256,0.0,0p00,831197,high_default,5000000.0
Fin_fl_rl_prox_1,pure_rl,fl_rl_prox,5102994.69435705,5000000.0,5102994.694358013,102994.69435801264,0.0,0.0,8.0,0.0,852,852,204,0.23943661971830985,29609151.3982061,543311.79676895,0.018349455189109777,0.10866235935378998,0,2256,0.0,0p00,831197,high_default,5000000.0
Fin_fl_rl_prox_2,pure_rl,fl_rl_prox,4995585.508127267,5000000.0,4995585.50812688,-4414.491873119958,4414.491873119958,0.0008828983746239916,8.0,0.0,751,751,235,0.3129161118508655,26148377.38776306,586886.0093086694,0.022444452311726263,0.11737720186173388,0,2256,0.0,0p00,831197,high_default,5000000.0
Fin_fl_rl_prox_3,pure_rl,fl_rl_prox,5023569.808341874,5000000.0,5023569.808342522,23569.80834252201,0.0,0.0,9.0,0.0,361,361,75,0.2077562326869806,12760837.313214548,231979.7135098124,0.018179035420315615,0.04639594270196248,0,2256,0.0,0p00,831197,high_default,5000000.0
Fin_fl_rl_scaffold_1,pure_rl,fl_rl_scaffold,5095586.106063702,5000000.0,5095586.106063355,95586.10606335476,0.0,0.0,8.0,0.0,837,837,195,0.23297491039426524,28947309.673555803,499146.01921564457,0.017243261112849764,0.09982920384312892,0,2256,0.0,0p00,831197,high_default,5000000.0
Fin_fl_rl_scaffold_2,pure_rl,fl_rl_scaffold,5210297.522779003,5000000.0,5210297.522778654,210297.52277865354,0.0,0.0,9.0,0.0,916,916,168,0.18340611353711792,32023934.417460617,424508.22021958645,0.013255967074055994,0.08490164404391728,0,2256,0.0,0p00,831197,high_default,5000000.0
Fin_fl_rl_scaffold_3,pure_rl,fl_rl_scaffold,5128598.50158107,5000000.0,5128598.501580949,128598.50158094894,0.0,0.0,8.0,0.0,795,795,177,0.22264150943396227,27697872.54570565,427492.45751688717,0.015434126098004835,0.08549849150337743,0,2256,0.0,0p00,831197,high_default,5000000.0
Fin_fl_rl_1,pure_rl,fl_rl,10056809.376795625,10000000.0,10056809.376795618,56809.37679561786,0.0,0.0,11.0,0.0,92,92,0,0.0,3208520.5749619897,0.0,0.0,0.0,0,2239,0.0,0p00,709098,none_default,10000000.0
Fin_fl_rl_2,pure_rl,fl_rl,10473657.866263185,10000000.0,10473657.866265187,473657.86626518704,0.0,0.0,6.0,0.0,822,822,0,0.0,28162252.069449537,0.0,0.0,0.0,0,2239,0.0,0p00,709098,none_default,10000000.0
Fin_fl_rl_3,pure_rl,fl_rl,10476554.347821757,10000000.0,10476554.347820366,476554.3478203658,0.0,0.0,8.0,0.0,805,805,0,0.0,28144710.34950896,0.0,0.0,0.0,0,2239,0.0,0p00,709098,none_default,10000000.0
Fin_fl_rl_prox_1,pure_rl,fl_rl_prox,10457674.076716626,10000000.0,10457674.076721026,457674.07672102563,0.0,0.0,8.0,0.0,772,772,0,0.0,26982598.28227019,0.0,0.0,0.0,0,2239,0.0,0p00,709098,none_default,10000000.0
Fin_fl_rl_prox_2,pure_rl,fl_rl_prox,10473941.92853054,10000000.0,10473941.92853268,473941.9285326805,0.0,0.0,8.0,0.0,803,803,0,0.0,27931406.168066174,0.0,0.0,0.0,0,2239,0.0,0p00,709098,none_default,10000000.0
Fin_fl_rl_prox_3,pure_rl,fl_rl_prox,10512388.507068105,10000000.0,10512388.50706979,512388.50706979074,0.0,0.0,6.0,0.0,869,869,0,0.0,30378746.14562547,0.0,0.0,0.0,0,2239,0.0,0p00,709098,none_default,10000000.0
Fin_fl_rl_scaffold_1,pure_rl,fl_rl_scaffold,10474207.316987932,10000000.0,10474207.316984823,474207.316984823,0.0,0.0,6.0,0.0,808,808,0,0.0,28451190.930851657,0.0,0.0,0.0,0,2239,0.0,0p00,709098,none_default,10000000.0
Fin_fl_rl_scaffold_2,pure_rl,fl_rl_scaffold,10481597.726625415,10000000.0,10481597.726627154,481597.7266271543,0.0,0.0,6.0,0.0,818,818,0,0.0,28525706.031751756,0.0,0.0,0.0,0,2239,0.0,0p00,709098,none_default,10000000.0
Fin_fl_rl_scaffold_3,pure_rl,fl_rl_scaffold,10509509.222231533,10000000.0,10509509.222230524,509509.2222305238,0.0,0.0,6.0,0.0,869,869,0,0.0,30070276.299683396,0.0,0.0,0.0,0,2239,0.0,0p00,709098,none_default,10000000.0
Fin_fl_rl_1,pure_rl,fl_rl,10458711.450681698,10000000.0,10458711.450683055,458711.45068305545,0.0,0.0,6.0,0.0,780,780,0,0.0,26972807.395409107,0.0,0.0,0.0,0,2245,0.0,0p00,436570,none_default,10000000.0
Fin_fl_rl_2,pure_rl,fl_rl,10434748.516022993,10000000.0,10434748.516020196,434748.51602019556,0.0,0.0,6.0,0.0,744,744,0,0.0,25567216.050567802,0.0,0.0,0.0,0,2245,0.0,0p00,436570,none_default,10000000.0
Fin_fl_rl_3,pure_rl,fl_rl,10450711.33890007,10000000.0,10450711.33890703,450711.3389070295,0.0,0.0,6.0,0.0,771,771,0,0.0,26728986.76674165,0.0,0.0,0.0,0,2245,0.0,0p00,436570,none_default,10000000.0
Fin_fl_rl_prox_1,pure_rl,fl_rl_prox,10424700.926257676,10000000.0,10424700.92625817,424700.9262581691,0.0,0.0,7.0,0.0,719,719,0,0.0,25190242.873970658,0.0,0.0,0.0,0,2245,0.0,0p00,436570,none_default,10000000.0
Fin_fl_rl_prox_2,pure_rl,fl_rl_prox,10433882.123720532,10000000.0,10433882.123716772,433882.1237167716,0.0,0.0,7.0,0.0,728,728,0,0.0,25535005.97178814,0.0,0.0,0.0,0,2245,0.0,0p00,436570,none_default,10000000.0
Fin_fl_rl_prox_3,pure_rl,fl_rl_prox,10452337.840458341,10000000.0,10452337.840456583,452337.8404565826,0.0,0.0,6.0,0.0,770,770,0,0.0,27099046.527581207,0.0,0.0,0.0,0,2245,0.0,0p00,436570,none_default,10000000.0
Fin_fl_rl_scaffold_1,pure_rl,fl_rl_scaffold,10420365.716213834,10000000.0,10420365.71621477,420365.71621477045,0.0,0.0,6.0,0.0,702,702,0,0.0,24963290.83910252,0.0,0.0,0.0,0,2245,0.0,0p00,436570,none_default,10000000.0
Fin_fl_rl_scaffold_2,pure_rl,fl_rl_scaffold,10440095.938793192,10000000.0,10440095.938797677,440095.93879767694,0.0,0.0,6.0,0.0,742,742,0,0.0,25848599.991337754,0.0,0.0,0.0,0,2245,0.0,0p00,436570,none_default,10000000.0
Fin_fl_rl_scaffold_3,pure_rl,fl_rl_scaffold,10413489.796007508,10000000.0,10413489.796006365,413489.79600636475,0.0,0.0,8.0,0.0,703,703,0,0.0,24364557.15511374,0.0,0.0,0.0,0,2245,0.0,0p00,436570,none_default,10000000.0
Fin_fl_rl_1,pure_rl,fl_rl,10432191.57065557,10000000.0,10432191.57065859,432191.57065859064,0.0,0.0,6.0,0.0,734,734,0,0.0,25648629.28848573,0.0,0.0,0.0,0,2243,0.0,0p00,831197,none_default,10000000.0
Fin_fl_rl_2,pure_rl,fl_rl,10409565.743289158,10000000.0,10409565.743289893,409565.7432898935,0.0,0.0,6.0,0.0,685,685,0,0.0,24228937.451543823,0.0,0.0,0.0,0,2243,0.0,0p00,831197,none_default,10000000.0
Fin_fl_rl_3,pure_rl,fl_rl,10413297.441540211,10000000.0,10413297.441538636,413297.44153863564,0.0,0.0,6.0,0.0,697,697,0,0.0,24427636.21579482,0.0,0.0,0.0,0,2243,0.0,0p00,831197,none_default,10000000.0
Fin_fl_rl_prox_1,pure_rl,fl_rl_prox,10474957.659611838,10000000.0,10474957.65961312,474957.65961311944,0.0,0.0,6.0,0.0,811,811,0,0.0,28329894.638501666,0.0,0.0,0.0,0,2243,0.0,0p00,831197,none_default,10000000.0
Fin_fl_rl_prox_2,pure_rl,fl_rl_prox,10436072.777789086,10000000.0,10436072.777790667,436072.7777906675,0.0,0.0,6.0,0.0,748,748,0,0.0,25890544.610447377,0.0,0.0,0.0,0,2243,0.0,0p00,831197,none_default,10000000.0
Fin_fl_rl_prox_3,pure_rl,fl_rl_prox,10438120.102934303,10000000.0,10438120.10293265,438120.1029326506,0.0,0.0,6.0,0.0,746,746,0,0.0,25795306.61664959,0.0,0.0,0.0,0,2243,0.0,0p00,831197,none_default,10000000.0
Fin_fl_rl_scaffold_1,pure_rl,fl_rl_scaffold,10430591.71766339,10000000.0,10430591.717655106,430591.7176551055,0.0,0.0,7.0,0.0,736,736,0,0.0,25608870.86248656,0.0,0.0,0.0,0,2243,0.0,0p00,831197,none_default,10000000.0
Fin_fl_rl_scaffold_2,pure_rl,fl_rl_scaffold,10430029.872120539,10000000.0,10430029.87212637,430029.87212637067,0.0,0.0,6.0,0.0,722,722,0,0.0,25381905.493904073,0.0,0.0,0.0,0,2243,0.0,0p00,831197,none_default,10000000.0
Fin_fl_rl_scaffold_3,pure_rl,fl_rl_scaffold,10440272.445959872,10000000.0,10440272.445958365,440272.44595836475,0.0,0.0,6.0,0.0,744,744,0,0.0,25840029.21350309,0.0,0.0,0.0,0,2243,0.0,0p00,831197,none_default,10000000.0
Fin_fl_rl_1,pure_rl,fl_rl,10302882.647432635,10000000.0,10302882.647433631,302882.6474336311,0.0,0.0,8.0,0.0,554,554,28,0.05054151624548736,19565584.42375183,29974.60409205231,0.001532006580680736,0.002997460409205231,0,2288,0.0,0p00,709098,low_default,10000000.0
Fin_fl_rl_2,pure_rl,fl_rl,10337860.285077145,10000000.0,10337860.285077428,337860.28507742845,0.0,0.0,8.0,0.0,791,791,112,0.1415929203539823,27384515.470885552,150208.85751850175,0.005485174922236605,0.015020885751850175,0,2288,0.0,0p00,709098,low_default,10000000.0
Fin_fl_rl_3,pure_rl,fl_rl,10387740.76777285,10000000.0,10387740.767774468,387740.7677744683,0.0,0.0,8.0,0.0,877,877,114,0.12998859749144812,30436926.216128737,143364.86907882584,0.004710228229381974,0.014336486907882584,0,2288,0.0,0p00,709098,low_default,10000000.0
Fin_fl_rl_prox_1,pure_rl,fl_rl_prox,10304354.247645568,10000000.0,10304354.24764795,304354.2476479504,0.0,0.0,10.0,0.0,687,687,98,0.14264919941775836,24523198.59058721,149004.28192604062,0.006076054123838203,0.014900428192604063,0,2288,0.0,0p00,709098,low_default,10000000.0
Fin_fl_rl_prox_2,pure_rl,fl_rl_prox,10398242.002789311,10000000.0,10398242.002792379,398242.0027923789,0.0,0.0,8.0,0.0,776,776,61,0.07860824742268041,27127952.474083953,74022.25070510818,0.002728633898036484,0.007402225070510818,0,2288,0.0,0p00,709098,low_default,10000000.0
Fin_fl_rl_prox_3,pure_rl,fl_rl_prox,10375577.644231852,10000000.0,10375577.644234248,375577.6442342475,0.0,0.0,6.0,0.0,778,778,77,0.09897172236503857,27053487.304791726,99501.42415169757,0.0036779518673762195,0.009950142415169758,0,2288,0.0,0p00,709098,low_default,10000000.0
Fin_fl_rl_scaffold_1,pure_rl,fl_rl_scaffold,10315714.205425119,10000000.0,10315714.205427103,315714.20542710274,0.0,0.0,8.0,0.0,684,684,81,0.11842105263157894,23780293.35503654,102360.65083436758,0.004304431795947048,0.010236065083436758,0,2288,0.0,0p00,709098,low_default,10000000.0
Fin_fl_rl_scaffold_2,pure_rl,fl_rl_scaffold,10339285.855393518,10000000.0,10339285.855392413,339285.8553924132,0.0,0.0,8.0,0.0,813,813,135,0.16605166051660517,28579446.3243788,193641.99996680164,0.006775568629600126,0.019364199996680164,0,2288,0.0,0p00,709098,low_default,10000000.0
Fin_fl_rl_scaffold_3,pure_rl,fl_rl_scaffold,10327078.634635497,10000000.0,10327078.634641722,327078.63464172184,0.0,0.0,6.0,0.0,682,682,78,0.11436950146627566,24101952.396850403,98405.40428622847,0.004082881032454778,0.009840540428622847,0,2288,0.0,0p00,709098,low_default,10000000.0
Fin_fl_rl_1,pure_rl,fl_rl,10358158.940729193,10000000.0,10358158.940732567,358158.94073256664,0.0,0.0,7.0,0.0,763,763,90,0.11795543905635648,26817901.48635322,112674.1951062245,0.004201454582997885,0.011267419510622451,0,2259,0.0,0p00,436570,low_default,10000000.0
Fin_fl_rl_2,pure_rl,fl_rl,10296452.431490943,10000000.0,10296452.43148885,296452.4314888492,0.0,0.0,8.0,0.0,682,682,95,0.13929618768328444,23747422.366467163,124952.0748401365,0.005261711056968296,0.01249520748401365,0,2259,0.0,0p00,436570,low_default,10000000.0
Fin_fl_rl_3,pure_rl,fl_rl,10259246.660581598,10000000.0,10259246.660581892,259246.66058189236,0.0,0.0,7.0,0.0,662,662,111,0.16767371601208458,22698406.854048464,148198.26529087604,0.0065290161659272376,0.014819826529087603,0,2259,0.0,0p00,436570,low_default,10000000.0
Fin_fl_rl_prox_1,pure_rl,fl_rl_prox,10344021.164570335,10000000.0,10344021.164572816,344021.16457281634,0.0,0.0,6.0,0.0,755,755,84,0.11125827814569536,26386812.180069227,125295.0291948274,0.0047483958403079325,0.01252950291948274,0,2259,0.0,0p00,436570,low_default,10000000.0
Fin_fl_rl_prox_2,pure_rl,fl_rl_prox,10372070.616178108,10000000.0,10372070.61618108,372070.6161810793,0.0,0.0,8.0,0.0,759,759,76,0.10013175230566534,26394516.33345421,83264.957226505,0.0031546309155500345,0.0083264957226505,0,2259,0.0,0p00,436570,low_default,10000000.0
Fin_fl_rl_prox_3,pure_rl,fl_rl_prox,10332555.726293156,10000000.0,10332555.726298422,332555.7262984216,0.0,0.0,6.0,0.0,845,845,157,0.18579881656804734,29417844.82955744,204101.92602016559,0.0069380312256965586,0.02041019260201656,0,2259,0.0,0p00,436570,low_default,10000000.0
Fin_fl_rl_scaffold_1,pure_rl,fl_rl_scaffold,10370631.161292778,10000000.0,10370631.161287507,370631.16128750704,0.0,0.0,7.0,0.0,752,752,73,0.09707446808510638,26393422.682482444,97244.72908087261,0.003684430407179241,0.009724472908087261,0,2259,0.0,0p00,436570,low_default,10000000.0
Fin_fl_rl_scaffold_2,pure_rl,fl_rl_scaffold,10360599.502525497,10000000.0,10360599.502524346,360599.5025243461,0.0,0.0,6.0,0.0,687,687,45,0.06550218340611354,24116053.44788093,58882.67859431485,0.0024416382523604354,0.005888267859431485,0,2259,0.0,0p00,436570,low_default,10000000.0
Fin_fl_rl_scaffold_3,pure_rl,fl_rl_scaffold,10371452.652360233,10000000.0,10371452.65235944,371452.6523594409,0.0,0.0,7.0,0.0,753,753,67,0.08897742363877822,26620514.43531657,91545.9090234004,0.003438923362876467,0.00915459090234004,0,2259,0.0,0p00,436570,low_default,10000000.0
Fin_fl_rl_1,pure_rl,fl_rl,10364178.914993767,10000000.0,10364178.914997183,364178.9149971828,0.0,0.0,8.0,0.0,793,793,103,0.12988650693568726,27744224.086818293,123427.63169760152,0.004448768554902348,0.012342763169760152,0,2298,0.0,0p00,831197,low_default,10000000.0
Fin_fl_rl_2,pure_rl,fl_rl,10342795.170343563,10000000.0,10342795.170342691,342795.17034269124,0.0,0.0,7.0,0.0,717,717,77,0.10739191073919108,25260713.324002933,96021.61141095695,0.0038012232742341617,0.009602161141095694,0,2298,0.0,0p00,831197,low_default,10000000.0
Fin_fl_rl_3,pure_rl,fl_rl,10110632.36777565,10000000.0,10110632.36777626,110632.36777625978,0.0,0.0,12.0,0.0,355,355,91,0.2563380281690141,12321018.21570694,140175.86386907322,0.011376970751522452,0.014017586386907322,0,2298,0.0,0p00,831197,low_default,10000000.0
Fin_fl_rl_prox_1,pure_rl,fl_rl_prox,10404359.428633185,10000000.0,10404359.428635381,404359.42863538116,0.0,0.0,6.0,0.0,790,790,63,0.07974683544303797,27754409.64468427,77737.84921153041,0.0028009188524180818,0.007773784921153041,0,2298,0.0,0p00,831197,low_default,10000000.0
Fin_fl_rl_prox_2,pure_rl,fl_rl_prox,10361670.27245797,10000000.0,10361670.272459382,361670.2724593822,0.0,0.0,8.0,0.0,733,733,57,0.07776261937244201,25348552.84651531,70643.20920965218,0.0027868734612738876,0.007064320920965218,0,2298,0.0,0p00,831197,low_default,10000000.0
Fin_fl_rl_prox_3,pure_rl,fl_rl_prox,10409414.949469889,10000000.0,10409414.949468615,409414.94946861453,0.0,0.0,8.0,0.0,778,778,42,0.05398457583547558,27063793.975516483,54185.62093290943,0.00200214430326838,0.005418562093290943,0,2298,0.0,0p00,831197,low_default,10000000.0
Fin_fl_rl_scaffold_1,pure_rl,fl_rl_scaffold,10369636.204876658,10000000.0,10369636.204875084,369636.20487508364,0.0,0.0,7.0,0.0,874,874,131,0.14988558352402745,30560779.464959774,158609.44804943982,0.00518996736425841,0.01586094480494398,0,2298,0.0,0p00,831197,low_default,10000000.0
Fin_fl_rl_scaffold_2,pure_rl,fl_rl_scaffold,10366649.274146643,10000000.0,10366649.274143308,366649.2741433084,0.0,0.0,7.0,0.0,818,818,108,0.13202933985330073,28640511.610851157,150409.44630933838,0.005251632664702543,0.015040944630933839,0,2298,0.0,0p00,831197,low_default,10000000.0
Fin_fl_rl_scaffold_3,pure_rl,fl_rl_scaffold,10333862.528537791,10000000.0,10333862.528538808,333862.5285388082,0.0,0.0,7.0,0.0,796,796,128,0.16080402010050251,27558265.52811844,147029.17954805368,0.005335211659022439,0.014702917954805368,0,2298,0.0,0p00,831197,low_default,10000000.0
Fin_fl_rl_1,pure_rl,fl_rl,10291741.236771582,10000000.0,10291741.236768335,291741.2367683351,0.0,0.0,34.0,0.0,768,768,106,0.13802083333333334,27291087.027863685,204445.6222722531,0.0074912964098321905,0.02044456222722531,0,2245,0.0,0p00,709098,medium_default,10000000.0
Fin_fl_rl_2,pure_rl,fl_rl,10283839.796619149,10000000.0,10283839.796613507,283839.796613507,0.0,0.0,8.0,0.0,743,743,103,0.1386271870794078,26011224.496740863,222878.83379295564,0.008568563691451042,0.022287883379295565,0,2245,0.0,0p00,709098,medium_default,10000000.0
Fin_fl_rl_3,pure_rl,fl_rl,10242003.723186016,10000000.0,10242003.723183844,242003.72318384424,0.0,0.0,8.0,0.0,730,730,116,0.1589041095890411,25494880.99097661,239804.73523834065,0.009405995475060842,0.023980473523834065,0,2245,0.0,0p00,709098,medium_default,10000000.0
Fin_fl_rl_prox_1,pure_rl,fl_rl_prox,10183698.966050902,10000000.0,10183698.96605552,183698.96605551988,0.0,0.0,8.0,0.0,579,579,98,0.1692573402417962,20075439.764609717,183049.60609845739,0.009118086988119138,0.01830496060984574,0,2245,0.0,0p00,709098,medium_default,10000000.0
Fin_fl_rl_prox_2,pure_rl,fl_rl_prox,10172708.025028044,10000000.0,10172708.02502411,172708.02502411045,0.0,0.0,8.0,0.0,481,481,70,0.14553014553014554,16562437.447648976,160643.84723023293,0.009699287785267149,0.01606438472302329,0,2245,0.0,0p00,709098,medium_default,10000000.0
Fin_fl_rl_prox_3,pure_rl,fl_rl_prox,10224631.00329798,10000000.0,10224631.003298244,224631.0032982435,0.0,0.0,8.0,0.0,738,738,144,0.1951219512195122,26220573.013062473,272351.9922606276,0.010386958062470574,0.027235199226062764,0,2245,0.0,0p00,709098,medium_default,10000000.0
Fin_fl_rl_scaffold_1,pure_rl,fl_rl_scaffold,10110618.039356384,10000000.0,10110618.039356248,110618.03935624845,0.0,0.0,8.0,0.0,571,571,156,0.2732049036777583,20209919.632118378,305407.4812370078,0.015111761293283055,0.030540748123700782,0,2245,0.0,0p00,709098,medium_default,10000000.0
Fin_fl_rl_scaffold_2,pure_rl,fl_rl_scaffold,10211486.953581631,10000000.0,10211486.953580802,211486.9535808023,0.0,0.0,8.0,0.0,811,811,180,0.2219482120838471,28606032.423208617,344437.0930419665,0.012040715326971319,0.03444370930419665,0,2245,0.0,0p00,709098,medium_default,10000000.0
Fin_fl_rl_scaffold_3,pure_rl,fl_rl_scaffold,10107399.414000342,10000000.0,10107399.413999684,107399.41399968415,0.0,0.0,8.0,0.0,847,847,263,0.3105076741440378,30017730.92231397,515156.39835494675,0.017161736831080736,0.051515639835494675,0,2245,0.0,0p00,709098,medium_default,10000000.0
Fin_fl_rl_1,pure_rl,fl_rl,10223146.80535872,10000000.0,10223146.805354793,223146.80535479262,0.0,0.0,7.0,0.0,679,679,115,0.16936671575846834,23901406.304233603,227116.98535501087,0.009502243611279984,0.022711698535501087,0,2284,0.0,0p00,436570,medium_default,10000000.0
Fin_fl_rl_2,pure_rl,fl_rl,10220110.356969463,10000000.0,10220110.356969595,220110.35696959496,0.0,0.0,6.0,0.0,764,764,165,0.21596858638743455,26809364.709364343,332212.484921523,0.01239165823297123,0.0332212484921523,0,2284,0.0,0p00,436570,medium_default,10000000.0
Fin_fl_rl_3,pure_rl,fl_rl,10248203.265467722,10000000.0,10248203.265465908,248203.26546590775,0.0,0.0,9.0,0.0,680,680,102,0.15,23539629.42094544,193764.04590174893,0.008231397463264171,0.019376404590174895,0,2284,0.0,0p00,436570,medium_default,10000000.0
Fin_fl_rl_prox_1,pure_rl,fl_rl_prox,10187390.613391638,10000000.0,10187390.613392562,187390.61339256167,0.0,0.0,6.0,0.0,702,702,153,0.21794871794871795,24471959.76681911,297135.84022827505,0.012141889863318335,0.029713584022827505,0,2284,0.0,0p00,436570,medium_default,10000000.0
Fin_fl_rl_prox_2,pure_rl,fl_rl_prox,10238537.65247031,10000000.0,10238537.65246717,238537.65246717073,0.0,0.0,7.0,0.0,706,706,109,0.15439093484419264,24707127.354823943,222794.15806702527,0.009017404365446225,0.022279415806702528,0,2284,0.0,0p00,436570,medium_default,10000000.0
Fin_fl_rl_prox_3,pure_rl,fl_rl_prox,10194235.538949877,10000000.0,10194235.538948882,194235.53894888237,0.0,0.0,8.0,0.0,655,655,113,0.17251908396946564,22796209.805354,225721.29183353356,0.009901702684826135,0.022572129183353357,0,2284,0.0,0p00,436570,medium_default,10000000.0
Fin_fl_rl_scaffold_1,pure_rl,fl_rl_scaffold,10165298.969756005,10000000.0,10165298.969758384,165298.96975838393,0.0,0.0,8.0,0.0,658,658,150,0.22796352583586627,22956220.785424408,275281.53616184834,0.011991587758932552,0.027528153616184835,0,2284,0.0,0p00,436570,medium_default,10000000.0
Fin_fl_rl_scaffold_2,pure_rl,fl_rl_scaffold,10205166.750497503,10000000.0,10205166.750494793,205166.75049479306,0.0,0.0,8.0,0.0,702,702,139,0.198005698005698,24522798.833110526,266895.4555768704,0.010883564204609054,0.02668954555768704,0,2284,0.0,0p00,436570,medium_default,10000000.0
Fin_fl_rl_scaffold_3,pure_rl,fl_rl_scaffold,10098936.7550591,10000000.0,10098936.755060222,98936.755060222,0.0,0.0,8.0,0.0,768,768,242,0.3151041666666667,26808445.463615853,542113.0893272153,0.02022172789030105,0.05421130893272153,0,2284,0.0,0p00,436570,medium_default,10000000.0
Fin_fl_rl_1,pure_rl,fl_rl,10227439.27534516,10000000.0,10227439.2753471,227439.27534710057,0.0,0.0,8.0,0.0,675,675,105,0.15555555555555556,23752982.992824007,210793.433414761,0.008874398364131512,0.0210793433414761,0,2259,0.0,0p00,831197,medium_default,10000000.0
Fin_fl_rl_2,pure_rl,fl_rl,10234200.023738831,10000000.0,10234200.023735477,234200.02373547666,0.0,0.0,8.0,0.0,757,757,133,0.17569352708058125,26536838.23159193,273151.85180974007,0.01029330809593415,0.027315185180974005,0,2259,0.0,0p00,831197,medium_default,10000000.0
Fin_fl_rl_3,pure_rl,fl_rl,10239400.481492788,10000000.0,10239400.481491389,239400.48149138875,0.0,0.0,7.0,0.0,773,773,150,0.19404915912031048,27067070.174892373,312808.82462729583,0.01155680399120034,0.03128088246272959,0,2259,0.0,0p00,831197,medium_default,10000000.0
Fin_fl_rl_prox_1,pure_rl,fl_rl_prox,10047249.243456129,10000000.0,10047249.24345371,47249.24345370941,0.0,0.0,7.0,0.0,215,215,47,0.2186046511627907,7403963.970992094,108845.78961581501,0.014701015569802972,0.0108845789615815,0,2259,0.0,0p00,831197,medium_default,10000000.0
Fin_fl_rl_prox_2,pure_rl,fl_rl_prox,10213361.33385374,10000000.0,10213361.333858527,213361.33385852724,0.0,0.0,8.0,0.0,864,864,198,0.22916666666666666,30523009.40677036,374619.85992045543,0.012273359252622068,0.037461985992045546,0,2259,0.0,0p00,831197,medium_default,10000000.0
Fin_fl_rl_prox_3,pure_rl,fl_rl_prox,10176471.225050474,10000000.0,10176471.225049343,176471.22504934296,0.0,0.0,8.0,0.0,780,780,188,0.24102564102564103,27382910.810096078,341386.2112463514,0.012467126435677624,0.03413862112463514,0,2259,0.0,0p00,831197,medium_default,10000000.0
Fin_fl_rl_scaffold_1,pure_rl,fl_rl_scaffold,10192645.402122669,10000000.0,10192645.40212221,192645.4021222107,0.0,0.0,8.0,0.0,655,655,127,0.19389312977099238,22842547.966696773,246609.49982062072,0.010796059186574298,0.024660949982062072,0,2259,0.0,0p00,831197,medium_default,10000000.0
Fin_fl_rl_scaffold_2,pure_rl,fl_rl_scaffold,10208985.33857177,10000000.0,10208985.338573638,208985.33857363835,0.0,0.0,7.0,0.0,822,822,189,0.22992700729927007,28797561.494904682,377152.7298191639,0.01309668979735995,0.03771527298191639,0,2259,0.0,0p00,831197,medium_default,10000000.0
Fin_fl_rl_scaffold_3,pure_rl,fl_rl_scaffold,10226797.572235888,10000000.0,10226797.572232705,226797.5722327046,0.0,0.0,7.0,0.0,824,824,185,0.22451456310679613,28839338.03748531,354850.5762494082,0.012304393942335784,0.03548505762494082,0,2259,0.0,0p00,831197,medium_default,10000000.0
Fin_fl_rl_1,pure_rl,fl_rl,10086851.414350541,10000000.0,10086851.414347336,86851.4143473357,0.0,0.0,8.0,0.0,590,590,122,0.20677966101694914,20565845.29061199,322499.0460654297,0.015681293013161283,0.03224990460654297,0,2273,0.0,0p00,709098,high_default,10000000.0
Fin_fl_rl_2,pure_rl,fl_rl,9906397.248709863,10000000.0,9906397.248708751,-93602.75129124895,93602.75129124895,0.009360275129124894,8.0,0.0,847,847,305,0.3600944510035419,29963261.225994762,876228.661636952,0.029243434318717478,0.08762286616369519,0,2273,0.0,0p00,709098,high_default,10000000.0
Fin_fl_rl_3,pure_rl,fl_rl,10009671.496122919,10000000.0,10009671.496122727,9671.49612272717,0.0,0.0,8.0,0.0,617,617,165,0.26742301458670986,21938838.26854177,450995.8219543006,0.020556960055673788,0.04509958219543006,0,2273,0.0,0p00,709098,high_default,10000000.0
Fin_fl_rl_prox_1,pure_rl,fl_rl_prox,10063211.89860138,10000000.0,10063211.898602115,63211.89860211499,0.0,0.0,9.0,0.0,740,740,192,0.2594594594594595,25782597.0780446,481738.83380927914,0.018684651214578695,0.048173883380927915,0,2273,0.0,0p00,709098,high_default,10000000.0
Fin_fl_rl_prox_2,pure_rl,fl_rl_prox,10081081.092462746,10000000.0,10081081.092462214,81081.09246221371,0.0,0.0,8.0,0.0,594,594,124,0.20875420875420875,20528551.95536914,313424.3568515144,0.015267728456099888,0.031342435685151444,0,2273,0.0,0p00,709098,high_default,10000000.0
Fin_fl_rl_prox_3,pure_rl,fl_rl_prox,9977812.66822967,10000000.0,9977812.668230442,-22187.33176955767,22187.33176955767,0.002218733176955767,8.0,0.0,474,474,149,0.3143459915611814,16594239.274245895,419938.2562444708,0.025306267392215503,0.041993825624447076,0,2273,0.0,0p00,709098,high_default,10000000.0
Fin_fl_rl_scaffold_1,pure_rl,fl_rl_scaffold,10005642.848802073,10000000.0,10005642.848797305,5642.848797304556,0.0,0.0,10.0,0.0,434,434,124,0.2857142857142857,15016199.005422715,305325.2919413575,0.020333061104950534,0.03053252919413575,0,2273,0.0,0p00,709098,high_default,10000000.0
Fin_fl_rl_scaffold_2,pure_rl,fl_rl_scaffold,10019332.440524317,10000000.0,10019332.4405262,19332.44052620046,0.0,0.0,8.0,0.0,681,681,179,0.26284875183553597,24007106.990786526,509745.1759035241,0.021233094687300502,0.05097451759035241,0,2273,0.0,0p00,709098,high_default,10000000.0
Fin_fl_rl_scaffold_3,pure_rl,fl_rl_scaffold,10089824.682341596,10000000.0,10089824.682336364,89824.68233636394,0.0,0.0,6.0,0.0,810,810,186,0.22962962962962963,28789062.895044696,503241.28702229424,0.017480294126173673,0.05032412870222942,0,2273,0.0,0p00,709098,high_default,10000000.0
Fin_fl_rl_1,pure_rl,fl_rl,10036105.156578997,10000000.0,10036105.156584254,36105.156584253535,0.0,0.0,10.0,0.0,922,922,234,0.25379609544468545,32463228.979168143,601859.5340826306,0.018539731043663205,0.06018595340826306,0,2281,0.0,0p00,436570,high_default,10000000.0
Fin_fl_rl_2,pure_rl,fl_rl,9965194.788027484,10000000.0,9965194.788025308,-34805.2119746916,34805.2119746916,0.00348052119746916,10.0,0.0,325,325,108,0.3323076923076923,11372216.085039359,273972.17848597374,0.024091362355169805,0.027397217848597374,0,2281,0.0,0p00,436570,high_default,10000000.0
Fin_fl_rl_3,pure_rl,fl_rl,10015205.712100921,10000000.0,10015205.712098293,15205.712098293006,0.0,0.0,8.0,0.0,593,593,154,0.2596964586846543,20606848.081285805,399438.93061173323,0.01938379557301077,0.039943893061173324,0,2281,0.0,0p00,436570,high_default,10000000.0
Fin_fl_rl_prox_1,pure_rl,fl_rl_prox,10103956.586260693,10000000.0,10103956.58626124,103956.58626124077,0.0,0.0,8.0,0.0,698,698,159,0.22779369627507162,24382940.05047822,386605.26626771205,0.01585556399135426,0.038660526626771205,0,2281,0.0,0p00,436570,high_default,10000000.0
Fin_fl_rl_prox_2,pure_rl,fl_rl_prox,10035970.40468003,10000000.0,10035970.404681912,35970.40468191169,0.0,0.0,8.0,0.0,843,843,247,0.2930011862396204,29578960.122484647,651680.8491378747,0.022031905328629017,0.06516808491378746,0,2281,0.0,0p00,436570,high_default,10000000.0
Fin_fl_rl_prox_3,pure_rl,fl_rl_prox,9967477.120863687,10000000.0,9967477.120866701,-32522.879133298993,32522.879133298993,0.003252287913329899,6.0,0.0,558,558,135,0.24193548387096775,19179164.04654883,462094.455891402,0.02409356605793009,0.0462094455891402,0,2281,0.0,0p00,436570,high_default,10000000.0
Fin_fl_rl_scaffold_1,pure_rl,fl_rl_scaffold,10110202.161321646,10000000.0,10110202.161319163,110202.1613191627,0.0,0.0,10.0,0.0,709,709,145,0.20451339915373765,24595692.016066343,405011.9300538658,0.01646678328014942,0.040501193005386585,0,2281,0.0,0p00,436570,high_default,10000000.0
Fin_fl_rl_scaffold_2,pure_rl,fl_rl_scaffold,10135055.225044454,10000000.0,10135055.225042835,135055.22504283488,0.0,0.0,8.0,0.0,743,743,131,0.17631224764468373,25802664.31598333,381370.88280055445,0.014780290830831613,0.038137088280055444,0,2281,0.0,0p00,436570,high_default,10000000.0
Fin_fl_rl_scaffold_3,pure_rl,fl_rl_scaffold,9900394.791984888,10000000.0,9900394.79198146,-99605.20801853947,99605.20801853947,0.009960520801853947,13.0,0.0,325,325,147,0.4523076923076923,11125552.227957385,378088.6713176431,0.03398381164105675,0.03780886713176431,0,2281,0.0,0p00,436570,high_default,10000000.0
Fin_fl_rl_1,pure_rl,fl_rl,9851124.555227313,10000000.0,9851124.555227298,-148875.4447727017,148875.4447727017,0.01488754447727017,10.0,0.0,350,350,170,0.4857142857142857,12108274.019589879,424116.5048189593,0.035026999234802965,0.04241165048189593,0,2276,0.0,0p00,831197,high_default,10000000.0
Fin_fl_rl_2,pure_rl,fl_rl,9966647.938449726,10000000.0,9966647.938450828,-33352.061549171805,33352.061549171805,0.0033352061549171805,8.0,0.0,467,467,144,0.3083511777301927,16298593.235800983,393708.5323849091,0.02415598246357245,0.03937085323849091,0,2276,0.0,0p00,831197,high_default,10000000.0
Fin_fl_rl_3,pure_rl,fl_rl,10114819.060592791,10000000.0,10114819.060592934,114819.06059293449,0.0,0.0,7.0,0.0,695,695,144,0.20719424460431654,24183324.847317293,381927.0445488412,0.015792991532808574,0.03819270445488412,0,2276,0.0,0p00,831197,high_default,10000000.0
Fin_fl_rl_prox_1,pure_rl,fl_rl_prox,9877806.526856529,10000000.0,9877806.526858019,-122193.47314198129,122193.47314198129,0.01221934731419813,11.0,0.0,396,396,151,0.3813131313131313,13934524.103168905,441214.4570871231,0.031663403344128906,0.04412144570871231,0,2276,0.0,0p00,831197,high_default,10000000.0
Fin_fl_rl_prox_2,pure_rl,fl_rl_prox,10160153.77274752,10000000.0,10160153.772750804,160153.7727508042,0.0,0.0,6.0,0.0,917,917,192,0.2093784078516903,32480469.728365287,525646.7221552299,0.016183470453205333,0.05256467221552299,0,2276,0.0,0p00,831197,high_default,10000000.0
Fin_fl_rl_prox_3,pure_rl,fl_rl_prox,10081591.43603398,10000000.0,10081591.436035246,81591.43603524566,0.0,0.0,7.0,0.0,537,537,128,0.2383612662942272,18585154.158082176,338044.775635438,0.018188968074199778,0.0338044775635438,0,2276,0.0,0p00,831197,high_default,10000000.0
Fin_fl_rl_scaffold_1,pure_rl,fl_rl_scaffold,10005264.944314325,10000000.0,10005264.9443145,5264.944314500317,0.0,0.0,8.0,0.0,563,563,164,0.2912966252220249,19354010.05089554,413461.4263684547,0.021363088335759298,0.04134614263684547,0,2276,0.0,0p00,831197,high_default,10000000.0
Fin_fl_rl_scaffold_2,pure_rl,fl_rl_scaffold,10239851.103529967,10000000.0,10239851.10353015,239851.1035301499,0.0,0.0,8.0,0.0,888,888,159,0.17905405405405406,31517923.355117418,371088.7114661737,0.011773894722855265,0.03710887114661737,0,2276,0.0,0p00,831197,high_default,10000000.0
Fin_fl_rl_scaffold_3,pure_rl,fl_rl_scaffold,10130373.120087724,10000000.0,10130373.12008932,130373.12008932047,0.0,0.0,6.0,0.0,910,910,212,0.23296703296703297,31808671.334924176,528579.1256557609,0.016617453778253542,0.052857912565576086,0,2276,0.0,0p00,831197,high_default,10000000.0
Fin_fl_rl_1,pure_rl,fl_rl,1907387.7957481686,1000000.0,1907387.795748129,907387.795748129,0.0,0.0,27.0,0.0,731,731,0,0.0,25652975.145502,0.0,0.0,0.0,0,2256,0.5,0p50,709098,none_default,1000000.0
Fin_fl_rl_2,pure_rl,fl_rl,1571029.0634619647,1000000.0,1571029.0634620052,571029.0634620052,0.0,0.0,6.0,0.0,733,733,0,0.0,22897443.633429725,0.0,0.0,0.0,0,2256,0.5,0p50,709098,none_default,1000000.0
Fin_fl_rl_3,pure_rl,fl_rl,2087706.5280560586,1000000.0,2087706.5280558993,1087706.5280558993,0.0,0.0,6.0,0.0,645,645,0,0.0,24250810.597158,0.0,0.0,0.0,0,2256,0.5,0p50,709098,none_default,1000000.0
Fin_fl_rl_prox_1,pure_rl,fl_rl_prox,1569170.7833992613,1000000.0,1569170.7833992706,569170.7833992706,0.0,0.0,6.0,0.0,788,788,0,0.0,23547315.121646516,0.0,0.0,0.0,0,2256,0.5,0p50,709098,none_default,1000000.0
Fin_fl_rl_prox_2,pure_rl,fl_rl_prox,1757889.1879437696,1000000.0,1757889.1879437002,757889.1879437002,0.0,0.0,6.0,0.0,734,734,0,0.0,23916798.429528635,0.0,0.0,0.0,0,2256,0.5,0p50,709098,none_default,1000000.0
Fin_fl_rl_prox_3,pure_rl,fl_rl_prox,2011855.8677198736,1000000.0,2011855.8677198072,1011855.8677198072,0.0,0.0,26.0,0.0,635,635,0,0.0,24010814.807829905,0.0,0.0,0.0,0,2256,0.5,0p50,709098,none_default,1000000.0
Fin_fl_rl_scaffold_1,pure_rl,fl_rl_scaffold,2099725.696852985,1000000.0,2099725.6968529993,1099725.6968529993,0.0,0.0,6.0,0.0,628,628,0,0.0,23963391.248498134,0.0,0.0,0.0,0,2256,0.5,0p50,709098,none_default,1000000.0
Fin_fl_rl_scaffold_2,pure_rl,fl_rl_scaffold,1796839.7355698664,1000000.0,1796839.7355698345,796839.7355698345,0.0,0.0,6.0,0.0,567,567,0,0.0,20834063.05199815,0.0,0.0,0.0,0,2256,0.5,0p50,709098,none_default,1000000.0
Fin_fl_rl_scaffold_3,pure_rl,fl_rl_scaffold,1885940.1135319478,1000000.0,1885940.1135318456,885940.1135318456,0.0,0.0,6.0,0.0,675,675,0,0.0,23228863.673078332,0.0,0.0,0.0,0,2256,0.5,0p50,709098,none_default,1000000.0
Fin_fl_rl_1,pure_rl,fl_rl,1628269.7631326772,1000000.0,1628269.7631326367,628269.7631326367,0.0,0.0,6.0,0.0,703,703,0,0.0,23085213.477214836,0.0,0.0,0.0,0,2252,0.5,0p50,436570,none_default,1000000.0
Fin_fl_rl_2,pure_rl,fl_rl,1916438.0519274974,1000000.0,1916438.051927418,916438.051927418,0.0,0.0,6.0,0.0,724,724,0,0.0,25503969.786796726,0.0,0.0,0.0,0,2252,0.5,0p50,436570,none_default,1000000.0
Fin_fl_rl_3,pure_rl,fl_rl,1916186.9498412453,1000000.0,1916186.9498411454,916186.9498411454,0.0,0.0,6.0,0.0,657,657,0,0.0,24155087.3871543,0.0,0.0,0.0,0,2252,0.5,0p50,436570,none_default,1000000.0
Fin_fl_rl_prox_1,pure_rl,fl_rl_prox,1754584.33949953,1000000.0,1754584.339499522,754584.339499522,0.0,0.0,6.0,0.0,692,692,0,0.0,23504169.584023416,0.0,0.0,0.0,0,2252,0.5,0p50,436570,none_default,1000000.0
Fin_fl_rl_prox_2,pure_rl,fl_rl_prox,1772014.558706249,1000000.0,1772014.5587062244,772014.5587062244,0.0,0.0,6.0,0.0,702,702,0,0.0,23988431.534554053,0.0,0.0,0.0,0,2252,0.5,0p50,436570,none_default,1000000.0
Fin_fl_rl_prox_3,pure_rl,fl_rl_prox,1950473.0347275755,1000000.0,1950473.0347276344,950473.0347276344,0.0,0.0,6.0,0.0,631,631,0,0.0,23348782.26684914,0.0,0.0,0.0,0,2252,0.5,0p50,436570,none_default,1000000.0
Fin_fl_rl_scaffold_1,pure_rl,fl_rl_scaffold,1814868.2347216548,1000000.0,1814868.234721589,814868.2347215889,0.0,0.0,6.0,0.0,616,616,0,0.0,22427446.780026652,0.0,0.0,0.0,0,2252,0.5,0p50,436570,none_default,1000000.0
Fin_fl_rl_scaffold_2,pure_rl,fl_rl_scaffold,1571636.0711175615,1000000.0,1571636.071117589,571636.071117589,0.0,0.0,6.0,0.0,759,759,0,0.0,23180867.518751334,0.0,0.0,0.0,0,2252,0.5,0p50,436570,none_default,1000000.0
Fin_fl_rl_scaffold_3,pure_rl,fl_rl_scaffold,1599455.4231989593,1000000.0,1599455.4231989402,599455.4231989402,0.0,0.0,6.0,0.0,634,634,0,0.0,21389635.659309894,0.0,0.0,0.0,0,2252,0.5,0p50,436570,none_default,1000000.0
Fin_fl_rl_1,pure_rl,fl_rl,1922974.5063491196,1000000.0,1922974.5063490772,922974.5063490772,0.0,0.0,6.0,0.0,618,618,0,0.0,22933317.346631046,0.0,0.0,0.0,0,2246,0.5,0p50,831197,none_default,1000000.0
Fin_fl_rl_2,pure_rl,fl_rl,1650905.5207625567,1000000.0,1650905.5207625087,650905.5207625087,0.0,0.0,6.0,0.0,759,759,0,0.0,23508897.79150895,0.0,0.0,0.0,0,2246,0.5,0p50,831197,none_default,1000000.0
Fin_fl_rl_3,pure_rl,fl_rl,2002125.6937431549,1000000.0,2002125.6937431516,1002125.6937431516,0.0,0.0,6.0,0.0,638,638,0,0.0,24005725.47671691,0.0,0.0,0.0,0,2246,0.5,0p50,831197,none_default,1000000.0
Fin_fl_rl_prox_1,pure_rl,fl_rl_prox,2093366.991051366,1000000.0,2093366.9910513991,1093366.9910513991,0.0,0.0,6.0,0.0,639,639,0,0.0,24598949.638257023,0.0,0.0,0.0,0,2246,0.5,0p50,831197,none_default,1000000.0
Fin_fl_rl_prox_2,pure_rl,fl_rl_prox,1628639.6694955262,1000000.0,1628639.6694955034,628639.6694955034,0.0,0.0,6.0,0.0,775,775,0,0.0,23860203.576527003,0.0,0.0,0.0,0,2246,0.5,0p50,831197,none_default,1000000.0
Fin_fl_rl_prox_3,pure_rl,fl_rl_prox,1811110.6989174874,1000000.0,1811110.698917578,811110.698917578,0.0,0.0,6.0,0.0,623,623,0,0.0,22573137.172817454,0.0,0.0,0.0,0,2246,0.5,0p50,831197,none_default,1000000.0
Fin_fl_rl_scaffold_1,pure_rl,fl_rl_scaffold,1617913.6351741569,1000000.0,1617913.635174131,617913.635174131,0.0,0.0,6.0,0.0,798,798,0,0.0,24042379.371704523,0.0,0.0,0.0,0,2246,0.5,0p50,831197,none_default,1000000.0
Fin_fl_rl_scaffold_2,pure_rl,fl_rl_scaffold,1725252.2222285755,1000000.0,1725252.222228564,725252.2222285641,0.0,0.0,6.0,0.0,693,693,0,0.0,23373536.816834543,0.0,0.0,0.0,0,2246,0.5,0p50,831197,none_default,1000000.0
Fin_fl_rl_scaffold_3,pure_rl,fl_rl_scaffold,1926352.5299556744,1000000.0,1926352.5299556963,926352.5299556963,0.0,0.0,6.0,0.0,651,651,0,0.0,23895154.005093236,0.0,0.0,0.0,0,2246,0.5,0p50,831197,none_default,1000000.0
Fin_fl_rl_1,pure_rl,fl_rl,2025271.0633178416,1000000.0,2025271.063317798,1025271.0633177981,0.0,0.0,6.0,0.0,659,659,30,0.04552352048558422,23937994.883958846,51973.95001973545,0.0021711906227602986,0.05197395001973545,0,2259,0.5,0p50,709098,low_default,1000000.0
Fin_fl_rl_2,pure_rl,fl_rl,1879569.376809711,1000000.0,1879569.3768097218,879569.3768097218,0.0,0.0,6.0,0.0,653,653,67,0.10260336906584992,22869450.96269001,102560.4583750341,0.0044846051854220146,0.1025604583750341,0,2259,0.5,0p50,709098,low_default,1000000.0
Fin_fl_rl_3,pure_rl,fl_rl,1824398.8311704732,1000000.0,1824398.8311704965,824398.8311704965,0.0,0.0,6.0,0.0,841,841,25,0.029726516052318668,24885497.304936934,39238.24200013569,0.0015767513712635901,0.03923824200013569,0,2259,0.5,0p50,709098,low_default,1000000.0
Fin_fl_rl_prox_1,pure_rl,fl_rl_prox,1943151.840085851,1000000.0,1943151.8400857125,943151.8400857125,0.0,0.0,6.0,0.0,586,586,21,0.03583617747440273,21702358.83970164,37346.478899301685,0.0017208488337673766,0.037346478899301684,0,2259,0.5,0p50,709098,low_default,1000000.0
Fin_fl_rl_prox_2,pure_rl,fl_rl_prox,1631215.4470201517,1000000.0,1631215.4470201903,631215.4470201903,0.0,0.0,6.0,0.0,580,580,98,0.16896551724137931,20111944.141625278,145722.19300168098,0.007245554779564187,0.145722193001681,0,2259,0.5,0p50,709098,low_default,1000000.0
Fin_fl_rl_prox_3,pure_rl,fl_rl_prox,1918879.4823627644,1000000.0,1918879.4823626312,918879.4823626312,0.0,0.0,6.0,0.0,651,651,13,0.019969278033794162,22480678.88557899,21428.07738282754,0.0009531775037529371,0.02142807738282754,0,2259,0.5,0p50,709098,low_default,1000000.0
Fin_fl_rl_scaffold_1,pure_rl,fl_rl_scaffold,1652810.4327753393,1000000.0,1652810.4327752958,652810.4327752958,0.0,0.0,12.0,0.0,565,565,97,0.17168141592920355,20318621.353220202,217789.52456435276,0.010718715644053101,0.21778952456435277,0,2259,0.5,0p50,709098,low_default,1000000.0
Fin_fl_rl_scaffold_2,pure_rl,fl_rl_scaffold,1528096.1079382948,1000000.0,1528096.107938289,528096.107938289,0.0,0.0,6.0,0.0,594,594,179,0.30134680134680136,20398369.966134258,299243.3957146893,0.014669966090991514,0.2992433957146893,0,2259,0.5,0p50,709098,low_default,1000000.0
Fin_fl_rl_scaffold_3,pure_rl,fl_rl_scaffold,1884717.150426953,1000000.0,1884717.1504268134,884717.1504268134,0.0,0.0,14.0,0.0,753,753,54,0.07171314741035857,24708804.61169737,88372.94868407714,0.003576577259518277,0.08837294868407715,0,2259,0.5,0p50,709098,low_default,1000000.0
Fin_fl_rl_1,pure_rl,fl_rl,1805781.515780738,1000000.0,1805781.5157808384,805781.5157808384,0.0,0.0,6.0,0.0,583,583,28,0.048027444253859346,21951938.558657385,59300.33474946323,0.0027013712065113455,0.05930033474946323,0,2271,0.5,0p50,436570,low_default,1000000.0
Fin_fl_rl_2,pure_rl,fl_rl,1672535.1442282079,1000000.0,1672535.1442282624,672535.1442282624,0.0,0.0,6.0,0.0,690,690,68,0.09855072463768116,22959230.632349703,106911.00626144966,0.004656558748567618,0.10691100626144966,0,2271,0.5,0p50,436570,low_default,1000000.0
Fin_fl_rl_3,pure_rl,fl_rl,1654945.1777774591,1000000.0,1654945.1777774785,654945.1777774785,0.0,0.0,6.0,0.0,810,810,23,0.028395061728395062,23601206.095049564,34794.23430608672,0.0014742566191727352,0.03479423430608672,0,2271,0.5,0p50,436570,low_default,1000000.0
Fin_fl_rl_prox_1,pure_rl,fl_rl_prox,1483602.9294563415,1000000.0,1483602.929456329,483602.929456329,0.0,0.0,6.0,0.0,401,401,56,0.1396508728179551,14727341.292126045,107247.05615714368,0.0072821736136775206,0.10724705615714368,0,2271,0.5,0p50,436570,low_default,1000000.0
Fin_fl_rl_prox_2,pure_rl,fl_rl_prox,1465026.7887528373,1000000.0,1465026.7887528786,465026.78875287855,0.0,0.0,6.0,0.0,662,662,199,0.30060422960725075,21525325.270603944,278395.3356467727,0.012933385774521291,0.2783953356467727,0,2271,0.5,0p50,436570,low_default,1000000.0
Fin_fl_rl_prox_3,pure_rl,fl_rl_prox,1870696.8628579152,1000000.0,1870696.8628579103,870696.8628579103,0.0,0.0,6.0,0.0,719,719,71,0.09874826147426982,25268866.115783967,127648.07122688745,0.005051594742795097,0.12764807122688746,0,2271,0.5,0p50,436570,low_default,1000000.0
Fin_fl_rl_scaffold_1,pure_rl,fl_rl_scaffold,1835987.8887105451,1000000.0,1835987.888710622,835987.888710622,0.0,0.0,6.0,0.0,601,601,19,0.03161397670549085,22140639.89649363,31551.68313158107,0.0014250574183530193,0.03155168313158107,0,2271,0.5,0p50,436570,low_default,1000000.0
Fin_fl_rl_scaffold_2,pure_rl,fl_rl_scaffold,1791747.1127778373,1000000.0,1791747.1127778648,791747.1127778648,0.0,0.0,6.0,0.0,685,685,63,0.09197080291970802,23254261.587258343,120837.8950136851,0.005196376352792709,0.12083789501368511,0,2271,0.5,0p50,436570,low_default,1000000.0
Fin_fl_rl_scaffold_3,pure_rl,fl_rl_scaffold,1999081.4129666495,1000000.0,1999081.4129666747,999081.4129666747,0.0,0.0,6.0,0.0,718,718,13,0.018105849582172703,25123457.74044305,21971.512733964202,0.0008745417514164488,0.0219715127339642,0,2271,0.5,0p50,436570,low_default,1000000.0
Fin_fl_rl_1,pure_rl,fl_rl,1830095.4240055725,1000000.0,1830095.4240056009,830095.4240056009,0.0,0.0,6.0,0.0,565,565,75,0.13274336283185842,20919117.114703223,164891.73872433548,0.007882346937502423,0.16489173872433546,0,2260,0.5,0p50,831197,low_default,1000000.0
Fin_fl_rl_2,pure_rl,fl_rl,1403917.3726151225,1000000.0,1403917.3726150459,403917.37261504587,0.0,0.0,6.0,0.0,557,557,192,0.34470377019748655,18531812.130357623,348594.8702049283,0.018810619692926984,0.3485948702049283,0,2260,0.5,0p50,831197,low_default,1000000.0
Fin_fl_rl_3,pure_rl,fl_rl,1860594.6826030049,1000000.0,1860594.682602951,860594.6826029511,0.0,0.0,6.0,0.0,711,711,73,0.10267229254571027,23515650.308098365,151612.7026068841,0.006447310647185097,0.1516127026068841,0,2260,0.5,0p50,831197,low_default,1000000.0
Fin_fl_rl_prox_1,pure_rl,fl_rl_prox,1991113.3259825765,1000000.0,1991113.3259825017,991113.3259825017,0.0,0.0,6.0,0.0,707,707,18,0.02545968882602546,24313194.512702417,35914.37492372369,0.0014771557437653965,0.035914374923723694,0,2260,0.5,0p50,831197,low_default,1000000.0
Fin_fl_rl_prox_2,pure_rl,fl_rl_prox,1961300.9768748435,1000000.0,1961300.9768748838,961300.9768748838,0.0,0.0,6.0,0.0,748,748,47,0.06283422459893048,24830508.403402265,71619.79319869971,0.0028843466285566025,0.07161979319869971,0,2260,0.5,0p50,831197,low_default,1000000.0
Fin_fl_rl_prox_3,pure_rl,fl_rl_prox,2147470.22921523,1000000.0,2147470.2292152285,1147470.2292152285,0.0,0.0,6.0,0.0,847,847,14,0.01652892561983471,27025943.646239515,18424.528932130375,0.0006817348978929744,0.018424528932130375,0,2260,0.5,0p50,831197,low_default,1000000.0
Fin_fl_rl_scaffold_1,pure_rl,fl_rl_scaffold,1898270.9361673568,1000000.0,1898270.9361673323,898270.9361673323,0.0,0.0,6.0,0.0,641,641,43,0.06708268330733229,23148519.435041513,95594.13060742019,0.0041296002051307325,0.09559413060742018,0,2260,0.5,0p50,831197,low_default,1000000.0
Fin_fl_rl_scaffold_2,pure_rl,fl_rl_scaffold,1781035.6407424721,1000000.0,1781035.6407424405,781035.6407424405,0.0,0.0,6.0,0.0,558,558,73,0.13082437275985664,20397526.3096749,127912.64146757984,0.006270987938714346,0.12791264146757986,0,2260,0.5,0p50,831197,low_default,1000000.0
Fin_fl_rl_scaffold_3,pure_rl,fl_rl_scaffold,2040710.995349067,1000000.0,2040710.9953490635,1040710.9953490635,0.0,0.0,6.0,0.0,655,655,26,0.03969465648854962,23977079.46198713,40669.56048252536,0.0016961849147225049,0.04066956048252536,0,2260,0.5,0p50,831197,low_default,1000000.0
Fin_fl_rl_1,pure_rl,fl_rl,1584412.8181367016,1000000.0,1584412.8181367654,584412.8181367654,0.0,0.0,6.0,0.0,709,709,93,0.1311706629055007,22573884.695707124,200689.39587285375,0.008890334941376699,0.20068939587285375,0,2256,0.5,0p50,709098,medium_default,1000000.0
Fin_fl_rl_2,pure_rl,fl_rl,1426263.8369167165,1000000.0,1426263.8369168066,426263.83691680664,0.0,0.0,14.0,0.0,354,354,72,0.2033898305084746,13064068.463518234,158641.69645432263,0.012143360768303831,0.15864169645432263,0,2256,0.5,0p50,709098,medium_default,1000000.0
Fin_fl_rl_3,pure_rl,fl_rl,1833216.3536118856,1000000.0,1833216.3536117005,833216.3536117005,0.0,0.0,6.0,0.0,640,640,51,0.0796875,22200726.520894017,106530.91528299896,0.0047985328400283805,0.10653091528299896,0,2256,0.5,0p50,709098,medium_default,1000000.0
Fin_fl_rl_prox_1,pure_rl,fl_rl_prox,1451002.4963159452,1000000.0,1451002.496315913,451002.49631591304,0.0,0.0,7.0,0.0,564,564,146,0.25886524822695034,18893303.056828454,287903.0060584953,0.015238362778203616,0.28790300605849534,0,2256,0.5,0p50,709098,medium_default,1000000.0
Fin_fl_rl_prox_2,pure_rl,fl_rl_prox,1475819.6394587883,1000000.0,1475819.6394588188,475819.6394588188,0.0,0.0,6.0,0.0,568,568,178,0.31338028169014087,19945740.635339044,336830.5710663807,0.01688734337944805,0.3368305710663807,0,2256,0.5,0p50,709098,medium_default,1000000.0
Fin_fl_rl_prox_3,pure_rl,fl_rl_prox,1852336.176298863,1000000.0,1852336.1762987715,852336.1762987715,0.0,0.0,26.0,0.0,632,632,66,0.10443037974683544,22723716.30475195,143840.1594240343,0.006329957542814185,0.1438401594240343,0,2256,0.5,0p50,709098,medium_default,1000000.0
Fin_fl_rl_scaffold_1,pure_rl,fl_rl_scaffold,1679963.1655285151,1000000.0,1679963.1655285314,679963.1655285314,0.0,0.0,26.0,0.0,606,606,79,0.13036303630363036,21284504.48082317,195000.98808486183,0.009161640960941941,0.19500098808486183,0,2256,0.5,0p50,709098,medium_default,1000000.0
Fin_fl_rl_scaffold_2,pure_rl,fl_rl_scaffold,1694195.7810748387,1000000.0,1694195.78107482,694195.7810748201,0.0,0.0,7.0,0.0,553,553,88,0.15913200723327306,19954587.966148444,195801.32440239794,0.00981234614989601,0.19580132440239795,0,2256,0.5,0p50,709098,medium_default,1000000.0
Fin_fl_rl_scaffold_3,pure_rl,fl_rl_scaffold,1868818.8602705167,1000000.0,1868818.8602704497,868818.8602704497,0.0,0.0,6.0,0.0,787,787,56,0.07115628970775095,24440564.637137555,112446.90202132394,0.004600830778289809,0.11244690202132394,0,2256,0.5,0p50,709098,medium_default,1000000.0
Fin_fl_rl_1,pure_rl,fl_rl,1647084.2304198297,1000000.0,1647084.2304199901,647084.2304199901,0.0,0.0,6.0,0.0,513,513,78,0.15204678362573099,18211399.45332196,203933.44932527372,0.011198120707196613,0.2039334493252737,0,2269,0.5,0p50,436570,medium_default,1000000.0
Fin_fl_rl_2,pure_rl,fl_rl,1594194.723602665,1000000.0,1594194.7236026158,594194.7236026158,0.0,0.0,6.0,0.0,512,512,118,0.23046875,18354390.199705392,281804.773284087,0.015353535051718051,0.28180477328408704,0,2269,0.5,0p50,436570,medium_default,1000000.0
Fin_fl_rl_3,pure_rl,fl_rl,1550691.3596864196,1000000.0,1550691.3596863053,550691.3596863053,0.0,0.0,6.0,0.0,569,569,93,0.1634446397188049,18365719.882624004,196790.2733390978,0.010715086291024349,0.1967902733390978,0,2269,0.5,0p50,436570,medium_default,1000000.0
Fin_fl_rl_prox_1,pure_rl,fl_rl_prox,1549987.3500505015,1000000.0,1549987.3500505048,549987.3500505048,0.0,0.0,7.0,0.0,663,663,83,0.12518853695324283,21003280.606962476,179963.25711946562,0.00856834036963772,0.17996325711946562,0,2269,0.5,0p50,436570,medium_default,1000000.0
Fin_fl_rl_prox_2,pure_rl,fl_rl_prox,1704390.4273850108,1000000.0,1704390.4273849258,704390.4273849258,0.0,0.0,7.0,0.0,573,573,89,0.15532286212914484,20197477.820232164,179677.83946785965,0.008896053312551394,0.17967783946785965,0,2269,0.5,0p50,436570,medium_default,1000000.0
Fin_fl_rl_prox_3,pure_rl,fl_rl_prox,1863362.6765486815,1000000.0,1863362.676548723,863362.6765487229,0.0,0.0,7.0,0.0,582,582,39,0.06701030927835051,21148983.264566794,80318.95551899516,0.003797769117986977,0.08031895551899516,0,2269,0.5,0p50,436570,medium_default,1000000.0
Fin_fl_rl_scaffold_1,pure_rl,fl_rl_scaffold,2064394.0118430685,1000000.0,2064394.0118429807,1064394.0118429807,0.0,0.0,7.0,0.0,656,656,27,0.041158536585365856,23556902.83524191,69119.3526921154,0.002934144321753136,0.0691193526921154,0,2269,0.5,0p50,436570,medium_default,1000000.0
Fin_fl_rl_scaffold_2,pure_rl,fl_rl_scaffold,1520614.7703647655,1000000.0,1520614.7703647718,520614.77036477183,0.0,0.0,7.0,0.0,533,533,118,0.22138836772983114,18343591.60725754,240882.78858395384,0.013131713447471752,0.24088278858395384,0,2269,0.5,0p50,436570,medium_default,1000000.0
Fin_fl_rl_scaffold_3,pure_rl,fl_rl_scaffold,2022231.870514468,1000000.0,2022231.8705144941,1022231.8705144941,0.0,0.0,6.0,0.0,805,805,44,0.0546583850931677,25882407.88248826,100186.65720056479,0.003870839902355064,0.10018665720056479,0,2269,0.5,0p50,436570,medium_default,1000000.0
Fin_fl_rl_1,pure_rl,fl_rl,1702101.3977732637,1000000.0,1702101.3977732412,702101.3977732412,0.0,0.0,7.0,0.0,615,615,68,0.11056910569105691,21375531.356486924,163012.93008911755,0.007626146333885044,0.16301293008911755,0,2252,0.5,0p50,831197,medium_default,1000000.0
Fin_fl_rl_2,pure_rl,fl_rl,1428514.6263016015,1000000.0,1428514.6263016579,428514.6263016579,0.0,0.0,6.0,0.0,662,662,156,0.23564954682779457,20553517.793838866,277456.13484946254,0.013499204254593973,0.2774561348494625,0,2252,0.5,0p50,831197,medium_default,1000000.0
Fin_fl_rl_3,pure_rl,fl_rl,1892560.5236906165,1000000.0,1892560.5236906626,892560.5236906626,0.0,0.0,7.0,0.0,745,745,46,0.06174496644295302,24529657.432720467,115061.1148599956,0.004690693915134498,0.11506111485999561,0,2252,0.5,0p50,831197,medium_default,1000000.0
Fin_fl_rl_prox_1,pure_rl,fl_rl_prox,1395618.4930659437,1000000.0,1395618.49306597,395618.49306597,0.0,0.0,7.0,0.0,459,459,69,0.1503267973856209,16242689.993493183,145321.1031217658,0.008946861830151373,0.1453211031217658,0,2252,0.5,0p50,831197,medium_default,1000000.0
Fin_fl_rl_prox_2,pure_rl,fl_rl_prox,1523208.6376671242,1000000.0,1523208.6376671065,523208.63766710646,0.0,0.0,6.0,0.0,469,469,103,0.21961620469083157,17105101.032082677,222078.47002874577,0.012983172073185119,0.22207847002874576,0,2252,0.5,0p50,831197,medium_default,1000000.0
Fin_fl_rl_prox_3,pure_rl,fl_rl_prox,1506527.1819401542,1000000.0,1506527.1819400475,506527.18194004754,0.0,0.0,6.0,0.0,545,545,53,0.09724770642201835,18109467.35324603,127532.0320430635,0.007042285096265078,0.12753203204306351,0,2252,0.5,0p50,831197,medium_default,1000000.0
Fin_fl_rl_scaffold_1,pure_rl,fl_rl_scaffold,1786776.5036571168,1000000.0,1786776.5036571538,786776.5036571538,0.0,0.0,6.0,0.0,632,632,65,0.10284810126582279,22328203.938251674,177529.2472482929,0.007950896889837062,0.1775292472482929,0,2252,0.5,0p50,831197,medium_default,1000000.0
Fin_fl_rl_scaffold_2,pure_rl,fl_rl_scaffold,1625014.7782224282,1000000.0,1625014.7782224792,625014.7782224792,0.0,0.0,6.0,0.0,553,553,94,0.16998191681735986,20210851.19110963,208598.43563544215,0.010321110855895106,0.20859843563544214,0,2252,0.5,0p50,831197,medium_default,1000000.0
Fin_fl_rl_scaffold_3,pure_rl,fl_rl_scaffold,2042870.473147643,1000000.0,2042870.4731475464,1042870.4731475464,0.0,0.0,9.0,0.0,704,704,32,0.045454545454545456,24869607.49723321,71559.33597159621,0.002877380995239162,0.07155933597159621,0,2252,0.5,0p50,831197,medium_default,1000000.0
Fin_fl_rl_1,pure_rl,fl_rl,1218949.2794507833,1000000.0,1218949.2794507556,218949.27945075557,0.0,0.0,6.0,0.0,588,588,85,0.1445578231292517,19347400.717933055,258501.56309282454,0.013361048693906469,0.2585015630928245,0,2275,0.5,0p50,709098,high_default,1000000.0
Fin_fl_rl_2,pure_rl,fl_rl,1215467.2199189058,1000000.0,1215467.2199189886,215467.21991898865,0.0,0.0,7.0,0.0,369,369,109,0.2953929539295393,13074625.026761971,271806.8552310589,0.02078888340389934,0.2718068552310589,0,2275,0.5,0p50,709098,high_default,1000000.0
Fin_fl_rl_3,pure_rl,fl_rl,1338915.3571848674,1000000.0,1338915.3571848387,338915.35718483874,0.0,0.0,6.0,0.0,680,680,67,0.09852941176470588,21662021.45229396,153658.21086436993,0.00709343821871702,0.15365821086436993,0,2275,0.5,0p50,709098,high_default,1000000.0
Fin_fl_rl_prox_1,pure_rl,fl_rl_prox,1336556.5257182566,1000000.0,1336556.5257182897,336556.52571828966,0.0,0.0,7.0,0.0,458,458,60,0.13100436681222707,16635049.380746126,187567.3516743859,0.011275431012034242,0.1875673516743859,0,2275,0.5,0p50,709098,high_default,1000000.0
Fin_fl_rl_prox_2,pure_rl,fl_rl_prox,1137771.047112903,1000000.0,1137771.0471129136,137771.04711291357,0.0,0.0,7.0,0.0,484,484,135,0.27892561983471076,16604425.730717171,339073.48100341606,0.020420668953106333,0.33907348100341606,0,2275,0.5,0p50,709098,high_default,1000000.0
Fin_fl_rl_prox_3,pure_rl,fl_rl_prox,1410640.0673494576,1000000.0,1410640.0673493664,410640.0673493664,0.0,0.0,24.0,0.0,559,559,61,0.10912343470483005,19065435.20160563,149420.69556922797,0.007837255955040787,0.14942069556922796,0,2275,0.5,0p50,709098,high_default,1000000.0
Fin_fl_rl_scaffold_1,pure_rl,fl_rl_scaffold,1370263.2458209067,1000000.0,1370263.2458207903,370263.2458207903,0.0,0.0,7.0,0.0,474,474,52,0.10970464135021098,17104880.668710984,164737.77436540934,0.00963103909089264,0.16473777436540935,0,2275,0.5,0p50,709098,high_default,1000000.0
Fin_fl_rl_scaffold_2,pure_rl,fl_rl_scaffold,1206293.333803975,1000000.0,1206293.333803939,206293.33380393893,0.0,0.0,7.0,0.0,535,535,100,0.18691588785046728,18199586.606287383,227216.9193808133,0.012484729697229333,0.22721691938081331,0,2275,0.5,0p50,709098,high_default,1000000.0
Fin_fl_rl_scaffold_3,pure_rl,fl_rl_scaffold,1542643.209164317,1000000.0,1542643.2091643084,542643.2091643084,0.0,0.0,6.0,0.0,532,532,17,0.03195488721804511,19115263.827023502,38244.19406481634,0.002000714947535802,0.03824419406481634,0,2275,0.5,0p50,709098,high_default,1000000.0
Fin_fl_rl_1,pure_rl,fl_rl,1439245.654453374,1000000.0,1439245.6544534082,439245.6544534082,0.0,0.0,7.0,0.0,456,456,67,0.14692982456140352,16559260.354017358,209796.62905924182,0.012669444442205665,0.20979662905924182,0,2248,0.5,0p50,436570,high_default,1000000.0
Fin_fl_rl_2,pure_rl,fl_rl,1398927.2932446573,1000000.0,1398927.2932447102,398927.2932447102,0.0,0.0,7.0,0.0,565,565,124,0.21946902654867256,18915562.950153206,312398.90932994185,0.01651544340251378,0.31239890932994185,0,2248,0.5,0p50,436570,high_default,1000000.0
Fin_fl_rl_3,pure_rl,fl_rl,1712472.2939319988,1000000.0,1712472.2939320465,712472.2939320465,0.0,0.0,6.0,0.0,666,666,37,0.05555555555555555,22410268.378895395,89656.99043131374,0.004000710251009182,0.08965699043131374,0,2248,0.5,0p50,436570,high_default,1000000.0
Fin_fl_rl_prox_1,pure_rl,fl_rl_prox,1450607.336369831,1000000.0,1450607.3363698935,450607.3363698935,0.0,0.0,7.0,0.0,537,537,69,0.12849162011173185,18451603.590224788,218896.83040732995,0.011863295747546635,0.21889683040732996,0,2248,0.5,0p50,436570,high_default,1000000.0
Fin_fl_rl_prox_2,pure_rl,fl_rl_prox,1562713.5279525842,1000000.0,1562713.52795262,562713.5279526201,0.0,0.0,7.0,0.0,641,641,89,0.13884555382215288,21582050.32738838,225085.9582294843,0.01042931300849773,0.2250859582294843,0,2248,0.5,0p50,436570,high_default,1000000.0
Fin_fl_rl_prox_3,pure_rl,fl_rl_prox,1668518.1973779663,1000000.0,1668518.197377907,668518.1973779071,0.0,0.0,11.0,0.0,524,524,20,0.03816793893129771,18611753.17207937,44074.86820261414,0.002368120176272999,0.04407486820261414,0,2248,0.5,0p50,436570,high_default,1000000.0
Fin_fl_rl_scaffold_1,pure_rl,fl_rl_scaffold,1173545.3577980092,1000000.0,1173545.357798073,173545.35779807298,0.0,0.0,8.0,0.0,398,398,114,0.2864321608040201,13855900.302360872,388376.61581586016,0.028029691852624376,0.38837661581586014,0,2248,0.5,0p50,436570,high_default,1000000.0
Fin_fl_rl_scaffold_2,pure_rl,fl_rl_scaffold,1380574.3810295674,1000000.0,1380574.3810295195,380574.3810295195,0.0,0.0,7.0,0.0,449,449,106,0.23608017817371937,16125903.35188817,252349.29259145012,0.015648691864564766,0.2523492925914501,0,2248,0.5,0p50,436570,high_default,1000000.0
Fin_fl_rl_scaffold_3,pure_rl,fl_rl_scaffold,1477902.3798841708,1000000.0,1477902.3798841806,477902.3798841806,0.0,0.0,6.0,0.0,510,510,54,0.10588235294117647,16706460.517767923,133483.83817173954,0.007989953229756517,0.13348383817173953,0,2248,0.5,0p50,436570,high_default,1000000.0
Fin_fl_rl_1,pure_rl,fl_rl,1405228.8990824241,1000000.0,1405228.899082388,405228.89908238803,0.0,0.0,7.0,0.0,452,452,68,0.1504424778761062,16521703.798201952,224954.03378090757,0.01361566800425203,0.22495403378090756,0,2272,0.5,0p50,831197,high_default,1000000.0
Fin_fl_rl_2,pure_rl,fl_rl,1381724.2502478876,1000000.0,1381724.2502478166,381724.25024781656,0.0,0.0,7.0,0.0,540,540,112,0.2074074074074074,18704299.214117505,277679.52091076784,0.014845759134412412,0.27767952091076786,0,2272,0.5,0p50,831197,high_default,1000000.0
Fin_fl_rl_3,pure_rl,fl_rl,1515988.1548238848,1000000.0,1515988.1548238925,515988.1548238925,0.0,0.0,7.0,0.0,525,525,46,0.08761904761904762,18131531.47634353,128361.61833445974,0.007079469183391099,0.12836161833445975,0,2272,0.5,0p50,831197,high_default,1000000.0
Fin_fl_rl_prox_1,pure_rl,fl_rl_prox,1215655.3971400135,1000000.0,1215655.3971401048,215655.3971401048,0.0,0.0,7.0,0.0,390,390,86,0.2205128205128205,13521472.433818482,244178.52089882793,0.018058574766466582,0.24417852089882794,0,2272,0.5,0p50,831197,high_default,1000000.0
Fin_fl_rl_prox_2,pure_rl,fl_rl_prox,1217393.1486218157,1000000.0,1217393.1486217617,217393.1486217617,0.0,0.0,7.0,0.0,441,441,142,0.3219954648526077,15126420.985847766,332123.4764318132,0.02195651415113641,0.3321234764318132,0,2272,0.5,0p50,831197,high_default,1000000.0
Fin_fl_rl_prox_3,pure_rl,fl_rl_prox,1663614.7647927592,1000000.0,1663614.764792757,663614.7647927571,0.0,0.0,6.0,0.0,512,512,46,0.08984375,18922001.724982455,134027.99401650715,0.007083182633872813,0.13402799401650714,0,2272,0.5,0p50,831197,high_default,1000000.0
Fin_fl_rl_scaffold_1,pure_rl,fl_rl_scaffold,1496021.523144633,1000000.0,1496021.5231446098,496021.52314460976,0.0,0.0,8.0,0.0,582,582,59,0.1013745704467354,20104179.49410995,179189.6032446496,0.008913052298262055,0.1791896032446496,0,2272,0.5,0p50,831197,high_default,1000000.0
Fin_fl_rl_scaffold_2,pure_rl,fl_rl_scaffold,1287012.6928084833,1000000.0,1287012.6928084767,287012.69280847674,0.0,0.0,7.0,0.0,520,520,93,0.17884615384615385,17675594.319022704,241264.77753552567,0.013649599169396719,0.24126477753552567,0,2272,0.5,0p50,831197,high_default,1000000.0
Fin_fl_rl_scaffold_3,pure_rl,fl_rl_scaffold,1614043.2330534342,1000000.0,1614043.2330534628,614043.2330534628,0.0,0.0,6.0,0.0,738,738,43,0.058265582655826556,23200598.66378371,107597.44023418197,0.004637701026316286,0.10759744023418197,0,2272,0.5,0p50,831197,high_default,1000000.0
Fin_fl_rl_1,pure_rl,fl_rl,5105175.776656492,5000000.0,5105175.776656941,105175.77665694058,0.0,0.0,11.0,0.0,172,172,0,0.0,6026539.896266473,0.0,0.0,0.0,0,2249,0.5,0p50,709098,none_default,5000000.0
Fin_fl_rl_2,pure_rl,fl_rl,5490602.022121146,5000000.0,5490602.022121756,490602.02212175634,0.0,0.0,8.0,0.0,847,847,0,0.0,29143113.773627713,0.0,0.0,0.0,0,2249,0.5,0p50,709098,none_default,5000000.0
Fin_fl_rl_3,pure_rl,fl_rl,5499072.520060779,5000000.0,5499072.5200601565,499072.5200601565,0.0,0.0,6.0,0.0,839,839,0,0.0,29426654.294122107,0.0,0.0,0.0,0,2249,0.5,0p50,709098,none_default,5000000.0
Fin_fl_rl_prox_1,pure_rl,fl_rl_prox,5488217.54906265,5000000.0,5488217.549061343,488217.5490613431,0.0,0.0,6.0,0.0,813,813,0,0.0,28771466.967942443,0.0,0.0,0.0,0,2249,0.5,0p50,709098,none_default,5000000.0
Fin_fl_rl_prox_2,pure_rl,fl_rl_prox,5484902.163370207,5000000.0,5484902.163370712,484902.1633707117,0.0,0.0,6.0,0.0,806,806,0,0.0,28308541.597921878,0.0,0.0,0.0,0,2249,0.5,0p50,709098,none_default,5000000.0
Fin_fl_rl_prox_3,pure_rl,fl_rl_prox,5476238.888831076,5000000.0,5476238.888829817,476238.88882981706,0.0,0.0,6.0,0.0,806,806,0,0.0,28239959.79351271,0.0,0.0,0.0,0,2249,0.5,0p50,709098,none_default,5000000.0
Fin_fl_rl_scaffold_1,pure_rl,fl_rl_scaffold,5447564.094097993,5000000.0,5447564.094097361,447564.09409736097,0.0,0.0,6.0,0.0,760,760,0,0.0,26546373.370244548,0.0,0.0,0.0,0,2249,0.5,0p50,709098,none_default,5000000.0
Fin_fl_rl_scaffold_2,pure_rl,fl_rl_scaffold,5467870.462488274,5000000.0,5467870.462489955,467870.4624899551,0.0,0.0,6.0,0.0,787,787,0,0.0,27559733.951149594,0.0,0.0,0.0,0,2249,0.5,0p50,709098,none_default,5000000.0
Fin_fl_rl_scaffold_3,pure_rl,fl_rl_scaffold,5495130.876949175,5000000.0,5495130.876948633,495130.87694863323,0.0,0.0,6.0,0.0,827,827,0,0.0,29293648.950426113,0.0,0.0,0.0,0,2249,0.5,0p50,709098,none_default,5000000.0
Fin_fl_rl_1,pure_rl,fl_rl,5458711.450682067,5000000.0,5458711.450683055,458711.45068305545,0.0,0.0,6.0,0.0,780,780,0,0.0,26972807.395409107,0.0,0.0,0.0,0,2245,0.5,0p50,436570,none_default,5000000.0
Fin_fl_rl_2,pure_rl,fl_rl,5434748.516020833,5000000.0,5434748.5160201965,434748.5160201965,0.0,0.0,6.0,0.0,744,744,0,0.0,25567216.050567802,0.0,0.0,0.0,0,2245,0.5,0p50,436570,none_default,5000000.0
Fin_fl_rl_3,pure_rl,fl_rl,5450711.338907387,5000000.0,5450711.338907029,450711.33890702855,0.0,0.0,6.0,0.0,771,771,0,0.0,26728986.76674165,0.0,0.0,0.0,0,2245,0.5,0p50,436570,none_default,5000000.0
Fin_fl_rl_prox_1,pure_rl,fl_rl_prox,5424700.926257871,5000000.0,5424700.926258169,424700.9262581691,0.0,0.0,7.0,0.0,719,719,0,0.0,25190242.873970658,0.0,0.0,0.0,0,2245,0.5,0p50,436570,none_default,5000000.0
Fin_fl_rl_prox_2,pure_rl,fl_rl_prox,5433882.123716836,5000000.0,5433882.1237167725,433882.12371677253,0.0,0.0,7.0,0.0,728,728,0,0.0,25535005.97178814,0.0,0.0,0.0,0,2245,0.5,0p50,436570,none_default,5000000.0
Fin_fl_rl_prox_3,pure_rl,fl_rl_prox,5452337.840456698,5000000.0,5452337.840456582,452337.8404565817,0.0,0.0,6.0,0.0,770,770,0,0.0,27099046.527581207,0.0,0.0,0.0,0,2245,0.5,0p50,436570,none_default,5000000.0
Fin_fl_rl_scaffold_1,pure_rl,fl_rl_scaffold,5420365.716215781,5000000.0,5420365.7162147695,420365.7162147695,0.0,0.0,6.0,0.0,702,702,0,0.0,24963290.83910252,0.0,0.0,0.0,0,2245,0.5,0p50,436570,none_default,5000000.0
Fin_fl_rl_scaffold_2,pure_rl,fl_rl_scaffold,5440095.938797546,5000000.0,5440095.938797677,440095.93879767694,0.0,0.0,6.0,0.0,742,742,0,0.0,25848599.991337754,0.0,0.0,0.0,0,2245,0.5,0p50,436570,none_default,5000000.0
Fin_fl_rl_scaffold_3,pure_rl,fl_rl_scaffold,5413489.796005213,5000000.0,5413489.796006364,413489.7960063638,0.0,0.0,8.0,0.0,703,703,0,0.0,24364557.15511374,0.0,0.0,0.0,0,2245,0.5,0p50,436570,none_default,5000000.0
Fin_fl_rl_1,pure_rl,fl_rl,5439293.353554793,5000000.0,5439293.353553744,439293.35355374403,0.0,0.0,6.0,0.0,748,748,0,0.0,26112978.082703043,0.0,0.0,0.0,0,2257,0.5,0p50,831197,none_default,5000000.0
Fin_fl_rl_2,pure_rl,fl_rl,5440421.419899252,5000000.0,5440421.419899574,440421.41989957355,0.0,0.0,6.0,0.0,738,738,0,0.0,26076073.83367452,0.0,0.0,0.0,0,2257,0.5,0p50,831197,none_default,5000000.0
Fin_fl_rl_3,pure_rl,fl_rl,5415017.329143065,5000000.0,5415017.32914372,415017.32914371975,0.0,0.0,6.0,0.0,692,692,0,0.0,24440578.782263365,0.0,0.0,0.0,0,2257,0.5,0p50,831197,none_default,5000000.0
Fin_fl_rl_prox_1,pure_rl,fl_rl_prox,5464357.819827556,5000000.0,5464357.819825916,464357.8198259156,0.0,0.0,6.0,0.0,790,790,0,0.0,27743904.960418053,0.0,0.0,0.0,0,2257,0.5,0p50,831197,none_default,5000000.0
Fin_fl_rl_prox_2,pure_rl,fl_rl_prox,5440497.550354273,5000000.0,5440497.550353436,440497.5503534358,0.0,0.0,6.0,0.0,748,748,0,0.0,26242320.96243689,0.0,0.0,0.0,0,2257,0.5,0p50,831197,none_default,5000000.0
Fin_fl_rl_prox_3,pure_rl,fl_rl_prox,5429186.938220081,5000000.0,5429186.938219675,429186.93821967486,0.0,0.0,6.0,0.0,732,732,0,0.0,25269557.8240981,0.0,0.0,0.0,0,2257,0.5,0p50,831197,none_default,5000000.0
Fin_fl_rl_scaffold_1,pure_rl,fl_rl_scaffold,5428897.1665523285,5000000.0,5428897.166552567,428897.1665525669,0.0,0.0,6.0,0.0,731,731,0,0.0,25572413.12276168,0.0,0.0,0.0,0,2257,0.5,0p50,831197,none_default,5000000.0
Fin_fl_rl_scaffold_2,pure_rl,fl_rl_scaffold,5418548.090246513,5000000.0,5418548.090246105,418548.09024610464,0.0,0.0,7.0,0.0,702,702,0,0.0,24706875.169381317,0.0,0.0,0.0,0,2257,0.5,0p50,831197,none_default,5000000.0
Fin_fl_rl_scaffold_3,pure_rl,fl_rl_scaffold,5444264.096781337,5000000.0,5444264.096782708,444264.0967827076,0.0,0.0,6.0,0.0,745,745,0,0.0,26157221.06520943,0.0,0.0,0.0,0,2257,0.5,0p50,831197,none_default,5000000.0
Fin_fl_rl_1,pure_rl,fl_rl,5340834.532795316,5000000.0,5340834.532794812,340834.53279481176,0.0,0.0,6.0,0.0,707,707,74,0.10466760961810467,24620598.642223056,111209.87635238736,0.004516944448363988,0.022241975270477474,0,2280,0.5,0p50,709098,low_default,5000000.0
Fin_fl_rl_2,pure_rl,fl_rl,5267782.393761039,5000000.0,5267782.393760603,267782.3937606029,0.0,0.0,7.0,0.0,642,642,111,0.17289719626168223,22538554.61995734,187013.3310487565,0.008297485539874005,0.0374026662097513,0,2280,0.5,0p50,709098,low_default,5000000.0
Fin_fl_rl_3,pure_rl,fl_rl,5697817.042326848,5000000.0,5697817.042326558,697817.0423265584,0.0,0.0,6.0,0.0,1297,1297,67,0.051657671549730146,45560677.77317745,113152.92352602593,0.0024835654133451342,0.022630584705205185,0,2280,0.5,0p50,709098,low_default,5000000.0
Fin_fl_rl_prox_1,pure_rl,fl_rl_prox,5300527.127729993,5000000.0,5300527.127730133,300527.127730133,0.0,0.0,6.0,0.0,646,646,74,0.11455108359133127,22876008.00386469,117119.67737659835,0.005119760290205007,0.02342393547531967,0,2280,0.5,0p50,709098,low_default,5000000.0
Fin_fl_rl_prox_2,pure_rl,fl_rl_prox,5213146.448988883,5000000.0,5213146.448987955,213146.44898795523,0.0,0.0,8.0,0.0,653,653,174,0.2664624808575804,23025963.774824865,256942.56574912582,0.011158819160049691,0.05138851314982516,0,2280,0.5,0p50,709098,low_default,5000000.0
Fin_fl_rl_prox_3,pure_rl,fl_rl_prox,5729643.867470021,5000000.0,5729643.867470095,729643.8674700949,0.0,0.0,6.0,0.0,1332,1332,53,0.03978978978978979,46229734.00118147,75606.60657664198,0.0016354540689053011,0.015121321315328395,0,2280,0.5,0p50,709098,low_default,5000000.0
Fin_fl_rl_scaffold_1,pure_rl,fl_rl_scaffold,5033965.113231489,5000000.0,5033965.113230669,33965.11323066894,0.0,0.0,11.0,0.0,84,84,17,0.20238095238095238,2860773.6093014563,33357.59611444085,0.011660341107028776,0.00667151922288817,0,2280,0.5,0p50,709098,low_default,5000000.0
Fin_fl_rl_scaffold_2,pure_rl,fl_rl_scaffold,5159998.134638305,5000000.0,5159998.134639016,159998.13463901635,0.0,0.0,18.0,0.0,531,531,156,0.2937853107344633,18933541.366266213,193904.92687569594,0.010241344877043196,0.03878098537513919,0,2280,0.5,0p50,709098,low_default,5000000.0
Fin_fl_rl_scaffold_3,pure_rl,fl_rl_scaffold,5385213.148145351,5000000.0,5385213.148145475,385213.1481454754,0.0,0.0,14.0,0.0,702,702,37,0.05270655270655271,24283481.68946877,54611.24307627586,0.0022489049871279206,0.010922248615255172,0,2280,0.5,0p50,709098,low_default,5000000.0
Fin_fl_rl_1,pure_rl,fl_rl,5268411.955315703,5000000.0,5268411.955314536,268411.95531453565,0.0,0.0,6.0,0.0,554,554,46,0.08303249097472924,18998584.26625388,73550.49899836353,0.0038713673591461843,0.014710099799672706,0,2268,0.5,0p50,436570,low_default,5000000.0
Fin_fl_rl_2,pure_rl,fl_rl,5191325.040782955,5000000.0,5191325.040781373,191325.04078137316,0.0,0.0,6.0,0.0,728,728,224,0.3076923076923077,25569680.41092576,338223.1440685326,0.013227507682263093,0.06764462881370653,0,2268,0.5,0p50,436570,low_default,5000000.0
Fin_fl_rl_3,pure_rl,fl_rl,5696902.133068291,5000000.0,5696902.13306793,696902.1330679301,0.0,0.0,6.0,0.0,1256,1256,44,0.03503184713375796,43623740.94761301,61534.49413090838,0.0014105735270343752,0.012306898826181675,0,2268,0.5,0p50,436570,low_default,5000000.0
Fin_fl_rl_prox_1,pure_rl,fl_rl_prox,5311020.312466568,5000000.0,5311020.31246662,311020.31246661954,0.0,0.0,7.0,0.0,653,653,72,0.11026033690658499,22607541.335782465,96067.5194348295,0.00424935723916059,0.0192135038869659,0,2268,0.5,0p50,436570,low_default,5000000.0
Fin_fl_rl_prox_2,pure_rl,fl_rl_prox,5256751.796816209,5000000.0,5256751.79681543,256751.7968154298,0.0,0.0,7.0,0.0,646,646,125,0.19349845201238391,21858749.761958875,136136.90057616352,0.006228027771884955,0.027227380115232704,0,2268,0.5,0p50,436570,low_default,5000000.0
Fin_fl_rl_prox_3,pure_rl,fl_rl_prox,5646346.577980579,5000000.0,5646346.577979593,646346.5779795926,0.0,0.0,9.0,0.0,1191,1191,52,0.0436607892527288,41436809.71098636,69639.3002327031,0.0016806144275687146,0.01392786004654062,0,2268,0.5,0p50,436570,low_default,5000000.0
Fin_fl_rl_scaffold_1,pure_rl,fl_rl_scaffold,5250948.146363931,5000000.0,5250948.14636435,250948.14636434987,0.0,0.0,8.0,0.0,620,620,93,0.15,21411712.466343123,136780.44012110072,0.006388113063637701,0.027356088024220144,0,2268,0.5,0p50,436570,low_default,5000000.0
Fin_fl_rl_scaffold_2,pure_rl,fl_rl_scaffold,5065019.438792545,5000000.0,5065019.438792659,65019.43879265897,0.0,0.0,28.0,0.0,184,184,51,0.27717391304347827,6750358.051195354,89454.30020807794,0.013251785983743094,0.017890860041615587,0,2268,0.5,0p50,436570,low_default,5000000.0
Fin_fl_rl_scaffold_3,pure_rl,fl_rl_scaffold,5385508.698857748,5000000.0,5385508.698856934,385508.698856934,0.0,0.0,6.0,0.0,798,798,91,0.11403508771929824,28306873.62705289,149466.650043608,0.005280224584772325,0.029893330008721603,0,2268,0.5,0p50,436570,low_default,5000000.0
Fin_fl_rl_1,pure_rl,fl_rl,5283932.6633750275,5000000.0,5283932.66337575,283932.6633757502,0.0,0.0,8.0,0.0,572,572,48,0.08391608391608392,20176626.69694645,63933.464105966515,0.0031686894477579975,0.012786692821193303,0,2283,0.5,0p50,831197,low_default,5000000.0
Fin_fl_rl_2,pure_rl,fl_rl,5288514.361354556,5000000.0,5288514.361355178,288514.36135517806,0.0,0.0,6.0,0.0,642,642,87,0.13551401869158877,22451727.322163757,112700.59978401083,0.005019685041014896,0.022540119956802166,0,2283,0.5,0p50,831197,low_default,5000000.0
Fin_fl_rl_3,pure_rl,fl_rl,5691416.477316323,5000000.0,5691416.477315994,691416.477315994,0.0,0.0,7.0,0.0,1287,1287,73,0.05672105672105672,45502835.37537669,113784.28914795798,0.002500597780540309,0.0227568578295916,0,2283,0.5,0p50,831197,low_default,5000000.0
Fin_fl_rl_prox_1,pure_rl,fl_rl_prox,5041748.662208098,5000000.0,5041748.662207721,41748.6622077208,0.0,0.0,11.0,0.0,100,100,15,0.15,3501024.965254809,20788.081509702144,0.005937713017190428,0.004157616301940429,0,2283,0.5,0p50,831197,low_default,5000000.0
Fin_fl_rl_prox_2,pure_rl,fl_rl_prox,5080196.439837611,5000000.0,5080196.439839097,80196.43983909674,0.0,0.0,13.0,0.0,312,312,110,0.3525641025641026,10855955.10097903,130685.36542392186,0.012038126927416655,0.02613707308478437,0,2283,0.5,0p50,831197,low_default,5000000.0
Fin_fl_rl_prox_3,pure_rl,fl_rl_prox,5625432.295527619,5000000.0,5625432.295526569,625432.2955265688,0.0,0.0,6.0,0.0,1257,1257,101,0.08035003977724742,43705027.5172223,169123.9717278814,0.003869668579003567,0.03382479434557628,0,2283,0.5,0p50,831197,low_default,5000000.0
Fin_fl_rl_scaffold_1,pure_rl,fl_rl_scaffold,5272030.599737982,5000000.0,5272030.599737856,272030.5997378556,0.0,0.0,6.0,0.0,639,639,92,0.14397496087636932,22527776.385932148,141150.2966472342,0.006265611582303254,0.028230059329446843,0,2283,0.5,0p50,831197,low_default,5000000.0
Fin_fl_rl_scaffold_2,pure_rl,fl_rl_scaffold,5124873.184847899,5000000.0,5124873.18484754,124873.18484754022,0.0,0.0,8.0,0.0,499,499,171,0.342685370741483,17510053.15231688,260006.9914990592,0.014849012121054345,0.05200139829981184,0,2283,0.5,0p50,831197,low_default,5000000.0
Fin_fl_rl_scaffold_3,pure_rl,fl_rl_scaffold,5688583.342576198,5000000.0,5688583.342577408,688583.3425774081,0.0,0.0,17.0,0.0,1342,1342,91,0.06780923994038748,46597535.98962523,142621.0350713908,0.0030606990700784015,0.028524207014278158,0,2283,0.5,0p50,831197,low_default,5000000.0
Fin_fl_rl_1,pure_rl,fl_rl,5183843.797577199,5000000.0,5183843.797577194,183843.79757719394,0.0,0.0,8.0,0.0,558,558,90,0.16129032258064516,19344492.511748157,181266.14243916186,0.009370426354119997,0.03625322848783237,0,2261,0.5,0p50,709098,medium_default,5000000.0
Fin_fl_rl_2,pure_rl,fl_rl,4991517.33290697,5000000.0,4991517.332906782,-8482.667093218304,8482.667093218304,0.0016965334186436608,6.0,0.0,142,142,66,0.4647887323943662,5099480.964337525,124444.1828889425,0.024403303739973677,0.0248888365777885,0,2261,0.5,0p50,709098,medium_default,5000000.0
Fin_fl_rl_3,pure_rl,fl_rl,5491528.712244985,5000000.0,5491528.712245364,491528.71224536374,0.0,0.0,6.0,0.0,1068,1068,95,0.08895131086142322,37500935.402441226,181074.63502616406,0.004828536490702483,0.036214927005232815,0,2261,0.5,0p50,709098,medium_default,5000000.0
Fin_fl_rl_prox_1,pure_rl,fl_rl_prox,5134794.973574233,5000000.0,5134794.9735741895,134794.97357418947,0.0,0.0,8.0,0.0,539,539,103,0.19109461966604824,18607089.815174036,256022.84569141915,0.013759424404058777,0.05120456913828383,0,2261,0.5,0p50,709098,medium_default,5000000.0
Fin_fl_rl_prox_2,pure_rl,fl_rl_prox,5135057.17692304,5000000.0,5135057.176923108,135057.1769231083,0.0,0.0,8.0,0.0,473,473,104,0.21987315010570824,16329535.930376505,189541.16550958907,0.011607259772581846,0.037908233101917814,0,2261,0.5,0p50,709098,medium_default,5000000.0
Fin_fl_rl_prox_3,pure_rl,fl_rl_prox,5480325.05180009,5000000.0,5480325.051800204,480325.05180020444,0.0,0.0,6.0,0.0,1180,1180,147,0.12457627118644068,41689411.91766681,308729.13797394925,0.007405456776019392,0.06174582759478985,0,2261,0.5,0p50,709098,medium_default,5000000.0
Fin_fl_rl_scaffold_1,pure_rl,fl_rl_scaffold,5072324.805087955,5000000.0,5072324.805087229,72324.80508722924,0.0,0.0,7.0,0.0,370,370,79,0.21351351351351353,12714647.043147476,190147.00817702763,0.01495495765881341,0.038029401635405524,0,2261,0.5,0p50,709098,medium_default,5000000.0
Fin_fl_rl_scaffold_2,pure_rl,fl_rl_scaffold,5038541.484511937,5000000.0,5038541.484512348,38541.48451234773,0.0,0.0,6.0,0.0,649,649,259,0.39907550077041604,22471103.072251957,532477.2271204205,0.023696087611201455,0.10649544542408411,0,2261,0.5,0p50,709098,medium_default,5000000.0
Fin_fl_rl_scaffold_3,pure_rl,fl_rl_scaffold,5497449.397941158,5000000.0,5497449.397940824,497449.3979408238,0.0,0.0,6.0,0.0,1122,1122,112,0.09982174688057041,39804534.088178225,268172.5373609756,0.006737235933145155,0.053634507472195114,0,2261,0.5,0p50,709098,medium_default,5000000.0
Fin_fl_rl_1,pure_rl,fl_rl,5116273.376325043,5000000.0,5116273.376325636,116273.37632563617,0.0,0.0,8.0,0.0,612,612,153,0.25,21022961.161390424,327766.85396829597,0.01559089851577398,0.0655533707936592,0,2261,0.5,0p50,436570,medium_default,5000000.0
Fin_fl_rl_2,pure_rl,fl_rl,5118966.661766142,5000000.0,5118966.661767211,118966.66176721081,0.0,0.0,7.0,0.0,606,606,169,0.27887788778877887,21534015.14984556,297672.8378238178,0.013823378304159533,0.05953456756476356,0,2261,0.5,0p50,436570,medium_default,5000000.0
Fin_fl_rl_3,pure_rl,fl_rl,5552411.723988375,5000000.0,5552411.723989336,552411.7239893358,0.0,0.0,6.0,0.0,1168,1168,92,0.07876712328767123,40713597.949033126,170473.53779602834,0.004187140080555734,0.03409470755920567,0,2261,0.5,0p50,436570,medium_default,5000000.0
Fin_fl_rl_prox_1,pure_rl,fl_rl_prox,5193179.596163359,5000000.0,5193179.596162357,193179.59616235737,0.0,0.0,7.0,0.0,548,548,76,0.1386861313868613,19245918.574160516,171187.43637923902,0.00889473971946834,0.03423748727584781,0,2261,0.5,0p50,436570,medium_default,5000000.0
Fin_fl_rl_prox_2,pure_rl,fl_rl_prox,5092207.264403441,5000000.0,5092207.264403478,92207.26440347824,0.0,0.0,8.0,0.0,539,539,168,0.3116883116883117,18789126.58485859,355487.74852324306,0.01891986553593803,0.07109754970464861,0,2261,0.5,0p50,436570,medium_default,5000000.0
Fin_fl_rl_prox_3,pure_rl,fl_rl_prox,5480791.746220022,5000000.0,5480791.746218112,480791.7462181123,0.0,0.0,24.0,0.0,1116,1116,126,0.11290322580645161,39060517.68630558,275671.90484766656,0.007057558915669869,0.05513438096953331,0,2261,0.5,0p50,436570,medium_default,5000000.0
Fin_fl_rl_scaffold_1,pure_rl,fl_rl_scaffold,5170522.509801321,5000000.0,5170522.50980282,170522.50980282016,0.0,0.0,8.0,0.0,521,521,80,0.15355086372360843,18132957.52563508,191533.43299159576,0.010562724405040904,0.03830668659831915,0,2261,0.5,0p50,436570,medium_default,5000000.0
Fin_fl_rl_scaffold_2,pure_rl,fl_rl_scaffold,5000007.96410186,5000000.0,5000007.964101337,7.9641013368964195,0.0,0.0,13.0,0.0,420,420,207,0.4928571428571429,14711130.759326614,397122.64633589727,0.02699470576618511,0.07942452926717945,0,2261,0.5,0p50,436570,medium_default,5000000.0
Fin_fl_rl_scaffold_3,pure_rl,fl_rl_scaffold,5252903.106036509,5000000.0,5252903.10603698,252903.1060369797,0.0,0.0,6.0,0.0,689,689,102,0.14804063860667635,23867513.964135196,198507.6575294109,0.008317064685819428,0.03970153150588218,0,2261,0.5,0p50,436570,medium_default,5000000.0
Fin_fl_rl_1,pure_rl,fl_rl,5202301.11645317,5000000.0,5202301.116453247,202301.11645324714,0.0,0.0,8.0,0.0,597,597,84,0.1407035175879397,21087297.55768064,191884.3971698251,0.009099525277952695,0.03837687943396502,0,2246,0.5,0p50,831197,medium_default,5000000.0
Fin_fl_rl_2,pure_rl,fl_rl,5141654.295195062,5000000.0,5141654.295195477,141654.29519547708,0.0,0.0,6.0,0.0,728,728,219,0.3008241758241758,25394258.200987898,369430.2641591809,0.014547787190129823,0.07388605283183619,0,2246,0.5,0p50,831197,medium_default,5000000.0
Fin_fl_rl_3,pure_rl,fl_rl,5245752.400418369,5000000.0,5245752.400419139,245752.4004191393,0.0,0.0,6.0,0.0,517,517,37,0.07156673114119923,18126876.622862056,87493.11032117785,0.00482670634006685,0.01749862206423557,0,2246,0.5,0p50,831197,medium_default,5000000.0
Fin_fl_rl_prox_1,pure_rl,fl_rl_prox,5197380.503604603,5000000.0,5197380.503604724,197380.50360472407,0.0,0.0,7.0,0.0,608,608,98,0.1611842105263158,21473622.1787361,215779.12345802292,0.010048566639665227,0.04315582469160458,0,2246,0.5,0p50,831197,medium_default,5000000.0
Fin_fl_rl_prox_2,pure_rl,fl_rl_prox,5073585.912901282,5000000.0,5073585.912901534,73585.91290153377,0.0,0.0,7.0,0.0,766,766,286,0.3733681462140992,27084689.25640603,520282.37279213895,0.019209464353336914,0.10405647455842779,0,2246,0.5,0p50,831197,medium_default,5000000.0
Fin_fl_rl_prox_3,pure_rl,fl_rl_prox,5293702.8748755,5000000.0,5293702.8748752205,293702.87487522047,0.0,0.0,7.0,0.0,769,769,112,0.14564369310793238,26983824.12758397,223923.76898067963,0.008298444576348079,0.044784753796135925,0,2246,0.5,0p50,831197,medium_default,5000000.0
Fin_fl_rl_scaffold_1,pure_rl,fl_rl_scaffold,5223565.118616805,5000000.0,5223565.1186158145,223565.11861581448,0.0,0.0,6.0,0.0,679,679,103,0.15169366715758467,23989258.982912272,244974.84993689656,0.01021185565220643,0.04899496998737931,0,2246,0.5,0p50,831197,medium_default,5000000.0
Fin_fl_rl_scaffold_2,pure_rl,fl_rl_scaffold,5062578.231174759,5000000.0,5062578.231175844,62578.231175843626,0.0,0.0,8.0,0.0,873,873,353,0.4043528064146621,30472892.90792293,676123.7511654883,0.02218771132785022,0.13522475023309766,0,2246,0.5,0p50,831197,medium_default,5000000.0
Fin_fl_rl_scaffold_3,pure_rl,fl_rl_scaffold,5399611.107098402,5000000.0,5399611.107097321,399611.1070973212,0.0,0.0,20.0,0.0,898,898,84,0.0935412026726058,31237921.51173877,167671.57606689964,0.00536756506043115,0.03353431521337993,0,2246,0.5,0p50,831197,medium_default,5000000.0
Fin_fl_rl_1,pure_rl,fl_rl,4942989.341580691,5000000.0,4942989.34158026,-57010.658419740386,57010.658419740386,0.011402131683948078,8.0,0.0,548,548,170,0.3102189781021898,19319462.64914137,489912.8509247651,0.025358513320065796,0.09798257018495302,0,2249,0.5,0p50,709098,high_default,5000000.0
Fin_fl_rl_2,pure_rl,fl_rl,4932818.303553375,5000000.0,4932818.303553677,-67181.69644632284,67181.69644632284,0.013436339289264567,7.0,0.0,119,119,79,0.6638655462184874,4252511.094302524,196882.291876733,0.04629789023725632,0.039376458375346604,0,2249,0.5,0p50,709098,high_default,5000000.0
Fin_fl_rl_3,pure_rl,fl_rl,5333605.848449883,5000000.0,5333605.848450671,333605.84845067095,0.0,0.0,8.0,0.0,948,948,125,0.13185654008438819,33448319.040362265,319946.8265702977,0.009565408240223259,0.06398936531405953,0,2249,0.5,0p50,709098,high_default,5000000.0
Fin_fl_rl_prox_1,pure_rl,fl_rl_prox,4883939.521196459,5000000.0,4883939.521195805,-116060.4788041953,116060.4788041953,0.02321209576083906,6.0,0.0,257,257,103,0.40077821011673154,9176627.641029123,327612.65669217025,0.03570076824599475,0.06552253133843405,0,2249,0.5,0p50,709098,high_default,5000000.0
Fin_fl_rl_prox_2,pure_rl,fl_rl_prox,5050120.344371465,5000000.0,5050120.344371143,50120.3443711428,0.0,0.0,8.0,0.0,566,566,150,0.26501766784452296,19818955.740920596,373187.7492197369,0.01882983917508876,0.07463754984394738,0,2249,0.5,0p50,709098,high_default,5000000.0
Fin_fl_rl_prox_3,pure_rl,fl_rl_prox,5356719.265507928,5000000.0,5356719.265509491,356719.26550949086,0.0,0.0,6.0,0.0,934,934,106,0.11349036402569593,32335189.48013441,230583.92764806098,0.007131052310354438,0.046116785529612195,0,2249,0.5,0p50,709098,high_default,5000000.0
Fin_fl_rl_scaffold_1,pure_rl,fl_rl_scaffold,4938234.459127633,5000000.0,4938234.459128006,-61765.54087199364,61765.54087199364,0.012353108174398728,9.0,0.0,436,436,112,0.25688073394495414,15037285.24114126,394095.78348353534,0.026207907688371102,0.07881915669670707,0,2249,0.5,0p50,709098,high_default,5000000.0
Fin_fl_rl_scaffold_2,pure_rl,fl_rl_scaffold,5065222.486286761,5000000.0,5065222.486285874,65222.48628587369,0.0,0.0,8.0,0.0,515,515,140,0.27184466019417475,17807909.09058079,293966.8436584096,0.01650765635443965,0.05879336873168192,0,2249,0.5,0p50,709098,high_default,5000000.0
Fin_fl_rl_scaffold_3,pure_rl,fl_rl_scaffold,5392775.726190801,5000000.0,5392775.726189524,392775.72618952394,0.0,0.0,7.0,0.0,1007,1007,97,0.09632571996027806,35719928.45019555,265377.17271936254,0.0074293870182125105,0.05307543454387251,0,2249,0.5,0p50,709098,high_default,5000000.0
Fin_fl_rl_1,pure_rl,fl_rl,4986835.9723063735,5000000.0,4986835.972307185,-13164.027692815289,13164.027692815289,0.0026328055385630576,6.0,0.0,416,416,105,0.25240384615384615,14872539.216704227,314840.8425703804,0.021169272979073006,0.06296816851407608,0,2256,0.5,0p50,436570,high_default,5000000.0
Fin_fl_rl_2,pure_rl,fl_rl,4994618.900601615,5000000.0,4994618.900601253,-5381.0993987470865,5381.0993987470865,0.0010762198797494172,8.0,0.0,529,529,189,0.3572778827977316,18439701.835824586,406247.26941934554,0.02203111921419954,0.0812494538838691,0,2256,0.5,0p50,436570,high_default,5000000.0
Fin_fl_rl_3,pure_rl,fl_rl,5364629.288786208,5000000.0,5364629.288786914,364629.2887869142,0.0,0.0,8.0,0.0,951,951,100,0.10515247108307045,33126875.864234105,250370.70740907584,0.007557932973673261,0.05007414148181517,0,2256,0.5,0p50,436570,high_default,5000000.0
Fin_fl_rl_prox_1,pure_rl,fl_rl_prox,5066156.583530455,5000000.0,5066156.58353124,66156.58353124,0.0,0.0,8.0,0.0,503,503,94,0.18687872763419483,17749759.43535408,289804.61324330256,0.01632724174650322,0.05796092264866051,0,2256,0.5,0p50,436570,high_default,5000000.0
Fin_fl_rl_prox_2,pure_rl,fl_rl_prox,5041113.071581619,5000000.0,5041113.071581831,41113.0715818312,0.0,0.0,7.0,0.0,564,564,172,0.3049645390070922,19805095.991429023,429880.8146183109,0.02170556582024893,0.08597616292366218,0,2256,0.5,0p50,436570,high_default,5000000.0
Fin_fl_rl_prox_3,pure_rl,fl_rl_prox,5195765.669265029,5000000.0,5195765.669264855,195765.66926485486,0.0,0.0,6.0,0.0,735,735,130,0.17687074829931973,25821721.38949255,343376.08019081585,0.013297954656521987,0.06867521603816316,0,2256,0.5,0p50,436570,high_default,5000000.0
Fin_fl_rl_scaffold_1,pure_rl,fl_rl_scaffold,4905192.465673616,5000000.0,4905192.465672421,-94807.53432757873,94807.53432757873,0.018961506865515745,11.0,0.0,322,322,106,0.32919254658385094,11310616.70671078,376533.94269450475,0.03329031055142208,0.07530678853890095,0,2256,0.5,0p50,436570,high_default,5000000.0
Fin_fl_rl_scaffold_2,pure_rl,fl_rl_scaffold,5039792.797158971,5000000.0,5039792.79715886,39792.79715885967,0.0,0.0,8.0,0.0,511,511,149,0.29158512720156554,17805406.259457003,353157.137442361,0.019834264509117183,0.07063142748847219,0,2256,0.5,0p50,436570,high_default,5000000.0
Fin_fl_rl_scaffold_3,pure_rl,fl_rl_scaffold,5321333.584935839,5000000.0,5321333.584934777,321333.58493477665,0.0,0.0,7.0,0.0,859,859,99,0.11525029103608847,29897448.815556757,286134.9386644277,0.009570546986455281,0.057226987732885544,0,2256,0.5,0p50,436570,high_default,5000000.0
Fin_fl_rl_1,pure_rl,fl_rl,4943254.740692136,5000000.0,4943254.740691768,-56745.259308231995,56745.259308231995,0.011349051861646399,11.0,0.0,298,298,86,0.28859060402684567,10560781.847557541,278810.6695751697,0.026400570866791647,0.055762133915033936,0,2275,0.5,0p50,831197,high_default,5000000.0
Fin_fl_rl_2,pure_rl,fl_rl,4964610.89949496,5000000.0,4964610.899495423,-35389.10050457716,35389.10050457716,0.007077820100915432,7.0,0.0,356,356,128,0.3595505617977528,12571096.362763332,334526.8136830098,0.0266107906605431,0.06690536273660197,0,2275,0.5,0p50,831197,high_default,5000000.0
Fin_fl_rl_3,pure_rl,fl_rl,5397562.976100967,5000000.0,5397562.9761008,397562.9761007996,0.0,0.0,7.0,0.0,983,983,93,0.09460834181078331,34682985.5852063,250964.18190372078,0.007235945166461309,0.050192836380744156,0,2275,0.5,0p50,831197,high_default,5000000.0
Fin_fl_rl_prox_1,pure_rl,fl_rl_prox,4995433.133984166,5000000.0,4995433.133983665,-4566.866016334854,4566.866016334854,0.0009133732032669708,7.0,0.0,573,573,139,0.2425828970331588,20290935.05986216,400593.4005323461,0.019742481031579794,0.08011868010646922,0,2275,0.5,0p50,831197,high_default,5000000.0
Fin_fl_rl_prox_2,pure_rl,fl_rl_prox,5037119.142668304,5000000.0,5037119.142668655,37119.14266865514,0.0,0.0,8.0,0.0,642,642,196,0.3052959501557632,22507467.120484468,417441.75620897394,0.018546811774704422,0.08348835124179478,0,2275,0.5,0p50,831197,high_default,5000000.0
Fin_fl_rl_prox_3,pure_rl,fl_rl_prox,5412532.6280849865,5000000.0,5412532.628083858,412532.6280838577,0.0,0.0,8.0,0.0,952,952,83,0.08718487394957983,33028930.845885213,200617.7296651608,0.006074000112242628,0.040123545933032155,0,2275,0.5,0p50,831197,high_default,5000000.0
Fin_fl_rl_scaffold_1,pure_rl,fl_rl_scaffold,4867492.180901706,5000000.0,4867492.1809014315,-132507.81909856852,132507.81909856852,0.026501563819713705,9.0,0.0,364,364,145,0.3983516483516483,12514529.29248574,462828.1483053477,0.03698326461093903,0.09256562966106954,0,2275,0.5,0p50,831197,high_default,5000000.0
Fin_fl_rl_scaffold_2,pure_rl,fl_rl_scaffold,4783829.274879796,5000000.0,4783829.274879594,-216170.72512040567,216170.72512040567,0.043234145024081135,15.0,0.0,395,395,281,0.7113924050632912,13762294.658902662,632048.2975826503,0.04592608378529273,0.12640965951653008,0,2275,0.5,0p50,831197,high_default,5000000.0
Fin_fl_rl_scaffold_3,pure_rl,fl_rl_scaffold,5324944.050021274,5000000.0,5324944.050019501,324944.0500195008,0.0,0.0,6.0,0.0,963,963,123,0.1277258566978193,33831546.52887825,299957.12087174697,0.00886619595163073,0.0599914241743494,0,2275,0.5,0p50,831197,high_default,5000000.0
Fin_fl_rl_1,pure_rl,fl_rl,10056809.376795625,10000000.0,10056809.376795618,56809.37679561786,0.0,0.0,11.0,0.0,92,92,0,0.0,3208520.5749619897,0.0,0.0,0.0,0,2239,0.5,0p50,709098,none_default,10000000.0
Fin_fl_rl_2,pure_rl,fl_rl,10473657.866263185,10000000.0,10473657.866265187,473657.86626518704,0.0,0.0,6.0,0.0,822,822,0,0.0,28162252.069449537,0.0,0.0,0.0,0,2239,0.5,0p50,709098,none_default,10000000.0
Fin_fl_rl_3,pure_rl,fl_rl,10476554.347821757,10000000.0,10476554.347820366,476554.3478203658,0.0,0.0,8.0,0.0,805,805,0,0.0,28144710.34950896,0.0,0.0,0.0,0,2239,0.5,0p50,709098,none_default,10000000.0
Fin_fl_rl_prox_1,pure_rl,fl_rl_prox,10457674.076716626,10000000.0,10457674.076721026,457674.07672102563,0.0,0.0,8.0,0.0,772,772,0,0.0,26982598.28227019,0.0,0.0,0.0,0,2239,0.5,0p50,709098,none_default,10000000.0
Fin_fl_rl_prox_2,pure_rl,fl_rl_prox,10473941.92853054,10000000.0,10473941.92853268,473941.9285326805,0.0,0.0,8.0,0.0,803,803,0,0.0,27931406.168066174,0.0,0.0,0.0,0,2239,0.5,0p50,709098,none_default,10000000.0
Fin_fl_rl_prox_3,pure_rl,fl_rl_prox,10512388.507068105,10000000.0,10512388.50706979,512388.50706979074,0.0,0.0,6.0,0.0,869,869,0,0.0,30378746.14562547,0.0,0.0,0.0,0,2239,0.5,0p50,709098,none_default,10000000.0
Fin_fl_rl_scaffold_1,pure_rl,fl_rl_scaffold,10474207.316987932,10000000.0,10474207.316984823,474207.316984823,0.0,0.0,6.0,0.0,808,808,0,0.0,28451190.930851657,0.0,0.0,0.0,0,2239,0.5,0p50,709098,none_default,10000000.0
Fin_fl_rl_scaffold_2,pure_rl,fl_rl_scaffold,10481597.726625415,10000000.0,10481597.726627154,481597.7266271543,0.0,0.0,6.0,0.0,818,818,0,0.0,28525706.031751756,0.0,0.0,0.0,0,2239,0.5,0p50,709098,none_default,10000000.0
Fin_fl_rl_scaffold_3,pure_rl,fl_rl_scaffold,10509509.222231533,10000000.0,10509509.222230524,509509.2222305238,0.0,0.0,6.0,0.0,869,869,0,0.0,30070276.299683396,0.0,0.0,0.0,0,2239,0.5,0p50,709098,none_default,10000000.0
Fin_fl_rl_1,pure_rl,fl_rl,10458711.450681698,10000000.0,10458711.450683055,458711.45068305545,0.0,0.0,6.0,0.0,780,780,0,0.0,26972807.395409107,0.0,0.0,0.0,0,2245,0.5,0p50,436570,none_default,10000000.0
Fin_fl_rl_2,pure_rl,fl_rl,10434748.516022993,10000000.0,10434748.516020196,434748.51602019556,0.0,0.0,6.0,0.0,744,744,0,0.0,25567216.050567802,0.0,0.0,0.0,0,2245,0.5,0p50,436570,none_default,10000000.0
Fin_fl_rl_3,pure_rl,fl_rl,10450711.33890007,10000000.0,10450711.33890703,450711.3389070295,0.0,0.0,6.0,0.0,771,771,0,0.0,26728986.76674165,0.0,0.0,0.0,0,2245,0.5,0p50,436570,none_default,10000000.0
Fin_fl_rl_prox_1,pure_rl,fl_rl_prox,10424700.926257676,10000000.0,10424700.92625817,424700.9262581691,0.0,0.0,7.0,0.0,719,719,0,0.0,25190242.873970658,0.0,0.0,0.0,0,2245,0.5,0p50,436570,none_default,10000000.0
Fin_fl_rl_prox_2,pure_rl,fl_rl_prox,10433882.123720532,10000000.0,10433882.123716772,433882.1237167716,0.0,0.0,7.0,0.0,728,728,0,0.0,25535005.97178814,0.0,0.0,0.0,0,2245,0.5,0p50,436570,none_default,10000000.0
Fin_fl_rl_prox_3,pure_rl,fl_rl_prox,10452337.840458341,10000000.0,10452337.840456583,452337.8404565826,0.0,0.0,6.0,0.0,770,770,0,0.0,27099046.527581207,0.0,0.0,0.0,0,2245,0.5,0p50,436570,none_default,10000000.0
Fin_fl_rl_scaffold_1,pure_rl,fl_rl_scaffold,10420365.716213834,10000000.0,10420365.71621477,420365.71621477045,0.0,0.0,6.0,0.0,702,702,0,0.0,24963290.83910252,0.0,0.0,0.0,0,2245,0.5,0p50,436570,none_default,10000000.0
Fin_fl_rl_scaffold_2,pure_rl,fl_rl_scaffold,10440095.938793192,10000000.0,10440095.938797677,440095.93879767694,0.0,0.0,6.0,0.0,742,742,0,0.0,25848599.991337754,0.0,0.0,0.0,0,2245,0.5,0p50,436570,none_default,10000000.0
Fin_fl_rl_scaffold_3,pure_rl,fl_rl_scaffold,10413489.796007508,10000000.0,10413489.796006365,413489.79600636475,0.0,0.0,8.0,0.0,703,703,0,0.0,24364557.15511374,0.0,0.0,0.0,0,2245,0.5,0p50,436570,none_default,10000000.0
Fin_fl_rl_1,pure_rl,fl_rl,10432191.57065557,10000000.0,10432191.57065859,432191.57065859064,0.0,0.0,6.0,0.0,734,734,0,0.0,25648629.28848573,0.0,0.0,0.0,0,2243,0.5,0p50,831197,none_default,10000000.0
Fin_fl_rl_2,pure_rl,fl_rl,10409565.743289158,10000000.0,10409565.743289893,409565.7432898935,0.0,0.0,6.0,0.0,685,685,0,0.0,24228937.451543823,0.0,0.0,0.0,0,2243,0.5,0p50,831197,none_default,10000000.0
Fin_fl_rl_3,pure_rl,fl_rl,10413297.441540211,10000000.0,10413297.441538636,413297.44153863564,0.0,0.0,6.0,0.0,697,697,0,0.0,24427636.21579482,0.0,0.0,0.0,0,2243,0.5,0p50,831197,none_default,10000000.0
Fin_fl_rl_prox_1,pure_rl,fl_rl_prox,10474957.659611838,10000000.0,10474957.65961312,474957.65961311944,0.0,0.0,6.0,0.0,811,811,0,0.0,28329894.638501666,0.0,0.0,0.0,0,2243,0.5,0p50,831197,none_default,10000000.0
Fin_fl_rl_prox_2,pure_rl,fl_rl_prox,10436072.777789086,10000000.0,10436072.777790667,436072.7777906675,0.0,0.0,6.0,0.0,748,748,0,0.0,25890544.610447377,0.0,0.0,0.0,0,2243,0.5,0p50,831197,none_default,10000000.0
Fin_fl_rl_prox_3,pure_rl,fl_rl_prox,10438120.102934303,10000000.0,10438120.10293265,438120.1029326506,0.0,0.0,6.0,0.0,746,746,0,0.0,25795306.61664959,0.0,0.0,0.0,0,2243,0.5,0p50,831197,none_default,10000000.0
Fin_fl_rl_scaffold_1,pure_rl,fl_rl_scaffold,10430591.71766339,10000000.0,10430591.717655106,430591.7176551055,0.0,0.0,7.0,0.0,736,736,0,0.0,25608870.86248656,0.0,0.0,0.0,0,2243,0.5,0p50,831197,none_default,10000000.0
Fin_fl_rl_scaffold_2,pure_rl,fl_rl_scaffold,10430029.872120539,10000000.0,10430029.87212637,430029.87212637067,0.0,0.0,6.0,0.0,722,722,0,0.0,25381905.493904073,0.0,0.0,0.0,0,2243,0.5,0p50,831197,none_default,10000000.0
Fin_fl_rl_scaffold_3,pure_rl,fl_rl_scaffold,10440272.445959872,10000000.0,10440272.445958365,440272.44595836475,0.0,0.0,6.0,0.0,744,744,0,0.0,25840029.21350309,0.0,0.0,0.0,0,2243,0.5,0p50,831197,none_default,10000000.0
Fin_fl_rl_1,pure_rl,fl_rl,10346649.828628113,10000000.0,10346649.828630013,346649.8286300134,0.0,0.0,8.0,0.0,701,701,57,0.08131241084165478,24400860.345517527,89226.88696979106,0.003656710694062972,0.008922688696979106,0,2257,0.5,0p50,709098,low_default,10000000.0
Fin_fl_rl_2,pure_rl,fl_rl,10277189.186591528,10000000.0,10277189.186592493,277189.1865924932,0.0,0.0,8.0,0.0,806,806,197,0.24441687344913152,28085000.4324087,284159.8483466195,0.010117850951453542,0.028415984834661952,0,2257,0.5,0p50,709098,low_default,10000000.0
Fin_fl_rl_3,pure_rl,fl_rl,10938830.948540153,10000000.0,10938830.948542422,938830.9485424217,0.0,0.0,8.0,0.0,1671,1671,48,0.02872531418312388,58472050.81555378,80018.52830509357,0.001368491906629147,0.008001852830509356,0,2257,0.5,0p50,709098,low_default,10000000.0
Fin_fl_rl_prox_1,pure_rl,fl_rl_prox,10381785.961703124,10000000.0,10381785.961702267,381785.9617022667,0.0,0.0,6.0,0.0,813,813,91,0.11193111931119311,28962969.9128538,142987.63844454786,0.004936912163178741,0.014298763844454786,0,2257,0.5,0p50,709098,low_default,10000000.0
Fin_fl_rl_prox_2,pure_rl,fl_rl_prox,10252994.820190474,10000000.0,10252994.82019186,252994.8201918602,0.0,0.0,7.0,0.0,721,721,172,0.23855755894590847,25343279.993142124,221535.25157817174,0.008741380422665063,0.022153525157817173,0,2257,0.5,0p50,709098,low_default,10000000.0
Fin_fl_rl_prox_3,pure_rl,fl_rl_prox,10788689.210008321,10000000.0,10788689.210008603,788689.2100086026,0.0,0.0,6.0,0.0,1400,1400,53,0.03785714285714286,49228751.48133354,81105.85964937788,0.0016475302990394025,0.008110585964937788,0,2257,0.5,0p50,709098,low_default,10000000.0
Fin_fl_rl_scaffold_1,pure_rl,fl_rl_scaffold,10035942.0758985,10000000.0,10035942.075899912,35942.075899912044,0.0,0.0,6.0,0.0,239,239,98,0.4100418410041841,8428408.013406573,187121.77939721913,0.022201319525535015,0.01871217793972191,0,2257,0.5,0p50,709098,low_default,10000000.0
Fin_fl_rl_scaffold_2,pure_rl,fl_rl_scaffold,10026562.552068317,10000000.0,10026562.552067606,26562.55206760578,0.0,0.0,6.0,0.0,111,111,43,0.38738738738738737,3947991.0421714587,64094.150903080226,0.016234624197077056,0.006409415090308022,0,2257,0.5,0p50,709098,low_default,10000000.0
Fin_fl_rl_scaffold_3,pure_rl,fl_rl_scaffold,10068906.086554801,10000000.0,10068906.086555267,68906.08655526675,0.0,0.0,7.0,0.0,163,163,35,0.2147239263803681,5683987.879292405,68468.61308564204,0.012045875983494467,0.006846861308564204,0,2257,0.5,0p50,709098,low_default,10000000.0
Fin_fl_rl_1,pure_rl,fl_rl,10141591.094783664,10000000.0,10141591.094785623,141591.09478562325,0.0,0.0,11.0,0.0,244,244,18,0.07377049180327869,8488270.919855831,28281.408517310665,0.0033318220853618807,0.0028281408517310666,0,2248,0.5,0p50,436570,low_default,10000000.0
Fin_fl_rl_2,pure_rl,fl_rl,10522954.527437229,10000000.0,10522954.527441626,522954.5274416264,0.0,0.0,7.0,0.0,1302,1302,245,0.1881720430107527,45430639.24749894,377890.689692649,0.008317969897671047,0.0377890689692649,0,2248,0.5,0p50,436570,low_default,10000000.0
Fin_fl_rl_3,pure_rl,fl_rl,10793276.161279373,10000000.0,10793276.161278639,793276.161278639,0.0,0.0,11.0,0.0,1343,1343,48,0.035740878629932984,46495308.682164006,69176.85490377527,0.0014878244034609903,0.006917685490377527,0,2248,0.5,0p50,436570,low_default,10000000.0
Fin_fl_rl_prox_1,pure_rl,fl_rl_prox,10559521.179790294,10000000.0,10559521.17979057,559521.1797905695,0.0,0.0,6.0,0.0,1129,1129,96,0.08503100088573959,39800259.87845097,143216.06628389453,0.003598370129272345,0.014321606628389452,0,2248,0.5,0p50,436570,low_default,10000000.0
Fin_fl_rl_prox_2,pure_rl,fl_rl_prox,10501273.172046429,10000000.0,10501273.172046838,501273.1720468383,0.0,0.0,8.0,0.0,1142,1142,156,0.13660245183887915,39543558.39271815,208308.77954504767,0.005267830918914146,0.020830877954504768,0,2248,0.5,0p50,436570,low_default,10000000.0
Fin_fl_rl_prox_3,pure_rl,fl_rl_prox,10120772.890264882,10000000.0,10120772.890264262,120772.89026426151,0.0,0.0,16.0,0.0,200,200,8,0.04,7018783.420451705,11603.575880958324,0.0016532175429643842,0.0011603575880958323,0,2248,0.5,0p50,436570,low_default,10000000.0
Fin_fl_rl_scaffold_1,pure_rl,fl_rl_scaffold,10415031.55694593,10000000.0,10415031.556942051,415031.5569420513,0.0,0.0,13.0,0.0,992,992,155,0.15625,34914163.49370187,234514.21029757033,0.0067168789634577414,0.023451421029757034,0,2248,0.5,0p50,436570,low_default,10000000.0
Fin_fl_rl_scaffold_2,pure_rl,fl_rl_scaffold,10028624.293934572,10000000.0,10028624.293935081,28624.29393508099,0.0,0.0,8.0,0.0,114,114,43,0.37719298245614036,4185022.318458745,75718.72825547968,0.018092789594337286,0.007571872825547968,0,2248,0.5,0p50,436570,low_default,10000000.0
Fin_fl_rl_scaffold_3,pure_rl,fl_rl_scaffold,10087697.784320047,10000000.0,10087697.784320543,87697.78432054259,0.0,0.0,14.0,0.0,134,134,7,0.05223880597014925,4859035.276834715,10660.55498265264,0.002193965339884745,0.0010660554982652641,0,2248,0.5,0p50,436570,low_default,10000000.0
Fin_fl_rl_1,pure_rl,fl_rl,10261042.03391413,10000000.0,10261042.03391511,261042.03391510993,0.0,0.0,8.0,0.0,595,595,84,0.1411764705882353,20460107.09141844,108993.21021963122,0.005327108491301403,0.010899321021963122,0,2266,0.5,0p50,831197,low_default,10000000.0
Fin_fl_rl_2,pure_rl,fl_rl,10239207.546648528,10000000.0,10239207.546646759,239207.5466467589,0.0,0.0,7.0,0.0,623,623,123,0.19743178170144463,21773426.631295595,178207.1771560253,0.008184617891052702,0.017820717715602532,0,2266,0.5,0p50,831197,low_default,10000000.0
Fin_fl_rl_3,pure_rl,fl_rl,10567000.111421,10000000.0,10567000.111418242,567000.1114182416,0.0,0.0,7.0,0.0,1131,1131,95,0.08399646330680813,39438564.14774762,146528.7862890423,0.003715368179736602,0.01465287862890423,0,2266,0.5,0p50,831197,low_default,10000000.0
Fin_fl_rl_prox_1,pure_rl,fl_rl_prox,10219845.066933654,10000000.0,10219845.066935314,219845.06693531387,0.0,0.0,11.0,0.0,462,462,45,0.09740259740259741,15847829.425410865,67086.38854979297,0.004233159428270015,0.006708638854979298,0,2266,0.5,0p50,831197,low_default,10000000.0
Fin_fl_rl_prox_2,pure_rl,fl_rl_prox,10239017.322203279,10000000.0,10239017.322203303,239017.32220330276,0.0,0.0,8.0,0.0,546,546,86,0.1575091575091575,19020796.799865372,115847.07810870929,0.006090548115709288,0.011584707810870929,0,2266,0.5,0p50,831197,low_default,10000000.0
Fin_fl_rl_prox_3,pure_rl,fl_rl_prox,10647435.25064902,10000000.0,10647435.250649145,647435.2506491449,0.0,0.0,8.0,0.0,1248,1248,88,0.07051282051282051,43930498.64533654,141907.60411535515,0.003230275286902973,0.014190760411535514,0,2266,0.5,0p50,831197,low_default,10000000.0
Fin_fl_rl_scaffold_1,pure_rl,fl_rl_scaffold,10179663.515864331,10000000.0,10179663.515864003,179663.51586400345,0.0,0.0,7.0,0.0,392,392,50,0.12755102040816327,13754876.956314094,74840.30041085754,0.005441001082638006,0.007484030041085754,0,2266,0.5,0p50,831197,low_default,10000000.0
Fin_fl_rl_scaffold_2,pure_rl,fl_rl_scaffold,10094594.543117134,10000000.0,10094594.543117287,94594.54311728664,0.0,0.0,8.0,0.0,316,316,99,0.31329113924050633,11033302.746898623,144910.0958157176,0.013133881951752906,0.014491009581571759,0,2266,0.5,0p50,831197,low_default,10000000.0
Fin_fl_rl_scaffold_3,pure_rl,fl_rl_scaffold,10651973.838406371,10000000.0,10651973.838406166,651973.8384061661,0.0,0.0,6.0,0.0,1290,1290,96,0.07441860465116279,44653321.61719328,155324.368497627,0.0034784504908548846,0.0155324368497627,0,2266,0.5,0p50,831197,low_default,10000000.0
Fin_fl_rl_1,pure_rl,fl_rl,10171655.149677552,10000000.0,10171655.14967715,171655.14967714995,0.0,0.0,8.0,0.0,541,541,88,0.16266173752310537,18424093.099498432,162682.75665857265,0.008829892238386563,0.016268275665857264,0,2250,0.5,0p50,709098,medium_default,10000000.0
Fin_fl_rl_2,pure_rl,fl_rl,9966550.672883118,10000000.0,9966550.672882503,-33449.3271174971,33449.3271174971,0.00334493271174971,12.0,0.0,200,200,111,0.555,7081803.539779292,197542.28715533775,0.027894347258536664,0.019754228715533773,0,2250,0.5,0p50,709098,medium_default,10000000.0
Fin_fl_rl_3,pure_rl,fl_rl,10476791.320127364,10000000.0,10476791.320127202,476791.3201272022,0.0,0.0,8.0,0.0,1152,1152,150,0.13020833333333334,40732326.12919044,315468.8928673942,0.007744927011210302,0.03154688928673942,0,2250,0.5,0p50,709098,medium_default,10000000.0
Fin_fl_rl_prox_1,pure_rl,fl_rl_prox,10165807.3716462,10000000.0,10165807.37164906,165807.3716490604,0.0,0.0,8.0,0.0,553,553,88,0.15913200723327306,19461260.007591955,213155.0394160551,0.010952787195325588,0.021315503941605512,0,2250,0.5,0p50,709098,medium_default,10000000.0
Fin_fl_rl_prox_2,pure_rl,fl_rl_prox,10133078.673513269,10000000.0,10133078.673510358,133078.67351035774,0.0,0.0,15.0,0.0,560,560,149,0.26607142857142857,19671676.651921906,301556.6715162053,0.015329484967248253,0.03015566715162053,0,2250,0.5,0p50,709098,medium_default,10000000.0
Fin_fl_rl_prox_3,pure_rl,fl_rl_prox,10481316.310932212,10000000.0,10481316.310931811,481316.3109318111,0.0,0.0,26.0,0.0,1070,1070,100,0.09345794392523364,37281075.224638395,207534.61666990942,0.005566755127619107,0.020753461666990942,0,2250,0.5,0p50,709098,medium_default,10000000.0
Fin_fl_rl_scaffold_1,pure_rl,fl_rl_scaffold,10132327.63058692,10000000.0,10132327.630588016,132327.63058801554,0.0,0.0,8.0,0.0,563,563,107,0.19005328596802842,19643114.40527768,291950.8499706425,0.014862757704664265,0.029195084997064247,0,2250,0.5,0p50,709098,medium_default,10000000.0
Fin_fl_rl_scaffold_2,pure_rl,fl_rl_scaffold,10071289.882755622,10000000.0,10071289.882758146,71289.88275814615,0.0,0.0,8.0,0.0,466,466,142,0.30472103004291845,16003866.508958453,291648.3889366926,0.018223620446561284,0.029164838893669262,0,2250,0.5,0p50,709098,medium_default,10000000.0
Fin_fl_rl_scaffold_3,pure_rl,fl_rl_scaffold,10437325.968541963,10000000.0,10437325.96854223,437325.9685422294,0.0,0.0,7.0,0.0,1001,1001,118,0.11788211788211789,35209926.85652854,238961.1541303838,0.006786755198444162,0.02389611541303838,0,2250,0.5,0p50,709098,medium_default,10000000.0
Fin_fl_rl_1,pure_rl,fl_rl,10173994.088451782,10000000.0,10173994.0884503,173994.08845029958,0.0,0.0,8.0,0.0,666,666,149,0.22372372372372373,23125914.02630748,286904.9471935656,0.012406210057997686,0.02869049471935656,0,2235,0.5,0p50,436570,medium_default,10000000.0
Fin_fl_rl_2,pure_rl,fl_rl,10136001.598997744,10000000.0,10136001.598998109,136001.59899810888,0.0,0.0,7.0,0.0,656,656,177,0.2698170731707317,23076649.477273107,336418.7291726475,0.014578317771129097,0.033641872917264753,0,2235,0.5,0p50,436570,medium_default,10000000.0
Fin_fl_rl_3,pure_rl,fl_rl,10559275.817622347,10000000.0,10559275.817623107,559275.8176231068,0.0,0.0,8.0,0.0,1234,1234,116,0.0940032414910859,42626851.5051872,223655.4483321389,0.005246820734694013,0.02236554483321389,0,2235,0.5,0p50,436570,medium_default,10000000.0
Fin_fl_rl_prox_1,pure_rl,fl_rl_prox,10193430.742932165,10000000.0,10193430.742931018,193430.74293101765,0.0,0.0,8.0,0.0,589,589,87,0.14770797962648557,20425117.200216036,203658.48150692479,0.00997098227200237,0.020365848150692478,0,2235,0.5,0p50,436570,medium_default,10000000.0
Fin_fl_rl_prox_2,pure_rl,fl_rl_prox,10011258.543963693,10000000.0,10011258.543963045,11258.543963044882,0.0,0.0,8.0,0.0,303,303,135,0.44554455445544555,10693412.178646605,266280.7289125248,0.02490138081876745,0.02662807289125248,0,2235,0.5,0p50,436570,medium_default,10000000.0
Fin_fl_rl_prox_3,pure_rl,fl_rl_prox,10525546.93188931,10000000.0,10525546.931890883,525546.9318908826,0.0,0.0,7.0,0.0,1095,1095,79,0.07214611872146119,38260843.28570323,187238.40549724145,0.004893734414034885,0.018723840549724143,0,2235,0.5,0p50,436570,medium_default,10000000.0
Fin_fl_rl_scaffold_1,pure_rl,fl_rl_scaffold,10125980.21964941,10000000.0,10125980.21965076,125980.2196507603,0.0,0.0,8.0,0.0,621,621,148,0.23832528180354268,21487751.569220785,344243.9215625784,0.01602047196299849,0.03442439215625784,0,2235,0.5,0p50,436570,medium_default,10000000.0
Fin_fl_rl_scaffold_2,pure_rl,fl_rl_scaffold,10008422.969132692,10000000.0,10008422.969133645,8422.969133645296,0.0,0.0,7.0,0.0,103,103,41,0.39805825242718446,3621798.1473066453,74264.58466081067,0.020504893326547646,0.0074264584660810665,0,2235,0.5,0p50,436570,medium_default,10000000.0
Fin_fl_rl_scaffold_3,pure_rl,fl_rl_scaffold,10307419.73372725,10000000.0,10307419.733730942,307419.733730942,0.0,0.0,8.0,0.0,804,804,108,0.13432835820895522,28181914.675612383,258408.13306703238,0.009169289455363,0.025840813306703236,0,2235,0.5,0p50,436570,medium_default,10000000.0
Fin_fl_rl_1,pure_rl,fl_rl,10187763.583776714,10000000.0,10187763.583777878,187763.58377787843,0.0,0.0,7.0,0.0,573,573,98,0.17102966841186737,20444799.056647796,215936.5023937805,0.01056192833177135,0.02159365023937805,0,2251,0.5,0p50,831197,medium_default,10000000.0
Fin_fl_rl_2,pure_rl,fl_rl,10157790.414545279,10000000.0,10157790.414543621,157790.41454362124,0.0,0.0,6.0,0.0,541,541,121,0.22365988909426987,18847904.903049108,230770.7781065577,0.012243842447933027,0.02307707781065577,0,2251,0.5,0p50,831197,medium_default,10000000.0
Fin_fl_rl_3,pure_rl,fl_rl,10263394.024292806,10000000.0,10263394.02429225,263394.02429224923,0.0,0.0,7.0,0.0,556,556,38,0.0683453237410072,19524933.920587216,101329.99909537479,0.0051897742398263275,0.010132999909537478,0,2251,0.5,0p50,831197,medium_default,10000000.0
Fin_fl_rl_prox_1,pure_rl,fl_rl_prox,10232462.912631378,10000000.0,10232462.912635976,232462.91263597645,0.0,0.0,7.0,0.0,718,718,120,0.1671309192200557,25392080.826179862,271246.46325617644,0.010682325135658621,0.027124646325617643,0,2251,0.5,0p50,831197,medium_default,10000000.0
Fin_fl_rl_prox_2,pure_rl,fl_rl_prox,10111934.043824803,10000000.0,10111934.043825086,111934.0438250862,0.0,0.0,7.0,0.0,871,871,318,0.365097588978186,30434180.219349977,636325.4589104445,0.020908250339723964,0.06363254589104445,0,2251,0.5,0p50,831197,medium_default,10000000.0
Fin_fl_rl_prox_3,pure_rl,fl_rl_prox,10322165.949305981,10000000.0,10322165.949304648,322165.94930464774,0.0,0.0,7.0,0.0,676,676,62,0.09171597633136094,23745267.886580363,115745.11535134546,0.004874449760019713,0.011574511535134547,0,2251,0.5,0p50,831197,medium_default,10000000.0
Fin_fl_rl_scaffold_1,pure_rl,fl_rl_scaffold,10196093.868508806,10000000.0,10196093.868505817,196093.8685058169,0.0,0.0,6.0,0.0,766,766,151,0.19712793733681463,27073409.57298849,344242.3468086976,0.012715145681250022,0.03442423468086976,0,2251,0.5,0p50,831197,medium_default,10000000.0
Fin_fl_rl_scaffold_2,pure_rl,fl_rl_scaffold,9987801.023072463,10000000.0,9987801.023074191,-12198.976925808936,12198.976925808936,0.0012198976925808936,16.0,0.0,585,585,274,0.4683760683760684,20045964.225332852,512361.1034744729,0.02555931446924277,0.05123611034744729,0,2251,0.5,0p50,831197,medium_default,10000000.0
Fin_fl_rl_scaffold_3,pure_rl,fl_rl_scaffold,10459690.25370219,10000000.0,10459690.253701057,459690.2537010573,0.0,0.0,6.0,0.0,1024,1024,109,0.1064453125,36009631.776146784,195250.4003600086,0.005422171533821261,0.019525040036000862,0,2251,0.5,0p50,831197,medium_default,10000000.0
Fin_fl_rl_1,pure_rl,fl_rl,9972983.260665582,10000000.0,9972983.26066385,-27016.739336149767,27016.739336149767,0.002701673933614977,6.0,0.0,547,547,168,0.3071297989031079,18797035.20243801,471190.9771441036,0.02506730301185951,0.04711909771441036,0,2266,0.5,0p50,709098,high_default,10000000.0
Fin_fl_rl_2,pure_rl,fl_rl,9944241.455209533,10000000.0,9944241.455210174,-55758.5447898265,55758.5447898265,0.005575854478982649,8.0,0.0,466,466,207,0.44420600858369097,16289892.425904602,542188.4853283801,0.033283736390191145,0.05421884853283802,0,2266,0.5,0p50,709098,high_default,10000000.0
Fin_fl_rl_3,pure_rl,fl_rl,10313291.338321468,10000000.0,10313291.338319108,313291.3383191079,0.0,0.0,6.0,0.0,965,965,145,0.15025906735751296,33684889.897137195,352935.9254506781,0.010477573966500432,0.03529359254506781,0,2266,0.5,0p50,709098,high_default,10000000.0
Fin_fl_rl_prox_1,pure_rl,fl_rl_prox,9964706.393649084,10000000.0,9964706.393648295,-35293.60635170527,35293.60635170527,0.003529360635170527,8.0,0.0,384,384,99,0.2578125,13369402.556889437,310347.49183799245,0.023213265552997065,0.031034749183799244,0,2266,0.5,0p50,709098,high_default,10000000.0
Fin_fl_rl_prox_2,pure_rl,fl_rl_prox,9956261.813591527,10000000.0,9956261.813589517,-43738.18641048297,43738.18641048297,0.004373818641048298,8.0,0.0,451,451,154,0.34146341463414637,15818108.582503222,396408.37947805034,0.025060415877820364,0.039640837947805034,0,2266,0.5,0p50,709098,high_default,10000000.0
Fin_fl_rl_prox_3,pure_rl,fl_rl_prox,10407415.560073994,10000000.0,10407415.56007613,407415.56007613055,0.0,0.0,7.0,0.0,997,997,119,0.119358074222668,35393037.83518056,227691.3301525238,0.006433223709500273,0.02276913301525238,0,2266,0.5,0p50,709098,high_default,10000000.0
Fin_fl_rl_scaffold_1,pure_rl,fl_rl_scaffold,9948626.456603196,10000000.0,9948626.456603734,-51373.54339626618,51373.54339626618,0.005137354339626618,7.0,0.0,411,411,111,0.27007299270072993,14128765.289906358,348284.28478376614,0.024650723374432564,0.03482842847837661,0,2266,0.5,0p50,709098,high_default,10000000.0
Fin_fl_rl_scaffold_2,pure_rl,fl_rl_scaffold,9996185.518573891,10000000.0,9996185.518578302,-3814.481421697885,3814.481421697885,0.00038144814216978847,9.0,0.0,472,472,138,0.2923728813559322,16401212.909984712,349478.510469525,0.021308089370437346,0.0349478510469525,0,2266,0.5,0p50,709098,high_default,10000000.0
Fin_fl_rl_scaffold_3,pure_rl,fl_rl_scaffold,10299488.180431288,10000000.0,10299488.180431062,299488.18043106236,0.0,0.0,8.0,0.0,771,771,69,0.08949416342412451,27093511.495472807,196897.65943885822,0.007267336294586948,0.01968976594388582,0,2266,0.5,0p50,709098,high_default,10000000.0
Fin_fl_rl_1,pure_rl,fl_rl,9998666.383923985,10000000.0,9998666.383923484,-1333.6160765159875,1333.6160765159875,0.00013336160765159874,8.0,0.0,470,470,116,0.24680851063829787,16335320.209881654,337566.7199524333,0.020664836416749918,0.033756671995243334,0,2265,0.5,0p50,436570,high_default,10000000.0
Fin_fl_rl_2,pure_rl,fl_rl,10002624.998616338,10000000.0,10002624.998613782,2624.998613782227,0.0,0.0,7.0,0.0,787,787,278,0.35324015247776364,27822517.226240493,644437.1190783058,0.02316243040980175,0.06444371190783058,0,2265,0.5,0p50,436570,high_default,10000000.0
Fin_fl_rl_3,pure_rl,fl_rl,10446490.501883313,10000000.0,10446490.501884367,446490.5018843673,0.0,0.0,36.0,0.0,947,947,65,0.06863780359028511,33161340.353408474,157294.60777582665,0.004743312727998921,0.015729460777582666,0,2265,0.5,0p50,436570,high_default,10000000.0
Fin_fl_rl_prox_1,pure_rl,fl_rl_prox,10066711.741598658,10000000.0,10066711.741601113,66711.74160111323,0.0,0.0,9.0,0.0,542,542,104,0.1918819188191882,19223960.142146148,326431.56351741555,0.016980453616409392,0.03264315635174155,0,2265,0.5,0p50,436570,high_default,10000000.0
Fin_fl_rl_prox_2,pure_rl,fl_rl_prox,10074585.406177875,10000000.0,10074585.406178487,74585.40617848746,0.0,0.0,8.0,0.0,546,546,137,0.2509157509157509,19109353.26986053,321424.71551664185,0.01682028224490445,0.032142471551664185,0,2265,0.5,0p50,436570,high_default,10000000.0
Fin_fl_rl_prox_3,pure_rl,fl_rl_prox,10121306.645272516,10000000.0,10121306.645272186,121306.64527218603,0.0,0.0,7.0,0.0,318,318,46,0.14465408805031446,11419205.358909227,119789.30440239109,0.010490161148466593,0.01197893044023911,0,2265,0.5,0p50,436570,high_default,10000000.0
Fin_fl_rl_scaffold_1,pure_rl,fl_rl_scaffold,9943357.031133512,10000000.0,9943357.031130804,-56642.96886919625,56642.96886919625,0.0056642968869196255,6.0,0.0,354,354,95,0.268361581920904,12591023.01893933,358314.1795104047,0.02845790838214107,0.03583141795104047,0,2265,0.5,0p50,436570,high_default,10000000.0
Fin_fl_rl_scaffold_2,pure_rl,fl_rl_scaffold,9970338.8109782,10000000.0,9970338.810983688,-29661.18901631236,29661.18901631236,0.002966118901631236,8.0,0.0,656,656,249,0.3795731707317073,23087819.08884454,634114.5832944248,0.02746533056475712,0.06341145832944248,0,2265,0.5,0p50,436570,high_default,10000000.0
Fin_fl_rl_scaffold_3,pure_rl,fl_rl_scaffold,10290417.595322967,10000000.0,10290417.595324745,290417.5953247454,0.0,0.0,6.0,0.0,810,810,101,0.12469135802469136,27945818.66426599,273456.7402755328,0.009785247072586174,0.027345674027553283,0,2265,0.5,0p50,436570,high_default,10000000.0
Fin_fl_rl_1,pure_rl,fl_rl,9989852.304689404,10000000.0,9989852.304690454,-10147.695309545845,10147.695309545845,0.0010147695309545846,8.0,0.0,392,392,89,0.22704081632653061,13692245.520632671,291088.9624253203,0.02125940277558433,0.029108896242532028,0,2254,0.5,0p50,831197,high_default,10000000.0
Fin_fl_rl_2,pure_rl,fl_rl,9992583.103484042,10000000.0,9992583.103483582,-7416.8965164180845,7416.8965164180845,0.0007416896516418085,7.0,0.0,445,445,133,0.298876404494382,15375934.652484303,357548.91019399784,0.023253800063219462,0.035754891019399784,0,2254,0.5,0p50,831197,high_default,10000000.0
Fin_fl_rl_3,pure_rl,fl_rl,10405087.79957946,10000000.0,10405087.799580382,405087.7995803822,0.0,0.0,7.0,0.0,977,977,83,0.0849539406345957,34006909.521683484,221199.82634404436,0.006504555381693916,0.022119982634404435,0,2254,0.5,0p50,831197,high_default,10000000.0
Fin_fl_rl_prox_1,pure_rl,fl_rl_prox,9999618.381526826,10000000.0,9999618.381523639,-381.6184763610363,381.6184763610363,3.816184763610363e-05,8.0,0.0,437,437,109,0.2494279176201373,15346865.630177056,319571.20201728644,0.020823222781654053,0.031957120201728646,0,2254,0.5,0p50,831197,high_default,10000000.0
Fin_fl_rl_prox_2,pure_rl,fl_rl_prox,9952251.66845449,10000000.0,9952251.668453164,-47748.3315468356,47748.3315468356,0.00477483315468356,8.0,0.0,493,493,186,0.3772819472616633,16986825.156143498,417107.7201995663,0.02455477797443003,0.04171077201995663,0,2254,0.5,0p50,831197,high_default,10000000.0
Fin_fl_rl_prox_3,pure_rl,fl_rl_prox,10420032.253274003,10000000.0,10420032.253270498,420032.25327049755,0.0,0.0,8.0,0.0,978,978,87,0.08895705521472393,34292873.85776053,216359.35459853016,0.006309163690857239,0.021635935459853015,0,2254,0.5,0p50,831197,high_default,10000000.0
Fin_fl_rl_scaffold_1,pure_rl,fl_rl_scaffold,9819402.487958709,10000000.0,9819402.487955963,-180597.51204403676,180597.51204403676,0.018059751204403677,11.0,0.0,356,356,156,0.43820224719101125,12176246.648988008,499255.62292904494,0.041002423597467044,0.04992556229290449,0,2254,0.5,0p50,831197,high_default,10000000.0
Fin_fl_rl_scaffold_2,pure_rl,fl_rl_scaffold,9974612.984204123,10000000.0,9974612.984202437,-25387.015797562897,25387.015797562897,0.00253870157975629,6.0,0.0,428,428,166,0.3878504672897196,14770784.71626633,363222.4096708067,0.024590596684467815,0.03632224096708067,0,2254,0.5,0p50,831197,high_default,10000000.0
Fin_fl_rl_scaffold_3,pure_rl,fl_rl_scaffold,10303277.063546525,10000000.0,10303277.063547736,303277.06354773603,0.0,0.0,7.0,0.0,851,851,101,0.11868390129259694,29924951.342439312,257643.28403278606,0.00860964755078477,0.025764328403278604,0,2254,0.5,0p50,831197,high_default,10000000.0
Fin_fl_rl_1,pure_rl,fl_rl,1907387.7957481686,1000000.0,1907387.795748129,907387.795748129,0.0,0.0,27.0,0.0,731,731,0,0.0,25652975.145502,0.0,0.0,0.0,0,2256,1.0,1p00,709098,none_default,1000000.0
Fin_fl_rl_2,pure_rl,fl_rl,1571029.0634619647,1000000.0,1571029.0634620052,571029.0634620052,0.0,0.0,6.0,0.0,733,733,0,0.0,22897443.633429725,0.0,0.0,0.0,0,2256,1.0,1p00,709098,none_default,1000000.0
Fin_fl_rl_3,pure_rl,fl_rl,2087706.5280560586,1000000.0,2087706.5280558993,1087706.5280558993,0.0,0.0,6.0,0.0,645,645,0,0.0,24250810.597158,0.0,0.0,0.0,0,2256,1.0,1p00,709098,none_default,1000000.0
Fin_fl_rl_prox_1,pure_rl,fl_rl_prox,1569170.7833992613,1000000.0,1569170.7833992706,569170.7833992706,0.0,0.0,6.0,0.0,788,788,0,0.0,23547315.121646516,0.0,0.0,0.0,0,2256,1.0,1p00,709098,none_default,1000000.0
Fin_fl_rl_prox_2,pure_rl,fl_rl_prox,1757889.1879437696,1000000.0,1757889.1879437002,757889.1879437002,0.0,0.0,6.0,0.0,734,734,0,0.0,23916798.429528635,0.0,0.0,0.0,0,2256,1.0,1p00,709098,none_default,1000000.0
Fin_fl_rl_prox_3,pure_rl,fl_rl_prox,2011855.8677198736,1000000.0,2011855.8677198072,1011855.8677198072,0.0,0.0,26.0,0.0,635,635,0,0.0,24010814.807829905,0.0,0.0,0.0,0,2256,1.0,1p00,709098,none_default,1000000.0
Fin_fl_rl_scaffold_1,pure_rl,fl_rl_scaffold,2099725.696852985,1000000.0,2099725.6968529993,1099725.6968529993,0.0,0.0,6.0,0.0,628,628,0,0.0,23963391.248498134,0.0,0.0,0.0,0,2256,1.0,1p00,709098,none_default,1000000.0
Fin_fl_rl_scaffold_2,pure_rl,fl_rl_scaffold,1796839.7355698664,1000000.0,1796839.7355698345,796839.7355698345,0.0,0.0,6.0,0.0,567,567,0,0.0,20834063.05199815,0.0,0.0,0.0,0,2256,1.0,1p00,709098,none_default,1000000.0
Fin_fl_rl_scaffold_3,pure_rl,fl_rl_scaffold,1885940.1135319478,1000000.0,1885940.1135318456,885940.1135318456,0.0,0.0,6.0,0.0,675,675,0,0.0,23228863.673078332,0.0,0.0,0.0,0,2256,1.0,1p00,709098,none_default,1000000.0
Fin_fl_rl_1,pure_rl,fl_rl,1628269.7631326772,1000000.0,1628269.7631326367,628269.7631326367,0.0,0.0,6.0,0.0,703,703,0,0.0,23085213.477214836,0.0,0.0,0.0,0,2252,1.0,1p00,436570,none_default,1000000.0
Fin_fl_rl_2,pure_rl,fl_rl,1916438.0519274974,1000000.0,1916438.051927418,916438.051927418,0.0,0.0,6.0,0.0,724,724,0,0.0,25503969.786796726,0.0,0.0,0.0,0,2252,1.0,1p00,436570,none_default,1000000.0
Fin_fl_rl_3,pure_rl,fl_rl,1916186.9498412453,1000000.0,1916186.9498411454,916186.9498411454,0.0,0.0,6.0,0.0,657,657,0,0.0,24155087.3871543,0.0,0.0,0.0,0,2252,1.0,1p00,436570,none_default,1000000.0
Fin_fl_rl_prox_1,pure_rl,fl_rl_prox,1754584.33949953,1000000.0,1754584.339499522,754584.339499522,0.0,0.0,6.0,0.0,692,692,0,0.0,23504169.584023416,0.0,0.0,0.0,0,2252,1.0,1p00,436570,none_default,1000000.0
Fin_fl_rl_prox_2,pure_rl,fl_rl_prox,1772014.558706249,1000000.0,1772014.5587062244,772014.5587062244,0.0,0.0,6.0,0.0,702,702,0,0.0,23988431.534554053,0.0,0.0,0.0,0,2252,1.0,1p00,436570,none_default,1000000.0
Fin_fl_rl_prox_3,pure_rl,fl_rl_prox,1950473.0347275755,1000000.0,1950473.0347276344,950473.0347276344,0.0,0.0,6.0,0.0,631,631,0,0.0,23348782.26684914,0.0,0.0,0.0,0,2252,1.0,1p00,436570,none_default,1000000.0
Fin_fl_rl_scaffold_1,pure_rl,fl_rl_scaffold,1814868.2347216548,1000000.0,1814868.234721589,814868.2347215889,0.0,0.0,6.0,0.0,616,616,0,0.0,22427446.780026652,0.0,0.0,0.0,0,2252,1.0,1p00,436570,none_default,1000000.0
Fin_fl_rl_scaffold_2,pure_rl,fl_rl_scaffold,1571636.0711175615,1000000.0,1571636.071117589,571636.071117589,0.0,0.0,6.0,0.0,759,759,0,0.0,23180867.518751334,0.0,0.0,0.0,0,2252,1.0,1p00,436570,none_default,1000000.0
Fin_fl_rl_scaffold_3,pure_rl,fl_rl_scaffold,1599455.4231989593,1000000.0,1599455.4231989402,599455.4231989402,0.0,0.0,6.0,0.0,634,634,0,0.0,21389635.659309894,0.0,0.0,0.0,0,2252,1.0,1p00,436570,none_default,1000000.0
Fin_fl_rl_1,pure_rl,fl_rl,1922974.5063491196,1000000.0,1922974.5063490772,922974.5063490772,0.0,0.0,6.0,0.0,618,618,0,0.0,22933317.346631046,0.0,0.0,0.0,0,2246,1.0,1p00,831197,none_default,1000000.0
Fin_fl_rl_2,pure_rl,fl_rl,1650905.5207625567,1000000.0,1650905.5207625087,650905.5207625087,0.0,0.0,6.0,0.0,759,759,0,0.0,23508897.79150895,0.0,0.0,0.0,0,2246,1.0,1p00,831197,none_default,1000000.0
Fin_fl_rl_3,pure_rl,fl_rl,2002125.6937431549,1000000.0,2002125.6937431516,1002125.6937431516,0.0,0.0,6.0,0.0,638,638,0,0.0,24005725.47671691,0.0,0.0,0.0,0,2246,1.0,1p00,831197,none_default,1000000.0
Fin_fl_rl_prox_1,pure_rl,fl_rl_prox,2093366.991051366,1000000.0,2093366.9910513991,1093366.9910513991,0.0,0.0,6.0,0.0,639,639,0,0.0,24598949.638257023,0.0,0.0,0.0,0,2246,1.0,1p00,831197,none_default,1000000.0
Fin_fl_rl_prox_2,pure_rl,fl_rl_prox,1628639.6694955262,1000000.0,1628639.6694955034,628639.6694955034,0.0,0.0,6.0,0.0,775,775,0,0.0,23860203.576527003,0.0,0.0,0.0,0,2246,1.0,1p00,831197,none_default,1000000.0
Fin_fl_rl_prox_3,pure_rl,fl_rl_prox,1811110.6989174874,1000000.0,1811110.698917578,811110.698917578,0.0,0.0,6.0,0.0,623,623,0,0.0,22573137.172817454,0.0,0.0,0.0,0,2246,1.0,1p00,831197,none_default,1000000.0
Fin_fl_rl_scaffold_1,pure_rl,fl_rl_scaffold,1617913.6351741569,1000000.0,1617913.635174131,617913.635174131,0.0,0.0,6.0,0.0,798,798,0,0.0,24042379.371704523,0.0,0.0,0.0,0,2246,1.0,1p00,831197,none_default,1000000.0
Fin_fl_rl_scaffold_2,pure_rl,fl_rl_scaffold,1725252.2222285755,1000000.0,1725252.222228564,725252.2222285641,0.0,0.0,6.0,0.0,693,693,0,0.0,23373536.816834543,0.0,0.0,0.0,0,2246,1.0,1p00,831197,none_default,1000000.0
Fin_fl_rl_scaffold_3,pure_rl,fl_rl_scaffold,1926352.5299556744,1000000.0,1926352.5299556963,926352.5299556963,0.0,0.0,6.0,0.0,651,651,0,0.0,23895154.005093236,0.0,0.0,0.0,0,2246,1.0,1p00,831197,none_default,1000000.0
Fin_fl_rl_1,pure_rl,fl_rl,1117040.5543702494,1000000.0,1117040.554370275,117040.554370275,0.0,0.0,14.0,0.0,144,144,26,0.18055555555555555,5167417.048986958,44717.137934618266,0.00865367310412555,0.04471713793461827,0,2275,1.0,1p00,709098,low_default,1000000.0
Fin_fl_rl_2,pure_rl,fl_rl,1109135.632086032,1000000.0,1109135.6320860626,109135.63208606257,0.0,0.0,18.0,0.0,174,174,67,0.3850574712643678,6334153.278769568,105079.32334377842,0.016589324368890306,0.10507932334377842,0,2275,1.0,1p00,709098,low_default,1000000.0
Fin_fl_rl_3,pure_rl,fl_rl,2616962.163067634,1000000.0,2616962.163067696,1616962.1630676962,0.0,0.0,6.0,0.0,966,966,1,0.0010351966873706005,30511345.052184146,778.7228620519709,2.5522403575460408e-05,0.0007787228620519709,0,2275,1.0,1p00,709098,low_default,1000000.0
Fin_fl_rl_prox_1,pure_rl,fl_rl_prox,1144059.160345587,1000000.0,1144059.1603456729,144059.16034567286,0.0,0.0,8.0,0.0,117,117,21,0.1794871794871795,4403711.1573174335,47145.03044603839,0.010705749937231869,0.04714503044603839,0,2275,1.0,1p00,709098,low_default,1000000.0
Fin_fl_rl_prox_2,pure_rl,fl_rl_prox,1064111.1537071343,1000000.0,1064111.1537070682,64111.15370706818,0.0,0.0,11.0,0.0,178,178,100,0.5617977528089888,6177156.536425263,172704.66770638162,0.027958603070519932,0.17270466770638163,0,2275,1.0,1p00,709098,low_default,1000000.0
Fin_fl_rl_prox_3,pure_rl,fl_rl_prox,2445190.1726785507,1000000.0,2445190.172678452,1445190.172678452,0.0,0.0,6.0,0.0,929,929,4,0.004305705059203444,30027005.10054052,6270.392343377374,0.000208825100018533,0.006270392343377375,0,2275,1.0,1p00,709098,low_default,1000000.0
Fin_fl_rl_scaffold_1,pure_rl,fl_rl_scaffold,997749.721314655,1000000.0,997749.7213146123,-2250.2786853876896,2250.2786853876896,0.00225027868538769,7.0,0.0,231,231,122,0.5281385281385281,8121555.620055045,277665.48329254583,0.03418870673087429,0.2776654832925458,0,2275,1.0,1p00,709098,low_default,1000000.0
Fin_fl_rl_scaffold_2,pure_rl,fl_rl_scaffold,1022391.5437896086,1000000.0,1022391.5437896292,22391.543789629242,0.0,0.0,8.0,0.0,356,356,237,0.6657303370786517,12560644.11417803,486875.39759615797,0.03876197694723231,0.48687539759615794,0,2275,1.0,1p00,709098,low_default,1000000.0
Fin_fl_rl_scaffold_3,pure_rl,fl_rl_scaffold,2459610.949156997,1000000.0,2459610.949157038,1459610.9491570378,0.0,0.0,6.0,0.0,988,988,2,0.0020242914979757085,29802798.420155875,2376.511646357263,7.974122472841372e-05,0.0023765116463572633,0,2275,1.0,1p00,709098,low_default,1000000.0
Fin_fl_rl_1,pure_rl,fl_rl,1099403.0160511916,1000000.0,1099403.0160509541,99403.01605095412,0.0,0.0,12.0,0.0,151,151,32,0.2119205298013245,5317926.112172441,57413.70500168098,0.01079625850202472,0.057413705001680984,0,2272,1.0,1p00,436570,low_default,1000000.0
Fin_fl_rl_2,pure_rl,fl_rl,1119617.239377867,1000000.0,1119617.2393778726,119617.23937787255,0.0,0.0,19.0,0.0,209,209,90,0.430622009569378,7344266.67093135,146095.62097127008,0.019892472253154613,0.14609562097127007,0,2272,1.0,1p00,436570,low_default,1000000.0
Fin_fl_rl_3,pure_rl,fl_rl,2604854.9642633046,1000000.0,2604854.9642634285,1604854.9642634285,0.0,0.0,6.0,0.0,941,941,5,0.005313496280552604,30003497.220074903,7108.109527771605,0.00023690936678593828,0.007108109527771605,0,2272,1.0,1p00,436570,low_default,1000000.0
Fin_fl_rl_prox_1,pure_rl,fl_rl_prox,1101305.055328589,1000000.0,1101305.055328632,101305.055328632,0.0,0.0,17.0,0.0,146,146,35,0.23972602739726026,5133881.985989001,78110.79370840202,0.015214762225071798,0.07811079370840203,0,2272,1.0,1p00,436570,low_default,1000000.0
Fin_fl_rl_prox_2,pure_rl,fl_rl_prox,1084434.1383640163,1000000.0,1084434.1383639537,84434.13836395368,0.0,0.0,15.0,0.0,255,255,132,0.5176470588235295,8925382.088980896,235973.32354888707,0.026438456213568173,0.23597332354888706,0,2272,1.0,1p00,436570,low_default,1000000.0
Fin_fl_rl_prox_3,pure_rl,fl_rl_prox,2719556.8752480117,1000000.0,2719556.8752481327,1719556.8752481327,0.0,0.0,6.0,0.0,986,986,3,0.0030425963488843813,31015928.922837175,3999.1813152050163,0.0001289395950433843,0.003999181315205017,0,2272,1.0,1p00,436570,low_default,1000000.0
Fin_fl_rl_scaffold_1,pure_rl,fl_rl_scaffold,1063900.7967813264,1000000.0,1063900.796781333,63900.79678133293,0.0,0.0,7.0,0.0,177,177,95,0.536723163841808,6219652.45883647,202157.36322341464,0.032502999896112016,0.20215736322341463,0,2272,1.0,1p00,436570,low_default,1000000.0
Fin_fl_rl_scaffold_2,pure_rl,fl_rl_scaffold,1070860.1579019057,1000000.0,1070860.1579018985,70860.15790189849,0.0,0.0,8.0,0.0,238,238,160,0.6722689075630253,8372962.323013454,269671.95605424215,0.03220747277376813,0.26967195605424216,0,2272,1.0,1p00,436570,low_default,1000000.0
Fin_fl_rl_scaffold_3,pure_rl,fl_rl_scaffold,2432270.7892388143,1000000.0,2432270.7892388594,1432270.7892388594,0.0,0.0,6.0,0.0,925,925,19,0.02054054054054054,29785344.29811042,41954.78472344419,0.0014085714203446625,0.04195478472344419,0,2272,1.0,1p00,436570,low_default,1000000.0
Fin_fl_rl_1,pure_rl,fl_rl,1112470.1454974608,1000000.0,1112470.1454974175,112470.14549741754,0.0,0.0,10.0,0.0,141,141,19,0.1347517730496454,4984046.069117433,31781.46841932609,0.006376640179201614,0.03178146841932609,0,2257,1.0,1p00,831197,low_default,1000000.0
Fin_fl_rl_2,pure_rl,fl_rl,1084902.8989181072,1000000.0,1084902.8989181763,84902.8989181763,0.0,0.0,7.0,0.0,235,235,108,0.4595744680851064,8232148.110948541,179253.73589503346,0.021774843391924727,0.17925373589503346,0,2257,1.0,1p00,831197,low_default,1000000.0
Fin_fl_rl_3,pure_rl,fl_rl,3015633.1015514927,1000000.0,3015633.10155164,2015633.1015516398,0.0,0.0,6.0,0.0,1012,1012,0,0.0,32881755.1111888,0.0,0.0,0.0,0,2257,1.0,1p00,831197,low_default,1000000.0
Fin_fl_rl_prox_1,pure_rl,fl_rl_prox,1085197.8976980946,1000000.0,1085197.8976981821,85197.89769818215,0.0,0.0,28.0,0.0,124,124,41,0.33064516129032256,4498419.223986415,81107.78711194136,0.01803028643472343,0.08110778711194136,0,2257,1.0,1p00,831197,low_default,1000000.0
Fin_fl_rl_prox_2,pure_rl,fl_rl_prox,1113626.8681145608,1000000.0,1113626.8681146775,113626.86811467749,0.0,0.0,15.0,0.0,155,155,47,0.3032258064516129,5369542.720999968,78319.40267208064,0.01458586079700568,0.07831940267208064,0,2257,1.0,1p00,831197,low_default,1000000.0
Fin_fl_rl_prox_3,pure_rl,fl_rl_prox,2827640.4230316514,1000000.0,2827640.4230317455,1827640.4230317455,0.0,0.0,6.0,0.0,924,924,2,0.0021645021645021645,31406839.529133845,3248.848590648431,0.00010344398351940857,0.003248848590648431,0,2257,1.0,1p00,831197,low_default,1000000.0
Fin_fl_rl_scaffold_1,pure_rl,fl_rl_scaffold,1037106.4544559699,1000000.0,1037106.4544559381,37106.454455938074,0.0,0.0,7.0,0.0,249,249,126,0.5060240963855421,8670726.592319757,237833.69689793664,0.027429500211504983,0.23783369689793663,0,2257,1.0,1p00,831197,low_default,1000000.0
Fin_fl_rl_scaffold_2,pure_rl,fl_rl_scaffold,1034373.3320309189,1000000.0,1034373.3320308906,34373.332030890626,0.0,0.0,7.0,0.0,393,393,292,0.7430025445292621,13550995.6014766,528685.9743548267,0.03901454844374814,0.5286859743548268,0,2257,1.0,1p00,831197,low_default,1000000.0
Fin_fl_rl_scaffold_3,pure_rl,fl_rl_scaffold,2880834.121482007,1000000.0,2880834.121482042,1880834.1214820421,0.0,0.0,6.0,0.0,1019,1019,1,0.0009813542688910696,31734060.02302964,1522.0080808740022,4.7961341214123556e-05,0.0015220080808740022,0,2257,1.0,1p00,831197,low_default,1000000.0
Fin_fl_rl_1,pure_rl,fl_rl,1014551.7563168973,1000000.0,1014551.7563169389,14551.756316938903,0.0,0.0,7.0,0.0,186,186,87,0.46774193548387094,6461434.2626680415,264831.37856302183,0.04098646953558392,0.26483137856302186,0,2262,1.0,1p00,709098,medium_default,1000000.0
Fin_fl_rl_2,pure_rl,fl_rl,1065651.9680068104,1000000.0,1065651.9680068844,65651.96800688445,0.0,0.0,6.0,0.0,280,280,178,0.6357142857142857,9696837.357026966,369863.1816603376,0.03814266116284919,0.3698631816603376,0,2262,1.0,1p00,709098,medium_default,1000000.0
Fin_fl_rl_3,pure_rl,fl_rl,2576957.961215911,1000000.0,2576957.961215849,1576957.961215849,0.0,0.0,6.0,0.0,926,926,9,0.009719222462203024,29855464.20285191,25439.657190576156,0.0008520938417747348,0.025439657190576156,0,2262,1.0,1p00,709098,medium_default,1000000.0
Fin_fl_rl_prox_1,pure_rl,fl_rl_prox,1018850.929703142,1000000.0,1018850.9297032456,18850.929703245638,0.0,0.0,7.0,0.0,199,199,80,0.4020100502512563,7034792.719589466,219582.7035666234,0.031213812875418696,0.21958270356662338,0,2262,1.0,1p00,709098,medium_default,1000000.0
Fin_fl_rl_prox_2,pure_rl,fl_rl_prox,1054156.260001057,1000000.0,1054156.2600010978,54156.260001097806,0.0,0.0,11.0,0.0,262,262,156,0.5954198473282443,9364600.632628126,337602.06178132765,0.036050876596387366,0.3376020617813276,0,2262,1.0,1p00,709098,medium_default,1000000.0
Fin_fl_rl_prox_3,pure_rl,fl_rl_prox,2303244.477320232,1000000.0,2303244.4773202688,1303244.4773202688,0.0,0.0,6.0,0.0,943,943,7,0.007423117709437964,28238236.937708512,16338.463896240482,0.0005785936258089321,0.016338463896240482,0,2262,1.0,1p00,709098,medium_default,1000000.0
Fin_fl_rl_scaffold_1,pure_rl,fl_rl_scaffold,1009172.8905118101,1000000.0,1009172.8905117866,9172.890511786565,0.0,0.0,7.0,0.0,134,134,66,0.4925373134328358,4818855.153026762,192100.69698241394,0.03986438497985438,0.19210069698241394,0,2262,1.0,1p00,709098,medium_default,1000000.0
Fin_fl_rl_scaffold_2,pure_rl,fl_rl_scaffold,1060572.2156739824,1000000.0,1060572.215673913,60572.215673913015,0.0,0.0,19.0,0.0,144,144,78,0.5416666666666666,5141093.3468999965,139043.690000776,0.027045548605846126,0.139043690000776,0,2262,1.0,1p00,709098,medium_default,1000000.0
Fin_fl_rl_scaffold_3,pure_rl,fl_rl_scaffold,2746116.0355988224,1000000.0,2746116.0355988517,1746116.0355988517,0.0,0.0,6.0,0.0,809,809,8,0.009888751545117428,29107081.458693456,20588.95673721679,0.0007073521529953136,0.02058895673721679,0,2262,1.0,1p00,709098,medium_default,1000000.0
Fin_fl_rl_1,pure_rl,fl_rl,1028540.1415613113,1000000.0,1028540.1415614232,28540.141561423196,0.0,0.0,8.0,0.0,127,127,61,0.48031496062992124,4589014.026126621,159697.1008716244,0.03479987203404072,0.1596971008716244,0,2261,1.0,1p00,436570,medium_default,1000000.0
Fin_fl_rl_2,pure_rl,fl_rl,976689.160726068,1000000.0,976689.160726042,-23310.839273958,23310.839273958,0.023310839273958002,7.0,0.0,279,279,210,0.7526881720430108,9762087.35698399,419010.1344733278,0.04292218653150647,0.4190101344733278,0,2261,1.0,1p00,436570,medium_default,1000000.0
Fin_fl_rl_3,pure_rl,fl_rl,2275359.7046287265,1000000.0,2275359.7046286766,1275359.7046286766,0.0,0.0,6.0,0.0,914,914,16,0.0175054704595186,28457244.45316135,29505.824684295287,0.00103684756733421,0.029505824684295287,0,2261,1.0,1p00,436570,medium_default,1000000.0
Fin_fl_rl_prox_1,pure_rl,fl_rl_prox,1047866.6507017027,1000000.0,1047866.6507016021,47866.650701602106,0.0,0.0,8.0,0.0,163,163,51,0.3128834355828221,5880083.873904058,158676.62347968682,0.026985435392154384,0.15867662347968683,0,2261,1.0,1p00,436570,medium_default,1000000.0
Fin_fl_rl_prox_2,pure_rl,fl_rl_prox,1048128.2716462885,1000000.0,1048128.2716462234,48128.27164622338,0.0,0.0,10.0,0.0,224,224,116,0.5178571428571429,7884236.708546029,245543.55520992877,0.03114360518168799,0.24554355520992877,0,2261,1.0,1p00,436570,medium_default,1000000.0
Fin_fl_rl_prox_3,pure_rl,fl_rl_prox,2307619.760017286,1000000.0,2307619.760017242,1307619.7600172418,0.0,0.0,6.0,0.0,928,928,16,0.017241379310344827,28288725.31246789,34801.91983336054,0.001230239943615347,0.03480191983336054,0,2261,1.0,1p00,436570,medium_default,1000000.0
Fin_fl_rl_scaffold_1,pure_rl,fl_rl_scaffold,1018778.5348405004,1000000.0,1018778.5348405336,18778.534840533626,0.0,0.0,20.0,0.0,200,200,81,0.405,6977329.882791533,203705.97031364252,0.029195404794612145,0.20370597031364251,0,2261,1.0,1p00,436570,medium_default,1000000.0
Fin_fl_rl_scaffold_2,pure_rl,fl_rl_scaffold,931709.7480817757,1000000.0,931709.7480819006,-68290.25191809935,68290.25191809935,0.06829025191809936,7.0,0.0,310,310,215,0.6935483870967742,10488119.085290171,385567.62534262164,0.03676232336867619,0.3855676253426216,0,2261,1.0,1p00,436570,medium_default,1000000.0
Fin_fl_rl_scaffold_3,pure_rl,fl_rl_scaffold,3080102.6304609296,1000000.0,3080102.6304608593,2080102.6304608593,0.0,0.0,6.0,0.0,946,946,4,0.004228329809725159,33581982.65276633,7312.3309316331615,0.00021774565865398079,0.007312330931633162,0,2261,1.0,1p00,436570,medium_default,1000000.0
Fin_fl_rl_1,pure_rl,fl_rl,1034452.0105946253,1000000.0,1034452.0105945328,34452.010594532825,0.0,0.0,7.0,0.0,136,136,58,0.4264705882352941,4992923.64053981,182600.60848448423,0.03657188085190551,0.18260060848448423,0,2260,1.0,1p00,831197,medium_default,1000000.0
Fin_fl_rl_2,pure_rl,fl_rl,1081925.64993499,1000000.0,1081925.649935055,81925.64993505506,0.0,0.0,6.0,0.0,185,185,86,0.4648648648648649,6542172.362912325,162533.16181538315,0.024843913122311805,0.16253316181538316,0,2260,1.0,1p00,831197,medium_default,1000000.0
Fin_fl_rl_3,pure_rl,fl_rl,2603129.1649853988,1000000.0,2603129.1649854816,1603129.1649854816,0.0,0.0,29.0,0.0,837,837,5,0.005973715651135006,28021000.981690932,11047.76890036635,0.000394267460594467,0.01104776890036635,0,2260,1.0,1p00,831197,medium_default,1000000.0
Fin_fl_rl_prox_1,pure_rl,fl_rl_prox,1022927.1472416037,1000000.0,1022927.1472415637,22927.147241563653,0.0,0.0,15.0,0.0,157,157,60,0.3821656050955414,5518385.660431505,174432.36268436827,0.0316093099355308,0.17443236268436826,0,2260,1.0,1p00,831197,medium_default,1000000.0
Fin_fl_rl_prox_2,pure_rl,fl_rl_prox,1073175.91804164,1000000.0,1073175.918041661,73175.91804166092,0.0,0.0,12.0,0.0,208,208,112,0.5384615384615384,7159020.432672459,213669.67927175143,0.029846217269698258,0.21366967927175143,0,2260,1.0,1p00,831197,medium_default,1000000.0
Fin_fl_rl_prox_3,pure_rl,fl_rl_prox,2436042.902516617,1000000.0,2436042.9025165727,1436042.9025165727,0.0,0.0,10.0,0.0,924,924,4,0.004329004329004329,29810323.78303056,6698.516057979319,0.00022470457237342824,0.006698516057979319,0,2260,1.0,1p00,831197,medium_default,1000000.0
Fin_fl_rl_scaffold_1,pure_rl,fl_rl_scaffold,1017273.6070462982,1000000.0,1017273.6070462727,17273.607046272722,0.0,0.0,12.0,0.0,179,179,63,0.35195530726256985,6241721.625193698,204430.37107525265,0.03275224102435177,0.20443037107525266,0,2260,1.0,1p00,831197,medium_default,1000000.0
Fin_fl_rl_scaffold_2,pure_rl,fl_rl_scaffold,982388.7438872817,1000000.0,982388.7438873327,-17611.256112667266,17611.256112667266,0.017611256112667267,12.0,0.0,262,262,158,0.6030534351145038,8998407.190070031,354918.86215393635,0.03944240960173465,0.35491886215393637,0,2260,1.0,1p00,831197,medium_default,1000000.0
Fin_fl_rl_scaffold_3,pure_rl,fl_rl_scaffold,2748878.853004654,1000000.0,2748878.8530045366,1748878.8530045366,0.0,0.0,6.0,0.0,932,932,4,0.004291845493562232,30600710.994321626,8453.87278962863,0.00027626393357975767,0.00845387278962863,0,2260,1.0,1p00,831197,medium_default,1000000.0
Fin_fl_rl_1,pure_rl,fl_rl,851305.8766334734,1000000.0,851305.8766334538,-148694.12336654624,148694.12336654624,0.14869412336654622,7.0,0.0,226,226,118,0.5221238938053098,7901451.539909868,467947.3961296441,0.0592229660292243,0.46794739612964414,0,2249,1.0,1p00,709098,high_default,1000000.0
Fin_fl_rl_2,pure_rl,fl_rl,1031953.5831271346,1000000.0,1031953.5831271508,31953.583127150778,0.0,0.0,7.0,0.0,223,223,123,0.5515695067264574,7786247.726391196,264187.7701279109,0.03393004941680141,0.2641877701279109,0,2249,1.0,1p00,709098,high_default,1000000.0
Fin_fl_rl_3,pure_rl,fl_rl,2586123.0862682248,1000000.0,2586123.08626822,1586123.08626822,0.0,0.0,6.0,0.0,804,804,10,0.012437810945273632,27789176.38195911,24277.001684150287,0.0008736135735174596,0.024277001684150288,0,2249,1.0,1p00,709098,high_default,1000000.0
Fin_fl_rl_prox_1,pure_rl,fl_rl_prox,968084.3303408012,1000000.0,968084.3303408613,-31915.669659138657,31915.669659138657,0.031915669659138654,8.0,0.0,156,156,62,0.3974358974358974,5577692.843338764,245330.91612989496,0.043984300143541384,0.24533091612989497,0,2249,1.0,1p00,709098,high_default,1000000.0
Fin_fl_rl_prox_2,pure_rl,fl_rl_prox,985461.7364970044,1000000.0,985461.7364969356,-14538.263503064401,14538.263503064401,0.014538263503064402,7.0,0.0,250,250,153,0.612,8650583.235883826,356988.69693651446,0.04126758707501658,0.35698869693651447,0,2249,1.0,1p00,709098,high_default,1000000.0
Fin_fl_rl_prox_3,pure_rl,fl_rl_prox,2451705.4558131597,1000000.0,2451705.4558131993,1451705.4558131993,0.0,0.0,6.0,0.0,917,917,4,0.004362050163576881,29069428.233108763,9410.691924124076,0.000323731579742794,0.009410691924124076,0,2249,1.0,1p00,709098,high_default,1000000.0
Fin_fl_rl_scaffold_1,pure_rl,fl_rl_scaffold,885741.7489639858,1000000.0,885741.7489640656,-114258.25103593443,114258.25103593443,0.11425825103593443,8.0,0.0,176,176,98,0.5568181818181818,6358396.607551702,422550.96826523344,0.06645558532215191,0.4225509682652334,0,2249,1.0,1p00,709098,high_default,1000000.0
Fin_fl_rl_scaffold_2,pure_rl,fl_rl_scaffold,975047.6350498376,1000000.0,975047.6350497308,-24952.364950269228,24952.364950269228,0.02495236495026923,7.0,0.0,223,223,140,0.6278026905829597,7900899.968554325,367369.99858848547,0.0464972344986802,0.36736999858848546,0,2249,1.0,1p00,709098,high_default,1000000.0
Fin_fl_rl_scaffold_3,pure_rl,fl_rl_scaffold,2353174.429875833,1000000.0,2353174.429875747,1353174.4298757468,0.0,0.0,6.0,0.0,846,846,7,0.008274231678486997,27443797.062405467,21365.542370312338,0.0007785199082229197,0.021365542370312338,0,2249,1.0,1p00,709098,high_default,1000000.0
Fin_fl_rl_1,pure_rl,fl_rl,883361.1139453363,1000000.0,883361.1139453674,-116638.8860546326,116638.8860546326,0.1166388860546326,7.0,0.0,207,207,93,0.4492753623188406,7433505.852995528,341929.1174746739,0.04599836527160122,0.3419291174746739,0,2265,1.0,1p00,436570,high_default,1000000.0
Fin_fl_rl_2,pure_rl,fl_rl,1012693.9616125497,1000000.0,1012693.9616124486,12693.961612448562,0.0,0.0,13.0,0.0,218,218,131,0.6009174311926605,7517112.797154243,328835.2505279137,0.04374488708648898,0.3288352505279137,0,2265,1.0,1p00,436570,high_default,1000000.0
Fin_fl_rl_3,pure_rl,fl_rl,2313551.730097885,1000000.0,2313551.730097816,1313551.7300978159,0.0,0.0,6.0,0.0,811,811,6,0.007398273736128237,26821728.97710424,16185.471380065417,0.0006034462354713142,0.016185471380065417,0,2265,1.0,1p00,436570,high_default,1000000.0
Fin_fl_rl_prox_1,pure_rl,fl_rl_prox,952013.158606508,1000000.0,952013.158606586,-47986.84139341395,47986.84139341395,0.047986841393413956,8.0,0.0,184,184,87,0.47282608695652173,6647330.203580158,339673.00669232995,0.05109916256445134,0.33967300669232997,0,2265,1.0,1p00,436570,high_default,1000000.0
Fin_fl_rl_prox_2,pure_rl,fl_rl_prox,1033411.3712266682,1000000.0,1033411.3712266323,33411.37122663227,0.0,0.0,7.0,0.0,216,216,134,0.6203703703703703,7702258.932199551,314511.41749384423,0.0408336593540135,0.3145114174938442,0,2265,1.0,1p00,436570,high_default,1000000.0
Fin_fl_rl_prox_3,pure_rl,fl_rl_prox,2728341.3347422536,1000000.0,2728341.334742245,1728341.3347422448,0.0,0.0,6.0,0.0,877,877,8,0.009122006841505131,30053032.51073146,27589.991007571654,0.0009180434952020136,0.027589991007571653,0,2265,1.0,1p00,436570,high_default,1000000.0
Fin_fl_rl_scaffold_1,pure_rl,fl_rl_scaffold,909235.5401013511,1000000.0,909235.5401013793,-90764.45989862073,90764.45989862073,0.09076445989862073,11.0,0.0,173,173,89,0.5144508670520231,6194132.818390282,346296.64244256716,0.055907203251182785,0.34629664244256714,0,2265,1.0,1p00,436570,high_default,1000000.0
Fin_fl_rl_scaffold_2,pure_rl,fl_rl_scaffold,1012720.0321318503,1000000.0,1012720.0321318633,12720.032131863292,0.0,0.0,7.0,0.0,223,223,134,0.600896860986547,7619536.659609831,297668.32391466113,0.03906645997158358,0.29766832391466114,0,2265,1.0,1p00,436570,high_default,1000000.0
Fin_fl_rl_scaffold_3,pure_rl,fl_rl_scaffold,2350329.4899112834,1000000.0,2350329.489911306,1350329.4899113062,0.0,0.0,6.0,0.0,866,866,8,0.009237875288683603,28601803.066346258,23358.26792967716,0.0008166711684397688,0.02335826792967716,0,2265,1.0,1p00,436570,high_default,1000000.0
Fin_fl_rl_1,pure_rl,fl_rl,925021.5185915035,1000000.0,925021.5185914444,-74978.48140855564,74978.48140855564,0.07497848140855565,7.0,0.0,178,178,88,0.4943820224719101,6330450.145818105,331613.9308676879,0.0523839416201314,0.3316139308676879,0,2266,1.0,1p00,831197,high_default,1000000.0
Fin_fl_rl_2,pure_rl,fl_rl,1006000.3295814076,1000000.0,1006000.3295811969,6000.329581196886,0.0,0.0,7.0,0.0,205,205,128,0.624390243902439,7252355.775987962,295723.96910216525,0.040776263360008676,0.29572396910216525,0,2266,1.0,1p00,831197,high_default,1000000.0
Fin_fl_rl_3,pure_rl,fl_rl,2413960.9226282495,1000000.0,2413960.922628183,1413960.922628183,0.0,0.0,35.0,0.0,823,823,9,0.010935601458080195,27133798.851093967,28719.408391444063,0.001058436695467954,0.028719408391444063,0,2266,1.0,1p00,831197,high_default,1000000.0
Fin_fl_rl_prox_1,pure_rl,fl_rl_prox,977115.5518884166,1000000.0,977115.5518883318,-22884.44811166823,22884.44811166823,0.02288444811166823,21.0,0.0,164,164,59,0.3597560975609756,5774692.586541334,226334.48061283358,0.039194204231812316,0.22633448061283357,0,2266,1.0,1p00,831197,high_default,1000000.0
Fin_fl_rl_prox_2,pure_rl,fl_rl_prox,942029.0714525545,1000000.0,942029.071452492,-57970.92854750797,57970.92854750797,0.05797092854750797,33.0,0.0,219,219,148,0.6757990867579908,7580862.936648316,352040.5434449223,0.046438056773595755,0.3520405434449223,0,2266,1.0,1p00,831197,high_default,1000000.0
Fin_fl_rl_prox_3,pure_rl,fl_rl_prox,2863471.0323653617,1000000.0,2863471.032365454,1863471.032365454,0.0,0.0,6.0,0.0,937,937,3,0.0032017075773745998,31419846.32278546,9463.156023259533,0.00030118403273019564,0.009463156023259534,0,2266,1.0,1p00,831197,high_default,1000000.0
Fin_fl_rl_scaffold_1,pure_rl,fl_rl_scaffold,897969.8202456677,1000000.0,897969.8202457246,-102030.17975427536,102030.17975427536,0.10203017975427536,7.0,0.0,147,147,85,0.5782312925170068,5270577.941614414,320676.4825725967,0.06084275503084038,0.3206764825725967,0,2266,1.0,1p00,831197,high_default,1000000.0
Fin_fl_rl_scaffold_2,pure_rl,fl_rl_scaffold,927860.51626603,1000000.0,927860.5162659858,-72139.48373401421,72139.48373401421,0.07213948373401421,8.0,0.0,249,249,195,0.7831325301204819,8714655.671034327,457948.29258673807,0.05254921248453469,0.4579482925867381,0,2266,1.0,1p00,831197,high_default,1000000.0
Fin_fl_rl_scaffold_3,pure_rl,fl_rl_scaffold,2496213.737306207,1000000.0,2496213.7373063155,1496213.7373063155,0.0,0.0,6.0,0.0,887,887,9,0.010146561443066516,28897516.800096426,21216.500048881,0.000734198034926316,0.021216500048881,0,2266,1.0,1p00,831197,high_default,1000000.0
Fin_fl_rl_1,pure_rl,fl_rl,5105175.776656492,5000000.0,5105175.776656941,105175.77665694058,0.0,0.0,11.0,0.0,172,172,0,0.0,6026539.896266473,0.0,0.0,0.0,0,2249,1.0,1p00,709098,none_default,5000000.0
Fin_fl_rl_2,pure_rl,fl_rl,5490602.022121146,5000000.0,5490602.022121756,490602.02212175634,0.0,0.0,8.0,0.0,847,847,0,0.0,29143113.773627713,0.0,0.0,0.0,0,2249,1.0,1p00,709098,none_default,5000000.0
Fin_fl_rl_3,pure_rl,fl_rl,5499072.520060779,5000000.0,5499072.5200601565,499072.5200601565,0.0,0.0,6.0,0.0,839,839,0,0.0,29426654.294122107,0.0,0.0,0.0,0,2249,1.0,1p00,709098,none_default,5000000.0
Fin_fl_rl_prox_1,pure_rl,fl_rl_prox,5488217.54906265,5000000.0,5488217.549061343,488217.5490613431,0.0,0.0,6.0,0.0,813,813,0,0.0,28771466.967942443,0.0,0.0,0.0,0,2249,1.0,1p00,709098,none_default,5000000.0
Fin_fl_rl_prox_2,pure_rl,fl_rl_prox,5484902.163370207,5000000.0,5484902.163370712,484902.1633707117,0.0,0.0,6.0,0.0,806,806,0,0.0,28308541.597921878,0.0,0.0,0.0,0,2249,1.0,1p00,709098,none_default,5000000.0
Fin_fl_rl_prox_3,pure_rl,fl_rl_prox,5476238.888831076,5000000.0,5476238.888829817,476238.88882981706,0.0,0.0,6.0,0.0,806,806,0,0.0,28239959.79351271,0.0,0.0,0.0,0,2249,1.0,1p00,709098,none_default,5000000.0
Fin_fl_rl_scaffold_1,pure_rl,fl_rl_scaffold,5447564.094097993,5000000.0,5447564.094097361,447564.09409736097,0.0,0.0,6.0,0.0,760,760,0,0.0,26546373.370244548,0.0,0.0,0.0,0,2249,1.0,1p00,709098,none_default,5000000.0
Fin_fl_rl_scaffold_2,pure_rl,fl_rl_scaffold,5467870.462488274,5000000.0,5467870.462489955,467870.4624899551,0.0,0.0,6.0,0.0,787,787,0,0.0,27559733.951149594,0.0,0.0,0.0,0,2249,1.0,1p00,709098,none_default,5000000.0
Fin_fl_rl_scaffold_3,pure_rl,fl_rl_scaffold,5495130.876949175,5000000.0,5495130.876948633,495130.87694863323,0.0,0.0,6.0,0.0,827,827,0,0.0,29293648.950426113,0.0,0.0,0.0,0,2249,1.0,1p00,709098,none_default,5000000.0
Fin_fl_rl_1,pure_rl,fl_rl,5458711.450682067,5000000.0,5458711.450683055,458711.45068305545,0.0,0.0,6.0,0.0,780,780,0,0.0,26972807.395409107,0.0,0.0,0.0,0,2245,1.0,1p00,436570,none_default,5000000.0
Fin_fl_rl_2,pure_rl,fl_rl,5434748.516020833,5000000.0,5434748.5160201965,434748.5160201965,0.0,0.0,6.0,0.0,744,744,0,0.0,25567216.050567802,0.0,0.0,0.0,0,2245,1.0,1p00,436570,none_default,5000000.0
Fin_fl_rl_3,pure_rl,fl_rl,5450711.338907387,5000000.0,5450711.338907029,450711.33890702855,0.0,0.0,6.0,0.0,771,771,0,0.0,26728986.76674165,0.0,0.0,0.0,0,2245,1.0,1p00,436570,none_default,5000000.0
Fin_fl_rl_prox_1,pure_rl,fl_rl_prox,5424700.926257871,5000000.0,5424700.926258169,424700.9262581691,0.0,0.0,7.0,0.0,719,719,0,0.0,25190242.873970658,0.0,0.0,0.0,0,2245,1.0,1p00,436570,none_default,5000000.0
Fin_fl_rl_prox_2,pure_rl,fl_rl_prox,5433882.123716836,5000000.0,5433882.1237167725,433882.12371677253,0.0,0.0,7.0,0.0,728,728,0,0.0,25535005.97178814,0.0,0.0,0.0,0,2245,1.0,1p00,436570,none_default,5000000.0
Fin_fl_rl_prox_3,pure_rl,fl_rl_prox,5452337.840456698,5000000.0,5452337.840456582,452337.8404565817,0.0,0.0,6.0,0.0,770,770,0,0.0,27099046.527581207,0.0,0.0,0.0,0,2245,1.0,1p00,436570,none_default,5000000.0
Fin_fl_rl_scaffold_1,pure_rl,fl_rl_scaffold,5420365.716215781,5000000.0,5420365.7162147695,420365.7162147695,0.0,0.0,6.0,0.0,702,702,0,0.0,24963290.83910252,0.0,0.0,0.0,0,2245,1.0,1p00,436570,none_default,5000000.0
Fin_fl_rl_scaffold_2,pure_rl,fl_rl_scaffold,5440095.938797546,5000000.0,5440095.938797677,440095.93879767694,0.0,0.0,6.0,0.0,742,742,0,0.0,25848599.991337754,0.0,0.0,0.0,0,2245,1.0,1p00,436570,none_default,5000000.0
Fin_fl_rl_scaffold_3,pure_rl,fl_rl_scaffold,5413489.796005213,5000000.0,5413489.796006364,413489.7960063638,0.0,0.0,8.0,0.0,703,703,0,0.0,24364557.15511374,0.0,0.0,0.0,0,2245,1.0,1p00,436570,none_default,5000000.0
Fin_fl_rl_1,pure_rl,fl_rl,5439293.353554793,5000000.0,5439293.353553744,439293.35355374403,0.0,0.0,6.0,0.0,748,748,0,0.0,26112978.082703043,0.0,0.0,0.0,0,2257,1.0,1p00,831197,none_default,5000000.0
Fin_fl_rl_2,pure_rl,fl_rl,5440421.419899252,5000000.0,5440421.419899574,440421.41989957355,0.0,0.0,6.0,0.0,738,738,0,0.0,26076073.83367452,0.0,0.0,0.0,0,2257,1.0,1p00,831197,none_default,5000000.0
Fin_fl_rl_3,pure_rl,fl_rl,5415017.329143065,5000000.0,5415017.32914372,415017.32914371975,0.0,0.0,6.0,0.0,692,692,0,0.0,24440578.782263365,0.0,0.0,0.0,0,2257,1.0,1p00,831197,none_default,5000000.0
Fin_fl_rl_prox_1,pure_rl,fl_rl_prox,5464357.819827556,5000000.0,5464357.819825916,464357.8198259156,0.0,0.0,6.0,0.0,790,790,0,0.0,27743904.960418053,0.0,0.0,0.0,0,2257,1.0,1p00,831197,none_default,5000000.0
Fin_fl_rl_prox_2,pure_rl,fl_rl_prox,5440497.550354273,5000000.0,5440497.550353436,440497.5503534358,0.0,0.0,6.0,0.0,748,748,0,0.0,26242320.96243689,0.0,0.0,0.0,0,2257,1.0,1p00,831197,none_default,5000000.0
Fin_fl_rl_prox_3,pure_rl,fl_rl_prox,5429186.938220081,5000000.0,5429186.938219675,429186.93821967486,0.0,0.0,6.0,0.0,732,732,0,0.0,25269557.8240981,0.0,0.0,0.0,0,2257,1.0,1p00,831197,none_default,5000000.0
Fin_fl_rl_scaffold_1,pure_rl,fl_rl_scaffold,5428897.1665523285,5000000.0,5428897.166552567,428897.1665525669,0.0,0.0,6.0,0.0,731,731,0,0.0,25572413.12276168,0.0,0.0,0.0,0,2257,1.0,1p00,831197,none_default,5000000.0
Fin_fl_rl_scaffold_2,pure_rl,fl_rl_scaffold,5418548.090246513,5000000.0,5418548.090246105,418548.09024610464,0.0,0.0,7.0,0.0,702,702,0,0.0,24706875.169381317,0.0,0.0,0.0,0,2257,1.0,1p00,831197,none_default,5000000.0
Fin_fl_rl_scaffold_3,pure_rl,fl_rl_scaffold,5444264.096781337,5000000.0,5444264.096782708,444264.0967827076,0.0,0.0,6.0,0.0,745,745,0,0.0,26157221.06520943,0.0,0.0,0.0,0,2257,1.0,1p00,831197,none_default,5000000.0
Fin_fl_rl_1,pure_rl,fl_rl,5033442.366817686,5000000.0,5033442.366817872,33442.36681787204,0.0,0.0,10.0,0.0,162,162,60,0.37037037037037035,5811414.344641151,105209.50963333836,0.018103942240902966,0.02104190192666767,0,2255,1.0,1p00,709098,low_default,5000000.0
Fin_fl_rl_2,pure_rl,fl_rl,5025300.021132843,5000000.0,5025300.021133741,25300.021133741364,0.0,0.0,9.0,0.0,197,197,112,0.5685279187817259,6953598.511811119,155329.93647307472,0.022338065134079453,0.031065987294614943,0,2255,1.0,1p00,709098,low_default,5000000.0
Fin_fl_rl_3,pure_rl,fl_rl,8482168.073288878,5000000.0,8482168.073288469,3482168.0732884686,0.0,0.0,6.0,0.0,3242,3242,13,0.004009870450339297,112772079.49905062,24659.560466159593,0.00021866724969248433,0.004931912093231919,0,2255,1.0,1p00,709098,low_default,5000000.0
Fin_fl_rl_prox_1,pure_rl,fl_rl_prox,5017144.570445782,5000000.0,5017144.570444178,17144.570444177836,0.0,0.0,10.0,0.0,161,161,60,0.37267080745341613,5465680.627773166,112778.44946852518,0.020633925973547695,0.022555689893705037,0,2255,1.0,1p00,709098,low_default,5000000.0
Fin_fl_rl_prox_2,pure_rl,fl_rl_prox,4992951.097176693,5000000.0,4992951.097176353,-7048.902823646553,7048.902823646553,0.0014097805647293106,8.0,0.0,258,258,157,0.6085271317829457,9132993.481191536,227350.415891864,0.024893307584207616,0.0454700831783728,0,2255,1.0,1p00,709098,low_default,5000000.0
Fin_fl_rl_prox_3,pure_rl,fl_rl_prox,6142113.611176671,5000000.0,6142113.611176265,1142113.6111762654,0.0,0.0,11.0,0.0,1278,1278,11,0.008607198748043818,45520918.542732075,25148.856594309455,0.0005524681267295023,0.005029771318861891,0,2255,1.0,1p00,709098,low_default,5000000.0
Fin_fl_rl_scaffold_1,pure_rl,fl_rl_scaffold,5016324.57476291,5000000.0,5016324.574763046,16324.574763045646,0.0,0.0,8.0,0.0,163,163,61,0.37423312883435583,5737964.749934785,119326.27922418792,0.02079592406445929,0.023865255844837584,0,2255,1.0,1p00,709098,low_default,5000000.0
Fin_fl_rl_scaffold_2,pure_rl,fl_rl_scaffold,4939729.052755492,5000000.0,4939729.052754607,-60270.94724539295,60270.94724539295,0.01205418944907859,18.0,0.0,377,377,274,0.726790450928382,13063670.123938136,416622.2006770423,0.0318916657206167,0.08332444013540846,0,2255,1.0,1p00,709098,low_default,5000000.0
Fin_fl_rl_scaffold_3,pure_rl,fl_rl_scaffold,5867303.139148816,5000000.0,5867303.139148775,867303.1391487746,0.0,0.0,18.0,0.0,754,754,5,0.006631299734748011,27128217.300962742,7142.580610770663,0.00026328971533699644,0.0014285161221541326,0,2255,1.0,1p00,709098,low_default,5000000.0
Fin_fl_rl_1,pure_rl,fl_rl,5056942.101087851,5000000.0,5056942.101087172,56942.101087171584,0.0,0.0,7.0,0.0,122,122,15,0.12295081967213115,4328687.093441515,20578.95747383579,0.0047540875627197455,0.004115791494767158,0,2265,1.0,1p00,436570,low_default,5000000.0
Fin_fl_rl_2,pure_rl,fl_rl,5027607.988002713,5000000.0,5027607.98800252,27607.988002520055,0.0,0.0,7.0,0.0,176,176,77,0.4375,6366880.697218131,117403.60062893532,0.018439736224401416,0.023480720125787065,0,2265,1.0,1p00,436570,low_default,5000000.0
Fin_fl_rl_3,pure_rl,fl_rl,7101698.884751062,5000000.0,7101698.884749469,2101698.8847494693,0.0,0.0,6.0,0.0,2239,2239,14,0.006252791424743189,79139873.40394537,19834.85878837542,0.0002506304083547673,0.003966971757675084,0,2265,1.0,1p00,436570,low_default,5000000.0
Fin_fl_rl_prox_1,pure_rl,fl_rl_prox,5005895.95889967,5000000.0,5005895.958900337,5895.9589003371075,0.0,0.0,7.0,0.0,100,100,54,0.54,3515765.610393741,105104.24916506505,0.02989512408174847,0.02102084983301301,0,2265,1.0,1p00,436570,low_default,5000000.0
Fin_fl_rl_prox_2,pure_rl,fl_rl_prox,4951339.787964553,5000000.0,4951339.787964368,-48660.21203563176,48660.21203563176,0.009732042407126352,8.0,0.0,231,231,197,0.8528138528138528,8195429.173786576,331261.70754399744,0.04042030020874952,0.0662523415087995,0,2265,1.0,1p00,436570,low_default,5000000.0
Fin_fl_rl_prox_3,pure_rl,fl_rl_prox,7421290.143850105,5000000.0,7421290.143850213,2421290.143850213,0.0,0.0,6.0,0.0,2433,2433,24,0.009864364981504316,85308497.50623372,37619.17691732421,0.0004409780738967448,0.007523835383464841,0,2265,1.0,1p00,436570,low_default,5000000.0
Fin_fl_rl_scaffold_1,pure_rl,fl_rl_scaffold,5034238.0965632275,5000000.0,5034238.096563927,34238.0965639269,0.0,0.0,9.0,0.0,171,171,66,0.38596491228070173,5912844.464159895,99273.27232710278,0.016789427310127576,0.019854654465420556,0,2265,1.0,1p00,436570,low_default,5000000.0
Fin_fl_rl_scaffold_2,pure_rl,fl_rl_scaffold,4906009.208353934,5000000.0,4906009.208353743,-93990.79164625704,93990.79164625704,0.01879815832925141,7.0,0.0,411,411,330,0.8029197080291971,14106627.163668232,561411.6702370486,0.03979772512050013,0.11228233404740973,0,2265,1.0,1p00,436570,low_default,5000000.0
Fin_fl_rl_scaffold_3,pure_rl,fl_rl_scaffold,5720844.660571688,5000000.0,5720844.660572029,720844.6605720287,0.0,0.0,10.0,0.0,722,722,5,0.006925207756232687,25234806.677475415,7438.7075039193805,0.00029477965093979377,0.001487741500783876,0,2265,1.0,1p00,436570,low_default,5000000.0
Fin_fl_rl_1,pure_rl,fl_rl,4987846.954978891,5000000.0,4987846.954980301,-12153.04501969926,12153.04501969926,0.002430609003939852,8.0,0.0,100,100,56,0.56,3344291.1697118664,95124.03262309986,0.02844370534617518,0.01902480652461997,0,2259,1.0,1p00,831197,low_default,5000000.0
Fin_fl_rl_2,pure_rl,fl_rl,4909542.220346527,5000000.0,4909542.220346446,-90457.77965355385,90457.77965355385,0.01809155593071077,14.0,0.0,276,276,243,0.8804347826086957,9643760.375223747,354426.8065214557,0.03675193002845973,0.07088536130429114,0,2259,1.0,1p00,831197,low_default,5000000.0
Fin_fl_rl_3,pure_rl,fl_rl,5811235.592509824,5000000.0,5811235.592509168,811235.5925091682,0.0,0.0,7.0,0.0,1092,1092,31,0.028388278388278388,38776758.517138205,53611.95495510333,0.001382579591623379,0.010722390991020665,0,2259,1.0,1p00,831197,low_default,5000000.0
Fin_fl_rl_prox_1,pure_rl,fl_rl_prox,5006469.769622548,5000000.0,5006469.769622445,6469.7696224451065,0.0,0.0,8.0,0.0,97,97,45,0.4639175257731959,3441790.7367147473,77835.28658588734,0.02261476438866314,0.015567057317177469,0,2259,1.0,1p00,831197,low_default,5000000.0
Fin_fl_rl_prox_2,pure_rl,fl_rl_prox,4948190.7015401665,5000000.0,4948190.701541244,-51809.29845875595,51809.29845875595,0.01036185969175119,8.0,0.0,248,248,196,0.7903225806451613,8787811.72742924,309658.26363466453,0.03523724372338722,0.061931652726932906,0,2259,1.0,1p00,831197,low_default,5000000.0
Fin_fl_rl_prox_3,pure_rl,fl_rl_prox,6382690.939834079,5000000.0,6382690.939834501,1382690.9398345007,0.0,0.0,9.0,0.0,2097,2097,29,0.013829279923700524,73449147.64263435,49786.63770817511,0.0006778381956236061,0.009957327541635022,0,2259,1.0,1p00,831197,low_default,5000000.0
Fin_fl_rl_scaffold_1,pure_rl,fl_rl_scaffold,5014369.788895568,5000000.0,5014369.788896163,14369.788896162994,0.0,0.0,6.0,0.0,96,96,34,0.3541666666666667,3387261.844249506,67018.45136019692,0.019785435682798762,0.013403690272039385,0,2259,1.0,1p00,831197,low_default,5000000.0
Fin_fl_rl_scaffold_2,pure_rl,fl_rl_scaffold,5001973.653583334,5000000.0,5001973.653582636,1973.653582636267,0.0,0.0,8.0,0.0,192,192,116,0.6041666666666666,6493321.873659306,194151.07145166703,0.02990011510737775,0.038830214290333405,0,2259,1.0,1p00,831197,low_default,5000000.0
Fin_fl_rl_scaffold_3,pure_rl,fl_rl_scaffold,6572398.07057499,5000000.0,6572398.070574993,1572398.0705749933,0.0,0.0,6.0,0.0,2446,2446,34,0.013900245298446443,85806728.67917304,64059.22705415972,0.0007465524911650447,0.012811845410831944,0,2259,1.0,1p00,831197,low_default,5000000.0
Fin_fl_rl_1,pure_rl,fl_rl,4918497.964736377,5000000.0,4918497.96473575,-81502.03526424989,81502.03526424989,0.016300407052849977,11.0,0.0,64,64,54,0.84375,2057727.340495295,147431.40142707218,0.0716476855439873,0.029486280285414435,0,2248,1.0,1p00,709098,medium_default,5000000.0
Fin_fl_rl_2,pure_rl,fl_rl,4875423.96137238,5000000.0,4875423.961371244,-124576.03862875607,124576.03862875607,0.024915207725751214,7.0,0.0,257,257,232,0.9027237354085603,8946460.675069446,461453.7225402288,0.051579472519913225,0.09229074450804577,0,2248,1.0,1p00,709098,medium_default,5000000.0
Fin_fl_rl_3,pure_rl,fl_rl,5865189.456432349,5000000.0,5865189.4564318415,865189.4564318415,0.0,0.0,10.0,0.0,943,943,49,0.051961823966065745,33821496.55785576,124937.549630957,0.0036940278327789607,0.0249875099261914,0,2248,1.0,1p00,709098,medium_default,5000000.0
Fin_fl_rl_prox_1,pure_rl,fl_rl_prox,4955398.664983745,5000000.0,4955398.664983897,-44601.33501610346,44601.33501610346,0.008920267003220692,8.0,0.0,164,164,68,0.4146341463414634,5761556.66906379,188456.29926586355,0.03270926766680337,0.03769125985317271,0,2248,1.0,1p00,709098,medium_default,5000000.0
Fin_fl_rl_prox_2,pure_rl,fl_rl_prox,4820624.323273296,5000000.0,4820624.323272964,-179375.676727036,179375.676727036,0.035875135345407205,7.0,0.0,385,385,334,0.8675324675324675,13602461.935990928,631685.2288131,0.046439036682155016,0.12633704576262,0,2248,1.0,1p00,709098,medium_default,5000000.0
Fin_fl_rl_prox_3,pure_rl,fl_rl_prox,7387190.387544159,5000000.0,7387190.387544154,2387190.387544154,0.0,0.0,6.0,0.0,3064,3064,22,0.007180156657963447,105935397.96173728,45745.73303222723,0.0004318266973306703,0.009149146606445446,0,2248,1.0,1p00,709098,medium_default,5000000.0
Fin_fl_rl_scaffold_1,pure_rl,fl_rl_scaffold,4936853.48121186,5000000.0,4936853.481211206,-63146.518788794056,63146.518788794056,0.01262930375775881,10.0,0.0,151,151,70,0.46357615894039733,5223076.442597455,210189.72561881042,0.04024251376154133,0.042037945123762084,0,2248,1.0,1p00,709098,medium_default,5000000.0
Fin_fl_rl_scaffold_2,pure_rl,fl_rl_scaffold,4835465.537473446,5000000.0,4835465.537473157,-164534.46252684295,164534.46252684295,0.03290689250536859,12.0,0.0,364,364,320,0.8791208791208791,12693239.757019479,667150.3798525955,0.05255950353286719,0.1334300759705191,0,2248,1.0,1p00,709098,medium_default,5000000.0
Fin_fl_rl_scaffold_3,pure_rl,fl_rl_scaffold,5609291.883978144,5000000.0,5609291.883977923,609291.8839779226,0.0,0.0,18.0,0.0,800,800,11,0.01375,27827511.793917406,27543.620670394394,0.00098979818513328,0.005508724134078879,0,2248,1.0,1p00,709098,medium_default,5000000.0
Fin_fl_rl_1,pure_rl,fl_rl,4934674.124704116,5000000.0,4934674.124704801,-65325.875295199454,65325.875295199454,0.013065175059039891,25.0,0.0,134,134,76,0.5671641791044776,4843217.766917053,211424.6686173925,0.04365376053531757,0.0422849337234785,0,2233,1.0,1p00,436570,medium_default,5000000.0
Fin_fl_rl_2,pure_rl,fl_rl,4868915.004092779,5000000.0,4868915.0040921755,-131084.9959078245,131084.9959078245,0.026216999181564896,12.0,0.0,233,233,213,0.9141630901287554,8240908.2689897455,357628.0103636052,0.04339667409105221,0.07152560207272105,0,2233,1.0,1p00,436570,medium_default,5000000.0
Fin_fl_rl_3,pure_rl,fl_rl,5434517.049479572,5000000.0,5434517.049478828,434517.049478828,0.0,0.0,8.0,0.0,606,606,32,0.052805280528052806,21468251.88381644,66005.82963031622,0.0030745786842604475,0.013201165926063244,0,2233,1.0,1p00,436570,medium_default,5000000.0
Fin_fl_rl_prox_1,pure_rl,fl_rl_prox,4983598.958375195,5000000.0,4983598.958374706,-16401.041625293903,16401.041625293903,0.0032802083250587804,10.0,0.0,120,120,44,0.36666666666666664,4381765.285079939,123232.77213337272,0.028124001199467376,0.024646554426674544,0,2233,1.0,1p00,436570,medium_default,5000000.0
Fin_fl_rl_prox_2,pure_rl,fl_rl_prox,4949789.824862072,5000000.0,4949789.8248618785,-50210.17513812147,50210.17513812147,0.010042035027624295,9.0,0.0,236,236,150,0.635593220338983,8351446.383435664,316731.629739535,0.03792536229026668,0.063346325947907,0,2233,1.0,1p00,436570,medium_default,5000000.0
Fin_fl_rl_prox_3,pure_rl,fl_rl_prox,6550842.139935665,5000000.0,6550842.139935408,1550842.1399354078,0.0,0.0,6.0,0.0,1963,1963,39,0.019867549668874173,68073627.07964987,99019.27162272308,0.0014545907992659936,0.019803854324544616,0,2233,1.0,1p00,436570,medium_default,5000000.0
Fin_fl_rl_scaffold_1,pure_rl,fl_rl_scaffold,4977742.16664259,5000000.0,4977742.1666418705,-22257.833358129486,22257.833358129486,0.004451566671625897,8.0,0.0,133,133,51,0.38345864661654133,4820114.859331351,145592.47708356054,0.03020518832693485,0.02911849541671211,0,2233,1.0,1p00,436570,medium_default,5000000.0
Fin_fl_rl_scaffold_2,pure_rl,fl_rl_scaffold,4860217.797296642,5000000.0,4860217.797296503,-139782.20270349737,139782.20270349737,0.027956440540699474,8.0,0.0,395,395,312,0.789873417721519,13996606.51338083,613846.8815629606,0.04385683636788101,0.12276937631259212,0,2233,1.0,1p00,436570,medium_default,5000000.0
Fin_fl_rl_scaffold_3,pure_rl,fl_rl_scaffold,6975594.227656692,5000000.0,6975594.227657307,1975594.227657307,0.0,0.0,6.0,0.0,2150,2150,21,0.009767441860465116,75247734.79268816,53976.383071719596,0.0007173157201399834,0.010795276614343919,0,2233,1.0,1p00,436570,medium_default,5000000.0
Fin_fl_rl_1,pure_rl,fl_rl,4938218.702089202,5000000.0,4938218.702088881,-61781.297911118716,61781.297911118716,0.012356259582223743,10.0,0.0,141,141,66,0.46808510638297873,5121968.029045296,198491.00524394543,0.03875287860415305,0.039698201048789086,0,2253,1.0,1p00,831197,medium_default,5000000.0
Fin_fl_rl_2,pure_rl,fl_rl,4918115.01067026,5000000.0,4918115.010668748,-81884.98933125194,81884.98933125194,0.016376997866250388,13.0,0.0,218,218,181,0.8302752293577982,7542157.289000983,409261.8300658332,0.054263231908816774,0.08185236601316663,0,2253,1.0,1p00,831197,medium_default,5000000.0
Fin_fl_rl_3,pure_rl,fl_rl,6128476.758194026,5000000.0,6128476.7581930915,1128476.7581930915,0.0,0.0,11.0,0.0,1506,1506,35,0.023240371845949535,53280471.05471065,83102.58249211597,0.0015597193652207525,0.016620516498423193,0,2253,1.0,1p00,831197,medium_default,5000000.0
Fin_fl_rl_prox_1,pure_rl,fl_rl_prox,4963895.998424668,5000000.0,4963895.998424664,-36104.00157533586,36104.00157533586,0.007220800315067172,7.0,0.0,110,110,53,0.4818181818181818,3747291.6422681105,156258.5614358438,0.041699065979627276,0.031251712287168755,0,2253,1.0,1p00,831197,medium_default,5000000.0
Fin_fl_rl_prox_2,pure_rl,fl_rl_prox,4899175.563322728,5000000.0,4899175.563324729,-100824.43667527102,100824.43667527102,0.020164887335054203,7.0,0.0,266,266,210,0.7894736842105263,9294582.65695258,425567.2996431831,0.045786595842993355,0.08511345992863663,0,2253,1.0,1p00,831197,medium_default,5000000.0
Fin_fl_rl_prox_3,pure_rl,fl_rl_prox,7504344.9272961095,5000000.0,7504344.92729535,2504344.9272953495,0.0,0.0,10.0,0.0,2660,2660,27,0.010150375939849625,92562027.5868003,67727.10434215613,0.0007316942606798976,0.013545420868431227,0,2253,1.0,1p00,831197,medium_default,5000000.0
Fin_fl_rl_scaffold_1,pure_rl,fl_rl_scaffold,4912837.689307382,5000000.0,4912837.68930815,-87162.31069185026,87162.31069185026,0.01743246213837005,9.0,0.0,131,131,76,0.5801526717557252,4648413.603782334,234065.51808854385,0.05035384929991788,0.04681310361770877,0,2253,1.0,1p00,831197,medium_default,5000000.0
Fin_fl_rl_scaffold_2,pure_rl,fl_rl_scaffold,4906045.971851566,5000000.0,4906045.971852026,-93954.02814797405,93954.02814797405,0.01879080562959481,16.0,0.0,182,182,158,0.8681318681318682,6300488.92948406,351946.0401754651,0.05586011563776933,0.07038920803509302,0,2253,1.0,1p00,831197,medium_default,5000000.0
Fin_fl_rl_scaffold_3,pure_rl,fl_rl_scaffold,5534048.035000761,5000000.0,5534048.035002251,534048.0350022512,0.0,0.0,16.0,0.0,666,666,19,0.028528528528528527,23288187.204710893,45571.713017512,0.001956859613714091,0.0091143426035024,0,2253,1.0,1p00,831197,medium_default,5000000.0
Fin_fl_rl_1,pure_rl,fl_rl,4828176.240392811,5000000.0,4828176.240393506,-171823.75960649364,171823.75960649364,0.03436475192129873,9.0,0.0,135,135,81,0.6,4760801.068086435,334213.06699438446,0.07020101495833318,0.06684261339887689,0,2259,1.0,1p00,709098,high_default,5000000.0
Fin_fl_rl_2,pure_rl,fl_rl,4841562.601435186,5000000.0,4841562.601434528,-158437.3985654721,158437.3985654721,0.03168747971309442,7.0,0.0,258,258,208,0.8062015503875969,9029357.772754656,444041.5300607862,0.04917753191712537,0.08880830601215724,0,2259,1.0,1p00,709098,high_default,5000000.0
Fin_fl_rl_3,pure_rl,fl_rl,6705699.630177274,5000000.0,6705699.630176655,1705699.630176655,0.0,0.0,8.0,0.0,2304,2304,30,0.013020833333333334,80128393.18337208,97574.57287529421,0.0012177278115635855,0.019514914575058842,0,2259,1.0,1p00,709098,high_default,5000000.0
Fin_fl_rl_prox_1,pure_rl,fl_rl_prox,4865300.63561902,5000000.0,4865300.635619273,-134699.3643807266,134699.3643807266,0.02693987287614532,11.0,0.0,106,106,62,0.5849056603773585,3715937.0240120157,248484.67564072175,0.06686999107763088,0.04969693512814435,0,2259,1.0,1p00,709098,high_default,5000000.0
Fin_fl_rl_prox_2,pure_rl,fl_rl_prox,4838674.496262177,5000000.0,4838674.496261324,-161325.5037386762,161325.5037386762,0.03226510074773524,9.0,0.0,254,254,201,0.7913385826771654,8828129.870031148,521571.28192258294,0.0590806081923603,0.1043142563845166,0,2259,1.0,1p00,709098,high_default,5000000.0
Fin_fl_rl_prox_3,pure_rl,fl_rl_prox,5357906.738675624,5000000.0,5357906.738676615,357906.73867661506,0.0,0.0,14.0,0.0,477,477,24,0.050314465408805034,16766868.104941154,81217.9583792985,0.004843955225923425,0.0162435916758597,0,2259,1.0,1p00,709098,high_default,5000000.0
Fin_fl_rl_scaffold_1,pure_rl,fl_rl_scaffold,4841281.089585757,5000000.0,4841281.089585709,-158718.9104142906,158718.9104142906,0.03174378208285812,12.0,0.0,82,82,68,0.8292682926829268,2917998.548018368,254864.20625572317,0.08734212922374589,0.05097284125114463,0,2259,1.0,1p00,709098,high_default,5000000.0
Fin_fl_rl_scaffold_2,pure_rl,fl_rl_scaffold,4709007.66596859,5000000.0,4709007.665967674,-290992.334032326,290992.334032326,0.058198466806465204,9.0,0.0,322,322,300,0.9316770186335404,11396333.834059555,716243.1117755278,0.06284855482514333,0.14324862235510558,0,2259,1.0,1p00,709098,high_default,5000000.0
Fin_fl_rl_scaffold_3,pure_rl,fl_rl_scaffold,6222595.89228861,5000000.0,6222595.892288459,1222595.8922884595,0.0,0.0,9.0,0.0,1313,1313,30,0.02284843869002285,45743683.760380514,108795.33615600318,0.0023783684918317165,0.021759067231200635,0,2259,1.0,1p00,709098,high_default,5000000.0
Fin_fl_rl_1,pure_rl,fl_rl,4828973.053995361,5000000.0,4828973.053995678,-171026.9460043218,171026.9460043218,0.03420538920086436,11.0,0.0,92,92,77,0.8369565217391305,3097273.780656462,264321.7297988538,0.08534012441833,0.05286434595977076,0,2258,1.0,1p00,436570,high_default,5000000.0
Fin_fl_rl_2,pure_rl,fl_rl,4936072.541224315,5000000.0,4936072.541224355,-63927.45877564512,63927.45877564512,0.012785491755129025,21.0,0.0,67,67,62,0.9253731343283582,2393574.681108427,130968.78870706717,0.05471681737810562,0.026193757741413436,0,2258,1.0,1p00,436570,high_default,5000000.0
Fin_fl_rl_3,pure_rl,fl_rl,6280626.429092879,5000000.0,6280626.42909274,1280626.4290927397,0.0,0.0,6.0,0.0,2157,2157,26,0.01205377839592026,74561904.8378624,70254.64608242204,0.0009422324474568259,0.014050929216484409,0,2258,1.0,1p00,436570,high_default,5000000.0
Fin_fl_rl_prox_1,pure_rl,fl_rl_prox,4813317.802532404,5000000.0,4813317.802532352,-186682.19746764842,186682.19746764842,0.03733643949352968,12.0,0.0,81,81,74,0.9135802469135802,2774273.0946835433,281417.7642506892,0.10143837850353735,0.056283552850137836,0,2258,1.0,1p00,436570,high_default,5000000.0
Fin_fl_rl_prox_2,pure_rl,fl_rl_prox,4782690.401478966,5000000.0,4782690.401478973,-217309.59852102678,217309.59852102678,0.043461919704205355,11.0,0.0,245,245,231,0.9428571428571428,8624194.738049854,555055.7512147948,0.06436029891183867,0.11101115024295896,0,2258,1.0,1p00,436570,high_default,5000000.0
Fin_fl_rl_prox_3,pure_rl,fl_rl_prox,5435310.271400847,5000000.0,5435310.271400341,435310.27140034083,0.0,0.0,7.0,0.0,709,709,26,0.036671368124118475,24933845.104608193,78421.56253320596,0.0031451852774489375,0.015684312506641193,0,2258,1.0,1p00,436570,high_default,5000000.0
Fin_fl_rl_scaffold_1,pure_rl,fl_rl_scaffold,4813307.918199217,5000000.0,4813307.918199832,-186692.08180016838,186692.08180016838,0.037338416360033676,11.0,0.0,80,80,69,0.8625,2834719.230965995,273950.53721604653,0.09664115381285632,0.05479010744320931,0,2258,1.0,1p00,436570,high_default,5000000.0
Fin_fl_rl_scaffold_2,pure_rl,fl_rl_scaffold,4806307.542692273,5000000.0,4806307.542692645,-193692.45730735455,193692.45730735455,0.03873849146147091,10.0,0.0,254,254,220,0.8661417322834646,8894580.459718604,504015.3100248713,0.05666543939957982,0.10080306200497427,0,2258,1.0,1p00,436570,high_default,5000000.0
Fin_fl_rl_scaffold_3,pure_rl,fl_rl_scaffold,5793628.9490012005,5000000.0,5793628.94900195,793628.9490019502,0.0,0.0,7.0,0.0,1380,1380,28,0.020289855072463767,48080444.534814656,94789.13439617728,0.0019714695925396705,0.018957826879235456,0,2258,1.0,1p00,436570,high_default,5000000.0
Fin_fl_rl_1,pure_rl,fl_rl,4840503.999455789,5000000.0,4840503.999456379,-159496.00054362137,159496.00054362137,0.031899200108724275,10.0,0.0,115,115,73,0.6347826086956522,4069458.6199089508,283223.4644163422,0.06959733243894713,0.05664469288326844,0,2249,1.0,1p00,831197,high_default,5000000.0
Fin_fl_rl_2,pure_rl,fl_rl,4784443.418655603,5000000.0,4784443.418654668,-215556.58134533186,215556.58134533186,0.04311131626906637,8.0,0.0,284,284,247,0.8697183098591549,9687552.747478835,552940.8697232486,0.05707745641613671,0.11058817394464973,0,2249,1.0,1p00,831197,high_default,5000000.0
Fin_fl_rl_3,pure_rl,fl_rl,6300542.566197363,5000000.0,6300542.566196516,1300542.5661965162,0.0,0.0,6.0,0.0,1547,1547,25,0.01616031027795734,53510572.388956144,61755.29331822402,0.0011540764854716724,0.012351058663644804,0,2249,1.0,1p00,831197,high_default,5000000.0
Fin_fl_rl_prox_1,pure_rl,fl_rl_prox,4809410.561871274,5000000.0,4809410.561871143,-190589.43812885694,190589.43812885694,0.03811788762577139,17.0,0.0,144,144,93,0.6458333333333334,5031657.110985292,348676.36814518523,0.0692965280531423,0.06973527362903705,0,2249,1.0,1p00,831197,high_default,5000000.0
Fin_fl_rl_prox_2,pure_rl,fl_rl_prox,4738264.530997261,5000000.0,4738264.5309975315,-261735.4690024685,261735.4690024685,0.0523470938004937,8.0,0.0,359,359,311,0.8662952646239555,12702110.395226192,698630.7293181452,0.05500115394845806,0.13972614586362905,0,2249,1.0,1p00,831197,high_default,5000000.0
Fin_fl_rl_prox_3,pure_rl,fl_rl_prox,5945502.652597392,5000000.0,5945502.652597526,945502.6525975261,0.0,0.0,14.0,0.0,1576,1576,45,0.028553299492385786,54771546.16418082,128399.2621512421,0.0023442694454225924,0.02567985243024842,0,2249,1.0,1p00,831197,high_default,5000000.0
Fin_fl_rl_scaffold_1,pure_rl,fl_rl_scaffold,4867438.349063562,5000000.0,4867438.349063878,-132561.65093612205,132561.65093612205,0.02651233018722441,9.0,0.0,131,131,72,0.549618320610687,4394959.377989877,258302.49428563123,0.05877244180667969,0.051660498857126244,0,2249,1.0,1p00,831197,high_default,5000000.0
Fin_fl_rl_scaffold_2,pure_rl,fl_rl_scaffold,4725998.522404934,5000000.0,4725998.522404552,-274001.47759544756,274001.47759544756,0.05480029551908951,17.0,0.0,315,315,299,0.9492063492063492,10970902.13444533,741429.3851773074,0.06758144189887925,0.14828587703546148,0,2249,1.0,1p00,831197,high_default,5000000.0
Fin_fl_rl_scaffold_3,pure_rl,fl_rl_scaffold,5686575.622108957,5000000.0,5686575.62210915,686575.6221091496,0.0,0.0,12.0,0.0,982,982,28,0.028513238289205704,34634836.36174023,96390.76878829696,0.0027830582994980203,0.019278153757659393,0,2249,1.0,1p00,831197,high_default,5000000.0
Fin_fl_rl_1,pure_rl,fl_rl,10056809.376795625,10000000.0,10056809.376795618,56809.37679561786,0.0,0.0,11.0,0.0,92,92,0,0.0,3208520.5749619897,0.0,0.0,0.0,0,2239,1.0,1p00,709098,none_default,10000000.0
Fin_fl_rl_2,pure_rl,fl_rl,10473657.866263185,10000000.0,10473657.866265187,473657.86626518704,0.0,0.0,6.0,0.0,822,822,0,0.0,28162252.069449537,0.0,0.0,0.0,0,2239,1.0,1p00,709098,none_default,10000000.0
Fin_fl_rl_3,pure_rl,fl_rl,10476554.347821757,10000000.0,10476554.347820366,476554.3478203658,0.0,0.0,8.0,0.0,805,805,0,0.0,28144710.34950896,0.0,0.0,0.0,0,2239,1.0,1p00,709098,none_default,10000000.0
Fin_fl_rl_prox_1,pure_rl,fl_rl_prox,10457674.076716626,10000000.0,10457674.076721026,457674.07672102563,0.0,0.0,8.0,0.0,772,772,0,0.0,26982598.28227019,0.0,0.0,0.0,0,2239,1.0,1p00,709098,none_default,10000000.0
Fin_fl_rl_prox_2,pure_rl,fl_rl_prox,10473941.92853054,10000000.0,10473941.92853268,473941.9285326805,0.0,0.0,8.0,0.0,803,803,0,0.0,27931406.168066174,0.0,0.0,0.0,0,2239,1.0,1p00,709098,none_default,10000000.0
Fin_fl_rl_prox_3,pure_rl,fl_rl_prox,10512388.507068105,10000000.0,10512388.50706979,512388.50706979074,0.0,0.0,6.0,0.0,869,869,0,0.0,30378746.14562547,0.0,0.0,0.0,0,2239,1.0,1p00,709098,none_default,10000000.0
Fin_fl_rl_scaffold_1,pure_rl,fl_rl_scaffold,10474207.316987932,10000000.0,10474207.316984823,474207.316984823,0.0,0.0,6.0,0.0,808,808,0,0.0,28451190.930851657,0.0,0.0,0.0,0,2239,1.0,1p00,709098,none_default,10000000.0
Fin_fl_rl_scaffold_2,pure_rl,fl_rl_scaffold,10481597.726625415,10000000.0,10481597.726627154,481597.7266271543,0.0,0.0,6.0,0.0,818,818,0,0.0,28525706.031751756,0.0,0.0,0.0,0,2239,1.0,1p00,709098,none_default,10000000.0
Fin_fl_rl_scaffold_3,pure_rl,fl_rl_scaffold,10509509.222231533,10000000.0,10509509.222230524,509509.2222305238,0.0,0.0,6.0,0.0,869,869,0,0.0,30070276.299683396,0.0,0.0,0.0,0,2239,1.0,1p00,709098,none_default,10000000.0
Fin_fl_rl_1,pure_rl,fl_rl,10458711.450681698,10000000.0,10458711.450683055,458711.45068305545,0.0,0.0,6.0,0.0,780,780,0,0.0,26972807.395409107,0.0,0.0,0.0,0,2245,1.0,1p00,436570,none_default,10000000.0
Fin_fl_rl_2,pure_rl,fl_rl,10434748.516022993,10000000.0,10434748.516020196,434748.51602019556,0.0,0.0,6.0,0.0,744,744,0,0.0,25567216.050567802,0.0,0.0,0.0,0,2245,1.0,1p00,436570,none_default,10000000.0
Fin_fl_rl_3,pure_rl,fl_rl,10450711.33890007,10000000.0,10450711.33890703,450711.3389070295,0.0,0.0,6.0,0.0,771,771,0,0.0,26728986.76674165,0.0,0.0,0.0,0,2245,1.0,1p00,436570,none_default,10000000.0
Fin_fl_rl_prox_1,pure_rl,fl_rl_prox,10424700.926257676,10000000.0,10424700.92625817,424700.9262581691,0.0,0.0,7.0,0.0,719,719,0,0.0,25190242.873970658,0.0,0.0,0.0,0,2245,1.0,1p00,436570,none_default,10000000.0
Fin_fl_rl_prox_2,pure_rl,fl_rl_prox,10433882.123720532,10000000.0,10433882.123716772,433882.1237167716,0.0,0.0,7.0,0.0,728,728,0,0.0,25535005.97178814,0.0,0.0,0.0,0,2245,1.0,1p00,436570,none_default,10000000.0
Fin_fl_rl_prox_3,pure_rl,fl_rl_prox,10452337.840458341,10000000.0,10452337.840456583,452337.8404565826,0.0,0.0,6.0,0.0,770,770,0,0.0,27099046.527581207,0.0,0.0,0.0,0,2245,1.0,1p00,436570,none_default,10000000.0
Fin_fl_rl_scaffold_1,pure_rl,fl_rl_scaffold,10420365.716213834,10000000.0,10420365.71621477,420365.71621477045,0.0,0.0,6.0,0.0,702,702,0,0.0,24963290.83910252,0.0,0.0,0.0,0,2245,1.0,1p00,436570,none_default,10000000.0
Fin_fl_rl_scaffold_2,pure_rl,fl_rl_scaffold,10440095.938793192,10000000.0,10440095.938797677,440095.93879767694,0.0,0.0,6.0,0.0,742,742,0,0.0,25848599.991337754,0.0,0.0,0.0,0,2245,1.0,1p00,436570,none_default,10000000.0
Fin_fl_rl_scaffold_3,pure_rl,fl_rl_scaffold,10413489.796007508,10000000.0,10413489.796006365,413489.79600636475,0.0,0.0,8.0,0.0,703,703,0,0.0,24364557.15511374,0.0,0.0,0.0,0,2245,1.0,1p00,436570,none_default,10000000.0
Fin_fl_rl_1,pure_rl,fl_rl,10432191.57065557,10000000.0,10432191.57065859,432191.57065859064,0.0,0.0,6.0,0.0,734,734,0,0.0,25648629.28848573,0.0,0.0,0.0,0,2243,1.0,1p00,831197,none_default,10000000.0
Fin_fl_rl_2,pure_rl,fl_rl,10409565.743289158,10000000.0,10409565.743289893,409565.7432898935,0.0,0.0,6.0,0.0,685,685,0,0.0,24228937.451543823,0.0,0.0,0.0,0,2243,1.0,1p00,831197,none_default,10000000.0
Fin_fl_rl_3,pure_rl,fl_rl,10413297.441540211,10000000.0,10413297.441538636,413297.44153863564,0.0,0.0,6.0,0.0,697,697,0,0.0,24427636.21579482,0.0,0.0,0.0,0,2243,1.0,1p00,831197,none_default,10000000.0
Fin_fl_rl_prox_1,pure_rl,fl_rl_prox,10474957.659611838,10000000.0,10474957.65961312,474957.65961311944,0.0,0.0,6.0,0.0,811,811,0,0.0,28329894.638501666,0.0,0.0,0.0,0,2243,1.0,1p00,831197,none_default,10000000.0
Fin_fl_rl_prox_2,pure_rl,fl_rl_prox,10436072.777789086,10000000.0,10436072.777790667,436072.7777906675,0.0,0.0,6.0,0.0,748,748,0,0.0,25890544.610447377,0.0,0.0,0.0,0,2243,1.0,1p00,831197,none_default,10000000.0
Fin_fl_rl_prox_3,pure_rl,fl_rl_prox,10438120.102934303,10000000.0,10438120.10293265,438120.1029326506,0.0,0.0,6.0,0.0,746,746,0,0.0,25795306.61664959,0.0,0.0,0.0,0,2243,1.0,1p00,831197,none_default,10000000.0
Fin_fl_rl_scaffold_1,pure_rl,fl_rl_scaffold,10430591.71766339,10000000.0,10430591.717655106,430591.7176551055,0.0,0.0,7.0,0.0,736,736,0,0.0,25608870.86248656,0.0,0.0,0.0,0,2243,1.0,1p00,831197,none_default,10000000.0
Fin_fl_rl_scaffold_2,pure_rl,fl_rl_scaffold,10430029.872120539,10000000.0,10430029.87212637,430029.87212637067,0.0,0.0,6.0,0.0,722,722,0,0.0,25381905.493904073,0.0,0.0,0.0,0,2243,1.0,1p00,831197,none_default,10000000.0
Fin_fl_rl_scaffold_3,pure_rl,fl_rl_scaffold,10440272.445959872,10000000.0,10440272.445958365,440272.44595836475,0.0,0.0,6.0,0.0,744,744,0,0.0,25840029.21350309,0.0,0.0,0.0,0,2243,1.0,1p00,831197,none_default,10000000.0
Fin_fl_rl_1,pure_rl,fl_rl,10009775.433271294,10000000.0,10009775.433271106,9775.433271106333,0.0,0.0,7.0,0.0,58,58,32,0.5517241379310345,2006918.7038995512,48938.53491749056,0.024384911467714335,0.004893853491749056,0,2256,1.0,1p00,709098,low_default,10000000.0
Fin_fl_rl_2,pure_rl,fl_rl,9952392.212289298,10000000.0,9952392.212290244,-47607.78770975582,47607.78770975582,0.004760778770975582,8.0,0.0,141,141,129,0.9148936170212766,5098556.4505211655,185536.17751243577,0.03638994278340697,0.018553617751243576,0,2256,1.0,1p00,709098,low_default,10000000.0
Fin_fl_rl_3,pure_rl,fl_rl,11085773.702207306,10000000.0,11085773.702205187,1085773.7022051867,0.0,0.0,8.0,0.0,1122,1122,32,0.0285204991087344,39256446.22877107,50332.85314905805,0.0012821551104177402,0.005033285314905805,0,2256,1.0,1p00,709098,low_default,10000000.0
Fin_fl_rl_prox_1,pure_rl,fl_rl_prox,10012126.288641976,10000000.0,10012126.28864574,12126.288645740598,0.0,0.0,7.0,0.0,194,194,87,0.4484536082474227,6853287.700176601,152959.3915180447,0.022319125974253656,0.01529593915180447,0,2256,1.0,1p00,709098,low_default,10000000.0
Fin_fl_rl_prox_2,pure_rl,fl_rl_prox,10018177.492592465,10000000.0,10018177.492592553,18177.492592552677,0.0,0.0,12.0,0.0,170,170,117,0.6882352941176471,5912474.455132814,168916.21041716734,0.028569461348036035,0.016891621041716733,0,2256,1.0,1p00,709098,low_default,10000000.0
Fin_fl_rl_prox_3,pure_rl,fl_rl_prox,10286797.079146426,10000000.0,10286797.079146741,286797.07914674096,0.0,0.0,18.0,0.0,279,279,3,0.010752688172043012,9972141.742351634,6838.751772163298,0.000685785656567551,0.0006838751772163297,0,2256,1.0,1p00,709098,low_default,10000000.0
Fin_fl_rl_scaffold_1,pure_rl,fl_rl_scaffold,9976339.364348758,10000000.0,9976339.364348816,-23660.635651184246,23660.635651184246,0.0023660635651184246,6.0,0.0,216,216,119,0.5509259259259259,7373502.935892189,221360.5030684867,0.03002107749777443,0.02213605030684867,0,2256,1.0,1p00,709098,low_default,10000000.0
Fin_fl_rl_scaffold_2,pure_rl,fl_rl_scaffold,9972149.123275,10000000.0,9972149.123271361,-27850.876728639007,27850.876728639007,0.0027850876728639008,6.0,0.0,300,300,224,0.7466666666666667,10440357.024336703,430053.1059646206,0.0411914175887048,0.04300531059646206,0,2256,1.0,1p00,709098,low_default,10000000.0
Fin_fl_rl_scaffold_3,pure_rl,fl_rl_scaffold,14534272.365586283,10000000.0,14534272.365585115,4534272.365585115,0.0,0.0,15.0,0.0,4113,4113,10,0.0024313153415998056,144090828.74407262,21200.16992673224,0.00014713059888347917,0.002120016992673224,0,2256,1.0,1p00,709098,low_default,10000000.0
Fin_fl_rl_1,pure_rl,fl_rl,10018978.144952074,10000000.0,10018978.144950941,18978.144950941205,0.0,0.0,7.0,0.0,159,159,60,0.37735849056603776,5581794.976307135,120119.7557461547,0.02151991541359422,0.01201197557461547,0,2257,1.0,1p00,436570,low_default,10000000.0
Fin_fl_rl_2,pure_rl,fl_rl,10011719.92258743,10000000.0,10011719.922586333,11719.922586333007,0.0,0.0,10.0,0.0,195,195,108,0.5538461538461539,6762898.363476371,181054.22747977986,0.02677169132950144,0.018105422747977985,0,2257,1.0,1p00,436570,low_default,10000000.0
Fin_fl_rl_3,pure_rl,fl_rl,10523308.58866319,10000000.0,10523308.58866394,523308.5886639394,0.0,0.0,18.0,0.0,670,670,13,0.019402985074626865,23132282.278818388,15993.31286406119,0.0006913849948435844,0.001599331286406119,0,2257,1.0,1p00,436570,low_default,10000000.0
Fin_fl_rl_prox_1,pure_rl,fl_rl_prox,10012984.07306355,10000000.0,10012984.073061952,12984.073061952367,0.0,0.0,7.0,0.0,152,152,63,0.4144736842105263,5227986.028576589,126931.68520167029,0.02427927016404626,0.012693168520167029,0,2257,1.0,1p00,436570,low_default,10000000.0
Fin_fl_rl_prox_2,pure_rl,fl_rl_prox,10025898.46996946,10000000.0,10025898.46996958,25898.46996957995,0.0,0.0,9.0,0.0,147,147,68,0.46258503401360546,5115822.790906972,110750.95845340918,0.021648708913502925,0.011075095845340919,0,2257,1.0,1p00,436570,low_default,10000000.0
Fin_fl_rl_prox_3,pure_rl,fl_rl_prox,13380234.592900313,10000000.0,13380234.592899375,3380234.5928993747,0.0,0.0,8.0,0.0,3918,3918,35,0.008933129147524248,137230587.01259312,67690.64237343974,0.0004932620623945012,0.006769064237343974,0,2257,1.0,1p00,436570,low_default,10000000.0
Fin_fl_rl_scaffold_1,pure_rl,fl_rl_scaffold,10014419.699648747,10000000.0,10014419.699646188,14419.699646187946,0.0,0.0,9.0,0.0,129,129,59,0.4573643410852713,4608142.352695168,115638.0594572006,0.025094289760724788,0.01156380594572006,0,2257,1.0,1p00,436570,low_default,10000000.0
Fin_fl_rl_scaffold_2,pure_rl,fl_rl_scaffold,9928438.059530912,10000000.0,9928438.059529332,-71561.94047066756,71561.94047066756,0.007156194047066755,8.0,0.0,339,339,270,0.7964601769911505,11775183.920025805,456661.89029193687,0.03878172038699979,0.045666189029193685,0,2257,1.0,1p00,436570,low_default,10000000.0
Fin_fl_rl_scaffold_3,pure_rl,fl_rl_scaffold,10770997.986959163,10000000.0,10770997.986959709,770997.9869597089,0.0,0.0,11.0,0.0,806,806,22,0.02729528535980149,28166680.313946653,41237.16888971993,0.001464040789688001,0.004123716888971993,0,2257,1.0,1p00,436570,low_default,10000000.0
Fin_fl_rl_1,pure_rl,fl_rl,10046623.470138496,10000000.0,10046623.470138563,46623.47013856284,0.0,0.0,14.0,0.0,74,74,15,0.20270270270270271,2573507.450766219,26289.825647904356,0.010215562282548279,0.0026289825647904355,0,2261,1.0,1p00,831197,low_default,10000000.0
Fin_fl_rl_2,pure_rl,fl_rl,9945231.623927947,10000000.0,9945231.623931536,-54768.37606846355,54768.37606846355,0.005476837606846355,9.0,0.0,307,307,232,0.755700325732899,10653276.569520928,330386.17123438016,0.031012634383267255,0.033038617123438016,0,2261,1.0,1p00,831197,low_default,10000000.0
Fin_fl_rl_3,pure_rl,fl_rl,13628958.025822612,10000000.0,13628958.025825856,3628958.0258258563,0.0,0.0,16.0,0.0,3485,3485,13,0.0037302725968436155,121597991.77797048,27886.125724303303,0.00022933047920085258,0.0027886125724303303,0,2261,1.0,1p00,831197,low_default,10000000.0
Fin_fl_rl_prox_1,pure_rl,fl_rl_prox,10031242.399320094,10000000.0,10031242.399319766,31242.39931976609,0.0,0.0,8.0,0.0,117,117,44,0.37606837606837606,4152839.2763626687,76722.40469615949,0.01847468673609686,0.007672240469615949,0,2261,1.0,1p00,831197,low_default,10000000.0
Fin_fl_rl_prox_2,pure_rl,fl_rl_prox,9974129.253177227,10000000.0,9974129.253179418,-25870.746820582077,25870.746820582077,0.0025870746820582076,9.0,0.0,248,248,178,0.717741935483871,8607728.12693522,285551.7017733357,0.033173875564190984,0.02855517017733357,0,2261,1.0,1p00,831197,low_default,10000000.0
Fin_fl_rl_prox_3,pure_rl,fl_rl_prox,10643146.313042907,10000000.0,10643146.313040005,643146.313040005,0.0,0.0,18.0,0.0,806,806,12,0.01488833746898263,28254901.81479514,16711.50524949424,0.0005914550812823416,0.001671150524949424,0,2261,1.0,1p00,831197,low_default,10000000.0
Fin_fl_rl_scaffold_1,pure_rl,fl_rl_scaffold,10012095.537548091,10000000.0,10012095.53754649,12095.537546489388,0.0,0.0,7.0,0.0,106,106,54,0.5094339622641509,3506235.637758312,91915.97004408052,0.026215000798647515,0.009191597004408051,0,2261,1.0,1p00,831197,low_default,10000000.0
Fin_fl_rl_scaffold_2,pure_rl,fl_rl_scaffold,9984658.736302827,10000000.0,9984658.736305086,-15341.263694914058,15341.263694914058,0.0015341263694914058,8.0,0.0,251,251,191,0.7609561752988048,8751641.197054328,313085.11225104646,0.03577444563842794,0.03130851122510465,0,2261,1.0,1p00,831197,low_default,10000000.0
Fin_fl_rl_scaffold_3,pure_rl,fl_rl_scaffold,11001182.758461017,10000000.0,11001182.758456726,1001182.7584567256,0.0,0.0,10.0,0.0,1228,1228,34,0.02768729641693811,42643740.665425815,59635.36705977883,0.0013984553448926043,0.005963536705977883,0,2261,1.0,1p00,831197,low_default,10000000.0
Fin_fl_rl_1,pure_rl,fl_rl,9940108.93430862,10000000.0,9940108.934308378,-59891.065691621974,59891.065691621974,0.0059891065691621975,8.0,0.0,116,116,57,0.49137931034482757,3976904.530640975,155261.30534878845,0.03904074240468737,0.015526130534878845,0,2248,1.0,1p00,709098,medium_default,10000000.0
Fin_fl_rl_2,pure_rl,fl_rl,9910962.839179529,10000000.0,9910962.839181855,-89037.16081814468,89037.16081814468,0.008903716081814467,9.0,0.0,247,247,185,0.7489878542510121,8383798.066578228,374243.89376472717,0.044638944162627175,0.037424389376472716,0,2248,1.0,1p00,709098,medium_default,10000000.0
Fin_fl_rl_3,pure_rl,fl_rl,11332224.232244624,10000000.0,11332224.232247703,1332224.2322477028,0.0,0.0,6.0,0.0,1992,1992,19,0.009538152610441768,69757561.08359492,47834.78815101042,0.0006857290795142186,0.004783478815101042,0,2248,1.0,1p00,709098,medium_default,10000000.0
Fin_fl_rl_prox_1,pure_rl,fl_rl_prox,9917221.223899346,10000000.0,9917221.223899707,-82778.7761002928,82778.7761002928,0.00827787761002928,9.0,0.0,88,88,59,0.6704545454545454,3144585.037479054,189473.95584097612,0.06025404102058353,0.018947395584097613,0,2248,1.0,1p00,709098,medium_default,10000000.0
Fin_fl_rl_prox_2,pure_rl,fl_rl_prox,9801597.908472896,10000000.0,9801597.908472382,-198402.09152761847,198402.09152761847,0.019840209152761846,9.0,0.0,367,367,332,0.9046321525885559,13009758.872197634,670922.1867738329,0.05157068577247961,0.06709221867738328,0,2248,1.0,1p00,709098,medium_default,10000000.0
Fin_fl_rl_prox_3,pure_rl,fl_rl_prox,10728951.493814765,10000000.0,10728951.493817315,728951.4938173145,0.0,0.0,6.0,0.0,1192,1192,33,0.027684563758389263,41731219.96979546,75823.36910448734,0.001816945901877955,0.007582336910448734,0,2248,1.0,1p00,709098,medium_default,10000000.0
Fin_fl_rl_scaffold_1,pure_rl,fl_rl_scaffold,9919546.002585735,10000000.0,9919546.002585668,-80453.99741433188,80453.99741433188,0.008045399741433189,10.0,0.0,97,97,55,0.5670103092783505,3359688.899512857,167813.29619578324,0.0499490581464598,0.016781329619578324,0,2248,1.0,1p00,709098,medium_default,10000000.0
Fin_fl_rl_scaffold_2,pure_rl,fl_rl_scaffold,9912668.726294896,10000000.0,9912668.726296304,-87331.2737036962,87331.2737036962,0.00873312737036962,8.0,0.0,195,195,158,0.8102564102564103,6912936.274967643,338306.9463931749,0.04893824171621752,0.03383069463931749,0,2248,1.0,1p00,709098,medium_default,10000000.0
Fin_fl_rl_scaffold_3,pure_rl,fl_rl_scaffold,11067649.74604791,10000000.0,11067649.74605035,1067649.7460503504,0.0,0.0,13.0,0.0,1681,1681,23,0.013682331945270671,59251083.80505619,64541.5365319568,0.0010892887081071275,0.0064541536531956805,0,2248,1.0,1p00,709098,medium_default,10000000.0
Fin_fl_rl_1,pure_rl,fl_rl,9930368.032855077,10000000.0,9930368.032853518,-69631.96714648232,69631.96714648232,0.006963196714648232,9.0,0.0,100,100,60,0.6,3333090.5470288494,164415.29303440513,0.04932818077233653,0.016441529303440512,0,2233,1.0,1p00,436570,medium_default,10000000.0
Fin_fl_rl_2,pure_rl,fl_rl,9824741.576386685,10000000.0,9824741.576386984,-175258.42361301556,175258.42361301556,0.017525842361301558,6.0,0.0,326,326,291,0.8926380368098159,11351672.199414391,477571.23214018246,0.04207056227053661,0.047757123214018246,0,2233,1.0,1p00,436570,medium_default,10000000.0
Fin_fl_rl_3,pure_rl,fl_rl,11799974.964163218,10000000.0,11799974.964162191,1799974.9641621914,0.0,0.0,13.0,0.0,2608,2608,19,0.0072852760736196315,91741529.9585391,42679.21297172978,0.0004652114804605708,0.004267921297172978,0,2233,1.0,1p00,436570,medium_default,10000000.0
Fin_fl_rl_prox_1,pure_rl,fl_rl_prox,9986045.062944232,10000000.0,9986045.062944753,-13954.937055246904,13954.937055246904,0.0013954937055246904,8.0,0.0,117,117,42,0.358974358974359,4218922.975131149,111618.74343864438,0.026456691458126135,0.011161874343864437,0,2233,1.0,1p00,436570,medium_default,10000000.0
Fin_fl_rl_prox_2,pure_rl,fl_rl_prox,9868552.689164389,10000000.0,9868552.68916275,-131447.3108372502,131447.3108372502,0.01314473108372502,7.0,0.0,337,337,258,0.7655786350148368,11824613.225470787,561681.6149499266,0.04750105599564452,0.05616816149499266,0,2233,1.0,1p00,436570,medium_default,10000000.0
Fin_fl_rl_prox_3,pure_rl,fl_rl_prox,10361540.006109254,10000000.0,10361540.006108584,361540.0061085839,0.0,0.0,12.0,0.0,451,451,19,0.04212860310421286,15768979.78793271,45864.00659265043,0.0029084954898444407,0.004586400659265044,0,2233,1.0,1p00,436570,medium_default,10000000.0
Fin_fl_rl_scaffold_1,pure_rl,fl_rl_scaffold,9922098.839774076,10000000.0,9922098.839774318,-77901.16022568196,77901.16022568196,0.007790116022568196,11.0,0.0,93,93,61,0.6559139784946236,3247487.655207735,168617.13435978128,0.05192233266518613,0.01686171343597813,0,2233,1.0,1p00,436570,medium_default,10000000.0
Fin_fl_rl_scaffold_2,pure_rl,fl_rl_scaffold,9873883.99377494,10000000.0,9873883.993771343,-126116.00622865744,126116.00622865744,0.012611600622865744,9.0,0.0,240,240,212,0.8833333333333333,8591732.674166499,441763.55008832243,0.05141728296745206,0.04417635500883224,0,2233,1.0,1p00,436570,medium_default,10000000.0
Fin_fl_rl_scaffold_3,pure_rl,fl_rl_scaffold,11296484.667349886,10000000.0,11296484.667348841,1296484.6673488412,0.0,0.0,33.0,0.0,1747,1747,38,0.021751574127074985,61228730.57878451,97191.0457016781,0.0015873437973145629,0.00971910457016781,0,2233,1.0,1p00,436570,medium_default,10000000.0
Fin_fl_rl_1,pure_rl,fl_rl,9947776.87695828,10000000.0,9947776.876959227,-52223.123040772974,52223.123040772974,0.005222312304077298,10.0,0.0,137,137,60,0.43795620437956206,4709617.594169115,169942.6591813104,0.036084173668731206,0.016994265918131038,0,2248,1.0,1p00,831197,medium_default,10000000.0
Fin_fl_rl_2,pure_rl,fl_rl,9927793.366278324,10000000.0,9927793.366280334,-72206.63371966593,72206.63371966593,0.007220663371966593,9.0,0.0,282,282,206,0.7304964539007093,9790147.894077972,396467.94296075735,0.04049662448925614,0.03964679429607573,0,2248,1.0,1p00,831197,medium_default,10000000.0
Fin_fl_rl_3,pure_rl,fl_rl,10549473.02903582,10000000.0,10549473.029035024,549473.0290350243,0.0,0.0,15.0,0.0,674,674,26,0.03857566765578635,23980681.332461137,54356.89783574519,0.0022666953070330695,0.005435689783574519,0,2248,1.0,1p00,831197,medium_default,10000000.0
Fin_fl_rl_prox_1,pure_rl,fl_rl_prox,9926519.216283653,10000000.0,9926519.216284433,-73480.78371556662,73480.78371556662,0.007348078371556662,9.0,0.0,153,153,80,0.5228758169934641,5514354.610784393,233782.87273398574,0.042395328054669876,0.023378287273398576,0,2248,1.0,1p00,831197,medium_default,10000000.0
Fin_fl_rl_prox_2,pure_rl,fl_rl_prox,9918139.306883613,10000000.0,9918139.306882214,-81860.6931177862,81860.6931177862,0.00818606931177862,9.0,0.0,261,261,185,0.7088122605363985,9102970.47662463,378855.17531384545,0.041618851372384594,0.03788551753138455,0,2248,1.0,1p00,831197,medium_default,10000000.0
Fin_fl_rl_prox_3,pure_rl,fl_rl_prox,12894080.645388415,10000000.0,12894080.645387454,2894080.645387454,0.0,0.0,10.0,0.0,3465,3465,31,0.008946608946608947,121774642.25175875,84208.91220494911,0.0006915143468937837,0.008420891220494912,0,2248,1.0,1p00,831197,medium_default,10000000.0
Fin_fl_rl_scaffold_1,pure_rl,fl_rl_scaffold,9932429.533222046,10000000.0,9932429.533220777,-67570.46677922271,67570.46677922271,0.006757046677922271,9.0,0.0,152,152,86,0.5657894736842105,5394691.856434251,233170.11008280056,0.043222136924224594,0.023317011008280056,0,2248,1.0,1p00,831197,medium_default,10000000.0
Fin_fl_rl_scaffold_2,pure_rl,fl_rl_scaffold,9870292.032457463,10000000.0,9870292.03245837,-129707.96754162945,129707.96754162945,0.012970796754162945,16.0,0.0,282,282,253,0.8971631205673759,9859886.441562518,544290.6591496958,0.05520252818078509,0.05442906591496958,0,2248,1.0,1p00,831197,medium_default,10000000.0
Fin_fl_rl_scaffold_3,pure_rl,fl_rl_scaffold,10399761.985436592,10000000.0,10399761.98543543,399761.98543542996,0.0,0.0,17.0,0.0,581,581,26,0.04475043029259897,20148757.193181615,58760.088622001625,0.002916313302037615,0.005876008862200162,0,2248,1.0,1p00,831197,medium_default,10000000.0
Fin_fl_rl_1,pure_rl,fl_rl,9859548.610806722,10000000.0,9859548.610807648,-140451.38919235207,140451.38919235207,0.014045138919235207,11.0,0.0,144,144,78,0.5416666666666666,5087540.01545573,310689.58516764094,0.0610687255970035,0.031068958516764094,0,2258,1.0,1p00,709098,high_default,10000000.0
Fin_fl_rl_2,pure_rl,fl_rl,9892042.947678402,10000000.0,9892042.947678423,-107957.05232157744,107957.05232157744,0.010795705232157744,8.0,0.0,229,229,163,0.7117903930131004,7894774.499190528,342208.0417766231,0.043346145201704066,0.03422080417766231,0,2258,1.0,1p00,709098,high_default,10000000.0
Fin_fl_rl_3,pure_rl,fl_rl,10256738.46873522,10000000.0,10256738.468737528,256738.46873752773,0.0,0.0,19.0,0.0,383,383,28,0.0731070496083551,13482080.901833883,85035.9595066525,0.00630733194124993,0.00850359595066525,0,2258,1.0,1p00,709098,high_default,10000000.0
Fin_fl_rl_prox_1,pure_rl,fl_rl_prox,9847746.567248361,10000000.0,9847746.56724582,-152253.43275417946,152253.43275417946,0.015225343275417946,10.0,0.0,135,135,76,0.562962962962963,4581457.055258972,291641.45933287253,0.06365692307387288,0.029164145933287252,0,2258,1.0,1p00,709098,high_default,10000000.0
Fin_fl_rl_prox_2,pure_rl,fl_rl_prox,9821238.030589331,10000000.0,9821238.030588903,-178761.96941109747,178761.96941109747,0.017876196941109746,8.0,0.0,328,328,250,0.7621951219512195,11564789.005706238,643712.6739397312,0.05566142829083297,0.06437126739397311,0,2258,1.0,1p00,709098,high_default,10000000.0
Fin_fl_rl_prox_3,pure_rl,fl_rl_prox,10904635.033426752,10000000.0,10904635.033428594,904635.0334285945,0.0,0.0,14.0,0.0,798,798,18,0.022556390977443608,27977689.468205392,56847.25043962579,0.0020318779541901965,0.005684725043962578,0,2258,1.0,1p00,709098,high_default,10000000.0
Fin_fl_rl_scaffold_1,pure_rl,fl_rl_scaffold,9832147.745622324,10000000.0,9832147.745620573,-167852.25437942706,167852.25437942706,0.016785225437942707,10.0,0.0,174,174,90,0.5172413793103449,6189157.137561005,355583.1630049709,0.057452598972967346,0.035558316300497085,0,2258,1.0,1p00,709098,high_default,10000000.0
Fin_fl_rl_scaffold_2,pure_rl,fl_rl_scaffold,9817216.366068939,10000000.0,9817216.366068391,-182783.63393160887,182783.63393160887,0.018278363393160888,10.0,0.0,343,343,253,0.7376093294460642,12040931.968588298,573419.1368531586,0.047622487889563865,0.05734191368531586,0,2258,1.0,1p00,709098,high_default,10000000.0
Fin_fl_rl_scaffold_3,pure_rl,fl_rl_scaffold,12348104.941885155,10000000.0,12348104.941884425,2348104.9418844245,0.0,0.0,7.0,0.0,2697,2697,43,0.015943641082684465,94622800.62386273,137798.76451014561,0.0014562955609178454,0.01377987645101456,0,2258,1.0,1p00,709098,high_default,10000000.0
Fin_fl_rl_1,pure_rl,fl_rl,9797608.587463997,10000000.0,9797608.587465605,-202391.41253439523,202391.41253439523,0.020239141253439525,10.0,0.0,115,115,84,0.7304347826086957,4071835.78959788,324512.9120800527,0.07969695460437526,0.03245129120800527,0,2257,1.0,1p00,436570,high_default,10000000.0
Fin_fl_rl_2,pure_rl,fl_rl,9937997.133295426,10000000.0,9937997.133295048,-62002.86670495197,62002.86670495197,0.006200286670495197,21.0,0.0,65,65,60,0.9230769230769231,2331065.2352203764,125405.58072109702,0.05379754235373911,0.012540558072109702,0,2257,1.0,1p00,436570,high_default,10000000.0
Fin_fl_rl_3,pure_rl,fl_rl,11064359.526113182,10000000.0,11064359.526112312,1064359.5261123125,0.0,0.0,15.0,0.0,1699,1699,20,0.011771630370806356,59381212.64248242,55391.0191242991,0.0009328037717550977,0.00553910191242991,0,2257,1.0,1p00,436570,high_default,10000000.0
Fin_fl_rl_prox_1,pure_rl,fl_rl_prox,9810295.531216651,10000000.0,9810295.531216616,-189704.4687833842,189704.4687833842,0.018970446878338418,11.0,0.0,102,102,83,0.8137254901960784,3484136.713382163,300190.2083578047,0.08615913583551675,0.03001902083578047,0,2257,1.0,1p00,436570,high_default,10000000.0
Fin_fl_rl_prox_2,pure_rl,fl_rl_prox,9820639.055999685,10000000.0,9820639.055999015,-179360.94400098547,179360.94400098547,0.017936094400098548,8.0,0.0,214,214,193,0.9018691588785047,7489979.967260481,448382.6899054728,0.0598643376705148,0.04483826899054728,0,2257,1.0,1p00,436570,high_default,10000000.0
Fin_fl_rl_prox_3,pure_rl,fl_rl_prox,10770459.884197341,10000000.0,10770459.88419947,770459.8841994703,0.0,0.0,9.0,0.0,1105,1105,18,0.016289592760180997,38620009.17158568,43592.765322169485,0.001128761133341275,0.004359276532216949,0,2257,1.0,1p00,436570,high_default,10000000.0
Fin_fl_rl_scaffold_1,pure_rl,fl_rl_scaffold,9813556.747062847,10000000.0,9813556.747063965,-186443.2529360354,186443.2529360354,0.01864432529360354,10.0,0.0,118,118,85,0.7203389830508474,3991865.036131424,309183.79589320975,0.07745346926679776,0.030918379589320977,0,2257,1.0,1p00,436570,high_default,10000000.0
Fin_fl_rl_scaffold_2,pure_rl,fl_rl_scaffold,9860539.814170027,10000000.0,9860539.814170074,-139460.18582992628,139460.18582992628,0.013946018582992627,10.0,0.0,201,201,168,0.835820895522388,6867710.875769511,353464.8185007463,0.05146763235881583,0.03534648185007463,0,2257,1.0,1p00,436570,high_default,10000000.0
Fin_fl_rl_scaffold_3,pure_rl,fl_rl_scaffold,10902098.184136616,10000000.0,10902098.184137434,902098.1841374338,0.0,0.0,9.0,0.0,1373,1373,26,0.018936635105608158,48390020.08471716,82422.09668772333,0.0017032870939798265,0.008242209668772333,0,2257,1.0,1p00,436570,high_default,10000000.0
Fin_fl_rl_1,pure_rl,fl_rl,9860997.309046168,10000000.0,9860997.30904511,-139002.6909548901,139002.6909548901,0.01390026909548901,9.0,0.0,138,138,77,0.5579710144927537,4873176.310198962,285226.5064342478,0.05852989678155163,0.028522650643424782,0,2250,1.0,1p00,831197,high_default,10000000.0
Fin_fl_rl_2,pure_rl,fl_rl,9758895.550175037,10000000.0,9758895.550176825,-241104.44982317463,241104.44982317463,0.02411044498231746,11.0,0.0,289,289,266,0.9204152249134948,10128860.345983418,653027.7906814812,0.06447199076453239,0.06530277906814813,0,2250,1.0,1p00,831197,high_default,10000000.0
Fin_fl_rl_3,pure_rl,fl_rl,12683443.704698622,10000000.0,12683443.704698216,2683443.704698216,0.0,0.0,9.0,0.0,3350,3350,35,0.010447761194029851,116711882.8593723,96858.9022262428,0.0008298975207430197,0.009685890222624281,0,2250,1.0,1p00,831197,high_default,10000000.0
Fin_fl_rl_prox_1,pure_rl,fl_rl_prox,9777168.617116544,10000000.0,9777168.617115537,-222831.3828844633,222831.3828844633,0.02228313828844633,11.0,0.0,103,103,97,0.941747572815534,3748818.6492786473,359406.7136430046,0.09587199255748531,0.03594067136430046,0,2250,1.0,1p00,831197,high_default,10000000.0
Fin_fl_rl_prox_2,pure_rl,fl_rl_prox,9824217.344982771,10000000.0,9824217.344981762,-175782.65501823835,175782.65501823835,0.017578265501823835,8.0,0.0,177,177,173,0.9774011299435028,6126950.829751321,411418.06088490307,0.06714890853818091,0.04114180608849031,0,2250,1.0,1p00,831197,high_default,10000000.0
Fin_fl_rl_prox_3,pure_rl,fl_rl_prox,10291889.408312658,10000000.0,10291889.408312276,291889.408312276,0.0,0.0,7.0,0.0,456,456,47,0.10307017543859649,15793913.332267655,142400.45273424734,0.009016160196556036,0.014240045273424734,0,2250,1.0,1p00,831197,high_default,10000000.0
Fin_fl_rl_scaffold_1,pure_rl,fl_rl_scaffold,9851050.448739449,10000000.0,9851050.448738609,-148949.5512613915,148949.5512613915,0.014894955126139149,10.0,0.0,145,145,86,0.593103448275862,5085166.908485312,311948.1930758871,0.061344730407050733,0.03119481930758871,0,2250,1.0,1p00,831197,high_default,10000000.0
Fin_fl_rl_scaffold_2,pure_rl,fl_rl_scaffold,9881991.98730404,10000000.0,9881991.98730411,-118008.01269588992,118008.01269588992,0.011800801269588991,10.0,0.0,172,172,146,0.8488372093023255,6102615.304349159,379153.08369892417,0.062129605880402235,0.03791530836989242,0,2250,1.0,1p00,831197,high_default,10000000.0
Fin_fl_rl_scaffold_3,pure_rl,fl_rl_scaffold,10250176.771071317,10000000.0,10250176.771072155,250176.77107215486,0.0,0.0,13.0,0.0,381,381,24,0.06299212598425197,13327977.213309396,70282.98559110666,0.00527334226839176,0.007028298559110665,0,2250,1.0,1p00,831197,high_default,10000000.0
