seed,default_scenario,base_capital_per_financier,capital_per_financier,capital_multiplier,wholesaler_count,wholesaler_policy,label,shock_profile_counts,financiers,total_initial_capital,total_final_capital,mean_final_capital,return_pct,total_loans,loans_per_wholesaler,total_defaults,default_count_rate,default_amount_to_initial_capital_rate,default_amount_to_issued_rate,avg_capital_utilization,max_capital_utilization,avg_final_utilization,max_final_utilization,simulation_elapsed_seconds
709098,none_default,1000000.0,1000000.0,1.0,50,rl,Isolated RL (non-federated),{'none': 50},3,3000000.0,7756248.62892385,2585416.2096412834,158.54162096412833,2934,58.68,0,0.0,0.0,0.0,0.9658606720379908,0.9999975278027569,0.0,0.0,7.425837899994804
709098,none_default,1000000.0,1000000.0,1.0,50,fl_rl,FedAvg (federated),{'none': 50},3,3000000.0,8316003.101801583,2772001.0339338607,177.20010339338612,3004,60.08,0,0.0,0.0,0.0,0.9572940892825669,0.9999975278027569,0.0,0.0,7.406804199999897
709098,low_default,1000000.0,1000000.0,1.0,50,rl,Isolated RL (non-federated),"{'none': 44, 'medium': 5, 'high': 1}",3,3000000.0,7150504.202812146,2383501.400937382,138.35014009373825,2625,52.5,135,0.05142857142857143,0.08905574089253201,0.0032179630914589384,0.9339509351072139,0.9999933361737415,0.0,0.0,7.663297100007185
709098,low_default,1000000.0,1000000.0,1.0,50,fl_rl,FedAvg (federated),"{'none': 44, 'medium': 5, 'high': 1}",3,3000000.0,7681013.531805304,2560337.8439351013,156.03378439351016,2791,55.82,174,0.06234324614833393,0.10927604255531653,0.003707721529962003,0.9636146936955567,0.9999982775173005,0.0,0.0,17.412304799989215
709098,medium_default,1000000.0,1000000.0,1.0,50,rl,Isolated RL (non-federated),"{'none': 38, 'medium': 9, 'high': 3}",3,3000000.0,7030462.300574344,2343487.4335247814,134.34874335247812,2354,47.08,144,0.06117247238742566,0.11318528054909811,0.004459869374234013,0.8827175338544452,0.9999971368567805,0.0,0.0,14.594103099996573
709098,medium_default,1000000.0,1000000.0,1.0,50,fl_rl,FedAvg (federated),"{'none': 38, 'medium': 9, 'high': 3}",3,3000000.0,7351142.467841467,2450380.8226138223,145.03808226138221,2644,52.88,105,0.0397125567322239,0.07894018786308103,0.0027638175977470233,0.9565803105935257,0.9999998104275646,0.0,0.0,16.965701299996
709098,high_default,1000000.0,1000000.0,1.0,50,rl,Isolated RL (non-federated),"{'none': 32, 'medium': 13, 'high': 5}",3,3000000.0,7040767.939705929,2346922.646568643,134.6922646568643,2478,49.56,165,0.06658595641646489,0.16321428432079219,0.006068724344715961,0.9290261919101447,0.9999938252610883,0.0,0.0,15.379340300001786
709098,high_default,1000000.0,1000000.0,1.0,50,fl_rl,FedAvg (federated),"{'none': 32, 'medium': 13, 'high': 5}",3,3000000.0,6991192.63268685,2330397.54422895,133.03975442289502,2477,49.54,148,0.059749697214372226,0.14564141542972528,0.005369050733666912,0.9434515517089445,0.9999982134694752,0.0,0.0,14.956665200006682
709098,none_default,5000000.0,5000000.0,1.0,50,rl,Isolated RL (non-federated),{'none': 50},3,15000000.0,23266695.033370316,7755565.011123438,55.11130022246879,6637,132.74,0,0.0,0.0,0.0,0.6679855868949285,0.9999990876143148,0.0,0.0,52.96895249999943
709098,none_default,5000000.0,5000000.0,1.0,50,fl_rl,FedAvg (federated),{'none': 50},3,15000000.0,22499591.954525463,7499863.984841821,49.99727969683641,6647,132.94,0,0.0,0.0,0.0,0.6499272484965202,0.9999959254646806,0.0,0.0,53.345543400006136
709098,low_default,5000000.0,5000000.0,1.0,50,rl,Isolated RL (non-federated),"{'none': 44, 'medium': 5, 'high': 1}",3,15000000.0,23727111.903407745,7909037.301135915,58.18074602271828,5411,108.22,218,0.04028830160783589,0.02701535577357999,0.00214403648230943,0.5627604030281325,0.9999491849386546,0.0,0.0,30.291225600012694
709098,low_default,5000000.0,5000000.0,1.0,50,fl_rl,FedAvg (federated),"{'none': 44, 'medium': 5, 'high': 1}",3,15000000.0,23796373.847449787,7932124.615816596,58.642492316331904,5553,111.06,182,0.03277507653520619,0.024604707804980728,0.0018993356818160251,0.5526749396473752,0.9999139553771961,0.0,0.0,46.17281439999351
709098,medium_default,5000000.0,5000000.0,1.0,50,rl,Isolated RL (non-federated),"{'none': 38, 'medium': 9, 'high': 3}",3,15000000.0,22064183.185177878,7354727.728392626,47.09455456785253,5265,105.3,450,0.08547008547008547,0.07192568836106816,0.00585073806799649,0.5528906051337007,0.9999860531692762,0.0,0.0,46.541239099999075
709098,medium_default,5000000.0,5000000.0,1.0,50,fl_rl,FedAvg (federated),"{'none': 38, 'medium': 9, 'high': 3}",3,15000000.0,21507202.117299456,7169067.372433152,43.38134744866304,4430,88.6,373,0.08419864559819414,0.061001069067416216,0.005886214372178651,0.47776942007703244,0.9998354821091857,0.0,0.0,34.08885860000737
709098,high_default,5000000.0,5000000.0,1.0,50,rl,Isolated RL (non-federated),"{'none': 32, 'medium': 13, 'high': 5}",3,15000000.0,20280993.892169245,6760331.2973897485,35.20662594779497,4766,95.32,649,0.1361728913134704,0.1266946320191518,0.011376095755038477,0.5403605019632765,0.999346178374225,0.0,0.0,37.687024500002735
709098,high_default,5000000.0,5000000.0,1.0,50,fl_rl,FedAvg (federated),"{'none': 32, 'medium': 13, 'high': 5}",3,15000000.0,19461206.549294986,6487068.849764995,29.74137699529989,4627,92.54,538,0.11627404365679705,0.10566507827769274,0.009794785196191294,0.5193528159890298,0.9336231283909437,0.0,0.0,34.41032159999304
709098,none_default,10000000.0,10000000.0,1.0,50,rl,Isolated RL (non-federated),{'none': 50},3,30000000.0,36766500.75192611,12255500.250642037,22.555002506420358,6664,133.28,0,0.0,0.0,0.0,0.4437904273459443,0.999917836189259,0.0,0.0,51.61416279998957
709098,none_default,10000000.0,10000000.0,1.0,50,fl_rl,FedAvg (federated),{'none': 50},3,30000000.0,39001587.44331746,13000529.147772485,30.005291477724867,6623,132.46,0,0.0,0.0,0.0,0.38720764393858814,0.8821799243062947,0.0,0.0,35.98006780000287
709098,low_default,10000000.0,10000000.0,1.0,50,rl,Isolated RL (non-federated),"{'none': 44, 'medium': 5, 'high': 1}",3,30000000.0,38257452.326678,12752484.108892666,27.52484108892668,5912,118.24,235,0.03974966170500677,0.01601525198596691,0.002320644503409661,0.3251570499822322,0.6727448253408458,0.0,0.0,48.7770074
709098,low_default,10000000.0,10000000.0,1.0,50,fl_rl,FedAvg (federated),"{'none': 44, 'medium': 5, 'high': 1}",3,30000000.0,38302608.48998654,12767536.163328847,27.67536163328847,5201,104.02,159,0.03057104402999423,0.009978615193235642,0.001651951038405781,0.2930537916789168,0.8530543279239615,0.0,0.0,39.4333256999962
709098,medium_default,10000000.0,10000000.0,1.0,50,rl,Isolated RL (non-federated),"{'none': 38, 'medium': 9, 'high': 3}",3,30000000.0,36846014.55572044,12282004.851906814,22.82004851906813,5218,104.36,497,0.09524722115753162,0.0395253931137017,0.006454079095361453,0.31016131950792447,0.6404118541443135,0.0,0.0,42.58268400000816
709098,medium_default,10000000.0,10000000.0,1.0,50,fl_rl,FedAvg (federated),"{'none': 38, 'medium': 9, 'high': 3}",3,30000000.0,36425163.654292226,12141721.21809741,21.41721218097408,4851,97.02,530,0.10925582354153783,0.04281575642960101,0.007551896694497387,0.2945283344751025,0.654502767771366,0.0,0.0,38.21498509999947
709098,high_default,10000000.0,10000000.0,1.0,50,rl,Isolated RL (non-federated),"{'none': 32, 'medium': 13, 'high': 5}",3,30000000.0,35941605.23863442,11980535.079544807,19.805350795448074,4737,94.74,627,0.13236225459151363,0.06101657174392202,0.011078425228814966,0.2972961644955109,0.6290895807696918,0.0,0.0,38.11159729999781
709098,high_default,10000000.0,10000000.0,1.0,50,fl_rl,FedAvg (federated),"{'none': 32, 'medium': 13, 'high': 5}",3,30000000.0,35965545.683235936,11988515.227745311,19.88515227745312,4568,91.36,499,0.10923817863397549,0.049506286690141496,0.009209978889158808,0.2711067772107517,0.47326736461750335,0.0,0.0,30.605969699987327
436570,none_default,1000000.0,1000000.0,1.0,50,rl,Isolated RL (non-federated),{'none': 50},3,3000000.0,7812934.363565655,2604311.454521885,160.4311454521885,2972,59.44,0,0.0,0.0,0.0,0.9613083379015107,0.9999986754891635,0.0,0.0,18.554630799990264
436570,none_default,1000000.0,1000000.0,1.0,50,fl_rl,FedAvg (federated),{'none': 50},3,3000000.0,8114369.538781648,2704789.846260549,170.4789846260549,2943,58.86,0,0.0,0.0,0.0,0.9530016434670456,0.9999986754891635,0.0,0.0,17.256166699997266
436570,low_default,1000000.0,1000000.0,1.0,50,rl,Isolated RL (non-federated),"{'none': 44, 'medium': 5, 'high': 1}",3,3000000.0,7842320.934104385,2614106.978034795,161.41069780347954,2819,56.38,79,0.028024122029088328,0.0444590422554727,0.0014736649601921402,0.946217772665742,0.9999981076074322,0.0,0.0,17.10806009999942
436570,low_default,1000000.0,1000000.0,1.0,50,fl_rl,FedAvg (federated),"{'none': 44, 'medium': 5, 'high': 1}",3,3000000.0,6967689.452357035,2322563.1507856785,132.2563150785678,2535,50.7,113,0.044575936883629194,0.07366884285841549,0.0026777596311365736,0.9185678878183878,0.9999917114702022,0.0,0.0,15.722387300003902
436570,medium_default,1000000.0,1000000.0,1.0,50,rl,Isolated RL (non-federated),"{'none': 38, 'medium': 9, 'high': 3}",3,3000000.0,7512095.412596237,2504031.8041987456,150.40318041987456,2685,53.7,128,0.047672253258845436,0.1059380514206272,0.0036376551603476653,0.9589136302055855,0.9999938541316709,0.0,0.0,17.703514200009522
436570,medium_default,1000000.0,1000000.0,1.0,50,fl_rl,FedAvg (federated),"{'none': 38, 'medium': 9, 'high': 3}",3,3000000.0,7353195.651437876,2451065.2171459584,145.10652171459589,2448,48.96,106,0.04330065359477124,0.07993617260757344,0.002984669181371241,0.8849809523220475,0.9999956455744542,0.0,0.0,15.863591399989673
436570,high_default,1000000.0,1000000.0,1.0,50,rl,Isolated RL (non-federated),"{'none': 32, 'medium': 13, 'high': 5}",3,3000000.0,5671978.202820096,1890659.400940032,89.0659400940032,2194,43.88,340,0.15496809480401094,0.288444257188942,0.01230933872682392,0.9222481503612451,0.9999908118276642,0.0,0.0,15.213998599996557
436570,high_default,1000000.0,1000000.0,1.0,50,fl_rl,FedAvg (federated),"{'none': 32, 'medium': 13, 'high': 5}",3,3000000.0,6706965.915437741,2235655.3051459137,123.56553051459136,2198,43.96,203,0.09235668789808917,0.17983627223384654,0.007365686396540798,0.8771848267488863,0.9999902022077866,0.0,0.0,14.856635300006019
436570,none_default,5000000.0,5000000.0,1.0,50,rl,Isolated RL (non-federated),{'none': 50},3,15000000.0,22578656.389091283,7526218.796363761,50.52437592727522,6614,132.28,0,0.0,0.0,0.0,0.6580529676858764,0.999993966226343,0.0,0.0,53.477806599999894
436570,none_default,5000000.0,5000000.0,1.0,50,fl_rl,FedAvg (federated),{'none': 50},3,15000000.0,24093964.37178172,8031321.457260574,60.626429145211475,6496,129.92,0,0.0,0.0,0.0,0.662023183970787,0.9999961025786053,0.0,0.0,53.928486200005864
436570,low_default,5000000.0,5000000.0,1.0,50,rl,Isolated RL (non-federated),"{'none': 44, 'medium': 5, 'high': 1}",3,15000000.0,23776239.53132061,7925413.177106869,58.50826354213739,5774,115.48,360,0.06234845860755109,0.050103562026986265,0.0037108751341295614,0.5691769507164826,0.9998040329424579,0.0,0.0,43.61118490000081
436570,low_default,5000000.0,5000000.0,1.0,50,fl_rl,FedAvg (federated),"{'none': 44, 'medium': 5, 'high': 1}",3,15000000.0,22927091.630553603,7642363.876851201,52.84727753702403,5734,114.68,224,0.039065224973840254,0.0326150145751127,0.0024488216450782928,0.5735713666545813,0.9999624277402986,0.0,0.0,42.80416730001161
436570,medium_default,5000000.0,5000000.0,1.0,50,rl,Isolated RL (non-federated),"{'none': 38, 'medium': 9, 'high': 3}",3,15000000.0,21721635.157131493,7240545.052377164,44.810901047543304,5062,101.24,461,0.09107072303437376,0.07539564860695325,0.006412553739529962,0.5323410662045495,0.9997289845116653,0.0,0.0,37.47953769999731
436570,medium_default,5000000.0,5000000.0,1.0,50,fl_rl,FedAvg (federated),"{'none': 38, 'medium': 9, 'high': 3}",3,15000000.0,22554489.991927207,7518163.330642402,50.36326661284803,5068,101.36,293,0.057813733228097866,0.050990321472582575,0.004309858911681447,0.5329127050140043,0.9999309083446435,0.0,0.0,38.889655100007076
436570,high_default,5000000.0,5000000.0,1.0,50,rl,Isolated RL (non-federated),"{'none': 32, 'medium': 13, 'high': 5}",3,15000000.0,20654730.519923314,6884910.173307772,37.698203466155434,4489,89.78,540,0.12029405212742258,0.10183543948483458,0.009691362533739842,0.498818422377832,0.9964193861941206,0.0,0.0,32.493108499998925
436570,high_default,5000000.0,5000000.0,1.0,50,fl_rl,FedAvg (federated),"{'none': 32, 'medium': 13, 'high': 5}",3,15000000.0,21056559.87409412,7018853.291364707,40.37706582729413,4680,93.6,554,0.11837606837606837,0.10728465506595748,0.009896675959698209,0.5247761316929211,0.9999781831142103,0.0,0.0,37.652315200000885
436570,none_default,10000000.0,10000000.0,1.0,50,rl,Isolated RL (non-federated),{'none': 50},3,30000000.0,36594810.708896376,12198270.236298792,21.982702362987933,6629,132.58,0,0.0,0.0,0.0,0.3733865012204887,0.9874429529243086,0.0,0.0,51.15075899999647
436570,none_default,10000000.0,10000000.0,1.0,50,fl_rl,FedAvg (federated),{'none': 50},3,30000000.0,38130442.535224326,12710147.511741443,27.101475117414427,6605,132.1,0,0.0,0.0,0.0,0.4145985342371713,0.9934637219042786,0.0,0.0,57.66130740000517
436570,low_default,10000000.0,10000000.0,1.0,50,rl,Isolated RL (non-federated),"{'none': 44, 'medium': 5, 'high': 1}",3,30000000.0,38165492.80614615,12721830.935382051,27.218309353820516,5339,106.78,204,0.038209402509833304,0.014305270969065116,0.0023007595516852187,0.3094236062514785,0.978759345057234,0.0,0.0,38.95104189999984
436570,low_default,10000000.0,10000000.0,1.0,50,fl_rl,FedAvg (federated),"{'none': 44, 'medium': 5, 'high': 1}",3,30000000.0,38428625.60487108,12809541.86829036,28.095418682903592,5519,110.38,214,0.03877514042398985,0.015521689342814742,0.0024050912437133475,0.3209209443430417,0.9993553825862763,0.0,0.0,44.92720350000309
436570,medium_default,10000000.0,10000000.0,1.0,50,rl,Isolated RL (non-federated),"{'none': 38, 'medium': 9, 'high': 3}",3,30000000.0,36224624.84963894,12074874.949879646,20.748749498796464,4583,91.66,503,0.1097534366135719,0.04081558080614413,0.007648270691152332,0.27407440312231157,0.6561705195694063,0.0,0.0,35.594573800000944
436570,medium_default,10000000.0,10000000.0,1.0,50,fl_rl,FedAvg (federated),"{'none': 38, 'medium': 9, 'high': 3}",3,30000000.0,37288569.40952345,12429523.136507817,24.29523136507818,4483,89.66,360,0.08030336828016953,0.02937570544311304,0.005624671736532983,0.2650191879317723,0.5908237508722775,0.0,0.0,32.8633880999987
436570,high_default,10000000.0,10000000.0,1.0,50,rl,Isolated RL (non-federated),"{'none': 32, 'medium': 13, 'high': 5}",3,30000000.0,35603667.13502416,11867889.045008054,18.678890450080527,4532,90.64,547,0.12069726390114739,0.05266184955402372,0.00999504899405677,0.266113044482124,0.5423050277519764,0.0,0.0,34.069387800002005
436570,high_default,10000000.0,10000000.0,1.0,50,fl_rl,FedAvg (federated),"{'none': 32, 'medium': 13, 'high': 5}",3,30000000.0,35725264.24899843,11908421.416332811,19.084214163328102,4682,93.64,560,0.1196070055531824,0.05501809298326728,0.010081628639302532,0.279511607640899,0.5579117990042889,0.0,0.0,34.53371440000774
831197,none_default,1000000.0,1000000.0,1.0,50,rl,Isolated RL (non-federated),{'none': 50},3,3000000.0,7313635.904823874,2437878.6349412915,143.78786349412917,2859,57.18,0,0.0,0.0,0.0,0.9663720816428404,0.9999957328979858,0.0,0.0,17.97436619999644
831197,none_default,1000000.0,1000000.0,1.0,50,fl_rl,FedAvg (federated),{'none': 50},3,3000000.0,7466728.638314564,2488909.5461048544,148.89095461048547,2932,58.64,0,0.0,0.0,0.0,0.9665392757797988,0.9999911110443916,0.0,0.0,18.637375099991914
831197,low_default,1000000.0,1000000.0,1.0,50,rl,Isolated RL (non-federated),"{'none': 44, 'medium': 5, 'high': 1}",3,3000000.0,7525239.321997382,2508413.1073324606,150.84131073324605,2692,53.84,215,0.07986627043090638,0.12989674401847134,0.004546543672814019,0.9306006976562776,0.9999900385030183,0.0,0.0,16.605708500006585
831197,low_default,1000000.0,1000000.0,1.0,50,fl_rl,FedAvg (federated),"{'none': 44, 'medium': 5, 'high': 1}",3,3000000.0,7436597.101425417,2478865.700475139,147.88657004751386,2702,54.04,64,0.023686158401184307,0.038515989048245235,0.0013289981540231298,0.9344382266706763,0.9999972296563574,0.0,0.0,15.865057000002707
831197,medium_default,1000000.0,1000000.0,1.0,50,rl,Isolated RL (non-federated),"{'none': 38, 'medium': 9, 'high': 3}",3,3000000.0,7004550.818037239,2334850.27267908,133.48502726790798,2608,52.16,165,0.06326687116564417,0.1337636407929689,0.004768873309742363,0.9461541442623791,0.9999934430954236,0.0,0.0,15.961334300009185
831197,medium_default,1000000.0,1000000.0,1.0,50,fl_rl,FedAvg (federated),"{'none': 38, 'medium': 9, 'high': 3}",3,3000000.0,7411163.0940068215,2470387.6980022737,147.03876980022739,2430,48.6,145,0.059670781893004114,0.12011585795248282,0.004532871857355531,0.8869653477858359,0.9999607260429288,0.0,0.0,13.897030799998902
831197,high_default,1000000.0,1000000.0,1.0,50,rl,Isolated RL (non-federated),"{'none': 32, 'medium': 13, 'high': 5}",3,3000000.0,6352390.202919323,2117463.4009731077,111.74634009731074,2207,44.14,190,0.08608971454463073,0.16251362379325235,0.006813053627534878,0.8921113021774197,0.9999930979960265,0.0,0.0,12.655799799991655
831197,high_default,1000000.0,1000000.0,1.0,50,fl_rl,FedAvg (federated),"{'none': 32, 'medium': 13, 'high': 5}",3,3000000.0,5982368.289682119,1994122.7632273731,99.4122763227373,2193,43.86,196,0.08937528499772002,0.1766282879358965,0.007634950750784309,0.8967868298641753,0.9999963504575957,0.0,0.0,13.508179299999028
831197,none_default,5000000.0,5000000.0,1.0,50,rl,Isolated RL (non-federated),{'none': 50},3,15000000.0,23622198.542241693,7874066.180747231,57.481323614944614,6591,131.82,0,0.0,0.0,0.0,0.6345556866097141,0.9999880814994301,0.0,0.0,49.40834929999255
831197,none_default,5000000.0,5000000.0,1.0,50,fl_rl,FedAvg (federated),{'none': 50},3,15000000.0,23672754.39230032,7890918.130766773,57.81836261533546,6624,132.48,0,0.0,0.0,0.0,0.6549429966618503,0.9999890791961528,0.0,0.0,51.284871900003054
831197,low_default,5000000.0,5000000.0,1.0,50,rl,Isolated RL (non-federated),"{'none': 44, 'medium': 5, 'high': 1}",3,15000000.0,23297621.849930987,7765873.949976996,55.317478999539915,5547,110.94,317,0.05714800793221561,0.0443818330230418,0.003409387036098692,0.5554019115581103,0.9998460090440832,0.0,0.0,40.708312200004
831197,low_default,5000000.0,5000000.0,1.0,50,fl_rl,FedAvg (federated),"{'none': 44, 'medium': 5, 'high': 1}",3,15000000.0,23053987.408494778,7684662.469498259,53.69324938996517,5974,119.48,261,0.043689320388349516,0.03590865904619556,0.002564776473597552,0.5980159905919419,0.9998460090440832,0.0,0.0,44.767325599998
831197,medium_default,5000000.0,5000000.0,1.0,50,rl,Isolated RL (non-federated),"{'none': 38, 'medium': 9, 'high': 3}",3,15000000.0,21389152.228439726,7129717.409479909,42.59434818959819,5256,105.12,465,0.0884703196347032,0.07620789664355415,0.006218373880085643,0.5570878760466798,0.9999755381598309,0.0,0.0,39.5812278999947
831197,medium_default,5000000.0,5000000.0,1.0,50,fl_rl,FedAvg (federated),"{'none': 38, 'medium': 9, 'high': 3}",3,15000000.0,21850080.18600361,7283360.062001203,45.66720124002408,5174,103.48,334,0.06455353691534596,0.05451990854469657,0.004521777905693998,0.5408506486291288,0.9999755381598309,0.0,0.0,38.46608139999444
831197,high_default,5000000.0,5000000.0,1.0,50,rl,Isolated RL (non-federated),"{'none': 32, 'medium': 13, 'high': 5}",3,15000000.0,19806103.40822382,6602034.469407939,32.04068938815879,4355,87.1,615,0.14121699196326062,0.11360227635390877,0.011223601059870483,0.4960458982805022,0.9996532160109255,0.0,0.0,33.39372399999411
831197,high_default,5000000.0,5000000.0,1.0,50,fl_rl,FedAvg (federated),"{'none': 32, 'medium': 13, 'high': 5}",3,15000000.0,20827532.875810806,6942510.958603602,38.85021917207203,4515,90.3,452,0.10011074197120709,0.08799122090104029,0.008338024663529767,0.507544337350573,0.9999670668932659,0.0,0.0,33.01859169999079
831197,none_default,10000000.0,10000000.0,1.0,50,rl,Isolated RL (non-federated),{'none': 50},3,30000000.0,35975241.27372968,11991747.091243228,19.917470912432286,6641,132.82,0,0.0,0.0,0.0,0.44340113622527744,0.999973441909637,0.0,0.0,53.12607119999302
831197,none_default,10000000.0,10000000.0,1.0,50,fl_rl,FedAvg (federated),{'none': 50},3,30000000.0,37505259.86904888,12501753.28968296,25.017532896829614,6641,132.82,0,0.0,0.0,0.0,0.4002407025203358,0.8252644901853692,0.0,0.0,55.698149499992724
831197,low_default,10000000.0,10000000.0,1.0,50,rl,Isolated RL (non-federated),"{'none': 44, 'medium': 5, 'high': 1}",3,30000000.0,38755904.04815407,12918634.682718024,29.186346827180255,5833,116.66,353,0.06051774387107835,0.022838308653075064,0.00335641332726092,0.32909721094070815,0.7848995992534854,0.0,0.0,43.95926830000826
831197,low_default,10000000.0,10000000.0,1.0,50,fl_rl,FedAvg (federated),"{'none': 44, 'medium': 5, 'high': 1}",3,30000000.0,37342439.96297178,12447479.987657258,24.474799876572575,4509,90.18,233,0.051674428919937905,0.015556687766901795,0.002969959550377657,0.2631902569714897,0.6396423882204069,0.0,0.0,32.97435380000388
831197,medium_default,10000000.0,10000000.0,1.0,50,rl,Isolated RL (non-federated),"{'none': 38, 'medium': 9, 'high': 3}",3,30000000.0,36275259.711476535,12091753.237158844,20.91753237158846,5446,108.92,604,0.11090708777084099,0.04486452833457981,0.0070795765943078934,0.3250851585165571,0.7413221907325656,0.0,0.0,43.344150500008254
831197,medium_default,10000000.0,10000000.0,1.0,50,fl_rl,FedAvg (federated),"{'none': 38, 'medium': 9, 'high': 3}",3,30000000.0,36762718.18715387,12254239.395717956,22.542393957179566,4996,99.92,328,0.0656525220176141,0.028790040416856445,0.004946229163331676,0.2966695928998026,0.8439284000213921,0.0,0.0,37.457249600003706
831197,high_default,10000000.0,10000000.0,1.0,50,rl,Isolated RL (non-federated),"{'none': 32, 'medium': 13, 'high': 5}",3,30000000.0,35218770.485827796,11739590.1619426,17.395901619425995,4813,96.26,677,0.14066071057552462,0.06363054211211562,0.011366412161793644,0.29074446732016485,0.5961766010389952,0.0,0.0,35.21276150000631
831197,high_default,10000000.0,10000000.0,1.0,50,fl_rl,FedAvg (federated),"{'none': 32, 'medium': 13, 'high': 5}",3,30000000.0,36445367.186361924,12148455.728787309,21.484557287873077,4331,86.62,473,0.10921265296698222,0.04552292871809184,0.009012387213184377,0.25552157295561,0.5791460313862413,0.0,0.0,31.95525460000499
709098,none_default,1000000.0,1000000.0,1.0,100,rl,Isolated RL (non-federated),{'none': 100},3,3000000.0,8026665.869946535,2675555.2899821782,167.5555289982178,3292,32.92,0,0.0,0.0,0.0,0.9726299859338671,0.9999985306815805,0.0,0.0,34.15859279999859
709098,none_default,1000000.0,1000000.0,1.0,100,fl_rl,FedAvg (federated),{'none': 100},3,3000000.0,7683667.628593706,2561222.5428645685,156.12225428645687,3223,32.23,0,0.0,0.0,0.0,0.9748528679380898,0.99999451560963,0.0,0.0,34.43221930001164
709098,low_default,1000000.0,1000000.0,1.0,100,rl,Isolated RL (non-federated),"{'none': 87, 'medium': 10, 'high': 3}",3,3000000.0,8796211.509716172,2932070.503238724,193.2070503238724,3206,32.06,104,0.032439176543980035,0.06422315839307517,0.001962512849336985,0.9717350119983357,0.99999804428173,0.0,0.0,32.80725220000022
709098,low_default,1000000.0,1000000.0,1.0,100,fl_rl,FedAvg (federated),"{'none': 87, 'medium': 10, 'high': 3}",3,3000000.0,7878416.645798933,2626138.8819329776,162.61388819329775,3145,31.45,70,0.022257551669316374,0.041606180704142764,0.0013412366339592625,0.9748374287028396,0.9999991457616906,0.0,0.0,35.139078399995924
709098,medium_default,1000000.0,1000000.0,1.0,100,rl,Isolated RL (non-federated),"{'none': 77, 'medium': 18, 'high': 5}",3,3000000.0,7691942.319506968,2563980.7731689895,156.39807731689893,2961,29.61,167,0.05639986491050321,0.12257289886664997,0.004089265586870634,0.9698450162943701,0.999989001735111,0.0,0.0,31.015985300007742
709098,medium_default,1000000.0,1000000.0,1.0,100,fl_rl,FedAvg (federated),"{'none': 77, 'medium': 18, 'high': 5}",3,3000000.0,8096315.260862823,2698771.7536209407,169.87717536209414,3035,30.35,124,0.04085667215815486,0.08715064084632283,0.0028785453505650927,0.9732893916861854,0.9999991496709244,0.0,0.0,33.57854699999734
709098,high_default,1000000.0,1000000.0,1.0,100,rl,Isolated RL (non-federated),"{'none': 64, 'medium': 26, 'high': 10}",3,3000000.0,7032115.32843625,2344038.4428120833,134.40384428120834,2737,27.37,240,0.08768724881256851,0.21710128628671882,0.007908619060715483,0.9726548039831674,0.9999978909848133,0.0,0.0,29.676622300001327
709098,high_default,1000000.0,1000000.0,1.0,100,fl_rl,FedAvg (federated),"{'none': 64, 'medium': 26, 'high': 10}",3,3000000.0,7367935.20372391,2455978.4012413034,145.59784012413036,2825,28.25,185,0.06548672566371681,0.16256009272440575,0.005638720997598752,0.9719314348473448,0.9999998969033118,0.0,0.0,30.43460719998984
709098,none_default,5000000.0,5000000.0,1.0,100,rl,Isolated RL (non-federated),{'none': 100},3,15000000.0,34934713.37766041,11644904.459220136,132.89808918440275,11519,115.19,0,0.0,0.0,0.0,0.8854386374371359,0.9999999848479658,0.0,0.0,162.79540650000854
709098,none_default,5000000.0,5000000.0,1.0,100,fl_rl,FedAvg (federated),{'none': 100},3,15000000.0,33992838.893701,11330946.297900334,126.61892595800666,11424,114.24,0,0.0,0.0,0.0,0.8814541475638074,0.9999980775921096,0.0,0.0,160.96453529999417
709098,low_default,5000000.0,5000000.0,1.0,100,rl,Isolated RL (non-federated),"{'none': 87, 'medium': 10, 'high': 3}",3,15000000.0,31164708.18024289,10388236.060080962,107.76472120161928,9521,95.21,229,0.0240520953681336,0.029438745951699024,0.0013357886543654135,0.795385813107553,0.9999991752572304,0.0,0.0,131.8857366000011
709098,low_default,5000000.0,5000000.0,1.0,100,fl_rl,FedAvg (federated),"{'none': 87, 'medium': 10, 'high': 3}",3,15000000.0,31732278.90812142,10577426.30270714,111.5485260541428,9375,93.75,258,0.02752,0.034249552718195256,0.001569884137521887,0.7833410452062095,0.9999976062633603,0.0,0.0,134.89111860000412
709098,medium_default,5000000.0,5000000.0,1.0,100,rl,Isolated RL (non-federated),"{'none': 77, 'medium': 18, 'high': 5}",3,15000000.0,30169155.493260697,10056385.164420232,101.12770328840462,9129,91.29,551,0.06035710373534889,0.09220007632267706,0.004358601958971939,0.799829465678479,0.9999982740601235,0.0,0.0,131.58330670000578
709098,medium_default,5000000.0,5000000.0,1.0,100,fl_rl,FedAvg (federated),"{'none': 77, 'medium': 18, 'high': 5}",3,15000000.0,29961447.59780181,9987149.19926727,99.74298398534539,8656,86.56,370,0.0427449168207024,0.05903953175876186,0.0029539892523655974,0.7497374824722494,0.9999799643645086,0.0,0.0,123.78847150001093
709098,high_default,5000000.0,5000000.0,1.0,100,rl,Isolated RL (non-federated),"{'none': 64, 'medium': 26, 'high': 10}",3,15000000.0,26690832.431158032,8896944.143719343,77.93888287438688,8166,81.66,657,0.0804555473916238,0.13883930507570172,0.007327369835831329,0.7747461389665325,0.9999958132511342,0.0,0.0,114.68059340000036
709098,high_default,5000000.0,5000000.0,1.0,100,fl_rl,FedAvg (federated),"{'none': 64, 'medium': 26, 'high': 10}",3,15000000.0,25826642.28893012,8608880.762976708,72.17761525953415,7964,79.64,644,0.08086388749372175,0.13017276530765687,0.007082094991171035,0.7653847002152787,0.9999958010053207,0.0,0.0,112.27004959998885
709098,none_default,10000000.0,10000000.0,1.0,100,rl,Isolated RL (non-federated),{'none': 100},3,30000000.0,46650501.36527999,15550167.121759996,55.50167121759996,13256,132.56,0,0.0,0.0,0.0,0.6681213762672388,0.9999989256559083,0.0,0.0,209.26025379999192
709098,none_default,10000000.0,10000000.0,1.0,100,fl_rl,FedAvg (federated),{'none': 100},3,30000000.0,46839632.52548654,15613210.841828845,56.13210841828845,13268,132.68,0,0.0,0.0,0.0,0.657225370810775,0.999994155175191,0.0,0.0,219.67314840000472
709098,low_default,10000000.0,10000000.0,1.0,100,rl,Isolated RL (non-federated),"{'none': 87, 'medium': 10, 'high': 3}",3,30000000.0,47237271.303033285,15745757.101011096,57.457571010110954,11578,115.78,734,0.0633960960442218,0.04656677327412265,0.003447327584684358,0.5775847829570221,0.9999423783519362,0.0,0.0,186.9007197000028
709098,low_default,10000000.0,10000000.0,1.0,100,fl_rl,FedAvg (federated),"{'none': 87, 'medium': 10, 'high': 3}",3,30000000.0,45422908.154552564,15140969.384850854,51.40969384850856,10492,104.92,479,0.045653831490659554,0.03261153419535046,0.0026622688258495864,0.5278647958352006,0.9999423783519362,0.0,0.0,168.72173920000205
709098,medium_default,10000000.0,10000000.0,1.0,100,rl,Isolated RL (non-federated),"{'none': 77, 'medium': 18, 'high': 5}",3,30000000.0,45569389.83152782,15189796.610509275,51.89796610509275,9908,99.08,849,0.08568833266047639,0.06712815474842265,0.0057910989275672805,0.523793874167427,0.9999597489347323,0.0,0.0,160.116142999992
709098,medium_default,10000000.0,10000000.0,1.0,100,fl_rl,FedAvg (federated),"{'none': 77, 'medium': 18, 'high': 5}",3,30000000.0,44739658.12070058,14913219.37356686,49.13219373566863,10355,103.55,861,0.08314823756639304,0.06508137120578333,0.005391430520539366,0.5395537734757748,0.9999597489347323,0.0,0.0,164.4097699999984
709098,high_default,10000000.0,10000000.0,1.0,100,rl,Isolated RL (non-federated),"{'none': 64, 'medium': 26, 'high': 10}",3,30000000.0,41799792.21996121,13933264.073320404,39.332640733204045,9062,90.62,967,0.10670933568748621,0.09475695494316069,0.008940420043540056,0.5028362148472673,0.9812460996130921,0.0,0.0,140.01494979999552
709098,high_default,10000000.0,10000000.0,1.0,100,fl_rl,FedAvg (federated),"{'none': 64, 'medium': 26, 'high': 10}",3,30000000.0,42608732.55368336,14202910.851227788,42.02910851227787,9109,91.09,1016,0.11153803930178943,0.09929061870667509,0.009397939505847127,0.5018562933934437,0.9815262810775349,0.0,0.0,145.31023060000734
436570,none_default,1000000.0,1000000.0,1.0,100,rl,Isolated RL (non-federated),{'none': 100},3,3000000.0,9232204.338938102,3077401.446312701,207.74014463127006,3489,34.89,0,0.0,0.0,0.0,0.9736890879829501,0.9999966297770451,0.0,0.0,35.47518929999205
436570,none_default,1000000.0,1000000.0,1.0,100,fl_rl,FedAvg (federated),{'none': 100},3,3000000.0,8517480.464794278,2839160.154931426,183.91601549314265,3377,33.77,0,0.0,0.0,0.0,0.9764090803102474,0.9999996582499671,0.0,0.0,36.29604050000489
436570,low_default,1000000.0,1000000.0,1.0,100,rl,Isolated RL (non-federated),"{'none': 87, 'medium': 10, 'high': 3}",3,3000000.0,7719286.636419848,2573095.5454732827,157.30955454732822,3054,30.54,142,0.04649639816633923,0.09229078467814354,0.0030382417707752805,0.9685768051551736,0.9999982414586125,0.0,0.0,33.29157950000081
436570,low_default,1000000.0,1000000.0,1.0,100,fl_rl,FedAvg (federated),"{'none': 87, 'medium': 10, 'high': 3}",3,3000000.0,8489829.54385734,2829943.18128578,182.994318128578,3218,32.18,65,0.020198881292728402,0.04000902781191989,0.001236396574265798,0.9691144182317529,0.9999976978522678,0.0,0.0,35.78542919999745
436570,medium_default,1000000.0,1000000.0,1.0,100,rl,Isolated RL (non-federated),"{'none': 77, 'medium': 18, 'high': 5}",3,3000000.0,7038459.941080617,2346153.313693539,134.6153313693539,2814,28.14,183,0.0650319829424307,0.13536326668648438,0.0048569238707997404,0.9503617032000339,0.999998348811519,0.0,0.0,30.990387699988787
436570,medium_default,1000000.0,1000000.0,1.0,100,fl_rl,FedAvg (federated),"{'none': 77, 'medium': 18, 'high': 5}",3,3000000.0,8608997.53430181,2869665.84476727,186.96658447672692,3168,31.68,138,0.043560606060606064,0.10048569276449455,0.0031141752366628745,0.9727283343889573,0.9999986559667728,0.0,0.0,33.949410400004126
436570,high_default,1000000.0,1000000.0,1.0,100,rl,Isolated RL (non-federated),"{'none': 64, 'medium': 26, 'high': 10}",3,3000000.0,7484189.69195557,2494729.8973185234,149.47298973185238,2810,28.1,179,0.06370106761565836,0.14975361975664858,0.005254262176524907,0.9671501937923919,0.9999986804080391,0.0,0.0,30.678942700003972
436570,high_default,1000000.0,1000000.0,1.0,100,fl_rl,FedAvg (federated),"{'none': 64, 'medium': 26, 'high': 10}",3,3000000.0,7750587.273512213,2583529.0911707375,158.35290911707375,2856,28.56,197,0.06897759103641457,0.16613027775209643,0.005665561080267171,0.9707142326713658,0.9999970777305794,0.0,0.0,30.393219899997348
436570,none_default,5000000.0,5000000.0,1.0,100,rl,Isolated RL (non-federated),{'none': 100},3,15000000.0,32624607.798555326,10874869.266185109,117.49738532370218,11106,111.06,0,0.0,0.0,0.0,0.8798006548994096,0.9999948111450707,0.0,0.0,154.93905699999596
436570,none_default,5000000.0,5000000.0,1.0,100,fl_rl,FedAvg (federated),{'none': 100},3,15000000.0,32089095.561352376,10696365.18711746,113.92730374234918,10776,107.76,0,0.0,0.0,0.0,0.8639507092678766,0.9999965717044453,0.0,0.0,155.97841330000665
436570,low_default,5000000.0,5000000.0,1.0,100,rl,Isolated RL (non-federated),"{'none': 87, 'medium': 10, 'high': 3}",3,15000000.0,31134726.38344591,10378242.127815304,107.56484255630608,8958,89.58,198,0.022103148024112524,0.026251912107290505,0.001265327061727098,0.7515095917254239,0.9999932946979654,0.0,0.0,122.5589508000121
436570,low_default,5000000.0,5000000.0,1.0,100,fl_rl,FedAvg (federated),"{'none': 87, 'medium': 10, 'high': 3}",3,15000000.0,31461404.239551708,10487134.746517235,109.74269493034471,8445,84.45,271,0.03208999407933689,0.03775440748188567,0.0019306019847137872,0.713059721971923,0.9999927618104626,0.0,0.0,116.90845669999544
436570,medium_default,5000000.0,5000000.0,1.0,100,rl,Isolated RL (non-federated),"{'none': 77, 'medium': 18, 'high': 5}",3,15000000.0,29871886.40116112,9957295.467053706,99.14590934107412,9423,94.23,474,0.05030245144858325,0.07644003436384934,0.0035148177107136936,0.8081990434836085,0.9999892835492936,0.0,0.0,132.4897603999998
436570,medium_default,5000000.0,5000000.0,1.0,100,fl_rl,FedAvg (federated),"{'none': 77, 'medium': 18, 'high': 5}",3,15000000.0,29492614.655726835,9830871.551908946,96.61743103817892,9419,94.19,410,0.04352903705276569,0.06820434862828946,0.0031182836740801653,0.8104195446537449,0.9999937588311845,0.0,0.0,135.80978679998952
436570,high_default,5000000.0,5000000.0,1.0,100,rl,Isolated RL (non-federated),"{'none': 64, 'medium': 26, 'high': 10}",3,15000000.0,25923393.569341704,8641131.189780569,72.82262379561136,7937,79.37,799,0.10066775859896686,0.16442342942564292,0.008988551501194481,0.7501808260423223,0.9999961481524297,0.0,0.0,109.87212379999983
436570,high_default,5000000.0,5000000.0,1.0,100,fl_rl,FedAvg (federated),"{'none': 64, 'medium': 26, 'high': 10}",3,15000000.0,26170091.67409329,8723363.891364431,74.46727782728861,7935,79.35,704,0.08872085696282293,0.143424139233751,0.007820803938560526,0.7492898057836492,0.9999753940730214,0.0,0.0,112.30081960000098
436570,none_default,10000000.0,10000000.0,1.0,100,rl,Isolated RL (non-federated),{'none': 100},3,30000000.0,47266870.37564731,15755623.458549103,57.556234585491,13263,132.63,0,0.0,0.0,0.0,0.6541869701280709,0.9999993229128841,0.0,0.0,212.90011149999918
436570,none_default,10000000.0,10000000.0,1.0,100,fl_rl,FedAvg (federated),{'none': 100},3,30000000.0,46336176.91324258,15445392.304414192,54.45392304414194,13281,132.81,0,0.0,0.0,0.0,0.6571901819316074,0.99998153162464,0.0,0.0,215.33697999999276
436570,low_default,10000000.0,10000000.0,1.0,100,rl,Isolated RL (non-federated),"{'none': 87, 'medium': 10, 'high': 3}",3,30000000.0,45878388.13010125,15292796.043367082,52.927960433670826,11175,111.75,627,0.05610738255033557,0.04424722017353503,0.003406286788374934,0.5590095778612012,0.9999175929743863,0.0,0.0,175.4477184999996
436570,low_default,10000000.0,10000000.0,1.0,100,fl_rl,FedAvg (federated),"{'none': 87, 'medium': 10, 'high': 3}",3,30000000.0,48635613.2488714,16211871.082957134,62.118710829571334,10504,105.04,361,0.03436785986290937,0.024369718939118382,0.0019949877066384692,0.520364034959771,0.9999175929743863,0.0,0.0,160.32279700000072
436570,medium_default,10000000.0,10000000.0,1.0,100,rl,Isolated RL (non-federated),"{'none': 77, 'medium': 18, 'high': 5}",3,30000000.0,44905606.21024931,14968535.403416438,49.68535403416438,10304,103.04,812,0.07880434782608696,0.06081699104768341,0.005078911312546334,0.5364786644980996,0.9999763759803075,0.0,0.0,160.3528757999884
436570,medium_default,10000000.0,10000000.0,1.0,100,fl_rl,FedAvg (federated),"{'none': 77, 'medium': 18, 'high': 5}",3,30000000.0,46556795.73036051,15518931.910120169,55.189319101201676,9954,99.54,616,0.06188466947960619,0.05062807067985061,0.004381268995859085,0.5228640949228184,0.9999984529562701,0.0,0.0,158.45435140001064
436570,high_default,10000000.0,10000000.0,1.0,100,rl,Isolated RL (non-federated),"{'none': 64, 'medium': 26, 'high': 10}",3,30000000.0,41295396.75120289,13765132.250400962,37.65132250400963,9545,95.45,1346,0.14101623886851755,0.12464438454962624,0.011217382458027482,0.5323352158689649,0.9998960628667762,0.0,0.0,150.66109199999482
436570,high_default,10000000.0,10000000.0,1.0,100,fl_rl,FedAvg (federated),"{'none': 64, 'medium': 26, 'high': 10}",3,30000000.0,41477423.56688767,13825807.855629222,38.25807855629223,8663,86.63,994,0.1147408518988803,0.09999855983613398,0.009878768803741347,0.48156603594829933,0.9760513625520241,0.0,0.0,135.4314238000079
831197,none_default,1000000.0,1000000.0,1.0,100,rl,Isolated RL (non-federated),{'none': 100},3,3000000.0,7757838.155295587,2585946.0517651956,158.5946051765196,3253,32.53,0,0.0,0.0,0.0,0.9773121437006157,0.9999999561573872,0.0,0.0,35.635293799990905
831197,none_default,1000000.0,1000000.0,1.0,100,fl_rl,FedAvg (federated),{'none': 100},3,3000000.0,8834145.9483445,2944715.3161148336,194.47153161148339,3432,34.32,0,0.0,0.0,0.0,0.9764828632861775,0.9999984539642315,0.0,0.0,38.09918409999227
831197,low_default,1000000.0,1000000.0,1.0,100,rl,Isolated RL (non-federated),"{'none': 87, 'medium': 10, 'high': 3}",3,3000000.0,8001507.4964182265,2667169.165472742,166.71691654727422,3077,30.77,85,0.027624309392265192,0.0446214548685126,0.0014719503282722246,0.974425798272392,0.9999990804318281,0.0,0.0,35.226560600000084
831197,low_default,1000000.0,1000000.0,1.0,100,fl_rl,FedAvg (federated),"{'none': 87, 'medium': 10, 'high': 3}",3,3000000.0,7090271.465446806,2363423.821815602,136.3423821815602,2955,29.55,159,0.05380710659898477,0.09016487703596793,0.0031532709236152595,0.9751518414055624,0.9999979138352058,0.0,0.0,33.97942360000161
831197,medium_default,1000000.0,1000000.0,1.0,100,rl,Isolated RL (non-federated),"{'none': 77, 'medium': 18, 'high': 5}",3,3000000.0,6490819.791171832,2163606.5970572773,116.36065970572771,2610,26.1,189,0.07241379310344828,0.1258275556448252,0.004898620198600602,0.9318648941751256,0.9999949335872264,0.0,0.0,28.830719499994302
831197,medium_default,1000000.0,1000000.0,1.0,100,fl_rl,FedAvg (federated),"{'none': 77, 'medium': 18, 'high': 5}",3,3000000.0,8171863.944824322,2723954.648274774,172.39546482747744,3052,30.52,126,0.04128440366972477,0.08434814384830518,0.0027423084524120737,0.9734491046009671,0.9999934033180468,0.0,0.0,33.43742750000092
831197,high_default,1000000.0,1000000.0,1.0,100,rl,Isolated RL (non-federated),"{'none': 64, 'medium': 26, 'high': 10}",3,3000000.0,6686299.71327151,2228766.571090503,122.87665710905031,2595,25.95,209,0.08053949903660887,0.1867240165151845,0.007130734868077632,0.9475847211794992,0.999998800786554,0.0,0.0,28.226164299994707
831197,high_default,1000000.0,1000000.0,1.0,100,fl_rl,FedAvg (federated),"{'none': 64, 'medium': 26, 'high': 10}",3,3000000.0,7375401.14913301,2458467.0497110034,145.84670497110034,2756,27.56,203,0.07365747460087083,0.18250777719357583,0.006448592253375295,0.9696989221268376,0.9999983725829805,0.0,0.0,29.189569000009215
831197,none_default,5000000.0,5000000.0,1.0,100,rl,Isolated RL (non-federated),{'none': 100},3,15000000.0,34721704.96926683,11573901.656422278,131.4780331284456,11282,112.82,0,0.0,0.0,0.0,0.8560824652794039,0.9999980686805698,0.0,0.0,159.05549130000873
831197,none_default,5000000.0,5000000.0,1.0,100,fl_rl,FedAvg (federated),{'none': 100},3,15000000.0,35559559.519017674,11853186.506339224,137.0637301267845,11467,114.67,0,0.0,0.0,0.0,0.8666635332747775,0.9999963600918004,0.0,0.0,164.4980712000106
831197,low_default,5000000.0,5000000.0,1.0,100,rl,Isolated RL (non-federated),"{'none': 87, 'medium': 10, 'high': 3}",3,15000000.0,30914319.483614933,10304773.161204977,106.09546322409956,9130,91.3,287,0.03143483023001095,0.03701719923621973,0.001751694898137639,0.779691855154,0.9999985738505692,0.0,0.0,125.88712769999984
831197,low_default,5000000.0,5000000.0,1.0,100,fl_rl,FedAvg (federated),"{'none': 87, 'medium': 10, 'high': 3}",3,15000000.0,29321549.736901768,9773849.912300589,95.47699824601176,8749,87.49,244,0.027888901588753002,0.031808638192253075,0.0015669284994499946,0.7528868265679095,0.999997230423598,0.0,0.0,122.41090600000462
831197,medium_default,5000000.0,5000000.0,1.0,100,rl,Isolated RL (non-federated),"{'none': 77, 'medium': 18, 'high': 5}",3,15000000.0,29459299.182962373,9819766.394320792,96.39532788641581,9105,91.05,861,0.09456342668863262,0.1324184686761682,0.006311275071983093,0.7975510400722438,0.9999990810244423,0.0,0.0,130.19596479999018
831197,medium_default,5000000.0,5000000.0,1.0,100,fl_rl,FedAvg (federated),"{'none': 77, 'medium': 18, 'high': 5}",3,15000000.0,28671562.328861475,9557187.442953825,91.14374885907648,8534,85.34,463,0.054253573939535976,0.07670966901136439,0.0038622215220663466,0.7647107591649199,0.9999914955774594,0.0,0.0,122.97554400000081
831197,high_default,5000000.0,5000000.0,1.0,100,rl,Isolated RL (non-federated),"{'none': 64, 'medium': 26, 'high': 10}",3,15000000.0,26150675.309341878,8716891.769780627,74.33783539561253,7541,75.41,704,0.09335631879061132,0.14628639351117886,0.008339598632141563,0.7178623092756823,0.9999989600276267,0.0,0.0,99.91163079999387
831197,high_default,5000000.0,5000000.0,1.0,100,fl_rl,FedAvg (federated),"{'none': 64, 'medium': 26, 'high': 10}",3,15000000.0,27270379.403580137,9090126.467860045,81.80252935720092,8091,80.91,573,0.07081942899517983,0.11876219051971089,0.006311134257715494,0.7446983359985794,0.9999956499046466,0.0,0.0,110.46537140000146
831197,none_default,10000000.0,10000000.0,1.0,100,rl,Isolated RL (non-federated),{'none': 100},3,30000000.0,46713318.74751701,15571106.249172337,55.711062491723375,13280,132.8,0,0.0,0.0,0.0,0.6636400798054338,0.9999982851797644,0.0,0.0,211.88060910000058
831197,none_default,10000000.0,10000000.0,1.0,100,fl_rl,FedAvg (federated),{'none': 100},3,30000000.0,47244981.5361571,15748327.178719034,57.48327178719034,13218,132.18,0,0.0,0.0,0.0,0.6399531725339489,0.999983726292087,0.0,0.0,209.42847299999266
831197,low_default,10000000.0,10000000.0,1.0,100,rl,Isolated RL (non-federated),"{'none': 87, 'medium': 10, 'high': 3}",3,30000000.0,47514289.371500686,15838096.457166895,58.38096457166895,10804,108.04,740,0.0684931506849315,0.05521581733190207,0.004381187519026985,0.5325271997503361,0.999988368555745,0.0,0.0,161.9914645999961
831197,low_default,10000000.0,10000000.0,1.0,100,fl_rl,FedAvg (federated),"{'none': 87, 'medium': 10, 'high': 3}",3,30000000.0,46730596.65535631,15576865.551785437,55.76865551785436,10994,109.94,273,0.024831726396216117,0.018520924208324754,0.0014471717216997494,0.5432988166595962,0.9999860448493928,0.0,0.0,169.785678500004
831197,medium_default,10000000.0,10000000.0,1.0,100,rl,Isolated RL (non-federated),"{'none': 77, 'medium': 18, 'high': 5}",3,30000000.0,44155767.75457898,14718589.251526326,47.18589251526327,10428,104.28,978,0.09378596087456847,0.07701063889100225,0.0063325332007584684,0.5514961885721544,0.9999947614703703,0.0,0.0,164.74960810001357
831197,medium_default,10000000.0,10000000.0,1.0,100,fl_rl,FedAvg (federated),"{'none': 77, 'medium': 18, 'high': 5}",3,30000000.0,45195814.89680392,15065271.632267974,50.652716322679744,9146,91.46,631,0.0689919090312705,0.0497244778755781,0.004652111760893207,0.49889199777541204,0.9999892434671142,0.0,0.0,154.83917930000462
831197,high_default,10000000.0,10000000.0,1.0,100,rl,Isolated RL (non-federated),"{'none': 64, 'medium': 26, 'high': 10}",3,30000000.0,40205875.5858369,13401958.5286123,34.01958528612302,9494,94.94,1395,0.1469349062565831,0.1333599287936457,0.012075330309358725,0.5379507953471242,0.9999875964973252,0.0,0.0,153.7010847000056
831197,high_default,10000000.0,10000000.0,1.0,100,fl_rl,FedAvg (federated),"{'none': 64, 'medium': 26, 'high': 10}",3,30000000.0,42885347.513088234,14295115.837696077,42.95115837696077,9111,91.11,981,0.10767204478103391,0.09598695017140464,0.009038424760326253,0.4946154331565334,0.9999875964973252,0.0,0.0,141.99036429999978
709098,none_default,1000000.0,1000000.0,1.0,250,rl,Isolated RL (non-federated),{'none': 250},3,3000000.0,8105069.342806294,2701689.7809354314,170.1689780935431,3665,14.66,0,0.0,0.0,0.0,0.9852627889238481,0.9999992993282929,0.0,0.0,101.53261940000812
709098,none_default,1000000.0,1000000.0,1.0,250,fl_rl,FedAvg (federated),{'none': 250},3,3000000.0,8668256.769989982,2889418.923329994,188.9418923329994,3685,14.74,0,0.0,0.0,0.0,0.9840002397326993,0.9999994402301853,0.0,0.0,98.49503730000288
709098,low_default,1000000.0,1000000.0,1.0,250,rl,Isolated RL (non-federated),"{'none': 218, 'medium': 26, 'high': 6}",3,3000000.0,8460393.42292433,2820131.140974777,182.01311409747768,3527,14.108,102,0.028919761837255458,0.05532291433864878,0.0017202984294159935,0.9836319888668774,0.999999651225816,0.0,0.0,97.17043189999822
709098,low_default,1000000.0,1000000.0,1.0,250,fl_rl,FedAvg (federated),"{'none': 218, 'medium': 26, 'high': 6}",3,3000000.0,7964374.285935646,2654791.4286452155,165.47914286452152,3456,13.824,85,0.02459490740740741,0.04758426497940667,0.00155081068578412,0.9839619271156735,0.9999998925285845,0.0,0.0,95.49351380000007
709098,medium_default,1000000.0,1000000.0,1.0,250,rl,Isolated RL (non-federated),"{'none': 192, 'medium': 45, 'high': 13}",3,3000000.0,7430807.717942512,2476935.905980837,147.69359059808372,3285,13.14,346,0.10532724505327246,0.235469782629662,0.007963676188765673,0.9836542644755288,0.9999935423308025,0.0,0.0,93.32767709999462
709098,medium_default,1000000.0,1000000.0,1.0,250,fl_rl,FedAvg (federated),"{'none': 192, 'medium': 45, 'high': 13}",3,3000000.0,8037220.17215962,2679073.3907198734,167.9073390719873,3320,13.28,161,0.048493975903614456,0.10453551976025241,0.00340714343153099,0.9820598841924101,0.9999992978613821,0.0,0.0,88.69570929999463
709098,high_default,1000000.0,1000000.0,1.0,250,rl,Isolated RL (non-federated),"{'none': 160, 'medium': 64, 'high': 26}",3,3000000.0,7775313.552443817,2591771.184147939,159.1771184147939,3224,12.896,206,0.06389578163771713,0.1872860862451126,0.0061879294616887515,0.9812980888796733,0.9999959564207536,0.0,0.0,87.20472259999951
709098,high_default,1000000.0,1000000.0,1.0,250,fl_rl,FedAvg (federated),"{'none': 160, 'medium': 64, 'high': 26}",3,3000000.0,7833395.714056283,2611131.904685428,161.11319046854274,3101,12.404,227,0.07320219284101903,0.21220305520106308,0.007086313504744965,0.9699264043872666,0.9999960687825337,0.0,0.0,78.80024330000742
709098,none_default,5000000.0,5000000.0,1.0,250,rl,Isolated RL (non-federated),{'none': 250},3,15000000.0,41055394.59050751,13685131.530169168,173.70263060338343,14272,57.088,0,0.0,0.0,0.0,0.9768990106486738,0.9999999908347658,0.0,0.0,499.58031440000923
709098,none_default,5000000.0,5000000.0,1.0,250,fl_rl,FedAvg (federated),{'none': 250},3,15000000.0,40019134.488673806,13339711.496224603,166.79422992449204,13867,55.468,0,0.0,0.0,0.0,0.9769342011117359,0.9999993792262212,0.0,0.0,471.9071762999956
709098,low_default,5000000.0,5000000.0,1.0,250,rl,Isolated RL (non-federated),"{'none': 218, 'medium': 26, 'high': 6}",3,15000000.0,42124818.05362688,14041606.017875627,180.83212035751257,13990,55.96,251,0.017941386704789133,0.032582210294496705,0.0010238975918094174,0.9566583433595752,0.9999996825620371,0.0,0.0,463.1347556999972
709098,low_default,5000000.0,5000000.0,1.0,250,fl_rl,FedAvg (federated),"{'none': 218, 'medium': 26, 'high': 6}",3,15000000.0,42645965.382605046,14215321.794201681,184.30643588403368,13996,55.984,245,0.01750500142897971,0.031127968512226996,0.0009753591055708116,0.9647835469711726,0.9999996898372152,0.0,0.0,460.1402703000058
709098,medium_default,5000000.0,5000000.0,1.0,250,rl,Isolated RL (non-federated),"{'none': 192, 'medium': 45, 'high': 13}",3,15000000.0,38908589.34732483,12969529.78244161,159.39059564883223,12924,51.696,447,0.034586815227483754,0.06838050177549596,0.0023340898636605425,0.952594457109372,0.9999998107576351,0.0,0.0,433.45844630000647
709098,medium_default,5000000.0,5000000.0,1.0,250,fl_rl,FedAvg (federated),"{'none': 192, 'medium': 45, 'high': 13}",3,15000000.0,38162084.20615981,12720694.735386603,154.41389470773206,12915,51.66,709,0.05489740611691831,0.11490922687217964,0.0039426636960434025,0.9496007381563719,0.9999999816399726,0.0,0.0,431.9108636000019
709098,high_default,5000000.0,5000000.0,1.0,250,rl,Isolated RL (non-federated),"{'none': 160, 'medium': 64, 'high': 26}",3,15000000.0,34117856.12387194,11372618.707957312,127.45237415914623,11844,47.376,908,0.07666328942924687,0.18720177074285077,0.006991102693782701,0.9585360386713034,0.9999986666202141,0.0,0.0,402.4371492000064
709098,high_default,5000000.0,5000000.0,1.0,250,fl_rl,FedAvg (federated),"{'none': 160, 'medium': 64, 'high': 26}",3,15000000.0,37624852.91968119,12541617.639893731,150.83235279787468,12676,50.704,718,0.05664247396655096,0.13618417680709524,0.004731690707397714,0.9658061153943954,0.9999999681714861,0.0,0.0,430.25903339999786
709098,none_default,10000000.0,10000000.0,1.0,250,rl,Isolated RL (non-federated),{'none': 250},3,30000000.0,76377942.83135912,25459314.277119707,154.59314277119705,25072,100.288,0,0.0,0.0,0.0,0.9229017697504347,0.9999996905546172,0.0,0.0,968.3350968000013
709098,none_default,10000000.0,10000000.0,1.0,250,fl_rl,FedAvg (federated),{'none': 250},3,30000000.0,74061018.50314993,24687006.16771664,146.87006167716643,24313,97.252,0,0.0,0.0,0.0,0.9113989801981383,0.999999799612245,0.0,0.0,946.2251296999893
709098,low_default,10000000.0,10000000.0,1.0,250,rl,Isolated RL (non-federated),"{'none': 218, 'medium': 26, 'high': 6}",3,30000000.0,72708876.53364378,24236292.17788126,142.3629217788126,22276,89.104,417,0.0187196983300413,0.028675645684910035,0.0011094907302542237,0.8552579824275313,0.9999988528592236,0.0,0.0,837.0222996999946
709098,low_default,10000000.0,10000000.0,1.0,250,fl_rl,FedAvg (federated),"{'none': 218, 'medium': 26, 'high': 6}",3,30000000.0,72279044.14109321,24093014.713697735,140.93014713697738,22773,91.092,475,0.020858033636323717,0.033340519493642085,0.0012635190311156917,0.8826132093428122,0.9999988605867485,0.0,0.0,915.5455255999987
709098,medium_default,10000000.0,10000000.0,1.0,250,rl,Isolated RL (non-federated),"{'none': 192, 'medium': 45, 'high': 13}",3,30000000.0,63876596.3487591,21292198.7829197,112.921987829197,18402,73.608,949,0.0515704814694055,0.07925374793670488,0.003722591919564718,0.7737915977400569,0.9999990883904709,0.0,0.0,702.7682083999971
709098,medium_default,10000000.0,10000000.0,1.0,250,fl_rl,FedAvg (federated),"{'none': 192, 'medium': 45, 'high': 13}",3,30000000.0,66774219.335177496,22258073.111725833,122.58073111725832,20284,81.136,1014,0.04999014001183199,0.08512347696692293,0.0036221727133215636,0.8267891535511356,0.999999445895404,0.0,0.0,775.9297002000094
709098,high_default,10000000.0,10000000.0,1.0,250,rl,Isolated RL (non-federated),"{'none': 160, 'medium': 64, 'high': 26}",3,30000000.0,57963142.476367354,19321047.492122453,93.2104749212245,18361,73.444,1802,0.09814280267959262,0.1798998072324118,0.008446151474752353,0.8375479595315826,0.9999998583932551,0.0,0.0,719.2863851000002
709098,high_default,10000000.0,10000000.0,1.0,250,fl_rl,FedAvg (federated),"{'none': 160, 'medium': 64, 'high': 26}",3,30000000.0,60771449.93141465,20257149.977138218,102.57149977138214,18639,74.556,1337,0.07173131605772842,0.1385259754132715,0.0064172383360234665,0.8116265895578357,0.9999998583932551,0.0,0.0,714.2882829000009
436570,none_default,1000000.0,1000000.0,1.0,250,rl,Isolated RL (non-federated),{'none': 250},3,3000000.0,8021464.560395527,2673821.5201318422,167.38215201318425,3613,14.452,0,0.0,0.0,0.0,0.9854889361078654,0.9999996907551159,0.0,0.0,102.64666909999505
436570,none_default,1000000.0,1000000.0,1.0,250,fl_rl,FedAvg (federated),{'none': 250},3,3000000.0,7557572.846214568,2519190.9487381894,151.91909487381892,3556,14.224,0,0.0,0.0,0.0,0.9855845803105784,0.9999989588475179,0.0,0.0,102.0239811000065
436570,low_default,1000000.0,1000000.0,1.0,250,rl,Isolated RL (non-federated),"{'none': 218, 'medium': 26, 'high': 6}",3,3000000.0,7523751.640371827,2507917.2134572756,150.7917213457276,3267,13.068,209,0.06397306397306397,0.11630529371226622,0.003882591386392285,0.9697648472482596,0.9999994061583984,0.0,0.0,88.30190410000796
436570,low_default,1000000.0,1000000.0,1.0,250,fl_rl,FedAvg (federated),"{'none': 218, 'medium': 26, 'high': 6}",3,3000000.0,8310992.179470779,2770330.7264902596,177.03307264902597,3487,13.948,72,0.020648121594493835,0.037613709590151465,0.001192023896988884,0.9834044963218112,0.9999990947475454,0.0,0.0,98.20357670000521
436570,medium_default,1000000.0,1000000.0,1.0,250,rl,Isolated RL (non-federated),"{'none': 192, 'medium': 45, 'high': 13}",3,3000000.0,7810680.897361192,2603560.2991203973,160.3560299120397,3332,13.328,235,0.07052821128451381,0.16479065832073514,0.005448668336652273,0.9822775881054361,0.9999965282222882,0.0,0.0,95.1501614000008
436570,medium_default,1000000.0,1000000.0,1.0,250,fl_rl,FedAvg (federated),"{'none': 192, 'medium': 45, 'high': 13}",3,3000000.0,8490413.139225423,2830137.713075141,183.0137713075141,3458,13.832,106,0.030653556969346442,0.07104487923154058,0.002195067069798001,0.9818727400226062,0.9999931635416235,0.0,0.0,93.70982669999648
436570,high_default,1000000.0,1000000.0,1.0,250,rl,Isolated RL (non-federated),"{'none': 160, 'medium': 64, 'high': 26}",3,3000000.0,6573754.764243742,2191251.5880812476,119.12515880812474,2984,11.936,390,0.1306970509383378,0.3233748923692173,0.011907597631456606,0.9799532466172421,0.9999905910334813,0.0,0.0,85.90837770000508
436570,high_default,1000000.0,1000000.0,1.0,250,fl_rl,FedAvg (federated),"{'none': 160, 'medium': 64, 'high': 26}",3,3000000.0,7112103.690967944,2370701.2303226483,137.0701230322648,3079,12.316,236,0.07664826242286457,0.19792731147242051,0.007128696862864499,0.9827706381807425,0.9999989603124285,0.0,0.0,88.87901639999473
436570,none_default,5000000.0,5000000.0,1.0,250,rl,Isolated RL (non-federated),{'none': 250},3,15000000.0,41240402.662052535,13746800.887350844,174.9360177470169,14188,56.752,0,0.0,0.0,0.0,0.9668048634992044,0.9999998546772711,0.0,0.0,504.12076530000195
436570,none_default,5000000.0,5000000.0,1.0,250,fl_rl,FedAvg (federated),{'none': 250},3,15000000.0,42438059.605834395,14146019.868611464,182.92039737222925,14232,56.928,0,0.0,0.0,0.0,0.9657195720476255,0.9999996008328114,0.0,0.0,483.03705590000027
436570,low_default,5000000.0,5000000.0,1.0,250,rl,Isolated RL (non-federated),"{'none': 218, 'medium': 26, 'high': 6}",3,15000000.0,40538808.32871722,13512936.109572405,170.25872219144807,13612,54.448,311,0.022847487511019688,0.0387681001382149,0.0012646548501353439,0.9547401182672443,0.9999996500838154,0.0,0.0,454.0594837999961
436570,low_default,5000000.0,5000000.0,1.0,250,fl_rl,FedAvg (federated),"{'none': 218, 'medium': 26, 'high': 6}",3,15000000.0,42005415.98934527,14001805.329781756,180.03610659563512,13803,55.212,388,0.028109831196116788,0.05254321211729292,0.001681967487295559,0.953387487557496,0.999999785345689,0.0,0.0,475.14997539999604
436570,medium_default,5000000.0,5000000.0,1.0,250,rl,Isolated RL (non-federated),"{'none': 192, 'medium': 45, 'high': 13}",3,15000000.0,38018756.89475194,12672918.964917315,153.4583792983463,12475,49.9,611,0.04897795591182365,0.09573258291825977,0.0033725025472464156,0.9259748182576222,0.9999998933273249,0.0,0.0,420.3116214000038
436570,medium_default,5000000.0,5000000.0,1.0,250,fl_rl,FedAvg (federated),"{'none': 192, 'medium': 45, 'high': 13}",3,15000000.0,36256016.4954859,12085338.831828633,141.70677663657267,12190,48.76,584,0.04790812141099262,0.09102383142902008,0.0033005269828945156,0.9236434353372618,0.9999983190053963,0.0,0.0,414.20039180001186
436570,high_default,5000000.0,5000000.0,1.0,250,rl,Isolated RL (non-federated),"{'none': 160, 'medium': 64, 'high': 26}",3,15000000.0,35087334.72397404,11695778.24132468,133.9155648264936,11770,47.08,839,0.07128292268479185,0.16869727128534603,0.0063651508208608844,0.9361215921573438,0.9999998653702439,0.0,0.0,415.33575749999727
436570,high_default,5000000.0,5000000.0,1.0,250,fl_rl,FedAvg (federated),"{'none': 160, 'medium': 64, 'high': 26}",3,15000000.0,34759295.09786259,11586431.699287528,131.72863398575058,11829,47.316,755,0.06382618987234762,0.15226621511532692,0.0056798786713850875,0.9403867894058697,0.9999990954543099,0.0,0.0,410.7660965999967
436570,none_default,10000000.0,10000000.0,1.0,250,rl,Isolated RL (non-federated),{'none': 250},3,30000000.0,77190672.57463953,25730224.19154651,157.30224191546503,25478,101.912,0,0.0,0.0,0.0,0.9229938228921003,0.999999791896953,0.0,0.0,1003.2809758000076
436570,none_default,10000000.0,10000000.0,1.0,250,fl_rl,FedAvg (federated),{'none': 250},3,30000000.0,76242456.39116742,25414152.13038914,154.1415213038914,25346,101.384,0,0.0,0.0,0.0,0.9338869004923639,0.999999950047086,0.0,0.0,1015.6708260000014
436570,low_default,10000000.0,10000000.0,1.0,250,rl,Isolated RL (non-federated),"{'none': 218, 'medium': 26, 'high': 6}",3,30000000.0,71687017.22654082,23895672.40884694,138.9567240884694,22092,88.368,385,0.017427122940430924,0.02532843370807451,0.0009882679890309742,0.8417096585688973,0.9999985121893104,0.0,0.0,842.3159190000006
436570,low_default,10000000.0,10000000.0,1.0,250,fl_rl,FedAvg (federated),"{'none': 218, 'medium': 26, 'high': 6}",3,30000000.0,72449600.55655143,24149866.852183808,141.49866852183808,22478,89.912,383,0.017038882462852567,0.025309762811353363,0.0009700674354750747,0.8532448938968885,0.9999996903675766,0.0,0.0,872.8670107999933
436570,medium_default,10000000.0,10000000.0,1.0,250,rl,Isolated RL (non-federated),"{'none': 192, 'medium': 45, 'high': 13}",3,30000000.0,65960829.53053696,21986943.17684565,119.86943176845652,19892,79.568,957,0.04810979288156043,0.08027006831870662,0.0034799602850597525,0.8242691914471303,0.9999991833346308,0.0,0.0,768.6143187000125
436570,medium_default,10000000.0,10000000.0,1.0,250,fl_rl,FedAvg (federated),"{'none': 192, 'medium': 45, 'high': 13}",3,30000000.0,61268582.45325518,20422860.817751724,104.22860817751726,18359,73.436,814,0.044337926902336726,0.06664657812010885,0.0031422255266339355,0.7844576933121302,0.9999998571176527,0.0,0.0,729.7522848999943
436570,high_default,10000000.0,10000000.0,1.0,250,rl,Isolated RL (non-federated),"{'none': 160, 'medium': 64, 'high': 26}",3,30000000.0,59752230.66269055,19917410.22089685,99.17410220896848,18512,74.048,1573,0.08497191011235955,0.16574350180345823,0.00773581092114555,0.8192543705894847,0.999999588814684,0.0,0.0,709.7176690000051
436570,high_default,10000000.0,10000000.0,1.0,250,fl_rl,FedAvg (federated),"{'none': 160, 'medium': 64, 'high': 26}",3,30000000.0,59403123.18478425,19801041.06159475,98.0104106159475,18463,73.852,1298,0.07030276769755728,0.1358775212470835,0.006351782694589998,0.8203718019605265,0.9999997822299352,0.0,0.0,716.9076710999943
831197,none_default,1000000.0,1000000.0,1.0,250,rl,Isolated RL (non-federated),{'none': 250},3,3000000.0,8399867.311756264,2799955.7705854215,179.99557705854218,3682,14.728,0,0.0,0.0,0.0,0.9855202891063101,0.9999997973774214,0.0,0.0,105.23962790000951
831197,none_default,1000000.0,1000000.0,1.0,250,fl_rl,FedAvg (federated),{'none': 250},3,3000000.0,8724477.772032203,2908159.2573440676,190.8159257344068,3692,14.768,0,0.0,0.0,0.0,0.9844911393367575,0.9999987038800693,0.0,0.0,105.9983329000097
831197,low_default,1000000.0,1000000.0,1.0,250,rl,Isolated RL (non-federated),"{'none': 218, 'medium': 26, 'high': 6}",3,3000000.0,8685537.080458289,2895179.02681943,189.51790268194299,3563,14.252,124,0.034802133033960146,0.0708741493782497,0.002166377565838557,0.9828422230298323,0.9999985564610019,0.0,0.0,98.15084660000866
831197,low_default,1000000.0,1000000.0,1.0,250,fl_rl,FedAvg (federated),"{'none': 218, 'medium': 26, 'high': 6}",3,3000000.0,8194661.527859527,2731553.8426198424,173.15538426198424,3491,13.964,97,0.027785734746490976,0.05299117112932241,0.0016690504955587234,0.9836255677648892,0.9999997172194881,0.0,0.0,99.80469520000042
831197,medium_default,1000000.0,1000000.0,1.0,250,rl,Isolated RL (non-federated),"{'none': 192, 'medium': 45, 'high': 13}",3,3000000.0,7818341.023150394,2606113.6743834647,160.61136743834646,3264,13.056,254,0.0778186274509804,0.17160593181892025,0.005566412887321287,0.980013662405236,0.9999985941517545,0.0,0.0,88.97621010000876
831197,medium_default,1000000.0,1000000.0,1.0,250,fl_rl,FedAvg (federated),"{'none': 192, 'medium': 45, 'high': 13}",3,3000000.0,7303501.244623385,2434500.414874462,143.45004148744619,3233,12.932,182,0.056294463346736774,0.11482365516379336,0.0038826039057558367,0.9826429684379009,0.9999966828870713,0.0,0.0,93.83026160000009
831197,high_default,1000000.0,1000000.0,1.0,250,rl,Isolated RL (non-federated),"{'none': 160, 'medium': 64, 'high': 26}",3,3000000.0,6801315.82868875,2267105.276229583,126.7105276229583,3029,12.116,452,0.14922416639154837,0.34764059401053415,0.01252471101631345,0.9825278488669916,0.9999983895508877,0.0,0.0,86.54168940000818
831197,high_default,1000000.0,1000000.0,1.0,250,fl_rl,FedAvg (federated),"{'none': 160, 'medium': 64, 'high': 26}",3,3000000.0,6620075.011996156,2206691.670665385,120.6691670665385,2972,11.888,247,0.08310901749663527,0.2047328711239337,0.007507630458801907,0.9811357632597006,0.9999977246671301,0.0,0.0,85.20233590000134
831197,none_default,5000000.0,5000000.0,1.0,250,rl,Isolated RL (non-federated),{'none': 250},3,15000000.0,42738969.06658471,14246323.022194901,184.92646044389804,14408,57.632,0,0.0,0.0,0.0,0.9717807521594904,0.9999994741598472,0.0,0.0,501.46715210001275
831197,none_default,5000000.0,5000000.0,1.0,250,fl_rl,FedAvg (federated),{'none': 250},3,15000000.0,42795040.726569206,14265013.57552307,185.30027151046136,14586,58.344,0,0.0,0.0,0.0,0.9760248956411444,0.999999868124977,0.0,0.0,520.2647787999886
831197,low_default,5000000.0,5000000.0,1.0,250,rl,Isolated RL (non-federated),"{'none': 218, 'medium': 26, 'high': 6}",3,15000000.0,39913513.813302614,13304504.604434205,166.0900920886841,13475,53.9,369,0.02738404452690167,0.049153978080877354,0.001615664314408986,0.9611141723522918,0.9999997702613577,0.0,0.0,452.55880149999575
831197,low_default,5000000.0,5000000.0,1.0,250,fl_rl,FedAvg (federated),"{'none': 218, 'medium': 26, 'high': 6}",3,15000000.0,41575152.79461525,13858384.264871748,177.16768529743496,13814,55.256,220,0.015925872303460258,0.027800740851797262,0.0008906402091801566,0.9550826869194994,0.9999996033699259,0.0,0.0,467.0159737000067
831197,medium_default,5000000.0,5000000.0,1.0,250,rl,Isolated RL (non-federated),"{'none': 192, 'medium': 45, 'high': 13}",3,15000000.0,39408274.924584895,13136091.6415283,162.72183283056592,13466,53.864,612,0.04544779444526957,0.09910873979744503,0.0032663464957004757,0.9647822238889954,0.9999998829849973,0.0,0.0,467.1550697999919
831197,medium_default,5000000.0,5000000.0,1.0,250,fl_rl,FedAvg (federated),"{'none': 192, 'medium': 45, 'high': 13}",3,15000000.0,40879416.663091175,13626472.221030392,172.52944442060783,13459,53.836,469,0.03484657106768705,0.07819180141889115,0.002561057729682518,0.9528985877550384,0.9999997747553391,0.0,0.0,470.4576073000062
831197,high_default,5000000.0,5000000.0,1.0,250,rl,Isolated RL (non-federated),"{'none': 160, 'medium': 64, 'high': 26}",3,15000000.0,34165696.41632468,11388565.472108228,127.77130944216455,11751,47.004,1070,0.09105608033358863,0.21339695151243182,0.00802077433522736,0.951034456142694,0.9999997580802265,0.0,0.0,399.7178550999961
831197,high_default,5000000.0,5000000.0,1.0,250,fl_rl,FedAvg (federated),"{'none': 160, 'medium': 64, 'high': 26}",3,15000000.0,36588381.11870776,12196127.039569253,143.92254079138507,12244,48.976,694,0.05668082326037243,0.14476441008180987,0.005207401818673451,0.9354635311784341,0.9999993210165615,0.0,0.0,410.8277176999982
831197,none_default,10000000.0,10000000.0,1.0,250,rl,Isolated RL (non-federated),{'none': 250},3,30000000.0,74444635.2559691,24814878.418656368,148.14878418656372,24945,99.78,0,0.0,0.0,0.0,0.9230835111136185,0.9999999934792363,0.0,0.0,983.2043999000016
831197,none_default,10000000.0,10000000.0,1.0,250,fl_rl,FedAvg (federated),{'none': 250},3,30000000.0,75816517.456233,25272172.485411,152.72172485411,24765,99.06,0,0.0,0.0,0.0,0.9102875662806971,0.9999999108867152,0.0,0.0,993.7808491000033
831197,low_default,10000000.0,10000000.0,1.0,250,rl,Isolated RL (non-federated),"{'none': 218, 'medium': 26, 'high': 6}",3,30000000.0,70965557.71825144,23655185.90608381,136.5518590608381,22104,88.416,385,0.017417661961635904,0.024735727561752865,0.0009673812542154184,0.8554704035218742,0.999999972973083,0.0,0.0,849.9803287999966
831197,low_default,10000000.0,10000000.0,1.0,250,fl_rl,FedAvg (federated),"{'none': 218, 'medium': 26, 'high': 6}",3,30000000.0,68682863.44564453,22894287.815214843,128.9428781521484,20632,82.528,406,0.01967816983326871,0.02562186370909808,0.0010721881369011397,0.8139387095990861,0.999999972973083,0.0,0.0,811.6304716000013
831197,medium_default,10000000.0,10000000.0,1.0,250,rl,Isolated RL (non-federated),"{'none': 192, 'medium': 45, 'high': 13}",3,30000000.0,66304964.357940674,22101654.785980225,121.01654785980224,21026,84.104,795,0.03781033006753543,0.06656018145827045,0.0027352161477338923,0.8472273618847866,0.9999990363689576,0.0,0.0,823.1869198000059
831197,medium_default,10000000.0,10000000.0,1.0,250,fl_rl,FedAvg (federated),"{'none': 192, 'medium': 45, 'high': 13}",3,30000000.0,64626664.397225924,21542221.465741973,115.42221465741974,18786,75.144,693,0.03688917278824657,0.05904498577070699,0.002714897700427809,0.7813042095898488,0.9999999367407649,0.0,0.0,731.435939899995
831197,high_default,10000000.0,10000000.0,1.0,250,rl,Isolated RL (non-federated),"{'none': 160, 'medium': 64, 'high': 26}",3,30000000.0,59429817.08441232,19809939.02813744,98.09939028137441,18542,74.168,1792,0.09664545356487973,0.178197332550221,0.008304079224688708,0.8266099656527957,0.999999784023955,0.0,0.0,713.2177542999998
831197,high_default,10000000.0,10000000.0,1.0,250,fl_rl,FedAvg (federated),"{'none': 160, 'medium': 64, 'high': 26}",3,30000000.0,58473863.312726274,19491287.770908758,94.91287770908758,17556,70.224,1329,0.07570061517429938,0.1404508314002,0.006894593435829808,0.7858347420994585,0.9999989969077299,0.0,0.0,681.4343265000061
709098,none_default,1000000.0,1000000.0,1.0,500,rl,Isolated RL (non-federated),{'none': 500},3,3000000.0,8114794.3959339,2704931.4653113,170.49314653113,3804,7.608,0,0.0,0.0,0.0,0.9889185306422809,0.9999996520643718,0.0,0.0,215.14522429999488
709098,none_default,1000000.0,1000000.0,1.0,500,fl_rl,FedAvg (federated),{'none': 500},3,3000000.0,7513028.412326189,2504342.8041087296,150.43428041087296,3661,7.322,0,0.0,0.0,0.0,0.9890925650428181,0.999999809568816,0.0,0.0,210.06146029999945
709098,low_default,1000000.0,1000000.0,1.0,500,rl,Isolated RL (non-federated),"{'none': 436, 'medium': 51, 'high': 13}",3,3000000.0,7937648.1267204005,2645882.7089068,164.58827089068,3639,7.278,136,0.037372904644133,0.07758375333603584,0.0024653798677560217,0.9871515933798528,0.9999983746408415,0.0,0.0,211.9660232999886
709098,low_default,1000000.0,1000000.0,1.0,500,fl_rl,FedAvg (federated),"{'none': 436, 'medium': 51, 'high': 13}",3,3000000.0,7856663.793162428,2618887.931054143,161.8887931054143,3577,7.154,101,0.028235951915012582,0.05157740776488525,0.0016446853740798156,0.9867174523913228,0.9999998557263017,0.0,0.0,231.22595989999536
709098,medium_default,1000000.0,1000000.0,1.0,500,rl,Isolated RL (non-federated),"{'none': 384, 'medium': 90, 'high': 26}",3,3000000.0,7539310.271034515,2513103.423678172,151.3103423678172,3468,6.936,251,0.0723760092272203,0.17368657117896535,0.005782167639244406,0.9870816134918418,0.999998079456464,0.0,0.0,204.75166029999673
709098,medium_default,1000000.0,1000000.0,1.0,500,fl_rl,FedAvg (federated),"{'none': 384, 'medium': 90, 'high': 26}",3,3000000.0,7736873.350719575,2578957.7835731916,157.89577835731916,3486,6.972,185,0.053069420539300055,0.12032373420566256,0.003988605248657417,0.9869972254972742,0.9999990007990829,0.0,0.0,212.48710509999364
709098,high_default,1000000.0,1000000.0,1.0,500,rl,Isolated RL (non-federated),"{'none': 321, 'medium': 128, 'high': 51}",3,3000000.0,7476345.050149759,2492115.0167165864,149.21150167165862,3327,6.654,266,0.07995190862639014,0.2275445256694676,0.007771361349978561,0.9860590717922513,0.9999998392187077,0.0,0.0,192.9989901999943
709098,high_default,1000000.0,1000000.0,1.0,500,fl_rl,FedAvg (federated),"{'none': 321, 'medium': 128, 'high': 51}",3,3000000.0,7005491.496634979,2335163.8322116598,133.51638322116597,3201,6.402,257,0.0802874101843174,0.20956882295682183,0.00750476623077847,0.9861249024395525,0.9999995315053181,0.0,0.0,188.73752669998794
709098,none_default,5000000.0,5000000.0,1.0,500,rl,Isolated RL (non-federated),{'none': 500},3,15000000.0,41477326.43147309,13825775.477157697,176.5155095431539,14509,29.018,0,0.0,0.0,0.0,0.98645727811201,0.9999999560481735,0.0,0.0,1065.5176305999921
709098,none_default,5000000.0,5000000.0,1.0,500,fl_rl,FedAvg (federated),{'none': 500},3,15000000.0,40719615.865305975,13573205.288435325,171.4641057687065,14403,28.806,0,0.0,0.0,0.0,0.9867066482687488,0.9999998052116384,0.0,0.0,1140.728061700007
709098,low_default,5000000.0,5000000.0,1.0,500,rl,Isolated RL (non-federated),"{'none': 436, 'medium': 51, 'high': 13}",3,15000000.0,45895695.12979128,15298565.043263761,205.97130086527523,15290,30.58,256,0.016742969260954872,0.034362194727071506,0.0010011672996388422,0.9804999010450107,0.9999998211493266,0.0,0.0,1087.7943758000038
709098,low_default,5000000.0,5000000.0,1.0,500,fl_rl,FedAvg (federated),"{'none': 436, 'medium': 51, 'high': 13}",3,15000000.0,44260495.51021821,14753498.50340607,195.0699700681214,14787,29.574,229,0.015486576046527355,0.02862923899621724,0.0008693222093058212,0.9761246558663714,0.9999999196537377,0.0,0.0,1088.503211800009
709098,medium_default,5000000.0,5000000.0,1.0,500,rl,Isolated RL (non-federated),"{'none': 384, 'medium': 90, 'high': 26}",3,15000000.0,41051536.15472105,13683845.384907017,173.67690769814033,14032,28.064,633,0.045111174458380844,0.10035186529211905,0.0032210652650106557,0.9851859428079877,0.9999995747948885,0.0,0.0,1013.9393282999954
709098,medium_default,5000000.0,5000000.0,1.0,500,fl_rl,FedAvg (federated),"{'none': 384, 'medium': 90, 'high': 26}",3,15000000.0,41107656.60533848,13702552.201779492,174.05104403558985,14114,28.228,541,0.03833073543998866,0.08766797557263978,0.0028025001586702665,0.985294272607761,0.9999997972382676,0.0,0.0,1060.1720220999996
709098,high_default,5000000.0,5000000.0,1.0,500,rl,Isolated RL (non-federated),"{'none': 321, 'medium': 128, 'high': 51}",3,15000000.0,38588407.60221716,12862802.534072386,157.25605068144773,13385,26.77,851,0.06357863279790811,0.1685225871730213,0.00567645726456616,0.9846864305482775,0.9999998533780884,0.0,0.0,962.4928011000011
709098,high_default,5000000.0,5000000.0,1.0,500,fl_rl,FedAvg (federated),"{'none': 321, 'medium': 128, 'high': 51}",3,15000000.0,38401279.847506836,12800426.615835613,156.00853231671226,13302,26.604,681,0.05119530897609382,0.13093741813107487,0.0044328429750765995,0.9854497153130912,0.999999911095481,0.0,0.0,1066.2785941000038
709098,none_default,10000000.0,10000000.0,1.0,500,rl,Isolated RL (non-federated),{'none': 500},3,30000000.0,88955505.69043772,29651835.230145905,196.51835230145906,29411,58.822,0,0.0,0.0,0.0,0.9763398874871357,0.9999999253316679,0.0,0.0,2299.4566661999997
709098,none_default,10000000.0,10000000.0,1.0,500,fl_rl,FedAvg (federated),{'none': 500},3,30000000.0,87886946.30700637,29295648.769002125,192.95648769002125,29067,58.134,0,0.0,0.0,0.0,0.9768905898471596,0.9999999322688166,0.0,0.0,2405.3311732
709098,low_default,10000000.0,10000000.0,1.0,500,rl,Isolated RL (non-federated),"{'none': 436, 'medium': 51, 'high': 13}",3,30000000.0,83064795.89114358,27688265.297047857,176.8826529704786,26941,53.882,473,0.017556883560372667,0.03296565826501387,0.0010664386521229982,0.9497703774906734,0.999999934328133,0.0,0.0,2079.4563793999987
709098,low_default,10000000.0,10000000.0,1.0,500,fl_rl,FedAvg (federated),"{'none': 436, 'medium': 51, 'high': 13}",3,30000000.0,85145181.35438363,28381727.11812788,183.81727118127876,27415,54.83,472,0.01721685208827284,0.03252541335045596,0.0010339521032324047,0.9490391869235544,0.9999999678626452,0.0,0.0,2221.6475707000063
709098,medium_default,10000000.0,10000000.0,1.0,500,rl,Isolated RL (non-federated),"{'none': 384, 'medium': 90, 'high': 26}",3,30000000.0,81385304.79733315,27128434.932444382,171.28434932444384,25966,51.932,835,0.03215743664792421,0.06988350106163176,0.002344066504739485,0.9374771026034678,0.9999996663308841,0.0,0.0,1973.094783700013
709098,medium_default,10000000.0,10000000.0,1.0,500,fl_rl,FedAvg (federated),"{'none': 384, 'medium': 90, 'high': 26}",3,30000000.0,80950787.68988916,26983595.89662972,169.83595896629717,26061,52.122,846,0.03246229998848855,0.07005482441264423,0.002345718197906817,0.9403500782551896,0.99999982399023,0.0,0.0,2059.527315299987
709098,high_default,10000000.0,10000000.0,1.0,500,rl,Isolated RL (non-federated),"{'none': 321, 'medium': 128, 'high': 51}",3,30000000.0,75776127.46190555,25258709.153968517,152.58709153968516,24049,48.098,1252,0.0520603767308412,0.12448233350199644,0.004496313847097222,0.9153669684961476,0.9999999292273087,0.0,0.0,1809.652205899998
709098,high_default,10000000.0,10000000.0,1.0,500,fl_rl,FedAvg (federated),"{'none': 321, 'medium': 128, 'high': 51}",3,30000000.0,76976896.63152394,25658965.543841314,156.5896554384132,25263,50.526,1359,0.053794086213038834,0.140855318232683,0.004856943220899957,0.9608116031000387,0.999999765802719,0.0,0.0,1910.9852007000009
436570,none_default,1000000.0,1000000.0,1.0,500,rl,Isolated RL (non-federated),{'none': 500},3,3000000.0,8242943.871422079,2747647.957140693,174.7647957140693,3812,7.624,0,0.0,0.0,0.0,0.988875295796612,0.9999991202460968,0.0,0.0,231.44629130000249
436570,none_default,1000000.0,1000000.0,1.0,500,fl_rl,FedAvg (federated),{'none': 500},3,3000000.0,7795567.134770138,2598522.3782567126,159.85223782567127,3793,7.586,0,0.0,0.0,0.0,0.9888567970862738,0.9999986551249158,0.0,0.0,232.04236599997967
436570,low_default,1000000.0,1000000.0,1.0,500,rl,Isolated RL (non-federated),"{'none': 436, 'medium': 51, 'high': 13}",3,3000000.0,8207825.608092366,2735941.869364122,173.5941869364122,3714,7.428,226,0.06085083467959074,0.13455840113688475,0.004279675228000845,0.9881155743475839,0.9999996004488777,0.0,0.0,235.96635619999142
436570,low_default,1000000.0,1000000.0,1.0,500,fl_rl,FedAvg (federated),"{'none': 436, 'medium': 51, 'high': 13}",3,3000000.0,7458922.43891099,2486307.4796369965,148.63074796369966,3526,7.052,171,0.048496880317640385,0.09783461107299758,0.003262653129851445,0.9875869428291766,0.9999979078380411,0.0,0.0,218.18204359998344
436570,medium_default,1000000.0,1000000.0,1.0,500,rl,Isolated RL (non-federated),"{'none': 384, 'medium': 90, 'high': 26}",3,3000000.0,7651333.515622506,2550444.505207502,155.04445052075022,3505,7.01,240,0.06847360912981455,0.16873332009959874,0.005637638671194075,0.987532827404324,0.9999998984463894,0.0,0.0,212.7926557000028
436570,medium_default,1000000.0,1000000.0,1.0,500,fl_rl,FedAvg (federated),"{'none': 384, 'medium': 90, 'high': 26}",3,3000000.0,7885228.514245663,2628409.5047485544,162.84095047485542,3484,6.968,194,0.05568312284730195,0.131612896720299,0.0043660848199826695,0.9872468453001647,0.9999996102678579,0.0,0.0,211.68794539998635
436570,high_default,1000000.0,1000000.0,1.0,500,rl,Isolated RL (non-federated),"{'none': 321, 'medium': 128, 'high': 51}",3,3000000.0,6321770.79586515,2107256.93195505,110.725693195505,3089,6.178,378,0.12236969893169311,0.31573179359060277,0.01214742004887985,0.9870318489379072,0.9999999454397597,0.0,0.0,194.92931270002737
436570,high_default,1000000.0,1000000.0,1.0,500,fl_rl,FedAvg (federated),"{'none': 321, 'medium': 128, 'high': 51}",3,3000000.0,7142280.677379415,2380760.2257931386,138.07602257931384,3270,6.54,310,0.09480122324159021,0.24831561431469962,0.008700630626916266,0.9861560128739669,0.9999980036311072,0.0,0.0,197.0691383999947
436570,none_default,5000000.0,5000000.0,1.0,500,rl,Isolated RL (non-federated),{'none': 500},3,15000000.0,42222926.52683927,14074308.842279756,181.48617684559514,14935,29.87,0,0.0,0.0,0.0,0.986110173174475,0.9999998414007679,0.0,0.0,1168.1960756999906
436570,none_default,5000000.0,5000000.0,1.0,500,fl_rl,FedAvg (federated),{'none': 500},3,15000000.0,43365651.016127564,14455217.005375855,189.1043401075171,14842,29.684,0,0.0,0.0,0.0,0.9859775626214725,0.9999999985056629,0.0,0.0,1173.0534848000098
436570,low_default,5000000.0,5000000.0,1.0,500,rl,Isolated RL (non-federated),"{'none': 436, 'medium': 51, 'high': 13}",3,15000000.0,41242097.39177603,13747365.797258677,174.94731594517356,14253,28.506,471,0.03304567459482214,0.06057377460110571,0.0019217697521557206,0.9850565706553003,0.9999999330696251,0.0,0.0,1106.8638862999796
436570,low_default,5000000.0,5000000.0,1.0,500,fl_rl,FedAvg (federated),"{'none': 436, 'medium': 51, 'high': 13}",3,15000000.0,43157906.54323357,14385968.847744524,187.71937695489046,14648,29.296,488,0.033315128345166575,0.0673726093342263,0.002070711875430178,0.9845443984588633,0.9999996296104662,0.0,0.0,1110.8206840000057
436570,medium_default,5000000.0,5000000.0,1.0,500,rl,Isolated RL (non-federated),"{'none': 384, 'medium': 90, 'high': 26}",3,15000000.0,39447736.121281356,13149245.373760452,162.98490747520904,13831,27.662,528,0.038175113874629456,0.08660090628264054,0.002831866279711188,0.9857160287650635,0.9999999690830303,0.0,0.0,1048.7843020000146
436570,medium_default,5000000.0,5000000.0,1.0,500,fl_rl,FedAvg (federated),"{'none': 384, 'medium': 90, 'high': 26}",3,15000000.0,39639977.368151076,13213325.789383693,164.26651578767385,13886,27.772,551,0.03968025349272649,0.09072125326402525,0.002961697452695005,0.985771043479757,0.9999997696454853,0.0,0.0,1071.496224500006
436570,high_default,5000000.0,5000000.0,1.0,500,rl,Isolated RL (non-federated),"{'none': 321, 'medium': 128, 'high': 51}",3,15000000.0,38915474.99029309,12971824.996764364,159.4364999352873,13441,26.882,826,0.06145376088088684,0.1558930901784178,0.005237913576434614,0.9838384418980184,0.9999998993829053,0.0,0.0,973.1140989999985
436570,high_default,5000000.0,5000000.0,1.0,500,fl_rl,FedAvg (federated),"{'none': 321, 'medium': 128, 'high': 51}",3,15000000.0,34718011.36516216,11572670.455054052,131.45340910108104,12646,25.292,895,0.07077336707259213,0.1755492471774594,0.0062844324792175705,0.98605299499984,0.9999997128612477,0.0,0.0,957.3189600999758
436570,none_default,10000000.0,10000000.0,1.0,500,rl,Isolated RL (non-federated),{'none': 500},3,30000000.0,87648888.33552301,29216296.111841004,192.16296111841004,28538,57.076,0,0.0,0.0,0.0,0.9727865131523152,0.9999999426705313,0.0,0.0,2241.7272586000036
436570,none_default,10000000.0,10000000.0,1.0,500,fl_rl,FedAvg (federated),{'none': 500},3,30000000.0,80337989.8293053,26779329.943101767,167.7932994310177,27371,54.742,0,0.0,0.0,0.0,0.9762600722411525,0.999999981414726,0.0,0.0,2153.78015820001
436570,low_default,10000000.0,10000000.0,1.0,500,rl,Isolated RL (non-federated),"{'none': 436, 'medium': 51, 'high': 13}",3,30000000.0,86069027.18702418,28689675.72900806,186.8967572900806,27847,55.694,861,0.03091894997665817,0.06082150478194143,0.001905207964300407,0.9546273582905132,0.9999999840174246,0.0,0.0,2155.0828093000164
436570,low_default,10000000.0,10000000.0,1.0,500,fl_rl,FedAvg (federated),"{'none': 436, 'medium': 51, 'high': 13}",3,30000000.0,82057803.44634888,27352601.148782957,173.52601148782955,26857,53.714,412,0.015340507130357076,0.027538428083236588,0.0008949661353178877,0.952044765040504,0.9999992398281768,0.0,0.0,2115.3289350999985
436570,medium_default,10000000.0,10000000.0,1.0,500,rl,Isolated RL (non-federated),"{'none': 384, 'medium': 90, 'high': 26}",3,30000000.0,77973457.97766683,25991152.659222275,159.91152659222274,25686,51.372,1319,0.0513509304679592,0.11315911440361895,0.00384013737857493,0.943619042016086,0.9999998701956587,0.0,0.0,1991.2138527000207
436570,medium_default,10000000.0,10000000.0,1.0,500,fl_rl,FedAvg (federated),"{'none': 384, 'medium': 90, 'high': 26}",3,30000000.0,78973632.03304544,26324544.011015147,163.2454401101515,25527,51.054,857,0.0335722960003134,0.07256743849237247,0.0024816413671351015,0.9390496601138137,0.9999996088999745,0.0,0.0,1958.6636281999818
436570,high_default,10000000.0,10000000.0,1.0,500,rl,Isolated RL (non-federated),"{'none': 321, 'medium': 128, 'high': 51}",3,30000000.0,76536842.40559185,25512280.80186395,155.12280801863955,25224,50.448,1387,0.054987313669521094,0.1406173040759829,0.004851571809837918,0.9586485147656687,0.9999999377167507,0.0,0.0,1933.2641932999832
436570,high_default,10000000.0,10000000.0,1.0,500,fl_rl,FedAvg (federated),"{'none': 321, 'medium': 128, 'high': 51}",3,30000000.0,73844738.77779126,24614912.92593042,146.1491292593042,23870,47.74,1237,0.051822371177209885,0.12574001423101477,0.004588996301679371,0.9395533145142487,0.9999997111749865,0.0,0.0,1845.9047762000118
831197,none_default,1000000.0,1000000.0,1.0,500,rl,Isolated RL (non-federated),{'none': 500},3,3000000.0,8253235.585345559,2751078.5284485198,175.10785284485198,3883,7.766,0,0.0,0.0,0.0,0.9889075551150921,0.9999996674911529,0.0,0.0,234.80262539998512
831197,none_default,1000000.0,1000000.0,1.0,500,fl_rl,FedAvg (federated),{'none': 500},3,3000000.0,8024734.595567844,2674911.531855948,167.49115318559484,3754,7.508,0,0.0,0.0,0.0,0.9882604749857217,0.9999996743689741,0.0,0.0,227.64150759999757
831197,low_default,1000000.0,1000000.0,1.0,500,rl,Isolated RL (non-federated),"{'none': 436, 'medium': 51, 'high': 13}",3,3000000.0,8014988.453371021,2671662.81779034,167.16628177903405,3599,7.198,126,0.035009724923589884,0.07435345409583358,0.0023896093649180498,0.9875259077979776,0.9999995505596647,0.0,0.0,214.864449900022
831197,low_default,1000000.0,1000000.0,1.0,500,fl_rl,FedAvg (federated),"{'none': 436, 'medium': 51, 'high': 13}",3,3000000.0,7477724.586873675,2492574.8622912248,149.25748622912246,3493,6.986,122,0.03492699685084455,0.07196840891501376,0.002380822850054955,0.987140483258159,0.9999980042891934,0.0,0.0,210.5202108999947
831197,medium_default,1000000.0,1000000.0,1.0,500,rl,Isolated RL (non-federated),"{'none': 384, 'medium': 90, 'high': 26}",3,3000000.0,7523607.171159953,2507869.057053318,150.78690570533178,3486,6.972,229,0.06569133677567413,0.14565764333157336,0.004864720310148275,0.9874300754687515,0.9999998541788759,0.0,0.0,213.84004109998932
831197,medium_default,1000000.0,1000000.0,1.0,500,fl_rl,FedAvg (federated),"{'none': 384, 'medium': 90, 'high': 26}",3,3000000.0,6806001.969741158,2268667.3232470527,126.86673232470528,3347,6.694,502,0.1499850612488796,0.2948890115859034,0.010406856335098266,0.9873733342553599,0.9999975951797841,0.0,0.0,213.4681278000062
831197,high_default,1000000.0,1000000.0,1.0,500,rl,Isolated RL (non-federated),"{'none': 321, 'medium': 128, 'high': 51}",3,3000000.0,7418112.284767494,2472704.094922498,147.2704094922498,3266,6.532,272,0.08328230251071647,0.23210721657872305,0.008000461777065102,0.9853591781237461,0.9999997895785935,0.0,0.0,192.62856610000017
831197,high_default,1000000.0,1000000.0,1.0,500,fl_rl,FedAvg (federated),"{'none': 321, 'medium': 128, 'high': 51}",3,3000000.0,6736858.997799173,2245619.6659330577,124.56196659330577,3114,6.228,297,0.0953757225433526,0.24648496601248948,0.009109880186033268,0.9860698005859451,0.9999991880516353,0.0,0.0,197.06606410001405
831197,none_default,5000000.0,5000000.0,1.0,500,rl,Isolated RL (non-federated),{'none': 500},3,15000000.0,41469786.75899847,13823262.25299949,176.4652450599898,14651,29.302,0,0.0,0.0,0.0,0.9862324600521233,0.9999996571827323,0.0,0.0,1116.5147162999783
831197,none_default,5000000.0,5000000.0,1.0,500,fl_rl,FedAvg (federated),{'none': 500},3,15000000.0,41808245.25433478,13936081.751444926,178.72163502889853,14537,29.074,0,0.0,0.0,0.0,0.9865346115506444,0.9999997222119638,0.0,0.0,1163.1774259000085
831197,low_default,5000000.0,5000000.0,1.0,500,rl,Isolated RL (non-federated),"{'none': 436, 'medium': 51, 'high': 13}",3,15000000.0,41196541.81086345,13732180.60362115,174.64361207242302,14110,28.22,381,0.027002126151665487,0.05310300065562566,0.0017030036809967484,0.9797631471766269,0.9999999495599026,0.0,0.0,1047.9381541999755
831197,low_default,5000000.0,5000000.0,1.0,500,fl_rl,FedAvg (federated),"{'none': 436, 'medium': 51, 'high': 13}",3,15000000.0,42047194.24850559,14015731.416168531,180.3146283233706,14082,28.164,403,0.02861809402073569,0.058530016804597226,0.001863134278277859,0.9670216797550759,0.9999999243136692,0.0,0.0,1014.2694130000018
831197,medium_default,5000000.0,5000000.0,1.0,500,rl,Isolated RL (non-federated),"{'none': 384, 'medium': 90, 'high': 26}",3,15000000.0,41535095.002046324,13845031.667348774,176.9006333469755,14323,28.646,544,0.037980869929484046,0.09059695766634794,0.002858995976121731,0.9848063303731596,0.9999996200004456,0.0,0.0,1070.2040304999973
831197,medium_default,5000000.0,5000000.0,1.0,500,fl_rl,FedAvg (federated),"{'none': 384, 'medium': 90, 'high': 26}",3,15000000.0,43418477.37781361,14472825.792604536,189.45651585209072,14510,29.02,558,0.03845623707787733,0.0936864074249053,0.0028962087422466174,0.9775671910161331,0.9999995697759927,0.0,0.0,995.9691887999943
831197,high_default,5000000.0,5000000.0,1.0,500,rl,Isolated RL (non-federated),"{'none': 321, 'medium': 128, 'high': 51}",3,15000000.0,33703881.45710989,11234627.152369963,124.69254304739927,12462,24.924,1883,0.15109934199967903,0.34982180332582674,0.012721265230859705,0.9779837965968059,0.9999997031707103,0.0,0.0,919.8562353999878
831197,high_default,5000000.0,5000000.0,1.0,500,fl_rl,FedAvg (federated),"{'none': 321, 'medium': 128, 'high': 51}",3,15000000.0,39617574.317983985,13205858.105994662,164.11716211989327,13386,26.772,679,0.050724637681159424,0.14037170707246382,0.004695502939466112,0.9833776609852841,0.9999998004264157,0.0,0.0,957.6402927000017
831197,none_default,10000000.0,10000000.0,1.0,500,rl,Isolated RL (non-federated),{'none': 500},3,30000000.0,87874968.40921724,29291656.136405747,192.9165613640575,28769,57.538,0,0.0,0.0,0.0,0.974589120726123,0.9999999980868295,0.0,0.0,2276.0662937999878
831197,none_default,10000000.0,10000000.0,1.0,500,fl_rl,FedAvg (federated),{'none': 500},3,30000000.0,83504203.70013939,27834734.56671313,178.3473456671313,27864,55.728,0,0.0,0.0,0.0,0.9693576534384455,0.9999999124175005,0.0,0.0,2219.4662663000054
831197,low_default,10000000.0,10000000.0,1.0,500,rl,Isolated RL (non-federated),"{'none': 436, 'medium': 51, 'high': 13}",3,30000000.0,83884034.15187144,27961344.71729048,179.6134471729048,26364,52.728,565,0.021430738886360188,0.042567389819752256,0.001405360488828789,0.9158550821311047,0.9999996414461773,0.0,0.0,1981.4127770999912
831197,low_default,10000000.0,10000000.0,1.0,500,fl_rl,FedAvg (federated),"{'none': 436, 'medium': 51, 'high': 13}",3,30000000.0,86083420.53298292,28694473.510994304,186.94473510994305,27012,54.024,504,0.018658374055975122,0.037886853375966194,0.0012172599254573532,0.9222984118149009,0.9999996414461773,0.0,0.0,2078.5414724000148
831197,medium_default,10000000.0,10000000.0,1.0,500,rl,Isolated RL (non-federated),"{'none': 384, 'medium': 90, 'high': 26}",3,30000000.0,81251597.2769846,27083865.758994866,170.8386575899486,26246,52.492,1282,0.048845538367751275,0.10967620127853256,0.0036359280503795556,0.946122865374612,0.9999992901262017,0.0,0.0,2033.3238652000146
831197,medium_default,10000000.0,10000000.0,1.0,500,fl_rl,FedAvg (federated),"{'none': 384, 'medium': 90, 'high': 26}",3,30000000.0,80140274.88704109,26713424.96234703,167.13424962347028,26129,52.258,865,0.033104979141949556,0.07351012624028441,0.002452315497481187,0.951487646472656,0.9999998803758459,0.0,0.0,2081.7266107999894
831197,high_default,10000000.0,10000000.0,1.0,500,rl,Isolated RL (non-federated),"{'none': 321, 'medium': 128, 'high': 51}",3,30000000.0,75785379.39073391,25261793.13024464,152.61793130244638,24651,49.302,1417,0.05748245507281652,0.1484216777987569,0.005231566940378932,0.9458220364303652,0.999999959086463,0.0,0.0,1885.898424700019
831197,high_default,10000000.0,10000000.0,1.0,500,fl_rl,FedAvg (federated),"{'none': 321, 'medium': 128, 'high': 51}",3,30000000.0,73671709.53290384,24557236.510967944,145.57236510967945,23656,47.312,1365,0.05770206290158945,0.14481260383469072,0.005322132486104758,0.9326501225286865,0.999999959086463,0.0,0.0,1811.7324388999841
709098,none_default,1000000.0,1000000.0,1.0,1000,rl,Isolated RL (non-federated),{'none': 1000},3,3000000.0,7844095.017563153,2614698.3391877175,161.46983391877177,3819,3.819,0,0.0,0.0,0.0,0.9913459010826665,0.9999993953984729,0.0,0.0,465.6109824000159
709098,none_default,1000000.0,1000000.0,1.0,1000,fl_rl,FedAvg (federated),{'none': 1000},3,3000000.0,8311939.856158706,2770646.618719569,177.06466187195687,3997,3.997,0,0.0,0.0,0.0,0.9911436540379719,0.9999991130432732,0.0,0.0,476.77946389999124
709098,low_default,1000000.0,1000000.0,1.0,1000,rl,Isolated RL (non-federated),"{'none': 872, 'medium': 102, 'high': 26}",3,3000000.0,7629821.781619847,2543273.9272066155,154.32739272066155,3762,3.762,237,0.06299840510366826,0.13128047432377665,0.004290962298989397,0.9907558232510728,0.999999973362974,0.0,0.0,469.38737839998794
709098,low_default,1000000.0,1000000.0,1.0,1000,fl_rl,FedAvg (federated),"{'none': 872, 'medium': 102, 'high': 26}",3,3000000.0,7768427.479729697,2589475.826576566,158.94758265765654,3762,3.762,261,0.06937799043062201,0.15345691673324433,0.004934164013874172,0.9902730288293027,0.9999993923860133,0.0,0.0,479.49527839999064
709098,medium_default,1000000.0,1000000.0,1.0,1000,rl,Isolated RL (non-federated),"{'none': 769, 'medium': 180, 'high': 51}",3,3000000.0,7184010.844430856,2394670.281476952,139.46702814769523,3471,3.471,387,0.111495246326707,0.2697299895891478,0.00925260164442467,0.9893130407221666,0.999999917458504,0.0,0.0,440.100373400026
709098,medium_default,1000000.0,1000000.0,1.0,1000,fl_rl,FedAvg (federated),"{'none': 769, 'medium': 180, 'high': 51}",3,3000000.0,6834907.8505299315,2278302.6168433107,127.83026168433106,3459,3.459,360,0.10407632263660017,0.25318346046487783,0.008873922351662684,0.9900140771491872,0.9999977511515227,0.0,0.0,450.33662459999323
709098,high_default,1000000.0,1000000.0,1.0,1000,rl,Isolated RL (non-federated),"{'none': 641, 'medium': 256, 'high': 103}",3,3000000.0,5689123.712064708,1896374.5706882358,89.63745706882362,3089,3.089,619,0.2003884752347038,0.48261223384453766,0.019264897034476945,0.9891200430621222,0.999999178318117,0.0,0.0,412.124467799993
709098,high_default,1000000.0,1000000.0,1.0,1000,fl_rl,FedAvg (federated),"{'none': 641, 'medium': 256, 'high': 103}",3,3000000.0,6178806.174111412,2059602.0580371374,105.96020580371373,3078,3.078,521,0.16926575698505522,0.41046989277381724,0.01602292173994051,0.9881684965687917,0.9999993313907392,0.0,0.0,401.885209799977
709098,none_default,5000000.0,5000000.0,1.0,1000,rl,Isolated RL (non-federated),{'none': 1000},3,15000000.0,41319085.38597776,13773028.461992586,175.4605692398517,14756,14.756,0,0.0,0.0,0.0,0.9922587523436397,0.9999999354863843,0.0,0.0,2479.9161947999964
709098,none_default,5000000.0,5000000.0,1.0,1000,fl_rl,FedAvg (federated),{'none': 1000},3,15000000.0,41367984.74098056,13789328.24699352,175.7865649398704,14595,14.595,0,0.0,0.0,0.0,0.992428592881915,0.9999999069432688,0.0,0.0,2472.604399600008
709098,low_default,5000000.0,5000000.0,1.0,1000,rl,Isolated RL (non-federated),"{'none': 872, 'medium': 102, 'high': 26}",3,15000000.0,41551101.41312878,13850367.137709593,177.00734275419185,14483,14.483,877,0.060553752675550646,0.133611834052381,0.0041812175369974345,0.9755339895641528,0.9999999820319112,0.0,0.0,2258.190619699977
709098,low_default,5000000.0,5000000.0,1.0,1000,fl_rl,FedAvg (federated),"{'none': 872, 'medium': 102, 'high': 26}",3,15000000.0,41647921.074011564,13882640.358003855,177.65280716007712,14542,14.542,351,0.02413698253335167,0.05039807928997514,0.0015813347280987055,0.991431583338678,0.999999901602659,0.0,0.0,2377.796543799981
709098,medium_default,5000000.0,5000000.0,1.0,1000,rl,Isolated RL (non-federated),"{'none': 769, 'medium': 180, 'high': 51}",3,15000000.0,41188745.35825519,13729581.786085064,174.59163572170127,14364,14.364,579,0.04030910609857978,0.09728483756184886,0.0030737219862989086,0.9914163214968502,0.9999999986058031,0.0,0.0,2326.542592300015
709098,medium_default,5000000.0,5000000.0,1.0,1000,fl_rl,FedAvg (federated),"{'none': 769, 'medium': 180, 'high': 51}",3,15000000.0,40882483.79444118,13627494.598147059,172.54989196294116,14401,14.401,417,0.028956322477605722,0.06561611819331041,0.0020704555179890194,0.9909663443396117,0.9999997825214431,0.0,0.0,2380.667914200021
709098,high_default,5000000.0,5000000.0,1.0,1000,rl,Isolated RL (non-federated),"{'none': 641, 'medium': 256, 'high': 103}",3,15000000.0,37314758.93889057,12438252.979630189,148.7650595926038,13240,13.24,947,0.07152567975830816,0.1961160993497972,0.006761298020498754,0.991078529042651,0.9999999444942883,0.0,0.0,2264.2113239000028
709098,high_default,5000000.0,5000000.0,1.0,1000,fl_rl,FedAvg (federated),"{'none': 641, 'medium': 256, 'high': 103}",3,15000000.0,38168562.22605015,12722854.075350052,154.45708150700102,13390,13.39,1049,0.07834204630321136,0.21864937822940503,0.007431353592375041,0.9913380060897441,0.9999999846588729,0.0,0.0,2225.1309379999875
709098,none_default,10000000.0,10000000.0,1.0,1000,rl,Isolated RL (non-federated),{'none': 1000},3,30000000.0,89314777.07177982,29771592.35725994,197.71592357259937,29556,29.556,0,0.0,0.0,0.0,0.9866621243028914,0.9999998411093632,0.0,0.0,5291.777993299998
709098,none_default,10000000.0,10000000.0,1.0,1000,fl_rl,FedAvg (federated),{'none': 1000},3,30000000.0,92908197.113653,30969399.037884336,209.69399037884335,30410,30.41,0,0.0,0.0,0.0,0.9862432959997479,0.9999999259793712,0.0,0.0,5295.332350099983
709098,low_default,10000000.0,10000000.0,1.0,1000,rl,Isolated RL (non-federated),"{'none': 872, 'medium': 102, 'high': 26}",3,30000000.0,87158146.21901055,29052715.406336848,190.52715406336847,28682,28.682,576,0.020082281570322852,0.043576417415208124,0.0013360165967117423,0.9794941380728843,0.999999997361855,0.0,0.0,5009.768362100003
709098,low_default,10000000.0,10000000.0,1.0,1000,fl_rl,FedAvg (federated),"{'none': 872, 'medium': 102, 'high': 26}",3,30000000.0,91400714.19952984,30466904.733176615,204.66904733176614,30004,30.004,505,0.01683108918810825,0.03681818919669472,0.0010806236052127245,0.9848491198569919,0.9999999046379562,0.0,0.0,5185.226746300003
709098,medium_default,10000000.0,10000000.0,1.0,1000,rl,Isolated RL (non-federated),"{'none': 769, 'medium': 180, 'high': 51}",3,30000000.0,86448536.89189826,28816178.963966087,188.16178963966087,28415,28.415,998,0.03512229456273095,0.08452437483036306,0.002612135505312165,0.9812532818441303,0.9999998150754238,0.0,0.0,4849.6990491999895
709098,medium_default,10000000.0,10000000.0,1.0,1000,fl_rl,FedAvg (federated),"{'none': 769, 'medium': 180, 'high': 51}",3,30000000.0,82335060.97842038,27445020.326140124,174.45020326140124,26877,26.877,832,0.030955835844774342,0.07093919439039204,0.002312099407604914,0.9615446370125091,0.9999998735121914,0.0,0.0,4506.136843999993
709098,high_default,10000000.0,10000000.0,1.0,1000,rl,Isolated RL (non-federated),"{'none': 641, 'medium': 256, 'high': 103}",3,30000000.0,76773071.49746989,25591023.832489964,155.9102383248996,24490,24.49,1485,0.0606369946917109,0.1555285396024581,0.005555284945839599,0.9337224321320227,0.9999999075429824,0.0,0.0,3836.7436905999784
709098,high_default,10000000.0,10000000.0,1.0,1000,fl_rl,FedAvg (federated),"{'none': 641, 'medium': 256, 'high': 103}",3,30000000.0,76581307.603294,25527102.534431335,155.27102534431333,25391,25.391,1338,0.05269583710763656,0.14347582348943594,0.004981096799106173,0.9650818581771846,0.9999999361111359,0.0,0.0,4074.5068360999867
436570,none_default,1000000.0,1000000.0,1.0,1000,rl,Isolated RL (non-federated),{'none': 1000},3,3000000.0,7850059.13109788,2616686.377032627,161.66863770326268,3888,3.888,0,0.0,0.0,0.0,0.9914137763214291,0.9999999330442343,0.0,0.0,477.90641550000873
436570,none_default,1000000.0,1000000.0,1.0,1000,fl_rl,FedAvg (federated),{'none': 1000},3,3000000.0,8420455.136442536,2806818.378814179,180.68183788141786,3965,3.965,0,0.0,0.0,0.0,0.9917222343192752,0.9999998216689673,0.0,0.0,491.4229251999932
436570,low_default,1000000.0,1000000.0,1.0,1000,rl,Isolated RL (non-federated),"{'none': 872, 'medium': 102, 'high': 26}",3,3000000.0,7589253.519949668,2529751.173316556,152.97511733165558,3635,3.635,253,0.06960110041265474,0.14801436649896346,0.004965056814515046,0.9906377102440247,0.999999343952482,0.0,0.0,468.55341520000366
436570,low_default,1000000.0,1000000.0,1.0,1000,fl_rl,FedAvg (federated),"{'none': 872, 'medium': 102, 'high': 26}",3,3000000.0,7891467.875746002,2630489.2919153343,163.04892919153346,3772,3.772,270,0.07158006362672323,0.1617319472339851,0.005241682113179928,0.9907733886928648,0.9999982963208514,0.0,0.0,491.7465186000045
436570,medium_default,1000000.0,1000000.0,1.0,1000,rl,Isolated RL (non-federated),"{'none': 769, 'medium': 180, 'high': 51}",3,3000000.0,7592434.371454908,2530811.457151636,153.0811457151636,3657,3.657,317,0.08668307355756084,0.2169520960717334,0.0071795300034204305,0.9897568940073326,0.9999998939812951,0.0,0.0,467.8571036000212
436570,medium_default,1000000.0,1000000.0,1.0,1000,fl_rl,FedAvg (federated),"{'none': 769, 'medium': 180, 'high': 51}",3,3000000.0,7160242.232757108,2386747.4109190363,138.6747410919036,3555,3.555,338,0.09507735583684951,0.23856283093829392,0.008131536132682941,0.9899553291640498,0.9999998939812951,0.0,0.0,466.2703855000145
436570,high_default,1000000.0,1000000.0,1.0,1000,rl,Isolated RL (non-federated),"{'none': 641, 'medium': 256, 'high': 103}",3,3000000.0,5713879.694540734,1904626.5648469115,90.46265648469112,3035,3.035,554,0.18253706754530477,0.434888664801793,0.017187152085658155,0.9883251144359146,0.999994383454607,0.0,0.0,412.47601799998665
436570,high_default,1000000.0,1000000.0,1.0,1000,fl_rl,FedAvg (federated),"{'none': 641, 'medium': 256, 'high': 103}",3,3000000.0,6155525.3690270595,2051841.7896756865,105.18417896756867,3155,3.155,449,0.14231378763866878,0.36777469585212746,0.014113882156058277,0.9886505026619946,0.9999983167115899,0.0,0.0,425.95095830000355
436570,none_default,5000000.0,5000000.0,1.0,1000,rl,Isolated RL (non-federated),{'none': 1000},3,15000000.0,43417300.23249955,14472433.410833182,189.44866821666363,15030,15.03,0,0.0,0.0,0.0,0.9920790084796405,0.9999999711354707,0.0,0.0,2517.5335454999877
436570,none_default,5000000.0,5000000.0,1.0,1000,fl_rl,FedAvg (federated),{'none': 1000},3,15000000.0,41628125.0421582,13876041.6807194,177.52083361438798,14658,14.658,0,0.0,0.0,0.0,0.9923241439527711,0.9999998104125762,0.0,0.0,2482.908326600009
436570,low_default,5000000.0,5000000.0,1.0,1000,rl,Isolated RL (non-federated),"{'none': 872, 'medium': 102, 'high': 26}",3,15000000.0,44313603.534424484,14771201.178141495,195.42402356282992,15291,15.291,306,0.020011771630370805,0.044870240883688114,0.0013375228639614521,0.9911634670787264,0.9999997538855488,0.0,0.0,2523.695952899987
436570,low_default,5000000.0,5000000.0,1.0,1000,fl_rl,FedAvg (federated),"{'none': 872, 'medium': 102, 'high': 26}",3,15000000.0,44711881.444711134,14903960.481570378,198.07920963140754,15030,15.03,443,0.029474384564204925,0.06580435423016544,0.001979232243898101,0.9792618793818771,0.999999982030358,0.0,0.0,2410.915350299969
436570,medium_default,5000000.0,5000000.0,1.0,1000,rl,Isolated RL (non-federated),"{'none': 769, 'medium': 180, 'high': 51}",3,15000000.0,38074745.40725158,12691581.802417194,153.83163604834388,13951,13.951,1322,0.09476023224141639,0.2045387381138817,0.0067020239589666835,0.9899953126066096,0.9999999067312897,0.0,0.0,2379.6308302999823
436570,medium_default,5000000.0,5000000.0,1.0,1000,fl_rl,FedAvg (federated),"{'none': 769, 'medium': 180, 'high': 51}",3,15000000.0,41411300.935800664,13803766.97860022,176.07533957200445,14289,14.289,702,0.04912870039890825,0.11403278281731158,0.003639288952541629,0.9914438623108587,0.9999998400030504,0.0,0.0,2370.663459100004
436570,high_default,5000000.0,5000000.0,1.0,1000,rl,Isolated RL (non-federated),"{'none': 641, 'medium': 256, 'high': 103}",3,15000000.0,36594871.77356273,12198290.591187576,143.96581182375155,13178,13.178,1084,0.08225830930338443,0.2156960663406645,0.007520736320628458,0.9905667456628897,0.9999992204860435,0.0,0.0,2153.4468159999815
436570,high_default,5000000.0,5000000.0,1.0,1000,fl_rl,FedAvg (federated),"{'none': 641, 'medium': 256, 'high': 103}",3,15000000.0,38190920.89496743,12730306.964989142,154.60613929978285,13591,13.591,779,0.05731734235891399,0.15583706615205228,0.005237394273198732,0.9910828654552426,0.9999996605972018,0.0,0.0,2218.613541700004
436570,none_default,10000000.0,10000000.0,1.0,1000,rl,Isolated RL (non-federated),{'none': 1000},3,30000000.0,86437971.38611838,28812657.128706127,188.12657128706127,28890,28.89,0,0.0,0.0,0.0,0.9870364966129377,0.9999999754448582,0.0,0.0,5210.409726699989
436570,none_default,10000000.0,10000000.0,1.0,1000,fl_rl,FedAvg (federated),{'none': 1000},3,30000000.0,88935168.146169,29645056.048723,196.45056048723,29502,29.502,0,0.0,0.0,0.0,0.9866388793624777,0.999999500839386,0.0,0.0,5243.834454399999
436570,low_default,10000000.0,10000000.0,1.0,1000,rl,Isolated RL (non-federated),"{'none': 872, 'medium': 102, 'high': 26}",3,30000000.0,96047771.34497374,32015923.781657916,220.15923781657918,30876,30.876,659,0.021343438269205855,0.05099067467486059,0.0014464241799505369,0.9723884545770972,0.9999999899805212,0.0,0.0,4971.602035899996
436570,low_default,10000000.0,10000000.0,1.0,1000,fl_rl,FedAvg (federated),"{'none': 872, 'medium': 102, 'high': 26}",3,30000000.0,95188165.20651796,31729388.402172655,217.2938840217265,30666,30.666,487,0.01588078001695689,0.03738174326265269,0.0010676477620376035,0.9780779089963095,0.9999999217748083,0.0,0.0,5100.445466800011
436570,medium_default,10000000.0,10000000.0,1.0,1000,rl,Isolated RL (non-federated),"{'none': 769, 'medium': 180, 'high': 51}",3,30000000.0,84466882.21525854,28155627.40508618,181.55627405086176,27807,27.807,1050,0.0377602761894487,0.089758864922306,0.0028357225908413842,0.9740154881547619,0.999999765946938,0.0,0.0,4771.089320500032
436570,medium_default,10000000.0,10000000.0,1.0,1000,fl_rl,FedAvg (federated),"{'none': 769, 'medium': 180, 'high': 51}",3,30000000.0,88371570.14000916,29457190.04666972,194.57190046669723,28958,28.958,1040,0.03591408246425858,0.08698160028487459,0.002647694502032152,0.9838778783213061,0.9999998809298607,0.0,0.0,4875.769483399985
436570,high_default,10000000.0,10000000.0,1.0,1000,rl,Isolated RL (non-federated),"{'none': 641, 'medium': 256, 'high': 103}",3,30000000.0,82308727.84765056,27436242.615883518,174.36242615883515,27180,27.18,1868,0.0687270051508462,0.1925803022937021,0.006210772186593395,0.9834481942299198,0.9999999118990057,0.0,0.0,4361.079796100035
436570,high_default,10000000.0,10000000.0,1.0,1000,fl_rl,FedAvg (federated),"{'none': 641, 'medium': 256, 'high': 103}",3,30000000.0,78358356.35859156,26119452.119530518,161.19452119530516,26468,26.468,1818,0.0686867160344567,0.18605089903003225,0.006181273953732744,0.9863502277716313,0.9999999534213633,0.0,0.0,4736.9734656999935
831197,none_default,1000000.0,1000000.0,1.0,1000,rl,Isolated RL (non-federated),{'none': 1000},3,3000000.0,7317824.529432112,2439274.8431440373,143.92748431440376,3651,3.651,0,0.0,0.0,0.0,0.9911953656481227,0.9999999636100778,0.0,0.0,460.66572029999224
831197,none_default,1000000.0,1000000.0,1.0,1000,fl_rl,FedAvg (federated),{'none': 1000},3,3000000.0,7042880.274267107,2347626.7580890357,134.76267580890357,3687,3.687,0,0.0,0.0,0.0,0.9913312190433944,0.9999997339759403,0.0,0.0,466.11728100001346
831197,low_default,1000000.0,1000000.0,1.0,1000,rl,Isolated RL (non-federated),"{'none': 872, 'medium': 102, 'high': 26}",3,3000000.0,7901427.473126803,2633809.157708934,163.3809157708934,3776,3.776,199,0.052701271186440676,0.11816598383019115,0.003777084943905324,0.9905156542793658,0.9999996744859916,0.0,0.0,497.6182166999788
831197,low_default,1000000.0,1000000.0,1.0,1000,fl_rl,FedAvg (federated),"{'none': 872, 'medium': 102, 'high': 26}",3,3000000.0,8136811.047755739,2712270.349251913,171.22703492519128,3827,3.827,243,0.06349621113143454,0.1482954324947067,0.004669775472336198,0.9902566144316716,0.9999992501053632,0.0,0.0,486.72904740000376
831197,medium_default,1000000.0,1000000.0,1.0,1000,rl,Isolated RL (non-federated),"{'none': 769, 'medium': 180, 'high': 51}",3,3000000.0,7060743.560949514,2353581.1869831714,135.35811869831713,3533,3.533,383,0.10840645343900368,0.26917922064522687,0.009250854863486195,0.9901287571982009,0.9999988737740091,0.0,0.0,461.7349004999851
831197,medium_default,1000000.0,1000000.0,1.0,1000,fl_rl,FedAvg (federated),"{'none': 769, 'medium': 180, 'high': 51}",3,3000000.0,7075759.330681566,2358586.443560522,135.8586443560522,3433,3.433,286,0.08330905913195456,0.20158520445260086,0.006983535906278995,0.9891377768420642,0.9999988865993586,0.0,0.0,440.34210880001774
831197,high_default,1000000.0,1000000.0,1.0,1000,rl,Isolated RL (non-federated),"{'none': 641, 'medium': 256, 'high': 103}",3,3000000.0,6810009.024464226,2270003.008154742,127.00030081547422,3208,3.208,371,0.11564837905236908,0.30375289404680694,0.011237921497937595,0.9885940755060388,0.9999997641700661,0.0,0.0,415.4980571999913
831197,high_default,1000000.0,1000000.0,1.0,1000,fl_rl,FedAvg (federated),"{'none': 641, 'medium': 256, 'high': 103}",3,3000000.0,5756767.034661215,1918922.3448870715,91.89223448870719,3088,3.088,668,0.21632124352331605,0.5408250257465895,0.021446509579975938,0.9892396508420198,0.9999994833340627,0.0,0.0,423.96741330000805
831197,none_default,5000000.0,5000000.0,1.0,1000,rl,Isolated RL (non-federated),{'none': 1000},3,15000000.0,41995766.62993477,13998588.876644924,179.97177753289847,14796,14.796,0,0.0,0.0,0.0,0.9921908656726101,0.9999999146886722,0.0,0.0,2487.2671392000047
831197,none_default,5000000.0,5000000.0,1.0,1000,fl_rl,FedAvg (federated),{'none': 1000},3,15000000.0,41466744.47369498,13822248.157898327,176.44496315796653,14654,14.654,0,0.0,0.0,0.0,0.9921703113486228,0.9999998743052608,0.0,0.0,2466.948302899953
831197,low_default,5000000.0,5000000.0,1.0,1000,rl,Isolated RL (non-federated),"{'none': 872, 'medium': 102, 'high': 26}",3,15000000.0,44014989.55141756,14671663.183805853,193.43326367611706,15057,15.057,286,0.018994487613734477,0.03897215364127786,0.0011745015486046945,0.986881153867286,0.9999998717077393,0.0,0.0,2387.1279824000085
831197,low_default,5000000.0,5000000.0,1.0,1000,fl_rl,FedAvg (federated),"{'none': 872, 'medium': 102, 'high': 26}",3,15000000.0,42028271.49312773,14009423.831042578,180.18847662085156,14581,14.581,449,0.030793498388313557,0.06294500625512107,0.0019648451410978593,0.9918141402604976,0.9999995338304084,0.0,0.0,2663.9812980999704
831197,medium_default,5000000.0,5000000.0,1.0,1000,rl,Isolated RL (non-federated),"{'none': 769, 'medium': 180, 'high': 51}",3,15000000.0,42338698.19130671,14112899.397102237,182.25798794204474,14542,14.542,491,0.0337642690138908,0.07835131240992822,0.002433878785573603,0.9895435100223913,0.9999998991136329,0.0,0.0,2380.961040400027
831197,medium_default,5000000.0,5000000.0,1.0,1000,fl_rl,FedAvg (federated),"{'none': 769, 'medium': 180, 'high': 51}",3,15000000.0,42295906.6248633,14098635.541621098,181.97271083242197,14674,14.674,829,0.05649448003271092,0.13645436006507206,0.004245375251699507,0.9914128921650907,0.9999998391775141,0.0,0.0,2579.267729400017
