financier,apr_strategy,wholesaler_policy,final_wallet,initial_capital,final_capital,capital_change,capital_loss,capital_loss_rate,final_apr,final_utilization,loans_issued,closed_loans,defaults,default_count_rate,total_issued_principal,default_amount,default_amount_to_issued_rate,default_amount_to_initial_capital_rate,outstanding_loans,simulation_end_day,seed,default_scenario,base_capital_per_financier,capital_per_financier,capital_multiplier,wholesaler_count,label
Fin_rl_1,pure_rl,rl,2548616.946085803,1000000.0,2548616.946085779,1548616.946085779,0.0,0.0,6.0,0.0,954,954,0,0.0,29927438.29902358,0,0.0,0.0,0,2255,709098,none_default,1000000.0,1000000.0,1.0,50,Isolated RL (non-federated)
Fin_rl_2,pure_rl,rl,2540536.353459564,1000000.0,2540536.3534595566,1540536.3534595566,0.0,0.0,6.0,0.0,964,964,0,0.0,29957657.90168737,0,0.0,0.0,0,2255,709098,none_default,1000000.0,1000000.0,1.0,50,Isolated RL (non-federated)
Fin_rl_3,pure_rl,rl,2667095.3293784405,1000000.0,2667095.329378514,1667095.329378514,0.0,0.0,6.0,0.0,1016,1016,0,0.0,30658558.74558187,0,0.0,0.0,0,2255,709098,none_default,1000000.0,1000000.0,1.0,50,Isolated RL (non-federated)
Fin_fl_rl_1,pure_rl,fl_rl,3159657.5088385097,1000000.0,3159657.50883845,2159657.50883845,0.0,0.0,6.0,0.0,989,989,0,0.0,34497321.74239199,0,0.0,0.0,0,2248,709098,none_default,1000000.0,1000000.0,1.0,50,FedAvg (federated)
Fin_fl_rl_2,pure_rl,fl_rl,2859850.019029565,1000000.0,2859850.0190296425,1859850.0190296425,0.0,0.0,6.0,0.0,993,993,0,0.0,31572229.24371214,0,0.0,0.0,0,2248,709098,none_default,1000000.0,1000000.0,1.0,50,FedAvg (federated)
Fin_fl_rl_3,pure_rl,fl_rl,2296495.5739335283,1000000.0,2296495.5739334906,1296495.5739334906,0.0,0.0,6.0,0.0,1022,1022,0,0.0,29553818.978269417,0,0.0,0.0,0,2248,709098,none_default,1000000.0,1000000.0,1.0,50,FedAvg (federated)
Fin_rl_1,pure_rl,rl,2351301.8814863022,1000000.0,2351301.8814864764,1351301.8814864764,0.0,0.0,6.0,0.0,778,778,63,0.08097686375321336,25955369.491039686,141660.0201142093,0.005457830995744953,0.1416600201142093,0,2254,709098,low_default,1000000.0,1000000.0,1.0,50,Isolated RL (non-federated)
Fin_rl_2,pure_rl,rl,2392740.1611242634,1000000.0,2392740.161124328,1392740.1611243282,0.0,0.0,6.0,0.0,841,841,47,0.0558858501783591,27281111.289492793,83592.69476441728,0.0030641235203865266,0.08359269476441727,0,2254,709098,low_default,1000000.0,1000000.0,1.0,50,Isolated RL (non-federated)
Fin_rl_3,pure_rl,rl,2406462.160201333,1000000.0,2406462.1602013423,1406462.1602013423,0.0,0.0,6.0,0.0,1006,1006,25,0.02485089463220676,29787225.546835486,41914.50779896947,0.0014071303060120802,0.04191450779896947,0,2254,709098,low_default,1000000.0,1000000.0,1.0,50,Isolated RL (non-federated)
Fin_fl_rl_1,pure_rl,fl_rl,2558460.096718231,1000000.0,2558460.096718269,1558460.096718269,0.0,0.0,6.0,0.0,913,913,34,0.03723986856516977,29435764.20622581,69652.27345442785,0.002366246480521,0.06965227345442784,0,2258,709098,low_default,1000000.0,1000000.0,1.0,50,FedAvg (federated)
Fin_fl_rl_2,pure_rl,fl_rl,2134526.205870837,1000000.0,2134526.205870772,1134526.2058707718,0.0,0.0,6.0,0.0,856,856,116,0.13551401869158877,26022702.333403073,211304.1250369477,0.008119991626146952,0.2113041250369477,0,2258,709098,low_default,1000000.0,1000000.0,1.0,50,FedAvg (federated)
Fin_fl_rl_3,pure_rl,fl_rl,2988027.229216259,1000000.0,2988027.2292162636,1988027.2292162636,0.0,0.0,6.0,0.0,1022,1022,24,0.023483365949119372,32959211.275918726,46871.729174574015,0.001422113192642456,0.046871729174574016,0,2258,709098,low_default,1000000.0,1000000.0,1.0,50,FedAvg (federated)
Fin_rl_1,pure_rl,rl,1777389.3320144974,1000000.0,1777389.3320144084,777389.3320144084,0.0,0.0,7.0,0.0,500,500,69,0.138,17542891.83243156,182231.53397774196,0.01038777048381786,0.18223153397774194,0,2263,709098,medium_default,1000000.0,1000000.0,1.0,50,Isolated RL (non-federated)
Fin_rl_2,pure_rl,rl,2663185.8240073486,1000000.0,2663185.8240073365,1663185.8240073365,0.0,0.0,6.0,0.0,866,866,55,0.06351039260969978,29203758.123361077,113109.72389076973,0.0038731221993065826,0.11310972389076973,0,2263,709098,medium_default,1000000.0,1000000.0,1.0,50,Isolated RL (non-federated)
Fin_rl_3,pure_rl,rl,2589887.1445526816,1000000.0,2589887.1445525987,1589887.1445525987,0.0,0.0,6.0,0.0,988,988,20,0.020242914979757085,29389176.71415629,44214.58377878263,0.0015044512545832965,0.04421458377878263,0,2263,709098,medium_default,1000000.0,1000000.0,1.0,50,Isolated RL (non-federated)
Fin_fl_rl_1,pure_rl,fl_rl,2252035.0402799407,1000000.0,2252035.0402799593,1252035.0402799593,0.0,0.0,7.0,0.0,852,852,31,0.036384976525821594,27443225.793886054,90158.89798841736,0.003285287912782594,0.09015889798841736,0,2257,709098,medium_default,1000000.0,1000000.0,1.0,50,FedAvg (federated)
Fin_fl_rl_2,pure_rl,fl_rl,2527740.444886087,1000000.0,2527740.444886014,1527740.4448860139,0.0,0.0,6.0,0.0,822,822,54,0.06569343065693431,28251833.540952925,103953.6332419056,0.0036795358110551604,0.1039536332419056,0,2257,709098,medium_default,1000000.0,1000000.0,1.0,50,FedAvg (federated)
Fin_fl_rl_3,pure_rl,fl_rl,2571366.982675565,1000000.0,2571366.9826754937,1571366.9826754937,0.0,0.0,6.0,0.0,970,970,20,0.020618556701030927,29990972.833959613,42708.03235892014,0.0014240295770119417,0.042708032358920144,0,2257,709098,medium_default,1000000.0,1000000.0,1.0,50,FedAvg (federated)
Fin_rl_1,pure_rl,rl,2077888.1496595708,1000000.0,2077888.149659507,1077888.149659507,0.0,0.0,7.0,0.0,739,739,73,0.09878213802435724,23983138.70692032,248263.72679634907,0.010351594502712556,0.24826372679634906,0,2249,709098,high_default,1000000.0,1000000.0,1.0,50,Isolated RL (non-federated)
Fin_rl_2,pure_rl,rl,2593847.2455926198,1000000.0,2593847.2455926216,1593847.2455926216,0.0,0.0,6.0,0.0,793,793,53,0.06683480453972257,28084872.200889707,130664.27954661839,0.004652479050357902,0.13066427954661838,0,2249,709098,high_default,1000000.0,1000000.0,1.0,50,Isolated RL (non-federated)
Fin_rl_3,pure_rl,rl,2369032.5444537667,1000000.0,2369032.5444538,1369032.5444538002,0.0,0.0,6.0,0.0,946,946,39,0.0412262156448203,28614983.598063137,110714.84661940907,0.0038691214426173227,0.11071484661940907,0,2249,709098,high_default,1000000.0,1000000.0,1.0,50,Isolated RL (non-federated)
Fin_fl_rl_1,pure_rl,fl_rl,2216881.4423888694,1000000.0,2216881.442388882,1216881.442388882,0.0,0.0,7.0,0.0,778,778,64,0.08226221079691516,26018888.000878602,213287.2367362651,0.008197400162876402,0.2132872367362651,0,2244,709098,high_default,1000000.0,1000000.0,1.0,50,FedAvg (federated)
Fin_fl_rl_2,pure_rl,fl_rl,2559286.079538462,1000000.0,2559286.079538386,1559286.0795383858,0.0,0.0,6.0,0.0,779,779,47,0.06033376123234917,27605417.445314217,125557.25835817249,0.00454828327109702,0.1255572583581725,0,2244,709098,high_default,1000000.0,1000000.0,1.0,50,FedAvg (federated)
Fin_fl_rl_3,pure_rl,fl_rl,2215025.110759591,1000000.0,2215025.110759583,1215025.1107595828,0.0,0.0,6.0,0.0,920,920,37,0.04021739130434782,27753999.20446351,98079.75119473817,0.003533896159331322,0.09807975119473818,0,2244,709098,high_default,1000000.0,1000000.0,1.0,50,FedAvg (federated)
Fin_rl_1,pure_rl,rl,7471764.044886913,5000000.0,7471764.04488712,2471764.04488712,0.0,0.0,13.0,0.0,2259,2259,0,0.0,77550452.09592196,0,0.0,0.0,0,2256,709098,none_default,5000000.0,5000000.0,1.0,50,Isolated RL (non-federated)
Fin_rl_2,pure_rl,rl,7371189.5275566885,5000000.0,7371189.527558613,2371189.5275586126,0.0,0.0,11.0,0.0,1914,1914,0,0.0,68324168.2783737,0,0.0,0.0,0,2256,709098,none_default,5000000.0,5000000.0,1.0,50,Isolated RL (non-federated)
Fin_rl_3,pure_rl,rl,8423741.460924381,5000000.0,8423741.460924586,3423741.4609245863,0.0,0.0,6.0,0.0,2464,2464,0,0.0,86638777.47999345,0,0.0,0.0,0,2256,709098,none_default,5000000.0,5000000.0,1.0,50,Isolated RL (non-federated)
Fin_fl_rl_1,pure_rl,fl_rl,6749121.614982711,5000000.0,6749121.614982318,1749121.6149823181,0.0,0.0,6.0,0.0,1538,1538,0,0.0,54102210.96677876,0,0.0,0.0,0,2247,709098,none_default,5000000.0,5000000.0,1.0,50,FedAvg (federated)
Fin_fl_rl_2,pure_rl,fl_rl,8473205.621085627,5000000.0,8473205.621085819,3473205.621085819,0.0,0.0,9.0,0.0,2908,2908,0,0.0,101394034.66730116,0,0.0,0.0,0,2247,709098,none_default,5000000.0,5000000.0,1.0,50,FedAvg (federated)
Fin_fl_rl_3,pure_rl,fl_rl,7277264.718457586,5000000.0,7277264.718457324,2277264.7184573244,0.0,0.0,6.0,0.0,2201,2201,0,0.0,76890472.25080615,0,0.0,0.0,0,2247,709098,none_default,5000000.0,5000000.0,1.0,50,FedAvg (federated)
Fin_rl_1,pure_rl,rl,6690555.870205661,5000000.0,6690555.870208556,1690555.8702085558,0.0,0.0,17.0,0.0,1064,1064,30,0.02819548872180451,36979066.567626946,63285.2859611635,0.001711381379663221,0.0126570571922327,0,2261,709098,low_default,5000000.0,5000000.0,1.0,50,Isolated RL (non-federated)
Fin_rl_2,pure_rl,rl,5893443.51373524,5000000.0,5893443.513735873,893443.5137358727,0.0,0.0,7.0,0.0,870,870,177,0.20344827586206896,30923174.343736757,325748.59790975094,0.010534125451959907,0.06514971958195019,0,2261,709098,low_default,5000000.0,5000000.0,1.0,50,Isolated RL (non-federated)
Fin_rl_3,pure_rl,rl,11143112.519464301,5000000.0,11143112.519463314,6143112.519463314,0.0,0.0,6.0,0.0,3477,3477,11,0.0031636468219729654,121101229.85383964,16196.452732785372,0.00013374309040736673,0.0032392905465570745,0,2261,709098,low_default,5000000.0,5000000.0,1.0,50,Isolated RL (non-federated)
Fin_fl_rl_1,pure_rl,fl_rl,8366602.54377752,5000000.0,8366602.543777026,3366602.5437770262,0.0,0.0,14.0,0.0,2206,2206,68,0.030825022665457842,77007226.75562961,148542.90152891394,0.0019289475519004417,0.029708580305782786,0,2263,709098,low_default,5000000.0,5000000.0,1.0,50,FedAvg (federated)
Fin_fl_rl_2,pure_rl,fl_rl,6461556.444810218,5000000.0,6461556.444808215,1461556.444808215,0.0,0.0,15.0,0.0,1016,1016,89,0.08759842519685039,35749274.22552367,160821.45188499117,0.004498593478302576,0.032164290376998236,0,2263,709098,low_default,5000000.0,5000000.0,1.0,50,FedAvg (federated)
Fin_fl_rl_3,pure_rl,fl_rl,8968214.85886511,5000000.0,8968214.858864544,3968214.858864544,0.0,0.0,6.0,0.0,2331,2331,25,0.010725010725010725,81559132.95767151,59706.263660805766,0.0007320610395869805,0.011941252732161152,0,2263,709098,low_default,5000000.0,5000000.0,1.0,50,FedAvg (federated)
Fin_rl_1,pure_rl,rl,6959615.314566302,5000000.0,6959615.314568548,1959615.3145685485,0.0,0.0,16.0,0.0,1359,1359,74,0.054451802796173655,47457356.75332129,203993.42339385368,0.00429845733832568,0.040798684678770736,0,2252,709098,medium_default,5000000.0,5000000.0,1.0,50,Isolated RL (non-federated)
Fin_rl_2,pure_rl,rl,6715374.114266674,5000000.0,6715374.11426807,1715374.11426807,0.0,0.0,7.0,0.0,1525,1525,221,0.14491803278688525,53767245.56026248,488440.1670092823,0.009084344230761035,0.09768803340185646,0,2252,709098,medium_default,5000000.0,5000000.0,1.0,50,Isolated RL (non-federated)
Fin_rl_3,pure_rl,rl,8389193.756341163,5000000.0,8389193.756341262,3389193.756341262,0.0,0.0,6.0,0.0,2381,2381,155,0.06509869802603947,83176974.5263572,386451.73501288646,0.004646138396034436,0.0772903470025773,0,2252,709098,medium_default,5000000.0,5000000.0,1.0,50,Isolated RL (non-federated)
Fin_fl_rl_1,pure_rl,fl_rl,6894412.502919773,5000000.0,6894412.502919596,1894412.5029195957,0.0,0.0,7.0,0.0,1366,1366,130,0.0951683748169839,47798705.210299805,368954.2741697547,0.00771891775198654,0.07379085483395094,0,2274,709098,medium_default,5000000.0,5000000.0,1.0,50,FedAvg (federated)
Fin_fl_rl_2,pure_rl,fl_rl,6868361.339825744,5000000.0,6868361.339825594,1868361.3398255939,0.0,0.0,10.0,0.0,1317,1317,171,0.12984054669703873,46181852.880435355,377051.2676981179,0.008164489819719928,0.07541025353962358,0,2274,709098,medium_default,5000000.0,5000000.0,1.0,50,FedAvg (federated)
Fin_fl_rl_3,pure_rl,fl_rl,7744428.274554133,5000000.0,7744428.2745542675,2744428.2745542675,0.0,0.0,6.0,0.0,1747,1747,72,0.0412135088723526,61470123.47738628,169010.49414337063,0.0027494738025952794,0.033802098828674125,0,2274,709098,medium_default,5000000.0,5000000.0,1.0,50,FedAvg (federated)
Fin_rl_1,pure_rl,rl,6296269.170208687,5000000.0,6296269.170208266,1296269.170208266,0.0,0.0,7.0,0.0,1482,1482,223,0.150472334682861,51937833.26151608,774634.8055903378,0.01491465386493726,0.15492696111806756,0,2244,709098,high_default,5000000.0,5000000.0,1.0,50,Isolated RL (non-federated)
Fin_rl_2,pure_rl,rl,6897408.139415429,5000000.0,6897408.139414917,1897408.1394149167,0.0,0.0,8.0,0.0,1847,1847,338,0.18299945858148348,64901158.91558776,895858.1356067879,0.013803422782819113,0.17917162712135756,0,2244,709098,high_default,5000000.0,5000000.0,1.0,50,Isolated RL (non-federated)
Fin_rl_3,pure_rl,rl,7087316.58254719,5000000.0,7087316.582546063,2087316.5825460628,0.0,0.0,12.0,0.0,1437,1437,88,0.061238691718858734,50214759.93689187,229926.5390901512,0.00457886365242241,0.04598530781803024,0,2244,709098,high_default,5000000.0,5000000.0,1.0,50,Isolated RL (non-federated)
Fin_fl_rl_1,pure_rl,fl_rl,6357712.61604823,5000000.0,6357712.616048802,1357712.6160488017,0.0,0.0,7.0,0.0,1688,1688,217,0.12855450236966826,58942421.80309359,737120.6725232237,0.012505775127219763,0.14742413450464473,0,2244,709098,high_default,5000000.0,5000000.0,1.0,50,FedAvg (federated)
Fin_fl_rl_2,pure_rl,fl_rl,6358945.538531896,5000000.0,6358945.538531851,1358945.538531851,0.0,0.0,8.0,0.0,1601,1601,239,0.14928169893816365,55589367.60882176,630368.1174917419,0.011339724566172356,0.12607362349834839,0,2244,709098,high_default,5000000.0,5000000.0,1.0,50,FedAvg (federated)
Fin_fl_rl_3,pure_rl,fl_rl,6744548.394715953,5000000.0,6744548.394714331,1744548.3947143313,0.0,0.0,28.0,0.0,1338,1338,82,0.061285500747384154,47286580.50820394,217487.38415042576,0.004599346829756341,0.043497476830085154,0,2244,709098,high_default,5000000.0,5000000.0,1.0,50,FedAvg (federated)
Fin_rl_1,pure_rl,rl,13157036.910765251,10000000.0,13157036.910762815,3157036.910762815,0.0,0.0,16.0,0.0,3086,3086,0,0.0,108051338.59548576,0,0.0,0.0,0,2253,709098,none_default,10000000.0,10000000.0,1.0,50,Isolated RL (non-federated)
Fin_rl_2,pure_rl,rl,12691389.197880391,10000000.0,12691389.197879985,2691389.197879985,0.0,0.0,9.0,0.0,2560,2560,0,0.0,89593240.30155826,0,0.0,0.0,0,2253,709098,none_default,10000000.0,10000000.0,1.0,50,Isolated RL (non-federated)
Fin_rl_3,pure_rl,rl,10918074.643282872,10000000.0,10918074.643283308,918074.6432833076,0.0,0.0,7.0,0.0,1018,1018,0,0.0,35709613.27834751,0,0.0,0.0,0,2253,709098,none_default,10000000.0,10000000.0,1.0,50,Isolated RL (non-federated)
Fin_fl_rl_1,pure_rl,fl_rl,11705136.30393759,10000000.0,11705136.303936515,1705136.303936515,0.0,0.0,13.0,0.0,1308,1308,0,0.0,46326481.39636283,0,0.0,0.0,0,2255,709098,none_default,10000000.0,10000000.0,1.0,50,FedAvg (federated)
Fin_fl_rl_2,pure_rl,fl_rl,14917398.143307758,10000000.0,14917398.1433095,4917398.1433095,0.0,0.0,6.0,0.0,3437,3437,0,0.0,120895289.42289399,0,0.0,0.0,0,2255,709098,none_default,10000000.0,10000000.0,1.0,50,FedAvg (federated)
Fin_fl_rl_3,pure_rl,fl_rl,12379052.99607104,10000000.0,12379052.996071445,2379052.996071445,0.0,0.0,11.0,0.0,1878,1878,0,0.0,66086027.86222401,0,0.0,0.0,0,2255,709098,none_default,10000000.0,10000000.0,1.0,50,FedAvg (federated)
Fin_rl_1,pure_rl,rl,12223265.18169477,10000000.0,12223265.181693578,2223265.181693578,0.0,0.0,15.0,0.0,1852,1852,120,0.06479481641468683,64660826.59161888,267963.3489778394,0.004144137387389537,0.02679633489778394,0,2258,709098,low_default,10000000.0,10000000.0,1.0,50,Isolated RL (non-federated)
Fin_rl_2,pure_rl,rl,12118866.54560036,10000000.0,12118866.545599908,2118866.5455999076,0.0,0.0,18.0,0.0,1495,1495,89,0.05953177257525084,52237744.94036897,164075.59474678308,0.003140939466932972,0.01640755947467831,0,2258,709098,low_default,10000000.0,10000000.0,1.0,50,Isolated RL (non-federated)
Fin_rl_3,pure_rl,rl,13915320.599388558,10000000.0,13915320.599384518,3915320.5993845183,0.0,0.0,22.0,0.0,2565,2565,26,0.0101364522417154,90137688.81425817,48418.615854384814,0.0005371628282389004,0.004841861585438482,0,2258,709098,low_default,10000000.0,10000000.0,1.0,50,Isolated RL (non-federated)
Fin_fl_rl_1,pure_rl,fl_rl,12505590.431371406,10000000.0,12505590.431370744,2505590.4313707445,0.0,0.0,14.0,0.0,1554,1554,35,0.02252252252252252,53405724.85596741,66961.96379807669,0.0012538349395812862,0.006696196379807669,0,2263,709098,low_default,10000000.0,10000000.0,1.0,50,FedAvg (federated)
Fin_fl_rl_2,pure_rl,fl_rl,12050335.955448335,10000000.0,12050335.955449285,2050335.955449285,0.0,0.0,13.0,0.0,1309,1309,76,0.058059587471352175,46243928.654460624,135223.59572992515,0.0029241372795189985,0.013522359572992514,0,2263,709098,low_default,10000000.0,10000000.0,1.0,50,FedAvg (federated)
Fin_fl_rl_3,pure_rl,fl_rl,13746682.103165895,10000000.0,13746682.103166511,3746682.1031665113,0.0,0.0,13.0,0.0,2338,2338,48,0.020530367835757058,81565436.3060146,97172.89626906748,0.0011913489422712988,0.009717289626906747,0,2263,709098,low_default,10000000.0,10000000.0,1.0,50,FedAvg (federated)
Fin_rl_1,pure_rl,rl,11671293.801162317,10000000.0,11671293.801163372,1671293.8011633717,0.0,0.0,25.0,0.0,1610,1610,200,0.12422360248447205,56529902.977588244,521805.1346281996,0.009230603753823417,0.05218051346281996,0,2261,709098,medium_default,10000000.0,10000000.0,1.0,50,Isolated RL (non-federated)
Fin_rl_2,pure_rl,rl,11554477.639908213,10000000.0,11554477.639909267,1554477.6399092674,0.0,0.0,25.0,0.0,1280,1280,208,0.1625,44759773.14324478,452863.4819804458,0.010117644710377464,0.04528634819804458,0,2261,709098,medium_default,10000000.0,10000000.0,1.0,50,Isolated RL (non-federated)
Fin_rl_3,pure_rl,rl,13620243.114652162,10000000.0,13620243.1146478,3620243.1146478,0.0,0.0,14.0,0.0,2328,2328,89,0.03823024054982818,82433172.00218703,211093.1768024055,0.002560779497807084,0.02110931768024055,0,2261,709098,medium_default,10000000.0,10000000.0,1.0,50,Isolated RL (non-federated)
Fin_fl_rl_1,pure_rl,fl_rl,12391560.9016192,10000000.0,12391560.901621949,2391560.901621949,0.0,0.0,15.0,0.0,1760,1760,164,0.09318181818181819,61202970.52080116,430839.110655345,0.007039513065937135,0.043083911065534504,0,2261,709098,medium_default,10000000.0,10000000.0,1.0,50,FedAvg (federated)
Fin_fl_rl_2,pure_rl,fl_rl,12278475.447416132,10000000.0,12278475.44741469,2278475.4474146906,0.0,0.0,15.0,0.0,1807,1807,292,0.16159380188157166,63783635.81023036,686260.9175372745,0.010759200362598396,0.06862609175372746,0,2261,709098,medium_default,10000000.0,10000000.0,1.0,50,FedAvg (federated)
Fin_fl_rl_3,pure_rl,fl_rl,11755127.305256706,10000000.0,11755127.305255584,1755127.3052555844,0.0,0.0,26.0,0.0,1284,1284,74,0.05763239875389408,45099498.50458526,167372.66469541076,0.0037111868256892925,0.016737266469541077,0,2261,709098,medium_default,10000000.0,10000000.0,1.0,50,FedAvg (federated)
Fin_rl_1,pure_rl,rl,10798823.17818356,10000000.0,10798823.17818106,798823.1781810597,0.0,0.0,23.0,0.0,1158,1158,219,0.18911917098445596,40392200.20577525,757657.118588902,0.018757510477990073,0.07576571185889021,0,2255,709098,high_default,10000000.0,10000000.0,1.0,50,Isolated RL (non-federated)
Fin_rl_2,pure_rl,rl,11256915.677470172,10000000.0,11256915.67746776,1256915.6774677597,0.0,0.0,25.0,0.0,1393,1393,321,0.23043790380473797,48480060.84021311,826085.7597758896,0.017039701383597897,0.08260857597758896,0,2255,709098,high_default,10000000.0,10000000.0,1.0,50,Isolated RL (non-federated)
Fin_rl_3,pure_rl,rl,13885866.38298758,10000000.0,13885866.382985603,3885866.382985603,0.0,0.0,11.0,0.0,2186,2186,87,0.03979871912168344,76358546.98948409,246754.2739528691,0.0032315213382314817,0.024675427395286907,0,2255,709098,high_default,10000000.0,10000000.0,1.0,50,Isolated RL (non-federated)
Fin_fl_rl_1,pure_rl,fl_rl,11981485.564458251,10000000.0,11981485.564455321,1981485.564455321,0.0,0.0,14.0,0.0,1695,1695,197,0.11622418879056047,59925604.23591627,667755.5125279905,0.011143075168656752,0.06677555125279905,0,2254,709098,high_default,10000000.0,10000000.0,1.0,50,FedAvg (federated)
Fin_fl_rl_2,pure_rl,fl_rl,11198818.788840951,10000000.0,11198818.788838482,1198818.7888384815,0.0,0.0,23.0,0.0,1226,1226,228,0.1859706362153344,43243819.80893236,616216.1487484651,0.014249808445950021,0.06162161487484651,0,2254,709098,high_default,10000000.0,10000000.0,1.0,50,FedAvg (federated)
Fin_fl_rl_3,pure_rl,fl_rl,12785241.329939874,10000000.0,12785241.329942133,2785241.3299421333,0.0,0.0,18.0,0.0,1647,1647,74,0.044930176077717064,58089208.42090877,201216.93942778942,0.0034639297882971824,0.02012169394277894,0,2254,709098,high_default,10000000.0,10000000.0,1.0,50,FedAvg (federated)
Fin_rl_1,pure_rl,rl,2678554.948903357,1000000.0,2678554.9489033986,1678554.9489033986,0.0,0.0,6.0,0.0,1022,1022,0,0.0,31407904.556842018,0,0.0,0.0,0,2261,436570,none_default,1000000.0,1000000.0,1.0,50,Isolated RL (non-federated)
Fin_rl_2,pure_rl,rl,2732563.3147300067,1000000.0,2732563.314730171,1732563.314730171,0.0,0.0,6.0,0.0,954,954,0,0.0,30645746.27088151,0,0.0,0.0,0,2261,436570,none_default,1000000.0,1000000.0,1.0,50,Isolated RL (non-federated)
Fin_rl_3,pure_rl,rl,2401816.099932154,1000000.0,2401816.0999320857,1401816.0999320857,0.0,0.0,6.0,0.0,996,996,0,0.0,29323520.062213764,0,0.0,0.0,0,2261,436570,none_default,1000000.0,1000000.0,1.0,50,Isolated RL (non-federated)
Fin_fl_rl_1,pure_rl,fl_rl,2389577.5627778377,1000000.0,2389577.5627777744,1389577.5627777744,0.0,0.0,6.0,0.0,1023,1023,0,0.0,29241877.362749547,0,0.0,0.0,0,2249,436570,none_default,1000000.0,1000000.0,1.0,50,FedAvg (federated)
Fin_fl_rl_2,pure_rl,fl_rl,3082918.731071099,1000000.0,3082918.7310709544,2082918.7310709544,0.0,0.0,6.0,0.0,992,992,0,0.0,33235192.443818707,0,0.0,0.0,0,2249,436570,none_default,1000000.0,1000000.0,1.0,50,FedAvg (federated)
Fin_fl_rl_3,pure_rl,fl_rl,2641873.2449330157,1000000.0,2641873.244932919,1641873.2449329188,0.0,0.0,6.0,0.0,928,928,0,0.0,29428439.335113805,0,0.0,0.0,0,2249,436570,none_default,1000000.0,1000000.0,1.0,50,FedAvg (federated)
Fin_rl_1,pure_rl,rl,2752098.841818829,1000000.0,2752098.8418190014,1752098.8418190014,0.0,0.0,6.0,0.0,907,907,15,0.016538037486218304,30461923.22213319,29359.975612933787,0.0009638254091455807,0.029359975612933787,0,2251,436570,low_default,1000000.0,1000000.0,1.0,50,Isolated RL (non-federated)
Fin_rl_2,pure_rl,rl,2698146.0390393753,1000000.0,2698146.0390393254,1698146.0390393254,0.0,0.0,6.0,0.0,926,926,51,0.0550755939524838,30374814.14440496,79323.99558694626,0.002611505545674515,0.07932399558694626,0,2251,436570,low_default,1000000.0,1000000.0,1.0,50,Isolated RL (non-federated)
Fin_rl_3,pure_rl,rl,2392076.0532460795,1000000.0,2392076.053246059,1392076.053246059,0.0,0.0,6.0,0.0,986,986,13,0.013184584178498986,29670352.351485718,24693.155566538062,0.0008322501625196093,0.02469315556653806,0,2251,436570,low_default,1000000.0,1000000.0,1.0,50,Isolated RL (non-federated)
Fin_fl_rl_1,pure_rl,fl_rl,2173732.4573316257,1000000.0,2173732.457331631,1173732.4573316309,0.0,0.0,6.0,0.0,829,829,40,0.04825090470446321,27734452.161617,90467.45399501991,0.0032619160266025384,0.09046745399501992,0,2246,436570,low_default,1000000.0,1000000.0,1.0,50,FedAvg (federated)
Fin_fl_rl_2,pure_rl,fl_rl,2073928.1400038644,1000000.0,2073928.1400037108,1073928.1400037108,0.0,0.0,6.0,0.0,732,732,67,0.09153005464480875,23776895.639977,116536.99422232824,0.004901270375531706,0.11653699422232824,0,2246,436570,low_default,1000000.0,1000000.0,1.0,50,FedAvg (federated)
Fin_fl_rl_3,pure_rl,fl_rl,2720028.855021651,1000000.0,2720028.8550216933,1720028.8550216933,0.0,0.0,6.0,0.0,974,974,6,0.006160164271047228,31022769.900912546,14002.080357898336,0.00045134849024188714,0.014002080357898336,0,2246,436570,low_default,1000000.0,1000000.0,1.0,50,FedAvg (federated)
Fin_rl_1,pure_rl,rl,2392074.52111045,1000000.0,2392074.5211103945,1392074.5211103945,0.0,0.0,6.0,0.0,817,817,52,0.06364749082007344,27682983.25795807,131305.83892084222,0.004743196847583091,0.13130583892084222,0,2251,436570,medium_default,1000000.0,1000000.0,1.0,50,Isolated RL (non-federated)
Fin_rl_2,pure_rl,rl,2180719.886352753,1000000.0,2180719.8863527253,1180719.8863527253,0.0,0.0,7.0,0.0,843,843,62,0.07354685646500593,27513337.548487213,156548.21315477884,0.005689902683703543,0.15654821315477885,0,2251,436570,medium_default,1000000.0,1000000.0,1.0,50,Isolated RL (non-federated)
Fin_rl_3,pure_rl,rl,2939301.0051329117,1000000.0,2939301.005133117,1939301.005133117,0.0,0.0,6.0,0.0,1025,1025,14,0.013658536585365854,32171541.251019992,29960.10218626053,0.0009312610158305876,0.02996010218626053,0,2251,436570,medium_default,1000000.0,1000000.0,1.0,50,Isolated RL (non-federated)
Fin_fl_rl_1,pure_rl,fl_rl,2562632.8438021992,1000000.0,2562632.8438022374,1562632.8438022374,0.0,0.0,6.0,0.0,755,755,30,0.039735099337748346,26688624.385144774,73412.46710723387,0.002750702548314786,0.07341246710723387,0,2248,436570,medium_default,1000000.0,1000000.0,1.0,50,FedAvg (federated)
Fin_fl_rl_2,pure_rl,fl_rl,2181466.136190217,1000000.0,2181466.1361903427,1181466.1361903427,0.0,0.0,7.0,0.0,737,737,54,0.07327001356852103,24103902.301734343,113828.73111987252,0.004722419203951147,0.11382873111987252,0,2248,436570,medium_default,1000000.0,1000000.0,1.0,50,FedAvg (federated)
Fin_fl_rl_3,pure_rl,fl_rl,2609096.6714452174,1000000.0,2609096.671445296,1609096.6714452961,0.0,0.0,6.0,0.0,956,956,22,0.02301255230125523,29554239.822280716,52567.319595613924,0.0017786727018430642,0.05256731959561393,0,2248,436570,medium_default,1000000.0,1000000.0,1.0,50,FedAvg (federated)
Fin_rl_1,pure_rl,rl,1449120.2174410045,1000000.0,1449120.2174410596,449120.21744105965,0.0,0.0,7.0,0.0,596,596,121,0.20302013422818793,18889250.869845692,354217.0941951042,0.018752310329075417,0.3542170941951042,0,2235,436570,high_default,1000000.0,1000000.0,1.0,50,Isolated RL (non-federated)
Fin_rl_2,pure_rl,rl,1703804.74947734,1000000.0,1703804.749477267,703804.749477267,0.0,0.0,7.0,0.0,709,709,175,0.2468265162200282,22701817.53735778,385937.32584692654,0.01700028313644199,0.3859373258469265,0,2235,436570,high_default,1000000.0,1000000.0,1.0,50,Isolated RL (non-federated)
Fin_rl_3,pure_rl,rl,2519053.23590181,1000000.0,2519053.2359017693,1519053.2359017693,0.0,0.0,7.0,0.0,889,889,44,0.049493813273340834,28707815.2916531,125178.3515247953,0.004360427648466561,0.1251783515247953,0,2235,436570,high_default,1000000.0,1000000.0,1.0,50,Isolated RL (non-federated)
Fin_fl_rl_1,pure_rl,fl_rl,1952961.6834580414,1000000.0,1952961.6834582714,952961.6834582714,0.0,0.0,7.0,0.0,614,614,79,0.12866449511400652,20914499.288161606,225295.53439595277,0.0107722174598499,0.22529553439595276,0,2255,436570,high_default,1000000.0,1000000.0,1.0,50,FedAvg (federated)
Fin_fl_rl_2,pure_rl,fl_rl,2215733.8648349214,1000000.0,2215733.864834898,1215733.8648348982,0.0,0.0,7.0,0.0,666,666,82,0.12312312312312312,23304778.254152082,190265.70896870716,0.008164235973144631,0.19026570896870715,0,2255,436570,high_default,1000000.0,1000000.0,1.0,50,FedAvg (federated)
Fin_fl_rl_3,pure_rl,fl_rl,2538270.3671446005,1000000.0,2538270.367144571,1538270.3671445712,0.0,0.0,7.0,0.0,918,918,42,0.0457516339869281,29026960.168120623,123947.57333687972,0.0042700845220784555,0.12394757333687972,0,2255,436570,high_default,1000000.0,1000000.0,1.0,50,FedAvg (federated)
Fin_rl_1,pure_rl,rl,6552039.659044342,5000000.0,6552039.659045888,1552039.659045888,0.0,0.0,7.0,0.0,1539,1539,0,0.0,54407558.26279126,0,0.0,0.0,0,2258,436570,none_default,5000000.0,5000000.0,1.0,50,Isolated RL (non-federated)
Fin_rl_2,pure_rl,rl,8341665.165636634,5000000.0,8341665.165637983,3341665.165637983,0.0,0.0,6.0,0.0,2836,2836,0,0.0,97700932.32768312,0,0.0,0.0,0,2258,436570,none_default,5000000.0,5000000.0,1.0,50,Isolated RL (non-federated)
Fin_rl_3,pure_rl,rl,7684951.564408171,5000000.0,7684951.564407412,2684951.564407412,0.0,0.0,22.0,0.0,2239,2239,0,0.0,78464701.38347127,0,0.0,0.0,0,2258,436570,none_default,5000000.0,5000000.0,1.0,50,Isolated RL (non-federated)
Fin_fl_rl_1,pure_rl,fl_rl,9154146.639905637,5000000.0,9154146.63990486,4154146.6399048604,0.0,0.0,6.0,0.0,3008,3008,0,0.0,103516594.55651891,0,0.0,0.0,0,2246,436570,none_default,5000000.0,5000000.0,1.0,50,FedAvg (federated)
Fin_fl_rl_2,pure_rl,fl_rl,8759286.979714263,5000000.0,8759286.979714332,3759286.979714332,0.0,0.0,6.0,0.0,2621,2621,0,0.0,92408242.42704262,0,0.0,0.0,0,2246,436570,none_default,5000000.0,5000000.0,1.0,50,FedAvg (federated)
Fin_fl_rl_3,pure_rl,fl_rl,6180530.752164031,5000000.0,6180530.752162529,1180530.7521625292,0.0,0.0,22.0,0.0,867,867,0,0.0,30330743.248409584,0,0.0,0.0,0,2246,436570,none_default,5000000.0,5000000.0,1.0,50,FedAvg (federated)
Fin_rl_1,pure_rl,rl,7213162.551840974,5000000.0,7213162.55184043,2213162.55184043,0.0,0.0,6.0,0.0,1654,1654,211,0.1275695284159613,57913570.91794364,438762.1058737691,0.007576153549492582,0.08775242117475382,0,2254,436570,low_default,5000000.0,5000000.0,1.0,50,Isolated RL (non-federated)
Fin_rl_2,pure_rl,rl,7298625.723261484,5000000.0,7298625.723261765,2298625.723261765,0.0,0.0,14.0,0.0,1682,1682,129,0.07669441141498216,59065240.2921879,278464.9323787383,0.004714531440170382,0.05569298647574766,0,2254,436570,low_default,5000000.0,5000000.0,1.0,50,Isolated RL (non-federated)
Fin_rl_3,pure_rl,rl,9264451.256220942,5000000.0,9264451.256218413,4264451.256218413,0.0,0.0,6.0,0.0,2438,2438,20,0.008203445447087777,85548464.22757502,34326.39215228657,0.00040125082854756933,0.006865278430457315,0,2254,436570,low_default,5000000.0,5000000.0,1.0,50,Isolated RL (non-federated)
Fin_fl_rl_1,pure_rl,fl_rl,7558701.741290779,5000000.0,7558701.741289997,2558701.7412899965,0.0,0.0,6.0,0.0,1910,1910,89,0.04659685863874346,66680509.08671124,207677.63556483504,0.0031145178465085102,0.041535527112967006,0,2257,436570,low_default,5000000.0,5000000.0,1.0,50,FedAvg (federated)
Fin_fl_rl_2,pure_rl,fl_rl,6115278.173105649,5000000.0,6115278.173104545,1115278.173104545,0.0,0.0,7.0,0.0,891,891,95,0.10662177328843996,30768853.41874136,200682.6517457717,0.006522266170098349,0.04013653034915434,0,2257,436570,low_default,5000000.0,5000000.0,1.0,50,FedAvg (federated)
Fin_fl_rl_3,pure_rl,fl_rl,9253111.716159234,5000000.0,9253111.716159062,4253111.716159062,0.0,0.0,6.0,0.0,2933,2933,40,0.013637913399249914,102330486.55376671,80864.93131608373,0.0007902330384561936,0.016172986263216747,0,2257,436570,low_default,5000000.0,5000000.0,1.0,50,FedAvg (federated)
Fin_rl_1,pure_rl,rl,6403678.2089010505,5000000.0,6403678.208900243,1403678.208900243,0.0,0.0,13.0,0.0,1201,1201,131,0.10907577019150708,42016850.89366753,344206.0112323357,0.008192094455232292,0.06884120224646714,0,2246,436570,medium_default,5000000.0,5000000.0,1.0,50,Isolated RL (non-federated)
Fin_rl_2,pure_rl,rl,6830719.245522622,5000000.0,6830719.24552155,1830719.24552155,0.0,0.0,21.0,0.0,1505,1505,225,0.14950166112956811,52413867.21109891,512098.10908354854,0.00977027905651482,0.1024196218167097,0,2246,436570,medium_default,5000000.0,5000000.0,1.0,50,Isolated RL (non-federated)
Fin_rl_3,pure_rl,rl,8487237.70271022,5000000.0,8487237.702709703,3487237.702709703,0.0,0.0,13.0,0.0,2356,2356,105,0.04456706281833616,81931894.20874779,274630.6087884144,0.0033519377458637147,0.054926121757682876,0,2246,436570,medium_default,5000000.0,5000000.0,1.0,50,Isolated RL (non-federated)
Fin_fl_rl_1,pure_rl,fl_rl,7601805.137244167,5000000.0,7601805.137243404,2601805.137243404,0.0,0.0,17.0,0.0,2119,2119,120,0.056630486078338836,73791006.28544691,317640.68869217637,0.0043045989569981185,0.06352813773843527,0,2263,436570,medium_default,5000000.0,5000000.0,1.0,50,FedAvg (federated)
Fin_fl_rl_2,pure_rl,fl_rl,5722955.627541465,5000000.0,5722955.627542634,722955.6275426336,0.0,0.0,16.0,0.0,596,596,112,0.18791946308724833,20913292.668823738,276639.2095436394,0.013227912692870035,0.05532784190872788,0,2263,436570,medium_default,5000000.0,5000000.0,1.0,50,FedAvg (federated)
Fin_fl_rl_3,pure_rl,fl_rl,9229729.227140678,5000000.0,9229729.227141166,4229729.227141166,0.0,0.0,13.0,0.0,2353,2353,61,0.02592435189120272,82762025.99100198,170574.92385292292,0.002061028857262002,0.03411498477058458,0,2263,436570,medium_default,5000000.0,5000000.0,1.0,50,FedAvg (federated)
Fin_rl_1,pure_rl,rl,6566290.122338448,5000000.0,6566290.122337079,1566290.1223370787,0.0,0.0,7.0,0.0,1538,1538,226,0.1469440832249675,54158928.62052908,734524.373351127,0.013562387441185528,0.1469048746702254,0,2250,436570,high_default,5000000.0,5000000.0,1.0,50,Isolated RL (non-federated)
Fin_rl_2,pure_rl,rl,6472863.534288316,5000000.0,6472863.534288313,1472863.5342883132,0.0,0.0,10.0,0.0,1412,1412,257,0.1820113314447592,49161423.19965683,621525.4003162289,0.012642542869274936,0.12430508006324577,0,2250,436570,high_default,5000000.0,5000000.0,1.0,50,Isolated RL (non-federated)
Fin_rl_3,pure_rl,rl,7615576.86330035,5000000.0,7615576.863297923,2615576.8632979225,0.0,0.0,8.0,0.0,1539,1539,57,0.037037037037037035,54297484.36688456,171481.81860516267,0.0031581908555186685,0.034296363721032536,0,2250,436570,high_default,5000000.0,5000000.0,1.0,50,Isolated RL (non-federated)
Fin_fl_rl_1,pure_rl,fl_rl,6717555.10010316,5000000.0,6717555.100102488,1717555.100102488,0.0,0.0,7.0,0.0,1520,1520,203,0.13355263157894737,52644546.27694685,679515.70421231,0.012907618210585116,0.135903140842462,0,2254,436570,high_default,5000000.0,5000000.0,1.0,50,FedAvg (federated)
Fin_fl_rl_2,pure_rl,fl_rl,5049798.4743270455,5000000.0,5049798.474327204,49798.47432720382,0.0,0.0,17.0,0.0,535,535,263,0.491588785046729,18540571.892355185,660431.8049622895,0.03562089717602534,0.1320863609924579,0,2254,436570,high_default,5000000.0,5000000.0,1.0,50,FedAvg (federated)
Fin_fl_rl_3,pure_rl,fl_rl,9289206.299665244,5000000.0,9289206.299664428,4289206.299664428,0.0,0.0,8.0,0.0,2625,2625,88,0.033523809523809525,91421986.73569033,269322.3168147628,0.002945925005911316,0.05386446336295255,0,2254,436570,high_default,5000000.0,5000000.0,1.0,50,FedAvg (federated)
Fin_rl_1,pure_rl,rl,11811226.707222732,10000000.0,11811226.707222061,1811226.7072220612,0.0,0.0,11.0,0.0,1812,1812,0,0.0,63148881.49781278,0,0.0,0.0,0,2240,436570,none_default,10000000.0,10000000.0,1.0,50,Isolated RL (non-federated)
Fin_rl_2,pure_rl,rl,13049200.221004933,10000000.0,13049200.221003778,3049200.2210037783,0.0,0.0,6.0,0.0,3081,3081,0,0.0,107160525.85314733,0,0.0,0.0,0,2240,436570,none_default,10000000.0,10000000.0,1.0,50,Isolated RL (non-federated)
Fin_rl_3,pure_rl,rl,11734383.780671323,10000000.0,11734383.78067054,1734383.7806705404,0.0,0.0,22.0,0.0,1736,1736,0,0.0,61207459.2552471,0,0.0,0.0,0,2240,436570,none_default,10000000.0,10000000.0,1.0,50,Isolated RL (non-federated)
Fin_fl_rl_1,pure_rl,fl_rl,15027566.811934559,10000000.0,15027566.81194055,5027566.811940551,0.0,0.0,15.0,0.0,4025,4025,0,0.0,140846079.37289032,0,0.0,0.0,0,2245,436570,none_default,10000000.0,10000000.0,1.0,50,FedAvg (federated)
Fin_fl_rl_2,pure_rl,fl_rl,12537290.500668772,10000000.0,12537290.500667416,2537290.5006674156,0.0,0.0,14.0,0.0,1973,1973,0,0.0,68660662.8321424,0,0.0,0.0,0,2245,436570,none_default,10000000.0,10000000.0,1.0,50,FedAvg (federated)
Fin_fl_rl_3,pure_rl,fl_rl,10565585.222616019,10000000.0,10565585.222616361,565585.2226163615,0.0,0.0,18.0,0.0,607,607,0,0.0,21636477.43848879,0,0.0,0.0,0,2245,436570,none_default,10000000.0,10000000.0,1.0,50,FedAvg (federated)
Fin_rl_1,pure_rl,rl,12354584.355072785,10000000.0,12354584.355072036,2354584.3550720364,0.0,0.0,18.0,0.0,1520,1520,47,0.030921052631578946,52908200.30673366,94478.74770424055,0.0017857108568521123,0.009447874770424055,0,2250,436570,low_default,10000000.0,10000000.0,1.0,50,Isolated RL (non-federated)
Fin_rl_2,pure_rl,rl,12476661.174339956,10000000.0,12476661.174338654,2476661.1743386537,0.0,0.0,16.0,0.0,1571,1571,100,0.06365372374283895,54894061.31964946,206991.0551397362,0.0037707367639355787,0.020699105513973623,0,2250,436570,low_default,10000000.0,10000000.0,1.0,50,Isolated RL (non-federated)
Fin_rl_3,pure_rl,rl,13334247.276734095,10000000.0,13334247.276735464,3334247.276735464,0.0,0.0,18.0,0.0,2248,2248,57,0.025355871886120998,78726629.9988245,127688.32622797668,0.0016219203874201554,0.012768832622797668,0,2250,436570,low_default,10000000.0,10000000.0,1.0,50,Isolated RL (non-federated)
Fin_fl_rl_1,pure_rl,fl_rl,11719114.043263955,10000000.0,11719114.043263566,1719114.0432635657,0.0,0.0,20.0,0.0,1255,1255,48,0.03824701195219123,43701618.69867052,109384.63498107484,0.0025029881784310775,0.010938463498107483,0,2255,436570,low_default,10000000.0,10000000.0,1.0,50,FedAvg (federated)
Fin_fl_rl_2,pure_rl,fl_rl,12101524.781991193,10000000.0,12101524.78199016,2101524.7819901593,0.0,0.0,18.0,0.0,1466,1466,124,0.08458390177353342,51010865.971531756,260797.81401327078,0.005112593347441256,0.02607978140132708,0,2255,436570,low_default,10000000.0,10000000.0,1.0,50,FedAvg (federated)
Fin_fl_rl_3,pure_rl,fl_rl,14607986.779614411,10000000.0,14607986.779617352,4607986.779617352,0.0,0.0,20.0,0.0,2798,2798,42,0.01501072194424589,98897916.39113109,95468.23129009666,0.0009653209569403831,0.009546823129009667,0,2255,436570,low_default,10000000.0,10000000.0,1.0,50,FedAvg (federated)
Fin_rl_1,pure_rl,rl,11610041.026403848,10000000.0,11610041.026405249,1610041.0264052488,0.0,0.0,14.0,0.0,1183,1183,131,0.11073541842772612,41677953.846161924,329275.47274915257,0.007900471169111273,0.03292754727491526,0,2257,436570,medium_default,10000000.0,10000000.0,1.0,50,Isolated RL (non-federated)
Fin_rl_2,pure_rl,rl,11918612.770778457,10000000.0,11918612.770779325,1918612.7707793247,0.0,0.0,17.0,0.0,1656,1656,316,0.19082125603864733,57620731.61306729,751499.450079481,0.013042171264431761,0.0751499450079481,0,2257,436570,medium_default,10000000.0,10000000.0,1.0,50,Isolated RL (non-federated)
Fin_rl_3,pure_rl,rl,12695971.052453473,10000000.0,12695971.052454365,2695971.0524543654,0.0,0.0,22.0,0.0,1744,1744,56,0.03211009174311927,60798606.28553232,143692.50135569018,0.0023634176856103914,0.014369250135569018,0,2257,436570,medium_default,10000000.0,10000000.0,1.0,50,Isolated RL (non-federated)
Fin_fl_rl_1,pure_rl,fl_rl,11832444.593469525,10000000.0,11832444.59346577,1832444.5934657697,0.0,0.0,17.0,0.0,1197,1197,76,0.06349206349206349,42072240.468907386,201688.63373272956,0.004793864825948201,0.020168863373272956,0,2250,436570,medium_default,10000000.0,10000000.0,1.0,50,FedAvg (federated)
Fin_fl_rl_2,pure_rl,fl_rl,11193746.06259057,10000000.0,11193746.062586293,1193746.0625862926,0.0,0.0,10.0,0.0,1035,1035,213,0.20579710144927535,35931537.058247775,481363.5088516857,0.013396685704576415,0.048136350885168565,0,2250,436570,medium_default,10000000.0,10000000.0,1.0,50,FedAvg (federated)
Fin_fl_rl_3,pure_rl,fl_rl,14262378.753473612,10000000.0,14262378.753471391,4262378.753471391,0.0,0.0,12.0,0.0,2251,2251,71,0.03154153709462461,78675795.00139244,198219.02070897594,0.0025194409628204934,0.019821902070897592,0,2250,436570,medium_default,10000000.0,10000000.0,1.0,50,FedAvg (federated)
Fin_rl_1,pure_rl,rl,10955761.480331281,10000000.0,10955761.480334688,955761.480334688,0.0,0.0,14.0,0.0,1128,1128,196,0.17375886524822695,39209671.753674455,656442.3786445635,0.01674184835742845,0.06564423786445635,0,2265,436570,high_default,10000000.0,10000000.0,1.0,50,Isolated RL (non-federated)
Fin_rl_2,pure_rl,rl,11588860.430664217,10000000.0,11588860.430667471,1588860.4306674711,0.0,0.0,17.0,0.0,1411,1411,259,0.18355776045357902,49546391.685853794,643119.781037409,0.012980153733799123,0.0643119781037409,0,2265,436570,high_default,10000000.0,10000000.0,1.0,50,Isolated RL (non-federated)
Fin_rl_3,pure_rl,rl,13059045.224022197,10000000.0,13059045.224022,3059045.224021999,0.0,0.0,24.0,0.0,1993,1993,92,0.04616156547917712,69307742.70690693,280293.32693873916,0.004044184906209711,0.028029332693873917,0,2265,436570,high_default,10000000.0,10000000.0,1.0,50,Isolated RL (non-federated)
Fin_fl_rl_1,pure_rl,fl_rl,11002249.943076123,10000000.0,11002249.94307309,1002249.9430730902,0.0,0.0,14.0,0.0,1189,1189,211,0.1774600504625736,41395029.35304305,719930.1495615251,0.017391705255756784,0.07199301495615251,0,2238,436570,high_default,10000000.0,10000000.0,1.0,50,FedAvg (federated)
Fin_fl_rl_2,pure_rl,fl_rl,10863238.063383974,10000000.0,10863238.063382916,863238.0633829162,0.0,0.0,13.0,0.0,1015,1015,262,0.258128078817734,35681587.046851225,674170.9867433712,0.018894086349302796,0.06741709867433712,0,2238,436570,high_default,10000000.0,10000000.0,1.0,50,FedAvg (federated)
Fin_fl_rl_3,pure_rl,fl_rl,13859776.242540468,10000000.0,13859776.242542425,3859776.242542425,0.0,0.0,7.0,0.0,2478,2478,87,0.035108958837772396,86641255.83589622,256441.65319312207,0.002959809974117158,0.025644165319312205,0,2238,436570,high_default,10000000.0,10000000.0,1.0,50,FedAvg (federated)
Fin_rl_1,pure_rl,rl,2325744.4296783004,1000000.0,2325744.42967825,1325744.42967825,0.0,0.0,6.0,0.0,950,950,0,0.0,28498035.408733286,0,0.0,0.0,0,2265,831197,none_default,1000000.0,1000000.0,1.0,50,Isolated RL (non-federated)
Fin_rl_2,pure_rl,rl,2553367.379089302,1000000.0,2553367.37908941,1553367.37908941,0.0,0.0,6.0,0.0,991,991,0,0.0,30459106.798299126,0,0.0,0.0,0,2265,831197,none_default,1000000.0,1000000.0,1.0,50,Isolated RL (non-federated)
Fin_rl_3,pure_rl,rl,2434524.096056325,1000000.0,2434524.0960562145,1434524.0960562145,0.0,0.0,6.0,0.0,918,918,0,0.0,28479370.084684003,0,0.0,0.0,0,2265,831197,none_default,1000000.0,1000000.0,1.0,50,Isolated RL (non-federated)
Fin_fl_rl_1,pure_rl,fl_rl,2136157.384888454,1000000.0,2136157.3848883905,1136157.3848883905,0.0,0.0,6.0,0.0,968,968,0,0.0,27514906.44262005,0,0.0,0.0,0,2250,831197,none_default,1000000.0,1000000.0,1.0,50,FedAvg (federated)
Fin_fl_rl_2,pure_rl,fl_rl,2925193.0625157547,1000000.0,2925193.062515784,1925193.062515784,0.0,0.0,6.0,0.0,985,985,0,0.0,33002960.48326851,0,0.0,0.0,0,2250,831197,none_default,1000000.0,1000000.0,1.0,50,FedAvg (federated)
Fin_fl_rl_3,pure_rl,fl_rl,2405378.190910382,1000000.0,2405378.190910389,1405378.1909103892,0.0,0.0,6.0,0.0,979,979,0,0.0,29458112.092352152,0,0.0,0.0,0,2250,831197,none_default,1000000.0,1000000.0,1.0,50,FedAvg (federated)
Fin_rl_1,pure_rl,rl,2428767.525102907,1000000.0,2428767.5251030545,1428767.5251030545,0.0,0.0,6.0,0.0,913,913,112,0.12267250821467689,28888466.83920918,204579.66181308526,0.007081707137722426,0.20457966181308526,0,2268,831197,low_default,1000000.0,1000000.0,1.0,50,Isolated RL (non-federated)
Fin_rl_2,pure_rl,rl,1983465.60732469,1000000.0,1983465.6073248533,983465.6073248533,0.0,0.0,6.0,0.0,693,693,84,0.12121212121212122,22609459.901979662,147849.35029903447,0.006539269444737551,0.14784935029903448,0,2268,831197,low_default,1000000.0,1000000.0,1.0,50,Isolated RL (non-federated)
Fin_rl_3,pure_rl,rl,3113006.1895695883,1000000.0,3113006.1895694747,2113006.1895694747,0.0,0.0,6.0,0.0,1086,1086,19,0.017495395948434623,34213387.19285739,37261.219943294316,0.0010890830461554887,0.037261219943294316,0,2268,831197,low_default,1000000.0,1000000.0,1.0,50,Isolated RL (non-federated)
Fin_fl_rl_1,pure_rl,fl_rl,2595973.055169438,1000000.0,2595973.05516958,1595973.05516958,0.0,0.0,6.0,0.0,898,898,13,0.014476614699331848,29902392.398200557,24131.000153668403,0.0008069922911960897,0.024131000153668404,0,2247,831197,low_default,1000000.0,1000000.0,1.0,50,FedAvg (federated)
Fin_fl_rl_2,pure_rl,fl_rl,2426196.1692639603,1000000.0,2426196.1692638285,1426196.1692638285,0.0,0.0,6.0,0.0,784,784,36,0.04591836734693878,26964675.544306967,67489.80618440814,0.0025028970244241346,0.06748980618440814,0,2247,831197,low_default,1000000.0,1000000.0,1.0,50,FedAvg (federated)
Fin_fl_rl_3,pure_rl,fl_rl,2414427.876991994,1000000.0,2414427.8769920073,1414427.8769920073,0.0,0.0,6.0,0.0,1020,1020,15,0.014705882352941176,30076594.69159777,23927.16080665918,0.0007955408865932385,0.02392716080665918,0,2247,831197,low_default,1000000.0,1000000.0,1.0,50,FedAvg (federated)
Fin_rl_1,pure_rl,rl,2141421.829169338,1000000.0,2141421.829169331,1141421.8291693311,0.0,0.0,6.0,0.0,834,834,54,0.06474820143884892,26897585.455085065,137505.10967641804,0.005112172983185831,0.13750510967641805,0,2244,831197,medium_default,1000000.0,1000000.0,1.0,50,Isolated RL (non-federated)
Fin_rl_2,pure_rl,rl,2234066.1180226407,1000000.0,2234066.1180226565,1234066.1180226565,0.0,0.0,6.0,0.0,791,791,87,0.10998735777496839,26640621.93852742,206841.7419083608,0.007764148389089527,0.2068417419083608,0,2244,831197,medium_default,1000000.0,1000000.0,1.0,50,Isolated RL (non-federated)
Fin_rl_3,pure_rl,rl,2629062.870845291,1000000.0,2629062.8708452517,1629062.8708452517,0.0,0.0,6.0,0.0,983,983,24,0.024415055951169887,30609744.60987371,56944.07079412785,0.0018603249233173787,0.05694407079412785,0,2244,831197,medium_default,1000000.0,1000000.0,1.0,50,Isolated RL (non-federated)
Fin_fl_rl_1,pure_rl,fl_rl,2240794.7288475567,1000000.0,2240794.7288476373,1240794.7288476373,0.0,0.0,6.0,0.0,691,691,62,0.08972503617945007,23588736.779328562,176466.2659363716,0.0074809544736203805,0.1764662659363716,0,2265,831197,medium_default,1000000.0,1000000.0,1.0,50,FedAvg (federated)
Fin_fl_rl_2,pure_rl,fl_rl,2534946.172033437,1000000.0,2534946.1720334794,1534946.1720334794,0.0,0.0,6.0,0.0,799,799,50,0.0625782227784731,26720612.858254597,103400.54869509103,0.00386969225756917,0.10340054869509102,0,2265,831197,medium_default,1000000.0,1000000.0,1.0,50,FedAvg (federated)
Fin_fl_rl_3,pure_rl,fl_rl,2635422.193125579,1000000.0,2635422.1931257043,1635422.1931257043,0.0,0.0,6.0,0.0,940,940,33,0.035106382978723406,29187178.214336883,80480.75922598585,0.002757401165504013,0.08048075922598585,0,2265,831197,medium_default,1000000.0,1000000.0,1.0,50,FedAvg (federated)
Fin_rl_1,pure_rl,rl,2030370.2335046062,1000000.0,2030370.2335045522,1030370.2335045522,0.0,0.0,7.0,0.0,648,648,66,0.10185185185185185,22461379.02003296,195645.04436918284,0.008710286407379085,0.19564504436918284,0,2261,831197,high_default,1000000.0,1000000.0,1.0,50,Isolated RL (non-federated)
Fin_rl_2,pure_rl,rl,1964866.4040128437,1000000.0,1964866.404012901,964866.404012901,0.0,0.0,7.0,0.0,604,604,92,0.152317880794702,20621943.10092973,218492.67408671486,0.010595154540837823,0.21849267408671486,0,2261,831197,high_default,1000000.0,1000000.0,1.0,50,Isolated RL (non-federated)
Fin_rl_3,pure_rl,rl,2357153.565401879,1000000.0,2357153.5654018694,1357153.5654018694,0.0,0.0,7.0,0.0,955,955,32,0.033507853403141365,28476494.96448725,73403.15292385936,0.002577675132259068,0.07340315292385936,0,2261,831197,high_default,1000000.0,1000000.0,1.0,50,Isolated RL (non-federated)
Fin_fl_rl_1,pure_rl,fl_rl,2071877.6836881184,1000000.0,2071877.6836881218,1071877.6836881218,0.0,0.0,7.0,0.0,768,768,72,0.09375,24729283.83621117,225959.2068664822,0.00913731300765004,0.22595920686648222,0,2245,831197,high_default,1000000.0,1000000.0,1.0,50,FedAvg (federated)
Fin_fl_rl_2,pure_rl,fl_rl,1661712.7442680413,1000000.0,1661712.7442680697,661712.7442680697,0.0,0.0,7.0,0.0,501,501,86,0.17165668662674652,17268740.557454415,206583.20167503474,0.011962841238347215,0.20658320167503474,0,2245,831197,high_default,1000000.0,1000000.0,1.0,50,FedAvg (federated)
Fin_fl_rl_3,pure_rl,fl_rl,2248777.8617259716,1000000.0,2248777.8617259273,1248777.8617259273,0.0,0.0,7.0,0.0,924,924,38,0.04112554112554113,27404501.058545955,97342.4552661725,0.003552060847895523,0.09734245526617251,0,2245,831197,high_default,1000000.0,1000000.0,1.0,50,FedAvg (federated)
Fin_rl_1,pure_rl,rl,7381338.085803165,5000000.0,7381338.085803721,2381338.085803721,0.0,0.0,6.0,0.0,2051,2051,0,0.0,71614488.23662028,0,0.0,0.0,0,2252,831197,none_default,5000000.0,5000000.0,1.0,50,Isolated RL (non-federated)
Fin_rl_2,pure_rl,rl,7596082.1628203085,5000000.0,7596082.162819883,2596082.162819883,0.0,0.0,6.0,0.0,1851,1851,0,0.0,64559021.406890474,0,0.0,0.0,0,2252,831197,none_default,5000000.0,5000000.0,1.0,50,Isolated RL (non-federated)
Fin_rl_3,pure_rl,rl,8644778.293617103,5000000.0,8644778.293618089,3644778.2936180886,0.0,0.0,6.0,0.0,2689,2689,0,0.0,93734118.00907163,0,0.0,0.0,0,2252,831197,none_default,5000000.0,5000000.0,1.0,50,Isolated RL (non-federated)
Fin_fl_rl_1,pure_rl,fl_rl,7851153.590533861,5000000.0,7851153.590534284,2851153.590534284,0.0,0.0,6.0,0.0,2307,2307,0,0.0,81041222.11605234,0,0.0,0.0,0,2254,831197,none_default,5000000.0,5000000.0,1.0,50,FedAvg (federated)
Fin_fl_rl_2,pure_rl,fl_rl,6631159.5446895845,5000000.0,6631159.54468978,1631159.54468978,0.0,0.0,11.0,0.0,1184,1184,0,0.0,41871484.10678431,0,0.0,0.0,0,2254,831197,none_default,5000000.0,5000000.0,1.0,50,FedAvg (federated)
Fin_fl_rl_3,pure_rl,fl_rl,9190441.257077556,5000000.0,9190441.257076256,4190441.257076256,0.0,0.0,6.0,0.0,3133,3133,0,0.0,109731359.61847991,0,0.0,0.0,0,2254,831197,none_default,5000000.0,5000000.0,1.0,50,FedAvg (federated)
Fin_rl_1,pure_rl,rl,7697545.927879605,5000000.0,7697545.927879383,2697545.927879383,0.0,0.0,6.0,0.0,1956,1956,105,0.05368098159509203,68773982.89967676,255321.25894921197,0.0037124687008699042,0.0510642517898424,0,2264,831197,low_default,5000000.0,5000000.0,1.0,50,Isolated RL (non-federated)
Fin_rl_2,pure_rl,rl,6790794.752417606,5000000.0,6790794.752417255,1790794.7524172552,0.0,0.0,14.0,0.0,1391,1391,147,0.10567936736161035,48605777.013449125,270703.5472988319,0.005569369814290363,0.05414070945976639,0,2264,831197,low_default,5000000.0,5000000.0,1.0,50,Isolated RL (non-federated)
Fin_rl_3,pure_rl,rl,8809281.16963462,5000000.0,8809281.16963435,3809281.1696343496,0.0,0.0,17.0,0.0,2200,2200,65,0.029545454545454545,77883344.06916897,139702.68909758306,0.001793742818406869,0.027940537819516612,0,2264,831197,low_default,5000000.0,5000000.0,1.0,50,Isolated RL (non-federated)
Fin_fl_rl_1,pure_rl,fl_rl,7280496.292436484,5000000.0,7280496.292436261,2280496.2924362607,0.0,0.0,6.0,0.0,1763,1763,72,0.04083947816222348,62161637.64126045,163582.2257017026,0.002631562357570888,0.03271644514034052,0,2251,831197,low_default,5000000.0,5000000.0,1.0,50,FedAvg (federated)
Fin_fl_rl_2,pure_rl,fl_rl,7301846.598661302,5000000.0,7301846.598662044,2301846.598662044,0.0,0.0,14.0,0.0,1873,1873,157,0.08382274426054458,65594600.21471904,309351.3534976213,0.0047161100530376384,0.06187027069952426,0,2251,831197,low_default,5000000.0,5000000.0,1.0,50,FedAvg (federated)
Fin_fl_rl_3,pure_rl,fl_rl,8471644.517395755,5000000.0,8471644.51739647,3471644.5173964705,0.0,0.0,17.0,0.0,2338,2338,32,0.013686911890504704,82254221.62761433,65696.30649360946,0.0007986982940648719,0.013139261298721892,0,2251,831197,low_default,5000000.0,5000000.0,1.0,50,FedAvg (federated)
Fin_rl_1,pure_rl,rl,6399171.4115045,5000000.0,6399171.41150508,1399171.4115050798,0.0,0.0,8.0,0.0,1382,1382,133,0.09623733719247468,47681258.199663386,356659.39311511687,0.007480075119276839,0.07133187862302337,0,2259,831197,medium_default,5000000.0,5000000.0,1.0,50,Isolated RL (non-federated)
Fin_rl_2,pure_rl,rl,6099102.171596269,5000000.0,6099102.171596443,1099102.1715964433,0.0,0.0,9.0,0.0,1237,1237,268,0.21665319320937754,43398589.964449994,634525.3099835897,0.014620873869481977,0.12690506199671794,0,2259,831197,medium_default,5000000.0,5000000.0,1.0,50,Isolated RL (non-federated)
Fin_rl_3,pure_rl,rl,8890878.645338343,5000000.0,8890878.645338206,3890878.6453382056,0.0,0.0,7.0,0.0,2637,2637,64,0.02427000379218809,92749312.27188933,151933.74655460575,0.0016381118396783432,0.03038674931092115,0,2259,831197,medium_default,5000000.0,5000000.0,1.0,50,Isolated RL (non-federated)
Fin_fl_rl_1,pure_rl,fl_rl,6711388.066415849,5000000.0,6711388.066416558,1711388.0664165579,0.0,0.0,7.0,0.0,1427,1427,112,0.07848633496846531,50113757.93644821,302417.2261819849,0.006034614817062721,0.060483445236396975,0,2271,831197,medium_default,5000000.0,5000000.0,1.0,50,FedAvg (federated)
Fin_fl_rl_2,pure_rl,fl_rl,6600530.227397599,5000000.0,6600530.227398787,1600530.2273987867,0.0,0.0,11.0,0.0,1340,1340,157,0.11716417910447761,46771334.28682585,356251.57428183785,0.007616878579882288,0.07125031485636757,0,2271,831197,medium_default,5000000.0,5000000.0,1.0,50,FedAvg (federated)
Fin_fl_rl_3,pure_rl,fl_rl,8538161.892189039,5000000.0,8538161.892188266,3538161.892188266,0.0,0.0,7.0,0.0,2407,2407,65,0.02700457000415455,83972668.86681505,159129.82770662595,0.0018950192944208312,0.03182596554132519,0,2271,831197,medium_default,5000000.0,5000000.0,1.0,50,FedAvg (federated)
Fin_rl_1,pure_rl,rl,6543881.625985322,5000000.0,6543881.625986666,1543881.6259866664,0.0,0.0,19.0,0.0,1589,1589,241,0.15166771554436753,55332362.15064391,724664.0512417956,0.013096568139796335,0.14493281024835913,0,2257,831197,high_default,5000000.0,5000000.0,1.0,50,Isolated RL (non-federated)
Fin_rl_2,pure_rl,rl,6066741.178299967,5000000.0,6066741.1783006685,1066741.1783006685,0.0,0.0,21.0,0.0,1075,1075,256,0.23813953488372094,37687515.87157734,662038.9403601233,0.017566531649792574,0.13240778807202466,0,2257,831197,high_default,5000000.0,5000000.0,1.0,50,Isolated RL (non-federated)
Fin_rl_3,pure_rl,rl,7195480.603937254,5000000.0,7195480.603936483,2195480.603936483,0.0,0.0,7.0,0.0,1691,1691,118,0.06978119455943228,58806094.42804114,317331.1537067127,0.005396229026823388,0.06346623074134254,0,2257,831197,high_default,5000000.0,5000000.0,1.0,50,Isolated RL (non-federated)
Fin_fl_rl_1,pure_rl,fl_rl,5673261.533677386,5000000.0,5673261.533677319,673261.5336773191,0.0,0.0,19.0,0.0,869,869,147,0.16915995397008055,30582830.03373319,521244.47249136626,0.01704369647663176,0.10424889449827325,0,2255,831197,high_default,5000000.0,5000000.0,1.0,50,FedAvg (federated)
Fin_fl_rl_2,pure_rl,fl_rl,6368488.066047279,5000000.0,6368488.06604704,1368488.0660470398,0.0,0.0,11.0,0.0,1360,1360,235,0.17279411764705882,48009063.93611412,597462.9827786451,0.012444795498901871,0.11949259655572902,0,2255,831197,high_default,5000000.0,5000000.0,1.0,50,FedAvg (federated)
Fin_fl_rl_3,pure_rl,fl_rl,8785783.276086083,5000000.0,8785783.276086446,3785783.276086446,0.0,0.0,7.0,0.0,2286,2286,70,0.03062117235345582,79703189.91119026,201160.8582455929,0.0025238746212007017,0.04023217164911858,0,2255,831197,high_default,5000000.0,5000000.0,1.0,50,FedAvg (federated)
Fin_rl_1,pure_rl,rl,11246663.327792266,10000000.0,11246663.327794671,1246663.327794671,0.0,0.0,6.0,0.0,1442,1442,0,0.0,50844102.278097704,0,0.0,0.0,0,2258,831197,none_default,10000000.0,10000000.0,1.0,50,Isolated RL (non-federated)
Fin_rl_2,pure_rl,rl,13288669.434903014,10000000.0,13288669.434904085,3288669.4349040855,0.0,0.0,14.0,0.0,3470,3470,0,0.0,121792732.6983911,0,0.0,0.0,0,2258,831197,none_default,10000000.0,10000000.0,1.0,50,Isolated RL (non-federated)
Fin_rl_3,pure_rl,rl,11439908.511029933,10000000.0,11439908.51103093,1439908.5110309292,0.0,0.0,12.0,0.0,1729,1729,0,0.0,61253299.35709225,0,0.0,0.0,0,2258,831197,none_default,10000000.0,10000000.0,1.0,50,Isolated RL (non-federated)
Fin_fl_rl_1,pure_rl,fl_rl,12676028.348668363,10000000.0,12676028.348668026,2676028.348668026,0.0,0.0,11.0,0.0,2439,2439,0,0.0,85225925.4698613,0,0.0,0.0,0,2257,831197,none_default,10000000.0,10000000.0,1.0,50,FedAvg (federated)
Fin_fl_rl_2,pure_rl,fl_rl,10562366.207103955,10000000.0,10562366.207103834,562366.2071038336,0.0,0.0,14.0,0.0,468,468,0,0.0,16075608.041606698,0,0.0,0.0,0,2257,831197,none_default,10000000.0,10000000.0,1.0,50,FedAvg (federated)
Fin_fl_rl_3,pure_rl,fl_rl,14266865.313277572,10000000.0,14266865.313277025,4266865.313277025,0.0,0.0,6.0,0.0,3734,3734,0,0.0,130339672.8253591,0,0.0,0.0,0,2257,831197,none_default,10000000.0,10000000.0,1.0,50,FedAvg (federated)
Fin_rl_1,pure_rl,rl,11671349.083798997,10000000.0,11671349.083801918,1671349.0838019177,0.0,0.0,17.0,0.0,1227,1227,56,0.045639771801140996,42871756.89797308,125068.12312719632,0.002917261436820411,0.012506812312719632,0,2258,831197,low_default,10000000.0,10000000.0,1.0,50,Isolated RL (non-federated)
Fin_rl_2,pure_rl,rl,12153987.557898128,10000000.0,12153987.557900319,2153987.557900319,0.0,0.0,11.0,0.0,1830,1830,277,0.15136612021857923,64147163.27532375,523852.27277967485,0.00816641369675643,0.05238522727796748,0,2258,831197,low_default,10000000.0,10000000.0,1.0,50,Isolated RL (non-federated)
Fin_rl_3,pure_rl,rl,14930567.40644755,10000000.0,14930567.40645184,4930567.40645184,0.0,0.0,7.0,0.0,2776,2776,20,0.007204610951008645,97112452.45219088,36228.863685380784,0.0003730609491426087,0.0036228863685380786,0,2258,831197,low_default,10000000.0,10000000.0,1.0,50,Isolated RL (non-federated)
Fin_fl_rl_1,pure_rl,fl_rl,12461794.418226589,10000000.0,12461794.418224555,2461794.4182245545,0.0,0.0,14.0,0.0,1533,1533,55,0.03587736464448793,53779456.08811754,114487.00386493167,0.0021288241308603964,0.011448700386493166,0,2262,831197,low_default,10000000.0,10000000.0,1.0,50,FedAvg (federated)
Fin_fl_rl_2,pure_rl,fl_rl,12998710.344112873,10000000.0,12998710.344111849,2998710.3441118486,0.0,0.0,20.0,0.0,1801,1801,154,0.08550805108273181,62278056.20091967,303119.3144046827,0.00486719292308623,0.030311931440468273,0,2262,831197,low_default,10000000.0,10000000.0,1.0,50,FedAvg (federated)
Fin_fl_rl_3,pure_rl,fl_rl,11881935.200635757,10000000.0,11881935.20063537,1881935.2006353699,0.0,0.0,26.0,0.0,1175,1175,24,0.020425531914893616,41082888.14089749,49094.314737439476,0.0011950064116492023,0.004909431473743947,0,2262,831197,low_default,10000000.0,10000000.0,1.0,50,FedAvg (federated)
Fin_rl_1,pure_rl,rl,11926151.503880573,10000000.0,11926151.503879197,1926151.503879197,0.0,0.0,17.0,0.0,1455,1455,105,0.07216494845360824,50556659.44674957,299276.3685545333,0.005919623088818908,0.029927636855453327,0,2254,831197,medium_default,10000000.0,10000000.0,1.0,50,Isolated RL (non-federated)
Fin_rl_2,pure_rl,rl,10654351.168887602,10000000.0,10654351.168887176,654351.1688871756,0.0,0.0,29.0,0.0,1121,1121,438,0.39072256913470116,39134337.84838141,889870.475017912,0.02273886627302976,0.0889870475017912,0,2254,831197,medium_default,10000000.0,10000000.0,1.0,50,Isolated RL (non-federated)
Fin_rl_3,pure_rl,rl,13694757.038711872,10000000.0,13694757.038710166,3694757.038710166,0.0,0.0,7.0,0.0,2870,2870,61,0.021254355400696864,100424305.8035813,156789.00646494905,0.0015612655244200623,0.015678900646494905,0,2254,831197,medium_default,10000000.0,10000000.0,1.0,50,Isolated RL (non-federated)
Fin_fl_rl_1,pure_rl,fl_rl,11812932.210070712,10000000.0,11812932.210071726,1812932.2100717258,0.0,0.0,15.0,0.0,1348,1348,99,0.07344213649851632,47167243.271113284,294554.1580817553,0.006244888139607463,0.02945541580817553,0,2234,831197,medium_default,10000000.0,10000000.0,1.0,50,FedAvg (federated)
Fin_fl_rl_2,pure_rl,fl_rl,10937744.817704812,10000000.0,10937744.817703692,937744.8177036922,0.0,0.0,21.0,0.0,934,934,143,0.15310492505353318,32414544.395479664,335076.0645251277,0.010337213456927544,0.03350760645251277,0,2234,831197,medium_default,10000000.0,10000000.0,1.0,50,FedAvg (federated)
Fin_fl_rl_3,pure_rl,fl_rl,14012041.159379244,10000000.0,14012041.159378452,4012041.159378452,0.0,0.0,11.0,0.0,2714,2714,86,0.03168754605747973,95036327.26197664,234070.98989881034,0.002462963338782774,0.023407098989881032,0,2234,831197,medium_default,10000000.0,10000000.0,1.0,50,FedAvg (federated)
Fin_rl_1,pure_rl,rl,11286434.017144615,10000000.0,11286434.017143747,1286434.0171437468,0.0,0.0,18.0,0.0,1653,1653,312,0.18874773139745918,57305631.902337454,922378.1739586525,0.016095768310008453,0.09223781739586526,0,2263,831197,high_default,10000000.0,10000000.0,1.0,50,Isolated RL (non-federated)
Fin_rl_2,pure_rl,rl,11342458.066671852,10000000.0,11342458.066673424,1342458.066673424,0.0,0.0,16.0,0.0,1499,1499,283,0.1887925283522348,52452475.74088691,740248.6120356501,0.014112748761230032,0.07402486120356501,0,2263,831197,high_default,10000000.0,10000000.0,1.0,50,Isolated RL (non-federated)
Fin_rl_3,pure_rl,rl,12589878.402011741,10000000.0,12589878.402010627,2589878.402010627,0.0,0.0,18.0,0.0,1661,1661,82,0.049367850692354005,58185499.90780058,246289.47736916627,0.004232832540056045,0.024628947736916627,0,2263,831197,high_default,10000000.0,10000000.0,1.0,50,Isolated RL (non-federated)
Fin_fl_rl_1,pure_rl,fl_rl,11279417.456235379,10000000.0,11279417.456233986,1279417.4562339857,0.0,0.0,10.0,0.0,920,920,84,0.09130434782608696,32019219.585069798,286194.38905909733,0.00893820626385743,0.028619438905909733,0,2254,831197,high_default,10000000.0,10000000.0,1.0,50,FedAvg (federated)
Fin_fl_rl_2,pure_rl,fl_rl,11784159.082020693,10000000.0,11784159.082019128,1784159.082019128,0.0,0.0,16.0,0.0,1450,1450,290,0.2,51031914.06418672,776088.9851990234,0.015207914487057593,0.07760889851990234,0,2254,831197,high_default,10000000.0,10000000.0,1.0,50,FedAvg (federated)
Fin_fl_rl_3,pure_rl,fl_rl,13381790.648109293,10000000.0,13381790.64810881,3381790.64810881,0.0,0.0,15.0,0.0,1961,1961,99,0.0504844467108618,68483396.4633497,303404.48728463455,0.004430336445812931,0.030340448728463455,0,2254,831197,high_default,10000000.0,10000000.0,1.0,50,FedAvg (federated)
Fin_rl_1,pure_rl,rl,2685978.4319414613,1000000.0,2685978.431941465,1685978.431941465,0.0,0.0,6.0,0.0,1136,1136,0,0.0,31860872.99948538,0,0.0,0.0,0,2267,709098,none_default,1000000.0,1000000.0,1.0,100,Isolated RL (non-federated)
Fin_rl_2,pure_rl,rl,2879589.455092372,1000000.0,2879589.4550924217,1879589.4550924217,0.0,0.0,6.0,0.0,1101,1101,0,0.0,32181809.433321897,0,0.0,0.0,0,2267,709098,none_default,1000000.0,1000000.0,1.0,100,Isolated RL (non-federated)
Fin_rl_3,pure_rl,rl,2461097.98291261,1000000.0,2461097.9829126475,1461097.9829126475,0.0,0.0,6.0,0.0,1055,1055,0,0.0,30023862.42598302,0,0.0,0.0,0,2267,709098,none_default,1000000.0,1000000.0,1.0,100,Isolated RL (non-federated)
Fin_fl_rl_1,pure_rl,fl_rl,2479755.048092608,1000000.0,2479755.048092591,1479755.048092591,0.0,0.0,6.0,0.0,1050,1050,0,0.0,30424677.01871557,0,0.0,0.0,0,2252,709098,none_default,1000000.0,1000000.0,1.0,100,FedAvg (federated)
Fin_fl_rl_2,pure_rl,fl_rl,2707281.6224611695,1000000.0,2707281.6224611243,1707281.6224611243,0.0,0.0,6.0,0.0,1060,1060,0,0.0,31760863.245954223,0,0.0,0.0,0,2252,709098,none_default,1000000.0,1000000.0,1.0,100,FedAvg (federated)
Fin_fl_rl_3,pure_rl,fl_rl,2496630.9580399594,1000000.0,2496630.9580399897,1496630.9580399897,0.0,0.0,6.0,0.0,1113,1113,0,0.0,31364673.115532383,0,0.0,0.0,0,2252,709098,none_default,1000000.0,1000000.0,1.0,100,FedAvg (federated)
Fin_rl_1,pure_rl,rl,2837686.7770307614,1000000.0,2837686.777030751,1837686.777030751,0.0,0.0,8.0,0.0,1040,1040,52,0.05,31751373.08727522,102573.63976681269,0.003230526109370698,0.10257363976681269,0,2257,709098,low_default,1000000.0,1000000.0,1.0,100,Isolated RL (non-federated)
Fin_rl_2,pure_rl,rl,3228290.393762707,1000000.0,3228290.3937627026,2228290.3937627026,0.0,0.0,6.0,0.0,1084,1084,31,0.02859778597785978,35162998.0211584,56613.72944857858,0.0016100370456043815,0.056613729448578586,0,2257,709098,low_default,1000000.0,1000000.0,1.0,100,Isolated RL (non-federated)
Fin_rl_3,pure_rl,rl,2730234.338922713,1000000.0,2730234.338922718,1730234.338922718,0.0,0.0,6.0,0.0,1082,1082,21,0.019408502772643253,31260514.851837642,33482.105963834234,0.0010710670032955645,0.03348210596383423,0,2257,709098,low_default,1000000.0,1000000.0,1.0,100,Isolated RL (non-federated)
Fin_fl_rl_1,pure_rl,fl_rl,2385614.204652445,1000000.0,2385614.20465247,1385614.20465247,0.0,0.0,8.0,0.0,991,991,31,0.03128153380423814,29130282.521285437,59674.140788591205,0.0020485259882044547,0.05967414078859121,0,2263,709098,low_default,1000000.0,1000000.0,1.0,100,FedAvg (federated)
Fin_fl_rl_2,pure_rl,fl_rl,2905887.753859485,1000000.0,2905887.7538592867,1905887.7538592867,0.0,0.0,6.0,0.0,1039,1039,26,0.025024061597690085,32866857.389442917,46006.86891514753,0.0013997951909428762,0.04600686891514753,0,2263,709098,low_default,1000000.0,1000000.0,1.0,100,FedAvg (federated)
Fin_fl_rl_3,pure_rl,fl_rl,2586914.687287381,1000000.0,2586914.6872871756,1586914.6872871756,0.0,0.0,6.0,0.0,1115,1115,13,0.011659192825112108,31065142.278783794,19137.532408689563,0.0006160452199750492,0.019137532408689564,0,2263,709098,low_default,1000000.0,1000000.0,1.0,100,FedAvg (federated)
Fin_rl_1,pure_rl,rl,2018011.511328299,1000000.0,2018011.511328243,1018011.511328243,0.0,0.0,6.0,0.0,869,869,111,0.1277330264672037,25954399.80405368,251431.10794180192,0.00968741754153499,0.2514311079418019,0,2260,709098,medium_default,1000000.0,1000000.0,1.0,100,Isolated RL (non-federated)
Fin_rl_2,pure_rl,rl,2852658.1559519875,1000000.0,2852658.155952029,1852658.155952029,0.0,0.0,11.0,0.0,994,994,41,0.04124748490945674,31602076.66872761,82675.9654086556,0.0026161560923769625,0.0826759654086556,0,2260,709098,medium_default,1000000.0,1000000.0,1.0,100,Isolated RL (non-federated)
Fin_rl_3,pure_rl,rl,2821272.652226866,1000000.0,2821272.6522266967,1821272.6522266967,0.0,0.0,18.0,0.0,1098,1098,15,0.01366120218579235,32366442.151184063,33611.62324949239,0.0010384713615568888,0.03361162324949239,0,2260,709098,medium_default,1000000.0,1000000.0,1.0,100,Isolated RL (non-federated)
Fin_fl_rl_1,pure_rl,fl_rl,2489622.2822690676,1000000.0,2489622.282269153,1489622.2822691528,0.0,0.0,6.0,0.0,947,947,60,0.06335797254487856,28360593.02766682,131267.80487025357,0.004628528209625128,0.13126780487025358,0,2258,709098,medium_default,1000000.0,1000000.0,1.0,100,FedAvg (federated)
Fin_fl_rl_2,pure_rl,fl_rl,2663775.3659942397,1000000.0,2663775.3659941345,1663775.3659941345,0.0,0.0,11.0,0.0,980,980,46,0.04693877551020408,29695850.15999059,92660.34661011636,0.003120312976759232,0.09266034661011636,0,2258,709098,medium_default,1000000.0,1000000.0,1.0,100,FedAvg (federated)
Fin_fl_rl_3,pure_rl,fl_rl,2942917.6125995396,1000000.0,2942917.612599536,1942917.6125995358,0.0,0.0,18.0,0.0,1108,1108,18,0.016245487364620937,32771350.262823537,37523.77105859855,0.001145017546047416,0.03752377105859855,0,2258,709098,medium_default,1000000.0,1000000.0,1.0,100,FedAvg (federated)
Fin_rl_1,pure_rl,rl,2055908.4046735647,1000000.0,2055908.4046736408,1055908.4046736408,0.0,0.0,6.0,0.0,845,845,83,0.09822485207100591,25456323.438967977,258760.8843262455,0.01016489615818363,0.2587608843262455,0,2264,709098,high_default,1000000.0,1000000.0,1.0,100,Isolated RL (non-federated)
Fin_rl_2,pure_rl,rl,2312530.8935228856,1000000.0,2312530.8935228265,1312530.8935228265,0.0,0.0,7.0,0.0,864,864,123,0.1423611111111111,27038879.052249476,305635.59737395076,0.011303560209849885,0.30563559737395074,0,2264,709098,high_default,1000000.0,1000000.0,1.0,100,Isolated RL (non-federated)
Fin_rl_3,pure_rl,rl,2663676.0302396985,1000000.0,2663676.0302397828,1663676.0302397828,0.0,0.0,7.0,0.0,1028,1028,34,0.033073929961089495,29858474.40989679,86907.37715996028,0.002910643590389007,0.08690737715996028,0,2264,709098,high_default,1000000.0,1000000.0,1.0,100,Isolated RL (non-federated)
Fin_fl_rl_1,pure_rl,fl_rl,2658850.4161444823,1000000.0,2658850.416144411,1658850.416144411,0.0,0.0,6.0,0.0,917,917,56,0.061068702290076333,29967920.181254625,163205.64706193737,0.00544601180445031,0.16320564706193738,0,2248,709098,high_default,1000000.0,1000000.0,1.0,100,FedAvg (federated)
Fin_fl_rl_2,pure_rl,fl_rl,2371312.213583068,1000000.0,2371312.2135831052,1371312.2135831052,0.0,0.0,7.0,0.0,891,891,97,0.10886644219977554,28396612.950292937,251294.27999921018,0.00884944554616743,0.25129427999921017,0,2248,709098,high_default,1000000.0,1000000.0,1.0,100,FedAvg (federated)
Fin_fl_rl_3,pure_rl,fl_rl,2337772.573996458,1000000.0,2337772.573996394,1337772.573996394,0.0,0.0,7.0,0.0,1017,1017,32,0.03146509341199607,28123214.42342027,73180.35111206974,0.0026021332416086506,0.07318035111206973,0,2248,709098,high_default,1000000.0,1000000.0,1.0,100,FedAvg (federated)
Fin_rl_1,pure_rl,rl,12242566.947824588,5000000.0,12242566.947824653,7242566.947824653,0.0,0.0,6.0,0.0,3981,3981,0,0.0,137885934.28353885,0,0.0,0.0,0,2261,709098,none_default,5000000.0,5000000.0,1.0,100,Isolated RL (non-federated)
Fin_rl_2,pure_rl,rl,11221884.896344852,5000000.0,11221884.896344876,6221884.896344876,0.0,0.0,9.0,0.0,3668,3668,0,0.0,127247179.8775512,0,0.0,0.0,0,2261,709098,none_default,5000000.0,5000000.0,1.0,100,Isolated RL (non-federated)
Fin_rl_3,pure_rl,rl,11470261.533491153,5000000.0,11470261.533490883,6470261.533490883,0.0,0.0,6.0,0.0,3870,3870,0,0.0,134317883.3736638,0,0.0,0.0,0,2261,709098,none_default,5000000.0,5000000.0,1.0,100,Isolated RL (non-federated)
Fin_fl_rl_1,pure_rl,fl_rl,11749039.188254988,5000000.0,11749039.188254554,6749039.188254554,0.0,0.0,6.0,0.0,4039,4039,0,0.0,139578605.71758908,0,0.0,0.0,0,2263,709098,none_default,5000000.0,5000000.0,1.0,100,FedAvg (federated)
Fin_fl_rl_2,pure_rl,fl_rl,11173022.81450763,5000000.0,11173022.814509306,6173022.814509306,0.0,0.0,9.0,0.0,3658,3658,0,0.0,127553815.18095756,0,0.0,0.0,0,2263,709098,none_default,5000000.0,5000000.0,1.0,100,FedAvg (federated)
Fin_fl_rl_3,pure_rl,fl_rl,11070776.890939394,5000000.0,11070776.890937138,6070776.890937138,0.0,0.0,6.0,0.0,3727,3727,0,0.0,130086934.73367108,0,0.0,0.0,0,2263,709098,none_default,5000000.0,5000000.0,1.0,100,FedAvg (federated)
Fin_rl_1,pure_rl,rl,11117909.611828823,5000000.0,11117909.61182743,6117909.611827429,0.0,0.0,8.0,0.0,3650,3650,57,0.015616438356164384,127184786.74329717,109230.5035046443,0.0008588330908248419,0.02184610070092886,0,2253,709098,low_default,5000000.0,5000000.0,1.0,100,Isolated RL (non-federated)
Fin_rl_2,pure_rl,rl,7212623.11998542,5000000.0,7212623.119987486,2212623.119987486,0.0,0.0,8.0,0.0,1679,1679,136,0.08100059559261465,58779883.56624085,257953.06451479564,0.004388458242250522,0.051590612902959125,0,2253,709098,low_default,5000000.0,5000000.0,1.0,100,Isolated RL (non-federated)
Fin_rl_3,pure_rl,rl,12834175.448428763,5000000.0,12834175.448427975,7834175.448427975,0.0,0.0,6.0,0.0,4192,4192,36,0.008587786259541985,144612466.89879164,74397.62125604539,0.0005144620159762107,0.014879524251209078,0,2253,709098,low_default,5000000.0,5000000.0,1.0,100,Isolated RL (non-federated)
Fin_fl_rl_1,pure_rl,fl_rl,9637658.617096849,5000000.0,9637658.617095977,4637658.617095977,0.0,0.0,8.0,0.0,2800,2800,68,0.024285714285714285,97928915.19001219,132401.97283064775,0.0013520212347267122,0.02648039456612955,0,2251,709098,low_default,5000000.0,5000000.0,1.0,100,FedAvg (federated)
Fin_fl_rl_2,pure_rl,fl_rl,8689661.62498407,5000000.0,8689661.624983236,3689661.624983236,0.0,0.0,14.0,0.0,2504,2504,166,0.06629392971246006,87223853.0509834,332222.39190794533,0.003808847927341129,0.06644447838158907,0,2251,709098,low_default,5000000.0,5000000.0,1.0,100,FedAvg (federated)
Fin_fl_rl_3,pure_rl,fl_rl,13404958.666041285,5000000.0,13404958.666042205,8404958.666042205,0.0,0.0,6.0,0.0,4071,4071,24,0.0058953574060427415,142096407.98412973,49118.926034335745,0.00034567324206971986,0.00982378520686715,0,2251,709098,low_default,5000000.0,5000000.0,1.0,100,FedAvg (federated)
Fin_rl_1,pure_rl,rl,7121953.9901978215,5000000.0,7121953.990198677,2121953.9901986774,0.0,0.0,14.0,0.0,1577,1577,213,0.13506658211794548,55918435.13142421,588789.2101907816,0.010529429316234613,0.11775784203815633,0,2279,709098,medium_default,5000000.0,5000000.0,1.0,100,Isolated RL (non-federated)
Fin_rl_2,pure_rl,rl,10257934.97066455,5000000.0,10257934.970664518,5257934.970664518,0.0,0.0,19.0,0.0,3473,3473,287,0.08263748920241866,120837879.34346065,688611.0371772674,0.00569863556790839,0.13772220743545346,0,2279,709098,medium_default,5000000.0,5000000.0,1.0,100,Isolated RL (non-federated)
Fin_rl_3,pure_rl,rl,12789266.53239993,5000000.0,12789266.5323975,7789266.532397499,0.0,0.0,18.0,0.0,4079,4079,51,0.0125030644765874,140547526.95374686,105600.89747210717,0.0007513536506897033,0.021120179494421434,0,2279,709098,medium_default,5000000.0,5000000.0,1.0,100,Isolated RL (non-federated)
Fin_fl_rl_1,pure_rl,fl_rl,9867043.174916584,5000000.0,9867043.174916737,4867043.174916737,0.0,0.0,7.0,0.0,2929,2929,146,0.049846363946739504,102119120.45494191,389739.6808779945,0.0038165201496223188,0.0779479361755989,0,2264,709098,medium_default,5000000.0,5000000.0,1.0,100,FedAvg (federated)
Fin_fl_rl_2,pure_rl,fl_rl,9063615.74245777,5000000.0,9063615.742458891,4063615.742458891,0.0,0.0,19.0,0.0,2512,2512,174,0.06926751592356688,87943053.60683468,394280.8866480068,0.004483365888233888,0.07885617732960136,0,2264,709098,medium_default,5000000.0,5000000.0,1.0,100,FedAvg (federated)
Fin_fl_rl_3,pure_rl,fl_rl,11030788.680428015,5000000.0,11030788.68042618,6030788.68042618,0.0,0.0,18.0,0.0,3215,3215,50,0.015552099533437015,109733424.60948876,101572.40885542663,0.0009256287153790657,0.020314481771085326,0,2264,709098,medium_default,5000000.0,5000000.0,1.0,100,FedAvg (federated)
Fin_rl_1,pure_rl,rl,8310333.880882512,5000000.0,8310333.880882441,3310333.880882441,0.0,0.0,7.0,0.0,2602,2602,257,0.09877017678708686,90372876.40056147,902459.5371236737,0.009985955665765076,0.18049190742473475,0,2263,709098,high_default,5000000.0,5000000.0,1.0,100,Isolated RL (non-federated)
Fin_rl_2,pure_rl,rl,8452318.916001389,5000000.0,8452318.916001307,3452318.916001307,0.0,0.0,25.0,0.0,2582,2582,267,0.10340821068938807,90194591.02423725,723551.3085954797,0.008022114190872552,0.14471026171909593,0,2263,709098,high_default,5000000.0,5000000.0,1.0,100,Isolated RL (non-federated)
Fin_rl_3,pure_rl,rl,9928179.634274822,5000000.0,9928179.634274285,4928179.634274285,0.0,0.0,11.0,0.0,2982,2982,133,0.04460093896713615,103653149.6309316,456578.73041637236,0.004404870783397041,0.09131574608327447,0,2263,709098,high_default,5000000.0,5000000.0,1.0,100,Isolated RL (non-federated)
Fin_fl_rl_1,pure_rl,fl_rl,7712692.499205747,5000000.0,7712692.499207205,2712692.499207205,0.0,0.0,7.0,0.0,2522,2522,274,0.10864393338620143,87288604.9216644,963545.4306419555,0.011038616455225423,0.1927090861283911,0,2261,709098,high_default,5000000.0,5000000.0,1.0,100,FedAvg (federated)
Fin_fl_rl_2,pure_rl,fl_rl,7477595.5110856015,5000000.0,7477595.511085144,2477595.5110851442,0.0,0.0,14.0,0.0,1817,1817,246,0.13538800220143093,63603081.6210755,617473.9053962895,0.009708238809480633,0.1234947810792579,0,2261,709098,high_default,5000000.0,5000000.0,1.0,100,FedAvg (federated)
Fin_fl_rl_3,pure_rl,fl_rl,10636354.278638542,5000000.0,10636354.278637772,5636354.278637772,0.0,0.0,11.0,0.0,3625,3625,124,0.03420689655172414,124816487.66970305,371572.1435766082,0.0029769476013448235,0.07431442871532164,0,2261,709098,high_default,5000000.0,5000000.0,1.0,100,FedAvg (federated)
Fin_rl_1,pure_rl,rl,15733217.904563813,10000000.0,15733217.904564807,5733217.904564807,0.0,0.0,8.0,0.0,4763,4763,0,0.0,165089145.81410542,0,0.0,0.0,0,2267,709098,none_default,10000000.0,10000000.0,1.0,100,Isolated RL (non-federated)
Fin_rl_2,pure_rl,rl,14542040.58001674,10000000.0,14542040.580015179,4542040.580015179,0.0,0.0,9.0,0.0,3485,3485,0,0.0,122782636.10749304,0,0.0,0.0,0,2267,709098,none_default,10000000.0,10000000.0,1.0,100,Isolated RL (non-federated)
Fin_rl_3,pure_rl,rl,16375242.880699627,10000000.0,16375242.880700003,6375242.880700003,0.0,0.0,6.0,0.0,5008,5008,0,0.0,176907212.96805575,0,0.0,0.0,0,2267,709098,none_default,10000000.0,10000000.0,1.0,100,Isolated RL (non-federated)
Fin_fl_rl_1,pure_rl,fl_rl,12439160.268212078,10000000.0,12439160.268209215,2439160.2682092153,0.0,0.0,10.0,0.0,2143,2143,0,0.0,75065888.07501422,0,0.0,0.0,0,2247,709098,none_default,10000000.0,10000000.0,1.0,100,FedAvg (federated)
Fin_fl_rl_2,pure_rl,fl_rl,17987993.247702707,10000000.0,17987993.247702323,7987993.247702323,0.0,0.0,9.0,0.0,5923,5923,0,0.0,208044409.94150043,0,0.0,0.0,0,2247,709098,none_default,10000000.0,10000000.0,1.0,100,FedAvg (federated)
Fin_fl_rl_3,pure_rl,fl_rl,16412479.00957551,10000000.0,16412479.009574998,6412479.009574998,0.0,0.0,6.0,0.0,5202,5202,0,0.0,182743624.75846106,0,0.0,0.0,0,2247,709098,none_default,10000000.0,10000000.0,1.0,100,FedAvg (federated)
Fin_rl_1,pure_rl,rl,15566881.578757655,10000000.0,15566881.578764083,5566881.578764083,0.0,0.0,12.0,0.0,3734,3734,78,0.02088912694161757,131226080.95572886,154524.50974488776,0.0011775441941074122,0.015452450974488776,0,2256,709098,low_default,10000000.0,10000000.0,1.0,100,Isolated RL (non-federated)
Fin_rl_2,pure_rl,rl,13210763.803382277,10000000.0,13210763.803383866,3210763.8033838663,0.0,0.0,14.0,0.0,2881,2881,610,0.2117320374869837,100497672.33345512,1153045.8202908386,0.011473358472074742,0.11530458202908386,0,2256,709098,low_default,10000000.0,10000000.0,1.0,100,Isolated RL (non-federated)
Fin_rl_3,pure_rl,rl,18459625.92088176,10000000.0,18459625.920885336,8459625.920885336,0.0,0.0,9.0,0.0,4963,4963,46,0.00926858754785412,173518616.02617395,89432.86818795305,0.0005154079155084017,0.008943286818795304,0,2256,709098,low_default,10000000.0,10000000.0,1.0,100,Isolated RL (non-federated)
Fin_fl_rl_1,pure_rl,fl_rl,14105227.731951775,10000000.0,14105227.731951812,4105227.7319518123,0.0,0.0,7.0,0.0,2811,2811,100,0.03557452863749555,98759580.81290835,196026.3483911579,0.001984884370484654,0.019602634839115788,0,2263,709098,low_default,10000000.0,10000000.0,1.0,100,FedAvg (federated)
Fin_fl_rl_2,pure_rl,fl_rl,14649631.046602078,10000000.0,14649631.04660117,4649631.046601171,0.0,0.0,10.0,0.0,3610,3610,341,0.09445983379501385,126431381.87769645,709430.5729607771,0.005611190532165864,0.07094305729607771,0,2263,709098,low_default,10000000.0,10000000.0,1.0,100,FedAvg (federated)
Fin_fl_rl_3,pure_rl,fl_rl,16668049.376001963,10000000.0,16668049.375999585,6668049.375999585,0.0,0.0,8.0,0.0,4071,4071,38,0.009334315892901008,142294851.04884836,72889.10450857894,0.0005122399297748086,0.0072889104508578936,0,2263,709098,low_default,10000000.0,10000000.0,1.0,100,FedAvg (federated)
Fin_rl_1,pure_rl,rl,13569676.928543705,10000000.0,13569676.928542463,3569676.928542463,0.0,0.0,17.0,0.0,2606,2606,232,0.08902532617037605,91866565.83403242,631731.1631801855,0.006876616726062025,0.06317311631801854,0,2260,709098,medium_default,10000000.0,10000000.0,1.0,100,Isolated RL (non-federated)
Fin_rl_2,pure_rl,rl,12094409.754951237,10000000.0,12094409.754951108,2094409.7549511082,0.0,0.0,8.0,0.0,2044,2044,461,0.22553816046966732,71818119.8745412,995674.1729039755,0.013863829555038686,0.09956741729039754,0,2260,709098,medium_default,10000000.0,10000000.0,1.0,100,Isolated RL (non-federated)
Fin_rl_3,pure_rl,rl,19905303.14803355,10000000.0,19905303.148034252,9905303.148034252,0.0,0.0,12.0,0.0,5258,5258,156,0.029669075694180296,184063585.84420636,386439.3063685186,0.002099488090466767,0.03864393063685186,0,2260,709098,medium_default,10000000.0,10000000.0,1.0,100,Isolated RL (non-federated)
Fin_fl_rl_1,pure_rl,fl_rl,13098008.265716944,10000000.0,13098008.265716195,3098008.265716195,0.0,0.0,30.0,0.0,2449,2449,217,0.08860759493670886,85853350.08007976,559046.564817891,0.006511645314905475,0.0559046564817891,0,2259,709098,medium_default,10000000.0,10000000.0,1.0,100,FedAvg (federated)
Fin_fl_rl_2,pure_rl,fl_rl,14807170.010727428,10000000.0,14807170.010727817,4807170.010727817,0.0,0.0,15.0,0.0,4014,4014,531,0.13228699551569506,140200600.61045456,1119472.3124324498,0.007984789705308668,0.11194723124324497,0,2259,709098,medium_default,10000000.0,10000000.0,1.0,100,FedAvg (federated)
Fin_fl_rl_3,pure_rl,fl_rl,16834479.844258063,10000000.0,16834479.844256576,6834479.844256576,0.0,0.0,12.0,0.0,3892,3892,113,0.029033915724563205,136083913.96995196,273922.2589231593,0.0020128922730988084,0.02739222589231593,0,2259,709098,medium_default,10000000.0,10000000.0,1.0,100,FedAvg (federated)
Fin_rl_1,pure_rl,rl,13519891.674345767,10000000.0,13519891.674347239,3519891.6743472386,0.0,0.0,12.0,0.0,3030,3030,407,0.13432343234323432,106005681.90249412,1318799.003897796,0.012440833172610978,0.1318799003897796,0,2267,709098,high_default,10000000.0,10000000.0,1.0,100,Isolated RL (non-federated)
Fin_rl_2,pure_rl,rl,11159467.938903082,10000000.0,11159467.93890128,1159467.9389012791,0.0,0.0,21.0,0.0,1575,1575,377,0.23936507936507936,55653218.53213856,940657.3324771295,0.016902119181731057,0.09406573324771296,0,2267,709098,high_default,10000000.0,10000000.0,1.0,100,Isolated RL (non-federated)
Fin_rl_3,pure_rl,rl,17120432.606712993,10000000.0,17120432.606712695,7120432.606712695,0.0,0.0,7.0,0.0,4457,4457,183,0.04105900830154813,156302519.1016713,583252.3119198954,0.0037315605357614405,0.058325231191989534,0,2267,709098,high_default,10000000.0,10000000.0,1.0,100,Isolated RL (non-federated)
Fin_fl_rl_1,pure_rl,fl_rl,13808013.682660222,10000000.0,13808013.682652807,3808013.682652807,0.0,0.0,12.0,0.0,3132,3132,369,0.11781609195402298,108190857.81519614,1265257.129075238,0.01169467693135828,0.1265257129075238,0,2260,709098,high_default,10000000.0,10000000.0,1.0,100,FedAvg (federated)
Fin_fl_rl_2,pure_rl,fl_rl,11131162.856444264,10000000.0,11131162.856442282,1131162.856442282,0.0,0.0,14.0,0.0,1499,1499,444,0.2961974649766511,52501005.40344386,1123949.5851550305,0.021408153549023347,0.11239495851550305,0,2260,709098,high_default,10000000.0,10000000.0,1.0,100,FedAvg (federated)
Fin_fl_rl_3,pure_rl,fl_rl,17669556.014589634,10000000.0,17669556.014588274,7669556.014588274,0.0,0.0,7.0,0.0,4478,4478,203,0.04533273782938812,156262566.9888518,589511.8469699844,0.003772572397406231,0.058951184696998435,0,2260,709098,high_default,10000000.0,10000000.0,1.0,100,FedAvg (federated)
Fin_rl_1,pure_rl,rl,3197426.93113888,1000000.0,3197426.9311390445,2197426.9311390445,0.0,0.0,6.0,0.0,1190,1190,0,0.0,35876452.333325796,0,0.0,0.0,0,2262,436570,none_default,1000000.0,1000000.0,1.0,100,Isolated RL (non-federated)
Fin_rl_2,pure_rl,rl,3136005.667870314,1000000.0,3136005.6678702794,2136005.6678702794,0.0,0.0,6.0,0.0,1175,1175,0,0.0,34929735.81845639,0,0.0,0.0,0,2262,436570,none_default,1000000.0,1000000.0,1.0,100,Isolated RL (non-federated)
Fin_rl_3,pure_rl,rl,2898771.7399287876,1000000.0,2898771.7399287773,1898771.7399287773,0.0,0.0,6.0,0.0,1124,1124,0,0.0,31932189.77878698,0,0.0,0.0,0,2262,436570,none_default,1000000.0,1000000.0,1.0,100,Isolated RL (non-federated)
Fin_fl_rl_1,pure_rl,fl_rl,2644601.5067341845,1000000.0,2644601.5067342427,1644601.5067342427,0.0,0.0,6.0,0.0,1124,1124,0,0.0,30707393.423228458,0,0.0,0.0,0,2264,436570,none_default,1000000.0,1000000.0,1.0,100,FedAvg (federated)
Fin_fl_rl_2,pure_rl,fl_rl,2895404.6464904826,1000000.0,2895404.6464905823,1895404.6464905823,0.0,0.0,6.0,0.0,1100,1100,0,0.0,32532100.29971436,0,0.0,0.0,0,2264,436570,none_default,1000000.0,1000000.0,1.0,100,FedAvg (federated)
Fin_fl_rl_3,pure_rl,fl_rl,2977474.3115693424,1000000.0,2977474.311569454,1977474.3115694541,0.0,0.0,6.0,0.0,1153,1153,0,0.0,33949791.29495779,0,0.0,0.0,0,2264,436570,none_default,1000000.0,1000000.0,1.0,100,FedAvg (federated)
Fin_rl_1,pure_rl,rl,2838041.797448748,1000000.0,2838041.7974487497,1838041.7974487497,0.0,0.0,6.0,0.0,990,990,74,0.07474747474747474,31554101.167224813,160268.21825542045,0.005079156506663253,0.16026821825542045,0,2253,436570,low_default,1000000.0,1000000.0,1.0,100,Isolated RL (non-federated)
Fin_rl_2,pure_rl,rl,2420921.2194931437,1000000.0,2420921.219493112,1420921.219493112,0.0,0.0,6.0,0.0,981,981,51,0.05198776758409786,28891434.52466635,86208.9668344619,0.0029838936090508116,0.0862089668344619,0,2253,436570,low_default,1000000.0,1000000.0,1.0,100,Isolated RL (non-federated)
Fin_rl_3,pure_rl,rl,2460323.6194779524,1000000.0,2460323.619477985,1460323.619477985,0.0,0.0,6.0,0.0,1083,1083,17,0.01569713758079409,30683602.449008007,30395.16894454828,0.0009905997509601727,0.03039516894454828,0,2253,436570,low_default,1000000.0,1000000.0,1.0,100,Isolated RL (non-federated)
Fin_fl_rl_1,pure_rl,fl_rl,2926713.4626661753,1000000.0,2926713.4626661115,1926713.4626661115,0.0,0.0,6.0,0.0,1040,1040,23,0.022115384615384617,33479813.371874068,47043.99125586783,0.001405144967008354,0.047043991255867834,0,2254,436570,low_default,1000000.0,1000000.0,1.0,100,FedAvg (federated)
Fin_fl_rl_2,pure_rl,fl_rl,2594205.1171433725,1000000.0,2594205.117143327,1594205.117143327,0.0,0.0,6.0,0.0,1033,1033,32,0.030977734753146177,30437160.32228643,56372.32339026058,0.0018520887886175153,0.056372323390260576,0,2254,436570,low_default,1000000.0,1000000.0,1.0,100,FedAvg (federated)
Fin_fl_rl_3,pure_rl,fl_rl,2968910.9640480326,1000000.0,2968910.9640479013,1968910.9640479013,0.0,0.0,6.0,0.0,1145,1145,10,0.008733624454148471,33161169.30137039,16610.768789631238,0.0005009102254106822,0.016610768789631237,0,2254,436570,low_default,1000000.0,1000000.0,1.0,100,FedAvg (federated)
Fin_rl_1,pure_rl,rl,2472321.2911718637,1000000.0,2472321.291171847,1472321.291171847,0.0,0.0,6.0,0.0,914,914,66,0.07221006564551423,28040111.66183639,137538.2898355304,0.004905054997435156,0.1375382898355304,0,2273,436570,medium_default,1000000.0,1000000.0,1.0,100,Isolated RL (non-federated)
Fin_rl_2,pure_rl,rl,1989100.1142825538,1000000.0,1989100.1142824807,989100.1142824807,0.0,0.0,7.0,0.0,803,803,101,0.12577833125778332,24926543.763816327,237146.7185885466,0.009513822727914314,0.23714671858854658,0,2273,436570,medium_default,1000000.0,1000000.0,1.0,100,Isolated RL (non-federated)
Fin_rl_3,pure_rl,rl,2577038.5356262233,1000000.0,2577038.5356262894,1577038.5356262894,0.0,0.0,6.0,0.0,1097,1097,16,0.014585232452142206,30643837.73049933,31404.79163537623,0.0010248321999212107,0.03140479163537623,0,2273,436570,medium_default,1000000.0,1000000.0,1.0,100,Isolated RL (non-federated)
Fin_fl_rl_1,pure_rl,fl_rl,2676846.526646919,1000000.0,2676846.526647011,1676846.5266470108,0.0,0.0,6.0,0.0,970,970,56,0.0577319587628866,29957310.875352085,128458.03032412444,0.004288036094381742,0.12845803032412445,0,2266,436570,medium_default,1000000.0,1000000.0,1.0,100,FedAvg (federated)
Fin_fl_rl_2,pure_rl,fl_rl,2842659.8111553444,1000000.0,2842659.8111552703,1842659.8111552703,0.0,0.0,7.0,0.0,1023,1023,56,0.05474095796676442,31868591.239297785,118055.77294156187,0.0037044553383327778,0.11805577294156187,0,2266,436570,medium_default,1000000.0,1000000.0,1.0,100,FedAvg (federated)
Fin_fl_rl_3,pure_rl,fl_rl,3089491.196499319,1000000.0,3089491.1964995274,2089491.1964995274,0.0,0.0,6.0,0.0,1175,1175,26,0.022127659574468085,34975676.27582076,54943.27502779735,0.001570899575879838,0.05494327502779735,0,2266,436570,medium_default,1000000.0,1000000.0,1.0,100,FedAvg (federated)
Fin_rl_1,pure_rl,rl,2655956.632460889,1000000.0,2655956.6324609034,1655956.6324609034,0.0,0.0,7.0,0.0,920,920,47,0.051086956521739134,28990837.67166111,124740.81094890268,0.0043027667003509296,0.12474081094890269,0,2264,436570,high_default,1000000.0,1000000.0,1.0,100,Isolated RL (non-federated)
Fin_rl_2,pure_rl,rl,2056127.078620717,1000000.0,2056127.078620751,1056127.078620751,0.0,0.0,7.0,0.0,845,845,105,0.1242603550295858,25619021.61252644,249768.64341494103,0.00974934356169232,0.24976864341494104,0,2264,436570,high_default,1000000.0,1000000.0,1.0,100,Isolated RL (non-federated)
Fin_rl_3,pure_rl,rl,2772105.9808740043,1000000.0,2772105.9808739168,1772105.9808739168,0.0,0.0,6.0,0.0,1045,1045,27,0.02583732057416268,30894221.81727747,74751.40490610199,0.0024195917718276227,0.07475140490610199,0,2264,436570,high_default,1000000.0,1000000.0,1.0,100,Isolated RL (non-federated)
Fin_fl_rl_1,pure_rl,fl_rl,2605851.4678244507,1000000.0,2605851.4678245573,1605851.4678245573,0.0,0.0,7.0,0.0,918,918,64,0.06971677559912855,29396803.70033813,190817.7733012318,0.006491106150395424,0.19081777330123179,0,2265,436570,high_default,1000000.0,1000000.0,1.0,100,FedAvg (federated)
Fin_fl_rl_2,pure_rl,fl_rl,2153496.9402838135,1000000.0,2153496.940283759,1153496.940283759,0.0,0.0,7.0,0.0,855,855,106,0.1239766081871345,25298028.466613613,236640.52151531313,0.009354109227429047,0.23664052151531312,0,2265,436570,high_default,1000000.0,1000000.0,1.0,100,FedAvg (federated)
Fin_fl_rl_3,pure_rl,fl_rl,2991238.8654038543,1000000.0,2991238.865403896,1991238.8654038962,0.0,0.0,6.0,0.0,1083,1083,27,0.024930747922437674,33273654.306904558,70932.53843974438,0.0021317928528525134,0.07093253843974438,0,2265,436570,high_default,1000000.0,1000000.0,1.0,100,FedAvg (federated)
Fin_rl_1,pure_rl,rl,11400472.398316314,5000000.0,11400472.39831672,6400472.3983167205,0.0,0.0,6.0,0.0,4027,4027,0,0.0,137546078.6770749,0,0.0,0.0,0,2247,436570,none_default,5000000.0,5000000.0,1.0,100,Isolated RL (non-federated)
Fin_rl_2,pure_rl,rl,10828793.351646502,5000000.0,10828793.35164558,5828793.35164558,0.0,0.0,6.0,0.0,3833,3833,0,0.0,131714571.43637067,0,0.0,0.0,0,2247,436570,none_default,5000000.0,5000000.0,1.0,100,Isolated RL (non-federated)
Fin_rl_3,pure_rl,rl,10395342.048592355,5000000.0,10395342.048593026,5395342.048593026,0.0,0.0,6.0,0.0,3246,3246,0,0.0,114282981.22207165,0,0.0,0.0,0,2247,436570,none_default,5000000.0,5000000.0,1.0,100,Isolated RL (non-federated)
Fin_fl_rl_1,pure_rl,fl_rl,11034563.167798294,5000000.0,11034563.16779825,6034563.167798251,0.0,0.0,25.0,0.0,3679,3679,0,0.0,127434694.44857049,0,0.0,0.0,0,2261,436570,none_default,5000000.0,5000000.0,1.0,100,FedAvg (federated)
Fin_fl_rl_2,pure_rl,fl_rl,10298223.12178871,5000000.0,10298223.121789128,5298223.121789128,0.0,0.0,6.0,0.0,3641,3641,0,0.0,123678719.69625156,0,0.0,0.0,0,2261,436570,none_default,5000000.0,5000000.0,1.0,100,FedAvg (federated)
Fin_fl_rl_3,pure_rl,fl_rl,10756309.271764763,5000000.0,10756309.271764997,5756309.271764997,0.0,0.0,6.0,0.0,3456,3456,0,0.0,120728646.97741085,0,0.0,0.0,0,2261,436570,none_default,5000000.0,5000000.0,1.0,100,FedAvg (federated)
Fin_rl_1,pure_rl,rl,7804152.6506874105,5000000.0,7804152.650686732,2804152.6506867316,0.0,0.0,12.0,0.0,1740,1740,78,0.04482758620689655,61156252.59715269,165832.39015391067,0.0027116179149543167,0.03316647803078213,0,2256,436570,low_default,5000000.0,5000000.0,1.0,100,Isolated RL (non-federated)
Fin_rl_2,pure_rl,rl,11799399.885574443,5000000.0,11799399.885573702,6799399.885573702,0.0,0.0,7.0,0.0,3618,3618,90,0.024875621890547265,125597928.82739519,169535.1181592231,0.0013498241550798918,0.03390702363184462,0,2256,436570,low_default,5000000.0,5000000.0,1.0,100,Isolated RL (non-federated)
Fin_rl_3,pure_rl,rl,11531173.847186482,5000000.0,11531173.847185478,6531173.847185478,0.0,0.0,6.0,0.0,3600,3600,30,0.008333333333333333,124452852.3299287,58411.17329622384,0.0004693437892558208,0.011682234659244768,0,2256,436570,low_default,5000000.0,5000000.0,1.0,100,Isolated RL (non-federated)
Fin_fl_rl_1,pure_rl,fl_rl,8766471.738882795,5000000.0,8766471.73888432,3766471.7388843205,0.0,0.0,6.0,0.0,2063,2063,89,0.043141056713523994,72334522.14118707,201049.7970538899,0.0027794446013131636,0.04020995941077798,0,2251,436570,low_default,5000000.0,5000000.0,1.0,100,FedAvg (federated)
Fin_fl_rl_2,pure_rl,fl_rl,9884583.159664692,5000000.0,9884583.159664264,4884583.159664264,0.0,0.0,7.0,0.0,2452,2452,118,0.04812398042414356,86503038.68541338,234985.4655805261,0.002716499549051687,0.04699709311610522,0,2251,436570,low_default,5000000.0,5000000.0,1.0,100,FedAvg (federated)
Fin_fl_rl_3,pure_rl,fl_rl,12810349.341003584,5000000.0,12810349.341003122,7810349.341003122,0.0,0.0,6.0,0.0,3930,3930,64,0.01628498727735369,134498982.23731944,130280.84959386906,0.0009686381816926495,0.02605616991877381,0,2251,436570,low_default,5000000.0,5000000.0,1.0,100,FedAvg (federated)
Fin_rl_1,pure_rl,rl,8386223.05031815,5000000.0,8386223.050319875,3386223.0503198747,0.0,0.0,9.0,0.0,2563,2563,155,0.060476004682013265,88231045.07201037,436060.01206916716,0.004942251468440319,0.08721200241383344,0,2270,436570,medium_default,5000000.0,5000000.0,1.0,100,Isolated RL (non-federated)
Fin_rl_2,pure_rl,rl,9272518.016655328,5000000.0,9272518.01665574,4272518.016655739,0.0,0.0,17.0,0.0,2901,2901,267,0.09203722854188211,101056716.15481657,570928.5054373523,0.0056495849772389495,0.11418570108747048,0,2270,436570,medium_default,5000000.0,5000000.0,1.0,100,Isolated RL (non-federated)
Fin_rl_3,pure_rl,rl,12213145.334185222,5000000.0,12213145.334185503,7213145.334185503,0.0,0.0,6.0,0.0,3959,3959,52,0.013134629957059864,136931294.73238516,139611.99795122043,0.0010195769946094088,0.027922399590244087,0,2270,436570,medium_default,5000000.0,5000000.0,1.0,100,Isolated RL (non-federated)
Fin_fl_rl_1,pure_rl,fl_rl,9134776.156596912,5000000.0,9134776.15659476,4134776.1565947607,0.0,0.0,7.0,0.0,2795,2795,138,0.04937388193202147,98277031.45891751,415060.4499643004,0.004223371868306859,0.08301208999286007,0,2258,436570,medium_default,5000000.0,5000000.0,1.0,100,FedAvg (federated)
Fin_fl_rl_2,pure_rl,fl_rl,9159590.721517049,5000000.0,9159590.721516132,4159590.7215161324,0.0,0.0,17.0,0.0,2982,2982,233,0.07813547954393024,103385275.2371143,508158.4900319276,0.004915192118669368,0.10163169800638552,0,2258,436570,medium_default,5000000.0,5000000.0,1.0,100,FedAvg (federated)
Fin_fl_rl_3,pure_rl,fl_rl,11198247.777615761,5000000.0,11198247.777615944,6198247.777615944,0.0,0.0,6.0,0.0,3642,3642,39,0.01070840197693575,126423697.12981537,99846.28942811387,0.0007897751109555744,0.019969257885622774,0,2258,436570,medium_default,5000000.0,5000000.0,1.0,100,FedAvg (federated)
Fin_rl_1,pure_rl,rl,8355594.431887627,5000000.0,8355594.431888199,3355594.4318881994,0.0,0.0,14.0,0.0,2866,2866,379,0.1322400558269365,98173260.46321562,1227305.8478791798,0.012501426988248363,0.24546116957583594,0,2271,436570,high_default,5000000.0,5000000.0,1.0,100,Isolated RL (non-federated)
Fin_rl_2,pure_rl,rl,7926315.332338059,5000000.0,7926315.332336166,2926315.332336166,0.0,0.0,18.0,0.0,2159,2159,263,0.12181565539601667,75730226.18021636,758597.879675298,0.01001710833228005,0.1517195759350596,0,2271,436570,high_default,5000000.0,5000000.0,1.0,100,Isolated RL (non-federated)
Fin_rl_3,pure_rl,rl,9641483.805115998,5000000.0,9641483.805117339,4641483.805117339,0.0,0.0,7.0,0.0,2912,2912,157,0.05391483516483517,100484599.2519309,480447.7138301659,0.00478130696053837,0.09608954276603318,0,2271,436570,high_default,5000000.0,5000000.0,1.0,100,Isolated RL (non-federated)
Fin_fl_rl_1,pure_rl,fl_rl,7998657.855806276,5000000.0,7998657.855806294,2998657.855806294,0.0,0.0,14.0,0.0,2491,2491,307,0.123243677238057,85764049.11620116,1044429.3183815486,0.012177938531871997,0.20888586367630974,0,2261,436570,high_default,5000000.0,5000000.0,1.0,100,FedAvg (federated)
Fin_fl_rl_2,pure_rl,fl_rl,8278462.640060121,5000000.0,8278462.64006001,3278462.6400600104,0.0,0.0,7.0,0.0,2425,2425,276,0.11381443298969073,84711706.56237695,733552.5590268511,0.008659400085237383,0.14671051180537023,0,2261,436570,high_default,5000000.0,5000000.0,1.0,100,FedAvg (federated)
Fin_fl_rl_3,pure_rl,fl_rl,9892971.17822756,5000000.0,9892971.178226987,4892971.178226987,0.0,0.0,7.0,0.0,3019,3019,121,0.040079496522027164,104606205.8955971,373380.2110978652,0.0035693887174391902,0.07467604221957304,0,2261,436570,high_default,5000000.0,5000000.0,1.0,100,FedAvg (federated)
Fin_rl_1,pure_rl,rl,16660132.354365025,10000000.0,16660132.35436681,6660132.354366809,0.0,0.0,6.0,0.0,5302,5302,0,0.0,184608172.2058342,0,0.0,0.0,0,2260,436570,none_default,10000000.0,10000000.0,1.0,100,Isolated RL (non-federated)
Fin_rl_2,pure_rl,rl,13232824.657507999,10000000.0,13232824.657505034,3232824.6575050335,0.0,0.0,7.0,0.0,2590,2590,0,0.0,91349533.49675576,0,0.0,0.0,0,2260,436570,none_default,10000000.0,10000000.0,1.0,100,Isolated RL (non-federated)
Fin_rl_3,pure_rl,rl,17373913.363774665,10000000.0,17373913.36377546,7373913.363775458,0.0,0.0,8.0,0.0,5371,5371,0,0.0,188364736.16303536,0,0.0,0.0,0,2260,436570,none_default,10000000.0,10000000.0,1.0,100,Isolated RL (non-federated)
Fin_fl_rl_1,pure_rl,fl_rl,16133986.605314353,10000000.0,16133986.605317166,6133986.605317166,0.0,0.0,6.0,0.0,5040,5040,0,0.0,175037659.75805473,0,0.0,0.0,0,2264,436570,none_default,10000000.0,10000000.0,1.0,100,FedAvg (federated)
Fin_fl_rl_2,pure_rl,fl_rl,16891841.715290945,10000000.0,16891841.71529255,6891841.715292551,0.0,0.0,6.0,0.0,5325,5325,0,0.0,185777446.02427334,0,0.0,0.0,0,2264,436570,none_default,10000000.0,10000000.0,1.0,100,FedAvg (federated)
Fin_fl_rl_3,pure_rl,fl_rl,13310348.592632415,10000000.0,13310348.592632864,3310348.5926328637,0.0,0.0,6.0,0.0,2916,2916,0,0.0,102740737.49822392,0,0.0,0.0,0,2264,436570,none_default,10000000.0,10000000.0,1.0,100,FedAvg (federated)
Fin_rl_1,pure_rl,rl,13535619.361593267,10000000.0,13535619.361594046,3535619.3615940455,0.0,0.0,9.0,0.0,2793,2793,119,0.042606516290726815,97737257.94756705,269498.958609638,0.002757382028808458,0.0269498958609638,0,2260,436570,low_default,10000000.0,10000000.0,1.0,100,Isolated RL (non-federated)
Fin_rl_2,pure_rl,rl,14941577.018526144,10000000.0,14941577.018528968,4941577.018528968,0.0,0.0,7.0,0.0,3981,3981,464,0.11655362974127104,138803857.87802386,983987.6355400005,0.0070890510579662384,0.09839876355400005,0,2260,436570,low_default,10000000.0,10000000.0,1.0,100,Isolated RL (non-federated)
Fin_rl_3,pure_rl,rl,17401191.74998287,10000000.0,17401191.749978233,7401191.749978233,0.0,0.0,15.0,0.0,4401,4401,44,0.009997727789138832,153154963.1235726,73930.01105641252,0.0004827137792247864,0.007393001105641252,0,2260,436570,low_default,10000000.0,10000000.0,1.0,100,Isolated RL (non-federated)
Fin_fl_rl_1,pure_rl,fl_rl,16247088.132874487,10000000.0,16247088.132875087,6247088.132875087,0.0,0.0,9.0,0.0,3474,3474,83,0.023891767415083476,122067840.09354195,172334.71808065876,0.001411794604939325,0.017233471808065875,0,2264,436570,low_default,10000000.0,10000000.0,1.0,100,FedAvg (federated)
Fin_fl_rl_2,pure_rl,fl_rl,16340573.721466564,10000000.0,16340573.721472515,6340573.721472515,0.0,0.0,10.0,0.0,3602,3602,215,0.05968906163242643,125538719.81438886,440675.0451338124,0.003510271936700948,0.04406750451338124,0,2264,436570,low_default,10000000.0,10000000.0,1.0,100,FedAvg (federated)
Fin_fl_rl_3,pure_rl,fl_rl,16047951.394524675,10000000.0,16047951.3945238,6047951.394523799,0.0,0.0,10.0,0.0,3428,3428,63,0.01837806301050175,118857637.21007158,118081.8049590803,0.000993472592344907,0.01180818049590803,0,2264,436570,low_default,10000000.0,10000000.0,1.0,100,FedAvg (federated)
Fin_rl_1,pure_rl,rl,12866594.31591243,10000000.0,12866594.315915078,2866594.315915078,0.0,0.0,11.0,0.0,2327,2327,399,0.17146540610227762,80934951.26424046,905545.9886304886,0.011188565316781585,0.09055459886304887,0,2258,436570,medium_default,10000000.0,10000000.0,1.0,100,Isolated RL (non-federated)
Fin_rl_2,pure_rl,rl,14931048.420482017,10000000.0,14931048.420483429,4931048.420483429,0.0,0.0,10.0,0.0,3473,3473,318,0.09156348977828967,121259879.98272863,683968.022424918,0.005640513766979956,0.0683968022424918,0,2258,436570,medium_default,10000000.0,10000000.0,1.0,100,Isolated RL (non-federated)
Fin_rl_3,pure_rl,rl,17107963.4738547,10000000.0,17107963.473850805,7107963.473850805,0.0,0.0,18.0,0.0,4504,4504,95,0.02109236234458259,157037614.28194806,234995.72037509546,0.001496429511169089,0.023499572037509547,0,2258,436570,medium_default,10000000.0,10000000.0,1.0,100,Isolated RL (non-federated)
Fin_fl_rl_1,pure_rl,fl_rl,14237262.504461218,10000000.0,14237262.504458517,4237262.504458517,0.0,0.0,9.0,0.0,2687,2687,192,0.07145515444733903,93942721.01593275,562682.2856831127,0.005989631549927975,0.05626822856831127,0,2263,436570,medium_default,10000000.0,10000000.0,1.0,100,FedAvg (federated)
Fin_fl_rl_2,pure_rl,fl_rl,12355998.93024549,10000000.0,12355998.930242464,2355998.930242464,0.0,0.0,9.0,0.0,1794,1794,301,0.1677814938684504,62504528.82585259,675214.0239323892,0.010802641610396605,0.06752140239323892,0,2263,436570,medium_default,10000000.0,10000000.0,1.0,100,FedAvg (federated)
Fin_fl_rl_3,pure_rl,fl_rl,19963534.29566109,10000000.0,19963534.295659523,9963534.295659523,0.0,0.0,7.0,0.0,5473,5473,123,0.02247396309154029,190219919.38042805,280945.8107800166,0.0014769526330107542,0.028094581078001658,0,2263,436570,medium_default,10000000.0,10000000.0,1.0,100,FedAvg (federated)
Fin_rl_1,pure_rl,rl,12905067.935034886,10000000.0,12905067.93503627,2905067.93503627,0.0,0.0,14.0,0.0,2886,2886,567,0.19646569646569648,100661441.88495044,1668674.7716965277,0.01657709983534426,0.16686747716965278,0,2261,436570,high_default,10000000.0,10000000.0,1.0,100,Isolated RL (non-federated)
Fin_rl_2,pure_rl,rl,13451348.565942945,10000000.0,13451348.565944256,3451348.5659442563,0.0,0.0,12.0,0.0,3393,3393,607,0.17889773062186856,118761028.53055052,1548873.97250707,0.013041938013433691,0.154887397250707,0,2261,436570,high_default,10000000.0,10000000.0,1.0,100,Isolated RL (non-federated)
Fin_rl_3,pure_rl,rl,14938980.250223283,10000000.0,14938980.250222363,4938980.250222363,0.0,0.0,14.0,0.0,3266,3266,172,0.052663808940600125,113929053.47881132,521782.7922851895,0.004579892278155645,0.05217827922851895,0,2261,436570,high_default,10000000.0,10000000.0,1.0,100,Isolated RL (non-federated)
Fin_fl_rl_1,pure_rl,fl_rl,11831388.127343338,10000000.0,11831388.1273399,1831388.1273398995,0.0,0.0,23.0,0.0,1902,1902,346,0.1819137749737119,66641899.98743596,1152911.9200664838,0.017300105793559954,0.11529119200664838,0,2260,436570,high_default,10000000.0,10000000.0,1.0,100,FedAvg (federated)
Fin_fl_rl_2,pure_rl,fl_rl,13402227.386000503,10000000.0,13402227.386000339,3402227.386000339,0.0,0.0,6.0,0.0,3068,3068,494,0.16101694915254236,107453333.07104135,1389561.0360340169,0.01293176299254791,0.1389561036034017,0,2260,436570,high_default,10000000.0,10000000.0,1.0,100,FedAvg (federated)
Fin_fl_rl_3,pure_rl,fl_rl,16243808.053550037,10000000.0,16243808.05354743,6243808.053547431,0.0,0.0,10.0,0.0,3693,3693,154,0.04170051448686705,129581961.4060654,457483.838983519,0.003530459286303914,0.0457483838983519,0,2260,436570,high_default,10000000.0,10000000.0,1.0,100,FedAvg (federated)
Fin_rl_1,pure_rl,rl,2402849.6793160914,1000000.0,2402849.6793160993,1402849.6793160993,0.0,0.0,6.0,0.0,1085,1085,0,0.0,29258510.680717234,0,0.0,0.0,0,2265,831197,none_default,1000000.0,1000000.0,1.0,100,Isolated RL (non-federated)
Fin_rl_2,pure_rl,rl,2798869.9448291366,1000000.0,2798869.94482915,1798869.94482915,0.0,0.0,9.0,0.0,1094,1094,0,0.0,31174528.38075768,0,0.0,0.0,0,2265,831197,none_default,1000000.0,1000000.0,1.0,100,Isolated RL (non-federated)
Fin_rl_3,pure_rl,rl,2556118.5311502707,1000000.0,2556118.5311503382,1556118.5311503382,0.0,0.0,6.0,0.0,1074,1074,0,0.0,30855797.36847568,0,0.0,0.0,0,2265,831197,none_default,1000000.0,1000000.0,1.0,100,Isolated RL (non-federated)
Fin_fl_rl_1,pure_rl,fl_rl,3255269.681087644,1000000.0,3255269.6810876685,2255269.6810876685,0.0,0.0,6.0,0.0,1172,1172,0,0.0,35849717.88278151,0,0.0,0.0,0,2236,831197,none_default,1000000.0,1000000.0,1.0,100,FedAvg (federated)
Fin_fl_rl_2,pure_rl,fl_rl,2699251.2046103734,1000000.0,2699251.20461037,1699251.20461037,0.0,0.0,9.0,0.0,1116,1116,0,0.0,30273900.00323308,0,0.0,0.0,0,2236,831197,none_default,1000000.0,1000000.0,1.0,100,FedAvg (federated)
Fin_fl_rl_3,pure_rl,fl_rl,2879625.0626466507,1000000.0,2879625.0626464617,1879625.0626464617,0.0,0.0,6.0,0.0,1144,1144,0,0.0,32570284.410344478,0,0.0,0.0,0,2236,831197,none_default,1000000.0,1000000.0,1.0,100,FedAvg (federated)
Fin_rl_1,pure_rl,rl,2761163.2332725516,1000000.0,2761163.233272481,1761163.2332724808,0.0,0.0,6.0,0.0,997,997,23,0.023069207622868605,30711848.54078673,33608.640258183004,0.0010943216333445121,0.033608640258183005,0,2246,831197,low_default,1000000.0,1000000.0,1.0,100,Isolated RL (non-federated)
Fin_rl_2,pure_rl,rl,2626368.0366784795,1000000.0,2626368.036678451,1626368.036678451,0.0,0.0,6.0,0.0,987,987,35,0.03546099290780142,30021996.96888668,53980.45115289749,0.0017980299980990663,0.05398045115289749,0,2246,831197,low_default,1000000.0,1000000.0,1.0,100,Isolated RL (non-federated)
Fin_rl_3,pure_rl,rl,2613976.226467247,1000000.0,2613976.2264672946,1613976.2264672946,0.0,0.0,6.0,0.0,1093,1093,27,0.024702653247941447,30209688.408803176,46275.27319445728,0.0015318023995564468,0.04627527319445728,0,2246,831197,low_default,1000000.0,1000000.0,1.0,100,Isolated RL (non-federated)
Fin_fl_rl_1,pure_rl,fl_rl,2285052.9880347787,1000000.0,2285052.988034852,1285052.9880348518,0.0,0.0,6.0,0.0,944,944,56,0.059322033898305086,28163717.88719226,103967.87053684446,0.00369155347150118,0.10396787053684446,0,2242,831197,low_default,1000000.0,1000000.0,1.0,100,FedAvg (federated)
Fin_fl_rl_2,pure_rl,fl_rl,2088806.9608651195,1000000.0,2088806.960865038,1088806.960865038,0.0,0.0,6.0,0.0,917,917,90,0.09814612868047982,26250720.13020911,145919.63200058922,0.00555869062931596,0.14591963200058922,0,2242,831197,low_default,1000000.0,1000000.0,1.0,100,FedAvg (federated)
Fin_fl_rl_3,pure_rl,fl_rl,2716411.5165469004,1000000.0,2716411.516546916,1716411.5165469162,0.0,0.0,6.0,0.0,1094,1094,13,0.011882998171846435,31367798.16222215,20607.128570470075,0.0006569517077321767,0.020607128570470076,0,2242,831197,low_default,1000000.0,1000000.0,1.0,100,FedAvg (federated)
Fin_rl_1,pure_rl,rl,2151895.9687034586,1000000.0,2151895.9687035102,1151895.9687035102,0.0,0.0,6.0,0.0,888,888,61,0.0686936936936937,26362545.852663167,125087.06551834363,0.004744878063652841,0.12508706551834364,0,2244,831197,medium_default,1000000.0,1000000.0,1.0,100,Isolated RL (non-federated)
Fin_rl_2,pure_rl,rl,2022375.5019342934,1000000.0,2022375.5019343237,1022375.5019343237,0.0,0.0,7.0,0.0,680,680,111,0.16323529411764706,21843536.403442737,217897.75457433215,0.009975388167457607,0.21789775457433216,0,2244,831197,medium_default,1000000.0,1000000.0,1.0,100,Isolated RL (non-federated)
Fin_rl_3,pure_rl,rl,2316548.3205339364,1000000.0,2316548.320533998,1316548.3205339978,0.0,0.0,6.0,0.0,1042,1042,17,0.016314779270633396,28852895.91132005,34497.84684179978,0.0011956459049320249,0.03449784684179978,0,2244,831197,medium_default,1000000.0,1000000.0,1.0,100,Isolated RL (non-federated)
Fin_fl_rl_1,pure_rl,fl_rl,2955052.6911713025,1000000.0,2955052.691171255,1955052.691171255,0.0,0.0,6.0,0.0,995,995,38,0.03819095477386935,32368082.017481033,96269.84733514664,0.0029742215582361097,0.09626984733514664,0,2249,831197,medium_default,1000000.0,1000000.0,1.0,100,FedAvg (federated)
Fin_fl_rl_2,pure_rl,fl_rl,2405789.2237697057,1000000.0,2405789.2237697174,1405789.2237697174,0.0,0.0,7.0,0.0,945,945,66,0.06984126984126984,27914474.357453626,116998.56121041128,0.004191322383943466,0.11699856121041129,0,2249,831197,medium_default,1000000.0,1000000.0,1.0,100,FedAvg (federated)
Fin_fl_rl_3,pure_rl,fl_rl,2811022.0298831835,1000000.0,2811022.0298833502,1811022.0298833502,0.0,0.0,6.0,0.0,1112,1112,22,0.019784172661870502,31991684.811297778,39776.02299935758,0.001243323795979347,0.03977602299935758,0,2249,831197,medium_default,1000000.0,1000000.0,1.0,100,FedAvg (federated)
Fin_rl_1,pure_rl,rl,1876069.8408383913,1000000.0,1876069.840838456,876069.8408384561,0.0,0.0,7.0,0.0,693,693,97,0.13997113997113997,21802637.178358782,290371.609236088,0.013318187467904561,0.290371609236088,0,2241,831197,high_default,1000000.0,1000000.0,1.0,100,Isolated RL (non-federated)
Fin_rl_2,pure_rl,rl,2414191.593204108,1000000.0,2414191.5932041365,1414191.5932041365,0.0,0.0,7.0,0.0,868,868,75,0.08640552995391705,27718612.366871152,187472.47687689675,0.006763414935625021,0.18747247687689675,0,2241,831197,high_default,1000000.0,1000000.0,1.0,100,Isolated RL (non-federated)
Fin_rl_3,pure_rl,rl,2396038.279228765,1000000.0,2396038.279228917,1396038.2792289169,0.0,0.0,6.0,0.0,1034,1034,37,0.035783365570599614,29036158.619430915,82327.96343256877,0.002835360025119684,0.08232796343256876,0,2241,831197,high_default,1000000.0,1000000.0,1.0,100,Isolated RL (non-federated)
Fin_fl_rl_1,pure_rl,fl_rl,2396210.6480445,1000000.0,2396210.648044451,1396210.6480444511,0.0,0.0,7.0,0.0,842,842,87,0.10332541567695962,27435702.08981005,274600.95669214055,0.010008891181032712,0.2746009566921406,0,2274,831197,high_default,1000000.0,1000000.0,1.0,100,FedAvg (federated)
Fin_fl_rl_2,pure_rl,fl_rl,2609418.176938909,1000000.0,2609418.176938912,1609418.176938912,0.0,0.0,7.0,0.0,908,908,80,0.0881057268722467,29570724.26446754,185468.0185945908,0.0062720147445779985,0.1854680185945908,0,2274,831197,high_default,1000000.0,1000000.0,1.0,100,FedAvg (federated)
Fin_fl_rl_3,pure_rl,fl_rl,2369772.3241495825,1000000.0,2369772.3241496473,1369772.3241496473,0.0,0.0,6.0,0.0,1006,1006,36,0.03578528827037773,27899443.030493192,87454.35629399607,0.003134627318488447,0.08745435629399607,0,2274,831197,high_default,1000000.0,1000000.0,1.0,100,FedAvg (federated)
Fin_rl_1,pure_rl,rl,11729452.577445518,5000000.0,11729452.577445384,6729452.577445384,0.0,0.0,6.0,0.0,4074,4074,0,0.0,139063909.2833423,0,0.0,0.0,0,2262,831197,none_default,5000000.0,5000000.0,1.0,100,Isolated RL (non-federated)
Fin_rl_2,pure_rl,rl,11242766.75719674,5000000.0,11242766.757195443,6242766.757195443,0.0,0.0,9.0,0.0,3356,3356,0,0.0,118060970.0182855,0,0.0,0.0,0,2262,831197,none_default,5000000.0,5000000.0,1.0,100,Isolated RL (non-federated)
Fin_rl_3,pure_rl,rl,11749485.63462692,5000000.0,11749485.634626009,6749485.634626009,0.0,0.0,6.0,0.0,3852,3852,0,0.0,132751687.46083674,0,0.0,0.0,0,2262,831197,none_default,5000000.0,5000000.0,1.0,100,Isolated RL (non-federated)
Fin_fl_rl_1,pure_rl,fl_rl,12382410.767755905,5000000.0,12382410.767755184,7382410.767755184,0.0,0.0,6.0,0.0,4011,4011,0,0.0,139648591.6313438,0,0.0,0.0,0,2259,831197,none_default,5000000.0,5000000.0,1.0,100,FedAvg (federated)
Fin_fl_rl_2,pure_rl,fl_rl,11814509.58201788,5000000.0,11814509.582019243,6814509.582019243,0.0,0.0,26.0,0.0,3750,3750,0,0.0,130154147.84905283,0,0.0,0.0,0,2259,831197,none_default,5000000.0,5000000.0,1.0,100,FedAvg (federated)
Fin_fl_rl_3,pure_rl,fl_rl,11362639.169241551,5000000.0,11362639.169243248,6362639.169243248,0.0,0.0,6.0,0.0,3706,3706,0,0.0,128511968.96394762,0,0.0,0.0,0,2259,831197,none_default,5000000.0,5000000.0,1.0,100,FedAvg (federated)
Fin_rl_1,pure_rl,rl,10641680.87949239,5000000.0,10641680.879492978,5641680.879492978,0.0,0.0,7.0,0.0,3226,3226,84,0.026038437693738377,112942715.46527418,166610.0696656209,0.0014751732236936298,0.03332201393312418,0,2240,831197,low_default,5000000.0,5000000.0,1.0,100,Isolated RL (non-federated)
Fin_rl_2,pure_rl,rl,8787286.715267714,5000000.0,8787286.715268143,3787286.7152681425,0.0,0.0,12.0,0.0,2253,2253,169,0.07501109631602308,78945007.87984058,325862.8009849446,0.004127718898716546,0.06517256019698893,0,2240,831197,low_default,5000000.0,5000000.0,1.0,100,Isolated RL (non-federated)
Fin_rl_3,pure_rl,rl,11485351.888853695,5000000.0,11485351.888853814,6485351.888853814,0.0,0.0,6.0,0.0,3651,3651,34,0.009312517118597645,125095553.3280281,62785.11789273049,0.0005018972794987691,0.012557023578546099,0,2240,831197,low_default,5000000.0,5000000.0,1.0,100,Isolated RL (non-federated)
Fin_fl_rl_1,pure_rl,fl_rl,7900149.884205385,5000000.0,7900149.884203659,2900149.8842036594,0.0,0.0,17.0,0.0,1854,1854,89,0.04800431499460626,64792266.115421586,182752.2778458922,0.0028205878386833314,0.03655045556917844,0,2252,831197,low_default,5000000.0,5000000.0,1.0,100,FedAvg (federated)
Fin_fl_rl_2,pure_rl,fl_rl,9691236.091953687,5000000.0,9691236.091953686,4691236.0919536855,0.0,0.0,12.0,0.0,3057,3057,129,0.042198233562315994,106421893.81592502,243262.03940056567,0.002285827010571051,0.04865240788011314,0,2252,831197,low_default,5000000.0,5000000.0,1.0,100,FedAvg (federated)
Fin_fl_rl_3,pure_rl,fl_rl,11730163.760743286,5000000.0,11730163.76074442,6730163.760744421,0.0,0.0,6.0,0.0,3838,3838,26,0.006774361646690985,133285741.02218936,51115.255637338196,0.00038350130513082074,0.01022305112746764,0,2252,831197,low_default,5000000.0,5000000.0,1.0,100,FedAvg (federated)
Fin_rl_1,pure_rl,rl,9285790.47842993,5000000.0,9285790.478429614,4285790.478429614,0.0,0.0,7.0,0.0,3045,3045,383,0.1257799671592775,105257129.58547164,941439.7232666141,0.008944189595272399,0.18828794465332283,0,2253,831197,medium_default,5000000.0,5000000.0,1.0,100,Isolated RL (non-federated)
Fin_rl_2,pure_rl,rl,7918468.319522468,5000000.0,7918468.319524395,2918468.3195243953,0.0,0.0,8.0,0.0,2338,2338,411,0.1757912745936698,81232549.75542408,883155.6423769862,0.010871942897717745,0.17663112847539725,0,2253,831197,medium_default,5000000.0,5000000.0,1.0,100,Isolated RL (non-federated)
Fin_rl_3,pure_rl,rl,12255040.385008302,5000000.0,12255040.385008365,7255040.385008365,0.0,0.0,7.0,0.0,3722,3722,67,0.01800107469102633,128229138.56643501,161681.6644989224,0.001260880844295431,0.03233633289978448,0,2253,831197,medium_default,5000000.0,5000000.0,1.0,100,Isolated RL (non-federated)
Fin_fl_rl_1,pure_rl,fl_rl,8429070.757109903,5000000.0,8429070.757109122,3429070.7571091224,0.0,0.0,30.0,0.0,2353,2353,167,0.07097322566935826,82539231.44994715,480787.33830403094,0.005824955355873244,0.09615746766080618,0,2262,831197,medium_default,5000000.0,5000000.0,1.0,100,FedAvg (federated)
Fin_fl_rl_2,pure_rl,fl_rl,9011990.164453192,5000000.0,9011990.16445377,4011990.164453769,0.0,0.0,8.0,0.0,2846,2846,231,0.08116654954321856,99694513.07711214,527387.0626372814,0.005290030979231081,0.10547741252745628,0,2262,831197,medium_default,5000000.0,5000000.0,1.0,100,FedAvg (federated)
Fin_fl_rl_3,pure_rl,fl_rl,11230501.407296572,5000000.0,11230501.407298582,6230501.407298582,0.0,0.0,7.0,0.0,3335,3335,65,0.019490254872563718,115689362.31608562,142470.63422915357,0.0012314929512697663,0.028494126845830713,0,2262,831197,medium_default,5000000.0,5000000.0,1.0,100,FedAvg (federated)
Fin_rl_1,pure_rl,rl,8623794.816512512,5000000.0,8623794.816514006,3623794.816514006,0.0,0.0,19.0,0.0,2681,2681,259,0.09660574412532637,93479983.18007582,921633.933400927,0.009859158100462331,0.1843267866801854,0,2263,831197,high_default,5000000.0,5000000.0,1.0,100,Isolated RL (non-federated)
Fin_rl_2,pure_rl,rl,8069057.329668673,5000000.0,8069057.329668755,3069057.3296687547,0.0,0.0,9.0,0.0,2331,2331,306,0.13127413127413126,81924534.16323034,858493.0780478381,0.010479071828926552,0.17169861560956762,0,2263,831197,high_default,5000000.0,5000000.0,1.0,100,Isolated RL (non-federated)
Fin_rl_3,pure_rl,rl,9457823.163159564,5000000.0,9457823.163159119,4457823.163159119,0.0,0.0,12.0,0.0,2529,2529,139,0.054962435745353894,87713169.66511524,414168.891218918,0.0047218552561741345,0.0828337782437836,0,2263,831197,high_default,5000000.0,5000000.0,1.0,100,Isolated RL (non-federated)
Fin_fl_rl_1,pure_rl,fl_rl,7703662.22835401,5000000.0,7703662.228354014,2703662.2283540145,0.0,0.0,19.0,0.0,2312,2312,256,0.11072664359861592,80747547.31722249,919293.207579495,0.011384781806040327,0.183858641515899,0,2260,831197,high_default,5000000.0,5000000.0,1.0,100,FedAvg (federated)
Fin_fl_rl_2,pure_rl,fl_rl,9061975.021769313,5000000.0,9061975.021769162,4061975.0217691623,0.0,0.0,9.0,0.0,2744,2744,223,0.08126822157434402,95560781.33951758,570332.5092679752,0.005968269631886357,0.11406650185359504,0,2260,831197,high_default,5000000.0,5000000.0,1.0,100,FedAvg (federated)
Fin_fl_rl_3,pure_rl,fl_rl,10504742.153458305,5000000.0,10504742.153456962,5504742.153456962,0.0,0.0,6.0,0.0,3035,3035,94,0.030971993410214168,105959926.94530554,291807.1409481932,0.002753938676258416,0.05836142818963864,0,2260,831197,high_default,5000000.0,5000000.0,1.0,100,FedAvg (federated)
Fin_rl_1,pure_rl,rl,17371572.932249606,10000000.0,17371572.932248287,7371572.932248287,0.0,0.0,7.0,0.0,5960,5960,0,0.0,207787265.40263423,0,0.0,0.0,0,2260,831197,none_default,10000000.0,10000000.0,1.0,100,Isolated RL (non-federated)
Fin_rl_2,pure_rl,rl,14421792.20548516,10000000.0,14421792.20548752,4421792.2054875195,0.0,0.0,9.0,0.0,3274,3274,0,0.0,115943989.0887989,0,0.0,0.0,0,2260,831197,none_default,10000000.0,10000000.0,1.0,100,Isolated RL (non-federated)
Fin_rl_3,pure_rl,rl,14919953.609782906,10000000.0,14919953.609781208,4919953.6097812075,0.0,0.0,12.0,0.0,4046,4046,0,0.0,142208302.08035967,0,0.0,0.0,0,2260,831197,none_default,10000000.0,10000000.0,1.0,100,Isolated RL (non-federated)
Fin_fl_rl_1,pure_rl,fl_rl,14474029.569669534,10000000.0,14474029.569669735,4474029.569669735,0.0,0.0,7.0,0.0,3637,3637,0,0.0,126876945.0134639,0,0.0,0.0,0,2254,831197,none_default,10000000.0,10000000.0,1.0,100,FedAvg (federated)
Fin_fl_rl_2,pure_rl,fl_rl,15182134.472969055,10000000.0,15182134.472966071,5182134.472966071,0.0,0.0,9.0,0.0,3940,3940,0,0.0,137895046.88104916,0,0.0,0.0,0,2254,831197,none_default,10000000.0,10000000.0,1.0,100,FedAvg (federated)
Fin_fl_rl_3,pure_rl,fl_rl,17588817.49352224,10000000.0,17588817.493521295,7588817.4935212955,0.0,0.0,12.0,0.0,5641,5641,0,0.0,197766935.76654214,0,0.0,0.0,0,2254,831197,none_default,10000000.0,10000000.0,1.0,100,FedAvg (federated)
Fin_rl_1,pure_rl,rl,14498785.262575682,10000000.0,14498785.262575213,4498785.262575213,0.0,0.0,7.0,0.0,3242,3242,386,0.11906230721776681,113418654.97845298,885706.2916918956,0.007809176469780567,0.08857062916918956,0,2267,831197,low_default,10000000.0,10000000.0,1.0,100,Isolated RL (non-federated)
Fin_rl_2,pure_rl,rl,15124487.697600583,10000000.0,15124487.697601954,5124487.6976019535,0.0,0.0,19.0,0.0,3502,3502,288,0.08223872073101085,122660828.89764242,637492.8653759895,0.005197200044261581,0.06374928653759894,0,2267,831197,low_default,10000000.0,10000000.0,1.0,100,Isolated RL (non-federated)
Fin_rl_3,pure_rl,rl,17891016.411318302,10000000.0,17891016.41132352,7891016.411323521,0.0,0.0,9.0,0.0,4060,4060,66,0.01625615763546798,142008537.41109824,133275.36288917685,0.0009385024683647021,0.013327536288917684,0,2267,831197,low_default,10000000.0,10000000.0,1.0,100,Isolated RL (non-federated)
Fin_fl_rl_1,pure_rl,fl_rl,13675241.24432499,10000000.0,13675241.244329533,3675241.2443295326,0.0,0.0,15.0,0.0,2683,2683,70,0.02609019754006709,93897439.74901518,162043.85994502058,0.0017257537625962813,0.01620438599450206,0,2252,831197,low_default,10000000.0,10000000.0,1.0,100,FedAvg (federated)
Fin_fl_rl_2,pure_rl,fl_rl,15156468.304833135,10000000.0,15156468.304833332,5156468.304833332,0.0,0.0,16.0,0.0,3537,3537,144,0.04071246819338423,123652370.24366,288051.3872657361,0.002329525804463949,0.02880513872657361,0,2252,831197,low_default,10000000.0,10000000.0,1.0,100,FedAvg (federated)
Fin_fl_rl_3,pure_rl,fl_rl,17898887.10618583,10000000.0,17898887.106193446,7898887.106193446,0.0,0.0,16.0,0.0,4774,4774,59,0.012358609132802682,166390615.26462612,105532.47903898593,0.0006342453801925549,0.010553247903898593,0,2252,831197,low_default,10000000.0,10000000.0,1.0,100,FedAvg (federated)
Fin_rl_1,pure_rl,rl,14949384.880582217,10000000.0,14949384.880579904,4949384.880579904,0.0,0.0,11.0,0.0,3909,3909,405,0.10360706062931696,136409056.0635874,1011935.7159845195,0.0074183910158633695,0.10119357159845195,0,2261,831197,medium_default,10000000.0,10000000.0,1.0,100,Isolated RL (non-federated)
Fin_rl_2,pure_rl,rl,12128367.959336413,10000000.0,12128367.959336378,2128367.9593363777,0.0,0.0,16.0,0.0,1971,1971,482,0.24454591577879248,69480862.28389892,1089263.0842486653,0.01567716704202568,0.10892630842486653,0,2261,831197,medium_default,10000000.0,10000000.0,1.0,100,Isolated RL (non-federated)
Fin_rl_3,pure_rl,rl,17078014.914660566,10000000.0,17078014.9146627,7078014.9146627,0.0,0.0,7.0,0.0,4548,4548,91,0.020008795074758137,158943410.35158044,209120.3664968829,0.0013156906979302368,0.02091203664968829,0,2261,831197,medium_default,10000000.0,10000000.0,1.0,100,Isolated RL (non-federated)
Fin_fl_rl_1,pure_rl,fl_rl,12085262.59544693,10000000.0,12085262.595447665,2085262.595447665,0.0,0.0,9.0,0.0,1805,1805,248,0.13739612188365652,63083515.85487207,678225.8626896752,0.010751237522175841,0.06782258626896752,0,2254,831197,medium_default,10000000.0,10000000.0,1.0,100,FedAvg (federated)
Fin_fl_rl_2,pure_rl,fl_rl,11815415.306669522,10000000.0,11815415.306667412,1815415.3066674117,0.0,0.0,8.0,0.0,1515,1515,285,0.18811881188118812,52932875.32695297,610989.532652317,0.011542723286396012,0.061098953265231695,0,2254,831197,medium_default,10000000.0,10000000.0,1.0,100,FedAvg (federated)
Fin_fl_rl_3,pure_rl,fl_rl,21295136.994683713,10000000.0,21295136.994688846,11295136.994688846,0.0,0.0,7.0,0.0,5826,5826,98,0.01682114658427738,204641067.82576537,202518.9409253509,0.0009896300047543668,0.02025189409253509,0,2254,831197,medium_default,10000000.0,10000000.0,1.0,100,FedAvg (federated)
Fin_rl_1,pure_rl,rl,13086386.400705542,10000000.0,13086386.400707092,3086386.400707092,0.0,0.0,9.0,0.0,3723,3723,692,0.18587160891753962,129577563.4917609,2027847.3521450586,0.015649679601160257,0.20278473521450585,0,2260,831197,high_default,10000000.0,10000000.0,1.0,100,Isolated RL (non-federated)
Fin_rl_2,pure_rl,rl,11244691.325245138,10000000.0,11244691.325248178,1244691.325248178,0.0,0.0,14.0,0.0,1777,1777,513,0.2886888013505909,61780693.87091096,1406529.0428795996,0.02276648180446958,0.14065290428795996,0,2260,831197,high_default,10000000.0,10000000.0,1.0,100,Isolated RL (non-federated)
Fin_rl_3,pure_rl,rl,15874797.859879613,10000000.0,15874797.859881636,5874797.859881636,0.0,0.0,19.0,0.0,3994,3994,190,0.04757135703555333,139961695.07859913,566421.4687847121,0.004046974913147654,0.05664214687847122,0,2260,831197,high_default,10000000.0,10000000.0,1.0,100,Isolated RL (non-federated)
Fin_fl_rl_1,pure_rl,fl_rl,12277351.256148776,10000000.0,12277351.256144473,2277351.2561444733,0.0,0.0,8.0,0.0,1876,1876,246,0.13113006396588486,65971784.09437224,851330.4788981077,0.012904463485181551,0.08513304788981077,0,2264,831197,high_default,10000000.0,10000000.0,1.0,100,FedAvg (federated)
Fin_fl_rl_2,pure_rl,fl_rl,14154804.178119127,10000000.0,14154804.178118732,4154804.178118732,0.0,0.0,11.0,0.0,3388,3388,522,0.15407319952774498,117939887.93575233,1385973.0077392198,0.011751520473668989,0.138597300773922,0,2264,831197,high_default,10000000.0,10000000.0,1.0,100,FedAvg (federated)
Fin_fl_rl_3,pure_rl,fl_rl,16453192.078824183,10000000.0,16453192.078825025,6453192.078825025,0.0,0.0,19.0,0.0,3847,3847,213,0.05536781907980244,134684607.90817255,642305.0185048121,0.0047689563676254175,0.06423050185048121,0,2264,831197,high_default,10000000.0,10000000.0,1.0,100,FedAvg (federated)
Fin_rl_1,pure_rl,rl,3246240.270371472,1000000.0,3246240.2703712475,2246240.2703712475,0.0,0.0,6.0,0.0,1330,1330,0,0.0,36602873.250103705,0,0.0,0.0,0,2256,709098,none_default,1000000.0,1000000.0,1.0,250,Isolated RL (non-federated)
Fin_rl_2,pure_rl,rl,2444523.900727448,1000000.0,2444523.900727506,1444523.9007275058,0.0,0.0,11.0,0.0,1181,1181,0,0.0,29918009.139133148,0,0.0,0.0,0,2256,709098,none_default,1000000.0,1000000.0,1.0,250,Isolated RL (non-federated)
Fin_rl_3,pure_rl,rl,2414305.17170756,1000000.0,2414305.17170754,1414305.1717075398,0.0,0.0,6.0,0.0,1154,1154,0,0.0,29194648.18662354,0,0.0,0.0,0,2256,709098,none_default,1000000.0,1000000.0,1.0,250,Isolated RL (non-federated)
Fin_fl_rl_1,pure_rl,fl_rl,3034320.010127227,1000000.0,3034320.010127371,2034320.0101273712,0.0,0.0,6.0,0.0,1272,1272,0,0.0,34496108.96775618,0,0.0,0.0,0,2253,709098,none_default,1000000.0,1000000.0,1.0,250,FedAvg (federated)
Fin_fl_rl_2,pure_rl,fl_rl,2653741.2833885676,1000000.0,2653741.2833885695,1653741.2833885695,0.0,0.0,6.0,0.0,1175,1175,0,0.0,30395938.80781242,0,0.0,0.0,0,2253,709098,none_default,1000000.0,1000000.0,1.0,250,FedAvg (federated)
Fin_fl_rl_3,pure_rl,fl_rl,2980195.476474021,1000000.0,2980195.476474041,1980195.4764740411,0.0,0.0,6.0,0.0,1238,1238,0,0.0,33899107.110912964,0,0.0,0.0,0,2253,709098,none_default,1000000.0,1000000.0,1.0,250,FedAvg (federated)
Fin_rl_1,pure_rl,rl,2941307.598541769,1000000.0,2941307.598541793,1941307.598541793,0.0,0.0,6.0,0.0,1134,1134,35,0.030864197530864196,32433777.940899942,58385.89084601928,0.0018001569521875825,0.058385890846019285,0,2249,709098,low_default,1000000.0,1000000.0,1.0,250,Isolated RL (non-federated)
Fin_rl_2,pure_rl,rl,2696134.881256156,1000000.0,2696134.8812560807,1696134.8812560807,0.0,0.0,6.0,0.0,1139,1139,32,0.028094820017559263,31341369.45001618,44750.31568579987,0.0014278353649213873,0.04475031568579987,0,2249,709098,low_default,1000000.0,1000000.0,1.0,250,Isolated RL (non-federated)
Fin_rl_3,pure_rl,rl,2822950.9431263325,1000000.0,2822950.9431264573,1822950.9431264573,0.0,0.0,6.0,0.0,1254,1254,35,0.027910685805422646,32701568.612532984,62832.53648412721,0.0019213921273503202,0.0628325364841272,0,2249,709098,low_default,1000000.0,1000000.0,1.0,250,Isolated RL (non-federated)
Fin_fl_rl_1,pure_rl,fl_rl,2298307.8818939817,1000000.0,2298307.881893964,1298307.881893964,0.0,0.0,6.0,0.0,1085,1085,36,0.03317972350230415,28685871.18082255,61477.35329677079,0.002143123104375872,0.06147735329677079,0,2253,709098,low_default,1000000.0,1000000.0,1.0,250,FedAvg (federated)
Fin_fl_rl_2,pure_rl,fl_rl,2847486.058776881,1000000.0,2847486.058776693,1847486.058776693,0.0,0.0,6.0,0.0,1165,1165,31,0.026609442060085836,31704316.764435332,47093.41808840503,0.0014853945107321344,0.04709341808840503,0,2253,709098,low_default,1000000.0,1000000.0,1.0,250,FedAvg (federated)
Fin_fl_rl_3,pure_rl,fl_rl,2818580.345265003,1000000.0,2818580.3452649894,1818580.3452649894,0.0,0.0,6.0,0.0,1206,1206,18,0.014925373134328358,31660244.932718724,34182.02355304419,0.0010796512669338,0.03418202355304419,0,2253,709098,low_default,1000000.0,1000000.0,1.0,250,FedAvg (federated)
Fin_rl_1,pure_rl,rl,2333738.2093129396,1000000.0,2333738.20931288,1333738.20931288,0.0,0.0,6.0,0.0,1034,1034,206,0.19922630560928434,29406932.802759994,435908.82170989644,0.014823335185401727,0.4359088217098964,0,2256,709098,medium_default,1000000.0,1000000.0,1.0,250,Isolated RL (non-federated)
Fin_rl_2,pure_rl,rl,2361835.9508386618,1000000.0,2361835.950838748,1361835.950838748,0.0,0.0,6.0,0.0,1022,1022,110,0.10763209393346379,28037661.856559977,212053.9119918497,0.0075631810197552335,0.2120539119918497,0,2256,709098,medium_default,1000000.0,1000000.0,1.0,250,Isolated RL (non-federated)
Fin_rl_3,pure_rl,rl,2735233.557790771,1000000.0,2735233.5577908834,1735233.5577908834,0.0,0.0,9.0,0.0,1229,1229,30,0.024410089503661515,31259331.912369996,58446.614187239946,0.001869733311994149,0.05844661418723995,0,2256,709098,medium_default,1000000.0,1000000.0,1.0,250,Isolated RL (non-federated)
Fin_fl_rl_1,pure_rl,fl_rl,2823959.331338812,1000000.0,2823959.331338833,1823959.331338833,0.0,0.0,6.0,0.0,1088,1088,55,0.050551470588235295,31719377.0134276,122588.01585164391,0.003864767451130877,0.12258801585164392,0,2251,709098,medium_default,1000000.0,1000000.0,1.0,250,FedAvg (federated)
Fin_fl_rl_2,pure_rl,fl_rl,2679730.0291322274,1000000.0,2679730.029132112,1679730.029132112,0.0,0.0,6.0,0.0,1033,1033,78,0.0755082284607938,30105001.401823495,148152.3328525396,0.004921186711639411,0.14815233285253962,0,2251,709098,medium_default,1000000.0,1000000.0,1.0,250,FedAvg (federated)
Fin_fl_rl_3,pure_rl,fl_rl,2533530.8116886844,1000000.0,2533530.811688674,1533530.8116886741,0.0,0.0,9.0,0.0,1199,1199,28,0.02335279399499583,30219459.94462654,42866.21057657367,0.001418496910769443,0.04286621057657367,0,2251,709098,medium_default,1000000.0,1000000.0,1.0,250,FedAvg (federated)
Fin_rl_1,pure_rl,rl,2382987.5693265563,1000000.0,2382987.569326558,1382987.5693265582,0.0,0.0,7.0,0.0,1001,1001,82,0.08191808191808192,28413126.383218594,236601.23947554722,0.008327180764426158,0.23660123947554723,0,2251,709098,high_default,1000000.0,1000000.0,1.0,250,Isolated RL (non-federated)
Fin_rl_2,pure_rl,rl,2464646.262634655,1000000.0,2464646.262634541,1464646.262634541,0.0,0.0,6.0,0.0,1001,1001,104,0.1038961038961039,28079240.601364758,269714.5286901267,0.009605478029808882,0.26971452869012674,0,2251,709098,high_default,1000000.0,1000000.0,1.0,250,Isolated RL (non-federated)
Fin_rl_3,pure_rl,rl,2927679.7204826055,1000000.0,2927679.7204827187,1927679.7204827187,0.0,0.0,6.0,0.0,1222,1222,20,0.016366612111292964,34306705.98707278,55542.49056966378,0.0016189980638360595,0.05554249056966378,0,2251,709098,high_default,1000000.0,1000000.0,1.0,250,Isolated RL (non-federated)
Fin_fl_rl_1,pure_rl,fl_rl,2262927.7850786354,1000000.0,2262927.78507864,1262927.78507864,0.0,0.0,7.0,0.0,910,910,95,0.1043956043956044,26622708.29484754,272020.300602959,0.010217604369560132,0.272020300602959,0,2251,709098,high_default,1000000.0,1000000.0,1.0,250,FedAvg (federated)
Fin_fl_rl_2,pure_rl,fl_rl,2532984.1513174702,1000000.0,2532984.1513174255,1532984.1513174255,0.0,0.0,6.0,0.0,1000,1000,105,0.105,29286075.695421297,301754.94231851154,0.010303700142579674,0.3017549423185115,0,2251,709098,high_default,1000000.0,1000000.0,1.0,250,FedAvg (federated)
Fin_fl_rl_3,pure_rl,fl_rl,3037483.777660215,1000000.0,3037483.7776602167,2037483.7776602167,0.0,0.0,6.0,0.0,1191,1191,27,0.022670025188916875,33927654.26171062,62833.92268171872,0.0018519972585499536,0.06283392268171872,0,2251,709098,high_default,1000000.0,1000000.0,1.0,250,FedAvg (federated)
Fin_rl_1,pure_rl,rl,13773223.352662837,5000000.0,13773223.352662582,8773223.352662582,0.0,0.0,6.0,0.0,4798,4798,0,0.0,161019959.9969105,0,0.0,0.0,0,2264,709098,none_default,5000000.0,5000000.0,1.0,250,Isolated RL (non-federated)
Fin_rl_2,pure_rl,rl,13240696.6590621,5000000.0,13240696.65906131,8240696.659061311,0.0,0.0,9.0,0.0,4642,4642,0,0.0,156246583.67116907,0,0.0,0.0,0,2264,709098,none_default,5000000.0,5000000.0,1.0,250,Isolated RL (non-federated)
Fin_rl_3,pure_rl,rl,14041474.5787841,5000000.0,14041474.57878362,9041474.57878362,0.0,0.0,6.0,0.0,4832,4832,0,0.0,162409524.1182339,0,0.0,0.0,0,2264,709098,none_default,5000000.0,5000000.0,1.0,250,Isolated RL (non-federated)
Fin_fl_rl_1,pure_rl,fl_rl,12794924.764809307,5000000.0,12794924.764808686,7794924.764808686,0.0,0.0,6.0,0.0,4610,4610,0,0.0,154194063.95720977,0,0.0,0.0,0,2248,709098,none_default,5000000.0,5000000.0,1.0,250,FedAvg (federated)
Fin_fl_rl_2,pure_rl,fl_rl,14219711.059341935,5000000.0,14219711.059341626,9219711.059341626,0.0,0.0,9.0,0.0,4747,4747,0,0.0,161435816.70653218,0,0.0,0.0,0,2248,709098,none_default,5000000.0,5000000.0,1.0,250,FedAvg (federated)
Fin_fl_rl_3,pure_rl,fl_rl,13004498.66452422,5000000.0,13004498.664523492,8004498.664523492,0.0,0.0,6.0,0.0,4510,4510,0,0.0,151023394.2392265,0,0.0,0.0,0,2248,709098,none_default,5000000.0,5000000.0,1.0,250,FedAvg (federated)
Fin_rl_1,pure_rl,rl,13907977.380689075,5000000.0,13907977.380690511,8907977.380690511,0.0,0.0,6.0,0.0,4458,4458,73,0.016375056078959175,154051571.7599838,155806.0467922702,0.0010113888810886,0.031161209358454043,0,2263,709098,low_default,5000000.0,5000000.0,1.0,250,Isolated RL (non-federated)
Fin_rl_2,pure_rl,rl,12808071.691743294,5000000.0,12808071.69174203,7808071.691742031,0.0,0.0,18.0,0.0,4403,4403,141,0.03202362025891438,149789857.90550065,255721.26209096375,0.0017072001113205746,0.05114425241819275,0,2263,709098,low_default,5000000.0,5000000.0,1.0,250,Isolated RL (non-federated)
Fin_rl_3,pure_rl,rl,15408768.981192326,5000000.0,15408768.981194343,10408768.981194343,0.0,0.0,6.0,0.0,5129,5129,37,0.0072138818483135116,173484777.88401106,77205.84553421661,0.00044502950907793833,0.015441169106843322,0,2263,709098,low_default,5000000.0,5000000.0,1.0,250,Isolated RL (non-federated)
Fin_fl_rl_1,pure_rl,fl_rl,14589021.40802968,5000000.0,14589021.4080306,9589021.4080306,0.0,0.0,6.0,0.0,4655,4655,66,0.01417830290010741,160526417.968893,127753.51996447009,0.0007958410932039007,0.025550703992894018,0,2268,709098,low_default,5000000.0,5000000.0,1.0,250,FedAvg (federated)
Fin_fl_rl_2,pure_rl,fl_rl,13518144.412407521,5000000.0,13518144.412408654,8518144.412408654,0.0,0.0,18.0,0.0,4472,4472,151,0.03376565295169946,153150259.98319793,286035.0625315571,0.001867675984114803,0.057207012506311425,0,2268,709098,low_default,5000000.0,5000000.0,1.0,250,FedAvg (federated)
Fin_fl_rl_3,pure_rl,fl_rl,14538799.562166579,5000000.0,14538799.562165797,9538799.562165797,0.0,0.0,6.0,0.0,4869,4869,28,0.005750667488190594,165038827.97446582,53130.9451873777,0.000321929971507056,0.01062618903747554,0,2268,709098,low_default,5000000.0,5000000.0,1.0,250,FedAvg (federated)
Fin_rl_1,pure_rl,rl,12575158.394928034,5000000.0,12575158.394927284,7575158.394927284,0.0,0.0,17.0,0.0,4254,4254,149,0.035025858015984956,143505847.30078435,379134.5173605771,0.0026419447325092024,0.07582690347211543,0,2255,709098,medium_default,5000000.0,5000000.0,1.0,250,Isolated RL (non-federated)
Fin_rl_2,pure_rl,rl,12183339.876579363,5000000.0,12183339.876579404,7183339.876579404,0.0,0.0,7.0,0.0,3974,3974,235,0.0591343734272773,136857654.51544932,490625.88792190445,0.0035849356739233,0.09812517758438088,0,2255,709098,medium_default,5000000.0,5000000.0,1.0,250,Isolated RL (non-federated)
Fin_rl_3,pure_rl,rl,14150091.075818606,5000000.0,14150091.075818144,9150091.075818144,0.0,0.0,9.0,0.0,4696,4696,63,0.013415672913117547,159082957.63748547,155947.12134995774,0.0009802880438351317,0.031189424269991547,0,2255,709098,medium_default,5000000.0,5000000.0,1.0,250,Isolated RL (non-federated)
Fin_fl_rl_1,pure_rl,fl_rl,11336909.118464887,5000000.0,11336909.11846625,6336909.118466251,0.0,0.0,17.0,0.0,4125,4125,307,0.07442424242424242,137499414.10298803,809328.0790397944,0.005886047473872157,0.16186561580795888,0,2255,709098,medium_default,5000000.0,5000000.0,1.0,250,FedAvg (federated)
Fin_fl_rl_2,pure_rl,fl_rl,12043036.986714989,5000000.0,12043036.986715814,7043036.986715814,0.0,0.0,7.0,0.0,3952,3952,328,0.08299595141700405,135765709.2951146,732914.2606896549,0.005398375366614227,0.14658285213793096,0,2255,709098,medium_default,5000000.0,5000000.0,1.0,250,FedAvg (federated)
Fin_fl_rl_3,pure_rl,fl_rl,14782138.100976786,5000000.0,14782138.10097774,9782138.10097774,0.0,0.0,9.0,0.0,4838,4838,74,0.015295576684580404,163910993.0463267,181396.0633532454,0.001106674177136959,0.03627921267064908,0,2255,709098,medium_default,5000000.0,5000000.0,1.0,250,FedAvg (federated)
Fin_rl_1,pure_rl,rl,10714204.60464489,5000000.0,10714204.604643704,5714204.604643704,0.0,0.0,7.0,0.0,3690,3690,330,0.08943089430894309,125564995.18246338,1166481.9177094835,0.009289865507615585,0.23329638354189672,0,2258,709098,high_default,5000000.0,5000000.0,1.0,250,Isolated RL (non-federated)
Fin_rl_2,pure_rl,rl,10640228.706621474,5000000.0,10640228.706621055,5640228.706621055,0.0,0.0,17.0,0.0,3715,3715,368,0.0990578734858681,126149653.4362169,998106.7447591154,0.007912084715030729,0.19962134895182307,0,2258,709098,high_default,5000000.0,5000000.0,1.0,250,Isolated RL (non-federated)
Fin_rl_3,pure_rl,rl,12763422.812607523,5000000.0,12763422.812607175,7763422.812607175,0.0,0.0,6.0,0.0,4439,4439,210,0.04730795224149583,149942526.81374246,643437.8986741625,0.004291230195643137,0.1286875797348325,0,2258,709098,high_default,5000000.0,5000000.0,1.0,250,Isolated RL (non-federated)
Fin_fl_rl_1,pure_rl,fl_rl,12620654.16076257,5000000.0,12620654.160763655,7620654.160763655,0.0,0.0,7.0,0.0,4061,4061,220,0.05417384880571288,141280585.53697643,713841.2818039157,0.005052649513666453,0.14276825636078314,0,2262,709098,high_default,5000000.0,5000000.0,1.0,250,FedAvg (federated)
Fin_fl_rl_2,pure_rl,fl_rl,11998418.152320592,5000000.0,11998418.152321717,6998418.152321717,0.0,0.0,17.0,0.0,4120,4120,334,0.08106796116504854,140191812.35909036,848262.8438903976,0.006050730278867061,0.16965256877807952,0,2262,709098,high_default,5000000.0,5000000.0,1.0,250,FedAvg (federated)
Fin_fl_rl_3,pure_rl,fl_rl,13005780.606596231,5000000.0,13005780.606595825,8005780.606595825,0.0,0.0,6.0,0.0,4495,4495,164,0.03648498331479422,150246997.64952368,480658.5264121152,0.003199122338093782,0.09613170528242304,0,2262,709098,high_default,5000000.0,5000000.0,1.0,250,FedAvg (federated)
Fin_rl_1,pure_rl,rl,26483539.254610233,10000000.0,26483539.25461264,16483539.25461264,0.0,0.0,6.0,0.0,8542,8542,0,0.0,297466845.0779588,0,0.0,0.0,0,2267,709098,none_default,10000000.0,10000000.0,1.0,250,Isolated RL (non-federated)
Fin_rl_2,pure_rl,rl,25538815.53394997,10000000.0,25538815.53394912,15538815.533949122,0.0,0.0,9.0,0.0,8613,8613,0,0.0,297619343.5563484,0,0.0,0.0,0,2267,709098,none_default,10000000.0,10000000.0,1.0,250,Isolated RL (non-federated)
Fin_rl_3,pure_rl,rl,24355588.04279741,10000000.0,24355588.042797353,14355588.042797353,0.0,0.0,6.0,0.0,7917,7917,0,0.0,273622329.5971126,0,0.0,0.0,0,2267,709098,none_default,10000000.0,10000000.0,1.0,250,Isolated RL (non-federated)
Fin_fl_rl_1,pure_rl,fl_rl,25717598.176851846,10000000.0,25717598.176854167,15717598.176854167,0.0,0.0,6.0,0.0,8416,8416,0,0.0,292425001.0835345,0,0.0,0.0,0,2268,709098,none_default,10000000.0,10000000.0,1.0,250,FedAvg (federated)
Fin_fl_rl_2,pure_rl,fl_rl,24567497.58696013,10000000.0,24567497.586961553,14567497.586961553,0.0,0.0,9.0,0.0,7880,7880,0,0.0,274144308.51224107,0,0.0,0.0,0,2268,709098,none_default,10000000.0,10000000.0,1.0,250,FedAvg (federated)
Fin_fl_rl_3,pure_rl,fl_rl,23775922.73933511,10000000.0,23775922.73933421,13775922.73933421,0.0,0.0,32.0,0.0,8017,8017,0,0.0,277277857.46081024,0,0.0,0.0,0,2268,709098,none_default,10000000.0,10000000.0,1.0,250,FedAvg (federated)
Fin_rl_1,pure_rl,rl,24019434.751960576,10000000.0,24019434.751965303,14019434.751965303,0.0,0.0,7.0,0.0,7259,7259,117,0.016117922578867613,253491530.6246418,250341.83254862318,0.000987574740393664,0.025034183254862317,0,2264,709098,low_default,10000000.0,10000000.0,1.0,250,Isolated RL (non-federated)
Fin_rl_2,pure_rl,rl,23835140.243107546,10000000.0,23835140.243111525,13835140.243111525,0.0,0.0,18.0,0.0,7343,7343,247,0.03363747787008035,256218086.230116,490141.2392470658,0.0019129845455439763,0.04901412392470658,0,2264,709098,low_default,10000000.0,10000000.0,1.0,250,Isolated RL (non-federated)
Fin_rl_3,pure_rl,rl,24854301.538568176,10000000.0,24854301.53856695,14854301.53856695,0.0,0.0,6.0,0.0,7674,7674,53,0.00690643732082356,265663576.52936605,119786.29875161209,0.00045089470041961545,0.011978629875161208,0,2264,709098,low_default,10000000.0,10000000.0,1.0,250,Isolated RL (non-federated)
Fin_fl_rl_1,pure_rl,fl_rl,23159244.92956957,10000000.0,23159244.92956752,13159244.92956752,0.0,0.0,7.0,0.0,7213,7213,159,0.02204353251074449,251355758.23362103,347429.589255814,0.0013822225187811203,0.0347429589255814,0,2256,709098,low_default,10000000.0,10000000.0,1.0,250,FedAvg (federated)
Fin_fl_rl_2,pure_rl,fl_rl,22520807.496028993,10000000.0,22520807.49603114,12520807.496031139,0.0,0.0,18.0,0.0,6896,6896,241,0.034947795823665896,240852592.10255858,485727.984205273,0.002016702332181847,0.0485727984205273,0,2256,709098,low_default,10000000.0,10000000.0,1.0,250,FedAvg (federated)
Fin_fl_rl_3,pure_rl,fl_rl,26598991.715497445,10000000.0,26598991.715494554,16598991.715494554,0.0,0.0,6.0,0.0,8664,8664,75,0.00865650969529086,299402666.33847123,167058.01134817558,0.0005579710207367307,0.01670580113481756,0,2256,709098,low_default,10000000.0,10000000.0,1.0,250,FedAvg (federated)
Fin_rl_1,pure_rl,rl,19140765.110639397,10000000.0,19140765.11063738,9140765.110637382,0.0,0.0,12.0,0.0,5252,5252,355,0.06759329779131759,182919754.89564902,1040357.6282202825,0.005687508321962161,0.10403576282202825,0,2255,709098,medium_default,10000000.0,10000000.0,1.0,250,Isolated RL (non-federated)
Fin_rl_2,pure_rl,rl,22008292.115597744,10000000.0,22008292.11559607,12008292.11559607,0.0,0.0,7.0,0.0,6461,6461,278,0.043027395140071194,225564472.23780555,587607.2800435127,0.002605052445599752,0.05876072800435127,0,2255,709098,medium_default,10000000.0,10000000.0,1.0,250,Isolated RL (non-federated)
Fin_rl_3,pure_rl,rl,22727539.12252382,10000000.0,22727539.122525644,12727539.122525644,0.0,0.0,13.0,0.0,6689,6689,316,0.047241740170429064,230213886.8352557,749647.5298373512,0.0032563089053520454,0.07496475298373512,0,2255,709098,medium_default,10000000.0,10000000.0,1.0,250,Isolated RL (non-federated)
Fin_fl_rl_1,pure_rl,fl_rl,22554327.686038375,10000000.0,22554327.686036356,12554327.686036356,0.0,0.0,19.0,0.0,6561,6561,230,0.035055631763450695,230067124.84164533,685514.4656276539,0.0029796280807155386,0.06855144656276539,0,2266,709098,medium_default,10000000.0,10000000.0,1.0,250,FedAvg (federated)
Fin_fl_rl_2,pure_rl,fl_rl,22240667.217957124,10000000.0,22240667.217954066,12240667.217954066,0.0,0.0,7.0,0.0,7058,7058,491,0.0695664494190989,246095662.17824006,1155073.5957199591,0.004693595919148597,0.11550735957199591,0,2266,709098,medium_default,10000000.0,10000000.0,1.0,250,FedAvg (federated)
Fin_fl_rl_3,pure_rl,fl_rl,21979224.431188017,10000000.0,21979224.431187075,11979224.431187075,0.0,0.0,6.0,0.0,6665,6665,293,0.04396099024756189,228857241.32269442,713116.2476600748,0.003115987257115291,0.07131162476600748,0,2266,709098,medium_default,10000000.0,10000000.0,1.0,250,FedAvg (federated)
Fin_rl_1,pure_rl,rl,19307780.451925814,10000000.0,19307780.4519267,9307780.4519267,0.0,0.0,7.0,0.0,6162,6162,703,0.11408633560532294,215426081.19393334,2411193.1057190876,0.011192670322719447,0.24111931057190877,0,2271,709098,high_default,10000000.0,10000000.0,1.0,250,Isolated RL (non-federated)
Fin_rl_2,pure_rl,rl,16521938.840157729,10000000.0,16521938.840152357,6521938.840152357,0.0,0.0,17.0,0.0,5639,5639,853,0.1512679553112254,195187087.94699952,2243587.397417319,0.011494548235826622,0.2243587397417319,0,2271,709098,high_default,10000000.0,10000000.0,1.0,250,Isolated RL (non-federated)
Fin_rl_3,pure_rl,rl,22133423.184290655,10000000.0,22133423.184288293,12133423.184288293,0.0,0.0,16.0,0.0,6560,6560,246,0.0375,228375396.61061817,742213.713835947,0.0032499723037216093,0.07422137138359469,0,2271,709098,high_default,10000000.0,10000000.0,1.0,250,Isolated RL (non-federated)
Fin_fl_rl_1,pure_rl,fl_rl,17776419.587566882,10000000.0,17776419.587573726,7776419.587573726,0.0,0.0,7.0,0.0,5300,5300,462,0.08716981132075471,185298943.4710991,1724332.8928735082,0.0093056811904729,0.17243328928735083,0,2261,709098,high_default,10000000.0,10000000.0,1.0,250,FedAvg (federated)
Fin_fl_rl_2,pure_rl,fl_rl,18823518.384466294,10000000.0,18823518.38446697,8823518.384466968,0.0,0.0,17.0,0.0,6138,6138,699,0.11388074291300097,212409836.9687353,1899067.8326463532,0.008940583259926317,0.1899067832646353,0,2261,709098,high_default,10000000.0,10000000.0,1.0,250,FedAvg (federated)
Fin_fl_rl_3,pure_rl,fl_rl,24171511.959374953,10000000.0,24171511.959373947,14171511.959373947,0.0,0.0,16.0,0.0,7201,7201,176,0.02444104985418692,249887435.37616298,532378.5368782836,0.00213047341126567,0.05323785368782836,0,2261,709098,high_default,10000000.0,10000000.0,1.0,250,FedAvg (federated)
Fin_rl_1,pure_rl,rl,2834847.3899927773,1000000.0,2834847.3899927675,1834847.3899927675,0.0,0.0,6.0,0.0,1200,1200,0,0.0,31699953.841708515,0,0.0,0.0,0,2250,436570,none_default,1000000.0,1000000.0,1.0,250,Isolated RL (non-federated)
Fin_rl_2,pure_rl,rl,2621860.9494648054,1000000.0,2621860.9494648287,1621860.9494648287,0.0,0.0,6.0,0.0,1204,1204,0,0.0,30624582.0240902,0,0.0,0.0,0,2250,436570,none_default,1000000.0,1000000.0,1.0,250,Isolated RL (non-federated)
Fin_rl_3,pure_rl,rl,2564756.2209379817,1000000.0,2564756.220937931,1564756.220937931,0.0,0.0,22.0,0.0,1209,1209,0,0.0,31117821.445586503,0,0.0,0.0,0,2250,436570,none_default,1000000.0,1000000.0,1.0,250,Isolated RL (non-federated)
Fin_fl_rl_1,pure_rl,fl_rl,2246631.855426722,1000000.0,2246631.855426832,1246631.855426832,0.0,0.0,6.0,0.0,1163,1163,0,0.0,29441560.721509434,0,0.0,0.0,0,2251,436570,none_default,1000000.0,1000000.0,1.0,250,FedAvg (federated)
Fin_fl_rl_2,pure_rl,fl_rl,2421156.6253849408,1000000.0,2421156.6253849547,1421156.6253849547,0.0,0.0,6.0,0.0,1138,1138,0,0.0,29474662.877397683,0,0.0,0.0,0,2251,436570,none_default,1000000.0,1000000.0,1.0,250,FedAvg (federated)
Fin_fl_rl_3,pure_rl,fl_rl,2889784.3654026813,1000000.0,2889784.365402782,1889784.3654027819,0.0,0.0,22.0,0.0,1255,1255,0,0.0,33497688.90299301,0,0.0,0.0,0,2251,436570,none_default,1000000.0,1000000.0,1.0,250,FedAvg (federated)
Fin_rl_1,pure_rl,rl,2233712.647508816,1000000.0,2233712.6475088303,1233712.6475088303,0.0,0.0,6.0,0.0,1048,1048,149,0.14217557251908397,28140850.851091214,254121.83457775737,0.009030353627985748,0.2541218345777574,0,2300,436570,low_default,1000000.0,1000000.0,1.0,250,Isolated RL (non-federated)
Fin_rl_2,pure_rl,rl,2904487.273826693,1000000.0,2904487.273826584,1904487.2738265842,0.0,0.0,12.0,0.0,1046,1046,39,0.0372848948374761,32037932.780907907,60923.08157955887,0.0019015921531574049,0.06092308157955887,0,2300,436570,low_default,1000000.0,1000000.0,1.0,250,Isolated RL (non-federated)
Fin_rl_3,pure_rl,rl,2385551.7190363905,1000000.0,2385551.719036414,1385551.7190364138,0.0,0.0,6.0,0.0,1173,1173,21,0.017902813299232736,29687969.372110408,33870.964979482436,0.001140898677000847,0.033870964979482436,0,2300,436570,low_default,1000000.0,1000000.0,1.0,250,Isolated RL (non-federated)
Fin_fl_rl_1,pure_rl,fl_rl,2457797.1419292004,1000000.0,2457797.141929165,1457797.141929165,0.0,0.0,6.0,0.0,1088,1088,37,0.03400735294117647,28832698.091689568,62828.79830665181,0.0021790814757208215,0.06282879830665182,0,2261,436570,low_default,1000000.0,1000000.0,1.0,250,FedAvg (federated)
Fin_fl_rl_2,pure_rl,fl_rl,2839073.3567239214,1000000.0,2839073.3567238413,1839073.3567238413,0.0,0.0,12.0,0.0,1160,1160,23,0.019827586206896553,32137939.052621745,31956.682392927607,0.000994360040965995,0.03195668239292761,0,2261,436570,low_default,1000000.0,1000000.0,1.0,250,FedAvg (federated)
Fin_fl_rl_3,pure_rl,fl_rl,3014121.6808176367,1000000.0,3014121.680817773,2014121.680817773,0.0,0.0,6.0,0.0,1239,1239,12,0.009685230024213076,33692841.54558502,18055.648070874973,0.000535889739262461,0.018055648070874973,0,2261,436570,low_default,1000000.0,1000000.0,1.0,250,FedAvg (federated)
Fin_rl_1,pure_rl,rl,2440650.118552229,1000000.0,2440650.118552142,1440650.1185521418,0.0,0.0,6.0,0.0,1022,1022,73,0.07142857142857142,28487760.8321029,166987.77682561666,0.005861737530365598,0.16698777682561666,0,2252,436570,medium_default,1000000.0,1000000.0,1.0,250,Isolated RL (non-federated)
Fin_rl_2,pure_rl,rl,2584701.6628555004,1000000.0,2584701.6628554524,1584701.6628554524,0.0,0.0,6.0,0.0,1096,1096,113,0.1031021897810219,30330541.481449164,221061.6817965369,0.007288418570823839,0.2210616817965369,0,2252,436570,medium_default,1000000.0,1000000.0,1.0,250,Isolated RL (non-federated)
Fin_rl_3,pure_rl,rl,2785329.115953592,1000000.0,2785329.1159535972,1785329.1159535972,0.0,0.0,6.0,0.0,1214,1214,49,0.04036243822075782,31914321.58954891,106322.51634005186,0.003331498557527529,0.10632251634005187,0,2252,436570,medium_default,1000000.0,1000000.0,1.0,250,Isolated RL (non-federated)
Fin_fl_rl_1,pure_rl,fl_rl,2720765.8249593633,1000000.0,2720765.824959361,1720765.824959361,0.0,0.0,6.0,0.0,1121,1121,39,0.03479036574487065,31782827.006461505,76059.80065346893,0.002393109984772778,0.07605980065346893,0,2256,436570,medium_default,1000000.0,1000000.0,1.0,250,FedAvg (federated)
Fin_fl_rl_2,pure_rl,fl_rl,2949030.2473899634,1000000.0,2949030.2473900267,1949030.2473900267,0.0,0.0,23.0,0.0,1095,1095,38,0.034703196347031964,32748826.056941204,78510.43054323734,0.0023973509892149807,0.07851043054323734,0,2256,436570,medium_default,1000000.0,1000000.0,1.0,250,FedAvg (federated)
Fin_fl_rl_3,pure_rl,fl_rl,2820617.0668760724,1000000.0,2820617.066876036,1820617.066876036,0.0,0.0,6.0,0.0,1242,1242,29,0.023349436392914653,32565442.796285667,58564.40649791547,0.001798360515601378,0.05856440649791547,0,2256,436570,medium_default,1000000.0,1000000.0,1.0,250,FedAvg (federated)
Fin_rl_1,pure_rl,rl,2083127.892435523,1000000.0,2083127.8924355416,1083127.8924355416,0.0,0.0,7.0,0.0,910,910,173,0.1901098901098901,26475134.080270175,464429.7204359357,0.017542110231730176,0.4644297204359357,0,2249,436570,high_default,1000000.0,1000000.0,1.0,250,Isolated RL (non-federated)
Fin_rl_2,pure_rl,rl,2343946.549007392,1000000.0,2343946.5490073664,1343946.5490073664,0.0,0.0,6.0,0.0,1000,1000,114,0.114,27296898.264196992,260666.58255432342,0.009549311428405677,0.2606665825543234,0,2249,436570,high_default,1000000.0,1000000.0,1.0,250,Isolated RL (non-federated)
Fin_rl_3,pure_rl,rl,2146680.322800893,1000000.0,2146680.3228008347,1146680.3228008347,0.0,0.0,6.0,0.0,1074,1074,103,0.09590316573556797,27699034.039641146,245028.37411739287,0.008846098162366364,0.24502837411739287,0,2249,436570,high_default,1000000.0,1000000.0,1.0,250,Isolated RL (non-federated)
Fin_fl_rl_1,pure_rl,fl_rl,2366418.261082146,1000000.0,2366418.261082057,1366418.261082057,0.0,0.0,7.0,0.0,985,985,80,0.08121827411167512,27533120.165705547,231768.1401799235,0.008417794234182261,0.2317681401799235,0,2259,436570,high_default,1000000.0,1000000.0,1.0,250,FedAvg (federated)
Fin_fl_rl_2,pure_rl,fl_rl,2190150.916288877,1000000.0,2190150.9162889123,1190150.9162889123,0.0,0.0,6.0,0.0,954,954,110,0.11530398322851153,25918629.59913886,250964.62041484186,0.009682788955137508,0.25096462041484185,0,2259,436570,high_default,1000000.0,1000000.0,1.0,250,FedAvg (federated)
Fin_fl_rl_3,pure_rl,fl_rl,2555534.5135969217,1000000.0,2555534.5135969752,1555534.5135969752,0.0,0.0,6.0,0.0,1140,1140,46,0.04035087719298246,29842847.52830859,111049.17382249612,0.003721131963602204,0.11104917382249611,0,2259,436570,high_default,1000000.0,1000000.0,1.0,250,FedAvg (federated)
Fin_rl_1,pure_rl,rl,15335499.265126554,5000000.0,15335499.265127698,10335499.265127698,0.0,0.0,6.0,0.0,5051,5051,0,0.0,171873824.59058538,0,0.0,0.0,0,2266,436570,none_default,5000000.0,5000000.0,1.0,250,Isolated RL (non-federated)
Fin_rl_2,pure_rl,rl,12924810.64030318,5000000.0,12924810.640302688,7924810.640302688,0.0,0.0,6.0,0.0,4485,4485,0,0.0,151376744.48262116,0,0.0,0.0,0,2266,436570,none_default,5000000.0,5000000.0,1.0,250,Isolated RL (non-federated)
Fin_rl_3,pure_rl,rl,12980092.75662089,5000000.0,12980092.756622152,7980092.756622152,0.0,0.0,22.0,0.0,4652,4652,0,0.0,154567610.6058274,0,0.0,0.0,0,2266,436570,none_default,5000000.0,5000000.0,1.0,250,Isolated RL (non-federated)
Fin_fl_rl_1,pure_rl,fl_rl,14642135.102477688,5000000.0,14642135.102477062,9642135.102477062,0.0,0.0,6.0,0.0,4803,4803,0,0.0,163926360.38362414,0,0.0,0.0,0,2256,436570,none_default,5000000.0,5000000.0,1.0,250,FedAvg (federated)
Fin_fl_rl_2,pure_rl,fl_rl,13397168.886356387,5000000.0,13397168.886356875,8397168.886356875,0.0,0.0,6.0,0.0,4747,4747,0,0.0,156383679.55739164,0,0.0,0.0,0,2256,436570,none_default,5000000.0,5000000.0,1.0,250,FedAvg (federated)
Fin_fl_rl_3,pure_rl,fl_rl,14398755.617000056,5000000.0,14398755.617000453,9398755.617000453,0.0,0.0,22.0,0.0,4682,4682,0,0.0,159546372.44943586,0,0.0,0.0,0,2256,436570,none_default,5000000.0,5000000.0,1.0,250,FedAvg (federated)
Fin_rl_1,pure_rl,rl,12131752.644316286,5000000.0,12131752.644317389,7131752.644317389,0.0,0.0,6.0,0.0,4193,4193,93,0.02217982351538278,142222531.34994993,186679.1278006133,0.001312584764373757,0.03733582556012266,0,2251,436570,low_default,5000000.0,5000000.0,1.0,250,Isolated RL (non-federated)
Fin_rl_2,pure_rl,rl,13806073.613105087,5000000.0,13806073.613103561,8806073.613103561,0.0,0.0,12.0,0.0,4620,4620,130,0.02813852813852814,155709329.9065639,222210.40545405218,0.0014270847198905384,0.04444208109081044,0,2251,436570,low_default,5000000.0,5000000.0,1.0,250,Isolated RL (non-federated)
Fin_rl_3,pure_rl,rl,14600982.071295481,5000000.0,14600982.071296263,9600982.071296263,0.0,0.0,6.0,0.0,4799,4799,88,0.01833715357366118,161894392.53201097,172631.9688185581,0.001066324571954671,0.03452639376371162,0,2251,436570,low_default,5000000.0,5000000.0,1.0,250,Isolated RL (non-federated)
Fin_fl_rl_1,pure_rl,fl_rl,13710809.879909337,5000000.0,13710809.879908876,8710809.879908876,0.0,0.0,6.0,0.0,4451,4451,132,0.02965625702089418,151702378.09716403,291319.59582531423,0.0019203363815346822,0.05826391916506284,0,2265,436570,low_default,5000000.0,5000000.0,1.0,250,FedAvg (federated)
Fin_fl_rl_2,pure_rl,fl_rl,13375623.079660743,5000000.0,13375623.079661636,8375623.079661636,0.0,0.0,12.0,0.0,4365,4365,198,0.04536082474226804,148384372.10471305,370949.17711331596,0.002499920792545064,0.07418983542266319,0,2265,436570,low_default,5000000.0,5000000.0,1.0,250,FedAvg (federated)
Fin_fl_rl_3,pure_rl,fl_rl,14918983.02977561,5000000.0,14918983.029774753,9918983.029774753,0.0,0.0,6.0,0.0,4987,4987,58,0.011630238620413074,168500299.02025726,125879.40882076361,0.0007470574803290425,0.02517588176415272,0,2265,436570,low_default,5000000.0,5000000.0,1.0,250,FedAvg (federated)
Fin_rl_1,pure_rl,rl,12288827.854497558,5000000.0,12288827.854497287,7288827.854497287,0.0,0.0,13.0,0.0,4049,4049,233,0.05754507285749568,139365307.51937416,585166.7166652982,0.00419879758514471,0.11703334333305965,0,2260,436570,medium_default,5000000.0,5000000.0,1.0,250,Isolated RL (non-federated)
Fin_rl_2,pure_rl,rl,11468909.47871434,5000000.0,11468909.478715776,6468909.478715776,0.0,0.0,18.0,0.0,3566,3566,308,0.08637128435221536,123667334.04979208,701099.4639258796,0.005669237307594877,0.1402198927851759,0,2260,436570,medium_default,5000000.0,5000000.0,1.0,250,Isolated RL (non-federated)
Fin_rl_3,pure_rl,rl,14261019.561538525,5000000.0,14261019.561538883,9261019.561538883,0.0,0.0,22.0,0.0,4860,4860,70,0.01440329218106996,162760585.7617824,149722.5631827189,0.0009198944724974998,0.029944512636543782,0,2260,436570,medium_default,5000000.0,5000000.0,1.0,250,Isolated RL (non-federated)
Fin_fl_rl_1,pure_rl,fl_rl,11549314.907225983,5000000.0,11549314.90722518,6549314.90722518,0.0,0.0,13.0,0.0,3862,3862,240,0.06214396685655101,130924758.0362925,585894.3749332916,0.004475046459668697,0.11717887498665831,0,2265,436570,medium_default,5000000.0,5000000.0,1.0,250,FedAvg (federated)
Fin_fl_rl_2,pure_rl,fl_rl,11697943.92114896,5000000.0,11697943.921148747,6697943.921148747,0.0,0.0,18.0,0.0,3658,3658,243,0.06642974302897758,126180810.79272407,545747.8045318429,0.004325125200125218,0.10914956090636858,0,2265,436570,medium_default,5000000.0,5000000.0,1.0,250,FedAvg (federated)
Fin_fl_rl_3,pure_rl,fl_rl,13008757.6671116,5000000.0,13008757.667111974,8008757.667111974,0.0,0.0,22.0,0.0,4670,4670,101,0.021627408993576017,156573058.40580824,233715.29197016658,0.0014926916185313314,0.04674305839403332,0,2265,436570,medium_default,5000000.0,5000000.0,1.0,250,FedAvg (federated)
Fin_rl_1,pure_rl,rl,11354074.308671303,5000000.0,11354074.308670681,6354074.308670681,0.0,0.0,7.0,0.0,3885,3885,266,0.06846846846846846,131878407.93040362,942356.5710344609,0.00714564715955452,0.18847131420689217,0,2266,436570,high_default,5000000.0,5000000.0,1.0,250,Isolated RL (non-federated)
Fin_rl_2,pure_rl,rl,10024822.564676365,5000000.0,10024822.564676303,5024822.564676303,0.0,0.0,13.0,0.0,3243,3243,410,0.12642614862781376,109563462.86859803,1092931.7415499531,0.00997533039696574,0.21858634830999063,0,2266,436570,high_default,5000000.0,5000000.0,1.0,250,Isolated RL (non-federated)
Fin_rl_3,pure_rl,rl,13708437.850626877,5000000.0,13708437.850627057,8708437.850627057,0.0,0.0,15.0,0.0,4642,4642,163,0.03511417492460146,156107086.09090704,495170.7566957765,0.003171994104146047,0.0990341513391553,0,2266,436570,high_default,5000000.0,5000000.0,1.0,250,Isolated RL (non-federated)
Fin_fl_rl_1,pure_rl,fl_rl,10673481.114170427,5000000.0,10673481.11417058,5673481.114170579,0.0,0.0,7.0,0.0,3577,3577,290,0.08107352530053118,123042343.3065252,1058138.4400503547,0.008599791028152821,0.21162768801007095,0,2258,436570,high_default,5000000.0,5000000.0,1.0,250,FedAvg (federated)
Fin_fl_rl_2,pure_rl,fl_rl,11752193.329153033,5000000.0,11752193.329152584,6752193.329152584,0.0,0.0,20.0,0.0,3979,3979,301,0.07564714752450365,136109626.63431618,783048.0642980032,0.0057530689317208065,0.15660961285960065,0,2258,436570,high_default,5000000.0,5000000.0,1.0,250,FedAvg (federated)
Fin_fl_rl_3,pure_rl,fl_rl,12333620.654538626,5000000.0,12333620.654539425,7333620.654539425,0.0,0.0,15.0,0.0,4273,4273,164,0.038380528902410484,142968103.19320893,442806.7223815458,0.0030972413600754787,0.08856134447630916,0,2258,436570,high_default,5000000.0,5000000.0,1.0,250,FedAvg (federated)
Fin_rl_1,pure_rl,rl,26365530.769183222,10000000.0,26365530.769188702,16365530.769188702,0.0,0.0,6.0,0.0,8089,8089,0,0.0,284695761.1285481,0,0.0,0.0,0,2268,436570,none_default,10000000.0,10000000.0,1.0,250,Isolated RL (non-federated)
Fin_rl_2,pure_rl,rl,26586868.449610148,10000000.0,26586868.449609797,16586868.449609797,0.0,0.0,6.0,0.0,9052,9052,0,0.0,311964460.6583763,0,0.0,0.0,0,2268,436570,none_default,10000000.0,10000000.0,1.0,250,Isolated RL (non-federated)
Fin_rl_3,pure_rl,rl,24238273.355838794,10000000.0,24238273.35584102,14238273.355841018,0.0,0.0,8.0,0.0,8337,8337,0,0.0,286593557.5715997,0,0.0,0.0,0,2268,436570,none_default,10000000.0,10000000.0,1.0,250,Isolated RL (non-federated)
Fin_fl_rl_1,pure_rl,fl_rl,25636467.129176684,10000000.0,25636467.12917304,15636467.12917304,0.0,0.0,6.0,0.0,8436,8436,0,0.0,292290555.5289585,0,0.0,0.0,0,2260,436570,none_default,10000000.0,10000000.0,1.0,250,FedAvg (federated)
Fin_fl_rl_2,pure_rl,fl_rl,25247107.56064028,10000000.0,25247107.560641974,15247107.560641974,0.0,0.0,6.0,0.0,8725,8725,0,0.0,298656642.4294554,0,0.0,0.0,0,2260,436570,none_default,10000000.0,10000000.0,1.0,250,FedAvg (federated)
Fin_fl_rl_3,pure_rl,fl_rl,25358881.701354433,10000000.0,25358881.701352403,15358881.701352403,0.0,0.0,8.0,0.0,8185,8185,0,0.0,284805501.9643156,0,0.0,0.0,0,2260,436570,none_default,10000000.0,10000000.0,1.0,250,FedAvg (federated)
Fin_rl_1,pure_rl,rl,22783021.544395134,10000000.0,22783021.54439289,12783021.544392891,0.0,0.0,12.0,0.0,7035,7035,127,0.018052594171997158,244651688.3119485,267505.45402813895,0.001093413480503148,0.026750545402813894,0,2263,436570,low_default,10000000.0,10000000.0,1.0,250,Isolated RL (non-federated)
Fin_rl_2,pure_rl,rl,22876616.750791837,10000000.0,22876616.750793483,12876616.750793483,0.0,0.0,12.0,0.0,6883,6883,208,0.030219381083829724,239474319.97514373,404646.0438974449,0.0016897262468036037,0.04046460438974449,0,2263,436570,low_default,10000000.0,10000000.0,1.0,250,Isolated RL (non-federated)
Fin_rl_3,pure_rl,rl,26027378.931356978,10000000.0,26027378.931354444,16027378.931354444,0.0,0.0,13.0,0.0,8174,8174,50,0.006116956202593589,284747434.62113506,87701.5133166515,0.00030799755380883756,0.00877015133166515,0,2263,436570,low_default,10000000.0,10000000.0,1.0,250,Isolated RL (non-federated)
Fin_fl_rl_1,pure_rl,fl_rl,23966960.34285475,10000000.0,23966960.342854224,13966960.342854224,0.0,0.0,12.0,0.0,7528,7528,147,0.019527098831030817,263848753.4287265,304181.74496664293,0.0011528640594802417,0.030418174496664292,0,2269,436570,low_default,10000000.0,10000000.0,1.0,250,FedAvg (federated)
Fin_fl_rl_2,pure_rl,fl_rl,22424814.821263738,10000000.0,22424814.821264524,12424814.821264524,0.0,0.0,12.0,0.0,6655,6655,181,0.027197595792637114,232260904.92514345,352621.70738936716,0.0015182137842053762,0.03526217073893671,0,2269,436570,low_default,10000000.0,10000000.0,1.0,250,FedAvg (federated)
Fin_fl_rl_3,pure_rl,fl_rl,26057825.39243471,10000000.0,26057825.392432682,16057825.392432682,0.0,0.0,13.0,0.0,8295,8295,55,0.006630500301386378,286612095.38560027,102489.43198459082,0.0003575893468372445,0.010248943198459082,0,2269,436570,low_default,10000000.0,10000000.0,1.0,250,FedAvg (federated)
Fin_rl_1,pure_rl,rl,18495571.102421463,10000000.0,18495571.102423053,8495571.102423053,0.0,0.0,8.0,0.0,5553,5553,454,0.08175760849990996,193194173.70136878,1208187.9216814064,0.006253749264452308,0.12081879216814065,0,2261,436570,medium_default,10000000.0,10000000.0,1.0,250,Isolated RL (non-federated)
Fin_rl_2,pure_rl,rl,23546220.293451764,10000000.0,23546220.29345123,13546220.293451231,0.0,0.0,18.0,0.0,7052,7052,363,0.051474758933635845,246479603.36201882,843070.6755093065,0.0034204480371182676,0.08430706755093065,0,2261,436570,medium_default,10000000.0,10000000.0,1.0,250,Isolated RL (non-federated)
Fin_rl_3,pure_rl,rl,23919038.13466582,10000000.0,23919038.134662673,13919038.134662673,0.0,0.0,22.0,0.0,7287,7287,140,0.01921229586935639,252317467.75044516,356843.4523704853,0.0014142637668012018,0.035684345237048526,0,2261,436570,medium_default,10000000.0,10000000.0,1.0,250,Isolated RL (non-federated)
Fin_fl_rl_1,pure_rl,fl_rl,19145392.53404893,10000000.0,19145392.534046587,9145392.534046587,0.0,0.0,8.0,0.0,5788,5788,320,0.055286800276434005,201422600.934398,851469.2878298131,0.004227277792461488,0.0851469287829813,0,2281,436570,medium_default,10000000.0,10000000.0,1.0,250,FedAvg (federated)
Fin_fl_rl_2,pure_rl,fl_rl,18137619.451020226,10000000.0,18137619.451020993,8137619.451020993,0.0,0.0,18.0,0.0,4690,4690,369,0.07867803837953091,163542337.57248574,865879.3999753605,0.005294527477275312,0.08658793999753604,0,2281,436570,medium_default,10000000.0,10000000.0,1.0,250,FedAvg (federated)
Fin_fl_rl_3,pure_rl,fl_rl,23985570.4681866,10000000.0,23985570.468187597,13985570.468187597,0.0,0.0,22.0,0.0,7881,7881,125,0.0158609313538891,271334819.9465113,282048.6557980919,0.0010394856651781464,0.02820486557980919,0,2281,436570,medium_default,10000000.0,10000000.0,1.0,250,FedAvg (federated)
Fin_rl_1,pure_rl,rl,17932923.185869373,10000000.0,17932923.1858676,7932923.1858676,0.0,0.0,16.0,0.0,5667,5667,559,0.09864125639668254,196766468.12813774,1977529.4459405672,0.010050134378855475,0.1977529445940567,0,2257,436570,high_default,10000000.0,10000000.0,1.0,250,Isolated RL (non-federated)
Fin_rl_2,pure_rl,rl,17054236.647913087,10000000.0,17054236.64791391,7054236.64791391,0.0,0.0,20.0,0.0,5161,5161,749,0.14512691338887812,179300583.40293974,2170070.3550775405,0.012102974312140252,0.21700703550775405,0,2257,436570,high_default,10000000.0,10000000.0,1.0,250,Isolated RL (non-federated)
Fin_rl_3,pure_rl,rl,24765070.828909125,10000000.0,24765070.828909036,14765070.828909036,0.0,0.0,15.0,0.0,7684,7684,265,0.034487246225924,266697502.1516058,824705.2530856398,0.0030922871284217394,0.08247052530856398,0,2257,436570,high_default,10000000.0,10000000.0,1.0,250,Isolated RL (non-federated)
Fin_fl_rl_1,pure_rl,fl_rl,18266560.882729392,10000000.0,18266560.882725526,8266560.882725526,0.0,0.0,16.0,0.0,5750,5750,522,0.09078260869565218,200339683.8679449,1845351.3655857472,0.0092111124963246,0.18453513655857473,0,2265,436570,high_default,10000000.0,10000000.0,1.0,250,FedAvg (federated)
Fin_fl_rl_2,pure_rl,fl_rl,18979261.52534579,10000000.0,18979261.52534512,8979261.52534512,0.0,0.0,20.0,0.0,5733,5733,505,0.08808651665794523,199801977.49265888,1418160.3081677975,0.0070978291905039,0.14181603081677976,0,2265,436570,high_default,10000000.0,10000000.0,1.0,250,FedAvg (federated)
Fin_fl_rl_3,pure_rl,fl_rl,22157300.776707586,10000000.0,22157300.776713602,12157300.776713602,0.0,0.0,15.0,0.0,6980,6980,271,0.03882521489971347,241619216.3980815,812813.9636589602,0.0033640286388471794,0.08128139636589601,0,2265,436570,high_default,10000000.0,10000000.0,1.0,250,FedAvg (federated)
Fin_rl_1,pure_rl,rl,2783054.2334490903,1000000.0,2783054.233449187,1783054.2334491871,0.0,0.0,6.0,0.0,1214,1214,0,0.0,31690102.33723735,0,0.0,0.0,0,2260,831197,none_default,1000000.0,1000000.0,1.0,250,Isolated RL (non-federated)
Fin_rl_2,pure_rl,rl,2917539.721948052,1000000.0,2917539.7219480313,1917539.7219480313,0.0,0.0,6.0,0.0,1270,1270,0,0.0,32769154.43293035,0,0.0,0.0,0,2260,831197,none_default,1000000.0,1000000.0,1.0,250,Isolated RL (non-federated)
Fin_rl_3,pure_rl,rl,2699273.356358979,1000000.0,2699273.356359047,1699273.356359047,0.0,0.0,6.0,0.0,1198,1198,0,0.0,31173117.50342727,0,0.0,0.0,0,2260,831197,none_default,1000000.0,1000000.0,1.0,250,Isolated RL (non-federated)
Fin_fl_rl_1,pure_rl,fl_rl,2835928.471871861,1000000.0,2835928.471871853,1835928.4718718529,0.0,0.0,6.0,0.0,1257,1257,0,0.0,31650639.92819376,0,0.0,0.0,0,2244,831197,none_default,1000000.0,1000000.0,1.0,250,FedAvg (federated)
Fin_fl_rl_2,pure_rl,fl_rl,2951117.130489921,1000000.0,2951117.1304898765,1951117.1304898765,0.0,0.0,6.0,0.0,1204,1204,0,0.0,32784956.760904178,0,0.0,0.0,0,2244,831197,none_default,1000000.0,1000000.0,1.0,250,FedAvg (federated)
Fin_fl_rl_3,pure_rl,fl_rl,2937432.169670559,1000000.0,2937432.169670474,1937432.1696704738,0.0,0.0,6.0,0.0,1231,1231,0,0.0,32895057.653888494,0,0.0,0.0,0,2244,831197,none_default,1000000.0,1000000.0,1.0,250,FedAvg (federated)
Fin_rl_1,pure_rl,rl,2855162.408920326,1000000.0,2855162.4089203128,1855162.4089203128,0.0,0.0,6.0,0.0,1154,1154,45,0.0389948006932409,32396527.65442428,78570.04373359357,0.002425261267865031,0.07857004373359357,0,2247,831197,low_default,1000000.0,1000000.0,1.0,250,Isolated RL (non-federated)
Fin_rl_2,pure_rl,rl,2865747.606635395,1000000.0,2865747.606635383,1865747.6066353829,0.0,0.0,6.0,0.0,1148,1148,62,0.05400696864111498,32770257.964387715,103059.55819760407,0.0031449114105113712,0.10305955819760407,0,2247,831197,low_default,1000000.0,1000000.0,1.0,250,Isolated RL (non-federated)
Fin_rl_3,pure_rl,rl,2964627.0649025836,1000000.0,2964627.0649025934,1964627.0649025934,0.0,0.0,6.0,0.0,1261,1261,17,0.013481363996827915,32979747.786803145,30992.8462035515,0.0009397538878679144,0.0309928462035515,0,2247,831197,low_default,1000000.0,1000000.0,1.0,250,Isolated RL (non-federated)
Fin_fl_rl_1,pure_rl,fl_rl,2552970.646151822,1000000.0,2552970.6461517736,1552970.6461517736,0.0,0.0,6.0,0.0,1096,1096,39,0.035583941605839414,29818622.410624567,66866.15633731801,0.0022424294260318736,0.06686615633731802,0,2252,831197,low_default,1000000.0,1000000.0,1.0,250,FedAvg (federated)
Fin_fl_rl_2,pure_rl,fl_rl,2722090.1503723003,1000000.0,2722090.1503723273,1722090.1503723273,0.0,0.0,6.0,0.0,1141,1141,41,0.03593339176161262,31531774.313486654,62821.68385548905,0.0019923294905932138,0.06282168385548904,0,2252,831197,low_default,1000000.0,1000000.0,1.0,250,FedAvg (federated)
Fin_fl_rl_3,pure_rl,fl_rl,2919600.731335683,1000000.0,2919600.7313354257,1919600.7313354257,0.0,0.0,6.0,0.0,1254,1254,17,0.013556618819776715,33897478.52651144,29285.67319516017,0.0008639484253159318,0.029285673195160167,0,2252,831197,low_default,1000000.0,1000000.0,1.0,250,FedAvg (federated)
Fin_rl_1,pure_rl,rl,2670809.9188011265,1000000.0,2670809.918801169,1670809.918801169,0.0,0.0,6.0,0.0,1064,1064,72,0.06766917293233082,30883737.593819313,170001.1388642519,0.005504551978134726,0.1700011388642519,0,2244,831197,medium_default,1000000.0,1000000.0,1.0,250,Isolated RL (non-federated)
Fin_rl_2,pure_rl,rl,2442412.0949839195,1000000.0,2442412.094983993,1442412.094983993,0.0,0.0,6.0,0.0,1059,1059,159,0.1501416430594901,29661526.23915648,303096.3096659089,0.010218500127811643,0.30309630966590895,0,2244,831197,medium_default,1000000.0,1000000.0,1.0,250,Isolated RL (non-federated)
Fin_rl_3,pure_rl,rl,2705119.009365273,1000000.0,2705119.0093652317,1705119.0093652317,0.0,0.0,6.0,0.0,1141,1141,23,0.020157756354075372,31941191.246447075,41720.346926599916,0.001306161270088529,0.04172034692659991,0,2244,831197,medium_default,1000000.0,1000000.0,1.0,250,Isolated RL (non-federated)
Fin_fl_rl_1,pure_rl,fl_rl,2515334.548227728,1000000.0,2515334.548227808,1515334.548227808,0.0,0.0,6.0,0.0,1041,1041,52,0.049951969260326606,29809810.272584792,111056.24077714843,0.0037254930427814094,0.11105624077714843,0,2264,831197,medium_default,1000000.0,1000000.0,1.0,250,FedAvg (federated)
Fin_fl_rl_2,pure_rl,fl_rl,2077472.0725516633,1000000.0,2077472.0725517115,1077472.0725517115,0.0,0.0,6.0,0.0,1002,1002,107,0.10678642714570859,26590001.258503452,193253.7345320908,0.007267909943038776,0.1932537345320908,0,2264,831197,medium_default,1000000.0,1000000.0,1.0,250,FedAvg (federated)
Fin_fl_rl_3,pure_rl,fl_rl,2710694.6238439507,1000000.0,2710694.6238438655,1710694.6238438655,0.0,0.0,6.0,0.0,1190,1190,23,0.019327731092436976,32321823.189546753,40160.99018214083,0.0012425348021558806,0.04016099018214083,0,2264,831197,medium_default,1000000.0,1000000.0,1.0,250,FedAvg (federated)
Fin_rl_1,pure_rl,rl,2049380.3238662607,1000000.0,2049380.323866364,1049380.323866364,0.0,0.0,6.0,0.0,938,938,128,0.13646055437100213,25192991.923366316,336713.297885438,0.013365355687394116,0.336713297885438,0,2270,831197,high_default,1000000.0,1000000.0,1.0,250,Isolated RL (non-federated)
Fin_rl_2,pure_rl,rl,1656175.5361271324,1000000.0,1656175.536127169,656175.5361271689,0.0,0.0,6.0,0.0,898,898,271,0.30178173719376394,23540145.85274055,575045.5622182654,0.024428292238100915,0.5750455622182654,0,2270,831197,high_default,1000000.0,1000000.0,1.0,250,Isolated RL (non-federated)
Fin_rl_3,pure_rl,rl,3095759.9686952434,1000000.0,3095759.9686952163,2095759.9686952163,0.0,0.0,6.0,0.0,1193,1193,53,0.04442581726739313,34535991.601265244,131162.92192789918,0.0037978617623677545,0.1311629219278992,0,2270,831197,high_default,1000000.0,1000000.0,1.0,250,Isolated RL (non-federated)
Fin_fl_rl_1,pure_rl,fl_rl,1949310.1571763146,1000000.0,1949310.1571763924,949310.1571763924,0.0,0.0,6.0,0.0,916,916,95,0.1037117903930131,24853425.56339312,256620.91118824,0.01032537388190945,0.25662091118824,0,2265,831197,high_default,1000000.0,1000000.0,1.0,250,FedAvg (federated)
Fin_fl_rl_2,pure_rl,fl_rl,1951161.5774386206,1000000.0,1951161.577438615,951161.577438615,0.0,0.0,6.0,0.0,938,938,121,0.12899786780383796,25102827.745104436,275900.7136526324,0.010990822088019095,0.27590071365263236,0,2265,831197,high_default,1000000.0,1000000.0,1.0,250,FedAvg (federated)
Fin_fl_rl_3,pure_rl,fl_rl,2719603.277381144,1000000.0,2719603.2773811477,1719603.2773811477,0.0,0.0,6.0,0.0,1118,1118,31,0.027728085867620753,31853662.18244378,81676.98853092868,0.002564131812007008,0.08167698853092868,0,2265,831197,high_default,1000000.0,1000000.0,1.0,250,FedAvg (federated)
Fin_rl_1,pure_rl,rl,14560036.61358872,5000000.0,14560036.613587538,9560036.613587538,0.0,0.0,6.0,0.0,4738,4738,0,0.0,162041577.1755723,0,0.0,0.0,0,2264,831197,none_default,5000000.0,5000000.0,1.0,250,Isolated RL (non-federated)
Fin_rl_2,pure_rl,rl,13831888.88024261,5000000.0,13831888.880240722,8831888.880240722,0.0,0.0,6.0,0.0,4780,4780,0,0.0,159246747.4583001,0,0.0,0.0,0,2264,831197,none_default,5000000.0,5000000.0,1.0,250,Isolated RL (non-federated)
Fin_rl_3,pure_rl,rl,14347043.57275754,5000000.0,14347043.572756447,9347043.572756447,0.0,0.0,32.0,0.0,4890,4890,0,0.0,165162270.09946072,0,0.0,0.0,0,2264,831197,none_default,5000000.0,5000000.0,1.0,250,Isolated RL (non-federated)
Fin_fl_rl_1,pure_rl,fl_rl,14881014.835671443,5000000.0,14881014.83567273,9881014.83567273,0.0,0.0,6.0,0.0,4945,4945,0,0.0,167647885.3697484,0,0.0,0.0,0,2262,831197,none_default,5000000.0,5000000.0,1.0,250,FedAvg (federated)
Fin_fl_rl_2,pure_rl,fl_rl,13704195.78842871,5000000.0,13704195.78842999,8704195.78842999,0.0,0.0,6.0,0.0,4787,4787,0,0.0,159270326.4829826,0,0.0,0.0,0,2262,831197,none_default,5000000.0,5000000.0,1.0,250,FedAvg (federated)
Fin_fl_rl_3,pure_rl,fl_rl,14209830.102467118,5000000.0,14209830.102466488,9209830.102466488,0.0,0.0,6.0,0.0,4854,4854,0,0.0,163695034.25796005,0,0.0,0.0,0,2262,831197,none_default,5000000.0,5000000.0,1.0,250,FedAvg (federated)
Fin_rl_1,pure_rl,rl,13307944.02636075,5000000.0,13307944.026360992,8307944.026360992,0.0,0.0,8.0,0.0,4589,4589,88,0.01917629113096535,155402512.96543896,168509.61351512265,0.001084342912476574,0.03370192270302453,0,2258,831197,low_default,5000000.0,5000000.0,1.0,250,Isolated RL (non-federated)
Fin_rl_2,pure_rl,rl,13183746.562669342,5000000.0,13183746.562668534,8183746.562668534,0.0,0.0,7.0,0.0,4320,4320,245,0.056712962962962965,147759932.8060595,500233.9855563239,0.003385450819153389,0.10004679711126478,0,2258,831197,low_default,5000000.0,5000000.0,1.0,250,Isolated RL (non-federated)
Fin_rl_3,pure_rl,rl,13421823.224271778,5000000.0,13421823.224273087,8421823.224273087,0.0,0.0,6.0,0.0,4566,4566,36,0.00788436268068331,153188334.9182824,68566.07214171372,0.00044759329865612797,0.013713214428342745,0,2258,831197,low_default,5000000.0,5000000.0,1.0,250,Isolated RL (non-federated)
Fin_fl_rl_1,pure_rl,fl_rl,12580760.531483779,5000000.0,12580760.53148319,7580760.53148319,0.0,0.0,8.0,0.0,4236,4236,88,0.02077431539187913,143069211.99157894,174028.41399713093,0.001216393181835476,0.03480568279942619,0,2252,831197,low_default,5000000.0,5000000.0,1.0,250,FedAvg (federated)
Fin_fl_rl_2,pure_rl,fl_rl,13607801.33030198,5000000.0,13607801.330301423,8607801.330301423,0.0,0.0,7.0,0.0,4583,4583,110,0.024001745581496835,155848350.8155488,205732.126542509,0.0013200789451150443,0.0411464253085018,0,2252,831197,low_default,5000000.0,5000000.0,1.0,250,FedAvg (federated)
Fin_fl_rl_3,pure_rl,fl_rl,15386590.932830665,5000000.0,15386590.93283063,10386590.93283063,0.0,0.0,6.0,0.0,4995,4995,22,0.004404404404404405,169297445.3169967,37250.57223731896,0.00022003032690522925,0.007450114447463792,0,2252,831197,low_default,5000000.0,5000000.0,1.0,250,FedAvg (federated)
Fin_rl_1,pure_rl,rl,10930624.228192091,5000000.0,10930624.228192015,5930624.228192015,0.0,0.0,8.0,0.0,3989,3989,397,0.09952369014790674,133399693.62173994,1040160.9795376491,0.007797326600217436,0.2080321959075298,0,2272,831197,medium_default,5000000.0,5000000.0,1.0,250,Isolated RL (non-federated)
Fin_rl_2,pure_rl,rl,14310288.060465682,5000000.0,14310288.060466498,9310288.060466498,0.0,0.0,25.0,0.0,4549,4549,166,0.036491536601450866,157698703.4773635,326371.48383028526,0.0020695888845854303,0.06527429676605705,0,2272,831197,medium_default,5000000.0,5000000.0,1.0,250,Isolated RL (non-federated)
Fin_rl_3,pure_rl,rl,14167362.635926874,5000000.0,14167362.635926379,9167362.635926379,0.0,0.0,25.0,0.0,4928,4928,49,0.009943181818181818,164037363.5798517,120098.63359374103,0.0007321419399384475,0.024019726718748205,0,2272,831197,medium_default,5000000.0,5000000.0,1.0,250,Isolated RL (non-federated)
Fin_fl_rl_1,pure_rl,fl_rl,12427384.784830999,5000000.0,12427384.78483087,7427384.78483087,0.0,0.0,8.0,0.0,4117,4117,207,0.05027932960893855,140006267.70305815,599378.2794188088,0.004281081763353917,0.11987565588376176,0,2255,831197,medium_default,5000000.0,5000000.0,1.0,250,FedAvg (federated)
Fin_fl_rl_2,pure_rl,fl_rl,14110141.378994398,5000000.0,14110141.378993655,9110141.378993655,0.0,0.0,25.0,0.0,4525,4525,194,0.04287292817679558,155534906.89533052,389372.4908558592,0.002503441180042581,0.07787449817117184,0,2255,831197,medium_default,5000000.0,5000000.0,1.0,250,FedAvg (federated)
Fin_fl_rl_3,pure_rl,fl_rl,14341890.49926803,5000000.0,14341890.49926665,9341890.49926665,0.0,0.0,7.0,0.0,4817,4817,68,0.014116670126634834,162424691.49271393,184126.25100869918,0.001133609978363165,0.03682525020173984,0,2255,831197,medium_default,5000000.0,5000000.0,1.0,250,FedAvg (federated)
Fin_rl_1,pure_rl,rl,11498567.033272875,5000000.0,11498567.0332742,6498567.0332742,0.0,0.0,19.0,0.0,3761,3761,277,0.07365062483382079,129225741.57433756,996330.3248100805,0.007709998895513693,0.1992660649620161,0,2268,831197,high_default,5000000.0,5000000.0,1.0,250,Isolated RL (non-federated)
Fin_rl_2,pure_rl,rl,9903918.087451005,5000000.0,9903918.087450912,4903918.087450912,0.0,0.0,7.0,0.0,3721,3721,602,0.16178446654125236,124308996.03924611,1624211.985589565,0.013065924730634766,0.324842397117913,0,2268,831197,high_default,5000000.0,5000000.0,1.0,250,Isolated RL (non-federated)
Fin_rl_3,pure_rl,rl,12763211.295599043,5000000.0,12763211.29559957,7763211.2955995705,0.0,0.0,19.0,0.0,4269,4269,191,0.04474115717966737,145548211.1022079,580411.9622868318,0.003987764314597112,0.11608239245736636,0,2268,831197,high_default,5000000.0,5000000.0,1.0,250,Isolated RL (non-federated)
Fin_fl_rl_1,pure_rl,fl_rl,11568394.421903988,5000000.0,11568394.421904463,6568394.421904463,0.0,0.0,19.0,0.0,3979,3979,288,0.07237999497361146,135796594.66343033,1061723.1549298763,0.00781848143954817,0.21234463098597525,0,2254,831197,high_default,5000000.0,5000000.0,1.0,250,FedAvg (federated)
Fin_fl_rl_2,pure_rl,fl_rl,11845966.622672003,5000000.0,11845966.622671667,6845966.6226716675,0.0,0.0,7.0,0.0,3824,3824,270,0.07060669456066945,132565267.98176166,734154.7411594111,0.005538062513179668,0.14683094823188222,0,2254,831197,high_default,5000000.0,5000000.0,1.0,250,FedAvg (federated)
Fin_fl_rl_3,pure_rl,fl_rl,13174020.074132364,5000000.0,13174020.074131628,8174020.0741316285,0.0,0.0,19.0,0.0,4441,4441,136,0.03062373339337987,148634218.4792552,375588.2551378609,0.002526929928926706,0.07511765102757217,0,2254,831197,high_default,5000000.0,5000000.0,1.0,250,FedAvg (federated)
Fin_rl_1,pure_rl,rl,26966913.303029984,10000000.0,26966913.303024355,16966913.303024355,0.0,0.0,6.0,0.0,8856,8856,0,0.0,307419603.8997814,0,0.0,0.0,0,2262,831197,none_default,10000000.0,10000000.0,1.0,250,Isolated RL (non-federated)
Fin_rl_2,pure_rl,rl,23257557.07555884,10000000.0,23257557.07555813,13257557.07555813,0.0,0.0,14.0,0.0,8188,8188,0,0.0,281965317.10196817,0,0.0,0.0,0,2262,831197,none_default,10000000.0,10000000.0,1.0,250,Isolated RL (non-federated)
Fin_rl_3,pure_rl,rl,24220164.877386108,10000000.0,24220164.87738663,14220164.87738663,0.0,0.0,6.0,0.0,7901,7901,0,0.0,273373360.0740978,0,0.0,0.0,0,2262,831197,none_default,10000000.0,10000000.0,1.0,250,Isolated RL (non-federated)
Fin_fl_rl_1,pure_rl,fl_rl,24019338.149434227,10000000.0,24019338.14943483,14019338.149434831,0.0,0.0,6.0,0.0,8305,8305,0,0.0,285106301.70361567,0,0.0,0.0,0,2266,831197,none_default,10000000.0,10000000.0,1.0,250,FedAvg (federated)
Fin_fl_rl_2,pure_rl,fl_rl,26901719.669528756,10000000.0,26901719.66952999,16901719.66952999,0.0,0.0,14.0,0.0,8248,8248,0,0.0,288669581.793822,0,0.0,0.0,0,2266,831197,none_default,10000000.0,10000000.0,1.0,250,FedAvg (federated)
Fin_fl_rl_3,pure_rl,fl_rl,24895459.63726143,10000000.0,24895459.63726818,14895459.637268178,0.0,0.0,6.0,0.0,8212,8212,0,0.0,285337945.5910708,0,0.0,0.0,0,2266,831197,none_default,10000000.0,10000000.0,1.0,250,FedAvg (federated)
Fin_rl_1,pure_rl,rl,23707474.712731563,10000000.0,23707474.712726966,13707474.712726966,0.0,0.0,8.0,0.0,7219,7219,138,0.01911622108325253,252802078.00806463,276207.93940821895,0.0010925857160058931,0.027620793940821894,0,2261,831197,low_default,10000000.0,10000000.0,1.0,250,Isolated RL (non-federated)
Fin_rl_2,pure_rl,rl,22555115.505780384,10000000.0,22555115.50578016,12555115.50578016,0.0,0.0,7.0,0.0,7055,7055,196,0.027781715095676826,245359717.8034999,367143.31998958765,0.0014963471725363655,0.036714331998958766,0,2261,831197,low_default,10000000.0,10000000.0,1.0,250,Isolated RL (non-federated)
Fin_rl_3,pure_rl,rl,24702967.49974417,10000000.0,24702967.499744304,14702967.499744304,0.0,0.0,6.0,0.0,7830,7830,51,0.006513409961685823,268931657.38381845,98720.56745477939,0.0003670842191474903,0.009872056745477939,0,2261,831197,low_default,10000000.0,10000000.0,1.0,250,Isolated RL (non-federated)
Fin_fl_rl_1,pure_rl,fl_rl,21207685.211064603,10000000.0,21207685.211066537,11207685.211066537,0.0,0.0,8.0,0.0,5659,5659,122,0.02155857925428521,199562854.09388453,240282.57717400772,0.001204044601712133,0.02402825771740077,0,2258,831197,low_default,10000000.0,10000000.0,1.0,250,FedAvg (federated)
Fin_fl_rl_2,pure_rl,fl_rl,21844106.059681963,10000000.0,21844106.059683196,11844106.059683196,0.0,0.0,7.0,0.0,6876,6876,228,0.03315881326352531,238940466.12021938,423185.63015511463,0.0017710923437396955,0.042318563015511464,0,2258,831197,low_default,10000000.0,10000000.0,1.0,250,FedAvg (federated)
Fin_fl_rl_3,pure_rl,fl_rl,25631072.17489447,10000000.0,25631072.174894795,15631072.174894795,0.0,0.0,6.0,0.0,8097,8097,56,0.0069161417809065085,278400630.51839304,105187.70394382007,0.00037782854064646475,0.010518770394382008,0,2258,831197,low_default,10000000.0,10000000.0,1.0,250,FedAvg (federated)
Fin_rl_1,pure_rl,rl,20823086.51750408,10000000.0,20823086.51750866,10823086.51750866,0.0,0.0,8.0,0.0,6651,6651,253,0.03803939257254548,230205895.05006903,709747.3872667813,0.003083098228707017,0.07097473872667813,0,2268,831197,medium_default,10000000.0,10000000.0,1.0,250,Isolated RL (non-federated)
Fin_rl_2,pure_rl,rl,21316076.77989657,10000000.0,21316076.779897157,11316076.779897157,0.0,0.0,25.0,0.0,6643,6643,437,0.0657835315369562,232372164.1088804,1034669.5532236687,0.004452639829695193,0.10346695532236687,0,2268,831197,medium_default,10000000.0,10000000.0,1.0,250,Isolated RL (non-federated)
Fin_rl_3,pure_rl,rl,24165801.060533088,10000000.0,24165801.060534857,14165801.060534857,0.0,0.0,7.0,0.0,7732,7732,105,0.013579927573719607,267457644.01663074,252388.50325766348,0.0009436578422935998,0.025238850325766348,0,2268,831197,medium_default,10000000.0,10000000.0,1.0,250,Isolated RL (non-federated)
Fin_fl_rl_1,pure_rl,fl_rl,20910699.444249973,10000000.0,20910699.444247376,10910699.444247376,0.0,0.0,8.0,0.0,6087,6087,263,0.043206834236898306,212133901.40267587,779410.825723154,0.003674145530580066,0.0779410825723154,0,2262,831197,medium_default,10000000.0,10000000.0,1.0,250,FedAvg (federated)
Fin_fl_rl_2,pure_rl,fl_rl,18911940.819913473,10000000.0,18911940.819914643,8911940.819914643,0.0,0.0,25.0,0.0,5025,5025,328,0.06527363184079601,175605013.6930704,750961.1962752002,0.004276422298441665,0.07509611962752002,0,2262,831197,medium_default,10000000.0,10000000.0,1.0,250,FedAvg (federated)
Fin_fl_rl_3,pure_rl,fl_rl,24804024.133065388,10000000.0,24804024.133063905,14804024.133063905,0.0,0.0,7.0,0.0,7674,7674,102,0.013291634089132134,264716451.02802467,240977.5511228557,0.0009103232919111029,0.024097755112285568,0,2262,831197,medium_default,10000000.0,10000000.0,1.0,250,FedAvg (federated)
Fin_rl_1,pure_rl,rl,16676076.190185528,10000000.0,16676076.190187586,6676076.1901875865,0.0,0.0,12.0,0.0,5476,5476,1101,0.2010591672753835,189900986.77825195,3354564.192936259,0.017664806538648454,0.3354564192936259,0,2259,831197,high_default,10000000.0,10000000.0,1.0,250,Isolated RL (non-federated)
Fin_rl_2,pure_rl,rl,18325999.370805144,10000000.0,18325999.37080654,8325999.370806541,0.0,0.0,10.0,0.0,5363,5363,511,0.09528249114301697,187074275.60857734,1415064.5355796914,0.00756418556734377,0.14150645355796915,0,2259,831197,high_default,10000000.0,10000000.0,1.0,250,Isolated RL (non-federated)
Fin_rl_3,pure_rl,rl,24427741.523419097,10000000.0,24427741.52341819,14427741.523418192,0.0,0.0,19.0,0.0,7703,7703,180,0.023367519148383746,266795086.12005547,576291.2479906798,0.0021600519573713355,0.05762912479906798,0,2259,831197,high_default,10000000.0,10000000.0,1.0,250,Isolated RL (non-federated)
Fin_fl_rl_1,pure_rl,fl_rl,18013152.752348356,10000000.0,18013152.752352513,8013152.752352513,0.0,0.0,19.0,0.0,5425,5425,525,0.0967741935483871,189348991.41252005,1897130.6319881766,0.010019227553502222,0.18971306319881767,0,2261,831197,high_default,10000000.0,10000000.0,1.0,250,FedAvg (federated)
Fin_fl_rl_2,pure_rl,fl_rl,19429596.195403423,10000000.0,19429596.195404395,9429596.195404395,0.0,0.0,10.0,0.0,6115,6115,572,0.09354047424366313,212220993.96061447,1559286.0784331325,0.007347463836318268,0.15592860784331325,0,2261,831197,high_default,10000000.0,10000000.0,1.0,250,FedAvg (federated)
Fin_fl_rl_3,pure_rl,fl_rl,21031114.36496881,10000000.0,21031114.364969365,11031114.364969365,0.0,0.0,19.0,0.0,6016,6016,232,0.03856382978723404,209564664.00432742,757108.2315846916,0.0036127666616975924,0.07571082315846915,0,2261,831197,high_default,10000000.0,10000000.0,1.0,250,FedAvg (federated)
Fin_rl_1,pure_rl,rl,2836960.211991227,1000000.0,2836960.211991256,1836960.211991256,0.0,0.0,6.0,0.0,1294,1294,0,0.0,32174561.58713676,0,0.0,0.0,0,2252,709098,none_default,1000000.0,1000000.0,1.0,500,Isolated RL (non-federated)
Fin_rl_2,pure_rl,rl,2791924.75566676,1000000.0,2791924.7556667426,1791924.7556667426,0.0,0.0,6.0,0.0,1277,1277,0,0.0,32746569.672366306,0,0.0,0.0,0,2252,709098,none_default,1000000.0,1000000.0,1.0,500,Isolated RL (non-federated)
Fin_rl_3,pure_rl,rl,2485909.4282759978,1000000.0,2485909.428275902,1485909.4282759018,0.0,0.0,6.0,0.0,1233,1233,0,0.0,30733291.04525791,0,0.0,0.0,0,2252,709098,none_default,1000000.0,1000000.0,1.0,500,Isolated RL (non-federated)
Fin_fl_rl_1,pure_rl,fl_rl,2467522.012813998,1000000.0,2467522.0128140906,1467522.0128140906,0.0,0.0,6.0,0.0,1208,1208,0,0.0,30057335.510725174,0,0.0,0.0,0,2235,709098,none_default,1000000.0,1000000.0,1.0,500,FedAvg (federated)
Fin_fl_rl_2,pure_rl,fl_rl,2259008.5899726436,1000000.0,2259008.589972662,1259008.5899726618,0.0,0.0,6.0,0.0,1191,1191,0,0.0,29526729.822825372,0,0.0,0.0,0,2235,709098,none_default,1000000.0,1000000.0,1.0,500,FedAvg (federated)
Fin_fl_rl_3,pure_rl,fl_rl,2786497.809539533,1000000.0,2786497.8095394364,1786497.8095394364,0.0,0.0,6.0,0.0,1262,1262,0,0.0,32100875.269254588,0,0.0,0.0,0,2235,709098,none_default,1000000.0,1000000.0,1.0,500,FedAvg (federated)
Fin_rl_1,pure_rl,rl,2492086.7323236037,1000000.0,2492086.732323531,1492086.732323531,0.0,0.0,6.0,0.0,1156,1156,75,0.06487889273356401,30741478.177842185,133025.84565917146,0.004327242980627187,0.13302584565917147,0,2253,709098,low_default,1000000.0,1000000.0,1.0,500,Isolated RL (non-federated)
Fin_rl_2,pure_rl,rl,2801177.9182862304,1000000.0,2801177.918286178,1801177.9182861778,0.0,0.0,6.0,0.0,1212,1212,36,0.0297029702970297,32020806.751158018,54856.505496140075,0.0017131518865981168,0.05485650549614007,0,2253,709098,low_default,1000000.0,1000000.0,1.0,500,Isolated RL (non-federated)
Fin_rl_3,pure_rl,rl,2644383.47611082,1000000.0,2644383.476110691,1644383.4761106912,0.0,0.0,6.0,0.0,1271,1271,25,0.01966955153422502,31645584.240450233,44868.90885279597,0.0014178568647009945,0.04486890885279597,0,2253,709098,low_default,1000000.0,1000000.0,1.0,500,Isolated RL (non-federated)
Fin_fl_rl_1,pure_rl,fl_rl,2670437.189205461,1000000.0,2670437.189205385,1670437.1892053848,0.0,0.0,6.0,0.0,1187,1187,38,0.03201347935973041,31770206.262729704,62600.932541702714,0.001970428898824657,0.06260093254170271,0,2254,709098,low_default,1000000.0,1000000.0,1.0,500,FedAvg (federated)
Fin_fl_rl_2,pure_rl,fl_rl,2730362.39965114,1000000.0,2730362.399651173,1730362.399651173,0.0,0.0,36.0,0.0,1181,1181,37,0.03132938187976291,32051668.769813873,51374.08995698503,0.0016028522672544567,0.05137408995698503,0,2254,709098,low_default,1000000.0,1000000.0,1.0,500,FedAvg (federated)
Fin_fl_rl_3,pure_rl,fl_rl,2455864.2043059506,1000000.0,2455864.204305871,1455864.204305871,0.0,0.0,6.0,0.0,1209,1209,26,0.021505376344086023,30258260.738850903,40757.20079596802,0.001346977645137307,0.04075720079596802,0,2254,709098,low_default,1000000.0,1000000.0,1.0,500,FedAvg (federated)
Fin_rl_1,pure_rl,rl,2064852.8270759217,1000000.0,2064852.8270759378,1064852.8270759378,0.0,0.0,6.0,0.0,1069,1069,138,0.12909260991580918,27137914.797288485,301742.014454509,0.011118835647780054,0.301742014454509,0,2257,709098,medium_default,1000000.0,1000000.0,1.0,500,Isolated RL (non-federated)
Fin_rl_2,pure_rl,rl,2417867.0068438645,1000000.0,2417867.0068438672,1417867.0068438672,0.0,0.0,6.0,0.0,1093,1093,76,0.06953339432753888,29060328.887740523,143765.72050846528,0.004947147056175084,0.14376572050846528,0,2257,709098,medium_default,1000000.0,1000000.0,1.0,500,Isolated RL (non-federated)
Fin_rl_3,pure_rl,rl,3056590.4371146266,1000000.0,3056590.437114711,2056590.437114711,0.0,0.0,9.0,0.0,1306,1306,37,0.028330781010719754,33916700.4062472,75551.97857392178,0.0022275745479063665,0.07555197857392178,0,2257,709098,medium_default,1000000.0,1000000.0,1.0,500,Isolated RL (non-federated)
Fin_fl_rl_1,pure_rl,fl_rl,2460202.011460057,1000000.0,2460202.0114600975,1460202.0114600975,0.0,0.0,6.0,0.0,1133,1133,57,0.05030891438658429,29275110.245307896,129544.98565180216,0.00442508959202178,0.12954498565180214,0,2255,709098,medium_default,1000000.0,1000000.0,1.0,500,FedAvg (federated)
Fin_fl_rl_2,pure_rl,fl_rl,2471041.8331443705,1000000.0,2471041.833144422,1471041.8331444222,0.0,0.0,6.0,0.0,1119,1119,88,0.07864164432529044,29225436.357793387,154413.2604471894,0.005283522838009324,0.1544132604471894,0,2255,709098,medium_default,1000000.0,1000000.0,1.0,500,FedAvg (federated)
Fin_fl_rl_3,pure_rl,fl_rl,2805629.506115044,1000000.0,2805629.506115055,1805629.5061150552,0.0,0.0,9.0,0.0,1234,1234,40,0.03241491085899514,32000062.034088943,77012.95651799615,0.0024066502257388124,0.07701295651799615,0,2255,709098,medium_default,1000000.0,1000000.0,1.0,500,FedAvg (federated)
Fin_rl_1,pure_rl,rl,2323754.015542265,1000000.0,2323754.015542183,1323754.015542183,0.0,0.0,7.0,0.0,1016,1016,111,0.10925196850393701,27607524.924827524,313756.8130971126,0.01136490192262582,0.31375681309711256,0,2265,709098,high_default,1000000.0,1000000.0,1.0,500,Isolated RL (non-federated)
Fin_rl_2,pure_rl,rl,2379401.0751797124,1000000.0,2379401.075179711,1379401.075179711,0.0,0.0,6.0,0.0,1051,1051,105,0.09990485252140818,27686054.235971507,248995.5527681934,0.00899353698602101,0.24899555276819338,0,2265,709098,high_default,1000000.0,1000000.0,1.0,500,Isolated RL (non-federated)
Fin_rl_3,pure_rl,rl,2773189.9594278536,1000000.0,2773189.9594278648,1773189.9594278648,0.0,0.0,6.0,0.0,1260,1260,50,0.03968253968253968,32546060.030638903,119881.21114309679,0.0036834323733883753,0.11988121114309679,0,2265,709098,high_default,1000000.0,1000000.0,1.0,500,Isolated RL (non-federated)
Fin_fl_rl_1,pure_rl,fl_rl,2070058.1663532269,1000000.0,2070058.1663532127,1070058.1663532127,0.0,0.0,7.0,0.0,982,982,104,0.10590631364562118,25072241.361424822,290344.1484449226,0.011580302864012583,0.29034414844492257,0,2258,709098,high_default,1000000.0,1000000.0,1.0,500,FedAvg (federated)
Fin_fl_rl_2,pure_rl,fl_rl,2620291.451948083,1000000.0,2620291.451948125,1620291.451948125,0.0,0.0,6.0,0.0,1110,1110,88,0.07927927927927927,30663348.764120005,198730.06631432183,0.006481029447992358,0.19873006631432183,0,2258,709098,high_default,1000000.0,1000000.0,1.0,500,FedAvg (federated)
Fin_fl_rl_3,pure_rl,fl_rl,2315141.878333614,1000000.0,2315141.878333641,1315141.8783336412,0.0,0.0,6.0,0.0,1109,1109,65,0.058611361587015326,28038700.710060544,139632.25411122112,0.004979983043976064,0.13963225411122113,0,2258,709098,high_default,1000000.0,1000000.0,1.0,500,FedAvg (federated)
Fin_rl_1,pure_rl,rl,14326220.405046428,5000000.0,14326220.40504714,9326220.40504714,0.0,0.0,6.0,0.0,4959,4959,0,0.0,165844575.67244148,0,0.0,0.0,0,2266,709098,none_default,5000000.0,5000000.0,1.0,500,Isolated RL (non-federated)
Fin_rl_2,pure_rl,rl,13038964.695738917,5000000.0,13038964.695738949,8038964.695738949,0.0,0.0,9.0,0.0,4756,4756,0,0.0,156448077.82439193,0,0.0,0.0,0,2266,709098,none_default,5000000.0,5000000.0,1.0,500,Isolated RL (non-federated)
Fin_rl_3,pure_rl,rl,14112141.33068641,5000000.0,14112141.330686998,9112141.330686998,0.0,0.0,6.0,0.0,4794,4794,0,0.0,159808239.37097704,0,0.0,0.0,0,2266,709098,none_default,5000000.0,5000000.0,1.0,500,Isolated RL (non-federated)
Fin_fl_rl_1,pure_rl,fl_rl,12471297.537857108,5000000.0,12471297.53785761,7471297.537857611,0.0,0.0,21.0,0.0,4599,4599,0,0.0,149999063.04455897,0,0.0,0.0,0,2265,709098,none_default,5000000.0,5000000.0,1.0,500,FedAvg (federated)
Fin_fl_rl_2,pure_rl,fl_rl,13588898.048380613,5000000.0,13588898.048380567,8588898.048380567,0.0,0.0,9.0,0.0,4852,4852,0,0.0,161174212.30190173,0,0.0,0.0,0,2265,709098,none_default,5000000.0,5000000.0,1.0,500,FedAvg (federated)
Fin_fl_rl_3,pure_rl,fl_rl,14659420.27906833,5000000.0,14659420.279067801,9659420.279067801,0.0,0.0,6.0,0.0,4952,4952,0,0.0,165992449.0583513,0,0.0,0.0,0,2265,709098,none_default,5000000.0,5000000.0,1.0,500,FedAvg (federated)
Fin_rl_1,pure_rl,rl,15940444.764850328,5000000.0,15940444.764850952,10940444.764850952,0.0,0.0,6.0,0.0,5194,5194,75,0.01443973815941471,176554119.6323317,152468.89511059585,0.000863581633938123,0.03049377902211917,0,2269,709098,low_default,5000000.0,5000000.0,1.0,500,Isolated RL (non-federated)
Fin_rl_2,pure_rl,rl,15962850.718300642,5000000.0,15962850.718301985,10962850.718301985,0.0,0.0,9.0,0.0,5112,5112,136,0.026604068857589983,176080437.60021424,268760.0073936616,0.0015263479069939259,0.05375200147873232,0,2269,709098,low_default,5000000.0,5000000.0,1.0,500,Isolated RL (non-federated)
Fin_rl_3,pure_rl,rl,13992399.646638071,5000000.0,13992399.646638345,8992399.646638345,0.0,0.0,6.0,0.0,4984,4984,45,0.009028892455858748,162197400.51518324,94204.01840181513,0.0005807985707699226,0.018840803680363026,0,2269,709098,low_default,5000000.0,5000000.0,1.0,500,Isolated RL (non-federated)
Fin_fl_rl_1,pure_rl,fl_rl,14753840.064284118,5000000.0,14753840.064282775,9753840.064282775,0.0,0.0,6.0,0.0,4950,4950,68,0.013737373737373737,164913623.19812667,137078.01964796448,0.0008312110121022531,0.027415603929592896,0,2251,709098,low_default,5000000.0,5000000.0,1.0,500,FedAvg (federated)
Fin_fl_rl_2,pure_rl,fl_rl,13818883.081986759,5000000.0,13818883.081986958,8818883.081986958,0.0,0.0,9.0,0.0,4621,4621,131,0.028348842241938975,154564159.64219555,232373.38400031667,0.0015034105224538705,0.046474676800063335,0,2251,709098,low_default,5000000.0,5000000.0,1.0,500,FedAvg (federated)
Fin_fl_rl_3,pure_rl,fl_rl,15687772.363948256,5000000.0,15687772.363948481,10687772.363948481,0.0,0.0,6.0,0.0,5216,5216,30,0.005751533742331288,174514640.62045372,59987.18129497743,0.0003437372422262361,0.011997436258995487,0,2251,709098,low_default,5000000.0,5000000.0,1.0,500,FedAvg (federated)
Fin_rl_1,pure_rl,rl,13823541.385896431,5000000.0,13823541.385895291,8823541.385895291,0.0,0.0,18.0,0.0,4665,4665,157,0.033654876741693464,155928761.5532469,412066.9244983678,0.0026426614332959626,0.08241338489967356,0,2266,709098,medium_default,5000000.0,5000000.0,1.0,500,Isolated RL (non-federated)
Fin_rl_2,pure_rl,rl,12836340.393708386,5000000.0,12836340.393707829,7836340.393707829,0.0,0.0,7.0,0.0,4396,4396,333,0.07575068243858053,146458283.81034678,749261.1558372448,0.005115867374272155,0.14985223116744897,0,2266,709098,medium_default,5000000.0,5000000.0,1.0,500,Isolated RL (non-federated)
Fin_rl_3,pure_rl,rl,14391654.375117015,5000000.0,14391654.375117933,9391654.375117933,0.0,0.0,31.0,0.0,4971,4971,143,0.028766847716757193,164935984.60823333,343949.8990461732,0.0020853539017767733,0.06878997980923464,0,2266,709098,medium_default,5000000.0,5000000.0,1.0,500,Isolated RL (non-federated)
Fin_fl_rl_1,pure_rl,fl_rl,13695655.57337307,5000000.0,13695655.573372578,8695655.573372578,0.0,0.0,18.0,0.0,4611,4611,185,0.04012144870960746,154798969.68100846,501042.95984576945,0.003236733169983366,0.1002085919691539,0,2272,709098,medium_default,5000000.0,5000000.0,1.0,500,FedAvg (federated)
Fin_fl_rl_2,pure_rl,fl_rl,12436306.855613362,5000000.0,12436306.855613695,7436306.855613695,0.0,0.0,7.0,0.0,4453,4453,290,0.06512463507747586,146200948.0875557,666916.4715286099,0.004561642590232807,0.13338329430572196,0,2272,709098,medium_default,5000000.0,5000000.0,1.0,500,FedAvg (federated)
Fin_fl_rl_3,pure_rl,fl_rl,14975694.176353201,5000000.0,14975694.176352201,9975694.176352201,0.0,0.0,6.0,0.0,5050,5050,66,0.013069306930693069,168230968.63165244,147060.2022152172,0.0008741565444897998,0.02941204044304344,0,2272,709098,medium_default,5000000.0,5000000.0,1.0,500,FedAvg (federated)
Fin_rl_1,pure_rl,rl,11746303.745839497,5000000.0,11746303.745839635,6746303.745839635,0.0,0.0,7.0,0.0,4102,4102,357,0.08703071672354949,135799299.27220732,1162392.6326108968,0.008559636454978321,0.23247852652217937,0,2274,709098,high_default,5000000.0,5000000.0,1.0,500,Isolated RL (non-federated)
Fin_rl_2,pure_rl,rl,12687148.578834483,5000000.0,12687148.57883386,7687148.578833859,0.0,0.0,8.0,0.0,4368,4368,385,0.08814102564102565,146824649.80506817,1060860.11288966,0.007225354286886512,0.21217202257793202,0,2274,709098,high_default,5000000.0,5000000.0,1.0,500,Isolated RL (non-federated)
Fin_rl_3,pure_rl,rl,14154955.277543712,5000000.0,14154955.277543664,9154955.277543664,0.0,0.0,19.0,0.0,4915,4915,109,0.022177009155645983,162695849.83580887,304586.0620947623,0.0018721194326846548,0.060917212418952454,0,2274,709098,high_default,5000000.0,5000000.0,1.0,500,Isolated RL (non-federated)
Fin_fl_rl_1,pure_rl,fl_rl,12635615.372550095,5000000.0,12635615.37255149,7635615.37255149,0.0,0.0,7.0,0.0,4267,4267,242,0.056714319193812986,142392604.31957898,788145.0482198527,0.005535013928469056,0.15762900964397056,0,2254,709098,high_default,5000000.0,5000000.0,1.0,500,FedAvg (federated)
Fin_fl_rl_2,pure_rl,fl_rl,10720174.87582278,5000000.0,10720174.87582327,5720174.8758232705,0.0,0.0,8.0,0.0,4024,4024,368,0.09145129224652088,132230248.20653488,953183.5781537844,0.0072085138694209724,0.19063671563075688,0,2254,709098,high_default,5000000.0,5000000.0,1.0,500,FedAvg (federated)
Fin_fl_rl_3,pure_rl,fl_rl,15045489.599132147,5000000.0,15045489.599132076,10045489.599132076,0.0,0.0,19.0,0.0,5011,5011,71,0.014168828577130314,168447493.75254807,222732.64559248602,0.0013222674949363372,0.044546529118497206,0,2254,709098,high_default,5000000.0,5000000.0,1.0,500,FedAvg (federated)
Fin_rl_1,pure_rl,rl,29700357.57638231,10000000.0,29700357.57638376,19700357.57638376,0.0,0.0,6.0,0.0,9867,9867,0,0.0,337763688.8831975,0,0.0,0.0,0,2261,709098,none_default,10000000.0,10000000.0,1.0,500,Isolated RL (non-federated)
Fin_rl_2,pure_rl,rl,30683302.72805744,10000000.0,30683302.72805771,20683302.72805771,0.0,0.0,9.0,0.0,10085,10085,0,0.0,346428238.9404918,0,0.0,0.0,0,2261,709098,none_default,10000000.0,10000000.0,1.0,500,Isolated RL (non-federated)
Fin_rl_3,pure_rl,rl,28571845.38599417,10000000.0,28571845.38599625,18571845.38599625,0.0,0.0,6.0,0.0,9459,9459,0,0.0,325316220.2463259,0,0.0,0.0,0,2261,709098,none_default,10000000.0,10000000.0,1.0,500,Isolated RL (non-federated)
Fin_fl_rl_1,pure_rl,fl_rl,28124217.620720483,10000000.0,28124217.620720677,18124217.620720677,0.0,0.0,6.0,0.0,9499,9499,0,0.0,323201804.05835557,0,0.0,0.0,0,2269,709098,none_default,10000000.0,10000000.0,1.0,500,FedAvg (federated)
Fin_fl_rl_2,pure_rl,fl_rl,31300563.757129174,10000000.0,31300563.757132594,21300563.757132594,0.0,0.0,9.0,0.0,10053,10053,0,0.0,347372521.88959396,0,0.0,0.0,0,2269,709098,none_default,10000000.0,10000000.0,1.0,500,FedAvg (federated)
Fin_fl_rl_3,pure_rl,fl_rl,28462164.929150436,10000000.0,28462164.9291531,18462164.9291531,0.0,0.0,6.0,0.0,9515,9515,0,0.0,325159448.3358095,0,0.0,0.0,0,2269,709098,none_default,10000000.0,10000000.0,1.0,500,FedAvg (federated)
Fin_rl_1,pure_rl,rl,27554999.427742835,10000000.0,27554999.427739896,17554999.427739896,0.0,0.0,16.0,0.0,8958,8958,160,0.017861129716454566,308854313.5912904,332173.94900615915,0.0010755036740258315,0.03321739490061591,0,2247,709098,low_default,10000000.0,10000000.0,1.0,500,Isolated RL (non-federated)
Fin_rl_2,pure_rl,rl,26533767.593846712,10000000.0,26533767.593846843,16533767.593846843,0.0,0.0,9.0,0.0,8556,8556,231,0.02699859747545582,295064618.3993734,485777.40376907814,0.001646342439850151,0.04857774037690781,0,2247,709098,low_default,10000000.0,10000000.0,1.0,500,Isolated RL (non-federated)
Fin_rl_3,pure_rl,rl,28976028.869560275,10000000.0,28976028.869556833,18976028.869556833,0.0,0.0,9.0,0.0,9427,9427,82,0.008698419433541955,323438441.99577034,171018.39517517865,0.0005287509861843048,0.017101839517517866,0,2247,709098,low_default,10000000.0,10000000.0,1.0,500,Isolated RL (non-federated)
Fin_fl_rl_1,pure_rl,fl_rl,27935420.43869303,10000000.0,27935420.43868642,17935420.43868642,0.0,0.0,16.0,0.0,8714,8714,156,0.017902226302501722,302111464.7394224,335001.005892114,0.0011088655843665503,0.0335001005892114,0,2266,709098,low_default,10000000.0,10000000.0,1.0,500,FedAvg (federated)
Fin_fl_rl_2,pure_rl,fl_rl,28593669.43110541,10000000.0,28593669.431105852,18593669.431105852,0.0,0.0,9.0,0.0,9128,9128,223,0.024430324276950043,316864797.50962085,454468.5238614123,0.0014342663730186483,0.04544685238614123,0,2266,709098,low_default,10000000.0,10000000.0,1.0,500,FedAvg (federated)
Fin_fl_rl_3,pure_rl,fl_rl,28616091.48459316,10000000.0,28616091.484591365,18616091.484591365,0.0,0.0,9.0,0.0,9573,9573,93,0.009714822939517392,324744822.5702539,186292.87076015252,0.0005736592481619956,0.01862928707601525,0,2266,709098,low_default,10000000.0,10000000.0,1.0,500,FedAvg (federated)
Fin_rl_1,pure_rl,rl,25404741.847961515,10000000.0,25404741.84795898,15404741.847958978,0.0,0.0,18.0,0.0,8188,8188,318,0.03883732291157792,282993840.67400855,899446.0195468472,0.003178323660347624,0.08994460195468472,0,2263,709098,medium_default,10000000.0,10000000.0,1.0,500,Isolated RL (non-federated)
Fin_rl_2,pure_rl,rl,25464546.624886196,10000000.0,25464546.624886606,15464546.624886606,0.0,0.0,14.0,0.0,7933,7933,403,0.050800453800579855,274538845.5371432,915408.7602559209,0.0033343505851235636,0.09154087602559209,0,2263,709098,medium_default,10000000.0,10000000.0,1.0,500,Isolated RL (non-federated)
Fin_rl_3,pure_rl,rl,30516016.324484866,10000000.0,30516016.324487567,20516016.324487567,0.0,0.0,13.0,0.0,9845,9845,114,0.011579481970543423,336855347.4090609,281650.25204618473,0.0008361163158385675,0.028165025204618475,0,2263,709098,medium_default,10000000.0,10000000.0,1.0,500,Isolated RL (non-federated)
Fin_fl_rl_1,pure_rl,fl_rl,26030876.269953493,10000000.0,26030876.269952133,16030876.269952133,0.0,0.0,18.0,0.0,8192,8192,329,0.0401611328125,284301574.4360596,934551.8150526443,0.0032871848033427906,0.09345518150526444,0,2260,709098,medium_default,10000000.0,10000000.0,1.0,500,FedAvg (federated)
Fin_fl_rl_2,pure_rl,fl_rl,24027748.047361616,10000000.0,24027748.047359213,14027748.047359213,0.0,0.0,14.0,0.0,7934,7934,430,0.054197126291908246,270361026.10574687,961494.1054735391,0.0035563339854223957,0.0961494105473539,0,2260,709098,medium_default,10000000.0,10000000.0,1.0,500,FedAvg (federated)
Fin_fl_rl_3,pure_rl,fl_rl,30892163.372577183,10000000.0,30892163.37257781,20892163.37257781,0.0,0.0,13.0,0.0,9935,9935,87,0.00875691997986915,341286765.5221618,205598.81185314292,0.0006024224570753012,0.020559881185314294,0,2260,709098,medium_default,10000000.0,10000000.0,1.0,500,FedAvg (federated)
Fin_rl_1,pure_rl,rl,25648359.25867619,10000000.0,25648359.258677267,15648359.258677267,0.0,0.0,12.0,0.0,8242,8242,398,0.04828925018199466,284128527.37451345,1308230.1732027368,0.0046043605170217276,0.13082301732027368,0,2264,709098,high_default,10000000.0,10000000.0,1.0,500,Isolated RL (non-federated)
Fin_rl_2,pure_rl,rl,22235660.14559297,10000000.0,22235660.14559171,12235660.14559171,0.0,0.0,8.0,0.0,6878,6878,635,0.09232334981099156,239449261.33461344,1772799.3528002105,0.007403653462613311,0.17727993528002103,0,2264,709098,high_default,10000000.0,10000000.0,1.0,500,Isolated RL (non-federated)
Fin_rl_3,pure_rl,rl,27892108.057634894,10000000.0,27892108.05763657,17892108.05763657,0.0,0.0,9.0,0.0,8929,8929,219,0.024526822712509798,306984785.89202815,653440.479056946,0.002128576102422132,0.0653440479056946,0,2264,709098,high_default,10000000.0,10000000.0,1.0,500,Isolated RL (non-federated)
Fin_fl_rl_1,pure_rl,fl_rl,24919500.04727244,10000000.0,24919500.04726831,14919500.047268309,0.0,0.0,17.0,0.0,8213,8213,495,0.060270303177888715,281980270.06664896,1773189.3077206986,0.006288345306221556,0.17731893077206987,0,2264,709098,high_default,10000000.0,10000000.0,1.0,500,FedAvg (federated)
Fin_fl_rl_2,pure_rl,fl_rl,23146174.32272788,10000000.0,23146174.322729286,13146174.322729286,0.0,0.0,8.0,0.0,7780,7780,633,0.08136246786632391,267800484.2855159,1805575.1103169816,0.006742239899730595,0.18055751103169815,0,2264,709098,high_default,10000000.0,10000000.0,1.0,500,FedAvg (federated)
Fin_fl_rl_3,pure_rl,fl_rl,28911222.261524316,10000000.0,28911222.261526354,18911222.261526354,0.0,0.0,9.0,0.0,9270,9270,231,0.024919093851132685,320243735.28918314,646895.12894281,0.0020200086923126146,0.064689512894281,0,2264,709098,high_default,10000000.0,10000000.0,1.0,500,FedAvg (federated)
Fin_rl_1,pure_rl,rl,2783740.5828848053,1000000.0,2783740.582884765,1783740.5828847652,0.0,0.0,6.0,0.0,1295,1295,0,0.0,32350161.56021406,0,0.0,0.0,0,2247,436570,none_default,1000000.0,1000000.0,1.0,500,Isolated RL (non-federated)
Fin_rl_2,pure_rl,rl,2637579.7436056496,1000000.0,2637579.743605585,1637579.7436055848,0.0,0.0,6.0,0.0,1236,1236,0,0.0,30607283.486464135,0,0.0,0.0,0,2247,436570,none_default,1000000.0,1000000.0,1.0,500,Isolated RL (non-federated)
Fin_rl_3,pure_rl,rl,2821623.5449317815,1000000.0,2821623.5449317293,1821623.5449317293,0.0,0.0,6.0,0.0,1281,1281,0,0.0,32470759.067177657,0,0.0,0.0,0,2247,436570,none_default,1000000.0,1000000.0,1.0,500,Isolated RL (non-federated)
Fin_fl_rl_1,pure_rl,fl_rl,2481562.015732213,1000000.0,2481562.0157322073,1481562.0157322073,0.0,0.0,6.0,0.0,1244,1244,0,0.0,30730200.024362538,0,0.0,0.0,0,2259,436570,none_default,1000000.0,1000000.0,1.0,500,FedAvg (federated)
Fin_fl_rl_2,pure_rl,fl_rl,2449293.3928007437,1000000.0,2449293.392800805,1449293.3928008052,0.0,0.0,6.0,0.0,1244,1244,0,0.0,30406941.86356658,0,0.0,0.0,0,2259,436570,none_default,1000000.0,1000000.0,1.0,500,FedAvg (federated)
Fin_fl_rl_3,pure_rl,fl_rl,2864711.7262370414,1000000.0,2864711.726237126,1864711.7262371262,0.0,0.0,6.0,0.0,1305,1305,0,0.0,33150525.902089786,0,0.0,0.0,0,2259,436570,none_default,1000000.0,1000000.0,1.0,500,FedAvg (federated)
Fin_rl_1,pure_rl,rl,2626352.012287776,1000000.0,2626352.0122877136,1626352.0122877136,0.0,0.0,35.0,0.0,1201,1201,110,0.09159034138218151,30638675.174686763,212608.904513223,0.006939232956419652,0.212608904513223,0,2249,436570,low_default,1000000.0,1000000.0,1.0,500,Isolated RL (non-federated)
Fin_rl_2,pure_rl,rl,2479023.692576703,1000000.0,2479023.69257681,1479023.6925768098,0.0,0.0,6.0,0.0,1142,1142,92,0.08056042031523643,28774678.145370606,151950.53105560312,0.005280703064268664,0.1519505310556031,0,2249,436570,low_default,1000000.0,1000000.0,1.0,500,Isolated RL (non-federated)
Fin_rl_3,pure_rl,rl,3102449.9032277595,1000000.0,3102449.903227843,2102449.903227843,0.0,0.0,6.0,0.0,1371,1371,24,0.0175054704595186,34910440.4037066,39115.76784182811,0.0011204604522168963,0.03911576784182811,0,2249,436570,low_default,1000000.0,1000000.0,1.0,500,Isolated RL (non-federated)
Fin_fl_rl_1,pure_rl,fl_rl,2339636.7068286682,1000000.0,2339636.7068287074,1339636.7068287074,0.0,0.0,6.0,0.0,1142,1142,70,0.06129597197898424,29098553.83341446,130491.67196103887,0.004484472757927668,0.13049167196103886,0,2253,436570,low_default,1000000.0,1000000.0,1.0,500,FedAvg (federated)
Fin_fl_rl_2,pure_rl,fl_rl,2440369.806611935,1000000.0,2440369.80661198,1440369.8066119798,0.0,0.0,6.0,0.0,1114,1114,74,0.06642728904847396,29139654.412269197,119938.2727227028,0.004115981302516855,0.1199382727227028,0,2253,436570,low_default,1000000.0,1000000.0,1.0,500,FedAvg (federated)
Fin_fl_rl_3,pure_rl,fl_rl,2678915.9254703326,1000000.0,2678915.925470303,1678915.9254703028,0.0,0.0,6.0,0.0,1270,1270,27,0.02125984251968504,31720430.180693153,43073.888535251084,0.0013579225845892938,0.043073888535251084,0,2253,436570,low_default,1000000.0,1000000.0,1.0,500,FedAvg (federated)
Fin_rl_1,pure_rl,rl,2573665.4447906003,1000000.0,2573665.4447905775,1573665.4447905775,0.0,0.0,6.0,0.0,1144,1144,74,0.06468531468531469,29873005.28126743,168295.80553710222,0.005633708559032595,0.16829580553710222,0,2267,436570,medium_default,1000000.0,1000000.0,1.0,500,Isolated RL (non-federated)
Fin_rl_2,pure_rl,rl,2458791.229808885,1000000.0,2458791.2298088423,1458791.2298088423,0.0,0.0,6.0,0.0,1109,1109,120,0.10820559062218214,28758788.826726176,243913.00708102627,0.008481337950308691,0.24391300708102626,0,2267,436570,medium_default,1000000.0,1000000.0,1.0,500,Isolated RL (non-federated)
Fin_rl_3,pure_rl,rl,2618876.8410231504,1000000.0,2618876.8410230856,1618876.8410230856,0.0,0.0,6.0,0.0,1252,1252,46,0.036741214057507986,31157564.490893163,93991.1476806677,0.0030166397539878233,0.0939911476806677,0,2267,436570,medium_default,1000000.0,1000000.0,1.0,500,Isolated RL (non-federated)
Fin_fl_rl_1,pure_rl,fl_rl,2595803.1406669277,1000000.0,2595803.1406668983,1595803.1406668983,0.0,0.0,6.0,0.0,1137,1137,65,0.05716798592788039,30065492.834501613,146008.86403734522,0.0048563602413259944,0.14600886403734523,0,2259,436570,medium_default,1000000.0,1000000.0,1.0,500,FedAvg (federated)
Fin_fl_rl_2,pure_rl,fl_rl,2666797.1576697696,1000000.0,2666797.1576697063,1666797.1576697063,0.0,0.0,6.0,0.0,1156,1156,75,0.06487889273356401,30550377.114963062,142060.52610340877,0.004650041653130033,0.14206052610340877,0,2259,436570,medium_default,1000000.0,1000000.0,1.0,500,FedAvg (federated)
Fin_fl_rl_3,pure_rl,fl_rl,2622628.215908958,1000000.0,2622628.2159090587,1622628.2159090587,0.0,0.0,6.0,0.0,1191,1191,54,0.04534005037783375,29817254.105707522,106769.30002014297,0.00358078915119503,0.10676930002014297,0,2259,436570,medium_default,1000000.0,1000000.0,1.0,500,FedAvg (federated)
Fin_rl_1,pure_rl,rl,1879856.8070594822,1000000.0,1879856.8070594105,879856.8070594105,0.0,0.0,7.0,0.0,961,961,135,0.1404786680541103,24333101.61724711,384302.88307496987,0.01579341956154817,0.38430288307496985,0,2250,436570,high_default,1000000.0,1000000.0,1.0,500,Isolated RL (non-federated)
Fin_rl_2,pure_rl,rl,1833644.9429712293,1000000.0,1833644.9429711485,833644.9429711485,0.0,0.0,12.0,0.0,942,942,166,0.1762208067940552,23653294.62812412,395121.8829226889,0.016704729262234912,0.3951218829226889,0,2250,436570,high_default,1000000.0,1000000.0,1.0,500,Isolated RL (non-federated)
Fin_rl_3,pure_rl,rl,2608269.0458346275,1000000.0,2608269.045834591,1608269.0458345911,0.0,0.0,6.0,0.0,1186,1186,77,0.06492411467116357,29988628.65377615,167770.61477414958,0.005594474382643169,0.1677706147741496,0,2250,436570,high_default,1000000.0,1000000.0,1.0,500,Isolated RL (non-federated)
Fin_fl_rl_1,pure_rl,fl_rl,2308037.9707382084,1000000.0,2308037.9707381967,1308037.9707381967,0.0,0.0,7.0,0.0,1040,1040,108,0.10384615384615385,27802520.556959186,302684.651228088,0.010886950001816425,0.302684651228088,0,2265,436570,high_default,1000000.0,1000000.0,1.0,500,FedAvg (federated)
Fin_fl_rl_2,pure_rl,fl_rl,2160270.165470342,1000000.0,2160270.1654703454,1160270.1654703454,0.0,0.0,12.0,0.0,1002,1002,144,0.1437125748502994,26241951.429524105,313580.36101308215,0.011949582402636468,0.3135803610130821,0,2265,436570,high_default,1000000.0,1000000.0,1.0,500,FedAvg (federated)
Fin_fl_rl_3,pure_rl,fl_rl,2673972.5411708117,1000000.0,2673972.5411708737,1673972.5411708737,0.0,0.0,6.0,0.0,1228,1228,58,0.04723127035830619,31575395.686042845,128681.83070292872,0.004075382997015283,0.1286818307029287,0,2265,436570,high_default,1000000.0,1000000.0,1.0,500,FedAvg (federated)
Fin_rl_1,pure_rl,rl,13142943.606109811,5000000.0,13142943.606110673,8142943.606110673,0.0,0.0,6.0,0.0,4687,4687,0,0.0,153760684.3471772,0,0.0,0.0,0,2259,436570,none_default,5000000.0,5000000.0,1.0,500,Isolated RL (non-federated)
Fin_rl_2,pure_rl,rl,14110526.867444515,5000000.0,14110526.867444944,9110526.867444944,0.0,0.0,6.0,0.0,5073,5073,0,0.0,167899859.2124055,0,0.0,0.0,0,2259,436570,none_default,5000000.0,5000000.0,1.0,500,Isolated RL (non-federated)
Fin_rl_3,pure_rl,rl,14969456.053283373,5000000.0,14969456.053283652,9969456.053283652,0.0,0.0,8.0,0.0,5175,5175,0,0.0,172672155.30166885,0,0.0,0.0,0,2259,436570,none_default,5000000.0,5000000.0,1.0,500,Isolated RL (non-federated)
Fin_fl_rl_1,pure_rl,fl_rl,13838823.050161643,5000000.0,13838823.050161194,8838823.050161194,0.0,0.0,6.0,0.0,4826,4826,0,0.0,159666400.507216,0,0.0,0.0,0,2256,436570,none_default,5000000.0,5000000.0,1.0,500,FedAvg (federated)
Fin_fl_rl_2,pure_rl,fl_rl,14755363.118833296,5000000.0,14755363.118834235,9755363.118834235,0.0,0.0,6.0,0.0,5008,5008,0,0.0,166740609.2779252,0,0.0,0.0,0,2256,436570,none_default,5000000.0,5000000.0,1.0,500,FedAvg (federated)
Fin_fl_rl_3,pure_rl,fl_rl,14771464.847132307,5000000.0,14771464.847132137,9771464.847132137,0.0,0.0,8.0,0.0,5008,5008,0,0.0,168356598.36154386,0,0.0,0.0,0,2256,436570,none_default,5000000.0,5000000.0,1.0,500,FedAvg (federated)
Fin_rl_1,pure_rl,rl,14072103.857927868,5000000.0,14072103.8579292,9072103.8579292,0.0,0.0,6.0,0.0,4780,4780,134,0.02803347280334728,158823807.03856343,258491.46096740733,0.0016275359833469044,0.05169829219348147,0,2271,436570,low_default,5000000.0,5000000.0,1.0,500,Isolated RL (non-federated)
Fin_rl_2,pure_rl,rl,13000599.276723286,5000000.0,13000599.276722603,8000599.276722603,0.0,0.0,7.0,0.0,4628,4628,268,0.05790838375108038,153199863.51260558,507657.82237180637,0.0033136963097231175,0.10153156447436128,0,2271,436570,low_default,5000000.0,5000000.0,1.0,500,Isolated RL (non-federated)
Fin_rl_3,pure_rl,rl,14169394.257124037,5000000.0,14169394.25712423,9169394.25712423,0.0,0.0,6.0,0.0,4845,4845,69,0.014241486068111455,160773144.9868879,142457.3356773719,0.0008860766870548575,0.02849146713547438,0,2271,436570,low_default,5000000.0,5000000.0,1.0,500,Isolated RL (non-federated)
Fin_fl_rl_1,pure_rl,fl_rl,14242091.471110832,5000000.0,14242091.471109657,9242091.471109657,0.0,0.0,6.0,0.0,4806,4806,194,0.040366208905534745,161299318.45483488,422083.3533682957,0.0026167708420075098,0.08441667067365914,0,2249,436570,low_default,5000000.0,5000000.0,1.0,500,FedAvg (federated)
Fin_fl_rl_2,pure_rl,fl_rl,14010144.692637473,5000000.0,14010144.692637604,9010144.692637604,0.0,0.0,7.0,0.0,4750,4750,233,0.04905263157894737,158566215.82012728,468280.8212587883,0.002953219378016764,0.09365616425175766,0,2249,436570,low_default,5000000.0,5000000.0,1.0,500,FedAvg (federated)
Fin_fl_rl_3,pure_rl,fl_rl,14905670.379485955,5000000.0,14905670.379486311,9905670.379486311,0.0,0.0,6.0,0.0,5092,5092,61,0.011979575805184604,168173942.39218673,120224.96538631039,0.0007148846228861195,0.02404499307726208,0,2249,436570,low_default,5000000.0,5000000.0,1.0,500,FedAvg (federated)
Fin_rl_1,pure_rl,rl,13260471.11321894,5000000.0,13260471.113217846,8260471.113217846,0.0,0.0,7.0,0.0,4543,4543,211,0.04644508034338543,152000947.85810384,552035.8756743238,0.003631792324016697,0.11040717513486475,0,2275,436570,medium_default,5000000.0,5000000.0,1.0,500,Isolated RL (non-federated)
Fin_rl_2,pure_rl,rl,12937740.696351232,5000000.0,12937740.696351863,7937740.696351863,0.0,0.0,7.0,0.0,4514,4514,227,0.050287992910943734,150353249.01318914,541634.893578087,0.0036024156254220634,0.10832697871561739,0,2275,436570,medium_default,5000000.0,5000000.0,1.0,500,Isolated RL (non-federated)
Fin_rl_3,pure_rl,rl,13249524.311710984,5000000.0,13249524.311711647,8249524.311711647,0.0,0.0,10.0,0.0,4774,4774,90,0.018852115626309174,156358703.36214954,205342.82498719753,0.0013132804287305556,0.04106856499743951,0,2275,436570,medium_default,5000000.0,5000000.0,1.0,500,Isolated RL (non-federated)
Fin_fl_rl_1,pure_rl,fl_rl,12636711.651424106,5000000.0,12636711.651424654,7636711.651424654,0.0,0.0,7.0,0.0,4441,4441,219,0.04931321774375141,147627064.8413598,606692.1888657181,0.004109627116935978,0.12133843777314361,0,2287,436570,medium_default,5000000.0,5000000.0,1.0,500,FedAvg (federated)
Fin_fl_rl_2,pure_rl,fl_rl,12606714.72019856,5000000.0,12606714.720199537,7606714.7201995365,0.0,0.0,7.0,0.0,4523,4523,243,0.05372540349325669,149161772.96854672,555272.0723356266,0.0037226164672413426,0.11105441446712531,0,2287,436570,medium_default,5000000.0,5000000.0,1.0,500,FedAvg (federated)
Fin_fl_rl_3,pure_rl,fl_rl,14396550.996526338,5000000.0,14396550.996526888,9396550.996526888,0.0,0.0,10.0,0.0,4922,4922,89,0.018082080455099552,162683752.0463254,198854.53775903396,0.001222338034731389,0.039770907551806796,0,2287,436570,medium_default,5000000.0,5000000.0,1.0,500,FedAvg (federated)
Fin_rl_1,pure_rl,rl,13023546.767648524,5000000.0,13023546.767647564,8023546.767647564,0.0,0.0,7.0,0.0,4316,4316,308,0.07136237256719184,145903995.61342967,1000708.6852187515,0.006858679099303856,0.20014173704375032,0,2269,436570,high_default,5000000.0,5000000.0,1.0,500,Isolated RL (non-federated)
Fin_rl_2,pure_rl,rl,12747167.567261647,5000000.0,12747167.567261625,7747167.567261625,0.0,0.0,12.0,0.0,4490,4490,397,0.08841870824053452,148406096.3650821,988334.0933622817,0.006659659660685093,0.19766681867245633,0,2269,436570,high_default,5000000.0,5000000.0,1.0,500,Isolated RL (non-federated)
Fin_rl_3,pure_rl,rl,13144760.65538335,5000000.0,13144760.655383905,8144760.655383905,0.0,0.0,15.0,0.0,4635,4635,121,0.02610571736785329,152126512.70254248,349353.5740952335,0.0022964673802674685,0.0698707148190467,0,2269,436570,high_default,5000000.0,5000000.0,1.0,500,Isolated RL (non-federated)
Fin_fl_rl_1,pure_rl,fl_rl,10470797.024111437,5000000.0,10470797.0241111,5470797.0241111,0.0,0.0,7.0,0.0,4028,4028,358,0.08887785501489573,132362358.63621621,1188350.8457291352,0.008978012011671616,0.23767016914582703,0,2260,436570,high_default,5000000.0,5000000.0,1.0,500,FedAvg (federated)
Fin_fl_rl_2,pure_rl,fl_rl,11019762.18338247,5000000.0,11019762.183382092,6019762.183382092,0.0,0.0,12.0,0.0,4016,4016,403,0.10034860557768924,133901826.85601142,1066722.584778877,0.007966452809683883,0.2133445169557754,0,2260,436570,high_default,5000000.0,5000000.0,1.0,500,FedAvg (federated)
Fin_fl_rl_3,pure_rl,fl_rl,13227452.157668028,5000000.0,13227452.157668965,8227452.157668965,0.0,0.0,15.0,0.0,4602,4602,134,0.029117774880486745,152745600.4144445,378165.27715387876,0.0024757850709140115,0.07563305543077575,0,2260,436570,high_default,5000000.0,5000000.0,1.0,500,FedAvg (federated)
Fin_rl_1,pure_rl,rl,27162492.4939508,10000000.0,27162492.493954647,17162492.493954647,0.0,0.0,6.0,0.0,9028,9028,0,0.0,308496260.27526176,0,0.0,0.0,0,2268,436570,none_default,10000000.0,10000000.0,1.0,500,Isolated RL (non-federated)
Fin_rl_2,pure_rl,rl,30160844.57601058,10000000.0,30160844.57601008,20160844.57601008,0.0,0.0,6.0,0.0,9733,9733,0,0.0,334296090.7692566,0,0.0,0.0,0,2268,436570,none_default,10000000.0,10000000.0,1.0,500,Isolated RL (non-federated)
Fin_rl_3,pure_rl,rl,30325551.265558988,10000000.0,30325551.26555829,20325551.26555829,0.0,0.0,30.0,0.0,9777,9777,0,0.0,336862456.33724445,0,0.0,0.0,0,2268,436570,none_default,10000000.0,10000000.0,1.0,500,Isolated RL (non-federated)
Fin_fl_rl_1,pure_rl,fl_rl,27449460.228373773,10000000.0,27449460.228372984,17449460.228372984,0.0,0.0,6.0,0.0,9217,9217,0,0.0,315307557.9952587,0,0.0,0.0,0,2267,436570,none_default,10000000.0,10000000.0,1.0,500,FedAvg (federated)
Fin_fl_rl_2,pure_rl,fl_rl,25506684.69386904,10000000.0,25506684.693871967,15506684.693871967,0.0,0.0,6.0,0.0,8926,8926,0,0.0,304207053.6853803,0,0.0,0.0,0,2267,436570,none_default,10000000.0,10000000.0,1.0,500,FedAvg (federated)
Fin_fl_rl_3,pure_rl,fl_rl,27381844.90705949,10000000.0,27381844.90706035,17381844.90706035,0.0,0.0,8.0,0.0,9228,9228,0,0.0,315628902.83999574,0,0.0,0.0,0,2267,436570,none_default,10000000.0,10000000.0,1.0,500,FedAvg (federated)
Fin_rl_1,pure_rl,rl,29381095.92683291,10000000.0,29381095.926830746,19381095.926830746,0.0,0.0,10.0,0.0,9562,9562,185,0.019347416858397824,328472632.84372383,385883.43145836325,0.0011747810711583804,0.038588343145836326,0,2268,436570,low_default,10000000.0,10000000.0,1.0,500,Isolated RL (non-federated)
Fin_rl_2,pure_rl,rl,25874030.779963873,10000000.0,25874030.779967237,15874030.779967237,0.0,0.0,17.0,0.0,8395,8395,626,0.0745681953543776,289648349.6045094,1349743.8451694234,0.004659939706241675,0.13497438451694233,0,2268,436570,low_default,10000000.0,10000000.0,1.0,500,Isolated RL (non-federated)
Fin_rl_3,pure_rl,rl,30813900.480227526,10000000.0,30813900.480226185,20813900.480226185,0.0,0.0,7.0,0.0,9890,9890,50,0.005055611729019211,339593439.09957564,89017.86683045616,0.0002621307027205385,0.008901786683045615,0,2268,436570,low_default,10000000.0,10000000.0,1.0,500,Isolated RL (non-federated)
Fin_fl_rl_1,pure_rl,fl_rl,27345406.005722314,10000000.0,27345406.005722843,17345406.005722843,0.0,0.0,10.0,0.0,8935,8935,132,0.014773363178511472,308136107.96683496,291701.3385441237,0.0009466639287062062,0.029170133854412368,0,2267,436570,low_default,10000000.0,10000000.0,1.0,500,FedAvg (federated)
Fin_fl_rl_2,pure_rl,fl_rl,27464045.230063666,10000000.0,27464045.230062474,17464045.230062474,0.0,0.0,17.0,0.0,8863,8863,216,0.024370980480649892,304579298.93972987,422031.3914648844,0.001385620733037395,0.04220313914648844,0,2267,436570,low_default,10000000.0,10000000.0,1.0,500,FedAvg (federated)
Fin_fl_rl_3,pure_rl,fl_rl,27248352.210560497,10000000.0,27248352.210563548,17248352.210563548,0.0,0.0,7.0,0.0,9059,9059,64,0.007064797439010929,310395323.09178543,112420.1124880896,0.0003621836545998678,0.01124201124880896,0,2267,436570,low_default,10000000.0,10000000.0,1.0,500,FedAvg (federated)
Fin_rl_1,pure_rl,rl,25514600.737510785,10000000.0,25514600.737507366,15514600.737507366,0.0,0.0,12.0,0.0,8565,8565,331,0.0386456509048453,294485358.15728074,964273.1691538078,0.003274435018391652,0.09642731691538078,0,2279,436570,medium_default,10000000.0,10000000.0,1.0,500,Isolated RL (non-federated)
Fin_rl_2,pure_rl,rl,22305646.17559972,10000000.0,22305646.17560154,12305646.175601538,0.0,0.0,14.0,0.0,7407,7407,833,0.11246118536519509,255468565.71183547,2036158.389316609,0.007970289352989766,0.20361583893166088,0,2279,436570,medium_default,10000000.0,10000000.0,1.0,500,Isolated RL (non-federated)
Fin_rl_3,pure_rl,rl,30153211.064559933,10000000.0,30153211.06455792,20153211.06455792,0.0,0.0,10.0,0.0,9714,9714,155,0.01595635165740169,334070030.85939,394341.87363815174,0.001180416790526565,0.039434187363815175,0,2279,436570,medium_default,10000000.0,10000000.0,1.0,500,Isolated RL (non-federated)
Fin_fl_rl_1,pure_rl,fl_rl,25945670.03898466,10000000.0,25945670.03898125,15945670.038981251,0.0,0.0,12.0,0.0,8160,8160,299,0.0366421568627451,281088728.3355016,836487.4344998597,0.0029758839475820097,0.08364874344998596,0,2257,436570,medium_default,10000000.0,10000000.0,1.0,500,FedAvg (federated)
Fin_fl_rl_2,pure_rl,fl_rl,24309966.955404565,10000000.0,24309966.955408365,14309966.955408365,0.0,0.0,14.0,0.0,7984,7984,418,0.05235470941883767,273873360.5530064,977607.9605641733,0.003569562072741148,0.09776079605641733,0,2257,436570,medium_default,10000000.0,10000000.0,1.0,500,FedAvg (federated)
Fin_fl_rl_3,pure_rl,fl_rl,28717995.038653623,10000000.0,28717995.03865582,18717995.03865582,0.0,0.0,10.0,0.0,9383,9383,140,0.014920601087072365,322289226.95509034,362927.7597071411,0.0011260933638272482,0.036292775970714106,0,2257,436570,medium_default,10000000.0,10000000.0,1.0,500,FedAvg (federated)
Fin_rl_1,pure_rl,rl,24391482.174975973,10000000.0,24391482.174976118,14391482.174976118,0.0,0.0,8.0,0.0,8100,8100,427,0.05271604938271605,279003256.7822724,1539332.2103834338,0.005517255347254575,0.1539332210383434,0,2256,436570,high_default,10000000.0,10000000.0,1.0,500,Isolated RL (non-federated)
Fin_rl_2,pure_rl,rl,22988609.51491389,10000000.0,22988609.5149119,12988609.514911901,0.0,0.0,12.0,0.0,7807,7807,796,0.10195977968489817,268935589.935584,2229552.9104957967,0.008290285830260783,0.22295529104957967,0,2256,436570,high_default,10000000.0,10000000.0,1.0,500,Isolated RL (non-federated)
Fin_rl_3,pure_rl,rl,29156750.715704177,10000000.0,29156750.715703838,19156750.715703838,0.0,0.0,7.0,0.0,9317,9317,164,0.017602232478265537,321577113.80554765,449634.00140025676,0.0013982151779375165,0.04496340014002568,0,2256,436570,high_default,10000000.0,10000000.0,1.0,500,Isolated RL (non-federated)
Fin_fl_rl_1,pure_rl,fl_rl,24059359.821856238,10000000.0,24059359.821856026,14059359.821856026,0.0,0.0,8.0,0.0,7696,7696,423,0.05496361746361746,266039474.2337875,1548820.1643667778,0.005821768250097056,0.1548820164366778,0,2269,436570,high_default,10000000.0,10000000.0,1.0,500,FedAvg (federated)
Fin_fl_rl_2,pure_rl,fl_rl,22001023.58568928,10000000.0,22001023.58568818,12001023.585688181,0.0,0.0,12.0,0.0,7435,7435,634,0.08527236045729657,254302916.61024746,1724290.331249968,0.006780458337773093,0.1724290331249968,0,2269,436570,high_default,10000000.0,10000000.0,1.0,500,FedAvg (federated)
Fin_fl_rl_3,pure_rl,fl_rl,27784355.370252177,10000000.0,27784355.37024706,17784355.37024706,0.0,0.0,7.0,0.0,8739,8739,180,0.02059732234809475,301667516.9761093,499089.93131369754,0.001654437097890202,0.049908993131369754,0,2269,436570,high_default,10000000.0,10000000.0,1.0,500,FedAvg (federated)
Fin_rl_1,pure_rl,rl,2723602.2510345,1000000.0,2723602.251034555,1723602.251034555,0.0,0.0,30.0,0.0,1284,1284,0,0.0,31779750.065293264,0,0.0,0.0,0,2255,831197,none_default,1000000.0,1000000.0,1.0,500,Isolated RL (non-federated)
Fin_rl_2,pure_rl,rl,2583806.771643551,1000000.0,2583806.7716435213,1583806.7716435213,0.0,0.0,6.0,0.0,1276,1276,0,0.0,32128279.958264966,0,0.0,0.0,0,2255,831197,none_default,1000000.0,1000000.0,1.0,500,Isolated RL (non-federated)
Fin_rl_3,pure_rl,rl,2945826.562667398,1000000.0,2945826.5626674825,1945826.5626674825,0.0,0.0,6.0,0.0,1323,1323,0,0.0,33555850.89577089,0,0.0,0.0,0,2255,831197,none_default,1000000.0,1000000.0,1.0,500,Isolated RL (non-federated)
Fin_fl_rl_1,pure_rl,fl_rl,2640933.5087294118,1000000.0,2640933.5087293945,1640933.5087293945,0.0,0.0,6.0,0.0,1228,1228,0,0.0,31870343.922984693,0,0.0,0.0,0,2260,831197,none_default,1000000.0,1000000.0,1.0,500,FedAvg (federated)
Fin_fl_rl_2,pure_rl,fl_rl,2936210.9832551167,1000000.0,2936210.983255316,1936210.983255316,0.0,0.0,6.0,0.0,1258,1258,0,0.0,33154824.6710527,0,0.0,0.0,0,2260,831197,none_default,1000000.0,1000000.0,1.0,500,FedAvg (federated)
Fin_fl_rl_3,pure_rl,fl_rl,2447590.1035831687,1000000.0,2447590.103583134,1447590.1035831338,0.0,0.0,6.0,0.0,1268,1268,0,0.0,31730785.57961336,0,0.0,0.0,0,2260,831197,none_default,1000000.0,1000000.0,1.0,500,FedAvg (federated)
Fin_rl_1,pure_rl,rl,2668041.1249691234,1000000.0,2668041.1249691444,1668041.1249691444,0.0,0.0,6.0,0.0,1169,1169,37,0.03165098374679213,30942874.050158605,67020.42631313573,0.002165940571793531,0.06702042631313573,0,2256,831197,low_default,1000000.0,1000000.0,1.0,500,Isolated RL (non-federated)
Fin_rl_2,pure_rl,rl,2526136.0638203407,1000000.0,2526136.063820308,1526136.063820308,0.0,0.0,6.0,0.0,1156,1156,55,0.04757785467128028,30600194.48573504,99231.42887454644,0.0032428365421273836,0.09923142887454645,0,2256,831197,low_default,1000000.0,1000000.0,1.0,500,Isolated RL (non-federated)
Fin_rl_3,pure_rl,rl,2820811.264581519,1000000.0,2820811.2645815685,1820811.2645815685,0.0,0.0,6.0,0.0,1274,1274,34,0.026687598116169546,31802883.970929753,56808.507099818555,0.0017862690425102905,0.05680850709981856,0,2256,831197,low_default,1000000.0,1000000.0,1.0,500,Isolated RL (non-federated)
Fin_fl_rl_1,pure_rl,fl_rl,2578347.859978669,1000000.0,2578347.859978692,1578347.8599786921,0.0,0.0,6.0,0.0,1163,1163,31,0.026655202063628546,30489795.948246595,59742.483444345606,0.0019594254925730742,0.05974248344434561,0,2278,831197,low_default,1000000.0,1000000.0,1.0,500,FedAvg (federated)
Fin_fl_rl_2,pure_rl,fl_rl,2612711.6720113084,1000000.0,2612711.6720111724,1612711.6720111724,0.0,0.0,6.0,0.0,1133,1133,60,0.0529567519858782,30652603.798883826,101344.50824170862,0.0033062283682862514,0.10134450824170863,0,2278,831197,low_default,1000000.0,1000000.0,1.0,500,FedAvg (federated)
Fin_fl_rl_3,pure_rl,fl_rl,2286665.054883736,1000000.0,2286665.0548838093,1286665.0548838093,0.0,0.0,6.0,0.0,1197,1197,31,0.025898078529657476,29542729.026754476,54818.23505898705,0.0018555575894611015,0.054818235058987044,0,2278,831197,low_default,1000000.0,1000000.0,1.0,500,FedAvg (federated)
Fin_rl_1,pure_rl,rl,2805308.553264919,1000000.0,2805308.553264645,1805308.553264645,0.0,0.0,7.0,0.0,1162,1162,63,0.05421686746987952,31554821.41397812,126295.350683841,0.004002410567530413,0.12629535068384098,0,2259,831197,medium_default,1000000.0,1000000.0,1.0,500,Isolated RL (non-federated)
Fin_rl_2,pure_rl,rl,2239450.7613699967,1000000.0,2239450.761369941,1239450.7613699408,0.0,0.0,11.0,0.0,1080,1080,94,0.08703703703703704,27691644.3793638,167829.53693690206,0.006060656226755929,0.16782953693690206,0,2259,831197,medium_default,1000000.0,1000000.0,1.0,500,Isolated RL (non-federated)
Fin_rl_3,pure_rl,rl,2478847.856525425,1000000.0,2478847.8565253676,1478847.8565253676,0.0,0.0,6.0,0.0,1244,1244,72,0.05787781350482315,30578416.65327118,142848.04237397696,0.004671531688305894,0.14284804237397697,0,2259,831197,medium_default,1000000.0,1000000.0,1.0,500,Isolated RL (non-federated)
Fin_fl_rl_1,pure_rl,fl_rl,2154873.906539988,1000000.0,2154873.9065399454,1154873.9065399454,0.0,0.0,7.0,0.0,1067,1067,172,0.16119962511715089,27290620.3605085,326039.97655998537,0.011946960979743383,0.32603997655998534,0,2259,831197,medium_default,1000000.0,1000000.0,1.0,500,FedAvg (federated)
Fin_fl_rl_2,pure_rl,fl_rl,1878385.6569871067,1000000.0,1878385.6569871784,878385.6569871784,0.0,0.0,11.0,0.0,1002,1002,237,0.23652694610778444,24865325.346551947,390669.9475597713,0.015711435185944395,0.3906699475597713,0,2259,831197,medium_default,1000000.0,1000000.0,1.0,500,FedAvg (federated)
Fin_fl_rl_3,pure_rl,fl_rl,2772742.4062140486,1000000.0,2772742.4062140347,1772742.4062140347,0.0,0.0,6.0,0.0,1278,1278,93,0.07276995305164319,32852149.55933364,167957.11063795356,0.005112515098429387,0.16795711063795357,0,2259,831197,medium_default,1000000.0,1000000.0,1.0,500,FedAvg (federated)
Fin_rl_1,pure_rl,rl,2057988.8199330706,1000000.0,2057988.8199330799,1057988.8199330799,0.0,0.0,7.0,0.0,972,972,115,0.1183127572016461,24914808.016604327,318108.9507151919,0.01276786682454828,0.3181089507151919,0,2268,831197,high_default,1000000.0,1000000.0,1.0,500,Isolated RL (non-federated)
Fin_rl_2,pure_rl,rl,2593646.9984902954,1000000.0,2593646.9984902837,1593646.9984902837,0.0,0.0,6.0,0.0,1088,1088,95,0.08731617647058823,30466269.991734732,215302.02913819725,0.007066898218804175,0.21530202913819724,0,2268,831197,high_default,1000000.0,1000000.0,1.0,500,Isolated RL (non-federated)
Fin_rl_3,pure_rl,rl,2766476.466343883,1000000.0,2766476.46634413,1766476.4663441302,0.0,0.0,6.0,0.0,1206,1206,62,0.05140961857379768,31654104.352298196,162910.6698827801,0.005146589145901777,0.16291066988278008,0,2268,831197,high_default,1000000.0,1000000.0,1.0,500,Isolated RL (non-federated)
Fin_fl_rl_1,pure_rl,fl_rl,2165041.169342121,1000000.0,2165041.169342122,1165041.169342122,0.0,0.0,7.0,0.0,985,985,94,0.09543147208121827,26127383.38217983,262116.75680806057,0.010032262051424452,0.26211675680806057,0,2269,831197,high_default,1000000.0,1000000.0,1.0,500,FedAvg (federated)
Fin_fl_rl_2,pure_rl,fl_rl,2004627.7588540716,1000000.0,2004627.7588540884,1004627.7588540884,0.0,0.0,6.0,0.0,956,956,162,0.1694560669456067,24613445.429967932,374089.8281792846,0.015198596606219708,0.3740898281792846,0,2269,831197,high_default,1000000.0,1000000.0,1.0,500,FedAvg (federated)
Fin_fl_rl_3,pure_rl,fl_rl,2567190.06960289,1000000.0,2567190.0696029626,1567190.0696029626,0.0,0.0,6.0,0.0,1173,1173,41,0.03495311167945439,30429821.39806654,103248.31305012328,0.003392997668290078,0.10324831305012327,0,2269,831197,high_default,1000000.0,1000000.0,1.0,500,FedAvg (federated)
Fin_rl_1,pure_rl,rl,14044198.058929259,5000000.0,14044198.058929263,9044198.058929263,0.0,0.0,6.0,0.0,4934,4934,0,0.0,163066559.78905746,0,0.0,0.0,0,2257,831197,none_default,5000000.0,5000000.0,1.0,500,Isolated RL (non-federated)
Fin_rl_2,pure_rl,rl,13474321.319427125,5000000.0,13474321.319427872,8474321.319427872,0.0,0.0,6.0,0.0,4861,4861,0,0.0,160320606.84774953,0,0.0,0.0,0,2257,831197,none_default,5000000.0,5000000.0,1.0,500,Isolated RL (non-federated)
Fin_rl_3,pure_rl,rl,13951267.38064058,5000000.0,13951267.380641332,8951267.380641332,0.0,0.0,6.0,0.0,4856,4856,0,0.0,161161629.9857023,0,0.0,0.0,0,2257,831197,none_default,5000000.0,5000000.0,1.0,500,Isolated RL (non-federated)
Fin_fl_rl_1,pure_rl,fl_rl,13137990.608402815,5000000.0,13137990.60840388,8137990.60840388,0.0,0.0,6.0,0.0,4662,4662,0,0.0,153652737.1440406,0,0.0,0.0,0,2267,831197,none_default,5000000.0,5000000.0,1.0,500,FedAvg (federated)
Fin_fl_rl_2,pure_rl,fl_rl,14036276.18842323,5000000.0,14036276.1884234,9036276.1884234,0.0,0.0,6.0,0.0,4908,4908,0,0.0,162826603.6700368,0,0.0,0.0,0,2267,831197,none_default,5000000.0,5000000.0,1.0,500,FedAvg (federated)
Fin_fl_rl_3,pure_rl,fl_rl,14633978.457508028,5000000.0,14633978.457507499,9633978.457507499,0.0,0.0,6.0,0.0,4967,4967,0,0.0,166066626.9111923,0,0.0,0.0,0,2267,831197,none_default,5000000.0,5000000.0,1.0,500,FedAvg (federated)
Fin_rl_1,pure_rl,rl,14325105.208647974,5000000.0,14325105.208648294,9325105.208648294,0.0,0.0,6.0,0.0,4832,4832,94,0.01945364238410596,159928462.5977224,184874.5062396296,0.001155982513910957,0.03697490124792592,0,2242,831197,low_default,5000000.0,5000000.0,1.0,500,Isolated RL (non-federated)
Fin_rl_2,pure_rl,rl,13298469.413182577,5000000.0,13298469.413182927,8298469.413182927,0.0,0.0,9.0,0.0,4510,4510,221,0.04900221729490022,149840233.66888353,473103.92050483887,0.003157389099848192,0.09462078410096778,0,2242,831197,low_default,5000000.0,5000000.0,1.0,500,Isolated RL (non-federated)
Fin_rl_3,pure_rl,rl,13572967.189031787,5000000.0,13572967.189032225,8572967.189032225,0.0,0.0,6.0,0.0,4768,4768,66,0.013842281879194632,157960774.1524928,138566.5830899164,0.000877221473706798,0.027713316617983284,0,2242,831197,low_default,5000000.0,5000000.0,1.0,500,Isolated RL (non-federated)
Fin_fl_rl_1,pure_rl,fl_rl,14472233.656469537,5000000.0,14472233.65646972,9472233.65646972,0.0,0.0,24.0,0.0,4916,4916,148,0.030105777054515868,164901672.4082716,326543.92881938146,0.0019802341847140765,0.06530878576387629,0,2255,831197,low_default,5000000.0,5000000.0,1.0,500,FedAvg (federated)
Fin_fl_rl_2,pure_rl,fl_rl,13463678.561018841,5000000.0,13463678.561020687,8463678.561020687,0.0,0.0,9.0,0.0,4308,4308,182,0.04224698235840297,145953336.87831357,394277.63769291225,0.0027013951590681025,0.07885552753858245,0,2255,831197,low_default,5000000.0,5000000.0,1.0,500,FedAvg (federated)
Fin_fl_rl_3,pure_rl,fl_rl,14111282.031016713,5000000.0,14111282.031015188,9111282.031015188,0.0,0.0,6.0,0.0,4858,4858,73,0.015026759983532317,160367200.6769765,157128.6855566647,0.0009798056266702875,0.031425737111332945,0,2255,831197,low_default,5000000.0,5000000.0,1.0,500,FedAvg (federated)
Fin_rl_1,pure_rl,rl,13696328.920171674,5000000.0,13696328.920172034,8696328.920172034,0.0,0.0,7.0,0.0,4665,4665,201,0.043086816720257236,156404729.1518863,557965.7324058091,0.003567447962931879,0.11159314648116182,0,2272,831197,medium_default,5000000.0,5000000.0,1.0,500,Isolated RL (non-federated)
Fin_rl_2,pure_rl,rl,12758120.61953809,5000000.0,12758120.619538452,7758120.6195384525,0.0,0.0,11.0,0.0,4492,4492,231,0.051424755120213717,148721165.22785813,525812.8322103702,0.0035355615416592778,0.10516256644207404,0,2272,831197,medium_default,5000000.0,5000000.0,1.0,500,Isolated RL (non-federated)
Fin_rl_3,pure_rl,rl,15080645.46233445,5000000.0,15080645.46233584,10080645.46233584,0.0,0.0,6.0,0.0,5166,5166,112,0.02168021680216802,170199841.06905466,275175.8003790397,0.0016167805953907646,0.05503516007580794,0,2272,831197,medium_default,5000000.0,5000000.0,1.0,500,Isolated RL (non-federated)
Fin_fl_rl_1,pure_rl,fl_rl,13063544.712070003,5000000.0,13063544.712070407,8063544.712070407,0.0,0.0,7.0,0.0,4533,4533,242,0.053386278402823735,149350138.7327825,673228.7439323973,0.0045077209143872254,0.13464574878647947,0,2263,831197,medium_default,5000000.0,5000000.0,1.0,500,FedAvg (federated)
Fin_fl_rl_2,pure_rl,fl_rl,14661230.877425902,5000000.0,14661230.877424031,9661230.877424031,0.0,0.0,16.0,0.0,4904,4904,239,0.04873572593800979,164719006.00915703,543832.387353362,0.003301576427210406,0.1087664774706724,0,2263,831197,medium_default,5000000.0,5000000.0,1.0,500,FedAvg (federated)
Fin_fl_rl_3,pure_rl,fl_rl,15693701.788318126,5000000.0,15693701.788319169,10693701.788319169,0.0,0.0,6.0,0.0,5073,5073,77,0.01517839542676917,171150063.0018634,188234.98008782024,0.0010998241939634626,0.03764699601756405,0,2263,831197,medium_default,5000000.0,5000000.0,1.0,500,FedAvg (federated)
Fin_rl_1,pure_rl,rl,11031610.23367443,5000000.0,11031610.233674357,6031610.233674357,0.0,0.0,19.0,0.0,3963,3963,556,0.14029775422659602,131537156.15134625,1777492.5039551284,0.013513235012546195,0.3554985007910257,0,2292,831197,high_default,5000000.0,5000000.0,1.0,500,Isolated RL (non-federated)
Fin_rl_2,pure_rl,rl,8478654.83572408,5000000.0,8478654.835724616,3478654.8357246164,0.0,0.0,10.0,0.0,3619,3619,1063,0.29372754904669796,116818016.75267507,2693825.0048938678,0.02306001317071821,0.5387650009787736,0,2292,831197,high_default,5000000.0,5000000.0,1.0,500,Isolated RL (non-federated)
Fin_rl_3,pure_rl,rl,14193616.387712823,5000000.0,14193616.38771092,9193616.38771092,0.0,0.0,6.0,0.0,4880,4880,264,0.054098360655737705,164129509.6068224,776009.5410384049,0.004728031801821385,0.15520190820768098,0,2292,831197,high_default,5000000.0,5000000.0,1.0,500,Isolated RL (non-federated)
Fin_fl_rl_1,pure_rl,fl_rl,12551895.387968788,5000000.0,12551895.387968708,7551895.387968708,0.0,0.0,19.0,0.0,4231,4231,268,0.0633419995272985,142602759.5948159,1017921.0370751082,0.007138158055057113,0.20358420741502162,0,2261,831197,high_default,5000000.0,5000000.0,1.0,500,FedAvg (federated)
Fin_fl_rl_2,pure_rl,fl_rl,12687320.401779363,5000000.0,12687320.401780043,7687320.401780043,0.0,0.0,10.0,0.0,4309,4309,316,0.0733348804827106,143831736.4354042,819405.2398950512,0.005696971059395167,0.16388104797901024,0,2261,831197,high_default,5000000.0,5000000.0,1.0,500,FedAvg (federated)
Fin_fl_rl_3,pure_rl,fl_rl,14378358.528235197,5000000.0,14378358.528235238,9378358.528235238,0.0,0.0,6.0,0.0,4846,4846,95,0.019603796945934792,161989375.32750177,268249.3291167979,0.0016559686619845606,0.05364986582335958,0,2261,831197,high_default,5000000.0,5000000.0,1.0,500,FedAvg (federated)
Fin_rl_1,pure_rl,rl,32232757.424349844,10000000.0,32232757.42435045,22232757.42435045,0.0,0.0,34.0,0.0,10208,10208,0,0.0,356215693.5035552,0,0.0,0.0,0,2268,831197,none_default,10000000.0,10000000.0,1.0,500,Isolated RL (non-federated)
Fin_rl_2,pure_rl,rl,28890178.45049593,10000000.0,28890178.450498223,18890178.450498223,0.0,0.0,14.0,0.0,9511,9511,0,0.0,324467443.0006181,0,0.0,0.0,0,2268,831197,none_default,10000000.0,10000000.0,1.0,500,Isolated RL (non-federated)
Fin_rl_3,pure_rl,rl,26752032.53436604,10000000.0,26752032.534368567,16752032.534368567,0.0,0.0,6.0,0.0,9050,9050,0,0.0,308086707.4507094,0,0.0,0.0,0,2268,831197,none_default,10000000.0,10000000.0,1.0,500,Isolated RL (non-federated)
Fin_fl_rl_1,pure_rl,fl_rl,29585404.435407426,10000000.0,29585404.43541209,19585404.43541209,0.0,0.0,6.0,0.0,9495,9495,0,0.0,328087884.0525706,0,0.0,0.0,0,2264,831197,none_default,10000000.0,10000000.0,1.0,500,FedAvg (federated)
Fin_fl_rl_2,pure_rl,fl_rl,27732430.188979827,10000000.0,27732430.188984487,17732430.188984487,0.0,0.0,14.0,0.0,9312,9312,0,0.0,317610605.3608586,0,0.0,0.0,0,2264,831197,none_default,10000000.0,10000000.0,1.0,500,FedAvg (federated)
Fin_fl_rl_3,pure_rl,fl_rl,26186369.07574013,10000000.0,26186369.075742815,16186369.075742815,0.0,0.0,6.0,0.0,9057,9057,0,0.0,308389281.47502875,0,0.0,0.0,0,2264,831197,none_default,10000000.0,10000000.0,1.0,500,FedAvg (federated)
Fin_rl_1,pure_rl,rl,27364638.73893588,10000000.0,27364638.738929406,17364638.738929406,0.0,0.0,7.0,0.0,8707,8707,274,0.031468933042379695,299325261.5432482,663171.7627537497,0.0022155556110920864,0.06631717627537498,0,2268,831197,low_default,10000000.0,10000000.0,1.0,500,Isolated RL (non-federated)
Fin_rl_2,pure_rl,rl,26738346.409318604,10000000.0,26738346.409315437,16738346.409315437,0.0,0.0,17.0,0.0,8505,8505,239,0.028101116990005878,292858258.93505406,507894.35616553924,0.0017342668020100907,0.05078943561655393,0,2268,831197,low_default,10000000.0,10000000.0,1.0,500,Isolated RL (non-federated)
Fin_rl_3,pure_rl,rl,29781049.003623806,10000000.0,29781049.003626604,19781049.003626604,0.0,0.0,35.0,0.0,9152,9152,52,0.005681818181818182,316495572.7106791,105955.57567327858,0.00033477743390153734,0.010595557567327859,0,2268,831197,low_default,10000000.0,10000000.0,1.0,500,Isolated RL (non-federated)
Fin_fl_rl_1,pure_rl,fl_rl,28140748.37768581,10000000.0,28140748.377687126,18140748.377687126,0.0,0.0,7.0,0.0,8679,8679,206,0.02373545339324807,301291473.99046874,523783.62794815976,0.0017384615004562972,0.052378362794815975,0,2269,831197,low_default,10000000.0,10000000.0,1.0,500,FedAvg (federated)
Fin_fl_rl_2,pure_rl,fl_rl,27662553.472951367,10000000.0,27662553.47295291,17662553.47295291,0.0,0.0,17.0,0.0,8818,8818,234,0.026536629621229303,304088321.097789,477859.9663482034,0.0015714512304289806,0.04778599663482034,0,2269,831197,low_default,10000000.0,10000000.0,1.0,500,FedAvg (federated)
Fin_fl_rl_3,pure_rl,fl_rl,30280118.68234291,10000000.0,30280118.68234288,20280118.68234288,0.0,0.0,6.0,0.0,9515,9515,64,0.006726221755123489,328361288.0677792,134962.00698262264,0.0004110168034021241,0.013496200698262264,0,2269,831197,low_default,10000000.0,10000000.0,1.0,500,FedAvg (federated)
Fin_rl_1,pure_rl,rl,26566721.1223837,10000000.0,26566721.122384116,16566721.122384116,0.0,0.0,16.0,0.0,8487,8487,358,0.0421821609520443,293706413.08545804,1034752.9284442442,0.003523085919622627,0.10347529284442442,0,2245,831197,medium_default,10000000.0,10000000.0,1.0,500,Isolated RL (non-federated)
Fin_rl_2,pure_rl,rl,25781782.972367886,10000000.0,25781782.97236852,15781782.97236852,0.0,0.0,19.0,0.0,8369,8369,512,0.06117815748596009,288293592.70901847,1231485.2716091706,0.004271635939034337,0.12314852716091707,0,2245,831197,medium_default,10000000.0,10000000.0,1.0,500,Isolated RL (non-federated)
Fin_rl_3,pure_rl,rl,28903093.182233147,10000000.0,28903093.182231955,18903093.182231955,0.0,0.0,6.0,0.0,9390,9390,412,0.04387646432374867,322937053.6758017,1024047.838302562,0.0031710447179920374,0.1024047838302562,0,2245,831197,medium_default,10000000.0,10000000.0,1.0,500,Isolated RL (non-federated)
Fin_fl_rl_1,pure_rl,fl_rl,24619421.795959234,10000000.0,24619421.795965258,14619421.795965258,0.0,0.0,16.0,0.0,8196,8196,360,0.043923865300146414,280890485.8890456,1029477.512230824,0.00366504941942917,0.1029477512230824,0,2264,831197,medium_default,10000000.0,10000000.0,1.0,500,FedAvg (federated)
Fin_fl_rl_2,pure_rl,fl_rl,26543673.01295534,10000000.0,26543673.012953646,16543673.012953646,0.0,0.0,19.0,0.0,8573,8573,380,0.044325207045375015,297114067.63201284,884033.9097198378,0.0029754023993732526,0.08840339097198378,0,2264,831197,medium_default,10000000.0,10000000.0,1.0,500,FedAvg (federated)
Fin_fl_rl_3,pure_rl,fl_rl,28977180.078124393,10000000.0,28977180.07812218,18977180.07812218,0.0,0.0,6.0,0.0,9360,9360,125,0.013354700854700854,321269536.4048241,291792.36525787046,0.0009082478485921238,0.029179236525787047,0,2264,831197,medium_default,10000000.0,10000000.0,1.0,500,FedAvg (federated)
Fin_rl_1,pure_rl,rl,22888204.963245064,10000000.0,22888204.96324261,12888204.963242609,0.0,0.0,19.0,0.0,7630,7630,504,0.06605504587155964,263056851.922406,1709512.4253559655,0.006498642452621692,0.17095124253559654,0,2270,831197,high_default,10000000.0,10000000.0,1.0,500,Isolated RL (non-federated)
Fin_rl_2,pure_rl,rl,24034931.213647503,10000000.0,24034931.21364837,14034931.213648371,0.0,0.0,10.0,0.0,7709,7709,721,0.09352704630950837,266995094.30938408,2153664.74007509,0.008066308280479126,0.215366474007509,0,2270,831197,high_default,10000000.0,10000000.0,1.0,500,Isolated RL (non-federated)
Fin_rl_3,pure_rl,rl,28862243.213848267,10000000.0,28862243.213842925,18862243.213842925,0.0,0.0,16.0,0.0,9312,9312,192,0.020618556701030927,321060231.95629865,589473.1685316515,0.0018360205028814906,0.05894731685316515,0,2270,831197,high_default,10000000.0,10000000.0,1.0,500,Isolated RL (non-federated)
Fin_fl_rl_1,pure_rl,fl_rl,24040721.156246874,10000000.0,24040721.156245813,14040721.156245813,0.0,0.0,19.0,0.0,7666,7666,480,0.06261414036003131,265575647.74812093,1672642.625565445,0.006298177712257052,0.1672642625565445,0,2265,831197,high_default,10000000.0,10000000.0,1.0,500,FedAvg (federated)
Fin_fl_rl_2,pure_rl,fl_rl,23488632.00649758,10000000.0,23488632.00650169,13488632.00650169,0.0,0.0,10.0,0.0,7620,7620,650,0.08530183727034121,262735936.5033487,1925672.4393726264,0.0073293073836821045,0.19256724393726263,0,2265,831197,high_default,10000000.0,10000000.0,1.0,500,FedAvg (federated)
Fin_fl_rl_3,pure_rl,fl_rl,26142356.370161977,10000000.0,26142356.370156337,16142356.370156337,0.0,0.0,16.0,0.0,8370,8370,235,0.028076463560334528,287973640.9628973,746063.0501026503,0.0025907338171925727,0.07460630501026504,0,2265,831197,high_default,10000000.0,10000000.0,1.0,500,FedAvg (federated)
Fin_rl_1,pure_rl,rl,3098766.564671383,1000000.0,3098766.5646714875,2098766.5646714875,0.0,0.0,6.0,0.0,1394,1394,0,0.0,35580680.51973165,0,0.0,0.0,0,2252,709098,none_default,1000000.0,1000000.0,1.0,1000,Isolated RL (non-federated)
Fin_rl_2,pure_rl,rl,2456604.4047260066,1000000.0,2456604.404726002,1456604.404726002,0.0,0.0,6.0,0.0,1246,1246,0,0.0,30168712.198662244,0,0.0,0.0,0,2252,709098,none_default,1000000.0,1000000.0,1.0,1000,Isolated RL (non-federated)
Fin_rl_3,pure_rl,rl,2288724.048165604,1000000.0,2288724.048165664,1288724.048165664,0.0,0.0,6.0,0.0,1179,1179,0,0.0,28797023.638401408,0,0.0,0.0,0,2252,709098,none_default,1000000.0,1000000.0,1.0,1000,Isolated RL (non-federated)
Fin_fl_rl_1,pure_rl,fl_rl,2900960.8532761466,1000000.0,2900960.853276154,1900960.853276154,0.0,0.0,6.0,0.0,1367,1367,0,0.0,34301055.6099452,0,0.0,0.0,0,2249,709098,none_default,1000000.0,1000000.0,1.0,1000,FedAvg (federated)
Fin_fl_rl_2,pure_rl,fl_rl,2770958.766825774,1000000.0,2770958.766825824,1770958.766825824,0.0,0.0,12.0,0.0,1313,1313,0,0.0,32426574.725682437,0,0.0,0.0,0,2249,709098,none_default,1000000.0,1000000.0,1.0,1000,FedAvg (federated)
Fin_fl_rl_3,pure_rl,fl_rl,2640020.23605673,1000000.0,2640020.2360567283,1640020.2360567283,0.0,0.0,6.0,0.0,1317,1317,0,0.0,31300769.440728605,0,0.0,0.0,0,2249,709098,none_default,1000000.0,1000000.0,1.0,1000,FedAvg (federated)
Fin_rl_1,pure_rl,rl,2400845.972276033,1000000.0,2400845.9722759714,1400845.9722759714,0.0,0.0,6.0,0.0,1209,1209,76,0.06286186931348221,29587089.578230474,128866.77253473726,0.004355506890733673,0.12886677253473727,0,2258,709098,low_default,1000000.0,1000000.0,1.0,1000,Isolated RL (non-federated)
Fin_rl_2,pure_rl,rl,2498254.064657771,1000000.0,2498254.06465779,1498254.0646577901,0.0,0.0,6.0,0.0,1232,1232,102,0.08279220779220779,30183125.78384441,170005.3795373534,0.005632464336359397,0.1700053795373534,0,2258,709098,low_default,1000000.0,1000000.0,1.0,1000,Isolated RL (non-federated)
Fin_rl_3,pure_rl,rl,2730721.7446861,1000000.0,2730721.7446860857,1730721.7446860857,0.0,0.0,6.0,0.0,1321,1321,59,0.04466313398940197,32013723.887190264,94969.27089923929,0.002966517460883068,0.09496927089923929,0,2258,709098,low_default,1000000.0,1000000.0,1.0,1000,Isolated RL (non-federated)
Fin_fl_rl_1,pure_rl,fl_rl,2391314.5328860115,1000000.0,2391314.5328861005,1391314.5328861005,0.0,0.0,6.0,0.0,1203,1203,107,0.0889443059019119,29706580.114313073,200315.7108159636,0.0067431427665229126,0.2003157108159636,0,2265,709098,low_default,1000000.0,1000000.0,1.0,1000,FedAvg (federated)
Fin_fl_rl_2,pure_rl,fl_rl,2499051.7629932747,1000000.0,2499051.7629931737,1499051.7629931737,0.0,0.0,6.0,0.0,1172,1172,119,0.1015358361774744,29160208.68305976,195127.45380401696,0.00669156575403295,0.19512745380401697,0,2265,709098,low_default,1000000.0,1000000.0,1.0,1000,FedAvg (federated)
Fin_fl_rl_3,pure_rl,fl_rl,2878061.183850463,1000000.0,2878061.183850422,1878061.183850422,0.0,0.0,6.0,0.0,1387,1387,35,0.025234318673395817,34435896.09620497,64927.5855797524,0.0018854623500536055,0.0649275855797524,0,2265,709098,low_default,1000000.0,1000000.0,1.0,1000,FedAvg (federated)
Fin_rl_1,pure_rl,rl,2024708.308794332,1000000.0,2024708.3087944225,1024708.3087944225,0.0,0.0,6.0,0.0,1063,1063,168,0.15804327375352775,26073118.428403452,351674.9206818257,0.013488026821475992,0.3516749206818257,0,2238,709098,medium_default,1000000.0,1000000.0,1.0,1000,Isolated RL (non-federated)
Fin_rl_2,pure_rl,rl,2399339.738133655,1000000.0,2399339.7381336237,1399339.7381336237,0.0,0.0,6.0,0.0,1131,1131,183,0.16180371352785147,29274509.860634174,377152.05788845697,0.012883291972570937,0.37715205788845696,0,2238,709098,medium_default,1000000.0,1000000.0,1.0,1000,Isolated RL (non-federated)
Fin_rl_3,pure_rl,rl,2759962.7975027543,1000000.0,2759962.7975028106,1759962.7975028106,0.0,0.0,6.0,0.0,1277,1277,36,0.028191072826938137,32107770.72892788,80362.99019716072,0.0025029140414521748,0.08036299019716071,0,2238,709098,medium_default,1000000.0,1000000.0,1.0,1000,Isolated RL (non-federated)
Fin_fl_rl_1,pure_rl,fl_rl,2110593.5890560374,1000000.0,2110593.5890560765,1110593.5890560765,0.0,0.0,6.0,0.0,1090,1090,127,0.11651376146788991,27154246.378506288,290542.28339857724,0.010699699757771717,0.29054228339857724,0,2254,709098,medium_default,1000000.0,1000000.0,1.0,1000,FedAvg (federated)
Fin_fl_rl_2,pure_rl,fl_rl,1982703.6315827197,1000000.0,1982703.6315827342,982703.6315827342,0.0,0.0,6.0,0.0,1050,1050,185,0.1761904761904762,26007815.717119582,375736.659256178,0.014447067117937562,0.375736659256178,0,2254,709098,medium_default,1000000.0,1000000.0,1.0,1000,FedAvg (federated)
Fin_fl_rl_3,pure_rl,fl_rl,2741610.629891068,1000000.0,2741610.6298911213,1741610.6298911213,0.0,0.0,6.0,0.0,1319,1319,48,0.03639120545868082,32431472.679029718,93271.43873987823,0.002875954467531405,0.09327143873987823,0,2254,709098,medium_default,1000000.0,1000000.0,1.0,1000,FedAvg (federated)
Fin_rl_1,pure_rl,rl,1927068.9343864962,1000000.0,1927068.9343865032,927068.9343865032,0.0,0.0,6.0,0.0,949,949,153,0.1612223393045311,23895015.138596848,400844.42103239597,0.01677523193466929,0.400844421032396,0,2248,709098,high_default,1000000.0,1000000.0,1.0,1000,Isolated RL (non-federated)
Fin_rl_2,pure_rl,rl,1355843.6871784495,1000000.0,1355843.6871784264,355843.6871784264,0.0,0.0,6.0,0.0,913,913,344,0.37677984665936476,21367519.256884232,732798.0237029594,0.034294950896878916,0.7327980237029594,0,2248,709098,high_default,1000000.0,1000000.0,1.0,1000,Isolated RL (non-federated)
Fin_rl_3,pure_rl,rl,2406211.0904997587,1000000.0,2406211.0904997787,1406211.0904997787,0.0,0.0,6.0,0.0,1227,1227,122,0.09942950285248574,29891602.112102013,314194.2567982575,0.01051112133835917,0.3141942567982575,0,2248,709098,high_default,1000000.0,1000000.0,1.0,1000,Isolated RL (non-federated)
Fin_fl_rl_1,pure_rl,fl_rl,1864763.1598456812,1000000.0,1864763.1598456877,864763.1598456877,0.0,0.0,6.0,0.0,899,899,184,0.20467185761957732,23368264.99750336,461865.9088659517,0.01976466412526976,0.4618659088659517,0,2255,709098,high_default,1000000.0,1000000.0,1.0,1000,FedAvg (federated)
Fin_fl_rl_2,pure_rl,fl_rl,1750661.579250003,1000000.0,1750661.5792499958,750661.5792499958,0.0,0.0,6.0,0.0,963,963,250,0.25960539979231567,23346095.13865859,560580.0800530006,0.024011727731064587,0.5605800800530006,0,2255,709098,high_default,1000000.0,1000000.0,1.0,1000,FedAvg (federated)
Fin_fl_rl_3,pure_rl,fl_rl,2563381.435015715,1000000.0,2563381.4350157287,1563381.4350157287,0.0,0.0,6.0,0.0,1216,1216,87,0.07154605263157894,30138644.47234858,208963.68940249927,0.006933413664115452,0.20896368940249926,0,2255,709098,high_default,1000000.0,1000000.0,1.0,1000,FedAvg (federated)
Fin_rl_1,pure_rl,rl,15888474.829107437,5000000.0,15888474.829105841,10888474.829105841,0.0,0.0,6.0,0.0,5286,5286,0,0.0,177261543.35232842,0,0.0,0.0,0,2260,709098,none_default,5000000.0,5000000.0,1.0,1000,Isolated RL (non-federated)
Fin_rl_2,pure_rl,rl,13431245.675870717,5000000.0,13431245.675871108,8431245.675871108,0.0,0.0,9.0,0.0,4889,4889,0,0.0,161640024.38018304,0,0.0,0.0,0,2260,709098,none_default,5000000.0,5000000.0,1.0,1000,Isolated RL (non-federated)
Fin_rl_3,pure_rl,rl,11999364.880999854,5000000.0,11999364.881000806,6999364.881000806,0.0,0.0,6.0,0.0,4581,4581,0,0.0,148651419.42559665,0,0.0,0.0,0,2260,709098,none_default,5000000.0,5000000.0,1.0,1000,Isolated RL (non-federated)
Fin_fl_rl_1,pure_rl,fl_rl,14994697.685484704,5000000.0,14994697.685485275,9994697.685485275,0.0,0.0,6.0,0.0,5111,5111,0,0.0,170198160.79468343,0,0.0,0.0,0,2263,709098,none_default,5000000.0,5000000.0,1.0,1000,FedAvg (federated)
Fin_fl_rl_2,pure_rl,fl_rl,14319996.699242635,5000000.0,14319996.69924269,9319996.69924269,0.0,0.0,9.0,0.0,4901,4901,0,0.0,163468827.81213602,0,0.0,0.0,0,2263,709098,none_default,5000000.0,5000000.0,1.0,1000,FedAvg (federated)
Fin_fl_rl_3,pure_rl,fl_rl,12053290.356252288,5000000.0,12053290.356252592,7053290.356252592,0.0,0.0,6.0,0.0,4583,4583,0,0.0,149071366.06011707,0,0.0,0.0,0,2263,709098,none_default,5000000.0,5000000.0,1.0,1000,FedAvg (federated)
Fin_rl_1,pure_rl,rl,14572111.406595621,5000000.0,14572111.406596398,9572111.406596398,0.0,0.0,10.0,0.0,5001,5001,121,0.02419516096780644,165021090.209426,256340.8457324738,0.001553382330750301,0.051268169146494756,0,2250,709098,low_default,5000000.0,5000000.0,1.0,1000,Isolated RL (non-federated)
Fin_rl_2,pure_rl,rl,11369971.04931157,5000000.0,11369971.049310403,6369971.049310403,0.0,0.0,7.0,0.0,4174,4174,701,0.16794441782462866,139584776.21746856,1635871.9016527792,0.011719558149408383,0.32717438033055585,0,2250,709098,low_default,5000000.0,5000000.0,1.0,1000,Isolated RL (non-federated)
Fin_rl_3,pure_rl,rl,15609018.957223063,5000000.0,15609018.957221976,10609018.957221976,0.0,0.0,6.0,0.0,5308,5308,55,0.010361718161266013,174722820.26586506,111964.76340046222,0.0006408136225714092,0.022392952680092445,0,2250,709098,low_default,5000000.0,5000000.0,1.0,1000,Isolated RL (non-federated)
Fin_fl_rl_1,pure_rl,fl_rl,15171538.721279448,5000000.0,15171538.721279074,10171538.721279074,0.0,0.0,10.0,0.0,5073,5073,100,0.019712201852946976,168644168.00480884,229820.48686402894,0.0013627538359789332,0.04596409737280579,0,2264,709098,low_default,5000000.0,5000000.0,1.0,1000,FedAvg (federated)
Fin_fl_rl_2,pure_rl,fl_rl,13110842.41252757,5000000.0,13110842.412527015,8110842.412527015,0.0,0.0,7.0,0.0,4673,4673,182,0.03894714316285042,153747483.34812492,373277.7960749915,0.0024278628042957422,0.07465555921499831,0,2264,709098,low_default,5000000.0,5000000.0,1.0,1000,FedAvg (federated)
Fin_fl_rl_3,pure_rl,fl_rl,13365539.940205436,5000000.0,13365539.94020548,8365539.940205481,0.0,0.0,6.0,0.0,4796,4796,69,0.014386989157631359,155667279.4457074,152872.90641060667,0.0009820490661553872,0.030574581282121333,0,2264,709098,low_default,5000000.0,5000000.0,1.0,1000,FedAvg (federated)
Fin_rl_1,pure_rl,rl,13263447.459978122,5000000.0,13263447.459979242,8263447.459979242,0.0,0.0,7.0,0.0,4746,4746,227,0.04782975136957438,156850983.18592006,633761.4391995709,0.004040532142845129,0.12675228783991419,0,2260,709098,medium_default,5000000.0,5000000.0,1.0,1000,Isolated RL (non-federated)
Fin_rl_2,pure_rl,rl,14334619.653206492,5000000.0,14334619.653206408,9334619.653206408,0.0,0.0,7.0,0.0,4776,4776,202,0.042294807370184255,159233340.6539784,434769.23048630246,0.0027303906876580365,0.08695384609726049,0,2260,709098,medium_default,5000000.0,5000000.0,1.0,1000,Isolated RL (non-federated)
Fin_rl_3,pure_rl,rl,13590678.24507005,5000000.0,13590678.245069541,8590678.245069541,0.0,0.0,6.0,0.0,4842,4842,150,0.030978934324659233,158673175.35242558,390741.8937418594,0.002462557977263586,0.07814837874837188,0,2260,709098,medium_default,5000000.0,5000000.0,1.0,1000,Isolated RL (non-federated)
Fin_fl_rl_1,pure_rl,fl_rl,13663605.636341255,5000000.0,13663605.636340648,8663605.636340648,0.0,0.0,7.0,0.0,4753,4753,150,0.031559015358720806,157705310.72257465,372930.7269794316,0.0023647315697279724,0.07458614539588632,0,2267,709098,medium_default,5000000.0,5000000.0,1.0,1000,FedAvg (federated)
Fin_fl_rl_2,pure_rl,fl_rl,13554685.183492862,5000000.0,13554685.18349269,8554685.18349269,0.0,0.0,7.0,0.0,4798,4798,191,0.03980825343893289,157905236.5703096,422750.55010961863,0.0026772421187018884,0.08455011002192372,0,2267,709098,medium_default,5000000.0,5000000.0,1.0,1000,FedAvg (federated)
Fin_fl_rl_3,pure_rl,fl_rl,13664192.974608688,5000000.0,13664192.974607836,8664192.974607836,0.0,0.0,6.0,0.0,4850,4850,76,0.015670103092783504,159763960.56209493,188560.4958106058,0.0011802442499997902,0.037712099162121156,0,2267,709098,medium_default,5000000.0,5000000.0,1.0,1000,FedAvg (federated)
Fin_rl_1,pure_rl,rl,12816947.079836352,5000000.0,12816947.079835027,7816947.079835027,0.0,0.0,7.0,0.0,4452,4452,326,0.07322551662174304,147007227.34844545,1142622.1585171376,0.007772557711117327,0.22852443170342754,0,2269,709098,high_default,5000000.0,5000000.0,1.0,1000,Isolated RL (non-federated)
Fin_rl_2,pure_rl,rl,11851326.357295023,5000000.0,11851326.357296128,6851326.357296128,0.0,0.0,8.0,0.0,4273,4273,386,0.0903346594898198,139767717.24685693,1079748.1850110209,0.007725304571612742,0.21594963700220418,0,2269,709098,high_default,5000000.0,5000000.0,1.0,1000,Isolated RL (non-federated)
Fin_rl_3,pure_rl,rl,12646485.501759619,5000000.0,12646485.501759414,7646485.501759414,0.0,0.0,6.0,0.0,4515,4515,235,0.05204872646733112,148310372.05961376,719371.1467187998,0.004850443948921162,0.14387422934375996,0,2269,709098,high_default,5000000.0,5000000.0,1.0,1000,Isolated RL (non-federated)
Fin_fl_rl_1,pure_rl,fl_rl,12042210.69119467,5000000.0,12042210.691194894,7042210.691194894,0.0,0.0,7.0,0.0,4242,4242,421,0.09924563884959925,139735493.87303114,1489728.4227875266,0.010661059559721808,0.2979456845575053,0,2261,709098,high_default,5000000.0,5000000.0,1.0,1000,FedAvg (federated)
Fin_fl_rl_2,pure_rl,fl_rl,12903899.229577286,5000000.0,12903899.22957768,7903899.229577679,0.0,0.0,8.0,0.0,4497,4497,413,0.09183900378029798,149776213.35318273,1120810.5428541559,0.007483234605559206,0.2241621085708312,0,2261,709098,high_default,5000000.0,5000000.0,1.0,1000,FedAvg (federated)
Fin_fl_rl_3,pure_rl,fl_rl,13222452.305277282,5000000.0,13222452.305277579,8222452.3052775785,0.0,0.0,6.0,0.0,4651,4651,215,0.046226617931627606,151826554.05720314,669201.7077993926,0.00440767237295829,0.13384034155987853,0,2261,709098,high_default,5000000.0,5000000.0,1.0,1000,FedAvg (federated)
Fin_rl_1,pure_rl,rl,29867745.669489767,10000000.0,29867745.669492967,19867745.669492967,0.0,0.0,6.0,0.0,9814,9814,0,0.0,335322425.7901115,0,0.0,0.0,0,2270,709098,none_default,10000000.0,10000000.0,1.0,1000,Isolated RL (non-federated)
Fin_rl_2,pure_rl,rl,31372657.18901375,10000000.0,31372657.189007115,21372657.189007115,0.0,0.0,9.0,0.0,10248,10248,0,0.0,350899646.30749065,0,0.0,0.0,0,2270,709098,none_default,10000000.0,10000000.0,1.0,1000,Isolated RL (non-federated)
Fin_rl_3,pure_rl,rl,28074374.213275053,10000000.0,28074374.21327974,18074374.21327974,0.0,0.0,6.0,0.0,9494,9494,0,0.0,322743280.09508085,0,0.0,0.0,0,2270,709098,none_default,10000000.0,10000000.0,1.0,1000,Isolated RL (non-federated)
Fin_fl_rl_1,pure_rl,fl_rl,29581059.760448698,10000000.0,29581059.76045586,19581059.76045586,0.0,0.0,6.0,0.0,9892,9892,0,0.0,335547034.96814436,0,0.0,0.0,0,2257,709098,none_default,10000000.0,10000000.0,1.0,1000,FedAvg (federated)
Fin_fl_rl_2,pure_rl,fl_rl,33137432.778831962,10000000.0,33137432.778829936,23137432.778829936,0.0,0.0,9.0,0.0,10552,10552,0,0.0,362487704.3151485,0,0.0,0.0,0,2257,709098,none_default,10000000.0,10000000.0,1.0,1000,FedAvg (federated)
Fin_fl_rl_3,pure_rl,fl_rl,30189704.57436754,10000000.0,30189704.574367207,20189704.574367207,0.0,0.0,6.0,0.0,9966,9966,0,0.0,340126598.9289703,0,0.0,0.0,0,2257,709098,none_default,10000000.0,10000000.0,1.0,1000,FedAvg (federated)
Fin_rl_1,pure_rl,rl,28310370.31883574,10000000.0,28310370.31883769,18310370.31883769,0.0,0.0,16.0,0.0,9387,9387,216,0.023010546500479387,320151725.844558,481689.72216352663,0.001504567001451679,0.04816897221635266,0,2264,709098,low_default,10000000.0,10000000.0,1.0,1000,Isolated RL (non-federated)
Fin_rl_2,pure_rl,rl,28874459.427220568,10000000.0,28874459.427222557,18874459.427222557,0.0,0.0,7.0,0.0,9393,9393,289,0.03076759288832109,320520589.48241484,667439.9507711856,0.002082362171643904,0.06674399507711856,0,2264,709098,low_default,10000000.0,10000000.0,1.0,1000,Isolated RL (non-federated)
Fin_rl_3,pure_rl,rl,29973316.472947806,10000000.0,29973316.47295029,19973316.47295029,0.0,0.0,6.0,0.0,9902,9902,71,0.007170268632599475,337827896.17773783,158162.84952153143,0.00046817581174030365,0.015816284952153144,0,2264,709098,low_default,10000000.0,10000000.0,1.0,1000,Isolated RL (non-federated)
Fin_fl_rl_1,pure_rl,fl_rl,28556753.35432235,10000000.0,28556753.354316223,18556753.354316223,0.0,0.0,16.0,0.0,9576,9576,166,0.01733500417710944,323537288.069848,362238.68492073053,0.0011196195872252208,0.036223868492073055,0,2266,709098,low_default,10000000.0,10000000.0,1.0,1000,FedAvg (federated)
Fin_fl_rl_2,pure_rl,fl_rl,31045884.578957308,10000000.0,31045884.578951076,21045884.578951076,0.0,0.0,7.0,0.0,10145,10145,261,0.025726959093149336,347872191.1946972,585005.0056697729,0.0016816664869378911,0.05850050056697729,0,2266,709098,low_default,10000000.0,10000000.0,1.0,1000,FedAvg (federated)
Fin_fl_rl_3,pure_rl,fl_rl,31798076.266266488,10000000.0,31798076.266262542,21798076.266262542,0.0,0.0,6.0,0.0,10283,10283,78,0.007585335018963337,350727803.8493175,157301.98531033826,0.0004485016117453853,0.015730198531033825,0,2266,709098,low_default,10000000.0,10000000.0,1.0,1000,FedAvg (federated)
Fin_rl_1,pure_rl,rl,27553928.972198036,10000000.0,27553928.97219625,17553928.97219625,0.0,0.0,16.0,0.0,9143,9143,397,0.043421196543804004,311703203.5122001,1083592.9028207914,0.0034763611365270404,0.10835929028207913,0,2265,709098,medium_default,10000000.0,10000000.0,1.0,1000,Isolated RL (non-federated)
Fin_rl_2,pure_rl,rl,27205638.668961264,10000000.0,27205638.6689583,17205638.6689583,0.0,0.0,7.0,0.0,9035,9035,461,0.051023796347537356,309311725.60588276,1103378.0672944312,0.0035672041372926413,0.11033780672944311,0,2265,709098,medium_default,10000000.0,10000000.0,1.0,1000,Isolated RL (non-federated)
Fin_rl_3,pure_rl,rl,31688969.250742674,10000000.0,31688969.25074371,21688969.25074371,0.0,0.0,6.0,0.0,10237,10237,140,0.01367588160593924,349735340.05980086,348760.2747956691,0.0009972119910330907,0.034876027479566904,0,2265,709098,medium_default,10000000.0,10000000.0,1.0,1000,Isolated RL (non-federated)
Fin_fl_rl_1,pure_rl,fl_rl,27252337.547485605,10000000.0,27252337.547480095,17252337.547480095,0.0,0.0,16.0,0.0,8659,8659,260,0.030026561958655735,297346579.6720978,736828.7446570885,0.002478013184041446,0.07368287446570886,0,2277,709098,medium_default,10000000.0,10000000.0,1.0,1000,FedAvg (federated)
Fin_fl_rl_2,pure_rl,fl_rl,26204833.71845644,10000000.0,26204833.71845487,16204833.718454871,0.0,0.0,7.0,0.0,8610,8610,448,0.05203252032520325,295363512.3134728,1101653.2953029207,0.0037298218953115744,0.11016532953029208,0,2277,709098,medium_default,10000000.0,10000000.0,1.0,1000,FedAvg (federated)
Fin_fl_rl_3,pure_rl,fl_rl,28877889.71248319,10000000.0,28877889.712485414,18877889.712485414,0.0,0.0,6.0,0.0,9608,9608,124,0.012905911740216486,327741608.62548655,289693.791751752,0.0008839091043907943,0.028969379175175204,0,2277,709098,medium_default,10000000.0,10000000.0,1.0,1000,FedAvg (federated)
Fin_rl_1,pure_rl,rl,27013424.785016946,10000000.0,27013424.78501113,17013424.78501113,0.0,0.0,7.0,0.0,8495,8495,417,0.04908769864626251,292246709.8483146,1438903.1765880608,0.004923590679035866,0.14389031765880608,0,2253,709098,high_default,10000000.0,10000000.0,1.0,1000,Isolated RL (non-federated)
Fin_rl_2,pure_rl,rl,23575760.0824338,10000000.0,23575760.08243181,13575760.082431812,0.0,0.0,6.0,0.0,7446,7446,701,0.09414450711791567,255015784.7179471,2095680.1731418362,0.00821784492853924,0.20956801731418362,0,2253,709098,high_default,10000000.0,10000000.0,1.0,1000,Isolated RL (non-federated)
Fin_rl_3,pure_rl,rl,26183886.630027205,10000000.0,26183886.630026944,16183886.630026944,0.0,0.0,12.0,0.0,8549,8549,367,0.04292899754357235,292632530.3627554,1131272.8383438457,0.003865847850003171,0.11312728383438457,0,2253,709098,high_default,10000000.0,10000000.0,1.0,1000,Isolated RL (non-federated)
Fin_fl_rl_1,pure_rl,fl_rl,23615273.266584247,10000000.0,23615273.266584836,13615273.266584836,0.0,0.0,7.0,0.0,8159,8159,531,0.06508150508640764,275474813.10470736,1894016.0452090765,0.0068754599517203965,0.18940160452090765,0,2259,709098,high_default,10000000.0,10000000.0,1.0,1000,FedAvg (federated)
Fin_fl_rl_2,pure_rl,fl_rl,24920447.410074234,10000000.0,24920447.410073232,14920447.410073232,0.0,0.0,13.0,0.0,7842,7842,569,0.07255802091303239,270599801.70694923,1674170.211448877,0.006186886320271397,0.16741702114488768,0,2259,709098,high_default,10000000.0,10000000.0,1.0,1000,FedAvg (federated)
Fin_fl_rl_3,pure_rl,fl_rl,28045586.926636126,10000000.0,28045586.926635936,18045586.926635936,0.0,0.0,12.0,0.0,9390,9390,238,0.025346112886048988,318047260.0042382,736088.4480251248,0.0023143995895934335,0.07360884480251248,0,2259,709098,high_default,10000000.0,10000000.0,1.0,1000,FedAvg (federated)
Fin_rl_1,pure_rl,rl,2700515.721851634,1000000.0,2700515.7218517093,1700515.7218517093,0.0,0.0,6.0,0.0,1289,1289,0,0.0,32203965.418495007,0,0.0,0.0,0,2263,436570,none_default,1000000.0,1000000.0,1.0,1000,Isolated RL (non-federated)
Fin_rl_2,pure_rl,rl,2684432.7468900126,1000000.0,2684432.7468898846,1684432.7468898846,0.0,0.0,6.0,0.0,1323,1323,0,0.0,31555258.233863525,0,0.0,0.0,0,2263,436570,none_default,1000000.0,1000000.0,1.0,1000,Isolated RL (non-federated)
Fin_rl_3,pure_rl,rl,2465110.6623562463,1000000.0,2465110.6623562863,1465110.6623562863,0.0,0.0,6.0,0.0,1276,1276,0,0.0,30662171.326003537,0,0.0,0.0,0,2263,436570,none_default,1000000.0,1000000.0,1.0,1000,Isolated RL (non-federated)
Fin_fl_rl_1,pure_rl,fl_rl,2960099.5161345913,1000000.0,2960099.516134482,1960099.5161344819,0.0,0.0,6.0,0.0,1341,1341,0,0.0,33316905.452401474,0,0.0,0.0,0,2263,436570,none_default,1000000.0,1000000.0,1.0,1000,FedAvg (federated)
Fin_fl_rl_2,pure_rl,fl_rl,2683117.2383504407,1000000.0,2683117.238350655,1683117.238350655,0.0,0.0,15.0,0.0,1284,1284,0,0.0,30955784.959432907,0,0.0,0.0,0,2263,436570,none_default,1000000.0,1000000.0,1.0,1000,FedAvg (federated)
Fin_fl_rl_3,pure_rl,fl_rl,2777238.381957422,1000000.0,2777238.3819573997,1777238.3819573997,0.0,0.0,6.0,0.0,1340,1340,0,0.0,32323465.031664286,0,0.0,0.0,0,2263,436570,none_default,1000000.0,1000000.0,1.0,1000,FedAvg (federated)
Fin_rl_1,pure_rl,rl,2582416.5046826703,1000000.0,2582416.504682701,1582416.504682701,0.0,0.0,14.0,0.0,1205,1205,84,0.06970954356846473,29892028.2055431,151023.448995927,0.005052298491004421,0.151023448995927,0,2246,436570,low_default,1000000.0,1000000.0,1.0,1000,Isolated RL (non-federated)
Fin_rl_2,pure_rl,rl,2362738.0012109694,1000000.0,2362738.001211002,1362738.001211002,0.0,0.0,6.0,0.0,1155,1155,107,0.09264069264069263,28765324.822820358,189679.60045982504,0.006594036452852664,0.18967960045982504,0,2246,436570,low_default,1000000.0,1000000.0,1.0,1000,Isolated RL (non-federated)
Fin_rl_3,pure_rl,rl,2644099.0140560637,1000000.0,2644099.0140559645,1644099.0140559645,0.0,0.0,6.0,0.0,1275,1275,62,0.04862745098039216,30776286.119280726,103340.05004113837,0.0033577816907673567,0.10334005004113837,0,2246,436570,low_default,1000000.0,1000000.0,1.0,1000,Isolated RL (non-federated)
Fin_fl_rl_1,pure_rl,fl_rl,2532987.085981781,1000000.0,2532987.0859817946,1532987.0859817946,0.0,0.0,14.0,0.0,1198,1198,97,0.08096828046744574,29609010.392595474,179352.42056132003,0.006057359505881085,0.17935242056132003,0,2238,436570,low_default,1000000.0,1000000.0,1.0,1000,FedAvg (federated)
Fin_fl_rl_2,pure_rl,fl_rl,2556427.410177084,1000000.0,2556427.410177044,1556427.410177044,0.0,0.0,6.0,0.0,1212,1212,125,0.10313531353135313,30138153.669780403,226059.58267224047,0.00750077742482649,0.22605958267224047,0,2238,436570,low_default,1000000.0,1000000.0,1.0,1000,FedAvg (federated)
Fin_fl_rl_3,pure_rl,fl_rl,2802053.379587071,1000000.0,2802053.3795871646,1802053.3795871646,0.0,0.0,6.0,0.0,1362,1362,48,0.03524229074889868,32817747.587255906,79783.83846839485,0.002431118657862347,0.07978383846839485,0,2238,436570,low_default,1000000.0,1000000.0,1.0,1000,FedAvg (federated)
Fin_rl_1,pure_rl,rl,2261642.1189951203,1000000.0,2261642.1189949783,1261642.1189949783,0.0,0.0,6.0,0.0,1146,1146,102,0.08900523560209424,28074843.388819996,218028.09128858562,0.007765959306309402,0.21802809128858563,0,2245,436570,medium_default,1000000.0,1000000.0,1.0,1000,Isolated RL (non-federated)
Fin_rl_2,pure_rl,rl,2578398.163876736,1000000.0,2578398.163876607,1578398.163876607,0.0,0.0,6.0,0.0,1187,1187,129,0.10867733782645324,30044699.668791637,253942.16035670062,0.00845214507570792,0.25394216035670064,0,2245,436570,medium_default,1000000.0,1000000.0,1.0,1000,Isolated RL (non-federated)
Fin_rl_3,pure_rl,rl,2752394.088583319,1000000.0,2752394.0885833222,1752394.0885833222,0.0,0.0,13.0,0.0,1324,1324,86,0.0649546827794562,32534899.21160696,178886.036569914,0.005498281565479559,0.178886036569914,0,2245,436570,medium_default,1000000.0,1000000.0,1.0,1000,Isolated RL (non-federated)
Fin_fl_rl_1,pure_rl,fl_rl,2011678.5685531097,1000000.0,2011678.5685530733,1011678.5685530733,0.0,0.0,6.0,0.0,1089,1089,147,0.1349862258953168,26524134.466293987,320943.265429278,0.012100046689068115,0.32094326542927804,0,2254,436570,medium_default,1000000.0,1000000.0,1.0,1000,FedAvg (federated)
Fin_fl_rl_2,pure_rl,fl_rl,2411034.553936532,1000000.0,2411034.553936591,1411034.553936591,0.0,0.0,6.0,0.0,1157,1157,148,0.12791702679343128,29120327.952131838,300675.6585132401,0.01032528407672786,0.30067565851324013,0,2254,436570,medium_default,1000000.0,1000000.0,1.0,1000,FedAvg (federated)
Fin_fl_rl_3,pure_rl,fl_rl,2737529.110267395,1000000.0,2737529.1102674436,1737529.1102674436,0.0,0.0,13.0,0.0,1309,1309,43,0.03284950343773873,32369472.604051344,94069.56887236352,0.0029061199119008764,0.09406956887236352,0,2254,436570,medium_default,1000000.0,1000000.0,1.0,1000,FedAvg (federated)
Fin_rl_1,pure_rl,rl,2052522.9696965201,1000000.0,2052522.9696964854,1052522.9696964854,0.0,0.0,6.0,0.0,955,955,145,0.1518324607329843,25033555.477218,356237.24435975554,0.014230389473998302,0.3562372443597555,0,2261,436570,high_default,1000000.0,1000000.0,1.0,1000,Isolated RL (non-federated)
Fin_rl_2,pure_rl,rl,1687018.914779636,1000000.0,1687018.9147796535,687018.9147796535,0.0,0.0,6.0,0.0,971,971,279,0.28733264675592174,23545531.419938467,618669.9141255089,0.026275470410560206,0.6186699141255089,0,2261,436570,high_default,1000000.0,1000000.0,1.0,1000,Isolated RL (non-federated)
Fin_rl_3,pure_rl,rl,1974337.8100645186,1000000.0,1974337.810064595,974337.810064595,0.0,0.0,6.0,0.0,1109,1109,130,0.11722272317403065,27330289.35686874,329758.8359201147,0.012065691351242082,0.32975883592011473,0,2261,436570,high_default,1000000.0,1000000.0,1.0,1000,Isolated RL (non-federated)
Fin_fl_rl_1,pure_rl,fl_rl,1921153.0319977265,1000000.0,1921153.031997777,921153.031997777,0.0,0.0,6.0,0.0,953,953,161,0.1689401888772298,23592510.161206696,441113.23646864283,0.01869717268126763,0.4411132364686428,0,2262,436570,high_default,1000000.0,1000000.0,1.0,1000,FedAvg (federated)
Fin_fl_rl_2,pure_rl,fl_rl,1924293.4330543503,1000000.0,1924293.433054283,924293.433054283,0.0,0.0,6.0,0.0,979,979,186,0.18998978549540346,24492135.482807904,424808.68534901104,0.01734469767436991,0.42480868534901106,0,2262,436570,high_default,1000000.0,1000000.0,1.0,1000,FedAvg (federated)
Fin_fl_rl_3,pure_rl,fl_rl,2310078.903974955,1000000.0,2310078.903975,1310078.9039750001,0.0,0.0,6.0,0.0,1223,1223,102,0.08340147179067865,30088324.440108493,237402.16573872854,0.007890175679648864,0.23740216573872855,0,2262,436570,high_default,1000000.0,1000000.0,1.0,1000,FedAvg (federated)
Fin_rl_1,pure_rl,rl,13920184.290304033,5000000.0,13920184.290305745,8920184.290305745,0.0,0.0,6.0,0.0,4904,4904,0,0.0,160348998.30284822,0,0.0,0.0,0,2266,436570,none_default,5000000.0,5000000.0,1.0,1000,Isolated RL (non-federated)
Fin_rl_2,pure_rl,rl,14529720.659896648,5000000.0,14529720.65989778,9529720.65989778,0.0,0.0,6.0,0.0,5033,5033,0,0.0,166050623.2424044,0,0.0,0.0,0,2266,436570,none_default,5000000.0,5000000.0,1.0,1000,Isolated RL (non-federated)
Fin_rl_3,pure_rl,rl,14967395.282295857,5000000.0,14967395.282296026,9967395.282296026,0.0,0.0,6.0,0.0,5093,5093,0,0.0,169528617.23515424,0,0.0,0.0,0,2266,436570,none_default,5000000.0,5000000.0,1.0,1000,Isolated RL (non-federated)
Fin_fl_rl_1,pure_rl,fl_rl,12711595.967909936,5000000.0,12711595.967909425,7711595.9679094255,0.0,0.0,6.0,0.0,4745,4745,0,0.0,154515401.55689478,0,0.0,0.0,0,2263,436570,none_default,5000000.0,5000000.0,1.0,1000,FedAvg (federated)
Fin_fl_rl_2,pure_rl,fl_rl,14291461.410551736,5000000.0,14291461.410552396,9291461.410552396,0.0,0.0,6.0,0.0,4908,4908,0,0.0,163014549.22959712,0,0.0,0.0,0,2263,436570,none_default,5000000.0,5000000.0,1.0,1000,FedAvg (federated)
Fin_fl_rl_3,pure_rl,fl_rl,14625067.663698966,5000000.0,14625067.663696375,9625067.663696375,0.0,0.0,6.0,0.0,5005,5005,0,0.0,166812023.34111756,0,0.0,0.0,0,2263,436570,none_default,5000000.0,5000000.0,1.0,1000,FedAvg (federated)
Fin_rl_1,pure_rl,rl,14383025.456807688,5000000.0,14383025.456807515,9383025.456807515,0.0,0.0,14.0,0.0,4948,4948,113,0.022837510105092967,163017046.43255508,258689.16645360945,0.0015868841456444663,0.05173783329072189,0,2262,436570,low_default,5000000.0,5000000.0,1.0,1000,Isolated RL (non-federated)
Fin_rl_2,pure_rl,rl,14877284.044022314,5000000.0,14877284.044022307,9877284.044022307,0.0,0.0,7.0,0.0,5107,5107,111,0.021734873702760917,168275401.00857353,219031.2321661279,0.001301623593545728,0.04380624643322558,0,2262,436570,low_default,5000000.0,5000000.0,1.0,1000,Isolated RL (non-federated)
Fin_rl_3,pure_rl,rl,15053294.033593953,5000000.0,15053294.03359466,10053294.03359466,0.0,0.0,13.0,0.0,5236,5236,82,0.01566080977845684,171916605.19658345,195333.21463558433,0.0011362091196032193,0.03906664292711687,0,2262,436570,low_default,5000000.0,5000000.0,1.0,1000,Isolated RL (non-federated)
Fin_fl_rl_1,pure_rl,fl_rl,15140684.953007167,5000000.0,15140684.953008646,10140684.953008646,0.0,0.0,14.0,0.0,5049,5049,136,0.026936026936026935,168825811.63645956,315013.77280136535,0.0018659100154643361,0.06300275456027307,0,2258,436570,low_default,5000000.0,5000000.0,1.0,1000,FedAvg (federated)
Fin_fl_rl_2,pure_rl,fl_rl,14477683.06517769,5000000.0,14477683.065179292,9477683.065179292,0.0,0.0,7.0,0.0,4810,4810,240,0.0498960498960499,160138867.67924622,524384.3256178206,0.003274559969214645,0.10487686512356412,0,2258,436570,low_default,5000000.0,5000000.0,1.0,1000,FedAvg (federated)
Fin_fl_rl_3,pure_rl,fl_rl,15093513.426522853,5000000.0,15093513.42652319,10093513.42652319,0.0,0.0,13.0,0.0,5171,5171,67,0.01295687487913363,169746533.83048615,147667.21503329556,0.000869927719294465,0.029533443006659114,0,2258,436570,low_default,5000000.0,5000000.0,1.0,1000,FedAvg (federated)
Fin_rl_1,pure_rl,rl,13784234.850293258,5000000.0,13784234.850293314,8784234.850293314,0.0,0.0,7.0,0.0,4764,4764,201,0.04219143576826197,157554456.2446779,522866.76166912296,0.003318641529612623,0.10457335233382459,0,2281,436570,medium_default,5000000.0,5000000.0,1.0,1000,Isolated RL (non-federated)
Fin_rl_2,pure_rl,rl,11213394.154333062,5000000.0,11213394.154332908,6213394.154332908,0.0,0.0,7.0,0.0,4463,4463,1004,0.22496078870714767,146470347.06969863,2251326.125267105,0.015370524958173279,0.45026522505342104,0,2281,436570,medium_default,5000000.0,5000000.0,1.0,1000,Isolated RL (non-federated)
Fin_rl_3,pure_rl,rl,13077116.402625462,5000000.0,13077116.402625358,8077116.402625358,0.0,0.0,13.0,0.0,4724,4724,117,0.02476714648602879,153759455.66360265,293888.18477199745,0.0019113503199111907,0.05877763695439949,0,2281,436570,medium_default,5000000.0,5000000.0,1.0,1000,Isolated RL (non-federated)
Fin_fl_rl_1,pure_rl,fl_rl,14470312.833561113,5000000.0,14470312.833561769,9470312.833561769,0.0,0.0,7.0,0.0,4912,4912,233,0.04743485342019544,162979153.56636575,634918.6891055342,0.003895704912021112,0.12698373782110683,0,2258,436570,medium_default,5000000.0,5000000.0,1.0,1000,FedAvg (federated)
Fin_fl_rl_2,pure_rl,fl_rl,12163140.797035592,5000000.0,12163140.797035817,7163140.797035817,0.0,0.0,7.0,0.0,4341,4341,363,0.08362128541810643,141302157.5603602,811280.0406732603,0.005741455436210908,0.16225600813465207,0,2258,436570,medium_default,5000000.0,5000000.0,1.0,1000,FedAvg (federated)
Fin_fl_rl_3,pure_rl,fl_rl,14777847.305203041,5000000.0,14777847.305203082,9777847.305203082,0.0,0.0,13.0,0.0,5036,5036,106,0.021048451151707705,165725815.1458637,264293.0124808793,0.001594760672911831,0.05285860249617586,0,2258,436570,medium_default,5000000.0,5000000.0,1.0,1000,FedAvg (federated)
Fin_rl_1,pure_rl,rl,10916879.300973516,5000000.0,10916879.300973618,5916879.300973618,0.0,0.0,7.0,0.0,4068,4068,373,0.0916912487708948,132899226.3515755,1265593.3981599046,0.009522955346721635,0.2531186796319809,0,2245,436570,high_default,5000000.0,5000000.0,1.0,1000,Isolated RL (non-federated)
Fin_rl_2,pure_rl,rl,11942781.099286955,5000000.0,11942781.099287197,6942781.099287197,0.0,0.0,17.0,0.0,4272,4272,435,0.10182584269662921,138952963.39421114,1139604.690721992,0.008201370182289098,0.2279209381443984,0,2245,436570,high_default,5000000.0,5000000.0,1.0,1000,Isolated RL (non-federated)
Fin_rl_3,pure_rl,rl,13735211.373300316,5000000.0,13735211.373301918,8735211.373301918,0.0,0.0,8.0,0.0,4838,4838,276,0.05704836709384043,158350500.14716297,830242.9062280706,0.005243070943612333,0.1660485812456141,0,2245,436570,high_default,5000000.0,5000000.0,1.0,1000,Isolated RL (non-federated)
Fin_fl_rl_1,pure_rl,fl_rl,13190346.886340318,5000000.0,13190346.886338996,8190346.886338996,0.0,0.0,7.0,0.0,4564,4564,260,0.05696757230499562,150972710.90318376,887732.6562654562,0.005880086877652639,0.17754653125309125,0,2267,436570,high_default,5000000.0,5000000.0,1.0,1000,FedAvg (federated)
Fin_fl_rl_2,pure_rl,fl_rl,11598270.062988143,5000000.0,11598270.062987804,6598270.062987804,0.0,0.0,17.0,0.0,4282,4282,365,0.08524054180289584,139871751.16401535,972479.916971048,0.006952654191272017,0.1944959833942096,0,2267,436570,high_default,5000000.0,5000000.0,1.0,1000,FedAvg (federated)
Fin_fl_rl_3,pure_rl,fl_rl,13402303.945641471,5000000.0,13402303.945640631,8402303.945640631,0.0,0.0,8.0,0.0,4745,4745,154,0.032455216016859856,155475954.22124743,477343.41904427984,0.0030702073605864758,0.09546868380885597,0,2267,436570,high_default,5000000.0,5000000.0,1.0,1000,FedAvg (federated)
Fin_rl_1,pure_rl,rl,31689015.135005005,10000000.0,31689015.135001924,21689015.135001924,0.0,0.0,6.0,0.0,10310,10310,0,0.0,352128753.44695497,0,0.0,0.0,0,2263,436570,none_default,10000000.0,10000000.0,1.0,1000,Isolated RL (non-federated)
Fin_rl_2,pure_rl,rl,28167496.525811188,10000000.0,28167496.52580793,18167496.52580793,0.0,0.0,6.0,0.0,9449,9449,0,0.0,320065689.466641,0,0.0,0.0,0,2263,436570,none_default,10000000.0,10000000.0,1.0,1000,Isolated RL (non-federated)
Fin_rl_3,pure_rl,rl,26581459.7253064,10000000.0,26581459.72530853,16581459.72530853,0.0,0.0,6.0,0.0,9131,9131,0,0.0,310695627.79509646,0,0.0,0.0,0,2263,436570,none_default,10000000.0,10000000.0,1.0,1000,Isolated RL (non-federated)
Fin_fl_rl_1,pure_rl,fl_rl,30838529.401015617,10000000.0,30838529.40101376,20838529.40101376,0.0,0.0,6.0,0.0,10151,10151,0,0.0,346507472.06618804,0,0.0,0.0,0,2243,436570,none_default,10000000.0,10000000.0,1.0,1000,FedAvg (federated)
Fin_fl_rl_2,pure_rl,fl_rl,29242215.216353055,10000000.0,29242215.216354106,19242215.216354106,0.0,0.0,6.0,0.0,9623,9623,0,0.0,328283727.6047965,0,0.0,0.0,0,2243,436570,none_default,10000000.0,10000000.0,1.0,1000,FedAvg (federated)
Fin_fl_rl_3,pure_rl,fl_rl,28854423.52880234,10000000.0,28854423.528801147,18854423.528801147,0.0,0.0,6.0,0.0,9728,9728,0,0.0,330611960.13744617,0,0.0,0.0,0,2243,436570,none_default,10000000.0,10000000.0,1.0,1000,FedAvg (federated)
Fin_rl_1,pure_rl,rl,31556170.610449146,10000000.0,31556170.610449012,21556170.610449012,0.0,0.0,6.0,0.0,10291,10291,352,0.03420464483529297,351954998.1234068,885452.7564412755,0.002515812422504104,0.08854527564412755,0,2286,436570,low_default,10000000.0,10000000.0,1.0,1000,Isolated RL (non-federated)
Fin_rl_2,pure_rl,rl,31691276.86956808,10000000.0,31691276.86957258,21691276.86957258,0.0,0.0,12.0,0.0,10021,10021,250,0.024947610018960183,344562314.64503706,518466.92574355385,0.0015047116405567183,0.05184669257435538,0,2286,436570,low_default,10000000.0,10000000.0,1.0,1000,Isolated RL (non-federated)
Fin_rl_3,pure_rl,rl,32800323.864947166,10000000.0,32800323.864952154,22800323.864952154,0.0,0.0,13.0,0.0,10564,10564,57,0.00539568345323741,361070261.78256327,125800.55806098823,0.00034841018875363767,0.012580055806098823,0,2286,436570,low_default,10000000.0,10000000.0,1.0,1000,Isolated RL (non-federated)
Fin_fl_rl_1,pure_rl,fl_rl,32456622.31092698,10000000.0,32456622.31092715,22456622.31092715,0.0,0.0,6.0,0.0,10300,10300,215,0.02087378640776699,355548869.4444344,560025.1728848147,0.0015751004180097276,0.05600251728848147,0,2269,436570,low_default,10000000.0,10000000.0,1.0,1000,FedAvg (federated)
Fin_fl_rl_2,pure_rl,fl_rl,30588894.066429146,10000000.0,30588894.06643114,20588894.06643114,0.0,0.0,12.0,0.0,9999,9999,214,0.0214021402140214,340368192.01932436,434382.64063525875,0.001276213967169402,0.043438264063525876,0,2269,436570,low_default,10000000.0,10000000.0,1.0,1000,FedAvg (federated)
Fin_fl_rl_3,pure_rl,fl_rl,32142648.82916032,10000000.0,32142648.82915967,22142648.82915967,0.0,0.0,13.0,0.0,10367,10367,58,0.0055946754123661615,354478338.36295146,127044.48435950745,0.00035839844247245994,0.012704448435950744,0,2269,436570,low_default,10000000.0,10000000.0,1.0,1000,FedAvg (federated)
Fin_rl_1,pure_rl,rl,26817867.170991905,10000000.0,26817867.170992758,16817867.170992758,0.0,0.0,7.0,0.0,8966,8966,429,0.047847423600267676,304556559.68393296,1236326.345336591,0.004059431018723233,0.1236326345336591,0,2269,436570,medium_default,10000000.0,10000000.0,1.0,1000,Isolated RL (non-federated)
Fin_rl_2,pure_rl,rl,28551153.327355746,10000000.0,28551153.32735193,18551153.32735193,0.0,0.0,7.0,0.0,9101,9101,448,0.04922535985056587,313360299.4123974,1001168.7473996722,0.0031949444434315063,0.10011687473996722,0,2269,436570,medium_default,10000000.0,10000000.0,1.0,1000,Isolated RL (non-federated)
Fin_rl_3,pure_rl,rl,29097861.71691518,10000000.0,29097861.71691384,19097861.71691384,0.0,0.0,13.0,0.0,9740,9740,173,0.017761806981519506,331670366.5251336,455270.85493291746,0.0013726606320086107,0.04552708549329174,0,2269,436570,medium_default,10000000.0,10000000.0,1.0,1000,Isolated RL (non-federated)
Fin_fl_rl_1,pure_rl,fl_rl,28448732.747219324,10000000.0,28448732.747218605,18448732.747218605,0.0,0.0,7.0,0.0,9305,9305,420,0.045137023105857065,317371974.37545156,1195029.7588441023,0.003765391576227774,0.11950297588441022,0,2262,436570,medium_default,10000000.0,10000000.0,1.0,1000,FedAvg (federated)
Fin_fl_rl_2,pure_rl,fl_rl,28297604.61345764,10000000.0,28297604.613452733,18297604.613452733,0.0,0.0,7.0,0.0,9383,9383,453,0.04827880208888415,318063070.6482923,1012331.1713609442,0.0031828000946402214,0.10123311713609441,0,2262,436570,medium_default,10000000.0,10000000.0,1.0,1000,FedAvg (federated)
Fin_fl_rl_3,pure_rl,fl_rl,31625232.77933284,10000000.0,31625232.779337827,21625232.779337827,0.0,0.0,13.0,0.0,10270,10270,167,0.01626095423563778,350119748.60650337,402087.0783411915,0.0011484273022059485,0.04020870783411915,0,2262,436570,medium_default,10000000.0,10000000.0,1.0,1000,FedAvg (federated)
Fin_rl_1,pure_rl,rl,24958978.9643667,10000000.0,24958978.96436655,14958978.964366551,0.0,0.0,10.0,0.0,8434,8434,985,0.1167891866255632,290331493.74520326,3247467.7542695007,0.011185378865992053,0.3247467754269501,0,2261,436570,high_default,10000000.0,10000000.0,1.0,1000,Isolated RL (non-federated)
Fin_rl_2,pure_rl,rl,26818813.912143745,10000000.0,26818813.91214763,16818813.91214763,0.0,0.0,17.0,0.0,8843,8843,584,0.06604093633382337,299682023.5208935,1620765.842518865,0.005408285166647197,0.16207658425188648,0,2261,436570,high_default,10000000.0,10000000.0,1.0,1000,Isolated RL (non-federated)
Fin_rl_3,pure_rl,rl,30530934.971137725,10000000.0,30530934.97113637,20530934.97113637,0.0,0.0,12.0,0.0,9903,9903,299,0.030192870847218015,340210438.0227814,909175.4720226974,0.0026723914683705755,0.09091754720226974,0,2261,436570,high_default,10000000.0,10000000.0,1.0,1000,Isolated RL (non-federated)
Fin_fl_rl_1,pure_rl,fl_rl,24407231.753659546,10000000.0,24407231.753658593,14407231.753658593,0.0,0.0,10.0,0.0,8336,8336,694,0.08325335892514395,284939728.98389715,2417439.3154424727,0.008484037392971234,0.24174393154424728,0,2265,436570,high_default,10000000.0,10000000.0,1.0,1000,FedAvg (federated)
Fin_fl_rl_2,pure_rl,fl_rl,23600975.352389395,10000000.0,23600975.35238646,13600975.35238646,0.0,0.0,17.0,0.0,8158,8158,820,0.100514832066683,276396638.6729278,2223064.685264385,0.008043023590800735,0.22230646852643848,0,2265,436570,high_default,10000000.0,10000000.0,1.0,1000,FedAvg (federated)
Fin_fl_rl_3,pure_rl,fl_rl,30350149.252544716,10000000.0,30350149.252546497,20350149.252546497,0.0,0.0,12.0,0.0,9974,9974,304,0.03047924603970323,341637196.15527534,941022.9701941102,0.0027544511569121176,0.09410229701941102,0,2265,436570,high_default,10000000.0,10000000.0,1.0,1000,FedAvg (federated)
Fin_rl_1,pure_rl,rl,2357930.118073338,1000000.0,2357930.1180734215,1357930.1180734215,0.0,0.0,6.0,0.0,1214,1214,0,0.0,29307454.972605914,0,0.0,0.0,0,2253,831197,none_default,1000000.0,1000000.0,1.0,1000,Isolated RL (non-federated)
Fin_rl_2,pure_rl,rl,2448898.2032304886,1000000.0,2448898.2032304504,1448898.2032304504,0.0,0.0,6.0,0.0,1218,1218,0,0.0,29304735.263048876,0,0.0,0.0,0,2253,831197,none_default,1000000.0,1000000.0,1.0,1000,Isolated RL (non-federated)
Fin_rl_3,pure_rl,rl,2510996.2081283154,1000000.0,2510996.20812824,1510996.20812824,0.0,0.0,6.0,0.0,1219,1219,0,0.0,30205276.365971763,0,0.0,0.0,0,2253,831197,none_default,1000000.0,1000000.0,1.0,1000,Isolated RL (non-federated)
Fin_fl_rl_1,pure_rl,fl_rl,2300821.0068038576,1000000.0,2300821.0068038553,1300821.0068038553,0.0,0.0,6.0,0.0,1207,1207,0,0.0,29272481.609386537,0,0.0,0.0,0,2258,831197,none_default,1000000.0,1000000.0,1.0,1000,FedAvg (federated)
Fin_fl_rl_2,pure_rl,fl_rl,2240020.5088724974,1000000.0,2240020.5088724894,1240020.5088724894,0.0,0.0,6.0,0.0,1195,1195,0,0.0,28834269.581799477,0,0.0,0.0,0,2258,831197,none_default,1000000.0,1000000.0,1.0,1000,FedAvg (federated)
Fin_fl_rl_3,pure_rl,fl_rl,2502038.7585906927,1000000.0,2502038.758590762,1502038.758590762,0.0,0.0,6.0,0.0,1285,1285,0,0.0,30959180.494733285,0,0.0,0.0,0,2258,831197,none_default,1000000.0,1000000.0,1.0,1000,FedAvg (federated)
Fin_rl_1,pure_rl,rl,2681728.4320528973,1000000.0,2681728.4320528996,1681728.4320528996,0.0,0.0,6.0,0.0,1273,1273,73,0.05734485467399843,32108367.190895654,143350.85455696145,0.004464594966934621,0.14335085455696145,0,2257,831197,low_default,1000000.0,1000000.0,1.0,1000,Isolated RL (non-federated)
Fin_rl_2,pure_rl,rl,2667328.42304389,1000000.0,2667328.4230439984,1667328.4230439984,0.0,0.0,6.0,0.0,1245,1245,96,0.07710843373493977,30937581.8822431,162540.44928144614,0.005253818798771008,0.16254044928144615,0,2257,831197,low_default,1000000.0,1000000.0,1.0,1000,Isolated RL (non-federated)
Fin_rl_3,pure_rl,rl,2552370.618029884,1000000.0,2552370.6180299046,1552370.6180299046,0.0,0.0,6.0,0.0,1258,1258,30,0.02384737678855326,30808956.69555165,48606.64765216582,0.0015776791188513012,0.04860664765216582,0,2257,831197,low_default,1000000.0,1000000.0,1.0,1000,Isolated RL (non-federated)
Fin_fl_rl_1,pure_rl,fl_rl,2748276.4359336556,1000000.0,2748276.435933562,1748276.435933562,0.0,0.0,15.0,0.0,1292,1292,89,0.06888544891640867,32567357.543027088,174715.70315645178,0.005364749133411339,0.17471570315645177,0,2244,831197,low_default,1000000.0,1000000.0,1.0,1000,FedAvg (federated)
Fin_fl_rl_2,pure_rl,fl_rl,2743323.9305406897,1000000.0,2743323.930540747,1743323.930540747,0.0,0.0,6.0,0.0,1261,1261,113,0.08961141950832673,32060659.48520069,200879.25050947437,0.006265599452257085,0.20087925050947436,0,2244,831197,low_default,1000000.0,1000000.0,1.0,1000,FedAvg (federated)
Fin_fl_rl_3,pure_rl,fl_rl,2645210.6812813967,1000000.0,2645210.6812814292,1645210.6812814292,0.0,0.0,15.0,0.0,1274,1274,41,0.03218210361067504,30641295.19451858,69291.34381819396,0.002261371243555967,0.06929134381819396,0,2244,831197,low_default,1000000.0,1000000.0,1.0,1000,FedAvg (federated)
Fin_rl_1,pure_rl,rl,2416050.955640969,1000000.0,2416050.955640979,1416050.955640979,0.0,0.0,6.0,0.0,1159,1159,107,0.09232096635030199,28803917.18011736,252828.58993722952,0.008777576617660562,0.2528285899372295,0,2261,831197,medium_default,1000000.0,1000000.0,1.0,1000,Isolated RL (non-federated)
Fin_rl_2,pure_rl,rl,1980760.316853273,1000000.0,1980760.316853229,980760.316853229,0.0,0.0,6.0,0.0,1064,1064,234,0.2199248120300752,25867105.084784437,461833.7305896776,0.017854094189354713,0.4618337305896776,0,2261,831197,medium_default,1000000.0,1000000.0,1.0,1000,Isolated RL (non-federated)
Fin_rl_3,pure_rl,rl,2663932.2884552586,1000000.0,2663932.288455306,1663932.288455306,0.0,0.0,6.0,0.0,1310,1310,42,0.03206106870229008,32622279.149121158,92875.3414087735,0.002846991192253211,0.0928753414087735,0,2261,831197,medium_default,1000000.0,1000000.0,1.0,1000,Isolated RL (non-federated)
Fin_fl_rl_1,pure_rl,fl_rl,2154082.4611373655,1000000.0,2154082.4611374023,1154082.4611374023,0.0,0.0,6.0,0.0,1067,1067,119,0.11152764761012184,26944056.86683956,277918.1651986856,0.010314636974386863,0.2779181651986856,0,2250,831197,medium_default,1000000.0,1000000.0,1.0,1000,FedAvg (federated)
Fin_fl_rl_2,pure_rl,fl_rl,2485500.7561178934,1000000.0,2485500.756117967,1485500.756117967,0.0,0.0,18.0,0.0,1126,1126,126,0.11190053285968028,28970093.717886623,241883.44937222198,0.008349418946576589,0.24188344937222198,0,2250,831197,medium_default,1000000.0,1000000.0,1.0,1000,FedAvg (federated)
Fin_fl_rl_3,pure_rl,fl_rl,2436176.1134263095,1000000.0,2436176.113426197,1436176.1134261969,0.0,0.0,6.0,0.0,1240,1240,41,0.03306451612903226,30683186.562786486,84953.9987868951,0.0027687475879682563,0.0849539987868951,0,2250,831197,medium_default,1000000.0,1000000.0,1.0,1000,FedAvg (federated)
Fin_rl_1,pure_rl,rl,2107927.045647258,1000000.0,2107927.0456472337,1107927.0456472337,0.0,0.0,6.0,0.0,1005,1005,148,0.1472636815920398,25495133.533388346,409448.10435070755,0.01605985329766936,0.40944810435070755,0,2245,831197,high_default,1000000.0,1000000.0,1.0,1000,Isolated RL (non-federated)
Fin_rl_2,pure_rl,rl,2249754.223947254,1000000.0,2249754.223947296,1249754.223947296,0.0,0.0,6.0,0.0,1031,1031,146,0.14161008729388944,26749404.02482427,322795.2824725723,0.012067382218048983,0.3227952824725723,0,2245,831197,high_default,1000000.0,1000000.0,1.0,1000,Isolated RL (non-federated)
Fin_rl_3,pure_rl,rl,2452327.7548696143,1000000.0,2452327.7548696967,1452327.7548696967,0.0,0.0,6.0,0.0,1172,1172,77,0.06569965870307168,28843293.702012572,179015.2953171411,0.006206478953707361,0.1790152953171411,0,2245,831197,high_default,1000000.0,1000000.0,1.0,1000,Isolated RL (non-federated)
Fin_fl_rl_1,pure_rl,fl_rl,1717368.4707000442,1000000.0,1717368.4706999608,717368.4706999608,0.0,0.0,6.0,0.0,951,951,235,0.24710830704521555,23346963.298717488,632697.2764336247,0.02709976746604902,0.6326972764336247,0,2255,831197,high_default,1000000.0,1000000.0,1.0,1000,FedAvg (federated)
Fin_fl_rl_2,pure_rl,fl_rl,1683365.884818036,1000000.0,1683365.8848180333,683365.8848180333,0.0,0.0,6.0,0.0,945,945,293,0.3100529100529101,22908885.927760288,648205.2255471168,0.02829492571533745,0.6482052255471168,0,2255,831197,high_default,1000000.0,1000000.0,1.0,1000,FedAvg (federated)
Fin_fl_rl_3,pure_rl,fl_rl,2356032.679143161,1000000.0,2356032.679143221,1356032.6791432211,0.0,0.0,6.0,0.0,1192,1192,140,0.1174496644295302,29396324.90420839,341572.57525902695,0.011619567288498955,0.34157257525902696,0,2255,831197,high_default,1000000.0,1000000.0,1.0,1000,FedAvg (federated)
Fin_rl_1,pure_rl,rl,14716448.812634388,5000000.0,14716448.812634481,9716448.812634481,0.0,0.0,6.0,0.0,5089,5089,0,0.0,169668299.6743561,0,0.0,0.0,0,2261,831197,none_default,5000000.0,5000000.0,1.0,1000,Isolated RL (non-federated)
Fin_rl_2,pure_rl,rl,13461630.557232378,5000000.0,13461630.557231354,8461630.557231354,0.0,0.0,14.0,0.0,4848,4848,0,0.0,159279267.49534082,0,0.0,0.0,0,2261,831197,none_default,5000000.0,5000000.0,1.0,1000,Isolated RL (non-federated)
Fin_rl_3,pure_rl,rl,13817687.260067832,5000000.0,13817687.260068934,8817687.260068934,0.0,0.0,6.0,0.0,4859,4859,0,0.0,160533846.0524978,0,0.0,0.0,0,2261,831197,none_default,5000000.0,5000000.0,1.0,1000,Isolated RL (non-federated)
Fin_fl_rl_1,pure_rl,fl_rl,14167403.044363704,5000000.0,14167403.044364493,9167403.044364493,0.0,0.0,6.0,0.0,4992,4992,0,0.0,165211030.42785573,0,0.0,0.0,0,2265,831197,none_default,5000000.0,5000000.0,1.0,1000,FedAvg (federated)
Fin_fl_rl_2,pure_rl,fl_rl,13957768.10469879,5000000.0,13957768.104699023,8957768.104699023,0.0,0.0,14.0,0.0,4885,4885,0,0.0,161839910.7429059,0,0.0,0.0,0,2265,831197,none_default,5000000.0,5000000.0,1.0,1000,FedAvg (federated)
Fin_fl_rl_3,pure_rl,fl_rl,13341573.324631946,5000000.0,13341573.32463146,8341573.32463146,0.0,0.0,6.0,0.0,4777,4777,0,0.0,156744274.27582353,0,0.0,0.0,0,2265,831197,none_default,5000000.0,5000000.0,1.0,1000,FedAvg (federated)
Fin_rl_1,pure_rl,rl,14452414.57565911,5000000.0,14452414.57565971,9452414.57565971,0.0,0.0,10.0,0.0,4890,4890,98,0.020040899795501024,161595922.5366991,204152.4106127646,0.0012633512492643542,0.04083048212255292,0,2263,831197,low_default,5000000.0,5000000.0,1.0,1000,Isolated RL (non-federated)
Fin_rl_2,pure_rl,rl,15513956.820471615,5000000.0,15513956.820471669,10513956.820471669,0.0,0.0,9.0,0.0,5141,5141,123,0.023925306360630227,171475860.95936292,231250.80621092935,0.0013485910198504974,0.046250161242185873,0,2263,831197,low_default,5000000.0,5000000.0,1.0,1000,Isolated RL (non-federated)
Fin_rl_3,pure_rl,rl,14048618.155286578,5000000.0,14048618.155286176,9048618.155286176,0.0,0.0,6.0,0.0,5026,5026,65,0.01293274970155193,164656214.66081607,149179.08779547404,0.0009060033847053744,0.02983581755909481,0,2263,831197,low_default,5000000.0,5000000.0,1.0,1000,Isolated RL (non-federated)
Fin_fl_rl_1,pure_rl,fl_rl,14142835.43168511,5000000.0,14142835.4316857,9142835.4316857,0.0,0.0,10.0,0.0,4888,4888,123,0.02516366612111293,161643646.87895182,259941.51236468245,0.0016081146236408648,0.05198830247293649,0,2271,831197,low_default,5000000.0,5000000.0,1.0,1000,FedAvg (federated)
Fin_fl_rl_2,pure_rl,fl_rl,12476272.137908433,5000000.0,12476272.13790973,7476272.137909731,0.0,0.0,9.0,0.0,4491,4491,268,0.05967490536628813,147151571.48541412,555316.407982219,0.003773771509040682,0.1110632815964438,0,2271,831197,low_default,5000000.0,5000000.0,1.0,1000,FedAvg (federated)
Fin_fl_rl_3,pure_rl,fl_rl,15409163.923532749,5000000.0,15409163.923532305,10409163.923532305,0.0,0.0,6.0,0.0,5202,5202,58,0.01114955786236063,171738882.81129068,128917.17347991455,0.0007506580418458336,0.02578343469598291,0,2271,831197,low_default,5000000.0,5000000.0,1.0,1000,FedAvg (federated)
Fin_rl_1,pure_rl,rl,14579079.99270043,5000000.0,14579079.992700959,9579079.992700959,0.0,0.0,20.0,0.0,4953,4953,178,0.03593781546537452,164845720.32003248,462760.8985830746,0.002807236352176252,0.09255217971661492,0,2264,831197,medium_default,5000000.0,5000000.0,1.0,1000,Isolated RL (non-federated)
Fin_rl_2,pure_rl,rl,14312052.83863579,5000000.0,14312052.83863472,9312052.83863472,0.0,0.0,9.0,0.0,4792,4792,216,0.045075125208681135,160705869.2424811,486113.45828363305,0.0030248643722536393,0.0972226916567266,0,2264,831197,medium_default,5000000.0,5000000.0,1.0,1000,Isolated RL (non-federated)
Fin_rl_3,pure_rl,rl,13447565.35996987,5000000.0,13447565.359971033,8447565.359971033,0.0,0.0,19.0,0.0,4797,4797,97,0.020220971440483636,157327711.21250102,226395.32928221577,0.0014390047852181984,0.04527906585644315,0,2264,831197,medium_default,5000000.0,5000000.0,1.0,1000,Isolated RL (non-federated)
Fin_fl_rl_1,pure_rl,fl_rl,13524562.668531042,5000000.0,13524562.668531192,8524562.668531192,0.0,0.0,20.0,0.0,4717,4717,335,0.07101971592113632,155514563.2046533,884866.3296181858,0.005689925826777546,0.17697326592363716,0,2258,831197,medium_default,5000000.0,5000000.0,1.0,1000,FedAvg (federated)
Fin_fl_rl_2,pure_rl,fl_rl,13791579.689516008,5000000.0,13791579.689516623,8791579.689516623,0.0,0.0,9.0,0.0,4839,4839,362,0.07480884480264517,158780131.51505324,840264.619559584,0.005292001030241761,0.16805292391191679,0,2258,831197,medium_default,5000000.0,5000000.0,1.0,1000,FedAvg (federated)
Fin_fl_rl_3,pure_rl,fl_rl,14979764.266814668,5000000.0,14979764.266815485,9979764.266815485,0.0,0.0,19.0,0.0,5118,5118,132,0.02579132473622509,167833569.47948307,321684.45179831126,0.001916687184786568,0.06433689035966225,0,2258,831197,medium_default,5000000.0,5000000.0,1.0,1000,FedAvg (federated)
