2026.08.11-09:26:19.289[32m info [39m [caliper] [cli-launch-manager] 	Set workspace path: /home/dhanish/fabric_sfc/caliper-bench
2026.08.11-09:26:19.290[32m info [39m [caliper] [cli-launch-manager] 	Set benchmark configuration path: /home/dhanish/fabric_sfc/caliper-bench/benchmarks/benchmark-aggregateglobalmodel-agro1008-finance-300.yaml
2026.08.11-09:26:19.290[32m info [39m [caliper] [cli-launch-manager] 	Set network configuration path: /home/dhanish/fabric_sfc/caliper-bench/generated/caliper-network-agro1008-finance.yaml
2026.08.11-09:26:19.290[32m info [39m [caliper] [cli-launch-manager] 	Set SUT type: fabric
2026.08.11-09:26:19.306[32m info [39m [caliper] [benchmark-validator] 	No observer specified, will default to `none`
2026.08.11-09:26:19.306[32m info [39m [caliper] [caliper-engine] 	Starting benchmark flow
2026.08.11-09:26:19.306[32m info [39m [caliper] [caliper-engine] 	Network configuration attribute "caliper.command.start" is not present, skipping start command
2026.08.11-09:26:19.708[32m info [39m [caliper] [FabricConnectorFactory] 	Initializing gateway connector compatible with installed SDK: 2.2.20
2026.08.11-09:26:19.714[32m info [39m [caliper] [IdentityManager] 	Adding User0 (admin=true) as User0 for organization FinanciersMSP
2026.08.11-09:26:19.717[32m info [39m [caliper] [IdentityManager] 	Adding User1 (admin=false) as User1 for organization FinanciersMSP
2026.08.11-09:26:19.722[32m info [39m [caliper] [IdentityManager] 	Adding User2 (admin=false) as User2 for organization FinanciersMSP
2026.08.11-09:26:19.723[32m info [39m [caliper] [IdentityManager] 	Adding User3 (admin=false) as User3 for organization FinanciersMSP
2026.08.11-09:26:19.724[32m info [39m [caliper] [IdentityManager] 	Adding User4 (admin=false) as User4 for organization FinanciersMSP
2026.08.11-09:26:19.725[32m info [39m [caliper] [IdentityManager] 	Adding User5 (admin=false) as User5 for organization FinanciersMSP
2026.08.11-09:26:19.726[32m info [39m [caliper] [IdentityManager] 	Adding User0 (admin=true) as _WholesalersMSP_User0 for organization WholesalersMSP
2026.08.11-09:26:19.726[32m info [39m [caliper] [IdentityManager] 	Adding User1 (admin=false) as _WholesalersMSP_User1 for organization WholesalersMSP
2026.08.11-09:26:19.727[32m info [39m [caliper] [IdentityManager] 	Adding User2 (admin=false) as _WholesalersMSP_User2 for organization WholesalersMSP
2026.08.11-09:26:19.728[32m info [39m [caliper] [IdentityManager] 	Adding User3 (admin=false) as _WholesalersMSP_User3 for organization WholesalersMSP
2026.08.11-09:26:19.728[32m info [39m [caliper] [IdentityManager] 	Adding User4 (admin=false) as _WholesalersMSP_User4 for organization WholesalersMSP
2026.08.11-09:26:19.729[32m info [39m [caliper] [IdentityManager] 	Adding User5 (admin=false) as _WholesalersMSP_User5 for organization WholesalersMSP
2026.08.11-09:26:19.731[32m info [39m [caliper] [connectors/v2/FabricGateway] 	Fabric SDK version: 2.2.20; TLS based on FinanciersMSP: server
2026.08.11-09:26:19.731[32m info [39m [caliper] [caliper-engine] 	Executed "init" step in 0.001 seconds
2026.08.11-09:26:19.731[33m warn [39m [caliper] [connectors/v2/FabricGateway] 	Install smart contract not available with Fabric SDK version: 2.2.20
2026.08.11-09:26:19.731[32m info [39m [caliper] [caliper-engine] 	Executed "install" step in 0 seconds
2026.08.11-09:26:19.733[32m info [39m [caliper] [monitor.js] 	No resource monitors specified
2026.08.11-09:26:19.734[32m info [39m [caliper] [default-observer] 	Observer interval set to 5000 milliseconds
2026.08.11-09:26:19.737[32m info [39m [caliper] [round-orchestrator] 	Preparing worker connections
2026.08.11-09:26:19.737[32m info [39m [caliper] [worker-orchestrator] 	Launching worker 1 of 5
2026.08.11-09:26:19.742[32m info [39m [caliper] [worker-orchestrator] 	Launching worker 2 of 5
2026.08.11-09:26:19.744[32m info [39m [caliper] [worker-orchestrator] 	Launching worker 3 of 5
2026.08.11-09:26:19.746[32m info [39m [caliper] [worker-orchestrator] 	Launching worker 4 of 5
2026.08.11-09:26:19.748[32m info [39m [caliper] [worker-orchestrator] 	Launching worker 5 of 5
2026.08.11-09:26:19.750[32m info [39m [caliper] [worker-orchestrator] 	Messenger not configured, entering configure phase...
2026.08.11-09:26:19.750[32m info [39m [caliper] [worker-orchestrator] 	No existing workers detected, entering worker launch phase...
2026.08.11-09:26:19.751[32m info [39m [caliper] [worker-orchestrator] 	Waiting for 5 workers to be connected...
2026.08.11-09:26:20.056[32m info [39m [caliper] [cli-launch-worker] 	Set workspace path: /home/dhanish/fabric_sfc/caliper-bench
2026.08.11-09:26:20.058[32m info [39m [caliper] [cli-launch-worker] 	Set benchmark configuration path: /home/dhanish/fabric_sfc/caliper-bench/benchmarks/benchmark-aggregateglobalmodel-agro1008-finance-300.yaml
2026.08.11-09:26:20.058[32m info [39m [caliper] [cli-launch-worker] 	Set network configuration path: /home/dhanish/fabric_sfc/caliper-bench/generated/caliper-network-agro1008-finance.yaml
2026.08.11-09:26:20.058[32m info [39m [caliper] [cli-launch-worker] 	Set SUT type: fabric
2026.08.11-09:26:20.078[32m info [39m [caliper] [cli-launch-worker] 	Set workspace path: /home/dhanish/fabric_sfc/caliper-bench
2026.08.11-09:26:20.079[32m info [39m [caliper] [cli-launch-worker] 	Set benchmark configuration path: /home/dhanish/fabric_sfc/caliper-bench/benchmarks/benchmark-aggregateglobalmodel-agro1008-finance-300.yaml
2026.08.11-09:26:20.080[32m info [39m [caliper] [cli-launch-worker] 	Set network configuration path: /home/dhanish/fabric_sfc/caliper-bench/generated/caliper-network-agro1008-finance.yaml
2026.08.11-09:26:20.080[32m info [39m [caliper] [cli-launch-worker] 	Set SUT type: fabric
2026.08.11-09:26:20.081[32m info [39m [caliper] [cli-launch-worker] 	Set workspace path: /home/dhanish/fabric_sfc/caliper-bench
2026.08.11-09:26:20.082[32m info [39m [caliper] [cli-launch-worker] 	Set workspace path: /home/dhanish/fabric_sfc/caliper-bench
2026.08.11-09:26:20.083[32m info [39m [caliper] [cli-launch-worker] 	Set benchmark configuration path: /home/dhanish/fabric_sfc/caliper-bench/benchmarks/benchmark-aggregateglobalmodel-agro1008-finance-300.yaml
2026.08.11-09:26:20.083[32m info [39m [caliper] [cli-launch-worker] 	Set benchmark configuration path: /home/dhanish/fabric_sfc/caliper-bench/benchmarks/benchmark-aggregateglobalmodel-agro1008-finance-300.yaml
2026.08.11-09:26:20.083[32m info [39m [caliper] [cli-launch-worker] 	Set network configuration path: /home/dhanish/fabric_sfc/caliper-bench/generated/caliper-network-agro1008-finance.yaml
2026.08.11-09:26:20.083[32m info [39m [caliper] [cli-launch-worker] 	Set network configuration path: /home/dhanish/fabric_sfc/caliper-bench/generated/caliper-network-agro1008-finance.yaml
2026.08.11-09:26:20.083[32m info [39m [caliper] [cli-launch-worker] 	Set SUT type: fabric
2026.08.11-09:26:20.083[32m info [39m [caliper] [cli-launch-worker] 	Set SUT type: fabric
2026.08.11-09:26:20.099[32m info [39m [caliper] [cli-launch-worker] 	Set workspace path: /home/dhanish/fabric_sfc/caliper-bench
2026.08.11-09:26:20.100[32m info [39m [caliper] [cli-launch-worker] 	Set benchmark configuration path: /home/dhanish/fabric_sfc/caliper-bench/benchmarks/benchmark-aggregateglobalmodel-agro1008-finance-300.yaml
2026.08.11-09:26:20.101[32m info [39m [caliper] [cli-launch-worker] 	Set network configuration path: /home/dhanish/fabric_sfc/caliper-bench/generated/caliper-network-agro1008-finance.yaml
2026.08.11-09:26:20.101[32m info [39m [caliper] [cli-launch-worker] 	Set SUT type: fabric
2026.08.11-09:26:20.146[32m info [39m [caliper] [worker-orchestrator] 	5 workers connected, progressing to worker assignment phase.
2026.08.11-09:26:20.147[32m info [39m [caliper] [worker-orchestrator] 	Workers currently unassigned, awaiting index assignment...
2026.08.11-09:26:20.148[32m info [39m [caliper] [worker-orchestrator] 	Waiting for 5 workers to be assigned...
2026.08.11-09:26:20.181[32m info [39m [caliper] [worker-orchestrator] 	5 workers assigned, progressing to worker initialization phase.
2026.08.11-09:26:20.181[32m info [39m [caliper] [worker-orchestrator] 	Waiting for 5 workers to be ready...
2026.08.11-09:26:20.182[32m info [39m [caliper] [worker-message-handler] 	Initializing Worker#2...
2026.08.11-09:26:20.183[32m info [39m [caliper] [worker-message-handler] 	Initializing Worker#3...
2026.08.11-09:26:20.183[32m info [39m [caliper] [worker-message-handler] 	Initializing Worker#0...
2026.08.11-09:26:20.183[32m info [39m [caliper] [worker-message-handler] 	Initializing Worker#1...
2026.08.11-09:26:20.183[32m info [39m [caliper] [worker-message-handler] 	Initializing Worker#4...
2026.08.11-09:26:20.664[32m info [39m [caliper] [FabricConnectorFactory] 	Initializing gateway connector compatible with installed SDK: 2.2.20
2026.08.11-09:26:20.670[32m info [39m [caliper] [IdentityManager] 	Adding User0 (admin=true) as User0 for organization FinanciersMSP
2026.08.11-09:26:20.671[32m info [39m [caliper] [IdentityManager] 	Adding User1 (admin=false) as User1 for organization FinanciersMSP
2026.08.11-09:26:20.672[32m info [39m [caliper] [IdentityManager] 	Adding User2 (admin=false) as User2 for organization FinanciersMSP
2026.08.11-09:26:20.672[32m info [39m [caliper] [IdentityManager] 	Adding User3 (admin=false) as User3 for organization FinanciersMSP
2026.08.11-09:26:20.673[32m info [39m [caliper] [IdentityManager] 	Adding User4 (admin=false) as User4 for organization FinanciersMSP
2026.08.11-09:26:20.674[32m info [39m [caliper] [FabricConnectorFactory] 	Initializing gateway connector compatible with installed SDK: 2.2.20
2026.08.11-09:26:20.675[32m info [39m [caliper] [FabricConnectorFactory] 	Initializing gateway connector compatible with installed SDK: 2.2.20
2026.08.11-09:26:20.675[32m info [39m [caliper] [IdentityManager] 	Adding User5 (admin=false) as User5 for organization FinanciersMSP
2026.08.11-09:26:20.676[32m info [39m [caliper] [FabricConnectorFactory] 	Initializing gateway connector compatible with installed SDK: 2.2.20
2026.08.11-09:26:20.676[32m info [39m [caliper] [IdentityManager] 	Adding User0 (admin=true) as _WholesalersMSP_User0 for organization WholesalersMSP
2026.08.11-09:26:20.677[32m info [39m [caliper] [IdentityManager] 	Adding User1 (admin=false) as _WholesalersMSP_User1 for organization WholesalersMSP
2026.08.11-09:26:20.678[32m info [39m [caliper] [IdentityManager] 	Adding User2 (admin=false) as _WholesalersMSP_User2 for organization WholesalersMSP
2026.08.11-09:26:20.680[32m info [39m [caliper] [IdentityManager] 	Adding User3 (admin=false) as _WholesalersMSP_User3 for organization WholesalersMSP
2026.08.11-09:26:20.680[32m info [39m [caliper] [IdentityManager] 	Adding User0 (admin=true) as User0 for organization FinanciersMSP
2026.08.11-09:26:20.681[32m info [39m [caliper] [IdentityManager] 	Adding User4 (admin=false) as _WholesalersMSP_User4 for organization WholesalersMSP
2026.08.11-09:26:20.682[32m info [39m [caliper] [IdentityManager] 	Adding User5 (admin=false) as _WholesalersMSP_User5 for organization WholesalersMSP
2026.08.11-09:26:20.682[32m info [39m [caliper] [IdentityManager] 	Adding User0 (admin=true) as User0 for organization FinanciersMSP
2026.08.11-09:26:20.683[32m info [39m [caliper] [IdentityManager] 	Adding User1 (admin=false) as User1 for organization FinanciersMSP
2026.08.11-09:26:20.684[32m info [39m [caliper] [IdentityManager] 	Adding User0 (admin=true) as User0 for organization FinanciersMSP
2026.08.11-09:26:20.684[32m info [39m [caliper] [worker-message-handler] 	Worker#0 initialized
2026.08.11-09:26:20.684[32m info [39m [caliper] [IdentityManager] 	Adding User1 (admin=false) as User1 for organization FinanciersMSP
2026.08.11-09:26:20.685[32m info [39m [caliper] [IdentityManager] 	Adding User2 (admin=false) as User2 for organization FinanciersMSP
2026.08.11-09:26:20.685[32m info [39m [caliper] [IdentityManager] 	Adding User1 (admin=false) as User1 for organization FinanciersMSP
2026.08.11-09:26:20.685[32m info [39m [caliper] [FabricConnectorFactory] 	Initializing gateway connector compatible with installed SDK: 2.2.20
2026.08.11-09:26:20.686[32m info [39m [caliper] [IdentityManager] 	Adding User2 (admin=false) as User2 for organization FinanciersMSP
2026.08.11-09:26:20.686[32m info [39m [caliper] [IdentityManager] 	Adding User3 (admin=false) as User3 for organization FinanciersMSP
2026.08.11-09:26:20.686[32m info [39m [caliper] [IdentityManager] 	Adding User2 (admin=false) as User2 for organization FinanciersMSP
2026.08.11-09:26:20.687[32m info [39m [caliper] [IdentityManager] 	Adding User3 (admin=false) as User3 for organization FinanciersMSP
2026.08.11-09:26:20.687[32m info [39m [caliper] [IdentityManager] 	Adding User3 (admin=false) as User3 for organization FinanciersMSP
2026.08.11-09:26:20.688[32m info [39m [caliper] [IdentityManager] 	Adding User4 (admin=false) as User4 for organization FinanciersMSP
2026.08.11-09:26:20.689[32m info [39m [caliper] [IdentityManager] 	Adding User4 (admin=false) as User4 for organization FinanciersMSP
2026.08.11-09:26:20.689[32m info [39m [caliper] [IdentityManager] 	Adding User4 (admin=false) as User4 for organization FinanciersMSP
2026.08.11-09:26:20.689[32m info [39m [caliper] [IdentityManager] 	Adding User5 (admin=false) as User5 for organization FinanciersMSP
2026.08.11-09:26:20.690[32m info [39m [caliper] [IdentityManager] 	Adding User5 (admin=false) as User5 for organization FinanciersMSP
2026.08.11-09:26:20.690[32m info [39m [caliper] [IdentityManager] 	Adding User5 (admin=false) as User5 for organization FinanciersMSP
2026.08.11-09:26:20.691[32m info [39m [caliper] [IdentityManager] 	Adding User0 (admin=true) as _WholesalersMSP_User0 for organization WholesalersMSP
2026.08.11-09:26:20.691[32m info [39m [caliper] [IdentityManager] 	Adding User0 (admin=true) as _WholesalersMSP_User0 for organization WholesalersMSP
2026.08.11-09:26:20.692[32m info [39m [caliper] [IdentityManager] 	Adding User0 (admin=true) as _WholesalersMSP_User0 for organization WholesalersMSP
2026.08.11-09:26:20.693[32m info [39m [caliper] [IdentityManager] 	Adding User1 (admin=false) as _WholesalersMSP_User1 for organization WholesalersMSP
2026.08.11-09:26:20.693[32m info [39m [caliper] [IdentityManager] 	Adding User1 (admin=false) as _WholesalersMSP_User1 for organization WholesalersMSP
2026.08.11-09:26:20.694[32m info [39m [caliper] [IdentityManager] 	Adding User1 (admin=false) as _WholesalersMSP_User1 for organization WholesalersMSP
2026.08.11-09:26:20.694[32m info [39m [caliper] [IdentityManager] 	Adding User2 (admin=false) as _WholesalersMSP_User2 for organization WholesalersMSP
2026.08.11-09:26:20.694[32m info [39m [caliper] [IdentityManager] 	Adding User2 (admin=false) as _WholesalersMSP_User2 for organization WholesalersMSP
2026.08.11-09:26:20.695[32m info [39m [caliper] [IdentityManager] 	Adding User0 (admin=true) as User0 for organization FinanciersMSP
2026.08.11-09:26:20.695[32m info [39m [caliper] [IdentityManager] 	Adding User2 (admin=false) as _WholesalersMSP_User2 for organization WholesalersMSP
2026.08.11-09:26:20.695[32m info [39m [caliper] [IdentityManager] 	Adding User3 (admin=false) as _WholesalersMSP_User3 for organization WholesalersMSP
2026.08.11-09:26:20.696[32m info [39m [caliper] [IdentityManager] 	Adding User3 (admin=false) as _WholesalersMSP_User3 for organization WholesalersMSP
2026.08.11-09:26:20.696[32m info [39m [caliper] [IdentityManager] 	Adding User1 (admin=false) as User1 for organization FinanciersMSP
2026.08.11-09:26:20.696[32m info [39m [caliper] [IdentityManager] 	Adding User3 (admin=false) as _WholesalersMSP_User3 for organization WholesalersMSP
2026.08.11-09:26:20.697[32m info [39m [caliper] [IdentityManager] 	Adding User4 (admin=false) as _WholesalersMSP_User4 for organization WholesalersMSP
2026.08.11-09:26:20.697[32m info [39m [caliper] [IdentityManager] 	Adding User4 (admin=false) as _WholesalersMSP_User4 for organization WholesalersMSP
2026.08.11-09:26:20.697[32m info [39m [caliper] [IdentityManager] 	Adding User4 (admin=false) as _WholesalersMSP_User4 for organization WholesalersMSP
2026.08.11-09:26:20.698[32m info [39m [caliper] [IdentityManager] 	Adding User2 (admin=false) as User2 for organization FinanciersMSP
2026.08.11-09:26:20.698[32m info [39m [caliper] [IdentityManager] 	Adding User5 (admin=false) as _WholesalersMSP_User5 for organization WholesalersMSP
2026.08.11-09:26:20.698[32m info [39m [caliper] [IdentityManager] 	Adding User5 (admin=false) as _WholesalersMSP_User5 for organization WholesalersMSP
2026.08.11-09:26:20.698[32m info [39m [caliper] [IdentityManager] 	Adding User5 (admin=false) as _WholesalersMSP_User5 for organization WholesalersMSP
2026.08.11-09:26:20.699[32m info [39m [caliper] [IdentityManager] 	Adding User3 (admin=false) as User3 for organization FinanciersMSP
2026.08.11-09:26:20.700[32m info [39m [caliper] [worker-message-handler] 	Worker#1 initialized
2026.08.11-09:26:20.700[32m info [39m [caliper] [worker-message-handler] 	Worker#2 initialized
2026.08.11-09:26:20.700[32m info [39m [caliper] [worker-message-handler] 	Worker#4 initialized
2026.08.11-09:26:20.700[32m info [39m [caliper] [IdentityManager] 	Adding User4 (admin=false) as User4 for organization FinanciersMSP
2026.08.11-09:26:20.701[32m info [39m [caliper] [IdentityManager] 	Adding User5 (admin=false) as User5 for organization FinanciersMSP
2026.08.11-09:26:20.702[32m info [39m [caliper] [IdentityManager] 	Adding User0 (admin=true) as _WholesalersMSP_User0 for organization WholesalersMSP
2026.08.11-09:26:20.703[32m info [39m [caliper] [IdentityManager] 	Adding User1 (admin=false) as _WholesalersMSP_User1 for organization WholesalersMSP
2026.08.11-09:26:20.704[32m info [39m [caliper] [IdentityManager] 	Adding User2 (admin=false) as _WholesalersMSP_User2 for organization WholesalersMSP
2026.08.11-09:26:20.705[32m info [39m [caliper] [IdentityManager] 	Adding User3 (admin=false) as _WholesalersMSP_User3 for organization WholesalersMSP
2026.08.11-09:26:20.705[32m info [39m [caliper] [IdentityManager] 	Adding User4 (admin=false) as _WholesalersMSP_User4 for organization WholesalersMSP
2026.08.11-09:26:20.706[32m info [39m [caliper] [IdentityManager] 	Adding User5 (admin=false) as _WholesalersMSP_User5 for organization WholesalersMSP
2026.08.11-09:26:20.708[32m info [39m [caliper] [worker-message-handler] 	Worker#3 initialized
2026.08.11-09:26:20.708[32m info [39m [caliper] [worker-orchestrator] 	5 workers ready, progressing to test preparation phase.
2026.08.11-09:26:20.709[32m info [39m [caliper] [round-orchestrator] 	Started round 1 (aggregateglobalmodel_round1@300)
2026.08.11-09:26:20.710[32m info [39m [caliper] [worker-message-handler] 	Preparing Worker#0 for Round#0
2026.08.11-09:26:20.711[32m info [39m [caliper] [worker-message-handler] 	Preparing Worker#4 for Round#0
2026.08.11-09:26:20.710[32m info [39m [caliper] [worker-message-handler] 	Preparing Worker#1 for Round#0
2026.08.11-09:26:20.711[32m info [39m [caliper] [worker-message-handler] 	Preparing Worker#2 for Round#0
2026.08.11-09:26:20.711[32m info [39m [caliper] [worker-message-handler] 	Preparing Worker#3 for Round#0
2026.08.11-09:26:20.713[32m info [39m [caliper] [connectors/v2/FabricGateway] 	Connecting user with identity User0 to a Network Gateway
2026.08.11-09:26:20.714[32m info [39m [caliper] [connectors/v2/FabricGateway] 	Connecting user with identity User0 to a Network Gateway
2026.08.11-09:26:20.714[32m info [39m [caliper] [connectors/v2/FabricGateway] 	Connecting user with identity User0 to a Network Gateway
2026.08.11-09:26:20.715[32m info [39m [caliper] [connectors/v2/FabricGateway] 	Connecting user with identity User0 to a Network Gateway
2026.08.11-09:26:20.716[32m info [39m [caliper] [connectors/v2/FabricGateway] 	Connecting user with identity User0 to a Network Gateway
2026.08.11-09:26:20.882[32m info [39m [caliper] [connectors/v2/FabricGateway] 	Successfully connected user with identity User0 to a Network Gateway
2026.08.11-09:26:20.883[32m info [39m [caliper] [connectors/v2/FabricGateway] 	Generating contract map for user User0
2026.08.11-09:26:20.887[32m info [39m [caliper] [connectors/v2/FabricGateway] 	Successfully connected user with identity User0 to a Network Gateway
2026.08.11-09:26:20.887[32m info [39m [caliper] [connectors/v2/FabricGateway] 	Generating contract map for user User0
2026.08.11-09:26:20.890[32m info [39m [caliper] [connectors/v2/FabricGateway] 	Successfully connected user with identity User0 to a Network Gateway
2026.08.11-09:26:20.891[32m info [39m [caliper] [connectors/v2/FabricGateway] 	Generating contract map for user User0
2026.08.11-09:26:20.896[32m info [39m [caliper] [connectors/v2/FabricGateway] 	Successfully connected user with identity User0 to a Network Gateway
2026.08.11-09:26:20.896[32m info [39m [caliper] [connectors/v2/FabricGateway] 	Generating contract map for user User0
2026.08.11-09:26:20.903[32m info [39m [caliper] [connectors/v2/FabricGateway] 	Successfully connected user with identity User0 to a Network Gateway
2026.08.11-09:26:20.903[32m info [39m [caliper] [connectors/v2/FabricGateway] 	Generating contract map for user User0
2026.08.11-09:26:20.983[32m info [39m [caliper] [connectors/v2/FabricGateway] 	Connecting user with identity User1 to a Network Gateway
2026.08.11-09:26:20.984[32m info [39m [caliper] [connectors/v2/FabricGateway] 	Connecting user with identity User1 to a Network Gateway
2026.08.11-09:26:20.985[32m info [39m [caliper] [connectors/v2/FabricGateway] 	Connecting user with identity User1 to a Network Gateway
2026.08.11-09:26:20.994[32m info [39m [caliper] [connectors/v2/FabricGateway] 	Connecting user with identity User1 to a Network Gateway
2026.08.11-09:26:20.994[32m info [39m [caliper] [connectors/v2/FabricGateway] 	Connecting user with identity User1 to a Network Gateway
2026.08.11-09:26:21.057[32m info [39m [caliper] [connectors/v2/FabricGateway] 	Successfully connected user with identity User1 to a Network Gateway
2026.08.11-09:26:21.057[32m info [39m [caliper] [connectors/v2/FabricGateway] 	Generating contract map for user User1
2026.08.11-09:26:21.058[32m info [39m [caliper] [connectors/v2/FabricGateway] 	Successfully connected user with identity User1 to a Network Gateway
2026.08.11-09:26:21.058[32m info [39m [caliper] [connectors/v2/FabricGateway] 	Generating contract map for user User1
2026.08.11-09:26:21.064[32m info [39m [caliper] [connectors/v2/FabricGateway] 	Successfully connected user with identity User1 to a Network Gateway
2026.08.11-09:26:21.064[32m info [39m [caliper] [connectors/v2/FabricGateway] 	Generating contract map for user User1
2026.08.11-09:26:21.072[32m info [39m [caliper] [connectors/v2/FabricGateway] 	Successfully connected user with identity User1 to a Network Gateway
2026.08.11-09:26:21.072[32m info [39m [caliper] [connectors/v2/FabricGateway] 	Generating contract map for user User1
2026.08.11-09:26:21.075[32m info [39m [caliper] [connectors/v2/FabricGateway] 	Successfully connected user with identity User1 to a Network Gateway
2026.08.11-09:26:21.076[32m info [39m [caliper] [connectors/v2/FabricGateway] 	Generating contract map for user User1
2026.08.11-09:26:21.122[32m info [39m [caliper] [connectors/v2/FabricGateway] 	Connecting user with identity User2 to a Network Gateway
2026.08.11-09:26:21.123[32m info [39m [caliper] [connectors/v2/FabricGateway] 	Connecting user with identity User2 to a Network Gateway
2026.08.11-09:26:21.129[32m info [39m [caliper] [connectors/v2/FabricGateway] 	Connecting user with identity User2 to a Network Gateway
2026.08.11-09:26:21.136[32m info [39m [caliper] [connectors/v2/FabricGateway] 	Connecting user with identity User2 to a Network Gateway
2026.08.11-09:26:21.142[32m info [39m [caliper] [connectors/v2/FabricGateway] 	Connecting user with identity User2 to a Network Gateway
2026.08.11-09:26:21.195[32m info [39m [caliper] [connectors/v2/FabricGateway] 	Successfully connected user with identity User2 to a Network Gateway
2026.08.11-09:26:21.195[32m info [39m [caliper] [connectors/v2/FabricGateway] 	Generating contract map for user User2
2026.08.11-09:26:21.200[32m info [39m [caliper] [connectors/v2/FabricGateway] 	Successfully connected user with identity User2 to a Network Gateway
2026.08.11-09:26:21.200[32m info [39m [caliper] [connectors/v2/FabricGateway] 	Successfully connected user with identity User2 to a Network Gateway
2026.08.11-09:26:21.200[32m info [39m [caliper] [connectors/v2/FabricGateway] 	Generating contract map for user User2
2026.08.11-09:26:21.200[32m info [39m [caliper] [connectors/v2/FabricGateway] 	Generating contract map for user User2
2026.08.11-09:26:21.208[32m info [39m [caliper] [connectors/v2/FabricGateway] 	Successfully connected user with identity User2 to a Network Gateway
2026.08.11-09:26:21.209[32m info [39m [caliper] [connectors/v2/FabricGateway] 	Generating contract map for user User2
2026.08.11-09:26:21.209[32m info [39m [caliper] [connectors/v2/FabricGateway] 	Successfully connected user with identity User2 to a Network Gateway
2026.08.11-09:26:21.209[32m info [39m [caliper] [connectors/v2/FabricGateway] 	Generating contract map for user User2
2026.08.11-09:26:21.254[32m info [39m [caliper] [connectors/v2/FabricGateway] 	Connecting user with identity User3 to a Network Gateway
2026.08.11-09:26:21.259[32m info [39m [caliper] [connectors/v2/FabricGateway] 	Connecting user with identity User3 to a Network Gateway
2026.08.11-09:26:21.260[32m info [39m [caliper] [connectors/v2/FabricGateway] 	Connecting user with identity User3 to a Network Gateway
2026.08.11-09:26:21.265[32m info [39m [caliper] [connectors/v2/FabricGateway] 	Connecting user with identity User3 to a Network Gateway
2026.08.11-09:26:21.267[32m info [39m [caliper] [connectors/v2/FabricGateway] 	Connecting user with identity User3 to a Network Gateway
2026.08.11-09:26:21.318[32m info [39m [caliper] [connectors/v2/FabricGateway] 	Successfully connected user with identity User3 to a Network Gateway
2026.08.11-09:26:21.319[32m info [39m [caliper] [connectors/v2/FabricGateway] 	Generating contract map for user User3
2026.08.11-09:26:21.329[32m info [39m [caliper] [connectors/v2/FabricGateway] 	Successfully connected user with identity User3 to a Network Gateway
2026.08.11-09:26:21.329[32m info [39m [caliper] [connectors/v2/FabricGateway] 	Generating contract map for user User3
2026.08.11-09:26:21.334[32m info [39m [caliper] [connectors/v2/FabricGateway] 	Successfully connected user with identity User3 to a Network Gateway
2026.08.11-09:26:21.334[32m info [39m [caliper] [connectors/v2/FabricGateway] 	Generating contract map for user User3
2026.08.11-09:26:21.334[32m info [39m [caliper] [connectors/v2/FabricGateway] 	Successfully connected user with identity User3 to a Network Gateway
2026.08.11-09:26:21.335[32m info [39m [caliper] [connectors/v2/FabricGateway] 	Generating contract map for user User3
2026.08.11-09:26:21.335[32m info [39m [caliper] [connectors/v2/FabricGateway] 	Successfully connected user with identity User3 to a Network Gateway
2026.08.11-09:26:21.336[32m info [39m [caliper] [connectors/v2/FabricGateway] 	Generating contract map for user User3
2026.08.11-09:26:21.373[32m info [39m [caliper] [connectors/v2/FabricGateway] 	Connecting user with identity User4 to a Network Gateway
2026.08.11-09:26:21.380[32m info [39m [caliper] [connectors/v2/FabricGateway] 	Connecting user with identity User4 to a Network Gateway
2026.08.11-09:26:21.385[32m info [39m [caliper] [connectors/v2/FabricGateway] 	Connecting user with identity User4 to a Network Gateway
2026.08.11-09:26:21.385[32m info [39m [caliper] [connectors/v2/FabricGateway] 	Connecting user with identity User4 to a Network Gateway
2026.08.11-09:26:21.393[32m info [39m [caliper] [connectors/v2/FabricGateway] 	Connecting user with identity User4 to a Network Gateway
2026.08.11-09:26:21.446[32m info [39m [caliper] [connectors/v2/FabricGateway] 	Successfully connected user with identity User4 to a Network Gateway
2026.08.11-09:26:21.446[32m info [39m [caliper] [connectors/v2/FabricGateway] 	Generating contract map for user User4
2026.08.11-09:26:21.451[32m info [39m [caliper] [connectors/v2/FabricGateway] 	Successfully connected user with identity User4 to a Network Gateway
2026.08.11-09:26:21.451[32m info [39m [caliper] [connectors/v2/FabricGateway] 	Generating contract map for user User4
2026.08.11-09:26:21.457[32m info [39m [caliper] [connectors/v2/FabricGateway] 	Successfully connected user with identity User4 to a Network Gateway
2026.08.11-09:26:21.457[32m info [39m [caliper] [connectors/v2/FabricGateway] 	Generating contract map for user User4
2026.08.11-09:26:21.459[32m info [39m [caliper] [connectors/v2/FabricGateway] 	Successfully connected user with identity User4 to a Network Gateway
2026.08.11-09:26:21.459[32m info [39m [caliper] [connectors/v2/FabricGateway] 	Generating contract map for user User4
2026.08.11-09:26:21.469[32m info [39m [caliper] [connectors/v2/FabricGateway] 	Successfully connected user with identity User4 to a Network Gateway
2026.08.11-09:26:21.469[32m info [39m [caliper] [connectors/v2/FabricGateway] 	Generating contract map for user User4
2026.08.11-09:26:21.518[32m info [39m [caliper] [connectors/v2/FabricGateway] 	Connecting user with identity User5 to a Network Gateway
2026.08.11-09:26:21.540[32m info [39m [caliper] [connectors/v2/FabricGateway] 	Connecting user with identity User5 to a Network Gateway
2026.08.11-09:26:21.540[32m info [39m [caliper] [connectors/v2/FabricGateway] 	Connecting user with identity User5 to a Network Gateway
2026.08.11-09:26:21.553[32m info [39m [caliper] [connectors/v2/FabricGateway] 	Connecting user with identity User5 to a Network Gateway
2026.08.11-09:26:21.554[32m info [39m [caliper] [connectors/v2/FabricGateway] 	Connecting user with identity User5 to a Network Gateway
2026.08.11-09:26:21.591[32m info [39m [caliper] [connectors/v2/FabricGateway] 	Successfully connected user with identity User5 to a Network Gateway
2026.08.11-09:26:21.591[32m info [39m [caliper] [connectors/v2/FabricGateway] 	Generating contract map for user User5
2026.08.11-09:26:21.610[32m info [39m [caliper] [connectors/v2/FabricGateway] 	Successfully connected user with identity User5 to a Network Gateway
2026.08.11-09:26:21.610[32m info [39m [caliper] [connectors/v2/FabricGateway] 	Generating contract map for user User5
2026.08.11-09:26:21.610[32m info [39m [caliper] [connectors/v2/FabricGateway] 	Successfully connected user with identity User5 to a Network Gateway
2026.08.11-09:26:21.610[32m info [39m [caliper] [connectors/v2/FabricGateway] 	Generating contract map for user User5
2026.08.11-09:26:21.620[32m info [39m [caliper] [connectors/v2/FabricGateway] 	Successfully connected user with identity User5 to a Network Gateway
2026.08.11-09:26:21.621[32m info [39m [caliper] [connectors/v2/FabricGateway] 	Generating contract map for user User5
2026.08.11-09:26:21.624[32m info [39m [caliper] [connectors/v2/FabricGateway] 	Successfully connected user with identity User5 to a Network Gateway
2026.08.11-09:26:21.625[32m info [39m [caliper] [connectors/v2/FabricGateway] 	Generating contract map for user User5
2026.08.11-09:26:21.644[32m info [39m [caliper] [connectors/v2/FabricGateway] 	Connecting user with identity _WholesalersMSP_User0 to a Network Gateway
2026.08.11-09:26:21.662[32m info [39m [caliper] [connectors/v2/FabricGateway] 	Connecting user with identity _WholesalersMSP_User0 to a Network Gateway
2026.08.11-09:26:21.666[32m info [39m [caliper] [connectors/v2/FabricGateway] 	Connecting user with identity _WholesalersMSP_User0 to a Network Gateway
2026.08.11-09:26:21.671[32m info [39m [caliper] [connectors/v2/FabricGateway] 	Connecting user with identity _WholesalersMSP_User0 to a Network Gateway
2026.08.11-09:26:21.677[32m info [39m [caliper] [connectors/v2/FabricGateway] 	Connecting user with identity _WholesalersMSP_User0 to a Network Gateway
2026.08.11-09:26:21.714[32m info [39m [caliper] [connectors/v2/FabricGateway] 	Successfully connected user with identity _WholesalersMSP_User0 to a Network Gateway
2026.08.11-09:26:21.715[32m info [39m [caliper] [connectors/v2/FabricGateway] 	Generating contract map for user _WholesalersMSP_User0
2026.08.11-09:26:21.727[32m info [39m [caliper] [connectors/v2/FabricGateway] 	Successfully connected user with identity _WholesalersMSP_User0 to a Network Gateway
2026.08.11-09:26:21.727[32m info [39m [caliper] [connectors/v2/FabricGateway] 	Generating contract map for user _WholesalersMSP_User0
2026.08.11-09:26:21.729[32m info [39m [caliper] [connectors/v2/FabricGateway] 	Successfully connected user with identity _WholesalersMSP_User0 to a Network Gateway
2026.08.11-09:26:21.730[32m info [39m [caliper] [connectors/v2/FabricGateway] 	Generating contract map for user _WholesalersMSP_User0
2026.08.11-09:26:21.740[32m info [39m [caliper] [connectors/v2/FabricGateway] 	Successfully connected user with identity _WholesalersMSP_User0 to a Network Gateway
2026.08.11-09:26:21.740[32m info [39m [caliper] [connectors/v2/FabricGateway] 	Generating contract map for user _WholesalersMSP_User0
2026.08.11-09:26:21.742[32m info [39m [caliper] [connectors/v2/FabricGateway] 	Successfully connected user with identity _WholesalersMSP_User0 to a Network Gateway
2026.08.11-09:26:21.742[32m info [39m [caliper] [connectors/v2/FabricGateway] 	Generating contract map for user _WholesalersMSP_User0
2026.08.11-09:26:21.770[32m info [39m [caliper] [connectors/v2/FabricGateway] 	Connecting user with identity _WholesalersMSP_User1 to a Network Gateway
2026.08.11-09:26:21.783[32m info [39m [caliper] [connectors/v2/FabricGateway] 	Connecting user with identity _WholesalersMSP_User1 to a Network Gateway
2026.08.11-09:26:21.786[32m info [39m [caliper] [connectors/v2/FabricGateway] 	Connecting user with identity _WholesalersMSP_User1 to a Network Gateway
2026.08.11-09:26:21.794[32m info [39m [caliper] [connectors/v2/FabricGateway] 	Connecting user with identity _WholesalersMSP_User1 to a Network Gateway
2026.08.11-09:26:21.795[32m info [39m [caliper] [connectors/v2/FabricGateway] 	Connecting user with identity _WholesalersMSP_User1 to a Network Gateway
2026.08.11-09:26:21.836[32m info [39m [caliper] [connectors/v2/FabricGateway] 	Successfully connected user with identity _WholesalersMSP_User1 to a Network Gateway
2026.08.11-09:26:21.836[32m info [39m [caliper] [connectors/v2/FabricGateway] 	Generating contract map for user _WholesalersMSP_User1
2026.08.11-09:26:21.851[32m info [39m [caliper] [connectors/v2/FabricGateway] 	Successfully connected user with identity _WholesalersMSP_User1 to a Network Gateway
2026.08.11-09:26:21.851[32m info [39m [caliper] [connectors/v2/FabricGateway] 	Generating contract map for user _WholesalersMSP_User1
2026.08.11-09:26:21.855[32m info [39m [caliper] [connectors/v2/FabricGateway] 	Successfully connected user with identity _WholesalersMSP_User1 to a Network Gateway
2026.08.11-09:26:21.855[32m info [39m [caliper] [connectors/v2/FabricGateway] 	Generating contract map for user _WholesalersMSP_User1
2026.08.11-09:26:21.855[32m info [39m [caliper] [connectors/v2/FabricGateway] 	Successfully connected user with identity _WholesalersMSP_User1 to a Network Gateway
2026.08.11-09:26:21.856[32m info [39m [caliper] [connectors/v2/FabricGateway] 	Generating contract map for user _WholesalersMSP_User1
2026.08.11-09:26:21.861[32m info [39m [caliper] [connectors/v2/FabricGateway] 	Successfully connected user with identity _WholesalersMSP_User1 to a Network Gateway
2026.08.11-09:26:21.861[32m info [39m [caliper] [connectors/v2/FabricGateway] 	Generating contract map for user _WholesalersMSP_User1
2026.08.11-09:26:21.888[32m info [39m [caliper] [connectors/v2/FabricGateway] 	Connecting user with identity _WholesalersMSP_User2 to a Network Gateway
2026.08.11-09:26:21.905[32m info [39m [caliper] [connectors/v2/FabricGateway] 	Connecting user with identity _WholesalersMSP_User2 to a Network Gateway
2026.08.11-09:26:21.908[32m info [39m [caliper] [connectors/v2/FabricGateway] 	Connecting user with identity _WholesalersMSP_User2 to a Network Gateway
2026.08.11-09:26:21.909[32m info [39m [caliper] [connectors/v2/FabricGateway] 	Connecting user with identity _WholesalersMSP_User2 to a Network Gateway
2026.08.11-09:26:21.914[32m info [39m [caliper] [connectors/v2/FabricGateway] 	Connecting user with identity _WholesalersMSP_User2 to a Network Gateway
2026.08.11-09:26:21.951[32m info [39m [caliper] [connectors/v2/FabricGateway] 	Successfully connected user with identity _WholesalersMSP_User2 to a Network Gateway
2026.08.11-09:26:21.951[32m info [39m [caliper] [connectors/v2/FabricGateway] 	Generating contract map for user _WholesalersMSP_User2
2026.08.11-09:26:21.972[32m info [39m [caliper] [connectors/v2/FabricGateway] 	Successfully connected user with identity _WholesalersMSP_User2 to a Network Gateway
2026.08.11-09:26:21.972[32m info [39m [caliper] [connectors/v2/FabricGateway] 	Generating contract map for user _WholesalersMSP_User2
2026.08.11-09:26:21.976[32m info [39m [caliper] [connectors/v2/FabricGateway] 	Successfully connected user with identity _WholesalersMSP_User2 to a Network Gateway
2026.08.11-09:26:21.977[32m info [39m [caliper] [connectors/v2/FabricGateway] 	Generating contract map for user _WholesalersMSP_User2
2026.08.11-09:26:21.982[32m info [39m [caliper] [connectors/v2/FabricGateway] 	Successfully connected user with identity _WholesalersMSP_User2 to a Network Gateway
2026.08.11-09:26:21.982[32m info [39m [caliper] [connectors/v2/FabricGateway] 	Generating contract map for user _WholesalersMSP_User2
2026.08.11-09:26:21.985[32m info [39m [caliper] [connectors/v2/FabricGateway] 	Successfully connected user with identity _WholesalersMSP_User2 to a Network Gateway
2026.08.11-09:26:21.986[32m info [39m [caliper] [connectors/v2/FabricGateway] 	Generating contract map for user _WholesalersMSP_User2
2026.08.11-09:26:22.007[32m info [39m [caliper] [connectors/v2/FabricGateway] 	Connecting user with identity _WholesalersMSP_User3 to a Network Gateway
2026.08.11-09:26:22.027[32m info [39m [caliper] [connectors/v2/FabricGateway] 	Connecting user with identity _WholesalersMSP_User3 to a Network Gateway
2026.08.11-09:26:22.033[32m info [39m [caliper] [connectors/v2/FabricGateway] 	Connecting user with identity _WholesalersMSP_User3 to a Network Gateway
2026.08.11-09:26:22.037[32m info [39m [caliper] [connectors/v2/FabricGateway] 	Connecting user with identity _WholesalersMSP_User3 to a Network Gateway
2026.08.11-09:26:22.042[32m info [39m [caliper] [connectors/v2/FabricGateway] 	Connecting user with identity _WholesalersMSP_User3 to a Network Gateway
2026.08.11-09:26:22.076[32m info [39m [caliper] [connectors/v2/FabricGateway] 	Successfully connected user with identity _WholesalersMSP_User3 to a Network Gateway
2026.08.11-09:26:22.076[32m info [39m [caliper] [connectors/v2/FabricGateway] 	Generating contract map for user _WholesalersMSP_User3
2026.08.11-09:26:22.089[32m info [39m [caliper] [connectors/v2/FabricGateway] 	Successfully connected user with identity _WholesalersMSP_User3 to a Network Gateway
2026.08.11-09:26:22.089[32m info [39m [caliper] [connectors/v2/FabricGateway] 	Generating contract map for user _WholesalersMSP_User3
2026.08.11-09:26:22.094[32m info [39m [caliper] [connectors/v2/FabricGateway] 	Successfully connected user with identity _WholesalersMSP_User3 to a Network Gateway
2026.08.11-09:26:22.094[32m info [39m [caliper] [connectors/v2/FabricGateway] 	Generating contract map for user _WholesalersMSP_User3
2026.08.11-09:26:22.100[32m info [39m [caliper] [connectors/v2/FabricGateway] 	Successfully connected user with identity _WholesalersMSP_User3 to a Network Gateway
2026.08.11-09:26:22.100[32m info [39m [caliper] [connectors/v2/FabricGateway] 	Generating contract map for user _WholesalersMSP_User3
2026.08.11-09:26:22.106[32m info [39m [caliper] [connectors/v2/FabricGateway] 	Successfully connected user with identity _WholesalersMSP_User3 to a Network Gateway
2026.08.11-09:26:22.107[32m info [39m [caliper] [connectors/v2/FabricGateway] 	Generating contract map for user _WholesalersMSP_User3
2026.08.11-09:26:22.130[32m info [39m [caliper] [connectors/v2/FabricGateway] 	Connecting user with identity _WholesalersMSP_User4 to a Network Gateway
2026.08.11-09:26:22.149[32m info [39m [caliper] [connectors/v2/FabricGateway] 	Connecting user with identity _WholesalersMSP_User4 to a Network Gateway
2026.08.11-09:26:22.150[32m info [39m [caliper] [connectors/v2/FabricGateway] 	Connecting user with identity _WholesalersMSP_User4 to a Network Gateway
2026.08.11-09:26:22.157[32m info [39m [caliper] [connectors/v2/FabricGateway] 	Connecting user with identity _WholesalersMSP_User4 to a Network Gateway
2026.08.11-09:26:22.162[32m info [39m [caliper] [connectors/v2/FabricGateway] 	Connecting user with identity _WholesalersMSP_User4 to a Network Gateway
2026.08.11-09:26:22.199[32m info [39m [caliper] [connectors/v2/FabricGateway] 	Successfully connected user with identity _WholesalersMSP_User4 to a Network Gateway
2026.08.11-09:26:22.199[32m info [39m [caliper] [connectors/v2/FabricGateway] 	Generating contract map for user _WholesalersMSP_User4
2026.08.11-09:26:22.207[32m info [39m [caliper] [connectors/v2/FabricGateway] 	Successfully connected user with identity _WholesalersMSP_User4 to a Network Gateway
2026.08.11-09:26:22.207[32m info [39m [caliper] [connectors/v2/FabricGateway] 	Generating contract map for user _WholesalersMSP_User4
2026.08.11-09:26:22.209[32m info [39m [caliper] [connectors/v2/FabricGateway] 	Successfully connected user with identity _WholesalersMSP_User4 to a Network Gateway
2026.08.11-09:26:22.209[32m info [39m [caliper] [connectors/v2/FabricGateway] 	Generating contract map for user _WholesalersMSP_User4
2026.08.11-09:26:22.222[32m info [39m [caliper] [connectors/v2/FabricGateway] 	Successfully connected user with identity _WholesalersMSP_User4 to a Network Gateway
2026.08.11-09:26:22.222[32m info [39m [caliper] [connectors/v2/FabricGateway] 	Generating contract map for user _WholesalersMSP_User4
2026.08.11-09:26:22.222[32m info [39m [caliper] [connectors/v2/FabricGateway] 	Successfully connected user with identity _WholesalersMSP_User4 to a Network Gateway
2026.08.11-09:26:22.223[32m info [39m [caliper] [connectors/v2/FabricGateway] 	Generating contract map for user _WholesalersMSP_User4
2026.08.11-09:26:22.252[32m info [39m [caliper] [connectors/v2/FabricGateway] 	Connecting user with identity _WholesalersMSP_User5 to a Network Gateway
2026.08.11-09:26:22.262[32m info [39m [caliper] [connectors/v2/FabricGateway] 	Connecting user with identity _WholesalersMSP_User5 to a Network Gateway
2026.08.11-09:26:22.263[32m info [39m [caliper] [connectors/v2/FabricGateway] 	Connecting user with identity _WholesalersMSP_User5 to a Network Gateway
2026.08.11-09:26:22.274[32m info [39m [caliper] [connectors/v2/FabricGateway] 	Connecting user with identity _WholesalersMSP_User5 to a Network Gateway
2026.08.11-09:26:22.275[32m info [39m [caliper] [connectors/v2/FabricGateway] 	Connecting user with identity _WholesalersMSP_User5 to a Network Gateway
2026.08.11-09:26:22.318[32m info [39m [caliper] [connectors/v2/FabricGateway] 	Successfully connected user with identity _WholesalersMSP_User5 to a Network Gateway
2026.08.11-09:26:22.318[32m info [39m [caliper] [connectors/v2/FabricGateway] 	Generating contract map for user _WholesalersMSP_User5
2026.08.11-09:26:22.323[32m info [39m [caliper] [connectors/v2/FabricGateway] 	Successfully connected user with identity _WholesalersMSP_User5 to a Network Gateway
2026.08.11-09:26:22.323[32m info [39m [caliper] [connectors/v2/FabricGateway] 	Generating contract map for user _WholesalersMSP_User5
2026.08.11-09:26:22.331[32m info [39m [caliper] [connectors/v2/FabricGateway] 	Successfully connected user with identity _WholesalersMSP_User5 to a Network Gateway
2026.08.11-09:26:22.331[32m info [39m [caliper] [connectors/v2/FabricGateway] 	Generating contract map for user _WholesalersMSP_User5
2026.08.11-09:26:22.339[32m info [39m [caliper] [connectors/v2/FabricGateway] 	Successfully connected user with identity _WholesalersMSP_User5 to a Network Gateway
2026.08.11-09:26:22.339[32m info [39m [caliper] [connectors/v2/FabricGateway] 	Generating contract map for user _WholesalersMSP_User5
2026.08.11-09:26:22.342[32m info [39m [caliper] [connectors/v2/FabricGateway] 	Successfully connected user with identity _WholesalersMSP_User5 to a Network Gateway
2026.08.11-09:26:22.342[32m info [39m [caliper] [connectors/v2/FabricGateway] 	Generating contract map for user _WholesalersMSP_User5
2026.08.11-09:26:22.399[32m info [39m [caliper] [caliper-worker] 	Info: worker 0 prepare test phase for round 0 is starting...
2026.08.11-09:26:22.400[32m info [39m [caliper] [connectors/v2/FabricGateway] 	disconnecting gateway for user User0
2026.08.11-09:26:22.401[32m info [39m [caliper] [connectors/v2/FabricGateway] 	disconnecting gateway for user User1
2026.08.11-09:26:22.402[32m info [39m [caliper] [connectors/v2/FabricGateway] 	disconnecting gateway for user User2
2026.08.11-09:26:22.402[32m info [39m [caliper] [connectors/v2/FabricGateway] 	disconnecting gateway for user User3
2026.08.11-09:26:22.403[32m info [39m [caliper] [connectors/v2/FabricGateway] 	disconnecting gateway for user User4
2026.08.11-09:26:22.403[32m info [39m [caliper] [connectors/v2/FabricGateway] 	disconnecting gateway for user User5
2026.08.11-09:26:22.404[32m info [39m [caliper] [connectors/v2/FabricGateway] 	disconnecting gateway for user _WholesalersMSP_User0
2026.08.11-09:26:22.404[32m info [39m [caliper] [connectors/v2/FabricGateway] 	disconnecting gateway for user _WholesalersMSP_User1
2026.08.11-09:26:22.405[32m info [39m [caliper] [connectors/v2/FabricGateway] 	disconnecting gateway for user _WholesalersMSP_User2
2026.08.11-09:26:22.405[32m info [39m [caliper] [connectors/v2/FabricGateway] 	disconnecting gateway for user _WholesalersMSP_User3
2026.08.11-09:26:22.406[32m info [39m [caliper] [connectors/v2/FabricGateway] 	disconnecting gateway for user _WholesalersMSP_User4
2026.08.11-09:26:22.406[32m info [39m [caliper] [connectors/v2/FabricGateway] 	disconnecting gateway for user _WholesalersMSP_User5
2026.08.11-09:26:22.406[32m info [39m [caliper] [caliper-worker] 	Info: worker 0 prepare test phase for round 0 is completed
2026.08.11-09:26:22.406[32m info [39m [caliper] [worker-message-handler] 	Worker#0 prepared for Round#0
2026.08.11-09:26:22.411[32m info [39m [caliper] [caliper-worker] 	Info: worker 4 prepare test phase for round 0 is starting...
2026.08.11-09:26:22.413[32m info [39m [caliper] [connectors/v2/FabricGateway] 	disconnecting gateway for user User0
2026.08.11-09:26:22.415[32m info [39m [caliper] [caliper-worker] 	Info: worker 2 prepare test phase for round 0 is starting...
2026.08.11-09:26:22.415[32m info [39m [caliper] [connectors/v2/FabricGateway] 	disconnecting gateway for user User1
2026.08.11-09:26:22.416[32m info [39m [caliper] [connectors/v2/FabricGateway] 	disconnecting gateway for user User2
2026.08.11-09:26:22.417[32m info [39m [caliper] [connectors/v2/FabricGateway] 	disconnecting gateway for user User0
2026.08.11-09:26:22.417[32m info [39m [caliper] [connectors/v2/FabricGateway] 	disconnecting gateway for user User3
2026.08.11-09:26:22.418[32m info [39m [caliper] [connectors/v2/FabricGateway] 	disconnecting gateway for user User4
2026.08.11-09:26:22.419[32m info [39m [caliper] [connectors/v2/FabricGateway] 	disconnecting gateway for user User5
2026.08.11-09:26:22.419[32m info [39m [caliper] [connectors/v2/FabricGateway] 	disconnecting gateway for user User1
2026.08.11-09:26:22.419[32m info [39m [caliper] [connectors/v2/FabricGateway] 	disconnecting gateway for user _WholesalersMSP_User0
2026.08.11-09:26:22.420[32m info [39m [caliper] [connectors/v2/FabricGateway] 	disconnecting gateway for user _WholesalersMSP_User1
2026.08.11-09:26:22.420[32m info [39m [caliper] [connectors/v2/FabricGateway] 	disconnecting gateway for user User2
2026.08.11-09:26:22.420[32m info [39m [caliper] [connectors/v2/FabricGateway] 	disconnecting gateway for user _WholesalersMSP_User2
2026.08.11-09:26:22.420[32m info [39m [caliper] [connectors/v2/FabricGateway] 	disconnecting gateway for user User3
2026.08.11-09:26:22.421[32m info [39m [caliper] [connectors/v2/FabricGateway] 	disconnecting gateway for user _WholesalersMSP_User3
2026.08.11-09:26:22.421[32m info [39m [caliper] [connectors/v2/FabricGateway] 	disconnecting gateway for user _WholesalersMSP_User4
2026.08.11-09:26:22.421[32m info [39m [caliper] [connectors/v2/FabricGateway] 	disconnecting gateway for user User4
2026.08.11-09:26:22.421[32m info [39m [caliper] [connectors/v2/FabricGateway] 	disconnecting gateway for user _WholesalersMSP_User5
2026.08.11-09:26:22.422[32m info [39m [caliper] [connectors/v2/FabricGateway] 	disconnecting gateway for user User5
2026.08.11-09:26:22.422[32m info [39m [caliper] [connectors/v2/FabricGateway] 	disconnecting gateway for user _WholesalersMSP_User0
2026.08.11-09:26:22.422[32m info [39m [caliper] [caliper-worker] 	Info: worker 4 prepare test phase for round 0 is completed
2026.08.11-09:26:22.422[32m info [39m [caliper] [worker-message-handler] 	Worker#4 prepared for Round#0
2026.08.11-09:26:22.422[32m info [39m [caliper] [connectors/v2/FabricGateway] 	disconnecting gateway for user _WholesalersMSP_User1
2026.08.11-09:26:22.422[32m info [39m [caliper] [connectors/v2/FabricGateway] 	disconnecting gateway for user _WholesalersMSP_User2
2026.08.11-09:26:22.423[32m info [39m [caliper] [connectors/v2/FabricGateway] 	disconnecting gateway for user _WholesalersMSP_User3
2026.08.11-09:26:22.423[32m info [39m [caliper] [connectors/v2/FabricGateway] 	disconnecting gateway for user _WholesalersMSP_User4
2026.08.11-09:26:22.423[32m info [39m [caliper] [connectors/v2/FabricGateway] 	disconnecting gateway for user _WholesalersMSP_User5
2026.08.11-09:26:22.424[32m info [39m [caliper] [caliper-worker] 	Info: worker 2 prepare test phase for round 0 is completed
2026.08.11-09:26:22.424[32m info [39m [caliper] [worker-message-handler] 	Worker#2 prepared for Round#0
2026.08.11-09:26:22.436[32m info [39m [caliper] [caliper-worker] 	Info: worker 1 prepare test phase for round 0 is starting...
2026.08.11-09:26:22.438[32m info [39m [caliper] [connectors/v2/FabricGateway] 	disconnecting gateway for user User0
2026.08.11-09:26:22.440[32m info [39m [caliper] [caliper-worker] 	Info: worker 3 prepare test phase for round 0 is starting...
2026.08.11-09:26:22.441[32m info [39m [caliper] [connectors/v2/FabricGateway] 	disconnecting gateway for user User0
2026.08.11-09:26:22.442[32m info [39m [caliper] [connectors/v2/FabricGateway] 	disconnecting gateway for user User1
2026.08.11-09:26:22.442[32m info [39m [caliper] [connectors/v2/FabricGateway] 	disconnecting gateway for user User2
2026.08.11-09:26:22.443[32m info [39m [caliper] [connectors/v2/FabricGateway] 	disconnecting gateway for user User3
2026.08.11-09:26:22.443[32m info [39m [caliper] [connectors/v2/FabricGateway] 	disconnecting gateway for user User1
2026.08.11-09:26:22.443[32m info [39m [caliper] [connectors/v2/FabricGateway] 	disconnecting gateway for user User4
2026.08.11-09:26:22.443[32m info [39m [caliper] [connectors/v2/FabricGateway] 	disconnecting gateway for user User2
2026.08.11-09:26:22.443[32m info [39m [caliper] [connectors/v2/FabricGateway] 	disconnecting gateway for user User5
2026.08.11-09:26:22.444[32m info [39m [caliper] [connectors/v2/FabricGateway] 	disconnecting gateway for user User3
2026.08.11-09:26:22.444[32m info [39m [caliper] [connectors/v2/FabricGateway] 	disconnecting gateway for user _WholesalersMSP_User0
2026.08.11-09:26:22.444[32m info [39m [caliper] [connectors/v2/FabricGateway] 	disconnecting gateway for user _WholesalersMSP_User1
2026.08.11-09:26:22.444[32m info [39m [caliper] [connectors/v2/FabricGateway] 	disconnecting gateway for user User4
2026.08.11-09:26:22.444[32m info [39m [caliper] [connectors/v2/FabricGateway] 	disconnecting gateway for user _WholesalersMSP_User2
2026.08.11-09:26:22.444[32m info [39m [caliper] [connectors/v2/FabricGateway] 	disconnecting gateway for user User5
2026.08.11-09:26:22.445[32m info [39m [caliper] [connectors/v2/FabricGateway] 	disconnecting gateway for user _WholesalersMSP_User3
2026.08.11-09:26:22.445[32m info [39m [caliper] [connectors/v2/FabricGateway] 	disconnecting gateway for user _WholesalersMSP_User0
2026.08.11-09:26:22.445[32m info [39m [caliper] [connectors/v2/FabricGateway] 	disconnecting gateway for user _WholesalersMSP_User4
2026.08.11-09:26:22.445[32m info [39m [caliper] [connectors/v2/FabricGateway] 	disconnecting gateway for user _WholesalersMSP_User1
2026.08.11-09:26:22.445[32m info [39m [caliper] [connectors/v2/FabricGateway] 	disconnecting gateway for user _WholesalersMSP_User5
2026.08.11-09:26:22.445[32m info [39m [caliper] [connectors/v2/FabricGateway] 	disconnecting gateway for user _WholesalersMSP_User2
2026.08.11-09:26:22.445[32m info [39m [caliper] [connectors/v2/FabricGateway] 	disconnecting gateway for user _WholesalersMSP_User3
2026.08.11-09:26:22.445[32m info [39m [caliper] [caliper-worker] 	Info: worker 1 prepare test phase for round 0 is completed
2026.08.11-09:26:22.445[32m info [39m [caliper] [worker-message-handler] 	Worker#1 prepared for Round#0
2026.08.11-09:26:22.445[32m info [39m [caliper] [connectors/v2/FabricGateway] 	disconnecting gateway for user _WholesalersMSP_User4
2026.08.11-09:26:22.446[32m info [39m [caliper] [connectors/v2/FabricGateway] 	disconnecting gateway for user _WholesalersMSP_User5
2026.08.11-09:26:22.446[32m info [39m [caliper] [caliper-worker] 	Info: worker 3 prepare test phase for round 0 is completed
2026.08.11-09:26:22.446[32m info [39m [caliper] [worker-message-handler] 	Worker#3 prepared for Round#0
2026.08.11-09:26:22.447[32m info [39m [caliper] [worker-orchestrator] 	5 workers prepared, progressing to test phase.
2026.08.11-09:26:22.447[32m info [39m [caliper] [round-orchestrator] 	Monitors successfully started
2026.08.11-09:26:22.449[32m info [39m [caliper] [worker-message-handler] 	Worker#0 is starting Round#0
2026.08.11-09:26:22.450[32m info [39m [caliper] [connectors/v2/FabricGateway] 	Connecting user with identity User0 to a Network Gateway
2026.08.11-09:26:22.451[32m info [39m [caliper] [worker-message-handler] 	Worker#1 is starting Round#0
2026.08.11-09:26:22.452[32m info [39m [caliper] [connectors/v2/FabricGateway] 	Connecting user with identity User0 to a Network Gateway
2026.08.11-09:26:22.452[32m info [39m [caliper] [worker-message-handler] 	Worker#3 is starting Round#0
2026.08.11-09:26:22.453[32m info [39m [caliper] [connectors/v2/FabricGateway] 	Connecting user with identity User0 to a Network Gateway
2026.08.11-09:26:22.455[32m info [39m [caliper] [worker-message-handler] 	Worker#2 is starting Round#0
2026.08.11-09:26:22.456[32m info [39m [caliper] [connectors/v2/FabricGateway] 	Connecting user with identity User0 to a Network Gateway
2026.08.11-09:26:22.456[32m info [39m [caliper] [worker-message-handler] 	Worker#4 is starting Round#0
2026.08.11-09:26:22.457[32m info [39m [caliper] [connectors/v2/FabricGateway] 	Connecting user with identity User0 to a Network Gateway
2026.08.11-09:26:22.520[32m info [39m [caliper] [connectors/v2/FabricGateway] 	Successfully connected user with identity User0 to a Network Gateway
2026.08.11-09:26:22.521[32m info [39m [caliper] [connectors/v2/FabricGateway] 	Generating contract map for user User0
2026.08.11-09:26:22.523[32m info [39m [caliper] [connectors/v2/FabricGateway] 	Successfully connected user with identity User0 to a Network Gateway
2026.08.11-09:26:22.524[32m info [39m [caliper] [connectors/v2/FabricGateway] 	Generating contract map for user User0
2026.08.11-09:26:22.533[32m info [39m [caliper] [connectors/v2/FabricGateway] 	Successfully connected user with identity User0 to a Network Gateway
2026.08.11-09:26:22.533[32m info [39m [caliper] [connectors/v2/FabricGateway] 	Generating contract map for user User0
2026.08.11-09:26:22.535[32m info [39m [caliper] [connectors/v2/FabricGateway] 	Successfully connected user with identity User0 to a Network Gateway
2026.08.11-09:26:22.535[32m info [39m [caliper] [connectors/v2/FabricGateway] 	Generating contract map for user User0
2026.08.11-09:26:22.536[32m info [39m [caliper] [connectors/v2/FabricGateway] 	Successfully connected user with identity User0 to a Network Gateway
2026.08.11-09:26:22.536[32m info [39m [caliper] [connectors/v2/FabricGateway] 	Generating contract map for user User0
2026.08.11-09:26:22.577[32m info [39m [caliper] [connectors/v2/FabricGateway] 	Connecting user with identity User1 to a Network Gateway
2026.08.11-09:26:22.580[32m info [39m [caliper] [connectors/v2/FabricGateway] 	Connecting user with identity User1 to a Network Gateway
2026.08.11-09:26:22.587[32m info [39m [caliper] [connectors/v2/FabricGateway] 	Connecting user with identity User1 to a Network Gateway
2026.08.11-09:26:22.588[32m info [39m [caliper] [connectors/v2/FabricGateway] 	Connecting user with identity User1 to a Network Gateway
2026.08.11-09:26:22.601[32m info [39m [caliper] [connectors/v2/FabricGateway] 	Connecting user with identity User1 to a Network Gateway
2026.08.11-09:26:22.650[32m info [39m [caliper] [connectors/v2/FabricGateway] 	Successfully connected user with identity User1 to a Network Gateway
2026.08.11-09:26:22.650[32m info [39m [caliper] [connectors/v2/FabricGateway] 	Successfully connected user with identity User1 to a Network Gateway
2026.08.11-09:26:22.650[32m info [39m [caliper] [connectors/v2/FabricGateway] 	Generating contract map for user User1
2026.08.11-09:26:22.650[32m info [39m [caliper] [connectors/v2/FabricGateway] 	Generating contract map for user User1
2026.08.11-09:26:22.658[32m info [39m [caliper] [connectors/v2/FabricGateway] 	Successfully connected user with identity User1 to a Network Gateway
2026.08.11-09:26:22.658[32m info [39m [caliper] [connectors/v2/FabricGateway] 	Generating contract map for user User1
2026.08.11-09:26:22.668[32m info [39m [caliper] [connectors/v2/FabricGateway] 	Successfully connected user with identity User1 to a Network Gateway
2026.08.11-09:26:22.668[32m info [39m [caliper] [connectors/v2/FabricGateway] 	Generating contract map for user User1
2026.08.11-09:26:22.676[32m info [39m [caliper] [connectors/v2/FabricGateway] 	Successfully connected user with identity User1 to a Network Gateway
2026.08.11-09:26:22.676[32m info [39m [caliper] [connectors/v2/FabricGateway] 	Generating contract map for user User1
2026.08.11-09:26:22.702[32m info [39m [caliper] [connectors/v2/FabricGateway] 	Connecting user with identity User2 to a Network Gateway
2026.08.11-09:26:22.703[32m info [39m [caliper] [connectors/v2/FabricGateway] 	Connecting user with identity User2 to a Network Gateway
2026.08.11-09:26:22.714[32m info [39m [caliper] [connectors/v2/FabricGateway] 	Connecting user with identity User2 to a Network Gateway
2026.08.11-09:26:22.719[32m info [39m [caliper] [connectors/v2/FabricGateway] 	Connecting user with identity User2 to a Network Gateway
2026.08.11-09:26:22.728[32m info [39m [caliper] [connectors/v2/FabricGateway] 	Connecting user with identity User2 to a Network Gateway
2026.08.11-09:26:22.764[32m info [39m [caliper] [connectors/v2/FabricGateway] 	Successfully connected user with identity User2 to a Network Gateway
2026.08.11-09:26:22.765[32m info [39m [caliper] [connectors/v2/FabricGateway] 	Generating contract map for user User2
2026.08.11-09:26:22.775[32m info [39m [caliper] [connectors/v2/FabricGateway] 	Successfully connected user with identity User2 to a Network Gateway
2026.08.11-09:26:22.776[32m info [39m [caliper] [connectors/v2/FabricGateway] 	Generating contract map for user User2
2026.08.11-09:26:22.781[32m info [39m [caliper] [connectors/v2/FabricGateway] 	Successfully connected user with identity User2 to a Network Gateway
2026.08.11-09:26:22.781[32m info [39m [caliper] [connectors/v2/FabricGateway] 	Generating contract map for user User2
2026.08.11-09:26:22.787[32m info [39m [caliper] [connectors/v2/FabricGateway] 	Successfully connected user with identity User2 to a Network Gateway
2026.08.11-09:26:22.787[32m info [39m [caliper] [connectors/v2/FabricGateway] 	Generating contract map for user User2
2026.08.11-09:26:22.798[32m info [39m [caliper] [connectors/v2/FabricGateway] 	Successfully connected user with identity User2 to a Network Gateway
2026.08.11-09:26:22.798[32m info [39m [caliper] [connectors/v2/FabricGateway] 	Generating contract map for user User2
2026.08.11-09:26:22.821[32m info [39m [caliper] [connectors/v2/FabricGateway] 	Connecting user with identity User3 to a Network Gateway
2026.08.11-09:26:22.829[32m info [39m [caliper] [connectors/v2/FabricGateway] 	Connecting user with identity User3 to a Network Gateway
2026.08.11-09:26:22.834[32m info [39m [caliper] [connectors/v2/FabricGateway] 	Connecting user with identity User3 to a Network Gateway
2026.08.11-09:26:22.847[32m info [39m [caliper] [connectors/v2/FabricGateway] 	Connecting user with identity User3 to a Network Gateway
2026.08.11-09:26:22.849[32m info [39m [caliper] [connectors/v2/FabricGateway] 	Connecting user with identity User3 to a Network Gateway
2026.08.11-09:26:22.885[32m info [39m [caliper] [connectors/v2/FabricGateway] 	Successfully connected user with identity User3 to a Network Gateway
2026.08.11-09:26:22.885[32m info [39m [caliper] [connectors/v2/FabricGateway] 	Generating contract map for user User3
2026.08.11-09:26:22.894[32m info [39m [caliper] [connectors/v2/FabricGateway] 	Successfully connected user with identity User3 to a Network Gateway
2026.08.11-09:26:22.894[32m info [39m [caliper] [connectors/v2/FabricGateway] 	Generating contract map for user User3
2026.08.11-09:26:22.908[32m info [39m [caliper] [connectors/v2/FabricGateway] 	Successfully connected user with identity User3 to a Network Gateway
2026.08.11-09:26:22.909[32m info [39m [caliper] [connectors/v2/FabricGateway] 	Generating contract map for user User3
2026.08.11-09:26:22.915[32m info [39m [caliper] [connectors/v2/FabricGateway] 	Successfully connected user with identity User3 to a Network Gateway
2026.08.11-09:26:22.915[32m info [39m [caliper] [connectors/v2/FabricGateway] 	Generating contract map for user User3
2026.08.11-09:26:22.918[32m info [39m [caliper] [connectors/v2/FabricGateway] 	Successfully connected user with identity User3 to a Network Gateway
2026.08.11-09:26:22.918[32m info [39m [caliper] [connectors/v2/FabricGateway] 	Generating contract map for user User3
2026.08.11-09:26:22.936[32m info [39m [caliper] [connectors/v2/FabricGateway] 	Connecting user with identity User4 to a Network Gateway
2026.08.11-09:26:22.956[32m info [39m [caliper] [connectors/v2/FabricGateway] 	Connecting user with identity User4 to a Network Gateway
2026.08.11-09:26:22.968[32m info [39m [caliper] [connectors/v2/FabricGateway] 	Connecting user with identity User4 to a Network Gateway
2026.08.11-09:26:22.974[32m info [39m [caliper] [connectors/v2/FabricGateway] 	Connecting user with identity User4 to a Network Gateway
2026.08.11-09:26:22.979[32m info [39m [caliper] [connectors/v2/FabricGateway] 	Connecting user with identity User4 to a Network Gateway
2026.08.11-09:26:23.009[32m info [39m [caliper] [connectors/v2/FabricGateway] 	Successfully connected user with identity User4 to a Network Gateway
2026.08.11-09:26:23.009[32m info [39m [caliper] [connectors/v2/FabricGateway] 	Generating contract map for user User4
2026.08.11-09:26:23.025[32m info [39m [caliper] [connectors/v2/FabricGateway] 	Successfully connected user with identity User4 to a Network Gateway
2026.08.11-09:26:23.025[32m info [39m [caliper] [connectors/v2/FabricGateway] 	Generating contract map for user User4
2026.08.11-09:26:23.037[32m info [39m [caliper] [connectors/v2/FabricGateway] 	Successfully connected user with identity User4 to a Network Gateway
2026.08.11-09:26:23.037[32m info [39m [caliper] [connectors/v2/FabricGateway] 	Generating contract map for user User4
2026.08.11-09:26:23.038[32m info [39m [caliper] [connectors/v2/FabricGateway] 	Successfully connected user with identity User4 to a Network Gateway
2026.08.11-09:26:23.038[32m info [39m [caliper] [connectors/v2/FabricGateway] 	Generating contract map for user User4
2026.08.11-09:26:23.046[32m info [39m [caliper] [connectors/v2/FabricGateway] 	Successfully connected user with identity User4 to a Network Gateway
2026.08.11-09:26:23.046[32m info [39m [caliper] [connectors/v2/FabricGateway] 	Generating contract map for user User4
2026.08.11-09:26:23.061[32m info [39m [caliper] [connectors/v2/FabricGateway] 	Connecting user with identity User5 to a Network Gateway
2026.08.11-09:26:23.078[32m info [39m [caliper] [connectors/v2/FabricGateway] 	Connecting user with identity User5 to a Network Gateway
2026.08.11-09:26:23.087[32m info [39m [caliper] [connectors/v2/FabricGateway] 	Connecting user with identity User5 to a Network Gateway
2026.08.11-09:26:23.088[32m info [39m [caliper] [connectors/v2/FabricGateway] 	Connecting user with identity User5 to a Network Gateway
2026.08.11-09:26:23.097[32m info [39m [caliper] [connectors/v2/FabricGateway] 	Connecting user with identity User5 to a Network Gateway
2026.08.11-09:26:23.127[32m info [39m [caliper] [connectors/v2/FabricGateway] 	Successfully connected user with identity User5 to a Network Gateway
2026.08.11-09:26:23.128[32m info [39m [caliper] [connectors/v2/FabricGateway] 	Generating contract map for user User5
2026.08.11-09:26:23.139[32m info [39m [caliper] [connectors/v2/FabricGateway] 	Successfully connected user with identity User5 to a Network Gateway
2026.08.11-09:26:23.139[32m info [39m [caliper] [connectors/v2/FabricGateway] 	Generating contract map for user User5
2026.08.11-09:26:23.149[32m info [39m [caliper] [connectors/v2/FabricGateway] 	Successfully connected user with identity User5 to a Network Gateway
2026.08.11-09:26:23.149[32m info [39m [caliper] [connectors/v2/FabricGateway] 	Generating contract map for user User5
2026.08.11-09:26:23.155[32m info [39m [caliper] [connectors/v2/FabricGateway] 	Successfully connected user with identity User5 to a Network Gateway
2026.08.11-09:26:23.155[32m info [39m [caliper] [connectors/v2/FabricGateway] 	Generating contract map for user User5
2026.08.11-09:26:23.168[32m info [39m [caliper] [connectors/v2/FabricGateway] 	Successfully connected user with identity User5 to a Network Gateway
2026.08.11-09:26:23.168[32m info [39m [caliper] [connectors/v2/FabricGateway] 	Generating contract map for user User5
2026.08.11-09:26:23.182[32m info [39m [caliper] [connectors/v2/FabricGateway] 	Connecting user with identity _WholesalersMSP_User0 to a Network Gateway
2026.08.11-09:26:23.190[32m info [39m [caliper] [connectors/v2/FabricGateway] 	Connecting user with identity _WholesalersMSP_User0 to a Network Gateway
2026.08.11-09:26:23.205[32m info [39m [caliper] [connectors/v2/FabricGateway] 	Connecting user with identity _WholesalersMSP_User0 to a Network Gateway
2026.08.11-09:26:23.207[32m info [39m [caliper] [connectors/v2/FabricGateway] 	Connecting user with identity _WholesalersMSP_User0 to a Network Gateway
2026.08.11-09:26:23.218[32m info [39m [caliper] [connectors/v2/FabricGateway] 	Connecting user with identity _WholesalersMSP_User0 to a Network Gateway
2026.08.11-09:26:23.249[32m info [39m [caliper] [connectors/v2/FabricGateway] 	Successfully connected user with identity _WholesalersMSP_User0 to a Network Gateway
2026.08.11-09:26:23.249[32m info [39m [caliper] [connectors/v2/FabricGateway] 	Generating contract map for user _WholesalersMSP_User0
2026.08.11-09:26:23.256[32m info [39m [caliper] [connectors/v2/FabricGateway] 	Successfully connected user with identity _WholesalersMSP_User0 to a Network Gateway
2026.08.11-09:26:23.257[32m info [39m [caliper] [connectors/v2/FabricGateway] 	Generating contract map for user _WholesalersMSP_User0
2026.08.11-09:26:23.270[32m info [39m [caliper] [connectors/v2/FabricGateway] 	Successfully connected user with identity _WholesalersMSP_User0 to a Network Gateway
2026.08.11-09:26:23.270[32m info [39m [caliper] [connectors/v2/FabricGateway] 	Generating contract map for user _WholesalersMSP_User0
2026.08.11-09:26:23.279[32m info [39m [caliper] [connectors/v2/FabricGateway] 	Successfully connected user with identity _WholesalersMSP_User0 to a Network Gateway
2026.08.11-09:26:23.279[32m info [39m [caliper] [connectors/v2/FabricGateway] 	Generating contract map for user _WholesalersMSP_User0
2026.08.11-09:26:23.292[32m info [39m [caliper] [connectors/v2/FabricGateway] 	Successfully connected user with identity _WholesalersMSP_User0 to a Network Gateway
2026.08.11-09:26:23.292[32m info [39m [caliper] [connectors/v2/FabricGateway] 	Generating contract map for user _WholesalersMSP_User0
2026.08.11-09:26:23.314[32m info [39m [caliper] [connectors/v2/FabricGateway] 	Connecting user with identity _WholesalersMSP_User1 to a Network Gateway
2026.08.11-09:26:23.323[32m info [39m [caliper] [connectors/v2/FabricGateway] 	Connecting user with identity _WholesalersMSP_User1 to a Network Gateway
2026.08.11-09:26:23.337[32m info [39m [caliper] [connectors/v2/FabricGateway] 	Connecting user with identity _WholesalersMSP_User1 to a Network Gateway
2026.08.11-09:26:23.344[32m info [39m [caliper] [connectors/v2/FabricGateway] 	Connecting user with identity _WholesalersMSP_User1 to a Network Gateway
2026.08.11-09:26:23.357[32m info [39m [caliper] [connectors/v2/FabricGateway] 	Connecting user with identity _WholesalersMSP_User1 to a Network Gateway
2026.08.11-09:26:23.386[32m info [39m [caliper] [connectors/v2/FabricGateway] 	Successfully connected user with identity _WholesalersMSP_User1 to a Network Gateway
2026.08.11-09:26:23.386[32m info [39m [caliper] [connectors/v2/FabricGateway] 	Generating contract map for user _WholesalersMSP_User1
2026.08.11-09:26:23.402[32m info [39m [caliper] [connectors/v2/FabricGateway] 	Successfully connected user with identity _WholesalersMSP_User1 to a Network Gateway
2026.08.11-09:26:23.402[32m info [39m [caliper] [connectors/v2/FabricGateway] 	Generating contract map for user _WholesalersMSP_User1
2026.08.11-09:26:23.403[32m info [39m [caliper] [connectors/v2/FabricGateway] 	Successfully connected user with identity _WholesalersMSP_User1 to a Network Gateway
2026.08.11-09:26:23.403[32m info [39m [caliper] [connectors/v2/FabricGateway] 	Generating contract map for user _WholesalersMSP_User1
2026.08.11-09:26:23.410[32m info [39m [caliper] [connectors/v2/FabricGateway] 	Successfully connected user with identity _WholesalersMSP_User1 to a Network Gateway
2026.08.11-09:26:23.410[32m info [39m [caliper] [connectors/v2/FabricGateway] 	Generating contract map for user _WholesalersMSP_User1
2026.08.11-09:26:23.426[32m info [39m [caliper] [connectors/v2/FabricGateway] 	Successfully connected user with identity _WholesalersMSP_User1 to a Network Gateway
2026.08.11-09:26:23.426[32m info [39m [caliper] [connectors/v2/FabricGateway] 	Generating contract map for user _WholesalersMSP_User1
2026.08.11-09:26:23.440[32m info [39m [caliper] [connectors/v2/FabricGateway] 	Connecting user with identity _WholesalersMSP_User2 to a Network Gateway
2026.08.11-09:26:23.456[32m info [39m [caliper] [connectors/v2/FabricGateway] 	Connecting user with identity _WholesalersMSP_User2 to a Network Gateway
2026.08.11-09:26:23.458[32m info [39m [caliper] [connectors/v2/FabricGateway] 	Connecting user with identity _WholesalersMSP_User2 to a Network Gateway
2026.08.11-09:26:23.464[32m info [39m [caliper] [connectors/v2/FabricGateway] 	Connecting user with identity _WholesalersMSP_User2 to a Network Gateway
2026.08.11-09:26:23.479[32m info [39m [caliper] [connectors/v2/FabricGateway] 	Connecting user with identity _WholesalersMSP_User2 to a Network Gateway
2026.08.11-09:26:23.508[32m info [39m [caliper] [connectors/v2/FabricGateway] 	Successfully connected user with identity _WholesalersMSP_User2 to a Network Gateway
2026.08.11-09:26:23.509[32m info [39m [caliper] [connectors/v2/FabricGateway] 	Generating contract map for user _WholesalersMSP_User2
2026.08.11-09:26:23.519[32m info [39m [caliper] [connectors/v2/FabricGateway] 	Successfully connected user with identity _WholesalersMSP_User2 to a Network Gateway
2026.08.11-09:26:23.520[32m info [39m [caliper] [connectors/v2/FabricGateway] 	Generating contract map for user _WholesalersMSP_User2
2026.08.11-09:26:23.531[32m info [39m [caliper] [connectors/v2/FabricGateway] 	Successfully connected user with identity _WholesalersMSP_User2 to a Network Gateway
2026.08.11-09:26:23.531[32m info [39m [caliper] [connectors/v2/FabricGateway] 	Generating contract map for user _WholesalersMSP_User2
2026.08.11-09:26:23.537[32m info [39m [caliper] [connectors/v2/FabricGateway] 	Successfully connected user with identity _WholesalersMSP_User2 to a Network Gateway
2026.08.11-09:26:23.537[32m info [39m [caliper] [connectors/v2/FabricGateway] 	Generating contract map for user _WholesalersMSP_User2
2026.08.11-09:26:23.545[32m info [39m [caliper] [connectors/v2/FabricGateway] 	Successfully connected user with identity _WholesalersMSP_User2 to a Network Gateway
2026.08.11-09:26:23.546[32m info [39m [caliper] [connectors/v2/FabricGateway] 	Generating contract map for user _WholesalersMSP_User2
2026.08.11-09:26:23.557[32m info [39m [caliper] [connectors/v2/FabricGateway] 	Connecting user with identity _WholesalersMSP_User3 to a Network Gateway
2026.08.11-09:26:23.571[32m info [39m [caliper] [connectors/v2/FabricGateway] 	Connecting user with identity _WholesalersMSP_User3 to a Network Gateway
2026.08.11-09:26:23.580[32m info [39m [caliper] [connectors/v2/FabricGateway] 	Connecting user with identity _WholesalersMSP_User3 to a Network Gateway
2026.08.11-09:26:23.589[32m info [39m [caliper] [connectors/v2/FabricGateway] 	Connecting user with identity _WholesalersMSP_User3 to a Network Gateway
2026.08.11-09:26:23.596[32m info [39m [caliper] [connectors/v2/FabricGateway] 	Connecting user with identity _WholesalersMSP_User3 to a Network Gateway
2026.08.11-09:26:23.624[32m info [39m [caliper] [connectors/v2/FabricGateway] 	Successfully connected user with identity _WholesalersMSP_User3 to a Network Gateway
2026.08.11-09:26:23.625[32m info [39m [caliper] [connectors/v2/FabricGateway] 	Generating contract map for user _WholesalersMSP_User3
2026.08.11-09:26:23.635[32m info [39m [caliper] [connectors/v2/FabricGateway] 	Successfully connected user with identity _WholesalersMSP_User3 to a Network Gateway
2026.08.11-09:26:23.636[32m info [39m [caliper] [connectors/v2/FabricGateway] 	Generating contract map for user _WholesalersMSP_User3
2026.08.11-09:26:23.650[32m info [39m [caliper] [connectors/v2/FabricGateway] 	Successfully connected user with identity _WholesalersMSP_User3 to a Network Gateway
2026.08.11-09:26:23.650[32m info [39m [caliper] [connectors/v2/FabricGateway] 	Generating contract map for user _WholesalersMSP_User3
2026.08.11-09:26:23.661[32m info [39m [caliper] [connectors/v2/FabricGateway] 	Successfully connected user with identity _WholesalersMSP_User3 to a Network Gateway
2026.08.11-09:26:23.661[32m info [39m [caliper] [connectors/v2/FabricGateway] 	Generating contract map for user _WholesalersMSP_User3
2026.08.11-09:26:23.664[32m info [39m [caliper] [connectors/v2/FabricGateway] 	Successfully connected user with identity _WholesalersMSP_User3 to a Network Gateway
2026.08.11-09:26:23.665[32m info [39m [caliper] [connectors/v2/FabricGateway] 	Generating contract map for user _WholesalersMSP_User3
2026.08.11-09:26:23.678[32m info [39m [caliper] [connectors/v2/FabricGateway] 	Connecting user with identity _WholesalersMSP_User4 to a Network Gateway
2026.08.11-09:26:23.684[32m info [39m [caliper] [connectors/v2/FabricGateway] 	Connecting user with identity _WholesalersMSP_User4 to a Network Gateway
2026.08.11-09:26:23.700[32m info [39m [caliper] [connectors/v2/FabricGateway] 	Connecting user with identity _WholesalersMSP_User4 to a Network Gateway
2026.08.11-09:26:23.711[32m info [39m [caliper] [connectors/v2/FabricGateway] 	Connecting user with identity _WholesalersMSP_User4 to a Network Gateway
2026.08.11-09:26:23.715[32m info [39m [caliper] [connectors/v2/FabricGateway] 	Connecting user with identity _WholesalersMSP_User4 to a Network Gateway
2026.08.11-09:26:23.740[32m info [39m [caliper] [connectors/v2/FabricGateway] 	Successfully connected user with identity _WholesalersMSP_User4 to a Network Gateway
2026.08.11-09:26:23.740[32m info [39m [caliper] [connectors/v2/FabricGateway] 	Generating contract map for user _WholesalersMSP_User4
2026.08.11-09:26:23.745[32m info [39m [caliper] [connectors/v2/FabricGateway] 	Successfully connected user with identity _WholesalersMSP_User4 to a Network Gateway
2026.08.11-09:26:23.746[32m info [39m [caliper] [connectors/v2/FabricGateway] 	Generating contract map for user _WholesalersMSP_User4
2026.08.11-09:26:23.760[32m info [39m [caliper] [connectors/v2/FabricGateway] 	Successfully connected user with identity _WholesalersMSP_User4 to a Network Gateway
2026.08.11-09:26:23.761[32m info [39m [caliper] [connectors/v2/FabricGateway] 	Generating contract map for user _WholesalersMSP_User4
2026.08.11-09:26:23.778[32m info [39m [caliper] [connectors/v2/FabricGateway] 	Successfully connected user with identity _WholesalersMSP_User4 to a Network Gateway
2026.08.11-09:26:23.778[32m info [39m [caliper] [connectors/v2/FabricGateway] 	Generating contract map for user _WholesalersMSP_User4
2026.08.11-09:26:23.779[32m info [39m [caliper] [connectors/v2/FabricGateway] 	Successfully connected user with identity _WholesalersMSP_User4 to a Network Gateway
2026.08.11-09:26:23.779[32m info [39m [caliper] [connectors/v2/FabricGateway] 	Generating contract map for user _WholesalersMSP_User4
2026.08.11-09:26:23.789[32m info [39m [caliper] [connectors/v2/FabricGateway] 	Connecting user with identity _WholesalersMSP_User5 to a Network Gateway
2026.08.11-09:26:23.794[32m info [39m [caliper] [connectors/v2/FabricGateway] 	Connecting user with identity _WholesalersMSP_User5 to a Network Gateway
2026.08.11-09:26:23.810[32m info [39m [caliper] [connectors/v2/FabricGateway] 	Connecting user with identity _WholesalersMSP_User5 to a Network Gateway
2026.08.11-09:26:23.825[32m info [39m [caliper] [connectors/v2/FabricGateway] 	Connecting user with identity _WholesalersMSP_User5 to a Network Gateway
2026.08.11-09:26:23.825[32m info [39m [caliper] [connectors/v2/FabricGateway] 	Connecting user with identity _WholesalersMSP_User5 to a Network Gateway
2026.08.11-09:26:23.854[32m info [39m [caliper] [connectors/v2/FabricGateway] 	Successfully connected user with identity _WholesalersMSP_User5 to a Network Gateway
2026.08.11-09:26:23.855[32m info [39m [caliper] [connectors/v2/FabricGateway] 	Generating contract map for user _WholesalersMSP_User5
2026.08.11-09:26:23.861[32m info [39m [caliper] [connectors/v2/FabricGateway] 	Successfully connected user with identity _WholesalersMSP_User5 to a Network Gateway
2026.08.11-09:26:23.862[32m info [39m [caliper] [connectors/v2/FabricGateway] 	Generating contract map for user _WholesalersMSP_User5
2026.08.11-09:26:23.878[32m info [39m [caliper] [connectors/v2/FabricGateway] 	Successfully connected user with identity _WholesalersMSP_User5 to a Network Gateway
2026.08.11-09:26:23.879[32m info [39m [caliper] [connectors/v2/FabricGateway] 	Generating contract map for user _WholesalersMSP_User5
2026.08.11-09:26:23.891[32m info [39m [caliper] [connectors/v2/FabricGateway] 	Successfully connected user with identity _WholesalersMSP_User5 to a Network Gateway
2026.08.11-09:26:23.891[32m info [39m [caliper] [connectors/v2/FabricGateway] 	Successfully connected user with identity _WholesalersMSP_User5 to a Network Gateway
2026.08.11-09:26:23.891[32m info [39m [caliper] [connectors/v2/FabricGateway] 	Generating contract map for user _WholesalersMSP_User5
2026.08.11-09:26:23.891[32m info [39m [caliper] [connectors/v2/FabricGateway] 	Generating contract map for user _WholesalersMSP_User5
2026.08.11-09:26:23.911[32m info [39m [caliper] [caliper-worker] 	Worker #1 starting workload loop
2026.08.11-09:26:23.920[32m info [39m [caliper] [caliper-worker] 	Worker #4 starting workload loop
2026.08.11-09:26:23.937[32m info [39m [caliper] [caliper-worker] 	Worker #0 starting workload loop
2026.08.11-09:26:23.950[32m info [39m [caliper] [caliper-worker] 	Worker #2 starting workload loop
2026.08.11-09:26:23.950[32m info [39m [caliper] [caliper-worker] 	Worker #3 starting workload loop
2026-08-11T09:26:24.682Z - [33mwarn[39m: [TransactionEventHandler]: strategyFail: commit failure for transaction "023992d7b967ccdbe898ca60d07dfd4269a335b3bfdfd1b79a1b584b9960ad72": TransactionError: Commit of transaction 023992d7b967ccdbe898ca60d07dfd4269a335b3bfdfd1b79a1b584b9960ad72 failed on peer peer0.financiers.example.com:7051 with status PHANTOM_READ_CONFLICT
    at TransactionEventHandler.eventCallback (/home/dhanish/fabric_sfc/caliper-bench/node_modules/fabric-network/lib/impl/event/transactioneventhandler.js:111:31)
    at CommitListenerSession.notifyListener (/home/dhanish/fabric_sfc/caliper-bench/node_modules/fabric-network/lib/impl/event/commitlistenersession.js:101:18)
    at EventListener.callback (/home/dhanish/fabric_sfc/caliper-bench/node_modules/fabric-network/lib/impl/event/commitlistenersession.js:92:18)
    at EventListener.onEvent (/home/dhanish/fabric_sfc/caliper-bench/node_modules/fabric-common/lib/EventListener.js:124:10)
    at EventService._callTransactionListener (/home/dhanish/fabric_sfc/caliper-bench/node_modules/fabric-common/lib/EventService.js:1051:16)
    at EventService._processTxEvents (/home/dhanish/fabric_sfc/caliper-bench/node_modules/fabric-common/lib/EventService.js:1006:12)
    at ClientDuplexStreamImpl.<anonymous> (/home/dhanish/fabric_sfc/caliper-bench/node_modules/fabric-common/lib/EventService.js:481:12)
    at ClientDuplexStreamImpl.emit (node:events:517:28)
    at addChunk (node:internal/streams/readable:368:12)
    at readableAddChunk (node:internal/streams/readable:341:9) {
  transactionId: '023992d7b967ccdbe898ca60d07dfd4269a335b3bfdfd1b79a1b584b9960ad72',
  transactionCode: 'PHANTOM_READ_CONFLICT'
}
2026-08-11T09:26:24.682Z - [33mwarn[39m: [TransactionEventHandler]: strategyFail: commit failure for transaction "fb911e3547d290806c5266a040b1164a95ef05fb676481ef0129025e0b2dfbe5": TransactionError: Commit of transaction fb911e3547d290806c5266a040b1164a95ef05fb676481ef0129025e0b2dfbe5 failed on peer peer0.financiers.example.com:7051 with status PHANTOM_READ_CONFLICT
    at TransactionEventHandler.eventCallback (/home/dhanish/fabric_sfc/caliper-bench/node_modules/fabric-network/lib/impl/event/transactioneventhandler.js:111:31)
    at CommitListenerSession.notifyListener (/home/dhanish/fabric_sfc/caliper-bench/node_modules/fabric-network/lib/impl/event/commitlistenersession.js:101:18)
    at EventListener.callback (/home/dhanish/fabric_sfc/caliper-bench/node_modules/fabric-network/lib/impl/event/commitlistenersession.js:92:18)
    at EventListener.onEvent (/home/dhanish/fabric_sfc/caliper-bench/node_modules/fabric-common/lib/EventListener.js:124:10)
    at EventService._callTransactionListener (/home/dhanish/fabric_sfc/caliper-bench/node_modules/fabric-common/lib/EventService.js:1051:16)
    at EventService._processTxEvents (/home/dhanish/fabric_sfc/caliper-bench/node_modules/fabric-common/lib/EventService.js:1006:12)
    at ClientDuplexStreamImpl.<anonymous> (/home/dhanish/fabric_sfc/caliper-bench/node_modules/fabric-common/lib/EventService.js:481:12)
    at ClientDuplexStreamImpl.emit (node:events:517:28)
    at addChunk (node:internal/streams/readable:368:12)
    at readableAddChunk (node:internal/streams/readable:341:9) {
  transactionId: 'fb911e3547d290806c5266a040b1164a95ef05fb676481ef0129025e0b2dfbe5',
  transactionCode: 'PHANTOM_READ_CONFLICT'
}
2026-08-11T09:26:24.685Z - [33mwarn[39m: [TransactionEventHandler]: strategyFail: commit failure for transaction "6b2b0f15ae7a02ac9b198e742f137b0d7a0b90cf9b7427ef5dc5eb8d2e69b41a": TransactionError: Commit of transaction 6b2b0f15ae7a02ac9b198e742f137b0d7a0b90cf9b7427ef5dc5eb8d2e69b41a failed on peer peer0.financiers.example.com:7051 with status PHANTOM_READ_CONFLICT
    at TransactionEventHandler.eventCallback (/home/dhanish/fabric_sfc/caliper-bench/node_modules/fabric-network/lib/impl/event/transactioneventhandler.js:111:31)
    at CommitListenerSession.notifyListener (/home/dhanish/fabric_sfc/caliper-bench/node_modules/fabric-network/lib/impl/event/commitlistenersession.js:101:18)
    at EventListener.callback (/home/dhanish/fabric_sfc/caliper-bench/node_modules/fabric-network/lib/impl/event/commitlistenersession.js:92:18)
    at EventListener.onEvent (/home/dhanish/fabric_sfc/caliper-bench/node_modules/fabric-common/lib/EventListener.js:124:10)
    at EventService._callTransactionListener (/home/dhanish/fabric_sfc/caliper-bench/node_modules/fabric-common/lib/EventService.js:1051:16)
    at EventService._processTxEvents (/home/dhanish/fabric_sfc/caliper-bench/node_modules/fabric-common/lib/EventService.js:1006:12)
    at ClientDuplexStreamImpl.<anonymous> (/home/dhanish/fabric_sfc/caliper-bench/node_modules/fabric-common/lib/EventService.js:481:12)
    at ClientDuplexStreamImpl.emit (node:events:517:28)
    at addChunk (node:internal/streams/readable:368:12)
    at readableAddChunk (node:internal/streams/readable:341:9) {
  transactionId: '6b2b0f15ae7a02ac9b198e742f137b0d7a0b90cf9b7427ef5dc5eb8d2e69b41a',
  transactionCode: 'PHANTOM_READ_CONFLICT'
}
2026.08.11-09:26:24.686[31m error[39m [caliper] [connectors/v2/FabricGateway] 	Failed to perform submit transaction [aggregateGlobalModel] using arguments [finance-qtable-aggregate-4-0,1],  with error: TransactionError: Commit of transaction 023992d7b967ccdbe898ca60d07dfd4269a335b3bfdfd1b79a1b584b9960ad72 failed on peer peer0.financiers.example.com:7051 with status PHANTOM_READ_CONFLICT
    at TransactionEventHandler.eventCallback (/home/dhanish/fabric_sfc/caliper-bench/node_modules/fabric-network/lib/impl/event/transactioneventhandler.js:111:31)
    at CommitListenerSession.notifyListener (/home/dhanish/fabric_sfc/caliper-bench/node_modules/fabric-network/lib/impl/event/commitlistenersession.js:101:18)
    at EventListener.callback (/home/dhanish/fabric_sfc/caliper-bench/node_modules/fabric-network/lib/impl/event/commitlistenersession.js:92:18)
    at EventListener.onEvent (/home/dhanish/fabric_sfc/caliper-bench/node_modules/fabric-common/lib/EventListener.js:124:10)
    at EventService._callTransactionListener (/home/dhanish/fabric_sfc/caliper-bench/node_modules/fabric-common/lib/EventService.js:1051:16)
    at EventService._processTxEvents (/home/dhanish/fabric_sfc/caliper-bench/node_modules/fabric-common/lib/EventService.js:1006:12)
    at ClientDuplexStreamImpl.<anonymous> (/home/dhanish/fabric_sfc/caliper-bench/node_modules/fabric-common/lib/EventService.js:481:12)
    at ClientDuplexStreamImpl.emit (node:events:517:28)
    at addChunk (node:internal/streams/readable:368:12)
    at readableAddChunk (node:internal/streams/readable:341:9)
2026.08.11-09:26:24.686[31m error[39m [caliper] [connectors/v2/FabricGateway] 	Failed to perform submit transaction [aggregateGlobalModel] using arguments [finance-qtable-aggregate-4-0,1],  with error: TransactionError: Commit of transaction 6b2b0f15ae7a02ac9b198e742f137b0d7a0b90cf9b7427ef5dc5eb8d2e69b41a failed on peer peer0.financiers.example.com:7051 with status PHANTOM_READ_CONFLICT
    at TransactionEventHandler.eventCallback (/home/dhanish/fabric_sfc/caliper-bench/node_modules/fabric-network/lib/impl/event/transactioneventhandler.js:111:31)
    at CommitListenerSession.notifyListener (/home/dhanish/fabric_sfc/caliper-bench/node_modules/fabric-network/lib/impl/event/commitlistenersession.js:101:18)
    at EventListener.callback (/home/dhanish/fabric_sfc/caliper-bench/node_modules/fabric-network/lib/impl/event/commitlistenersession.js:92:18)
    at EventListener.onEvent (/home/dhanish/fabric_sfc/caliper-bench/node_modules/fabric-common/lib/EventListener.js:124:10)
    at EventService._callTransactionListener (/home/dhanish/fabric_sfc/caliper-bench/node_modules/fabric-common/lib/EventService.js:1051:16)
    at EventService._processTxEvents (/home/dhanish/fabric_sfc/caliper-bench/node_modules/fabric-common/lib/EventService.js:1006:12)
    at ClientDuplexStreamImpl.<anonymous> (/home/dhanish/fabric_sfc/caliper-bench/node_modules/fabric-common/lib/EventService.js:481:12)
    at ClientDuplexStreamImpl.emit (node:events:517:28)
    at addChunk (node:internal/streams/readable:368:12)
    at readableAddChunk (node:internal/streams/readable:341:9)
2026-08-11T09:26:24.686Z - [33mwarn[39m: [TransactionEventHandler]: strategyFail: commit failure for transaction "fc870f4efcd5f1cd7e786e9f8103dc887e3af40badbdba8c5c09b8c3e412c328": TransactionError: Commit of transaction fc870f4efcd5f1cd7e786e9f8103dc887e3af40badbdba8c5c09b8c3e412c328 failed on peer peer0.financiers.example.com:7051 with status PHANTOM_READ_CONFLICT
    at TransactionEventHandler.eventCallback (/home/dhanish/fabric_sfc/caliper-bench/node_modules/fabric-network/lib/impl/event/transactioneventhandler.js:111:31)
    at CommitListenerSession.notifyListener (/home/dhanish/fabric_sfc/caliper-bench/node_modules/fabric-network/lib/impl/event/commitlistenersession.js:101:18)
    at EventListener.callback (/home/dhanish/fabric_sfc/caliper-bench/node_modules/fabric-network/lib/impl/event/commitlistenersession.js:92:18)
    at EventListener.onEvent (/home/dhanish/fabric_sfc/caliper-bench/node_modules/fabric-common/lib/EventListener.js:124:10)
    at EventService._callTransactionListener (/home/dhanish/fabric_sfc/caliper-bench/node_modules/fabric-common/lib/EventService.js:1051:16)
    at EventService._processTxEvents (/home/dhanish/fabric_sfc/caliper-bench/node_modules/fabric-common/lib/EventService.js:1006:12)
    at ClientDuplexStreamImpl.<anonymous> (/home/dhanish/fabric_sfc/caliper-bench/node_modules/fabric-common/lib/EventService.js:481:12)
    at ClientDuplexStreamImpl.emit (node:events:517:28)
    at addChunk (node:internal/streams/readable:368:12)
    at readableAddChunk (node:internal/streams/readable:341:9) {
  transactionId: 'fc870f4efcd5f1cd7e786e9f8103dc887e3af40badbdba8c5c09b8c3e412c328',
  transactionCode: 'PHANTOM_READ_CONFLICT'
}
2026-08-11T09:26:24.687Z - [33mwarn[39m: [TransactionEventHandler]: strategyFail: commit failure for transaction "721ceb8a73608a5901a727f1251e0aa16128726aee3f8b6205a29d1f34e22694": TransactionError: Commit of transaction 721ceb8a73608a5901a727f1251e0aa16128726aee3f8b6205a29d1f34e22694 failed on peer peer0.financiers.example.com:7051 with status PHANTOM_READ_CONFLICT
    at TransactionEventHandler.eventCallback (/home/dhanish/fabric_sfc/caliper-bench/node_modules/fabric-network/lib/impl/event/transactioneventhandler.js:111:31)
    at CommitListenerSession.notifyListener (/home/dhanish/fabric_sfc/caliper-bench/node_modules/fabric-network/lib/impl/event/commitlistenersession.js:101:18)
    at EventListener.callback (/home/dhanish/fabric_sfc/caliper-bench/node_modules/fabric-network/lib/impl/event/commitlistenersession.js:92:18)
    at EventListener.onEvent (/home/dhanish/fabric_sfc/caliper-bench/node_modules/fabric-common/lib/EventListener.js:124:10)
    at EventService._callTransactionListener (/home/dhanish/fabric_sfc/caliper-bench/node_modules/fabric-common/lib/EventService.js:1051:16)
    at EventService._processTxEvents (/home/dhanish/fabric_sfc/caliper-bench/node_modules/fabric-common/lib/EventService.js:1006:12)
    at ClientDuplexStreamImpl.<anonymous> (/home/dhanish/fabric_sfc/caliper-bench/node_modules/fabric-common/lib/EventService.js:481:12)
    at ClientDuplexStreamImpl.emit (node:events:517:28)
    at addChunk (node:internal/streams/readable:368:12)
    at readableAddChunk (node:internal/streams/readable:341:9) {
  transactionId: '721ceb8a73608a5901a727f1251e0aa16128726aee3f8b6205a29d1f34e22694',
  transactionCode: 'PHANTOM_READ_CONFLICT'
}
2026.08.11-09:26:24.687[31m error[39m [caliper] [connectors/v2/FabricGateway] 	Failed to perform submit transaction [aggregateGlobalModel] using arguments [finance-qtable-aggregate-1-0,1],  with error: TransactionError: Commit of transaction fb911e3547d290806c5266a040b1164a95ef05fb676481ef0129025e0b2dfbe5 failed on peer peer0.financiers.example.com:7051 with status PHANTOM_READ_CONFLICT
    at TransactionEventHandler.eventCallback (/home/dhanish/fabric_sfc/caliper-bench/node_modules/fabric-network/lib/impl/event/transactioneventhandler.js:111:31)
    at CommitListenerSession.notifyListener (/home/dhanish/fabric_sfc/caliper-bench/node_modules/fabric-network/lib/impl/event/commitlistenersession.js:101:18)
    at EventListener.callback (/home/dhanish/fabric_sfc/caliper-bench/node_modules/fabric-network/lib/impl/event/commitlistenersession.js:92:18)
    at EventListener.onEvent (/home/dhanish/fabric_sfc/caliper-bench/node_modules/fabric-common/lib/EventListener.js:124:10)
    at EventService._callTransactionListener (/home/dhanish/fabric_sfc/caliper-bench/node_modules/fabric-common/lib/EventService.js:1051:16)
    at EventService._processTxEvents (/home/dhanish/fabric_sfc/caliper-bench/node_modules/fabric-common/lib/EventService.js:1006:12)
    at ClientDuplexStreamImpl.<anonymous> (/home/dhanish/fabric_sfc/caliper-bench/node_modules/fabric-common/lib/EventService.js:481:12)
    at ClientDuplexStreamImpl.emit (node:events:517:28)
    at addChunk (node:internal/streams/readable:368:12)
    at readableAddChunk (node:internal/streams/readable:341:9)
2026.08.11-09:26:24.688[31m error[39m [caliper] [connectors/v2/FabricGateway] 	Failed to perform submit transaction [aggregateGlobalModel] using arguments [finance-qtable-aggregate-1-0,1],  with error: TransactionError: Commit of transaction fc870f4efcd5f1cd7e786e9f8103dc887e3af40badbdba8c5c09b8c3e412c328 failed on peer peer0.financiers.example.com:7051 with status PHANTOM_READ_CONFLICT
    at TransactionEventHandler.eventCallback (/home/dhanish/fabric_sfc/caliper-bench/node_modules/fabric-network/lib/impl/event/transactioneventhandler.js:111:31)
    at CommitListenerSession.notifyListener (/home/dhanish/fabric_sfc/caliper-bench/node_modules/fabric-network/lib/impl/event/commitlistenersession.js:101:18)
    at EventListener.callback (/home/dhanish/fabric_sfc/caliper-bench/node_modules/fabric-network/lib/impl/event/commitlistenersession.js:92:18)
    at EventListener.onEvent (/home/dhanish/fabric_sfc/caliper-bench/node_modules/fabric-common/lib/EventListener.js:124:10)
    at EventService._callTransactionListener (/home/dhanish/fabric_sfc/caliper-bench/node_modules/fabric-common/lib/EventService.js:1051:16)
    at EventService._processTxEvents (/home/dhanish/fabric_sfc/caliper-bench/node_modules/fabric-common/lib/EventService.js:1006:12)
    at ClientDuplexStreamImpl.<anonymous> (/home/dhanish/fabric_sfc/caliper-bench/node_modules/fabric-common/lib/EventService.js:481:12)
    at ClientDuplexStreamImpl.emit (node:events:517:28)
    at addChunk (node:internal/streams/readable:368:12)
    at readableAddChunk (node:internal/streams/readable:341:9)
2026.08.11-09:26:24.688[31m error[39m [caliper] [connectors/v2/FabricGateway] 	Failed to perform submit transaction [aggregateGlobalModel] using arguments [finance-qtable-aggregate-1-0,1],  with error: TransactionError: Commit of transaction 721ceb8a73608a5901a727f1251e0aa16128726aee3f8b6205a29d1f34e22694 failed on peer peer0.financiers.example.com:7051 with status PHANTOM_READ_CONFLICT
    at TransactionEventHandler.eventCallback (/home/dhanish/fabric_sfc/caliper-bench/node_modules/fabric-network/lib/impl/event/transactioneventhandler.js:111:31)
    at CommitListenerSession.notifyListener (/home/dhanish/fabric_sfc/caliper-bench/node_modules/fabric-network/lib/impl/event/commitlistenersession.js:101:18)
    at EventListener.callback (/home/dhanish/fabric_sfc/caliper-bench/node_modules/fabric-network/lib/impl/event/commitlistenersession.js:92:18)
    at EventListener.onEvent (/home/dhanish/fabric_sfc/caliper-bench/node_modules/fabric-common/lib/EventListener.js:124:10)
    at EventService._callTransactionListener (/home/dhanish/fabric_sfc/caliper-bench/node_modules/fabric-common/lib/EventService.js:1051:16)
    at EventService._processTxEvents (/home/dhanish/fabric_sfc/caliper-bench/node_modules/fabric-common/lib/EventService.js:1006:12)
    at ClientDuplexStreamImpl.<anonymous> (/home/dhanish/fabric_sfc/caliper-bench/node_modules/fabric-common/lib/EventService.js:481:12)
    at ClientDuplexStreamImpl.emit (node:events:517:28)
    at addChunk (node:internal/streams/readable:368:12)
    at readableAddChunk (node:internal/streams/readable:341:9)
2026-08-11T09:26:24.714Z - [33mwarn[39m: [TransactionEventHandler]: strategyFail: commit failure for transaction "f7d9a5c0600674f879dd28ea82c8e6fad8f71d30718658575e64ee5f45dc088b": TransactionError: Commit of transaction f7d9a5c0600674f879dd28ea82c8e6fad8f71d30718658575e64ee5f45dc088b failed on peer peer0.financiers.example.com:7051 with status PHANTOM_READ_CONFLICT
    at TransactionEventHandler.eventCallback (/home/dhanish/fabric_sfc/caliper-bench/node_modules/fabric-network/lib/impl/event/transactioneventhandler.js:111:31)
    at CommitListenerSession.notifyListener (/home/dhanish/fabric_sfc/caliper-bench/node_modules/fabric-network/lib/impl/event/commitlistenersession.js:101:18)
    at EventListener.callback (/home/dhanish/fabric_sfc/caliper-bench/node_modules/fabric-network/lib/impl/event/commitlistenersession.js:92:18)
    at EventListener.onEvent (/home/dhanish/fabric_sfc/caliper-bench/node_modules/fabric-common/lib/EventListener.js:124:10)
    at EventService._callTransactionListener (/home/dhanish/fabric_sfc/caliper-bench/node_modules/fabric-common/lib/EventService.js:1051:16)
    at EventService._processTxEvents (/home/dhanish/fabric_sfc/caliper-bench/node_modules/fabric-common/lib/EventService.js:1006:12)
    at ClientDuplexStreamImpl.<anonymous> (/home/dhanish/fabric_sfc/caliper-bench/node_modules/fabric-common/lib/EventService.js:481:12)
    at ClientDuplexStreamImpl.emit (node:events:517:28)
    at addChunk (node:internal/streams/readable:368:12)
    at readableAddChunk (node:internal/streams/readable:341:9) {
  transactionId: 'f7d9a5c0600674f879dd28ea82c8e6fad8f71d30718658575e64ee5f45dc088b',
  transactionCode: 'PHANTOM_READ_CONFLICT'
}
2026.08.11-09:26:24.715[31m error[39m [caliper] [connectors/v2/FabricGateway] 	Failed to perform submit transaction [aggregateGlobalModel] using arguments [finance-qtable-aggregate-4-0,1],  with error: TransactionError: Commit of transaction f7d9a5c0600674f879dd28ea82c8e6fad8f71d30718658575e64ee5f45dc088b failed on peer peer0.financiers.example.com:7051 with status PHANTOM_READ_CONFLICT
    at TransactionEventHandler.eventCallback (/home/dhanish/fabric_sfc/caliper-bench/node_modules/fabric-network/lib/impl/event/transactioneventhandler.js:111:31)
    at CommitListenerSession.notifyListener (/home/dhanish/fabric_sfc/caliper-bench/node_modules/fabric-network/lib/impl/event/commitlistenersession.js:101:18)
    at EventListener.callback (/home/dhanish/fabric_sfc/caliper-bench/node_modules/fabric-network/lib/impl/event/commitlistenersession.js:92:18)
    at EventListener.onEvent (/home/dhanish/fabric_sfc/caliper-bench/node_modules/fabric-common/lib/EventListener.js:124:10)
    at EventService._callTransactionListener (/home/dhanish/fabric_sfc/caliper-bench/node_modules/fabric-common/lib/EventService.js:1051:16)
    at EventService._processTxEvents (/home/dhanish/fabric_sfc/caliper-bench/node_modules/fabric-common/lib/EventService.js:1006:12)
    at ClientDuplexStreamImpl.<anonymous> (/home/dhanish/fabric_sfc/caliper-bench/node_modules/fabric-common/lib/EventService.js:481:12)
    at ClientDuplexStreamImpl.emit (node:events:517:28)
    at addChunk (node:internal/streams/readable:368:12)
    at readableAddChunk (node:internal/streams/readable:341:9)
2026-08-11T09:26:24.719Z - [33mwarn[39m: [TransactionEventHandler]: strategyFail: commit failure for transaction "8c8939a887caac9a6b802b745776f427e6774162146d6c63721dd08195b189df": TransactionError: Commit of transaction 8c8939a887caac9a6b802b745776f427e6774162146d6c63721dd08195b189df failed on peer peer0.financiers.example.com:7051 with status PHANTOM_READ_CONFLICT
    at TransactionEventHandler.eventCallback (/home/dhanish/fabric_sfc/caliper-bench/node_modules/fabric-network/lib/impl/event/transactioneventhandler.js:111:31)
    at CommitListenerSession.notifyListener (/home/dhanish/fabric_sfc/caliper-bench/node_modules/fabric-network/lib/impl/event/commitlistenersession.js:101:18)
    at EventListener.callback (/home/dhanish/fabric_sfc/caliper-bench/node_modules/fabric-network/lib/impl/event/commitlistenersession.js:92:18)
    at EventListener.onEvent (/home/dhanish/fabric_sfc/caliper-bench/node_modules/fabric-common/lib/EventListener.js:124:10)
    at EventService._callTransactionListener (/home/dhanish/fabric_sfc/caliper-bench/node_modules/fabric-common/lib/EventService.js:1051:16)
    at EventService._processTxEvents (/home/dhanish/fabric_sfc/caliper-bench/node_modules/fabric-common/lib/EventService.js:1006:12)
    at ClientDuplexStreamImpl.<anonymous> (/home/dhanish/fabric_sfc/caliper-bench/node_modules/fabric-common/lib/EventService.js:481:12)
    at ClientDuplexStreamImpl.emit (node:events:517:28)
    at addChunk (node:internal/streams/readable:368:12)
    at readableAddChunk (node:internal/streams/readable:341:9) {
  transactionId: '8c8939a887caac9a6b802b745776f427e6774162146d6c63721dd08195b189df',
  transactionCode: 'PHANTOM_READ_CONFLICT'
}
2026-08-11T09:26:24.720Z - [33mwarn[39m: [TransactionEventHandler]: strategyFail: commit failure for transaction "704bc6874936a2857c223ea857ea0193bae9bf44edb1d165f833bfd1d269507f": TransactionError: Commit of transaction 704bc6874936a2857c223ea857ea0193bae9bf44edb1d165f833bfd1d269507f failed on peer peer0.financiers.example.com:7051 with status PHANTOM_READ_CONFLICT
    at TransactionEventHandler.eventCallback (/home/dhanish/fabric_sfc/caliper-bench/node_modules/fabric-network/lib/impl/event/transactioneventhandler.js:111:31)
    at CommitListenerSession.notifyListener (/home/dhanish/fabric_sfc/caliper-bench/node_modules/fabric-network/lib/impl/event/commitlistenersession.js:101:18)
    at EventListener.callback (/home/dhanish/fabric_sfc/caliper-bench/node_modules/fabric-network/lib/impl/event/commitlistenersession.js:92:18)
    at EventListener.onEvent (/home/dhanish/fabric_sfc/caliper-bench/node_modules/fabric-common/lib/EventListener.js:124:10)
    at EventService._callTransactionListener (/home/dhanish/fabric_sfc/caliper-bench/node_modules/fabric-common/lib/EventService.js:1051:16)
    at EventService._processTxEvents (/home/dhanish/fabric_sfc/caliper-bench/node_modules/fabric-common/lib/EventService.js:1006:12)
    at ClientDuplexStreamImpl.<anonymous> (/home/dhanish/fabric_sfc/caliper-bench/node_modules/fabric-common/lib/EventService.js:481:12)
    at ClientDuplexStreamImpl.emit (node:events:517:28)
    at addChunk (node:internal/streams/readable:368:12)
    at readableAddChunk (node:internal/streams/readable:341:9) {
  transactionId: '704bc6874936a2857c223ea857ea0193bae9bf44edb1d165f833bfd1d269507f',
  transactionCode: 'PHANTOM_READ_CONFLICT'
}
2026-08-11T09:26:24.720Z - [33mwarn[39m: [TransactionEventHandler]: strategyFail: commit failure for transaction "2f9bc4380d1ba317d813cf8ce5d54ac7ff349362c0af17b353e9e2a824740306": TransactionError: Commit of transaction 2f9bc4380d1ba317d813cf8ce5d54ac7ff349362c0af17b353e9e2a824740306 failed on peer peer0.financiers.example.com:7051 with status PHANTOM_READ_CONFLICT
    at TransactionEventHandler.eventCallback (/home/dhanish/fabric_sfc/caliper-bench/node_modules/fabric-network/lib/impl/event/transactioneventhandler.js:111:31)
    at CommitListenerSession.notifyListener (/home/dhanish/fabric_sfc/caliper-bench/node_modules/fabric-network/lib/impl/event/commitlistenersession.js:101:18)
    at EventListener.callback (/home/dhanish/fabric_sfc/caliper-bench/node_modules/fabric-network/lib/impl/event/commitlistenersession.js:92:18)
    at EventListener.onEvent (/home/dhanish/fabric_sfc/caliper-bench/node_modules/fabric-common/lib/EventListener.js:124:10)
    at EventService._callTransactionListener (/home/dhanish/fabric_sfc/caliper-bench/node_modules/fabric-common/lib/EventService.js:1051:16)
    at EventService._processTxEvents (/home/dhanish/fabric_sfc/caliper-bench/node_modules/fabric-common/lib/EventService.js:1006:12)
    at ClientDuplexStreamImpl.<anonymous> (/home/dhanish/fabric_sfc/caliper-bench/node_modules/fabric-common/lib/EventService.js:481:12)
    at ClientDuplexStreamImpl.emit (node:events:517:28)
    at addChunk (node:internal/streams/readable:368:12)
    at readableAddChunk (node:internal/streams/readable:341:9) {
  transactionId: '2f9bc4380d1ba317d813cf8ce5d54ac7ff349362c0af17b353e9e2a824740306',
  transactionCode: 'PHANTOM_READ_CONFLICT'
}
2026-08-11T09:26:24.720Z - [33mwarn[39m: [TransactionEventHandler]: strategyFail: commit failure for transaction "14a699e86f8be7c088116989d75020225b2838367f221e5a7ce574414e6804d4": TransactionError: Commit of transaction 14a699e86f8be7c088116989d75020225b2838367f221e5a7ce574414e6804d4 failed on peer peer0.financiers.example.com:7051 with status PHANTOM_READ_CONFLICT
    at TransactionEventHandler.eventCallback (/home/dhanish/fabric_sfc/caliper-bench/node_modules/fabric-network/lib/impl/event/transactioneventhandler.js:111:31)
    at CommitListenerSession.notifyListener (/home/dhanish/fabric_sfc/caliper-bench/node_modules/fabric-network/lib/impl/event/commitlistenersession.js:101:18)
    at EventListener.callback (/home/dhanish/fabric_sfc/caliper-bench/node_modules/fabric-network/lib/impl/event/commitlistenersession.js:92:18)
    at EventListener.onEvent (/home/dhanish/fabric_sfc/caliper-bench/node_modules/fabric-common/lib/EventListener.js:124:10)
    at EventService._callTransactionListener (/home/dhanish/fabric_sfc/caliper-bench/node_modules/fabric-common/lib/EventService.js:1051:16)
    at EventService._processTxEvents (/home/dhanish/fabric_sfc/caliper-bench/node_modules/fabric-common/lib/EventService.js:1006:12)
    at ClientDuplexStreamImpl.<anonymous> (/home/dhanish/fabric_sfc/caliper-bench/node_modules/fabric-common/lib/EventService.js:481:12)
    at ClientDuplexStreamImpl.emit (node:events:517:28)
    at addChunk (node:internal/streams/readable:368:12)
    at readableAddChunk (node:internal/streams/readable:341:9) {
  transactionId: '14a699e86f8be7c088116989d75020225b2838367f221e5a7ce574414e6804d4',
  transactionCode: 'PHANTOM_READ_CONFLICT'
}
2026-08-11T09:26:24.721Z - [33mwarn[39m: [TransactionEventHandler]: strategyFail: commit failure for transaction "e6adf998413b87982977b889d18791b6137ac26c6e691d6fbeec2347e834e0e9": TransactionError: Commit of transaction e6adf998413b87982977b889d18791b6137ac26c6e691d6fbeec2347e834e0e9 failed on peer peer0.financiers.example.com:7051 with status PHANTOM_READ_CONFLICT
    at TransactionEventHandler.eventCallback (/home/dhanish/fabric_sfc/caliper-bench/node_modules/fabric-network/lib/impl/event/transactioneventhandler.js:111:31)
    at CommitListenerSession.notifyListener (/home/dhanish/fabric_sfc/caliper-bench/node_modules/fabric-network/lib/impl/event/commitlistenersession.js:101:18)
    at EventListener.callback (/home/dhanish/fabric_sfc/caliper-bench/node_modules/fabric-network/lib/impl/event/commitlistenersession.js:92:18)
    at EventListener.onEvent (/home/dhanish/fabric_sfc/caliper-bench/node_modules/fabric-common/lib/EventListener.js:124:10)
    at EventService._callTransactionListener (/home/dhanish/fabric_sfc/caliper-bench/node_modules/fabric-common/lib/EventService.js:1051:16)
    at EventService._processTxEvents (/home/dhanish/fabric_sfc/caliper-bench/node_modules/fabric-common/lib/EventService.js:1006:12)
    at ClientDuplexStreamImpl.<anonymous> (/home/dhanish/fabric_sfc/caliper-bench/node_modules/fabric-common/lib/EventService.js:481:12)
    at ClientDuplexStreamImpl.emit (node:events:517:28)
    at addChunk (node:internal/streams/readable:368:12)
    at readableAddChunk (node:internal/streams/readable:341:9) {
  transactionId: 'e6adf998413b87982977b889d18791b6137ac26c6e691d6fbeec2347e834e0e9',
  transactionCode: 'PHANTOM_READ_CONFLICT'
}
2026.08.11-09:26:24.721[31m error[39m [caliper] [connectors/v2/FabricGateway] 	Failed to perform submit transaction [aggregateGlobalModel] using arguments [finance-qtable-aggregate-1-0,1],  with error: TransactionError: Commit of transaction 704bc6874936a2857c223ea857ea0193bae9bf44edb1d165f833bfd1d269507f failed on peer peer0.financiers.example.com:7051 with status PHANTOM_READ_CONFLICT
    at TransactionEventHandler.eventCallback (/home/dhanish/fabric_sfc/caliper-bench/node_modules/fabric-network/lib/impl/event/transactioneventhandler.js:111:31)
    at CommitListenerSession.notifyListener (/home/dhanish/fabric_sfc/caliper-bench/node_modules/fabric-network/lib/impl/event/commitlistenersession.js:101:18)
    at EventListener.callback (/home/dhanish/fabric_sfc/caliper-bench/node_modules/fabric-network/lib/impl/event/commitlistenersession.js:92:18)
    at EventListener.onEvent (/home/dhanish/fabric_sfc/caliper-bench/node_modules/fabric-common/lib/EventListener.js:124:10)
    at EventService._callTransactionListener (/home/dhanish/fabric_sfc/caliper-bench/node_modules/fabric-common/lib/EventService.js:1051:16)
    at EventService._processTxEvents (/home/dhanish/fabric_sfc/caliper-bench/node_modules/fabric-common/lib/EventService.js:1006:12)
    at ClientDuplexStreamImpl.<anonymous> (/home/dhanish/fabric_sfc/caliper-bench/node_modules/fabric-common/lib/EventService.js:481:12)
    at ClientDuplexStreamImpl.emit (node:events:517:28)
    at addChunk (node:internal/streams/readable:368:12)
    at readableAddChunk (node:internal/streams/readable:341:9)
2026.08.11-09:26:24.721[31m error[39m [caliper] [connectors/v2/FabricGateway] 	Failed to perform submit transaction [aggregateGlobalModel] using arguments [finance-qtable-aggregate-1-0,1],  with error: TransactionError: Commit of transaction 14a699e86f8be7c088116989d75020225b2838367f221e5a7ce574414e6804d4 failed on peer peer0.financiers.example.com:7051 with status PHANTOM_READ_CONFLICT
    at TransactionEventHandler.eventCallback (/home/dhanish/fabric_sfc/caliper-bench/node_modules/fabric-network/lib/impl/event/transactioneventhandler.js:111:31)
    at CommitListenerSession.notifyListener (/home/dhanish/fabric_sfc/caliper-bench/node_modules/fabric-network/lib/impl/event/commitlistenersession.js:101:18)
    at EventListener.callback (/home/dhanish/fabric_sfc/caliper-bench/node_modules/fabric-network/lib/impl/event/commitlistenersession.js:92:18)
    at EventListener.onEvent (/home/dhanish/fabric_sfc/caliper-bench/node_modules/fabric-common/lib/EventListener.js:124:10)
    at EventService._callTransactionListener (/home/dhanish/fabric_sfc/caliper-bench/node_modules/fabric-common/lib/EventService.js:1051:16)
    at EventService._processTxEvents (/home/dhanish/fabric_sfc/caliper-bench/node_modules/fabric-common/lib/EventService.js:1006:12)
    at ClientDuplexStreamImpl.<anonymous> (/home/dhanish/fabric_sfc/caliper-bench/node_modules/fabric-common/lib/EventService.js:481:12)
    at ClientDuplexStreamImpl.emit (node:events:517:28)
    at addChunk (node:internal/streams/readable:368:12)
    at readableAddChunk (node:internal/streams/readable:341:9)
2026.08.11-09:26:24.721[31m error[39m [caliper] [connectors/v2/FabricGateway] 	Failed to perform submit transaction [aggregateGlobalModel] using arguments [finance-qtable-aggregate-2-0,1],  with error: TransactionError: Commit of transaction 2f9bc4380d1ba317d813cf8ce5d54ac7ff349362c0af17b353e9e2a824740306 failed on peer peer0.financiers.example.com:7051 with status PHANTOM_READ_CONFLICT
    at TransactionEventHandler.eventCallback (/home/dhanish/fabric_sfc/caliper-bench/node_modules/fabric-network/lib/impl/event/transactioneventhandler.js:111:31)
    at CommitListenerSession.notifyListener (/home/dhanish/fabric_sfc/caliper-bench/node_modules/fabric-network/lib/impl/event/commitlistenersession.js:101:18)
    at EventListener.callback (/home/dhanish/fabric_sfc/caliper-bench/node_modules/fabric-network/lib/impl/event/commitlistenersession.js:92:18)
    at EventListener.onEvent (/home/dhanish/fabric_sfc/caliper-bench/node_modules/fabric-common/lib/EventListener.js:124:10)
    at EventService._callTransactionListener (/home/dhanish/fabric_sfc/caliper-bench/node_modules/fabric-common/lib/EventService.js:1051:16)
    at EventService._processTxEvents (/home/dhanish/fabric_sfc/caliper-bench/node_modules/fabric-common/lib/EventService.js:1006:12)
    at ClientDuplexStreamImpl.<anonymous> (/home/dhanish/fabric_sfc/caliper-bench/node_modules/fabric-common/lib/EventService.js:481:12)
    at ClientDuplexStreamImpl.emit (node:events:517:28)
    at addChunk (node:internal/streams/readable:368:12)
    at readableAddChunk (node:internal/streams/readable:341:9)
2026-08-11T09:26:24.722Z - [33mwarn[39m: [TransactionEventHandler]: strategyFail: commit failure for transaction "945c2d0f886f2513091fecc86a402aadb422c8b45656837d31e2b2323dd6e103": TransactionError: Commit of transaction 945c2d0f886f2513091fecc86a402aadb422c8b45656837d31e2b2323dd6e103 failed on peer peer0.financiers.example.com:7051 with status PHANTOM_READ_CONFLICT
    at TransactionEventHandler.eventCallback (/home/dhanish/fabric_sfc/caliper-bench/node_modules/fabric-network/lib/impl/event/transactioneventhandler.js:111:31)
    at CommitListenerSession.notifyListener (/home/dhanish/fabric_sfc/caliper-bench/node_modules/fabric-network/lib/impl/event/commitlistenersession.js:101:18)
    at EventListener.callback (/home/dhanish/fabric_sfc/caliper-bench/node_modules/fabric-network/lib/impl/event/commitlistenersession.js:92:18)
    at EventListener.onEvent (/home/dhanish/fabric_sfc/caliper-bench/node_modules/fabric-common/lib/EventListener.js:124:10)
    at EventService._callTransactionListener (/home/dhanish/fabric_sfc/caliper-bench/node_modules/fabric-common/lib/EventService.js:1051:16)
    at EventService._processTxEvents (/home/dhanish/fabric_sfc/caliper-bench/node_modules/fabric-common/lib/EventService.js:1006:12)
    at ClientDuplexStreamImpl.<anonymous> (/home/dhanish/fabric_sfc/caliper-bench/node_modules/fabric-common/lib/EventService.js:481:12)
    at ClientDuplexStreamImpl.emit (node:events:517:28)
    at addChunk (node:internal/streams/readable:368:12)
    at readableAddChunk (node:internal/streams/readable:341:9) {
  transactionId: '945c2d0f886f2513091fecc86a402aadb422c8b45656837d31e2b2323dd6e103',
  transactionCode: 'PHANTOM_READ_CONFLICT'
}
2026-08-11T09:26:24.722Z - [33mwarn[39m: [TransactionEventHandler]: strategyFail: commit failure for transaction "fe1026018d37d268825971c6ec028f9cd2be60b65658f2ae4a8f19a08dbe050b": TransactionError: Commit of transaction fe1026018d37d268825971c6ec028f9cd2be60b65658f2ae4a8f19a08dbe050b failed on peer peer0.financiers.example.com:7051 with status PHANTOM_READ_CONFLICT
    at TransactionEventHandler.eventCallback (/home/dhanish/fabric_sfc/caliper-bench/node_modules/fabric-network/lib/impl/event/transactioneventhandler.js:111:31)
    at CommitListenerSession.notifyListener (/home/dhanish/fabric_sfc/caliper-bench/node_modules/fabric-network/lib/impl/event/commitlistenersession.js:101:18)
    at EventListener.callback (/home/dhanish/fabric_sfc/caliper-bench/node_modules/fabric-network/lib/impl/event/commitlistenersession.js:92:18)
    at EventListener.onEvent (/home/dhanish/fabric_sfc/caliper-bench/node_modules/fabric-common/lib/EventListener.js:124:10)
    at EventService._callTransactionListener (/home/dhanish/fabric_sfc/caliper-bench/node_modules/fabric-common/lib/EventService.js:1051:16)
    at EventService._processTxEvents (/home/dhanish/fabric_sfc/caliper-bench/node_modules/fabric-common/lib/EventService.js:1006:12)
    at ClientDuplexStreamImpl.<anonymous> (/home/dhanish/fabric_sfc/caliper-bench/node_modules/fabric-common/lib/EventService.js:481:12)
    at ClientDuplexStreamImpl.emit (node:events:517:28)
    at addChunk (node:internal/streams/readable:368:12)
    at readableAddChunk (node:internal/streams/readable:341:9) {
  transactionId: 'fe1026018d37d268825971c6ec028f9cd2be60b65658f2ae4a8f19a08dbe050b',
  transactionCode: 'PHANTOM_READ_CONFLICT'
}
2026.08.11-09:26:24.722[31m error[39m [caliper] [connectors/v2/FabricGateway] 	Failed to perform submit transaction [aggregateGlobalModel] using arguments [finance-qtable-aggregate-0-0,1],  with error: TransactionError: Commit of transaction 8c8939a887caac9a6b802b745776f427e6774162146d6c63721dd08195b189df failed on peer peer0.financiers.example.com:7051 with status PHANTOM_READ_CONFLICT
    at TransactionEventHandler.eventCallback (/home/dhanish/fabric_sfc/caliper-bench/node_modules/fabric-network/lib/impl/event/transactioneventhandler.js:111:31)
    at CommitListenerSession.notifyListener (/home/dhanish/fabric_sfc/caliper-bench/node_modules/fabric-network/lib/impl/event/commitlistenersession.js:101:18)
    at EventListener.callback (/home/dhanish/fabric_sfc/caliper-bench/node_modules/fabric-network/lib/impl/event/commitlistenersession.js:92:18)
    at EventListener.onEvent (/home/dhanish/fabric_sfc/caliper-bench/node_modules/fabric-common/lib/EventListener.js:124:10)
    at EventService._callTransactionListener (/home/dhanish/fabric_sfc/caliper-bench/node_modules/fabric-common/lib/EventService.js:1051:16)
    at EventService._processTxEvents (/home/dhanish/fabric_sfc/caliper-bench/node_modules/fabric-common/lib/EventService.js:1006:12)
    at ClientDuplexStreamImpl.<anonymous> (/home/dhanish/fabric_sfc/caliper-bench/node_modules/fabric-common/lib/EventService.js:481:12)
    at ClientDuplexStreamImpl.emit (node:events:517:28)
    at addChunk (node:internal/streams/readable:368:12)
    at readableAddChunk (node:internal/streams/readable:341:9)
2026.08.11-09:26:24.723[31m error[39m [caliper] [connectors/v2/FabricGateway] 	Failed to perform submit transaction [aggregateGlobalModel] using arguments [finance-qtable-aggregate-0-0,1],  with error: TransactionError: Commit of transaction e6adf998413b87982977b889d18791b6137ac26c6e691d6fbeec2347e834e0e9 failed on peer peer0.financiers.example.com:7051 with status PHANTOM_READ_CONFLICT
    at TransactionEventHandler.eventCallback (/home/dhanish/fabric_sfc/caliper-bench/node_modules/fabric-network/lib/impl/event/transactioneventhandler.js:111:31)
    at CommitListenerSession.notifyListener (/home/dhanish/fabric_sfc/caliper-bench/node_modules/fabric-network/lib/impl/event/commitlistenersession.js:101:18)
    at EventListener.callback (/home/dhanish/fabric_sfc/caliper-bench/node_modules/fabric-network/lib/impl/event/commitlistenersession.js:92:18)
    at EventListener.onEvent (/home/dhanish/fabric_sfc/caliper-bench/node_modules/fabric-common/lib/EventListener.js:124:10)
    at EventService._callTransactionListener (/home/dhanish/fabric_sfc/caliper-bench/node_modules/fabric-common/lib/EventService.js:1051:16)
    at EventService._processTxEvents (/home/dhanish/fabric_sfc/caliper-bench/node_modules/fabric-common/lib/EventService.js:1006:12)
    at ClientDuplexStreamImpl.<anonymous> (/home/dhanish/fabric_sfc/caliper-bench/node_modules/fabric-common/lib/EventService.js:481:12)
    at ClientDuplexStreamImpl.emit (node:events:517:28)
    at addChunk (node:internal/streams/readable:368:12)
    at readableAddChunk (node:internal/streams/readable:341:9)
2026.08.11-09:26:24.723[31m error[39m [caliper] [connectors/v2/FabricGateway] 	Failed to perform submit transaction [aggregateGlobalModel] using arguments [finance-qtable-aggregate-0-0,1],  with error: TransactionError: Commit of transaction 945c2d0f886f2513091fecc86a402aadb422c8b45656837d31e2b2323dd6e103 failed on peer peer0.financiers.example.com:7051 with status PHANTOM_READ_CONFLICT
    at TransactionEventHandler.eventCallback (/home/dhanish/fabric_sfc/caliper-bench/node_modules/fabric-network/lib/impl/event/transactioneventhandler.js:111:31)
    at CommitListenerSession.notifyListener (/home/dhanish/fabric_sfc/caliper-bench/node_modules/fabric-network/lib/impl/event/commitlistenersession.js:101:18)
    at EventListener.callback (/home/dhanish/fabric_sfc/caliper-bench/node_modules/fabric-network/lib/impl/event/commitlistenersession.js:92:18)
    at EventListener.onEvent (/home/dhanish/fabric_sfc/caliper-bench/node_modules/fabric-common/lib/EventListener.js:124:10)
    at EventService._callTransactionListener (/home/dhanish/fabric_sfc/caliper-bench/node_modules/fabric-common/lib/EventService.js:1051:16)
    at EventService._processTxEvents (/home/dhanish/fabric_sfc/caliper-bench/node_modules/fabric-common/lib/EventService.js:1006:12)
    at ClientDuplexStreamImpl.<anonymous> (/home/dhanish/fabric_sfc/caliper-bench/node_modules/fabric-common/lib/EventService.js:481:12)
    at ClientDuplexStreamImpl.emit (node:events:517:28)
    at addChunk (node:internal/streams/readable:368:12)
    at readableAddChunk (node:internal/streams/readable:341:9)
2026.08.11-09:26:24.723[31m error[39m [caliper] [connectors/v2/FabricGateway] 	Failed to perform submit transaction [aggregateGlobalModel] using arguments [finance-qtable-aggregate-0-0,1],  with error: TransactionError: Commit of transaction fe1026018d37d268825971c6ec028f9cd2be60b65658f2ae4a8f19a08dbe050b failed on peer peer0.financiers.example.com:7051 with status PHANTOM_READ_CONFLICT
    at TransactionEventHandler.eventCallback (/home/dhanish/fabric_sfc/caliper-bench/node_modules/fabric-network/lib/impl/event/transactioneventhandler.js:111:31)
    at CommitListenerSession.notifyListener (/home/dhanish/fabric_sfc/caliper-bench/node_modules/fabric-network/lib/impl/event/commitlistenersession.js:101:18)
    at EventListener.callback (/home/dhanish/fabric_sfc/caliper-bench/node_modules/fabric-network/lib/impl/event/commitlistenersession.js:92:18)
    at EventListener.onEvent (/home/dhanish/fabric_sfc/caliper-bench/node_modules/fabric-common/lib/EventListener.js:124:10)
    at EventService._callTransactionListener (/home/dhanish/fabric_sfc/caliper-bench/node_modules/fabric-common/lib/EventService.js:1051:16)
    at EventService._processTxEvents (/home/dhanish/fabric_sfc/caliper-bench/node_modules/fabric-common/lib/EventService.js:1006:12)
    at ClientDuplexStreamImpl.<anonymous> (/home/dhanish/fabric_sfc/caliper-bench/node_modules/fabric-common/lib/EventService.js:481:12)
    at ClientDuplexStreamImpl.emit (node:events:517:28)
    at addChunk (node:internal/streams/readable:368:12)
    at readableAddChunk (node:internal/streams/readable:341:9)
2026-08-11T09:26:24.744Z - [33mwarn[39m: [TransactionEventHandler]: strategyFail: commit failure for transaction "b0d31866a9b22f853eb2059b5c25777505e82f859d009ec2577bb040867332c5": TransactionError: Commit of transaction b0d31866a9b22f853eb2059b5c25777505e82f859d009ec2577bb040867332c5 failed on peer peer0.financiers.example.com:7051 with status PHANTOM_READ_CONFLICT
    at TransactionEventHandler.eventCallback (/home/dhanish/fabric_sfc/caliper-bench/node_modules/fabric-network/lib/impl/event/transactioneventhandler.js:111:31)
    at CommitListenerSession.notifyListener (/home/dhanish/fabric_sfc/caliper-bench/node_modules/fabric-network/lib/impl/event/commitlistenersession.js:101:18)
    at EventListener.callback (/home/dhanish/fabric_sfc/caliper-bench/node_modules/fabric-network/lib/impl/event/commitlistenersession.js:92:18)
    at EventListener.onEvent (/home/dhanish/fabric_sfc/caliper-bench/node_modules/fabric-common/lib/EventListener.js:124:10)
    at EventService._callTransactionListener (/home/dhanish/fabric_sfc/caliper-bench/node_modules/fabric-common/lib/EventService.js:1051:16)
    at EventService._processTxEvents (/home/dhanish/fabric_sfc/caliper-bench/node_modules/fabric-common/lib/EventService.js:1006:12)
    at ClientDuplexStreamImpl.<anonymous> (/home/dhanish/fabric_sfc/caliper-bench/node_modules/fabric-common/lib/EventService.js:481:12)
    at ClientDuplexStreamImpl.emit (node:events:517:28)
    at addChunk (node:internal/streams/readable:368:12)
    at readableAddChunk (node:internal/streams/readable:341:9) {
  transactionId: 'b0d31866a9b22f853eb2059b5c25777505e82f859d009ec2577bb040867332c5',
  transactionCode: 'PHANTOM_READ_CONFLICT'
}
2026.08.11-09:26:24.745[31m error[39m [caliper] [connectors/v2/FabricGateway] 	Failed to perform submit transaction [aggregateGlobalModel] using arguments [finance-qtable-aggregate-2-0,1],  with error: TransactionError: Commit of transaction b0d31866a9b22f853eb2059b5c25777505e82f859d009ec2577bb040867332c5 failed on peer peer0.financiers.example.com:7051 with status PHANTOM_READ_CONFLICT
    at TransactionEventHandler.eventCallback (/home/dhanish/fabric_sfc/caliper-bench/node_modules/fabric-network/lib/impl/event/transactioneventhandler.js:111:31)
    at CommitListenerSession.notifyListener (/home/dhanish/fabric_sfc/caliper-bench/node_modules/fabric-network/lib/impl/event/commitlistenersession.js:101:18)
    at EventListener.callback (/home/dhanish/fabric_sfc/caliper-bench/node_modules/fabric-network/lib/impl/event/commitlistenersession.js:92:18)
    at EventListener.onEvent (/home/dhanish/fabric_sfc/caliper-bench/node_modules/fabric-common/lib/EventListener.js:124:10)
    at EventService._callTransactionListener (/home/dhanish/fabric_sfc/caliper-bench/node_modules/fabric-common/lib/EventService.js:1051:16)
    at EventService._processTxEvents (/home/dhanish/fabric_sfc/caliper-bench/node_modules/fabric-common/lib/EventService.js:1006:12)
    at ClientDuplexStreamImpl.<anonymous> (/home/dhanish/fabric_sfc/caliper-bench/node_modules/fabric-common/lib/EventService.js:481:12)
    at ClientDuplexStreamImpl.emit (node:events:517:28)
    at addChunk (node:internal/streams/readable:368:12)
    at readableAddChunk (node:internal/streams/readable:341:9)
2026-08-11T09:26:24.745Z - [33mwarn[39m: [TransactionEventHandler]: strategyFail: commit failure for transaction "83e7c523fe1853dd0175f56a98ec2c6c57b1670b2a2fdb76d71ebed454d8841c": TransactionError: Commit of transaction 83e7c523fe1853dd0175f56a98ec2c6c57b1670b2a2fdb76d71ebed454d8841c failed on peer peer0.financiers.example.com:7051 with status PHANTOM_READ_CONFLICT
    at TransactionEventHandler.eventCallback (/home/dhanish/fabric_sfc/caliper-bench/node_modules/fabric-network/lib/impl/event/transactioneventhandler.js:111:31)
    at CommitListenerSession.notifyListener (/home/dhanish/fabric_sfc/caliper-bench/node_modules/fabric-network/lib/impl/event/commitlistenersession.js:101:18)
    at EventListener.callback (/home/dhanish/fabric_sfc/caliper-bench/node_modules/fabric-network/lib/impl/event/commitlistenersession.js:92:18)
    at EventListener.onEvent (/home/dhanish/fabric_sfc/caliper-bench/node_modules/fabric-common/lib/EventListener.js:124:10)
    at EventService._callTransactionListener (/home/dhanish/fabric_sfc/caliper-bench/node_modules/fabric-common/lib/EventService.js:1051:16)
    at EventService._processTxEvents (/home/dhanish/fabric_sfc/caliper-bench/node_modules/fabric-common/lib/EventService.js:1006:12)
    at ClientDuplexStreamImpl.<anonymous> (/home/dhanish/fabric_sfc/caliper-bench/node_modules/fabric-common/lib/EventService.js:481:12)
    at ClientDuplexStreamImpl.emit (node:events:517:28)
    at addChunk (node:internal/streams/readable:368:12)
    at readableAddChunk (node:internal/streams/readable:341:9) {
  transactionId: '83e7c523fe1853dd0175f56a98ec2c6c57b1670b2a2fdb76d71ebed454d8841c',
  transactionCode: 'PHANTOM_READ_CONFLICT'
}
2026-08-11T09:26:24.746Z - [33mwarn[39m: [TransactionEventHandler]: strategyFail: commit failure for transaction "d0de9ca8b3831e67dcc9f4cf64ca1ad4a0d2536ffa3cd76e1a4a704959a3e724": TransactionError: Commit of transaction d0de9ca8b3831e67dcc9f4cf64ca1ad4a0d2536ffa3cd76e1a4a704959a3e724 failed on peer peer0.financiers.example.com:7051 with status PHANTOM_READ_CONFLICT
    at TransactionEventHandler.eventCallback (/home/dhanish/fabric_sfc/caliper-bench/node_modules/fabric-network/lib/impl/event/transactioneventhandler.js:111:31)
    at CommitListenerSession.notifyListener (/home/dhanish/fabric_sfc/caliper-bench/node_modules/fabric-network/lib/impl/event/commitlistenersession.js:101:18)
    at EventListener.callback (/home/dhanish/fabric_sfc/caliper-bench/node_modules/fabric-network/lib/impl/event/commitlistenersession.js:92:18)
    at EventListener.onEvent (/home/dhanish/fabric_sfc/caliper-bench/node_modules/fabric-common/lib/EventListener.js:124:10)
    at EventService._callTransactionListener (/home/dhanish/fabric_sfc/caliper-bench/node_modules/fabric-common/lib/EventService.js:1051:16)
    at EventService._processTxEvents (/home/dhanish/fabric_sfc/caliper-bench/node_modules/fabric-common/lib/EventService.js:1006:12)
    at ClientDuplexStreamImpl.<anonymous> (/home/dhanish/fabric_sfc/caliper-bench/node_modules/fabric-common/lib/EventService.js:481:12)
    at ClientDuplexStreamImpl.emit (node:events:517:28)
    at addChunk (node:internal/streams/readable:368:12)
    at readableAddChunk (node:internal/streams/readable:341:9) {
  transactionId: 'd0de9ca8b3831e67dcc9f4cf64ca1ad4a0d2536ffa3cd76e1a4a704959a3e724',
  transactionCode: 'PHANTOM_READ_CONFLICT'
}
2026.08.11-09:26:24.746[31m error[39m [caliper] [connectors/v2/FabricGateway] 	Failed to perform submit transaction [aggregateGlobalModel] using arguments [finance-qtable-aggregate-1-0,1],  with error: TransactionError: Commit of transaction 83e7c523fe1853dd0175f56a98ec2c6c57b1670b2a2fdb76d71ebed454d8841c failed on peer peer0.financiers.example.com:7051 with status PHANTOM_READ_CONFLICT
    at TransactionEventHandler.eventCallback (/home/dhanish/fabric_sfc/caliper-bench/node_modules/fabric-network/lib/impl/event/transactioneventhandler.js:111:31)
    at CommitListenerSession.notifyListener (/home/dhanish/fabric_sfc/caliper-bench/node_modules/fabric-network/lib/impl/event/commitlistenersession.js:101:18)
    at EventListener.callback (/home/dhanish/fabric_sfc/caliper-bench/node_modules/fabric-network/lib/impl/event/commitlistenersession.js:92:18)
    at EventListener.onEvent (/home/dhanish/fabric_sfc/caliper-bench/node_modules/fabric-common/lib/EventListener.js:124:10)
    at EventService._callTransactionListener (/home/dhanish/fabric_sfc/caliper-bench/node_modules/fabric-common/lib/EventService.js:1051:16)
    at EventService._processTxEvents (/home/dhanish/fabric_sfc/caliper-bench/node_modules/fabric-common/lib/EventService.js:1006:12)
    at ClientDuplexStreamImpl.<anonymous> (/home/dhanish/fabric_sfc/caliper-bench/node_modules/fabric-common/lib/EventService.js:481:12)
    at ClientDuplexStreamImpl.emit (node:events:517:28)
    at addChunk (node:internal/streams/readable:368:12)
    at readableAddChunk (node:internal/streams/readable:341:9)
2026.08.11-09:26:24.747[31m error[39m [caliper] [connectors/v2/FabricGateway] 	Failed to perform submit transaction [aggregateGlobalModel] using arguments [finance-qtable-aggregate-1-0,1],  with error: TransactionError: Commit of transaction d0de9ca8b3831e67dcc9f4cf64ca1ad4a0d2536ffa3cd76e1a4a704959a3e724 failed on peer peer0.financiers.example.com:7051 with status PHANTOM_READ_CONFLICT
    at TransactionEventHandler.eventCallback (/home/dhanish/fabric_sfc/caliper-bench/node_modules/fabric-network/lib/impl/event/transactioneventhandler.js:111:31)
    at CommitListenerSession.notifyListener (/home/dhanish/fabric_sfc/caliper-bench/node_modules/fabric-network/lib/impl/event/commitlistenersession.js:101:18)
    at EventListener.callback (/home/dhanish/fabric_sfc/caliper-bench/node_modules/fabric-network/lib/impl/event/commitlistenersession.js:92:18)
    at EventListener.onEvent (/home/dhanish/fabric_sfc/caliper-bench/node_modules/fabric-common/lib/EventListener.js:124:10)
    at EventService._callTransactionListener (/home/dhanish/fabric_sfc/caliper-bench/node_modules/fabric-common/lib/EventService.js:1051:16)
    at EventService._processTxEvents (/home/dhanish/fabric_sfc/caliper-bench/node_modules/fabric-common/lib/EventService.js:1006:12)
    at ClientDuplexStreamImpl.<anonymous> (/home/dhanish/fabric_sfc/caliper-bench/node_modules/fabric-common/lib/EventService.js:481:12)
    at ClientDuplexStreamImpl.emit (node:events:517:28)
    at addChunk (node:internal/streams/readable:368:12)
    at readableAddChunk (node:internal/streams/readable:341:9)
2026-08-11T09:26:24.747Z - [33mwarn[39m: [TransactionEventHandler]: strategyFail: commit failure for transaction "28d49bd69667c9a175b8a2a552569106d66d11f94831d4b7fe0870ddb22ae9b4": TransactionError: Commit of transaction 28d49bd69667c9a175b8a2a552569106d66d11f94831d4b7fe0870ddb22ae9b4 failed on peer peer0.financiers.example.com:7051 with status PHANTOM_READ_CONFLICT
    at TransactionEventHandler.eventCallback (/home/dhanish/fabric_sfc/caliper-bench/node_modules/fabric-network/lib/impl/event/transactioneventhandler.js:111:31)
    at CommitListenerSession.notifyListener (/home/dhanish/fabric_sfc/caliper-bench/node_modules/fabric-network/lib/impl/event/commitlistenersession.js:101:18)
    at EventListener.callback (/home/dhanish/fabric_sfc/caliper-bench/node_modules/fabric-network/lib/impl/event/commitlistenersession.js:92:18)
    at EventListener.onEvent (/home/dhanish/fabric_sfc/caliper-bench/node_modules/fabric-common/lib/EventListener.js:124:10)
    at EventService._callTransactionListener (/home/dhanish/fabric_sfc/caliper-bench/node_modules/fabric-common/lib/EventService.js:1051:16)
    at EventService._processTxEvents (/home/dhanish/fabric_sfc/caliper-bench/node_modules/fabric-common/lib/EventService.js:1006:12)
    at ClientDuplexStreamImpl.<anonymous> (/home/dhanish/fabric_sfc/caliper-bench/node_modules/fabric-common/lib/EventService.js:481:12)
    at ClientDuplexStreamImpl.emit (node:events:517:28)
    at addChunk (node:internal/streams/readable:368:12)
    at readableAddChunk (node:internal/streams/readable:341:9) {
  transactionId: '28d49bd69667c9a175b8a2a552569106d66d11f94831d4b7fe0870ddb22ae9b4',
  transactionCode: 'PHANTOM_READ_CONFLICT'
}
2026-08-11T09:26:24.748Z - [33mwarn[39m: [TransactionEventHandler]: strategyFail: commit failure for transaction "006bc9fa020e2373079655e3212f493bd8ef366efd7135c19fb3bbc6f3245903": TransactionError: Commit of transaction 006bc9fa020e2373079655e3212f493bd8ef366efd7135c19fb3bbc6f3245903 failed on peer peer0.financiers.example.com:7051 with status PHANTOM_READ_CONFLICT
    at TransactionEventHandler.eventCallback (/home/dhanish/fabric_sfc/caliper-bench/node_modules/fabric-network/lib/impl/event/transactioneventhandler.js:111:31)
    at CommitListenerSession.notifyListener (/home/dhanish/fabric_sfc/caliper-bench/node_modules/fabric-network/lib/impl/event/commitlistenersession.js:101:18)
    at EventListener.callback (/home/dhanish/fabric_sfc/caliper-bench/node_modules/fabric-network/lib/impl/event/commitlistenersession.js:92:18)
    at EventListener.onEvent (/home/dhanish/fabric_sfc/caliper-bench/node_modules/fabric-common/lib/EventListener.js:124:10)
    at EventService._callTransactionListener (/home/dhanish/fabric_sfc/caliper-bench/node_modules/fabric-common/lib/EventService.js:1051:16)
    at EventService._processTxEvents (/home/dhanish/fabric_sfc/caliper-bench/node_modules/fabric-common/lib/EventService.js:1006:12)
    at ClientDuplexStreamImpl.<anonymous> (/home/dhanish/fabric_sfc/caliper-bench/node_modules/fabric-common/lib/EventService.js:481:12)
    at ClientDuplexStreamImpl.emit (node:events:517:28)
    at addChunk (node:internal/streams/readable:368:12)
    at readableAddChunk (node:internal/streams/readable:341:9) {
  transactionId: '006bc9fa020e2373079655e3212f493bd8ef366efd7135c19fb3bbc6f3245903',
  transactionCode: 'PHANTOM_READ_CONFLICT'
}
2026-08-11T09:26:24.748Z - [33mwarn[39m: [TransactionEventHandler]: strategyFail: commit failure for transaction "1effce95243535ac041ae389fcbda858c8b3e3f1bb9ae3858b991a87259fc91d": TransactionError: Commit of transaction 1effce95243535ac041ae389fcbda858c8b3e3f1bb9ae3858b991a87259fc91d failed on peer peer0.financiers.example.com:7051 with status PHANTOM_READ_CONFLICT
    at TransactionEventHandler.eventCallback (/home/dhanish/fabric_sfc/caliper-bench/node_modules/fabric-network/lib/impl/event/transactioneventhandler.js:111:31)
    at CommitListenerSession.notifyListener (/home/dhanish/fabric_sfc/caliper-bench/node_modules/fabric-network/lib/impl/event/commitlistenersession.js:101:18)
    at EventListener.callback (/home/dhanish/fabric_sfc/caliper-bench/node_modules/fabric-network/lib/impl/event/commitlistenersession.js:92:18)
    at EventListener.onEvent (/home/dhanish/fabric_sfc/caliper-bench/node_modules/fabric-common/lib/EventListener.js:124:10)
    at EventService._callTransactionListener (/home/dhanish/fabric_sfc/caliper-bench/node_modules/fabric-common/lib/EventService.js:1051:16)
    at EventService._processTxEvents (/home/dhanish/fabric_sfc/caliper-bench/node_modules/fabric-common/lib/EventService.js:1006:12)
    at ClientDuplexStreamImpl.<anonymous> (/home/dhanish/fabric_sfc/caliper-bench/node_modules/fabric-common/lib/EventService.js:481:12)
    at ClientDuplexStreamImpl.emit (node:events:517:28)
    at addChunk (node:internal/streams/readable:368:12)
    at readableAddChunk (node:internal/streams/readable:341:9) {
  transactionId: '1effce95243535ac041ae389fcbda858c8b3e3f1bb9ae3858b991a87259fc91d',
  transactionCode: 'PHANTOM_READ_CONFLICT'
}
2026.08.11-09:26:24.748[31m error[39m [caliper] [connectors/v2/FabricGateway] 	Failed to perform submit transaction [aggregateGlobalModel] using arguments [finance-qtable-aggregate-4-0,1],  with error: TransactionError: Commit of transaction 28d49bd69667c9a175b8a2a552569106d66d11f94831d4b7fe0870ddb22ae9b4 failed on peer peer0.financiers.example.com:7051 with status PHANTOM_READ_CONFLICT
    at TransactionEventHandler.eventCallback (/home/dhanish/fabric_sfc/caliper-bench/node_modules/fabric-network/lib/impl/event/transactioneventhandler.js:111:31)
    at CommitListenerSession.notifyListener (/home/dhanish/fabric_sfc/caliper-bench/node_modules/fabric-network/lib/impl/event/commitlistenersession.js:101:18)
    at EventListener.callback (/home/dhanish/fabric_sfc/caliper-bench/node_modules/fabric-network/lib/impl/event/commitlistenersession.js:92:18)
    at EventListener.onEvent (/home/dhanish/fabric_sfc/caliper-bench/node_modules/fabric-common/lib/EventListener.js:124:10)
    at EventService._callTransactionListener (/home/dhanish/fabric_sfc/caliper-bench/node_modules/fabric-common/lib/EventService.js:1051:16)
    at EventService._processTxEvents (/home/dhanish/fabric_sfc/caliper-bench/node_modules/fabric-common/lib/EventService.js:1006:12)
    at ClientDuplexStreamImpl.<anonymous> (/home/dhanish/fabric_sfc/caliper-bench/node_modules/fabric-common/lib/EventService.js:481:12)
    at ClientDuplexStreamImpl.emit (node:events:517:28)
    at addChunk (node:internal/streams/readable:368:12)
    at readableAddChunk (node:internal/streams/readable:341:9)
2026.08.11-09:26:24.749[31m error[39m [caliper] [connectors/v2/FabricGateway] 	Failed to perform submit transaction [aggregateGlobalModel] using arguments [finance-qtable-aggregate-4-0,1],  with error: TransactionError: Commit of transaction 006bc9fa020e2373079655e3212f493bd8ef366efd7135c19fb3bbc6f3245903 failed on peer peer0.financiers.example.com:7051 with status PHANTOM_READ_CONFLICT
    at TransactionEventHandler.eventCallback (/home/dhanish/fabric_sfc/caliper-bench/node_modules/fabric-network/lib/impl/event/transactioneventhandler.js:111:31)
    at CommitListenerSession.notifyListener (/home/dhanish/fabric_sfc/caliper-bench/node_modules/fabric-network/lib/impl/event/commitlistenersession.js:101:18)
    at EventListener.callback (/home/dhanish/fabric_sfc/caliper-bench/node_modules/fabric-network/lib/impl/event/commitlistenersession.js:92:18)
    at EventListener.onEvent (/home/dhanish/fabric_sfc/caliper-bench/node_modules/fabric-common/lib/EventListener.js:124:10)
    at EventService._callTransactionListener (/home/dhanish/fabric_sfc/caliper-bench/node_modules/fabric-common/lib/EventService.js:1051:16)
    at EventService._processTxEvents (/home/dhanish/fabric_sfc/caliper-bench/node_modules/fabric-common/lib/EventService.js:1006:12)
    at ClientDuplexStreamImpl.<anonymous> (/home/dhanish/fabric_sfc/caliper-bench/node_modules/fabric-common/lib/EventService.js:481:12)
    at ClientDuplexStreamImpl.emit (node:events:517:28)
    at addChunk (node:internal/streams/readable:368:12)
    at readableAddChunk (node:internal/streams/readable:341:9)
2026.08.11-09:26:24.749[31m error[39m [caliper] [connectors/v2/FabricGateway] 	Failed to perform submit transaction [aggregateGlobalModel] using arguments [finance-qtable-aggregate-4-0,1],  with error: TransactionError: Commit of transaction 1effce95243535ac041ae389fcbda858c8b3e3f1bb9ae3858b991a87259fc91d failed on peer peer0.financiers.example.com:7051 with status PHANTOM_READ_CONFLICT
    at TransactionEventHandler.eventCallback (/home/dhanish/fabric_sfc/caliper-bench/node_modules/fabric-network/lib/impl/event/transactioneventhandler.js:111:31)
    at CommitListenerSession.notifyListener (/home/dhanish/fabric_sfc/caliper-bench/node_modules/fabric-network/lib/impl/event/commitlistenersession.js:101:18)
    at EventListener.callback (/home/dhanish/fabric_sfc/caliper-bench/node_modules/fabric-network/lib/impl/event/commitlistenersession.js:92:18)
    at EventListener.onEvent (/home/dhanish/fabric_sfc/caliper-bench/node_modules/fabric-common/lib/EventListener.js:124:10)
    at EventService._callTransactionListener (/home/dhanish/fabric_sfc/caliper-bench/node_modules/fabric-common/lib/EventService.js:1051:16)
    at EventService._processTxEvents (/home/dhanish/fabric_sfc/caliper-bench/node_modules/fabric-common/lib/EventService.js:1006:12)
    at ClientDuplexStreamImpl.<anonymous> (/home/dhanish/fabric_sfc/caliper-bench/node_modules/fabric-common/lib/EventService.js:481:12)
    at ClientDuplexStreamImpl.emit (node:events:517:28)
    at addChunk (node:internal/streams/readable:368:12)
    at readableAddChunk (node:internal/streams/readable:341:9)
2026-08-11T09:26:24.772Z - [33mwarn[39m: [TransactionEventHandler]: strategyFail: commit failure for transaction "bbe3a5b0d7558255190b926f84d0cad6fc4b7f832e85b98d9b7bde4302b5829d": TransactionError: Commit of transaction bbe3a5b0d7558255190b926f84d0cad6fc4b7f832e85b98d9b7bde4302b5829d failed on peer peer0.financiers.example.com:7051 with status PHANTOM_READ_CONFLICT
    at TransactionEventHandler.eventCallback (/home/dhanish/fabric_sfc/caliper-bench/node_modules/fabric-network/lib/impl/event/transactioneventhandler.js:111:31)
    at CommitListenerSession.notifyListener (/home/dhanish/fabric_sfc/caliper-bench/node_modules/fabric-network/lib/impl/event/commitlistenersession.js:101:18)
    at EventListener.callback (/home/dhanish/fabric_sfc/caliper-bench/node_modules/fabric-network/lib/impl/event/commitlistenersession.js:92:18)
    at EventListener.onEvent (/home/dhanish/fabric_sfc/caliper-bench/node_modules/fabric-common/lib/EventListener.js:124:10)
    at EventService._callTransactionListener (/home/dhanish/fabric_sfc/caliper-bench/node_modules/fabric-common/lib/EventService.js:1051:16)
    at EventService._processTxEvents (/home/dhanish/fabric_sfc/caliper-bench/node_modules/fabric-common/lib/EventService.js:1006:12)
    at ClientDuplexStreamImpl.<anonymous> (/home/dhanish/fabric_sfc/caliper-bench/node_modules/fabric-common/lib/EventService.js:481:12)
    at ClientDuplexStreamImpl.emit (node:events:517:28)
    at addChunk (node:internal/streams/readable:368:12)
    at readableAddChunk (node:internal/streams/readable:341:9) {
  transactionId: 'bbe3a5b0d7558255190b926f84d0cad6fc4b7f832e85b98d9b7bde4302b5829d',
  transactionCode: 'PHANTOM_READ_CONFLICT'
}
2026-08-11T09:26:24.772Z - [33mwarn[39m: [TransactionEventHandler]: strategyFail: commit failure for transaction "9fbb9e565c0e7e9ca847e0896e5cf6ff9b7a2198f0c34a0b7c33e36eb736ea1a": TransactionError: Commit of transaction 9fbb9e565c0e7e9ca847e0896e5cf6ff9b7a2198f0c34a0b7c33e36eb736ea1a failed on peer peer0.financiers.example.com:7051 with status PHANTOM_READ_CONFLICT
    at TransactionEventHandler.eventCallback (/home/dhanish/fabric_sfc/caliper-bench/node_modules/fabric-network/lib/impl/event/transactioneventhandler.js:111:31)
    at CommitListenerSession.notifyListener (/home/dhanish/fabric_sfc/caliper-bench/node_modules/fabric-network/lib/impl/event/commitlistenersession.js:101:18)
    at EventListener.callback (/home/dhanish/fabric_sfc/caliper-bench/node_modules/fabric-network/lib/impl/event/commitlistenersession.js:92:18)
    at EventListener.onEvent (/home/dhanish/fabric_sfc/caliper-bench/node_modules/fabric-common/lib/EventListener.js:124:10)
    at EventService._callTransactionListener (/home/dhanish/fabric_sfc/caliper-bench/node_modules/fabric-common/lib/EventService.js:1051:16)
    at EventService._processTxEvents (/home/dhanish/fabric_sfc/caliper-bench/node_modules/fabric-common/lib/EventService.js:1006:12)
    at ClientDuplexStreamImpl.<anonymous> (/home/dhanish/fabric_sfc/caliper-bench/node_modules/fabric-common/lib/EventService.js:481:12)
    at ClientDuplexStreamImpl.emit (node:events:517:28)
    at addChunk (node:internal/streams/readable:368:12)
    at readableAddChunk (node:internal/streams/readable:341:9) {
  transactionId: '9fbb9e565c0e7e9ca847e0896e5cf6ff9b7a2198f0c34a0b7c33e36eb736ea1a',
  transactionCode: 'PHANTOM_READ_CONFLICT'
}
2026.08.11-09:26:24.772[31m error[39m [caliper] [connectors/v2/FabricGateway] 	Failed to perform submit transaction [aggregateGlobalModel] using arguments [finance-qtable-aggregate-2-0,1],  with error: TransactionError: Commit of transaction 9fbb9e565c0e7e9ca847e0896e5cf6ff9b7a2198f0c34a0b7c33e36eb736ea1a failed on peer peer0.financiers.example.com:7051 with status PHANTOM_READ_CONFLICT
    at TransactionEventHandler.eventCallback (/home/dhanish/fabric_sfc/caliper-bench/node_modules/fabric-network/lib/impl/event/transactioneventhandler.js:111:31)
    at CommitListenerSession.notifyListener (/home/dhanish/fabric_sfc/caliper-bench/node_modules/fabric-network/lib/impl/event/commitlistenersession.js:101:18)
    at EventListener.callback (/home/dhanish/fabric_sfc/caliper-bench/node_modules/fabric-network/lib/impl/event/commitlistenersession.js:92:18)
    at EventListener.onEvent (/home/dhanish/fabric_sfc/caliper-bench/node_modules/fabric-common/lib/EventListener.js:124:10)
    at EventService._callTransactionListener (/home/dhanish/fabric_sfc/caliper-bench/node_modules/fabric-common/lib/EventService.js:1051:16)
    at EventService._processTxEvents (/home/dhanish/fabric_sfc/caliper-bench/node_modules/fabric-common/lib/EventService.js:1006:12)
    at ClientDuplexStreamImpl.<anonymous> (/home/dhanish/fabric_sfc/caliper-bench/node_modules/fabric-common/lib/EventService.js:481:12)
    at ClientDuplexStreamImpl.emit (node:events:517:28)
    at addChunk (node:internal/streams/readable:368:12)
    at readableAddChunk (node:internal/streams/readable:341:9)
2026-08-11T09:26:24.772Z - [33mwarn[39m: [TransactionEventHandler]: strategyFail: commit failure for transaction "64d695c618c9b2a985ed0ecb1d822dc2db406a512d54f8133ca95d476a8ba03f": TransactionError: Commit of transaction 64d695c618c9b2a985ed0ecb1d822dc2db406a512d54f8133ca95d476a8ba03f failed on peer peer0.financiers.example.com:7051 with status PHANTOM_READ_CONFLICT
    at TransactionEventHandler.eventCallback (/home/dhanish/fabric_sfc/caliper-bench/node_modules/fabric-network/lib/impl/event/transactioneventhandler.js:111:31)
    at CommitListenerSession.notifyListener (/home/dhanish/fabric_sfc/caliper-bench/node_modules/fabric-network/lib/impl/event/commitlistenersession.js:101:18)
    at EventListener.callback (/home/dhanish/fabric_sfc/caliper-bench/node_modules/fabric-network/lib/impl/event/commitlistenersession.js:92:18)
    at EventListener.onEvent (/home/dhanish/fabric_sfc/caliper-bench/node_modules/fabric-common/lib/EventListener.js:124:10)
    at EventService._callTransactionListener (/home/dhanish/fabric_sfc/caliper-bench/node_modules/fabric-common/lib/EventService.js:1051:16)
    at EventService._processTxEvents (/home/dhanish/fabric_sfc/caliper-bench/node_modules/fabric-common/lib/EventService.js:1006:12)
    at ClientDuplexStreamImpl.<anonymous> (/home/dhanish/fabric_sfc/caliper-bench/node_modules/fabric-common/lib/EventService.js:481:12)
    at ClientDuplexStreamImpl.emit (node:events:517:28)
    at addChunk (node:internal/streams/readable:368:12)
    at readableAddChunk (node:internal/streams/readable:341:9) {
  transactionId: '64d695c618c9b2a985ed0ecb1d822dc2db406a512d54f8133ca95d476a8ba03f',
  transactionCode: 'PHANTOM_READ_CONFLICT'
}
2026-08-11T09:26:24.773Z - [33mwarn[39m: [TransactionEventHandler]: strategyFail: commit failure for transaction "163454633500a7297d22abdb726752f9ecca6a74a3f1354165cefdabb61ae06d": TransactionError: Commit of transaction 163454633500a7297d22abdb726752f9ecca6a74a3f1354165cefdabb61ae06d failed on peer peer0.financiers.example.com:7051 with status PHANTOM_READ_CONFLICT
    at TransactionEventHandler.eventCallback (/home/dhanish/fabric_sfc/caliper-bench/node_modules/fabric-network/lib/impl/event/transactioneventhandler.js:111:31)
    at CommitListenerSession.notifyListener (/home/dhanish/fabric_sfc/caliper-bench/node_modules/fabric-network/lib/impl/event/commitlistenersession.js:101:18)
    at EventListener.callback (/home/dhanish/fabric_sfc/caliper-bench/node_modules/fabric-network/lib/impl/event/commitlistenersession.js:92:18)
    at EventListener.onEvent (/home/dhanish/fabric_sfc/caliper-bench/node_modules/fabric-common/lib/EventListener.js:124:10)
    at EventService._callTransactionListener (/home/dhanish/fabric_sfc/caliper-bench/node_modules/fabric-common/lib/EventService.js:1051:16)
    at EventService._processTxEvents (/home/dhanish/fabric_sfc/caliper-bench/node_modules/fabric-common/lib/EventService.js:1006:12)
    at ClientDuplexStreamImpl.<anonymous> (/home/dhanish/fabric_sfc/caliper-bench/node_modules/fabric-common/lib/EventService.js:481:12)
    at ClientDuplexStreamImpl.emit (node:events:517:28)
    at addChunk (node:internal/streams/readable:368:12)
    at readableAddChunk (node:internal/streams/readable:341:9) {
  transactionId: '163454633500a7297d22abdb726752f9ecca6a74a3f1354165cefdabb61ae06d',
  transactionCode: 'PHANTOM_READ_CONFLICT'
}
2026.08.11-09:26:24.773[31m error[39m [caliper] [connectors/v2/FabricGateway] 	Failed to perform submit transaction [aggregateGlobalModel] using arguments [finance-qtable-aggregate-1-0,1],  with error: TransactionError: Commit of transaction 64d695c618c9b2a985ed0ecb1d822dc2db406a512d54f8133ca95d476a8ba03f failed on peer peer0.financiers.example.com:7051 with status PHANTOM_READ_CONFLICT
    at TransactionEventHandler.eventCallback (/home/dhanish/fabric_sfc/caliper-bench/node_modules/fabric-network/lib/impl/event/transactioneventhandler.js:111:31)
    at CommitListenerSession.notifyListener (/home/dhanish/fabric_sfc/caliper-bench/node_modules/fabric-network/lib/impl/event/commitlistenersession.js:101:18)
    at EventListener.callback (/home/dhanish/fabric_sfc/caliper-bench/node_modules/fabric-network/lib/impl/event/commitlistenersession.js:92:18)
    at EventListener.onEvent (/home/dhanish/fabric_sfc/caliper-bench/node_modules/fabric-common/lib/EventListener.js:124:10)
    at EventService._callTransactionListener (/home/dhanish/fabric_sfc/caliper-bench/node_modules/fabric-common/lib/EventService.js:1051:16)
    at EventService._processTxEvents (/home/dhanish/fabric_sfc/caliper-bench/node_modules/fabric-common/lib/EventService.js:1006:12)
    at ClientDuplexStreamImpl.<anonymous> (/home/dhanish/fabric_sfc/caliper-bench/node_modules/fabric-common/lib/EventService.js:481:12)
    at ClientDuplexStreamImpl.emit (node:events:517:28)
    at addChunk (node:internal/streams/readable:368:12)
    at readableAddChunk (node:internal/streams/readable:341:9)
2026.08.11-09:26:24.773[31m error[39m [caliper] [connectors/v2/FabricGateway] 	Failed to perform submit transaction [aggregateGlobalModel] using arguments [finance-qtable-aggregate-4-0,1],  with error: TransactionError: Commit of transaction bbe3a5b0d7558255190b926f84d0cad6fc4b7f832e85b98d9b7bde4302b5829d failed on peer peer0.financiers.example.com:7051 with status PHANTOM_READ_CONFLICT
    at TransactionEventHandler.eventCallback (/home/dhanish/fabric_sfc/caliper-bench/node_modules/fabric-network/lib/impl/event/transactioneventhandler.js:111:31)
    at CommitListenerSession.notifyListener (/home/dhanish/fabric_sfc/caliper-bench/node_modules/fabric-network/lib/impl/event/commitlistenersession.js:101:18)
    at EventListener.callback (/home/dhanish/fabric_sfc/caliper-bench/node_modules/fabric-network/lib/impl/event/commitlistenersession.js:92:18)
    at EventListener.onEvent (/home/dhanish/fabric_sfc/caliper-bench/node_modules/fabric-common/lib/EventListener.js:124:10)
    at EventService._callTransactionListener (/home/dhanish/fabric_sfc/caliper-bench/node_modules/fabric-common/lib/EventService.js:1051:16)
    at EventService._processTxEvents (/home/dhanish/fabric_sfc/caliper-bench/node_modules/fabric-common/lib/EventService.js:1006:12)
    at ClientDuplexStreamImpl.<anonymous> (/home/dhanish/fabric_sfc/caliper-bench/node_modules/fabric-common/lib/EventService.js:481:12)
    at ClientDuplexStreamImpl.emit (node:events:517:28)
    at addChunk (node:internal/streams/readable:368:12)
    at readableAddChunk (node:internal/streams/readable:341:9)
2026.08.11-09:26:24.774[31m error[39m [caliper] [connectors/v2/FabricGateway] 	Failed to perform submit transaction [aggregateGlobalModel] using arguments [finance-qtable-aggregate-4-0,1],  with error: TransactionError: Commit of transaction 163454633500a7297d22abdb726752f9ecca6a74a3f1354165cefdabb61ae06d failed on peer peer0.financiers.example.com:7051 with status PHANTOM_READ_CONFLICT
    at TransactionEventHandler.eventCallback (/home/dhanish/fabric_sfc/caliper-bench/node_modules/fabric-network/lib/impl/event/transactioneventhandler.js:111:31)
    at CommitListenerSession.notifyListener (/home/dhanish/fabric_sfc/caliper-bench/node_modules/fabric-network/lib/impl/event/commitlistenersession.js:101:18)
    at EventListener.callback (/home/dhanish/fabric_sfc/caliper-bench/node_modules/fabric-network/lib/impl/event/commitlistenersession.js:92:18)
    at EventListener.onEvent (/home/dhanish/fabric_sfc/caliper-bench/node_modules/fabric-common/lib/EventListener.js:124:10)
    at EventService._callTransactionListener (/home/dhanish/fabric_sfc/caliper-bench/node_modules/fabric-common/lib/EventService.js:1051:16)
    at EventService._processTxEvents (/home/dhanish/fabric_sfc/caliper-bench/node_modules/fabric-common/lib/EventService.js:1006:12)
    at ClientDuplexStreamImpl.<anonymous> (/home/dhanish/fabric_sfc/caliper-bench/node_modules/fabric-common/lib/EventService.js:481:12)
    at ClientDuplexStreamImpl.emit (node:events:517:28)
    at addChunk (node:internal/streams/readable:368:12)
    at readableAddChunk (node:internal/streams/readable:341:9)
2026-08-11T09:26:24.778Z - [33mwarn[39m: [TransactionEventHandler]: strategyFail: commit failure for transaction "7605e54c89d58c5f4cd591e29a258b5142e28532071769e818a55b9b7bcf10eb": TransactionError: Commit of transaction 7605e54c89d58c5f4cd591e29a258b5142e28532071769e818a55b9b7bcf10eb failed on peer peer0.financiers.example.com:7051 with status PHANTOM_READ_CONFLICT
    at TransactionEventHandler.eventCallback (/home/dhanish/fabric_sfc/caliper-bench/node_modules/fabric-network/lib/impl/event/transactioneventhandler.js:111:31)
    at CommitListenerSession.notifyListener (/home/dhanish/fabric_sfc/caliper-bench/node_modules/fabric-network/lib/impl/event/commitlistenersession.js:101:18)
    at EventListener.callback (/home/dhanish/fabric_sfc/caliper-bench/node_modules/fabric-network/lib/impl/event/commitlistenersession.js:92:18)
    at EventListener.onEvent (/home/dhanish/fabric_sfc/caliper-bench/node_modules/fabric-common/lib/EventListener.js:124:10)
    at EventService._callTransactionListener (/home/dhanish/fabric_sfc/caliper-bench/node_modules/fabric-common/lib/EventService.js:1051:16)
    at EventService._processTxEvents (/home/dhanish/fabric_sfc/caliper-bench/node_modules/fabric-common/lib/EventService.js:1006:12)
    at ClientDuplexStreamImpl.<anonymous> (/home/dhanish/fabric_sfc/caliper-bench/node_modules/fabric-common/lib/EventService.js:481:12)
    at ClientDuplexStreamImpl.emit (node:events:517:28)
    at addChunk (node:internal/streams/readable:368:12)
    at readableAddChunk (node:internal/streams/readable:341:9) {
  transactionId: '7605e54c89d58c5f4cd591e29a258b5142e28532071769e818a55b9b7bcf10eb',
  transactionCode: 'PHANTOM_READ_CONFLICT'
}
2026-08-11T09:26:24.779Z - [33mwarn[39m: [TransactionEventHandler]: strategyFail: commit failure for transaction "73e6d7785cc86b1a194fe4b94ab795329446d2f9541418dc149924f9d7d5e1aa": TransactionError: Commit of transaction 73e6d7785cc86b1a194fe4b94ab795329446d2f9541418dc149924f9d7d5e1aa failed on peer peer0.financiers.example.com:7051 with status PHANTOM_READ_CONFLICT
    at TransactionEventHandler.eventCallback (/home/dhanish/fabric_sfc/caliper-bench/node_modules/fabric-network/lib/impl/event/transactioneventhandler.js:111:31)
    at CommitListenerSession.notifyListener (/home/dhanish/fabric_sfc/caliper-bench/node_modules/fabric-network/lib/impl/event/commitlistenersession.js:101:18)
    at EventListener.callback (/home/dhanish/fabric_sfc/caliper-bench/node_modules/fabric-network/lib/impl/event/commitlistenersession.js:92:18)
    at EventListener.onEvent (/home/dhanish/fabric_sfc/caliper-bench/node_modules/fabric-common/lib/EventListener.js:124:10)
    at EventService._callTransactionListener (/home/dhanish/fabric_sfc/caliper-bench/node_modules/fabric-common/lib/EventService.js:1051:16)
    at EventService._processTxEvents (/home/dhanish/fabric_sfc/caliper-bench/node_modules/fabric-common/lib/EventService.js:1006:12)
    at ClientDuplexStreamImpl.<anonymous> (/home/dhanish/fabric_sfc/caliper-bench/node_modules/fabric-common/lib/EventService.js:481:12)
    at ClientDuplexStreamImpl.emit (node:events:517:28)
    at addChunk (node:internal/streams/readable:368:12)
    at readableAddChunk (node:internal/streams/readable:341:9) {
  transactionId: '73e6d7785cc86b1a194fe4b94ab795329446d2f9541418dc149924f9d7d5e1aa',
  transactionCode: 'PHANTOM_READ_CONFLICT'
}
2026.08.11-09:26:24.780[31m error[39m [caliper] [connectors/v2/FabricGateway] 	Failed to perform submit transaction [aggregateGlobalModel] using arguments [finance-qtable-aggregate-3-0,1],  with error: TransactionError: Commit of transaction 7605e54c89d58c5f4cd591e29a258b5142e28532071769e818a55b9b7bcf10eb failed on peer peer0.financiers.example.com:7051 with status PHANTOM_READ_CONFLICT
    at TransactionEventHandler.eventCallback (/home/dhanish/fabric_sfc/caliper-bench/node_modules/fabric-network/lib/impl/event/transactioneventhandler.js:111:31)
    at CommitListenerSession.notifyListener (/home/dhanish/fabric_sfc/caliper-bench/node_modules/fabric-network/lib/impl/event/commitlistenersession.js:101:18)
    at EventListener.callback (/home/dhanish/fabric_sfc/caliper-bench/node_modules/fabric-network/lib/impl/event/commitlistenersession.js:92:18)
    at EventListener.onEvent (/home/dhanish/fabric_sfc/caliper-bench/node_modules/fabric-common/lib/EventListener.js:124:10)
    at EventService._callTransactionListener (/home/dhanish/fabric_sfc/caliper-bench/node_modules/fabric-common/lib/EventService.js:1051:16)
    at EventService._processTxEvents (/home/dhanish/fabric_sfc/caliper-bench/node_modules/fabric-common/lib/EventService.js:1006:12)
    at ClientDuplexStreamImpl.<anonymous> (/home/dhanish/fabric_sfc/caliper-bench/node_modules/fabric-common/lib/EventService.js:481:12)
    at ClientDuplexStreamImpl.emit (node:events:517:28)
    at addChunk (node:internal/streams/readable:368:12)
    at readableAddChunk (node:internal/streams/readable:341:9)
2026.08.11-09:26:24.780[31m error[39m [caliper] [connectors/v2/FabricGateway] 	Failed to perform submit transaction [aggregateGlobalModel] using arguments [finance-qtable-aggregate-3-0,1],  with error: TransactionError: Commit of transaction 73e6d7785cc86b1a194fe4b94ab795329446d2f9541418dc149924f9d7d5e1aa failed on peer peer0.financiers.example.com:7051 with status PHANTOM_READ_CONFLICT
    at TransactionEventHandler.eventCallback (/home/dhanish/fabric_sfc/caliper-bench/node_modules/fabric-network/lib/impl/event/transactioneventhandler.js:111:31)
    at CommitListenerSession.notifyListener (/home/dhanish/fabric_sfc/caliper-bench/node_modules/fabric-network/lib/impl/event/commitlistenersession.js:101:18)
    at EventListener.callback (/home/dhanish/fabric_sfc/caliper-bench/node_modules/fabric-network/lib/impl/event/commitlistenersession.js:92:18)
    at EventListener.onEvent (/home/dhanish/fabric_sfc/caliper-bench/node_modules/fabric-common/lib/EventListener.js:124:10)
    at EventService._callTransactionListener (/home/dhanish/fabric_sfc/caliper-bench/node_modules/fabric-common/lib/EventService.js:1051:16)
    at EventService._processTxEvents (/home/dhanish/fabric_sfc/caliper-bench/node_modules/fabric-common/lib/EventService.js:1006:12)
    at ClientDuplexStreamImpl.<anonymous> (/home/dhanish/fabric_sfc/caliper-bench/node_modules/fabric-common/lib/EventService.js:481:12)
    at ClientDuplexStreamImpl.emit (node:events:517:28)
    at addChunk (node:internal/streams/readable:368:12)
    at readableAddChunk (node:internal/streams/readable:341:9)
2026-08-11T09:26:24.809Z - [33mwarn[39m: [TransactionEventHandler]: strategyFail: commit failure for transaction "cf6891cb80e4773a31797efc07310c5e2da8cbf079820b4e963942e577c1a8ea": TransactionError: Commit of transaction cf6891cb80e4773a31797efc07310c5e2da8cbf079820b4e963942e577c1a8ea failed on peer peer0.financiers.example.com:7051 with status PHANTOM_READ_CONFLICT
    at TransactionEventHandler.eventCallback (/home/dhanish/fabric_sfc/caliper-bench/node_modules/fabric-network/lib/impl/event/transactioneventhandler.js:111:31)
    at CommitListenerSession.notifyListener (/home/dhanish/fabric_sfc/caliper-bench/node_modules/fabric-network/lib/impl/event/commitlistenersession.js:101:18)
    at EventListener.callback (/home/dhanish/fabric_sfc/caliper-bench/node_modules/fabric-network/lib/impl/event/commitlistenersession.js:92:18)
    at EventListener.onEvent (/home/dhanish/fabric_sfc/caliper-bench/node_modules/fabric-common/lib/EventListener.js:124:10)
    at EventService._callTransactionListener (/home/dhanish/fabric_sfc/caliper-bench/node_modules/fabric-common/lib/EventService.js:1051:16)
    at EventService._processTxEvents (/home/dhanish/fabric_sfc/caliper-bench/node_modules/fabric-common/lib/EventService.js:1006:12)
    at ClientDuplexStreamImpl.<anonymous> (/home/dhanish/fabric_sfc/caliper-bench/node_modules/fabric-common/lib/EventService.js:481:12)
    at ClientDuplexStreamImpl.emit (node:events:517:28)
    at addChunk (node:internal/streams/readable:368:12)
    at readableAddChunk (node:internal/streams/readable:341:9) {
  transactionId: 'cf6891cb80e4773a31797efc07310c5e2da8cbf079820b4e963942e577c1a8ea',
  transactionCode: 'PHANTOM_READ_CONFLICT'
}
2026-08-11T09:26:24.809Z - [33mwarn[39m: [TransactionEventHandler]: strategyFail: commit failure for transaction "ea2828e8057ef7794f334b68d7d22c96affc9f2dd1ad0144724fbd9734147044": TransactionError: Commit of transaction ea2828e8057ef7794f334b68d7d22c96affc9f2dd1ad0144724fbd9734147044 failed on peer peer0.financiers.example.com:7051 with status PHANTOM_READ_CONFLICT
    at TransactionEventHandler.eventCallback (/home/dhanish/fabric_sfc/caliper-bench/node_modules/fabric-network/lib/impl/event/transactioneventhandler.js:111:31)
    at CommitListenerSession.notifyListener (/home/dhanish/fabric_sfc/caliper-bench/node_modules/fabric-network/lib/impl/event/commitlistenersession.js:101:18)
    at EventListener.callback (/home/dhanish/fabric_sfc/caliper-bench/node_modules/fabric-network/lib/impl/event/commitlistenersession.js:92:18)
    at EventListener.onEvent (/home/dhanish/fabric_sfc/caliper-bench/node_modules/fabric-common/lib/EventListener.js:124:10)
    at EventService._callTransactionListener (/home/dhanish/fabric_sfc/caliper-bench/node_modules/fabric-common/lib/EventService.js:1051:16)
    at EventService._processTxEvents (/home/dhanish/fabric_sfc/caliper-bench/node_modules/fabric-common/lib/EventService.js:1006:12)
    at ClientDuplexStreamImpl.<anonymous> (/home/dhanish/fabric_sfc/caliper-bench/node_modules/fabric-common/lib/EventService.js:481:12)
    at ClientDuplexStreamImpl.emit (node:events:517:28)
    at addChunk (node:internal/streams/readable:368:12)
    at readableAddChunk (node:internal/streams/readable:341:9) {
  transactionId: 'ea2828e8057ef7794f334b68d7d22c96affc9f2dd1ad0144724fbd9734147044',
  transactionCode: 'PHANTOM_READ_CONFLICT'
}
2026.08.11-09:26:24.809[31m error[39m [caliper] [connectors/v2/FabricGateway] 	Failed to perform submit transaction [aggregateGlobalModel] using arguments [finance-qtable-aggregate-3-0,1],  with error: TransactionError: Commit of transaction ea2828e8057ef7794f334b68d7d22c96affc9f2dd1ad0144724fbd9734147044 failed on peer peer0.financiers.example.com:7051 with status PHANTOM_READ_CONFLICT
    at TransactionEventHandler.eventCallback (/home/dhanish/fabric_sfc/caliper-bench/node_modules/fabric-network/lib/impl/event/transactioneventhandler.js:111:31)
    at CommitListenerSession.notifyListener (/home/dhanish/fabric_sfc/caliper-bench/node_modules/fabric-network/lib/impl/event/commitlistenersession.js:101:18)
    at EventListener.callback (/home/dhanish/fabric_sfc/caliper-bench/node_modules/fabric-network/lib/impl/event/commitlistenersession.js:92:18)
    at EventListener.onEvent (/home/dhanish/fabric_sfc/caliper-bench/node_modules/fabric-common/lib/EventListener.js:124:10)
    at EventService._callTransactionListener (/home/dhanish/fabric_sfc/caliper-bench/node_modules/fabric-common/lib/EventService.js:1051:16)
    at EventService._processTxEvents (/home/dhanish/fabric_sfc/caliper-bench/node_modules/fabric-common/lib/EventService.js:1006:12)
    at ClientDuplexStreamImpl.<anonymous> (/home/dhanish/fabric_sfc/caliper-bench/node_modules/fabric-common/lib/EventService.js:481:12)
    at ClientDuplexStreamImpl.emit (node:events:517:28)
    at addChunk (node:internal/streams/readable:368:12)
    at readableAddChunk (node:internal/streams/readable:341:9)
2026-08-11T09:26:24.809Z - [33mwarn[39m: [TransactionEventHandler]: strategyFail: commit failure for transaction "3b60688d39a35b9a32746e1efa3a5cf44401fe1ef40f863686d17130a8204ef0": TransactionError: Commit of transaction 3b60688d39a35b9a32746e1efa3a5cf44401fe1ef40f863686d17130a8204ef0 failed on peer peer0.financiers.example.com:7051 with status PHANTOM_READ_CONFLICT
    at TransactionEventHandler.eventCallback (/home/dhanish/fabric_sfc/caliper-bench/node_modules/fabric-network/lib/impl/event/transactioneventhandler.js:111:31)
    at CommitListenerSession.notifyListener (/home/dhanish/fabric_sfc/caliper-bench/node_modules/fabric-network/lib/impl/event/commitlistenersession.js:101:18)
    at EventListener.callback (/home/dhanish/fabric_sfc/caliper-bench/node_modules/fabric-network/lib/impl/event/commitlistenersession.js:92:18)
    at EventListener.onEvent (/home/dhanish/fabric_sfc/caliper-bench/node_modules/fabric-common/lib/EventListener.js:124:10)
    at EventService._callTransactionListener (/home/dhanish/fabric_sfc/caliper-bench/node_modules/fabric-common/lib/EventService.js:1051:16)
    at EventService._processTxEvents (/home/dhanish/fabric_sfc/caliper-bench/node_modules/fabric-common/lib/EventService.js:1006:12)
    at ClientDuplexStreamImpl.<anonymous> (/home/dhanish/fabric_sfc/caliper-bench/node_modules/fabric-common/lib/EventService.js:481:12)
    at ClientDuplexStreamImpl.emit (node:events:517:28)
    at addChunk (node:internal/streams/readable:368:12)
    at readableAddChunk (node:internal/streams/readable:341:9) {
  transactionId: '3b60688d39a35b9a32746e1efa3a5cf44401fe1ef40f863686d17130a8204ef0',
  transactionCode: 'PHANTOM_READ_CONFLICT'
}
2026-08-11T09:26:24.810Z - [33mwarn[39m: [TransactionEventHandler]: strategyFail: commit failure for transaction "6fd70ad422884c11bd47f3e60d159ce952152e8ef1d6d5d02f46992feca7ab1a": TransactionError: Commit of transaction 6fd70ad422884c11bd47f3e60d159ce952152e8ef1d6d5d02f46992feca7ab1a failed on peer peer0.financiers.example.com:7051 with status PHANTOM_READ_CONFLICT
    at TransactionEventHandler.eventCallback (/home/dhanish/fabric_sfc/caliper-bench/node_modules/fabric-network/lib/impl/event/transactioneventhandler.js:111:31)
    at CommitListenerSession.notifyListener (/home/dhanish/fabric_sfc/caliper-bench/node_modules/fabric-network/lib/impl/event/commitlistenersession.js:101:18)
    at EventListener.callback (/home/dhanish/fabric_sfc/caliper-bench/node_modules/fabric-network/lib/impl/event/commitlistenersession.js:92:18)
    at EventListener.onEvent (/home/dhanish/fabric_sfc/caliper-bench/node_modules/fabric-common/lib/EventListener.js:124:10)
    at EventService._callTransactionListener (/home/dhanish/fabric_sfc/caliper-bench/node_modules/fabric-common/lib/EventService.js:1051:16)
    at EventService._processTxEvents (/home/dhanish/fabric_sfc/caliper-bench/node_modules/fabric-common/lib/EventService.js:1006:12)
    at ClientDuplexStreamImpl.<anonymous> (/home/dhanish/fabric_sfc/caliper-bench/node_modules/fabric-common/lib/EventService.js:481:12)
    at ClientDuplexStreamImpl.emit (node:events:517:28)
    at addChunk (node:internal/streams/readable:368:12)
    at readableAddChunk (node:internal/streams/readable:341:9) {
  transactionId: '6fd70ad422884c11bd47f3e60d159ce952152e8ef1d6d5d02f46992feca7ab1a',
  transactionCode: 'PHANTOM_READ_CONFLICT'
}
2026-08-11T09:26:24.810Z - [33mwarn[39m: [TransactionEventHandler]: strategyFail: commit failure for transaction "dbc7d965b605939cf7df6149dd1bea667cae005065f23e0177208edbf977e125": TransactionError: Commit of transaction dbc7d965b605939cf7df6149dd1bea667cae005065f23e0177208edbf977e125 failed on peer peer0.financiers.example.com:7051 with status PHANTOM_READ_CONFLICT
    at TransactionEventHandler.eventCallback (/home/dhanish/fabric_sfc/caliper-bench/node_modules/fabric-network/lib/impl/event/transactioneventhandler.js:111:31)
    at CommitListenerSession.notifyListener (/home/dhanish/fabric_sfc/caliper-bench/node_modules/fabric-network/lib/impl/event/commitlistenersession.js:101:18)
    at EventListener.callback (/home/dhanish/fabric_sfc/caliper-bench/node_modules/fabric-network/lib/impl/event/commitlistenersession.js:92:18)
    at EventListener.onEvent (/home/dhanish/fabric_sfc/caliper-bench/node_modules/fabric-common/lib/EventListener.js:124:10)
    at EventService._callTransactionListener (/home/dhanish/fabric_sfc/caliper-bench/node_modules/fabric-common/lib/EventService.js:1051:16)
    at EventService._processTxEvents (/home/dhanish/fabric_sfc/caliper-bench/node_modules/fabric-common/lib/EventService.js:1006:12)
    at ClientDuplexStreamImpl.<anonymous> (/home/dhanish/fabric_sfc/caliper-bench/node_modules/fabric-common/lib/EventService.js:481:12)
    at ClientDuplexStreamImpl.emit (node:events:517:28)
    at addChunk (node:internal/streams/readable:368:12)
    at readableAddChunk (node:internal/streams/readable:341:9) {
  transactionId: 'dbc7d965b605939cf7df6149dd1bea667cae005065f23e0177208edbf977e125',
  transactionCode: 'PHANTOM_READ_CONFLICT'
}
2026.08.11-09:26:24.810[31m error[39m [caliper] [connectors/v2/FabricGateway] 	Failed to perform submit transaction [aggregateGlobalModel] using arguments [finance-qtable-aggregate-1-0,1],  with error: TransactionError: Commit of transaction cf6891cb80e4773a31797efc07310c5e2da8cbf079820b4e963942e577c1a8ea failed on peer peer0.financiers.example.com:7051 with status PHANTOM_READ_CONFLICT
    at TransactionEventHandler.eventCallback (/home/dhanish/fabric_sfc/caliper-bench/node_modules/fabric-network/lib/impl/event/transactioneventhandler.js:111:31)
    at CommitListenerSession.notifyListener (/home/dhanish/fabric_sfc/caliper-bench/node_modules/fabric-network/lib/impl/event/commitlistenersession.js:101:18)
    at EventListener.callback (/home/dhanish/fabric_sfc/caliper-bench/node_modules/fabric-network/lib/impl/event/commitlistenersession.js:92:18)
    at EventListener.onEvent (/home/dhanish/fabric_sfc/caliper-bench/node_modules/fabric-common/lib/EventListener.js:124:10)
    at EventService._callTransactionListener (/home/dhanish/fabric_sfc/caliper-bench/node_modules/fabric-common/lib/EventService.js:1051:16)
    at EventService._processTxEvents (/home/dhanish/fabric_sfc/caliper-bench/node_modules/fabric-common/lib/EventService.js:1006:12)
    at ClientDuplexStreamImpl.<anonymous> (/home/dhanish/fabric_sfc/caliper-bench/node_modules/fabric-common/lib/EventService.js:481:12)
    at ClientDuplexStreamImpl.emit (node:events:517:28)
    at addChunk (node:internal/streams/readable:368:12)
    at readableAddChunk (node:internal/streams/readable:341:9)
2026.08.11-09:26:24.810[31m error[39m [caliper] [connectors/v2/FabricGateway] 	Failed to perform submit transaction [aggregateGlobalModel] using arguments [finance-qtable-aggregate-1-0,1],  with error: TransactionError: Commit of transaction 3b60688d39a35b9a32746e1efa3a5cf44401fe1ef40f863686d17130a8204ef0 failed on peer peer0.financiers.example.com:7051 with status PHANTOM_READ_CONFLICT
    at TransactionEventHandler.eventCallback (/home/dhanish/fabric_sfc/caliper-bench/node_modules/fabric-network/lib/impl/event/transactioneventhandler.js:111:31)
    at CommitListenerSession.notifyListener (/home/dhanish/fabric_sfc/caliper-bench/node_modules/fabric-network/lib/impl/event/commitlistenersession.js:101:18)
    at EventListener.callback (/home/dhanish/fabric_sfc/caliper-bench/node_modules/fabric-network/lib/impl/event/commitlistenersession.js:92:18)
    at EventListener.onEvent (/home/dhanish/fabric_sfc/caliper-bench/node_modules/fabric-common/lib/EventListener.js:124:10)
    at EventService._callTransactionListener (/home/dhanish/fabric_sfc/caliper-bench/node_modules/fabric-common/lib/EventService.js:1051:16)
    at EventService._processTxEvents (/home/dhanish/fabric_sfc/caliper-bench/node_modules/fabric-common/lib/EventService.js:1006:12)
    at ClientDuplexStreamImpl.<anonymous> (/home/dhanish/fabric_sfc/caliper-bench/node_modules/fabric-common/lib/EventService.js:481:12)
    at ClientDuplexStreamImpl.emit (node:events:517:28)
    at addChunk (node:internal/streams/readable:368:12)
    at readableAddChunk (node:internal/streams/readable:341:9)
2026-08-11T09:26:24.810Z - [33mwarn[39m: [TransactionEventHandler]: strategyFail: commit failure for transaction "569ca09897094a70a94f3a4cb6f9079aa76eb19c6345c4793aee1861885d66e3": TransactionError: Commit of transaction 569ca09897094a70a94f3a4cb6f9079aa76eb19c6345c4793aee1861885d66e3 failed on peer peer0.financiers.example.com:7051 with status PHANTOM_READ_CONFLICT
    at TransactionEventHandler.eventCallback (/home/dhanish/fabric_sfc/caliper-bench/node_modules/fabric-network/lib/impl/event/transactioneventhandler.js:111:31)
    at CommitListenerSession.notifyListener (/home/dhanish/fabric_sfc/caliper-bench/node_modules/fabric-network/lib/impl/event/commitlistenersession.js:101:18)
    at EventListener.callback (/home/dhanish/fabric_sfc/caliper-bench/node_modules/fabric-network/lib/impl/event/commitlistenersession.js:92:18)
    at EventListener.onEvent (/home/dhanish/fabric_sfc/caliper-bench/node_modules/fabric-common/lib/EventListener.js:124:10)
    at EventService._callTransactionListener (/home/dhanish/fabric_sfc/caliper-bench/node_modules/fabric-common/lib/EventService.js:1051:16)
    at EventService._processTxEvents (/home/dhanish/fabric_sfc/caliper-bench/node_modules/fabric-common/lib/EventService.js:1006:12)
    at ClientDuplexStreamImpl.<anonymous> (/home/dhanish/fabric_sfc/caliper-bench/node_modules/fabric-common/lib/EventService.js:481:12)
    at ClientDuplexStreamImpl.emit (node:events:517:28)
    at addChunk (node:internal/streams/readable:368:12)
    at readableAddChunk (node:internal/streams/readable:341:9) {
  transactionId: '569ca09897094a70a94f3a4cb6f9079aa76eb19c6345c4793aee1861885d66e3',
  transactionCode: 'PHANTOM_READ_CONFLICT'
}
2026-08-11T09:26:24.810Z - [33mwarn[39m: [TransactionEventHandler]: strategyFail: commit failure for transaction "117c88206707ff6b25e7c257fb1ffe48273281286282d8e9e9ddc64becb56f53": TransactionError: Commit of transaction 117c88206707ff6b25e7c257fb1ffe48273281286282d8e9e9ddc64becb56f53 failed on peer peer0.financiers.example.com:7051 with status PHANTOM_READ_CONFLICT
    at TransactionEventHandler.eventCallback (/home/dhanish/fabric_sfc/caliper-bench/node_modules/fabric-network/lib/impl/event/transactioneventhandler.js:111:31)
    at CommitListenerSession.notifyListener (/home/dhanish/fabric_sfc/caliper-bench/node_modules/fabric-network/lib/impl/event/commitlistenersession.js:101:18)
    at EventListener.callback (/home/dhanish/fabric_sfc/caliper-bench/node_modules/fabric-network/lib/impl/event/commitlistenersession.js:92:18)
    at EventListener.onEvent (/home/dhanish/fabric_sfc/caliper-bench/node_modules/fabric-common/lib/EventListener.js:124:10)
    at EventService._callTransactionListener (/home/dhanish/fabric_sfc/caliper-bench/node_modules/fabric-common/lib/EventService.js:1051:16)
    at EventService._processTxEvents (/home/dhanish/fabric_sfc/caliper-bench/node_modules/fabric-common/lib/EventService.js:1006:12)
    at ClientDuplexStreamImpl.<anonymous> (/home/dhanish/fabric_sfc/caliper-bench/node_modules/fabric-common/lib/EventService.js:481:12)
    at ClientDuplexStreamImpl.emit (node:events:517:28)
    at addChunk (node:internal/streams/readable:368:12)
    at readableAddChunk (node:internal/streams/readable:341:9) {
  transactionId: '117c88206707ff6b25e7c257fb1ffe48273281286282d8e9e9ddc64becb56f53',
  transactionCode: 'PHANTOM_READ_CONFLICT'
}
2026.08.11-09:26:24.810[31m error[39m [caliper] [connectors/v2/FabricGateway] 	Failed to perform submit transaction [aggregateGlobalModel] using arguments [finance-qtable-aggregate-2-0,1],  with error: TransactionError: Commit of transaction 6fd70ad422884c11bd47f3e60d159ce952152e8ef1d6d5d02f46992feca7ab1a failed on peer peer0.financiers.example.com:7051 with status PHANTOM_READ_CONFLICT
    at TransactionEventHandler.eventCallback (/home/dhanish/fabric_sfc/caliper-bench/node_modules/fabric-network/lib/impl/event/transactioneventhandler.js:111:31)
    at CommitListenerSession.notifyListener (/home/dhanish/fabric_sfc/caliper-bench/node_modules/fabric-network/lib/impl/event/commitlistenersession.js:101:18)
    at EventListener.callback (/home/dhanish/fabric_sfc/caliper-bench/node_modules/fabric-network/lib/impl/event/commitlistenersession.js:92:18)
    at EventListener.onEvent (/home/dhanish/fabric_sfc/caliper-bench/node_modules/fabric-common/lib/EventListener.js:124:10)
    at EventService._callTransactionListener (/home/dhanish/fabric_sfc/caliper-bench/node_modules/fabric-common/lib/EventService.js:1051:16)
    at EventService._processTxEvents (/home/dhanish/fabric_sfc/caliper-bench/node_modules/fabric-common/lib/EventService.js:1006:12)
    at ClientDuplexStreamImpl.<anonymous> (/home/dhanish/fabric_sfc/caliper-bench/node_modules/fabric-common/lib/EventService.js:481:12)
    at ClientDuplexStreamImpl.emit (node:events:517:28)
    at addChunk (node:internal/streams/readable:368:12)
    at readableAddChunk (node:internal/streams/readable:341:9)
2026.08.11-09:26:24.811[31m error[39m [caliper] [connectors/v2/FabricGateway] 	Failed to perform submit transaction [aggregateGlobalModel] using arguments [finance-qtable-aggregate-2-0,1],  with error: TransactionError: Commit of transaction 569ca09897094a70a94f3a4cb6f9079aa76eb19c6345c4793aee1861885d66e3 failed on peer peer0.financiers.example.com:7051 with status PHANTOM_READ_CONFLICT
    at TransactionEventHandler.eventCallback (/home/dhanish/fabric_sfc/caliper-bench/node_modules/fabric-network/lib/impl/event/transactioneventhandler.js:111:31)
    at CommitListenerSession.notifyListener (/home/dhanish/fabric_sfc/caliper-bench/node_modules/fabric-network/lib/impl/event/commitlistenersession.js:101:18)
    at EventListener.callback (/home/dhanish/fabric_sfc/caliper-bench/node_modules/fabric-network/lib/impl/event/commitlistenersession.js:92:18)
    at EventListener.onEvent (/home/dhanish/fabric_sfc/caliper-bench/node_modules/fabric-common/lib/EventListener.js:124:10)
    at EventService._callTransactionListener (/home/dhanish/fabric_sfc/caliper-bench/node_modules/fabric-common/lib/EventService.js:1051:16)
    at EventService._processTxEvents (/home/dhanish/fabric_sfc/caliper-bench/node_modules/fabric-common/lib/EventService.js:1006:12)
    at ClientDuplexStreamImpl.<anonymous> (/home/dhanish/fabric_sfc/caliper-bench/node_modules/fabric-common/lib/EventService.js:481:12)
    at ClientDuplexStreamImpl.emit (node:events:517:28)
    at addChunk (node:internal/streams/readable:368:12)
    at readableAddChunk (node:internal/streams/readable:341:9)
2026.08.11-09:26:24.811[31m error[39m [caliper] [connectors/v2/FabricGateway] 	Failed to perform submit transaction [aggregateGlobalModel] using arguments [finance-qtable-aggregate-0-0,1],  with error: TransactionError: Commit of transaction dbc7d965b605939cf7df6149dd1bea667cae005065f23e0177208edbf977e125 failed on peer peer0.financiers.example.com:7051 with status PHANTOM_READ_CONFLICT
    at TransactionEventHandler.eventCallback (/home/dhanish/fabric_sfc/caliper-bench/node_modules/fabric-network/lib/impl/event/transactioneventhandler.js:111:31)
    at CommitListenerSession.notifyListener (/home/dhanish/fabric_sfc/caliper-bench/node_modules/fabric-network/lib/impl/event/commitlistenersession.js:101:18)
    at EventListener.callback (/home/dhanish/fabric_sfc/caliper-bench/node_modules/fabric-network/lib/impl/event/commitlistenersession.js:92:18)
    at EventListener.onEvent (/home/dhanish/fabric_sfc/caliper-bench/node_modules/fabric-common/lib/EventListener.js:124:10)
    at EventService._callTransactionListener (/home/dhanish/fabric_sfc/caliper-bench/node_modules/fabric-common/lib/EventService.js:1051:16)
    at EventService._processTxEvents (/home/dhanish/fabric_sfc/caliper-bench/node_modules/fabric-common/lib/EventService.js:1006:12)
    at ClientDuplexStreamImpl.<anonymous> (/home/dhanish/fabric_sfc/caliper-bench/node_modules/fabric-common/lib/EventService.js:481:12)
    at ClientDuplexStreamImpl.emit (node:events:517:28)
    at addChunk (node:internal/streams/readable:368:12)
    at readableAddChunk (node:internal/streams/readable:341:9)
2026.08.11-09:26:24.811[31m error[39m [caliper] [connectors/v2/FabricGateway] 	Failed to perform submit transaction [aggregateGlobalModel] using arguments [finance-qtable-aggregate-0-0,1],  with error: TransactionError: Commit of transaction 117c88206707ff6b25e7c257fb1ffe48273281286282d8e9e9ddc64becb56f53 failed on peer peer0.financiers.example.com:7051 with status PHANTOM_READ_CONFLICT
    at TransactionEventHandler.eventCallback (/home/dhanish/fabric_sfc/caliper-bench/node_modules/fabric-network/lib/impl/event/transactioneventhandler.js:111:31)
    at CommitListenerSession.notifyListener (/home/dhanish/fabric_sfc/caliper-bench/node_modules/fabric-network/lib/impl/event/commitlistenersession.js:101:18)
    at EventListener.callback (/home/dhanish/fabric_sfc/caliper-bench/node_modules/fabric-network/lib/impl/event/commitlistenersession.js:92:18)
    at EventListener.onEvent (/home/dhanish/fabric_sfc/caliper-bench/node_modules/fabric-common/lib/EventListener.js:124:10)
    at EventService._callTransactionListener (/home/dhanish/fabric_sfc/caliper-bench/node_modules/fabric-common/lib/EventService.js:1051:16)
    at EventService._processTxEvents (/home/dhanish/fabric_sfc/caliper-bench/node_modules/fabric-common/lib/EventService.js:1006:12)
    at ClientDuplexStreamImpl.<anonymous> (/home/dhanish/fabric_sfc/caliper-bench/node_modules/fabric-common/lib/EventService.js:481:12)
    at ClientDuplexStreamImpl.emit (node:events:517:28)
    at addChunk (node:internal/streams/readable:368:12)
    at readableAddChunk (node:internal/streams/readable:341:9)
2026-08-11T09:26:24.842Z - [33mwarn[39m: [TransactionEventHandler]: strategyFail: commit failure for transaction "82dbd1733e70e510faaeb82ea024c7145b9169e0958092397e233c6b49a7defe": TransactionError: Commit of transaction 82dbd1733e70e510faaeb82ea024c7145b9169e0958092397e233c6b49a7defe failed on peer peer0.financiers.example.com:7051 with status PHANTOM_READ_CONFLICT
    at TransactionEventHandler.eventCallback (/home/dhanish/fabric_sfc/caliper-bench/node_modules/fabric-network/lib/impl/event/transactioneventhandler.js:111:31)
    at CommitListenerSession.notifyListener (/home/dhanish/fabric_sfc/caliper-bench/node_modules/fabric-network/lib/impl/event/commitlistenersession.js:101:18)
    at EventListener.callback (/home/dhanish/fabric_sfc/caliper-bench/node_modules/fabric-network/lib/impl/event/commitlistenersession.js:92:18)
    at EventListener.onEvent (/home/dhanish/fabric_sfc/caliper-bench/node_modules/fabric-common/lib/EventListener.js:124:10)
    at EventService._callTransactionListener (/home/dhanish/fabric_sfc/caliper-bench/node_modules/fabric-common/lib/EventService.js:1051:16)
    at EventService._processTxEvents (/home/dhanish/fabric_sfc/caliper-bench/node_modules/fabric-common/lib/EventService.js:1006:12)
    at ClientDuplexStreamImpl.<anonymous> (/home/dhanish/fabric_sfc/caliper-bench/node_modules/fabric-common/lib/EventService.js:481:12)
    at ClientDuplexStreamImpl.emit (node:events:517:28)
    at addChunk (node:internal/streams/readable:368:12)
    at readableAddChunk (node:internal/streams/readable:341:9) {
  transactionId: '82dbd1733e70e510faaeb82ea024c7145b9169e0958092397e233c6b49a7defe',
  transactionCode: 'PHANTOM_READ_CONFLICT'
}
2026.08.11-09:26:24.842[31m error[39m [caliper] [connectors/v2/FabricGateway] 	Failed to perform submit transaction [aggregateGlobalModel] using arguments [finance-qtable-aggregate-0-0,1],  with error: TransactionError: Commit of transaction 82dbd1733e70e510faaeb82ea024c7145b9169e0958092397e233c6b49a7defe failed on peer peer0.financiers.example.com:7051 with status PHANTOM_READ_CONFLICT
    at TransactionEventHandler.eventCallback (/home/dhanish/fabric_sfc/caliper-bench/node_modules/fabric-network/lib/impl/event/transactioneventhandler.js:111:31)
    at CommitListenerSession.notifyListener (/home/dhanish/fabric_sfc/caliper-bench/node_modules/fabric-network/lib/impl/event/commitlistenersession.js:101:18)
    at EventListener.callback (/home/dhanish/fabric_sfc/caliper-bench/node_modules/fabric-network/lib/impl/event/commitlistenersession.js:92:18)
    at EventListener.onEvent (/home/dhanish/fabric_sfc/caliper-bench/node_modules/fabric-common/lib/EventListener.js:124:10)
    at EventService._callTransactionListener (/home/dhanish/fabric_sfc/caliper-bench/node_modules/fabric-common/lib/EventService.js:1051:16)
    at EventService._processTxEvents (/home/dhanish/fabric_sfc/caliper-bench/node_modules/fabric-common/lib/EventService.js:1006:12)
    at ClientDuplexStreamImpl.<anonymous> (/home/dhanish/fabric_sfc/caliper-bench/node_modules/fabric-common/lib/EventService.js:481:12)
    at ClientDuplexStreamImpl.emit (node:events:517:28)
    at addChunk (node:internal/streams/readable:368:12)
    at readableAddChunk (node:internal/streams/readable:341:9)
2026-08-11T09:26:24.842Z - [33mwarn[39m: [TransactionEventHandler]: strategyFail: commit failure for transaction "55fb967e2386cdc677d1979f89a3e49b6b246cb72075f512bf0750feb7325033": TransactionError: Commit of transaction 55fb967e2386cdc677d1979f89a3e49b6b246cb72075f512bf0750feb7325033 failed on peer peer0.financiers.example.com:7051 with status PHANTOM_READ_CONFLICT
    at TransactionEventHandler.eventCallback (/home/dhanish/fabric_sfc/caliper-bench/node_modules/fabric-network/lib/impl/event/transactioneventhandler.js:111:31)
    at CommitListenerSession.notifyListener (/home/dhanish/fabric_sfc/caliper-bench/node_modules/fabric-network/lib/impl/event/commitlistenersession.js:101:18)
    at EventListener.callback (/home/dhanish/fabric_sfc/caliper-bench/node_modules/fabric-network/lib/impl/event/commitlistenersession.js:92:18)
    at EventListener.onEvent (/home/dhanish/fabric_sfc/caliper-bench/node_modules/fabric-common/lib/EventListener.js:124:10)
    at EventService._callTransactionListener (/home/dhanish/fabric_sfc/caliper-bench/node_modules/fabric-common/lib/EventService.js:1051:16)
    at EventService._processTxEvents (/home/dhanish/fabric_sfc/caliper-bench/node_modules/fabric-common/lib/EventService.js:1006:12)
    at ClientDuplexStreamImpl.<anonymous> (/home/dhanish/fabric_sfc/caliper-bench/node_modules/fabric-common/lib/EventService.js:481:12)
    at ClientDuplexStreamImpl.emit (node:events:517:28)
    at addChunk (node:internal/streams/readable:368:12)
    at readableAddChunk (node:internal/streams/readable:341:9) {
  transactionId: '55fb967e2386cdc677d1979f89a3e49b6b246cb72075f512bf0750feb7325033',
  transactionCode: 'PHANTOM_READ_CONFLICT'
}
2026-08-11T09:26:24.843Z - [33mwarn[39m: [TransactionEventHandler]: strategyFail: commit failure for transaction "960d0575384d7b01696c7202de1cdfbc0ccc7f973d5508d809f0a90fe3475e7c": TransactionError: Commit of transaction 960d0575384d7b01696c7202de1cdfbc0ccc7f973d5508d809f0a90fe3475e7c failed on peer peer0.financiers.example.com:7051 with status PHANTOM_READ_CONFLICT
    at TransactionEventHandler.eventCallback (/home/dhanish/fabric_sfc/caliper-bench/node_modules/fabric-network/lib/impl/event/transactioneventhandler.js:111:31)
    at CommitListenerSession.notifyListener (/home/dhanish/fabric_sfc/caliper-bench/node_modules/fabric-network/lib/impl/event/commitlistenersession.js:101:18)
    at EventListener.callback (/home/dhanish/fabric_sfc/caliper-bench/node_modules/fabric-network/lib/impl/event/commitlistenersession.js:92:18)
    at EventListener.onEvent (/home/dhanish/fabric_sfc/caliper-bench/node_modules/fabric-common/lib/EventListener.js:124:10)
    at EventService._callTransactionListener (/home/dhanish/fabric_sfc/caliper-bench/node_modules/fabric-common/lib/EventService.js:1051:16)
    at EventService._processTxEvents (/home/dhanish/fabric_sfc/caliper-bench/node_modules/fabric-common/lib/EventService.js:1006:12)
    at ClientDuplexStreamImpl.<anonymous> (/home/dhanish/fabric_sfc/caliper-bench/node_modules/fabric-common/lib/EventService.js:481:12)
    at ClientDuplexStreamImpl.emit (node:events:517:28)
    at addChunk (node:internal/streams/readable:368:12)
    at readableAddChunk (node:internal/streams/readable:341:9) {
  transactionId: '960d0575384d7b01696c7202de1cdfbc0ccc7f973d5508d809f0a90fe3475e7c',
  transactionCode: 'PHANTOM_READ_CONFLICT'
}
2026-08-11T09:26:24.843Z - [33mwarn[39m: [TransactionEventHandler]: strategyFail: commit failure for transaction "24f3c36b4e33fa15ac007d38b5254c7e7f45e942fcb8e24e2e91dfdd08fc59d0": TransactionError: Commit of transaction 24f3c36b4e33fa15ac007d38b5254c7e7f45e942fcb8e24e2e91dfdd08fc59d0 failed on peer peer0.financiers.example.com:7051 with status PHANTOM_READ_CONFLICT
    at TransactionEventHandler.eventCallback (/home/dhanish/fabric_sfc/caliper-bench/node_modules/fabric-network/lib/impl/event/transactioneventhandler.js:111:31)
    at CommitListenerSession.notifyListener (/home/dhanish/fabric_sfc/caliper-bench/node_modules/fabric-network/lib/impl/event/commitlistenersession.js:101:18)
    at EventListener.callback (/home/dhanish/fabric_sfc/caliper-bench/node_modules/fabric-network/lib/impl/event/commitlistenersession.js:92:18)
    at EventListener.onEvent (/home/dhanish/fabric_sfc/caliper-bench/node_modules/fabric-common/lib/EventListener.js:124:10)
    at EventService._callTransactionListener (/home/dhanish/fabric_sfc/caliper-bench/node_modules/fabric-common/lib/EventService.js:1051:16)
    at EventService._processTxEvents (/home/dhanish/fabric_sfc/caliper-bench/node_modules/fabric-common/lib/EventService.js:1006:12)
    at ClientDuplexStreamImpl.<anonymous> (/home/dhanish/fabric_sfc/caliper-bench/node_modules/fabric-common/lib/EventService.js:481:12)
    at ClientDuplexStreamImpl.emit (node:events:517:28)
    at addChunk (node:internal/streams/readable:368:12)
    at readableAddChunk (node:internal/streams/readable:341:9) {
  transactionId: '24f3c36b4e33fa15ac007d38b5254c7e7f45e942fcb8e24e2e91dfdd08fc59d0',
  transactionCode: 'PHANTOM_READ_CONFLICT'
}
2026.08.11-09:26:24.843[31m error[39m [caliper] [connectors/v2/FabricGateway] 	Failed to perform submit transaction [aggregateGlobalModel] using arguments [finance-qtable-aggregate-2-0,1],  with error: TransactionError: Commit of transaction 960d0575384d7b01696c7202de1cdfbc0ccc7f973d5508d809f0a90fe3475e7c failed on peer peer0.financiers.example.com:7051 with status PHANTOM_READ_CONFLICT
    at TransactionEventHandler.eventCallback (/home/dhanish/fabric_sfc/caliper-bench/node_modules/fabric-network/lib/impl/event/transactioneventhandler.js:111:31)
    at CommitListenerSession.notifyListener (/home/dhanish/fabric_sfc/caliper-bench/node_modules/fabric-network/lib/impl/event/commitlistenersession.js:101:18)
    at EventListener.callback (/home/dhanish/fabric_sfc/caliper-bench/node_modules/fabric-network/lib/impl/event/commitlistenersession.js:92:18)
    at EventListener.onEvent (/home/dhanish/fabric_sfc/caliper-bench/node_modules/fabric-common/lib/EventListener.js:124:10)
    at EventService._callTransactionListener (/home/dhanish/fabric_sfc/caliper-bench/node_modules/fabric-common/lib/EventService.js:1051:16)
    at EventService._processTxEvents (/home/dhanish/fabric_sfc/caliper-bench/node_modules/fabric-common/lib/EventService.js:1006:12)
    at ClientDuplexStreamImpl.<anonymous> (/home/dhanish/fabric_sfc/caliper-bench/node_modules/fabric-common/lib/EventService.js:481:12)
    at ClientDuplexStreamImpl.emit (node:events:517:28)
    at addChunk (node:internal/streams/readable:368:12)
    at readableAddChunk (node:internal/streams/readable:341:9)
2026-08-11T09:26:24.843Z - [33mwarn[39m: [TransactionEventHandler]: strategyFail: commit failure for transaction "38284a20360957fa4c007f31394d17b7ea4b37a4ab3c228cd3fd8eb45daf14d0": TransactionError: Commit of transaction 38284a20360957fa4c007f31394d17b7ea4b37a4ab3c228cd3fd8eb45daf14d0 failed on peer peer0.financiers.example.com:7051 with status PHANTOM_READ_CONFLICT
    at TransactionEventHandler.eventCallback (/home/dhanish/fabric_sfc/caliper-bench/node_modules/fabric-network/lib/impl/event/transactioneventhandler.js:111:31)
    at CommitListenerSession.notifyListener (/home/dhanish/fabric_sfc/caliper-bench/node_modules/fabric-network/lib/impl/event/commitlistenersession.js:101:18)
    at EventListener.callback (/home/dhanish/fabric_sfc/caliper-bench/node_modules/fabric-network/lib/impl/event/commitlistenersession.js:92:18)
    at EventListener.onEvent (/home/dhanish/fabric_sfc/caliper-bench/node_modules/fabric-common/lib/EventListener.js:124:10)
    at EventService._callTransactionListener (/home/dhanish/fabric_sfc/caliper-bench/node_modules/fabric-common/lib/EventService.js:1051:16)
    at EventService._processTxEvents (/home/dhanish/fabric_sfc/caliper-bench/node_modules/fabric-common/lib/EventService.js:1006:12)
    at ClientDuplexStreamImpl.<anonymous> (/home/dhanish/fabric_sfc/caliper-bench/node_modules/fabric-common/lib/EventService.js:481:12)
    at ClientDuplexStreamImpl.emit (node:events:517:28)
    at addChunk (node:internal/streams/readable:368:12)
    at readableAddChunk (node:internal/streams/readable:341:9) {
  transactionId: '38284a20360957fa4c007f31394d17b7ea4b37a4ab3c228cd3fd8eb45daf14d0',
  transactionCode: 'PHANTOM_READ_CONFLICT'
}
2026-08-11T09:26:24.844Z - [33mwarn[39m: [TransactionEventHandler]: strategyFail: commit failure for transaction "f092f5c2c7326bb04a1731d8fb27c251ef9bbe7dfa990aa395a6f5eaf17587cf": TransactionError: Commit of transaction f092f5c2c7326bb04a1731d8fb27c251ef9bbe7dfa990aa395a6f5eaf17587cf failed on peer peer0.financiers.example.com:7051 with status PHANTOM_READ_CONFLICT
    at TransactionEventHandler.eventCallback (/home/dhanish/fabric_sfc/caliper-bench/node_modules/fabric-network/lib/impl/event/transactioneventhandler.js:111:31)
    at CommitListenerSession.notifyListener (/home/dhanish/fabric_sfc/caliper-bench/node_modules/fabric-network/lib/impl/event/commitlistenersession.js:101:18)
    at EventListener.callback (/home/dhanish/fabric_sfc/caliper-bench/node_modules/fabric-network/lib/impl/event/commitlistenersession.js:92:18)
    at EventListener.onEvent (/home/dhanish/fabric_sfc/caliper-bench/node_modules/fabric-common/lib/EventListener.js:124:10)
    at EventService._callTransactionListener (/home/dhanish/fabric_sfc/caliper-bench/node_modules/fabric-common/lib/EventService.js:1051:16)
    at EventService._processTxEvents (/home/dhanish/fabric_sfc/caliper-bench/node_modules/fabric-common/lib/EventService.js:1006:12)
    at ClientDuplexStreamImpl.<anonymous> (/home/dhanish/fabric_sfc/caliper-bench/node_modules/fabric-common/lib/EventService.js:481:12)
    at ClientDuplexStreamImpl.emit (node:events:517:28)
    at addChunk (node:internal/streams/readable:368:12)
    at readableAddChunk (node:internal/streams/readable:341:9) {
  transactionId: 'f092f5c2c7326bb04a1731d8fb27c251ef9bbe7dfa990aa395a6f5eaf17587cf',
  transactionCode: 'PHANTOM_READ_CONFLICT'
}
2026.08.11-09:26:24.844[31m error[39m [caliper] [connectors/v2/FabricGateway] 	Failed to perform submit transaction [aggregateGlobalModel] using arguments [finance-qtable-aggregate-3-0,1],  with error: TransactionError: Commit of transaction 55fb967e2386cdc677d1979f89a3e49b6b246cb72075f512bf0750feb7325033 failed on peer peer0.financiers.example.com:7051 with status PHANTOM_READ_CONFLICT
    at TransactionEventHandler.eventCallback (/home/dhanish/fabric_sfc/caliper-bench/node_modules/fabric-network/lib/impl/event/transactioneventhandler.js:111:31)
    at CommitListenerSession.notifyListener (/home/dhanish/fabric_sfc/caliper-bench/node_modules/fabric-network/lib/impl/event/commitlistenersession.js:101:18)
    at EventListener.callback (/home/dhanish/fabric_sfc/caliper-bench/node_modules/fabric-network/lib/impl/event/commitlistenersession.js:92:18)
    at EventListener.onEvent (/home/dhanish/fabric_sfc/caliper-bench/node_modules/fabric-common/lib/EventListener.js:124:10)
    at EventService._callTransactionListener (/home/dhanish/fabric_sfc/caliper-bench/node_modules/fabric-common/lib/EventService.js:1051:16)
    at EventService._processTxEvents (/home/dhanish/fabric_sfc/caliper-bench/node_modules/fabric-common/lib/EventService.js:1006:12)
    at ClientDuplexStreamImpl.<anonymous> (/home/dhanish/fabric_sfc/caliper-bench/node_modules/fabric-common/lib/EventService.js:481:12)
    at ClientDuplexStreamImpl.emit (node:events:517:28)
    at addChunk (node:internal/streams/readable:368:12)
    at readableAddChunk (node:internal/streams/readable:341:9)
2026.08.11-09:26:24.844[31m error[39m [caliper] [connectors/v2/FabricGateway] 	Failed to perform submit transaction [aggregateGlobalModel] using arguments [finance-qtable-aggregate-3-0,1],  with error: TransactionError: Commit of transaction 24f3c36b4e33fa15ac007d38b5254c7e7f45e942fcb8e24e2e91dfdd08fc59d0 failed on peer peer0.financiers.example.com:7051 with status PHANTOM_READ_CONFLICT
    at TransactionEventHandler.eventCallback (/home/dhanish/fabric_sfc/caliper-bench/node_modules/fabric-network/lib/impl/event/transactioneventhandler.js:111:31)
    at CommitListenerSession.notifyListener (/home/dhanish/fabric_sfc/caliper-bench/node_modules/fabric-network/lib/impl/event/commitlistenersession.js:101:18)
    at EventListener.callback (/home/dhanish/fabric_sfc/caliper-bench/node_modules/fabric-network/lib/impl/event/commitlistenersession.js:92:18)
    at EventListener.onEvent (/home/dhanish/fabric_sfc/caliper-bench/node_modules/fabric-common/lib/EventListener.js:124:10)
    at EventService._callTransactionListener (/home/dhanish/fabric_sfc/caliper-bench/node_modules/fabric-common/lib/EventService.js:1051:16)
    at EventService._processTxEvents (/home/dhanish/fabric_sfc/caliper-bench/node_modules/fabric-common/lib/EventService.js:1006:12)
    at ClientDuplexStreamImpl.<anonymous> (/home/dhanish/fabric_sfc/caliper-bench/node_modules/fabric-common/lib/EventService.js:481:12)
    at ClientDuplexStreamImpl.emit (node:events:517:28)
    at addChunk (node:internal/streams/readable:368:12)
    at readableAddChunk (node:internal/streams/readable:341:9)
2026.08.11-09:26:24.844[31m error[39m [caliper] [connectors/v2/FabricGateway] 	Failed to perform submit transaction [aggregateGlobalModel] using arguments [finance-qtable-aggregate-3-0,1],  with error: TransactionError: Commit of transaction 38284a20360957fa4c007f31394d17b7ea4b37a4ab3c228cd3fd8eb45daf14d0 failed on peer peer0.financiers.example.com:7051 with status PHANTOM_READ_CONFLICT
    at TransactionEventHandler.eventCallback (/home/dhanish/fabric_sfc/caliper-bench/node_modules/fabric-network/lib/impl/event/transactioneventhandler.js:111:31)
    at CommitListenerSession.notifyListener (/home/dhanish/fabric_sfc/caliper-bench/node_modules/fabric-network/lib/impl/event/commitlistenersession.js:101:18)
    at EventListener.callback (/home/dhanish/fabric_sfc/caliper-bench/node_modules/fabric-network/lib/impl/event/commitlistenersession.js:92:18)
    at EventListener.onEvent (/home/dhanish/fabric_sfc/caliper-bench/node_modules/fabric-common/lib/EventListener.js:124:10)
    at EventService._callTransactionListener (/home/dhanish/fabric_sfc/caliper-bench/node_modules/fabric-common/lib/EventService.js:1051:16)
    at EventService._processTxEvents (/home/dhanish/fabric_sfc/caliper-bench/node_modules/fabric-common/lib/EventService.js:1006:12)
    at ClientDuplexStreamImpl.<anonymous> (/home/dhanish/fabric_sfc/caliper-bench/node_modules/fabric-common/lib/EventService.js:481:12)
    at ClientDuplexStreamImpl.emit (node:events:517:28)
    at addChunk (node:internal/streams/readable:368:12)
    at readableAddChunk (node:internal/streams/readable:341:9)
2026.08.11-09:26:24.844[31m error[39m [caliper] [connectors/v2/FabricGateway] 	Failed to perform submit transaction [aggregateGlobalModel] using arguments [finance-qtable-aggregate-3-0,1],  with error: TransactionError: Commit of transaction f092f5c2c7326bb04a1731d8fb27c251ef9bbe7dfa990aa395a6f5eaf17587cf failed on peer peer0.financiers.example.com:7051 with status PHANTOM_READ_CONFLICT
    at TransactionEventHandler.eventCallback (/home/dhanish/fabric_sfc/caliper-bench/node_modules/fabric-network/lib/impl/event/transactioneventhandler.js:111:31)
    at CommitListenerSession.notifyListener (/home/dhanish/fabric_sfc/caliper-bench/node_modules/fabric-network/lib/impl/event/commitlistenersession.js:101:18)
    at EventListener.callback (/home/dhanish/fabric_sfc/caliper-bench/node_modules/fabric-network/lib/impl/event/commitlistenersession.js:92:18)
    at EventListener.onEvent (/home/dhanish/fabric_sfc/caliper-bench/node_modules/fabric-common/lib/EventListener.js:124:10)
    at EventService._callTransactionListener (/home/dhanish/fabric_sfc/caliper-bench/node_modules/fabric-common/lib/EventService.js:1051:16)
    at EventService._processTxEvents (/home/dhanish/fabric_sfc/caliper-bench/node_modules/fabric-common/lib/EventService.js:1006:12)
    at ClientDuplexStreamImpl.<anonymous> (/home/dhanish/fabric_sfc/caliper-bench/node_modules/fabric-common/lib/EventService.js:481:12)
    at ClientDuplexStreamImpl.emit (node:events:517:28)
    at addChunk (node:internal/streams/readable:368:12)
    at readableAddChunk (node:internal/streams/readable:341:9)
2026-08-11T09:26:24.870Z - [33mwarn[39m: [TransactionEventHandler]: strategyFail: commit failure for transaction "dde05fad00f12ca03d0ef6bd651aec7418d7e640bde1a1c1969f5414089a882a": TransactionError: Commit of transaction dde05fad00f12ca03d0ef6bd651aec7418d7e640bde1a1c1969f5414089a882a failed on peer peer0.financiers.example.com:7051 with status PHANTOM_READ_CONFLICT
    at TransactionEventHandler.eventCallback (/home/dhanish/fabric_sfc/caliper-bench/node_modules/fabric-network/lib/impl/event/transactioneventhandler.js:111:31)
    at CommitListenerSession.notifyListener (/home/dhanish/fabric_sfc/caliper-bench/node_modules/fabric-network/lib/impl/event/commitlistenersession.js:101:18)
    at EventListener.callback (/home/dhanish/fabric_sfc/caliper-bench/node_modules/fabric-network/lib/impl/event/commitlistenersession.js:92:18)
    at EventListener.onEvent (/home/dhanish/fabric_sfc/caliper-bench/node_modules/fabric-common/lib/EventListener.js:124:10)
    at EventService._callTransactionListener (/home/dhanish/fabric_sfc/caliper-bench/node_modules/fabric-common/lib/EventService.js:1051:16)
    at EventService._processTxEvents (/home/dhanish/fabric_sfc/caliper-bench/node_modules/fabric-common/lib/EventService.js:1006:12)
    at ClientDuplexStreamImpl.<anonymous> (/home/dhanish/fabric_sfc/caliper-bench/node_modules/fabric-common/lib/EventService.js:481:12)
    at ClientDuplexStreamImpl.emit (node:events:517:28)
    at addChunk (node:internal/streams/readable:368:12)
    at readableAddChunk (node:internal/streams/readable:341:9) {
  transactionId: 'dde05fad00f12ca03d0ef6bd651aec7418d7e640bde1a1c1969f5414089a882a',
  transactionCode: 'PHANTOM_READ_CONFLICT'
}
2026-08-11T09:26:24.871Z - [33mwarn[39m: [TransactionEventHandler]: strategyFail: commit failure for transaction "0f0dd21bd25ff2555036a2685dfb0e1575e46c7bb8a15003d4505c938744fd90": TransactionError: Commit of transaction 0f0dd21bd25ff2555036a2685dfb0e1575e46c7bb8a15003d4505c938744fd90 failed on peer peer0.financiers.example.com:7051 with status PHANTOM_READ_CONFLICT
    at TransactionEventHandler.eventCallback (/home/dhanish/fabric_sfc/caliper-bench/node_modules/fabric-network/lib/impl/event/transactioneventhandler.js:111:31)
    at CommitListenerSession.notifyListener (/home/dhanish/fabric_sfc/caliper-bench/node_modules/fabric-network/lib/impl/event/commitlistenersession.js:101:18)
    at EventListener.callback (/home/dhanish/fabric_sfc/caliper-bench/node_modules/fabric-network/lib/impl/event/commitlistenersession.js:92:18)
    at EventListener.onEvent (/home/dhanish/fabric_sfc/caliper-bench/node_modules/fabric-common/lib/EventListener.js:124:10)
    at EventService._callTransactionListener (/home/dhanish/fabric_sfc/caliper-bench/node_modules/fabric-common/lib/EventService.js:1051:16)
    at EventService._processTxEvents (/home/dhanish/fabric_sfc/caliper-bench/node_modules/fabric-common/lib/EventService.js:1006:12)
    at ClientDuplexStreamImpl.<anonymous> (/home/dhanish/fabric_sfc/caliper-bench/node_modules/fabric-common/lib/EventService.js:481:12)
    at ClientDuplexStreamImpl.emit (node:events:517:28)
    at addChunk (node:internal/streams/readable:368:12)
    at readableAddChunk (node:internal/streams/readable:341:9) {
  transactionId: '0f0dd21bd25ff2555036a2685dfb0e1575e46c7bb8a15003d4505c938744fd90',
  transactionCode: 'PHANTOM_READ_CONFLICT'
}
2026.08.11-09:26:24.871[31m error[39m [caliper] [connectors/v2/FabricGateway] 	Failed to perform submit transaction [aggregateGlobalModel] using arguments [finance-qtable-aggregate-3-0,1],  with error: TransactionError: Commit of transaction dde05fad00f12ca03d0ef6bd651aec7418d7e640bde1a1c1969f5414089a882a failed on peer peer0.financiers.example.com:7051 with status PHANTOM_READ_CONFLICT
    at TransactionEventHandler.eventCallback (/home/dhanish/fabric_sfc/caliper-bench/node_modules/fabric-network/lib/impl/event/transactioneventhandler.js:111:31)
    at CommitListenerSession.notifyListener (/home/dhanish/fabric_sfc/caliper-bench/node_modules/fabric-network/lib/impl/event/commitlistenersession.js:101:18)
    at EventListener.callback (/home/dhanish/fabric_sfc/caliper-bench/node_modules/fabric-network/lib/impl/event/commitlistenersession.js:92:18)
    at EventListener.onEvent (/home/dhanish/fabric_sfc/caliper-bench/node_modules/fabric-common/lib/EventListener.js:124:10)
    at EventService._callTransactionListener (/home/dhanish/fabric_sfc/caliper-bench/node_modules/fabric-common/lib/EventService.js:1051:16)
    at EventService._processTxEvents (/home/dhanish/fabric_sfc/caliper-bench/node_modules/fabric-common/lib/EventService.js:1006:12)
    at ClientDuplexStreamImpl.<anonymous> (/home/dhanish/fabric_sfc/caliper-bench/node_modules/fabric-common/lib/EventService.js:481:12)
    at ClientDuplexStreamImpl.emit (node:events:517:28)
    at addChunk (node:internal/streams/readable:368:12)
    at readableAddChunk (node:internal/streams/readable:341:9)
2026.08.11-09:26:24.872[31m error[39m [caliper] [connectors/v2/FabricGateway] 	Failed to perform submit transaction [aggregateGlobalModel] using arguments [finance-qtable-aggregate-3-0,1],  with error: TransactionError: Commit of transaction 0f0dd21bd25ff2555036a2685dfb0e1575e46c7bb8a15003d4505c938744fd90 failed on peer peer0.financiers.example.com:7051 with status PHANTOM_READ_CONFLICT
    at TransactionEventHandler.eventCallback (/home/dhanish/fabric_sfc/caliper-bench/node_modules/fabric-network/lib/impl/event/transactioneventhandler.js:111:31)
    at CommitListenerSession.notifyListener (/home/dhanish/fabric_sfc/caliper-bench/node_modules/fabric-network/lib/impl/event/commitlistenersession.js:101:18)
    at EventListener.callback (/home/dhanish/fabric_sfc/caliper-bench/node_modules/fabric-network/lib/impl/event/commitlistenersession.js:92:18)
    at EventListener.onEvent (/home/dhanish/fabric_sfc/caliper-bench/node_modules/fabric-common/lib/EventListener.js:124:10)
    at EventService._callTransactionListener (/home/dhanish/fabric_sfc/caliper-bench/node_modules/fabric-common/lib/EventService.js:1051:16)
    at EventService._processTxEvents (/home/dhanish/fabric_sfc/caliper-bench/node_modules/fabric-common/lib/EventService.js:1006:12)
    at ClientDuplexStreamImpl.<anonymous> (/home/dhanish/fabric_sfc/caliper-bench/node_modules/fabric-common/lib/EventService.js:481:12)
    at ClientDuplexStreamImpl.emit (node:events:517:28)
    at addChunk (node:internal/streams/readable:368:12)
    at readableAddChunk (node:internal/streams/readable:341:9)
2026-08-11T09:26:24.873Z - [33mwarn[39m: [TransactionEventHandler]: strategyFail: commit failure for transaction "3f8184d22316ed3b0ee54e82da24700338861bf6acd973532057588890ce0ce3": TransactionError: Commit of transaction 3f8184d22316ed3b0ee54e82da24700338861bf6acd973532057588890ce0ce3 failed on peer peer0.financiers.example.com:7051 with status PHANTOM_READ_CONFLICT
    at TransactionEventHandler.eventCallback (/home/dhanish/fabric_sfc/caliper-bench/node_modules/fabric-network/lib/impl/event/transactioneventhandler.js:111:31)
    at CommitListenerSession.notifyListener (/home/dhanish/fabric_sfc/caliper-bench/node_modules/fabric-network/lib/impl/event/commitlistenersession.js:101:18)
    at EventListener.callback (/home/dhanish/fabric_sfc/caliper-bench/node_modules/fabric-network/lib/impl/event/commitlistenersession.js:92:18)
    at EventListener.onEvent (/home/dhanish/fabric_sfc/caliper-bench/node_modules/fabric-common/lib/EventListener.js:124:10)
    at EventService._callTransactionListener (/home/dhanish/fabric_sfc/caliper-bench/node_modules/fabric-common/lib/EventService.js:1051:16)
    at EventService._processTxEvents (/home/dhanish/fabric_sfc/caliper-bench/node_modules/fabric-common/lib/EventService.js:1006:12)
    at ClientDuplexStreamImpl.<anonymous> (/home/dhanish/fabric_sfc/caliper-bench/node_modules/fabric-common/lib/EventService.js:481:12)
    at ClientDuplexStreamImpl.emit (node:events:517:28)
    at addChunk (node:internal/streams/readable:368:12)
    at readableAddChunk (node:internal/streams/readable:341:9) {
  transactionId: '3f8184d22316ed3b0ee54e82da24700338861bf6acd973532057588890ce0ce3',
  transactionCode: 'PHANTOM_READ_CONFLICT'
}
2026-08-11T09:26:24.873Z - [33mwarn[39m: [TransactionEventHandler]: strategyFail: commit failure for transaction "dd48f3f1db08a9135ce11336c8131723f1038f99d705223b633bc108e494f1ec": TransactionError: Commit of transaction dd48f3f1db08a9135ce11336c8131723f1038f99d705223b633bc108e494f1ec failed on peer peer0.financiers.example.com:7051 with status PHANTOM_READ_CONFLICT
    at TransactionEventHandler.eventCallback (/home/dhanish/fabric_sfc/caliper-bench/node_modules/fabric-network/lib/impl/event/transactioneventhandler.js:111:31)
    at CommitListenerSession.notifyListener (/home/dhanish/fabric_sfc/caliper-bench/node_modules/fabric-network/lib/impl/event/commitlistenersession.js:101:18)
    at EventListener.callback (/home/dhanish/fabric_sfc/caliper-bench/node_modules/fabric-network/lib/impl/event/commitlistenersession.js:92:18)
    at EventListener.onEvent (/home/dhanish/fabric_sfc/caliper-bench/node_modules/fabric-common/lib/EventListener.js:124:10)
    at EventService._callTransactionListener (/home/dhanish/fabric_sfc/caliper-bench/node_modules/fabric-common/lib/EventService.js:1051:16)
    at EventService._processTxEvents (/home/dhanish/fabric_sfc/caliper-bench/node_modules/fabric-common/lib/EventService.js:1006:12)
    at ClientDuplexStreamImpl.<anonymous> (/home/dhanish/fabric_sfc/caliper-bench/node_modules/fabric-common/lib/EventService.js:481:12)
    at ClientDuplexStreamImpl.emit (node:events:517:28)
    at addChunk (node:internal/streams/readable:368:12)
    at readableAddChunk (node:internal/streams/readable:341:9) {
  transactionId: 'dd48f3f1db08a9135ce11336c8131723f1038f99d705223b633bc108e494f1ec',
  transactionCode: 'PHANTOM_READ_CONFLICT'
}
2026-08-11T09:26:24.874Z - [33mwarn[39m: [TransactionEventHandler]: strategyFail: commit failure for transaction "512567ad32b2af0b8fd223baff1882f0d2db19570da471ea4c49970b08f42d7e": TransactionError: Commit of transaction 512567ad32b2af0b8fd223baff1882f0d2db19570da471ea4c49970b08f42d7e failed on peer peer0.financiers.example.com:7051 with status PHANTOM_READ_CONFLICT
    at TransactionEventHandler.eventCallback (/home/dhanish/fabric_sfc/caliper-bench/node_modules/fabric-network/lib/impl/event/transactioneventhandler.js:111:31)
    at CommitListenerSession.notifyListener (/home/dhanish/fabric_sfc/caliper-bench/node_modules/fabric-network/lib/impl/event/commitlistenersession.js:101:18)
    at EventListener.callback (/home/dhanish/fabric_sfc/caliper-bench/node_modules/fabric-network/lib/impl/event/commitlistenersession.js:92:18)
    at EventListener.onEvent (/home/dhanish/fabric_sfc/caliper-bench/node_modules/fabric-common/lib/EventListener.js:124:10)
    at EventService._callTransactionListener (/home/dhanish/fabric_sfc/caliper-bench/node_modules/fabric-common/lib/EventService.js:1051:16)
    at EventService._processTxEvents (/home/dhanish/fabric_sfc/caliper-bench/node_modules/fabric-common/lib/EventService.js:1006:12)
    at ClientDuplexStreamImpl.<anonymous> (/home/dhanish/fabric_sfc/caliper-bench/node_modules/fabric-common/lib/EventService.js:481:12)
    at ClientDuplexStreamImpl.emit (node:events:517:28)
    at addChunk (node:internal/streams/readable:368:12)
    at readableAddChunk (node:internal/streams/readable:341:9) {
  transactionId: '512567ad32b2af0b8fd223baff1882f0d2db19570da471ea4c49970b08f42d7e',
  transactionCode: 'PHANTOM_READ_CONFLICT'
}
2026.08.11-09:26:24.874[31m error[39m [caliper] [connectors/v2/FabricGateway] 	Failed to perform submit transaction [aggregateGlobalModel] using arguments [finance-qtable-aggregate-4-0,1],  with error: TransactionError: Commit of transaction dd48f3f1db08a9135ce11336c8131723f1038f99d705223b633bc108e494f1ec failed on peer peer0.financiers.example.com:7051 with status PHANTOM_READ_CONFLICT
    at TransactionEventHandler.eventCallback (/home/dhanish/fabric_sfc/caliper-bench/node_modules/fabric-network/lib/impl/event/transactioneventhandler.js:111:31)
    at CommitListenerSession.notifyListener (/home/dhanish/fabric_sfc/caliper-bench/node_modules/fabric-network/lib/impl/event/commitlistenersession.js:101:18)
    at EventListener.callback (/home/dhanish/fabric_sfc/caliper-bench/node_modules/fabric-network/lib/impl/event/commitlistenersession.js:92:18)
    at EventListener.onEvent (/home/dhanish/fabric_sfc/caliper-bench/node_modules/fabric-common/lib/EventListener.js:124:10)
    at EventService._callTransactionListener (/home/dhanish/fabric_sfc/caliper-bench/node_modules/fabric-common/lib/EventService.js:1051:16)
    at EventService._processTxEvents (/home/dhanish/fabric_sfc/caliper-bench/node_modules/fabric-common/lib/EventService.js:1006:12)
    at ClientDuplexStreamImpl.<anonymous> (/home/dhanish/fabric_sfc/caliper-bench/node_modules/fabric-common/lib/EventService.js:481:12)
    at ClientDuplexStreamImpl.emit (node:events:517:28)
    at addChunk (node:internal/streams/readable:368:12)
    at readableAddChunk (node:internal/streams/readable:341:9)
2026-08-11T09:26:24.874Z - [33mwarn[39m: [TransactionEventHandler]: strategyFail: commit failure for transaction "79e10a0c645cabbadc3a71ef1b838bf737cfd8c4ffc81f71c1170b7a260673e5": TransactionError: Commit of transaction 79e10a0c645cabbadc3a71ef1b838bf737cfd8c4ffc81f71c1170b7a260673e5 failed on peer peer0.financiers.example.com:7051 with status PHANTOM_READ_CONFLICT
    at TransactionEventHandler.eventCallback (/home/dhanish/fabric_sfc/caliper-bench/node_modules/fabric-network/lib/impl/event/transactioneventhandler.js:111:31)
    at CommitListenerSession.notifyListener (/home/dhanish/fabric_sfc/caliper-bench/node_modules/fabric-network/lib/impl/event/commitlistenersession.js:101:18)
    at EventListener.callback (/home/dhanish/fabric_sfc/caliper-bench/node_modules/fabric-network/lib/impl/event/commitlistenersession.js:92:18)
    at EventListener.onEvent (/home/dhanish/fabric_sfc/caliper-bench/node_modules/fabric-common/lib/EventListener.js:124:10)
    at EventService._callTransactionListener (/home/dhanish/fabric_sfc/caliper-bench/node_modules/fabric-common/lib/EventService.js:1051:16)
    at EventService._processTxEvents (/home/dhanish/fabric_sfc/caliper-bench/node_modules/fabric-common/lib/EventService.js:1006:12)
    at ClientDuplexStreamImpl.<anonymous> (/home/dhanish/fabric_sfc/caliper-bench/node_modules/fabric-common/lib/EventService.js:481:12)
    at ClientDuplexStreamImpl.emit (node:events:517:28)
    at addChunk (node:internal/streams/readable:368:12)
    at readableAddChunk (node:internal/streams/readable:341:9) {
  transactionId: '79e10a0c645cabbadc3a71ef1b838bf737cfd8c4ffc81f71c1170b7a260673e5',
  transactionCode: 'PHANTOM_READ_CONFLICT'
}
2026.08.11-09:26:24.875[31m error[39m [caliper] [connectors/v2/FabricGateway] 	Failed to perform submit transaction [aggregateGlobalModel] using arguments [finance-qtable-aggregate-0-0,1],  with error: TransactionError: Commit of transaction 3f8184d22316ed3b0ee54e82da24700338861bf6acd973532057588890ce0ce3 failed on peer peer0.financiers.example.com:7051 with status PHANTOM_READ_CONFLICT
    at TransactionEventHandler.eventCallback (/home/dhanish/fabric_sfc/caliper-bench/node_modules/fabric-network/lib/impl/event/transactioneventhandler.js:111:31)
    at CommitListenerSession.notifyListener (/home/dhanish/fabric_sfc/caliper-bench/node_modules/fabric-network/lib/impl/event/commitlistenersession.js:101:18)
    at EventListener.callback (/home/dhanish/fabric_sfc/caliper-bench/node_modules/fabric-network/lib/impl/event/commitlistenersession.js:92:18)
    at EventListener.onEvent (/home/dhanish/fabric_sfc/caliper-bench/node_modules/fabric-common/lib/EventListener.js:124:10)
    at EventService._callTransactionListener (/home/dhanish/fabric_sfc/caliper-bench/node_modules/fabric-common/lib/EventService.js:1051:16)
    at EventService._processTxEvents (/home/dhanish/fabric_sfc/caliper-bench/node_modules/fabric-common/lib/EventService.js:1006:12)
    at ClientDuplexStreamImpl.<anonymous> (/home/dhanish/fabric_sfc/caliper-bench/node_modules/fabric-common/lib/EventService.js:481:12)
    at ClientDuplexStreamImpl.emit (node:events:517:28)
    at addChunk (node:internal/streams/readable:368:12)
    at readableAddChunk (node:internal/streams/readable:341:9)
2026.08.11-09:26:24.875[31m error[39m [caliper] [connectors/v2/FabricGateway] 	Failed to perform submit transaction [aggregateGlobalModel] using arguments [finance-qtable-aggregate-0-0,1],  with error: TransactionError: Commit of transaction 512567ad32b2af0b8fd223baff1882f0d2db19570da471ea4c49970b08f42d7e failed on peer peer0.financiers.example.com:7051 with status PHANTOM_READ_CONFLICT
    at TransactionEventHandler.eventCallback (/home/dhanish/fabric_sfc/caliper-bench/node_modules/fabric-network/lib/impl/event/transactioneventhandler.js:111:31)
    at CommitListenerSession.notifyListener (/home/dhanish/fabric_sfc/caliper-bench/node_modules/fabric-network/lib/impl/event/commitlistenersession.js:101:18)
    at EventListener.callback (/home/dhanish/fabric_sfc/caliper-bench/node_modules/fabric-network/lib/impl/event/commitlistenersession.js:92:18)
    at EventListener.onEvent (/home/dhanish/fabric_sfc/caliper-bench/node_modules/fabric-common/lib/EventListener.js:124:10)
    at EventService._callTransactionListener (/home/dhanish/fabric_sfc/caliper-bench/node_modules/fabric-common/lib/EventService.js:1051:16)
    at EventService._processTxEvents (/home/dhanish/fabric_sfc/caliper-bench/node_modules/fabric-common/lib/EventService.js:1006:12)
    at ClientDuplexStreamImpl.<anonymous> (/home/dhanish/fabric_sfc/caliper-bench/node_modules/fabric-common/lib/EventService.js:481:12)
    at ClientDuplexStreamImpl.emit (node:events:517:28)
    at addChunk (node:internal/streams/readable:368:12)
    at readableAddChunk (node:internal/streams/readable:341:9)
2026.08.11-09:26:24.875[31m error[39m [caliper] [connectors/v2/FabricGateway] 	Failed to perform submit transaction [aggregateGlobalModel] using arguments [finance-qtable-aggregate-0-0,1],  with error: TransactionError: Commit of transaction 79e10a0c645cabbadc3a71ef1b838bf737cfd8c4ffc81f71c1170b7a260673e5 failed on peer peer0.financiers.example.com:7051 with status PHANTOM_READ_CONFLICT
    at TransactionEventHandler.eventCallback (/home/dhanish/fabric_sfc/caliper-bench/node_modules/fabric-network/lib/impl/event/transactioneventhandler.js:111:31)
    at CommitListenerSession.notifyListener (/home/dhanish/fabric_sfc/caliper-bench/node_modules/fabric-network/lib/impl/event/commitlistenersession.js:101:18)
    at EventListener.callback (/home/dhanish/fabric_sfc/caliper-bench/node_modules/fabric-network/lib/impl/event/commitlistenersession.js:92:18)
    at EventListener.onEvent (/home/dhanish/fabric_sfc/caliper-bench/node_modules/fabric-common/lib/EventListener.js:124:10)
    at EventService._callTransactionListener (/home/dhanish/fabric_sfc/caliper-bench/node_modules/fabric-common/lib/EventService.js:1051:16)
    at EventService._processTxEvents (/home/dhanish/fabric_sfc/caliper-bench/node_modules/fabric-common/lib/EventService.js:1006:12)
    at ClientDuplexStreamImpl.<anonymous> (/home/dhanish/fabric_sfc/caliper-bench/node_modules/fabric-common/lib/EventService.js:481:12)
    at ClientDuplexStreamImpl.emit (node:events:517:28)
    at addChunk (node:internal/streams/readable:368:12)
    at readableAddChunk (node:internal/streams/readable:341:9)
2026-08-11T09:26:24.876Z - [33mwarn[39m: [TransactionEventHandler]: strategyFail: commit failure for transaction "00525308a6ed1eccf4576bba683cc2d9959e36c3293120778fdbbdaa598dcbe0": TransactionError: Commit of transaction 00525308a6ed1eccf4576bba683cc2d9959e36c3293120778fdbbdaa598dcbe0 failed on peer peer0.financiers.example.com:7051 with status PHANTOM_READ_CONFLICT
    at TransactionEventHandler.eventCallback (/home/dhanish/fabric_sfc/caliper-bench/node_modules/fabric-network/lib/impl/event/transactioneventhandler.js:111:31)
    at CommitListenerSession.notifyListener (/home/dhanish/fabric_sfc/caliper-bench/node_modules/fabric-network/lib/impl/event/commitlistenersession.js:101:18)
    at EventListener.callback (/home/dhanish/fabric_sfc/caliper-bench/node_modules/fabric-network/lib/impl/event/commitlistenersession.js:92:18)
    at EventListener.onEvent (/home/dhanish/fabric_sfc/caliper-bench/node_modules/fabric-common/lib/EventListener.js:124:10)
    at EventService._callTransactionListener (/home/dhanish/fabric_sfc/caliper-bench/node_modules/fabric-common/lib/EventService.js:1051:16)
    at EventService._processTxEvents (/home/dhanish/fabric_sfc/caliper-bench/node_modules/fabric-common/lib/EventService.js:1006:12)
    at ClientDuplexStreamImpl.<anonymous> (/home/dhanish/fabric_sfc/caliper-bench/node_modules/fabric-common/lib/EventService.js:481:12)
    at ClientDuplexStreamImpl.emit (node:events:517:28)
    at addChunk (node:internal/streams/readable:368:12)
    at readableAddChunk (node:internal/streams/readable:341:9) {
  transactionId: '00525308a6ed1eccf4576bba683cc2d9959e36c3293120778fdbbdaa598dcbe0',
  transactionCode: 'PHANTOM_READ_CONFLICT'
}
2026.08.11-09:26:24.877[31m error[39m [caliper] [connectors/v2/FabricGateway] 	Failed to perform submit transaction [aggregateGlobalModel] using arguments [finance-qtable-aggregate-2-0,1],  with error: TransactionError: Commit of transaction 00525308a6ed1eccf4576bba683cc2d9959e36c3293120778fdbbdaa598dcbe0 failed on peer peer0.financiers.example.com:7051 with status PHANTOM_READ_CONFLICT
    at TransactionEventHandler.eventCallback (/home/dhanish/fabric_sfc/caliper-bench/node_modules/fabric-network/lib/impl/event/transactioneventhandler.js:111:31)
    at CommitListenerSession.notifyListener (/home/dhanish/fabric_sfc/caliper-bench/node_modules/fabric-network/lib/impl/event/commitlistenersession.js:101:18)
    at EventListener.callback (/home/dhanish/fabric_sfc/caliper-bench/node_modules/fabric-network/lib/impl/event/commitlistenersession.js:92:18)
    at EventListener.onEvent (/home/dhanish/fabric_sfc/caliper-bench/node_modules/fabric-common/lib/EventListener.js:124:10)
    at EventService._callTransactionListener (/home/dhanish/fabric_sfc/caliper-bench/node_modules/fabric-common/lib/EventService.js:1051:16)
    at EventService._processTxEvents (/home/dhanish/fabric_sfc/caliper-bench/node_modules/fabric-common/lib/EventService.js:1006:12)
    at ClientDuplexStreamImpl.<anonymous> (/home/dhanish/fabric_sfc/caliper-bench/node_modules/fabric-common/lib/EventService.js:481:12)
    at ClientDuplexStreamImpl.emit (node:events:517:28)
    at addChunk (node:internal/streams/readable:368:12)
    at readableAddChunk (node:internal/streams/readable:341:9)
2026-08-11T09:26:24.899Z - [33mwarn[39m: [TransactionEventHandler]: strategyFail: commit failure for transaction "e5485ea2df34d40a06fc1a25f495c3c8d5aeed141bddba9eb75b66089857e8ba": TransactionError: Commit of transaction e5485ea2df34d40a06fc1a25f495c3c8d5aeed141bddba9eb75b66089857e8ba failed on peer peer0.financiers.example.com:7051 with status PHANTOM_READ_CONFLICT
    at TransactionEventHandler.eventCallback (/home/dhanish/fabric_sfc/caliper-bench/node_modules/fabric-network/lib/impl/event/transactioneventhandler.js:111:31)
    at CommitListenerSession.notifyListener (/home/dhanish/fabric_sfc/caliper-bench/node_modules/fabric-network/lib/impl/event/commitlistenersession.js:101:18)
    at EventListener.callback (/home/dhanish/fabric_sfc/caliper-bench/node_modules/fabric-network/lib/impl/event/commitlistenersession.js:92:18)
    at EventListener.onEvent (/home/dhanish/fabric_sfc/caliper-bench/node_modules/fabric-common/lib/EventListener.js:124:10)
    at EventService._callTransactionListener (/home/dhanish/fabric_sfc/caliper-bench/node_modules/fabric-common/lib/EventService.js:1051:16)
    at EventService._processTxEvents (/home/dhanish/fabric_sfc/caliper-bench/node_modules/fabric-common/lib/EventService.js:1006:12)
    at ClientDuplexStreamImpl.<anonymous> (/home/dhanish/fabric_sfc/caliper-bench/node_modules/fabric-common/lib/EventService.js:481:12)
    at ClientDuplexStreamImpl.emit (node:events:517:28)
    at addChunk (node:internal/streams/readable:368:12)
    at readableAddChunk (node:internal/streams/readable:341:9) {
  transactionId: 'e5485ea2df34d40a06fc1a25f495c3c8d5aeed141bddba9eb75b66089857e8ba',
  transactionCode: 'PHANTOM_READ_CONFLICT'
}
2026-08-11T09:26:24.899Z - [33mwarn[39m: [TransactionEventHandler]: strategyFail: commit failure for transaction "09fcd6498dfac2d54a2d586a0b607d6830f21092e4cc5839bd9bb6b101d86e26": TransactionError: Commit of transaction 09fcd6498dfac2d54a2d586a0b607d6830f21092e4cc5839bd9bb6b101d86e26 failed on peer peer0.financiers.example.com:7051 with status PHANTOM_READ_CONFLICT
    at TransactionEventHandler.eventCallback (/home/dhanish/fabric_sfc/caliper-bench/node_modules/fabric-network/lib/impl/event/transactioneventhandler.js:111:31)
    at CommitListenerSession.notifyListener (/home/dhanish/fabric_sfc/caliper-bench/node_modules/fabric-network/lib/impl/event/commitlistenersession.js:101:18)
    at EventListener.callback (/home/dhanish/fabric_sfc/caliper-bench/node_modules/fabric-network/lib/impl/event/commitlistenersession.js:92:18)
    at EventListener.onEvent (/home/dhanish/fabric_sfc/caliper-bench/node_modules/fabric-common/lib/EventListener.js:124:10)
    at EventService._callTransactionListener (/home/dhanish/fabric_sfc/caliper-bench/node_modules/fabric-common/lib/EventService.js:1051:16)
    at EventService._processTxEvents (/home/dhanish/fabric_sfc/caliper-bench/node_modules/fabric-common/lib/EventService.js:1006:12)
    at ClientDuplexStreamImpl.<anonymous> (/home/dhanish/fabric_sfc/caliper-bench/node_modules/fabric-common/lib/EventService.js:481:12)
    at ClientDuplexStreamImpl.emit (node:events:517:28)
    at addChunk (node:internal/streams/readable:368:12)
    at readableAddChunk (node:internal/streams/readable:341:9) {
  transactionId: '09fcd6498dfac2d54a2d586a0b607d6830f21092e4cc5839bd9bb6b101d86e26',
  transactionCode: 'PHANTOM_READ_CONFLICT'
}
2026.08.11-09:26:24.899[31m error[39m [caliper] [connectors/v2/FabricGateway] 	Failed to perform submit transaction [aggregateGlobalModel] using arguments [finance-qtable-aggregate-3-0,1],  with error: TransactionError: Commit of transaction 09fcd6498dfac2d54a2d586a0b607d6830f21092e4cc5839bd9bb6b101d86e26 failed on peer peer0.financiers.example.com:7051 with status PHANTOM_READ_CONFLICT
    at TransactionEventHandler.eventCallback (/home/dhanish/fabric_sfc/caliper-bench/node_modules/fabric-network/lib/impl/event/transactioneventhandler.js:111:31)
    at CommitListenerSession.notifyListener (/home/dhanish/fabric_sfc/caliper-bench/node_modules/fabric-network/lib/impl/event/commitlistenersession.js:101:18)
    at EventListener.callback (/home/dhanish/fabric_sfc/caliper-bench/node_modules/fabric-network/lib/impl/event/commitlistenersession.js:92:18)
    at EventListener.onEvent (/home/dhanish/fabric_sfc/caliper-bench/node_modules/fabric-common/lib/EventListener.js:124:10)
    at EventService._callTransactionListener (/home/dhanish/fabric_sfc/caliper-bench/node_modules/fabric-common/lib/EventService.js:1051:16)
    at EventService._processTxEvents (/home/dhanish/fabric_sfc/caliper-bench/node_modules/fabric-common/lib/EventService.js:1006:12)
    at ClientDuplexStreamImpl.<anonymous> (/home/dhanish/fabric_sfc/caliper-bench/node_modules/fabric-common/lib/EventService.js:481:12)
    at ClientDuplexStreamImpl.emit (node:events:517:28)
    at addChunk (node:internal/streams/readable:368:12)
    at readableAddChunk (node:internal/streams/readable:341:9)
2026.08.11-09:26:24.900[31m error[39m [caliper] [connectors/v2/FabricGateway] 	Failed to perform submit transaction [aggregateGlobalModel] using arguments [finance-qtable-aggregate-4-0,1],  with error: TransactionError: Commit of transaction e5485ea2df34d40a06fc1a25f495c3c8d5aeed141bddba9eb75b66089857e8ba failed on peer peer0.financiers.example.com:7051 with status PHANTOM_READ_CONFLICT
    at TransactionEventHandler.eventCallback (/home/dhanish/fabric_sfc/caliper-bench/node_modules/fabric-network/lib/impl/event/transactioneventhandler.js:111:31)
    at CommitListenerSession.notifyListener (/home/dhanish/fabric_sfc/caliper-bench/node_modules/fabric-network/lib/impl/event/commitlistenersession.js:101:18)
    at EventListener.callback (/home/dhanish/fabric_sfc/caliper-bench/node_modules/fabric-network/lib/impl/event/commitlistenersession.js:92:18)
    at EventListener.onEvent (/home/dhanish/fabric_sfc/caliper-bench/node_modules/fabric-common/lib/EventListener.js:124:10)
    at EventService._callTransactionListener (/home/dhanish/fabric_sfc/caliper-bench/node_modules/fabric-common/lib/EventService.js:1051:16)
    at EventService._processTxEvents (/home/dhanish/fabric_sfc/caliper-bench/node_modules/fabric-common/lib/EventService.js:1006:12)
    at ClientDuplexStreamImpl.<anonymous> (/home/dhanish/fabric_sfc/caliper-bench/node_modules/fabric-common/lib/EventService.js:481:12)
    at ClientDuplexStreamImpl.emit (node:events:517:28)
    at addChunk (node:internal/streams/readable:368:12)
    at readableAddChunk (node:internal/streams/readable:341:9)
2026-08-11T09:26:24.904Z - [33mwarn[39m: [TransactionEventHandler]: strategyFail: commit failure for transaction "732ffb97444b280abd9938f594b88d335867ceadccaa01760f19998ee501db34": TransactionError: Commit of transaction 732ffb97444b280abd9938f594b88d335867ceadccaa01760f19998ee501db34 failed on peer peer0.financiers.example.com:7051 with status PHANTOM_READ_CONFLICT
    at TransactionEventHandler.eventCallback (/home/dhanish/fabric_sfc/caliper-bench/node_modules/fabric-network/lib/impl/event/transactioneventhandler.js:111:31)
    at CommitListenerSession.notifyListener (/home/dhanish/fabric_sfc/caliper-bench/node_modules/fabric-network/lib/impl/event/commitlistenersession.js:101:18)
    at EventListener.callback (/home/dhanish/fabric_sfc/caliper-bench/node_modules/fabric-network/lib/impl/event/commitlistenersession.js:92:18)
    at EventListener.onEvent (/home/dhanish/fabric_sfc/caliper-bench/node_modules/fabric-common/lib/EventListener.js:124:10)
    at EventService._callTransactionListener (/home/dhanish/fabric_sfc/caliper-bench/node_modules/fabric-common/lib/EventService.js:1051:16)
    at EventService._processTxEvents (/home/dhanish/fabric_sfc/caliper-bench/node_modules/fabric-common/lib/EventService.js:1006:12)
    at ClientDuplexStreamImpl.<anonymous> (/home/dhanish/fabric_sfc/caliper-bench/node_modules/fabric-common/lib/EventService.js:481:12)
    at ClientDuplexStreamImpl.emit (node:events:517:28)
    at addChunk (node:internal/streams/readable:368:12)
    at readableAddChunk (node:internal/streams/readable:341:9) {
  transactionId: '732ffb97444b280abd9938f594b88d335867ceadccaa01760f19998ee501db34',
  transactionCode: 'PHANTOM_READ_CONFLICT'
}
2026-08-11T09:26:24.904Z - [33mwarn[39m: [TransactionEventHandler]: strategyFail: commit failure for transaction "05a12105911bb00a0205df28340f52eb433fc52dd0cf981b7401f67258ced099": TransactionError: Commit of transaction 05a12105911bb00a0205df28340f52eb433fc52dd0cf981b7401f67258ced099 failed on peer peer0.financiers.example.com:7051 with status PHANTOM_READ_CONFLICT
    at TransactionEventHandler.eventCallback (/home/dhanish/fabric_sfc/caliper-bench/node_modules/fabric-network/lib/impl/event/transactioneventhandler.js:111:31)
    at CommitListenerSession.notifyListener (/home/dhanish/fabric_sfc/caliper-bench/node_modules/fabric-network/lib/impl/event/commitlistenersession.js:101:18)
    at EventListener.callback (/home/dhanish/fabric_sfc/caliper-bench/node_modules/fabric-network/lib/impl/event/commitlistenersession.js:92:18)
    at EventListener.onEvent (/home/dhanish/fabric_sfc/caliper-bench/node_modules/fabric-common/lib/EventListener.js:124:10)
    at EventService._callTransactionListener (/home/dhanish/fabric_sfc/caliper-bench/node_modules/fabric-common/lib/EventService.js:1051:16)
    at EventService._processTxEvents (/home/dhanish/fabric_sfc/caliper-bench/node_modules/fabric-common/lib/EventService.js:1006:12)
    at ClientDuplexStreamImpl.<anonymous> (/home/dhanish/fabric_sfc/caliper-bench/node_modules/fabric-common/lib/EventService.js:481:12)
    at ClientDuplexStreamImpl.emit (node:events:517:28)
    at addChunk (node:internal/streams/readable:368:12)
    at readableAddChunk (node:internal/streams/readable:341:9) {
  transactionId: '05a12105911bb00a0205df28340f52eb433fc52dd0cf981b7401f67258ced099',
  transactionCode: 'PHANTOM_READ_CONFLICT'
}
2026-08-11T09:26:24.905Z - [33mwarn[39m: [TransactionEventHandler]: strategyFail: commit failure for transaction "001a00527854efdde8ea840189e7bb31aee0d92e1cf0a19bf11d273cb029e6d2": TransactionError: Commit of transaction 001a00527854efdde8ea840189e7bb31aee0d92e1cf0a19bf11d273cb029e6d2 failed on peer peer0.financiers.example.com:7051 with status PHANTOM_READ_CONFLICT
    at TransactionEventHandler.eventCallback (/home/dhanish/fabric_sfc/caliper-bench/node_modules/fabric-network/lib/impl/event/transactioneventhandler.js:111:31)
    at CommitListenerSession.notifyListener (/home/dhanish/fabric_sfc/caliper-bench/node_modules/fabric-network/lib/impl/event/commitlistenersession.js:101:18)
    at EventListener.callback (/home/dhanish/fabric_sfc/caliper-bench/node_modules/fabric-network/lib/impl/event/commitlistenersession.js:92:18)
    at EventListener.onEvent (/home/dhanish/fabric_sfc/caliper-bench/node_modules/fabric-common/lib/EventListener.js:124:10)
    at EventService._callTransactionListener (/home/dhanish/fabric_sfc/caliper-bench/node_modules/fabric-common/lib/EventService.js:1051:16)
    at EventService._processTxEvents (/home/dhanish/fabric_sfc/caliper-bench/node_modules/fabric-common/lib/EventService.js:1006:12)
    at ClientDuplexStreamImpl.<anonymous> (/home/dhanish/fabric_sfc/caliper-bench/node_modules/fabric-common/lib/EventService.js:481:12)
    at ClientDuplexStreamImpl.emit (node:events:517:28)
    at addChunk (node:internal/streams/readable:368:12)
    at readableAddChunk (node:internal/streams/readable:341:9) {
  transactionId: '001a00527854efdde8ea840189e7bb31aee0d92e1cf0a19bf11d273cb029e6d2',
  transactionCode: 'PHANTOM_READ_CONFLICT'
}
2026.08.11-09:26:24.906[31m error[39m [caliper] [connectors/v2/FabricGateway] 	Failed to perform submit transaction [aggregateGlobalModel] using arguments [finance-qtable-aggregate-2-0,1],  with error: TransactionError: Commit of transaction 732ffb97444b280abd9938f594b88d335867ceadccaa01760f19998ee501db34 failed on peer peer0.financiers.example.com:7051 with status PHANTOM_READ_CONFLICT
    at TransactionEventHandler.eventCallback (/home/dhanish/fabric_sfc/caliper-bench/node_modules/fabric-network/lib/impl/event/transactioneventhandler.js:111:31)
    at CommitListenerSession.notifyListener (/home/dhanish/fabric_sfc/caliper-bench/node_modules/fabric-network/lib/impl/event/commitlistenersession.js:101:18)
    at EventListener.callback (/home/dhanish/fabric_sfc/caliper-bench/node_modules/fabric-network/lib/impl/event/commitlistenersession.js:92:18)
    at EventListener.onEvent (/home/dhanish/fabric_sfc/caliper-bench/node_modules/fabric-common/lib/EventListener.js:124:10)
    at EventService._callTransactionListener (/home/dhanish/fabric_sfc/caliper-bench/node_modules/fabric-common/lib/EventService.js:1051:16)
    at EventService._processTxEvents (/home/dhanish/fabric_sfc/caliper-bench/node_modules/fabric-common/lib/EventService.js:1006:12)
    at ClientDuplexStreamImpl.<anonymous> (/home/dhanish/fabric_sfc/caliper-bench/node_modules/fabric-common/lib/EventService.js:481:12)
    at ClientDuplexStreamImpl.emit (node:events:517:28)
    at addChunk (node:internal/streams/readable:368:12)
    at readableAddChunk (node:internal/streams/readable:341:9)
2026.08.11-09:26:24.906[31m error[39m [caliper] [connectors/v2/FabricGateway] 	Failed to perform submit transaction [aggregateGlobalModel] using arguments [finance-qtable-aggregate-2-0,1],  with error: TransactionError: Commit of transaction 05a12105911bb00a0205df28340f52eb433fc52dd0cf981b7401f67258ced099 failed on peer peer0.financiers.example.com:7051 with status PHANTOM_READ_CONFLICT
    at TransactionEventHandler.eventCallback (/home/dhanish/fabric_sfc/caliper-bench/node_modules/fabric-network/lib/impl/event/transactioneventhandler.js:111:31)
    at CommitListenerSession.notifyListener (/home/dhanish/fabric_sfc/caliper-bench/node_modules/fabric-network/lib/impl/event/commitlistenersession.js:101:18)
    at EventListener.callback (/home/dhanish/fabric_sfc/caliper-bench/node_modules/fabric-network/lib/impl/event/commitlistenersession.js:92:18)
    at EventListener.onEvent (/home/dhanish/fabric_sfc/caliper-bench/node_modules/fabric-common/lib/EventListener.js:124:10)
    at EventService._callTransactionListener (/home/dhanish/fabric_sfc/caliper-bench/node_modules/fabric-common/lib/EventService.js:1051:16)
    at EventService._processTxEvents (/home/dhanish/fabric_sfc/caliper-bench/node_modules/fabric-common/lib/EventService.js:1006:12)
    at ClientDuplexStreamImpl.<anonymous> (/home/dhanish/fabric_sfc/caliper-bench/node_modules/fabric-common/lib/EventService.js:481:12)
    at ClientDuplexStreamImpl.emit (node:events:517:28)
    at addChunk (node:internal/streams/readable:368:12)
    at readableAddChunk (node:internal/streams/readable:341:9)
2026.08.11-09:26:24.906[31m error[39m [caliper] [connectors/v2/FabricGateway] 	Failed to perform submit transaction [aggregateGlobalModel] using arguments [finance-qtable-aggregate-2-0,1],  with error: TransactionError: Commit of transaction 001a00527854efdde8ea840189e7bb31aee0d92e1cf0a19bf11d273cb029e6d2 failed on peer peer0.financiers.example.com:7051 with status PHANTOM_READ_CONFLICT
    at TransactionEventHandler.eventCallback (/home/dhanish/fabric_sfc/caliper-bench/node_modules/fabric-network/lib/impl/event/transactioneventhandler.js:111:31)
    at CommitListenerSession.notifyListener (/home/dhanish/fabric_sfc/caliper-bench/node_modules/fabric-network/lib/impl/event/commitlistenersession.js:101:18)
    at EventListener.callback (/home/dhanish/fabric_sfc/caliper-bench/node_modules/fabric-network/lib/impl/event/commitlistenersession.js:92:18)
    at EventListener.onEvent (/home/dhanish/fabric_sfc/caliper-bench/node_modules/fabric-common/lib/EventListener.js:124:10)
    at EventService._callTransactionListener (/home/dhanish/fabric_sfc/caliper-bench/node_modules/fabric-common/lib/EventService.js:1051:16)
    at EventService._processTxEvents (/home/dhanish/fabric_sfc/caliper-bench/node_modules/fabric-common/lib/EventService.js:1006:12)
    at ClientDuplexStreamImpl.<anonymous> (/home/dhanish/fabric_sfc/caliper-bench/node_modules/fabric-common/lib/EventService.js:481:12)
    at ClientDuplexStreamImpl.emit (node:events:517:28)
    at addChunk (node:internal/streams/readable:368:12)
    at readableAddChunk (node:internal/streams/readable:341:9)
2026-08-11T09:26:24.927Z - [33mwarn[39m: [TransactionEventHandler]: strategyFail: commit failure for transaction "0dcfb17dae0aa278343cce7e09b274d82362bd9dc59b09266763afceb4d69239": TransactionError: Commit of transaction 0dcfb17dae0aa278343cce7e09b274d82362bd9dc59b09266763afceb4d69239 failed on peer peer0.financiers.example.com:7051 with status PHANTOM_READ_CONFLICT
    at TransactionEventHandler.eventCallback (/home/dhanish/fabric_sfc/caliper-bench/node_modules/fabric-network/lib/impl/event/transactioneventhandler.js:111:31)
    at CommitListenerSession.notifyListener (/home/dhanish/fabric_sfc/caliper-bench/node_modules/fabric-network/lib/impl/event/commitlistenersession.js:101:18)
    at EventListener.callback (/home/dhanish/fabric_sfc/caliper-bench/node_modules/fabric-network/lib/impl/event/commitlistenersession.js:92:18)
    at EventListener.onEvent (/home/dhanish/fabric_sfc/caliper-bench/node_modules/fabric-common/lib/EventListener.js:124:10)
    at EventService._callTransactionListener (/home/dhanish/fabric_sfc/caliper-bench/node_modules/fabric-common/lib/EventService.js:1051:16)
    at EventService._processTxEvents (/home/dhanish/fabric_sfc/caliper-bench/node_modules/fabric-common/lib/EventService.js:1006:12)
    at ClientDuplexStreamImpl.<anonymous> (/home/dhanish/fabric_sfc/caliper-bench/node_modules/fabric-common/lib/EventService.js:481:12)
    at ClientDuplexStreamImpl.emit (node:events:517:28)
    at addChunk (node:internal/streams/readable:368:12)
    at readableAddChunk (node:internal/streams/readable:341:9) {
  transactionId: '0dcfb17dae0aa278343cce7e09b274d82362bd9dc59b09266763afceb4d69239',
  transactionCode: 'PHANTOM_READ_CONFLICT'
}
2026.08.11-09:26:24.927[31m error[39m [caliper] [connectors/v2/FabricGateway] 	Failed to perform submit transaction [aggregateGlobalModel] using arguments [finance-qtable-aggregate-2-0,1],  with error: TransactionError: Commit of transaction 0dcfb17dae0aa278343cce7e09b274d82362bd9dc59b09266763afceb4d69239 failed on peer peer0.financiers.example.com:7051 with status PHANTOM_READ_CONFLICT
    at TransactionEventHandler.eventCallback (/home/dhanish/fabric_sfc/caliper-bench/node_modules/fabric-network/lib/impl/event/transactioneventhandler.js:111:31)
    at CommitListenerSession.notifyListener (/home/dhanish/fabric_sfc/caliper-bench/node_modules/fabric-network/lib/impl/event/commitlistenersession.js:101:18)
    at EventListener.callback (/home/dhanish/fabric_sfc/caliper-bench/node_modules/fabric-network/lib/impl/event/commitlistenersession.js:92:18)
    at EventListener.onEvent (/home/dhanish/fabric_sfc/caliper-bench/node_modules/fabric-common/lib/EventListener.js:124:10)
    at EventService._callTransactionListener (/home/dhanish/fabric_sfc/caliper-bench/node_modules/fabric-common/lib/EventService.js:1051:16)
    at EventService._processTxEvents (/home/dhanish/fabric_sfc/caliper-bench/node_modules/fabric-common/lib/EventService.js:1006:12)
    at ClientDuplexStreamImpl.<anonymous> (/home/dhanish/fabric_sfc/caliper-bench/node_modules/fabric-common/lib/EventService.js:481:12)
    at ClientDuplexStreamImpl.emit (node:events:517:28)
    at addChunk (node:internal/streams/readable:368:12)
    at readableAddChunk (node:internal/streams/readable:341:9)
2026-08-11T09:26:24.935Z - [33mwarn[39m: [TransactionEventHandler]: strategyFail: commit failure for transaction "0f42fd5ef9d77c95038389786a91d00d03caee37120f77975524898e85182ae8": TransactionError: Commit of transaction 0f42fd5ef9d77c95038389786a91d00d03caee37120f77975524898e85182ae8 failed on peer peer0.financiers.example.com:7051 with status PHANTOM_READ_CONFLICT
    at TransactionEventHandler.eventCallback (/home/dhanish/fabric_sfc/caliper-bench/node_modules/fabric-network/lib/impl/event/transactioneventhandler.js:111:31)
    at CommitListenerSession.notifyListener (/home/dhanish/fabric_sfc/caliper-bench/node_modules/fabric-network/lib/impl/event/commitlistenersession.js:101:18)
    at EventListener.callback (/home/dhanish/fabric_sfc/caliper-bench/node_modules/fabric-network/lib/impl/event/commitlistenersession.js:92:18)
    at EventListener.onEvent (/home/dhanish/fabric_sfc/caliper-bench/node_modules/fabric-common/lib/EventListener.js:124:10)
    at EventService._callTransactionListener (/home/dhanish/fabric_sfc/caliper-bench/node_modules/fabric-common/lib/EventService.js:1051:16)
    at EventService._processTxEvents (/home/dhanish/fabric_sfc/caliper-bench/node_modules/fabric-common/lib/EventService.js:1006:12)
    at ClientDuplexStreamImpl.<anonymous> (/home/dhanish/fabric_sfc/caliper-bench/node_modules/fabric-common/lib/EventService.js:481:12)
    at ClientDuplexStreamImpl.emit (node:events:517:28)
    at addChunk (node:internal/streams/readable:368:12)
    at readableAddChunk (node:internal/streams/readable:341:9) {
  transactionId: '0f42fd5ef9d77c95038389786a91d00d03caee37120f77975524898e85182ae8',
  transactionCode: 'PHANTOM_READ_CONFLICT'
}
2026.08.11-09:26:24.935[31m error[39m [caliper] [connectors/v2/FabricGateway] 	Failed to perform submit transaction [aggregateGlobalModel] using arguments [finance-qtable-aggregate-3-0,1],  with error: TransactionError: Commit of transaction 0f42fd5ef9d77c95038389786a91d00d03caee37120f77975524898e85182ae8 failed on peer peer0.financiers.example.com:7051 with status PHANTOM_READ_CONFLICT
    at TransactionEventHandler.eventCallback (/home/dhanish/fabric_sfc/caliper-bench/node_modules/fabric-network/lib/impl/event/transactioneventhandler.js:111:31)
    at CommitListenerSession.notifyListener (/home/dhanish/fabric_sfc/caliper-bench/node_modules/fabric-network/lib/impl/event/commitlistenersession.js:101:18)
    at EventListener.callback (/home/dhanish/fabric_sfc/caliper-bench/node_modules/fabric-network/lib/impl/event/commitlistenersession.js:92:18)
    at EventListener.onEvent (/home/dhanish/fabric_sfc/caliper-bench/node_modules/fabric-common/lib/EventListener.js:124:10)
    at EventService._callTransactionListener (/home/dhanish/fabric_sfc/caliper-bench/node_modules/fabric-common/lib/EventService.js:1051:16)
    at EventService._processTxEvents (/home/dhanish/fabric_sfc/caliper-bench/node_modules/fabric-common/lib/EventService.js:1006:12)
    at ClientDuplexStreamImpl.<anonymous> (/home/dhanish/fabric_sfc/caliper-bench/node_modules/fabric-common/lib/EventService.js:481:12)
    at ClientDuplexStreamImpl.emit (node:events:517:28)
    at addChunk (node:internal/streams/readable:368:12)
    at readableAddChunk (node:internal/streams/readable:341:9)
2026-08-11T09:26:24.959Z - [33mwarn[39m: [TransactionEventHandler]: strategyFail: commit failure for transaction "832c8c07a650c8aee5a9040c1ced5d189803e408e2ca83a53d3dc4df3f722c6e": TransactionError: Commit of transaction 832c8c07a650c8aee5a9040c1ced5d189803e408e2ca83a53d3dc4df3f722c6e failed on peer peer0.financiers.example.com:7051 with status PHANTOM_READ_CONFLICT
    at TransactionEventHandler.eventCallback (/home/dhanish/fabric_sfc/caliper-bench/node_modules/fabric-network/lib/impl/event/transactioneventhandler.js:111:31)
    at CommitListenerSession.notifyListener (/home/dhanish/fabric_sfc/caliper-bench/node_modules/fabric-network/lib/impl/event/commitlistenersession.js:101:18)
    at EventListener.callback (/home/dhanish/fabric_sfc/caliper-bench/node_modules/fabric-network/lib/impl/event/commitlistenersession.js:92:18)
    at EventListener.onEvent (/home/dhanish/fabric_sfc/caliper-bench/node_modules/fabric-common/lib/EventListener.js:124:10)
    at EventService._callTransactionListener (/home/dhanish/fabric_sfc/caliper-bench/node_modules/fabric-common/lib/EventService.js:1051:16)
    at EventService._processTxEvents (/home/dhanish/fabric_sfc/caliper-bench/node_modules/fabric-common/lib/EventService.js:1006:12)
    at ClientDuplexStreamImpl.<anonymous> (/home/dhanish/fabric_sfc/caliper-bench/node_modules/fabric-common/lib/EventService.js:481:12)
    at ClientDuplexStreamImpl.emit (node:events:517:28)
    at addChunk (node:internal/streams/readable:368:12)
    at readableAddChunk (node:internal/streams/readable:341:9) {
  transactionId: '832c8c07a650c8aee5a9040c1ced5d189803e408e2ca83a53d3dc4df3f722c6e',
  transactionCode: 'PHANTOM_READ_CONFLICT'
}
2026-08-11T09:26:24.959Z - [33mwarn[39m: [TransactionEventHandler]: strategyFail: commit failure for transaction "dd5cd49bd2a18b852f5a6110e30f5e5ec8b5c551b4c3731bd80b5e0662a9c427": TransactionError: Commit of transaction dd5cd49bd2a18b852f5a6110e30f5e5ec8b5c551b4c3731bd80b5e0662a9c427 failed on peer peer0.financiers.example.com:7051 with status PHANTOM_READ_CONFLICT
    at TransactionEventHandler.eventCallback (/home/dhanish/fabric_sfc/caliper-bench/node_modules/fabric-network/lib/impl/event/transactioneventhandler.js:111:31)
    at CommitListenerSession.notifyListener (/home/dhanish/fabric_sfc/caliper-bench/node_modules/fabric-network/lib/impl/event/commitlistenersession.js:101:18)
    at EventListener.callback (/home/dhanish/fabric_sfc/caliper-bench/node_modules/fabric-network/lib/impl/event/commitlistenersession.js:92:18)
    at EventListener.onEvent (/home/dhanish/fabric_sfc/caliper-bench/node_modules/fabric-common/lib/EventListener.js:124:10)
    at EventService._callTransactionListener (/home/dhanish/fabric_sfc/caliper-bench/node_modules/fabric-common/lib/EventService.js:1051:16)
    at EventService._processTxEvents (/home/dhanish/fabric_sfc/caliper-bench/node_modules/fabric-common/lib/EventService.js:1006:12)
    at ClientDuplexStreamImpl.<anonymous> (/home/dhanish/fabric_sfc/caliper-bench/node_modules/fabric-common/lib/EventService.js:481:12)
    at ClientDuplexStreamImpl.emit (node:events:517:28)
    at addChunk (node:internal/streams/readable:368:12)
    at readableAddChunk (node:internal/streams/readable:341:9) {
  transactionId: 'dd5cd49bd2a18b852f5a6110e30f5e5ec8b5c551b4c3731bd80b5e0662a9c427',
  transactionCode: 'PHANTOM_READ_CONFLICT'
}
2026.08.11-09:26:24.959[31m error[39m [caliper] [connectors/v2/FabricGateway] 	Failed to perform submit transaction [aggregateGlobalModel] using arguments [finance-qtable-aggregate-4-0,1],  with error: TransactionError: Commit of transaction 832c8c07a650c8aee5a9040c1ced5d189803e408e2ca83a53d3dc4df3f722c6e failed on peer peer0.financiers.example.com:7051 with status PHANTOM_READ_CONFLICT
    at TransactionEventHandler.eventCallback (/home/dhanish/fabric_sfc/caliper-bench/node_modules/fabric-network/lib/impl/event/transactioneventhandler.js:111:31)
    at CommitListenerSession.notifyListener (/home/dhanish/fabric_sfc/caliper-bench/node_modules/fabric-network/lib/impl/event/commitlistenersession.js:101:18)
    at EventListener.callback (/home/dhanish/fabric_sfc/caliper-bench/node_modules/fabric-network/lib/impl/event/commitlistenersession.js:92:18)
    at EventListener.onEvent (/home/dhanish/fabric_sfc/caliper-bench/node_modules/fabric-common/lib/EventListener.js:124:10)
    at EventService._callTransactionListener (/home/dhanish/fabric_sfc/caliper-bench/node_modules/fabric-common/lib/EventService.js:1051:16)
    at EventService._processTxEvents (/home/dhanish/fabric_sfc/caliper-bench/node_modules/fabric-common/lib/EventService.js:1006:12)
    at ClientDuplexStreamImpl.<anonymous> (/home/dhanish/fabric_sfc/caliper-bench/node_modules/fabric-common/lib/EventService.js:481:12)
    at ClientDuplexStreamImpl.emit (node:events:517:28)
    at addChunk (node:internal/streams/readable:368:12)
    at readableAddChunk (node:internal/streams/readable:341:9)
2026.08.11-09:26:24.959[31m error[39m [caliper] [connectors/v2/FabricGateway] 	Failed to perform submit transaction [aggregateGlobalModel] using arguments [finance-qtable-aggregate-0-0,1],  with error: TransactionError: Commit of transaction dd5cd49bd2a18b852f5a6110e30f5e5ec8b5c551b4c3731bd80b5e0662a9c427 failed on peer peer0.financiers.example.com:7051 with status PHANTOM_READ_CONFLICT
    at TransactionEventHandler.eventCallback (/home/dhanish/fabric_sfc/caliper-bench/node_modules/fabric-network/lib/impl/event/transactioneventhandler.js:111:31)
    at CommitListenerSession.notifyListener (/home/dhanish/fabric_sfc/caliper-bench/node_modules/fabric-network/lib/impl/event/commitlistenersession.js:101:18)
    at EventListener.callback (/home/dhanish/fabric_sfc/caliper-bench/node_modules/fabric-network/lib/impl/event/commitlistenersession.js:92:18)
    at EventListener.onEvent (/home/dhanish/fabric_sfc/caliper-bench/node_modules/fabric-common/lib/EventListener.js:124:10)
    at EventService._callTransactionListener (/home/dhanish/fabric_sfc/caliper-bench/node_modules/fabric-common/lib/EventService.js:1051:16)
    at EventService._processTxEvents (/home/dhanish/fabric_sfc/caliper-bench/node_modules/fabric-common/lib/EventService.js:1006:12)
    at ClientDuplexStreamImpl.<anonymous> (/home/dhanish/fabric_sfc/caliper-bench/node_modules/fabric-common/lib/EventService.js:481:12)
    at ClientDuplexStreamImpl.emit (node:events:517:28)
    at addChunk (node:internal/streams/readable:368:12)
    at readableAddChunk (node:internal/streams/readable:341:9)
2026-08-11T09:26:24.989Z - [33mwarn[39m: [TransactionEventHandler]: strategyFail: commit failure for transaction "01b5e9cd8053afb13097a7222afdd762ade7850c24be225d99f9597d7dcf9286": TransactionError: Commit of transaction 01b5e9cd8053afb13097a7222afdd762ade7850c24be225d99f9597d7dcf9286 failed on peer peer0.financiers.example.com:7051 with status PHANTOM_READ_CONFLICT
    at TransactionEventHandler.eventCallback (/home/dhanish/fabric_sfc/caliper-bench/node_modules/fabric-network/lib/impl/event/transactioneventhandler.js:111:31)
    at CommitListenerSession.notifyListener (/home/dhanish/fabric_sfc/caliper-bench/node_modules/fabric-network/lib/impl/event/commitlistenersession.js:101:18)
    at EventListener.callback (/home/dhanish/fabric_sfc/caliper-bench/node_modules/fabric-network/lib/impl/event/commitlistenersession.js:92:18)
    at EventListener.onEvent (/home/dhanish/fabric_sfc/caliper-bench/node_modules/fabric-common/lib/EventListener.js:124:10)
    at EventService._callTransactionListener (/home/dhanish/fabric_sfc/caliper-bench/node_modules/fabric-common/lib/EventService.js:1051:16)
    at EventService._processTxEvents (/home/dhanish/fabric_sfc/caliper-bench/node_modules/fabric-common/lib/EventService.js:1006:12)
    at ClientDuplexStreamImpl.<anonymous> (/home/dhanish/fabric_sfc/caliper-bench/node_modules/fabric-common/lib/EventService.js:481:12)
    at ClientDuplexStreamImpl.emit (node:events:517:28)
    at addChunk (node:internal/streams/readable:368:12)
    at readableAddChunk (node:internal/streams/readable:341:9) {
  transactionId: '01b5e9cd8053afb13097a7222afdd762ade7850c24be225d99f9597d7dcf9286',
  transactionCode: 'PHANTOM_READ_CONFLICT'
}
2026.08.11-09:26:24.990[31m error[39m [caliper] [connectors/v2/FabricGateway] 	Failed to perform submit transaction [aggregateGlobalModel] using arguments [finance-qtable-aggregate-4-0,1],  with error: TransactionError: Commit of transaction 01b5e9cd8053afb13097a7222afdd762ade7850c24be225d99f9597d7dcf9286 failed on peer peer0.financiers.example.com:7051 with status PHANTOM_READ_CONFLICT
    at TransactionEventHandler.eventCallback (/home/dhanish/fabric_sfc/caliper-bench/node_modules/fabric-network/lib/impl/event/transactioneventhandler.js:111:31)
    at CommitListenerSession.notifyListener (/home/dhanish/fabric_sfc/caliper-bench/node_modules/fabric-network/lib/impl/event/commitlistenersession.js:101:18)
    at EventListener.callback (/home/dhanish/fabric_sfc/caliper-bench/node_modules/fabric-network/lib/impl/event/commitlistenersession.js:92:18)
    at EventListener.onEvent (/home/dhanish/fabric_sfc/caliper-bench/node_modules/fabric-common/lib/EventListener.js:124:10)
    at EventService._callTransactionListener (/home/dhanish/fabric_sfc/caliper-bench/node_modules/fabric-common/lib/EventService.js:1051:16)
    at EventService._processTxEvents (/home/dhanish/fabric_sfc/caliper-bench/node_modules/fabric-common/lib/EventService.js:1006:12)
    at ClientDuplexStreamImpl.<anonymous> (/home/dhanish/fabric_sfc/caliper-bench/node_modules/fabric-common/lib/EventService.js:481:12)
    at ClientDuplexStreamImpl.emit (node:events:517:28)
    at addChunk (node:internal/streams/readable:368:12)
    at readableAddChunk (node:internal/streams/readable:341:9)
2026-08-11T09:26:24.993Z - [33mwarn[39m: [TransactionEventHandler]: strategyFail: commit failure for transaction "59a63f961e93f1cd9848a1558adf8651c4e88f370cd39242f85a443425ad9554": TransactionError: Commit of transaction 59a63f961e93f1cd9848a1558adf8651c4e88f370cd39242f85a443425ad9554 failed on peer peer0.financiers.example.com:7051 with status PHANTOM_READ_CONFLICT
    at TransactionEventHandler.eventCallback (/home/dhanish/fabric_sfc/caliper-bench/node_modules/fabric-network/lib/impl/event/transactioneventhandler.js:111:31)
    at CommitListenerSession.notifyListener (/home/dhanish/fabric_sfc/caliper-bench/node_modules/fabric-network/lib/impl/event/commitlistenersession.js:101:18)
    at EventListener.callback (/home/dhanish/fabric_sfc/caliper-bench/node_modules/fabric-network/lib/impl/event/commitlistenersession.js:92:18)
    at EventListener.onEvent (/home/dhanish/fabric_sfc/caliper-bench/node_modules/fabric-common/lib/EventListener.js:124:10)
    at EventService._callTransactionListener (/home/dhanish/fabric_sfc/caliper-bench/node_modules/fabric-common/lib/EventService.js:1051:16)
    at EventService._processTxEvents (/home/dhanish/fabric_sfc/caliper-bench/node_modules/fabric-common/lib/EventService.js:1006:12)
    at ClientDuplexStreamImpl.<anonymous> (/home/dhanish/fabric_sfc/caliper-bench/node_modules/fabric-common/lib/EventService.js:481:12)
    at ClientDuplexStreamImpl.emit (node:events:517:28)
    at addChunk (node:internal/streams/readable:368:12)
    at readableAddChunk (node:internal/streams/readable:341:9) {
  transactionId: '59a63f961e93f1cd9848a1558adf8651c4e88f370cd39242f85a443425ad9554',
  transactionCode: 'PHANTOM_READ_CONFLICT'
}
2026-08-11T09:26:24.993Z - [33mwarn[39m: [TransactionEventHandler]: strategyFail: commit failure for transaction "f1cac2be70e94f40e68ca8e8727296126fef7807f539ae2e5ff20af0a4dfd369": TransactionError: Commit of transaction f1cac2be70e94f40e68ca8e8727296126fef7807f539ae2e5ff20af0a4dfd369 failed on peer peer0.financiers.example.com:7051 with status PHANTOM_READ_CONFLICT
    at TransactionEventHandler.eventCallback (/home/dhanish/fabric_sfc/caliper-bench/node_modules/fabric-network/lib/impl/event/transactioneventhandler.js:111:31)
    at CommitListenerSession.notifyListener (/home/dhanish/fabric_sfc/caliper-bench/node_modules/fabric-network/lib/impl/event/commitlistenersession.js:101:18)
    at EventListener.callback (/home/dhanish/fabric_sfc/caliper-bench/node_modules/fabric-network/lib/impl/event/commitlistenersession.js:92:18)
    at EventListener.onEvent (/home/dhanish/fabric_sfc/caliper-bench/node_modules/fabric-common/lib/EventListener.js:124:10)
    at EventService._callTransactionListener (/home/dhanish/fabric_sfc/caliper-bench/node_modules/fabric-common/lib/EventService.js:1051:16)
    at EventService._processTxEvents (/home/dhanish/fabric_sfc/caliper-bench/node_modules/fabric-common/lib/EventService.js:1006:12)
    at ClientDuplexStreamImpl.<anonymous> (/home/dhanish/fabric_sfc/caliper-bench/node_modules/fabric-common/lib/EventService.js:481:12)
    at ClientDuplexStreamImpl.emit (node:events:517:28)
    at addChunk (node:internal/streams/readable:368:12)
    at readableAddChunk (node:internal/streams/readable:341:9) {
  transactionId: 'f1cac2be70e94f40e68ca8e8727296126fef7807f539ae2e5ff20af0a4dfd369',
  transactionCode: 'PHANTOM_READ_CONFLICT'
}
2026.08.11-09:26:24.994[31m error[39m [caliper] [connectors/v2/FabricGateway] 	Failed to perform submit transaction [aggregateGlobalModel] using arguments [finance-qtable-aggregate-0-0,1],  with error: TransactionError: Commit of transaction 59a63f961e93f1cd9848a1558adf8651c4e88f370cd39242f85a443425ad9554 failed on peer peer0.financiers.example.com:7051 with status PHANTOM_READ_CONFLICT
    at TransactionEventHandler.eventCallback (/home/dhanish/fabric_sfc/caliper-bench/node_modules/fabric-network/lib/impl/event/transactioneventhandler.js:111:31)
    at CommitListenerSession.notifyListener (/home/dhanish/fabric_sfc/caliper-bench/node_modules/fabric-network/lib/impl/event/commitlistenersession.js:101:18)
    at EventListener.callback (/home/dhanish/fabric_sfc/caliper-bench/node_modules/fabric-network/lib/impl/event/commitlistenersession.js:92:18)
    at EventListener.onEvent (/home/dhanish/fabric_sfc/caliper-bench/node_modules/fabric-common/lib/EventListener.js:124:10)
    at EventService._callTransactionListener (/home/dhanish/fabric_sfc/caliper-bench/node_modules/fabric-common/lib/EventService.js:1051:16)
    at EventService._processTxEvents (/home/dhanish/fabric_sfc/caliper-bench/node_modules/fabric-common/lib/EventService.js:1006:12)
    at ClientDuplexStreamImpl.<anonymous> (/home/dhanish/fabric_sfc/caliper-bench/node_modules/fabric-common/lib/EventService.js:481:12)
    at ClientDuplexStreamImpl.emit (node:events:517:28)
    at addChunk (node:internal/streams/readable:368:12)
    at readableAddChunk (node:internal/streams/readable:341:9)
2026.08.11-09:26:24.994[31m error[39m [caliper] [connectors/v2/FabricGateway] 	Failed to perform submit transaction [aggregateGlobalModel] using arguments [finance-qtable-aggregate-1-0,1],  with error: TransactionError: Commit of transaction f1cac2be70e94f40e68ca8e8727296126fef7807f539ae2e5ff20af0a4dfd369 failed on peer peer0.financiers.example.com:7051 with status PHANTOM_READ_CONFLICT
    at TransactionEventHandler.eventCallback (/home/dhanish/fabric_sfc/caliper-bench/node_modules/fabric-network/lib/impl/event/transactioneventhandler.js:111:31)
    at CommitListenerSession.notifyListener (/home/dhanish/fabric_sfc/caliper-bench/node_modules/fabric-network/lib/impl/event/commitlistenersession.js:101:18)
    at EventListener.callback (/home/dhanish/fabric_sfc/caliper-bench/node_modules/fabric-network/lib/impl/event/commitlistenersession.js:92:18)
    at EventListener.onEvent (/home/dhanish/fabric_sfc/caliper-bench/node_modules/fabric-common/lib/EventListener.js:124:10)
    at EventService._callTransactionListener (/home/dhanish/fabric_sfc/caliper-bench/node_modules/fabric-common/lib/EventService.js:1051:16)
    at EventService._processTxEvents (/home/dhanish/fabric_sfc/caliper-bench/node_modules/fabric-common/lib/EventService.js:1006:12)
    at ClientDuplexStreamImpl.<anonymous> (/home/dhanish/fabric_sfc/caliper-bench/node_modules/fabric-common/lib/EventService.js:481:12)
    at ClientDuplexStreamImpl.emit (node:events:517:28)
    at addChunk (node:internal/streams/readable:368:12)
    at readableAddChunk (node:internal/streams/readable:341:9)
2026-08-11T09:26:25.019Z - [33mwarn[39m: [TransactionEventHandler]: strategyFail: commit failure for transaction "7f9aaa027ee9788fab70f5dbee9723123329c1804bdb4a593dc47880f3eb01a7": TransactionError: Commit of transaction 7f9aaa027ee9788fab70f5dbee9723123329c1804bdb4a593dc47880f3eb01a7 failed on peer peer0.financiers.example.com:7051 with status PHANTOM_READ_CONFLICT
    at TransactionEventHandler.eventCallback (/home/dhanish/fabric_sfc/caliper-bench/node_modules/fabric-network/lib/impl/event/transactioneventhandler.js:111:31)
    at CommitListenerSession.notifyListener (/home/dhanish/fabric_sfc/caliper-bench/node_modules/fabric-network/lib/impl/event/commitlistenersession.js:101:18)
    at EventListener.callback (/home/dhanish/fabric_sfc/caliper-bench/node_modules/fabric-network/lib/impl/event/commitlistenersession.js:92:18)
    at EventListener.onEvent (/home/dhanish/fabric_sfc/caliper-bench/node_modules/fabric-common/lib/EventListener.js:124:10)
    at EventService._callTransactionListener (/home/dhanish/fabric_sfc/caliper-bench/node_modules/fabric-common/lib/EventService.js:1051:16)
    at EventService._processTxEvents (/home/dhanish/fabric_sfc/caliper-bench/node_modules/fabric-common/lib/EventService.js:1006:12)
    at ClientDuplexStreamImpl.<anonymous> (/home/dhanish/fabric_sfc/caliper-bench/node_modules/fabric-common/lib/EventService.js:481:12)
    at ClientDuplexStreamImpl.emit (node:events:517:28)
    at addChunk (node:internal/streams/readable:368:12)
    at readableAddChunk (node:internal/streams/readable:341:9) {
  transactionId: '7f9aaa027ee9788fab70f5dbee9723123329c1804bdb4a593dc47880f3eb01a7',
  transactionCode: 'PHANTOM_READ_CONFLICT'
}
2026.08.11-09:26:25.020[31m error[39m [caliper] [connectors/v2/FabricGateway] 	Failed to perform submit transaction [aggregateGlobalModel] using arguments [finance-qtable-aggregate-2-0,1],  with error: TransactionError: Commit of transaction 7f9aaa027ee9788fab70f5dbee9723123329c1804bdb4a593dc47880f3eb01a7 failed on peer peer0.financiers.example.com:7051 with status PHANTOM_READ_CONFLICT
    at TransactionEventHandler.eventCallback (/home/dhanish/fabric_sfc/caliper-bench/node_modules/fabric-network/lib/impl/event/transactioneventhandler.js:111:31)
    at CommitListenerSession.notifyListener (/home/dhanish/fabric_sfc/caliper-bench/node_modules/fabric-network/lib/impl/event/commitlistenersession.js:101:18)
    at EventListener.callback (/home/dhanish/fabric_sfc/caliper-bench/node_modules/fabric-network/lib/impl/event/commitlistenersession.js:92:18)
    at EventListener.onEvent (/home/dhanish/fabric_sfc/caliper-bench/node_modules/fabric-common/lib/EventListener.js:124:10)
    at EventService._callTransactionListener (/home/dhanish/fabric_sfc/caliper-bench/node_modules/fabric-common/lib/EventService.js:1051:16)
    at EventService._processTxEvents (/home/dhanish/fabric_sfc/caliper-bench/node_modules/fabric-common/lib/EventService.js:1006:12)
    at ClientDuplexStreamImpl.<anonymous> (/home/dhanish/fabric_sfc/caliper-bench/node_modules/fabric-common/lib/EventService.js:481:12)
    at ClientDuplexStreamImpl.emit (node:events:517:28)
    at addChunk (node:internal/streams/readable:368:12)
    at readableAddChunk (node:internal/streams/readable:341:9)
2026-08-11T09:26:25.020Z - [33mwarn[39m: [TransactionEventHandler]: strategyFail: commit failure for transaction "820be6298cf12ead8d9bfdb7de2fc1bf2c14fee099b64b1d9110c66fdc483069": TransactionError: Commit of transaction 820be6298cf12ead8d9bfdb7de2fc1bf2c14fee099b64b1d9110c66fdc483069 failed on peer peer0.financiers.example.com:7051 with status PHANTOM_READ_CONFLICT
    at TransactionEventHandler.eventCallback (/home/dhanish/fabric_sfc/caliper-bench/node_modules/fabric-network/lib/impl/event/transactioneventhandler.js:111:31)
    at CommitListenerSession.notifyListener (/home/dhanish/fabric_sfc/caliper-bench/node_modules/fabric-network/lib/impl/event/commitlistenersession.js:101:18)
    at EventListener.callback (/home/dhanish/fabric_sfc/caliper-bench/node_modules/fabric-network/lib/impl/event/commitlistenersession.js:92:18)
    at EventListener.onEvent (/home/dhanish/fabric_sfc/caliper-bench/node_modules/fabric-common/lib/EventListener.js:124:10)
    at EventService._callTransactionListener (/home/dhanish/fabric_sfc/caliper-bench/node_modules/fabric-common/lib/EventService.js:1051:16)
    at EventService._processTxEvents (/home/dhanish/fabric_sfc/caliper-bench/node_modules/fabric-common/lib/EventService.js:1006:12)
    at ClientDuplexStreamImpl.<anonymous> (/home/dhanish/fabric_sfc/caliper-bench/node_modules/fabric-common/lib/EventService.js:481:12)
    at ClientDuplexStreamImpl.emit (node:events:517:28)
    at addChunk (node:internal/streams/readable:368:12)
    at readableAddChunk (node:internal/streams/readable:341:9) {
  transactionId: '820be6298cf12ead8d9bfdb7de2fc1bf2c14fee099b64b1d9110c66fdc483069',
  transactionCode: 'PHANTOM_READ_CONFLICT'
}
2026.08.11-09:26:25.021[31m error[39m [caliper] [connectors/v2/FabricGateway] 	Failed to perform submit transaction [aggregateGlobalModel] using arguments [finance-qtable-aggregate-1-0,1],  with error: TransactionError: Commit of transaction 820be6298cf12ead8d9bfdb7de2fc1bf2c14fee099b64b1d9110c66fdc483069 failed on peer peer0.financiers.example.com:7051 with status PHANTOM_READ_CONFLICT
    at TransactionEventHandler.eventCallback (/home/dhanish/fabric_sfc/caliper-bench/node_modules/fabric-network/lib/impl/event/transactioneventhandler.js:111:31)
    at CommitListenerSession.notifyListener (/home/dhanish/fabric_sfc/caliper-bench/node_modules/fabric-network/lib/impl/event/commitlistenersession.js:101:18)
    at EventListener.callback (/home/dhanish/fabric_sfc/caliper-bench/node_modules/fabric-network/lib/impl/event/commitlistenersession.js:92:18)
    at EventListener.onEvent (/home/dhanish/fabric_sfc/caliper-bench/node_modules/fabric-common/lib/EventListener.js:124:10)
    at EventService._callTransactionListener (/home/dhanish/fabric_sfc/caliper-bench/node_modules/fabric-common/lib/EventService.js:1051:16)
    at EventService._processTxEvents (/home/dhanish/fabric_sfc/caliper-bench/node_modules/fabric-common/lib/EventService.js:1006:12)
    at ClientDuplexStreamImpl.<anonymous> (/home/dhanish/fabric_sfc/caliper-bench/node_modules/fabric-common/lib/EventService.js:481:12)
    at ClientDuplexStreamImpl.emit (node:events:517:28)
    at addChunk (node:internal/streams/readable:368:12)
    at readableAddChunk (node:internal/streams/readable:341:9)
2026-08-11T09:26:25.050Z - [33mwarn[39m: [TransactionEventHandler]: strategyFail: commit failure for transaction "f8f04286a5f96e31ca7ddc4f5a91172841f98e3f62756430d9253de8232b65b7": TransactionError: Commit of transaction f8f04286a5f96e31ca7ddc4f5a91172841f98e3f62756430d9253de8232b65b7 failed on peer peer0.financiers.example.com:7051 with status PHANTOM_READ_CONFLICT
    at TransactionEventHandler.eventCallback (/home/dhanish/fabric_sfc/caliper-bench/node_modules/fabric-network/lib/impl/event/transactioneventhandler.js:111:31)
    at CommitListenerSession.notifyListener (/home/dhanish/fabric_sfc/caliper-bench/node_modules/fabric-network/lib/impl/event/commitlistenersession.js:101:18)
    at EventListener.callback (/home/dhanish/fabric_sfc/caliper-bench/node_modules/fabric-network/lib/impl/event/commitlistenersession.js:92:18)
    at EventListener.onEvent (/home/dhanish/fabric_sfc/caliper-bench/node_modules/fabric-common/lib/EventListener.js:124:10)
    at EventService._callTransactionListener (/home/dhanish/fabric_sfc/caliper-bench/node_modules/fabric-common/lib/EventService.js:1051:16)
    at EventService._processTxEvents (/home/dhanish/fabric_sfc/caliper-bench/node_modules/fabric-common/lib/EventService.js:1006:12)
    at ClientDuplexStreamImpl.<anonymous> (/home/dhanish/fabric_sfc/caliper-bench/node_modules/fabric-common/lib/EventService.js:481:12)
    at ClientDuplexStreamImpl.emit (node:events:517:28)
    at addChunk (node:internal/streams/readable:368:12)
    at readableAddChunk (node:internal/streams/readable:341:9) {
  transactionId: 'f8f04286a5f96e31ca7ddc4f5a91172841f98e3f62756430d9253de8232b65b7',
  transactionCode: 'PHANTOM_READ_CONFLICT'
}
2026.08.11-09:26:25.050[31m error[39m [caliper] [connectors/v2/FabricGateway] 	Failed to perform submit transaction [aggregateGlobalModel] using arguments [finance-qtable-aggregate-1-0,1],  with error: TransactionError: Commit of transaction f8f04286a5f96e31ca7ddc4f5a91172841f98e3f62756430d9253de8232b65b7 failed on peer peer0.financiers.example.com:7051 with status PHANTOM_READ_CONFLICT
    at TransactionEventHandler.eventCallback (/home/dhanish/fabric_sfc/caliper-bench/node_modules/fabric-network/lib/impl/event/transactioneventhandler.js:111:31)
    at CommitListenerSession.notifyListener (/home/dhanish/fabric_sfc/caliper-bench/node_modules/fabric-network/lib/impl/event/commitlistenersession.js:101:18)
    at EventListener.callback (/home/dhanish/fabric_sfc/caliper-bench/node_modules/fabric-network/lib/impl/event/commitlistenersession.js:92:18)
    at EventListener.onEvent (/home/dhanish/fabric_sfc/caliper-bench/node_modules/fabric-common/lib/EventListener.js:124:10)
    at EventService._callTransactionListener (/home/dhanish/fabric_sfc/caliper-bench/node_modules/fabric-common/lib/EventService.js:1051:16)
    at EventService._processTxEvents (/home/dhanish/fabric_sfc/caliper-bench/node_modules/fabric-common/lib/EventService.js:1006:12)
    at ClientDuplexStreamImpl.<anonymous> (/home/dhanish/fabric_sfc/caliper-bench/node_modules/fabric-common/lib/EventService.js:481:12)
    at ClientDuplexStreamImpl.emit (node:events:517:28)
    at addChunk (node:internal/streams/readable:368:12)
    at readableAddChunk (node:internal/streams/readable:341:9)
2026-08-11T09:26:25.082Z - [33mwarn[39m: [TransactionEventHandler]: strategyFail: commit failure for transaction "2983e5a45e552ae09669fef2560bab0b908ebd72caa5f114e97d87a8e49e74b7": TransactionError: Commit of transaction 2983e5a45e552ae09669fef2560bab0b908ebd72caa5f114e97d87a8e49e74b7 failed on peer peer0.financiers.example.com:7051 with status PHANTOM_READ_CONFLICT
    at TransactionEventHandler.eventCallback (/home/dhanish/fabric_sfc/caliper-bench/node_modules/fabric-network/lib/impl/event/transactioneventhandler.js:111:31)
    at CommitListenerSession.notifyListener (/home/dhanish/fabric_sfc/caliper-bench/node_modules/fabric-network/lib/impl/event/commitlistenersession.js:101:18)
    at EventListener.callback (/home/dhanish/fabric_sfc/caliper-bench/node_modules/fabric-network/lib/impl/event/commitlistenersession.js:92:18)
    at EventListener.onEvent (/home/dhanish/fabric_sfc/caliper-bench/node_modules/fabric-common/lib/EventListener.js:124:10)
    at EventService._callTransactionListener (/home/dhanish/fabric_sfc/caliper-bench/node_modules/fabric-common/lib/EventService.js:1051:16)
    at EventService._processTxEvents (/home/dhanish/fabric_sfc/caliper-bench/node_modules/fabric-common/lib/EventService.js:1006:12)
    at ClientDuplexStreamImpl.<anonymous> (/home/dhanish/fabric_sfc/caliper-bench/node_modules/fabric-common/lib/EventService.js:481:12)
    at ClientDuplexStreamImpl.emit (node:events:517:28)
    at addChunk (node:internal/streams/readable:368:12)
    at readableAddChunk (node:internal/streams/readable:341:9) {
  transactionId: '2983e5a45e552ae09669fef2560bab0b908ebd72caa5f114e97d87a8e49e74b7',
  transactionCode: 'PHANTOM_READ_CONFLICT'
}
2026-08-11T09:26:25.082Z - [33mwarn[39m: [TransactionEventHandler]: strategyFail: commit failure for transaction "1d2f10c8142611abd8f33b4b8b7bcb234e9cbdd77d8cb80c571eb22e457a626f": TransactionError: Commit of transaction 1d2f10c8142611abd8f33b4b8b7bcb234e9cbdd77d8cb80c571eb22e457a626f failed on peer peer0.financiers.example.com:7051 with status PHANTOM_READ_CONFLICT
    at TransactionEventHandler.eventCallback (/home/dhanish/fabric_sfc/caliper-bench/node_modules/fabric-network/lib/impl/event/transactioneventhandler.js:111:31)
    at CommitListenerSession.notifyListener (/home/dhanish/fabric_sfc/caliper-bench/node_modules/fabric-network/lib/impl/event/commitlistenersession.js:101:18)
    at EventListener.callback (/home/dhanish/fabric_sfc/caliper-bench/node_modules/fabric-network/lib/impl/event/commitlistenersession.js:92:18)
    at EventListener.onEvent (/home/dhanish/fabric_sfc/caliper-bench/node_modules/fabric-common/lib/EventListener.js:124:10)
    at EventService._callTransactionListener (/home/dhanish/fabric_sfc/caliper-bench/node_modules/fabric-common/lib/EventService.js:1051:16)
    at EventService._processTxEvents (/home/dhanish/fabric_sfc/caliper-bench/node_modules/fabric-common/lib/EventService.js:1006:12)
    at ClientDuplexStreamImpl.<anonymous> (/home/dhanish/fabric_sfc/caliper-bench/node_modules/fabric-common/lib/EventService.js:481:12)
    at ClientDuplexStreamImpl.emit (node:events:517:28)
    at addChunk (node:internal/streams/readable:368:12)
    at readableAddChunk (node:internal/streams/readable:341:9) {
  transactionId: '1d2f10c8142611abd8f33b4b8b7bcb234e9cbdd77d8cb80c571eb22e457a626f',
  transactionCode: 'PHANTOM_READ_CONFLICT'
}
2026-08-11T09:26:25.082Z - [33mwarn[39m: [TransactionEventHandler]: strategyFail: commit failure for transaction "5715fe7f02ab8b82705842a1246f7ffb0d6ab77f45789221dd66c57d174083a7": TransactionError: Commit of transaction 5715fe7f02ab8b82705842a1246f7ffb0d6ab77f45789221dd66c57d174083a7 failed on peer peer0.financiers.example.com:7051 with status PHANTOM_READ_CONFLICT
    at TransactionEventHandler.eventCallback (/home/dhanish/fabric_sfc/caliper-bench/node_modules/fabric-network/lib/impl/event/transactioneventhandler.js:111:31)
    at CommitListenerSession.notifyListener (/home/dhanish/fabric_sfc/caliper-bench/node_modules/fabric-network/lib/impl/event/commitlistenersession.js:101:18)
    at EventListener.callback (/home/dhanish/fabric_sfc/caliper-bench/node_modules/fabric-network/lib/impl/event/commitlistenersession.js:92:18)
    at EventListener.onEvent (/home/dhanish/fabric_sfc/caliper-bench/node_modules/fabric-common/lib/EventListener.js:124:10)
    at EventService._callTransactionListener (/home/dhanish/fabric_sfc/caliper-bench/node_modules/fabric-common/lib/EventService.js:1051:16)
    at EventService._processTxEvents (/home/dhanish/fabric_sfc/caliper-bench/node_modules/fabric-common/lib/EventService.js:1006:12)
    at ClientDuplexStreamImpl.<anonymous> (/home/dhanish/fabric_sfc/caliper-bench/node_modules/fabric-common/lib/EventService.js:481:12)
    at ClientDuplexStreamImpl.emit (node:events:517:28)
    at addChunk (node:internal/streams/readable:368:12)
    at readableAddChunk (node:internal/streams/readable:341:9) {
  transactionId: '5715fe7f02ab8b82705842a1246f7ffb0d6ab77f45789221dd66c57d174083a7',
  transactionCode: 'PHANTOM_READ_CONFLICT'
}
2026-08-11T09:26:25.082Z - [33mwarn[39m: [TransactionEventHandler]: strategyFail: commit failure for transaction "fb8f74d77bec52c6e343feb031fd27cd04292cd54f585eb3b5f2e9a76d978b89": TransactionError: Commit of transaction fb8f74d77bec52c6e343feb031fd27cd04292cd54f585eb3b5f2e9a76d978b89 failed on peer peer0.financiers.example.com:7051 with status PHANTOM_READ_CONFLICT
    at TransactionEventHandler.eventCallback (/home/dhanish/fabric_sfc/caliper-bench/node_modules/fabric-network/lib/impl/event/transactioneventhandler.js:111:31)
    at CommitListenerSession.notifyListener (/home/dhanish/fabric_sfc/caliper-bench/node_modules/fabric-network/lib/impl/event/commitlistenersession.js:101:18)
    at EventListener.callback (/home/dhanish/fabric_sfc/caliper-bench/node_modules/fabric-network/lib/impl/event/commitlistenersession.js:92:18)
    at EventListener.onEvent (/home/dhanish/fabric_sfc/caliper-bench/node_modules/fabric-common/lib/EventListener.js:124:10)
    at EventService._callTransactionListener (/home/dhanish/fabric_sfc/caliper-bench/node_modules/fabric-common/lib/EventService.js:1051:16)
    at EventService._processTxEvents (/home/dhanish/fabric_sfc/caliper-bench/node_modules/fabric-common/lib/EventService.js:1006:12)
    at ClientDuplexStreamImpl.<anonymous> (/home/dhanish/fabric_sfc/caliper-bench/node_modules/fabric-common/lib/EventService.js:481:12)
    at ClientDuplexStreamImpl.emit (node:events:517:28)
    at addChunk (node:internal/streams/readable:368:12)
    at readableAddChunk (node:internal/streams/readable:341:9) {
  transactionId: 'fb8f74d77bec52c6e343feb031fd27cd04292cd54f585eb3b5f2e9a76d978b89',
  transactionCode: 'PHANTOM_READ_CONFLICT'
}
2026.08.11-09:26:25.083[31m error[39m [caliper] [connectors/v2/FabricGateway] 	Failed to perform submit transaction [aggregateGlobalModel] using arguments [finance-qtable-aggregate-0-0,1],  with error: TransactionError: Commit of transaction 5715fe7f02ab8b82705842a1246f7ffb0d6ab77f45789221dd66c57d174083a7 failed on peer peer0.financiers.example.com:7051 with status PHANTOM_READ_CONFLICT
    at TransactionEventHandler.eventCallback (/home/dhanish/fabric_sfc/caliper-bench/node_modules/fabric-network/lib/impl/event/transactioneventhandler.js:111:31)
    at CommitListenerSession.notifyListener (/home/dhanish/fabric_sfc/caliper-bench/node_modules/fabric-network/lib/impl/event/commitlistenersession.js:101:18)
    at EventListener.callback (/home/dhanish/fabric_sfc/caliper-bench/node_modules/fabric-network/lib/impl/event/commitlistenersession.js:92:18)
    at EventListener.onEvent (/home/dhanish/fabric_sfc/caliper-bench/node_modules/fabric-common/lib/EventListener.js:124:10)
    at EventService._callTransactionListener (/home/dhanish/fabric_sfc/caliper-bench/node_modules/fabric-common/lib/EventService.js:1051:16)
    at EventService._processTxEvents (/home/dhanish/fabric_sfc/caliper-bench/node_modules/fabric-common/lib/EventService.js:1006:12)
    at ClientDuplexStreamImpl.<anonymous> (/home/dhanish/fabric_sfc/caliper-bench/node_modules/fabric-common/lib/EventService.js:481:12)
    at ClientDuplexStreamImpl.emit (node:events:517:28)
    at addChunk (node:internal/streams/readable:368:12)
    at readableAddChunk (node:internal/streams/readable:341:9)
2026.08.11-09:26:25.083[31m error[39m [caliper] [connectors/v2/FabricGateway] 	Failed to perform submit transaction [aggregateGlobalModel] using arguments [finance-qtable-aggregate-3-0,1],  with error: TransactionError: Commit of transaction 2983e5a45e552ae09669fef2560bab0b908ebd72caa5f114e97d87a8e49e74b7 failed on peer peer0.financiers.example.com:7051 with status PHANTOM_READ_CONFLICT
    at TransactionEventHandler.eventCallback (/home/dhanish/fabric_sfc/caliper-bench/node_modules/fabric-network/lib/impl/event/transactioneventhandler.js:111:31)
    at CommitListenerSession.notifyListener (/home/dhanish/fabric_sfc/caliper-bench/node_modules/fabric-network/lib/impl/event/commitlistenersession.js:101:18)
    at EventListener.callback (/home/dhanish/fabric_sfc/caliper-bench/node_modules/fabric-network/lib/impl/event/commitlistenersession.js:92:18)
    at EventListener.onEvent (/home/dhanish/fabric_sfc/caliper-bench/node_modules/fabric-common/lib/EventListener.js:124:10)
    at EventService._callTransactionListener (/home/dhanish/fabric_sfc/caliper-bench/node_modules/fabric-common/lib/EventService.js:1051:16)
    at EventService._processTxEvents (/home/dhanish/fabric_sfc/caliper-bench/node_modules/fabric-common/lib/EventService.js:1006:12)
    at ClientDuplexStreamImpl.<anonymous> (/home/dhanish/fabric_sfc/caliper-bench/node_modules/fabric-common/lib/EventService.js:481:12)
    at ClientDuplexStreamImpl.emit (node:events:517:28)
    at addChunk (node:internal/streams/readable:368:12)
    at readableAddChunk (node:internal/streams/readable:341:9)
2026.08.11-09:26:25.083[31m error[39m [caliper] [connectors/v2/FabricGateway] 	Failed to perform submit transaction [aggregateGlobalModel] using arguments [finance-qtable-aggregate-3-0,1],  with error: TransactionError: Commit of transaction 1d2f10c8142611abd8f33b4b8b7bcb234e9cbdd77d8cb80c571eb22e457a626f failed on peer peer0.financiers.example.com:7051 with status PHANTOM_READ_CONFLICT
    at TransactionEventHandler.eventCallback (/home/dhanish/fabric_sfc/caliper-bench/node_modules/fabric-network/lib/impl/event/transactioneventhandler.js:111:31)
    at CommitListenerSession.notifyListener (/home/dhanish/fabric_sfc/caliper-bench/node_modules/fabric-network/lib/impl/event/commitlistenersession.js:101:18)
    at EventListener.callback (/home/dhanish/fabric_sfc/caliper-bench/node_modules/fabric-network/lib/impl/event/commitlistenersession.js:92:18)
    at EventListener.onEvent (/home/dhanish/fabric_sfc/caliper-bench/node_modules/fabric-common/lib/EventListener.js:124:10)
    at EventService._callTransactionListener (/home/dhanish/fabric_sfc/caliper-bench/node_modules/fabric-common/lib/EventService.js:1051:16)
    at EventService._processTxEvents (/home/dhanish/fabric_sfc/caliper-bench/node_modules/fabric-common/lib/EventService.js:1006:12)
    at ClientDuplexStreamImpl.<anonymous> (/home/dhanish/fabric_sfc/caliper-bench/node_modules/fabric-common/lib/EventService.js:481:12)
    at ClientDuplexStreamImpl.emit (node:events:517:28)
    at addChunk (node:internal/streams/readable:368:12)
    at readableAddChunk (node:internal/streams/readable:341:9)
2026.08.11-09:26:25.083[31m error[39m [caliper] [connectors/v2/FabricGateway] 	Failed to perform submit transaction [aggregateGlobalModel] using arguments [finance-qtable-aggregate-3-0,1],  with error: TransactionError: Commit of transaction fb8f74d77bec52c6e343feb031fd27cd04292cd54f585eb3b5f2e9a76d978b89 failed on peer peer0.financiers.example.com:7051 with status PHANTOM_READ_CONFLICT
    at TransactionEventHandler.eventCallback (/home/dhanish/fabric_sfc/caliper-bench/node_modules/fabric-network/lib/impl/event/transactioneventhandler.js:111:31)
    at CommitListenerSession.notifyListener (/home/dhanish/fabric_sfc/caliper-bench/node_modules/fabric-network/lib/impl/event/commitlistenersession.js:101:18)
    at EventListener.callback (/home/dhanish/fabric_sfc/caliper-bench/node_modules/fabric-network/lib/impl/event/commitlistenersession.js:92:18)
    at EventListener.onEvent (/home/dhanish/fabric_sfc/caliper-bench/node_modules/fabric-common/lib/EventListener.js:124:10)
    at EventService._callTransactionListener (/home/dhanish/fabric_sfc/caliper-bench/node_modules/fabric-common/lib/EventService.js:1051:16)
    at EventService._processTxEvents (/home/dhanish/fabric_sfc/caliper-bench/node_modules/fabric-common/lib/EventService.js:1006:12)
    at ClientDuplexStreamImpl.<anonymous> (/home/dhanish/fabric_sfc/caliper-bench/node_modules/fabric-common/lib/EventService.js:481:12)
    at ClientDuplexStreamImpl.emit (node:events:517:28)
    at addChunk (node:internal/streams/readable:368:12)
    at readableAddChunk (node:internal/streams/readable:341:9)
2026-08-11T09:26:25.118Z - [33mwarn[39m: [TransactionEventHandler]: strategyFail: commit failure for transaction "c2375a32603c6e7c4d5952b2286aa0e45ea1c84446043e34b727da0f9e373de8": TransactionError: Commit of transaction c2375a32603c6e7c4d5952b2286aa0e45ea1c84446043e34b727da0f9e373de8 failed on peer peer0.financiers.example.com:7051 with status PHANTOM_READ_CONFLICT
    at TransactionEventHandler.eventCallback (/home/dhanish/fabric_sfc/caliper-bench/node_modules/fabric-network/lib/impl/event/transactioneventhandler.js:111:31)
    at CommitListenerSession.notifyListener (/home/dhanish/fabric_sfc/caliper-bench/node_modules/fabric-network/lib/impl/event/commitlistenersession.js:101:18)
    at EventListener.callback (/home/dhanish/fabric_sfc/caliper-bench/node_modules/fabric-network/lib/impl/event/commitlistenersession.js:92:18)
    at EventListener.onEvent (/home/dhanish/fabric_sfc/caliper-bench/node_modules/fabric-common/lib/EventListener.js:124:10)
    at EventService._callTransactionListener (/home/dhanish/fabric_sfc/caliper-bench/node_modules/fabric-common/lib/EventService.js:1051:16)
    at EventService._processTxEvents (/home/dhanish/fabric_sfc/caliper-bench/node_modules/fabric-common/lib/EventService.js:1006:12)
    at ClientDuplexStreamImpl.<anonymous> (/home/dhanish/fabric_sfc/caliper-bench/node_modules/fabric-common/lib/EventService.js:481:12)
    at ClientDuplexStreamImpl.emit (node:events:517:28)
    at addChunk (node:internal/streams/readable:368:12)
    at readableAddChunk (node:internal/streams/readable:341:9) {
  transactionId: 'c2375a32603c6e7c4d5952b2286aa0e45ea1c84446043e34b727da0f9e373de8',
  transactionCode: 'PHANTOM_READ_CONFLICT'
}
2026.08.11-09:26:25.118[31m error[39m [caliper] [connectors/v2/FabricGateway] 	Failed to perform submit transaction [aggregateGlobalModel] using arguments [finance-qtable-aggregate-0-0,1],  with error: TransactionError: Commit of transaction c2375a32603c6e7c4d5952b2286aa0e45ea1c84446043e34b727da0f9e373de8 failed on peer peer0.financiers.example.com:7051 with status PHANTOM_READ_CONFLICT
    at TransactionEventHandler.eventCallback (/home/dhanish/fabric_sfc/caliper-bench/node_modules/fabric-network/lib/impl/event/transactioneventhandler.js:111:31)
    at CommitListenerSession.notifyListener (/home/dhanish/fabric_sfc/caliper-bench/node_modules/fabric-network/lib/impl/event/commitlistenersession.js:101:18)
    at EventListener.callback (/home/dhanish/fabric_sfc/caliper-bench/node_modules/fabric-network/lib/impl/event/commitlistenersession.js:92:18)
    at EventListener.onEvent (/home/dhanish/fabric_sfc/caliper-bench/node_modules/fabric-common/lib/EventListener.js:124:10)
    at EventService._callTransactionListener (/home/dhanish/fabric_sfc/caliper-bench/node_modules/fabric-common/lib/EventService.js:1051:16)
    at EventService._processTxEvents (/home/dhanish/fabric_sfc/caliper-bench/node_modules/fabric-common/lib/EventService.js:1006:12)
    at ClientDuplexStreamImpl.<anonymous> (/home/dhanish/fabric_sfc/caliper-bench/node_modules/fabric-common/lib/EventService.js:481:12)
    at ClientDuplexStreamImpl.emit (node:events:517:28)
    at addChunk (node:internal/streams/readable:368:12)
    at readableAddChunk (node:internal/streams/readable:341:9)
2026-08-11T09:26:25.121Z - [33mwarn[39m: [TransactionEventHandler]: strategyFail: commit failure for transaction "2c28d4623c61fbd3f2d4d434edaaedb5ad21996389a33e1ab592fe2bee4bf17e": TransactionError: Commit of transaction 2c28d4623c61fbd3f2d4d434edaaedb5ad21996389a33e1ab592fe2bee4bf17e failed on peer peer0.financiers.example.com:7051 with status PHANTOM_READ_CONFLICT
    at TransactionEventHandler.eventCallback (/home/dhanish/fabric_sfc/caliper-bench/node_modules/fabric-network/lib/impl/event/transactioneventhandler.js:111:31)
    at CommitListenerSession.notifyListener (/home/dhanish/fabric_sfc/caliper-bench/node_modules/fabric-network/lib/impl/event/commitlistenersession.js:101:18)
    at EventListener.callback (/home/dhanish/fabric_sfc/caliper-bench/node_modules/fabric-network/lib/impl/event/commitlistenersession.js:92:18)
    at EventListener.onEvent (/home/dhanish/fabric_sfc/caliper-bench/node_modules/fabric-common/lib/EventListener.js:124:10)
    at EventService._callTransactionListener (/home/dhanish/fabric_sfc/caliper-bench/node_modules/fabric-common/lib/EventService.js:1051:16)
    at EventService._processTxEvents (/home/dhanish/fabric_sfc/caliper-bench/node_modules/fabric-common/lib/EventService.js:1006:12)
    at ClientDuplexStreamImpl.<anonymous> (/home/dhanish/fabric_sfc/caliper-bench/node_modules/fabric-common/lib/EventService.js:481:12)
    at ClientDuplexStreamImpl.emit (node:events:517:28)
    at addChunk (node:internal/streams/readable:368:12)
    at readableAddChunk (node:internal/streams/readable:341:9) {
  transactionId: '2c28d4623c61fbd3f2d4d434edaaedb5ad21996389a33e1ab592fe2bee4bf17e',
  transactionCode: 'PHANTOM_READ_CONFLICT'
}
2026.08.11-09:26:25.121[31m error[39m [caliper] [connectors/v2/FabricGateway] 	Failed to perform submit transaction [aggregateGlobalModel] using arguments [finance-qtable-aggregate-1-0,1],  with error: TransactionError: Commit of transaction 2c28d4623c61fbd3f2d4d434edaaedb5ad21996389a33e1ab592fe2bee4bf17e failed on peer peer0.financiers.example.com:7051 with status PHANTOM_READ_CONFLICT
    at TransactionEventHandler.eventCallback (/home/dhanish/fabric_sfc/caliper-bench/node_modules/fabric-network/lib/impl/event/transactioneventhandler.js:111:31)
    at CommitListenerSession.notifyListener (/home/dhanish/fabric_sfc/caliper-bench/node_modules/fabric-network/lib/impl/event/commitlistenersession.js:101:18)
    at EventListener.callback (/home/dhanish/fabric_sfc/caliper-bench/node_modules/fabric-network/lib/impl/event/commitlistenersession.js:92:18)
    at EventListener.onEvent (/home/dhanish/fabric_sfc/caliper-bench/node_modules/fabric-common/lib/EventListener.js:124:10)
    at EventService._callTransactionListener (/home/dhanish/fabric_sfc/caliper-bench/node_modules/fabric-common/lib/EventService.js:1051:16)
    at EventService._processTxEvents (/home/dhanish/fabric_sfc/caliper-bench/node_modules/fabric-common/lib/EventService.js:1006:12)
    at ClientDuplexStreamImpl.<anonymous> (/home/dhanish/fabric_sfc/caliper-bench/node_modules/fabric-common/lib/EventService.js:481:12)
    at ClientDuplexStreamImpl.emit (node:events:517:28)
    at addChunk (node:internal/streams/readable:368:12)
    at readableAddChunk (node:internal/streams/readable:341:9)
2026-08-11T09:26:25.122Z - [33mwarn[39m: [TransactionEventHandler]: strategyFail: commit failure for transaction "4240614da4e12507f2b34d0960f459eee862bfafba883f1bb64b3bb5a5320194": TransactionError: Commit of transaction 4240614da4e12507f2b34d0960f459eee862bfafba883f1bb64b3bb5a5320194 failed on peer peer0.financiers.example.com:7051 with status PHANTOM_READ_CONFLICT
    at TransactionEventHandler.eventCallback (/home/dhanish/fabric_sfc/caliper-bench/node_modules/fabric-network/lib/impl/event/transactioneventhandler.js:111:31)
    at CommitListenerSession.notifyListener (/home/dhanish/fabric_sfc/caliper-bench/node_modules/fabric-network/lib/impl/event/commitlistenersession.js:101:18)
    at EventListener.callback (/home/dhanish/fabric_sfc/caliper-bench/node_modules/fabric-network/lib/impl/event/commitlistenersession.js:92:18)
    at EventListener.onEvent (/home/dhanish/fabric_sfc/caliper-bench/node_modules/fabric-common/lib/EventListener.js:124:10)
    at EventService._callTransactionListener (/home/dhanish/fabric_sfc/caliper-bench/node_modules/fabric-common/lib/EventService.js:1051:16)
    at EventService._processTxEvents (/home/dhanish/fabric_sfc/caliper-bench/node_modules/fabric-common/lib/EventService.js:1006:12)
    at ClientDuplexStreamImpl.<anonymous> (/home/dhanish/fabric_sfc/caliper-bench/node_modules/fabric-common/lib/EventService.js:481:12)
    at ClientDuplexStreamImpl.emit (node:events:517:28)
    at addChunk (node:internal/streams/readable:368:12)
    at readableAddChunk (node:internal/streams/readable:341:9) {
  transactionId: '4240614da4e12507f2b34d0960f459eee862bfafba883f1bb64b3bb5a5320194',
  transactionCode: 'PHANTOM_READ_CONFLICT'
}
2026.08.11-09:26:25.123[31m error[39m [caliper] [connectors/v2/FabricGateway] 	Failed to perform submit transaction [aggregateGlobalModel] using arguments [finance-qtable-aggregate-4-0,1],  with error: TransactionError: Commit of transaction 4240614da4e12507f2b34d0960f459eee862bfafba883f1bb64b3bb5a5320194 failed on peer peer0.financiers.example.com:7051 with status PHANTOM_READ_CONFLICT
    at TransactionEventHandler.eventCallback (/home/dhanish/fabric_sfc/caliper-bench/node_modules/fabric-network/lib/impl/event/transactioneventhandler.js:111:31)
    at CommitListenerSession.notifyListener (/home/dhanish/fabric_sfc/caliper-bench/node_modules/fabric-network/lib/impl/event/commitlistenersession.js:101:18)
    at EventListener.callback (/home/dhanish/fabric_sfc/caliper-bench/node_modules/fabric-network/lib/impl/event/commitlistenersession.js:92:18)
    at EventListener.onEvent (/home/dhanish/fabric_sfc/caliper-bench/node_modules/fabric-common/lib/EventListener.js:124:10)
    at EventService._callTransactionListener (/home/dhanish/fabric_sfc/caliper-bench/node_modules/fabric-common/lib/EventService.js:1051:16)
    at EventService._processTxEvents (/home/dhanish/fabric_sfc/caliper-bench/node_modules/fabric-common/lib/EventService.js:1006:12)
    at ClientDuplexStreamImpl.<anonymous> (/home/dhanish/fabric_sfc/caliper-bench/node_modules/fabric-common/lib/EventService.js:481:12)
    at ClientDuplexStreamImpl.emit (node:events:517:28)
    at addChunk (node:internal/streams/readable:368:12)
    at readableAddChunk (node:internal/streams/readable:341:9)
2026-08-11T09:26:25.140Z - [33mwarn[39m: [TransactionEventHandler]: strategyFail: commit failure for transaction "3e43d2633cb1ce0263bdaabb440254fca7d34cfd21b1bf892f337ddca2a5c273": TransactionError: Commit of transaction 3e43d2633cb1ce0263bdaabb440254fca7d34cfd21b1bf892f337ddca2a5c273 failed on peer peer0.financiers.example.com:7051 with status PHANTOM_READ_CONFLICT
    at TransactionEventHandler.eventCallback (/home/dhanish/fabric_sfc/caliper-bench/node_modules/fabric-network/lib/impl/event/transactioneventhandler.js:111:31)
    at CommitListenerSession.notifyListener (/home/dhanish/fabric_sfc/caliper-bench/node_modules/fabric-network/lib/impl/event/commitlistenersession.js:101:18)
    at EventListener.callback (/home/dhanish/fabric_sfc/caliper-bench/node_modules/fabric-network/lib/impl/event/commitlistenersession.js:92:18)
    at EventListener.onEvent (/home/dhanish/fabric_sfc/caliper-bench/node_modules/fabric-common/lib/EventListener.js:124:10)
    at EventService._callTransactionListener (/home/dhanish/fabric_sfc/caliper-bench/node_modules/fabric-common/lib/EventService.js:1051:16)
    at EventService._processTxEvents (/home/dhanish/fabric_sfc/caliper-bench/node_modules/fabric-common/lib/EventService.js:1006:12)
    at ClientDuplexStreamImpl.<anonymous> (/home/dhanish/fabric_sfc/caliper-bench/node_modules/fabric-common/lib/EventService.js:481:12)
    at ClientDuplexStreamImpl.emit (node:events:517:28)
    at addChunk (node:internal/streams/readable:368:12)
    at readableAddChunk (node:internal/streams/readable:341:9) {
  transactionId: '3e43d2633cb1ce0263bdaabb440254fca7d34cfd21b1bf892f337ddca2a5c273',
  transactionCode: 'PHANTOM_READ_CONFLICT'
}
2026-08-11T09:26:25.140Z - [33mwarn[39m: [TransactionEventHandler]: strategyFail: commit failure for transaction "ce55f6d08d6fa9ae9129a38a73643de1d1dbbfc9d090c808beacbc9440cc1cbb": TransactionError: Commit of transaction ce55f6d08d6fa9ae9129a38a73643de1d1dbbfc9d090c808beacbc9440cc1cbb failed on peer peer0.financiers.example.com:7051 with status PHANTOM_READ_CONFLICT
    at TransactionEventHandler.eventCallback (/home/dhanish/fabric_sfc/caliper-bench/node_modules/fabric-network/lib/impl/event/transactioneventhandler.js:111:31)
    at CommitListenerSession.notifyListener (/home/dhanish/fabric_sfc/caliper-bench/node_modules/fabric-network/lib/impl/event/commitlistenersession.js:101:18)
    at EventListener.callback (/home/dhanish/fabric_sfc/caliper-bench/node_modules/fabric-network/lib/impl/event/commitlistenersession.js:92:18)
    at EventListener.onEvent (/home/dhanish/fabric_sfc/caliper-bench/node_modules/fabric-common/lib/EventListener.js:124:10)
    at EventService._callTransactionListener (/home/dhanish/fabric_sfc/caliper-bench/node_modules/fabric-common/lib/EventService.js:1051:16)
    at EventService._processTxEvents (/home/dhanish/fabric_sfc/caliper-bench/node_modules/fabric-common/lib/EventService.js:1006:12)
    at ClientDuplexStreamImpl.<anonymous> (/home/dhanish/fabric_sfc/caliper-bench/node_modules/fabric-common/lib/EventService.js:481:12)
    at ClientDuplexStreamImpl.emit (node:events:517:28)
    at addChunk (node:internal/streams/readable:368:12)
    at readableAddChunk (node:internal/streams/readable:341:9) {
  transactionId: 'ce55f6d08d6fa9ae9129a38a73643de1d1dbbfc9d090c808beacbc9440cc1cbb',
  transactionCode: 'PHANTOM_READ_CONFLICT'
}
2026.08.11-09:26:25.140[31m error[39m [caliper] [connectors/v2/FabricGateway] 	Failed to perform submit transaction [aggregateGlobalModel] using arguments [finance-qtable-aggregate-0-0,1],  with error: TransactionError: Commit of transaction ce55f6d08d6fa9ae9129a38a73643de1d1dbbfc9d090c808beacbc9440cc1cbb failed on peer peer0.financiers.example.com:7051 with status PHANTOM_READ_CONFLICT
    at TransactionEventHandler.eventCallback (/home/dhanish/fabric_sfc/caliper-bench/node_modules/fabric-network/lib/impl/event/transactioneventhandler.js:111:31)
    at CommitListenerSession.notifyListener (/home/dhanish/fabric_sfc/caliper-bench/node_modules/fabric-network/lib/impl/event/commitlistenersession.js:101:18)
    at EventListener.callback (/home/dhanish/fabric_sfc/caliper-bench/node_modules/fabric-network/lib/impl/event/commitlistenersession.js:92:18)
    at EventListener.onEvent (/home/dhanish/fabric_sfc/caliper-bench/node_modules/fabric-common/lib/EventListener.js:124:10)
    at EventService._callTransactionListener (/home/dhanish/fabric_sfc/caliper-bench/node_modules/fabric-common/lib/EventService.js:1051:16)
    at EventService._processTxEvents (/home/dhanish/fabric_sfc/caliper-bench/node_modules/fabric-common/lib/EventService.js:1006:12)
    at ClientDuplexStreamImpl.<anonymous> (/home/dhanish/fabric_sfc/caliper-bench/node_modules/fabric-common/lib/EventService.js:481:12)
    at ClientDuplexStreamImpl.emit (node:events:517:28)
    at addChunk (node:internal/streams/readable:368:12)
    at readableAddChunk (node:internal/streams/readable:341:9)
2026.08.11-09:26:25.140[31m error[39m [caliper] [connectors/v2/FabricGateway] 	Failed to perform submit transaction [aggregateGlobalModel] using arguments [finance-qtable-aggregate-3-0,1],  with error: TransactionError: Commit of transaction 3e43d2633cb1ce0263bdaabb440254fca7d34cfd21b1bf892f337ddca2a5c273 failed on peer peer0.financiers.example.com:7051 with status PHANTOM_READ_CONFLICT
    at TransactionEventHandler.eventCallback (/home/dhanish/fabric_sfc/caliper-bench/node_modules/fabric-network/lib/impl/event/transactioneventhandler.js:111:31)
    at CommitListenerSession.notifyListener (/home/dhanish/fabric_sfc/caliper-bench/node_modules/fabric-network/lib/impl/event/commitlistenersession.js:101:18)
    at EventListener.callback (/home/dhanish/fabric_sfc/caliper-bench/node_modules/fabric-network/lib/impl/event/commitlistenersession.js:92:18)
    at EventListener.onEvent (/home/dhanish/fabric_sfc/caliper-bench/node_modules/fabric-common/lib/EventListener.js:124:10)
    at EventService._callTransactionListener (/home/dhanish/fabric_sfc/caliper-bench/node_modules/fabric-common/lib/EventService.js:1051:16)
    at EventService._processTxEvents (/home/dhanish/fabric_sfc/caliper-bench/node_modules/fabric-common/lib/EventService.js:1006:12)
    at ClientDuplexStreamImpl.<anonymous> (/home/dhanish/fabric_sfc/caliper-bench/node_modules/fabric-common/lib/EventService.js:481:12)
    at ClientDuplexStreamImpl.emit (node:events:517:28)
    at addChunk (node:internal/streams/readable:368:12)
    at readableAddChunk (node:internal/streams/readable:341:9)
2026-08-11T09:26:25.171Z - [33mwarn[39m: [TransactionEventHandler]: strategyFail: commit failure for transaction "b389e6087ddeab5fb97fe0c89c39b2b50ee6737b5d36f6a0cefd62b9beb0d7bf": TransactionError: Commit of transaction b389e6087ddeab5fb97fe0c89c39b2b50ee6737b5d36f6a0cefd62b9beb0d7bf failed on peer peer0.financiers.example.com:7051 with status PHANTOM_READ_CONFLICT
    at TransactionEventHandler.eventCallback (/home/dhanish/fabric_sfc/caliper-bench/node_modules/fabric-network/lib/impl/event/transactioneventhandler.js:111:31)
    at CommitListenerSession.notifyListener (/home/dhanish/fabric_sfc/caliper-bench/node_modules/fabric-network/lib/impl/event/commitlistenersession.js:101:18)
    at EventListener.callback (/home/dhanish/fabric_sfc/caliper-bench/node_modules/fabric-network/lib/impl/event/commitlistenersession.js:92:18)
    at EventListener.onEvent (/home/dhanish/fabric_sfc/caliper-bench/node_modules/fabric-common/lib/EventListener.js:124:10)
    at EventService._callTransactionListener (/home/dhanish/fabric_sfc/caliper-bench/node_modules/fabric-common/lib/EventService.js:1051:16)
    at EventService._processTxEvents (/home/dhanish/fabric_sfc/caliper-bench/node_modules/fabric-common/lib/EventService.js:1006:12)
    at ClientDuplexStreamImpl.<anonymous> (/home/dhanish/fabric_sfc/caliper-bench/node_modules/fabric-common/lib/EventService.js:481:12)
    at ClientDuplexStreamImpl.emit (node:events:517:28)
    at addChunk (node:internal/streams/readable:368:12)
    at readableAddChunk (node:internal/streams/readable:341:9) {
  transactionId: 'b389e6087ddeab5fb97fe0c89c39b2b50ee6737b5d36f6a0cefd62b9beb0d7bf',
  transactionCode: 'PHANTOM_READ_CONFLICT'
}
2026.08.11-09:26:25.171[31m error[39m [caliper] [connectors/v2/FabricGateway] 	Failed to perform submit transaction [aggregateGlobalModel] using arguments [finance-qtable-aggregate-1-0,1],  with error: TransactionError: Commit of transaction b389e6087ddeab5fb97fe0c89c39b2b50ee6737b5d36f6a0cefd62b9beb0d7bf failed on peer peer0.financiers.example.com:7051 with status PHANTOM_READ_CONFLICT
    at TransactionEventHandler.eventCallback (/home/dhanish/fabric_sfc/caliper-bench/node_modules/fabric-network/lib/impl/event/transactioneventhandler.js:111:31)
    at CommitListenerSession.notifyListener (/home/dhanish/fabric_sfc/caliper-bench/node_modules/fabric-network/lib/impl/event/commitlistenersession.js:101:18)
    at EventListener.callback (/home/dhanish/fabric_sfc/caliper-bench/node_modules/fabric-network/lib/impl/event/commitlistenersession.js:92:18)
    at EventListener.onEvent (/home/dhanish/fabric_sfc/caliper-bench/node_modules/fabric-common/lib/EventListener.js:124:10)
    at EventService._callTransactionListener (/home/dhanish/fabric_sfc/caliper-bench/node_modules/fabric-common/lib/EventService.js:1051:16)
    at EventService._processTxEvents (/home/dhanish/fabric_sfc/caliper-bench/node_modules/fabric-common/lib/EventService.js:1006:12)
    at ClientDuplexStreamImpl.<anonymous> (/home/dhanish/fabric_sfc/caliper-bench/node_modules/fabric-common/lib/EventService.js:481:12)
    at ClientDuplexStreamImpl.emit (node:events:517:28)
    at addChunk (node:internal/streams/readable:368:12)
    at readableAddChunk (node:internal/streams/readable:341:9)
2026-08-11T09:26:25.174Z - [33mwarn[39m: [TransactionEventHandler]: strategyFail: commit failure for transaction "e03af2a7e79466f7fbf03571633e3ab42ef09a4128de3b9fdca3e31ad8fdbf1a": TransactionError: Commit of transaction e03af2a7e79466f7fbf03571633e3ab42ef09a4128de3b9fdca3e31ad8fdbf1a failed on peer peer0.financiers.example.com:7051 with status PHANTOM_READ_CONFLICT
    at TransactionEventHandler.eventCallback (/home/dhanish/fabric_sfc/caliper-bench/node_modules/fabric-network/lib/impl/event/transactioneventhandler.js:111:31)
    at CommitListenerSession.notifyListener (/home/dhanish/fabric_sfc/caliper-bench/node_modules/fabric-network/lib/impl/event/commitlistenersession.js:101:18)
    at EventListener.callback (/home/dhanish/fabric_sfc/caliper-bench/node_modules/fabric-network/lib/impl/event/commitlistenersession.js:92:18)
    at EventListener.onEvent (/home/dhanish/fabric_sfc/caliper-bench/node_modules/fabric-common/lib/EventListener.js:124:10)
    at EventService._callTransactionListener (/home/dhanish/fabric_sfc/caliper-bench/node_modules/fabric-common/lib/EventService.js:1051:16)
    at EventService._processTxEvents (/home/dhanish/fabric_sfc/caliper-bench/node_modules/fabric-common/lib/EventService.js:1006:12)
    at ClientDuplexStreamImpl.<anonymous> (/home/dhanish/fabric_sfc/caliper-bench/node_modules/fabric-common/lib/EventService.js:481:12)
    at ClientDuplexStreamImpl.emit (node:events:517:28)
    at addChunk (node:internal/streams/readable:368:12)
    at readableAddChunk (node:internal/streams/readable:341:9) {
  transactionId: 'e03af2a7e79466f7fbf03571633e3ab42ef09a4128de3b9fdca3e31ad8fdbf1a',
  transactionCode: 'PHANTOM_READ_CONFLICT'
}
2026.08.11-09:26:25.174[31m error[39m [caliper] [connectors/v2/FabricGateway] 	Failed to perform submit transaction [aggregateGlobalModel] using arguments [finance-qtable-aggregate-3-0,1],  with error: TransactionError: Commit of transaction e03af2a7e79466f7fbf03571633e3ab42ef09a4128de3b9fdca3e31ad8fdbf1a failed on peer peer0.financiers.example.com:7051 with status PHANTOM_READ_CONFLICT
    at TransactionEventHandler.eventCallback (/home/dhanish/fabric_sfc/caliper-bench/node_modules/fabric-network/lib/impl/event/transactioneventhandler.js:111:31)
    at CommitListenerSession.notifyListener (/home/dhanish/fabric_sfc/caliper-bench/node_modules/fabric-network/lib/impl/event/commitlistenersession.js:101:18)
    at EventListener.callback (/home/dhanish/fabric_sfc/caliper-bench/node_modules/fabric-network/lib/impl/event/commitlistenersession.js:92:18)
    at EventListener.onEvent (/home/dhanish/fabric_sfc/caliper-bench/node_modules/fabric-common/lib/EventListener.js:124:10)
    at EventService._callTransactionListener (/home/dhanish/fabric_sfc/caliper-bench/node_modules/fabric-common/lib/EventService.js:1051:16)
    at EventService._processTxEvents (/home/dhanish/fabric_sfc/caliper-bench/node_modules/fabric-common/lib/EventService.js:1006:12)
    at ClientDuplexStreamImpl.<anonymous> (/home/dhanish/fabric_sfc/caliper-bench/node_modules/fabric-common/lib/EventService.js:481:12)
    at ClientDuplexStreamImpl.emit (node:events:517:28)
    at addChunk (node:internal/streams/readable:368:12)
    at readableAddChunk (node:internal/streams/readable:341:9)
2026-08-11T09:26:25.176Z - [33mwarn[39m: [TransactionEventHandler]: strategyFail: commit failure for transaction "40a37d4e3b77acff56f32d5acbc06dfed849c1c1e6ef1dda3dc7e59ff883c6ce": TransactionError: Commit of transaction 40a37d4e3b77acff56f32d5acbc06dfed849c1c1e6ef1dda3dc7e59ff883c6ce failed on peer peer0.financiers.example.com:7051 with status PHANTOM_READ_CONFLICT
    at TransactionEventHandler.eventCallback (/home/dhanish/fabric_sfc/caliper-bench/node_modules/fabric-network/lib/impl/event/transactioneventhandler.js:111:31)
    at CommitListenerSession.notifyListener (/home/dhanish/fabric_sfc/caliper-bench/node_modules/fabric-network/lib/impl/event/commitlistenersession.js:101:18)
    at EventListener.callback (/home/dhanish/fabric_sfc/caliper-bench/node_modules/fabric-network/lib/impl/event/commitlistenersession.js:92:18)
    at EventListener.onEvent (/home/dhanish/fabric_sfc/caliper-bench/node_modules/fabric-common/lib/EventListener.js:124:10)
    at EventService._callTransactionListener (/home/dhanish/fabric_sfc/caliper-bench/node_modules/fabric-common/lib/EventService.js:1051:16)
    at EventService._processTxEvents (/home/dhanish/fabric_sfc/caliper-bench/node_modules/fabric-common/lib/EventService.js:1006:12)
    at ClientDuplexStreamImpl.<anonymous> (/home/dhanish/fabric_sfc/caliper-bench/node_modules/fabric-common/lib/EventService.js:481:12)
    at ClientDuplexStreamImpl.emit (node:events:517:28)
    at addChunk (node:internal/streams/readable:368:12)
    at readableAddChunk (node:internal/streams/readable:341:9) {
  transactionId: '40a37d4e3b77acff56f32d5acbc06dfed849c1c1e6ef1dda3dc7e59ff883c6ce',
  transactionCode: 'PHANTOM_READ_CONFLICT'
}
2026.08.11-09:26:25.177[31m error[39m [caliper] [connectors/v2/FabricGateway] 	Failed to perform submit transaction [aggregateGlobalModel] using arguments [finance-qtable-aggregate-2-0,1],  with error: TransactionError: Commit of transaction 40a37d4e3b77acff56f32d5acbc06dfed849c1c1e6ef1dda3dc7e59ff883c6ce failed on peer peer0.financiers.example.com:7051 with status PHANTOM_READ_CONFLICT
    at TransactionEventHandler.eventCallback (/home/dhanish/fabric_sfc/caliper-bench/node_modules/fabric-network/lib/impl/event/transactioneventhandler.js:111:31)
    at CommitListenerSession.notifyListener (/home/dhanish/fabric_sfc/caliper-bench/node_modules/fabric-network/lib/impl/event/commitlistenersession.js:101:18)
    at EventListener.callback (/home/dhanish/fabric_sfc/caliper-bench/node_modules/fabric-network/lib/impl/event/commitlistenersession.js:92:18)
    at EventListener.onEvent (/home/dhanish/fabric_sfc/caliper-bench/node_modules/fabric-common/lib/EventListener.js:124:10)
    at EventService._callTransactionListener (/home/dhanish/fabric_sfc/caliper-bench/node_modules/fabric-common/lib/EventService.js:1051:16)
    at EventService._processTxEvents (/home/dhanish/fabric_sfc/caliper-bench/node_modules/fabric-common/lib/EventService.js:1006:12)
    at ClientDuplexStreamImpl.<anonymous> (/home/dhanish/fabric_sfc/caliper-bench/node_modules/fabric-common/lib/EventService.js:481:12)
    at ClientDuplexStreamImpl.emit (node:events:517:28)
    at addChunk (node:internal/streams/readable:368:12)
    at readableAddChunk (node:internal/streams/readable:341:9)
2026-08-11T09:26:25.220Z - [33mwarn[39m: [TransactionEventHandler]: strategyFail: commit failure for transaction "0ce59a3181d4357efdd9660557b55b51d9a2adb6a14b0d31940f56fd40d19d17": TransactionError: Commit of transaction 0ce59a3181d4357efdd9660557b55b51d9a2adb6a14b0d31940f56fd40d19d17 failed on peer peer0.financiers.example.com:7051 with status PHANTOM_READ_CONFLICT
    at TransactionEventHandler.eventCallback (/home/dhanish/fabric_sfc/caliper-bench/node_modules/fabric-network/lib/impl/event/transactioneventhandler.js:111:31)
    at CommitListenerSession.notifyListener (/home/dhanish/fabric_sfc/caliper-bench/node_modules/fabric-network/lib/impl/event/commitlistenersession.js:101:18)
    at EventListener.callback (/home/dhanish/fabric_sfc/caliper-bench/node_modules/fabric-network/lib/impl/event/commitlistenersession.js:92:18)
    at EventListener.onEvent (/home/dhanish/fabric_sfc/caliper-bench/node_modules/fabric-common/lib/EventListener.js:124:10)
    at EventService._callTransactionListener (/home/dhanish/fabric_sfc/caliper-bench/node_modules/fabric-common/lib/EventService.js:1051:16)
    at EventService._processTxEvents (/home/dhanish/fabric_sfc/caliper-bench/node_modules/fabric-common/lib/EventService.js:1006:12)
    at ClientDuplexStreamImpl.<anonymous> (/home/dhanish/fabric_sfc/caliper-bench/node_modules/fabric-common/lib/EventService.js:481:12)
    at ClientDuplexStreamImpl.emit (node:events:517:28)
    at addChunk (node:internal/streams/readable:368:12)
    at readableAddChunk (node:internal/streams/readable:341:9) {
  transactionId: '0ce59a3181d4357efdd9660557b55b51d9a2adb6a14b0d31940f56fd40d19d17',
  transactionCode: 'PHANTOM_READ_CONFLICT'
}
2026.08.11-09:26:25.220[31m error[39m [caliper] [connectors/v2/FabricGateway] 	Failed to perform submit transaction [aggregateGlobalModel] using arguments [finance-qtable-aggregate-0-0,1],  with error: TransactionError: Commit of transaction 0ce59a3181d4357efdd9660557b55b51d9a2adb6a14b0d31940f56fd40d19d17 failed on peer peer0.financiers.example.com:7051 with status PHANTOM_READ_CONFLICT
    at TransactionEventHandler.eventCallback (/home/dhanish/fabric_sfc/caliper-bench/node_modules/fabric-network/lib/impl/event/transactioneventhandler.js:111:31)
    at CommitListenerSession.notifyListener (/home/dhanish/fabric_sfc/caliper-bench/node_modules/fabric-network/lib/impl/event/commitlistenersession.js:101:18)
    at EventListener.callback (/home/dhanish/fabric_sfc/caliper-bench/node_modules/fabric-network/lib/impl/event/commitlistenersession.js:92:18)
    at EventListener.onEvent (/home/dhanish/fabric_sfc/caliper-bench/node_modules/fabric-common/lib/EventListener.js:124:10)
    at EventService._callTransactionListener (/home/dhanish/fabric_sfc/caliper-bench/node_modules/fabric-common/lib/EventService.js:1051:16)
    at EventService._processTxEvents (/home/dhanish/fabric_sfc/caliper-bench/node_modules/fabric-common/lib/EventService.js:1006:12)
    at ClientDuplexStreamImpl.<anonymous> (/home/dhanish/fabric_sfc/caliper-bench/node_modules/fabric-common/lib/EventService.js:481:12)
    at ClientDuplexStreamImpl.emit (node:events:517:28)
    at addChunk (node:internal/streams/readable:368:12)
    at readableAddChunk (node:internal/streams/readable:341:9)

===== AggregateGlobalModel Worker 2 Summary =====
   📦 Total Payload       : 0.6680 KB
   📏 Avg Payload         : 36.00 bytes
   📐 Max Payload         : 36 bytes
   🧮 Payload Samples     : 19
2026.08.11-09:26:26.305[32m info [39m [caliper] [connectors/v2/FabricGateway] 	disconnecting gateway for user User0
2026.08.11-09:26:26.305[32m info [39m [caliper] [connectors/v2/FabricGateway] 	disconnecting gateway for user User1
2026.08.11-09:26:26.306[32m info [39m [caliper] [connectors/v2/FabricGateway] 	disconnecting gateway for user User2
2026.08.11-09:26:26.307[32m info [39m [caliper] [connectors/v2/FabricGateway] 	disconnecting gateway for user User3
2026.08.11-09:26:26.307[32m info [39m [caliper] [connectors/v2/FabricGateway] 	disconnecting gateway for user User4
2026.08.11-09:26:26.307[32m info [39m [caliper] [connectors/v2/FabricGateway] 	disconnecting gateway for user User5
2026.08.11-09:26:26.308[32m info [39m [caliper] [connectors/v2/FabricGateway] 	disconnecting gateway for user _WholesalersMSP_User0
2026.08.11-09:26:26.308[32m info [39m [caliper] [connectors/v2/FabricGateway] 	disconnecting gateway for user _WholesalersMSP_User1
2026.08.11-09:26:26.308[32m info [39m [caliper] [connectors/v2/FabricGateway] 	disconnecting gateway for user _WholesalersMSP_User2
2026.08.11-09:26:26.308[32m info [39m [caliper] [connectors/v2/FabricGateway] 	disconnecting gateway for user _WholesalersMSP_User3
2026.08.11-09:26:26.308[32m info [39m [caliper] [connectors/v2/FabricGateway] 	disconnecting gateway for user _WholesalersMSP_User4
2026.08.11-09:26:26.309[32m info [39m [caliper] [connectors/v2/FabricGateway] 	disconnecting gateway for user _WholesalersMSP_User5
2026.08.11-09:26:26.309[32m info [39m [caliper] [worker-message-handler] 	Worker#2 finished Round#0

===== AggregateGlobalModel Worker 0 Summary =====
   📦 Total Payload       : 0.6689 KB
   📏 Avg Payload         : 36.05 bytes
   📐 Max Payload         : 37 bytes
   🧮 Payload Samples     : 19
2026.08.11-09:26:26.322[32m info [39m [caliper] [connectors/v2/FabricGateway] 	disconnecting gateway for user User0
2026.08.11-09:26:26.323[32m info [39m [caliper] [connectors/v2/FabricGateway] 	disconnecting gateway for user User1
2026.08.11-09:26:26.323[32m info [39m [caliper] [connectors/v2/FabricGateway] 	disconnecting gateway for user User2
2026.08.11-09:26:26.324[32m info [39m [caliper] [connectors/v2/FabricGateway] 	disconnecting gateway for user User3
2026.08.11-09:26:26.324[32m info [39m [caliper] [connectors/v2/FabricGateway] 	disconnecting gateway for user User4
2026.08.11-09:26:26.325[32m info [39m [caliper] [connectors/v2/FabricGateway] 	disconnecting gateway for user User5
2026.08.11-09:26:26.325[32m info [39m [caliper] [connectors/v2/FabricGateway] 	disconnecting gateway for user _WholesalersMSP_User0
2026.08.11-09:26:26.325[32m info [39m [caliper] [connectors/v2/FabricGateway] 	disconnecting gateway for user _WholesalersMSP_User1
2026.08.11-09:26:26.325[32m info [39m [caliper] [connectors/v2/FabricGateway] 	disconnecting gateway for user _WholesalersMSP_User2
2026.08.11-09:26:26.325[32m info [39m [caliper] [connectors/v2/FabricGateway] 	disconnecting gateway for user _WholesalersMSP_User3
2026.08.11-09:26:26.326[32m info [39m [caliper] [connectors/v2/FabricGateway] 	disconnecting gateway for user _WholesalersMSP_User4
2026.08.11-09:26:26.326[32m info [39m [caliper] [connectors/v2/FabricGateway] 	disconnecting gateway for user _WholesalersMSP_User5
2026.08.11-09:26:26.326[32m info [39m [caliper] [worker-message-handler] 	Worker#0 finished Round#0

===== AggregateGlobalModel Worker 3 Summary =====
   📦 Total Payload       : 0.6689 KB
   📏 Avg Payload         : 36.05 bytes
   📐 Max Payload         : 37 bytes
   🧮 Payload Samples     : 19
2026.08.11-09:26:26.348[32m info [39m [caliper] [connectors/v2/FabricGateway] 	disconnecting gateway for user User0
2026.08.11-09:26:26.349[32m info [39m [caliper] [connectors/v2/FabricGateway] 	disconnecting gateway for user User1
2026.08.11-09:26:26.349[32m info [39m [caliper] [connectors/v2/FabricGateway] 	disconnecting gateway for user User2
2026.08.11-09:26:26.350[32m info [39m [caliper] [connectors/v2/FabricGateway] 	disconnecting gateway for user User3
2026.08.11-09:26:26.350[32m info [39m [caliper] [connectors/v2/FabricGateway] 	disconnecting gateway for user User4
2026.08.11-09:26:26.351[32m info [39m [caliper] [connectors/v2/FabricGateway] 	disconnecting gateway for user User5
2026.08.11-09:26:26.351[32m info [39m [caliper] [connectors/v2/FabricGateway] 	disconnecting gateway for user _WholesalersMSP_User0
2026.08.11-09:26:26.351[32m info [39m [caliper] [connectors/v2/FabricGateway] 	disconnecting gateway for user _WholesalersMSP_User1
2026.08.11-09:26:26.351[32m info [39m [caliper] [connectors/v2/FabricGateway] 	disconnecting gateway for user _WholesalersMSP_User2
2026.08.11-09:26:26.351[32m info [39m [caliper] [connectors/v2/FabricGateway] 	disconnecting gateway for user _WholesalersMSP_User3
2026.08.11-09:26:26.352[32m info [39m [caliper] [connectors/v2/FabricGateway] 	disconnecting gateway for user _WholesalersMSP_User4
2026.08.11-09:26:26.352[32m info [39m [caliper] [connectors/v2/FabricGateway] 	disconnecting gateway for user _WholesalersMSP_User5
2026.08.11-09:26:26.352[32m info [39m [caliper] [worker-message-handler] 	Worker#3 finished Round#0
2026.08.11-09:26:27.453[32m info [39m [caliper] [default-observer] 	Resetting txCount indicator count

===== AggregateGlobalModel Worker 4 Summary =====
   📦 Total Payload       : 0.7041 KB
   📏 Avg Payload         : 36.05 bytes
   📐 Max Payload         : 37 bytes
   🧮 Payload Samples     : 20
2026.08.11-09:26:28.314[32m info [39m [caliper] [connectors/v2/FabricGateway] 	disconnecting gateway for user User0
2026.08.11-09:26:28.314[32m info [39m [caliper] [connectors/v2/FabricGateway] 	disconnecting gateway for user User1
2026.08.11-09:26:28.315[32m info [39m [caliper] [connectors/v2/FabricGateway] 	disconnecting gateway for user User2
2026.08.11-09:26:28.316[32m info [39m [caliper] [connectors/v2/FabricGateway] 	disconnecting gateway for user User3
2026.08.11-09:26:28.316[32m info [39m [caliper] [connectors/v2/FabricGateway] 	disconnecting gateway for user User4
2026.08.11-09:26:28.317[32m info [39m [caliper] [connectors/v2/FabricGateway] 	disconnecting gateway for user User5
2026.08.11-09:26:28.317[32m info [39m [caliper] [connectors/v2/FabricGateway] 	disconnecting gateway for user _WholesalersMSP_User0
2026.08.11-09:26:28.317[32m info [39m [caliper] [connectors/v2/FabricGateway] 	disconnecting gateway for user _WholesalersMSP_User1
2026.08.11-09:26:28.317[32m info [39m [caliper] [connectors/v2/FabricGateway] 	disconnecting gateway for user _WholesalersMSP_User2
2026.08.11-09:26:28.318[32m info [39m [caliper] [connectors/v2/FabricGateway] 	disconnecting gateway for user _WholesalersMSP_User3
2026.08.11-09:26:28.318[32m info [39m [caliper] [connectors/v2/FabricGateway] 	disconnecting gateway for user _WholesalersMSP_User4
2026.08.11-09:26:28.318[32m info [39m [caliper] [connectors/v2/FabricGateway] 	disconnecting gateway for user _WholesalersMSP_User5
2026.08.11-09:26:28.318[32m info [39m [caliper] [worker-message-handler] 	Worker#4 finished Round#0

===== AggregateGlobalModel Worker 1 Summary =====
   📦 Total Payload       : 0.6699 KB
   📏 Avg Payload         : 36.11 bytes
   📐 Max Payload         : 37 bytes
   🧮 Payload Samples     : 19
2026.08.11-09:26:28.391[32m info [39m [caliper] [connectors/v2/FabricGateway] 	disconnecting gateway for user User0
2026.08.11-09:26:28.391[32m info [39m [caliper] [connectors/v2/FabricGateway] 	disconnecting gateway for user User1
2026.08.11-09:26:28.392[32m info [39m [caliper] [connectors/v2/FabricGateway] 	disconnecting gateway for user User2
2026.08.11-09:26:28.393[32m info [39m [caliper] [connectors/v2/FabricGateway] 	disconnecting gateway for user User3
2026.08.11-09:26:28.393[32m info [39m [caliper] [connectors/v2/FabricGateway] 	disconnecting gateway for user User4
2026.08.11-09:26:28.393[32m info [39m [caliper] [connectors/v2/FabricGateway] 	disconnecting gateway for user User5
2026.08.11-09:26:28.394[32m info [39m [caliper] [connectors/v2/FabricGateway] 	disconnecting gateway for user _WholesalersMSP_User0
2026.08.11-09:26:28.394[32m info [39m [caliper] [connectors/v2/FabricGateway] 	disconnecting gateway for user _WholesalersMSP_User1
2026.08.11-09:26:28.394[32m info [39m [caliper] [connectors/v2/FabricGateway] 	disconnecting gateway for user _WholesalersMSP_User2
2026.08.11-09:26:28.394[32m info [39m [caliper] [connectors/v2/FabricGateway] 	disconnecting gateway for user _WholesalersMSP_User3
2026.08.11-09:26:28.394[32m info [39m [caliper] [connectors/v2/FabricGateway] 	disconnecting gateway for user _WholesalersMSP_User4
2026.08.11-09:26:28.395[32m info [39m [caliper] [connectors/v2/FabricGateway] 	disconnecting gateway for user _WholesalersMSP_User5
2026.08.11-09:26:28.395[32m info [39m [caliper] [worker-message-handler] 	Worker#1 finished Round#0
2026.08.11-09:26:33.432[32m info [39m [caliper] [default-observer] 	Resetting txCount indicator count
2026.08.11-09:26:33.433[32m info [39m [caliper] [report-builder] 	### Test result ###
2026.08.11-09:26:33.437[32m info [39m [caliper] [report-builder] 	
+---------------------------------+------+------+-----------------+-----------------+-----------------+-----------------+------------------+
| Name                            | Succ | Fail | Send Rate (TPS) | Max Latency (s) | Min Latency (s) | Avg Latency (s) | Throughput (TPS) |
|---------------------------------|------|------|-----------------|-----------------|-----------------|-----------------|------------------|
| aggregateglobalmodel_round1@300 | 311  | 73   | 289.2           | 2.09            | 0.05            | 0.19            | 113.4            |
+---------------------------------+------+------+-----------------+-----------------+-----------------+-----------------+------------------+

2026.08.11-09:26:33.437[32m info [39m [caliper] [round-orchestrator] 	Finished round 1 (aggregateglobalmodel_round1@300) in 3.479 seconds
2026.08.11-09:26:33.437[32m info [39m [caliper] [monitor.js] 	Stopping all monitors
2026.08.11-09:26:33.438[32m info [39m [caliper] [report-builder] 	### All test results ###
2026.08.11-09:26:33.438[32m info [39m [caliper] [report-builder] 	
+---------------------------------+------+------+-----------------+-----------------+-----------------+-----------------+------------------+
| Name                            | Succ | Fail | Send Rate (TPS) | Max Latency (s) | Min Latency (s) | Avg Latency (s) | Throughput (TPS) |
|---------------------------------|------|------|-----------------|-----------------|-----------------|-----------------|------------------|
| aggregateglobalmodel_round1@300 | 311  | 73   | 289.2           | 2.09            | 0.05            | 0.19            | 113.4            |
+---------------------------------+------+------+-----------------+-----------------+-----------------+-----------------+------------------+

2026.08.11-09:26:33.445[32m info [39m [caliper] [report-builder] 	Generated report with path /home/dhanish/fabric_sfc/caliper-bench/report.html
2026.08.11-09:26:33.446[32m info [39m [caliper] [monitor.js] 	Stopping all monitors
2026.08.11-09:26:33.446[32m info [39m [caliper] [worker-orchestrator] 	Sending exit message to connected workers
2026.08.11-09:26:33.447[32m info [39m [caliper] [round-orchestrator] 	Benchmark finished in 12.738 seconds. Total rounds: 1. Successful rounds: 1. Failed rounds: 0.
2026.08.11-09:26:33.447[32m info [39m [caliper] [worker-message-handler] 	Worker#0 is exiting
2026.08.11-09:26:33.447[32m info [39m [caliper] [worker-message-handler] 	Worker#1 is exiting
2026.08.11-09:26:33.447[32m info [39m [caliper] [worker-message-handler] 	Worker#2 is exiting
2026.08.11-09:26:33.447[32m info [39m [caliper] [caliper-engine] 	Network configuration attribute "caliper.command.end" is not present, skipping end command
2026.08.11-09:26:33.447[32m info [39m [caliper] [worker-message-handler] 	Worker#3 is exiting
2026.08.11-09:26:33.447[32m info [39m [caliper] [cli-launch-manager] 	Benchmark successfully finished!
2026.08.11-09:26:33.447[32m info [39m [caliper] [worker-message-handler] 	Worker#4 is exiting
