2026.08.11-09:18:20.548[32m info [39m [caliper] [cli-launch-manager] 	Set workspace path: /home/dhanish/fabric_sfc/caliper-bench
2026.08.11-09:18:20.550[32m info [39m [caliper] [cli-launch-manager] 	Set benchmark configuration path: /home/dhanish/fabric_sfc/caliper-bench/benchmarks/benchmark-closeauction-agro1008-supply-300.yaml
2026.08.11-09:18:20.550[32m info [39m [caliper] [cli-launch-manager] 	Set network configuration path: /home/dhanish/fabric_sfc/caliper-bench/generated/caliper-network-agro1008-supply.yaml
2026.08.11-09:18:20.550[32m info [39m [caliper] [cli-launch-manager] 	Set SUT type: fabric
2026.08.11-09:18:20.570[32m info [39m [caliper] [benchmark-validator] 	No observer specified, will default to `none`
2026.08.11-09:18:20.570[32m info [39m [caliper] [caliper-engine] 	Starting benchmark flow
2026.08.11-09:18:20.571[32m info [39m [caliper] [caliper-engine] 	Network configuration attribute "caliper.command.start" is not present, skipping start command
2026.08.11-09:18:21.043[32m info [39m [caliper] [FabricConnectorFactory] 	Initializing gateway connector compatible with installed SDK: 2.2.20
2026.08.11-09:18:21.051[32m info [39m [caliper] [IdentityManager] 	Adding User0 (admin=true) as User0 for organization FarmersMSP
2026.08.11-09:18:21.057[32m info [39m [caliper] [IdentityManager] 	Adding User1 (admin=false) as User1 for organization FarmersMSP
2026.08.11-09:18:21.059[32m info [39m [caliper] [IdentityManager] 	Adding User2 (admin=false) as User2 for organization FarmersMSP
2026.08.11-09:18:21.060[32m info [39m [caliper] [IdentityManager] 	Adding User3 (admin=false) as User3 for organization FarmersMSP
2026.08.11-09:18:21.061[32m info [39m [caliper] [IdentityManager] 	Adding User4 (admin=false) as User4 for organization FarmersMSP
2026.08.11-09:18:21.062[32m info [39m [caliper] [IdentityManager] 	Adding User5 (admin=false) as User5 for organization FarmersMSP
2026.08.11-09:18:21.064[32m info [39m [caliper] [IdentityManager] 	Adding User0 (admin=true) as _AuctioncentersMSP_User0 for organization AuctioncentersMSP
2026.08.11-09:18:21.065[32m info [39m [caliper] [IdentityManager] 	Adding User1 (admin=false) as _AuctioncentersMSP_User1 for organization AuctioncentersMSP
2026.08.11-09:18:21.065[32m info [39m [caliper] [IdentityManager] 	Adding User2 (admin=false) as _AuctioncentersMSP_User2 for organization AuctioncentersMSP
2026.08.11-09:18:21.066[32m info [39m [caliper] [IdentityManager] 	Adding User3 (admin=false) as _AuctioncentersMSP_User3 for organization AuctioncentersMSP
2026.08.11-09:18:21.067[32m info [39m [caliper] [IdentityManager] 	Adding User4 (admin=false) as _AuctioncentersMSP_User4 for organization AuctioncentersMSP
2026.08.11-09:18:21.068[32m info [39m [caliper] [IdentityManager] 	Adding User5 (admin=false) as _AuctioncentersMSP_User5 for organization AuctioncentersMSP
2026.08.11-09:18:21.069[32m info [39m [caliper] [IdentityManager] 	Adding User0 (admin=true) as _WholesalersMSP_User0 for organization WholesalersMSP
2026.08.11-09:18:21.070[32m info [39m [caliper] [IdentityManager] 	Adding User1 (admin=false) as _WholesalersMSP_User1 for organization WholesalersMSP
2026.08.11-09:18:21.071[32m info [39m [caliper] [IdentityManager] 	Adding User2 (admin=false) as _WholesalersMSP_User2 for organization WholesalersMSP
2026.08.11-09:18:21.071[32m info [39m [caliper] [IdentityManager] 	Adding User3 (admin=false) as _WholesalersMSP_User3 for organization WholesalersMSP
2026.08.11-09:18:21.072[32m info [39m [caliper] [IdentityManager] 	Adding User4 (admin=false) as _WholesalersMSP_User4 for organization WholesalersMSP
2026.08.11-09:18:21.073[32m info [39m [caliper] [IdentityManager] 	Adding User5 (admin=false) as _WholesalersMSP_User5 for organization WholesalersMSP
2026.08.11-09:18:21.074[32m info [39m [caliper] [IdentityManager] 	Adding User0 (admin=true) as _RetailersMSP_User0 for organization RetailersMSP
2026.08.11-09:18:21.074[32m info [39m [caliper] [IdentityManager] 	Adding User1 (admin=false) as _RetailersMSP_User1 for organization RetailersMSP
2026.08.11-09:18:21.075[32m info [39m [caliper] [IdentityManager] 	Adding User2 (admin=false) as _RetailersMSP_User2 for organization RetailersMSP
2026.08.11-09:18:21.075[32m info [39m [caliper] [IdentityManager] 	Adding User3 (admin=false) as _RetailersMSP_User3 for organization RetailersMSP
2026.08.11-09:18:21.076[32m info [39m [caliper] [IdentityManager] 	Adding User4 (admin=false) as _RetailersMSP_User4 for organization RetailersMSP
2026.08.11-09:18:21.076[32m info [39m [caliper] [IdentityManager] 	Adding User5 (admin=false) as _RetailersMSP_User5 for organization RetailersMSP
2026.08.11-09:18:21.077[32m info [39m [caliper] [IdentityManager] 	Adding User0 (admin=true) as _ConsumersMSP_User0 for organization ConsumersMSP
2026.08.11-09:18:21.078[32m info [39m [caliper] [IdentityManager] 	Adding User1 (admin=false) as _ConsumersMSP_User1 for organization ConsumersMSP
2026.08.11-09:18:21.078[32m info [39m [caliper] [IdentityManager] 	Adding User2 (admin=false) as _ConsumersMSP_User2 for organization ConsumersMSP
2026.08.11-09:18:21.079[32m info [39m [caliper] [IdentityManager] 	Adding User3 (admin=false) as _ConsumersMSP_User3 for organization ConsumersMSP
2026.08.11-09:18:21.080[32m info [39m [caliper] [IdentityManager] 	Adding User4 (admin=false) as _ConsumersMSP_User4 for organization ConsumersMSP
2026.08.11-09:18:21.080[32m info [39m [caliper] [IdentityManager] 	Adding User5 (admin=false) as _ConsumersMSP_User5 for organization ConsumersMSP
2026.08.11-09:18:21.083[32m info [39m [caliper] [connectors/v2/FabricGateway] 	Fabric SDK version: 2.2.20; TLS based on FarmersMSP: server
2026.08.11-09:18:21.083[32m info [39m [caliper] [caliper-engine] 	Executed "init" step in 0.001 seconds
2026.08.11-09:18:21.083[33m warn [39m [caliper] [connectors/v2/FabricGateway] 	Install smart contract not available with Fabric SDK version: 2.2.20
2026.08.11-09:18:21.083[32m info [39m [caliper] [caliper-engine] 	Executed "install" step in 0 seconds
2026.08.11-09:18:21.085[32m info [39m [caliper] [monitor.js] 	No resource monitors specified
2026.08.11-09:18:21.086[32m info [39m [caliper] [default-observer] 	Observer interval set to 5000 milliseconds
2026.08.11-09:18:21.088[32m info [39m [caliper] [round-orchestrator] 	Preparing worker connections
2026.08.11-09:18:21.088[32m info [39m [caliper] [worker-orchestrator] 	Launching worker 1 of 5
2026.08.11-09:18:21.093[32m info [39m [caliper] [worker-orchestrator] 	Launching worker 2 of 5
2026.08.11-09:18:21.095[32m info [39m [caliper] [worker-orchestrator] 	Launching worker 3 of 5
2026.08.11-09:18:21.098[32m info [39m [caliper] [worker-orchestrator] 	Launching worker 4 of 5
2026.08.11-09:18:21.100[32m info [39m [caliper] [worker-orchestrator] 	Launching worker 5 of 5
2026.08.11-09:18:21.102[32m info [39m [caliper] [worker-orchestrator] 	Messenger not configured, entering configure phase...
2026.08.11-09:18:21.103[32m info [39m [caliper] [worker-orchestrator] 	No existing workers detected, entering worker launch phase...
2026.08.11-09:18:21.103[32m info [39m [caliper] [worker-orchestrator] 	Waiting for 5 workers to be connected...
2026.08.11-09:18:21.441[32m info [39m [caliper] [cli-launch-worker] 	Set workspace path: /home/dhanish/fabric_sfc/caliper-bench
2026.08.11-09:18:21.442[32m info [39m [caliper] [cli-launch-worker] 	Set benchmark configuration path: /home/dhanish/fabric_sfc/caliper-bench/benchmarks/benchmark-closeauction-agro1008-supply-300.yaml
2026.08.11-09:18:21.443[32m info [39m [caliper] [cli-launch-worker] 	Set network configuration path: /home/dhanish/fabric_sfc/caliper-bench/generated/caliper-network-agro1008-supply.yaml
2026.08.11-09:18:21.443[32m info [39m [caliper] [cli-launch-worker] 	Set SUT type: fabric
2026.08.11-09:18:21.445[32m info [39m [caliper] [cli-launch-worker] 	Set workspace path: /home/dhanish/fabric_sfc/caliper-bench
2026.08.11-09:18:21.447[32m info [39m [caliper] [cli-launch-worker] 	Set benchmark configuration path: /home/dhanish/fabric_sfc/caliper-bench/benchmarks/benchmark-closeauction-agro1008-supply-300.yaml
2026.08.11-09:18:21.448[32m info [39m [caliper] [cli-launch-worker] 	Set network configuration path: /home/dhanish/fabric_sfc/caliper-bench/generated/caliper-network-agro1008-supply.yaml
2026.08.11-09:18:21.448[32m info [39m [caliper] [cli-launch-worker] 	Set SUT type: fabric
2026.08.11-09:18:21.450[32m info [39m [caliper] [cli-launch-worker] 	Set workspace path: /home/dhanish/fabric_sfc/caliper-bench
2026.08.11-09:18:21.451[32m info [39m [caliper] [cli-launch-worker] 	Set benchmark configuration path: /home/dhanish/fabric_sfc/caliper-bench/benchmarks/benchmark-closeauction-agro1008-supply-300.yaml
2026.08.11-09:18:21.451[32m info [39m [caliper] [cli-launch-worker] 	Set network configuration path: /home/dhanish/fabric_sfc/caliper-bench/generated/caliper-network-agro1008-supply.yaml
2026.08.11-09:18:21.451[32m info [39m [caliper] [cli-launch-worker] 	Set SUT type: fabric
2026.08.11-09:18:21.461[32m info [39m [caliper] [cli-launch-worker] 	Set workspace path: /home/dhanish/fabric_sfc/caliper-bench
2026.08.11-09:18:21.462[32m info [39m [caliper] [cli-launch-worker] 	Set benchmark configuration path: /home/dhanish/fabric_sfc/caliper-bench/benchmarks/benchmark-closeauction-agro1008-supply-300.yaml
2026.08.11-09:18:21.462[32m info [39m [caliper] [cli-launch-worker] 	Set network configuration path: /home/dhanish/fabric_sfc/caliper-bench/generated/caliper-network-agro1008-supply.yaml
2026.08.11-09:18:21.462[32m info [39m [caliper] [cli-launch-worker] 	Set SUT type: fabric
2026.08.11-09:18:21.466[32m info [39m [caliper] [cli-launch-worker] 	Set workspace path: /home/dhanish/fabric_sfc/caliper-bench
2026.08.11-09:18:21.467[32m info [39m [caliper] [cli-launch-worker] 	Set benchmark configuration path: /home/dhanish/fabric_sfc/caliper-bench/benchmarks/benchmark-closeauction-agro1008-supply-300.yaml
2026.08.11-09:18:21.467[32m info [39m [caliper] [cli-launch-worker] 	Set network configuration path: /home/dhanish/fabric_sfc/caliper-bench/generated/caliper-network-agro1008-supply.yaml
2026.08.11-09:18:21.467[32m info [39m [caliper] [cli-launch-worker] 	Set SUT type: fabric
2026.08.11-09:18:21.501[32m info [39m [caliper] [worker-orchestrator] 	5 workers connected, progressing to worker assignment phase.
2026.08.11-09:18:21.501[32m info [39m [caliper] [worker-orchestrator] 	Workers currently unassigned, awaiting index assignment...
2026.08.11-09:18:21.502[32m info [39m [caliper] [worker-orchestrator] 	Waiting for 5 workers to be assigned...
2026.08.11-09:18:21.534[32m info [39m [caliper] [worker-orchestrator] 	5 workers assigned, progressing to worker initialization phase.
2026.08.11-09:18:21.535[32m info [39m [caliper] [worker-orchestrator] 	Waiting for 5 workers to be ready...
2026.08.11-09:18:21.536[32m info [39m [caliper] [worker-message-handler] 	Initializing Worker#2...
2026.08.11-09:18:21.536[32m info [39m [caliper] [worker-message-handler] 	Initializing Worker#0...
2026.08.11-09:18:21.537[32m info [39m [caliper] [worker-message-handler] 	Initializing Worker#3...
2026.08.11-09:18:21.537[32m info [39m [caliper] [worker-message-handler] 	Initializing Worker#4...
2026.08.11-09:18:21.539[32m info [39m [caliper] [worker-message-handler] 	Initializing Worker#1...
2026.08.11-09:18:22.016[32m info [39m [caliper] [FabricConnectorFactory] 	Initializing gateway connector compatible with installed SDK: 2.2.20
2026.08.11-09:18:22.024[32m info [39m [caliper] [IdentityManager] 	Adding User0 (admin=true) as User0 for organization FarmersMSP
2026.08.11-09:18:22.027[32m info [39m [caliper] [IdentityManager] 	Adding User1 (admin=false) as User1 for organization FarmersMSP
2026.08.11-09:18:22.029[32m info [39m [caliper] [IdentityManager] 	Adding User2 (admin=false) as User2 for organization FarmersMSP
2026.08.11-09:18:22.030[32m info [39m [caliper] [IdentityManager] 	Adding User3 (admin=false) as User3 for organization FarmersMSP
2026.08.11-09:18:22.031[32m info [39m [caliper] [IdentityManager] 	Adding User4 (admin=false) as User4 for organization FarmersMSP
2026.08.11-09:18:22.032[32m info [39m [caliper] [IdentityManager] 	Adding User5 (admin=false) as User5 for organization FarmersMSP
2026.08.11-09:18:22.033[32m info [39m [caliper] [IdentityManager] 	Adding User0 (admin=true) as _AuctioncentersMSP_User0 for organization AuctioncentersMSP
2026.08.11-09:18:22.034[32m info [39m [caliper] [IdentityManager] 	Adding User1 (admin=false) as _AuctioncentersMSP_User1 for organization AuctioncentersMSP
2026.08.11-09:18:22.035[32m info [39m [caliper] [IdentityManager] 	Adding User2 (admin=false) as _AuctioncentersMSP_User2 for organization AuctioncentersMSP
2026.08.11-09:18:22.036[32m info [39m [caliper] [IdentityManager] 	Adding User3 (admin=false) as _AuctioncentersMSP_User3 for organization AuctioncentersMSP
2026.08.11-09:18:22.037[32m info [39m [caliper] [IdentityManager] 	Adding User4 (admin=false) as _AuctioncentersMSP_User4 for organization AuctioncentersMSP
2026.08.11-09:18:22.038[32m info [39m [caliper] [IdentityManager] 	Adding User5 (admin=false) as _AuctioncentersMSP_User5 for organization AuctioncentersMSP
2026.08.11-09:18:22.038[32m info [39m [caliper] [IdentityManager] 	Adding User0 (admin=true) as _WholesalersMSP_User0 for organization WholesalersMSP
2026.08.11-09:18:22.039[32m info [39m [caliper] [IdentityManager] 	Adding User1 (admin=false) as _WholesalersMSP_User1 for organization WholesalersMSP
2026.08.11-09:18:22.040[32m info [39m [caliper] [IdentityManager] 	Adding User2 (admin=false) as _WholesalersMSP_User2 for organization WholesalersMSP
2026.08.11-09:18:22.040[32m info [39m [caliper] [IdentityManager] 	Adding User3 (admin=false) as _WholesalersMSP_User3 for organization WholesalersMSP
2026.08.11-09:18:22.041[32m info [39m [caliper] [IdentityManager] 	Adding User4 (admin=false) as _WholesalersMSP_User4 for organization WholesalersMSP
2026.08.11-09:18:22.041[32m info [39m [caliper] [IdentityManager] 	Adding User5 (admin=false) as _WholesalersMSP_User5 for organization WholesalersMSP
2026.08.11-09:18:22.042[32m info [39m [caliper] [IdentityManager] 	Adding User0 (admin=true) as _RetailersMSP_User0 for organization RetailersMSP
2026.08.11-09:18:22.043[32m info [39m [caliper] [IdentityManager] 	Adding User1 (admin=false) as _RetailersMSP_User1 for organization RetailersMSP
2026.08.11-09:18:22.044[32m info [39m [caliper] [IdentityManager] 	Adding User2 (admin=false) as _RetailersMSP_User2 for organization RetailersMSP
2026.08.11-09:18:22.045[32m info [39m [caliper] [IdentityManager] 	Adding User3 (admin=false) as _RetailersMSP_User3 for organization RetailersMSP
2026.08.11-09:18:22.046[32m info [39m [caliper] [IdentityManager] 	Adding User4 (admin=false) as _RetailersMSP_User4 for organization RetailersMSP
2026.08.11-09:18:22.046[32m info [39m [caliper] [IdentityManager] 	Adding User5 (admin=false) as _RetailersMSP_User5 for organization RetailersMSP
2026.08.11-09:18:22.047[32m info [39m [caliper] [IdentityManager] 	Adding User0 (admin=true) as _ConsumersMSP_User0 for organization ConsumersMSP
2026.08.11-09:18:22.048[32m info [39m [caliper] [IdentityManager] 	Adding User1 (admin=false) as _ConsumersMSP_User1 for organization ConsumersMSP
2026.08.11-09:18:22.048[32m info [39m [caliper] [IdentityManager] 	Adding User2 (admin=false) as _ConsumersMSP_User2 for organization ConsumersMSP
2026.08.11-09:18:22.049[32m info [39m [caliper] [IdentityManager] 	Adding User3 (admin=false) as _ConsumersMSP_User3 for organization ConsumersMSP
2026.08.11-09:18:22.050[32m info [39m [caliper] [IdentityManager] 	Adding User4 (admin=false) as _ConsumersMSP_User4 for organization ConsumersMSP
2026.08.11-09:18:22.050[32m info [39m [caliper] [IdentityManager] 	Adding User5 (admin=false) as _ConsumersMSP_User5 for organization ConsumersMSP
2026.08.11-09:18:22.052[32m info [39m [caliper] [worker-message-handler] 	Worker#0 initialized
2026.08.11-09:18:22.052[32m info [39m [caliper] [FabricConnectorFactory] 	Initializing gateway connector compatible with installed SDK: 2.2.20
2026.08.11-09:18:22.057[32m info [39m [caliper] [IdentityManager] 	Adding User0 (admin=true) as User0 for organization FarmersMSP
2026.08.11-09:18:22.058[32m info [39m [caliper] [FabricConnectorFactory] 	Initializing gateway connector compatible with installed SDK: 2.2.20
2026.08.11-09:18:22.059[32m info [39m [caliper] [IdentityManager] 	Adding User1 (admin=false) as User1 for organization FarmersMSP
2026.08.11-09:18:22.060[32m info [39m [caliper] [IdentityManager] 	Adding User2 (admin=false) as User2 for organization FarmersMSP
2026.08.11-09:18:22.061[32m info [39m [caliper] [IdentityManager] 	Adding User3 (admin=false) as User3 for organization FarmersMSP
2026.08.11-09:18:22.063[32m info [39m [caliper] [IdentityManager] 	Adding User4 (admin=false) as User4 for organization FarmersMSP
2026.08.11-09:18:22.065[32m info [39m [caliper] [FabricConnectorFactory] 	Initializing gateway connector compatible with installed SDK: 2.2.20
2026.08.11-09:18:22.066[32m info [39m [caliper] [IdentityManager] 	Adding User5 (admin=false) as User5 for organization FarmersMSP
2026.08.11-09:18:22.067[32m info [39m [caliper] [IdentityManager] 	Adding User0 (admin=true) as User0 for organization FarmersMSP
2026.08.11-09:18:22.067[32m info [39m [caliper] [IdentityManager] 	Adding User0 (admin=true) as _AuctioncentersMSP_User0 for organization AuctioncentersMSP
2026.08.11-09:18:22.068[32m info [39m [caliper] [IdentityManager] 	Adding User1 (admin=false) as User1 for organization FarmersMSP
2026.08.11-09:18:22.068[32m info [39m [caliper] [IdentityManager] 	Adding User1 (admin=false) as _AuctioncentersMSP_User1 for organization AuctioncentersMSP
2026.08.11-09:18:22.069[32m info [39m [caliper] [IdentityManager] 	Adding User2 (admin=false) as User2 for organization FarmersMSP
2026.08.11-09:18:22.070[32m info [39m [caliper] [IdentityManager] 	Adding User2 (admin=false) as _AuctioncentersMSP_User2 for organization AuctioncentersMSP
2026.08.11-09:18:22.070[32m info [39m [caliper] [IdentityManager] 	Adding User3 (admin=false) as User3 for organization FarmersMSP
2026.08.11-09:18:22.071[32m info [39m [caliper] [IdentityManager] 	Adding User3 (admin=false) as _AuctioncentersMSP_User3 for organization AuctioncentersMSP
2026.08.11-09:18:22.072[32m info [39m [caliper] [IdentityManager] 	Adding User4 (admin=false) as User4 for organization FarmersMSP
2026.08.11-09:18:22.072[32m info [39m [caliper] [IdentityManager] 	Adding User4 (admin=false) as _AuctioncentersMSP_User4 for organization AuctioncentersMSP
2026.08.11-09:18:22.073[32m info [39m [caliper] [IdentityManager] 	Adding User5 (admin=false) as _AuctioncentersMSP_User5 for organization AuctioncentersMSP
2026.08.11-09:18:22.073[32m info [39m [caliper] [IdentityManager] 	Adding User5 (admin=false) as User5 for organization FarmersMSP
2026.08.11-09:18:22.074[32m info [39m [caliper] [IdentityManager] 	Adding User0 (admin=true) as _WholesalersMSP_User0 for organization WholesalersMSP
2026.08.11-09:18:22.074[32m info [39m [caliper] [IdentityManager] 	Adding User0 (admin=true) as _AuctioncentersMSP_User0 for organization AuctioncentersMSP
2026.08.11-09:18:22.075[32m info [39m [caliper] [IdentityManager] 	Adding User0 (admin=true) as User0 for organization FarmersMSP
2026.08.11-09:18:22.076[32m info [39m [caliper] [IdentityManager] 	Adding User1 (admin=false) as _AuctioncentersMSP_User1 for organization AuctioncentersMSP
2026.08.11-09:18:22.076[32m info [39m [caliper] [IdentityManager] 	Adding User1 (admin=false) as _WholesalersMSP_User1 for organization WholesalersMSP
2026.08.11-09:18:22.077[32m info [39m [caliper] [IdentityManager] 	Adding User2 (admin=false) as _AuctioncentersMSP_User2 for organization AuctioncentersMSP
2026.08.11-09:18:22.077[32m info [39m [caliper] [IdentityManager] 	Adding User1 (admin=false) as User1 for organization FarmersMSP
2026.08.11-09:18:22.078[32m info [39m [caliper] [IdentityManager] 	Adding User2 (admin=false) as _WholesalersMSP_User2 for organization WholesalersMSP
2026.08.11-09:18:22.079[32m info [39m [caliper] [IdentityManager] 	Adding User3 (admin=false) as _AuctioncentersMSP_User3 for organization AuctioncentersMSP
2026.08.11-09:18:22.079[32m info [39m [caliper] [IdentityManager] 	Adding User2 (admin=false) as User2 for organization FarmersMSP
2026.08.11-09:18:22.079[32m info [39m [caliper] [IdentityManager] 	Adding User3 (admin=false) as _WholesalersMSP_User3 for organization WholesalersMSP
2026.08.11-09:18:22.080[32m info [39m [caliper] [IdentityManager] 	Adding User4 (admin=false) as _AuctioncentersMSP_User4 for organization AuctioncentersMSP
2026.08.11-09:18:22.080[32m info [39m [caliper] [IdentityManager] 	Adding User4 (admin=false) as _WholesalersMSP_User4 for organization WholesalersMSP
2026.08.11-09:18:22.080[32m info [39m [caliper] [IdentityManager] 	Adding User3 (admin=false) as User3 for organization FarmersMSP
2026.08.11-09:18:22.081[32m info [39m [caliper] [IdentityManager] 	Adding User5 (admin=false) as _AuctioncentersMSP_User5 for organization AuctioncentersMSP
2026.08.11-09:18:22.081[32m info [39m [caliper] [IdentityManager] 	Adding User5 (admin=false) as _WholesalersMSP_User5 for organization WholesalersMSP
2026.08.11-09:18:22.081[32m info [39m [caliper] [IdentityManager] 	Adding User4 (admin=false) as User4 for organization FarmersMSP
2026.08.11-09:18:22.082[32m info [39m [caliper] [IdentityManager] 	Adding User0 (admin=true) as _WholesalersMSP_User0 for organization WholesalersMSP
2026.08.11-09:18:22.082[32m info [39m [caliper] [IdentityManager] 	Adding User0 (admin=true) as _RetailersMSP_User0 for organization RetailersMSP
2026.08.11-09:18:22.082[32m info [39m [caliper] [IdentityManager] 	Adding User5 (admin=false) as User5 for organization FarmersMSP
2026.08.11-09:18:22.083[32m info [39m [caliper] [IdentityManager] 	Adding User1 (admin=false) as _RetailersMSP_User1 for organization RetailersMSP
2026.08.11-09:18:22.083[32m info [39m [caliper] [IdentityManager] 	Adding User1 (admin=false) as _WholesalersMSP_User1 for organization WholesalersMSP
2026.08.11-09:18:22.083[32m info [39m [caliper] [IdentityManager] 	Adding User0 (admin=true) as _AuctioncentersMSP_User0 for organization AuctioncentersMSP
2026.08.11-09:18:22.083[32m info [39m [caliper] [IdentityManager] 	Adding User2 (admin=false) as _RetailersMSP_User2 for organization RetailersMSP
2026.08.11-09:18:22.083[32m info [39m [caliper] [IdentityManager] 	Adding User2 (admin=false) as _WholesalersMSP_User2 for organization WholesalersMSP
2026.08.11-09:18:22.084[32m info [39m [caliper] [IdentityManager] 	Adding User1 (admin=false) as _AuctioncentersMSP_User1 for organization AuctioncentersMSP
2026.08.11-09:18:22.084[32m info [39m [caliper] [IdentityManager] 	Adding User3 (admin=false) as _RetailersMSP_User3 for organization RetailersMSP
2026.08.11-09:18:22.084[32m info [39m [caliper] [IdentityManager] 	Adding User3 (admin=false) as _WholesalersMSP_User3 for organization WholesalersMSP
2026.08.11-09:18:22.085[32m info [39m [caliper] [IdentityManager] 	Adding User2 (admin=false) as _AuctioncentersMSP_User2 for organization AuctioncentersMSP
2026.08.11-09:18:22.085[32m info [39m [caliper] [IdentityManager] 	Adding User4 (admin=false) as _WholesalersMSP_User4 for organization WholesalersMSP
2026.08.11-09:18:22.085[32m info [39m [caliper] [IdentityManager] 	Adding User4 (admin=false) as _RetailersMSP_User4 for organization RetailersMSP
2026.08.11-09:18:22.085[32m info [39m [caliper] [IdentityManager] 	Adding User5 (admin=false) as _WholesalersMSP_User5 for organization WholesalersMSP
2026.08.11-09:18:22.086[32m info [39m [caliper] [IdentityManager] 	Adding User3 (admin=false) as _AuctioncentersMSP_User3 for organization AuctioncentersMSP
2026.08.11-09:18:22.086[32m info [39m [caliper] [IdentityManager] 	Adding User5 (admin=false) as _RetailersMSP_User5 for organization RetailersMSP
2026.08.11-09:18:22.086[32m info [39m [caliper] [IdentityManager] 	Adding User0 (admin=true) as _RetailersMSP_User0 for organization RetailersMSP
2026.08.11-09:18:22.086[32m info [39m [caliper] [IdentityManager] 	Adding User4 (admin=false) as _AuctioncentersMSP_User4 for organization AuctioncentersMSP
2026.08.11-09:18:22.087[32m info [39m [caliper] [IdentityManager] 	Adding User0 (admin=true) as _ConsumersMSP_User0 for organization ConsumersMSP
2026.08.11-09:18:22.087[32m info [39m [caliper] [IdentityManager] 	Adding User1 (admin=false) as _RetailersMSP_User1 for organization RetailersMSP
2026.08.11-09:18:22.087[32m info [39m [caliper] [IdentityManager] 	Adding User5 (admin=false) as _AuctioncentersMSP_User5 for organization AuctioncentersMSP
2026.08.11-09:18:22.087[32m info [39m [caliper] [IdentityManager] 	Adding User2 (admin=false) as _RetailersMSP_User2 for organization RetailersMSP
2026.08.11-09:18:22.088[32m info [39m [caliper] [IdentityManager] 	Adding User1 (admin=false) as _ConsumersMSP_User1 for organization ConsumersMSP
2026.08.11-09:18:22.088[32m info [39m [caliper] [IdentityManager] 	Adding User0 (admin=true) as _WholesalersMSP_User0 for organization WholesalersMSP
2026.08.11-09:18:22.088[32m info [39m [caliper] [IdentityManager] 	Adding User3 (admin=false) as _RetailersMSP_User3 for organization RetailersMSP
2026.08.11-09:18:22.088[32m info [39m [caliper] [IdentityManager] 	Adding User2 (admin=false) as _ConsumersMSP_User2 for organization ConsumersMSP
2026.08.11-09:18:22.089[32m info [39m [caliper] [IdentityManager] 	Adding User1 (admin=false) as _WholesalersMSP_User1 for organization WholesalersMSP
2026.08.11-09:18:22.089[32m info [39m [caliper] [IdentityManager] 	Adding User3 (admin=false) as _ConsumersMSP_User3 for organization ConsumersMSP
2026.08.11-09:18:22.089[32m info [39m [caliper] [IdentityManager] 	Adding User4 (admin=false) as _RetailersMSP_User4 for organization RetailersMSP
2026.08.11-09:18:22.089[32m info [39m [caliper] [IdentityManager] 	Adding User2 (admin=false) as _WholesalersMSP_User2 for organization WholesalersMSP
2026.08.11-09:18:22.089[32m info [39m [caliper] [IdentityManager] 	Adding User5 (admin=false) as _RetailersMSP_User5 for organization RetailersMSP
2026.08.11-09:18:22.090[32m info [39m [caliper] [IdentityManager] 	Adding User4 (admin=false) as _ConsumersMSP_User4 for organization ConsumersMSP
2026.08.11-09:18:22.090[32m info [39m [caliper] [IdentityManager] 	Adding User0 (admin=true) as _ConsumersMSP_User0 for organization ConsumersMSP
2026.08.11-09:18:22.090[32m info [39m [caliper] [IdentityManager] 	Adding User3 (admin=false) as _WholesalersMSP_User3 for organization WholesalersMSP
2026.08.11-09:18:22.091[32m info [39m [caliper] [IdentityManager] 	Adding User4 (admin=false) as _WholesalersMSP_User4 for organization WholesalersMSP
2026.08.11-09:18:22.091[32m info [39m [caliper] [IdentityManager] 	Adding User5 (admin=false) as _ConsumersMSP_User5 for organization ConsumersMSP
2026.08.11-09:18:22.091[32m info [39m [caliper] [IdentityManager] 	Adding User1 (admin=false) as _ConsumersMSP_User1 for organization ConsumersMSP
2026.08.11-09:18:22.091[32m info [39m [caliper] [IdentityManager] 	Adding User5 (admin=false) as _WholesalersMSP_User5 for organization WholesalersMSP
2026.08.11-09:18:22.091[32m info [39m [caliper] [IdentityManager] 	Adding User2 (admin=false) as _ConsumersMSP_User2 for organization ConsumersMSP
2026.08.11-09:18:22.092[32m info [39m [caliper] [IdentityManager] 	Adding User0 (admin=true) as _RetailersMSP_User0 for organization RetailersMSP
2026.08.11-09:18:22.092[32m info [39m [caliper] [IdentityManager] 	Adding User3 (admin=false) as _ConsumersMSP_User3 for organization ConsumersMSP
2026.08.11-09:18:22.092[32m info [39m [caliper] [worker-message-handler] 	Worker#2 initialized
2026.08.11-09:18:22.093[32m info [39m [caliper] [IdentityManager] 	Adding User1 (admin=false) as _RetailersMSP_User1 for organization RetailersMSP
2026.08.11-09:18:22.093[32m info [39m [caliper] [IdentityManager] 	Adding User4 (admin=false) as _ConsumersMSP_User4 for organization ConsumersMSP
2026.08.11-09:18:22.094[32m info [39m [caliper] [IdentityManager] 	Adding User2 (admin=false) as _RetailersMSP_User2 for organization RetailersMSP
2026.08.11-09:18:22.094[32m info [39m [caliper] [IdentityManager] 	Adding User5 (admin=false) as _ConsumersMSP_User5 for organization ConsumersMSP
2026.08.11-09:18:22.094[32m info [39m [caliper] [IdentityManager] 	Adding User3 (admin=false) as _RetailersMSP_User3 for organization RetailersMSP
2026.08.11-09:18:22.095[32m info [39m [caliper] [IdentityManager] 	Adding User4 (admin=false) as _RetailersMSP_User4 for organization RetailersMSP
2026.08.11-09:18:22.095[32m info [39m [caliper] [worker-message-handler] 	Worker#4 initialized
2026.08.11-09:18:22.096[32m info [39m [caliper] [IdentityManager] 	Adding User5 (admin=false) as _RetailersMSP_User5 for organization RetailersMSP
2026.08.11-09:18:22.096[32m info [39m [caliper] [IdentityManager] 	Adding User0 (admin=true) as _ConsumersMSP_User0 for organization ConsumersMSP
2026.08.11-09:18:22.097[32m info [39m [caliper] [IdentityManager] 	Adding User1 (admin=false) as _ConsumersMSP_User1 for organization ConsumersMSP
2026.08.11-09:18:22.097[32m info [39m [caliper] [IdentityManager] 	Adding User2 (admin=false) as _ConsumersMSP_User2 for organization ConsumersMSP
2026.08.11-09:18:22.098[32m info [39m [caliper] [IdentityManager] 	Adding User3 (admin=false) as _ConsumersMSP_User3 for organization ConsumersMSP
2026.08.11-09:18:22.098[32m info [39m [caliper] [IdentityManager] 	Adding User4 (admin=false) as _ConsumersMSP_User4 for organization ConsumersMSP
2026.08.11-09:18:22.099[32m info [39m [caliper] [IdentityManager] 	Adding User5 (admin=false) as _ConsumersMSP_User5 for organization ConsumersMSP
2026.08.11-09:18:22.100[32m info [39m [caliper] [worker-message-handler] 	Worker#3 initialized
2026.08.11-09:18:22.102[32m info [39m [caliper] [FabricConnectorFactory] 	Initializing gateway connector compatible with installed SDK: 2.2.20
2026.08.11-09:18:22.110[32m info [39m [caliper] [IdentityManager] 	Adding User0 (admin=true) as User0 for organization FarmersMSP
2026.08.11-09:18:22.111[32m info [39m [caliper] [IdentityManager] 	Adding User1 (admin=false) as User1 for organization FarmersMSP
2026.08.11-09:18:22.112[32m info [39m [caliper] [IdentityManager] 	Adding User2 (admin=false) as User2 for organization FarmersMSP
2026.08.11-09:18:22.113[32m info [39m [caliper] [IdentityManager] 	Adding User3 (admin=false) as User3 for organization FarmersMSP
2026.08.11-09:18:22.113[32m info [39m [caliper] [IdentityManager] 	Adding User4 (admin=false) as User4 for organization FarmersMSP
2026.08.11-09:18:22.114[32m info [39m [caliper] [IdentityManager] 	Adding User5 (admin=false) as User5 for organization FarmersMSP
2026.08.11-09:18:22.115[32m info [39m [caliper] [IdentityManager] 	Adding User0 (admin=true) as _AuctioncentersMSP_User0 for organization AuctioncentersMSP
2026.08.11-09:18:22.116[32m info [39m [caliper] [IdentityManager] 	Adding User1 (admin=false) as _AuctioncentersMSP_User1 for organization AuctioncentersMSP
2026.08.11-09:18:22.117[32m info [39m [caliper] [IdentityManager] 	Adding User2 (admin=false) as _AuctioncentersMSP_User2 for organization AuctioncentersMSP
2026.08.11-09:18:22.117[32m info [39m [caliper] [IdentityManager] 	Adding User3 (admin=false) as _AuctioncentersMSP_User3 for organization AuctioncentersMSP
2026.08.11-09:18:22.118[32m info [39m [caliper] [IdentityManager] 	Adding User4 (admin=false) as _AuctioncentersMSP_User4 for organization AuctioncentersMSP
2026.08.11-09:18:22.118[32m info [39m [caliper] [IdentityManager] 	Adding User5 (admin=false) as _AuctioncentersMSP_User5 for organization AuctioncentersMSP
2026.08.11-09:18:22.119[32m info [39m [caliper] [IdentityManager] 	Adding User0 (admin=true) as _WholesalersMSP_User0 for organization WholesalersMSP
2026.08.11-09:18:22.119[32m info [39m [caliper] [IdentityManager] 	Adding User1 (admin=false) as _WholesalersMSP_User1 for organization WholesalersMSP
2026.08.11-09:18:22.120[32m info [39m [caliper] [IdentityManager] 	Adding User2 (admin=false) as _WholesalersMSP_User2 for organization WholesalersMSP
2026.08.11-09:18:22.121[32m info [39m [caliper] [IdentityManager] 	Adding User3 (admin=false) as _WholesalersMSP_User3 for organization WholesalersMSP
2026.08.11-09:18:22.121[32m info [39m [caliper] [IdentityManager] 	Adding User4 (admin=false) as _WholesalersMSP_User4 for organization WholesalersMSP
2026.08.11-09:18:22.122[32m info [39m [caliper] [IdentityManager] 	Adding User5 (admin=false) as _WholesalersMSP_User5 for organization WholesalersMSP
2026.08.11-09:18:22.122[32m info [39m [caliper] [IdentityManager] 	Adding User0 (admin=true) as _RetailersMSP_User0 for organization RetailersMSP
2026.08.11-09:18:22.123[32m info [39m [caliper] [IdentityManager] 	Adding User1 (admin=false) as _RetailersMSP_User1 for organization RetailersMSP
2026.08.11-09:18:22.123[32m info [39m [caliper] [IdentityManager] 	Adding User2 (admin=false) as _RetailersMSP_User2 for organization RetailersMSP
2026.08.11-09:18:22.123[32m info [39m [caliper] [IdentityManager] 	Adding User3 (admin=false) as _RetailersMSP_User3 for organization RetailersMSP
2026.08.11-09:18:22.124[32m info [39m [caliper] [IdentityManager] 	Adding User4 (admin=false) as _RetailersMSP_User4 for organization RetailersMSP
2026.08.11-09:18:22.125[32m info [39m [caliper] [IdentityManager] 	Adding User5 (admin=false) as _RetailersMSP_User5 for organization RetailersMSP
2026.08.11-09:18:22.125[32m info [39m [caliper] [IdentityManager] 	Adding User0 (admin=true) as _ConsumersMSP_User0 for organization ConsumersMSP
2026.08.11-09:18:22.126[32m info [39m [caliper] [IdentityManager] 	Adding User1 (admin=false) as _ConsumersMSP_User1 for organization ConsumersMSP
2026.08.11-09:18:22.126[32m info [39m [caliper] [IdentityManager] 	Adding User2 (admin=false) as _ConsumersMSP_User2 for organization ConsumersMSP
2026.08.11-09:18:22.127[32m info [39m [caliper] [IdentityManager] 	Adding User3 (admin=false) as _ConsumersMSP_User3 for organization ConsumersMSP
2026.08.11-09:18:22.128[32m info [39m [caliper] [IdentityManager] 	Adding User4 (admin=false) as _ConsumersMSP_User4 for organization ConsumersMSP
2026.08.11-09:18:22.128[32m info [39m [caliper] [IdentityManager] 	Adding User5 (admin=false) as _ConsumersMSP_User5 for organization ConsumersMSP
2026.08.11-09:18:22.130[32m info [39m [caliper] [worker-message-handler] 	Worker#1 initialized
2026.08.11-09:18:22.131[32m info [39m [caliper] [worker-orchestrator] 	5 workers ready, progressing to test preparation phase.
2026.08.11-09:18:22.131[32m info [39m [caliper] [round-orchestrator] 	Started round 1 (closeauction_round1@300)
2026.08.11-09:18:22.132[32m info [39m [caliper] [worker-message-handler] 	Preparing Worker#0 for Round#0
2026.08.11-09:18:22.132[32m info [39m [caliper] [worker-message-handler] 	Preparing Worker#1 for Round#0
2026.08.11-09:18:22.133[32m info [39m [caliper] [worker-message-handler] 	Preparing Worker#3 for Round#0
2026.08.11-09:18:22.133[32m info [39m [caliper] [worker-message-handler] 	Preparing Worker#2 for Round#0
2026.08.11-09:18:22.133[32m info [39m [caliper] [worker-message-handler] 	Preparing Worker#4 for Round#0
2026.08.11-09:18:22.136[32m info [39m [caliper] [connectors/v2/FabricGateway] 	Connecting user with identity User0 to a Network Gateway
2026.08.11-09:18:22.136[32m info [39m [caliper] [connectors/v2/FabricGateway] 	Connecting user with identity User0 to a Network Gateway
2026.08.11-09:18:22.136[32m info [39m [caliper] [connectors/v2/FabricGateway] 	Connecting user with identity User0 to a Network Gateway
2026.08.11-09:18:22.136[32m info [39m [caliper] [connectors/v2/FabricGateway] 	Connecting user with identity User0 to a Network Gateway
2026.08.11-09:18:22.137[32m info [39m [caliper] [connectors/v2/FabricGateway] 	Connecting user with identity User0 to a Network Gateway
2026.08.11-09:18:22.310[32m info [39m [caliper] [connectors/v2/FabricGateway] 	Successfully connected user with identity User0 to a Network Gateway
2026.08.11-09:18:22.311[32m info [39m [caliper] [connectors/v2/FabricGateway] 	Generating contract map for user User0
2026.08.11-09:18:22.312[32m info [39m [caliper] [connectors/v2/FabricGateway] 	Successfully connected user with identity User0 to a Network Gateway
2026.08.11-09:18:22.312[32m info [39m [caliper] [connectors/v2/FabricGateway] 	Generating contract map for user User0
2026.08.11-09:18:22.313[32m info [39m [caliper] [connectors/v2/FabricGateway] 	Successfully connected user with identity User0 to a Network Gateway
2026.08.11-09:18:22.313[32m info [39m [caliper] [connectors/v2/FabricGateway] 	Successfully connected user with identity User0 to a Network Gateway
2026.08.11-09:18:22.313[32m info [39m [caliper] [connectors/v2/FabricGateway] 	Generating contract map for user User0
2026.08.11-09:18:22.313[32m info [39m [caliper] [connectors/v2/FabricGateway] 	Generating contract map for user User0
2026.08.11-09:18:22.316[32m info [39m [caliper] [connectors/v2/FabricGateway] 	Successfully connected user with identity User0 to a Network Gateway
2026.08.11-09:18:22.317[32m info [39m [caliper] [connectors/v2/FabricGateway] 	Generating contract map for user User0
2026.08.11-09:18:22.404[32m info [39m [caliper] [connectors/v2/FabricGateway] 	Connecting user with identity User1 to a Network Gateway
2026.08.11-09:18:22.404[32m info [39m [caliper] [connectors/v2/FabricGateway] 	Connecting user with identity User1 to a Network Gateway
2026.08.11-09:18:22.410[32m info [39m [caliper] [connectors/v2/FabricGateway] 	Connecting user with identity User1 to a Network Gateway
2026.08.11-09:18:22.413[32m info [39m [caliper] [connectors/v2/FabricGateway] 	Connecting user with identity User1 to a Network Gateway
2026.08.11-09:18:22.414[32m info [39m [caliper] [connectors/v2/FabricGateway] 	Connecting user with identity User1 to a Network Gateway
2026.08.11-09:18:22.481[32m info [39m [caliper] [connectors/v2/FabricGateway] 	Successfully connected user with identity User1 to a Network Gateway
2026.08.11-09:18:22.481[32m info [39m [caliper] [connectors/v2/FabricGateway] 	Generating contract map for user User1
2026.08.11-09:18:22.484[32m info [39m [caliper] [connectors/v2/FabricGateway] 	Successfully connected user with identity User1 to a Network Gateway
2026.08.11-09:18:22.484[32m info [39m [caliper] [connectors/v2/FabricGateway] 	Generating contract map for user User1
2026.08.11-09:18:22.489[32m info [39m [caliper] [connectors/v2/FabricGateway] 	Successfully connected user with identity User1 to a Network Gateway
2026.08.11-09:18:22.489[32m info [39m [caliper] [connectors/v2/FabricGateway] 	Successfully connected user with identity User1 to a Network Gateway
2026.08.11-09:18:22.489[32m info [39m [caliper] [connectors/v2/FabricGateway] 	Generating contract map for user User1
2026.08.11-09:18:22.489[32m info [39m [caliper] [connectors/v2/FabricGateway] 	Generating contract map for user User1
2026.08.11-09:18:22.496[32m info [39m [caliper] [connectors/v2/FabricGateway] 	Successfully connected user with identity User1 to a Network Gateway
2026.08.11-09:18:22.497[32m info [39m [caliper] [connectors/v2/FabricGateway] 	Generating contract map for user User1
2026.08.11-09:18:22.546[32m info [39m [caliper] [connectors/v2/FabricGateway] 	Connecting user with identity User2 to a Network Gateway
2026.08.11-09:18:22.548[32m info [39m [caliper] [connectors/v2/FabricGateway] 	Connecting user with identity User2 to a Network Gateway
2026.08.11-09:18:22.549[32m info [39m [caliper] [connectors/v2/FabricGateway] 	Connecting user with identity User2 to a Network Gateway
2026.08.11-09:18:22.551[32m info [39m [caliper] [connectors/v2/FabricGateway] 	Connecting user with identity User2 to a Network Gateway
2026.08.11-09:18:22.554[32m info [39m [caliper] [connectors/v2/FabricGateway] 	Connecting user with identity User2 to a Network Gateway
2026.08.11-09:18:22.615[32m info [39m [caliper] [connectors/v2/FabricGateway] 	Successfully connected user with identity User2 to a Network Gateway
2026.08.11-09:18:22.615[32m info [39m [caliper] [connectors/v2/FabricGateway] 	Generating contract map for user User2
2026.08.11-09:18:22.616[32m info [39m [caliper] [connectors/v2/FabricGateway] 	Successfully connected user with identity User2 to a Network Gateway
2026.08.11-09:18:22.617[32m info [39m [caliper] [connectors/v2/FabricGateway] 	Generating contract map for user User2
2026.08.11-09:18:22.619[32m info [39m [caliper] [connectors/v2/FabricGateway] 	Successfully connected user with identity User2 to a Network Gateway
2026.08.11-09:18:22.619[32m info [39m [caliper] [connectors/v2/FabricGateway] 	Generating contract map for user User2
2026.08.11-09:18:22.619[32m info [39m [caliper] [connectors/v2/FabricGateway] 	Successfully connected user with identity User2 to a Network Gateway
2026.08.11-09:18:22.619[32m info [39m [caliper] [connectors/v2/FabricGateway] 	Generating contract map for user User2
2026.08.11-09:18:22.624[32m info [39m [caliper] [connectors/v2/FabricGateway] 	Successfully connected user with identity User2 to a Network Gateway
2026.08.11-09:18:22.625[32m info [39m [caliper] [connectors/v2/FabricGateway] 	Generating contract map for user User2
2026.08.11-09:18:22.679[32m info [39m [caliper] [connectors/v2/FabricGateway] 	Connecting user with identity User3 to a Network Gateway
2026.08.11-09:18:22.679[32m info [39m [caliper] [connectors/v2/FabricGateway] 	Connecting user with identity User3 to a Network Gateway
2026.08.11-09:18:22.680[32m info [39m [caliper] [connectors/v2/FabricGateway] 	Connecting user with identity User3 to a Network Gateway
2026.08.11-09:18:22.681[32m info [39m [caliper] [connectors/v2/FabricGateway] 	Connecting user with identity User3 to a Network Gateway
2026.08.11-09:18:22.683[32m info [39m [caliper] [connectors/v2/FabricGateway] 	Connecting user with identity User3 to a Network Gateway
2026.08.11-09:18:22.742[32m info [39m [caliper] [connectors/v2/FabricGateway] 	Successfully connected user with identity User3 to a Network Gateway
2026.08.11-09:18:22.742[32m info [39m [caliper] [connectors/v2/FabricGateway] 	Generating contract map for user User3
2026.08.11-09:18:22.743[32m info [39m [caliper] [connectors/v2/FabricGateway] 	Successfully connected user with identity User3 to a Network Gateway
2026.08.11-09:18:22.743[32m info [39m [caliper] [connectors/v2/FabricGateway] 	Generating contract map for user User3
2026.08.11-09:18:22.744[32m info [39m [caliper] [connectors/v2/FabricGateway] 	Successfully connected user with identity User3 to a Network Gateway
2026.08.11-09:18:22.744[32m info [39m [caliper] [connectors/v2/FabricGateway] 	Generating contract map for user User3
2026.08.11-09:18:22.745[32m info [39m [caliper] [connectors/v2/FabricGateway] 	Successfully connected user with identity User3 to a Network Gateway
2026.08.11-09:18:22.746[32m info [39m [caliper] [connectors/v2/FabricGateway] 	Generating contract map for user User3
2026.08.11-09:18:22.747[32m info [39m [caliper] [connectors/v2/FabricGateway] 	Successfully connected user with identity User3 to a Network Gateway
2026.08.11-09:18:22.748[32m info [39m [caliper] [connectors/v2/FabricGateway] 	Generating contract map for user User3
2026.08.11-09:18:22.800[32m info [39m [caliper] [connectors/v2/FabricGateway] 	Connecting user with identity User4 to a Network Gateway
2026.08.11-09:18:22.801[32m info [39m [caliper] [connectors/v2/FabricGateway] 	Connecting user with identity User4 to a Network Gateway
2026.08.11-09:18:22.802[32m info [39m [caliper] [connectors/v2/FabricGateway] 	Connecting user with identity User4 to a Network Gateway
2026.08.11-09:18:22.807[32m info [39m [caliper] [connectors/v2/FabricGateway] 	Connecting user with identity User4 to a Network Gateway
2026.08.11-09:18:22.810[32m info [39m [caliper] [connectors/v2/FabricGateway] 	Connecting user with identity User4 to a Network Gateway
2026.08.11-09:18:22.882[32m info [39m [caliper] [connectors/v2/FabricGateway] 	Successfully connected user with identity User4 to a Network Gateway
2026.08.11-09:18:22.882[32m info [39m [caliper] [connectors/v2/FabricGateway] 	Generating contract map for user User4
2026.08.11-09:18:22.883[32m info [39m [caliper] [connectors/v2/FabricGateway] 	Successfully connected user with identity User4 to a Network Gateway
2026.08.11-09:18:22.883[32m info [39m [caliper] [connectors/v2/FabricGateway] 	Generating contract map for user User4
2026.08.11-09:18:22.885[32m info [39m [caliper] [connectors/v2/FabricGateway] 	Successfully connected user with identity User4 to a Network Gateway
2026.08.11-09:18:22.885[32m info [39m [caliper] [connectors/v2/FabricGateway] 	Generating contract map for user User4
2026.08.11-09:18:22.885[32m info [39m [caliper] [connectors/v2/FabricGateway] 	Successfully connected user with identity User4 to a Network Gateway
2026.08.11-09:18:22.885[32m info [39m [caliper] [connectors/v2/FabricGateway] 	Generating contract map for user User4
2026.08.11-09:18:22.888[32m info [39m [caliper] [connectors/v2/FabricGateway] 	Successfully connected user with identity User4 to a Network Gateway
2026.08.11-09:18:22.888[32m info [39m [caliper] [connectors/v2/FabricGateway] 	Generating contract map for user User4
2026.08.11-09:18:22.964[32m info [39m [caliper] [connectors/v2/FabricGateway] 	Connecting user with identity User5 to a Network Gateway
2026.08.11-09:18:22.965[32m info [39m [caliper] [connectors/v2/FabricGateway] 	Connecting user with identity User5 to a Network Gateway
2026.08.11-09:18:22.965[32m info [39m [caliper] [connectors/v2/FabricGateway] 	Connecting user with identity User5 to a Network Gateway
2026.08.11-09:18:22.966[32m info [39m [caliper] [connectors/v2/FabricGateway] 	Connecting user with identity User5 to a Network Gateway
2026.08.11-09:18:22.966[32m info [39m [caliper] [connectors/v2/FabricGateway] 	Connecting user with identity User5 to a Network Gateway
2026.08.11-09:18:23.033[32m info [39m [caliper] [connectors/v2/FabricGateway] 	Successfully connected user with identity User5 to a Network Gateway
2026.08.11-09:18:23.033[32m info [39m [caliper] [connectors/v2/FabricGateway] 	Successfully connected user with identity User5 to a Network Gateway
2026.08.11-09:18:23.033[32m info [39m [caliper] [connectors/v2/FabricGateway] 	Generating contract map for user User5
2026.08.11-09:18:23.033[32m info [39m [caliper] [connectors/v2/FabricGateway] 	Generating contract map for user User5
2026.08.11-09:18:23.034[32m info [39m [caliper] [connectors/v2/FabricGateway] 	Successfully connected user with identity User5 to a Network Gateway
2026.08.11-09:18:23.034[32m info [39m [caliper] [connectors/v2/FabricGateway] 	Generating contract map for user User5
2026.08.11-09:18:23.037[32m info [39m [caliper] [connectors/v2/FabricGateway] 	Successfully connected user with identity User5 to a Network Gateway
2026.08.11-09:18:23.037[32m info [39m [caliper] [connectors/v2/FabricGateway] 	Generating contract map for user User5
2026.08.11-09:18:23.043[32m info [39m [caliper] [connectors/v2/FabricGateway] 	Successfully connected user with identity User5 to a Network Gateway
2026.08.11-09:18:23.043[32m info [39m [caliper] [connectors/v2/FabricGateway] 	Generating contract map for user User5
2026.08.11-09:18:23.086[32m info [39m [caliper] [connectors/v2/FabricGateway] 	Connecting user with identity _AuctioncentersMSP_User0 to a Network Gateway
2026.08.11-09:18:23.088[32m info [39m [caliper] [connectors/v2/FabricGateway] 	Connecting user with identity _AuctioncentersMSP_User0 to a Network Gateway
2026.08.11-09:18:23.088[32m info [39m [caliper] [connectors/v2/FabricGateway] 	Connecting user with identity _AuctioncentersMSP_User0 to a Network Gateway
2026.08.11-09:18:23.093[32m info [39m [caliper] [connectors/v2/FabricGateway] 	Connecting user with identity _AuctioncentersMSP_User0 to a Network Gateway
2026.08.11-09:18:23.099[32m info [39m [caliper] [connectors/v2/FabricGateway] 	Connecting user with identity _AuctioncentersMSP_User0 to a Network Gateway
2026.08.11-09:18:23.155[32m info [39m [caliper] [connectors/v2/FabricGateway] 	Successfully connected user with identity _AuctioncentersMSP_User0 to a Network Gateway
2026.08.11-09:18:23.155[32m info [39m [caliper] [connectors/v2/FabricGateway] 	Generating contract map for user _AuctioncentersMSP_User0
2026.08.11-09:18:23.161[32m info [39m [caliper] [connectors/v2/FabricGateway] 	Successfully connected user with identity _AuctioncentersMSP_User0 to a Network Gateway
2026.08.11-09:18:23.161[32m info [39m [caliper] [connectors/v2/FabricGateway] 	Generating contract map for user _AuctioncentersMSP_User0
2026.08.11-09:18:23.161[32m info [39m [caliper] [connectors/v2/FabricGateway] 	Successfully connected user with identity _AuctioncentersMSP_User0 to a Network Gateway
2026.08.11-09:18:23.162[32m info [39m [caliper] [connectors/v2/FabricGateway] 	Generating contract map for user _AuctioncentersMSP_User0
2026.08.11-09:18:23.166[32m info [39m [caliper] [connectors/v2/FabricGateway] 	Successfully connected user with identity _AuctioncentersMSP_User0 to a Network Gateway
2026.08.11-09:18:23.166[32m info [39m [caliper] [connectors/v2/FabricGateway] 	Generating contract map for user _AuctioncentersMSP_User0
2026.08.11-09:18:23.171[32m info [39m [caliper] [connectors/v2/FabricGateway] 	Successfully connected user with identity _AuctioncentersMSP_User0 to a Network Gateway
2026.08.11-09:18:23.171[32m info [39m [caliper] [connectors/v2/FabricGateway] 	Generating contract map for user _AuctioncentersMSP_User0
2026.08.11-09:18:23.218[32m info [39m [caliper] [connectors/v2/FabricGateway] 	Connecting user with identity _AuctioncentersMSP_User1 to a Network Gateway
2026.08.11-09:18:23.223[32m info [39m [caliper] [connectors/v2/FabricGateway] 	Connecting user with identity _AuctioncentersMSP_User1 to a Network Gateway
2026.08.11-09:18:23.223[32m info [39m [caliper] [connectors/v2/FabricGateway] 	Connecting user with identity _AuctioncentersMSP_User1 to a Network Gateway
2026.08.11-09:18:23.230[32m info [39m [caliper] [connectors/v2/FabricGateway] 	Connecting user with identity _AuctioncentersMSP_User1 to a Network Gateway
2026.08.11-09:18:23.237[32m info [39m [caliper] [connectors/v2/FabricGateway] 	Connecting user with identity _AuctioncentersMSP_User1 to a Network Gateway
2026.08.11-09:18:23.291[32m info [39m [caliper] [connectors/v2/FabricGateway] 	Successfully connected user with identity _AuctioncentersMSP_User1 to a Network Gateway
2026.08.11-09:18:23.291[32m info [39m [caliper] [connectors/v2/FabricGateway] 	Generating contract map for user _AuctioncentersMSP_User1
2026.08.11-09:18:23.295[32m info [39m [caliper] [connectors/v2/FabricGateway] 	Successfully connected user with identity _AuctioncentersMSP_User1 to a Network Gateway
2026.08.11-09:18:23.295[32m info [39m [caliper] [connectors/v2/FabricGateway] 	Generating contract map for user _AuctioncentersMSP_User1
2026.08.11-09:18:23.296[32m info [39m [caliper] [connectors/v2/FabricGateway] 	Successfully connected user with identity _AuctioncentersMSP_User1 to a Network Gateway
2026.08.11-09:18:23.296[32m info [39m [caliper] [connectors/v2/FabricGateway] 	Generating contract map for user _AuctioncentersMSP_User1
2026.08.11-09:18:23.309[32m info [39m [caliper] [connectors/v2/FabricGateway] 	Successfully connected user with identity _AuctioncentersMSP_User1 to a Network Gateway
2026.08.11-09:18:23.309[32m info [39m [caliper] [connectors/v2/FabricGateway] 	Generating contract map for user _AuctioncentersMSP_User1
2026.08.11-09:18:23.311[32m info [39m [caliper] [connectors/v2/FabricGateway] 	Successfully connected user with identity _AuctioncentersMSP_User1 to a Network Gateway
2026.08.11-09:18:23.311[32m info [39m [caliper] [connectors/v2/FabricGateway] 	Generating contract map for user _AuctioncentersMSP_User1
2026.08.11-09:18:23.354[32m info [39m [caliper] [connectors/v2/FabricGateway] 	Connecting user with identity _AuctioncentersMSP_User2 to a Network Gateway
2026.08.11-09:18:23.355[32m info [39m [caliper] [connectors/v2/FabricGateway] 	Connecting user with identity _AuctioncentersMSP_User2 to a Network Gateway
2026.08.11-09:18:23.355[32m info [39m [caliper] [connectors/v2/FabricGateway] 	Connecting user with identity _AuctioncentersMSP_User2 to a Network Gateway
2026.08.11-09:18:23.369[32m info [39m [caliper] [connectors/v2/FabricGateway] 	Connecting user with identity _AuctioncentersMSP_User2 to a Network Gateway
2026.08.11-09:18:23.371[32m info [39m [caliper] [connectors/v2/FabricGateway] 	Connecting user with identity _AuctioncentersMSP_User2 to a Network Gateway
2026.08.11-09:18:23.420[32m info [39m [caliper] [connectors/v2/FabricGateway] 	Successfully connected user with identity _AuctioncentersMSP_User2 to a Network Gateway
2026.08.11-09:18:23.421[32m info [39m [caliper] [connectors/v2/FabricGateway] 	Generating contract map for user _AuctioncentersMSP_User2
2026.08.11-09:18:23.427[32m info [39m [caliper] [connectors/v2/FabricGateway] 	Successfully connected user with identity _AuctioncentersMSP_User2 to a Network Gateway
2026.08.11-09:18:23.427[32m info [39m [caliper] [connectors/v2/FabricGateway] 	Generating contract map for user _AuctioncentersMSP_User2
2026.08.11-09:18:23.432[32m info [39m [caliper] [connectors/v2/FabricGateway] 	Successfully connected user with identity _AuctioncentersMSP_User2 to a Network Gateway
2026.08.11-09:18:23.432[32m info [39m [caliper] [connectors/v2/FabricGateway] 	Generating contract map for user _AuctioncentersMSP_User2
2026.08.11-09:18:23.439[32m info [39m [caliper] [connectors/v2/FabricGateway] 	Successfully connected user with identity _AuctioncentersMSP_User2 to a Network Gateway
2026.08.11-09:18:23.439[32m info [39m [caliper] [connectors/v2/FabricGateway] 	Generating contract map for user _AuctioncentersMSP_User2
2026.08.11-09:18:23.448[32m info [39m [caliper] [connectors/v2/FabricGateway] 	Successfully connected user with identity _AuctioncentersMSP_User2 to a Network Gateway
2026.08.11-09:18:23.448[32m info [39m [caliper] [connectors/v2/FabricGateway] 	Generating contract map for user _AuctioncentersMSP_User2
2026.08.11-09:18:23.485[32m info [39m [caliper] [connectors/v2/FabricGateway] 	Connecting user with identity _AuctioncentersMSP_User3 to a Network Gateway
2026.08.11-09:18:23.492[32m info [39m [caliper] [connectors/v2/FabricGateway] 	Connecting user with identity _AuctioncentersMSP_User3 to a Network Gateway
2026.08.11-09:18:23.493[32m info [39m [caliper] [connectors/v2/FabricGateway] 	Connecting user with identity _AuctioncentersMSP_User3 to a Network Gateway
2026.08.11-09:18:23.498[32m info [39m [caliper] [connectors/v2/FabricGateway] 	Connecting user with identity _AuctioncentersMSP_User3 to a Network Gateway
2026.08.11-09:18:23.503[32m info [39m [caliper] [connectors/v2/FabricGateway] 	Connecting user with identity _AuctioncentersMSP_User3 to a Network Gateway
2026.08.11-09:18:23.554[32m info [39m [caliper] [connectors/v2/FabricGateway] 	Successfully connected user with identity _AuctioncentersMSP_User3 to a Network Gateway
2026.08.11-09:18:23.554[32m info [39m [caliper] [connectors/v2/FabricGateway] 	Generating contract map for user _AuctioncentersMSP_User3
2026.08.11-09:18:23.554[32m info [39m [caliper] [connectors/v2/FabricGateway] 	Successfully connected user with identity _AuctioncentersMSP_User3 to a Network Gateway
2026.08.11-09:18:23.554[32m info [39m [caliper] [connectors/v2/FabricGateway] 	Generating contract map for user _AuctioncentersMSP_User3
2026.08.11-09:18:23.560[32m info [39m [caliper] [connectors/v2/FabricGateway] 	Successfully connected user with identity _AuctioncentersMSP_User3 to a Network Gateway
2026.08.11-09:18:23.560[32m info [39m [caliper] [connectors/v2/FabricGateway] 	Generating contract map for user _AuctioncentersMSP_User3
2026.08.11-09:18:23.560[32m info [39m [caliper] [connectors/v2/FabricGateway] 	Successfully connected user with identity _AuctioncentersMSP_User3 to a Network Gateway
2026.08.11-09:18:23.560[32m info [39m [caliper] [connectors/v2/FabricGateway] 	Generating contract map for user _AuctioncentersMSP_User3
2026.08.11-09:18:23.572[32m info [39m [caliper] [connectors/v2/FabricGateway] 	Successfully connected user with identity _AuctioncentersMSP_User3 to a Network Gateway
2026.08.11-09:18:23.573[32m info [39m [caliper] [connectors/v2/FabricGateway] 	Generating contract map for user _AuctioncentersMSP_User3
2026.08.11-09:18:23.611[32m info [39m [caliper] [connectors/v2/FabricGateway] 	Connecting user with identity _AuctioncentersMSP_User4 to a Network Gateway
2026.08.11-09:18:23.615[32m info [39m [caliper] [connectors/v2/FabricGateway] 	Connecting user with identity _AuctioncentersMSP_User4 to a Network Gateway
2026.08.11-09:18:23.617[32m info [39m [caliper] [connectors/v2/FabricGateway] 	Connecting user with identity _AuctioncentersMSP_User4 to a Network Gateway
2026.08.11-09:18:23.617[32m info [39m [caliper] [connectors/v2/FabricGateway] 	Connecting user with identity _AuctioncentersMSP_User4 to a Network Gateway
2026.08.11-09:18:23.628[32m info [39m [caliper] [connectors/v2/FabricGateway] 	Connecting user with identity _AuctioncentersMSP_User4 to a Network Gateway
2026.08.11-09:18:23.674[32m info [39m [caliper] [connectors/v2/FabricGateway] 	Successfully connected user with identity _AuctioncentersMSP_User4 to a Network Gateway
2026.08.11-09:18:23.674[32m info [39m [caliper] [connectors/v2/FabricGateway] 	Generating contract map for user _AuctioncentersMSP_User4
2026.08.11-09:18:23.675[32m info [39m [caliper] [connectors/v2/FabricGateway] 	Successfully connected user with identity _AuctioncentersMSP_User4 to a Network Gateway
2026.08.11-09:18:23.675[32m info [39m [caliper] [connectors/v2/FabricGateway] 	Generating contract map for user _AuctioncentersMSP_User4
2026.08.11-09:18:23.676[32m info [39m [caliper] [connectors/v2/FabricGateway] 	Successfully connected user with identity _AuctioncentersMSP_User4 to a Network Gateway
2026.08.11-09:18:23.676[32m info [39m [caliper] [connectors/v2/FabricGateway] 	Generating contract map for user _AuctioncentersMSP_User4
2026.08.11-09:18:23.681[32m info [39m [caliper] [connectors/v2/FabricGateway] 	Successfully connected user with identity _AuctioncentersMSP_User4 to a Network Gateway
2026.08.11-09:18:23.682[32m info [39m [caliper] [connectors/v2/FabricGateway] 	Generating contract map for user _AuctioncentersMSP_User4
2026.08.11-09:18:23.689[32m info [39m [caliper] [connectors/v2/FabricGateway] 	Successfully connected user with identity _AuctioncentersMSP_User4 to a Network Gateway
2026.08.11-09:18:23.690[32m info [39m [caliper] [connectors/v2/FabricGateway] 	Generating contract map for user _AuctioncentersMSP_User4
2026.08.11-09:18:23.739[32m info [39m [caliper] [connectors/v2/FabricGateway] 	Connecting user with identity _AuctioncentersMSP_User5 to a Network Gateway
2026.08.11-09:18:23.743[32m info [39m [caliper] [connectors/v2/FabricGateway] 	Connecting user with identity _AuctioncentersMSP_User5 to a Network Gateway
2026.08.11-09:18:23.747[32m info [39m [caliper] [connectors/v2/FabricGateway] 	Connecting user with identity _AuctioncentersMSP_User5 to a Network Gateway
2026.08.11-09:18:23.750[32m info [39m [caliper] [connectors/v2/FabricGateway] 	Connecting user with identity _AuctioncentersMSP_User5 to a Network Gateway
2026.08.11-09:18:23.762[32m info [39m [caliper] [connectors/v2/FabricGateway] 	Connecting user with identity _AuctioncentersMSP_User5 to a Network Gateway
2026.08.11-09:18:23.803[32m info [39m [caliper] [connectors/v2/FabricGateway] 	Successfully connected user with identity _AuctioncentersMSP_User5 to a Network Gateway
2026.08.11-09:18:23.803[32m info [39m [caliper] [connectors/v2/FabricGateway] 	Generating contract map for user _AuctioncentersMSP_User5
2026.08.11-09:18:23.804[32m info [39m [caliper] [connectors/v2/FabricGateway] 	Successfully connected user with identity _AuctioncentersMSP_User5 to a Network Gateway
2026.08.11-09:18:23.804[32m info [39m [caliper] [connectors/v2/FabricGateway] 	Generating contract map for user _AuctioncentersMSP_User5
2026.08.11-09:18:23.808[32m info [39m [caliper] [connectors/v2/FabricGateway] 	Successfully connected user with identity _AuctioncentersMSP_User5 to a Network Gateway
2026.08.11-09:18:23.809[32m info [39m [caliper] [connectors/v2/FabricGateway] 	Generating contract map for user _AuctioncentersMSP_User5
2026.08.11-09:18:23.816[32m info [39m [caliper] [connectors/v2/FabricGateway] 	Successfully connected user with identity _AuctioncentersMSP_User5 to a Network Gateway
2026.08.11-09:18:23.816[32m info [39m [caliper] [connectors/v2/FabricGateway] 	Generating contract map for user _AuctioncentersMSP_User5
2026.08.11-09:18:23.829[32m info [39m [caliper] [connectors/v2/FabricGateway] 	Successfully connected user with identity _AuctioncentersMSP_User5 to a Network Gateway
2026.08.11-09:18:23.829[32m info [39m [caliper] [connectors/v2/FabricGateway] 	Generating contract map for user _AuctioncentersMSP_User5
2026.08.11-09:18:23.877[32m info [39m [caliper] [connectors/v2/FabricGateway] 	Connecting user with identity _WholesalersMSP_User0 to a Network Gateway
2026.08.11-09:18:23.877[32m info [39m [caliper] [connectors/v2/FabricGateway] 	Connecting user with identity _WholesalersMSP_User0 to a Network Gateway
2026.08.11-09:18:23.877[32m info [39m [caliper] [connectors/v2/FabricGateway] 	Connecting user with identity _WholesalersMSP_User0 to a Network Gateway
2026.08.11-09:18:23.890[32m info [39m [caliper] [connectors/v2/FabricGateway] 	Connecting user with identity _WholesalersMSP_User0 to a Network Gateway
2026.08.11-09:18:23.901[32m info [39m [caliper] [connectors/v2/FabricGateway] 	Connecting user with identity _WholesalersMSP_User0 to a Network Gateway
2026.08.11-09:18:23.945[32m info [39m [caliper] [connectors/v2/FabricGateway] 	Successfully connected user with identity _WholesalersMSP_User0 to a Network Gateway
2026.08.11-09:18:23.945[32m info [39m [caliper] [connectors/v2/FabricGateway] 	Generating contract map for user _WholesalersMSP_User0
2026.08.11-09:18:23.946[32m info [39m [caliper] [connectors/v2/FabricGateway] 	Successfully connected user with identity _WholesalersMSP_User0 to a Network Gateway
2026.08.11-09:18:23.946[32m info [39m [caliper] [connectors/v2/FabricGateway] 	Generating contract map for user _WholesalersMSP_User0
2026.08.11-09:18:23.952[32m info [39m [caliper] [connectors/v2/FabricGateway] 	Successfully connected user with identity _WholesalersMSP_User0 to a Network Gateway
2026.08.11-09:18:23.952[32m info [39m [caliper] [connectors/v2/FabricGateway] 	Generating contract map for user _WholesalersMSP_User0
2026.08.11-09:18:23.955[32m info [39m [caliper] [connectors/v2/FabricGateway] 	Successfully connected user with identity _WholesalersMSP_User0 to a Network Gateway
2026.08.11-09:18:23.956[32m info [39m [caliper] [connectors/v2/FabricGateway] 	Generating contract map for user _WholesalersMSP_User0
2026.08.11-09:18:23.981[32m info [39m [caliper] [connectors/v2/FabricGateway] 	Successfully connected user with identity _WholesalersMSP_User0 to a Network Gateway
2026.08.11-09:18:23.981[32m info [39m [caliper] [connectors/v2/FabricGateway] 	Generating contract map for user _WholesalersMSP_User0
2026.08.11-09:18:24.002[32m info [39m [caliper] [connectors/v2/FabricGateway] 	Connecting user with identity _WholesalersMSP_User1 to a Network Gateway
2026.08.11-09:18:24.002[32m info [39m [caliper] [connectors/v2/FabricGateway] 	Connecting user with identity _WholesalersMSP_User1 to a Network Gateway
2026.08.11-09:18:24.011[32m info [39m [caliper] [connectors/v2/FabricGateway] 	Connecting user with identity _WholesalersMSP_User1 to a Network Gateway
2026.08.11-09:18:24.016[32m info [39m [caliper] [connectors/v2/FabricGateway] 	Connecting user with identity _WholesalersMSP_User1 to a Network Gateway
2026.08.11-09:18:24.038[32m info [39m [caliper] [connectors/v2/FabricGateway] 	Connecting user with identity _WholesalersMSP_User1 to a Network Gateway
2026.08.11-09:18:24.067[32m info [39m [caliper] [connectors/v2/FabricGateway] 	Successfully connected user with identity _WholesalersMSP_User1 to a Network Gateway
2026.08.11-09:18:24.067[32m info [39m [caliper] [connectors/v2/FabricGateway] 	Successfully connected user with identity _WholesalersMSP_User1 to a Network Gateway
2026.08.11-09:18:24.067[32m info [39m [caliper] [connectors/v2/FabricGateway] 	Generating contract map for user _WholesalersMSP_User1
2026.08.11-09:18:24.067[32m info [39m [caliper] [connectors/v2/FabricGateway] 	Generating contract map for user _WholesalersMSP_User1
2026.08.11-09:18:24.078[32m info [39m [caliper] [connectors/v2/FabricGateway] 	Successfully connected user with identity _WholesalersMSP_User1 to a Network Gateway
2026.08.11-09:18:24.078[32m info [39m [caliper] [connectors/v2/FabricGateway] 	Generating contract map for user _WholesalersMSP_User1
2026.08.11-09:18:24.083[32m info [39m [caliper] [connectors/v2/FabricGateway] 	Successfully connected user with identity _WholesalersMSP_User1 to a Network Gateway
2026.08.11-09:18:24.084[32m info [39m [caliper] [connectors/v2/FabricGateway] 	Generating contract map for user _WholesalersMSP_User1
2026.08.11-09:18:24.101[32m info [39m [caliper] [connectors/v2/FabricGateway] 	Successfully connected user with identity _WholesalersMSP_User1 to a Network Gateway
2026.08.11-09:18:24.102[32m info [39m [caliper] [connectors/v2/FabricGateway] 	Generating contract map for user _WholesalersMSP_User1
2026.08.11-09:18:24.117[32m info [39m [caliper] [connectors/v2/FabricGateway] 	Connecting user with identity _WholesalersMSP_User2 to a Network Gateway
2026.08.11-09:18:24.120[32m info [39m [caliper] [connectors/v2/FabricGateway] 	Connecting user with identity _WholesalersMSP_User2 to a Network Gateway
2026.08.11-09:18:24.130[32m info [39m [caliper] [connectors/v2/FabricGateway] 	Connecting user with identity _WholesalersMSP_User2 to a Network Gateway
2026.08.11-09:18:24.134[32m info [39m [caliper] [connectors/v2/FabricGateway] 	Connecting user with identity _WholesalersMSP_User2 to a Network Gateway
2026.08.11-09:18:24.152[32m info [39m [caliper] [connectors/v2/FabricGateway] 	Connecting user with identity _WholesalersMSP_User2 to a Network Gateway
2026.08.11-09:18:24.181[32m info [39m [caliper] [connectors/v2/FabricGateway] 	Successfully connected user with identity _WholesalersMSP_User2 to a Network Gateway
2026.08.11-09:18:24.181[32m info [39m [caliper] [connectors/v2/FabricGateway] 	Generating contract map for user _WholesalersMSP_User2
2026.08.11-09:18:24.183[32m info [39m [caliper] [connectors/v2/FabricGateway] 	Successfully connected user with identity _WholesalersMSP_User2 to a Network Gateway
2026.08.11-09:18:24.184[32m info [39m [caliper] [connectors/v2/FabricGateway] 	Generating contract map for user _WholesalersMSP_User2
2026.08.11-09:18:24.194[32m info [39m [caliper] [connectors/v2/FabricGateway] 	Successfully connected user with identity _WholesalersMSP_User2 to a Network Gateway
2026.08.11-09:18:24.194[32m info [39m [caliper] [connectors/v2/FabricGateway] 	Generating contract map for user _WholesalersMSP_User2
2026.08.11-09:18:24.197[32m info [39m [caliper] [connectors/v2/FabricGateway] 	Successfully connected user with identity _WholesalersMSP_User2 to a Network Gateway
2026.08.11-09:18:24.197[32m info [39m [caliper] [connectors/v2/FabricGateway] 	Generating contract map for user _WholesalersMSP_User2
2026.08.11-09:18:24.220[32m info [39m [caliper] [connectors/v2/FabricGateway] 	Successfully connected user with identity _WholesalersMSP_User2 to a Network Gateway
2026.08.11-09:18:24.220[32m info [39m [caliper] [connectors/v2/FabricGateway] 	Generating contract map for user _WholesalersMSP_User2
2026.08.11-09:18:24.235[32m info [39m [caliper] [connectors/v2/FabricGateway] 	Connecting user with identity _WholesalersMSP_User3 to a Network Gateway
2026.08.11-09:18:24.239[32m info [39m [caliper] [connectors/v2/FabricGateway] 	Connecting user with identity _WholesalersMSP_User3 to a Network Gateway
2026.08.11-09:18:24.250[32m info [39m [caliper] [connectors/v2/FabricGateway] 	Connecting user with identity _WholesalersMSP_User3 to a Network Gateway
2026.08.11-09:18:24.253[32m info [39m [caliper] [connectors/v2/FabricGateway] 	Connecting user with identity _WholesalersMSP_User3 to a Network Gateway
2026.08.11-09:18:24.271[32m info [39m [caliper] [connectors/v2/FabricGateway] 	Connecting user with identity _WholesalersMSP_User3 to a Network Gateway
2026.08.11-09:18:24.298[32m info [39m [caliper] [connectors/v2/FabricGateway] 	Successfully connected user with identity _WholesalersMSP_User3 to a Network Gateway
2026.08.11-09:18:24.299[32m info [39m [caliper] [connectors/v2/FabricGateway] 	Generating contract map for user _WholesalersMSP_User3
2026.08.11-09:18:24.310[32m info [39m [caliper] [connectors/v2/FabricGateway] 	Successfully connected user with identity _WholesalersMSP_User3 to a Network Gateway
2026.08.11-09:18:24.310[32m info [39m [caliper] [connectors/v2/FabricGateway] 	Generating contract map for user _WholesalersMSP_User3
2026.08.11-09:18:24.315[32m info [39m [caliper] [connectors/v2/FabricGateway] 	Successfully connected user with identity _WholesalersMSP_User3 to a Network Gateway
2026.08.11-09:18:24.316[32m info [39m [caliper] [connectors/v2/FabricGateway] 	Generating contract map for user _WholesalersMSP_User3
2026.08.11-09:18:24.325[32m info [39m [caliper] [connectors/v2/FabricGateway] 	Successfully connected user with identity _WholesalersMSP_User3 to a Network Gateway
2026.08.11-09:18:24.325[32m info [39m [caliper] [connectors/v2/FabricGateway] 	Generating contract map for user _WholesalersMSP_User3
2026.08.11-09:18:24.338[32m info [39m [caliper] [connectors/v2/FabricGateway] 	Successfully connected user with identity _WholesalersMSP_User3 to a Network Gateway
2026.08.11-09:18:24.339[32m info [39m [caliper] [connectors/v2/FabricGateway] 	Generating contract map for user _WholesalersMSP_User3
2026.08.11-09:18:24.361[32m info [39m [caliper] [connectors/v2/FabricGateway] 	Connecting user with identity _WholesalersMSP_User4 to a Network Gateway
2026.08.11-09:18:24.369[32m info [39m [caliper] [connectors/v2/FabricGateway] 	Connecting user with identity _WholesalersMSP_User4 to a Network Gateway
2026.08.11-09:18:24.378[32m info [39m [caliper] [connectors/v2/FabricGateway] 	Connecting user with identity _WholesalersMSP_User4 to a Network Gateway
2026.08.11-09:18:24.384[32m info [39m [caliper] [connectors/v2/FabricGateway] 	Connecting user with identity _WholesalersMSP_User4 to a Network Gateway
2026.08.11-09:18:24.388[32m info [39m [caliper] [connectors/v2/FabricGateway] 	Connecting user with identity _WholesalersMSP_User4 to a Network Gateway
2026.08.11-09:18:24.429[32m info [39m [caliper] [connectors/v2/FabricGateway] 	Successfully connected user with identity _WholesalersMSP_User4 to a Network Gateway
2026.08.11-09:18:24.429[32m info [39m [caliper] [connectors/v2/FabricGateway] 	Generating contract map for user _WholesalersMSP_User4
2026.08.11-09:18:24.430[32m info [39m [caliper] [connectors/v2/FabricGateway] 	Successfully connected user with identity _WholesalersMSP_User4 to a Network Gateway
2026.08.11-09:18:24.431[32m info [39m [caliper] [connectors/v2/FabricGateway] 	Generating contract map for user _WholesalersMSP_User4
2026.08.11-09:18:24.443[32m info [39m [caliper] [connectors/v2/FabricGateway] 	Successfully connected user with identity _WholesalersMSP_User4 to a Network Gateway
2026.08.11-09:18:24.444[32m info [39m [caliper] [connectors/v2/FabricGateway] 	Generating contract map for user _WholesalersMSP_User4
2026.08.11-09:18:24.451[32m info [39m [caliper] [connectors/v2/FabricGateway] 	Successfully connected user with identity _WholesalersMSP_User4 to a Network Gateway
2026.08.11-09:18:24.451[32m info [39m [caliper] [connectors/v2/FabricGateway] 	Generating contract map for user _WholesalersMSP_User4
2026.08.11-09:18:24.454[32m info [39m [caliper] [connectors/v2/FabricGateway] 	Successfully connected user with identity _WholesalersMSP_User4 to a Network Gateway
2026.08.11-09:18:24.454[32m info [39m [caliper] [connectors/v2/FabricGateway] 	Generating contract map for user _WholesalersMSP_User4
2026.08.11-09:18:24.482[32m info [39m [caliper] [connectors/v2/FabricGateway] 	Connecting user with identity _WholesalersMSP_User5 to a Network Gateway
2026.08.11-09:18:24.491[32m info [39m [caliper] [connectors/v2/FabricGateway] 	Connecting user with identity _WholesalersMSP_User5 to a Network Gateway
2026.08.11-09:18:24.503[32m info [39m [caliper] [connectors/v2/FabricGateway] 	Connecting user with identity _WholesalersMSP_User5 to a Network Gateway
2026.08.11-09:18:24.511[32m info [39m [caliper] [connectors/v2/FabricGateway] 	Connecting user with identity _WholesalersMSP_User5 to a Network Gateway
2026.08.11-09:18:24.516[32m info [39m [caliper] [connectors/v2/FabricGateway] 	Connecting user with identity _WholesalersMSP_User5 to a Network Gateway
2026.08.11-09:18:24.550[32m info [39m [caliper] [connectors/v2/FabricGateway] 	Successfully connected user with identity _WholesalersMSP_User5 to a Network Gateway
2026.08.11-09:18:24.551[32m info [39m [caliper] [connectors/v2/FabricGateway] 	Generating contract map for user _WholesalersMSP_User5
2026.08.11-09:18:24.551[32m info [39m [caliper] [connectors/v2/FabricGateway] 	Successfully connected user with identity _WholesalersMSP_User5 to a Network Gateway
2026.08.11-09:18:24.552[32m info [39m [caliper] [connectors/v2/FabricGateway] 	Generating contract map for user _WholesalersMSP_User5
2026.08.11-09:18:24.567[32m info [39m [caliper] [connectors/v2/FabricGateway] 	Successfully connected user with identity _WholesalersMSP_User5 to a Network Gateway
2026.08.11-09:18:24.568[32m info [39m [caliper] [connectors/v2/FabricGateway] 	Generating contract map for user _WholesalersMSP_User5
2026.08.11-09:18:24.580[32m info [39m [caliper] [connectors/v2/FabricGateway] 	Successfully connected user with identity _WholesalersMSP_User5 to a Network Gateway
2026.08.11-09:18:24.580[32m info [39m [caliper] [connectors/v2/FabricGateway] 	Generating contract map for user _WholesalersMSP_User5
2026.08.11-09:18:24.581[32m info [39m [caliper] [connectors/v2/FabricGateway] 	Successfully connected user with identity _WholesalersMSP_User5 to a Network Gateway
2026.08.11-09:18:24.581[32m info [39m [caliper] [connectors/v2/FabricGateway] 	Generating contract map for user _WholesalersMSP_User5
2026.08.11-09:18:24.602[32m info [39m [caliper] [connectors/v2/FabricGateway] 	Connecting user with identity _RetailersMSP_User0 to a Network Gateway
2026.08.11-09:18:24.603[32m info [39m [caliper] [connectors/v2/FabricGateway] 	Connecting user with identity _RetailersMSP_User0 to a Network Gateway
2026.08.11-09:18:24.621[32m info [39m [caliper] [connectors/v2/FabricGateway] 	Connecting user with identity _RetailersMSP_User0 to a Network Gateway
2026.08.11-09:18:24.630[32m info [39m [caliper] [connectors/v2/FabricGateway] 	Connecting user with identity _RetailersMSP_User0 to a Network Gateway
2026.08.11-09:18:24.631[32m info [39m [caliper] [connectors/v2/FabricGateway] 	Connecting user with identity _RetailersMSP_User0 to a Network Gateway
2026.08.11-09:18:24.665[32m info [39m [caliper] [connectors/v2/FabricGateway] 	Successfully connected user with identity _RetailersMSP_User0 to a Network Gateway
2026.08.11-09:18:24.666[32m info [39m [caliper] [connectors/v2/FabricGateway] 	Generating contract map for user _RetailersMSP_User0
2026.08.11-09:18:24.667[32m info [39m [caliper] [connectors/v2/FabricGateway] 	Successfully connected user with identity _RetailersMSP_User0 to a Network Gateway
2026.08.11-09:18:24.667[32m info [39m [caliper] [connectors/v2/FabricGateway] 	Generating contract map for user _RetailersMSP_User0
2026.08.11-09:18:24.683[32m info [39m [caliper] [connectors/v2/FabricGateway] 	Successfully connected user with identity _RetailersMSP_User0 to a Network Gateway
2026.08.11-09:18:24.684[32m info [39m [caliper] [connectors/v2/FabricGateway] 	Generating contract map for user _RetailersMSP_User0
2026.08.11-09:18:24.697[32m info [39m [caliper] [connectors/v2/FabricGateway] 	Successfully connected user with identity _RetailersMSP_User0 to a Network Gateway
2026.08.11-09:18:24.698[32m info [39m [caliper] [connectors/v2/FabricGateway] 	Generating contract map for user _RetailersMSP_User0
2026.08.11-09:18:24.702[32m info [39m [caliper] [connectors/v2/FabricGateway] 	Successfully connected user with identity _RetailersMSP_User0 to a Network Gateway
2026.08.11-09:18:24.702[32m info [39m [caliper] [connectors/v2/FabricGateway] 	Generating contract map for user _RetailersMSP_User0
2026.08.11-09:18:24.719[32m info [39m [caliper] [connectors/v2/FabricGateway] 	Connecting user with identity _RetailersMSP_User1 to a Network Gateway
2026.08.11-09:18:24.722[32m info [39m [caliper] [connectors/v2/FabricGateway] 	Connecting user with identity _RetailersMSP_User1 to a Network Gateway
2026.08.11-09:18:24.741[32m info [39m [caliper] [connectors/v2/FabricGateway] 	Connecting user with identity _RetailersMSP_User1 to a Network Gateway
2026.08.11-09:18:24.752[32m info [39m [caliper] [connectors/v2/FabricGateway] 	Connecting user with identity _RetailersMSP_User1 to a Network Gateway
2026.08.11-09:18:24.757[32m info [39m [caliper] [connectors/v2/FabricGateway] 	Connecting user with identity _RetailersMSP_User1 to a Network Gateway
2026.08.11-09:18:24.790[32m info [39m [caliper] [connectors/v2/FabricGateway] 	Successfully connected user with identity _RetailersMSP_User1 to a Network Gateway
2026.08.11-09:18:24.790[32m info [39m [caliper] [connectors/v2/FabricGateway] 	Generating contract map for user _RetailersMSP_User1
2026.08.11-09:18:24.793[32m info [39m [caliper] [connectors/v2/FabricGateway] 	Successfully connected user with identity _RetailersMSP_User1 to a Network Gateway
2026.08.11-09:18:24.794[32m info [39m [caliper] [connectors/v2/FabricGateway] 	Generating contract map for user _RetailersMSP_User1
2026.08.11-09:18:24.808[32m info [39m [caliper] [connectors/v2/FabricGateway] 	Successfully connected user with identity _RetailersMSP_User1 to a Network Gateway
2026.08.11-09:18:24.808[32m info [39m [caliper] [connectors/v2/FabricGateway] 	Generating contract map for user _RetailersMSP_User1
2026.08.11-09:18:24.828[32m info [39m [caliper] [connectors/v2/FabricGateway] 	Successfully connected user with identity _RetailersMSP_User1 to a Network Gateway
2026.08.11-09:18:24.828[32m info [39m [caliper] [connectors/v2/FabricGateway] 	Generating contract map for user _RetailersMSP_User1
2026.08.11-09:18:24.834[32m info [39m [caliper] [connectors/v2/FabricGateway] 	Successfully connected user with identity _RetailersMSP_User1 to a Network Gateway
2026.08.11-09:18:24.834[32m info [39m [caliper] [connectors/v2/FabricGateway] 	Generating contract map for user _RetailersMSP_User1
2026.08.11-09:18:24.842[32m info [39m [caliper] [connectors/v2/FabricGateway] 	Connecting user with identity _RetailersMSP_User2 to a Network Gateway
2026.08.11-09:18:24.846[32m info [39m [caliper] [connectors/v2/FabricGateway] 	Connecting user with identity _RetailersMSP_User2 to a Network Gateway
2026.08.11-09:18:24.861[32m info [39m [caliper] [connectors/v2/FabricGateway] 	Connecting user with identity _RetailersMSP_User2 to a Network Gateway
2026.08.11-09:18:24.881[32m info [39m [caliper] [connectors/v2/FabricGateway] 	Connecting user with identity _RetailersMSP_User2 to a Network Gateway
2026.08.11-09:18:24.887[32m info [39m [caliper] [connectors/v2/FabricGateway] 	Connecting user with identity _RetailersMSP_User2 to a Network Gateway
2026.08.11-09:18:24.909[32m info [39m [caliper] [connectors/v2/FabricGateway] 	Successfully connected user with identity _RetailersMSP_User2 to a Network Gateway
2026.08.11-09:18:24.909[32m info [39m [caliper] [connectors/v2/FabricGateway] 	Generating contract map for user _RetailersMSP_User2
2026.08.11-09:18:24.910[32m info [39m [caliper] [connectors/v2/FabricGateway] 	Successfully connected user with identity _RetailersMSP_User2 to a Network Gateway
2026.08.11-09:18:24.911[32m info [39m [caliper] [connectors/v2/FabricGateway] 	Generating contract map for user _RetailersMSP_User2
2026.08.11-09:18:24.925[32m info [39m [caliper] [connectors/v2/FabricGateway] 	Successfully connected user with identity _RetailersMSP_User2 to a Network Gateway
2026.08.11-09:18:24.926[32m info [39m [caliper] [connectors/v2/FabricGateway] 	Generating contract map for user _RetailersMSP_User2
2026.08.11-09:18:24.949[32m info [39m [caliper] [connectors/v2/FabricGateway] 	Successfully connected user with identity _RetailersMSP_User2 to a Network Gateway
2026.08.11-09:18:24.950[32m info [39m [caliper] [connectors/v2/FabricGateway] 	Generating contract map for user _RetailersMSP_User2
2026.08.11-09:18:24.951[32m info [39m [caliper] [connectors/v2/FabricGateway] 	Successfully connected user with identity _RetailersMSP_User2 to a Network Gateway
2026.08.11-09:18:24.951[32m info [39m [caliper] [connectors/v2/FabricGateway] 	Generating contract map for user _RetailersMSP_User2
2026.08.11-09:18:24.962[32m info [39m [caliper] [connectors/v2/FabricGateway] 	Connecting user with identity _RetailersMSP_User3 to a Network Gateway
2026.08.11-09:18:24.963[32m info [39m [caliper] [connectors/v2/FabricGateway] 	Connecting user with identity _RetailersMSP_User3 to a Network Gateway
2026.08.11-09:18:24.978[32m info [39m [caliper] [connectors/v2/FabricGateway] 	Connecting user with identity _RetailersMSP_User3 to a Network Gateway
2026.08.11-09:18:25.002[32m info [39m [caliper] [connectors/v2/FabricGateway] 	Connecting user with identity _RetailersMSP_User3 to a Network Gateway
2026.08.11-09:18:25.005[32m info [39m [caliper] [connectors/v2/FabricGateway] 	Connecting user with identity _RetailersMSP_User3 to a Network Gateway
2026.08.11-09:18:25.033[32m info [39m [caliper] [connectors/v2/FabricGateway] 	Successfully connected user with identity _RetailersMSP_User3 to a Network Gateway
2026.08.11-09:18:25.033[32m info [39m [caliper] [connectors/v2/FabricGateway] 	Generating contract map for user _RetailersMSP_User3
2026.08.11-09:18:25.034[32m info [39m [caliper] [connectors/v2/FabricGateway] 	Successfully connected user with identity _RetailersMSP_User3 to a Network Gateway
2026.08.11-09:18:25.034[32m info [39m [caliper] [connectors/v2/FabricGateway] 	Generating contract map for user _RetailersMSP_User3
2026.08.11-09:18:25.048[32m info [39m [caliper] [connectors/v2/FabricGateway] 	Successfully connected user with identity _RetailersMSP_User3 to a Network Gateway
2026.08.11-09:18:25.049[32m info [39m [caliper] [connectors/v2/FabricGateway] 	Generating contract map for user _RetailersMSP_User3
2026.08.11-09:18:25.071[32m info [39m [caliper] [connectors/v2/FabricGateway] 	Successfully connected user with identity _RetailersMSP_User3 to a Network Gateway
2026.08.11-09:18:25.072[32m info [39m [caliper] [connectors/v2/FabricGateway] 	Generating contract map for user _RetailersMSP_User3
2026.08.11-09:18:25.083[32m info [39m [caliper] [connectors/v2/FabricGateway] 	Successfully connected user with identity _RetailersMSP_User3 to a Network Gateway
2026.08.11-09:18:25.084[32m info [39m [caliper] [connectors/v2/FabricGateway] 	Generating contract map for user _RetailersMSP_User3
2026.08.11-09:18:25.085[32m info [39m [caliper] [connectors/v2/FabricGateway] 	Connecting user with identity _RetailersMSP_User4 to a Network Gateway
2026.08.11-09:18:25.085[32m info [39m [caliper] [connectors/v2/FabricGateway] 	Connecting user with identity _RetailersMSP_User4 to a Network Gateway
2026.08.11-09:18:25.101[32m info [39m [caliper] [connectors/v2/FabricGateway] 	Connecting user with identity _RetailersMSP_User4 to a Network Gateway
2026.08.11-09:18:25.128[32m info [39m [caliper] [connectors/v2/FabricGateway] 	Connecting user with identity _RetailersMSP_User4 to a Network Gateway
2026.08.11-09:18:25.143[32m info [39m [caliper] [connectors/v2/FabricGateway] 	Connecting user with identity _RetailersMSP_User4 to a Network Gateway
2026.08.11-09:18:25.152[32m info [39m [caliper] [connectors/v2/FabricGateway] 	Successfully connected user with identity _RetailersMSP_User4 to a Network Gateway
2026.08.11-09:18:25.153[32m info [39m [caliper] [connectors/v2/FabricGateway] 	Generating contract map for user _RetailersMSP_User4
2026.08.11-09:18:25.155[32m info [39m [caliper] [connectors/v2/FabricGateway] 	Successfully connected user with identity _RetailersMSP_User4 to a Network Gateway
2026.08.11-09:18:25.156[32m info [39m [caliper] [connectors/v2/FabricGateway] 	Generating contract map for user _RetailersMSP_User4
2026.08.11-09:18:25.167[32m info [39m [caliper] [connectors/v2/FabricGateway] 	Successfully connected user with identity _RetailersMSP_User4 to a Network Gateway
2026.08.11-09:18:25.168[32m info [39m [caliper] [connectors/v2/FabricGateway] 	Generating contract map for user _RetailersMSP_User4
2026.08.11-09:18:25.197[32m info [39m [caliper] [connectors/v2/FabricGateway] 	Successfully connected user with identity _RetailersMSP_User4 to a Network Gateway
2026.08.11-09:18:25.197[32m info [39m [caliper] [connectors/v2/FabricGateway] 	Generating contract map for user _RetailersMSP_User4
2026.08.11-09:18:25.209[32m info [39m [caliper] [connectors/v2/FabricGateway] 	Connecting user with identity _RetailersMSP_User5 to a Network Gateway
2026.08.11-09:18:25.214[32m info [39m [caliper] [connectors/v2/FabricGateway] 	Successfully connected user with identity _RetailersMSP_User4 to a Network Gateway
2026.08.11-09:18:25.214[32m info [39m [caliper] [connectors/v2/FabricGateway] 	Generating contract map for user _RetailersMSP_User4
2026.08.11-09:18:25.217[32m info [39m [caliper] [connectors/v2/FabricGateway] 	Connecting user with identity _RetailersMSP_User5 to a Network Gateway
2026.08.11-09:18:25.225[32m info [39m [caliper] [connectors/v2/FabricGateway] 	Connecting user with identity _RetailersMSP_User5 to a Network Gateway
2026.08.11-09:18:25.246[32m info [39m [caliper] [connectors/v2/FabricGateway] 	Connecting user with identity _RetailersMSP_User5 to a Network Gateway
2026.08.11-09:18:25.261[32m info [39m [caliper] [connectors/v2/FabricGateway] 	Connecting user with identity _RetailersMSP_User5 to a Network Gateway
2026.08.11-09:18:25.275[32m info [39m [caliper] [connectors/v2/FabricGateway] 	Successfully connected user with identity _RetailersMSP_User5 to a Network Gateway
2026.08.11-09:18:25.276[32m info [39m [caliper] [connectors/v2/FabricGateway] 	Generating contract map for user _RetailersMSP_User5
2026.08.11-09:18:25.278[32m info [39m [caliper] [connectors/v2/FabricGateway] 	Successfully connected user with identity _RetailersMSP_User5 to a Network Gateway
2026.08.11-09:18:25.278[32m info [39m [caliper] [connectors/v2/FabricGateway] 	Generating contract map for user _RetailersMSP_User5
2026.08.11-09:18:25.288[32m info [39m [caliper] [connectors/v2/FabricGateway] 	Successfully connected user with identity _RetailersMSP_User5 to a Network Gateway
2026.08.11-09:18:25.288[32m info [39m [caliper] [connectors/v2/FabricGateway] 	Generating contract map for user _RetailersMSP_User5
2026.08.11-09:18:25.313[32m info [39m [caliper] [connectors/v2/FabricGateway] 	Successfully connected user with identity _RetailersMSP_User5 to a Network Gateway
2026.08.11-09:18:25.314[32m info [39m [caliper] [connectors/v2/FabricGateway] 	Generating contract map for user _RetailersMSP_User5
2026.08.11-09:18:25.334[32m info [39m [caliper] [connectors/v2/FabricGateway] 	Connecting user with identity _ConsumersMSP_User0 to a Network Gateway
2026.08.11-09:18:25.335[32m info [39m [caliper] [connectors/v2/FabricGateway] 	Successfully connected user with identity _RetailersMSP_User5 to a Network Gateway
2026.08.11-09:18:25.335[32m info [39m [caliper] [connectors/v2/FabricGateway] 	Generating contract map for user _RetailersMSP_User5
2026.08.11-09:18:25.336[32m info [39m [caliper] [connectors/v2/FabricGateway] 	Connecting user with identity _ConsumersMSP_User0 to a Network Gateway
2026.08.11-09:18:25.346[32m info [39m [caliper] [connectors/v2/FabricGateway] 	Connecting user with identity _ConsumersMSP_User0 to a Network Gateway
2026.08.11-09:18:25.378[32m info [39m [caliper] [connectors/v2/FabricGateway] 	Connecting user with identity _ConsumersMSP_User0 to a Network Gateway
2026.08.11-09:18:25.391[32m info [39m [caliper] [connectors/v2/FabricGateway] 	Connecting user with identity _ConsumersMSP_User0 to a Network Gateway
2026.08.11-09:18:25.406[32m info [39m [caliper] [connectors/v2/FabricGateway] 	Successfully connected user with identity _ConsumersMSP_User0 to a Network Gateway
2026.08.11-09:18:25.406[32m info [39m [caliper] [connectors/v2/FabricGateway] 	Generating contract map for user _ConsumersMSP_User0
2026.08.11-09:18:25.412[32m info [39m [caliper] [connectors/v2/FabricGateway] 	Successfully connected user with identity _ConsumersMSP_User0 to a Network Gateway
2026.08.11-09:18:25.412[32m info [39m [caliper] [connectors/v2/FabricGateway] 	Generating contract map for user _ConsumersMSP_User0
2026.08.11-09:18:25.420[32m info [39m [caliper] [connectors/v2/FabricGateway] 	Successfully connected user with identity _ConsumersMSP_User0 to a Network Gateway
2026.08.11-09:18:25.420[32m info [39m [caliper] [connectors/v2/FabricGateway] 	Generating contract map for user _ConsumersMSP_User0
2026.08.11-09:18:25.452[32m info [39m [caliper] [connectors/v2/FabricGateway] 	Successfully connected user with identity _ConsumersMSP_User0 to a Network Gateway
2026.08.11-09:18:25.452[32m info [39m [caliper] [connectors/v2/FabricGateway] 	Generating contract map for user _ConsumersMSP_User0
2026.08.11-09:18:25.461[32m info [39m [caliper] [connectors/v2/FabricGateway] 	Successfully connected user with identity _ConsumersMSP_User0 to a Network Gateway
2026.08.11-09:18:25.461[32m info [39m [caliper] [connectors/v2/FabricGateway] 	Generating contract map for user _ConsumersMSP_User0
2026.08.11-09:18:25.466[32m info [39m [caliper] [connectors/v2/FabricGateway] 	Connecting user with identity _ConsumersMSP_User1 to a Network Gateway
2026.08.11-09:18:25.466[32m info [39m [caliper] [connectors/v2/FabricGateway] 	Connecting user with identity _ConsumersMSP_User1 to a Network Gateway
2026.08.11-09:18:25.476[32m info [39m [caliper] [connectors/v2/FabricGateway] 	Connecting user with identity _ConsumersMSP_User1 to a Network Gateway
2026.08.11-09:18:25.503[32m info [39m [caliper] [connectors/v2/FabricGateway] 	Connecting user with identity _ConsumersMSP_User1 to a Network Gateway
2026.08.11-09:18:25.511[32m info [39m [caliper] [connectors/v2/FabricGateway] 	Connecting user with identity _ConsumersMSP_User1 to a Network Gateway
2026.08.11-09:18:25.530[32m info [39m [caliper] [connectors/v2/FabricGateway] 	Successfully connected user with identity _ConsumersMSP_User1 to a Network Gateway
2026.08.11-09:18:25.531[32m info [39m [caliper] [connectors/v2/FabricGateway] 	Generating contract map for user _ConsumersMSP_User1
2026.08.11-09:18:25.532[32m info [39m [caliper] [connectors/v2/FabricGateway] 	Successfully connected user with identity _ConsumersMSP_User1 to a Network Gateway
2026.08.11-09:18:25.532[32m info [39m [caliper] [connectors/v2/FabricGateway] 	Generating contract map for user _ConsumersMSP_User1
2026.08.11-09:18:25.548[32m info [39m [caliper] [connectors/v2/FabricGateway] 	Successfully connected user with identity _ConsumersMSP_User1 to a Network Gateway
2026.08.11-09:18:25.548[32m info [39m [caliper] [connectors/v2/FabricGateway] 	Generating contract map for user _ConsumersMSP_User1
2026.08.11-09:18:25.565[32m info [39m [caliper] [connectors/v2/FabricGateway] 	Successfully connected user with identity _ConsumersMSP_User1 to a Network Gateway
2026.08.11-09:18:25.565[32m info [39m [caliper] [connectors/v2/FabricGateway] 	Generating contract map for user _ConsumersMSP_User1
2026.08.11-09:18:25.579[32m info [39m [caliper] [connectors/v2/FabricGateway] 	Successfully connected user with identity _ConsumersMSP_User1 to a Network Gateway
2026.08.11-09:18:25.579[32m info [39m [caliper] [connectors/v2/FabricGateway] 	Generating contract map for user _ConsumersMSP_User1
2026.08.11-09:18:25.600[32m info [39m [caliper] [connectors/v2/FabricGateway] 	Connecting user with identity _ConsumersMSP_User2 to a Network Gateway
2026.08.11-09:18:25.600[32m info [39m [caliper] [connectors/v2/FabricGateway] 	Connecting user with identity _ConsumersMSP_User2 to a Network Gateway
2026.08.11-09:18:25.615[32m info [39m [caliper] [connectors/v2/FabricGateway] 	Connecting user with identity _ConsumersMSP_User2 to a Network Gateway
2026.08.11-09:18:25.635[32m info [39m [caliper] [connectors/v2/FabricGateway] 	Connecting user with identity _ConsumersMSP_User2 to a Network Gateway
2026.08.11-09:18:25.643[32m info [39m [caliper] [connectors/v2/FabricGateway] 	Connecting user with identity _ConsumersMSP_User2 to a Network Gateway
2026.08.11-09:18:25.662[32m info [39m [caliper] [connectors/v2/FabricGateway] 	Successfully connected user with identity _ConsumersMSP_User2 to a Network Gateway
2026.08.11-09:18:25.663[32m info [39m [caliper] [connectors/v2/FabricGateway] 	Generating contract map for user _ConsumersMSP_User2
2026.08.11-09:18:25.665[32m info [39m [caliper] [connectors/v2/FabricGateway] 	Successfully connected user with identity _ConsumersMSP_User2 to a Network Gateway
2026.08.11-09:18:25.665[32m info [39m [caliper] [connectors/v2/FabricGateway] 	Generating contract map for user _ConsumersMSP_User2
2026.08.11-09:18:25.674[32m info [39m [caliper] [connectors/v2/FabricGateway] 	Successfully connected user with identity _ConsumersMSP_User2 to a Network Gateway
2026.08.11-09:18:25.674[32m info [39m [caliper] [connectors/v2/FabricGateway] 	Generating contract map for user _ConsumersMSP_User2
2026.08.11-09:18:25.703[32m info [39m [caliper] [connectors/v2/FabricGateway] 	Successfully connected user with identity _ConsumersMSP_User2 to a Network Gateway
2026.08.11-09:18:25.703[32m info [39m [caliper] [connectors/v2/FabricGateway] 	Generating contract map for user _ConsumersMSP_User2
2026.08.11-09:18:25.712[32m info [39m [caliper] [connectors/v2/FabricGateway] 	Connecting user with identity _ConsumersMSP_User3 to a Network Gateway
2026.08.11-09:18:25.712[32m info [39m [caliper] [connectors/v2/FabricGateway] 	Connecting user with identity _ConsumersMSP_User3 to a Network Gateway
2026.08.11-09:18:25.712[32m info [39m [caliper] [connectors/v2/FabricGateway] 	Successfully connected user with identity _ConsumersMSP_User2 to a Network Gateway
2026.08.11-09:18:25.713[32m info [39m [caliper] [connectors/v2/FabricGateway] 	Generating contract map for user _ConsumersMSP_User2
2026.08.11-09:18:25.725[32m info [39m [caliper] [connectors/v2/FabricGateway] 	Connecting user with identity _ConsumersMSP_User3 to a Network Gateway
2026.08.11-09:18:25.753[32m info [39m [caliper] [connectors/v2/FabricGateway] 	Connecting user with identity _ConsumersMSP_User3 to a Network Gateway
2026.08.11-09:18:25.769[32m info [39m [caliper] [connectors/v2/FabricGateway] 	Connecting user with identity _ConsumersMSP_User3 to a Network Gateway
2026.08.11-09:18:25.783[32m info [39m [caliper] [connectors/v2/FabricGateway] 	Successfully connected user with identity _ConsumersMSP_User3 to a Network Gateway
2026.08.11-09:18:25.783[32m info [39m [caliper] [connectors/v2/FabricGateway] 	Generating contract map for user _ConsumersMSP_User3
2026.08.11-09:18:25.790[32m info [39m [caliper] [connectors/v2/FabricGateway] 	Successfully connected user with identity _ConsumersMSP_User3 to a Network Gateway
2026.08.11-09:18:25.790[32m info [39m [caliper] [connectors/v2/FabricGateway] 	Generating contract map for user _ConsumersMSP_User3
2026.08.11-09:18:25.792[32m info [39m [caliper] [connectors/v2/FabricGateway] 	Successfully connected user with identity _ConsumersMSP_User3 to a Network Gateway
2026.08.11-09:18:25.792[32m info [39m [caliper] [connectors/v2/FabricGateway] 	Generating contract map for user _ConsumersMSP_User3
2026.08.11-09:18:25.829[32m info [39m [caliper] [connectors/v2/FabricGateway] 	Successfully connected user with identity _ConsumersMSP_User3 to a Network Gateway
2026.08.11-09:18:25.829[32m info [39m [caliper] [connectors/v2/FabricGateway] 	Generating contract map for user _ConsumersMSP_User3
2026.08.11-09:18:25.835[32m info [39m [caliper] [connectors/v2/FabricGateway] 	Successfully connected user with identity _ConsumersMSP_User3 to a Network Gateway
2026.08.11-09:18:25.835[32m info [39m [caliper] [connectors/v2/FabricGateway] 	Generating contract map for user _ConsumersMSP_User3
2026.08.11-09:18:25.840[32m info [39m [caliper] [connectors/v2/FabricGateway] 	Connecting user with identity _ConsumersMSP_User4 to a Network Gateway
2026.08.11-09:18:25.850[32m info [39m [caliper] [connectors/v2/FabricGateway] 	Connecting user with identity _ConsumersMSP_User4 to a Network Gateway
2026.08.11-09:18:25.852[32m info [39m [caliper] [connectors/v2/FabricGateway] 	Connecting user with identity _ConsumersMSP_User4 to a Network Gateway
2026.08.11-09:18:25.879[32m info [39m [caliper] [connectors/v2/FabricGateway] 	Connecting user with identity _ConsumersMSP_User4 to a Network Gateway
2026.08.11-09:18:25.884[32m info [39m [caliper] [connectors/v2/FabricGateway] 	Connecting user with identity _ConsumersMSP_User4 to a Network Gateway
2026.08.11-09:18:25.902[32m info [39m [caliper] [connectors/v2/FabricGateway] 	Successfully connected user with identity _ConsumersMSP_User4 to a Network Gateway
2026.08.11-09:18:25.902[32m info [39m [caliper] [connectors/v2/FabricGateway] 	Generating contract map for user _ConsumersMSP_User4
2026.08.11-09:18:25.913[32m info [39m [caliper] [connectors/v2/FabricGateway] 	Successfully connected user with identity _ConsumersMSP_User4 to a Network Gateway
2026.08.11-09:18:25.913[32m info [39m [caliper] [connectors/v2/FabricGateway] 	Generating contract map for user _ConsumersMSP_User4
2026.08.11-09:18:25.914[32m info [39m [caliper] [connectors/v2/FabricGateway] 	Successfully connected user with identity _ConsumersMSP_User4 to a Network Gateway
2026.08.11-09:18:25.914[32m info [39m [caliper] [connectors/v2/FabricGateway] 	Generating contract map for user _ConsumersMSP_User4
2026.08.11-09:18:25.943[32m info [39m [caliper] [connectors/v2/FabricGateway] 	Successfully connected user with identity _ConsumersMSP_User4 to a Network Gateway
2026.08.11-09:18:25.943[32m info [39m [caliper] [connectors/v2/FabricGateway] 	Generating contract map for user _ConsumersMSP_User4
2026.08.11-09:18:25.946[32m info [39m [caliper] [connectors/v2/FabricGateway] 	Successfully connected user with identity _ConsumersMSP_User4 to a Network Gateway
2026.08.11-09:18:25.946[32m info [39m [caliper] [connectors/v2/FabricGateway] 	Generating contract map for user _ConsumersMSP_User4
2026.08.11-09:18:25.953[32m info [39m [caliper] [connectors/v2/FabricGateway] 	Connecting user with identity _ConsumersMSP_User5 to a Network Gateway
2026.08.11-09:18:25.963[32m info [39m [caliper] [connectors/v2/FabricGateway] 	Connecting user with identity _ConsumersMSP_User5 to a Network Gateway
2026.08.11-09:18:25.964[32m info [39m [caliper] [connectors/v2/FabricGateway] 	Connecting user with identity _ConsumersMSP_User5 to a Network Gateway
2026.08.11-09:18:25.993[32m info [39m [caliper] [connectors/v2/FabricGateway] 	Connecting user with identity _ConsumersMSP_User5 to a Network Gateway
2026.08.11-09:18:25.994[32m info [39m [caliper] [connectors/v2/FabricGateway] 	Connecting user with identity _ConsumersMSP_User5 to a Network Gateway
2026.08.11-09:18:26.019[32m info [39m [caliper] [connectors/v2/FabricGateway] 	Successfully connected user with identity _ConsumersMSP_User5 to a Network Gateway
2026.08.11-09:18:26.019[32m info [39m [caliper] [connectors/v2/FabricGateway] 	Generating contract map for user _ConsumersMSP_User5
2026.08.11-09:18:26.028[32m info [39m [caliper] [connectors/v2/FabricGateway] 	Successfully connected user with identity _ConsumersMSP_User5 to a Network Gateway
2026.08.11-09:18:26.028[32m info [39m [caliper] [connectors/v2/FabricGateway] 	Generating contract map for user _ConsumersMSP_User5
2026.08.11-09:18:26.037[32m info [39m [caliper] [connectors/v2/FabricGateway] 	Successfully connected user with identity _ConsumersMSP_User5 to a Network Gateway
2026.08.11-09:18:26.037[32m info [39m [caliper] [connectors/v2/FabricGateway] 	Generating contract map for user _ConsumersMSP_User5
2026.08.11-09:18:26.059[32m info [39m [caliper] [connectors/v2/FabricGateway] 	Successfully connected user with identity _ConsumersMSP_User5 to a Network Gateway
2026.08.11-09:18:26.059[32m info [39m [caliper] [connectors/v2/FabricGateway] 	Generating contract map for user _ConsumersMSP_User5
2026.08.11-09:18:26.060[32m info [39m [caliper] [connectors/v2/FabricGateway] 	Successfully connected user with identity _ConsumersMSP_User5 to a Network Gateway
2026.08.11-09:18:26.061[32m info [39m [caliper] [connectors/v2/FabricGateway] 	Generating contract map for user _ConsumersMSP_User5
2026.08.11-09:18:26.075[32m info [39m [caliper] [caliper-worker] 	Info: worker 2 prepare test phase for round 0 is starting...
2026.08.11-09:18:26.079[32m info [39m [caliper] [caliper-worker] 	Info: worker 3 prepare test phase for round 0 is starting...
2026.08.11-09:18:26.094[32m info [39m [caliper] [caliper-worker] 	Info: worker 1 prepare test phase for round 0 is starting...
2026.08.11-09:18:26.113[32m info [39m [caliper] [caliper-worker] 	Info: worker 4 prepare test phase for round 0 is starting...
2026.08.11-09:18:26.115[32m info [39m [caliper] [caliper-worker] 	Info: worker 0 prepare test phase for round 0 is starting...
Worker 3: Cached 93 open auctions for closing
2026.08.11-09:18:26.560[32m info [39m [caliper] [connectors/v2/FabricGateway] 	disconnecting gateway for user User0
2026.08.11-09:18:26.561[32m info [39m [caliper] [connectors/v2/FabricGateway] 	disconnecting gateway for user User1
2026.08.11-09:18:26.562[32m info [39m [caliper] [connectors/v2/FabricGateway] 	disconnecting gateway for user User2
2026.08.11-09:18:26.563[32m info [39m [caliper] [connectors/v2/FabricGateway] 	disconnecting gateway for user User3
2026.08.11-09:18:26.564[32m info [39m [caliper] [connectors/v2/FabricGateway] 	disconnecting gateway for user User4
2026.08.11-09:18:26.564[32m info [39m [caliper] [connectors/v2/FabricGateway] 	disconnecting gateway for user User5
2026.08.11-09:18:26.565[32m info [39m [caliper] [connectors/v2/FabricGateway] 	disconnecting gateway for user _AuctioncentersMSP_User0
2026.08.11-09:18:26.566[32m info [39m [caliper] [connectors/v2/FabricGateway] 	disconnecting gateway for user _AuctioncentersMSP_User1
2026.08.11-09:18:26.566[32m info [39m [caliper] [connectors/v2/FabricGateway] 	disconnecting gateway for user _AuctioncentersMSP_User2
2026.08.11-09:18:26.567[32m info [39m [caliper] [connectors/v2/FabricGateway] 	disconnecting gateway for user _AuctioncentersMSP_User3
2026.08.11-09:18:26.567[32m info [39m [caliper] [connectors/v2/FabricGateway] 	disconnecting gateway for user _AuctioncentersMSP_User4
2026.08.11-09:18:26.568[32m info [39m [caliper] [connectors/v2/FabricGateway] 	disconnecting gateway for user _AuctioncentersMSP_User5
2026.08.11-09:18:26.568[32m info [39m [caliper] [connectors/v2/FabricGateway] 	disconnecting gateway for user _WholesalersMSP_User0
2026.08.11-09:18:26.569[32m info [39m [caliper] [connectors/v2/FabricGateway] 	disconnecting gateway for user _WholesalersMSP_User1
2026.08.11-09:18:26.569[32m info [39m [caliper] [connectors/v2/FabricGateway] 	disconnecting gateway for user _WholesalersMSP_User2
2026.08.11-09:18:26.570[32m info [39m [caliper] [connectors/v2/FabricGateway] 	disconnecting gateway for user _WholesalersMSP_User3
Worker 2: Cached 88 open auctions for closing
2026.08.11-09:18:26.570[32m info [39m [caliper] [connectors/v2/FabricGateway] 	disconnecting gateway for user _WholesalersMSP_User4
2026.08.11-09:18:26.571[32m info [39m [caliper] [connectors/v2/FabricGateway] 	disconnecting gateway for user User0
2026.08.11-09:18:26.571[32m info [39m [caliper] [connectors/v2/FabricGateway] 	disconnecting gateway for user _WholesalersMSP_User5
2026.08.11-09:18:26.572[32m info [39m [caliper] [connectors/v2/FabricGateway] 	disconnecting gateway for user _RetailersMSP_User0
2026.08.11-09:18:26.573[32m info [39m [caliper] [connectors/v2/FabricGateway] 	disconnecting gateway for user _RetailersMSP_User1
2026.08.11-09:18:26.573[32m info [39m [caliper] [connectors/v2/FabricGateway] 	disconnecting gateway for user _RetailersMSP_User2
2026.08.11-09:18:26.573[32m info [39m [caliper] [connectors/v2/FabricGateway] 	disconnecting gateway for user User1
2026.08.11-09:18:26.573[32m info [39m [caliper] [connectors/v2/FabricGateway] 	disconnecting gateway for user _RetailersMSP_User3
2026.08.11-09:18:26.573[32m info [39m [caliper] [connectors/v2/FabricGateway] 	disconnecting gateway for user User2
2026.08.11-09:18:26.574[32m info [39m [caliper] [connectors/v2/FabricGateway] 	disconnecting gateway for user User3
2026.08.11-09:18:26.574[32m info [39m [caliper] [connectors/v2/FabricGateway] 	disconnecting gateway for user _RetailersMSP_User4
2026.08.11-09:18:26.574[32m info [39m [caliper] [connectors/v2/FabricGateway] 	disconnecting gateway for user _RetailersMSP_User5
2026.08.11-09:18:26.574[32m info [39m [caliper] [connectors/v2/FabricGateway] 	disconnecting gateway for user User4
2026.08.11-09:18:26.575[32m info [39m [caliper] [connectors/v2/FabricGateway] 	disconnecting gateway for user _ConsumersMSP_User0
2026.08.11-09:18:26.575[32m info [39m [caliper] [connectors/v2/FabricGateway] 	disconnecting gateway for user User5
2026.08.11-09:18:26.575[32m info [39m [caliper] [connectors/v2/FabricGateway] 	disconnecting gateway for user _ConsumersMSP_User1
2026.08.11-09:18:26.575[32m info [39m [caliper] [connectors/v2/FabricGateway] 	disconnecting gateway for user _AuctioncentersMSP_User0
2026.08.11-09:18:26.576[32m info [39m [caliper] [connectors/v2/FabricGateway] 	disconnecting gateway for user _ConsumersMSP_User2
2026.08.11-09:18:26.576[32m info [39m [caliper] [connectors/v2/FabricGateway] 	disconnecting gateway for user _AuctioncentersMSP_User1
2026.08.11-09:18:26.576[32m info [39m [caliper] [connectors/v2/FabricGateway] 	disconnecting gateway for user _ConsumersMSP_User3
2026.08.11-09:18:26.576[32m info [39m [caliper] [connectors/v2/FabricGateway] 	disconnecting gateway for user _ConsumersMSP_User4
2026.08.11-09:18:26.577[32m info [39m [caliper] [connectors/v2/FabricGateway] 	disconnecting gateway for user _AuctioncentersMSP_User2
2026.08.11-09:18:26.577[32m info [39m [caliper] [connectors/v2/FabricGateway] 	disconnecting gateway for user _ConsumersMSP_User5
2026.08.11-09:18:26.577[32m info [39m [caliper] [caliper-worker] 	Info: worker 3 prepare test phase for round 0 is completed
2026.08.11-09:18:26.577[32m info [39m [caliper] [connectors/v2/FabricGateway] 	disconnecting gateway for user _AuctioncentersMSP_User3
2026.08.11-09:18:26.578[32m info [39m [caliper] [worker-message-handler] 	Worker#3 prepared for Round#0
2026.08.11-09:18:26.578[32m info [39m [caliper] [connectors/v2/FabricGateway] 	disconnecting gateway for user _AuctioncentersMSP_User4
2026.08.11-09:18:26.578[32m info [39m [caliper] [connectors/v2/FabricGateway] 	disconnecting gateway for user _AuctioncentersMSP_User5
2026.08.11-09:18:26.579[32m info [39m [caliper] [connectors/v2/FabricGateway] 	disconnecting gateway for user _WholesalersMSP_User0
2026.08.11-09:18:26.580[32m info [39m [caliper] [connectors/v2/FabricGateway] 	disconnecting gateway for user _WholesalersMSP_User1
2026.08.11-09:18:26.581[32m info [39m [caliper] [connectors/v2/FabricGateway] 	disconnecting gateway for user _WholesalersMSP_User2
2026.08.11-09:18:26.582[32m info [39m [caliper] [connectors/v2/FabricGateway] 	disconnecting gateway for user _WholesalersMSP_User3
2026.08.11-09:18:26.583[32m info [39m [caliper] [connectors/v2/FabricGateway] 	disconnecting gateway for user _WholesalersMSP_User4
2026.08.11-09:18:26.583[32m info [39m [caliper] [connectors/v2/FabricGateway] 	disconnecting gateway for user _WholesalersMSP_User5
2026.08.11-09:18:26.583[32m info [39m [caliper] [connectors/v2/FabricGateway] 	disconnecting gateway for user _RetailersMSP_User0
2026.08.11-09:18:26.584[32m info [39m [caliper] [connectors/v2/FabricGateway] 	disconnecting gateway for user _RetailersMSP_User1
2026.08.11-09:18:26.584[32m info [39m [caliper] [connectors/v2/FabricGateway] 	disconnecting gateway for user _RetailersMSP_User2
2026.08.11-09:18:26.584[32m info [39m [caliper] [connectors/v2/FabricGateway] 	disconnecting gateway for user _RetailersMSP_User3
2026.08.11-09:18:26.585[32m info [39m [caliper] [connectors/v2/FabricGateway] 	disconnecting gateway for user _RetailersMSP_User4
2026.08.11-09:18:26.585[32m info [39m [caliper] [connectors/v2/FabricGateway] 	disconnecting gateway for user _RetailersMSP_User5
2026.08.11-09:18:26.585[32m info [39m [caliper] [connectors/v2/FabricGateway] 	disconnecting gateway for user _ConsumersMSP_User0
2026.08.11-09:18:26.586[32m info [39m [caliper] [connectors/v2/FabricGateway] 	disconnecting gateway for user _ConsumersMSP_User1
2026.08.11-09:18:26.586[32m info [39m [caliper] [connectors/v2/FabricGateway] 	disconnecting gateway for user _ConsumersMSP_User2
2026.08.11-09:18:26.586[32m info [39m [caliper] [connectors/v2/FabricGateway] 	disconnecting gateway for user _ConsumersMSP_User3
2026.08.11-09:18:26.587[32m info [39m [caliper] [connectors/v2/FabricGateway] 	disconnecting gateway for user _ConsumersMSP_User4
2026.08.11-09:18:26.587[32m info [39m [caliper] [connectors/v2/FabricGateway] 	disconnecting gateway for user _ConsumersMSP_User5
2026.08.11-09:18:26.587[32m info [39m [caliper] [caliper-worker] 	Info: worker 2 prepare test phase for round 0 is completed
2026.08.11-09:18:26.587[32m info [39m [caliper] [worker-message-handler] 	Worker#2 prepared for Round#0
Worker 1: Cached 93 open auctions for closing
2026.08.11-09:18:26.597[32m info [39m [caliper] [connectors/v2/FabricGateway] 	disconnecting gateway for user User0
2026.08.11-09:18:26.600[32m info [39m [caliper] [connectors/v2/FabricGateway] 	disconnecting gateway for user User1
2026.08.11-09:18:26.601[32m info [39m [caliper] [connectors/v2/FabricGateway] 	disconnecting gateway for user User2
2026.08.11-09:18:26.602[32m info [39m [caliper] [connectors/v2/FabricGateway] 	disconnecting gateway for user User3
2026.08.11-09:18:26.603[32m info [39m [caliper] [connectors/v2/FabricGateway] 	disconnecting gateway for user User4
2026.08.11-09:18:26.604[32m info [39m [caliper] [connectors/v2/FabricGateway] 	disconnecting gateway for user User5
2026.08.11-09:18:26.604[32m info [39m [caliper] [connectors/v2/FabricGateway] 	disconnecting gateway for user _AuctioncentersMSP_User0
2026.08.11-09:18:26.605[32m info [39m [caliper] [connectors/v2/FabricGateway] 	disconnecting gateway for user _AuctioncentersMSP_User1
2026.08.11-09:18:26.606[32m info [39m [caliper] [connectors/v2/FabricGateway] 	disconnecting gateway for user _AuctioncentersMSP_User2
2026.08.11-09:18:26.607[32m info [39m [caliper] [connectors/v2/FabricGateway] 	disconnecting gateway for user _AuctioncentersMSP_User3
2026.08.11-09:18:26.608[32m info [39m [caliper] [connectors/v2/FabricGateway] 	disconnecting gateway for user _AuctioncentersMSP_User4
2026.08.11-09:18:26.609[32m info [39m [caliper] [connectors/v2/FabricGateway] 	disconnecting gateway for user _AuctioncentersMSP_User5
2026.08.11-09:18:26.610[32m info [39m [caliper] [connectors/v2/FabricGateway] 	disconnecting gateway for user _WholesalersMSP_User0
2026.08.11-09:18:26.610[32m info [39m [caliper] [connectors/v2/FabricGateway] 	disconnecting gateway for user _WholesalersMSP_User1
2026.08.11-09:18:26.611[32m info [39m [caliper] [connectors/v2/FabricGateway] 	disconnecting gateway for user _WholesalersMSP_User2
2026.08.11-09:18:26.612[32m info [39m [caliper] [connectors/v2/FabricGateway] 	disconnecting gateway for user _WholesalersMSP_User3
2026.08.11-09:18:26.614[32m info [39m [caliper] [connectors/v2/FabricGateway] 	disconnecting gateway for user _WholesalersMSP_User4
2026.08.11-09:18:26.615[32m info [39m [caliper] [connectors/v2/FabricGateway] 	disconnecting gateway for user _WholesalersMSP_User5
2026.08.11-09:18:26.616[32m info [39m [caliper] [connectors/v2/FabricGateway] 	disconnecting gateway for user _RetailersMSP_User0
2026.08.11-09:18:26.616[32m info [39m [caliper] [connectors/v2/FabricGateway] 	disconnecting gateway for user _RetailersMSP_User1
2026.08.11-09:18:26.617[32m info [39m [caliper] [connectors/v2/FabricGateway] 	disconnecting gateway for user _RetailersMSP_User2
2026.08.11-09:18:26.617[32m info [39m [caliper] [connectors/v2/FabricGateway] 	disconnecting gateway for user _RetailersMSP_User3
2026.08.11-09:18:26.618[32m info [39m [caliper] [connectors/v2/FabricGateway] 	disconnecting gateway for user _RetailersMSP_User4
2026.08.11-09:18:26.618[32m info [39m [caliper] [connectors/v2/FabricGateway] 	disconnecting gateway for user _RetailersMSP_User5
2026.08.11-09:18:26.619[32m info [39m [caliper] [connectors/v2/FabricGateway] 	disconnecting gateway for user _ConsumersMSP_User0
2026.08.11-09:18:26.619[32m info [39m [caliper] [connectors/v2/FabricGateway] 	disconnecting gateway for user _ConsumersMSP_User1
2026.08.11-09:18:26.620[32m info [39m [caliper] [connectors/v2/FabricGateway] 	disconnecting gateway for user _ConsumersMSP_User2
2026.08.11-09:18:26.620[32m info [39m [caliper] [connectors/v2/FabricGateway] 	disconnecting gateway for user _ConsumersMSP_User3
2026.08.11-09:18:26.621[32m info [39m [caliper] [connectors/v2/FabricGateway] 	disconnecting gateway for user _ConsumersMSP_User4
2026.08.11-09:18:26.622[32m info [39m [caliper] [connectors/v2/FabricGateway] 	disconnecting gateway for user _ConsumersMSP_User5
2026.08.11-09:18:26.622[32m info [39m [caliper] [caliper-worker] 	Info: worker 1 prepare test phase for round 0 is completed
2026.08.11-09:18:26.623[32m info [39m [caliper] [worker-message-handler] 	Worker#1 prepared for Round#0
Worker 0: Cached 92 open auctions for closing
2026.08.11-09:18:26.628[32m info [39m [caliper] [connectors/v2/FabricGateway] 	disconnecting gateway for user User0
2026.08.11-09:18:26.632[32m info [39m [caliper] [connectors/v2/FabricGateway] 	disconnecting gateway for user User1
2026.08.11-09:18:26.633[32m info [39m [caliper] [connectors/v2/FabricGateway] 	disconnecting gateway for user User2
2026.08.11-09:18:26.634[32m info [39m [caliper] [connectors/v2/FabricGateway] 	disconnecting gateway for user User3
2026.08.11-09:18:26.635[32m info [39m [caliper] [connectors/v2/FabricGateway] 	disconnecting gateway for user User4
2026.08.11-09:18:26.636[32m info [39m [caliper] [connectors/v2/FabricGateway] 	disconnecting gateway for user User5
2026.08.11-09:18:26.637[32m info [39m [caliper] [connectors/v2/FabricGateway] 	disconnecting gateway for user _AuctioncentersMSP_User0
2026.08.11-09:18:26.638[32m info [39m [caliper] [connectors/v2/FabricGateway] 	disconnecting gateway for user _AuctioncentersMSP_User1
2026.08.11-09:18:26.638[32m info [39m [caliper] [connectors/v2/FabricGateway] 	disconnecting gateway for user _AuctioncentersMSP_User2
2026.08.11-09:18:26.639[32m info [39m [caliper] [connectors/v2/FabricGateway] 	disconnecting gateway for user _AuctioncentersMSP_User3
2026.08.11-09:18:26.640[32m info [39m [caliper] [connectors/v2/FabricGateway] 	disconnecting gateway for user _AuctioncentersMSP_User4
2026.08.11-09:18:26.641[32m info [39m [caliper] [connectors/v2/FabricGateway] 	disconnecting gateway for user _AuctioncentersMSP_User5
2026.08.11-09:18:26.641[32m info [39m [caliper] [connectors/v2/FabricGateway] 	disconnecting gateway for user _WholesalersMSP_User0
2026.08.11-09:18:26.642[32m info [39m [caliper] [connectors/v2/FabricGateway] 	disconnecting gateway for user _WholesalersMSP_User1
Worker 4: Cached 95 open auctions for closing
2026.08.11-09:18:26.643[32m info [39m [caliper] [connectors/v2/FabricGateway] 	disconnecting gateway for user _WholesalersMSP_User2
2026.08.11-09:18:26.644[32m info [39m [caliper] [connectors/v2/FabricGateway] 	disconnecting gateway for user _WholesalersMSP_User3
2026.08.11-09:18:26.644[32m info [39m [caliper] [connectors/v2/FabricGateway] 	disconnecting gateway for user _WholesalersMSP_User4
2026.08.11-09:18:26.645[32m info [39m [caliper] [connectors/v2/FabricGateway] 	disconnecting gateway for user _WholesalersMSP_User5
2026.08.11-09:18:26.645[32m info [39m [caliper] [connectors/v2/FabricGateway] 	disconnecting gateway for user User0
2026.08.11-09:18:26.647[32m info [39m [caliper] [connectors/v2/FabricGateway] 	disconnecting gateway for user _RetailersMSP_User0
2026.08.11-09:18:26.647[32m info [39m [caliper] [connectors/v2/FabricGateway] 	disconnecting gateway for user _RetailersMSP_User1
2026.08.11-09:18:26.648[32m info [39m [caliper] [connectors/v2/FabricGateway] 	disconnecting gateway for user _RetailersMSP_User2
2026.08.11-09:18:26.648[32m info [39m [caliper] [connectors/v2/FabricGateway] 	disconnecting gateway for user _RetailersMSP_User3
2026.08.11-09:18:26.649[32m info [39m [caliper] [connectors/v2/FabricGateway] 	disconnecting gateway for user User1
2026.08.11-09:18:26.649[32m info [39m [caliper] [connectors/v2/FabricGateway] 	disconnecting gateway for user _RetailersMSP_User4
2026.08.11-09:18:26.649[32m info [39m [caliper] [connectors/v2/FabricGateway] 	disconnecting gateway for user _RetailersMSP_User5
2026.08.11-09:18:26.650[32m info [39m [caliper] [connectors/v2/FabricGateway] 	disconnecting gateway for user User2
2026.08.11-09:18:26.650[32m info [39m [caliper] [connectors/v2/FabricGateway] 	disconnecting gateway for user _ConsumersMSP_User0
2026.08.11-09:18:26.650[32m info [39m [caliper] [connectors/v2/FabricGateway] 	disconnecting gateway for user _ConsumersMSP_User1
2026.08.11-09:18:26.650[32m info [39m [caliper] [connectors/v2/FabricGateway] 	disconnecting gateway for user _ConsumersMSP_User2
2026.08.11-09:18:26.650[32m info [39m [caliper] [connectors/v2/FabricGateway] 	disconnecting gateway for user User3
2026.08.11-09:18:26.651[32m info [39m [caliper] [connectors/v2/FabricGateway] 	disconnecting gateway for user _ConsumersMSP_User3
2026.08.11-09:18:26.651[32m info [39m [caliper] [connectors/v2/FabricGateway] 	disconnecting gateway for user _ConsumersMSP_User4
2026.08.11-09:18:26.651[32m info [39m [caliper] [connectors/v2/FabricGateway] 	disconnecting gateway for user User4
2026.08.11-09:18:26.651[32m info [39m [caliper] [connectors/v2/FabricGateway] 	disconnecting gateway for user _ConsumersMSP_User5
2026.08.11-09:18:26.652[32m info [39m [caliper] [caliper-worker] 	Info: worker 0 prepare test phase for round 0 is completed
2026.08.11-09:18:26.652[32m info [39m [caliper] [worker-message-handler] 	Worker#0 prepared for Round#0
2026.08.11-09:18:26.652[32m info [39m [caliper] [connectors/v2/FabricGateway] 	disconnecting gateway for user User5
2026.08.11-09:18:26.653[32m info [39m [caliper] [connectors/v2/FabricGateway] 	disconnecting gateway for user _AuctioncentersMSP_User0
2026.08.11-09:18:26.655[32m info [39m [caliper] [connectors/v2/FabricGateway] 	disconnecting gateway for user _AuctioncentersMSP_User1
2026.08.11-09:18:26.658[32m info [39m [caliper] [connectors/v2/FabricGateway] 	disconnecting gateway for user _AuctioncentersMSP_User2
2026.08.11-09:18:26.660[32m info [39m [caliper] [connectors/v2/FabricGateway] 	disconnecting gateway for user _AuctioncentersMSP_User3
2026.08.11-09:18:26.660[32m info [39m [caliper] [connectors/v2/FabricGateway] 	disconnecting gateway for user _AuctioncentersMSP_User4
2026.08.11-09:18:26.661[32m info [39m [caliper] [connectors/v2/FabricGateway] 	disconnecting gateway for user _AuctioncentersMSP_User5
2026.08.11-09:18:26.662[32m info [39m [caliper] [connectors/v2/FabricGateway] 	disconnecting gateway for user _WholesalersMSP_User0
2026.08.11-09:18:26.663[32m info [39m [caliper] [connectors/v2/FabricGateway] 	disconnecting gateway for user _WholesalersMSP_User1
2026.08.11-09:18:26.664[32m info [39m [caliper] [connectors/v2/FabricGateway] 	disconnecting gateway for user _WholesalersMSP_User2
2026.08.11-09:18:26.664[32m info [39m [caliper] [connectors/v2/FabricGateway] 	disconnecting gateway for user _WholesalersMSP_User3
2026.08.11-09:18:26.666[32m info [39m [caliper] [connectors/v2/FabricGateway] 	disconnecting gateway for user _WholesalersMSP_User4
2026.08.11-09:18:26.666[32m info [39m [caliper] [connectors/v2/FabricGateway] 	disconnecting gateway for user _WholesalersMSP_User5
2026.08.11-09:18:26.667[32m info [39m [caliper] [connectors/v2/FabricGateway] 	disconnecting gateway for user _RetailersMSP_User0
2026.08.11-09:18:26.667[32m info [39m [caliper] [connectors/v2/FabricGateway] 	disconnecting gateway for user _RetailersMSP_User1
2026.08.11-09:18:26.668[32m info [39m [caliper] [connectors/v2/FabricGateway] 	disconnecting gateway for user _RetailersMSP_User2
2026.08.11-09:18:26.668[32m info [39m [caliper] [connectors/v2/FabricGateway] 	disconnecting gateway for user _RetailersMSP_User3
2026.08.11-09:18:26.669[32m info [39m [caliper] [connectors/v2/FabricGateway] 	disconnecting gateway for user _RetailersMSP_User4
2026.08.11-09:18:26.669[32m info [39m [caliper] [connectors/v2/FabricGateway] 	disconnecting gateway for user _RetailersMSP_User5
2026.08.11-09:18:26.670[32m info [39m [caliper] [connectors/v2/FabricGateway] 	disconnecting gateway for user _ConsumersMSP_User0
2026.08.11-09:18:26.670[32m info [39m [caliper] [connectors/v2/FabricGateway] 	disconnecting gateway for user _ConsumersMSP_User1
2026.08.11-09:18:26.671[32m info [39m [caliper] [connectors/v2/FabricGateway] 	disconnecting gateway for user _ConsumersMSP_User2
2026.08.11-09:18:26.671[32m info [39m [caliper] [connectors/v2/FabricGateway] 	disconnecting gateway for user _ConsumersMSP_User3
2026.08.11-09:18:26.672[32m info [39m [caliper] [connectors/v2/FabricGateway] 	disconnecting gateway for user _ConsumersMSP_User4
2026.08.11-09:18:26.673[32m info [39m [caliper] [connectors/v2/FabricGateway] 	disconnecting gateway for user _ConsumersMSP_User5
2026.08.11-09:18:26.673[32m info [39m [caliper] [caliper-worker] 	Info: worker 4 prepare test phase for round 0 is completed
2026.08.11-09:18:26.674[32m info [39m [caliper] [worker-message-handler] 	Worker#4 prepared for Round#0
2026.08.11-09:18:26.675[32m info [39m [caliper] [worker-orchestrator] 	5 workers prepared, progressing to test phase.
2026.08.11-09:18:26.675[32m info [39m [caliper] [round-orchestrator] 	Monitors successfully started
2026.08.11-09:18:26.682[32m info [39m [caliper] [worker-message-handler] 	Worker#3 is starting Round#0
2026.08.11-09:18:26.684[32m info [39m [caliper] [connectors/v2/FabricGateway] 	Connecting user with identity User0 to a Network Gateway
2026.08.11-09:18:26.684[32m info [39m [caliper] [worker-message-handler] 	Worker#2 is starting Round#0
2026.08.11-09:18:26.686[32m info [39m [caliper] [connectors/v2/FabricGateway] 	Connecting user with identity User0 to a Network Gateway
2026.08.11-09:18:26.699[32m info [39m [caliper] [worker-message-handler] 	Worker#4 is starting Round#0
2026.08.11-09:18:26.700[32m info [39m [caliper] [connectors/v2/FabricGateway] 	Connecting user with identity User0 to a Network Gateway
2026.08.11-09:18:26.708[32m info [39m [caliper] [worker-message-handler] 	Worker#1 is starting Round#0
2026.08.11-09:18:26.709[32m info [39m [caliper] [connectors/v2/FabricGateway] 	Connecting user with identity User0 to a Network Gateway
2026.08.11-09:18:26.716[32m info [39m [caliper] [worker-message-handler] 	Worker#0 is starting Round#0
2026.08.11-09:18:26.717[32m info [39m [caliper] [connectors/v2/FabricGateway] 	Connecting user with identity User0 to a Network Gateway
2026.08.11-09:18:26.760[32m info [39m [caliper] [connectors/v2/FabricGateway] 	Successfully connected user with identity User0 to a Network Gateway
2026.08.11-09:18:26.760[32m info [39m [caliper] [connectors/v2/FabricGateway] 	Generating contract map for user User0
2026.08.11-09:18:26.764[32m info [39m [caliper] [connectors/v2/FabricGateway] 	Successfully connected user with identity User0 to a Network Gateway
2026.08.11-09:18:26.765[32m info [39m [caliper] [connectors/v2/FabricGateway] 	Generating contract map for user User0
2026.08.11-09:18:26.787[32m info [39m [caliper] [connectors/v2/FabricGateway] 	Successfully connected user with identity User0 to a Network Gateway
2026.08.11-09:18:26.787[32m info [39m [caliper] [connectors/v2/FabricGateway] 	Generating contract map for user User0
2026.08.11-09:18:26.828[32m info [39m [caliper] [connectors/v2/FabricGateway] 	Connecting user with identity User1 to a Network Gateway
2026.08.11-09:18:26.829[32m info [39m [caliper] [connectors/v2/FabricGateway] 	Successfully connected user with identity User0 to a Network Gateway
2026.08.11-09:18:26.829[32m info [39m [caliper] [connectors/v2/FabricGateway] 	Generating contract map for user User0
2026.08.11-09:18:26.834[32m info [39m [caliper] [connectors/v2/FabricGateway] 	Connecting user with identity User1 to a Network Gateway
2026.08.11-09:18:26.845[32m info [39m [caliper] [connectors/v2/FabricGateway] 	Successfully connected user with identity User0 to a Network Gateway
2026.08.11-09:18:26.845[32m info [39m [caliper] [connectors/v2/FabricGateway] 	Generating contract map for user User0
2026.08.11-09:18:26.853[32m info [39m [caliper] [connectors/v2/FabricGateway] 	Connecting user with identity User1 to a Network Gateway
2026.08.11-09:18:26.887[32m info [39m [caliper] [connectors/v2/FabricGateway] 	Connecting user with identity User1 to a Network Gateway
2026.08.11-09:18:26.901[32m info [39m [caliper] [connectors/v2/FabricGateway] 	Successfully connected user with identity User1 to a Network Gateway
2026.08.11-09:18:26.901[32m info [39m [caliper] [connectors/v2/FabricGateway] 	Connecting user with identity User1 to a Network Gateway
2026.08.11-09:18:26.901[32m info [39m [caliper] [connectors/v2/FabricGateway] 	Generating contract map for user User1
2026.08.11-09:18:26.906[32m info [39m [caliper] [connectors/v2/FabricGateway] 	Successfully connected user with identity User1 to a Network Gateway
2026.08.11-09:18:26.906[32m info [39m [caliper] [connectors/v2/FabricGateway] 	Generating contract map for user User1
2026.08.11-09:18:26.934[32m info [39m [caliper] [connectors/v2/FabricGateway] 	Successfully connected user with identity User1 to a Network Gateway
2026.08.11-09:18:26.934[32m info [39m [caliper] [connectors/v2/FabricGateway] 	Generating contract map for user User1
2026.08.11-09:18:26.960[32m info [39m [caliper] [connectors/v2/FabricGateway] 	Connecting user with identity User2 to a Network Gateway
2026.08.11-09:18:26.960[32m info [39m [caliper] [connectors/v2/FabricGateway] 	Connecting user with identity User2 to a Network Gateway
2026.08.11-09:18:26.963[32m info [39m [caliper] [connectors/v2/FabricGateway] 	Successfully connected user with identity User1 to a Network Gateway
2026.08.11-09:18:26.963[32m info [39m [caliper] [connectors/v2/FabricGateway] 	Generating contract map for user User1
2026.08.11-09:18:26.978[32m info [39m [caliper] [connectors/v2/FabricGateway] 	Successfully connected user with identity User1 to a Network Gateway
2026.08.11-09:18:26.978[32m info [39m [caliper] [connectors/v2/FabricGateway] 	Generating contract map for user User1
2026.08.11-09:18:26.992[32m info [39m [caliper] [connectors/v2/FabricGateway] 	Connecting user with identity User2 to a Network Gateway
2026.08.11-09:18:27.021[32m info [39m [caliper] [connectors/v2/FabricGateway] 	Connecting user with identity User2 to a Network Gateway
2026.08.11-09:18:27.035[32m info [39m [caliper] [connectors/v2/FabricGateway] 	Connecting user with identity User2 to a Network Gateway
2026.08.11-09:18:27.036[32m info [39m [caliper] [connectors/v2/FabricGateway] 	Successfully connected user with identity User2 to a Network Gateway
2026.08.11-09:18:27.036[32m info [39m [caliper] [connectors/v2/FabricGateway] 	Generating contract map for user User2
2026.08.11-09:18:27.039[32m info [39m [caliper] [connectors/v2/FabricGateway] 	Successfully connected user with identity User2 to a Network Gateway
2026.08.11-09:18:27.039[32m info [39m [caliper] [connectors/v2/FabricGateway] 	Generating contract map for user User2
2026.08.11-09:18:27.066[32m info [39m [caliper] [connectors/v2/FabricGateway] 	Successfully connected user with identity User2 to a Network Gateway
2026.08.11-09:18:27.067[32m info [39m [caliper] [connectors/v2/FabricGateway] 	Generating contract map for user User2
2026.08.11-09:18:27.093[32m info [39m [caliper] [connectors/v2/FabricGateway] 	Connecting user with identity User3 to a Network Gateway
2026.08.11-09:18:27.094[32m info [39m [caliper] [connectors/v2/FabricGateway] 	Connecting user with identity User3 to a Network Gateway
2026.08.11-09:18:27.096[32m info [39m [caliper] [connectors/v2/FabricGateway] 	Successfully connected user with identity User2 to a Network Gateway
2026.08.11-09:18:27.097[32m info [39m [caliper] [connectors/v2/FabricGateway] 	Generating contract map for user User2
2026.08.11-09:18:27.108[32m info [39m [caliper] [connectors/v2/FabricGateway] 	Successfully connected user with identity User2 to a Network Gateway
2026.08.11-09:18:27.109[32m info [39m [caliper] [connectors/v2/FabricGateway] 	Generating contract map for user User2
2026.08.11-09:18:27.121[32m info [39m [caliper] [connectors/v2/FabricGateway] 	Connecting user with identity User3 to a Network Gateway
2026.08.11-09:18:27.153[32m info [39m [caliper] [connectors/v2/FabricGateway] 	Connecting user with identity User3 to a Network Gateway
2026.08.11-09:18:27.165[32m info [39m [caliper] [connectors/v2/FabricGateway] 	Connecting user with identity User3 to a Network Gateway
2026.08.11-09:18:27.167[32m info [39m [caliper] [connectors/v2/FabricGateway] 	Successfully connected user with identity User3 to a Network Gateway
2026.08.11-09:18:27.167[32m info [39m [caliper] [connectors/v2/FabricGateway] 	Generating contract map for user User3
2026.08.11-09:18:27.175[32m info [39m [caliper] [connectors/v2/FabricGateway] 	Successfully connected user with identity User3 to a Network Gateway
2026.08.11-09:18:27.176[32m info [39m [caliper] [connectors/v2/FabricGateway] 	Generating contract map for user User3
2026.08.11-09:18:27.205[32m info [39m [caliper] [connectors/v2/FabricGateway] 	Successfully connected user with identity User3 to a Network Gateway
2026.08.11-09:18:27.206[32m info [39m [caliper] [connectors/v2/FabricGateway] 	Generating contract map for user User3
2026.08.11-09:18:27.227[32m info [39m [caliper] [connectors/v2/FabricGateway] 	Connecting user with identity User4 to a Network Gateway
2026.08.11-09:18:27.235[32m info [39m [caliper] [connectors/v2/FabricGateway] 	Connecting user with identity User4 to a Network Gateway
2026.08.11-09:18:27.235[32m info [39m [caliper] [connectors/v2/FabricGateway] 	Successfully connected user with identity User3 to a Network Gateway
2026.08.11-09:18:27.235[32m info [39m [caliper] [connectors/v2/FabricGateway] 	Generating contract map for user User3
2026.08.11-09:18:27.249[32m info [39m [caliper] [connectors/v2/FabricGateway] 	Successfully connected user with identity User3 to a Network Gateway
2026.08.11-09:18:27.249[32m info [39m [caliper] [connectors/v2/FabricGateway] 	Generating contract map for user User3
2026.08.11-09:18:27.266[32m info [39m [caliper] [connectors/v2/FabricGateway] 	Connecting user with identity User4 to a Network Gateway
2026.08.11-09:18:27.292[32m info [39m [caliper] [connectors/v2/FabricGateway] 	Connecting user with identity User4 to a Network Gateway
2026.08.11-09:18:27.304[32m info [39m [caliper] [connectors/v2/FabricGateway] 	Connecting user with identity User4 to a Network Gateway
2026.08.11-09:18:27.309[32m info [39m [caliper] [connectors/v2/FabricGateway] 	Successfully connected user with identity User4 to a Network Gateway
2026.08.11-09:18:27.309[32m info [39m [caliper] [connectors/v2/FabricGateway] 	Generating contract map for user User4
2026.08.11-09:18:27.316[32m info [39m [caliper] [connectors/v2/FabricGateway] 	Successfully connected user with identity User4 to a Network Gateway
2026.08.11-09:18:27.317[32m info [39m [caliper] [connectors/v2/FabricGateway] 	Generating contract map for user User4
2026.08.11-09:18:27.347[32m info [39m [caliper] [connectors/v2/FabricGateway] 	Successfully connected user with identity User4 to a Network Gateway
2026.08.11-09:18:27.348[32m info [39m [caliper] [connectors/v2/FabricGateway] 	Generating contract map for user User4
2026.08.11-09:18:27.374[32m info [39m [caliper] [connectors/v2/FabricGateway] 	Connecting user with identity User5 to a Network Gateway
2026.08.11-09:18:27.377[32m info [39m [caliper] [connectors/v2/FabricGateway] 	Successfully connected user with identity User4 to a Network Gateway
2026.08.11-09:18:27.377[32m info [39m [caliper] [connectors/v2/FabricGateway] 	Generating contract map for user User4
2026.08.11-09:18:27.386[32m info [39m [caliper] [connectors/v2/FabricGateway] 	Connecting user with identity User5 to a Network Gateway
2026.08.11-09:18:27.390[32m info [39m [caliper] [connectors/v2/FabricGateway] 	Successfully connected user with identity User4 to a Network Gateway
2026.08.11-09:18:27.390[32m info [39m [caliper] [connectors/v2/FabricGateway] 	Generating contract map for user User4
2026.08.11-09:18:27.412[32m info [39m [caliper] [connectors/v2/FabricGateway] 	Connecting user with identity User5 to a Network Gateway
2026.08.11-09:18:27.450[32m info [39m [caliper] [connectors/v2/FabricGateway] 	Connecting user with identity User5 to a Network Gateway
2026.08.11-09:18:27.459[32m info [39m [caliper] [connectors/v2/FabricGateway] 	Connecting user with identity User5 to a Network Gateway
2026.08.11-09:18:27.459[32m info [39m [caliper] [connectors/v2/FabricGateway] 	Successfully connected user with identity User5 to a Network Gateway
2026.08.11-09:18:27.459[32m info [39m [caliper] [connectors/v2/FabricGateway] 	Generating contract map for user User5
2026.08.11-09:18:27.472[32m info [39m [caliper] [connectors/v2/FabricGateway] 	Successfully connected user with identity User5 to a Network Gateway
2026.08.11-09:18:27.472[32m info [39m [caliper] [connectors/v2/FabricGateway] 	Generating contract map for user User5
2026.08.11-09:18:27.504[32m info [39m [caliper] [connectors/v2/FabricGateway] 	Successfully connected user with identity User5 to a Network Gateway
2026.08.11-09:18:27.505[32m info [39m [caliper] [connectors/v2/FabricGateway] 	Generating contract map for user User5
2026.08.11-09:18:27.518[32m info [39m [caliper] [connectors/v2/FabricGateway] 	Connecting user with identity _AuctioncentersMSP_User0 to a Network Gateway
2026.08.11-09:18:27.530[32m info [39m [caliper] [connectors/v2/FabricGateway] 	Successfully connected user with identity User5 to a Network Gateway
2026.08.11-09:18:27.530[32m info [39m [caliper] [connectors/v2/FabricGateway] 	Generating contract map for user User5
2026.08.11-09:18:27.531[32m info [39m [caliper] [connectors/v2/FabricGateway] 	Connecting user with identity _AuctioncentersMSP_User0 to a Network Gateway
2026.08.11-09:18:27.556[32m info [39m [caliper] [connectors/v2/FabricGateway] 	Successfully connected user with identity User5 to a Network Gateway
2026.08.11-09:18:27.556[32m info [39m [caliper] [connectors/v2/FabricGateway] 	Generating contract map for user User5
2026.08.11-09:18:27.569[32m info [39m [caliper] [connectors/v2/FabricGateway] 	Connecting user with identity _AuctioncentersMSP_User0 to a Network Gateway
2026.08.11-09:18:27.588[32m info [39m [caliper] [connectors/v2/FabricGateway] 	Connecting user with identity _AuctioncentersMSP_User0 to a Network Gateway
2026.08.11-09:18:27.595[32m info [39m [caliper] [connectors/v2/FabricGateway] 	Successfully connected user with identity _AuctioncentersMSP_User0 to a Network Gateway
2026.08.11-09:18:27.596[32m info [39m [caliper] [connectors/v2/FabricGateway] 	Generating contract map for user _AuctioncentersMSP_User0
2026.08.11-09:18:27.610[32m info [39m [caliper] [connectors/v2/FabricGateway] 	Successfully connected user with identity _AuctioncentersMSP_User0 to a Network Gateway
2026.08.11-09:18:27.610[32m info [39m [caliper] [connectors/v2/FabricGateway] 	Generating contract map for user _AuctioncentersMSP_User0
2026.08.11-09:18:27.614[32m info [39m [caliper] [connectors/v2/FabricGateway] 	Connecting user with identity _AuctioncentersMSP_User0 to a Network Gateway
2026.08.11-09:18:27.645[32m info [39m [caliper] [connectors/v2/FabricGateway] 	Successfully connected user with identity _AuctioncentersMSP_User0 to a Network Gateway
2026.08.11-09:18:27.645[32m info [39m [caliper] [connectors/v2/FabricGateway] 	Generating contract map for user _AuctioncentersMSP_User0
2026.08.11-09:18:27.656[32m info [39m [caliper] [connectors/v2/FabricGateway] 	Connecting user with identity _AuctioncentersMSP_User1 to a Network Gateway
2026.08.11-09:18:27.665[32m info [39m [caliper] [connectors/v2/FabricGateway] 	Successfully connected user with identity _AuctioncentersMSP_User0 to a Network Gateway
2026.08.11-09:18:27.665[32m info [39m [caliper] [connectors/v2/FabricGateway] 	Generating contract map for user _AuctioncentersMSP_User0
2026.08.11-09:18:27.672[32m info [39m [caliper] [connectors/v2/FabricGateway] 	Connecting user with identity _AuctioncentersMSP_User1 to a Network Gateway
2026.08.11-09:18:27.707[32m info [39m [caliper] [connectors/v2/FabricGateway] 	Successfully connected user with identity _AuctioncentersMSP_User0 to a Network Gateway
2026.08.11-09:18:27.707[32m info [39m [caliper] [connectors/v2/FabricGateway] 	Generating contract map for user _AuctioncentersMSP_User0
2026.08.11-09:18:27.714[32m info [39m [caliper] [connectors/v2/FabricGateway] 	Connecting user with identity _AuctioncentersMSP_User1 to a Network Gateway
2026.08.11-09:18:27.737[32m info [39m [caliper] [connectors/v2/FabricGateway] 	Connecting user with identity _AuctioncentersMSP_User1 to a Network Gateway
2026.08.11-09:18:27.747[32m info [39m [caliper] [connectors/v2/FabricGateway] 	Successfully connected user with identity _AuctioncentersMSP_User1 to a Network Gateway
2026.08.11-09:18:27.748[32m info [39m [caliper] [connectors/v2/FabricGateway] 	Generating contract map for user _AuctioncentersMSP_User1
2026.08.11-09:18:27.770[32m info [39m [caliper] [connectors/v2/FabricGateway] 	Successfully connected user with identity _AuctioncentersMSP_User1 to a Network Gateway
2026.08.11-09:18:27.770[32m info [39m [caliper] [connectors/v2/FabricGateway] 	Generating contract map for user _AuctioncentersMSP_User1
2026.08.11-09:18:27.775[32m info [39m [caliper] [connectors/v2/FabricGateway] 	Connecting user with identity _AuctioncentersMSP_User1 to a Network Gateway
2026.08.11-09:18:27.806[32m info [39m [caliper] [connectors/v2/FabricGateway] 	Connecting user with identity _AuctioncentersMSP_User2 to a Network Gateway
2026.08.11-09:18:27.806[32m info [39m [caliper] [connectors/v2/FabricGateway] 	Successfully connected user with identity _AuctioncentersMSP_User1 to a Network Gateway
2026.08.11-09:18:27.806[32m info [39m [caliper] [connectors/v2/FabricGateway] 	Generating contract map for user _AuctioncentersMSP_User1
2026.08.11-09:18:27.817[32m info [39m [caliper] [connectors/v2/FabricGateway] 	Successfully connected user with identity _AuctioncentersMSP_User1 to a Network Gateway
2026.08.11-09:18:27.818[32m info [39m [caliper] [connectors/v2/FabricGateway] 	Generating contract map for user _AuctioncentersMSP_User1
2026.08.11-09:18:27.831[32m info [39m [caliper] [connectors/v2/FabricGateway] 	Connecting user with identity _AuctioncentersMSP_User2 to a Network Gateway
2026.08.11-09:18:27.856[32m info [39m [caliper] [connectors/v2/FabricGateway] 	Successfully connected user with identity _AuctioncentersMSP_User1 to a Network Gateway
2026.08.11-09:18:27.856[32m info [39m [caliper] [connectors/v2/FabricGateway] 	Generating contract map for user _AuctioncentersMSP_User1
2026.08.11-09:18:27.862[32m info [39m [caliper] [connectors/v2/FabricGateway] 	Connecting user with identity _AuctioncentersMSP_User2 to a Network Gateway
2026.08.11-09:18:27.878[32m info [39m [caliper] [connectors/v2/FabricGateway] 	Connecting user with identity _AuctioncentersMSP_User2 to a Network Gateway
2026.08.11-09:18:27.888[32m info [39m [caliper] [connectors/v2/FabricGateway] 	Successfully connected user with identity _AuctioncentersMSP_User2 to a Network Gateway
2026.08.11-09:18:27.888[32m info [39m [caliper] [connectors/v2/FabricGateway] 	Generating contract map for user _AuctioncentersMSP_User2
2026.08.11-09:18:27.915[32m info [39m [caliper] [connectors/v2/FabricGateway] 	Successfully connected user with identity _AuctioncentersMSP_User2 to a Network Gateway
2026.08.11-09:18:27.915[32m info [39m [caliper] [connectors/v2/FabricGateway] 	Generating contract map for user _AuctioncentersMSP_User2
2026.08.11-09:18:27.918[32m info [39m [caliper] [connectors/v2/FabricGateway] 	Connecting user with identity _AuctioncentersMSP_User2 to a Network Gateway
2026.08.11-09:18:27.946[32m info [39m [caliper] [connectors/v2/FabricGateway] 	Successfully connected user with identity _AuctioncentersMSP_User2 to a Network Gateway
2026.08.11-09:18:27.946[32m info [39m [caliper] [connectors/v2/FabricGateway] 	Generating contract map for user _AuctioncentersMSP_User2
2026.08.11-09:18:27.946[32m info [39m [caliper] [connectors/v2/FabricGateway] 	Connecting user with identity _AuctioncentersMSP_User3 to a Network Gateway
2026.08.11-09:18:27.961[32m info [39m [caliper] [connectors/v2/FabricGateway] 	Successfully connected user with identity _AuctioncentersMSP_User2 to a Network Gateway
2026.08.11-09:18:27.961[32m info [39m [caliper] [connectors/v2/FabricGateway] 	Generating contract map for user _AuctioncentersMSP_User2
2026.08.11-09:18:27.975[32m info [39m [caliper] [connectors/v2/FabricGateway] 	Connecting user with identity _AuctioncentersMSP_User3 to a Network Gateway
2026.08.11-09:18:28.006[32m info [39m [caliper] [connectors/v2/FabricGateway] 	Connecting user with identity _AuctioncentersMSP_User3 to a Network Gateway
2026.08.11-09:18:28.008[32m info [39m [caliper] [connectors/v2/FabricGateway] 	Successfully connected user with identity _AuctioncentersMSP_User2 to a Network Gateway
2026.08.11-09:18:28.008[32m info [39m [caliper] [connectors/v2/FabricGateway] 	Generating contract map for user _AuctioncentersMSP_User2
2026.08.11-09:18:28.020[32m info [39m [caliper] [connectors/v2/FabricGateway] 	Connecting user with identity _AuctioncentersMSP_User3 to a Network Gateway
2026.08.11-09:18:28.024[32m info [39m [caliper] [connectors/v2/FabricGateway] 	Successfully connected user with identity _AuctioncentersMSP_User3 to a Network Gateway
2026.08.11-09:18:28.025[32m info [39m [caliper] [connectors/v2/FabricGateway] 	Generating contract map for user _AuctioncentersMSP_User3
2026.08.11-09:18:28.057[32m info [39m [caliper] [connectors/v2/FabricGateway] 	Successfully connected user with identity _AuctioncentersMSP_User3 to a Network Gateway
2026.08.11-09:18:28.057[32m info [39m [caliper] [connectors/v2/FabricGateway] 	Generating contract map for user _AuctioncentersMSP_User3
2026.08.11-09:18:28.062[32m info [39m [caliper] [connectors/v2/FabricGateway] 	Connecting user with identity _AuctioncentersMSP_User3 to a Network Gateway
2026.08.11-09:18:28.078[32m info [39m [caliper] [connectors/v2/FabricGateway] 	Successfully connected user with identity _AuctioncentersMSP_User3 to a Network Gateway
2026.08.11-09:18:28.078[32m info [39m [caliper] [connectors/v2/FabricGateway] 	Generating contract map for user _AuctioncentersMSP_User3
2026.08.11-09:18:28.079[32m info [39m [caliper] [connectors/v2/FabricGateway] 	Connecting user with identity _AuctioncentersMSP_User4 to a Network Gateway
2026.08.11-09:18:28.100[32m info [39m [caliper] [connectors/v2/FabricGateway] 	Successfully connected user with identity _AuctioncentersMSP_User3 to a Network Gateway
2026.08.11-09:18:28.100[32m info [39m [caliper] [connectors/v2/FabricGateway] 	Generating contract map for user _AuctioncentersMSP_User3
2026.08.11-09:18:28.113[32m info [39m [caliper] [connectors/v2/FabricGateway] 	Connecting user with identity _AuctioncentersMSP_User4 to a Network Gateway
2026.08.11-09:18:28.131[32m info [39m [caliper] [connectors/v2/FabricGateway] 	Connecting user with identity _AuctioncentersMSP_User4 to a Network Gateway
2026.08.11-09:18:28.135[32m info [39m [caliper] [connectors/v2/FabricGateway] 	Successfully connected user with identity _AuctioncentersMSP_User3 to a Network Gateway
2026.08.11-09:18:28.135[32m info [39m [caliper] [connectors/v2/FabricGateway] 	Generating contract map for user _AuctioncentersMSP_User3
2026.08.11-09:18:28.153[32m info [39m [caliper] [connectors/v2/FabricGateway] 	Successfully connected user with identity _AuctioncentersMSP_User4 to a Network Gateway
2026.08.11-09:18:28.153[32m info [39m [caliper] [connectors/v2/FabricGateway] 	Generating contract map for user _AuctioncentersMSP_User4
2026.08.11-09:18:28.155[32m info [39m [caliper] [connectors/v2/FabricGateway] 	Connecting user with identity _AuctioncentersMSP_User4 to a Network Gateway
2026.08.11-09:18:28.187[32m info [39m [caliper] [connectors/v2/FabricGateway] 	Successfully connected user with identity _AuctioncentersMSP_User4 to a Network Gateway
2026.08.11-09:18:28.187[32m info [39m [caliper] [connectors/v2/FabricGateway] 	Generating contract map for user _AuctioncentersMSP_User4
2026.08.11-09:18:28.190[32m info [39m [caliper] [connectors/v2/FabricGateway] 	Connecting user with identity _AuctioncentersMSP_User4 to a Network Gateway
2026.08.11-09:18:28.207[32m info [39m [caliper] [connectors/v2/FabricGateway] 	Successfully connected user with identity _AuctioncentersMSP_User4 to a Network Gateway
2026.08.11-09:18:28.207[32m info [39m [caliper] [connectors/v2/FabricGateway] 	Generating contract map for user _AuctioncentersMSP_User4
2026.08.11-09:18:28.212[32m info [39m [caliper] [connectors/v2/FabricGateway] 	Connecting user with identity _AuctioncentersMSP_User5 to a Network Gateway
2026.08.11-09:18:28.241[32m info [39m [caliper] [connectors/v2/FabricGateway] 	Successfully connected user with identity _AuctioncentersMSP_User4 to a Network Gateway
2026.08.11-09:18:28.241[32m info [39m [caliper] [connectors/v2/FabricGateway] 	Generating contract map for user _AuctioncentersMSP_User4
2026.08.11-09:18:28.244[32m info [39m [caliper] [connectors/v2/FabricGateway] 	Connecting user with identity _AuctioncentersMSP_User5 to a Network Gateway
2026.08.11-09:18:28.266[32m info [39m [caliper] [connectors/v2/FabricGateway] 	Successfully connected user with identity _AuctioncentersMSP_User4 to a Network Gateway
2026.08.11-09:18:28.266[32m info [39m [caliper] [connectors/v2/FabricGateway] 	Generating contract map for user _AuctioncentersMSP_User4
2026.08.11-09:18:28.268[32m info [39m [caliper] [connectors/v2/FabricGateway] 	Connecting user with identity _AuctioncentersMSP_User5 to a Network Gateway
2026.08.11-09:18:28.286[32m info [39m [caliper] [connectors/v2/FabricGateway] 	Successfully connected user with identity _AuctioncentersMSP_User5 to a Network Gateway
2026.08.11-09:18:28.286[32m info [39m [caliper] [connectors/v2/FabricGateway] 	Generating contract map for user _AuctioncentersMSP_User5
2026.08.11-09:18:28.301[32m info [39m [caliper] [connectors/v2/FabricGateway] 	Connecting user with identity _AuctioncentersMSP_User5 to a Network Gateway
2026.08.11-09:18:28.324[32m info [39m [caliper] [connectors/v2/FabricGateway] 	Successfully connected user with identity _AuctioncentersMSP_User5 to a Network Gateway
2026.08.11-09:18:28.324[32m info [39m [caliper] [connectors/v2/FabricGateway] 	Generating contract map for user _AuctioncentersMSP_User5
2026.08.11-09:18:28.325[32m info [39m [caliper] [connectors/v2/FabricGateway] 	Connecting user with identity _AuctioncentersMSP_User5 to a Network Gateway
2026.08.11-09:18:28.343[32m info [39m [caliper] [connectors/v2/FabricGateway] 	Connecting user with identity _WholesalersMSP_User0 to a Network Gateway
2026.08.11-09:18:28.366[32m info [39m [caliper] [connectors/v2/FabricGateway] 	Successfully connected user with identity _AuctioncentersMSP_User5 to a Network Gateway
2026.08.11-09:18:28.366[32m info [39m [caliper] [connectors/v2/FabricGateway] 	Generating contract map for user _AuctioncentersMSP_User5
2026.08.11-09:18:28.379[32m info [39m [caliper] [connectors/v2/FabricGateway] 	Connecting user with identity _WholesalersMSP_User0 to a Network Gateway
2026.08.11-09:18:28.386[32m info [39m [caliper] [connectors/v2/FabricGateway] 	Successfully connected user with identity _AuctioncentersMSP_User5 to a Network Gateway
2026.08.11-09:18:28.386[32m info [39m [caliper] [connectors/v2/FabricGateway] 	Generating contract map for user _AuctioncentersMSP_User5
2026.08.11-09:18:28.406[32m info [39m [caliper] [connectors/v2/FabricGateway] 	Successfully connected user with identity _AuctioncentersMSP_User5 to a Network Gateway
2026.08.11-09:18:28.406[32m info [39m [caliper] [connectors/v2/FabricGateway] 	Generating contract map for user _AuctioncentersMSP_User5
2026.08.11-09:18:28.424[32m info [39m [caliper] [connectors/v2/FabricGateway] 	Successfully connected user with identity _WholesalersMSP_User0 to a Network Gateway
2026.08.11-09:18:28.425[32m info [39m [caliper] [connectors/v2/FabricGateway] 	Generating contract map for user _WholesalersMSP_User0
2026.08.11-09:18:28.425[32m info [39m [caliper] [connectors/v2/FabricGateway] 	Connecting user with identity _WholesalersMSP_User0 to a Network Gateway
2026.08.11-09:18:28.450[32m info [39m [caliper] [connectors/v2/FabricGateway] 	Connecting user with identity _WholesalersMSP_User0 to a Network Gateway
2026.08.11-09:18:28.479[32m info [39m [caliper] [connectors/v2/FabricGateway] 	Connecting user with identity _WholesalersMSP_User0 to a Network Gateway
2026.08.11-09:18:28.486[32m info [39m [caliper] [connectors/v2/FabricGateway] 	Successfully connected user with identity _WholesalersMSP_User0 to a Network Gateway
2026.08.11-09:18:28.486[32m info [39m [caliper] [connectors/v2/FabricGateway] 	Generating contract map for user _WholesalersMSP_User0
2026.08.11-09:18:28.490[32m info [39m [caliper] [connectors/v2/FabricGateway] 	Connecting user with identity _WholesalersMSP_User1 to a Network Gateway
2026.08.11-09:18:28.508[32m info [39m [caliper] [connectors/v2/FabricGateway] 	Successfully connected user with identity _WholesalersMSP_User0 to a Network Gateway
2026.08.11-09:18:28.508[32m info [39m [caliper] [connectors/v2/FabricGateway] 	Generating contract map for user _WholesalersMSP_User0
2026.08.11-09:18:28.524[32m info [39m [caliper] [connectors/v2/FabricGateway] 	Successfully connected user with identity _WholesalersMSP_User0 to a Network Gateway
2026.08.11-09:18:28.524[32m info [39m [caliper] [connectors/v2/FabricGateway] 	Generating contract map for user _WholesalersMSP_User0
2026.08.11-09:18:28.537[32m info [39m [caliper] [connectors/v2/FabricGateway] 	Connecting user with identity _WholesalersMSP_User1 to a Network Gateway
2026.08.11-09:18:28.553[32m info [39m [caliper] [connectors/v2/FabricGateway] 	Successfully connected user with identity _WholesalersMSP_User0 to a Network Gateway
2026.08.11-09:18:28.554[32m info [39m [caliper] [connectors/v2/FabricGateway] 	Generating contract map for user _WholesalersMSP_User0
2026.08.11-09:18:28.560[32m info [39m [caliper] [connectors/v2/FabricGateway] 	Successfully connected user with identity _WholesalersMSP_User1 to a Network Gateway
2026.08.11-09:18:28.560[32m info [39m [caliper] [connectors/v2/FabricGateway] 	Generating contract map for user _WholesalersMSP_User1
2026.08.11-09:18:28.561[32m info [39m [caliper] [connectors/v2/FabricGateway] 	Connecting user with identity _WholesalersMSP_User1 to a Network Gateway
2026.08.11-09:18:28.584[32m info [39m [caliper] [connectors/v2/FabricGateway] 	Connecting user with identity _WholesalersMSP_User1 to a Network Gateway
2026.08.11-09:18:28.612[32m info [39m [caliper] [connectors/v2/FabricGateway] 	Connecting user with identity _WholesalersMSP_User1 to a Network Gateway
2026.08.11-09:18:28.617[32m info [39m [caliper] [connectors/v2/FabricGateway] 	Successfully connected user with identity _WholesalersMSP_User1 to a Network Gateway
2026.08.11-09:18:28.617[32m info [39m [caliper] [connectors/v2/FabricGateway] 	Generating contract map for user _WholesalersMSP_User1
2026.08.11-09:18:28.617[32m info [39m [caliper] [connectors/v2/FabricGateway] 	Connecting user with identity _WholesalersMSP_User2 to a Network Gateway
2026.08.11-09:18:28.638[32m info [39m [caliper] [connectors/v2/FabricGateway] 	Successfully connected user with identity _WholesalersMSP_User1 to a Network Gateway
2026.08.11-09:18:28.638[32m info [39m [caliper] [connectors/v2/FabricGateway] 	Generating contract map for user _WholesalersMSP_User1
2026.08.11-09:18:28.655[32m info [39m [caliper] [connectors/v2/FabricGateway] 	Successfully connected user with identity _WholesalersMSP_User1 to a Network Gateway
2026.08.11-09:18:28.655[32m info [39m [caliper] [connectors/v2/FabricGateway] 	Generating contract map for user _WholesalersMSP_User1
2026.08.11-09:18:28.674[32m info [39m [caliper] [connectors/v2/FabricGateway] 	Connecting user with identity _WholesalersMSP_User2 to a Network Gateway
2026.08.11-09:18:28.690[32m info [39m [caliper] [connectors/v2/FabricGateway] 	Successfully connected user with identity _WholesalersMSP_User2 to a Network Gateway
2026.08.11-09:18:28.690[32m info [39m [caliper] [connectors/v2/FabricGateway] 	Generating contract map for user _WholesalersMSP_User2
2026.08.11-09:18:28.692[32m info [39m [caliper] [connectors/v2/FabricGateway] 	Connecting user with identity _WholesalersMSP_User2 to a Network Gateway
2026.08.11-09:18:28.693[32m info [39m [caliper] [connectors/v2/FabricGateway] 	Successfully connected user with identity _WholesalersMSP_User1 to a Network Gateway
2026.08.11-09:18:28.693[32m info [39m [caliper] [connectors/v2/FabricGateway] 	Generating contract map for user _WholesalersMSP_User1
2026.08.11-09:18:28.713[32m info [39m [caliper] [connectors/v2/FabricGateway] 	Connecting user with identity _WholesalersMSP_User2 to a Network Gateway
2026.08.11-09:18:28.745[32m info [39m [caliper] [connectors/v2/FabricGateway] 	Connecting user with identity _WholesalersMSP_User3 to a Network Gateway
2026.08.11-09:18:28.749[32m info [39m [caliper] [connectors/v2/FabricGateway] 	Successfully connected user with identity _WholesalersMSP_User2 to a Network Gateway
2026.08.11-09:18:28.750[32m info [39m [caliper] [connectors/v2/FabricGateway] 	Generating contract map for user _WholesalersMSP_User2
2026.08.11-09:18:28.750[32m info [39m [caliper] [connectors/v2/FabricGateway] 	Connecting user with identity _WholesalersMSP_User2 to a Network Gateway
2026.08.11-09:18:28.762[32m info [39m [caliper] [connectors/v2/FabricGateway] 	Successfully connected user with identity _WholesalersMSP_User2 to a Network Gateway
2026.08.11-09:18:28.763[32m info [39m [caliper] [connectors/v2/FabricGateway] 	Generating contract map for user _WholesalersMSP_User2
2026.08.11-09:18:28.805[32m info [39m [caliper] [connectors/v2/FabricGateway] 	Connecting user with identity _WholesalersMSP_User3 to a Network Gateway
2026.08.11-09:18:28.806[32m info [39m [caliper] [connectors/v2/FabricGateway] 	Successfully connected user with identity _WholesalersMSP_User2 to a Network Gateway
2026.08.11-09:18:28.807[32m info [39m [caliper] [connectors/v2/FabricGateway] 	Generating contract map for user _WholesalersMSP_User2
2026.08.11-09:18:28.815[32m info [39m [caliper] [connectors/v2/FabricGateway] 	Connecting user with identity _WholesalersMSP_User3 to a Network Gateway
2026.08.11-09:18:28.822[32m info [39m [caliper] [connectors/v2/FabricGateway] 	Successfully connected user with identity _WholesalersMSP_User3 to a Network Gateway
2026.08.11-09:18:28.823[32m info [39m [caliper] [connectors/v2/FabricGateway] 	Generating contract map for user _WholesalersMSP_User3
2026.08.11-09:18:28.825[32m info [39m [caliper] [connectors/v2/FabricGateway] 	Successfully connected user with identity _WholesalersMSP_User2 to a Network Gateway
2026.08.11-09:18:28.826[32m info [39m [caliper] [connectors/v2/FabricGateway] 	Generating contract map for user _WholesalersMSP_User2
2026.08.11-09:18:28.859[32m info [39m [caliper] [connectors/v2/FabricGateway] 	Connecting user with identity _WholesalersMSP_User3 to a Network Gateway
2026.08.11-09:18:28.874[32m info [39m [caliper] [connectors/v2/FabricGateway] 	Successfully connected user with identity _WholesalersMSP_User3 to a Network Gateway
2026.08.11-09:18:28.875[32m info [39m [caliper] [connectors/v2/FabricGateway] 	Generating contract map for user _WholesalersMSP_User3
2026.08.11-09:18:28.877[32m info [39m [caliper] [connectors/v2/FabricGateway] 	Connecting user with identity _WholesalersMSP_User4 to a Network Gateway
2026.08.11-09:18:28.877[32m info [39m [caliper] [connectors/v2/FabricGateway] 	Connecting user with identity _WholesalersMSP_User3 to a Network Gateway
2026.08.11-09:18:28.888[32m info [39m [caliper] [connectors/v2/FabricGateway] 	Successfully connected user with identity _WholesalersMSP_User3 to a Network Gateway
2026.08.11-09:18:28.888[32m info [39m [caliper] [connectors/v2/FabricGateway] 	Generating contract map for user _WholesalersMSP_User3
2026.08.11-09:18:28.928[32m info [39m [caliper] [connectors/v2/FabricGateway] 	Connecting user with identity _WholesalersMSP_User4 to a Network Gateway
2026.08.11-09:18:28.931[32m info [39m [caliper] [connectors/v2/FabricGateway] 	Successfully connected user with identity _WholesalersMSP_User3 to a Network Gateway
2026.08.11-09:18:28.931[32m info [39m [caliper] [connectors/v2/FabricGateway] 	Generating contract map for user _WholesalersMSP_User3
2026.08.11-09:18:28.942[32m info [39m [caliper] [connectors/v2/FabricGateway] 	Connecting user with identity _WholesalersMSP_User4 to a Network Gateway
2026.08.11-09:18:28.944[32m info [39m [caliper] [connectors/v2/FabricGateway] 	Successfully connected user with identity _WholesalersMSP_User3 to a Network Gateway
2026.08.11-09:18:28.945[32m info [39m [caliper] [connectors/v2/FabricGateway] 	Generating contract map for user _WholesalersMSP_User3
2026.08.11-09:18:28.945[32m info [39m [caliper] [connectors/v2/FabricGateway] 	Successfully connected user with identity _WholesalersMSP_User4 to a Network Gateway
2026.08.11-09:18:28.945[32m info [39m [caliper] [connectors/v2/FabricGateway] 	Generating contract map for user _WholesalersMSP_User4
2026.08.11-09:18:28.981[32m info [39m [caliper] [connectors/v2/FabricGateway] 	Connecting user with identity _WholesalersMSP_User4 to a Network Gateway
2026.08.11-09:18:28.996[32m info [39m [caliper] [connectors/v2/FabricGateway] 	Connecting user with identity _WholesalersMSP_User4 to a Network Gateway
2026.08.11-09:18:28.996[32m info [39m [caliper] [connectors/v2/FabricGateway] 	Connecting user with identity _WholesalersMSP_User5 to a Network Gateway
2026.08.11-09:18:29.001[32m info [39m [caliper] [connectors/v2/FabricGateway] 	Successfully connected user with identity _WholesalersMSP_User4 to a Network Gateway
2026.08.11-09:18:29.002[32m info [39m [caliper] [connectors/v2/FabricGateway] 	Generating contract map for user _WholesalersMSP_User4
2026.08.11-09:18:29.018[32m info [39m [caliper] [connectors/v2/FabricGateway] 	Successfully connected user with identity _WholesalersMSP_User4 to a Network Gateway
2026.08.11-09:18:29.019[32m info [39m [caliper] [connectors/v2/FabricGateway] 	Generating contract map for user _WholesalersMSP_User4
2026.08.11-09:18:29.053[32m info [39m [caliper] [connectors/v2/FabricGateway] 	Connecting user with identity _WholesalersMSP_User5 to a Network Gateway
2026.08.11-09:18:29.055[32m info [39m [caliper] [connectors/v2/FabricGateway] 	Successfully connected user with identity _WholesalersMSP_User4 to a Network Gateway
2026.08.11-09:18:29.055[32m info [39m [caliper] [connectors/v2/FabricGateway] 	Generating contract map for user _WholesalersMSP_User4
2026.08.11-09:18:29.064[32m info [39m [caliper] [connectors/v2/FabricGateway] 	Successfully connected user with identity _WholesalersMSP_User5 to a Network Gateway
2026.08.11-09:18:29.064[32m info [39m [caliper] [connectors/v2/FabricGateway] 	Generating contract map for user _WholesalersMSP_User5
2026.08.11-09:18:29.069[32m info [39m [caliper] [connectors/v2/FabricGateway] 	Successfully connected user with identity _WholesalersMSP_User4 to a Network Gateway
2026.08.11-09:18:29.069[32m info [39m [caliper] [connectors/v2/FabricGateway] 	Generating contract map for user _WholesalersMSP_User4
2026.08.11-09:18:29.075[32m info [39m [caliper] [connectors/v2/FabricGateway] 	Connecting user with identity _WholesalersMSP_User5 to a Network Gateway
2026.08.11-09:18:29.106[32m info [39m [caliper] [connectors/v2/FabricGateway] 	Connecting user with identity _WholesalersMSP_User5 to a Network Gateway
2026.08.11-09:18:29.111[32m info [39m [caliper] [connectors/v2/FabricGateway] 	Connecting user with identity _RetailersMSP_User0 to a Network Gateway
2026.08.11-09:18:29.119[32m info [39m [caliper] [connectors/v2/FabricGateway] 	Connecting user with identity _WholesalersMSP_User5 to a Network Gateway
2026.08.11-09:18:29.126[32m info [39m [caliper] [connectors/v2/FabricGateway] 	Successfully connected user with identity _WholesalersMSP_User5 to a Network Gateway
2026.08.11-09:18:29.126[32m info [39m [caliper] [connectors/v2/FabricGateway] 	Generating contract map for user _WholesalersMSP_User5
2026.08.11-09:18:29.147[32m info [39m [caliper] [connectors/v2/FabricGateway] 	Successfully connected user with identity _WholesalersMSP_User5 to a Network Gateway
2026.08.11-09:18:29.147[32m info [39m [caliper] [connectors/v2/FabricGateway] 	Generating contract map for user _WholesalersMSP_User5
2026.08.11-09:18:29.176[32m info [39m [caliper] [connectors/v2/FabricGateway] 	Successfully connected user with identity _WholesalersMSP_User5 to a Network Gateway
2026.08.11-09:18:29.176[32m info [39m [caliper] [connectors/v2/FabricGateway] 	Generating contract map for user _WholesalersMSP_User5
2026.08.11-09:18:29.178[32m info [39m [caliper] [connectors/v2/FabricGateway] 	Successfully connected user with identity _RetailersMSP_User0 to a Network Gateway
2026.08.11-09:18:29.178[32m info [39m [caliper] [connectors/v2/FabricGateway] 	Generating contract map for user _RetailersMSP_User0
2026.08.11-09:18:29.184[32m info [39m [caliper] [connectors/v2/FabricGateway] 	Connecting user with identity _RetailersMSP_User0 to a Network Gateway
2026.08.11-09:18:29.203[32m info [39m [caliper] [connectors/v2/FabricGateway] 	Connecting user with identity _RetailersMSP_User0 to a Network Gateway
2026.08.11-09:18:29.204[32m info [39m [caliper] [connectors/v2/FabricGateway] 	Successfully connected user with identity _WholesalersMSP_User5 to a Network Gateway
2026.08.11-09:18:29.205[32m info [39m [caliper] [connectors/v2/FabricGateway] 	Generating contract map for user _WholesalersMSP_User5
2026.08.11-09:18:29.223[32m info [39m [caliper] [connectors/v2/FabricGateway] 	Connecting user with identity _RetailersMSP_User0 to a Network Gateway
2026.08.11-09:18:29.228[32m info [39m [caliper] [connectors/v2/FabricGateway] 	Connecting user with identity _RetailersMSP_User1 to a Network Gateway
2026.08.11-09:18:29.250[32m info [39m [caliper] [connectors/v2/FabricGateway] 	Successfully connected user with identity _RetailersMSP_User0 to a Network Gateway
2026.08.11-09:18:29.250[32m info [39m [caliper] [connectors/v2/FabricGateway] 	Generating contract map for user _RetailersMSP_User0
2026.08.11-09:18:29.255[32m info [39m [caliper] [connectors/v2/FabricGateway] 	Connecting user with identity _RetailersMSP_User0 to a Network Gateway
2026.08.11-09:18:29.268[32m info [39m [caliper] [connectors/v2/FabricGateway] 	Successfully connected user with identity _RetailersMSP_User0 to a Network Gateway
2026.08.11-09:18:29.268[32m info [39m [caliper] [connectors/v2/FabricGateway] 	Generating contract map for user _RetailersMSP_User0
2026.08.11-09:18:29.286[32m info [39m [caliper] [connectors/v2/FabricGateway] 	Successfully connected user with identity _RetailersMSP_User0 to a Network Gateway
2026.08.11-09:18:29.286[32m info [39m [caliper] [connectors/v2/FabricGateway] 	Generating contract map for user _RetailersMSP_User0
2026.08.11-09:18:29.292[32m info [39m [caliper] [connectors/v2/FabricGateway] 	Successfully connected user with identity _RetailersMSP_User1 to a Network Gateway
2026.08.11-09:18:29.293[32m info [39m [caliper] [connectors/v2/FabricGateway] 	Generating contract map for user _RetailersMSP_User1
2026.08.11-09:18:29.301[32m info [39m [caliper] [connectors/v2/FabricGateway] 	Connecting user with identity _RetailersMSP_User1 to a Network Gateway
2026.08.11-09:18:29.322[32m info [39m [caliper] [connectors/v2/FabricGateway] 	Connecting user with identity _RetailersMSP_User1 to a Network Gateway
2026.08.11-09:18:29.335[32m info [39m [caliper] [connectors/v2/FabricGateway] 	Successfully connected user with identity _RetailersMSP_User0 to a Network Gateway
2026.08.11-09:18:29.336[32m info [39m [caliper] [connectors/v2/FabricGateway] 	Generating contract map for user _RetailersMSP_User0
2026.08.11-09:18:29.342[32m info [39m [caliper] [connectors/v2/FabricGateway] 	Connecting user with identity _RetailersMSP_User1 to a Network Gateway
2026.08.11-09:18:29.350[32m info [39m [caliper] [connectors/v2/FabricGateway] 	Connecting user with identity _RetailersMSP_User2 to a Network Gateway
2026.08.11-09:18:29.373[32m info [39m [caliper] [connectors/v2/FabricGateway] 	Successfully connected user with identity _RetailersMSP_User1 to a Network Gateway
2026.08.11-09:18:29.374[32m info [39m [caliper] [connectors/v2/FabricGateway] 	Generating contract map for user _RetailersMSP_User1
2026.08.11-09:18:29.387[32m info [39m [caliper] [connectors/v2/FabricGateway] 	Connecting user with identity _RetailersMSP_User1 to a Network Gateway
2026.08.11-09:18:29.398[32m info [39m [caliper] [connectors/v2/FabricGateway] 	Successfully connected user with identity _RetailersMSP_User1 to a Network Gateway
2026.08.11-09:18:29.398[32m info [39m [caliper] [connectors/v2/FabricGateway] 	Generating contract map for user _RetailersMSP_User1
2026.08.11-09:18:29.419[32m info [39m [caliper] [connectors/v2/FabricGateway] 	Successfully connected user with identity _RetailersMSP_User1 to a Network Gateway
2026.08.11-09:18:29.419[32m info [39m [caliper] [connectors/v2/FabricGateway] 	Generating contract map for user _RetailersMSP_User1
2026.08.11-09:18:29.426[32m info [39m [caliper] [connectors/v2/FabricGateway] 	Connecting user with identity _RetailersMSP_User2 to a Network Gateway
2026.08.11-09:18:29.431[32m info [39m [caliper] [connectors/v2/FabricGateway] 	Successfully connected user with identity _RetailersMSP_User2 to a Network Gateway
2026.08.11-09:18:29.431[32m info [39m [caliper] [connectors/v2/FabricGateway] 	Generating contract map for user _RetailersMSP_User2
2026.08.11-09:18:29.451[32m info [39m [caliper] [connectors/v2/FabricGateway] 	Connecting user with identity _RetailersMSP_User2 to a Network Gateway
2026.08.11-09:18:29.462[32m info [39m [caliper] [connectors/v2/FabricGateway] 	Successfully connected user with identity _RetailersMSP_User1 to a Network Gateway
2026.08.11-09:18:29.462[32m info [39m [caliper] [connectors/v2/FabricGateway] 	Generating contract map for user _RetailersMSP_User1
2026.08.11-09:18:29.478[32m info [39m [caliper] [connectors/v2/FabricGateway] 	Connecting user with identity _RetailersMSP_User2 to a Network Gateway
2026.08.11-09:18:29.486[32m info [39m [caliper] [connectors/v2/FabricGateway] 	Connecting user with identity _RetailersMSP_User3 to a Network Gateway
2026.08.11-09:18:29.502[32m info [39m [caliper] [connectors/v2/FabricGateway] 	Successfully connected user with identity _RetailersMSP_User2 to a Network Gateway
2026.08.11-09:18:29.502[32m info [39m [caliper] [connectors/v2/FabricGateway] 	Generating contract map for user _RetailersMSP_User2
2026.08.11-09:18:29.517[32m info [39m [caliper] [connectors/v2/FabricGateway] 	Connecting user with identity _RetailersMSP_User2 to a Network Gateway
2026.08.11-09:18:29.525[32m info [39m [caliper] [connectors/v2/FabricGateway] 	Successfully connected user with identity _RetailersMSP_User2 to a Network Gateway
2026.08.11-09:18:29.525[32m info [39m [caliper] [connectors/v2/FabricGateway] 	Generating contract map for user _RetailersMSP_User2
2026.08.11-09:18:29.548[32m info [39m [caliper] [connectors/v2/FabricGateway] 	Successfully connected user with identity _RetailersMSP_User2 to a Network Gateway
2026.08.11-09:18:29.549[32m info [39m [caliper] [connectors/v2/FabricGateway] 	Generating contract map for user _RetailersMSP_User2
2026.08.11-09:18:29.556[32m info [39m [caliper] [connectors/v2/FabricGateway] 	Connecting user with identity _RetailersMSP_User3 to a Network Gateway
2026.08.11-09:18:29.561[32m info [39m [caliper] [connectors/v2/FabricGateway] 	Successfully connected user with identity _RetailersMSP_User3 to a Network Gateway
2026.08.11-09:18:29.561[32m info [39m [caliper] [connectors/v2/FabricGateway] 	Generating contract map for user _RetailersMSP_User3
2026.08.11-09:18:29.583[32m info [39m [caliper] [connectors/v2/FabricGateway] 	Connecting user with identity _RetailersMSP_User3 to a Network Gateway
2026.08.11-09:18:29.592[32m info [39m [caliper] [connectors/v2/FabricGateway] 	Successfully connected user with identity _RetailersMSP_User2 to a Network Gateway
2026.08.11-09:18:29.592[32m info [39m [caliper] [connectors/v2/FabricGateway] 	Generating contract map for user _RetailersMSP_User2
2026.08.11-09:18:29.637[32m info [39m [caliper] [connectors/v2/FabricGateway] 	Connecting user with identity _RetailersMSP_User3 to a Network Gateway
2026.08.11-09:18:29.637[32m info [39m [caliper] [connectors/v2/FabricGateway] 	Connecting user with identity _RetailersMSP_User4 to a Network Gateway
2026.08.11-09:18:29.653[32m info [39m [caliper] [connectors/v2/FabricGateway] 	Successfully connected user with identity _RetailersMSP_User3 to a Network Gateway
2026.08.11-09:18:29.654[32m info [39m [caliper] [connectors/v2/FabricGateway] 	Generating contract map for user _RetailersMSP_User3
2026.08.11-09:18:29.666[32m info [39m [caliper] [connectors/v2/FabricGateway] 	Connecting user with identity _RetailersMSP_User3 to a Network Gateway
2026.08.11-09:18:29.673[32m info [39m [caliper] [connectors/v2/FabricGateway] 	Successfully connected user with identity _RetailersMSP_User3 to a Network Gateway
2026.08.11-09:18:29.673[32m info [39m [caliper] [connectors/v2/FabricGateway] 	Generating contract map for user _RetailersMSP_User3
2026.08.11-09:18:29.706[32m info [39m [caliper] [connectors/v2/FabricGateway] 	Successfully connected user with identity _RetailersMSP_User4 to a Network Gateway
2026.08.11-09:18:29.706[32m info [39m [caliper] [connectors/v2/FabricGateway] 	Generating contract map for user _RetailersMSP_User4
2026.08.11-09:18:29.706[32m info [39m [caliper] [connectors/v2/FabricGateway] 	Connecting user with identity _RetailersMSP_User4 to a Network Gateway
2026.08.11-09:18:29.709[32m info [39m [caliper] [connectors/v2/FabricGateway] 	Successfully connected user with identity _RetailersMSP_User3 to a Network Gateway
2026.08.11-09:18:29.710[32m info [39m [caliper] [connectors/v2/FabricGateway] 	Generating contract map for user _RetailersMSP_User3
2026.08.11-09:18:29.730[32m info [39m [caliper] [connectors/v2/FabricGateway] 	Connecting user with identity _RetailersMSP_User4 to a Network Gateway
2026.08.11-09:18:29.746[32m info [39m [caliper] [connectors/v2/FabricGateway] 	Successfully connected user with identity _RetailersMSP_User3 to a Network Gateway
2026.08.11-09:18:29.746[32m info [39m [caliper] [connectors/v2/FabricGateway] 	Generating contract map for user _RetailersMSP_User3
2026.08.11-09:18:29.758[32m info [39m [caliper] [connectors/v2/FabricGateway] 	Connecting user with identity _RetailersMSP_User5 to a Network Gateway
2026.08.11-09:18:29.762[32m info [39m [caliper] [connectors/v2/FabricGateway] 	Connecting user with identity _RetailersMSP_User4 to a Network Gateway
2026.08.11-09:18:29.782[32m info [39m [caliper] [connectors/v2/FabricGateway] 	Successfully connected user with identity _RetailersMSP_User4 to a Network Gateway
2026.08.11-09:18:29.782[32m info [39m [caliper] [connectors/v2/FabricGateway] 	Generating contract map for user _RetailersMSP_User4
2026.08.11-09:18:29.802[32m info [39m [caliper] [connectors/v2/FabricGateway] 	Connecting user with identity _RetailersMSP_User4 to a Network Gateway
2026.08.11-09:18:29.803[32m info [39m [caliper] [connectors/v2/FabricGateway] 	Successfully connected user with identity _RetailersMSP_User4 to a Network Gateway
2026.08.11-09:18:29.803[32m info [39m [caliper] [connectors/v2/FabricGateway] 	Generating contract map for user _RetailersMSP_User4
2026.08.11-09:18:29.835[32m info [39m [caliper] [connectors/v2/FabricGateway] 	Successfully connected user with identity _RetailersMSP_User5 to a Network Gateway
2026.08.11-09:18:29.835[32m info [39m [caliper] [connectors/v2/FabricGateway] 	Generating contract map for user _RetailersMSP_User5
2026.08.11-09:18:29.836[32m info [39m [caliper] [connectors/v2/FabricGateway] 	Successfully connected user with identity _RetailersMSP_User4 to a Network Gateway
2026.08.11-09:18:29.836[32m info [39m [caliper] [connectors/v2/FabricGateway] 	Generating contract map for user _RetailersMSP_User4
2026.08.11-09:18:29.850[32m info [39m [caliper] [connectors/v2/FabricGateway] 	Connecting user with identity _RetailersMSP_User5 to a Network Gateway
2026.08.11-09:18:29.865[32m info [39m [caliper] [connectors/v2/FabricGateway] 	Connecting user with identity _RetailersMSP_User5 to a Network Gateway
2026.08.11-09:18:29.880[32m info [39m [caliper] [connectors/v2/FabricGateway] 	Successfully connected user with identity _RetailersMSP_User4 to a Network Gateway
2026.08.11-09:18:29.881[32m info [39m [caliper] [connectors/v2/FabricGateway] 	Generating contract map for user _RetailersMSP_User4
2026.08.11-09:18:29.901[32m info [39m [caliper] [connectors/v2/FabricGateway] 	Connecting user with identity _ConsumersMSP_User0 to a Network Gateway
2026.08.11-09:18:29.903[32m info [39m [caliper] [connectors/v2/FabricGateway] 	Connecting user with identity _RetailersMSP_User5 to a Network Gateway
2026.08.11-09:18:29.929[32m info [39m [caliper] [connectors/v2/FabricGateway] 	Successfully connected user with identity _RetailersMSP_User5 to a Network Gateway
2026.08.11-09:18:29.929[32m info [39m [caliper] [connectors/v2/FabricGateway] 	Generating contract map for user _RetailersMSP_User5
2026.08.11-09:18:29.941[32m info [39m [caliper] [connectors/v2/FabricGateway] 	Connecting user with identity _RetailersMSP_User5 to a Network Gateway
2026.08.11-09:18:29.947[32m info [39m [caliper] [connectors/v2/FabricGateway] 	Successfully connected user with identity _RetailersMSP_User5 to a Network Gateway
2026.08.11-09:18:29.947[32m info [39m [caliper] [connectors/v2/FabricGateway] 	Generating contract map for user _RetailersMSP_User5
2026.08.11-09:18:29.973[32m info [39m [caliper] [connectors/v2/FabricGateway] 	Successfully connected user with identity _RetailersMSP_User5 to a Network Gateway
2026.08.11-09:18:29.973[32m info [39m [caliper] [connectors/v2/FabricGateway] 	Generating contract map for user _RetailersMSP_User5
2026.08.11-09:18:29.973[32m info [39m [caliper] [connectors/v2/FabricGateway] 	Successfully connected user with identity _ConsumersMSP_User0 to a Network Gateway
2026.08.11-09:18:29.973[32m info [39m [caliper] [connectors/v2/FabricGateway] 	Generating contract map for user _ConsumersMSP_User0
2026.08.11-09:18:29.982[32m info [39m [caliper] [connectors/v2/FabricGateway] 	Connecting user with identity _ConsumersMSP_User0 to a Network Gateway
2026.08.11-09:18:30.003[32m info [39m [caliper] [connectors/v2/FabricGateway] 	Connecting user with identity _ConsumersMSP_User0 to a Network Gateway
2026.08.11-09:18:30.018[32m info [39m [caliper] [connectors/v2/FabricGateway] 	Successfully connected user with identity _RetailersMSP_User5 to a Network Gateway
2026.08.11-09:18:30.018[32m info [39m [caliper] [connectors/v2/FabricGateway] 	Generating contract map for user _RetailersMSP_User5
2026.08.11-09:18:30.028[32m info [39m [caliper] [connectors/v2/FabricGateway] 	Connecting user with identity _ConsumersMSP_User0 to a Network Gateway
2026.08.11-09:18:30.040[32m info [39m [caliper] [connectors/v2/FabricGateway] 	Connecting user with identity _ConsumersMSP_User1 to a Network Gateway
2026.08.11-09:18:30.060[32m info [39m [caliper] [connectors/v2/FabricGateway] 	Successfully connected user with identity _ConsumersMSP_User0 to a Network Gateway
2026.08.11-09:18:30.060[32m info [39m [caliper] [connectors/v2/FabricGateway] 	Generating contract map for user _ConsumersMSP_User0
2026.08.11-09:18:30.070[32m info [39m [caliper] [connectors/v2/FabricGateway] 	Connecting user with identity _ConsumersMSP_User0 to a Network Gateway
2026.08.11-09:18:30.073[32m info [39m [caliper] [connectors/v2/FabricGateway] 	Successfully connected user with identity _ConsumersMSP_User0 to a Network Gateway
2026.08.11-09:18:30.074[32m info [39m [caliper] [connectors/v2/FabricGateway] 	Generating contract map for user _ConsumersMSP_User0
2026.08.11-09:18:30.096[32m info [39m [caliper] [connectors/v2/FabricGateway] 	Successfully connected user with identity _ConsumersMSP_User0 to a Network Gateway
2026.08.11-09:18:30.096[32m info [39m [caliper] [connectors/v2/FabricGateway] 	Generating contract map for user _ConsumersMSP_User0
2026.08.11-09:18:30.110[32m info [39m [caliper] [connectors/v2/FabricGateway] 	Successfully connected user with identity _ConsumersMSP_User1 to a Network Gateway
2026.08.11-09:18:30.110[32m info [39m [caliper] [connectors/v2/FabricGateway] 	Generating contract map for user _ConsumersMSP_User1
2026.08.11-09:18:30.114[32m info [39m [caliper] [connectors/v2/FabricGateway] 	Connecting user with identity _ConsumersMSP_User1 to a Network Gateway
2026.08.11-09:18:30.129[32m info [39m [caliper] [connectors/v2/FabricGateway] 	Connecting user with identity _ConsumersMSP_User1 to a Network Gateway
2026.08.11-09:18:30.141[32m info [39m [caliper] [connectors/v2/FabricGateway] 	Successfully connected user with identity _ConsumersMSP_User0 to a Network Gateway
2026.08.11-09:18:30.141[32m info [39m [caliper] [connectors/v2/FabricGateway] 	Generating contract map for user _ConsumersMSP_User0
2026.08.11-09:18:30.149[32m info [39m [caliper] [connectors/v2/FabricGateway] 	Connecting user with identity _ConsumersMSP_User1 to a Network Gateway
2026.08.11-09:18:30.166[32m info [39m [caliper] [connectors/v2/FabricGateway] 	Connecting user with identity _ConsumersMSP_User2 to a Network Gateway
2026.08.11-09:18:30.186[32m info [39m [caliper] [connectors/v2/FabricGateway] 	Successfully connected user with identity _ConsumersMSP_User1 to a Network Gateway
2026.08.11-09:18:30.186[32m info [39m [caliper] [connectors/v2/FabricGateway] 	Generating contract map for user _ConsumersMSP_User1
2026.08.11-09:18:30.197[32m info [39m [caliper] [connectors/v2/FabricGateway] 	Successfully connected user with identity _ConsumersMSP_User1 to a Network Gateway
2026.08.11-09:18:30.197[32m info [39m [caliper] [connectors/v2/FabricGateway] 	Generating contract map for user _ConsumersMSP_User1
2026.08.11-09:18:30.197[32m info [39m [caliper] [connectors/v2/FabricGateway] 	Connecting user with identity _ConsumersMSP_User1 to a Network Gateway
2026.08.11-09:18:30.220[32m info [39m [caliper] [connectors/v2/FabricGateway] 	Successfully connected user with identity _ConsumersMSP_User1 to a Network Gateway
2026.08.11-09:18:30.220[32m info [39m [caliper] [connectors/v2/FabricGateway] 	Generating contract map for user _ConsumersMSP_User1
2026.08.11-09:18:30.241[32m info [39m [caliper] [connectors/v2/FabricGateway] 	Connecting user with identity _ConsumersMSP_User2 to a Network Gateway
2026.08.11-09:18:30.244[32m info [39m [caliper] [connectors/v2/FabricGateway] 	Successfully connected user with identity _ConsumersMSP_User2 to a Network Gateway
2026.08.11-09:18:30.245[32m info [39m [caliper] [connectors/v2/FabricGateway] 	Generating contract map for user _ConsumersMSP_User2
2026.08.11-09:18:30.254[32m info [39m [caliper] [connectors/v2/FabricGateway] 	Connecting user with identity _ConsumersMSP_User2 to a Network Gateway
2026.08.11-09:18:30.279[32m info [39m [caliper] [connectors/v2/FabricGateway] 	Successfully connected user with identity _ConsumersMSP_User1 to a Network Gateway
2026.08.11-09:18:30.279[32m info [39m [caliper] [connectors/v2/FabricGateway] 	Generating contract map for user _ConsumersMSP_User1
2026.08.11-09:18:30.284[32m info [39m [caliper] [connectors/v2/FabricGateway] 	Connecting user with identity _ConsumersMSP_User2 to a Network Gateway
2026.08.11-09:18:30.296[32m info [39m [caliper] [connectors/v2/FabricGateway] 	Connecting user with identity _ConsumersMSP_User3 to a Network Gateway
2026.08.11-09:18:30.311[32m info [39m [caliper] [connectors/v2/FabricGateway] 	Successfully connected user with identity _ConsumersMSP_User2 to a Network Gateway
2026.08.11-09:18:30.311[32m info [39m [caliper] [connectors/v2/FabricGateway] 	Generating contract map for user _ConsumersMSP_User2
2026.08.11-09:18:30.323[32m info [39m [caliper] [connectors/v2/FabricGateway] 	Successfully connected user with identity _ConsumersMSP_User2 to a Network Gateway
2026.08.11-09:18:30.323[32m info [39m [caliper] [connectors/v2/FabricGateway] 	Generating contract map for user _ConsumersMSP_User2
2026.08.11-09:18:30.331[32m info [39m [caliper] [connectors/v2/FabricGateway] 	Connecting user with identity _ConsumersMSP_User2 to a Network Gateway
2026.08.11-09:18:30.358[32m info [39m [caliper] [connectors/v2/FabricGateway] 	Successfully connected user with identity _ConsumersMSP_User2 to a Network Gateway
2026.08.11-09:18:30.358[32m info [39m [caliper] [connectors/v2/FabricGateway] 	Generating contract map for user _ConsumersMSP_User2
2026.08.11-09:18:30.368[32m info [39m [caliper] [connectors/v2/FabricGateway] 	Connecting user with identity _ConsumersMSP_User3 to a Network Gateway
2026.08.11-09:18:30.369[32m info [39m [caliper] [connectors/v2/FabricGateway] 	Successfully connected user with identity _ConsumersMSP_User3 to a Network Gateway
2026.08.11-09:18:30.370[32m info [39m [caliper] [connectors/v2/FabricGateway] 	Generating contract map for user _ConsumersMSP_User3
2026.08.11-09:18:30.389[32m info [39m [caliper] [connectors/v2/FabricGateway] 	Connecting user with identity _ConsumersMSP_User3 to a Network Gateway
2026.08.11-09:18:30.410[32m info [39m [caliper] [connectors/v2/FabricGateway] 	Successfully connected user with identity _ConsumersMSP_User2 to a Network Gateway
2026.08.11-09:18:30.411[32m info [39m [caliper] [connectors/v2/FabricGateway] 	Generating contract map for user _ConsumersMSP_User2
2026.08.11-09:18:30.418[32m info [39m [caliper] [connectors/v2/FabricGateway] 	Connecting user with identity _ConsumersMSP_User3 to a Network Gateway
2026.08.11-09:18:30.428[32m info [39m [caliper] [connectors/v2/FabricGateway] 	Connecting user with identity _ConsumersMSP_User4 to a Network Gateway
2026.08.11-09:18:30.449[32m info [39m [caliper] [connectors/v2/FabricGateway] 	Successfully connected user with identity _ConsumersMSP_User3 to a Network Gateway
2026.08.11-09:18:30.449[32m info [39m [caliper] [connectors/v2/FabricGateway] 	Generating contract map for user _ConsumersMSP_User3
2026.08.11-09:18:30.468[32m info [39m [caliper] [connectors/v2/FabricGateway] 	Connecting user with identity _ConsumersMSP_User3 to a Network Gateway
2026.08.11-09:18:30.471[32m info [39m [caliper] [connectors/v2/FabricGateway] 	Successfully connected user with identity _ConsumersMSP_User3 to a Network Gateway
2026.08.11-09:18:30.471[32m info [39m [caliper] [connectors/v2/FabricGateway] 	Generating contract map for user _ConsumersMSP_User3
2026.08.11-09:18:30.500[32m info [39m [caliper] [connectors/v2/FabricGateway] 	Successfully connected user with identity _ConsumersMSP_User3 to a Network Gateway
2026.08.11-09:18:30.500[32m info [39m [caliper] [connectors/v2/FabricGateway] 	Generating contract map for user _ConsumersMSP_User3
2026.08.11-09:18:30.502[32m info [39m [caliper] [connectors/v2/FabricGateway] 	Successfully connected user with identity _ConsumersMSP_User4 to a Network Gateway
2026.08.11-09:18:30.502[32m info [39m [caliper] [connectors/v2/FabricGateway] 	Generating contract map for user _ConsumersMSP_User4
2026.08.11-09:18:30.509[32m info [39m [caliper] [connectors/v2/FabricGateway] 	Connecting user with identity _ConsumersMSP_User4 to a Network Gateway
2026.08.11-09:18:30.533[32m info [39m [caliper] [connectors/v2/FabricGateway] 	Connecting user with identity _ConsumersMSP_User4 to a Network Gateway
2026.08.11-09:18:30.548[32m info [39m [caliper] [connectors/v2/FabricGateway] 	Successfully connected user with identity _ConsumersMSP_User3 to a Network Gateway
2026.08.11-09:18:30.548[32m info [39m [caliper] [connectors/v2/FabricGateway] 	Generating contract map for user _ConsumersMSP_User3
2026.08.11-09:18:30.558[32m info [39m [caliper] [connectors/v2/FabricGateway] 	Connecting user with identity _ConsumersMSP_User4 to a Network Gateway
2026.08.11-09:18:30.561[32m info [39m [caliper] [connectors/v2/FabricGateway] 	Connecting user with identity _ConsumersMSP_User5 to a Network Gateway
2026.08.11-09:18:30.586[32m info [39m [caliper] [connectors/v2/FabricGateway] 	Successfully connected user with identity _ConsumersMSP_User4 to a Network Gateway
2026.08.11-09:18:30.586[32m info [39m [caliper] [connectors/v2/FabricGateway] 	Generating contract map for user _ConsumersMSP_User4
2026.08.11-09:18:30.604[32m info [39m [caliper] [connectors/v2/FabricGateway] 	Connecting user with identity _ConsumersMSP_User4 to a Network Gateway
2026.08.11-09:18:30.608[32m info [39m [caliper] [connectors/v2/FabricGateway] 	Successfully connected user with identity _ConsumersMSP_User4 to a Network Gateway
2026.08.11-09:18:30.609[32m info [39m [caliper] [connectors/v2/FabricGateway] 	Generating contract map for user _ConsumersMSP_User4
2026.08.11-09:18:30.632[32m info [39m [caliper] [connectors/v2/FabricGateway] 	Successfully connected user with identity _ConsumersMSP_User4 to a Network Gateway
2026.08.11-09:18:30.633[32m info [39m [caliper] [connectors/v2/FabricGateway] 	Generating contract map for user _ConsumersMSP_User4
2026.08.11-09:18:30.636[32m info [39m [caliper] [connectors/v2/FabricGateway] 	Successfully connected user with identity _ConsumersMSP_User5 to a Network Gateway
2026.08.11-09:18:30.636[32m info [39m [caliper] [connectors/v2/FabricGateway] 	Generating contract map for user _ConsumersMSP_User5
2026.08.11-09:18:30.651[32m info [39m [caliper] [connectors/v2/FabricGateway] 	Connecting user with identity _ConsumersMSP_User5 to a Network Gateway
2026.08.11-09:18:30.667[32m info [39m [caliper] [connectors/v2/FabricGateway] 	Connecting user with identity _ConsumersMSP_User5 to a Network Gateway
2026.08.11-09:18:30.676[32m info [39m [caliper] [connectors/v2/FabricGateway] 	Successfully connected user with identity _ConsumersMSP_User4 to a Network Gateway
2026.08.11-09:18:30.676[32m info [39m [caliper] [connectors/v2/FabricGateway] 	Generating contract map for user _ConsumersMSP_User4
2026.08.11-09:18:30.688[32m info [39m [caliper] [connectors/v2/FabricGateway] 	Connecting user with identity _ConsumersMSP_User5 to a Network Gateway
2026.08.11-09:18:30.694[32m info [39m [caliper] [caliper-worker] 	Worker #2 starting workload loop
2026.08.11-09:18:30.719[32m info [39m [caliper] [connectors/v2/FabricGateway] 	Successfully connected user with identity _ConsumersMSP_User5 to a Network Gateway
2026.08.11-09:18:30.719[32m info [39m [caliper] [connectors/v2/FabricGateway] 	Generating contract map for user _ConsumersMSP_User5
2026.08.11-09:18:30.729[32m info [39m [caliper] [connectors/v2/FabricGateway] 	Connecting user with identity _ConsumersMSP_User5 to a Network Gateway
2026.08.11-09:18:30.742[32m info [39m [caliper] [connectors/v2/FabricGateway] 	Successfully connected user with identity _ConsumersMSP_User5 to a Network Gateway
2026.08.11-09:18:30.742[32m info [39m [caliper] [connectors/v2/FabricGateway] 	Generating contract map for user _ConsumersMSP_User5
2026.08.11-09:18:30.762[32m info [39m [caliper] [connectors/v2/FabricGateway] 	Successfully connected user with identity _ConsumersMSP_User5 to a Network Gateway
2026.08.11-09:18:30.762[32m info [39m [caliper] [connectors/v2/FabricGateway] 	Generating contract map for user _ConsumersMSP_User5
2026.08.11-09:18:30.780[32m info [39m [caliper] [caliper-worker] 	Worker #3 starting workload loop
2026.08.11-09:18:30.800[32m info [39m [caliper] [caliper-worker] 	Worker #1 starting workload loop
2026.08.11-09:18:30.802[32m info [39m [caliper] [connectors/v2/FabricGateway] 	Successfully connected user with identity _ConsumersMSP_User5 to a Network Gateway
2026.08.11-09:18:30.802[32m info [39m [caliper] [connectors/v2/FabricGateway] 	Generating contract map for user _ConsumersMSP_User5
2026.08.11-09:18:30.826[32m info [39m [caliper] [caliper-worker] 	Worker #0 starting workload loop
2026.08.11-09:18:30.870[32m info [39m [caliper] [caliper-worker] 	Worker #4 starting workload loop
2026.08.11-09:18:31.711[32m info [39m [caliper] [default-observer] 	[closeauction_round1@300 Round 0 Transaction Info] - Submitted: 60 Succ: 48 Fail:0 Unfinished:12

📊 ===== CloseAuction Worker 2 Summary =====
   ✅ Real Transactions   : 60
   🟡 Dummy Transactions  : 0
   ❌ Failed Transactions : 0
   📈 Total Submitted     : 60
   ⚖️ Dummy Ratio        : 0.00%
   📦 Total Payload       : 1.4932 KB
   📏 Avg Payload         : 25.48 bytes
   📐 Max Payload         : 26 bytes
   🧮 Payload Samples     : 60
2026.08.11-09:18:32.882[32m info [39m [caliper] [connectors/v2/FabricGateway] 	disconnecting gateway for user User0
2026.08.11-09:18:32.883[32m info [39m [caliper] [connectors/v2/FabricGateway] 	disconnecting gateway for user User1
2026.08.11-09:18:32.883[32m info [39m [caliper] [connectors/v2/FabricGateway] 	disconnecting gateway for user User2
2026.08.11-09:18:32.884[32m info [39m [caliper] [connectors/v2/FabricGateway] 	disconnecting gateway for user User3
2026.08.11-09:18:32.884[32m info [39m [caliper] [connectors/v2/FabricGateway] 	disconnecting gateway for user User4
2026.08.11-09:18:32.884[32m info [39m [caliper] [connectors/v2/FabricGateway] 	disconnecting gateway for user User5
2026.08.11-09:18:32.884[32m info [39m [caliper] [connectors/v2/FabricGateway] 	disconnecting gateway for user _AuctioncentersMSP_User0
2026.08.11-09:18:32.885[32m info [39m [caliper] [connectors/v2/FabricGateway] 	disconnecting gateway for user _AuctioncentersMSP_User1
2026.08.11-09:18:32.885[32m info [39m [caliper] [connectors/v2/FabricGateway] 	disconnecting gateway for user _AuctioncentersMSP_User2
2026.08.11-09:18:32.885[32m info [39m [caliper] [connectors/v2/FabricGateway] 	disconnecting gateway for user _AuctioncentersMSP_User3
2026.08.11-09:18:32.886[32m info [39m [caliper] [connectors/v2/FabricGateway] 	disconnecting gateway for user _AuctioncentersMSP_User4
2026.08.11-09:18:32.886[32m info [39m [caliper] [connectors/v2/FabricGateway] 	disconnecting gateway for user _AuctioncentersMSP_User5
2026.08.11-09:18:32.887[32m info [39m [caliper] [connectors/v2/FabricGateway] 	disconnecting gateway for user _WholesalersMSP_User0
2026.08.11-09:18:32.887[32m info [39m [caliper] [connectors/v2/FabricGateway] 	disconnecting gateway for user _WholesalersMSP_User1
2026.08.11-09:18:32.887[32m info [39m [caliper] [connectors/v2/FabricGateway] 	disconnecting gateway for user _WholesalersMSP_User2
2026.08.11-09:18:32.887[32m info [39m [caliper] [connectors/v2/FabricGateway] 	disconnecting gateway for user _WholesalersMSP_User3
2026.08.11-09:18:32.888[32m info [39m [caliper] [connectors/v2/FabricGateway] 	disconnecting gateway for user _WholesalersMSP_User4
2026.08.11-09:18:32.888[32m info [39m [caliper] [connectors/v2/FabricGateway] 	disconnecting gateway for user _WholesalersMSP_User5
2026.08.11-09:18:32.889[32m info [39m [caliper] [connectors/v2/FabricGateway] 	disconnecting gateway for user _RetailersMSP_User0
2026.08.11-09:18:32.889[32m info [39m [caliper] [connectors/v2/FabricGateway] 	disconnecting gateway for user _RetailersMSP_User1
2026.08.11-09:18:32.889[32m info [39m [caliper] [connectors/v2/FabricGateway] 	disconnecting gateway for user _RetailersMSP_User2
2026.08.11-09:18:32.890[32m info [39m [caliper] [connectors/v2/FabricGateway] 	disconnecting gateway for user _RetailersMSP_User3
2026.08.11-09:18:32.890[32m info [39m [caliper] [connectors/v2/FabricGateway] 	disconnecting gateway for user _RetailersMSP_User4
2026.08.11-09:18:32.891[32m info [39m [caliper] [connectors/v2/FabricGateway] 	disconnecting gateway for user _RetailersMSP_User5
2026.08.11-09:18:32.891[32m info [39m [caliper] [connectors/v2/FabricGateway] 	disconnecting gateway for user _ConsumersMSP_User0
2026.08.11-09:18:32.891[32m info [39m [caliper] [connectors/v2/FabricGateway] 	disconnecting gateway for user _ConsumersMSP_User1
2026.08.11-09:18:32.892[32m info [39m [caliper] [connectors/v2/FabricGateway] 	disconnecting gateway for user _ConsumersMSP_User2
2026.08.11-09:18:32.892[32m info [39m [caliper] [connectors/v2/FabricGateway] 	disconnecting gateway for user _ConsumersMSP_User3
2026.08.11-09:18:32.892[32m info [39m [caliper] [connectors/v2/FabricGateway] 	disconnecting gateway for user _ConsumersMSP_User4
2026.08.11-09:18:32.893[32m info [39m [caliper] [connectors/v2/FabricGateway] 	disconnecting gateway for user _ConsumersMSP_User5
2026.08.11-09:18:32.893[32m info [39m [caliper] [worker-message-handler] 	Worker#2 finished Round#0

📊 ===== CloseAuction Worker 4 Summary =====
   ✅ Real Transactions   : 60
   🟡 Dummy Transactions  : 0
   ❌ Failed Transactions : 0
   📈 Total Submitted     : 60
   ⚖️ Dummy Ratio        : 0.00%
   📦 Total Payload       : 1.5088 KB
   📏 Avg Payload         : 25.75 bytes
   📐 Max Payload         : 26 bytes
   🧮 Payload Samples     : 60
2026.08.11-09:18:32.958[32m info [39m [caliper] [connectors/v2/FabricGateway] 	disconnecting gateway for user User0
2026.08.11-09:18:32.959[32m info [39m [caliper] [connectors/v2/FabricGateway] 	disconnecting gateway for user User1
2026.08.11-09:18:32.959[32m info [39m [caliper] [connectors/v2/FabricGateway] 	disconnecting gateway for user User2
2026.08.11-09:18:32.960[32m info [39m [caliper] [connectors/v2/FabricGateway] 	disconnecting gateway for user User3
2026.08.11-09:18:32.960[32m info [39m [caliper] [connectors/v2/FabricGateway] 	disconnecting gateway for user User4
2026.08.11-09:18:32.961[32m info [39m [caliper] [connectors/v2/FabricGateway] 	disconnecting gateway for user User5
2026.08.11-09:18:32.961[32m info [39m [caliper] [connectors/v2/FabricGateway] 	disconnecting gateway for user _AuctioncentersMSP_User0
2026.08.11-09:18:32.961[32m info [39m [caliper] [connectors/v2/FabricGateway] 	disconnecting gateway for user _AuctioncentersMSP_User1
2026.08.11-09:18:32.961[32m info [39m [caliper] [connectors/v2/FabricGateway] 	disconnecting gateway for user _AuctioncentersMSP_User2
2026.08.11-09:18:32.962[32m info [39m [caliper] [connectors/v2/FabricGateway] 	disconnecting gateway for user _AuctioncentersMSP_User3
2026.08.11-09:18:32.962[32m info [39m [caliper] [connectors/v2/FabricGateway] 	disconnecting gateway for user _AuctioncentersMSP_User4
2026.08.11-09:18:32.962[32m info [39m [caliper] [connectors/v2/FabricGateway] 	disconnecting gateway for user _AuctioncentersMSP_User5
2026.08.11-09:18:32.963[32m info [39m [caliper] [connectors/v2/FabricGateway] 	disconnecting gateway for user _WholesalersMSP_User0
2026.08.11-09:18:32.964[32m info [39m [caliper] [connectors/v2/FabricGateway] 	disconnecting gateway for user _WholesalersMSP_User1
2026.08.11-09:18:32.964[32m info [39m [caliper] [connectors/v2/FabricGateway] 	disconnecting gateway for user _WholesalersMSP_User2
2026.08.11-09:18:32.964[32m info [39m [caliper] [connectors/v2/FabricGateway] 	disconnecting gateway for user _WholesalersMSP_User3
2026.08.11-09:18:32.965[32m info [39m [caliper] [connectors/v2/FabricGateway] 	disconnecting gateway for user _WholesalersMSP_User4
2026.08.11-09:18:32.965[32m info [39m [caliper] [connectors/v2/FabricGateway] 	disconnecting gateway for user _WholesalersMSP_User5
2026.08.11-09:18:32.965[32m info [39m [caliper] [connectors/v2/FabricGateway] 	disconnecting gateway for user _RetailersMSP_User0
2026.08.11-09:18:32.965[32m info [39m [caliper] [connectors/v2/FabricGateway] 	disconnecting gateway for user _RetailersMSP_User1
2026.08.11-09:18:32.965[32m info [39m [caliper] [connectors/v2/FabricGateway] 	disconnecting gateway for user _RetailersMSP_User2
2026.08.11-09:18:32.966[32m info [39m [caliper] [connectors/v2/FabricGateway] 	disconnecting gateway for user _RetailersMSP_User3
2026.08.11-09:18:32.966[32m info [39m [caliper] [connectors/v2/FabricGateway] 	disconnecting gateway for user _RetailersMSP_User4
2026.08.11-09:18:32.966[32m info [39m [caliper] [connectors/v2/FabricGateway] 	disconnecting gateway for user _RetailersMSP_User5
2026.08.11-09:18:32.966[32m info [39m [caliper] [connectors/v2/FabricGateway] 	disconnecting gateway for user _ConsumersMSP_User0
2026.08.11-09:18:32.967[32m info [39m [caliper] [connectors/v2/FabricGateway] 	disconnecting gateway for user _ConsumersMSP_User1
2026.08.11-09:18:32.967[32m info [39m [caliper] [connectors/v2/FabricGateway] 	disconnecting gateway for user _ConsumersMSP_User2
2026.08.11-09:18:32.967[32m info [39m [caliper] [connectors/v2/FabricGateway] 	disconnecting gateway for user _ConsumersMSP_User3

📊 ===== CloseAuction Worker 3 Summary =====
   ✅ Real Transactions   : 60
   🟡 Dummy Transactions  : 0
   ❌ Failed Transactions : 0
   📈 Total Submitted     : 60
   ⚖️ Dummy Ratio        : 0.00%
   📦 Total Payload       : 1.5000 KB
   📏 Avg Payload         : 25.60 bytes
   📐 Max Payload         : 26 bytes
   🧮 Payload Samples     : 60
2026.08.11-09:18:32.967[32m info [39m [caliper] [connectors/v2/FabricGateway] 	disconnecting gateway for user _ConsumersMSP_User4
2026.08.11-09:18:32.967[32m info [39m [caliper] [connectors/v2/FabricGateway] 	disconnecting gateway for user User0
2026.08.11-09:18:32.968[32m info [39m [caliper] [connectors/v2/FabricGateway] 	disconnecting gateway for user _ConsumersMSP_User5
2026.08.11-09:18:32.968[32m info [39m [caliper] [worker-message-handler] 	Worker#4 finished Round#0
2026.08.11-09:18:32.968[32m info [39m [caliper] [connectors/v2/FabricGateway] 	disconnecting gateway for user User1
2026.08.11-09:18:32.969[32m info [39m [caliper] [connectors/v2/FabricGateway] 	disconnecting gateway for user User2
2026.08.11-09:18:32.969[32m info [39m [caliper] [connectors/v2/FabricGateway] 	disconnecting gateway for user User3
2026.08.11-09:18:32.970[32m info [39m [caliper] [connectors/v2/FabricGateway] 	disconnecting gateway for user User4
2026.08.11-09:18:32.970[32m info [39m [caliper] [connectors/v2/FabricGateway] 	disconnecting gateway for user User5
2026.08.11-09:18:32.971[32m info [39m [caliper] [connectors/v2/FabricGateway] 	disconnecting gateway for user _AuctioncentersMSP_User0
2026.08.11-09:18:32.971[32m info [39m [caliper] [connectors/v2/FabricGateway] 	disconnecting gateway for user _AuctioncentersMSP_User1
2026.08.11-09:18:32.972[32m info [39m [caliper] [connectors/v2/FabricGateway] 	disconnecting gateway for user _AuctioncentersMSP_User2
2026.08.11-09:18:32.972[32m info [39m [caliper] [connectors/v2/FabricGateway] 	disconnecting gateway for user _AuctioncentersMSP_User3
2026.08.11-09:18:32.972[32m info [39m [caliper] [connectors/v2/FabricGateway] 	disconnecting gateway for user _AuctioncentersMSP_User4
2026.08.11-09:18:32.973[32m info [39m [caliper] [connectors/v2/FabricGateway] 	disconnecting gateway for user _AuctioncentersMSP_User5
2026.08.11-09:18:32.973[32m info [39m [caliper] [connectors/v2/FabricGateway] 	disconnecting gateway for user _WholesalersMSP_User0
2026.08.11-09:18:32.974[32m info [39m [caliper] [connectors/v2/FabricGateway] 	disconnecting gateway for user _WholesalersMSP_User1
2026.08.11-09:18:32.974[32m info [39m [caliper] [connectors/v2/FabricGateway] 	disconnecting gateway for user _WholesalersMSP_User2
2026.08.11-09:18:32.975[32m info [39m [caliper] [connectors/v2/FabricGateway] 	disconnecting gateway for user _WholesalersMSP_User3
2026.08.11-09:18:32.975[32m info [39m [caliper] [connectors/v2/FabricGateway] 	disconnecting gateway for user _WholesalersMSP_User4
2026.08.11-09:18:32.975[32m info [39m [caliper] [connectors/v2/FabricGateway] 	disconnecting gateway for user _WholesalersMSP_User5
2026.08.11-09:18:32.975[32m info [39m [caliper] [connectors/v2/FabricGateway] 	disconnecting gateway for user _RetailersMSP_User0
2026.08.11-09:18:32.976[32m info [39m [caliper] [connectors/v2/FabricGateway] 	disconnecting gateway for user _RetailersMSP_User1
2026.08.11-09:18:32.976[32m info [39m [caliper] [connectors/v2/FabricGateway] 	disconnecting gateway for user _RetailersMSP_User2
2026.08.11-09:18:32.976[32m info [39m [caliper] [connectors/v2/FabricGateway] 	disconnecting gateway for user _RetailersMSP_User3
2026.08.11-09:18:32.977[32m info [39m [caliper] [connectors/v2/FabricGateway] 	disconnecting gateway for user _RetailersMSP_User4
2026.08.11-09:18:32.977[32m info [39m [caliper] [connectors/v2/FabricGateway] 	disconnecting gateway for user _RetailersMSP_User5
2026.08.11-09:18:32.977[32m info [39m [caliper] [connectors/v2/FabricGateway] 	disconnecting gateway for user _ConsumersMSP_User0
2026.08.11-09:18:32.978[32m info [39m [caliper] [connectors/v2/FabricGateway] 	disconnecting gateway for user _ConsumersMSP_User1
2026.08.11-09:18:32.978[32m info [39m [caliper] [connectors/v2/FabricGateway] 	disconnecting gateway for user _ConsumersMSP_User2
2026.08.11-09:18:32.979[32m info [39m [caliper] [connectors/v2/FabricGateway] 	disconnecting gateway for user _ConsumersMSP_User3
2026.08.11-09:18:32.979[32m info [39m [caliper] [connectors/v2/FabricGateway] 	disconnecting gateway for user _ConsumersMSP_User4
2026.08.11-09:18:32.979[32m info [39m [caliper] [connectors/v2/FabricGateway] 	disconnecting gateway for user _ConsumersMSP_User5
2026.08.11-09:18:32.979[32m info [39m [caliper] [worker-message-handler] 	Worker#3 finished Round#0

📊 ===== CloseAuction Worker 1 Summary =====
   ✅ Real Transactions   : 60
   🟡 Dummy Transactions  : 0
   ❌ Failed Transactions : 0
   📈 Total Submitted     : 60
   ⚖️ Dummy Ratio        : 0.00%
   📦 Total Payload       : 1.5020 KB
   📏 Avg Payload         : 25.63 bytes
   📐 Max Payload         : 26 bytes
   🧮 Payload Samples     : 60
2026.08.11-09:18:32.993[32m info [39m [caliper] [connectors/v2/FabricGateway] 	disconnecting gateway for user User0
2026.08.11-09:18:32.994[32m info [39m [caliper] [connectors/v2/FabricGateway] 	disconnecting gateway for user User1
2026.08.11-09:18:32.994[32m info [39m [caliper] [connectors/v2/FabricGateway] 	disconnecting gateway for user User2
2026.08.11-09:18:32.995[32m info [39m [caliper] [connectors/v2/FabricGateway] 	disconnecting gateway for user User3
2026.08.11-09:18:32.995[32m info [39m [caliper] [connectors/v2/FabricGateway] 	disconnecting gateway for user User4
2026.08.11-09:18:32.996[32m info [39m [caliper] [connectors/v2/FabricGateway] 	disconnecting gateway for user User5
2026.08.11-09:18:32.997[32m info [39m [caliper] [connectors/v2/FabricGateway] 	disconnecting gateway for user _AuctioncentersMSP_User0
2026.08.11-09:18:32.998[32m info [39m [caliper] [connectors/v2/FabricGateway] 	disconnecting gateway for user _AuctioncentersMSP_User1
2026.08.11-09:18:33.000[32m info [39m [caliper] [connectors/v2/FabricGateway] 	disconnecting gateway for user _AuctioncentersMSP_User2
2026.08.11-09:18:33.002[32m info [39m [caliper] [connectors/v2/FabricGateway] 	disconnecting gateway for user _AuctioncentersMSP_User3
2026.08.11-09:18:33.003[32m info [39m [caliper] [connectors/v2/FabricGateway] 	disconnecting gateway for user _AuctioncentersMSP_User4
2026.08.11-09:18:33.003[32m info [39m [caliper] [connectors/v2/FabricGateway] 	disconnecting gateway for user _AuctioncentersMSP_User5
2026.08.11-09:18:33.004[32m info [39m [caliper] [connectors/v2/FabricGateway] 	disconnecting gateway for user _WholesalersMSP_User0
2026.08.11-09:18:33.004[32m info [39m [caliper] [connectors/v2/FabricGateway] 	disconnecting gateway for user _WholesalersMSP_User1
2026.08.11-09:18:33.005[32m info [39m [caliper] [connectors/v2/FabricGateway] 	disconnecting gateway for user _WholesalersMSP_User2
2026.08.11-09:18:33.005[32m info [39m [caliper] [connectors/v2/FabricGateway] 	disconnecting gateway for user _WholesalersMSP_User3
2026.08.11-09:18:33.006[32m info [39m [caliper] [connectors/v2/FabricGateway] 	disconnecting gateway for user _WholesalersMSP_User4
2026.08.11-09:18:33.006[32m info [39m [caliper] [connectors/v2/FabricGateway] 	disconnecting gateway for user _WholesalersMSP_User5
2026.08.11-09:18:33.007[32m info [39m [caliper] [connectors/v2/FabricGateway] 	disconnecting gateway for user _RetailersMSP_User0
2026.08.11-09:18:33.007[32m info [39m [caliper] [connectors/v2/FabricGateway] 	disconnecting gateway for user _RetailersMSP_User1
2026.08.11-09:18:33.008[32m info [39m [caliper] [connectors/v2/FabricGateway] 	disconnecting gateway for user _RetailersMSP_User2
2026.08.11-09:18:33.008[32m info [39m [caliper] [connectors/v2/FabricGateway] 	disconnecting gateway for user _RetailersMSP_User3
2026.08.11-09:18:33.009[32m info [39m [caliper] [connectors/v2/FabricGateway] 	disconnecting gateway for user _RetailersMSP_User4
2026.08.11-09:18:33.009[32m info [39m [caliper] [connectors/v2/FabricGateway] 	disconnecting gateway for user _RetailersMSP_User5
2026.08.11-09:18:33.009[32m info [39m [caliper] [connectors/v2/FabricGateway] 	disconnecting gateway for user _ConsumersMSP_User0
2026.08.11-09:18:33.010[32m info [39m [caliper] [connectors/v2/FabricGateway] 	disconnecting gateway for user _ConsumersMSP_User1
2026.08.11-09:18:33.010[32m info [39m [caliper] [connectors/v2/FabricGateway] 	disconnecting gateway for user _ConsumersMSP_User2
2026.08.11-09:18:33.011[32m info [39m [caliper] [connectors/v2/FabricGateway] 	disconnecting gateway for user _ConsumersMSP_User3
2026.08.11-09:18:33.011[32m info [39m [caliper] [connectors/v2/FabricGateway] 	disconnecting gateway for user _ConsumersMSP_User4
2026.08.11-09:18:33.011[32m info [39m [caliper] [connectors/v2/FabricGateway] 	disconnecting gateway for user _ConsumersMSP_User5
2026.08.11-09:18:33.012[32m info [39m [caliper] [worker-message-handler] 	Worker#1 finished Round#0

📊 ===== CloseAuction Worker 0 Summary =====
   ✅ Real Transactions   : 60
   🟡 Dummy Transactions  : 0
   ❌ Failed Transactions : 0
   📈 Total Submitted     : 60
   ⚖️ Dummy Ratio        : 0.00%
   📦 Total Payload       : 1.4990 KB
   📏 Avg Payload         : 25.58 bytes
   📐 Max Payload         : 26 bytes
   🧮 Payload Samples     : 60
2026.08.11-09:18:33.015[32m info [39m [caliper] [connectors/v2/FabricGateway] 	disconnecting gateway for user User0
2026.08.11-09:18:33.015[32m info [39m [caliper] [connectors/v2/FabricGateway] 	disconnecting gateway for user User1
2026.08.11-09:18:33.016[32m info [39m [caliper] [connectors/v2/FabricGateway] 	disconnecting gateway for user User2
2026.08.11-09:18:33.019[32m info [39m [caliper] [connectors/v2/FabricGateway] 	disconnecting gateway for user User3
2026.08.11-09:18:33.020[32m info [39m [caliper] [connectors/v2/FabricGateway] 	disconnecting gateway for user User4
2026.08.11-09:18:33.020[32m info [39m [caliper] [connectors/v2/FabricGateway] 	disconnecting gateway for user User5
2026.08.11-09:18:33.021[32m info [39m [caliper] [connectors/v2/FabricGateway] 	disconnecting gateway for user _AuctioncentersMSP_User0
2026.08.11-09:18:33.021[32m info [39m [caliper] [connectors/v2/FabricGateway] 	disconnecting gateway for user _AuctioncentersMSP_User1
2026.08.11-09:18:33.023[32m info [39m [caliper] [connectors/v2/FabricGateway] 	disconnecting gateway for user _AuctioncentersMSP_User2
2026.08.11-09:18:33.023[32m info [39m [caliper] [connectors/v2/FabricGateway] 	disconnecting gateway for user _AuctioncentersMSP_User3
2026.08.11-09:18:33.024[32m info [39m [caliper] [connectors/v2/FabricGateway] 	disconnecting gateway for user _AuctioncentersMSP_User4
2026.08.11-09:18:33.024[32m info [39m [caliper] [connectors/v2/FabricGateway] 	disconnecting gateway for user _AuctioncentersMSP_User5
2026.08.11-09:18:33.025[32m info [39m [caliper] [connectors/v2/FabricGateway] 	disconnecting gateway for user _WholesalersMSP_User0
2026.08.11-09:18:33.025[32m info [39m [caliper] [connectors/v2/FabricGateway] 	disconnecting gateway for user _WholesalersMSP_User1
2026.08.11-09:18:33.025[32m info [39m [caliper] [connectors/v2/FabricGateway] 	disconnecting gateway for user _WholesalersMSP_User2
2026.08.11-09:18:33.026[32m info [39m [caliper] [connectors/v2/FabricGateway] 	disconnecting gateway for user _WholesalersMSP_User3
2026.08.11-09:18:33.026[32m info [39m [caliper] [connectors/v2/FabricGateway] 	disconnecting gateway for user _WholesalersMSP_User4
2026.08.11-09:18:33.026[32m info [39m [caliper] [connectors/v2/FabricGateway] 	disconnecting gateway for user _WholesalersMSP_User5
2026.08.11-09:18:33.026[32m info [39m [caliper] [connectors/v2/FabricGateway] 	disconnecting gateway for user _RetailersMSP_User0
2026.08.11-09:18:33.027[32m info [39m [caliper] [connectors/v2/FabricGateway] 	disconnecting gateway for user _RetailersMSP_User1
2026.08.11-09:18:33.027[32m info [39m [caliper] [connectors/v2/FabricGateway] 	disconnecting gateway for user _RetailersMSP_User2
2026.08.11-09:18:33.028[32m info [39m [caliper] [connectors/v2/FabricGateway] 	disconnecting gateway for user _RetailersMSP_User3
2026.08.11-09:18:33.028[32m info [39m [caliper] [connectors/v2/FabricGateway] 	disconnecting gateway for user _RetailersMSP_User4
2026.08.11-09:18:33.028[32m info [39m [caliper] [connectors/v2/FabricGateway] 	disconnecting gateway for user _RetailersMSP_User5
2026.08.11-09:18:33.029[32m info [39m [caliper] [connectors/v2/FabricGateway] 	disconnecting gateway for user _ConsumersMSP_User0
2026.08.11-09:18:33.029[32m info [39m [caliper] [connectors/v2/FabricGateway] 	disconnecting gateway for user _ConsumersMSP_User1
2026.08.11-09:18:33.030[32m info [39m [caliper] [connectors/v2/FabricGateway] 	disconnecting gateway for user _ConsumersMSP_User2
2026.08.11-09:18:33.030[32m info [39m [caliper] [connectors/v2/FabricGateway] 	disconnecting gateway for user _ConsumersMSP_User3
2026.08.11-09:18:33.030[32m info [39m [caliper] [connectors/v2/FabricGateway] 	disconnecting gateway for user _ConsumersMSP_User4
2026.08.11-09:18:33.031[32m info [39m [caliper] [connectors/v2/FabricGateway] 	disconnecting gateway for user _ConsumersMSP_User5
2026.08.11-09:18:33.031[32m info [39m [caliper] [worker-message-handler] 	Worker#0 finished Round#0
2026.08.11-09:18:38.035[32m info [39m [caliper] [default-observer] 	Resetting txCount indicator count
2026.08.11-09:18:38.036[32m info [39m [caliper] [report-builder] 	### Test result ###
2026.08.11-09:18:38.040[32m info [39m [caliper] [report-builder] 	
+-------------------------+------+------+-----------------+-----------------+-----------------+-----------------+------------------+
| Name                    | Succ | Fail | Send Rate (TPS) | Max Latency (s) | Min Latency (s) | Avg Latency (s) | Throughput (TPS) |
|-------------------------|------|------|-----------------|-----------------|-----------------|-----------------|------------------|
| closeauction_round1@300 | 300  | 0    | 259.7           | 0.26            | 0.07            | 0.19            | 245.1            |
+-------------------------+------+------+-----------------+-----------------+-----------------+-----------------+------------------+

2026.08.11-09:18:38.041[32m info [39m [caliper] [round-orchestrator] 	Finished round 1 (closeauction_round1@300) in 1.322 seconds
2026.08.11-09:18:38.041[32m info [39m [caliper] [monitor.js] 	Stopping all monitors
2026.08.11-09:18:38.041[32m info [39m [caliper] [report-builder] 	### All test results ###
2026.08.11-09:18:38.043[32m info [39m [caliper] [report-builder] 	
+-------------------------+------+------+-----------------+-----------------+-----------------+-----------------+------------------+
| Name                    | Succ | Fail | Send Rate (TPS) | Max Latency (s) | Min Latency (s) | Avg Latency (s) | Throughput (TPS) |
|-------------------------|------|------|-----------------|-----------------|-----------------|-----------------|------------------|
| closeauction_round1@300 | 300  | 0    | 259.7           | 0.26            | 0.07            | 0.19            | 245.1            |
+-------------------------+------+------+-----------------+-----------------+-----------------+-----------------+------------------+

2026.08.11-09:18:38.051[32m info [39m [caliper] [report-builder] 	Generated report with path /home/dhanish/fabric_sfc/caliper-bench/report.html
2026.08.11-09:18:38.052[32m info [39m [caliper] [monitor.js] 	Stopping all monitors
2026.08.11-09:18:38.052[32m info [39m [caliper] [worker-orchestrator] 	Sending exit message to connected workers
2026.08.11-09:18:38.053[32m info [39m [caliper] [round-orchestrator] 	Benchmark finished in 15.922 seconds. Total rounds: 1. Successful rounds: 1. Failed rounds: 0.
2026.08.11-09:18:38.053[32m info [39m [caliper] [caliper-engine] 	Network configuration attribute "caliper.command.end" is not present, skipping end command
2026.08.11-09:18:38.053[32m info [39m [caliper] [cli-launch-manager] 	Benchmark successfully finished!
2026.08.11-09:18:38.053[32m info [39m [caliper] [worker-message-handler] 	Worker#0 is exiting
2026.08.11-09:18:38.053[32m info [39m [caliper] [worker-message-handler] 	Worker#2 is exiting
2026.08.11-09:18:38.053[32m info [39m [caliper] [worker-message-handler] 	Worker#1 is exiting
2026.08.11-09:18:38.053[32m info [39m [caliper] [worker-message-handler] 	Worker#3 is exiting
2026.08.11-09:18:38.053[32m info [39m [caliper] [worker-message-handler] 	Worker#4 is exiting
