2026.08.11-09:19:12.141[32m info [39m [caliper] [cli-launch-manager] 	Set workspace path: /home/dhanish/fabric_sfc/caliper-bench
2026.08.11-09:19:12.142[32m info [39m [caliper] [cli-launch-manager] 	Set benchmark configuration path: /home/dhanish/fabric_sfc/caliper-bench/benchmarks/benchmark-farmerreviewbid-agro1008-supply-300.yaml
2026.08.11-09:19:12.142[32m info [39m [caliper] [cli-launch-manager] 	Set network configuration path: /home/dhanish/fabric_sfc/caliper-bench/generated/caliper-network-agro1008-supply.yaml
2026.08.11-09:19:12.142[32m info [39m [caliper] [cli-launch-manager] 	Set SUT type: fabric
2026.08.11-09:19:12.159[32m info [39m [caliper] [benchmark-validator] 	No observer specified, will default to `none`
2026.08.11-09:19:12.159[32m info [39m [caliper] [caliper-engine] 	Starting benchmark flow
2026.08.11-09:19:12.160[32m info [39m [caliper] [caliper-engine] 	Network configuration attribute "caliper.command.start" is not present, skipping start command
2026.08.11-09:19:12.567[32m info [39m [caliper] [FabricConnectorFactory] 	Initializing gateway connector compatible with installed SDK: 2.2.20
2026.08.11-09:19:12.573[32m info [39m [caliper] [IdentityManager] 	Adding User0 (admin=true) as User0 for organization FarmersMSP
2026.08.11-09:19:12.577[32m info [39m [caliper] [IdentityManager] 	Adding User1 (admin=false) as User1 for organization FarmersMSP
2026.08.11-09:19:12.582[32m info [39m [caliper] [IdentityManager] 	Adding User2 (admin=false) as User2 for organization FarmersMSP
2026.08.11-09:19:12.583[32m info [39m [caliper] [IdentityManager] 	Adding User3 (admin=false) as User3 for organization FarmersMSP
2026.08.11-09:19:12.584[32m info [39m [caliper] [IdentityManager] 	Adding User4 (admin=false) as User4 for organization FarmersMSP
2026.08.11-09:19:12.585[32m info [39m [caliper] [IdentityManager] 	Adding User5 (admin=false) as User5 for organization FarmersMSP
2026.08.11-09:19:12.587[32m info [39m [caliper] [IdentityManager] 	Adding User0 (admin=true) as _AuctioncentersMSP_User0 for organization AuctioncentersMSP
2026.08.11-09:19:12.588[32m info [39m [caliper] [IdentityManager] 	Adding User1 (admin=false) as _AuctioncentersMSP_User1 for organization AuctioncentersMSP
2026.08.11-09:19:12.589[32m info [39m [caliper] [IdentityManager] 	Adding User2 (admin=false) as _AuctioncentersMSP_User2 for organization AuctioncentersMSP
2026.08.11-09:19:12.590[32m info [39m [caliper] [IdentityManager] 	Adding User3 (admin=false) as _AuctioncentersMSP_User3 for organization AuctioncentersMSP
2026.08.11-09:19:12.591[32m info [39m [caliper] [IdentityManager] 	Adding User4 (admin=false) as _AuctioncentersMSP_User4 for organization AuctioncentersMSP
2026.08.11-09:19:12.592[32m info [39m [caliper] [IdentityManager] 	Adding User5 (admin=false) as _AuctioncentersMSP_User5 for organization AuctioncentersMSP
2026.08.11-09:19:12.593[32m info [39m [caliper] [IdentityManager] 	Adding User0 (admin=true) as _WholesalersMSP_User0 for organization WholesalersMSP
2026.08.11-09:19:12.595[32m info [39m [caliper] [IdentityManager] 	Adding User1 (admin=false) as _WholesalersMSP_User1 for organization WholesalersMSP
2026.08.11-09:19:12.597[32m info [39m [caliper] [IdentityManager] 	Adding User2 (admin=false) as _WholesalersMSP_User2 for organization WholesalersMSP
2026.08.11-09:19:12.598[32m info [39m [caliper] [IdentityManager] 	Adding User3 (admin=false) as _WholesalersMSP_User3 for organization WholesalersMSP
2026.08.11-09:19:12.599[32m info [39m [caliper] [IdentityManager] 	Adding User4 (admin=false) as _WholesalersMSP_User4 for organization WholesalersMSP
2026.08.11-09:19:12.601[32m info [39m [caliper] [IdentityManager] 	Adding User5 (admin=false) as _WholesalersMSP_User5 for organization WholesalersMSP
2026.08.11-09:19:12.602[32m info [39m [caliper] [IdentityManager] 	Adding User0 (admin=true) as _RetailersMSP_User0 for organization RetailersMSP
2026.08.11-09:19:12.604[32m info [39m [caliper] [IdentityManager] 	Adding User1 (admin=false) as _RetailersMSP_User1 for organization RetailersMSP
2026.08.11-09:19:12.605[32m info [39m [caliper] [IdentityManager] 	Adding User2 (admin=false) as _RetailersMSP_User2 for organization RetailersMSP
2026.08.11-09:19:12.606[32m info [39m [caliper] [IdentityManager] 	Adding User3 (admin=false) as _RetailersMSP_User3 for organization RetailersMSP
2026.08.11-09:19:12.607[32m info [39m [caliper] [IdentityManager] 	Adding User4 (admin=false) as _RetailersMSP_User4 for organization RetailersMSP
2026.08.11-09:19:12.608[32m info [39m [caliper] [IdentityManager] 	Adding User5 (admin=false) as _RetailersMSP_User5 for organization RetailersMSP
2026.08.11-09:19:12.610[32m info [39m [caliper] [IdentityManager] 	Adding User0 (admin=true) as _ConsumersMSP_User0 for organization ConsumersMSP
2026.08.11-09:19:12.612[32m info [39m [caliper] [IdentityManager] 	Adding User1 (admin=false) as _ConsumersMSP_User1 for organization ConsumersMSP
2026.08.11-09:19:12.613[32m info [39m [caliper] [IdentityManager] 	Adding User2 (admin=false) as _ConsumersMSP_User2 for organization ConsumersMSP
2026.08.11-09:19:12.614[32m info [39m [caliper] [IdentityManager] 	Adding User3 (admin=false) as _ConsumersMSP_User3 for organization ConsumersMSP
2026.08.11-09:19:12.615[32m info [39m [caliper] [IdentityManager] 	Adding User4 (admin=false) as _ConsumersMSP_User4 for organization ConsumersMSP
2026.08.11-09:19:12.616[32m info [39m [caliper] [IdentityManager] 	Adding User5 (admin=false) as _ConsumersMSP_User5 for organization ConsumersMSP
2026.08.11-09:19:12.619[32m info [39m [caliper] [connectors/v2/FabricGateway] 	Fabric SDK version: 2.2.20; TLS based on FarmersMSP: server
2026.08.11-09:19:12.620[32m info [39m [caliper] [caliper-engine] 	Executed "init" step in 0.002 seconds
2026.08.11-09:19:12.620[33m warn [39m [caliper] [connectors/v2/FabricGateway] 	Install smart contract not available with Fabric SDK version: 2.2.20
2026.08.11-09:19:12.620[32m info [39m [caliper] [caliper-engine] 	Executed "install" step in 0 seconds
2026.08.11-09:19:12.624[32m info [39m [caliper] [monitor.js] 	No resource monitors specified
2026.08.11-09:19:12.626[32m info [39m [caliper] [default-observer] 	Observer interval set to 5000 milliseconds
2026.08.11-09:19:12.629[32m info [39m [caliper] [round-orchestrator] 	Preparing worker connections
2026.08.11-09:19:12.630[32m info [39m [caliper] [worker-orchestrator] 	Launching worker 1 of 5
2026.08.11-09:19:12.636[32m info [39m [caliper] [worker-orchestrator] 	Launching worker 2 of 5
2026.08.11-09:19:12.639[32m info [39m [caliper] [worker-orchestrator] 	Launching worker 3 of 5
2026.08.11-09:19:12.642[32m info [39m [caliper] [worker-orchestrator] 	Launching worker 4 of 5
2026.08.11-09:19:12.645[32m info [39m [caliper] [worker-orchestrator] 	Launching worker 5 of 5
2026.08.11-09:19:12.648[32m info [39m [caliper] [worker-orchestrator] 	Messenger not configured, entering configure phase...
2026.08.11-09:19:12.650[32m info [39m [caliper] [worker-orchestrator] 	No existing workers detected, entering worker launch phase...
2026.08.11-09:19:12.651[32m info [39m [caliper] [worker-orchestrator] 	Waiting for 5 workers to be connected...
2026.08.11-09:19:13.058[32m info [39m [caliper] [cli-launch-worker] 	Set workspace path: /home/dhanish/fabric_sfc/caliper-bench
2026.08.11-09:19:13.059[32m info [39m [caliper] [cli-launch-worker] 	Set benchmark configuration path: /home/dhanish/fabric_sfc/caliper-bench/benchmarks/benchmark-farmerreviewbid-agro1008-supply-300.yaml
2026.08.11-09:19:13.060[32m info [39m [caliper] [cli-launch-worker] 	Set network configuration path: /home/dhanish/fabric_sfc/caliper-bench/generated/caliper-network-agro1008-supply.yaml
2026.08.11-09:19:13.060[32m info [39m [caliper] [cli-launch-worker] 	Set SUT type: fabric
2026.08.11-09:19:13.074[32m info [39m [caliper] [cli-launch-worker] 	Set workspace path: /home/dhanish/fabric_sfc/caliper-bench
2026.08.11-09:19:13.076[32m info [39m [caliper] [cli-launch-worker] 	Set benchmark configuration path: /home/dhanish/fabric_sfc/caliper-bench/benchmarks/benchmark-farmerreviewbid-agro1008-supply-300.yaml
2026.08.11-09:19:13.076[32m info [39m [caliper] [cli-launch-worker] 	Set network configuration path: /home/dhanish/fabric_sfc/caliper-bench/generated/caliper-network-agro1008-supply.yaml
2026.08.11-09:19:13.076[32m info [39m [caliper] [cli-launch-worker] 	Set SUT type: fabric
2026.08.11-09:19:13.083[32m info [39m [caliper] [cli-launch-worker] 	Set workspace path: /home/dhanish/fabric_sfc/caliper-bench
2026.08.11-09:19:13.085[32m info [39m [caliper] [cli-launch-worker] 	Set benchmark configuration path: /home/dhanish/fabric_sfc/caliper-bench/benchmarks/benchmark-farmerreviewbid-agro1008-supply-300.yaml
2026.08.11-09:19:13.085[32m info [39m [caliper] [cli-launch-worker] 	Set network configuration path: /home/dhanish/fabric_sfc/caliper-bench/generated/caliper-network-agro1008-supply.yaml
2026.08.11-09:19:13.086[32m info [39m [caliper] [cli-launch-worker] 	Set SUT type: fabric
2026.08.11-09:19:13.092[32m info [39m [caliper] [cli-launch-worker] 	Set workspace path: /home/dhanish/fabric_sfc/caliper-bench
2026.08.11-09:19:13.094[32m info [39m [caliper] [cli-launch-worker] 	Set benchmark configuration path: /home/dhanish/fabric_sfc/caliper-bench/benchmarks/benchmark-farmerreviewbid-agro1008-supply-300.yaml
2026.08.11-09:19:13.093[32m info [39m [caliper] [cli-launch-worker] 	Set workspace path: /home/dhanish/fabric_sfc/caliper-bench
2026.08.11-09:19:13.095[32m info [39m [caliper] [cli-launch-worker] 	Set network configuration path: /home/dhanish/fabric_sfc/caliper-bench/generated/caliper-network-agro1008-supply.yaml
2026.08.11-09:19:13.095[32m info [39m [caliper] [cli-launch-worker] 	Set SUT type: fabric
2026.08.11-09:19:13.095[32m info [39m [caliper] [cli-launch-worker] 	Set benchmark configuration path: /home/dhanish/fabric_sfc/caliper-bench/benchmarks/benchmark-farmerreviewbid-agro1008-supply-300.yaml
2026.08.11-09:19:13.096[32m info [39m [caliper] [cli-launch-worker] 	Set network configuration path: /home/dhanish/fabric_sfc/caliper-bench/generated/caliper-network-agro1008-supply.yaml
2026.08.11-09:19:13.096[32m info [39m [caliper] [cli-launch-worker] 	Set SUT type: fabric
2026.08.11-09:19:13.153[32m info [39m [caliper] [worker-orchestrator] 	5 workers connected, progressing to worker assignment phase.
2026.08.11-09:19:13.154[32m info [39m [caliper] [worker-orchestrator] 	Workers currently unassigned, awaiting index assignment...
2026.08.11-09:19:13.155[32m info [39m [caliper] [worker-orchestrator] 	Waiting for 5 workers to be assigned...
2026.08.11-09:19:13.193[32m info [39m [caliper] [worker-orchestrator] 	5 workers assigned, progressing to worker initialization phase.
2026.08.11-09:19:13.194[32m info [39m [caliper] [worker-orchestrator] 	Waiting for 5 workers to be ready...
2026.08.11-09:19:13.194[32m info [39m [caliper] [worker-message-handler] 	Initializing Worker#0...
2026.08.11-09:19:13.195[32m info [39m [caliper] [worker-message-handler] 	Initializing Worker#1...
2026.08.11-09:19:13.195[32m info [39m [caliper] [worker-message-handler] 	Initializing Worker#2...
2026.08.11-09:19:13.196[32m info [39m [caliper] [worker-message-handler] 	Initializing Worker#4...
2026.08.11-09:19:13.196[32m info [39m [caliper] [worker-message-handler] 	Initializing Worker#3...
2026.08.11-09:19:13.696[32m info [39m [caliper] [FabricConnectorFactory] 	Initializing gateway connector compatible with installed SDK: 2.2.20
2026.08.11-09:19:13.705[32m info [39m [caliper] [IdentityManager] 	Adding User0 (admin=true) as User0 for organization FarmersMSP
2026.08.11-09:19:13.707[32m info [39m [caliper] [IdentityManager] 	Adding User1 (admin=false) as User1 for organization FarmersMSP
2026.08.11-09:19:13.709[32m info [39m [caliper] [IdentityManager] 	Adding User2 (admin=false) as User2 for organization FarmersMSP
2026.08.11-09:19:13.709[32m info [39m [caliper] [FabricConnectorFactory] 	Initializing gateway connector compatible with installed SDK: 2.2.20
2026.08.11-09:19:13.710[32m info [39m [caliper] [IdentityManager] 	Adding User3 (admin=false) as User3 for organization FarmersMSP
2026.08.11-09:19:13.711[32m info [39m [caliper] [IdentityManager] 	Adding User4 (admin=false) as User4 for organization FarmersMSP
2026.08.11-09:19:13.712[32m info [39m [caliper] [IdentityManager] 	Adding User5 (admin=false) as User5 for organization FarmersMSP
2026.08.11-09:19:13.713[32m info [39m [caliper] [IdentityManager] 	Adding User0 (admin=true) as _AuctioncentersMSP_User0 for organization AuctioncentersMSP
2026.08.11-09:19:13.715[32m info [39m [caliper] [IdentityManager] 	Adding User1 (admin=false) as _AuctioncentersMSP_User1 for organization AuctioncentersMSP
2026.08.11-09:19:13.717[32m info [39m [caliper] [IdentityManager] 	Adding User2 (admin=false) as _AuctioncentersMSP_User2 for organization AuctioncentersMSP
2026.08.11-09:19:13.718[32m info [39m [caliper] [IdentityManager] 	Adding User3 (admin=false) as _AuctioncentersMSP_User3 for organization AuctioncentersMSP
2026.08.11-09:19:13.719[32m info [39m [caliper] [IdentityManager] 	Adding User4 (admin=false) as _AuctioncentersMSP_User4 for organization AuctioncentersMSP
2026.08.11-09:19:13.719[32m info [39m [caliper] [IdentityManager] 	Adding User0 (admin=true) as User0 for organization FarmersMSP
2026.08.11-09:19:13.720[32m info [39m [caliper] [IdentityManager] 	Adding User5 (admin=false) as _AuctioncentersMSP_User5 for organization AuctioncentersMSP
2026.08.11-09:19:13.721[32m info [39m [caliper] [IdentityManager] 	Adding User1 (admin=false) as User1 for organization FarmersMSP
2026.08.11-09:19:13.721[32m info [39m [caliper] [IdentityManager] 	Adding User0 (admin=true) as _WholesalersMSP_User0 for organization WholesalersMSP
2026.08.11-09:19:13.723[32m info [39m [caliper] [IdentityManager] 	Adding User2 (admin=false) as User2 for organization FarmersMSP
2026.08.11-09:19:13.723[32m info [39m [caliper] [IdentityManager] 	Adding User1 (admin=false) as _WholesalersMSP_User1 for organization WholesalersMSP
2026.08.11-09:19:13.723[32m info [39m [caliper] [FabricConnectorFactory] 	Initializing gateway connector compatible with installed SDK: 2.2.20
2026.08.11-09:19:13.724[32m info [39m [caliper] [IdentityManager] 	Adding User3 (admin=false) as User3 for organization FarmersMSP
2026.08.11-09:19:13.724[32m info [39m [caliper] [IdentityManager] 	Adding User2 (admin=false) as _WholesalersMSP_User2 for organization WholesalersMSP
2026.08.11-09:19:13.725[32m info [39m [caliper] [IdentityManager] 	Adding User3 (admin=false) as _WholesalersMSP_User3 for organization WholesalersMSP
2026.08.11-09:19:13.726[32m info [39m [caliper] [IdentityManager] 	Adding User4 (admin=false) as User4 for organization FarmersMSP
2026.08.11-09:19:13.726[32m info [39m [caliper] [IdentityManager] 	Adding User4 (admin=false) as _WholesalersMSP_User4 for organization WholesalersMSP
2026.08.11-09:19:13.727[32m info [39m [caliper] [IdentityManager] 	Adding User5 (admin=false) as _WholesalersMSP_User5 for organization WholesalersMSP
2026.08.11-09:19:13.728[32m info [39m [caliper] [IdentityManager] 	Adding User5 (admin=false) as User5 for organization FarmersMSP
2026.08.11-09:19:13.728[32m info [39m [caliper] [IdentityManager] 	Adding User0 (admin=true) as _RetailersMSP_User0 for organization RetailersMSP
2026.08.11-09:19:13.729[32m info [39m [caliper] [IdentityManager] 	Adding User1 (admin=false) as _RetailersMSP_User1 for organization RetailersMSP
2026.08.11-09:19:13.729[32m info [39m [caliper] [IdentityManager] 	Adding User0 (admin=true) as _AuctioncentersMSP_User0 for organization AuctioncentersMSP
2026.08.11-09:19:13.730[32m info [39m [caliper] [IdentityManager] 	Adding User2 (admin=false) as _RetailersMSP_User2 for organization RetailersMSP
2026.08.11-09:19:13.731[32m info [39m [caliper] [IdentityManager] 	Adding User1 (admin=false) as _AuctioncentersMSP_User1 for organization AuctioncentersMSP
2026.08.11-09:19:13.731[32m info [39m [caliper] [IdentityManager] 	Adding User3 (admin=false) as _RetailersMSP_User3 for organization RetailersMSP
2026.08.11-09:19:13.732[32m info [39m [caliper] [IdentityManager] 	Adding User4 (admin=false) as _RetailersMSP_User4 for organization RetailersMSP
2026.08.11-09:19:13.732[32m info [39m [caliper] [IdentityManager] 	Adding User2 (admin=false) as _AuctioncentersMSP_User2 for organization AuctioncentersMSP
2026.08.11-09:19:13.733[32m info [39m [caliper] [IdentityManager] 	Adding User5 (admin=false) as _RetailersMSP_User5 for organization RetailersMSP
2026.08.11-09:19:13.733[32m info [39m [caliper] [IdentityManager] 	Adding User3 (admin=false) as _AuctioncentersMSP_User3 for organization AuctioncentersMSP
2026.08.11-09:19:13.734[32m info [39m [caliper] [IdentityManager] 	Adding User0 (admin=true) as User0 for organization FarmersMSP
2026.08.11-09:19:13.734[32m info [39m [caliper] [IdentityManager] 	Adding User0 (admin=true) as _ConsumersMSP_User0 for organization ConsumersMSP
2026.08.11-09:19:13.735[32m info [39m [caliper] [IdentityManager] 	Adding User1 (admin=false) as _ConsumersMSP_User1 for organization ConsumersMSP
2026.08.11-09:19:13.735[32m info [39m [caliper] [IdentityManager] 	Adding User4 (admin=false) as _AuctioncentersMSP_User4 for organization AuctioncentersMSP
2026.08.11-09:19:13.735[32m info [39m [caliper] [IdentityManager] 	Adding User1 (admin=false) as User1 for organization FarmersMSP
2026.08.11-09:19:13.736[32m info [39m [caliper] [IdentityManager] 	Adding User2 (admin=false) as _ConsumersMSP_User2 for organization ConsumersMSP
2026.08.11-09:19:13.736[32m info [39m [caliper] [IdentityManager] 	Adding User5 (admin=false) as _AuctioncentersMSP_User5 for organization AuctioncentersMSP
2026.08.11-09:19:13.737[32m info [39m [caliper] [IdentityManager] 	Adding User3 (admin=false) as _ConsumersMSP_User3 for organization ConsumersMSP
2026.08.11-09:19:13.737[32m info [39m [caliper] [IdentityManager] 	Adding User2 (admin=false) as User2 for organization FarmersMSP
2026.08.11-09:19:13.738[32m info [39m [caliper] [IdentityManager] 	Adding User0 (admin=true) as _WholesalersMSP_User0 for organization WholesalersMSP
2026.08.11-09:19:13.738[32m info [39m [caliper] [IdentityManager] 	Adding User3 (admin=false) as User3 for organization FarmersMSP
2026.08.11-09:19:13.738[32m info [39m [caliper] [IdentityManager] 	Adding User4 (admin=false) as _ConsumersMSP_User4 for organization ConsumersMSP
2026.08.11-09:19:13.739[32m info [39m [caliper] [IdentityManager] 	Adding User4 (admin=false) as User4 for organization FarmersMSP
2026.08.11-09:19:13.739[32m info [39m [caliper] [IdentityManager] 	Adding User1 (admin=false) as _WholesalersMSP_User1 for organization WholesalersMSP
2026.08.11-09:19:13.739[32m info [39m [caliper] [IdentityManager] 	Adding User5 (admin=false) as _ConsumersMSP_User5 for organization ConsumersMSP
2026.08.11-09:19:13.740[32m info [39m [caliper] [IdentityManager] 	Adding User5 (admin=false) as User5 for organization FarmersMSP
2026.08.11-09:19:13.740[32m info [39m [caliper] [IdentityManager] 	Adding User2 (admin=false) as _WholesalersMSP_User2 for organization WholesalersMSP
2026.08.11-09:19:13.740[32m info [39m [caliper] [FabricConnectorFactory] 	Initializing gateway connector compatible with installed SDK: 2.2.20
2026.08.11-09:19:13.741[32m info [39m [caliper] [IdentityManager] 	Adding User0 (admin=true) as _AuctioncentersMSP_User0 for organization AuctioncentersMSP
2026.08.11-09:19:13.741[32m info [39m [caliper] [IdentityManager] 	Adding User3 (admin=false) as _WholesalersMSP_User3 for organization WholesalersMSP
2026.08.11-09:19:13.742[32m info [39m [caliper] [worker-message-handler] 	Worker#4 initialized
2026.08.11-09:19:13.742[32m info [39m [caliper] [IdentityManager] 	Adding User4 (admin=false) as _WholesalersMSP_User4 for organization WholesalersMSP
2026.08.11-09:19:13.742[32m info [39m [caliper] [IdentityManager] 	Adding User1 (admin=false) as _AuctioncentersMSP_User1 for organization AuctioncentersMSP
2026.08.11-09:19:13.743[32m info [39m [caliper] [IdentityManager] 	Adding User5 (admin=false) as _WholesalersMSP_User5 for organization WholesalersMSP
2026.08.11-09:19:13.743[32m info [39m [caliper] [IdentityManager] 	Adding User2 (admin=false) as _AuctioncentersMSP_User2 for organization AuctioncentersMSP
2026.08.11-09:19:13.744[32m info [39m [caliper] [IdentityManager] 	Adding User0 (admin=true) as _RetailersMSP_User0 for organization RetailersMSP
2026.08.11-09:19:13.744[32m info [39m [caliper] [IdentityManager] 	Adding User3 (admin=false) as _AuctioncentersMSP_User3 for organization AuctioncentersMSP
2026.08.11-09:19:13.745[32m info [39m [caliper] [IdentityManager] 	Adding User1 (admin=false) as _RetailersMSP_User1 for organization RetailersMSP
2026.08.11-09:19:13.745[32m info [39m [caliper] [IdentityManager] 	Adding User4 (admin=false) as _AuctioncentersMSP_User4 for organization AuctioncentersMSP
2026.08.11-09:19:13.746[32m info [39m [caliper] [IdentityManager] 	Adding User2 (admin=false) as _RetailersMSP_User2 for organization RetailersMSP
2026.08.11-09:19:13.746[32m info [39m [caliper] [IdentityManager] 	Adding User5 (admin=false) as _AuctioncentersMSP_User5 for organization AuctioncentersMSP
2026.08.11-09:19:13.746[32m info [39m [caliper] [IdentityManager] 	Adding User3 (admin=false) as _RetailersMSP_User3 for organization RetailersMSP
2026.08.11-09:19:13.747[32m info [39m [caliper] [IdentityManager] 	Adding User0 (admin=true) as _WholesalersMSP_User0 for organization WholesalersMSP
2026.08.11-09:19:13.747[32m info [39m [caliper] [IdentityManager] 	Adding User4 (admin=false) as _RetailersMSP_User4 for organization RetailersMSP
2026.08.11-09:19:13.748[32m info [39m [caliper] [IdentityManager] 	Adding User5 (admin=false) as _RetailersMSP_User5 for organization RetailersMSP
2026.08.11-09:19:13.749[32m info [39m [caliper] [IdentityManager] 	Adding User1 (admin=false) as _WholesalersMSP_User1 for organization WholesalersMSP
2026.08.11-09:19:13.749[32m info [39m [caliper] [IdentityManager] 	Adding User0 (admin=true) as User0 for organization FarmersMSP
2026.08.11-09:19:13.750[32m info [39m [caliper] [IdentityManager] 	Adding User0 (admin=true) as _ConsumersMSP_User0 for organization ConsumersMSP
2026.08.11-09:19:13.750[32m info [39m [caliper] [IdentityManager] 	Adding User2 (admin=false) as _WholesalersMSP_User2 for organization WholesalersMSP
2026.08.11-09:19:13.751[32m info [39m [caliper] [IdentityManager] 	Adding User1 (admin=false) as _ConsumersMSP_User1 for organization ConsumersMSP
2026.08.11-09:19:13.751[32m info [39m [caliper] [IdentityManager] 	Adding User1 (admin=false) as User1 for organization FarmersMSP
2026.08.11-09:19:13.752[32m info [39m [caliper] [IdentityManager] 	Adding User2 (admin=false) as _ConsumersMSP_User2 for organization ConsumersMSP
2026.08.11-09:19:13.752[32m info [39m [caliper] [IdentityManager] 	Adding User3 (admin=false) as _WholesalersMSP_User3 for organization WholesalersMSP
2026.08.11-09:19:13.753[32m info [39m [caliper] [IdentityManager] 	Adding User3 (admin=false) as _ConsumersMSP_User3 for organization ConsumersMSP
2026.08.11-09:19:13.753[32m info [39m [caliper] [IdentityManager] 	Adding User2 (admin=false) as User2 for organization FarmersMSP
2026.08.11-09:19:13.753[32m info [39m [caliper] [IdentityManager] 	Adding User4 (admin=false) as _WholesalersMSP_User4 for organization WholesalersMSP
2026.08.11-09:19:13.754[32m info [39m [caliper] [IdentityManager] 	Adding User4 (admin=false) as _ConsumersMSP_User4 for organization ConsumersMSP
2026.08.11-09:19:13.754[32m info [39m [caliper] [IdentityManager] 	Adding User3 (admin=false) as User3 for organization FarmersMSP
2026.08.11-09:19:13.755[32m info [39m [caliper] [IdentityManager] 	Adding User5 (admin=false) as _WholesalersMSP_User5 for organization WholesalersMSP
2026.08.11-09:19:13.755[32m info [39m [caliper] [IdentityManager] 	Adding User5 (admin=false) as _ConsumersMSP_User5 for organization ConsumersMSP
2026.08.11-09:19:13.756[32m info [39m [caliper] [IdentityManager] 	Adding User4 (admin=false) as User4 for organization FarmersMSP
2026.08.11-09:19:13.756[32m info [39m [caliper] [IdentityManager] 	Adding User0 (admin=true) as _RetailersMSP_User0 for organization RetailersMSP
2026.08.11-09:19:13.757[32m info [39m [caliper] [IdentityManager] 	Adding User1 (admin=false) as _RetailersMSP_User1 for organization RetailersMSP
2026.08.11-09:19:13.757[32m info [39m [caliper] [worker-message-handler] 	Worker#0 initialized
2026.08.11-09:19:13.757[32m info [39m [caliper] [IdentityManager] 	Adding User2 (admin=false) as _RetailersMSP_User2 for organization RetailersMSP
2026.08.11-09:19:13.757[32m info [39m [caliper] [IdentityManager] 	Adding User5 (admin=false) as User5 for organization FarmersMSP
2026.08.11-09:19:13.758[32m info [39m [caliper] [IdentityManager] 	Adding User3 (admin=false) as _RetailersMSP_User3 for organization RetailersMSP
2026.08.11-09:19:13.759[32m info [39m [caliper] [IdentityManager] 	Adding User4 (admin=false) as _RetailersMSP_User4 for organization RetailersMSP
2026.08.11-09:19:13.759[32m info [39m [caliper] [IdentityManager] 	Adding User0 (admin=true) as _AuctioncentersMSP_User0 for organization AuctioncentersMSP
2026.08.11-09:19:13.760[32m info [39m [caliper] [IdentityManager] 	Adding User5 (admin=false) as _RetailersMSP_User5 for organization RetailersMSP
2026.08.11-09:19:13.761[32m info [39m [caliper] [IdentityManager] 	Adding User0 (admin=true) as _ConsumersMSP_User0 for organization ConsumersMSP
2026.08.11-09:19:13.761[32m info [39m [caliper] [IdentityManager] 	Adding User1 (admin=false) as _AuctioncentersMSP_User1 for organization AuctioncentersMSP
2026.08.11-09:19:13.762[32m info [39m [caliper] [IdentityManager] 	Adding User1 (admin=false) as _ConsumersMSP_User1 for organization ConsumersMSP
2026.08.11-09:19:13.762[32m info [39m [caliper] [IdentityManager] 	Adding User2 (admin=false) as _AuctioncentersMSP_User2 for organization AuctioncentersMSP
2026.08.11-09:19:13.762[32m info [39m [caliper] [FabricConnectorFactory] 	Initializing gateway connector compatible with installed SDK: 2.2.20
2026.08.11-09:19:13.762[32m info [39m [caliper] [IdentityManager] 	Adding User2 (admin=false) as _ConsumersMSP_User2 for organization ConsumersMSP
2026.08.11-09:19:13.763[32m info [39m [caliper] [IdentityManager] 	Adding User3 (admin=false) as _AuctioncentersMSP_User3 for organization AuctioncentersMSP
2026.08.11-09:19:13.763[32m info [39m [caliper] [IdentityManager] 	Adding User3 (admin=false) as _ConsumersMSP_User3 for organization ConsumersMSP
2026.08.11-09:19:13.763[32m info [39m [caliper] [IdentityManager] 	Adding User4 (admin=false) as _AuctioncentersMSP_User4 for organization AuctioncentersMSP
2026.08.11-09:19:13.764[32m info [39m [caliper] [IdentityManager] 	Adding User5 (admin=false) as _AuctioncentersMSP_User5 for organization AuctioncentersMSP
2026.08.11-09:19:13.764[32m info [39m [caliper] [IdentityManager] 	Adding User4 (admin=false) as _ConsumersMSP_User4 for organization ConsumersMSP
2026.08.11-09:19:13.765[32m info [39m [caliper] [IdentityManager] 	Adding User0 (admin=true) as _WholesalersMSP_User0 for organization WholesalersMSP
2026.08.11-09:19:13.765[32m info [39m [caliper] [IdentityManager] 	Adding User5 (admin=false) as _ConsumersMSP_User5 for organization ConsumersMSP
2026.08.11-09:19:13.765[32m info [39m [caliper] [IdentityManager] 	Adding User1 (admin=false) as _WholesalersMSP_User1 for organization WholesalersMSP
2026.08.11-09:19:13.767[32m info [39m [caliper] [IdentityManager] 	Adding User2 (admin=false) as _WholesalersMSP_User2 for organization WholesalersMSP
2026.08.11-09:19:13.767[32m info [39m [caliper] [worker-message-handler] 	Worker#2 initialized
2026.08.11-09:19:13.768[32m info [39m [caliper] [IdentityManager] 	Adding User3 (admin=false) as _WholesalersMSP_User3 for organization WholesalersMSP
2026.08.11-09:19:13.769[32m info [39m [caliper] [IdentityManager] 	Adding User4 (admin=false) as _WholesalersMSP_User4 for organization WholesalersMSP
2026.08.11-09:19:13.770[32m info [39m [caliper] [IdentityManager] 	Adding User5 (admin=false) as _WholesalersMSP_User5 for organization WholesalersMSP
2026.08.11-09:19:13.771[32m info [39m [caliper] [IdentityManager] 	Adding User0 (admin=true) as _RetailersMSP_User0 for organization RetailersMSP
2026.08.11-09:19:13.772[32m info [39m [caliper] [IdentityManager] 	Adding User1 (admin=false) as _RetailersMSP_User1 for organization RetailersMSP
2026.08.11-09:19:13.772[32m info [39m [caliper] [IdentityManager] 	Adding User0 (admin=true) as User0 for organization FarmersMSP
2026.08.11-09:19:13.773[32m info [39m [caliper] [IdentityManager] 	Adding User2 (admin=false) as _RetailersMSP_User2 for organization RetailersMSP
2026.08.11-09:19:13.773[32m info [39m [caliper] [IdentityManager] 	Adding User1 (admin=false) as User1 for organization FarmersMSP
2026.08.11-09:19:13.774[32m info [39m [caliper] [IdentityManager] 	Adding User3 (admin=false) as _RetailersMSP_User3 for organization RetailersMSP
2026.08.11-09:19:13.774[32m info [39m [caliper] [IdentityManager] 	Adding User2 (admin=false) as User2 for organization FarmersMSP
2026.08.11-09:19:13.775[32m info [39m [caliper] [IdentityManager] 	Adding User3 (admin=false) as User3 for organization FarmersMSP
2026.08.11-09:19:13.775[32m info [39m [caliper] [IdentityManager] 	Adding User4 (admin=false) as _RetailersMSP_User4 for organization RetailersMSP
2026.08.11-09:19:13.776[32m info [39m [caliper] [IdentityManager] 	Adding User4 (admin=false) as User4 for organization FarmersMSP
2026.08.11-09:19:13.776[32m info [39m [caliper] [IdentityManager] 	Adding User5 (admin=false) as _RetailersMSP_User5 for organization RetailersMSP
2026.08.11-09:19:13.777[32m info [39m [caliper] [IdentityManager] 	Adding User0 (admin=true) as _ConsumersMSP_User0 for organization ConsumersMSP
2026.08.11-09:19:13.777[32m info [39m [caliper] [IdentityManager] 	Adding User5 (admin=false) as User5 for organization FarmersMSP
2026.08.11-09:19:13.778[32m info [39m [caliper] [IdentityManager] 	Adding User1 (admin=false) as _ConsumersMSP_User1 for organization ConsumersMSP
2026.08.11-09:19:13.778[32m info [39m [caliper] [IdentityManager] 	Adding User2 (admin=false) as _ConsumersMSP_User2 for organization ConsumersMSP
2026.08.11-09:19:13.779[32m info [39m [caliper] [IdentityManager] 	Adding User0 (admin=true) as _AuctioncentersMSP_User0 for organization AuctioncentersMSP
2026.08.11-09:19:13.779[32m info [39m [caliper] [IdentityManager] 	Adding User3 (admin=false) as _ConsumersMSP_User3 for organization ConsumersMSP
2026.08.11-09:19:13.780[32m info [39m [caliper] [IdentityManager] 	Adding User4 (admin=false) as _ConsumersMSP_User4 for organization ConsumersMSP
2026.08.11-09:19:13.780[32m info [39m [caliper] [IdentityManager] 	Adding User1 (admin=false) as _AuctioncentersMSP_User1 for organization AuctioncentersMSP
2026.08.11-09:19:13.781[32m info [39m [caliper] [IdentityManager] 	Adding User5 (admin=false) as _ConsumersMSP_User5 for organization ConsumersMSP
2026.08.11-09:19:13.781[32m info [39m [caliper] [IdentityManager] 	Adding User2 (admin=false) as _AuctioncentersMSP_User2 for organization AuctioncentersMSP
2026.08.11-09:19:13.782[32m info [39m [caliper] [IdentityManager] 	Adding User3 (admin=false) as _AuctioncentersMSP_User3 for organization AuctioncentersMSP
2026.08.11-09:19:13.783[32m info [39m [caliper] [IdentityManager] 	Adding User4 (admin=false) as _AuctioncentersMSP_User4 for organization AuctioncentersMSP
2026.08.11-09:19:13.783[32m info [39m [caliper] [worker-message-handler] 	Worker#3 initialized
2026.08.11-09:19:13.784[32m info [39m [caliper] [IdentityManager] 	Adding User5 (admin=false) as _AuctioncentersMSP_User5 for organization AuctioncentersMSP
2026.08.11-09:19:13.785[32m info [39m [caliper] [IdentityManager] 	Adding User0 (admin=true) as _WholesalersMSP_User0 for organization WholesalersMSP
2026.08.11-09:19:13.785[32m info [39m [caliper] [IdentityManager] 	Adding User1 (admin=false) as _WholesalersMSP_User1 for organization WholesalersMSP
2026.08.11-09:19:13.787[32m info [39m [caliper] [IdentityManager] 	Adding User2 (admin=false) as _WholesalersMSP_User2 for organization WholesalersMSP
2026.08.11-09:19:13.788[32m info [39m [caliper] [IdentityManager] 	Adding User3 (admin=false) as _WholesalersMSP_User3 for organization WholesalersMSP
2026.08.11-09:19:13.788[32m info [39m [caliper] [IdentityManager] 	Adding User4 (admin=false) as _WholesalersMSP_User4 for organization WholesalersMSP
2026.08.11-09:19:13.789[32m info [39m [caliper] [IdentityManager] 	Adding User5 (admin=false) as _WholesalersMSP_User5 for organization WholesalersMSP
2026.08.11-09:19:13.789[32m info [39m [caliper] [IdentityManager] 	Adding User0 (admin=true) as _RetailersMSP_User0 for organization RetailersMSP
2026.08.11-09:19:13.790[32m info [39m [caliper] [IdentityManager] 	Adding User1 (admin=false) as _RetailersMSP_User1 for organization RetailersMSP
2026.08.11-09:19:13.791[32m info [39m [caliper] [IdentityManager] 	Adding User2 (admin=false) as _RetailersMSP_User2 for organization RetailersMSP
2026.08.11-09:19:13.791[32m info [39m [caliper] [IdentityManager] 	Adding User3 (admin=false) as _RetailersMSP_User3 for organization RetailersMSP
2026.08.11-09:19:13.792[32m info [39m [caliper] [IdentityManager] 	Adding User4 (admin=false) as _RetailersMSP_User4 for organization RetailersMSP
2026.08.11-09:19:13.792[32m info [39m [caliper] [IdentityManager] 	Adding User5 (admin=false) as _RetailersMSP_User5 for organization RetailersMSP
2026.08.11-09:19:13.793[32m info [39m [caliper] [IdentityManager] 	Adding User0 (admin=true) as _ConsumersMSP_User0 for organization ConsumersMSP
2026.08.11-09:19:13.793[32m info [39m [caliper] [IdentityManager] 	Adding User1 (admin=false) as _ConsumersMSP_User1 for organization ConsumersMSP
2026.08.11-09:19:13.794[32m info [39m [caliper] [IdentityManager] 	Adding User2 (admin=false) as _ConsumersMSP_User2 for organization ConsumersMSP
2026.08.11-09:19:13.795[32m info [39m [caliper] [IdentityManager] 	Adding User3 (admin=false) as _ConsumersMSP_User3 for organization ConsumersMSP
2026.08.11-09:19:13.795[32m info [39m [caliper] [IdentityManager] 	Adding User4 (admin=false) as _ConsumersMSP_User4 for organization ConsumersMSP
2026.08.11-09:19:13.796[32m info [39m [caliper] [IdentityManager] 	Adding User5 (admin=false) as _ConsumersMSP_User5 for organization ConsumersMSP
2026.08.11-09:19:13.798[32m info [39m [caliper] [worker-message-handler] 	Worker#1 initialized
2026.08.11-09:19:13.799[32m info [39m [caliper] [worker-orchestrator] 	5 workers ready, progressing to test preparation phase.
2026.08.11-09:19:13.799[32m info [39m [caliper] [round-orchestrator] 	Started round 1 (farmerreviewbid_round1@300)
2026.08.11-09:19:13.801[32m info [39m [caliper] [worker-message-handler] 	Preparing Worker#0 for Round#0
2026.08.11-09:19:13.801[32m info [39m [caliper] [worker-message-handler] 	Preparing Worker#1 for Round#0
2026.08.11-09:19:13.801[32m info [39m [caliper] [worker-message-handler] 	Preparing Worker#3 for Round#0
2026.08.11-09:19:13.801[32m info [39m [caliper] [worker-message-handler] 	Preparing Worker#4 for Round#0
2026.08.11-09:19:13.802[32m info [39m [caliper] [worker-message-handler] 	Preparing Worker#2 for Round#0
2026.08.11-09:19:13.805[32m info [39m [caliper] [connectors/v2/FabricGateway] 	Connecting user with identity User0 to a Network Gateway
2026.08.11-09:19:13.805[32m info [39m [caliper] [connectors/v2/FabricGateway] 	Connecting user with identity User0 to a Network Gateway
2026.08.11-09:19:13.806[32m info [39m [caliper] [connectors/v2/FabricGateway] 	Connecting user with identity User0 to a Network Gateway
2026.08.11-09:19:13.808[32m info [39m [caliper] [connectors/v2/FabricGateway] 	Connecting user with identity User0 to a Network Gateway
2026.08.11-09:19:13.808[32m info [39m [caliper] [connectors/v2/FabricGateway] 	Connecting user with identity User0 to a Network Gateway
2026.08.11-09:19:13.979[32m info [39m [caliper] [connectors/v2/FabricGateway] 	Successfully connected user with identity User0 to a Network Gateway
2026.08.11-09:19:13.979[32m info [39m [caliper] [connectors/v2/FabricGateway] 	Generating contract map for user User0
2026.08.11-09:19:13.982[32m info [39m [caliper] [connectors/v2/FabricGateway] 	Successfully connected user with identity User0 to a Network Gateway
2026.08.11-09:19:13.983[32m info [39m [caliper] [connectors/v2/FabricGateway] 	Successfully connected user with identity User0 to a Network Gateway
2026.08.11-09:19:13.983[32m info [39m [caliper] [connectors/v2/FabricGateway] 	Generating contract map for user User0
2026.08.11-09:19:13.983[32m info [39m [caliper] [connectors/v2/FabricGateway] 	Generating contract map for user User0
2026.08.11-09:19:13.985[32m info [39m [caliper] [connectors/v2/FabricGateway] 	Successfully connected user with identity User0 to a Network Gateway
2026.08.11-09:19:13.985[32m info [39m [caliper] [connectors/v2/FabricGateway] 	Generating contract map for user User0
2026.08.11-09:19:13.993[32m info [39m [caliper] [connectors/v2/FabricGateway] 	Successfully connected user with identity User0 to a Network Gateway
2026.08.11-09:19:13.993[32m info [39m [caliper] [connectors/v2/FabricGateway] 	Generating contract map for user User0
2026.08.11-09:19:14.081[32m info [39m [caliper] [connectors/v2/FabricGateway] 	Connecting user with identity User1 to a Network Gateway
2026.08.11-09:19:14.087[32m info [39m [caliper] [connectors/v2/FabricGateway] 	Connecting user with identity User1 to a Network Gateway
2026.08.11-09:19:14.088[32m info [39m [caliper] [connectors/v2/FabricGateway] 	Connecting user with identity User1 to a Network Gateway
2026.08.11-09:19:14.088[32m info [39m [caliper] [connectors/v2/FabricGateway] 	Connecting user with identity User1 to a Network Gateway
2026.08.11-09:19:14.090[32m info [39m [caliper] [connectors/v2/FabricGateway] 	Connecting user with identity User1 to a Network Gateway
2026.08.11-09:19:14.162[32m info [39m [caliper] [connectors/v2/FabricGateway] 	Successfully connected user with identity User1 to a Network Gateway
2026.08.11-09:19:14.163[32m info [39m [caliper] [connectors/v2/FabricGateway] 	Generating contract map for user User1
2026.08.11-09:19:14.169[32m info [39m [caliper] [connectors/v2/FabricGateway] 	Successfully connected user with identity User1 to a Network Gateway
2026.08.11-09:19:14.169[32m info [39m [caliper] [connectors/v2/FabricGateway] 	Generating contract map for user User1
2026.08.11-09:19:14.169[32m info [39m [caliper] [connectors/v2/FabricGateway] 	Successfully connected user with identity User1 to a Network Gateway
2026.08.11-09:19:14.169[32m info [39m [caliper] [connectors/v2/FabricGateway] 	Generating contract map for user User1
2026.08.11-09:19:14.171[32m info [39m [caliper] [connectors/v2/FabricGateway] 	Successfully connected user with identity User1 to a Network Gateway
2026.08.11-09:19:14.171[32m info [39m [caliper] [connectors/v2/FabricGateway] 	Generating contract map for user User1
2026.08.11-09:19:14.172[32m info [39m [caliper] [connectors/v2/FabricGateway] 	Successfully connected user with identity User1 to a Network Gateway
2026.08.11-09:19:14.173[32m info [39m [caliper] [connectors/v2/FabricGateway] 	Generating contract map for user User1
2026.08.11-09:19:14.227[32m info [39m [caliper] [connectors/v2/FabricGateway] 	Connecting user with identity User2 to a Network Gateway
2026.08.11-09:19:14.232[32m info [39m [caliper] [connectors/v2/FabricGateway] 	Connecting user with identity User2 to a Network Gateway
2026.08.11-09:19:14.233[32m info [39m [caliper] [connectors/v2/FabricGateway] 	Connecting user with identity User2 to a Network Gateway
2026.08.11-09:19:14.233[32m info [39m [caliper] [connectors/v2/FabricGateway] 	Connecting user with identity User2 to a Network Gateway
2026.08.11-09:19:14.237[32m info [39m [caliper] [connectors/v2/FabricGateway] 	Connecting user with identity User2 to a Network Gateway
2026.08.11-09:19:14.310[32m info [39m [caliper] [connectors/v2/FabricGateway] 	Successfully connected user with identity User2 to a Network Gateway
2026.08.11-09:19:14.310[32m info [39m [caliper] [connectors/v2/FabricGateway] 	Generating contract map for user User2
2026.08.11-09:19:14.312[32m info [39m [caliper] [connectors/v2/FabricGateway] 	Successfully connected user with identity User2 to a Network Gateway
2026.08.11-09:19:14.312[32m info [39m [caliper] [connectors/v2/FabricGateway] 	Generating contract map for user User2
2026.08.11-09:19:14.316[32m info [39m [caliper] [connectors/v2/FabricGateway] 	Successfully connected user with identity User2 to a Network Gateway
2026.08.11-09:19:14.316[32m info [39m [caliper] [connectors/v2/FabricGateway] 	Generating contract map for user User2
2026.08.11-09:19:14.320[32m info [39m [caliper] [connectors/v2/FabricGateway] 	Successfully connected user with identity User2 to a Network Gateway
2026.08.11-09:19:14.320[32m info [39m [caliper] [connectors/v2/FabricGateway] 	Generating contract map for user User2
2026.08.11-09:19:14.320[32m info [39m [caliper] [connectors/v2/FabricGateway] 	Successfully connected user with identity User2 to a Network Gateway
2026.08.11-09:19:14.321[32m info [39m [caliper] [connectors/v2/FabricGateway] 	Generating contract map for user User2
2026.08.11-09:19:14.372[32m info [39m [caliper] [connectors/v2/FabricGateway] 	Connecting user with identity User3 to a Network Gateway
2026.08.11-09:19:14.373[32m info [39m [caliper] [connectors/v2/FabricGateway] 	Connecting user with identity User3 to a Network Gateway
2026.08.11-09:19:14.377[32m info [39m [caliper] [connectors/v2/FabricGateway] 	Connecting user with identity User3 to a Network Gateway
2026.08.11-09:19:14.380[32m info [39m [caliper] [connectors/v2/FabricGateway] 	Connecting user with identity User3 to a Network Gateway
2026.08.11-09:19:14.383[32m info [39m [caliper] [connectors/v2/FabricGateway] 	Connecting user with identity User3 to a Network Gateway
2026.08.11-09:19:14.448[32m info [39m [caliper] [connectors/v2/FabricGateway] 	Successfully connected user with identity User3 to a Network Gateway
2026.08.11-09:19:14.448[32m info [39m [caliper] [connectors/v2/FabricGateway] 	Generating contract map for user User3
2026.08.11-09:19:14.449[32m info [39m [caliper] [connectors/v2/FabricGateway] 	Successfully connected user with identity User3 to a Network Gateway
2026.08.11-09:19:14.449[32m info [39m [caliper] [connectors/v2/FabricGateway] 	Generating contract map for user User3
2026.08.11-09:19:14.454[32m info [39m [caliper] [connectors/v2/FabricGateway] 	Successfully connected user with identity User3 to a Network Gateway
2026.08.11-09:19:14.454[32m info [39m [caliper] [connectors/v2/FabricGateway] 	Generating contract map for user User3
2026.08.11-09:19:14.457[32m info [39m [caliper] [connectors/v2/FabricGateway] 	Successfully connected user with identity User3 to a Network Gateway
2026.08.11-09:19:14.457[32m info [39m [caliper] [connectors/v2/FabricGateway] 	Generating contract map for user User3
2026.08.11-09:19:14.458[32m info [39m [caliper] [connectors/v2/FabricGateway] 	Successfully connected user with identity User3 to a Network Gateway
2026.08.11-09:19:14.458[32m info [39m [caliper] [connectors/v2/FabricGateway] 	Generating contract map for user User3
2026.08.11-09:19:14.504[32m info [39m [caliper] [connectors/v2/FabricGateway] 	Connecting user with identity User4 to a Network Gateway
2026.08.11-09:19:14.504[32m info [39m [caliper] [connectors/v2/FabricGateway] 	Connecting user with identity User4 to a Network Gateway
2026.08.11-09:19:14.509[32m info [39m [caliper] [connectors/v2/FabricGateway] 	Connecting user with identity User4 to a Network Gateway
2026.08.11-09:19:14.510[32m info [39m [caliper] [connectors/v2/FabricGateway] 	Connecting user with identity User4 to a Network Gateway
2026.08.11-09:19:14.511[32m info [39m [caliper] [connectors/v2/FabricGateway] 	Connecting user with identity User4 to a Network Gateway
2026.08.11-09:19:14.566[32m info [39m [caliper] [connectors/v2/FabricGateway] 	Successfully connected user with identity User4 to a Network Gateway
2026.08.11-09:19:14.566[32m info [39m [caliper] [connectors/v2/FabricGateway] 	Generating contract map for user User4
2026.08.11-09:19:14.566[32m info [39m [caliper] [connectors/v2/FabricGateway] 	Successfully connected user with identity User4 to a Network Gateway
2026.08.11-09:19:14.567[32m info [39m [caliper] [connectors/v2/FabricGateway] 	Generating contract map for user User4
2026.08.11-09:19:14.571[32m info [39m [caliper] [connectors/v2/FabricGateway] 	Successfully connected user with identity User4 to a Network Gateway
2026.08.11-09:19:14.571[32m info [39m [caliper] [connectors/v2/FabricGateway] 	Generating contract map for user User4
2026.08.11-09:19:14.572[32m info [39m [caliper] [connectors/v2/FabricGateway] 	Successfully connected user with identity User4 to a Network Gateway
2026.08.11-09:19:14.572[32m info [39m [caliper] [connectors/v2/FabricGateway] 	Generating contract map for user User4
2026.08.11-09:19:14.574[32m info [39m [caliper] [connectors/v2/FabricGateway] 	Successfully connected user with identity User4 to a Network Gateway
2026.08.11-09:19:14.575[32m info [39m [caliper] [connectors/v2/FabricGateway] 	Generating contract map for user User4
2026.08.11-09:19:14.634[32m info [39m [caliper] [connectors/v2/FabricGateway] 	Connecting user with identity User5 to a Network Gateway
2026.08.11-09:19:14.635[32m info [39m [caliper] [connectors/v2/FabricGateway] 	Connecting user with identity User5 to a Network Gateway
2026.08.11-09:19:14.647[32m info [39m [caliper] [connectors/v2/FabricGateway] 	Connecting user with identity User5 to a Network Gateway
2026.08.11-09:19:14.647[32m info [39m [caliper] [connectors/v2/FabricGateway] 	Connecting user with identity User5 to a Network Gateway
2026.08.11-09:19:14.648[32m info [39m [caliper] [connectors/v2/FabricGateway] 	Connecting user with identity User5 to a Network Gateway
2026.08.11-09:19:14.697[32m info [39m [caliper] [connectors/v2/FabricGateway] 	Successfully connected user with identity User5 to a Network Gateway
2026.08.11-09:19:14.697[32m info [39m [caliper] [connectors/v2/FabricGateway] 	Generating contract map for user User5
2026.08.11-09:19:14.698[32m info [39m [caliper] [connectors/v2/FabricGateway] 	Successfully connected user with identity User5 to a Network Gateway
2026.08.11-09:19:14.698[32m info [39m [caliper] [connectors/v2/FabricGateway] 	Generating contract map for user User5
2026.08.11-09:19:14.712[32m info [39m [caliper] [connectors/v2/FabricGateway] 	Successfully connected user with identity User5 to a Network Gateway
2026.08.11-09:19:14.713[32m info [39m [caliper] [connectors/v2/FabricGateway] 	Generating contract map for user User5
2026.08.11-09:19:14.716[32m info [39m [caliper] [connectors/v2/FabricGateway] 	Successfully connected user with identity User5 to a Network Gateway
2026.08.11-09:19:14.716[32m info [39m [caliper] [connectors/v2/FabricGateway] 	Successfully connected user with identity User5 to a Network Gateway
2026.08.11-09:19:14.716[32m info [39m [caliper] [connectors/v2/FabricGateway] 	Generating contract map for user User5
2026.08.11-09:19:14.716[32m info [39m [caliper] [connectors/v2/FabricGateway] 	Generating contract map for user User5
2026.08.11-09:19:14.750[32m info [39m [caliper] [connectors/v2/FabricGateway] 	Connecting user with identity _AuctioncentersMSP_User0 to a Network Gateway
2026.08.11-09:19:14.751[32m info [39m [caliper] [connectors/v2/FabricGateway] 	Connecting user with identity _AuctioncentersMSP_User0 to a Network Gateway
2026.08.11-09:19:14.764[32m info [39m [caliper] [connectors/v2/FabricGateway] 	Connecting user with identity _AuctioncentersMSP_User0 to a Network Gateway
2026.08.11-09:19:14.768[32m info [39m [caliper] [connectors/v2/FabricGateway] 	Connecting user with identity _AuctioncentersMSP_User0 to a Network Gateway
2026.08.11-09:19:14.769[32m info [39m [caliper] [connectors/v2/FabricGateway] 	Connecting user with identity _AuctioncentersMSP_User0 to a Network Gateway
2026.08.11-09:19:14.813[32m info [39m [caliper] [connectors/v2/FabricGateway] 	Successfully connected user with identity _AuctioncentersMSP_User0 to a Network Gateway
2026.08.11-09:19:14.814[32m info [39m [caliper] [connectors/v2/FabricGateway] 	Generating contract map for user _AuctioncentersMSP_User0
2026.08.11-09:19:14.824[32m info [39m [caliper] [connectors/v2/FabricGateway] 	Successfully connected user with identity _AuctioncentersMSP_User0 to a Network Gateway
2026.08.11-09:19:14.824[32m info [39m [caliper] [connectors/v2/FabricGateway] 	Generating contract map for user _AuctioncentersMSP_User0
2026.08.11-09:19:14.830[32m info [39m [caliper] [connectors/v2/FabricGateway] 	Successfully connected user with identity _AuctioncentersMSP_User0 to a Network Gateway
2026.08.11-09:19:14.830[32m info [39m [caliper] [connectors/v2/FabricGateway] 	Generating contract map for user _AuctioncentersMSP_User0
2026.08.11-09:19:14.835[32m info [39m [caliper] [connectors/v2/FabricGateway] 	Successfully connected user with identity _AuctioncentersMSP_User0 to a Network Gateway
2026.08.11-09:19:14.836[32m info [39m [caliper] [connectors/v2/FabricGateway] 	Generating contract map for user _AuctioncentersMSP_User0
2026.08.11-09:19:14.845[32m info [39m [caliper] [connectors/v2/FabricGateway] 	Successfully connected user with identity _AuctioncentersMSP_User0 to a Network Gateway
2026.08.11-09:19:14.845[32m info [39m [caliper] [connectors/v2/FabricGateway] 	Generating contract map for user _AuctioncentersMSP_User0
2026.08.11-09:19:14.868[32m info [39m [caliper] [connectors/v2/FabricGateway] 	Connecting user with identity _AuctioncentersMSP_User1 to a Network Gateway
2026.08.11-09:19:14.878[32m info [39m [caliper] [connectors/v2/FabricGateway] 	Connecting user with identity _AuctioncentersMSP_User1 to a Network Gateway
2026.08.11-09:19:14.887[32m info [39m [caliper] [connectors/v2/FabricGateway] 	Connecting user with identity _AuctioncentersMSP_User1 to a Network Gateway
2026.08.11-09:19:14.890[32m info [39m [caliper] [connectors/v2/FabricGateway] 	Connecting user with identity _AuctioncentersMSP_User1 to a Network Gateway
2026.08.11-09:19:14.899[32m info [39m [caliper] [connectors/v2/FabricGateway] 	Connecting user with identity _AuctioncentersMSP_User1 to a Network Gateway
2026.08.11-09:19:14.937[32m info [39m [caliper] [connectors/v2/FabricGateway] 	Successfully connected user with identity _AuctioncentersMSP_User1 to a Network Gateway
2026.08.11-09:19:14.937[32m info [39m [caliper] [connectors/v2/FabricGateway] 	Generating contract map for user _AuctioncentersMSP_User1
2026.08.11-09:19:14.944[32m info [39m [caliper] [connectors/v2/FabricGateway] 	Successfully connected user with identity _AuctioncentersMSP_User1 to a Network Gateway
2026.08.11-09:19:14.945[32m info [39m [caliper] [connectors/v2/FabricGateway] 	Generating contract map for user _AuctioncentersMSP_User1
2026.08.11-09:19:14.953[32m info [39m [caliper] [connectors/v2/FabricGateway] 	Successfully connected user with identity _AuctioncentersMSP_User1 to a Network Gateway
2026.08.11-09:19:14.954[32m info [39m [caliper] [connectors/v2/FabricGateway] 	Generating contract map for user _AuctioncentersMSP_User1
2026.08.11-09:19:14.960[32m info [39m [caliper] [connectors/v2/FabricGateway] 	Successfully connected user with identity _AuctioncentersMSP_User1 to a Network Gateway
2026.08.11-09:19:14.960[32m info [39m [caliper] [connectors/v2/FabricGateway] 	Generating contract map for user _AuctioncentersMSP_User1
2026.08.11-09:19:14.965[32m info [39m [caliper] [connectors/v2/FabricGateway] 	Successfully connected user with identity _AuctioncentersMSP_User1 to a Network Gateway
2026.08.11-09:19:14.965[32m info [39m [caliper] [connectors/v2/FabricGateway] 	Generating contract map for user _AuctioncentersMSP_User1
2026.08.11-09:19:14.993[32m info [39m [caliper] [connectors/v2/FabricGateway] 	Connecting user with identity _AuctioncentersMSP_User2 to a Network Gateway
2026.08.11-09:19:15.002[32m info [39m [caliper] [connectors/v2/FabricGateway] 	Connecting user with identity _AuctioncentersMSP_User2 to a Network Gateway
2026.08.11-09:19:15.008[32m info [39m [caliper] [connectors/v2/FabricGateway] 	Connecting user with identity _AuctioncentersMSP_User2 to a Network Gateway
2026.08.11-09:19:15.014[32m info [39m [caliper] [connectors/v2/FabricGateway] 	Connecting user with identity _AuctioncentersMSP_User2 to a Network Gateway
2026.08.11-09:19:15.018[32m info [39m [caliper] [connectors/v2/FabricGateway] 	Connecting user with identity _AuctioncentersMSP_User2 to a Network Gateway
2026.08.11-09:19:15.059[32m info [39m [caliper] [connectors/v2/FabricGateway] 	Successfully connected user with identity _AuctioncentersMSP_User2 to a Network Gateway
2026.08.11-09:19:15.059[32m info [39m [caliper] [connectors/v2/FabricGateway] 	Generating contract map for user _AuctioncentersMSP_User2
2026.08.11-09:19:15.069[32m info [39m [caliper] [connectors/v2/FabricGateway] 	Successfully connected user with identity _AuctioncentersMSP_User2 to a Network Gateway
2026.08.11-09:19:15.069[32m info [39m [caliper] [connectors/v2/FabricGateway] 	Generating contract map for user _AuctioncentersMSP_User2
2026.08.11-09:19:15.084[32m info [39m [caliper] [connectors/v2/FabricGateway] 	Successfully connected user with identity _AuctioncentersMSP_User2 to a Network Gateway
2026.08.11-09:19:15.084[32m info [39m [caliper] [connectors/v2/FabricGateway] 	Successfully connected user with identity _AuctioncentersMSP_User2 to a Network Gateway
2026.08.11-09:19:15.084[32m info [39m [caliper] [connectors/v2/FabricGateway] 	Generating contract map for user _AuctioncentersMSP_User2
2026.08.11-09:19:15.084[32m info [39m [caliper] [connectors/v2/FabricGateway] 	Generating contract map for user _AuctioncentersMSP_User2
2026.08.11-09:19:15.084[32m info [39m [caliper] [connectors/v2/FabricGateway] 	Successfully connected user with identity _AuctioncentersMSP_User2 to a Network Gateway
2026.08.11-09:19:15.085[32m info [39m [caliper] [connectors/v2/FabricGateway] 	Generating contract map for user _AuctioncentersMSP_User2
2026.08.11-09:19:15.116[32m info [39m [caliper] [connectors/v2/FabricGateway] 	Connecting user with identity _AuctioncentersMSP_User3 to a Network Gateway
2026.08.11-09:19:15.123[32m info [39m [caliper] [connectors/v2/FabricGateway] 	Connecting user with identity _AuctioncentersMSP_User3 to a Network Gateway
2026.08.11-09:19:15.138[32m info [39m [caliper] [connectors/v2/FabricGateway] 	Connecting user with identity _AuctioncentersMSP_User3 to a Network Gateway
2026.08.11-09:19:15.138[32m info [39m [caliper] [connectors/v2/FabricGateway] 	Connecting user with identity _AuctioncentersMSP_User3 to a Network Gateway
2026.08.11-09:19:15.139[32m info [39m [caliper] [connectors/v2/FabricGateway] 	Connecting user with identity _AuctioncentersMSP_User3 to a Network Gateway
2026.08.11-09:19:15.177[32m info [39m [caliper] [connectors/v2/FabricGateway] 	Successfully connected user with identity _AuctioncentersMSP_User3 to a Network Gateway
2026.08.11-09:19:15.177[32m info [39m [caliper] [connectors/v2/FabricGateway] 	Generating contract map for user _AuctioncentersMSP_User3
2026.08.11-09:19:15.189[32m info [39m [caliper] [connectors/v2/FabricGateway] 	Successfully connected user with identity _AuctioncentersMSP_User3 to a Network Gateway
2026.08.11-09:19:15.189[32m info [39m [caliper] [connectors/v2/FabricGateway] 	Generating contract map for user _AuctioncentersMSP_User3
2026.08.11-09:19:15.203[32m info [39m [caliper] [connectors/v2/FabricGateway] 	Successfully connected user with identity _AuctioncentersMSP_User3 to a Network Gateway
2026.08.11-09:19:15.203[32m info [39m [caliper] [connectors/v2/FabricGateway] 	Generating contract map for user _AuctioncentersMSP_User3
2026.08.11-09:19:15.205[32m info [39m [caliper] [connectors/v2/FabricGateway] 	Successfully connected user with identity _AuctioncentersMSP_User3 to a Network Gateway
2026.08.11-09:19:15.205[32m info [39m [caliper] [connectors/v2/FabricGateway] 	Generating contract map for user _AuctioncentersMSP_User3
2026.08.11-09:19:15.206[32m info [39m [caliper] [connectors/v2/FabricGateway] 	Successfully connected user with identity _AuctioncentersMSP_User3 to a Network Gateway
2026.08.11-09:19:15.207[32m info [39m [caliper] [connectors/v2/FabricGateway] 	Generating contract map for user _AuctioncentersMSP_User3
2026.08.11-09:19:15.232[32m info [39m [caliper] [connectors/v2/FabricGateway] 	Connecting user with identity _AuctioncentersMSP_User4 to a Network Gateway
2026.08.11-09:19:15.246[32m info [39m [caliper] [connectors/v2/FabricGateway] 	Connecting user with identity _AuctioncentersMSP_User4 to a Network Gateway
2026.08.11-09:19:15.261[32m info [39m [caliper] [connectors/v2/FabricGateway] 	Connecting user with identity _AuctioncentersMSP_User4 to a Network Gateway
2026.08.11-09:19:15.261[32m info [39m [caliper] [connectors/v2/FabricGateway] 	Connecting user with identity _AuctioncentersMSP_User4 to a Network Gateway
2026.08.11-09:19:15.261[32m info [39m [caliper] [connectors/v2/FabricGateway] 	Connecting user with identity _AuctioncentersMSP_User4 to a Network Gateway
2026.08.11-09:19:15.298[32m info [39m [caliper] [connectors/v2/FabricGateway] 	Successfully connected user with identity _AuctioncentersMSP_User4 to a Network Gateway
2026.08.11-09:19:15.298[32m info [39m [caliper] [connectors/v2/FabricGateway] 	Generating contract map for user _AuctioncentersMSP_User4
2026.08.11-09:19:15.322[32m info [39m [caliper] [connectors/v2/FabricGateway] 	Successfully connected user with identity _AuctioncentersMSP_User4 to a Network Gateway
2026.08.11-09:19:15.323[32m info [39m [caliper] [connectors/v2/FabricGateway] 	Generating contract map for user _AuctioncentersMSP_User4
2026.08.11-09:19:15.328[32m info [39m [caliper] [connectors/v2/FabricGateway] 	Successfully connected user with identity _AuctioncentersMSP_User4 to a Network Gateway
2026.08.11-09:19:15.329[32m info [39m [caliper] [connectors/v2/FabricGateway] 	Generating contract map for user _AuctioncentersMSP_User4
2026.08.11-09:19:15.329[32m info [39m [caliper] [connectors/v2/FabricGateway] 	Successfully connected user with identity _AuctioncentersMSP_User4 to a Network Gateway
2026.08.11-09:19:15.329[32m info [39m [caliper] [connectors/v2/FabricGateway] 	Generating contract map for user _AuctioncentersMSP_User4
2026.08.11-09:19:15.342[32m info [39m [caliper] [connectors/v2/FabricGateway] 	Successfully connected user with identity _AuctioncentersMSP_User4 to a Network Gateway
2026.08.11-09:19:15.342[32m info [39m [caliper] [connectors/v2/FabricGateway] 	Generating contract map for user _AuctioncentersMSP_User4
2026.08.11-09:19:15.372[32m info [39m [caliper] [connectors/v2/FabricGateway] 	Connecting user with identity _AuctioncentersMSP_User5 to a Network Gateway
2026.08.11-09:19:15.394[32m info [39m [caliper] [connectors/v2/FabricGateway] 	Connecting user with identity _AuctioncentersMSP_User5 to a Network Gateway
2026.08.11-09:19:15.399[32m info [39m [caliper] [connectors/v2/FabricGateway] 	Connecting user with identity _AuctioncentersMSP_User5 to a Network Gateway
2026.08.11-09:19:15.401[32m info [39m [caliper] [connectors/v2/FabricGateway] 	Connecting user with identity _AuctioncentersMSP_User5 to a Network Gateway
2026.08.11-09:19:15.415[32m info [39m [caliper] [connectors/v2/FabricGateway] 	Connecting user with identity _AuctioncentersMSP_User5 to a Network Gateway
2026.08.11-09:19:15.446[32m info [39m [caliper] [connectors/v2/FabricGateway] 	Successfully connected user with identity _AuctioncentersMSP_User5 to a Network Gateway
2026.08.11-09:19:15.447[32m info [39m [caliper] [connectors/v2/FabricGateway] 	Generating contract map for user _AuctioncentersMSP_User5
2026.08.11-09:19:15.461[32m info [39m [caliper] [connectors/v2/FabricGateway] 	Successfully connected user with identity _AuctioncentersMSP_User5 to a Network Gateway
2026.08.11-09:19:15.461[32m info [39m [caliper] [connectors/v2/FabricGateway] 	Generating contract map for user _AuctioncentersMSP_User5
2026.08.11-09:19:15.469[32m info [39m [caliper] [connectors/v2/FabricGateway] 	Successfully connected user with identity _AuctioncentersMSP_User5 to a Network Gateway
2026.08.11-09:19:15.470[32m info [39m [caliper] [connectors/v2/FabricGateway] 	Generating contract map for user _AuctioncentersMSP_User5
2026.08.11-09:19:15.475[32m info [39m [caliper] [connectors/v2/FabricGateway] 	Successfully connected user with identity _AuctioncentersMSP_User5 to a Network Gateway
2026.08.11-09:19:15.475[32m info [39m [caliper] [connectors/v2/FabricGateway] 	Generating contract map for user _AuctioncentersMSP_User5
2026.08.11-09:19:15.485[32m info [39m [caliper] [connectors/v2/FabricGateway] 	Successfully connected user with identity _AuctioncentersMSP_User5 to a Network Gateway
2026.08.11-09:19:15.485[32m info [39m [caliper] [connectors/v2/FabricGateway] 	Generating contract map for user _AuctioncentersMSP_User5
2026.08.11-09:19:15.530[32m info [39m [caliper] [connectors/v2/FabricGateway] 	Connecting user with identity _WholesalersMSP_User0 to a Network Gateway
2026.08.11-09:19:15.556[32m info [39m [caliper] [connectors/v2/FabricGateway] 	Connecting user with identity _WholesalersMSP_User0 to a Network Gateway
2026.08.11-09:19:15.558[32m info [39m [caliper] [connectors/v2/FabricGateway] 	Connecting user with identity _WholesalersMSP_User0 to a Network Gateway
2026.08.11-09:19:15.562[32m info [39m [caliper] [connectors/v2/FabricGateway] 	Connecting user with identity _WholesalersMSP_User0 to a Network Gateway
2026.08.11-09:19:15.573[32m info [39m [caliper] [connectors/v2/FabricGateway] 	Connecting user with identity _WholesalersMSP_User0 to a Network Gateway
2026.08.11-09:19:15.597[32m info [39m [caliper] [connectors/v2/FabricGateway] 	Successfully connected user with identity _WholesalersMSP_User0 to a Network Gateway
2026.08.11-09:19:15.597[32m info [39m [caliper] [connectors/v2/FabricGateway] 	Generating contract map for user _WholesalersMSP_User0
2026.08.11-09:19:15.624[32m info [39m [caliper] [connectors/v2/FabricGateway] 	Successfully connected user with identity _WholesalersMSP_User0 to a Network Gateway
2026.08.11-09:19:15.624[32m info [39m [caliper] [connectors/v2/FabricGateway] 	Generating contract map for user _WholesalersMSP_User0
2026.08.11-09:19:15.625[32m info [39m [caliper] [connectors/v2/FabricGateway] 	Successfully connected user with identity _WholesalersMSP_User0 to a Network Gateway
2026.08.11-09:19:15.625[32m info [39m [caliper] [connectors/v2/FabricGateway] 	Generating contract map for user _WholesalersMSP_User0
2026.08.11-09:19:15.626[32m info [39m [caliper] [connectors/v2/FabricGateway] 	Successfully connected user with identity _WholesalersMSP_User0 to a Network Gateway
2026.08.11-09:19:15.626[32m info [39m [caliper] [connectors/v2/FabricGateway] 	Generating contract map for user _WholesalersMSP_User0
2026.08.11-09:19:15.639[32m info [39m [caliper] [connectors/v2/FabricGateway] 	Successfully connected user with identity _WholesalersMSP_User0 to a Network Gateway
2026.08.11-09:19:15.640[32m info [39m [caliper] [connectors/v2/FabricGateway] 	Generating contract map for user _WholesalersMSP_User0
2026.08.11-09:19:15.652[32m info [39m [caliper] [connectors/v2/FabricGateway] 	Connecting user with identity _WholesalersMSP_User1 to a Network Gateway
2026.08.11-09:19:15.680[32m info [39m [caliper] [connectors/v2/FabricGateway] 	Connecting user with identity _WholesalersMSP_User1 to a Network Gateway
2026.08.11-09:19:15.682[32m info [39m [caliper] [connectors/v2/FabricGateway] 	Connecting user with identity _WholesalersMSP_User1 to a Network Gateway
2026.08.11-09:19:15.687[32m info [39m [caliper] [connectors/v2/FabricGateway] 	Connecting user with identity _WholesalersMSP_User1 to a Network Gateway
2026.08.11-09:19:15.693[32m info [39m [caliper] [connectors/v2/FabricGateway] 	Connecting user with identity _WholesalersMSP_User1 to a Network Gateway
2026.08.11-09:19:15.721[32m info [39m [caliper] [connectors/v2/FabricGateway] 	Successfully connected user with identity _WholesalersMSP_User1 to a Network Gateway
2026.08.11-09:19:15.721[32m info [39m [caliper] [connectors/v2/FabricGateway] 	Generating contract map for user _WholesalersMSP_User1
2026.08.11-09:19:15.749[32m info [39m [caliper] [connectors/v2/FabricGateway] 	Successfully connected user with identity _WholesalersMSP_User1 to a Network Gateway
2026.08.11-09:19:15.750[32m info [39m [caliper] [connectors/v2/FabricGateway] 	Generating contract map for user _WholesalersMSP_User1
2026.08.11-09:19:15.753[32m info [39m [caliper] [connectors/v2/FabricGateway] 	Successfully connected user with identity _WholesalersMSP_User1 to a Network Gateway
2026.08.11-09:19:15.754[32m info [39m [caliper] [connectors/v2/FabricGateway] 	Generating contract map for user _WholesalersMSP_User1
2026.08.11-09:19:15.755[32m info [39m [caliper] [connectors/v2/FabricGateway] 	Successfully connected user with identity _WholesalersMSP_User1 to a Network Gateway
2026.08.11-09:19:15.755[32m info [39m [caliper] [connectors/v2/FabricGateway] 	Generating contract map for user _WholesalersMSP_User1
2026.08.11-09:19:15.757[32m info [39m [caliper] [connectors/v2/FabricGateway] 	Successfully connected user with identity _WholesalersMSP_User1 to a Network Gateway
2026.08.11-09:19:15.757[32m info [39m [caliper] [connectors/v2/FabricGateway] 	Generating contract map for user _WholesalersMSP_User1
2026.08.11-09:19:15.772[32m info [39m [caliper] [connectors/v2/FabricGateway] 	Connecting user with identity _WholesalersMSP_User2 to a Network Gateway
2026.08.11-09:19:15.801[32m info [39m [caliper] [connectors/v2/FabricGateway] 	Connecting user with identity _WholesalersMSP_User2 to a Network Gateway
2026.08.11-09:19:15.805[32m info [39m [caliper] [connectors/v2/FabricGateway] 	Connecting user with identity _WholesalersMSP_User2 to a Network Gateway
2026.08.11-09:19:15.806[32m info [39m [caliper] [connectors/v2/FabricGateway] 	Connecting user with identity _WholesalersMSP_User2 to a Network Gateway
2026.08.11-09:19:15.808[32m info [39m [caliper] [connectors/v2/FabricGateway] 	Connecting user with identity _WholesalersMSP_User2 to a Network Gateway
2026.08.11-09:19:15.837[32m info [39m [caliper] [connectors/v2/FabricGateway] 	Successfully connected user with identity _WholesalersMSP_User2 to a Network Gateway
2026.08.11-09:19:15.837[32m info [39m [caliper] [connectors/v2/FabricGateway] 	Generating contract map for user _WholesalersMSP_User2
2026.08.11-09:19:15.865[32m info [39m [caliper] [connectors/v2/FabricGateway] 	Successfully connected user with identity _WholesalersMSP_User2 to a Network Gateway
2026.08.11-09:19:15.865[32m info [39m [caliper] [connectors/v2/FabricGateway] 	Generating contract map for user _WholesalersMSP_User2
2026.08.11-09:19:15.866[32m info [39m [caliper] [connectors/v2/FabricGateway] 	Successfully connected user with identity _WholesalersMSP_User2 to a Network Gateway
2026.08.11-09:19:15.867[32m info [39m [caliper] [connectors/v2/FabricGateway] 	Generating contract map for user _WholesalersMSP_User2
2026.08.11-09:19:15.870[32m info [39m [caliper] [connectors/v2/FabricGateway] 	Successfully connected user with identity _WholesalersMSP_User2 to a Network Gateway
2026.08.11-09:19:15.870[32m info [39m [caliper] [connectors/v2/FabricGateway] 	Generating contract map for user _WholesalersMSP_User2
2026.08.11-09:19:15.872[32m info [39m [caliper] [connectors/v2/FabricGateway] 	Successfully connected user with identity _WholesalersMSP_User2 to a Network Gateway
2026.08.11-09:19:15.873[32m info [39m [caliper] [connectors/v2/FabricGateway] 	Generating contract map for user _WholesalersMSP_User2
2026.08.11-09:19:15.889[32m info [39m [caliper] [connectors/v2/FabricGateway] 	Connecting user with identity _WholesalersMSP_User3 to a Network Gateway
2026.08.11-09:19:15.919[32m info [39m [caliper] [connectors/v2/FabricGateway] 	Connecting user with identity _WholesalersMSP_User3 to a Network Gateway
2026.08.11-09:19:15.919[32m info [39m [caliper] [connectors/v2/FabricGateway] 	Connecting user with identity _WholesalersMSP_User3 to a Network Gateway
2026.08.11-09:19:15.920[32m info [39m [caliper] [connectors/v2/FabricGateway] 	Connecting user with identity _WholesalersMSP_User3 to a Network Gateway
2026.08.11-09:19:15.924[32m info [39m [caliper] [connectors/v2/FabricGateway] 	Connecting user with identity _WholesalersMSP_User3 to a Network Gateway
2026.08.11-09:19:15.956[32m info [39m [caliper] [connectors/v2/FabricGateway] 	Successfully connected user with identity _WholesalersMSP_User3 to a Network Gateway
2026.08.11-09:19:15.956[32m info [39m [caliper] [connectors/v2/FabricGateway] 	Generating contract map for user _WholesalersMSP_User3
2026.08.11-09:19:15.985[32m info [39m [caliper] [connectors/v2/FabricGateway] 	Successfully connected user with identity _WholesalersMSP_User3 to a Network Gateway
2026.08.11-09:19:15.986[32m info [39m [caliper] [connectors/v2/FabricGateway] 	Generating contract map for user _WholesalersMSP_User3
2026.08.11-09:19:15.992[32m info [39m [caliper] [connectors/v2/FabricGateway] 	Successfully connected user with identity _WholesalersMSP_User3 to a Network Gateway
2026.08.11-09:19:15.993[32m info [39m [caliper] [connectors/v2/FabricGateway] 	Generating contract map for user _WholesalersMSP_User3
2026.08.11-09:19:15.993[32m info [39m [caliper] [connectors/v2/FabricGateway] 	Successfully connected user with identity _WholesalersMSP_User3 to a Network Gateway
2026.08.11-09:19:15.993[32m info [39m [caliper] [connectors/v2/FabricGateway] 	Generating contract map for user _WholesalersMSP_User3
2026.08.11-09:19:15.994[32m info [39m [caliper] [connectors/v2/FabricGateway] 	Successfully connected user with identity _WholesalersMSP_User3 to a Network Gateway
2026.08.11-09:19:15.994[32m info [39m [caliper] [connectors/v2/FabricGateway] 	Generating contract map for user _WholesalersMSP_User3
2026.08.11-09:19:16.006[32m info [39m [caliper] [connectors/v2/FabricGateway] 	Connecting user with identity _WholesalersMSP_User4 to a Network Gateway
2026.08.11-09:19:16.042[32m info [39m [caliper] [connectors/v2/FabricGateway] 	Connecting user with identity _WholesalersMSP_User4 to a Network Gateway
2026.08.11-09:19:16.042[32m info [39m [caliper] [connectors/v2/FabricGateway] 	Connecting user with identity _WholesalersMSP_User4 to a Network Gateway
2026.08.11-09:19:16.043[32m info [39m [caliper] [connectors/v2/FabricGateway] 	Connecting user with identity _WholesalersMSP_User4 to a Network Gateway
2026.08.11-09:19:16.043[32m info [39m [caliper] [connectors/v2/FabricGateway] 	Connecting user with identity _WholesalersMSP_User4 to a Network Gateway
2026.08.11-09:19:16.073[32m info [39m [caliper] [connectors/v2/FabricGateway] 	Successfully connected user with identity _WholesalersMSP_User4 to a Network Gateway
2026.08.11-09:19:16.073[32m info [39m [caliper] [connectors/v2/FabricGateway] 	Generating contract map for user _WholesalersMSP_User4
2026.08.11-09:19:16.108[32m info [39m [caliper] [connectors/v2/FabricGateway] 	Successfully connected user with identity _WholesalersMSP_User4 to a Network Gateway
2026.08.11-09:19:16.109[32m info [39m [caliper] [connectors/v2/FabricGateway] 	Successfully connected user with identity _WholesalersMSP_User4 to a Network Gateway
2026.08.11-09:19:16.109[32m info [39m [caliper] [connectors/v2/FabricGateway] 	Generating contract map for user _WholesalersMSP_User4
2026.08.11-09:19:16.109[32m info [39m [caliper] [connectors/v2/FabricGateway] 	Generating contract map for user _WholesalersMSP_User4
2026.08.11-09:19:16.109[32m info [39m [caliper] [connectors/v2/FabricGateway] 	Successfully connected user with identity _WholesalersMSP_User4 to a Network Gateway
2026.08.11-09:19:16.109[32m info [39m [caliper] [connectors/v2/FabricGateway] 	Generating contract map for user _WholesalersMSP_User4
2026.08.11-09:19:16.112[32m info [39m [caliper] [connectors/v2/FabricGateway] 	Successfully connected user with identity _WholesalersMSP_User4 to a Network Gateway
2026.08.11-09:19:16.112[32m info [39m [caliper] [connectors/v2/FabricGateway] 	Generating contract map for user _WholesalersMSP_User4
2026.08.11-09:19:16.126[32m info [39m [caliper] [connectors/v2/FabricGateway] 	Connecting user with identity _WholesalersMSP_User5 to a Network Gateway
2026.08.11-09:19:16.163[32m info [39m [caliper] [connectors/v2/FabricGateway] 	Connecting user with identity _WholesalersMSP_User5 to a Network Gateway
2026.08.11-09:19:16.165[32m info [39m [caliper] [connectors/v2/FabricGateway] 	Connecting user with identity _WholesalersMSP_User5 to a Network Gateway
2026.08.11-09:19:16.169[32m info [39m [caliper] [connectors/v2/FabricGateway] 	Connecting user with identity _WholesalersMSP_User5 to a Network Gateway
2026.08.11-09:19:16.175[32m info [39m [caliper] [connectors/v2/FabricGateway] 	Connecting user with identity _WholesalersMSP_User5 to a Network Gateway
2026.08.11-09:19:16.194[32m info [39m [caliper] [connectors/v2/FabricGateway] 	Successfully connected user with identity _WholesalersMSP_User5 to a Network Gateway
2026.08.11-09:19:16.194[32m info [39m [caliper] [connectors/v2/FabricGateway] 	Generating contract map for user _WholesalersMSP_User5
2026.08.11-09:19:16.229[32m info [39m [caliper] [connectors/v2/FabricGateway] 	Successfully connected user with identity _WholesalersMSP_User5 to a Network Gateway
2026.08.11-09:19:16.229[32m info [39m [caliper] [connectors/v2/FabricGateway] 	Successfully connected user with identity _WholesalersMSP_User5 to a Network Gateway
2026.08.11-09:19:16.229[32m info [39m [caliper] [connectors/v2/FabricGateway] 	Generating contract map for user _WholesalersMSP_User5
2026.08.11-09:19:16.229[32m info [39m [caliper] [connectors/v2/FabricGateway] 	Generating contract map for user _WholesalersMSP_User5
2026.08.11-09:19:16.234[32m info [39m [caliper] [connectors/v2/FabricGateway] 	Successfully connected user with identity _WholesalersMSP_User5 to a Network Gateway
2026.08.11-09:19:16.234[32m info [39m [caliper] [connectors/v2/FabricGateway] 	Generating contract map for user _WholesalersMSP_User5
2026.08.11-09:19:16.238[32m info [39m [caliper] [connectors/v2/FabricGateway] 	Successfully connected user with identity _WholesalersMSP_User5 to a Network Gateway
2026.08.11-09:19:16.239[32m info [39m [caliper] [connectors/v2/FabricGateway] 	Generating contract map for user _WholesalersMSP_User5
2026.08.11-09:19:16.242[32m info [39m [caliper] [connectors/v2/FabricGateway] 	Connecting user with identity _RetailersMSP_User0 to a Network Gateway
2026.08.11-09:19:16.280[32m info [39m [caliper] [connectors/v2/FabricGateway] 	Connecting user with identity _RetailersMSP_User0 to a Network Gateway
2026.08.11-09:19:16.281[32m info [39m [caliper] [connectors/v2/FabricGateway] 	Connecting user with identity _RetailersMSP_User0 to a Network Gateway
2026.08.11-09:19:16.284[32m info [39m [caliper] [connectors/v2/FabricGateway] 	Connecting user with identity _RetailersMSP_User0 to a Network Gateway
2026.08.11-09:19:16.290[32m info [39m [caliper] [connectors/v2/FabricGateway] 	Connecting user with identity _RetailersMSP_User0 to a Network Gateway
2026.08.11-09:19:16.312[32m info [39m [caliper] [connectors/v2/FabricGateway] 	Successfully connected user with identity _RetailersMSP_User0 to a Network Gateway
2026.08.11-09:19:16.312[32m info [39m [caliper] [connectors/v2/FabricGateway] 	Generating contract map for user _RetailersMSP_User0
2026.08.11-09:19:16.345[32m info [39m [caliper] [connectors/v2/FabricGateway] 	Successfully connected user with identity _RetailersMSP_User0 to a Network Gateway
2026.08.11-09:19:16.345[32m info [39m [caliper] [connectors/v2/FabricGateway] 	Generating contract map for user _RetailersMSP_User0
2026.08.11-09:19:16.347[32m info [39m [caliper] [connectors/v2/FabricGateway] 	Successfully connected user with identity _RetailersMSP_User0 to a Network Gateway
2026.08.11-09:19:16.347[32m info [39m [caliper] [connectors/v2/FabricGateway] 	Generating contract map for user _RetailersMSP_User0
2026.08.11-09:19:16.347[32m info [39m [caliper] [connectors/v2/FabricGateway] 	Successfully connected user with identity _RetailersMSP_User0 to a Network Gateway
2026.08.11-09:19:16.348[32m info [39m [caliper] [connectors/v2/FabricGateway] 	Generating contract map for user _RetailersMSP_User0
2026.08.11-09:19:16.357[32m info [39m [caliper] [connectors/v2/FabricGateway] 	Successfully connected user with identity _RetailersMSP_User0 to a Network Gateway
2026.08.11-09:19:16.357[32m info [39m [caliper] [connectors/v2/FabricGateway] 	Generating contract map for user _RetailersMSP_User0
2026.08.11-09:19:16.358[32m info [39m [caliper] [connectors/v2/FabricGateway] 	Connecting user with identity _RetailersMSP_User1 to a Network Gateway
2026.08.11-09:19:16.399[32m info [39m [caliper] [connectors/v2/FabricGateway] 	Connecting user with identity _RetailersMSP_User1 to a Network Gateway
2026.08.11-09:19:16.399[32m info [39m [caliper] [connectors/v2/FabricGateway] 	Connecting user with identity _RetailersMSP_User1 to a Network Gateway
2026.08.11-09:19:16.399[32m info [39m [caliper] [connectors/v2/FabricGateway] 	Connecting user with identity _RetailersMSP_User1 to a Network Gateway
2026.08.11-09:19:16.409[32m info [39m [caliper] [connectors/v2/FabricGateway] 	Connecting user with identity _RetailersMSP_User1 to a Network Gateway
2026.08.11-09:19:16.434[32m info [39m [caliper] [connectors/v2/FabricGateway] 	Successfully connected user with identity _RetailersMSP_User1 to a Network Gateway
2026.08.11-09:19:16.434[32m info [39m [caliper] [connectors/v2/FabricGateway] 	Generating contract map for user _RetailersMSP_User1
2026.08.11-09:19:16.468[32m info [39m [caliper] [connectors/v2/FabricGateway] 	Successfully connected user with identity _RetailersMSP_User1 to a Network Gateway
2026.08.11-09:19:16.468[32m info [39m [caliper] [connectors/v2/FabricGateway] 	Generating contract map for user _RetailersMSP_User1
2026.08.11-09:19:16.469[32m info [39m [caliper] [connectors/v2/FabricGateway] 	Successfully connected user with identity _RetailersMSP_User1 to a Network Gateway
2026.08.11-09:19:16.469[32m info [39m [caliper] [connectors/v2/FabricGateway] 	Generating contract map for user _RetailersMSP_User1
2026.08.11-09:19:16.481[32m info [39m [caliper] [connectors/v2/FabricGateway] 	Successfully connected user with identity _RetailersMSP_User1 to a Network Gateway
2026.08.11-09:19:16.481[32m info [39m [caliper] [connectors/v2/FabricGateway] 	Generating contract map for user _RetailersMSP_User1
2026.08.11-09:19:16.483[32m info [39m [caliper] [connectors/v2/FabricGateway] 	Successfully connected user with identity _RetailersMSP_User1 to a Network Gateway
2026.08.11-09:19:16.483[32m info [39m [caliper] [connectors/v2/FabricGateway] 	Generating contract map for user _RetailersMSP_User1
2026.08.11-09:19:16.490[32m info [39m [caliper] [connectors/v2/FabricGateway] 	Connecting user with identity _RetailersMSP_User2 to a Network Gateway
2026.08.11-09:19:16.521[32m info [39m [caliper] [connectors/v2/FabricGateway] 	Connecting user with identity _RetailersMSP_User2 to a Network Gateway
2026.08.11-09:19:16.522[32m info [39m [caliper] [connectors/v2/FabricGateway] 	Connecting user with identity _RetailersMSP_User2 to a Network Gateway
2026.08.11-09:19:16.534[32m info [39m [caliper] [connectors/v2/FabricGateway] 	Connecting user with identity _RetailersMSP_User2 to a Network Gateway
2026.08.11-09:19:16.535[32m info [39m [caliper] [connectors/v2/FabricGateway] 	Connecting user with identity _RetailersMSP_User2 to a Network Gateway
2026.08.11-09:19:16.559[32m info [39m [caliper] [connectors/v2/FabricGateway] 	Successfully connected user with identity _RetailersMSP_User2 to a Network Gateway
2026.08.11-09:19:16.559[32m info [39m [caliper] [connectors/v2/FabricGateway] 	Generating contract map for user _RetailersMSP_User2
2026.08.11-09:19:16.587[32m info [39m [caliper] [connectors/v2/FabricGateway] 	Successfully connected user with identity _RetailersMSP_User2 to a Network Gateway
2026.08.11-09:19:16.587[32m info [39m [caliper] [connectors/v2/FabricGateway] 	Generating contract map for user _RetailersMSP_User2
2026.08.11-09:19:16.591[32m info [39m [caliper] [connectors/v2/FabricGateway] 	Successfully connected user with identity _RetailersMSP_User2 to a Network Gateway
2026.08.11-09:19:16.591[32m info [39m [caliper] [connectors/v2/FabricGateway] 	Generating contract map for user _RetailersMSP_User2
2026.08.11-09:19:16.599[32m info [39m [caliper] [connectors/v2/FabricGateway] 	Successfully connected user with identity _RetailersMSP_User2 to a Network Gateway
2026.08.11-09:19:16.600[32m info [39m [caliper] [connectors/v2/FabricGateway] 	Generating contract map for user _RetailersMSP_User2
2026.08.11-09:19:16.616[32m info [39m [caliper] [connectors/v2/FabricGateway] 	Successfully connected user with identity _RetailersMSP_User2 to a Network Gateway
2026.08.11-09:19:16.616[32m info [39m [caliper] [connectors/v2/FabricGateway] 	Generating contract map for user _RetailersMSP_User2
2026.08.11-09:19:16.627[32m info [39m [caliper] [connectors/v2/FabricGateway] 	Connecting user with identity _RetailersMSP_User3 to a Network Gateway
2026.08.11-09:19:16.644[32m info [39m [caliper] [connectors/v2/FabricGateway] 	Connecting user with identity _RetailersMSP_User3 to a Network Gateway
2026.08.11-09:19:16.656[32m info [39m [caliper] [connectors/v2/FabricGateway] 	Connecting user with identity _RetailersMSP_User3 to a Network Gateway
2026.08.11-09:19:16.657[32m info [39m [caliper] [connectors/v2/FabricGateway] 	Connecting user with identity _RetailersMSP_User3 to a Network Gateway
2026.08.11-09:19:16.673[32m info [39m [caliper] [connectors/v2/FabricGateway] 	Connecting user with identity _RetailersMSP_User3 to a Network Gateway
2026.08.11-09:19:16.699[32m info [39m [caliper] [connectors/v2/FabricGateway] 	Successfully connected user with identity _RetailersMSP_User3 to a Network Gateway
2026.08.11-09:19:16.699[32m info [39m [caliper] [connectors/v2/FabricGateway] 	Generating contract map for user _RetailersMSP_User3
2026.08.11-09:19:16.710[32m info [39m [caliper] [connectors/v2/FabricGateway] 	Successfully connected user with identity _RetailersMSP_User3 to a Network Gateway
2026.08.11-09:19:16.711[32m info [39m [caliper] [connectors/v2/FabricGateway] 	Generating contract map for user _RetailersMSP_User3
2026.08.11-09:19:16.726[32m info [39m [caliper] [connectors/v2/FabricGateway] 	Successfully connected user with identity _RetailersMSP_User3 to a Network Gateway
2026.08.11-09:19:16.726[32m info [39m [caliper] [connectors/v2/FabricGateway] 	Generating contract map for user _RetailersMSP_User3
2026.08.11-09:19:16.730[32m info [39m [caliper] [connectors/v2/FabricGateway] 	Successfully connected user with identity _RetailersMSP_User3 to a Network Gateway
2026.08.11-09:19:16.731[32m info [39m [caliper] [connectors/v2/FabricGateway] 	Generating contract map for user _RetailersMSP_User3
2026.08.11-09:19:16.744[32m info [39m [caliper] [connectors/v2/FabricGateway] 	Successfully connected user with identity _RetailersMSP_User3 to a Network Gateway
2026.08.11-09:19:16.744[32m info [39m [caliper] [connectors/v2/FabricGateway] 	Generating contract map for user _RetailersMSP_User3
2026.08.11-09:19:16.756[32m info [39m [caliper] [connectors/v2/FabricGateway] 	Connecting user with identity _RetailersMSP_User4 to a Network Gateway
2026.08.11-09:19:16.770[32m info [39m [caliper] [connectors/v2/FabricGateway] 	Connecting user with identity _RetailersMSP_User4 to a Network Gateway
2026.08.11-09:19:16.786[32m info [39m [caliper] [connectors/v2/FabricGateway] 	Connecting user with identity _RetailersMSP_User4 to a Network Gateway
2026.08.11-09:19:16.791[32m info [39m [caliper] [connectors/v2/FabricGateway] 	Connecting user with identity _RetailersMSP_User4 to a Network Gateway
2026.08.11-09:19:16.803[32m info [39m [caliper] [connectors/v2/FabricGateway] 	Connecting user with identity _RetailersMSP_User4 to a Network Gateway
2026.08.11-09:19:16.827[32m info [39m [caliper] [connectors/v2/FabricGateway] 	Successfully connected user with identity _RetailersMSP_User4 to a Network Gateway
2026.08.11-09:19:16.827[32m info [39m [caliper] [connectors/v2/FabricGateway] 	Generating contract map for user _RetailersMSP_User4
2026.08.11-09:19:16.840[32m info [39m [caliper] [connectors/v2/FabricGateway] 	Successfully connected user with identity _RetailersMSP_User4 to a Network Gateway
2026.08.11-09:19:16.840[32m info [39m [caliper] [connectors/v2/FabricGateway] 	Generating contract map for user _RetailersMSP_User4
2026.08.11-09:19:16.859[32m info [39m [caliper] [connectors/v2/FabricGateway] 	Successfully connected user with identity _RetailersMSP_User4 to a Network Gateway
2026.08.11-09:19:16.860[32m info [39m [caliper] [connectors/v2/FabricGateway] 	Generating contract map for user _RetailersMSP_User4
2026.08.11-09:19:16.861[32m info [39m [caliper] [connectors/v2/FabricGateway] 	Successfully connected user with identity _RetailersMSP_User4 to a Network Gateway
2026.08.11-09:19:16.861[32m info [39m [caliper] [connectors/v2/FabricGateway] 	Generating contract map for user _RetailersMSP_User4
2026.08.11-09:19:16.876[32m info [39m [caliper] [connectors/v2/FabricGateway] 	Successfully connected user with identity _RetailersMSP_User4 to a Network Gateway
2026.08.11-09:19:16.877[32m info [39m [caliper] [connectors/v2/FabricGateway] 	Generating contract map for user _RetailersMSP_User4
2026.08.11-09:19:16.878[32m info [39m [caliper] [connectors/v2/FabricGateway] 	Connecting user with identity _RetailersMSP_User5 to a Network Gateway
2026.08.11-09:19:16.893[32m info [39m [caliper] [connectors/v2/FabricGateway] 	Connecting user with identity _RetailersMSP_User5 to a Network Gateway
2026.08.11-09:19:16.913[32m info [39m [caliper] [connectors/v2/FabricGateway] 	Connecting user with identity _RetailersMSP_User5 to a Network Gateway
2026.08.11-09:19:16.914[32m info [39m [caliper] [connectors/v2/FabricGateway] 	Connecting user with identity _RetailersMSP_User5 to a Network Gateway
2026.08.11-09:19:16.927[32m info [39m [caliper] [connectors/v2/FabricGateway] 	Connecting user with identity _RetailersMSP_User5 to a Network Gateway
2026.08.11-09:19:16.953[32m info [39m [caliper] [connectors/v2/FabricGateway] 	Successfully connected user with identity _RetailersMSP_User5 to a Network Gateway
2026.08.11-09:19:16.953[32m info [39m [caliper] [connectors/v2/FabricGateway] 	Generating contract map for user _RetailersMSP_User5
2026.08.11-09:19:16.961[32m info [39m [caliper] [connectors/v2/FabricGateway] 	Successfully connected user with identity _RetailersMSP_User5 to a Network Gateway
2026.08.11-09:19:16.961[32m info [39m [caliper] [connectors/v2/FabricGateway] 	Generating contract map for user _RetailersMSP_User5
2026.08.11-09:19:16.985[32m info [39m [caliper] [connectors/v2/FabricGateway] 	Successfully connected user with identity _RetailersMSP_User5 to a Network Gateway
2026.08.11-09:19:16.986[32m info [39m [caliper] [connectors/v2/FabricGateway] 	Generating contract map for user _RetailersMSP_User5
2026.08.11-09:19:16.987[32m info [39m [caliper] [connectors/v2/FabricGateway] 	Successfully connected user with identity _RetailersMSP_User5 to a Network Gateway
2026.08.11-09:19:16.987[32m info [39m [caliper] [connectors/v2/FabricGateway] 	Generating contract map for user _RetailersMSP_User5
2026.08.11-09:19:17.003[32m info [39m [caliper] [connectors/v2/FabricGateway] 	Successfully connected user with identity _RetailersMSP_User5 to a Network Gateway
2026.08.11-09:19:17.003[32m info [39m [caliper] [connectors/v2/FabricGateway] 	Generating contract map for user _RetailersMSP_User5
2026.08.11-09:19:17.012[32m info [39m [caliper] [connectors/v2/FabricGateway] 	Connecting user with identity _ConsumersMSP_User0 to a Network Gateway
2026.08.11-09:19:17.020[32m info [39m [caliper] [connectors/v2/FabricGateway] 	Connecting user with identity _ConsumersMSP_User0 to a Network Gateway
2026.08.11-09:19:17.047[32m info [39m [caliper] [connectors/v2/FabricGateway] 	Connecting user with identity _ConsumersMSP_User0 to a Network Gateway
2026.08.11-09:19:17.052[32m info [39m [caliper] [connectors/v2/FabricGateway] 	Connecting user with identity _ConsumersMSP_User0 to a Network Gateway
2026.08.11-09:19:17.058[32m info [39m [caliper] [connectors/v2/FabricGateway] 	Connecting user with identity _ConsumersMSP_User0 to a Network Gateway
2026.08.11-09:19:17.081[32m info [39m [caliper] [connectors/v2/FabricGateway] 	Successfully connected user with identity _ConsumersMSP_User0 to a Network Gateway
2026.08.11-09:19:17.081[32m info [39m [caliper] [connectors/v2/FabricGateway] 	Generating contract map for user _ConsumersMSP_User0
2026.08.11-09:19:17.087[32m info [39m [caliper] [connectors/v2/FabricGateway] 	Successfully connected user with identity _ConsumersMSP_User0 to a Network Gateway
2026.08.11-09:19:17.087[32m info [39m [caliper] [connectors/v2/FabricGateway] 	Generating contract map for user _ConsumersMSP_User0
2026.08.11-09:19:17.113[32m info [39m [caliper] [connectors/v2/FabricGateway] 	Successfully connected user with identity _ConsumersMSP_User0 to a Network Gateway
2026.08.11-09:19:17.114[32m info [39m [caliper] [connectors/v2/FabricGateway] 	Generating contract map for user _ConsumersMSP_User0
2026.08.11-09:19:17.121[32m info [39m [caliper] [connectors/v2/FabricGateway] 	Successfully connected user with identity _ConsumersMSP_User0 to a Network Gateway
2026.08.11-09:19:17.121[32m info [39m [caliper] [connectors/v2/FabricGateway] 	Generating contract map for user _ConsumersMSP_User0
2026.08.11-09:19:17.124[32m info [39m [caliper] [connectors/v2/FabricGateway] 	Successfully connected user with identity _ConsumersMSP_User0 to a Network Gateway
2026.08.11-09:19:17.124[32m info [39m [caliper] [connectors/v2/FabricGateway] 	Generating contract map for user _ConsumersMSP_User0
2026.08.11-09:19:17.133[32m info [39m [caliper] [connectors/v2/FabricGateway] 	Connecting user with identity _ConsumersMSP_User1 to a Network Gateway
2026.08.11-09:19:17.144[32m info [39m [caliper] [connectors/v2/FabricGateway] 	Connecting user with identity _ConsumersMSP_User1 to a Network Gateway
2026.08.11-09:19:17.163[32m info [39m [caliper] [connectors/v2/FabricGateway] 	Connecting user with identity _ConsumersMSP_User1 to a Network Gateway
2026.08.11-09:19:17.170[32m info [39m [caliper] [connectors/v2/FabricGateway] 	Connecting user with identity _ConsumersMSP_User1 to a Network Gateway
2026.08.11-09:19:17.175[32m info [39m [caliper] [connectors/v2/FabricGateway] 	Connecting user with identity _ConsumersMSP_User1 to a Network Gateway
2026.08.11-09:19:17.199[32m info [39m [caliper] [connectors/v2/FabricGateway] 	Successfully connected user with identity _ConsumersMSP_User1 to a Network Gateway
2026.08.11-09:19:17.199[32m info [39m [caliper] [connectors/v2/FabricGateway] 	Generating contract map for user _ConsumersMSP_User1
2026.08.11-09:19:17.212[32m info [39m [caliper] [connectors/v2/FabricGateway] 	Successfully connected user with identity _ConsumersMSP_User1 to a Network Gateway
2026.08.11-09:19:17.212[32m info [39m [caliper] [connectors/v2/FabricGateway] 	Generating contract map for user _ConsumersMSP_User1
2026.08.11-09:19:17.225[32m info [39m [caliper] [connectors/v2/FabricGateway] 	Successfully connected user with identity _ConsumersMSP_User1 to a Network Gateway
2026.08.11-09:19:17.225[32m info [39m [caliper] [connectors/v2/FabricGateway] 	Generating contract map for user _ConsumersMSP_User1
2026.08.11-09:19:17.237[32m info [39m [caliper] [connectors/v2/FabricGateway] 	Successfully connected user with identity _ConsumersMSP_User1 to a Network Gateway
2026.08.11-09:19:17.237[32m info [39m [caliper] [connectors/v2/FabricGateway] 	Generating contract map for user _ConsumersMSP_User1
2026.08.11-09:19:17.244[32m info [39m [caliper] [connectors/v2/FabricGateway] 	Successfully connected user with identity _ConsumersMSP_User1 to a Network Gateway
2026.08.11-09:19:17.244[32m info [39m [caliper] [connectors/v2/FabricGateway] 	Generating contract map for user _ConsumersMSP_User1
2026.08.11-09:19:17.266[32m info [39m [caliper] [connectors/v2/FabricGateway] 	Connecting user with identity _ConsumersMSP_User2 to a Network Gateway
2026.08.11-09:19:17.275[32m info [39m [caliper] [connectors/v2/FabricGateway] 	Connecting user with identity _ConsumersMSP_User2 to a Network Gateway
2026.08.11-09:19:17.291[32m info [39m [caliper] [connectors/v2/FabricGateway] 	Connecting user with identity _ConsumersMSP_User2 to a Network Gateway
2026.08.11-09:19:17.308[32m info [39m [caliper] [connectors/v2/FabricGateway] 	Connecting user with identity _ConsumersMSP_User2 to a Network Gateway
2026.08.11-09:19:17.318[32m info [39m [caliper] [connectors/v2/FabricGateway] 	Connecting user with identity _ConsumersMSP_User2 to a Network Gateway
2026.08.11-09:19:17.330[32m info [39m [caliper] [connectors/v2/FabricGateway] 	Successfully connected user with identity _ConsumersMSP_User2 to a Network Gateway
2026.08.11-09:19:17.330[32m info [39m [caliper] [connectors/v2/FabricGateway] 	Generating contract map for user _ConsumersMSP_User2
2026.08.11-09:19:17.338[32m info [39m [caliper] [connectors/v2/FabricGateway] 	Successfully connected user with identity _ConsumersMSP_User2 to a Network Gateway
2026.08.11-09:19:17.338[32m info [39m [caliper] [connectors/v2/FabricGateway] 	Generating contract map for user _ConsumersMSP_User2
2026.08.11-09:19:17.367[32m info [39m [caliper] [connectors/v2/FabricGateway] 	Successfully connected user with identity _ConsumersMSP_User2 to a Network Gateway
2026.08.11-09:19:17.367[32m info [39m [caliper] [connectors/v2/FabricGateway] 	Generating contract map for user _ConsumersMSP_User2
2026.08.11-09:19:17.377[32m info [39m [caliper] [connectors/v2/FabricGateway] 	Connecting user with identity _ConsumersMSP_User3 to a Network Gateway
2026.08.11-09:19:17.377[32m info [39m [caliper] [connectors/v2/FabricGateway] 	Successfully connected user with identity _ConsumersMSP_User2 to a Network Gateway
2026.08.11-09:19:17.377[32m info [39m [caliper] [connectors/v2/FabricGateway] 	Generating contract map for user _ConsumersMSP_User2
2026.08.11-09:19:17.384[32m info [39m [caliper] [connectors/v2/FabricGateway] 	Successfully connected user with identity _ConsumersMSP_User2 to a Network Gateway
2026.08.11-09:19:17.384[32m info [39m [caliper] [connectors/v2/FabricGateway] 	Generating contract map for user _ConsumersMSP_User2
2026.08.11-09:19:17.390[32m info [39m [caliper] [connectors/v2/FabricGateway] 	Connecting user with identity _ConsumersMSP_User3 to a Network Gateway
2026.08.11-09:19:17.420[32m info [39m [caliper] [connectors/v2/FabricGateway] 	Connecting user with identity _ConsumersMSP_User3 to a Network Gateway
2026.08.11-09:19:17.430[32m info [39m [caliper] [connectors/v2/FabricGateway] 	Connecting user with identity _ConsumersMSP_User3 to a Network Gateway
2026.08.11-09:19:17.443[32m info [39m [caliper] [connectors/v2/FabricGateway] 	Connecting user with identity _ConsumersMSP_User3 to a Network Gateway
2026.08.11-09:19:17.447[32m info [39m [caliper] [connectors/v2/FabricGateway] 	Successfully connected user with identity _ConsumersMSP_User3 to a Network Gateway
2026.08.11-09:19:17.447[32m info [39m [caliper] [connectors/v2/FabricGateway] 	Generating contract map for user _ConsumersMSP_User3
2026.08.11-09:19:17.462[32m info [39m [caliper] [connectors/v2/FabricGateway] 	Successfully connected user with identity _ConsumersMSP_User3 to a Network Gateway
2026.08.11-09:19:17.462[32m info [39m [caliper] [connectors/v2/FabricGateway] 	Generating contract map for user _ConsumersMSP_User3
2026.08.11-09:19:17.487[32m info [39m [caliper] [connectors/v2/FabricGateway] 	Successfully connected user with identity _ConsumersMSP_User3 to a Network Gateway
2026.08.11-09:19:17.488[32m info [39m [caliper] [connectors/v2/FabricGateway] 	Generating contract map for user _ConsumersMSP_User3
2026.08.11-09:19:17.501[32m info [39m [caliper] [connectors/v2/FabricGateway] 	Connecting user with identity _ConsumersMSP_User4 to a Network Gateway
2026.08.11-09:19:17.509[32m info [39m [caliper] [connectors/v2/FabricGateway] 	Successfully connected user with identity _ConsumersMSP_User3 to a Network Gateway
2026.08.11-09:19:17.509[32m info [39m [caliper] [connectors/v2/FabricGateway] 	Generating contract map for user _ConsumersMSP_User3
2026.08.11-09:19:17.514[32m info [39m [caliper] [connectors/v2/FabricGateway] 	Successfully connected user with identity _ConsumersMSP_User3 to a Network Gateway
2026.08.11-09:19:17.514[32m info [39m [caliper] [connectors/v2/FabricGateway] 	Generating contract map for user _ConsumersMSP_User3
2026.08.11-09:19:17.516[32m info [39m [caliper] [connectors/v2/FabricGateway] 	Connecting user with identity _ConsumersMSP_User4 to a Network Gateway
2026.08.11-09:19:17.549[32m info [39m [caliper] [connectors/v2/FabricGateway] 	Connecting user with identity _ConsumersMSP_User4 to a Network Gateway
2026.08.11-09:19:17.556[32m info [39m [caliper] [connectors/v2/FabricGateway] 	Connecting user with identity _ConsumersMSP_User4 to a Network Gateway
2026.08.11-09:19:17.563[32m info [39m [caliper] [connectors/v2/FabricGateway] 	Connecting user with identity _ConsumersMSP_User4 to a Network Gateway
2026.08.11-09:19:17.569[32m info [39m [caliper] [connectors/v2/FabricGateway] 	Successfully connected user with identity _ConsumersMSP_User4 to a Network Gateway
2026.08.11-09:19:17.569[32m info [39m [caliper] [connectors/v2/FabricGateway] 	Generating contract map for user _ConsumersMSP_User4
2026.08.11-09:19:17.582[32m info [39m [caliper] [connectors/v2/FabricGateway] 	Successfully connected user with identity _ConsumersMSP_User4 to a Network Gateway
2026.08.11-09:19:17.582[32m info [39m [caliper] [connectors/v2/FabricGateway] 	Generating contract map for user _ConsumersMSP_User4
2026.08.11-09:19:17.615[32m info [39m [caliper] [connectors/v2/FabricGateway] 	Connecting user with identity _ConsumersMSP_User5 to a Network Gateway
2026.08.11-09:19:17.616[32m info [39m [caliper] [connectors/v2/FabricGateway] 	Successfully connected user with identity _ConsumersMSP_User4 to a Network Gateway
2026.08.11-09:19:17.616[32m info [39m [caliper] [connectors/v2/FabricGateway] 	Generating contract map for user _ConsumersMSP_User4
2026.08.11-09:19:17.625[32m info [39m [caliper] [connectors/v2/FabricGateway] 	Successfully connected user with identity _ConsumersMSP_User4 to a Network Gateway
2026.08.11-09:19:17.625[32m info [39m [caliper] [connectors/v2/FabricGateway] 	Generating contract map for user _ConsumersMSP_User4
2026.08.11-09:19:17.631[32m info [39m [caliper] [connectors/v2/FabricGateway] 	Successfully connected user with identity _ConsumersMSP_User4 to a Network Gateway
2026.08.11-09:19:17.631[32m info [39m [caliper] [connectors/v2/FabricGateway] 	Generating contract map for user _ConsumersMSP_User4
2026.08.11-09:19:17.632[32m info [39m [caliper] [connectors/v2/FabricGateway] 	Connecting user with identity _ConsumersMSP_User5 to a Network Gateway
2026.08.11-09:19:17.666[32m info [39m [caliper] [connectors/v2/FabricGateway] 	Connecting user with identity _ConsumersMSP_User5 to a Network Gateway
2026.08.11-09:19:17.676[32m info [39m [caliper] [connectors/v2/FabricGateway] 	Connecting user with identity _ConsumersMSP_User5 to a Network Gateway
2026.08.11-09:19:17.680[32m info [39m [caliper] [connectors/v2/FabricGateway] 	Connecting user with identity _ConsumersMSP_User5 to a Network Gateway
2026.08.11-09:19:17.685[32m info [39m [caliper] [connectors/v2/FabricGateway] 	Successfully connected user with identity _ConsumersMSP_User5 to a Network Gateway
2026.08.11-09:19:17.685[32m info [39m [caliper] [connectors/v2/FabricGateway] 	Generating contract map for user _ConsumersMSP_User5
2026.08.11-09:19:17.703[32m info [39m [caliper] [connectors/v2/FabricGateway] 	Successfully connected user with identity _ConsumersMSP_User5 to a Network Gateway
2026.08.11-09:19:17.703[32m info [39m [caliper] [connectors/v2/FabricGateway] 	Generating contract map for user _ConsumersMSP_User5
2026.08.11-09:19:17.734[32m info [39m [caliper] [connectors/v2/FabricGateway] 	Successfully connected user with identity _ConsumersMSP_User5 to a Network Gateway
2026.08.11-09:19:17.735[32m info [39m [caliper] [connectors/v2/FabricGateway] 	Generating contract map for user _ConsumersMSP_User5
2026.08.11-09:19:17.737[32m info [39m [caliper] [caliper-worker] 	Info: worker 0 prepare test phase for round 0 is starting...
2026.08.11-09:19:17.749[32m info [39m [caliper] [connectors/v2/FabricGateway] 	Successfully connected user with identity _ConsumersMSP_User5 to a Network Gateway
2026.08.11-09:19:17.750[32m info [39m [caliper] [connectors/v2/FabricGateway] 	Generating contract map for user _ConsumersMSP_User5
2026.08.11-09:19:17.756[32m info [39m [caliper] [connectors/v2/FabricGateway] 	Successfully connected user with identity _ConsumersMSP_User5 to a Network Gateway
2026.08.11-09:19:17.756[32m info [39m [caliper] [connectors/v2/FabricGateway] 	Generating contract map for user _ConsumersMSP_User5
2026.08.11-09:19:17.758[32m info [39m [caliper] [caliper-worker] 	Info: worker 2 prepare test phase for round 0 is starting...
2026.08.11-09:19:17.802[32m info [39m [caliper] [caliper-worker] 	Info: worker 1 prepare test phase for round 0 is starting...
2026.08.11-09:19:17.820[32m info [39m [caliper] [caliper-worker] 	Info: worker 4 prepare test phase for round 0 is starting...
2026.08.11-09:19:17.820[32m info [39m [caliper] [caliper-worker] 	Info: worker 3 prepare test phase for round 0 is starting...
Worker 0: Cached 8 closed auctions for farmer review from global pool
2026.08.11-09:19:18.372[32m info [39m [caliper] [connectors/v2/FabricGateway] 	disconnecting gateway for user User0
2026.08.11-09:19:18.373[32m info [39m [caliper] [connectors/v2/FabricGateway] 	disconnecting gateway for user User1
2026.08.11-09:19:18.374[32m info [39m [caliper] [connectors/v2/FabricGateway] 	disconnecting gateway for user User2
2026.08.11-09:19:18.374[32m info [39m [caliper] [connectors/v2/FabricGateway] 	disconnecting gateway for user User3
2026.08.11-09:19:18.375[32m info [39m [caliper] [connectors/v2/FabricGateway] 	disconnecting gateway for user User4
2026.08.11-09:19:18.375[32m info [39m [caliper] [connectors/v2/FabricGateway] 	disconnecting gateway for user User5
2026.08.11-09:19:18.376[32m info [39m [caliper] [connectors/v2/FabricGateway] 	disconnecting gateway for user _AuctioncentersMSP_User0
2026.08.11-09:19:18.376[32m info [39m [caliper] [connectors/v2/FabricGateway] 	disconnecting gateway for user _AuctioncentersMSP_User1
2026.08.11-09:19:18.377[32m info [39m [caliper] [connectors/v2/FabricGateway] 	disconnecting gateway for user _AuctioncentersMSP_User2
2026.08.11-09:19:18.378[32m info [39m [caliper] [connectors/v2/FabricGateway] 	disconnecting gateway for user _AuctioncentersMSP_User3
2026.08.11-09:19:18.378[32m info [39m [caliper] [connectors/v2/FabricGateway] 	disconnecting gateway for user _AuctioncentersMSP_User4
2026.08.11-09:19:18.379[32m info [39m [caliper] [connectors/v2/FabricGateway] 	disconnecting gateway for user _AuctioncentersMSP_User5
2026.08.11-09:19:18.379[32m info [39m [caliper] [connectors/v2/FabricGateway] 	disconnecting gateway for user _WholesalersMSP_User0
2026.08.11-09:19:18.380[32m info [39m [caliper] [connectors/v2/FabricGateway] 	disconnecting gateway for user _WholesalersMSP_User1
2026.08.11-09:19:18.380[32m info [39m [caliper] [connectors/v2/FabricGateway] 	disconnecting gateway for user _WholesalersMSP_User2
2026.08.11-09:19:18.380[32m info [39m [caliper] [connectors/v2/FabricGateway] 	disconnecting gateway for user _WholesalersMSP_User3
2026.08.11-09:19:18.381[32m info [39m [caliper] [connectors/v2/FabricGateway] 	disconnecting gateway for user _WholesalersMSP_User4
2026.08.11-09:19:18.381[32m info [39m [caliper] [connectors/v2/FabricGateway] 	disconnecting gateway for user _WholesalersMSP_User5
2026.08.11-09:19:18.382[32m info [39m [caliper] [connectors/v2/FabricGateway] 	disconnecting gateway for user _RetailersMSP_User0
2026.08.11-09:19:18.382[32m info [39m [caliper] [connectors/v2/FabricGateway] 	disconnecting gateway for user _RetailersMSP_User1
2026.08.11-09:19:18.382[32m info [39m [caliper] [connectors/v2/FabricGateway] 	disconnecting gateway for user _RetailersMSP_User2
2026.08.11-09:19:18.382[32m info [39m [caliper] [connectors/v2/FabricGateway] 	disconnecting gateway for user _RetailersMSP_User3
2026.08.11-09:19:18.383[32m info [39m [caliper] [connectors/v2/FabricGateway] 	disconnecting gateway for user _RetailersMSP_User4
2026.08.11-09:19:18.383[32m info [39m [caliper] [connectors/v2/FabricGateway] 	disconnecting gateway for user _RetailersMSP_User5
2026.08.11-09:19:18.383[32m info [39m [caliper] [connectors/v2/FabricGateway] 	disconnecting gateway for user _ConsumersMSP_User0
2026.08.11-09:19:18.383[32m info [39m [caliper] [connectors/v2/FabricGateway] 	disconnecting gateway for user _ConsumersMSP_User1
2026.08.11-09:19:18.384[32m info [39m [caliper] [connectors/v2/FabricGateway] 	disconnecting gateway for user _ConsumersMSP_User2
2026.08.11-09:19:18.384[32m info [39m [caliper] [connectors/v2/FabricGateway] 	disconnecting gateway for user _ConsumersMSP_User3
2026.08.11-09:19:18.384[32m info [39m [caliper] [connectors/v2/FabricGateway] 	disconnecting gateway for user _ConsumersMSP_User4
2026.08.11-09:19:18.385[32m info [39m [caliper] [connectors/v2/FabricGateway] 	disconnecting gateway for user _ConsumersMSP_User5
2026.08.11-09:19:18.385[32m info [39m [caliper] [caliper-worker] 	Info: worker 0 prepare test phase for round 0 is completed
2026.08.11-09:19:18.385[32m info [39m [caliper] [worker-message-handler] 	Worker#0 prepared for Round#0
Worker 2: Cached 7 closed auctions for farmer review from global pool
2026.08.11-09:19:18.420[32m info [39m [caliper] [connectors/v2/FabricGateway] 	disconnecting gateway for user User0
2026.08.11-09:19:18.421[32m info [39m [caliper] [connectors/v2/FabricGateway] 	disconnecting gateway for user User1
2026.08.11-09:19:18.422[32m info [39m [caliper] [connectors/v2/FabricGateway] 	disconnecting gateway for user User2
2026.08.11-09:19:18.423[32m info [39m [caliper] [connectors/v2/FabricGateway] 	disconnecting gateway for user User3
2026.08.11-09:19:18.423[32m info [39m [caliper] [connectors/v2/FabricGateway] 	disconnecting gateway for user User4
2026.08.11-09:19:18.423[32m info [39m [caliper] [connectors/v2/FabricGateway] 	disconnecting gateway for user User5
2026.08.11-09:19:18.424[32m info [39m [caliper] [connectors/v2/FabricGateway] 	disconnecting gateway for user _AuctioncentersMSP_User0
2026.08.11-09:19:18.424[32m info [39m [caliper] [connectors/v2/FabricGateway] 	disconnecting gateway for user _AuctioncentersMSP_User1
2026.08.11-09:19:18.424[32m info [39m [caliper] [connectors/v2/FabricGateway] 	disconnecting gateway for user _AuctioncentersMSP_User2
2026.08.11-09:19:18.425[32m info [39m [caliper] [connectors/v2/FabricGateway] 	disconnecting gateway for user _AuctioncentersMSP_User3
2026.08.11-09:19:18.425[32m info [39m [caliper] [connectors/v2/FabricGateway] 	disconnecting gateway for user _AuctioncentersMSP_User4
2026.08.11-09:19:18.425[32m info [39m [caliper] [connectors/v2/FabricGateway] 	disconnecting gateway for user _AuctioncentersMSP_User5
2026.08.11-09:19:18.426[32m info [39m [caliper] [connectors/v2/FabricGateway] 	disconnecting gateway for user _WholesalersMSP_User0
2026.08.11-09:19:18.426[32m info [39m [caliper] [connectors/v2/FabricGateway] 	disconnecting gateway for user _WholesalersMSP_User1
2026.08.11-09:19:18.427[32m info [39m [caliper] [connectors/v2/FabricGateway] 	disconnecting gateway for user _WholesalersMSP_User2
2026.08.11-09:19:18.427[32m info [39m [caliper] [connectors/v2/FabricGateway] 	disconnecting gateway for user _WholesalersMSP_User3
2026.08.11-09:19:18.428[32m info [39m [caliper] [connectors/v2/FabricGateway] 	disconnecting gateway for user _WholesalersMSP_User4
2026.08.11-09:19:18.428[32m info [39m [caliper] [connectors/v2/FabricGateway] 	disconnecting gateway for user _WholesalersMSP_User5
2026.08.11-09:19:18.428[32m info [39m [caliper] [connectors/v2/FabricGateway] 	disconnecting gateway for user _RetailersMSP_User0
2026.08.11-09:19:18.428[32m info [39m [caliper] [connectors/v2/FabricGateway] 	disconnecting gateway for user _RetailersMSP_User1
2026.08.11-09:19:18.429[32m info [39m [caliper] [connectors/v2/FabricGateway] 	disconnecting gateway for user _RetailersMSP_User2
2026.08.11-09:19:18.429[32m info [39m [caliper] [connectors/v2/FabricGateway] 	disconnecting gateway for user _RetailersMSP_User3
2026.08.11-09:19:18.429[32m info [39m [caliper] [connectors/v2/FabricGateway] 	disconnecting gateway for user _RetailersMSP_User4
2026.08.11-09:19:18.429[32m info [39m [caliper] [connectors/v2/FabricGateway] 	disconnecting gateway for user _RetailersMSP_User5
2026.08.11-09:19:18.430[32m info [39m [caliper] [connectors/v2/FabricGateway] 	disconnecting gateway for user _ConsumersMSP_User0
2026.08.11-09:19:18.430[32m info [39m [caliper] [connectors/v2/FabricGateway] 	disconnecting gateway for user _ConsumersMSP_User1
2026.08.11-09:19:18.430[32m info [39m [caliper] [connectors/v2/FabricGateway] 	disconnecting gateway for user _ConsumersMSP_User2
2026.08.11-09:19:18.430[32m info [39m [caliper] [connectors/v2/FabricGateway] 	disconnecting gateway for user _ConsumersMSP_User3
2026.08.11-09:19:18.430[32m info [39m [caliper] [connectors/v2/FabricGateway] 	disconnecting gateway for user _ConsumersMSP_User4
2026.08.11-09:19:18.431[32m info [39m [caliper] [connectors/v2/FabricGateway] 	disconnecting gateway for user _ConsumersMSP_User5
2026.08.11-09:19:18.431[32m info [39m [caliper] [caliper-worker] 	Info: worker 2 prepare test phase for round 0 is completed
2026.08.11-09:19:18.431[32m info [39m [caliper] [worker-message-handler] 	Worker#2 prepared for Round#0
Worker 1: Cached 7 closed auctions for farmer review from global pool
2026.08.11-09:19:18.482[32m info [39m [caliper] [connectors/v2/FabricGateway] 	disconnecting gateway for user User0
2026.08.11-09:19:18.483[32m info [39m [caliper] [connectors/v2/FabricGateway] 	disconnecting gateway for user User1
2026.08.11-09:19:18.484[32m info [39m [caliper] [connectors/v2/FabricGateway] 	disconnecting gateway for user User2
2026.08.11-09:19:18.484[32m info [39m [caliper] [connectors/v2/FabricGateway] 	disconnecting gateway for user User3
2026.08.11-09:19:18.485[32m info [39m [caliper] [connectors/v2/FabricGateway] 	disconnecting gateway for user User4
2026.08.11-09:19:18.485[32m info [39m [caliper] [connectors/v2/FabricGateway] 	disconnecting gateway for user User5
2026.08.11-09:19:18.485[32m info [39m [caliper] [connectors/v2/FabricGateway] 	disconnecting gateway for user _AuctioncentersMSP_User0
2026.08.11-09:19:18.486[32m info [39m [caliper] [connectors/v2/FabricGateway] 	disconnecting gateway for user _AuctioncentersMSP_User1
2026.08.11-09:19:18.486[32m info [39m [caliper] [connectors/v2/FabricGateway] 	disconnecting gateway for user _AuctioncentersMSP_User2
2026.08.11-09:19:18.486[32m info [39m [caliper] [connectors/v2/FabricGateway] 	disconnecting gateway for user _AuctioncentersMSP_User3
2026.08.11-09:19:18.487[32m info [39m [caliper] [connectors/v2/FabricGateway] 	disconnecting gateway for user _AuctioncentersMSP_User4
2026.08.11-09:19:18.487[32m info [39m [caliper] [connectors/v2/FabricGateway] 	disconnecting gateway for user _AuctioncentersMSP_User5
2026.08.11-09:19:18.488[32m info [39m [caliper] [connectors/v2/FabricGateway] 	disconnecting gateway for user _WholesalersMSP_User0
2026.08.11-09:19:18.488[32m info [39m [caliper] [connectors/v2/FabricGateway] 	disconnecting gateway for user _WholesalersMSP_User1
2026.08.11-09:19:18.488[32m info [39m [caliper] [connectors/v2/FabricGateway] 	disconnecting gateway for user _WholesalersMSP_User2
2026.08.11-09:19:18.489[32m info [39m [caliper] [connectors/v2/FabricGateway] 	disconnecting gateway for user _WholesalersMSP_User3
2026.08.11-09:19:18.489[32m info [39m [caliper] [connectors/v2/FabricGateway] 	disconnecting gateway for user _WholesalersMSP_User4
2026.08.11-09:19:18.490[32m info [39m [caliper] [connectors/v2/FabricGateway] 	disconnecting gateway for user _WholesalersMSP_User5
2026.08.11-09:19:18.490[32m info [39m [caliper] [connectors/v2/FabricGateway] 	disconnecting gateway for user _RetailersMSP_User0
2026.08.11-09:19:18.490[32m info [39m [caliper] [connectors/v2/FabricGateway] 	disconnecting gateway for user _RetailersMSP_User1
2026.08.11-09:19:18.490[32m info [39m [caliper] [connectors/v2/FabricGateway] 	disconnecting gateway for user _RetailersMSP_User2
2026.08.11-09:19:18.491[32m info [39m [caliper] [connectors/v2/FabricGateway] 	disconnecting gateway for user _RetailersMSP_User3
2026.08.11-09:19:18.491[32m info [39m [caliper] [connectors/v2/FabricGateway] 	disconnecting gateway for user _RetailersMSP_User4
2026.08.11-09:19:18.491[32m info [39m [caliper] [connectors/v2/FabricGateway] 	disconnecting gateway for user _RetailersMSP_User5
2026.08.11-09:19:18.491[32m info [39m [caliper] [connectors/v2/FabricGateway] 	disconnecting gateway for user _ConsumersMSP_User0
2026.08.11-09:19:18.492[32m info [39m [caliper] [connectors/v2/FabricGateway] 	disconnecting gateway for user _ConsumersMSP_User1
2026.08.11-09:19:18.492[32m info [39m [caliper] [connectors/v2/FabricGateway] 	disconnecting gateway for user _ConsumersMSP_User2
2026.08.11-09:19:18.492[32m info [39m [caliper] [connectors/v2/FabricGateway] 	disconnecting gateway for user _ConsumersMSP_User3
2026.08.11-09:19:18.493[32m info [39m [caliper] [connectors/v2/FabricGateway] 	disconnecting gateway for user _ConsumersMSP_User4
2026.08.11-09:19:18.493[32m info [39m [caliper] [connectors/v2/FabricGateway] 	disconnecting gateway for user _ConsumersMSP_User5
2026.08.11-09:19:18.493[32m info [39m [caliper] [caliper-worker] 	Info: worker 1 prepare test phase for round 0 is completed
2026.08.11-09:19:18.493[32m info [39m [caliper] [worker-message-handler] 	Worker#1 prepared for Round#0
Worker 4: Cached 7 closed auctions for farmer review from global pool
2026.08.11-09:19:18.511[32m info [39m [caliper] [connectors/v2/FabricGateway] 	disconnecting gateway for user User0
2026.08.11-09:19:18.514[32m info [39m [caliper] [connectors/v2/FabricGateway] 	disconnecting gateway for user User1
2026.08.11-09:19:18.515[32m info [39m [caliper] [connectors/v2/FabricGateway] 	disconnecting gateway for user User2
2026.08.11-09:19:18.516[32m info [39m [caliper] [connectors/v2/FabricGateway] 	disconnecting gateway for user User3
2026.08.11-09:19:18.517[32m info [39m [caliper] [connectors/v2/FabricGateway] 	disconnecting gateway for user User4
2026.08.11-09:19:18.518[32m info [39m [caliper] [connectors/v2/FabricGateway] 	disconnecting gateway for user User5
2026.08.11-09:19:18.519[32m info [39m [caliper] [connectors/v2/FabricGateway] 	disconnecting gateway for user _AuctioncentersMSP_User0
2026.08.11-09:19:18.519[32m info [39m [caliper] [connectors/v2/FabricGateway] 	disconnecting gateway for user _AuctioncentersMSP_User1
2026.08.11-09:19:18.520[32m info [39m [caliper] [connectors/v2/FabricGateway] 	disconnecting gateway for user _AuctioncentersMSP_User2
2026.08.11-09:19:18.521[32m info [39m [caliper] [connectors/v2/FabricGateway] 	disconnecting gateway for user _AuctioncentersMSP_User3
2026.08.11-09:19:18.521[32m info [39m [caliper] [connectors/v2/FabricGateway] 	disconnecting gateway for user _AuctioncentersMSP_User4
2026.08.11-09:19:18.522[32m info [39m [caliper] [connectors/v2/FabricGateway] 	disconnecting gateway for user _AuctioncentersMSP_User5
2026.08.11-09:19:18.522[32m info [39m [caliper] [connectors/v2/FabricGateway] 	disconnecting gateway for user _WholesalersMSP_User0
2026.08.11-09:19:18.523[32m info [39m [caliper] [connectors/v2/FabricGateway] 	disconnecting gateway for user _WholesalersMSP_User1
2026.08.11-09:19:18.524[32m info [39m [caliper] [connectors/v2/FabricGateway] 	disconnecting gateway for user _WholesalersMSP_User2
2026.08.11-09:19:18.524[32m info [39m [caliper] [connectors/v2/FabricGateway] 	disconnecting gateway for user _WholesalersMSP_User3
2026.08.11-09:19:18.525[32m info [39m [caliper] [connectors/v2/FabricGateway] 	disconnecting gateway for user _WholesalersMSP_User4
2026.08.11-09:19:18.525[32m info [39m [caliper] [connectors/v2/FabricGateway] 	disconnecting gateway for user _WholesalersMSP_User5
2026.08.11-09:19:18.525[32m info [39m [caliper] [connectors/v2/FabricGateway] 	disconnecting gateway for user _RetailersMSP_User0
2026.08.11-09:19:18.526[32m info [39m [caliper] [connectors/v2/FabricGateway] 	disconnecting gateway for user _RetailersMSP_User1
2026.08.11-09:19:18.526[32m info [39m [caliper] [connectors/v2/FabricGateway] 	disconnecting gateway for user _RetailersMSP_User2
2026.08.11-09:19:18.527[32m info [39m [caliper] [connectors/v2/FabricGateway] 	disconnecting gateway for user _RetailersMSP_User3
2026.08.11-09:19:18.527[32m info [39m [caliper] [connectors/v2/FabricGateway] 	disconnecting gateway for user _RetailersMSP_User4
2026.08.11-09:19:18.527[32m info [39m [caliper] [connectors/v2/FabricGateway] 	disconnecting gateway for user _RetailersMSP_User5
2026.08.11-09:19:18.527[32m info [39m [caliper] [connectors/v2/FabricGateway] 	disconnecting gateway for user _ConsumersMSP_User0
2026.08.11-09:19:18.528[32m info [39m [caliper] [connectors/v2/FabricGateway] 	disconnecting gateway for user _ConsumersMSP_User1
2026.08.11-09:19:18.528[32m info [39m [caliper] [connectors/v2/FabricGateway] 	disconnecting gateway for user _ConsumersMSP_User2
2026.08.11-09:19:18.528[32m info [39m [caliper] [connectors/v2/FabricGateway] 	disconnecting gateway for user _ConsumersMSP_User3
2026.08.11-09:19:18.528[32m info [39m [caliper] [connectors/v2/FabricGateway] 	disconnecting gateway for user _ConsumersMSP_User4
Worker 3: Cached 7 closed auctions for farmer review from global pool
2026.08.11-09:19:18.529[32m info [39m [caliper] [connectors/v2/FabricGateway] 	disconnecting gateway for user _ConsumersMSP_User5
2026.08.11-09:19:18.529[32m info [39m [caliper] [caliper-worker] 	Info: worker 4 prepare test phase for round 0 is completed
2026.08.11-09:19:18.529[32m info [39m [caliper] [worker-message-handler] 	Worker#4 prepared for Round#0
2026.08.11-09:19:18.530[32m info [39m [caliper] [connectors/v2/FabricGateway] 	disconnecting gateway for user User0
2026.08.11-09:19:18.532[32m info [39m [caliper] [connectors/v2/FabricGateway] 	disconnecting gateway for user User1
2026.08.11-09:19:18.533[32m info [39m [caliper] [connectors/v2/FabricGateway] 	disconnecting gateway for user User2
2026.08.11-09:19:18.533[32m info [39m [caliper] [connectors/v2/FabricGateway] 	disconnecting gateway for user User3
2026.08.11-09:19:18.534[32m info [39m [caliper] [connectors/v2/FabricGateway] 	disconnecting gateway for user User4
2026.08.11-09:19:18.534[32m info [39m [caliper] [connectors/v2/FabricGateway] 	disconnecting gateway for user User5
2026.08.11-09:19:18.535[32m info [39m [caliper] [connectors/v2/FabricGateway] 	disconnecting gateway for user _AuctioncentersMSP_User0
2026.08.11-09:19:18.535[32m info [39m [caliper] [connectors/v2/FabricGateway] 	disconnecting gateway for user _AuctioncentersMSP_User1
2026.08.11-09:19:18.535[32m info [39m [caliper] [connectors/v2/FabricGateway] 	disconnecting gateway for user _AuctioncentersMSP_User2
2026.08.11-09:19:18.536[32m info [39m [caliper] [connectors/v2/FabricGateway] 	disconnecting gateway for user _AuctioncentersMSP_User3
2026.08.11-09:19:18.536[32m info [39m [caliper] [connectors/v2/FabricGateway] 	disconnecting gateway for user _AuctioncentersMSP_User4
2026.08.11-09:19:18.537[32m info [39m [caliper] [connectors/v2/FabricGateway] 	disconnecting gateway for user _AuctioncentersMSP_User5
2026.08.11-09:19:18.537[32m info [39m [caliper] [connectors/v2/FabricGateway] 	disconnecting gateway for user _WholesalersMSP_User0
2026.08.11-09:19:18.538[32m info [39m [caliper] [connectors/v2/FabricGateway] 	disconnecting gateway for user _WholesalersMSP_User1
2026.08.11-09:19:18.538[32m info [39m [caliper] [connectors/v2/FabricGateway] 	disconnecting gateway for user _WholesalersMSP_User2
2026.08.11-09:19:18.539[32m info [39m [caliper] [connectors/v2/FabricGateway] 	disconnecting gateway for user _WholesalersMSP_User3
2026.08.11-09:19:18.539[32m info [39m [caliper] [connectors/v2/FabricGateway] 	disconnecting gateway for user _WholesalersMSP_User4
2026.08.11-09:19:18.539[32m info [39m [caliper] [connectors/v2/FabricGateway] 	disconnecting gateway for user _WholesalersMSP_User5
2026.08.11-09:19:18.540[32m info [39m [caliper] [connectors/v2/FabricGateway] 	disconnecting gateway for user _RetailersMSP_User0
2026.08.11-09:19:18.540[32m info [39m [caliper] [connectors/v2/FabricGateway] 	disconnecting gateway for user _RetailersMSP_User1
2026.08.11-09:19:18.540[32m info [39m [caliper] [connectors/v2/FabricGateway] 	disconnecting gateway for user _RetailersMSP_User2
2026.08.11-09:19:18.541[32m info [39m [caliper] [connectors/v2/FabricGateway] 	disconnecting gateway for user _RetailersMSP_User3
2026.08.11-09:19:18.541[32m info [39m [caliper] [connectors/v2/FabricGateway] 	disconnecting gateway for user _RetailersMSP_User4
2026.08.11-09:19:18.541[32m info [39m [caliper] [connectors/v2/FabricGateway] 	disconnecting gateway for user _RetailersMSP_User5
2026.08.11-09:19:18.541[32m info [39m [caliper] [connectors/v2/FabricGateway] 	disconnecting gateway for user _ConsumersMSP_User0
2026.08.11-09:19:18.542[32m info [39m [caliper] [connectors/v2/FabricGateway] 	disconnecting gateway for user _ConsumersMSP_User1
2026.08.11-09:19:18.542[32m info [39m [caliper] [connectors/v2/FabricGateway] 	disconnecting gateway for user _ConsumersMSP_User2
2026.08.11-09:19:18.542[32m info [39m [caliper] [connectors/v2/FabricGateway] 	disconnecting gateway for user _ConsumersMSP_User3
2026.08.11-09:19:18.543[32m info [39m [caliper] [connectors/v2/FabricGateway] 	disconnecting gateway for user _ConsumersMSP_User4
2026.08.11-09:19:18.543[32m info [39m [caliper] [connectors/v2/FabricGateway] 	disconnecting gateway for user _ConsumersMSP_User5
2026.08.11-09:19:18.543[32m info [39m [caliper] [caliper-worker] 	Info: worker 3 prepare test phase for round 0 is completed
2026.08.11-09:19:18.543[32m info [39m [caliper] [worker-message-handler] 	Worker#3 prepared for Round#0
2026.08.11-09:19:18.545[32m info [39m [caliper] [worker-orchestrator] 	5 workers prepared, progressing to test phase.
2026.08.11-09:19:18.545[32m info [39m [caliper] [round-orchestrator] 	Monitors successfully started
2026.08.11-09:19:18.547[32m info [39m [caliper] [worker-message-handler] 	Worker#0 is starting Round#0
2026.08.11-09:19:18.547[32m info [39m [caliper] [worker-message-handler] 	Worker#2 is starting Round#0
2026.08.11-09:19:18.548[32m info [39m [caliper] [connectors/v2/FabricGateway] 	Connecting user with identity User0 to a Network Gateway
2026.08.11-09:19:18.548[32m info [39m [caliper] [connectors/v2/FabricGateway] 	Connecting user with identity User0 to a Network Gateway
2026.08.11-09:19:18.553[32m info [39m [caliper] [worker-message-handler] 	Worker#1 is starting Round#0
2026.08.11-09:19:18.554[32m info [39m [caliper] [connectors/v2/FabricGateway] 	Connecting user with identity User0 to a Network Gateway
2026.08.11-09:19:18.558[32m info [39m [caliper] [worker-message-handler] 	Worker#3 is starting Round#0
2026.08.11-09:19:18.559[32m info [39m [caliper] [connectors/v2/FabricGateway] 	Connecting user with identity User0 to a Network Gateway
2026.08.11-09:19:18.569[32m info [39m [caliper] [worker-message-handler] 	Worker#4 is starting Round#0
2026.08.11-09:19:18.570[32m info [39m [caliper] [connectors/v2/FabricGateway] 	Connecting user with identity User0 to a Network Gateway
2026.08.11-09:19:18.617[32m info [39m [caliper] [connectors/v2/FabricGateway] 	Successfully connected user with identity User0 to a Network Gateway
2026.08.11-09:19:18.618[32m info [39m [caliper] [connectors/v2/FabricGateway] 	Generating contract map for user User0
2026.08.11-09:19:18.620[32m info [39m [caliper] [connectors/v2/FabricGateway] 	Successfully connected user with identity User0 to a Network Gateway
2026.08.11-09:19:18.620[32m info [39m [caliper] [connectors/v2/FabricGateway] 	Generating contract map for user User0
2026.08.11-09:19:18.623[32m info [39m [caliper] [connectors/v2/FabricGateway] 	Successfully connected user with identity User0 to a Network Gateway
2026.08.11-09:19:18.624[32m info [39m [caliper] [connectors/v2/FabricGateway] 	Generating contract map for user User0
2026.08.11-09:19:18.663[32m info [39m [caliper] [connectors/v2/FabricGateway] 	Successfully connected user with identity User0 to a Network Gateway
2026.08.11-09:19:18.663[32m info [39m [caliper] [connectors/v2/FabricGateway] 	Generating contract map for user User0
2026.08.11-09:19:18.679[32m info [39m [caliper] [connectors/v2/FabricGateway] 	Connecting user with identity User1 to a Network Gateway
2026.08.11-09:19:18.684[32m info [39m [caliper] [connectors/v2/FabricGateway] 	Connecting user with identity User1 to a Network Gateway
2026.08.11-09:19:18.684[32m info [39m [caliper] [connectors/v2/FabricGateway] 	Successfully connected user with identity User0 to a Network Gateway
2026.08.11-09:19:18.685[32m info [39m [caliper] [connectors/v2/FabricGateway] 	Generating contract map for user User0
2026.08.11-09:19:18.688[32m info [39m [caliper] [connectors/v2/FabricGateway] 	Connecting user with identity User1 to a Network Gateway
2026.08.11-09:19:18.717[32m info [39m [caliper] [connectors/v2/FabricGateway] 	Connecting user with identity User1 to a Network Gateway
2026.08.11-09:19:18.734[32m info [39m [caliper] [connectors/v2/FabricGateway] 	Connecting user with identity User1 to a Network Gateway
2026.08.11-09:19:18.743[32m info [39m [caliper] [connectors/v2/FabricGateway] 	Successfully connected user with identity User1 to a Network Gateway
2026.08.11-09:19:18.743[32m info [39m [caliper] [connectors/v2/FabricGateway] 	Generating contract map for user User1
2026.08.11-09:19:18.747[32m info [39m [caliper] [connectors/v2/FabricGateway] 	Successfully connected user with identity User1 to a Network Gateway
2026.08.11-09:19:18.747[32m info [39m [caliper] [connectors/v2/FabricGateway] 	Generating contract map for user User1
2026.08.11-09:19:18.753[32m info [39m [caliper] [connectors/v2/FabricGateway] 	Successfully connected user with identity User1 to a Network Gateway
2026.08.11-09:19:18.753[32m info [39m [caliper] [connectors/v2/FabricGateway] 	Generating contract map for user User1
2026.08.11-09:19:18.786[32m info [39m [caliper] [connectors/v2/FabricGateway] 	Successfully connected user with identity User1 to a Network Gateway
2026.08.11-09:19:18.786[32m info [39m [caliper] [connectors/v2/FabricGateway] 	Generating contract map for user User1
2026.08.11-09:19:18.793[32m info [39m [caliper] [connectors/v2/FabricGateway] 	Connecting user with identity User2 to a Network Gateway
2026.08.11-09:19:18.799[32m info [39m [caliper] [connectors/v2/FabricGateway] 	Connecting user with identity User2 to a Network Gateway
2026.08.11-09:19:18.804[32m info [39m [caliper] [connectors/v2/FabricGateway] 	Connecting user with identity User2 to a Network Gateway
2026.08.11-09:19:18.804[32m info [39m [caliper] [connectors/v2/FabricGateway] 	Successfully connected user with identity User1 to a Network Gateway
2026.08.11-09:19:18.805[32m info [39m [caliper] [connectors/v2/FabricGateway] 	Generating contract map for user User1
2026.08.11-09:19:18.836[32m info [39m [caliper] [connectors/v2/FabricGateway] 	Connecting user with identity User2 to a Network Gateway
2026.08.11-09:19:18.861[32m info [39m [caliper] [connectors/v2/FabricGateway] 	Connecting user with identity User2 to a Network Gateway
2026.08.11-09:19:18.863[32m info [39m [caliper] [connectors/v2/FabricGateway] 	Successfully connected user with identity User2 to a Network Gateway
2026.08.11-09:19:18.864[32m info [39m [caliper] [connectors/v2/FabricGateway] 	Generating contract map for user User2
2026.08.11-09:19:18.867[32m info [39m [caliper] [connectors/v2/FabricGateway] 	Successfully connected user with identity User2 to a Network Gateway
2026.08.11-09:19:18.867[32m info [39m [caliper] [connectors/v2/FabricGateway] 	Generating contract map for user User2
2026.08.11-09:19:18.876[32m info [39m [caliper] [connectors/v2/FabricGateway] 	Successfully connected user with identity User2 to a Network Gateway
2026.08.11-09:19:18.876[32m info [39m [caliper] [connectors/v2/FabricGateway] 	Generating contract map for user User2
2026.08.11-09:19:18.909[32m info [39m [caliper] [connectors/v2/FabricGateway] 	Successfully connected user with identity User2 to a Network Gateway
2026.08.11-09:19:18.909[32m info [39m [caliper] [connectors/v2/FabricGateway] 	Generating contract map for user User2
2026.08.11-09:19:18.912[32m info [39m [caliper] [connectors/v2/FabricGateway] 	Connecting user with identity User3 to a Network Gateway
2026.08.11-09:19:18.918[32m info [39m [caliper] [connectors/v2/FabricGateway] 	Connecting user with identity User3 to a Network Gateway
2026.08.11-09:19:18.927[32m info [39m [caliper] [connectors/v2/FabricGateway] 	Connecting user with identity User3 to a Network Gateway
2026.08.11-09:19:18.928[32m info [39m [caliper] [connectors/v2/FabricGateway] 	Successfully connected user with identity User2 to a Network Gateway
2026.08.11-09:19:18.928[32m info [39m [caliper] [connectors/v2/FabricGateway] 	Generating contract map for user User2
2026.08.11-09:19:18.958[32m info [39m [caliper] [connectors/v2/FabricGateway] 	Connecting user with identity User3 to a Network Gateway
2026.08.11-09:19:18.977[32m info [39m [caliper] [connectors/v2/FabricGateway] 	Connecting user with identity User3 to a Network Gateway
2026.08.11-09:19:18.986[32m info [39m [caliper] [connectors/v2/FabricGateway] 	Successfully connected user with identity User3 to a Network Gateway
2026.08.11-09:19:18.986[32m info [39m [caliper] [connectors/v2/FabricGateway] 	Generating contract map for user User3
2026.08.11-09:19:18.990[32m info [39m [caliper] [connectors/v2/FabricGateway] 	Successfully connected user with identity User3 to a Network Gateway
2026.08.11-09:19:18.990[32m info [39m [caliper] [connectors/v2/FabricGateway] 	Generating contract map for user User3
2026.08.11-09:19:18.994[32m info [39m [caliper] [connectors/v2/FabricGateway] 	Successfully connected user with identity User3 to a Network Gateway
2026.08.11-09:19:18.995[32m info [39m [caliper] [connectors/v2/FabricGateway] 	Generating contract map for user User3
2026.08.11-09:19:19.035[32m info [39m [caliper] [connectors/v2/FabricGateway] 	Successfully connected user with identity User3 to a Network Gateway
2026.08.11-09:19:19.036[32m info [39m [caliper] [connectors/v2/FabricGateway] 	Generating contract map for user User3
2026.08.11-09:19:19.043[32m info [39m [caliper] [connectors/v2/FabricGateway] 	Connecting user with identity User4 to a Network Gateway
2026.08.11-09:19:19.043[32m info [39m [caliper] [connectors/v2/FabricGateway] 	Connecting user with identity User4 to a Network Gateway
2026.08.11-09:19:19.049[32m info [39m [caliper] [connectors/v2/FabricGateway] 	Connecting user with identity User4 to a Network Gateway
2026.08.11-09:19:19.055[32m info [39m [caliper] [connectors/v2/FabricGateway] 	Successfully connected user with identity User3 to a Network Gateway
2026.08.11-09:19:19.055[32m info [39m [caliper] [connectors/v2/FabricGateway] 	Generating contract map for user User3
2026.08.11-09:19:19.087[32m info [39m [caliper] [connectors/v2/FabricGateway] 	Connecting user with identity User4 to a Network Gateway
2026.08.11-09:19:19.104[32m info [39m [caliper] [connectors/v2/FabricGateway] 	Connecting user with identity User4 to a Network Gateway
2026.08.11-09:19:19.110[32m info [39m [caliper] [connectors/v2/FabricGateway] 	Successfully connected user with identity User4 to a Network Gateway
2026.08.11-09:19:19.110[32m info [39m [caliper] [connectors/v2/FabricGateway] 	Generating contract map for user User4
2026.08.11-09:19:19.112[32m info [39m [caliper] [connectors/v2/FabricGateway] 	Successfully connected user with identity User4 to a Network Gateway
2026.08.11-09:19:19.112[32m info [39m [caliper] [connectors/v2/FabricGateway] 	Generating contract map for user User4
2026.08.11-09:19:19.126[32m info [39m [caliper] [connectors/v2/FabricGateway] 	Successfully connected user with identity User4 to a Network Gateway
2026.08.11-09:19:19.127[32m info [39m [caliper] [connectors/v2/FabricGateway] 	Generating contract map for user User4
2026.08.11-09:19:19.158[32m info [39m [caliper] [connectors/v2/FabricGateway] 	Successfully connected user with identity User4 to a Network Gateway
2026.08.11-09:19:19.158[32m info [39m [caliper] [connectors/v2/FabricGateway] 	Generating contract map for user User4
2026.08.11-09:19:19.167[32m info [39m [caliper] [connectors/v2/FabricGateway] 	Connecting user with identity User5 to a Network Gateway
2026.08.11-09:19:19.175[32m info [39m [caliper] [connectors/v2/FabricGateway] 	Successfully connected user with identity User4 to a Network Gateway
2026.08.11-09:19:19.175[32m info [39m [caliper] [connectors/v2/FabricGateway] 	Generating contract map for user User4
2026.08.11-09:19:19.176[32m info [39m [caliper] [connectors/v2/FabricGateway] 	Connecting user with identity User5 to a Network Gateway
2026.08.11-09:19:19.194[32m info [39m [caliper] [connectors/v2/FabricGateway] 	Connecting user with identity User5 to a Network Gateway
2026.08.11-09:19:19.220[32m info [39m [caliper] [connectors/v2/FabricGateway] 	Connecting user with identity User5 to a Network Gateway
2026.08.11-09:19:19.225[32m info [39m [caliper] [connectors/v2/FabricGateway] 	Connecting user with identity User5 to a Network Gateway
2026.08.11-09:19:19.237[32m info [39m [caliper] [connectors/v2/FabricGateway] 	Successfully connected user with identity User5 to a Network Gateway
2026.08.11-09:19:19.237[32m info [39m [caliper] [connectors/v2/FabricGateway] 	Generating contract map for user User5
2026.08.11-09:19:19.246[32m info [39m [caliper] [connectors/v2/FabricGateway] 	Successfully connected user with identity User5 to a Network Gateway
2026.08.11-09:19:19.247[32m info [39m [caliper] [connectors/v2/FabricGateway] 	Generating contract map for user User5
2026.08.11-09:19:19.262[32m info [39m [caliper] [connectors/v2/FabricGateway] 	Successfully connected user with identity User5 to a Network Gateway
2026.08.11-09:19:19.262[32m info [39m [caliper] [connectors/v2/FabricGateway] 	Generating contract map for user User5
2026.08.11-09:19:19.285[32m info [39m [caliper] [connectors/v2/FabricGateway] 	Connecting user with identity _AuctioncentersMSP_User0 to a Network Gateway
2026.08.11-09:19:19.288[32m info [39m [caliper] [connectors/v2/FabricGateway] 	Successfully connected user with identity User5 to a Network Gateway
2026.08.11-09:19:19.288[32m info [39m [caliper] [connectors/v2/FabricGateway] 	Generating contract map for user User5
2026.08.11-09:19:19.292[32m info [39m [caliper] [connectors/v2/FabricGateway] 	Successfully connected user with identity User5 to a Network Gateway
2026.08.11-09:19:19.293[32m info [39m [caliper] [connectors/v2/FabricGateway] 	Generating contract map for user User5
2026.08.11-09:19:19.299[32m info [39m [caliper] [connectors/v2/FabricGateway] 	Connecting user with identity _AuctioncentersMSP_User0 to a Network Gateway
2026.08.11-09:19:19.316[32m info [39m [caliper] [connectors/v2/FabricGateway] 	Connecting user with identity _AuctioncentersMSP_User0 to a Network Gateway
2026.08.11-09:19:19.339[32m info [39m [caliper] [connectors/v2/FabricGateway] 	Connecting user with identity _AuctioncentersMSP_User0 to a Network Gateway
2026.08.11-09:19:19.352[32m info [39m [caliper] [connectors/v2/FabricGateway] 	Connecting user with identity _AuctioncentersMSP_User0 to a Network Gateway
2026.08.11-09:19:19.352[32m info [39m [caliper] [connectors/v2/FabricGateway] 	Successfully connected user with identity _AuctioncentersMSP_User0 to a Network Gateway
2026.08.11-09:19:19.352[32m info [39m [caliper] [connectors/v2/FabricGateway] 	Generating contract map for user _AuctioncentersMSP_User0
2026.08.11-09:19:19.366[32m info [39m [caliper] [connectors/v2/FabricGateway] 	Successfully connected user with identity _AuctioncentersMSP_User0 to a Network Gateway
2026.08.11-09:19:19.367[32m info [39m [caliper] [connectors/v2/FabricGateway] 	Generating contract map for user _AuctioncentersMSP_User0
2026.08.11-09:19:19.380[32m info [39m [caliper] [connectors/v2/FabricGateway] 	Successfully connected user with identity _AuctioncentersMSP_User0 to a Network Gateway
2026.08.11-09:19:19.380[32m info [39m [caliper] [connectors/v2/FabricGateway] 	Generating contract map for user _AuctioncentersMSP_User0
2026.08.11-09:19:19.397[32m info [39m [caliper] [connectors/v2/FabricGateway] 	Connecting user with identity _AuctioncentersMSP_User1 to a Network Gateway
2026.08.11-09:19:19.409[32m info [39m [caliper] [connectors/v2/FabricGateway] 	Successfully connected user with identity _AuctioncentersMSP_User0 to a Network Gateway
2026.08.11-09:19:19.409[32m info [39m [caliper] [connectors/v2/FabricGateway] 	Generating contract map for user _AuctioncentersMSP_User0
2026.08.11-09:19:19.417[32m info [39m [caliper] [connectors/v2/FabricGateway] 	Connecting user with identity _AuctioncentersMSP_User1 to a Network Gateway
2026.08.11-09:19:19.421[32m info [39m [caliper] [connectors/v2/FabricGateway] 	Successfully connected user with identity _AuctioncentersMSP_User0 to a Network Gateway
2026.08.11-09:19:19.421[32m info [39m [caliper] [connectors/v2/FabricGateway] 	Generating contract map for user _AuctioncentersMSP_User0
2026.08.11-09:19:19.427[32m info [39m [caliper] [connectors/v2/FabricGateway] 	Connecting user with identity _AuctioncentersMSP_User1 to a Network Gateway
2026.08.11-09:19:19.458[32m info [39m [caliper] [connectors/v2/FabricGateway] 	Connecting user with identity _AuctioncentersMSP_User1 to a Network Gateway
2026.08.11-09:19:19.467[32m info [39m [caliper] [connectors/v2/FabricGateway] 	Connecting user with identity _AuctioncentersMSP_User1 to a Network Gateway
2026.08.11-09:19:19.481[32m info [39m [caliper] [connectors/v2/FabricGateway] 	Successfully connected user with identity _AuctioncentersMSP_User1 to a Network Gateway
2026.08.11-09:19:19.481[32m info [39m [caliper] [connectors/v2/FabricGateway] 	Generating contract map for user _AuctioncentersMSP_User1
2026.08.11-09:19:19.484[32m info [39m [caliper] [connectors/v2/FabricGateway] 	Successfully connected user with identity _AuctioncentersMSP_User1 to a Network Gateway
2026.08.11-09:19:19.485[32m info [39m [caliper] [connectors/v2/FabricGateway] 	Generating contract map for user _AuctioncentersMSP_User1
2026.08.11-09:19:19.494[32m info [39m [caliper] [connectors/v2/FabricGateway] 	Successfully connected user with identity _AuctioncentersMSP_User1 to a Network Gateway
2026.08.11-09:19:19.494[32m info [39m [caliper] [connectors/v2/FabricGateway] 	Generating contract map for user _AuctioncentersMSP_User1
2026.08.11-09:19:19.530[32m info [39m [caliper] [connectors/v2/FabricGateway] 	Successfully connected user with identity _AuctioncentersMSP_User1 to a Network Gateway
2026.08.11-09:19:19.530[32m info [39m [caliper] [connectors/v2/FabricGateway] 	Generating contract map for user _AuctioncentersMSP_User1
2026.08.11-09:19:19.531[32m info [39m [caliper] [connectors/v2/FabricGateway] 	Connecting user with identity _AuctioncentersMSP_User2 to a Network Gateway
2026.08.11-09:19:19.531[32m info [39m [caliper] [connectors/v2/FabricGateway] 	Connecting user with identity _AuctioncentersMSP_User2 to a Network Gateway
2026.08.11-09:19:19.538[32m info [39m [caliper] [connectors/v2/FabricGateway] 	Successfully connected user with identity _AuctioncentersMSP_User1 to a Network Gateway
2026.08.11-09:19:19.538[32m info [39m [caliper] [connectors/v2/FabricGateway] 	Generating contract map for user _AuctioncentersMSP_User1
2026.08.11-09:19:19.541[32m info [39m [caliper] [connectors/v2/FabricGateway] 	Connecting user with identity _AuctioncentersMSP_User2 to a Network Gateway
2026.08.11-09:19:19.577[32m info [39m [caliper] [connectors/v2/FabricGateway] 	Connecting user with identity _AuctioncentersMSP_User2 to a Network Gateway
2026.08.11-09:19:19.583[32m info [39m [caliper] [connectors/v2/FabricGateway] 	Connecting user with identity _AuctioncentersMSP_User2 to a Network Gateway
2026.08.11-09:19:19.598[32m info [39m [caliper] [connectors/v2/FabricGateway] 	Successfully connected user with identity _AuctioncentersMSP_User2 to a Network Gateway
2026.08.11-09:19:19.599[32m info [39m [caliper] [connectors/v2/FabricGateway] 	Generating contract map for user _AuctioncentersMSP_User2
2026.08.11-09:19:19.606[32m info [39m [caliper] [connectors/v2/FabricGateway] 	Successfully connected user with identity _AuctioncentersMSP_User2 to a Network Gateway
2026.08.11-09:19:19.606[32m info [39m [caliper] [connectors/v2/FabricGateway] 	Generating contract map for user _AuctioncentersMSP_User2
2026.08.11-09:19:19.613[32m info [39m [caliper] [connectors/v2/FabricGateway] 	Successfully connected user with identity _AuctioncentersMSP_User2 to a Network Gateway
2026.08.11-09:19:19.614[32m info [39m [caliper] [connectors/v2/FabricGateway] 	Generating contract map for user _AuctioncentersMSP_User2
2026.08.11-09:19:19.648[32m info [39m [caliper] [connectors/v2/FabricGateway] 	Successfully connected user with identity _AuctioncentersMSP_User2 to a Network Gateway
2026.08.11-09:19:19.649[32m info [39m [caliper] [connectors/v2/FabricGateway] 	Generating contract map for user _AuctioncentersMSP_User2
2026.08.11-09:19:19.653[32m info [39m [caliper] [connectors/v2/FabricGateway] 	Connecting user with identity _AuctioncentersMSP_User3 to a Network Gateway
2026.08.11-09:19:19.655[32m info [39m [caliper] [connectors/v2/FabricGateway] 	Successfully connected user with identity _AuctioncentersMSP_User2 to a Network Gateway
2026.08.11-09:19:19.655[32m info [39m [caliper] [connectors/v2/FabricGateway] 	Generating contract map for user _AuctioncentersMSP_User2
2026.08.11-09:19:19.656[32m info [39m [caliper] [connectors/v2/FabricGateway] 	Connecting user with identity _AuctioncentersMSP_User3 to a Network Gateway
2026.08.11-09:19:19.665[32m info [39m [caliper] [connectors/v2/FabricGateway] 	Connecting user with identity _AuctioncentersMSP_User3 to a Network Gateway
2026.08.11-09:19:19.699[32m info [39m [caliper] [connectors/v2/FabricGateway] 	Connecting user with identity _AuctioncentersMSP_User3 to a Network Gateway
2026.08.11-09:19:19.702[32m info [39m [caliper] [connectors/v2/FabricGateway] 	Connecting user with identity _AuctioncentersMSP_User3 to a Network Gateway
2026.08.11-09:19:19.717[32m info [39m [caliper] [connectors/v2/FabricGateway] 	Successfully connected user with identity _AuctioncentersMSP_User3 to a Network Gateway
2026.08.11-09:19:19.717[32m info [39m [caliper] [connectors/v2/FabricGateway] 	Generating contract map for user _AuctioncentersMSP_User3
2026.08.11-09:19:19.722[32m info [39m [caliper] [connectors/v2/FabricGateway] 	Successfully connected user with identity _AuctioncentersMSP_User3 to a Network Gateway
2026.08.11-09:19:19.722[32m info [39m [caliper] [connectors/v2/FabricGateway] 	Generating contract map for user _AuctioncentersMSP_User3
2026.08.11-09:19:19.735[32m info [39m [caliper] [connectors/v2/FabricGateway] 	Successfully connected user with identity _AuctioncentersMSP_User3 to a Network Gateway
2026.08.11-09:19:19.735[32m info [39m [caliper] [connectors/v2/FabricGateway] 	Generating contract map for user _AuctioncentersMSP_User3
2026.08.11-09:19:19.766[32m info [39m [caliper] [connectors/v2/FabricGateway] 	Successfully connected user with identity _AuctioncentersMSP_User3 to a Network Gateway
2026.08.11-09:19:19.766[32m info [39m [caliper] [connectors/v2/FabricGateway] 	Generating contract map for user _AuctioncentersMSP_User3
2026.08.11-09:19:19.773[32m info [39m [caliper] [connectors/v2/FabricGateway] 	Successfully connected user with identity _AuctioncentersMSP_User3 to a Network Gateway
2026.08.11-09:19:19.774[32m info [39m [caliper] [connectors/v2/FabricGateway] 	Generating contract map for user _AuctioncentersMSP_User3
2026.08.11-09:19:19.774[32m info [39m [caliper] [connectors/v2/FabricGateway] 	Connecting user with identity _AuctioncentersMSP_User4 to a Network Gateway
2026.08.11-09:19:19.778[32m info [39m [caliper] [connectors/v2/FabricGateway] 	Connecting user with identity _AuctioncentersMSP_User4 to a Network Gateway
2026.08.11-09:19:19.786[32m info [39m [caliper] [connectors/v2/FabricGateway] 	Connecting user with identity _AuctioncentersMSP_User4 to a Network Gateway
2026.08.11-09:19:19.815[32m info [39m [caliper] [connectors/v2/FabricGateway] 	Connecting user with identity _AuctioncentersMSP_User4 to a Network Gateway
2026.08.11-09:19:19.819[32m info [39m [caliper] [connectors/v2/FabricGateway] 	Connecting user with identity _AuctioncentersMSP_User4 to a Network Gateway
2026.08.11-09:19:19.839[32m info [39m [caliper] [connectors/v2/FabricGateway] 	Successfully connected user with identity _AuctioncentersMSP_User4 to a Network Gateway
2026.08.11-09:19:19.839[32m info [39m [caliper] [connectors/v2/FabricGateway] 	Generating contract map for user _AuctioncentersMSP_User4
2026.08.11-09:19:19.845[32m info [39m [caliper] [connectors/v2/FabricGateway] 	Successfully connected user with identity _AuctioncentersMSP_User4 to a Network Gateway
2026.08.11-09:19:19.845[32m info [39m [caliper] [connectors/v2/FabricGateway] 	Generating contract map for user _AuctioncentersMSP_User4
2026.08.11-09:19:19.849[32m info [39m [caliper] [connectors/v2/FabricGateway] 	Successfully connected user with identity _AuctioncentersMSP_User4 to a Network Gateway
2026.08.11-09:19:19.850[32m info [39m [caliper] [connectors/v2/FabricGateway] 	Generating contract map for user _AuctioncentersMSP_User4
2026.08.11-09:19:19.883[32m info [39m [caliper] [connectors/v2/FabricGateway] 	Successfully connected user with identity _AuctioncentersMSP_User4 to a Network Gateway
2026.08.11-09:19:19.883[32m info [39m [caliper] [connectors/v2/FabricGateway] 	Generating contract map for user _AuctioncentersMSP_User4
2026.08.11-09:19:19.893[32m info [39m [caliper] [connectors/v2/FabricGateway] 	Successfully connected user with identity _AuctioncentersMSP_User4 to a Network Gateway
2026.08.11-09:19:19.894[32m info [39m [caliper] [connectors/v2/FabricGateway] 	Generating contract map for user _AuctioncentersMSP_User4
2026.08.11-09:19:19.895[32m info [39m [caliper] [connectors/v2/FabricGateway] 	Connecting user with identity _AuctioncentersMSP_User5 to a Network Gateway
2026.08.11-09:19:19.908[32m info [39m [caliper] [connectors/v2/FabricGateway] 	Connecting user with identity _AuctioncentersMSP_User5 to a Network Gateway
2026.08.11-09:19:19.908[32m info [39m [caliper] [connectors/v2/FabricGateway] 	Connecting user with identity _AuctioncentersMSP_User5 to a Network Gateway
2026.08.11-09:19:19.943[32m info [39m [caliper] [connectors/v2/FabricGateway] 	Connecting user with identity _AuctioncentersMSP_User5 to a Network Gateway
2026.08.11-09:19:19.949[32m info [39m [caliper] [connectors/v2/FabricGateway] 	Connecting user with identity _AuctioncentersMSP_User5 to a Network Gateway
2026.08.11-09:19:19.969[32m info [39m [caliper] [connectors/v2/FabricGateway] 	Successfully connected user with identity _AuctioncentersMSP_User5 to a Network Gateway
2026.08.11-09:19:19.969[32m info [39m [caliper] [connectors/v2/FabricGateway] 	Generating contract map for user _AuctioncentersMSP_User5
2026.08.11-09:19:19.976[32m info [39m [caliper] [connectors/v2/FabricGateway] 	Successfully connected user with identity _AuctioncentersMSP_User5 to a Network Gateway
2026.08.11-09:19:19.976[32m info [39m [caliper] [connectors/v2/FabricGateway] 	Generating contract map for user _AuctioncentersMSP_User5
2026.08.11-09:19:19.986[32m info [39m [caliper] [connectors/v2/FabricGateway] 	Successfully connected user with identity _AuctioncentersMSP_User5 to a Network Gateway
2026.08.11-09:19:19.986[32m info [39m [caliper] [connectors/v2/FabricGateway] 	Generating contract map for user _AuctioncentersMSP_User5
2026.08.11-09:19:20.011[32m info [39m [caliper] [connectors/v2/FabricGateway] 	Successfully connected user with identity _AuctioncentersMSP_User5 to a Network Gateway
2026.08.11-09:19:20.011[32m info [39m [caliper] [connectors/v2/FabricGateway] 	Generating contract map for user _AuctioncentersMSP_User5
2026.08.11-09:19:20.024[32m info [39m [caliper] [connectors/v2/FabricGateway] 	Successfully connected user with identity _AuctioncentersMSP_User5 to a Network Gateway
2026.08.11-09:19:20.024[32m info [39m [caliper] [connectors/v2/FabricGateway] 	Generating contract map for user _AuctioncentersMSP_User5
2026.08.11-09:19:20.026[32m info [39m [caliper] [connectors/v2/FabricGateway] 	Connecting user with identity _WholesalersMSP_User0 to a Network Gateway
2026.08.11-09:19:20.037[32m info [39m [caliper] [connectors/v2/FabricGateway] 	Connecting user with identity _WholesalersMSP_User0 to a Network Gateway
2026.08.11-09:19:20.046[32m info [39m [caliper] [connectors/v2/FabricGateway] 	Connecting user with identity _WholesalersMSP_User0 to a Network Gateway
2026.08.11-09:19:20.075[32m info [39m [caliper] [connectors/v2/FabricGateway] 	Connecting user with identity _WholesalersMSP_User0 to a Network Gateway
2026.08.11-09:19:20.081[32m info [39m [caliper] [connectors/v2/FabricGateway] 	Connecting user with identity _WholesalersMSP_User0 to a Network Gateway
2026.08.11-09:19:20.101[32m info [39m [caliper] [connectors/v2/FabricGateway] 	Successfully connected user with identity _WholesalersMSP_User0 to a Network Gateway
2026.08.11-09:19:20.101[32m info [39m [caliper] [connectors/v2/FabricGateway] 	Generating contract map for user _WholesalersMSP_User0
2026.08.11-09:19:20.110[32m info [39m [caliper] [connectors/v2/FabricGateway] 	Successfully connected user with identity _WholesalersMSP_User0 to a Network Gateway
2026.08.11-09:19:20.110[32m info [39m [caliper] [connectors/v2/FabricGateway] 	Generating contract map for user _WholesalersMSP_User0
2026.08.11-09:19:20.118[32m info [39m [caliper] [connectors/v2/FabricGateway] 	Successfully connected user with identity _WholesalersMSP_User0 to a Network Gateway
2026.08.11-09:19:20.119[32m info [39m [caliper] [connectors/v2/FabricGateway] 	Generating contract map for user _WholesalersMSP_User0
2026.08.11-09:19:20.146[32m info [39m [caliper] [connectors/v2/FabricGateway] 	Connecting user with identity _WholesalersMSP_User1 to a Network Gateway
2026.08.11-09:19:20.147[32m info [39m [caliper] [connectors/v2/FabricGateway] 	Successfully connected user with identity _WholesalersMSP_User0 to a Network Gateway
2026.08.11-09:19:20.148[32m info [39m [caliper] [connectors/v2/FabricGateway] 	Generating contract map for user _WholesalersMSP_User0
2026.08.11-09:19:20.151[32m info [39m [caliper] [connectors/v2/FabricGateway] 	Successfully connected user with identity _WholesalersMSP_User0 to a Network Gateway
2026.08.11-09:19:20.152[32m info [39m [caliper] [connectors/v2/FabricGateway] 	Generating contract map for user _WholesalersMSP_User0
2026.08.11-09:19:20.159[32m info [39m [caliper] [connectors/v2/FabricGateway] 	Connecting user with identity _WholesalersMSP_User1 to a Network Gateway
2026.08.11-09:19:20.171[32m info [39m [caliper] [connectors/v2/FabricGateway] 	Connecting user with identity _WholesalersMSP_User1 to a Network Gateway
2026.08.11-09:19:20.196[32m info [39m [caliper] [connectors/v2/FabricGateway] 	Connecting user with identity _WholesalersMSP_User1 to a Network Gateway
2026.08.11-09:19:20.196[32m info [39m [caliper] [connectors/v2/FabricGateway] 	Connecting user with identity _WholesalersMSP_User1 to a Network Gateway
2026.08.11-09:19:20.214[32m info [39m [caliper] [connectors/v2/FabricGateway] 	Successfully connected user with identity _WholesalersMSP_User1 to a Network Gateway
2026.08.11-09:19:20.214[32m info [39m [caliper] [connectors/v2/FabricGateway] 	Generating contract map for user _WholesalersMSP_User1
2026.08.11-09:19:20.228[32m info [39m [caliper] [connectors/v2/FabricGateway] 	Successfully connected user with identity _WholesalersMSP_User1 to a Network Gateway
2026.08.11-09:19:20.228[32m info [39m [caliper] [connectors/v2/FabricGateway] 	Generating contract map for user _WholesalersMSP_User1
2026.08.11-09:19:20.235[32m info [39m [caliper] [connectors/v2/FabricGateway] 	Successfully connected user with identity _WholesalersMSP_User1 to a Network Gateway
2026.08.11-09:19:20.235[32m info [39m [caliper] [connectors/v2/FabricGateway] 	Generating contract map for user _WholesalersMSP_User1
2026.08.11-09:19:20.262[32m info [39m [caliper] [connectors/v2/FabricGateway] 	Connecting user with identity _WholesalersMSP_User2 to a Network Gateway
2026.08.11-09:19:20.265[32m info [39m [caliper] [connectors/v2/FabricGateway] 	Successfully connected user with identity _WholesalersMSP_User1 to a Network Gateway
2026.08.11-09:19:20.265[32m info [39m [caliper] [connectors/v2/FabricGateway] 	Generating contract map for user _WholesalersMSP_User1
2026.08.11-09:19:20.266[32m info [39m [caliper] [connectors/v2/FabricGateway] 	Successfully connected user with identity _WholesalersMSP_User1 to a Network Gateway
2026.08.11-09:19:20.266[32m info [39m [caliper] [connectors/v2/FabricGateway] 	Generating contract map for user _WholesalersMSP_User1
2026.08.11-09:19:20.282[32m info [39m [caliper] [connectors/v2/FabricGateway] 	Connecting user with identity _WholesalersMSP_User2 to a Network Gateway
2026.08.11-09:19:20.287[32m info [39m [caliper] [connectors/v2/FabricGateway] 	Connecting user with identity _WholesalersMSP_User2 to a Network Gateway
2026.08.11-09:19:20.314[32m info [39m [caliper] [connectors/v2/FabricGateway] 	Connecting user with identity _WholesalersMSP_User2 to a Network Gateway
2026.08.11-09:19:20.320[32m info [39m [caliper] [connectors/v2/FabricGateway] 	Connecting user with identity _WholesalersMSP_User2 to a Network Gateway
2026.08.11-09:19:20.328[32m info [39m [caliper] [connectors/v2/FabricGateway] 	Successfully connected user with identity _WholesalersMSP_User2 to a Network Gateway
2026.08.11-09:19:20.328[32m info [39m [caliper] [connectors/v2/FabricGateway] 	Generating contract map for user _WholesalersMSP_User2
2026.08.11-09:19:20.343[32m info [39m [caliper] [connectors/v2/FabricGateway] 	Successfully connected user with identity _WholesalersMSP_User2 to a Network Gateway
2026.08.11-09:19:20.343[32m info [39m [caliper] [connectors/v2/FabricGateway] 	Generating contract map for user _WholesalersMSP_User2
2026.08.11-09:19:20.351[32m info [39m [caliper] [connectors/v2/FabricGateway] 	Successfully connected user with identity _WholesalersMSP_User2 to a Network Gateway
2026.08.11-09:19:20.351[32m info [39m [caliper] [connectors/v2/FabricGateway] 	Generating contract map for user _WholesalersMSP_User2
2026.08.11-09:19:20.376[32m info [39m [caliper] [connectors/v2/FabricGateway] 	Connecting user with identity _WholesalersMSP_User3 to a Network Gateway
2026.08.11-09:19:20.379[32m info [39m [caliper] [connectors/v2/FabricGateway] 	Successfully connected user with identity _WholesalersMSP_User2 to a Network Gateway
2026.08.11-09:19:20.379[32m info [39m [caliper] [connectors/v2/FabricGateway] 	Generating contract map for user _WholesalersMSP_User2
2026.08.11-09:19:20.385[32m info [39m [caliper] [connectors/v2/FabricGateway] 	Successfully connected user with identity _WholesalersMSP_User2 to a Network Gateway
2026.08.11-09:19:20.386[32m info [39m [caliper] [connectors/v2/FabricGateway] 	Generating contract map for user _WholesalersMSP_User2
2026.08.11-09:19:20.394[32m info [39m [caliper] [connectors/v2/FabricGateway] 	Connecting user with identity _WholesalersMSP_User3 to a Network Gateway
2026.08.11-09:19:20.400[32m info [39m [caliper] [connectors/v2/FabricGateway] 	Connecting user with identity _WholesalersMSP_User3 to a Network Gateway
2026.08.11-09:19:20.429[32m info [39m [caliper] [connectors/v2/FabricGateway] 	Connecting user with identity _WholesalersMSP_User3 to a Network Gateway
2026.08.11-09:19:20.433[32m info [39m [caliper] [connectors/v2/FabricGateway] 	Connecting user with identity _WholesalersMSP_User3 to a Network Gateway
2026.08.11-09:19:20.443[32m info [39m [caliper] [connectors/v2/FabricGateway] 	Successfully connected user with identity _WholesalersMSP_User3 to a Network Gateway
2026.08.11-09:19:20.444[32m info [39m [caliper] [connectors/v2/FabricGateway] 	Generating contract map for user _WholesalersMSP_User3
2026.08.11-09:19:20.457[32m info [39m [caliper] [connectors/v2/FabricGateway] 	Successfully connected user with identity _WholesalersMSP_User3 to a Network Gateway
2026.08.11-09:19:20.457[32m info [39m [caliper] [connectors/v2/FabricGateway] 	Generating contract map for user _WholesalersMSP_User3
2026.08.11-09:19:20.464[32m info [39m [caliper] [connectors/v2/FabricGateway] 	Successfully connected user with identity _WholesalersMSP_User3 to a Network Gateway
2026.08.11-09:19:20.464[32m info [39m [caliper] [connectors/v2/FabricGateway] 	Generating contract map for user _WholesalersMSP_User3
2026.08.11-09:19:20.507[32m info [39m [caliper] [connectors/v2/FabricGateway] 	Connecting user with identity _WholesalersMSP_User4 to a Network Gateway
2026.08.11-09:19:20.511[32m info [39m [caliper] [connectors/v2/FabricGateway] 	Successfully connected user with identity _WholesalersMSP_User3 to a Network Gateway
2026.08.11-09:19:20.511[32m info [39m [caliper] [connectors/v2/FabricGateway] 	Generating contract map for user _WholesalersMSP_User3
2026.08.11-09:19:20.511[32m info [39m [caliper] [connectors/v2/FabricGateway] 	Successfully connected user with identity _WholesalersMSP_User3 to a Network Gateway
2026.08.11-09:19:20.511[32m info [39m [caliper] [connectors/v2/FabricGateway] 	Generating contract map for user _WholesalersMSP_User3
2026.08.11-09:19:20.516[32m info [39m [caliper] [connectors/v2/FabricGateway] 	Connecting user with identity _WholesalersMSP_User4 to a Network Gateway
2026.08.11-09:19:20.529[32m info [39m [caliper] [connectors/v2/FabricGateway] 	Connecting user with identity _WholesalersMSP_User4 to a Network Gateway
2026.08.11-09:19:20.559[32m info [39m [caliper] [connectors/v2/FabricGateway] 	Connecting user with identity _WholesalersMSP_User4 to a Network Gateway
2026.08.11-09:19:20.561[32m info [39m [caliper] [connectors/v2/FabricGateway] 	Connecting user with identity _WholesalersMSP_User4 to a Network Gateway
2026.08.11-09:19:20.572[32m info [39m [caliper] [connectors/v2/FabricGateway] 	Successfully connected user with identity _WholesalersMSP_User4 to a Network Gateway
2026.08.11-09:19:20.572[32m info [39m [caliper] [connectors/v2/FabricGateway] 	Generating contract map for user _WholesalersMSP_User4
2026.08.11-09:19:20.587[32m info [39m [caliper] [connectors/v2/FabricGateway] 	Successfully connected user with identity _WholesalersMSP_User4 to a Network Gateway
2026.08.11-09:19:20.587[32m info [39m [caliper] [connectors/v2/FabricGateway] 	Generating contract map for user _WholesalersMSP_User4
2026.08.11-09:19:20.591[32m info [39m [caliper] [connectors/v2/FabricGateway] 	Successfully connected user with identity _WholesalersMSP_User4 to a Network Gateway
2026.08.11-09:19:20.591[32m info [39m [caliper] [connectors/v2/FabricGateway] 	Generating contract map for user _WholesalersMSP_User4
2026.08.11-09:19:20.625[32m info [39m [caliper] [connectors/v2/FabricGateway] 	Connecting user with identity _WholesalersMSP_User5 to a Network Gateway
2026.08.11-09:19:20.628[32m info [39m [caliper] [connectors/v2/FabricGateway] 	Successfully connected user with identity _WholesalersMSP_User4 to a Network Gateway
2026.08.11-09:19:20.629[32m info [39m [caliper] [connectors/v2/FabricGateway] 	Generating contract map for user _WholesalersMSP_User4
2026.08.11-09:19:20.629[32m info [39m [caliper] [connectors/v2/FabricGateway] 	Successfully connected user with identity _WholesalersMSP_User4 to a Network Gateway
2026.08.11-09:19:20.630[32m info [39m [caliper] [connectors/v2/FabricGateway] 	Generating contract map for user _WholesalersMSP_User4
2026.08.11-09:19:20.647[32m info [39m [caliper] [connectors/v2/FabricGateway] 	Connecting user with identity _WholesalersMSP_User5 to a Network Gateway
2026.08.11-09:19:20.649[32m info [39m [caliper] [connectors/v2/FabricGateway] 	Connecting user with identity _WholesalersMSP_User5 to a Network Gateway
2026.08.11-09:19:20.688[32m info [39m [caliper] [connectors/v2/FabricGateway] 	Connecting user with identity _WholesalersMSP_User5 to a Network Gateway
2026.08.11-09:19:20.692[32m info [39m [caliper] [connectors/v2/FabricGateway] 	Connecting user with identity _WholesalersMSP_User5 to a Network Gateway
2026.08.11-09:19:20.700[32m info [39m [caliper] [connectors/v2/FabricGateway] 	Successfully connected user with identity _WholesalersMSP_User5 to a Network Gateway
2026.08.11-09:19:20.700[32m info [39m [caliper] [connectors/v2/FabricGateway] 	Generating contract map for user _WholesalersMSP_User5
2026.08.11-09:19:20.719[32m info [39m [caliper] [connectors/v2/FabricGateway] 	Successfully connected user with identity _WholesalersMSP_User5 to a Network Gateway
2026.08.11-09:19:20.719[32m info [39m [caliper] [connectors/v2/FabricGateway] 	Generating contract map for user _WholesalersMSP_User5
2026.08.11-09:19:20.727[32m info [39m [caliper] [connectors/v2/FabricGateway] 	Successfully connected user with identity _WholesalersMSP_User5 to a Network Gateway
2026.08.11-09:19:20.727[32m info [39m [caliper] [connectors/v2/FabricGateway] 	Generating contract map for user _WholesalersMSP_User5
2026.08.11-09:19:20.752[32m info [39m [caliper] [connectors/v2/FabricGateway] 	Connecting user with identity _RetailersMSP_User0 to a Network Gateway
2026.08.11-09:19:20.766[32m info [39m [caliper] [connectors/v2/FabricGateway] 	Successfully connected user with identity _WholesalersMSP_User5 to a Network Gateway
2026.08.11-09:19:20.766[32m info [39m [caliper] [connectors/v2/FabricGateway] 	Generating contract map for user _WholesalersMSP_User5
2026.08.11-09:19:20.768[32m info [39m [caliper] [connectors/v2/FabricGateway] 	Successfully connected user with identity _WholesalersMSP_User5 to a Network Gateway
2026.08.11-09:19:20.768[32m info [39m [caliper] [connectors/v2/FabricGateway] 	Generating contract map for user _WholesalersMSP_User5
2026.08.11-09:19:20.773[32m info [39m [caliper] [connectors/v2/FabricGateway] 	Connecting user with identity _RetailersMSP_User0 to a Network Gateway
2026.08.11-09:19:20.784[32m info [39m [caliper] [connectors/v2/FabricGateway] 	Connecting user with identity _RetailersMSP_User0 to a Network Gateway
2026.08.11-09:19:20.820[32m info [39m [caliper] [connectors/v2/FabricGateway] 	Connecting user with identity _RetailersMSP_User0 to a Network Gateway
2026.08.11-09:19:20.820[32m info [39m [caliper] [connectors/v2/FabricGateway] 	Connecting user with identity _RetailersMSP_User0 to a Network Gateway
2026.08.11-09:19:20.824[32m info [39m [caliper] [connectors/v2/FabricGateway] 	Successfully connected user with identity _RetailersMSP_User0 to a Network Gateway
2026.08.11-09:19:20.825[32m info [39m [caliper] [connectors/v2/FabricGateway] 	Generating contract map for user _RetailersMSP_User0
2026.08.11-09:19:20.848[32m info [39m [caliper] [connectors/v2/FabricGateway] 	Successfully connected user with identity _RetailersMSP_User0 to a Network Gateway
2026.08.11-09:19:20.848[32m info [39m [caliper] [connectors/v2/FabricGateway] 	Generating contract map for user _RetailersMSP_User0
2026.08.11-09:19:20.855[32m info [39m [caliper] [connectors/v2/FabricGateway] 	Successfully connected user with identity _RetailersMSP_User0 to a Network Gateway
2026.08.11-09:19:20.856[32m info [39m [caliper] [connectors/v2/FabricGateway] 	Generating contract map for user _RetailersMSP_User0
2026.08.11-09:19:20.871[32m info [39m [caliper] [connectors/v2/FabricGateway] 	Connecting user with identity _RetailersMSP_User1 to a Network Gateway
2026.08.11-09:19:20.888[32m info [39m [caliper] [connectors/v2/FabricGateway] 	Successfully connected user with identity _RetailersMSP_User0 to a Network Gateway
2026.08.11-09:19:20.888[32m info [39m [caliper] [connectors/v2/FabricGateway] 	Generating contract map for user _RetailersMSP_User0
2026.08.11-09:19:20.892[32m info [39m [caliper] [connectors/v2/FabricGateway] 	Successfully connected user with identity _RetailersMSP_User0 to a Network Gateway
2026.08.11-09:19:20.893[32m info [39m [caliper] [connectors/v2/FabricGateway] 	Generating contract map for user _RetailersMSP_User0
2026.08.11-09:19:20.898[32m info [39m [caliper] [connectors/v2/FabricGateway] 	Connecting user with identity _RetailersMSP_User1 to a Network Gateway
2026.08.11-09:19:20.905[32m info [39m [caliper] [connectors/v2/FabricGateway] 	Connecting user with identity _RetailersMSP_User1 to a Network Gateway
2026.08.11-09:19:20.936[32m info [39m [caliper] [connectors/v2/FabricGateway] 	Connecting user with identity _RetailersMSP_User1 to a Network Gateway
2026.08.11-09:19:20.940[32m info [39m [caliper] [connectors/v2/FabricGateway] 	Successfully connected user with identity _RetailersMSP_User1 to a Network Gateway
2026.08.11-09:19:20.940[32m info [39m [caliper] [connectors/v2/FabricGateway] 	Generating contract map for user _RetailersMSP_User1
2026.08.11-09:19:20.941[32m info [39m [caliper] [connectors/v2/FabricGateway] 	Connecting user with identity _RetailersMSP_User1 to a Network Gateway
2026.08.11-09:19:20.961[32m info [39m [caliper] [connectors/v2/FabricGateway] 	Successfully connected user with identity _RetailersMSP_User1 to a Network Gateway
2026.08.11-09:19:20.961[32m info [39m [caliper] [connectors/v2/FabricGateway] 	Generating contract map for user _RetailersMSP_User1
2026.08.11-09:19:20.975[32m info [39m [caliper] [connectors/v2/FabricGateway] 	Successfully connected user with identity _RetailersMSP_User1 to a Network Gateway
2026.08.11-09:19:20.975[32m info [39m [caliper] [connectors/v2/FabricGateway] 	Generating contract map for user _RetailersMSP_User1
2026.08.11-09:19:20.985[32m info [39m [caliper] [connectors/v2/FabricGateway] 	Connecting user with identity _RetailersMSP_User2 to a Network Gateway
2026.08.11-09:19:21.016[32m info [39m [caliper] [connectors/v2/FabricGateway] 	Successfully connected user with identity _RetailersMSP_User1 to a Network Gateway
2026.08.11-09:19:21.016[32m info [39m [caliper] [connectors/v2/FabricGateway] 	Generating contract map for user _RetailersMSP_User1
2026.08.11-09:19:21.016[32m info [39m [caliper] [connectors/v2/FabricGateway] 	Successfully connected user with identity _RetailersMSP_User1 to a Network Gateway
2026.08.11-09:19:21.016[32m info [39m [caliper] [connectors/v2/FabricGateway] 	Connecting user with identity _RetailersMSP_User2 to a Network Gateway
2026.08.11-09:19:21.016[32m info [39m [caliper] [connectors/v2/FabricGateway] 	Generating contract map for user _RetailersMSP_User1
2026.08.11-09:19:21.026[32m info [39m [caliper] [connectors/v2/FabricGateway] 	Connecting user with identity _RetailersMSP_User2 to a Network Gateway
2026.08.11-09:19:21.057[32m info [39m [caliper] [connectors/v2/FabricGateway] 	Successfully connected user with identity _RetailersMSP_User2 to a Network Gateway
2026.08.11-09:19:21.057[32m info [39m [caliper] [connectors/v2/FabricGateway] 	Generating contract map for user _RetailersMSP_User2
2026.08.11-09:19:21.071[32m info [39m [caliper] [connectors/v2/FabricGateway] 	Connecting user with identity _RetailersMSP_User2 to a Network Gateway
2026.08.11-09:19:21.080[32m info [39m [caliper] [connectors/v2/FabricGateway] 	Connecting user with identity _RetailersMSP_User2 to a Network Gateway
2026.08.11-09:19:21.096[32m info [39m [caliper] [connectors/v2/FabricGateway] 	Successfully connected user with identity _RetailersMSP_User2 to a Network Gateway
2026.08.11-09:19:21.096[32m info [39m [caliper] [connectors/v2/FabricGateway] 	Generating contract map for user _RetailersMSP_User2
2026.08.11-09:19:21.097[32m info [39m [caliper] [connectors/v2/FabricGateway] 	Successfully connected user with identity _RetailersMSP_User2 to a Network Gateway
2026.08.11-09:19:21.097[32m info [39m [caliper] [connectors/v2/FabricGateway] 	Generating contract map for user _RetailersMSP_User2
2026.08.11-09:19:21.112[32m info [39m [caliper] [connectors/v2/FabricGateway] 	Connecting user with identity _RetailersMSP_User3 to a Network Gateway
2026.08.11-09:19:21.145[32m info [39m [caliper] [connectors/v2/FabricGateway] 	Successfully connected user with identity _RetailersMSP_User2 to a Network Gateway
2026.08.11-09:19:21.145[32m info [39m [caliper] [connectors/v2/FabricGateway] 	Generating contract map for user _RetailersMSP_User2
2026.08.11-09:19:21.148[32m info [39m [caliper] [connectors/v2/FabricGateway] 	Connecting user with identity _RetailersMSP_User3 to a Network Gateway
2026.08.11-09:19:21.148[32m info [39m [caliper] [connectors/v2/FabricGateway] 	Successfully connected user with identity _RetailersMSP_User2 to a Network Gateway
2026.08.11-09:19:21.149[32m info [39m [caliper] [connectors/v2/FabricGateway] 	Generating contract map for user _RetailersMSP_User2
2026.08.11-09:19:21.152[32m info [39m [caliper] [connectors/v2/FabricGateway] 	Connecting user with identity _RetailersMSP_User3 to a Network Gateway
2026.08.11-09:19:21.192[32m info [39m [caliper] [connectors/v2/FabricGateway] 	Connecting user with identity _RetailersMSP_User3 to a Network Gateway
2026.08.11-09:19:21.197[32m info [39m [caliper] [connectors/v2/FabricGateway] 	Successfully connected user with identity _RetailersMSP_User3 to a Network Gateway
2026.08.11-09:19:21.197[32m info [39m [caliper] [connectors/v2/FabricGateway] 	Connecting user with identity _RetailersMSP_User3 to a Network Gateway
2026.08.11-09:19:21.197[32m info [39m [caliper] [connectors/v2/FabricGateway] 	Generating contract map for user _RetailersMSP_User3
2026.08.11-09:19:21.210[32m info [39m [caliper] [connectors/v2/FabricGateway] 	Successfully connected user with identity _RetailersMSP_User3 to a Network Gateway
2026.08.11-09:19:21.211[32m info [39m [caliper] [connectors/v2/FabricGateway] 	Generating contract map for user _RetailersMSP_User3
2026.08.11-09:19:21.219[32m info [39m [caliper] [connectors/v2/FabricGateway] 	Successfully connected user with identity _RetailersMSP_User3 to a Network Gateway
2026.08.11-09:19:21.220[32m info [39m [caliper] [connectors/v2/FabricGateway] 	Generating contract map for user _RetailersMSP_User3
2026.08.11-09:19:21.246[32m info [39m [caliper] [connectors/v2/FabricGateway] 	Connecting user with identity _RetailersMSP_User4 to a Network Gateway
2026.08.11-09:19:21.255[32m info [39m [caliper] [connectors/v2/FabricGateway] 	Connecting user with identity _RetailersMSP_User4 to a Network Gateway
2026.08.11-09:19:21.256[32m info [39m [caliper] [connectors/v2/FabricGateway] 	Successfully connected user with identity _RetailersMSP_User3 to a Network Gateway
2026.08.11-09:19:21.256[32m info [39m [caliper] [connectors/v2/FabricGateway] 	Generating contract map for user _RetailersMSP_User3
2026.08.11-09:19:21.265[32m info [39m [caliper] [connectors/v2/FabricGateway] 	Connecting user with identity _RetailersMSP_User4 to a Network Gateway
2026.08.11-09:19:21.266[32m info [39m [caliper] [connectors/v2/FabricGateway] 	Successfully connected user with identity _RetailersMSP_User3 to a Network Gateway
2026.08.11-09:19:21.266[32m info [39m [caliper] [connectors/v2/FabricGateway] 	Generating contract map for user _RetailersMSP_User3
2026.08.11-09:19:21.304[32m info [39m [caliper] [connectors/v2/FabricGateway] 	Connecting user with identity _RetailersMSP_User4 to a Network Gateway
2026.08.11-09:19:21.312[32m info [39m [caliper] [connectors/v2/FabricGateway] 	Successfully connected user with identity _RetailersMSP_User4 to a Network Gateway
2026.08.11-09:19:21.312[32m info [39m [caliper] [connectors/v2/FabricGateway] 	Connecting user with identity _RetailersMSP_User4 to a Network Gateway
2026.08.11-09:19:21.312[32m info [39m [caliper] [connectors/v2/FabricGateway] 	Generating contract map for user _RetailersMSP_User4
2026.08.11-09:19:21.325[32m info [39m [caliper] [connectors/v2/FabricGateway] 	Successfully connected user with identity _RetailersMSP_User4 to a Network Gateway
2026.08.11-09:19:21.325[32m info [39m [caliper] [connectors/v2/FabricGateway] 	Generating contract map for user _RetailersMSP_User4
2026.08.11-09:19:21.335[32m info [39m [caliper] [connectors/v2/FabricGateway] 	Successfully connected user with identity _RetailersMSP_User4 to a Network Gateway
2026.08.11-09:19:21.335[32m info [39m [caliper] [connectors/v2/FabricGateway] 	Generating contract map for user _RetailersMSP_User4
2026.08.11-09:19:21.360[32m info [39m [caliper] [connectors/v2/FabricGateway] 	Connecting user with identity _RetailersMSP_User5 to a Network Gateway
2026.08.11-09:19:21.375[32m info [39m [caliper] [connectors/v2/FabricGateway] 	Successfully connected user with identity _RetailersMSP_User4 to a Network Gateway
2026.08.11-09:19:21.375[32m info [39m [caliper] [connectors/v2/FabricGateway] 	Generating contract map for user _RetailersMSP_User4
2026.08.11-09:19:21.380[32m info [39m [caliper] [connectors/v2/FabricGateway] 	Successfully connected user with identity _RetailersMSP_User4 to a Network Gateway
2026.08.11-09:19:21.380[32m info [39m [caliper] [connectors/v2/FabricGateway] 	Generating contract map for user _RetailersMSP_User4
2026.08.11-09:19:21.381[32m info [39m [caliper] [connectors/v2/FabricGateway] 	Connecting user with identity _RetailersMSP_User5 to a Network Gateway
2026.08.11-09:19:21.387[32m info [39m [caliper] [connectors/v2/FabricGateway] 	Connecting user with identity _RetailersMSP_User5 to a Network Gateway
2026.08.11-09:19:21.427[32m info [39m [caliper] [connectors/v2/FabricGateway] 	Connecting user with identity _RetailersMSP_User5 to a Network Gateway
2026.08.11-09:19:21.428[32m info [39m [caliper] [connectors/v2/FabricGateway] 	Connecting user with identity _RetailersMSP_User5 to a Network Gateway
2026.08.11-09:19:21.431[32m info [39m [caliper] [connectors/v2/FabricGateway] 	Successfully connected user with identity _RetailersMSP_User5 to a Network Gateway
2026.08.11-09:19:21.431[32m info [39m [caliper] [connectors/v2/FabricGateway] 	Generating contract map for user _RetailersMSP_User5
2026.08.11-09:19:21.449[32m info [39m [caliper] [connectors/v2/FabricGateway] 	Successfully connected user with identity _RetailersMSP_User5 to a Network Gateway
2026.08.11-09:19:21.450[32m info [39m [caliper] [connectors/v2/FabricGateway] 	Generating contract map for user _RetailersMSP_User5
2026.08.11-09:19:21.457[32m info [39m [caliper] [connectors/v2/FabricGateway] 	Successfully connected user with identity _RetailersMSP_User5 to a Network Gateway
2026.08.11-09:19:21.457[32m info [39m [caliper] [connectors/v2/FabricGateway] 	Generating contract map for user _RetailersMSP_User5
2026.08.11-09:19:21.477[32m info [39m [caliper] [connectors/v2/FabricGateway] 	Connecting user with identity _ConsumersMSP_User0 to a Network Gateway
2026.08.11-09:19:21.492[32m info [39m [caliper] [connectors/v2/FabricGateway] 	Successfully connected user with identity _RetailersMSP_User5 to a Network Gateway
2026.08.11-09:19:21.492[32m info [39m [caliper] [connectors/v2/FabricGateway] 	Generating contract map for user _RetailersMSP_User5
2026.08.11-09:19:21.500[32m info [39m [caliper] [connectors/v2/FabricGateway] 	Connecting user with identity _ConsumersMSP_User0 to a Network Gateway
2026.08.11-09:19:21.505[32m info [39m [caliper] [connectors/v2/FabricGateway] 	Successfully connected user with identity _RetailersMSP_User5 to a Network Gateway
2026.08.11-09:19:21.505[32m info [39m [caliper] [connectors/v2/FabricGateway] 	Generating contract map for user _RetailersMSP_User5
2026.08.11-09:19:21.506[32m info [39m [caliper] [connectors/v2/FabricGateway] 	Connecting user with identity _ConsumersMSP_User0 to a Network Gateway
2026.08.11-09:19:21.540[32m info [39m [caliper] [connectors/v2/FabricGateway] 	Connecting user with identity _ConsumersMSP_User0 to a Network Gateway
2026.08.11-09:19:21.540[32m info [39m [caliper] [connectors/v2/FabricGateway] 	Successfully connected user with identity _ConsumersMSP_User0 to a Network Gateway
2026.08.11-09:19:21.540[32m info [39m [caliper] [connectors/v2/FabricGateway] 	Generating contract map for user _ConsumersMSP_User0
2026.08.11-09:19:21.550[32m info [39m [caliper] [connectors/v2/FabricGateway] 	Connecting user with identity _ConsumersMSP_User0 to a Network Gateway
2026.08.11-09:19:21.568[32m info [39m [caliper] [connectors/v2/FabricGateway] 	Successfully connected user with identity _ConsumersMSP_User0 to a Network Gateway
2026.08.11-09:19:21.569[32m info [39m [caliper] [connectors/v2/FabricGateway] 	Generating contract map for user _ConsumersMSP_User0
2026.08.11-09:19:21.574[32m info [39m [caliper] [connectors/v2/FabricGateway] 	Successfully connected user with identity _ConsumersMSP_User0 to a Network Gateway
2026.08.11-09:19:21.574[32m info [39m [caliper] [connectors/v2/FabricGateway] 	Generating contract map for user _ConsumersMSP_User0
2026.08.11-09:19:21.586[32m info [39m [caliper] [connectors/v2/FabricGateway] 	Connecting user with identity _ConsumersMSP_User1 to a Network Gateway
2026.08.11-09:19:21.607[32m info [39m [caliper] [connectors/v2/FabricGateway] 	Successfully connected user with identity _ConsumersMSP_User0 to a Network Gateway
2026.08.11-09:19:21.607[32m info [39m [caliper] [connectors/v2/FabricGateway] 	Generating contract map for user _ConsumersMSP_User0
2026.08.11-09:19:21.616[32m info [39m [caliper] [connectors/v2/FabricGateway] 	Successfully connected user with identity _ConsumersMSP_User0 to a Network Gateway
2026.08.11-09:19:21.616[32m info [39m [caliper] [connectors/v2/FabricGateway] 	Connecting user with identity _ConsumersMSP_User1 to a Network Gateway
2026.08.11-09:19:21.616[32m info [39m [caliper] [connectors/v2/FabricGateway] 	Generating contract map for user _ConsumersMSP_User0
2026.08.11-09:19:21.622[32m info [39m [caliper] [connectors/v2/FabricGateway] 	Connecting user with identity _ConsumersMSP_User1 to a Network Gateway
2026.08.11-09:19:21.656[32m info [39m [caliper] [connectors/v2/FabricGateway] 	Successfully connected user with identity _ConsumersMSP_User1 to a Network Gateway
2026.08.11-09:19:21.656[32m info [39m [caliper] [connectors/v2/FabricGateway] 	Generating contract map for user _ConsumersMSP_User1
2026.08.11-09:19:21.657[32m info [39m [caliper] [connectors/v2/FabricGateway] 	Connecting user with identity _ConsumersMSP_User1 to a Network Gateway
2026.08.11-09:19:21.665[32m info [39m [caliper] [connectors/v2/FabricGateway] 	Connecting user with identity _ConsumersMSP_User1 to a Network Gateway
2026.08.11-09:19:21.682[32m info [39m [caliper] [connectors/v2/FabricGateway] 	Successfully connected user with identity _ConsumersMSP_User1 to a Network Gateway
2026.08.11-09:19:21.683[32m info [39m [caliper] [connectors/v2/FabricGateway] 	Generating contract map for user _ConsumersMSP_User1
2026.08.11-09:19:21.695[32m info [39m [caliper] [connectors/v2/FabricGateway] 	Successfully connected user with identity _ConsumersMSP_User1 to a Network Gateway
2026.08.11-09:19:21.695[32m info [39m [caliper] [connectors/v2/FabricGateway] 	Generating contract map for user _ConsumersMSP_User1
2026.08.11-09:19:21.706[32m info [39m [caliper] [connectors/v2/FabricGateway] 	Connecting user with identity _ConsumersMSP_User2 to a Network Gateway
2026.08.11-09:19:21.730[32m info [39m [caliper] [connectors/v2/FabricGateway] 	Successfully connected user with identity _ConsumersMSP_User1 to a Network Gateway
2026.08.11-09:19:21.731[32m info [39m [caliper] [connectors/v2/FabricGateway] 	Generating contract map for user _ConsumersMSP_User1
2026.08.11-09:19:21.734[32m info [39m [caliper] [connectors/v2/FabricGateway] 	Successfully connected user with identity _ConsumersMSP_User1 to a Network Gateway
2026.08.11-09:19:21.734[32m info [39m [caliper] [connectors/v2/FabricGateway] 	Generating contract map for user _ConsumersMSP_User1
2026.08.11-09:19:21.737[32m info [39m [caliper] [connectors/v2/FabricGateway] 	Connecting user with identity _ConsumersMSP_User2 to a Network Gateway
2026.08.11-09:19:21.752[32m info [39m [caliper] [connectors/v2/FabricGateway] 	Connecting user with identity _ConsumersMSP_User2 to a Network Gateway
2026.08.11-09:19:21.780[32m info [39m [caliper] [connectors/v2/FabricGateway] 	Successfully connected user with identity _ConsumersMSP_User2 to a Network Gateway
2026.08.11-09:19:21.781[32m info [39m [caliper] [connectors/v2/FabricGateway] 	Generating contract map for user _ConsumersMSP_User2
2026.08.11-09:19:21.794[32m info [39m [caliper] [connectors/v2/FabricGateway] 	Connecting user with identity _ConsumersMSP_User2 to a Network Gateway
2026.08.11-09:19:21.795[32m info [39m [caliper] [connectors/v2/FabricGateway] 	Connecting user with identity _ConsumersMSP_User2 to a Network Gateway
2026.08.11-09:19:21.805[32m info [39m [caliper] [connectors/v2/FabricGateway] 	Successfully connected user with identity _ConsumersMSP_User2 to a Network Gateway
2026.08.11-09:19:21.806[32m info [39m [caliper] [connectors/v2/FabricGateway] 	Generating contract map for user _ConsumersMSP_User2
2026.08.11-09:19:21.819[32m info [39m [caliper] [connectors/v2/FabricGateway] 	Successfully connected user with identity _ConsumersMSP_User2 to a Network Gateway
2026.08.11-09:19:21.820[32m info [39m [caliper] [connectors/v2/FabricGateway] 	Generating contract map for user _ConsumersMSP_User2
2026.08.11-09:19:21.837[32m info [39m [caliper] [connectors/v2/FabricGateway] 	Connecting user with identity _ConsumersMSP_User3 to a Network Gateway
2026.08.11-09:19:21.856[32m info [39m [caliper] [connectors/v2/FabricGateway] 	Connecting user with identity _ConsumersMSP_User3 to a Network Gateway
2026.08.11-09:19:21.862[32m info [39m [caliper] [connectors/v2/FabricGateway] 	Successfully connected user with identity _ConsumersMSP_User2 to a Network Gateway
2026.08.11-09:19:21.862[32m info [39m [caliper] [connectors/v2/FabricGateway] 	Generating contract map for user _ConsumersMSP_User2
2026.08.11-09:19:21.868[32m info [39m [caliper] [connectors/v2/FabricGateway] 	Connecting user with identity _ConsumersMSP_User3 to a Network Gateway
2026.08.11-09:19:21.873[32m info [39m [caliper] [connectors/v2/FabricGateway] 	Successfully connected user with identity _ConsumersMSP_User2 to a Network Gateway
2026.08.11-09:19:21.874[32m info [39m [caliper] [connectors/v2/FabricGateway] 	Generating contract map for user _ConsumersMSP_User2
2026.08.11-09:19:21.905[32m info [39m [caliper] [connectors/v2/FabricGateway] 	Successfully connected user with identity _ConsumersMSP_User3 to a Network Gateway
2026.08.11-09:19:21.906[32m info [39m [caliper] [connectors/v2/FabricGateway] 	Generating contract map for user _ConsumersMSP_User3
2026.08.11-09:19:21.910[32m info [39m [caliper] [connectors/v2/FabricGateway] 	Connecting user with identity _ConsumersMSP_User3 to a Network Gateway
2026.08.11-09:19:21.919[32m info [39m [caliper] [connectors/v2/FabricGateway] 	Connecting user with identity _ConsumersMSP_User3 to a Network Gateway
2026.08.11-09:19:21.924[32m info [39m [caliper] [connectors/v2/FabricGateway] 	Successfully connected user with identity _ConsumersMSP_User3 to a Network Gateway
2026.08.11-09:19:21.925[32m info [39m [caliper] [connectors/v2/FabricGateway] 	Generating contract map for user _ConsumersMSP_User3
2026.08.11-09:19:21.938[32m info [39m [caliper] [connectors/v2/FabricGateway] 	Successfully connected user with identity _ConsumersMSP_User3 to a Network Gateway
2026.08.11-09:19:21.938[32m info [39m [caliper] [connectors/v2/FabricGateway] 	Generating contract map for user _ConsumersMSP_User3
2026.08.11-09:19:21.953[32m info [39m [caliper] [connectors/v2/FabricGateway] 	Connecting user with identity _ConsumersMSP_User4 to a Network Gateway
2026.08.11-09:19:21.977[32m info [39m [caliper] [connectors/v2/FabricGateway] 	Successfully connected user with identity _ConsumersMSP_User3 to a Network Gateway
2026.08.11-09:19:21.977[32m info [39m [caliper] [connectors/v2/FabricGateway] 	Generating contract map for user _ConsumersMSP_User3
2026.08.11-09:19:21.980[32m info [39m [caliper] [connectors/v2/FabricGateway] 	Connecting user with identity _ConsumersMSP_User4 to a Network Gateway
2026.08.11-09:19:21.988[32m info [39m [caliper] [connectors/v2/FabricGateway] 	Connecting user with identity _ConsumersMSP_User4 to a Network Gateway
2026.08.11-09:19:21.994[32m info [39m [caliper] [connectors/v2/FabricGateway] 	Successfully connected user with identity _ConsumersMSP_User3 to a Network Gateway
2026.08.11-09:19:21.994[32m info [39m [caliper] [connectors/v2/FabricGateway] 	Generating contract map for user _ConsumersMSP_User3
2026.08.11-09:19:22.029[32m info [39m [caliper] [connectors/v2/FabricGateway] 	Successfully connected user with identity _ConsumersMSP_User4 to a Network Gateway
2026.08.11-09:19:22.030[32m info [39m [caliper] [connectors/v2/FabricGateway] 	Generating contract map for user _ConsumersMSP_User4
2026.08.11-09:19:22.030[32m info [39m [caliper] [connectors/v2/FabricGateway] 	Connecting user with identity _ConsumersMSP_User4 to a Network Gateway
2026.08.11-09:19:22.046[32m info [39m [caliper] [connectors/v2/FabricGateway] 	Connecting user with identity _ConsumersMSP_User4 to a Network Gateway
2026.08.11-09:19:22.055[32m info [39m [caliper] [connectors/v2/FabricGateway] 	Successfully connected user with identity _ConsumersMSP_User4 to a Network Gateway
2026.08.11-09:19:22.056[32m info [39m [caliper] [connectors/v2/FabricGateway] 	Generating contract map for user _ConsumersMSP_User4
2026.08.11-09:19:22.064[32m info [39m [caliper] [connectors/v2/FabricGateway] 	Successfully connected user with identity _ConsumersMSP_User4 to a Network Gateway
2026.08.11-09:19:22.064[32m info [39m [caliper] [connectors/v2/FabricGateway] 	Generating contract map for user _ConsumersMSP_User4
2026.08.11-09:19:22.082[32m info [39m [caliper] [connectors/v2/FabricGateway] 	Connecting user with identity _ConsumersMSP_User5 to a Network Gateway
2026.08.11-09:19:22.105[32m info [39m [caliper] [connectors/v2/FabricGateway] 	Successfully connected user with identity _ConsumersMSP_User4 to a Network Gateway
2026.08.11-09:19:22.105[32m info [39m [caliper] [connectors/v2/FabricGateway] 	Generating contract map for user _ConsumersMSP_User4
2026.08.11-09:19:22.113[32m info [39m [caliper] [connectors/v2/FabricGateway] 	Connecting user with identity _ConsumersMSP_User5 to a Network Gateway
2026.08.11-09:19:22.118[32m info [39m [caliper] [connectors/v2/FabricGateway] 	Successfully connected user with identity _ConsumersMSP_User4 to a Network Gateway
2026.08.11-09:19:22.118[32m info [39m [caliper] [connectors/v2/FabricGateway] 	Generating contract map for user _ConsumersMSP_User4
2026.08.11-09:19:22.123[32m info [39m [caliper] [connectors/v2/FabricGateway] 	Connecting user with identity _ConsumersMSP_User5 to a Network Gateway
2026.08.11-09:19:22.152[32m info [39m [caliper] [connectors/v2/FabricGateway] 	Successfully connected user with identity _ConsumersMSP_User5 to a Network Gateway
2026.08.11-09:19:22.153[32m info [39m [caliper] [connectors/v2/FabricGateway] 	Generating contract map for user _ConsumersMSP_User5
2026.08.11-09:19:22.160[32m info [39m [caliper] [connectors/v2/FabricGateway] 	Connecting user with identity _ConsumersMSP_User5 to a Network Gateway
2026.08.11-09:19:22.168[32m info [39m [caliper] [connectors/v2/FabricGateway] 	Connecting user with identity _ConsumersMSP_User5 to a Network Gateway
2026.08.11-09:19:22.184[32m info [39m [caliper] [connectors/v2/FabricGateway] 	Successfully connected user with identity _ConsumersMSP_User5 to a Network Gateway
2026.08.11-09:19:22.184[32m info [39m [caliper] [connectors/v2/FabricGateway] 	Generating contract map for user _ConsumersMSP_User5
2026.08.11-09:19:22.194[32m info [39m [caliper] [connectors/v2/FabricGateway] 	Successfully connected user with identity _ConsumersMSP_User5 to a Network Gateway
2026.08.11-09:19:22.194[32m info [39m [caliper] [connectors/v2/FabricGateway] 	Generating contract map for user _ConsumersMSP_User5
2026.08.11-09:19:22.202[32m info [39m [caliper] [caliper-worker] 	Worker #2 starting workload loop
2026.08.11-09:19:22.226[32m info [39m [caliper] [connectors/v2/FabricGateway] 	Successfully connected user with identity _ConsumersMSP_User5 to a Network Gateway
2026.08.11-09:19:22.226[32m info [39m [caliper] [connectors/v2/FabricGateway] 	Generating contract map for user _ConsumersMSP_User5
2026.08.11-09:19:22.235[32m info [39m [caliper] [caliper-worker] 	Worker #1 starting workload loop
2026.08.11-09:19:22.237[32m info [39m [caliper] [connectors/v2/FabricGateway] 	Successfully connected user with identity _ConsumersMSP_User5 to a Network Gateway
2026.08.11-09:19:22.237[32m info [39m [caliper] [connectors/v2/FabricGateway] 	Generating contract map for user _ConsumersMSP_User5
2026.08.11-09:19:22.249[32m info [39m [caliper] [caliper-worker] 	Worker #0 starting workload loop
2026.08.11-09:19:22.286[32m info [39m [caliper] [caliper-worker] 	Worker #4 starting workload loop
2026.08.11-09:19:22.302[32m info [39m [caliper] [caliper-worker] 	Worker #3 starting workload loop
2026.08.11-09:19:23.552[32m info [39m [caliper] [default-observer] 	[farmerreviewbid_round1@300 Round 0 Transaction Info] - Submitted: 300 Succ: 300 Fail:0 Unfinished:0

📊 ===== FarmerReviewBid Worker 2 Summary =====
   ✅ Real Transactions   : 7
   🟡 Dummy Transactions  : 53
   ❌ Failed Transactions : 0
   📈 Total Submitted     : 60
   ⚖️ Dummy Ratio        : 88.33%
   📦 Total Payload       : 2.0996 KB
   📏 Avg Payload         : 35.83 bytes
   📐 Max Payload         : 36 bytes
   🧮 Payload Samples     : 60
2026.08.11-09:19:24.295[32m info [39m [caliper] [connectors/v2/FabricGateway] 	disconnecting gateway for user User0
2026.08.11-09:19:24.295[32m info [39m [caliper] [connectors/v2/FabricGateway] 	disconnecting gateway for user User1
2026.08.11-09:19:24.296[32m info [39m [caliper] [connectors/v2/FabricGateway] 	disconnecting gateway for user User2
2026.08.11-09:19:24.296[32m info [39m [caliper] [connectors/v2/FabricGateway] 	disconnecting gateway for user User3
2026.08.11-09:19:24.297[32m info [39m [caliper] [connectors/v2/FabricGateway] 	disconnecting gateway for user User4
2026.08.11-09:19:24.297[32m info [39m [caliper] [connectors/v2/FabricGateway] 	disconnecting gateway for user User5
2026.08.11-09:19:24.297[32m info [39m [caliper] [connectors/v2/FabricGateway] 	disconnecting gateway for user _AuctioncentersMSP_User0
2026.08.11-09:19:24.298[32m info [39m [caliper] [connectors/v2/FabricGateway] 	disconnecting gateway for user _AuctioncentersMSP_User1
2026.08.11-09:19:24.298[32m info [39m [caliper] [connectors/v2/FabricGateway] 	disconnecting gateway for user _AuctioncentersMSP_User2
2026.08.11-09:19:24.298[32m info [39m [caliper] [connectors/v2/FabricGateway] 	disconnecting gateway for user _AuctioncentersMSP_User3
2026.08.11-09:19:24.299[32m info [39m [caliper] [connectors/v2/FabricGateway] 	disconnecting gateway for user _AuctioncentersMSP_User4
2026.08.11-09:19:24.299[32m info [39m [caliper] [connectors/v2/FabricGateway] 	disconnecting gateway for user _AuctioncentersMSP_User5
2026.08.11-09:19:24.299[32m info [39m [caliper] [connectors/v2/FabricGateway] 	disconnecting gateway for user _WholesalersMSP_User0
2026.08.11-09:19:24.299[32m info [39m [caliper] [connectors/v2/FabricGateway] 	disconnecting gateway for user _WholesalersMSP_User1
2026.08.11-09:19:24.300[32m info [39m [caliper] [connectors/v2/FabricGateway] 	disconnecting gateway for user _WholesalersMSP_User2
2026.08.11-09:19:24.300[32m info [39m [caliper] [connectors/v2/FabricGateway] 	disconnecting gateway for user _WholesalersMSP_User3
2026.08.11-09:19:24.300[32m info [39m [caliper] [connectors/v2/FabricGateway] 	disconnecting gateway for user _WholesalersMSP_User4
2026.08.11-09:19:24.300[32m info [39m [caliper] [connectors/v2/FabricGateway] 	disconnecting gateway for user _WholesalersMSP_User5
2026.08.11-09:19:24.300[32m info [39m [caliper] [connectors/v2/FabricGateway] 	disconnecting gateway for user _RetailersMSP_User0
2026.08.11-09:19:24.301[32m info [39m [caliper] [connectors/v2/FabricGateway] 	disconnecting gateway for user _RetailersMSP_User1
2026.08.11-09:19:24.301[32m info [39m [caliper] [connectors/v2/FabricGateway] 	disconnecting gateway for user _RetailersMSP_User2
2026.08.11-09:19:24.301[32m info [39m [caliper] [connectors/v2/FabricGateway] 	disconnecting gateway for user _RetailersMSP_User3
2026.08.11-09:19:24.301[32m info [39m [caliper] [connectors/v2/FabricGateway] 	disconnecting gateway for user _RetailersMSP_User4
2026.08.11-09:19:24.301[32m info [39m [caliper] [connectors/v2/FabricGateway] 	disconnecting gateway for user _RetailersMSP_User5
2026.08.11-09:19:24.301[32m info [39m [caliper] [connectors/v2/FabricGateway] 	disconnecting gateway for user _ConsumersMSP_User0
2026.08.11-09:19:24.302[32m info [39m [caliper] [connectors/v2/FabricGateway] 	disconnecting gateway for user _ConsumersMSP_User1
2026.08.11-09:19:24.302[32m info [39m [caliper] [connectors/v2/FabricGateway] 	disconnecting gateway for user _ConsumersMSP_User2
2026.08.11-09:19:24.302[32m info [39m [caliper] [connectors/v2/FabricGateway] 	disconnecting gateway for user _ConsumersMSP_User3
2026.08.11-09:19:24.302[32m info [39m [caliper] [connectors/v2/FabricGateway] 	disconnecting gateway for user _ConsumersMSP_User4
2026.08.11-09:19:24.302[32m info [39m [caliper] [connectors/v2/FabricGateway] 	disconnecting gateway for user _ConsumersMSP_User5
2026.08.11-09:19:24.303[32m info [39m [caliper] [worker-message-handler] 	Worker#2 finished Round#0

📊 ===== FarmerReviewBid Worker 0 Summary =====
   ✅ Real Transactions   : 8
   🟡 Dummy Transactions  : 52
   ❌ Failed Transactions : 0
   📈 Total Submitted     : 60
   ⚖️ Dummy Ratio        : 86.67%
   📦 Total Payload       : 2.0977 KB
   📏 Avg Payload         : 35.80 bytes
   📐 Max Payload         : 36 bytes
   🧮 Payload Samples     : 60
2026.08.11-09:19:24.337[32m info [39m [caliper] [connectors/v2/FabricGateway] 	disconnecting gateway for user User0
2026.08.11-09:19:24.338[32m info [39m [caliper] [connectors/v2/FabricGateway] 	disconnecting gateway for user User1
2026.08.11-09:19:24.339[32m info [39m [caliper] [connectors/v2/FabricGateway] 	disconnecting gateway for user User2
2026.08.11-09:19:24.339[32m info [39m [caliper] [connectors/v2/FabricGateway] 	disconnecting gateway for user User3
2026.08.11-09:19:24.339[32m info [39m [caliper] [connectors/v2/FabricGateway] 	disconnecting gateway for user User4
2026.08.11-09:19:24.340[32m info [39m [caliper] [connectors/v2/FabricGateway] 	disconnecting gateway for user User5
2026.08.11-09:19:24.340[32m info [39m [caliper] [connectors/v2/FabricGateway] 	disconnecting gateway for user _AuctioncentersMSP_User0
2026.08.11-09:19:24.340[32m info [39m [caliper] [connectors/v2/FabricGateway] 	disconnecting gateway for user _AuctioncentersMSP_User1
2026.08.11-09:19:24.341[32m info [39m [caliper] [connectors/v2/FabricGateway] 	disconnecting gateway for user _AuctioncentersMSP_User2
2026.08.11-09:19:24.341[32m info [39m [caliper] [connectors/v2/FabricGateway] 	disconnecting gateway for user _AuctioncentersMSP_User3
2026.08.11-09:19:24.341[32m info [39m [caliper] [connectors/v2/FabricGateway] 	disconnecting gateway for user _AuctioncentersMSP_User4
2026.08.11-09:19:24.342[32m info [39m [caliper] [connectors/v2/FabricGateway] 	disconnecting gateway for user _AuctioncentersMSP_User5
2026.08.11-09:19:24.342[32m info [39m [caliper] [connectors/v2/FabricGateway] 	disconnecting gateway for user _WholesalersMSP_User0
2026.08.11-09:19:24.342[32m info [39m [caliper] [connectors/v2/FabricGateway] 	disconnecting gateway for user _WholesalersMSP_User1
2026.08.11-09:19:24.342[32m info [39m [caliper] [connectors/v2/FabricGateway] 	disconnecting gateway for user _WholesalersMSP_User2
2026.08.11-09:19:24.343[32m info [39m [caliper] [connectors/v2/FabricGateway] 	disconnecting gateway for user _WholesalersMSP_User3
2026.08.11-09:19:24.343[32m info [39m [caliper] [connectors/v2/FabricGateway] 	disconnecting gateway for user _WholesalersMSP_User4
2026.08.11-09:19:24.343[32m info [39m [caliper] [connectors/v2/FabricGateway] 	disconnecting gateway for user _WholesalersMSP_User5
2026.08.11-09:19:24.343[32m info [39m [caliper] [connectors/v2/FabricGateway] 	disconnecting gateway for user _RetailersMSP_User0
2026.08.11-09:19:24.343[32m info [39m [caliper] [connectors/v2/FabricGateway] 	disconnecting gateway for user _RetailersMSP_User1
2026.08.11-09:19:24.344[32m info [39m [caliper] [connectors/v2/FabricGateway] 	disconnecting gateway for user _RetailersMSP_User2
2026.08.11-09:19:24.344[32m info [39m [caliper] [connectors/v2/FabricGateway] 	disconnecting gateway for user _RetailersMSP_User3
2026.08.11-09:19:24.344[32m info [39m [caliper] [connectors/v2/FabricGateway] 	disconnecting gateway for user _RetailersMSP_User4
2026.08.11-09:19:24.344[32m info [39m [caliper] [connectors/v2/FabricGateway] 	disconnecting gateway for user _RetailersMSP_User5
2026.08.11-09:19:24.345[32m info [39m [caliper] [connectors/v2/FabricGateway] 	disconnecting gateway for user _ConsumersMSP_User0
2026.08.11-09:19:24.345[32m info [39m [caliper] [connectors/v2/FabricGateway] 	disconnecting gateway for user _ConsumersMSP_User1
2026.08.11-09:19:24.345[32m info [39m [caliper] [connectors/v2/FabricGateway] 	disconnecting gateway for user _ConsumersMSP_User2
2026.08.11-09:19:24.345[32m info [39m [caliper] [connectors/v2/FabricGateway] 	disconnecting gateway for user _ConsumersMSP_User3
2026.08.11-09:19:24.345[32m info [39m [caliper] [connectors/v2/FabricGateway] 	disconnecting gateway for user _ConsumersMSP_User4
2026.08.11-09:19:24.346[32m info [39m [caliper] [connectors/v2/FabricGateway] 	disconnecting gateway for user _ConsumersMSP_User5
2026.08.11-09:19:24.346[32m info [39m [caliper] [worker-message-handler] 	Worker#0 finished Round#0

📊 ===== FarmerReviewBid Worker 4 Summary =====
   ✅ Real Transactions   : 7
   🟡 Dummy Transactions  : 53
   ❌ Failed Transactions : 0
   📈 Total Submitted     : 60
   ⚖️ Dummy Ratio        : 88.33%
   📦 Total Payload       : 2.0996 KB
   📏 Avg Payload         : 35.83 bytes
   📐 Max Payload         : 36 bytes
   🧮 Payload Samples     : 60
2026.08.11-09:19:24.375[32m info [39m [caliper] [connectors/v2/FabricGateway] 	disconnecting gateway for user User0
2026.08.11-09:19:24.375[32m info [39m [caliper] [connectors/v2/FabricGateway] 	disconnecting gateway for user User1
2026.08.11-09:19:24.376[32m info [39m [caliper] [connectors/v2/FabricGateway] 	disconnecting gateway for user User2
2026.08.11-09:19:24.376[32m info [39m [caliper] [connectors/v2/FabricGateway] 	disconnecting gateway for user User3
2026.08.11-09:19:24.377[32m info [39m [caliper] [connectors/v2/FabricGateway] 	disconnecting gateway for user User4
2026.08.11-09:19:24.377[32m info [39m [caliper] [connectors/v2/FabricGateway] 	disconnecting gateway for user User5
2026.08.11-09:19:24.377[32m info [39m [caliper] [connectors/v2/FabricGateway] 	disconnecting gateway for user _AuctioncentersMSP_User0
2026.08.11-09:19:24.378[32m info [39m [caliper] [connectors/v2/FabricGateway] 	disconnecting gateway for user _AuctioncentersMSP_User1
2026.08.11-09:19:24.378[32m info [39m [caliper] [connectors/v2/FabricGateway] 	disconnecting gateway for user _AuctioncentersMSP_User2
2026.08.11-09:19:24.378[32m info [39m [caliper] [connectors/v2/FabricGateway] 	disconnecting gateway for user _AuctioncentersMSP_User3
2026.08.11-09:19:24.379[32m info [39m [caliper] [connectors/v2/FabricGateway] 	disconnecting gateway for user _AuctioncentersMSP_User4
2026.08.11-09:19:24.379[32m info [39m [caliper] [connectors/v2/FabricGateway] 	disconnecting gateway for user _AuctioncentersMSP_User5
2026.08.11-09:19:24.379[32m info [39m [caliper] [connectors/v2/FabricGateway] 	disconnecting gateway for user _WholesalersMSP_User0
2026.08.11-09:19:24.379[32m info [39m [caliper] [connectors/v2/FabricGateway] 	disconnecting gateway for user _WholesalersMSP_User1
2026.08.11-09:19:24.380[32m info [39m [caliper] [connectors/v2/FabricGateway] 	disconnecting gateway for user _WholesalersMSP_User2
2026.08.11-09:19:24.380[32m info [39m [caliper] [connectors/v2/FabricGateway] 	disconnecting gateway for user _WholesalersMSP_User3
2026.08.11-09:19:24.380[32m info [39m [caliper] [connectors/v2/FabricGateway] 	disconnecting gateway for user _WholesalersMSP_User4
2026.08.11-09:19:24.380[32m info [39m [caliper] [connectors/v2/FabricGateway] 	disconnecting gateway for user _WholesalersMSP_User5
2026.08.11-09:19:24.380[32m info [39m [caliper] [connectors/v2/FabricGateway] 	disconnecting gateway for user _RetailersMSP_User0
2026.08.11-09:19:24.381[32m info [39m [caliper] [connectors/v2/FabricGateway] 	disconnecting gateway for user _RetailersMSP_User1
2026.08.11-09:19:24.381[32m info [39m [caliper] [connectors/v2/FabricGateway] 	disconnecting gateway for user _RetailersMSP_User2
2026.08.11-09:19:24.381[32m info [39m [caliper] [connectors/v2/FabricGateway] 	disconnecting gateway for user _RetailersMSP_User3
2026.08.11-09:19:24.381[32m info [39m [caliper] [connectors/v2/FabricGateway] 	disconnecting gateway for user _RetailersMSP_User4
2026.08.11-09:19:24.381[32m info [39m [caliper] [connectors/v2/FabricGateway] 	disconnecting gateway for user _RetailersMSP_User5
2026.08.11-09:19:24.382[32m info [39m [caliper] [connectors/v2/FabricGateway] 	disconnecting gateway for user _ConsumersMSP_User0
2026.08.11-09:19:24.382[32m info [39m [caliper] [connectors/v2/FabricGateway] 	disconnecting gateway for user _ConsumersMSP_User1
2026.08.11-09:19:24.382[32m info [39m [caliper] [connectors/v2/FabricGateway] 	disconnecting gateway for user _ConsumersMSP_User2
2026.08.11-09:19:24.382[32m info [39m [caliper] [connectors/v2/FabricGateway] 	disconnecting gateway for user _ConsumersMSP_User3
2026.08.11-09:19:24.383[32m info [39m [caliper] [connectors/v2/FabricGateway] 	disconnecting gateway for user _ConsumersMSP_User4
2026.08.11-09:19:24.383[32m info [39m [caliper] [connectors/v2/FabricGateway] 	disconnecting gateway for user _ConsumersMSP_User5
2026.08.11-09:19:24.383[32m info [39m [caliper] [worker-message-handler] 	Worker#4 finished Round#0

📊 ===== FarmerReviewBid Worker 3 Summary =====
   ✅ Real Transactions   : 7
   🟡 Dummy Transactions  : 53
   ❌ Failed Transactions : 0
   📈 Total Submitted     : 60
   ⚖️ Dummy Ratio        : 88.33%
   📦 Total Payload       : 2.0996 KB
   📏 Avg Payload         : 35.83 bytes
   📐 Max Payload         : 36 bytes
   🧮 Payload Samples     : 60
2026.08.11-09:19:24.390[32m info [39m [caliper] [connectors/v2/FabricGateway] 	disconnecting gateway for user User0
2026.08.11-09:19:24.391[32m info [39m [caliper] [connectors/v2/FabricGateway] 	disconnecting gateway for user User1
2026.08.11-09:19:24.392[32m info [39m [caliper] [connectors/v2/FabricGateway] 	disconnecting gateway for user User2
2026.08.11-09:19:24.393[32m info [39m [caliper] [connectors/v2/FabricGateway] 	disconnecting gateway for user User3
2026.08.11-09:19:24.394[32m info [39m [caliper] [connectors/v2/FabricGateway] 	disconnecting gateway for user User4
2026.08.11-09:19:24.395[32m info [39m [caliper] [connectors/v2/FabricGateway] 	disconnecting gateway for user User5
2026.08.11-09:19:24.396[32m info [39m [caliper] [connectors/v2/FabricGateway] 	disconnecting gateway for user _AuctioncentersMSP_User0
2026.08.11-09:19:24.396[32m info [39m [caliper] [connectors/v2/FabricGateway] 	disconnecting gateway for user _AuctioncentersMSP_User1
2026.08.11-09:19:24.397[32m info [39m [caliper] [connectors/v2/FabricGateway] 	disconnecting gateway for user _AuctioncentersMSP_User2
2026.08.11-09:19:24.397[32m info [39m [caliper] [connectors/v2/FabricGateway] 	disconnecting gateway for user _AuctioncentersMSP_User3
2026.08.11-09:19:24.397[32m info [39m [caliper] [connectors/v2/FabricGateway] 	disconnecting gateway for user _AuctioncentersMSP_User4
2026.08.11-09:19:24.397[32m info [39m [caliper] [connectors/v2/FabricGateway] 	disconnecting gateway for user _AuctioncentersMSP_User5
2026.08.11-09:19:24.399[32m info [39m [caliper] [connectors/v2/FabricGateway] 	disconnecting gateway for user _WholesalersMSP_User0
2026.08.11-09:19:24.399[32m info [39m [caliper] [connectors/v2/FabricGateway] 	disconnecting gateway for user _WholesalersMSP_User1
2026.08.11-09:19:24.400[32m info [39m [caliper] [connectors/v2/FabricGateway] 	disconnecting gateway for user _WholesalersMSP_User2
2026.08.11-09:19:24.400[32m info [39m [caliper] [connectors/v2/FabricGateway] 	disconnecting gateway for user _WholesalersMSP_User3
2026.08.11-09:19:24.401[32m info [39m [caliper] [connectors/v2/FabricGateway] 	disconnecting gateway for user _WholesalersMSP_User4
2026.08.11-09:19:24.402[32m info [39m [caliper] [connectors/v2/FabricGateway] 	disconnecting gateway for user _WholesalersMSP_User5
2026.08.11-09:19:24.402[32m info [39m [caliper] [connectors/v2/FabricGateway] 	disconnecting gateway for user _RetailersMSP_User0
2026.08.11-09:19:24.403[32m info [39m [caliper] [connectors/v2/FabricGateway] 	disconnecting gateway for user _RetailersMSP_User1
2026.08.11-09:19:24.404[32m info [39m [caliper] [connectors/v2/FabricGateway] 	disconnecting gateway for user _RetailersMSP_User2
2026.08.11-09:19:24.404[32m info [39m [caliper] [connectors/v2/FabricGateway] 	disconnecting gateway for user _RetailersMSP_User3
2026.08.11-09:19:24.404[32m info [39m [caliper] [connectors/v2/FabricGateway] 	disconnecting gateway for user _RetailersMSP_User4
2026.08.11-09:19:24.405[32m info [39m [caliper] [connectors/v2/FabricGateway] 	disconnecting gateway for user _RetailersMSP_User5
2026.08.11-09:19:24.405[32m info [39m [caliper] [connectors/v2/FabricGateway] 	disconnecting gateway for user _ConsumersMSP_User0
2026.08.11-09:19:24.406[32m info [39m [caliper] [connectors/v2/FabricGateway] 	disconnecting gateway for user _ConsumersMSP_User1
2026.08.11-09:19:24.406[32m info [39m [caliper] [connectors/v2/FabricGateway] 	disconnecting gateway for user _ConsumersMSP_User2
2026.08.11-09:19:24.407[32m info [39m [caliper] [connectors/v2/FabricGateway] 	disconnecting gateway for user _ConsumersMSP_User3
2026.08.11-09:19:24.407[32m info [39m [caliper] [connectors/v2/FabricGateway] 	disconnecting gateway for user _ConsumersMSP_User4
2026.08.11-09:19:24.407[32m info [39m [caliper] [connectors/v2/FabricGateway] 	disconnecting gateway for user _ConsumersMSP_User5
2026.08.11-09:19:24.408[32m info [39m [caliper] [worker-message-handler] 	Worker#3 finished Round#0

📊 ===== FarmerReviewBid Worker 1 Summary =====
   ✅ Real Transactions   : 7
   🟡 Dummy Transactions  : 53
   ❌ Failed Transactions : 0
   📈 Total Submitted     : 60
   ⚖️ Dummy Ratio        : 88.33%
   📦 Total Payload       : 2.0996 KB
   📏 Avg Payload         : 35.83 bytes
   📐 Max Payload         : 36 bytes
   🧮 Payload Samples     : 60
2026.08.11-09:19:24.422[32m info [39m [caliper] [connectors/v2/FabricGateway] 	disconnecting gateway for user User0
2026.08.11-09:19:24.422[32m info [39m [caliper] [connectors/v2/FabricGateway] 	disconnecting gateway for user User1
2026.08.11-09:19:24.425[32m info [39m [caliper] [connectors/v2/FabricGateway] 	disconnecting gateway for user User2
2026.08.11-09:19:24.426[32m info [39m [caliper] [connectors/v2/FabricGateway] 	disconnecting gateway for user User3
2026.08.11-09:19:24.427[32m info [39m [caliper] [connectors/v2/FabricGateway] 	disconnecting gateway for user User4
2026.08.11-09:19:24.429[32m info [39m [caliper] [connectors/v2/FabricGateway] 	disconnecting gateway for user User5
2026.08.11-09:19:24.429[32m info [39m [caliper] [connectors/v2/FabricGateway] 	disconnecting gateway for user _AuctioncentersMSP_User0
2026.08.11-09:19:24.430[32m info [39m [caliper] [connectors/v2/FabricGateway] 	disconnecting gateway for user _AuctioncentersMSP_User1
2026.08.11-09:19:24.431[32m info [39m [caliper] [connectors/v2/FabricGateway] 	disconnecting gateway for user _AuctioncentersMSP_User2
2026.08.11-09:19:24.431[32m info [39m [caliper] [connectors/v2/FabricGateway] 	disconnecting gateway for user _AuctioncentersMSP_User3
2026.08.11-09:19:24.431[32m info [39m [caliper] [connectors/v2/FabricGateway] 	disconnecting gateway for user _AuctioncentersMSP_User4
2026.08.11-09:19:24.432[32m info [39m [caliper] [connectors/v2/FabricGateway] 	disconnecting gateway for user _AuctioncentersMSP_User5
2026.08.11-09:19:24.432[32m info [39m [caliper] [connectors/v2/FabricGateway] 	disconnecting gateway for user _WholesalersMSP_User0
2026.08.11-09:19:24.433[32m info [39m [caliper] [connectors/v2/FabricGateway] 	disconnecting gateway for user _WholesalersMSP_User1
2026.08.11-09:19:24.433[32m info [39m [caliper] [connectors/v2/FabricGateway] 	disconnecting gateway for user _WholesalersMSP_User2
2026.08.11-09:19:24.433[32m info [39m [caliper] [connectors/v2/FabricGateway] 	disconnecting gateway for user _WholesalersMSP_User3
2026.08.11-09:19:24.434[32m info [39m [caliper] [connectors/v2/FabricGateway] 	disconnecting gateway for user _WholesalersMSP_User4
2026.08.11-09:19:24.434[32m info [39m [caliper] [connectors/v2/FabricGateway] 	disconnecting gateway for user _WholesalersMSP_User5
2026.08.11-09:19:24.434[32m info [39m [caliper] [connectors/v2/FabricGateway] 	disconnecting gateway for user _RetailersMSP_User0
2026.08.11-09:19:24.435[32m info [39m [caliper] [connectors/v2/FabricGateway] 	disconnecting gateway for user _RetailersMSP_User1
2026.08.11-09:19:24.435[32m info [39m [caliper] [connectors/v2/FabricGateway] 	disconnecting gateway for user _RetailersMSP_User2
2026.08.11-09:19:24.436[32m info [39m [caliper] [connectors/v2/FabricGateway] 	disconnecting gateway for user _RetailersMSP_User3
2026.08.11-09:19:24.436[32m info [39m [caliper] [connectors/v2/FabricGateway] 	disconnecting gateway for user _RetailersMSP_User4
2026.08.11-09:19:24.436[32m info [39m [caliper] [connectors/v2/FabricGateway] 	disconnecting gateway for user _RetailersMSP_User5
2026.08.11-09:19:24.436[32m info [39m [caliper] [connectors/v2/FabricGateway] 	disconnecting gateway for user _ConsumersMSP_User0
2026.08.11-09:19:24.437[32m info [39m [caliper] [connectors/v2/FabricGateway] 	disconnecting gateway for user _ConsumersMSP_User1
2026.08.11-09:19:24.437[32m info [39m [caliper] [connectors/v2/FabricGateway] 	disconnecting gateway for user _ConsumersMSP_User2
2026.08.11-09:19:24.437[32m info [39m [caliper] [connectors/v2/FabricGateway] 	disconnecting gateway for user _ConsumersMSP_User3
2026.08.11-09:19:24.438[32m info [39m [caliper] [connectors/v2/FabricGateway] 	disconnecting gateway for user _ConsumersMSP_User4
2026.08.11-09:19:24.438[32m info [39m [caliper] [connectors/v2/FabricGateway] 	disconnecting gateway for user _ConsumersMSP_User5
2026.08.11-09:19:24.438[32m info [39m [caliper] [worker-message-handler] 	Worker#1 finished Round#0
2026.08.11-09:19:29.441[32m info [39m [caliper] [default-observer] 	Resetting txCount indicator count
2026.08.11-09:19:29.442[32m info [39m [caliper] [report-builder] 	### Test result ###
2026.08.11-09:19:29.446[32m info [39m [caliper] [report-builder] 	
+----------------------------+------+------+-----------------+-----------------+-----------------+-----------------+------------------+
| Name                       | Succ | Fail | Send Rate (TPS) | Max Latency (s) | Min Latency (s) | Avg Latency (s) | Throughput (TPS) |
|----------------------------|------|------|-----------------|-----------------|-----------------|-----------------|------------------|
| farmerreviewbid_round1@300 | 300  | 0    | 277.8           | 0.22            | 0.04            | 0.10            | 266.7            |
+----------------------------+------+------+-----------------+-----------------+-----------------+-----------------+------------------+

2026.08.11-09:19:29.446[32m info [39m [caliper] [round-orchestrator] 	Finished round 1 (farmerreviewbid_round1@300) in 1.22 seconds
2026.08.11-09:19:29.446[32m info [39m [caliper] [monitor.js] 	Stopping all monitors
2026.08.11-09:19:29.446[32m info [39m [caliper] [report-builder] 	### All test results ###
2026.08.11-09:19:29.447[32m info [39m [caliper] [report-builder] 	
+----------------------------+------+------+-----------------+-----------------+-----------------+-----------------+------------------+
| Name                       | Succ | Fail | Send Rate (TPS) | Max Latency (s) | Min Latency (s) | Avg Latency (s) | Throughput (TPS) |
|----------------------------|------|------|-----------------|-----------------|-----------------|-----------------|------------------|
| farmerreviewbid_round1@300 | 300  | 0    | 277.8           | 0.22            | 0.04            | 0.10            | 266.7            |
+----------------------------+------+------+-----------------+-----------------+-----------------+-----------------+------------------+

2026.08.11-09:19:29.453[32m info [39m [caliper] [report-builder] 	Generated report with path /home/dhanish/fabric_sfc/caliper-bench/report.html
2026.08.11-09:19:29.453[32m info [39m [caliper] [monitor.js] 	Stopping all monitors
2026.08.11-09:19:29.453[32m info [39m [caliper] [worker-orchestrator] 	Sending exit message to connected workers
2026.08.11-09:19:29.454[32m info [39m [caliper] [round-orchestrator] 	Benchmark finished in 15.655 seconds. Total rounds: 1. Successful rounds: 1. Failed rounds: 0.
2026.08.11-09:19:29.454[32m info [39m [caliper] [caliper-engine] 	Network configuration attribute "caliper.command.end" is not present, skipping end command
2026.08.11-09:19:29.454[32m info [39m [caliper] [cli-launch-manager] 	Benchmark successfully finished!
2026.08.11-09:19:29.454[32m info [39m [caliper] [worker-message-handler] 	Worker#2 is exiting
2026.08.11-09:19:29.454[32m info [39m [caliper] [worker-message-handler] 	Worker#0 is exiting
2026.08.11-09:19:29.454[32m info [39m [caliper] [worker-message-handler] 	Worker#4 is exiting
2026.08.11-09:19:29.454[32m info [39m [caliper] [worker-message-handler] 	Worker#1 is exiting
2026.08.11-09:19:29.454[32m info [39m [caliper] [worker-message-handler] 	Worker#3 is exiting
