2026.08.11-09:16:39.511[32m info [39m [caliper] [cli-launch-manager] 	Set workspace path: /home/dhanish/fabric_sfc/caliper-bench
2026.08.11-09:16:39.512[32m info [39m [caliper] [cli-launch-manager] 	Set benchmark configuration path: /home/dhanish/fabric_sfc/caliper-bench/benchmarks/benchmark-openauction-agro1008-supply-300.yaml
2026.08.11-09:16:39.512[32m info [39m [caliper] [cli-launch-manager] 	Set network configuration path: /home/dhanish/fabric_sfc/caliper-bench/generated/caliper-network-agro1008-supply.yaml
2026.08.11-09:16:39.512[32m info [39m [caliper] [cli-launch-manager] 	Set SUT type: fabric
2026.08.11-09:16:39.530[32m info [39m [caliper] [benchmark-validator] 	No observer specified, will default to `none`
2026.08.11-09:16:39.530[32m info [39m [caliper] [caliper-engine] 	Starting benchmark flow
2026.08.11-09:16:39.530[32m info [39m [caliper] [caliper-engine] 	Network configuration attribute "caliper.command.start" is not present, skipping start command
2026.08.11-09:16:39.925[32m info [39m [caliper] [FabricConnectorFactory] 	Initializing gateway connector compatible with installed SDK: 2.2.20
2026.08.11-09:16:39.933[32m info [39m [caliper] [IdentityManager] 	Adding User0 (admin=true) as User0 for organization FarmersMSP
2026.08.11-09:16:39.940[32m info [39m [caliper] [IdentityManager] 	Adding User1 (admin=false) as User1 for organization FarmersMSP
2026.08.11-09:16:39.941[32m info [39m [caliper] [IdentityManager] 	Adding User2 (admin=false) as User2 for organization FarmersMSP
2026.08.11-09:16:39.941[32m info [39m [caliper] [IdentityManager] 	Adding User3 (admin=false) as User3 for organization FarmersMSP
2026.08.11-09:16:39.942[32m info [39m [caliper] [IdentityManager] 	Adding User4 (admin=false) as User4 for organization FarmersMSP
2026.08.11-09:16:39.943[32m info [39m [caliper] [IdentityManager] 	Adding User5 (admin=false) as User5 for organization FarmersMSP
2026.08.11-09:16:39.944[32m info [39m [caliper] [IdentityManager] 	Adding User0 (admin=true) as _AuctioncentersMSP_User0 for organization AuctioncentersMSP
2026.08.11-09:16:39.944[32m info [39m [caliper] [IdentityManager] 	Adding User1 (admin=false) as _AuctioncentersMSP_User1 for organization AuctioncentersMSP
2026.08.11-09:16:39.945[32m info [39m [caliper] [IdentityManager] 	Adding User2 (admin=false) as _AuctioncentersMSP_User2 for organization AuctioncentersMSP
2026.08.11-09:16:39.945[32m info [39m [caliper] [IdentityManager] 	Adding User3 (admin=false) as _AuctioncentersMSP_User3 for organization AuctioncentersMSP
2026.08.11-09:16:39.946[32m info [39m [caliper] [IdentityManager] 	Adding User4 (admin=false) as _AuctioncentersMSP_User4 for organization AuctioncentersMSP
2026.08.11-09:16:39.946[32m info [39m [caliper] [IdentityManager] 	Adding User5 (admin=false) as _AuctioncentersMSP_User5 for organization AuctioncentersMSP
2026.08.11-09:16:39.947[32m info [39m [caliper] [IdentityManager] 	Adding User0 (admin=true) as _WholesalersMSP_User0 for organization WholesalersMSP
2026.08.11-09:16:39.947[32m info [39m [caliper] [IdentityManager] 	Adding User1 (admin=false) as _WholesalersMSP_User1 for organization WholesalersMSP
2026.08.11-09:16:39.948[32m info [39m [caliper] [IdentityManager] 	Adding User2 (admin=false) as _WholesalersMSP_User2 for organization WholesalersMSP
2026.08.11-09:16:39.948[32m info [39m [caliper] [IdentityManager] 	Adding User3 (admin=false) as _WholesalersMSP_User3 for organization WholesalersMSP
2026.08.11-09:16:39.949[32m info [39m [caliper] [IdentityManager] 	Adding User4 (admin=false) as _WholesalersMSP_User4 for organization WholesalersMSP
2026.08.11-09:16:39.949[32m info [39m [caliper] [IdentityManager] 	Adding User5 (admin=false) as _WholesalersMSP_User5 for organization WholesalersMSP
2026.08.11-09:16:39.950[32m info [39m [caliper] [IdentityManager] 	Adding User0 (admin=true) as _RetailersMSP_User0 for organization RetailersMSP
2026.08.11-09:16:39.950[32m info [39m [caliper] [IdentityManager] 	Adding User1 (admin=false) as _RetailersMSP_User1 for organization RetailersMSP
2026.08.11-09:16:39.951[32m info [39m [caliper] [IdentityManager] 	Adding User2 (admin=false) as _RetailersMSP_User2 for organization RetailersMSP
2026.08.11-09:16:39.951[32m info [39m [caliper] [IdentityManager] 	Adding User3 (admin=false) as _RetailersMSP_User3 for organization RetailersMSP
2026.08.11-09:16:39.951[32m info [39m [caliper] [IdentityManager] 	Adding User4 (admin=false) as _RetailersMSP_User4 for organization RetailersMSP
2026.08.11-09:16:39.952[32m info [39m [caliper] [IdentityManager] 	Adding User5 (admin=false) as _RetailersMSP_User5 for organization RetailersMSP
2026.08.11-09:16:39.952[32m info [39m [caliper] [IdentityManager] 	Adding User0 (admin=true) as _ConsumersMSP_User0 for organization ConsumersMSP
2026.08.11-09:16:39.953[32m info [39m [caliper] [IdentityManager] 	Adding User1 (admin=false) as _ConsumersMSP_User1 for organization ConsumersMSP
2026.08.11-09:16:39.953[32m info [39m [caliper] [IdentityManager] 	Adding User2 (admin=false) as _ConsumersMSP_User2 for organization ConsumersMSP
2026.08.11-09:16:39.954[32m info [39m [caliper] [IdentityManager] 	Adding User3 (admin=false) as _ConsumersMSP_User3 for organization ConsumersMSP
2026.08.11-09:16:39.954[32m info [39m [caliper] [IdentityManager] 	Adding User4 (admin=false) as _ConsumersMSP_User4 for organization ConsumersMSP
2026.08.11-09:16:39.954[32m info [39m [caliper] [IdentityManager] 	Adding User5 (admin=false) as _ConsumersMSP_User5 for organization ConsumersMSP
2026.08.11-09:16:39.956[32m info [39m [caliper] [connectors/v2/FabricGateway] 	Fabric SDK version: 2.2.20; TLS based on FarmersMSP: server
2026.08.11-09:16:39.957[32m info [39m [caliper] [caliper-engine] 	Executed "init" step in 0.002 seconds
2026.08.11-09:16:39.957[33m warn [39m [caliper] [connectors/v2/FabricGateway] 	Install smart contract not available with Fabric SDK version: 2.2.20
2026.08.11-09:16:39.957[32m info [39m [caliper] [caliper-engine] 	Executed "install" step in 0 seconds
2026.08.11-09:16:39.958[32m info [39m [caliper] [monitor.js] 	No resource monitors specified
2026.08.11-09:16:39.959[32m info [39m [caliper] [default-observer] 	Observer interval set to 5000 milliseconds
2026.08.11-09:16:39.962[32m info [39m [caliper] [round-orchestrator] 	Preparing worker connections
2026.08.11-09:16:39.962[32m info [39m [caliper] [worker-orchestrator] 	Launching worker 1 of 5
2026.08.11-09:16:39.967[32m info [39m [caliper] [worker-orchestrator] 	Launching worker 2 of 5
2026.08.11-09:16:39.969[32m info [39m [caliper] [worker-orchestrator] 	Launching worker 3 of 5
2026.08.11-09:16:39.970[32m info [39m [caliper] [worker-orchestrator] 	Launching worker 4 of 5
2026.08.11-09:16:39.972[32m info [39m [caliper] [worker-orchestrator] 	Launching worker 5 of 5
2026.08.11-09:16:39.973[32m info [39m [caliper] [worker-orchestrator] 	Messenger not configured, entering configure phase...
2026.08.11-09:16:39.974[32m info [39m [caliper] [worker-orchestrator] 	No existing workers detected, entering worker launch phase...
2026.08.11-09:16:39.975[32m info [39m [caliper] [worker-orchestrator] 	Waiting for 5 workers to be connected...
2026.08.11-09:16:40.278[32m info [39m [caliper] [cli-launch-worker] 	Set workspace path: /home/dhanish/fabric_sfc/caliper-bench
2026.08.11-09:16:40.279[32m info [39m [caliper] [cli-launch-worker] 	Set benchmark configuration path: /home/dhanish/fabric_sfc/caliper-bench/benchmarks/benchmark-openauction-agro1008-supply-300.yaml
2026.08.11-09:16:40.279[32m info [39m [caliper] [cli-launch-worker] 	Set network configuration path: /home/dhanish/fabric_sfc/caliper-bench/generated/caliper-network-agro1008-supply.yaml
2026.08.11-09:16:40.279[32m info [39m [caliper] [cli-launch-worker] 	Set SUT type: fabric
2026.08.11-09:16:40.283[32m info [39m [caliper] [cli-launch-worker] 	Set workspace path: /home/dhanish/fabric_sfc/caliper-bench
2026.08.11-09:16:40.285[32m info [39m [caliper] [cli-launch-worker] 	Set benchmark configuration path: /home/dhanish/fabric_sfc/caliper-bench/benchmarks/benchmark-openauction-agro1008-supply-300.yaml
2026.08.11-09:16:40.286[32m info [39m [caliper] [cli-launch-worker] 	Set network configuration path: /home/dhanish/fabric_sfc/caliper-bench/generated/caliper-network-agro1008-supply.yaml
2026.08.11-09:16:40.286[32m info [39m [caliper] [cli-launch-worker] 	Set SUT type: fabric
2026.08.11-09:16:40.298[32m info [39m [caliper] [cli-launch-worker] 	Set workspace path: /home/dhanish/fabric_sfc/caliper-bench
2026.08.11-09:16:40.299[32m info [39m [caliper] [cli-launch-worker] 	Set benchmark configuration path: /home/dhanish/fabric_sfc/caliper-bench/benchmarks/benchmark-openauction-agro1008-supply-300.yaml
2026.08.11-09:16:40.299[32m info [39m [caliper] [cli-launch-worker] 	Set network configuration path: /home/dhanish/fabric_sfc/caliper-bench/generated/caliper-network-agro1008-supply.yaml
2026.08.11-09:16:40.300[32m info [39m [caliper] [cli-launch-worker] 	Set SUT type: fabric
2026.08.11-09:16:40.300[32m info [39m [caliper] [cli-launch-worker] 	Set workspace path: /home/dhanish/fabric_sfc/caliper-bench
2026.08.11-09:16:40.302[32m info [39m [caliper] [cli-launch-worker] 	Set benchmark configuration path: /home/dhanish/fabric_sfc/caliper-bench/benchmarks/benchmark-openauction-agro1008-supply-300.yaml
2026.08.11-09:16:40.302[32m info [39m [caliper] [cli-launch-worker] 	Set network configuration path: /home/dhanish/fabric_sfc/caliper-bench/generated/caliper-network-agro1008-supply.yaml
2026.08.11-09:16:40.302[32m info [39m [caliper] [cli-launch-worker] 	Set SUT type: fabric
2026.08.11-09:16:40.323[32m info [39m [caliper] [cli-launch-worker] 	Set workspace path: /home/dhanish/fabric_sfc/caliper-bench
2026.08.11-09:16:40.324[32m info [39m [caliper] [cli-launch-worker] 	Set benchmark configuration path: /home/dhanish/fabric_sfc/caliper-bench/benchmarks/benchmark-openauction-agro1008-supply-300.yaml
2026.08.11-09:16:40.324[32m info [39m [caliper] [cli-launch-worker] 	Set network configuration path: /home/dhanish/fabric_sfc/caliper-bench/generated/caliper-network-agro1008-supply.yaml
2026.08.11-09:16:40.324[32m info [39m [caliper] [cli-launch-worker] 	Set SUT type: fabric
2026.08.11-09:16:40.363[32m info [39m [caliper] [worker-orchestrator] 	5 workers connected, progressing to worker assignment phase.
2026.08.11-09:16:40.363[32m info [39m [caliper] [worker-orchestrator] 	Workers currently unassigned, awaiting index assignment...
2026.08.11-09:16:40.364[32m info [39m [caliper] [worker-orchestrator] 	Waiting for 5 workers to be assigned...
2026.08.11-09:16:40.385[32m info [39m [caliper] [worker-orchestrator] 	5 workers assigned, progressing to worker initialization phase.
2026.08.11-09:16:40.385[32m info [39m [caliper] [worker-orchestrator] 	Waiting for 5 workers to be ready...
2026.08.11-09:16:40.386[32m info [39m [caliper] [worker-message-handler] 	Initializing Worker#1...
2026.08.11-09:16:40.386[32m info [39m [caliper] [worker-message-handler] 	Initializing Worker#4...
2026.08.11-09:16:40.386[32m info [39m [caliper] [worker-message-handler] 	Initializing Worker#0...
2026.08.11-09:16:40.386[32m info [39m [caliper] [worker-message-handler] 	Initializing Worker#3...
2026.08.11-09:16:40.388[32m info [39m [caliper] [worker-message-handler] 	Initializing Worker#2...
2026.08.11-09:16:40.874[32m info [39m [caliper] [FabricConnectorFactory] 	Initializing gateway connector compatible with installed SDK: 2.2.20
2026.08.11-09:16:40.875[32m info [39m [caliper] [FabricConnectorFactory] 	Initializing gateway connector compatible with installed SDK: 2.2.20
2026.08.11-09:16:40.880[32m info [39m [caliper] [FabricConnectorFactory] 	Initializing gateway connector compatible with installed SDK: 2.2.20
2026.08.11-09:16:40.881[32m info [39m [caliper] [IdentityManager] 	Adding User0 (admin=true) as User0 for organization FarmersMSP
2026.08.11-09:16:40.881[32m info [39m [caliper] [IdentityManager] 	Adding User0 (admin=true) as User0 for organization FarmersMSP
2026.08.11-09:16:40.883[32m info [39m [caliper] [IdentityManager] 	Adding User1 (admin=false) as User1 for organization FarmersMSP
2026.08.11-09:16:40.883[32m info [39m [caliper] [IdentityManager] 	Adding User1 (admin=false) as User1 for organization FarmersMSP
2026.08.11-09:16:40.884[32m info [39m [caliper] [IdentityManager] 	Adding User2 (admin=false) as User2 for organization FarmersMSP
2026.08.11-09:16:40.884[32m info [39m [caliper] [IdentityManager] 	Adding User2 (admin=false) as User2 for organization FarmersMSP
2026.08.11-09:16:40.885[32m info [39m [caliper] [IdentityManager] 	Adding User3 (admin=false) as User3 for organization FarmersMSP
2026.08.11-09:16:40.885[32m info [39m [caliper] [IdentityManager] 	Adding User3 (admin=false) as User3 for organization FarmersMSP
2026.08.11-09:16:40.887[32m info [39m [caliper] [IdentityManager] 	Adding User0 (admin=true) as User0 for organization FarmersMSP
2026.08.11-09:16:40.887[32m info [39m [caliper] [IdentityManager] 	Adding User4 (admin=false) as User4 for organization FarmersMSP
2026.08.11-09:16:40.887[32m info [39m [caliper] [IdentityManager] 	Adding User4 (admin=false) as User4 for organization FarmersMSP
2026.08.11-09:16:40.888[32m info [39m [caliper] [IdentityManager] 	Adding User5 (admin=false) as User5 for organization FarmersMSP
2026.08.11-09:16:40.888[32m info [39m [caliper] [IdentityManager] 	Adding User1 (admin=false) as User1 for organization FarmersMSP
2026.08.11-09:16:40.889[32m info [39m [caliper] [IdentityManager] 	Adding User5 (admin=false) as User5 for organization FarmersMSP
2026.08.11-09:16:40.889[32m info [39m [caliper] [IdentityManager] 	Adding User0 (admin=true) as _AuctioncentersMSP_User0 for organization AuctioncentersMSP
2026.08.11-09:16:40.890[32m info [39m [caliper] [IdentityManager] 	Adding User2 (admin=false) as User2 for organization FarmersMSP
2026.08.11-09:16:40.890[32m info [39m [caliper] [IdentityManager] 	Adding User0 (admin=true) as _AuctioncentersMSP_User0 for organization AuctioncentersMSP
2026.08.11-09:16:40.891[32m info [39m [caliper] [IdentityManager] 	Adding User3 (admin=false) as User3 for organization FarmersMSP
2026.08.11-09:16:40.891[32m info [39m [caliper] [IdentityManager] 	Adding User1 (admin=false) as _AuctioncentersMSP_User1 for organization AuctioncentersMSP
2026.08.11-09:16:40.891[32m info [39m [caliper] [FabricConnectorFactory] 	Initializing gateway connector compatible with installed SDK: 2.2.20
2026.08.11-09:16:40.892[32m info [39m [caliper] [IdentityManager] 	Adding User1 (admin=false) as _AuctioncentersMSP_User1 for organization AuctioncentersMSP
2026.08.11-09:16:40.892[32m info [39m [caliper] [IdentityManager] 	Adding User2 (admin=false) as _AuctioncentersMSP_User2 for organization AuctioncentersMSP
2026.08.11-09:16:40.892[32m info [39m [caliper] [FabricConnectorFactory] 	Initializing gateway connector compatible with installed SDK: 2.2.20
2026.08.11-09:16:40.893[32m info [39m [caliper] [IdentityManager] 	Adding User4 (admin=false) as User4 for organization FarmersMSP
2026.08.11-09:16:40.893[32m info [39m [caliper] [IdentityManager] 	Adding User2 (admin=false) as _AuctioncentersMSP_User2 for organization AuctioncentersMSP
2026.08.11-09:16:40.894[32m info [39m [caliper] [IdentityManager] 	Adding User3 (admin=false) as _AuctioncentersMSP_User3 for organization AuctioncentersMSP
2026.08.11-09:16:40.894[32m info [39m [caliper] [IdentityManager] 	Adding User3 (admin=false) as _AuctioncentersMSP_User3 for organization AuctioncentersMSP
2026.08.11-09:16:40.894[32m info [39m [caliper] [IdentityManager] 	Adding User4 (admin=false) as _AuctioncentersMSP_User4 for organization AuctioncentersMSP
2026.08.11-09:16:40.895[32m info [39m [caliper] [IdentityManager] 	Adding User5 (admin=false) as User5 for organization FarmersMSP
2026.08.11-09:16:40.895[32m info [39m [caliper] [IdentityManager] 	Adding User4 (admin=false) as _AuctioncentersMSP_User4 for organization AuctioncentersMSP
2026.08.11-09:16:40.895[32m info [39m [caliper] [IdentityManager] 	Adding User5 (admin=false) as _AuctioncentersMSP_User5 for organization AuctioncentersMSP
2026.08.11-09:16:40.896[32m info [39m [caliper] [IdentityManager] 	Adding User0 (admin=true) as _WholesalersMSP_User0 for organization WholesalersMSP
2026.08.11-09:16:40.897[32m info [39m [caliper] [IdentityManager] 	Adding User0 (admin=true) as _AuctioncentersMSP_User0 for organization AuctioncentersMSP
2026.08.11-09:16:40.897[32m info [39m [caliper] [IdentityManager] 	Adding User5 (admin=false) as _AuctioncentersMSP_User5 for organization AuctioncentersMSP
2026.08.11-09:16:40.898[32m info [39m [caliper] [IdentityManager] 	Adding User1 (admin=false) as _WholesalersMSP_User1 for organization WholesalersMSP
2026.08.11-09:16:40.898[32m info [39m [caliper] [IdentityManager] 	Adding User1 (admin=false) as _AuctioncentersMSP_User1 for organization AuctioncentersMSP
2026.08.11-09:16:40.899[32m info [39m [caliper] [IdentityManager] 	Adding User2 (admin=false) as _WholesalersMSP_User2 for organization WholesalersMSP
2026.08.11-09:16:40.900[32m info [39m [caliper] [IdentityManager] 	Adding User0 (admin=true) as _WholesalersMSP_User0 for organization WholesalersMSP
2026.08.11-09:16:40.900[32m info [39m [caliper] [IdentityManager] 	Adding User3 (admin=false) as _WholesalersMSP_User3 for organization WholesalersMSP
2026.08.11-09:16:40.900[32m info [39m [caliper] [IdentityManager] 	Adding User0 (admin=true) as User0 for organization FarmersMSP
2026.08.11-09:16:40.901[32m info [39m [caliper] [IdentityManager] 	Adding User2 (admin=false) as _AuctioncentersMSP_User2 for organization AuctioncentersMSP
2026.08.11-09:16:40.901[32m info [39m [caliper] [IdentityManager] 	Adding User1 (admin=false) as _WholesalersMSP_User1 for organization WholesalersMSP
2026.08.11-09:16:40.902[32m info [39m [caliper] [IdentityManager] 	Adding User4 (admin=false) as _WholesalersMSP_User4 for organization WholesalersMSP
2026.08.11-09:16:40.902[32m info [39m [caliper] [IdentityManager] 	Adding User2 (admin=false) as _WholesalersMSP_User2 for organization WholesalersMSP
2026.08.11-09:16:40.902[32m info [39m [caliper] [IdentityManager] 	Adding User0 (admin=true) as User0 for organization FarmersMSP
2026.08.11-09:16:40.903[32m info [39m [caliper] [IdentityManager] 	Adding User3 (admin=false) as _WholesalersMSP_User3 for organization WholesalersMSP
2026.08.11-09:16:40.902[32m info [39m [caliper] [IdentityManager] 	Adding User1 (admin=false) as User1 for organization FarmersMSP
2026.08.11-09:16:40.903[32m info [39m [caliper] [IdentityManager] 	Adding User3 (admin=false) as _AuctioncentersMSP_User3 for organization AuctioncentersMSP
2026.08.11-09:16:40.903[32m info [39m [caliper] [IdentityManager] 	Adding User5 (admin=false) as _WholesalersMSP_User5 for organization WholesalersMSP
2026.08.11-09:16:40.904[32m info [39m [caliper] [IdentityManager] 	Adding User4 (admin=false) as _WholesalersMSP_User4 for organization WholesalersMSP
2026.08.11-09:16:40.904[32m info [39m [caliper] [IdentityManager] 	Adding User2 (admin=false) as User2 for organization FarmersMSP
2026.08.11-09:16:40.904[32m info [39m [caliper] [IdentityManager] 	Adding User0 (admin=true) as _RetailersMSP_User0 for organization RetailersMSP
2026.08.11-09:16:40.904[32m info [39m [caliper] [IdentityManager] 	Adding User1 (admin=false) as User1 for organization FarmersMSP
2026.08.11-09:16:40.905[32m info [39m [caliper] [IdentityManager] 	Adding User5 (admin=false) as _WholesalersMSP_User5 for organization WholesalersMSP
2026.08.11-09:16:40.905[32m info [39m [caliper] [IdentityManager] 	Adding User4 (admin=false) as _AuctioncentersMSP_User4 for organization AuctioncentersMSP
2026.08.11-09:16:40.905[32m info [39m [caliper] [IdentityManager] 	Adding User3 (admin=false) as User3 for organization FarmersMSP
2026.08.11-09:16:40.905[32m info [39m [caliper] [IdentityManager] 	Adding User1 (admin=false) as _RetailersMSP_User1 for organization RetailersMSP
2026.08.11-09:16:40.906[32m info [39m [caliper] [IdentityManager] 	Adding User0 (admin=true) as _RetailersMSP_User0 for organization RetailersMSP
2026.08.11-09:16:40.906[32m info [39m [caliper] [IdentityManager] 	Adding User2 (admin=false) as User2 for organization FarmersMSP
2026.08.11-09:16:40.906[32m info [39m [caliper] [IdentityManager] 	Adding User4 (admin=false) as User4 for organization FarmersMSP
2026.08.11-09:16:40.906[32m info [39m [caliper] [IdentityManager] 	Adding User1 (admin=false) as _RetailersMSP_User1 for organization RetailersMSP
2026.08.11-09:16:40.906[32m info [39m [caliper] [IdentityManager] 	Adding User2 (admin=false) as _RetailersMSP_User2 for organization RetailersMSP
2026.08.11-09:16:40.906[32m info [39m [caliper] [IdentityManager] 	Adding User5 (admin=false) as _AuctioncentersMSP_User5 for organization AuctioncentersMSP
2026.08.11-09:16:40.907[32m info [39m [caliper] [IdentityManager] 	Adding User3 (admin=false) as User3 for organization FarmersMSP
2026.08.11-09:16:40.907[32m info [39m [caliper] [IdentityManager] 	Adding User0 (admin=true) as _WholesalersMSP_User0 for organization WholesalersMSP
2026.08.11-09:16:40.907[32m info [39m [caliper] [IdentityManager] 	Adding User3 (admin=false) as _RetailersMSP_User3 for organization RetailersMSP
2026.08.11-09:16:40.907[32m info [39m [caliper] [IdentityManager] 	Adding User2 (admin=false) as _RetailersMSP_User2 for organization RetailersMSP
2026.08.11-09:16:40.908[32m info [39m [caliper] [IdentityManager] 	Adding User5 (admin=false) as User5 for organization FarmersMSP
2026.08.11-09:16:40.908[32m info [39m [caliper] [IdentityManager] 	Adding User4 (admin=false) as _RetailersMSP_User4 for organization RetailersMSP
2026.08.11-09:16:40.908[32m info [39m [caliper] [IdentityManager] 	Adding User4 (admin=false) as User4 for organization FarmersMSP
2026.08.11-09:16:40.909[32m info [39m [caliper] [IdentityManager] 	Adding User1 (admin=false) as _WholesalersMSP_User1 for organization WholesalersMSP
2026.08.11-09:16:40.909[32m info [39m [caliper] [IdentityManager] 	Adding User3 (admin=false) as _RetailersMSP_User3 for organization RetailersMSP
2026.08.11-09:16:40.909[32m info [39m [caliper] [IdentityManager] 	Adding User0 (admin=true) as _AuctioncentersMSP_User0 for organization AuctioncentersMSP
2026.08.11-09:16:40.909[32m info [39m [caliper] [IdentityManager] 	Adding User5 (admin=false) as User5 for organization FarmersMSP
2026.08.11-09:16:40.910[32m info [39m [caliper] [IdentityManager] 	Adding User4 (admin=false) as _RetailersMSP_User4 for organization RetailersMSP
2026.08.11-09:16:40.909[32m info [39m [caliper] [IdentityManager] 	Adding User5 (admin=false) as _RetailersMSP_User5 for organization RetailersMSP
2026.08.11-09:16:40.910[32m info [39m [caliper] [IdentityManager] 	Adding User2 (admin=false) as _WholesalersMSP_User2 for organization WholesalersMSP
2026.08.11-09:16:40.910[32m info [39m [caliper] [IdentityManager] 	Adding User1 (admin=false) as _AuctioncentersMSP_User1 for organization AuctioncentersMSP
2026.08.11-09:16:40.910[32m info [39m [caliper] [IdentityManager] 	Adding User5 (admin=false) as _RetailersMSP_User5 for organization RetailersMSP
2026.08.11-09:16:40.911[32m info [39m [caliper] [IdentityManager] 	Adding User0 (admin=true) as _ConsumersMSP_User0 for organization ConsumersMSP
2026.08.11-09:16:40.911[32m info [39m [caliper] [IdentityManager] 	Adding User0 (admin=true) as _AuctioncentersMSP_User0 for organization AuctioncentersMSP
2026.08.11-09:16:40.911[32m info [39m [caliper] [IdentityManager] 	Adding User0 (admin=true) as _ConsumersMSP_User0 for organization ConsumersMSP
2026.08.11-09:16:40.911[32m info [39m [caliper] [IdentityManager] 	Adding User1 (admin=false) as _ConsumersMSP_User1 for organization ConsumersMSP
2026.08.11-09:16:40.911[32m info [39m [caliper] [IdentityManager] 	Adding User3 (admin=false) as _WholesalersMSP_User3 for organization WholesalersMSP
2026.08.11-09:16:40.912[32m info [39m [caliper] [IdentityManager] 	Adding User1 (admin=false) as _AuctioncentersMSP_User1 for organization AuctioncentersMSP
2026.08.11-09:16:40.912[32m info [39m [caliper] [IdentityManager] 	Adding User2 (admin=false) as _AuctioncentersMSP_User2 for organization AuctioncentersMSP
2026.08.11-09:16:40.912[32m info [39m [caliper] [IdentityManager] 	Adding User1 (admin=false) as _ConsumersMSP_User1 for organization ConsumersMSP
2026.08.11-09:16:40.912[32m info [39m [caliper] [IdentityManager] 	Adding User2 (admin=false) as _ConsumersMSP_User2 for organization ConsumersMSP
2026.08.11-09:16:40.913[32m info [39m [caliper] [IdentityManager] 	Adding User4 (admin=false) as _WholesalersMSP_User4 for organization WholesalersMSP
2026.08.11-09:16:40.913[32m info [39m [caliper] [IdentityManager] 	Adding User2 (admin=false) as _AuctioncentersMSP_User2 for organization AuctioncentersMSP
2026.08.11-09:16:40.913[32m info [39m [caliper] [IdentityManager] 	Adding User2 (admin=false) as _ConsumersMSP_User2 for organization ConsumersMSP
2026.08.11-09:16:40.913[32m info [39m [caliper] [IdentityManager] 	Adding User3 (admin=false) as _ConsumersMSP_User3 for organization ConsumersMSP
2026.08.11-09:16:40.913[32m info [39m [caliper] [IdentityManager] 	Adding User3 (admin=false) as _AuctioncentersMSP_User3 for organization AuctioncentersMSP
2026.08.11-09:16:40.914[32m info [39m [caliper] [IdentityManager] 	Adding User4 (admin=false) as _ConsumersMSP_User4 for organization ConsumersMSP
2026.08.11-09:16:40.914[32m info [39m [caliper] [IdentityManager] 	Adding User5 (admin=false) as _WholesalersMSP_User5 for organization WholesalersMSP
2026.08.11-09:16:40.914[32m info [39m [caliper] [IdentityManager] 	Adding User3 (admin=false) as _AuctioncentersMSP_User3 for organization AuctioncentersMSP
2026.08.11-09:16:40.914[32m info [39m [caliper] [IdentityManager] 	Adding User3 (admin=false) as _ConsumersMSP_User3 for organization ConsumersMSP
2026.08.11-09:16:40.914[32m info [39m [caliper] [IdentityManager] 	Adding User5 (admin=false) as _ConsumersMSP_User5 for organization ConsumersMSP
2026.08.11-09:16:40.914[32m info [39m [caliper] [IdentityManager] 	Adding User0 (admin=true) as _RetailersMSP_User0 for organization RetailersMSP
2026.08.11-09:16:40.915[32m info [39m [caliper] [IdentityManager] 	Adding User4 (admin=false) as _AuctioncentersMSP_User4 for organization AuctioncentersMSP
2026.08.11-09:16:40.915[32m info [39m [caliper] [IdentityManager] 	Adding User4 (admin=false) as _ConsumersMSP_User4 for organization ConsumersMSP
2026.08.11-09:16:40.915[32m info [39m [caliper] [IdentityManager] 	Adding User4 (admin=false) as _AuctioncentersMSP_User4 for organization AuctioncentersMSP
2026.08.11-09:16:40.916[32m info [39m [caliper] [IdentityManager] 	Adding User5 (admin=false) as _AuctioncentersMSP_User5 for organization AuctioncentersMSP
2026.08.11-09:16:40.916[32m info [39m [caliper] [IdentityManager] 	Adding User5 (admin=false) as _AuctioncentersMSP_User5 for organization AuctioncentersMSP
2026.08.11-09:16:40.916[32m info [39m [caliper] [IdentityManager] 	Adding User5 (admin=false) as _ConsumersMSP_User5 for organization ConsumersMSP
2026.08.11-09:16:40.916[32m info [39m [caliper] [IdentityManager] 	Adding User1 (admin=false) as _RetailersMSP_User1 for organization RetailersMSP
2026.08.11-09:16:40.917[32m info [39m [caliper] [IdentityManager] 	Adding User0 (admin=true) as _WholesalersMSP_User0 for organization WholesalersMSP
2026.08.11-09:16:40.917[32m info [39m [caliper] [IdentityManager] 	Adding User0 (admin=true) as _WholesalersMSP_User0 for organization WholesalersMSP
2026.08.11-09:16:40.917[32m info [39m [caliper] [IdentityManager] 	Adding User2 (admin=false) as _RetailersMSP_User2 for organization RetailersMSP
2026.08.11-09:16:40.917[32m info [39m [caliper] [worker-message-handler] 	Worker#1 initialized
2026.08.11-09:16:40.918[32m info [39m [caliper] [IdentityManager] 	Adding User1 (admin=false) as _WholesalersMSP_User1 for organization WholesalersMSP
2026.08.11-09:16:40.918[32m info [39m [caliper] [IdentityManager] 	Adding User1 (admin=false) as _WholesalersMSP_User1 for organization WholesalersMSP
2026.08.11-09:16:40.918[32m info [39m [caliper] [IdentityManager] 	Adding User3 (admin=false) as _RetailersMSP_User3 for organization RetailersMSP
2026.08.11-09:16:40.918[32m info [39m [caliper] [worker-message-handler] 	Worker#3 initialized
2026.08.11-09:16:40.919[32m info [39m [caliper] [IdentityManager] 	Adding User4 (admin=false) as _RetailersMSP_User4 for organization RetailersMSP
2026.08.11-09:16:40.919[32m info [39m [caliper] [IdentityManager] 	Adding User2 (admin=false) as _WholesalersMSP_User2 for organization WholesalersMSP
2026.08.11-09:16:40.919[32m info [39m [caliper] [IdentityManager] 	Adding User2 (admin=false) as _WholesalersMSP_User2 for organization WholesalersMSP
2026.08.11-09:16:40.920[32m info [39m [caliper] [IdentityManager] 	Adding User5 (admin=false) as _RetailersMSP_User5 for organization RetailersMSP
2026.08.11-09:16:40.920[32m info [39m [caliper] [IdentityManager] 	Adding User3 (admin=false) as _WholesalersMSP_User3 for organization WholesalersMSP
2026.08.11-09:16:40.921[32m info [39m [caliper] [IdentityManager] 	Adding User3 (admin=false) as _WholesalersMSP_User3 for organization WholesalersMSP
2026.08.11-09:16:40.921[32m info [39m [caliper] [IdentityManager] 	Adding User0 (admin=true) as _ConsumersMSP_User0 for organization ConsumersMSP
2026.08.11-09:16:40.921[32m info [39m [caliper] [IdentityManager] 	Adding User4 (admin=false) as _WholesalersMSP_User4 for organization WholesalersMSP
2026.08.11-09:16:40.921[32m info [39m [caliper] [IdentityManager] 	Adding User1 (admin=false) as _ConsumersMSP_User1 for organization ConsumersMSP
2026.08.11-09:16:40.921[32m info [39m [caliper] [IdentityManager] 	Adding User4 (admin=false) as _WholesalersMSP_User4 for organization WholesalersMSP
2026.08.11-09:16:40.922[32m info [39m [caliper] [IdentityManager] 	Adding User5 (admin=false) as _WholesalersMSP_User5 for organization WholesalersMSP
2026.08.11-09:16:40.922[32m info [39m [caliper] [IdentityManager] 	Adding User5 (admin=false) as _WholesalersMSP_User5 for organization WholesalersMSP
2026.08.11-09:16:40.922[32m info [39m [caliper] [IdentityManager] 	Adding User2 (admin=false) as _ConsumersMSP_User2 for organization ConsumersMSP
2026.08.11-09:16:40.923[32m info [39m [caliper] [IdentityManager] 	Adding User0 (admin=true) as _RetailersMSP_User0 for organization RetailersMSP
2026.08.11-09:16:40.923[32m info [39m [caliper] [IdentityManager] 	Adding User0 (admin=true) as _RetailersMSP_User0 for organization RetailersMSP
2026.08.11-09:16:40.923[32m info [39m [caliper] [IdentityManager] 	Adding User3 (admin=false) as _ConsumersMSP_User3 for organization ConsumersMSP
2026.08.11-09:16:40.923[32m info [39m [caliper] [IdentityManager] 	Adding User1 (admin=false) as _RetailersMSP_User1 for organization RetailersMSP
2026.08.11-09:16:40.924[32m info [39m [caliper] [IdentityManager] 	Adding User4 (admin=false) as _ConsumersMSP_User4 for organization ConsumersMSP
2026.08.11-09:16:40.924[32m info [39m [caliper] [IdentityManager] 	Adding User1 (admin=false) as _RetailersMSP_User1 for organization RetailersMSP
2026.08.11-09:16:40.924[32m info [39m [caliper] [IdentityManager] 	Adding User2 (admin=false) as _RetailersMSP_User2 for organization RetailersMSP
2026.08.11-09:16:40.924[32m info [39m [caliper] [IdentityManager] 	Adding User5 (admin=false) as _ConsumersMSP_User5 for organization ConsumersMSP
2026.08.11-09:16:40.925[32m info [39m [caliper] [IdentityManager] 	Adding User2 (admin=false) as _RetailersMSP_User2 for organization RetailersMSP
2026.08.11-09:16:40.925[32m info [39m [caliper] [IdentityManager] 	Adding User3 (admin=false) as _RetailersMSP_User3 for organization RetailersMSP
2026.08.11-09:16:40.925[32m info [39m [caliper] [IdentityManager] 	Adding User3 (admin=false) as _RetailersMSP_User3 for organization RetailersMSP
2026.08.11-09:16:40.926[32m info [39m [caliper] [worker-message-handler] 	Worker#4 initialized
2026.08.11-09:16:40.926[32m info [39m [caliper] [IdentityManager] 	Adding User4 (admin=false) as _RetailersMSP_User4 for organization RetailersMSP
2026.08.11-09:16:40.926[32m info [39m [caliper] [IdentityManager] 	Adding User4 (admin=false) as _RetailersMSP_User4 for organization RetailersMSP
2026.08.11-09:16:40.927[32m info [39m [caliper] [IdentityManager] 	Adding User5 (admin=false) as _RetailersMSP_User5 for organization RetailersMSP
2026.08.11-09:16:40.928[32m info [39m [caliper] [IdentityManager] 	Adding User5 (admin=false) as _RetailersMSP_User5 for organization RetailersMSP
2026.08.11-09:16:40.928[32m info [39m [caliper] [IdentityManager] 	Adding User0 (admin=true) as _ConsumersMSP_User0 for organization ConsumersMSP
2026.08.11-09:16:40.929[32m info [39m [caliper] [IdentityManager] 	Adding User0 (admin=true) as _ConsumersMSP_User0 for organization ConsumersMSP
2026.08.11-09:16:40.929[32m info [39m [caliper] [IdentityManager] 	Adding User1 (admin=false) as _ConsumersMSP_User1 for organization ConsumersMSP
2026.08.11-09:16:40.929[32m info [39m [caliper] [IdentityManager] 	Adding User1 (admin=false) as _ConsumersMSP_User1 for organization ConsumersMSP
2026.08.11-09:16:40.930[32m info [39m [caliper] [IdentityManager] 	Adding User2 (admin=false) as _ConsumersMSP_User2 for organization ConsumersMSP
2026.08.11-09:16:40.930[32m info [39m [caliper] [IdentityManager] 	Adding User2 (admin=false) as _ConsumersMSP_User2 for organization ConsumersMSP
2026.08.11-09:16:40.930[32m info [39m [caliper] [IdentityManager] 	Adding User3 (admin=false) as _ConsumersMSP_User3 for organization ConsumersMSP
2026.08.11-09:16:40.930[32m info [39m [caliper] [IdentityManager] 	Adding User3 (admin=false) as _ConsumersMSP_User3 for organization ConsumersMSP
2026.08.11-09:16:40.931[32m info [39m [caliper] [IdentityManager] 	Adding User4 (admin=false) as _ConsumersMSP_User4 for organization ConsumersMSP
2026.08.11-09:16:40.931[32m info [39m [caliper] [IdentityManager] 	Adding User4 (admin=false) as _ConsumersMSP_User4 for organization ConsumersMSP
2026.08.11-09:16:40.931[32m info [39m [caliper] [IdentityManager] 	Adding User5 (admin=false) as _ConsumersMSP_User5 for organization ConsumersMSP
2026.08.11-09:16:40.931[32m info [39m [caliper] [IdentityManager] 	Adding User5 (admin=false) as _ConsumersMSP_User5 for organization ConsumersMSP
2026.08.11-09:16:40.933[32m info [39m [caliper] [worker-message-handler] 	Worker#2 initialized
2026.08.11-09:16:40.933[32m info [39m [caliper] [worker-message-handler] 	Worker#0 initialized
2026.08.11-09:16:40.934[32m info [39m [caliper] [worker-orchestrator] 	5 workers ready, progressing to test preparation phase.
2026.08.11-09:16:40.934[32m info [39m [caliper] [round-orchestrator] 	Started round 1 (openauction_round1@300)
2026.08.11-09:16:40.935[32m info [39m [caliper] [worker-message-handler] 	Preparing Worker#0 for Round#0
2026.08.11-09:16:40.935[32m info [39m [caliper] [worker-message-handler] 	Preparing Worker#1 for Round#0
2026.08.11-09:16:40.936[32m info [39m [caliper] [worker-message-handler] 	Preparing Worker#2 for Round#0
2026.08.11-09:16:40.936[32m info [39m [caliper] [worker-message-handler] 	Preparing Worker#4 for Round#0
2026.08.11-09:16:40.937[32m info [39m [caliper] [worker-message-handler] 	Preparing Worker#3 for Round#0
2026.08.11-09:16:40.939[32m info [39m [caliper] [connectors/v2/FabricGateway] 	Connecting user with identity User0 to a Network Gateway
2026.08.11-09:16:40.939[32m info [39m [caliper] [connectors/v2/FabricGateway] 	Connecting user with identity User0 to a Network Gateway
2026.08.11-09:16:40.939[32m info [39m [caliper] [connectors/v2/FabricGateway] 	Connecting user with identity User0 to a Network Gateway
2026.08.11-09:16:40.939[32m info [39m [caliper] [connectors/v2/FabricGateway] 	Connecting user with identity User0 to a Network Gateway
2026.08.11-09:16:40.942[32m info [39m [caliper] [connectors/v2/FabricGateway] 	Connecting user with identity User0 to a Network Gateway
2026.08.11-09:16:41.093[32m info [39m [caliper] [connectors/v2/FabricGateway] 	Successfully connected user with identity User0 to a Network Gateway
2026.08.11-09:16:41.093[32m info [39m [caliper] [connectors/v2/FabricGateway] 	Generating contract map for user User0
2026.08.11-09:16:41.104[32m info [39m [caliper] [connectors/v2/FabricGateway] 	Successfully connected user with identity User0 to a Network Gateway
2026.08.11-09:16:41.104[32m info [39m [caliper] [connectors/v2/FabricGateway] 	Generating contract map for user User0
2026.08.11-09:16:41.109[32m info [39m [caliper] [connectors/v2/FabricGateway] 	Successfully connected user with identity User0 to a Network Gateway
2026.08.11-09:16:41.109[32m info [39m [caliper] [connectors/v2/FabricGateway] 	Generating contract map for user User0
2026.08.11-09:16:41.126[32m info [39m [caliper] [connectors/v2/FabricGateway] 	Successfully connected user with identity User0 to a Network Gateway
2026.08.11-09:16:41.127[32m info [39m [caliper] [connectors/v2/FabricGateway] 	Generating contract map for user User0
2026.08.11-09:16:41.135[32m info [39m [caliper] [connectors/v2/FabricGateway] 	Successfully connected user with identity User0 to a Network Gateway
2026.08.11-09:16:41.136[32m info [39m [caliper] [connectors/v2/FabricGateway] 	Generating contract map for user User0
2026.08.11-09:16:41.180[32m info [39m [caliper] [connectors/v2/FabricGateway] 	Connecting user with identity User1 to a Network Gateway
2026.08.11-09:16:41.189[32m info [39m [caliper] [connectors/v2/FabricGateway] 	Connecting user with identity User1 to a Network Gateway
2026.08.11-09:16:41.202[32m info [39m [caliper] [connectors/v2/FabricGateway] 	Connecting user with identity User1 to a Network Gateway
2026.08.11-09:16:41.221[32m info [39m [caliper] [connectors/v2/FabricGateway] 	Connecting user with identity User1 to a Network Gateway
2026.08.11-09:16:41.234[32m info [39m [caliper] [connectors/v2/FabricGateway] 	Connecting user with identity User1 to a Network Gateway
2026.08.11-09:16:41.261[32m info [39m [caliper] [connectors/v2/FabricGateway] 	Successfully connected user with identity User1 to a Network Gateway
2026.08.11-09:16:41.262[32m info [39m [caliper] [connectors/v2/FabricGateway] 	Generating contract map for user User1
2026.08.11-09:16:41.270[32m info [39m [caliper] [connectors/v2/FabricGateway] 	Successfully connected user with identity User1 to a Network Gateway
2026.08.11-09:16:41.270[32m info [39m [caliper] [connectors/v2/FabricGateway] 	Generating contract map for user User1
2026.08.11-09:16:41.283[32m info [39m [caliper] [connectors/v2/FabricGateway] 	Successfully connected user with identity User1 to a Network Gateway
2026.08.11-09:16:41.283[32m info [39m [caliper] [connectors/v2/FabricGateway] 	Generating contract map for user User1
2026.08.11-09:16:41.295[32m info [39m [caliper] [connectors/v2/FabricGateway] 	Successfully connected user with identity User1 to a Network Gateway
2026.08.11-09:16:41.295[32m info [39m [caliper] [connectors/v2/FabricGateway] 	Generating contract map for user User1
2026.08.11-09:16:41.316[32m info [39m [caliper] [connectors/v2/FabricGateway] 	Successfully connected user with identity User1 to a Network Gateway
2026.08.11-09:16:41.316[32m info [39m [caliper] [connectors/v2/FabricGateway] 	Generating contract map for user User1
2026.08.11-09:16:41.323[32m info [39m [caliper] [connectors/v2/FabricGateway] 	Connecting user with identity User2 to a Network Gateway
2026.08.11-09:16:41.330[32m info [39m [caliper] [connectors/v2/FabricGateway] 	Connecting user with identity User2 to a Network Gateway
2026.08.11-09:16:41.341[32m info [39m [caliper] [connectors/v2/FabricGateway] 	Connecting user with identity User2 to a Network Gateway
2026.08.11-09:16:41.353[32m info [39m [caliper] [connectors/v2/FabricGateway] 	Connecting user with identity User2 to a Network Gateway
2026.08.11-09:16:41.379[32m info [39m [caliper] [connectors/v2/FabricGateway] 	Connecting user with identity User2 to a Network Gateway
2026.08.11-09:16:41.397[32m info [39m [caliper] [connectors/v2/FabricGateway] 	Successfully connected user with identity User2 to a Network Gateway
2026.08.11-09:16:41.397[32m info [39m [caliper] [connectors/v2/FabricGateway] 	Generating contract map for user User2
2026.08.11-09:16:41.403[32m info [39m [caliper] [connectors/v2/FabricGateway] 	Successfully connected user with identity User2 to a Network Gateway
2026.08.11-09:16:41.403[32m info [39m [caliper] [connectors/v2/FabricGateway] 	Generating contract map for user User2
2026.08.11-09:16:41.418[32m info [39m [caliper] [connectors/v2/FabricGateway] 	Successfully connected user with identity User2 to a Network Gateway
2026.08.11-09:16:41.418[32m info [39m [caliper] [connectors/v2/FabricGateway] 	Generating contract map for user User2
2026.08.11-09:16:41.430[32m info [39m [caliper] [connectors/v2/FabricGateway] 	Successfully connected user with identity User2 to a Network Gateway
2026.08.11-09:16:41.430[32m info [39m [caliper] [connectors/v2/FabricGateway] 	Generating contract map for user User2
2026.08.11-09:16:41.453[32m info [39m [caliper] [connectors/v2/FabricGateway] 	Successfully connected user with identity User2 to a Network Gateway
2026.08.11-09:16:41.453[32m info [39m [caliper] [connectors/v2/FabricGateway] 	Generating contract map for user User2
2026.08.11-09:16:41.457[32m info [39m [caliper] [connectors/v2/FabricGateway] 	Connecting user with identity User3 to a Network Gateway
2026.08.11-09:16:41.465[32m info [39m [caliper] [connectors/v2/FabricGateway] 	Connecting user with identity User3 to a Network Gateway
2026.08.11-09:16:41.479[32m info [39m [caliper] [connectors/v2/FabricGateway] 	Connecting user with identity User3 to a Network Gateway
2026.08.11-09:16:41.490[32m info [39m [caliper] [connectors/v2/FabricGateway] 	Connecting user with identity User3 to a Network Gateway
2026.08.11-09:16:41.508[32m info [39m [caliper] [connectors/v2/FabricGateway] 	Connecting user with identity User3 to a Network Gateway
2026.08.11-09:16:41.524[32m info [39m [caliper] [connectors/v2/FabricGateway] 	Successfully connected user with identity User3 to a Network Gateway
2026.08.11-09:16:41.524[32m info [39m [caliper] [connectors/v2/FabricGateway] 	Generating contract map for user User3
2026.08.11-09:16:41.534[32m info [39m [caliper] [connectors/v2/FabricGateway] 	Successfully connected user with identity User3 to a Network Gateway
2026.08.11-09:16:41.534[32m info [39m [caliper] [connectors/v2/FabricGateway] 	Generating contract map for user User3
2026.08.11-09:16:41.544[32m info [39m [caliper] [connectors/v2/FabricGateway] 	Successfully connected user with identity User3 to a Network Gateway
2026.08.11-09:16:41.544[32m info [39m [caliper] [connectors/v2/FabricGateway] 	Generating contract map for user User3
2026.08.11-09:16:41.558[32m info [39m [caliper] [connectors/v2/FabricGateway] 	Successfully connected user with identity User3 to a Network Gateway
2026.08.11-09:16:41.558[32m info [39m [caliper] [connectors/v2/FabricGateway] 	Generating contract map for user User3
2026.08.11-09:16:41.574[32m info [39m [caliper] [connectors/v2/FabricGateway] 	Successfully connected user with identity User3 to a Network Gateway
2026.08.11-09:16:41.574[32m info [39m [caliper] [connectors/v2/FabricGateway] 	Generating contract map for user User3
2026.08.11-09:16:41.582[32m info [39m [caliper] [connectors/v2/FabricGateway] 	Connecting user with identity User4 to a Network Gateway
2026.08.11-09:16:41.590[32m info [39m [caliper] [connectors/v2/FabricGateway] 	Connecting user with identity User4 to a Network Gateway
2026.08.11-09:16:41.596[32m info [39m [caliper] [connectors/v2/FabricGateway] 	Connecting user with identity User4 to a Network Gateway
2026.08.11-09:16:41.609[32m info [39m [caliper] [connectors/v2/FabricGateway] 	Connecting user with identity User4 to a Network Gateway
2026.08.11-09:16:41.624[32m info [39m [caliper] [connectors/v2/FabricGateway] 	Connecting user with identity User4 to a Network Gateway
2026.08.11-09:16:41.649[32m info [39m [caliper] [connectors/v2/FabricGateway] 	Successfully connected user with identity User4 to a Network Gateway
2026.08.11-09:16:41.649[32m info [39m [caliper] [connectors/v2/FabricGateway] 	Generating contract map for user User4
2026.08.11-09:16:41.655[32m info [39m [caliper] [connectors/v2/FabricGateway] 	Successfully connected user with identity User4 to a Network Gateway
2026.08.11-09:16:41.656[32m info [39m [caliper] [connectors/v2/FabricGateway] 	Generating contract map for user User4
2026.08.11-09:16:41.669[32m info [39m [caliper] [connectors/v2/FabricGateway] 	Successfully connected user with identity User4 to a Network Gateway
2026.08.11-09:16:41.669[32m info [39m [caliper] [connectors/v2/FabricGateway] 	Generating contract map for user User4
2026.08.11-09:16:41.676[32m info [39m [caliper] [connectors/v2/FabricGateway] 	Successfully connected user with identity User4 to a Network Gateway
2026.08.11-09:16:41.676[32m info [39m [caliper] [connectors/v2/FabricGateway] 	Generating contract map for user User4
2026.08.11-09:16:41.689[32m info [39m [caliper] [connectors/v2/FabricGateway] 	Successfully connected user with identity User4 to a Network Gateway
2026.08.11-09:16:41.690[32m info [39m [caliper] [connectors/v2/FabricGateway] 	Generating contract map for user User4
2026.08.11-09:16:41.716[32m info [39m [caliper] [connectors/v2/FabricGateway] 	Connecting user with identity User5 to a Network Gateway
2026.08.11-09:16:41.730[32m info [39m [caliper] [connectors/v2/FabricGateway] 	Connecting user with identity User5 to a Network Gateway
2026.08.11-09:16:41.740[32m info [39m [caliper] [connectors/v2/FabricGateway] 	Connecting user with identity User5 to a Network Gateway
2026.08.11-09:16:41.751[32m info [39m [caliper] [connectors/v2/FabricGateway] 	Connecting user with identity User5 to a Network Gateway
2026.08.11-09:16:41.763[32m info [39m [caliper] [connectors/v2/FabricGateway] 	Connecting user with identity User5 to a Network Gateway
2026.08.11-09:16:41.780[32m info [39m [caliper] [connectors/v2/FabricGateway] 	Successfully connected user with identity User5 to a Network Gateway
2026.08.11-09:16:41.780[32m info [39m [caliper] [connectors/v2/FabricGateway] 	Generating contract map for user User5
2026.08.11-09:16:41.791[32m info [39m [caliper] [connectors/v2/FabricGateway] 	Successfully connected user with identity User5 to a Network Gateway
2026.08.11-09:16:41.791[32m info [39m [caliper] [connectors/v2/FabricGateway] 	Generating contract map for user User5
2026.08.11-09:16:41.806[32m info [39m [caliper] [connectors/v2/FabricGateway] 	Successfully connected user with identity User5 to a Network Gateway
2026.08.11-09:16:41.807[32m info [39m [caliper] [connectors/v2/FabricGateway] 	Generating contract map for user User5
2026.08.11-09:16:41.820[32m info [39m [caliper] [connectors/v2/FabricGateway] 	Successfully connected user with identity User5 to a Network Gateway
2026.08.11-09:16:41.820[32m info [39m [caliper] [connectors/v2/FabricGateway] 	Generating contract map for user User5
2026.08.11-09:16:41.830[32m info [39m [caliper] [connectors/v2/FabricGateway] 	Connecting user with identity _AuctioncentersMSP_User0 to a Network Gateway
2026.08.11-09:16:41.833[32m info [39m [caliper] [connectors/v2/FabricGateway] 	Successfully connected user with identity User5 to a Network Gateway
2026.08.11-09:16:41.833[32m info [39m [caliper] [connectors/v2/FabricGateway] 	Generating contract map for user User5
2026.08.11-09:16:41.840[32m info [39m [caliper] [connectors/v2/FabricGateway] 	Connecting user with identity _AuctioncentersMSP_User0 to a Network Gateway
2026.08.11-09:16:41.857[32m info [39m [caliper] [connectors/v2/FabricGateway] 	Connecting user with identity _AuctioncentersMSP_User0 to a Network Gateway
2026.08.11-09:16:41.872[32m info [39m [caliper] [connectors/v2/FabricGateway] 	Connecting user with identity _AuctioncentersMSP_User0 to a Network Gateway
2026.08.11-09:16:41.885[32m info [39m [caliper] [connectors/v2/FabricGateway] 	Connecting user with identity _AuctioncentersMSP_User0 to a Network Gateway
2026.08.11-09:16:41.897[32m info [39m [caliper] [connectors/v2/FabricGateway] 	Successfully connected user with identity _AuctioncentersMSP_User0 to a Network Gateway
2026.08.11-09:16:41.898[32m info [39m [caliper] [connectors/v2/FabricGateway] 	Generating contract map for user _AuctioncentersMSP_User0
2026.08.11-09:16:41.914[32m info [39m [caliper] [connectors/v2/FabricGateway] 	Successfully connected user with identity _AuctioncentersMSP_User0 to a Network Gateway
2026.08.11-09:16:41.914[32m info [39m [caliper] [connectors/v2/FabricGateway] 	Generating contract map for user _AuctioncentersMSP_User0
2026.08.11-09:16:41.923[32m info [39m [caliper] [connectors/v2/FabricGateway] 	Successfully connected user with identity _AuctioncentersMSP_User0 to a Network Gateway
2026.08.11-09:16:41.923[32m info [39m [caliper] [connectors/v2/FabricGateway] 	Generating contract map for user _AuctioncentersMSP_User0
2026.08.11-09:16:41.937[32m info [39m [caliper] [connectors/v2/FabricGateway] 	Successfully connected user with identity _AuctioncentersMSP_User0 to a Network Gateway
2026.08.11-09:16:41.937[32m info [39m [caliper] [connectors/v2/FabricGateway] 	Generating contract map for user _AuctioncentersMSP_User0
2026.08.11-09:16:41.949[32m info [39m [caliper] [connectors/v2/FabricGateway] 	Connecting user with identity _AuctioncentersMSP_User1 to a Network Gateway
2026.08.11-09:16:41.957[32m info [39m [caliper] [connectors/v2/FabricGateway] 	Successfully connected user with identity _AuctioncentersMSP_User0 to a Network Gateway
2026.08.11-09:16:41.957[32m info [39m [caliper] [connectors/v2/FabricGateway] 	Generating contract map for user _AuctioncentersMSP_User0
2026.08.11-09:16:41.965[32m info [39m [caliper] [connectors/v2/FabricGateway] 	Connecting user with identity _AuctioncentersMSP_User1 to a Network Gateway
2026.08.11-09:16:41.976[32m info [39m [caliper] [connectors/v2/FabricGateway] 	Connecting user with identity _AuctioncentersMSP_User1 to a Network Gateway
2026.08.11-09:16:41.992[32m info [39m [caliper] [connectors/v2/FabricGateway] 	Connecting user with identity _AuctioncentersMSP_User1 to a Network Gateway
2026.08.11-09:16:42.006[32m info [39m [caliper] [connectors/v2/FabricGateway] 	Connecting user with identity _AuctioncentersMSP_User1 to a Network Gateway
2026.08.11-09:16:42.022[32m info [39m [caliper] [connectors/v2/FabricGateway] 	Successfully connected user with identity _AuctioncentersMSP_User1 to a Network Gateway
2026.08.11-09:16:42.022[32m info [39m [caliper] [connectors/v2/FabricGateway] 	Generating contract map for user _AuctioncentersMSP_User1
2026.08.11-09:16:42.030[32m info [39m [caliper] [connectors/v2/FabricGateway] 	Successfully connected user with identity _AuctioncentersMSP_User1 to a Network Gateway
2026.08.11-09:16:42.030[32m info [39m [caliper] [connectors/v2/FabricGateway] 	Generating contract map for user _AuctioncentersMSP_User1
2026.08.11-09:16:42.051[32m info [39m [caliper] [connectors/v2/FabricGateway] 	Successfully connected user with identity _AuctioncentersMSP_User1 to a Network Gateway
2026.08.11-09:16:42.051[32m info [39m [caliper] [connectors/v2/FabricGateway] 	Generating contract map for user _AuctioncentersMSP_User1
2026.08.11-09:16:42.058[32m info [39m [caliper] [connectors/v2/FabricGateway] 	Successfully connected user with identity _AuctioncentersMSP_User1 to a Network Gateway
2026.08.11-09:16:42.058[32m info [39m [caliper] [connectors/v2/FabricGateway] 	Generating contract map for user _AuctioncentersMSP_User1
2026.08.11-09:16:42.074[32m info [39m [caliper] [connectors/v2/FabricGateway] 	Connecting user with identity _AuctioncentersMSP_User2 to a Network Gateway
2026.08.11-09:16:42.077[32m info [39m [caliper] [connectors/v2/FabricGateway] 	Successfully connected user with identity _AuctioncentersMSP_User1 to a Network Gateway
2026.08.11-09:16:42.078[32m info [39m [caliper] [connectors/v2/FabricGateway] 	Generating contract map for user _AuctioncentersMSP_User1
2026.08.11-09:16:42.080[32m info [39m [caliper] [connectors/v2/FabricGateway] 	Connecting user with identity _AuctioncentersMSP_User2 to a Network Gateway
2026.08.11-09:16:42.101[32m info [39m [caliper] [connectors/v2/FabricGateway] 	Connecting user with identity _AuctioncentersMSP_User2 to a Network Gateway
2026.08.11-09:16:42.105[32m info [39m [caliper] [connectors/v2/FabricGateway] 	Connecting user with identity _AuctioncentersMSP_User2 to a Network Gateway
2026.08.11-09:16:42.128[32m info [39m [caliper] [connectors/v2/FabricGateway] 	Connecting user with identity _AuctioncentersMSP_User2 to a Network Gateway
2026.08.11-09:16:42.141[32m info [39m [caliper] [connectors/v2/FabricGateway] 	Successfully connected user with identity _AuctioncentersMSP_User2 to a Network Gateway
2026.08.11-09:16:42.141[32m info [39m [caliper] [connectors/v2/FabricGateway] 	Generating contract map for user _AuctioncentersMSP_User2
2026.08.11-09:16:42.149[32m info [39m [caliper] [connectors/v2/FabricGateway] 	Successfully connected user with identity _AuctioncentersMSP_User2 to a Network Gateway
2026.08.11-09:16:42.149[32m info [39m [caliper] [connectors/v2/FabricGateway] 	Generating contract map for user _AuctioncentersMSP_User2
2026.08.11-09:16:42.169[32m info [39m [caliper] [connectors/v2/FabricGateway] 	Successfully connected user with identity _AuctioncentersMSP_User2 to a Network Gateway
2026.08.11-09:16:42.170[32m info [39m [caliper] [connectors/v2/FabricGateway] 	Generating contract map for user _AuctioncentersMSP_User2
2026.08.11-09:16:42.175[32m info [39m [caliper] [connectors/v2/FabricGateway] 	Successfully connected user with identity _AuctioncentersMSP_User2 to a Network Gateway
2026.08.11-09:16:42.175[32m info [39m [caliper] [connectors/v2/FabricGateway] 	Generating contract map for user _AuctioncentersMSP_User2
2026.08.11-09:16:42.197[32m info [39m [caliper] [connectors/v2/FabricGateway] 	Successfully connected user with identity _AuctioncentersMSP_User2 to a Network Gateway
2026.08.11-09:16:42.197[32m info [39m [caliper] [connectors/v2/FabricGateway] 	Generating contract map for user _AuctioncentersMSP_User2
2026.08.11-09:16:42.198[32m info [39m [caliper] [connectors/v2/FabricGateway] 	Connecting user with identity _AuctioncentersMSP_User3 to a Network Gateway
2026.08.11-09:16:42.206[32m info [39m [caliper] [connectors/v2/FabricGateway] 	Connecting user with identity _AuctioncentersMSP_User3 to a Network Gateway
2026.08.11-09:16:42.221[32m info [39m [caliper] [connectors/v2/FabricGateway] 	Connecting user with identity _AuctioncentersMSP_User3 to a Network Gateway
2026.08.11-09:16:42.227[32m info [39m [caliper] [connectors/v2/FabricGateway] 	Connecting user with identity _AuctioncentersMSP_User3 to a Network Gateway
2026.08.11-09:16:42.247[32m info [39m [caliper] [connectors/v2/FabricGateway] 	Connecting user with identity _AuctioncentersMSP_User3 to a Network Gateway
2026.08.11-09:16:42.267[32m info [39m [caliper] [connectors/v2/FabricGateway] 	Successfully connected user with identity _AuctioncentersMSP_User3 to a Network Gateway
2026.08.11-09:16:42.268[32m info [39m [caliper] [connectors/v2/FabricGateway] 	Successfully connected user with identity _AuctioncentersMSP_User3 to a Network Gateway
2026.08.11-09:16:42.268[32m info [39m [caliper] [connectors/v2/FabricGateway] 	Generating contract map for user _AuctioncentersMSP_User3
2026.08.11-09:16:42.268[32m info [39m [caliper] [connectors/v2/FabricGateway] 	Generating contract map for user _AuctioncentersMSP_User3
2026.08.11-09:16:42.285[32m info [39m [caliper] [connectors/v2/FabricGateway] 	Successfully connected user with identity _AuctioncentersMSP_User3 to a Network Gateway
2026.08.11-09:16:42.285[32m info [39m [caliper] [connectors/v2/FabricGateway] 	Generating contract map for user _AuctioncentersMSP_User3
2026.08.11-09:16:42.299[32m info [39m [caliper] [connectors/v2/FabricGateway] 	Successfully connected user with identity _AuctioncentersMSP_User3 to a Network Gateway
2026.08.11-09:16:42.300[32m info [39m [caliper] [connectors/v2/FabricGateway] 	Generating contract map for user _AuctioncentersMSP_User3
2026.08.11-09:16:42.318[32m info [39m [caliper] [connectors/v2/FabricGateway] 	Successfully connected user with identity _AuctioncentersMSP_User3 to a Network Gateway
2026.08.11-09:16:42.318[32m info [39m [caliper] [connectors/v2/FabricGateway] 	Generating contract map for user _AuctioncentersMSP_User3
2026.08.11-09:16:42.319[32m info [39m [caliper] [connectors/v2/FabricGateway] 	Connecting user with identity _AuctioncentersMSP_User4 to a Network Gateway
2026.08.11-09:16:42.320[32m info [39m [caliper] [connectors/v2/FabricGateway] 	Connecting user with identity _AuctioncentersMSP_User4 to a Network Gateway
2026.08.11-09:16:42.337[32m info [39m [caliper] [connectors/v2/FabricGateway] 	Connecting user with identity _AuctioncentersMSP_User4 to a Network Gateway
2026.08.11-09:16:42.353[32m info [39m [caliper] [connectors/v2/FabricGateway] 	Connecting user with identity _AuctioncentersMSP_User4 to a Network Gateway
2026.08.11-09:16:42.370[32m info [39m [caliper] [connectors/v2/FabricGateway] 	Connecting user with identity _AuctioncentersMSP_User4 to a Network Gateway
2026.08.11-09:16:42.384[32m info [39m [caliper] [connectors/v2/FabricGateway] 	Successfully connected user with identity _AuctioncentersMSP_User4 to a Network Gateway
2026.08.11-09:16:42.384[32m info [39m [caliper] [connectors/v2/FabricGateway] 	Generating contract map for user _AuctioncentersMSP_User4
2026.08.11-09:16:42.389[32m info [39m [caliper] [connectors/v2/FabricGateway] 	Successfully connected user with identity _AuctioncentersMSP_User4 to a Network Gateway
2026.08.11-09:16:42.389[32m info [39m [caliper] [connectors/v2/FabricGateway] 	Generating contract map for user _AuctioncentersMSP_User4
2026.08.11-09:16:42.407[32m info [39m [caliper] [connectors/v2/FabricGateway] 	Successfully connected user with identity _AuctioncentersMSP_User4 to a Network Gateway
2026.08.11-09:16:42.407[32m info [39m [caliper] [connectors/v2/FabricGateway] 	Generating contract map for user _AuctioncentersMSP_User4
2026.08.11-09:16:42.422[32m info [39m [caliper] [connectors/v2/FabricGateway] 	Successfully connected user with identity _AuctioncentersMSP_User4 to a Network Gateway
2026.08.11-09:16:42.422[32m info [39m [caliper] [connectors/v2/FabricGateway] 	Generating contract map for user _AuctioncentersMSP_User4
2026.08.11-09:16:42.437[32m info [39m [caliper] [connectors/v2/FabricGateway] 	Connecting user with identity _AuctioncentersMSP_User5 to a Network Gateway
2026.08.11-09:16:42.438[32m info [39m [caliper] [connectors/v2/FabricGateway] 	Successfully connected user with identity _AuctioncentersMSP_User4 to a Network Gateway
2026.08.11-09:16:42.438[32m info [39m [caliper] [connectors/v2/FabricGateway] 	Generating contract map for user _AuctioncentersMSP_User4
2026.08.11-09:16:42.442[32m info [39m [caliper] [connectors/v2/FabricGateway] 	Connecting user with identity _AuctioncentersMSP_User5 to a Network Gateway
2026.08.11-09:16:42.463[32m info [39m [caliper] [connectors/v2/FabricGateway] 	Connecting user with identity _AuctioncentersMSP_User5 to a Network Gateway
2026.08.11-09:16:42.476[32m info [39m [caliper] [connectors/v2/FabricGateway] 	Connecting user with identity _AuctioncentersMSP_User5 to a Network Gateway
2026.08.11-09:16:42.493[32m info [39m [caliper] [connectors/v2/FabricGateway] 	Connecting user with identity _AuctioncentersMSP_User5 to a Network Gateway
2026.08.11-09:16:42.505[32m info [39m [caliper] [connectors/v2/FabricGateway] 	Successfully connected user with identity _AuctioncentersMSP_User5 to a Network Gateway
2026.08.11-09:16:42.506[32m info [39m [caliper] [connectors/v2/FabricGateway] 	Generating contract map for user _AuctioncentersMSP_User5
2026.08.11-09:16:42.510[32m info [39m [caliper] [connectors/v2/FabricGateway] 	Successfully connected user with identity _AuctioncentersMSP_User5 to a Network Gateway
2026.08.11-09:16:42.510[32m info [39m [caliper] [connectors/v2/FabricGateway] 	Generating contract map for user _AuctioncentersMSP_User5
2026.08.11-09:16:42.538[32m info [39m [caliper] [connectors/v2/FabricGateway] 	Successfully connected user with identity _AuctioncentersMSP_User5 to a Network Gateway
2026.08.11-09:16:42.538[32m info [39m [caliper] [connectors/v2/FabricGateway] 	Generating contract map for user _AuctioncentersMSP_User5
2026.08.11-09:16:42.547[32m info [39m [caliper] [connectors/v2/FabricGateway] 	Successfully connected user with identity _AuctioncentersMSP_User5 to a Network Gateway
2026.08.11-09:16:42.547[32m info [39m [caliper] [connectors/v2/FabricGateway] 	Generating contract map for user _AuctioncentersMSP_User5
2026.08.11-09:16:42.560[32m info [39m [caliper] [connectors/v2/FabricGateway] 	Successfully connected user with identity _AuctioncentersMSP_User5 to a Network Gateway
2026.08.11-09:16:42.561[32m info [39m [caliper] [connectors/v2/FabricGateway] 	Generating contract map for user _AuctioncentersMSP_User5
2026.08.11-09:16:42.583[32m info [39m [caliper] [connectors/v2/FabricGateway] 	Connecting user with identity _WholesalersMSP_User0 to a Network Gateway
2026.08.11-09:16:42.583[32m info [39m [caliper] [connectors/v2/FabricGateway] 	Connecting user with identity _WholesalersMSP_User0 to a Network Gateway
2026.08.11-09:16:42.611[32m info [39m [caliper] [connectors/v2/FabricGateway] 	Connecting user with identity _WholesalersMSP_User0 to a Network Gateway
2026.08.11-09:16:42.625[32m info [39m [caliper] [connectors/v2/FabricGateway] 	Connecting user with identity _WholesalersMSP_User0 to a Network Gateway
2026.08.11-09:16:42.640[32m info [39m [caliper] [connectors/v2/FabricGateway] 	Connecting user with identity _WholesalersMSP_User0 to a Network Gateway
2026.08.11-09:16:42.645[32m info [39m [caliper] [connectors/v2/FabricGateway] 	Successfully connected user with identity _WholesalersMSP_User0 to a Network Gateway
2026.08.11-09:16:42.645[32m info [39m [caliper] [connectors/v2/FabricGateway] 	Generating contract map for user _WholesalersMSP_User0
2026.08.11-09:16:42.651[32m info [39m [caliper] [connectors/v2/FabricGateway] 	Successfully connected user with identity _WholesalersMSP_User0 to a Network Gateway
2026.08.11-09:16:42.652[32m info [39m [caliper] [connectors/v2/FabricGateway] 	Generating contract map for user _WholesalersMSP_User0
2026.08.11-09:16:42.680[32m info [39m [caliper] [connectors/v2/FabricGateway] 	Successfully connected user with identity _WholesalersMSP_User0 to a Network Gateway
2026.08.11-09:16:42.680[32m info [39m [caliper] [connectors/v2/FabricGateway] 	Generating contract map for user _WholesalersMSP_User0
2026.08.11-09:16:42.702[32m info [39m [caliper] [connectors/v2/FabricGateway] 	Connecting user with identity _WholesalersMSP_User1 to a Network Gateway
2026.08.11-09:16:42.704[32m info [39m [caliper] [connectors/v2/FabricGateway] 	Connecting user with identity _WholesalersMSP_User1 to a Network Gateway
2026.08.11-09:16:42.705[32m info [39m [caliper] [connectors/v2/FabricGateway] 	Successfully connected user with identity _WholesalersMSP_User0 to a Network Gateway
2026.08.11-09:16:42.706[32m info [39m [caliper] [connectors/v2/FabricGateway] 	Generating contract map for user _WholesalersMSP_User0
2026.08.11-09:16:42.714[32m info [39m [caliper] [connectors/v2/FabricGateway] 	Successfully connected user with identity _WholesalersMSP_User0 to a Network Gateway
2026.08.11-09:16:42.714[32m info [39m [caliper] [connectors/v2/FabricGateway] 	Generating contract map for user _WholesalersMSP_User0
2026.08.11-09:16:42.737[32m info [39m [caliper] [connectors/v2/FabricGateway] 	Connecting user with identity _WholesalersMSP_User1 to a Network Gateway
2026.08.11-09:16:42.761[32m info [39m [caliper] [connectors/v2/FabricGateway] 	Connecting user with identity _WholesalersMSP_User1 to a Network Gateway
2026.08.11-09:16:42.769[32m info [39m [caliper] [connectors/v2/FabricGateway] 	Connecting user with identity _WholesalersMSP_User1 to a Network Gateway
2026.08.11-09:16:42.774[32m info [39m [caliper] [connectors/v2/FabricGateway] 	Successfully connected user with identity _WholesalersMSP_User1 to a Network Gateway
2026.08.11-09:16:42.775[32m info [39m [caliper] [connectors/v2/FabricGateway] 	Generating contract map for user _WholesalersMSP_User1
2026.08.11-09:16:42.777[32m info [39m [caliper] [connectors/v2/FabricGateway] 	Successfully connected user with identity _WholesalersMSP_User1 to a Network Gateway
2026.08.11-09:16:42.777[32m info [39m [caliper] [connectors/v2/FabricGateway] 	Generating contract map for user _WholesalersMSP_User1
2026.08.11-09:16:42.808[32m info [39m [caliper] [connectors/v2/FabricGateway] 	Successfully connected user with identity _WholesalersMSP_User1 to a Network Gateway
2026.08.11-09:16:42.808[32m info [39m [caliper] [connectors/v2/FabricGateway] 	Generating contract map for user _WholesalersMSP_User1
2026.08.11-09:16:42.825[32m info [39m [caliper] [connectors/v2/FabricGateway] 	Connecting user with identity _WholesalersMSP_User2 to a Network Gateway
2026.08.11-09:16:42.826[32m info [39m [caliper] [connectors/v2/FabricGateway] 	Connecting user with identity _WholesalersMSP_User2 to a Network Gateway
2026.08.11-09:16:42.828[32m info [39m [caliper] [connectors/v2/FabricGateway] 	Successfully connected user with identity _WholesalersMSP_User1 to a Network Gateway
2026.08.11-09:16:42.828[32m info [39m [caliper] [connectors/v2/FabricGateway] 	Generating contract map for user _WholesalersMSP_User1
2026.08.11-09:16:42.839[32m info [39m [caliper] [connectors/v2/FabricGateway] 	Successfully connected user with identity _WholesalersMSP_User1 to a Network Gateway
2026.08.11-09:16:42.839[32m info [39m [caliper] [connectors/v2/FabricGateway] 	Generating contract map for user _WholesalersMSP_User1
2026.08.11-09:16:42.859[32m info [39m [caliper] [connectors/v2/FabricGateway] 	Connecting user with identity _WholesalersMSP_User2 to a Network Gateway
2026.08.11-09:16:42.876[32m info [39m [caliper] [connectors/v2/FabricGateway] 	Connecting user with identity _WholesalersMSP_User2 to a Network Gateway
2026.08.11-09:16:42.888[32m info [39m [caliper] [connectors/v2/FabricGateway] 	Connecting user with identity _WholesalersMSP_User2 to a Network Gateway
2026.08.11-09:16:42.897[32m info [39m [caliper] [connectors/v2/FabricGateway] 	Successfully connected user with identity _WholesalersMSP_User2 to a Network Gateway
2026.08.11-09:16:42.897[32m info [39m [caliper] [connectors/v2/FabricGateway] 	Generating contract map for user _WholesalersMSP_User2
2026.08.11-09:16:42.902[32m info [39m [caliper] [connectors/v2/FabricGateway] 	Successfully connected user with identity _WholesalersMSP_User2 to a Network Gateway
2026.08.11-09:16:42.903[32m info [39m [caliper] [connectors/v2/FabricGateway] 	Generating contract map for user _WholesalersMSP_User2
2026.08.11-09:16:42.936[32m info [39m [caliper] [connectors/v2/FabricGateway] 	Successfully connected user with identity _WholesalersMSP_User2 to a Network Gateway
2026.08.11-09:16:42.936[32m info [39m [caliper] [connectors/v2/FabricGateway] 	Generating contract map for user _WholesalersMSP_User2
2026.08.11-09:16:42.948[32m info [39m [caliper] [connectors/v2/FabricGateway] 	Connecting user with identity _WholesalersMSP_User3 to a Network Gateway
2026.08.11-09:16:42.951[32m info [39m [caliper] [connectors/v2/FabricGateway] 	Successfully connected user with identity _WholesalersMSP_User2 to a Network Gateway
2026.08.11-09:16:42.952[32m info [39m [caliper] [connectors/v2/FabricGateway] 	Generating contract map for user _WholesalersMSP_User2
2026.08.11-09:16:42.955[32m info [39m [caliper] [connectors/v2/FabricGateway] 	Successfully connected user with identity _WholesalersMSP_User2 to a Network Gateway
2026.08.11-09:16:42.955[32m info [39m [caliper] [connectors/v2/FabricGateway] 	Generating contract map for user _WholesalersMSP_User2
2026.08.11-09:16:42.955[32m info [39m [caliper] [connectors/v2/FabricGateway] 	Connecting user with identity _WholesalersMSP_User3 to a Network Gateway
2026.08.11-09:16:42.989[32m info [39m [caliper] [connectors/v2/FabricGateway] 	Connecting user with identity _WholesalersMSP_User3 to a Network Gateway
2026.08.11-09:16:42.999[32m info [39m [caliper] [connectors/v2/FabricGateway] 	Connecting user with identity _WholesalersMSP_User3 to a Network Gateway
2026.08.11-09:16:43.004[32m info [39m [caliper] [connectors/v2/FabricGateway] 	Connecting user with identity _WholesalersMSP_User3 to a Network Gateway
2026.08.11-09:16:43.017[32m info [39m [caliper] [connectors/v2/FabricGateway] 	Successfully connected user with identity _WholesalersMSP_User3 to a Network Gateway
2026.08.11-09:16:43.017[32m info [39m [caliper] [connectors/v2/FabricGateway] 	Generating contract map for user _WholesalersMSP_User3
2026.08.11-09:16:43.027[32m info [39m [caliper] [connectors/v2/FabricGateway] 	Successfully connected user with identity _WholesalersMSP_User3 to a Network Gateway
2026.08.11-09:16:43.027[32m info [39m [caliper] [connectors/v2/FabricGateway] 	Generating contract map for user _WholesalersMSP_User3
2026.08.11-09:16:43.056[32m info [39m [caliper] [connectors/v2/FabricGateway] 	Successfully connected user with identity _WholesalersMSP_User3 to a Network Gateway
2026.08.11-09:16:43.056[32m info [39m [caliper] [connectors/v2/FabricGateway] 	Generating contract map for user _WholesalersMSP_User3
2026.08.11-09:16:43.065[32m info [39m [caliper] [connectors/v2/FabricGateway] 	Connecting user with identity _WholesalersMSP_User4 to a Network Gateway
2026.08.11-09:16:43.066[32m info [39m [caliper] [connectors/v2/FabricGateway] 	Successfully connected user with identity _WholesalersMSP_User3 to a Network Gateway
2026.08.11-09:16:43.066[32m info [39m [caliper] [connectors/v2/FabricGateway] 	Generating contract map for user _WholesalersMSP_User3
2026.08.11-09:16:43.078[32m info [39m [caliper] [connectors/v2/FabricGateway] 	Connecting user with identity _WholesalersMSP_User4 to a Network Gateway
2026.08.11-09:16:43.079[32m info [39m [caliper] [connectors/v2/FabricGateway] 	Successfully connected user with identity _WholesalersMSP_User3 to a Network Gateway
2026.08.11-09:16:43.079[32m info [39m [caliper] [connectors/v2/FabricGateway] 	Generating contract map for user _WholesalersMSP_User3
2026.08.11-09:16:43.107[32m info [39m [caliper] [connectors/v2/FabricGateway] 	Connecting user with identity _WholesalersMSP_User4 to a Network Gateway
2026.08.11-09:16:43.115[32m info [39m [caliper] [connectors/v2/FabricGateway] 	Connecting user with identity _WholesalersMSP_User4 to a Network Gateway
2026.08.11-09:16:43.129[32m info [39m [caliper] [connectors/v2/FabricGateway] 	Successfully connected user with identity _WholesalersMSP_User4 to a Network Gateway
2026.08.11-09:16:43.129[32m info [39m [caliper] [connectors/v2/FabricGateway] 	Connecting user with identity _WholesalersMSP_User4 to a Network Gateway
2026.08.11-09:16:43.129[32m info [39m [caliper] [connectors/v2/FabricGateway] 	Generating contract map for user _WholesalersMSP_User4
2026.08.11-09:16:43.142[32m info [39m [caliper] [connectors/v2/FabricGateway] 	Successfully connected user with identity _WholesalersMSP_User4 to a Network Gateway
2026.08.11-09:16:43.143[32m info [39m [caliper] [connectors/v2/FabricGateway] 	Generating contract map for user _WholesalersMSP_User4
2026.08.11-09:16:43.173[32m info [39m [caliper] [connectors/v2/FabricGateway] 	Successfully connected user with identity _WholesalersMSP_User4 to a Network Gateway
2026.08.11-09:16:43.173[32m info [39m [caliper] [connectors/v2/FabricGateway] 	Generating contract map for user _WholesalersMSP_User4
2026.08.11-09:16:43.178[32m info [39m [caliper] [connectors/v2/FabricGateway] 	Connecting user with identity _WholesalersMSP_User5 to a Network Gateway
2026.08.11-09:16:43.185[32m info [39m [caliper] [connectors/v2/FabricGateway] 	Successfully connected user with identity _WholesalersMSP_User4 to a Network Gateway
2026.08.11-09:16:43.185[32m info [39m [caliper] [connectors/v2/FabricGateway] 	Generating contract map for user _WholesalersMSP_User4
2026.08.11-09:16:43.195[32m info [39m [caliper] [connectors/v2/FabricGateway] 	Connecting user with identity _WholesalersMSP_User5 to a Network Gateway
2026.08.11-09:16:43.199[32m info [39m [caliper] [connectors/v2/FabricGateway] 	Successfully connected user with identity _WholesalersMSP_User4 to a Network Gateway
2026.08.11-09:16:43.199[32m info [39m [caliper] [connectors/v2/FabricGateway] 	Generating contract map for user _WholesalersMSP_User4
2026.08.11-09:16:43.220[32m info [39m [caliper] [connectors/v2/FabricGateway] 	Connecting user with identity _WholesalersMSP_User5 to a Network Gateway
2026.08.11-09:16:43.237[32m info [39m [caliper] [connectors/v2/FabricGateway] 	Connecting user with identity _WholesalersMSP_User5 to a Network Gateway
2026.08.11-09:16:43.238[32m info [39m [caliper] [connectors/v2/FabricGateway] 	Successfully connected user with identity _WholesalersMSP_User5 to a Network Gateway
2026.08.11-09:16:43.239[32m info [39m [caliper] [connectors/v2/FabricGateway] 	Generating contract map for user _WholesalersMSP_User5
2026.08.11-09:16:43.247[32m info [39m [caliper] [connectors/v2/FabricGateway] 	Connecting user with identity _WholesalersMSP_User5 to a Network Gateway
2026.08.11-09:16:43.269[32m info [39m [caliper] [connectors/v2/FabricGateway] 	Successfully connected user with identity _WholesalersMSP_User5 to a Network Gateway
2026.08.11-09:16:43.270[32m info [39m [caliper] [connectors/v2/FabricGateway] 	Generating contract map for user _WholesalersMSP_User5
2026.08.11-09:16:43.285[32m info [39m [caliper] [connectors/v2/FabricGateway] 	Successfully connected user with identity _WholesalersMSP_User5 to a Network Gateway
2026.08.11-09:16:43.285[32m info [39m [caliper] [connectors/v2/FabricGateway] 	Generating contract map for user _WholesalersMSP_User5
2026.08.11-09:16:43.286[32m info [39m [caliper] [connectors/v2/FabricGateway] 	Connecting user with identity _RetailersMSP_User0 to a Network Gateway
2026.08.11-09:16:43.299[32m info [39m [caliper] [connectors/v2/FabricGateway] 	Successfully connected user with identity _WholesalersMSP_User5 to a Network Gateway
2026.08.11-09:16:43.299[32m info [39m [caliper] [connectors/v2/FabricGateway] 	Generating contract map for user _WholesalersMSP_User5
2026.08.11-09:16:43.312[32m info [39m [caliper] [connectors/v2/FabricGateway] 	Successfully connected user with identity _WholesalersMSP_User5 to a Network Gateway
2026.08.11-09:16:43.312[32m info [39m [caliper] [connectors/v2/FabricGateway] 	Generating contract map for user _WholesalersMSP_User5
2026.08.11-09:16:43.320[32m info [39m [caliper] [connectors/v2/FabricGateway] 	Connecting user with identity _RetailersMSP_User0 to a Network Gateway
2026.08.11-09:16:43.335[32m info [39m [caliper] [connectors/v2/FabricGateway] 	Connecting user with identity _RetailersMSP_User0 to a Network Gateway
2026.08.11-09:16:43.349[32m info [39m [caliper] [connectors/v2/FabricGateway] 	Connecting user with identity _RetailersMSP_User0 to a Network Gateway
2026.08.11-09:16:43.358[32m info [39m [caliper] [connectors/v2/FabricGateway] 	Successfully connected user with identity _RetailersMSP_User0 to a Network Gateway
2026.08.11-09:16:43.358[32m info [39m [caliper] [connectors/v2/FabricGateway] 	Generating contract map for user _RetailersMSP_User0
2026.08.11-09:16:43.361[32m info [39m [caliper] [connectors/v2/FabricGateway] 	Connecting user with identity _RetailersMSP_User0 to a Network Gateway
2026.08.11-09:16:43.388[32m info [39m [caliper] [connectors/v2/FabricGateway] 	Successfully connected user with identity _RetailersMSP_User0 to a Network Gateway
2026.08.11-09:16:43.389[32m info [39m [caliper] [connectors/v2/FabricGateway] 	Generating contract map for user _RetailersMSP_User0
2026.08.11-09:16:43.401[32m info [39m [caliper] [connectors/v2/FabricGateway] 	Successfully connected user with identity _RetailersMSP_User0 to a Network Gateway
2026.08.11-09:16:43.401[32m info [39m [caliper] [connectors/v2/FabricGateway] 	Generating contract map for user _RetailersMSP_User0
2026.08.11-09:16:43.406[32m info [39m [caliper] [connectors/v2/FabricGateway] 	Connecting user with identity _RetailersMSP_User1 to a Network Gateway
2026.08.11-09:16:43.414[32m info [39m [caliper] [connectors/v2/FabricGateway] 	Successfully connected user with identity _RetailersMSP_User0 to a Network Gateway
2026.08.11-09:16:43.414[32m info [39m [caliper] [connectors/v2/FabricGateway] 	Generating contract map for user _RetailersMSP_User0
2026.08.11-09:16:43.426[32m info [39m [caliper] [connectors/v2/FabricGateway] 	Successfully connected user with identity _RetailersMSP_User0 to a Network Gateway
2026.08.11-09:16:43.427[32m info [39m [caliper] [connectors/v2/FabricGateway] 	Generating contract map for user _RetailersMSP_User0
2026.08.11-09:16:43.439[32m info [39m [caliper] [connectors/v2/FabricGateway] 	Connecting user with identity _RetailersMSP_User1 to a Network Gateway
2026.08.11-09:16:43.452[32m info [39m [caliper] [connectors/v2/FabricGateway] 	Connecting user with identity _RetailersMSP_User1 to a Network Gateway
2026.08.11-09:16:43.474[32m info [39m [caliper] [connectors/v2/FabricGateway] 	Successfully connected user with identity _RetailersMSP_User1 to a Network Gateway
2026.08.11-09:16:43.474[32m info [39m [caliper] [connectors/v2/FabricGateway] 	Generating contract map for user _RetailersMSP_User1
2026.08.11-09:16:43.475[32m info [39m [caliper] [connectors/v2/FabricGateway] 	Connecting user with identity _RetailersMSP_User1 to a Network Gateway
2026.08.11-09:16:43.479[32m info [39m [caliper] [connectors/v2/FabricGateway] 	Connecting user with identity _RetailersMSP_User1 to a Network Gateway
2026.08.11-09:16:43.505[32m info [39m [caliper] [connectors/v2/FabricGateway] 	Successfully connected user with identity _RetailersMSP_User1 to a Network Gateway
2026.08.11-09:16:43.505[32m info [39m [caliper] [connectors/v2/FabricGateway] 	Generating contract map for user _RetailersMSP_User1
2026.08.11-09:16:43.521[32m info [39m [caliper] [connectors/v2/FabricGateway] 	Successfully connected user with identity _RetailersMSP_User1 to a Network Gateway
2026.08.11-09:16:43.521[32m info [39m [caliper] [connectors/v2/FabricGateway] 	Generating contract map for user _RetailersMSP_User1
2026.08.11-09:16:43.523[32m info [39m [caliper] [connectors/v2/FabricGateway] 	Connecting user with identity _RetailersMSP_User2 to a Network Gateway
2026.08.11-09:16:43.543[32m info [39m [caliper] [connectors/v2/FabricGateway] 	Successfully connected user with identity _RetailersMSP_User1 to a Network Gateway
2026.08.11-09:16:43.543[32m info [39m [caliper] [connectors/v2/FabricGateway] 	Generating contract map for user _RetailersMSP_User1
2026.08.11-09:16:43.547[32m info [39m [caliper] [connectors/v2/FabricGateway] 	Successfully connected user with identity _RetailersMSP_User1 to a Network Gateway
2026.08.11-09:16:43.548[32m info [39m [caliper] [connectors/v2/FabricGateway] 	Generating contract map for user _RetailersMSP_User1
2026.08.11-09:16:43.559[32m info [39m [caliper] [connectors/v2/FabricGateway] 	Connecting user with identity _RetailersMSP_User2 to a Network Gateway
2026.08.11-09:16:43.572[32m info [39m [caliper] [connectors/v2/FabricGateway] 	Connecting user with identity _RetailersMSP_User2 to a Network Gateway
2026.08.11-09:16:43.591[32m info [39m [caliper] [connectors/v2/FabricGateway] 	Successfully connected user with identity _RetailersMSP_User2 to a Network Gateway
2026.08.11-09:16:43.591[32m info [39m [caliper] [connectors/v2/FabricGateway] 	Generating contract map for user _RetailersMSP_User2
2026.08.11-09:16:43.595[32m info [39m [caliper] [connectors/v2/FabricGateway] 	Connecting user with identity _RetailersMSP_User2 to a Network Gateway
2026.08.11-09:16:43.604[32m info [39m [caliper] [connectors/v2/FabricGateway] 	Connecting user with identity _RetailersMSP_User2 to a Network Gateway
2026.08.11-09:16:43.629[32m info [39m [caliper] [connectors/v2/FabricGateway] 	Successfully connected user with identity _RetailersMSP_User2 to a Network Gateway
2026.08.11-09:16:43.630[32m info [39m [caliper] [connectors/v2/FabricGateway] 	Generating contract map for user _RetailersMSP_User2
2026.08.11-09:16:43.641[32m info [39m [caliper] [connectors/v2/FabricGateway] 	Successfully connected user with identity _RetailersMSP_User2 to a Network Gateway
2026.08.11-09:16:43.641[32m info [39m [caliper] [connectors/v2/FabricGateway] 	Generating contract map for user _RetailersMSP_User2
2026.08.11-09:16:43.645[32m info [39m [caliper] [connectors/v2/FabricGateway] 	Connecting user with identity _RetailersMSP_User3 to a Network Gateway
2026.08.11-09:16:43.666[32m info [39m [caliper] [connectors/v2/FabricGateway] 	Successfully connected user with identity _RetailersMSP_User2 to a Network Gateway
2026.08.11-09:16:43.666[32m info [39m [caliper] [connectors/v2/FabricGateway] 	Generating contract map for user _RetailersMSP_User2
2026.08.11-09:16:43.674[32m info [39m [caliper] [connectors/v2/FabricGateway] 	Successfully connected user with identity _RetailersMSP_User2 to a Network Gateway
2026.08.11-09:16:43.674[32m info [39m [caliper] [connectors/v2/FabricGateway] 	Generating contract map for user _RetailersMSP_User2
2026.08.11-09:16:43.679[32m info [39m [caliper] [connectors/v2/FabricGateway] 	Connecting user with identity _RetailersMSP_User3 to a Network Gateway
2026.08.11-09:16:43.689[32m info [39m [caliper] [connectors/v2/FabricGateway] 	Connecting user with identity _RetailersMSP_User3 to a Network Gateway
2026.08.11-09:16:43.714[32m info [39m [caliper] [connectors/v2/FabricGateway] 	Successfully connected user with identity _RetailersMSP_User3 to a Network Gateway
2026.08.11-09:16:43.714[32m info [39m [caliper] [connectors/v2/FabricGateway] 	Generating contract map for user _RetailersMSP_User3
2026.08.11-09:16:43.715[32m info [39m [caliper] [connectors/v2/FabricGateway] 	Connecting user with identity _RetailersMSP_User3 to a Network Gateway
2026.08.11-09:16:43.721[32m info [39m [caliper] [connectors/v2/FabricGateway] 	Connecting user with identity _RetailersMSP_User3 to a Network Gateway
2026.08.11-09:16:43.747[32m info [39m [caliper] [connectors/v2/FabricGateway] 	Successfully connected user with identity _RetailersMSP_User3 to a Network Gateway
2026.08.11-09:16:43.747[32m info [39m [caliper] [connectors/v2/FabricGateway] 	Generating contract map for user _RetailersMSP_User3
2026.08.11-09:16:43.754[32m info [39m [caliper] [connectors/v2/FabricGateway] 	Successfully connected user with identity _RetailersMSP_User3 to a Network Gateway
2026.08.11-09:16:43.754[32m info [39m [caliper] [connectors/v2/FabricGateway] 	Generating contract map for user _RetailersMSP_User3
2026.08.11-09:16:43.765[32m info [39m [caliper] [connectors/v2/FabricGateway] 	Connecting user with identity _RetailersMSP_User4 to a Network Gateway
2026.08.11-09:16:43.780[32m info [39m [caliper] [connectors/v2/FabricGateway] 	Successfully connected user with identity _RetailersMSP_User3 to a Network Gateway
2026.08.11-09:16:43.781[32m info [39m [caliper] [connectors/v2/FabricGateway] 	Generating contract map for user _RetailersMSP_User3
2026.08.11-09:16:43.789[32m info [39m [caliper] [connectors/v2/FabricGateway] 	Successfully connected user with identity _RetailersMSP_User3 to a Network Gateway
2026.08.11-09:16:43.789[32m info [39m [caliper] [connectors/v2/FabricGateway] 	Generating contract map for user _RetailersMSP_User3
2026.08.11-09:16:43.798[32m info [39m [caliper] [connectors/v2/FabricGateway] 	Connecting user with identity _RetailersMSP_User4 to a Network Gateway
2026.08.11-09:16:43.802[32m info [39m [caliper] [connectors/v2/FabricGateway] 	Connecting user with identity _RetailersMSP_User4 to a Network Gateway
2026.08.11-09:16:43.826[32m info [39m [caliper] [connectors/v2/FabricGateway] 	Connecting user with identity _RetailersMSP_User4 to a Network Gateway
2026.08.11-09:16:43.831[32m info [39m [caliper] [connectors/v2/FabricGateway] 	Successfully connected user with identity _RetailersMSP_User4 to a Network Gateway
2026.08.11-09:16:43.831[32m info [39m [caliper] [connectors/v2/FabricGateway] 	Generating contract map for user _RetailersMSP_User4
2026.08.11-09:16:43.836[32m info [39m [caliper] [connectors/v2/FabricGateway] 	Connecting user with identity _RetailersMSP_User4 to a Network Gateway
2026.08.11-09:16:43.865[32m info [39m [caliper] [connectors/v2/FabricGateway] 	Successfully connected user with identity _RetailersMSP_User4 to a Network Gateway
2026.08.11-09:16:43.865[32m info [39m [caliper] [connectors/v2/FabricGateway] 	Generating contract map for user _RetailersMSP_User4
2026.08.11-09:16:43.875[32m info [39m [caliper] [connectors/v2/FabricGateway] 	Successfully connected user with identity _RetailersMSP_User4 to a Network Gateway
2026.08.11-09:16:43.875[32m info [39m [caliper] [connectors/v2/FabricGateway] 	Generating contract map for user _RetailersMSP_User4
2026.08.11-09:16:43.876[32m info [39m [caliper] [connectors/v2/FabricGateway] 	Connecting user with identity _RetailersMSP_User5 to a Network Gateway
2026.08.11-09:16:43.899[32m info [39m [caliper] [connectors/v2/FabricGateway] 	Successfully connected user with identity _RetailersMSP_User4 to a Network Gateway
2026.08.11-09:16:43.899[32m info [39m [caliper] [connectors/v2/FabricGateway] 	Generating contract map for user _RetailersMSP_User4
2026.08.11-09:16:43.900[32m info [39m [caliper] [connectors/v2/FabricGateway] 	Successfully connected user with identity _RetailersMSP_User4 to a Network Gateway
2026.08.11-09:16:43.900[32m info [39m [caliper] [connectors/v2/FabricGateway] 	Generating contract map for user _RetailersMSP_User4
2026.08.11-09:16:43.914[32m info [39m [caliper] [connectors/v2/FabricGateway] 	Connecting user with identity _RetailersMSP_User5 to a Network Gateway
2026.08.11-09:16:43.926[32m info [39m [caliper] [connectors/v2/FabricGateway] 	Connecting user with identity _RetailersMSP_User5 to a Network Gateway
2026.08.11-09:16:43.942[32m info [39m [caliper] [connectors/v2/FabricGateway] 	Successfully connected user with identity _RetailersMSP_User5 to a Network Gateway
2026.08.11-09:16:43.942[32m info [39m [caliper] [connectors/v2/FabricGateway] 	Generating contract map for user _RetailersMSP_User5
2026.08.11-09:16:43.948[32m info [39m [caliper] [connectors/v2/FabricGateway] 	Connecting user with identity _RetailersMSP_User5 to a Network Gateway
2026.08.11-09:16:43.948[32m info [39m [caliper] [connectors/v2/FabricGateway] 	Connecting user with identity _RetailersMSP_User5 to a Network Gateway
2026.08.11-09:16:43.982[32m info [39m [caliper] [connectors/v2/FabricGateway] 	Successfully connected user with identity _RetailersMSP_User5 to a Network Gateway
2026.08.11-09:16:43.982[32m info [39m [caliper] [connectors/v2/FabricGateway] 	Generating contract map for user _RetailersMSP_User5
2026.08.11-09:16:43.989[32m info [39m [caliper] [connectors/v2/FabricGateway] 	Connecting user with identity _ConsumersMSP_User0 to a Network Gateway
2026.08.11-09:16:43.993[32m info [39m [caliper] [connectors/v2/FabricGateway] 	Successfully connected user with identity _RetailersMSP_User5 to a Network Gateway
2026.08.11-09:16:43.993[32m info [39m [caliper] [connectors/v2/FabricGateway] 	Generating contract map for user _RetailersMSP_User5
2026.08.11-09:16:44.013[32m info [39m [caliper] [connectors/v2/FabricGateway] 	Successfully connected user with identity _RetailersMSP_User5 to a Network Gateway
2026.08.11-09:16:44.013[32m info [39m [caliper] [connectors/v2/FabricGateway] 	Generating contract map for user _RetailersMSP_User5
2026.08.11-09:16:44.017[32m info [39m [caliper] [connectors/v2/FabricGateway] 	Successfully connected user with identity _RetailersMSP_User5 to a Network Gateway
2026.08.11-09:16:44.017[32m info [39m [caliper] [connectors/v2/FabricGateway] 	Generating contract map for user _RetailersMSP_User5
2026.08.11-09:16:44.037[32m info [39m [caliper] [connectors/v2/FabricGateway] 	Connecting user with identity _ConsumersMSP_User0 to a Network Gateway
2026.08.11-09:16:44.045[32m info [39m [caliper] [connectors/v2/FabricGateway] 	Connecting user with identity _ConsumersMSP_User0 to a Network Gateway
2026.08.11-09:16:44.065[32m info [39m [caliper] [connectors/v2/FabricGateway] 	Successfully connected user with identity _ConsumersMSP_User0 to a Network Gateway
2026.08.11-09:16:44.065[32m info [39m [caliper] [connectors/v2/FabricGateway] 	Generating contract map for user _ConsumersMSP_User0
2026.08.11-09:16:44.072[32m info [39m [caliper] [connectors/v2/FabricGateway] 	Connecting user with identity _ConsumersMSP_User0 to a Network Gateway
2026.08.11-09:16:44.075[32m info [39m [caliper] [connectors/v2/FabricGateway] 	Connecting user with identity _ConsumersMSP_User0 to a Network Gateway
2026.08.11-09:16:44.114[32m info [39m [caliper] [connectors/v2/FabricGateway] 	Connecting user with identity _ConsumersMSP_User1 to a Network Gateway
2026.08.11-09:16:44.114[32m info [39m [caliper] [connectors/v2/FabricGateway] 	Successfully connected user with identity _ConsumersMSP_User0 to a Network Gateway
2026.08.11-09:16:44.114[32m info [39m [caliper] [connectors/v2/FabricGateway] 	Generating contract map for user _ConsumersMSP_User0
2026.08.11-09:16:44.115[32m info [39m [caliper] [connectors/v2/FabricGateway] 	Successfully connected user with identity _ConsumersMSP_User0 to a Network Gateway
2026.08.11-09:16:44.115[32m info [39m [caliper] [connectors/v2/FabricGateway] 	Generating contract map for user _ConsumersMSP_User0
2026.08.11-09:16:44.139[32m info [39m [caliper] [connectors/v2/FabricGateway] 	Successfully connected user with identity _ConsumersMSP_User0 to a Network Gateway
2026.08.11-09:16:44.139[32m info [39m [caliper] [connectors/v2/FabricGateway] 	Generating contract map for user _ConsumersMSP_User0
2026.08.11-09:16:44.144[32m info [39m [caliper] [connectors/v2/FabricGateway] 	Successfully connected user with identity _ConsumersMSP_User0 to a Network Gateway
2026.08.11-09:16:44.144[32m info [39m [caliper] [connectors/v2/FabricGateway] 	Generating contract map for user _ConsumersMSP_User0
2026.08.11-09:16:44.168[32m info [39m [caliper] [connectors/v2/FabricGateway] 	Connecting user with identity _ConsumersMSP_User1 to a Network Gateway
2026.08.11-09:16:44.169[32m info [39m [caliper] [connectors/v2/FabricGateway] 	Connecting user with identity _ConsumersMSP_User1 to a Network Gateway
2026.08.11-09:16:44.185[32m info [39m [caliper] [connectors/v2/FabricGateway] 	Successfully connected user with identity _ConsumersMSP_User1 to a Network Gateway
2026.08.11-09:16:44.185[32m info [39m [caliper] [connectors/v2/FabricGateway] 	Generating contract map for user _ConsumersMSP_User1
2026.08.11-09:16:44.191[32m info [39m [caliper] [connectors/v2/FabricGateway] 	Connecting user with identity _ConsumersMSP_User1 to a Network Gateway
2026.08.11-09:16:44.196[32m info [39m [caliper] [connectors/v2/FabricGateway] 	Connecting user with identity _ConsumersMSP_User1 to a Network Gateway
2026.08.11-09:16:44.237[32m info [39m [caliper] [connectors/v2/FabricGateway] 	Successfully connected user with identity _ConsumersMSP_User1 to a Network Gateway
2026.08.11-09:16:44.238[32m info [39m [caliper] [connectors/v2/FabricGateway] 	Generating contract map for user _ConsumersMSP_User1
2026.08.11-09:16:44.241[32m info [39m [caliper] [connectors/v2/FabricGateway] 	Successfully connected user with identity _ConsumersMSP_User1 to a Network Gateway
2026.08.11-09:16:44.241[32m info [39m [caliper] [connectors/v2/FabricGateway] 	Generating contract map for user _ConsumersMSP_User1
2026.08.11-09:16:44.256[32m info [39m [caliper] [connectors/v2/FabricGateway] 	Successfully connected user with identity _ConsumersMSP_User1 to a Network Gateway
2026.08.11-09:16:44.257[32m info [39m [caliper] [connectors/v2/FabricGateway] 	Generating contract map for user _ConsumersMSP_User1
2026.08.11-09:16:44.262[32m info [39m [caliper] [connectors/v2/FabricGateway] 	Successfully connected user with identity _ConsumersMSP_User1 to a Network Gateway
2026.08.11-09:16:44.262[32m info [39m [caliper] [connectors/v2/FabricGateway] 	Generating contract map for user _ConsumersMSP_User1
2026.08.11-09:16:44.270[32m info [39m [caliper] [connectors/v2/FabricGateway] 	Connecting user with identity _ConsumersMSP_User2 to a Network Gateway
2026.08.11-09:16:44.326[32m info [39m [caliper] [connectors/v2/FabricGateway] 	Successfully connected user with identity _ConsumersMSP_User2 to a Network Gateway
2026.08.11-09:16:44.326[32m info [39m [caliper] [connectors/v2/FabricGateway] 	Generating contract map for user _ConsumersMSP_User2
2026.08.11-09:16:44.330[32m info [39m [caliper] [connectors/v2/FabricGateway] 	Connecting user with identity _ConsumersMSP_User2 to a Network Gateway
2026.08.11-09:16:44.331[32m info [39m [caliper] [connectors/v2/FabricGateway] 	Connecting user with identity _ConsumersMSP_User2 to a Network Gateway
2026.08.11-09:16:44.346[32m info [39m [caliper] [connectors/v2/FabricGateway] 	Connecting user with identity _ConsumersMSP_User2 to a Network Gateway
2026.08.11-09:16:44.346[32m info [39m [caliper] [connectors/v2/FabricGateway] 	Connecting user with identity _ConsumersMSP_User2 to a Network Gateway
2026.08.11-09:16:44.374[32m info [39m [caliper] [connectors/v2/FabricGateway] 	Connecting user with identity _ConsumersMSP_User3 to a Network Gateway
2026.08.11-09:16:44.398[32m info [39m [caliper] [connectors/v2/FabricGateway] 	Successfully connected user with identity _ConsumersMSP_User2 to a Network Gateway
2026.08.11-09:16:44.398[32m info [39m [caliper] [connectors/v2/FabricGateway] 	Generating contract map for user _ConsumersMSP_User2
2026.08.11-09:16:44.402[32m info [39m [caliper] [connectors/v2/FabricGateway] 	Successfully connected user with identity _ConsumersMSP_User2 to a Network Gateway
2026.08.11-09:16:44.403[32m info [39m [caliper] [connectors/v2/FabricGateway] 	Generating contract map for user _ConsumersMSP_User2
2026.08.11-09:16:44.409[32m info [39m [caliper] [connectors/v2/FabricGateway] 	Successfully connected user with identity _ConsumersMSP_User2 to a Network Gateway
2026.08.11-09:16:44.410[32m info [39m [caliper] [connectors/v2/FabricGateway] 	Generating contract map for user _ConsumersMSP_User2
2026.08.11-09:16:44.411[32m info [39m [caliper] [connectors/v2/FabricGateway] 	Successfully connected user with identity _ConsumersMSP_User2 to a Network Gateway
2026.08.11-09:16:44.411[32m info [39m [caliper] [connectors/v2/FabricGateway] 	Generating contract map for user _ConsumersMSP_User2
2026.08.11-09:16:44.445[32m info [39m [caliper] [connectors/v2/FabricGateway] 	Connecting user with identity _ConsumersMSP_User3 to a Network Gateway
2026.08.11-09:16:44.446[32m info [39m [caliper] [connectors/v2/FabricGateway] 	Successfully connected user with identity _ConsumersMSP_User3 to a Network Gateway
2026.08.11-09:16:44.447[32m info [39m [caliper] [connectors/v2/FabricGateway] 	Generating contract map for user _ConsumersMSP_User3
2026.08.11-09:16:44.451[32m info [39m [caliper] [connectors/v2/FabricGateway] 	Connecting user with identity _ConsumersMSP_User3 to a Network Gateway
2026.08.11-09:16:44.457[32m info [39m [caliper] [connectors/v2/FabricGateway] 	Connecting user with identity _ConsumersMSP_User3 to a Network Gateway
2026.08.11-09:16:44.461[32m info [39m [caliper] [connectors/v2/FabricGateway] 	Connecting user with identity _ConsumersMSP_User3 to a Network Gateway
2026.08.11-09:16:44.495[32m info [39m [caliper] [connectors/v2/FabricGateway] 	Connecting user with identity _ConsumersMSP_User4 to a Network Gateway
2026.08.11-09:16:44.510[32m info [39m [caliper] [connectors/v2/FabricGateway] 	Successfully connected user with identity _ConsumersMSP_User3 to a Network Gateway
2026.08.11-09:16:44.510[32m info [39m [caliper] [connectors/v2/FabricGateway] 	Generating contract map for user _ConsumersMSP_User3
2026.08.11-09:16:44.524[32m info [39m [caliper] [connectors/v2/FabricGateway] 	Successfully connected user with identity _ConsumersMSP_User3 to a Network Gateway
2026.08.11-09:16:44.524[32m info [39m [caliper] [connectors/v2/FabricGateway] 	Generating contract map for user _ConsumersMSP_User3
2026.08.11-09:16:44.530[32m info [39m [caliper] [connectors/v2/FabricGateway] 	Successfully connected user with identity _ConsumersMSP_User3 to a Network Gateway
2026.08.11-09:16:44.530[32m info [39m [caliper] [connectors/v2/FabricGateway] 	Generating contract map for user _ConsumersMSP_User3
2026.08.11-09:16:44.531[32m info [39m [caliper] [connectors/v2/FabricGateway] 	Successfully connected user with identity _ConsumersMSP_User3 to a Network Gateway
2026.08.11-09:16:44.531[32m info [39m [caliper] [connectors/v2/FabricGateway] 	Generating contract map for user _ConsumersMSP_User3
2026.08.11-09:16:44.562[32m info [39m [caliper] [connectors/v2/FabricGateway] 	Successfully connected user with identity _ConsumersMSP_User4 to a Network Gateway
2026.08.11-09:16:44.563[32m info [39m [caliper] [connectors/v2/FabricGateway] 	Generating contract map for user _ConsumersMSP_User4
2026.08.11-09:16:44.567[32m info [39m [caliper] [connectors/v2/FabricGateway] 	Connecting user with identity _ConsumersMSP_User4 to a Network Gateway
2026.08.11-09:16:44.581[32m info [39m [caliper] [connectors/v2/FabricGateway] 	Connecting user with identity _ConsumersMSP_User4 to a Network Gateway
2026.08.11-09:16:44.585[32m info [39m [caliper] [connectors/v2/FabricGateway] 	Connecting user with identity _ConsumersMSP_User4 to a Network Gateway
2026.08.11-09:16:44.586[32m info [39m [caliper] [connectors/v2/FabricGateway] 	Connecting user with identity _ConsumersMSP_User4 to a Network Gateway
2026.08.11-09:16:44.621[32m info [39m [caliper] [connectors/v2/FabricGateway] 	Connecting user with identity _ConsumersMSP_User5 to a Network Gateway
2026.08.11-09:16:44.640[32m info [39m [caliper] [connectors/v2/FabricGateway] 	Successfully connected user with identity _ConsumersMSP_User4 to a Network Gateway
2026.08.11-09:16:44.640[32m info [39m [caliper] [connectors/v2/FabricGateway] 	Generating contract map for user _ConsumersMSP_User4
2026.08.11-09:16:44.652[32m info [39m [caliper] [connectors/v2/FabricGateway] 	Successfully connected user with identity _ConsumersMSP_User4 to a Network Gateway
2026.08.11-09:16:44.652[32m info [39m [caliper] [connectors/v2/FabricGateway] 	Generating contract map for user _ConsumersMSP_User4
2026.08.11-09:16:44.658[32m info [39m [caliper] [connectors/v2/FabricGateway] 	Successfully connected user with identity _ConsumersMSP_User4 to a Network Gateway
2026.08.11-09:16:44.658[32m info [39m [caliper] [connectors/v2/FabricGateway] 	Generating contract map for user _ConsumersMSP_User4
2026.08.11-09:16:44.663[32m info [39m [caliper] [connectors/v2/FabricGateway] 	Successfully connected user with identity _ConsumersMSP_User4 to a Network Gateway
2026.08.11-09:16:44.663[32m info [39m [caliper] [connectors/v2/FabricGateway] 	Generating contract map for user _ConsumersMSP_User4
2026.08.11-09:16:44.692[32m info [39m [caliper] [connectors/v2/FabricGateway] 	Successfully connected user with identity _ConsumersMSP_User5 to a Network Gateway
2026.08.11-09:16:44.692[32m info [39m [caliper] [connectors/v2/FabricGateway] 	Generating contract map for user _ConsumersMSP_User5
2026.08.11-09:16:44.707[32m info [39m [caliper] [connectors/v2/FabricGateway] 	Connecting user with identity _ConsumersMSP_User5 to a Network Gateway
2026.08.11-09:16:44.708[32m info [39m [caliper] [connectors/v2/FabricGateway] 	Connecting user with identity _ConsumersMSP_User5 to a Network Gateway
2026.08.11-09:16:44.718[32m info [39m [caliper] [connectors/v2/FabricGateway] 	Connecting user with identity _ConsumersMSP_User5 to a Network Gateway
2026.08.11-09:16:44.726[32m info [39m [caliper] [connectors/v2/FabricGateway] 	Connecting user with identity _ConsumersMSP_User5 to a Network Gateway
2026.08.11-09:16:44.746[32m info [39m [caliper] [caliper-worker] 	Info: worker 0 prepare test phase for round 0 is starting...
Worker 1 initialized
Worker Index: 1
2026.08.11-09:16:44.778[32m info [39m [caliper] [connectors/v2/FabricGateway] 	Successfully connected user with identity _ConsumersMSP_User5 to a Network Gateway
2026.08.11-09:16:44.779[32m info [39m [caliper] [connectors/v2/FabricGateway] 	Generating contract map for user _ConsumersMSP_User5
2026.08.11-09:16:44.782[32m info [39m [caliper] [connectors/v2/FabricGateway] 	Successfully connected user with identity _ConsumersMSP_User5 to a Network Gateway
2026.08.11-09:16:44.783[32m info [39m [caliper] [connectors/v2/FabricGateway] 	Generating contract map for user _ConsumersMSP_User5
2026.08.11-09:16:44.783[32m info [39m [caliper] [connectors/v2/FabricGateway] 	Successfully connected user with identity _ConsumersMSP_User5 to a Network Gateway
2026.08.11-09:16:44.783[32m info [39m [caliper] [connectors/v2/FabricGateway] 	Generating contract map for user _ConsumersMSP_User5
2026.08.11-09:16:44.805[32m info [39m [caliper] [connectors/v2/FabricGateway] 	Successfully connected user with identity _ConsumersMSP_User5 to a Network Gateway
2026.08.11-09:16:44.805[32m info [39m [caliper] [connectors/v2/FabricGateway] 	Generating contract map for user _ConsumersMSP_User5
Worker 0: Cached 274 approved lots for auction opening
2026.08.11-09:16:44.819[32m info [39m [caliper] [connectors/v2/FabricGateway] 	disconnecting gateway for user User0
2026.08.11-09:16:44.821[32m info [39m [caliper] [connectors/v2/FabricGateway] 	disconnecting gateway for user User1
2026.08.11-09:16:44.821[32m info [39m [caliper] [connectors/v2/FabricGateway] 	disconnecting gateway for user User2
2026.08.11-09:16:44.822[32m info [39m [caliper] [connectors/v2/FabricGateway] 	disconnecting gateway for user User3
2026.08.11-09:16:44.822[32m info [39m [caliper] [connectors/v2/FabricGateway] 	disconnecting gateway for user User4
2026.08.11-09:16:44.823[32m info [39m [caliper] [connectors/v2/FabricGateway] 	disconnecting gateway for user User5
2026.08.11-09:16:44.823[32m info [39m [caliper] [connectors/v2/FabricGateway] 	disconnecting gateway for user _AuctioncentersMSP_User0
2026.08.11-09:16:44.823[32m info [39m [caliper] [connectors/v2/FabricGateway] 	disconnecting gateway for user _AuctioncentersMSP_User1
2026.08.11-09:16:44.823[32m info [39m [caliper] [connectors/v2/FabricGateway] 	disconnecting gateway for user _AuctioncentersMSP_User2
2026.08.11-09:16:44.824[32m info [39m [caliper] [connectors/v2/FabricGateway] 	disconnecting gateway for user _AuctioncentersMSP_User3
2026.08.11-09:16:44.825[32m info [39m [caliper] [connectors/v2/FabricGateway] 	disconnecting gateway for user _AuctioncentersMSP_User4
2026.08.11-09:16:44.825[32m info [39m [caliper] [connectors/v2/FabricGateway] 	disconnecting gateway for user _AuctioncentersMSP_User5
2026.08.11-09:16:44.826[32m info [39m [caliper] [connectors/v2/FabricGateway] 	disconnecting gateway for user _WholesalersMSP_User0
2026.08.11-09:16:44.826[32m info [39m [caliper] [connectors/v2/FabricGateway] 	disconnecting gateway for user _WholesalersMSP_User1
2026.08.11-09:16:44.827[32m info [39m [caliper] [connectors/v2/FabricGateway] 	disconnecting gateway for user _WholesalersMSP_User2
2026.08.11-09:16:44.827[32m info [39m [caliper] [connectors/v2/FabricGateway] 	disconnecting gateway for user _WholesalersMSP_User3
2026.08.11-09:16:44.828[32m info [39m [caliper] [connectors/v2/FabricGateway] 	disconnecting gateway for user _WholesalersMSP_User4
2026.08.11-09:16:44.828[32m info [39m [caliper] [connectors/v2/FabricGateway] 	disconnecting gateway for user _WholesalersMSP_User5
2026.08.11-09:16:44.828[32m info [39m [caliper] [connectors/v2/FabricGateway] 	disconnecting gateway for user _RetailersMSP_User0
2026.08.11-09:16:44.829[32m info [39m [caliper] [connectors/v2/FabricGateway] 	disconnecting gateway for user _RetailersMSP_User1
2026.08.11-09:16:44.829[32m info [39m [caliper] [connectors/v2/FabricGateway] 	disconnecting gateway for user _RetailersMSP_User2
2026.08.11-09:16:44.829[32m info [39m [caliper] [connectors/v2/FabricGateway] 	disconnecting gateway for user _RetailersMSP_User3
2026.08.11-09:16:44.829[32m info [39m [caliper] [connectors/v2/FabricGateway] 	disconnecting gateway for user _RetailersMSP_User4
2026.08.11-09:16:44.830[32m info [39m [caliper] [connectors/v2/FabricGateway] 	disconnecting gateway for user _RetailersMSP_User5
2026.08.11-09:16:44.830[32m info [39m [caliper] [connectors/v2/FabricGateway] 	disconnecting gateway for user _ConsumersMSP_User0
2026.08.11-09:16:44.830[32m info [39m [caliper] [connectors/v2/FabricGateway] 	disconnecting gateway for user _ConsumersMSP_User1
2026.08.11-09:16:44.830[32m info [39m [caliper] [connectors/v2/FabricGateway] 	disconnecting gateway for user _ConsumersMSP_User2
2026.08.11-09:16:44.831[32m info [39m [caliper] [connectors/v2/FabricGateway] 	disconnecting gateway for user _ConsumersMSP_User3
2026.08.11-09:16:44.831[32m info [39m [caliper] [connectors/v2/FabricGateway] 	disconnecting gateway for user _ConsumersMSP_User4
2026.08.11-09:16:44.831[32m info [39m [caliper] [connectors/v2/FabricGateway] 	disconnecting gateway for user _ConsumersMSP_User5
2026.08.11-09:16:44.831[32m info [39m [caliper] [caliper-worker] 	Info: worker 0 prepare test phase for round 0 is completed
2026.08.11-09:16:44.831[32m info [39m [caliper] [worker-message-handler] 	Worker#0 prepared for Round#0
2026.08.11-09:16:44.837[32m info [39m [caliper] [caliper-worker] 	Info: worker 1 prepare test phase for round 0 is starting...
Worker 2 initialized
Worker Index: 2
2026.08.11-09:16:44.840[32m info [39m [caliper] [caliper-worker] 	Info: worker 4 prepare test phase for round 0 is starting...
Worker 5 initialized
Worker Index: 5
2026.08.11-09:16:44.844[32m info [39m [caliper] [caliper-worker] 	Info: worker 3 prepare test phase for round 0 is starting...
Worker 4 initialized
Worker Index: 4
2026.08.11-09:16:44.869[32m info [39m [caliper] [caliper-worker] 	Info: worker 2 prepare test phase for round 0 is starting...
Worker 3 initialized
Worker Index: 3
Worker 1: Cached 260 approved lots for auction opening
2026.08.11-09:16:44.957[32m info [39m [caliper] [connectors/v2/FabricGateway] 	disconnecting gateway for user User0
Worker 4: Cached 249 approved lots for auction opening
2026.08.11-09:16:44.958[32m info [39m [caliper] [connectors/v2/FabricGateway] 	disconnecting gateway for user User0
2026.08.11-09:16:44.958[32m info [39m [caliper] [connectors/v2/FabricGateway] 	disconnecting gateway for user User1
2026.08.11-09:16:44.959[32m info [39m [caliper] [connectors/v2/FabricGateway] 	disconnecting gateway for user User2
2026.08.11-09:16:44.959[32m info [39m [caliper] [connectors/v2/FabricGateway] 	disconnecting gateway for user User3
2026.08.11-09:16:44.959[32m info [39m [caliper] [connectors/v2/FabricGateway] 	disconnecting gateway for user User1
2026.08.11-09:16:44.960[32m info [39m [caliper] [connectors/v2/FabricGateway] 	disconnecting gateway for user User4
2026.08.11-09:16:44.960[32m info [39m [caliper] [connectors/v2/FabricGateway] 	disconnecting gateway for user User2
2026.08.11-09:16:44.960[32m info [39m [caliper] [connectors/v2/FabricGateway] 	disconnecting gateway for user User5
2026.08.11-09:16:44.960[32m info [39m [caliper] [connectors/v2/FabricGateway] 	disconnecting gateway for user User3
2026.08.11-09:16:44.961[32m info [39m [caliper] [connectors/v2/FabricGateway] 	disconnecting gateway for user User4
2026.08.11-09:16:44.961[32m info [39m [caliper] [connectors/v2/FabricGateway] 	disconnecting gateway for user _AuctioncentersMSP_User0
2026.08.11-09:16:44.961[32m info [39m [caliper] [connectors/v2/FabricGateway] 	disconnecting gateway for user _AuctioncentersMSP_User1
2026.08.11-09:16:44.961[32m info [39m [caliper] [connectors/v2/FabricGateway] 	disconnecting gateway for user User5
2026.08.11-09:16:44.961[32m info [39m [caliper] [connectors/v2/FabricGateway] 	disconnecting gateway for user _AuctioncentersMSP_User0
2026.08.11-09:16:44.961[32m info [39m [caliper] [connectors/v2/FabricGateway] 	disconnecting gateway for user _AuctioncentersMSP_User2
2026.08.11-09:16:44.962[32m info [39m [caliper] [connectors/v2/FabricGateway] 	disconnecting gateway for user _AuctioncentersMSP_User1
2026.08.11-09:16:44.962[32m info [39m [caliper] [connectors/v2/FabricGateway] 	disconnecting gateway for user _AuctioncentersMSP_User2
2026.08.11-09:16:44.962[32m info [39m [caliper] [connectors/v2/FabricGateway] 	disconnecting gateway for user _AuctioncentersMSP_User3
2026.08.11-09:16:44.962[32m info [39m [caliper] [connectors/v2/FabricGateway] 	disconnecting gateway for user _AuctioncentersMSP_User4
2026.08.11-09:16:44.962[32m info [39m [caliper] [connectors/v2/FabricGateway] 	disconnecting gateway for user _AuctioncentersMSP_User3
2026.08.11-09:16:44.963[32m info [39m [caliper] [connectors/v2/FabricGateway] 	disconnecting gateway for user _AuctioncentersMSP_User5
2026.08.11-09:16:44.963[32m info [39m [caliper] [connectors/v2/FabricGateway] 	disconnecting gateway for user _AuctioncentersMSP_User4
2026.08.11-09:16:44.963[32m info [39m [caliper] [connectors/v2/FabricGateway] 	disconnecting gateway for user _AuctioncentersMSP_User5
2026.08.11-09:16:44.963[32m info [39m [caliper] [connectors/v2/FabricGateway] 	disconnecting gateway for user _WholesalersMSP_User0
2026.08.11-09:16:44.963[32m info [39m [caliper] [connectors/v2/FabricGateway] 	disconnecting gateway for user _WholesalersMSP_User0
2026.08.11-09:16:44.963[32m info [39m [caliper] [connectors/v2/FabricGateway] 	disconnecting gateway for user _WholesalersMSP_User1
2026.08.11-09:16:44.964[32m info [39m [caliper] [connectors/v2/FabricGateway] 	disconnecting gateway for user _WholesalersMSP_User1
2026.08.11-09:16:44.964[32m info [39m [caliper] [connectors/v2/FabricGateway] 	disconnecting gateway for user _WholesalersMSP_User2
2026.08.11-09:16:44.964[32m info [39m [caliper] [connectors/v2/FabricGateway] 	disconnecting gateway for user _WholesalersMSP_User2
2026.08.11-09:16:44.964[32m info [39m [caliper] [connectors/v2/FabricGateway] 	disconnecting gateway for user _WholesalersMSP_User3
2026.08.11-09:16:44.964[32m info [39m [caliper] [connectors/v2/FabricGateway] 	disconnecting gateway for user _WholesalersMSP_User3
2026.08.11-09:16:44.965[32m info [39m [caliper] [connectors/v2/FabricGateway] 	disconnecting gateway for user _WholesalersMSP_User4
2026.08.11-09:16:44.965[32m info [39m [caliper] [connectors/v2/FabricGateway] 	disconnecting gateway for user _WholesalersMSP_User5
2026.08.11-09:16:44.965[32m info [39m [caliper] [connectors/v2/FabricGateway] 	disconnecting gateway for user _WholesalersMSP_User4
2026.08.11-09:16:44.965[32m info [39m [caliper] [connectors/v2/FabricGateway] 	disconnecting gateway for user _WholesalersMSP_User5
2026.08.11-09:16:44.965[32m info [39m [caliper] [connectors/v2/FabricGateway] 	disconnecting gateway for user _RetailersMSP_User0
2026.08.11-09:16:44.965[32m info [39m [caliper] [connectors/v2/FabricGateway] 	disconnecting gateway for user _RetailersMSP_User1
2026.08.11-09:16:44.965[32m info [39m [caliper] [connectors/v2/FabricGateway] 	disconnecting gateway for user _RetailersMSP_User0
2026.08.11-09:16:44.965[32m info [39m [caliper] [connectors/v2/FabricGateway] 	disconnecting gateway for user _RetailersMSP_User1
2026.08.11-09:16:44.966[32m info [39m [caliper] [connectors/v2/FabricGateway] 	disconnecting gateway for user _RetailersMSP_User2
2026.08.11-09:16:44.966[32m info [39m [caliper] [connectors/v2/FabricGateway] 	disconnecting gateway for user _RetailersMSP_User2
2026.08.11-09:16:44.966[32m info [39m [caliper] [connectors/v2/FabricGateway] 	disconnecting gateway for user _RetailersMSP_User3
2026.08.11-09:16:44.966[32m info [39m [caliper] [connectors/v2/FabricGateway] 	disconnecting gateway for user _RetailersMSP_User3
2026.08.11-09:16:44.966[32m info [39m [caliper] [connectors/v2/FabricGateway] 	disconnecting gateway for user _RetailersMSP_User4
2026.08.11-09:16:44.966[32m info [39m [caliper] [connectors/v2/FabricGateway] 	disconnecting gateway for user _RetailersMSP_User5
2026.08.11-09:16:44.966[32m info [39m [caliper] [connectors/v2/FabricGateway] 	disconnecting gateway for user _RetailersMSP_User4
2026.08.11-09:16:44.966[32m info [39m [caliper] [connectors/v2/FabricGateway] 	disconnecting gateway for user _ConsumersMSP_User0
2026.08.11-09:16:44.966[32m info [39m [caliper] [connectors/v2/FabricGateway] 	disconnecting gateway for user _ConsumersMSP_User1
2026.08.11-09:16:44.967[32m info [39m [caliper] [connectors/v2/FabricGateway] 	disconnecting gateway for user _RetailersMSP_User5
2026.08.11-09:16:44.967[32m info [39m [caliper] [connectors/v2/FabricGateway] 	disconnecting gateway for user _ConsumersMSP_User2
2026.08.11-09:16:44.967[32m info [39m [caliper] [connectors/v2/FabricGateway] 	disconnecting gateway for user _ConsumersMSP_User3
2026.08.11-09:16:44.967[32m info [39m [caliper] [connectors/v2/FabricGateway] 	disconnecting gateway for user _ConsumersMSP_User0
2026.08.11-09:16:44.967[32m info [39m [caliper] [connectors/v2/FabricGateway] 	disconnecting gateway for user _ConsumersMSP_User4
Worker 3: Cached 259 approved lots for auction opening
2026.08.11-09:16:44.967[32m info [39m [caliper] [connectors/v2/FabricGateway] 	disconnecting gateway for user _ConsumersMSP_User1
2026.08.11-09:16:44.967[32m info [39m [caliper] [connectors/v2/FabricGateway] 	disconnecting gateway for user _ConsumersMSP_User5
2026.08.11-09:16:44.967[32m info [39m [caliper] [caliper-worker] 	Info: worker 1 prepare test phase for round 0 is completed
2026.08.11-09:16:44.967[32m info [39m [caliper] [worker-message-handler] 	Worker#1 prepared for Round#0
2026.08.11-09:16:44.967[32m info [39m [caliper] [connectors/v2/FabricGateway] 	disconnecting gateway for user _ConsumersMSP_User2
2026.08.11-09:16:44.968[32m info [39m [caliper] [connectors/v2/FabricGateway] 	disconnecting gateway for user _ConsumersMSP_User3
2026.08.11-09:16:44.968[32m info [39m [caliper] [connectors/v2/FabricGateway] 	disconnecting gateway for user _ConsumersMSP_User4
2026.08.11-09:16:44.968[32m info [39m [caliper] [connectors/v2/FabricGateway] 	disconnecting gateway for user _ConsumersMSP_User5
2026.08.11-09:16:44.968[32m info [39m [caliper] [caliper-worker] 	Info: worker 4 prepare test phase for round 0 is completed
2026.08.11-09:16:44.968[32m info [39m [caliper] [worker-message-handler] 	Worker#4 prepared for Round#0
2026.08.11-09:16:44.969[32m info [39m [caliper] [connectors/v2/FabricGateway] 	disconnecting gateway for user User0
2026.08.11-09:16:44.971[32m info [39m [caliper] [connectors/v2/FabricGateway] 	disconnecting gateway for user User1
2026.08.11-09:16:44.972[32m info [39m [caliper] [connectors/v2/FabricGateway] 	disconnecting gateway for user User2
2026.08.11-09:16:44.972[32m info [39m [caliper] [connectors/v2/FabricGateway] 	disconnecting gateway for user User3
2026.08.11-09:16:44.973[32m info [39m [caliper] [connectors/v2/FabricGateway] 	disconnecting gateway for user User4
2026.08.11-09:16:44.974[32m info [39m [caliper] [connectors/v2/FabricGateway] 	disconnecting gateway for user User5
Worker 2: Cached 252 approved lots for auction opening
2026.08.11-09:16:44.975[32m info [39m [caliper] [connectors/v2/FabricGateway] 	disconnecting gateway for user _AuctioncentersMSP_User0
2026.08.11-09:16:44.975[32m info [39m [caliper] [connectors/v2/FabricGateway] 	disconnecting gateway for user _AuctioncentersMSP_User1
2026.08.11-09:16:44.976[32m info [39m [caliper] [connectors/v2/FabricGateway] 	disconnecting gateway for user _AuctioncentersMSP_User2
2026.08.11-09:16:44.976[32m info [39m [caliper] [connectors/v2/FabricGateway] 	disconnecting gateway for user User0
2026.08.11-09:16:44.977[32m info [39m [caliper] [connectors/v2/FabricGateway] 	disconnecting gateway for user _AuctioncentersMSP_User3
2026.08.11-09:16:44.977[32m info [39m [caliper] [connectors/v2/FabricGateway] 	disconnecting gateway for user _AuctioncentersMSP_User4
2026.08.11-09:16:44.977[32m info [39m [caliper] [connectors/v2/FabricGateway] 	disconnecting gateway for user _AuctioncentersMSP_User5
2026.08.11-09:16:44.978[32m info [39m [caliper] [connectors/v2/FabricGateway] 	disconnecting gateway for user _WholesalersMSP_User0
2026.08.11-09:16:44.978[32m info [39m [caliper] [connectors/v2/FabricGateway] 	disconnecting gateway for user _WholesalersMSP_User1
2026.08.11-09:16:44.978[32m info [39m [caliper] [connectors/v2/FabricGateway] 	disconnecting gateway for user _WholesalersMSP_User2
2026.08.11-09:16:44.979[32m info [39m [caliper] [connectors/v2/FabricGateway] 	disconnecting gateway for user User1
2026.08.11-09:16:44.979[32m info [39m [caliper] [connectors/v2/FabricGateway] 	disconnecting gateway for user _WholesalersMSP_User3
2026.08.11-09:16:44.979[32m info [39m [caliper] [connectors/v2/FabricGateway] 	disconnecting gateway for user _WholesalersMSP_User4
2026.08.11-09:16:44.979[32m info [39m [caliper] [connectors/v2/FabricGateway] 	disconnecting gateway for user _WholesalersMSP_User5
2026.08.11-09:16:44.979[32m info [39m [caliper] [connectors/v2/FabricGateway] 	disconnecting gateway for user _RetailersMSP_User0
2026.08.11-09:16:44.979[32m info [39m [caliper] [connectors/v2/FabricGateway] 	disconnecting gateway for user User2
2026.08.11-09:16:44.980[32m info [39m [caliper] [connectors/v2/FabricGateway] 	disconnecting gateway for user _RetailersMSP_User1
2026.08.11-09:16:44.980[32m info [39m [caliper] [connectors/v2/FabricGateway] 	disconnecting gateway for user _RetailersMSP_User2
2026.08.11-09:16:44.981[32m info [39m [caliper] [connectors/v2/FabricGateway] 	disconnecting gateway for user _RetailersMSP_User3
2026.08.11-09:16:44.981[32m info [39m [caliper] [connectors/v2/FabricGateway] 	disconnecting gateway for user User3
2026.08.11-09:16:44.981[32m info [39m [caliper] [connectors/v2/FabricGateway] 	disconnecting gateway for user _RetailersMSP_User4
2026.08.11-09:16:44.981[32m info [39m [caliper] [connectors/v2/FabricGateway] 	disconnecting gateway for user _RetailersMSP_User5
2026.08.11-09:16:44.981[32m info [39m [caliper] [connectors/v2/FabricGateway] 	disconnecting gateway for user _ConsumersMSP_User0
2026.08.11-09:16:44.981[32m info [39m [caliper] [connectors/v2/FabricGateway] 	disconnecting gateway for user _ConsumersMSP_User1
2026.08.11-09:16:44.981[32m info [39m [caliper] [connectors/v2/FabricGateway] 	disconnecting gateway for user User4
2026.08.11-09:16:44.982[32m info [39m [caliper] [connectors/v2/FabricGateway] 	disconnecting gateway for user _ConsumersMSP_User2
2026.08.11-09:16:44.982[32m info [39m [caliper] [connectors/v2/FabricGateway] 	disconnecting gateway for user _ConsumersMSP_User3
2026.08.11-09:16:44.982[32m info [39m [caliper] [connectors/v2/FabricGateway] 	disconnecting gateway for user User5
2026.08.11-09:16:44.982[32m info [39m [caliper] [connectors/v2/FabricGateway] 	disconnecting gateway for user _ConsumersMSP_User4
2026.08.11-09:16:44.982[32m info [39m [caliper] [connectors/v2/FabricGateway] 	disconnecting gateway for user _AuctioncentersMSP_User0
2026.08.11-09:16:44.982[32m info [39m [caliper] [connectors/v2/FabricGateway] 	disconnecting gateway for user _ConsumersMSP_User5
2026.08.11-09:16:44.982[32m info [39m [caliper] [caliper-worker] 	Info: worker 3 prepare test phase for round 0 is completed
2026.08.11-09:16:44.982[32m info [39m [caliper] [worker-message-handler] 	Worker#3 prepared for Round#0
2026.08.11-09:16:44.982[32m info [39m [caliper] [connectors/v2/FabricGateway] 	disconnecting gateway for user _AuctioncentersMSP_User1
2026.08.11-09:16:44.983[32m info [39m [caliper] [connectors/v2/FabricGateway] 	disconnecting gateway for user _AuctioncentersMSP_User2
2026.08.11-09:16:44.983[32m info [39m [caliper] [connectors/v2/FabricGateway] 	disconnecting gateway for user _AuctioncentersMSP_User3
2026.08.11-09:16:44.984[32m info [39m [caliper] [connectors/v2/FabricGateway] 	disconnecting gateway for user _AuctioncentersMSP_User4
2026.08.11-09:16:44.984[32m info [39m [caliper] [connectors/v2/FabricGateway] 	disconnecting gateway for user _AuctioncentersMSP_User5
2026.08.11-09:16:44.985[32m info [39m [caliper] [connectors/v2/FabricGateway] 	disconnecting gateway for user _WholesalersMSP_User0
2026.08.11-09:16:44.986[32m info [39m [caliper] [connectors/v2/FabricGateway] 	disconnecting gateway for user _WholesalersMSP_User1
2026.08.11-09:16:44.986[32m info [39m [caliper] [connectors/v2/FabricGateway] 	disconnecting gateway for user _WholesalersMSP_User2
2026.08.11-09:16:44.987[32m info [39m [caliper] [connectors/v2/FabricGateway] 	disconnecting gateway for user _WholesalersMSP_User3
2026.08.11-09:16:44.990[32m info [39m [caliper] [connectors/v2/FabricGateway] 	disconnecting gateway for user _WholesalersMSP_User4
2026.08.11-09:16:44.991[32m info [39m [caliper] [connectors/v2/FabricGateway] 	disconnecting gateway for user _WholesalersMSP_User5
2026.08.11-09:16:44.991[32m info [39m [caliper] [connectors/v2/FabricGateway] 	disconnecting gateway for user _RetailersMSP_User0
2026.08.11-09:16:44.992[32m info [39m [caliper] [connectors/v2/FabricGateway] 	disconnecting gateway for user _RetailersMSP_User1
2026.08.11-09:16:44.993[32m info [39m [caliper] [connectors/v2/FabricGateway] 	disconnecting gateway for user _RetailersMSP_User2
2026.08.11-09:16:44.994[32m info [39m [caliper] [connectors/v2/FabricGateway] 	disconnecting gateway for user _RetailersMSP_User3
2026.08.11-09:16:44.995[32m info [39m [caliper] [connectors/v2/FabricGateway] 	disconnecting gateway for user _RetailersMSP_User4
2026.08.11-09:16:44.997[32m info [39m [caliper] [connectors/v2/FabricGateway] 	disconnecting gateway for user _RetailersMSP_User5
2026.08.11-09:16:44.997[32m info [39m [caliper] [connectors/v2/FabricGateway] 	disconnecting gateway for user _ConsumersMSP_User0
2026.08.11-09:16:44.998[32m info [39m [caliper] [connectors/v2/FabricGateway] 	disconnecting gateway for user _ConsumersMSP_User1
2026.08.11-09:16:44.999[32m info [39m [caliper] [connectors/v2/FabricGateway] 	disconnecting gateway for user _ConsumersMSP_User2
2026.08.11-09:16:44.999[32m info [39m [caliper] [connectors/v2/FabricGateway] 	disconnecting gateway for user _ConsumersMSP_User3
2026.08.11-09:16:45.000[32m info [39m [caliper] [connectors/v2/FabricGateway] 	disconnecting gateway for user _ConsumersMSP_User4
2026.08.11-09:16:45.001[32m info [39m [caliper] [connectors/v2/FabricGateway] 	disconnecting gateway for user _ConsumersMSP_User5
2026.08.11-09:16:45.002[32m info [39m [caliper] [caliper-worker] 	Info: worker 2 prepare test phase for round 0 is completed
2026.08.11-09:16:45.002[32m info [39m [caliper] [worker-message-handler] 	Worker#2 prepared for Round#0
2026.08.11-09:16:45.004[32m info [39m [caliper] [worker-orchestrator] 	5 workers prepared, progressing to test phase.
2026.08.11-09:16:45.005[32m info [39m [caliper] [round-orchestrator] 	Monitors successfully started
2026.08.11-09:16:45.007[32m info [39m [caliper] [worker-message-handler] 	Worker#0 is starting Round#0
2026.08.11-09:16:45.008[32m info [39m [caliper] [connectors/v2/FabricGateway] 	Connecting user with identity User0 to a Network Gateway
2026.08.11-09:16:45.017[32m info [39m [caliper] [worker-message-handler] 	Worker#2 is starting Round#0
2026.08.11-09:16:45.018[32m info [39m [caliper] [connectors/v2/FabricGateway] 	Connecting user with identity User0 to a Network Gateway
2026.08.11-09:16:45.024[32m info [39m [caliper] [worker-message-handler] 	Worker#3 is starting Round#0
2026.08.11-09:16:45.025[32m info [39m [caliper] [connectors/v2/FabricGateway] 	Connecting user with identity User0 to a Network Gateway
2026.08.11-09:16:45.030[32m info [39m [caliper] [worker-message-handler] 	Worker#4 is starting Round#0
2026.08.11-09:16:45.030[32m info [39m [caliper] [worker-message-handler] 	Worker#1 is starting Round#0
2026.08.11-09:16:45.031[32m info [39m [caliper] [connectors/v2/FabricGateway] 	Connecting user with identity User0 to a Network Gateway
2026.08.11-09:16:45.031[32m info [39m [caliper] [connectors/v2/FabricGateway] 	Connecting user with identity User0 to a Network Gateway
2026.08.11-09:16:45.073[32m info [39m [caliper] [connectors/v2/FabricGateway] 	Successfully connected user with identity User0 to a Network Gateway
2026.08.11-09:16:45.073[32m info [39m [caliper] [connectors/v2/FabricGateway] 	Generating contract map for user User0
2026.08.11-09:16:45.098[32m info [39m [caliper] [connectors/v2/FabricGateway] 	Successfully connected user with identity User0 to a Network Gateway
2026.08.11-09:16:45.098[32m info [39m [caliper] [connectors/v2/FabricGateway] 	Generating contract map for user User0
2026.08.11-09:16:45.106[32m info [39m [caliper] [connectors/v2/FabricGateway] 	Successfully connected user with identity User0 to a Network Gateway
2026.08.11-09:16:45.106[32m info [39m [caliper] [connectors/v2/FabricGateway] 	Generating contract map for user User0
2026.08.11-09:16:45.114[32m info [39m [caliper] [connectors/v2/FabricGateway] 	Successfully connected user with identity User0 to a Network Gateway
2026.08.11-09:16:45.114[32m info [39m [caliper] [connectors/v2/FabricGateway] 	Generating contract map for user User0
2026.08.11-09:16:45.138[32m info [39m [caliper] [connectors/v2/FabricGateway] 	Connecting user with identity User1 to a Network Gateway
2026.08.11-09:16:45.140[32m info [39m [caliper] [connectors/v2/FabricGateway] 	Successfully connected user with identity User0 to a Network Gateway
2026.08.11-09:16:45.141[32m info [39m [caliper] [connectors/v2/FabricGateway] 	Generating contract map for user User0
2026.08.11-09:16:45.161[32m info [39m [caliper] [connectors/v2/FabricGateway] 	Connecting user with identity User1 to a Network Gateway
2026.08.11-09:16:45.161[32m info [39m [caliper] [connectors/v2/FabricGateway] 	Connecting user with identity User1 to a Network Gateway
2026.08.11-09:16:45.174[32m info [39m [caliper] [connectors/v2/FabricGateway] 	Connecting user with identity User1 to a Network Gateway
2026.08.11-09:16:45.197[32m info [39m [caliper] [connectors/v2/FabricGateway] 	Connecting user with identity User1 to a Network Gateway
2026.08.11-09:16:45.211[32m info [39m [caliper] [connectors/v2/FabricGateway] 	Successfully connected user with identity User1 to a Network Gateway
2026.08.11-09:16:45.212[32m info [39m [caliper] [connectors/v2/FabricGateway] 	Generating contract map for user User1
2026.08.11-09:16:45.229[32m info [39m [caliper] [connectors/v2/FabricGateway] 	Successfully connected user with identity User1 to a Network Gateway
2026.08.11-09:16:45.229[32m info [39m [caliper] [connectors/v2/FabricGateway] 	Generating contract map for user User1
2026.08.11-09:16:45.237[32m info [39m [caliper] [connectors/v2/FabricGateway] 	Successfully connected user with identity User1 to a Network Gateway
2026.08.11-09:16:45.238[32m info [39m [caliper] [connectors/v2/FabricGateway] 	Generating contract map for user User1
2026.08.11-09:16:45.242[32m info [39m [caliper] [connectors/v2/FabricGateway] 	Successfully connected user with identity User1 to a Network Gateway
2026.08.11-09:16:45.242[32m info [39m [caliper] [connectors/v2/FabricGateway] 	Generating contract map for user User1
2026.08.11-09:16:45.262[32m info [39m [caliper] [connectors/v2/FabricGateway] 	Connecting user with identity User2 to a Network Gateway
2026.08.11-09:16:45.266[32m info [39m [caliper] [connectors/v2/FabricGateway] 	Successfully connected user with identity User1 to a Network Gateway
2026.08.11-09:16:45.266[32m info [39m [caliper] [connectors/v2/FabricGateway] 	Generating contract map for user User1
2026.08.11-09:16:45.278[32m info [39m [caliper] [connectors/v2/FabricGateway] 	Connecting user with identity User2 to a Network Gateway
2026.08.11-09:16:45.289[32m info [39m [caliper] [connectors/v2/FabricGateway] 	Connecting user with identity User2 to a Network Gateway
2026.08.11-09:16:45.292[32m info [39m [caliper] [connectors/v2/FabricGateway] 	Connecting user with identity User2 to a Network Gateway
2026.08.11-09:16:45.314[32m info [39m [caliper] [connectors/v2/FabricGateway] 	Connecting user with identity User2 to a Network Gateway
2026.08.11-09:16:45.325[32m info [39m [caliper] [connectors/v2/FabricGateway] 	Successfully connected user with identity User2 to a Network Gateway
2026.08.11-09:16:45.325[32m info [39m [caliper] [connectors/v2/FabricGateway] 	Generating contract map for user User2
2026.08.11-09:16:45.340[32m info [39m [caliper] [connectors/v2/FabricGateway] 	Successfully connected user with identity User2 to a Network Gateway
2026.08.11-09:16:45.341[32m info [39m [caliper] [connectors/v2/FabricGateway] 	Generating contract map for user User2
2026.08.11-09:16:45.354[32m info [39m [caliper] [connectors/v2/FabricGateway] 	Successfully connected user with identity User2 to a Network Gateway
2026.08.11-09:16:45.355[32m info [39m [caliper] [connectors/v2/FabricGateway] 	Generating contract map for user User2
2026.08.11-09:16:45.359[32m info [39m [caliper] [connectors/v2/FabricGateway] 	Successfully connected user with identity User2 to a Network Gateway
2026.08.11-09:16:45.360[32m info [39m [caliper] [connectors/v2/FabricGateway] 	Generating contract map for user User2
2026.08.11-09:16:45.372[32m info [39m [caliper] [connectors/v2/FabricGateway] 	Connecting user with identity User3 to a Network Gateway
2026.08.11-09:16:45.385[32m info [39m [caliper] [connectors/v2/FabricGateway] 	Successfully connected user with identity User2 to a Network Gateway
2026.08.11-09:16:45.385[32m info [39m [caliper] [connectors/v2/FabricGateway] 	Generating contract map for user User2
2026.08.11-09:16:45.392[32m info [39m [caliper] [connectors/v2/FabricGateway] 	Connecting user with identity User3 to a Network Gateway
2026.08.11-09:16:45.406[32m info [39m [caliper] [connectors/v2/FabricGateway] 	Connecting user with identity User3 to a Network Gateway
2026.08.11-09:16:45.406[32m info [39m [caliper] [connectors/v2/FabricGateway] 	Connecting user with identity User3 to a Network Gateway
2026.08.11-09:16:45.431[32m info [39m [caliper] [connectors/v2/FabricGateway] 	Connecting user with identity User3 to a Network Gateway
2026.08.11-09:16:45.437[32m info [39m [caliper] [connectors/v2/FabricGateway] 	Successfully connected user with identity User3 to a Network Gateway
2026.08.11-09:16:45.437[32m info [39m [caliper] [connectors/v2/FabricGateway] 	Generating contract map for user User3
2026.08.11-09:16:45.454[32m info [39m [caliper] [connectors/v2/FabricGateway] 	Successfully connected user with identity User3 to a Network Gateway
2026.08.11-09:16:45.454[32m info [39m [caliper] [connectors/v2/FabricGateway] 	Generating contract map for user User3
2026.08.11-09:16:45.470[32m info [39m [caliper] [connectors/v2/FabricGateway] 	Successfully connected user with identity User3 to a Network Gateway
2026.08.11-09:16:45.471[32m info [39m [caliper] [connectors/v2/FabricGateway] 	Generating contract map for user User3
2026.08.11-09:16:45.474[32m info [39m [caliper] [connectors/v2/FabricGateway] 	Successfully connected user with identity User3 to a Network Gateway
2026.08.11-09:16:45.474[32m info [39m [caliper] [connectors/v2/FabricGateway] 	Generating contract map for user User3
2026.08.11-09:16:45.486[32m info [39m [caliper] [connectors/v2/FabricGateway] 	Connecting user with identity User4 to a Network Gateway
2026.08.11-09:16:45.503[32m info [39m [caliper] [connectors/v2/FabricGateway] 	Connecting user with identity User4 to a Network Gateway
2026.08.11-09:16:45.508[32m info [39m [caliper] [connectors/v2/FabricGateway] 	Successfully connected user with identity User3 to a Network Gateway
2026.08.11-09:16:45.508[32m info [39m [caliper] [connectors/v2/FabricGateway] 	Generating contract map for user User3
2026.08.11-09:16:45.521[32m info [39m [caliper] [connectors/v2/FabricGateway] 	Connecting user with identity User4 to a Network Gateway
2026.08.11-09:16:45.525[32m info [39m [caliper] [connectors/v2/FabricGateway] 	Connecting user with identity User4 to a Network Gateway
2026.08.11-09:16:45.555[32m info [39m [caliper] [connectors/v2/FabricGateway] 	Successfully connected user with identity User4 to a Network Gateway
2026.08.11-09:16:45.555[32m info [39m [caliper] [connectors/v2/FabricGateway] 	Generating contract map for user User4
2026.08.11-09:16:45.565[32m info [39m [caliper] [connectors/v2/FabricGateway] 	Connecting user with identity User4 to a Network Gateway
2026.08.11-09:16:45.575[32m info [39m [caliper] [connectors/v2/FabricGateway] 	Successfully connected user with identity User4 to a Network Gateway
2026.08.11-09:16:45.575[32m info [39m [caliper] [connectors/v2/FabricGateway] 	Generating contract map for user User4
2026.08.11-09:16:45.589[32m info [39m [caliper] [connectors/v2/FabricGateway] 	Successfully connected user with identity User4 to a Network Gateway
2026.08.11-09:16:45.590[32m info [39m [caliper] [connectors/v2/FabricGateway] 	Generating contract map for user User4
2026.08.11-09:16:45.593[32m info [39m [caliper] [connectors/v2/FabricGateway] 	Successfully connected user with identity User4 to a Network Gateway
2026.08.11-09:16:45.593[32m info [39m [caliper] [connectors/v2/FabricGateway] 	Generating contract map for user User4
2026.08.11-09:16:45.603[32m info [39m [caliper] [connectors/v2/FabricGateway] 	Connecting user with identity User5 to a Network Gateway
2026.08.11-09:16:45.623[32m info [39m [caliper] [connectors/v2/FabricGateway] 	Connecting user with identity User5 to a Network Gateway
2026.08.11-09:16:45.630[32m info [39m [caliper] [connectors/v2/FabricGateway] 	Successfully connected user with identity User4 to a Network Gateway
2026.08.11-09:16:45.631[32m info [39m [caliper] [connectors/v2/FabricGateway] 	Generating contract map for user User4
2026.08.11-09:16:45.638[32m info [39m [caliper] [connectors/v2/FabricGateway] 	Connecting user with identity User5 to a Network Gateway
2026.08.11-09:16:45.638[32m info [39m [caliper] [connectors/v2/FabricGateway] 	Connecting user with identity User5 to a Network Gateway
2026.08.11-09:16:45.666[32m info [39m [caliper] [connectors/v2/FabricGateway] 	Successfully connected user with identity User5 to a Network Gateway
2026.08.11-09:16:45.666[32m info [39m [caliper] [connectors/v2/FabricGateway] 	Generating contract map for user User5
2026.08.11-09:16:45.679[32m info [39m [caliper] [connectors/v2/FabricGateway] 	Connecting user with identity User5 to a Network Gateway
2026.08.11-09:16:45.690[32m info [39m [caliper] [connectors/v2/FabricGateway] 	Successfully connected user with identity User5 to a Network Gateway
2026.08.11-09:16:45.690[32m info [39m [caliper] [connectors/v2/FabricGateway] 	Generating contract map for user User5
2026.08.11-09:16:45.701[32m info [39m [caliper] [connectors/v2/FabricGateway] 	Successfully connected user with identity User5 to a Network Gateway
2026.08.11-09:16:45.702[32m info [39m [caliper] [connectors/v2/FabricGateway] 	Generating contract map for user User5
2026.08.11-09:16:45.704[32m info [39m [caliper] [connectors/v2/FabricGateway] 	Successfully connected user with identity User5 to a Network Gateway
2026.08.11-09:16:45.704[32m info [39m [caliper] [connectors/v2/FabricGateway] 	Generating contract map for user User5
2026.08.11-09:16:45.718[32m info [39m [caliper] [connectors/v2/FabricGateway] 	Connecting user with identity _AuctioncentersMSP_User0 to a Network Gateway
2026.08.11-09:16:45.740[32m info [39m [caliper] [connectors/v2/FabricGateway] 	Connecting user with identity _AuctioncentersMSP_User0 to a Network Gateway
2026.08.11-09:16:45.754[32m info [39m [caliper] [connectors/v2/FabricGateway] 	Connecting user with identity _AuctioncentersMSP_User0 to a Network Gateway
2026.08.11-09:16:45.755[32m info [39m [caliper] [connectors/v2/FabricGateway] 	Connecting user with identity _AuctioncentersMSP_User0 to a Network Gateway
2026.08.11-09:16:45.758[32m info [39m [caliper] [connectors/v2/FabricGateway] 	Successfully connected user with identity User5 to a Network Gateway
2026.08.11-09:16:45.758[32m info [39m [caliper] [connectors/v2/FabricGateway] 	Generating contract map for user User5
2026.08.11-09:16:45.786[32m info [39m [caliper] [connectors/v2/FabricGateway] 	Successfully connected user with identity _AuctioncentersMSP_User0 to a Network Gateway
2026.08.11-09:16:45.787[32m info [39m [caliper] [connectors/v2/FabricGateway] 	Generating contract map for user _AuctioncentersMSP_User0
2026.08.11-09:16:45.807[32m info [39m [caliper] [connectors/v2/FabricGateway] 	Connecting user with identity _AuctioncentersMSP_User0 to a Network Gateway
2026.08.11-09:16:45.812[32m info [39m [caliper] [connectors/v2/FabricGateway] 	Successfully connected user with identity _AuctioncentersMSP_User0 to a Network Gateway
2026.08.11-09:16:45.813[32m info [39m [caliper] [connectors/v2/FabricGateway] 	Generating contract map for user _AuctioncentersMSP_User0
2026.08.11-09:16:45.815[32m info [39m [caliper] [connectors/v2/FabricGateway] 	Successfully connected user with identity _AuctioncentersMSP_User0 to a Network Gateway
2026.08.11-09:16:45.815[32m info [39m [caliper] [connectors/v2/FabricGateway] 	Generating contract map for user _AuctioncentersMSP_User0
2026.08.11-09:16:45.828[32m info [39m [caliper] [connectors/v2/FabricGateway] 	Successfully connected user with identity _AuctioncentersMSP_User0 to a Network Gateway
2026.08.11-09:16:45.828[32m info [39m [caliper] [connectors/v2/FabricGateway] 	Generating contract map for user _AuctioncentersMSP_User0
2026.08.11-09:16:45.834[32m info [39m [caliper] [connectors/v2/FabricGateway] 	Connecting user with identity _AuctioncentersMSP_User1 to a Network Gateway
2026.08.11-09:16:45.858[32m info [39m [caliper] [connectors/v2/FabricGateway] 	Connecting user with identity _AuctioncentersMSP_User1 to a Network Gateway
2026.08.11-09:16:45.863[32m info [39m [caliper] [connectors/v2/FabricGateway] 	Connecting user with identity _AuctioncentersMSP_User1 to a Network Gateway
2026.08.11-09:16:45.876[32m info [39m [caliper] [connectors/v2/FabricGateway] 	Connecting user with identity _AuctioncentersMSP_User1 to a Network Gateway
2026.08.11-09:16:45.878[32m info [39m [caliper] [connectors/v2/FabricGateway] 	Successfully connected user with identity _AuctioncentersMSP_User0 to a Network Gateway
2026.08.11-09:16:45.879[32m info [39m [caliper] [connectors/v2/FabricGateway] 	Generating contract map for user _AuctioncentersMSP_User0
2026.08.11-09:16:45.896[32m info [39m [caliper] [connectors/v2/FabricGateway] 	Successfully connected user with identity _AuctioncentersMSP_User1 to a Network Gateway
2026.08.11-09:16:45.896[32m info [39m [caliper] [connectors/v2/FabricGateway] 	Generating contract map for user _AuctioncentersMSP_User1
2026.08.11-09:16:45.929[32m info [39m [caliper] [connectors/v2/FabricGateway] 	Connecting user with identity _AuctioncentersMSP_User1 to a Network Gateway
2026.08.11-09:16:45.931[32m info [39m [caliper] [connectors/v2/FabricGateway] 	Successfully connected user with identity _AuctioncentersMSP_User1 to a Network Gateway
2026.08.11-09:16:45.932[32m info [39m [caliper] [connectors/v2/FabricGateway] 	Generating contract map for user _AuctioncentersMSP_User1
2026.08.11-09:16:45.936[32m info [39m [caliper] [connectors/v2/FabricGateway] 	Successfully connected user with identity _AuctioncentersMSP_User1 to a Network Gateway
2026.08.11-09:16:45.936[32m info [39m [caliper] [connectors/v2/FabricGateway] 	Generating contract map for user _AuctioncentersMSP_User1
2026.08.11-09:16:45.948[32m info [39m [caliper] [connectors/v2/FabricGateway] 	Connecting user with identity _AuctioncentersMSP_User2 to a Network Gateway
2026.08.11-09:16:45.955[32m info [39m [caliper] [connectors/v2/FabricGateway] 	Successfully connected user with identity _AuctioncentersMSP_User1 to a Network Gateway
2026.08.11-09:16:45.955[32m info [39m [caliper] [connectors/v2/FabricGateway] 	Generating contract map for user _AuctioncentersMSP_User1
2026.08.11-09:16:45.987[32m info [39m [caliper] [connectors/v2/FabricGateway] 	Connecting user with identity _AuctioncentersMSP_User2 to a Network Gateway
2026.08.11-09:16:45.990[32m info [39m [caliper] [connectors/v2/FabricGateway] 	Connecting user with identity _AuctioncentersMSP_User2 to a Network Gateway
2026.08.11-09:16:46.000[32m info [39m [caliper] [connectors/v2/FabricGateway] 	Successfully connected user with identity _AuctioncentersMSP_User1 to a Network Gateway
2026.08.11-09:16:46.000[32m info [39m [caliper] [connectors/v2/FabricGateway] 	Generating contract map for user _AuctioncentersMSP_User1
2026.08.11-09:16:46.008[32m info [39m [caliper] [connectors/v2/FabricGateway] 	Connecting user with identity _AuctioncentersMSP_User2 to a Network Gateway
2026.08.11-09:16:46.017[32m info [39m [caliper] [connectors/v2/FabricGateway] 	Successfully connected user with identity _AuctioncentersMSP_User2 to a Network Gateway
2026.08.11-09:16:46.017[32m info [39m [caliper] [connectors/v2/FabricGateway] 	Generating contract map for user _AuctioncentersMSP_User2
2026.08.11-09:16:46.047[32m info [39m [caliper] [connectors/v2/FabricGateway] 	Connecting user with identity _AuctioncentersMSP_User2 to a Network Gateway
2026.08.11-09:16:46.057[32m info [39m [caliper] [connectors/v2/FabricGateway] 	Successfully connected user with identity _AuctioncentersMSP_User2 to a Network Gateway
2026.08.11-09:16:46.057[32m info [39m [caliper] [connectors/v2/FabricGateway] 	Generating contract map for user _AuctioncentersMSP_User2
2026.08.11-09:16:46.060[32m info [39m [caliper] [connectors/v2/FabricGateway] 	Successfully connected user with identity _AuctioncentersMSP_User2 to a Network Gateway
2026.08.11-09:16:46.060[32m info [39m [caliper] [connectors/v2/FabricGateway] 	Generating contract map for user _AuctioncentersMSP_User2
2026.08.11-09:16:46.066[32m info [39m [caliper] [connectors/v2/FabricGateway] 	Connecting user with identity _AuctioncentersMSP_User3 to a Network Gateway
2026.08.11-09:16:46.082[32m info [39m [caliper] [connectors/v2/FabricGateway] 	Successfully connected user with identity _AuctioncentersMSP_User2 to a Network Gateway
2026.08.11-09:16:46.082[32m info [39m [caliper] [connectors/v2/FabricGateway] 	Generating contract map for user _AuctioncentersMSP_User2
2026.08.11-09:16:46.107[32m info [39m [caliper] [connectors/v2/FabricGateway] 	Connecting user with identity _AuctioncentersMSP_User3 to a Network Gateway
2026.08.11-09:16:46.107[32m info [39m [caliper] [connectors/v2/FabricGateway] 	Connecting user with identity _AuctioncentersMSP_User3 to a Network Gateway
2026.08.11-09:16:46.121[32m info [39m [caliper] [connectors/v2/FabricGateway] 	Successfully connected user with identity _AuctioncentersMSP_User2 to a Network Gateway
2026.08.11-09:16:46.121[32m info [39m [caliper] [connectors/v2/FabricGateway] 	Generating contract map for user _AuctioncentersMSP_User2
2026.08.11-09:16:46.131[32m info [39m [caliper] [connectors/v2/FabricGateway] 	Connecting user with identity _AuctioncentersMSP_User3 to a Network Gateway
2026.08.11-09:16:46.135[32m info [39m [caliper] [connectors/v2/FabricGateway] 	Successfully connected user with identity _AuctioncentersMSP_User3 to a Network Gateway
2026.08.11-09:16:46.135[32m info [39m [caliper] [connectors/v2/FabricGateway] 	Generating contract map for user _AuctioncentersMSP_User3
2026.08.11-09:16:46.170[32m info [39m [caliper] [connectors/v2/FabricGateway] 	Connecting user with identity _AuctioncentersMSP_User3 to a Network Gateway
2026.08.11-09:16:46.174[32m info [39m [caliper] [connectors/v2/FabricGateway] 	Successfully connected user with identity _AuctioncentersMSP_User3 to a Network Gateway
2026.08.11-09:16:46.175[32m info [39m [caliper] [connectors/v2/FabricGateway] 	Generating contract map for user _AuctioncentersMSP_User3
2026.08.11-09:16:46.181[32m info [39m [caliper] [connectors/v2/FabricGateway] 	Connecting user with identity _AuctioncentersMSP_User4 to a Network Gateway
2026.08.11-09:16:46.183[32m info [39m [caliper] [connectors/v2/FabricGateway] 	Successfully connected user with identity _AuctioncentersMSP_User3 to a Network Gateway
2026.08.11-09:16:46.183[32m info [39m [caliper] [connectors/v2/FabricGateway] 	Generating contract map for user _AuctioncentersMSP_User3
2026.08.11-09:16:46.204[32m info [39m [caliper] [connectors/v2/FabricGateway] 	Successfully connected user with identity _AuctioncentersMSP_User3 to a Network Gateway
2026.08.11-09:16:46.204[32m info [39m [caliper] [connectors/v2/FabricGateway] 	Generating contract map for user _AuctioncentersMSP_User3
2026.08.11-09:16:46.224[32m info [39m [caliper] [connectors/v2/FabricGateway] 	Connecting user with identity _AuctioncentersMSP_User4 to a Network Gateway
2026.08.11-09:16:46.232[32m info [39m [caliper] [connectors/v2/FabricGateway] 	Connecting user with identity _AuctioncentersMSP_User4 to a Network Gateway
2026.08.11-09:16:46.242[32m info [39m [caliper] [connectors/v2/FabricGateway] 	Successfully connected user with identity _AuctioncentersMSP_User3 to a Network Gateway
2026.08.11-09:16:46.242[32m info [39m [caliper] [connectors/v2/FabricGateway] 	Generating contract map for user _AuctioncentersMSP_User3
2026.08.11-09:16:46.251[32m info [39m [caliper] [connectors/v2/FabricGateway] 	Successfully connected user with identity _AuctioncentersMSP_User4 to a Network Gateway
2026.08.11-09:16:46.251[32m info [39m [caliper] [connectors/v2/FabricGateway] 	Generating contract map for user _AuctioncentersMSP_User4
2026.08.11-09:16:46.254[32m info [39m [caliper] [connectors/v2/FabricGateway] 	Connecting user with identity _AuctioncentersMSP_User4 to a Network Gateway
2026.08.11-09:16:46.295[32m info [39m [caliper] [connectors/v2/FabricGateway] 	Connecting user with identity _AuctioncentersMSP_User4 to a Network Gateway
2026.08.11-09:16:46.302[32m info [39m [caliper] [connectors/v2/FabricGateway] 	Successfully connected user with identity _AuctioncentersMSP_User4 to a Network Gateway
2026.08.11-09:16:46.303[32m info [39m [caliper] [connectors/v2/FabricGateway] 	Generating contract map for user _AuctioncentersMSP_User4
2026.08.11-09:16:46.304[32m info [39m [caliper] [connectors/v2/FabricGateway] 	Connecting user with identity _AuctioncentersMSP_User5 to a Network Gateway
2026.08.11-09:16:46.307[32m info [39m [caliper] [connectors/v2/FabricGateway] 	Successfully connected user with identity _AuctioncentersMSP_User4 to a Network Gateway
2026.08.11-09:16:46.307[32m info [39m [caliper] [connectors/v2/FabricGateway] 	Generating contract map for user _AuctioncentersMSP_User4
2026.08.11-09:16:46.324[32m info [39m [caliper] [connectors/v2/FabricGateway] 	Successfully connected user with identity _AuctioncentersMSP_User4 to a Network Gateway
2026.08.11-09:16:46.324[32m info [39m [caliper] [connectors/v2/FabricGateway] 	Generating contract map for user _AuctioncentersMSP_User4
2026.08.11-09:16:46.356[32m info [39m [caliper] [connectors/v2/FabricGateway] 	Connecting user with identity _AuctioncentersMSP_User5 to a Network Gateway
2026.08.11-09:16:46.356[32m info [39m [caliper] [connectors/v2/FabricGateway] 	Connecting user with identity _AuctioncentersMSP_User5 to a Network Gateway
2026.08.11-09:16:46.372[32m info [39m [caliper] [connectors/v2/FabricGateway] 	Connecting user with identity _AuctioncentersMSP_User5 to a Network Gateway
2026.08.11-09:16:46.374[32m info [39m [caliper] [connectors/v2/FabricGateway] 	Successfully connected user with identity _AuctioncentersMSP_User5 to a Network Gateway
2026.08.11-09:16:46.374[32m info [39m [caliper] [connectors/v2/FabricGateway] 	Generating contract map for user _AuctioncentersMSP_User5
2026.08.11-09:16:46.378[32m info [39m [caliper] [connectors/v2/FabricGateway] 	Successfully connected user with identity _AuctioncentersMSP_User4 to a Network Gateway
2026.08.11-09:16:46.378[32m info [39m [caliper] [connectors/v2/FabricGateway] 	Generating contract map for user _AuctioncentersMSP_User4
2026.08.11-09:16:46.418[32m info [39m [caliper] [connectors/v2/FabricGateway] 	Successfully connected user with identity _AuctioncentersMSP_User5 to a Network Gateway
2026.08.11-09:16:46.418[32m info [39m [caliper] [connectors/v2/FabricGateway] 	Generating contract map for user _AuctioncentersMSP_User5
2026.08.11-09:16:46.419[32m info [39m [caliper] [connectors/v2/FabricGateway] 	Successfully connected user with identity _AuctioncentersMSP_User5 to a Network Gateway
2026.08.11-09:16:46.419[32m info [39m [caliper] [connectors/v2/FabricGateway] 	Generating contract map for user _AuctioncentersMSP_User5
2026.08.11-09:16:46.419[32m info [39m [caliper] [connectors/v2/FabricGateway] 	Connecting user with identity _WholesalersMSP_User0 to a Network Gateway
2026.08.11-09:16:46.424[32m info [39m [caliper] [connectors/v2/FabricGateway] 	Connecting user with identity _AuctioncentersMSP_User5 to a Network Gateway
2026.08.11-09:16:46.439[32m info [39m [caliper] [connectors/v2/FabricGateway] 	Successfully connected user with identity _AuctioncentersMSP_User5 to a Network Gateway
2026.08.11-09:16:46.439[32m info [39m [caliper] [connectors/v2/FabricGateway] 	Generating contract map for user _AuctioncentersMSP_User5
2026.08.11-09:16:46.466[32m info [39m [caliper] [connectors/v2/FabricGateway] 	Connecting user with identity _WholesalersMSP_User0 to a Network Gateway
2026.08.11-09:16:46.466[32m info [39m [caliper] [connectors/v2/FabricGateway] 	Connecting user with identity _WholesalersMSP_User0 to a Network Gateway
2026.08.11-09:16:46.485[32m info [39m [caliper] [connectors/v2/FabricGateway] 	Successfully connected user with identity _WholesalersMSP_User0 to a Network Gateway
2026.08.11-09:16:46.485[32m info [39m [caliper] [connectors/v2/FabricGateway] 	Connecting user with identity _WholesalersMSP_User0 to a Network Gateway
2026.08.11-09:16:46.485[32m info [39m [caliper] [connectors/v2/FabricGateway] 	Generating contract map for user _WholesalersMSP_User0
2026.08.11-09:16:46.501[32m info [39m [caliper] [connectors/v2/FabricGateway] 	Successfully connected user with identity _AuctioncentersMSP_User5 to a Network Gateway
2026.08.11-09:16:46.501[32m info [39m [caliper] [connectors/v2/FabricGateway] 	Generating contract map for user _AuctioncentersMSP_User5
2026.08.11-09:16:46.531[32m info [39m [caliper] [connectors/v2/FabricGateway] 	Successfully connected user with identity _WholesalersMSP_User0 to a Network Gateway
2026.08.11-09:16:46.532[32m info [39m [caliper] [connectors/v2/FabricGateway] 	Generating contract map for user _WholesalersMSP_User0
2026.08.11-09:16:46.535[32m info [39m [caliper] [connectors/v2/FabricGateway] 	Connecting user with identity _WholesalersMSP_User1 to a Network Gateway
2026.08.11-09:16:46.538[32m info [39m [caliper] [connectors/v2/FabricGateway] 	Successfully connected user with identity _WholesalersMSP_User0 to a Network Gateway
2026.08.11-09:16:46.538[32m info [39m [caliper] [connectors/v2/FabricGateway] 	Generating contract map for user _WholesalersMSP_User0
2026.08.11-09:16:46.549[32m info [39m [caliper] [connectors/v2/FabricGateway] 	Successfully connected user with identity _WholesalersMSP_User0 to a Network Gateway
2026.08.11-09:16:46.549[32m info [39m [caliper] [connectors/v2/FabricGateway] 	Generating contract map for user _WholesalersMSP_User0
2026.08.11-09:16:46.553[32m info [39m [caliper] [connectors/v2/FabricGateway] 	Connecting user with identity _WholesalersMSP_User0 to a Network Gateway
2026.08.11-09:16:46.582[32m info [39m [caliper] [connectors/v2/FabricGateway] 	Connecting user with identity _WholesalersMSP_User1 to a Network Gateway
2026.08.11-09:16:46.587[32m info [39m [caliper] [connectors/v2/FabricGateway] 	Connecting user with identity _WholesalersMSP_User1 to a Network Gateway
2026.08.11-09:16:46.597[32m info [39m [caliper] [connectors/v2/FabricGateway] 	Connecting user with identity _WholesalersMSP_User1 to a Network Gateway
2026.08.11-09:16:46.604[32m info [39m [caliper] [connectors/v2/FabricGateway] 	Successfully connected user with identity _WholesalersMSP_User1 to a Network Gateway
2026.08.11-09:16:46.604[32m info [39m [caliper] [connectors/v2/FabricGateway] 	Generating contract map for user _WholesalersMSP_User1
2026.08.11-09:16:46.625[32m info [39m [caliper] [connectors/v2/FabricGateway] 	Successfully connected user with identity _WholesalersMSP_User0 to a Network Gateway
2026.08.11-09:16:46.625[32m info [39m [caliper] [connectors/v2/FabricGateway] 	Generating contract map for user _WholesalersMSP_User0
2026.08.11-09:16:46.650[32m info [39m [caliper] [connectors/v2/FabricGateway] 	Connecting user with identity _WholesalersMSP_User2 to a Network Gateway
2026.08.11-09:16:46.651[32m info [39m [caliper] [connectors/v2/FabricGateway] 	Successfully connected user with identity _WholesalersMSP_User1 to a Network Gateway
2026.08.11-09:16:46.651[32m info [39m [caliper] [connectors/v2/FabricGateway] 	Generating contract map for user _WholesalersMSP_User1
2026.08.11-09:16:46.656[32m info [39m [caliper] [connectors/v2/FabricGateway] 	Successfully connected user with identity _WholesalersMSP_User1 to a Network Gateway
2026.08.11-09:16:46.656[32m info [39m [caliper] [connectors/v2/FabricGateway] 	Generating contract map for user _WholesalersMSP_User1
2026.08.11-09:16:46.664[32m info [39m [caliper] [connectors/v2/FabricGateway] 	Successfully connected user with identity _WholesalersMSP_User1 to a Network Gateway
2026.08.11-09:16:46.665[32m info [39m [caliper] [connectors/v2/FabricGateway] 	Generating contract map for user _WholesalersMSP_User1
2026.08.11-09:16:46.671[32m info [39m [caliper] [connectors/v2/FabricGateway] 	Connecting user with identity _WholesalersMSP_User1 to a Network Gateway
2026.08.11-09:16:46.704[32m info [39m [caliper] [connectors/v2/FabricGateway] 	Connecting user with identity _WholesalersMSP_User2 to a Network Gateway
2026.08.11-09:16:46.707[32m info [39m [caliper] [connectors/v2/FabricGateway] 	Connecting user with identity _WholesalersMSP_User2 to a Network Gateway
2026.08.11-09:16:46.718[32m info [39m [caliper] [connectors/v2/FabricGateway] 	Connecting user with identity _WholesalersMSP_User2 to a Network Gateway
2026.08.11-09:16:46.724[32m info [39m [caliper] [connectors/v2/FabricGateway] 	Successfully connected user with identity _WholesalersMSP_User2 to a Network Gateway
2026.08.11-09:16:46.724[32m info [39m [caliper] [connectors/v2/FabricGateway] 	Generating contract map for user _WholesalersMSP_User2
2026.08.11-09:16:46.738[32m info [39m [caliper] [connectors/v2/FabricGateway] 	Successfully connected user with identity _WholesalersMSP_User1 to a Network Gateway
2026.08.11-09:16:46.738[32m info [39m [caliper] [connectors/v2/FabricGateway] 	Generating contract map for user _WholesalersMSP_User1
2026.08.11-09:16:46.770[32m info [39m [caliper] [connectors/v2/FabricGateway] 	Connecting user with identity _WholesalersMSP_User3 to a Network Gateway
2026.08.11-09:16:46.774[32m info [39m [caliper] [connectors/v2/FabricGateway] 	Successfully connected user with identity _WholesalersMSP_User2 to a Network Gateway
2026.08.11-09:16:46.774[32m info [39m [caliper] [connectors/v2/FabricGateway] 	Generating contract map for user _WholesalersMSP_User2
2026.08.11-09:16:46.775[32m info [39m [caliper] [connectors/v2/FabricGateway] 	Successfully connected user with identity _WholesalersMSP_User2 to a Network Gateway
2026.08.11-09:16:46.775[32m info [39m [caliper] [connectors/v2/FabricGateway] 	Generating contract map for user _WholesalersMSP_User2
2026.08.11-09:16:46.785[32m info [39m [caliper] [connectors/v2/FabricGateway] 	Connecting user with identity _WholesalersMSP_User2 to a Network Gateway
2026.08.11-09:16:46.795[32m info [39m [caliper] [connectors/v2/FabricGateway] 	Successfully connected user with identity _WholesalersMSP_User2 to a Network Gateway
2026.08.11-09:16:46.795[32m info [39m [caliper] [connectors/v2/FabricGateway] 	Generating contract map for user _WholesalersMSP_User2
2026.08.11-09:16:46.822[32m info [39m [caliper] [connectors/v2/FabricGateway] 	Connecting user with identity _WholesalersMSP_User3 to a Network Gateway
2026.08.11-09:16:46.822[32m info [39m [caliper] [connectors/v2/FabricGateway] 	Connecting user with identity _WholesalersMSP_User3 to a Network Gateway
2026.08.11-09:16:46.839[32m info [39m [caliper] [connectors/v2/FabricGateway] 	Successfully connected user with identity _WholesalersMSP_User3 to a Network Gateway
2026.08.11-09:16:46.839[32m info [39m [caliper] [connectors/v2/FabricGateway] 	Generating contract map for user _WholesalersMSP_User3
2026.08.11-09:16:46.846[32m info [39m [caliper] [connectors/v2/FabricGateway] 	Connecting user with identity _WholesalersMSP_User3 to a Network Gateway
2026.08.11-09:16:46.856[32m info [39m [caliper] [connectors/v2/FabricGateway] 	Successfully connected user with identity _WholesalersMSP_User2 to a Network Gateway
2026.08.11-09:16:46.856[32m info [39m [caliper] [connectors/v2/FabricGateway] 	Generating contract map for user _WholesalersMSP_User2
2026.08.11-09:16:46.886[32m info [39m [caliper] [connectors/v2/FabricGateway] 	Connecting user with identity _WholesalersMSP_User4 to a Network Gateway
2026.08.11-09:16:46.887[32m info [39m [caliper] [connectors/v2/FabricGateway] 	Successfully connected user with identity _WholesalersMSP_User3 to a Network Gateway
2026.08.11-09:16:46.887[32m info [39m [caliper] [connectors/v2/FabricGateway] 	Generating contract map for user _WholesalersMSP_User3
2026.08.11-09:16:46.890[32m info [39m [caliper] [connectors/v2/FabricGateway] 	Successfully connected user with identity _WholesalersMSP_User3 to a Network Gateway
2026.08.11-09:16:46.890[32m info [39m [caliper] [connectors/v2/FabricGateway] 	Generating contract map for user _WholesalersMSP_User3
2026.08.11-09:16:46.906[32m info [39m [caliper] [connectors/v2/FabricGateway] 	Connecting user with identity _WholesalersMSP_User3 to a Network Gateway
2026.08.11-09:16:46.914[32m info [39m [caliper] [connectors/v2/FabricGateway] 	Successfully connected user with identity _WholesalersMSP_User3 to a Network Gateway
2026.08.11-09:16:46.914[32m info [39m [caliper] [connectors/v2/FabricGateway] 	Generating contract map for user _WholesalersMSP_User3
2026.08.11-09:16:46.940[32m info [39m [caliper] [connectors/v2/FabricGateway] 	Connecting user with identity _WholesalersMSP_User4 to a Network Gateway
2026.08.11-09:16:46.940[32m info [39m [caliper] [connectors/v2/FabricGateway] 	Connecting user with identity _WholesalersMSP_User4 to a Network Gateway
2026.08.11-09:16:46.951[32m info [39m [caliper] [connectors/v2/FabricGateway] 	Successfully connected user with identity _WholesalersMSP_User4 to a Network Gateway
2026.08.11-09:16:46.951[32m info [39m [caliper] [connectors/v2/FabricGateway] 	Generating contract map for user _WholesalersMSP_User4
2026.08.11-09:16:46.962[32m info [39m [caliper] [connectors/v2/FabricGateway] 	Connecting user with identity _WholesalersMSP_User4 to a Network Gateway
2026.08.11-09:16:46.972[32m info [39m [caliper] [connectors/v2/FabricGateway] 	Successfully connected user with identity _WholesalersMSP_User3 to a Network Gateway
2026.08.11-09:16:46.972[32m info [39m [caliper] [connectors/v2/FabricGateway] 	Generating contract map for user _WholesalersMSP_User3
2026.08.11-09:16:46.997[32m info [39m [caliper] [connectors/v2/FabricGateway] 	Connecting user with identity _WholesalersMSP_User5 to a Network Gateway
2026.08.11-09:16:47.006[32m info [39m [caliper] [connectors/v2/FabricGateway] 	Successfully connected user with identity _WholesalersMSP_User4 to a Network Gateway
2026.08.11-09:16:47.006[32m info [39m [caliper] [connectors/v2/FabricGateway] 	Generating contract map for user _WholesalersMSP_User4
2026.08.11-09:16:47.011[32m info [39m [caliper] [connectors/v2/FabricGateway] 	Successfully connected user with identity _WholesalersMSP_User4 to a Network Gateway
2026.08.11-09:16:47.011[32m info [39m [caliper] [connectors/v2/FabricGateway] 	Generating contract map for user _WholesalersMSP_User4
2026.08.11-09:16:47.019[32m info [39m [caliper] [connectors/v2/FabricGateway] 	Connecting user with identity _WholesalersMSP_User4 to a Network Gateway
2026.08.11-09:16:47.030[32m info [39m [caliper] [connectors/v2/FabricGateway] 	Successfully connected user with identity _WholesalersMSP_User4 to a Network Gateway
2026.08.11-09:16:47.031[32m info [39m [caliper] [connectors/v2/FabricGateway] 	Generating contract map for user _WholesalersMSP_User4
2026.08.11-09:16:47.056[32m info [39m [caliper] [connectors/v2/FabricGateway] 	Connecting user with identity _WholesalersMSP_User5 to a Network Gateway
2026.08.11-09:16:47.056[32m info [39m [caliper] [connectors/v2/FabricGateway] 	Connecting user with identity _WholesalersMSP_User5 to a Network Gateway
2026.08.11-09:16:47.065[32m info [39m [caliper] [connectors/v2/FabricGateway] 	Successfully connected user with identity _WholesalersMSP_User5 to a Network Gateway
2026.08.11-09:16:47.066[32m info [39m [caliper] [connectors/v2/FabricGateway] 	Generating contract map for user _WholesalersMSP_User5
2026.08.11-09:16:47.077[32m info [39m [caliper] [connectors/v2/FabricGateway] 	Connecting user with identity _WholesalersMSP_User5 to a Network Gateway
2026.08.11-09:16:47.088[32m info [39m [caliper] [connectors/v2/FabricGateway] 	Successfully connected user with identity _WholesalersMSP_User4 to a Network Gateway
2026.08.11-09:16:47.088[32m info [39m [caliper] [connectors/v2/FabricGateway] 	Generating contract map for user _WholesalersMSP_User4
2026.08.11-09:16:47.112[32m info [39m [caliper] [connectors/v2/FabricGateway] 	Connecting user with identity _RetailersMSP_User0 to a Network Gateway
2026.08.11-09:16:47.123[32m info [39m [caliper] [connectors/v2/FabricGateway] 	Successfully connected user with identity _WholesalersMSP_User5 to a Network Gateway
2026.08.11-09:16:47.124[32m info [39m [caliper] [connectors/v2/FabricGateway] 	Successfully connected user with identity _WholesalersMSP_User5 to a Network Gateway
2026.08.11-09:16:47.124[32m info [39m [caliper] [connectors/v2/FabricGateway] 	Generating contract map for user _WholesalersMSP_User5
2026.08.11-09:16:47.124[32m info [39m [caliper] [connectors/v2/FabricGateway] 	Generating contract map for user _WholesalersMSP_User5
2026.08.11-09:16:47.144[32m info [39m [caliper] [connectors/v2/FabricGateway] 	Connecting user with identity _WholesalersMSP_User5 to a Network Gateway
2026.08.11-09:16:47.146[32m info [39m [caliper] [connectors/v2/FabricGateway] 	Successfully connected user with identity _WholesalersMSP_User5 to a Network Gateway
2026.08.11-09:16:47.146[32m info [39m [caliper] [connectors/v2/FabricGateway] 	Generating contract map for user _WholesalersMSP_User5
2026.08.11-09:16:47.175[32m info [39m [caliper] [connectors/v2/FabricGateway] 	Connecting user with identity _RetailersMSP_User0 to a Network Gateway
2026.08.11-09:16:47.178[32m info [39m [caliper] [connectors/v2/FabricGateway] 	Connecting user with identity _RetailersMSP_User0 to a Network Gateway
2026.08.11-09:16:47.179[32m info [39m [caliper] [connectors/v2/FabricGateway] 	Successfully connected user with identity _RetailersMSP_User0 to a Network Gateway
2026.08.11-09:16:47.179[32m info [39m [caliper] [connectors/v2/FabricGateway] 	Generating contract map for user _RetailersMSP_User0
2026.08.11-09:16:47.201[32m info [39m [caliper] [connectors/v2/FabricGateway] 	Connecting user with identity _RetailersMSP_User0 to a Network Gateway
2026.08.11-09:16:47.214[32m info [39m [caliper] [connectors/v2/FabricGateway] 	Successfully connected user with identity _WholesalersMSP_User5 to a Network Gateway
2026.08.11-09:16:47.214[32m info [39m [caliper] [connectors/v2/FabricGateway] 	Generating contract map for user _WholesalersMSP_User5
2026.08.11-09:16:47.225[32m info [39m [caliper] [connectors/v2/FabricGateway] 	Connecting user with identity _RetailersMSP_User1 to a Network Gateway
2026.08.11-09:16:47.245[32m info [39m [caliper] [connectors/v2/FabricGateway] 	Successfully connected user with identity _RetailersMSP_User0 to a Network Gateway
2026.08.11-09:16:47.245[32m info [39m [caliper] [connectors/v2/FabricGateway] 	Generating contract map for user _RetailersMSP_User0
2026.08.11-09:16:47.249[32m info [39m [caliper] [connectors/v2/FabricGateway] 	Successfully connected user with identity _RetailersMSP_User0 to a Network Gateway
2026.08.11-09:16:47.249[32m info [39m [caliper] [connectors/v2/FabricGateway] 	Generating contract map for user _RetailersMSP_User0
2026.08.11-09:16:47.264[32m info [39m [caliper] [connectors/v2/FabricGateway] 	Connecting user with identity _RetailersMSP_User0 to a Network Gateway
2026.08.11-09:16:47.268[32m info [39m [caliper] [connectors/v2/FabricGateway] 	Successfully connected user with identity _RetailersMSP_User0 to a Network Gateway
2026.08.11-09:16:47.268[32m info [39m [caliper] [connectors/v2/FabricGateway] 	Generating contract map for user _RetailersMSP_User0
2026.08.11-09:16:47.299[32m info [39m [caliper] [connectors/v2/FabricGateway] 	Successfully connected user with identity _RetailersMSP_User1 to a Network Gateway
2026.08.11-09:16:47.299[32m info [39m [caliper] [connectors/v2/FabricGateway] 	Generating contract map for user _RetailersMSP_User1
2026.08.11-09:16:47.300[32m info [39m [caliper] [connectors/v2/FabricGateway] 	Connecting user with identity _RetailersMSP_User1 to a Network Gateway
2026.08.11-09:16:47.304[32m info [39m [caliper] [connectors/v2/FabricGateway] 	Connecting user with identity _RetailersMSP_User1 to a Network Gateway
2026.08.11-09:16:47.321[32m info [39m [caliper] [connectors/v2/FabricGateway] 	Connecting user with identity _RetailersMSP_User1 to a Network Gateway
2026.08.11-09:16:47.336[32m info [39m [caliper] [connectors/v2/FabricGateway] 	Successfully connected user with identity _RetailersMSP_User0 to a Network Gateway
2026.08.11-09:16:47.336[32m info [39m [caliper] [connectors/v2/FabricGateway] 	Generating contract map for user _RetailersMSP_User0
2026.08.11-09:16:47.351[32m info [39m [caliper] [connectors/v2/FabricGateway] 	Connecting user with identity _RetailersMSP_User2 to a Network Gateway
2026.08.11-09:16:47.370[32m info [39m [caliper] [connectors/v2/FabricGateway] 	Successfully connected user with identity _RetailersMSP_User1 to a Network Gateway
2026.08.11-09:16:47.370[32m info [39m [caliper] [connectors/v2/FabricGateway] 	Generating contract map for user _RetailersMSP_User1
2026.08.11-09:16:47.373[32m info [39m [caliper] [connectors/v2/FabricGateway] 	Successfully connected user with identity _RetailersMSP_User1 to a Network Gateway
2026.08.11-09:16:47.373[32m info [39m [caliper] [connectors/v2/FabricGateway] 	Generating contract map for user _RetailersMSP_User1
2026.08.11-09:16:47.382[32m info [39m [caliper] [connectors/v2/FabricGateway] 	Connecting user with identity _RetailersMSP_User1 to a Network Gateway
2026.08.11-09:16:47.384[32m info [39m [caliper] [connectors/v2/FabricGateway] 	Successfully connected user with identity _RetailersMSP_User1 to a Network Gateway
2026.08.11-09:16:47.384[32m info [39m [caliper] [connectors/v2/FabricGateway] 	Generating contract map for user _RetailersMSP_User1
2026.08.11-09:16:47.416[32m info [39m [caliper] [connectors/v2/FabricGateway] 	Connecting user with identity _RetailersMSP_User2 to a Network Gateway
2026.08.11-09:16:47.419[32m info [39m [caliper] [connectors/v2/FabricGateway] 	Connecting user with identity _RetailersMSP_User2 to a Network Gateway
2026.08.11-09:16:47.424[32m info [39m [caliper] [connectors/v2/FabricGateway] 	Successfully connected user with identity _RetailersMSP_User2 to a Network Gateway
2026.08.11-09:16:47.424[32m info [39m [caliper] [connectors/v2/FabricGateway] 	Generating contract map for user _RetailersMSP_User2
2026.08.11-09:16:47.430[32m info [39m [caliper] [connectors/v2/FabricGateway] 	Connecting user with identity _RetailersMSP_User2 to a Network Gateway
2026.08.11-09:16:47.447[32m info [39m [caliper] [connectors/v2/FabricGateway] 	Successfully connected user with identity _RetailersMSP_User1 to a Network Gateway
2026.08.11-09:16:47.447[32m info [39m [caliper] [connectors/v2/FabricGateway] 	Generating contract map for user _RetailersMSP_User1
2026.08.11-09:16:47.470[32m info [39m [caliper] [connectors/v2/FabricGateway] 	Connecting user with identity _RetailersMSP_User3 to a Network Gateway
2026.08.11-09:16:47.481[32m info [39m [caliper] [connectors/v2/FabricGateway] 	Successfully connected user with identity _RetailersMSP_User2 to a Network Gateway
2026.08.11-09:16:47.481[32m info [39m [caliper] [connectors/v2/FabricGateway] 	Successfully connected user with identity _RetailersMSP_User2 to a Network Gateway
2026.08.11-09:16:47.481[32m info [39m [caliper] [connectors/v2/FabricGateway] 	Generating contract map for user _RetailersMSP_User2
2026.08.11-09:16:47.481[32m info [39m [caliper] [connectors/v2/FabricGateway] 	Generating contract map for user _RetailersMSP_User2
2026.08.11-09:16:47.492[32m info [39m [caliper] [connectors/v2/FabricGateway] 	Connecting user with identity _RetailersMSP_User2 to a Network Gateway
2026.08.11-09:16:47.497[32m info [39m [caliper] [connectors/v2/FabricGateway] 	Successfully connected user with identity _RetailersMSP_User2 to a Network Gateway
2026.08.11-09:16:47.497[32m info [39m [caliper] [connectors/v2/FabricGateway] 	Generating contract map for user _RetailersMSP_User2
2026.08.11-09:16:47.530[32m info [39m [caliper] [connectors/v2/FabricGateway] 	Connecting user with identity _RetailersMSP_User3 to a Network Gateway
2026.08.11-09:16:47.530[32m info [39m [caliper] [connectors/v2/FabricGateway] 	Connecting user with identity _RetailersMSP_User3 to a Network Gateway
2026.08.11-09:16:47.537[32m info [39m [caliper] [connectors/v2/FabricGateway] 	Successfully connected user with identity _RetailersMSP_User3 to a Network Gateway
2026.08.11-09:16:47.537[32m info [39m [caliper] [connectors/v2/FabricGateway] 	Generating contract map for user _RetailersMSP_User3
2026.08.11-09:16:47.546[32m info [39m [caliper] [connectors/v2/FabricGateway] 	Connecting user with identity _RetailersMSP_User3 to a Network Gateway
2026.08.11-09:16:47.555[32m info [39m [caliper] [connectors/v2/FabricGateway] 	Successfully connected user with identity _RetailersMSP_User2 to a Network Gateway
2026.08.11-09:16:47.555[32m info [39m [caliper] [connectors/v2/FabricGateway] 	Generating contract map for user _RetailersMSP_User2
2026.08.11-09:16:47.585[32m info [39m [caliper] [connectors/v2/FabricGateway] 	Connecting user with identity _RetailersMSP_User4 to a Network Gateway
2026.08.11-09:16:47.594[32m info [39m [caliper] [connectors/v2/FabricGateway] 	Successfully connected user with identity _RetailersMSP_User3 to a Network Gateway
2026.08.11-09:16:47.594[32m info [39m [caliper] [connectors/v2/FabricGateway] 	Generating contract map for user _RetailersMSP_User3
2026.08.11-09:16:47.599[32m info [39m [caliper] [connectors/v2/FabricGateway] 	Successfully connected user with identity _RetailersMSP_User3 to a Network Gateway
2026.08.11-09:16:47.600[32m info [39m [caliper] [connectors/v2/FabricGateway] 	Generating contract map for user _RetailersMSP_User3
2026.08.11-09:16:47.602[32m info [39m [caliper] [connectors/v2/FabricGateway] 	Connecting user with identity _RetailersMSP_User3 to a Network Gateway
2026.08.11-09:16:47.613[32m info [39m [caliper] [connectors/v2/FabricGateway] 	Successfully connected user with identity _RetailersMSP_User3 to a Network Gateway
2026.08.11-09:16:47.614[32m info [39m [caliper] [connectors/v2/FabricGateway] 	Generating contract map for user _RetailersMSP_User3
2026.08.11-09:16:47.649[32m info [39m [caliper] [connectors/v2/FabricGateway] 	Connecting user with identity _RetailersMSP_User4 to a Network Gateway
2026.08.11-09:16:47.651[32m info [39m [caliper] [connectors/v2/FabricGateway] 	Connecting user with identity _RetailersMSP_User4 to a Network Gateway
2026.08.11-09:16:47.659[32m info [39m [caliper] [connectors/v2/FabricGateway] 	Successfully connected user with identity _RetailersMSP_User4 to a Network Gateway
2026.08.11-09:16:47.659[32m info [39m [caliper] [connectors/v2/FabricGateway] 	Generating contract map for user _RetailersMSP_User4
2026.08.11-09:16:47.667[32m info [39m [caliper] [connectors/v2/FabricGateway] 	Connecting user with identity _RetailersMSP_User4 to a Network Gateway
2026.08.11-09:16:47.680[32m info [39m [caliper] [connectors/v2/FabricGateway] 	Successfully connected user with identity _RetailersMSP_User3 to a Network Gateway
2026.08.11-09:16:47.681[32m info [39m [caliper] [connectors/v2/FabricGateway] 	Generating contract map for user _RetailersMSP_User3
2026.08.11-09:16:47.720[32m info [39m [caliper] [connectors/v2/FabricGateway] 	Connecting user with identity _RetailersMSP_User5 to a Network Gateway
2026.08.11-09:16:47.730[32m info [39m [caliper] [connectors/v2/FabricGateway] 	Successfully connected user with identity _RetailersMSP_User4 to a Network Gateway
2026.08.11-09:16:47.730[32m info [39m [caliper] [connectors/v2/FabricGateway] 	Generating contract map for user _RetailersMSP_User4
2026.08.11-09:16:47.734[32m info [39m [caliper] [connectors/v2/FabricGateway] 	Successfully connected user with identity _RetailersMSP_User4 to a Network Gateway
2026.08.11-09:16:47.735[32m info [39m [caliper] [connectors/v2/FabricGateway] 	Generating contract map for user _RetailersMSP_User4
2026.08.11-09:16:47.744[32m info [39m [caliper] [connectors/v2/FabricGateway] 	Connecting user with identity _RetailersMSP_User4 to a Network Gateway
2026.08.11-09:16:47.746[32m info [39m [caliper] [connectors/v2/FabricGateway] 	Successfully connected user with identity _RetailersMSP_User4 to a Network Gateway
2026.08.11-09:16:47.746[32m info [39m [caliper] [connectors/v2/FabricGateway] 	Generating contract map for user _RetailersMSP_User4
2026.08.11-09:16:47.783[32m info [39m [caliper] [connectors/v2/FabricGateway] 	Connecting user with identity _RetailersMSP_User5 to a Network Gateway
2026.08.11-09:16:47.791[32m info [39m [caliper] [connectors/v2/FabricGateway] 	Connecting user with identity _RetailersMSP_User5 to a Network Gateway
2026.08.11-09:16:47.798[32m info [39m [caliper] [connectors/v2/FabricGateway] 	Successfully connected user with identity _RetailersMSP_User5 to a Network Gateway
2026.08.11-09:16:47.799[32m info [39m [caliper] [connectors/v2/FabricGateway] 	Generating contract map for user _RetailersMSP_User5
2026.08.11-09:16:47.802[32m info [39m [caliper] [connectors/v2/FabricGateway] 	Connecting user with identity _RetailersMSP_User5 to a Network Gateway
2026.08.11-09:16:47.821[32m info [39m [caliper] [connectors/v2/FabricGateway] 	Successfully connected user with identity _RetailersMSP_User4 to a Network Gateway
2026.08.11-09:16:47.821[32m info [39m [caliper] [connectors/v2/FabricGateway] 	Generating contract map for user _RetailersMSP_User4
2026.08.11-09:16:47.851[32m info [39m [caliper] [connectors/v2/FabricGateway] 	Connecting user with identity _ConsumersMSP_User0 to a Network Gateway
2026.08.11-09:16:47.857[32m info [39m [caliper] [connectors/v2/FabricGateway] 	Successfully connected user with identity _RetailersMSP_User5 to a Network Gateway
2026.08.11-09:16:47.858[32m info [39m [caliper] [connectors/v2/FabricGateway] 	Generating contract map for user _RetailersMSP_User5
2026.08.11-09:16:47.862[32m info [39m [caliper] [connectors/v2/FabricGateway] 	Successfully connected user with identity _RetailersMSP_User5 to a Network Gateway
2026.08.11-09:16:47.863[32m info [39m [caliper] [connectors/v2/FabricGateway] 	Generating contract map for user _RetailersMSP_User5
2026.08.11-09:16:47.877[32m info [39m [caliper] [connectors/v2/FabricGateway] 	Connecting user with identity _RetailersMSP_User5 to a Network Gateway
2026.08.11-09:16:47.878[32m info [39m [caliper] [connectors/v2/FabricGateway] 	Successfully connected user with identity _RetailersMSP_User5 to a Network Gateway
2026.08.11-09:16:47.878[32m info [39m [caliper] [connectors/v2/FabricGateway] 	Generating contract map for user _RetailersMSP_User5
2026.08.11-09:16:47.911[32m info [39m [caliper] [connectors/v2/FabricGateway] 	Connecting user with identity _ConsumersMSP_User0 to a Network Gateway
2026.08.11-09:16:47.915[32m info [39m [caliper] [connectors/v2/FabricGateway] 	Connecting user with identity _ConsumersMSP_User0 to a Network Gateway
2026.08.11-09:16:47.923[32m info [39m [caliper] [connectors/v2/FabricGateway] 	Successfully connected user with identity _ConsumersMSP_User0 to a Network Gateway
2026.08.11-09:16:47.923[32m info [39m [caliper] [connectors/v2/FabricGateway] 	Generating contract map for user _ConsumersMSP_User0
2026.08.11-09:16:47.935[32m info [39m [caliper] [connectors/v2/FabricGateway] 	Connecting user with identity _ConsumersMSP_User0 to a Network Gateway
2026.08.11-09:16:47.952[32m info [39m [caliper] [connectors/v2/FabricGateway] 	Successfully connected user with identity _RetailersMSP_User5 to a Network Gateway
2026.08.11-09:16:47.952[32m info [39m [caliper] [connectors/v2/FabricGateway] 	Generating contract map for user _RetailersMSP_User5
2026.08.11-09:16:47.981[32m info [39m [caliper] [connectors/v2/FabricGateway] 	Successfully connected user with identity _ConsumersMSP_User0 to a Network Gateway
2026.08.11-09:16:47.981[32m info [39m [caliper] [connectors/v2/FabricGateway] 	Generating contract map for user _ConsumersMSP_User0
2026.08.11-09:16:47.986[32m info [39m [caliper] [connectors/v2/FabricGateway] 	Connecting user with identity _ConsumersMSP_User1 to a Network Gateway
2026.08.11-09:16:47.988[32m info [39m [caliper] [connectors/v2/FabricGateway] 	Successfully connected user with identity _ConsumersMSP_User0 to a Network Gateway
2026.08.11-09:16:47.988[32m info [39m [caliper] [connectors/v2/FabricGateway] 	Generating contract map for user _ConsumersMSP_User0
2026.08.11-09:16:47.999[32m info [39m [caliper] [connectors/v2/FabricGateway] 	Successfully connected user with identity _ConsumersMSP_User0 to a Network Gateway
2026.08.11-09:16:47.999[32m info [39m [caliper] [connectors/v2/FabricGateway] 	Generating contract map for user _ConsumersMSP_User0
2026.08.11-09:16:48.007[32m info [39m [caliper] [connectors/v2/FabricGateway] 	Connecting user with identity _ConsumersMSP_User0 to a Network Gateway
2026.08.11-09:16:48.044[32m info [39m [caliper] [connectors/v2/FabricGateway] 	Connecting user with identity _ConsumersMSP_User1 to a Network Gateway
2026.08.11-09:16:48.053[32m info [39m [caliper] [connectors/v2/FabricGateway] 	Connecting user with identity _ConsumersMSP_User1 to a Network Gateway
2026.08.11-09:16:48.060[32m info [39m [caliper] [connectors/v2/FabricGateway] 	Successfully connected user with identity _ConsumersMSP_User1 to a Network Gateway
2026.08.11-09:16:48.060[32m info [39m [caliper] [connectors/v2/FabricGateway] 	Generating contract map for user _ConsumersMSP_User1
2026.08.11-09:16:48.065[32m info [39m [caliper] [connectors/v2/FabricGateway] 	Connecting user with identity _ConsumersMSP_User1 to a Network Gateway
2026.08.11-09:16:48.081[32m info [39m [caliper] [connectors/v2/FabricGateway] 	Successfully connected user with identity _ConsumersMSP_User0 to a Network Gateway
2026.08.11-09:16:48.081[32m info [39m [caliper] [connectors/v2/FabricGateway] 	Generating contract map for user _ConsumersMSP_User0
2026.08.11-09:16:48.107[32m info [39m [caliper] [connectors/v2/FabricGateway] 	Connecting user with identity _ConsumersMSP_User2 to a Network Gateway
2026.08.11-09:16:48.110[32m info [39m [caliper] [connectors/v2/FabricGateway] 	Successfully connected user with identity _ConsumersMSP_User1 to a Network Gateway
2026.08.11-09:16:48.110[32m info [39m [caliper] [connectors/v2/FabricGateway] 	Generating contract map for user _ConsumersMSP_User1
2026.08.11-09:16:48.118[32m info [39m [caliper] [connectors/v2/FabricGateway] 	Successfully connected user with identity _ConsumersMSP_User1 to a Network Gateway
2026.08.11-09:16:48.118[32m info [39m [caliper] [connectors/v2/FabricGateway] 	Generating contract map for user _ConsumersMSP_User1
2026.08.11-09:16:48.129[32m info [39m [caliper] [connectors/v2/FabricGateway] 	Connecting user with identity _ConsumersMSP_User1 to a Network Gateway
2026.08.11-09:16:48.130[32m info [39m [caliper] [connectors/v2/FabricGateway] 	Successfully connected user with identity _ConsumersMSP_User1 to a Network Gateway
2026.08.11-09:16:48.131[32m info [39m [caliper] [connectors/v2/FabricGateway] 	Generating contract map for user _ConsumersMSP_User1
2026.08.11-09:16:48.160[32m info [39m [caliper] [connectors/v2/FabricGateway] 	Connecting user with identity _ConsumersMSP_User2 to a Network Gateway
2026.08.11-09:16:48.170[32m info [39m [caliper] [connectors/v2/FabricGateway] 	Connecting user with identity _ConsumersMSP_User2 to a Network Gateway
2026.08.11-09:16:48.179[32m info [39m [caliper] [connectors/v2/FabricGateway] 	Successfully connected user with identity _ConsumersMSP_User2 to a Network Gateway
2026.08.11-09:16:48.179[32m info [39m [caliper] [connectors/v2/FabricGateway] 	Generating contract map for user _ConsumersMSP_User2
2026.08.11-09:16:48.181[32m info [39m [caliper] [connectors/v2/FabricGateway] 	Connecting user with identity _ConsumersMSP_User2 to a Network Gateway
2026.08.11-09:16:48.193[32m info [39m [caliper] [connectors/v2/FabricGateway] 	Successfully connected user with identity _ConsumersMSP_User1 to a Network Gateway
2026.08.11-09:16:48.194[32m info [39m [caliper] [connectors/v2/FabricGateway] 	Generating contract map for user _ConsumersMSP_User1
2026.08.11-09:16:48.223[32m info [39m [caliper] [connectors/v2/FabricGateway] 	Successfully connected user with identity _ConsumersMSP_User2 to a Network Gateway
2026.08.11-09:16:48.223[32m info [39m [caliper] [connectors/v2/FabricGateway] 	Generating contract map for user _ConsumersMSP_User2
2026.08.11-09:16:48.226[32m info [39m [caliper] [connectors/v2/FabricGateway] 	Connecting user with identity _ConsumersMSP_User3 to a Network Gateway
2026.08.11-09:16:48.233[32m info [39m [caliper] [connectors/v2/FabricGateway] 	Successfully connected user with identity _ConsumersMSP_User2 to a Network Gateway
2026.08.11-09:16:48.234[32m info [39m [caliper] [connectors/v2/FabricGateway] 	Generating contract map for user _ConsumersMSP_User2
2026.08.11-09:16:48.241[32m info [39m [caliper] [connectors/v2/FabricGateway] 	Connecting user with identity _ConsumersMSP_User2 to a Network Gateway
2026.08.11-09:16:48.251[32m info [39m [caliper] [connectors/v2/FabricGateway] 	Successfully connected user with identity _ConsumersMSP_User2 to a Network Gateway
2026.08.11-09:16:48.252[32m info [39m [caliper] [connectors/v2/FabricGateway] 	Generating contract map for user _ConsumersMSP_User2
2026.08.11-09:16:48.274[32m info [39m [caliper] [connectors/v2/FabricGateway] 	Connecting user with identity _ConsumersMSP_User3 to a Network Gateway
2026.08.11-09:16:48.286[32m info [39m [caliper] [connectors/v2/FabricGateway] 	Connecting user with identity _ConsumersMSP_User3 to a Network Gateway
2026.08.11-09:16:48.292[32m info [39m [caliper] [connectors/v2/FabricGateway] 	Successfully connected user with identity _ConsumersMSP_User3 to a Network Gateway
2026.08.11-09:16:48.293[32m info [39m [caliper] [connectors/v2/FabricGateway] 	Generating contract map for user _ConsumersMSP_User3
2026.08.11-09:16:48.303[32m info [39m [caliper] [connectors/v2/FabricGateway] 	Connecting user with identity _ConsumersMSP_User3 to a Network Gateway
2026.08.11-09:16:48.319[32m info [39m [caliper] [connectors/v2/FabricGateway] 	Successfully connected user with identity _ConsumersMSP_User2 to a Network Gateway
2026.08.11-09:16:48.319[32m info [39m [caliper] [connectors/v2/FabricGateway] 	Generating contract map for user _ConsumersMSP_User2
2026.08.11-09:16:48.344[32m info [39m [caliper] [connectors/v2/FabricGateway] 	Connecting user with identity _ConsumersMSP_User4 to a Network Gateway
2026.08.11-09:16:48.347[32m info [39m [caliper] [connectors/v2/FabricGateway] 	Successfully connected user with identity _ConsumersMSP_User3 to a Network Gateway
2026.08.11-09:16:48.347[32m info [39m [caliper] [connectors/v2/FabricGateway] 	Generating contract map for user _ConsumersMSP_User3
2026.08.11-09:16:48.365[32m info [39m [caliper] [connectors/v2/FabricGateway] 	Successfully connected user with identity _ConsumersMSP_User3 to a Network Gateway
2026.08.11-09:16:48.365[32m info [39m [caliper] [connectors/v2/FabricGateway] 	Generating contract map for user _ConsumersMSP_User3
2026.08.11-09:16:48.377[32m info [39m [caliper] [connectors/v2/FabricGateway] 	Connecting user with identity _ConsumersMSP_User3 to a Network Gateway
2026.08.11-09:16:48.383[32m info [39m [caliper] [connectors/v2/FabricGateway] 	Successfully connected user with identity _ConsumersMSP_User3 to a Network Gateway
2026.08.11-09:16:48.383[32m info [39m [caliper] [connectors/v2/FabricGateway] 	Generating contract map for user _ConsumersMSP_User3
2026.08.11-09:16:48.402[32m info [39m [caliper] [connectors/v2/FabricGateway] 	Connecting user with identity _ConsumersMSP_User4 to a Network Gateway
2026.08.11-09:16:48.417[32m info [39m [caliper] [connectors/v2/FabricGateway] 	Connecting user with identity _ConsumersMSP_User4 to a Network Gateway
2026.08.11-09:16:48.418[32m info [39m [caliper] [connectors/v2/FabricGateway] 	Successfully connected user with identity _ConsumersMSP_User4 to a Network Gateway
2026.08.11-09:16:48.418[32m info [39m [caliper] [connectors/v2/FabricGateway] 	Generating contract map for user _ConsumersMSP_User4
2026.08.11-09:16:48.430[32m info [39m [caliper] [connectors/v2/FabricGateway] 	Connecting user with identity _ConsumersMSP_User4 to a Network Gateway
2026.08.11-09:16:48.459[32m info [39m [caliper] [connectors/v2/FabricGateway] 	Successfully connected user with identity _ConsumersMSP_User3 to a Network Gateway
2026.08.11-09:16:48.459[32m info [39m [caliper] [connectors/v2/FabricGateway] 	Generating contract map for user _ConsumersMSP_User3
2026.08.11-09:16:48.463[32m info [39m [caliper] [connectors/v2/FabricGateway] 	Successfully connected user with identity _ConsumersMSP_User4 to a Network Gateway
2026.08.11-09:16:48.464[32m info [39m [caliper] [connectors/v2/FabricGateway] 	Generating contract map for user _ConsumersMSP_User4
2026.08.11-09:16:48.469[32m info [39m [caliper] [connectors/v2/FabricGateway] 	Connecting user with identity _ConsumersMSP_User5 to a Network Gateway
2026.08.11-09:16:48.488[32m info [39m [caliper] [connectors/v2/FabricGateway] 	Successfully connected user with identity _ConsumersMSP_User4 to a Network Gateway
2026.08.11-09:16:48.489[32m info [39m [caliper] [connectors/v2/FabricGateway] 	Generating contract map for user _ConsumersMSP_User4
2026.08.11-09:16:48.500[32m info [39m [caliper] [connectors/v2/FabricGateway] 	Successfully connected user with identity _ConsumersMSP_User4 to a Network Gateway
2026.08.11-09:16:48.500[32m info [39m [caliper] [connectors/v2/FabricGateway] 	Generating contract map for user _ConsumersMSP_User4
2026.08.11-09:16:48.509[32m info [39m [caliper] [connectors/v2/FabricGateway] 	Connecting user with identity _ConsumersMSP_User4 to a Network Gateway
2026.08.11-09:16:48.514[32m info [39m [caliper] [connectors/v2/FabricGateway] 	Connecting user with identity _ConsumersMSP_User5 to a Network Gateway
2026.08.11-09:16:48.533[32m info [39m [caliper] [connectors/v2/FabricGateway] 	Successfully connected user with identity _ConsumersMSP_User5 to a Network Gateway
2026.08.11-09:16:48.533[32m info [39m [caliper] [connectors/v2/FabricGateway] 	Generating contract map for user _ConsumersMSP_User5
2026.08.11-09:16:48.538[32m info [39m [caliper] [connectors/v2/FabricGateway] 	Connecting user with identity _ConsumersMSP_User5 to a Network Gateway
2026.08.11-09:16:48.547[32m info [39m [caliper] [connectors/v2/FabricGateway] 	Connecting user with identity _ConsumersMSP_User5 to a Network Gateway
2026.08.11-09:16:48.583[32m info [39m [caliper] [connectors/v2/FabricGateway] 	Successfully connected user with identity _ConsumersMSP_User5 to a Network Gateway
2026.08.11-09:16:48.583[32m info [39m [caliper] [connectors/v2/FabricGateway] 	Generating contract map for user _ConsumersMSP_User5
2026.08.11-09:16:48.584[32m info [39m [caliper] [connectors/v2/FabricGateway] 	Successfully connected user with identity _ConsumersMSP_User4 to a Network Gateway
2026.08.11-09:16:48.584[32m info [39m [caliper] [connectors/v2/FabricGateway] 	Generating contract map for user _ConsumersMSP_User4
2026.08.11-09:16:48.591[32m info [39m [caliper] [caliper-worker] 	Worker #0 starting workload loop
2026.08.11-09:16:48.606[32m info [39m [caliper] [connectors/v2/FabricGateway] 	Successfully connected user with identity _ConsumersMSP_User5 to a Network Gateway
2026.08.11-09:16:48.606[32m info [39m [caliper] [connectors/v2/FabricGateway] 	Generating contract map for user _ConsumersMSP_User5
2026.08.11-09:16:48.628[32m info [39m [caliper] [connectors/v2/FabricGateway] 	Successfully connected user with identity _ConsumersMSP_User5 to a Network Gateway
2026.08.11-09:16:48.628[32m info [39m [caliper] [connectors/v2/FabricGateway] 	Generating contract map for user _ConsumersMSP_User5
2026.08.11-09:16:48.643[32m info [39m [caliper] [connectors/v2/FabricGateway] 	Connecting user with identity _ConsumersMSP_User5 to a Network Gateway
2026.08.11-09:16:48.654[32m info [39m [caliper] [caliper-worker] 	Worker #3 starting workload loop
2026.08.11-09:16:48.672[32m info [39m [caliper] [caliper-worker] 	Worker #4 starting workload loop
2026.08.11-09:16:48.696[32m info [39m [caliper] [caliper-worker] 	Worker #1 starting workload loop
2026.08.11-09:16:48.729[32m info [39m [caliper] [connectors/v2/FabricGateway] 	Successfully connected user with identity _ConsumersMSP_User5 to a Network Gateway
2026.08.11-09:16:48.730[32m info [39m [caliper] [connectors/v2/FabricGateway] 	Generating contract map for user _ConsumersMSP_User5
2026.08.11-09:16:48.809[32m info [39m [caliper] [caliper-worker] 	Worker #2 starting workload loop
2026.08.11-09:16:50.011[32m info [39m [caliper] [default-observer] 	[openauction_round1@300 Round 0 Transaction Info] - Submitted: 300 Succ: 300 Fail:0 Unfinished:0

📊 ===== OpenAuction Worker 3 Summary =====
   ✅ Real Transactions   : 60
   🟡 Dummy Transactions  : 0
   ❌ Failed Transactions : 0
   📈 Total Submitted     : 60
   ⚖️ Dummy Ratio        : 0.00%
   📦 Total Payload       : 2.4375 KB
   📏 Avg Payload         : 41.60 bytes
   📐 Max Payload         : 42 bytes
   🧮 Payload Samples     : 60
2026.08.11-09:16:50.740[32m info [39m [caliper] [connectors/v2/FabricGateway] 	disconnecting gateway for user User0
2026.08.11-09:16:50.741[32m info [39m [caliper] [connectors/v2/FabricGateway] 	disconnecting gateway for user User1
2026.08.11-09:16:50.741[32m info [39m [caliper] [connectors/v2/FabricGateway] 	disconnecting gateway for user User2
2026.08.11-09:16:50.741[32m info [39m [caliper] [connectors/v2/FabricGateway] 	disconnecting gateway for user User3
2026.08.11-09:16:50.742[32m info [39m [caliper] [connectors/v2/FabricGateway] 	disconnecting gateway for user User4
2026.08.11-09:16:50.742[32m info [39m [caliper] [connectors/v2/FabricGateway] 	disconnecting gateway for user User5
2026.08.11-09:16:50.742[32m info [39m [caliper] [connectors/v2/FabricGateway] 	disconnecting gateway for user _AuctioncentersMSP_User0
2026.08.11-09:16:50.742[32m info [39m [caliper] [connectors/v2/FabricGateway] 	disconnecting gateway for user _AuctioncentersMSP_User1
2026.08.11-09:16:50.743[32m info [39m [caliper] [connectors/v2/FabricGateway] 	disconnecting gateway for user _AuctioncentersMSP_User2
2026.08.11-09:16:50.743[32m info [39m [caliper] [connectors/v2/FabricGateway] 	disconnecting gateway for user _AuctioncentersMSP_User3
2026.08.11-09:16:50.743[32m info [39m [caliper] [connectors/v2/FabricGateway] 	disconnecting gateway for user _AuctioncentersMSP_User4
2026.08.11-09:16:50.744[32m info [39m [caliper] [connectors/v2/FabricGateway] 	disconnecting gateway for user _AuctioncentersMSP_User5
2026.08.11-09:16:50.744[32m info [39m [caliper] [connectors/v2/FabricGateway] 	disconnecting gateway for user _WholesalersMSP_User0
2026.08.11-09:16:50.744[32m info [39m [caliper] [connectors/v2/FabricGateway] 	disconnecting gateway for user _WholesalersMSP_User1
2026.08.11-09:16:50.745[32m info [39m [caliper] [connectors/v2/FabricGateway] 	disconnecting gateway for user _WholesalersMSP_User2
2026.08.11-09:16:50.745[32m info [39m [caliper] [connectors/v2/FabricGateway] 	disconnecting gateway for user _WholesalersMSP_User3
2026.08.11-09:16:50.745[32m info [39m [caliper] [connectors/v2/FabricGateway] 	disconnecting gateway for user _WholesalersMSP_User4
2026.08.11-09:16:50.745[32m info [39m [caliper] [connectors/v2/FabricGateway] 	disconnecting gateway for user _WholesalersMSP_User5
2026.08.11-09:16:50.745[32m info [39m [caliper] [connectors/v2/FabricGateway] 	disconnecting gateway for user _RetailersMSP_User0
2026.08.11-09:16:50.745[32m info [39m [caliper] [connectors/v2/FabricGateway] 	disconnecting gateway for user _RetailersMSP_User1
2026.08.11-09:16:50.746[32m info [39m [caliper] [connectors/v2/FabricGateway] 	disconnecting gateway for user _RetailersMSP_User2
2026.08.11-09:16:50.746[32m info [39m [caliper] [connectors/v2/FabricGateway] 	disconnecting gateway for user _RetailersMSP_User3
2026.08.11-09:16:50.746[32m info [39m [caliper] [connectors/v2/FabricGateway] 	disconnecting gateway for user _RetailersMSP_User4
2026.08.11-09:16:50.746[32m info [39m [caliper] [connectors/v2/FabricGateway] 	disconnecting gateway for user _RetailersMSP_User5
2026.08.11-09:16:50.746[32m info [39m [caliper] [connectors/v2/FabricGateway] 	disconnecting gateway for user _ConsumersMSP_User0
2026.08.11-09:16:50.746[32m info [39m [caliper] [connectors/v2/FabricGateway] 	disconnecting gateway for user _ConsumersMSP_User1
2026.08.11-09:16:50.747[32m info [39m [caliper] [connectors/v2/FabricGateway] 	disconnecting gateway for user _ConsumersMSP_User2
2026.08.11-09:16:50.747[32m info [39m [caliper] [connectors/v2/FabricGateway] 	disconnecting gateway for user _ConsumersMSP_User3
2026.08.11-09:16:50.747[32m info [39m [caliper] [connectors/v2/FabricGateway] 	disconnecting gateway for user _ConsumersMSP_User4
2026.08.11-09:16:50.747[32m info [39m [caliper] [connectors/v2/FabricGateway] 	disconnecting gateway for user _ConsumersMSP_User5
2026.08.11-09:16:50.747[32m info [39m [caliper] [worker-message-handler] 	Worker#3 finished Round#0

📊 ===== OpenAuction Worker 4 Summary =====
   ✅ Real Transactions   : 60
   🟡 Dummy Transactions  : 0
   ❌ Failed Transactions : 0
   📈 Total Submitted     : 60
   ⚖️ Dummy Ratio        : 0.00%
   📦 Total Payload       : 2.4453 KB
   📏 Avg Payload         : 41.73 bytes
   📐 Max Payload         : 42 bytes
   🧮 Payload Samples     : 60
2026.08.11-09:16:50.758[32m info [39m [caliper] [connectors/v2/FabricGateway] 	disconnecting gateway for user User0
2026.08.11-09:16:50.758[32m info [39m [caliper] [connectors/v2/FabricGateway] 	disconnecting gateway for user User1
2026.08.11-09:16:50.759[32m info [39m [caliper] [connectors/v2/FabricGateway] 	disconnecting gateway for user User2
2026.08.11-09:16:50.759[32m info [39m [caliper] [connectors/v2/FabricGateway] 	disconnecting gateway for user User3
2026.08.11-09:16:50.760[32m info [39m [caliper] [connectors/v2/FabricGateway] 	disconnecting gateway for user User4
2026.08.11-09:16:50.761[32m info [39m [caliper] [connectors/v2/FabricGateway] 	disconnecting gateway for user User5
2026.08.11-09:16:50.761[32m info [39m [caliper] [connectors/v2/FabricGateway] 	disconnecting gateway for user _AuctioncentersMSP_User0
2026.08.11-09:16:50.761[32m info [39m [caliper] [connectors/v2/FabricGateway] 	disconnecting gateway for user _AuctioncentersMSP_User1
2026.08.11-09:16:50.762[32m info [39m [caliper] [connectors/v2/FabricGateway] 	disconnecting gateway for user _AuctioncentersMSP_User2
2026.08.11-09:16:50.762[32m info [39m [caliper] [connectors/v2/FabricGateway] 	disconnecting gateway for user _AuctioncentersMSP_User3
2026.08.11-09:16:50.763[32m info [39m [caliper] [connectors/v2/FabricGateway] 	disconnecting gateway for user _AuctioncentersMSP_User4
2026.08.11-09:16:50.763[32m info [39m [caliper] [connectors/v2/FabricGateway] 	disconnecting gateway for user _AuctioncentersMSP_User5
2026.08.11-09:16:50.765[32m info [39m [caliper] [connectors/v2/FabricGateway] 	disconnecting gateway for user _WholesalersMSP_User0
2026.08.11-09:16:50.765[32m info [39m [caliper] [connectors/v2/FabricGateway] 	disconnecting gateway for user _WholesalersMSP_User1
2026.08.11-09:16:50.766[32m info [39m [caliper] [connectors/v2/FabricGateway] 	disconnecting gateway for user _WholesalersMSP_User2
2026.08.11-09:16:50.766[32m info [39m [caliper] [connectors/v2/FabricGateway] 	disconnecting gateway for user _WholesalersMSP_User3
2026.08.11-09:16:50.766[32m info [39m [caliper] [connectors/v2/FabricGateway] 	disconnecting gateway for user _WholesalersMSP_User4
2026.08.11-09:16:50.767[32m info [39m [caliper] [connectors/v2/FabricGateway] 	disconnecting gateway for user _WholesalersMSP_User5
2026.08.11-09:16:50.767[32m info [39m [caliper] [connectors/v2/FabricGateway] 	disconnecting gateway for user _RetailersMSP_User0
2026.08.11-09:16:50.767[32m info [39m [caliper] [connectors/v2/FabricGateway] 	disconnecting gateway for user _RetailersMSP_User1
2026.08.11-09:16:50.767[32m info [39m [caliper] [connectors/v2/FabricGateway] 	disconnecting gateway for user _RetailersMSP_User2
2026.08.11-09:16:50.767[32m info [39m [caliper] [connectors/v2/FabricGateway] 	disconnecting gateway for user _RetailersMSP_User3
2026.08.11-09:16:50.768[32m info [39m [caliper] [connectors/v2/FabricGateway] 	disconnecting gateway for user _RetailersMSP_User4
2026.08.11-09:16:50.769[32m info [39m [caliper] [connectors/v2/FabricGateway] 	disconnecting gateway for user _RetailersMSP_User5
2026.08.11-09:16:50.769[32m info [39m [caliper] [connectors/v2/FabricGateway] 	disconnecting gateway for user _ConsumersMSP_User0
2026.08.11-09:16:50.769[32m info [39m [caliper] [connectors/v2/FabricGateway] 	disconnecting gateway for user _ConsumersMSP_User1
2026.08.11-09:16:50.770[32m info [39m [caliper] [connectors/v2/FabricGateway] 	disconnecting gateway for user _ConsumersMSP_User2
2026.08.11-09:16:50.770[32m info [39m [caliper] [connectors/v2/FabricGateway] 	disconnecting gateway for user _ConsumersMSP_User3
2026.08.11-09:16:50.770[32m info [39m [caliper] [connectors/v2/FabricGateway] 	disconnecting gateway for user _ConsumersMSP_User4
2026.08.11-09:16:50.771[32m info [39m [caliper] [connectors/v2/FabricGateway] 	disconnecting gateway for user _ConsumersMSP_User5
2026.08.11-09:16:50.771[32m info [39m [caliper] [worker-message-handler] 	Worker#4 finished Round#0

📊 ===== OpenAuction Worker 0 Summary =====
   ✅ Real Transactions   : 60
   🟡 Dummy Transactions  : 0
   ❌ Failed Transactions : 0
   📈 Total Submitted     : 60
   ⚖️ Dummy Ratio        : 0.00%
   📦 Total Payload       : 2.4365 KB
   📏 Avg Payload         : 41.58 bytes
   📐 Max Payload         : 42 bytes
   🧮 Payload Samples     : 60
2026.08.11-09:16:50.777[32m info [39m [caliper] [connectors/v2/FabricGateway] 	disconnecting gateway for user User0
2026.08.11-09:16:50.777[32m info [39m [caliper] [connectors/v2/FabricGateway] 	disconnecting gateway for user User1
2026.08.11-09:16:50.778[32m info [39m [caliper] [connectors/v2/FabricGateway] 	disconnecting gateway for user User2
2026.08.11-09:16:50.778[32m info [39m [caliper] [connectors/v2/FabricGateway] 	disconnecting gateway for user User3
2026.08.11-09:16:50.779[32m info [39m [caliper] [connectors/v2/FabricGateway] 	disconnecting gateway for user User4
2026.08.11-09:16:50.779[32m info [39m [caliper] [connectors/v2/FabricGateway] 	disconnecting gateway for user User5
2026.08.11-09:16:50.780[32m info [39m [caliper] [connectors/v2/FabricGateway] 	disconnecting gateway for user _AuctioncentersMSP_User0
2026.08.11-09:16:50.780[32m info [39m [caliper] [connectors/v2/FabricGateway] 	disconnecting gateway for user _AuctioncentersMSP_User1
2026.08.11-09:16:50.781[32m info [39m [caliper] [connectors/v2/FabricGateway] 	disconnecting gateway for user _AuctioncentersMSP_User2
2026.08.11-09:16:50.781[32m info [39m [caliper] [connectors/v2/FabricGateway] 	disconnecting gateway for user _AuctioncentersMSP_User3
2026.08.11-09:16:50.782[32m info [39m [caliper] [connectors/v2/FabricGateway] 	disconnecting gateway for user _AuctioncentersMSP_User4
2026.08.11-09:16:50.782[32m info [39m [caliper] [connectors/v2/FabricGateway] 	disconnecting gateway for user _AuctioncentersMSP_User5
2026.08.11-09:16:50.782[32m info [39m [caliper] [connectors/v2/FabricGateway] 	disconnecting gateway for user _WholesalersMSP_User0
2026.08.11-09:16:50.783[32m info [39m [caliper] [connectors/v2/FabricGateway] 	disconnecting gateway for user _WholesalersMSP_User1
2026.08.11-09:16:50.784[32m info [39m [caliper] [connectors/v2/FabricGateway] 	disconnecting gateway for user _WholesalersMSP_User2
2026.08.11-09:16:50.785[32m info [39m [caliper] [connectors/v2/FabricGateway] 	disconnecting gateway for user _WholesalersMSP_User3
2026.08.11-09:16:50.787[32m info [39m [caliper] [connectors/v2/FabricGateway] 	disconnecting gateway for user _WholesalersMSP_User4
2026.08.11-09:16:50.788[32m info [39m [caliper] [connectors/v2/FabricGateway] 	disconnecting gateway for user _WholesalersMSP_User5
2026.08.11-09:16:50.789[32m info [39m [caliper] [connectors/v2/FabricGateway] 	disconnecting gateway for user _RetailersMSP_User0
2026.08.11-09:16:50.789[32m info [39m [caliper] [connectors/v2/FabricGateway] 	disconnecting gateway for user _RetailersMSP_User1
2026.08.11-09:16:50.790[32m info [39m [caliper] [connectors/v2/FabricGateway] 	disconnecting gateway for user _RetailersMSP_User2
2026.08.11-09:16:50.790[32m info [39m [caliper] [connectors/v2/FabricGateway] 	disconnecting gateway for user _RetailersMSP_User3
2026.08.11-09:16:50.790[32m info [39m [caliper] [connectors/v2/FabricGateway] 	disconnecting gateway for user _RetailersMSP_User4
2026.08.11-09:16:50.791[32m info [39m [caliper] [connectors/v2/FabricGateway] 	disconnecting gateway for user _RetailersMSP_User5
2026.08.11-09:16:50.791[32m info [39m [caliper] [connectors/v2/FabricGateway] 	disconnecting gateway for user _ConsumersMSP_User0
2026.08.11-09:16:50.792[32m info [39m [caliper] [connectors/v2/FabricGateway] 	disconnecting gateway for user _ConsumersMSP_User1
2026.08.11-09:16:50.792[32m info [39m [caliper] [connectors/v2/FabricGateway] 	disconnecting gateway for user _ConsumersMSP_User2
2026.08.11-09:16:50.792[32m info [39m [caliper] [connectors/v2/FabricGateway] 	disconnecting gateway for user _ConsumersMSP_User3
2026.08.11-09:16:50.792[32m info [39m [caliper] [connectors/v2/FabricGateway] 	disconnecting gateway for user _ConsumersMSP_User4
2026.08.11-09:16:50.793[32m info [39m [caliper] [connectors/v2/FabricGateway] 	disconnecting gateway for user _ConsumersMSP_User5
2026.08.11-09:16:50.793[32m info [39m [caliper] [worker-message-handler] 	Worker#0 finished Round#0

📊 ===== OpenAuction Worker 1 Summary =====
   ✅ Real Transactions   : 60
   🟡 Dummy Transactions  : 0
   ❌ Failed Transactions : 0
   📈 Total Submitted     : 60
   ⚖️ Dummy Ratio        : 0.00%
   📦 Total Payload       : 2.4395 KB
   📏 Avg Payload         : 41.63 bytes
   📐 Max Payload         : 42 bytes
   🧮 Payload Samples     : 60
2026.08.11-09:16:50.881[32m info [39m [caliper] [connectors/v2/FabricGateway] 	disconnecting gateway for user User0
2026.08.11-09:16:50.881[32m info [39m [caliper] [connectors/v2/FabricGateway] 	disconnecting gateway for user User1
2026.08.11-09:16:50.882[32m info [39m [caliper] [connectors/v2/FabricGateway] 	disconnecting gateway for user User2
2026.08.11-09:16:50.882[32m info [39m [caliper] [connectors/v2/FabricGateway] 	disconnecting gateway for user User3
2026.08.11-09:16:50.882[32m info [39m [caliper] [connectors/v2/FabricGateway] 	disconnecting gateway for user User4
2026.08.11-09:16:50.882[32m info [39m [caliper] [connectors/v2/FabricGateway] 	disconnecting gateway for user User5
2026.08.11-09:16:50.883[32m info [39m [caliper] [connectors/v2/FabricGateway] 	disconnecting gateway for user _AuctioncentersMSP_User0
2026.08.11-09:16:50.883[32m info [39m [caliper] [connectors/v2/FabricGateway] 	disconnecting gateway for user _AuctioncentersMSP_User1
2026.08.11-09:16:50.883[32m info [39m [caliper] [connectors/v2/FabricGateway] 	disconnecting gateway for user _AuctioncentersMSP_User2
2026.08.11-09:16:50.884[32m info [39m [caliper] [connectors/v2/FabricGateway] 	disconnecting gateway for user _AuctioncentersMSP_User3
2026.08.11-09:16:50.884[32m info [39m [caliper] [connectors/v2/FabricGateway] 	disconnecting gateway for user _AuctioncentersMSP_User4
2026.08.11-09:16:50.884[32m info [39m [caliper] [connectors/v2/FabricGateway] 	disconnecting gateway for user _AuctioncentersMSP_User5
2026.08.11-09:16:50.885[32m info [39m [caliper] [connectors/v2/FabricGateway] 	disconnecting gateway for user _WholesalersMSP_User0
2026.08.11-09:16:50.885[32m info [39m [caliper] [connectors/v2/FabricGateway] 	disconnecting gateway for user _WholesalersMSP_User1
2026.08.11-09:16:50.885[32m info [39m [caliper] [connectors/v2/FabricGateway] 	disconnecting gateway for user _WholesalersMSP_User2
2026.08.11-09:16:50.885[32m info [39m [caliper] [connectors/v2/FabricGateway] 	disconnecting gateway for user _WholesalersMSP_User3
2026.08.11-09:16:50.885[32m info [39m [caliper] [connectors/v2/FabricGateway] 	disconnecting gateway for user _WholesalersMSP_User4
2026.08.11-09:16:50.886[32m info [39m [caliper] [connectors/v2/FabricGateway] 	disconnecting gateway for user _WholesalersMSP_User5
2026.08.11-09:16:50.886[32m info [39m [caliper] [connectors/v2/FabricGateway] 	disconnecting gateway for user _RetailersMSP_User0
2026.08.11-09:16:50.886[32m info [39m [caliper] [connectors/v2/FabricGateway] 	disconnecting gateway for user _RetailersMSP_User1
2026.08.11-09:16:50.886[32m info [39m [caliper] [connectors/v2/FabricGateway] 	disconnecting gateway for user _RetailersMSP_User2
2026.08.11-09:16:50.886[32m info [39m [caliper] [connectors/v2/FabricGateway] 	disconnecting gateway for user _RetailersMSP_User3
2026.08.11-09:16:50.887[32m info [39m [caliper] [connectors/v2/FabricGateway] 	disconnecting gateway for user _RetailersMSP_User4
2026.08.11-09:16:50.887[32m info [39m [caliper] [connectors/v2/FabricGateway] 	disconnecting gateway for user _RetailersMSP_User5
2026.08.11-09:16:50.887[32m info [39m [caliper] [connectors/v2/FabricGateway] 	disconnecting gateway for user _ConsumersMSP_User0
2026.08.11-09:16:50.887[32m info [39m [caliper] [connectors/v2/FabricGateway] 	disconnecting gateway for user _ConsumersMSP_User1
2026.08.11-09:16:50.887[32m info [39m [caliper] [connectors/v2/FabricGateway] 	disconnecting gateway for user _ConsumersMSP_User2
2026.08.11-09:16:50.888[32m info [39m [caliper] [connectors/v2/FabricGateway] 	disconnecting gateway for user _ConsumersMSP_User3
2026.08.11-09:16:50.888[32m info [39m [caliper] [connectors/v2/FabricGateway] 	disconnecting gateway for user _ConsumersMSP_User4
2026.08.11-09:16:50.888[32m info [39m [caliper] [connectors/v2/FabricGateway] 	disconnecting gateway for user _ConsumersMSP_User5
2026.08.11-09:16:50.888[32m info [39m [caliper] [worker-message-handler] 	Worker#1 finished Round#0

📊 ===== OpenAuction Worker 2 Summary =====
   ✅ Real Transactions   : 60
   🟡 Dummy Transactions  : 0
   ❌ Failed Transactions : 0
   📈 Total Submitted     : 60
   ⚖️ Dummy Ratio        : 0.00%
   📦 Total Payload       : 2.4307 KB
   📏 Avg Payload         : 41.48 bytes
   📐 Max Payload         : 42 bytes
   🧮 Payload Samples     : 60
2026.08.11-09:16:50.894[32m info [39m [caliper] [connectors/v2/FabricGateway] 	disconnecting gateway for user User0
2026.08.11-09:16:50.894[32m info [39m [caliper] [connectors/v2/FabricGateway] 	disconnecting gateway for user User1
2026.08.11-09:16:50.895[32m info [39m [caliper] [connectors/v2/FabricGateway] 	disconnecting gateway for user User2
2026.08.11-09:16:50.895[32m info [39m [caliper] [connectors/v2/FabricGateway] 	disconnecting gateway for user User3
2026.08.11-09:16:50.895[32m info [39m [caliper] [connectors/v2/FabricGateway] 	disconnecting gateway for user User4
2026.08.11-09:16:50.896[32m info [39m [caliper] [connectors/v2/FabricGateway] 	disconnecting gateway for user User5
2026.08.11-09:16:50.896[32m info [39m [caliper] [connectors/v2/FabricGateway] 	disconnecting gateway for user _AuctioncentersMSP_User0
2026.08.11-09:16:50.897[32m info [39m [caliper] [connectors/v2/FabricGateway] 	disconnecting gateway for user _AuctioncentersMSP_User1
2026.08.11-09:16:50.897[32m info [39m [caliper] [connectors/v2/FabricGateway] 	disconnecting gateway for user _AuctioncentersMSP_User2
2026.08.11-09:16:50.897[32m info [39m [caliper] [connectors/v2/FabricGateway] 	disconnecting gateway for user _AuctioncentersMSP_User3
2026.08.11-09:16:50.898[32m info [39m [caliper] [connectors/v2/FabricGateway] 	disconnecting gateway for user _AuctioncentersMSP_User4
2026.08.11-09:16:50.898[32m info [39m [caliper] [connectors/v2/FabricGateway] 	disconnecting gateway for user _AuctioncentersMSP_User5
2026.08.11-09:16:50.899[32m info [39m [caliper] [connectors/v2/FabricGateway] 	disconnecting gateway for user _WholesalersMSP_User0
2026.08.11-09:16:50.899[32m info [39m [caliper] [connectors/v2/FabricGateway] 	disconnecting gateway for user _WholesalersMSP_User1
2026.08.11-09:16:50.899[32m info [39m [caliper] [connectors/v2/FabricGateway] 	disconnecting gateway for user _WholesalersMSP_User2
2026.08.11-09:16:50.900[32m info [39m [caliper] [connectors/v2/FabricGateway] 	disconnecting gateway for user _WholesalersMSP_User3
2026.08.11-09:16:50.900[32m info [39m [caliper] [connectors/v2/FabricGateway] 	disconnecting gateway for user _WholesalersMSP_User4
2026.08.11-09:16:50.900[32m info [39m [caliper] [connectors/v2/FabricGateway] 	disconnecting gateway for user _WholesalersMSP_User5
2026.08.11-09:16:50.902[32m info [39m [caliper] [connectors/v2/FabricGateway] 	disconnecting gateway for user _RetailersMSP_User0
2026.08.11-09:16:50.905[32m info [39m [caliper] [connectors/v2/FabricGateway] 	disconnecting gateway for user _RetailersMSP_User1
2026.08.11-09:16:50.906[32m info [39m [caliper] [connectors/v2/FabricGateway] 	disconnecting gateway for user _RetailersMSP_User2
2026.08.11-09:16:50.906[32m info [39m [caliper] [connectors/v2/FabricGateway] 	disconnecting gateway for user _RetailersMSP_User3
2026.08.11-09:16:50.907[32m info [39m [caliper] [connectors/v2/FabricGateway] 	disconnecting gateway for user _RetailersMSP_User4
2026.08.11-09:16:50.907[32m info [39m [caliper] [connectors/v2/FabricGateway] 	disconnecting gateway for user _RetailersMSP_User5
2026.08.11-09:16:50.908[32m info [39m [caliper] [connectors/v2/FabricGateway] 	disconnecting gateway for user _ConsumersMSP_User0
2026.08.11-09:16:50.909[32m info [39m [caliper] [connectors/v2/FabricGateway] 	disconnecting gateway for user _ConsumersMSP_User1
2026.08.11-09:16:50.910[32m info [39m [caliper] [connectors/v2/FabricGateway] 	disconnecting gateway for user _ConsumersMSP_User2
2026.08.11-09:16:50.910[32m info [39m [caliper] [connectors/v2/FabricGateway] 	disconnecting gateway for user _ConsumersMSP_User3
2026.08.11-09:16:50.911[32m info [39m [caliper] [connectors/v2/FabricGateway] 	disconnecting gateway for user _ConsumersMSP_User4
2026.08.11-09:16:50.911[32m info [39m [caliper] [connectors/v2/FabricGateway] 	disconnecting gateway for user _ConsumersMSP_User5
2026.08.11-09:16:50.911[32m info [39m [caliper] [worker-message-handler] 	Worker#2 finished Round#0
2026.08.11-09:16:55.916[32m info [39m [caliper] [default-observer] 	Resetting txCount indicator count
2026.08.11-09:16:55.916[32m info [39m [caliper] [report-builder] 	### Test result ###
2026.08.11-09:16:55.920[32m info [39m [caliper] [report-builder] 	
+------------------------+------+------+-----------------+-----------------+-----------------+-----------------+------------------+
| Name                   | Succ | Fail | Send Rate (TPS) | Max Latency (s) | Min Latency (s) | Avg Latency (s) | Throughput (TPS) |
|------------------------|------|------|-----------------|-----------------|-----------------|-----------------|------------------|
| openauction_round1@300 | 300  | 0    | 250.4           | 0.21            | 0.05            | 0.12            | 240.2            |
+------------------------+------+------+-----------------+-----------------+-----------------+-----------------+------------------+

2026.08.11-09:16:55.920[32m info [39m [caliper] [round-orchestrator] 	Finished round 1 (openauction_round1@300) in 1.302 seconds
2026.08.11-09:16:55.921[32m info [39m [caliper] [monitor.js] 	Stopping all monitors
2026.08.11-09:16:55.921[32m info [39m [caliper] [report-builder] 	### All test results ###
2026.08.11-09:16:55.921[32m info [39m [caliper] [report-builder] 	
+------------------------+------+------+-----------------+-----------------+-----------------+-----------------+------------------+
| Name                   | Succ | Fail | Send Rate (TPS) | Max Latency (s) | Min Latency (s) | Avg Latency (s) | Throughput (TPS) |
|------------------------|------|------|-----------------|-----------------|-----------------|-----------------|------------------|
| openauction_round1@300 | 300  | 0    | 250.4           | 0.21            | 0.05            | 0.12            | 240.2            |
+------------------------+------+------+-----------------+-----------------+-----------------+-----------------+------------------+

2026.08.11-09:16:55.928[32m info [39m [caliper] [report-builder] 	Generated report with path /home/dhanish/fabric_sfc/caliper-bench/report.html
2026.08.11-09:16:55.928[32m info [39m [caliper] [monitor.js] 	Stopping all monitors
2026.08.11-09:16:55.928[32m info [39m [caliper] [worker-orchestrator] 	Sending exit message to connected workers
2026.08.11-09:16:55.929[32m info [39m [caliper] [round-orchestrator] 	Benchmark finished in 14.995 seconds. Total rounds: 1. Successful rounds: 1. Failed rounds: 0.
2026.08.11-09:16:55.929[32m info [39m [caliper] [caliper-engine] 	Network configuration attribute "caliper.command.end" is not present, skipping end command
2026.08.11-09:16:55.929[32m info [39m [caliper] [cli-launch-manager] 	Benchmark successfully finished!
2026.08.11-09:16:55.929[32m info [39m [caliper] [worker-message-handler] 	Worker#0 is exiting
2026.08.11-09:16:55.929[32m info [39m [caliper] [worker-message-handler] 	Worker#1 is exiting
2026.08.11-09:16:55.929[32m info [39m [caliper] [worker-message-handler] 	Worker#3 is exiting
2026.08.11-09:16:55.929[32m info [39m [caliper] [worker-message-handler] 	Worker#2 is exiting
2026.08.11-09:16:55.929[32m info [39m [caliper] [worker-message-handler] 	Worker#4 is exiting
