2026.08.11-09:17:29.967[32m info [39m [caliper] [cli-launch-manager] 	Set workspace path: /home/dhanish/fabric_sfc/caliper-bench
2026.08.11-09:17:29.968[32m info [39m [caliper] [cli-launch-manager] 	Set benchmark configuration path: /home/dhanish/fabric_sfc/caliper-bench/benchmarks/benchmark-placebidall-agro1008-supply-300.yaml
2026.08.11-09:17:29.968[32m info [39m [caliper] [cli-launch-manager] 	Set network configuration path: /home/dhanish/fabric_sfc/caliper-bench/generated/caliper-network-agro1008-supply.yaml
2026.08.11-09:17:29.968[32m info [39m [caliper] [cli-launch-manager] 	Set SUT type: fabric
2026.08.11-09:17:29.983[32m info [39m [caliper] [benchmark-validator] 	No observer specified, will default to `none`
2026.08.11-09:17:29.984[32m info [39m [caliper] [caliper-engine] 	Starting benchmark flow
2026.08.11-09:17:29.984[32m info [39m [caliper] [caliper-engine] 	Network configuration attribute "caliper.command.start" is not present, skipping start command
2026.08.11-09:17:30.366[32m info [39m [caliper] [FabricConnectorFactory] 	Initializing gateway connector compatible with installed SDK: 2.2.20
2026.08.11-09:17:30.372[32m info [39m [caliper] [IdentityManager] 	Adding User0 (admin=true) as User0 for organization FarmersMSP
2026.08.11-09:17:30.375[32m info [39m [caliper] [IdentityManager] 	Adding User1 (admin=false) as User1 for organization FarmersMSP
2026.08.11-09:17:30.376[32m info [39m [caliper] [IdentityManager] 	Adding User2 (admin=false) as User2 for organization FarmersMSP
2026.08.11-09:17:30.382[32m info [39m [caliper] [IdentityManager] 	Adding User3 (admin=false) as User3 for organization FarmersMSP
2026.08.11-09:17:30.383[32m info [39m [caliper] [IdentityManager] 	Adding User4 (admin=false) as User4 for organization FarmersMSP
2026.08.11-09:17:30.384[32m info [39m [caliper] [IdentityManager] 	Adding User5 (admin=false) as User5 for organization FarmersMSP
2026.08.11-09:17:30.384[32m info [39m [caliper] [IdentityManager] 	Adding User0 (admin=true) as _AuctioncentersMSP_User0 for organization AuctioncentersMSP
2026.08.11-09:17:30.385[32m info [39m [caliper] [IdentityManager] 	Adding User1 (admin=false) as _AuctioncentersMSP_User1 for organization AuctioncentersMSP
2026.08.11-09:17:30.386[32m info [39m [caliper] [IdentityManager] 	Adding User2 (admin=false) as _AuctioncentersMSP_User2 for organization AuctioncentersMSP
2026.08.11-09:17:30.386[32m info [39m [caliper] [IdentityManager] 	Adding User3 (admin=false) as _AuctioncentersMSP_User3 for organization AuctioncentersMSP
2026.08.11-09:17:30.387[32m info [39m [caliper] [IdentityManager] 	Adding User4 (admin=false) as _AuctioncentersMSP_User4 for organization AuctioncentersMSP
2026.08.11-09:17:30.388[32m info [39m [caliper] [IdentityManager] 	Adding User5 (admin=false) as _AuctioncentersMSP_User5 for organization AuctioncentersMSP
2026.08.11-09:17:30.388[32m info [39m [caliper] [IdentityManager] 	Adding User0 (admin=true) as _WholesalersMSP_User0 for organization WholesalersMSP
2026.08.11-09:17:30.389[32m info [39m [caliper] [IdentityManager] 	Adding User1 (admin=false) as _WholesalersMSP_User1 for organization WholesalersMSP
2026.08.11-09:17:30.389[32m info [39m [caliper] [IdentityManager] 	Adding User2 (admin=false) as _WholesalersMSP_User2 for organization WholesalersMSP
2026.08.11-09:17:30.390[32m info [39m [caliper] [IdentityManager] 	Adding User3 (admin=false) as _WholesalersMSP_User3 for organization WholesalersMSP
2026.08.11-09:17:30.390[32m info [39m [caliper] [IdentityManager] 	Adding User4 (admin=false) as _WholesalersMSP_User4 for organization WholesalersMSP
2026.08.11-09:17:30.391[32m info [39m [caliper] [IdentityManager] 	Adding User5 (admin=false) as _WholesalersMSP_User5 for organization WholesalersMSP
2026.08.11-09:17:30.392[32m info [39m [caliper] [IdentityManager] 	Adding User0 (admin=true) as _RetailersMSP_User0 for organization RetailersMSP
2026.08.11-09:17:30.392[32m info [39m [caliper] [IdentityManager] 	Adding User1 (admin=false) as _RetailersMSP_User1 for organization RetailersMSP
2026.08.11-09:17:30.393[32m info [39m [caliper] [IdentityManager] 	Adding User2 (admin=false) as _RetailersMSP_User2 for organization RetailersMSP
2026.08.11-09:17:30.393[32m info [39m [caliper] [IdentityManager] 	Adding User3 (admin=false) as _RetailersMSP_User3 for organization RetailersMSP
2026.08.11-09:17:30.394[32m info [39m [caliper] [IdentityManager] 	Adding User4 (admin=false) as _RetailersMSP_User4 for organization RetailersMSP
2026.08.11-09:17:30.394[32m info [39m [caliper] [IdentityManager] 	Adding User5 (admin=false) as _RetailersMSP_User5 for organization RetailersMSP
2026.08.11-09:17:30.395[32m info [39m [caliper] [IdentityManager] 	Adding User0 (admin=true) as _ConsumersMSP_User0 for organization ConsumersMSP
2026.08.11-09:17:30.395[32m info [39m [caliper] [IdentityManager] 	Adding User1 (admin=false) as _ConsumersMSP_User1 for organization ConsumersMSP
2026.08.11-09:17:30.395[32m info [39m [caliper] [IdentityManager] 	Adding User2 (admin=false) as _ConsumersMSP_User2 for organization ConsumersMSP
2026.08.11-09:17:30.396[32m info [39m [caliper] [IdentityManager] 	Adding User3 (admin=false) as _ConsumersMSP_User3 for organization ConsumersMSP
2026.08.11-09:17:30.396[32m info [39m [caliper] [IdentityManager] 	Adding User4 (admin=false) as _ConsumersMSP_User4 for organization ConsumersMSP
2026.08.11-09:17:30.397[32m info [39m [caliper] [IdentityManager] 	Adding User5 (admin=false) as _ConsumersMSP_User5 for organization ConsumersMSP
2026.08.11-09:17:30.399[32m info [39m [caliper] [connectors/v2/FabricGateway] 	Fabric SDK version: 2.2.20; TLS based on FarmersMSP: server
2026.08.11-09:17:30.399[32m info [39m [caliper] [caliper-engine] 	Executed "init" step in 0.001 seconds
2026.08.11-09:17:30.399[33m warn [39m [caliper] [connectors/v2/FabricGateway] 	Install smart contract not available with Fabric SDK version: 2.2.20
2026.08.11-09:17:30.399[32m info [39m [caliper] [caliper-engine] 	Executed "install" step in 0 seconds
2026.08.11-09:17:30.401[32m info [39m [caliper] [monitor.js] 	No resource monitors specified
2026.08.11-09:17:30.402[32m info [39m [caliper] [default-observer] 	Observer interval set to 5000 milliseconds
2026.08.11-09:17:30.405[32m info [39m [caliper] [round-orchestrator] 	Preparing worker connections
2026.08.11-09:17:30.405[32m info [39m [caliper] [worker-orchestrator] 	Launching worker 1 of 5
2026.08.11-09:17:30.410[32m info [39m [caliper] [worker-orchestrator] 	Launching worker 2 of 5
2026.08.11-09:17:30.413[32m info [39m [caliper] [worker-orchestrator] 	Launching worker 3 of 5
2026.08.11-09:17:30.414[32m info [39m [caliper] [worker-orchestrator] 	Launching worker 4 of 5
2026.08.11-09:17:30.416[32m info [39m [caliper] [worker-orchestrator] 	Launching worker 5 of 5
2026.08.11-09:17:30.418[32m info [39m [caliper] [worker-orchestrator] 	Messenger not configured, entering configure phase...
2026.08.11-09:17:30.419[32m info [39m [caliper] [worker-orchestrator] 	No existing workers detected, entering worker launch phase...
2026.08.11-09:17:30.419[32m info [39m [caliper] [worker-orchestrator] 	Waiting for 5 workers to be connected...
2026.08.11-09:17:30.735[32m info [39m [caliper] [cli-launch-worker] 	Set workspace path: /home/dhanish/fabric_sfc/caliper-bench
2026.08.11-09:17:30.736[32m info [39m [caliper] [cli-launch-worker] 	Set benchmark configuration path: /home/dhanish/fabric_sfc/caliper-bench/benchmarks/benchmark-placebidall-agro1008-supply-300.yaml
2026.08.11-09:17:30.736[32m info [39m [caliper] [cli-launch-worker] 	Set network configuration path: /home/dhanish/fabric_sfc/caliper-bench/generated/caliper-network-agro1008-supply.yaml
2026.08.11-09:17:30.736[32m info [39m [caliper] [cli-launch-worker] 	Set SUT type: fabric
2026.08.11-09:17:30.748[32m info [39m [caliper] [cli-launch-worker] 	Set workspace path: /home/dhanish/fabric_sfc/caliper-bench
2026.08.11-09:17:30.749[32m info [39m [caliper] [cli-launch-worker] 	Set benchmark configuration path: /home/dhanish/fabric_sfc/caliper-bench/benchmarks/benchmark-placebidall-agro1008-supply-300.yaml
2026.08.11-09:17:30.749[32m info [39m [caliper] [cli-launch-worker] 	Set network configuration path: /home/dhanish/fabric_sfc/caliper-bench/generated/caliper-network-agro1008-supply.yaml
2026.08.11-09:17:30.749[32m info [39m [caliper] [cli-launch-worker] 	Set SUT type: fabric
2026.08.11-09:17:30.750[32m info [39m [caliper] [cli-launch-worker] 	Set workspace path: /home/dhanish/fabric_sfc/caliper-bench
2026.08.11-09:17:30.751[32m info [39m [caliper] [cli-launch-worker] 	Set benchmark configuration path: /home/dhanish/fabric_sfc/caliper-bench/benchmarks/benchmark-placebidall-agro1008-supply-300.yaml
2026.08.11-09:17:30.751[32m info [39m [caliper] [cli-launch-worker] 	Set network configuration path: /home/dhanish/fabric_sfc/caliper-bench/generated/caliper-network-agro1008-supply.yaml
2026.08.11-09:17:30.751[32m info [39m [caliper] [cli-launch-worker] 	Set SUT type: fabric
2026.08.11-09:17:30.754[32m info [39m [caliper] [cli-launch-worker] 	Set workspace path: /home/dhanish/fabric_sfc/caliper-bench
2026.08.11-09:17:30.756[32m info [39m [caliper] [cli-launch-worker] 	Set benchmark configuration path: /home/dhanish/fabric_sfc/caliper-bench/benchmarks/benchmark-placebidall-agro1008-supply-300.yaml
2026.08.11-09:17:30.756[32m info [39m [caliper] [cli-launch-worker] 	Set network configuration path: /home/dhanish/fabric_sfc/caliper-bench/generated/caliper-network-agro1008-supply.yaml
2026.08.11-09:17:30.756[32m info [39m [caliper] [cli-launch-worker] 	Set SUT type: fabric
2026.08.11-09:17:30.757[32m info [39m [caliper] [cli-launch-worker] 	Set workspace path: /home/dhanish/fabric_sfc/caliper-bench
2026.08.11-09:17:30.759[32m info [39m [caliper] [cli-launch-worker] 	Set benchmark configuration path: /home/dhanish/fabric_sfc/caliper-bench/benchmarks/benchmark-placebidall-agro1008-supply-300.yaml
2026.08.11-09:17:30.759[32m info [39m [caliper] [cli-launch-worker] 	Set network configuration path: /home/dhanish/fabric_sfc/caliper-bench/generated/caliper-network-agro1008-supply.yaml
2026.08.11-09:17:30.759[32m info [39m [caliper] [cli-launch-worker] 	Set SUT type: fabric
2026.08.11-09:17:30.803[32m info [39m [caliper] [worker-orchestrator] 	5 workers connected, progressing to worker assignment phase.
2026.08.11-09:17:30.803[32m info [39m [caliper] [worker-orchestrator] 	Workers currently unassigned, awaiting index assignment...
2026.08.11-09:17:30.804[32m info [39m [caliper] [worker-orchestrator] 	Waiting for 5 workers to be assigned...
2026.08.11-09:17:30.831[32m info [39m [caliper] [worker-orchestrator] 	5 workers assigned, progressing to worker initialization phase.
2026.08.11-09:17:30.831[32m info [39m [caliper] [worker-orchestrator] 	Waiting for 5 workers to be ready...
2026.08.11-09:17:30.832[32m info [39m [caliper] [worker-message-handler] 	Initializing Worker#1...
2026.08.11-09:17:30.832[32m info [39m [caliper] [worker-message-handler] 	Initializing Worker#3...
2026.08.11-09:17:30.832[32m info [39m [caliper] [worker-message-handler] 	Initializing Worker#0...
2026.08.11-09:17:30.832[32m info [39m [caliper] [worker-message-handler] 	Initializing Worker#2...
2026.08.11-09:17:30.833[32m info [39m [caliper] [worker-message-handler] 	Initializing Worker#4...
2026.08.11-09:17:31.322[32m info [39m [caliper] [FabricConnectorFactory] 	Initializing gateway connector compatible with installed SDK: 2.2.20
2026.08.11-09:17:31.328[32m info [39m [caliper] [IdentityManager] 	Adding User0 (admin=true) as User0 for organization FarmersMSP
2026.08.11-09:17:31.331[32m info [39m [caliper] [IdentityManager] 	Adding User1 (admin=false) as User1 for organization FarmersMSP
2026.08.11-09:17:31.331[32m info [39m [caliper] [FabricConnectorFactory] 	Initializing gateway connector compatible with installed SDK: 2.2.20
2026.08.11-09:17:31.333[32m info [39m [caliper] [IdentityManager] 	Adding User2 (admin=false) as User2 for organization FarmersMSP
2026.08.11-09:17:31.334[32m info [39m [caliper] [IdentityManager] 	Adding User3 (admin=false) as User3 for organization FarmersMSP
2026.08.11-09:17:31.335[32m info [39m [caliper] [IdentityManager] 	Adding User4 (admin=false) as User4 for organization FarmersMSP
2026.08.11-09:17:31.336[32m info [39m [caliper] [IdentityManager] 	Adding User5 (admin=false) as User5 for organization FarmersMSP
2026.08.11-09:17:31.336[32m info [39m [caliper] [FabricConnectorFactory] 	Initializing gateway connector compatible with installed SDK: 2.2.20
2026.08.11-09:17:31.337[32m info [39m [caliper] [IdentityManager] 	Adding User0 (admin=true) as _AuctioncentersMSP_User0 for organization AuctioncentersMSP
2026.08.11-09:17:31.339[32m info [39m [caliper] [IdentityManager] 	Adding User1 (admin=false) as _AuctioncentersMSP_User1 for organization AuctioncentersMSP
2026.08.11-09:17:31.339[32m info [39m [caliper] [IdentityManager] 	Adding User0 (admin=true) as User0 for organization FarmersMSP
2026.08.11-09:17:31.340[32m info [39m [caliper] [IdentityManager] 	Adding User2 (admin=false) as _AuctioncentersMSP_User2 for organization AuctioncentersMSP
2026.08.11-09:17:31.341[32m info [39m [caliper] [IdentityManager] 	Adding User1 (admin=false) as User1 for organization FarmersMSP
2026.08.11-09:17:31.341[32m info [39m [caliper] [IdentityManager] 	Adding User3 (admin=false) as _AuctioncentersMSP_User3 for organization AuctioncentersMSP
2026.08.11-09:17:31.343[32m info [39m [caliper] [IdentityManager] 	Adding User4 (admin=false) as _AuctioncentersMSP_User4 for organization AuctioncentersMSP
2026.08.11-09:17:31.343[32m info [39m [caliper] [IdentityManager] 	Adding User2 (admin=false) as User2 for organization FarmersMSP
2026.08.11-09:17:31.344[32m info [39m [caliper] [IdentityManager] 	Adding User5 (admin=false) as _AuctioncentersMSP_User5 for organization AuctioncentersMSP
2026.08.11-09:17:31.345[32m info [39m [caliper] [IdentityManager] 	Adding User3 (admin=false) as User3 for organization FarmersMSP
2026.08.11-09:17:31.345[32m info [39m [caliper] [IdentityManager] 	Adding User0 (admin=true) as User0 for organization FarmersMSP
2026.08.11-09:17:31.345[32m info [39m [caliper] [IdentityManager] 	Adding User0 (admin=true) as _WholesalersMSP_User0 for organization WholesalersMSP
2026.08.11-09:17:31.347[32m info [39m [caliper] [IdentityManager] 	Adding User4 (admin=false) as User4 for organization FarmersMSP
2026.08.11-09:17:31.347[32m info [39m [caliper] [IdentityManager] 	Adding User1 (admin=false) as User1 for organization FarmersMSP
2026.08.11-09:17:31.347[32m info [39m [caliper] [IdentityManager] 	Adding User1 (admin=false) as _WholesalersMSP_User1 for organization WholesalersMSP
2026.08.11-09:17:31.348[32m info [39m [caliper] [IdentityManager] 	Adding User2 (admin=false) as User2 for organization FarmersMSP
2026.08.11-09:17:31.348[32m info [39m [caliper] [IdentityManager] 	Adding User5 (admin=false) as User5 for organization FarmersMSP
2026.08.11-09:17:31.349[32m info [39m [caliper] [IdentityManager] 	Adding User2 (admin=false) as _WholesalersMSP_User2 for organization WholesalersMSP
2026.08.11-09:17:31.349[32m info [39m [caliper] [IdentityManager] 	Adding User3 (admin=false) as User3 for organization FarmersMSP
2026.08.11-09:17:31.350[32m info [39m [caliper] [IdentityManager] 	Adding User0 (admin=true) as _AuctioncentersMSP_User0 for organization AuctioncentersMSP
2026.08.11-09:17:31.351[32m info [39m [caliper] [IdentityManager] 	Adding User4 (admin=false) as User4 for organization FarmersMSP
2026.08.11-09:17:31.351[32m info [39m [caliper] [IdentityManager] 	Adding User3 (admin=false) as _WholesalersMSP_User3 for organization WholesalersMSP
2026.08.11-09:17:31.351[32m info [39m [caliper] [IdentityManager] 	Adding User1 (admin=false) as _AuctioncentersMSP_User1 for organization AuctioncentersMSP
2026.08.11-09:17:31.352[32m info [39m [caliper] [IdentityManager] 	Adding User5 (admin=false) as User5 for organization FarmersMSP
2026.08.11-09:17:31.352[32m info [39m [caliper] [IdentityManager] 	Adding User2 (admin=false) as _AuctioncentersMSP_User2 for organization AuctioncentersMSP
2026.08.11-09:17:31.352[32m info [39m [caliper] [IdentityManager] 	Adding User4 (admin=false) as _WholesalersMSP_User4 for organization WholesalersMSP
2026.08.11-09:17:31.353[32m info [39m [caliper] [IdentityManager] 	Adding User0 (admin=true) as _AuctioncentersMSP_User0 for organization AuctioncentersMSP
2026.08.11-09:17:31.353[32m info [39m [caliper] [IdentityManager] 	Adding User3 (admin=false) as _AuctioncentersMSP_User3 for organization AuctioncentersMSP
2026.08.11-09:17:31.354[32m info [39m [caliper] [IdentityManager] 	Adding User5 (admin=false) as _WholesalersMSP_User5 for organization WholesalersMSP
2026.08.11-09:17:31.355[32m info [39m [caliper] [IdentityManager] 	Adding User0 (admin=true) as _RetailersMSP_User0 for organization RetailersMSP
2026.08.11-09:17:31.355[32m info [39m [caliper] [IdentityManager] 	Adding User1 (admin=false) as _AuctioncentersMSP_User1 for organization AuctioncentersMSP
2026.08.11-09:17:31.355[32m info [39m [caliper] [IdentityManager] 	Adding User4 (admin=false) as _AuctioncentersMSP_User4 for organization AuctioncentersMSP
2026.08.11-09:17:31.355[32m info [39m [caliper] [IdentityManager] 	Adding User1 (admin=false) as _RetailersMSP_User1 for organization RetailersMSP
2026.08.11-09:17:31.356[32m info [39m [caliper] [IdentityManager] 	Adding User2 (admin=false) as _RetailersMSP_User2 for organization RetailersMSP
2026.08.11-09:17:31.356[32m info [39m [caliper] [IdentityManager] 	Adding User2 (admin=false) as _AuctioncentersMSP_User2 for organization AuctioncentersMSP
2026.08.11-09:17:31.356[32m info [39m [caliper] [IdentityManager] 	Adding User5 (admin=false) as _AuctioncentersMSP_User5 for organization AuctioncentersMSP
2026.08.11-09:17:31.357[32m info [39m [caliper] [IdentityManager] 	Adding User3 (admin=false) as _RetailersMSP_User3 for organization RetailersMSP
2026.08.11-09:17:31.357[32m info [39m [caliper] [IdentityManager] 	Adding User0 (admin=true) as _WholesalersMSP_User0 for organization WholesalersMSP
2026.08.11-09:17:31.358[32m info [39m [caliper] [IdentityManager] 	Adding User3 (admin=false) as _AuctioncentersMSP_User3 for organization AuctioncentersMSP
2026.08.11-09:17:31.358[32m info [39m [caliper] [IdentityManager] 	Adding User4 (admin=false) as _RetailersMSP_User4 for organization RetailersMSP
2026.08.11-09:17:31.359[32m info [39m [caliper] [IdentityManager] 	Adding User5 (admin=false) as _RetailersMSP_User5 for organization RetailersMSP
2026.08.11-09:17:31.359[32m info [39m [caliper] [IdentityManager] 	Adding User4 (admin=false) as _AuctioncentersMSP_User4 for organization AuctioncentersMSP
2026.08.11-09:17:31.359[32m info [39m [caliper] [IdentityManager] 	Adding User1 (admin=false) as _WholesalersMSP_User1 for organization WholesalersMSP
2026.08.11-09:17:31.360[32m info [39m [caliper] [IdentityManager] 	Adding User0 (admin=true) as _ConsumersMSP_User0 for organization ConsumersMSP
2026.08.11-09:17:31.360[32m info [39m [caliper] [IdentityManager] 	Adding User1 (admin=false) as _ConsumersMSP_User1 for organization ConsumersMSP
2026.08.11-09:17:31.360[32m info [39m [caliper] [IdentityManager] 	Adding User2 (admin=false) as _WholesalersMSP_User2 for organization WholesalersMSP
2026.08.11-09:17:31.360[32m info [39m [caliper] [IdentityManager] 	Adding User5 (admin=false) as _AuctioncentersMSP_User5 for organization AuctioncentersMSP
2026.08.11-09:17:31.361[32m info [39m [caliper] [IdentityManager] 	Adding User2 (admin=false) as _ConsumersMSP_User2 for organization ConsumersMSP
2026.08.11-09:17:31.362[32m info [39m [caliper] [IdentityManager] 	Adding User3 (admin=false) as _WholesalersMSP_User3 for organization WholesalersMSP
2026.08.11-09:17:31.362[32m info [39m [caliper] [FabricConnectorFactory] 	Initializing gateway connector compatible with installed SDK: 2.2.20
2026.08.11-09:17:31.362[32m info [39m [caliper] [IdentityManager] 	Adding User0 (admin=true) as _WholesalersMSP_User0 for organization WholesalersMSP
2026.08.11-09:17:31.362[32m info [39m [caliper] [IdentityManager] 	Adding User3 (admin=false) as _ConsumersMSP_User3 for organization ConsumersMSP
2026.08.11-09:17:31.362[32m info [39m [caliper] [IdentityManager] 	Adding User4 (admin=false) as _WholesalersMSP_User4 for organization WholesalersMSP
2026.08.11-09:17:31.363[32m info [39m [caliper] [IdentityManager] 	Adding User1 (admin=false) as _WholesalersMSP_User1 for organization WholesalersMSP
2026.08.11-09:17:31.363[32m info [39m [caliper] [IdentityManager] 	Adding User4 (admin=false) as _ConsumersMSP_User4 for organization ConsumersMSP
2026.08.11-09:17:31.364[32m info [39m [caliper] [IdentityManager] 	Adding User5 (admin=false) as _WholesalersMSP_User5 for organization WholesalersMSP
2026.08.11-09:17:31.364[32m info [39m [caliper] [IdentityManager] 	Adding User2 (admin=false) as _WholesalersMSP_User2 for organization WholesalersMSP
2026.08.11-09:17:31.364[32m info [39m [caliper] [IdentityManager] 	Adding User5 (admin=false) as _ConsumersMSP_User5 for organization ConsumersMSP
2026.08.11-09:17:31.365[32m info [39m [caliper] [IdentityManager] 	Adding User3 (admin=false) as _WholesalersMSP_User3 for organization WholesalersMSP
2026.08.11-09:17:31.365[32m info [39m [caliper] [IdentityManager] 	Adding User0 (admin=true) as _RetailersMSP_User0 for organization RetailersMSP
2026.08.11-09:17:31.365[32m info [39m [caliper] [IdentityManager] 	Adding User4 (admin=false) as _WholesalersMSP_User4 for organization WholesalersMSP
2026.08.11-09:17:31.365[32m info [39m [caliper] [IdentityManager] 	Adding User1 (admin=false) as _RetailersMSP_User1 for organization RetailersMSP
2026.08.11-09:17:31.366[32m info [39m [caliper] [IdentityManager] 	Adding User5 (admin=false) as _WholesalersMSP_User5 for organization WholesalersMSP
2026.08.11-09:17:31.367[32m info [39m [caliper] [IdentityManager] 	Adding User0 (admin=true) as _RetailersMSP_User0 for organization RetailersMSP
2026.08.11-09:17:31.367[32m info [39m [caliper] [IdentityManager] 	Adding User2 (admin=false) as _RetailersMSP_User2 for organization RetailersMSP
2026.08.11-09:17:31.368[32m info [39m [caliper] [worker-message-handler] 	Worker#2 initialized
2026.08.11-09:17:31.368[32m info [39m [caliper] [IdentityManager] 	Adding User1 (admin=false) as _RetailersMSP_User1 for organization RetailersMSP
2026.08.11-09:17:31.369[32m info [39m [caliper] [IdentityManager] 	Adding User2 (admin=false) as _RetailersMSP_User2 for organization RetailersMSP
2026.08.11-09:17:31.369[32m info [39m [caliper] [IdentityManager] 	Adding User3 (admin=false) as _RetailersMSP_User3 for organization RetailersMSP
2026.08.11-09:17:31.370[32m info [39m [caliper] [IdentityManager] 	Adding User3 (admin=false) as _RetailersMSP_User3 for organization RetailersMSP
2026.08.11-09:17:31.370[32m info [39m [caliper] [IdentityManager] 	Adding User4 (admin=false) as _RetailersMSP_User4 for organization RetailersMSP
2026.08.11-09:17:31.371[32m info [39m [caliper] [IdentityManager] 	Adding User0 (admin=true) as User0 for organization FarmersMSP
2026.08.11-09:17:31.371[32m info [39m [caliper] [IdentityManager] 	Adding User5 (admin=false) as _RetailersMSP_User5 for organization RetailersMSP
2026.08.11-09:17:31.371[32m info [39m [caliper] [IdentityManager] 	Adding User4 (admin=false) as _RetailersMSP_User4 for organization RetailersMSP
2026.08.11-09:17:31.372[32m info [39m [caliper] [IdentityManager] 	Adding User0 (admin=true) as _ConsumersMSP_User0 for organization ConsumersMSP
2026.08.11-09:17:31.372[32m info [39m [caliper] [IdentityManager] 	Adding User5 (admin=false) as _RetailersMSP_User5 for organization RetailersMSP
2026.08.11-09:17:31.372[32m info [39m [caliper] [IdentityManager] 	Adding User1 (admin=false) as User1 for organization FarmersMSP
2026.08.11-09:17:31.373[32m info [39m [caliper] [IdentityManager] 	Adding User0 (admin=true) as _ConsumersMSP_User0 for organization ConsumersMSP
2026.08.11-09:17:31.373[32m info [39m [caliper] [IdentityManager] 	Adding User1 (admin=false) as _ConsumersMSP_User1 for organization ConsumersMSP
2026.08.11-09:17:31.374[32m info [39m [caliper] [IdentityManager] 	Adding User2 (admin=false) as _ConsumersMSP_User2 for organization ConsumersMSP
2026.08.11-09:17:31.374[32m info [39m [caliper] [IdentityManager] 	Adding User1 (admin=false) as _ConsumersMSP_User1 for organization ConsumersMSP
2026.08.11-09:17:31.374[32m info [39m [caliper] [IdentityManager] 	Adding User2 (admin=false) as User2 for organization FarmersMSP
2026.08.11-09:17:31.375[32m info [39m [caliper] [IdentityManager] 	Adding User3 (admin=false) as _ConsumersMSP_User3 for organization ConsumersMSP
2026.08.11-09:17:31.375[32m info [39m [caliper] [IdentityManager] 	Adding User2 (admin=false) as _ConsumersMSP_User2 for organization ConsumersMSP
2026.08.11-09:17:31.376[32m info [39m [caliper] [IdentityManager] 	Adding User4 (admin=false) as _ConsumersMSP_User4 for organization ConsumersMSP
2026.08.11-09:17:31.376[32m info [39m [caliper] [IdentityManager] 	Adding User3 (admin=false) as User3 for organization FarmersMSP
2026.08.11-09:17:31.376[32m info [39m [caliper] [IdentityManager] 	Adding User3 (admin=false) as _ConsumersMSP_User3 for organization ConsumersMSP
2026.08.11-09:17:31.377[32m info [39m [caliper] [IdentityManager] 	Adding User5 (admin=false) as _ConsumersMSP_User5 for organization ConsumersMSP
2026.08.11-09:17:31.377[32m info [39m [caliper] [IdentityManager] 	Adding User4 (admin=false) as _ConsumersMSP_User4 for organization ConsumersMSP
2026.08.11-09:17:31.377[32m info [39m [caliper] [IdentityManager] 	Adding User4 (admin=false) as User4 for organization FarmersMSP
2026.08.11-09:17:31.378[32m info [39m [caliper] [IdentityManager] 	Adding User5 (admin=false) as _ConsumersMSP_User5 for organization ConsumersMSP
2026.08.11-09:17:31.379[32m info [39m [caliper] [IdentityManager] 	Adding User5 (admin=false) as User5 for organization FarmersMSP
2026.08.11-09:17:31.381[32m info [39m [caliper] [worker-message-handler] 	Worker#4 initialized
2026.08.11-09:17:31.381[32m info [39m [caliper] [IdentityManager] 	Adding User0 (admin=true) as _AuctioncentersMSP_User0 for organization AuctioncentersMSP
2026.08.11-09:17:31.381[32m info [39m [caliper] [worker-message-handler] 	Worker#0 initialized
2026.08.11-09:17:31.382[32m info [39m [caliper] [IdentityManager] 	Adding User1 (admin=false) as _AuctioncentersMSP_User1 for organization AuctioncentersMSP
2026.08.11-09:17:31.384[32m info [39m [caliper] [IdentityManager] 	Adding User2 (admin=false) as _AuctioncentersMSP_User2 for organization AuctioncentersMSP
2026.08.11-09:17:31.384[32m info [39m [caliper] [FabricConnectorFactory] 	Initializing gateway connector compatible with installed SDK: 2.2.20
2026.08.11-09:17:31.385[32m info [39m [caliper] [IdentityManager] 	Adding User3 (admin=false) as _AuctioncentersMSP_User3 for organization AuctioncentersMSP
2026.08.11-09:17:31.385[32m info [39m [caliper] [IdentityManager] 	Adding User4 (admin=false) as _AuctioncentersMSP_User4 for organization AuctioncentersMSP
2026.08.11-09:17:31.386[32m info [39m [caliper] [IdentityManager] 	Adding User5 (admin=false) as _AuctioncentersMSP_User5 for organization AuctioncentersMSP
2026.08.11-09:17:31.387[32m info [39m [caliper] [IdentityManager] 	Adding User0 (admin=true) as _WholesalersMSP_User0 for organization WholesalersMSP
2026.08.11-09:17:31.388[32m info [39m [caliper] [IdentityManager] 	Adding User1 (admin=false) as _WholesalersMSP_User1 for organization WholesalersMSP
2026.08.11-09:17:31.388[32m info [39m [caliper] [IdentityManager] 	Adding User2 (admin=false) as _WholesalersMSP_User2 for organization WholesalersMSP
2026.08.11-09:17:31.389[32m info [39m [caliper] [IdentityManager] 	Adding User3 (admin=false) as _WholesalersMSP_User3 for organization WholesalersMSP
2026.08.11-09:17:31.389[32m info [39m [caliper] [IdentityManager] 	Adding User4 (admin=false) as _WholesalersMSP_User4 for organization WholesalersMSP
2026.08.11-09:17:31.390[32m info [39m [caliper] [IdentityManager] 	Adding User5 (admin=false) as _WholesalersMSP_User5 for organization WholesalersMSP
2026.08.11-09:17:31.390[32m info [39m [caliper] [IdentityManager] 	Adding User0 (admin=true) as _RetailersMSP_User0 for organization RetailersMSP
2026.08.11-09:17:31.391[32m info [39m [caliper] [IdentityManager] 	Adding User1 (admin=false) as _RetailersMSP_User1 for organization RetailersMSP
2026.08.11-09:17:31.392[32m info [39m [caliper] [IdentityManager] 	Adding User2 (admin=false) as _RetailersMSP_User2 for organization RetailersMSP
2026.08.11-09:17:31.392[32m info [39m [caliper] [IdentityManager] 	Adding User0 (admin=true) as User0 for organization FarmersMSP
2026.08.11-09:17:31.392[32m info [39m [caliper] [IdentityManager] 	Adding User3 (admin=false) as _RetailersMSP_User3 for organization RetailersMSP
2026.08.11-09:17:31.394[32m info [39m [caliper] [IdentityManager] 	Adding User4 (admin=false) as _RetailersMSP_User4 for organization RetailersMSP
2026.08.11-09:17:31.394[32m info [39m [caliper] [IdentityManager] 	Adding User1 (admin=false) as User1 for organization FarmersMSP
2026.08.11-09:17:31.395[32m info [39m [caliper] [IdentityManager] 	Adding User5 (admin=false) as _RetailersMSP_User5 for organization RetailersMSP
2026.08.11-09:17:31.395[32m info [39m [caliper] [IdentityManager] 	Adding User2 (admin=false) as User2 for organization FarmersMSP
2026.08.11-09:17:31.395[32m info [39m [caliper] [IdentityManager] 	Adding User0 (admin=true) as _ConsumersMSP_User0 for organization ConsumersMSP
2026.08.11-09:17:31.396[32m info [39m [caliper] [IdentityManager] 	Adding User1 (admin=false) as _ConsumersMSP_User1 for organization ConsumersMSP
2026.08.11-09:17:31.396[32m info [39m [caliper] [IdentityManager] 	Adding User3 (admin=false) as User3 for organization FarmersMSP
2026.08.11-09:17:31.396[32m info [39m [caliper] [IdentityManager] 	Adding User2 (admin=false) as _ConsumersMSP_User2 for organization ConsumersMSP
2026.08.11-09:17:31.397[32m info [39m [caliper] [IdentityManager] 	Adding User4 (admin=false) as User4 for organization FarmersMSP
2026.08.11-09:17:31.397[32m info [39m [caliper] [IdentityManager] 	Adding User3 (admin=false) as _ConsumersMSP_User3 for organization ConsumersMSP
2026.08.11-09:17:31.397[32m info [39m [caliper] [IdentityManager] 	Adding User4 (admin=false) as _ConsumersMSP_User4 for organization ConsumersMSP
2026.08.11-09:17:31.398[32m info [39m [caliper] [IdentityManager] 	Adding User5 (admin=false) as User5 for organization FarmersMSP
2026.08.11-09:17:31.398[32m info [39m [caliper] [IdentityManager] 	Adding User5 (admin=false) as _ConsumersMSP_User5 for organization ConsumersMSP
2026.08.11-09:17:31.398[32m info [39m [caliper] [IdentityManager] 	Adding User0 (admin=true) as _AuctioncentersMSP_User0 for organization AuctioncentersMSP
2026.08.11-09:17:31.399[32m info [39m [caliper] [IdentityManager] 	Adding User1 (admin=false) as _AuctioncentersMSP_User1 for organization AuctioncentersMSP
2026.08.11-09:17:31.400[32m info [39m [caliper] [worker-message-handler] 	Worker#1 initialized
2026.08.11-09:17:31.400[32m info [39m [caliper] [IdentityManager] 	Adding User2 (admin=false) as _AuctioncentersMSP_User2 for organization AuctioncentersMSP
2026.08.11-09:17:31.402[32m info [39m [caliper] [IdentityManager] 	Adding User3 (admin=false) as _AuctioncentersMSP_User3 for organization AuctioncentersMSP
2026.08.11-09:17:31.402[32m info [39m [caliper] [IdentityManager] 	Adding User4 (admin=false) as _AuctioncentersMSP_User4 for organization AuctioncentersMSP
2026.08.11-09:17:31.403[32m info [39m [caliper] [IdentityManager] 	Adding User5 (admin=false) as _AuctioncentersMSP_User5 for organization AuctioncentersMSP
2026.08.11-09:17:31.404[32m info [39m [caliper] [IdentityManager] 	Adding User0 (admin=true) as _WholesalersMSP_User0 for organization WholesalersMSP
2026.08.11-09:17:31.404[32m info [39m [caliper] [IdentityManager] 	Adding User1 (admin=false) as _WholesalersMSP_User1 for organization WholesalersMSP
2026.08.11-09:17:31.405[32m info [39m [caliper] [IdentityManager] 	Adding User2 (admin=false) as _WholesalersMSP_User2 for organization WholesalersMSP
2026.08.11-09:17:31.406[32m info [39m [caliper] [IdentityManager] 	Adding User3 (admin=false) as _WholesalersMSP_User3 for organization WholesalersMSP
2026.08.11-09:17:31.406[32m info [39m [caliper] [IdentityManager] 	Adding User4 (admin=false) as _WholesalersMSP_User4 for organization WholesalersMSP
2026.08.11-09:17:31.407[32m info [39m [caliper] [IdentityManager] 	Adding User5 (admin=false) as _WholesalersMSP_User5 for organization WholesalersMSP
2026.08.11-09:17:31.407[32m info [39m [caliper] [IdentityManager] 	Adding User0 (admin=true) as _RetailersMSP_User0 for organization RetailersMSP
2026.08.11-09:17:31.408[32m info [39m [caliper] [IdentityManager] 	Adding User1 (admin=false) as _RetailersMSP_User1 for organization RetailersMSP
2026.08.11-09:17:31.408[32m info [39m [caliper] [IdentityManager] 	Adding User2 (admin=false) as _RetailersMSP_User2 for organization RetailersMSP
2026.08.11-09:17:31.408[32m info [39m [caliper] [IdentityManager] 	Adding User3 (admin=false) as _RetailersMSP_User3 for organization RetailersMSP
2026.08.11-09:17:31.409[32m info [39m [caliper] [IdentityManager] 	Adding User4 (admin=false) as _RetailersMSP_User4 for organization RetailersMSP
2026.08.11-09:17:31.409[32m info [39m [caliper] [IdentityManager] 	Adding User5 (admin=false) as _RetailersMSP_User5 for organization RetailersMSP
2026.08.11-09:17:31.410[32m info [39m [caliper] [IdentityManager] 	Adding User0 (admin=true) as _ConsumersMSP_User0 for organization ConsumersMSP
2026.08.11-09:17:31.410[32m info [39m [caliper] [IdentityManager] 	Adding User1 (admin=false) as _ConsumersMSP_User1 for organization ConsumersMSP
2026.08.11-09:17:31.411[32m info [39m [caliper] [IdentityManager] 	Adding User2 (admin=false) as _ConsumersMSP_User2 for organization ConsumersMSP
2026.08.11-09:17:31.411[32m info [39m [caliper] [IdentityManager] 	Adding User3 (admin=false) as _ConsumersMSP_User3 for organization ConsumersMSP
2026.08.11-09:17:31.412[32m info [39m [caliper] [IdentityManager] 	Adding User4 (admin=false) as _ConsumersMSP_User4 for organization ConsumersMSP
2026.08.11-09:17:31.412[32m info [39m [caliper] [IdentityManager] 	Adding User5 (admin=false) as _ConsumersMSP_User5 for organization ConsumersMSP
2026.08.11-09:17:31.414[32m info [39m [caliper] [worker-message-handler] 	Worker#3 initialized
2026.08.11-09:17:31.414[32m info [39m [caliper] [worker-orchestrator] 	5 workers ready, progressing to test preparation phase.
2026.08.11-09:17:31.415[32m info [39m [caliper] [round-orchestrator] 	Started round 1 (placebidall_round1@300)
2026.08.11-09:17:31.416[32m info [39m [caliper] [worker-message-handler] 	Preparing Worker#0 for Round#0
2026.08.11-09:17:31.416[32m info [39m [caliper] [worker-message-handler] 	Preparing Worker#1 for Round#0
2026.08.11-09:17:31.416[32m info [39m [caliper] [worker-message-handler] 	Preparing Worker#2 for Round#0
2026.08.11-09:17:31.417[32m info [39m [caliper] [worker-message-handler] 	Preparing Worker#3 for Round#0
2026.08.11-09:17:31.417[32m info [39m [caliper] [worker-message-handler] 	Preparing Worker#4 for Round#0
2026.08.11-09:17:31.419[32m info [39m [caliper] [connectors/v2/FabricGateway] 	Connecting user with identity User0 to a Network Gateway
2026.08.11-09:17:31.420[32m info [39m [caliper] [connectors/v2/FabricGateway] 	Connecting user with identity User0 to a Network Gateway
2026.08.11-09:17:31.420[32m info [39m [caliper] [connectors/v2/FabricGateway] 	Connecting user with identity User0 to a Network Gateway
2026.08.11-09:17:31.421[32m info [39m [caliper] [connectors/v2/FabricGateway] 	Connecting user with identity User0 to a Network Gateway
2026.08.11-09:17:31.421[32m info [39m [caliper] [connectors/v2/FabricGateway] 	Connecting user with identity User0 to a Network Gateway
2026.08.11-09:17:31.583[32m info [39m [caliper] [connectors/v2/FabricGateway] 	Successfully connected user with identity User0 to a Network Gateway
2026.08.11-09:17:31.583[32m info [39m [caliper] [connectors/v2/FabricGateway] 	Generating contract map for user User0
2026.08.11-09:17:31.583[32m info [39m [caliper] [connectors/v2/FabricGateway] 	Successfully connected user with identity User0 to a Network Gateway
2026.08.11-09:17:31.584[32m info [39m [caliper] [connectors/v2/FabricGateway] 	Generating contract map for user User0
2026.08.11-09:17:31.588[32m info [39m [caliper] [connectors/v2/FabricGateway] 	Successfully connected user with identity User0 to a Network Gateway
2026.08.11-09:17:31.588[32m info [39m [caliper] [connectors/v2/FabricGateway] 	Generating contract map for user User0
2026.08.11-09:17:31.594[32m info [39m [caliper] [connectors/v2/FabricGateway] 	Successfully connected user with identity User0 to a Network Gateway
2026.08.11-09:17:31.594[32m info [39m [caliper] [connectors/v2/FabricGateway] 	Generating contract map for user User0
2026.08.11-09:17:31.605[32m info [39m [caliper] [connectors/v2/FabricGateway] 	Successfully connected user with identity User0 to a Network Gateway
2026.08.11-09:17:31.605[32m info [39m [caliper] [connectors/v2/FabricGateway] 	Generating contract map for user User0
2026.08.11-09:17:31.676[32m info [39m [caliper] [connectors/v2/FabricGateway] 	Connecting user with identity User1 to a Network Gateway
2026.08.11-09:17:31.677[32m info [39m [caliper] [connectors/v2/FabricGateway] 	Connecting user with identity User1 to a Network Gateway
2026.08.11-09:17:31.688[32m info [39m [caliper] [connectors/v2/FabricGateway] 	Connecting user with identity User1 to a Network Gateway
2026.08.11-09:17:31.700[32m info [39m [caliper] [connectors/v2/FabricGateway] 	Connecting user with identity User1 to a Network Gateway
2026.08.11-09:17:31.702[32m info [39m [caliper] [connectors/v2/FabricGateway] 	Connecting user with identity User1 to a Network Gateway
2026.08.11-09:17:31.753[32m info [39m [caliper] [connectors/v2/FabricGateway] 	Successfully connected user with identity User1 to a Network Gateway
2026.08.11-09:17:31.753[32m info [39m [caliper] [connectors/v2/FabricGateway] 	Generating contract map for user User1
2026.08.11-09:17:31.755[32m info [39m [caliper] [connectors/v2/FabricGateway] 	Successfully connected user with identity User1 to a Network Gateway
2026.08.11-09:17:31.755[32m info [39m [caliper] [connectors/v2/FabricGateway] 	Generating contract map for user User1
2026.08.11-09:17:31.766[32m info [39m [caliper] [connectors/v2/FabricGateway] 	Successfully connected user with identity User1 to a Network Gateway
2026.08.11-09:17:31.766[32m info [39m [caliper] [connectors/v2/FabricGateway] 	Generating contract map for user User1
2026.08.11-09:17:31.780[32m info [39m [caliper] [connectors/v2/FabricGateway] 	Successfully connected user with identity User1 to a Network Gateway
2026.08.11-09:17:31.781[32m info [39m [caliper] [connectors/v2/FabricGateway] 	Generating contract map for user User1
2026.08.11-09:17:31.782[32m info [39m [caliper] [connectors/v2/FabricGateway] 	Successfully connected user with identity User1 to a Network Gateway
2026.08.11-09:17:31.782[32m info [39m [caliper] [connectors/v2/FabricGateway] 	Generating contract map for user User1
2026.08.11-09:17:31.813[32m info [39m [caliper] [connectors/v2/FabricGateway] 	Connecting user with identity User2 to a Network Gateway
2026.08.11-09:17:31.818[32m info [39m [caliper] [connectors/v2/FabricGateway] 	Connecting user with identity User2 to a Network Gateway
2026.08.11-09:17:31.827[32m info [39m [caliper] [connectors/v2/FabricGateway] 	Connecting user with identity User2 to a Network Gateway
2026.08.11-09:17:31.842[32m info [39m [caliper] [connectors/v2/FabricGateway] 	Connecting user with identity User2 to a Network Gateway
2026.08.11-09:17:31.842[32m info [39m [caliper] [connectors/v2/FabricGateway] 	Connecting user with identity User2 to a Network Gateway
2026.08.11-09:17:31.886[32m info [39m [caliper] [connectors/v2/FabricGateway] 	Successfully connected user with identity User2 to a Network Gateway
2026.08.11-09:17:31.887[32m info [39m [caliper] [connectors/v2/FabricGateway] 	Generating contract map for user User2
2026.08.11-09:17:31.887[32m info [39m [caliper] [connectors/v2/FabricGateway] 	Successfully connected user with identity User2 to a Network Gateway
2026.08.11-09:17:31.887[32m info [39m [caliper] [connectors/v2/FabricGateway] 	Generating contract map for user User2
2026.08.11-09:17:31.900[32m info [39m [caliper] [connectors/v2/FabricGateway] 	Successfully connected user with identity User2 to a Network Gateway
2026.08.11-09:17:31.900[32m info [39m [caliper] [connectors/v2/FabricGateway] 	Generating contract map for user User2
2026.08.11-09:17:31.907[32m info [39m [caliper] [connectors/v2/FabricGateway] 	Successfully connected user with identity User2 to a Network Gateway
2026.08.11-09:17:31.908[32m info [39m [caliper] [connectors/v2/FabricGateway] 	Generating contract map for user User2
2026.08.11-09:17:31.914[32m info [39m [caliper] [connectors/v2/FabricGateway] 	Successfully connected user with identity User2 to a Network Gateway
2026.08.11-09:17:31.914[32m info [39m [caliper] [connectors/v2/FabricGateway] 	Generating contract map for user User2
2026.08.11-09:17:31.945[32m info [39m [caliper] [connectors/v2/FabricGateway] 	Connecting user with identity User3 to a Network Gateway
2026.08.11-09:17:31.946[32m info [39m [caliper] [connectors/v2/FabricGateway] 	Connecting user with identity User3 to a Network Gateway
2026.08.11-09:17:31.955[32m info [39m [caliper] [connectors/v2/FabricGateway] 	Connecting user with identity User3 to a Network Gateway
2026.08.11-09:17:31.965[32m info [39m [caliper] [connectors/v2/FabricGateway] 	Connecting user with identity User3 to a Network Gateway
2026.08.11-09:17:31.973[32m info [39m [caliper] [connectors/v2/FabricGateway] 	Connecting user with identity User3 to a Network Gateway
2026.08.11-09:17:32.009[32m info [39m [caliper] [connectors/v2/FabricGateway] 	Successfully connected user with identity User3 to a Network Gateway
2026.08.11-09:17:32.010[32m info [39m [caliper] [connectors/v2/FabricGateway] 	Generating contract map for user User3
2026.08.11-09:17:32.013[32m info [39m [caliper] [connectors/v2/FabricGateway] 	Successfully connected user with identity User3 to a Network Gateway
2026.08.11-09:17:32.014[32m info [39m [caliper] [connectors/v2/FabricGateway] 	Generating contract map for user User3
2026.08.11-09:17:32.021[32m info [39m [caliper] [connectors/v2/FabricGateway] 	Successfully connected user with identity User3 to a Network Gateway
2026.08.11-09:17:32.021[32m info [39m [caliper] [connectors/v2/FabricGateway] 	Generating contract map for user User3
2026.08.11-09:17:32.029[32m info [39m [caliper] [connectors/v2/FabricGateway] 	Successfully connected user with identity User3 to a Network Gateway
2026.08.11-09:17:32.029[32m info [39m [caliper] [connectors/v2/FabricGateway] 	Generating contract map for user User3
2026.08.11-09:17:32.044[32m info [39m [caliper] [connectors/v2/FabricGateway] 	Successfully connected user with identity User3 to a Network Gateway
2026.08.11-09:17:32.044[32m info [39m [caliper] [connectors/v2/FabricGateway] 	Generating contract map for user User3
2026.08.11-09:17:32.061[32m info [39m [caliper] [connectors/v2/FabricGateway] 	Connecting user with identity User4 to a Network Gateway
2026.08.11-09:17:32.066[32m info [39m [caliper] [connectors/v2/FabricGateway] 	Connecting user with identity User4 to a Network Gateway
2026.08.11-09:17:32.073[32m info [39m [caliper] [connectors/v2/FabricGateway] 	Connecting user with identity User4 to a Network Gateway
2026.08.11-09:17:32.081[32m info [39m [caliper] [connectors/v2/FabricGateway] 	Connecting user with identity User4 to a Network Gateway
2026.08.11-09:17:32.098[32m info [39m [caliper] [connectors/v2/FabricGateway] 	Connecting user with identity User4 to a Network Gateway
2026.08.11-09:17:32.136[32m info [39m [caliper] [connectors/v2/FabricGateway] 	Successfully connected user with identity User4 to a Network Gateway
2026.08.11-09:17:32.137[32m info [39m [caliper] [connectors/v2/FabricGateway] 	Generating contract map for user User4
2026.08.11-09:17:32.140[32m info [39m [caliper] [connectors/v2/FabricGateway] 	Successfully connected user with identity User4 to a Network Gateway
2026.08.11-09:17:32.141[32m info [39m [caliper] [connectors/v2/FabricGateway] 	Generating contract map for user User4
2026.08.11-09:17:32.141[32m info [39m [caliper] [connectors/v2/FabricGateway] 	Successfully connected user with identity User4 to a Network Gateway
2026.08.11-09:17:32.142[32m info [39m [caliper] [connectors/v2/FabricGateway] 	Generating contract map for user User4
2026.08.11-09:17:32.150[32m info [39m [caliper] [connectors/v2/FabricGateway] 	Successfully connected user with identity User4 to a Network Gateway
2026.08.11-09:17:32.150[32m info [39m [caliper] [connectors/v2/FabricGateway] 	Generating contract map for user User4
2026.08.11-09:17:32.167[32m info [39m [caliper] [connectors/v2/FabricGateway] 	Successfully connected user with identity User4 to a Network Gateway
2026.08.11-09:17:32.167[32m info [39m [caliper] [connectors/v2/FabricGateway] 	Generating contract map for user User4
2026.08.11-09:17:32.202[32m info [39m [caliper] [connectors/v2/FabricGateway] 	Connecting user with identity User5 to a Network Gateway
2026.08.11-09:17:32.213[32m info [39m [caliper] [connectors/v2/FabricGateway] 	Connecting user with identity User5 to a Network Gateway
2026.08.11-09:17:32.213[32m info [39m [caliper] [connectors/v2/FabricGateway] 	Connecting user with identity User5 to a Network Gateway
2026.08.11-09:17:32.229[32m info [39m [caliper] [connectors/v2/FabricGateway] 	Connecting user with identity User5 to a Network Gateway
2026.08.11-09:17:32.240[32m info [39m [caliper] [connectors/v2/FabricGateway] 	Connecting user with identity User5 to a Network Gateway
2026.08.11-09:17:32.273[32m info [39m [caliper] [connectors/v2/FabricGateway] 	Successfully connected user with identity User5 to a Network Gateway
2026.08.11-09:17:32.273[32m info [39m [caliper] [connectors/v2/FabricGateway] 	Generating contract map for user User5
2026.08.11-09:17:32.276[32m info [39m [caliper] [connectors/v2/FabricGateway] 	Successfully connected user with identity User5 to a Network Gateway
2026.08.11-09:17:32.276[32m info [39m [caliper] [connectors/v2/FabricGateway] 	Generating contract map for user User5
2026.08.11-09:17:32.285[32m info [39m [caliper] [connectors/v2/FabricGateway] 	Successfully connected user with identity User5 to a Network Gateway
2026.08.11-09:17:32.286[32m info [39m [caliper] [connectors/v2/FabricGateway] 	Generating contract map for user User5
2026.08.11-09:17:32.296[32m info [39m [caliper] [connectors/v2/FabricGateway] 	Successfully connected user with identity User5 to a Network Gateway
2026.08.11-09:17:32.297[32m info [39m [caliper] [connectors/v2/FabricGateway] 	Generating contract map for user User5
2026.08.11-09:17:32.313[32m info [39m [caliper] [connectors/v2/FabricGateway] 	Successfully connected user with identity User5 to a Network Gateway
2026.08.11-09:17:32.313[32m info [39m [caliper] [connectors/v2/FabricGateway] 	Generating contract map for user User5
2026.08.11-09:17:32.326[32m info [39m [caliper] [connectors/v2/FabricGateway] 	Connecting user with identity _AuctioncentersMSP_User0 to a Network Gateway
2026.08.11-09:17:32.329[32m info [39m [caliper] [connectors/v2/FabricGateway] 	Connecting user with identity _AuctioncentersMSP_User0 to a Network Gateway
2026.08.11-09:17:32.341[32m info [39m [caliper] [connectors/v2/FabricGateway] 	Connecting user with identity _AuctioncentersMSP_User0 to a Network Gateway
2026.08.11-09:17:32.348[32m info [39m [caliper] [connectors/v2/FabricGateway] 	Connecting user with identity _AuctioncentersMSP_User0 to a Network Gateway
2026.08.11-09:17:32.369[32m info [39m [caliper] [connectors/v2/FabricGateway] 	Connecting user with identity _AuctioncentersMSP_User0 to a Network Gateway
2026.08.11-09:17:32.397[32m info [39m [caliper] [connectors/v2/FabricGateway] 	Successfully connected user with identity _AuctioncentersMSP_User0 to a Network Gateway
2026.08.11-09:17:32.397[32m info [39m [caliper] [connectors/v2/FabricGateway] 	Generating contract map for user _AuctioncentersMSP_User0
2026.08.11-09:17:32.398[32m info [39m [caliper] [connectors/v2/FabricGateway] 	Successfully connected user with identity _AuctioncentersMSP_User0 to a Network Gateway
2026.08.11-09:17:32.398[32m info [39m [caliper] [connectors/v2/FabricGateway] 	Generating contract map for user _AuctioncentersMSP_User0
2026.08.11-09:17:32.410[32m info [39m [caliper] [connectors/v2/FabricGateway] 	Successfully connected user with identity _AuctioncentersMSP_User0 to a Network Gateway
2026.08.11-09:17:32.410[32m info [39m [caliper] [connectors/v2/FabricGateway] 	Generating contract map for user _AuctioncentersMSP_User0
2026.08.11-09:17:32.421[32m info [39m [caliper] [connectors/v2/FabricGateway] 	Successfully connected user with identity _AuctioncentersMSP_User0 to a Network Gateway
2026.08.11-09:17:32.421[32m info [39m [caliper] [connectors/v2/FabricGateway] 	Generating contract map for user _AuctioncentersMSP_User0
2026.08.11-09:17:32.439[32m info [39m [caliper] [connectors/v2/FabricGateway] 	Successfully connected user with identity _AuctioncentersMSP_User0 to a Network Gateway
2026.08.11-09:17:32.440[32m info [39m [caliper] [connectors/v2/FabricGateway] 	Generating contract map for user _AuctioncentersMSP_User0
2026.08.11-09:17:32.453[32m info [39m [caliper] [connectors/v2/FabricGateway] 	Connecting user with identity _AuctioncentersMSP_User1 to a Network Gateway
2026.08.11-09:17:32.453[32m info [39m [caliper] [connectors/v2/FabricGateway] 	Connecting user with identity _AuctioncentersMSP_User1 to a Network Gateway
2026.08.11-09:17:32.469[32m info [39m [caliper] [connectors/v2/FabricGateway] 	Connecting user with identity _AuctioncentersMSP_User1 to a Network Gateway
2026.08.11-09:17:32.477[32m info [39m [caliper] [connectors/v2/FabricGateway] 	Connecting user with identity _AuctioncentersMSP_User1 to a Network Gateway
2026.08.11-09:17:32.492[32m info [39m [caliper] [connectors/v2/FabricGateway] 	Connecting user with identity _AuctioncentersMSP_User1 to a Network Gateway
2026.08.11-09:17:32.518[32m info [39m [caliper] [connectors/v2/FabricGateway] 	Successfully connected user with identity _AuctioncentersMSP_User1 to a Network Gateway
2026.08.11-09:17:32.518[32m info [39m [caliper] [connectors/v2/FabricGateway] 	Successfully connected user with identity _AuctioncentersMSP_User1 to a Network Gateway
2026.08.11-09:17:32.518[32m info [39m [caliper] [connectors/v2/FabricGateway] 	Generating contract map for user _AuctioncentersMSP_User1
2026.08.11-09:17:32.518[32m info [39m [caliper] [connectors/v2/FabricGateway] 	Generating contract map for user _AuctioncentersMSP_User1
2026.08.11-09:17:32.537[32m info [39m [caliper] [connectors/v2/FabricGateway] 	Successfully connected user with identity _AuctioncentersMSP_User1 to a Network Gateway
2026.08.11-09:17:32.537[32m info [39m [caliper] [connectors/v2/FabricGateway] 	Generating contract map for user _AuctioncentersMSP_User1
2026.08.11-09:17:32.548[32m info [39m [caliper] [connectors/v2/FabricGateway] 	Successfully connected user with identity _AuctioncentersMSP_User1 to a Network Gateway
2026.08.11-09:17:32.548[32m info [39m [caliper] [connectors/v2/FabricGateway] 	Generating contract map for user _AuctioncentersMSP_User1
2026.08.11-09:17:32.562[32m info [39m [caliper] [connectors/v2/FabricGateway] 	Successfully connected user with identity _AuctioncentersMSP_User1 to a Network Gateway
2026.08.11-09:17:32.562[32m info [39m [caliper] [connectors/v2/FabricGateway] 	Generating contract map for user _AuctioncentersMSP_User1
2026.08.11-09:17:32.572[32m info [39m [caliper] [connectors/v2/FabricGateway] 	Connecting user with identity _AuctioncentersMSP_User2 to a Network Gateway
2026.08.11-09:17:32.572[32m info [39m [caliper] [connectors/v2/FabricGateway] 	Connecting user with identity _AuctioncentersMSP_User2 to a Network Gateway
2026.08.11-09:17:32.586[32m info [39m [caliper] [connectors/v2/FabricGateway] 	Connecting user with identity _AuctioncentersMSP_User2 to a Network Gateway
2026.08.11-09:17:32.601[32m info [39m [caliper] [connectors/v2/FabricGateway] 	Connecting user with identity _AuctioncentersMSP_User2 to a Network Gateway
2026.08.11-09:17:32.613[32m info [39m [caliper] [connectors/v2/FabricGateway] 	Connecting user with identity _AuctioncentersMSP_User2 to a Network Gateway
2026.08.11-09:17:32.642[32m info [39m [caliper] [connectors/v2/FabricGateway] 	Successfully connected user with identity _AuctioncentersMSP_User2 to a Network Gateway
2026.08.11-09:17:32.642[32m info [39m [caliper] [connectors/v2/FabricGateway] 	Generating contract map for user _AuctioncentersMSP_User2
2026.08.11-09:17:32.649[32m info [39m [caliper] [connectors/v2/FabricGateway] 	Successfully connected user with identity _AuctioncentersMSP_User2 to a Network Gateway
2026.08.11-09:17:32.649[32m info [39m [caliper] [connectors/v2/FabricGateway] 	Generating contract map for user _AuctioncentersMSP_User2
2026.08.11-09:17:32.659[32m info [39m [caliper] [connectors/v2/FabricGateway] 	Successfully connected user with identity _AuctioncentersMSP_User2 to a Network Gateway
2026.08.11-09:17:32.659[32m info [39m [caliper] [connectors/v2/FabricGateway] 	Generating contract map for user _AuctioncentersMSP_User2
2026.08.11-09:17:32.676[32m info [39m [caliper] [connectors/v2/FabricGateway] 	Successfully connected user with identity _AuctioncentersMSP_User2 to a Network Gateway
2026.08.11-09:17:32.677[32m info [39m [caliper] [connectors/v2/FabricGateway] 	Generating contract map for user _AuctioncentersMSP_User2
2026.08.11-09:17:32.694[32m info [39m [caliper] [connectors/v2/FabricGateway] 	Successfully connected user with identity _AuctioncentersMSP_User2 to a Network Gateway
2026.08.11-09:17:32.695[32m info [39m [caliper] [connectors/v2/FabricGateway] 	Generating contract map for user _AuctioncentersMSP_User2
2026.08.11-09:17:32.703[32m info [39m [caliper] [connectors/v2/FabricGateway] 	Connecting user with identity _AuctioncentersMSP_User3 to a Network Gateway
2026.08.11-09:17:32.713[32m info [39m [caliper] [connectors/v2/FabricGateway] 	Connecting user with identity _AuctioncentersMSP_User3 to a Network Gateway
2026.08.11-09:17:32.721[32m info [39m [caliper] [connectors/v2/FabricGateway] 	Connecting user with identity _AuctioncentersMSP_User3 to a Network Gateway
2026.08.11-09:17:32.734[32m info [39m [caliper] [connectors/v2/FabricGateway] 	Connecting user with identity _AuctioncentersMSP_User3 to a Network Gateway
2026.08.11-09:17:32.753[32m info [39m [caliper] [connectors/v2/FabricGateway] 	Connecting user with identity _AuctioncentersMSP_User3 to a Network Gateway
2026.08.11-09:17:32.786[32m info [39m [caliper] [connectors/v2/FabricGateway] 	Successfully connected user with identity _AuctioncentersMSP_User3 to a Network Gateway
2026.08.11-09:17:32.787[32m info [39m [caliper] [connectors/v2/FabricGateway] 	Generating contract map for user _AuctioncentersMSP_User3
2026.08.11-09:17:32.787[32m info [39m [caliper] [connectors/v2/FabricGateway] 	Successfully connected user with identity _AuctioncentersMSP_User3 to a Network Gateway
2026.08.11-09:17:32.787[32m info [39m [caliper] [connectors/v2/FabricGateway] 	Generating contract map for user _AuctioncentersMSP_User3
2026.08.11-09:17:32.794[32m info [39m [caliper] [connectors/v2/FabricGateway] 	Successfully connected user with identity _AuctioncentersMSP_User3 to a Network Gateway
2026.08.11-09:17:32.794[32m info [39m [caliper] [connectors/v2/FabricGateway] 	Generating contract map for user _AuctioncentersMSP_User3
2026.08.11-09:17:32.805[32m info [39m [caliper] [connectors/v2/FabricGateway] 	Successfully connected user with identity _AuctioncentersMSP_User3 to a Network Gateway
2026.08.11-09:17:32.805[32m info [39m [caliper] [connectors/v2/FabricGateway] 	Generating contract map for user _AuctioncentersMSP_User3
2026.08.11-09:17:32.829[32m info [39m [caliper] [connectors/v2/FabricGateway] 	Successfully connected user with identity _AuctioncentersMSP_User3 to a Network Gateway
2026.08.11-09:17:32.829[32m info [39m [caliper] [connectors/v2/FabricGateway] 	Generating contract map for user _AuctioncentersMSP_User3
2026.08.11-09:17:32.846[32m info [39m [caliper] [connectors/v2/FabricGateway] 	Connecting user with identity _AuctioncentersMSP_User4 to a Network Gateway
2026.08.11-09:17:32.848[32m info [39m [caliper] [connectors/v2/FabricGateway] 	Connecting user with identity _AuctioncentersMSP_User4 to a Network Gateway
2026.08.11-09:17:32.852[32m info [39m [caliper] [connectors/v2/FabricGateway] 	Connecting user with identity _AuctioncentersMSP_User4 to a Network Gateway
2026.08.11-09:17:32.864[32m info [39m [caliper] [connectors/v2/FabricGateway] 	Connecting user with identity _AuctioncentersMSP_User4 to a Network Gateway
2026.08.11-09:17:32.885[32m info [39m [caliper] [connectors/v2/FabricGateway] 	Connecting user with identity _AuctioncentersMSP_User4 to a Network Gateway
2026.08.11-09:17:32.917[32m info [39m [caliper] [connectors/v2/FabricGateway] 	Successfully connected user with identity _AuctioncentersMSP_User4 to a Network Gateway
2026.08.11-09:17:32.917[32m info [39m [caliper] [connectors/v2/FabricGateway] 	Generating contract map for user _AuctioncentersMSP_User4
2026.08.11-09:17:32.921[32m info [39m [caliper] [connectors/v2/FabricGateway] 	Successfully connected user with identity _AuctioncentersMSP_User4 to a Network Gateway
2026.08.11-09:17:32.921[32m info [39m [caliper] [connectors/v2/FabricGateway] 	Generating contract map for user _AuctioncentersMSP_User4
2026.08.11-09:17:32.924[32m info [39m [caliper] [connectors/v2/FabricGateway] 	Successfully connected user with identity _AuctioncentersMSP_User4 to a Network Gateway
2026.08.11-09:17:32.925[32m info [39m [caliper] [connectors/v2/FabricGateway] 	Generating contract map for user _AuctioncentersMSP_User4
2026.08.11-09:17:32.938[32m info [39m [caliper] [connectors/v2/FabricGateway] 	Successfully connected user with identity _AuctioncentersMSP_User4 to a Network Gateway
2026.08.11-09:17:32.938[32m info [39m [caliper] [connectors/v2/FabricGateway] 	Generating contract map for user _AuctioncentersMSP_User4
2026.08.11-09:17:32.958[32m info [39m [caliper] [connectors/v2/FabricGateway] 	Successfully connected user with identity _AuctioncentersMSP_User4 to a Network Gateway
2026.08.11-09:17:32.958[32m info [39m [caliper] [connectors/v2/FabricGateway] 	Generating contract map for user _AuctioncentersMSP_User4
2026.08.11-09:17:32.972[32m info [39m [caliper] [connectors/v2/FabricGateway] 	Connecting user with identity _AuctioncentersMSP_User5 to a Network Gateway
2026.08.11-09:17:32.979[32m info [39m [caliper] [connectors/v2/FabricGateway] 	Connecting user with identity _AuctioncentersMSP_User5 to a Network Gateway
2026.08.11-09:17:32.980[32m info [39m [caliper] [connectors/v2/FabricGateway] 	Connecting user with identity _AuctioncentersMSP_User5 to a Network Gateway
2026.08.11-09:17:32.998[32m info [39m [caliper] [connectors/v2/FabricGateway] 	Connecting user with identity _AuctioncentersMSP_User5 to a Network Gateway
2026.08.11-09:17:33.013[32m info [39m [caliper] [connectors/v2/FabricGateway] 	Connecting user with identity _AuctioncentersMSP_User5 to a Network Gateway
2026.08.11-09:17:33.040[32m info [39m [caliper] [connectors/v2/FabricGateway] 	Successfully connected user with identity _AuctioncentersMSP_User5 to a Network Gateway
2026.08.11-09:17:33.040[32m info [39m [caliper] [connectors/v2/FabricGateway] 	Generating contract map for user _AuctioncentersMSP_User5
2026.08.11-09:17:33.047[32m info [39m [caliper] [connectors/v2/FabricGateway] 	Successfully connected user with identity _AuctioncentersMSP_User5 to a Network Gateway
2026.08.11-09:17:33.047[32m info [39m [caliper] [connectors/v2/FabricGateway] 	Generating contract map for user _AuctioncentersMSP_User5
2026.08.11-09:17:33.049[32m info [39m [caliper] [connectors/v2/FabricGateway] 	Successfully connected user with identity _AuctioncentersMSP_User5 to a Network Gateway
2026.08.11-09:17:33.049[32m info [39m [caliper] [connectors/v2/FabricGateway] 	Generating contract map for user _AuctioncentersMSP_User5
2026.08.11-09:17:33.070[32m info [39m [caliper] [connectors/v2/FabricGateway] 	Successfully connected user with identity _AuctioncentersMSP_User5 to a Network Gateway
2026.08.11-09:17:33.070[32m info [39m [caliper] [connectors/v2/FabricGateway] 	Generating contract map for user _AuctioncentersMSP_User5
2026.08.11-09:17:33.083[32m info [39m [caliper] [connectors/v2/FabricGateway] 	Successfully connected user with identity _AuctioncentersMSP_User5 to a Network Gateway
2026.08.11-09:17:33.084[32m info [39m [caliper] [connectors/v2/FabricGateway] 	Generating contract map for user _AuctioncentersMSP_User5
2026.08.11-09:17:33.122[32m info [39m [caliper] [connectors/v2/FabricGateway] 	Connecting user with identity _WholesalersMSP_User0 to a Network Gateway
2026.08.11-09:17:33.122[32m info [39m [caliper] [connectors/v2/FabricGateway] 	Connecting user with identity _WholesalersMSP_User0 to a Network Gateway
2026.08.11-09:17:33.122[32m info [39m [caliper] [connectors/v2/FabricGateway] 	Connecting user with identity _WholesalersMSP_User0 to a Network Gateway
2026.08.11-09:17:33.160[32m info [39m [caliper] [connectors/v2/FabricGateway] 	Connecting user with identity _WholesalersMSP_User0 to a Network Gateway
2026.08.11-09:17:33.160[32m info [39m [caliper] [connectors/v2/FabricGateway] 	Connecting user with identity _WholesalersMSP_User0 to a Network Gateway
2026.08.11-09:17:33.188[32m info [39m [caliper] [connectors/v2/FabricGateway] 	Successfully connected user with identity _WholesalersMSP_User0 to a Network Gateway
2026.08.11-09:17:33.188[32m info [39m [caliper] [connectors/v2/FabricGateway] 	Successfully connected user with identity _WholesalersMSP_User0 to a Network Gateway
2026.08.11-09:17:33.188[32m info [39m [caliper] [connectors/v2/FabricGateway] 	Generating contract map for user _WholesalersMSP_User0
2026.08.11-09:17:33.188[32m info [39m [caliper] [connectors/v2/FabricGateway] 	Generating contract map for user _WholesalersMSP_User0
2026.08.11-09:17:33.193[32m info [39m [caliper] [connectors/v2/FabricGateway] 	Successfully connected user with identity _WholesalersMSP_User0 to a Network Gateway
2026.08.11-09:17:33.194[32m info [39m [caliper] [connectors/v2/FabricGateway] 	Generating contract map for user _WholesalersMSP_User0
2026.08.11-09:17:33.227[32m info [39m [caliper] [connectors/v2/FabricGateway] 	Successfully connected user with identity _WholesalersMSP_User0 to a Network Gateway
2026.08.11-09:17:33.227[32m info [39m [caliper] [connectors/v2/FabricGateway] 	Generating contract map for user _WholesalersMSP_User0
2026.08.11-09:17:33.232[32m info [39m [caliper] [connectors/v2/FabricGateway] 	Successfully connected user with identity _WholesalersMSP_User0 to a Network Gateway
2026.08.11-09:17:33.232[32m info [39m [caliper] [connectors/v2/FabricGateway] 	Generating contract map for user _WholesalersMSP_User0
2026.08.11-09:17:33.238[32m info [39m [caliper] [connectors/v2/FabricGateway] 	Connecting user with identity _WholesalersMSP_User1 to a Network Gateway
2026.08.11-09:17:33.240[32m info [39m [caliper] [connectors/v2/FabricGateway] 	Connecting user with identity _WholesalersMSP_User1 to a Network Gateway
2026.08.11-09:17:33.246[32m info [39m [caliper] [connectors/v2/FabricGateway] 	Connecting user with identity _WholesalersMSP_User1 to a Network Gateway
2026.08.11-09:17:33.274[32m info [39m [caliper] [connectors/v2/FabricGateway] 	Connecting user with identity _WholesalersMSP_User1 to a Network Gateway
2026.08.11-09:17:33.281[32m info [39m [caliper] [connectors/v2/FabricGateway] 	Connecting user with identity _WholesalersMSP_User1 to a Network Gateway
2026.08.11-09:17:33.301[32m info [39m [caliper] [connectors/v2/FabricGateway] 	Successfully connected user with identity _WholesalersMSP_User1 to a Network Gateway
2026.08.11-09:17:33.301[32m info [39m [caliper] [connectors/v2/FabricGateway] 	Generating contract map for user _WholesalersMSP_User1
2026.08.11-09:17:33.305[32m info [39m [caliper] [connectors/v2/FabricGateway] 	Successfully connected user with identity _WholesalersMSP_User1 to a Network Gateway
2026.08.11-09:17:33.305[32m info [39m [caliper] [connectors/v2/FabricGateway] 	Generating contract map for user _WholesalersMSP_User1
2026.08.11-09:17:33.310[32m info [39m [caliper] [connectors/v2/FabricGateway] 	Successfully connected user with identity _WholesalersMSP_User1 to a Network Gateway
2026.08.11-09:17:33.310[32m info [39m [caliper] [connectors/v2/FabricGateway] 	Generating contract map for user _WholesalersMSP_User1
2026.08.11-09:17:33.343[32m info [39m [caliper] [connectors/v2/FabricGateway] 	Successfully connected user with identity _WholesalersMSP_User1 to a Network Gateway
2026.08.11-09:17:33.343[32m info [39m [caliper] [connectors/v2/FabricGateway] 	Generating contract map for user _WholesalersMSP_User1
2026.08.11-09:17:33.349[32m info [39m [caliper] [connectors/v2/FabricGateway] 	Successfully connected user with identity _WholesalersMSP_User1 to a Network Gateway
2026.08.11-09:17:33.350[32m info [39m [caliper] [connectors/v2/FabricGateway] 	Generating contract map for user _WholesalersMSP_User1
2026.08.11-09:17:33.351[32m info [39m [caliper] [connectors/v2/FabricGateway] 	Connecting user with identity _WholesalersMSP_User2 to a Network Gateway
2026.08.11-09:17:33.355[32m info [39m [caliper] [connectors/v2/FabricGateway] 	Connecting user with identity _WholesalersMSP_User2 to a Network Gateway
2026.08.11-09:17:33.362[32m info [39m [caliper] [connectors/v2/FabricGateway] 	Connecting user with identity _WholesalersMSP_User2 to a Network Gateway
2026.08.11-09:17:33.393[32m info [39m [caliper] [connectors/v2/FabricGateway] 	Connecting user with identity _WholesalersMSP_User2 to a Network Gateway
2026.08.11-09:17:33.400[32m info [39m [caliper] [connectors/v2/FabricGateway] 	Connecting user with identity _WholesalersMSP_User2 to a Network Gateway
2026.08.11-09:17:33.420[32m info [39m [caliper] [connectors/v2/FabricGateway] 	Successfully connected user with identity _WholesalersMSP_User2 to a Network Gateway
2026.08.11-09:17:33.420[32m info [39m [caliper] [connectors/v2/FabricGateway] 	Successfully connected user with identity _WholesalersMSP_User2 to a Network Gateway
2026.08.11-09:17:33.420[32m info [39m [caliper] [connectors/v2/FabricGateway] 	Generating contract map for user _WholesalersMSP_User2
2026.08.11-09:17:33.420[32m info [39m [caliper] [connectors/v2/FabricGateway] 	Generating contract map for user _WholesalersMSP_User2
2026.08.11-09:17:33.425[32m info [39m [caliper] [connectors/v2/FabricGateway] 	Successfully connected user with identity _WholesalersMSP_User2 to a Network Gateway
2026.08.11-09:17:33.425[32m info [39m [caliper] [connectors/v2/FabricGateway] 	Generating contract map for user _WholesalersMSP_User2
2026.08.11-09:17:33.459[32m info [39m [caliper] [connectors/v2/FabricGateway] 	Successfully connected user with identity _WholesalersMSP_User2 to a Network Gateway
2026.08.11-09:17:33.459[32m info [39m [caliper] [connectors/v2/FabricGateway] 	Generating contract map for user _WholesalersMSP_User2
2026.08.11-09:17:33.470[32m info [39m [caliper] [connectors/v2/FabricGateway] 	Successfully connected user with identity _WholesalersMSP_User2 to a Network Gateway
2026.08.11-09:17:33.470[32m info [39m [caliper] [connectors/v2/FabricGateway] 	Connecting user with identity _WholesalersMSP_User3 to a Network Gateway
2026.08.11-09:17:33.470[32m info [39m [caliper] [connectors/v2/FabricGateway] 	Generating contract map for user _WholesalersMSP_User2
2026.08.11-09:17:33.470[32m info [39m [caliper] [connectors/v2/FabricGateway] 	Connecting user with identity _WholesalersMSP_User3 to a Network Gateway
2026.08.11-09:17:33.478[32m info [39m [caliper] [connectors/v2/FabricGateway] 	Connecting user with identity _WholesalersMSP_User3 to a Network Gateway
2026.08.11-09:17:33.508[32m info [39m [caliper] [connectors/v2/FabricGateway] 	Connecting user with identity _WholesalersMSP_User3 to a Network Gateway
2026.08.11-09:17:33.518[32m info [39m [caliper] [connectors/v2/FabricGateway] 	Connecting user with identity _WholesalersMSP_User3 to a Network Gateway
2026.08.11-09:17:33.534[32m info [39m [caliper] [connectors/v2/FabricGateway] 	Successfully connected user with identity _WholesalersMSP_User3 to a Network Gateway
2026.08.11-09:17:33.534[32m info [39m [caliper] [connectors/v2/FabricGateway] 	Generating contract map for user _WholesalersMSP_User3
2026.08.11-09:17:33.542[32m info [39m [caliper] [connectors/v2/FabricGateway] 	Successfully connected user with identity _WholesalersMSP_User3 to a Network Gateway
2026.08.11-09:17:33.542[32m info [39m [caliper] [connectors/v2/FabricGateway] 	Generating contract map for user _WholesalersMSP_User3
2026.08.11-09:17:33.548[32m info [39m [caliper] [connectors/v2/FabricGateway] 	Successfully connected user with identity _WholesalersMSP_User3 to a Network Gateway
2026.08.11-09:17:33.549[32m info [39m [caliper] [connectors/v2/FabricGateway] 	Generating contract map for user _WholesalersMSP_User3
2026.08.11-09:17:33.573[32m info [39m [caliper] [connectors/v2/FabricGateway] 	Successfully connected user with identity _WholesalersMSP_User3 to a Network Gateway
2026.08.11-09:17:33.573[32m info [39m [caliper] [connectors/v2/FabricGateway] 	Generating contract map for user _WholesalersMSP_User3
2026.08.11-09:17:33.586[32m info [39m [caliper] [connectors/v2/FabricGateway] 	Successfully connected user with identity _WholesalersMSP_User3 to a Network Gateway
2026.08.11-09:17:33.586[32m info [39m [caliper] [connectors/v2/FabricGateway] 	Generating contract map for user _WholesalersMSP_User3
2026.08.11-09:17:33.590[32m info [39m [caliper] [connectors/v2/FabricGateway] 	Connecting user with identity _WholesalersMSP_User4 to a Network Gateway
2026.08.11-09:17:33.599[32m info [39m [caliper] [connectors/v2/FabricGateway] 	Connecting user with identity _WholesalersMSP_User4 to a Network Gateway
2026.08.11-09:17:33.608[32m info [39m [caliper] [connectors/v2/FabricGateway] 	Connecting user with identity _WholesalersMSP_User4 to a Network Gateway
2026.08.11-09:17:33.643[32m info [39m [caliper] [connectors/v2/FabricGateway] 	Connecting user with identity _WholesalersMSP_User4 to a Network Gateway
2026.08.11-09:17:33.664[32m info [39m [caliper] [connectors/v2/FabricGateway] 	Connecting user with identity _WholesalersMSP_User4 to a Network Gateway
2026.08.11-09:17:33.681[32m info [39m [caliper] [connectors/v2/FabricGateway] 	Successfully connected user with identity _WholesalersMSP_User4 to a Network Gateway
2026.08.11-09:17:33.681[32m info [39m [caliper] [connectors/v2/FabricGateway] 	Generating contract map for user _WholesalersMSP_User4
2026.08.11-09:17:33.684[32m info [39m [caliper] [connectors/v2/FabricGateway] 	Successfully connected user with identity _WholesalersMSP_User4 to a Network Gateway
2026.08.11-09:17:33.685[32m info [39m [caliper] [connectors/v2/FabricGateway] 	Generating contract map for user _WholesalersMSP_User4
2026.08.11-09:17:33.694[32m info [39m [caliper] [connectors/v2/FabricGateway] 	Successfully connected user with identity _WholesalersMSP_User4 to a Network Gateway
2026.08.11-09:17:33.694[32m info [39m [caliper] [connectors/v2/FabricGateway] 	Generating contract map for user _WholesalersMSP_User4
2026.08.11-09:17:33.720[32m info [39m [caliper] [connectors/v2/FabricGateway] 	Successfully connected user with identity _WholesalersMSP_User4 to a Network Gateway
2026.08.11-09:17:33.720[32m info [39m [caliper] [connectors/v2/FabricGateway] 	Generating contract map for user _WholesalersMSP_User4
2026.08.11-09:17:33.751[32m info [39m [caliper] [connectors/v2/FabricGateway] 	Connecting user with identity _WholesalersMSP_User5 to a Network Gateway
2026.08.11-09:17:33.754[32m info [39m [caliper] [connectors/v2/FabricGateway] 	Successfully connected user with identity _WholesalersMSP_User4 to a Network Gateway
2026.08.11-09:17:33.755[32m info [39m [caliper] [connectors/v2/FabricGateway] 	Generating contract map for user _WholesalersMSP_User4
2026.08.11-09:17:33.761[32m info [39m [caliper] [connectors/v2/FabricGateway] 	Connecting user with identity _WholesalersMSP_User5 to a Network Gateway
2026.08.11-09:17:33.764[32m info [39m [caliper] [connectors/v2/FabricGateway] 	Connecting user with identity _WholesalersMSP_User5 to a Network Gateway
2026.08.11-09:17:33.795[32m info [39m [caliper] [connectors/v2/FabricGateway] 	Connecting user with identity _WholesalersMSP_User5 to a Network Gateway
2026.08.11-09:17:33.806[32m info [39m [caliper] [connectors/v2/FabricGateway] 	Connecting user with identity _WholesalersMSP_User5 to a Network Gateway
2026.08.11-09:17:33.821[32m info [39m [caliper] [connectors/v2/FabricGateway] 	Successfully connected user with identity _WholesalersMSP_User5 to a Network Gateway
2026.08.11-09:17:33.821[32m info [39m [caliper] [connectors/v2/FabricGateway] 	Generating contract map for user _WholesalersMSP_User5
2026.08.11-09:17:33.826[32m info [39m [caliper] [connectors/v2/FabricGateway] 	Successfully connected user with identity _WholesalersMSP_User5 to a Network Gateway
2026.08.11-09:17:33.827[32m info [39m [caliper] [connectors/v2/FabricGateway] 	Generating contract map for user _WholesalersMSP_User5
2026.08.11-09:17:33.832[32m info [39m [caliper] [connectors/v2/FabricGateway] 	Successfully connected user with identity _WholesalersMSP_User5 to a Network Gateway
2026.08.11-09:17:33.832[32m info [39m [caliper] [connectors/v2/FabricGateway] 	Generating contract map for user _WholesalersMSP_User5
2026.08.11-09:17:33.863[32m info [39m [caliper] [connectors/v2/FabricGateway] 	Successfully connected user with identity _WholesalersMSP_User5 to a Network Gateway
2026.08.11-09:17:33.863[32m info [39m [caliper] [connectors/v2/FabricGateway] 	Generating contract map for user _WholesalersMSP_User5
2026.08.11-09:17:33.875[32m info [39m [caliper] [connectors/v2/FabricGateway] 	Connecting user with identity _RetailersMSP_User0 to a Network Gateway
2026.08.11-09:17:33.876[32m info [39m [caliper] [connectors/v2/FabricGateway] 	Successfully connected user with identity _WholesalersMSP_User5 to a Network Gateway
2026.08.11-09:17:33.876[32m info [39m [caliper] [connectors/v2/FabricGateway] 	Generating contract map for user _WholesalersMSP_User5
2026.08.11-09:17:33.876[32m info [39m [caliper] [connectors/v2/FabricGateway] 	Connecting user with identity _RetailersMSP_User0 to a Network Gateway
2026.08.11-09:17:33.883[32m info [39m [caliper] [connectors/v2/FabricGateway] 	Connecting user with identity _RetailersMSP_User0 to a Network Gateway
2026.08.11-09:17:33.913[32m info [39m [caliper] [connectors/v2/FabricGateway] 	Connecting user with identity _RetailersMSP_User0 to a Network Gateway
2026.08.11-09:17:33.923[32m info [39m [caliper] [connectors/v2/FabricGateway] 	Connecting user with identity _RetailersMSP_User0 to a Network Gateway
2026.08.11-09:17:33.938[32m info [39m [caliper] [connectors/v2/FabricGateway] 	Successfully connected user with identity _RetailersMSP_User0 to a Network Gateway
2026.08.11-09:17:33.939[32m info [39m [caliper] [connectors/v2/FabricGateway] 	Generating contract map for user _RetailersMSP_User0
2026.08.11-09:17:33.949[32m info [39m [caliper] [connectors/v2/FabricGateway] 	Successfully connected user with identity _RetailersMSP_User0 to a Network Gateway
2026.08.11-09:17:33.950[32m info [39m [caliper] [connectors/v2/FabricGateway] 	Generating contract map for user _RetailersMSP_User0
2026.08.11-09:17:33.950[32m info [39m [caliper] [connectors/v2/FabricGateway] 	Successfully connected user with identity _RetailersMSP_User0 to a Network Gateway
2026.08.11-09:17:33.950[32m info [39m [caliper] [connectors/v2/FabricGateway] 	Generating contract map for user _RetailersMSP_User0
2026.08.11-09:17:33.986[32m info [39m [caliper] [connectors/v2/FabricGateway] 	Successfully connected user with identity _RetailersMSP_User0 to a Network Gateway
2026.08.11-09:17:33.986[32m info [39m [caliper] [connectors/v2/FabricGateway] 	Generating contract map for user _RetailersMSP_User0
2026.08.11-09:17:33.989[32m info [39m [caliper] [connectors/v2/FabricGateway] 	Successfully connected user with identity _RetailersMSP_User0 to a Network Gateway
2026.08.11-09:17:33.989[32m info [39m [caliper] [connectors/v2/FabricGateway] 	Generating contract map for user _RetailersMSP_User0
2026.08.11-09:17:33.993[32m info [39m [caliper] [connectors/v2/FabricGateway] 	Connecting user with identity _RetailersMSP_User1 to a Network Gateway
2026.08.11-09:17:34.001[32m info [39m [caliper] [connectors/v2/FabricGateway] 	Connecting user with identity _RetailersMSP_User1 to a Network Gateway
2026.08.11-09:17:34.003[32m info [39m [caliper] [connectors/v2/FabricGateway] 	Connecting user with identity _RetailersMSP_User1 to a Network Gateway
2026.08.11-09:17:34.039[32m info [39m [caliper] [connectors/v2/FabricGateway] 	Connecting user with identity _RetailersMSP_User1 to a Network Gateway
2026.08.11-09:17:34.043[32m info [39m [caliper] [connectors/v2/FabricGateway] 	Connecting user with identity _RetailersMSP_User1 to a Network Gateway
2026.08.11-09:17:34.066[32m info [39m [caliper] [connectors/v2/FabricGateway] 	Successfully connected user with identity _RetailersMSP_User1 to a Network Gateway
2026.08.11-09:17:34.066[32m info [39m [caliper] [connectors/v2/FabricGateway] 	Generating contract map for user _RetailersMSP_User1
2026.08.11-09:17:34.073[32m info [39m [caliper] [connectors/v2/FabricGateway] 	Successfully connected user with identity _RetailersMSP_User1 to a Network Gateway
2026.08.11-09:17:34.073[32m info [39m [caliper] [connectors/v2/FabricGateway] 	Generating contract map for user _RetailersMSP_User1
2026.08.11-09:17:34.074[32m info [39m [caliper] [connectors/v2/FabricGateway] 	Successfully connected user with identity _RetailersMSP_User1 to a Network Gateway
2026.08.11-09:17:34.074[32m info [39m [caliper] [connectors/v2/FabricGateway] 	Generating contract map for user _RetailersMSP_User1
2026.08.11-09:17:34.112[32m info [39m [caliper] [connectors/v2/FabricGateway] 	Successfully connected user with identity _RetailersMSP_User1 to a Network Gateway
2026.08.11-09:17:34.113[32m info [39m [caliper] [connectors/v2/FabricGateway] 	Generating contract map for user _RetailersMSP_User1
2026.08.11-09:17:34.115[32m info [39m [caliper] [connectors/v2/FabricGateway] 	Successfully connected user with identity _RetailersMSP_User1 to a Network Gateway
2026.08.11-09:17:34.115[32m info [39m [caliper] [connectors/v2/FabricGateway] 	Generating contract map for user _RetailersMSP_User1
2026.08.11-09:17:34.123[32m info [39m [caliper] [connectors/v2/FabricGateway] 	Connecting user with identity _RetailersMSP_User2 to a Network Gateway
2026.08.11-09:17:34.129[32m info [39m [caliper] [connectors/v2/FabricGateway] 	Connecting user with identity _RetailersMSP_User2 to a Network Gateway
2026.08.11-09:17:34.133[32m info [39m [caliper] [connectors/v2/FabricGateway] 	Connecting user with identity _RetailersMSP_User2 to a Network Gateway
2026.08.11-09:17:34.166[32m info [39m [caliper] [connectors/v2/FabricGateway] 	Connecting user with identity _RetailersMSP_User2 to a Network Gateway
2026.08.11-09:17:34.167[32m info [39m [caliper] [connectors/v2/FabricGateway] 	Connecting user with identity _RetailersMSP_User2 to a Network Gateway
2026.08.11-09:17:34.194[32m info [39m [caliper] [connectors/v2/FabricGateway] 	Successfully connected user with identity _RetailersMSP_User2 to a Network Gateway
2026.08.11-09:17:34.194[32m info [39m [caliper] [connectors/v2/FabricGateway] 	Generating contract map for user _RetailersMSP_User2
2026.08.11-09:17:34.201[32m info [39m [caliper] [connectors/v2/FabricGateway] 	Successfully connected user with identity _RetailersMSP_User2 to a Network Gateway
2026.08.11-09:17:34.201[32m info [39m [caliper] [connectors/v2/FabricGateway] 	Generating contract map for user _RetailersMSP_User2
2026.08.11-09:17:34.206[32m info [39m [caliper] [connectors/v2/FabricGateway] 	Successfully connected user with identity _RetailersMSP_User2 to a Network Gateway
2026.08.11-09:17:34.206[32m info [39m [caliper] [connectors/v2/FabricGateway] 	Generating contract map for user _RetailersMSP_User2
2026.08.11-09:17:34.237[32m info [39m [caliper] [connectors/v2/FabricGateway] 	Successfully connected user with identity _RetailersMSP_User2 to a Network Gateway
2026.08.11-09:17:34.237[32m info [39m [caliper] [connectors/v2/FabricGateway] 	Generating contract map for user _RetailersMSP_User2
2026.08.11-09:17:34.237[32m info [39m [caliper] [connectors/v2/FabricGateway] 	Successfully connected user with identity _RetailersMSP_User2 to a Network Gateway
2026.08.11-09:17:34.238[32m info [39m [caliper] [connectors/v2/FabricGateway] 	Generating contract map for user _RetailersMSP_User2
2026.08.11-09:17:34.248[32m info [39m [caliper] [connectors/v2/FabricGateway] 	Connecting user with identity _RetailersMSP_User3 to a Network Gateway
2026.08.11-09:17:34.253[32m info [39m [caliper] [connectors/v2/FabricGateway] 	Connecting user with identity _RetailersMSP_User3 to a Network Gateway
2026.08.11-09:17:34.258[32m info [39m [caliper] [connectors/v2/FabricGateway] 	Connecting user with identity _RetailersMSP_User3 to a Network Gateway
2026.08.11-09:17:34.288[32m info [39m [caliper] [connectors/v2/FabricGateway] 	Connecting user with identity _RetailersMSP_User3 to a Network Gateway
2026.08.11-09:17:34.289[32m info [39m [caliper] [connectors/v2/FabricGateway] 	Connecting user with identity _RetailersMSP_User3 to a Network Gateway
2026.08.11-09:17:34.315[32m info [39m [caliper] [connectors/v2/FabricGateway] 	Successfully connected user with identity _RetailersMSP_User3 to a Network Gateway
2026.08.11-09:17:34.315[32m info [39m [caliper] [connectors/v2/FabricGateway] 	Generating contract map for user _RetailersMSP_User3
2026.08.11-09:17:34.318[32m info [39m [caliper] [connectors/v2/FabricGateway] 	Successfully connected user with identity _RetailersMSP_User3 to a Network Gateway
2026.08.11-09:17:34.318[32m info [39m [caliper] [connectors/v2/FabricGateway] 	Generating contract map for user _RetailersMSP_User3
2026.08.11-09:17:34.328[32m info [39m [caliper] [connectors/v2/FabricGateway] 	Successfully connected user with identity _RetailersMSP_User3 to a Network Gateway
2026.08.11-09:17:34.328[32m info [39m [caliper] [connectors/v2/FabricGateway] 	Generating contract map for user _RetailersMSP_User3
2026.08.11-09:17:34.358[32m info [39m [caliper] [connectors/v2/FabricGateway] 	Successfully connected user with identity _RetailersMSP_User3 to a Network Gateway
2026.08.11-09:17:34.358[32m info [39m [caliper] [connectors/v2/FabricGateway] 	Generating contract map for user _RetailersMSP_User3
2026.08.11-09:17:34.361[32m info [39m [caliper] [connectors/v2/FabricGateway] 	Successfully connected user with identity _RetailersMSP_User3 to a Network Gateway
2026.08.11-09:17:34.361[32m info [39m [caliper] [connectors/v2/FabricGateway] 	Generating contract map for user _RetailersMSP_User3
2026.08.11-09:17:34.369[32m info [39m [caliper] [connectors/v2/FabricGateway] 	Connecting user with identity _RetailersMSP_User4 to a Network Gateway
2026.08.11-09:17:34.369[32m info [39m [caliper] [connectors/v2/FabricGateway] 	Connecting user with identity _RetailersMSP_User4 to a Network Gateway
2026.08.11-09:17:34.381[32m info [39m [caliper] [connectors/v2/FabricGateway] 	Connecting user with identity _RetailersMSP_User4 to a Network Gateway
2026.08.11-09:17:34.411[32m info [39m [caliper] [connectors/v2/FabricGateway] 	Connecting user with identity _RetailersMSP_User4 to a Network Gateway
2026.08.11-09:17:34.411[32m info [39m [caliper] [connectors/v2/FabricGateway] 	Connecting user with identity _RetailersMSP_User4 to a Network Gateway
2026.08.11-09:17:34.431[32m info [39m [caliper] [connectors/v2/FabricGateway] 	Successfully connected user with identity _RetailersMSP_User4 to a Network Gateway
2026.08.11-09:17:34.432[32m info [39m [caliper] [connectors/v2/FabricGateway] 	Generating contract map for user _RetailersMSP_User4
2026.08.11-09:17:34.439[32m info [39m [caliper] [connectors/v2/FabricGateway] 	Successfully connected user with identity _RetailersMSP_User4 to a Network Gateway
2026.08.11-09:17:34.439[32m info [39m [caliper] [connectors/v2/FabricGateway] 	Generating contract map for user _RetailersMSP_User4
2026.08.11-09:17:34.442[32m info [39m [caliper] [connectors/v2/FabricGateway] 	Successfully connected user with identity _RetailersMSP_User4 to a Network Gateway
2026.08.11-09:17:34.442[32m info [39m [caliper] [connectors/v2/FabricGateway] 	Generating contract map for user _RetailersMSP_User4
2026.08.11-09:17:34.478[32m info [39m [caliper] [connectors/v2/FabricGateway] 	Successfully connected user with identity _RetailersMSP_User4 to a Network Gateway
2026.08.11-09:17:34.479[32m info [39m [caliper] [connectors/v2/FabricGateway] 	Generating contract map for user _RetailersMSP_User4
2026.08.11-09:17:34.483[32m info [39m [caliper] [connectors/v2/FabricGateway] 	Connecting user with identity _RetailersMSP_User5 to a Network Gateway
2026.08.11-09:17:34.483[32m info [39m [caliper] [connectors/v2/FabricGateway] 	Successfully connected user with identity _RetailersMSP_User4 to a Network Gateway
2026.08.11-09:17:34.483[32m info [39m [caliper] [connectors/v2/FabricGateway] 	Generating contract map for user _RetailersMSP_User4
2026.08.11-09:17:34.488[32m info [39m [caliper] [connectors/v2/FabricGateway] 	Connecting user with identity _RetailersMSP_User5 to a Network Gateway
2026.08.11-09:17:34.491[32m info [39m [caliper] [connectors/v2/FabricGateway] 	Connecting user with identity _RetailersMSP_User5 to a Network Gateway
2026.08.11-09:17:34.528[32m info [39m [caliper] [connectors/v2/FabricGateway] 	Connecting user with identity _RetailersMSP_User5 to a Network Gateway
2026.08.11-09:17:34.531[32m info [39m [caliper] [connectors/v2/FabricGateway] 	Connecting user with identity _RetailersMSP_User5 to a Network Gateway
2026.08.11-09:17:34.546[32m info [39m [caliper] [connectors/v2/FabricGateway] 	Successfully connected user with identity _RetailersMSP_User5 to a Network Gateway
2026.08.11-09:17:34.547[32m info [39m [caliper] [connectors/v2/FabricGateway] 	Generating contract map for user _RetailersMSP_User5
2026.08.11-09:17:34.556[32m info [39m [caliper] [connectors/v2/FabricGateway] 	Successfully connected user with identity _RetailersMSP_User5 to a Network Gateway
2026.08.11-09:17:34.556[32m info [39m [caliper] [connectors/v2/FabricGateway] 	Generating contract map for user _RetailersMSP_User5
2026.08.11-09:17:34.559[32m info [39m [caliper] [connectors/v2/FabricGateway] 	Successfully connected user with identity _RetailersMSP_User5 to a Network Gateway
2026.08.11-09:17:34.559[32m info [39m [caliper] [connectors/v2/FabricGateway] 	Generating contract map for user _RetailersMSP_User5
2026.08.11-09:17:34.598[32m info [39m [caliper] [connectors/v2/FabricGateway] 	Successfully connected user with identity _RetailersMSP_User5 to a Network Gateway
2026.08.11-09:17:34.599[32m info [39m [caliper] [connectors/v2/FabricGateway] 	Generating contract map for user _RetailersMSP_User5
2026.08.11-09:17:34.599[32m info [39m [caliper] [connectors/v2/FabricGateway] 	Successfully connected user with identity _RetailersMSP_User5 to a Network Gateway
2026.08.11-09:17:34.599[32m info [39m [caliper] [connectors/v2/FabricGateway] 	Generating contract map for user _RetailersMSP_User5
2026.08.11-09:17:34.600[32m info [39m [caliper] [connectors/v2/FabricGateway] 	Connecting user with identity _ConsumersMSP_User0 to a Network Gateway
2026.08.11-09:17:34.610[32m info [39m [caliper] [connectors/v2/FabricGateway] 	Connecting user with identity _ConsumersMSP_User0 to a Network Gateway
2026.08.11-09:17:34.611[32m info [39m [caliper] [connectors/v2/FabricGateway] 	Connecting user with identity _ConsumersMSP_User0 to a Network Gateway
2026.08.11-09:17:34.653[32m info [39m [caliper] [connectors/v2/FabricGateway] 	Connecting user with identity _ConsumersMSP_User0 to a Network Gateway
2026.08.11-09:17:34.654[32m info [39m [caliper] [connectors/v2/FabricGateway] 	Connecting user with identity _ConsumersMSP_User0 to a Network Gateway
2026.08.11-09:17:34.677[32m info [39m [caliper] [connectors/v2/FabricGateway] 	Successfully connected user with identity _ConsumersMSP_User0 to a Network Gateway
2026.08.11-09:17:34.677[32m info [39m [caliper] [connectors/v2/FabricGateway] 	Successfully connected user with identity _ConsumersMSP_User0 to a Network Gateway
2026.08.11-09:17:34.677[32m info [39m [caliper] [connectors/v2/FabricGateway] 	Generating contract map for user _ConsumersMSP_User0
2026.08.11-09:17:34.677[32m info [39m [caliper] [connectors/v2/FabricGateway] 	Generating contract map for user _ConsumersMSP_User0
2026.08.11-09:17:34.684[32m info [39m [caliper] [connectors/v2/FabricGateway] 	Successfully connected user with identity _ConsumersMSP_User0 to a Network Gateway
2026.08.11-09:17:34.684[32m info [39m [caliper] [connectors/v2/FabricGateway] 	Generating contract map for user _ConsumersMSP_User0
2026.08.11-09:17:34.719[32m info [39m [caliper] [connectors/v2/FabricGateway] 	Successfully connected user with identity _ConsumersMSP_User0 to a Network Gateway
2026.08.11-09:17:34.719[32m info [39m [caliper] [connectors/v2/FabricGateway] 	Generating contract map for user _ConsumersMSP_User0
2026.08.11-09:17:34.720[32m info [39m [caliper] [connectors/v2/FabricGateway] 	Successfully connected user with identity _ConsumersMSP_User0 to a Network Gateway
2026.08.11-09:17:34.720[32m info [39m [caliper] [connectors/v2/FabricGateway] 	Generating contract map for user _ConsumersMSP_User0
2026.08.11-09:17:34.726[32m info [39m [caliper] [connectors/v2/FabricGateway] 	Connecting user with identity _ConsumersMSP_User1 to a Network Gateway
2026.08.11-09:17:34.726[32m info [39m [caliper] [connectors/v2/FabricGateway] 	Connecting user with identity _ConsumersMSP_User1 to a Network Gateway
2026.08.11-09:17:34.734[32m info [39m [caliper] [connectors/v2/FabricGateway] 	Connecting user with identity _ConsumersMSP_User1 to a Network Gateway
2026.08.11-09:17:34.768[32m info [39m [caliper] [connectors/v2/FabricGateway] 	Connecting user with identity _ConsumersMSP_User1 to a Network Gateway
2026.08.11-09:17:34.768[32m info [39m [caliper] [connectors/v2/FabricGateway] 	Connecting user with identity _ConsumersMSP_User1 to a Network Gateway
2026.08.11-09:17:34.795[32m info [39m [caliper] [connectors/v2/FabricGateway] 	Successfully connected user with identity _ConsumersMSP_User1 to a Network Gateway
2026.08.11-09:17:34.795[32m info [39m [caliper] [connectors/v2/FabricGateway] 	Generating contract map for user _ConsumersMSP_User1
2026.08.11-09:17:34.798[32m info [39m [caliper] [connectors/v2/FabricGateway] 	Successfully connected user with identity _ConsumersMSP_User1 to a Network Gateway
2026.08.11-09:17:34.798[32m info [39m [caliper] [connectors/v2/FabricGateway] 	Generating contract map for user _ConsumersMSP_User1
2026.08.11-09:17:34.805[32m info [39m [caliper] [connectors/v2/FabricGateway] 	Successfully connected user with identity _ConsumersMSP_User1 to a Network Gateway
2026.08.11-09:17:34.805[32m info [39m [caliper] [connectors/v2/FabricGateway] 	Generating contract map for user _ConsumersMSP_User1
2026.08.11-09:17:34.838[32m info [39m [caliper] [connectors/v2/FabricGateway] 	Successfully connected user with identity _ConsumersMSP_User1 to a Network Gateway
2026.08.11-09:17:34.838[32m info [39m [caliper] [connectors/v2/FabricGateway] 	Generating contract map for user _ConsumersMSP_User1
2026.08.11-09:17:34.841[32m info [39m [caliper] [connectors/v2/FabricGateway] 	Successfully connected user with identity _ConsumersMSP_User1 to a Network Gateway
2026.08.11-09:17:34.842[32m info [39m [caliper] [connectors/v2/FabricGateway] 	Generating contract map for user _ConsumersMSP_User1
2026.08.11-09:17:34.868[32m info [39m [caliper] [connectors/v2/FabricGateway] 	Connecting user with identity _ConsumersMSP_User2 to a Network Gateway
2026.08.11-09:17:34.869[32m info [39m [caliper] [connectors/v2/FabricGateway] 	Connecting user with identity _ConsumersMSP_User2 to a Network Gateway
2026.08.11-09:17:34.879[32m info [39m [caliper] [connectors/v2/FabricGateway] 	Connecting user with identity _ConsumersMSP_User2 to a Network Gateway
2026.08.11-09:17:34.926[32m info [39m [caliper] [connectors/v2/FabricGateway] 	Connecting user with identity _ConsumersMSP_User2 to a Network Gateway
2026.08.11-09:17:34.927[32m info [39m [caliper] [connectors/v2/FabricGateway] 	Connecting user with identity _ConsumersMSP_User2 to a Network Gateway
2026.08.11-09:17:34.935[32m info [39m [caliper] [connectors/v2/FabricGateway] 	Successfully connected user with identity _ConsumersMSP_User2 to a Network Gateway
2026.08.11-09:17:34.936[32m info [39m [caliper] [connectors/v2/FabricGateway] 	Generating contract map for user _ConsumersMSP_User2
2026.08.11-09:17:34.936[32m info [39m [caliper] [connectors/v2/FabricGateway] 	Successfully connected user with identity _ConsumersMSP_User2 to a Network Gateway
2026.08.11-09:17:34.936[32m info [39m [caliper] [connectors/v2/FabricGateway] 	Generating contract map for user _ConsumersMSP_User2
2026.08.11-09:17:34.948[32m info [39m [caliper] [connectors/v2/FabricGateway] 	Successfully connected user with identity _ConsumersMSP_User2 to a Network Gateway
2026.08.11-09:17:34.949[32m info [39m [caliper] [connectors/v2/FabricGateway] 	Generating contract map for user _ConsumersMSP_User2
2026.08.11-09:17:34.988[32m info [39m [caliper] [connectors/v2/FabricGateway] 	Connecting user with identity _ConsumersMSP_User3 to a Network Gateway
2026.08.11-09:17:34.989[32m info [39m [caliper] [connectors/v2/FabricGateway] 	Connecting user with identity _ConsumersMSP_User3 to a Network Gateway
2026.08.11-09:17:34.997[32m info [39m [caliper] [connectors/v2/FabricGateway] 	Successfully connected user with identity _ConsumersMSP_User2 to a Network Gateway
2026.08.11-09:17:34.998[32m info [39m [caliper] [connectors/v2/FabricGateway] 	Generating contract map for user _ConsumersMSP_User2
2026.08.11-09:17:34.999[32m info [39m [caliper] [connectors/v2/FabricGateway] 	Connecting user with identity _ConsumersMSP_User3 to a Network Gateway
2026.08.11-09:17:35.001[32m info [39m [caliper] [connectors/v2/FabricGateway] 	Successfully connected user with identity _ConsumersMSP_User2 to a Network Gateway
2026.08.11-09:17:35.001[32m info [39m [caliper] [connectors/v2/FabricGateway] 	Generating contract map for user _ConsumersMSP_User2
2026.08.11-09:17:35.050[32m info [39m [caliper] [connectors/v2/FabricGateway] 	Connecting user with identity _ConsumersMSP_User3 to a Network Gateway
2026.08.11-09:17:35.052[32m info [39m [caliper] [connectors/v2/FabricGateway] 	Connecting user with identity _ConsumersMSP_User3 to a Network Gateway
2026.08.11-09:17:35.063[32m info [39m [caliper] [connectors/v2/FabricGateway] 	Successfully connected user with identity _ConsumersMSP_User3 to a Network Gateway
2026.08.11-09:17:35.063[32m info [39m [caliper] [connectors/v2/FabricGateway] 	Generating contract map for user _ConsumersMSP_User3
2026.08.11-09:17:35.072[32m info [39m [caliper] [connectors/v2/FabricGateway] 	Successfully connected user with identity _ConsumersMSP_User3 to a Network Gateway
2026.08.11-09:17:35.072[32m info [39m [caliper] [connectors/v2/FabricGateway] 	Generating contract map for user _ConsumersMSP_User3
2026.08.11-09:17:35.073[32m info [39m [caliper] [connectors/v2/FabricGateway] 	Successfully connected user with identity _ConsumersMSP_User3 to a Network Gateway
2026.08.11-09:17:35.073[32m info [39m [caliper] [connectors/v2/FabricGateway] 	Generating contract map for user _ConsumersMSP_User3
2026.08.11-09:17:35.113[32m info [39m [caliper] [connectors/v2/FabricGateway] 	Connecting user with identity _ConsumersMSP_User4 to a Network Gateway
2026.08.11-09:17:35.114[32m info [39m [caliper] [connectors/v2/FabricGateway] 	Successfully connected user with identity _ConsumersMSP_User3 to a Network Gateway
2026.08.11-09:17:35.115[32m info [39m [caliper] [connectors/v2/FabricGateway] 	Generating contract map for user _ConsumersMSP_User3
2026.08.11-09:17:35.117[32m info [39m [caliper] [connectors/v2/FabricGateway] 	Successfully connected user with identity _ConsumersMSP_User3 to a Network Gateway
2026.08.11-09:17:35.117[32m info [39m [caliper] [connectors/v2/FabricGateway] 	Generating contract map for user _ConsumersMSP_User3
2026.08.11-09:17:35.119[32m info [39m [caliper] [connectors/v2/FabricGateway] 	Connecting user with identity _ConsumersMSP_User4 to a Network Gateway
2026.08.11-09:17:35.122[32m info [39m [caliper] [connectors/v2/FabricGateway] 	Connecting user with identity _ConsumersMSP_User4 to a Network Gateway
2026.08.11-09:17:35.163[32m info [39m [caliper] [connectors/v2/FabricGateway] 	Connecting user with identity _ConsumersMSP_User4 to a Network Gateway
2026.08.11-09:17:35.163[32m info [39m [caliper] [connectors/v2/FabricGateway] 	Connecting user with identity _ConsumersMSP_User4 to a Network Gateway
2026.08.11-09:17:35.178[32m info [39m [caliper] [connectors/v2/FabricGateway] 	Successfully connected user with identity _ConsumersMSP_User4 to a Network Gateway
2026.08.11-09:17:35.178[32m info [39m [caliper] [connectors/v2/FabricGateway] 	Generating contract map for user _ConsumersMSP_User4
2026.08.11-09:17:35.186[32m info [39m [caliper] [connectors/v2/FabricGateway] 	Successfully connected user with identity _ConsumersMSP_User4 to a Network Gateway
2026.08.11-09:17:35.186[32m info [39m [caliper] [connectors/v2/FabricGateway] 	Generating contract map for user _ConsumersMSP_User4
2026.08.11-09:17:35.193[32m info [39m [caliper] [connectors/v2/FabricGateway] 	Successfully connected user with identity _ConsumersMSP_User4 to a Network Gateway
2026.08.11-09:17:35.193[32m info [39m [caliper] [connectors/v2/FabricGateway] 	Generating contract map for user _ConsumersMSP_User4
2026.08.11-09:17:35.233[32m info [39m [caliper] [connectors/v2/FabricGateway] 	Connecting user with identity _ConsumersMSP_User5 to a Network Gateway
2026.08.11-09:17:35.236[32m info [39m [caliper] [connectors/v2/FabricGateway] 	Connecting user with identity _ConsumersMSP_User5 to a Network Gateway
2026.08.11-09:17:35.237[32m info [39m [caliper] [connectors/v2/FabricGateway] 	Successfully connected user with identity _ConsumersMSP_User4 to a Network Gateway
2026.08.11-09:17:35.238[32m info [39m [caliper] [connectors/v2/FabricGateway] 	Generating contract map for user _ConsumersMSP_User4
2026.08.11-09:17:35.239[32m info [39m [caliper] [connectors/v2/FabricGateway] 	Successfully connected user with identity _ConsumersMSP_User4 to a Network Gateway
2026.08.11-09:17:35.239[32m info [39m [caliper] [connectors/v2/FabricGateway] 	Generating contract map for user _ConsumersMSP_User4
2026.08.11-09:17:35.247[32m info [39m [caliper] [connectors/v2/FabricGateway] 	Connecting user with identity _ConsumersMSP_User5 to a Network Gateway
2026.08.11-09:17:35.286[32m info [39m [caliper] [connectors/v2/FabricGateway] 	Connecting user with identity _ConsumersMSP_User5 to a Network Gateway
2026.08.11-09:17:35.291[32m info [39m [caliper] [connectors/v2/FabricGateway] 	Connecting user with identity _ConsumersMSP_User5 to a Network Gateway
2026.08.11-09:17:35.296[32m info [39m [caliper] [connectors/v2/FabricGateway] 	Successfully connected user with identity _ConsumersMSP_User5 to a Network Gateway
2026.08.11-09:17:35.296[32m info [39m [caliper] [connectors/v2/FabricGateway] 	Generating contract map for user _ConsumersMSP_User5
2026.08.11-09:17:35.304[32m info [39m [caliper] [connectors/v2/FabricGateway] 	Successfully connected user with identity _ConsumersMSP_User5 to a Network Gateway
2026.08.11-09:17:35.304[32m info [39m [caliper] [connectors/v2/FabricGateway] 	Generating contract map for user _ConsumersMSP_User5
2026.08.11-09:17:35.317[32m info [39m [caliper] [connectors/v2/FabricGateway] 	Successfully connected user with identity _ConsumersMSP_User5 to a Network Gateway
2026.08.11-09:17:35.317[32m info [39m [caliper] [connectors/v2/FabricGateway] 	Generating contract map for user _ConsumersMSP_User5
2026.08.11-09:17:35.348[32m info [39m [caliper] [caliper-worker] 	Info: worker 4 prepare test phase for round 0 is starting...
2026.08.11-09:17:35.353[32m info [39m [caliper] [caliper-worker] 	Info: worker 0 prepare test phase for round 0 is starting...
2026.08.11-09:17:35.355[32m info [39m [caliper] [connectors/v2/FabricGateway] 	Successfully connected user with identity _ConsumersMSP_User5 to a Network Gateway
2026.08.11-09:17:35.355[32m info [39m [caliper] [connectors/v2/FabricGateway] 	Generating contract map for user _ConsumersMSP_User5
2026.08.11-09:17:35.360[32m info [39m [caliper] [connectors/v2/FabricGateway] 	Successfully connected user with identity _ConsumersMSP_User5 to a Network Gateway
2026.08.11-09:17:35.360[32m info [39m [caliper] [connectors/v2/FabricGateway] 	Generating contract map for user _ConsumersMSP_User5
2026.08.11-09:17:35.366[32m info [39m [caliper] [caliper-worker] 	Info: worker 1 prepare test phase for round 0 is starting...
2026.08.11-09:17:35.404[32m info [39m [caliper] [caliper-worker] 	Info: worker 2 prepare test phase for round 0 is starting...
2026.08.11-09:17:35.409[32m info [39m [caliper] [caliper-worker] 	Info: worker 3 prepare test phase for round 0 is starting...
Worker 4: Cached 92 of 461 open auctions with no bids yet for placeBidAll after worker partitioning
2026.08.11-09:17:35.828[32m info [39m [caliper] [connectors/v2/FabricGateway] 	disconnecting gateway for user User0
2026.08.11-09:17:35.830[32m info [39m [caliper] [connectors/v2/FabricGateway] 	disconnecting gateway for user User1
2026.08.11-09:17:35.830[32m info [39m [caliper] [connectors/v2/FabricGateway] 	disconnecting gateway for user User2
2026.08.11-09:17:35.831[32m info [39m [caliper] [connectors/v2/FabricGateway] 	disconnecting gateway for user User3
2026.08.11-09:17:35.831[32m info [39m [caliper] [connectors/v2/FabricGateway] 	disconnecting gateway for user User4
2026.08.11-09:17:35.832[32m info [39m [caliper] [connectors/v2/FabricGateway] 	disconnecting gateway for user User5
2026.08.11-09:17:35.833[32m info [39m [caliper] [connectors/v2/FabricGateway] 	disconnecting gateway for user _AuctioncentersMSP_User0
2026.08.11-09:17:35.833[32m info [39m [caliper] [connectors/v2/FabricGateway] 	disconnecting gateway for user _AuctioncentersMSP_User1
2026.08.11-09:17:35.833[32m info [39m [caliper] [connectors/v2/FabricGateway] 	disconnecting gateway for user _AuctioncentersMSP_User2
2026.08.11-09:17:35.834[32m info [39m [caliper] [connectors/v2/FabricGateway] 	disconnecting gateway for user _AuctioncentersMSP_User3
2026.08.11-09:17:35.834[32m info [39m [caliper] [connectors/v2/FabricGateway] 	disconnecting gateway for user _AuctioncentersMSP_User4
2026.08.11-09:17:35.835[32m info [39m [caliper] [connectors/v2/FabricGateway] 	disconnecting gateway for user _AuctioncentersMSP_User5
2026.08.11-09:17:35.835[32m info [39m [caliper] [connectors/v2/FabricGateway] 	disconnecting gateway for user _WholesalersMSP_User0
2026.08.11-09:17:35.836[32m info [39m [caliper] [connectors/v2/FabricGateway] 	disconnecting gateway for user _WholesalersMSP_User1
2026.08.11-09:17:35.836[32m info [39m [caliper] [connectors/v2/FabricGateway] 	disconnecting gateway for user _WholesalersMSP_User2
2026.08.11-09:17:35.836[32m info [39m [caliper] [connectors/v2/FabricGateway] 	disconnecting gateway for user _WholesalersMSP_User3
Worker 0: Cached 93 of 461 open auctions with no bids yet for placeBidAll after worker partitioning
2026.08.11-09:17:35.837[32m info [39m [caliper] [connectors/v2/FabricGateway] 	disconnecting gateway for user _WholesalersMSP_User4
2026.08.11-09:17:35.837[32m info [39m [caliper] [connectors/v2/FabricGateway] 	disconnecting gateway for user _WholesalersMSP_User5
2026.08.11-09:17:35.838[32m info [39m [caliper] [connectors/v2/FabricGateway] 	disconnecting gateway for user _RetailersMSP_User0
2026.08.11-09:17:35.838[32m info [39m [caliper] [connectors/v2/FabricGateway] 	disconnecting gateway for user _RetailersMSP_User1
2026.08.11-09:17:35.838[32m info [39m [caliper] [connectors/v2/FabricGateway] 	disconnecting gateway for user _RetailersMSP_User2
2026.08.11-09:17:35.838[32m info [39m [caliper] [connectors/v2/FabricGateway] 	disconnecting gateway for user _RetailersMSP_User3
2026.08.11-09:17:35.839[32m info [39m [caliper] [connectors/v2/FabricGateway] 	disconnecting gateway for user _RetailersMSP_User4
2026.08.11-09:17:35.839[32m info [39m [caliper] [connectors/v2/FabricGateway] 	disconnecting gateway for user _RetailersMSP_User5
2026.08.11-09:17:35.839[32m info [39m [caliper] [connectors/v2/FabricGateway] 	disconnecting gateway for user User0
2026.08.11-09:17:35.839[32m info [39m [caliper] [connectors/v2/FabricGateway] 	disconnecting gateway for user _ConsumersMSP_User0
2026.08.11-09:17:35.839[32m info [39m [caliper] [connectors/v2/FabricGateway] 	disconnecting gateway for user _ConsumersMSP_User1
2026.08.11-09:17:35.840[32m info [39m [caliper] [connectors/v2/FabricGateway] 	disconnecting gateway for user _ConsumersMSP_User2
2026.08.11-09:17:35.840[32m info [39m [caliper] [connectors/v2/FabricGateway] 	disconnecting gateway for user _ConsumersMSP_User3
2026.08.11-09:17:35.840[32m info [39m [caliper] [connectors/v2/FabricGateway] 	disconnecting gateway for user _ConsumersMSP_User4
2026.08.11-09:17:35.841[32m info [39m [caliper] [connectors/v2/FabricGateway] 	disconnecting gateway for user _ConsumersMSP_User5
2026.08.11-09:17:35.841[32m info [39m [caliper] [caliper-worker] 	Info: worker 4 prepare test phase for round 0 is completed
2026.08.11-09:17:35.841[32m info [39m [caliper] [connectors/v2/FabricGateway] 	disconnecting gateway for user User1
2026.08.11-09:17:35.841[32m info [39m [caliper] [worker-message-handler] 	Worker#4 prepared for Round#0
2026.08.11-09:17:35.841[32m info [39m [caliper] [connectors/v2/FabricGateway] 	disconnecting gateway for user User2
2026.08.11-09:17:35.841[32m info [39m [caliper] [connectors/v2/FabricGateway] 	disconnecting gateway for user User3
2026.08.11-09:17:35.842[32m info [39m [caliper] [connectors/v2/FabricGateway] 	disconnecting gateway for user User4
2026.08.11-09:17:35.842[32m info [39m [caliper] [connectors/v2/FabricGateway] 	disconnecting gateway for user User5
2026.08.11-09:17:35.843[32m info [39m [caliper] [connectors/v2/FabricGateway] 	disconnecting gateway for user _AuctioncentersMSP_User0
2026.08.11-09:17:35.844[32m info [39m [caliper] [connectors/v2/FabricGateway] 	disconnecting gateway for user _AuctioncentersMSP_User1
2026.08.11-09:17:35.844[32m info [39m [caliper] [connectors/v2/FabricGateway] 	disconnecting gateway for user _AuctioncentersMSP_User2
2026.08.11-09:17:35.845[32m info [39m [caliper] [connectors/v2/FabricGateway] 	disconnecting gateway for user _AuctioncentersMSP_User3
2026.08.11-09:17:35.846[32m info [39m [caliper] [connectors/v2/FabricGateway] 	disconnecting gateway for user _AuctioncentersMSP_User4
2026.08.11-09:17:35.846[32m info [39m [caliper] [connectors/v2/FabricGateway] 	disconnecting gateway for user _AuctioncentersMSP_User5
2026.08.11-09:17:35.847[32m info [39m [caliper] [connectors/v2/FabricGateway] 	disconnecting gateway for user _WholesalersMSP_User0
2026.08.11-09:17:35.848[32m info [39m [caliper] [connectors/v2/FabricGateway] 	disconnecting gateway for user _WholesalersMSP_User1
2026.08.11-09:17:35.848[32m info [39m [caliper] [connectors/v2/FabricGateway] 	disconnecting gateway for user _WholesalersMSP_User2
2026.08.11-09:17:35.849[32m info [39m [caliper] [connectors/v2/FabricGateway] 	disconnecting gateway for user _WholesalersMSP_User3
2026.08.11-09:17:35.849[32m info [39m [caliper] [connectors/v2/FabricGateway] 	disconnecting gateway for user _WholesalersMSP_User4
2026.08.11-09:17:35.850[32m info [39m [caliper] [connectors/v2/FabricGateway] 	disconnecting gateway for user _WholesalersMSP_User5
2026.08.11-09:17:35.850[32m info [39m [caliper] [connectors/v2/FabricGateway] 	disconnecting gateway for user _RetailersMSP_User0
2026.08.11-09:17:35.850[32m info [39m [caliper] [connectors/v2/FabricGateway] 	disconnecting gateway for user _RetailersMSP_User1
2026.08.11-09:17:35.851[32m info [39m [caliper] [connectors/v2/FabricGateway] 	disconnecting gateway for user _RetailersMSP_User2
2026.08.11-09:17:35.851[32m info [39m [caliper] [connectors/v2/FabricGateway] 	disconnecting gateway for user _RetailersMSP_User3
2026.08.11-09:17:35.851[32m info [39m [caliper] [connectors/v2/FabricGateway] 	disconnecting gateway for user _RetailersMSP_User4
2026.08.11-09:17:35.852[32m info [39m [caliper] [connectors/v2/FabricGateway] 	disconnecting gateway for user _RetailersMSP_User5
2026.08.11-09:17:35.852[32m info [39m [caliper] [connectors/v2/FabricGateway] 	disconnecting gateway for user _ConsumersMSP_User0
2026.08.11-09:17:35.852[32m info [39m [caliper] [connectors/v2/FabricGateway] 	disconnecting gateway for user _ConsumersMSP_User1
2026.08.11-09:17:35.853[32m info [39m [caliper] [connectors/v2/FabricGateway] 	disconnecting gateway for user _ConsumersMSP_User2
2026.08.11-09:17:35.853[32m info [39m [caliper] [connectors/v2/FabricGateway] 	disconnecting gateway for user _ConsumersMSP_User3
2026.08.11-09:17:35.853[32m info [39m [caliper] [connectors/v2/FabricGateway] 	disconnecting gateway for user _ConsumersMSP_User4
2026.08.11-09:17:35.853[32m info [39m [caliper] [connectors/v2/FabricGateway] 	disconnecting gateway for user _ConsumersMSP_User5
2026.08.11-09:17:35.854[32m info [39m [caliper] [caliper-worker] 	Info: worker 0 prepare test phase for round 0 is completed
2026.08.11-09:17:35.854[32m info [39m [caliper] [worker-message-handler] 	Worker#0 prepared for Round#0
Worker 1: Cached 92 of 461 open auctions with no bids yet for placeBidAll after worker partitioning
2026.08.11-09:17:35.875[32m info [39m [caliper] [connectors/v2/FabricGateway] 	disconnecting gateway for user User0
2026.08.11-09:17:35.878[32m info [39m [caliper] [connectors/v2/FabricGateway] 	disconnecting gateway for user User1
2026.08.11-09:17:35.879[32m info [39m [caliper] [connectors/v2/FabricGateway] 	disconnecting gateway for user User2
2026.08.11-09:17:35.880[32m info [39m [caliper] [connectors/v2/FabricGateway] 	disconnecting gateway for user User3
2026.08.11-09:17:35.881[32m info [39m [caliper] [connectors/v2/FabricGateway] 	disconnecting gateway for user User4
2026.08.11-09:17:35.881[32m info [39m [caliper] [connectors/v2/FabricGateway] 	disconnecting gateway for user User5
2026.08.11-09:17:35.882[32m info [39m [caliper] [connectors/v2/FabricGateway] 	disconnecting gateway for user _AuctioncentersMSP_User0
2026.08.11-09:17:35.883[32m info [39m [caliper] [connectors/v2/FabricGateway] 	disconnecting gateway for user _AuctioncentersMSP_User1
2026.08.11-09:17:35.884[32m info [39m [caliper] [connectors/v2/FabricGateway] 	disconnecting gateway for user _AuctioncentersMSP_User2
2026.08.11-09:17:35.884[32m info [39m [caliper] [connectors/v2/FabricGateway] 	disconnecting gateway for user _AuctioncentersMSP_User3
2026.08.11-09:17:35.885[32m info [39m [caliper] [connectors/v2/FabricGateway] 	disconnecting gateway for user _AuctioncentersMSP_User4
2026.08.11-09:17:35.885[32m info [39m [caliper] [connectors/v2/FabricGateway] 	disconnecting gateway for user _AuctioncentersMSP_User5
2026.08.11-09:17:35.886[32m info [39m [caliper] [connectors/v2/FabricGateway] 	disconnecting gateway for user _WholesalersMSP_User0
2026.08.11-09:17:35.886[32m info [39m [caliper] [connectors/v2/FabricGateway] 	disconnecting gateway for user _WholesalersMSP_User1
2026.08.11-09:17:35.887[32m info [39m [caliper] [connectors/v2/FabricGateway] 	disconnecting gateway for user _WholesalersMSP_User2
2026.08.11-09:17:35.887[32m info [39m [caliper] [connectors/v2/FabricGateway] 	disconnecting gateway for user _WholesalersMSP_User3
2026.08.11-09:17:35.888[32m info [39m [caliper] [connectors/v2/FabricGateway] 	disconnecting gateway for user _WholesalersMSP_User4
2026.08.11-09:17:35.888[32m info [39m [caliper] [connectors/v2/FabricGateway] 	disconnecting gateway for user _WholesalersMSP_User5
2026.08.11-09:17:35.889[32m info [39m [caliper] [connectors/v2/FabricGateway] 	disconnecting gateway for user _RetailersMSP_User0
2026.08.11-09:17:35.889[32m info [39m [caliper] [connectors/v2/FabricGateway] 	disconnecting gateway for user _RetailersMSP_User1
2026.08.11-09:17:35.890[32m info [39m [caliper] [connectors/v2/FabricGateway] 	disconnecting gateway for user _RetailersMSP_User2
2026.08.11-09:17:35.890[32m info [39m [caliper] [connectors/v2/FabricGateway] 	disconnecting gateway for user _RetailersMSP_User3
2026.08.11-09:17:35.890[32m info [39m [caliper] [connectors/v2/FabricGateway] 	disconnecting gateway for user _RetailersMSP_User4
2026.08.11-09:17:35.890[32m info [39m [caliper] [connectors/v2/FabricGateway] 	disconnecting gateway for user _RetailersMSP_User5
2026.08.11-09:17:35.891[32m info [39m [caliper] [connectors/v2/FabricGateway] 	disconnecting gateway for user _ConsumersMSP_User0
2026.08.11-09:17:35.891[32m info [39m [caliper] [connectors/v2/FabricGateway] 	disconnecting gateway for user _ConsumersMSP_User1
2026.08.11-09:17:35.891[32m info [39m [caliper] [connectors/v2/FabricGateway] 	disconnecting gateway for user _ConsumersMSP_User2
2026.08.11-09:17:35.891[32m info [39m [caliper] [connectors/v2/FabricGateway] 	disconnecting gateway for user _ConsumersMSP_User3
2026.08.11-09:17:35.892[32m info [39m [caliper] [connectors/v2/FabricGateway] 	disconnecting gateway for user _ConsumersMSP_User4
2026.08.11-09:17:35.892[32m info [39m [caliper] [connectors/v2/FabricGateway] 	disconnecting gateway for user _ConsumersMSP_User5
2026.08.11-09:17:35.892[32m info [39m [caliper] [caliper-worker] 	Info: worker 1 prepare test phase for round 0 is completed
2026.08.11-09:17:35.892[32m info [39m [caliper] [worker-message-handler] 	Worker#1 prepared for Round#0
Worker 2: Cached 92 of 461 open auctions with no bids yet for placeBidAll after worker partitioning
Worker 3: Cached 92 of 461 open auctions with no bids yet for placeBidAll after worker partitioning
2026.08.11-09:17:35.930[32m info [39m [caliper] [connectors/v2/FabricGateway] 	disconnecting gateway for user User0
2026.08.11-09:17:35.930[32m info [39m [caliper] [connectors/v2/FabricGateway] 	disconnecting gateway for user User0
2026.08.11-09:17:35.932[32m info [39m [caliper] [connectors/v2/FabricGateway] 	disconnecting gateway for user User1
2026.08.11-09:17:35.932[32m info [39m [caliper] [connectors/v2/FabricGateway] 	disconnecting gateway for user User1
2026.08.11-09:17:35.932[32m info [39m [caliper] [connectors/v2/FabricGateway] 	disconnecting gateway for user User2
2026.08.11-09:17:35.932[32m info [39m [caliper] [connectors/v2/FabricGateway] 	disconnecting gateway for user User2
2026.08.11-09:17:35.932[32m info [39m [caliper] [connectors/v2/FabricGateway] 	disconnecting gateway for user User3
2026.08.11-09:17:35.933[32m info [39m [caliper] [connectors/v2/FabricGateway] 	disconnecting gateway for user User4
2026.08.11-09:17:35.933[32m info [39m [caliper] [connectors/v2/FabricGateway] 	disconnecting gateway for user User3
2026.08.11-09:17:35.933[32m info [39m [caliper] [connectors/v2/FabricGateway] 	disconnecting gateway for user User5
2026.08.11-09:17:35.933[32m info [39m [caliper] [connectors/v2/FabricGateway] 	disconnecting gateway for user User4
2026.08.11-09:17:35.933[32m info [39m [caliper] [connectors/v2/FabricGateway] 	disconnecting gateway for user _AuctioncentersMSP_User0
2026.08.11-09:17:35.934[32m info [39m [caliper] [connectors/v2/FabricGateway] 	disconnecting gateway for user User5
2026.08.11-09:17:35.934[32m info [39m [caliper] [connectors/v2/FabricGateway] 	disconnecting gateway for user _AuctioncentersMSP_User1
2026.08.11-09:17:35.934[32m info [39m [caliper] [connectors/v2/FabricGateway] 	disconnecting gateway for user _AuctioncentersMSP_User0
2026.08.11-09:17:35.934[32m info [39m [caliper] [connectors/v2/FabricGateway] 	disconnecting gateway for user _AuctioncentersMSP_User2
2026.08.11-09:17:35.934[32m info [39m [caliper] [connectors/v2/FabricGateway] 	disconnecting gateway for user _AuctioncentersMSP_User1
2026.08.11-09:17:35.934[32m info [39m [caliper] [connectors/v2/FabricGateway] 	disconnecting gateway for user _AuctioncentersMSP_User3
2026.08.11-09:17:35.934[32m info [39m [caliper] [connectors/v2/FabricGateway] 	disconnecting gateway for user _AuctioncentersMSP_User2
2026.08.11-09:17:35.935[32m info [39m [caliper] [connectors/v2/FabricGateway] 	disconnecting gateway for user _AuctioncentersMSP_User4
2026.08.11-09:17:35.935[32m info [39m [caliper] [connectors/v2/FabricGateway] 	disconnecting gateway for user _AuctioncentersMSP_User3
2026.08.11-09:17:35.935[32m info [39m [caliper] [connectors/v2/FabricGateway] 	disconnecting gateway for user _AuctioncentersMSP_User5
2026.08.11-09:17:35.935[32m info [39m [caliper] [connectors/v2/FabricGateway] 	disconnecting gateway for user _AuctioncentersMSP_User4
2026.08.11-09:17:35.935[32m info [39m [caliper] [connectors/v2/FabricGateway] 	disconnecting gateway for user _WholesalersMSP_User0
2026.08.11-09:17:35.936[32m info [39m [caliper] [connectors/v2/FabricGateway] 	disconnecting gateway for user _AuctioncentersMSP_User5
2026.08.11-09:17:35.936[32m info [39m [caliper] [connectors/v2/FabricGateway] 	disconnecting gateway for user _WholesalersMSP_User0
2026.08.11-09:17:35.936[32m info [39m [caliper] [connectors/v2/FabricGateway] 	disconnecting gateway for user _WholesalersMSP_User1
2026.08.11-09:17:35.936[32m info [39m [caliper] [connectors/v2/FabricGateway] 	disconnecting gateway for user _WholesalersMSP_User1
2026.08.11-09:17:35.936[32m info [39m [caliper] [connectors/v2/FabricGateway] 	disconnecting gateway for user _WholesalersMSP_User2
2026.08.11-09:17:35.936[32m info [39m [caliper] [connectors/v2/FabricGateway] 	disconnecting gateway for user _WholesalersMSP_User2
2026.08.11-09:17:35.937[32m info [39m [caliper] [connectors/v2/FabricGateway] 	disconnecting gateway for user _WholesalersMSP_User3
2026.08.11-09:17:35.937[32m info [39m [caliper] [connectors/v2/FabricGateway] 	disconnecting gateway for user _WholesalersMSP_User3
2026.08.11-09:17:35.937[32m info [39m [caliper] [connectors/v2/FabricGateway] 	disconnecting gateway for user _WholesalersMSP_User4
2026.08.11-09:17:35.937[32m info [39m [caliper] [connectors/v2/FabricGateway] 	disconnecting gateway for user _WholesalersMSP_User4
2026.08.11-09:17:35.937[32m info [39m [caliper] [connectors/v2/FabricGateway] 	disconnecting gateway for user _WholesalersMSP_User5
2026.08.11-09:17:35.937[32m info [39m [caliper] [connectors/v2/FabricGateway] 	disconnecting gateway for user _WholesalersMSP_User5
2026.08.11-09:17:35.938[32m info [39m [caliper] [connectors/v2/FabricGateway] 	disconnecting gateway for user _RetailersMSP_User0
2026.08.11-09:17:35.938[32m info [39m [caliper] [connectors/v2/FabricGateway] 	disconnecting gateway for user _RetailersMSP_User0
2026.08.11-09:17:35.938[32m info [39m [caliper] [connectors/v2/FabricGateway] 	disconnecting gateway for user _RetailersMSP_User1
2026.08.11-09:17:35.938[32m info [39m [caliper] [connectors/v2/FabricGateway] 	disconnecting gateway for user _RetailersMSP_User1
2026.08.11-09:17:35.938[32m info [39m [caliper] [connectors/v2/FabricGateway] 	disconnecting gateway for user _RetailersMSP_User2
2026.08.11-09:17:35.938[32m info [39m [caliper] [connectors/v2/FabricGateway] 	disconnecting gateway for user _RetailersMSP_User2
2026.08.11-09:17:35.938[32m info [39m [caliper] [connectors/v2/FabricGateway] 	disconnecting gateway for user _RetailersMSP_User3
2026.08.11-09:17:35.938[32m info [39m [caliper] [connectors/v2/FabricGateway] 	disconnecting gateway for user _RetailersMSP_User3
2026.08.11-09:17:35.938[32m info [39m [caliper] [connectors/v2/FabricGateway] 	disconnecting gateway for user _RetailersMSP_User4
2026.08.11-09:17:35.939[32m info [39m [caliper] [connectors/v2/FabricGateway] 	disconnecting gateway for user _RetailersMSP_User4
2026.08.11-09:17:35.939[32m info [39m [caliper] [connectors/v2/FabricGateway] 	disconnecting gateway for user _RetailersMSP_User5
2026.08.11-09:17:35.939[32m info [39m [caliper] [connectors/v2/FabricGateway] 	disconnecting gateway for user _RetailersMSP_User5
2026.08.11-09:17:35.939[32m info [39m [caliper] [connectors/v2/FabricGateway] 	disconnecting gateway for user _ConsumersMSP_User0
2026.08.11-09:17:35.939[32m info [39m [caliper] [connectors/v2/FabricGateway] 	disconnecting gateway for user _ConsumersMSP_User0
2026.08.11-09:17:35.939[32m info [39m [caliper] [connectors/v2/FabricGateway] 	disconnecting gateway for user _ConsumersMSP_User1
2026.08.11-09:17:35.939[32m info [39m [caliper] [connectors/v2/FabricGateway] 	disconnecting gateway for user _ConsumersMSP_User1
2026.08.11-09:17:35.939[32m info [39m [caliper] [connectors/v2/FabricGateway] 	disconnecting gateway for user _ConsumersMSP_User2
2026.08.11-09:17:35.939[32m info [39m [caliper] [connectors/v2/FabricGateway] 	disconnecting gateway for user _ConsumersMSP_User2
2026.08.11-09:17:35.939[32m info [39m [caliper] [connectors/v2/FabricGateway] 	disconnecting gateway for user _ConsumersMSP_User3
2026.08.11-09:17:35.939[32m info [39m [caliper] [connectors/v2/FabricGateway] 	disconnecting gateway for user _ConsumersMSP_User3
2026.08.11-09:17:35.940[32m info [39m [caliper] [connectors/v2/FabricGateway] 	disconnecting gateway for user _ConsumersMSP_User4
2026.08.11-09:17:35.940[32m info [39m [caliper] [connectors/v2/FabricGateway] 	disconnecting gateway for user _ConsumersMSP_User4
2026.08.11-09:17:35.940[32m info [39m [caliper] [connectors/v2/FabricGateway] 	disconnecting gateway for user _ConsumersMSP_User5
2026.08.11-09:17:35.940[32m info [39m [caliper] [connectors/v2/FabricGateway] 	disconnecting gateway for user _ConsumersMSP_User5
2026.08.11-09:17:35.940[32m info [39m [caliper] [caliper-worker] 	Info: worker 3 prepare test phase for round 0 is completed
2026.08.11-09:17:35.940[32m info [39m [caliper] [worker-message-handler] 	Worker#3 prepared for Round#0
2026.08.11-09:17:35.940[32m info [39m [caliper] [caliper-worker] 	Info: worker 2 prepare test phase for round 0 is completed
2026.08.11-09:17:35.940[32m info [39m [caliper] [worker-message-handler] 	Worker#2 prepared for Round#0
2026.08.11-09:17:35.941[32m info [39m [caliper] [worker-orchestrator] 	5 workers prepared, progressing to test phase.
2026.08.11-09:17:35.941[32m info [39m [caliper] [round-orchestrator] 	Monitors successfully started
2026.08.11-09:17:35.943[32m info [39m [caliper] [worker-message-handler] 	Worker#0 is starting Round#0
2026.08.11-09:17:35.943[32m info [39m [caliper] [worker-message-handler] 	Worker#4 is starting Round#0
2026.08.11-09:17:35.944[32m info [39m [caliper] [connectors/v2/FabricGateway] 	Connecting user with identity User0 to a Network Gateway
2026.08.11-09:17:35.944[32m info [39m [caliper] [connectors/v2/FabricGateway] 	Connecting user with identity User0 to a Network Gateway
2026.08.11-09:17:35.952[32m info [39m [caliper] [worker-message-handler] 	Worker#2 is starting Round#0
2026.08.11-09:17:35.953[32m info [39m [caliper] [connectors/v2/FabricGateway] 	Connecting user with identity User0 to a Network Gateway
2026.08.11-09:17:35.954[32m info [39m [caliper] [worker-message-handler] 	Worker#3 is starting Round#0
2026.08.11-09:17:35.954[32m info [39m [caliper] [connectors/v2/FabricGateway] 	Connecting user with identity User0 to a Network Gateway
2026.08.11-09:17:35.956[32m info [39m [caliper] [worker-message-handler] 	Worker#1 is starting Round#0
2026.08.11-09:17:35.957[32m info [39m [caliper] [connectors/v2/FabricGateway] 	Connecting user with identity User0 to a Network Gateway
2026.08.11-09:17:36.008[32m info [39m [caliper] [connectors/v2/FabricGateway] 	Successfully connected user with identity User0 to a Network Gateway
2026.08.11-09:17:36.008[32m info [39m [caliper] [connectors/v2/FabricGateway] 	Generating contract map for user User0
2026.08.11-09:17:36.013[32m info [39m [caliper] [connectors/v2/FabricGateway] 	Successfully connected user with identity User0 to a Network Gateway
2026.08.11-09:17:36.013[32m info [39m [caliper] [connectors/v2/FabricGateway] 	Generating contract map for user User0
2026.08.11-09:17:36.027[32m info [39m [caliper] [connectors/v2/FabricGateway] 	Successfully connected user with identity User0 to a Network Gateway
2026.08.11-09:17:36.027[32m info [39m [caliper] [connectors/v2/FabricGateway] 	Generating contract map for user User0
2026.08.11-09:17:36.059[32m info [39m [caliper] [connectors/v2/FabricGateway] 	Successfully connected user with identity User0 to a Network Gateway
2026.08.11-09:17:36.059[32m info [39m [caliper] [connectors/v2/FabricGateway] 	Generating contract map for user User0
2026.08.11-09:17:36.065[32m info [39m [caliper] [connectors/v2/FabricGateway] 	Successfully connected user with identity User0 to a Network Gateway
2026.08.11-09:17:36.066[32m info [39m [caliper] [connectors/v2/FabricGateway] 	Generating contract map for user User0
2026.08.11-09:17:36.070[32m info [39m [caliper] [connectors/v2/FabricGateway] 	Connecting user with identity User1 to a Network Gateway
2026.08.11-09:17:36.076[32m info [39m [caliper] [connectors/v2/FabricGateway] 	Connecting user with identity User1 to a Network Gateway
2026.08.11-09:17:36.080[32m info [39m [caliper] [connectors/v2/FabricGateway] 	Connecting user with identity User1 to a Network Gateway
2026.08.11-09:17:36.111[32m info [39m [caliper] [connectors/v2/FabricGateway] 	Connecting user with identity User1 to a Network Gateway
2026.08.11-09:17:36.117[32m info [39m [caliper] [connectors/v2/FabricGateway] 	Connecting user with identity User1 to a Network Gateway
2026.08.11-09:17:36.138[32m info [39m [caliper] [connectors/v2/FabricGateway] 	Successfully connected user with identity User1 to a Network Gateway
2026.08.11-09:17:36.138[32m info [39m [caliper] [connectors/v2/FabricGateway] 	Generating contract map for user User1
2026.08.11-09:17:36.140[32m info [39m [caliper] [connectors/v2/FabricGateway] 	Successfully connected user with identity User1 to a Network Gateway
2026.08.11-09:17:36.140[32m info [39m [caliper] [connectors/v2/FabricGateway] 	Generating contract map for user User1
2026.08.11-09:17:36.146[32m info [39m [caliper] [connectors/v2/FabricGateway] 	Successfully connected user with identity User1 to a Network Gateway
2026.08.11-09:17:36.146[32m info [39m [caliper] [connectors/v2/FabricGateway] 	Generating contract map for user User1
2026.08.11-09:17:36.183[32m info [39m [caliper] [connectors/v2/FabricGateway] 	Successfully connected user with identity User1 to a Network Gateway
2026.08.11-09:17:36.183[32m info [39m [caliper] [connectors/v2/FabricGateway] 	Generating contract map for user User1
2026.08.11-09:17:36.188[32m info [39m [caliper] [connectors/v2/FabricGateway] 	Successfully connected user with identity User1 to a Network Gateway
2026.08.11-09:17:36.188[32m info [39m [caliper] [connectors/v2/FabricGateway] 	Generating contract map for user User1
2026.08.11-09:17:36.192[32m info [39m [caliper] [connectors/v2/FabricGateway] 	Connecting user with identity User2 to a Network Gateway
2026.08.11-09:17:36.194[32m info [39m [caliper] [connectors/v2/FabricGateway] 	Connecting user with identity User2 to a Network Gateway
2026.08.11-09:17:36.197[32m info [39m [caliper] [connectors/v2/FabricGateway] 	Connecting user with identity User2 to a Network Gateway
2026.08.11-09:17:36.235[32m info [39m [caliper] [connectors/v2/FabricGateway] 	Connecting user with identity User2 to a Network Gateway
2026.08.11-09:17:36.239[32m info [39m [caliper] [connectors/v2/FabricGateway] 	Connecting user with identity User2 to a Network Gateway
2026.08.11-09:17:36.260[32m info [39m [caliper] [connectors/v2/FabricGateway] 	Successfully connected user with identity User2 to a Network Gateway
2026.08.11-09:17:36.260[32m info [39m [caliper] [connectors/v2/FabricGateway] 	Generating contract map for user User2
2026.08.11-09:17:36.260[32m info [39m [caliper] [connectors/v2/FabricGateway] 	Successfully connected user with identity User2 to a Network Gateway
2026.08.11-09:17:36.260[32m info [39m [caliper] [connectors/v2/FabricGateway] 	Generating contract map for user User2
2026.08.11-09:17:36.261[32m info [39m [caliper] [connectors/v2/FabricGateway] 	Successfully connected user with identity User2 to a Network Gateway
2026.08.11-09:17:36.261[32m info [39m [caliper] [connectors/v2/FabricGateway] 	Generating contract map for user User2
2026.08.11-09:17:36.303[32m info [39m [caliper] [connectors/v2/FabricGateway] 	Successfully connected user with identity User2 to a Network Gateway
2026.08.11-09:17:36.303[32m info [39m [caliper] [connectors/v2/FabricGateway] 	Generating contract map for user User2
2026.08.11-09:17:36.310[32m info [39m [caliper] [connectors/v2/FabricGateway] 	Connecting user with identity User3 to a Network Gateway
2026.08.11-09:17:36.310[32m info [39m [caliper] [connectors/v2/FabricGateway] 	Successfully connected user with identity User2 to a Network Gateway
2026.08.11-09:17:36.310[32m info [39m [caliper] [connectors/v2/FabricGateway] 	Generating contract map for user User2
2026.08.11-09:17:36.311[32m info [39m [caliper] [connectors/v2/FabricGateway] 	Connecting user with identity User3 to a Network Gateway
2026.08.11-09:17:36.316[32m info [39m [caliper] [connectors/v2/FabricGateway] 	Connecting user with identity User3 to a Network Gateway
2026.08.11-09:17:36.356[32m info [39m [caliper] [connectors/v2/FabricGateway] 	Connecting user with identity User3 to a Network Gateway
2026.08.11-09:17:36.364[32m info [39m [caliper] [connectors/v2/FabricGateway] 	Connecting user with identity User3 to a Network Gateway
2026.08.11-09:17:36.379[32m info [39m [caliper] [connectors/v2/FabricGateway] 	Successfully connected user with identity User3 to a Network Gateway
2026.08.11-09:17:36.379[32m info [39m [caliper] [connectors/v2/FabricGateway] 	Generating contract map for user User3
2026.08.11-09:17:36.386[32m info [39m [caliper] [connectors/v2/FabricGateway] 	Successfully connected user with identity User3 to a Network Gateway
2026.08.11-09:17:36.386[32m info [39m [caliper] [connectors/v2/FabricGateway] 	Generating contract map for user User3
2026.08.11-09:17:36.392[32m info [39m [caliper] [connectors/v2/FabricGateway] 	Successfully connected user with identity User3 to a Network Gateway
2026.08.11-09:17:36.392[32m info [39m [caliper] [connectors/v2/FabricGateway] 	Generating contract map for user User3
2026.08.11-09:17:36.429[32m info [39m [caliper] [connectors/v2/FabricGateway] 	Successfully connected user with identity User3 to a Network Gateway
2026.08.11-09:17:36.429[32m info [39m [caliper] [connectors/v2/FabricGateway] 	Generating contract map for user User3
2026.08.11-09:17:36.430[32m info [39m [caliper] [connectors/v2/FabricGateway] 	Connecting user with identity User4 to a Network Gateway
2026.08.11-09:17:36.435[32m info [39m [caliper] [connectors/v2/FabricGateway] 	Successfully connected user with identity User3 to a Network Gateway
2026.08.11-09:17:36.436[32m info [39m [caliper] [connectors/v2/FabricGateway] 	Generating contract map for user User3
2026.08.11-09:17:36.437[32m info [39m [caliper] [connectors/v2/FabricGateway] 	Connecting user with identity User4 to a Network Gateway
2026.08.11-09:17:36.443[32m info [39m [caliper] [connectors/v2/FabricGateway] 	Connecting user with identity User4 to a Network Gateway
2026.08.11-09:17:36.482[32m info [39m [caliper] [connectors/v2/FabricGateway] 	Connecting user with identity User4 to a Network Gateway
2026.08.11-09:17:36.488[32m info [39m [caliper] [connectors/v2/FabricGateway] 	Connecting user with identity User4 to a Network Gateway
2026.08.11-09:17:36.498[32m info [39m [caliper] [connectors/v2/FabricGateway] 	Successfully connected user with identity User4 to a Network Gateway
2026.08.11-09:17:36.498[32m info [39m [caliper] [connectors/v2/FabricGateway] 	Generating contract map for user User4
2026.08.11-09:17:36.504[32m info [39m [caliper] [connectors/v2/FabricGateway] 	Successfully connected user with identity User4 to a Network Gateway
2026.08.11-09:17:36.504[32m info [39m [caliper] [connectors/v2/FabricGateway] 	Generating contract map for user User4
2026.08.11-09:17:36.508[32m info [39m [caliper] [connectors/v2/FabricGateway] 	Successfully connected user with identity User4 to a Network Gateway
2026.08.11-09:17:36.509[32m info [39m [caliper] [connectors/v2/FabricGateway] 	Generating contract map for user User4
2026.08.11-09:17:36.548[32m info [39m [caliper] [connectors/v2/FabricGateway] 	Successfully connected user with identity User4 to a Network Gateway
2026.08.11-09:17:36.549[32m info [39m [caliper] [connectors/v2/FabricGateway] 	Generating contract map for user User4
2026.08.11-09:17:36.549[32m info [39m [caliper] [connectors/v2/FabricGateway] 	Connecting user with identity User5 to a Network Gateway
2026.08.11-09:17:36.554[32m info [39m [caliper] [connectors/v2/FabricGateway] 	Connecting user with identity User5 to a Network Gateway
2026.08.11-09:17:36.559[32m info [39m [caliper] [connectors/v2/FabricGateway] 	Successfully connected user with identity User4 to a Network Gateway
2026.08.11-09:17:36.559[32m info [39m [caliper] [connectors/v2/FabricGateway] 	Connecting user with identity User5 to a Network Gateway
2026.08.11-09:17:36.559[32m info [39m [caliper] [connectors/v2/FabricGateway] 	Generating contract map for user User4
2026.08.11-09:17:36.599[32m info [39m [caliper] [connectors/v2/FabricGateway] 	Connecting user with identity User5 to a Network Gateway
2026.08.11-09:17:36.612[32m info [39m [caliper] [connectors/v2/FabricGateway] 	Connecting user with identity User5 to a Network Gateway
2026.08.11-09:17:36.626[32m info [39m [caliper] [connectors/v2/FabricGateway] 	Successfully connected user with identity User5 to a Network Gateway
2026.08.11-09:17:36.626[32m info [39m [caliper] [connectors/v2/FabricGateway] 	Generating contract map for user User5
2026.08.11-09:17:36.635[32m info [39m [caliper] [connectors/v2/FabricGateway] 	Successfully connected user with identity User5 to a Network Gateway
2026.08.11-09:17:36.635[32m info [39m [caliper] [connectors/v2/FabricGateway] 	Generating contract map for user User5
2026.08.11-09:17:36.643[32m info [39m [caliper] [connectors/v2/FabricGateway] 	Successfully connected user with identity User5 to a Network Gateway
2026.08.11-09:17:36.643[32m info [39m [caliper] [connectors/v2/FabricGateway] 	Generating contract map for user User5
2026.08.11-09:17:36.689[32m info [39m [caliper] [connectors/v2/FabricGateway] 	Connecting user with identity _AuctioncentersMSP_User0 to a Network Gateway
2026.08.11-09:17:36.691[32m info [39m [caliper] [connectors/v2/FabricGateway] 	Successfully connected user with identity User5 to a Network Gateway
2026.08.11-09:17:36.691[32m info [39m [caliper] [connectors/v2/FabricGateway] 	Generating contract map for user User5
2026.08.11-09:17:36.694[32m info [39m [caliper] [connectors/v2/FabricGateway] 	Connecting user with identity _AuctioncentersMSP_User0 to a Network Gateway
2026.08.11-09:17:36.696[32m info [39m [caliper] [connectors/v2/FabricGateway] 	Successfully connected user with identity User5 to a Network Gateway
2026.08.11-09:17:36.697[32m info [39m [caliper] [connectors/v2/FabricGateway] 	Generating contract map for user User5
2026.08.11-09:17:36.707[32m info [39m [caliper] [connectors/v2/FabricGateway] 	Connecting user with identity _AuctioncentersMSP_User0 to a Network Gateway
2026.08.11-09:17:36.742[32m info [39m [caliper] [connectors/v2/FabricGateway] 	Connecting user with identity _AuctioncentersMSP_User0 to a Network Gateway
2026.08.11-09:17:36.747[32m info [39m [caliper] [connectors/v2/FabricGateway] 	Connecting user with identity _AuctioncentersMSP_User0 to a Network Gateway
2026.08.11-09:17:36.764[32m info [39m [caliper] [connectors/v2/FabricGateway] 	Successfully connected user with identity _AuctioncentersMSP_User0 to a Network Gateway
2026.08.11-09:17:36.764[32m info [39m [caliper] [connectors/v2/FabricGateway] 	Generating contract map for user _AuctioncentersMSP_User0
2026.08.11-09:17:36.769[32m info [39m [caliper] [connectors/v2/FabricGateway] 	Successfully connected user with identity _AuctioncentersMSP_User0 to a Network Gateway
2026.08.11-09:17:36.770[32m info [39m [caliper] [connectors/v2/FabricGateway] 	Generating contract map for user _AuctioncentersMSP_User0
2026.08.11-09:17:36.778[32m info [39m [caliper] [connectors/v2/FabricGateway] 	Successfully connected user with identity _AuctioncentersMSP_User0 to a Network Gateway
2026.08.11-09:17:36.779[32m info [39m [caliper] [connectors/v2/FabricGateway] 	Generating contract map for user _AuctioncentersMSP_User0
2026.08.11-09:17:36.811[32m info [39m [caliper] [connectors/v2/FabricGateway] 	Successfully connected user with identity _AuctioncentersMSP_User0 to a Network Gateway
2026.08.11-09:17:36.811[32m info [39m [caliper] [connectors/v2/FabricGateway] 	Generating contract map for user _AuctioncentersMSP_User0
2026.08.11-09:17:36.815[32m info [39m [caliper] [connectors/v2/FabricGateway] 	Connecting user with identity _AuctioncentersMSP_User1 to a Network Gateway
2026.08.11-09:17:36.821[32m info [39m [caliper] [connectors/v2/FabricGateway] 	Successfully connected user with identity _AuctioncentersMSP_User0 to a Network Gateway
2026.08.11-09:17:36.821[32m info [39m [caliper] [connectors/v2/FabricGateway] 	Generating contract map for user _AuctioncentersMSP_User0
2026.08.11-09:17:36.822[32m info [39m [caliper] [connectors/v2/FabricGateway] 	Connecting user with identity _AuctioncentersMSP_User1 to a Network Gateway
2026.08.11-09:17:36.832[32m info [39m [caliper] [connectors/v2/FabricGateway] 	Connecting user with identity _AuctioncentersMSP_User1 to a Network Gateway
2026.08.11-09:17:36.860[32m info [39m [caliper] [connectors/v2/FabricGateway] 	Connecting user with identity _AuctioncentersMSP_User1 to a Network Gateway
2026.08.11-09:17:36.872[32m info [39m [caliper] [connectors/v2/FabricGateway] 	Connecting user with identity _AuctioncentersMSP_User1 to a Network Gateway
2026.08.11-09:17:36.883[32m info [39m [caliper] [connectors/v2/FabricGateway] 	Successfully connected user with identity _AuctioncentersMSP_User1 to a Network Gateway
2026.08.11-09:17:36.883[32m info [39m [caliper] [connectors/v2/FabricGateway] 	Generating contract map for user _AuctioncentersMSP_User1
2026.08.11-09:17:36.893[32m info [39m [caliper] [connectors/v2/FabricGateway] 	Successfully connected user with identity _AuctioncentersMSP_User1 to a Network Gateway
2026.08.11-09:17:36.893[32m info [39m [caliper] [connectors/v2/FabricGateway] 	Generating contract map for user _AuctioncentersMSP_User1
2026.08.11-09:17:36.899[32m info [39m [caliper] [connectors/v2/FabricGateway] 	Successfully connected user with identity _AuctioncentersMSP_User1 to a Network Gateway
2026.08.11-09:17:36.899[32m info [39m [caliper] [connectors/v2/FabricGateway] 	Generating contract map for user _AuctioncentersMSP_User1
2026.08.11-09:17:36.930[32m info [39m [caliper] [connectors/v2/FabricGateway] 	Successfully connected user with identity _AuctioncentersMSP_User1 to a Network Gateway
2026.08.11-09:17:36.931[32m info [39m [caliper] [connectors/v2/FabricGateway] 	Generating contract map for user _AuctioncentersMSP_User1
2026.08.11-09:17:36.937[32m info [39m [caliper] [connectors/v2/FabricGateway] 	Connecting user with identity _AuctioncentersMSP_User2 to a Network Gateway
2026.08.11-09:17:36.942[32m info [39m [caliper] [connectors/v2/FabricGateway] 	Connecting user with identity _AuctioncentersMSP_User2 to a Network Gateway
2026.08.11-09:17:36.948[32m info [39m [caliper] [connectors/v2/FabricGateway] 	Connecting user with identity _AuctioncentersMSP_User2 to a Network Gateway
2026.08.11-09:17:36.948[32m info [39m [caliper] [connectors/v2/FabricGateway] 	Successfully connected user with identity _AuctioncentersMSP_User1 to a Network Gateway
2026.08.11-09:17:36.948[32m info [39m [caliper] [connectors/v2/FabricGateway] 	Generating contract map for user _AuctioncentersMSP_User1
2026.08.11-09:17:36.982[32m info [39m [caliper] [connectors/v2/FabricGateway] 	Connecting user with identity _AuctioncentersMSP_User2 to a Network Gateway
2026.08.11-09:17:36.998[32m info [39m [caliper] [connectors/v2/FabricGateway] 	Connecting user with identity _AuctioncentersMSP_User2 to a Network Gateway
2026.08.11-09:17:37.003[32m info [39m [caliper] [connectors/v2/FabricGateway] 	Successfully connected user with identity _AuctioncentersMSP_User2 to a Network Gateway
2026.08.11-09:17:37.003[32m info [39m [caliper] [connectors/v2/FabricGateway] 	Generating contract map for user _AuctioncentersMSP_User2
2026.08.11-09:17:37.014[32m info [39m [caliper] [connectors/v2/FabricGateway] 	Successfully connected user with identity _AuctioncentersMSP_User2 to a Network Gateway
2026.08.11-09:17:37.014[32m info [39m [caliper] [connectors/v2/FabricGateway] 	Generating contract map for user _AuctioncentersMSP_User2
2026.08.11-09:17:37.020[32m info [39m [caliper] [connectors/v2/FabricGateway] 	Successfully connected user with identity _AuctioncentersMSP_User2 to a Network Gateway
2026.08.11-09:17:37.020[32m info [39m [caliper] [connectors/v2/FabricGateway] 	Generating contract map for user _AuctioncentersMSP_User2
2026.08.11-09:17:37.052[32m info [39m [caliper] [connectors/v2/FabricGateway] 	Connecting user with identity _AuctioncentersMSP_User3 to a Network Gateway
2026.08.11-09:17:37.054[32m info [39m [caliper] [connectors/v2/FabricGateway] 	Successfully connected user with identity _AuctioncentersMSP_User2 to a Network Gateway
2026.08.11-09:17:37.054[32m info [39m [caliper] [connectors/v2/FabricGateway] 	Generating contract map for user _AuctioncentersMSP_User2
2026.08.11-09:17:37.064[32m info [39m [caliper] [connectors/v2/FabricGateway] 	Connecting user with identity _AuctioncentersMSP_User3 to a Network Gateway
2026.08.11-09:17:37.067[32m info [39m [caliper] [connectors/v2/FabricGateway] 	Connecting user with identity _AuctioncentersMSP_User3 to a Network Gateway
2026.08.11-09:17:37.072[32m info [39m [caliper] [connectors/v2/FabricGateway] 	Successfully connected user with identity _AuctioncentersMSP_User2 to a Network Gateway
2026.08.11-09:17:37.072[32m info [39m [caliper] [connectors/v2/FabricGateway] 	Generating contract map for user _AuctioncentersMSP_User2
2026.08.11-09:17:37.101[32m info [39m [caliper] [connectors/v2/FabricGateway] 	Connecting user with identity _AuctioncentersMSP_User3 to a Network Gateway
2026.08.11-09:17:37.117[32m info [39m [caliper] [connectors/v2/FabricGateway] 	Connecting user with identity _AuctioncentersMSP_User3 to a Network Gateway
2026.08.11-09:17:37.117[32m info [39m [caliper] [connectors/v2/FabricGateway] 	Successfully connected user with identity _AuctioncentersMSP_User3 to a Network Gateway
2026.08.11-09:17:37.118[32m info [39m [caliper] [connectors/v2/FabricGateway] 	Generating contract map for user _AuctioncentersMSP_User3
2026.08.11-09:17:37.134[32m info [39m [caliper] [connectors/v2/FabricGateway] 	Successfully connected user with identity _AuctioncentersMSP_User3 to a Network Gateway
2026.08.11-09:17:37.134[32m info [39m [caliper] [connectors/v2/FabricGateway] 	Generating contract map for user _AuctioncentersMSP_User3
2026.08.11-09:17:37.134[32m info [39m [caliper] [connectors/v2/FabricGateway] 	Successfully connected user with identity _AuctioncentersMSP_User3 to a Network Gateway
2026.08.11-09:17:37.134[32m info [39m [caliper] [connectors/v2/FabricGateway] 	Generating contract map for user _AuctioncentersMSP_User3
2026.08.11-09:17:37.166[32m info [39m [caliper] [connectors/v2/FabricGateway] 	Connecting user with identity _AuctioncentersMSP_User4 to a Network Gateway
2026.08.11-09:17:37.170[32m info [39m [caliper] [connectors/v2/FabricGateway] 	Successfully connected user with identity _AuctioncentersMSP_User3 to a Network Gateway
2026.08.11-09:17:37.170[32m info [39m [caliper] [connectors/v2/FabricGateway] 	Generating contract map for user _AuctioncentersMSP_User3
2026.08.11-09:17:37.183[32m info [39m [caliper] [connectors/v2/FabricGateway] 	Connecting user with identity _AuctioncentersMSP_User4 to a Network Gateway
2026.08.11-09:17:37.183[32m info [39m [caliper] [connectors/v2/FabricGateway] 	Connecting user with identity _AuctioncentersMSP_User4 to a Network Gateway
2026.08.11-09:17:37.190[32m info [39m [caliper] [connectors/v2/FabricGateway] 	Successfully connected user with identity _AuctioncentersMSP_User3 to a Network Gateway
2026.08.11-09:17:37.190[32m info [39m [caliper] [connectors/v2/FabricGateway] 	Generating contract map for user _AuctioncentersMSP_User3
2026.08.11-09:17:37.220[32m info [39m [caliper] [connectors/v2/FabricGateway] 	Connecting user with identity _AuctioncentersMSP_User4 to a Network Gateway
2026.08.11-09:17:37.232[32m info [39m [caliper] [connectors/v2/FabricGateway] 	Successfully connected user with identity _AuctioncentersMSP_User4 to a Network Gateway
2026.08.11-09:17:37.233[32m info [39m [caliper] [connectors/v2/FabricGateway] 	Generating contract map for user _AuctioncentersMSP_User4
2026.08.11-09:17:37.238[32m info [39m [caliper] [connectors/v2/FabricGateway] 	Connecting user with identity _AuctioncentersMSP_User4 to a Network Gateway
2026.08.11-09:17:37.254[32m info [39m [caliper] [connectors/v2/FabricGateway] 	Successfully connected user with identity _AuctioncentersMSP_User4 to a Network Gateway
2026.08.11-09:17:37.254[32m info [39m [caliper] [connectors/v2/FabricGateway] 	Generating contract map for user _AuctioncentersMSP_User4
2026.08.11-09:17:37.255[32m info [39m [caliper] [connectors/v2/FabricGateway] 	Successfully connected user with identity _AuctioncentersMSP_User4 to a Network Gateway
2026.08.11-09:17:37.255[32m info [39m [caliper] [connectors/v2/FabricGateway] 	Generating contract map for user _AuctioncentersMSP_User4
2026.08.11-09:17:37.286[32m info [39m [caliper] [connectors/v2/FabricGateway] 	Successfully connected user with identity _AuctioncentersMSP_User4 to a Network Gateway
2026.08.11-09:17:37.286[32m info [39m [caliper] [connectors/v2/FabricGateway] 	Generating contract map for user _AuctioncentersMSP_User4
2026.08.11-09:17:37.292[32m info [39m [caliper] [connectors/v2/FabricGateway] 	Connecting user with identity _AuctioncentersMSP_User5 to a Network Gateway
2026.08.11-09:17:37.312[32m info [39m [caliper] [connectors/v2/FabricGateway] 	Connecting user with identity _AuctioncentersMSP_User5 to a Network Gateway
2026.08.11-09:17:37.314[32m info [39m [caliper] [connectors/v2/FabricGateway] 	Successfully connected user with identity _AuctioncentersMSP_User4 to a Network Gateway
2026.08.11-09:17:37.314[32m info [39m [caliper] [connectors/v2/FabricGateway] 	Generating contract map for user _AuctioncentersMSP_User4
2026.08.11-09:17:37.315[32m info [39m [caliper] [connectors/v2/FabricGateway] 	Connecting user with identity _AuctioncentersMSP_User5 to a Network Gateway
2026.08.11-09:17:37.343[32m info [39m [caliper] [connectors/v2/FabricGateway] 	Connecting user with identity _AuctioncentersMSP_User5 to a Network Gateway
2026.08.11-09:17:37.367[32m info [39m [caliper] [connectors/v2/FabricGateway] 	Successfully connected user with identity _AuctioncentersMSP_User5 to a Network Gateway
2026.08.11-09:17:37.367[32m info [39m [caliper] [connectors/v2/FabricGateway] 	Connecting user with identity _AuctioncentersMSP_User5 to a Network Gateway
2026.08.11-09:17:37.367[32m info [39m [caliper] [connectors/v2/FabricGateway] 	Generating contract map for user _AuctioncentersMSP_User5
2026.08.11-09:17:37.381[32m info [39m [caliper] [connectors/v2/FabricGateway] 	Successfully connected user with identity _AuctioncentersMSP_User5 to a Network Gateway
2026.08.11-09:17:37.381[32m info [39m [caliper] [connectors/v2/FabricGateway] 	Generating contract map for user _AuctioncentersMSP_User5
2026.08.11-09:17:37.388[32m info [39m [caliper] [connectors/v2/FabricGateway] 	Successfully connected user with identity _AuctioncentersMSP_User5 to a Network Gateway
2026.08.11-09:17:37.389[32m info [39m [caliper] [connectors/v2/FabricGateway] 	Generating contract map for user _AuctioncentersMSP_User5
2026.08.11-09:17:37.411[32m info [39m [caliper] [connectors/v2/FabricGateway] 	Successfully connected user with identity _AuctioncentersMSP_User5 to a Network Gateway
2026.08.11-09:17:37.411[32m info [39m [caliper] [connectors/v2/FabricGateway] 	Generating contract map for user _AuctioncentersMSP_User5
2026.08.11-09:17:37.417[32m info [39m [caliper] [connectors/v2/FabricGateway] 	Connecting user with identity _WholesalersMSP_User0 to a Network Gateway
2026.08.11-09:17:37.433[32m info [39m [caliper] [connectors/v2/FabricGateway] 	Connecting user with identity _WholesalersMSP_User0 to a Network Gateway
2026.08.11-09:17:37.438[32m info [39m [caliper] [connectors/v2/FabricGateway] 	Connecting user with identity _WholesalersMSP_User0 to a Network Gateway
2026.08.11-09:17:37.441[32m info [39m [caliper] [connectors/v2/FabricGateway] 	Successfully connected user with identity _AuctioncentersMSP_User5 to a Network Gateway
2026.08.11-09:17:37.442[32m info [39m [caliper] [connectors/v2/FabricGateway] 	Generating contract map for user _AuctioncentersMSP_User5
2026.08.11-09:17:37.458[32m info [39m [caliper] [connectors/v2/FabricGateway] 	Connecting user with identity _WholesalersMSP_User0 to a Network Gateway
2026.08.11-09:17:37.483[32m info [39m [caliper] [connectors/v2/FabricGateway] 	Successfully connected user with identity _WholesalersMSP_User0 to a Network Gateway
2026.08.11-09:17:37.483[32m info [39m [caliper] [connectors/v2/FabricGateway] 	Generating contract map for user _WholesalersMSP_User0
2026.08.11-09:17:37.489[32m info [39m [caliper] [connectors/v2/FabricGateway] 	Connecting user with identity _WholesalersMSP_User0 to a Network Gateway
2026.08.11-09:17:37.499[32m info [39m [caliper] [connectors/v2/FabricGateway] 	Successfully connected user with identity _WholesalersMSP_User0 to a Network Gateway
2026.08.11-09:17:37.500[32m info [39m [caliper] [connectors/v2/FabricGateway] 	Generating contract map for user _WholesalersMSP_User0
2026.08.11-09:17:37.503[32m info [39m [caliper] [connectors/v2/FabricGateway] 	Successfully connected user with identity _WholesalersMSP_User0 to a Network Gateway
2026.08.11-09:17:37.503[32m info [39m [caliper] [connectors/v2/FabricGateway] 	Generating contract map for user _WholesalersMSP_User0
2026.08.11-09:17:37.529[32m info [39m [caliper] [connectors/v2/FabricGateway] 	Successfully connected user with identity _WholesalersMSP_User0 to a Network Gateway
2026.08.11-09:17:37.529[32m info [39m [caliper] [connectors/v2/FabricGateway] 	Generating contract map for user _WholesalersMSP_User0
2026.08.11-09:17:37.531[32m info [39m [caliper] [connectors/v2/FabricGateway] 	Connecting user with identity _WholesalersMSP_User1 to a Network Gateway
2026.08.11-09:17:37.549[32m info [39m [caliper] [connectors/v2/FabricGateway] 	Connecting user with identity _WholesalersMSP_User1 to a Network Gateway
2026.08.11-09:17:37.550[32m info [39m [caliper] [connectors/v2/FabricGateway] 	Connecting user with identity _WholesalersMSP_User1 to a Network Gateway
2026.08.11-09:17:37.557[32m info [39m [caliper] [connectors/v2/FabricGateway] 	Successfully connected user with identity _WholesalersMSP_User0 to a Network Gateway
2026.08.11-09:17:37.558[32m info [39m [caliper] [connectors/v2/FabricGateway] 	Generating contract map for user _WholesalersMSP_User0
2026.08.11-09:17:37.577[32m info [39m [caliper] [connectors/v2/FabricGateway] 	Connecting user with identity _WholesalersMSP_User1 to a Network Gateway
2026.08.11-09:17:37.596[32m info [39m [caliper] [connectors/v2/FabricGateway] 	Successfully connected user with identity _WholesalersMSP_User1 to a Network Gateway
2026.08.11-09:17:37.596[32m info [39m [caliper] [connectors/v2/FabricGateway] 	Generating contract map for user _WholesalersMSP_User1
2026.08.11-09:17:37.603[32m info [39m [caliper] [connectors/v2/FabricGateway] 	Connecting user with identity _WholesalersMSP_User1 to a Network Gateway
2026.08.11-09:17:37.622[32m info [39m [caliper] [connectors/v2/FabricGateway] 	Successfully connected user with identity _WholesalersMSP_User1 to a Network Gateway
2026.08.11-09:17:37.623[32m info [39m [caliper] [connectors/v2/FabricGateway] 	Generating contract map for user _WholesalersMSP_User1
2026.08.11-09:17:37.625[32m info [39m [caliper] [connectors/v2/FabricGateway] 	Successfully connected user with identity _WholesalersMSP_User1 to a Network Gateway
2026.08.11-09:17:37.626[32m info [39m [caliper] [connectors/v2/FabricGateway] 	Generating contract map for user _WholesalersMSP_User1
2026.08.11-09:17:37.646[32m info [39m [caliper] [connectors/v2/FabricGateway] 	Connecting user with identity _WholesalersMSP_User2 to a Network Gateway
2026.08.11-09:17:37.647[32m info [39m [caliper] [connectors/v2/FabricGateway] 	Successfully connected user with identity _WholesalersMSP_User1 to a Network Gateway
2026.08.11-09:17:37.648[32m info [39m [caliper] [connectors/v2/FabricGateway] 	Generating contract map for user _WholesalersMSP_User1
2026.08.11-09:17:37.679[32m info [39m [caliper] [connectors/v2/FabricGateway] 	Connecting user with identity _WholesalersMSP_User2 to a Network Gateway
2026.08.11-09:17:37.680[32m info [39m [caliper] [connectors/v2/FabricGateway] 	Connecting user with identity _WholesalersMSP_User2 to a Network Gateway
2026.08.11-09:17:37.682[32m info [39m [caliper] [connectors/v2/FabricGateway] 	Successfully connected user with identity _WholesalersMSP_User1 to a Network Gateway
2026.08.11-09:17:37.682[32m info [39m [caliper] [connectors/v2/FabricGateway] 	Generating contract map for user _WholesalersMSP_User1
2026.08.11-09:17:37.705[32m info [39m [caliper] [connectors/v2/FabricGateway] 	Connecting user with identity _WholesalersMSP_User2 to a Network Gateway
2026.08.11-09:17:37.728[32m info [39m [caliper] [connectors/v2/FabricGateway] 	Successfully connected user with identity _WholesalersMSP_User2 to a Network Gateway
2026.08.11-09:17:37.728[32m info [39m [caliper] [connectors/v2/FabricGateway] 	Generating contract map for user _WholesalersMSP_User2
2026.08.11-09:17:37.738[32m info [39m [caliper] [connectors/v2/FabricGateway] 	Connecting user with identity _WholesalersMSP_User2 to a Network Gateway
2026.08.11-09:17:37.758[32m info [39m [caliper] [connectors/v2/FabricGateway] 	Successfully connected user with identity _WholesalersMSP_User2 to a Network Gateway
2026.08.11-09:17:37.758[32m info [39m [caliper] [connectors/v2/FabricGateway] 	Generating contract map for user _WholesalersMSP_User2
2026.08.11-09:17:37.763[32m info [39m [caliper] [connectors/v2/FabricGateway] 	Successfully connected user with identity _WholesalersMSP_User2 to a Network Gateway
2026.08.11-09:17:37.763[32m info [39m [caliper] [connectors/v2/FabricGateway] 	Generating contract map for user _WholesalersMSP_User2
2026.08.11-09:17:37.788[32m info [39m [caliper] [connectors/v2/FabricGateway] 	Successfully connected user with identity _WholesalersMSP_User2 to a Network Gateway
2026.08.11-09:17:37.788[32m info [39m [caliper] [connectors/v2/FabricGateway] 	Generating contract map for user _WholesalersMSP_User2
2026.08.11-09:17:37.793[32m info [39m [caliper] [connectors/v2/FabricGateway] 	Connecting user with identity _WholesalersMSP_User3 to a Network Gateway
2026.08.11-09:17:37.818[32m info [39m [caliper] [connectors/v2/FabricGateway] 	Connecting user with identity _WholesalersMSP_User3 to a Network Gateway
2026.08.11-09:17:37.819[32m info [39m [caliper] [connectors/v2/FabricGateway] 	Successfully connected user with identity _WholesalersMSP_User2 to a Network Gateway
2026.08.11-09:17:37.819[32m info [39m [caliper] [connectors/v2/FabricGateway] 	Generating contract map for user _WholesalersMSP_User2
2026.08.11-09:17:37.826[32m info [39m [caliper] [connectors/v2/FabricGateway] 	Connecting user with identity _WholesalersMSP_User3 to a Network Gateway
2026.08.11-09:17:37.843[32m info [39m [caliper] [connectors/v2/FabricGateway] 	Connecting user with identity _WholesalersMSP_User3 to a Network Gateway
2026.08.11-09:17:37.868[32m info [39m [caliper] [connectors/v2/FabricGateway] 	Successfully connected user with identity _WholesalersMSP_User3 to a Network Gateway
2026.08.11-09:17:37.869[32m info [39m [caliper] [connectors/v2/FabricGateway] 	Generating contract map for user _WholesalersMSP_User3
2026.08.11-09:17:37.873[32m info [39m [caliper] [connectors/v2/FabricGateway] 	Connecting user with identity _WholesalersMSP_User3 to a Network Gateway
2026.08.11-09:17:37.889[32m info [39m [caliper] [connectors/v2/FabricGateway] 	Successfully connected user with identity _WholesalersMSP_User3 to a Network Gateway
2026.08.11-09:17:37.889[32m info [39m [caliper] [connectors/v2/FabricGateway] 	Generating contract map for user _WholesalersMSP_User3
2026.08.11-09:17:37.894[32m info [39m [caliper] [connectors/v2/FabricGateway] 	Successfully connected user with identity _WholesalersMSP_User3 to a Network Gateway
2026.08.11-09:17:37.894[32m info [39m [caliper] [connectors/v2/FabricGateway] 	Generating contract map for user _WholesalersMSP_User3
2026.08.11-09:17:37.917[32m info [39m [caliper] [connectors/v2/FabricGateway] 	Successfully connected user with identity _WholesalersMSP_User3 to a Network Gateway
2026.08.11-09:17:37.917[32m info [39m [caliper] [connectors/v2/FabricGateway] 	Generating contract map for user _WholesalersMSP_User3
2026.08.11-09:17:37.930[32m info [39m [caliper] [connectors/v2/FabricGateway] 	Connecting user with identity _WholesalersMSP_User4 to a Network Gateway
2026.08.11-09:17:37.952[32m info [39m [caliper] [connectors/v2/FabricGateway] 	Connecting user with identity _WholesalersMSP_User4 to a Network Gateway
2026.08.11-09:17:37.953[32m info [39m [caliper] [connectors/v2/FabricGateway] 	Connecting user with identity _WholesalersMSP_User4 to a Network Gateway
2026.08.11-09:17:37.954[32m info [39m [caliper] [connectors/v2/FabricGateway] 	Successfully connected user with identity _WholesalersMSP_User3 to a Network Gateway
2026.08.11-09:17:37.954[32m info [39m [caliper] [connectors/v2/FabricGateway] 	Generating contract map for user _WholesalersMSP_User3
2026.08.11-09:17:37.977[32m info [39m [caliper] [connectors/v2/FabricGateway] 	Connecting user with identity _WholesalersMSP_User4 to a Network Gateway
2026.08.11-09:17:38.006[32m info [39m [caliper] [connectors/v2/FabricGateway] 	Successfully connected user with identity _WholesalersMSP_User4 to a Network Gateway
2026.08.11-09:17:38.006[32m info [39m [caliper] [connectors/v2/FabricGateway] 	Generating contract map for user _WholesalersMSP_User4
2026.08.11-09:17:38.011[32m info [39m [caliper] [connectors/v2/FabricGateway] 	Connecting user with identity _WholesalersMSP_User4 to a Network Gateway
2026.08.11-09:17:38.027[32m info [39m [caliper] [connectors/v2/FabricGateway] 	Successfully connected user with identity _WholesalersMSP_User4 to a Network Gateway
2026.08.11-09:17:38.027[32m info [39m [caliper] [connectors/v2/FabricGateway] 	Generating contract map for user _WholesalersMSP_User4
2026.08.11-09:17:38.035[32m info [39m [caliper] [connectors/v2/FabricGateway] 	Successfully connected user with identity _WholesalersMSP_User4 to a Network Gateway
2026.08.11-09:17:38.035[32m info [39m [caliper] [connectors/v2/FabricGateway] 	Generating contract map for user _WholesalersMSP_User4
2026.08.11-09:17:38.058[32m info [39m [caliper] [connectors/v2/FabricGateway] 	Successfully connected user with identity _WholesalersMSP_User4 to a Network Gateway
2026.08.11-09:17:38.058[32m info [39m [caliper] [connectors/v2/FabricGateway] 	Generating contract map for user _WholesalersMSP_User4
2026.08.11-09:17:38.069[32m info [39m [caliper] [connectors/v2/FabricGateway] 	Connecting user with identity _WholesalersMSP_User5 to a Network Gateway
2026.08.11-09:17:38.094[32m info [39m [caliper] [connectors/v2/FabricGateway] 	Connecting user with identity _WholesalersMSP_User5 to a Network Gateway
2026.08.11-09:17:38.101[32m info [39m [caliper] [connectors/v2/FabricGateway] 	Successfully connected user with identity _WholesalersMSP_User4 to a Network Gateway
2026.08.11-09:17:38.102[32m info [39m [caliper] [connectors/v2/FabricGateway] 	Generating contract map for user _WholesalersMSP_User4
2026.08.11-09:17:38.110[32m info [39m [caliper] [connectors/v2/FabricGateway] 	Connecting user with identity _WholesalersMSP_User5 to a Network Gateway
2026.08.11-09:17:38.141[32m info [39m [caliper] [connectors/v2/FabricGateway] 	Connecting user with identity _WholesalersMSP_User5 to a Network Gateway
2026.08.11-09:17:38.164[32m info [39m [caliper] [connectors/v2/FabricGateway] 	Successfully connected user with identity _WholesalersMSP_User5 to a Network Gateway
2026.08.11-09:17:38.164[32m info [39m [caliper] [connectors/v2/FabricGateway] 	Generating contract map for user _WholesalersMSP_User5
2026.08.11-09:17:38.176[32m info [39m [caliper] [connectors/v2/FabricGateway] 	Connecting user with identity _WholesalersMSP_User5 to a Network Gateway
2026.08.11-09:17:38.183[32m info [39m [caliper] [connectors/v2/FabricGateway] 	Successfully connected user with identity _WholesalersMSP_User5 to a Network Gateway
2026.08.11-09:17:38.183[32m info [39m [caliper] [connectors/v2/FabricGateway] 	Generating contract map for user _WholesalersMSP_User5
2026.08.11-09:17:38.194[32m info [39m [caliper] [connectors/v2/FabricGateway] 	Successfully connected user with identity _WholesalersMSP_User5 to a Network Gateway
2026.08.11-09:17:38.194[32m info [39m [caliper] [connectors/v2/FabricGateway] 	Generating contract map for user _WholesalersMSP_User5
2026.08.11-09:17:38.214[32m info [39m [caliper] [connectors/v2/FabricGateway] 	Connecting user with identity _RetailersMSP_User0 to a Network Gateway
2026.08.11-09:17:38.215[32m info [39m [caliper] [connectors/v2/FabricGateway] 	Successfully connected user with identity _WholesalersMSP_User5 to a Network Gateway
2026.08.11-09:17:38.215[32m info [39m [caliper] [connectors/v2/FabricGateway] 	Generating contract map for user _WholesalersMSP_User5
2026.08.11-09:17:38.243[32m info [39m [caliper] [connectors/v2/FabricGateway] 	Connecting user with identity _RetailersMSP_User0 to a Network Gateway
2026.08.11-09:17:38.251[32m info [39m [caliper] [connectors/v2/FabricGateway] 	Connecting user with identity _RetailersMSP_User0 to a Network Gateway
2026.08.11-09:17:38.256[32m info [39m [caliper] [connectors/v2/FabricGateway] 	Successfully connected user with identity _WholesalersMSP_User5 to a Network Gateway
2026.08.11-09:17:38.256[32m info [39m [caliper] [connectors/v2/FabricGateway] 	Generating contract map for user _WholesalersMSP_User5
2026.08.11-09:17:38.280[32m info [39m [caliper] [connectors/v2/FabricGateway] 	Connecting user with identity _RetailersMSP_User0 to a Network Gateway
2026.08.11-09:17:38.292[32m info [39m [caliper] [connectors/v2/FabricGateway] 	Successfully connected user with identity _RetailersMSP_User0 to a Network Gateway
2026.08.11-09:17:38.293[32m info [39m [caliper] [connectors/v2/FabricGateway] 	Generating contract map for user _RetailersMSP_User0
2026.08.11-09:17:38.306[32m info [39m [caliper] [connectors/v2/FabricGateway] 	Connecting user with identity _RetailersMSP_User0 to a Network Gateway
2026.08.11-09:17:38.319[32m info [39m [caliper] [connectors/v2/FabricGateway] 	Successfully connected user with identity _RetailersMSP_User0 to a Network Gateway
2026.08.11-09:17:38.319[32m info [39m [caliper] [connectors/v2/FabricGateway] 	Generating contract map for user _RetailersMSP_User0
2026.08.11-09:17:38.320[32m info [39m [caliper] [connectors/v2/FabricGateway] 	Successfully connected user with identity _RetailersMSP_User0 to a Network Gateway
2026.08.11-09:17:38.320[32m info [39m [caliper] [connectors/v2/FabricGateway] 	Generating contract map for user _RetailersMSP_User0
2026.08.11-09:17:38.340[32m info [39m [caliper] [connectors/v2/FabricGateway] 	Connecting user with identity _RetailersMSP_User1 to a Network Gateway
2026.08.11-09:17:38.348[32m info [39m [caliper] [connectors/v2/FabricGateway] 	Successfully connected user with identity _RetailersMSP_User0 to a Network Gateway
2026.08.11-09:17:38.348[32m info [39m [caliper] [connectors/v2/FabricGateway] 	Generating contract map for user _RetailersMSP_User0
2026.08.11-09:17:38.369[32m info [39m [caliper] [connectors/v2/FabricGateway] 	Connecting user with identity _RetailersMSP_User1 to a Network Gateway
2026.08.11-09:17:38.370[32m info [39m [caliper] [connectors/v2/FabricGateway] 	Connecting user with identity _RetailersMSP_User1 to a Network Gateway
2026.08.11-09:17:38.374[32m info [39m [caliper] [connectors/v2/FabricGateway] 	Successfully connected user with identity _RetailersMSP_User0 to a Network Gateway
2026.08.11-09:17:38.374[32m info [39m [caliper] [connectors/v2/FabricGateway] 	Generating contract map for user _RetailersMSP_User0
2026.08.11-09:17:38.394[32m info [39m [caliper] [connectors/v2/FabricGateway] 	Connecting user with identity _RetailersMSP_User1 to a Network Gateway
2026.08.11-09:17:38.408[32m info [39m [caliper] [connectors/v2/FabricGateway] 	Successfully connected user with identity _RetailersMSP_User1 to a Network Gateway
2026.08.11-09:17:38.408[32m info [39m [caliper] [connectors/v2/FabricGateway] 	Generating contract map for user _RetailersMSP_User1
2026.08.11-09:17:38.424[32m info [39m [caliper] [connectors/v2/FabricGateway] 	Connecting user with identity _RetailersMSP_User1 to a Network Gateway
2026.08.11-09:17:38.435[32m info [39m [caliper] [connectors/v2/FabricGateway] 	Successfully connected user with identity _RetailersMSP_User1 to a Network Gateway
2026.08.11-09:17:38.436[32m info [39m [caliper] [connectors/v2/FabricGateway] 	Generating contract map for user _RetailersMSP_User1
2026.08.11-09:17:38.439[32m info [39m [caliper] [connectors/v2/FabricGateway] 	Successfully connected user with identity _RetailersMSP_User1 to a Network Gateway
2026.08.11-09:17:38.439[32m info [39m [caliper] [connectors/v2/FabricGateway] 	Generating contract map for user _RetailersMSP_User1
2026.08.11-09:17:38.464[32m info [39m [caliper] [connectors/v2/FabricGateway] 	Successfully connected user with identity _RetailersMSP_User1 to a Network Gateway
2026.08.11-09:17:38.464[32m info [39m [caliper] [connectors/v2/FabricGateway] 	Generating contract map for user _RetailersMSP_User1
2026.08.11-09:17:38.465[32m info [39m [caliper] [connectors/v2/FabricGateway] 	Connecting user with identity _RetailersMSP_User2 to a Network Gateway
2026.08.11-09:17:38.492[32m info [39m [caliper] [connectors/v2/FabricGateway] 	Connecting user with identity _RetailersMSP_User2 to a Network Gateway
2026.08.11-09:17:38.499[32m info [39m [caliper] [connectors/v2/FabricGateway] 	Connecting user with identity _RetailersMSP_User2 to a Network Gateway
2026.08.11-09:17:38.501[32m info [39m [caliper] [connectors/v2/FabricGateway] 	Successfully connected user with identity _RetailersMSP_User1 to a Network Gateway
2026.08.11-09:17:38.502[32m info [39m [caliper] [connectors/v2/FabricGateway] 	Generating contract map for user _RetailersMSP_User1
2026.08.11-09:17:38.522[32m info [39m [caliper] [connectors/v2/FabricGateway] 	Connecting user with identity _RetailersMSP_User2 to a Network Gateway
2026.08.11-09:17:38.540[32m info [39m [caliper] [connectors/v2/FabricGateway] 	Successfully connected user with identity _RetailersMSP_User2 to a Network Gateway
2026.08.11-09:17:38.540[32m info [39m [caliper] [connectors/v2/FabricGateway] 	Generating contract map for user _RetailersMSP_User2
2026.08.11-09:17:38.554[32m info [39m [caliper] [connectors/v2/FabricGateway] 	Connecting user with identity _RetailersMSP_User2 to a Network Gateway
2026.08.11-09:17:38.563[32m info [39m [caliper] [connectors/v2/FabricGateway] 	Successfully connected user with identity _RetailersMSP_User2 to a Network Gateway
2026.08.11-09:17:38.564[32m info [39m [caliper] [connectors/v2/FabricGateway] 	Generating contract map for user _RetailersMSP_User2
2026.08.11-09:17:38.564[32m info [39m [caliper] [connectors/v2/FabricGateway] 	Successfully connected user with identity _RetailersMSP_User2 to a Network Gateway
2026.08.11-09:17:38.565[32m info [39m [caliper] [connectors/v2/FabricGateway] 	Generating contract map for user _RetailersMSP_User2
2026.08.11-09:17:38.590[32m info [39m [caliper] [connectors/v2/FabricGateway] 	Connecting user with identity _RetailersMSP_User3 to a Network Gateway
2026.08.11-09:17:38.594[32m info [39m [caliper] [connectors/v2/FabricGateway] 	Successfully connected user with identity _RetailersMSP_User2 to a Network Gateway
2026.08.11-09:17:38.594[32m info [39m [caliper] [connectors/v2/FabricGateway] 	Generating contract map for user _RetailersMSP_User2
2026.08.11-09:17:38.617[32m info [39m [caliper] [connectors/v2/FabricGateway] 	Connecting user with identity _RetailersMSP_User3 to a Network Gateway
2026.08.11-09:17:38.619[32m info [39m [caliper] [connectors/v2/FabricGateway] 	Connecting user with identity _RetailersMSP_User3 to a Network Gateway
2026.08.11-09:17:38.625[32m info [39m [caliper] [connectors/v2/FabricGateway] 	Successfully connected user with identity _RetailersMSP_User2 to a Network Gateway
2026.08.11-09:17:38.625[32m info [39m [caliper] [connectors/v2/FabricGateway] 	Generating contract map for user _RetailersMSP_User2
2026.08.11-09:17:38.653[32m info [39m [caliper] [connectors/v2/FabricGateway] 	Connecting user with identity _RetailersMSP_User3 to a Network Gateway
2026.08.11-09:17:38.664[32m info [39m [caliper] [connectors/v2/FabricGateway] 	Successfully connected user with identity _RetailersMSP_User3 to a Network Gateway
2026.08.11-09:17:38.664[32m info [39m [caliper] [connectors/v2/FabricGateway] 	Generating contract map for user _RetailersMSP_User3
2026.08.11-09:17:38.684[32m info [39m [caliper] [connectors/v2/FabricGateway] 	Connecting user with identity _RetailersMSP_User3 to a Network Gateway
2026.08.11-09:17:38.699[32m info [39m [caliper] [connectors/v2/FabricGateway] 	Successfully connected user with identity _RetailersMSP_User3 to a Network Gateway
2026.08.11-09:17:38.700[32m info [39m [caliper] [connectors/v2/FabricGateway] 	Generating contract map for user _RetailersMSP_User3
2026.08.11-09:17:38.705[32m info [39m [caliper] [connectors/v2/FabricGateway] 	Successfully connected user with identity _RetailersMSP_User3 to a Network Gateway
2026.08.11-09:17:38.705[32m info [39m [caliper] [connectors/v2/FabricGateway] 	Generating contract map for user _RetailersMSP_User3
2026.08.11-09:17:38.722[32m info [39m [caliper] [connectors/v2/FabricGateway] 	Connecting user with identity _RetailersMSP_User4 to a Network Gateway
2026.08.11-09:17:38.735[32m info [39m [caliper] [connectors/v2/FabricGateway] 	Successfully connected user with identity _RetailersMSP_User3 to a Network Gateway
2026.08.11-09:17:38.735[32m info [39m [caliper] [connectors/v2/FabricGateway] 	Generating contract map for user _RetailersMSP_User3
2026.08.11-09:17:38.755[32m info [39m [caliper] [connectors/v2/FabricGateway] 	Connecting user with identity _RetailersMSP_User4 to a Network Gateway
2026.08.11-09:17:38.759[32m info [39m [caliper] [connectors/v2/FabricGateway] 	Successfully connected user with identity _RetailersMSP_User3 to a Network Gateway
2026.08.11-09:17:38.760[32m info [39m [caliper] [connectors/v2/FabricGateway] 	Generating contract map for user _RetailersMSP_User3
2026.08.11-09:17:38.762[32m info [39m [caliper] [connectors/v2/FabricGateway] 	Connecting user with identity _RetailersMSP_User4 to a Network Gateway
2026.08.11-09:17:38.793[32m info [39m [caliper] [connectors/v2/FabricGateway] 	Connecting user with identity _RetailersMSP_User4 to a Network Gateway
2026.08.11-09:17:38.799[32m info [39m [caliper] [connectors/v2/FabricGateway] 	Successfully connected user with identity _RetailersMSP_User4 to a Network Gateway
2026.08.11-09:17:38.799[32m info [39m [caliper] [connectors/v2/FabricGateway] 	Generating contract map for user _RetailersMSP_User4
2026.08.11-09:17:38.815[32m info [39m [caliper] [connectors/v2/FabricGateway] 	Connecting user with identity _RetailersMSP_User4 to a Network Gateway
2026.08.11-09:17:38.827[32m info [39m [caliper] [connectors/v2/FabricGateway] 	Successfully connected user with identity _RetailersMSP_User4 to a Network Gateway
2026.08.11-09:17:38.827[32m info [39m [caliper] [connectors/v2/FabricGateway] 	Generating contract map for user _RetailersMSP_User4
2026.08.11-09:17:38.837[32m info [39m [caliper] [connectors/v2/FabricGateway] 	Successfully connected user with identity _RetailersMSP_User4 to a Network Gateway
2026.08.11-09:17:38.837[32m info [39m [caliper] [connectors/v2/FabricGateway] 	Generating contract map for user _RetailersMSP_User4
2026.08.11-09:17:38.849[32m info [39m [caliper] [connectors/v2/FabricGateway] 	Connecting user with identity _RetailersMSP_User5 to a Network Gateway
2026.08.11-09:17:38.862[32m info [39m [caliper] [connectors/v2/FabricGateway] 	Successfully connected user with identity _RetailersMSP_User4 to a Network Gateway
2026.08.11-09:17:38.862[32m info [39m [caliper] [connectors/v2/FabricGateway] 	Generating contract map for user _RetailersMSP_User4
2026.08.11-09:17:38.877[32m info [39m [caliper] [connectors/v2/FabricGateway] 	Connecting user with identity _RetailersMSP_User5 to a Network Gateway
2026.08.11-09:17:38.890[32m info [39m [caliper] [connectors/v2/FabricGateway] 	Connecting user with identity _RetailersMSP_User5 to a Network Gateway
2026.08.11-09:17:38.890[32m info [39m [caliper] [connectors/v2/FabricGateway] 	Successfully connected user with identity _RetailersMSP_User4 to a Network Gateway
2026.08.11-09:17:38.890[32m info [39m [caliper] [connectors/v2/FabricGateway] 	Generating contract map for user _RetailersMSP_User4
2026.08.11-09:17:38.916[32m info [39m [caliper] [connectors/v2/FabricGateway] 	Connecting user with identity _RetailersMSP_User5 to a Network Gateway
2026.08.11-09:17:38.923[32m info [39m [caliper] [connectors/v2/FabricGateway] 	Successfully connected user with identity _RetailersMSP_User5 to a Network Gateway
2026.08.11-09:17:38.924[32m info [39m [caliper] [connectors/v2/FabricGateway] 	Generating contract map for user _RetailersMSP_User5
2026.08.11-09:17:38.941[32m info [39m [caliper] [connectors/v2/FabricGateway] 	Connecting user with identity _RetailersMSP_User5 to a Network Gateway
2026.08.11-09:17:38.948[32m info [39m [caliper] [connectors/v2/FabricGateway] 	Successfully connected user with identity _RetailersMSP_User5 to a Network Gateway
2026.08.11-09:17:38.949[32m info [39m [caliper] [connectors/v2/FabricGateway] 	Generating contract map for user _RetailersMSP_User5
2026.08.11-09:17:38.957[32m info [39m [caliper] [connectors/v2/FabricGateway] 	Successfully connected user with identity _RetailersMSP_User5 to a Network Gateway
2026.08.11-09:17:38.957[32m info [39m [caliper] [connectors/v2/FabricGateway] 	Generating contract map for user _RetailersMSP_User5
2026.08.11-09:17:38.977[32m info [39m [caliper] [connectors/v2/FabricGateway] 	Connecting user with identity _ConsumersMSP_User0 to a Network Gateway
2026.08.11-09:17:38.988[32m info [39m [caliper] [connectors/v2/FabricGateway] 	Successfully connected user with identity _RetailersMSP_User5 to a Network Gateway
2026.08.11-09:17:38.989[32m info [39m [caliper] [connectors/v2/FabricGateway] 	Generating contract map for user _RetailersMSP_User5
2026.08.11-09:17:39.013[32m info [39m [caliper] [connectors/v2/FabricGateway] 	Connecting user with identity _ConsumersMSP_User0 to a Network Gateway
2026.08.11-09:17:39.016[32m info [39m [caliper] [connectors/v2/FabricGateway] 	Connecting user with identity _ConsumersMSP_User0 to a Network Gateway
2026.08.11-09:17:39.017[32m info [39m [caliper] [connectors/v2/FabricGateway] 	Successfully connected user with identity _RetailersMSP_User5 to a Network Gateway
2026.08.11-09:17:39.017[32m info [39m [caliper] [connectors/v2/FabricGateway] 	Generating contract map for user _RetailersMSP_User5
2026.08.11-09:17:39.037[32m info [39m [caliper] [connectors/v2/FabricGateway] 	Connecting user with identity _ConsumersMSP_User0 to a Network Gateway
2026.08.11-09:17:39.046[32m info [39m [caliper] [connectors/v2/FabricGateway] 	Successfully connected user with identity _ConsumersMSP_User0 to a Network Gateway
2026.08.11-09:17:39.046[32m info [39m [caliper] [connectors/v2/FabricGateway] 	Generating contract map for user _ConsumersMSP_User0
2026.08.11-09:17:39.065[32m info [39m [caliper] [connectors/v2/FabricGateway] 	Connecting user with identity _ConsumersMSP_User0 to a Network Gateway
2026.08.11-09:17:39.084[32m info [39m [caliper] [connectors/v2/FabricGateway] 	Successfully connected user with identity _ConsumersMSP_User0 to a Network Gateway
2026.08.11-09:17:39.084[32m info [39m [caliper] [connectors/v2/FabricGateway] 	Generating contract map for user _ConsumersMSP_User0
2026.08.11-09:17:39.096[32m info [39m [caliper] [connectors/v2/FabricGateway] 	Connecting user with identity _ConsumersMSP_User1 to a Network Gateway
2026.08.11-09:17:39.098[32m info [39m [caliper] [connectors/v2/FabricGateway] 	Successfully connected user with identity _ConsumersMSP_User0 to a Network Gateway
2026.08.11-09:17:39.099[32m info [39m [caliper] [connectors/v2/FabricGateway] 	Generating contract map for user _ConsumersMSP_User0
2026.08.11-09:17:39.110[32m info [39m [caliper] [connectors/v2/FabricGateway] 	Successfully connected user with identity _ConsumersMSP_User0 to a Network Gateway
2026.08.11-09:17:39.110[32m info [39m [caliper] [connectors/v2/FabricGateway] 	Generating contract map for user _ConsumersMSP_User0
2026.08.11-09:17:39.139[32m info [39m [caliper] [connectors/v2/FabricGateway] 	Successfully connected user with identity _ConsumersMSP_User0 to a Network Gateway
2026.08.11-09:17:39.139[32m info [39m [caliper] [connectors/v2/FabricGateway] 	Generating contract map for user _ConsumersMSP_User0
2026.08.11-09:17:39.146[32m info [39m [caliper] [connectors/v2/FabricGateway] 	Connecting user with identity _ConsumersMSP_User1 to a Network Gateway
2026.08.11-09:17:39.158[32m info [39m [caliper] [connectors/v2/FabricGateway] 	Connecting user with identity _ConsumersMSP_User1 to a Network Gateway
2026.08.11-09:17:39.177[32m info [39m [caliper] [connectors/v2/FabricGateway] 	Successfully connected user with identity _ConsumersMSP_User1 to a Network Gateway
2026.08.11-09:17:39.177[32m info [39m [caliper] [connectors/v2/FabricGateway] 	Generating contract map for user _ConsumersMSP_User1
2026.08.11-09:17:39.182[32m info [39m [caliper] [connectors/v2/FabricGateway] 	Connecting user with identity _ConsumersMSP_User1 to a Network Gateway
2026.08.11-09:17:39.208[32m info [39m [caliper] [connectors/v2/FabricGateway] 	Connecting user with identity _ConsumersMSP_User1 to a Network Gateway
2026.08.11-09:17:39.224[32m info [39m [caliper] [connectors/v2/FabricGateway] 	Successfully connected user with identity _ConsumersMSP_User1 to a Network Gateway
2026.08.11-09:17:39.224[32m info [39m [caliper] [connectors/v2/FabricGateway] 	Generating contract map for user _ConsumersMSP_User1
2026.08.11-09:17:39.246[32m info [39m [caliper] [connectors/v2/FabricGateway] 	Connecting user with identity _ConsumersMSP_User2 to a Network Gateway
2026.08.11-09:17:39.247[32m info [39m [caliper] [connectors/v2/FabricGateway] 	Successfully connected user with identity _ConsumersMSP_User1 to a Network Gateway
2026.08.11-09:17:39.247[32m info [39m [caliper] [connectors/v2/FabricGateway] 	Generating contract map for user _ConsumersMSP_User1
2026.08.11-09:17:39.263[32m info [39m [caliper] [connectors/v2/FabricGateway] 	Successfully connected user with identity _ConsumersMSP_User1 to a Network Gateway
2026.08.11-09:17:39.264[32m info [39m [caliper] [connectors/v2/FabricGateway] 	Generating contract map for user _ConsumersMSP_User1
2026.08.11-09:17:39.278[32m info [39m [caliper] [connectors/v2/FabricGateway] 	Connecting user with identity _ConsumersMSP_User2 to a Network Gateway
2026.08.11-09:17:39.285[32m info [39m [caliper] [connectors/v2/FabricGateway] 	Successfully connected user with identity _ConsumersMSP_User1 to a Network Gateway
2026.08.11-09:17:39.285[32m info [39m [caliper] [connectors/v2/FabricGateway] 	Generating contract map for user _ConsumersMSP_User1
2026.08.11-09:17:39.305[32m info [39m [caliper] [connectors/v2/FabricGateway] 	Connecting user with identity _ConsumersMSP_User2 to a Network Gateway
2026.08.11-09:17:39.321[32m info [39m [caliper] [connectors/v2/FabricGateway] 	Connecting user with identity _ConsumersMSP_User2 to a Network Gateway
2026.08.11-09:17:39.325[32m info [39m [caliper] [connectors/v2/FabricGateway] 	Successfully connected user with identity _ConsumersMSP_User2 to a Network Gateway
2026.08.11-09:17:39.326[32m info [39m [caliper] [connectors/v2/FabricGateway] 	Generating contract map for user _ConsumersMSP_User2
2026.08.11-09:17:39.338[32m info [39m [caliper] [connectors/v2/FabricGateway] 	Connecting user with identity _ConsumersMSP_User2 to a Network Gateway
2026.08.11-09:17:39.357[32m info [39m [caliper] [connectors/v2/FabricGateway] 	Successfully connected user with identity _ConsumersMSP_User2 to a Network Gateway
2026.08.11-09:17:39.357[32m info [39m [caliper] [connectors/v2/FabricGateway] 	Generating contract map for user _ConsumersMSP_User2
2026.08.11-09:17:39.373[32m info [39m [caliper] [connectors/v2/FabricGateway] 	Successfully connected user with identity _ConsumersMSP_User2 to a Network Gateway
2026.08.11-09:17:39.373[32m info [39m [caliper] [connectors/v2/FabricGateway] 	Connecting user with identity _ConsumersMSP_User3 to a Network Gateway
2026.08.11-09:17:39.374[32m info [39m [caliper] [connectors/v2/FabricGateway] 	Generating contract map for user _ConsumersMSP_User2
2026.08.11-09:17:39.389[32m info [39m [caliper] [connectors/v2/FabricGateway] 	Successfully connected user with identity _ConsumersMSP_User2 to a Network Gateway
2026.08.11-09:17:39.389[32m info [39m [caliper] [connectors/v2/FabricGateway] 	Generating contract map for user _ConsumersMSP_User2
2026.08.11-09:17:39.402[32m info [39m [caliper] [connectors/v2/FabricGateway] 	Connecting user with identity _ConsumersMSP_User3 to a Network Gateway
2026.08.11-09:17:39.409[32m info [39m [caliper] [connectors/v2/FabricGateway] 	Successfully connected user with identity _ConsumersMSP_User2 to a Network Gateway
2026.08.11-09:17:39.409[32m info [39m [caliper] [connectors/v2/FabricGateway] 	Generating contract map for user _ConsumersMSP_User2
2026.08.11-09:17:39.425[32m info [39m [caliper] [connectors/v2/FabricGateway] 	Connecting user with identity _ConsumersMSP_User3 to a Network Gateway
2026.08.11-09:17:39.439[32m info [39m [caliper] [connectors/v2/FabricGateway] 	Connecting user with identity _ConsumersMSP_User3 to a Network Gateway
2026.08.11-09:17:39.440[32m info [39m [caliper] [connectors/v2/FabricGateway] 	Successfully connected user with identity _ConsumersMSP_User3 to a Network Gateway
2026.08.11-09:17:39.440[32m info [39m [caliper] [connectors/v2/FabricGateway] 	Generating contract map for user _ConsumersMSP_User3
2026.08.11-09:17:39.456[32m info [39m [caliper] [connectors/v2/FabricGateway] 	Connecting user with identity _ConsumersMSP_User3 to a Network Gateway
2026.08.11-09:17:39.471[32m info [39m [caliper] [connectors/v2/FabricGateway] 	Successfully connected user with identity _ConsumersMSP_User3 to a Network Gateway
2026.08.11-09:17:39.471[32m info [39m [caliper] [connectors/v2/FabricGateway] 	Generating contract map for user _ConsumersMSP_User3
2026.08.11-09:17:39.487[32m info [39m [caliper] [connectors/v2/FabricGateway] 	Connecting user with identity _ConsumersMSP_User4 to a Network Gateway
2026.08.11-09:17:39.492[32m info [39m [caliper] [connectors/v2/FabricGateway] 	Successfully connected user with identity _ConsumersMSP_User3 to a Network Gateway
2026.08.11-09:17:39.492[32m info [39m [caliper] [connectors/v2/FabricGateway] 	Generating contract map for user _ConsumersMSP_User3
2026.08.11-09:17:39.504[32m info [39m [caliper] [connectors/v2/FabricGateway] 	Successfully connected user with identity _ConsumersMSP_User3 to a Network Gateway
2026.08.11-09:17:39.504[32m info [39m [caliper] [connectors/v2/FabricGateway] 	Generating contract map for user _ConsumersMSP_User3
2026.08.11-09:17:39.520[32m info [39m [caliper] [connectors/v2/FabricGateway] 	Connecting user with identity _ConsumersMSP_User4 to a Network Gateway
2026.08.11-09:17:39.523[32m info [39m [caliper] [connectors/v2/FabricGateway] 	Successfully connected user with identity _ConsumersMSP_User3 to a Network Gateway
2026.08.11-09:17:39.524[32m info [39m [caliper] [connectors/v2/FabricGateway] 	Generating contract map for user _ConsumersMSP_User3
2026.08.11-09:17:39.544[32m info [39m [caliper] [connectors/v2/FabricGateway] 	Connecting user with identity _ConsumersMSP_User4 to a Network Gateway
2026.08.11-09:17:39.555[32m info [39m [caliper] [connectors/v2/FabricGateway] 	Successfully connected user with identity _ConsumersMSP_User4 to a Network Gateway
2026.08.11-09:17:39.556[32m info [39m [caliper] [connectors/v2/FabricGateway] 	Generating contract map for user _ConsumersMSP_User4
2026.08.11-09:17:39.556[32m info [39m [caliper] [connectors/v2/FabricGateway] 	Connecting user with identity _ConsumersMSP_User4 to a Network Gateway
2026.08.11-09:17:39.577[32m info [39m [caliper] [connectors/v2/FabricGateway] 	Connecting user with identity _ConsumersMSP_User4 to a Network Gateway
2026.08.11-09:17:39.590[32m info [39m [caliper] [connectors/v2/FabricGateway] 	Successfully connected user with identity _ConsumersMSP_User4 to a Network Gateway
2026.08.11-09:17:39.590[32m info [39m [caliper] [connectors/v2/FabricGateway] 	Generating contract map for user _ConsumersMSP_User4
2026.08.11-09:17:39.605[32m info [39m [caliper] [connectors/v2/FabricGateway] 	Connecting user with identity _ConsumersMSP_User5 to a Network Gateway
2026.08.11-09:17:39.611[32m info [39m [caliper] [connectors/v2/FabricGateway] 	Successfully connected user with identity _ConsumersMSP_User4 to a Network Gateway
2026.08.11-09:17:39.611[32m info [39m [caliper] [connectors/v2/FabricGateway] 	Generating contract map for user _ConsumersMSP_User4
2026.08.11-09:17:39.628[32m info [39m [caliper] [connectors/v2/FabricGateway] 	Successfully connected user with identity _ConsumersMSP_User4 to a Network Gateway
2026.08.11-09:17:39.629[32m info [39m [caliper] [connectors/v2/FabricGateway] 	Generating contract map for user _ConsumersMSP_User4
2026.08.11-09:17:39.652[32m info [39m [caliper] [connectors/v2/FabricGateway] 	Connecting user with identity _ConsumersMSP_User5 to a Network Gateway
2026.08.11-09:17:39.659[32m info [39m [caliper] [connectors/v2/FabricGateway] 	Successfully connected user with identity _ConsumersMSP_User4 to a Network Gateway
2026.08.11-09:17:39.659[32m info [39m [caliper] [connectors/v2/FabricGateway] 	Generating contract map for user _ConsumersMSP_User4
2026.08.11-09:17:39.672[32m info [39m [caliper] [connectors/v2/FabricGateway] 	Connecting user with identity _ConsumersMSP_User5 to a Network Gateway
2026.08.11-09:17:39.684[32m info [39m [caliper] [connectors/v2/FabricGateway] 	Successfully connected user with identity _ConsumersMSP_User5 to a Network Gateway
2026.08.11-09:17:39.684[32m info [39m [caliper] [connectors/v2/FabricGateway] 	Generating contract map for user _ConsumersMSP_User5
2026.08.11-09:17:39.692[32m info [39m [caliper] [connectors/v2/FabricGateway] 	Connecting user with identity _ConsumersMSP_User5 to a Network Gateway
2026.08.11-09:17:39.716[32m info [39m [caliper] [connectors/v2/FabricGateway] 	Connecting user with identity _ConsumersMSP_User5 to a Network Gateway
2026.08.11-09:17:39.731[32m info [39m [caliper] [connectors/v2/FabricGateway] 	Successfully connected user with identity _ConsumersMSP_User5 to a Network Gateway
2026.08.11-09:17:39.731[32m info [39m [caliper] [connectors/v2/FabricGateway] 	Generating contract map for user _ConsumersMSP_User5
2026.08.11-09:17:39.740[32m info [39m [caliper] [caliper-worker] 	Worker #4 starting workload loop
2026.08.11-09:17:39.745[32m info [39m [caliper] [connectors/v2/FabricGateway] 	Successfully connected user with identity _ConsumersMSP_User5 to a Network Gateway
2026.08.11-09:17:39.745[32m info [39m [caliper] [connectors/v2/FabricGateway] 	Generating contract map for user _ConsumersMSP_User5
2026.08.11-09:17:39.770[32m info [39m [caliper] [connectors/v2/FabricGateway] 	Successfully connected user with identity _ConsumersMSP_User5 to a Network Gateway
2026.08.11-09:17:39.771[32m info [39m [caliper] [connectors/v2/FabricGateway] 	Generating contract map for user _ConsumersMSP_User5
2026.08.11-09:17:39.793[32m info [39m [caliper] [caliper-worker] 	Worker #0 starting workload loop
2026.08.11-09:17:39.794[32m info [39m [caliper] [connectors/v2/FabricGateway] 	Successfully connected user with identity _ConsumersMSP_User5 to a Network Gateway
2026.08.11-09:17:39.794[32m info [39m [caliper] [connectors/v2/FabricGateway] 	Generating contract map for user _ConsumersMSP_User5
2026.08.11-09:17:39.825[32m info [39m [caliper] [caliper-worker] 	Worker #1 starting workload loop
2026.08.11-09:17:39.855[32m info [39m [caliper] [caliper-worker] 	Worker #2 starting workload loop
2026.08.11-09:17:39.867[32m info [39m [caliper] [caliper-worker] 	Worker #3 starting workload loop
2026.08.11-09:17:40.948[32m info [39m [caliper] [default-observer] 	[placebidall_round1@300 Round 0 Transaction Info] - Submitted: 300 Succ: 257 Fail:0 Unfinished:43

📊 ===== PlaceBidAll Worker 4 Summary =====
   ✅ Real Transactions   : 60
   ❌ Failed Transactions : 0
   🚫 Lots Marked Used    : 7
   📦 Total Payload       : 2.6113 KB
   📏 Avg Payload         : 44.57 bytes
   📐 Max Payload         : 45 bytes
   🧮 Payload Samples     : 60
2026.08.11-09:17:41.929[32m info [39m [caliper] [connectors/v2/FabricGateway] 	disconnecting gateway for user User0
2026.08.11-09:17:41.930[32m info [39m [caliper] [connectors/v2/FabricGateway] 	disconnecting gateway for user User1
2026.08.11-09:17:41.930[32m info [39m [caliper] [connectors/v2/FabricGateway] 	disconnecting gateway for user User2
2026.08.11-09:17:41.930[32m info [39m [caliper] [connectors/v2/FabricGateway] 	disconnecting gateway for user User3
2026.08.11-09:17:41.930[32m info [39m [caliper] [connectors/v2/FabricGateway] 	disconnecting gateway for user User4
2026.08.11-09:17:41.931[32m info [39m [caliper] [connectors/v2/FabricGateway] 	disconnecting gateway for user User5
2026.08.11-09:17:41.931[32m info [39m [caliper] [connectors/v2/FabricGateway] 	disconnecting gateway for user _AuctioncentersMSP_User0
2026.08.11-09:17:41.931[32m info [39m [caliper] [connectors/v2/FabricGateway] 	disconnecting gateway for user _AuctioncentersMSP_User1
2026.08.11-09:17:41.931[32m info [39m [caliper] [connectors/v2/FabricGateway] 	disconnecting gateway for user _AuctioncentersMSP_User2
2026.08.11-09:17:41.931[32m info [39m [caliper] [connectors/v2/FabricGateway] 	disconnecting gateway for user _AuctioncentersMSP_User3
2026.08.11-09:17:41.932[32m info [39m [caliper] [connectors/v2/FabricGateway] 	disconnecting gateway for user _AuctioncentersMSP_User4
2026.08.11-09:17:41.932[32m info [39m [caliper] [connectors/v2/FabricGateway] 	disconnecting gateway for user _AuctioncentersMSP_User5
2026.08.11-09:17:41.932[32m info [39m [caliper] [connectors/v2/FabricGateway] 	disconnecting gateway for user _WholesalersMSP_User0
2026.08.11-09:17:41.932[32m info [39m [caliper] [connectors/v2/FabricGateway] 	disconnecting gateway for user _WholesalersMSP_User1
2026.08.11-09:17:41.933[32m info [39m [caliper] [connectors/v2/FabricGateway] 	disconnecting gateway for user _WholesalersMSP_User2
2026.08.11-09:17:41.933[32m info [39m [caliper] [connectors/v2/FabricGateway] 	disconnecting gateway for user _WholesalersMSP_User3
2026.08.11-09:17:41.933[32m info [39m [caliper] [connectors/v2/FabricGateway] 	disconnecting gateway for user _WholesalersMSP_User4
2026.08.11-09:17:41.933[32m info [39m [caliper] [connectors/v2/FabricGateway] 	disconnecting gateway for user _WholesalersMSP_User5
2026.08.11-09:17:41.935[32m info [39m [caliper] [connectors/v2/FabricGateway] 	disconnecting gateway for user _RetailersMSP_User0
2026.08.11-09:17:41.935[32m info [39m [caliper] [connectors/v2/FabricGateway] 	disconnecting gateway for user _RetailersMSP_User1
2026.08.11-09:17:41.935[32m info [39m [caliper] [connectors/v2/FabricGateway] 	disconnecting gateway for user _RetailersMSP_User2
2026.08.11-09:17:41.935[32m info [39m [caliper] [connectors/v2/FabricGateway] 	disconnecting gateway for user _RetailersMSP_User3
2026.08.11-09:17:41.936[32m info [39m [caliper] [connectors/v2/FabricGateway] 	disconnecting gateway for user _RetailersMSP_User4
2026.08.11-09:17:41.936[32m info [39m [caliper] [connectors/v2/FabricGateway] 	disconnecting gateway for user _RetailersMSP_User5
2026.08.11-09:17:41.937[32m info [39m [caliper] [connectors/v2/FabricGateway] 	disconnecting gateway for user _ConsumersMSP_User0
2026.08.11-09:17:41.937[32m info [39m [caliper] [connectors/v2/FabricGateway] 	disconnecting gateway for user _ConsumersMSP_User1
2026.08.11-09:17:41.938[32m info [39m [caliper] [connectors/v2/FabricGateway] 	disconnecting gateway for user _ConsumersMSP_User2
2026.08.11-09:17:41.938[32m info [39m [caliper] [connectors/v2/FabricGateway] 	disconnecting gateway for user _ConsumersMSP_User3
2026.08.11-09:17:41.938[32m info [39m [caliper] [connectors/v2/FabricGateway] 	disconnecting gateway for user _ConsumersMSP_User4
2026.08.11-09:17:41.938[32m info [39m [caliper] [connectors/v2/FabricGateway] 	disconnecting gateway for user _ConsumersMSP_User5
2026.08.11-09:17:41.939[32m info [39m [caliper] [worker-message-handler] 	Worker#4 finished Round#0

📊 ===== PlaceBidAll Worker 3 Summary =====
   ✅ Real Transactions   : 60
   ❌ Failed Transactions : 0
   🚫 Lots Marked Used    : 7
   📦 Total Payload       : 2.6162 KB
   📏 Avg Payload         : 44.65 bytes
   📐 Max Payload         : 45 bytes
   🧮 Payload Samples     : 60
2026.08.11-09:17:41.954[32m info [39m [caliper] [connectors/v2/FabricGateway] 	disconnecting gateway for user User0
2026.08.11-09:17:41.954[32m info [39m [caliper] [connectors/v2/FabricGateway] 	disconnecting gateway for user User1
2026.08.11-09:17:41.955[32m info [39m [caliper] [connectors/v2/FabricGateway] 	disconnecting gateway for user User2
2026.08.11-09:17:41.955[32m info [39m [caliper] [connectors/v2/FabricGateway] 	disconnecting gateway for user User3
2026.08.11-09:17:41.956[32m info [39m [caliper] [connectors/v2/FabricGateway] 	disconnecting gateway for user User4
2026.08.11-09:17:41.956[32m info [39m [caliper] [connectors/v2/FabricGateway] 	disconnecting gateway for user User5
2026.08.11-09:17:41.957[32m info [39m [caliper] [connectors/v2/FabricGateway] 	disconnecting gateway for user _AuctioncentersMSP_User0
2026.08.11-09:17:41.958[32m info [39m [caliper] [connectors/v2/FabricGateway] 	disconnecting gateway for user _AuctioncentersMSP_User1
2026.08.11-09:17:41.958[32m info [39m [caliper] [connectors/v2/FabricGateway] 	disconnecting gateway for user _AuctioncentersMSP_User2
2026.08.11-09:17:41.958[32m info [39m [caliper] [connectors/v2/FabricGateway] 	disconnecting gateway for user _AuctioncentersMSP_User3
2026.08.11-09:17:41.959[32m info [39m [caliper] [connectors/v2/FabricGateway] 	disconnecting gateway for user _AuctioncentersMSP_User4
2026.08.11-09:17:41.960[32m info [39m [caliper] [connectors/v2/FabricGateway] 	disconnecting gateway for user _AuctioncentersMSP_User5
2026.08.11-09:17:41.961[32m info [39m [caliper] [connectors/v2/FabricGateway] 	disconnecting gateway for user _WholesalersMSP_User0
2026.08.11-09:17:41.961[32m info [39m [caliper] [connectors/v2/FabricGateway] 	disconnecting gateway for user _WholesalersMSP_User1
2026.08.11-09:17:41.962[32m info [39m [caliper] [connectors/v2/FabricGateway] 	disconnecting gateway for user _WholesalersMSP_User2
2026.08.11-09:17:41.962[32m info [39m [caliper] [connectors/v2/FabricGateway] 	disconnecting gateway for user _WholesalersMSP_User3
2026.08.11-09:17:41.962[32m info [39m [caliper] [connectors/v2/FabricGateway] 	disconnecting gateway for user _WholesalersMSP_User4
2026.08.11-09:17:41.964[32m info [39m [caliper] [connectors/v2/FabricGateway] 	disconnecting gateway for user _WholesalersMSP_User5
2026.08.11-09:17:41.965[32m info [39m [caliper] [connectors/v2/FabricGateway] 	disconnecting gateway for user _RetailersMSP_User0
2026.08.11-09:17:41.965[32m info [39m [caliper] [connectors/v2/FabricGateway] 	disconnecting gateway for user _RetailersMSP_User1
2026.08.11-09:17:41.966[32m info [39m [caliper] [connectors/v2/FabricGateway] 	disconnecting gateway for user _RetailersMSP_User2
2026.08.11-09:17:41.966[32m info [39m [caliper] [connectors/v2/FabricGateway] 	disconnecting gateway for user _RetailersMSP_User3
2026.08.11-09:17:41.966[32m info [39m [caliper] [connectors/v2/FabricGateway] 	disconnecting gateway for user _RetailersMSP_User4
2026.08.11-09:17:41.966[32m info [39m [caliper] [connectors/v2/FabricGateway] 	disconnecting gateway for user _RetailersMSP_User5
2026.08.11-09:17:41.967[32m info [39m [caliper] [connectors/v2/FabricGateway] 	disconnecting gateway for user _ConsumersMSP_User0
2026.08.11-09:17:41.967[32m info [39m [caliper] [connectors/v2/FabricGateway] 	disconnecting gateway for user _ConsumersMSP_User1
2026.08.11-09:17:41.967[32m info [39m [caliper] [connectors/v2/FabricGateway] 	disconnecting gateway for user _ConsumersMSP_User2
2026.08.11-09:17:41.967[32m info [39m [caliper] [connectors/v2/FabricGateway] 	disconnecting gateway for user _ConsumersMSP_User3
2026.08.11-09:17:41.968[32m info [39m [caliper] [connectors/v2/FabricGateway] 	disconnecting gateway for user _ConsumersMSP_User4
2026.08.11-09:17:41.968[32m info [39m [caliper] [connectors/v2/FabricGateway] 	disconnecting gateway for user _ConsumersMSP_User5
2026.08.11-09:17:41.968[32m info [39m [caliper] [worker-message-handler] 	Worker#3 finished Round#0

📊 ===== PlaceBidAll Worker 0 Summary =====
   ✅ Real Transactions   : 60
   ❌ Failed Transactions : 0
   🚫 Lots Marked Used    : 7
   📦 Total Payload       : 2.6055 KB
   📏 Avg Payload         : 44.47 bytes
   📐 Max Payload         : 45 bytes
   🧮 Payload Samples     : 60
2026.08.11-09:17:41.981[32m info [39m [caliper] [connectors/v2/FabricGateway] 	disconnecting gateway for user User0
2026.08.11-09:17:41.983[32m info [39m [caliper] [connectors/v2/FabricGateway] 	disconnecting gateway for user User1
2026.08.11-09:17:41.984[32m info [39m [caliper] [connectors/v2/FabricGateway] 	disconnecting gateway for user User2
2026.08.11-09:17:41.986[32m info [39m [caliper] [connectors/v2/FabricGateway] 	disconnecting gateway for user User3
2026.08.11-09:17:41.987[32m info [39m [caliper] [connectors/v2/FabricGateway] 	disconnecting gateway for user User4
2026.08.11-09:17:41.988[32m info [39m [caliper] [connectors/v2/FabricGateway] 	disconnecting gateway for user User5
2026.08.11-09:17:41.988[32m info [39m [caliper] [connectors/v2/FabricGateway] 	disconnecting gateway for user _AuctioncentersMSP_User0
2026.08.11-09:17:41.989[32m info [39m [caliper] [connectors/v2/FabricGateway] 	disconnecting gateway for user _AuctioncentersMSP_User1
2026.08.11-09:17:41.989[32m info [39m [caliper] [connectors/v2/FabricGateway] 	disconnecting gateway for user _AuctioncentersMSP_User2
2026.08.11-09:17:41.990[32m info [39m [caliper] [connectors/v2/FabricGateway] 	disconnecting gateway for user _AuctioncentersMSP_User3
2026.08.11-09:17:41.990[32m info [39m [caliper] [connectors/v2/FabricGateway] 	disconnecting gateway for user _AuctioncentersMSP_User4
2026.08.11-09:17:41.990[32m info [39m [caliper] [connectors/v2/FabricGateway] 	disconnecting gateway for user _AuctioncentersMSP_User5
2026.08.11-09:17:41.991[32m info [39m [caliper] [connectors/v2/FabricGateway] 	disconnecting gateway for user _WholesalersMSP_User0
2026.08.11-09:17:41.991[32m info [39m [caliper] [connectors/v2/FabricGateway] 	disconnecting gateway for user _WholesalersMSP_User1
2026.08.11-09:17:41.992[32m info [39m [caliper] [connectors/v2/FabricGateway] 	disconnecting gateway for user _WholesalersMSP_User2
2026.08.11-09:17:41.992[32m info [39m [caliper] [connectors/v2/FabricGateway] 	disconnecting gateway for user _WholesalersMSP_User3
2026.08.11-09:17:41.993[32m info [39m [caliper] [connectors/v2/FabricGateway] 	disconnecting gateway for user _WholesalersMSP_User4
2026.08.11-09:17:41.993[32m info [39m [caliper] [connectors/v2/FabricGateway] 	disconnecting gateway for user _WholesalersMSP_User5
2026.08.11-09:17:41.993[32m info [39m [caliper] [connectors/v2/FabricGateway] 	disconnecting gateway for user _RetailersMSP_User0
2026.08.11-09:17:41.994[32m info [39m [caliper] [connectors/v2/FabricGateway] 	disconnecting gateway for user _RetailersMSP_User1
2026.08.11-09:17:41.994[32m info [39m [caliper] [connectors/v2/FabricGateway] 	disconnecting gateway for user _RetailersMSP_User2
2026.08.11-09:17:41.994[32m info [39m [caliper] [connectors/v2/FabricGateway] 	disconnecting gateway for user _RetailersMSP_User3
2026.08.11-09:17:41.995[32m info [39m [caliper] [connectors/v2/FabricGateway] 	disconnecting gateway for user _RetailersMSP_User4
2026.08.11-09:17:41.995[32m info [39m [caliper] [connectors/v2/FabricGateway] 	disconnecting gateway for user _RetailersMSP_User5
2026.08.11-09:17:41.995[32m info [39m [caliper] [connectors/v2/FabricGateway] 	disconnecting gateway for user _ConsumersMSP_User0
2026.08.11-09:17:41.996[32m info [39m [caliper] [connectors/v2/FabricGateway] 	disconnecting gateway for user _ConsumersMSP_User1
2026.08.11-09:17:41.996[32m info [39m [caliper] [connectors/v2/FabricGateway] 	disconnecting gateway for user _ConsumersMSP_User2
2026.08.11-09:17:41.996[32m info [39m [caliper] [connectors/v2/FabricGateway] 	disconnecting gateway for user _ConsumersMSP_User3
2026.08.11-09:17:41.996[32m info [39m [caliper] [connectors/v2/FabricGateway] 	disconnecting gateway for user _ConsumersMSP_User4
2026.08.11-09:17:41.996[32m info [39m [caliper] [connectors/v2/FabricGateway] 	disconnecting gateway for user _ConsumersMSP_User5
2026.08.11-09:17:41.996[32m info [39m [caliper] [worker-message-handler] 	Worker#0 finished Round#0

📊 ===== PlaceBidAll Worker 1 Summary =====
   ✅ Real Transactions   : 60
   ❌ Failed Transactions : 0
   🚫 Lots Marked Used    : 7
   📦 Total Payload       : 2.6123 KB
   📏 Avg Payload         : 44.58 bytes
   📐 Max Payload         : 45 bytes
   🧮 Payload Samples     : 60
2026.08.11-09:17:42.013[32m info [39m [caliper] [connectors/v2/FabricGateway] 	disconnecting gateway for user User0
2026.08.11-09:17:42.016[32m info [39m [caliper] [connectors/v2/FabricGateway] 	disconnecting gateway for user User1
2026.08.11-09:17:42.017[32m info [39m [caliper] [connectors/v2/FabricGateway] 	disconnecting gateway for user User2
2026.08.11-09:17:42.018[32m info [39m [caliper] [connectors/v2/FabricGateway] 	disconnecting gateway for user User3
2026.08.11-09:17:42.019[32m info [39m [caliper] [connectors/v2/FabricGateway] 	disconnecting gateway for user User4
2026.08.11-09:17:42.019[32m info [39m [caliper] [connectors/v2/FabricGateway] 	disconnecting gateway for user User5
2026.08.11-09:17:42.020[32m info [39m [caliper] [connectors/v2/FabricGateway] 	disconnecting gateway for user _AuctioncentersMSP_User0
2026.08.11-09:17:42.020[32m info [39m [caliper] [connectors/v2/FabricGateway] 	disconnecting gateway for user _AuctioncentersMSP_User1
2026.08.11-09:17:42.020[32m info [39m [caliper] [connectors/v2/FabricGateway] 	disconnecting gateway for user _AuctioncentersMSP_User2
2026.08.11-09:17:42.021[32m info [39m [caliper] [connectors/v2/FabricGateway] 	disconnecting gateway for user _AuctioncentersMSP_User3
2026.08.11-09:17:42.021[32m info [39m [caliper] [connectors/v2/FabricGateway] 	disconnecting gateway for user _AuctioncentersMSP_User4
2026.08.11-09:17:42.021[32m info [39m [caliper] [connectors/v2/FabricGateway] 	disconnecting gateway for user _AuctioncentersMSP_User5
2026.08.11-09:17:42.022[32m info [39m [caliper] [connectors/v2/FabricGateway] 	disconnecting gateway for user _WholesalersMSP_User0
2026.08.11-09:17:42.022[32m info [39m [caliper] [connectors/v2/FabricGateway] 	disconnecting gateway for user _WholesalersMSP_User1
2026.08.11-09:17:42.022[32m info [39m [caliper] [connectors/v2/FabricGateway] 	disconnecting gateway for user _WholesalersMSP_User2
2026.08.11-09:17:42.023[32m info [39m [caliper] [connectors/v2/FabricGateway] 	disconnecting gateway for user _WholesalersMSP_User3
2026.08.11-09:17:42.024[32m info [39m [caliper] [connectors/v2/FabricGateway] 	disconnecting gateway for user _WholesalersMSP_User4
2026.08.11-09:17:42.024[32m info [39m [caliper] [connectors/v2/FabricGateway] 	disconnecting gateway for user _WholesalersMSP_User5
2026.08.11-09:17:42.024[32m info [39m [caliper] [connectors/v2/FabricGateway] 	disconnecting gateway for user _RetailersMSP_User0
2026.08.11-09:17:42.024[32m info [39m [caliper] [connectors/v2/FabricGateway] 	disconnecting gateway for user _RetailersMSP_User1
2026.08.11-09:17:42.024[32m info [39m [caliper] [connectors/v2/FabricGateway] 	disconnecting gateway for user _RetailersMSP_User2
2026.08.11-09:17:42.025[32m info [39m [caliper] [connectors/v2/FabricGateway] 	disconnecting gateway for user _RetailersMSP_User3
2026.08.11-09:17:42.025[32m info [39m [caliper] [connectors/v2/FabricGateway] 	disconnecting gateway for user _RetailersMSP_User4
2026.08.11-09:17:42.025[32m info [39m [caliper] [connectors/v2/FabricGateway] 	disconnecting gateway for user _RetailersMSP_User5
2026.08.11-09:17:42.025[32m info [39m [caliper] [connectors/v2/FabricGateway] 	disconnecting gateway for user _ConsumersMSP_User0
2026.08.11-09:17:42.026[32m info [39m [caliper] [connectors/v2/FabricGateway] 	disconnecting gateway for user _ConsumersMSP_User1
2026.08.11-09:17:42.026[32m info [39m [caliper] [connectors/v2/FabricGateway] 	disconnecting gateway for user _ConsumersMSP_User2
2026.08.11-09:17:42.026[32m info [39m [caliper] [connectors/v2/FabricGateway] 	disconnecting gateway for user _ConsumersMSP_User3
2026.08.11-09:17:42.026[32m info [39m [caliper] [connectors/v2/FabricGateway] 	disconnecting gateway for user _ConsumersMSP_User4
2026.08.11-09:17:42.026[32m info [39m [caliper] [connectors/v2/FabricGateway] 	disconnecting gateway for user _ConsumersMSP_User5
2026.08.11-09:17:42.027[32m info [39m [caliper] [worker-message-handler] 	Worker#1 finished Round#0

📊 ===== PlaceBidAll Worker 2 Summary =====
   ✅ Real Transactions   : 60
   ❌ Failed Transactions : 0
   🚫 Lots Marked Used    : 8
   📦 Total Payload       : 2.6143 KB
   📏 Avg Payload         : 44.62 bytes
   📐 Max Payload         : 45 bytes
   🧮 Payload Samples     : 60
2026.08.11-09:17:42.042[32m info [39m [caliper] [connectors/v2/FabricGateway] 	disconnecting gateway for user User0
2026.08.11-09:17:42.044[32m info [39m [caliper] [connectors/v2/FabricGateway] 	disconnecting gateway for user User1
2026.08.11-09:17:42.044[32m info [39m [caliper] [connectors/v2/FabricGateway] 	disconnecting gateway for user User2
2026.08.11-09:17:42.045[32m info [39m [caliper] [connectors/v2/FabricGateway] 	disconnecting gateway for user User3
2026.08.11-09:17:42.045[32m info [39m [caliper] [connectors/v2/FabricGateway] 	disconnecting gateway for user User4
2026.08.11-09:17:42.045[32m info [39m [caliper] [connectors/v2/FabricGateway] 	disconnecting gateway for user User5
2026.08.11-09:17:42.046[32m info [39m [caliper] [connectors/v2/FabricGateway] 	disconnecting gateway for user _AuctioncentersMSP_User0
2026.08.11-09:17:42.047[32m info [39m [caliper] [connectors/v2/FabricGateway] 	disconnecting gateway for user _AuctioncentersMSP_User1
2026.08.11-09:17:42.047[32m info [39m [caliper] [connectors/v2/FabricGateway] 	disconnecting gateway for user _AuctioncentersMSP_User2
2026.08.11-09:17:42.048[32m info [39m [caliper] [connectors/v2/FabricGateway] 	disconnecting gateway for user _AuctioncentersMSP_User3
2026.08.11-09:17:42.048[32m info [39m [caliper] [connectors/v2/FabricGateway] 	disconnecting gateway for user _AuctioncentersMSP_User4
2026.08.11-09:17:42.049[32m info [39m [caliper] [connectors/v2/FabricGateway] 	disconnecting gateway for user _AuctioncentersMSP_User5
2026.08.11-09:17:42.049[32m info [39m [caliper] [connectors/v2/FabricGateway] 	disconnecting gateway for user _WholesalersMSP_User0
2026.08.11-09:17:42.049[32m info [39m [caliper] [connectors/v2/FabricGateway] 	disconnecting gateway for user _WholesalersMSP_User1
2026.08.11-09:17:42.050[32m info [39m [caliper] [connectors/v2/FabricGateway] 	disconnecting gateway for user _WholesalersMSP_User2
2026.08.11-09:17:42.050[32m info [39m [caliper] [connectors/v2/FabricGateway] 	disconnecting gateway for user _WholesalersMSP_User3
2026.08.11-09:17:42.052[32m info [39m [caliper] [connectors/v2/FabricGateway] 	disconnecting gateway for user _WholesalersMSP_User4
2026.08.11-09:17:42.053[32m info [39m [caliper] [connectors/v2/FabricGateway] 	disconnecting gateway for user _WholesalersMSP_User5
2026.08.11-09:17:42.053[32m info [39m [caliper] [connectors/v2/FabricGateway] 	disconnecting gateway for user _RetailersMSP_User0
2026.08.11-09:17:42.053[32m info [39m [caliper] [connectors/v2/FabricGateway] 	disconnecting gateway for user _RetailersMSP_User1
2026.08.11-09:17:42.054[32m info [39m [caliper] [connectors/v2/FabricGateway] 	disconnecting gateway for user _RetailersMSP_User2
2026.08.11-09:17:42.054[32m info [39m [caliper] [connectors/v2/FabricGateway] 	disconnecting gateway for user _RetailersMSP_User3
2026.08.11-09:17:42.054[32m info [39m [caliper] [connectors/v2/FabricGateway] 	disconnecting gateway for user _RetailersMSP_User4
2026.08.11-09:17:42.055[32m info [39m [caliper] [connectors/v2/FabricGateway] 	disconnecting gateway for user _RetailersMSP_User5
2026.08.11-09:17:42.055[32m info [39m [caliper] [connectors/v2/FabricGateway] 	disconnecting gateway for user _ConsumersMSP_User0
2026.08.11-09:17:42.055[32m info [39m [caliper] [connectors/v2/FabricGateway] 	disconnecting gateway for user _ConsumersMSP_User1
2026.08.11-09:17:42.056[32m info [39m [caliper] [connectors/v2/FabricGateway] 	disconnecting gateway for user _ConsumersMSP_User2
2026.08.11-09:17:42.056[32m info [39m [caliper] [connectors/v2/FabricGateway] 	disconnecting gateway for user _ConsumersMSP_User3
2026.08.11-09:17:42.056[32m info [39m [caliper] [connectors/v2/FabricGateway] 	disconnecting gateway for user _ConsumersMSP_User4
2026.08.11-09:17:42.056[32m info [39m [caliper] [connectors/v2/FabricGateway] 	disconnecting gateway for user _ConsumersMSP_User5
2026.08.11-09:17:42.056[32m info [39m [caliper] [worker-message-handler] 	Worker#2 finished Round#0
2026.08.11-09:17:47.059[32m info [39m [caliper] [default-observer] 	Resetting txCount indicator count
2026.08.11-09:17:47.060[32m info [39m [caliper] [report-builder] 	### Test result ###
2026.08.11-09:17:47.064[32m info [39m [caliper] [report-builder] 	
+------------------------+------+------+-----------------+-----------------+-----------------+-----------------+------------------+
| Name                   | Succ | Fail | Send Rate (TPS) | Max Latency (s) | Min Latency (s) | Avg Latency (s) | Throughput (TPS) |
|------------------------|------|------|-----------------|-----------------|-----------------|-----------------|------------------|
| placebidall_round1@300 | 300  | 0    | 271.2           | 0.21            | 0.09            | 0.14            | 249.0            |
+------------------------+------+------+-----------------+-----------------+-----------------+-----------------+------------------+

2026.08.11-09:17:47.064[32m info [39m [caliper] [round-orchestrator] 	Finished round 1 (placebidall_round1@300) in 1.299 seconds
2026.08.11-09:17:47.064[32m info [39m [caliper] [monitor.js] 	Stopping all monitors
2026.08.11-09:17:47.064[32m info [39m [caliper] [report-builder] 	### All test results ###
2026.08.11-09:17:47.065[32m info [39m [caliper] [report-builder] 	
+------------------------+------+------+-----------------+-----------------+-----------------+-----------------+------------------+
| Name                   | Succ | Fail | Send Rate (TPS) | Max Latency (s) | Min Latency (s) | Avg Latency (s) | Throughput (TPS) |
|------------------------|------|------|-----------------|-----------------|-----------------|-----------------|------------------|
| placebidall_round1@300 | 300  | 0    | 271.2           | 0.21            | 0.09            | 0.14            | 249.0            |
+------------------------+------+------+-----------------+-----------------+-----------------+-----------------+------------------+

2026.08.11-09:17:47.072[32m info [39m [caliper] [report-builder] 	Generated report with path /home/dhanish/fabric_sfc/caliper-bench/report.html
2026.08.11-09:17:47.072[32m info [39m [caliper] [monitor.js] 	Stopping all monitors
2026.08.11-09:17:47.072[32m info [39m [caliper] [worker-orchestrator] 	Sending exit message to connected workers
2026.08.11-09:17:47.073[32m info [39m [caliper] [round-orchestrator] 	Benchmark finished in 15.658 seconds. Total rounds: 1. Successful rounds: 1. Failed rounds: 0.
2026.08.11-09:17:47.073[32m info [39m [caliper] [caliper-engine] 	Network configuration attribute "caliper.command.end" is not present, skipping end command
2026.08.11-09:17:47.073[32m info [39m [caliper] [cli-launch-manager] 	Benchmark successfully finished!
2026.08.11-09:17:47.073[32m info [39m [caliper] [worker-message-handler] 	Worker#0 is exiting
2026.08.11-09:17:47.073[32m info [39m [caliper] [worker-message-handler] 	Worker#1 is exiting
2026.08.11-09:17:47.073[32m info [39m [caliper] [worker-message-handler] 	Worker#2 is exiting
2026.08.11-09:17:47.073[32m info [39m [caliper] [worker-message-handler] 	Worker#3 is exiting
2026.08.11-09:17:47.073[32m info [39m [caliper] [worker-message-handler] 	Worker#4 is exiting
