2026.08.11-09:23:56.932[32m info [39m [caliper] [cli-launch-manager] 	Set workspace path: /home/dhanish/fabric_sfc/caliper-bench
2026.08.11-09:23:56.933[32m info [39m [caliper] [cli-launch-manager] 	Set benchmark configuration path: /home/dhanish/fabric_sfc/caliper-bench/benchmarks/benchmark-purchase-agro1008-supply-300.yaml
2026.08.11-09:23:56.933[32m info [39m [caliper] [cli-launch-manager] 	Set network configuration path: /home/dhanish/fabric_sfc/caliper-bench/generated/caliper-network-agro1008-supply.yaml
2026.08.11-09:23:56.933[32m info [39m [caliper] [cli-launch-manager] 	Set SUT type: fabric
2026.08.11-09:23:56.955[32m info [39m [caliper] [benchmark-validator] 	No observer specified, will default to `none`
2026.08.11-09:23:56.956[32m info [39m [caliper] [caliper-engine] 	Starting benchmark flow
2026.08.11-09:23:56.956[32m info [39m [caliper] [caliper-engine] 	Network configuration attribute "caliper.command.start" is not present, skipping start command
2026.08.11-09:23:57.368[32m info [39m [caliper] [FabricConnectorFactory] 	Initializing gateway connector compatible with installed SDK: 2.2.20
2026.08.11-09:23:57.375[32m info [39m [caliper] [IdentityManager] 	Adding User0 (admin=true) as User0 for organization FarmersMSP
2026.08.11-09:23:57.378[32m info [39m [caliper] [IdentityManager] 	Adding User1 (admin=false) as User1 for organization FarmersMSP
2026.08.11-09:23:57.385[32m info [39m [caliper] [IdentityManager] 	Adding User2 (admin=false) as User2 for organization FarmersMSP
2026.08.11-09:23:57.386[32m info [39m [caliper] [IdentityManager] 	Adding User3 (admin=false) as User3 for organization FarmersMSP
2026.08.11-09:23:57.387[32m info [39m [caliper] [IdentityManager] 	Adding User4 (admin=false) as User4 for organization FarmersMSP
2026.08.11-09:23:57.388[32m info [39m [caliper] [IdentityManager] 	Adding User5 (admin=false) as User5 for organization FarmersMSP
2026.08.11-09:23:57.389[32m info [39m [caliper] [IdentityManager] 	Adding User0 (admin=true) as _AuctioncentersMSP_User0 for organization AuctioncentersMSP
2026.08.11-09:23:57.390[32m info [39m [caliper] [IdentityManager] 	Adding User1 (admin=false) as _AuctioncentersMSP_User1 for organization AuctioncentersMSP
2026.08.11-09:23:57.391[32m info [39m [caliper] [IdentityManager] 	Adding User2 (admin=false) as _AuctioncentersMSP_User2 for organization AuctioncentersMSP
2026.08.11-09:23:57.392[32m info [39m [caliper] [IdentityManager] 	Adding User3 (admin=false) as _AuctioncentersMSP_User3 for organization AuctioncentersMSP
2026.08.11-09:23:57.392[32m info [39m [caliper] [IdentityManager] 	Adding User4 (admin=false) as _AuctioncentersMSP_User4 for organization AuctioncentersMSP
2026.08.11-09:23:57.393[32m info [39m [caliper] [IdentityManager] 	Adding User5 (admin=false) as _AuctioncentersMSP_User5 for organization AuctioncentersMSP
2026.08.11-09:23:57.394[32m info [39m [caliper] [IdentityManager] 	Adding User0 (admin=true) as _WholesalersMSP_User0 for organization WholesalersMSP
2026.08.11-09:23:57.394[32m info [39m [caliper] [IdentityManager] 	Adding User1 (admin=false) as _WholesalersMSP_User1 for organization WholesalersMSP
2026.08.11-09:23:57.395[32m info [39m [caliper] [IdentityManager] 	Adding User2 (admin=false) as _WholesalersMSP_User2 for organization WholesalersMSP
2026.08.11-09:23:57.396[32m info [39m [caliper] [IdentityManager] 	Adding User3 (admin=false) as _WholesalersMSP_User3 for organization WholesalersMSP
2026.08.11-09:23:57.397[32m info [39m [caliper] [IdentityManager] 	Adding User4 (admin=false) as _WholesalersMSP_User4 for organization WholesalersMSP
2026.08.11-09:23:57.397[32m info [39m [caliper] [IdentityManager] 	Adding User5 (admin=false) as _WholesalersMSP_User5 for organization WholesalersMSP
2026.08.11-09:23:57.398[32m info [39m [caliper] [IdentityManager] 	Adding User0 (admin=true) as _RetailersMSP_User0 for organization RetailersMSP
2026.08.11-09:23:57.398[32m info [39m [caliper] [IdentityManager] 	Adding User1 (admin=false) as _RetailersMSP_User1 for organization RetailersMSP
2026.08.11-09:23:57.399[32m info [39m [caliper] [IdentityManager] 	Adding User2 (admin=false) as _RetailersMSP_User2 for organization RetailersMSP
2026.08.11-09:23:57.400[32m info [39m [caliper] [IdentityManager] 	Adding User3 (admin=false) as _RetailersMSP_User3 for organization RetailersMSP
2026.08.11-09:23:57.400[32m info [39m [caliper] [IdentityManager] 	Adding User4 (admin=false) as _RetailersMSP_User4 for organization RetailersMSP
2026.08.11-09:23:57.401[32m info [39m [caliper] [IdentityManager] 	Adding User5 (admin=false) as _RetailersMSP_User5 for organization RetailersMSP
2026.08.11-09:23:57.401[32m info [39m [caliper] [IdentityManager] 	Adding User0 (admin=true) as _ConsumersMSP_User0 for organization ConsumersMSP
2026.08.11-09:23:57.402[32m info [39m [caliper] [IdentityManager] 	Adding User1 (admin=false) as _ConsumersMSP_User1 for organization ConsumersMSP
2026.08.11-09:23:57.403[32m info [39m [caliper] [IdentityManager] 	Adding User2 (admin=false) as _ConsumersMSP_User2 for organization ConsumersMSP
2026.08.11-09:23:57.403[32m info [39m [caliper] [IdentityManager] 	Adding User3 (admin=false) as _ConsumersMSP_User3 for organization ConsumersMSP
2026.08.11-09:23:57.404[32m info [39m [caliper] [IdentityManager] 	Adding User4 (admin=false) as _ConsumersMSP_User4 for organization ConsumersMSP
2026.08.11-09:23:57.405[32m info [39m [caliper] [IdentityManager] 	Adding User5 (admin=false) as _ConsumersMSP_User5 for organization ConsumersMSP
2026.08.11-09:23:57.407[32m info [39m [caliper] [connectors/v2/FabricGateway] 	Fabric SDK version: 2.2.20; TLS based on FarmersMSP: server
2026.08.11-09:23:57.407[32m info [39m [caliper] [caliper-engine] 	Executed "init" step in 0.001 seconds
2026.08.11-09:23:57.407[33m warn [39m [caliper] [connectors/v2/FabricGateway] 	Install smart contract not available with Fabric SDK version: 2.2.20
2026.08.11-09:23:57.408[32m info [39m [caliper] [caliper-engine] 	Executed "install" step in 0.001 seconds
2026.08.11-09:23:57.409[32m info [39m [caliper] [monitor.js] 	No resource monitors specified
2026.08.11-09:23:57.410[32m info [39m [caliper] [default-observer] 	Observer interval set to 5000 milliseconds
2026.08.11-09:23:57.413[32m info [39m [caliper] [round-orchestrator] 	Preparing worker connections
2026.08.11-09:23:57.413[32m info [39m [caliper] [worker-orchestrator] 	Launching worker 1 of 5
2026.08.11-09:23:57.418[32m info [39m [caliper] [worker-orchestrator] 	Launching worker 2 of 5
2026.08.11-09:23:57.420[32m info [39m [caliper] [worker-orchestrator] 	Launching worker 3 of 5
2026.08.11-09:23:57.422[32m info [39m [caliper] [worker-orchestrator] 	Launching worker 4 of 5
2026.08.11-09:23:57.424[32m info [39m [caliper] [worker-orchestrator] 	Launching worker 5 of 5
2026.08.11-09:23:57.427[32m info [39m [caliper] [worker-orchestrator] 	Messenger not configured, entering configure phase...
2026.08.11-09:23:57.428[32m info [39m [caliper] [worker-orchestrator] 	No existing workers detected, entering worker launch phase...
2026.08.11-09:23:57.429[32m info [39m [caliper] [worker-orchestrator] 	Waiting for 5 workers to be connected...
2026.08.11-09:23:57.739[32m info [39m [caliper] [cli-launch-worker] 	Set workspace path: /home/dhanish/fabric_sfc/caliper-bench
2026.08.11-09:23:57.740[32m info [39m [caliper] [cli-launch-worker] 	Set benchmark configuration path: /home/dhanish/fabric_sfc/caliper-bench/benchmarks/benchmark-purchase-agro1008-supply-300.yaml
2026.08.11-09:23:57.740[32m info [39m [caliper] [cli-launch-worker] 	Set network configuration path: /home/dhanish/fabric_sfc/caliper-bench/generated/caliper-network-agro1008-supply.yaml
2026.08.11-09:23:57.740[32m info [39m [caliper] [cli-launch-worker] 	Set SUT type: fabric
2026.08.11-09:23:57.749[32m info [39m [caliper] [cli-launch-worker] 	Set workspace path: /home/dhanish/fabric_sfc/caliper-bench
2026.08.11-09:23:57.750[32m info [39m [caliper] [cli-launch-worker] 	Set benchmark configuration path: /home/dhanish/fabric_sfc/caliper-bench/benchmarks/benchmark-purchase-agro1008-supply-300.yaml
2026.08.11-09:23:57.751[32m info [39m [caliper] [cli-launch-worker] 	Set network configuration path: /home/dhanish/fabric_sfc/caliper-bench/generated/caliper-network-agro1008-supply.yaml
2026.08.11-09:23:57.751[32m info [39m [caliper] [cli-launch-worker] 	Set SUT type: fabric
2026.08.11-09:23:57.761[32m info [39m [caliper] [cli-launch-worker] 	Set workspace path: /home/dhanish/fabric_sfc/caliper-bench
2026.08.11-09:23:57.763[32m info [39m [caliper] [cli-launch-worker] 	Set benchmark configuration path: /home/dhanish/fabric_sfc/caliper-bench/benchmarks/benchmark-purchase-agro1008-supply-300.yaml
2026.08.11-09:23:57.763[32m info [39m [caliper] [cli-launch-worker] 	Set network configuration path: /home/dhanish/fabric_sfc/caliper-bench/generated/caliper-network-agro1008-supply.yaml
2026.08.11-09:23:57.763[32m info [39m [caliper] [cli-launch-worker] 	Set SUT type: fabric
2026.08.11-09:23:57.763[32m info [39m [caliper] [cli-launch-worker] 	Set workspace path: /home/dhanish/fabric_sfc/caliper-bench
2026.08.11-09:23:57.764[32m info [39m [caliper] [cli-launch-worker] 	Set benchmark configuration path: /home/dhanish/fabric_sfc/caliper-bench/benchmarks/benchmark-purchase-agro1008-supply-300.yaml
2026.08.11-09:23:57.765[32m info [39m [caliper] [cli-launch-worker] 	Set network configuration path: /home/dhanish/fabric_sfc/caliper-bench/generated/caliper-network-agro1008-supply.yaml
2026.08.11-09:23:57.765[32m info [39m [caliper] [cli-launch-worker] 	Set SUT type: fabric
2026.08.11-09:23:57.775[32m info [39m [caliper] [cli-launch-worker] 	Set workspace path: /home/dhanish/fabric_sfc/caliper-bench
2026.08.11-09:23:57.776[32m info [39m [caliper] [cli-launch-worker] 	Set benchmark configuration path: /home/dhanish/fabric_sfc/caliper-bench/benchmarks/benchmark-purchase-agro1008-supply-300.yaml
2026.08.11-09:23:57.776[32m info [39m [caliper] [cli-launch-worker] 	Set network configuration path: /home/dhanish/fabric_sfc/caliper-bench/generated/caliper-network-agro1008-supply.yaml
2026.08.11-09:23:57.776[32m info [39m [caliper] [cli-launch-worker] 	Set SUT type: fabric
2026.08.11-09:23:57.813[32m info [39m [caliper] [worker-orchestrator] 	5 workers connected, progressing to worker assignment phase.
2026.08.11-09:23:57.813[32m info [39m [caliper] [worker-orchestrator] 	Workers currently unassigned, awaiting index assignment...
2026.08.11-09:23:57.814[32m info [39m [caliper] [worker-orchestrator] 	Waiting for 5 workers to be assigned...
2026.08.11-09:23:57.838[32m info [39m [caliper] [worker-orchestrator] 	5 workers assigned, progressing to worker initialization phase.
2026.08.11-09:23:57.838[32m info [39m [caliper] [worker-orchestrator] 	Waiting for 5 workers to be ready...
2026.08.11-09:23:57.839[32m info [39m [caliper] [worker-message-handler] 	Initializing Worker#1...
2026.08.11-09:23:57.839[32m info [39m [caliper] [worker-message-handler] 	Initializing Worker#3...
2026.08.11-09:23:57.839[32m info [39m [caliper] [worker-message-handler] 	Initializing Worker#0...
2026.08.11-09:23:57.840[32m info [39m [caliper] [worker-message-handler] 	Initializing Worker#2...
2026.08.11-09:23:57.840[32m info [39m [caliper] [worker-message-handler] 	Initializing Worker#4...
2026.08.11-09:23:58.349[32m info [39m [caliper] [FabricConnectorFactory] 	Initializing gateway connector compatible with installed SDK: 2.2.20
2026.08.11-09:23:58.353[32m info [39m [caliper] [FabricConnectorFactory] 	Initializing gateway connector compatible with installed SDK: 2.2.20
2026.08.11-09:23:58.357[32m info [39m [caliper] [IdentityManager] 	Adding User0 (admin=true) as User0 for organization FarmersMSP
2026.08.11-09:23:58.358[32m info [39m [caliper] [IdentityManager] 	Adding User1 (admin=false) as User1 for organization FarmersMSP
2026.08.11-09:23:58.360[32m info [39m [caliper] [IdentityManager] 	Adding User2 (admin=false) as User2 for organization FarmersMSP
2026.08.11-09:23:58.361[32m info [39m [caliper] [IdentityManager] 	Adding User3 (admin=false) as User3 for organization FarmersMSP
2026.08.11-09:23:58.362[32m info [39m [caliper] [IdentityManager] 	Adding User4 (admin=false) as User4 for organization FarmersMSP
2026.08.11-09:23:58.364[32m info [39m [caliper] [IdentityManager] 	Adding User5 (admin=false) as User5 for organization FarmersMSP
2026.08.11-09:23:58.363[32m info [39m [caliper] [IdentityManager] 	Adding User0 (admin=true) as User0 for organization FarmersMSP
2026.08.11-09:23:58.365[32m info [39m [caliper] [IdentityManager] 	Adding User0 (admin=true) as _AuctioncentersMSP_User0 for organization AuctioncentersMSP
2026.08.11-09:23:58.365[32m info [39m [caliper] [IdentityManager] 	Adding User1 (admin=false) as User1 for organization FarmersMSP
2026.08.11-09:23:58.366[32m info [39m [caliper] [IdentityManager] 	Adding User1 (admin=false) as _AuctioncentersMSP_User1 for organization AuctioncentersMSP
2026.08.11-09:23:58.366[32m info [39m [caliper] [IdentityManager] 	Adding User2 (admin=false) as User2 for organization FarmersMSP
2026.08.11-09:23:58.367[32m info [39m [caliper] [IdentityManager] 	Adding User2 (admin=false) as _AuctioncentersMSP_User2 for organization AuctioncentersMSP
2026.08.11-09:23:58.367[32m info [39m [caliper] [IdentityManager] 	Adding User3 (admin=false) as User3 for organization FarmersMSP
2026.08.11-09:23:58.368[32m info [39m [caliper] [IdentityManager] 	Adding User3 (admin=false) as _AuctioncentersMSP_User3 for organization AuctioncentersMSP
2026.08.11-09:23:58.368[32m info [39m [caliper] [IdentityManager] 	Adding User4 (admin=false) as User4 for organization FarmersMSP
2026.08.11-09:23:58.369[32m info [39m [caliper] [IdentityManager] 	Adding User4 (admin=false) as _AuctioncentersMSP_User4 for organization AuctioncentersMSP
2026.08.11-09:23:58.370[32m info [39m [caliper] [IdentityManager] 	Adding User5 (admin=false) as _AuctioncentersMSP_User5 for organization AuctioncentersMSP
2026.08.11-09:23:58.370[32m info [39m [caliper] [IdentityManager] 	Adding User5 (admin=false) as User5 for organization FarmersMSP
2026.08.11-09:23:58.370[32m info [39m [caliper] [IdentityManager] 	Adding User0 (admin=true) as _WholesalersMSP_User0 for organization WholesalersMSP
2026.08.11-09:23:58.371[32m info [39m [caliper] [IdentityManager] 	Adding User0 (admin=true) as _AuctioncentersMSP_User0 for organization AuctioncentersMSP
2026.08.11-09:23:58.371[32m info [39m [caliper] [IdentityManager] 	Adding User1 (admin=false) as _WholesalersMSP_User1 for organization WholesalersMSP
2026.08.11-09:23:58.372[32m info [39m [caliper] [IdentityManager] 	Adding User1 (admin=false) as _AuctioncentersMSP_User1 for organization AuctioncentersMSP
2026.08.11-09:23:58.372[32m info [39m [caliper] [IdentityManager] 	Adding User2 (admin=false) as _WholesalersMSP_User2 for organization WholesalersMSP
2026.08.11-09:23:58.373[32m info [39m [caliper] [IdentityManager] 	Adding User2 (admin=false) as _AuctioncentersMSP_User2 for organization AuctioncentersMSP
2026.08.11-09:23:58.373[32m info [39m [caliper] [IdentityManager] 	Adding User3 (admin=false) as _AuctioncentersMSP_User3 for organization AuctioncentersMSP
2026.08.11-09:23:58.374[32m info [39m [caliper] [IdentityManager] 	Adding User3 (admin=false) as _WholesalersMSP_User3 for organization WholesalersMSP
2026.08.11-09:23:58.374[32m info [39m [caliper] [IdentityManager] 	Adding User4 (admin=false) as _AuctioncentersMSP_User4 for organization AuctioncentersMSP
2026.08.11-09:23:58.374[32m info [39m [caliper] [IdentityManager] 	Adding User4 (admin=false) as _WholesalersMSP_User4 for organization WholesalersMSP
2026.08.11-09:23:58.375[32m info [39m [caliper] [IdentityManager] 	Adding User5 (admin=false) as _WholesalersMSP_User5 for organization WholesalersMSP
2026.08.11-09:23:58.375[32m info [39m [caliper] [IdentityManager] 	Adding User5 (admin=false) as _AuctioncentersMSP_User5 for organization AuctioncentersMSP
2026.08.11-09:23:58.376[32m info [39m [caliper] [IdentityManager] 	Adding User0 (admin=true) as _RetailersMSP_User0 for organization RetailersMSP
2026.08.11-09:23:58.376[32m info [39m [caliper] [IdentityManager] 	Adding User0 (admin=true) as _WholesalersMSP_User0 for organization WholesalersMSP
2026.08.11-09:23:58.376[32m info [39m [caliper] [IdentityManager] 	Adding User1 (admin=false) as _RetailersMSP_User1 for organization RetailersMSP
2026.08.11-09:23:58.377[32m info [39m [caliper] [IdentityManager] 	Adding User2 (admin=false) as _RetailersMSP_User2 for organization RetailersMSP
2026.08.11-09:23:58.377[32m info [39m [caliper] [IdentityManager] 	Adding User1 (admin=false) as _WholesalersMSP_User1 for organization WholesalersMSP
2026.08.11-09:23:58.377[32m info [39m [caliper] [IdentityManager] 	Adding User3 (admin=false) as _RetailersMSP_User3 for organization RetailersMSP
2026.08.11-09:23:58.378[32m info [39m [caliper] [IdentityManager] 	Adding User2 (admin=false) as _WholesalersMSP_User2 for organization WholesalersMSP
2026.08.11-09:23:58.378[32m info [39m [caliper] [IdentityManager] 	Adding User4 (admin=false) as _RetailersMSP_User4 for organization RetailersMSP
2026.08.11-09:23:58.378[32m info [39m [caliper] [IdentityManager] 	Adding User3 (admin=false) as _WholesalersMSP_User3 for organization WholesalersMSP
2026.08.11-09:23:58.379[32m info [39m [caliper] [IdentityManager] 	Adding User5 (admin=false) as _RetailersMSP_User5 for organization RetailersMSP
2026.08.11-09:23:58.379[32m info [39m [caliper] [IdentityManager] 	Adding User4 (admin=false) as _WholesalersMSP_User4 for organization WholesalersMSP
2026.08.11-09:23:58.379[32m info [39m [caliper] [IdentityManager] 	Adding User0 (admin=true) as _ConsumersMSP_User0 for organization ConsumersMSP
2026.08.11-09:23:58.380[32m info [39m [caliper] [IdentityManager] 	Adding User1 (admin=false) as _ConsumersMSP_User1 for organization ConsumersMSP
2026.08.11-09:23:58.380[32m info [39m [caliper] [IdentityManager] 	Adding User5 (admin=false) as _WholesalersMSP_User5 for organization WholesalersMSP
2026.08.11-09:23:58.380[32m info [39m [caliper] [IdentityManager] 	Adding User2 (admin=false) as _ConsumersMSP_User2 for organization ConsumersMSP
2026.08.11-09:23:58.381[32m info [39m [caliper] [IdentityManager] 	Adding User0 (admin=true) as _RetailersMSP_User0 for organization RetailersMSP
2026.08.11-09:23:58.381[32m info [39m [caliper] [IdentityManager] 	Adding User3 (admin=false) as _ConsumersMSP_User3 for organization ConsumersMSP
2026.08.11-09:23:58.381[32m info [39m [caliper] [IdentityManager] 	Adding User1 (admin=false) as _RetailersMSP_User1 for organization RetailersMSP
2026.08.11-09:23:58.381[32m info [39m [caliper] [IdentityManager] 	Adding User4 (admin=false) as _ConsumersMSP_User4 for organization ConsumersMSP
2026.08.11-09:23:58.382[32m info [39m [caliper] [IdentityManager] 	Adding User2 (admin=false) as _RetailersMSP_User2 for organization RetailersMSP
2026.08.11-09:23:58.382[32m info [39m [caliper] [IdentityManager] 	Adding User5 (admin=false) as _ConsumersMSP_User5 for organization ConsumersMSP
2026.08.11-09:23:58.382[32m info [39m [caliper] [IdentityManager] 	Adding User3 (admin=false) as _RetailersMSP_User3 for organization RetailersMSP
2026.08.11-09:23:58.383[32m info [39m [caliper] [IdentityManager] 	Adding User4 (admin=false) as _RetailersMSP_User4 for organization RetailersMSP
2026.08.11-09:23:58.384[32m info [39m [caliper] [IdentityManager] 	Adding User5 (admin=false) as _RetailersMSP_User5 for organization RetailersMSP
2026.08.11-09:23:58.384[32m info [39m [caliper] [FabricConnectorFactory] 	Initializing gateway connector compatible with installed SDK: 2.2.20
2026.08.11-09:23:58.384[32m info [39m [caliper] [worker-message-handler] 	Worker#0 initialized
2026.08.11-09:23:58.384[32m info [39m [caliper] [IdentityManager] 	Adding User0 (admin=true) as _ConsumersMSP_User0 for organization ConsumersMSP
2026.08.11-09:23:58.385[32m info [39m [caliper] [IdentityManager] 	Adding User1 (admin=false) as _ConsumersMSP_User1 for organization ConsumersMSP
2026.08.11-09:23:58.386[32m info [39m [caliper] [IdentityManager] 	Adding User2 (admin=false) as _ConsumersMSP_User2 for organization ConsumersMSP
2026.08.11-09:23:58.386[32m info [39m [caliper] [IdentityManager] 	Adding User3 (admin=false) as _ConsumersMSP_User3 for organization ConsumersMSP
2026.08.11-09:23:58.387[32m info [39m [caliper] [IdentityManager] 	Adding User4 (admin=false) as _ConsumersMSP_User4 for organization ConsumersMSP
2026.08.11-09:23:58.388[32m info [39m [caliper] [IdentityManager] 	Adding User5 (admin=false) as _ConsumersMSP_User5 for organization ConsumersMSP
2026.08.11-09:23:58.389[32m info [39m [caliper] [worker-message-handler] 	Worker#1 initialized
2026.08.11-09:23:58.390[32m info [39m [caliper] [IdentityManager] 	Adding User0 (admin=true) as User0 for organization FarmersMSP
2026.08.11-09:23:58.392[32m info [39m [caliper] [IdentityManager] 	Adding User1 (admin=false) as User1 for organization FarmersMSP
2026.08.11-09:23:58.393[32m info [39m [caliper] [IdentityManager] 	Adding User2 (admin=false) as User2 for organization FarmersMSP
2026.08.11-09:23:58.394[32m info [39m [caliper] [IdentityManager] 	Adding User3 (admin=false) as User3 for organization FarmersMSP
2026.08.11-09:23:58.395[32m info [39m [caliper] [IdentityManager] 	Adding User4 (admin=false) as User4 for organization FarmersMSP
2026.08.11-09:23:58.396[32m info [39m [caliper] [IdentityManager] 	Adding User5 (admin=false) as User5 for organization FarmersMSP
2026.08.11-09:23:58.397[32m info [39m [caliper] [IdentityManager] 	Adding User0 (admin=true) as _AuctioncentersMSP_User0 for organization AuctioncentersMSP
2026.08.11-09:23:58.398[32m info [39m [caliper] [IdentityManager] 	Adding User1 (admin=false) as _AuctioncentersMSP_User1 for organization AuctioncentersMSP
2026.08.11-09:23:58.399[32m info [39m [caliper] [IdentityManager] 	Adding User2 (admin=false) as _AuctioncentersMSP_User2 for organization AuctioncentersMSP
2026.08.11-09:23:58.400[32m info [39m [caliper] [IdentityManager] 	Adding User3 (admin=false) as _AuctioncentersMSP_User3 for organization AuctioncentersMSP
2026.08.11-09:23:58.401[32m info [39m [caliper] [IdentityManager] 	Adding User4 (admin=false) as _AuctioncentersMSP_User4 for organization AuctioncentersMSP
2026.08.11-09:23:58.402[32m info [39m [caliper] [IdentityManager] 	Adding User5 (admin=false) as _AuctioncentersMSP_User5 for organization AuctioncentersMSP
2026.08.11-09:23:58.402[32m info [39m [caliper] [IdentityManager] 	Adding User0 (admin=true) as _WholesalersMSP_User0 for organization WholesalersMSP
2026.08.11-09:23:58.403[32m info [39m [caliper] [IdentityManager] 	Adding User1 (admin=false) as _WholesalersMSP_User1 for organization WholesalersMSP
2026.08.11-09:23:58.404[32m info [39m [caliper] [FabricConnectorFactory] 	Initializing gateway connector compatible with installed SDK: 2.2.20
2026.08.11-09:23:58.404[32m info [39m [caliper] [IdentityManager] 	Adding User2 (admin=false) as _WholesalersMSP_User2 for organization WholesalersMSP
2026.08.11-09:23:58.405[32m info [39m [caliper] [IdentityManager] 	Adding User3 (admin=false) as _WholesalersMSP_User3 for organization WholesalersMSP
2026.08.11-09:23:58.405[32m info [39m [caliper] [IdentityManager] 	Adding User4 (admin=false) as _WholesalersMSP_User4 for organization WholesalersMSP
2026.08.11-09:23:58.406[32m info [39m [caliper] [IdentityManager] 	Adding User5 (admin=false) as _WholesalersMSP_User5 for organization WholesalersMSP
2026.08.11-09:23:58.407[32m info [39m [caliper] [IdentityManager] 	Adding User0 (admin=true) as _RetailersMSP_User0 for organization RetailersMSP
2026.08.11-09:23:58.407[32m info [39m [caliper] [IdentityManager] 	Adding User1 (admin=false) as _RetailersMSP_User1 for organization RetailersMSP
2026.08.11-09:23:58.408[32m info [39m [caliper] [IdentityManager] 	Adding User2 (admin=false) as _RetailersMSP_User2 for organization RetailersMSP
2026.08.11-09:23:58.409[32m info [39m [caliper] [IdentityManager] 	Adding User3 (admin=false) as _RetailersMSP_User3 for organization RetailersMSP
2026.08.11-09:23:58.410[32m info [39m [caliper] [IdentityManager] 	Adding User4 (admin=false) as _RetailersMSP_User4 for organization RetailersMSP
2026.08.11-09:23:58.410[32m info [39m [caliper] [IdentityManager] 	Adding User0 (admin=true) as User0 for organization FarmersMSP
2026.08.11-09:23:58.410[32m info [39m [caliper] [IdentityManager] 	Adding User5 (admin=false) as _RetailersMSP_User5 for organization RetailersMSP
2026.08.11-09:23:58.411[32m info [39m [caliper] [IdentityManager] 	Adding User0 (admin=true) as _ConsumersMSP_User0 for organization ConsumersMSP
2026.08.11-09:23:58.411[32m info [39m [caliper] [IdentityManager] 	Adding User1 (admin=false) as User1 for organization FarmersMSP
2026.08.11-09:23:58.412[32m info [39m [caliper] [IdentityManager] 	Adding User1 (admin=false) as _ConsumersMSP_User1 for organization ConsumersMSP
2026.08.11-09:23:58.412[32m info [39m [caliper] [IdentityManager] 	Adding User2 (admin=false) as User2 for organization FarmersMSP
2026.08.11-09:23:58.412[32m info [39m [caliper] [IdentityManager] 	Adding User2 (admin=false) as _ConsumersMSP_User2 for organization ConsumersMSP
2026.08.11-09:23:58.413[32m info [39m [caliper] [IdentityManager] 	Adding User3 (admin=false) as User3 for organization FarmersMSP
2026.08.11-09:23:58.413[32m info [39m [caliper] [IdentityManager] 	Adding User3 (admin=false) as _ConsumersMSP_User3 for organization ConsumersMSP
2026.08.11-09:23:58.413[32m info [39m [caliper] [IdentityManager] 	Adding User4 (admin=false) as _ConsumersMSP_User4 for organization ConsumersMSP
2026.08.11-09:23:58.413[32m info [39m [caliper] [IdentityManager] 	Adding User4 (admin=false) as User4 for organization FarmersMSP
2026.08.11-09:23:58.414[32m info [39m [caliper] [IdentityManager] 	Adding User5 (admin=false) as _ConsumersMSP_User5 for organization ConsumersMSP
2026.08.11-09:23:58.414[32m info [39m [caliper] [IdentityManager] 	Adding User5 (admin=false) as User5 for organization FarmersMSP
2026.08.11-09:23:58.415[32m info [39m [caliper] [IdentityManager] 	Adding User0 (admin=true) as _AuctioncentersMSP_User0 for organization AuctioncentersMSP
2026.08.11-09:23:58.416[32m info [39m [caliper] [worker-message-handler] 	Worker#3 initialized
2026.08.11-09:23:58.416[32m info [39m [caliper] [IdentityManager] 	Adding User1 (admin=false) as _AuctioncentersMSP_User1 for organization AuctioncentersMSP
2026.08.11-09:23:58.417[32m info [39m [caliper] [IdentityManager] 	Adding User2 (admin=false) as _AuctioncentersMSP_User2 for organization AuctioncentersMSP
2026.08.11-09:23:58.418[32m info [39m [caliper] [IdentityManager] 	Adding User3 (admin=false) as _AuctioncentersMSP_User3 for organization AuctioncentersMSP
2026.08.11-09:23:58.418[32m info [39m [caliper] [FabricConnectorFactory] 	Initializing gateway connector compatible with installed SDK: 2.2.20
2026.08.11-09:23:58.418[32m info [39m [caliper] [IdentityManager] 	Adding User4 (admin=false) as _AuctioncentersMSP_User4 for organization AuctioncentersMSP
2026.08.11-09:23:58.419[32m info [39m [caliper] [IdentityManager] 	Adding User5 (admin=false) as _AuctioncentersMSP_User5 for organization AuctioncentersMSP
2026.08.11-09:23:58.420[32m info [39m [caliper] [IdentityManager] 	Adding User0 (admin=true) as _WholesalersMSP_User0 for organization WholesalersMSP
2026.08.11-09:23:58.420[32m info [39m [caliper] [IdentityManager] 	Adding User1 (admin=false) as _WholesalersMSP_User1 for organization WholesalersMSP
2026.08.11-09:23:58.421[32m info [39m [caliper] [IdentityManager] 	Adding User2 (admin=false) as _WholesalersMSP_User2 for organization WholesalersMSP
2026.08.11-09:23:58.422[32m info [39m [caliper] [IdentityManager] 	Adding User3 (admin=false) as _WholesalersMSP_User3 for organization WholesalersMSP
2026.08.11-09:23:58.422[32m info [39m [caliper] [IdentityManager] 	Adding User4 (admin=false) as _WholesalersMSP_User4 for organization WholesalersMSP
2026.08.11-09:23:58.422[32m info [39m [caliper] [IdentityManager] 	Adding User5 (admin=false) as _WholesalersMSP_User5 for organization WholesalersMSP
2026.08.11-09:23:58.423[32m info [39m [caliper] [IdentityManager] 	Adding User0 (admin=true) as _RetailersMSP_User0 for organization RetailersMSP
2026.08.11-09:23:58.424[32m info [39m [caliper] [IdentityManager] 	Adding User1 (admin=false) as _RetailersMSP_User1 for organization RetailersMSP
2026.08.11-09:23:58.424[32m info [39m [caliper] [IdentityManager] 	Adding User2 (admin=false) as _RetailersMSP_User2 for organization RetailersMSP
2026.08.11-09:23:58.425[32m info [39m [caliper] [IdentityManager] 	Adding User3 (admin=false) as _RetailersMSP_User3 for organization RetailersMSP
2026.08.11-09:23:58.426[32m info [39m [caliper] [IdentityManager] 	Adding User0 (admin=true) as User0 for organization FarmersMSP
2026.08.11-09:23:58.426[32m info [39m [caliper] [IdentityManager] 	Adding User4 (admin=false) as _RetailersMSP_User4 for organization RetailersMSP
2026.08.11-09:23:58.427[32m info [39m [caliper] [IdentityManager] 	Adding User5 (admin=false) as _RetailersMSP_User5 for organization RetailersMSP
2026.08.11-09:23:58.427[32m info [39m [caliper] [IdentityManager] 	Adding User1 (admin=false) as User1 for organization FarmersMSP
2026.08.11-09:23:58.428[32m info [39m [caliper] [IdentityManager] 	Adding User0 (admin=true) as _ConsumersMSP_User0 for organization ConsumersMSP
2026.08.11-09:23:58.428[32m info [39m [caliper] [IdentityManager] 	Adding User2 (admin=false) as User2 for organization FarmersMSP
2026.08.11-09:23:58.428[32m info [39m [caliper] [IdentityManager] 	Adding User1 (admin=false) as _ConsumersMSP_User1 for organization ConsumersMSP
2026.08.11-09:23:58.429[32m info [39m [caliper] [IdentityManager] 	Adding User2 (admin=false) as _ConsumersMSP_User2 for organization ConsumersMSP
2026.08.11-09:23:58.429[32m info [39m [caliper] [IdentityManager] 	Adding User3 (admin=false) as User3 for organization FarmersMSP
2026.08.11-09:23:58.429[32m info [39m [caliper] [IdentityManager] 	Adding User3 (admin=false) as _ConsumersMSP_User3 for organization ConsumersMSP
2026.08.11-09:23:58.430[32m info [39m [caliper] [IdentityManager] 	Adding User4 (admin=false) as User4 for organization FarmersMSP
2026.08.11-09:23:58.430[32m info [39m [caliper] [IdentityManager] 	Adding User4 (admin=false) as _ConsumersMSP_User4 for organization ConsumersMSP
2026.08.11-09:23:58.430[32m info [39m [caliper] [IdentityManager] 	Adding User5 (admin=false) as _ConsumersMSP_User5 for organization ConsumersMSP
2026.08.11-09:23:58.431[32m info [39m [caliper] [IdentityManager] 	Adding User5 (admin=false) as User5 for organization FarmersMSP
2026.08.11-09:23:58.432[32m info [39m [caliper] [IdentityManager] 	Adding User0 (admin=true) as _AuctioncentersMSP_User0 for organization AuctioncentersMSP
2026.08.11-09:23:58.432[32m info [39m [caliper] [worker-message-handler] 	Worker#2 initialized
2026.08.11-09:23:58.432[32m info [39m [caliper] [IdentityManager] 	Adding User1 (admin=false) as _AuctioncentersMSP_User1 for organization AuctioncentersMSP
2026.08.11-09:23:58.433[32m info [39m [caliper] [IdentityManager] 	Adding User2 (admin=false) as _AuctioncentersMSP_User2 for organization AuctioncentersMSP
2026.08.11-09:23:58.434[32m info [39m [caliper] [IdentityManager] 	Adding User3 (admin=false) as _AuctioncentersMSP_User3 for organization AuctioncentersMSP
2026.08.11-09:23:58.434[32m info [39m [caliper] [IdentityManager] 	Adding User4 (admin=false) as _AuctioncentersMSP_User4 for organization AuctioncentersMSP
2026.08.11-09:23:58.435[32m info [39m [caliper] [IdentityManager] 	Adding User5 (admin=false) as _AuctioncentersMSP_User5 for organization AuctioncentersMSP
2026.08.11-09:23:58.435[32m info [39m [caliper] [IdentityManager] 	Adding User0 (admin=true) as _WholesalersMSP_User0 for organization WholesalersMSP
2026.08.11-09:23:58.436[32m info [39m [caliper] [IdentityManager] 	Adding User1 (admin=false) as _WholesalersMSP_User1 for organization WholesalersMSP
2026.08.11-09:23:58.436[32m info [39m [caliper] [IdentityManager] 	Adding User2 (admin=false) as _WholesalersMSP_User2 for organization WholesalersMSP
2026.08.11-09:23:58.437[32m info [39m [caliper] [IdentityManager] 	Adding User3 (admin=false) as _WholesalersMSP_User3 for organization WholesalersMSP
2026.08.11-09:23:58.437[32m info [39m [caliper] [IdentityManager] 	Adding User4 (admin=false) as _WholesalersMSP_User4 for organization WholesalersMSP
2026.08.11-09:23:58.438[32m info [39m [caliper] [IdentityManager] 	Adding User5 (admin=false) as _WholesalersMSP_User5 for organization WholesalersMSP
2026.08.11-09:23:58.438[32m info [39m [caliper] [IdentityManager] 	Adding User0 (admin=true) as _RetailersMSP_User0 for organization RetailersMSP
2026.08.11-09:23:58.439[32m info [39m [caliper] [IdentityManager] 	Adding User1 (admin=false) as _RetailersMSP_User1 for organization RetailersMSP
2026.08.11-09:23:58.439[32m info [39m [caliper] [IdentityManager] 	Adding User2 (admin=false) as _RetailersMSP_User2 for organization RetailersMSP
2026.08.11-09:23:58.440[32m info [39m [caliper] [IdentityManager] 	Adding User3 (admin=false) as _RetailersMSP_User3 for organization RetailersMSP
2026.08.11-09:23:58.440[32m info [39m [caliper] [IdentityManager] 	Adding User4 (admin=false) as _RetailersMSP_User4 for organization RetailersMSP
2026.08.11-09:23:58.441[32m info [39m [caliper] [IdentityManager] 	Adding User5 (admin=false) as _RetailersMSP_User5 for organization RetailersMSP
2026.08.11-09:23:58.441[32m info [39m [caliper] [IdentityManager] 	Adding User0 (admin=true) as _ConsumersMSP_User0 for organization ConsumersMSP
2026.08.11-09:23:58.442[32m info [39m [caliper] [IdentityManager] 	Adding User1 (admin=false) as _ConsumersMSP_User1 for organization ConsumersMSP
2026.08.11-09:23:58.442[32m info [39m [caliper] [IdentityManager] 	Adding User2 (admin=false) as _ConsumersMSP_User2 for organization ConsumersMSP
2026.08.11-09:23:58.443[32m info [39m [caliper] [IdentityManager] 	Adding User3 (admin=false) as _ConsumersMSP_User3 for organization ConsumersMSP
2026.08.11-09:23:58.443[32m info [39m [caliper] [IdentityManager] 	Adding User4 (admin=false) as _ConsumersMSP_User4 for organization ConsumersMSP
2026.08.11-09:23:58.444[32m info [39m [caliper] [IdentityManager] 	Adding User5 (admin=false) as _ConsumersMSP_User5 for organization ConsumersMSP
2026.08.11-09:23:58.445[32m info [39m [caliper] [worker-message-handler] 	Worker#4 initialized
2026.08.11-09:23:58.446[32m info [39m [caliper] [worker-orchestrator] 	5 workers ready, progressing to test preparation phase.
2026.08.11-09:23:58.446[32m info [39m [caliper] [round-orchestrator] 	Started round 1 (purchase_round1@300)
2026.08.11-09:23:58.447[32m info [39m [caliper] [worker-message-handler] 	Preparing Worker#0 for Round#0
2026.08.11-09:23:58.448[32m info [39m [caliper] [worker-message-handler] 	Preparing Worker#1 for Round#0
2026.08.11-09:23:58.448[32m info [39m [caliper] [worker-message-handler] 	Preparing Worker#2 for Round#0
2026.08.11-09:23:58.449[32m info [39m [caliper] [worker-message-handler] 	Preparing Worker#3 for Round#0
2026.08.11-09:23:58.449[32m info [39m [caliper] [worker-message-handler] 	Preparing Worker#4 for Round#0
2026.08.11-09:23:58.450[32m info [39m [caliper] [connectors/v2/FabricGateway] 	Connecting user with identity User0 to a Network Gateway
2026.08.11-09:23:58.450[32m info [39m [caliper] [connectors/v2/FabricGateway] 	Connecting user with identity User0 to a Network Gateway
2026.08.11-09:23:58.451[32m info [39m [caliper] [connectors/v2/FabricGateway] 	Connecting user with identity User0 to a Network Gateway
2026.08.11-09:23:58.452[32m info [39m [caliper] [connectors/v2/FabricGateway] 	Connecting user with identity User0 to a Network Gateway
2026.08.11-09:23:58.452[32m info [39m [caliper] [connectors/v2/FabricGateway] 	Connecting user with identity User0 to a Network Gateway
2026.08.11-09:23:58.602[32m info [39m [caliper] [connectors/v2/FabricGateway] 	Successfully connected user with identity User0 to a Network Gateway
2026.08.11-09:23:58.602[32m info [39m [caliper] [connectors/v2/FabricGateway] 	Generating contract map for user User0
2026.08.11-09:23:58.607[32m info [39m [caliper] [connectors/v2/FabricGateway] 	Successfully connected user with identity User0 to a Network Gateway
2026.08.11-09:23:58.607[32m info [39m [caliper] [connectors/v2/FabricGateway] 	Generating contract map for user User0
2026.08.11-09:23:58.620[32m info [39m [caliper] [connectors/v2/FabricGateway] 	Successfully connected user with identity User0 to a Network Gateway
2026.08.11-09:23:58.620[32m info [39m [caliper] [connectors/v2/FabricGateway] 	Generating contract map for user User0
2026.08.11-09:23:58.621[32m info [39m [caliper] [connectors/v2/FabricGateway] 	Successfully connected user with identity User0 to a Network Gateway
2026.08.11-09:23:58.622[32m info [39m [caliper] [connectors/v2/FabricGateway] 	Generating contract map for user User0
2026.08.11-09:23:58.626[32m info [39m [caliper] [connectors/v2/FabricGateway] 	Successfully connected user with identity User0 to a Network Gateway
2026.08.11-09:23:58.626[32m info [39m [caliper] [connectors/v2/FabricGateway] 	Generating contract map for user User0
2026.08.11-09:23:58.687[32m info [39m [caliper] [connectors/v2/FabricGateway] 	Connecting user with identity User1 to a Network Gateway
2026.08.11-09:23:58.694[32m info [39m [caliper] [connectors/v2/FabricGateway] 	Connecting user with identity User1 to a Network Gateway
2026.08.11-09:23:58.715[32m info [39m [caliper] [connectors/v2/FabricGateway] 	Connecting user with identity User1 to a Network Gateway
2026.08.11-09:23:58.717[32m info [39m [caliper] [connectors/v2/FabricGateway] 	Connecting user with identity User1 to a Network Gateway
2026.08.11-09:23:58.722[32m info [39m [caliper] [connectors/v2/FabricGateway] 	Connecting user with identity User1 to a Network Gateway
2026.08.11-09:23:58.763[32m info [39m [caliper] [connectors/v2/FabricGateway] 	Successfully connected user with identity User1 to a Network Gateway
2026.08.11-09:23:58.763[32m info [39m [caliper] [connectors/v2/FabricGateway] 	Generating contract map for user User1
2026.08.11-09:23:58.777[32m info [39m [caliper] [connectors/v2/FabricGateway] 	Successfully connected user with identity User1 to a Network Gateway
2026.08.11-09:23:58.777[32m info [39m [caliper] [connectors/v2/FabricGateway] 	Generating contract map for user User1
2026.08.11-09:23:58.799[32m info [39m [caliper] [connectors/v2/FabricGateway] 	Successfully connected user with identity User1 to a Network Gateway
2026.08.11-09:23:58.799[32m info [39m [caliper] [connectors/v2/FabricGateway] 	Generating contract map for user User1
2026.08.11-09:23:58.801[32m info [39m [caliper] [connectors/v2/FabricGateway] 	Successfully connected user with identity User1 to a Network Gateway
2026.08.11-09:23:58.801[32m info [39m [caliper] [connectors/v2/FabricGateway] 	Successfully connected user with identity User1 to a Network Gateway
2026.08.11-09:23:58.801[32m info [39m [caliper] [connectors/v2/FabricGateway] 	Generating contract map for user User1
2026.08.11-09:23:58.801[32m info [39m [caliper] [connectors/v2/FabricGateway] 	Generating contract map for user User1
2026.08.11-09:23:58.825[32m info [39m [caliper] [connectors/v2/FabricGateway] 	Connecting user with identity User2 to a Network Gateway
2026.08.11-09:23:58.837[32m info [39m [caliper] [connectors/v2/FabricGateway] 	Connecting user with identity User2 to a Network Gateway
2026.08.11-09:23:58.862[32m info [39m [caliper] [connectors/v2/FabricGateway] 	Connecting user with identity User2 to a Network Gateway
2026.08.11-09:23:58.862[32m info [39m [caliper] [connectors/v2/FabricGateway] 	Connecting user with identity User2 to a Network Gateway
2026.08.11-09:23:58.862[32m info [39m [caliper] [connectors/v2/FabricGateway] 	Connecting user with identity User2 to a Network Gateway
2026.08.11-09:23:58.897[32m info [39m [caliper] [connectors/v2/FabricGateway] 	Successfully connected user with identity User2 to a Network Gateway
2026.08.11-09:23:58.898[32m info [39m [caliper] [connectors/v2/FabricGateway] 	Generating contract map for user User2
2026.08.11-09:23:58.911[32m info [39m [caliper] [connectors/v2/FabricGateway] 	Successfully connected user with identity User2 to a Network Gateway
2026.08.11-09:23:58.911[32m info [39m [caliper] [connectors/v2/FabricGateway] 	Generating contract map for user User2
2026.08.11-09:23:58.933[32m info [39m [caliper] [connectors/v2/FabricGateway] 	Successfully connected user with identity User2 to a Network Gateway
2026.08.11-09:23:58.933[32m info [39m [caliper] [connectors/v2/FabricGateway] 	Successfully connected user with identity User2 to a Network Gateway
2026.08.11-09:23:58.933[32m info [39m [caliper] [connectors/v2/FabricGateway] 	Generating contract map for user User2
2026.08.11-09:23:58.933[32m info [39m [caliper] [connectors/v2/FabricGateway] 	Generating contract map for user User2
2026.08.11-09:23:58.933[32m info [39m [caliper] [connectors/v2/FabricGateway] 	Successfully connected user with identity User2 to a Network Gateway
2026.08.11-09:23:58.934[32m info [39m [caliper] [connectors/v2/FabricGateway] 	Generating contract map for user User2
2026.08.11-09:23:58.957[32m info [39m [caliper] [connectors/v2/FabricGateway] 	Connecting user with identity User3 to a Network Gateway
2026.08.11-09:23:58.969[32m info [39m [caliper] [connectors/v2/FabricGateway] 	Connecting user with identity User3 to a Network Gateway
2026.08.11-09:23:58.990[32m info [39m [caliper] [connectors/v2/FabricGateway] 	Connecting user with identity User3 to a Network Gateway
2026.08.11-09:23:58.990[32m info [39m [caliper] [connectors/v2/FabricGateway] 	Connecting user with identity User3 to a Network Gateway
2026.08.11-09:23:58.991[32m info [39m [caliper] [connectors/v2/FabricGateway] 	Connecting user with identity User3 to a Network Gateway
2026.08.11-09:23:59.035[32m info [39m [caliper] [connectors/v2/FabricGateway] 	Successfully connected user with identity User3 to a Network Gateway
2026.08.11-09:23:59.036[32m info [39m [caliper] [connectors/v2/FabricGateway] 	Generating contract map for user User3
2026.08.11-09:23:59.046[32m info [39m [caliper] [connectors/v2/FabricGateway] 	Successfully connected user with identity User3 to a Network Gateway
2026.08.11-09:23:59.047[32m info [39m [caliper] [connectors/v2/FabricGateway] 	Generating contract map for user User3
2026.08.11-09:23:59.063[32m info [39m [caliper] [connectors/v2/FabricGateway] 	Successfully connected user with identity User3 to a Network Gateway
2026.08.11-09:23:59.063[32m info [39m [caliper] [connectors/v2/FabricGateway] 	Generating contract map for user User3
2026.08.11-09:23:59.068[32m info [39m [caliper] [connectors/v2/FabricGateway] 	Successfully connected user with identity User3 to a Network Gateway
2026.08.11-09:23:59.068[32m info [39m [caliper] [connectors/v2/FabricGateway] 	Generating contract map for user User3
2026.08.11-09:23:59.071[32m info [39m [caliper] [connectors/v2/FabricGateway] 	Successfully connected user with identity User3 to a Network Gateway
2026.08.11-09:23:59.072[32m info [39m [caliper] [connectors/v2/FabricGateway] 	Generating contract map for user User3
2026.08.11-09:23:59.094[32m info [39m [caliper] [connectors/v2/FabricGateway] 	Connecting user with identity User4 to a Network Gateway
2026.08.11-09:23:59.101[32m info [39m [caliper] [connectors/v2/FabricGateway] 	Connecting user with identity User4 to a Network Gateway
2026.08.11-09:23:59.122[32m info [39m [caliper] [connectors/v2/FabricGateway] 	Connecting user with identity User4 to a Network Gateway
2026.08.11-09:23:59.125[32m info [39m [caliper] [connectors/v2/FabricGateway] 	Connecting user with identity User4 to a Network Gateway
2026.08.11-09:23:59.125[32m info [39m [caliper] [connectors/v2/FabricGateway] 	Connecting user with identity User4 to a Network Gateway
2026.08.11-09:23:59.170[32m info [39m [caliper] [connectors/v2/FabricGateway] 	Successfully connected user with identity User4 to a Network Gateway
2026.08.11-09:23:59.170[32m info [39m [caliper] [connectors/v2/FabricGateway] 	Generating contract map for user User4
2026.08.11-09:23:59.174[32m info [39m [caliper] [connectors/v2/FabricGateway] 	Successfully connected user with identity User4 to a Network Gateway
2026.08.11-09:23:59.174[32m info [39m [caliper] [connectors/v2/FabricGateway] 	Generating contract map for user User4
2026.08.11-09:23:59.191[32m info [39m [caliper] [connectors/v2/FabricGateway] 	Successfully connected user with identity User4 to a Network Gateway
2026.08.11-09:23:59.191[32m info [39m [caliper] [connectors/v2/FabricGateway] 	Generating contract map for user User4
2026.08.11-09:23:59.193[32m info [39m [caliper] [connectors/v2/FabricGateway] 	Successfully connected user with identity User4 to a Network Gateway
2026.08.11-09:23:59.193[32m info [39m [caliper] [connectors/v2/FabricGateway] 	Generating contract map for user User4
2026.08.11-09:23:59.194[32m info [39m [caliper] [connectors/v2/FabricGateway] 	Successfully connected user with identity User4 to a Network Gateway
2026.08.11-09:23:59.194[32m info [39m [caliper] [connectors/v2/FabricGateway] 	Generating contract map for user User4
2026.08.11-09:23:59.245[32m info [39m [caliper] [connectors/v2/FabricGateway] 	Connecting user with identity User5 to a Network Gateway
2026.08.11-09:23:59.245[32m info [39m [caliper] [connectors/v2/FabricGateway] 	Connecting user with identity User5 to a Network Gateway
2026.08.11-09:23:59.264[32m info [39m [caliper] [connectors/v2/FabricGateway] 	Connecting user with identity User5 to a Network Gateway
2026.08.11-09:23:59.275[32m info [39m [caliper] [connectors/v2/FabricGateway] 	Connecting user with identity User5 to a Network Gateway
2026.08.11-09:23:59.276[32m info [39m [caliper] [connectors/v2/FabricGateway] 	Connecting user with identity User5 to a Network Gateway
2026.08.11-09:23:59.309[32m info [39m [caliper] [connectors/v2/FabricGateway] 	Successfully connected user with identity User5 to a Network Gateway
2026.08.11-09:23:59.309[32m info [39m [caliper] [connectors/v2/FabricGateway] 	Generating contract map for user User5
2026.08.11-09:23:59.311[32m info [39m [caliper] [connectors/v2/FabricGateway] 	Successfully connected user with identity User5 to a Network Gateway
2026.08.11-09:23:59.312[32m info [39m [caliper] [connectors/v2/FabricGateway] 	Generating contract map for user User5
2026.08.11-09:23:59.332[32m info [39m [caliper] [connectors/v2/FabricGateway] 	Successfully connected user with identity User5 to a Network Gateway
2026.08.11-09:23:59.332[32m info [39m [caliper] [connectors/v2/FabricGateway] 	Generating contract map for user User5
2026.08.11-09:23:59.341[32m info [39m [caliper] [connectors/v2/FabricGateway] 	Successfully connected user with identity User5 to a Network Gateway
2026.08.11-09:23:59.341[32m info [39m [caliper] [connectors/v2/FabricGateway] 	Generating contract map for user User5
2026.08.11-09:23:59.343[32m info [39m [caliper] [connectors/v2/FabricGateway] 	Successfully connected user with identity User5 to a Network Gateway
2026.08.11-09:23:59.344[32m info [39m [caliper] [connectors/v2/FabricGateway] 	Generating contract map for user User5
2026.08.11-09:23:59.362[32m info [39m [caliper] [connectors/v2/FabricGateway] 	Connecting user with identity _AuctioncentersMSP_User0 to a Network Gateway
2026.08.11-09:23:59.366[32m info [39m [caliper] [connectors/v2/FabricGateway] 	Connecting user with identity _AuctioncentersMSP_User0 to a Network Gateway
2026.08.11-09:23:59.387[32m info [39m [caliper] [connectors/v2/FabricGateway] 	Connecting user with identity _AuctioncentersMSP_User0 to a Network Gateway
2026.08.11-09:23:59.392[32m info [39m [caliper] [connectors/v2/FabricGateway] 	Connecting user with identity _AuctioncentersMSP_User0 to a Network Gateway
2026.08.11-09:23:59.398[32m info [39m [caliper] [connectors/v2/FabricGateway] 	Connecting user with identity _AuctioncentersMSP_User0 to a Network Gateway
2026.08.11-09:23:59.425[32m info [39m [caliper] [connectors/v2/FabricGateway] 	Successfully connected user with identity _AuctioncentersMSP_User0 to a Network Gateway
2026.08.11-09:23:59.425[32m info [39m [caliper] [connectors/v2/FabricGateway] 	Generating contract map for user _AuctioncentersMSP_User0
2026.08.11-09:23:59.433[32m info [39m [caliper] [connectors/v2/FabricGateway] 	Successfully connected user with identity _AuctioncentersMSP_User0 to a Network Gateway
2026.08.11-09:23:59.433[32m info [39m [caliper] [connectors/v2/FabricGateway] 	Generating contract map for user _AuctioncentersMSP_User0
2026.08.11-09:23:59.455[32m info [39m [caliper] [connectors/v2/FabricGateway] 	Successfully connected user with identity _AuctioncentersMSP_User0 to a Network Gateway
2026.08.11-09:23:59.455[32m info [39m [caliper] [connectors/v2/FabricGateway] 	Generating contract map for user _AuctioncentersMSP_User0
2026.08.11-09:23:59.458[32m info [39m [caliper] [connectors/v2/FabricGateway] 	Successfully connected user with identity _AuctioncentersMSP_User0 to a Network Gateway
2026.08.11-09:23:59.458[32m info [39m [caliper] [connectors/v2/FabricGateway] 	Generating contract map for user _AuctioncentersMSP_User0
2026.08.11-09:23:59.468[32m info [39m [caliper] [connectors/v2/FabricGateway] 	Successfully connected user with identity _AuctioncentersMSP_User0 to a Network Gateway
2026.08.11-09:23:59.469[32m info [39m [caliper] [connectors/v2/FabricGateway] 	Generating contract map for user _AuctioncentersMSP_User0
2026.08.11-09:23:59.478[32m info [39m [caliper] [connectors/v2/FabricGateway] 	Connecting user with identity _AuctioncentersMSP_User1 to a Network Gateway
2026.08.11-09:23:59.483[32m info [39m [caliper] [connectors/v2/FabricGateway] 	Connecting user with identity _AuctioncentersMSP_User1 to a Network Gateway
2026.08.11-09:23:59.509[32m info [39m [caliper] [connectors/v2/FabricGateway] 	Connecting user with identity _AuctioncentersMSP_User1 to a Network Gateway
2026.08.11-09:23:59.511[32m info [39m [caliper] [connectors/v2/FabricGateway] 	Connecting user with identity _AuctioncentersMSP_User1 to a Network Gateway
2026.08.11-09:23:59.523[32m info [39m [caliper] [connectors/v2/FabricGateway] 	Connecting user with identity _AuctioncentersMSP_User1 to a Network Gateway
2026.08.11-09:23:59.556[32m info [39m [caliper] [connectors/v2/FabricGateway] 	Successfully connected user with identity _AuctioncentersMSP_User1 to a Network Gateway
2026.08.11-09:23:59.557[32m info [39m [caliper] [connectors/v2/FabricGateway] 	Generating contract map for user _AuctioncentersMSP_User1
2026.08.11-09:23:59.560[32m info [39m [caliper] [connectors/v2/FabricGateway] 	Successfully connected user with identity _AuctioncentersMSP_User1 to a Network Gateway
2026.08.11-09:23:59.561[32m info [39m [caliper] [connectors/v2/FabricGateway] 	Generating contract map for user _AuctioncentersMSP_User1
2026.08.11-09:23:59.581[32m info [39m [caliper] [connectors/v2/FabricGateway] 	Successfully connected user with identity _AuctioncentersMSP_User1 to a Network Gateway
2026.08.11-09:23:59.581[32m info [39m [caliper] [connectors/v2/FabricGateway] 	Generating contract map for user _AuctioncentersMSP_User1
2026.08.11-09:23:59.584[32m info [39m [caliper] [connectors/v2/FabricGateway] 	Successfully connected user with identity _AuctioncentersMSP_User1 to a Network Gateway
2026.08.11-09:23:59.585[32m info [39m [caliper] [connectors/v2/FabricGateway] 	Generating contract map for user _AuctioncentersMSP_User1
2026.08.11-09:23:59.597[32m info [39m [caliper] [connectors/v2/FabricGateway] 	Successfully connected user with identity _AuctioncentersMSP_User1 to a Network Gateway
2026.08.11-09:23:59.597[32m info [39m [caliper] [connectors/v2/FabricGateway] 	Generating contract map for user _AuctioncentersMSP_User1
2026.08.11-09:23:59.615[32m info [39m [caliper] [connectors/v2/FabricGateway] 	Connecting user with identity _AuctioncentersMSP_User2 to a Network Gateway
2026.08.11-09:23:59.616[32m info [39m [caliper] [connectors/v2/FabricGateway] 	Connecting user with identity _AuctioncentersMSP_User2 to a Network Gateway
2026.08.11-09:23:59.636[32m info [39m [caliper] [connectors/v2/FabricGateway] 	Connecting user with identity _AuctioncentersMSP_User2 to a Network Gateway
2026.08.11-09:23:59.638[32m info [39m [caliper] [connectors/v2/FabricGateway] 	Connecting user with identity _AuctioncentersMSP_User2 to a Network Gateway
2026.08.11-09:23:59.649[32m info [39m [caliper] [connectors/v2/FabricGateway] 	Connecting user with identity _AuctioncentersMSP_User2 to a Network Gateway
2026.08.11-09:23:59.680[32m info [39m [caliper] [connectors/v2/FabricGateway] 	Successfully connected user with identity _AuctioncentersMSP_User2 to a Network Gateway
2026.08.11-09:23:59.680[32m info [39m [caliper] [connectors/v2/FabricGateway] 	Generating contract map for user _AuctioncentersMSP_User2
2026.08.11-09:23:59.681[32m info [39m [caliper] [connectors/v2/FabricGateway] 	Successfully connected user with identity _AuctioncentersMSP_User2 to a Network Gateway
2026.08.11-09:23:59.681[32m info [39m [caliper] [connectors/v2/FabricGateway] 	Generating contract map for user _AuctioncentersMSP_User2
2026.08.11-09:23:59.701[32m info [39m [caliper] [connectors/v2/FabricGateway] 	Successfully connected user with identity _AuctioncentersMSP_User2 to a Network Gateway
2026.08.11-09:23:59.702[32m info [39m [caliper] [connectors/v2/FabricGateway] 	Generating contract map for user _AuctioncentersMSP_User2
2026.08.11-09:23:59.705[32m info [39m [caliper] [connectors/v2/FabricGateway] 	Successfully connected user with identity _AuctioncentersMSP_User2 to a Network Gateway
2026.08.11-09:23:59.705[32m info [39m [caliper] [connectors/v2/FabricGateway] 	Generating contract map for user _AuctioncentersMSP_User2
2026.08.11-09:23:59.717[32m info [39m [caliper] [connectors/v2/FabricGateway] 	Successfully connected user with identity _AuctioncentersMSP_User2 to a Network Gateway
2026.08.11-09:23:59.717[32m info [39m [caliper] [connectors/v2/FabricGateway] 	Generating contract map for user _AuctioncentersMSP_User2
2026.08.11-09:23:59.734[32m info [39m [caliper] [connectors/v2/FabricGateway] 	Connecting user with identity _AuctioncentersMSP_User3 to a Network Gateway
2026.08.11-09:23:59.737[32m info [39m [caliper] [connectors/v2/FabricGateway] 	Connecting user with identity _AuctioncentersMSP_User3 to a Network Gateway
2026.08.11-09:23:59.754[32m info [39m [caliper] [connectors/v2/FabricGateway] 	Connecting user with identity _AuctioncentersMSP_User3 to a Network Gateway
2026.08.11-09:23:59.759[32m info [39m [caliper] [connectors/v2/FabricGateway] 	Connecting user with identity _AuctioncentersMSP_User3 to a Network Gateway
2026.08.11-09:23:59.769[32m info [39m [caliper] [connectors/v2/FabricGateway] 	Connecting user with identity _AuctioncentersMSP_User3 to a Network Gateway
2026.08.11-09:23:59.799[32m info [39m [caliper] [connectors/v2/FabricGateway] 	Successfully connected user with identity _AuctioncentersMSP_User3 to a Network Gateway
2026.08.11-09:23:59.799[32m info [39m [caliper] [connectors/v2/FabricGateway] 	Generating contract map for user _AuctioncentersMSP_User3
2026.08.11-09:23:59.800[32m info [39m [caliper] [connectors/v2/FabricGateway] 	Successfully connected user with identity _AuctioncentersMSP_User3 to a Network Gateway
2026.08.11-09:23:59.800[32m info [39m [caliper] [connectors/v2/FabricGateway] 	Generating contract map for user _AuctioncentersMSP_User3
2026.08.11-09:23:59.816[32m info [39m [caliper] [connectors/v2/FabricGateway] 	Successfully connected user with identity _AuctioncentersMSP_User3 to a Network Gateway
2026.08.11-09:23:59.817[32m info [39m [caliper] [connectors/v2/FabricGateway] 	Generating contract map for user _AuctioncentersMSP_User3
2026.08.11-09:23:59.822[32m info [39m [caliper] [connectors/v2/FabricGateway] 	Successfully connected user with identity _AuctioncentersMSP_User3 to a Network Gateway
2026.08.11-09:23:59.822[32m info [39m [caliper] [connectors/v2/FabricGateway] 	Generating contract map for user _AuctioncentersMSP_User3
2026.08.11-09:23:59.834[32m info [39m [caliper] [connectors/v2/FabricGateway] 	Successfully connected user with identity _AuctioncentersMSP_User3 to a Network Gateway
2026.08.11-09:23:59.835[32m info [39m [caliper] [connectors/v2/FabricGateway] 	Generating contract map for user _AuctioncentersMSP_User3
2026.08.11-09:23:59.853[32m info [39m [caliper] [connectors/v2/FabricGateway] 	Connecting user with identity _AuctioncentersMSP_User4 to a Network Gateway
2026.08.11-09:23:59.854[32m info [39m [caliper] [connectors/v2/FabricGateway] 	Connecting user with identity _AuctioncentersMSP_User4 to a Network Gateway
2026.08.11-09:23:59.874[32m info [39m [caliper] [connectors/v2/FabricGateway] 	Connecting user with identity _AuctioncentersMSP_User4 to a Network Gateway
2026.08.11-09:23:59.877[32m info [39m [caliper] [connectors/v2/FabricGateway] 	Connecting user with identity _AuctioncentersMSP_User4 to a Network Gateway
2026.08.11-09:23:59.887[32m info [39m [caliper] [connectors/v2/FabricGateway] 	Connecting user with identity _AuctioncentersMSP_User4 to a Network Gateway
2026.08.11-09:23:59.916[32m info [39m [caliper] [connectors/v2/FabricGateway] 	Successfully connected user with identity _AuctioncentersMSP_User4 to a Network Gateway
2026.08.11-09:23:59.916[32m info [39m [caliper] [connectors/v2/FabricGateway] 	Generating contract map for user _AuctioncentersMSP_User4
2026.08.11-09:23:59.917[32m info [39m [caliper] [connectors/v2/FabricGateway] 	Successfully connected user with identity _AuctioncentersMSP_User4 to a Network Gateway
2026.08.11-09:23:59.917[32m info [39m [caliper] [connectors/v2/FabricGateway] 	Generating contract map for user _AuctioncentersMSP_User4
2026.08.11-09:23:59.968[32m info [39m [caliper] [connectors/v2/FabricGateway] 	Successfully connected user with identity _AuctioncentersMSP_User4 to a Network Gateway
2026.08.11-09:23:59.969[32m info [39m [caliper] [connectors/v2/FabricGateway] 	Generating contract map for user _AuctioncentersMSP_User4
2026.08.11-09:23:59.972[32m info [39m [caliper] [connectors/v2/FabricGateway] 	Successfully connected user with identity _AuctioncentersMSP_User4 to a Network Gateway
2026.08.11-09:23:59.973[32m info [39m [caliper] [connectors/v2/FabricGateway] 	Generating contract map for user _AuctioncentersMSP_User4
2026.08.11-09:23:59.983[32m info [39m [caliper] [connectors/v2/FabricGateway] 	Successfully connected user with identity _AuctioncentersMSP_User4 to a Network Gateway
2026.08.11-09:23:59.984[32m info [39m [caliper] [connectors/v2/FabricGateway] 	Generating contract map for user _AuctioncentersMSP_User4
2026.08.11-09:24:00.001[32m info [39m [caliper] [connectors/v2/FabricGateway] 	Connecting user with identity _AuctioncentersMSP_User5 to a Network Gateway
2026.08.11-09:24:00.006[32m info [39m [caliper] [connectors/v2/FabricGateway] 	Connecting user with identity _AuctioncentersMSP_User5 to a Network Gateway
2026.08.11-09:24:00.029[32m info [39m [caliper] [connectors/v2/FabricGateway] 	Connecting user with identity _AuctioncentersMSP_User5 to a Network Gateway
2026.08.11-09:24:00.034[32m info [39m [caliper] [connectors/v2/FabricGateway] 	Connecting user with identity _AuctioncentersMSP_User5 to a Network Gateway
2026.08.11-09:24:00.044[32m info [39m [caliper] [connectors/v2/FabricGateway] 	Connecting user with identity _AuctioncentersMSP_User5 to a Network Gateway
2026.08.11-09:24:00.072[32m info [39m [caliper] [connectors/v2/FabricGateway] 	Successfully connected user with identity _AuctioncentersMSP_User5 to a Network Gateway
2026.08.11-09:24:00.072[32m info [39m [caliper] [connectors/v2/FabricGateway] 	Generating contract map for user _AuctioncentersMSP_User5
2026.08.11-09:24:00.074[32m info [39m [caliper] [connectors/v2/FabricGateway] 	Successfully connected user with identity _AuctioncentersMSP_User5 to a Network Gateway
2026.08.11-09:24:00.075[32m info [39m [caliper] [connectors/v2/FabricGateway] 	Generating contract map for user _AuctioncentersMSP_User5
2026.08.11-09:24:00.099[32m info [39m [caliper] [connectors/v2/FabricGateway] 	Successfully connected user with identity _AuctioncentersMSP_User5 to a Network Gateway
2026.08.11-09:24:00.099[32m info [39m [caliper] [connectors/v2/FabricGateway] 	Generating contract map for user _AuctioncentersMSP_User5
2026.08.11-09:24:00.110[32m info [39m [caliper] [connectors/v2/FabricGateway] 	Successfully connected user with identity _AuctioncentersMSP_User5 to a Network Gateway
2026.08.11-09:24:00.110[32m info [39m [caliper] [connectors/v2/FabricGateway] 	Generating contract map for user _AuctioncentersMSP_User5
2026.08.11-09:24:00.114[32m info [39m [caliper] [connectors/v2/FabricGateway] 	Successfully connected user with identity _AuctioncentersMSP_User5 to a Network Gateway
2026.08.11-09:24:00.114[32m info [39m [caliper] [connectors/v2/FabricGateway] 	Generating contract map for user _AuctioncentersMSP_User5
2026.08.11-09:24:00.146[32m info [39m [caliper] [connectors/v2/FabricGateway] 	Connecting user with identity _WholesalersMSP_User0 to a Network Gateway
2026.08.11-09:24:00.146[32m info [39m [caliper] [connectors/v2/FabricGateway] 	Connecting user with identity _WholesalersMSP_User0 to a Network Gateway
2026.08.11-09:24:00.184[32m info [39m [caliper] [connectors/v2/FabricGateway] 	Connecting user with identity _WholesalersMSP_User0 to a Network Gateway
2026.08.11-09:24:00.185[32m info [39m [caliper] [connectors/v2/FabricGateway] 	Connecting user with identity _WholesalersMSP_User0 to a Network Gateway
2026.08.11-09:24:00.195[32m info [39m [caliper] [connectors/v2/FabricGateway] 	Connecting user with identity _WholesalersMSP_User0 to a Network Gateway
2026.08.11-09:24:00.211[32m info [39m [caliper] [connectors/v2/FabricGateway] 	Successfully connected user with identity _WholesalersMSP_User0 to a Network Gateway
2026.08.11-09:24:00.211[32m info [39m [caliper] [connectors/v2/FabricGateway] 	Generating contract map for user _WholesalersMSP_User0
2026.08.11-09:24:00.217[32m info [39m [caliper] [connectors/v2/FabricGateway] 	Successfully connected user with identity _WholesalersMSP_User0 to a Network Gateway
2026.08.11-09:24:00.217[32m info [39m [caliper] [connectors/v2/FabricGateway] 	Generating contract map for user _WholesalersMSP_User0
2026.08.11-09:24:00.255[32m info [39m [caliper] [connectors/v2/FabricGateway] 	Successfully connected user with identity _WholesalersMSP_User0 to a Network Gateway
2026.08.11-09:24:00.255[32m info [39m [caliper] [connectors/v2/FabricGateway] 	Generating contract map for user _WholesalersMSP_User0
2026.08.11-09:24:00.259[32m info [39m [caliper] [connectors/v2/FabricGateway] 	Connecting user with identity _WholesalersMSP_User1 to a Network Gateway
2026.08.11-09:24:00.262[32m info [39m [caliper] [connectors/v2/FabricGateway] 	Successfully connected user with identity _WholesalersMSP_User0 to a Network Gateway
2026.08.11-09:24:00.262[32m info [39m [caliper] [connectors/v2/FabricGateway] 	Generating contract map for user _WholesalersMSP_User0
2026.08.11-09:24:00.265[32m info [39m [caliper] [connectors/v2/FabricGateway] 	Successfully connected user with identity _WholesalersMSP_User0 to a Network Gateway
2026.08.11-09:24:00.265[32m info [39m [caliper] [connectors/v2/FabricGateway] 	Generating contract map for user _WholesalersMSP_User0
2026.08.11-09:24:00.267[32m info [39m [caliper] [connectors/v2/FabricGateway] 	Connecting user with identity _WholesalersMSP_User1 to a Network Gateway
2026.08.11-09:24:00.306[32m info [39m [caliper] [connectors/v2/FabricGateway] 	Connecting user with identity _WholesalersMSP_User1 to a Network Gateway
2026.08.11-09:24:00.316[32m info [39m [caliper] [connectors/v2/FabricGateway] 	Connecting user with identity _WholesalersMSP_User1 to a Network Gateway
2026.08.11-09:24:00.319[32m info [39m [caliper] [connectors/v2/FabricGateway] 	Connecting user with identity _WholesalersMSP_User1 to a Network Gateway
2026.08.11-09:24:00.334[32m info [39m [caliper] [connectors/v2/FabricGateway] 	Successfully connected user with identity _WholesalersMSP_User1 to a Network Gateway
2026.08.11-09:24:00.335[32m info [39m [caliper] [connectors/v2/FabricGateway] 	Generating contract map for user _WholesalersMSP_User1
2026.08.11-09:24:00.342[32m info [39m [caliper] [connectors/v2/FabricGateway] 	Successfully connected user with identity _WholesalersMSP_User1 to a Network Gateway
2026.08.11-09:24:00.342[32m info [39m [caliper] [connectors/v2/FabricGateway] 	Generating contract map for user _WholesalersMSP_User1
2026.08.11-09:24:00.378[32m info [39m [caliper] [connectors/v2/FabricGateway] 	Successfully connected user with identity _WholesalersMSP_User1 to a Network Gateway
2026.08.11-09:24:00.379[32m info [39m [caliper] [connectors/v2/FabricGateway] 	Generating contract map for user _WholesalersMSP_User1
2026.08.11-09:24:00.379[32m info [39m [caliper] [connectors/v2/FabricGateway] 	Connecting user with identity _WholesalersMSP_User2 to a Network Gateway
2026.08.11-09:24:00.383[32m info [39m [caliper] [connectors/v2/FabricGateway] 	Successfully connected user with identity _WholesalersMSP_User1 to a Network Gateway
2026.08.11-09:24:00.383[32m info [39m [caliper] [connectors/v2/FabricGateway] 	Generating contract map for user _WholesalersMSP_User1
2026.08.11-09:24:00.386[32m info [39m [caliper] [connectors/v2/FabricGateway] 	Successfully connected user with identity _WholesalersMSP_User1 to a Network Gateway
2026.08.11-09:24:00.387[32m info [39m [caliper] [connectors/v2/FabricGateway] 	Generating contract map for user _WholesalersMSP_User1
2026.08.11-09:24:00.391[32m info [39m [caliper] [connectors/v2/FabricGateway] 	Connecting user with identity _WholesalersMSP_User2 to a Network Gateway
2026.08.11-09:24:00.428[32m info [39m [caliper] [connectors/v2/FabricGateway] 	Connecting user with identity _WholesalersMSP_User2 to a Network Gateway
2026.08.11-09:24:00.433[32m info [39m [caliper] [connectors/v2/FabricGateway] 	Connecting user with identity _WholesalersMSP_User2 to a Network Gateway
2026.08.11-09:24:00.433[32m info [39m [caliper] [connectors/v2/FabricGateway] 	Connecting user with identity _WholesalersMSP_User2 to a Network Gateway
2026.08.11-09:24:00.444[32m info [39m [caliper] [connectors/v2/FabricGateway] 	Successfully connected user with identity _WholesalersMSP_User2 to a Network Gateway
2026.08.11-09:24:00.444[32m info [39m [caliper] [connectors/v2/FabricGateway] 	Generating contract map for user _WholesalersMSP_User2
2026.08.11-09:24:00.453[32m info [39m [caliper] [connectors/v2/FabricGateway] 	Successfully connected user with identity _WholesalersMSP_User2 to a Network Gateway
2026.08.11-09:24:00.454[32m info [39m [caliper] [connectors/v2/FabricGateway] 	Generating contract map for user _WholesalersMSP_User2
2026.08.11-09:24:00.490[32m info [39m [caliper] [connectors/v2/FabricGateway] 	Connecting user with identity _WholesalersMSP_User3 to a Network Gateway
2026.08.11-09:24:00.495[32m info [39m [caliper] [connectors/v2/FabricGateway] 	Successfully connected user with identity _WholesalersMSP_User2 to a Network Gateway
2026.08.11-09:24:00.496[32m info [39m [caliper] [connectors/v2/FabricGateway] 	Generating contract map for user _WholesalersMSP_User2
2026.08.11-09:24:00.498[32m info [39m [caliper] [connectors/v2/FabricGateway] 	Successfully connected user with identity _WholesalersMSP_User2 to a Network Gateway
2026.08.11-09:24:00.498[32m info [39m [caliper] [connectors/v2/FabricGateway] 	Generating contract map for user _WholesalersMSP_User2
2026.08.11-09:24:00.499[32m info [39m [caliper] [connectors/v2/FabricGateway] 	Successfully connected user with identity _WholesalersMSP_User2 to a Network Gateway
2026.08.11-09:24:00.500[32m info [39m [caliper] [connectors/v2/FabricGateway] 	Generating contract map for user _WholesalersMSP_User2
2026.08.11-09:24:00.502[32m info [39m [caliper] [connectors/v2/FabricGateway] 	Connecting user with identity _WholesalersMSP_User3 to a Network Gateway
2026.08.11-09:24:00.544[32m info [39m [caliper] [connectors/v2/FabricGateway] 	Connecting user with identity _WholesalersMSP_User3 to a Network Gateway
2026.08.11-09:24:00.545[32m info [39m [caliper] [connectors/v2/FabricGateway] 	Connecting user with identity _WholesalersMSP_User3 to a Network Gateway
2026.08.11-09:24:00.551[32m info [39m [caliper] [connectors/v2/FabricGateway] 	Connecting user with identity _WholesalersMSP_User3 to a Network Gateway
2026.08.11-09:24:00.558[32m info [39m [caliper] [connectors/v2/FabricGateway] 	Successfully connected user with identity _WholesalersMSP_User3 to a Network Gateway
2026.08.11-09:24:00.558[32m info [39m [caliper] [connectors/v2/FabricGateway] 	Generating contract map for user _WholesalersMSP_User3
2026.08.11-09:24:00.567[32m info [39m [caliper] [connectors/v2/FabricGateway] 	Successfully connected user with identity _WholesalersMSP_User3 to a Network Gateway
2026.08.11-09:24:00.568[32m info [39m [caliper] [connectors/v2/FabricGateway] 	Generating contract map for user _WholesalersMSP_User3
2026.08.11-09:24:00.609[32m info [39m [caliper] [connectors/v2/FabricGateway] 	Connecting user with identity _WholesalersMSP_User4 to a Network Gateway
2026.08.11-09:24:00.610[32m info [39m [caliper] [connectors/v2/FabricGateway] 	Successfully connected user with identity _WholesalersMSP_User3 to a Network Gateway
2026.08.11-09:24:00.610[32m info [39m [caliper] [connectors/v2/FabricGateway] 	Generating contract map for user _WholesalersMSP_User3
2026.08.11-09:24:00.613[32m info [39m [caliper] [connectors/v2/FabricGateway] 	Successfully connected user with identity _WholesalersMSP_User3 to a Network Gateway
2026.08.11-09:24:00.613[32m info [39m [caliper] [connectors/v2/FabricGateway] 	Generating contract map for user _WholesalersMSP_User3
2026.08.11-09:24:00.620[32m info [39m [caliper] [connectors/v2/FabricGateway] 	Successfully connected user with identity _WholesalersMSP_User3 to a Network Gateway
2026.08.11-09:24:00.620[32m info [39m [caliper] [connectors/v2/FabricGateway] 	Generating contract map for user _WholesalersMSP_User3
2026.08.11-09:24:00.626[32m info [39m [caliper] [connectors/v2/FabricGateway] 	Connecting user with identity _WholesalersMSP_User4 to a Network Gateway
2026.08.11-09:24:00.664[32m info [39m [caliper] [connectors/v2/FabricGateway] 	Connecting user with identity _WholesalersMSP_User4 to a Network Gateway
2026.08.11-09:24:00.670[32m info [39m [caliper] [connectors/v2/FabricGateway] 	Connecting user with identity _WholesalersMSP_User4 to a Network Gateway
2026.08.11-09:24:00.673[32m info [39m [caliper] [connectors/v2/FabricGateway] 	Connecting user with identity _WholesalersMSP_User4 to a Network Gateway
2026.08.11-09:24:00.684[32m info [39m [caliper] [connectors/v2/FabricGateway] 	Successfully connected user with identity _WholesalersMSP_User4 to a Network Gateway
2026.08.11-09:24:00.684[32m info [39m [caliper] [connectors/v2/FabricGateway] 	Generating contract map for user _WholesalersMSP_User4
2026.08.11-09:24:00.700[32m info [39m [caliper] [connectors/v2/FabricGateway] 	Successfully connected user with identity _WholesalersMSP_User4 to a Network Gateway
2026.08.11-09:24:00.700[32m info [39m [caliper] [connectors/v2/FabricGateway] 	Generating contract map for user _WholesalersMSP_User4
2026.08.11-09:24:00.736[32m info [39m [caliper] [connectors/v2/FabricGateway] 	Successfully connected user with identity _WholesalersMSP_User4 to a Network Gateway
2026.08.11-09:24:00.737[32m info [39m [caliper] [connectors/v2/FabricGateway] 	Generating contract map for user _WholesalersMSP_User4
2026.08.11-09:24:00.741[32m info [39m [caliper] [connectors/v2/FabricGateway] 	Successfully connected user with identity _WholesalersMSP_User4 to a Network Gateway
2026.08.11-09:24:00.741[32m info [39m [caliper] [connectors/v2/FabricGateway] 	Generating contract map for user _WholesalersMSP_User4
2026.08.11-09:24:00.742[32m info [39m [caliper] [connectors/v2/FabricGateway] 	Connecting user with identity _WholesalersMSP_User5 to a Network Gateway
2026.08.11-09:24:00.743[32m info [39m [caliper] [connectors/v2/FabricGateway] 	Successfully connected user with identity _WholesalersMSP_User4 to a Network Gateway
2026.08.11-09:24:00.743[32m info [39m [caliper] [connectors/v2/FabricGateway] 	Generating contract map for user _WholesalersMSP_User4
2026.08.11-09:24:00.753[32m info [39m [caliper] [connectors/v2/FabricGateway] 	Connecting user with identity _WholesalersMSP_User5 to a Network Gateway
2026.08.11-09:24:00.789[32m info [39m [caliper] [connectors/v2/FabricGateway] 	Connecting user with identity _WholesalersMSP_User5 to a Network Gateway
2026.08.11-09:24:00.795[32m info [39m [caliper] [connectors/v2/FabricGateway] 	Connecting user with identity _WholesalersMSP_User5 to a Network Gateway
2026.08.11-09:24:00.796[32m info [39m [caliper] [connectors/v2/FabricGateway] 	Connecting user with identity _WholesalersMSP_User5 to a Network Gateway
2026.08.11-09:24:00.818[32m info [39m [caliper] [connectors/v2/FabricGateway] 	Successfully connected user with identity _WholesalersMSP_User5 to a Network Gateway
2026.08.11-09:24:00.818[32m info [39m [caliper] [connectors/v2/FabricGateway] 	Generating contract map for user _WholesalersMSP_User5
2026.08.11-09:24:00.819[32m info [39m [caliper] [connectors/v2/FabricGateway] 	Successfully connected user with identity _WholesalersMSP_User5 to a Network Gateway
2026.08.11-09:24:00.819[32m info [39m [caliper] [connectors/v2/FabricGateway] 	Generating contract map for user _WholesalersMSP_User5
2026.08.11-09:24:00.854[32m info [39m [caliper] [connectors/v2/FabricGateway] 	Successfully connected user with identity _WholesalersMSP_User5 to a Network Gateway
2026.08.11-09:24:00.854[32m info [39m [caliper] [connectors/v2/FabricGateway] 	Generating contract map for user _WholesalersMSP_User5
2026.08.11-09:24:00.860[32m info [39m [caliper] [connectors/v2/FabricGateway] 	Successfully connected user with identity _WholesalersMSP_User5 to a Network Gateway
2026.08.11-09:24:00.860[32m info [39m [caliper] [connectors/v2/FabricGateway] 	Generating contract map for user _WholesalersMSP_User5
2026.08.11-09:24:00.871[32m info [39m [caliper] [connectors/v2/FabricGateway] 	Successfully connected user with identity _WholesalersMSP_User5 to a Network Gateway
2026.08.11-09:24:00.872[32m info [39m [caliper] [connectors/v2/FabricGateway] 	Generating contract map for user _WholesalersMSP_User5
2026.08.11-09:24:00.873[32m info [39m [caliper] [connectors/v2/FabricGateway] 	Connecting user with identity _RetailersMSP_User0 to a Network Gateway
2026.08.11-09:24:00.873[32m info [39m [caliper] [connectors/v2/FabricGateway] 	Connecting user with identity _RetailersMSP_User0 to a Network Gateway
2026.08.11-09:24:00.907[32m info [39m [caliper] [connectors/v2/FabricGateway] 	Connecting user with identity _RetailersMSP_User0 to a Network Gateway
2026.08.11-09:24:00.913[32m info [39m [caliper] [connectors/v2/FabricGateway] 	Connecting user with identity _RetailersMSP_User0 to a Network Gateway
2026.08.11-09:24:00.922[32m info [39m [caliper] [connectors/v2/FabricGateway] 	Connecting user with identity _RetailersMSP_User0 to a Network Gateway
2026.08.11-09:24:00.939[32m info [39m [caliper] [connectors/v2/FabricGateway] 	Successfully connected user with identity _RetailersMSP_User0 to a Network Gateway
2026.08.11-09:24:00.939[32m info [39m [caliper] [connectors/v2/FabricGateway] 	Generating contract map for user _RetailersMSP_User0
2026.08.11-09:24:00.939[32m info [39m [caliper] [connectors/v2/FabricGateway] 	Successfully connected user with identity _RetailersMSP_User0 to a Network Gateway
2026.08.11-09:24:00.939[32m info [39m [caliper] [connectors/v2/FabricGateway] 	Generating contract map for user _RetailersMSP_User0
2026.08.11-09:24:00.975[32m info [39m [caliper] [connectors/v2/FabricGateway] 	Successfully connected user with identity _RetailersMSP_User0 to a Network Gateway
2026.08.11-09:24:00.975[32m info [39m [caliper] [connectors/v2/FabricGateway] 	Generating contract map for user _RetailersMSP_User0
2026.08.11-09:24:00.980[32m info [39m [caliper] [connectors/v2/FabricGateway] 	Successfully connected user with identity _RetailersMSP_User0 to a Network Gateway
2026.08.11-09:24:00.980[32m info [39m [caliper] [connectors/v2/FabricGateway] 	Generating contract map for user _RetailersMSP_User0
2026.08.11-09:24:00.988[32m info [39m [caliper] [connectors/v2/FabricGateway] 	Connecting user with identity _RetailersMSP_User1 to a Network Gateway
2026.08.11-09:24:00.991[32m info [39m [caliper] [connectors/v2/FabricGateway] 	Connecting user with identity _RetailersMSP_User1 to a Network Gateway
2026.08.11-09:24:00.995[32m info [39m [caliper] [connectors/v2/FabricGateway] 	Successfully connected user with identity _RetailersMSP_User0 to a Network Gateway
2026.08.11-09:24:00.996[32m info [39m [caliper] [connectors/v2/FabricGateway] 	Generating contract map for user _RetailersMSP_User0
2026.08.11-09:24:01.027[32m info [39m [caliper] [connectors/v2/FabricGateway] 	Connecting user with identity _RetailersMSP_User1 to a Network Gateway
2026.08.11-09:24:01.033[32m info [39m [caliper] [connectors/v2/FabricGateway] 	Connecting user with identity _RetailersMSP_User1 to a Network Gateway
2026.08.11-09:24:01.051[32m info [39m [caliper] [connectors/v2/FabricGateway] 	Connecting user with identity _RetailersMSP_User1 to a Network Gateway
2026.08.11-09:24:01.060[32m info [39m [caliper] [connectors/v2/FabricGateway] 	Successfully connected user with identity _RetailersMSP_User1 to a Network Gateway
2026.08.11-09:24:01.060[32m info [39m [caliper] [connectors/v2/FabricGateway] 	Generating contract map for user _RetailersMSP_User1
2026.08.11-09:24:01.063[32m info [39m [caliper] [connectors/v2/FabricGateway] 	Successfully connected user with identity _RetailersMSP_User1 to a Network Gateway
2026.08.11-09:24:01.064[32m info [39m [caliper] [connectors/v2/FabricGateway] 	Generating contract map for user _RetailersMSP_User1
2026.08.11-09:24:01.098[32m info [39m [caliper] [connectors/v2/FabricGateway] 	Successfully connected user with identity _RetailersMSP_User1 to a Network Gateway
2026.08.11-09:24:01.098[32m info [39m [caliper] [connectors/v2/FabricGateway] 	Successfully connected user with identity _RetailersMSP_User1 to a Network Gateway
2026.08.11-09:24:01.098[32m info [39m [caliper] [connectors/v2/FabricGateway] 	Generating contract map for user _RetailersMSP_User1
2026.08.11-09:24:01.098[32m info [39m [caliper] [connectors/v2/FabricGateway] 	Generating contract map for user _RetailersMSP_User1
2026.08.11-09:24:01.110[32m info [39m [caliper] [connectors/v2/FabricGateway] 	Connecting user with identity _RetailersMSP_User2 to a Network Gateway
2026.08.11-09:24:01.118[32m info [39m [caliper] [connectors/v2/FabricGateway] 	Connecting user with identity _RetailersMSP_User2 to a Network Gateway
2026.08.11-09:24:01.124[32m info [39m [caliper] [connectors/v2/FabricGateway] 	Successfully connected user with identity _RetailersMSP_User1 to a Network Gateway
2026.08.11-09:24:01.125[32m info [39m [caliper] [connectors/v2/FabricGateway] 	Generating contract map for user _RetailersMSP_User1
2026.08.11-09:24:01.148[32m info [39m [caliper] [connectors/v2/FabricGateway] 	Connecting user with identity _RetailersMSP_User2 to a Network Gateway
2026.08.11-09:24:01.148[32m info [39m [caliper] [connectors/v2/FabricGateway] 	Connecting user with identity _RetailersMSP_User2 to a Network Gateway
2026.08.11-09:24:01.174[32m info [39m [caliper] [connectors/v2/FabricGateway] 	Connecting user with identity _RetailersMSP_User2 to a Network Gateway
2026.08.11-09:24:01.181[32m info [39m [caliper] [connectors/v2/FabricGateway] 	Successfully connected user with identity _RetailersMSP_User2 to a Network Gateway
2026.08.11-09:24:01.181[32m info [39m [caliper] [connectors/v2/FabricGateway] 	Generating contract map for user _RetailersMSP_User2
2026.08.11-09:24:01.187[32m info [39m [caliper] [connectors/v2/FabricGateway] 	Successfully connected user with identity _RetailersMSP_User2 to a Network Gateway
2026.08.11-09:24:01.187[32m info [39m [caliper] [connectors/v2/FabricGateway] 	Generating contract map for user _RetailersMSP_User2
2026.08.11-09:24:01.223[32m info [39m [caliper] [connectors/v2/FabricGateway] 	Successfully connected user with identity _RetailersMSP_User2 to a Network Gateway
2026.08.11-09:24:01.224[32m info [39m [caliper] [connectors/v2/FabricGateway] 	Generating contract map for user _RetailersMSP_User2
2026.08.11-09:24:01.226[32m info [39m [caliper] [connectors/v2/FabricGateway] 	Successfully connected user with identity _RetailersMSP_User2 to a Network Gateway
2026.08.11-09:24:01.227[32m info [39m [caliper] [connectors/v2/FabricGateway] 	Generating contract map for user _RetailersMSP_User2
2026.08.11-09:24:01.238[32m info [39m [caliper] [connectors/v2/FabricGateway] 	Connecting user with identity _RetailersMSP_User3 to a Network Gateway
2026.08.11-09:24:01.243[32m info [39m [caliper] [connectors/v2/FabricGateway] 	Connecting user with identity _RetailersMSP_User3 to a Network Gateway
2026.08.11-09:24:01.249[32m info [39m [caliper] [connectors/v2/FabricGateway] 	Successfully connected user with identity _RetailersMSP_User2 to a Network Gateway
2026.08.11-09:24:01.249[32m info [39m [caliper] [connectors/v2/FabricGateway] 	Generating contract map for user _RetailersMSP_User2
2026.08.11-09:24:01.278[32m info [39m [caliper] [connectors/v2/FabricGateway] 	Connecting user with identity _RetailersMSP_User3 to a Network Gateway
2026.08.11-09:24:01.279[32m info [39m [caliper] [connectors/v2/FabricGateway] 	Connecting user with identity _RetailersMSP_User3 to a Network Gateway
2026.08.11-09:24:01.301[32m info [39m [caliper] [connectors/v2/FabricGateway] 	Connecting user with identity _RetailersMSP_User3 to a Network Gateway
2026.08.11-09:24:01.306[32m info [39m [caliper] [connectors/v2/FabricGateway] 	Successfully connected user with identity _RetailersMSP_User3 to a Network Gateway
2026.08.11-09:24:01.307[32m info [39m [caliper] [connectors/v2/FabricGateway] 	Generating contract map for user _RetailersMSP_User3
2026.08.11-09:24:01.307[32m info [39m [caliper] [connectors/v2/FabricGateway] 	Successfully connected user with identity _RetailersMSP_User3 to a Network Gateway
2026.08.11-09:24:01.307[32m info [39m [caliper] [connectors/v2/FabricGateway] 	Generating contract map for user _RetailersMSP_User3
2026.08.11-09:24:01.346[32m info [39m [caliper] [connectors/v2/FabricGateway] 	Successfully connected user with identity _RetailersMSP_User3 to a Network Gateway
2026.08.11-09:24:01.347[32m info [39m [caliper] [connectors/v2/FabricGateway] 	Generating contract map for user _RetailersMSP_User3
2026.08.11-09:24:01.350[32m info [39m [caliper] [connectors/v2/FabricGateway] 	Successfully connected user with identity _RetailersMSP_User3 to a Network Gateway
2026.08.11-09:24:01.350[32m info [39m [caliper] [connectors/v2/FabricGateway] 	Generating contract map for user _RetailersMSP_User3
2026.08.11-09:24:01.362[32m info [39m [caliper] [connectors/v2/FabricGateway] 	Connecting user with identity _RetailersMSP_User4 to a Network Gateway
2026.08.11-09:24:01.364[32m info [39m [caliper] [connectors/v2/FabricGateway] 	Connecting user with identity _RetailersMSP_User4 to a Network Gateway
2026.08.11-09:24:01.372[32m info [39m [caliper] [connectors/v2/FabricGateway] 	Successfully connected user with identity _RetailersMSP_User3 to a Network Gateway
2026.08.11-09:24:01.372[32m info [39m [caliper] [connectors/v2/FabricGateway] 	Generating contract map for user _RetailersMSP_User3
2026.08.11-09:24:01.398[32m info [39m [caliper] [connectors/v2/FabricGateway] 	Connecting user with identity _RetailersMSP_User4 to a Network Gateway
2026.08.11-09:24:01.403[32m info [39m [caliper] [connectors/v2/FabricGateway] 	Connecting user with identity _RetailersMSP_User4 to a Network Gateway
2026.08.11-09:24:01.418[32m info [39m [caliper] [connectors/v2/FabricGateway] 	Connecting user with identity _RetailersMSP_User4 to a Network Gateway
2026.08.11-09:24:01.430[32m info [39m [caliper] [connectors/v2/FabricGateway] 	Successfully connected user with identity _RetailersMSP_User4 to a Network Gateway
2026.08.11-09:24:01.430[32m info [39m [caliper] [connectors/v2/FabricGateway] 	Generating contract map for user _RetailersMSP_User4
2026.08.11-09:24:01.446[32m info [39m [caliper] [connectors/v2/FabricGateway] 	Successfully connected user with identity _RetailersMSP_User4 to a Network Gateway
2026.08.11-09:24:01.446[32m info [39m [caliper] [connectors/v2/FabricGateway] 	Generating contract map for user _RetailersMSP_User4
2026.08.11-09:24:01.467[32m info [39m [caliper] [connectors/v2/FabricGateway] 	Successfully connected user with identity _RetailersMSP_User4 to a Network Gateway
2026.08.11-09:24:01.467[32m info [39m [caliper] [connectors/v2/FabricGateway] 	Generating contract map for user _RetailersMSP_User4
2026.08.11-09:24:01.475[32m info [39m [caliper] [connectors/v2/FabricGateway] 	Successfully connected user with identity _RetailersMSP_User4 to a Network Gateway
2026.08.11-09:24:01.476[32m info [39m [caliper] [connectors/v2/FabricGateway] 	Generating contract map for user _RetailersMSP_User4
2026.08.11-09:24:01.479[32m info [39m [caliper] [connectors/v2/FabricGateway] 	Connecting user with identity _RetailersMSP_User5 to a Network Gateway
2026.08.11-09:24:01.488[32m info [39m [caliper] [connectors/v2/FabricGateway] 	Successfully connected user with identity _RetailersMSP_User4 to a Network Gateway
2026.08.11-09:24:01.488[32m info [39m [caliper] [connectors/v2/FabricGateway] 	Generating contract map for user _RetailersMSP_User4
2026.08.11-09:24:01.499[32m info [39m [caliper] [connectors/v2/FabricGateway] 	Connecting user with identity _RetailersMSP_User5 to a Network Gateway
2026.08.11-09:24:01.519[32m info [39m [caliper] [connectors/v2/FabricGateway] 	Connecting user with identity _RetailersMSP_User5 to a Network Gateway
2026.08.11-09:24:01.527[32m info [39m [caliper] [connectors/v2/FabricGateway] 	Connecting user with identity _RetailersMSP_User5 to a Network Gateway
2026.08.11-09:24:01.536[32m info [39m [caliper] [connectors/v2/FabricGateway] 	Connecting user with identity _RetailersMSP_User5 to a Network Gateway
2026.08.11-09:24:01.548[32m info [39m [caliper] [connectors/v2/FabricGateway] 	Successfully connected user with identity _RetailersMSP_User5 to a Network Gateway
2026.08.11-09:24:01.548[32m info [39m [caliper] [connectors/v2/FabricGateway] 	Generating contract map for user _RetailersMSP_User5
2026.08.11-09:24:01.566[32m info [39m [caliper] [connectors/v2/FabricGateway] 	Successfully connected user with identity _RetailersMSP_User5 to a Network Gateway
2026.08.11-09:24:01.566[32m info [39m [caliper] [connectors/v2/FabricGateway] 	Generating contract map for user _RetailersMSP_User5
2026.08.11-09:24:01.587[32m info [39m [caliper] [connectors/v2/FabricGateway] 	Successfully connected user with identity _RetailersMSP_User5 to a Network Gateway
2026.08.11-09:24:01.588[32m info [39m [caliper] [connectors/v2/FabricGateway] 	Generating contract map for user _RetailersMSP_User5
2026.08.11-09:24:01.594[32m info [39m [caliper] [connectors/v2/FabricGateway] 	Successfully connected user with identity _RetailersMSP_User5 to a Network Gateway
2026.08.11-09:24:01.595[32m info [39m [caliper] [connectors/v2/FabricGateway] 	Generating contract map for user _RetailersMSP_User5
2026.08.11-09:24:01.596[32m info [39m [caliper] [connectors/v2/FabricGateway] 	Connecting user with identity _ConsumersMSP_User0 to a Network Gateway
2026.08.11-09:24:01.607[32m info [39m [caliper] [connectors/v2/FabricGateway] 	Successfully connected user with identity _RetailersMSP_User5 to a Network Gateway
2026.08.11-09:24:01.608[32m info [39m [caliper] [connectors/v2/FabricGateway] 	Generating contract map for user _RetailersMSP_User5
2026.08.11-09:24:01.616[32m info [39m [caliper] [connectors/v2/FabricGateway] 	Connecting user with identity _ConsumersMSP_User0 to a Network Gateway
2026.08.11-09:24:01.640[32m info [39m [caliper] [connectors/v2/FabricGateway] 	Connecting user with identity _ConsumersMSP_User0 to a Network Gateway
2026.08.11-09:24:01.648[32m info [39m [caliper] [connectors/v2/FabricGateway] 	Connecting user with identity _ConsumersMSP_User0 to a Network Gateway
2026.08.11-09:24:01.662[32m info [39m [caliper] [connectors/v2/FabricGateway] 	Connecting user with identity _ConsumersMSP_User0 to a Network Gateway
2026.08.11-09:24:01.666[32m info [39m [caliper] [connectors/v2/FabricGateway] 	Successfully connected user with identity _ConsumersMSP_User0 to a Network Gateway
2026.08.11-09:24:01.667[32m info [39m [caliper] [connectors/v2/FabricGateway] 	Generating contract map for user _ConsumersMSP_User0
2026.08.11-09:24:01.691[32m info [39m [caliper] [connectors/v2/FabricGateway] 	Successfully connected user with identity _ConsumersMSP_User0 to a Network Gateway
2026.08.11-09:24:01.691[32m info [39m [caliper] [connectors/v2/FabricGateway] 	Generating contract map for user _ConsumersMSP_User0
2026.08.11-09:24:01.709[32m info [39m [caliper] [connectors/v2/FabricGateway] 	Successfully connected user with identity _ConsumersMSP_User0 to a Network Gateway
2026.08.11-09:24:01.709[32m info [39m [caliper] [connectors/v2/FabricGateway] 	Generating contract map for user _ConsumersMSP_User0
2026.08.11-09:24:01.718[32m info [39m [caliper] [connectors/v2/FabricGateway] 	Successfully connected user with identity _ConsumersMSP_User0 to a Network Gateway
2026.08.11-09:24:01.718[32m info [39m [caliper] [connectors/v2/FabricGateway] 	Generating contract map for user _ConsumersMSP_User0
2026.08.11-09:24:01.720[32m info [39m [caliper] [connectors/v2/FabricGateway] 	Connecting user with identity _ConsumersMSP_User1 to a Network Gateway
2026.08.11-09:24:01.736[32m info [39m [caliper] [connectors/v2/FabricGateway] 	Successfully connected user with identity _ConsumersMSP_User0 to a Network Gateway
2026.08.11-09:24:01.736[32m info [39m [caliper] [connectors/v2/FabricGateway] 	Generating contract map for user _ConsumersMSP_User0
2026.08.11-09:24:01.749[32m info [39m [caliper] [connectors/v2/FabricGateway] 	Connecting user with identity _ConsumersMSP_User1 to a Network Gateway
2026.08.11-09:24:01.768[32m info [39m [caliper] [connectors/v2/FabricGateway] 	Connecting user with identity _ConsumersMSP_User1 to a Network Gateway
2026.08.11-09:24:01.772[32m info [39m [caliper] [connectors/v2/FabricGateway] 	Connecting user with identity _ConsumersMSP_User1 to a Network Gateway
2026.08.11-09:24:01.788[32m info [39m [caliper] [connectors/v2/FabricGateway] 	Connecting user with identity _ConsumersMSP_User1 to a Network Gateway
2026.08.11-09:24:01.794[32m info [39m [caliper] [connectors/v2/FabricGateway] 	Successfully connected user with identity _ConsumersMSP_User1 to a Network Gateway
2026.08.11-09:24:01.794[32m info [39m [caliper] [connectors/v2/FabricGateway] 	Generating contract map for user _ConsumersMSP_User1
2026.08.11-09:24:01.820[32m info [39m [caliper] [connectors/v2/FabricGateway] 	Successfully connected user with identity _ConsumersMSP_User1 to a Network Gateway
2026.08.11-09:24:01.820[32m info [39m [caliper] [connectors/v2/FabricGateway] 	Generating contract map for user _ConsumersMSP_User1
2026.08.11-09:24:01.837[32m info [39m [caliper] [connectors/v2/FabricGateway] 	Successfully connected user with identity _ConsumersMSP_User1 to a Network Gateway
2026.08.11-09:24:01.837[32m info [39m [caliper] [connectors/v2/FabricGateway] 	Generating contract map for user _ConsumersMSP_User1
2026.08.11-09:24:01.837[32m info [39m [caliper] [connectors/v2/FabricGateway] 	Successfully connected user with identity _ConsumersMSP_User1 to a Network Gateway
2026.08.11-09:24:01.838[32m info [39m [caliper] [connectors/v2/FabricGateway] 	Generating contract map for user _ConsumersMSP_User1
2026.08.11-09:24:01.854[32m info [39m [caliper] [connectors/v2/FabricGateway] 	Successfully connected user with identity _ConsumersMSP_User1 to a Network Gateway
2026.08.11-09:24:01.854[32m info [39m [caliper] [connectors/v2/FabricGateway] 	Generating contract map for user _ConsumersMSP_User1
2026.08.11-09:24:01.868[32m info [39m [caliper] [connectors/v2/FabricGateway] 	Connecting user with identity _ConsumersMSP_User2 to a Network Gateway
2026.08.11-09:24:01.887[32m info [39m [caliper] [connectors/v2/FabricGateway] 	Connecting user with identity _ConsumersMSP_User2 to a Network Gateway
2026.08.11-09:24:01.907[32m info [39m [caliper] [connectors/v2/FabricGateway] 	Connecting user with identity _ConsumersMSP_User2 to a Network Gateway
2026.08.11-09:24:01.907[32m info [39m [caliper] [connectors/v2/FabricGateway] 	Connecting user with identity _ConsumersMSP_User2 to a Network Gateway
2026.08.11-09:24:01.928[32m info [39m [caliper] [connectors/v2/FabricGateway] 	Connecting user with identity _ConsumersMSP_User2 to a Network Gateway
2026.08.11-09:24:01.929[32m info [39m [caliper] [connectors/v2/FabricGateway] 	Successfully connected user with identity _ConsumersMSP_User2 to a Network Gateway
2026.08.11-09:24:01.929[32m info [39m [caliper] [connectors/v2/FabricGateway] 	Generating contract map for user _ConsumersMSP_User2
2026.08.11-09:24:01.950[32m info [39m [caliper] [connectors/v2/FabricGateway] 	Successfully connected user with identity _ConsumersMSP_User2 to a Network Gateway
2026.08.11-09:24:01.950[32m info [39m [caliper] [connectors/v2/FabricGateway] 	Generating contract map for user _ConsumersMSP_User2
2026.08.11-09:24:01.970[32m info [39m [caliper] [connectors/v2/FabricGateway] 	Successfully connected user with identity _ConsumersMSP_User2 to a Network Gateway
2026.08.11-09:24:01.970[32m info [39m [caliper] [connectors/v2/FabricGateway] 	Generating contract map for user _ConsumersMSP_User2
2026.08.11-09:24:01.976[32m info [39m [caliper] [connectors/v2/FabricGateway] 	Successfully connected user with identity _ConsumersMSP_User2 to a Network Gateway
2026.08.11-09:24:01.976[32m info [39m [caliper] [connectors/v2/FabricGateway] 	Generating contract map for user _ConsumersMSP_User2
2026.08.11-09:24:01.977[32m info [39m [caliper] [connectors/v2/FabricGateway] 	Connecting user with identity _ConsumersMSP_User3 to a Network Gateway
2026.08.11-09:24:01.997[32m info [39m [caliper] [connectors/v2/FabricGateway] 	Successfully connected user with identity _ConsumersMSP_User2 to a Network Gateway
2026.08.11-09:24:01.997[32m info [39m [caliper] [connectors/v2/FabricGateway] 	Generating contract map for user _ConsumersMSP_User2
2026.08.11-09:24:01.999[32m info [39m [caliper] [connectors/v2/FabricGateway] 	Connecting user with identity _ConsumersMSP_User3 to a Network Gateway
2026.08.11-09:24:02.020[32m info [39m [caliper] [connectors/v2/FabricGateway] 	Connecting user with identity _ConsumersMSP_User3 to a Network Gateway
2026.08.11-09:24:02.028[32m info [39m [caliper] [connectors/v2/FabricGateway] 	Connecting user with identity _ConsumersMSP_User3 to a Network Gateway
2026.08.11-09:24:02.044[32m info [39m [caliper] [connectors/v2/FabricGateway] 	Successfully connected user with identity _ConsumersMSP_User3 to a Network Gateway
2026.08.11-09:24:02.044[32m info [39m [caliper] [connectors/v2/FabricGateway] 	Generating contract map for user _ConsumersMSP_User3
2026.08.11-09:24:02.046[32m info [39m [caliper] [connectors/v2/FabricGateway] 	Connecting user with identity _ConsumersMSP_User3 to a Network Gateway
2026.08.11-09:24:02.072[32m info [39m [caliper] [connectors/v2/FabricGateway] 	Successfully connected user with identity _ConsumersMSP_User3 to a Network Gateway
2026.08.11-09:24:02.072[32m info [39m [caliper] [connectors/v2/FabricGateway] 	Generating contract map for user _ConsumersMSP_User3
2026.08.11-09:24:02.087[32m info [39m [caliper] [connectors/v2/FabricGateway] 	Successfully connected user with identity _ConsumersMSP_User3 to a Network Gateway
2026.08.11-09:24:02.087[32m info [39m [caliper] [connectors/v2/FabricGateway] 	Generating contract map for user _ConsumersMSP_User3
2026.08.11-09:24:02.106[32m info [39m [caliper] [connectors/v2/FabricGateway] 	Connecting user with identity _ConsumersMSP_User4 to a Network Gateway
2026.08.11-09:24:02.108[32m info [39m [caliper] [connectors/v2/FabricGateway] 	Successfully connected user with identity _ConsumersMSP_User3 to a Network Gateway
2026.08.11-09:24:02.108[32m info [39m [caliper] [connectors/v2/FabricGateway] 	Generating contract map for user _ConsumersMSP_User3
2026.08.11-09:24:02.124[32m info [39m [caliper] [connectors/v2/FabricGateway] 	Successfully connected user with identity _ConsumersMSP_User3 to a Network Gateway
2026.08.11-09:24:02.124[32m info [39m [caliper] [connectors/v2/FabricGateway] 	Generating contract map for user _ConsumersMSP_User3
2026.08.11-09:24:02.141[32m info [39m [caliper] [connectors/v2/FabricGateway] 	Connecting user with identity _ConsumersMSP_User4 to a Network Gateway
2026.08.11-09:24:02.148[32m info [39m [caliper] [connectors/v2/FabricGateway] 	Connecting user with identity _ConsumersMSP_User4 to a Network Gateway
2026.08.11-09:24:02.164[32m info [39m [caliper] [connectors/v2/FabricGateway] 	Connecting user with identity _ConsumersMSP_User4 to a Network Gateway
2026.08.11-09:24:02.178[32m info [39m [caliper] [connectors/v2/FabricGateway] 	Successfully connected user with identity _ConsumersMSP_User4 to a Network Gateway
2026.08.11-09:24:02.179[32m info [39m [caliper] [connectors/v2/FabricGateway] 	Generating contract map for user _ConsumersMSP_User4
2026.08.11-09:24:02.179[32m info [39m [caliper] [connectors/v2/FabricGateway] 	Connecting user with identity _ConsumersMSP_User4 to a Network Gateway
2026.08.11-09:24:02.212[32m info [39m [caliper] [connectors/v2/FabricGateway] 	Successfully connected user with identity _ConsumersMSP_User4 to a Network Gateway
2026.08.11-09:24:02.212[32m info [39m [caliper] [connectors/v2/FabricGateway] 	Generating contract map for user _ConsumersMSP_User4
2026.08.11-09:24:02.216[32m info [39m [caliper] [connectors/v2/FabricGateway] 	Successfully connected user with identity _ConsumersMSP_User4 to a Network Gateway
2026.08.11-09:24:02.216[32m info [39m [caliper] [connectors/v2/FabricGateway] 	Generating contract map for user _ConsumersMSP_User4
2026.08.11-09:24:02.232[32m info [39m [caliper] [connectors/v2/FabricGateway] 	Successfully connected user with identity _ConsumersMSP_User4 to a Network Gateway
2026.08.11-09:24:02.232[32m info [39m [caliper] [connectors/v2/FabricGateway] 	Generating contract map for user _ConsumersMSP_User4
2026.08.11-09:24:02.232[32m info [39m [caliper] [connectors/v2/FabricGateway] 	Connecting user with identity _ConsumersMSP_User5 to a Network Gateway
2026.08.11-09:24:02.248[32m info [39m [caliper] [connectors/v2/FabricGateway] 	Successfully connected user with identity _ConsumersMSP_User4 to a Network Gateway
2026.08.11-09:24:02.248[32m info [39m [caliper] [connectors/v2/FabricGateway] 	Generating contract map for user _ConsumersMSP_User4
2026.08.11-09:24:02.267[32m info [39m [caliper] [connectors/v2/FabricGateway] 	Connecting user with identity _ConsumersMSP_User5 to a Network Gateway
2026.08.11-09:24:02.272[32m info [39m [caliper] [connectors/v2/FabricGateway] 	Connecting user with identity _ConsumersMSP_User5 to a Network Gateway
2026.08.11-09:24:02.285[32m info [39m [caliper] [connectors/v2/FabricGateway] 	Connecting user with identity _ConsumersMSP_User5 to a Network Gateway
2026.08.11-09:24:02.300[32m info [39m [caliper] [connectors/v2/FabricGateway] 	Connecting user with identity _ConsumersMSP_User5 to a Network Gateway
2026.08.11-09:24:02.306[32m info [39m [caliper] [connectors/v2/FabricGateway] 	Successfully connected user with identity _ConsumersMSP_User5 to a Network Gateway
2026.08.11-09:24:02.307[32m info [39m [caliper] [connectors/v2/FabricGateway] 	Generating contract map for user _ConsumersMSP_User5
2026.08.11-09:24:02.338[32m info [39m [caliper] [connectors/v2/FabricGateway] 	Successfully connected user with identity _ConsumersMSP_User5 to a Network Gateway
2026.08.11-09:24:02.338[32m info [39m [caliper] [connectors/v2/FabricGateway] 	Generating contract map for user _ConsumersMSP_User5
2026.08.11-09:24:02.348[32m info [39m [caliper] [connectors/v2/FabricGateway] 	Successfully connected user with identity _ConsumersMSP_User5 to a Network Gateway
2026.08.11-09:24:02.348[32m info [39m [caliper] [connectors/v2/FabricGateway] 	Generating contract map for user _ConsumersMSP_User5
2026.08.11-09:24:02.353[32m info [39m [caliper] [caliper-worker] 	Info: worker 1 prepare test phase for round 0 is starting...
2026.08.11-09:24:02.355[32m info [39m [caliper] [connectors/v2/FabricGateway] 	Successfully connected user with identity _ConsumersMSP_User5 to a Network Gateway
2026.08.11-09:24:02.356[32m info [39m [caliper] [connectors/v2/FabricGateway] 	Generating contract map for user _ConsumersMSP_User5
2026.08.11-09:24:02.370[32m info [39m [caliper] [connectors/v2/FabricGateway] 	Successfully connected user with identity _ConsumersMSP_User5 to a Network Gateway
2026.08.11-09:24:02.370[32m info [39m [caliper] [connectors/v2/FabricGateway] 	Generating contract map for user _ConsumersMSP_User5
2026.08.11-09:24:02.394[32m info [39m [caliper] [caliper-worker] 	Info: worker 0 prepare test phase for round 0 is starting...
2026.08.11-09:24:02.400[32m info [39m [caliper] [caliper-worker] 	Info: worker 3 prepare test phase for round 0 is starting...
Worker 1: Cached 0 AVAILABLE_FOR_CONSUMER_PURCHASE packets (from 0 total)
2026.08.11-09:24:02.406[32m info [39m [caliper] [connectors/v2/FabricGateway] 	disconnecting gateway for user User0
2026.08.11-09:24:02.407[32m info [39m [caliper] [connectors/v2/FabricGateway] 	disconnecting gateway for user User1
2026.08.11-09:24:02.408[32m info [39m [caliper] [connectors/v2/FabricGateway] 	disconnecting gateway for user User2
2026.08.11-09:24:02.408[32m info [39m [caliper] [connectors/v2/FabricGateway] 	disconnecting gateway for user User3
2026.08.11-09:24:02.409[32m info [39m [caliper] [connectors/v2/FabricGateway] 	disconnecting gateway for user User4
2026.08.11-09:24:02.409[32m info [39m [caliper] [connectors/v2/FabricGateway] 	disconnecting gateway for user User5
2026.08.11-09:24:02.410[32m info [39m [caliper] [connectors/v2/FabricGateway] 	disconnecting gateway for user _AuctioncentersMSP_User0
2026.08.11-09:24:02.410[32m info [39m [caliper] [connectors/v2/FabricGateway] 	disconnecting gateway for user _AuctioncentersMSP_User1
2026.08.11-09:24:02.410[32m info [39m [caliper] [connectors/v2/FabricGateway] 	disconnecting gateway for user _AuctioncentersMSP_User2
2026.08.11-09:24:02.411[32m info [39m [caliper] [caliper-worker] 	Info: worker 4 prepare test phase for round 0 is starting...
2026.08.11-09:24:02.411[32m info [39m [caliper] [connectors/v2/FabricGateway] 	disconnecting gateway for user _AuctioncentersMSP_User3
2026.08.11-09:24:02.411[32m info [39m [caliper] [connectors/v2/FabricGateway] 	disconnecting gateway for user _AuctioncentersMSP_User4
2026.08.11-09:24:02.411[32m info [39m [caliper] [connectors/v2/FabricGateway] 	disconnecting gateway for user _AuctioncentersMSP_User5
2026.08.11-09:24:02.412[32m info [39m [caliper] [connectors/v2/FabricGateway] 	disconnecting gateway for user _WholesalersMSP_User0
2026.08.11-09:24:02.412[32m info [39m [caliper] [connectors/v2/FabricGateway] 	disconnecting gateway for user _WholesalersMSP_User1
2026.08.11-09:24:02.413[32m info [39m [caliper] [connectors/v2/FabricGateway] 	disconnecting gateway for user _WholesalersMSP_User2
2026.08.11-09:24:02.413[32m info [39m [caliper] [connectors/v2/FabricGateway] 	disconnecting gateway for user _WholesalersMSP_User3
2026.08.11-09:24:02.414[32m info [39m [caliper] [connectors/v2/FabricGateway] 	disconnecting gateway for user _WholesalersMSP_User4
2026.08.11-09:24:02.414[32m info [39m [caliper] [connectors/v2/FabricGateway] 	disconnecting gateway for user _WholesalersMSP_User5
2026.08.11-09:24:02.414[32m info [39m [caliper] [connectors/v2/FabricGateway] 	disconnecting gateway for user _RetailersMSP_User0
2026.08.11-09:24:02.414[32m info [39m [caliper] [connectors/v2/FabricGateway] 	disconnecting gateway for user _RetailersMSP_User1
2026.08.11-09:24:02.415[32m info [39m [caliper] [connectors/v2/FabricGateway] 	disconnecting gateway for user _RetailersMSP_User2
2026.08.11-09:24:02.415[32m info [39m [caliper] [connectors/v2/FabricGateway] 	disconnecting gateway for user _RetailersMSP_User3
2026.08.11-09:24:02.415[32m info [39m [caliper] [connectors/v2/FabricGateway] 	disconnecting gateway for user _RetailersMSP_User4
2026.08.11-09:24:02.415[32m info [39m [caliper] [connectors/v2/FabricGateway] 	disconnecting gateway for user _RetailersMSP_User5
2026.08.11-09:24:02.415[32m info [39m [caliper] [connectors/v2/FabricGateway] 	disconnecting gateway for user _ConsumersMSP_User0
2026.08.11-09:24:02.416[32m info [39m [caliper] [connectors/v2/FabricGateway] 	disconnecting gateway for user _ConsumersMSP_User1
2026.08.11-09:24:02.416[32m info [39m [caliper] [connectors/v2/FabricGateway] 	disconnecting gateway for user _ConsumersMSP_User2
2026.08.11-09:24:02.416[32m info [39m [caliper] [connectors/v2/FabricGateway] 	disconnecting gateway for user _ConsumersMSP_User3
2026.08.11-09:24:02.416[32m info [39m [caliper] [connectors/v2/FabricGateway] 	disconnecting gateway for user _ConsumersMSP_User4
2026.08.11-09:24:02.417[32m info [39m [caliper] [connectors/v2/FabricGateway] 	disconnecting gateway for user _ConsumersMSP_User5
2026.08.11-09:24:02.417[32m info [39m [caliper] [caliper-worker] 	Info: worker 1 prepare test phase for round 0 is completed
2026.08.11-09:24:02.417[32m info [39m [caliper] [worker-message-handler] 	Worker#1 prepared for Round#0
2026.08.11-09:24:02.424[32m info [39m [caliper] [caliper-worker] 	Info: worker 2 prepare test phase for round 0 is starting...
Worker 0: Cached 0 AVAILABLE_FOR_CONSUMER_PURCHASE packets (from 0 total)
2026.08.11-09:24:02.466[32m info [39m [caliper] [connectors/v2/FabricGateway] 	disconnecting gateway for user User0
2026.08.11-09:24:02.467[32m info [39m [caliper] [connectors/v2/FabricGateway] 	disconnecting gateway for user User1
2026.08.11-09:24:02.468[32m info [39m [caliper] [connectors/v2/FabricGateway] 	disconnecting gateway for user User2
2026.08.11-09:24:02.468[32m info [39m [caliper] [connectors/v2/FabricGateway] 	disconnecting gateway for user User3
2026.08.11-09:24:02.468[32m info [39m [caliper] [connectors/v2/FabricGateway] 	disconnecting gateway for user User4
2026.08.11-09:24:02.469[32m info [39m [caliper] [connectors/v2/FabricGateway] 	disconnecting gateway for user User5
2026.08.11-09:24:02.469[32m info [39m [caliper] [connectors/v2/FabricGateway] 	disconnecting gateway for user _AuctioncentersMSP_User0
2026.08.11-09:24:02.470[32m info [39m [caliper] [connectors/v2/FabricGateway] 	disconnecting gateway for user _AuctioncentersMSP_User1
2026.08.11-09:24:02.470[32m info [39m [caliper] [connectors/v2/FabricGateway] 	disconnecting gateway for user _AuctioncentersMSP_User2
2026.08.11-09:24:02.470[32m info [39m [caliper] [connectors/v2/FabricGateway] 	disconnecting gateway for user _AuctioncentersMSP_User3
2026.08.11-09:24:02.471[32m info [39m [caliper] [connectors/v2/FabricGateway] 	disconnecting gateway for user _AuctioncentersMSP_User4
2026.08.11-09:24:02.471[32m info [39m [caliper] [connectors/v2/FabricGateway] 	disconnecting gateway for user _AuctioncentersMSP_User5
2026.08.11-09:24:02.471[32m info [39m [caliper] [connectors/v2/FabricGateway] 	disconnecting gateway for user _WholesalersMSP_User0
2026.08.11-09:24:02.472[32m info [39m [caliper] [connectors/v2/FabricGateway] 	disconnecting gateway for user _WholesalersMSP_User1
2026.08.11-09:24:02.472[32m info [39m [caliper] [connectors/v2/FabricGateway] 	disconnecting gateway for user _WholesalersMSP_User2
2026.08.11-09:24:02.472[32m info [39m [caliper] [connectors/v2/FabricGateway] 	disconnecting gateway for user _WholesalersMSP_User3
2026.08.11-09:24:02.473[32m info [39m [caliper] [connectors/v2/FabricGateway] 	disconnecting gateway for user _WholesalersMSP_User4
2026.08.11-09:24:02.473[32m info [39m [caliper] [connectors/v2/FabricGateway] 	disconnecting gateway for user _WholesalersMSP_User5
2026.08.11-09:24:02.473[32m info [39m [caliper] [connectors/v2/FabricGateway] 	disconnecting gateway for user _RetailersMSP_User0
Worker 3: Cached 0 AVAILABLE_FOR_CONSUMER_PURCHASE packets (from 0 total)
2026.08.11-09:24:02.474[32m info [39m [caliper] [connectors/v2/FabricGateway] 	disconnecting gateway for user _RetailersMSP_User1
2026.08.11-09:24:02.474[32m info [39m [caliper] [connectors/v2/FabricGateway] 	disconnecting gateway for user _RetailersMSP_User2
2026.08.11-09:24:02.474[32m info [39m [caliper] [connectors/v2/FabricGateway] 	disconnecting gateway for user _RetailersMSP_User3
2026.08.11-09:24:02.474[32m info [39m [caliper] [connectors/v2/FabricGateway] 	disconnecting gateway for user _RetailersMSP_User4
2026.08.11-09:24:02.475[32m info [39m [caliper] [connectors/v2/FabricGateway] 	disconnecting gateway for user _RetailersMSP_User5
2026.08.11-09:24:02.475[32m info [39m [caliper] [connectors/v2/FabricGateway] 	disconnecting gateway for user _ConsumersMSP_User0
2026.08.11-09:24:02.475[32m info [39m [caliper] [connectors/v2/FabricGateway] 	disconnecting gateway for user _ConsumersMSP_User1
2026.08.11-09:24:02.475[32m info [39m [caliper] [connectors/v2/FabricGateway] 	disconnecting gateway for user _ConsumersMSP_User2
2026.08.11-09:24:02.475[32m info [39m [caliper] [connectors/v2/FabricGateway] 	disconnecting gateway for user _ConsumersMSP_User3
2026.08.11-09:24:02.475[32m info [39m [caliper] [connectors/v2/FabricGateway] 	disconnecting gateway for user User0
2026.08.11-09:24:02.476[32m info [39m [caliper] [connectors/v2/FabricGateway] 	disconnecting gateway for user _ConsumersMSP_User4
2026.08.11-09:24:02.476[32m info [39m [caliper] [connectors/v2/FabricGateway] 	disconnecting gateway for user _ConsumersMSP_User5
2026.08.11-09:24:02.476[32m info [39m [caliper] [caliper-worker] 	Info: worker 0 prepare test phase for round 0 is completed
2026.08.11-09:24:02.476[32m info [39m [caliper] [worker-message-handler] 	Worker#0 prepared for Round#0
2026.08.11-09:24:02.477[32m info [39m [caliper] [connectors/v2/FabricGateway] 	disconnecting gateway for user User1
2026.08.11-09:24:02.478[32m info [39m [caliper] [connectors/v2/FabricGateway] 	disconnecting gateway for user User2
2026.08.11-09:24:02.478[32m info [39m [caliper] [connectors/v2/FabricGateway] 	disconnecting gateway for user User3
2026.08.11-09:24:02.478[32m info [39m [caliper] [connectors/v2/FabricGateway] 	disconnecting gateway for user User4
2026.08.11-09:24:02.479[32m info [39m [caliper] [connectors/v2/FabricGateway] 	disconnecting gateway for user User5
2026.08.11-09:24:02.479[32m info [39m [caliper] [connectors/v2/FabricGateway] 	disconnecting gateway for user _AuctioncentersMSP_User0
2026.08.11-09:24:02.480[32m info [39m [caliper] [connectors/v2/FabricGateway] 	disconnecting gateway for user _AuctioncentersMSP_User1
2026.08.11-09:24:02.480[32m info [39m [caliper] [connectors/v2/FabricGateway] 	disconnecting gateway for user _AuctioncentersMSP_User2
2026.08.11-09:24:02.481[32m info [39m [caliper] [connectors/v2/FabricGateway] 	disconnecting gateway for user _AuctioncentersMSP_User3
2026.08.11-09:24:02.481[32m info [39m [caliper] [connectors/v2/FabricGateway] 	disconnecting gateway for user _AuctioncentersMSP_User4
Worker 4: Cached 0 AVAILABLE_FOR_CONSUMER_PURCHASE packets (from 0 total)
2026.08.11-09:24:02.481[32m info [39m [caliper] [connectors/v2/FabricGateway] 	disconnecting gateway for user _AuctioncentersMSP_User5
2026.08.11-09:24:02.482[32m info [39m [caliper] [connectors/v2/FabricGateway] 	disconnecting gateway for user _WholesalersMSP_User0
2026.08.11-09:24:02.482[32m info [39m [caliper] [connectors/v2/FabricGateway] 	disconnecting gateway for user User0
2026.08.11-09:24:02.482[32m info [39m [caliper] [connectors/v2/FabricGateway] 	disconnecting gateway for user _WholesalersMSP_User1
2026.08.11-09:24:02.483[32m info [39m [caliper] [connectors/v2/FabricGateway] 	disconnecting gateway for user _WholesalersMSP_User2
2026.08.11-09:24:02.483[32m info [39m [caliper] [connectors/v2/FabricGateway] 	disconnecting gateway for user _WholesalersMSP_User3
2026.08.11-09:24:02.484[32m info [39m [caliper] [connectors/v2/FabricGateway] 	disconnecting gateway for user User1
2026.08.11-09:24:02.484[32m info [39m [caliper] [connectors/v2/FabricGateway] 	disconnecting gateway for user _WholesalersMSP_User4
2026.08.11-09:24:02.484[32m info [39m [caliper] [connectors/v2/FabricGateway] 	disconnecting gateway for user User2
2026.08.11-09:24:02.484[32m info [39m [caliper] [connectors/v2/FabricGateway] 	disconnecting gateway for user _WholesalersMSP_User5
2026.08.11-09:24:02.485[32m info [39m [caliper] [connectors/v2/FabricGateway] 	disconnecting gateway for user _RetailersMSP_User0
2026.08.11-09:24:02.485[32m info [39m [caliper] [connectors/v2/FabricGateway] 	disconnecting gateway for user User3
2026.08.11-09:24:02.485[32m info [39m [caliper] [connectors/v2/FabricGateway] 	disconnecting gateway for user _RetailersMSP_User1
Worker 2: Cached 0 AVAILABLE_FOR_CONSUMER_PURCHASE packets (from 0 total)
2026.08.11-09:24:02.485[32m info [39m [caliper] [connectors/v2/FabricGateway] 	disconnecting gateway for user _RetailersMSP_User2
2026.08.11-09:24:02.485[32m info [39m [caliper] [connectors/v2/FabricGateway] 	disconnecting gateway for user User4
2026.08.11-09:24:02.485[32m info [39m [caliper] [connectors/v2/FabricGateway] 	disconnecting gateway for user _RetailersMSP_User3
2026.08.11-09:24:02.485[32m info [39m [caliper] [connectors/v2/FabricGateway] 	disconnecting gateway for user User5
2026.08.11-09:24:02.486[32m info [39m [caliper] [connectors/v2/FabricGateway] 	disconnecting gateway for user _RetailersMSP_User4
2026.08.11-09:24:02.486[32m info [39m [caliper] [connectors/v2/FabricGateway] 	disconnecting gateway for user _RetailersMSP_User5
2026.08.11-09:24:02.486[32m info [39m [caliper] [connectors/v2/FabricGateway] 	disconnecting gateway for user _ConsumersMSP_User0
2026.08.11-09:24:02.486[32m info [39m [caliper] [connectors/v2/FabricGateway] 	disconnecting gateway for user _AuctioncentersMSP_User0
2026.08.11-09:24:02.486[32m info [39m [caliper] [connectors/v2/FabricGateway] 	disconnecting gateway for user _ConsumersMSP_User1
2026.08.11-09:24:02.486[32m info [39m [caliper] [connectors/v2/FabricGateway] 	disconnecting gateway for user _ConsumersMSP_User2
2026.08.11-09:24:02.487[32m info [39m [caliper] [connectors/v2/FabricGateway] 	disconnecting gateway for user _AuctioncentersMSP_User1
2026.08.11-09:24:02.487[32m info [39m [caliper] [connectors/v2/FabricGateway] 	disconnecting gateway for user _ConsumersMSP_User3
2026.08.11-09:24:02.487[32m info [39m [caliper] [connectors/v2/FabricGateway] 	disconnecting gateway for user User0
2026.08.11-09:24:02.487[32m info [39m [caliper] [connectors/v2/FabricGateway] 	disconnecting gateway for user _ConsumersMSP_User4
2026.08.11-09:24:02.487[32m info [39m [caliper] [connectors/v2/FabricGateway] 	disconnecting gateway for user _AuctioncentersMSP_User2
2026.08.11-09:24:02.487[32m info [39m [caliper] [connectors/v2/FabricGateway] 	disconnecting gateway for user _ConsumersMSP_User5
2026.08.11-09:24:02.487[32m info [39m [caliper] [caliper-worker] 	Info: worker 3 prepare test phase for round 0 is completed
2026.08.11-09:24:02.487[32m info [39m [caliper] [worker-message-handler] 	Worker#3 prepared for Round#0
2026.08.11-09:24:02.488[32m info [39m [caliper] [connectors/v2/FabricGateway] 	disconnecting gateway for user _AuctioncentersMSP_User3
2026.08.11-09:24:02.488[32m info [39m [caliper] [connectors/v2/FabricGateway] 	disconnecting gateway for user User1
2026.08.11-09:24:02.488[32m info [39m [caliper] [connectors/v2/FabricGateway] 	disconnecting gateway for user _AuctioncentersMSP_User4
2026.08.11-09:24:02.489[32m info [39m [caliper] [connectors/v2/FabricGateway] 	disconnecting gateway for user User2
2026.08.11-09:24:02.489[32m info [39m [caliper] [connectors/v2/FabricGateway] 	disconnecting gateway for user _AuctioncentersMSP_User5
2026.08.11-09:24:02.489[32m info [39m [caliper] [connectors/v2/FabricGateway] 	disconnecting gateway for user User3
2026.08.11-09:24:02.489[32m info [39m [caliper] [connectors/v2/FabricGateway] 	disconnecting gateway for user _WholesalersMSP_User0
2026.08.11-09:24:02.489[32m info [39m [caliper] [connectors/v2/FabricGateway] 	disconnecting gateway for user User4
2026.08.11-09:24:02.490[32m info [39m [caliper] [connectors/v2/FabricGateway] 	disconnecting gateway for user User5
2026.08.11-09:24:02.490[32m info [39m [caliper] [connectors/v2/FabricGateway] 	disconnecting gateway for user _WholesalersMSP_User1
2026.08.11-09:24:02.490[32m info [39m [caliper] [connectors/v2/FabricGateway] 	disconnecting gateway for user _WholesalersMSP_User2
2026.08.11-09:24:02.490[32m info [39m [caliper] [connectors/v2/FabricGateway] 	disconnecting gateway for user _AuctioncentersMSP_User0
2026.08.11-09:24:02.491[32m info [39m [caliper] [connectors/v2/FabricGateway] 	disconnecting gateway for user _WholesalersMSP_User3
2026.08.11-09:24:02.491[32m info [39m [caliper] [connectors/v2/FabricGateway] 	disconnecting gateway for user _AuctioncentersMSP_User1
2026.08.11-09:24:02.492[32m info [39m [caliper] [connectors/v2/FabricGateway] 	disconnecting gateway for user _AuctioncentersMSP_User2
2026.08.11-09:24:02.492[32m info [39m [caliper] [connectors/v2/FabricGateway] 	disconnecting gateway for user _WholesalersMSP_User4
2026.08.11-09:24:02.492[32m info [39m [caliper] [connectors/v2/FabricGateway] 	disconnecting gateway for user _AuctioncentersMSP_User3
2026.08.11-09:24:02.493[32m info [39m [caliper] [connectors/v2/FabricGateway] 	disconnecting gateway for user _WholesalersMSP_User5
2026.08.11-09:24:02.494[32m info [39m [caliper] [connectors/v2/FabricGateway] 	disconnecting gateway for user _RetailersMSP_User0
2026.08.11-09:24:02.494[32m info [39m [caliper] [connectors/v2/FabricGateway] 	disconnecting gateway for user _AuctioncentersMSP_User4
2026.08.11-09:24:02.494[32m info [39m [caliper] [connectors/v2/FabricGateway] 	disconnecting gateway for user _RetailersMSP_User1
2026.08.11-09:24:02.495[32m info [39m [caliper] [connectors/v2/FabricGateway] 	disconnecting gateway for user _RetailersMSP_User2
2026.08.11-09:24:02.495[32m info [39m [caliper] [connectors/v2/FabricGateway] 	disconnecting gateway for user _RetailersMSP_User3
2026.08.11-09:24:02.495[32m info [39m [caliper] [connectors/v2/FabricGateway] 	disconnecting gateway for user _RetailersMSP_User4
2026.08.11-09:24:02.496[32m info [39m [caliper] [connectors/v2/FabricGateway] 	disconnecting gateway for user _AuctioncentersMSP_User5
2026.08.11-09:24:02.496[32m info [39m [caliper] [connectors/v2/FabricGateway] 	disconnecting gateway for user _RetailersMSP_User5
2026.08.11-09:24:02.496[32m info [39m [caliper] [connectors/v2/FabricGateway] 	disconnecting gateway for user _WholesalersMSP_User0
2026.08.11-09:24:02.496[32m info [39m [caliper] [connectors/v2/FabricGateway] 	disconnecting gateway for user _ConsumersMSP_User0
2026.08.11-09:24:02.497[32m info [39m [caliper] [connectors/v2/FabricGateway] 	disconnecting gateway for user _ConsumersMSP_User1
2026.08.11-09:24:02.497[32m info [39m [caliper] [connectors/v2/FabricGateway] 	disconnecting gateway for user _WholesalersMSP_User1
2026.08.11-09:24:02.497[32m info [39m [caliper] [connectors/v2/FabricGateway] 	disconnecting gateway for user _ConsumersMSP_User2
2026.08.11-09:24:02.497[32m info [39m [caliper] [connectors/v2/FabricGateway] 	disconnecting gateway for user _WholesalersMSP_User2
2026.08.11-09:24:02.498[32m info [39m [caliper] [connectors/v2/FabricGateway] 	disconnecting gateway for user _ConsumersMSP_User3
2026.08.11-09:24:02.498[32m info [39m [caliper] [connectors/v2/FabricGateway] 	disconnecting gateway for user _ConsumersMSP_User4
2026.08.11-09:24:02.498[32m info [39m [caliper] [connectors/v2/FabricGateway] 	disconnecting gateway for user _WholesalersMSP_User3
2026.08.11-09:24:02.499[32m info [39m [caliper] [connectors/v2/FabricGateway] 	disconnecting gateway for user _ConsumersMSP_User5
2026.08.11-09:24:02.499[32m info [39m [caliper] [caliper-worker] 	Info: worker 4 prepare test phase for round 0 is completed
2026.08.11-09:24:02.499[32m info [39m [caliper] [worker-message-handler] 	Worker#4 prepared for Round#0
2026.08.11-09:24:02.502[32m info [39m [caliper] [connectors/v2/FabricGateway] 	disconnecting gateway for user _WholesalersMSP_User4
2026.08.11-09:24:02.503[32m info [39m [caliper] [connectors/v2/FabricGateway] 	disconnecting gateway for user _WholesalersMSP_User5
2026.08.11-09:24:02.503[32m info [39m [caliper] [connectors/v2/FabricGateway] 	disconnecting gateway for user _RetailersMSP_User0
2026.08.11-09:24:02.504[32m info [39m [caliper] [connectors/v2/FabricGateway] 	disconnecting gateway for user _RetailersMSP_User1
2026.08.11-09:24:02.504[32m info [39m [caliper] [connectors/v2/FabricGateway] 	disconnecting gateway for user _RetailersMSP_User2
2026.08.11-09:24:02.504[32m info [39m [caliper] [connectors/v2/FabricGateway] 	disconnecting gateway for user _RetailersMSP_User3
2026.08.11-09:24:02.505[32m info [39m [caliper] [connectors/v2/FabricGateway] 	disconnecting gateway for user _RetailersMSP_User4
2026.08.11-09:24:02.505[32m info [39m [caliper] [connectors/v2/FabricGateway] 	disconnecting gateway for user _RetailersMSP_User5
2026.08.11-09:24:02.506[32m info [39m [caliper] [connectors/v2/FabricGateway] 	disconnecting gateway for user _ConsumersMSP_User0
2026.08.11-09:24:02.506[32m info [39m [caliper] [connectors/v2/FabricGateway] 	disconnecting gateway for user _ConsumersMSP_User1
2026.08.11-09:24:02.506[32m info [39m [caliper] [connectors/v2/FabricGateway] 	disconnecting gateway for user _ConsumersMSP_User2
2026.08.11-09:24:02.506[32m info [39m [caliper] [connectors/v2/FabricGateway] 	disconnecting gateway for user _ConsumersMSP_User3
2026.08.11-09:24:02.507[32m info [39m [caliper] [connectors/v2/FabricGateway] 	disconnecting gateway for user _ConsumersMSP_User4
2026.08.11-09:24:02.507[32m info [39m [caliper] [connectors/v2/FabricGateway] 	disconnecting gateway for user _ConsumersMSP_User5
2026.08.11-09:24:02.507[32m info [39m [caliper] [caliper-worker] 	Info: worker 2 prepare test phase for round 0 is completed
2026.08.11-09:24:02.507[32m info [39m [caliper] [worker-message-handler] 	Worker#2 prepared for Round#0
2026.08.11-09:24:02.508[32m info [39m [caliper] [worker-orchestrator] 	5 workers prepared, progressing to test phase.
2026.08.11-09:24:02.511[32m info [39m [caliper] [round-orchestrator] 	Monitors successfully started
2026.08.11-09:24:02.515[32m info [39m [caliper] [worker-message-handler] 	Worker#1 is starting Round#0
2026.08.11-09:24:02.516[32m info [39m [caliper] [connectors/v2/FabricGateway] 	Connecting user with identity User0 to a Network Gateway
2026.08.11-09:24:02.535[32m info [39m [caliper] [worker-message-handler] 	Worker#2 is starting Round#0
2026.08.11-09:24:02.536[32m info [39m [caliper] [worker-message-handler] 	Worker#3 is starting Round#0
2026.08.11-09:24:02.536[32m info [39m [caliper] [connectors/v2/FabricGateway] 	Connecting user with identity User0 to a Network Gateway
2026.08.11-09:24:02.536[32m info [39m [caliper] [connectors/v2/FabricGateway] 	Connecting user with identity User0 to a Network Gateway
2026.08.11-09:24:02.539[32m info [39m [caliper] [worker-message-handler] 	Worker#4 is starting Round#0
2026.08.11-09:24:02.540[32m info [39m [caliper] [connectors/v2/FabricGateway] 	Connecting user with identity User0 to a Network Gateway
2026.08.11-09:24:02.543[32m info [39m [caliper] [worker-message-handler] 	Worker#0 is starting Round#0
2026.08.11-09:24:02.544[32m info [39m [caliper] [connectors/v2/FabricGateway] 	Connecting user with identity User0 to a Network Gateway
2026.08.11-09:24:02.587[32m info [39m [caliper] [connectors/v2/FabricGateway] 	Successfully connected user with identity User0 to a Network Gateway
2026.08.11-09:24:02.587[32m info [39m [caliper] [connectors/v2/FabricGateway] 	Generating contract map for user User0
2026.08.11-09:24:02.614[32m info [39m [caliper] [connectors/v2/FabricGateway] 	Successfully connected user with identity User0 to a Network Gateway
2026.08.11-09:24:02.614[32m info [39m [caliper] [connectors/v2/FabricGateway] 	Generating contract map for user User0
2026.08.11-09:24:02.628[32m info [39m [caliper] [connectors/v2/FabricGateway] 	Successfully connected user with identity User0 to a Network Gateway
2026.08.11-09:24:02.628[32m info [39m [caliper] [connectors/v2/FabricGateway] 	Generating contract map for user User0
2026.08.11-09:24:02.630[32m info [39m [caliper] [connectors/v2/FabricGateway] 	Successfully connected user with identity User0 to a Network Gateway
2026.08.11-09:24:02.630[32m info [39m [caliper] [connectors/v2/FabricGateway] 	Generating contract map for user User0
2026.08.11-09:24:02.641[32m info [39m [caliper] [connectors/v2/FabricGateway] 	Successfully connected user with identity User0 to a Network Gateway
2026.08.11-09:24:02.642[32m info [39m [caliper] [connectors/v2/FabricGateway] 	Generating contract map for user User0
2026.08.11-09:24:02.648[32m info [39m [caliper] [connectors/v2/FabricGateway] 	Connecting user with identity User1 to a Network Gateway
2026.08.11-09:24:02.671[32m info [39m [caliper] [connectors/v2/FabricGateway] 	Connecting user with identity User1 to a Network Gateway
2026.08.11-09:24:02.687[32m info [39m [caliper] [connectors/v2/FabricGateway] 	Connecting user with identity User1 to a Network Gateway
2026.08.11-09:24:02.689[32m info [39m [caliper] [connectors/v2/FabricGateway] 	Connecting user with identity User1 to a Network Gateway
2026.08.11-09:24:02.698[32m info [39m [caliper] [connectors/v2/FabricGateway] 	Connecting user with identity User1 to a Network Gateway
2026.08.11-09:24:02.719[32m info [39m [caliper] [connectors/v2/FabricGateway] 	Successfully connected user with identity User1 to a Network Gateway
2026.08.11-09:24:02.720[32m info [39m [caliper] [connectors/v2/FabricGateway] 	Generating contract map for user User1
2026.08.11-09:24:02.738[32m info [39m [caliper] [connectors/v2/FabricGateway] 	Successfully connected user with identity User1 to a Network Gateway
2026.08.11-09:24:02.739[32m info [39m [caliper] [connectors/v2/FabricGateway] 	Generating contract map for user User1
2026.08.11-09:24:02.757[32m info [39m [caliper] [connectors/v2/FabricGateway] 	Successfully connected user with identity User1 to a Network Gateway
2026.08.11-09:24:02.757[32m info [39m [caliper] [connectors/v2/FabricGateway] 	Generating contract map for user User1
2026.08.11-09:24:02.763[32m info [39m [caliper] [connectors/v2/FabricGateway] 	Successfully connected user with identity User1 to a Network Gateway
2026.08.11-09:24:02.763[32m info [39m [caliper] [connectors/v2/FabricGateway] 	Generating contract map for user User1
2026.08.11-09:24:02.767[32m info [39m [caliper] [connectors/v2/FabricGateway] 	Successfully connected user with identity User1 to a Network Gateway
2026.08.11-09:24:02.767[32m info [39m [caliper] [connectors/v2/FabricGateway] 	Generating contract map for user User1
2026.08.11-09:24:02.775[32m info [39m [caliper] [connectors/v2/FabricGateway] 	Connecting user with identity User2 to a Network Gateway
2026.08.11-09:24:02.793[32m info [39m [caliper] [connectors/v2/FabricGateway] 	Connecting user with identity User2 to a Network Gateway
2026.08.11-09:24:02.808[32m info [39m [caliper] [connectors/v2/FabricGateway] 	Connecting user with identity User2 to a Network Gateway
2026.08.11-09:24:02.815[32m info [39m [caliper] [connectors/v2/FabricGateway] 	Connecting user with identity User2 to a Network Gateway
2026.08.11-09:24:02.819[32m info [39m [caliper] [connectors/v2/FabricGateway] 	Connecting user with identity User2 to a Network Gateway
2026.08.11-09:24:02.844[32m info [39m [caliper] [connectors/v2/FabricGateway] 	Successfully connected user with identity User2 to a Network Gateway
2026.08.11-09:24:02.844[32m info [39m [caliper] [connectors/v2/FabricGateway] 	Generating contract map for user User2
2026.08.11-09:24:02.860[32m info [39m [caliper] [connectors/v2/FabricGateway] 	Successfully connected user with identity User2 to a Network Gateway
2026.08.11-09:24:02.860[32m info [39m [caliper] [connectors/v2/FabricGateway] 	Generating contract map for user User2
2026.08.11-09:24:02.870[32m info [39m [caliper] [connectors/v2/FabricGateway] 	Successfully connected user with identity User2 to a Network Gateway
2026.08.11-09:24:02.870[32m info [39m [caliper] [connectors/v2/FabricGateway] 	Generating contract map for user User2
2026.08.11-09:24:02.876[32m info [39m [caliper] [connectors/v2/FabricGateway] 	Successfully connected user with identity User2 to a Network Gateway
2026.08.11-09:24:02.876[32m info [39m [caliper] [connectors/v2/FabricGateway] 	Generating contract map for user User2
2026.08.11-09:24:02.888[32m info [39m [caliper] [connectors/v2/FabricGateway] 	Successfully connected user with identity User2 to a Network Gateway
2026.08.11-09:24:02.888[32m info [39m [caliper] [connectors/v2/FabricGateway] 	Generating contract map for user User2
2026.08.11-09:24:02.898[32m info [39m [caliper] [connectors/v2/FabricGateway] 	Connecting user with identity User3 to a Network Gateway
2026.08.11-09:24:02.912[32m info [39m [caliper] [connectors/v2/FabricGateway] 	Connecting user with identity User3 to a Network Gateway
2026.08.11-09:24:02.920[32m info [39m [caliper] [connectors/v2/FabricGateway] 	Connecting user with identity User3 to a Network Gateway
2026.08.11-09:24:02.930[32m info [39m [caliper] [connectors/v2/FabricGateway] 	Connecting user with identity User3 to a Network Gateway
2026.08.11-09:24:02.941[32m info [39m [caliper] [connectors/v2/FabricGateway] 	Connecting user with identity User3 to a Network Gateway
2026.08.11-09:24:02.961[32m info [39m [caliper] [connectors/v2/FabricGateway] 	Successfully connected user with identity User3 to a Network Gateway
2026.08.11-09:24:02.961[32m info [39m [caliper] [connectors/v2/FabricGateway] 	Generating contract map for user User3
2026.08.11-09:24:02.980[32m info [39m [caliper] [connectors/v2/FabricGateway] 	Successfully connected user with identity User3 to a Network Gateway
2026.08.11-09:24:02.980[32m info [39m [caliper] [connectors/v2/FabricGateway] 	Generating contract map for user User3
2026.08.11-09:24:02.991[32m info [39m [caliper] [connectors/v2/FabricGateway] 	Successfully connected user with identity User3 to a Network Gateway
2026.08.11-09:24:02.991[32m info [39m [caliper] [connectors/v2/FabricGateway] 	Generating contract map for user User3
2026.08.11-09:24:02.996[32m info [39m [caliper] [connectors/v2/FabricGateway] 	Successfully connected user with identity User3 to a Network Gateway
2026.08.11-09:24:02.997[32m info [39m [caliper] [connectors/v2/FabricGateway] 	Generating contract map for user User3
2026.08.11-09:24:03.014[32m info [39m [caliper] [connectors/v2/FabricGateway] 	Successfully connected user with identity User3 to a Network Gateway
2026.08.11-09:24:03.014[32m info [39m [caliper] [connectors/v2/FabricGateway] 	Generating contract map for user User3
2026.08.11-09:24:03.026[32m info [39m [caliper] [connectors/v2/FabricGateway] 	Connecting user with identity User4 to a Network Gateway
2026.08.11-09:24:03.041[32m info [39m [caliper] [connectors/v2/FabricGateway] 	Connecting user with identity User4 to a Network Gateway
2026.08.11-09:24:03.046[32m info [39m [caliper] [connectors/v2/FabricGateway] 	Connecting user with identity User4 to a Network Gateway
2026.08.11-09:24:03.051[32m info [39m [caliper] [connectors/v2/FabricGateway] 	Connecting user with identity User4 to a Network Gateway
2026.08.11-09:24:03.062[32m info [39m [caliper] [connectors/v2/FabricGateway] 	Connecting user with identity User4 to a Network Gateway
2026.08.11-09:24:03.093[32m info [39m [caliper] [connectors/v2/FabricGateway] 	Successfully connected user with identity User4 to a Network Gateway
2026.08.11-09:24:03.093[32m info [39m [caliper] [connectors/v2/FabricGateway] 	Generating contract map for user User4
2026.08.11-09:24:03.105[32m info [39m [caliper] [connectors/v2/FabricGateway] 	Successfully connected user with identity User4 to a Network Gateway
2026.08.11-09:24:03.106[32m info [39m [caliper] [connectors/v2/FabricGateway] 	Generating contract map for user User4
2026.08.11-09:24:03.108[32m info [39m [caliper] [connectors/v2/FabricGateway] 	Successfully connected user with identity User4 to a Network Gateway
2026.08.11-09:24:03.108[32m info [39m [caliper] [connectors/v2/FabricGateway] 	Generating contract map for user User4
2026.08.11-09:24:03.117[32m info [39m [caliper] [connectors/v2/FabricGateway] 	Successfully connected user with identity User4 to a Network Gateway
2026.08.11-09:24:03.117[32m info [39m [caliper] [connectors/v2/FabricGateway] 	Generating contract map for user User4
2026.08.11-09:24:03.130[32m info [39m [caliper] [connectors/v2/FabricGateway] 	Successfully connected user with identity User4 to a Network Gateway
2026.08.11-09:24:03.130[32m info [39m [caliper] [connectors/v2/FabricGateway] 	Generating contract map for user User4
2026.08.11-09:24:03.142[32m info [39m [caliper] [connectors/v2/FabricGateway] 	Connecting user with identity User5 to a Network Gateway
2026.08.11-09:24:03.158[32m info [39m [caliper] [connectors/v2/FabricGateway] 	Connecting user with identity User5 to a Network Gateway
2026.08.11-09:24:03.159[32m info [39m [caliper] [connectors/v2/FabricGateway] 	Connecting user with identity User5 to a Network Gateway
2026.08.11-09:24:03.169[32m info [39m [caliper] [connectors/v2/FabricGateway] 	Connecting user with identity User5 to a Network Gateway
2026.08.11-09:24:03.183[32m info [39m [caliper] [connectors/v2/FabricGateway] 	Connecting user with identity User5 to a Network Gateway
2026.08.11-09:24:03.211[32m info [39m [caliper] [connectors/v2/FabricGateway] 	Successfully connected user with identity User5 to a Network Gateway
2026.08.11-09:24:03.211[32m info [39m [caliper] [connectors/v2/FabricGateway] 	Generating contract map for user User5
2026.08.11-09:24:03.222[32m info [39m [caliper] [connectors/v2/FabricGateway] 	Successfully connected user with identity User5 to a Network Gateway
2026.08.11-09:24:03.222[32m info [39m [caliper] [connectors/v2/FabricGateway] 	Generating contract map for user User5
2026.08.11-09:24:03.225[32m info [39m [caliper] [connectors/v2/FabricGateway] 	Successfully connected user with identity User5 to a Network Gateway
2026.08.11-09:24:03.225[32m info [39m [caliper] [connectors/v2/FabricGateway] 	Generating contract map for user User5
2026.08.11-09:24:03.236[32m info [39m [caliper] [connectors/v2/FabricGateway] 	Successfully connected user with identity User5 to a Network Gateway
2026.08.11-09:24:03.237[32m info [39m [caliper] [connectors/v2/FabricGateway] 	Generating contract map for user User5
2026.08.11-09:24:03.254[32m info [39m [caliper] [connectors/v2/FabricGateway] 	Successfully connected user with identity User5 to a Network Gateway
2026.08.11-09:24:03.254[32m info [39m [caliper] [connectors/v2/FabricGateway] 	Generating contract map for user User5
2026.08.11-09:24:03.261[32m info [39m [caliper] [connectors/v2/FabricGateway] 	Connecting user with identity _AuctioncentersMSP_User0 to a Network Gateway
2026.08.11-09:24:03.274[32m info [39m [caliper] [connectors/v2/FabricGateway] 	Connecting user with identity _AuctioncentersMSP_User0 to a Network Gateway
2026.08.11-09:24:03.279[32m info [39m [caliper] [connectors/v2/FabricGateway] 	Connecting user with identity _AuctioncentersMSP_User0 to a Network Gateway
2026.08.11-09:24:03.289[32m info [39m [caliper] [connectors/v2/FabricGateway] 	Connecting user with identity _AuctioncentersMSP_User0 to a Network Gateway
2026.08.11-09:24:03.305[32m info [39m [caliper] [connectors/v2/FabricGateway] 	Connecting user with identity _AuctioncentersMSP_User0 to a Network Gateway
2026.08.11-09:24:03.330[32m info [39m [caliper] [connectors/v2/FabricGateway] 	Successfully connected user with identity _AuctioncentersMSP_User0 to a Network Gateway
2026.08.11-09:24:03.330[32m info [39m [caliper] [connectors/v2/FabricGateway] 	Generating contract map for user _AuctioncentersMSP_User0
2026.08.11-09:24:03.345[32m info [39m [caliper] [connectors/v2/FabricGateway] 	Successfully connected user with identity _AuctioncentersMSP_User0 to a Network Gateway
2026.08.11-09:24:03.345[32m info [39m [caliper] [connectors/v2/FabricGateway] 	Generating contract map for user _AuctioncentersMSP_User0
2026.08.11-09:24:03.347[32m info [39m [caliper] [connectors/v2/FabricGateway] 	Successfully connected user with identity _AuctioncentersMSP_User0 to a Network Gateway
2026.08.11-09:24:03.347[32m info [39m [caliper] [connectors/v2/FabricGateway] 	Generating contract map for user _AuctioncentersMSP_User0
2026.08.11-09:24:03.350[32m info [39m [caliper] [connectors/v2/FabricGateway] 	Successfully connected user with identity _AuctioncentersMSP_User0 to a Network Gateway
2026.08.11-09:24:03.350[32m info [39m [caliper] [connectors/v2/FabricGateway] 	Generating contract map for user _AuctioncentersMSP_User0
2026.08.11-09:24:03.370[32m info [39m [caliper] [connectors/v2/FabricGateway] 	Successfully connected user with identity _AuctioncentersMSP_User0 to a Network Gateway
2026.08.11-09:24:03.370[32m info [39m [caliper] [connectors/v2/FabricGateway] 	Generating contract map for user _AuctioncentersMSP_User0
2026.08.11-09:24:03.381[32m info [39m [caliper] [connectors/v2/FabricGateway] 	Connecting user with identity _AuctioncentersMSP_User1 to a Network Gateway
2026.08.11-09:24:03.397[32m info [39m [caliper] [connectors/v2/FabricGateway] 	Connecting user with identity _AuctioncentersMSP_User1 to a Network Gateway
2026.08.11-09:24:03.405[32m info [39m [caliper] [connectors/v2/FabricGateway] 	Connecting user with identity _AuctioncentersMSP_User1 to a Network Gateway
2026.08.11-09:24:03.407[32m info [39m [caliper] [connectors/v2/FabricGateway] 	Connecting user with identity _AuctioncentersMSP_User1 to a Network Gateway
2026.08.11-09:24:03.431[32m info [39m [caliper] [connectors/v2/FabricGateway] 	Connecting user with identity _AuctioncentersMSP_User1 to a Network Gateway
2026.08.11-09:24:03.454[32m info [39m [caliper] [connectors/v2/FabricGateway] 	Successfully connected user with identity _AuctioncentersMSP_User1 to a Network Gateway
2026.08.11-09:24:03.454[32m info [39m [caliper] [connectors/v2/FabricGateway] 	Generating contract map for user _AuctioncentersMSP_User1
2026.08.11-09:24:03.470[32m info [39m [caliper] [connectors/v2/FabricGateway] 	Successfully connected user with identity _AuctioncentersMSP_User1 to a Network Gateway
2026.08.11-09:24:03.471[32m info [39m [caliper] [connectors/v2/FabricGateway] 	Generating contract map for user _AuctioncentersMSP_User1
2026.08.11-09:24:03.472[32m info [39m [caliper] [connectors/v2/FabricGateway] 	Successfully connected user with identity _AuctioncentersMSP_User1 to a Network Gateway
2026.08.11-09:24:03.473[32m info [39m [caliper] [connectors/v2/FabricGateway] 	Generating contract map for user _AuctioncentersMSP_User1
2026.08.11-09:24:03.473[32m info [39m [caliper] [connectors/v2/FabricGateway] 	Successfully connected user with identity _AuctioncentersMSP_User1 to a Network Gateway
2026.08.11-09:24:03.474[32m info [39m [caliper] [connectors/v2/FabricGateway] 	Generating contract map for user _AuctioncentersMSP_User1
2026.08.11-09:24:03.497[32m info [39m [caliper] [connectors/v2/FabricGateway] 	Successfully connected user with identity _AuctioncentersMSP_User1 to a Network Gateway
2026.08.11-09:24:03.497[32m info [39m [caliper] [connectors/v2/FabricGateway] 	Generating contract map for user _AuctioncentersMSP_User1
2026.08.11-09:24:03.505[32m info [39m [caliper] [connectors/v2/FabricGateway] 	Connecting user with identity _AuctioncentersMSP_User2 to a Network Gateway
2026.08.11-09:24:03.523[32m info [39m [caliper] [connectors/v2/FabricGateway] 	Connecting user with identity _AuctioncentersMSP_User2 to a Network Gateway
2026.08.11-09:24:03.523[32m info [39m [caliper] [connectors/v2/FabricGateway] 	Connecting user with identity _AuctioncentersMSP_User2 to a Network Gateway
2026.08.11-09:24:03.523[32m info [39m [caliper] [connectors/v2/FabricGateway] 	Connecting user with identity _AuctioncentersMSP_User2 to a Network Gateway
2026.08.11-09:24:03.547[32m info [39m [caliper] [connectors/v2/FabricGateway] 	Connecting user with identity _AuctioncentersMSP_User2 to a Network Gateway
2026.08.11-09:24:03.567[32m info [39m [caliper] [connectors/v2/FabricGateway] 	Successfully connected user with identity _AuctioncentersMSP_User2 to a Network Gateway
2026.08.11-09:24:03.567[32m info [39m [caliper] [connectors/v2/FabricGateway] 	Generating contract map for user _AuctioncentersMSP_User2
2026.08.11-09:24:03.588[32m info [39m [caliper] [connectors/v2/FabricGateway] 	Successfully connected user with identity _AuctioncentersMSP_User2 to a Network Gateway
2026.08.11-09:24:03.588[32m info [39m [caliper] [connectors/v2/FabricGateway] 	Generating contract map for user _AuctioncentersMSP_User2
2026.08.11-09:24:03.594[32m info [39m [caliper] [connectors/v2/FabricGateway] 	Successfully connected user with identity _AuctioncentersMSP_User2 to a Network Gateway
2026.08.11-09:24:03.594[32m info [39m [caliper] [connectors/v2/FabricGateway] 	Generating contract map for user _AuctioncentersMSP_User2
2026.08.11-09:24:03.594[32m info [39m [caliper] [connectors/v2/FabricGateway] 	Successfully connected user with identity _AuctioncentersMSP_User2 to a Network Gateway
2026.08.11-09:24:03.595[32m info [39m [caliper] [connectors/v2/FabricGateway] 	Generating contract map for user _AuctioncentersMSP_User2
2026.08.11-09:24:03.618[32m info [39m [caliper] [connectors/v2/FabricGateway] 	Successfully connected user with identity _AuctioncentersMSP_User2 to a Network Gateway
2026.08.11-09:24:03.618[32m info [39m [caliper] [connectors/v2/FabricGateway] 	Generating contract map for user _AuctioncentersMSP_User2
2026.08.11-09:24:03.624[32m info [39m [caliper] [connectors/v2/FabricGateway] 	Connecting user with identity _AuctioncentersMSP_User3 to a Network Gateway
2026.08.11-09:24:03.645[32m info [39m [caliper] [connectors/v2/FabricGateway] 	Connecting user with identity _AuctioncentersMSP_User3 to a Network Gateway
2026.08.11-09:24:03.646[32m info [39m [caliper] [connectors/v2/FabricGateway] 	Connecting user with identity _AuctioncentersMSP_User3 to a Network Gateway
2026.08.11-09:24:03.648[32m info [39m [caliper] [connectors/v2/FabricGateway] 	Connecting user with identity _AuctioncentersMSP_User3 to a Network Gateway
2026.08.11-09:24:03.669[32m info [39m [caliper] [connectors/v2/FabricGateway] 	Connecting user with identity _AuctioncentersMSP_User3 to a Network Gateway
2026.08.11-09:24:03.693[32m info [39m [caliper] [connectors/v2/FabricGateway] 	Successfully connected user with identity _AuctioncentersMSP_User3 to a Network Gateway
2026.08.11-09:24:03.693[32m info [39m [caliper] [connectors/v2/FabricGateway] 	Generating contract map for user _AuctioncentersMSP_User3
2026.08.11-09:24:03.710[32m info [39m [caliper] [connectors/v2/FabricGateway] 	Successfully connected user with identity _AuctioncentersMSP_User3 to a Network Gateway
2026.08.11-09:24:03.710[32m info [39m [caliper] [connectors/v2/FabricGateway] 	Generating contract map for user _AuctioncentersMSP_User3
2026.08.11-09:24:03.715[32m info [39m [caliper] [connectors/v2/FabricGateway] 	Successfully connected user with identity _AuctioncentersMSP_User3 to a Network Gateway
2026.08.11-09:24:03.715[32m info [39m [caliper] [connectors/v2/FabricGateway] 	Generating contract map for user _AuctioncentersMSP_User3
2026.08.11-09:24:03.720[32m info [39m [caliper] [connectors/v2/FabricGateway] 	Successfully connected user with identity _AuctioncentersMSP_User3 to a Network Gateway
2026.08.11-09:24:03.720[32m info [39m [caliper] [connectors/v2/FabricGateway] 	Generating contract map for user _AuctioncentersMSP_User3
2026.08.11-09:24:03.745[32m info [39m [caliper] [connectors/v2/FabricGateway] 	Connecting user with identity _AuctioncentersMSP_User4 to a Network Gateway
2026.08.11-09:24:03.746[32m info [39m [caliper] [connectors/v2/FabricGateway] 	Successfully connected user with identity _AuctioncentersMSP_User3 to a Network Gateway
2026.08.11-09:24:03.746[32m info [39m [caliper] [connectors/v2/FabricGateway] 	Generating contract map for user _AuctioncentersMSP_User3
2026.08.11-09:24:03.766[32m info [39m [caliper] [connectors/v2/FabricGateway] 	Connecting user with identity _AuctioncentersMSP_User4 to a Network Gateway
2026.08.11-09:24:03.766[32m info [39m [caliper] [connectors/v2/FabricGateway] 	Connecting user with identity _AuctioncentersMSP_User4 to a Network Gateway
2026.08.11-09:24:03.775[32m info [39m [caliper] [connectors/v2/FabricGateway] 	Connecting user with identity _AuctioncentersMSP_User4 to a Network Gateway
2026.08.11-09:24:03.798[32m info [39m [caliper] [connectors/v2/FabricGateway] 	Connecting user with identity _AuctioncentersMSP_User4 to a Network Gateway
2026.08.11-09:24:03.811[32m info [39m [caliper] [connectors/v2/FabricGateway] 	Successfully connected user with identity _AuctioncentersMSP_User4 to a Network Gateway
2026.08.11-09:24:03.811[32m info [39m [caliper] [connectors/v2/FabricGateway] 	Generating contract map for user _AuctioncentersMSP_User4
2026.08.11-09:24:03.828[32m info [39m [caliper] [connectors/v2/FabricGateway] 	Successfully connected user with identity _AuctioncentersMSP_User4 to a Network Gateway
2026.08.11-09:24:03.828[32m info [39m [caliper] [connectors/v2/FabricGateway] 	Generating contract map for user _AuctioncentersMSP_User4
2026.08.11-09:24:03.829[32m info [39m [caliper] [connectors/v2/FabricGateway] 	Successfully connected user with identity _AuctioncentersMSP_User4 to a Network Gateway
2026.08.11-09:24:03.829[32m info [39m [caliper] [connectors/v2/FabricGateway] 	Generating contract map for user _AuctioncentersMSP_User4
2026.08.11-09:24:03.842[32m info [39m [caliper] [connectors/v2/FabricGateway] 	Successfully connected user with identity _AuctioncentersMSP_User4 to a Network Gateway
2026.08.11-09:24:03.842[32m info [39m [caliper] [connectors/v2/FabricGateway] 	Generating contract map for user _AuctioncentersMSP_User4
2026.08.11-09:24:03.862[32m info [39m [caliper] [connectors/v2/FabricGateway] 	Connecting user with identity _AuctioncentersMSP_User5 to a Network Gateway
2026.08.11-09:24:03.872[32m info [39m [caliper] [connectors/v2/FabricGateway] 	Successfully connected user with identity _AuctioncentersMSP_User4 to a Network Gateway
2026.08.11-09:24:03.873[32m info [39m [caliper] [connectors/v2/FabricGateway] 	Generating contract map for user _AuctioncentersMSP_User4
2026.08.11-09:24:03.879[32m info [39m [caliper] [connectors/v2/FabricGateway] 	Connecting user with identity _AuctioncentersMSP_User5 to a Network Gateway
2026.08.11-09:24:03.880[32m info [39m [caliper] [connectors/v2/FabricGateway] 	Connecting user with identity _AuctioncentersMSP_User5 to a Network Gateway
2026.08.11-09:24:03.895[32m info [39m [caliper] [connectors/v2/FabricGateway] 	Connecting user with identity _AuctioncentersMSP_User5 to a Network Gateway
2026.08.11-09:24:03.925[32m info [39m [caliper] [connectors/v2/FabricGateway] 	Connecting user with identity _AuctioncentersMSP_User5 to a Network Gateway
2026.08.11-09:24:03.931[32m info [39m [caliper] [connectors/v2/FabricGateway] 	Successfully connected user with identity _AuctioncentersMSP_User5 to a Network Gateway
2026.08.11-09:24:03.931[32m info [39m [caliper] [connectors/v2/FabricGateway] 	Generating contract map for user _AuctioncentersMSP_User5
2026.08.11-09:24:03.947[32m info [39m [caliper] [connectors/v2/FabricGateway] 	Successfully connected user with identity _AuctioncentersMSP_User5 to a Network Gateway
2026.08.11-09:24:03.947[32m info [39m [caliper] [connectors/v2/FabricGateway] 	Generating contract map for user _AuctioncentersMSP_User5
2026.08.11-09:24:03.953[32m info [39m [caliper] [connectors/v2/FabricGateway] 	Successfully connected user with identity _AuctioncentersMSP_User5 to a Network Gateway
2026.08.11-09:24:03.954[32m info [39m [caliper] [connectors/v2/FabricGateway] 	Generating contract map for user _AuctioncentersMSP_User5
2026.08.11-09:24:03.957[32m info [39m [caliper] [connectors/v2/FabricGateway] 	Successfully connected user with identity _AuctioncentersMSP_User5 to a Network Gateway
2026.08.11-09:24:03.957[32m info [39m [caliper] [connectors/v2/FabricGateway] 	Generating contract map for user _AuctioncentersMSP_User5
2026.08.11-09:24:03.980[32m info [39m [caliper] [connectors/v2/FabricGateway] 	Connecting user with identity _WholesalersMSP_User0 to a Network Gateway
2026.08.11-09:24:03.995[32m info [39m [caliper] [connectors/v2/FabricGateway] 	Connecting user with identity _WholesalersMSP_User0 to a Network Gateway
2026.08.11-09:24:03.999[32m info [39m [caliper] [connectors/v2/FabricGateway] 	Successfully connected user with identity _AuctioncentersMSP_User5 to a Network Gateway
2026.08.11-09:24:03.999[32m info [39m [caliper] [connectors/v2/FabricGateway] 	Generating contract map for user _AuctioncentersMSP_User5
2026.08.11-09:24:04.006[32m info [39m [caliper] [connectors/v2/FabricGateway] 	Connecting user with identity _WholesalersMSP_User0 to a Network Gateway
2026.08.11-09:24:04.007[32m info [39m [caliper] [connectors/v2/FabricGateway] 	Connecting user with identity _WholesalersMSP_User0 to a Network Gateway
2026.08.11-09:24:04.046[32m info [39m [caliper] [connectors/v2/FabricGateway] 	Connecting user with identity _WholesalersMSP_User0 to a Network Gateway
2026.08.11-09:24:04.056[32m info [39m [caliper] [connectors/v2/FabricGateway] 	Successfully connected user with identity _WholesalersMSP_User0 to a Network Gateway
2026.08.11-09:24:04.057[32m info [39m [caliper] [connectors/v2/FabricGateway] 	Generating contract map for user _WholesalersMSP_User0
2026.08.11-09:24:04.067[32m info [39m [caliper] [connectors/v2/FabricGateway] 	Successfully connected user with identity _WholesalersMSP_User0 to a Network Gateway
2026.08.11-09:24:04.067[32m info [39m [caliper] [connectors/v2/FabricGateway] 	Generating contract map for user _WholesalersMSP_User0
2026.08.11-09:24:04.071[32m info [39m [caliper] [connectors/v2/FabricGateway] 	Successfully connected user with identity _WholesalersMSP_User0 to a Network Gateway
2026.08.11-09:24:04.071[32m info [39m [caliper] [connectors/v2/FabricGateway] 	Generating contract map for user _WholesalersMSP_User0
2026.08.11-09:24:04.076[32m info [39m [caliper] [connectors/v2/FabricGateway] 	Successfully connected user with identity _WholesalersMSP_User0 to a Network Gateway
2026.08.11-09:24:04.076[32m info [39m [caliper] [connectors/v2/FabricGateway] 	Generating contract map for user _WholesalersMSP_User0
2026.08.11-09:24:04.104[32m info [39m [caliper] [connectors/v2/FabricGateway] 	Connecting user with identity _WholesalersMSP_User1 to a Network Gateway
2026.08.11-09:24:04.114[32m info [39m [caliper] [connectors/v2/FabricGateway] 	Successfully connected user with identity _WholesalersMSP_User0 to a Network Gateway
2026.08.11-09:24:04.115[32m info [39m [caliper] [connectors/v2/FabricGateway] 	Connecting user with identity _WholesalersMSP_User1 to a Network Gateway
2026.08.11-09:24:04.115[32m info [39m [caliper] [connectors/v2/FabricGateway] 	Generating contract map for user _WholesalersMSP_User0
2026.08.11-09:24:04.120[32m info [39m [caliper] [connectors/v2/FabricGateway] 	Connecting user with identity _WholesalersMSP_User1 to a Network Gateway
2026.08.11-09:24:04.125[32m info [39m [caliper] [connectors/v2/FabricGateway] 	Connecting user with identity _WholesalersMSP_User1 to a Network Gateway
2026.08.11-09:24:04.159[32m info [39m [caliper] [connectors/v2/FabricGateway] 	Connecting user with identity _WholesalersMSP_User1 to a Network Gateway
2026.08.11-09:24:04.167[32m info [39m [caliper] [connectors/v2/FabricGateway] 	Successfully connected user with identity _WholesalersMSP_User1 to a Network Gateway
2026.08.11-09:24:04.167[32m info [39m [caliper] [connectors/v2/FabricGateway] 	Generating contract map for user _WholesalersMSP_User1
2026.08.11-09:24:04.180[32m info [39m [caliper] [connectors/v2/FabricGateway] 	Successfully connected user with identity _WholesalersMSP_User1 to a Network Gateway
2026.08.11-09:24:04.180[32m info [39m [caliper] [connectors/v2/FabricGateway] 	Generating contract map for user _WholesalersMSP_User1
2026.08.11-09:24:04.182[32m info [39m [caliper] [connectors/v2/FabricGateway] 	Successfully connected user with identity _WholesalersMSP_User1 to a Network Gateway
2026.08.11-09:24:04.182[32m info [39m [caliper] [connectors/v2/FabricGateway] 	Generating contract map for user _WholesalersMSP_User1
2026.08.11-09:24:04.189[32m info [39m [caliper] [connectors/v2/FabricGateway] 	Successfully connected user with identity _WholesalersMSP_User1 to a Network Gateway
2026.08.11-09:24:04.189[32m info [39m [caliper] [connectors/v2/FabricGateway] 	Generating contract map for user _WholesalersMSP_User1
2026.08.11-09:24:04.213[32m info [39m [caliper] [connectors/v2/FabricGateway] 	Connecting user with identity _WholesalersMSP_User2 to a Network Gateway
2026.08.11-09:24:04.228[32m info [39m [caliper] [connectors/v2/FabricGateway] 	Connecting user with identity _WholesalersMSP_User2 to a Network Gateway
2026.08.11-09:24:04.228[32m info [39m [caliper] [connectors/v2/FabricGateway] 	Successfully connected user with identity _WholesalersMSP_User1 to a Network Gateway
2026.08.11-09:24:04.228[32m info [39m [caliper] [connectors/v2/FabricGateway] 	Generating contract map for user _WholesalersMSP_User1
2026.08.11-09:24:04.229[32m info [39m [caliper] [connectors/v2/FabricGateway] 	Connecting user with identity _WholesalersMSP_User2 to a Network Gateway
2026.08.11-09:24:04.238[32m info [39m [caliper] [connectors/v2/FabricGateway] 	Connecting user with identity _WholesalersMSP_User2 to a Network Gateway
2026.08.11-09:24:04.273[32m info [39m [caliper] [connectors/v2/FabricGateway] 	Connecting user with identity _WholesalersMSP_User2 to a Network Gateway
2026.08.11-09:24:04.283[32m info [39m [caliper] [connectors/v2/FabricGateway] 	Successfully connected user with identity _WholesalersMSP_User2 to a Network Gateway
2026.08.11-09:24:04.283[32m info [39m [caliper] [connectors/v2/FabricGateway] 	Generating contract map for user _WholesalersMSP_User2
2026.08.11-09:24:04.289[32m info [39m [caliper] [connectors/v2/FabricGateway] 	Successfully connected user with identity _WholesalersMSP_User2 to a Network Gateway
2026.08.11-09:24:04.289[32m info [39m [caliper] [connectors/v2/FabricGateway] 	Generating contract map for user _WholesalersMSP_User2
2026.08.11-09:24:04.297[32m info [39m [caliper] [connectors/v2/FabricGateway] 	Successfully connected user with identity _WholesalersMSP_User2 to a Network Gateway
2026.08.11-09:24:04.297[32m info [39m [caliper] [connectors/v2/FabricGateway] 	Generating contract map for user _WholesalersMSP_User2
2026.08.11-09:24:04.306[32m info [39m [caliper] [connectors/v2/FabricGateway] 	Successfully connected user with identity _WholesalersMSP_User2 to a Network Gateway
2026.08.11-09:24:04.306[32m info [39m [caliper] [connectors/v2/FabricGateway] 	Generating contract map for user _WholesalersMSP_User2
2026.08.11-09:24:04.336[32m info [39m [caliper] [connectors/v2/FabricGateway] 	Connecting user with identity _WholesalersMSP_User3 to a Network Gateway
2026.08.11-09:24:04.347[32m info [39m [caliper] [connectors/v2/FabricGateway] 	Successfully connected user with identity _WholesalersMSP_User2 to a Network Gateway
2026.08.11-09:24:04.347[32m info [39m [caliper] [connectors/v2/FabricGateway] 	Generating contract map for user _WholesalersMSP_User2
2026.08.11-09:24:04.348[32m info [39m [caliper] [connectors/v2/FabricGateway] 	Connecting user with identity _WholesalersMSP_User3 to a Network Gateway
2026.08.11-09:24:04.355[32m info [39m [caliper] [connectors/v2/FabricGateway] 	Connecting user with identity _WholesalersMSP_User3 to a Network Gateway
2026.08.11-09:24:04.362[32m info [39m [caliper] [connectors/v2/FabricGateway] 	Connecting user with identity _WholesalersMSP_User3 to a Network Gateway
2026.08.11-09:24:04.392[32m info [39m [caliper] [connectors/v2/FabricGateway] 	Connecting user with identity _WholesalersMSP_User3 to a Network Gateway
2026.08.11-09:24:04.411[32m info [39m [caliper] [connectors/v2/FabricGateway] 	Successfully connected user with identity _WholesalersMSP_User3 to a Network Gateway
2026.08.11-09:24:04.411[32m info [39m [caliper] [connectors/v2/FabricGateway] 	Generating contract map for user _WholesalersMSP_User3
2026.08.11-09:24:04.414[32m info [39m [caliper] [connectors/v2/FabricGateway] 	Successfully connected user with identity _WholesalersMSP_User3 to a Network Gateway
2026.08.11-09:24:04.414[32m info [39m [caliper] [connectors/v2/FabricGateway] 	Generating contract map for user _WholesalersMSP_User3
2026.08.11-09:24:04.418[32m info [39m [caliper] [connectors/v2/FabricGateway] 	Successfully connected user with identity _WholesalersMSP_User3 to a Network Gateway
2026.08.11-09:24:04.418[32m info [39m [caliper] [connectors/v2/FabricGateway] 	Generating contract map for user _WholesalersMSP_User3
2026.08.11-09:24:04.423[32m info [39m [caliper] [connectors/v2/FabricGateway] 	Successfully connected user with identity _WholesalersMSP_User3 to a Network Gateway
2026.08.11-09:24:04.423[32m info [39m [caliper] [connectors/v2/FabricGateway] 	Generating contract map for user _WholesalersMSP_User3
2026.08.11-09:24:04.460[32m info [39m [caliper] [connectors/v2/FabricGateway] 	Successfully connected user with identity _WholesalersMSP_User3 to a Network Gateway
2026.08.11-09:24:04.460[32m info [39m [caliper] [connectors/v2/FabricGateway] 	Generating contract map for user _WholesalersMSP_User3
2026.08.11-09:24:04.462[32m info [39m [caliper] [connectors/v2/FabricGateway] 	Connecting user with identity _WholesalersMSP_User4 to a Network Gateway
2026.08.11-09:24:04.467[32m info [39m [caliper] [connectors/v2/FabricGateway] 	Connecting user with identity _WholesalersMSP_User4 to a Network Gateway
2026.08.11-09:24:04.468[32m info [39m [caliper] [connectors/v2/FabricGateway] 	Connecting user with identity _WholesalersMSP_User4 to a Network Gateway
2026.08.11-09:24:04.473[32m info [39m [caliper] [connectors/v2/FabricGateway] 	Connecting user with identity _WholesalersMSP_User4 to a Network Gateway
2026.08.11-09:24:04.509[32m info [39m [caliper] [connectors/v2/FabricGateway] 	Connecting user with identity _WholesalersMSP_User4 to a Network Gateway
2026.08.11-09:24:04.530[32m info [39m [caliper] [connectors/v2/FabricGateway] 	Successfully connected user with identity _WholesalersMSP_User4 to a Network Gateway
2026.08.11-09:24:04.530[32m info [39m [caliper] [connectors/v2/FabricGateway] 	Generating contract map for user _WholesalersMSP_User4
2026.08.11-09:24:04.537[32m info [39m [caliper] [connectors/v2/FabricGateway] 	Successfully connected user with identity _WholesalersMSP_User4 to a Network Gateway
2026.08.11-09:24:04.537[32m info [39m [caliper] [connectors/v2/FabricGateway] 	Successfully connected user with identity _WholesalersMSP_User4 to a Network Gateway
2026.08.11-09:24:04.537[32m info [39m [caliper] [connectors/v2/FabricGateway] 	Generating contract map for user _WholesalersMSP_User4
2026.08.11-09:24:04.538[32m info [39m [caliper] [connectors/v2/FabricGateway] 	Generating contract map for user _WholesalersMSP_User4
2026.08.11-09:24:04.542[32m info [39m [caliper] [connectors/v2/FabricGateway] 	Successfully connected user with identity _WholesalersMSP_User4 to a Network Gateway
2026.08.11-09:24:04.542[32m info [39m [caliper] [connectors/v2/FabricGateway] 	Generating contract map for user _WholesalersMSP_User4
2026.08.11-09:24:04.572[32m info [39m [caliper] [connectors/v2/FabricGateway] 	Successfully connected user with identity _WholesalersMSP_User4 to a Network Gateway
2026.08.11-09:24:04.572[32m info [39m [caliper] [connectors/v2/FabricGateway] 	Generating contract map for user _WholesalersMSP_User4
2026.08.11-09:24:04.582[32m info [39m [caliper] [connectors/v2/FabricGateway] 	Connecting user with identity _WholesalersMSP_User5 to a Network Gateway
2026.08.11-09:24:04.586[32m info [39m [caliper] [connectors/v2/FabricGateway] 	Connecting user with identity _WholesalersMSP_User5 to a Network Gateway
2026.08.11-09:24:04.587[32m info [39m [caliper] [connectors/v2/FabricGateway] 	Connecting user with identity _WholesalersMSP_User5 to a Network Gateway
2026.08.11-09:24:04.596[32m info [39m [caliper] [connectors/v2/FabricGateway] 	Connecting user with identity _WholesalersMSP_User5 to a Network Gateway
2026.08.11-09:24:04.621[32m info [39m [caliper] [connectors/v2/FabricGateway] 	Connecting user with identity _WholesalersMSP_User5 to a Network Gateway
2026.08.11-09:24:04.644[32m info [39m [caliper] [connectors/v2/FabricGateway] 	Successfully connected user with identity _WholesalersMSP_User5 to a Network Gateway
2026.08.11-09:24:04.644[32m info [39m [caliper] [connectors/v2/FabricGateway] 	Generating contract map for user _WholesalersMSP_User5
2026.08.11-09:24:04.648[32m info [39m [caliper] [connectors/v2/FabricGateway] 	Successfully connected user with identity _WholesalersMSP_User5 to a Network Gateway
2026.08.11-09:24:04.648[32m info [39m [caliper] [connectors/v2/FabricGateway] 	Generating contract map for user _WholesalersMSP_User5
2026.08.11-09:24:04.651[32m info [39m [caliper] [connectors/v2/FabricGateway] 	Successfully connected user with identity _WholesalersMSP_User5 to a Network Gateway
2026.08.11-09:24:04.651[32m info [39m [caliper] [connectors/v2/FabricGateway] 	Generating contract map for user _WholesalersMSP_User5
2026.08.11-09:24:04.663[32m info [39m [caliper] [connectors/v2/FabricGateway] 	Successfully connected user with identity _WholesalersMSP_User5 to a Network Gateway
2026.08.11-09:24:04.663[32m info [39m [caliper] [connectors/v2/FabricGateway] 	Generating contract map for user _WholesalersMSP_User5
2026.08.11-09:24:04.694[32m info [39m [caliper] [connectors/v2/FabricGateway] 	Successfully connected user with identity _WholesalersMSP_User5 to a Network Gateway
2026.08.11-09:24:04.694[32m info [39m [caliper] [connectors/v2/FabricGateway] 	Generating contract map for user _WholesalersMSP_User5
2026.08.11-09:24:04.700[32m info [39m [caliper] [connectors/v2/FabricGateway] 	Connecting user with identity _RetailersMSP_User0 to a Network Gateway
2026.08.11-09:24:04.705[32m info [39m [caliper] [connectors/v2/FabricGateway] 	Connecting user with identity _RetailersMSP_User0 to a Network Gateway
2026.08.11-09:24:04.705[32m info [39m [caliper] [connectors/v2/FabricGateway] 	Connecting user with identity _RetailersMSP_User0 to a Network Gateway
2026.08.11-09:24:04.716[32m info [39m [caliper] [connectors/v2/FabricGateway] 	Connecting user with identity _RetailersMSP_User0 to a Network Gateway
2026.08.11-09:24:04.749[32m info [39m [caliper] [connectors/v2/FabricGateway] 	Connecting user with identity _RetailersMSP_User0 to a Network Gateway
2026.08.11-09:24:04.768[32m info [39m [caliper] [connectors/v2/FabricGateway] 	Successfully connected user with identity _RetailersMSP_User0 to a Network Gateway
2026.08.11-09:24:04.768[32m info [39m [caliper] [connectors/v2/FabricGateway] 	Generating contract map for user _RetailersMSP_User0
2026.08.11-09:24:04.774[32m info [39m [caliper] [connectors/v2/FabricGateway] 	Successfully connected user with identity _RetailersMSP_User0 to a Network Gateway
2026.08.11-09:24:04.774[32m info [39m [caliper] [connectors/v2/FabricGateway] 	Generating contract map for user _RetailersMSP_User0
2026.08.11-09:24:04.775[32m info [39m [caliper] [connectors/v2/FabricGateway] 	Successfully connected user with identity _RetailersMSP_User0 to a Network Gateway
2026.08.11-09:24:04.775[32m info [39m [caliper] [connectors/v2/FabricGateway] 	Generating contract map for user _RetailersMSP_User0
2026.08.11-09:24:04.785[32m info [39m [caliper] [connectors/v2/FabricGateway] 	Successfully connected user with identity _RetailersMSP_User0 to a Network Gateway
2026.08.11-09:24:04.785[32m info [39m [caliper] [connectors/v2/FabricGateway] 	Generating contract map for user _RetailersMSP_User0
2026.08.11-09:24:04.822[32m info [39m [caliper] [connectors/v2/FabricGateway] 	Successfully connected user with identity _RetailersMSP_User0 to a Network Gateway
2026.08.11-09:24:04.823[32m info [39m [caliper] [connectors/v2/FabricGateway] 	Generating contract map for user _RetailersMSP_User0
2026.08.11-09:24:04.825[32m info [39m [caliper] [connectors/v2/FabricGateway] 	Connecting user with identity _RetailersMSP_User1 to a Network Gateway
2026.08.11-09:24:04.831[32m info [39m [caliper] [connectors/v2/FabricGateway] 	Connecting user with identity _RetailersMSP_User1 to a Network Gateway
2026.08.11-09:24:04.831[32m info [39m [caliper] [connectors/v2/FabricGateway] 	Connecting user with identity _RetailersMSP_User1 to a Network Gateway
2026.08.11-09:24:04.839[32m info [39m [caliper] [connectors/v2/FabricGateway] 	Connecting user with identity _RetailersMSP_User1 to a Network Gateway
2026.08.11-09:24:04.871[32m info [39m [caliper] [connectors/v2/FabricGateway] 	Connecting user with identity _RetailersMSP_User1 to a Network Gateway
2026.08.11-09:24:04.889[32m info [39m [caliper] [connectors/v2/FabricGateway] 	Successfully connected user with identity _RetailersMSP_User1 to a Network Gateway
2026.08.11-09:24:04.889[32m info [39m [caliper] [connectors/v2/FabricGateway] 	Generating contract map for user _RetailersMSP_User1
2026.08.11-09:24:04.894[32m info [39m [caliper] [connectors/v2/FabricGateway] 	Successfully connected user with identity _RetailersMSP_User1 to a Network Gateway
2026.08.11-09:24:04.894[32m info [39m [caliper] [connectors/v2/FabricGateway] 	Generating contract map for user _RetailersMSP_User1
2026.08.11-09:24:04.894[32m info [39m [caliper] [connectors/v2/FabricGateway] 	Successfully connected user with identity _RetailersMSP_User1 to a Network Gateway
2026.08.11-09:24:04.894[32m info [39m [caliper] [connectors/v2/FabricGateway] 	Generating contract map for user _RetailersMSP_User1
2026.08.11-09:24:04.903[32m info [39m [caliper] [connectors/v2/FabricGateway] 	Successfully connected user with identity _RetailersMSP_User1 to a Network Gateway
2026.08.11-09:24:04.904[32m info [39m [caliper] [connectors/v2/FabricGateway] 	Generating contract map for user _RetailersMSP_User1
2026.08.11-09:24:04.938[32m info [39m [caliper] [connectors/v2/FabricGateway] 	Successfully connected user with identity _RetailersMSP_User1 to a Network Gateway
2026.08.11-09:24:04.938[32m info [39m [caliper] [connectors/v2/FabricGateway] 	Generating contract map for user _RetailersMSP_User1
2026.08.11-09:24:04.940[32m info [39m [caliper] [connectors/v2/FabricGateway] 	Connecting user with identity _RetailersMSP_User2 to a Network Gateway
2026.08.11-09:24:04.944[32m info [39m [caliper] [connectors/v2/FabricGateway] 	Connecting user with identity _RetailersMSP_User2 to a Network Gateway
2026.08.11-09:24:04.947[32m info [39m [caliper] [connectors/v2/FabricGateway] 	Connecting user with identity _RetailersMSP_User2 to a Network Gateway
2026.08.11-09:24:04.955[32m info [39m [caliper] [connectors/v2/FabricGateway] 	Connecting user with identity _RetailersMSP_User2 to a Network Gateway
2026.08.11-09:24:04.988[32m info [39m [caliper] [connectors/v2/FabricGateway] 	Connecting user with identity _RetailersMSP_User2 to a Network Gateway
2026.08.11-09:24:05.012[32m info [39m [caliper] [connectors/v2/FabricGateway] 	Successfully connected user with identity _RetailersMSP_User2 to a Network Gateway
2026.08.11-09:24:05.013[32m info [39m [caliper] [connectors/v2/FabricGateway] 	Generating contract map for user _RetailersMSP_User2
2026.08.11-09:24:05.014[32m info [39m [caliper] [connectors/v2/FabricGateway] 	Successfully connected user with identity _RetailersMSP_User2 to a Network Gateway
2026.08.11-09:24:05.015[32m info [39m [caliper] [connectors/v2/FabricGateway] 	Generating contract map for user _RetailersMSP_User2
2026.08.11-09:24:05.021[32m info [39m [caliper] [connectors/v2/FabricGateway] 	Successfully connected user with identity _RetailersMSP_User2 to a Network Gateway
2026.08.11-09:24:05.021[32m info [39m [caliper] [connectors/v2/FabricGateway] 	Generating contract map for user _RetailersMSP_User2
2026.08.11-09:24:05.025[32m info [39m [caliper] [connectors/v2/FabricGateway] 	Successfully connected user with identity _RetailersMSP_User2 to a Network Gateway
2026.08.11-09:24:05.025[32m info [39m [caliper] [connectors/v2/FabricGateway] 	Generating contract map for user _RetailersMSP_User2
2026.08.11-09:24:05.061[32m info [39m [caliper] [connectors/v2/FabricGateway] 	Successfully connected user with identity _RetailersMSP_User2 to a Network Gateway
2026.08.11-09:24:05.062[32m info [39m [caliper] [connectors/v2/FabricGateway] 	Generating contract map for user _RetailersMSP_User2
2026.08.11-09:24:05.070[32m info [39m [caliper] [connectors/v2/FabricGateway] 	Connecting user with identity _RetailersMSP_User3 to a Network Gateway
2026.08.11-09:24:05.071[32m info [39m [caliper] [connectors/v2/FabricGateway] 	Connecting user with identity _RetailersMSP_User3 to a Network Gateway
2026.08.11-09:24:05.081[32m info [39m [caliper] [connectors/v2/FabricGateway] 	Connecting user with identity _RetailersMSP_User3 to a Network Gateway
2026.08.11-09:24:05.081[32m info [39m [caliper] [connectors/v2/FabricGateway] 	Connecting user with identity _RetailersMSP_User3 to a Network Gateway
2026.08.11-09:24:05.114[32m info [39m [caliper] [connectors/v2/FabricGateway] 	Connecting user with identity _RetailersMSP_User3 to a Network Gateway
2026.08.11-09:24:05.136[32m info [39m [caliper] [connectors/v2/FabricGateway] 	Successfully connected user with identity _RetailersMSP_User3 to a Network Gateway
2026.08.11-09:24:05.136[32m info [39m [caliper] [connectors/v2/FabricGateway] 	Generating contract map for user _RetailersMSP_User3
2026.08.11-09:24:05.138[32m info [39m [caliper] [connectors/v2/FabricGateway] 	Successfully connected user with identity _RetailersMSP_User3 to a Network Gateway
2026.08.11-09:24:05.138[32m info [39m [caliper] [connectors/v2/FabricGateway] 	Generating contract map for user _RetailersMSP_User3
2026.08.11-09:24:05.150[32m info [39m [caliper] [connectors/v2/FabricGateway] 	Successfully connected user with identity _RetailersMSP_User3 to a Network Gateway
2026.08.11-09:24:05.151[32m info [39m [caliper] [connectors/v2/FabricGateway] 	Generating contract map for user _RetailersMSP_User3
2026.08.11-09:24:05.157[32m info [39m [caliper] [connectors/v2/FabricGateway] 	Successfully connected user with identity _RetailersMSP_User3 to a Network Gateway
2026.08.11-09:24:05.157[32m info [39m [caliper] [connectors/v2/FabricGateway] 	Generating contract map for user _RetailersMSP_User3
2026.08.11-09:24:05.186[32m info [39m [caliper] [connectors/v2/FabricGateway] 	Successfully connected user with identity _RetailersMSP_User3 to a Network Gateway
2026.08.11-09:24:05.186[32m info [39m [caliper] [connectors/v2/FabricGateway] 	Generating contract map for user _RetailersMSP_User3
2026.08.11-09:24:05.191[32m info [39m [caliper] [connectors/v2/FabricGateway] 	Connecting user with identity _RetailersMSP_User4 to a Network Gateway
2026.08.11-09:24:05.191[32m info [39m [caliper] [connectors/v2/FabricGateway] 	Connecting user with identity _RetailersMSP_User4 to a Network Gateway
2026.08.11-09:24:05.203[32m info [39m [caliper] [connectors/v2/FabricGateway] 	Connecting user with identity _RetailersMSP_User4 to a Network Gateway
2026.08.11-09:24:05.211[32m info [39m [caliper] [connectors/v2/FabricGateway] 	Connecting user with identity _RetailersMSP_User4 to a Network Gateway
2026.08.11-09:24:05.235[32m info [39m [caliper] [connectors/v2/FabricGateway] 	Connecting user with identity _RetailersMSP_User4 to a Network Gateway
2026.08.11-09:24:05.258[32m info [39m [caliper] [connectors/v2/FabricGateway] 	Successfully connected user with identity _RetailersMSP_User4 to a Network Gateway
2026.08.11-09:24:05.258[32m info [39m [caliper] [connectors/v2/FabricGateway] 	Generating contract map for user _RetailersMSP_User4
2026.08.11-09:24:05.264[32m info [39m [caliper] [connectors/v2/FabricGateway] 	Successfully connected user with identity _RetailersMSP_User4 to a Network Gateway
2026.08.11-09:24:05.264[32m info [39m [caliper] [connectors/v2/FabricGateway] 	Generating contract map for user _RetailersMSP_User4
2026.08.11-09:24:05.269[32m info [39m [caliper] [connectors/v2/FabricGateway] 	Successfully connected user with identity _RetailersMSP_User4 to a Network Gateway
2026.08.11-09:24:05.269[32m info [39m [caliper] [connectors/v2/FabricGateway] 	Generating contract map for user _RetailersMSP_User4
2026.08.11-09:24:05.274[32m info [39m [caliper] [connectors/v2/FabricGateway] 	Successfully connected user with identity _RetailersMSP_User4 to a Network Gateway
2026.08.11-09:24:05.274[32m info [39m [caliper] [connectors/v2/FabricGateway] 	Generating contract map for user _RetailersMSP_User4
2026.08.11-09:24:05.304[32m info [39m [caliper] [connectors/v2/FabricGateway] 	Successfully connected user with identity _RetailersMSP_User4 to a Network Gateway
2026.08.11-09:24:05.304[32m info [39m [caliper] [connectors/v2/FabricGateway] 	Generating contract map for user _RetailersMSP_User4
2026.08.11-09:24:05.307[32m info [39m [caliper] [connectors/v2/FabricGateway] 	Connecting user with identity _RetailersMSP_User5 to a Network Gateway
2026.08.11-09:24:05.313[32m info [39m [caliper] [connectors/v2/FabricGateway] 	Connecting user with identity _RetailersMSP_User5 to a Network Gateway
2026.08.11-09:24:05.320[32m info [39m [caliper] [connectors/v2/FabricGateway] 	Connecting user with identity _RetailersMSP_User5 to a Network Gateway
2026.08.11-09:24:05.326[32m info [39m [caliper] [connectors/v2/FabricGateway] 	Connecting user with identity _RetailersMSP_User5 to a Network Gateway
2026.08.11-09:24:05.359[32m info [39m [caliper] [connectors/v2/FabricGateway] 	Connecting user with identity _RetailersMSP_User5 to a Network Gateway
2026.08.11-09:24:05.379[32m info [39m [caliper] [connectors/v2/FabricGateway] 	Successfully connected user with identity _RetailersMSP_User5 to a Network Gateway
2026.08.11-09:24:05.380[32m info [39m [caliper] [connectors/v2/FabricGateway] 	Generating contract map for user _RetailersMSP_User5
2026.08.11-09:24:05.386[32m info [39m [caliper] [connectors/v2/FabricGateway] 	Successfully connected user with identity _RetailersMSP_User5 to a Network Gateway
2026.08.11-09:24:05.386[32m info [39m [caliper] [connectors/v2/FabricGateway] 	Generating contract map for user _RetailersMSP_User5
2026.08.11-09:24:05.390[32m info [39m [caliper] [connectors/v2/FabricGateway] 	Successfully connected user with identity _RetailersMSP_User5 to a Network Gateway
2026.08.11-09:24:05.390[32m info [39m [caliper] [connectors/v2/FabricGateway] 	Generating contract map for user _RetailersMSP_User5
2026.08.11-09:24:05.392[32m info [39m [caliper] [connectors/v2/FabricGateway] 	Successfully connected user with identity _RetailersMSP_User5 to a Network Gateway
2026.08.11-09:24:05.392[32m info [39m [caliper] [connectors/v2/FabricGateway] 	Generating contract map for user _RetailersMSP_User5
2026.08.11-09:24:05.434[32m info [39m [caliper] [connectors/v2/FabricGateway] 	Connecting user with identity _ConsumersMSP_User0 to a Network Gateway
2026.08.11-09:24:05.435[32m info [39m [caliper] [connectors/v2/FabricGateway] 	Successfully connected user with identity _RetailersMSP_User5 to a Network Gateway
2026.08.11-09:24:05.435[32m info [39m [caliper] [connectors/v2/FabricGateway] 	Generating contract map for user _RetailersMSP_User5
2026.08.11-09:24:05.439[32m info [39m [caliper] [connectors/v2/FabricGateway] 	Connecting user with identity _ConsumersMSP_User0 to a Network Gateway
2026.08.11-09:24:05.445[32m info [39m [caliper] [connectors/v2/FabricGateway] 	Connecting user with identity _ConsumersMSP_User0 to a Network Gateway
2026.08.11-09:24:05.446[32m info [39m [caliper] [connectors/v2/FabricGateway] 	Connecting user with identity _ConsumersMSP_User0 to a Network Gateway
2026.08.11-09:24:05.482[32m info [39m [caliper] [connectors/v2/FabricGateway] 	Connecting user with identity _ConsumersMSP_User0 to a Network Gateway
2026.08.11-09:24:05.500[32m info [39m [caliper] [connectors/v2/FabricGateway] 	Successfully connected user with identity _ConsumersMSP_User0 to a Network Gateway
2026.08.11-09:24:05.500[32m info [39m [caliper] [connectors/v2/FabricGateway] 	Generating contract map for user _ConsumersMSP_User0
2026.08.11-09:24:05.509[32m info [39m [caliper] [connectors/v2/FabricGateway] 	Successfully connected user with identity _ConsumersMSP_User0 to a Network Gateway
2026.08.11-09:24:05.509[32m info [39m [caliper] [connectors/v2/FabricGateway] 	Generating contract map for user _ConsumersMSP_User0
2026.08.11-09:24:05.511[32m info [39m [caliper] [connectors/v2/FabricGateway] 	Successfully connected user with identity _ConsumersMSP_User0 to a Network Gateway
2026.08.11-09:24:05.511[32m info [39m [caliper] [connectors/v2/FabricGateway] 	Generating contract map for user _ConsumersMSP_User0
2026.08.11-09:24:05.514[32m info [39m [caliper] [connectors/v2/FabricGateway] 	Successfully connected user with identity _ConsumersMSP_User0 to a Network Gateway
2026.08.11-09:24:05.514[32m info [39m [caliper] [connectors/v2/FabricGateway] 	Generating contract map for user _ConsumersMSP_User0
2026.08.11-09:24:05.552[32m info [39m [caliper] [connectors/v2/FabricGateway] 	Connecting user with identity _ConsumersMSP_User1 to a Network Gateway
2026.08.11-09:24:05.559[32m info [39m [caliper] [connectors/v2/FabricGateway] 	Successfully connected user with identity _ConsumersMSP_User0 to a Network Gateway
2026.08.11-09:24:05.560[32m info [39m [caliper] [connectors/v2/FabricGateway] 	Generating contract map for user _ConsumersMSP_User0
2026.08.11-09:24:05.569[32m info [39m [caliper] [connectors/v2/FabricGateway] 	Connecting user with identity _ConsumersMSP_User1 to a Network Gateway
2026.08.11-09:24:05.569[32m info [39m [caliper] [connectors/v2/FabricGateway] 	Connecting user with identity _ConsumersMSP_User1 to a Network Gateway
2026.08.11-09:24:05.570[32m info [39m [caliper] [connectors/v2/FabricGateway] 	Connecting user with identity _ConsumersMSP_User1 to a Network Gateway
2026.08.11-09:24:05.624[32m info [39m [caliper] [connectors/v2/FabricGateway] 	Connecting user with identity _ConsumersMSP_User1 to a Network Gateway
2026.08.11-09:24:05.636[32m info [39m [caliper] [connectors/v2/FabricGateway] 	Successfully connected user with identity _ConsumersMSP_User1 to a Network Gateway
2026.08.11-09:24:05.636[32m info [39m [caliper] [connectors/v2/FabricGateway] 	Generating contract map for user _ConsumersMSP_User1
2026.08.11-09:24:05.639[32m info [39m [caliper] [connectors/v2/FabricGateway] 	Successfully connected user with identity _ConsumersMSP_User1 to a Network Gateway
2026.08.11-09:24:05.640[32m info [39m [caliper] [connectors/v2/FabricGateway] 	Generating contract map for user _ConsumersMSP_User1
2026.08.11-09:24:05.644[32m info [39m [caliper] [connectors/v2/FabricGateway] 	Successfully connected user with identity _ConsumersMSP_User1 to a Network Gateway
2026.08.11-09:24:05.644[32m info [39m [caliper] [connectors/v2/FabricGateway] 	Generating contract map for user _ConsumersMSP_User1
2026.08.11-09:24:05.666[32m info [39m [caliper] [connectors/v2/FabricGateway] 	Successfully connected user with identity _ConsumersMSP_User1 to a Network Gateway
2026.08.11-09:24:05.667[32m info [39m [caliper] [connectors/v2/FabricGateway] 	Generating contract map for user _ConsumersMSP_User1
2026.08.11-09:24:05.700[32m info [39m [caliper] [connectors/v2/FabricGateway] 	Connecting user with identity _ConsumersMSP_User2 to a Network Gateway
2026.08.11-09:24:05.708[32m info [39m [caliper] [connectors/v2/FabricGateway] 	Successfully connected user with identity _ConsumersMSP_User1 to a Network Gateway
2026.08.11-09:24:05.708[32m info [39m [caliper] [connectors/v2/FabricGateway] 	Generating contract map for user _ConsumersMSP_User1
2026.08.11-09:24:05.714[32m info [39m [caliper] [connectors/v2/FabricGateway] 	Connecting user with identity _ConsumersMSP_User2 to a Network Gateway
2026.08.11-09:24:05.722[32m info [39m [caliper] [connectors/v2/FabricGateway] 	Connecting user with identity _ConsumersMSP_User2 to a Network Gateway
2026.08.11-09:24:05.726[32m info [39m [caliper] [connectors/v2/FabricGateway] 	Connecting user with identity _ConsumersMSP_User2 to a Network Gateway
2026.08.11-09:24:05.762[32m info [39m [caliper] [connectors/v2/FabricGateway] 	Connecting user with identity _ConsumersMSP_User2 to a Network Gateway
2026.08.11-09:24:05.773[32m info [39m [caliper] [connectors/v2/FabricGateway] 	Successfully connected user with identity _ConsumersMSP_User2 to a Network Gateway
2026.08.11-09:24:05.773[32m info [39m [caliper] [connectors/v2/FabricGateway] 	Generating contract map for user _ConsumersMSP_User2
2026.08.11-09:24:05.783[32m info [39m [caliper] [connectors/v2/FabricGateway] 	Successfully connected user with identity _ConsumersMSP_User2 to a Network Gateway
2026.08.11-09:24:05.783[32m info [39m [caliper] [connectors/v2/FabricGateway] 	Generating contract map for user _ConsumersMSP_User2
2026.08.11-09:24:05.794[32m info [39m [caliper] [connectors/v2/FabricGateway] 	Successfully connected user with identity _ConsumersMSP_User2 to a Network Gateway
2026.08.11-09:24:05.794[32m info [39m [caliper] [connectors/v2/FabricGateway] 	Generating contract map for user _ConsumersMSP_User2
2026.08.11-09:24:05.795[32m info [39m [caliper] [connectors/v2/FabricGateway] 	Successfully connected user with identity _ConsumersMSP_User2 to a Network Gateway
2026.08.11-09:24:05.795[32m info [39m [caliper] [connectors/v2/FabricGateway] 	Generating contract map for user _ConsumersMSP_User2
2026.08.11-09:24:05.826[32m info [39m [caliper] [connectors/v2/FabricGateway] 	Connecting user with identity _ConsumersMSP_User3 to a Network Gateway
2026.08.11-09:24:05.834[32m info [39m [caliper] [connectors/v2/FabricGateway] 	Successfully connected user with identity _ConsumersMSP_User2 to a Network Gateway
2026.08.11-09:24:05.835[32m info [39m [caliper] [connectors/v2/FabricGateway] 	Generating contract map for user _ConsumersMSP_User2
2026.08.11-09:24:05.839[32m info [39m [caliper] [connectors/v2/FabricGateway] 	Connecting user with identity _ConsumersMSP_User3 to a Network Gateway
2026.08.11-09:24:05.848[32m info [39m [caliper] [connectors/v2/FabricGateway] 	Connecting user with identity _ConsumersMSP_User3 to a Network Gateway
2026.08.11-09:24:05.850[32m info [39m [caliper] [connectors/v2/FabricGateway] 	Connecting user with identity _ConsumersMSP_User3 to a Network Gateway
2026.08.11-09:24:05.883[32m info [39m [caliper] [connectors/v2/FabricGateway] 	Connecting user with identity _ConsumersMSP_User3 to a Network Gateway
2026.08.11-09:24:05.898[32m info [39m [caliper] [connectors/v2/FabricGateway] 	Successfully connected user with identity _ConsumersMSP_User3 to a Network Gateway
2026.08.11-09:24:05.898[32m info [39m [caliper] [connectors/v2/FabricGateway] 	Generating contract map for user _ConsumersMSP_User3
2026.08.11-09:24:05.901[32m info [39m [caliper] [connectors/v2/FabricGateway] 	Successfully connected user with identity _ConsumersMSP_User3 to a Network Gateway
2026.08.11-09:24:05.901[32m info [39m [caliper] [connectors/v2/FabricGateway] 	Generating contract map for user _ConsumersMSP_User3
2026.08.11-09:24:05.910[32m info [39m [caliper] [connectors/v2/FabricGateway] 	Successfully connected user with identity _ConsumersMSP_User3 to a Network Gateway
2026.08.11-09:24:05.910[32m info [39m [caliper] [connectors/v2/FabricGateway] 	Generating contract map for user _ConsumersMSP_User3
2026.08.11-09:24:05.911[32m info [39m [caliper] [connectors/v2/FabricGateway] 	Successfully connected user with identity _ConsumersMSP_User3 to a Network Gateway
2026.08.11-09:24:05.911[32m info [39m [caliper] [connectors/v2/FabricGateway] 	Generating contract map for user _ConsumersMSP_User3
2026.08.11-09:24:05.947[32m info [39m [caliper] [connectors/v2/FabricGateway] 	Connecting user with identity _ConsumersMSP_User4 to a Network Gateway
2026.08.11-09:24:05.947[32m info [39m [caliper] [connectors/v2/FabricGateway] 	Connecting user with identity _ConsumersMSP_User4 to a Network Gateway
2026.08.11-09:24:05.951[32m info [39m [caliper] [connectors/v2/FabricGateway] 	Successfully connected user with identity _ConsumersMSP_User3 to a Network Gateway
2026.08.11-09:24:05.952[32m info [39m [caliper] [connectors/v2/FabricGateway] 	Generating contract map for user _ConsumersMSP_User3
2026.08.11-09:24:05.958[32m info [39m [caliper] [connectors/v2/FabricGateway] 	Connecting user with identity _ConsumersMSP_User4 to a Network Gateway
2026.08.11-09:24:05.959[32m info [39m [caliper] [connectors/v2/FabricGateway] 	Connecting user with identity _ConsumersMSP_User4 to a Network Gateway
2026.08.11-09:24:06.000[32m info [39m [caliper] [connectors/v2/FabricGateway] 	Connecting user with identity _ConsumersMSP_User4 to a Network Gateway
2026.08.11-09:24:06.012[32m info [39m [caliper] [connectors/v2/FabricGateway] 	Successfully connected user with identity _ConsumersMSP_User4 to a Network Gateway
2026.08.11-09:24:06.012[32m info [39m [caliper] [connectors/v2/FabricGateway] 	Generating contract map for user _ConsumersMSP_User4
2026.08.11-09:24:06.012[32m info [39m [caliper] [connectors/v2/FabricGateway] 	Successfully connected user with identity _ConsumersMSP_User4 to a Network Gateway
2026.08.11-09:24:06.012[32m info [39m [caliper] [connectors/v2/FabricGateway] 	Generating contract map for user _ConsumersMSP_User4
2026.08.11-09:24:06.020[32m info [39m [caliper] [connectors/v2/FabricGateway] 	Successfully connected user with identity _ConsumersMSP_User4 to a Network Gateway
2026.08.11-09:24:06.021[32m info [39m [caliper] [connectors/v2/FabricGateway] 	Generating contract map for user _ConsumersMSP_User4
2026.08.11-09:24:06.021[32m info [39m [caliper] [connectors/v2/FabricGateway] 	Successfully connected user with identity _ConsumersMSP_User4 to a Network Gateway
2026.08.11-09:24:06.021[32m info [39m [caliper] [connectors/v2/FabricGateway] 	Generating contract map for user _ConsumersMSP_User4
2026.08.11-09:24:06.060[32m info [39m [caliper] [connectors/v2/FabricGateway] 	Connecting user with identity _ConsumersMSP_User5 to a Network Gateway
2026.08.11-09:24:06.066[32m info [39m [caliper] [connectors/v2/FabricGateway] 	Connecting user with identity _ConsumersMSP_User5 to a Network Gateway
2026.08.11-09:24:06.072[32m info [39m [caliper] [connectors/v2/FabricGateway] 	Successfully connected user with identity _ConsumersMSP_User4 to a Network Gateway
2026.08.11-09:24:06.072[32m info [39m [caliper] [connectors/v2/FabricGateway] 	Generating contract map for user _ConsumersMSP_User4
2026.08.11-09:24:06.072[32m info [39m [caliper] [connectors/v2/FabricGateway] 	Connecting user with identity _ConsumersMSP_User5 to a Network Gateway
2026.08.11-09:24:06.073[32m info [39m [caliper] [connectors/v2/FabricGateway] 	Connecting user with identity _ConsumersMSP_User5 to a Network Gateway
2026.08.11-09:24:06.125[32m info [39m [caliper] [connectors/v2/FabricGateway] 	Connecting user with identity _ConsumersMSP_User5 to a Network Gateway
2026.08.11-09:24:06.132[32m info [39m [caliper] [connectors/v2/FabricGateway] 	Successfully connected user with identity _ConsumersMSP_User5 to a Network Gateway
2026.08.11-09:24:06.132[32m info [39m [caliper] [connectors/v2/FabricGateway] 	Generating contract map for user _ConsumersMSP_User5
2026.08.11-09:24:06.138[32m info [39m [caliper] [connectors/v2/FabricGateway] 	Successfully connected user with identity _ConsumersMSP_User5 to a Network Gateway
2026.08.11-09:24:06.138[32m info [39m [caliper] [connectors/v2/FabricGateway] 	Generating contract map for user _ConsumersMSP_User5
2026.08.11-09:24:06.142[32m info [39m [caliper] [connectors/v2/FabricGateway] 	Successfully connected user with identity _ConsumersMSP_User5 to a Network Gateway
2026.08.11-09:24:06.142[32m info [39m [caliper] [connectors/v2/FabricGateway] 	Generating contract map for user _ConsumersMSP_User5
2026.08.11-09:24:06.147[32m info [39m [caliper] [connectors/v2/FabricGateway] 	Successfully connected user with identity _ConsumersMSP_User5 to a Network Gateway
2026.08.11-09:24:06.147[32m info [39m [caliper] [connectors/v2/FabricGateway] 	Generating contract map for user _ConsumersMSP_User5
2026.08.11-09:24:06.187[32m info [39m [caliper] [caliper-worker] 	Worker #1 starting workload loop
2026.08.11-09:24:06.193[32m info [39m [caliper] [caliper-worker] 	Worker #3 starting workload loop
2026.08.11-09:24:06.195[32m info [39m [caliper] [caliper-worker] 	Worker #4 starting workload loop
2026.08.11-09:24:06.199[32m info [39m [caliper] [connectors/v2/FabricGateway] 	Successfully connected user with identity _ConsumersMSP_User5 to a Network Gateway
2026.08.11-09:24:06.199[32m info [39m [caliper] [connectors/v2/FabricGateway] 	Generating contract map for user _ConsumersMSP_User5
2026.08.11-09:24:06.203[32m info [39m [caliper] [caliper-worker] 	Worker #0 starting workload loop
2026.08.11-09:24:06.265[32m info [39m [caliper] [caliper-worker] 	Worker #2 starting workload loop
2026.08.11-09:24:07.515[32m info [39m [caliper] [default-observer] 	[purchase_round1@300 Round 0 Transaction Info] - Submitted: 300 Succ: 300 Fail:0 Unfinished:0

📊 ===== PurchasePacket Worker 2 Summary =====
   ✅ Real Transactions   : 0
   🟡 Dummy Transactions  : 60
   ❌ Failed Transactions : 0
   📈 Total Submitted     : 60
   ⚖️ Dummy Ratio        : 100.00%
   📦 Total Payload       : 1.6602 KB
   📏 Avg Payload         : 34.00 bytes
   📐 Max Payload         : 34 bytes
   🧮 Payload Samples     : 50
2026.08.11-09:24:08.351[32m info [39m [caliper] [connectors/v2/FabricGateway] 	disconnecting gateway for user User0
2026.08.11-09:24:08.352[32m info [39m [caliper] [connectors/v2/FabricGateway] 	disconnecting gateway for user User1
2026.08.11-09:24:08.352[32m info [39m [caliper] [connectors/v2/FabricGateway] 	disconnecting gateway for user User2
2026.08.11-09:24:08.352[32m info [39m [caliper] [connectors/v2/FabricGateway] 	disconnecting gateway for user User3
2026.08.11-09:24:08.353[32m info [39m [caliper] [connectors/v2/FabricGateway] 	disconnecting gateway for user User4
2026.08.11-09:24:08.353[32m info [39m [caliper] [connectors/v2/FabricGateway] 	disconnecting gateway for user User5
2026.08.11-09:24:08.353[32m info [39m [caliper] [connectors/v2/FabricGateway] 	disconnecting gateway for user _AuctioncentersMSP_User0
2026.08.11-09:24:08.353[32m info [39m [caliper] [connectors/v2/FabricGateway] 	disconnecting gateway for user _AuctioncentersMSP_User1
2026.08.11-09:24:08.354[32m info [39m [caliper] [connectors/v2/FabricGateway] 	disconnecting gateway for user _AuctioncentersMSP_User2
2026.08.11-09:24:08.354[32m info [39m [caliper] [connectors/v2/FabricGateway] 	disconnecting gateway for user _AuctioncentersMSP_User3
2026.08.11-09:24:08.354[32m info [39m [caliper] [connectors/v2/FabricGateway] 	disconnecting gateway for user _AuctioncentersMSP_User4
2026.08.11-09:24:08.354[32m info [39m [caliper] [connectors/v2/FabricGateway] 	disconnecting gateway for user _AuctioncentersMSP_User5
2026.08.11-09:24:08.355[32m info [39m [caliper] [connectors/v2/FabricGateway] 	disconnecting gateway for user _WholesalersMSP_User0
2026.08.11-09:24:08.355[32m info [39m [caliper] [connectors/v2/FabricGateway] 	disconnecting gateway for user _WholesalersMSP_User1
2026.08.11-09:24:08.355[32m info [39m [caliper] [connectors/v2/FabricGateway] 	disconnecting gateway for user _WholesalersMSP_User2
2026.08.11-09:24:08.355[32m info [39m [caliper] [connectors/v2/FabricGateway] 	disconnecting gateway for user _WholesalersMSP_User3
2026.08.11-09:24:08.355[32m info [39m [caliper] [connectors/v2/FabricGateway] 	disconnecting gateway for user _WholesalersMSP_User4
2026.08.11-09:24:08.355[32m info [39m [caliper] [connectors/v2/FabricGateway] 	disconnecting gateway for user _WholesalersMSP_User5
2026.08.11-09:24:08.356[32m info [39m [caliper] [connectors/v2/FabricGateway] 	disconnecting gateway for user _RetailersMSP_User0
2026.08.11-09:24:08.356[32m info [39m [caliper] [connectors/v2/FabricGateway] 	disconnecting gateway for user _RetailersMSP_User1
2026.08.11-09:24:08.356[32m info [39m [caliper] [connectors/v2/FabricGateway] 	disconnecting gateway for user _RetailersMSP_User2
2026.08.11-09:24:08.356[32m info [39m [caliper] [connectors/v2/FabricGateway] 	disconnecting gateway for user _RetailersMSP_User3
2026.08.11-09:24:08.357[32m info [39m [caliper] [connectors/v2/FabricGateway] 	disconnecting gateway for user _RetailersMSP_User4
2026.08.11-09:24:08.357[32m info [39m [caliper] [connectors/v2/FabricGateway] 	disconnecting gateway for user _RetailersMSP_User5
2026.08.11-09:24:08.357[32m info [39m [caliper] [connectors/v2/FabricGateway] 	disconnecting gateway for user _ConsumersMSP_User0
2026.08.11-09:24:08.357[32m info [39m [caliper] [connectors/v2/FabricGateway] 	disconnecting gateway for user _ConsumersMSP_User1
2026.08.11-09:24:08.357[32m info [39m [caliper] [connectors/v2/FabricGateway] 	disconnecting gateway for user _ConsumersMSP_User2
2026.08.11-09:24:08.358[32m info [39m [caliper] [connectors/v2/FabricGateway] 	disconnecting gateway for user _ConsumersMSP_User3
2026.08.11-09:24:08.359[32m info [39m [caliper] [connectors/v2/FabricGateway] 	disconnecting gateway for user _ConsumersMSP_User4
2026.08.11-09:24:08.359[32m info [39m [caliper] [connectors/v2/FabricGateway] 	disconnecting gateway for user _ConsumersMSP_User5
2026.08.11-09:24:08.359[32m info [39m [caliper] [worker-message-handler] 	Worker#2 finished Round#0

📊 ===== PurchasePacket Worker 4 Summary =====
   ✅ Real Transactions   : 0
   🟡 Dummy Transactions  : 60
   ❌ Failed Transactions : 0
   📈 Total Submitted     : 60
   ⚖️ Dummy Ratio        : 100.00%

📊 ===== PurchasePacket Worker 1 Summary =====
   📦 Total Payload       : 1.6602 KB
   ✅ Real Transactions   : 0
   🟡 Dummy Transactions  : 60
   ❌ Failed Transactions : 0
   📈 Total Submitted     : 60
   ⚖️ Dummy Ratio        : 100.00%
   📦 Total Payload       : 1.6602 KB
   📏 Avg Payload         : 34.00 bytes
   📐 Max Payload         : 34 bytes
   📏 Avg Payload         : 34.00 bytes
   🧮 Payload Samples     : 50
   📐 Max Payload         : 34 bytes
   🧮 Payload Samples     : 50

📊 ===== PurchasePacket Worker 3 Summary =====
2026.08.11-09:24:08.382[32m info [39m [caliper] [connectors/v2/FabricGateway] 	disconnecting gateway for user User0
   ✅ Real Transactions   : 0
   🟡 Dummy Transactions  : 60
   ❌ Failed Transactions : 0
   📈 Total Submitted     : 60
   ⚖️ Dummy Ratio        : 100.00%
   📦 Total Payload       : 1.6602 KB
2026.08.11-09:24:08.383[32m info [39m [caliper] [connectors/v2/FabricGateway] 	disconnecting gateway for user User0
   📏 Avg Payload         : 34.00 bytes
   📐 Max Payload         : 34 bytes
   🧮 Payload Samples     : 50
2026.08.11-09:24:08.383[32m info [39m [caliper] [connectors/v2/FabricGateway] 	disconnecting gateway for user User0
2026.08.11-09:24:08.383[32m info [39m [caliper] [connectors/v2/FabricGateway] 	disconnecting gateway for user User1
2026.08.11-09:24:08.384[32m info [39m [caliper] [connectors/v2/FabricGateway] 	disconnecting gateway for user User1
2026.08.11-09:24:08.384[32m info [39m [caliper] [connectors/v2/FabricGateway] 	disconnecting gateway for user User2
2026.08.11-09:24:08.384[32m info [39m [caliper] [connectors/v2/FabricGateway] 	disconnecting gateway for user User1
2026.08.11-09:24:08.384[32m info [39m [caliper] [connectors/v2/FabricGateway] 	disconnecting gateway for user User2
2026.08.11-09:24:08.384[32m info [39m [caliper] [connectors/v2/FabricGateway] 	disconnecting gateway for user User3
2026.08.11-09:24:08.385[32m info [39m [caliper] [connectors/v2/FabricGateway] 	disconnecting gateway for user User3
2026.08.11-09:24:08.385[32m info [39m [caliper] [connectors/v2/FabricGateway] 	disconnecting gateway for user User4
2026.08.11-09:24:08.385[32m info [39m [caliper] [connectors/v2/FabricGateway] 	disconnecting gateway for user User2
2026.08.11-09:24:08.385[32m info [39m [caliper] [connectors/v2/FabricGateway] 	disconnecting gateway for user User5
2026.08.11-09:24:08.385[32m info [39m [caliper] [connectors/v2/FabricGateway] 	disconnecting gateway for user User4
2026.08.11-09:24:08.386[32m info [39m [caliper] [connectors/v2/FabricGateway] 	disconnecting gateway for user User5
2026.08.11-09:24:08.386[32m info [39m [caliper] [connectors/v2/FabricGateway] 	disconnecting gateway for user User3
2026.08.11-09:24:08.386[32m info [39m [caliper] [connectors/v2/FabricGateway] 	disconnecting gateway for user _AuctioncentersMSP_User0
2026.08.11-09:24:08.387[32m info [39m [caliper] [connectors/v2/FabricGateway] 	disconnecting gateway for user _AuctioncentersMSP_User0
2026.08.11-09:24:08.387[32m info [39m [caliper] [connectors/v2/FabricGateway] 	disconnecting gateway for user _AuctioncentersMSP_User1
2026.08.11-09:24:08.387[32m info [39m [caliper] [connectors/v2/FabricGateway] 	disconnecting gateway for user User4
2026.08.11-09:24:08.387[32m info [39m [caliper] [connectors/v2/FabricGateway] 	disconnecting gateway for user _AuctioncentersMSP_User2
2026.08.11-09:24:08.387[32m info [39m [caliper] [connectors/v2/FabricGateway] 	disconnecting gateway for user User5
2026.08.11-09:24:08.387[32m info [39m [caliper] [connectors/v2/FabricGateway] 	disconnecting gateway for user _AuctioncentersMSP_User1
2026.08.11-09:24:08.387[32m info [39m [caliper] [connectors/v2/FabricGateway] 	disconnecting gateway for user _AuctioncentersMSP_User0
2026.08.11-09:24:08.387[32m info [39m [caliper] [connectors/v2/FabricGateway] 	disconnecting gateway for user _AuctioncentersMSP_User3
2026.08.11-09:24:08.388[32m info [39m [caliper] [connectors/v2/FabricGateway] 	disconnecting gateway for user _AuctioncentersMSP_User2
2026.08.11-09:24:08.388[32m info [39m [caliper] [connectors/v2/FabricGateway] 	disconnecting gateway for user _AuctioncentersMSP_User1
2026.08.11-09:24:08.388[32m info [39m [caliper] [connectors/v2/FabricGateway] 	disconnecting gateway for user _AuctioncentersMSP_User3
2026.08.11-09:24:08.388[32m info [39m [caliper] [connectors/v2/FabricGateway] 	disconnecting gateway for user _AuctioncentersMSP_User2
2026.08.11-09:24:08.388[32m info [39m [caliper] [connectors/v2/FabricGateway] 	disconnecting gateway for user _AuctioncentersMSP_User4
2026.08.11-09:24:08.388[32m info [39m [caliper] [connectors/v2/FabricGateway] 	disconnecting gateway for user _AuctioncentersMSP_User4
2026.08.11-09:24:08.389[32m info [39m [caliper] [connectors/v2/FabricGateway] 	disconnecting gateway for user _AuctioncentersMSP_User3
2026.08.11-09:24:08.389[32m info [39m [caliper] [connectors/v2/FabricGateway] 	disconnecting gateway for user _AuctioncentersMSP_User5
2026.08.11-09:24:08.389[32m info [39m [caliper] [connectors/v2/FabricGateway] 	disconnecting gateway for user _AuctioncentersMSP_User5
2026.08.11-09:24:08.389[32m info [39m [caliper] [connectors/v2/FabricGateway] 	disconnecting gateway for user _WholesalersMSP_User0
2026.08.11-09:24:08.389[32m info [39m [caliper] [connectors/v2/FabricGateway] 	disconnecting gateway for user _AuctioncentersMSP_User4
2026.08.11-09:24:08.389[32m info [39m [caliper] [connectors/v2/FabricGateway] 	disconnecting gateway for user _WholesalersMSP_User0
2026.08.11-09:24:08.389[32m info [39m [caliper] [connectors/v2/FabricGateway] 	disconnecting gateway for user _WholesalersMSP_User1
2026.08.11-09:24:08.389[32m info [39m [caliper] [connectors/v2/FabricGateway] 	disconnecting gateway for user _WholesalersMSP_User1
2026.08.11-09:24:08.390[32m info [39m [caliper] [connectors/v2/FabricGateway] 	disconnecting gateway for user _WholesalersMSP_User2
2026.08.11-09:24:08.389[32m info [39m [caliper] [connectors/v2/FabricGateway] 	disconnecting gateway for user _AuctioncentersMSP_User5
2026.08.11-09:24:08.390[32m info [39m [caliper] [connectors/v2/FabricGateway] 	disconnecting gateway for user _WholesalersMSP_User2
2026.08.11-09:24:08.390[32m info [39m [caliper] [connectors/v2/FabricGateway] 	disconnecting gateway for user _WholesalersMSP_User3
2026.08.11-09:24:08.390[32m info [39m [caliper] [connectors/v2/FabricGateway] 	disconnecting gateway for user _WholesalersMSP_User3
2026.08.11-09:24:08.390[32m info [39m [caliper] [connectors/v2/FabricGateway] 	disconnecting gateway for user _WholesalersMSP_User0
2026.08.11-09:24:08.390[32m info [39m [caliper] [connectors/v2/FabricGateway] 	disconnecting gateway for user _WholesalersMSP_User4
2026.08.11-09:24:08.390[32m info [39m [caliper] [connectors/v2/FabricGateway] 	disconnecting gateway for user _WholesalersMSP_User4
2026.08.11-09:24:08.390[32m info [39m [caliper] [connectors/v2/FabricGateway] 	disconnecting gateway for user _WholesalersMSP_User5
2026.08.11-09:24:08.390[32m info [39m [caliper] [connectors/v2/FabricGateway] 	disconnecting gateway for user _WholesalersMSP_User5
2026.08.11-09:24:08.390[32m info [39m [caliper] [connectors/v2/FabricGateway] 	disconnecting gateway for user _WholesalersMSP_User1

📊 ===== PurchasePacket Worker 0 Summary =====
   ✅ Real Transactions   : 0
   🟡 Dummy Transactions  : 60
   ❌ Failed Transactions : 0
   📈 Total Submitted     : 60
   ⚖️ Dummy Ratio        : 100.00%
2026.08.11-09:24:08.391[32m info [39m [caliper] [connectors/v2/FabricGateway] 	disconnecting gateway for user _RetailersMSP_User0
   📦 Total Payload       : 1.6602 KB
2026.08.11-09:24:08.391[32m info [39m [caliper] [connectors/v2/FabricGateway] 	disconnecting gateway for user _RetailersMSP_User0
   📏 Avg Payload         : 34.00 bytes
   📐 Max Payload         : 34 bytes
   🧮 Payload Samples     : 50
2026.08.11-09:24:08.391[32m info [39m [caliper] [connectors/v2/FabricGateway] 	disconnecting gateway for user _WholesalersMSP_User2
2026.08.11-09:24:08.391[32m info [39m [caliper] [connectors/v2/FabricGateway] 	disconnecting gateway for user User0
2026.08.11-09:24:08.391[32m info [39m [caliper] [connectors/v2/FabricGateway] 	disconnecting gateway for user _RetailersMSP_User1
2026.08.11-09:24:08.391[32m info [39m [caliper] [connectors/v2/FabricGateway] 	disconnecting gateway for user _RetailersMSP_User1
2026.08.11-09:24:08.391[32m info [39m [caliper] [connectors/v2/FabricGateway] 	disconnecting gateway for user _WholesalersMSP_User3
2026.08.11-09:24:08.391[32m info [39m [caliper] [connectors/v2/FabricGateway] 	disconnecting gateway for user _RetailersMSP_User2
2026.08.11-09:24:08.391[32m info [39m [caliper] [connectors/v2/FabricGateway] 	disconnecting gateway for user _RetailersMSP_User2
2026.08.11-09:24:08.391[32m info [39m [caliper] [connectors/v2/FabricGateway] 	disconnecting gateway for user _RetailersMSP_User3
2026.08.11-09:24:08.391[32m info [39m [caliper] [connectors/v2/FabricGateway] 	disconnecting gateway for user _WholesalersMSP_User4
2026.08.11-09:24:08.391[32m info [39m [caliper] [connectors/v2/FabricGateway] 	disconnecting gateway for user User1
2026.08.11-09:24:08.391[32m info [39m [caliper] [connectors/v2/FabricGateway] 	disconnecting gateway for user _RetailersMSP_User3
2026.08.11-09:24:08.392[32m info [39m [caliper] [connectors/v2/FabricGateway] 	disconnecting gateway for user _RetailersMSP_User4
2026.08.11-09:24:08.392[32m info [39m [caliper] [connectors/v2/FabricGateway] 	disconnecting gateway for user _WholesalersMSP_User5
2026.08.11-09:24:08.392[32m info [39m [caliper] [connectors/v2/FabricGateway] 	disconnecting gateway for user _RetailersMSP_User5
2026.08.11-09:24:08.392[32m info [39m [caliper] [connectors/v2/FabricGateway] 	disconnecting gateway for user User2
2026.08.11-09:24:08.392[32m info [39m [caliper] [connectors/v2/FabricGateway] 	disconnecting gateway for user _ConsumersMSP_User0
2026.08.11-09:24:08.392[32m info [39m [caliper] [connectors/v2/FabricGateway] 	disconnecting gateway for user _RetailersMSP_User0
2026.08.11-09:24:08.392[32m info [39m [caliper] [connectors/v2/FabricGateway] 	disconnecting gateway for user _ConsumersMSP_User1
2026.08.11-09:24:08.392[32m info [39m [caliper] [connectors/v2/FabricGateway] 	disconnecting gateway for user _RetailersMSP_User4
2026.08.11-09:24:08.392[32m info [39m [caliper] [connectors/v2/FabricGateway] 	disconnecting gateway for user User3
2026.08.11-09:24:08.392[32m info [39m [caliper] [connectors/v2/FabricGateway] 	disconnecting gateway for user _ConsumersMSP_User2
2026.08.11-09:24:08.392[32m info [39m [caliper] [connectors/v2/FabricGateway] 	disconnecting gateway for user _RetailersMSP_User1
2026.08.11-09:24:08.393[32m info [39m [caliper] [connectors/v2/FabricGateway] 	disconnecting gateway for user _ConsumersMSP_User3
2026.08.11-09:24:08.393[32m info [39m [caliper] [connectors/v2/FabricGateway] 	disconnecting gateway for user User4
2026.08.11-09:24:08.393[32m info [39m [caliper] [connectors/v2/FabricGateway] 	disconnecting gateway for user _RetailersMSP_User2
2026.08.11-09:24:08.393[32m info [39m [caliper] [connectors/v2/FabricGateway] 	disconnecting gateway for user _ConsumersMSP_User4
2026.08.11-09:24:08.393[32m info [39m [caliper] [connectors/v2/FabricGateway] 	disconnecting gateway for user _RetailersMSP_User5
2026.08.11-09:24:08.393[32m info [39m [caliper] [connectors/v2/FabricGateway] 	disconnecting gateway for user User5
2026.08.11-09:24:08.393[32m info [39m [caliper] [connectors/v2/FabricGateway] 	disconnecting gateway for user _ConsumersMSP_User0
2026.08.11-09:24:08.393[32m info [39m [caliper] [connectors/v2/FabricGateway] 	disconnecting gateway for user _RetailersMSP_User3
2026.08.11-09:24:08.393[32m info [39m [caliper] [connectors/v2/FabricGateway] 	disconnecting gateway for user _AuctioncentersMSP_User0
2026.08.11-09:24:08.393[32m info [39m [caliper] [connectors/v2/FabricGateway] 	disconnecting gateway for user _RetailersMSP_User4
2026.08.11-09:24:08.394[32m info [39m [caliper] [connectors/v2/FabricGateway] 	disconnecting gateway for user _ConsumersMSP_User1
2026.08.11-09:24:08.394[32m info [39m [caliper] [connectors/v2/FabricGateway] 	disconnecting gateway for user _RetailersMSP_User5
2026.08.11-09:24:08.394[32m info [39m [caliper] [connectors/v2/FabricGateway] 	disconnecting gateway for user _AuctioncentersMSP_User1
2026.08.11-09:24:08.394[32m info [39m [caliper] [connectors/v2/FabricGateway] 	disconnecting gateway for user _ConsumersMSP_User2
2026.08.11-09:24:08.394[32m info [39m [caliper] [connectors/v2/FabricGateway] 	disconnecting gateway for user _ConsumersMSP_User0
2026.08.11-09:24:08.394[32m info [39m [caliper] [connectors/v2/FabricGateway] 	disconnecting gateway for user _AuctioncentersMSP_User2
2026.08.11-09:24:08.394[32m info [39m [caliper] [connectors/v2/FabricGateway] 	disconnecting gateway for user _ConsumersMSP_User5
2026.08.11-09:24:08.394[32m info [39m [caliper] [connectors/v2/FabricGateway] 	disconnecting gateway for user _ConsumersMSP_User3
2026.08.11-09:24:08.394[32m info [39m [caliper] [connectors/v2/FabricGateway] 	disconnecting gateway for user _ConsumersMSP_User1
2026.08.11-09:24:08.394[32m info [39m [caliper] [connectors/v2/FabricGateway] 	disconnecting gateway for user _AuctioncentersMSP_User3
2026.08.11-09:24:08.394[32m info [39m [caliper] [worker-message-handler] 	Worker#3 finished Round#0
2026.08.11-09:24:08.394[32m info [39m [caliper] [connectors/v2/FabricGateway] 	disconnecting gateway for user _ConsumersMSP_User2
2026.08.11-09:24:08.394[32m info [39m [caliper] [connectors/v2/FabricGateway] 	disconnecting gateway for user _ConsumersMSP_User4
2026.08.11-09:24:08.394[32m info [39m [caliper] [connectors/v2/FabricGateway] 	disconnecting gateway for user _ConsumersMSP_User5
2026.08.11-09:24:08.394[32m info [39m [caliper] [connectors/v2/FabricGateway] 	disconnecting gateway for user _AuctioncentersMSP_User4
2026.08.11-09:24:08.395[32m info [39m [caliper] [connectors/v2/FabricGateway] 	disconnecting gateway for user _AuctioncentersMSP_User5
2026.08.11-09:24:08.395[32m info [39m [caliper] [connectors/v2/FabricGateway] 	disconnecting gateway for user _WholesalersMSP_User0
2026.08.11-09:24:08.395[32m info [39m [caliper] [connectors/v2/FabricGateway] 	disconnecting gateway for user _ConsumersMSP_User3
2026.08.11-09:24:08.395[32m info [39m [caliper] [connectors/v2/FabricGateway] 	disconnecting gateway for user _WholesalersMSP_User1
2026.08.11-09:24:08.395[32m info [39m [caliper] [connectors/v2/FabricGateway] 	disconnecting gateway for user _ConsumersMSP_User4
2026.08.11-09:24:08.395[32m info [39m [caliper] [connectors/v2/FabricGateway] 	disconnecting gateway for user _WholesalersMSP_User2
2026.08.11-09:24:08.395[32m info [39m [caliper] [worker-message-handler] 	Worker#4 finished Round#0
2026.08.11-09:24:08.396[32m info [39m [caliper] [connectors/v2/FabricGateway] 	disconnecting gateway for user _WholesalersMSP_User3
2026.08.11-09:24:08.396[32m info [39m [caliper] [connectors/v2/FabricGateway] 	disconnecting gateway for user _ConsumersMSP_User5
2026.08.11-09:24:08.396[32m info [39m [caliper] [connectors/v2/FabricGateway] 	disconnecting gateway for user _WholesalersMSP_User4
2026.08.11-09:24:08.396[32m info [39m [caliper] [worker-message-handler] 	Worker#1 finished Round#0
2026.08.11-09:24:08.396[32m info [39m [caliper] [connectors/v2/FabricGateway] 	disconnecting gateway for user _WholesalersMSP_User5
2026.08.11-09:24:08.396[32m info [39m [caliper] [connectors/v2/FabricGateway] 	disconnecting gateway for user _RetailersMSP_User0
2026.08.11-09:24:08.397[32m info [39m [caliper] [connectors/v2/FabricGateway] 	disconnecting gateway for user _RetailersMSP_User1
2026.08.11-09:24:08.397[32m info [39m [caliper] [connectors/v2/FabricGateway] 	disconnecting gateway for user _RetailersMSP_User2
2026.08.11-09:24:08.397[32m info [39m [caliper] [connectors/v2/FabricGateway] 	disconnecting gateway for user _RetailersMSP_User3
2026.08.11-09:24:08.397[32m info [39m [caliper] [connectors/v2/FabricGateway] 	disconnecting gateway for user _RetailersMSP_User4
2026.08.11-09:24:08.397[32m info [39m [caliper] [connectors/v2/FabricGateway] 	disconnecting gateway for user _RetailersMSP_User5
2026.08.11-09:24:08.398[32m info [39m [caliper] [connectors/v2/FabricGateway] 	disconnecting gateway for user _ConsumersMSP_User0
2026.08.11-09:24:08.398[32m info [39m [caliper] [connectors/v2/FabricGateway] 	disconnecting gateway for user _ConsumersMSP_User1
2026.08.11-09:24:08.399[32m info [39m [caliper] [connectors/v2/FabricGateway] 	disconnecting gateway for user _ConsumersMSP_User2
2026.08.11-09:24:08.400[32m info [39m [caliper] [connectors/v2/FabricGateway] 	disconnecting gateway for user _ConsumersMSP_User3
2026.08.11-09:24:08.400[32m info [39m [caliper] [connectors/v2/FabricGateway] 	disconnecting gateway for user _ConsumersMSP_User4
2026.08.11-09:24:08.401[32m info [39m [caliper] [connectors/v2/FabricGateway] 	disconnecting gateway for user _ConsumersMSP_User5
2026.08.11-09:24:08.401[32m info [39m [caliper] [worker-message-handler] 	Worker#0 finished Round#0
2026.08.11-09:24:13.406[32m info [39m [caliper] [default-observer] 	Resetting txCount indicator count
2026.08.11-09:24:13.407[32m info [39m [caliper] [report-builder] 	### Test result ###
2026.08.11-09:24:13.411[32m info [39m [caliper] [report-builder] 	
+---------------------+------+------+-----------------+-----------------+-----------------+-----------------+------------------+
| Name                | Succ | Fail | Send Rate (TPS) | Max Latency (s) | Min Latency (s) | Avg Latency (s) | Throughput (TPS) |
|---------------------|------|------|-----------------|-----------------|-----------------|-----------------|------------------|
| purchase_round1@300 | 300  | 0    | 283.8           | 0.14            | 0.04            | 0.09            | 272.2            |
+---------------------+------+------+-----------------+-----------------+-----------------+-----------------+------------------+

2026.08.11-09:24:13.412[32m info [39m [caliper] [round-orchestrator] 	Finished round 1 (purchase_round1@300) in 1.204 seconds
2026.08.11-09:24:13.412[32m info [39m [caliper] [monitor.js] 	Stopping all monitors
2026.08.11-09:24:13.412[32m info [39m [caliper] [report-builder] 	### All test results ###
2026.08.11-09:24:13.413[32m info [39m [caliper] [report-builder] 	
+---------------------+------+------+-----------------+-----------------+-----------------+-----------------+------------------+
| Name                | Succ | Fail | Send Rate (TPS) | Max Latency (s) | Min Latency (s) | Avg Latency (s) | Throughput (TPS) |
|---------------------|------|------|-----------------|-----------------|-----------------|-----------------|------------------|
| purchase_round1@300 | 300  | 0    | 283.8           | 0.14            | 0.04            | 0.09            | 272.2            |
+---------------------+------+------+-----------------+-----------------+-----------------+-----------------+------------------+

2026.08.11-09:24:13.420[32m info [39m [caliper] [report-builder] 	Generated report with path /home/dhanish/fabric_sfc/caliper-bench/report.html
2026.08.11-09:24:13.420[32m info [39m [caliper] [monitor.js] 	Stopping all monitors
2026.08.11-09:24:13.420[32m info [39m [caliper] [worker-orchestrator] 	Sending exit message to connected workers
2026.08.11-09:24:13.421[32m info [39m [caliper] [round-orchestrator] 	Benchmark finished in 14.975 seconds. Total rounds: 1. Successful rounds: 1. Failed rounds: 0.
2026.08.11-09:24:13.421[32m info [39m [caliper] [worker-message-handler] 	Worker#0 is exiting
2026.08.11-09:24:13.421[32m info [39m [caliper] [worker-message-handler] 	Worker#1 is exiting
2026.08.11-09:24:13.421[32m info [39m [caliper] [worker-message-handler] 	Worker#2 is exiting
2026.08.11-09:24:13.421[32m info [39m [caliper] [worker-message-handler] 	Worker#3 is exiting
2026.08.11-09:24:13.421[32m info [39m [caliper] [caliper-engine] 	Network configuration attribute "caliper.command.end" is not present, skipping end command
2026.08.11-09:24:13.421[32m info [39m [caliper] [worker-message-handler] 	Worker#4 is exiting
2026.08.11-09:24:13.421[32m info [39m [caliper] [cli-launch-manager] 	Benchmark successfully finished!
