2026.08.11-09:20:02.855[32m info [39m [caliper] [cli-launch-manager] 	Set workspace path: /home/dhanish/fabric_sfc/caliper-bench
2026.08.11-09:20:02.855[32m info [39m [caliper] [cli-launch-manager] 	Set benchmark configuration path: /home/dhanish/fabric_sfc/caliper-bench/benchmarks/benchmark-setfinancepolicy-agro1008-finance-300.yaml
2026.08.11-09:20:02.856[32m info [39m [caliper] [cli-launch-manager] 	Set network configuration path: /home/dhanish/fabric_sfc/caliper-bench/generated/caliper-network-agro1008-finance.yaml
2026.08.11-09:20:02.856[32m info [39m [caliper] [cli-launch-manager] 	Set SUT type: fabric
2026.08.11-09:20:02.873[32m info [39m [caliper] [benchmark-validator] 	No observer specified, will default to `none`
2026.08.11-09:20:02.873[32m info [39m [caliper] [caliper-engine] 	Starting benchmark flow
2026.08.11-09:20:02.874[32m info [39m [caliper] [caliper-engine] 	Network configuration attribute "caliper.command.start" is not present, skipping start command
2026.08.11-09:20:03.289[32m info [39m [caliper] [FabricConnectorFactory] 	Initializing gateway connector compatible with installed SDK: 2.2.20
2026.08.11-09:20:03.304[32m info [39m [caliper] [IdentityManager] 	Adding User0 (admin=true) as User0 for organization FinanciersMSP
2026.08.11-09:20:03.305[32m info [39m [caliper] [IdentityManager] 	Adding User1 (admin=false) as User1 for organization FinanciersMSP
2026.08.11-09:20:03.306[32m info [39m [caliper] [IdentityManager] 	Adding User2 (admin=false) as User2 for organization FinanciersMSP
2026.08.11-09:20:03.307[32m info [39m [caliper] [IdentityManager] 	Adding User3 (admin=false) as User3 for organization FinanciersMSP
2026.08.11-09:20:03.308[32m info [39m [caliper] [IdentityManager] 	Adding User4 (admin=false) as User4 for organization FinanciersMSP
2026.08.11-09:20:03.309[32m info [39m [caliper] [IdentityManager] 	Adding User5 (admin=false) as User5 for organization FinanciersMSP
2026.08.11-09:20:03.310[32m info [39m [caliper] [IdentityManager] 	Adding User0 (admin=true) as _WholesalersMSP_User0 for organization WholesalersMSP
2026.08.11-09:20:03.310[32m info [39m [caliper] [IdentityManager] 	Adding User1 (admin=false) as _WholesalersMSP_User1 for organization WholesalersMSP
2026.08.11-09:20:03.311[32m info [39m [caliper] [IdentityManager] 	Adding User2 (admin=false) as _WholesalersMSP_User2 for organization WholesalersMSP
2026.08.11-09:20:03.312[32m info [39m [caliper] [IdentityManager] 	Adding User3 (admin=false) as _WholesalersMSP_User3 for organization WholesalersMSP
2026.08.11-09:20:03.312[32m info [39m [caliper] [IdentityManager] 	Adding User4 (admin=false) as _WholesalersMSP_User4 for organization WholesalersMSP
2026.08.11-09:20:03.313[32m info [39m [caliper] [IdentityManager] 	Adding User5 (admin=false) as _WholesalersMSP_User5 for organization WholesalersMSP
2026.08.11-09:20:03.315[32m info [39m [caliper] [connectors/v2/FabricGateway] 	Fabric SDK version: 2.2.20; TLS based on FinanciersMSP: server
2026.08.11-09:20:03.315[32m info [39m [caliper] [caliper-engine] 	Executed "init" step in 0.001 seconds
2026.08.11-09:20:03.316[33m warn [39m [caliper] [connectors/v2/FabricGateway] 	Install smart contract not available with Fabric SDK version: 2.2.20
2026.08.11-09:20:03.316[32m info [39m [caliper] [caliper-engine] 	Executed "install" step in 0 seconds
2026.08.11-09:20:03.317[32m info [39m [caliper] [monitor.js] 	No resource monitors specified
2026.08.11-09:20:03.318[32m info [39m [caliper] [default-observer] 	Observer interval set to 5000 milliseconds
2026.08.11-09:20:03.321[32m info [39m [caliper] [round-orchestrator] 	Preparing worker connections
2026.08.11-09:20:03.321[32m info [39m [caliper] [worker-orchestrator] 	Launching worker 1 of 5
2026.08.11-09:20:03.326[32m info [39m [caliper] [worker-orchestrator] 	Launching worker 2 of 5
2026.08.11-09:20:03.328[32m info [39m [caliper] [worker-orchestrator] 	Launching worker 3 of 5
2026.08.11-09:20:03.330[32m info [39m [caliper] [worker-orchestrator] 	Launching worker 4 of 5
2026.08.11-09:20:03.332[32m info [39m [caliper] [worker-orchestrator] 	Launching worker 5 of 5
2026.08.11-09:20:03.334[32m info [39m [caliper] [worker-orchestrator] 	Messenger not configured, entering configure phase...
2026.08.11-09:20:03.334[32m info [39m [caliper] [worker-orchestrator] 	No existing workers detected, entering worker launch phase...
2026.08.11-09:20:03.335[32m info [39m [caliper] [worker-orchestrator] 	Waiting for 5 workers to be connected...
2026.08.11-09:20:03.653[32m info [39m [caliper] [cli-launch-worker] 	Set workspace path: /home/dhanish/fabric_sfc/caliper-bench
2026.08.11-09:20:03.654[32m info [39m [caliper] [cli-launch-worker] 	Set benchmark configuration path: /home/dhanish/fabric_sfc/caliper-bench/benchmarks/benchmark-setfinancepolicy-agro1008-finance-300.yaml
2026.08.11-09:20:03.654[32m info [39m [caliper] [cli-launch-worker] 	Set network configuration path: /home/dhanish/fabric_sfc/caliper-bench/generated/caliper-network-agro1008-finance.yaml
2026.08.11-09:20:03.654[32m info [39m [caliper] [cli-launch-worker] 	Set SUT type: fabric
2026.08.11-09:20:03.660[32m info [39m [caliper] [cli-launch-worker] 	Set workspace path: /home/dhanish/fabric_sfc/caliper-bench
2026.08.11-09:20:03.661[32m info [39m [caliper] [cli-launch-worker] 	Set benchmark configuration path: /home/dhanish/fabric_sfc/caliper-bench/benchmarks/benchmark-setfinancepolicy-agro1008-finance-300.yaml
2026.08.11-09:20:03.661[32m info [39m [caliper] [cli-launch-worker] 	Set network configuration path: /home/dhanish/fabric_sfc/caliper-bench/generated/caliper-network-agro1008-finance.yaml
2026.08.11-09:20:03.660[32m info [39m [caliper] [cli-launch-worker] 	Set workspace path: /home/dhanish/fabric_sfc/caliper-bench
2026.08.11-09:20:03.661[32m info [39m [caliper] [cli-launch-worker] 	Set SUT type: fabric
2026.08.11-09:20:03.661[32m info [39m [caliper] [cli-launch-worker] 	Set benchmark configuration path: /home/dhanish/fabric_sfc/caliper-bench/benchmarks/benchmark-setfinancepolicy-agro1008-finance-300.yaml
2026.08.11-09:20:03.662[32m info [39m [caliper] [cli-launch-worker] 	Set network configuration path: /home/dhanish/fabric_sfc/caliper-bench/generated/caliper-network-agro1008-finance.yaml
2026.08.11-09:20:03.662[32m info [39m [caliper] [cli-launch-worker] 	Set SUT type: fabric
2026.08.11-09:20:03.672[32m info [39m [caliper] [cli-launch-worker] 	Set workspace path: /home/dhanish/fabric_sfc/caliper-bench
2026.08.11-09:20:03.674[32m info [39m [caliper] [cli-launch-worker] 	Set benchmark configuration path: /home/dhanish/fabric_sfc/caliper-bench/benchmarks/benchmark-setfinancepolicy-agro1008-finance-300.yaml
2026.08.11-09:20:03.674[32m info [39m [caliper] [cli-launch-worker] 	Set network configuration path: /home/dhanish/fabric_sfc/caliper-bench/generated/caliper-network-agro1008-finance.yaml
2026.08.11-09:20:03.674[32m info [39m [caliper] [cli-launch-worker] 	Set SUT type: fabric
2026.08.11-09:20:03.682[32m info [39m [caliper] [cli-launch-worker] 	Set workspace path: /home/dhanish/fabric_sfc/caliper-bench
2026.08.11-09:20:03.684[32m info [39m [caliper] [cli-launch-worker] 	Set benchmark configuration path: /home/dhanish/fabric_sfc/caliper-bench/benchmarks/benchmark-setfinancepolicy-agro1008-finance-300.yaml
2026.08.11-09:20:03.684[32m info [39m [caliper] [cli-launch-worker] 	Set network configuration path: /home/dhanish/fabric_sfc/caliper-bench/generated/caliper-network-agro1008-finance.yaml
2026.08.11-09:20:03.685[32m info [39m [caliper] [cli-launch-worker] 	Set SUT type: fabric
2026.08.11-09:20:03.723[32m info [39m [caliper] [worker-orchestrator] 	5 workers connected, progressing to worker assignment phase.
2026.08.11-09:20:03.723[32m info [39m [caliper] [worker-orchestrator] 	Workers currently unassigned, awaiting index assignment...
2026.08.11-09:20:03.724[32m info [39m [caliper] [worker-orchestrator] 	Waiting for 5 workers to be assigned...
2026.08.11-09:20:03.744[32m info [39m [caliper] [worker-orchestrator] 	5 workers assigned, progressing to worker initialization phase.
2026.08.11-09:20:03.744[32m info [39m [caliper] [worker-orchestrator] 	Waiting for 5 workers to be ready...
2026.08.11-09:20:03.746[32m info [39m [caliper] [worker-message-handler] 	Initializing Worker#4...
2026.08.11-09:20:03.746[32m info [39m [caliper] [worker-message-handler] 	Initializing Worker#0...
2026.08.11-09:20:03.746[32m info [39m [caliper] [worker-message-handler] 	Initializing Worker#1...
2026.08.11-09:20:03.746[32m info [39m [caliper] [worker-message-handler] 	Initializing Worker#3...
2026.08.11-09:20:03.747[32m info [39m [caliper] [worker-message-handler] 	Initializing Worker#2...
2026.08.11-09:20:04.268[32m info [39m [caliper] [FabricConnectorFactory] 	Initializing gateway connector compatible with installed SDK: 2.2.20
2026.08.11-09:20:04.268[32m info [39m [caliper] [FabricConnectorFactory] 	Initializing gateway connector compatible with installed SDK: 2.2.20
2026.08.11-09:20:04.274[32m info [39m [caliper] [IdentityManager] 	Adding User0 (admin=true) as User0 for organization FinanciersMSP
2026.08.11-09:20:04.275[32m info [39m [caliper] [IdentityManager] 	Adding User0 (admin=true) as User0 for organization FinanciersMSP
2026.08.11-09:20:04.277[32m info [39m [caliper] [IdentityManager] 	Adding User1 (admin=false) as User1 for organization FinanciersMSP
2026.08.11-09:20:04.277[32m info [39m [caliper] [IdentityManager] 	Adding User1 (admin=false) as User1 for organization FinanciersMSP
2026.08.11-09:20:04.279[32m info [39m [caliper] [IdentityManager] 	Adding User2 (admin=false) as User2 for organization FinanciersMSP
2026.08.11-09:20:04.279[32m info [39m [caliper] [IdentityManager] 	Adding User2 (admin=false) as User2 for organization FinanciersMSP
2026.08.11-09:20:04.280[32m info [39m [caliper] [IdentityManager] 	Adding User3 (admin=false) as User3 for organization FinanciersMSP
2026.08.11-09:20:04.280[32m info [39m [caliper] [IdentityManager] 	Adding User3 (admin=false) as User3 for organization FinanciersMSP
2026.08.11-09:20:04.281[32m info [39m [caliper] [IdentityManager] 	Adding User4 (admin=false) as User4 for organization FinanciersMSP
2026.08.11-09:20:04.282[32m info [39m [caliper] [IdentityManager] 	Adding User4 (admin=false) as User4 for organization FinanciersMSP
2026.08.11-09:20:04.282[32m info [39m [caliper] [IdentityManager] 	Adding User5 (admin=false) as User5 for organization FinanciersMSP
2026.08.11-09:20:04.283[32m info [39m [caliper] [IdentityManager] 	Adding User0 (admin=true) as _WholesalersMSP_User0 for organization WholesalersMSP
2026.08.11-09:20:04.283[32m info [39m [caliper] [IdentityManager] 	Adding User5 (admin=false) as User5 for organization FinanciersMSP
2026.08.11-09:20:04.284[32m info [39m [caliper] [IdentityManager] 	Adding User1 (admin=false) as _WholesalersMSP_User1 for organization WholesalersMSP
2026.08.11-09:20:04.284[32m info [39m [caliper] [FabricConnectorFactory] 	Initializing gateway connector compatible with installed SDK: 2.2.20
2026.08.11-09:20:04.284[32m info [39m [caliper] [IdentityManager] 	Adding User0 (admin=true) as _WholesalersMSP_User0 for organization WholesalersMSP
2026.08.11-09:20:04.285[32m info [39m [caliper] [IdentityManager] 	Adding User2 (admin=false) as _WholesalersMSP_User2 for organization WholesalersMSP
2026.08.11-09:20:04.285[32m info [39m [caliper] [IdentityManager] 	Adding User1 (admin=false) as _WholesalersMSP_User1 for organization WholesalersMSP
2026.08.11-09:20:04.286[32m info [39m [caliper] [IdentityManager] 	Adding User3 (admin=false) as _WholesalersMSP_User3 for organization WholesalersMSP
2026.08.11-09:20:04.286[32m info [39m [caliper] [IdentityManager] 	Adding User2 (admin=false) as _WholesalersMSP_User2 for organization WholesalersMSP
2026.08.11-09:20:04.286[32m info [39m [caliper] [IdentityManager] 	Adding User4 (admin=false) as _WholesalersMSP_User4 for organization WholesalersMSP
2026.08.11-09:20:04.287[32m info [39m [caliper] [IdentityManager] 	Adding User3 (admin=false) as _WholesalersMSP_User3 for organization WholesalersMSP
2026.08.11-09:20:04.287[32m info [39m [caliper] [IdentityManager] 	Adding User5 (admin=false) as _WholesalersMSP_User5 for organization WholesalersMSP
2026.08.11-09:20:04.288[32m info [39m [caliper] [IdentityManager] 	Adding User4 (admin=false) as _WholesalersMSP_User4 for organization WholesalersMSP
2026.08.11-09:20:04.289[32m info [39m [caliper] [IdentityManager] 	Adding User5 (admin=false) as _WholesalersMSP_User5 for organization WholesalersMSP
2026.08.11-09:20:04.290[32m info [39m [caliper] [worker-message-handler] 	Worker#0 initialized
2026.08.11-09:20:04.291[32m info [39m [caliper] [worker-message-handler] 	Worker#2 initialized
2026.08.11-09:20:04.294[32m info [39m [caliper] [IdentityManager] 	Adding User0 (admin=true) as User0 for organization FinanciersMSP
2026.08.11-09:20:04.296[32m info [39m [caliper] [IdentityManager] 	Adding User1 (admin=false) as User1 for organization FinanciersMSP
2026.08.11-09:20:04.297[32m info [39m [caliper] [IdentityManager] 	Adding User2 (admin=false) as User2 for organization FinanciersMSP
2026.08.11-09:20:04.298[32m info [39m [caliper] [FabricConnectorFactory] 	Initializing gateway connector compatible with installed SDK: 2.2.20
2026.08.11-09:20:04.299[32m info [39m [caliper] [IdentityManager] 	Adding User3 (admin=false) as User3 for organization FinanciersMSP
2026.08.11-09:20:04.300[32m info [39m [caliper] [IdentityManager] 	Adding User4 (admin=false) as User4 for organization FinanciersMSP
2026.08.11-09:20:04.301[32m info [39m [caliper] [IdentityManager] 	Adding User5 (admin=false) as User5 for organization FinanciersMSP
2026.08.11-09:20:04.303[32m info [39m [caliper] [IdentityManager] 	Adding User0 (admin=true) as _WholesalersMSP_User0 for organization WholesalersMSP
2026.08.11-09:20:04.303[32m info [39m [caliper] [FabricConnectorFactory] 	Initializing gateway connector compatible with installed SDK: 2.2.20
2026.08.11-09:20:04.304[32m info [39m [caliper] [IdentityManager] 	Adding User0 (admin=true) as User0 for organization FinanciersMSP
2026.08.11-09:20:04.305[32m info [39m [caliper] [IdentityManager] 	Adding User1 (admin=false) as _WholesalersMSP_User1 for organization WholesalersMSP
2026.08.11-09:20:04.306[32m info [39m [caliper] [IdentityManager] 	Adding User2 (admin=false) as _WholesalersMSP_User2 for organization WholesalersMSP
2026.08.11-09:20:04.306[32m info [39m [caliper] [IdentityManager] 	Adding User1 (admin=false) as User1 for organization FinanciersMSP
2026.08.11-09:20:04.307[32m info [39m [caliper] [IdentityManager] 	Adding User2 (admin=false) as User2 for organization FinanciersMSP
2026.08.11-09:20:04.307[32m info [39m [caliper] [IdentityManager] 	Adding User3 (admin=false) as _WholesalersMSP_User3 for organization WholesalersMSP
2026.08.11-09:20:04.308[32m info [39m [caliper] [IdentityManager] 	Adding User4 (admin=false) as _WholesalersMSP_User4 for organization WholesalersMSP
2026.08.11-09:20:04.308[32m info [39m [caliper] [IdentityManager] 	Adding User3 (admin=false) as User3 for organization FinanciersMSP
2026.08.11-09:20:04.309[32m info [39m [caliper] [IdentityManager] 	Adding User5 (admin=false) as _WholesalersMSP_User5 for organization WholesalersMSP
2026.08.11-09:20:04.310[32m info [39m [caliper] [IdentityManager] 	Adding User4 (admin=false) as User4 for organization FinanciersMSP
2026.08.11-09:20:04.311[32m info [39m [caliper] [IdentityManager] 	Adding User0 (admin=true) as User0 for organization FinanciersMSP
2026.08.11-09:20:04.311[32m info [39m [caliper] [IdentityManager] 	Adding User5 (admin=false) as User5 for organization FinanciersMSP
2026.08.11-09:20:04.312[32m info [39m [caliper] [worker-message-handler] 	Worker#1 initialized
2026.08.11-09:20:04.312[32m info [39m [caliper] [IdentityManager] 	Adding User0 (admin=true) as _WholesalersMSP_User0 for organization WholesalersMSP
2026.08.11-09:20:04.313[32m info [39m [caliper] [IdentityManager] 	Adding User1 (admin=false) as User1 for organization FinanciersMSP
2026.08.11-09:20:04.313[32m info [39m [caliper] [IdentityManager] 	Adding User1 (admin=false) as _WholesalersMSP_User1 for organization WholesalersMSP
2026.08.11-09:20:04.314[32m info [39m [caliper] [IdentityManager] 	Adding User2 (admin=false) as User2 for organization FinanciersMSP
2026.08.11-09:20:04.315[32m info [39m [caliper] [IdentityManager] 	Adding User2 (admin=false) as _WholesalersMSP_User2 for organization WholesalersMSP
2026.08.11-09:20:04.315[32m info [39m [caliper] [IdentityManager] 	Adding User3 (admin=false) as User3 for organization FinanciersMSP
2026.08.11-09:20:04.316[32m info [39m [caliper] [IdentityManager] 	Adding User3 (admin=false) as _WholesalersMSP_User3 for organization WholesalersMSP
2026.08.11-09:20:04.317[32m info [39m [caliper] [IdentityManager] 	Adding User4 (admin=false) as User4 for organization FinanciersMSP
2026.08.11-09:20:04.317[32m info [39m [caliper] [IdentityManager] 	Adding User4 (admin=false) as _WholesalersMSP_User4 for organization WholesalersMSP
2026.08.11-09:20:04.318[32m info [39m [caliper] [IdentityManager] 	Adding User5 (admin=false) as User5 for organization FinanciersMSP
2026.08.11-09:20:04.318[32m info [39m [caliper] [IdentityManager] 	Adding User5 (admin=false) as _WholesalersMSP_User5 for organization WholesalersMSP
2026.08.11-09:20:04.319[32m info [39m [caliper] [IdentityManager] 	Adding User0 (admin=true) as _WholesalersMSP_User0 for organization WholesalersMSP
2026.08.11-09:20:04.321[32m info [39m [caliper] [worker-message-handler] 	Worker#4 initialized
2026.08.11-09:20:04.321[32m info [39m [caliper] [IdentityManager] 	Adding User1 (admin=false) as _WholesalersMSP_User1 for organization WholesalersMSP
2026.08.11-09:20:04.322[32m info [39m [caliper] [IdentityManager] 	Adding User2 (admin=false) as _WholesalersMSP_User2 for organization WholesalersMSP
2026.08.11-09:20:04.323[32m info [39m [caliper] [IdentityManager] 	Adding User3 (admin=false) as _WholesalersMSP_User3 for organization WholesalersMSP
2026.08.11-09:20:04.324[32m info [39m [caliper] [IdentityManager] 	Adding User4 (admin=false) as _WholesalersMSP_User4 for organization WholesalersMSP
2026.08.11-09:20:04.324[32m info [39m [caliper] [IdentityManager] 	Adding User5 (admin=false) as _WholesalersMSP_User5 for organization WholesalersMSP
2026.08.11-09:20:04.326[32m info [39m [caliper] [worker-message-handler] 	Worker#3 initialized
2026.08.11-09:20:04.327[32m info [39m [caliper] [worker-orchestrator] 	5 workers ready, progressing to test preparation phase.
2026.08.11-09:20:04.327[32m info [39m [caliper] [round-orchestrator] 	Started round 1 (setfinancepolicy_round1@300)
2026.08.11-09:20:04.329[32m info [39m [caliper] [worker-message-handler] 	Preparing Worker#0 for Round#0
2026.08.11-09:20:04.329[32m info [39m [caliper] [worker-message-handler] 	Preparing Worker#1 for Round#0
2026.08.11-09:20:04.329[32m info [39m [caliper] [worker-message-handler] 	Preparing Worker#3 for Round#0
2026.08.11-09:20:04.330[32m info [39m [caliper] [worker-message-handler] 	Preparing Worker#2 for Round#0
2026.08.11-09:20:04.331[32m info [39m [caliper] [worker-message-handler] 	Preparing Worker#4 for Round#0
2026.08.11-09:20:04.333[32m info [39m [caliper] [connectors/v2/FabricGateway] 	Connecting user with identity User0 to a Network Gateway
2026.08.11-09:20:04.333[32m info [39m [caliper] [connectors/v2/FabricGateway] 	Connecting user with identity User0 to a Network Gateway
2026.08.11-09:20:04.333[32m info [39m [caliper] [connectors/v2/FabricGateway] 	Connecting user with identity User0 to a Network Gateway
2026.08.11-09:20:04.333[32m info [39m [caliper] [connectors/v2/FabricGateway] 	Connecting user with identity User0 to a Network Gateway
2026.08.11-09:20:04.335[32m info [39m [caliper] [connectors/v2/FabricGateway] 	Connecting user with identity User0 to a Network Gateway
2026.08.11-09:20:04.518[32m info [39m [caliper] [connectors/v2/FabricGateway] 	Successfully connected user with identity User0 to a Network Gateway
2026.08.11-09:20:04.519[32m info [39m [caliper] [connectors/v2/FabricGateway] 	Successfully connected user with identity User0 to a Network Gateway
2026.08.11-09:20:04.519[32m info [39m [caliper] [connectors/v2/FabricGateway] 	Successfully connected user with identity User0 to a Network Gateway
2026.08.11-09:20:04.519[32m info [39m [caliper] [connectors/v2/FabricGateway] 	Generating contract map for user User0
2026.08.11-09:20:04.519[32m info [39m [caliper] [connectors/v2/FabricGateway] 	Generating contract map for user User0
2026.08.11-09:20:04.519[32m info [39m [caliper] [connectors/v2/FabricGateway] 	Generating contract map for user User0
2026.08.11-09:20:04.523[32m info [39m [caliper] [connectors/v2/FabricGateway] 	Successfully connected user with identity User0 to a Network Gateway
2026.08.11-09:20:04.524[32m info [39m [caliper] [connectors/v2/FabricGateway] 	Generating contract map for user User0
2026.08.11-09:20:04.532[32m info [39m [caliper] [connectors/v2/FabricGateway] 	Successfully connected user with identity User0 to a Network Gateway
2026.08.11-09:20:04.532[32m info [39m [caliper] [connectors/v2/FabricGateway] 	Generating contract map for user User0
2026.08.11-09:20:04.610[32m info [39m [caliper] [connectors/v2/FabricGateway] 	Connecting user with identity User1 to a Network Gateway
2026.08.11-09:20:04.617[32m info [39m [caliper] [connectors/v2/FabricGateway] 	Connecting user with identity User1 to a Network Gateway
2026.08.11-09:20:04.617[32m info [39m [caliper] [connectors/v2/FabricGateway] 	Connecting user with identity User1 to a Network Gateway
2026.08.11-09:20:04.618[32m info [39m [caliper] [connectors/v2/FabricGateway] 	Connecting user with identity User1 to a Network Gateway
2026.08.11-09:20:04.632[32m info [39m [caliper] [connectors/v2/FabricGateway] 	Connecting user with identity User1 to a Network Gateway
2026.08.11-09:20:04.688[32m info [39m [caliper] [connectors/v2/FabricGateway] 	Successfully connected user with identity User1 to a Network Gateway
2026.08.11-09:20:04.688[32m info [39m [caliper] [connectors/v2/FabricGateway] 	Generating contract map for user User1
2026.08.11-09:20:04.692[32m info [39m [caliper] [connectors/v2/FabricGateway] 	Successfully connected user with identity User1 to a Network Gateway
2026.08.11-09:20:04.692[32m info [39m [caliper] [connectors/v2/FabricGateway] 	Generating contract map for user User1
2026.08.11-09:20:04.692[32m info [39m [caliper] [connectors/v2/FabricGateway] 	Successfully connected user with identity User1 to a Network Gateway
2026.08.11-09:20:04.692[32m info [39m [caliper] [connectors/v2/FabricGateway] 	Generating contract map for user User1
2026.08.11-09:20:04.698[32m info [39m [caliper] [connectors/v2/FabricGateway] 	Successfully connected user with identity User1 to a Network Gateway
2026.08.11-09:20:04.699[32m info [39m [caliper] [connectors/v2/FabricGateway] 	Generating contract map for user User1
2026.08.11-09:20:04.713[32m info [39m [caliper] [connectors/v2/FabricGateway] 	Successfully connected user with identity User1 to a Network Gateway
2026.08.11-09:20:04.713[32m info [39m [caliper] [connectors/v2/FabricGateway] 	Generating contract map for user User1
2026.08.11-09:20:04.754[32m info [39m [caliper] [connectors/v2/FabricGateway] 	Connecting user with identity User2 to a Network Gateway
2026.08.11-09:20:04.756[32m info [39m [caliper] [connectors/v2/FabricGateway] 	Connecting user with identity User2 to a Network Gateway
2026.08.11-09:20:04.761[32m info [39m [caliper] [connectors/v2/FabricGateway] 	Connecting user with identity User2 to a Network Gateway
2026.08.11-09:20:04.766[32m info [39m [caliper] [connectors/v2/FabricGateway] 	Connecting user with identity User2 to a Network Gateway
2026.08.11-09:20:04.785[32m info [39m [caliper] [connectors/v2/FabricGateway] 	Connecting user with identity User2 to a Network Gateway
2026.08.11-09:20:04.832[32m info [39m [caliper] [connectors/v2/FabricGateway] 	Successfully connected user with identity User2 to a Network Gateway
2026.08.11-09:20:04.833[32m info [39m [caliper] [connectors/v2/FabricGateway] 	Generating contract map for user User2
2026.08.11-09:20:04.837[32m info [39m [caliper] [connectors/v2/FabricGateway] 	Successfully connected user with identity User2 to a Network Gateway
2026.08.11-09:20:04.837[32m info [39m [caliper] [connectors/v2/FabricGateway] 	Generating contract map for user User2
2026.08.11-09:20:04.846[32m info [39m [caliper] [connectors/v2/FabricGateway] 	Successfully connected user with identity User2 to a Network Gateway
2026.08.11-09:20:04.846[32m info [39m [caliper] [connectors/v2/FabricGateway] 	Generating contract map for user User2
2026.08.11-09:20:04.848[32m info [39m [caliper] [connectors/v2/FabricGateway] 	Successfully connected user with identity User2 to a Network Gateway
2026.08.11-09:20:04.848[32m info [39m [caliper] [connectors/v2/FabricGateway] 	Generating contract map for user User2
2026.08.11-09:20:04.866[32m info [39m [caliper] [connectors/v2/FabricGateway] 	Successfully connected user with identity User2 to a Network Gateway
2026.08.11-09:20:04.866[32m info [39m [caliper] [connectors/v2/FabricGateway] 	Generating contract map for user User2
2026.08.11-09:20:04.901[32m info [39m [caliper] [connectors/v2/FabricGateway] 	Connecting user with identity User3 to a Network Gateway
2026.08.11-09:20:04.902[32m info [39m [caliper] [connectors/v2/FabricGateway] 	Connecting user with identity User3 to a Network Gateway
2026.08.11-09:20:04.912[32m info [39m [caliper] [connectors/v2/FabricGateway] 	Connecting user with identity User3 to a Network Gateway
2026.08.11-09:20:04.914[32m info [39m [caliper] [connectors/v2/FabricGateway] 	Connecting user with identity User3 to a Network Gateway
2026.08.11-09:20:04.926[32m info [39m [caliper] [connectors/v2/FabricGateway] 	Connecting user with identity User3 to a Network Gateway
2026.08.11-09:20:04.974[32m info [39m [caliper] [connectors/v2/FabricGateway] 	Successfully connected user with identity User3 to a Network Gateway
2026.08.11-09:20:04.975[32m info [39m [caliper] [connectors/v2/FabricGateway] 	Generating contract map for user User3
2026.08.11-09:20:04.977[32m info [39m [caliper] [connectors/v2/FabricGateway] 	Successfully connected user with identity User3 to a Network Gateway
2026.08.11-09:20:04.977[32m info [39m [caliper] [connectors/v2/FabricGateway] 	Generating contract map for user User3
2026.08.11-09:20:04.987[32m info [39m [caliper] [connectors/v2/FabricGateway] 	Successfully connected user with identity User3 to a Network Gateway
2026.08.11-09:20:04.987[32m info [39m [caliper] [connectors/v2/FabricGateway] 	Generating contract map for user User3
2026.08.11-09:20:04.995[32m info [39m [caliper] [connectors/v2/FabricGateway] 	Successfully connected user with identity User3 to a Network Gateway
2026.08.11-09:20:04.995[32m info [39m [caliper] [connectors/v2/FabricGateway] 	Generating contract map for user User3
2026.08.11-09:20:04.997[32m info [39m [caliper] [connectors/v2/FabricGateway] 	Successfully connected user with identity User3 to a Network Gateway
2026.08.11-09:20:04.997[32m info [39m [caliper] [connectors/v2/FabricGateway] 	Generating contract map for user User3
2026.08.11-09:20:05.029[32m info [39m [caliper] [connectors/v2/FabricGateway] 	Connecting user with identity User4 to a Network Gateway
2026.08.11-09:20:05.038[32m info [39m [caliper] [connectors/v2/FabricGateway] 	Connecting user with identity User4 to a Network Gateway
2026.08.11-09:20:05.043[32m info [39m [caliper] [connectors/v2/FabricGateway] 	Connecting user with identity User4 to a Network Gateway
2026.08.11-09:20:05.053[32m info [39m [caliper] [connectors/v2/FabricGateway] 	Connecting user with identity User4 to a Network Gateway
2026.08.11-09:20:05.054[32m info [39m [caliper] [connectors/v2/FabricGateway] 	Connecting user with identity User4 to a Network Gateway
2026.08.11-09:20:05.099[32m info [39m [caliper] [connectors/v2/FabricGateway] 	Successfully connected user with identity User4 to a Network Gateway
2026.08.11-09:20:05.100[32m info [39m [caliper] [connectors/v2/FabricGateway] 	Generating contract map for user User4
2026.08.11-09:20:05.107[32m info [39m [caliper] [connectors/v2/FabricGateway] 	Successfully connected user with identity User4 to a Network Gateway
2026.08.11-09:20:05.107[32m info [39m [caliper] [connectors/v2/FabricGateway] 	Generating contract map for user User4
2026.08.11-09:20:05.110[32m info [39m [caliper] [connectors/v2/FabricGateway] 	Successfully connected user with identity User4 to a Network Gateway
2026.08.11-09:20:05.110[32m info [39m [caliper] [connectors/v2/FabricGateway] 	Generating contract map for user User4
2026.08.11-09:20:05.116[32m info [39m [caliper] [connectors/v2/FabricGateway] 	Successfully connected user with identity User4 to a Network Gateway
2026.08.11-09:20:05.116[32m info [39m [caliper] [connectors/v2/FabricGateway] 	Generating contract map for user User4
2026.08.11-09:20:05.120[32m info [39m [caliper] [connectors/v2/FabricGateway] 	Successfully connected user with identity User4 to a Network Gateway
2026.08.11-09:20:05.121[32m info [39m [caliper] [connectors/v2/FabricGateway] 	Generating contract map for user User4
2026.08.11-09:20:05.167[32m info [39m [caliper] [connectors/v2/FabricGateway] 	Connecting user with identity User5 to a Network Gateway
2026.08.11-09:20:05.184[32m info [39m [caliper] [connectors/v2/FabricGateway] 	Connecting user with identity User5 to a Network Gateway
2026.08.11-09:20:05.185[32m info [39m [caliper] [connectors/v2/FabricGateway] 	Connecting user with identity User5 to a Network Gateway
2026.08.11-09:20:05.198[32m info [39m [caliper] [connectors/v2/FabricGateway] 	Connecting user with identity User5 to a Network Gateway
2026.08.11-09:20:05.198[32m info [39m [caliper] [connectors/v2/FabricGateway] 	Connecting user with identity User5 to a Network Gateway
2026.08.11-09:20:05.234[32m info [39m [caliper] [connectors/v2/FabricGateway] 	Successfully connected user with identity User5 to a Network Gateway
2026.08.11-09:20:05.234[32m info [39m [caliper] [connectors/v2/FabricGateway] 	Generating contract map for user User5
2026.08.11-09:20:05.251[32m info [39m [caliper] [connectors/v2/FabricGateway] 	Successfully connected user with identity User5 to a Network Gateway
2026.08.11-09:20:05.251[32m info [39m [caliper] [connectors/v2/FabricGateway] 	Successfully connected user with identity User5 to a Network Gateway
2026.08.11-09:20:05.251[32m info [39m [caliper] [connectors/v2/FabricGateway] 	Generating contract map for user User5
2026.08.11-09:20:05.251[32m info [39m [caliper] [connectors/v2/FabricGateway] 	Generating contract map for user User5
2026.08.11-09:20:05.263[32m info [39m [caliper] [connectors/v2/FabricGateway] 	Successfully connected user with identity User5 to a Network Gateway
2026.08.11-09:20:05.264[32m info [39m [caliper] [connectors/v2/FabricGateway] 	Generating contract map for user User5
2026.08.11-09:20:05.264[32m info [39m [caliper] [connectors/v2/FabricGateway] 	Successfully connected user with identity User5 to a Network Gateway
2026.08.11-09:20:05.265[32m info [39m [caliper] [connectors/v2/FabricGateway] 	Generating contract map for user User5
2026.08.11-09:20:05.292[32m info [39m [caliper] [connectors/v2/FabricGateway] 	Connecting user with identity _WholesalersMSP_User0 to a Network Gateway
2026.08.11-09:20:05.307[32m info [39m [caliper] [connectors/v2/FabricGateway] 	Connecting user with identity _WholesalersMSP_User0 to a Network Gateway
2026.08.11-09:20:05.308[32m info [39m [caliper] [connectors/v2/FabricGateway] 	Connecting user with identity _WholesalersMSP_User0 to a Network Gateway
2026.08.11-09:20:05.318[32m info [39m [caliper] [connectors/v2/FabricGateway] 	Connecting user with identity _WholesalersMSP_User0 to a Network Gateway
2026.08.11-09:20:05.319[32m info [39m [caliper] [connectors/v2/FabricGateway] 	Connecting user with identity _WholesalersMSP_User0 to a Network Gateway
2026.08.11-09:20:05.355[32m info [39m [caliper] [connectors/v2/FabricGateway] 	Successfully connected user with identity _WholesalersMSP_User0 to a Network Gateway
2026.08.11-09:20:05.355[32m info [39m [caliper] [connectors/v2/FabricGateway] 	Generating contract map for user _WholesalersMSP_User0
2026.08.11-09:20:05.369[32m info [39m [caliper] [connectors/v2/FabricGateway] 	Successfully connected user with identity _WholesalersMSP_User0 to a Network Gateway
2026.08.11-09:20:05.369[32m info [39m [caliper] [connectors/v2/FabricGateway] 	Generating contract map for user _WholesalersMSP_User0
2026.08.11-09:20:05.382[32m info [39m [caliper] [connectors/v2/FabricGateway] 	Successfully connected user with identity _WholesalersMSP_User0 to a Network Gateway
2026.08.11-09:20:05.382[32m info [39m [caliper] [connectors/v2/FabricGateway] 	Successfully connected user with identity _WholesalersMSP_User0 to a Network Gateway
2026.08.11-09:20:05.382[32m info [39m [caliper] [connectors/v2/FabricGateway] 	Generating contract map for user _WholesalersMSP_User0
2026.08.11-09:20:05.382[32m info [39m [caliper] [connectors/v2/FabricGateway] 	Generating contract map for user _WholesalersMSP_User0
2026.08.11-09:20:05.397[32m info [39m [caliper] [connectors/v2/FabricGateway] 	Successfully connected user with identity _WholesalersMSP_User0 to a Network Gateway
2026.08.11-09:20:05.398[32m info [39m [caliper] [connectors/v2/FabricGateway] 	Generating contract map for user _WholesalersMSP_User0
2026.08.11-09:20:05.410[32m info [39m [caliper] [connectors/v2/FabricGateway] 	Connecting user with identity _WholesalersMSP_User1 to a Network Gateway
2026.08.11-09:20:05.425[32m info [39m [caliper] [connectors/v2/FabricGateway] 	Connecting user with identity _WholesalersMSP_User1 to a Network Gateway
2026.08.11-09:20:05.437[32m info [39m [caliper] [connectors/v2/FabricGateway] 	Connecting user with identity _WholesalersMSP_User1 to a Network Gateway
2026.08.11-09:20:05.438[32m info [39m [caliper] [connectors/v2/FabricGateway] 	Connecting user with identity _WholesalersMSP_User1 to a Network Gateway
2026.08.11-09:20:05.453[32m info [39m [caliper] [connectors/v2/FabricGateway] 	Connecting user with identity _WholesalersMSP_User1 to a Network Gateway
2026.08.11-09:20:05.476[32m info [39m [caliper] [connectors/v2/FabricGateway] 	Successfully connected user with identity _WholesalersMSP_User1 to a Network Gateway
2026.08.11-09:20:05.476[32m info [39m [caliper] [connectors/v2/FabricGateway] 	Generating contract map for user _WholesalersMSP_User1
2026.08.11-09:20:05.497[32m info [39m [caliper] [connectors/v2/FabricGateway] 	Successfully connected user with identity _WholesalersMSP_User1 to a Network Gateway
2026.08.11-09:20:05.497[32m info [39m [caliper] [connectors/v2/FabricGateway] 	Generating contract map for user _WholesalersMSP_User1
2026.08.11-09:20:05.500[32m info [39m [caliper] [connectors/v2/FabricGateway] 	Successfully connected user with identity _WholesalersMSP_User1 to a Network Gateway
2026.08.11-09:20:05.500[32m info [39m [caliper] [connectors/v2/FabricGateway] 	Generating contract map for user _WholesalersMSP_User1
2026.08.11-09:20:05.506[32m info [39m [caliper] [connectors/v2/FabricGateway] 	Successfully connected user with identity _WholesalersMSP_User1 to a Network Gateway
2026.08.11-09:20:05.506[32m info [39m [caliper] [connectors/v2/FabricGateway] 	Generating contract map for user _WholesalersMSP_User1
2026.08.11-09:20:05.525[32m info [39m [caliper] [connectors/v2/FabricGateway] 	Successfully connected user with identity _WholesalersMSP_User1 to a Network Gateway
2026.08.11-09:20:05.525[32m info [39m [caliper] [connectors/v2/FabricGateway] 	Generating contract map for user _WholesalersMSP_User1
2026.08.11-09:20:05.528[32m info [39m [caliper] [connectors/v2/FabricGateway] 	Connecting user with identity _WholesalersMSP_User2 to a Network Gateway
2026.08.11-09:20:05.551[32m info [39m [caliper] [connectors/v2/FabricGateway] 	Connecting user with identity _WholesalersMSP_User2 to a Network Gateway
2026.08.11-09:20:05.551[32m info [39m [caliper] [connectors/v2/FabricGateway] 	Connecting user with identity _WholesalersMSP_User2 to a Network Gateway
2026.08.11-09:20:05.560[32m info [39m [caliper] [connectors/v2/FabricGateway] 	Connecting user with identity _WholesalersMSP_User2 to a Network Gateway
2026.08.11-09:20:05.576[32m info [39m [caliper] [connectors/v2/FabricGateway] 	Connecting user with identity _WholesalersMSP_User2 to a Network Gateway
2026.08.11-09:20:05.601[32m info [39m [caliper] [connectors/v2/FabricGateway] 	Successfully connected user with identity _WholesalersMSP_User2 to a Network Gateway
2026.08.11-09:20:05.601[32m info [39m [caliper] [connectors/v2/FabricGateway] 	Generating contract map for user _WholesalersMSP_User2
2026.08.11-09:20:05.622[32m info [39m [caliper] [connectors/v2/FabricGateway] 	Successfully connected user with identity _WholesalersMSP_User2 to a Network Gateway
2026.08.11-09:20:05.622[32m info [39m [caliper] [connectors/v2/FabricGateway] 	Generating contract map for user _WholesalersMSP_User2
2026.08.11-09:20:05.629[32m info [39m [caliper] [connectors/v2/FabricGateway] 	Successfully connected user with identity _WholesalersMSP_User2 to a Network Gateway
2026.08.11-09:20:05.630[32m info [39m [caliper] [connectors/v2/FabricGateway] 	Generating contract map for user _WholesalersMSP_User2
2026.08.11-09:20:05.636[32m info [39m [caliper] [connectors/v2/FabricGateway] 	Successfully connected user with identity _WholesalersMSP_User2 to a Network Gateway
2026.08.11-09:20:05.636[32m info [39m [caliper] [connectors/v2/FabricGateway] 	Generating contract map for user _WholesalersMSP_User2
2026.08.11-09:20:05.651[32m info [39m [caliper] [connectors/v2/FabricGateway] 	Successfully connected user with identity _WholesalersMSP_User2 to a Network Gateway
2026.08.11-09:20:05.652[32m info [39m [caliper] [connectors/v2/FabricGateway] 	Generating contract map for user _WholesalersMSP_User2
2026.08.11-09:20:05.661[32m info [39m [caliper] [connectors/v2/FabricGateway] 	Connecting user with identity _WholesalersMSP_User3 to a Network Gateway
2026.08.11-09:20:05.679[32m info [39m [caliper] [connectors/v2/FabricGateway] 	Connecting user with identity _WholesalersMSP_User3 to a Network Gateway
2026.08.11-09:20:05.686[32m info [39m [caliper] [connectors/v2/FabricGateway] 	Connecting user with identity _WholesalersMSP_User3 to a Network Gateway
2026.08.11-09:20:05.693[32m info [39m [caliper] [connectors/v2/FabricGateway] 	Connecting user with identity _WholesalersMSP_User3 to a Network Gateway
2026.08.11-09:20:05.705[32m info [39m [caliper] [connectors/v2/FabricGateway] 	Connecting user with identity _WholesalersMSP_User3 to a Network Gateway
2026.08.11-09:20:05.730[32m info [39m [caliper] [connectors/v2/FabricGateway] 	Successfully connected user with identity _WholesalersMSP_User3 to a Network Gateway
2026.08.11-09:20:05.730[32m info [39m [caliper] [connectors/v2/FabricGateway] 	Generating contract map for user _WholesalersMSP_User3
2026.08.11-09:20:05.755[32m info [39m [caliper] [connectors/v2/FabricGateway] 	Successfully connected user with identity _WholesalersMSP_User3 to a Network Gateway
2026.08.11-09:20:05.755[32m info [39m [caliper] [connectors/v2/FabricGateway] 	Generating contract map for user _WholesalersMSP_User3
2026.08.11-09:20:05.757[32m info [39m [caliper] [connectors/v2/FabricGateway] 	Successfully connected user with identity _WholesalersMSP_User3 to a Network Gateway
2026.08.11-09:20:05.758[32m info [39m [caliper] [connectors/v2/FabricGateway] 	Generating contract map for user _WholesalersMSP_User3
2026.08.11-09:20:05.761[32m info [39m [caliper] [connectors/v2/FabricGateway] 	Successfully connected user with identity _WholesalersMSP_User3 to a Network Gateway
2026.08.11-09:20:05.761[32m info [39m [caliper] [connectors/v2/FabricGateway] 	Generating contract map for user _WholesalersMSP_User3
2026.08.11-09:20:05.767[32m info [39m [caliper] [connectors/v2/FabricGateway] 	Successfully connected user with identity _WholesalersMSP_User3 to a Network Gateway
2026.08.11-09:20:05.768[32m info [39m [caliper] [connectors/v2/FabricGateway] 	Generating contract map for user _WholesalersMSP_User3
2026.08.11-09:20:05.788[32m info [39m [caliper] [connectors/v2/FabricGateway] 	Connecting user with identity _WholesalersMSP_User4 to a Network Gateway
2026.08.11-09:20:05.811[32m info [39m [caliper] [connectors/v2/FabricGateway] 	Connecting user with identity _WholesalersMSP_User4 to a Network Gateway
2026.08.11-09:20:05.816[32m info [39m [caliper] [connectors/v2/FabricGateway] 	Connecting user with identity _WholesalersMSP_User4 to a Network Gateway
2026.08.11-09:20:05.817[32m info [39m [caliper] [connectors/v2/FabricGateway] 	Connecting user with identity _WholesalersMSP_User4 to a Network Gateway
2026.08.11-09:20:05.823[32m info [39m [caliper] [connectors/v2/FabricGateway] 	Connecting user with identity _WholesalersMSP_User4 to a Network Gateway
2026.08.11-09:20:05.858[32m info [39m [caliper] [connectors/v2/FabricGateway] 	Successfully connected user with identity _WholesalersMSP_User4 to a Network Gateway
2026.08.11-09:20:05.858[32m info [39m [caliper] [connectors/v2/FabricGateway] 	Generating contract map for user _WholesalersMSP_User4
2026.08.11-09:20:05.875[32m info [39m [caliper] [connectors/v2/FabricGateway] 	Successfully connected user with identity _WholesalersMSP_User4 to a Network Gateway
2026.08.11-09:20:05.876[32m info [39m [caliper] [connectors/v2/FabricGateway] 	Generating contract map for user _WholesalersMSP_User4
2026.08.11-09:20:05.876[32m info [39m [caliper] [connectors/v2/FabricGateway] 	Successfully connected user with identity _WholesalersMSP_User4 to a Network Gateway
2026.08.11-09:20:05.876[32m info [39m [caliper] [connectors/v2/FabricGateway] 	Generating contract map for user _WholesalersMSP_User4
2026.08.11-09:20:05.882[32m info [39m [caliper] [connectors/v2/FabricGateway] 	Successfully connected user with identity _WholesalersMSP_User4 to a Network Gateway
2026.08.11-09:20:05.883[32m info [39m [caliper] [connectors/v2/FabricGateway] 	Generating contract map for user _WholesalersMSP_User4
2026.08.11-09:20:05.889[32m info [39m [caliper] [connectors/v2/FabricGateway] 	Successfully connected user with identity _WholesalersMSP_User4 to a Network Gateway
2026.08.11-09:20:05.889[32m info [39m [caliper] [connectors/v2/FabricGateway] 	Generating contract map for user _WholesalersMSP_User4
2026.08.11-09:20:05.910[32m info [39m [caliper] [connectors/v2/FabricGateway] 	Connecting user with identity _WholesalersMSP_User5 to a Network Gateway
2026.08.11-09:20:05.931[32m info [39m [caliper] [connectors/v2/FabricGateway] 	Connecting user with identity _WholesalersMSP_User5 to a Network Gateway
2026.08.11-09:20:05.932[32m info [39m [caliper] [connectors/v2/FabricGateway] 	Connecting user with identity _WholesalersMSP_User5 to a Network Gateway
2026.08.11-09:20:05.938[32m info [39m [caliper] [connectors/v2/FabricGateway] 	Connecting user with identity _WholesalersMSP_User5 to a Network Gateway
2026.08.11-09:20:05.944[32m info [39m [caliper] [connectors/v2/FabricGateway] 	Connecting user with identity _WholesalersMSP_User5 to a Network Gateway
2026.08.11-09:20:05.979[32m info [39m [caliper] [connectors/v2/FabricGateway] 	Successfully connected user with identity _WholesalersMSP_User5 to a Network Gateway
2026.08.11-09:20:05.979[32m info [39m [caliper] [connectors/v2/FabricGateway] 	Generating contract map for user _WholesalersMSP_User5
2026.08.11-09:20:05.998[32m info [39m [caliper] [connectors/v2/FabricGateway] 	Successfully connected user with identity _WholesalersMSP_User5 to a Network Gateway
2026.08.11-09:20:05.999[32m info [39m [caliper] [connectors/v2/FabricGateway] 	Generating contract map for user _WholesalersMSP_User5
2026.08.11-09:20:06.006[32m info [39m [caliper] [connectors/v2/FabricGateway] 	Successfully connected user with identity _WholesalersMSP_User5 to a Network Gateway
2026.08.11-09:20:06.006[32m info [39m [caliper] [connectors/v2/FabricGateway] 	Generating contract map for user _WholesalersMSP_User5
2026.08.11-09:20:06.010[32m info [39m [caliper] [connectors/v2/FabricGateway] 	Successfully connected user with identity _WholesalersMSP_User5 to a Network Gateway
2026.08.11-09:20:06.010[32m info [39m [caliper] [connectors/v2/FabricGateway] 	Generating contract map for user _WholesalersMSP_User5
2026.08.11-09:20:06.014[32m info [39m [caliper] [connectors/v2/FabricGateway] 	Successfully connected user with identity _WholesalersMSP_User5 to a Network Gateway
2026.08.11-09:20:06.014[32m info [39m [caliper] [connectors/v2/FabricGateway] 	Generating contract map for user _WholesalersMSP_User5
2026.08.11-09:20:06.046[32m info [39m [caliper] [caliper-worker] 	Info: worker 0 prepare test phase for round 0 is starting...
2026.08.11-09:20:06.048[32m info [39m [caliper] [connectors/v2/FabricGateway] 	disconnecting gateway for user User0
2026.08.11-09:20:06.049[32m info [39m [caliper] [connectors/v2/FabricGateway] 	disconnecting gateway for user User1
2026.08.11-09:20:06.050[32m info [39m [caliper] [connectors/v2/FabricGateway] 	disconnecting gateway for user User2
2026.08.11-09:20:06.050[32m info [39m [caliper] [connectors/v2/FabricGateway] 	disconnecting gateway for user User3
2026.08.11-09:20:06.051[32m info [39m [caliper] [connectors/v2/FabricGateway] 	disconnecting gateway for user User4
2026.08.11-09:20:06.051[32m info [39m [caliper] [connectors/v2/FabricGateway] 	disconnecting gateway for user User5
2026.08.11-09:20:06.051[32m info [39m [caliper] [connectors/v2/FabricGateway] 	disconnecting gateway for user _WholesalersMSP_User0
2026.08.11-09:20:06.051[32m info [39m [caliper] [connectors/v2/FabricGateway] 	disconnecting gateway for user _WholesalersMSP_User1
2026.08.11-09:20:06.052[32m info [39m [caliper] [connectors/v2/FabricGateway] 	disconnecting gateway for user _WholesalersMSP_User2
2026.08.11-09:20:06.052[32m info [39m [caliper] [connectors/v2/FabricGateway] 	disconnecting gateway for user _WholesalersMSP_User3
2026.08.11-09:20:06.052[32m info [39m [caliper] [connectors/v2/FabricGateway] 	disconnecting gateway for user _WholesalersMSP_User4
2026.08.11-09:20:06.052[32m info [39m [caliper] [connectors/v2/FabricGateway] 	disconnecting gateway for user _WholesalersMSP_User5
2026.08.11-09:20:06.053[32m info [39m [caliper] [caliper-worker] 	Info: worker 0 prepare test phase for round 0 is completed
2026.08.11-09:20:06.053[32m info [39m [caliper] [worker-message-handler] 	Worker#0 prepared for Round#0
2026.08.11-09:20:06.082[32m info [39m [caliper] [caliper-worker] 	Info: worker 4 prepare test phase for round 0 is starting...
2026.08.11-09:20:06.083[32m info [39m [caliper] [caliper-worker] 	Info: worker 1 prepare test phase for round 0 is starting...
2026.08.11-09:20:06.083[32m info [39m [caliper] [connectors/v2/FabricGateway] 	disconnecting gateway for user User0
2026.08.11-09:20:06.084[32m info [39m [caliper] [connectors/v2/FabricGateway] 	disconnecting gateway for user User0
2026.08.11-09:20:06.085[32m info [39m [caliper] [connectors/v2/FabricGateway] 	disconnecting gateway for user User1
2026.08.11-09:20:06.086[32m info [39m [caliper] [connectors/v2/FabricGateway] 	disconnecting gateway for user User1
2026.08.11-09:20:06.086[32m info [39m [caliper] [connectors/v2/FabricGateway] 	disconnecting gateway for user User2
2026.08.11-09:20:06.086[32m info [39m [caliper] [connectors/v2/FabricGateway] 	disconnecting gateway for user User3
2026.08.11-09:20:06.086[32m info [39m [caliper] [connectors/v2/FabricGateway] 	disconnecting gateway for user User2
2026.08.11-09:20:06.087[32m info [39m [caliper] [connectors/v2/FabricGateway] 	disconnecting gateway for user User3
2026.08.11-09:20:06.087[32m info [39m [caliper] [connectors/v2/FabricGateway] 	disconnecting gateway for user User4
2026.08.11-09:20:06.087[32m info [39m [caliper] [connectors/v2/FabricGateway] 	disconnecting gateway for user User5
2026.08.11-09:20:06.087[32m info [39m [caliper] [connectors/v2/FabricGateway] 	disconnecting gateway for user User4
2026.08.11-09:20:06.087[32m info [39m [caliper] [connectors/v2/FabricGateway] 	disconnecting gateway for user _WholesalersMSP_User0
2026.08.11-09:20:06.088[32m info [39m [caliper] [connectors/v2/FabricGateway] 	disconnecting gateway for user User5
2026.08.11-09:20:06.088[32m info [39m [caliper] [connectors/v2/FabricGateway] 	disconnecting gateway for user _WholesalersMSP_User1
2026.08.11-09:20:06.088[32m info [39m [caliper] [connectors/v2/FabricGateway] 	disconnecting gateway for user _WholesalersMSP_User0
2026.08.11-09:20:06.088[32m info [39m [caliper] [connectors/v2/FabricGateway] 	disconnecting gateway for user _WholesalersMSP_User2
2026.08.11-09:20:06.088[32m info [39m [caliper] [connectors/v2/FabricGateway] 	disconnecting gateway for user _WholesalersMSP_User1
2026.08.11-09:20:06.088[32m info [39m [caliper] [connectors/v2/FabricGateway] 	disconnecting gateway for user _WholesalersMSP_User3
2026.08.11-09:20:06.088[32m info [39m [caliper] [connectors/v2/FabricGateway] 	disconnecting gateway for user _WholesalersMSP_User2
2026.08.11-09:20:06.089[32m info [39m [caliper] [connectors/v2/FabricGateway] 	disconnecting gateway for user _WholesalersMSP_User4
2026.08.11-09:20:06.089[32m info [39m [caliper] [connectors/v2/FabricGateway] 	disconnecting gateway for user _WholesalersMSP_User3
2026.08.11-09:20:06.089[32m info [39m [caliper] [connectors/v2/FabricGateway] 	disconnecting gateway for user _WholesalersMSP_User4
2026.08.11-09:20:06.089[32m info [39m [caliper] [connectors/v2/FabricGateway] 	disconnecting gateway for user _WholesalersMSP_User5
2026.08.11-09:20:06.089[32m info [39m [caliper] [connectors/v2/FabricGateway] 	disconnecting gateway for user _WholesalersMSP_User5
2026.08.11-09:20:06.089[32m info [39m [caliper] [caliper-worker] 	Info: worker 4 prepare test phase for round 0 is completed
2026.08.11-09:20:06.089[32m info [39m [caliper] [worker-message-handler] 	Worker#4 prepared for Round#0
2026.08.11-09:20:06.089[32m info [39m [caliper] [caliper-worker] 	Info: worker 1 prepare test phase for round 0 is completed
2026.08.11-09:20:06.090[32m info [39m [caliper] [worker-message-handler] 	Worker#1 prepared for Round#0
2026.08.11-09:20:06.101[32m info [39m [caliper] [caliper-worker] 	Info: worker 3 prepare test phase for round 0 is starting...
2026.08.11-09:20:06.104[32m info [39m [caliper] [connectors/v2/FabricGateway] 	disconnecting gateway for user User0
2026.08.11-09:20:06.106[32m info [39m [caliper] [connectors/v2/FabricGateway] 	disconnecting gateway for user User1
2026.08.11-09:20:06.107[32m info [39m [caliper] [connectors/v2/FabricGateway] 	disconnecting gateway for user User2
2026.08.11-09:20:06.108[32m info [39m [caliper] [connectors/v2/FabricGateway] 	disconnecting gateway for user User3
2026.08.11-09:20:06.108[32m info [39m [caliper] [connectors/v2/FabricGateway] 	disconnecting gateway for user User4
2026.08.11-09:20:06.109[32m info [39m [caliper] [connectors/v2/FabricGateway] 	disconnecting gateway for user User5
2026.08.11-09:20:06.109[32m info [39m [caliper] [connectors/v2/FabricGateway] 	disconnecting gateway for user _WholesalersMSP_User0
2026.08.11-09:20:06.110[32m info [39m [caliper] [connectors/v2/FabricGateway] 	disconnecting gateway for user _WholesalersMSP_User1
2026.08.11-09:20:06.110[32m info [39m [caliper] [connectors/v2/FabricGateway] 	disconnecting gateway for user _WholesalersMSP_User2
2026.08.11-09:20:06.110[32m info [39m [caliper] [connectors/v2/FabricGateway] 	disconnecting gateway for user _WholesalersMSP_User3
2026.08.11-09:20:06.110[32m info [39m [caliper] [connectors/v2/FabricGateway] 	disconnecting gateway for user _WholesalersMSP_User4
2026.08.11-09:20:06.111[32m info [39m [caliper] [connectors/v2/FabricGateway] 	disconnecting gateway for user _WholesalersMSP_User5
2026.08.11-09:20:06.111[32m info [39m [caliper] [caliper-worker] 	Info: worker 3 prepare test phase for round 0 is completed
2026.08.11-09:20:06.111[32m info [39m [caliper] [worker-message-handler] 	Worker#3 prepared for Round#0
2026.08.11-09:20:06.113[32m info [39m [caliper] [caliper-worker] 	Info: worker 2 prepare test phase for round 0 is starting...
2026.08.11-09:20:06.114[32m info [39m [caliper] [connectors/v2/FabricGateway] 	disconnecting gateway for user User0
2026.08.11-09:20:06.116[32m info [39m [caliper] [connectors/v2/FabricGateway] 	disconnecting gateway for user User1
2026.08.11-09:20:06.116[32m info [39m [caliper] [connectors/v2/FabricGateway] 	disconnecting gateway for user User2
2026.08.11-09:20:06.117[32m info [39m [caliper] [connectors/v2/FabricGateway] 	disconnecting gateway for user User3
2026.08.11-09:20:06.118[32m info [39m [caliper] [connectors/v2/FabricGateway] 	disconnecting gateway for user User4
2026.08.11-09:20:06.118[32m info [39m [caliper] [connectors/v2/FabricGateway] 	disconnecting gateway for user User5
2026.08.11-09:20:06.119[32m info [39m [caliper] [connectors/v2/FabricGateway] 	disconnecting gateway for user _WholesalersMSP_User0
2026.08.11-09:20:06.119[32m info [39m [caliper] [connectors/v2/FabricGateway] 	disconnecting gateway for user _WholesalersMSP_User1
2026.08.11-09:20:06.120[32m info [39m [caliper] [connectors/v2/FabricGateway] 	disconnecting gateway for user _WholesalersMSP_User2
2026.08.11-09:20:06.120[32m info [39m [caliper] [connectors/v2/FabricGateway] 	disconnecting gateway for user _WholesalersMSP_User3
2026.08.11-09:20:06.121[32m info [39m [caliper] [connectors/v2/FabricGateway] 	disconnecting gateway for user _WholesalersMSP_User4
2026.08.11-09:20:06.121[32m info [39m [caliper] [connectors/v2/FabricGateway] 	disconnecting gateway for user _WholesalersMSP_User5
2026.08.11-09:20:06.122[32m info [39m [caliper] [caliper-worker] 	Info: worker 2 prepare test phase for round 0 is completed
2026.08.11-09:20:06.122[32m info [39m [caliper] [worker-message-handler] 	Worker#2 prepared for Round#0
2026.08.11-09:20:06.123[32m info [39m [caliper] [worker-orchestrator] 	5 workers prepared, progressing to test phase.
2026.08.11-09:20:06.123[32m info [39m [caliper] [round-orchestrator] 	Monitors successfully started
2026.08.11-09:20:06.125[32m info [39m [caliper] [worker-message-handler] 	Worker#0 is starting Round#0
2026.08.11-09:20:06.125[32m info [39m [caliper] [worker-message-handler] 	Worker#1 is starting Round#0
2026.08.11-09:20:06.125[32m info [39m [caliper] [worker-message-handler] 	Worker#4 is starting Round#0
2026.08.11-09:20:06.126[32m info [39m [caliper] [connectors/v2/FabricGateway] 	Connecting user with identity User0 to a Network Gateway
2026.08.11-09:20:06.126[32m info [39m [caliper] [connectors/v2/FabricGateway] 	Connecting user with identity User0 to a Network Gateway
2026.08.11-09:20:06.126[32m info [39m [caliper] [connectors/v2/FabricGateway] 	Connecting user with identity User0 to a Network Gateway
2026.08.11-09:20:06.128[32m info [39m [caliper] [worker-message-handler] 	Worker#2 is starting Round#0
2026.08.11-09:20:06.128[32m info [39m [caliper] [connectors/v2/FabricGateway] 	Connecting user with identity User0 to a Network Gateway
2026.08.11-09:20:06.131[32m info [39m [caliper] [worker-message-handler] 	Worker#3 is starting Round#0
2026.08.11-09:20:06.131[32m info [39m [caliper] [connectors/v2/FabricGateway] 	Connecting user with identity User0 to a Network Gateway
2026.08.11-09:20:06.186[32m info [39m [caliper] [connectors/v2/FabricGateway] 	Successfully connected user with identity User0 to a Network Gateway
2026.08.11-09:20:06.187[32m info [39m [caliper] [connectors/v2/FabricGateway] 	Generating contract map for user User0
2026.08.11-09:20:06.188[32m info [39m [caliper] [connectors/v2/FabricGateway] 	Successfully connected user with identity User0 to a Network Gateway
2026.08.11-09:20:06.188[32m info [39m [caliper] [connectors/v2/FabricGateway] 	Generating contract map for user User0
2026.08.11-09:20:06.202[32m info [39m [caliper] [connectors/v2/FabricGateway] 	Successfully connected user with identity User0 to a Network Gateway
2026.08.11-09:20:06.202[32m info [39m [caliper] [connectors/v2/FabricGateway] 	Successfully connected user with identity User0 to a Network Gateway
2026.08.11-09:20:06.203[32m info [39m [caliper] [connectors/v2/FabricGateway] 	Generating contract map for user User0
2026.08.11-09:20:06.203[32m info [39m [caliper] [connectors/v2/FabricGateway] 	Generating contract map for user User0
2026.08.11-09:20:06.226[32m info [39m [caliper] [connectors/v2/FabricGateway] 	Successfully connected user with identity User0 to a Network Gateway
2026.08.11-09:20:06.226[32m info [39m [caliper] [connectors/v2/FabricGateway] 	Generating contract map for user User0
2026.08.11-09:20:06.246[32m info [39m [caliper] [connectors/v2/FabricGateway] 	Connecting user with identity User1 to a Network Gateway
2026.08.11-09:20:06.249[32m info [39m [caliper] [connectors/v2/FabricGateway] 	Connecting user with identity User1 to a Network Gateway
2026.08.11-09:20:06.256[32m info [39m [caliper] [connectors/v2/FabricGateway] 	Connecting user with identity User1 to a Network Gateway
2026.08.11-09:20:06.259[32m info [39m [caliper] [connectors/v2/FabricGateway] 	Connecting user with identity User1 to a Network Gateway
2026.08.11-09:20:06.276[32m info [39m [caliper] [connectors/v2/FabricGateway] 	Connecting user with identity User1 to a Network Gateway
2026.08.11-09:20:06.308[32m info [39m [caliper] [connectors/v2/FabricGateway] 	Successfully connected user with identity User1 to a Network Gateway
2026.08.11-09:20:06.308[32m info [39m [caliper] [connectors/v2/FabricGateway] 	Generating contract map for user User1
2026.08.11-09:20:06.314[32m info [39m [caliper] [connectors/v2/FabricGateway] 	Successfully connected user with identity User1 to a Network Gateway
2026.08.11-09:20:06.315[32m info [39m [caliper] [connectors/v2/FabricGateway] 	Generating contract map for user User1
2026.08.11-09:20:06.321[32m info [39m [caliper] [connectors/v2/FabricGateway] 	Successfully connected user with identity User1 to a Network Gateway
2026.08.11-09:20:06.321[32m info [39m [caliper] [connectors/v2/FabricGateway] 	Generating contract map for user User1
2026.08.11-09:20:06.322[32m info [39m [caliper] [connectors/v2/FabricGateway] 	Successfully connected user with identity User1 to a Network Gateway
2026.08.11-09:20:06.322[32m info [39m [caliper] [connectors/v2/FabricGateway] 	Generating contract map for user User1
2026.08.11-09:20:06.341[32m info [39m [caliper] [connectors/v2/FabricGateway] 	Successfully connected user with identity User1 to a Network Gateway
2026.08.11-09:20:06.342[32m info [39m [caliper] [connectors/v2/FabricGateway] 	Generating contract map for user User1
2026.08.11-09:20:06.364[32m info [39m [caliper] [connectors/v2/FabricGateway] 	Connecting user with identity User2 to a Network Gateway
2026.08.11-09:20:06.373[32m info [39m [caliper] [connectors/v2/FabricGateway] 	Connecting user with identity User2 to a Network Gateway
2026.08.11-09:20:06.375[32m info [39m [caliper] [connectors/v2/FabricGateway] 	Connecting user with identity User2 to a Network Gateway
2026.08.11-09:20:06.376[32m info [39m [caliper] [connectors/v2/FabricGateway] 	Connecting user with identity User2 to a Network Gateway
2026.08.11-09:20:06.394[32m info [39m [caliper] [connectors/v2/FabricGateway] 	Connecting user with identity User2 to a Network Gateway
2026.08.11-09:20:06.433[32m info [39m [caliper] [connectors/v2/FabricGateway] 	Successfully connected user with identity User2 to a Network Gateway
2026.08.11-09:20:06.433[32m info [39m [caliper] [connectors/v2/FabricGateway] 	Generating contract map for user User2
2026.08.11-09:20:06.437[32m info [39m [caliper] [connectors/v2/FabricGateway] 	Successfully connected user with identity User2 to a Network Gateway
2026.08.11-09:20:06.437[32m info [39m [caliper] [connectors/v2/FabricGateway] 	Generating contract map for user User2
2026.08.11-09:20:06.443[32m info [39m [caliper] [connectors/v2/FabricGateway] 	Successfully connected user with identity User2 to a Network Gateway
2026.08.11-09:20:06.443[32m info [39m [caliper] [connectors/v2/FabricGateway] 	Generating contract map for user User2
2026.08.11-09:20:06.449[32m info [39m [caliper] [connectors/v2/FabricGateway] 	Successfully connected user with identity User2 to a Network Gateway
2026.08.11-09:20:06.449[32m info [39m [caliper] [connectors/v2/FabricGateway] 	Generating contract map for user User2
2026.08.11-09:20:06.460[32m info [39m [caliper] [connectors/v2/FabricGateway] 	Successfully connected user with identity User2 to a Network Gateway
2026.08.11-09:20:06.460[32m info [39m [caliper] [connectors/v2/FabricGateway] 	Generating contract map for user User2
2026.08.11-09:20:06.485[32m info [39m [caliper] [connectors/v2/FabricGateway] 	Connecting user with identity User3 to a Network Gateway
2026.08.11-09:20:06.490[32m info [39m [caliper] [connectors/v2/FabricGateway] 	Connecting user with identity User3 to a Network Gateway
2026.08.11-09:20:06.495[32m info [39m [caliper] [connectors/v2/FabricGateway] 	Connecting user with identity User3 to a Network Gateway
2026.08.11-09:20:06.501[32m info [39m [caliper] [connectors/v2/FabricGateway] 	Connecting user with identity User3 to a Network Gateway
2026.08.11-09:20:06.510[32m info [39m [caliper] [connectors/v2/FabricGateway] 	Connecting user with identity User3 to a Network Gateway
2026.08.11-09:20:06.552[32m info [39m [caliper] [connectors/v2/FabricGateway] 	Successfully connected user with identity User3 to a Network Gateway
2026.08.11-09:20:06.552[32m info [39m [caliper] [connectors/v2/FabricGateway] 	Generating contract map for user User3
2026.08.11-09:20:06.558[32m info [39m [caliper] [connectors/v2/FabricGateway] 	Successfully connected user with identity User3 to a Network Gateway
2026.08.11-09:20:06.558[32m info [39m [caliper] [connectors/v2/FabricGateway] 	Generating contract map for user User3
2026.08.11-09:20:06.560[32m info [39m [caliper] [connectors/v2/FabricGateway] 	Successfully connected user with identity User3 to a Network Gateway
2026.08.11-09:20:06.561[32m info [39m [caliper] [connectors/v2/FabricGateway] 	Generating contract map for user User3
2026.08.11-09:20:06.567[32m info [39m [caliper] [connectors/v2/FabricGateway] 	Successfully connected user with identity User3 to a Network Gateway
2026.08.11-09:20:06.567[32m info [39m [caliper] [connectors/v2/FabricGateway] 	Generating contract map for user User3
2026.08.11-09:20:06.583[32m info [39m [caliper] [connectors/v2/FabricGateway] 	Successfully connected user with identity User3 to a Network Gateway
2026.08.11-09:20:06.583[32m info [39m [caliper] [connectors/v2/FabricGateway] 	Generating contract map for user User3
2026.08.11-09:20:06.606[32m info [39m [caliper] [connectors/v2/FabricGateway] 	Connecting user with identity User4 to a Network Gateway
2026.08.11-09:20:06.611[32m info [39m [caliper] [connectors/v2/FabricGateway] 	Connecting user with identity User4 to a Network Gateway
2026.08.11-09:20:06.615[32m info [39m [caliper] [connectors/v2/FabricGateway] 	Connecting user with identity User4 to a Network Gateway
2026.08.11-09:20:06.623[32m info [39m [caliper] [connectors/v2/FabricGateway] 	Connecting user with identity User4 to a Network Gateway
2026.08.11-09:20:06.634[32m info [39m [caliper] [connectors/v2/FabricGateway] 	Connecting user with identity User4 to a Network Gateway
2026.08.11-09:20:06.673[32m info [39m [caliper] [connectors/v2/FabricGateway] 	Successfully connected user with identity User4 to a Network Gateway
2026.08.11-09:20:06.673[32m info [39m [caliper] [connectors/v2/FabricGateway] 	Generating contract map for user User4
2026.08.11-09:20:06.677[32m info [39m [caliper] [connectors/v2/FabricGateway] 	Successfully connected user with identity User4 to a Network Gateway
2026.08.11-09:20:06.677[32m info [39m [caliper] [connectors/v2/FabricGateway] 	Generating contract map for user User4
2026.08.11-09:20:06.686[32m info [39m [caliper] [connectors/v2/FabricGateway] 	Successfully connected user with identity User4 to a Network Gateway
2026.08.11-09:20:06.686[32m info [39m [caliper] [connectors/v2/FabricGateway] 	Generating contract map for user User4
2026.08.11-09:20:06.689[32m info [39m [caliper] [connectors/v2/FabricGateway] 	Successfully connected user with identity User4 to a Network Gateway
2026.08.11-09:20:06.689[32m info [39m [caliper] [connectors/v2/FabricGateway] 	Generating contract map for user User4
2026.08.11-09:20:06.705[32m info [39m [caliper] [connectors/v2/FabricGateway] 	Successfully connected user with identity User4 to a Network Gateway
2026.08.11-09:20:06.706[32m info [39m [caliper] [connectors/v2/FabricGateway] 	Generating contract map for user User4
2026.08.11-09:20:06.729[32m info [39m [caliper] [connectors/v2/FabricGateway] 	Connecting user with identity User5 to a Network Gateway
2026.08.11-09:20:06.734[32m info [39m [caliper] [connectors/v2/FabricGateway] 	Connecting user with identity User5 to a Network Gateway
2026.08.11-09:20:06.740[32m info [39m [caliper] [connectors/v2/FabricGateway] 	Connecting user with identity User5 to a Network Gateway
2026.08.11-09:20:06.745[32m info [39m [caliper] [connectors/v2/FabricGateway] 	Connecting user with identity User5 to a Network Gateway
2026.08.11-09:20:06.760[32m info [39m [caliper] [connectors/v2/FabricGateway] 	Connecting user with identity User5 to a Network Gateway
2026.08.11-09:20:06.793[32m info [39m [caliper] [connectors/v2/FabricGateway] 	Successfully connected user with identity User5 to a Network Gateway
2026.08.11-09:20:06.793[32m info [39m [caliper] [connectors/v2/FabricGateway] 	Generating contract map for user User5
2026.08.11-09:20:06.798[32m info [39m [caliper] [connectors/v2/FabricGateway] 	Successfully connected user with identity User5 to a Network Gateway
2026.08.11-09:20:06.798[32m info [39m [caliper] [connectors/v2/FabricGateway] 	Generating contract map for user User5
2026.08.11-09:20:06.804[32m info [39m [caliper] [connectors/v2/FabricGateway] 	Successfully connected user with identity User5 to a Network Gateway
2026.08.11-09:20:06.804[32m info [39m [caliper] [connectors/v2/FabricGateway] 	Generating contract map for user User5
2026.08.11-09:20:06.807[32m info [39m [caliper] [connectors/v2/FabricGateway] 	Successfully connected user with identity User5 to a Network Gateway
2026.08.11-09:20:06.807[32m info [39m [caliper] [connectors/v2/FabricGateway] 	Generating contract map for user User5
2026.08.11-09:20:06.824[32m info [39m [caliper] [connectors/v2/FabricGateway] 	Successfully connected user with identity User5 to a Network Gateway
2026.08.11-09:20:06.824[32m info [39m [caliper] [connectors/v2/FabricGateway] 	Generating contract map for user User5
2026.08.11-09:20:06.843[32m info [39m [caliper] [connectors/v2/FabricGateway] 	Connecting user with identity _WholesalersMSP_User0 to a Network Gateway
2026.08.11-09:20:06.852[32m info [39m [caliper] [connectors/v2/FabricGateway] 	Connecting user with identity _WholesalersMSP_User0 to a Network Gateway
2026.08.11-09:20:06.854[32m info [39m [caliper] [connectors/v2/FabricGateway] 	Connecting user with identity _WholesalersMSP_User0 to a Network Gateway
2026.08.11-09:20:06.859[32m info [39m [caliper] [connectors/v2/FabricGateway] 	Connecting user with identity _WholesalersMSP_User0 to a Network Gateway
2026.08.11-09:20:06.875[32m info [39m [caliper] [connectors/v2/FabricGateway] 	Connecting user with identity _WholesalersMSP_User0 to a Network Gateway
2026.08.11-09:20:06.906[32m info [39m [caliper] [connectors/v2/FabricGateway] 	Successfully connected user with identity _WholesalersMSP_User0 to a Network Gateway
2026.08.11-09:20:06.907[32m info [39m [caliper] [connectors/v2/FabricGateway] 	Generating contract map for user _WholesalersMSP_User0
2026.08.11-09:20:06.916[32m info [39m [caliper] [connectors/v2/FabricGateway] 	Successfully connected user with identity _WholesalersMSP_User0 to a Network Gateway
2026.08.11-09:20:06.916[32m info [39m [caliper] [connectors/v2/FabricGateway] 	Generating contract map for user _WholesalersMSP_User0
2026.08.11-09:20:06.923[32m info [39m [caliper] [connectors/v2/FabricGateway] 	Successfully connected user with identity _WholesalersMSP_User0 to a Network Gateway
2026.08.11-09:20:06.923[32m info [39m [caliper] [connectors/v2/FabricGateway] 	Generating contract map for user _WholesalersMSP_User0
2026.08.11-09:20:06.930[32m info [39m [caliper] [connectors/v2/FabricGateway] 	Successfully connected user with identity _WholesalersMSP_User0 to a Network Gateway
2026.08.11-09:20:06.930[32m info [39m [caliper] [connectors/v2/FabricGateway] 	Generating contract map for user _WholesalersMSP_User0
2026.08.11-09:20:06.947[32m info [39m [caliper] [connectors/v2/FabricGateway] 	Successfully connected user with identity _WholesalersMSP_User0 to a Network Gateway
2026.08.11-09:20:06.948[32m info [39m [caliper] [connectors/v2/FabricGateway] 	Generating contract map for user _WholesalersMSP_User0
2026.08.11-09:20:06.960[32m info [39m [caliper] [connectors/v2/FabricGateway] 	Connecting user with identity _WholesalersMSP_User1 to a Network Gateway
2026.08.11-09:20:06.971[32m info [39m [caliper] [connectors/v2/FabricGateway] 	Connecting user with identity _WholesalersMSP_User1 to a Network Gateway
2026.08.11-09:20:06.976[32m info [39m [caliper] [connectors/v2/FabricGateway] 	Connecting user with identity _WholesalersMSP_User1 to a Network Gateway
2026.08.11-09:20:06.982[32m info [39m [caliper] [connectors/v2/FabricGateway] 	Connecting user with identity _WholesalersMSP_User1 to a Network Gateway
2026.08.11-09:20:06.998[32m info [39m [caliper] [connectors/v2/FabricGateway] 	Connecting user with identity _WholesalersMSP_User1 to a Network Gateway
2026.08.11-09:20:07.025[32m info [39m [caliper] [connectors/v2/FabricGateway] 	Successfully connected user with identity _WholesalersMSP_User1 to a Network Gateway
2026.08.11-09:20:07.026[32m info [39m [caliper] [connectors/v2/FabricGateway] 	Generating contract map for user _WholesalersMSP_User1
2026.08.11-09:20:07.039[32m info [39m [caliper] [connectors/v2/FabricGateway] 	Successfully connected user with identity _WholesalersMSP_User1 to a Network Gateway
2026.08.11-09:20:07.039[32m info [39m [caliper] [connectors/v2/FabricGateway] 	Generating contract map for user _WholesalersMSP_User1
2026.08.11-09:20:07.040[32m info [39m [caliper] [connectors/v2/FabricGateway] 	Successfully connected user with identity _WholesalersMSP_User1 to a Network Gateway
2026.08.11-09:20:07.040[32m info [39m [caliper] [connectors/v2/FabricGateway] 	Generating contract map for user _WholesalersMSP_User1
2026.08.11-09:20:07.050[32m info [39m [caliper] [connectors/v2/FabricGateway] 	Successfully connected user with identity _WholesalersMSP_User1 to a Network Gateway
2026.08.11-09:20:07.051[32m info [39m [caliper] [connectors/v2/FabricGateway] 	Generating contract map for user _WholesalersMSP_User1
2026.08.11-09:20:07.066[32m info [39m [caliper] [connectors/v2/FabricGateway] 	Successfully connected user with identity _WholesalersMSP_User1 to a Network Gateway
2026.08.11-09:20:07.066[32m info [39m [caliper] [connectors/v2/FabricGateway] 	Generating contract map for user _WholesalersMSP_User1
2026.08.11-09:20:07.079[32m info [39m [caliper] [connectors/v2/FabricGateway] 	Connecting user with identity _WholesalersMSP_User2 to a Network Gateway
2026.08.11-09:20:07.090[32m info [39m [caliper] [connectors/v2/FabricGateway] 	Connecting user with identity _WholesalersMSP_User2 to a Network Gateway
2026.08.11-09:20:07.091[32m info [39m [caliper] [connectors/v2/FabricGateway] 	Connecting user with identity _WholesalersMSP_User2 to a Network Gateway
2026.08.11-09:20:07.104[32m info [39m [caliper] [connectors/v2/FabricGateway] 	Connecting user with identity _WholesalersMSP_User2 to a Network Gateway
2026.08.11-09:20:07.122[32m info [39m [caliper] [connectors/v2/FabricGateway] 	Connecting user with identity _WholesalersMSP_User2 to a Network Gateway
2026.08.11-09:20:07.150[32m info [39m [caliper] [connectors/v2/FabricGateway] 	Successfully connected user with identity _WholesalersMSP_User2 to a Network Gateway
2026.08.11-09:20:07.150[32m info [39m [caliper] [connectors/v2/FabricGateway] 	Generating contract map for user _WholesalersMSP_User2
2026.08.11-09:20:07.162[32m info [39m [caliper] [connectors/v2/FabricGateway] 	Successfully connected user with identity _WholesalersMSP_User2 to a Network Gateway
2026.08.11-09:20:07.163[32m info [39m [caliper] [connectors/v2/FabricGateway] 	Generating contract map for user _WholesalersMSP_User2
2026.08.11-09:20:07.164[32m info [39m [caliper] [connectors/v2/FabricGateway] 	Successfully connected user with identity _WholesalersMSP_User2 to a Network Gateway
2026.08.11-09:20:07.164[32m info [39m [caliper] [connectors/v2/FabricGateway] 	Generating contract map for user _WholesalersMSP_User2
2026.08.11-09:20:07.180[32m info [39m [caliper] [connectors/v2/FabricGateway] 	Successfully connected user with identity _WholesalersMSP_User2 to a Network Gateway
2026.08.11-09:20:07.180[32m info [39m [caliper] [connectors/v2/FabricGateway] 	Generating contract map for user _WholesalersMSP_User2
2026.08.11-09:20:07.189[32m info [39m [caliper] [connectors/v2/FabricGateway] 	Successfully connected user with identity _WholesalersMSP_User2 to a Network Gateway
2026.08.11-09:20:07.189[32m info [39m [caliper] [connectors/v2/FabricGateway] 	Generating contract map for user _WholesalersMSP_User2
2026.08.11-09:20:07.204[32m info [39m [caliper] [connectors/v2/FabricGateway] 	Connecting user with identity _WholesalersMSP_User3 to a Network Gateway
2026.08.11-09:20:07.215[32m info [39m [caliper] [connectors/v2/FabricGateway] 	Connecting user with identity _WholesalersMSP_User3 to a Network Gateway
2026.08.11-09:20:07.218[32m info [39m [caliper] [connectors/v2/FabricGateway] 	Connecting user with identity _WholesalersMSP_User3 to a Network Gateway
2026.08.11-09:20:07.232[32m info [39m [caliper] [connectors/v2/FabricGateway] 	Connecting user with identity _WholesalersMSP_User3 to a Network Gateway
2026.08.11-09:20:07.242[32m info [39m [caliper] [connectors/v2/FabricGateway] 	Connecting user with identity _WholesalersMSP_User3 to a Network Gateway
2026.08.11-09:20:07.277[32m info [39m [caliper] [connectors/v2/FabricGateway] 	Successfully connected user with identity _WholesalersMSP_User3 to a Network Gateway
2026.08.11-09:20:07.277[32m info [39m [caliper] [connectors/v2/FabricGateway] 	Generating contract map for user _WholesalersMSP_User3
2026.08.11-09:20:07.283[32m info [39m [caliper] [connectors/v2/FabricGateway] 	Successfully connected user with identity _WholesalersMSP_User3 to a Network Gateway
2026.08.11-09:20:07.283[32m info [39m [caliper] [connectors/v2/FabricGateway] 	Generating contract map for user _WholesalersMSP_User3
2026.08.11-09:20:07.285[32m info [39m [caliper] [connectors/v2/FabricGateway] 	Successfully connected user with identity _WholesalersMSP_User3 to a Network Gateway
2026.08.11-09:20:07.285[32m info [39m [caliper] [connectors/v2/FabricGateway] 	Generating contract map for user _WholesalersMSP_User3
2026.08.11-09:20:07.299[32m info [39m [caliper] [connectors/v2/FabricGateway] 	Successfully connected user with identity _WholesalersMSP_User3 to a Network Gateway
2026.08.11-09:20:07.299[32m info [39m [caliper] [connectors/v2/FabricGateway] 	Generating contract map for user _WholesalersMSP_User3
2026.08.11-09:20:07.316[32m info [39m [caliper] [connectors/v2/FabricGateway] 	Successfully connected user with identity _WholesalersMSP_User3 to a Network Gateway
2026.08.11-09:20:07.316[32m info [39m [caliper] [connectors/v2/FabricGateway] 	Generating contract map for user _WholesalersMSP_User3
2026.08.11-09:20:07.329[32m info [39m [caliper] [connectors/v2/FabricGateway] 	Connecting user with identity _WholesalersMSP_User4 to a Network Gateway
2026.08.11-09:20:07.334[32m info [39m [caliper] [connectors/v2/FabricGateway] 	Connecting user with identity _WholesalersMSP_User4 to a Network Gateway
2026.08.11-09:20:07.335[32m info [39m [caliper] [connectors/v2/FabricGateway] 	Connecting user with identity _WholesalersMSP_User4 to a Network Gateway
2026.08.11-09:20:07.349[32m info [39m [caliper] [connectors/v2/FabricGateway] 	Connecting user with identity _WholesalersMSP_User4 to a Network Gateway
2026.08.11-09:20:07.366[32m info [39m [caliper] [connectors/v2/FabricGateway] 	Connecting user with identity _WholesalersMSP_User4 to a Network Gateway
2026.08.11-09:20:07.392[32m info [39m [caliper] [connectors/v2/FabricGateway] 	Successfully connected user with identity _WholesalersMSP_User4 to a Network Gateway
2026.08.11-09:20:07.392[32m info [39m [caliper] [connectors/v2/FabricGateway] 	Generating contract map for user _WholesalersMSP_User4
2026.08.11-09:20:07.392[32m info [39m [caliper] [connectors/v2/FabricGateway] 	Successfully connected user with identity _WholesalersMSP_User4 to a Network Gateway
2026.08.11-09:20:07.392[32m info [39m [caliper] [connectors/v2/FabricGateway] 	Generating contract map for user _WholesalersMSP_User4
2026.08.11-09:20:07.398[32m info [39m [caliper] [connectors/v2/FabricGateway] 	Successfully connected user with identity _WholesalersMSP_User4 to a Network Gateway
2026.08.11-09:20:07.399[32m info [39m [caliper] [connectors/v2/FabricGateway] 	Generating contract map for user _WholesalersMSP_User4
2026.08.11-09:20:07.413[32m info [39m [caliper] [connectors/v2/FabricGateway] 	Successfully connected user with identity _WholesalersMSP_User4 to a Network Gateway
2026.08.11-09:20:07.413[32m info [39m [caliper] [connectors/v2/FabricGateway] 	Generating contract map for user _WholesalersMSP_User4
2026.08.11-09:20:07.434[32m info [39m [caliper] [connectors/v2/FabricGateway] 	Successfully connected user with identity _WholesalersMSP_User4 to a Network Gateway
2026.08.11-09:20:07.434[32m info [39m [caliper] [connectors/v2/FabricGateway] 	Generating contract map for user _WholesalersMSP_User4
2026.08.11-09:20:07.442[32m info [39m [caliper] [connectors/v2/FabricGateway] 	Connecting user with identity _WholesalersMSP_User5 to a Network Gateway
2026.08.11-09:20:07.442[32m info [39m [caliper] [connectors/v2/FabricGateway] 	Connecting user with identity _WholesalersMSP_User5 to a Network Gateway
2026.08.11-09:20:07.449[32m info [39m [caliper] [connectors/v2/FabricGateway] 	Connecting user with identity _WholesalersMSP_User5 to a Network Gateway
2026.08.11-09:20:07.464[32m info [39m [caliper] [connectors/v2/FabricGateway] 	Connecting user with identity _WholesalersMSP_User5 to a Network Gateway
2026.08.11-09:20:07.481[32m info [39m [caliper] [connectors/v2/FabricGateway] 	Connecting user with identity _WholesalersMSP_User5 to a Network Gateway
2026.08.11-09:20:07.505[32m info [39m [caliper] [connectors/v2/FabricGateway] 	Successfully connected user with identity _WholesalersMSP_User5 to a Network Gateway
2026.08.11-09:20:07.505[32m info [39m [caliper] [connectors/v2/FabricGateway] 	Successfully connected user with identity _WholesalersMSP_User5 to a Network Gateway
2026.08.11-09:20:07.505[32m info [39m [caliper] [connectors/v2/FabricGateway] 	Generating contract map for user _WholesalersMSP_User5
2026.08.11-09:20:07.505[32m info [39m [caliper] [connectors/v2/FabricGateway] 	Generating contract map for user _WholesalersMSP_User5
2026.08.11-09:20:07.512[32m info [39m [caliper] [connectors/v2/FabricGateway] 	Successfully connected user with identity _WholesalersMSP_User5 to a Network Gateway
2026.08.11-09:20:07.512[32m info [39m [caliper] [connectors/v2/FabricGateway] 	Generating contract map for user _WholesalersMSP_User5
2026.08.11-09:20:07.533[32m info [39m [caliper] [connectors/v2/FabricGateway] 	Successfully connected user with identity _WholesalersMSP_User5 to a Network Gateway
2026.08.11-09:20:07.534[32m info [39m [caliper] [connectors/v2/FabricGateway] 	Generating contract map for user _WholesalersMSP_User5
2026.08.11-09:20:07.550[32m info [39m [caliper] [connectors/v2/FabricGateway] 	Successfully connected user with identity _WholesalersMSP_User5 to a Network Gateway
2026.08.11-09:20:07.550[32m info [39m [caliper] [connectors/v2/FabricGateway] 	Generating contract map for user _WholesalersMSP_User5
2026.08.11-09:20:07.555[32m info [39m [caliper] [caliper-worker] 	Worker #1 starting workload loop
2026.08.11-09:20:07.558[32m info [39m [caliper] [caliper-worker] 	Worker #0 starting workload loop
2026.08.11-09:20:07.564[32m info [39m [caliper] [caliper-worker] 	Worker #4 starting workload loop
2026.08.11-09:20:07.595[32m info [39m [caliper] [caliper-worker] 	Worker #3 starting workload loop
2026.08.11-09:20:07.615[32m info [39m [caliper] [caliper-worker] 	Worker #2 starting workload loop
2026-08-11T09:20:07.717Z - [33mwarn[39m: [TransactionEventHandler]: strategyFail: commit failure for transaction "18d19af5e4fa88173de9c893a700d849bee74b8d11090269cf70f8c92538eddc": TransactionError: Commit of transaction 18d19af5e4fa88173de9c893a700d849bee74b8d11090269cf70f8c92538eddc failed on peer peer0.financiers.example.com:7051 with status MVCC_READ_CONFLICT
    at TransactionEventHandler.eventCallback (/home/dhanish/fabric_sfc/caliper-bench/node_modules/fabric-network/lib/impl/event/transactioneventhandler.js:111:31)
    at CommitListenerSession.notifyListener (/home/dhanish/fabric_sfc/caliper-bench/node_modules/fabric-network/lib/impl/event/commitlistenersession.js:101:18)
    at EventListener.callback (/home/dhanish/fabric_sfc/caliper-bench/node_modules/fabric-network/lib/impl/event/commitlistenersession.js:92:18)
    at EventListener.onEvent (/home/dhanish/fabric_sfc/caliper-bench/node_modules/fabric-common/lib/EventListener.js:124:10)
    at EventService._callTransactionListener (/home/dhanish/fabric_sfc/caliper-bench/node_modules/fabric-common/lib/EventService.js:1051:16)
    at EventService._processTxEvents (/home/dhanish/fabric_sfc/caliper-bench/node_modules/fabric-common/lib/EventService.js:1006:12)
    at ClientDuplexStreamImpl.<anonymous> (/home/dhanish/fabric_sfc/caliper-bench/node_modules/fabric-common/lib/EventService.js:481:12)
    at ClientDuplexStreamImpl.emit (node:events:517:28)
    at addChunk (node:internal/streams/readable:368:12)
    at readableAddChunk (node:internal/streams/readable:341:9) {
  transactionId: '18d19af5e4fa88173de9c893a700d849bee74b8d11090269cf70f8c92538eddc',
  transactionCode: 'MVCC_READ_CONFLICT'
}
2026.08.11-09:20:07.719[31m error[39m [caliper] [connectors/v2/FabricGateway] 	Failed to perform submit transaction [setFinancePolicyForFinancier] using arguments [,{"minAPR":0.08,"maxAPR":0.24,"baseAPR":0.14,"minTenorDays":7,"maxTenorDays":45,"tenor":21,"minLtvPct":55,"maxLtvPct":85,"ltv":72,"penaltyBasePct":0.4}],  with error: TransactionError: Commit of transaction 18d19af5e4fa88173de9c893a700d849bee74b8d11090269cf70f8c92538eddc failed on peer peer0.financiers.example.com:7051 with status MVCC_READ_CONFLICT
    at TransactionEventHandler.eventCallback (/home/dhanish/fabric_sfc/caliper-bench/node_modules/fabric-network/lib/impl/event/transactioneventhandler.js:111:31)
    at CommitListenerSession.notifyListener (/home/dhanish/fabric_sfc/caliper-bench/node_modules/fabric-network/lib/impl/event/commitlistenersession.js:101:18)
    at EventListener.callback (/home/dhanish/fabric_sfc/caliper-bench/node_modules/fabric-network/lib/impl/event/commitlistenersession.js:92:18)
    at EventListener.onEvent (/home/dhanish/fabric_sfc/caliper-bench/node_modules/fabric-common/lib/EventListener.js:124:10)
    at EventService._callTransactionListener (/home/dhanish/fabric_sfc/caliper-bench/node_modules/fabric-common/lib/EventService.js:1051:16)
    at EventService._processTxEvents (/home/dhanish/fabric_sfc/caliper-bench/node_modules/fabric-common/lib/EventService.js:1006:12)
    at ClientDuplexStreamImpl.<anonymous> (/home/dhanish/fabric_sfc/caliper-bench/node_modules/fabric-common/lib/EventService.js:481:12)
    at ClientDuplexStreamImpl.emit (node:events:517:28)
    at addChunk (node:internal/streams/readable:368:12)
    at readableAddChunk (node:internal/streams/readable:341:9)
2026-08-11T09:20:07.720Z - [33mwarn[39m: [TransactionEventHandler]: strategyFail: commit failure for transaction "f604955141221f76dfeb07f6ac583d18ccff9d861ae3c02b5fb6a98b4feee0d7": TransactionError: Commit of transaction f604955141221f76dfeb07f6ac583d18ccff9d861ae3c02b5fb6a98b4feee0d7 failed on peer peer0.financiers.example.com:7051 with status MVCC_READ_CONFLICT
    at TransactionEventHandler.eventCallback (/home/dhanish/fabric_sfc/caliper-bench/node_modules/fabric-network/lib/impl/event/transactioneventhandler.js:111:31)
    at CommitListenerSession.notifyListener (/home/dhanish/fabric_sfc/caliper-bench/node_modules/fabric-network/lib/impl/event/commitlistenersession.js:101:18)
    at EventListener.callback (/home/dhanish/fabric_sfc/caliper-bench/node_modules/fabric-network/lib/impl/event/commitlistenersession.js:92:18)
    at EventListener.onEvent (/home/dhanish/fabric_sfc/caliper-bench/node_modules/fabric-common/lib/EventListener.js:124:10)
    at EventService._callTransactionListener (/home/dhanish/fabric_sfc/caliper-bench/node_modules/fabric-common/lib/EventService.js:1051:16)
    at EventService._processTxEvents (/home/dhanish/fabric_sfc/caliper-bench/node_modules/fabric-common/lib/EventService.js:1006:12)
    at ClientDuplexStreamImpl.<anonymous> (/home/dhanish/fabric_sfc/caliper-bench/node_modules/fabric-common/lib/EventService.js:481:12)
    at ClientDuplexStreamImpl.emit (node:events:517:28)
    at addChunk (node:internal/streams/readable:368:12)
    at readableAddChunk (node:internal/streams/readable:341:9) {
  transactionId: 'f604955141221f76dfeb07f6ac583d18ccff9d861ae3c02b5fb6a98b4feee0d7',
  transactionCode: 'MVCC_READ_CONFLICT'
}
2026-08-11T09:20:07.722Z - [33mwarn[39m: [TransactionEventHandler]: strategyFail: commit failure for transaction "c8e30a3cf9990b1a7041208c643057c49247e9bdd3c290a9c05689b77afe2ef4": TransactionError: Commit of transaction c8e30a3cf9990b1a7041208c643057c49247e9bdd3c290a9c05689b77afe2ef4 failed on peer peer0.financiers.example.com:7051 with status MVCC_READ_CONFLICT
    at TransactionEventHandler.eventCallback (/home/dhanish/fabric_sfc/caliper-bench/node_modules/fabric-network/lib/impl/event/transactioneventhandler.js:111:31)
    at CommitListenerSession.notifyListener (/home/dhanish/fabric_sfc/caliper-bench/node_modules/fabric-network/lib/impl/event/commitlistenersession.js:101:18)
    at EventListener.callback (/home/dhanish/fabric_sfc/caliper-bench/node_modules/fabric-network/lib/impl/event/commitlistenersession.js:92:18)
    at EventListener.onEvent (/home/dhanish/fabric_sfc/caliper-bench/node_modules/fabric-common/lib/EventListener.js:124:10)
    at EventService._callTransactionListener (/home/dhanish/fabric_sfc/caliper-bench/node_modules/fabric-common/lib/EventService.js:1051:16)
    at EventService._processTxEvents (/home/dhanish/fabric_sfc/caliper-bench/node_modules/fabric-common/lib/EventService.js:1006:12)
    at ClientDuplexStreamImpl.<anonymous> (/home/dhanish/fabric_sfc/caliper-bench/node_modules/fabric-common/lib/EventService.js:481:12)
    at ClientDuplexStreamImpl.emit (node:events:517:28)
    at addChunk (node:internal/streams/readable:368:12)
    at readableAddChunk (node:internal/streams/readable:341:9) {
  transactionId: 'c8e30a3cf9990b1a7041208c643057c49247e9bdd3c290a9c05689b77afe2ef4',
  transactionCode: 'MVCC_READ_CONFLICT'
}
2026-08-11T09:20:07.723Z - [33mwarn[39m: [TransactionEventHandler]: strategyFail: commit failure for transaction "ba14e8720e48df691f45ed94aefceed44d6033c72afbef1112907f2a27769415": TransactionError: Commit of transaction ba14e8720e48df691f45ed94aefceed44d6033c72afbef1112907f2a27769415 failed on peer peer0.financiers.example.com:7051 with status MVCC_READ_CONFLICT
    at TransactionEventHandler.eventCallback (/home/dhanish/fabric_sfc/caliper-bench/node_modules/fabric-network/lib/impl/event/transactioneventhandler.js:111:31)
    at CommitListenerSession.notifyListener (/home/dhanish/fabric_sfc/caliper-bench/node_modules/fabric-network/lib/impl/event/commitlistenersession.js:101:18)
    at EventListener.callback (/home/dhanish/fabric_sfc/caliper-bench/node_modules/fabric-network/lib/impl/event/commitlistenersession.js:92:18)
    at EventListener.onEvent (/home/dhanish/fabric_sfc/caliper-bench/node_modules/fabric-common/lib/EventListener.js:124:10)
    at EventService._callTransactionListener (/home/dhanish/fabric_sfc/caliper-bench/node_modules/fabric-common/lib/EventService.js:1051:16)
    at EventService._processTxEvents (/home/dhanish/fabric_sfc/caliper-bench/node_modules/fabric-common/lib/EventService.js:1006:12)
    at ClientDuplexStreamImpl.<anonymous> (/home/dhanish/fabric_sfc/caliper-bench/node_modules/fabric-common/lib/EventService.js:481:12)
    at ClientDuplexStreamImpl.emit (node:events:517:28)
    at addChunk (node:internal/streams/readable:368:12)
    at readableAddChunk (node:internal/streams/readable:341:9) {
  transactionId: 'ba14e8720e48df691f45ed94aefceed44d6033c72afbef1112907f2a27769415',
  transactionCode: 'MVCC_READ_CONFLICT'
}
2026-08-11T09:20:07.723Z - [33mwarn[39m: [TransactionEventHandler]: strategyFail: commit failure for transaction "3bca381c21e41b84fdaad215fdc653ae1f276e736ba0e8e37ce8f0e0504f71cc": TransactionError: Commit of transaction 3bca381c21e41b84fdaad215fdc653ae1f276e736ba0e8e37ce8f0e0504f71cc failed on peer peer0.financiers.example.com:7051 with status MVCC_READ_CONFLICT
    at TransactionEventHandler.eventCallback (/home/dhanish/fabric_sfc/caliper-bench/node_modules/fabric-network/lib/impl/event/transactioneventhandler.js:111:31)
    at CommitListenerSession.notifyListener (/home/dhanish/fabric_sfc/caliper-bench/node_modules/fabric-network/lib/impl/event/commitlistenersession.js:101:18)
    at EventListener.callback (/home/dhanish/fabric_sfc/caliper-bench/node_modules/fabric-network/lib/impl/event/commitlistenersession.js:92:18)
    at EventListener.onEvent (/home/dhanish/fabric_sfc/caliper-bench/node_modules/fabric-common/lib/EventListener.js:124:10)
    at EventService._callTransactionListener (/home/dhanish/fabric_sfc/caliper-bench/node_modules/fabric-common/lib/EventService.js:1051:16)
    at EventService._processTxEvents (/home/dhanish/fabric_sfc/caliper-bench/node_modules/fabric-common/lib/EventService.js:1006:12)
    at ClientDuplexStreamImpl.<anonymous> (/home/dhanish/fabric_sfc/caliper-bench/node_modules/fabric-common/lib/EventService.js:481:12)
    at ClientDuplexStreamImpl.emit (node:events:517:28)
    at addChunk (node:internal/streams/readable:368:12)
    at readableAddChunk (node:internal/streams/readable:341:9) {
  transactionId: '3bca381c21e41b84fdaad215fdc653ae1f276e736ba0e8e37ce8f0e0504f71cc',
  transactionCode: 'MVCC_READ_CONFLICT'
}
2026.08.11-09:20:07.724[31m error[39m [caliper] [connectors/v2/FabricGateway] 	Failed to perform submit transaction [setFinancePolicyForFinancier] using arguments [,{"minAPR":0.08,"maxAPR":0.24,"baseAPR":0.14,"minTenorDays":7,"maxTenorDays":45,"tenor":21,"minLtvPct":55,"maxLtvPct":85,"ltv":72,"penaltyBasePct":0.4}],  with error: TransactionError: Commit of transaction f604955141221f76dfeb07f6ac583d18ccff9d861ae3c02b5fb6a98b4feee0d7 failed on peer peer0.financiers.example.com:7051 with status MVCC_READ_CONFLICT
    at TransactionEventHandler.eventCallback (/home/dhanish/fabric_sfc/caliper-bench/node_modules/fabric-network/lib/impl/event/transactioneventhandler.js:111:31)
    at CommitListenerSession.notifyListener (/home/dhanish/fabric_sfc/caliper-bench/node_modules/fabric-network/lib/impl/event/commitlistenersession.js:101:18)
    at EventListener.callback (/home/dhanish/fabric_sfc/caliper-bench/node_modules/fabric-network/lib/impl/event/commitlistenersession.js:92:18)
    at EventListener.onEvent (/home/dhanish/fabric_sfc/caliper-bench/node_modules/fabric-common/lib/EventListener.js:124:10)
    at EventService._callTransactionListener (/home/dhanish/fabric_sfc/caliper-bench/node_modules/fabric-common/lib/EventService.js:1051:16)
    at EventService._processTxEvents (/home/dhanish/fabric_sfc/caliper-bench/node_modules/fabric-common/lib/EventService.js:1006:12)
    at ClientDuplexStreamImpl.<anonymous> (/home/dhanish/fabric_sfc/caliper-bench/node_modules/fabric-common/lib/EventService.js:481:12)
    at ClientDuplexStreamImpl.emit (node:events:517:28)
    at addChunk (node:internal/streams/readable:368:12)
    at readableAddChunk (node:internal/streams/readable:341:9)
2026.08.11-09:20:07.724[31m error[39m [caliper] [connectors/v2/FabricGateway] 	Failed to perform submit transaction [setFinancePolicyForFinancier] using arguments [,{"minAPR":0.08,"maxAPR":0.24,"baseAPR":0.14,"minTenorDays":7,"maxTenorDays":45,"tenor":21,"minLtvPct":55,"maxLtvPct":85,"ltv":72,"penaltyBasePct":0.4}],  with error: TransactionError: Commit of transaction c8e30a3cf9990b1a7041208c643057c49247e9bdd3c290a9c05689b77afe2ef4 failed on peer peer0.financiers.example.com:7051 with status MVCC_READ_CONFLICT
    at TransactionEventHandler.eventCallback (/home/dhanish/fabric_sfc/caliper-bench/node_modules/fabric-network/lib/impl/event/transactioneventhandler.js:111:31)
    at CommitListenerSession.notifyListener (/home/dhanish/fabric_sfc/caliper-bench/node_modules/fabric-network/lib/impl/event/commitlistenersession.js:101:18)
    at EventListener.callback (/home/dhanish/fabric_sfc/caliper-bench/node_modules/fabric-network/lib/impl/event/commitlistenersession.js:92:18)
    at EventListener.onEvent (/home/dhanish/fabric_sfc/caliper-bench/node_modules/fabric-common/lib/EventListener.js:124:10)
    at EventService._callTransactionListener (/home/dhanish/fabric_sfc/caliper-bench/node_modules/fabric-common/lib/EventService.js:1051:16)
    at EventService._processTxEvents (/home/dhanish/fabric_sfc/caliper-bench/node_modules/fabric-common/lib/EventService.js:1006:12)
    at ClientDuplexStreamImpl.<anonymous> (/home/dhanish/fabric_sfc/caliper-bench/node_modules/fabric-common/lib/EventService.js:481:12)
    at ClientDuplexStreamImpl.emit (node:events:517:28)
    at addChunk (node:internal/streams/readable:368:12)
    at readableAddChunk (node:internal/streams/readable:341:9)
2026.08.11-09:20:07.724[31m error[39m [caliper] [connectors/v2/FabricGateway] 	Failed to perform submit transaction [setFinancePolicyForFinancier] using arguments [,{"minAPR":0.08,"maxAPR":0.24,"baseAPR":0.14,"minTenorDays":7,"maxTenorDays":45,"tenor":21,"minLtvPct":55,"maxLtvPct":85,"ltv":72,"penaltyBasePct":0.4}],  with error: TransactionError: Commit of transaction ba14e8720e48df691f45ed94aefceed44d6033c72afbef1112907f2a27769415 failed on peer peer0.financiers.example.com:7051 with status MVCC_READ_CONFLICT
    at TransactionEventHandler.eventCallback (/home/dhanish/fabric_sfc/caliper-bench/node_modules/fabric-network/lib/impl/event/transactioneventhandler.js:111:31)
    at CommitListenerSession.notifyListener (/home/dhanish/fabric_sfc/caliper-bench/node_modules/fabric-network/lib/impl/event/commitlistenersession.js:101:18)
    at EventListener.callback (/home/dhanish/fabric_sfc/caliper-bench/node_modules/fabric-network/lib/impl/event/commitlistenersession.js:92:18)
    at EventListener.onEvent (/home/dhanish/fabric_sfc/caliper-bench/node_modules/fabric-common/lib/EventListener.js:124:10)
    at EventService._callTransactionListener (/home/dhanish/fabric_sfc/caliper-bench/node_modules/fabric-common/lib/EventService.js:1051:16)
    at EventService._processTxEvents (/home/dhanish/fabric_sfc/caliper-bench/node_modules/fabric-common/lib/EventService.js:1006:12)
    at ClientDuplexStreamImpl.<anonymous> (/home/dhanish/fabric_sfc/caliper-bench/node_modules/fabric-common/lib/EventService.js:481:12)
    at ClientDuplexStreamImpl.emit (node:events:517:28)
    at addChunk (node:internal/streams/readable:368:12)
    at readableAddChunk (node:internal/streams/readable:341:9)
2026-08-11T09:20:07.724Z - [33mwarn[39m: [TransactionEventHandler]: strategyFail: commit failure for transaction "9e5ce4f680ff3ee932e007c8b7145e2ed47d8903ee27a0c241c7b5ad1a81ce24": TransactionError: Commit of transaction 9e5ce4f680ff3ee932e007c8b7145e2ed47d8903ee27a0c241c7b5ad1a81ce24 failed on peer peer0.financiers.example.com:7051 with status MVCC_READ_CONFLICT
    at TransactionEventHandler.eventCallback (/home/dhanish/fabric_sfc/caliper-bench/node_modules/fabric-network/lib/impl/event/transactioneventhandler.js:111:31)
    at CommitListenerSession.notifyListener (/home/dhanish/fabric_sfc/caliper-bench/node_modules/fabric-network/lib/impl/event/commitlistenersession.js:101:18)
    at EventListener.callback (/home/dhanish/fabric_sfc/caliper-bench/node_modules/fabric-network/lib/impl/event/commitlistenersession.js:92:18)
    at EventListener.onEvent (/home/dhanish/fabric_sfc/caliper-bench/node_modules/fabric-common/lib/EventListener.js:124:10)
    at EventService._callTransactionListener (/home/dhanish/fabric_sfc/caliper-bench/node_modules/fabric-common/lib/EventService.js:1051:16)
    at EventService._processTxEvents (/home/dhanish/fabric_sfc/caliper-bench/node_modules/fabric-common/lib/EventService.js:1006:12)
    at ClientDuplexStreamImpl.<anonymous> (/home/dhanish/fabric_sfc/caliper-bench/node_modules/fabric-common/lib/EventService.js:481:12)
    at ClientDuplexStreamImpl.emit (node:events:517:28)
    at addChunk (node:internal/streams/readable:368:12)
    at readableAddChunk (node:internal/streams/readable:341:9) {
  transactionId: '9e5ce4f680ff3ee932e007c8b7145e2ed47d8903ee27a0c241c7b5ad1a81ce24',
  transactionCode: 'MVCC_READ_CONFLICT'
}
2026-08-11T09:20:07.725Z - [33mwarn[39m: [TransactionEventHandler]: strategyFail: commit failure for transaction "27a380ee3d022a011d9191376abd5ea1508fcaa93cc1790be3a722565c604ff4": TransactionError: Commit of transaction 27a380ee3d022a011d9191376abd5ea1508fcaa93cc1790be3a722565c604ff4 failed on peer peer0.financiers.example.com:7051 with status MVCC_READ_CONFLICT
    at TransactionEventHandler.eventCallback (/home/dhanish/fabric_sfc/caliper-bench/node_modules/fabric-network/lib/impl/event/transactioneventhandler.js:111:31)
    at CommitListenerSession.notifyListener (/home/dhanish/fabric_sfc/caliper-bench/node_modules/fabric-network/lib/impl/event/commitlistenersession.js:101:18)
    at EventListener.callback (/home/dhanish/fabric_sfc/caliper-bench/node_modules/fabric-network/lib/impl/event/commitlistenersession.js:92:18)
    at EventListener.onEvent (/home/dhanish/fabric_sfc/caliper-bench/node_modules/fabric-common/lib/EventListener.js:124:10)
    at EventService._callTransactionListener (/home/dhanish/fabric_sfc/caliper-bench/node_modules/fabric-common/lib/EventService.js:1051:16)
    at EventService._processTxEvents (/home/dhanish/fabric_sfc/caliper-bench/node_modules/fabric-common/lib/EventService.js:1006:12)
    at ClientDuplexStreamImpl.<anonymous> (/home/dhanish/fabric_sfc/caliper-bench/node_modules/fabric-common/lib/EventService.js:481:12)
    at ClientDuplexStreamImpl.emit (node:events:517:28)
    at addChunk (node:internal/streams/readable:368:12)
    at readableAddChunk (node:internal/streams/readable:341:9) {
  transactionId: '27a380ee3d022a011d9191376abd5ea1508fcaa93cc1790be3a722565c604ff4',
  transactionCode: 'MVCC_READ_CONFLICT'
}
2026.08.11-09:20:07.726[31m error[39m [caliper] [connectors/v2/FabricGateway] 	Failed to perform submit transaction [setFinancePolicyForFinancier] using arguments [,{"minAPR":0.08,"maxAPR":0.24,"baseAPR":0.14,"minTenorDays":7,"maxTenorDays":45,"tenor":21,"minLtvPct":55,"maxLtvPct":85,"ltv":72,"penaltyBasePct":0.4}],  with error: TransactionError: Commit of transaction 3bca381c21e41b84fdaad215fdc653ae1f276e736ba0e8e37ce8f0e0504f71cc failed on peer peer0.financiers.example.com:7051 with status MVCC_READ_CONFLICT
    at TransactionEventHandler.eventCallback (/home/dhanish/fabric_sfc/caliper-bench/node_modules/fabric-network/lib/impl/event/transactioneventhandler.js:111:31)
    at CommitListenerSession.notifyListener (/home/dhanish/fabric_sfc/caliper-bench/node_modules/fabric-network/lib/impl/event/commitlistenersession.js:101:18)
    at EventListener.callback (/home/dhanish/fabric_sfc/caliper-bench/node_modules/fabric-network/lib/impl/event/commitlistenersession.js:92:18)
    at EventListener.onEvent (/home/dhanish/fabric_sfc/caliper-bench/node_modules/fabric-common/lib/EventListener.js:124:10)
    at EventService._callTransactionListener (/home/dhanish/fabric_sfc/caliper-bench/node_modules/fabric-common/lib/EventService.js:1051:16)
    at EventService._processTxEvents (/home/dhanish/fabric_sfc/caliper-bench/node_modules/fabric-common/lib/EventService.js:1006:12)
    at ClientDuplexStreamImpl.<anonymous> (/home/dhanish/fabric_sfc/caliper-bench/node_modules/fabric-common/lib/EventService.js:481:12)
    at ClientDuplexStreamImpl.emit (node:events:517:28)
    at addChunk (node:internal/streams/readable:368:12)
    at readableAddChunk (node:internal/streams/readable:341:9)
2026.08.11-09:20:07.726[31m error[39m [caliper] [connectors/v2/FabricGateway] 	Failed to perform submit transaction [setFinancePolicyForFinancier] using arguments [,{"minAPR":0.08,"maxAPR":0.24,"baseAPR":0.14,"minTenorDays":7,"maxTenorDays":45,"tenor":21,"minLtvPct":55,"maxLtvPct":85,"ltv":72,"penaltyBasePct":0.4}],  with error: TransactionError: Commit of transaction 9e5ce4f680ff3ee932e007c8b7145e2ed47d8903ee27a0c241c7b5ad1a81ce24 failed on peer peer0.financiers.example.com:7051 with status MVCC_READ_CONFLICT
    at TransactionEventHandler.eventCallback (/home/dhanish/fabric_sfc/caliper-bench/node_modules/fabric-network/lib/impl/event/transactioneventhandler.js:111:31)
    at CommitListenerSession.notifyListener (/home/dhanish/fabric_sfc/caliper-bench/node_modules/fabric-network/lib/impl/event/commitlistenersession.js:101:18)
    at EventListener.callback (/home/dhanish/fabric_sfc/caliper-bench/node_modules/fabric-network/lib/impl/event/commitlistenersession.js:92:18)
    at EventListener.onEvent (/home/dhanish/fabric_sfc/caliper-bench/node_modules/fabric-common/lib/EventListener.js:124:10)
    at EventService._callTransactionListener (/home/dhanish/fabric_sfc/caliper-bench/node_modules/fabric-common/lib/EventService.js:1051:16)
    at EventService._processTxEvents (/home/dhanish/fabric_sfc/caliper-bench/node_modules/fabric-common/lib/EventService.js:1006:12)
    at ClientDuplexStreamImpl.<anonymous> (/home/dhanish/fabric_sfc/caliper-bench/node_modules/fabric-common/lib/EventService.js:481:12)
    at ClientDuplexStreamImpl.emit (node:events:517:28)
    at addChunk (node:internal/streams/readable:368:12)
    at readableAddChunk (node:internal/streams/readable:341:9)
2026.08.11-09:20:07.726[31m error[39m [caliper] [connectors/v2/FabricGateway] 	Failed to perform submit transaction [setFinancePolicyForFinancier] using arguments [,{"minAPR":0.08,"maxAPR":0.24,"baseAPR":0.14,"minTenorDays":7,"maxTenorDays":45,"tenor":21,"minLtvPct":55,"maxLtvPct":85,"ltv":72,"penaltyBasePct":0.4}],  with error: TransactionError: Commit of transaction 27a380ee3d022a011d9191376abd5ea1508fcaa93cc1790be3a722565c604ff4 failed on peer peer0.financiers.example.com:7051 with status MVCC_READ_CONFLICT
    at TransactionEventHandler.eventCallback (/home/dhanish/fabric_sfc/caliper-bench/node_modules/fabric-network/lib/impl/event/transactioneventhandler.js:111:31)
    at CommitListenerSession.notifyListener (/home/dhanish/fabric_sfc/caliper-bench/node_modules/fabric-network/lib/impl/event/commitlistenersession.js:101:18)
    at EventListener.callback (/home/dhanish/fabric_sfc/caliper-bench/node_modules/fabric-network/lib/impl/event/commitlistenersession.js:92:18)
    at EventListener.onEvent (/home/dhanish/fabric_sfc/caliper-bench/node_modules/fabric-common/lib/EventListener.js:124:10)
    at EventService._callTransactionListener (/home/dhanish/fabric_sfc/caliper-bench/node_modules/fabric-common/lib/EventService.js:1051:16)
    at EventService._processTxEvents (/home/dhanish/fabric_sfc/caliper-bench/node_modules/fabric-common/lib/EventService.js:1006:12)
    at ClientDuplexStreamImpl.<anonymous> (/home/dhanish/fabric_sfc/caliper-bench/node_modules/fabric-common/lib/EventService.js:481:12)
    at ClientDuplexStreamImpl.emit (node:events:517:28)
    at addChunk (node:internal/streams/readable:368:12)
    at readableAddChunk (node:internal/streams/readable:341:9)
2026-08-11T09:20:07.756Z - [33mwarn[39m: [TransactionEventHandler]: strategyFail: commit failure for transaction "1a9091ab04cf15406a2a20d81de19aa30df26ea7216ff20a65f80fb41c289bd5": TransactionError: Commit of transaction 1a9091ab04cf15406a2a20d81de19aa30df26ea7216ff20a65f80fb41c289bd5 failed on peer peer0.financiers.example.com:7051 with status MVCC_READ_CONFLICT
    at TransactionEventHandler.eventCallback (/home/dhanish/fabric_sfc/caliper-bench/node_modules/fabric-network/lib/impl/event/transactioneventhandler.js:111:31)
    at CommitListenerSession.notifyListener (/home/dhanish/fabric_sfc/caliper-bench/node_modules/fabric-network/lib/impl/event/commitlistenersession.js:101:18)
    at EventListener.callback (/home/dhanish/fabric_sfc/caliper-bench/node_modules/fabric-network/lib/impl/event/commitlistenersession.js:92:18)
    at EventListener.onEvent (/home/dhanish/fabric_sfc/caliper-bench/node_modules/fabric-common/lib/EventListener.js:124:10)
    at EventService._callTransactionListener (/home/dhanish/fabric_sfc/caliper-bench/node_modules/fabric-common/lib/EventService.js:1051:16)
    at EventService._processTxEvents (/home/dhanish/fabric_sfc/caliper-bench/node_modules/fabric-common/lib/EventService.js:1006:12)
    at ClientDuplexStreamImpl.<anonymous> (/home/dhanish/fabric_sfc/caliper-bench/node_modules/fabric-common/lib/EventService.js:481:12)
    at ClientDuplexStreamImpl.emit (node:events:517:28)
    at addChunk (node:internal/streams/readable:368:12)
    at readableAddChunk (node:internal/streams/readable:341:9) {
  transactionId: '1a9091ab04cf15406a2a20d81de19aa30df26ea7216ff20a65f80fb41c289bd5',
  transactionCode: 'MVCC_READ_CONFLICT'
}
2026-08-11T09:20:07.757Z - [33mwarn[39m: [TransactionEventHandler]: strategyFail: commit failure for transaction "4165dd5d5a7ad7ca54299c9442d4a91f1edc980ae3c4bf261319294f4193c22d": TransactionError: Commit of transaction 4165dd5d5a7ad7ca54299c9442d4a91f1edc980ae3c4bf261319294f4193c22d failed on peer peer0.financiers.example.com:7051 with status MVCC_READ_CONFLICT
    at TransactionEventHandler.eventCallback (/home/dhanish/fabric_sfc/caliper-bench/node_modules/fabric-network/lib/impl/event/transactioneventhandler.js:111:31)
    at CommitListenerSession.notifyListener (/home/dhanish/fabric_sfc/caliper-bench/node_modules/fabric-network/lib/impl/event/commitlistenersession.js:101:18)
    at EventListener.callback (/home/dhanish/fabric_sfc/caliper-bench/node_modules/fabric-network/lib/impl/event/commitlistenersession.js:92:18)
    at EventListener.onEvent (/home/dhanish/fabric_sfc/caliper-bench/node_modules/fabric-common/lib/EventListener.js:124:10)
    at EventService._callTransactionListener (/home/dhanish/fabric_sfc/caliper-bench/node_modules/fabric-common/lib/EventService.js:1051:16)
    at EventService._processTxEvents (/home/dhanish/fabric_sfc/caliper-bench/node_modules/fabric-common/lib/EventService.js:1006:12)
    at ClientDuplexStreamImpl.<anonymous> (/home/dhanish/fabric_sfc/caliper-bench/node_modules/fabric-common/lib/EventService.js:481:12)
    at ClientDuplexStreamImpl.emit (node:events:517:28)
    at addChunk (node:internal/streams/readable:368:12)
    at readableAddChunk (node:internal/streams/readable:341:9) {
  transactionId: '4165dd5d5a7ad7ca54299c9442d4a91f1edc980ae3c4bf261319294f4193c22d',
  transactionCode: 'MVCC_READ_CONFLICT'
}
2026.08.11-09:20:07.758[31m error[39m [caliper] [connectors/v2/FabricGateway] 	Failed to perform submit transaction [setFinancePolicyForFinancier] using arguments [,{"minAPR":0.08,"maxAPR":0.24,"baseAPR":0.14,"minTenorDays":7,"maxTenorDays":45,"tenor":21,"minLtvPct":55,"maxLtvPct":85,"ltv":72,"penaltyBasePct":0.4}],  with error: TransactionError: Commit of transaction 1a9091ab04cf15406a2a20d81de19aa30df26ea7216ff20a65f80fb41c289bd5 failed on peer peer0.financiers.example.com:7051 with status MVCC_READ_CONFLICT
    at TransactionEventHandler.eventCallback (/home/dhanish/fabric_sfc/caliper-bench/node_modules/fabric-network/lib/impl/event/transactioneventhandler.js:111:31)
    at CommitListenerSession.notifyListener (/home/dhanish/fabric_sfc/caliper-bench/node_modules/fabric-network/lib/impl/event/commitlistenersession.js:101:18)
    at EventListener.callback (/home/dhanish/fabric_sfc/caliper-bench/node_modules/fabric-network/lib/impl/event/commitlistenersession.js:92:18)
    at EventListener.onEvent (/home/dhanish/fabric_sfc/caliper-bench/node_modules/fabric-common/lib/EventListener.js:124:10)
    at EventService._callTransactionListener (/home/dhanish/fabric_sfc/caliper-bench/node_modules/fabric-common/lib/EventService.js:1051:16)
    at EventService._processTxEvents (/home/dhanish/fabric_sfc/caliper-bench/node_modules/fabric-common/lib/EventService.js:1006:12)
    at ClientDuplexStreamImpl.<anonymous> (/home/dhanish/fabric_sfc/caliper-bench/node_modules/fabric-common/lib/EventService.js:481:12)
    at ClientDuplexStreamImpl.emit (node:events:517:28)
    at addChunk (node:internal/streams/readable:368:12)
    at readableAddChunk (node:internal/streams/readable:341:9)
2026.08.11-09:20:07.758[31m error[39m [caliper] [connectors/v2/FabricGateway] 	Failed to perform submit transaction [setFinancePolicyForFinancier] using arguments [,{"minAPR":0.08,"maxAPR":0.24,"baseAPR":0.14,"minTenorDays":7,"maxTenorDays":45,"tenor":21,"minLtvPct":55,"maxLtvPct":85,"ltv":72,"penaltyBasePct":0.4}],  with error: TransactionError: Commit of transaction 4165dd5d5a7ad7ca54299c9442d4a91f1edc980ae3c4bf261319294f4193c22d failed on peer peer0.financiers.example.com:7051 with status MVCC_READ_CONFLICT
    at TransactionEventHandler.eventCallback (/home/dhanish/fabric_sfc/caliper-bench/node_modules/fabric-network/lib/impl/event/transactioneventhandler.js:111:31)
    at CommitListenerSession.notifyListener (/home/dhanish/fabric_sfc/caliper-bench/node_modules/fabric-network/lib/impl/event/commitlistenersession.js:101:18)
    at EventListener.callback (/home/dhanish/fabric_sfc/caliper-bench/node_modules/fabric-network/lib/impl/event/commitlistenersession.js:92:18)
    at EventListener.onEvent (/home/dhanish/fabric_sfc/caliper-bench/node_modules/fabric-common/lib/EventListener.js:124:10)
    at EventService._callTransactionListener (/home/dhanish/fabric_sfc/caliper-bench/node_modules/fabric-common/lib/EventService.js:1051:16)
    at EventService._processTxEvents (/home/dhanish/fabric_sfc/caliper-bench/node_modules/fabric-common/lib/EventService.js:1006:12)
    at ClientDuplexStreamImpl.<anonymous> (/home/dhanish/fabric_sfc/caliper-bench/node_modules/fabric-common/lib/EventService.js:481:12)
    at ClientDuplexStreamImpl.emit (node:events:517:28)
    at addChunk (node:internal/streams/readable:368:12)
    at readableAddChunk (node:internal/streams/readable:341:9)
2026-08-11T09:20:07.762Z - [33mwarn[39m: [TransactionEventHandler]: strategyFail: commit failure for transaction "cc59897c575e7c46ad095a17b241a9c5da13dc2919d7aa8b43bdbd87254c5b02": TransactionError: Commit of transaction cc59897c575e7c46ad095a17b241a9c5da13dc2919d7aa8b43bdbd87254c5b02 failed on peer peer0.financiers.example.com:7051 with status MVCC_READ_CONFLICT
    at TransactionEventHandler.eventCallback (/home/dhanish/fabric_sfc/caliper-bench/node_modules/fabric-network/lib/impl/event/transactioneventhandler.js:111:31)
    at CommitListenerSession.notifyListener (/home/dhanish/fabric_sfc/caliper-bench/node_modules/fabric-network/lib/impl/event/commitlistenersession.js:101:18)
    at EventListener.callback (/home/dhanish/fabric_sfc/caliper-bench/node_modules/fabric-network/lib/impl/event/commitlistenersession.js:92:18)
    at EventListener.onEvent (/home/dhanish/fabric_sfc/caliper-bench/node_modules/fabric-common/lib/EventListener.js:124:10)
    at EventService._callTransactionListener (/home/dhanish/fabric_sfc/caliper-bench/node_modules/fabric-common/lib/EventService.js:1051:16)
    at EventService._processTxEvents (/home/dhanish/fabric_sfc/caliper-bench/node_modules/fabric-common/lib/EventService.js:1006:12)
    at ClientDuplexStreamImpl.<anonymous> (/home/dhanish/fabric_sfc/caliper-bench/node_modules/fabric-common/lib/EventService.js:481:12)
    at ClientDuplexStreamImpl.emit (node:events:517:28)
    at addChunk (node:internal/streams/readable:368:12)
    at readableAddChunk (node:internal/streams/readable:341:9) {
  transactionId: 'cc59897c575e7c46ad095a17b241a9c5da13dc2919d7aa8b43bdbd87254c5b02',
  transactionCode: 'MVCC_READ_CONFLICT'
}
2026-08-11T09:20:07.763Z - [33mwarn[39m: [TransactionEventHandler]: strategyFail: commit failure for transaction "b3dc10960cf134da39fb1e83574f0aeda8305e7a48b30350ae7f780abf2a68bc": TransactionError: Commit of transaction b3dc10960cf134da39fb1e83574f0aeda8305e7a48b30350ae7f780abf2a68bc failed on peer peer0.financiers.example.com:7051 with status MVCC_READ_CONFLICT
    at TransactionEventHandler.eventCallback (/home/dhanish/fabric_sfc/caliper-bench/node_modules/fabric-network/lib/impl/event/transactioneventhandler.js:111:31)
    at CommitListenerSession.notifyListener (/home/dhanish/fabric_sfc/caliper-bench/node_modules/fabric-network/lib/impl/event/commitlistenersession.js:101:18)
    at EventListener.callback (/home/dhanish/fabric_sfc/caliper-bench/node_modules/fabric-network/lib/impl/event/commitlistenersession.js:92:18)
    at EventListener.onEvent (/home/dhanish/fabric_sfc/caliper-bench/node_modules/fabric-common/lib/EventListener.js:124:10)
    at EventService._callTransactionListener (/home/dhanish/fabric_sfc/caliper-bench/node_modules/fabric-common/lib/EventService.js:1051:16)
    at EventService._processTxEvents (/home/dhanish/fabric_sfc/caliper-bench/node_modules/fabric-common/lib/EventService.js:1006:12)
    at ClientDuplexStreamImpl.<anonymous> (/home/dhanish/fabric_sfc/caliper-bench/node_modules/fabric-common/lib/EventService.js:481:12)
    at ClientDuplexStreamImpl.emit (node:events:517:28)
    at addChunk (node:internal/streams/readable:368:12)
    at readableAddChunk (node:internal/streams/readable:341:9) {
  transactionId: 'b3dc10960cf134da39fb1e83574f0aeda8305e7a48b30350ae7f780abf2a68bc',
  transactionCode: 'MVCC_READ_CONFLICT'
}
2026-08-11T09:20:07.765Z - [33mwarn[39m: [TransactionEventHandler]: strategyFail: commit failure for transaction "ffc230d321ff2adaf026b3c2508568b61e513e761de283bb523810d9641a915f": TransactionError: Commit of transaction ffc230d321ff2adaf026b3c2508568b61e513e761de283bb523810d9641a915f failed on peer peer0.financiers.example.com:7051 with status MVCC_READ_CONFLICT
    at TransactionEventHandler.eventCallback (/home/dhanish/fabric_sfc/caliper-bench/node_modules/fabric-network/lib/impl/event/transactioneventhandler.js:111:31)
    at CommitListenerSession.notifyListener (/home/dhanish/fabric_sfc/caliper-bench/node_modules/fabric-network/lib/impl/event/commitlistenersession.js:101:18)
    at EventListener.callback (/home/dhanish/fabric_sfc/caliper-bench/node_modules/fabric-network/lib/impl/event/commitlistenersession.js:92:18)
    at EventListener.onEvent (/home/dhanish/fabric_sfc/caliper-bench/node_modules/fabric-common/lib/EventListener.js:124:10)
    at EventService._callTransactionListener (/home/dhanish/fabric_sfc/caliper-bench/node_modules/fabric-common/lib/EventService.js:1051:16)
    at EventService._processTxEvents (/home/dhanish/fabric_sfc/caliper-bench/node_modules/fabric-common/lib/EventService.js:1006:12)
    at ClientDuplexStreamImpl.<anonymous> (/home/dhanish/fabric_sfc/caliper-bench/node_modules/fabric-common/lib/EventService.js:481:12)
    at ClientDuplexStreamImpl.emit (node:events:517:28)
    at addChunk (node:internal/streams/readable:368:12)
    at readableAddChunk (node:internal/streams/readable:341:9) {
  transactionId: 'ffc230d321ff2adaf026b3c2508568b61e513e761de283bb523810d9641a915f',
  transactionCode: 'MVCC_READ_CONFLICT'
}
2026-08-11T09:20:07.766Z - [33mwarn[39m: [TransactionEventHandler]: strategyFail: commit failure for transaction "6702013de28fbfd520ee897d3c057d5bcfbaf16c20c2e8add1af73d52e402bf9": TransactionError: Commit of transaction 6702013de28fbfd520ee897d3c057d5bcfbaf16c20c2e8add1af73d52e402bf9 failed on peer peer0.financiers.example.com:7051 with status MVCC_READ_CONFLICT
    at TransactionEventHandler.eventCallback (/home/dhanish/fabric_sfc/caliper-bench/node_modules/fabric-network/lib/impl/event/transactioneventhandler.js:111:31)
    at CommitListenerSession.notifyListener (/home/dhanish/fabric_sfc/caliper-bench/node_modules/fabric-network/lib/impl/event/commitlistenersession.js:101:18)
    at EventListener.callback (/home/dhanish/fabric_sfc/caliper-bench/node_modules/fabric-network/lib/impl/event/commitlistenersession.js:92:18)
    at EventListener.onEvent (/home/dhanish/fabric_sfc/caliper-bench/node_modules/fabric-common/lib/EventListener.js:124:10)
    at EventService._callTransactionListener (/home/dhanish/fabric_sfc/caliper-bench/node_modules/fabric-common/lib/EventService.js:1051:16)
    at EventService._processTxEvents (/home/dhanish/fabric_sfc/caliper-bench/node_modules/fabric-common/lib/EventService.js:1006:12)
    at ClientDuplexStreamImpl.<anonymous> (/home/dhanish/fabric_sfc/caliper-bench/node_modules/fabric-common/lib/EventService.js:481:12)
    at ClientDuplexStreamImpl.emit (node:events:517:28)
    at addChunk (node:internal/streams/readable:368:12)
    at readableAddChunk (node:internal/streams/readable:341:9) {
  transactionId: '6702013de28fbfd520ee897d3c057d5bcfbaf16c20c2e8add1af73d52e402bf9',
  transactionCode: 'MVCC_READ_CONFLICT'
}
2026-08-11T09:20:07.765Z - [33mwarn[39m: [TransactionEventHandler]: strategyFail: commit failure for transaction "ec75242edab0a2842a94a446c4fa53d6c42de1dfe1c3065add295ea4e26a3c93": TransactionError: Commit of transaction ec75242edab0a2842a94a446c4fa53d6c42de1dfe1c3065add295ea4e26a3c93 failed on peer peer0.financiers.example.com:7051 with status MVCC_READ_CONFLICT
    at TransactionEventHandler.eventCallback (/home/dhanish/fabric_sfc/caliper-bench/node_modules/fabric-network/lib/impl/event/transactioneventhandler.js:111:31)
    at CommitListenerSession.notifyListener (/home/dhanish/fabric_sfc/caliper-bench/node_modules/fabric-network/lib/impl/event/commitlistenersession.js:101:18)
    at EventListener.callback (/home/dhanish/fabric_sfc/caliper-bench/node_modules/fabric-network/lib/impl/event/commitlistenersession.js:92:18)
    at EventListener.onEvent (/home/dhanish/fabric_sfc/caliper-bench/node_modules/fabric-common/lib/EventListener.js:124:10)
    at EventService._callTransactionListener (/home/dhanish/fabric_sfc/caliper-bench/node_modules/fabric-common/lib/EventService.js:1051:16)
    at EventService._processTxEvents (/home/dhanish/fabric_sfc/caliper-bench/node_modules/fabric-common/lib/EventService.js:1006:12)
    at ClientDuplexStreamImpl.<anonymous> (/home/dhanish/fabric_sfc/caliper-bench/node_modules/fabric-common/lib/EventService.js:481:12)
    at ClientDuplexStreamImpl.emit (node:events:517:28)
    at addChunk (node:internal/streams/readable:368:12)
    at readableAddChunk (node:internal/streams/readable:341:9) {
  transactionId: 'ec75242edab0a2842a94a446c4fa53d6c42de1dfe1c3065add295ea4e26a3c93',
  transactionCode: 'MVCC_READ_CONFLICT'
}
2026.08.11-09:20:07.766[31m error[39m [caliper] [connectors/v2/FabricGateway] 	Failed to perform submit transaction [setFinancePolicyForFinancier] using arguments [,{"minAPR":0.08,"maxAPR":0.24,"baseAPR":0.14,"minTenorDays":7,"maxTenorDays":45,"tenor":21,"minLtvPct":55,"maxLtvPct":85,"ltv":72,"penaltyBasePct":0.4}],  with error: TransactionError: Commit of transaction ffc230d321ff2adaf026b3c2508568b61e513e761de283bb523810d9641a915f failed on peer peer0.financiers.example.com:7051 with status MVCC_READ_CONFLICT
    at TransactionEventHandler.eventCallback (/home/dhanish/fabric_sfc/caliper-bench/node_modules/fabric-network/lib/impl/event/transactioneventhandler.js:111:31)
    at CommitListenerSession.notifyListener (/home/dhanish/fabric_sfc/caliper-bench/node_modules/fabric-network/lib/impl/event/commitlistenersession.js:101:18)
    at EventListener.callback (/home/dhanish/fabric_sfc/caliper-bench/node_modules/fabric-network/lib/impl/event/commitlistenersession.js:92:18)
    at EventListener.onEvent (/home/dhanish/fabric_sfc/caliper-bench/node_modules/fabric-common/lib/EventListener.js:124:10)
    at EventService._callTransactionListener (/home/dhanish/fabric_sfc/caliper-bench/node_modules/fabric-common/lib/EventService.js:1051:16)
    at EventService._processTxEvents (/home/dhanish/fabric_sfc/caliper-bench/node_modules/fabric-common/lib/EventService.js:1006:12)
    at ClientDuplexStreamImpl.<anonymous> (/home/dhanish/fabric_sfc/caliper-bench/node_modules/fabric-common/lib/EventService.js:481:12)
    at ClientDuplexStreamImpl.emit (node:events:517:28)
    at addChunk (node:internal/streams/readable:368:12)
    at readableAddChunk (node:internal/streams/readable:341:9)
2026.08.11-09:20:07.766[31m error[39m [caliper] [connectors/v2/FabricGateway] 	Failed to perform submit transaction [setFinancePolicyForFinancier] using arguments [,{"minAPR":0.08,"maxAPR":0.24,"baseAPR":0.14,"minTenorDays":7,"maxTenorDays":45,"tenor":21,"minLtvPct":55,"maxLtvPct":85,"ltv":72,"penaltyBasePct":0.4}],  with error: TransactionError: Commit of transaction 6702013de28fbfd520ee897d3c057d5bcfbaf16c20c2e8add1af73d52e402bf9 failed on peer peer0.financiers.example.com:7051 with status MVCC_READ_CONFLICT
    at TransactionEventHandler.eventCallback (/home/dhanish/fabric_sfc/caliper-bench/node_modules/fabric-network/lib/impl/event/transactioneventhandler.js:111:31)
    at CommitListenerSession.notifyListener (/home/dhanish/fabric_sfc/caliper-bench/node_modules/fabric-network/lib/impl/event/commitlistenersession.js:101:18)
    at EventListener.callback (/home/dhanish/fabric_sfc/caliper-bench/node_modules/fabric-network/lib/impl/event/commitlistenersession.js:92:18)
    at EventListener.onEvent (/home/dhanish/fabric_sfc/caliper-bench/node_modules/fabric-common/lib/EventListener.js:124:10)
    at EventService._callTransactionListener (/home/dhanish/fabric_sfc/caliper-bench/node_modules/fabric-common/lib/EventService.js:1051:16)
    at EventService._processTxEvents (/home/dhanish/fabric_sfc/caliper-bench/node_modules/fabric-common/lib/EventService.js:1006:12)
    at ClientDuplexStreamImpl.<anonymous> (/home/dhanish/fabric_sfc/caliper-bench/node_modules/fabric-common/lib/EventService.js:481:12)
    at ClientDuplexStreamImpl.emit (node:events:517:28)
    at addChunk (node:internal/streams/readable:368:12)
    at readableAddChunk (node:internal/streams/readable:341:9)
2026.08.11-09:20:07.767[31m error[39m [caliper] [connectors/v2/FabricGateway] 	Failed to perform submit transaction [setFinancePolicyForFinancier] using arguments [,{"minAPR":0.08,"maxAPR":0.24,"baseAPR":0.14,"minTenorDays":7,"maxTenorDays":45,"tenor":21,"minLtvPct":55,"maxLtvPct":85,"ltv":72,"penaltyBasePct":0.4}],  with error: TransactionError: Commit of transaction cc59897c575e7c46ad095a17b241a9c5da13dc2919d7aa8b43bdbd87254c5b02 failed on peer peer0.financiers.example.com:7051 with status MVCC_READ_CONFLICT
    at TransactionEventHandler.eventCallback (/home/dhanish/fabric_sfc/caliper-bench/node_modules/fabric-network/lib/impl/event/transactioneventhandler.js:111:31)
    at CommitListenerSession.notifyListener (/home/dhanish/fabric_sfc/caliper-bench/node_modules/fabric-network/lib/impl/event/commitlistenersession.js:101:18)
    at EventListener.callback (/home/dhanish/fabric_sfc/caliper-bench/node_modules/fabric-network/lib/impl/event/commitlistenersession.js:92:18)
    at EventListener.onEvent (/home/dhanish/fabric_sfc/caliper-bench/node_modules/fabric-common/lib/EventListener.js:124:10)
    at EventService._callTransactionListener (/home/dhanish/fabric_sfc/caliper-bench/node_modules/fabric-common/lib/EventService.js:1051:16)
    at EventService._processTxEvents (/home/dhanish/fabric_sfc/caliper-bench/node_modules/fabric-common/lib/EventService.js:1006:12)
    at ClientDuplexStreamImpl.<anonymous> (/home/dhanish/fabric_sfc/caliper-bench/node_modules/fabric-common/lib/EventService.js:481:12)
    at ClientDuplexStreamImpl.emit (node:events:517:28)
    at addChunk (node:internal/streams/readable:368:12)
    at readableAddChunk (node:internal/streams/readable:341:9)
2026.08.11-09:20:07.767[31m error[39m [caliper] [connectors/v2/FabricGateway] 	Failed to perform submit transaction [setFinancePolicyForFinancier] using arguments [,{"minAPR":0.08,"maxAPR":0.24,"baseAPR":0.14,"minTenorDays":7,"maxTenorDays":45,"tenor":21,"minLtvPct":55,"maxLtvPct":85,"ltv":72,"penaltyBasePct":0.4}],  with error: TransactionError: Commit of transaction b3dc10960cf134da39fb1e83574f0aeda8305e7a48b30350ae7f780abf2a68bc failed on peer peer0.financiers.example.com:7051 with status MVCC_READ_CONFLICT
    at TransactionEventHandler.eventCallback (/home/dhanish/fabric_sfc/caliper-bench/node_modules/fabric-network/lib/impl/event/transactioneventhandler.js:111:31)
    at CommitListenerSession.notifyListener (/home/dhanish/fabric_sfc/caliper-bench/node_modules/fabric-network/lib/impl/event/commitlistenersession.js:101:18)
    at EventListener.callback (/home/dhanish/fabric_sfc/caliper-bench/node_modules/fabric-network/lib/impl/event/commitlistenersession.js:92:18)
    at EventListener.onEvent (/home/dhanish/fabric_sfc/caliper-bench/node_modules/fabric-common/lib/EventListener.js:124:10)
    at EventService._callTransactionListener (/home/dhanish/fabric_sfc/caliper-bench/node_modules/fabric-common/lib/EventService.js:1051:16)
    at EventService._processTxEvents (/home/dhanish/fabric_sfc/caliper-bench/node_modules/fabric-common/lib/EventService.js:1006:12)
    at ClientDuplexStreamImpl.<anonymous> (/home/dhanish/fabric_sfc/caliper-bench/node_modules/fabric-common/lib/EventService.js:481:12)
    at ClientDuplexStreamImpl.emit (node:events:517:28)
    at addChunk (node:internal/streams/readable:368:12)
    at readableAddChunk (node:internal/streams/readable:341:9)
2026.08.11-09:20:07.767[31m error[39m [caliper] [connectors/v2/FabricGateway] 	Failed to perform submit transaction [setFinancePolicyForFinancier] using arguments [,{"minAPR":0.08,"maxAPR":0.24,"baseAPR":0.14,"minTenorDays":7,"maxTenorDays":45,"tenor":21,"minLtvPct":55,"maxLtvPct":85,"ltv":72,"penaltyBasePct":0.4}],  with error: TransactionError: Commit of transaction ec75242edab0a2842a94a446c4fa53d6c42de1dfe1c3065add295ea4e26a3c93 failed on peer peer0.financiers.example.com:7051 with status MVCC_READ_CONFLICT
    at TransactionEventHandler.eventCallback (/home/dhanish/fabric_sfc/caliper-bench/node_modules/fabric-network/lib/impl/event/transactioneventhandler.js:111:31)
    at CommitListenerSession.notifyListener (/home/dhanish/fabric_sfc/caliper-bench/node_modules/fabric-network/lib/impl/event/commitlistenersession.js:101:18)
    at EventListener.callback (/home/dhanish/fabric_sfc/caliper-bench/node_modules/fabric-network/lib/impl/event/commitlistenersession.js:92:18)
    at EventListener.onEvent (/home/dhanish/fabric_sfc/caliper-bench/node_modules/fabric-common/lib/EventListener.js:124:10)
    at EventService._callTransactionListener (/home/dhanish/fabric_sfc/caliper-bench/node_modules/fabric-common/lib/EventService.js:1051:16)
    at EventService._processTxEvents (/home/dhanish/fabric_sfc/caliper-bench/node_modules/fabric-common/lib/EventService.js:1006:12)
    at ClientDuplexStreamImpl.<anonymous> (/home/dhanish/fabric_sfc/caliper-bench/node_modules/fabric-common/lib/EventService.js:481:12)
    at ClientDuplexStreamImpl.emit (node:events:517:28)
    at addChunk (node:internal/streams/readable:368:12)
    at readableAddChunk (node:internal/streams/readable:341:9)
2026-08-11T09:20:07.776Z - [33mwarn[39m: [TransactionEventHandler]: strategyFail: commit failure for transaction "dac6b23ef935839f204036c6a9b530fb0858a2307496e6622665d7f5488ceba7": TransactionError: Commit of transaction dac6b23ef935839f204036c6a9b530fb0858a2307496e6622665d7f5488ceba7 failed on peer peer0.financiers.example.com:7051 with status MVCC_READ_CONFLICT
    at TransactionEventHandler.eventCallback (/home/dhanish/fabric_sfc/caliper-bench/node_modules/fabric-network/lib/impl/event/transactioneventhandler.js:111:31)
    at CommitListenerSession.notifyListener (/home/dhanish/fabric_sfc/caliper-bench/node_modules/fabric-network/lib/impl/event/commitlistenersession.js:101:18)
    at EventListener.callback (/home/dhanish/fabric_sfc/caliper-bench/node_modules/fabric-network/lib/impl/event/commitlistenersession.js:92:18)
    at EventListener.onEvent (/home/dhanish/fabric_sfc/caliper-bench/node_modules/fabric-common/lib/EventListener.js:124:10)
    at EventService._callTransactionListener (/home/dhanish/fabric_sfc/caliper-bench/node_modules/fabric-common/lib/EventService.js:1051:16)
    at EventService._processTxEvents (/home/dhanish/fabric_sfc/caliper-bench/node_modules/fabric-common/lib/EventService.js:1006:12)
    at ClientDuplexStreamImpl.<anonymous> (/home/dhanish/fabric_sfc/caliper-bench/node_modules/fabric-common/lib/EventService.js:481:12)
    at ClientDuplexStreamImpl.emit (node:events:517:28)
    at addChunk (node:internal/streams/readable:368:12)
    at readableAddChunk (node:internal/streams/readable:341:9) {
  transactionId: 'dac6b23ef935839f204036c6a9b530fb0858a2307496e6622665d7f5488ceba7',
  transactionCode: 'MVCC_READ_CONFLICT'
}
2026-08-11T09:20:07.778Z - [33mwarn[39m: [TransactionEventHandler]: strategyFail: commit failure for transaction "53db739ce781c40fea9c8421d6d0133175c116a861032924485a90d4d6527000": TransactionError: Commit of transaction 53db739ce781c40fea9c8421d6d0133175c116a861032924485a90d4d6527000 failed on peer peer0.financiers.example.com:7051 with status MVCC_READ_CONFLICT
    at TransactionEventHandler.eventCallback (/home/dhanish/fabric_sfc/caliper-bench/node_modules/fabric-network/lib/impl/event/transactioneventhandler.js:111:31)
    at CommitListenerSession.notifyListener (/home/dhanish/fabric_sfc/caliper-bench/node_modules/fabric-network/lib/impl/event/commitlistenersession.js:101:18)
    at EventListener.callback (/home/dhanish/fabric_sfc/caliper-bench/node_modules/fabric-network/lib/impl/event/commitlistenersession.js:92:18)
    at EventListener.onEvent (/home/dhanish/fabric_sfc/caliper-bench/node_modules/fabric-common/lib/EventListener.js:124:10)
    at EventService._callTransactionListener (/home/dhanish/fabric_sfc/caliper-bench/node_modules/fabric-common/lib/EventService.js:1051:16)
    at EventService._processTxEvents (/home/dhanish/fabric_sfc/caliper-bench/node_modules/fabric-common/lib/EventService.js:1006:12)
    at ClientDuplexStreamImpl.<anonymous> (/home/dhanish/fabric_sfc/caliper-bench/node_modules/fabric-common/lib/EventService.js:481:12)
    at ClientDuplexStreamImpl.emit (node:events:517:28)
    at addChunk (node:internal/streams/readable:368:12)
    at readableAddChunk (node:internal/streams/readable:341:9) {
  transactionId: '53db739ce781c40fea9c8421d6d0133175c116a861032924485a90d4d6527000',
  transactionCode: 'MVCC_READ_CONFLICT'
}
2026.08.11-09:20:07.779[31m error[39m [caliper] [connectors/v2/FabricGateway] 	Failed to perform submit transaction [setFinancePolicyForFinancier] using arguments [,{"minAPR":0.08,"maxAPR":0.24,"baseAPR":0.14,"minTenorDays":7,"maxTenorDays":45,"tenor":21,"minLtvPct":55,"maxLtvPct":85,"ltv":72,"penaltyBasePct":0.4}],  with error: TransactionError: Commit of transaction dac6b23ef935839f204036c6a9b530fb0858a2307496e6622665d7f5488ceba7 failed on peer peer0.financiers.example.com:7051 with status MVCC_READ_CONFLICT
    at TransactionEventHandler.eventCallback (/home/dhanish/fabric_sfc/caliper-bench/node_modules/fabric-network/lib/impl/event/transactioneventhandler.js:111:31)
    at CommitListenerSession.notifyListener (/home/dhanish/fabric_sfc/caliper-bench/node_modules/fabric-network/lib/impl/event/commitlistenersession.js:101:18)
    at EventListener.callback (/home/dhanish/fabric_sfc/caliper-bench/node_modules/fabric-network/lib/impl/event/commitlistenersession.js:92:18)
    at EventListener.onEvent (/home/dhanish/fabric_sfc/caliper-bench/node_modules/fabric-common/lib/EventListener.js:124:10)
    at EventService._callTransactionListener (/home/dhanish/fabric_sfc/caliper-bench/node_modules/fabric-common/lib/EventService.js:1051:16)
    at EventService._processTxEvents (/home/dhanish/fabric_sfc/caliper-bench/node_modules/fabric-common/lib/EventService.js:1006:12)
    at ClientDuplexStreamImpl.<anonymous> (/home/dhanish/fabric_sfc/caliper-bench/node_modules/fabric-common/lib/EventService.js:481:12)
    at ClientDuplexStreamImpl.emit (node:events:517:28)
    at addChunk (node:internal/streams/readable:368:12)
    at readableAddChunk (node:internal/streams/readable:341:9)
2026.08.11-09:20:07.779[31m error[39m [caliper] [connectors/v2/FabricGateway] 	Failed to perform submit transaction [setFinancePolicyForFinancier] using arguments [,{"minAPR":0.08,"maxAPR":0.24,"baseAPR":0.14,"minTenorDays":7,"maxTenorDays":45,"tenor":21,"minLtvPct":55,"maxLtvPct":85,"ltv":72,"penaltyBasePct":0.4}],  with error: TransactionError: Commit of transaction 53db739ce781c40fea9c8421d6d0133175c116a861032924485a90d4d6527000 failed on peer peer0.financiers.example.com:7051 with status MVCC_READ_CONFLICT
    at TransactionEventHandler.eventCallback (/home/dhanish/fabric_sfc/caliper-bench/node_modules/fabric-network/lib/impl/event/transactioneventhandler.js:111:31)
    at CommitListenerSession.notifyListener (/home/dhanish/fabric_sfc/caliper-bench/node_modules/fabric-network/lib/impl/event/commitlistenersession.js:101:18)
    at EventListener.callback (/home/dhanish/fabric_sfc/caliper-bench/node_modules/fabric-network/lib/impl/event/commitlistenersession.js:92:18)
    at EventListener.onEvent (/home/dhanish/fabric_sfc/caliper-bench/node_modules/fabric-common/lib/EventListener.js:124:10)
    at EventService._callTransactionListener (/home/dhanish/fabric_sfc/caliper-bench/node_modules/fabric-common/lib/EventService.js:1051:16)
    at EventService._processTxEvents (/home/dhanish/fabric_sfc/caliper-bench/node_modules/fabric-common/lib/EventService.js:1006:12)
    at ClientDuplexStreamImpl.<anonymous> (/home/dhanish/fabric_sfc/caliper-bench/node_modules/fabric-common/lib/EventService.js:481:12)
    at ClientDuplexStreamImpl.emit (node:events:517:28)
    at addChunk (node:internal/streams/readable:368:12)
    at readableAddChunk (node:internal/streams/readable:341:9)
2026-08-11T09:20:07.792Z - [33mwarn[39m: [TransactionEventHandler]: strategyFail: commit failure for transaction "3a1ed0f30f4f317db45d521fe5740170b06cbd5ebabce77d0cc725d2c14fd4ee": TransactionError: Commit of transaction 3a1ed0f30f4f317db45d521fe5740170b06cbd5ebabce77d0cc725d2c14fd4ee failed on peer peer0.financiers.example.com:7051 with status MVCC_READ_CONFLICT
    at TransactionEventHandler.eventCallback (/home/dhanish/fabric_sfc/caliper-bench/node_modules/fabric-network/lib/impl/event/transactioneventhandler.js:111:31)
    at CommitListenerSession.notifyListener (/home/dhanish/fabric_sfc/caliper-bench/node_modules/fabric-network/lib/impl/event/commitlistenersession.js:101:18)
    at EventListener.callback (/home/dhanish/fabric_sfc/caliper-bench/node_modules/fabric-network/lib/impl/event/commitlistenersession.js:92:18)
    at EventListener.onEvent (/home/dhanish/fabric_sfc/caliper-bench/node_modules/fabric-common/lib/EventListener.js:124:10)
    at EventService._callTransactionListener (/home/dhanish/fabric_sfc/caliper-bench/node_modules/fabric-common/lib/EventService.js:1051:16)
    at EventService._processTxEvents (/home/dhanish/fabric_sfc/caliper-bench/node_modules/fabric-common/lib/EventService.js:1006:12)
    at ClientDuplexStreamImpl.<anonymous> (/home/dhanish/fabric_sfc/caliper-bench/node_modules/fabric-common/lib/EventService.js:481:12)
    at ClientDuplexStreamImpl.emit (node:events:517:28)
    at addChunk (node:internal/streams/readable:368:12)
    at readableAddChunk (node:internal/streams/readable:341:9) {
  transactionId: '3a1ed0f30f4f317db45d521fe5740170b06cbd5ebabce77d0cc725d2c14fd4ee',
  transactionCode: 'MVCC_READ_CONFLICT'
}
2026.08.11-09:20:07.793[31m error[39m [caliper] [connectors/v2/FabricGateway] 	Failed to perform submit transaction [setFinancePolicyForFinancier] using arguments [,{"minAPR":0.08,"maxAPR":0.24,"baseAPR":0.14,"minTenorDays":7,"maxTenorDays":45,"tenor":21,"minLtvPct":55,"maxLtvPct":85,"ltv":72,"penaltyBasePct":0.4}],  with error: TransactionError: Commit of transaction 3a1ed0f30f4f317db45d521fe5740170b06cbd5ebabce77d0cc725d2c14fd4ee failed on peer peer0.financiers.example.com:7051 with status MVCC_READ_CONFLICT
    at TransactionEventHandler.eventCallback (/home/dhanish/fabric_sfc/caliper-bench/node_modules/fabric-network/lib/impl/event/transactioneventhandler.js:111:31)
    at CommitListenerSession.notifyListener (/home/dhanish/fabric_sfc/caliper-bench/node_modules/fabric-network/lib/impl/event/commitlistenersession.js:101:18)
    at EventListener.callback (/home/dhanish/fabric_sfc/caliper-bench/node_modules/fabric-network/lib/impl/event/commitlistenersession.js:92:18)
    at EventListener.onEvent (/home/dhanish/fabric_sfc/caliper-bench/node_modules/fabric-common/lib/EventListener.js:124:10)
    at EventService._callTransactionListener (/home/dhanish/fabric_sfc/caliper-bench/node_modules/fabric-common/lib/EventService.js:1051:16)
    at EventService._processTxEvents (/home/dhanish/fabric_sfc/caliper-bench/node_modules/fabric-common/lib/EventService.js:1006:12)
    at ClientDuplexStreamImpl.<anonymous> (/home/dhanish/fabric_sfc/caliper-bench/node_modules/fabric-common/lib/EventService.js:481:12)
    at ClientDuplexStreamImpl.emit (node:events:517:28)
    at addChunk (node:internal/streams/readable:368:12)
    at readableAddChunk (node:internal/streams/readable:341:9)
2026-08-11T09:20:07.794Z - [33mwarn[39m: [TransactionEventHandler]: strategyFail: commit failure for transaction "7b49f9f41cb20895b2709f1ef275a8e87bfde43a865193b70fa4ddd8b000198d": TransactionError: Commit of transaction 7b49f9f41cb20895b2709f1ef275a8e87bfde43a865193b70fa4ddd8b000198d failed on peer peer0.financiers.example.com:7051 with status MVCC_READ_CONFLICT
    at TransactionEventHandler.eventCallback (/home/dhanish/fabric_sfc/caliper-bench/node_modules/fabric-network/lib/impl/event/transactioneventhandler.js:111:31)
    at CommitListenerSession.notifyListener (/home/dhanish/fabric_sfc/caliper-bench/node_modules/fabric-network/lib/impl/event/commitlistenersession.js:101:18)
    at EventListener.callback (/home/dhanish/fabric_sfc/caliper-bench/node_modules/fabric-network/lib/impl/event/commitlistenersession.js:92:18)
    at EventListener.onEvent (/home/dhanish/fabric_sfc/caliper-bench/node_modules/fabric-common/lib/EventListener.js:124:10)
    at EventService._callTransactionListener (/home/dhanish/fabric_sfc/caliper-bench/node_modules/fabric-common/lib/EventService.js:1051:16)
    at EventService._processTxEvents (/home/dhanish/fabric_sfc/caliper-bench/node_modules/fabric-common/lib/EventService.js:1006:12)
    at ClientDuplexStreamImpl.<anonymous> (/home/dhanish/fabric_sfc/caliper-bench/node_modules/fabric-common/lib/EventService.js:481:12)
    at ClientDuplexStreamImpl.emit (node:events:517:28)
    at addChunk (node:internal/streams/readable:368:12)
    at readableAddChunk (node:internal/streams/readable:341:9) {
  transactionId: '7b49f9f41cb20895b2709f1ef275a8e87bfde43a865193b70fa4ddd8b000198d',
  transactionCode: 'MVCC_READ_CONFLICT'
}
2026-08-11T09:20:07.794Z - [33mwarn[39m: [TransactionEventHandler]: strategyFail: commit failure for transaction "8f561085e96049d110535845e0acd6c61841f9b78c30f9d01255b4d3bfd00aed": TransactionError: Commit of transaction 8f561085e96049d110535845e0acd6c61841f9b78c30f9d01255b4d3bfd00aed failed on peer peer0.financiers.example.com:7051 with status MVCC_READ_CONFLICT
    at TransactionEventHandler.eventCallback (/home/dhanish/fabric_sfc/caliper-bench/node_modules/fabric-network/lib/impl/event/transactioneventhandler.js:111:31)
    at CommitListenerSession.notifyListener (/home/dhanish/fabric_sfc/caliper-bench/node_modules/fabric-network/lib/impl/event/commitlistenersession.js:101:18)
    at EventListener.callback (/home/dhanish/fabric_sfc/caliper-bench/node_modules/fabric-network/lib/impl/event/commitlistenersession.js:92:18)
    at EventListener.onEvent (/home/dhanish/fabric_sfc/caliper-bench/node_modules/fabric-common/lib/EventListener.js:124:10)
    at EventService._callTransactionListener (/home/dhanish/fabric_sfc/caliper-bench/node_modules/fabric-common/lib/EventService.js:1051:16)
    at EventService._processTxEvents (/home/dhanish/fabric_sfc/caliper-bench/node_modules/fabric-common/lib/EventService.js:1006:12)
    at ClientDuplexStreamImpl.<anonymous> (/home/dhanish/fabric_sfc/caliper-bench/node_modules/fabric-common/lib/EventService.js:481:12)
    at ClientDuplexStreamImpl.emit (node:events:517:28)
    at addChunk (node:internal/streams/readable:368:12)
    at readableAddChunk (node:internal/streams/readable:341:9) {
  transactionId: '8f561085e96049d110535845e0acd6c61841f9b78c30f9d01255b4d3bfd00aed',
  transactionCode: 'MVCC_READ_CONFLICT'
}
2026.08.11-09:20:07.795[31m error[39m [caliper] [connectors/v2/FabricGateway] 	Failed to perform submit transaction [setFinancePolicyForFinancier] using arguments [,{"minAPR":0.08,"maxAPR":0.24,"baseAPR":0.14,"minTenorDays":7,"maxTenorDays":45,"tenor":21,"minLtvPct":55,"maxLtvPct":85,"ltv":72,"penaltyBasePct":0.4}],  with error: TransactionError: Commit of transaction 8f561085e96049d110535845e0acd6c61841f9b78c30f9d01255b4d3bfd00aed failed on peer peer0.financiers.example.com:7051 with status MVCC_READ_CONFLICT
    at TransactionEventHandler.eventCallback (/home/dhanish/fabric_sfc/caliper-bench/node_modules/fabric-network/lib/impl/event/transactioneventhandler.js:111:31)
    at CommitListenerSession.notifyListener (/home/dhanish/fabric_sfc/caliper-bench/node_modules/fabric-network/lib/impl/event/commitlistenersession.js:101:18)
    at EventListener.callback (/home/dhanish/fabric_sfc/caliper-bench/node_modules/fabric-network/lib/impl/event/commitlistenersession.js:92:18)
    at EventListener.onEvent (/home/dhanish/fabric_sfc/caliper-bench/node_modules/fabric-common/lib/EventListener.js:124:10)
    at EventService._callTransactionListener (/home/dhanish/fabric_sfc/caliper-bench/node_modules/fabric-common/lib/EventService.js:1051:16)
    at EventService._processTxEvents (/home/dhanish/fabric_sfc/caliper-bench/node_modules/fabric-common/lib/EventService.js:1006:12)
    at ClientDuplexStreamImpl.<anonymous> (/home/dhanish/fabric_sfc/caliper-bench/node_modules/fabric-common/lib/EventService.js:481:12)
    at ClientDuplexStreamImpl.emit (node:events:517:28)
    at addChunk (node:internal/streams/readable:368:12)
    at readableAddChunk (node:internal/streams/readable:341:9)
2026-08-11T09:20:07.794Z - [33mwarn[39m: [TransactionEventHandler]: strategyFail: commit failure for transaction "512d696a351e6f318be4ec8194e0167a9dfaf9972f4b7236ad2cff7156a5603b": TransactionError: Commit of transaction 512d696a351e6f318be4ec8194e0167a9dfaf9972f4b7236ad2cff7156a5603b failed on peer peer0.financiers.example.com:7051 with status MVCC_READ_CONFLICT
    at TransactionEventHandler.eventCallback (/home/dhanish/fabric_sfc/caliper-bench/node_modules/fabric-network/lib/impl/event/transactioneventhandler.js:111:31)
    at CommitListenerSession.notifyListener (/home/dhanish/fabric_sfc/caliper-bench/node_modules/fabric-network/lib/impl/event/commitlistenersession.js:101:18)
    at EventListener.callback (/home/dhanish/fabric_sfc/caliper-bench/node_modules/fabric-network/lib/impl/event/commitlistenersession.js:92:18)
    at EventListener.onEvent (/home/dhanish/fabric_sfc/caliper-bench/node_modules/fabric-common/lib/EventListener.js:124:10)
    at EventService._callTransactionListener (/home/dhanish/fabric_sfc/caliper-bench/node_modules/fabric-common/lib/EventService.js:1051:16)
    at EventService._processTxEvents (/home/dhanish/fabric_sfc/caliper-bench/node_modules/fabric-common/lib/EventService.js:1006:12)
    at ClientDuplexStreamImpl.<anonymous> (/home/dhanish/fabric_sfc/caliper-bench/node_modules/fabric-common/lib/EventService.js:481:12)
    at ClientDuplexStreamImpl.emit (node:events:517:28)
    at addChunk (node:internal/streams/readable:368:12)
    at readableAddChunk (node:internal/streams/readable:341:9) {
  transactionId: '512d696a351e6f318be4ec8194e0167a9dfaf9972f4b7236ad2cff7156a5603b',
  transactionCode: 'MVCC_READ_CONFLICT'
}
2026.08.11-09:20:07.795[31m error[39m [caliper] [connectors/v2/FabricGateway] 	Failed to perform submit transaction [setFinancePolicyForFinancier] using arguments [,{"minAPR":0.08,"maxAPR":0.24,"baseAPR":0.14,"minTenorDays":7,"maxTenorDays":45,"tenor":21,"minLtvPct":55,"maxLtvPct":85,"ltv":72,"penaltyBasePct":0.4}],  with error: TransactionError: Commit of transaction 7b49f9f41cb20895b2709f1ef275a8e87bfde43a865193b70fa4ddd8b000198d failed on peer peer0.financiers.example.com:7051 with status MVCC_READ_CONFLICT
    at TransactionEventHandler.eventCallback (/home/dhanish/fabric_sfc/caliper-bench/node_modules/fabric-network/lib/impl/event/transactioneventhandler.js:111:31)
    at CommitListenerSession.notifyListener (/home/dhanish/fabric_sfc/caliper-bench/node_modules/fabric-network/lib/impl/event/commitlistenersession.js:101:18)
    at EventListener.callback (/home/dhanish/fabric_sfc/caliper-bench/node_modules/fabric-network/lib/impl/event/commitlistenersession.js:92:18)
    at EventListener.onEvent (/home/dhanish/fabric_sfc/caliper-bench/node_modules/fabric-common/lib/EventListener.js:124:10)
    at EventService._callTransactionListener (/home/dhanish/fabric_sfc/caliper-bench/node_modules/fabric-common/lib/EventService.js:1051:16)
    at EventService._processTxEvents (/home/dhanish/fabric_sfc/caliper-bench/node_modules/fabric-common/lib/EventService.js:1006:12)
    at ClientDuplexStreamImpl.<anonymous> (/home/dhanish/fabric_sfc/caliper-bench/node_modules/fabric-common/lib/EventService.js:481:12)
    at ClientDuplexStreamImpl.emit (node:events:517:28)
    at addChunk (node:internal/streams/readable:368:12)
    at readableAddChunk (node:internal/streams/readable:341:9)
2026-08-11T09:20:07.796Z - [33mwarn[39m: [TransactionEventHandler]: strategyFail: commit failure for transaction "011e56ecef19c65feaee263e84849d18b3ffc379e13086af3c95f31696579af1": TransactionError: Commit of transaction 011e56ecef19c65feaee263e84849d18b3ffc379e13086af3c95f31696579af1 failed on peer peer0.financiers.example.com:7051 with status MVCC_READ_CONFLICT
    at TransactionEventHandler.eventCallback (/home/dhanish/fabric_sfc/caliper-bench/node_modules/fabric-network/lib/impl/event/transactioneventhandler.js:111:31)
    at CommitListenerSession.notifyListener (/home/dhanish/fabric_sfc/caliper-bench/node_modules/fabric-network/lib/impl/event/commitlistenersession.js:101:18)
    at EventListener.callback (/home/dhanish/fabric_sfc/caliper-bench/node_modules/fabric-network/lib/impl/event/commitlistenersession.js:92:18)
    at EventListener.onEvent (/home/dhanish/fabric_sfc/caliper-bench/node_modules/fabric-common/lib/EventListener.js:124:10)
    at EventService._callTransactionListener (/home/dhanish/fabric_sfc/caliper-bench/node_modules/fabric-common/lib/EventService.js:1051:16)
    at EventService._processTxEvents (/home/dhanish/fabric_sfc/caliper-bench/node_modules/fabric-common/lib/EventService.js:1006:12)
    at ClientDuplexStreamImpl.<anonymous> (/home/dhanish/fabric_sfc/caliper-bench/node_modules/fabric-common/lib/EventService.js:481:12)
    at ClientDuplexStreamImpl.emit (node:events:517:28)
    at addChunk (node:internal/streams/readable:368:12)
    at readableAddChunk (node:internal/streams/readable:341:9) {
  transactionId: '011e56ecef19c65feaee263e84849d18b3ffc379e13086af3c95f31696579af1',
  transactionCode: 'MVCC_READ_CONFLICT'
}
2026-08-11T09:20:07.797Z - [33mwarn[39m: [TransactionEventHandler]: strategyFail: commit failure for transaction "43bc821edbedb39c3ff42bc4886baa71e06531c9f8c9f9bb88787dae3ee1f3f9": TransactionError: Commit of transaction 43bc821edbedb39c3ff42bc4886baa71e06531c9f8c9f9bb88787dae3ee1f3f9 failed on peer peer0.financiers.example.com:7051 with status MVCC_READ_CONFLICT
    at TransactionEventHandler.eventCallback (/home/dhanish/fabric_sfc/caliper-bench/node_modules/fabric-network/lib/impl/event/transactioneventhandler.js:111:31)
    at CommitListenerSession.notifyListener (/home/dhanish/fabric_sfc/caliper-bench/node_modules/fabric-network/lib/impl/event/commitlistenersession.js:101:18)
    at EventListener.callback (/home/dhanish/fabric_sfc/caliper-bench/node_modules/fabric-network/lib/impl/event/commitlistenersession.js:92:18)
    at EventListener.onEvent (/home/dhanish/fabric_sfc/caliper-bench/node_modules/fabric-common/lib/EventListener.js:124:10)
    at EventService._callTransactionListener (/home/dhanish/fabric_sfc/caliper-bench/node_modules/fabric-common/lib/EventService.js:1051:16)
    at EventService._processTxEvents (/home/dhanish/fabric_sfc/caliper-bench/node_modules/fabric-common/lib/EventService.js:1006:12)
    at ClientDuplexStreamImpl.<anonymous> (/home/dhanish/fabric_sfc/caliper-bench/node_modules/fabric-common/lib/EventService.js:481:12)
    at ClientDuplexStreamImpl.emit (node:events:517:28)
    at addChunk (node:internal/streams/readable:368:12)
    at readableAddChunk (node:internal/streams/readable:341:9) {
  transactionId: '43bc821edbedb39c3ff42bc4886baa71e06531c9f8c9f9bb88787dae3ee1f3f9',
  transactionCode: 'MVCC_READ_CONFLICT'
}
2026-08-11T09:20:07.797Z - [33mwarn[39m: [TransactionEventHandler]: strategyFail: commit failure for transaction "19ae23c8fbf7a6a0b115fd74cf9bb244878ccbd3201c2d0609a4c41d3436f144": TransactionError: Commit of transaction 19ae23c8fbf7a6a0b115fd74cf9bb244878ccbd3201c2d0609a4c41d3436f144 failed on peer peer0.financiers.example.com:7051 with status MVCC_READ_CONFLICT
    at TransactionEventHandler.eventCallback (/home/dhanish/fabric_sfc/caliper-bench/node_modules/fabric-network/lib/impl/event/transactioneventhandler.js:111:31)
    at CommitListenerSession.notifyListener (/home/dhanish/fabric_sfc/caliper-bench/node_modules/fabric-network/lib/impl/event/commitlistenersession.js:101:18)
    at EventListener.callback (/home/dhanish/fabric_sfc/caliper-bench/node_modules/fabric-network/lib/impl/event/commitlistenersession.js:92:18)
    at EventListener.onEvent (/home/dhanish/fabric_sfc/caliper-bench/node_modules/fabric-common/lib/EventListener.js:124:10)
    at EventService._callTransactionListener (/home/dhanish/fabric_sfc/caliper-bench/node_modules/fabric-common/lib/EventService.js:1051:16)
    at EventService._processTxEvents (/home/dhanish/fabric_sfc/caliper-bench/node_modules/fabric-common/lib/EventService.js:1006:12)
    at ClientDuplexStreamImpl.<anonymous> (/home/dhanish/fabric_sfc/caliper-bench/node_modules/fabric-common/lib/EventService.js:481:12)
    at ClientDuplexStreamImpl.emit (node:events:517:28)
    at addChunk (node:internal/streams/readable:368:12)
    at readableAddChunk (node:internal/streams/readable:341:9) {
  transactionId: '19ae23c8fbf7a6a0b115fd74cf9bb244878ccbd3201c2d0609a4c41d3436f144',
  transactionCode: 'MVCC_READ_CONFLICT'
}
2026.08.11-09:20:07.798[31m error[39m [caliper] [connectors/v2/FabricGateway] 	Failed to perform submit transaction [setFinancePolicyForFinancier] using arguments [,{"minAPR":0.08,"maxAPR":0.24,"baseAPR":0.14,"minTenorDays":7,"maxTenorDays":45,"tenor":21,"minLtvPct":55,"maxLtvPct":85,"ltv":72,"penaltyBasePct":0.4}],  with error: TransactionError: Commit of transaction 43bc821edbedb39c3ff42bc4886baa71e06531c9f8c9f9bb88787dae3ee1f3f9 failed on peer peer0.financiers.example.com:7051 with status MVCC_READ_CONFLICT
    at TransactionEventHandler.eventCallback (/home/dhanish/fabric_sfc/caliper-bench/node_modules/fabric-network/lib/impl/event/transactioneventhandler.js:111:31)
    at CommitListenerSession.notifyListener (/home/dhanish/fabric_sfc/caliper-bench/node_modules/fabric-network/lib/impl/event/commitlistenersession.js:101:18)
    at EventListener.callback (/home/dhanish/fabric_sfc/caliper-bench/node_modules/fabric-network/lib/impl/event/commitlistenersession.js:92:18)
    at EventListener.onEvent (/home/dhanish/fabric_sfc/caliper-bench/node_modules/fabric-common/lib/EventListener.js:124:10)
    at EventService._callTransactionListener (/home/dhanish/fabric_sfc/caliper-bench/node_modules/fabric-common/lib/EventService.js:1051:16)
    at EventService._processTxEvents (/home/dhanish/fabric_sfc/caliper-bench/node_modules/fabric-common/lib/EventService.js:1006:12)
    at ClientDuplexStreamImpl.<anonymous> (/home/dhanish/fabric_sfc/caliper-bench/node_modules/fabric-common/lib/EventService.js:481:12)
    at ClientDuplexStreamImpl.emit (node:events:517:28)
    at addChunk (node:internal/streams/readable:368:12)
    at readableAddChunk (node:internal/streams/readable:341:9)
2026.08.11-09:20:07.798[31m error[39m [caliper] [connectors/v2/FabricGateway] 	Failed to perform submit transaction [setFinancePolicyForFinancier] using arguments [,{"minAPR":0.08,"maxAPR":0.24,"baseAPR":0.14,"minTenorDays":7,"maxTenorDays":45,"tenor":21,"minLtvPct":55,"maxLtvPct":85,"ltv":72,"penaltyBasePct":0.4}],  with error: TransactionError: Commit of transaction 19ae23c8fbf7a6a0b115fd74cf9bb244878ccbd3201c2d0609a4c41d3436f144 failed on peer peer0.financiers.example.com:7051 with status MVCC_READ_CONFLICT
    at TransactionEventHandler.eventCallback (/home/dhanish/fabric_sfc/caliper-bench/node_modules/fabric-network/lib/impl/event/transactioneventhandler.js:111:31)
    at CommitListenerSession.notifyListener (/home/dhanish/fabric_sfc/caliper-bench/node_modules/fabric-network/lib/impl/event/commitlistenersession.js:101:18)
    at EventListener.callback (/home/dhanish/fabric_sfc/caliper-bench/node_modules/fabric-network/lib/impl/event/commitlistenersession.js:92:18)
    at EventListener.onEvent (/home/dhanish/fabric_sfc/caliper-bench/node_modules/fabric-common/lib/EventListener.js:124:10)
    at EventService._callTransactionListener (/home/dhanish/fabric_sfc/caliper-bench/node_modules/fabric-common/lib/EventService.js:1051:16)
    at EventService._processTxEvents (/home/dhanish/fabric_sfc/caliper-bench/node_modules/fabric-common/lib/EventService.js:1006:12)
    at ClientDuplexStreamImpl.<anonymous> (/home/dhanish/fabric_sfc/caliper-bench/node_modules/fabric-common/lib/EventService.js:481:12)
    at ClientDuplexStreamImpl.emit (node:events:517:28)
    at addChunk (node:internal/streams/readable:368:12)
    at readableAddChunk (node:internal/streams/readable:341:9)
2026.08.11-09:20:07.799[31m error[39m [caliper] [connectors/v2/FabricGateway] 	Failed to perform submit transaction [setFinancePolicyForFinancier] using arguments [,{"minAPR":0.08,"maxAPR":0.24,"baseAPR":0.14,"minTenorDays":7,"maxTenorDays":45,"tenor":21,"minLtvPct":55,"maxLtvPct":85,"ltv":72,"penaltyBasePct":0.4}],  with error: TransactionError: Commit of transaction 512d696a351e6f318be4ec8194e0167a9dfaf9972f4b7236ad2cff7156a5603b failed on peer peer0.financiers.example.com:7051 with status MVCC_READ_CONFLICT
    at TransactionEventHandler.eventCallback (/home/dhanish/fabric_sfc/caliper-bench/node_modules/fabric-network/lib/impl/event/transactioneventhandler.js:111:31)
    at CommitListenerSession.notifyListener (/home/dhanish/fabric_sfc/caliper-bench/node_modules/fabric-network/lib/impl/event/commitlistenersession.js:101:18)
    at EventListener.callback (/home/dhanish/fabric_sfc/caliper-bench/node_modules/fabric-network/lib/impl/event/commitlistenersession.js:92:18)
    at EventListener.onEvent (/home/dhanish/fabric_sfc/caliper-bench/node_modules/fabric-common/lib/EventListener.js:124:10)
    at EventService._callTransactionListener (/home/dhanish/fabric_sfc/caliper-bench/node_modules/fabric-common/lib/EventService.js:1051:16)
    at EventService._processTxEvents (/home/dhanish/fabric_sfc/caliper-bench/node_modules/fabric-common/lib/EventService.js:1006:12)
    at ClientDuplexStreamImpl.<anonymous> (/home/dhanish/fabric_sfc/caliper-bench/node_modules/fabric-common/lib/EventService.js:481:12)
    at ClientDuplexStreamImpl.emit (node:events:517:28)
    at addChunk (node:internal/streams/readable:368:12)
    at readableAddChunk (node:internal/streams/readable:341:9)
2026.08.11-09:20:07.799[31m error[39m [caliper] [connectors/v2/FabricGateway] 	Failed to perform submit transaction [setFinancePolicyForFinancier] using arguments [,{"minAPR":0.08,"maxAPR":0.24,"baseAPR":0.14,"minTenorDays":7,"maxTenorDays":45,"tenor":21,"minLtvPct":55,"maxLtvPct":85,"ltv":72,"penaltyBasePct":0.4}],  with error: TransactionError: Commit of transaction 011e56ecef19c65feaee263e84849d18b3ffc379e13086af3c95f31696579af1 failed on peer peer0.financiers.example.com:7051 with status MVCC_READ_CONFLICT
    at TransactionEventHandler.eventCallback (/home/dhanish/fabric_sfc/caliper-bench/node_modules/fabric-network/lib/impl/event/transactioneventhandler.js:111:31)
    at CommitListenerSession.notifyListener (/home/dhanish/fabric_sfc/caliper-bench/node_modules/fabric-network/lib/impl/event/commitlistenersession.js:101:18)
    at EventListener.callback (/home/dhanish/fabric_sfc/caliper-bench/node_modules/fabric-network/lib/impl/event/commitlistenersession.js:92:18)
    at EventListener.onEvent (/home/dhanish/fabric_sfc/caliper-bench/node_modules/fabric-common/lib/EventListener.js:124:10)
    at EventService._callTransactionListener (/home/dhanish/fabric_sfc/caliper-bench/node_modules/fabric-common/lib/EventService.js:1051:16)
    at EventService._processTxEvents (/home/dhanish/fabric_sfc/caliper-bench/node_modules/fabric-common/lib/EventService.js:1006:12)
    at ClientDuplexStreamImpl.<anonymous> (/home/dhanish/fabric_sfc/caliper-bench/node_modules/fabric-common/lib/EventService.js:481:12)
    at ClientDuplexStreamImpl.emit (node:events:517:28)
    at addChunk (node:internal/streams/readable:368:12)
    at readableAddChunk (node:internal/streams/readable:341:9)
2026-08-11T09:20:07.842Z - [33mwarn[39m: [TransactionEventHandler]: strategyFail: commit failure for transaction "a4d81d7c17a2ce90d5670cd8f560d0f4b4853b067785aba578d0dddffac886b3": TransactionError: Commit of transaction a4d81d7c17a2ce90d5670cd8f560d0f4b4853b067785aba578d0dddffac886b3 failed on peer peer0.financiers.example.com:7051 with status MVCC_READ_CONFLICT
    at TransactionEventHandler.eventCallback (/home/dhanish/fabric_sfc/caliper-bench/node_modules/fabric-network/lib/impl/event/transactioneventhandler.js:111:31)
    at CommitListenerSession.notifyListener (/home/dhanish/fabric_sfc/caliper-bench/node_modules/fabric-network/lib/impl/event/commitlistenersession.js:101:18)
    at EventListener.callback (/home/dhanish/fabric_sfc/caliper-bench/node_modules/fabric-network/lib/impl/event/commitlistenersession.js:92:18)
    at EventListener.onEvent (/home/dhanish/fabric_sfc/caliper-bench/node_modules/fabric-common/lib/EventListener.js:124:10)
    at EventService._callTransactionListener (/home/dhanish/fabric_sfc/caliper-bench/node_modules/fabric-common/lib/EventService.js:1051:16)
    at EventService._processTxEvents (/home/dhanish/fabric_sfc/caliper-bench/node_modules/fabric-common/lib/EventService.js:1006:12)
    at ClientDuplexStreamImpl.<anonymous> (/home/dhanish/fabric_sfc/caliper-bench/node_modules/fabric-common/lib/EventService.js:481:12)
    at ClientDuplexStreamImpl.emit (node:events:517:28)
    at addChunk (node:internal/streams/readable:368:12)
    at readableAddChunk (node:internal/streams/readable:341:9) {
  transactionId: 'a4d81d7c17a2ce90d5670cd8f560d0f4b4853b067785aba578d0dddffac886b3',
  transactionCode: 'MVCC_READ_CONFLICT'
}
2026-08-11T09:20:07.843Z - [33mwarn[39m: [TransactionEventHandler]: strategyFail: commit failure for transaction "2a6f0e462076136cc18dda6e58d5bdaf59bab8fcced183d38214d7fc8b0c730b": TransactionError: Commit of transaction 2a6f0e462076136cc18dda6e58d5bdaf59bab8fcced183d38214d7fc8b0c730b failed on peer peer0.financiers.example.com:7051 with status MVCC_READ_CONFLICT
    at TransactionEventHandler.eventCallback (/home/dhanish/fabric_sfc/caliper-bench/node_modules/fabric-network/lib/impl/event/transactioneventhandler.js:111:31)
    at CommitListenerSession.notifyListener (/home/dhanish/fabric_sfc/caliper-bench/node_modules/fabric-network/lib/impl/event/commitlistenersession.js:101:18)
    at EventListener.callback (/home/dhanish/fabric_sfc/caliper-bench/node_modules/fabric-network/lib/impl/event/commitlistenersession.js:92:18)
    at EventListener.onEvent (/home/dhanish/fabric_sfc/caliper-bench/node_modules/fabric-common/lib/EventListener.js:124:10)
    at EventService._callTransactionListener (/home/dhanish/fabric_sfc/caliper-bench/node_modules/fabric-common/lib/EventService.js:1051:16)
    at EventService._processTxEvents (/home/dhanish/fabric_sfc/caliper-bench/node_modules/fabric-common/lib/EventService.js:1006:12)
    at ClientDuplexStreamImpl.<anonymous> (/home/dhanish/fabric_sfc/caliper-bench/node_modules/fabric-common/lib/EventService.js:481:12)
    at ClientDuplexStreamImpl.emit (node:events:517:28)
    at addChunk (node:internal/streams/readable:368:12)
    at readableAddChunk (node:internal/streams/readable:341:9) {
  transactionId: '2a6f0e462076136cc18dda6e58d5bdaf59bab8fcced183d38214d7fc8b0c730b',
  transactionCode: 'MVCC_READ_CONFLICT'
}
2026-08-11T09:20:07.843Z - [33mwarn[39m: [TransactionEventHandler]: strategyFail: commit failure for transaction "21fc2ef9e75f6a2fa90eea3829f9b5558a2149cfcbbf2621efc0f104a263b123": TransactionError: Commit of transaction 21fc2ef9e75f6a2fa90eea3829f9b5558a2149cfcbbf2621efc0f104a263b123 failed on peer peer0.financiers.example.com:7051 with status MVCC_READ_CONFLICT
    at TransactionEventHandler.eventCallback (/home/dhanish/fabric_sfc/caliper-bench/node_modules/fabric-network/lib/impl/event/transactioneventhandler.js:111:31)
    at CommitListenerSession.notifyListener (/home/dhanish/fabric_sfc/caliper-bench/node_modules/fabric-network/lib/impl/event/commitlistenersession.js:101:18)
    at EventListener.callback (/home/dhanish/fabric_sfc/caliper-bench/node_modules/fabric-network/lib/impl/event/commitlistenersession.js:92:18)
    at EventListener.onEvent (/home/dhanish/fabric_sfc/caliper-bench/node_modules/fabric-common/lib/EventListener.js:124:10)
    at EventService._callTransactionListener (/home/dhanish/fabric_sfc/caliper-bench/node_modules/fabric-common/lib/EventService.js:1051:16)
    at EventService._processTxEvents (/home/dhanish/fabric_sfc/caliper-bench/node_modules/fabric-common/lib/EventService.js:1006:12)
    at ClientDuplexStreamImpl.<anonymous> (/home/dhanish/fabric_sfc/caliper-bench/node_modules/fabric-common/lib/EventService.js:481:12)
    at ClientDuplexStreamImpl.emit (node:events:517:28)
    at addChunk (node:internal/streams/readable:368:12)
    at readableAddChunk (node:internal/streams/readable:341:9) {
  transactionId: '21fc2ef9e75f6a2fa90eea3829f9b5558a2149cfcbbf2621efc0f104a263b123',
  transactionCode: 'MVCC_READ_CONFLICT'
}
2026-08-11T09:20:07.843Z - [33mwarn[39m: [TransactionEventHandler]: strategyFail: commit failure for transaction "26259c631be4335d877656f688a136b71568d332ed5000359c19f7d6220bc6fc": TransactionError: Commit of transaction 26259c631be4335d877656f688a136b71568d332ed5000359c19f7d6220bc6fc failed on peer peer0.financiers.example.com:7051 with status MVCC_READ_CONFLICT
    at TransactionEventHandler.eventCallback (/home/dhanish/fabric_sfc/caliper-bench/node_modules/fabric-network/lib/impl/event/transactioneventhandler.js:111:31)
    at CommitListenerSession.notifyListener (/home/dhanish/fabric_sfc/caliper-bench/node_modules/fabric-network/lib/impl/event/commitlistenersession.js:101:18)
    at EventListener.callback (/home/dhanish/fabric_sfc/caliper-bench/node_modules/fabric-network/lib/impl/event/commitlistenersession.js:92:18)
    at EventListener.onEvent (/home/dhanish/fabric_sfc/caliper-bench/node_modules/fabric-common/lib/EventListener.js:124:10)
    at EventService._callTransactionListener (/home/dhanish/fabric_sfc/caliper-bench/node_modules/fabric-common/lib/EventService.js:1051:16)
    at EventService._processTxEvents (/home/dhanish/fabric_sfc/caliper-bench/node_modules/fabric-common/lib/EventService.js:1006:12)
    at ClientDuplexStreamImpl.<anonymous> (/home/dhanish/fabric_sfc/caliper-bench/node_modules/fabric-common/lib/EventService.js:481:12)
    at ClientDuplexStreamImpl.emit (node:events:517:28)
    at addChunk (node:internal/streams/readable:368:12)
    at readableAddChunk (node:internal/streams/readable:341:9) {
  transactionId: '26259c631be4335d877656f688a136b71568d332ed5000359c19f7d6220bc6fc',
  transactionCode: 'MVCC_READ_CONFLICT'
}
2026.08.11-09:20:07.843[31m error[39m [caliper] [connectors/v2/FabricGateway] 	Failed to perform submit transaction [setFinancePolicyForFinancier] using arguments [,{"minAPR":0.08,"maxAPR":0.24,"baseAPR":0.14,"minTenorDays":7,"maxTenorDays":45,"tenor":21,"minLtvPct":55,"maxLtvPct":85,"ltv":72,"penaltyBasePct":0.4}],  with error: TransactionError: Commit of transaction 2a6f0e462076136cc18dda6e58d5bdaf59bab8fcced183d38214d7fc8b0c730b failed on peer peer0.financiers.example.com:7051 with status MVCC_READ_CONFLICT
    at TransactionEventHandler.eventCallback (/home/dhanish/fabric_sfc/caliper-bench/node_modules/fabric-network/lib/impl/event/transactioneventhandler.js:111:31)
    at CommitListenerSession.notifyListener (/home/dhanish/fabric_sfc/caliper-bench/node_modules/fabric-network/lib/impl/event/commitlistenersession.js:101:18)
    at EventListener.callback (/home/dhanish/fabric_sfc/caliper-bench/node_modules/fabric-network/lib/impl/event/commitlistenersession.js:92:18)
    at EventListener.onEvent (/home/dhanish/fabric_sfc/caliper-bench/node_modules/fabric-common/lib/EventListener.js:124:10)
    at EventService._callTransactionListener (/home/dhanish/fabric_sfc/caliper-bench/node_modules/fabric-common/lib/EventService.js:1051:16)
    at EventService._processTxEvents (/home/dhanish/fabric_sfc/caliper-bench/node_modules/fabric-common/lib/EventService.js:1006:12)
    at ClientDuplexStreamImpl.<anonymous> (/home/dhanish/fabric_sfc/caliper-bench/node_modules/fabric-common/lib/EventService.js:481:12)
    at ClientDuplexStreamImpl.emit (node:events:517:28)
    at addChunk (node:internal/streams/readable:368:12)
    at readableAddChunk (node:internal/streams/readable:341:9)
2026-08-11T09:20:07.843Z - [33mwarn[39m: [TransactionEventHandler]: strategyFail: commit failure for transaction "77c1908d7453c66a3d66c7acdb85191f99447e1c2e2c6f0384bc5a605cf56649": TransactionError: Commit of transaction 77c1908d7453c66a3d66c7acdb85191f99447e1c2e2c6f0384bc5a605cf56649 failed on peer peer0.financiers.example.com:7051 with status MVCC_READ_CONFLICT
    at TransactionEventHandler.eventCallback (/home/dhanish/fabric_sfc/caliper-bench/node_modules/fabric-network/lib/impl/event/transactioneventhandler.js:111:31)
    at CommitListenerSession.notifyListener (/home/dhanish/fabric_sfc/caliper-bench/node_modules/fabric-network/lib/impl/event/commitlistenersession.js:101:18)
    at EventListener.callback (/home/dhanish/fabric_sfc/caliper-bench/node_modules/fabric-network/lib/impl/event/commitlistenersession.js:92:18)
    at EventListener.onEvent (/home/dhanish/fabric_sfc/caliper-bench/node_modules/fabric-common/lib/EventListener.js:124:10)
    at EventService._callTransactionListener (/home/dhanish/fabric_sfc/caliper-bench/node_modules/fabric-common/lib/EventService.js:1051:16)
    at EventService._processTxEvents (/home/dhanish/fabric_sfc/caliper-bench/node_modules/fabric-common/lib/EventService.js:1006:12)
    at ClientDuplexStreamImpl.<anonymous> (/home/dhanish/fabric_sfc/caliper-bench/node_modules/fabric-common/lib/EventService.js:481:12)
    at ClientDuplexStreamImpl.emit (node:events:517:28)
    at addChunk (node:internal/streams/readable:368:12)
    at readableAddChunk (node:internal/streams/readable:341:9) {
  transactionId: '77c1908d7453c66a3d66c7acdb85191f99447e1c2e2c6f0384bc5a605cf56649',
  transactionCode: 'MVCC_READ_CONFLICT'
}
2026-08-11T09:20:07.843Z - [33mwarn[39m: [TransactionEventHandler]: strategyFail: commit failure for transaction "4017883908df28e0531d65d70d8e5d86c9c2caccb4650749206110d1a60980bb": TransactionError: Commit of transaction 4017883908df28e0531d65d70d8e5d86c9c2caccb4650749206110d1a60980bb failed on peer peer0.financiers.example.com:7051 with status MVCC_READ_CONFLICT
    at TransactionEventHandler.eventCallback (/home/dhanish/fabric_sfc/caliper-bench/node_modules/fabric-network/lib/impl/event/transactioneventhandler.js:111:31)
    at CommitListenerSession.notifyListener (/home/dhanish/fabric_sfc/caliper-bench/node_modules/fabric-network/lib/impl/event/commitlistenersession.js:101:18)
    at EventListener.callback (/home/dhanish/fabric_sfc/caliper-bench/node_modules/fabric-network/lib/impl/event/commitlistenersession.js:92:18)
    at EventListener.onEvent (/home/dhanish/fabric_sfc/caliper-bench/node_modules/fabric-common/lib/EventListener.js:124:10)
    at EventService._callTransactionListener (/home/dhanish/fabric_sfc/caliper-bench/node_modules/fabric-common/lib/EventService.js:1051:16)
    at EventService._processTxEvents (/home/dhanish/fabric_sfc/caliper-bench/node_modules/fabric-common/lib/EventService.js:1006:12)
    at ClientDuplexStreamImpl.<anonymous> (/home/dhanish/fabric_sfc/caliper-bench/node_modules/fabric-common/lib/EventService.js:481:12)
    at ClientDuplexStreamImpl.emit (node:events:517:28)
    at addChunk (node:internal/streams/readable:368:12)
    at readableAddChunk (node:internal/streams/readable:341:9) {
  transactionId: '4017883908df28e0531d65d70d8e5d86c9c2caccb4650749206110d1a60980bb',
  transactionCode: 'MVCC_READ_CONFLICT'
}
2026-08-11T09:20:07.843Z - [33mwarn[39m: [TransactionEventHandler]: strategyFail: commit failure for transaction "998b7130e9f61f78be6c7af0d7ae35de84a24eab1983d501b542837e33186a77": TransactionError: Commit of transaction 998b7130e9f61f78be6c7af0d7ae35de84a24eab1983d501b542837e33186a77 failed on peer peer0.financiers.example.com:7051 with status MVCC_READ_CONFLICT
    at TransactionEventHandler.eventCallback (/home/dhanish/fabric_sfc/caliper-bench/node_modules/fabric-network/lib/impl/event/transactioneventhandler.js:111:31)
    at CommitListenerSession.notifyListener (/home/dhanish/fabric_sfc/caliper-bench/node_modules/fabric-network/lib/impl/event/commitlistenersession.js:101:18)
    at EventListener.callback (/home/dhanish/fabric_sfc/caliper-bench/node_modules/fabric-network/lib/impl/event/commitlistenersession.js:92:18)
    at EventListener.onEvent (/home/dhanish/fabric_sfc/caliper-bench/node_modules/fabric-common/lib/EventListener.js:124:10)
    at EventService._callTransactionListener (/home/dhanish/fabric_sfc/caliper-bench/node_modules/fabric-common/lib/EventService.js:1051:16)
    at EventService._processTxEvents (/home/dhanish/fabric_sfc/caliper-bench/node_modules/fabric-common/lib/EventService.js:1006:12)
    at ClientDuplexStreamImpl.<anonymous> (/home/dhanish/fabric_sfc/caliper-bench/node_modules/fabric-common/lib/EventService.js:481:12)
    at ClientDuplexStreamImpl.emit (node:events:517:28)
    at addChunk (node:internal/streams/readable:368:12)
    at readableAddChunk (node:internal/streams/readable:341:9) {
  transactionId: '998b7130e9f61f78be6c7af0d7ae35de84a24eab1983d501b542837e33186a77',
  transactionCode: 'MVCC_READ_CONFLICT'
}
2026-08-11T09:20:07.844Z - [33mwarn[39m: [TransactionEventHandler]: strategyFail: commit failure for transaction "4018fac2f8d587423d7b5d35135edddc566b8ab207775879550694b47e55ff40": TransactionError: Commit of transaction 4018fac2f8d587423d7b5d35135edddc566b8ab207775879550694b47e55ff40 failed on peer peer0.financiers.example.com:7051 with status MVCC_READ_CONFLICT
    at TransactionEventHandler.eventCallback (/home/dhanish/fabric_sfc/caliper-bench/node_modules/fabric-network/lib/impl/event/transactioneventhandler.js:111:31)
    at CommitListenerSession.notifyListener (/home/dhanish/fabric_sfc/caliper-bench/node_modules/fabric-network/lib/impl/event/commitlistenersession.js:101:18)
    at EventListener.callback (/home/dhanish/fabric_sfc/caliper-bench/node_modules/fabric-network/lib/impl/event/commitlistenersession.js:92:18)
    at EventListener.onEvent (/home/dhanish/fabric_sfc/caliper-bench/node_modules/fabric-common/lib/EventListener.js:124:10)
    at EventService._callTransactionListener (/home/dhanish/fabric_sfc/caliper-bench/node_modules/fabric-common/lib/EventService.js:1051:16)
    at EventService._processTxEvents (/home/dhanish/fabric_sfc/caliper-bench/node_modules/fabric-common/lib/EventService.js:1006:12)
    at ClientDuplexStreamImpl.<anonymous> (/home/dhanish/fabric_sfc/caliper-bench/node_modules/fabric-common/lib/EventService.js:481:12)
    at ClientDuplexStreamImpl.emit (node:events:517:28)
    at addChunk (node:internal/streams/readable:368:12)
    at readableAddChunk (node:internal/streams/readable:341:9) {
  transactionId: '4018fac2f8d587423d7b5d35135edddc566b8ab207775879550694b47e55ff40',
  transactionCode: 'MVCC_READ_CONFLICT'
}
2026.08.11-09:20:07.844[31m error[39m [caliper] [connectors/v2/FabricGateway] 	Failed to perform submit transaction [setFinancePolicyForFinancier] using arguments [,{"minAPR":0.08,"maxAPR":0.24,"baseAPR":0.14,"minTenorDays":7,"maxTenorDays":45,"tenor":21,"minLtvPct":55,"maxLtvPct":85,"ltv":72,"penaltyBasePct":0.4}],  with error: TransactionError: Commit of transaction 26259c631be4335d877656f688a136b71568d332ed5000359c19f7d6220bc6fc failed on peer peer0.financiers.example.com:7051 with status MVCC_READ_CONFLICT
    at TransactionEventHandler.eventCallback (/home/dhanish/fabric_sfc/caliper-bench/node_modules/fabric-network/lib/impl/event/transactioneventhandler.js:111:31)
    at CommitListenerSession.notifyListener (/home/dhanish/fabric_sfc/caliper-bench/node_modules/fabric-network/lib/impl/event/commitlistenersession.js:101:18)
    at EventListener.callback (/home/dhanish/fabric_sfc/caliper-bench/node_modules/fabric-network/lib/impl/event/commitlistenersession.js:92:18)
    at EventListener.onEvent (/home/dhanish/fabric_sfc/caliper-bench/node_modules/fabric-common/lib/EventListener.js:124:10)
    at EventService._callTransactionListener (/home/dhanish/fabric_sfc/caliper-bench/node_modules/fabric-common/lib/EventService.js:1051:16)
    at EventService._processTxEvents (/home/dhanish/fabric_sfc/caliper-bench/node_modules/fabric-common/lib/EventService.js:1006:12)
    at ClientDuplexStreamImpl.<anonymous> (/home/dhanish/fabric_sfc/caliper-bench/node_modules/fabric-common/lib/EventService.js:481:12)
    at ClientDuplexStreamImpl.emit (node:events:517:28)
    at addChunk (node:internal/streams/readable:368:12)
    at readableAddChunk (node:internal/streams/readable:341:9)
2026.08.11-09:20:07.844[31m error[39m [caliper] [connectors/v2/FabricGateway] 	Failed to perform submit transaction [setFinancePolicyForFinancier] using arguments [,{"minAPR":0.08,"maxAPR":0.24,"baseAPR":0.14,"minTenorDays":7,"maxTenorDays":45,"tenor":21,"minLtvPct":55,"maxLtvPct":85,"ltv":72,"penaltyBasePct":0.4}],  with error: TransactionError: Commit of transaction a4d81d7c17a2ce90d5670cd8f560d0f4b4853b067785aba578d0dddffac886b3 failed on peer peer0.financiers.example.com:7051 with status MVCC_READ_CONFLICT
    at TransactionEventHandler.eventCallback (/home/dhanish/fabric_sfc/caliper-bench/node_modules/fabric-network/lib/impl/event/transactioneventhandler.js:111:31)
    at CommitListenerSession.notifyListener (/home/dhanish/fabric_sfc/caliper-bench/node_modules/fabric-network/lib/impl/event/commitlistenersession.js:101:18)
    at EventListener.callback (/home/dhanish/fabric_sfc/caliper-bench/node_modules/fabric-network/lib/impl/event/commitlistenersession.js:92:18)
    at EventListener.onEvent (/home/dhanish/fabric_sfc/caliper-bench/node_modules/fabric-common/lib/EventListener.js:124:10)
    at EventService._callTransactionListener (/home/dhanish/fabric_sfc/caliper-bench/node_modules/fabric-common/lib/EventService.js:1051:16)
    at EventService._processTxEvents (/home/dhanish/fabric_sfc/caliper-bench/node_modules/fabric-common/lib/EventService.js:1006:12)
    at ClientDuplexStreamImpl.<anonymous> (/home/dhanish/fabric_sfc/caliper-bench/node_modules/fabric-common/lib/EventService.js:481:12)
    at ClientDuplexStreamImpl.emit (node:events:517:28)
    at addChunk (node:internal/streams/readable:368:12)
    at readableAddChunk (node:internal/streams/readable:341:9)
2026.08.11-09:20:07.844[31m error[39m [caliper] [connectors/v2/FabricGateway] 	Failed to perform submit transaction [setFinancePolicyForFinancier] using arguments [,{"minAPR":0.08,"maxAPR":0.24,"baseAPR":0.14,"minTenorDays":7,"maxTenorDays":45,"tenor":21,"minLtvPct":55,"maxLtvPct":85,"ltv":72,"penaltyBasePct":0.4}],  with error: TransactionError: Commit of transaction 21fc2ef9e75f6a2fa90eea3829f9b5558a2149cfcbbf2621efc0f104a263b123 failed on peer peer0.financiers.example.com:7051 with status MVCC_READ_CONFLICT
    at TransactionEventHandler.eventCallback (/home/dhanish/fabric_sfc/caliper-bench/node_modules/fabric-network/lib/impl/event/transactioneventhandler.js:111:31)
    at CommitListenerSession.notifyListener (/home/dhanish/fabric_sfc/caliper-bench/node_modules/fabric-network/lib/impl/event/commitlistenersession.js:101:18)
    at EventListener.callback (/home/dhanish/fabric_sfc/caliper-bench/node_modules/fabric-network/lib/impl/event/commitlistenersession.js:92:18)
    at EventListener.onEvent (/home/dhanish/fabric_sfc/caliper-bench/node_modules/fabric-common/lib/EventListener.js:124:10)
    at EventService._callTransactionListener (/home/dhanish/fabric_sfc/caliper-bench/node_modules/fabric-common/lib/EventService.js:1051:16)
    at EventService._processTxEvents (/home/dhanish/fabric_sfc/caliper-bench/node_modules/fabric-common/lib/EventService.js:1006:12)
    at ClientDuplexStreamImpl.<anonymous> (/home/dhanish/fabric_sfc/caliper-bench/node_modules/fabric-common/lib/EventService.js:481:12)
    at ClientDuplexStreamImpl.emit (node:events:517:28)
    at addChunk (node:internal/streams/readable:368:12)
    at readableAddChunk (node:internal/streams/readable:341:9)
2026-08-11T09:20:07.844Z - [33mwarn[39m: [TransactionEventHandler]: strategyFail: commit failure for transaction "ac556c7d70bd682f92da5ce40e7eed36433106c1651a3a0365b497ff937be9db": TransactionError: Commit of transaction ac556c7d70bd682f92da5ce40e7eed36433106c1651a3a0365b497ff937be9db failed on peer peer0.financiers.example.com:7051 with status MVCC_READ_CONFLICT
    at TransactionEventHandler.eventCallback (/home/dhanish/fabric_sfc/caliper-bench/node_modules/fabric-network/lib/impl/event/transactioneventhandler.js:111:31)
    at CommitListenerSession.notifyListener (/home/dhanish/fabric_sfc/caliper-bench/node_modules/fabric-network/lib/impl/event/commitlistenersession.js:101:18)
    at EventListener.callback (/home/dhanish/fabric_sfc/caliper-bench/node_modules/fabric-network/lib/impl/event/commitlistenersession.js:92:18)
    at EventListener.onEvent (/home/dhanish/fabric_sfc/caliper-bench/node_modules/fabric-common/lib/EventListener.js:124:10)
    at EventService._callTransactionListener (/home/dhanish/fabric_sfc/caliper-bench/node_modules/fabric-common/lib/EventService.js:1051:16)
    at EventService._processTxEvents (/home/dhanish/fabric_sfc/caliper-bench/node_modules/fabric-common/lib/EventService.js:1006:12)
    at ClientDuplexStreamImpl.<anonymous> (/home/dhanish/fabric_sfc/caliper-bench/node_modules/fabric-common/lib/EventService.js:481:12)
    at ClientDuplexStreamImpl.emit (node:events:517:28)
    at addChunk (node:internal/streams/readable:368:12)
    at readableAddChunk (node:internal/streams/readable:341:9) {
  transactionId: 'ac556c7d70bd682f92da5ce40e7eed36433106c1651a3a0365b497ff937be9db',
  transactionCode: 'MVCC_READ_CONFLICT'
}
2026.08.11-09:20:07.844[31m error[39m [caliper] [connectors/v2/FabricGateway] 	Failed to perform submit transaction [setFinancePolicyForFinancier] using arguments [,{"minAPR":0.08,"maxAPR":0.24,"baseAPR":0.14,"minTenorDays":7,"maxTenorDays":45,"tenor":21,"minLtvPct":55,"maxLtvPct":85,"ltv":72,"penaltyBasePct":0.4}],  with error: TransactionError: Commit of transaction 4017883908df28e0531d65d70d8e5d86c9c2caccb4650749206110d1a60980bb failed on peer peer0.financiers.example.com:7051 with status MVCC_READ_CONFLICT
    at TransactionEventHandler.eventCallback (/home/dhanish/fabric_sfc/caliper-bench/node_modules/fabric-network/lib/impl/event/transactioneventhandler.js:111:31)
    at CommitListenerSession.notifyListener (/home/dhanish/fabric_sfc/caliper-bench/node_modules/fabric-network/lib/impl/event/commitlistenersession.js:101:18)
    at EventListener.callback (/home/dhanish/fabric_sfc/caliper-bench/node_modules/fabric-network/lib/impl/event/commitlistenersession.js:92:18)
    at EventListener.onEvent (/home/dhanish/fabric_sfc/caliper-bench/node_modules/fabric-common/lib/EventListener.js:124:10)
    at EventService._callTransactionListener (/home/dhanish/fabric_sfc/caliper-bench/node_modules/fabric-common/lib/EventService.js:1051:16)
    at EventService._processTxEvents (/home/dhanish/fabric_sfc/caliper-bench/node_modules/fabric-common/lib/EventService.js:1006:12)
    at ClientDuplexStreamImpl.<anonymous> (/home/dhanish/fabric_sfc/caliper-bench/node_modules/fabric-common/lib/EventService.js:481:12)
    at ClientDuplexStreamImpl.emit (node:events:517:28)
    at addChunk (node:internal/streams/readable:368:12)
    at readableAddChunk (node:internal/streams/readable:341:9)
2026.08.11-09:20:07.844[31m error[39m [caliper] [connectors/v2/FabricGateway] 	Failed to perform submit transaction [setFinancePolicyForFinancier] using arguments [,{"minAPR":0.08,"maxAPR":0.24,"baseAPR":0.14,"minTenorDays":7,"maxTenorDays":45,"tenor":21,"minLtvPct":55,"maxLtvPct":85,"ltv":72,"penaltyBasePct":0.4}],  with error: TransactionError: Commit of transaction 4018fac2f8d587423d7b5d35135edddc566b8ab207775879550694b47e55ff40 failed on peer peer0.financiers.example.com:7051 with status MVCC_READ_CONFLICT
    at TransactionEventHandler.eventCallback (/home/dhanish/fabric_sfc/caliper-bench/node_modules/fabric-network/lib/impl/event/transactioneventhandler.js:111:31)
    at CommitListenerSession.notifyListener (/home/dhanish/fabric_sfc/caliper-bench/node_modules/fabric-network/lib/impl/event/commitlistenersession.js:101:18)
    at EventListener.callback (/home/dhanish/fabric_sfc/caliper-bench/node_modules/fabric-network/lib/impl/event/commitlistenersession.js:92:18)
    at EventListener.onEvent (/home/dhanish/fabric_sfc/caliper-bench/node_modules/fabric-common/lib/EventListener.js:124:10)
    at EventService._callTransactionListener (/home/dhanish/fabric_sfc/caliper-bench/node_modules/fabric-common/lib/EventService.js:1051:16)
    at EventService._processTxEvents (/home/dhanish/fabric_sfc/caliper-bench/node_modules/fabric-common/lib/EventService.js:1006:12)
    at ClientDuplexStreamImpl.<anonymous> (/home/dhanish/fabric_sfc/caliper-bench/node_modules/fabric-common/lib/EventService.js:481:12)
    at ClientDuplexStreamImpl.emit (node:events:517:28)
    at addChunk (node:internal/streams/readable:368:12)
    at readableAddChunk (node:internal/streams/readable:341:9)
2026.08.11-09:20:07.844[31m error[39m [caliper] [connectors/v2/FabricGateway] 	Failed to perform submit transaction [setFinancePolicyForFinancier] using arguments [,{"minAPR":0.08,"maxAPR":0.24,"baseAPR":0.14,"minTenorDays":7,"maxTenorDays":45,"tenor":21,"minLtvPct":55,"maxLtvPct":85,"ltv":72,"penaltyBasePct":0.4}],  with error: TransactionError: Commit of transaction 77c1908d7453c66a3d66c7acdb85191f99447e1c2e2c6f0384bc5a605cf56649 failed on peer peer0.financiers.example.com:7051 with status MVCC_READ_CONFLICT
    at TransactionEventHandler.eventCallback (/home/dhanish/fabric_sfc/caliper-bench/node_modules/fabric-network/lib/impl/event/transactioneventhandler.js:111:31)
    at CommitListenerSession.notifyListener (/home/dhanish/fabric_sfc/caliper-bench/node_modules/fabric-network/lib/impl/event/commitlistenersession.js:101:18)
    at EventListener.callback (/home/dhanish/fabric_sfc/caliper-bench/node_modules/fabric-network/lib/impl/event/commitlistenersession.js:92:18)
    at EventListener.onEvent (/home/dhanish/fabric_sfc/caliper-bench/node_modules/fabric-common/lib/EventListener.js:124:10)
    at EventService._callTransactionListener (/home/dhanish/fabric_sfc/caliper-bench/node_modules/fabric-common/lib/EventService.js:1051:16)
    at EventService._processTxEvents (/home/dhanish/fabric_sfc/caliper-bench/node_modules/fabric-common/lib/EventService.js:1006:12)
    at ClientDuplexStreamImpl.<anonymous> (/home/dhanish/fabric_sfc/caliper-bench/node_modules/fabric-common/lib/EventService.js:481:12)
    at ClientDuplexStreamImpl.emit (node:events:517:28)
    at addChunk (node:internal/streams/readable:368:12)
    at readableAddChunk (node:internal/streams/readable:341:9)
2026.08.11-09:20:07.845[31m error[39m [caliper] [connectors/v2/FabricGateway] 	Failed to perform submit transaction [setFinancePolicyForFinancier] using arguments [,{"minAPR":0.08,"maxAPR":0.24,"baseAPR":0.14,"minTenorDays":7,"maxTenorDays":45,"tenor":21,"minLtvPct":55,"maxLtvPct":85,"ltv":72,"penaltyBasePct":0.4}],  with error: TransactionError: Commit of transaction 998b7130e9f61f78be6c7af0d7ae35de84a24eab1983d501b542837e33186a77 failed on peer peer0.financiers.example.com:7051 with status MVCC_READ_CONFLICT
    at TransactionEventHandler.eventCallback (/home/dhanish/fabric_sfc/caliper-bench/node_modules/fabric-network/lib/impl/event/transactioneventhandler.js:111:31)
    at CommitListenerSession.notifyListener (/home/dhanish/fabric_sfc/caliper-bench/node_modules/fabric-network/lib/impl/event/commitlistenersession.js:101:18)
    at EventListener.callback (/home/dhanish/fabric_sfc/caliper-bench/node_modules/fabric-network/lib/impl/event/commitlistenersession.js:92:18)
    at EventListener.onEvent (/home/dhanish/fabric_sfc/caliper-bench/node_modules/fabric-common/lib/EventListener.js:124:10)
    at EventService._callTransactionListener (/home/dhanish/fabric_sfc/caliper-bench/node_modules/fabric-common/lib/EventService.js:1051:16)
    at EventService._processTxEvents (/home/dhanish/fabric_sfc/caliper-bench/node_modules/fabric-common/lib/EventService.js:1006:12)
    at ClientDuplexStreamImpl.<anonymous> (/home/dhanish/fabric_sfc/caliper-bench/node_modules/fabric-common/lib/EventService.js:481:12)
    at ClientDuplexStreamImpl.emit (node:events:517:28)
    at addChunk (node:internal/streams/readable:368:12)
    at readableAddChunk (node:internal/streams/readable:341:9)
2026.08.11-09:20:07.845[31m error[39m [caliper] [connectors/v2/FabricGateway] 	Failed to perform submit transaction [setFinancePolicyForFinancier] using arguments [,{"minAPR":0.08,"maxAPR":0.24,"baseAPR":0.14,"minTenorDays":7,"maxTenorDays":45,"tenor":21,"minLtvPct":55,"maxLtvPct":85,"ltv":72,"penaltyBasePct":0.4}],  with error: TransactionError: Commit of transaction ac556c7d70bd682f92da5ce40e7eed36433106c1651a3a0365b497ff937be9db failed on peer peer0.financiers.example.com:7051 with status MVCC_READ_CONFLICT
    at TransactionEventHandler.eventCallback (/home/dhanish/fabric_sfc/caliper-bench/node_modules/fabric-network/lib/impl/event/transactioneventhandler.js:111:31)
    at CommitListenerSession.notifyListener (/home/dhanish/fabric_sfc/caliper-bench/node_modules/fabric-network/lib/impl/event/commitlistenersession.js:101:18)
    at EventListener.callback (/home/dhanish/fabric_sfc/caliper-bench/node_modules/fabric-network/lib/impl/event/commitlistenersession.js:92:18)
    at EventListener.onEvent (/home/dhanish/fabric_sfc/caliper-bench/node_modules/fabric-common/lib/EventListener.js:124:10)
    at EventService._callTransactionListener (/home/dhanish/fabric_sfc/caliper-bench/node_modules/fabric-common/lib/EventService.js:1051:16)
    at EventService._processTxEvents (/home/dhanish/fabric_sfc/caliper-bench/node_modules/fabric-common/lib/EventService.js:1006:12)
    at ClientDuplexStreamImpl.<anonymous> (/home/dhanish/fabric_sfc/caliper-bench/node_modules/fabric-common/lib/EventService.js:481:12)
    at ClientDuplexStreamImpl.emit (node:events:517:28)
    at addChunk (node:internal/streams/readable:368:12)
    at readableAddChunk (node:internal/streams/readable:341:9)
2026-08-11T09:20:07.878Z - [33mwarn[39m: [TransactionEventHandler]: strategyFail: commit failure for transaction "603d2537b083ec2e192d55c15cd9119461238fcfc5d92abcd53b4fe4afc97f66": TransactionError: Commit of transaction 603d2537b083ec2e192d55c15cd9119461238fcfc5d92abcd53b4fe4afc97f66 failed on peer peer0.financiers.example.com:7051 with status MVCC_READ_CONFLICT
    at TransactionEventHandler.eventCallback (/home/dhanish/fabric_sfc/caliper-bench/node_modules/fabric-network/lib/impl/event/transactioneventhandler.js:111:31)
    at CommitListenerSession.notifyListener (/home/dhanish/fabric_sfc/caliper-bench/node_modules/fabric-network/lib/impl/event/commitlistenersession.js:101:18)
    at EventListener.callback (/home/dhanish/fabric_sfc/caliper-bench/node_modules/fabric-network/lib/impl/event/commitlistenersession.js:92:18)
    at EventListener.onEvent (/home/dhanish/fabric_sfc/caliper-bench/node_modules/fabric-common/lib/EventListener.js:124:10)
    at EventService._callTransactionListener (/home/dhanish/fabric_sfc/caliper-bench/node_modules/fabric-common/lib/EventService.js:1051:16)
    at EventService._processTxEvents (/home/dhanish/fabric_sfc/caliper-bench/node_modules/fabric-common/lib/EventService.js:1006:12)
    at ClientDuplexStreamImpl.<anonymous> (/home/dhanish/fabric_sfc/caliper-bench/node_modules/fabric-common/lib/EventService.js:481:12)
    at ClientDuplexStreamImpl.emit (node:events:517:28)
    at addChunk (node:internal/streams/readable:368:12)
    at readableAddChunk (node:internal/streams/readable:341:9) {
  transactionId: '603d2537b083ec2e192d55c15cd9119461238fcfc5d92abcd53b4fe4afc97f66',
  transactionCode: 'MVCC_READ_CONFLICT'
}
2026-08-11T09:20:07.879Z - [33mwarn[39m: [TransactionEventHandler]: strategyFail: commit failure for transaction "1e1fa526ed163b421d5a94825160035db3bd71e371a010c6bf84619bb3c5a909": TransactionError: Commit of transaction 1e1fa526ed163b421d5a94825160035db3bd71e371a010c6bf84619bb3c5a909 failed on peer peer0.financiers.example.com:7051 with status MVCC_READ_CONFLICT
    at TransactionEventHandler.eventCallback (/home/dhanish/fabric_sfc/caliper-bench/node_modules/fabric-network/lib/impl/event/transactioneventhandler.js:111:31)
    at CommitListenerSession.notifyListener (/home/dhanish/fabric_sfc/caliper-bench/node_modules/fabric-network/lib/impl/event/commitlistenersession.js:101:18)
    at EventListener.callback (/home/dhanish/fabric_sfc/caliper-bench/node_modules/fabric-network/lib/impl/event/commitlistenersession.js:92:18)
    at EventListener.onEvent (/home/dhanish/fabric_sfc/caliper-bench/node_modules/fabric-common/lib/EventListener.js:124:10)
    at EventService._callTransactionListener (/home/dhanish/fabric_sfc/caliper-bench/node_modules/fabric-common/lib/EventService.js:1051:16)
    at EventService._processTxEvents (/home/dhanish/fabric_sfc/caliper-bench/node_modules/fabric-common/lib/EventService.js:1006:12)
    at ClientDuplexStreamImpl.<anonymous> (/home/dhanish/fabric_sfc/caliper-bench/node_modules/fabric-common/lib/EventService.js:481:12)
    at ClientDuplexStreamImpl.emit (node:events:517:28)
    at addChunk (node:internal/streams/readable:368:12)
    at readableAddChunk (node:internal/streams/readable:341:9) {
  transactionId: '1e1fa526ed163b421d5a94825160035db3bd71e371a010c6bf84619bb3c5a909',
  transactionCode: 'MVCC_READ_CONFLICT'
}
2026-08-11T09:20:07.880Z - [33mwarn[39m: [TransactionEventHandler]: strategyFail: commit failure for transaction "faac1676d8e0f91a91ac60c026479ca1839492b96bede00ee09a0550444bce97": TransactionError: Commit of transaction faac1676d8e0f91a91ac60c026479ca1839492b96bede00ee09a0550444bce97 failed on peer peer0.financiers.example.com:7051 with status MVCC_READ_CONFLICT
    at TransactionEventHandler.eventCallback (/home/dhanish/fabric_sfc/caliper-bench/node_modules/fabric-network/lib/impl/event/transactioneventhandler.js:111:31)
    at CommitListenerSession.notifyListener (/home/dhanish/fabric_sfc/caliper-bench/node_modules/fabric-network/lib/impl/event/commitlistenersession.js:101:18)
    at EventListener.callback (/home/dhanish/fabric_sfc/caliper-bench/node_modules/fabric-network/lib/impl/event/commitlistenersession.js:92:18)
    at EventListener.onEvent (/home/dhanish/fabric_sfc/caliper-bench/node_modules/fabric-common/lib/EventListener.js:124:10)
    at EventService._callTransactionListener (/home/dhanish/fabric_sfc/caliper-bench/node_modules/fabric-common/lib/EventService.js:1051:16)
    at EventService._processTxEvents (/home/dhanish/fabric_sfc/caliper-bench/node_modules/fabric-common/lib/EventService.js:1006:12)
    at ClientDuplexStreamImpl.<anonymous> (/home/dhanish/fabric_sfc/caliper-bench/node_modules/fabric-common/lib/EventService.js:481:12)
    at ClientDuplexStreamImpl.emit (node:events:517:28)
    at addChunk (node:internal/streams/readable:368:12)
    at readableAddChunk (node:internal/streams/readable:341:9) {
  transactionId: 'faac1676d8e0f91a91ac60c026479ca1839492b96bede00ee09a0550444bce97',
  transactionCode: 'MVCC_READ_CONFLICT'
}
2026.08.11-09:20:07.880[31m error[39m [caliper] [connectors/v2/FabricGateway] 	Failed to perform submit transaction [setFinancePolicyForFinancier] using arguments [,{"minAPR":0.08,"maxAPR":0.24,"baseAPR":0.14,"minTenorDays":7,"maxTenorDays":45,"tenor":21,"minLtvPct":55,"maxLtvPct":85,"ltv":72,"penaltyBasePct":0.4}],  with error: TransactionError: Commit of transaction 603d2537b083ec2e192d55c15cd9119461238fcfc5d92abcd53b4fe4afc97f66 failed on peer peer0.financiers.example.com:7051 with status MVCC_READ_CONFLICT
    at TransactionEventHandler.eventCallback (/home/dhanish/fabric_sfc/caliper-bench/node_modules/fabric-network/lib/impl/event/transactioneventhandler.js:111:31)
    at CommitListenerSession.notifyListener (/home/dhanish/fabric_sfc/caliper-bench/node_modules/fabric-network/lib/impl/event/commitlistenersession.js:101:18)
    at EventListener.callback (/home/dhanish/fabric_sfc/caliper-bench/node_modules/fabric-network/lib/impl/event/commitlistenersession.js:92:18)
    at EventListener.onEvent (/home/dhanish/fabric_sfc/caliper-bench/node_modules/fabric-common/lib/EventListener.js:124:10)
    at EventService._callTransactionListener (/home/dhanish/fabric_sfc/caliper-bench/node_modules/fabric-common/lib/EventService.js:1051:16)
    at EventService._processTxEvents (/home/dhanish/fabric_sfc/caliper-bench/node_modules/fabric-common/lib/EventService.js:1006:12)
    at ClientDuplexStreamImpl.<anonymous> (/home/dhanish/fabric_sfc/caliper-bench/node_modules/fabric-common/lib/EventService.js:481:12)
    at ClientDuplexStreamImpl.emit (node:events:517:28)
    at addChunk (node:internal/streams/readable:368:12)
    at readableAddChunk (node:internal/streams/readable:341:9)
2026.08.11-09:20:07.880[31m error[39m [caliper] [connectors/v2/FabricGateway] 	Failed to perform submit transaction [setFinancePolicyForFinancier] using arguments [,{"minAPR":0.08,"maxAPR":0.24,"baseAPR":0.14,"minTenorDays":7,"maxTenorDays":45,"tenor":21,"minLtvPct":55,"maxLtvPct":85,"ltv":72,"penaltyBasePct":0.4}],  with error: TransactionError: Commit of transaction 1e1fa526ed163b421d5a94825160035db3bd71e371a010c6bf84619bb3c5a909 failed on peer peer0.financiers.example.com:7051 with status MVCC_READ_CONFLICT
    at TransactionEventHandler.eventCallback (/home/dhanish/fabric_sfc/caliper-bench/node_modules/fabric-network/lib/impl/event/transactioneventhandler.js:111:31)
    at CommitListenerSession.notifyListener (/home/dhanish/fabric_sfc/caliper-bench/node_modules/fabric-network/lib/impl/event/commitlistenersession.js:101:18)
    at EventListener.callback (/home/dhanish/fabric_sfc/caliper-bench/node_modules/fabric-network/lib/impl/event/commitlistenersession.js:92:18)
    at EventListener.onEvent (/home/dhanish/fabric_sfc/caliper-bench/node_modules/fabric-common/lib/EventListener.js:124:10)
    at EventService._callTransactionListener (/home/dhanish/fabric_sfc/caliper-bench/node_modules/fabric-common/lib/EventService.js:1051:16)
    at EventService._processTxEvents (/home/dhanish/fabric_sfc/caliper-bench/node_modules/fabric-common/lib/EventService.js:1006:12)
    at ClientDuplexStreamImpl.<anonymous> (/home/dhanish/fabric_sfc/caliper-bench/node_modules/fabric-common/lib/EventService.js:481:12)
    at ClientDuplexStreamImpl.emit (node:events:517:28)
    at addChunk (node:internal/streams/readable:368:12)
    at readableAddChunk (node:internal/streams/readable:341:9)
2026-08-11T09:20:07.881Z - [33mwarn[39m: [TransactionEventHandler]: strategyFail: commit failure for transaction "82b1725056ec1e742ef7d6f4200b74c64522088e62fd7c06065a5e32a8b15470": TransactionError: Commit of transaction 82b1725056ec1e742ef7d6f4200b74c64522088e62fd7c06065a5e32a8b15470 failed on peer peer0.financiers.example.com:7051 with status MVCC_READ_CONFLICT
    at TransactionEventHandler.eventCallback (/home/dhanish/fabric_sfc/caliper-bench/node_modules/fabric-network/lib/impl/event/transactioneventhandler.js:111:31)
    at CommitListenerSession.notifyListener (/home/dhanish/fabric_sfc/caliper-bench/node_modules/fabric-network/lib/impl/event/commitlistenersession.js:101:18)
    at EventListener.callback (/home/dhanish/fabric_sfc/caliper-bench/node_modules/fabric-network/lib/impl/event/commitlistenersession.js:92:18)
    at EventListener.onEvent (/home/dhanish/fabric_sfc/caliper-bench/node_modules/fabric-common/lib/EventListener.js:124:10)
    at EventService._callTransactionListener (/home/dhanish/fabric_sfc/caliper-bench/node_modules/fabric-common/lib/EventService.js:1051:16)
    at EventService._processTxEvents (/home/dhanish/fabric_sfc/caliper-bench/node_modules/fabric-common/lib/EventService.js:1006:12)
    at ClientDuplexStreamImpl.<anonymous> (/home/dhanish/fabric_sfc/caliper-bench/node_modules/fabric-common/lib/EventService.js:481:12)
    at ClientDuplexStreamImpl.emit (node:events:517:28)
    at addChunk (node:internal/streams/readable:368:12)
    at readableAddChunk (node:internal/streams/readable:341:9) {
  transactionId: '82b1725056ec1e742ef7d6f4200b74c64522088e62fd7c06065a5e32a8b15470',
  transactionCode: 'MVCC_READ_CONFLICT'
}
2026.08.11-09:20:07.881[31m error[39m [caliper] [connectors/v2/FabricGateway] 	Failed to perform submit transaction [setFinancePolicyForFinancier] using arguments [,{"minAPR":0.08,"maxAPR":0.24,"baseAPR":0.14,"minTenorDays":7,"maxTenorDays":45,"tenor":21,"minLtvPct":55,"maxLtvPct":85,"ltv":72,"penaltyBasePct":0.4}],  with error: TransactionError: Commit of transaction faac1676d8e0f91a91ac60c026479ca1839492b96bede00ee09a0550444bce97 failed on peer peer0.financiers.example.com:7051 with status MVCC_READ_CONFLICT
    at TransactionEventHandler.eventCallback (/home/dhanish/fabric_sfc/caliper-bench/node_modules/fabric-network/lib/impl/event/transactioneventhandler.js:111:31)
    at CommitListenerSession.notifyListener (/home/dhanish/fabric_sfc/caliper-bench/node_modules/fabric-network/lib/impl/event/commitlistenersession.js:101:18)
    at EventListener.callback (/home/dhanish/fabric_sfc/caliper-bench/node_modules/fabric-network/lib/impl/event/commitlistenersession.js:92:18)
    at EventListener.onEvent (/home/dhanish/fabric_sfc/caliper-bench/node_modules/fabric-common/lib/EventListener.js:124:10)
    at EventService._callTransactionListener (/home/dhanish/fabric_sfc/caliper-bench/node_modules/fabric-common/lib/EventService.js:1051:16)
    at EventService._processTxEvents (/home/dhanish/fabric_sfc/caliper-bench/node_modules/fabric-common/lib/EventService.js:1006:12)
    at ClientDuplexStreamImpl.<anonymous> (/home/dhanish/fabric_sfc/caliper-bench/node_modules/fabric-common/lib/EventService.js:481:12)
    at ClientDuplexStreamImpl.emit (node:events:517:28)
    at addChunk (node:internal/streams/readable:368:12)
    at readableAddChunk (node:internal/streams/readable:341:9)
2026.08.11-09:20:07.881[31m error[39m [caliper] [connectors/v2/FabricGateway] 	Failed to perform submit transaction [setFinancePolicyForFinancier] using arguments [,{"minAPR":0.08,"maxAPR":0.24,"baseAPR":0.14,"minTenorDays":7,"maxTenorDays":45,"tenor":21,"minLtvPct":55,"maxLtvPct":85,"ltv":72,"penaltyBasePct":0.4}],  with error: TransactionError: Commit of transaction 82b1725056ec1e742ef7d6f4200b74c64522088e62fd7c06065a5e32a8b15470 failed on peer peer0.financiers.example.com:7051 with status MVCC_READ_CONFLICT
    at TransactionEventHandler.eventCallback (/home/dhanish/fabric_sfc/caliper-bench/node_modules/fabric-network/lib/impl/event/transactioneventhandler.js:111:31)
    at CommitListenerSession.notifyListener (/home/dhanish/fabric_sfc/caliper-bench/node_modules/fabric-network/lib/impl/event/commitlistenersession.js:101:18)
    at EventListener.callback (/home/dhanish/fabric_sfc/caliper-bench/node_modules/fabric-network/lib/impl/event/commitlistenersession.js:92:18)
    at EventListener.onEvent (/home/dhanish/fabric_sfc/caliper-bench/node_modules/fabric-common/lib/EventListener.js:124:10)
    at EventService._callTransactionListener (/home/dhanish/fabric_sfc/caliper-bench/node_modules/fabric-common/lib/EventService.js:1051:16)
    at EventService._processTxEvents (/home/dhanish/fabric_sfc/caliper-bench/node_modules/fabric-common/lib/EventService.js:1006:12)
    at ClientDuplexStreamImpl.<anonymous> (/home/dhanish/fabric_sfc/caliper-bench/node_modules/fabric-common/lib/EventService.js:481:12)
    at ClientDuplexStreamImpl.emit (node:events:517:28)
    at addChunk (node:internal/streams/readable:368:12)
    at readableAddChunk (node:internal/streams/readable:341:9)
2026-08-11T09:20:07.883Z - [33mwarn[39m: [TransactionEventHandler]: strategyFail: commit failure for transaction "b097e7d8294e1db1cf7b81b497d55e92cf33aaf13b65365e8cc79300395e85c3": TransactionError: Commit of transaction b097e7d8294e1db1cf7b81b497d55e92cf33aaf13b65365e8cc79300395e85c3 failed on peer peer0.financiers.example.com:7051 with status MVCC_READ_CONFLICT
    at TransactionEventHandler.eventCallback (/home/dhanish/fabric_sfc/caliper-bench/node_modules/fabric-network/lib/impl/event/transactioneventhandler.js:111:31)
    at CommitListenerSession.notifyListener (/home/dhanish/fabric_sfc/caliper-bench/node_modules/fabric-network/lib/impl/event/commitlistenersession.js:101:18)
    at EventListener.callback (/home/dhanish/fabric_sfc/caliper-bench/node_modules/fabric-network/lib/impl/event/commitlistenersession.js:92:18)
    at EventListener.onEvent (/home/dhanish/fabric_sfc/caliper-bench/node_modules/fabric-common/lib/EventListener.js:124:10)
    at EventService._callTransactionListener (/home/dhanish/fabric_sfc/caliper-bench/node_modules/fabric-common/lib/EventService.js:1051:16)
    at EventService._processTxEvents (/home/dhanish/fabric_sfc/caliper-bench/node_modules/fabric-common/lib/EventService.js:1006:12)
    at ClientDuplexStreamImpl.<anonymous> (/home/dhanish/fabric_sfc/caliper-bench/node_modules/fabric-common/lib/EventService.js:481:12)
    at ClientDuplexStreamImpl.emit (node:events:517:28)
    at addChunk (node:internal/streams/readable:368:12)
    at readableAddChunk (node:internal/streams/readable:341:9) {
  transactionId: 'b097e7d8294e1db1cf7b81b497d55e92cf33aaf13b65365e8cc79300395e85c3',
  transactionCode: 'MVCC_READ_CONFLICT'
}
2026-08-11T09:20:07.883Z - [33mwarn[39m: [TransactionEventHandler]: strategyFail: commit failure for transaction "5563fe4aee56485aa799dd98226e1d91df3181acfc231ee9f629ced974ee8342": TransactionError: Commit of transaction 5563fe4aee56485aa799dd98226e1d91df3181acfc231ee9f629ced974ee8342 failed on peer peer0.financiers.example.com:7051 with status MVCC_READ_CONFLICT
    at TransactionEventHandler.eventCallback (/home/dhanish/fabric_sfc/caliper-bench/node_modules/fabric-network/lib/impl/event/transactioneventhandler.js:111:31)
    at CommitListenerSession.notifyListener (/home/dhanish/fabric_sfc/caliper-bench/node_modules/fabric-network/lib/impl/event/commitlistenersession.js:101:18)
    at EventListener.callback (/home/dhanish/fabric_sfc/caliper-bench/node_modules/fabric-network/lib/impl/event/commitlistenersession.js:92:18)
    at EventListener.onEvent (/home/dhanish/fabric_sfc/caliper-bench/node_modules/fabric-common/lib/EventListener.js:124:10)
    at EventService._callTransactionListener (/home/dhanish/fabric_sfc/caliper-bench/node_modules/fabric-common/lib/EventService.js:1051:16)
    at EventService._processTxEvents (/home/dhanish/fabric_sfc/caliper-bench/node_modules/fabric-common/lib/EventService.js:1006:12)
    at ClientDuplexStreamImpl.<anonymous> (/home/dhanish/fabric_sfc/caliper-bench/node_modules/fabric-common/lib/EventService.js:481:12)
    at ClientDuplexStreamImpl.emit (node:events:517:28)
    at addChunk (node:internal/streams/readable:368:12)
    at readableAddChunk (node:internal/streams/readable:341:9) {
  transactionId: '5563fe4aee56485aa799dd98226e1d91df3181acfc231ee9f629ced974ee8342',
  transactionCode: 'MVCC_READ_CONFLICT'
}
2026-08-11T09:20:07.884Z - [33mwarn[39m: [TransactionEventHandler]: strategyFail: commit failure for transaction "660d0f5ddcb9dc310cf55eec680dbd03aa8da40fb4a990fb3921b16b693d6fb4": TransactionError: Commit of transaction 660d0f5ddcb9dc310cf55eec680dbd03aa8da40fb4a990fb3921b16b693d6fb4 failed on peer peer0.financiers.example.com:7051 with status MVCC_READ_CONFLICT
    at TransactionEventHandler.eventCallback (/home/dhanish/fabric_sfc/caliper-bench/node_modules/fabric-network/lib/impl/event/transactioneventhandler.js:111:31)
    at CommitListenerSession.notifyListener (/home/dhanish/fabric_sfc/caliper-bench/node_modules/fabric-network/lib/impl/event/commitlistenersession.js:101:18)
    at EventListener.callback (/home/dhanish/fabric_sfc/caliper-bench/node_modules/fabric-network/lib/impl/event/commitlistenersession.js:92:18)
    at EventListener.onEvent (/home/dhanish/fabric_sfc/caliper-bench/node_modules/fabric-common/lib/EventListener.js:124:10)
    at EventService._callTransactionListener (/home/dhanish/fabric_sfc/caliper-bench/node_modules/fabric-common/lib/EventService.js:1051:16)
    at EventService._processTxEvents (/home/dhanish/fabric_sfc/caliper-bench/node_modules/fabric-common/lib/EventService.js:1006:12)
    at ClientDuplexStreamImpl.<anonymous> (/home/dhanish/fabric_sfc/caliper-bench/node_modules/fabric-common/lib/EventService.js:481:12)
    at ClientDuplexStreamImpl.emit (node:events:517:28)
    at addChunk (node:internal/streams/readable:368:12)
    at readableAddChunk (node:internal/streams/readable:341:9) {
  transactionId: '660d0f5ddcb9dc310cf55eec680dbd03aa8da40fb4a990fb3921b16b693d6fb4',
  transactionCode: 'MVCC_READ_CONFLICT'
}
2026-08-11T09:20:07.885Z - [33mwarn[39m: [TransactionEventHandler]: strategyFail: commit failure for transaction "d36cb081d995256012c84fed168f2f18456c7cc4eda8d27f1226aff472ddbc50": TransactionError: Commit of transaction d36cb081d995256012c84fed168f2f18456c7cc4eda8d27f1226aff472ddbc50 failed on peer peer0.financiers.example.com:7051 with status MVCC_READ_CONFLICT
    at TransactionEventHandler.eventCallback (/home/dhanish/fabric_sfc/caliper-bench/node_modules/fabric-network/lib/impl/event/transactioneventhandler.js:111:31)
    at CommitListenerSession.notifyListener (/home/dhanish/fabric_sfc/caliper-bench/node_modules/fabric-network/lib/impl/event/commitlistenersession.js:101:18)
    at EventListener.callback (/home/dhanish/fabric_sfc/caliper-bench/node_modules/fabric-network/lib/impl/event/commitlistenersession.js:92:18)
    at EventListener.onEvent (/home/dhanish/fabric_sfc/caliper-bench/node_modules/fabric-common/lib/EventListener.js:124:10)
    at EventService._callTransactionListener (/home/dhanish/fabric_sfc/caliper-bench/node_modules/fabric-common/lib/EventService.js:1051:16)
    at EventService._processTxEvents (/home/dhanish/fabric_sfc/caliper-bench/node_modules/fabric-common/lib/EventService.js:1006:12)
    at ClientDuplexStreamImpl.<anonymous> (/home/dhanish/fabric_sfc/caliper-bench/node_modules/fabric-common/lib/EventService.js:481:12)
    at ClientDuplexStreamImpl.emit (node:events:517:28)
    at addChunk (node:internal/streams/readable:368:12)
    at readableAddChunk (node:internal/streams/readable:341:9) {
  transactionId: 'd36cb081d995256012c84fed168f2f18456c7cc4eda8d27f1226aff472ddbc50',
  transactionCode: 'MVCC_READ_CONFLICT'
}
2026.08.11-09:20:07.885[31m error[39m [caliper] [connectors/v2/FabricGateway] 	Failed to perform submit transaction [setFinancePolicyForFinancier] using arguments [,{"minAPR":0.08,"maxAPR":0.24,"baseAPR":0.14,"minTenorDays":7,"maxTenorDays":45,"tenor":21,"minLtvPct":55,"maxLtvPct":85,"ltv":72,"penaltyBasePct":0.4}],  with error: TransactionError: Commit of transaction b097e7d8294e1db1cf7b81b497d55e92cf33aaf13b65365e8cc79300395e85c3 failed on peer peer0.financiers.example.com:7051 with status MVCC_READ_CONFLICT
    at TransactionEventHandler.eventCallback (/home/dhanish/fabric_sfc/caliper-bench/node_modules/fabric-network/lib/impl/event/transactioneventhandler.js:111:31)
    at CommitListenerSession.notifyListener (/home/dhanish/fabric_sfc/caliper-bench/node_modules/fabric-network/lib/impl/event/commitlistenersession.js:101:18)
    at EventListener.callback (/home/dhanish/fabric_sfc/caliper-bench/node_modules/fabric-network/lib/impl/event/commitlistenersession.js:92:18)
    at EventListener.onEvent (/home/dhanish/fabric_sfc/caliper-bench/node_modules/fabric-common/lib/EventListener.js:124:10)
    at EventService._callTransactionListener (/home/dhanish/fabric_sfc/caliper-bench/node_modules/fabric-common/lib/EventService.js:1051:16)
    at EventService._processTxEvents (/home/dhanish/fabric_sfc/caliper-bench/node_modules/fabric-common/lib/EventService.js:1006:12)
    at ClientDuplexStreamImpl.<anonymous> (/home/dhanish/fabric_sfc/caliper-bench/node_modules/fabric-common/lib/EventService.js:481:12)
    at ClientDuplexStreamImpl.emit (node:events:517:28)
    at addChunk (node:internal/streams/readable:368:12)
    at readableAddChunk (node:internal/streams/readable:341:9)
2026.08.11-09:20:07.885[31m error[39m [caliper] [connectors/v2/FabricGateway] 	Failed to perform submit transaction [setFinancePolicyForFinancier] using arguments [,{"minAPR":0.08,"maxAPR":0.24,"baseAPR":0.14,"minTenorDays":7,"maxTenorDays":45,"tenor":21,"minLtvPct":55,"maxLtvPct":85,"ltv":72,"penaltyBasePct":0.4}],  with error: TransactionError: Commit of transaction 5563fe4aee56485aa799dd98226e1d91df3181acfc231ee9f629ced974ee8342 failed on peer peer0.financiers.example.com:7051 with status MVCC_READ_CONFLICT
    at TransactionEventHandler.eventCallback (/home/dhanish/fabric_sfc/caliper-bench/node_modules/fabric-network/lib/impl/event/transactioneventhandler.js:111:31)
    at CommitListenerSession.notifyListener (/home/dhanish/fabric_sfc/caliper-bench/node_modules/fabric-network/lib/impl/event/commitlistenersession.js:101:18)
    at EventListener.callback (/home/dhanish/fabric_sfc/caliper-bench/node_modules/fabric-network/lib/impl/event/commitlistenersession.js:92:18)
    at EventListener.onEvent (/home/dhanish/fabric_sfc/caliper-bench/node_modules/fabric-common/lib/EventListener.js:124:10)
    at EventService._callTransactionListener (/home/dhanish/fabric_sfc/caliper-bench/node_modules/fabric-common/lib/EventService.js:1051:16)
    at EventService._processTxEvents (/home/dhanish/fabric_sfc/caliper-bench/node_modules/fabric-common/lib/EventService.js:1006:12)
    at ClientDuplexStreamImpl.<anonymous> (/home/dhanish/fabric_sfc/caliper-bench/node_modules/fabric-common/lib/EventService.js:481:12)
    at ClientDuplexStreamImpl.emit (node:events:517:28)
    at addChunk (node:internal/streams/readable:368:12)
    at readableAddChunk (node:internal/streams/readable:341:9)
2026.08.11-09:20:07.886[31m error[39m [caliper] [connectors/v2/FabricGateway] 	Failed to perform submit transaction [setFinancePolicyForFinancier] using arguments [,{"minAPR":0.08,"maxAPR":0.24,"baseAPR":0.14,"minTenorDays":7,"maxTenorDays":45,"tenor":21,"minLtvPct":55,"maxLtvPct":85,"ltv":72,"penaltyBasePct":0.4}],  with error: TransactionError: Commit of transaction 660d0f5ddcb9dc310cf55eec680dbd03aa8da40fb4a990fb3921b16b693d6fb4 failed on peer peer0.financiers.example.com:7051 with status MVCC_READ_CONFLICT
    at TransactionEventHandler.eventCallback (/home/dhanish/fabric_sfc/caliper-bench/node_modules/fabric-network/lib/impl/event/transactioneventhandler.js:111:31)
    at CommitListenerSession.notifyListener (/home/dhanish/fabric_sfc/caliper-bench/node_modules/fabric-network/lib/impl/event/commitlistenersession.js:101:18)
    at EventListener.callback (/home/dhanish/fabric_sfc/caliper-bench/node_modules/fabric-network/lib/impl/event/commitlistenersession.js:92:18)
    at EventListener.onEvent (/home/dhanish/fabric_sfc/caliper-bench/node_modules/fabric-common/lib/EventListener.js:124:10)
    at EventService._callTransactionListener (/home/dhanish/fabric_sfc/caliper-bench/node_modules/fabric-common/lib/EventService.js:1051:16)
    at EventService._processTxEvents (/home/dhanish/fabric_sfc/caliper-bench/node_modules/fabric-common/lib/EventService.js:1006:12)
    at ClientDuplexStreamImpl.<anonymous> (/home/dhanish/fabric_sfc/caliper-bench/node_modules/fabric-common/lib/EventService.js:481:12)
    at ClientDuplexStreamImpl.emit (node:events:517:28)
    at addChunk (node:internal/streams/readable:368:12)
    at readableAddChunk (node:internal/streams/readable:341:9)
2026-08-11T09:20:07.886Z - [33mwarn[39m: [TransactionEventHandler]: strategyFail: commit failure for transaction "ef88175324c56f0b41f9fa095f06548d3063971a369fe51dcbd0786eb962c771": TransactionError: Commit of transaction ef88175324c56f0b41f9fa095f06548d3063971a369fe51dcbd0786eb962c771 failed on peer peer0.financiers.example.com:7051 with status MVCC_READ_CONFLICT
    at TransactionEventHandler.eventCallback (/home/dhanish/fabric_sfc/caliper-bench/node_modules/fabric-network/lib/impl/event/transactioneventhandler.js:111:31)
    at CommitListenerSession.notifyListener (/home/dhanish/fabric_sfc/caliper-bench/node_modules/fabric-network/lib/impl/event/commitlistenersession.js:101:18)
    at EventListener.callback (/home/dhanish/fabric_sfc/caliper-bench/node_modules/fabric-network/lib/impl/event/commitlistenersession.js:92:18)
    at EventListener.onEvent (/home/dhanish/fabric_sfc/caliper-bench/node_modules/fabric-common/lib/EventListener.js:124:10)
    at EventService._callTransactionListener (/home/dhanish/fabric_sfc/caliper-bench/node_modules/fabric-common/lib/EventService.js:1051:16)
    at EventService._processTxEvents (/home/dhanish/fabric_sfc/caliper-bench/node_modules/fabric-common/lib/EventService.js:1006:12)
    at ClientDuplexStreamImpl.<anonymous> (/home/dhanish/fabric_sfc/caliper-bench/node_modules/fabric-common/lib/EventService.js:481:12)
    at ClientDuplexStreamImpl.emit (node:events:517:28)
    at addChunk (node:internal/streams/readable:368:12)
    at readableAddChunk (node:internal/streams/readable:341:9) {
  transactionId: 'ef88175324c56f0b41f9fa095f06548d3063971a369fe51dcbd0786eb962c771',
  transactionCode: 'MVCC_READ_CONFLICT'
}
2026.08.11-09:20:07.888[31m error[39m [caliper] [connectors/v2/FabricGateway] 	Failed to perform submit transaction [setFinancePolicyForFinancier] using arguments [,{"minAPR":0.08,"maxAPR":0.24,"baseAPR":0.14,"minTenorDays":7,"maxTenorDays":45,"tenor":21,"minLtvPct":55,"maxLtvPct":85,"ltv":72,"penaltyBasePct":0.4}],  with error: TransactionError: Commit of transaction d36cb081d995256012c84fed168f2f18456c7cc4eda8d27f1226aff472ddbc50 failed on peer peer0.financiers.example.com:7051 with status MVCC_READ_CONFLICT
    at TransactionEventHandler.eventCallback (/home/dhanish/fabric_sfc/caliper-bench/node_modules/fabric-network/lib/impl/event/transactioneventhandler.js:111:31)
    at CommitListenerSession.notifyListener (/home/dhanish/fabric_sfc/caliper-bench/node_modules/fabric-network/lib/impl/event/commitlistenersession.js:101:18)
    at EventListener.callback (/home/dhanish/fabric_sfc/caliper-bench/node_modules/fabric-network/lib/impl/event/commitlistenersession.js:92:18)
    at EventListener.onEvent (/home/dhanish/fabric_sfc/caliper-bench/node_modules/fabric-common/lib/EventListener.js:124:10)
    at EventService._callTransactionListener (/home/dhanish/fabric_sfc/caliper-bench/node_modules/fabric-common/lib/EventService.js:1051:16)
    at EventService._processTxEvents (/home/dhanish/fabric_sfc/caliper-bench/node_modules/fabric-common/lib/EventService.js:1006:12)
    at ClientDuplexStreamImpl.<anonymous> (/home/dhanish/fabric_sfc/caliper-bench/node_modules/fabric-common/lib/EventService.js:481:12)
    at ClientDuplexStreamImpl.emit (node:events:517:28)
    at addChunk (node:internal/streams/readable:368:12)
    at readableAddChunk (node:internal/streams/readable:341:9)
2026.08.11-09:20:07.889[31m error[39m [caliper] [connectors/v2/FabricGateway] 	Failed to perform submit transaction [setFinancePolicyForFinancier] using arguments [,{"minAPR":0.08,"maxAPR":0.24,"baseAPR":0.14,"minTenorDays":7,"maxTenorDays":45,"tenor":21,"minLtvPct":55,"maxLtvPct":85,"ltv":72,"penaltyBasePct":0.4}],  with error: TransactionError: Commit of transaction ef88175324c56f0b41f9fa095f06548d3063971a369fe51dcbd0786eb962c771 failed on peer peer0.financiers.example.com:7051 with status MVCC_READ_CONFLICT
    at TransactionEventHandler.eventCallback (/home/dhanish/fabric_sfc/caliper-bench/node_modules/fabric-network/lib/impl/event/transactioneventhandler.js:111:31)
    at CommitListenerSession.notifyListener (/home/dhanish/fabric_sfc/caliper-bench/node_modules/fabric-network/lib/impl/event/commitlistenersession.js:101:18)
    at EventListener.callback (/home/dhanish/fabric_sfc/caliper-bench/node_modules/fabric-network/lib/impl/event/commitlistenersession.js:92:18)
    at EventListener.onEvent (/home/dhanish/fabric_sfc/caliper-bench/node_modules/fabric-common/lib/EventListener.js:124:10)
    at EventService._callTransactionListener (/home/dhanish/fabric_sfc/caliper-bench/node_modules/fabric-common/lib/EventService.js:1051:16)
    at EventService._processTxEvents (/home/dhanish/fabric_sfc/caliper-bench/node_modules/fabric-common/lib/EventService.js:1006:12)
    at ClientDuplexStreamImpl.<anonymous> (/home/dhanish/fabric_sfc/caliper-bench/node_modules/fabric-common/lib/EventService.js:481:12)
    at ClientDuplexStreamImpl.emit (node:events:517:28)
    at addChunk (node:internal/streams/readable:368:12)
    at readableAddChunk (node:internal/streams/readable:341:9)
2026-08-11T09:20:07.912Z - [33mwarn[39m: [TransactionEventHandler]: strategyFail: commit failure for transaction "20f8ecd185bd3b3faecf05147a71d467a807dd0bc95f3c82d8347ac4ab5dd31c": TransactionError: Commit of transaction 20f8ecd185bd3b3faecf05147a71d467a807dd0bc95f3c82d8347ac4ab5dd31c failed on peer peer0.financiers.example.com:7051 with status MVCC_READ_CONFLICT
    at TransactionEventHandler.eventCallback (/home/dhanish/fabric_sfc/caliper-bench/node_modules/fabric-network/lib/impl/event/transactioneventhandler.js:111:31)
    at CommitListenerSession.notifyListener (/home/dhanish/fabric_sfc/caliper-bench/node_modules/fabric-network/lib/impl/event/commitlistenersession.js:101:18)
    at EventListener.callback (/home/dhanish/fabric_sfc/caliper-bench/node_modules/fabric-network/lib/impl/event/commitlistenersession.js:92:18)
    at EventListener.onEvent (/home/dhanish/fabric_sfc/caliper-bench/node_modules/fabric-common/lib/EventListener.js:124:10)
    at EventService._callTransactionListener (/home/dhanish/fabric_sfc/caliper-bench/node_modules/fabric-common/lib/EventService.js:1051:16)
    at EventService._processTxEvents (/home/dhanish/fabric_sfc/caliper-bench/node_modules/fabric-common/lib/EventService.js:1006:12)
    at ClientDuplexStreamImpl.<anonymous> (/home/dhanish/fabric_sfc/caliper-bench/node_modules/fabric-common/lib/EventService.js:481:12)
    at ClientDuplexStreamImpl.emit (node:events:517:28)
    at addChunk (node:internal/streams/readable:368:12)
    at readableAddChunk (node:internal/streams/readable:341:9) {
  transactionId: '20f8ecd185bd3b3faecf05147a71d467a807dd0bc95f3c82d8347ac4ab5dd31c',
  transactionCode: 'MVCC_READ_CONFLICT'
}
2026-08-11T09:20:07.913Z - [33mwarn[39m: [TransactionEventHandler]: strategyFail: commit failure for transaction "d567a7bc5b63da443b0f66770b6dfd531ade216a0a6699d932ff9b27243f1333": TransactionError: Commit of transaction d567a7bc5b63da443b0f66770b6dfd531ade216a0a6699d932ff9b27243f1333 failed on peer peer0.financiers.example.com:7051 with status MVCC_READ_CONFLICT
    at TransactionEventHandler.eventCallback (/home/dhanish/fabric_sfc/caliper-bench/node_modules/fabric-network/lib/impl/event/transactioneventhandler.js:111:31)
    at CommitListenerSession.notifyListener (/home/dhanish/fabric_sfc/caliper-bench/node_modules/fabric-network/lib/impl/event/commitlistenersession.js:101:18)
    at EventListener.callback (/home/dhanish/fabric_sfc/caliper-bench/node_modules/fabric-network/lib/impl/event/commitlistenersession.js:92:18)
    at EventListener.onEvent (/home/dhanish/fabric_sfc/caliper-bench/node_modules/fabric-common/lib/EventListener.js:124:10)
    at EventService._callTransactionListener (/home/dhanish/fabric_sfc/caliper-bench/node_modules/fabric-common/lib/EventService.js:1051:16)
    at EventService._processTxEvents (/home/dhanish/fabric_sfc/caliper-bench/node_modules/fabric-common/lib/EventService.js:1006:12)
    at ClientDuplexStreamImpl.<anonymous> (/home/dhanish/fabric_sfc/caliper-bench/node_modules/fabric-common/lib/EventService.js:481:12)
    at ClientDuplexStreamImpl.emit (node:events:517:28)
    at addChunk (node:internal/streams/readable:368:12)
    at readableAddChunk (node:internal/streams/readable:341:9) {
  transactionId: 'd567a7bc5b63da443b0f66770b6dfd531ade216a0a6699d932ff9b27243f1333',
  transactionCode: 'MVCC_READ_CONFLICT'
}
2026.08.11-09:20:07.913[31m error[39m [caliper] [connectors/v2/FabricGateway] 	Failed to perform submit transaction [setFinancePolicyForFinancier] using arguments [,{"minAPR":0.08,"maxAPR":0.24,"baseAPR":0.14,"minTenorDays":7,"maxTenorDays":45,"tenor":21,"minLtvPct":55,"maxLtvPct":85,"ltv":72,"penaltyBasePct":0.4}],  with error: TransactionError: Commit of transaction 20f8ecd185bd3b3faecf05147a71d467a807dd0bc95f3c82d8347ac4ab5dd31c failed on peer peer0.financiers.example.com:7051 with status MVCC_READ_CONFLICT
    at TransactionEventHandler.eventCallback (/home/dhanish/fabric_sfc/caliper-bench/node_modules/fabric-network/lib/impl/event/transactioneventhandler.js:111:31)
    at CommitListenerSession.notifyListener (/home/dhanish/fabric_sfc/caliper-bench/node_modules/fabric-network/lib/impl/event/commitlistenersession.js:101:18)
    at EventListener.callback (/home/dhanish/fabric_sfc/caliper-bench/node_modules/fabric-network/lib/impl/event/commitlistenersession.js:92:18)
    at EventListener.onEvent (/home/dhanish/fabric_sfc/caliper-bench/node_modules/fabric-common/lib/EventListener.js:124:10)
    at EventService._callTransactionListener (/home/dhanish/fabric_sfc/caliper-bench/node_modules/fabric-common/lib/EventService.js:1051:16)
    at EventService._processTxEvents (/home/dhanish/fabric_sfc/caliper-bench/node_modules/fabric-common/lib/EventService.js:1006:12)
    at ClientDuplexStreamImpl.<anonymous> (/home/dhanish/fabric_sfc/caliper-bench/node_modules/fabric-common/lib/EventService.js:481:12)
    at ClientDuplexStreamImpl.emit (node:events:517:28)
    at addChunk (node:internal/streams/readable:368:12)
    at readableAddChunk (node:internal/streams/readable:341:9)
2026.08.11-09:20:07.913[31m error[39m [caliper] [connectors/v2/FabricGateway] 	Failed to perform submit transaction [setFinancePolicyForFinancier] using arguments [,{"minAPR":0.08,"maxAPR":0.24,"baseAPR":0.14,"minTenorDays":7,"maxTenorDays":45,"tenor":21,"minLtvPct":55,"maxLtvPct":85,"ltv":72,"penaltyBasePct":0.4}],  with error: TransactionError: Commit of transaction d567a7bc5b63da443b0f66770b6dfd531ade216a0a6699d932ff9b27243f1333 failed on peer peer0.financiers.example.com:7051 with status MVCC_READ_CONFLICT
    at TransactionEventHandler.eventCallback (/home/dhanish/fabric_sfc/caliper-bench/node_modules/fabric-network/lib/impl/event/transactioneventhandler.js:111:31)
    at CommitListenerSession.notifyListener (/home/dhanish/fabric_sfc/caliper-bench/node_modules/fabric-network/lib/impl/event/commitlistenersession.js:101:18)
    at EventListener.callback (/home/dhanish/fabric_sfc/caliper-bench/node_modules/fabric-network/lib/impl/event/commitlistenersession.js:92:18)
    at EventListener.onEvent (/home/dhanish/fabric_sfc/caliper-bench/node_modules/fabric-common/lib/EventListener.js:124:10)
    at EventService._callTransactionListener (/home/dhanish/fabric_sfc/caliper-bench/node_modules/fabric-common/lib/EventService.js:1051:16)
    at EventService._processTxEvents (/home/dhanish/fabric_sfc/caliper-bench/node_modules/fabric-common/lib/EventService.js:1006:12)
    at ClientDuplexStreamImpl.<anonymous> (/home/dhanish/fabric_sfc/caliper-bench/node_modules/fabric-common/lib/EventService.js:481:12)
    at ClientDuplexStreamImpl.emit (node:events:517:28)
    at addChunk (node:internal/streams/readable:368:12)
    at readableAddChunk (node:internal/streams/readable:341:9)
2026-08-11T09:20:07.923Z - [33mwarn[39m: [TransactionEventHandler]: strategyFail: commit failure for transaction "4dbaac84f841bca0e039ebd7fcc430cdafbebe8053ff5d42f923aeedb421a396": TransactionError: Commit of transaction 4dbaac84f841bca0e039ebd7fcc430cdafbebe8053ff5d42f923aeedb421a396 failed on peer peer0.financiers.example.com:7051 with status MVCC_READ_CONFLICT
    at TransactionEventHandler.eventCallback (/home/dhanish/fabric_sfc/caliper-bench/node_modules/fabric-network/lib/impl/event/transactioneventhandler.js:111:31)
    at CommitListenerSession.notifyListener (/home/dhanish/fabric_sfc/caliper-bench/node_modules/fabric-network/lib/impl/event/commitlistenersession.js:101:18)
    at EventListener.callback (/home/dhanish/fabric_sfc/caliper-bench/node_modules/fabric-network/lib/impl/event/commitlistenersession.js:92:18)
    at EventListener.onEvent (/home/dhanish/fabric_sfc/caliper-bench/node_modules/fabric-common/lib/EventListener.js:124:10)
    at EventService._callTransactionListener (/home/dhanish/fabric_sfc/caliper-bench/node_modules/fabric-common/lib/EventService.js:1051:16)
    at EventService._processTxEvents (/home/dhanish/fabric_sfc/caliper-bench/node_modules/fabric-common/lib/EventService.js:1006:12)
    at ClientDuplexStreamImpl.<anonymous> (/home/dhanish/fabric_sfc/caliper-bench/node_modules/fabric-common/lib/EventService.js:481:12)
    at ClientDuplexStreamImpl.emit (node:events:517:28)
    at addChunk (node:internal/streams/readable:368:12)
    at readableAddChunk (node:internal/streams/readable:341:9) {
  transactionId: '4dbaac84f841bca0e039ebd7fcc430cdafbebe8053ff5d42f923aeedb421a396',
  transactionCode: 'MVCC_READ_CONFLICT'
}
2026-08-11T09:20:07.924Z - [33mwarn[39m: [TransactionEventHandler]: strategyFail: commit failure for transaction "64b3cdb313489d11121fd2903bca979a2e09ee00071ccbfdf5b744c717dcafb7": TransactionError: Commit of transaction 64b3cdb313489d11121fd2903bca979a2e09ee00071ccbfdf5b744c717dcafb7 failed on peer peer0.financiers.example.com:7051 with status MVCC_READ_CONFLICT
    at TransactionEventHandler.eventCallback (/home/dhanish/fabric_sfc/caliper-bench/node_modules/fabric-network/lib/impl/event/transactioneventhandler.js:111:31)
    at CommitListenerSession.notifyListener (/home/dhanish/fabric_sfc/caliper-bench/node_modules/fabric-network/lib/impl/event/commitlistenersession.js:101:18)
    at EventListener.callback (/home/dhanish/fabric_sfc/caliper-bench/node_modules/fabric-network/lib/impl/event/commitlistenersession.js:92:18)
    at EventListener.onEvent (/home/dhanish/fabric_sfc/caliper-bench/node_modules/fabric-common/lib/EventListener.js:124:10)
    at EventService._callTransactionListener (/home/dhanish/fabric_sfc/caliper-bench/node_modules/fabric-common/lib/EventService.js:1051:16)
    at EventService._processTxEvents (/home/dhanish/fabric_sfc/caliper-bench/node_modules/fabric-common/lib/EventService.js:1006:12)
    at ClientDuplexStreamImpl.<anonymous> (/home/dhanish/fabric_sfc/caliper-bench/node_modules/fabric-common/lib/EventService.js:481:12)
    at ClientDuplexStreamImpl.emit (node:events:517:28)
    at addChunk (node:internal/streams/readable:368:12)
    at readableAddChunk (node:internal/streams/readable:341:9) {
  transactionId: '64b3cdb313489d11121fd2903bca979a2e09ee00071ccbfdf5b744c717dcafb7',
  transactionCode: 'MVCC_READ_CONFLICT'
}
2026-08-11T09:20:07.924Z - [33mwarn[39m: [TransactionEventHandler]: strategyFail: commit failure for transaction "26c84293b2cc4ff22be9da7f10e7e8203c9631e65da18d420d751ad2b678b04c": TransactionError: Commit of transaction 26c84293b2cc4ff22be9da7f10e7e8203c9631e65da18d420d751ad2b678b04c failed on peer peer0.financiers.example.com:7051 with status MVCC_READ_CONFLICT
    at TransactionEventHandler.eventCallback (/home/dhanish/fabric_sfc/caliper-bench/node_modules/fabric-network/lib/impl/event/transactioneventhandler.js:111:31)
    at CommitListenerSession.notifyListener (/home/dhanish/fabric_sfc/caliper-bench/node_modules/fabric-network/lib/impl/event/commitlistenersession.js:101:18)
    at EventListener.callback (/home/dhanish/fabric_sfc/caliper-bench/node_modules/fabric-network/lib/impl/event/commitlistenersession.js:92:18)
    at EventListener.onEvent (/home/dhanish/fabric_sfc/caliper-bench/node_modules/fabric-common/lib/EventListener.js:124:10)
    at EventService._callTransactionListener (/home/dhanish/fabric_sfc/caliper-bench/node_modules/fabric-common/lib/EventService.js:1051:16)
    at EventService._processTxEvents (/home/dhanish/fabric_sfc/caliper-bench/node_modules/fabric-common/lib/EventService.js:1006:12)
    at ClientDuplexStreamImpl.<anonymous> (/home/dhanish/fabric_sfc/caliper-bench/node_modules/fabric-common/lib/EventService.js:481:12)
    at ClientDuplexStreamImpl.emit (node:events:517:28)
    at addChunk (node:internal/streams/readable:368:12)
    at readableAddChunk (node:internal/streams/readable:341:9) {
  transactionId: '26c84293b2cc4ff22be9da7f10e7e8203c9631e65da18d420d751ad2b678b04c',
  transactionCode: 'MVCC_READ_CONFLICT'
}
2026.08.11-09:20:07.925[31m error[39m [caliper] [connectors/v2/FabricGateway] 	Failed to perform submit transaction [setFinancePolicyForFinancier] using arguments [,{"minAPR":0.08,"maxAPR":0.24,"baseAPR":0.14,"minTenorDays":7,"maxTenorDays":45,"tenor":21,"minLtvPct":55,"maxLtvPct":85,"ltv":72,"penaltyBasePct":0.4}],  with error: TransactionError: Commit of transaction 4dbaac84f841bca0e039ebd7fcc430cdafbebe8053ff5d42f923aeedb421a396 failed on peer peer0.financiers.example.com:7051 with status MVCC_READ_CONFLICT
    at TransactionEventHandler.eventCallback (/home/dhanish/fabric_sfc/caliper-bench/node_modules/fabric-network/lib/impl/event/transactioneventhandler.js:111:31)
    at CommitListenerSession.notifyListener (/home/dhanish/fabric_sfc/caliper-bench/node_modules/fabric-network/lib/impl/event/commitlistenersession.js:101:18)
    at EventListener.callback (/home/dhanish/fabric_sfc/caliper-bench/node_modules/fabric-network/lib/impl/event/commitlistenersession.js:92:18)
    at EventListener.onEvent (/home/dhanish/fabric_sfc/caliper-bench/node_modules/fabric-common/lib/EventListener.js:124:10)
    at EventService._callTransactionListener (/home/dhanish/fabric_sfc/caliper-bench/node_modules/fabric-common/lib/EventService.js:1051:16)
    at EventService._processTxEvents (/home/dhanish/fabric_sfc/caliper-bench/node_modules/fabric-common/lib/EventService.js:1006:12)
    at ClientDuplexStreamImpl.<anonymous> (/home/dhanish/fabric_sfc/caliper-bench/node_modules/fabric-common/lib/EventService.js:481:12)
    at ClientDuplexStreamImpl.emit (node:events:517:28)
    at addChunk (node:internal/streams/readable:368:12)
    at readableAddChunk (node:internal/streams/readable:341:9)
2026.08.11-09:20:07.925[31m error[39m [caliper] [connectors/v2/FabricGateway] 	Failed to perform submit transaction [setFinancePolicyForFinancier] using arguments [,{"minAPR":0.08,"maxAPR":0.24,"baseAPR":0.14,"minTenorDays":7,"maxTenorDays":45,"tenor":21,"minLtvPct":55,"maxLtvPct":85,"ltv":72,"penaltyBasePct":0.4}],  with error: TransactionError: Commit of transaction 64b3cdb313489d11121fd2903bca979a2e09ee00071ccbfdf5b744c717dcafb7 failed on peer peer0.financiers.example.com:7051 with status MVCC_READ_CONFLICT
    at TransactionEventHandler.eventCallback (/home/dhanish/fabric_sfc/caliper-bench/node_modules/fabric-network/lib/impl/event/transactioneventhandler.js:111:31)
    at CommitListenerSession.notifyListener (/home/dhanish/fabric_sfc/caliper-bench/node_modules/fabric-network/lib/impl/event/commitlistenersession.js:101:18)
    at EventListener.callback (/home/dhanish/fabric_sfc/caliper-bench/node_modules/fabric-network/lib/impl/event/commitlistenersession.js:92:18)
    at EventListener.onEvent (/home/dhanish/fabric_sfc/caliper-bench/node_modules/fabric-common/lib/EventListener.js:124:10)
    at EventService._callTransactionListener (/home/dhanish/fabric_sfc/caliper-bench/node_modules/fabric-common/lib/EventService.js:1051:16)
    at EventService._processTxEvents (/home/dhanish/fabric_sfc/caliper-bench/node_modules/fabric-common/lib/EventService.js:1006:12)
    at ClientDuplexStreamImpl.<anonymous> (/home/dhanish/fabric_sfc/caliper-bench/node_modules/fabric-common/lib/EventService.js:481:12)
    at ClientDuplexStreamImpl.emit (node:events:517:28)
    at addChunk (node:internal/streams/readable:368:12)
    at readableAddChunk (node:internal/streams/readable:341:9)
2026.08.11-09:20:07.925[31m error[39m [caliper] [connectors/v2/FabricGateway] 	Failed to perform submit transaction [setFinancePolicyForFinancier] using arguments [,{"minAPR":0.08,"maxAPR":0.24,"baseAPR":0.14,"minTenorDays":7,"maxTenorDays":45,"tenor":21,"minLtvPct":55,"maxLtvPct":85,"ltv":72,"penaltyBasePct":0.4}],  with error: TransactionError: Commit of transaction 26c84293b2cc4ff22be9da7f10e7e8203c9631e65da18d420d751ad2b678b04c failed on peer peer0.financiers.example.com:7051 with status MVCC_READ_CONFLICT
    at TransactionEventHandler.eventCallback (/home/dhanish/fabric_sfc/caliper-bench/node_modules/fabric-network/lib/impl/event/transactioneventhandler.js:111:31)
    at CommitListenerSession.notifyListener (/home/dhanish/fabric_sfc/caliper-bench/node_modules/fabric-network/lib/impl/event/commitlistenersession.js:101:18)
    at EventListener.callback (/home/dhanish/fabric_sfc/caliper-bench/node_modules/fabric-network/lib/impl/event/commitlistenersession.js:92:18)
    at EventListener.onEvent (/home/dhanish/fabric_sfc/caliper-bench/node_modules/fabric-common/lib/EventListener.js:124:10)
    at EventService._callTransactionListener (/home/dhanish/fabric_sfc/caliper-bench/node_modules/fabric-common/lib/EventService.js:1051:16)
    at EventService._processTxEvents (/home/dhanish/fabric_sfc/caliper-bench/node_modules/fabric-common/lib/EventService.js:1006:12)
    at ClientDuplexStreamImpl.<anonymous> (/home/dhanish/fabric_sfc/caliper-bench/node_modules/fabric-common/lib/EventService.js:481:12)
    at ClientDuplexStreamImpl.emit (node:events:517:28)
    at addChunk (node:internal/streams/readable:368:12)
    at readableAddChunk (node:internal/streams/readable:341:9)
2026-08-11T09:20:07.927Z - [33mwarn[39m: [TransactionEventHandler]: strategyFail: commit failure for transaction "4912a235a88ed277bcb7eb0c4f297162f6eac7cb4b19542359c987d0bb26aaca": TransactionError: Commit of transaction 4912a235a88ed277bcb7eb0c4f297162f6eac7cb4b19542359c987d0bb26aaca failed on peer peer0.financiers.example.com:7051 with status MVCC_READ_CONFLICT
    at TransactionEventHandler.eventCallback (/home/dhanish/fabric_sfc/caliper-bench/node_modules/fabric-network/lib/impl/event/transactioneventhandler.js:111:31)
    at CommitListenerSession.notifyListener (/home/dhanish/fabric_sfc/caliper-bench/node_modules/fabric-network/lib/impl/event/commitlistenersession.js:101:18)
    at EventListener.callback (/home/dhanish/fabric_sfc/caliper-bench/node_modules/fabric-network/lib/impl/event/commitlistenersession.js:92:18)
    at EventListener.onEvent (/home/dhanish/fabric_sfc/caliper-bench/node_modules/fabric-common/lib/EventListener.js:124:10)
    at EventService._callTransactionListener (/home/dhanish/fabric_sfc/caliper-bench/node_modules/fabric-common/lib/EventService.js:1051:16)
    at EventService._processTxEvents (/home/dhanish/fabric_sfc/caliper-bench/node_modules/fabric-common/lib/EventService.js:1006:12)
    at ClientDuplexStreamImpl.<anonymous> (/home/dhanish/fabric_sfc/caliper-bench/node_modules/fabric-common/lib/EventService.js:481:12)
    at ClientDuplexStreamImpl.emit (node:events:517:28)
    at addChunk (node:internal/streams/readable:368:12)
    at readableAddChunk (node:internal/streams/readable:341:9) {
  transactionId: '4912a235a88ed277bcb7eb0c4f297162f6eac7cb4b19542359c987d0bb26aaca',
  transactionCode: 'MVCC_READ_CONFLICT'
}
2026-08-11T09:20:07.929Z - [33mwarn[39m: [TransactionEventHandler]: strategyFail: commit failure for transaction "dc26d0f17dbc9f739fb2433b13ad40d870f456b8187ea1e4605a1111cdd614e5": TransactionError: Commit of transaction dc26d0f17dbc9f739fb2433b13ad40d870f456b8187ea1e4605a1111cdd614e5 failed on peer peer0.financiers.example.com:7051 with status MVCC_READ_CONFLICT
    at TransactionEventHandler.eventCallback (/home/dhanish/fabric_sfc/caliper-bench/node_modules/fabric-network/lib/impl/event/transactioneventhandler.js:111:31)
    at CommitListenerSession.notifyListener (/home/dhanish/fabric_sfc/caliper-bench/node_modules/fabric-network/lib/impl/event/commitlistenersession.js:101:18)
    at EventListener.callback (/home/dhanish/fabric_sfc/caliper-bench/node_modules/fabric-network/lib/impl/event/commitlistenersession.js:92:18)
    at EventListener.onEvent (/home/dhanish/fabric_sfc/caliper-bench/node_modules/fabric-common/lib/EventListener.js:124:10)
    at EventService._callTransactionListener (/home/dhanish/fabric_sfc/caliper-bench/node_modules/fabric-common/lib/EventService.js:1051:16)
    at EventService._processTxEvents (/home/dhanish/fabric_sfc/caliper-bench/node_modules/fabric-common/lib/EventService.js:1006:12)
    at ClientDuplexStreamImpl.<anonymous> (/home/dhanish/fabric_sfc/caliper-bench/node_modules/fabric-common/lib/EventService.js:481:12)
    at ClientDuplexStreamImpl.emit (node:events:517:28)
    at addChunk (node:internal/streams/readable:368:12)
    at readableAddChunk (node:internal/streams/readable:341:9) {
  transactionId: 'dc26d0f17dbc9f739fb2433b13ad40d870f456b8187ea1e4605a1111cdd614e5',
  transactionCode: 'MVCC_READ_CONFLICT'
}
2026.08.11-09:20:07.929[31m error[39m [caliper] [connectors/v2/FabricGateway] 	Failed to perform submit transaction [setFinancePolicyForFinancier] using arguments [,{"minAPR":0.08,"maxAPR":0.24,"baseAPR":0.14,"minTenorDays":7,"maxTenorDays":45,"tenor":21,"minLtvPct":55,"maxLtvPct":85,"ltv":72,"penaltyBasePct":0.4}],  with error: TransactionError: Commit of transaction 4912a235a88ed277bcb7eb0c4f297162f6eac7cb4b19542359c987d0bb26aaca failed on peer peer0.financiers.example.com:7051 with status MVCC_READ_CONFLICT
    at TransactionEventHandler.eventCallback (/home/dhanish/fabric_sfc/caliper-bench/node_modules/fabric-network/lib/impl/event/transactioneventhandler.js:111:31)
    at CommitListenerSession.notifyListener (/home/dhanish/fabric_sfc/caliper-bench/node_modules/fabric-network/lib/impl/event/commitlistenersession.js:101:18)
    at EventListener.callback (/home/dhanish/fabric_sfc/caliper-bench/node_modules/fabric-network/lib/impl/event/commitlistenersession.js:92:18)
    at EventListener.onEvent (/home/dhanish/fabric_sfc/caliper-bench/node_modules/fabric-common/lib/EventListener.js:124:10)
    at EventService._callTransactionListener (/home/dhanish/fabric_sfc/caliper-bench/node_modules/fabric-common/lib/EventService.js:1051:16)
    at EventService._processTxEvents (/home/dhanish/fabric_sfc/caliper-bench/node_modules/fabric-common/lib/EventService.js:1006:12)
    at ClientDuplexStreamImpl.<anonymous> (/home/dhanish/fabric_sfc/caliper-bench/node_modules/fabric-common/lib/EventService.js:481:12)
    at ClientDuplexStreamImpl.emit (node:events:517:28)
    at addChunk (node:internal/streams/readable:368:12)
    at readableAddChunk (node:internal/streams/readable:341:9)
2026.08.11-09:20:07.929[31m error[39m [caliper] [connectors/v2/FabricGateway] 	Failed to perform submit transaction [setFinancePolicyForFinancier] using arguments [,{"minAPR":0.08,"maxAPR":0.24,"baseAPR":0.14,"minTenorDays":7,"maxTenorDays":45,"tenor":21,"minLtvPct":55,"maxLtvPct":85,"ltv":72,"penaltyBasePct":0.4}],  with error: TransactionError: Commit of transaction dc26d0f17dbc9f739fb2433b13ad40d870f456b8187ea1e4605a1111cdd614e5 failed on peer peer0.financiers.example.com:7051 with status MVCC_READ_CONFLICT
    at TransactionEventHandler.eventCallback (/home/dhanish/fabric_sfc/caliper-bench/node_modules/fabric-network/lib/impl/event/transactioneventhandler.js:111:31)
    at CommitListenerSession.notifyListener (/home/dhanish/fabric_sfc/caliper-bench/node_modules/fabric-network/lib/impl/event/commitlistenersession.js:101:18)
    at EventListener.callback (/home/dhanish/fabric_sfc/caliper-bench/node_modules/fabric-network/lib/impl/event/commitlistenersession.js:92:18)
    at EventListener.onEvent (/home/dhanish/fabric_sfc/caliper-bench/node_modules/fabric-common/lib/EventListener.js:124:10)
    at EventService._callTransactionListener (/home/dhanish/fabric_sfc/caliper-bench/node_modules/fabric-common/lib/EventService.js:1051:16)
    at EventService._processTxEvents (/home/dhanish/fabric_sfc/caliper-bench/node_modules/fabric-common/lib/EventService.js:1006:12)
    at ClientDuplexStreamImpl.<anonymous> (/home/dhanish/fabric_sfc/caliper-bench/node_modules/fabric-common/lib/EventService.js:481:12)
    at ClientDuplexStreamImpl.emit (node:events:517:28)
    at addChunk (node:internal/streams/readable:368:12)
    at readableAddChunk (node:internal/streams/readable:341:9)
2026-08-11T09:20:07.950Z - [33mwarn[39m: [TransactionEventHandler]: strategyFail: commit failure for transaction "6a6849a368184f1b857212d100c0de52b533bfaf3cd9c031c23d8d5cd2b1b35e": TransactionError: Commit of transaction 6a6849a368184f1b857212d100c0de52b533bfaf3cd9c031c23d8d5cd2b1b35e failed on peer peer0.financiers.example.com:7051 with status MVCC_READ_CONFLICT
    at TransactionEventHandler.eventCallback (/home/dhanish/fabric_sfc/caliper-bench/node_modules/fabric-network/lib/impl/event/transactioneventhandler.js:111:31)
    at CommitListenerSession.notifyListener (/home/dhanish/fabric_sfc/caliper-bench/node_modules/fabric-network/lib/impl/event/commitlistenersession.js:101:18)
    at EventListener.callback (/home/dhanish/fabric_sfc/caliper-bench/node_modules/fabric-network/lib/impl/event/commitlistenersession.js:92:18)
    at EventListener.onEvent (/home/dhanish/fabric_sfc/caliper-bench/node_modules/fabric-common/lib/EventListener.js:124:10)
    at EventService._callTransactionListener (/home/dhanish/fabric_sfc/caliper-bench/node_modules/fabric-common/lib/EventService.js:1051:16)
    at EventService._processTxEvents (/home/dhanish/fabric_sfc/caliper-bench/node_modules/fabric-common/lib/EventService.js:1006:12)
    at ClientDuplexStreamImpl.<anonymous> (/home/dhanish/fabric_sfc/caliper-bench/node_modules/fabric-common/lib/EventService.js:481:12)
    at ClientDuplexStreamImpl.emit (node:events:517:28)
    at addChunk (node:internal/streams/readable:368:12)
    at readableAddChunk (node:internal/streams/readable:341:9) {
  transactionId: '6a6849a368184f1b857212d100c0de52b533bfaf3cd9c031c23d8d5cd2b1b35e',
  transactionCode: 'MVCC_READ_CONFLICT'
}
2026-08-11T09:20:07.951Z - [33mwarn[39m: [TransactionEventHandler]: strategyFail: commit failure for transaction "83c1c48f948d6b215c9ecaa15cdecb5b1f8ae0aac49bbcf31af0ac2c8a5217b6": TransactionError: Commit of transaction 83c1c48f948d6b215c9ecaa15cdecb5b1f8ae0aac49bbcf31af0ac2c8a5217b6 failed on peer peer0.financiers.example.com:7051 with status MVCC_READ_CONFLICT
    at TransactionEventHandler.eventCallback (/home/dhanish/fabric_sfc/caliper-bench/node_modules/fabric-network/lib/impl/event/transactioneventhandler.js:111:31)
    at CommitListenerSession.notifyListener (/home/dhanish/fabric_sfc/caliper-bench/node_modules/fabric-network/lib/impl/event/commitlistenersession.js:101:18)
    at EventListener.callback (/home/dhanish/fabric_sfc/caliper-bench/node_modules/fabric-network/lib/impl/event/commitlistenersession.js:92:18)
    at EventListener.onEvent (/home/dhanish/fabric_sfc/caliper-bench/node_modules/fabric-common/lib/EventListener.js:124:10)
    at EventService._callTransactionListener (/home/dhanish/fabric_sfc/caliper-bench/node_modules/fabric-common/lib/EventService.js:1051:16)
    at EventService._processTxEvents (/home/dhanish/fabric_sfc/caliper-bench/node_modules/fabric-common/lib/EventService.js:1006:12)
    at ClientDuplexStreamImpl.<anonymous> (/home/dhanish/fabric_sfc/caliper-bench/node_modules/fabric-common/lib/EventService.js:481:12)
    at ClientDuplexStreamImpl.emit (node:events:517:28)
    at addChunk (node:internal/streams/readable:368:12)
    at readableAddChunk (node:internal/streams/readable:341:9) {
  transactionId: '83c1c48f948d6b215c9ecaa15cdecb5b1f8ae0aac49bbcf31af0ac2c8a5217b6',
  transactionCode: 'MVCC_READ_CONFLICT'
}
2026-08-11T09:20:07.951Z - [33mwarn[39m: [TransactionEventHandler]: strategyFail: commit failure for transaction "701e381b355a59c3a2c4893f7b5dec5a53b58581f6da819daf34f516110f84cb": TransactionError: Commit of transaction 701e381b355a59c3a2c4893f7b5dec5a53b58581f6da819daf34f516110f84cb failed on peer peer0.financiers.example.com:7051 with status MVCC_READ_CONFLICT
    at TransactionEventHandler.eventCallback (/home/dhanish/fabric_sfc/caliper-bench/node_modules/fabric-network/lib/impl/event/transactioneventhandler.js:111:31)
    at CommitListenerSession.notifyListener (/home/dhanish/fabric_sfc/caliper-bench/node_modules/fabric-network/lib/impl/event/commitlistenersession.js:101:18)
    at EventListener.callback (/home/dhanish/fabric_sfc/caliper-bench/node_modules/fabric-network/lib/impl/event/commitlistenersession.js:92:18)
    at EventListener.onEvent (/home/dhanish/fabric_sfc/caliper-bench/node_modules/fabric-common/lib/EventListener.js:124:10)
    at EventService._callTransactionListener (/home/dhanish/fabric_sfc/caliper-bench/node_modules/fabric-common/lib/EventService.js:1051:16)
    at EventService._processTxEvents (/home/dhanish/fabric_sfc/caliper-bench/node_modules/fabric-common/lib/EventService.js:1006:12)
    at ClientDuplexStreamImpl.<anonymous> (/home/dhanish/fabric_sfc/caliper-bench/node_modules/fabric-common/lib/EventService.js:481:12)
    at ClientDuplexStreamImpl.emit (node:events:517:28)
    at addChunk (node:internal/streams/readable:368:12)
    at readableAddChunk (node:internal/streams/readable:341:9) {
  transactionId: '701e381b355a59c3a2c4893f7b5dec5a53b58581f6da819daf34f516110f84cb',
  transactionCode: 'MVCC_READ_CONFLICT'
}
2026.08.11-09:20:07.951[31m error[39m [caliper] [connectors/v2/FabricGateway] 	Failed to perform submit transaction [setFinancePolicyForFinancier] using arguments [,{"minAPR":0.08,"maxAPR":0.24,"baseAPR":0.14,"minTenorDays":7,"maxTenorDays":45,"tenor":21,"minLtvPct":55,"maxLtvPct":85,"ltv":72,"penaltyBasePct":0.4}],  with error: TransactionError: Commit of transaction 6a6849a368184f1b857212d100c0de52b533bfaf3cd9c031c23d8d5cd2b1b35e failed on peer peer0.financiers.example.com:7051 with status MVCC_READ_CONFLICT
    at TransactionEventHandler.eventCallback (/home/dhanish/fabric_sfc/caliper-bench/node_modules/fabric-network/lib/impl/event/transactioneventhandler.js:111:31)
    at CommitListenerSession.notifyListener (/home/dhanish/fabric_sfc/caliper-bench/node_modules/fabric-network/lib/impl/event/commitlistenersession.js:101:18)
    at EventListener.callback (/home/dhanish/fabric_sfc/caliper-bench/node_modules/fabric-network/lib/impl/event/commitlistenersession.js:92:18)
    at EventListener.onEvent (/home/dhanish/fabric_sfc/caliper-bench/node_modules/fabric-common/lib/EventListener.js:124:10)
    at EventService._callTransactionListener (/home/dhanish/fabric_sfc/caliper-bench/node_modules/fabric-common/lib/EventService.js:1051:16)
    at EventService._processTxEvents (/home/dhanish/fabric_sfc/caliper-bench/node_modules/fabric-common/lib/EventService.js:1006:12)
    at ClientDuplexStreamImpl.<anonymous> (/home/dhanish/fabric_sfc/caliper-bench/node_modules/fabric-common/lib/EventService.js:481:12)
    at ClientDuplexStreamImpl.emit (node:events:517:28)
    at addChunk (node:internal/streams/readable:368:12)
    at readableAddChunk (node:internal/streams/readable:341:9)
2026-08-11T09:20:07.952Z - [33mwarn[39m: [TransactionEventHandler]: strategyFail: commit failure for transaction "b74ff36088a2409d6ff3c5ef55132ef90d97a80cb99f1f98b4d47800ea9be75a": TransactionError: Commit of transaction b74ff36088a2409d6ff3c5ef55132ef90d97a80cb99f1f98b4d47800ea9be75a failed on peer peer0.financiers.example.com:7051 with status MVCC_READ_CONFLICT
    at TransactionEventHandler.eventCallback (/home/dhanish/fabric_sfc/caliper-bench/node_modules/fabric-network/lib/impl/event/transactioneventhandler.js:111:31)
    at CommitListenerSession.notifyListener (/home/dhanish/fabric_sfc/caliper-bench/node_modules/fabric-network/lib/impl/event/commitlistenersession.js:101:18)
    at EventListener.callback (/home/dhanish/fabric_sfc/caliper-bench/node_modules/fabric-network/lib/impl/event/commitlistenersession.js:92:18)
    at EventListener.onEvent (/home/dhanish/fabric_sfc/caliper-bench/node_modules/fabric-common/lib/EventListener.js:124:10)
    at EventService._callTransactionListener (/home/dhanish/fabric_sfc/caliper-bench/node_modules/fabric-common/lib/EventService.js:1051:16)
    at EventService._processTxEvents (/home/dhanish/fabric_sfc/caliper-bench/node_modules/fabric-common/lib/EventService.js:1006:12)
    at ClientDuplexStreamImpl.<anonymous> (/home/dhanish/fabric_sfc/caliper-bench/node_modules/fabric-common/lib/EventService.js:481:12)
    at ClientDuplexStreamImpl.emit (node:events:517:28)
    at addChunk (node:internal/streams/readable:368:12)
    at readableAddChunk (node:internal/streams/readable:341:9) {
  transactionId: 'b74ff36088a2409d6ff3c5ef55132ef90d97a80cb99f1f98b4d47800ea9be75a',
  transactionCode: 'MVCC_READ_CONFLICT'
}
2026-08-11T09:20:07.953Z - [33mwarn[39m: [TransactionEventHandler]: strategyFail: commit failure for transaction "7f41cb7ae257ec8570b98d2dbf7e89ae5462b3ac658f4b3b3d402fdd67d31f32": TransactionError: Commit of transaction 7f41cb7ae257ec8570b98d2dbf7e89ae5462b3ac658f4b3b3d402fdd67d31f32 failed on peer peer0.financiers.example.com:7051 with status MVCC_READ_CONFLICT
    at TransactionEventHandler.eventCallback (/home/dhanish/fabric_sfc/caliper-bench/node_modules/fabric-network/lib/impl/event/transactioneventhandler.js:111:31)
    at CommitListenerSession.notifyListener (/home/dhanish/fabric_sfc/caliper-bench/node_modules/fabric-network/lib/impl/event/commitlistenersession.js:101:18)
    at EventListener.callback (/home/dhanish/fabric_sfc/caliper-bench/node_modules/fabric-network/lib/impl/event/commitlistenersession.js:92:18)
    at EventListener.onEvent (/home/dhanish/fabric_sfc/caliper-bench/node_modules/fabric-common/lib/EventListener.js:124:10)
    at EventService._callTransactionListener (/home/dhanish/fabric_sfc/caliper-bench/node_modules/fabric-common/lib/EventService.js:1051:16)
    at EventService._processTxEvents (/home/dhanish/fabric_sfc/caliper-bench/node_modules/fabric-common/lib/EventService.js:1006:12)
    at ClientDuplexStreamImpl.<anonymous> (/home/dhanish/fabric_sfc/caliper-bench/node_modules/fabric-common/lib/EventService.js:481:12)
    at ClientDuplexStreamImpl.emit (node:events:517:28)
    at addChunk (node:internal/streams/readable:368:12)
    at readableAddChunk (node:internal/streams/readable:341:9) {
  transactionId: '7f41cb7ae257ec8570b98d2dbf7e89ae5462b3ac658f4b3b3d402fdd67d31f32',
  transactionCode: 'MVCC_READ_CONFLICT'
}
2026-08-11T09:20:07.953Z - [33mwarn[39m: [TransactionEventHandler]: strategyFail: commit failure for transaction "902d16b5c82e906d7c96ab56c9ad56aa4f43d4dd2afede70a2eab7d6101ca36b": TransactionError: Commit of transaction 902d16b5c82e906d7c96ab56c9ad56aa4f43d4dd2afede70a2eab7d6101ca36b failed on peer peer0.financiers.example.com:7051 with status MVCC_READ_CONFLICT
    at TransactionEventHandler.eventCallback (/home/dhanish/fabric_sfc/caliper-bench/node_modules/fabric-network/lib/impl/event/transactioneventhandler.js:111:31)
    at CommitListenerSession.notifyListener (/home/dhanish/fabric_sfc/caliper-bench/node_modules/fabric-network/lib/impl/event/commitlistenersession.js:101:18)
    at EventListener.callback (/home/dhanish/fabric_sfc/caliper-bench/node_modules/fabric-network/lib/impl/event/commitlistenersession.js:92:18)
    at EventListener.onEvent (/home/dhanish/fabric_sfc/caliper-bench/node_modules/fabric-common/lib/EventListener.js:124:10)
    at EventService._callTransactionListener (/home/dhanish/fabric_sfc/caliper-bench/node_modules/fabric-common/lib/EventService.js:1051:16)
    at EventService._processTxEvents (/home/dhanish/fabric_sfc/caliper-bench/node_modules/fabric-common/lib/EventService.js:1006:12)
    at ClientDuplexStreamImpl.<anonymous> (/home/dhanish/fabric_sfc/caliper-bench/node_modules/fabric-common/lib/EventService.js:481:12)
    at ClientDuplexStreamImpl.emit (node:events:517:28)
    at addChunk (node:internal/streams/readable:368:12)
    at readableAddChunk (node:internal/streams/readable:341:9) {
  transactionId: '902d16b5c82e906d7c96ab56c9ad56aa4f43d4dd2afede70a2eab7d6101ca36b',
  transactionCode: 'MVCC_READ_CONFLICT'
}
2026.08.11-09:20:07.954[31m error[39m [caliper] [connectors/v2/FabricGateway] 	Failed to perform submit transaction [setFinancePolicyForFinancier] using arguments [,{"minAPR":0.08,"maxAPR":0.24,"baseAPR":0.14,"minTenorDays":7,"maxTenorDays":45,"tenor":21,"minLtvPct":55,"maxLtvPct":85,"ltv":72,"penaltyBasePct":0.4}],  with error: TransactionError: Commit of transaction 701e381b355a59c3a2c4893f7b5dec5a53b58581f6da819daf34f516110f84cb failed on peer peer0.financiers.example.com:7051 with status MVCC_READ_CONFLICT
    at TransactionEventHandler.eventCallback (/home/dhanish/fabric_sfc/caliper-bench/node_modules/fabric-network/lib/impl/event/transactioneventhandler.js:111:31)
    at CommitListenerSession.notifyListener (/home/dhanish/fabric_sfc/caliper-bench/node_modules/fabric-network/lib/impl/event/commitlistenersession.js:101:18)
    at EventListener.callback (/home/dhanish/fabric_sfc/caliper-bench/node_modules/fabric-network/lib/impl/event/commitlistenersession.js:92:18)
    at EventListener.onEvent (/home/dhanish/fabric_sfc/caliper-bench/node_modules/fabric-common/lib/EventListener.js:124:10)
    at EventService._callTransactionListener (/home/dhanish/fabric_sfc/caliper-bench/node_modules/fabric-common/lib/EventService.js:1051:16)
    at EventService._processTxEvents (/home/dhanish/fabric_sfc/caliper-bench/node_modules/fabric-common/lib/EventService.js:1006:12)
    at ClientDuplexStreamImpl.<anonymous> (/home/dhanish/fabric_sfc/caliper-bench/node_modules/fabric-common/lib/EventService.js:481:12)
    at ClientDuplexStreamImpl.emit (node:events:517:28)
    at addChunk (node:internal/streams/readable:368:12)
    at readableAddChunk (node:internal/streams/readable:341:9)
2026.08.11-09:20:07.955[31m error[39m [caliper] [connectors/v2/FabricGateway] 	Failed to perform submit transaction [setFinancePolicyForFinancier] using arguments [,{"minAPR":0.08,"maxAPR":0.24,"baseAPR":0.14,"minTenorDays":7,"maxTenorDays":45,"tenor":21,"minLtvPct":55,"maxLtvPct":85,"ltv":72,"penaltyBasePct":0.4}],  with error: TransactionError: Commit of transaction 7f41cb7ae257ec8570b98d2dbf7e89ae5462b3ac658f4b3b3d402fdd67d31f32 failed on peer peer0.financiers.example.com:7051 with status MVCC_READ_CONFLICT
    at TransactionEventHandler.eventCallback (/home/dhanish/fabric_sfc/caliper-bench/node_modules/fabric-network/lib/impl/event/transactioneventhandler.js:111:31)
    at CommitListenerSession.notifyListener (/home/dhanish/fabric_sfc/caliper-bench/node_modules/fabric-network/lib/impl/event/commitlistenersession.js:101:18)
    at EventListener.callback (/home/dhanish/fabric_sfc/caliper-bench/node_modules/fabric-network/lib/impl/event/commitlistenersession.js:92:18)
    at EventListener.onEvent (/home/dhanish/fabric_sfc/caliper-bench/node_modules/fabric-common/lib/EventListener.js:124:10)
    at EventService._callTransactionListener (/home/dhanish/fabric_sfc/caliper-bench/node_modules/fabric-common/lib/EventService.js:1051:16)
    at EventService._processTxEvents (/home/dhanish/fabric_sfc/caliper-bench/node_modules/fabric-common/lib/EventService.js:1006:12)
    at ClientDuplexStreamImpl.<anonymous> (/home/dhanish/fabric_sfc/caliper-bench/node_modules/fabric-common/lib/EventService.js:481:12)
    at ClientDuplexStreamImpl.emit (node:events:517:28)
    at addChunk (node:internal/streams/readable:368:12)
    at readableAddChunk (node:internal/streams/readable:341:9)
2026-08-11T09:20:07.955Z - [33mwarn[39m: [TransactionEventHandler]: strategyFail: commit failure for transaction "7a34ddcfb6dbd473c8bfd171e38f8053f62329e4447451b298a4ca5c66bb1a8c": TransactionError: Commit of transaction 7a34ddcfb6dbd473c8bfd171e38f8053f62329e4447451b298a4ca5c66bb1a8c failed on peer peer0.financiers.example.com:7051 with status MVCC_READ_CONFLICT
    at TransactionEventHandler.eventCallback (/home/dhanish/fabric_sfc/caliper-bench/node_modules/fabric-network/lib/impl/event/transactioneventhandler.js:111:31)
    at CommitListenerSession.notifyListener (/home/dhanish/fabric_sfc/caliper-bench/node_modules/fabric-network/lib/impl/event/commitlistenersession.js:101:18)
    at EventListener.callback (/home/dhanish/fabric_sfc/caliper-bench/node_modules/fabric-network/lib/impl/event/commitlistenersession.js:92:18)
    at EventListener.onEvent (/home/dhanish/fabric_sfc/caliper-bench/node_modules/fabric-common/lib/EventListener.js:124:10)
    at EventService._callTransactionListener (/home/dhanish/fabric_sfc/caliper-bench/node_modules/fabric-common/lib/EventService.js:1051:16)
    at EventService._processTxEvents (/home/dhanish/fabric_sfc/caliper-bench/node_modules/fabric-common/lib/EventService.js:1006:12)
    at ClientDuplexStreamImpl.<anonymous> (/home/dhanish/fabric_sfc/caliper-bench/node_modules/fabric-common/lib/EventService.js:481:12)
    at ClientDuplexStreamImpl.emit (node:events:517:28)
    at addChunk (node:internal/streams/readable:368:12)
    at readableAddChunk (node:internal/streams/readable:341:9) {
  transactionId: '7a34ddcfb6dbd473c8bfd171e38f8053f62329e4447451b298a4ca5c66bb1a8c',
  transactionCode: 'MVCC_READ_CONFLICT'
}
2026-08-11T09:20:07.955Z - [33mwarn[39m: [TransactionEventHandler]: strategyFail: commit failure for transaction "88609ee8182a12115229d715994b72b41e7531eaa6f56a03a01a484648894e26": TransactionError: Commit of transaction 88609ee8182a12115229d715994b72b41e7531eaa6f56a03a01a484648894e26 failed on peer peer0.financiers.example.com:7051 with status MVCC_READ_CONFLICT
    at TransactionEventHandler.eventCallback (/home/dhanish/fabric_sfc/caliper-bench/node_modules/fabric-network/lib/impl/event/transactioneventhandler.js:111:31)
    at CommitListenerSession.notifyListener (/home/dhanish/fabric_sfc/caliper-bench/node_modules/fabric-network/lib/impl/event/commitlistenersession.js:101:18)
    at EventListener.callback (/home/dhanish/fabric_sfc/caliper-bench/node_modules/fabric-network/lib/impl/event/commitlistenersession.js:92:18)
    at EventListener.onEvent (/home/dhanish/fabric_sfc/caliper-bench/node_modules/fabric-common/lib/EventListener.js:124:10)
    at EventService._callTransactionListener (/home/dhanish/fabric_sfc/caliper-bench/node_modules/fabric-common/lib/EventService.js:1051:16)
    at EventService._processTxEvents (/home/dhanish/fabric_sfc/caliper-bench/node_modules/fabric-common/lib/EventService.js:1006:12)
    at ClientDuplexStreamImpl.<anonymous> (/home/dhanish/fabric_sfc/caliper-bench/node_modules/fabric-common/lib/EventService.js:481:12)
    at ClientDuplexStreamImpl.emit (node:events:517:28)
    at addChunk (node:internal/streams/readable:368:12)
    at readableAddChunk (node:internal/streams/readable:341:9) {
  transactionId: '88609ee8182a12115229d715994b72b41e7531eaa6f56a03a01a484648894e26',
  transactionCode: 'MVCC_READ_CONFLICT'
}
2026-08-11T09:20:07.956Z - [33mwarn[39m: [TransactionEventHandler]: strategyFail: commit failure for transaction "28aef6317aaad8fb88f809f9d079bc4efb0b729fe96d31c4da0a2d286036708a": TransactionError: Commit of transaction 28aef6317aaad8fb88f809f9d079bc4efb0b729fe96d31c4da0a2d286036708a failed on peer peer0.financiers.example.com:7051 with status MVCC_READ_CONFLICT
    at TransactionEventHandler.eventCallback (/home/dhanish/fabric_sfc/caliper-bench/node_modules/fabric-network/lib/impl/event/transactioneventhandler.js:111:31)
    at CommitListenerSession.notifyListener (/home/dhanish/fabric_sfc/caliper-bench/node_modules/fabric-network/lib/impl/event/commitlistenersession.js:101:18)
    at EventListener.callback (/home/dhanish/fabric_sfc/caliper-bench/node_modules/fabric-network/lib/impl/event/commitlistenersession.js:92:18)
    at EventListener.onEvent (/home/dhanish/fabric_sfc/caliper-bench/node_modules/fabric-common/lib/EventListener.js:124:10)
    at EventService._callTransactionListener (/home/dhanish/fabric_sfc/caliper-bench/node_modules/fabric-common/lib/EventService.js:1051:16)
    at EventService._processTxEvents (/home/dhanish/fabric_sfc/caliper-bench/node_modules/fabric-common/lib/EventService.js:1006:12)
    at ClientDuplexStreamImpl.<anonymous> (/home/dhanish/fabric_sfc/caliper-bench/node_modules/fabric-common/lib/EventService.js:481:12)
    at ClientDuplexStreamImpl.emit (node:events:517:28)
    at addChunk (node:internal/streams/readable:368:12)
    at readableAddChunk (node:internal/streams/readable:341:9) {
  transactionId: '28aef6317aaad8fb88f809f9d079bc4efb0b729fe96d31c4da0a2d286036708a',
  transactionCode: 'MVCC_READ_CONFLICT'
}
2026-08-11T09:20:07.956Z - [33mwarn[39m: [TransactionEventHandler]: strategyFail: commit failure for transaction "afc1f7b93de93ab2900dcfe0241c89bcfa7fc1a839a2b7be2331bee93204cf98": TransactionError: Commit of transaction afc1f7b93de93ab2900dcfe0241c89bcfa7fc1a839a2b7be2331bee93204cf98 failed on peer peer0.financiers.example.com:7051 with status MVCC_READ_CONFLICT
    at TransactionEventHandler.eventCallback (/home/dhanish/fabric_sfc/caliper-bench/node_modules/fabric-network/lib/impl/event/transactioneventhandler.js:111:31)
    at CommitListenerSession.notifyListener (/home/dhanish/fabric_sfc/caliper-bench/node_modules/fabric-network/lib/impl/event/commitlistenersession.js:101:18)
    at EventListener.callback (/home/dhanish/fabric_sfc/caliper-bench/node_modules/fabric-network/lib/impl/event/commitlistenersession.js:92:18)
    at EventListener.onEvent (/home/dhanish/fabric_sfc/caliper-bench/node_modules/fabric-common/lib/EventListener.js:124:10)
    at EventService._callTransactionListener (/home/dhanish/fabric_sfc/caliper-bench/node_modules/fabric-common/lib/EventService.js:1051:16)
    at EventService._processTxEvents (/home/dhanish/fabric_sfc/caliper-bench/node_modules/fabric-common/lib/EventService.js:1006:12)
    at ClientDuplexStreamImpl.<anonymous> (/home/dhanish/fabric_sfc/caliper-bench/node_modules/fabric-common/lib/EventService.js:481:12)
    at ClientDuplexStreamImpl.emit (node:events:517:28)
    at addChunk (node:internal/streams/readable:368:12)
    at readableAddChunk (node:internal/streams/readable:341:9) {
  transactionId: 'afc1f7b93de93ab2900dcfe0241c89bcfa7fc1a839a2b7be2331bee93204cf98',
  transactionCode: 'MVCC_READ_CONFLICT'
}
2026.08.11-09:20:07.956[31m error[39m [caliper] [connectors/v2/FabricGateway] 	Failed to perform submit transaction [setFinancePolicyForFinancier] using arguments [,{"minAPR":0.08,"maxAPR":0.24,"baseAPR":0.14,"minTenorDays":7,"maxTenorDays":45,"tenor":21,"minLtvPct":55,"maxLtvPct":85,"ltv":72,"penaltyBasePct":0.4}],  with error: TransactionError: Commit of transaction 902d16b5c82e906d7c96ab56c9ad56aa4f43d4dd2afede70a2eab7d6101ca36b failed on peer peer0.financiers.example.com:7051 with status MVCC_READ_CONFLICT
    at TransactionEventHandler.eventCallback (/home/dhanish/fabric_sfc/caliper-bench/node_modules/fabric-network/lib/impl/event/transactioneventhandler.js:111:31)
    at CommitListenerSession.notifyListener (/home/dhanish/fabric_sfc/caliper-bench/node_modules/fabric-network/lib/impl/event/commitlistenersession.js:101:18)
    at EventListener.callback (/home/dhanish/fabric_sfc/caliper-bench/node_modules/fabric-network/lib/impl/event/commitlistenersession.js:92:18)
    at EventListener.onEvent (/home/dhanish/fabric_sfc/caliper-bench/node_modules/fabric-common/lib/EventListener.js:124:10)
    at EventService._callTransactionListener (/home/dhanish/fabric_sfc/caliper-bench/node_modules/fabric-common/lib/EventService.js:1051:16)
    at EventService._processTxEvents (/home/dhanish/fabric_sfc/caliper-bench/node_modules/fabric-common/lib/EventService.js:1006:12)
    at ClientDuplexStreamImpl.<anonymous> (/home/dhanish/fabric_sfc/caliper-bench/node_modules/fabric-common/lib/EventService.js:481:12)
    at ClientDuplexStreamImpl.emit (node:events:517:28)
    at addChunk (node:internal/streams/readable:368:12)
    at readableAddChunk (node:internal/streams/readable:341:9)
2026.08.11-09:20:07.956[31m error[39m [caliper] [connectors/v2/FabricGateway] 	Failed to perform submit transaction [setFinancePolicyForFinancier] using arguments [,{"minAPR":0.08,"maxAPR":0.24,"baseAPR":0.14,"minTenorDays":7,"maxTenorDays":45,"tenor":21,"minLtvPct":55,"maxLtvPct":85,"ltv":72,"penaltyBasePct":0.4}],  with error: TransactionError: Commit of transaction 83c1c48f948d6b215c9ecaa15cdecb5b1f8ae0aac49bbcf31af0ac2c8a5217b6 failed on peer peer0.financiers.example.com:7051 with status MVCC_READ_CONFLICT
    at TransactionEventHandler.eventCallback (/home/dhanish/fabric_sfc/caliper-bench/node_modules/fabric-network/lib/impl/event/transactioneventhandler.js:111:31)
    at CommitListenerSession.notifyListener (/home/dhanish/fabric_sfc/caliper-bench/node_modules/fabric-network/lib/impl/event/commitlistenersession.js:101:18)
    at EventListener.callback (/home/dhanish/fabric_sfc/caliper-bench/node_modules/fabric-network/lib/impl/event/commitlistenersession.js:92:18)
    at EventListener.onEvent (/home/dhanish/fabric_sfc/caliper-bench/node_modules/fabric-common/lib/EventListener.js:124:10)
    at EventService._callTransactionListener (/home/dhanish/fabric_sfc/caliper-bench/node_modules/fabric-common/lib/EventService.js:1051:16)
    at EventService._processTxEvents (/home/dhanish/fabric_sfc/caliper-bench/node_modules/fabric-common/lib/EventService.js:1006:12)
    at ClientDuplexStreamImpl.<anonymous> (/home/dhanish/fabric_sfc/caliper-bench/node_modules/fabric-common/lib/EventService.js:481:12)
    at ClientDuplexStreamImpl.emit (node:events:517:28)
    at addChunk (node:internal/streams/readable:368:12)
    at readableAddChunk (node:internal/streams/readable:341:9)
2026.08.11-09:20:07.956[31m error[39m [caliper] [connectors/v2/FabricGateway] 	Failed to perform submit transaction [setFinancePolicyForFinancier] using arguments [,{"minAPR":0.08,"maxAPR":0.24,"baseAPR":0.14,"minTenorDays":7,"maxTenorDays":45,"tenor":21,"minLtvPct":55,"maxLtvPct":85,"ltv":72,"penaltyBasePct":0.4}],  with error: TransactionError: Commit of transaction 88609ee8182a12115229d715994b72b41e7531eaa6f56a03a01a484648894e26 failed on peer peer0.financiers.example.com:7051 with status MVCC_READ_CONFLICT
    at TransactionEventHandler.eventCallback (/home/dhanish/fabric_sfc/caliper-bench/node_modules/fabric-network/lib/impl/event/transactioneventhandler.js:111:31)
    at CommitListenerSession.notifyListener (/home/dhanish/fabric_sfc/caliper-bench/node_modules/fabric-network/lib/impl/event/commitlistenersession.js:101:18)
    at EventListener.callback (/home/dhanish/fabric_sfc/caliper-bench/node_modules/fabric-network/lib/impl/event/commitlistenersession.js:92:18)
    at EventListener.onEvent (/home/dhanish/fabric_sfc/caliper-bench/node_modules/fabric-common/lib/EventListener.js:124:10)
    at EventService._callTransactionListener (/home/dhanish/fabric_sfc/caliper-bench/node_modules/fabric-common/lib/EventService.js:1051:16)
    at EventService._processTxEvents (/home/dhanish/fabric_sfc/caliper-bench/node_modules/fabric-common/lib/EventService.js:1006:12)
    at ClientDuplexStreamImpl.<anonymous> (/home/dhanish/fabric_sfc/caliper-bench/node_modules/fabric-common/lib/EventService.js:481:12)
    at ClientDuplexStreamImpl.emit (node:events:517:28)
    at addChunk (node:internal/streams/readable:368:12)
    at readableAddChunk (node:internal/streams/readable:341:9)
2026.08.11-09:20:07.956[31m error[39m [caliper] [connectors/v2/FabricGateway] 	Failed to perform submit transaction [setFinancePolicyForFinancier] using arguments [,{"minAPR":0.08,"maxAPR":0.24,"baseAPR":0.14,"minTenorDays":7,"maxTenorDays":45,"tenor":21,"minLtvPct":55,"maxLtvPct":85,"ltv":72,"penaltyBasePct":0.4}],  with error: TransactionError: Commit of transaction afc1f7b93de93ab2900dcfe0241c89bcfa7fc1a839a2b7be2331bee93204cf98 failed on peer peer0.financiers.example.com:7051 with status MVCC_READ_CONFLICT
    at TransactionEventHandler.eventCallback (/home/dhanish/fabric_sfc/caliper-bench/node_modules/fabric-network/lib/impl/event/transactioneventhandler.js:111:31)
    at CommitListenerSession.notifyListener (/home/dhanish/fabric_sfc/caliper-bench/node_modules/fabric-network/lib/impl/event/commitlistenersession.js:101:18)
    at EventListener.callback (/home/dhanish/fabric_sfc/caliper-bench/node_modules/fabric-network/lib/impl/event/commitlistenersession.js:92:18)
    at EventListener.onEvent (/home/dhanish/fabric_sfc/caliper-bench/node_modules/fabric-common/lib/EventListener.js:124:10)
    at EventService._callTransactionListener (/home/dhanish/fabric_sfc/caliper-bench/node_modules/fabric-common/lib/EventService.js:1051:16)
    at EventService._processTxEvents (/home/dhanish/fabric_sfc/caliper-bench/node_modules/fabric-common/lib/EventService.js:1006:12)
    at ClientDuplexStreamImpl.<anonymous> (/home/dhanish/fabric_sfc/caliper-bench/node_modules/fabric-common/lib/EventService.js:481:12)
    at ClientDuplexStreamImpl.emit (node:events:517:28)
    at addChunk (node:internal/streams/readable:368:12)
    at readableAddChunk (node:internal/streams/readable:341:9)
2026.08.11-09:20:07.956[31m error[39m [caliper] [connectors/v2/FabricGateway] 	Failed to perform submit transaction [setFinancePolicyForFinancier] using arguments [,{"minAPR":0.08,"maxAPR":0.24,"baseAPR":0.14,"minTenorDays":7,"maxTenorDays":45,"tenor":21,"minLtvPct":55,"maxLtvPct":85,"ltv":72,"penaltyBasePct":0.4}],  with error: TransactionError: Commit of transaction b74ff36088a2409d6ff3c5ef55132ef90d97a80cb99f1f98b4d47800ea9be75a failed on peer peer0.financiers.example.com:7051 with status MVCC_READ_CONFLICT
    at TransactionEventHandler.eventCallback (/home/dhanish/fabric_sfc/caliper-bench/node_modules/fabric-network/lib/impl/event/transactioneventhandler.js:111:31)
    at CommitListenerSession.notifyListener (/home/dhanish/fabric_sfc/caliper-bench/node_modules/fabric-network/lib/impl/event/commitlistenersession.js:101:18)
    at EventListener.callback (/home/dhanish/fabric_sfc/caliper-bench/node_modules/fabric-network/lib/impl/event/commitlistenersession.js:92:18)
    at EventListener.onEvent (/home/dhanish/fabric_sfc/caliper-bench/node_modules/fabric-common/lib/EventListener.js:124:10)
    at EventService._callTransactionListener (/home/dhanish/fabric_sfc/caliper-bench/node_modules/fabric-common/lib/EventService.js:1051:16)
    at EventService._processTxEvents (/home/dhanish/fabric_sfc/caliper-bench/node_modules/fabric-common/lib/EventService.js:1006:12)
    at ClientDuplexStreamImpl.<anonymous> (/home/dhanish/fabric_sfc/caliper-bench/node_modules/fabric-common/lib/EventService.js:481:12)
    at ClientDuplexStreamImpl.emit (node:events:517:28)
    at addChunk (node:internal/streams/readable:368:12)
    at readableAddChunk (node:internal/streams/readable:341:9)
2026.08.11-09:20:07.957[31m error[39m [caliper] [connectors/v2/FabricGateway] 	Failed to perform submit transaction [setFinancePolicyForFinancier] using arguments [,{"minAPR":0.08,"maxAPR":0.24,"baseAPR":0.14,"minTenorDays":7,"maxTenorDays":45,"tenor":21,"minLtvPct":55,"maxLtvPct":85,"ltv":72,"penaltyBasePct":0.4}],  with error: TransactionError: Commit of transaction 7a34ddcfb6dbd473c8bfd171e38f8053f62329e4447451b298a4ca5c66bb1a8c failed on peer peer0.financiers.example.com:7051 with status MVCC_READ_CONFLICT
    at TransactionEventHandler.eventCallback (/home/dhanish/fabric_sfc/caliper-bench/node_modules/fabric-network/lib/impl/event/transactioneventhandler.js:111:31)
    at CommitListenerSession.notifyListener (/home/dhanish/fabric_sfc/caliper-bench/node_modules/fabric-network/lib/impl/event/commitlistenersession.js:101:18)
    at EventListener.callback (/home/dhanish/fabric_sfc/caliper-bench/node_modules/fabric-network/lib/impl/event/commitlistenersession.js:92:18)
    at EventListener.onEvent (/home/dhanish/fabric_sfc/caliper-bench/node_modules/fabric-common/lib/EventListener.js:124:10)
    at EventService._callTransactionListener (/home/dhanish/fabric_sfc/caliper-bench/node_modules/fabric-common/lib/EventService.js:1051:16)
    at EventService._processTxEvents (/home/dhanish/fabric_sfc/caliper-bench/node_modules/fabric-common/lib/EventService.js:1006:12)
    at ClientDuplexStreamImpl.<anonymous> (/home/dhanish/fabric_sfc/caliper-bench/node_modules/fabric-common/lib/EventService.js:481:12)
    at ClientDuplexStreamImpl.emit (node:events:517:28)
    at addChunk (node:internal/streams/readable:368:12)
    at readableAddChunk (node:internal/streams/readable:341:9)
2026.08.11-09:20:07.957[31m error[39m [caliper] [connectors/v2/FabricGateway] 	Failed to perform submit transaction [setFinancePolicyForFinancier] using arguments [,{"minAPR":0.08,"maxAPR":0.24,"baseAPR":0.14,"minTenorDays":7,"maxTenorDays":45,"tenor":21,"minLtvPct":55,"maxLtvPct":85,"ltv":72,"penaltyBasePct":0.4}],  with error: TransactionError: Commit of transaction 28aef6317aaad8fb88f809f9d079bc4efb0b729fe96d31c4da0a2d286036708a failed on peer peer0.financiers.example.com:7051 with status MVCC_READ_CONFLICT
    at TransactionEventHandler.eventCallback (/home/dhanish/fabric_sfc/caliper-bench/node_modules/fabric-network/lib/impl/event/transactioneventhandler.js:111:31)
    at CommitListenerSession.notifyListener (/home/dhanish/fabric_sfc/caliper-bench/node_modules/fabric-network/lib/impl/event/commitlistenersession.js:101:18)
    at EventListener.callback (/home/dhanish/fabric_sfc/caliper-bench/node_modules/fabric-network/lib/impl/event/commitlistenersession.js:92:18)
    at EventListener.onEvent (/home/dhanish/fabric_sfc/caliper-bench/node_modules/fabric-common/lib/EventListener.js:124:10)
    at EventService._callTransactionListener (/home/dhanish/fabric_sfc/caliper-bench/node_modules/fabric-common/lib/EventService.js:1051:16)
    at EventService._processTxEvents (/home/dhanish/fabric_sfc/caliper-bench/node_modules/fabric-common/lib/EventService.js:1006:12)
    at ClientDuplexStreamImpl.<anonymous> (/home/dhanish/fabric_sfc/caliper-bench/node_modules/fabric-common/lib/EventService.js:481:12)
    at ClientDuplexStreamImpl.emit (node:events:517:28)
    at addChunk (node:internal/streams/readable:368:12)
    at readableAddChunk (node:internal/streams/readable:341:9)
2026-08-11T09:20:08.001Z - [33mwarn[39m: [TransactionEventHandler]: strategyFail: commit failure for transaction "2789aefbfad7c4406dbb7070614902a63894939ece60ef149e23233dc4b5ff4f": TransactionError: Commit of transaction 2789aefbfad7c4406dbb7070614902a63894939ece60ef149e23233dc4b5ff4f failed on peer peer0.financiers.example.com:7051 with status MVCC_READ_CONFLICT
    at TransactionEventHandler.eventCallback (/home/dhanish/fabric_sfc/caliper-bench/node_modules/fabric-network/lib/impl/event/transactioneventhandler.js:111:31)
    at CommitListenerSession.notifyListener (/home/dhanish/fabric_sfc/caliper-bench/node_modules/fabric-network/lib/impl/event/commitlistenersession.js:101:18)
    at EventListener.callback (/home/dhanish/fabric_sfc/caliper-bench/node_modules/fabric-network/lib/impl/event/commitlistenersession.js:92:18)
    at EventListener.onEvent (/home/dhanish/fabric_sfc/caliper-bench/node_modules/fabric-common/lib/EventListener.js:124:10)
    at EventService._callTransactionListener (/home/dhanish/fabric_sfc/caliper-bench/node_modules/fabric-common/lib/EventService.js:1051:16)
    at EventService._processTxEvents (/home/dhanish/fabric_sfc/caliper-bench/node_modules/fabric-common/lib/EventService.js:1006:12)
    at ClientDuplexStreamImpl.<anonymous> (/home/dhanish/fabric_sfc/caliper-bench/node_modules/fabric-common/lib/EventService.js:481:12)
    at ClientDuplexStreamImpl.emit (node:events:517:28)
    at addChunk (node:internal/streams/readable:368:12)
    at readableAddChunk (node:internal/streams/readable:341:9) {
  transactionId: '2789aefbfad7c4406dbb7070614902a63894939ece60ef149e23233dc4b5ff4f',
  transactionCode: 'MVCC_READ_CONFLICT'
}
2026-08-11T09:20:08.001Z - [33mwarn[39m: [TransactionEventHandler]: strategyFail: commit failure for transaction "51282928eef7e399977e0d591fd930f4c377f70aaed070e663c9e3131839f422": TransactionError: Commit of transaction 51282928eef7e399977e0d591fd930f4c377f70aaed070e663c9e3131839f422 failed on peer peer0.financiers.example.com:7051 with status MVCC_READ_CONFLICT
    at TransactionEventHandler.eventCallback (/home/dhanish/fabric_sfc/caliper-bench/node_modules/fabric-network/lib/impl/event/transactioneventhandler.js:111:31)
    at CommitListenerSession.notifyListener (/home/dhanish/fabric_sfc/caliper-bench/node_modules/fabric-network/lib/impl/event/commitlistenersession.js:101:18)
    at EventListener.callback (/home/dhanish/fabric_sfc/caliper-bench/node_modules/fabric-network/lib/impl/event/commitlistenersession.js:92:18)
    at EventListener.onEvent (/home/dhanish/fabric_sfc/caliper-bench/node_modules/fabric-common/lib/EventListener.js:124:10)
    at EventService._callTransactionListener (/home/dhanish/fabric_sfc/caliper-bench/node_modules/fabric-common/lib/EventService.js:1051:16)
    at EventService._processTxEvents (/home/dhanish/fabric_sfc/caliper-bench/node_modules/fabric-common/lib/EventService.js:1006:12)
    at ClientDuplexStreamImpl.<anonymous> (/home/dhanish/fabric_sfc/caliper-bench/node_modules/fabric-common/lib/EventService.js:481:12)
    at ClientDuplexStreamImpl.emit (node:events:517:28)
    at addChunk (node:internal/streams/readable:368:12)
    at readableAddChunk (node:internal/streams/readable:341:9) {
  transactionId: '51282928eef7e399977e0d591fd930f4c377f70aaed070e663c9e3131839f422',
  transactionCode: 'MVCC_READ_CONFLICT'
}
2026.08.11-09:20:08.002[31m error[39m [caliper] [connectors/v2/FabricGateway] 	Failed to perform submit transaction [setFinancePolicyForFinancier] using arguments [,{"minAPR":0.08,"maxAPR":0.24,"baseAPR":0.14,"minTenorDays":7,"maxTenorDays":45,"tenor":21,"minLtvPct":55,"maxLtvPct":85,"ltv":72,"penaltyBasePct":0.4}],  with error: TransactionError: Commit of transaction 2789aefbfad7c4406dbb7070614902a63894939ece60ef149e23233dc4b5ff4f failed on peer peer0.financiers.example.com:7051 with status MVCC_READ_CONFLICT
    at TransactionEventHandler.eventCallback (/home/dhanish/fabric_sfc/caliper-bench/node_modules/fabric-network/lib/impl/event/transactioneventhandler.js:111:31)
    at CommitListenerSession.notifyListener (/home/dhanish/fabric_sfc/caliper-bench/node_modules/fabric-network/lib/impl/event/commitlistenersession.js:101:18)
    at EventListener.callback (/home/dhanish/fabric_sfc/caliper-bench/node_modules/fabric-network/lib/impl/event/commitlistenersession.js:92:18)
    at EventListener.onEvent (/home/dhanish/fabric_sfc/caliper-bench/node_modules/fabric-common/lib/EventListener.js:124:10)
    at EventService._callTransactionListener (/home/dhanish/fabric_sfc/caliper-bench/node_modules/fabric-common/lib/EventService.js:1051:16)
    at EventService._processTxEvents (/home/dhanish/fabric_sfc/caliper-bench/node_modules/fabric-common/lib/EventService.js:1006:12)
    at ClientDuplexStreamImpl.<anonymous> (/home/dhanish/fabric_sfc/caliper-bench/node_modules/fabric-common/lib/EventService.js:481:12)
    at ClientDuplexStreamImpl.emit (node:events:517:28)
    at addChunk (node:internal/streams/readable:368:12)
    at readableAddChunk (node:internal/streams/readable:341:9)
2026-08-11T09:20:08.002Z - [33mwarn[39m: [TransactionEventHandler]: strategyFail: commit failure for transaction "ef04f3eafc572deeebaeb241473d91e087707f2a7e0c72fb1e86f85ef3bdaaf3": TransactionError: Commit of transaction ef04f3eafc572deeebaeb241473d91e087707f2a7e0c72fb1e86f85ef3bdaaf3 failed on peer peer0.financiers.example.com:7051 with status MVCC_READ_CONFLICT
    at TransactionEventHandler.eventCallback (/home/dhanish/fabric_sfc/caliper-bench/node_modules/fabric-network/lib/impl/event/transactioneventhandler.js:111:31)
    at CommitListenerSession.notifyListener (/home/dhanish/fabric_sfc/caliper-bench/node_modules/fabric-network/lib/impl/event/commitlistenersession.js:101:18)
    at EventListener.callback (/home/dhanish/fabric_sfc/caliper-bench/node_modules/fabric-network/lib/impl/event/commitlistenersession.js:92:18)
    at EventListener.onEvent (/home/dhanish/fabric_sfc/caliper-bench/node_modules/fabric-common/lib/EventListener.js:124:10)
    at EventService._callTransactionListener (/home/dhanish/fabric_sfc/caliper-bench/node_modules/fabric-common/lib/EventService.js:1051:16)
    at EventService._processTxEvents (/home/dhanish/fabric_sfc/caliper-bench/node_modules/fabric-common/lib/EventService.js:1006:12)
    at ClientDuplexStreamImpl.<anonymous> (/home/dhanish/fabric_sfc/caliper-bench/node_modules/fabric-common/lib/EventService.js:481:12)
    at ClientDuplexStreamImpl.emit (node:events:517:28)
    at addChunk (node:internal/streams/readable:368:12)
    at readableAddChunk (node:internal/streams/readable:341:9) {
  transactionId: 'ef04f3eafc572deeebaeb241473d91e087707f2a7e0c72fb1e86f85ef3bdaaf3',
  transactionCode: 'MVCC_READ_CONFLICT'
}
2026.08.11-09:20:08.003[31m error[39m [caliper] [connectors/v2/FabricGateway] 	Failed to perform submit transaction [setFinancePolicyForFinancier] using arguments [,{"minAPR":0.08,"maxAPR":0.24,"baseAPR":0.14,"minTenorDays":7,"maxTenorDays":45,"tenor":21,"minLtvPct":55,"maxLtvPct":85,"ltv":72,"penaltyBasePct":0.4}],  with error: TransactionError: Commit of transaction 51282928eef7e399977e0d591fd930f4c377f70aaed070e663c9e3131839f422 failed on peer peer0.financiers.example.com:7051 with status MVCC_READ_CONFLICT
    at TransactionEventHandler.eventCallback (/home/dhanish/fabric_sfc/caliper-bench/node_modules/fabric-network/lib/impl/event/transactioneventhandler.js:111:31)
    at CommitListenerSession.notifyListener (/home/dhanish/fabric_sfc/caliper-bench/node_modules/fabric-network/lib/impl/event/commitlistenersession.js:101:18)
    at EventListener.callback (/home/dhanish/fabric_sfc/caliper-bench/node_modules/fabric-network/lib/impl/event/commitlistenersession.js:92:18)
    at EventListener.onEvent (/home/dhanish/fabric_sfc/caliper-bench/node_modules/fabric-common/lib/EventListener.js:124:10)
    at EventService._callTransactionListener (/home/dhanish/fabric_sfc/caliper-bench/node_modules/fabric-common/lib/EventService.js:1051:16)
    at EventService._processTxEvents (/home/dhanish/fabric_sfc/caliper-bench/node_modules/fabric-common/lib/EventService.js:1006:12)
    at ClientDuplexStreamImpl.<anonymous> (/home/dhanish/fabric_sfc/caliper-bench/node_modules/fabric-common/lib/EventService.js:481:12)
    at ClientDuplexStreamImpl.emit (node:events:517:28)
    at addChunk (node:internal/streams/readable:368:12)
    at readableAddChunk (node:internal/streams/readable:341:9)
2026.08.11-09:20:08.003[31m error[39m [caliper] [connectors/v2/FabricGateway] 	Failed to perform submit transaction [setFinancePolicyForFinancier] using arguments [,{"minAPR":0.08,"maxAPR":0.24,"baseAPR":0.14,"minTenorDays":7,"maxTenorDays":45,"tenor":21,"minLtvPct":55,"maxLtvPct":85,"ltv":72,"penaltyBasePct":0.4}],  with error: TransactionError: Commit of transaction ef04f3eafc572deeebaeb241473d91e087707f2a7e0c72fb1e86f85ef3bdaaf3 failed on peer peer0.financiers.example.com:7051 with status MVCC_READ_CONFLICT
    at TransactionEventHandler.eventCallback (/home/dhanish/fabric_sfc/caliper-bench/node_modules/fabric-network/lib/impl/event/transactioneventhandler.js:111:31)
    at CommitListenerSession.notifyListener (/home/dhanish/fabric_sfc/caliper-bench/node_modules/fabric-network/lib/impl/event/commitlistenersession.js:101:18)
    at EventListener.callback (/home/dhanish/fabric_sfc/caliper-bench/node_modules/fabric-network/lib/impl/event/commitlistenersession.js:92:18)
    at EventListener.onEvent (/home/dhanish/fabric_sfc/caliper-bench/node_modules/fabric-common/lib/EventListener.js:124:10)
    at EventService._callTransactionListener (/home/dhanish/fabric_sfc/caliper-bench/node_modules/fabric-common/lib/EventService.js:1051:16)
    at EventService._processTxEvents (/home/dhanish/fabric_sfc/caliper-bench/node_modules/fabric-common/lib/EventService.js:1006:12)
    at ClientDuplexStreamImpl.<anonymous> (/home/dhanish/fabric_sfc/caliper-bench/node_modules/fabric-common/lib/EventService.js:481:12)
    at ClientDuplexStreamImpl.emit (node:events:517:28)
    at addChunk (node:internal/streams/readable:368:12)
    at readableAddChunk (node:internal/streams/readable:341:9)
2026-08-11T09:20:08.006Z - [33mwarn[39m: [TransactionEventHandler]: strategyFail: commit failure for transaction "0cd01413943f79baf7b6ad01949f8de88f49d5e4d23cade08d50b99e14580236": TransactionError: Commit of transaction 0cd01413943f79baf7b6ad01949f8de88f49d5e4d23cade08d50b99e14580236 failed on peer peer0.financiers.example.com:7051 with status MVCC_READ_CONFLICT
    at TransactionEventHandler.eventCallback (/home/dhanish/fabric_sfc/caliper-bench/node_modules/fabric-network/lib/impl/event/transactioneventhandler.js:111:31)
    at CommitListenerSession.notifyListener (/home/dhanish/fabric_sfc/caliper-bench/node_modules/fabric-network/lib/impl/event/commitlistenersession.js:101:18)
    at EventListener.callback (/home/dhanish/fabric_sfc/caliper-bench/node_modules/fabric-network/lib/impl/event/commitlistenersession.js:92:18)
    at EventListener.onEvent (/home/dhanish/fabric_sfc/caliper-bench/node_modules/fabric-common/lib/EventListener.js:124:10)
    at EventService._callTransactionListener (/home/dhanish/fabric_sfc/caliper-bench/node_modules/fabric-common/lib/EventService.js:1051:16)
    at EventService._processTxEvents (/home/dhanish/fabric_sfc/caliper-bench/node_modules/fabric-common/lib/EventService.js:1006:12)
    at ClientDuplexStreamImpl.<anonymous> (/home/dhanish/fabric_sfc/caliper-bench/node_modules/fabric-common/lib/EventService.js:481:12)
    at ClientDuplexStreamImpl.emit (node:events:517:28)
    at addChunk (node:internal/streams/readable:368:12)
    at readableAddChunk (node:internal/streams/readable:341:9) {
  transactionId: '0cd01413943f79baf7b6ad01949f8de88f49d5e4d23cade08d50b99e14580236',
  transactionCode: 'MVCC_READ_CONFLICT'
}
2026-08-11T09:20:08.007Z - [33mwarn[39m: [TransactionEventHandler]: strategyFail: commit failure for transaction "e7dcf31a71a361bb31e5957f5f2aecd55b3a9fa6240749d82940c2ebbfc20e08": TransactionError: Commit of transaction e7dcf31a71a361bb31e5957f5f2aecd55b3a9fa6240749d82940c2ebbfc20e08 failed on peer peer0.financiers.example.com:7051 with status MVCC_READ_CONFLICT
    at TransactionEventHandler.eventCallback (/home/dhanish/fabric_sfc/caliper-bench/node_modules/fabric-network/lib/impl/event/transactioneventhandler.js:111:31)
    at CommitListenerSession.notifyListener (/home/dhanish/fabric_sfc/caliper-bench/node_modules/fabric-network/lib/impl/event/commitlistenersession.js:101:18)
    at EventListener.callback (/home/dhanish/fabric_sfc/caliper-bench/node_modules/fabric-network/lib/impl/event/commitlistenersession.js:92:18)
    at EventListener.onEvent (/home/dhanish/fabric_sfc/caliper-bench/node_modules/fabric-common/lib/EventListener.js:124:10)
    at EventService._callTransactionListener (/home/dhanish/fabric_sfc/caliper-bench/node_modules/fabric-common/lib/EventService.js:1051:16)
    at EventService._processTxEvents (/home/dhanish/fabric_sfc/caliper-bench/node_modules/fabric-common/lib/EventService.js:1006:12)
    at ClientDuplexStreamImpl.<anonymous> (/home/dhanish/fabric_sfc/caliper-bench/node_modules/fabric-common/lib/EventService.js:481:12)
    at ClientDuplexStreamImpl.emit (node:events:517:28)
    at addChunk (node:internal/streams/readable:368:12)
    at readableAddChunk (node:internal/streams/readable:341:9) {
  transactionId: 'e7dcf31a71a361bb31e5957f5f2aecd55b3a9fa6240749d82940c2ebbfc20e08',
  transactionCode: 'MVCC_READ_CONFLICT'
}
2026-08-11T09:20:08.007Z - [33mwarn[39m: [TransactionEventHandler]: strategyFail: commit failure for transaction "0ab6dba836e9405aed61650d130dbda87fba2f471bda0a52370f9588f048b1bd": TransactionError: Commit of transaction 0ab6dba836e9405aed61650d130dbda87fba2f471bda0a52370f9588f048b1bd failed on peer peer0.financiers.example.com:7051 with status MVCC_READ_CONFLICT
    at TransactionEventHandler.eventCallback (/home/dhanish/fabric_sfc/caliper-bench/node_modules/fabric-network/lib/impl/event/transactioneventhandler.js:111:31)
    at CommitListenerSession.notifyListener (/home/dhanish/fabric_sfc/caliper-bench/node_modules/fabric-network/lib/impl/event/commitlistenersession.js:101:18)
    at EventListener.callback (/home/dhanish/fabric_sfc/caliper-bench/node_modules/fabric-network/lib/impl/event/commitlistenersession.js:92:18)
    at EventListener.onEvent (/home/dhanish/fabric_sfc/caliper-bench/node_modules/fabric-common/lib/EventListener.js:124:10)
    at EventService._callTransactionListener (/home/dhanish/fabric_sfc/caliper-bench/node_modules/fabric-common/lib/EventService.js:1051:16)
    at EventService._processTxEvents (/home/dhanish/fabric_sfc/caliper-bench/node_modules/fabric-common/lib/EventService.js:1006:12)
    at ClientDuplexStreamImpl.<anonymous> (/home/dhanish/fabric_sfc/caliper-bench/node_modules/fabric-common/lib/EventService.js:481:12)
    at ClientDuplexStreamImpl.emit (node:events:517:28)
    at addChunk (node:internal/streams/readable:368:12)
    at readableAddChunk (node:internal/streams/readable:341:9) {
  transactionId: '0ab6dba836e9405aed61650d130dbda87fba2f471bda0a52370f9588f048b1bd',
  transactionCode: 'MVCC_READ_CONFLICT'
}
2026.08.11-09:20:08.010[31m error[39m [caliper] [connectors/v2/FabricGateway] 	Failed to perform submit transaction [setFinancePolicyForFinancier] using arguments [,{"minAPR":0.08,"maxAPR":0.24,"baseAPR":0.14,"minTenorDays":7,"maxTenorDays":45,"tenor":21,"minLtvPct":55,"maxLtvPct":85,"ltv":72,"penaltyBasePct":0.4}],  with error: TransactionError: Commit of transaction 0cd01413943f79baf7b6ad01949f8de88f49d5e4d23cade08d50b99e14580236 failed on peer peer0.financiers.example.com:7051 with status MVCC_READ_CONFLICT
    at TransactionEventHandler.eventCallback (/home/dhanish/fabric_sfc/caliper-bench/node_modules/fabric-network/lib/impl/event/transactioneventhandler.js:111:31)
    at CommitListenerSession.notifyListener (/home/dhanish/fabric_sfc/caliper-bench/node_modules/fabric-network/lib/impl/event/commitlistenersession.js:101:18)
    at EventListener.callback (/home/dhanish/fabric_sfc/caliper-bench/node_modules/fabric-network/lib/impl/event/commitlistenersession.js:92:18)
    at EventListener.onEvent (/home/dhanish/fabric_sfc/caliper-bench/node_modules/fabric-common/lib/EventListener.js:124:10)
    at EventService._callTransactionListener (/home/dhanish/fabric_sfc/caliper-bench/node_modules/fabric-common/lib/EventService.js:1051:16)
    at EventService._processTxEvents (/home/dhanish/fabric_sfc/caliper-bench/node_modules/fabric-common/lib/EventService.js:1006:12)
    at ClientDuplexStreamImpl.<anonymous> (/home/dhanish/fabric_sfc/caliper-bench/node_modules/fabric-common/lib/EventService.js:481:12)
    at ClientDuplexStreamImpl.emit (node:events:517:28)
    at addChunk (node:internal/streams/readable:368:12)
    at readableAddChunk (node:internal/streams/readable:341:9)
2026.08.11-09:20:08.010[31m error[39m [caliper] [connectors/v2/FabricGateway] 	Failed to perform submit transaction [setFinancePolicyForFinancier] using arguments [,{"minAPR":0.08,"maxAPR":0.24,"baseAPR":0.14,"minTenorDays":7,"maxTenorDays":45,"tenor":21,"minLtvPct":55,"maxLtvPct":85,"ltv":72,"penaltyBasePct":0.4}],  with error: TransactionError: Commit of transaction e7dcf31a71a361bb31e5957f5f2aecd55b3a9fa6240749d82940c2ebbfc20e08 failed on peer peer0.financiers.example.com:7051 with status MVCC_READ_CONFLICT
    at TransactionEventHandler.eventCallback (/home/dhanish/fabric_sfc/caliper-bench/node_modules/fabric-network/lib/impl/event/transactioneventhandler.js:111:31)
    at CommitListenerSession.notifyListener (/home/dhanish/fabric_sfc/caliper-bench/node_modules/fabric-network/lib/impl/event/commitlistenersession.js:101:18)
    at EventListener.callback (/home/dhanish/fabric_sfc/caliper-bench/node_modules/fabric-network/lib/impl/event/commitlistenersession.js:92:18)
    at EventListener.onEvent (/home/dhanish/fabric_sfc/caliper-bench/node_modules/fabric-common/lib/EventListener.js:124:10)
    at EventService._callTransactionListener (/home/dhanish/fabric_sfc/caliper-bench/node_modules/fabric-common/lib/EventService.js:1051:16)
    at EventService._processTxEvents (/home/dhanish/fabric_sfc/caliper-bench/node_modules/fabric-common/lib/EventService.js:1006:12)
    at ClientDuplexStreamImpl.<anonymous> (/home/dhanish/fabric_sfc/caliper-bench/node_modules/fabric-common/lib/EventService.js:481:12)
    at ClientDuplexStreamImpl.emit (node:events:517:28)
    at addChunk (node:internal/streams/readable:368:12)
    at readableAddChunk (node:internal/streams/readable:341:9)
2026.08.11-09:20:08.010[31m error[39m [caliper] [connectors/v2/FabricGateway] 	Failed to perform submit transaction [setFinancePolicyForFinancier] using arguments [,{"minAPR":0.08,"maxAPR":0.24,"baseAPR":0.14,"minTenorDays":7,"maxTenorDays":45,"tenor":21,"minLtvPct":55,"maxLtvPct":85,"ltv":72,"penaltyBasePct":0.4}],  with error: TransactionError: Commit of transaction 0ab6dba836e9405aed61650d130dbda87fba2f471bda0a52370f9588f048b1bd failed on peer peer0.financiers.example.com:7051 with status MVCC_READ_CONFLICT
    at TransactionEventHandler.eventCallback (/home/dhanish/fabric_sfc/caliper-bench/node_modules/fabric-network/lib/impl/event/transactioneventhandler.js:111:31)
    at CommitListenerSession.notifyListener (/home/dhanish/fabric_sfc/caliper-bench/node_modules/fabric-network/lib/impl/event/commitlistenersession.js:101:18)
    at EventListener.callback (/home/dhanish/fabric_sfc/caliper-bench/node_modules/fabric-network/lib/impl/event/commitlistenersession.js:92:18)
    at EventListener.onEvent (/home/dhanish/fabric_sfc/caliper-bench/node_modules/fabric-common/lib/EventListener.js:124:10)
    at EventService._callTransactionListener (/home/dhanish/fabric_sfc/caliper-bench/node_modules/fabric-common/lib/EventService.js:1051:16)
    at EventService._processTxEvents (/home/dhanish/fabric_sfc/caliper-bench/node_modules/fabric-common/lib/EventService.js:1006:12)
    at ClientDuplexStreamImpl.<anonymous> (/home/dhanish/fabric_sfc/caliper-bench/node_modules/fabric-common/lib/EventService.js:481:12)
    at ClientDuplexStreamImpl.emit (node:events:517:28)
    at addChunk (node:internal/streams/readable:368:12)
    at readableAddChunk (node:internal/streams/readable:341:9)
2026-08-11T09:20:08.014Z - [33mwarn[39m: [TransactionEventHandler]: strategyFail: commit failure for transaction "99bbccc683c2bf353f3f231ac785988deb7533fed931232acb4b92e2248b8741": TransactionError: Commit of transaction 99bbccc683c2bf353f3f231ac785988deb7533fed931232acb4b92e2248b8741 failed on peer peer0.financiers.example.com:7051 with status MVCC_READ_CONFLICT
    at TransactionEventHandler.eventCallback (/home/dhanish/fabric_sfc/caliper-bench/node_modules/fabric-network/lib/impl/event/transactioneventhandler.js:111:31)
    at CommitListenerSession.notifyListener (/home/dhanish/fabric_sfc/caliper-bench/node_modules/fabric-network/lib/impl/event/commitlistenersession.js:101:18)
    at EventListener.callback (/home/dhanish/fabric_sfc/caliper-bench/node_modules/fabric-network/lib/impl/event/commitlistenersession.js:92:18)
    at EventListener.onEvent (/home/dhanish/fabric_sfc/caliper-bench/node_modules/fabric-common/lib/EventListener.js:124:10)
    at EventService._callTransactionListener (/home/dhanish/fabric_sfc/caliper-bench/node_modules/fabric-common/lib/EventService.js:1051:16)
    at EventService._processTxEvents (/home/dhanish/fabric_sfc/caliper-bench/node_modules/fabric-common/lib/EventService.js:1006:12)
    at ClientDuplexStreamImpl.<anonymous> (/home/dhanish/fabric_sfc/caliper-bench/node_modules/fabric-common/lib/EventService.js:481:12)
    at ClientDuplexStreamImpl.emit (node:events:517:28)
    at addChunk (node:internal/streams/readable:368:12)
    at readableAddChunk (node:internal/streams/readable:341:9) {
  transactionId: '99bbccc683c2bf353f3f231ac785988deb7533fed931232acb4b92e2248b8741',
  transactionCode: 'MVCC_READ_CONFLICT'
}
2026-08-11T09:20:08.015Z - [33mwarn[39m: [TransactionEventHandler]: strategyFail: commit failure for transaction "a8249ec066b8151c9310a647f89e1f90327e660e54b4fa1ec80783c290e996e3": TransactionError: Commit of transaction a8249ec066b8151c9310a647f89e1f90327e660e54b4fa1ec80783c290e996e3 failed on peer peer0.financiers.example.com:7051 with status MVCC_READ_CONFLICT
    at TransactionEventHandler.eventCallback (/home/dhanish/fabric_sfc/caliper-bench/node_modules/fabric-network/lib/impl/event/transactioneventhandler.js:111:31)
    at CommitListenerSession.notifyListener (/home/dhanish/fabric_sfc/caliper-bench/node_modules/fabric-network/lib/impl/event/commitlistenersession.js:101:18)
    at EventListener.callback (/home/dhanish/fabric_sfc/caliper-bench/node_modules/fabric-network/lib/impl/event/commitlistenersession.js:92:18)
    at EventListener.onEvent (/home/dhanish/fabric_sfc/caliper-bench/node_modules/fabric-common/lib/EventListener.js:124:10)
    at EventService._callTransactionListener (/home/dhanish/fabric_sfc/caliper-bench/node_modules/fabric-common/lib/EventService.js:1051:16)
    at EventService._processTxEvents (/home/dhanish/fabric_sfc/caliper-bench/node_modules/fabric-common/lib/EventService.js:1006:12)
    at ClientDuplexStreamImpl.<anonymous> (/home/dhanish/fabric_sfc/caliper-bench/node_modules/fabric-common/lib/EventService.js:481:12)
    at ClientDuplexStreamImpl.emit (node:events:517:28)
    at addChunk (node:internal/streams/readable:368:12)
    at readableAddChunk (node:internal/streams/readable:341:9) {
  transactionId: 'a8249ec066b8151c9310a647f89e1f90327e660e54b4fa1ec80783c290e996e3',
  transactionCode: 'MVCC_READ_CONFLICT'
}
2026-08-11T09:20:08.015Z - [33mwarn[39m: [TransactionEventHandler]: strategyFail: commit failure for transaction "7c854410e8cb3465a720e0f223b24a1fcb67e255bed5c39158e2f7d86c874d04": TransactionError: Commit of transaction 7c854410e8cb3465a720e0f223b24a1fcb67e255bed5c39158e2f7d86c874d04 failed on peer peer0.financiers.example.com:7051 with status MVCC_READ_CONFLICT
    at TransactionEventHandler.eventCallback (/home/dhanish/fabric_sfc/caliper-bench/node_modules/fabric-network/lib/impl/event/transactioneventhandler.js:111:31)
    at CommitListenerSession.notifyListener (/home/dhanish/fabric_sfc/caliper-bench/node_modules/fabric-network/lib/impl/event/commitlistenersession.js:101:18)
    at EventListener.callback (/home/dhanish/fabric_sfc/caliper-bench/node_modules/fabric-network/lib/impl/event/commitlistenersession.js:92:18)
    at EventListener.onEvent (/home/dhanish/fabric_sfc/caliper-bench/node_modules/fabric-common/lib/EventListener.js:124:10)
    at EventService._callTransactionListener (/home/dhanish/fabric_sfc/caliper-bench/node_modules/fabric-common/lib/EventService.js:1051:16)
    at EventService._processTxEvents (/home/dhanish/fabric_sfc/caliper-bench/node_modules/fabric-common/lib/EventService.js:1006:12)
    at ClientDuplexStreamImpl.<anonymous> (/home/dhanish/fabric_sfc/caliper-bench/node_modules/fabric-common/lib/EventService.js:481:12)
    at ClientDuplexStreamImpl.emit (node:events:517:28)
    at addChunk (node:internal/streams/readable:368:12)
    at readableAddChunk (node:internal/streams/readable:341:9) {
  transactionId: '7c854410e8cb3465a720e0f223b24a1fcb67e255bed5c39158e2f7d86c874d04',
  transactionCode: 'MVCC_READ_CONFLICT'
}
2026.08.11-09:20:08.015[31m error[39m [caliper] [connectors/v2/FabricGateway] 	Failed to perform submit transaction [setFinancePolicyForFinancier] using arguments [,{"minAPR":0.08,"maxAPR":0.24,"baseAPR":0.14,"minTenorDays":7,"maxTenorDays":45,"tenor":21,"minLtvPct":55,"maxLtvPct":85,"ltv":72,"penaltyBasePct":0.4}],  with error: TransactionError: Commit of transaction 99bbccc683c2bf353f3f231ac785988deb7533fed931232acb4b92e2248b8741 failed on peer peer0.financiers.example.com:7051 with status MVCC_READ_CONFLICT
    at TransactionEventHandler.eventCallback (/home/dhanish/fabric_sfc/caliper-bench/node_modules/fabric-network/lib/impl/event/transactioneventhandler.js:111:31)
    at CommitListenerSession.notifyListener (/home/dhanish/fabric_sfc/caliper-bench/node_modules/fabric-network/lib/impl/event/commitlistenersession.js:101:18)
    at EventListener.callback (/home/dhanish/fabric_sfc/caliper-bench/node_modules/fabric-network/lib/impl/event/commitlistenersession.js:92:18)
    at EventListener.onEvent (/home/dhanish/fabric_sfc/caliper-bench/node_modules/fabric-common/lib/EventListener.js:124:10)
    at EventService._callTransactionListener (/home/dhanish/fabric_sfc/caliper-bench/node_modules/fabric-common/lib/EventService.js:1051:16)
    at EventService._processTxEvents (/home/dhanish/fabric_sfc/caliper-bench/node_modules/fabric-common/lib/EventService.js:1006:12)
    at ClientDuplexStreamImpl.<anonymous> (/home/dhanish/fabric_sfc/caliper-bench/node_modules/fabric-common/lib/EventService.js:481:12)
    at ClientDuplexStreamImpl.emit (node:events:517:28)
    at addChunk (node:internal/streams/readable:368:12)
    at readableAddChunk (node:internal/streams/readable:341:9)
2026.08.11-09:20:08.016[31m error[39m [caliper] [connectors/v2/FabricGateway] 	Failed to perform submit transaction [setFinancePolicyForFinancier] using arguments [,{"minAPR":0.08,"maxAPR":0.24,"baseAPR":0.14,"minTenorDays":7,"maxTenorDays":45,"tenor":21,"minLtvPct":55,"maxLtvPct":85,"ltv":72,"penaltyBasePct":0.4}],  with error: TransactionError: Commit of transaction a8249ec066b8151c9310a647f89e1f90327e660e54b4fa1ec80783c290e996e3 failed on peer peer0.financiers.example.com:7051 with status MVCC_READ_CONFLICT
    at TransactionEventHandler.eventCallback (/home/dhanish/fabric_sfc/caliper-bench/node_modules/fabric-network/lib/impl/event/transactioneventhandler.js:111:31)
    at CommitListenerSession.notifyListener (/home/dhanish/fabric_sfc/caliper-bench/node_modules/fabric-network/lib/impl/event/commitlistenersession.js:101:18)
    at EventListener.callback (/home/dhanish/fabric_sfc/caliper-bench/node_modules/fabric-network/lib/impl/event/commitlistenersession.js:92:18)
    at EventListener.onEvent (/home/dhanish/fabric_sfc/caliper-bench/node_modules/fabric-common/lib/EventListener.js:124:10)
    at EventService._callTransactionListener (/home/dhanish/fabric_sfc/caliper-bench/node_modules/fabric-common/lib/EventService.js:1051:16)
    at EventService._processTxEvents (/home/dhanish/fabric_sfc/caliper-bench/node_modules/fabric-common/lib/EventService.js:1006:12)
    at ClientDuplexStreamImpl.<anonymous> (/home/dhanish/fabric_sfc/caliper-bench/node_modules/fabric-common/lib/EventService.js:481:12)
    at ClientDuplexStreamImpl.emit (node:events:517:28)
    at addChunk (node:internal/streams/readable:368:12)
    at readableAddChunk (node:internal/streams/readable:341:9)
2026.08.11-09:20:08.016[31m error[39m [caliper] [connectors/v2/FabricGateway] 	Failed to perform submit transaction [setFinancePolicyForFinancier] using arguments [,{"minAPR":0.08,"maxAPR":0.24,"baseAPR":0.14,"minTenorDays":7,"maxTenorDays":45,"tenor":21,"minLtvPct":55,"maxLtvPct":85,"ltv":72,"penaltyBasePct":0.4}],  with error: TransactionError: Commit of transaction 7c854410e8cb3465a720e0f223b24a1fcb67e255bed5c39158e2f7d86c874d04 failed on peer peer0.financiers.example.com:7051 with status MVCC_READ_CONFLICT
    at TransactionEventHandler.eventCallback (/home/dhanish/fabric_sfc/caliper-bench/node_modules/fabric-network/lib/impl/event/transactioneventhandler.js:111:31)
    at CommitListenerSession.notifyListener (/home/dhanish/fabric_sfc/caliper-bench/node_modules/fabric-network/lib/impl/event/commitlistenersession.js:101:18)
    at EventListener.callback (/home/dhanish/fabric_sfc/caliper-bench/node_modules/fabric-network/lib/impl/event/commitlistenersession.js:92:18)
    at EventListener.onEvent (/home/dhanish/fabric_sfc/caliper-bench/node_modules/fabric-common/lib/EventListener.js:124:10)
    at EventService._callTransactionListener (/home/dhanish/fabric_sfc/caliper-bench/node_modules/fabric-common/lib/EventService.js:1051:16)
    at EventService._processTxEvents (/home/dhanish/fabric_sfc/caliper-bench/node_modules/fabric-common/lib/EventService.js:1006:12)
    at ClientDuplexStreamImpl.<anonymous> (/home/dhanish/fabric_sfc/caliper-bench/node_modules/fabric-common/lib/EventService.js:481:12)
    at ClientDuplexStreamImpl.emit (node:events:517:28)
    at addChunk (node:internal/streams/readable:368:12)
    at readableAddChunk (node:internal/streams/readable:341:9)
2026-08-11T09:20:08.032Z - [33mwarn[39m: [TransactionEventHandler]: strategyFail: commit failure for transaction "8ee850da8caa74d723a167450008c92bdd80daac16128e639759c6a4255c11e1": TransactionError: Commit of transaction 8ee850da8caa74d723a167450008c92bdd80daac16128e639759c6a4255c11e1 failed on peer peer0.financiers.example.com:7051 with status MVCC_READ_CONFLICT
    at TransactionEventHandler.eventCallback (/home/dhanish/fabric_sfc/caliper-bench/node_modules/fabric-network/lib/impl/event/transactioneventhandler.js:111:31)
    at CommitListenerSession.notifyListener (/home/dhanish/fabric_sfc/caliper-bench/node_modules/fabric-network/lib/impl/event/commitlistenersession.js:101:18)
    at EventListener.callback (/home/dhanish/fabric_sfc/caliper-bench/node_modules/fabric-network/lib/impl/event/commitlistenersession.js:92:18)
    at EventListener.onEvent (/home/dhanish/fabric_sfc/caliper-bench/node_modules/fabric-common/lib/EventListener.js:124:10)
    at EventService._callTransactionListener (/home/dhanish/fabric_sfc/caliper-bench/node_modules/fabric-common/lib/EventService.js:1051:16)
    at EventService._processTxEvents (/home/dhanish/fabric_sfc/caliper-bench/node_modules/fabric-common/lib/EventService.js:1006:12)
    at ClientDuplexStreamImpl.<anonymous> (/home/dhanish/fabric_sfc/caliper-bench/node_modules/fabric-common/lib/EventService.js:481:12)
    at ClientDuplexStreamImpl.emit (node:events:517:28)
    at addChunk (node:internal/streams/readable:368:12)
    at readableAddChunk (node:internal/streams/readable:341:9) {
  transactionId: '8ee850da8caa74d723a167450008c92bdd80daac16128e639759c6a4255c11e1',
  transactionCode: 'MVCC_READ_CONFLICT'
}
2026.08.11-09:20:08.032[31m error[39m [caliper] [connectors/v2/FabricGateway] 	Failed to perform submit transaction [setFinancePolicyForFinancier] using arguments [,{"minAPR":0.08,"maxAPR":0.24,"baseAPR":0.14,"minTenorDays":7,"maxTenorDays":45,"tenor":21,"minLtvPct":55,"maxLtvPct":85,"ltv":72,"penaltyBasePct":0.4}],  with error: TransactionError: Commit of transaction 8ee850da8caa74d723a167450008c92bdd80daac16128e639759c6a4255c11e1 failed on peer peer0.financiers.example.com:7051 with status MVCC_READ_CONFLICT
    at TransactionEventHandler.eventCallback (/home/dhanish/fabric_sfc/caliper-bench/node_modules/fabric-network/lib/impl/event/transactioneventhandler.js:111:31)
    at CommitListenerSession.notifyListener (/home/dhanish/fabric_sfc/caliper-bench/node_modules/fabric-network/lib/impl/event/commitlistenersession.js:101:18)
    at EventListener.callback (/home/dhanish/fabric_sfc/caliper-bench/node_modules/fabric-network/lib/impl/event/commitlistenersession.js:92:18)
    at EventListener.onEvent (/home/dhanish/fabric_sfc/caliper-bench/node_modules/fabric-common/lib/EventListener.js:124:10)
    at EventService._callTransactionListener (/home/dhanish/fabric_sfc/caliper-bench/node_modules/fabric-common/lib/EventService.js:1051:16)
    at EventService._processTxEvents (/home/dhanish/fabric_sfc/caliper-bench/node_modules/fabric-common/lib/EventService.js:1006:12)
    at ClientDuplexStreamImpl.<anonymous> (/home/dhanish/fabric_sfc/caliper-bench/node_modules/fabric-common/lib/EventService.js:481:12)
    at ClientDuplexStreamImpl.emit (node:events:517:28)
    at addChunk (node:internal/streams/readable:368:12)
    at readableAddChunk (node:internal/streams/readable:341:9)
2026-08-11T09:20:08.034Z - [33mwarn[39m: [TransactionEventHandler]: strategyFail: commit failure for transaction "f2b5c486de7a287bf6408181e466b582cad39ea6b5d7894358493b96c8cd9084": TransactionError: Commit of transaction f2b5c486de7a287bf6408181e466b582cad39ea6b5d7894358493b96c8cd9084 failed on peer peer0.financiers.example.com:7051 with status MVCC_READ_CONFLICT
    at TransactionEventHandler.eventCallback (/home/dhanish/fabric_sfc/caliper-bench/node_modules/fabric-network/lib/impl/event/transactioneventhandler.js:111:31)
    at CommitListenerSession.notifyListener (/home/dhanish/fabric_sfc/caliper-bench/node_modules/fabric-network/lib/impl/event/commitlistenersession.js:101:18)
    at EventListener.callback (/home/dhanish/fabric_sfc/caliper-bench/node_modules/fabric-network/lib/impl/event/commitlistenersession.js:92:18)
    at EventListener.onEvent (/home/dhanish/fabric_sfc/caliper-bench/node_modules/fabric-common/lib/EventListener.js:124:10)
    at EventService._callTransactionListener (/home/dhanish/fabric_sfc/caliper-bench/node_modules/fabric-common/lib/EventService.js:1051:16)
    at EventService._processTxEvents (/home/dhanish/fabric_sfc/caliper-bench/node_modules/fabric-common/lib/EventService.js:1006:12)
    at ClientDuplexStreamImpl.<anonymous> (/home/dhanish/fabric_sfc/caliper-bench/node_modules/fabric-common/lib/EventService.js:481:12)
    at ClientDuplexStreamImpl.emit (node:events:517:28)
    at addChunk (node:internal/streams/readable:368:12)
    at readableAddChunk (node:internal/streams/readable:341:9) {
  transactionId: 'f2b5c486de7a287bf6408181e466b582cad39ea6b5d7894358493b96c8cd9084',
  transactionCode: 'MVCC_READ_CONFLICT'
}
2026-08-11T09:20:08.034Z - [33mwarn[39m: [TransactionEventHandler]: strategyFail: commit failure for transaction "6265f1d2387bb2068122760042a5bed53a12a1285c0dfeeb95a8b988760a66d9": TransactionError: Commit of transaction 6265f1d2387bb2068122760042a5bed53a12a1285c0dfeeb95a8b988760a66d9 failed on peer peer0.financiers.example.com:7051 with status MVCC_READ_CONFLICT
    at TransactionEventHandler.eventCallback (/home/dhanish/fabric_sfc/caliper-bench/node_modules/fabric-network/lib/impl/event/transactioneventhandler.js:111:31)
    at CommitListenerSession.notifyListener (/home/dhanish/fabric_sfc/caliper-bench/node_modules/fabric-network/lib/impl/event/commitlistenersession.js:101:18)
    at EventListener.callback (/home/dhanish/fabric_sfc/caliper-bench/node_modules/fabric-network/lib/impl/event/commitlistenersession.js:92:18)
    at EventListener.onEvent (/home/dhanish/fabric_sfc/caliper-bench/node_modules/fabric-common/lib/EventListener.js:124:10)
    at EventService._callTransactionListener (/home/dhanish/fabric_sfc/caliper-bench/node_modules/fabric-common/lib/EventService.js:1051:16)
    at EventService._processTxEvents (/home/dhanish/fabric_sfc/caliper-bench/node_modules/fabric-common/lib/EventService.js:1006:12)
    at ClientDuplexStreamImpl.<anonymous> (/home/dhanish/fabric_sfc/caliper-bench/node_modules/fabric-common/lib/EventService.js:481:12)
    at ClientDuplexStreamImpl.emit (node:events:517:28)
    at addChunk (node:internal/streams/readable:368:12)
    at readableAddChunk (node:internal/streams/readable:341:9) {
  transactionId: '6265f1d2387bb2068122760042a5bed53a12a1285c0dfeeb95a8b988760a66d9',
  transactionCode: 'MVCC_READ_CONFLICT'
}
2026-08-11T09:20:08.034Z - [33mwarn[39m: [TransactionEventHandler]: strategyFail: commit failure for transaction "1ed286e8e252c5631536355b707f7798c4b66b8e624525d7df07c2796a8fbe1b": TransactionError: Commit of transaction 1ed286e8e252c5631536355b707f7798c4b66b8e624525d7df07c2796a8fbe1b failed on peer peer0.financiers.example.com:7051 with status MVCC_READ_CONFLICT
    at TransactionEventHandler.eventCallback (/home/dhanish/fabric_sfc/caliper-bench/node_modules/fabric-network/lib/impl/event/transactioneventhandler.js:111:31)
    at CommitListenerSession.notifyListener (/home/dhanish/fabric_sfc/caliper-bench/node_modules/fabric-network/lib/impl/event/commitlistenersession.js:101:18)
    at EventListener.callback (/home/dhanish/fabric_sfc/caliper-bench/node_modules/fabric-network/lib/impl/event/commitlistenersession.js:92:18)
    at EventListener.onEvent (/home/dhanish/fabric_sfc/caliper-bench/node_modules/fabric-common/lib/EventListener.js:124:10)
    at EventService._callTransactionListener (/home/dhanish/fabric_sfc/caliper-bench/node_modules/fabric-common/lib/EventService.js:1051:16)
    at EventService._processTxEvents (/home/dhanish/fabric_sfc/caliper-bench/node_modules/fabric-common/lib/EventService.js:1006:12)
    at ClientDuplexStreamImpl.<anonymous> (/home/dhanish/fabric_sfc/caliper-bench/node_modules/fabric-common/lib/EventService.js:481:12)
    at ClientDuplexStreamImpl.emit (node:events:517:28)
    at addChunk (node:internal/streams/readable:368:12)
    at readableAddChunk (node:internal/streams/readable:341:9) {
  transactionId: '1ed286e8e252c5631536355b707f7798c4b66b8e624525d7df07c2796a8fbe1b',
  transactionCode: 'MVCC_READ_CONFLICT'
}
2026-08-11T09:20:08.035Z - [33mwarn[39m: [TransactionEventHandler]: strategyFail: commit failure for transaction "bd8f8aea9b88336a326de5e79cfcb5c0e8b720993d1dca3c151aa833df80a7ad": TransactionError: Commit of transaction bd8f8aea9b88336a326de5e79cfcb5c0e8b720993d1dca3c151aa833df80a7ad failed on peer peer0.financiers.example.com:7051 with status MVCC_READ_CONFLICT
    at TransactionEventHandler.eventCallback (/home/dhanish/fabric_sfc/caliper-bench/node_modules/fabric-network/lib/impl/event/transactioneventhandler.js:111:31)
    at CommitListenerSession.notifyListener (/home/dhanish/fabric_sfc/caliper-bench/node_modules/fabric-network/lib/impl/event/commitlistenersession.js:101:18)
    at EventListener.callback (/home/dhanish/fabric_sfc/caliper-bench/node_modules/fabric-network/lib/impl/event/commitlistenersession.js:92:18)
    at EventListener.onEvent (/home/dhanish/fabric_sfc/caliper-bench/node_modules/fabric-common/lib/EventListener.js:124:10)
    at EventService._callTransactionListener (/home/dhanish/fabric_sfc/caliper-bench/node_modules/fabric-common/lib/EventService.js:1051:16)
    at EventService._processTxEvents (/home/dhanish/fabric_sfc/caliper-bench/node_modules/fabric-common/lib/EventService.js:1006:12)
    at ClientDuplexStreamImpl.<anonymous> (/home/dhanish/fabric_sfc/caliper-bench/node_modules/fabric-common/lib/EventService.js:481:12)
    at ClientDuplexStreamImpl.emit (node:events:517:28)
    at addChunk (node:internal/streams/readable:368:12)
    at readableAddChunk (node:internal/streams/readable:341:9) {
  transactionId: 'bd8f8aea9b88336a326de5e79cfcb5c0e8b720993d1dca3c151aa833df80a7ad',
  transactionCode: 'MVCC_READ_CONFLICT'
}
2026-08-11T09:20:08.035Z - [33mwarn[39m: [TransactionEventHandler]: strategyFail: commit failure for transaction "9f3f86d0ecf8c7abbb4b2e1959cc9f37b95e65b5bc8b7bfd637d78fd80cfd9b2": TransactionError: Commit of transaction 9f3f86d0ecf8c7abbb4b2e1959cc9f37b95e65b5bc8b7bfd637d78fd80cfd9b2 failed on peer peer0.financiers.example.com:7051 with status MVCC_READ_CONFLICT
    at TransactionEventHandler.eventCallback (/home/dhanish/fabric_sfc/caliper-bench/node_modules/fabric-network/lib/impl/event/transactioneventhandler.js:111:31)
    at CommitListenerSession.notifyListener (/home/dhanish/fabric_sfc/caliper-bench/node_modules/fabric-network/lib/impl/event/commitlistenersession.js:101:18)
    at EventListener.callback (/home/dhanish/fabric_sfc/caliper-bench/node_modules/fabric-network/lib/impl/event/commitlistenersession.js:92:18)
    at EventListener.onEvent (/home/dhanish/fabric_sfc/caliper-bench/node_modules/fabric-common/lib/EventListener.js:124:10)
    at EventService._callTransactionListener (/home/dhanish/fabric_sfc/caliper-bench/node_modules/fabric-common/lib/EventService.js:1051:16)
    at EventService._processTxEvents (/home/dhanish/fabric_sfc/caliper-bench/node_modules/fabric-common/lib/EventService.js:1006:12)
    at ClientDuplexStreamImpl.<anonymous> (/home/dhanish/fabric_sfc/caliper-bench/node_modules/fabric-common/lib/EventService.js:481:12)
    at ClientDuplexStreamImpl.emit (node:events:517:28)
    at addChunk (node:internal/streams/readable:368:12)
    at readableAddChunk (node:internal/streams/readable:341:9) {
  transactionId: '9f3f86d0ecf8c7abbb4b2e1959cc9f37b95e65b5bc8b7bfd637d78fd80cfd9b2',
  transactionCode: 'MVCC_READ_CONFLICT'
}
2026-08-11T09:20:08.035Z - [33mwarn[39m: [TransactionEventHandler]: strategyFail: commit failure for transaction "c3151c2c2e3b292124aaf4508c2ca730525ad5b1af9520f35cc26ed3f6d3164e": TransactionError: Commit of transaction c3151c2c2e3b292124aaf4508c2ca730525ad5b1af9520f35cc26ed3f6d3164e failed on peer peer0.financiers.example.com:7051 with status MVCC_READ_CONFLICT
    at TransactionEventHandler.eventCallback (/home/dhanish/fabric_sfc/caliper-bench/node_modules/fabric-network/lib/impl/event/transactioneventhandler.js:111:31)
    at CommitListenerSession.notifyListener (/home/dhanish/fabric_sfc/caliper-bench/node_modules/fabric-network/lib/impl/event/commitlistenersession.js:101:18)
    at EventListener.callback (/home/dhanish/fabric_sfc/caliper-bench/node_modules/fabric-network/lib/impl/event/commitlistenersession.js:92:18)
    at EventListener.onEvent (/home/dhanish/fabric_sfc/caliper-bench/node_modules/fabric-common/lib/EventListener.js:124:10)
    at EventService._callTransactionListener (/home/dhanish/fabric_sfc/caliper-bench/node_modules/fabric-common/lib/EventService.js:1051:16)
    at EventService._processTxEvents (/home/dhanish/fabric_sfc/caliper-bench/node_modules/fabric-common/lib/EventService.js:1006:12)
    at ClientDuplexStreamImpl.<anonymous> (/home/dhanish/fabric_sfc/caliper-bench/node_modules/fabric-common/lib/EventService.js:481:12)
    at ClientDuplexStreamImpl.emit (node:events:517:28)
    at addChunk (node:internal/streams/readable:368:12)
    at readableAddChunk (node:internal/streams/readable:341:9) {
  transactionId: 'c3151c2c2e3b292124aaf4508c2ca730525ad5b1af9520f35cc26ed3f6d3164e',
  transactionCode: 'MVCC_READ_CONFLICT'
}
2026.08.11-09:20:08.035[31m error[39m [caliper] [connectors/v2/FabricGateway] 	Failed to perform submit transaction [setFinancePolicyForFinancier] using arguments [,{"minAPR":0.08,"maxAPR":0.24,"baseAPR":0.14,"minTenorDays":7,"maxTenorDays":45,"tenor":21,"minLtvPct":55,"maxLtvPct":85,"ltv":72,"penaltyBasePct":0.4}],  with error: TransactionError: Commit of transaction f2b5c486de7a287bf6408181e466b582cad39ea6b5d7894358493b96c8cd9084 failed on peer peer0.financiers.example.com:7051 with status MVCC_READ_CONFLICT
    at TransactionEventHandler.eventCallback (/home/dhanish/fabric_sfc/caliper-bench/node_modules/fabric-network/lib/impl/event/transactioneventhandler.js:111:31)
    at CommitListenerSession.notifyListener (/home/dhanish/fabric_sfc/caliper-bench/node_modules/fabric-network/lib/impl/event/commitlistenersession.js:101:18)
    at EventListener.callback (/home/dhanish/fabric_sfc/caliper-bench/node_modules/fabric-network/lib/impl/event/commitlistenersession.js:92:18)
    at EventListener.onEvent (/home/dhanish/fabric_sfc/caliper-bench/node_modules/fabric-common/lib/EventListener.js:124:10)
    at EventService._callTransactionListener (/home/dhanish/fabric_sfc/caliper-bench/node_modules/fabric-common/lib/EventService.js:1051:16)
    at EventService._processTxEvents (/home/dhanish/fabric_sfc/caliper-bench/node_modules/fabric-common/lib/EventService.js:1006:12)
    at ClientDuplexStreamImpl.<anonymous> (/home/dhanish/fabric_sfc/caliper-bench/node_modules/fabric-common/lib/EventService.js:481:12)
    at ClientDuplexStreamImpl.emit (node:events:517:28)
    at addChunk (node:internal/streams/readable:368:12)
    at readableAddChunk (node:internal/streams/readable:341:9)
2026.08.11-09:20:08.035[31m error[39m [caliper] [connectors/v2/FabricGateway] 	Failed to perform submit transaction [setFinancePolicyForFinancier] using arguments [,{"minAPR":0.08,"maxAPR":0.24,"baseAPR":0.14,"minTenorDays":7,"maxTenorDays":45,"tenor":21,"minLtvPct":55,"maxLtvPct":85,"ltv":72,"penaltyBasePct":0.4}],  with error: TransactionError: Commit of transaction 1ed286e8e252c5631536355b707f7798c4b66b8e624525d7df07c2796a8fbe1b failed on peer peer0.financiers.example.com:7051 with status MVCC_READ_CONFLICT
    at TransactionEventHandler.eventCallback (/home/dhanish/fabric_sfc/caliper-bench/node_modules/fabric-network/lib/impl/event/transactioneventhandler.js:111:31)
    at CommitListenerSession.notifyListener (/home/dhanish/fabric_sfc/caliper-bench/node_modules/fabric-network/lib/impl/event/commitlistenersession.js:101:18)
    at EventListener.callback (/home/dhanish/fabric_sfc/caliper-bench/node_modules/fabric-network/lib/impl/event/commitlistenersession.js:92:18)
    at EventListener.onEvent (/home/dhanish/fabric_sfc/caliper-bench/node_modules/fabric-common/lib/EventListener.js:124:10)
    at EventService._callTransactionListener (/home/dhanish/fabric_sfc/caliper-bench/node_modules/fabric-common/lib/EventService.js:1051:16)
    at EventService._processTxEvents (/home/dhanish/fabric_sfc/caliper-bench/node_modules/fabric-common/lib/EventService.js:1006:12)
    at ClientDuplexStreamImpl.<anonymous> (/home/dhanish/fabric_sfc/caliper-bench/node_modules/fabric-common/lib/EventService.js:481:12)
    at ClientDuplexStreamImpl.emit (node:events:517:28)
    at addChunk (node:internal/streams/readable:368:12)
    at readableAddChunk (node:internal/streams/readable:341:9)
2026.08.11-09:20:08.035[31m error[39m [caliper] [connectors/v2/FabricGateway] 	Failed to perform submit transaction [setFinancePolicyForFinancier] using arguments [,{"minAPR":0.08,"maxAPR":0.24,"baseAPR":0.14,"minTenorDays":7,"maxTenorDays":45,"tenor":21,"minLtvPct":55,"maxLtvPct":85,"ltv":72,"penaltyBasePct":0.4}],  with error: TransactionError: Commit of transaction 6265f1d2387bb2068122760042a5bed53a12a1285c0dfeeb95a8b988760a66d9 failed on peer peer0.financiers.example.com:7051 with status MVCC_READ_CONFLICT
    at TransactionEventHandler.eventCallback (/home/dhanish/fabric_sfc/caliper-bench/node_modules/fabric-network/lib/impl/event/transactioneventhandler.js:111:31)
    at CommitListenerSession.notifyListener (/home/dhanish/fabric_sfc/caliper-bench/node_modules/fabric-network/lib/impl/event/commitlistenersession.js:101:18)
    at EventListener.callback (/home/dhanish/fabric_sfc/caliper-bench/node_modules/fabric-network/lib/impl/event/commitlistenersession.js:92:18)
    at EventListener.onEvent (/home/dhanish/fabric_sfc/caliper-bench/node_modules/fabric-common/lib/EventListener.js:124:10)
    at EventService._callTransactionListener (/home/dhanish/fabric_sfc/caliper-bench/node_modules/fabric-common/lib/EventService.js:1051:16)
    at EventService._processTxEvents (/home/dhanish/fabric_sfc/caliper-bench/node_modules/fabric-common/lib/EventService.js:1006:12)
    at ClientDuplexStreamImpl.<anonymous> (/home/dhanish/fabric_sfc/caliper-bench/node_modules/fabric-common/lib/EventService.js:481:12)
    at ClientDuplexStreamImpl.emit (node:events:517:28)
    at addChunk (node:internal/streams/readable:368:12)
    at readableAddChunk (node:internal/streams/readable:341:9)
2026.08.11-09:20:08.035[31m error[39m [caliper] [connectors/v2/FabricGateway] 	Failed to perform submit transaction [setFinancePolicyForFinancier] using arguments [,{"minAPR":0.08,"maxAPR":0.24,"baseAPR":0.14,"minTenorDays":7,"maxTenorDays":45,"tenor":21,"minLtvPct":55,"maxLtvPct":85,"ltv":72,"penaltyBasePct":0.4}],  with error: TransactionError: Commit of transaction 9f3f86d0ecf8c7abbb4b2e1959cc9f37b95e65b5bc8b7bfd637d78fd80cfd9b2 failed on peer peer0.financiers.example.com:7051 with status MVCC_READ_CONFLICT
    at TransactionEventHandler.eventCallback (/home/dhanish/fabric_sfc/caliper-bench/node_modules/fabric-network/lib/impl/event/transactioneventhandler.js:111:31)
    at CommitListenerSession.notifyListener (/home/dhanish/fabric_sfc/caliper-bench/node_modules/fabric-network/lib/impl/event/commitlistenersession.js:101:18)
    at EventListener.callback (/home/dhanish/fabric_sfc/caliper-bench/node_modules/fabric-network/lib/impl/event/commitlistenersession.js:92:18)
    at EventListener.onEvent (/home/dhanish/fabric_sfc/caliper-bench/node_modules/fabric-common/lib/EventListener.js:124:10)
    at EventService._callTransactionListener (/home/dhanish/fabric_sfc/caliper-bench/node_modules/fabric-common/lib/EventService.js:1051:16)
    at EventService._processTxEvents (/home/dhanish/fabric_sfc/caliper-bench/node_modules/fabric-common/lib/EventService.js:1006:12)
    at ClientDuplexStreamImpl.<anonymous> (/home/dhanish/fabric_sfc/caliper-bench/node_modules/fabric-common/lib/EventService.js:481:12)
    at ClientDuplexStreamImpl.emit (node:events:517:28)
    at addChunk (node:internal/streams/readable:368:12)
    at readableAddChunk (node:internal/streams/readable:341:9)
2026.08.11-09:20:08.036[31m error[39m [caliper] [connectors/v2/FabricGateway] 	Failed to perform submit transaction [setFinancePolicyForFinancier] using arguments [,{"minAPR":0.08,"maxAPR":0.24,"baseAPR":0.14,"minTenorDays":7,"maxTenorDays":45,"tenor":21,"minLtvPct":55,"maxLtvPct":85,"ltv":72,"penaltyBasePct":0.4}],  with error: TransactionError: Commit of transaction c3151c2c2e3b292124aaf4508c2ca730525ad5b1af9520f35cc26ed3f6d3164e failed on peer peer0.financiers.example.com:7051 with status MVCC_READ_CONFLICT
    at TransactionEventHandler.eventCallback (/home/dhanish/fabric_sfc/caliper-bench/node_modules/fabric-network/lib/impl/event/transactioneventhandler.js:111:31)
    at CommitListenerSession.notifyListener (/home/dhanish/fabric_sfc/caliper-bench/node_modules/fabric-network/lib/impl/event/commitlistenersession.js:101:18)
    at EventListener.callback (/home/dhanish/fabric_sfc/caliper-bench/node_modules/fabric-network/lib/impl/event/commitlistenersession.js:92:18)
    at EventListener.onEvent (/home/dhanish/fabric_sfc/caliper-bench/node_modules/fabric-common/lib/EventListener.js:124:10)
    at EventService._callTransactionListener (/home/dhanish/fabric_sfc/caliper-bench/node_modules/fabric-common/lib/EventService.js:1051:16)
    at EventService._processTxEvents (/home/dhanish/fabric_sfc/caliper-bench/node_modules/fabric-common/lib/EventService.js:1006:12)
    at ClientDuplexStreamImpl.<anonymous> (/home/dhanish/fabric_sfc/caliper-bench/node_modules/fabric-common/lib/EventService.js:481:12)
    at ClientDuplexStreamImpl.emit (node:events:517:28)
    at addChunk (node:internal/streams/readable:368:12)
    at readableAddChunk (node:internal/streams/readable:341:9)
2026.08.11-09:20:08.036[31m error[39m [caliper] [connectors/v2/FabricGateway] 	Failed to perform submit transaction [setFinancePolicyForFinancier] using arguments [,{"minAPR":0.08,"maxAPR":0.24,"baseAPR":0.14,"minTenorDays":7,"maxTenorDays":45,"tenor":21,"minLtvPct":55,"maxLtvPct":85,"ltv":72,"penaltyBasePct":0.4}],  with error: TransactionError: Commit of transaction bd8f8aea9b88336a326de5e79cfcb5c0e8b720993d1dca3c151aa833df80a7ad failed on peer peer0.financiers.example.com:7051 with status MVCC_READ_CONFLICT
    at TransactionEventHandler.eventCallback (/home/dhanish/fabric_sfc/caliper-bench/node_modules/fabric-network/lib/impl/event/transactioneventhandler.js:111:31)
    at CommitListenerSession.notifyListener (/home/dhanish/fabric_sfc/caliper-bench/node_modules/fabric-network/lib/impl/event/commitlistenersession.js:101:18)
    at EventListener.callback (/home/dhanish/fabric_sfc/caliper-bench/node_modules/fabric-network/lib/impl/event/commitlistenersession.js:92:18)
    at EventListener.onEvent (/home/dhanish/fabric_sfc/caliper-bench/node_modules/fabric-common/lib/EventListener.js:124:10)
    at EventService._callTransactionListener (/home/dhanish/fabric_sfc/caliper-bench/node_modules/fabric-common/lib/EventService.js:1051:16)
    at EventService._processTxEvents (/home/dhanish/fabric_sfc/caliper-bench/node_modules/fabric-common/lib/EventService.js:1006:12)
    at ClientDuplexStreamImpl.<anonymous> (/home/dhanish/fabric_sfc/caliper-bench/node_modules/fabric-common/lib/EventService.js:481:12)
    at ClientDuplexStreamImpl.emit (node:events:517:28)
    at addChunk (node:internal/streams/readable:368:12)
    at readableAddChunk (node:internal/streams/readable:341:9)
2026-08-11T09:20:08.036Z - [33mwarn[39m: [TransactionEventHandler]: strategyFail: commit failure for transaction "662ba5a248fff7a8e6d19feaa19f62f89dba67dca67ac3842b4783b1afca36b9": TransactionError: Commit of transaction 662ba5a248fff7a8e6d19feaa19f62f89dba67dca67ac3842b4783b1afca36b9 failed on peer peer0.financiers.example.com:7051 with status MVCC_READ_CONFLICT
    at TransactionEventHandler.eventCallback (/home/dhanish/fabric_sfc/caliper-bench/node_modules/fabric-network/lib/impl/event/transactioneventhandler.js:111:31)
    at CommitListenerSession.notifyListener (/home/dhanish/fabric_sfc/caliper-bench/node_modules/fabric-network/lib/impl/event/commitlistenersession.js:101:18)
    at EventListener.callback (/home/dhanish/fabric_sfc/caliper-bench/node_modules/fabric-network/lib/impl/event/commitlistenersession.js:92:18)
    at EventListener.onEvent (/home/dhanish/fabric_sfc/caliper-bench/node_modules/fabric-common/lib/EventListener.js:124:10)
    at EventService._callTransactionListener (/home/dhanish/fabric_sfc/caliper-bench/node_modules/fabric-common/lib/EventService.js:1051:16)
    at EventService._processTxEvents (/home/dhanish/fabric_sfc/caliper-bench/node_modules/fabric-common/lib/EventService.js:1006:12)
    at ClientDuplexStreamImpl.<anonymous> (/home/dhanish/fabric_sfc/caliper-bench/node_modules/fabric-common/lib/EventService.js:481:12)
    at ClientDuplexStreamImpl.emit (node:events:517:28)
    at addChunk (node:internal/streams/readable:368:12)
    at readableAddChunk (node:internal/streams/readable:341:9) {
  transactionId: '662ba5a248fff7a8e6d19feaa19f62f89dba67dca67ac3842b4783b1afca36b9',
  transactionCode: 'MVCC_READ_CONFLICT'
}
2026.08.11-09:20:08.036[31m error[39m [caliper] [connectors/v2/FabricGateway] 	Failed to perform submit transaction [setFinancePolicyForFinancier] using arguments [,{"minAPR":0.08,"maxAPR":0.24,"baseAPR":0.14,"minTenorDays":7,"maxTenorDays":45,"tenor":21,"minLtvPct":55,"maxLtvPct":85,"ltv":72,"penaltyBasePct":0.4}],  with error: TransactionError: Commit of transaction 662ba5a248fff7a8e6d19feaa19f62f89dba67dca67ac3842b4783b1afca36b9 failed on peer peer0.financiers.example.com:7051 with status MVCC_READ_CONFLICT
    at TransactionEventHandler.eventCallback (/home/dhanish/fabric_sfc/caliper-bench/node_modules/fabric-network/lib/impl/event/transactioneventhandler.js:111:31)
    at CommitListenerSession.notifyListener (/home/dhanish/fabric_sfc/caliper-bench/node_modules/fabric-network/lib/impl/event/commitlistenersession.js:101:18)
    at EventListener.callback (/home/dhanish/fabric_sfc/caliper-bench/node_modules/fabric-network/lib/impl/event/commitlistenersession.js:92:18)
    at EventListener.onEvent (/home/dhanish/fabric_sfc/caliper-bench/node_modules/fabric-common/lib/EventListener.js:124:10)
    at EventService._callTransactionListener (/home/dhanish/fabric_sfc/caliper-bench/node_modules/fabric-common/lib/EventService.js:1051:16)
    at EventService._processTxEvents (/home/dhanish/fabric_sfc/caliper-bench/node_modules/fabric-common/lib/EventService.js:1006:12)
    at ClientDuplexStreamImpl.<anonymous> (/home/dhanish/fabric_sfc/caliper-bench/node_modules/fabric-common/lib/EventService.js:481:12)
    at ClientDuplexStreamImpl.emit (node:events:517:28)
    at addChunk (node:internal/streams/readable:368:12)
    at readableAddChunk (node:internal/streams/readable:341:9)
2026-08-11T09:20:08.069Z - [33mwarn[39m: [TransactionEventHandler]: strategyFail: commit failure for transaction "7e777918109bbe0a0a4601a9e548135798579f5d74d25c9dd1a7ce971df5c4c2": TransactionError: Commit of transaction 7e777918109bbe0a0a4601a9e548135798579f5d74d25c9dd1a7ce971df5c4c2 failed on peer peer0.financiers.example.com:7051 with status MVCC_READ_CONFLICT
    at TransactionEventHandler.eventCallback (/home/dhanish/fabric_sfc/caliper-bench/node_modules/fabric-network/lib/impl/event/transactioneventhandler.js:111:31)
    at CommitListenerSession.notifyListener (/home/dhanish/fabric_sfc/caliper-bench/node_modules/fabric-network/lib/impl/event/commitlistenersession.js:101:18)
    at EventListener.callback (/home/dhanish/fabric_sfc/caliper-bench/node_modules/fabric-network/lib/impl/event/commitlistenersession.js:92:18)
    at EventListener.onEvent (/home/dhanish/fabric_sfc/caliper-bench/node_modules/fabric-common/lib/EventListener.js:124:10)
    at EventService._callTransactionListener (/home/dhanish/fabric_sfc/caliper-bench/node_modules/fabric-common/lib/EventService.js:1051:16)
    at EventService._processTxEvents (/home/dhanish/fabric_sfc/caliper-bench/node_modules/fabric-common/lib/EventService.js:1006:12)
    at ClientDuplexStreamImpl.<anonymous> (/home/dhanish/fabric_sfc/caliper-bench/node_modules/fabric-common/lib/EventService.js:481:12)
    at ClientDuplexStreamImpl.emit (node:events:517:28)
    at addChunk (node:internal/streams/readable:368:12)
    at readableAddChunk (node:internal/streams/readable:341:9) {
  transactionId: '7e777918109bbe0a0a4601a9e548135798579f5d74d25c9dd1a7ce971df5c4c2',
  transactionCode: 'MVCC_READ_CONFLICT'
}
2026-08-11T09:20:08.070Z - [33mwarn[39m: [TransactionEventHandler]: strategyFail: commit failure for transaction "a5b220ca8dc9e857629fbb3d00fd4e3094106f9b1cc295a6d30f94a02997b075": TransactionError: Commit of transaction a5b220ca8dc9e857629fbb3d00fd4e3094106f9b1cc295a6d30f94a02997b075 failed on peer peer0.financiers.example.com:7051 with status MVCC_READ_CONFLICT
    at TransactionEventHandler.eventCallback (/home/dhanish/fabric_sfc/caliper-bench/node_modules/fabric-network/lib/impl/event/transactioneventhandler.js:111:31)
    at CommitListenerSession.notifyListener (/home/dhanish/fabric_sfc/caliper-bench/node_modules/fabric-network/lib/impl/event/commitlistenersession.js:101:18)
    at EventListener.callback (/home/dhanish/fabric_sfc/caliper-bench/node_modules/fabric-network/lib/impl/event/commitlistenersession.js:92:18)
    at EventListener.onEvent (/home/dhanish/fabric_sfc/caliper-bench/node_modules/fabric-common/lib/EventListener.js:124:10)
    at EventService._callTransactionListener (/home/dhanish/fabric_sfc/caliper-bench/node_modules/fabric-common/lib/EventService.js:1051:16)
    at EventService._processTxEvents (/home/dhanish/fabric_sfc/caliper-bench/node_modules/fabric-common/lib/EventService.js:1006:12)
    at ClientDuplexStreamImpl.<anonymous> (/home/dhanish/fabric_sfc/caliper-bench/node_modules/fabric-common/lib/EventService.js:481:12)
    at ClientDuplexStreamImpl.emit (node:events:517:28)
    at addChunk (node:internal/streams/readable:368:12)
    at readableAddChunk (node:internal/streams/readable:341:9) {
  transactionId: 'a5b220ca8dc9e857629fbb3d00fd4e3094106f9b1cc295a6d30f94a02997b075',
  transactionCode: 'MVCC_READ_CONFLICT'
}
2026-08-11T09:20:08.070Z - [33mwarn[39m: [TransactionEventHandler]: strategyFail: commit failure for transaction "b5aebb7f9d60ea6f62408a7535d0ffc32ccdb563d72c51d5b561cbf8c63f441f": TransactionError: Commit of transaction b5aebb7f9d60ea6f62408a7535d0ffc32ccdb563d72c51d5b561cbf8c63f441f failed on peer peer0.financiers.example.com:7051 with status MVCC_READ_CONFLICT
    at TransactionEventHandler.eventCallback (/home/dhanish/fabric_sfc/caliper-bench/node_modules/fabric-network/lib/impl/event/transactioneventhandler.js:111:31)
    at CommitListenerSession.notifyListener (/home/dhanish/fabric_sfc/caliper-bench/node_modules/fabric-network/lib/impl/event/commitlistenersession.js:101:18)
    at EventListener.callback (/home/dhanish/fabric_sfc/caliper-bench/node_modules/fabric-network/lib/impl/event/commitlistenersession.js:92:18)
    at EventListener.onEvent (/home/dhanish/fabric_sfc/caliper-bench/node_modules/fabric-common/lib/EventListener.js:124:10)
    at EventService._callTransactionListener (/home/dhanish/fabric_sfc/caliper-bench/node_modules/fabric-common/lib/EventService.js:1051:16)
    at EventService._processTxEvents (/home/dhanish/fabric_sfc/caliper-bench/node_modules/fabric-common/lib/EventService.js:1006:12)
    at ClientDuplexStreamImpl.<anonymous> (/home/dhanish/fabric_sfc/caliper-bench/node_modules/fabric-common/lib/EventService.js:481:12)
    at ClientDuplexStreamImpl.emit (node:events:517:28)
    at addChunk (node:internal/streams/readable:368:12)
    at readableAddChunk (node:internal/streams/readable:341:9) {
  transactionId: 'b5aebb7f9d60ea6f62408a7535d0ffc32ccdb563d72c51d5b561cbf8c63f441f',
  transactionCode: 'MVCC_READ_CONFLICT'
}
2026-08-11T09:20:08.071Z - [33mwarn[39m: [TransactionEventHandler]: strategyFail: commit failure for transaction "36b4fca31e49eeb19c163673722199f3a266216ca2914007361c01966d8e78bd": TransactionError: Commit of transaction 36b4fca31e49eeb19c163673722199f3a266216ca2914007361c01966d8e78bd failed on peer peer0.financiers.example.com:7051 with status MVCC_READ_CONFLICT
    at TransactionEventHandler.eventCallback (/home/dhanish/fabric_sfc/caliper-bench/node_modules/fabric-network/lib/impl/event/transactioneventhandler.js:111:31)
    at CommitListenerSession.notifyListener (/home/dhanish/fabric_sfc/caliper-bench/node_modules/fabric-network/lib/impl/event/commitlistenersession.js:101:18)
    at EventListener.callback (/home/dhanish/fabric_sfc/caliper-bench/node_modules/fabric-network/lib/impl/event/commitlistenersession.js:92:18)
    at EventListener.onEvent (/home/dhanish/fabric_sfc/caliper-bench/node_modules/fabric-common/lib/EventListener.js:124:10)
    at EventService._callTransactionListener (/home/dhanish/fabric_sfc/caliper-bench/node_modules/fabric-common/lib/EventService.js:1051:16)
    at EventService._processTxEvents (/home/dhanish/fabric_sfc/caliper-bench/node_modules/fabric-common/lib/EventService.js:1006:12)
    at ClientDuplexStreamImpl.<anonymous> (/home/dhanish/fabric_sfc/caliper-bench/node_modules/fabric-common/lib/EventService.js:481:12)
    at ClientDuplexStreamImpl.emit (node:events:517:28)
    at addChunk (node:internal/streams/readable:368:12)
    at readableAddChunk (node:internal/streams/readable:341:9) {
  transactionId: '36b4fca31e49eeb19c163673722199f3a266216ca2914007361c01966d8e78bd',
  transactionCode: 'MVCC_READ_CONFLICT'
}
2026-08-11T09:20:08.071Z - [33mwarn[39m: [TransactionEventHandler]: strategyFail: commit failure for transaction "c283dfde22bc4c141ae12a1d55e1477c8d3e2bfadf56b4f7ffadc08dd5d6128a": TransactionError: Commit of transaction c283dfde22bc4c141ae12a1d55e1477c8d3e2bfadf56b4f7ffadc08dd5d6128a failed on peer peer0.financiers.example.com:7051 with status MVCC_READ_CONFLICT
    at TransactionEventHandler.eventCallback (/home/dhanish/fabric_sfc/caliper-bench/node_modules/fabric-network/lib/impl/event/transactioneventhandler.js:111:31)
    at CommitListenerSession.notifyListener (/home/dhanish/fabric_sfc/caliper-bench/node_modules/fabric-network/lib/impl/event/commitlistenersession.js:101:18)
    at EventListener.callback (/home/dhanish/fabric_sfc/caliper-bench/node_modules/fabric-network/lib/impl/event/commitlistenersession.js:92:18)
    at EventListener.onEvent (/home/dhanish/fabric_sfc/caliper-bench/node_modules/fabric-common/lib/EventListener.js:124:10)
    at EventService._callTransactionListener (/home/dhanish/fabric_sfc/caliper-bench/node_modules/fabric-common/lib/EventService.js:1051:16)
    at EventService._processTxEvents (/home/dhanish/fabric_sfc/caliper-bench/node_modules/fabric-common/lib/EventService.js:1006:12)
    at ClientDuplexStreamImpl.<anonymous> (/home/dhanish/fabric_sfc/caliper-bench/node_modules/fabric-common/lib/EventService.js:481:12)
    at ClientDuplexStreamImpl.emit (node:events:517:28)
    at addChunk (node:internal/streams/readable:368:12)
    at readableAddChunk (node:internal/streams/readable:341:9) {
  transactionId: 'c283dfde22bc4c141ae12a1d55e1477c8d3e2bfadf56b4f7ffadc08dd5d6128a',
  transactionCode: 'MVCC_READ_CONFLICT'
}
2026-08-11T09:20:08.071Z - [33mwarn[39m: [TransactionEventHandler]: strategyFail: commit failure for transaction "765e4ae1c4b00f2645b7336aed864abed0e8a1d077b5baa776b1194b1ed4136d": TransactionError: Commit of transaction 765e4ae1c4b00f2645b7336aed864abed0e8a1d077b5baa776b1194b1ed4136d failed on peer peer0.financiers.example.com:7051 with status MVCC_READ_CONFLICT
    at TransactionEventHandler.eventCallback (/home/dhanish/fabric_sfc/caliper-bench/node_modules/fabric-network/lib/impl/event/transactioneventhandler.js:111:31)
    at CommitListenerSession.notifyListener (/home/dhanish/fabric_sfc/caliper-bench/node_modules/fabric-network/lib/impl/event/commitlistenersession.js:101:18)
    at EventListener.callback (/home/dhanish/fabric_sfc/caliper-bench/node_modules/fabric-network/lib/impl/event/commitlistenersession.js:92:18)
    at EventListener.onEvent (/home/dhanish/fabric_sfc/caliper-bench/node_modules/fabric-common/lib/EventListener.js:124:10)
    at EventService._callTransactionListener (/home/dhanish/fabric_sfc/caliper-bench/node_modules/fabric-common/lib/EventService.js:1051:16)
    at EventService._processTxEvents (/home/dhanish/fabric_sfc/caliper-bench/node_modules/fabric-common/lib/EventService.js:1006:12)
    at ClientDuplexStreamImpl.<anonymous> (/home/dhanish/fabric_sfc/caliper-bench/node_modules/fabric-common/lib/EventService.js:481:12)
    at ClientDuplexStreamImpl.emit (node:events:517:28)
    at addChunk (node:internal/streams/readable:368:12)
    at readableAddChunk (node:internal/streams/readable:341:9) {
  transactionId: '765e4ae1c4b00f2645b7336aed864abed0e8a1d077b5baa776b1194b1ed4136d',
  transactionCode: 'MVCC_READ_CONFLICT'
}
2026-08-11T09:20:08.072Z - [33mwarn[39m: [TransactionEventHandler]: strategyFail: commit failure for transaction "c52942f4824dec6f961501d754a54fc38463fc11ed8d5467cf16e87e6e3fb056": TransactionError: Commit of transaction c52942f4824dec6f961501d754a54fc38463fc11ed8d5467cf16e87e6e3fb056 failed on peer peer0.financiers.example.com:7051 with status MVCC_READ_CONFLICT
    at TransactionEventHandler.eventCallback (/home/dhanish/fabric_sfc/caliper-bench/node_modules/fabric-network/lib/impl/event/transactioneventhandler.js:111:31)
    at CommitListenerSession.notifyListener (/home/dhanish/fabric_sfc/caliper-bench/node_modules/fabric-network/lib/impl/event/commitlistenersession.js:101:18)
    at EventListener.callback (/home/dhanish/fabric_sfc/caliper-bench/node_modules/fabric-network/lib/impl/event/commitlistenersession.js:92:18)
    at EventListener.onEvent (/home/dhanish/fabric_sfc/caliper-bench/node_modules/fabric-common/lib/EventListener.js:124:10)
    at EventService._callTransactionListener (/home/dhanish/fabric_sfc/caliper-bench/node_modules/fabric-common/lib/EventService.js:1051:16)
    at EventService._processTxEvents (/home/dhanish/fabric_sfc/caliper-bench/node_modules/fabric-common/lib/EventService.js:1006:12)
    at ClientDuplexStreamImpl.<anonymous> (/home/dhanish/fabric_sfc/caliper-bench/node_modules/fabric-common/lib/EventService.js:481:12)
    at ClientDuplexStreamImpl.emit (node:events:517:28)
    at addChunk (node:internal/streams/readable:368:12)
    at readableAddChunk (node:internal/streams/readable:341:9) {
  transactionId: 'c52942f4824dec6f961501d754a54fc38463fc11ed8d5467cf16e87e6e3fb056',
  transactionCode: 'MVCC_READ_CONFLICT'
}
2026.08.11-09:20:08.072[31m error[39m [caliper] [connectors/v2/FabricGateway] 	Failed to perform submit transaction [setFinancePolicyForFinancier] using arguments [,{"minAPR":0.08,"maxAPR":0.24,"baseAPR":0.14,"minTenorDays":7,"maxTenorDays":45,"tenor":21,"minLtvPct":55,"maxLtvPct":85,"ltv":72,"penaltyBasePct":0.4}],  with error: TransactionError: Commit of transaction 7e777918109bbe0a0a4601a9e548135798579f5d74d25c9dd1a7ce971df5c4c2 failed on peer peer0.financiers.example.com:7051 with status MVCC_READ_CONFLICT
    at TransactionEventHandler.eventCallback (/home/dhanish/fabric_sfc/caliper-bench/node_modules/fabric-network/lib/impl/event/transactioneventhandler.js:111:31)
    at CommitListenerSession.notifyListener (/home/dhanish/fabric_sfc/caliper-bench/node_modules/fabric-network/lib/impl/event/commitlistenersession.js:101:18)
    at EventListener.callback (/home/dhanish/fabric_sfc/caliper-bench/node_modules/fabric-network/lib/impl/event/commitlistenersession.js:92:18)
    at EventListener.onEvent (/home/dhanish/fabric_sfc/caliper-bench/node_modules/fabric-common/lib/EventListener.js:124:10)
    at EventService._callTransactionListener (/home/dhanish/fabric_sfc/caliper-bench/node_modules/fabric-common/lib/EventService.js:1051:16)
    at EventService._processTxEvents (/home/dhanish/fabric_sfc/caliper-bench/node_modules/fabric-common/lib/EventService.js:1006:12)
    at ClientDuplexStreamImpl.<anonymous> (/home/dhanish/fabric_sfc/caliper-bench/node_modules/fabric-common/lib/EventService.js:481:12)
    at ClientDuplexStreamImpl.emit (node:events:517:28)
    at addChunk (node:internal/streams/readable:368:12)
    at readableAddChunk (node:internal/streams/readable:341:9)
2026.08.11-09:20:08.072[31m error[39m [caliper] [connectors/v2/FabricGateway] 	Failed to perform submit transaction [setFinancePolicyForFinancier] using arguments [,{"minAPR":0.08,"maxAPR":0.24,"baseAPR":0.14,"minTenorDays":7,"maxTenorDays":45,"tenor":21,"minLtvPct":55,"maxLtvPct":85,"ltv":72,"penaltyBasePct":0.4}],  with error: TransactionError: Commit of transaction b5aebb7f9d60ea6f62408a7535d0ffc32ccdb563d72c51d5b561cbf8c63f441f failed on peer peer0.financiers.example.com:7051 with status MVCC_READ_CONFLICT
    at TransactionEventHandler.eventCallback (/home/dhanish/fabric_sfc/caliper-bench/node_modules/fabric-network/lib/impl/event/transactioneventhandler.js:111:31)
    at CommitListenerSession.notifyListener (/home/dhanish/fabric_sfc/caliper-bench/node_modules/fabric-network/lib/impl/event/commitlistenersession.js:101:18)
    at EventListener.callback (/home/dhanish/fabric_sfc/caliper-bench/node_modules/fabric-network/lib/impl/event/commitlistenersession.js:92:18)
    at EventListener.onEvent (/home/dhanish/fabric_sfc/caliper-bench/node_modules/fabric-common/lib/EventListener.js:124:10)
    at EventService._callTransactionListener (/home/dhanish/fabric_sfc/caliper-bench/node_modules/fabric-common/lib/EventService.js:1051:16)
    at EventService._processTxEvents (/home/dhanish/fabric_sfc/caliper-bench/node_modules/fabric-common/lib/EventService.js:1006:12)
    at ClientDuplexStreamImpl.<anonymous> (/home/dhanish/fabric_sfc/caliper-bench/node_modules/fabric-common/lib/EventService.js:481:12)
    at ClientDuplexStreamImpl.emit (node:events:517:28)
    at addChunk (node:internal/streams/readable:368:12)
    at readableAddChunk (node:internal/streams/readable:341:9)
2026.08.11-09:20:08.072[31m error[39m [caliper] [connectors/v2/FabricGateway] 	Failed to perform submit transaction [setFinancePolicyForFinancier] using arguments [,{"minAPR":0.08,"maxAPR":0.24,"baseAPR":0.14,"minTenorDays":7,"maxTenorDays":45,"tenor":21,"minLtvPct":55,"maxLtvPct":85,"ltv":72,"penaltyBasePct":0.4}],  with error: TransactionError: Commit of transaction a5b220ca8dc9e857629fbb3d00fd4e3094106f9b1cc295a6d30f94a02997b075 failed on peer peer0.financiers.example.com:7051 with status MVCC_READ_CONFLICT
    at TransactionEventHandler.eventCallback (/home/dhanish/fabric_sfc/caliper-bench/node_modules/fabric-network/lib/impl/event/transactioneventhandler.js:111:31)
    at CommitListenerSession.notifyListener (/home/dhanish/fabric_sfc/caliper-bench/node_modules/fabric-network/lib/impl/event/commitlistenersession.js:101:18)
    at EventListener.callback (/home/dhanish/fabric_sfc/caliper-bench/node_modules/fabric-network/lib/impl/event/commitlistenersession.js:92:18)
    at EventListener.onEvent (/home/dhanish/fabric_sfc/caliper-bench/node_modules/fabric-common/lib/EventListener.js:124:10)
    at EventService._callTransactionListener (/home/dhanish/fabric_sfc/caliper-bench/node_modules/fabric-common/lib/EventService.js:1051:16)
    at EventService._processTxEvents (/home/dhanish/fabric_sfc/caliper-bench/node_modules/fabric-common/lib/EventService.js:1006:12)
    at ClientDuplexStreamImpl.<anonymous> (/home/dhanish/fabric_sfc/caliper-bench/node_modules/fabric-common/lib/EventService.js:481:12)
    at ClientDuplexStreamImpl.emit (node:events:517:28)
    at addChunk (node:internal/streams/readable:368:12)
    at readableAddChunk (node:internal/streams/readable:341:9)
2026.08.11-09:20:08.072[31m error[39m [caliper] [connectors/v2/FabricGateway] 	Failed to perform submit transaction [setFinancePolicyForFinancier] using arguments [,{"minAPR":0.08,"maxAPR":0.24,"baseAPR":0.14,"minTenorDays":7,"maxTenorDays":45,"tenor":21,"minLtvPct":55,"maxLtvPct":85,"ltv":72,"penaltyBasePct":0.4}],  with error: TransactionError: Commit of transaction 765e4ae1c4b00f2645b7336aed864abed0e8a1d077b5baa776b1194b1ed4136d failed on peer peer0.financiers.example.com:7051 with status MVCC_READ_CONFLICT
    at TransactionEventHandler.eventCallback (/home/dhanish/fabric_sfc/caliper-bench/node_modules/fabric-network/lib/impl/event/transactioneventhandler.js:111:31)
    at CommitListenerSession.notifyListener (/home/dhanish/fabric_sfc/caliper-bench/node_modules/fabric-network/lib/impl/event/commitlistenersession.js:101:18)
    at EventListener.callback (/home/dhanish/fabric_sfc/caliper-bench/node_modules/fabric-network/lib/impl/event/commitlistenersession.js:92:18)
    at EventListener.onEvent (/home/dhanish/fabric_sfc/caliper-bench/node_modules/fabric-common/lib/EventListener.js:124:10)
    at EventService._callTransactionListener (/home/dhanish/fabric_sfc/caliper-bench/node_modules/fabric-common/lib/EventService.js:1051:16)
    at EventService._processTxEvents (/home/dhanish/fabric_sfc/caliper-bench/node_modules/fabric-common/lib/EventService.js:1006:12)
    at ClientDuplexStreamImpl.<anonymous> (/home/dhanish/fabric_sfc/caliper-bench/node_modules/fabric-common/lib/EventService.js:481:12)
    at ClientDuplexStreamImpl.emit (node:events:517:28)
    at addChunk (node:internal/streams/readable:368:12)
    at readableAddChunk (node:internal/streams/readable:341:9)
2026.08.11-09:20:08.072[31m error[39m [caliper] [connectors/v2/FabricGateway] 	Failed to perform submit transaction [setFinancePolicyForFinancier] using arguments [,{"minAPR":0.08,"maxAPR":0.24,"baseAPR":0.14,"minTenorDays":7,"maxTenorDays":45,"tenor":21,"minLtvPct":55,"maxLtvPct":85,"ltv":72,"penaltyBasePct":0.4}],  with error: TransactionError: Commit of transaction c283dfde22bc4c141ae12a1d55e1477c8d3e2bfadf56b4f7ffadc08dd5d6128a failed on peer peer0.financiers.example.com:7051 with status MVCC_READ_CONFLICT
    at TransactionEventHandler.eventCallback (/home/dhanish/fabric_sfc/caliper-bench/node_modules/fabric-network/lib/impl/event/transactioneventhandler.js:111:31)
    at CommitListenerSession.notifyListener (/home/dhanish/fabric_sfc/caliper-bench/node_modules/fabric-network/lib/impl/event/commitlistenersession.js:101:18)
    at EventListener.callback (/home/dhanish/fabric_sfc/caliper-bench/node_modules/fabric-network/lib/impl/event/commitlistenersession.js:92:18)
    at EventListener.onEvent (/home/dhanish/fabric_sfc/caliper-bench/node_modules/fabric-common/lib/EventListener.js:124:10)
    at EventService._callTransactionListener (/home/dhanish/fabric_sfc/caliper-bench/node_modules/fabric-common/lib/EventService.js:1051:16)
    at EventService._processTxEvents (/home/dhanish/fabric_sfc/caliper-bench/node_modules/fabric-common/lib/EventService.js:1006:12)
    at ClientDuplexStreamImpl.<anonymous> (/home/dhanish/fabric_sfc/caliper-bench/node_modules/fabric-common/lib/EventService.js:481:12)
    at ClientDuplexStreamImpl.emit (node:events:517:28)
    at addChunk (node:internal/streams/readable:368:12)
    at readableAddChunk (node:internal/streams/readable:341:9)
2026.08.11-09:20:08.072[31m error[39m [caliper] [connectors/v2/FabricGateway] 	Failed to perform submit transaction [setFinancePolicyForFinancier] using arguments [,{"minAPR":0.08,"maxAPR":0.24,"baseAPR":0.14,"minTenorDays":7,"maxTenorDays":45,"tenor":21,"minLtvPct":55,"maxLtvPct":85,"ltv":72,"penaltyBasePct":0.4}],  with error: TransactionError: Commit of transaction 36b4fca31e49eeb19c163673722199f3a266216ca2914007361c01966d8e78bd failed on peer peer0.financiers.example.com:7051 with status MVCC_READ_CONFLICT
    at TransactionEventHandler.eventCallback (/home/dhanish/fabric_sfc/caliper-bench/node_modules/fabric-network/lib/impl/event/transactioneventhandler.js:111:31)
    at CommitListenerSession.notifyListener (/home/dhanish/fabric_sfc/caliper-bench/node_modules/fabric-network/lib/impl/event/commitlistenersession.js:101:18)
    at EventListener.callback (/home/dhanish/fabric_sfc/caliper-bench/node_modules/fabric-network/lib/impl/event/commitlistenersession.js:92:18)
    at EventListener.onEvent (/home/dhanish/fabric_sfc/caliper-bench/node_modules/fabric-common/lib/EventListener.js:124:10)
    at EventService._callTransactionListener (/home/dhanish/fabric_sfc/caliper-bench/node_modules/fabric-common/lib/EventService.js:1051:16)
    at EventService._processTxEvents (/home/dhanish/fabric_sfc/caliper-bench/node_modules/fabric-common/lib/EventService.js:1006:12)
    at ClientDuplexStreamImpl.<anonymous> (/home/dhanish/fabric_sfc/caliper-bench/node_modules/fabric-common/lib/EventService.js:481:12)
    at ClientDuplexStreamImpl.emit (node:events:517:28)
    at addChunk (node:internal/streams/readable:368:12)
    at readableAddChunk (node:internal/streams/readable:341:9)
2026.08.11-09:20:08.072[31m error[39m [caliper] [connectors/v2/FabricGateway] 	Failed to perform submit transaction [setFinancePolicyForFinancier] using arguments [,{"minAPR":0.08,"maxAPR":0.24,"baseAPR":0.14,"minTenorDays":7,"maxTenorDays":45,"tenor":21,"minLtvPct":55,"maxLtvPct":85,"ltv":72,"penaltyBasePct":0.4}],  with error: TransactionError: Commit of transaction c52942f4824dec6f961501d754a54fc38463fc11ed8d5467cf16e87e6e3fb056 failed on peer peer0.financiers.example.com:7051 with status MVCC_READ_CONFLICT
    at TransactionEventHandler.eventCallback (/home/dhanish/fabric_sfc/caliper-bench/node_modules/fabric-network/lib/impl/event/transactioneventhandler.js:111:31)
    at CommitListenerSession.notifyListener (/home/dhanish/fabric_sfc/caliper-bench/node_modules/fabric-network/lib/impl/event/commitlistenersession.js:101:18)
    at EventListener.callback (/home/dhanish/fabric_sfc/caliper-bench/node_modules/fabric-network/lib/impl/event/commitlistenersession.js:92:18)
    at EventListener.onEvent (/home/dhanish/fabric_sfc/caliper-bench/node_modules/fabric-common/lib/EventListener.js:124:10)
    at EventService._callTransactionListener (/home/dhanish/fabric_sfc/caliper-bench/node_modules/fabric-common/lib/EventService.js:1051:16)
    at EventService._processTxEvents (/home/dhanish/fabric_sfc/caliper-bench/node_modules/fabric-common/lib/EventService.js:1006:12)
    at ClientDuplexStreamImpl.<anonymous> (/home/dhanish/fabric_sfc/caliper-bench/node_modules/fabric-common/lib/EventService.js:481:12)
    at ClientDuplexStreamImpl.emit (node:events:517:28)
    at addChunk (node:internal/streams/readable:368:12)
    at readableAddChunk (node:internal/streams/readable:341:9)
2026-08-11T09:20:08.074Z - [33mwarn[39m: [TransactionEventHandler]: strategyFail: commit failure for transaction "e7dcc93903c12a32d8e763ee05d52186dd0e8fed5782853496bed0478b3a9b66": TransactionError: Commit of transaction e7dcc93903c12a32d8e763ee05d52186dd0e8fed5782853496bed0478b3a9b66 failed on peer peer0.financiers.example.com:7051 with status MVCC_READ_CONFLICT
    at TransactionEventHandler.eventCallback (/home/dhanish/fabric_sfc/caliper-bench/node_modules/fabric-network/lib/impl/event/transactioneventhandler.js:111:31)
    at CommitListenerSession.notifyListener (/home/dhanish/fabric_sfc/caliper-bench/node_modules/fabric-network/lib/impl/event/commitlistenersession.js:101:18)
    at EventListener.callback (/home/dhanish/fabric_sfc/caliper-bench/node_modules/fabric-network/lib/impl/event/commitlistenersession.js:92:18)
    at EventListener.onEvent (/home/dhanish/fabric_sfc/caliper-bench/node_modules/fabric-common/lib/EventListener.js:124:10)
    at EventService._callTransactionListener (/home/dhanish/fabric_sfc/caliper-bench/node_modules/fabric-common/lib/EventService.js:1051:16)
    at EventService._processTxEvents (/home/dhanish/fabric_sfc/caliper-bench/node_modules/fabric-common/lib/EventService.js:1006:12)
    at ClientDuplexStreamImpl.<anonymous> (/home/dhanish/fabric_sfc/caliper-bench/node_modules/fabric-common/lib/EventService.js:481:12)
    at ClientDuplexStreamImpl.emit (node:events:517:28)
    at addChunk (node:internal/streams/readable:368:12)
    at readableAddChunk (node:internal/streams/readable:341:9) {
  transactionId: 'e7dcc93903c12a32d8e763ee05d52186dd0e8fed5782853496bed0478b3a9b66',
  transactionCode: 'MVCC_READ_CONFLICT'
}
2026-08-11T09:20:08.074Z - [33mwarn[39m: [TransactionEventHandler]: strategyFail: commit failure for transaction "ce0ab32c09cb0a72336c4c0141fa7a456cc6e1a3c78159f451adf00cfd68482c": TransactionError: Commit of transaction ce0ab32c09cb0a72336c4c0141fa7a456cc6e1a3c78159f451adf00cfd68482c failed on peer peer0.financiers.example.com:7051 with status MVCC_READ_CONFLICT
    at TransactionEventHandler.eventCallback (/home/dhanish/fabric_sfc/caliper-bench/node_modules/fabric-network/lib/impl/event/transactioneventhandler.js:111:31)
    at CommitListenerSession.notifyListener (/home/dhanish/fabric_sfc/caliper-bench/node_modules/fabric-network/lib/impl/event/commitlistenersession.js:101:18)
    at EventListener.callback (/home/dhanish/fabric_sfc/caliper-bench/node_modules/fabric-network/lib/impl/event/commitlistenersession.js:92:18)
    at EventListener.onEvent (/home/dhanish/fabric_sfc/caliper-bench/node_modules/fabric-common/lib/EventListener.js:124:10)
    at EventService._callTransactionListener (/home/dhanish/fabric_sfc/caliper-bench/node_modules/fabric-common/lib/EventService.js:1051:16)
    at EventService._processTxEvents (/home/dhanish/fabric_sfc/caliper-bench/node_modules/fabric-common/lib/EventService.js:1006:12)
    at ClientDuplexStreamImpl.<anonymous> (/home/dhanish/fabric_sfc/caliper-bench/node_modules/fabric-common/lib/EventService.js:481:12)
    at ClientDuplexStreamImpl.emit (node:events:517:28)
    at addChunk (node:internal/streams/readable:368:12)
    at readableAddChunk (node:internal/streams/readable:341:9) {
  transactionId: 'ce0ab32c09cb0a72336c4c0141fa7a456cc6e1a3c78159f451adf00cfd68482c',
  transactionCode: 'MVCC_READ_CONFLICT'
}
2026.08.11-09:20:08.075[31m error[39m [caliper] [connectors/v2/FabricGateway] 	Failed to perform submit transaction [setFinancePolicyForFinancier] using arguments [,{"minAPR":0.08,"maxAPR":0.24,"baseAPR":0.14,"minTenorDays":7,"maxTenorDays":45,"tenor":21,"minLtvPct":55,"maxLtvPct":85,"ltv":72,"penaltyBasePct":0.4}],  with error: TransactionError: Commit of transaction e7dcc93903c12a32d8e763ee05d52186dd0e8fed5782853496bed0478b3a9b66 failed on peer peer0.financiers.example.com:7051 with status MVCC_READ_CONFLICT
    at TransactionEventHandler.eventCallback (/home/dhanish/fabric_sfc/caliper-bench/node_modules/fabric-network/lib/impl/event/transactioneventhandler.js:111:31)
    at CommitListenerSession.notifyListener (/home/dhanish/fabric_sfc/caliper-bench/node_modules/fabric-network/lib/impl/event/commitlistenersession.js:101:18)
    at EventListener.callback (/home/dhanish/fabric_sfc/caliper-bench/node_modules/fabric-network/lib/impl/event/commitlistenersession.js:92:18)
    at EventListener.onEvent (/home/dhanish/fabric_sfc/caliper-bench/node_modules/fabric-common/lib/EventListener.js:124:10)
    at EventService._callTransactionListener (/home/dhanish/fabric_sfc/caliper-bench/node_modules/fabric-common/lib/EventService.js:1051:16)
    at EventService._processTxEvents (/home/dhanish/fabric_sfc/caliper-bench/node_modules/fabric-common/lib/EventService.js:1006:12)
    at ClientDuplexStreamImpl.<anonymous> (/home/dhanish/fabric_sfc/caliper-bench/node_modules/fabric-common/lib/EventService.js:481:12)
    at ClientDuplexStreamImpl.emit (node:events:517:28)
    at addChunk (node:internal/streams/readable:368:12)
    at readableAddChunk (node:internal/streams/readable:341:9)
2026.08.11-09:20:08.075[31m error[39m [caliper] [connectors/v2/FabricGateway] 	Failed to perform submit transaction [setFinancePolicyForFinancier] using arguments [,{"minAPR":0.08,"maxAPR":0.24,"baseAPR":0.14,"minTenorDays":7,"maxTenorDays":45,"tenor":21,"minLtvPct":55,"maxLtvPct":85,"ltv":72,"penaltyBasePct":0.4}],  with error: TransactionError: Commit of transaction ce0ab32c09cb0a72336c4c0141fa7a456cc6e1a3c78159f451adf00cfd68482c failed on peer peer0.financiers.example.com:7051 with status MVCC_READ_CONFLICT
    at TransactionEventHandler.eventCallback (/home/dhanish/fabric_sfc/caliper-bench/node_modules/fabric-network/lib/impl/event/transactioneventhandler.js:111:31)
    at CommitListenerSession.notifyListener (/home/dhanish/fabric_sfc/caliper-bench/node_modules/fabric-network/lib/impl/event/commitlistenersession.js:101:18)
    at EventListener.callback (/home/dhanish/fabric_sfc/caliper-bench/node_modules/fabric-network/lib/impl/event/commitlistenersession.js:92:18)
    at EventListener.onEvent (/home/dhanish/fabric_sfc/caliper-bench/node_modules/fabric-common/lib/EventListener.js:124:10)
    at EventService._callTransactionListener (/home/dhanish/fabric_sfc/caliper-bench/node_modules/fabric-common/lib/EventService.js:1051:16)
    at EventService._processTxEvents (/home/dhanish/fabric_sfc/caliper-bench/node_modules/fabric-common/lib/EventService.js:1006:12)
    at ClientDuplexStreamImpl.<anonymous> (/home/dhanish/fabric_sfc/caliper-bench/node_modules/fabric-common/lib/EventService.js:481:12)
    at ClientDuplexStreamImpl.emit (node:events:517:28)
    at addChunk (node:internal/streams/readable:368:12)
    at readableAddChunk (node:internal/streams/readable:341:9)
2026-08-11T09:20:08.101Z - [33mwarn[39m: [TransactionEventHandler]: strategyFail: commit failure for transaction "9a55914bcbf5b2bf77d975b78e2282d2066652c209e6aff584bef95c6160b6ed": TransactionError: Commit of transaction 9a55914bcbf5b2bf77d975b78e2282d2066652c209e6aff584bef95c6160b6ed failed on peer peer0.financiers.example.com:7051 with status MVCC_READ_CONFLICT
    at TransactionEventHandler.eventCallback (/home/dhanish/fabric_sfc/caliper-bench/node_modules/fabric-network/lib/impl/event/transactioneventhandler.js:111:31)
    at CommitListenerSession.notifyListener (/home/dhanish/fabric_sfc/caliper-bench/node_modules/fabric-network/lib/impl/event/commitlistenersession.js:101:18)
    at EventListener.callback (/home/dhanish/fabric_sfc/caliper-bench/node_modules/fabric-network/lib/impl/event/commitlistenersession.js:92:18)
    at EventListener.onEvent (/home/dhanish/fabric_sfc/caliper-bench/node_modules/fabric-common/lib/EventListener.js:124:10)
    at EventService._callTransactionListener (/home/dhanish/fabric_sfc/caliper-bench/node_modules/fabric-common/lib/EventService.js:1051:16)
    at EventService._processTxEvents (/home/dhanish/fabric_sfc/caliper-bench/node_modules/fabric-common/lib/EventService.js:1006:12)
    at ClientDuplexStreamImpl.<anonymous> (/home/dhanish/fabric_sfc/caliper-bench/node_modules/fabric-common/lib/EventService.js:481:12)
    at ClientDuplexStreamImpl.emit (node:events:517:28)
    at addChunk (node:internal/streams/readable:368:12)
    at readableAddChunk (node:internal/streams/readable:341:9) {
  transactionId: '9a55914bcbf5b2bf77d975b78e2282d2066652c209e6aff584bef95c6160b6ed',
  transactionCode: 'MVCC_READ_CONFLICT'
}
2026.08.11-09:20:08.101[31m error[39m [caliper] [connectors/v2/FabricGateway] 	Failed to perform submit transaction [setFinancePolicyForFinancier] using arguments [,{"minAPR":0.08,"maxAPR":0.24,"baseAPR":0.14,"minTenorDays":7,"maxTenorDays":45,"tenor":21,"minLtvPct":55,"maxLtvPct":85,"ltv":72,"penaltyBasePct":0.4}],  with error: TransactionError: Commit of transaction 9a55914bcbf5b2bf77d975b78e2282d2066652c209e6aff584bef95c6160b6ed failed on peer peer0.financiers.example.com:7051 with status MVCC_READ_CONFLICT
    at TransactionEventHandler.eventCallback (/home/dhanish/fabric_sfc/caliper-bench/node_modules/fabric-network/lib/impl/event/transactioneventhandler.js:111:31)
    at CommitListenerSession.notifyListener (/home/dhanish/fabric_sfc/caliper-bench/node_modules/fabric-network/lib/impl/event/commitlistenersession.js:101:18)
    at EventListener.callback (/home/dhanish/fabric_sfc/caliper-bench/node_modules/fabric-network/lib/impl/event/commitlistenersession.js:92:18)
    at EventListener.onEvent (/home/dhanish/fabric_sfc/caliper-bench/node_modules/fabric-common/lib/EventListener.js:124:10)
    at EventService._callTransactionListener (/home/dhanish/fabric_sfc/caliper-bench/node_modules/fabric-common/lib/EventService.js:1051:16)
    at EventService._processTxEvents (/home/dhanish/fabric_sfc/caliper-bench/node_modules/fabric-common/lib/EventService.js:1006:12)
    at ClientDuplexStreamImpl.<anonymous> (/home/dhanish/fabric_sfc/caliper-bench/node_modules/fabric-common/lib/EventService.js:481:12)
    at ClientDuplexStreamImpl.emit (node:events:517:28)
    at addChunk (node:internal/streams/readable:368:12)
    at readableAddChunk (node:internal/streams/readable:341:9)
2026-08-11T09:20:08.104Z - [33mwarn[39m: [TransactionEventHandler]: strategyFail: commit failure for transaction "2a6cdb7834dff5d3e7ee4e3016b8295ab886ff3f72cbb19063949283b6c67cf8": TransactionError: Commit of transaction 2a6cdb7834dff5d3e7ee4e3016b8295ab886ff3f72cbb19063949283b6c67cf8 failed on peer peer0.financiers.example.com:7051 with status MVCC_READ_CONFLICT
    at TransactionEventHandler.eventCallback (/home/dhanish/fabric_sfc/caliper-bench/node_modules/fabric-network/lib/impl/event/transactioneventhandler.js:111:31)
    at CommitListenerSession.notifyListener (/home/dhanish/fabric_sfc/caliper-bench/node_modules/fabric-network/lib/impl/event/commitlistenersession.js:101:18)
    at EventListener.callback (/home/dhanish/fabric_sfc/caliper-bench/node_modules/fabric-network/lib/impl/event/commitlistenersession.js:92:18)
    at EventListener.onEvent (/home/dhanish/fabric_sfc/caliper-bench/node_modules/fabric-common/lib/EventListener.js:124:10)
    at EventService._callTransactionListener (/home/dhanish/fabric_sfc/caliper-bench/node_modules/fabric-common/lib/EventService.js:1051:16)
    at EventService._processTxEvents (/home/dhanish/fabric_sfc/caliper-bench/node_modules/fabric-common/lib/EventService.js:1006:12)
    at ClientDuplexStreamImpl.<anonymous> (/home/dhanish/fabric_sfc/caliper-bench/node_modules/fabric-common/lib/EventService.js:481:12)
    at ClientDuplexStreamImpl.emit (node:events:517:28)
    at addChunk (node:internal/streams/readable:368:12)
    at readableAddChunk (node:internal/streams/readable:341:9) {
  transactionId: '2a6cdb7834dff5d3e7ee4e3016b8295ab886ff3f72cbb19063949283b6c67cf8',
  transactionCode: 'MVCC_READ_CONFLICT'
}
2026-08-11T09:20:08.105Z - [33mwarn[39m: [TransactionEventHandler]: strategyFail: commit failure for transaction "52fe93bfa34116d5ab2ab5169fc4d580404192a15fc88eafdbc279fc405e7ead": TransactionError: Commit of transaction 52fe93bfa34116d5ab2ab5169fc4d580404192a15fc88eafdbc279fc405e7ead failed on peer peer0.financiers.example.com:7051 with status MVCC_READ_CONFLICT
    at TransactionEventHandler.eventCallback (/home/dhanish/fabric_sfc/caliper-bench/node_modules/fabric-network/lib/impl/event/transactioneventhandler.js:111:31)
    at CommitListenerSession.notifyListener (/home/dhanish/fabric_sfc/caliper-bench/node_modules/fabric-network/lib/impl/event/commitlistenersession.js:101:18)
    at EventListener.callback (/home/dhanish/fabric_sfc/caliper-bench/node_modules/fabric-network/lib/impl/event/commitlistenersession.js:92:18)
    at EventListener.onEvent (/home/dhanish/fabric_sfc/caliper-bench/node_modules/fabric-common/lib/EventListener.js:124:10)
    at EventService._callTransactionListener (/home/dhanish/fabric_sfc/caliper-bench/node_modules/fabric-common/lib/EventService.js:1051:16)
    at EventService._processTxEvents (/home/dhanish/fabric_sfc/caliper-bench/node_modules/fabric-common/lib/EventService.js:1006:12)
    at ClientDuplexStreamImpl.<anonymous> (/home/dhanish/fabric_sfc/caliper-bench/node_modules/fabric-common/lib/EventService.js:481:12)
    at ClientDuplexStreamImpl.emit (node:events:517:28)
    at addChunk (node:internal/streams/readable:368:12)
    at readableAddChunk (node:internal/streams/readable:341:9) {
  transactionId: '52fe93bfa34116d5ab2ab5169fc4d580404192a15fc88eafdbc279fc405e7ead',
  transactionCode: 'MVCC_READ_CONFLICT'
}
2026.08.11-09:20:08.105[31m error[39m [caliper] [connectors/v2/FabricGateway] 	Failed to perform submit transaction [setFinancePolicyForFinancier] using arguments [,{"minAPR":0.08,"maxAPR":0.24,"baseAPR":0.14,"minTenorDays":7,"maxTenorDays":45,"tenor":21,"minLtvPct":55,"maxLtvPct":85,"ltv":72,"penaltyBasePct":0.4}],  with error: TransactionError: Commit of transaction 2a6cdb7834dff5d3e7ee4e3016b8295ab886ff3f72cbb19063949283b6c67cf8 failed on peer peer0.financiers.example.com:7051 with status MVCC_READ_CONFLICT
    at TransactionEventHandler.eventCallback (/home/dhanish/fabric_sfc/caliper-bench/node_modules/fabric-network/lib/impl/event/transactioneventhandler.js:111:31)
    at CommitListenerSession.notifyListener (/home/dhanish/fabric_sfc/caliper-bench/node_modules/fabric-network/lib/impl/event/commitlistenersession.js:101:18)
    at EventListener.callback (/home/dhanish/fabric_sfc/caliper-bench/node_modules/fabric-network/lib/impl/event/commitlistenersession.js:92:18)
    at EventListener.onEvent (/home/dhanish/fabric_sfc/caliper-bench/node_modules/fabric-common/lib/EventListener.js:124:10)
    at EventService._callTransactionListener (/home/dhanish/fabric_sfc/caliper-bench/node_modules/fabric-common/lib/EventService.js:1051:16)
    at EventService._processTxEvents (/home/dhanish/fabric_sfc/caliper-bench/node_modules/fabric-common/lib/EventService.js:1006:12)
    at ClientDuplexStreamImpl.<anonymous> (/home/dhanish/fabric_sfc/caliper-bench/node_modules/fabric-common/lib/EventService.js:481:12)
    at ClientDuplexStreamImpl.emit (node:events:517:28)
    at addChunk (node:internal/streams/readable:368:12)
    at readableAddChunk (node:internal/streams/readable:341:9)
2026.08.11-09:20:08.105[31m error[39m [caliper] [connectors/v2/FabricGateway] 	Failed to perform submit transaction [setFinancePolicyForFinancier] using arguments [,{"minAPR":0.08,"maxAPR":0.24,"baseAPR":0.14,"minTenorDays":7,"maxTenorDays":45,"tenor":21,"minLtvPct":55,"maxLtvPct":85,"ltv":72,"penaltyBasePct":0.4}],  with error: TransactionError: Commit of transaction 52fe93bfa34116d5ab2ab5169fc4d580404192a15fc88eafdbc279fc405e7ead failed on peer peer0.financiers.example.com:7051 with status MVCC_READ_CONFLICT
    at TransactionEventHandler.eventCallback (/home/dhanish/fabric_sfc/caliper-bench/node_modules/fabric-network/lib/impl/event/transactioneventhandler.js:111:31)
    at CommitListenerSession.notifyListener (/home/dhanish/fabric_sfc/caliper-bench/node_modules/fabric-network/lib/impl/event/commitlistenersession.js:101:18)
    at EventListener.callback (/home/dhanish/fabric_sfc/caliper-bench/node_modules/fabric-network/lib/impl/event/commitlistenersession.js:92:18)
    at EventListener.onEvent (/home/dhanish/fabric_sfc/caliper-bench/node_modules/fabric-common/lib/EventListener.js:124:10)
    at EventService._callTransactionListener (/home/dhanish/fabric_sfc/caliper-bench/node_modules/fabric-common/lib/EventService.js:1051:16)
    at EventService._processTxEvents (/home/dhanish/fabric_sfc/caliper-bench/node_modules/fabric-common/lib/EventService.js:1006:12)
    at ClientDuplexStreamImpl.<anonymous> (/home/dhanish/fabric_sfc/caliper-bench/node_modules/fabric-common/lib/EventService.js:481:12)
    at ClientDuplexStreamImpl.emit (node:events:517:28)
    at addChunk (node:internal/streams/readable:368:12)
    at readableAddChunk (node:internal/streams/readable:341:9)
2026-08-11T09:20:08.107Z - [33mwarn[39m: [TransactionEventHandler]: strategyFail: commit failure for transaction "9a1c75a726064e2765fa709451ba77307e5014658c5a0a156aa6b201ae070a11": TransactionError: Commit of transaction 9a1c75a726064e2765fa709451ba77307e5014658c5a0a156aa6b201ae070a11 failed on peer peer0.financiers.example.com:7051 with status MVCC_READ_CONFLICT
    at TransactionEventHandler.eventCallback (/home/dhanish/fabric_sfc/caliper-bench/node_modules/fabric-network/lib/impl/event/transactioneventhandler.js:111:31)
    at CommitListenerSession.notifyListener (/home/dhanish/fabric_sfc/caliper-bench/node_modules/fabric-network/lib/impl/event/commitlistenersession.js:101:18)
    at EventListener.callback (/home/dhanish/fabric_sfc/caliper-bench/node_modules/fabric-network/lib/impl/event/commitlistenersession.js:92:18)
    at EventListener.onEvent (/home/dhanish/fabric_sfc/caliper-bench/node_modules/fabric-common/lib/EventListener.js:124:10)
    at EventService._callTransactionListener (/home/dhanish/fabric_sfc/caliper-bench/node_modules/fabric-common/lib/EventService.js:1051:16)
    at EventService._processTxEvents (/home/dhanish/fabric_sfc/caliper-bench/node_modules/fabric-common/lib/EventService.js:1006:12)
    at ClientDuplexStreamImpl.<anonymous> (/home/dhanish/fabric_sfc/caliper-bench/node_modules/fabric-common/lib/EventService.js:481:12)
    at ClientDuplexStreamImpl.emit (node:events:517:28)
    at addChunk (node:internal/streams/readable:368:12)
    at readableAddChunk (node:internal/streams/readable:341:9) {
  transactionId: '9a1c75a726064e2765fa709451ba77307e5014658c5a0a156aa6b201ae070a11',
  transactionCode: 'MVCC_READ_CONFLICT'
}
2026-08-11T09:20:08.108Z - [33mwarn[39m: [TransactionEventHandler]: strategyFail: commit failure for transaction "21ff6160816089f800210a82ef2b7da62d22b2d054dbfd8a61537d88bd23e273": TransactionError: Commit of transaction 21ff6160816089f800210a82ef2b7da62d22b2d054dbfd8a61537d88bd23e273 failed on peer peer0.financiers.example.com:7051 with status MVCC_READ_CONFLICT
    at TransactionEventHandler.eventCallback (/home/dhanish/fabric_sfc/caliper-bench/node_modules/fabric-network/lib/impl/event/transactioneventhandler.js:111:31)
    at CommitListenerSession.notifyListener (/home/dhanish/fabric_sfc/caliper-bench/node_modules/fabric-network/lib/impl/event/commitlistenersession.js:101:18)
    at EventListener.callback (/home/dhanish/fabric_sfc/caliper-bench/node_modules/fabric-network/lib/impl/event/commitlistenersession.js:92:18)
    at EventListener.onEvent (/home/dhanish/fabric_sfc/caliper-bench/node_modules/fabric-common/lib/EventListener.js:124:10)
    at EventService._callTransactionListener (/home/dhanish/fabric_sfc/caliper-bench/node_modules/fabric-common/lib/EventService.js:1051:16)
    at EventService._processTxEvents (/home/dhanish/fabric_sfc/caliper-bench/node_modules/fabric-common/lib/EventService.js:1006:12)
    at ClientDuplexStreamImpl.<anonymous> (/home/dhanish/fabric_sfc/caliper-bench/node_modules/fabric-common/lib/EventService.js:481:12)
    at ClientDuplexStreamImpl.emit (node:events:517:28)
    at addChunk (node:internal/streams/readable:368:12)
    at readableAddChunk (node:internal/streams/readable:341:9) {
  transactionId: '21ff6160816089f800210a82ef2b7da62d22b2d054dbfd8a61537d88bd23e273',
  transactionCode: 'MVCC_READ_CONFLICT'
}
2026.08.11-09:20:08.108[31m error[39m [caliper] [connectors/v2/FabricGateway] 	Failed to perform submit transaction [setFinancePolicyForFinancier] using arguments [,{"minAPR":0.08,"maxAPR":0.24,"baseAPR":0.14,"minTenorDays":7,"maxTenorDays":45,"tenor":21,"minLtvPct":55,"maxLtvPct":85,"ltv":72,"penaltyBasePct":0.4}],  with error: TransactionError: Commit of transaction 9a1c75a726064e2765fa709451ba77307e5014658c5a0a156aa6b201ae070a11 failed on peer peer0.financiers.example.com:7051 with status MVCC_READ_CONFLICT
    at TransactionEventHandler.eventCallback (/home/dhanish/fabric_sfc/caliper-bench/node_modules/fabric-network/lib/impl/event/transactioneventhandler.js:111:31)
    at CommitListenerSession.notifyListener (/home/dhanish/fabric_sfc/caliper-bench/node_modules/fabric-network/lib/impl/event/commitlistenersession.js:101:18)
    at EventListener.callback (/home/dhanish/fabric_sfc/caliper-bench/node_modules/fabric-network/lib/impl/event/commitlistenersession.js:92:18)
    at EventListener.onEvent (/home/dhanish/fabric_sfc/caliper-bench/node_modules/fabric-common/lib/EventListener.js:124:10)
    at EventService._callTransactionListener (/home/dhanish/fabric_sfc/caliper-bench/node_modules/fabric-common/lib/EventService.js:1051:16)
    at EventService._processTxEvents (/home/dhanish/fabric_sfc/caliper-bench/node_modules/fabric-common/lib/EventService.js:1006:12)
    at ClientDuplexStreamImpl.<anonymous> (/home/dhanish/fabric_sfc/caliper-bench/node_modules/fabric-common/lib/EventService.js:481:12)
    at ClientDuplexStreamImpl.emit (node:events:517:28)
    at addChunk (node:internal/streams/readable:368:12)
    at readableAddChunk (node:internal/streams/readable:341:9)
2026-08-11T09:20:08.108Z - [33mwarn[39m: [TransactionEventHandler]: strategyFail: commit failure for transaction "084b2ce7955271c190a53cf91a8fa490a31bca7bdd29da31d0aa5727624a5d18": TransactionError: Commit of transaction 084b2ce7955271c190a53cf91a8fa490a31bca7bdd29da31d0aa5727624a5d18 failed on peer peer0.financiers.example.com:7051 with status MVCC_READ_CONFLICT
    at TransactionEventHandler.eventCallback (/home/dhanish/fabric_sfc/caliper-bench/node_modules/fabric-network/lib/impl/event/transactioneventhandler.js:111:31)
    at CommitListenerSession.notifyListener (/home/dhanish/fabric_sfc/caliper-bench/node_modules/fabric-network/lib/impl/event/commitlistenersession.js:101:18)
    at EventListener.callback (/home/dhanish/fabric_sfc/caliper-bench/node_modules/fabric-network/lib/impl/event/commitlistenersession.js:92:18)
    at EventListener.onEvent (/home/dhanish/fabric_sfc/caliper-bench/node_modules/fabric-common/lib/EventListener.js:124:10)
    at EventService._callTransactionListener (/home/dhanish/fabric_sfc/caliper-bench/node_modules/fabric-common/lib/EventService.js:1051:16)
    at EventService._processTxEvents (/home/dhanish/fabric_sfc/caliper-bench/node_modules/fabric-common/lib/EventService.js:1006:12)
    at ClientDuplexStreamImpl.<anonymous> (/home/dhanish/fabric_sfc/caliper-bench/node_modules/fabric-common/lib/EventService.js:481:12)
    at ClientDuplexStreamImpl.emit (node:events:517:28)
    at addChunk (node:internal/streams/readable:368:12)
    at readableAddChunk (node:internal/streams/readable:341:9) {
  transactionId: '084b2ce7955271c190a53cf91a8fa490a31bca7bdd29da31d0aa5727624a5d18',
  transactionCode: 'MVCC_READ_CONFLICT'
}
2026.08.11-09:20:08.108[31m error[39m [caliper] [connectors/v2/FabricGateway] 	Failed to perform submit transaction [setFinancePolicyForFinancier] using arguments [,{"minAPR":0.08,"maxAPR":0.24,"baseAPR":0.14,"minTenorDays":7,"maxTenorDays":45,"tenor":21,"minLtvPct":55,"maxLtvPct":85,"ltv":72,"penaltyBasePct":0.4}],  with error: TransactionError: Commit of transaction 21ff6160816089f800210a82ef2b7da62d22b2d054dbfd8a61537d88bd23e273 failed on peer peer0.financiers.example.com:7051 with status MVCC_READ_CONFLICT
    at TransactionEventHandler.eventCallback (/home/dhanish/fabric_sfc/caliper-bench/node_modules/fabric-network/lib/impl/event/transactioneventhandler.js:111:31)
    at CommitListenerSession.notifyListener (/home/dhanish/fabric_sfc/caliper-bench/node_modules/fabric-network/lib/impl/event/commitlistenersession.js:101:18)
    at EventListener.callback (/home/dhanish/fabric_sfc/caliper-bench/node_modules/fabric-network/lib/impl/event/commitlistenersession.js:92:18)
    at EventListener.onEvent (/home/dhanish/fabric_sfc/caliper-bench/node_modules/fabric-common/lib/EventListener.js:124:10)
    at EventService._callTransactionListener (/home/dhanish/fabric_sfc/caliper-bench/node_modules/fabric-common/lib/EventService.js:1051:16)
    at EventService._processTxEvents (/home/dhanish/fabric_sfc/caliper-bench/node_modules/fabric-common/lib/EventService.js:1006:12)
    at ClientDuplexStreamImpl.<anonymous> (/home/dhanish/fabric_sfc/caliper-bench/node_modules/fabric-common/lib/EventService.js:481:12)
    at ClientDuplexStreamImpl.emit (node:events:517:28)
    at addChunk (node:internal/streams/readable:368:12)
    at readableAddChunk (node:internal/streams/readable:341:9)
2026-08-11T09:20:08.109Z - [33mwarn[39m: [TransactionEventHandler]: strategyFail: commit failure for transaction "7e3e6bfaa7cb697bdab42ec8dd7e609872d0428452c9f3ad7a32a97026e65ebd": TransactionError: Commit of transaction 7e3e6bfaa7cb697bdab42ec8dd7e609872d0428452c9f3ad7a32a97026e65ebd failed on peer peer0.financiers.example.com:7051 with status MVCC_READ_CONFLICT
    at TransactionEventHandler.eventCallback (/home/dhanish/fabric_sfc/caliper-bench/node_modules/fabric-network/lib/impl/event/transactioneventhandler.js:111:31)
    at CommitListenerSession.notifyListener (/home/dhanish/fabric_sfc/caliper-bench/node_modules/fabric-network/lib/impl/event/commitlistenersession.js:101:18)
    at EventListener.callback (/home/dhanish/fabric_sfc/caliper-bench/node_modules/fabric-network/lib/impl/event/commitlistenersession.js:92:18)
    at EventListener.onEvent (/home/dhanish/fabric_sfc/caliper-bench/node_modules/fabric-common/lib/EventListener.js:124:10)
    at EventService._callTransactionListener (/home/dhanish/fabric_sfc/caliper-bench/node_modules/fabric-common/lib/EventService.js:1051:16)
    at EventService._processTxEvents (/home/dhanish/fabric_sfc/caliper-bench/node_modules/fabric-common/lib/EventService.js:1006:12)
    at ClientDuplexStreamImpl.<anonymous> (/home/dhanish/fabric_sfc/caliper-bench/node_modules/fabric-common/lib/EventService.js:481:12)
    at ClientDuplexStreamImpl.emit (node:events:517:28)
    at addChunk (node:internal/streams/readable:368:12)
    at readableAddChunk (node:internal/streams/readable:341:9) {
  transactionId: '7e3e6bfaa7cb697bdab42ec8dd7e609872d0428452c9f3ad7a32a97026e65ebd',
  transactionCode: 'MVCC_READ_CONFLICT'
}
2026.08.11-09:20:08.109[31m error[39m [caliper] [connectors/v2/FabricGateway] 	Failed to perform submit transaction [setFinancePolicyForFinancier] using arguments [,{"minAPR":0.08,"maxAPR":0.24,"baseAPR":0.14,"minTenorDays":7,"maxTenorDays":45,"tenor":21,"minLtvPct":55,"maxLtvPct":85,"ltv":72,"penaltyBasePct":0.4}],  with error: TransactionError: Commit of transaction 084b2ce7955271c190a53cf91a8fa490a31bca7bdd29da31d0aa5727624a5d18 failed on peer peer0.financiers.example.com:7051 with status MVCC_READ_CONFLICT
    at TransactionEventHandler.eventCallback (/home/dhanish/fabric_sfc/caliper-bench/node_modules/fabric-network/lib/impl/event/transactioneventhandler.js:111:31)
    at CommitListenerSession.notifyListener (/home/dhanish/fabric_sfc/caliper-bench/node_modules/fabric-network/lib/impl/event/commitlistenersession.js:101:18)
    at EventListener.callback (/home/dhanish/fabric_sfc/caliper-bench/node_modules/fabric-network/lib/impl/event/commitlistenersession.js:92:18)
    at EventListener.onEvent (/home/dhanish/fabric_sfc/caliper-bench/node_modules/fabric-common/lib/EventListener.js:124:10)
    at EventService._callTransactionListener (/home/dhanish/fabric_sfc/caliper-bench/node_modules/fabric-common/lib/EventService.js:1051:16)
    at EventService._processTxEvents (/home/dhanish/fabric_sfc/caliper-bench/node_modules/fabric-common/lib/EventService.js:1006:12)
    at ClientDuplexStreamImpl.<anonymous> (/home/dhanish/fabric_sfc/caliper-bench/node_modules/fabric-common/lib/EventService.js:481:12)
    at ClientDuplexStreamImpl.emit (node:events:517:28)
    at addChunk (node:internal/streams/readable:368:12)
    at readableAddChunk (node:internal/streams/readable:341:9)
2026.08.11-09:20:08.109[31m error[39m [caliper] [connectors/v2/FabricGateway] 	Failed to perform submit transaction [setFinancePolicyForFinancier] using arguments [,{"minAPR":0.08,"maxAPR":0.24,"baseAPR":0.14,"minTenorDays":7,"maxTenorDays":45,"tenor":21,"minLtvPct":55,"maxLtvPct":85,"ltv":72,"penaltyBasePct":0.4}],  with error: TransactionError: Commit of transaction 7e3e6bfaa7cb697bdab42ec8dd7e609872d0428452c9f3ad7a32a97026e65ebd failed on peer peer0.financiers.example.com:7051 with status MVCC_READ_CONFLICT
    at TransactionEventHandler.eventCallback (/home/dhanish/fabric_sfc/caliper-bench/node_modules/fabric-network/lib/impl/event/transactioneventhandler.js:111:31)
    at CommitListenerSession.notifyListener (/home/dhanish/fabric_sfc/caliper-bench/node_modules/fabric-network/lib/impl/event/commitlistenersession.js:101:18)
    at EventListener.callback (/home/dhanish/fabric_sfc/caliper-bench/node_modules/fabric-network/lib/impl/event/commitlistenersession.js:92:18)
    at EventListener.onEvent (/home/dhanish/fabric_sfc/caliper-bench/node_modules/fabric-common/lib/EventListener.js:124:10)
    at EventService._callTransactionListener (/home/dhanish/fabric_sfc/caliper-bench/node_modules/fabric-common/lib/EventService.js:1051:16)
    at EventService._processTxEvents (/home/dhanish/fabric_sfc/caliper-bench/node_modules/fabric-common/lib/EventService.js:1006:12)
    at ClientDuplexStreamImpl.<anonymous> (/home/dhanish/fabric_sfc/caliper-bench/node_modules/fabric-common/lib/EventService.js:481:12)
    at ClientDuplexStreamImpl.emit (node:events:517:28)
    at addChunk (node:internal/streams/readable:368:12)
    at readableAddChunk (node:internal/streams/readable:341:9)
2026-08-11T09:20:08.114Z - [33mwarn[39m: [TransactionEventHandler]: strategyFail: commit failure for transaction "b219536e6e7472262b8797072fdbb38ae792563e37d59447c0f7c6a0f7c91f9f": TransactionError: Commit of transaction b219536e6e7472262b8797072fdbb38ae792563e37d59447c0f7c6a0f7c91f9f failed on peer peer0.financiers.example.com:7051 with status MVCC_READ_CONFLICT
    at TransactionEventHandler.eventCallback (/home/dhanish/fabric_sfc/caliper-bench/node_modules/fabric-network/lib/impl/event/transactioneventhandler.js:111:31)
    at CommitListenerSession.notifyListener (/home/dhanish/fabric_sfc/caliper-bench/node_modules/fabric-network/lib/impl/event/commitlistenersession.js:101:18)
    at EventListener.callback (/home/dhanish/fabric_sfc/caliper-bench/node_modules/fabric-network/lib/impl/event/commitlistenersession.js:92:18)
    at EventListener.onEvent (/home/dhanish/fabric_sfc/caliper-bench/node_modules/fabric-common/lib/EventListener.js:124:10)
    at EventService._callTransactionListener (/home/dhanish/fabric_sfc/caliper-bench/node_modules/fabric-common/lib/EventService.js:1051:16)
    at EventService._processTxEvents (/home/dhanish/fabric_sfc/caliper-bench/node_modules/fabric-common/lib/EventService.js:1006:12)
    at ClientDuplexStreamImpl.<anonymous> (/home/dhanish/fabric_sfc/caliper-bench/node_modules/fabric-common/lib/EventService.js:481:12)
    at ClientDuplexStreamImpl.emit (node:events:517:28)
    at addChunk (node:internal/streams/readable:368:12)
    at readableAddChunk (node:internal/streams/readable:341:9) {
  transactionId: 'b219536e6e7472262b8797072fdbb38ae792563e37d59447c0f7c6a0f7c91f9f',
  transactionCode: 'MVCC_READ_CONFLICT'
}
2026-08-11T09:20:08.115Z - [33mwarn[39m: [TransactionEventHandler]: strategyFail: commit failure for transaction "759147d6fe2aaff8195de0f3ea815912dd98f650cec6aea349fd230ab6865961": TransactionError: Commit of transaction 759147d6fe2aaff8195de0f3ea815912dd98f650cec6aea349fd230ab6865961 failed on peer peer0.financiers.example.com:7051 with status MVCC_READ_CONFLICT
    at TransactionEventHandler.eventCallback (/home/dhanish/fabric_sfc/caliper-bench/node_modules/fabric-network/lib/impl/event/transactioneventhandler.js:111:31)
    at CommitListenerSession.notifyListener (/home/dhanish/fabric_sfc/caliper-bench/node_modules/fabric-network/lib/impl/event/commitlistenersession.js:101:18)
    at EventListener.callback (/home/dhanish/fabric_sfc/caliper-bench/node_modules/fabric-network/lib/impl/event/commitlistenersession.js:92:18)
    at EventListener.onEvent (/home/dhanish/fabric_sfc/caliper-bench/node_modules/fabric-common/lib/EventListener.js:124:10)
    at EventService._callTransactionListener (/home/dhanish/fabric_sfc/caliper-bench/node_modules/fabric-common/lib/EventService.js:1051:16)
    at EventService._processTxEvents (/home/dhanish/fabric_sfc/caliper-bench/node_modules/fabric-common/lib/EventService.js:1006:12)
    at ClientDuplexStreamImpl.<anonymous> (/home/dhanish/fabric_sfc/caliper-bench/node_modules/fabric-common/lib/EventService.js:481:12)
    at ClientDuplexStreamImpl.emit (node:events:517:28)
    at addChunk (node:internal/streams/readable:368:12)
    at readableAddChunk (node:internal/streams/readable:341:9) {
  transactionId: '759147d6fe2aaff8195de0f3ea815912dd98f650cec6aea349fd230ab6865961',
  transactionCode: 'MVCC_READ_CONFLICT'
}
2026.08.11-09:20:08.115[31m error[39m [caliper] [connectors/v2/FabricGateway] 	Failed to perform submit transaction [setFinancePolicyForFinancier] using arguments [,{"minAPR":0.08,"maxAPR":0.24,"baseAPR":0.14,"minTenorDays":7,"maxTenorDays":45,"tenor":21,"minLtvPct":55,"maxLtvPct":85,"ltv":72,"penaltyBasePct":0.4}],  with error: TransactionError: Commit of transaction b219536e6e7472262b8797072fdbb38ae792563e37d59447c0f7c6a0f7c91f9f failed on peer peer0.financiers.example.com:7051 with status MVCC_READ_CONFLICT
    at TransactionEventHandler.eventCallback (/home/dhanish/fabric_sfc/caliper-bench/node_modules/fabric-network/lib/impl/event/transactioneventhandler.js:111:31)
    at CommitListenerSession.notifyListener (/home/dhanish/fabric_sfc/caliper-bench/node_modules/fabric-network/lib/impl/event/commitlistenersession.js:101:18)
    at EventListener.callback (/home/dhanish/fabric_sfc/caliper-bench/node_modules/fabric-network/lib/impl/event/commitlistenersession.js:92:18)
    at EventListener.onEvent (/home/dhanish/fabric_sfc/caliper-bench/node_modules/fabric-common/lib/EventListener.js:124:10)
    at EventService._callTransactionListener (/home/dhanish/fabric_sfc/caliper-bench/node_modules/fabric-common/lib/EventService.js:1051:16)
    at EventService._processTxEvents (/home/dhanish/fabric_sfc/caliper-bench/node_modules/fabric-common/lib/EventService.js:1006:12)
    at ClientDuplexStreamImpl.<anonymous> (/home/dhanish/fabric_sfc/caliper-bench/node_modules/fabric-common/lib/EventService.js:481:12)
    at ClientDuplexStreamImpl.emit (node:events:517:28)
    at addChunk (node:internal/streams/readable:368:12)
    at readableAddChunk (node:internal/streams/readable:341:9)
2026.08.11-09:20:08.115[31m error[39m [caliper] [connectors/v2/FabricGateway] 	Failed to perform submit transaction [setFinancePolicyForFinancier] using arguments [,{"minAPR":0.08,"maxAPR":0.24,"baseAPR":0.14,"minTenorDays":7,"maxTenorDays":45,"tenor":21,"minLtvPct":55,"maxLtvPct":85,"ltv":72,"penaltyBasePct":0.4}],  with error: TransactionError: Commit of transaction 759147d6fe2aaff8195de0f3ea815912dd98f650cec6aea349fd230ab6865961 failed on peer peer0.financiers.example.com:7051 with status MVCC_READ_CONFLICT
    at TransactionEventHandler.eventCallback (/home/dhanish/fabric_sfc/caliper-bench/node_modules/fabric-network/lib/impl/event/transactioneventhandler.js:111:31)
    at CommitListenerSession.notifyListener (/home/dhanish/fabric_sfc/caliper-bench/node_modules/fabric-network/lib/impl/event/commitlistenersession.js:101:18)
    at EventListener.callback (/home/dhanish/fabric_sfc/caliper-bench/node_modules/fabric-network/lib/impl/event/commitlistenersession.js:92:18)
    at EventListener.onEvent (/home/dhanish/fabric_sfc/caliper-bench/node_modules/fabric-common/lib/EventListener.js:124:10)
    at EventService._callTransactionListener (/home/dhanish/fabric_sfc/caliper-bench/node_modules/fabric-common/lib/EventService.js:1051:16)
    at EventService._processTxEvents (/home/dhanish/fabric_sfc/caliper-bench/node_modules/fabric-common/lib/EventService.js:1006:12)
    at ClientDuplexStreamImpl.<anonymous> (/home/dhanish/fabric_sfc/caliper-bench/node_modules/fabric-common/lib/EventService.js:481:12)
    at ClientDuplexStreamImpl.emit (node:events:517:28)
    at addChunk (node:internal/streams/readable:368:12)
    at readableAddChunk (node:internal/streams/readable:341:9)
2026-08-11T09:20:08.135Z - [33mwarn[39m: [TransactionEventHandler]: strategyFail: commit failure for transaction "3849d86d1c865a8e8221a26c9f3df2884770a053c8fc467084148259c70fb6e9": TransactionError: Commit of transaction 3849d86d1c865a8e8221a26c9f3df2884770a053c8fc467084148259c70fb6e9 failed on peer peer0.financiers.example.com:7051 with status MVCC_READ_CONFLICT
    at TransactionEventHandler.eventCallback (/home/dhanish/fabric_sfc/caliper-bench/node_modules/fabric-network/lib/impl/event/transactioneventhandler.js:111:31)
    at CommitListenerSession.notifyListener (/home/dhanish/fabric_sfc/caliper-bench/node_modules/fabric-network/lib/impl/event/commitlistenersession.js:101:18)
    at EventListener.callback (/home/dhanish/fabric_sfc/caliper-bench/node_modules/fabric-network/lib/impl/event/commitlistenersession.js:92:18)
    at EventListener.onEvent (/home/dhanish/fabric_sfc/caliper-bench/node_modules/fabric-common/lib/EventListener.js:124:10)
    at EventService._callTransactionListener (/home/dhanish/fabric_sfc/caliper-bench/node_modules/fabric-common/lib/EventService.js:1051:16)
    at EventService._processTxEvents (/home/dhanish/fabric_sfc/caliper-bench/node_modules/fabric-common/lib/EventService.js:1006:12)
    at ClientDuplexStreamImpl.<anonymous> (/home/dhanish/fabric_sfc/caliper-bench/node_modules/fabric-common/lib/EventService.js:481:12)
    at ClientDuplexStreamImpl.emit (node:events:517:28)
    at addChunk (node:internal/streams/readable:368:12)
    at readableAddChunk (node:internal/streams/readable:341:9) {
  transactionId: '3849d86d1c865a8e8221a26c9f3df2884770a053c8fc467084148259c70fb6e9',
  transactionCode: 'MVCC_READ_CONFLICT'
}
2026-08-11T09:20:08.135Z - [33mwarn[39m: [TransactionEventHandler]: strategyFail: commit failure for transaction "7f6a7bbd307a1a5150d0df49819369eb6cb3923879a31459920283d0c6adbb6b": TransactionError: Commit of transaction 7f6a7bbd307a1a5150d0df49819369eb6cb3923879a31459920283d0c6adbb6b failed on peer peer0.financiers.example.com:7051 with status MVCC_READ_CONFLICT
    at TransactionEventHandler.eventCallback (/home/dhanish/fabric_sfc/caliper-bench/node_modules/fabric-network/lib/impl/event/transactioneventhandler.js:111:31)
    at CommitListenerSession.notifyListener (/home/dhanish/fabric_sfc/caliper-bench/node_modules/fabric-network/lib/impl/event/commitlistenersession.js:101:18)
    at EventListener.callback (/home/dhanish/fabric_sfc/caliper-bench/node_modules/fabric-network/lib/impl/event/commitlistenersession.js:92:18)
    at EventListener.onEvent (/home/dhanish/fabric_sfc/caliper-bench/node_modules/fabric-common/lib/EventListener.js:124:10)
    at EventService._callTransactionListener (/home/dhanish/fabric_sfc/caliper-bench/node_modules/fabric-common/lib/EventService.js:1051:16)
    at EventService._processTxEvents (/home/dhanish/fabric_sfc/caliper-bench/node_modules/fabric-common/lib/EventService.js:1006:12)
    at ClientDuplexStreamImpl.<anonymous> (/home/dhanish/fabric_sfc/caliper-bench/node_modules/fabric-common/lib/EventService.js:481:12)
    at ClientDuplexStreamImpl.emit (node:events:517:28)
    at addChunk (node:internal/streams/readable:368:12)
    at readableAddChunk (node:internal/streams/readable:341:9) {
  transactionId: '7f6a7bbd307a1a5150d0df49819369eb6cb3923879a31459920283d0c6adbb6b',
  transactionCode: 'MVCC_READ_CONFLICT'
}
2026-08-11T09:20:08.136Z - [33mwarn[39m: [TransactionEventHandler]: strategyFail: commit failure for transaction "19c5f4324bade456f5e36fe88708a416faa65b1244ceed118bbac318c52338f4": TransactionError: Commit of transaction 19c5f4324bade456f5e36fe88708a416faa65b1244ceed118bbac318c52338f4 failed on peer peer0.financiers.example.com:7051 with status MVCC_READ_CONFLICT
    at TransactionEventHandler.eventCallback (/home/dhanish/fabric_sfc/caliper-bench/node_modules/fabric-network/lib/impl/event/transactioneventhandler.js:111:31)
    at CommitListenerSession.notifyListener (/home/dhanish/fabric_sfc/caliper-bench/node_modules/fabric-network/lib/impl/event/commitlistenersession.js:101:18)
    at EventListener.callback (/home/dhanish/fabric_sfc/caliper-bench/node_modules/fabric-network/lib/impl/event/commitlistenersession.js:92:18)
    at EventListener.onEvent (/home/dhanish/fabric_sfc/caliper-bench/node_modules/fabric-common/lib/EventListener.js:124:10)
    at EventService._callTransactionListener (/home/dhanish/fabric_sfc/caliper-bench/node_modules/fabric-common/lib/EventService.js:1051:16)
    at EventService._processTxEvents (/home/dhanish/fabric_sfc/caliper-bench/node_modules/fabric-common/lib/EventService.js:1006:12)
    at ClientDuplexStreamImpl.<anonymous> (/home/dhanish/fabric_sfc/caliper-bench/node_modules/fabric-common/lib/EventService.js:481:12)
    at ClientDuplexStreamImpl.emit (node:events:517:28)
    at addChunk (node:internal/streams/readable:368:12)
    at readableAddChunk (node:internal/streams/readable:341:9) {
  transactionId: '19c5f4324bade456f5e36fe88708a416faa65b1244ceed118bbac318c52338f4',
  transactionCode: 'MVCC_READ_CONFLICT'
}
2026-08-11T09:20:08.136Z - [33mwarn[39m: [TransactionEventHandler]: strategyFail: commit failure for transaction "bdff63257b9c5518fbaeaf9f9fddd0b9d52734daeae244f30b73d3385d56da33": TransactionError: Commit of transaction bdff63257b9c5518fbaeaf9f9fddd0b9d52734daeae244f30b73d3385d56da33 failed on peer peer0.financiers.example.com:7051 with status MVCC_READ_CONFLICT
    at TransactionEventHandler.eventCallback (/home/dhanish/fabric_sfc/caliper-bench/node_modules/fabric-network/lib/impl/event/transactioneventhandler.js:111:31)
    at CommitListenerSession.notifyListener (/home/dhanish/fabric_sfc/caliper-bench/node_modules/fabric-network/lib/impl/event/commitlistenersession.js:101:18)
    at EventListener.callback (/home/dhanish/fabric_sfc/caliper-bench/node_modules/fabric-network/lib/impl/event/commitlistenersession.js:92:18)
    at EventListener.onEvent (/home/dhanish/fabric_sfc/caliper-bench/node_modules/fabric-common/lib/EventListener.js:124:10)
    at EventService._callTransactionListener (/home/dhanish/fabric_sfc/caliper-bench/node_modules/fabric-common/lib/EventService.js:1051:16)
    at EventService._processTxEvents (/home/dhanish/fabric_sfc/caliper-bench/node_modules/fabric-common/lib/EventService.js:1006:12)
    at ClientDuplexStreamImpl.<anonymous> (/home/dhanish/fabric_sfc/caliper-bench/node_modules/fabric-common/lib/EventService.js:481:12)
    at ClientDuplexStreamImpl.emit (node:events:517:28)
    at addChunk (node:internal/streams/readable:368:12)
    at readableAddChunk (node:internal/streams/readable:341:9) {
  transactionId: 'bdff63257b9c5518fbaeaf9f9fddd0b9d52734daeae244f30b73d3385d56da33',
  transactionCode: 'MVCC_READ_CONFLICT'
}
2026-08-11T09:20:08.136Z - [33mwarn[39m: [TransactionEventHandler]: strategyFail: commit failure for transaction "7de906dfb2e1679b19ca37aa0bb8cf084e4f9fb93d348629886a8e69a7b97e28": TransactionError: Commit of transaction 7de906dfb2e1679b19ca37aa0bb8cf084e4f9fb93d348629886a8e69a7b97e28 failed on peer peer0.financiers.example.com:7051 with status MVCC_READ_CONFLICT
    at TransactionEventHandler.eventCallback (/home/dhanish/fabric_sfc/caliper-bench/node_modules/fabric-network/lib/impl/event/transactioneventhandler.js:111:31)
    at CommitListenerSession.notifyListener (/home/dhanish/fabric_sfc/caliper-bench/node_modules/fabric-network/lib/impl/event/commitlistenersession.js:101:18)
    at EventListener.callback (/home/dhanish/fabric_sfc/caliper-bench/node_modules/fabric-network/lib/impl/event/commitlistenersession.js:92:18)
    at EventListener.onEvent (/home/dhanish/fabric_sfc/caliper-bench/node_modules/fabric-common/lib/EventListener.js:124:10)
    at EventService._callTransactionListener (/home/dhanish/fabric_sfc/caliper-bench/node_modules/fabric-common/lib/EventService.js:1051:16)
    at EventService._processTxEvents (/home/dhanish/fabric_sfc/caliper-bench/node_modules/fabric-common/lib/EventService.js:1006:12)
    at ClientDuplexStreamImpl.<anonymous> (/home/dhanish/fabric_sfc/caliper-bench/node_modules/fabric-common/lib/EventService.js:481:12)
    at ClientDuplexStreamImpl.emit (node:events:517:28)
    at addChunk (node:internal/streams/readable:368:12)
    at readableAddChunk (node:internal/streams/readable:341:9) {
  transactionId: '7de906dfb2e1679b19ca37aa0bb8cf084e4f9fb93d348629886a8e69a7b97e28',
  transactionCode: 'MVCC_READ_CONFLICT'
}
2026-08-11T09:20:08.136Z - [33mwarn[39m: [TransactionEventHandler]: strategyFail: commit failure for transaction "133da2345aa3a5c0088e54a1aff8fd106e5784adbd649835bf10e5f6b0ba777b": TransactionError: Commit of transaction 133da2345aa3a5c0088e54a1aff8fd106e5784adbd649835bf10e5f6b0ba777b failed on peer peer0.financiers.example.com:7051 with status MVCC_READ_CONFLICT
    at TransactionEventHandler.eventCallback (/home/dhanish/fabric_sfc/caliper-bench/node_modules/fabric-network/lib/impl/event/transactioneventhandler.js:111:31)
    at CommitListenerSession.notifyListener (/home/dhanish/fabric_sfc/caliper-bench/node_modules/fabric-network/lib/impl/event/commitlistenersession.js:101:18)
    at EventListener.callback (/home/dhanish/fabric_sfc/caliper-bench/node_modules/fabric-network/lib/impl/event/commitlistenersession.js:92:18)
    at EventListener.onEvent (/home/dhanish/fabric_sfc/caliper-bench/node_modules/fabric-common/lib/EventListener.js:124:10)
    at EventService._callTransactionListener (/home/dhanish/fabric_sfc/caliper-bench/node_modules/fabric-common/lib/EventService.js:1051:16)
    at EventService._processTxEvents (/home/dhanish/fabric_sfc/caliper-bench/node_modules/fabric-common/lib/EventService.js:1006:12)
    at ClientDuplexStreamImpl.<anonymous> (/home/dhanish/fabric_sfc/caliper-bench/node_modules/fabric-common/lib/EventService.js:481:12)
    at ClientDuplexStreamImpl.emit (node:events:517:28)
    at addChunk (node:internal/streams/readable:368:12)
    at readableAddChunk (node:internal/streams/readable:341:9) {
  transactionId: '133da2345aa3a5c0088e54a1aff8fd106e5784adbd649835bf10e5f6b0ba777b',
  transactionCode: 'MVCC_READ_CONFLICT'
}
2026.08.11-09:20:08.136[31m error[39m [caliper] [connectors/v2/FabricGateway] 	Failed to perform submit transaction [setFinancePolicyForFinancier] using arguments [,{"minAPR":0.08,"maxAPR":0.24,"baseAPR":0.14,"minTenorDays":7,"maxTenorDays":45,"tenor":21,"minLtvPct":55,"maxLtvPct":85,"ltv":72,"penaltyBasePct":0.4}],  with error: TransactionError: Commit of transaction 3849d86d1c865a8e8221a26c9f3df2884770a053c8fc467084148259c70fb6e9 failed on peer peer0.financiers.example.com:7051 with status MVCC_READ_CONFLICT
    at TransactionEventHandler.eventCallback (/home/dhanish/fabric_sfc/caliper-bench/node_modules/fabric-network/lib/impl/event/transactioneventhandler.js:111:31)
    at CommitListenerSession.notifyListener (/home/dhanish/fabric_sfc/caliper-bench/node_modules/fabric-network/lib/impl/event/commitlistenersession.js:101:18)
    at EventListener.callback (/home/dhanish/fabric_sfc/caliper-bench/node_modules/fabric-network/lib/impl/event/commitlistenersession.js:92:18)
    at EventListener.onEvent (/home/dhanish/fabric_sfc/caliper-bench/node_modules/fabric-common/lib/EventListener.js:124:10)
    at EventService._callTransactionListener (/home/dhanish/fabric_sfc/caliper-bench/node_modules/fabric-common/lib/EventService.js:1051:16)
    at EventService._processTxEvents (/home/dhanish/fabric_sfc/caliper-bench/node_modules/fabric-common/lib/EventService.js:1006:12)
    at ClientDuplexStreamImpl.<anonymous> (/home/dhanish/fabric_sfc/caliper-bench/node_modules/fabric-common/lib/EventService.js:481:12)
    at ClientDuplexStreamImpl.emit (node:events:517:28)
    at addChunk (node:internal/streams/readable:368:12)
    at readableAddChunk (node:internal/streams/readable:341:9)
2026.08.11-09:20:08.136[31m error[39m [caliper] [connectors/v2/FabricGateway] 	Failed to perform submit transaction [setFinancePolicyForFinancier] using arguments [,{"minAPR":0.08,"maxAPR":0.24,"baseAPR":0.14,"minTenorDays":7,"maxTenorDays":45,"tenor":21,"minLtvPct":55,"maxLtvPct":85,"ltv":72,"penaltyBasePct":0.4}],  with error: TransactionError: Commit of transaction 7f6a7bbd307a1a5150d0df49819369eb6cb3923879a31459920283d0c6adbb6b failed on peer peer0.financiers.example.com:7051 with status MVCC_READ_CONFLICT
    at TransactionEventHandler.eventCallback (/home/dhanish/fabric_sfc/caliper-bench/node_modules/fabric-network/lib/impl/event/transactioneventhandler.js:111:31)
    at CommitListenerSession.notifyListener (/home/dhanish/fabric_sfc/caliper-bench/node_modules/fabric-network/lib/impl/event/commitlistenersession.js:101:18)
    at EventListener.callback (/home/dhanish/fabric_sfc/caliper-bench/node_modules/fabric-network/lib/impl/event/commitlistenersession.js:92:18)
    at EventListener.onEvent (/home/dhanish/fabric_sfc/caliper-bench/node_modules/fabric-common/lib/EventListener.js:124:10)
    at EventService._callTransactionListener (/home/dhanish/fabric_sfc/caliper-bench/node_modules/fabric-common/lib/EventService.js:1051:16)
    at EventService._processTxEvents (/home/dhanish/fabric_sfc/caliper-bench/node_modules/fabric-common/lib/EventService.js:1006:12)
    at ClientDuplexStreamImpl.<anonymous> (/home/dhanish/fabric_sfc/caliper-bench/node_modules/fabric-common/lib/EventService.js:481:12)
    at ClientDuplexStreamImpl.emit (node:events:517:28)
    at addChunk (node:internal/streams/readable:368:12)
    at readableAddChunk (node:internal/streams/readable:341:9)
2026.08.11-09:20:08.136[31m error[39m [caliper] [connectors/v2/FabricGateway] 	Failed to perform submit transaction [setFinancePolicyForFinancier] using arguments [,{"minAPR":0.08,"maxAPR":0.24,"baseAPR":0.14,"minTenorDays":7,"maxTenorDays":45,"tenor":21,"minLtvPct":55,"maxLtvPct":85,"ltv":72,"penaltyBasePct":0.4}],  with error: TransactionError: Commit of transaction 7de906dfb2e1679b19ca37aa0bb8cf084e4f9fb93d348629886a8e69a7b97e28 failed on peer peer0.financiers.example.com:7051 with status MVCC_READ_CONFLICT
    at TransactionEventHandler.eventCallback (/home/dhanish/fabric_sfc/caliper-bench/node_modules/fabric-network/lib/impl/event/transactioneventhandler.js:111:31)
    at CommitListenerSession.notifyListener (/home/dhanish/fabric_sfc/caliper-bench/node_modules/fabric-network/lib/impl/event/commitlistenersession.js:101:18)
    at EventListener.callback (/home/dhanish/fabric_sfc/caliper-bench/node_modules/fabric-network/lib/impl/event/commitlistenersession.js:92:18)
    at EventListener.onEvent (/home/dhanish/fabric_sfc/caliper-bench/node_modules/fabric-common/lib/EventListener.js:124:10)
    at EventService._callTransactionListener (/home/dhanish/fabric_sfc/caliper-bench/node_modules/fabric-common/lib/EventService.js:1051:16)
    at EventService._processTxEvents (/home/dhanish/fabric_sfc/caliper-bench/node_modules/fabric-common/lib/EventService.js:1006:12)
    at ClientDuplexStreamImpl.<anonymous> (/home/dhanish/fabric_sfc/caliper-bench/node_modules/fabric-common/lib/EventService.js:481:12)
    at ClientDuplexStreamImpl.emit (node:events:517:28)
    at addChunk (node:internal/streams/readable:368:12)
    at readableAddChunk (node:internal/streams/readable:341:9)
2026.08.11-09:20:08.137[31m error[39m [caliper] [connectors/v2/FabricGateway] 	Failed to perform submit transaction [setFinancePolicyForFinancier] using arguments [,{"minAPR":0.08,"maxAPR":0.24,"baseAPR":0.14,"minTenorDays":7,"maxTenorDays":45,"tenor":21,"minLtvPct":55,"maxLtvPct":85,"ltv":72,"penaltyBasePct":0.4}],  with error: TransactionError: Commit of transaction 133da2345aa3a5c0088e54a1aff8fd106e5784adbd649835bf10e5f6b0ba777b failed on peer peer0.financiers.example.com:7051 with status MVCC_READ_CONFLICT
    at TransactionEventHandler.eventCallback (/home/dhanish/fabric_sfc/caliper-bench/node_modules/fabric-network/lib/impl/event/transactioneventhandler.js:111:31)
    at CommitListenerSession.notifyListener (/home/dhanish/fabric_sfc/caliper-bench/node_modules/fabric-network/lib/impl/event/commitlistenersession.js:101:18)
    at EventListener.callback (/home/dhanish/fabric_sfc/caliper-bench/node_modules/fabric-network/lib/impl/event/commitlistenersession.js:92:18)
    at EventListener.onEvent (/home/dhanish/fabric_sfc/caliper-bench/node_modules/fabric-common/lib/EventListener.js:124:10)
    at EventService._callTransactionListener (/home/dhanish/fabric_sfc/caliper-bench/node_modules/fabric-common/lib/EventService.js:1051:16)
    at EventService._processTxEvents (/home/dhanish/fabric_sfc/caliper-bench/node_modules/fabric-common/lib/EventService.js:1006:12)
    at ClientDuplexStreamImpl.<anonymous> (/home/dhanish/fabric_sfc/caliper-bench/node_modules/fabric-common/lib/EventService.js:481:12)
    at ClientDuplexStreamImpl.emit (node:events:517:28)
    at addChunk (node:internal/streams/readable:368:12)
    at readableAddChunk (node:internal/streams/readable:341:9)
2026.08.11-09:20:08.137[31m error[39m [caliper] [connectors/v2/FabricGateway] 	Failed to perform submit transaction [setFinancePolicyForFinancier] using arguments [,{"minAPR":0.08,"maxAPR":0.24,"baseAPR":0.14,"minTenorDays":7,"maxTenorDays":45,"tenor":21,"minLtvPct":55,"maxLtvPct":85,"ltv":72,"penaltyBasePct":0.4}],  with error: TransactionError: Commit of transaction bdff63257b9c5518fbaeaf9f9fddd0b9d52734daeae244f30b73d3385d56da33 failed on peer peer0.financiers.example.com:7051 with status MVCC_READ_CONFLICT
    at TransactionEventHandler.eventCallback (/home/dhanish/fabric_sfc/caliper-bench/node_modules/fabric-network/lib/impl/event/transactioneventhandler.js:111:31)
    at CommitListenerSession.notifyListener (/home/dhanish/fabric_sfc/caliper-bench/node_modules/fabric-network/lib/impl/event/commitlistenersession.js:101:18)
    at EventListener.callback (/home/dhanish/fabric_sfc/caliper-bench/node_modules/fabric-network/lib/impl/event/commitlistenersession.js:92:18)
    at EventListener.onEvent (/home/dhanish/fabric_sfc/caliper-bench/node_modules/fabric-common/lib/EventListener.js:124:10)
    at EventService._callTransactionListener (/home/dhanish/fabric_sfc/caliper-bench/node_modules/fabric-common/lib/EventService.js:1051:16)
    at EventService._processTxEvents (/home/dhanish/fabric_sfc/caliper-bench/node_modules/fabric-common/lib/EventService.js:1006:12)
    at ClientDuplexStreamImpl.<anonymous> (/home/dhanish/fabric_sfc/caliper-bench/node_modules/fabric-common/lib/EventService.js:481:12)
    at ClientDuplexStreamImpl.emit (node:events:517:28)
    at addChunk (node:internal/streams/readable:368:12)
    at readableAddChunk (node:internal/streams/readable:341:9)
2026.08.11-09:20:08.137[31m error[39m [caliper] [connectors/v2/FabricGateway] 	Failed to perform submit transaction [setFinancePolicyForFinancier] using arguments [,{"minAPR":0.08,"maxAPR":0.24,"baseAPR":0.14,"minTenorDays":7,"maxTenorDays":45,"tenor":21,"minLtvPct":55,"maxLtvPct":85,"ltv":72,"penaltyBasePct":0.4}],  with error: TransactionError: Commit of transaction 19c5f4324bade456f5e36fe88708a416faa65b1244ceed118bbac318c52338f4 failed on peer peer0.financiers.example.com:7051 with status MVCC_READ_CONFLICT
    at TransactionEventHandler.eventCallback (/home/dhanish/fabric_sfc/caliper-bench/node_modules/fabric-network/lib/impl/event/transactioneventhandler.js:111:31)
    at CommitListenerSession.notifyListener (/home/dhanish/fabric_sfc/caliper-bench/node_modules/fabric-network/lib/impl/event/commitlistenersession.js:101:18)
    at EventListener.callback (/home/dhanish/fabric_sfc/caliper-bench/node_modules/fabric-network/lib/impl/event/commitlistenersession.js:92:18)
    at EventListener.onEvent (/home/dhanish/fabric_sfc/caliper-bench/node_modules/fabric-common/lib/EventListener.js:124:10)
    at EventService._callTransactionListener (/home/dhanish/fabric_sfc/caliper-bench/node_modules/fabric-common/lib/EventService.js:1051:16)
    at EventService._processTxEvents (/home/dhanish/fabric_sfc/caliper-bench/node_modules/fabric-common/lib/EventService.js:1006:12)
    at ClientDuplexStreamImpl.<anonymous> (/home/dhanish/fabric_sfc/caliper-bench/node_modules/fabric-common/lib/EventService.js:481:12)
    at ClientDuplexStreamImpl.emit (node:events:517:28)
    at addChunk (node:internal/streams/readable:368:12)
    at readableAddChunk (node:internal/streams/readable:341:9)
2026-08-11T09:20:08.138Z - [33mwarn[39m: [TransactionEventHandler]: strategyFail: commit failure for transaction "9500fb346149684609603cc4a998c9e617bbb9f28ca83e1dbfeb8f2c34919440": TransactionError: Commit of transaction 9500fb346149684609603cc4a998c9e617bbb9f28ca83e1dbfeb8f2c34919440 failed on peer peer0.financiers.example.com:7051 with status MVCC_READ_CONFLICT
    at TransactionEventHandler.eventCallback (/home/dhanish/fabric_sfc/caliper-bench/node_modules/fabric-network/lib/impl/event/transactioneventhandler.js:111:31)
    at CommitListenerSession.notifyListener (/home/dhanish/fabric_sfc/caliper-bench/node_modules/fabric-network/lib/impl/event/commitlistenersession.js:101:18)
    at EventListener.callback (/home/dhanish/fabric_sfc/caliper-bench/node_modules/fabric-network/lib/impl/event/commitlistenersession.js:92:18)
    at EventListener.onEvent (/home/dhanish/fabric_sfc/caliper-bench/node_modules/fabric-common/lib/EventListener.js:124:10)
    at EventService._callTransactionListener (/home/dhanish/fabric_sfc/caliper-bench/node_modules/fabric-common/lib/EventService.js:1051:16)
    at EventService._processTxEvents (/home/dhanish/fabric_sfc/caliper-bench/node_modules/fabric-common/lib/EventService.js:1006:12)
    at ClientDuplexStreamImpl.<anonymous> (/home/dhanish/fabric_sfc/caliper-bench/node_modules/fabric-common/lib/EventService.js:481:12)
    at ClientDuplexStreamImpl.emit (node:events:517:28)
    at addChunk (node:internal/streams/readable:368:12)
    at readableAddChunk (node:internal/streams/readable:341:9) {
  transactionId: '9500fb346149684609603cc4a998c9e617bbb9f28ca83e1dbfeb8f2c34919440',
  transactionCode: 'MVCC_READ_CONFLICT'
}
2026-08-11T09:20:08.138Z - [33mwarn[39m: [TransactionEventHandler]: strategyFail: commit failure for transaction "6495ab2fb06f6ee22e44d7f000d8c9bed78790062c463b3474796c665094d001": TransactionError: Commit of transaction 6495ab2fb06f6ee22e44d7f000d8c9bed78790062c463b3474796c665094d001 failed on peer peer0.financiers.example.com:7051 with status MVCC_READ_CONFLICT
    at TransactionEventHandler.eventCallback (/home/dhanish/fabric_sfc/caliper-bench/node_modules/fabric-network/lib/impl/event/transactioneventhandler.js:111:31)
    at CommitListenerSession.notifyListener (/home/dhanish/fabric_sfc/caliper-bench/node_modules/fabric-network/lib/impl/event/commitlistenersession.js:101:18)
    at EventListener.callback (/home/dhanish/fabric_sfc/caliper-bench/node_modules/fabric-network/lib/impl/event/commitlistenersession.js:92:18)
    at EventListener.onEvent (/home/dhanish/fabric_sfc/caliper-bench/node_modules/fabric-common/lib/EventListener.js:124:10)
    at EventService._callTransactionListener (/home/dhanish/fabric_sfc/caliper-bench/node_modules/fabric-common/lib/EventService.js:1051:16)
    at EventService._processTxEvents (/home/dhanish/fabric_sfc/caliper-bench/node_modules/fabric-common/lib/EventService.js:1006:12)
    at ClientDuplexStreamImpl.<anonymous> (/home/dhanish/fabric_sfc/caliper-bench/node_modules/fabric-common/lib/EventService.js:481:12)
    at ClientDuplexStreamImpl.emit (node:events:517:28)
    at addChunk (node:internal/streams/readable:368:12)
    at readableAddChunk (node:internal/streams/readable:341:9) {
  transactionId: '6495ab2fb06f6ee22e44d7f000d8c9bed78790062c463b3474796c665094d001',
  transactionCode: 'MVCC_READ_CONFLICT'
}
2026-08-11T09:20:08.139Z - [33mwarn[39m: [TransactionEventHandler]: strategyFail: commit failure for transaction "a31924ed9969fc3e21771571e12d39b04a69ca8399f086d98b450c59f3d6b54f": TransactionError: Commit of transaction a31924ed9969fc3e21771571e12d39b04a69ca8399f086d98b450c59f3d6b54f failed on peer peer0.financiers.example.com:7051 with status MVCC_READ_CONFLICT
    at TransactionEventHandler.eventCallback (/home/dhanish/fabric_sfc/caliper-bench/node_modules/fabric-network/lib/impl/event/transactioneventhandler.js:111:31)
    at CommitListenerSession.notifyListener (/home/dhanish/fabric_sfc/caliper-bench/node_modules/fabric-network/lib/impl/event/commitlistenersession.js:101:18)
    at EventListener.callback (/home/dhanish/fabric_sfc/caliper-bench/node_modules/fabric-network/lib/impl/event/commitlistenersession.js:92:18)
    at EventListener.onEvent (/home/dhanish/fabric_sfc/caliper-bench/node_modules/fabric-common/lib/EventListener.js:124:10)
    at EventService._callTransactionListener (/home/dhanish/fabric_sfc/caliper-bench/node_modules/fabric-common/lib/EventService.js:1051:16)
    at EventService._processTxEvents (/home/dhanish/fabric_sfc/caliper-bench/node_modules/fabric-common/lib/EventService.js:1006:12)
    at ClientDuplexStreamImpl.<anonymous> (/home/dhanish/fabric_sfc/caliper-bench/node_modules/fabric-common/lib/EventService.js:481:12)
    at ClientDuplexStreamImpl.emit (node:events:517:28)
    at addChunk (node:internal/streams/readable:368:12)
    at readableAddChunk (node:internal/streams/readable:341:9) {
  transactionId: 'a31924ed9969fc3e21771571e12d39b04a69ca8399f086d98b450c59f3d6b54f',
  transactionCode: 'MVCC_READ_CONFLICT'
}
2026.08.11-09:20:08.139[31m error[39m [caliper] [connectors/v2/FabricGateway] 	Failed to perform submit transaction [setFinancePolicyForFinancier] using arguments [,{"minAPR":0.08,"maxAPR":0.24,"baseAPR":0.14,"minTenorDays":7,"maxTenorDays":45,"tenor":21,"minLtvPct":55,"maxLtvPct":85,"ltv":72,"penaltyBasePct":0.4}],  with error: TransactionError: Commit of transaction 9500fb346149684609603cc4a998c9e617bbb9f28ca83e1dbfeb8f2c34919440 failed on peer peer0.financiers.example.com:7051 with status MVCC_READ_CONFLICT
    at TransactionEventHandler.eventCallback (/home/dhanish/fabric_sfc/caliper-bench/node_modules/fabric-network/lib/impl/event/transactioneventhandler.js:111:31)
    at CommitListenerSession.notifyListener (/home/dhanish/fabric_sfc/caliper-bench/node_modules/fabric-network/lib/impl/event/commitlistenersession.js:101:18)
    at EventListener.callback (/home/dhanish/fabric_sfc/caliper-bench/node_modules/fabric-network/lib/impl/event/commitlistenersession.js:92:18)
    at EventListener.onEvent (/home/dhanish/fabric_sfc/caliper-bench/node_modules/fabric-common/lib/EventListener.js:124:10)
    at EventService._callTransactionListener (/home/dhanish/fabric_sfc/caliper-bench/node_modules/fabric-common/lib/EventService.js:1051:16)
    at EventService._processTxEvents (/home/dhanish/fabric_sfc/caliper-bench/node_modules/fabric-common/lib/EventService.js:1006:12)
    at ClientDuplexStreamImpl.<anonymous> (/home/dhanish/fabric_sfc/caliper-bench/node_modules/fabric-common/lib/EventService.js:481:12)
    at ClientDuplexStreamImpl.emit (node:events:517:28)
    at addChunk (node:internal/streams/readable:368:12)
    at readableAddChunk (node:internal/streams/readable:341:9)
2026.08.11-09:20:08.139[31m error[39m [caliper] [connectors/v2/FabricGateway] 	Failed to perform submit transaction [setFinancePolicyForFinancier] using arguments [,{"minAPR":0.08,"maxAPR":0.24,"baseAPR":0.14,"minTenorDays":7,"maxTenorDays":45,"tenor":21,"minLtvPct":55,"maxLtvPct":85,"ltv":72,"penaltyBasePct":0.4}],  with error: TransactionError: Commit of transaction 6495ab2fb06f6ee22e44d7f000d8c9bed78790062c463b3474796c665094d001 failed on peer peer0.financiers.example.com:7051 with status MVCC_READ_CONFLICT
    at TransactionEventHandler.eventCallback (/home/dhanish/fabric_sfc/caliper-bench/node_modules/fabric-network/lib/impl/event/transactioneventhandler.js:111:31)
    at CommitListenerSession.notifyListener (/home/dhanish/fabric_sfc/caliper-bench/node_modules/fabric-network/lib/impl/event/commitlistenersession.js:101:18)
    at EventListener.callback (/home/dhanish/fabric_sfc/caliper-bench/node_modules/fabric-network/lib/impl/event/commitlistenersession.js:92:18)
    at EventListener.onEvent (/home/dhanish/fabric_sfc/caliper-bench/node_modules/fabric-common/lib/EventListener.js:124:10)
    at EventService._callTransactionListener (/home/dhanish/fabric_sfc/caliper-bench/node_modules/fabric-common/lib/EventService.js:1051:16)
    at EventService._processTxEvents (/home/dhanish/fabric_sfc/caliper-bench/node_modules/fabric-common/lib/EventService.js:1006:12)
    at ClientDuplexStreamImpl.<anonymous> (/home/dhanish/fabric_sfc/caliper-bench/node_modules/fabric-common/lib/EventService.js:481:12)
    at ClientDuplexStreamImpl.emit (node:events:517:28)
    at addChunk (node:internal/streams/readable:368:12)
    at readableAddChunk (node:internal/streams/readable:341:9)
2026.08.11-09:20:08.139[31m error[39m [caliper] [connectors/v2/FabricGateway] 	Failed to perform submit transaction [setFinancePolicyForFinancier] using arguments [,{"minAPR":0.08,"maxAPR":0.24,"baseAPR":0.14,"minTenorDays":7,"maxTenorDays":45,"tenor":21,"minLtvPct":55,"maxLtvPct":85,"ltv":72,"penaltyBasePct":0.4}],  with error: TransactionError: Commit of transaction a31924ed9969fc3e21771571e12d39b04a69ca8399f086d98b450c59f3d6b54f failed on peer peer0.financiers.example.com:7051 with status MVCC_READ_CONFLICT
    at TransactionEventHandler.eventCallback (/home/dhanish/fabric_sfc/caliper-bench/node_modules/fabric-network/lib/impl/event/transactioneventhandler.js:111:31)
    at CommitListenerSession.notifyListener (/home/dhanish/fabric_sfc/caliper-bench/node_modules/fabric-network/lib/impl/event/commitlistenersession.js:101:18)
    at EventListener.callback (/home/dhanish/fabric_sfc/caliper-bench/node_modules/fabric-network/lib/impl/event/commitlistenersession.js:92:18)
    at EventListener.onEvent (/home/dhanish/fabric_sfc/caliper-bench/node_modules/fabric-common/lib/EventListener.js:124:10)
    at EventService._callTransactionListener (/home/dhanish/fabric_sfc/caliper-bench/node_modules/fabric-common/lib/EventService.js:1051:16)
    at EventService._processTxEvents (/home/dhanish/fabric_sfc/caliper-bench/node_modules/fabric-common/lib/EventService.js:1006:12)
    at ClientDuplexStreamImpl.<anonymous> (/home/dhanish/fabric_sfc/caliper-bench/node_modules/fabric-common/lib/EventService.js:481:12)
    at ClientDuplexStreamImpl.emit (node:events:517:28)
    at addChunk (node:internal/streams/readable:368:12)
    at readableAddChunk (node:internal/streams/readable:341:9)
2026-08-11T09:20:08.167Z - [33mwarn[39m: [TransactionEventHandler]: strategyFail: commit failure for transaction "57c848191ec81321a51afb8a5993e24ee1fc51565cacc8016236eaeb203361b8": TransactionError: Commit of transaction 57c848191ec81321a51afb8a5993e24ee1fc51565cacc8016236eaeb203361b8 failed on peer peer0.financiers.example.com:7051 with status MVCC_READ_CONFLICT
    at TransactionEventHandler.eventCallback (/home/dhanish/fabric_sfc/caliper-bench/node_modules/fabric-network/lib/impl/event/transactioneventhandler.js:111:31)
    at CommitListenerSession.notifyListener (/home/dhanish/fabric_sfc/caliper-bench/node_modules/fabric-network/lib/impl/event/commitlistenersession.js:101:18)
    at EventListener.callback (/home/dhanish/fabric_sfc/caliper-bench/node_modules/fabric-network/lib/impl/event/commitlistenersession.js:92:18)
    at EventListener.onEvent (/home/dhanish/fabric_sfc/caliper-bench/node_modules/fabric-common/lib/EventListener.js:124:10)
    at EventService._callTransactionListener (/home/dhanish/fabric_sfc/caliper-bench/node_modules/fabric-common/lib/EventService.js:1051:16)
    at EventService._processTxEvents (/home/dhanish/fabric_sfc/caliper-bench/node_modules/fabric-common/lib/EventService.js:1006:12)
    at ClientDuplexStreamImpl.<anonymous> (/home/dhanish/fabric_sfc/caliper-bench/node_modules/fabric-common/lib/EventService.js:481:12)
    at ClientDuplexStreamImpl.emit (node:events:517:28)
    at addChunk (node:internal/streams/readable:368:12)
    at readableAddChunk (node:internal/streams/readable:341:9) {
  transactionId: '57c848191ec81321a51afb8a5993e24ee1fc51565cacc8016236eaeb203361b8',
  transactionCode: 'MVCC_READ_CONFLICT'
}
2026-08-11T09:20:08.168Z - [33mwarn[39m: [TransactionEventHandler]: strategyFail: commit failure for transaction "869b41ee4e75467cfdee0efb5eddb5ac863934512d3c8f2eb4d35e1a43b9190c": TransactionError: Commit of transaction 869b41ee4e75467cfdee0efb5eddb5ac863934512d3c8f2eb4d35e1a43b9190c failed on peer peer0.financiers.example.com:7051 with status MVCC_READ_CONFLICT
    at TransactionEventHandler.eventCallback (/home/dhanish/fabric_sfc/caliper-bench/node_modules/fabric-network/lib/impl/event/transactioneventhandler.js:111:31)
    at CommitListenerSession.notifyListener (/home/dhanish/fabric_sfc/caliper-bench/node_modules/fabric-network/lib/impl/event/commitlistenersession.js:101:18)
    at EventListener.callback (/home/dhanish/fabric_sfc/caliper-bench/node_modules/fabric-network/lib/impl/event/commitlistenersession.js:92:18)
    at EventListener.onEvent (/home/dhanish/fabric_sfc/caliper-bench/node_modules/fabric-common/lib/EventListener.js:124:10)
    at EventService._callTransactionListener (/home/dhanish/fabric_sfc/caliper-bench/node_modules/fabric-common/lib/EventService.js:1051:16)
    at EventService._processTxEvents (/home/dhanish/fabric_sfc/caliper-bench/node_modules/fabric-common/lib/EventService.js:1006:12)
    at ClientDuplexStreamImpl.<anonymous> (/home/dhanish/fabric_sfc/caliper-bench/node_modules/fabric-common/lib/EventService.js:481:12)
    at ClientDuplexStreamImpl.emit (node:events:517:28)
    at addChunk (node:internal/streams/readable:368:12)
    at readableAddChunk (node:internal/streams/readable:341:9) {
  transactionId: '869b41ee4e75467cfdee0efb5eddb5ac863934512d3c8f2eb4d35e1a43b9190c',
  transactionCode: 'MVCC_READ_CONFLICT'
}
2026.08.11-09:20:08.169[31m error[39m [caliper] [connectors/v2/FabricGateway] 	Failed to perform submit transaction [setFinancePolicyForFinancier] using arguments [,{"minAPR":0.08,"maxAPR":0.24,"baseAPR":0.14,"minTenorDays":7,"maxTenorDays":45,"tenor":21,"minLtvPct":55,"maxLtvPct":85,"ltv":72,"penaltyBasePct":0.4}],  with error: TransactionError: Commit of transaction 57c848191ec81321a51afb8a5993e24ee1fc51565cacc8016236eaeb203361b8 failed on peer peer0.financiers.example.com:7051 with status MVCC_READ_CONFLICT
    at TransactionEventHandler.eventCallback (/home/dhanish/fabric_sfc/caliper-bench/node_modules/fabric-network/lib/impl/event/transactioneventhandler.js:111:31)
    at CommitListenerSession.notifyListener (/home/dhanish/fabric_sfc/caliper-bench/node_modules/fabric-network/lib/impl/event/commitlistenersession.js:101:18)
    at EventListener.callback (/home/dhanish/fabric_sfc/caliper-bench/node_modules/fabric-network/lib/impl/event/commitlistenersession.js:92:18)
    at EventListener.onEvent (/home/dhanish/fabric_sfc/caliper-bench/node_modules/fabric-common/lib/EventListener.js:124:10)
    at EventService._callTransactionListener (/home/dhanish/fabric_sfc/caliper-bench/node_modules/fabric-common/lib/EventService.js:1051:16)
    at EventService._processTxEvents (/home/dhanish/fabric_sfc/caliper-bench/node_modules/fabric-common/lib/EventService.js:1006:12)
    at ClientDuplexStreamImpl.<anonymous> (/home/dhanish/fabric_sfc/caliper-bench/node_modules/fabric-common/lib/EventService.js:481:12)
    at ClientDuplexStreamImpl.emit (node:events:517:28)
    at addChunk (node:internal/streams/readable:368:12)
    at readableAddChunk (node:internal/streams/readable:341:9)
2026.08.11-09:20:08.169[31m error[39m [caliper] [connectors/v2/FabricGateway] 	Failed to perform submit transaction [setFinancePolicyForFinancier] using arguments [,{"minAPR":0.08,"maxAPR":0.24,"baseAPR":0.14,"minTenorDays":7,"maxTenorDays":45,"tenor":21,"minLtvPct":55,"maxLtvPct":85,"ltv":72,"penaltyBasePct":0.4}],  with error: TransactionError: Commit of transaction 869b41ee4e75467cfdee0efb5eddb5ac863934512d3c8f2eb4d35e1a43b9190c failed on peer peer0.financiers.example.com:7051 with status MVCC_READ_CONFLICT
    at TransactionEventHandler.eventCallback (/home/dhanish/fabric_sfc/caliper-bench/node_modules/fabric-network/lib/impl/event/transactioneventhandler.js:111:31)
    at CommitListenerSession.notifyListener (/home/dhanish/fabric_sfc/caliper-bench/node_modules/fabric-network/lib/impl/event/commitlistenersession.js:101:18)
    at EventListener.callback (/home/dhanish/fabric_sfc/caliper-bench/node_modules/fabric-network/lib/impl/event/commitlistenersession.js:92:18)
    at EventListener.onEvent (/home/dhanish/fabric_sfc/caliper-bench/node_modules/fabric-common/lib/EventListener.js:124:10)
    at EventService._callTransactionListener (/home/dhanish/fabric_sfc/caliper-bench/node_modules/fabric-common/lib/EventService.js:1051:16)
    at EventService._processTxEvents (/home/dhanish/fabric_sfc/caliper-bench/node_modules/fabric-common/lib/EventService.js:1006:12)
    at ClientDuplexStreamImpl.<anonymous> (/home/dhanish/fabric_sfc/caliper-bench/node_modules/fabric-common/lib/EventService.js:481:12)
    at ClientDuplexStreamImpl.emit (node:events:517:28)
    at addChunk (node:internal/streams/readable:368:12)
    at readableAddChunk (node:internal/streams/readable:341:9)
2026-08-11T09:20:08.169Z - [33mwarn[39m: [TransactionEventHandler]: strategyFail: commit failure for transaction "3b60b250a6ce7f2608861485bda8e2da4eea045e928c6e1ec32b8ba492407bd5": TransactionError: Commit of transaction 3b60b250a6ce7f2608861485bda8e2da4eea045e928c6e1ec32b8ba492407bd5 failed on peer peer0.financiers.example.com:7051 with status MVCC_READ_CONFLICT
    at TransactionEventHandler.eventCallback (/home/dhanish/fabric_sfc/caliper-bench/node_modules/fabric-network/lib/impl/event/transactioneventhandler.js:111:31)
    at CommitListenerSession.notifyListener (/home/dhanish/fabric_sfc/caliper-bench/node_modules/fabric-network/lib/impl/event/commitlistenersession.js:101:18)
    at EventListener.callback (/home/dhanish/fabric_sfc/caliper-bench/node_modules/fabric-network/lib/impl/event/commitlistenersession.js:92:18)
    at EventListener.onEvent (/home/dhanish/fabric_sfc/caliper-bench/node_modules/fabric-common/lib/EventListener.js:124:10)
    at EventService._callTransactionListener (/home/dhanish/fabric_sfc/caliper-bench/node_modules/fabric-common/lib/EventService.js:1051:16)
    at EventService._processTxEvents (/home/dhanish/fabric_sfc/caliper-bench/node_modules/fabric-common/lib/EventService.js:1006:12)
    at ClientDuplexStreamImpl.<anonymous> (/home/dhanish/fabric_sfc/caliper-bench/node_modules/fabric-common/lib/EventService.js:481:12)
    at ClientDuplexStreamImpl.emit (node:events:517:28)
    at addChunk (node:internal/streams/readable:368:12)
    at readableAddChunk (node:internal/streams/readable:341:9) {
  transactionId: '3b60b250a6ce7f2608861485bda8e2da4eea045e928c6e1ec32b8ba492407bd5',
  transactionCode: 'MVCC_READ_CONFLICT'
}
2026.08.11-09:20:08.170[31m error[39m [caliper] [connectors/v2/FabricGateway] 	Failed to perform submit transaction [setFinancePolicyForFinancier] using arguments [,{"minAPR":0.08,"maxAPR":0.24,"baseAPR":0.14,"minTenorDays":7,"maxTenorDays":45,"tenor":21,"minLtvPct":55,"maxLtvPct":85,"ltv":72,"penaltyBasePct":0.4}],  with error: TransactionError: Commit of transaction 3b60b250a6ce7f2608861485bda8e2da4eea045e928c6e1ec32b8ba492407bd5 failed on peer peer0.financiers.example.com:7051 with status MVCC_READ_CONFLICT
    at TransactionEventHandler.eventCallback (/home/dhanish/fabric_sfc/caliper-bench/node_modules/fabric-network/lib/impl/event/transactioneventhandler.js:111:31)
    at CommitListenerSession.notifyListener (/home/dhanish/fabric_sfc/caliper-bench/node_modules/fabric-network/lib/impl/event/commitlistenersession.js:101:18)
    at EventListener.callback (/home/dhanish/fabric_sfc/caliper-bench/node_modules/fabric-network/lib/impl/event/commitlistenersession.js:92:18)
    at EventListener.onEvent (/home/dhanish/fabric_sfc/caliper-bench/node_modules/fabric-common/lib/EventListener.js:124:10)
    at EventService._callTransactionListener (/home/dhanish/fabric_sfc/caliper-bench/node_modules/fabric-common/lib/EventService.js:1051:16)
    at EventService._processTxEvents (/home/dhanish/fabric_sfc/caliper-bench/node_modules/fabric-common/lib/EventService.js:1006:12)
    at ClientDuplexStreamImpl.<anonymous> (/home/dhanish/fabric_sfc/caliper-bench/node_modules/fabric-common/lib/EventService.js:481:12)
    at ClientDuplexStreamImpl.emit (node:events:517:28)
    at addChunk (node:internal/streams/readable:368:12)
    at readableAddChunk (node:internal/streams/readable:341:9)
2026-08-11T09:20:08.172Z - [33mwarn[39m: [TransactionEventHandler]: strategyFail: commit failure for transaction "64723fa488f6e9610f436acd42c6b9c690bfc972c88b6a220aa42850fe48ca02": TransactionError: Commit of transaction 64723fa488f6e9610f436acd42c6b9c690bfc972c88b6a220aa42850fe48ca02 failed on peer peer0.financiers.example.com:7051 with status MVCC_READ_CONFLICT
    at TransactionEventHandler.eventCallback (/home/dhanish/fabric_sfc/caliper-bench/node_modules/fabric-network/lib/impl/event/transactioneventhandler.js:111:31)
    at CommitListenerSession.notifyListener (/home/dhanish/fabric_sfc/caliper-bench/node_modules/fabric-network/lib/impl/event/commitlistenersession.js:101:18)
    at EventListener.callback (/home/dhanish/fabric_sfc/caliper-bench/node_modules/fabric-network/lib/impl/event/commitlistenersession.js:92:18)
    at EventListener.onEvent (/home/dhanish/fabric_sfc/caliper-bench/node_modules/fabric-common/lib/EventListener.js:124:10)
    at EventService._callTransactionListener (/home/dhanish/fabric_sfc/caliper-bench/node_modules/fabric-common/lib/EventService.js:1051:16)
    at EventService._processTxEvents (/home/dhanish/fabric_sfc/caliper-bench/node_modules/fabric-common/lib/EventService.js:1006:12)
    at ClientDuplexStreamImpl.<anonymous> (/home/dhanish/fabric_sfc/caliper-bench/node_modules/fabric-common/lib/EventService.js:481:12)
    at ClientDuplexStreamImpl.emit (node:events:517:28)
    at addChunk (node:internal/streams/readable:368:12)
    at readableAddChunk (node:internal/streams/readable:341:9) {
  transactionId: '64723fa488f6e9610f436acd42c6b9c690bfc972c88b6a220aa42850fe48ca02',
  transactionCode: 'MVCC_READ_CONFLICT'
}
2026-08-11T09:20:08.173Z - [33mwarn[39m: [TransactionEventHandler]: strategyFail: commit failure for transaction "c314e9a3b1b8b42670cd01a1fddd91fd148bfdfc81699f29899c5f4b7675e3d7": TransactionError: Commit of transaction c314e9a3b1b8b42670cd01a1fddd91fd148bfdfc81699f29899c5f4b7675e3d7 failed on peer peer0.financiers.example.com:7051 with status MVCC_READ_CONFLICT
    at TransactionEventHandler.eventCallback (/home/dhanish/fabric_sfc/caliper-bench/node_modules/fabric-network/lib/impl/event/transactioneventhandler.js:111:31)
    at CommitListenerSession.notifyListener (/home/dhanish/fabric_sfc/caliper-bench/node_modules/fabric-network/lib/impl/event/commitlistenersession.js:101:18)
    at EventListener.callback (/home/dhanish/fabric_sfc/caliper-bench/node_modules/fabric-network/lib/impl/event/commitlistenersession.js:92:18)
    at EventListener.onEvent (/home/dhanish/fabric_sfc/caliper-bench/node_modules/fabric-common/lib/EventListener.js:124:10)
    at EventService._callTransactionListener (/home/dhanish/fabric_sfc/caliper-bench/node_modules/fabric-common/lib/EventService.js:1051:16)
    at EventService._processTxEvents (/home/dhanish/fabric_sfc/caliper-bench/node_modules/fabric-common/lib/EventService.js:1006:12)
    at ClientDuplexStreamImpl.<anonymous> (/home/dhanish/fabric_sfc/caliper-bench/node_modules/fabric-common/lib/EventService.js:481:12)
    at ClientDuplexStreamImpl.emit (node:events:517:28)
    at addChunk (node:internal/streams/readable:368:12)
    at readableAddChunk (node:internal/streams/readable:341:9) {
  transactionId: 'c314e9a3b1b8b42670cd01a1fddd91fd148bfdfc81699f29899c5f4b7675e3d7',
  transactionCode: 'MVCC_READ_CONFLICT'
}
2026.08.11-09:20:08.174[31m error[39m [caliper] [connectors/v2/FabricGateway] 	Failed to perform submit transaction [setFinancePolicyForFinancier] using arguments [,{"minAPR":0.08,"maxAPR":0.24,"baseAPR":0.14,"minTenorDays":7,"maxTenorDays":45,"tenor":21,"minLtvPct":55,"maxLtvPct":85,"ltv":72,"penaltyBasePct":0.4}],  with error: TransactionError: Commit of transaction 64723fa488f6e9610f436acd42c6b9c690bfc972c88b6a220aa42850fe48ca02 failed on peer peer0.financiers.example.com:7051 with status MVCC_READ_CONFLICT
    at TransactionEventHandler.eventCallback (/home/dhanish/fabric_sfc/caliper-bench/node_modules/fabric-network/lib/impl/event/transactioneventhandler.js:111:31)
    at CommitListenerSession.notifyListener (/home/dhanish/fabric_sfc/caliper-bench/node_modules/fabric-network/lib/impl/event/commitlistenersession.js:101:18)
    at EventListener.callback (/home/dhanish/fabric_sfc/caliper-bench/node_modules/fabric-network/lib/impl/event/commitlistenersession.js:92:18)
    at EventListener.onEvent (/home/dhanish/fabric_sfc/caliper-bench/node_modules/fabric-common/lib/EventListener.js:124:10)
    at EventService._callTransactionListener (/home/dhanish/fabric_sfc/caliper-bench/node_modules/fabric-common/lib/EventService.js:1051:16)
    at EventService._processTxEvents (/home/dhanish/fabric_sfc/caliper-bench/node_modules/fabric-common/lib/EventService.js:1006:12)
    at ClientDuplexStreamImpl.<anonymous> (/home/dhanish/fabric_sfc/caliper-bench/node_modules/fabric-common/lib/EventService.js:481:12)
    at ClientDuplexStreamImpl.emit (node:events:517:28)
    at addChunk (node:internal/streams/readable:368:12)
    at readableAddChunk (node:internal/streams/readable:341:9)
2026.08.11-09:20:08.174[31m error[39m [caliper] [connectors/v2/FabricGateway] 	Failed to perform submit transaction [setFinancePolicyForFinancier] using arguments [,{"minAPR":0.08,"maxAPR":0.24,"baseAPR":0.14,"minTenorDays":7,"maxTenorDays":45,"tenor":21,"minLtvPct":55,"maxLtvPct":85,"ltv":72,"penaltyBasePct":0.4}],  with error: TransactionError: Commit of transaction c314e9a3b1b8b42670cd01a1fddd91fd148bfdfc81699f29899c5f4b7675e3d7 failed on peer peer0.financiers.example.com:7051 with status MVCC_READ_CONFLICT
    at TransactionEventHandler.eventCallback (/home/dhanish/fabric_sfc/caliper-bench/node_modules/fabric-network/lib/impl/event/transactioneventhandler.js:111:31)
    at CommitListenerSession.notifyListener (/home/dhanish/fabric_sfc/caliper-bench/node_modules/fabric-network/lib/impl/event/commitlistenersession.js:101:18)
    at EventListener.callback (/home/dhanish/fabric_sfc/caliper-bench/node_modules/fabric-network/lib/impl/event/commitlistenersession.js:92:18)
    at EventListener.onEvent (/home/dhanish/fabric_sfc/caliper-bench/node_modules/fabric-common/lib/EventListener.js:124:10)
    at EventService._callTransactionListener (/home/dhanish/fabric_sfc/caliper-bench/node_modules/fabric-common/lib/EventService.js:1051:16)
    at EventService._processTxEvents (/home/dhanish/fabric_sfc/caliper-bench/node_modules/fabric-common/lib/EventService.js:1006:12)
    at ClientDuplexStreamImpl.<anonymous> (/home/dhanish/fabric_sfc/caliper-bench/node_modules/fabric-common/lib/EventService.js:481:12)
    at ClientDuplexStreamImpl.emit (node:events:517:28)
    at addChunk (node:internal/streams/readable:368:12)
    at readableAddChunk (node:internal/streams/readable:341:9)
2026-08-11T09:20:08.174Z - [33mwarn[39m: [TransactionEventHandler]: strategyFail: commit failure for transaction "4719ecbd65ff5d8bb16cbac0e93ad3c8928d487e67f9c80eb81579c15ccca27d": TransactionError: Commit of transaction 4719ecbd65ff5d8bb16cbac0e93ad3c8928d487e67f9c80eb81579c15ccca27d failed on peer peer0.financiers.example.com:7051 with status MVCC_READ_CONFLICT
    at TransactionEventHandler.eventCallback (/home/dhanish/fabric_sfc/caliper-bench/node_modules/fabric-network/lib/impl/event/transactioneventhandler.js:111:31)
    at CommitListenerSession.notifyListener (/home/dhanish/fabric_sfc/caliper-bench/node_modules/fabric-network/lib/impl/event/commitlistenersession.js:101:18)
    at EventListener.callback (/home/dhanish/fabric_sfc/caliper-bench/node_modules/fabric-network/lib/impl/event/commitlistenersession.js:92:18)
    at EventListener.onEvent (/home/dhanish/fabric_sfc/caliper-bench/node_modules/fabric-common/lib/EventListener.js:124:10)
    at EventService._callTransactionListener (/home/dhanish/fabric_sfc/caliper-bench/node_modules/fabric-common/lib/EventService.js:1051:16)
    at EventService._processTxEvents (/home/dhanish/fabric_sfc/caliper-bench/node_modules/fabric-common/lib/EventService.js:1006:12)
    at ClientDuplexStreamImpl.<anonymous> (/home/dhanish/fabric_sfc/caliper-bench/node_modules/fabric-common/lib/EventService.js:481:12)
    at ClientDuplexStreamImpl.emit (node:events:517:28)
    at addChunk (node:internal/streams/readable:368:12)
    at readableAddChunk (node:internal/streams/readable:341:9) {
  transactionId: '4719ecbd65ff5d8bb16cbac0e93ad3c8928d487e67f9c80eb81579c15ccca27d',
  transactionCode: 'MVCC_READ_CONFLICT'
}
2026-08-11T09:20:08.175Z - [33mwarn[39m: [TransactionEventHandler]: strategyFail: commit failure for transaction "14547ce7a95c95331e952f76d200d8624f29aabb87bd047e7f5fbfb8d7a2f485": TransactionError: Commit of transaction 14547ce7a95c95331e952f76d200d8624f29aabb87bd047e7f5fbfb8d7a2f485 failed on peer peer0.financiers.example.com:7051 with status MVCC_READ_CONFLICT
    at TransactionEventHandler.eventCallback (/home/dhanish/fabric_sfc/caliper-bench/node_modules/fabric-network/lib/impl/event/transactioneventhandler.js:111:31)
    at CommitListenerSession.notifyListener (/home/dhanish/fabric_sfc/caliper-bench/node_modules/fabric-network/lib/impl/event/commitlistenersession.js:101:18)
    at EventListener.callback (/home/dhanish/fabric_sfc/caliper-bench/node_modules/fabric-network/lib/impl/event/commitlistenersession.js:92:18)
    at EventListener.onEvent (/home/dhanish/fabric_sfc/caliper-bench/node_modules/fabric-common/lib/EventListener.js:124:10)
    at EventService._callTransactionListener (/home/dhanish/fabric_sfc/caliper-bench/node_modules/fabric-common/lib/EventService.js:1051:16)
    at EventService._processTxEvents (/home/dhanish/fabric_sfc/caliper-bench/node_modules/fabric-common/lib/EventService.js:1006:12)
    at ClientDuplexStreamImpl.<anonymous> (/home/dhanish/fabric_sfc/caliper-bench/node_modules/fabric-common/lib/EventService.js:481:12)
    at ClientDuplexStreamImpl.emit (node:events:517:28)
    at addChunk (node:internal/streams/readable:368:12)
    at readableAddChunk (node:internal/streams/readable:341:9) {
  transactionId: '14547ce7a95c95331e952f76d200d8624f29aabb87bd047e7f5fbfb8d7a2f485',
  transactionCode: 'MVCC_READ_CONFLICT'
}
2026.08.11-09:20:08.175[31m error[39m [caliper] [connectors/v2/FabricGateway] 	Failed to perform submit transaction [setFinancePolicyForFinancier] using arguments [,{"minAPR":0.08,"maxAPR":0.24,"baseAPR":0.14,"minTenorDays":7,"maxTenorDays":45,"tenor":21,"minLtvPct":55,"maxLtvPct":85,"ltv":72,"penaltyBasePct":0.4}],  with error: TransactionError: Commit of transaction 4719ecbd65ff5d8bb16cbac0e93ad3c8928d487e67f9c80eb81579c15ccca27d failed on peer peer0.financiers.example.com:7051 with status MVCC_READ_CONFLICT
    at TransactionEventHandler.eventCallback (/home/dhanish/fabric_sfc/caliper-bench/node_modules/fabric-network/lib/impl/event/transactioneventhandler.js:111:31)
    at CommitListenerSession.notifyListener (/home/dhanish/fabric_sfc/caliper-bench/node_modules/fabric-network/lib/impl/event/commitlistenersession.js:101:18)
    at EventListener.callback (/home/dhanish/fabric_sfc/caliper-bench/node_modules/fabric-network/lib/impl/event/commitlistenersession.js:92:18)
    at EventListener.onEvent (/home/dhanish/fabric_sfc/caliper-bench/node_modules/fabric-common/lib/EventListener.js:124:10)
    at EventService._callTransactionListener (/home/dhanish/fabric_sfc/caliper-bench/node_modules/fabric-common/lib/EventService.js:1051:16)
    at EventService._processTxEvents (/home/dhanish/fabric_sfc/caliper-bench/node_modules/fabric-common/lib/EventService.js:1006:12)
    at ClientDuplexStreamImpl.<anonymous> (/home/dhanish/fabric_sfc/caliper-bench/node_modules/fabric-common/lib/EventService.js:481:12)
    at ClientDuplexStreamImpl.emit (node:events:517:28)
    at addChunk (node:internal/streams/readable:368:12)
    at readableAddChunk (node:internal/streams/readable:341:9)
2026.08.11-09:20:08.175[31m error[39m [caliper] [connectors/v2/FabricGateway] 	Failed to perform submit transaction [setFinancePolicyForFinancier] using arguments [,{"minAPR":0.08,"maxAPR":0.24,"baseAPR":0.14,"minTenorDays":7,"maxTenorDays":45,"tenor":21,"minLtvPct":55,"maxLtvPct":85,"ltv":72,"penaltyBasePct":0.4}],  with error: TransactionError: Commit of transaction 14547ce7a95c95331e952f76d200d8624f29aabb87bd047e7f5fbfb8d7a2f485 failed on peer peer0.financiers.example.com:7051 with status MVCC_READ_CONFLICT
    at TransactionEventHandler.eventCallback (/home/dhanish/fabric_sfc/caliper-bench/node_modules/fabric-network/lib/impl/event/transactioneventhandler.js:111:31)
    at CommitListenerSession.notifyListener (/home/dhanish/fabric_sfc/caliper-bench/node_modules/fabric-network/lib/impl/event/commitlistenersession.js:101:18)
    at EventListener.callback (/home/dhanish/fabric_sfc/caliper-bench/node_modules/fabric-network/lib/impl/event/commitlistenersession.js:92:18)
    at EventListener.onEvent (/home/dhanish/fabric_sfc/caliper-bench/node_modules/fabric-common/lib/EventListener.js:124:10)
    at EventService._callTransactionListener (/home/dhanish/fabric_sfc/caliper-bench/node_modules/fabric-common/lib/EventService.js:1051:16)
    at EventService._processTxEvents (/home/dhanish/fabric_sfc/caliper-bench/node_modules/fabric-common/lib/EventService.js:1006:12)
    at ClientDuplexStreamImpl.<anonymous> (/home/dhanish/fabric_sfc/caliper-bench/node_modules/fabric-common/lib/EventService.js:481:12)
    at ClientDuplexStreamImpl.emit (node:events:517:28)
    at addChunk (node:internal/streams/readable:368:12)
    at readableAddChunk (node:internal/streams/readable:341:9)
2026-08-11T09:20:08.176Z - [33mwarn[39m: [TransactionEventHandler]: strategyFail: commit failure for transaction "1198a0cfb49c82d2f93eb8f239eb3beb3cead992e55fbca758b0a0c9f35a6b4c": TransactionError: Commit of transaction 1198a0cfb49c82d2f93eb8f239eb3beb3cead992e55fbca758b0a0c9f35a6b4c failed on peer peer0.financiers.example.com:7051 with status MVCC_READ_CONFLICT
    at TransactionEventHandler.eventCallback (/home/dhanish/fabric_sfc/caliper-bench/node_modules/fabric-network/lib/impl/event/transactioneventhandler.js:111:31)
    at CommitListenerSession.notifyListener (/home/dhanish/fabric_sfc/caliper-bench/node_modules/fabric-network/lib/impl/event/commitlistenersession.js:101:18)
    at EventListener.callback (/home/dhanish/fabric_sfc/caliper-bench/node_modules/fabric-network/lib/impl/event/commitlistenersession.js:92:18)
    at EventListener.onEvent (/home/dhanish/fabric_sfc/caliper-bench/node_modules/fabric-common/lib/EventListener.js:124:10)
    at EventService._callTransactionListener (/home/dhanish/fabric_sfc/caliper-bench/node_modules/fabric-common/lib/EventService.js:1051:16)
    at EventService._processTxEvents (/home/dhanish/fabric_sfc/caliper-bench/node_modules/fabric-common/lib/EventService.js:1006:12)
    at ClientDuplexStreamImpl.<anonymous> (/home/dhanish/fabric_sfc/caliper-bench/node_modules/fabric-common/lib/EventService.js:481:12)
    at ClientDuplexStreamImpl.emit (node:events:517:28)
    at addChunk (node:internal/streams/readable:368:12)
    at readableAddChunk (node:internal/streams/readable:341:9) {
  transactionId: '1198a0cfb49c82d2f93eb8f239eb3beb3cead992e55fbca758b0a0c9f35a6b4c',
  transactionCode: 'MVCC_READ_CONFLICT'
}
2026.08.11-09:20:08.177[31m error[39m [caliper] [connectors/v2/FabricGateway] 	Failed to perform submit transaction [setFinancePolicyForFinancier] using arguments [,{"minAPR":0.08,"maxAPR":0.24,"baseAPR":0.14,"minTenorDays":7,"maxTenorDays":45,"tenor":21,"minLtvPct":55,"maxLtvPct":85,"ltv":72,"penaltyBasePct":0.4}],  with error: TransactionError: Commit of transaction 1198a0cfb49c82d2f93eb8f239eb3beb3cead992e55fbca758b0a0c9f35a6b4c failed on peer peer0.financiers.example.com:7051 with status MVCC_READ_CONFLICT
    at TransactionEventHandler.eventCallback (/home/dhanish/fabric_sfc/caliper-bench/node_modules/fabric-network/lib/impl/event/transactioneventhandler.js:111:31)
    at CommitListenerSession.notifyListener (/home/dhanish/fabric_sfc/caliper-bench/node_modules/fabric-network/lib/impl/event/commitlistenersession.js:101:18)
    at EventListener.callback (/home/dhanish/fabric_sfc/caliper-bench/node_modules/fabric-network/lib/impl/event/commitlistenersession.js:92:18)
    at EventListener.onEvent (/home/dhanish/fabric_sfc/caliper-bench/node_modules/fabric-common/lib/EventListener.js:124:10)
    at EventService._callTransactionListener (/home/dhanish/fabric_sfc/caliper-bench/node_modules/fabric-common/lib/EventService.js:1051:16)
    at EventService._processTxEvents (/home/dhanish/fabric_sfc/caliper-bench/node_modules/fabric-common/lib/EventService.js:1006:12)
    at ClientDuplexStreamImpl.<anonymous> (/home/dhanish/fabric_sfc/caliper-bench/node_modules/fabric-common/lib/EventService.js:481:12)
    at ClientDuplexStreamImpl.emit (node:events:517:28)
    at addChunk (node:internal/streams/readable:368:12)
    at readableAddChunk (node:internal/streams/readable:341:9)
2026-08-11T09:20:08.201Z - [33mwarn[39m: [TransactionEventHandler]: strategyFail: commit failure for transaction "d9680e13bf3e6757b1296c00ecc10491923547c1371b42f14b60a870b2e24582": TransactionError: Commit of transaction d9680e13bf3e6757b1296c00ecc10491923547c1371b42f14b60a870b2e24582 failed on peer peer0.financiers.example.com:7051 with status MVCC_READ_CONFLICT
    at TransactionEventHandler.eventCallback (/home/dhanish/fabric_sfc/caliper-bench/node_modules/fabric-network/lib/impl/event/transactioneventhandler.js:111:31)
    at CommitListenerSession.notifyListener (/home/dhanish/fabric_sfc/caliper-bench/node_modules/fabric-network/lib/impl/event/commitlistenersession.js:101:18)
    at EventListener.callback (/home/dhanish/fabric_sfc/caliper-bench/node_modules/fabric-network/lib/impl/event/commitlistenersession.js:92:18)
    at EventListener.onEvent (/home/dhanish/fabric_sfc/caliper-bench/node_modules/fabric-common/lib/EventListener.js:124:10)
    at EventService._callTransactionListener (/home/dhanish/fabric_sfc/caliper-bench/node_modules/fabric-common/lib/EventService.js:1051:16)
    at EventService._processTxEvents (/home/dhanish/fabric_sfc/caliper-bench/node_modules/fabric-common/lib/EventService.js:1006:12)
    at ClientDuplexStreamImpl.<anonymous> (/home/dhanish/fabric_sfc/caliper-bench/node_modules/fabric-common/lib/EventService.js:481:12)
    at ClientDuplexStreamImpl.emit (node:events:517:28)
    at addChunk (node:internal/streams/readable:368:12)
    at readableAddChunk (node:internal/streams/readable:341:9) {
  transactionId: 'd9680e13bf3e6757b1296c00ecc10491923547c1371b42f14b60a870b2e24582',
  transactionCode: 'MVCC_READ_CONFLICT'
}
2026-08-11T09:20:08.201Z - [33mwarn[39m: [TransactionEventHandler]: strategyFail: commit failure for transaction "bec78d441ded8a0bf3a3a3ba58e4bad2a28e955d756dcb5924f86c3ba2b4ef6a": TransactionError: Commit of transaction bec78d441ded8a0bf3a3a3ba58e4bad2a28e955d756dcb5924f86c3ba2b4ef6a failed on peer peer0.financiers.example.com:7051 with status MVCC_READ_CONFLICT
    at TransactionEventHandler.eventCallback (/home/dhanish/fabric_sfc/caliper-bench/node_modules/fabric-network/lib/impl/event/transactioneventhandler.js:111:31)
    at CommitListenerSession.notifyListener (/home/dhanish/fabric_sfc/caliper-bench/node_modules/fabric-network/lib/impl/event/commitlistenersession.js:101:18)
    at EventListener.callback (/home/dhanish/fabric_sfc/caliper-bench/node_modules/fabric-network/lib/impl/event/commitlistenersession.js:92:18)
    at EventListener.onEvent (/home/dhanish/fabric_sfc/caliper-bench/node_modules/fabric-common/lib/EventListener.js:124:10)
    at EventService._callTransactionListener (/home/dhanish/fabric_sfc/caliper-bench/node_modules/fabric-common/lib/EventService.js:1051:16)
    at EventService._processTxEvents (/home/dhanish/fabric_sfc/caliper-bench/node_modules/fabric-common/lib/EventService.js:1006:12)
    at ClientDuplexStreamImpl.<anonymous> (/home/dhanish/fabric_sfc/caliper-bench/node_modules/fabric-common/lib/EventService.js:481:12)
    at ClientDuplexStreamImpl.emit (node:events:517:28)
    at addChunk (node:internal/streams/readable:368:12)
    at readableAddChunk (node:internal/streams/readable:341:9) {
  transactionId: 'bec78d441ded8a0bf3a3a3ba58e4bad2a28e955d756dcb5924f86c3ba2b4ef6a',
  transactionCode: 'MVCC_READ_CONFLICT'
}
2026-08-11T09:20:08.202Z - [33mwarn[39m: [TransactionEventHandler]: strategyFail: commit failure for transaction "1ce51a660c2aab507c7ed16a874d027b23ede02a2111bc69a33bbfc36d5797a4": TransactionError: Commit of transaction 1ce51a660c2aab507c7ed16a874d027b23ede02a2111bc69a33bbfc36d5797a4 failed on peer peer0.financiers.example.com:7051 with status MVCC_READ_CONFLICT
    at TransactionEventHandler.eventCallback (/home/dhanish/fabric_sfc/caliper-bench/node_modules/fabric-network/lib/impl/event/transactioneventhandler.js:111:31)
    at CommitListenerSession.notifyListener (/home/dhanish/fabric_sfc/caliper-bench/node_modules/fabric-network/lib/impl/event/commitlistenersession.js:101:18)
    at EventListener.callback (/home/dhanish/fabric_sfc/caliper-bench/node_modules/fabric-network/lib/impl/event/commitlistenersession.js:92:18)
    at EventListener.onEvent (/home/dhanish/fabric_sfc/caliper-bench/node_modules/fabric-common/lib/EventListener.js:124:10)
    at EventService._callTransactionListener (/home/dhanish/fabric_sfc/caliper-bench/node_modules/fabric-common/lib/EventService.js:1051:16)
    at EventService._processTxEvents (/home/dhanish/fabric_sfc/caliper-bench/node_modules/fabric-common/lib/EventService.js:1006:12)
    at ClientDuplexStreamImpl.<anonymous> (/home/dhanish/fabric_sfc/caliper-bench/node_modules/fabric-common/lib/EventService.js:481:12)
    at ClientDuplexStreamImpl.emit (node:events:517:28)
    at addChunk (node:internal/streams/readable:368:12)
    at readableAddChunk (node:internal/streams/readable:341:9) {
  transactionId: '1ce51a660c2aab507c7ed16a874d027b23ede02a2111bc69a33bbfc36d5797a4',
  transactionCode: 'MVCC_READ_CONFLICT'
}
2026.08.11-09:20:08.202[31m error[39m [caliper] [connectors/v2/FabricGateway] 	Failed to perform submit transaction [setFinancePolicyForFinancier] using arguments [,{"minAPR":0.08,"maxAPR":0.24,"baseAPR":0.14,"minTenorDays":7,"maxTenorDays":45,"tenor":21,"minLtvPct":55,"maxLtvPct":85,"ltv":72,"penaltyBasePct":0.4}],  with error: TransactionError: Commit of transaction d9680e13bf3e6757b1296c00ecc10491923547c1371b42f14b60a870b2e24582 failed on peer peer0.financiers.example.com:7051 with status MVCC_READ_CONFLICT
    at TransactionEventHandler.eventCallback (/home/dhanish/fabric_sfc/caliper-bench/node_modules/fabric-network/lib/impl/event/transactioneventhandler.js:111:31)
    at CommitListenerSession.notifyListener (/home/dhanish/fabric_sfc/caliper-bench/node_modules/fabric-network/lib/impl/event/commitlistenersession.js:101:18)
    at EventListener.callback (/home/dhanish/fabric_sfc/caliper-bench/node_modules/fabric-network/lib/impl/event/commitlistenersession.js:92:18)
    at EventListener.onEvent (/home/dhanish/fabric_sfc/caliper-bench/node_modules/fabric-common/lib/EventListener.js:124:10)
    at EventService._callTransactionListener (/home/dhanish/fabric_sfc/caliper-bench/node_modules/fabric-common/lib/EventService.js:1051:16)
    at EventService._processTxEvents (/home/dhanish/fabric_sfc/caliper-bench/node_modules/fabric-common/lib/EventService.js:1006:12)
    at ClientDuplexStreamImpl.<anonymous> (/home/dhanish/fabric_sfc/caliper-bench/node_modules/fabric-common/lib/EventService.js:481:12)
    at ClientDuplexStreamImpl.emit (node:events:517:28)
    at addChunk (node:internal/streams/readable:368:12)
    at readableAddChunk (node:internal/streams/readable:341:9)
2026.08.11-09:20:08.202[31m error[39m [caliper] [connectors/v2/FabricGateway] 	Failed to perform submit transaction [setFinancePolicyForFinancier] using arguments [,{"minAPR":0.08,"maxAPR":0.24,"baseAPR":0.14,"minTenorDays":7,"maxTenorDays":45,"tenor":21,"minLtvPct":55,"maxLtvPct":85,"ltv":72,"penaltyBasePct":0.4}],  with error: TransactionError: Commit of transaction bec78d441ded8a0bf3a3a3ba58e4bad2a28e955d756dcb5924f86c3ba2b4ef6a failed on peer peer0.financiers.example.com:7051 with status MVCC_READ_CONFLICT
    at TransactionEventHandler.eventCallback (/home/dhanish/fabric_sfc/caliper-bench/node_modules/fabric-network/lib/impl/event/transactioneventhandler.js:111:31)
    at CommitListenerSession.notifyListener (/home/dhanish/fabric_sfc/caliper-bench/node_modules/fabric-network/lib/impl/event/commitlistenersession.js:101:18)
    at EventListener.callback (/home/dhanish/fabric_sfc/caliper-bench/node_modules/fabric-network/lib/impl/event/commitlistenersession.js:92:18)
    at EventListener.onEvent (/home/dhanish/fabric_sfc/caliper-bench/node_modules/fabric-common/lib/EventListener.js:124:10)
    at EventService._callTransactionListener (/home/dhanish/fabric_sfc/caliper-bench/node_modules/fabric-common/lib/EventService.js:1051:16)
    at EventService._processTxEvents (/home/dhanish/fabric_sfc/caliper-bench/node_modules/fabric-common/lib/EventService.js:1006:12)
    at ClientDuplexStreamImpl.<anonymous> (/home/dhanish/fabric_sfc/caliper-bench/node_modules/fabric-common/lib/EventService.js:481:12)
    at ClientDuplexStreamImpl.emit (node:events:517:28)
    at addChunk (node:internal/streams/readable:368:12)
    at readableAddChunk (node:internal/streams/readable:341:9)
2026.08.11-09:20:08.202[31m error[39m [caliper] [connectors/v2/FabricGateway] 	Failed to perform submit transaction [setFinancePolicyForFinancier] using arguments [,{"minAPR":0.08,"maxAPR":0.24,"baseAPR":0.14,"minTenorDays":7,"maxTenorDays":45,"tenor":21,"minLtvPct":55,"maxLtvPct":85,"ltv":72,"penaltyBasePct":0.4}],  with error: TransactionError: Commit of transaction 1ce51a660c2aab507c7ed16a874d027b23ede02a2111bc69a33bbfc36d5797a4 failed on peer peer0.financiers.example.com:7051 with status MVCC_READ_CONFLICT
    at TransactionEventHandler.eventCallback (/home/dhanish/fabric_sfc/caliper-bench/node_modules/fabric-network/lib/impl/event/transactioneventhandler.js:111:31)
    at CommitListenerSession.notifyListener (/home/dhanish/fabric_sfc/caliper-bench/node_modules/fabric-network/lib/impl/event/commitlistenersession.js:101:18)
    at EventListener.callback (/home/dhanish/fabric_sfc/caliper-bench/node_modules/fabric-network/lib/impl/event/commitlistenersession.js:92:18)
    at EventListener.onEvent (/home/dhanish/fabric_sfc/caliper-bench/node_modules/fabric-common/lib/EventListener.js:124:10)
    at EventService._callTransactionListener (/home/dhanish/fabric_sfc/caliper-bench/node_modules/fabric-common/lib/EventService.js:1051:16)
    at EventService._processTxEvents (/home/dhanish/fabric_sfc/caliper-bench/node_modules/fabric-common/lib/EventService.js:1006:12)
    at ClientDuplexStreamImpl.<anonymous> (/home/dhanish/fabric_sfc/caliper-bench/node_modules/fabric-common/lib/EventService.js:481:12)
    at ClientDuplexStreamImpl.emit (node:events:517:28)
    at addChunk (node:internal/streams/readable:368:12)
    at readableAddChunk (node:internal/streams/readable:341:9)
2026-08-11T09:20:08.202Z - [33mwarn[39m: [TransactionEventHandler]: strategyFail: commit failure for transaction "261cbd8450d27abb180e21a000f3d6d22c94d47af70bc60f397afcfc69b546c2": TransactionError: Commit of transaction 261cbd8450d27abb180e21a000f3d6d22c94d47af70bc60f397afcfc69b546c2 failed on peer peer0.financiers.example.com:7051 with status MVCC_READ_CONFLICT
    at TransactionEventHandler.eventCallback (/home/dhanish/fabric_sfc/caliper-bench/node_modules/fabric-network/lib/impl/event/transactioneventhandler.js:111:31)
    at CommitListenerSession.notifyListener (/home/dhanish/fabric_sfc/caliper-bench/node_modules/fabric-network/lib/impl/event/commitlistenersession.js:101:18)
    at EventListener.callback (/home/dhanish/fabric_sfc/caliper-bench/node_modules/fabric-network/lib/impl/event/commitlistenersession.js:92:18)
    at EventListener.onEvent (/home/dhanish/fabric_sfc/caliper-bench/node_modules/fabric-common/lib/EventListener.js:124:10)
    at EventService._callTransactionListener (/home/dhanish/fabric_sfc/caliper-bench/node_modules/fabric-common/lib/EventService.js:1051:16)
    at EventService._processTxEvents (/home/dhanish/fabric_sfc/caliper-bench/node_modules/fabric-common/lib/EventService.js:1006:12)
    at ClientDuplexStreamImpl.<anonymous> (/home/dhanish/fabric_sfc/caliper-bench/node_modules/fabric-common/lib/EventService.js:481:12)
    at ClientDuplexStreamImpl.emit (node:events:517:28)
    at addChunk (node:internal/streams/readable:368:12)
    at readableAddChunk (node:internal/streams/readable:341:9) {
  transactionId: '261cbd8450d27abb180e21a000f3d6d22c94d47af70bc60f397afcfc69b546c2',
  transactionCode: 'MVCC_READ_CONFLICT'
}
2026-08-11T09:20:08.203Z - [33mwarn[39m: [TransactionEventHandler]: strategyFail: commit failure for transaction "f01be4be23080f3743578ecde8669208ddaef386eab09153e670aa6018309cd1": TransactionError: Commit of transaction f01be4be23080f3743578ecde8669208ddaef386eab09153e670aa6018309cd1 failed on peer peer0.financiers.example.com:7051 with status MVCC_READ_CONFLICT
    at TransactionEventHandler.eventCallback (/home/dhanish/fabric_sfc/caliper-bench/node_modules/fabric-network/lib/impl/event/transactioneventhandler.js:111:31)
    at CommitListenerSession.notifyListener (/home/dhanish/fabric_sfc/caliper-bench/node_modules/fabric-network/lib/impl/event/commitlistenersession.js:101:18)
    at EventListener.callback (/home/dhanish/fabric_sfc/caliper-bench/node_modules/fabric-network/lib/impl/event/commitlistenersession.js:92:18)
    at EventListener.onEvent (/home/dhanish/fabric_sfc/caliper-bench/node_modules/fabric-common/lib/EventListener.js:124:10)
    at EventService._callTransactionListener (/home/dhanish/fabric_sfc/caliper-bench/node_modules/fabric-common/lib/EventService.js:1051:16)
    at EventService._processTxEvents (/home/dhanish/fabric_sfc/caliper-bench/node_modules/fabric-common/lib/EventService.js:1006:12)
    at ClientDuplexStreamImpl.<anonymous> (/home/dhanish/fabric_sfc/caliper-bench/node_modules/fabric-common/lib/EventService.js:481:12)
    at ClientDuplexStreamImpl.emit (node:events:517:28)
    at addChunk (node:internal/streams/readable:368:12)
    at readableAddChunk (node:internal/streams/readable:341:9) {
  transactionId: 'f01be4be23080f3743578ecde8669208ddaef386eab09153e670aa6018309cd1',
  transactionCode: 'MVCC_READ_CONFLICT'
}
2026-08-11T09:20:08.203Z - [33mwarn[39m: [TransactionEventHandler]: strategyFail: commit failure for transaction "d3ee846f1ee14a3e7183bfb528be18624b525ed3ae001055cdacdca515a6bcbf": TransactionError: Commit of transaction d3ee846f1ee14a3e7183bfb528be18624b525ed3ae001055cdacdca515a6bcbf failed on peer peer0.financiers.example.com:7051 with status MVCC_READ_CONFLICT
    at TransactionEventHandler.eventCallback (/home/dhanish/fabric_sfc/caliper-bench/node_modules/fabric-network/lib/impl/event/transactioneventhandler.js:111:31)
    at CommitListenerSession.notifyListener (/home/dhanish/fabric_sfc/caliper-bench/node_modules/fabric-network/lib/impl/event/commitlistenersession.js:101:18)
    at EventListener.callback (/home/dhanish/fabric_sfc/caliper-bench/node_modules/fabric-network/lib/impl/event/commitlistenersession.js:92:18)
    at EventListener.onEvent (/home/dhanish/fabric_sfc/caliper-bench/node_modules/fabric-common/lib/EventListener.js:124:10)
    at EventService._callTransactionListener (/home/dhanish/fabric_sfc/caliper-bench/node_modules/fabric-common/lib/EventService.js:1051:16)
    at EventService._processTxEvents (/home/dhanish/fabric_sfc/caliper-bench/node_modules/fabric-common/lib/EventService.js:1006:12)
    at ClientDuplexStreamImpl.<anonymous> (/home/dhanish/fabric_sfc/caliper-bench/node_modules/fabric-common/lib/EventService.js:481:12)
    at ClientDuplexStreamImpl.emit (node:events:517:28)
    at addChunk (node:internal/streams/readable:368:12)
    at readableAddChunk (node:internal/streams/readable:341:9) {
  transactionId: 'd3ee846f1ee14a3e7183bfb528be18624b525ed3ae001055cdacdca515a6bcbf',
  transactionCode: 'MVCC_READ_CONFLICT'
}
2026.08.11-09:20:08.204[31m error[39m [caliper] [connectors/v2/FabricGateway] 	Failed to perform submit transaction [setFinancePolicyForFinancier] using arguments [,{"minAPR":0.08,"maxAPR":0.24,"baseAPR":0.14,"minTenorDays":7,"maxTenorDays":45,"tenor":21,"minLtvPct":55,"maxLtvPct":85,"ltv":72,"penaltyBasePct":0.4}],  with error: TransactionError: Commit of transaction 261cbd8450d27abb180e21a000f3d6d22c94d47af70bc60f397afcfc69b546c2 failed on peer peer0.financiers.example.com:7051 with status MVCC_READ_CONFLICT
    at TransactionEventHandler.eventCallback (/home/dhanish/fabric_sfc/caliper-bench/node_modules/fabric-network/lib/impl/event/transactioneventhandler.js:111:31)
    at CommitListenerSession.notifyListener (/home/dhanish/fabric_sfc/caliper-bench/node_modules/fabric-network/lib/impl/event/commitlistenersession.js:101:18)
    at EventListener.callback (/home/dhanish/fabric_sfc/caliper-bench/node_modules/fabric-network/lib/impl/event/commitlistenersession.js:92:18)
    at EventListener.onEvent (/home/dhanish/fabric_sfc/caliper-bench/node_modules/fabric-common/lib/EventListener.js:124:10)
    at EventService._callTransactionListener (/home/dhanish/fabric_sfc/caliper-bench/node_modules/fabric-common/lib/EventService.js:1051:16)
    at EventService._processTxEvents (/home/dhanish/fabric_sfc/caliper-bench/node_modules/fabric-common/lib/EventService.js:1006:12)
    at ClientDuplexStreamImpl.<anonymous> (/home/dhanish/fabric_sfc/caliper-bench/node_modules/fabric-common/lib/EventService.js:481:12)
    at ClientDuplexStreamImpl.emit (node:events:517:28)
    at addChunk (node:internal/streams/readable:368:12)
    at readableAddChunk (node:internal/streams/readable:341:9)
2026.08.11-09:20:08.204[31m error[39m [caliper] [connectors/v2/FabricGateway] 	Failed to perform submit transaction [setFinancePolicyForFinancier] using arguments [,{"minAPR":0.08,"maxAPR":0.24,"baseAPR":0.14,"minTenorDays":7,"maxTenorDays":45,"tenor":21,"minLtvPct":55,"maxLtvPct":85,"ltv":72,"penaltyBasePct":0.4}],  with error: TransactionError: Commit of transaction f01be4be23080f3743578ecde8669208ddaef386eab09153e670aa6018309cd1 failed on peer peer0.financiers.example.com:7051 with status MVCC_READ_CONFLICT
    at TransactionEventHandler.eventCallback (/home/dhanish/fabric_sfc/caliper-bench/node_modules/fabric-network/lib/impl/event/transactioneventhandler.js:111:31)
    at CommitListenerSession.notifyListener (/home/dhanish/fabric_sfc/caliper-bench/node_modules/fabric-network/lib/impl/event/commitlistenersession.js:101:18)
    at EventListener.callback (/home/dhanish/fabric_sfc/caliper-bench/node_modules/fabric-network/lib/impl/event/commitlistenersession.js:92:18)
    at EventListener.onEvent (/home/dhanish/fabric_sfc/caliper-bench/node_modules/fabric-common/lib/EventListener.js:124:10)
    at EventService._callTransactionListener (/home/dhanish/fabric_sfc/caliper-bench/node_modules/fabric-common/lib/EventService.js:1051:16)
    at EventService._processTxEvents (/home/dhanish/fabric_sfc/caliper-bench/node_modules/fabric-common/lib/EventService.js:1006:12)
    at ClientDuplexStreamImpl.<anonymous> (/home/dhanish/fabric_sfc/caliper-bench/node_modules/fabric-common/lib/EventService.js:481:12)
    at ClientDuplexStreamImpl.emit (node:events:517:28)
    at addChunk (node:internal/streams/readable:368:12)
    at readableAddChunk (node:internal/streams/readable:341:9)
2026.08.11-09:20:08.204[31m error[39m [caliper] [connectors/v2/FabricGateway] 	Failed to perform submit transaction [setFinancePolicyForFinancier] using arguments [,{"minAPR":0.08,"maxAPR":0.24,"baseAPR":0.14,"minTenorDays":7,"maxTenorDays":45,"tenor":21,"minLtvPct":55,"maxLtvPct":85,"ltv":72,"penaltyBasePct":0.4}],  with error: TransactionError: Commit of transaction d3ee846f1ee14a3e7183bfb528be18624b525ed3ae001055cdacdca515a6bcbf failed on peer peer0.financiers.example.com:7051 with status MVCC_READ_CONFLICT
    at TransactionEventHandler.eventCallback (/home/dhanish/fabric_sfc/caliper-bench/node_modules/fabric-network/lib/impl/event/transactioneventhandler.js:111:31)
    at CommitListenerSession.notifyListener (/home/dhanish/fabric_sfc/caliper-bench/node_modules/fabric-network/lib/impl/event/commitlistenersession.js:101:18)
    at EventListener.callback (/home/dhanish/fabric_sfc/caliper-bench/node_modules/fabric-network/lib/impl/event/commitlistenersession.js:92:18)
    at EventListener.onEvent (/home/dhanish/fabric_sfc/caliper-bench/node_modules/fabric-common/lib/EventListener.js:124:10)
    at EventService._callTransactionListener (/home/dhanish/fabric_sfc/caliper-bench/node_modules/fabric-common/lib/EventService.js:1051:16)
    at EventService._processTxEvents (/home/dhanish/fabric_sfc/caliper-bench/node_modules/fabric-common/lib/EventService.js:1006:12)
    at ClientDuplexStreamImpl.<anonymous> (/home/dhanish/fabric_sfc/caliper-bench/node_modules/fabric-common/lib/EventService.js:481:12)
    at ClientDuplexStreamImpl.emit (node:events:517:28)
    at addChunk (node:internal/streams/readable:368:12)
    at readableAddChunk (node:internal/streams/readable:341:9)
2026-08-11T09:20:08.205Z - [33mwarn[39m: [TransactionEventHandler]: strategyFail: commit failure for transaction "aee7f4d29f122b42bb1d7313fb1d948359c4cee3947f55233a658e23e6681307": TransactionError: Commit of transaction aee7f4d29f122b42bb1d7313fb1d948359c4cee3947f55233a658e23e6681307 failed on peer peer0.financiers.example.com:7051 with status MVCC_READ_CONFLICT
    at TransactionEventHandler.eventCallback (/home/dhanish/fabric_sfc/caliper-bench/node_modules/fabric-network/lib/impl/event/transactioneventhandler.js:111:31)
    at CommitListenerSession.notifyListener (/home/dhanish/fabric_sfc/caliper-bench/node_modules/fabric-network/lib/impl/event/commitlistenersession.js:101:18)
    at EventListener.callback (/home/dhanish/fabric_sfc/caliper-bench/node_modules/fabric-network/lib/impl/event/commitlistenersession.js:92:18)
    at EventListener.onEvent (/home/dhanish/fabric_sfc/caliper-bench/node_modules/fabric-common/lib/EventListener.js:124:10)
    at EventService._callTransactionListener (/home/dhanish/fabric_sfc/caliper-bench/node_modules/fabric-common/lib/EventService.js:1051:16)
    at EventService._processTxEvents (/home/dhanish/fabric_sfc/caliper-bench/node_modules/fabric-common/lib/EventService.js:1006:12)
    at ClientDuplexStreamImpl.<anonymous> (/home/dhanish/fabric_sfc/caliper-bench/node_modules/fabric-common/lib/EventService.js:481:12)
    at ClientDuplexStreamImpl.emit (node:events:517:28)
    at addChunk (node:internal/streams/readable:368:12)
    at readableAddChunk (node:internal/streams/readable:341:9) {
  transactionId: 'aee7f4d29f122b42bb1d7313fb1d948359c4cee3947f55233a658e23e6681307',
  transactionCode: 'MVCC_READ_CONFLICT'
}
2026-08-11T09:20:08.205Z - [33mwarn[39m: [TransactionEventHandler]: strategyFail: commit failure for transaction "eb726d172e63ef3f682e7dd17af513abcae22eccbfd61f710ac64d6f58df1ff8": TransactionError: Commit of transaction eb726d172e63ef3f682e7dd17af513abcae22eccbfd61f710ac64d6f58df1ff8 failed on peer peer0.financiers.example.com:7051 with status MVCC_READ_CONFLICT
    at TransactionEventHandler.eventCallback (/home/dhanish/fabric_sfc/caliper-bench/node_modules/fabric-network/lib/impl/event/transactioneventhandler.js:111:31)
    at CommitListenerSession.notifyListener (/home/dhanish/fabric_sfc/caliper-bench/node_modules/fabric-network/lib/impl/event/commitlistenersession.js:101:18)
    at EventListener.callback (/home/dhanish/fabric_sfc/caliper-bench/node_modules/fabric-network/lib/impl/event/commitlistenersession.js:92:18)
    at EventListener.onEvent (/home/dhanish/fabric_sfc/caliper-bench/node_modules/fabric-common/lib/EventListener.js:124:10)
    at EventService._callTransactionListener (/home/dhanish/fabric_sfc/caliper-bench/node_modules/fabric-common/lib/EventService.js:1051:16)
    at EventService._processTxEvents (/home/dhanish/fabric_sfc/caliper-bench/node_modules/fabric-common/lib/EventService.js:1006:12)
    at ClientDuplexStreamImpl.<anonymous> (/home/dhanish/fabric_sfc/caliper-bench/node_modules/fabric-common/lib/EventService.js:481:12)
    at ClientDuplexStreamImpl.emit (node:events:517:28)
    at addChunk (node:internal/streams/readable:368:12)
    at readableAddChunk (node:internal/streams/readable:341:9) {
  transactionId: 'eb726d172e63ef3f682e7dd17af513abcae22eccbfd61f710ac64d6f58df1ff8',
  transactionCode: 'MVCC_READ_CONFLICT'
}
2026.08.11-09:20:08.205[31m error[39m [caliper] [connectors/v2/FabricGateway] 	Failed to perform submit transaction [setFinancePolicyForFinancier] using arguments [,{"minAPR":0.08,"maxAPR":0.24,"baseAPR":0.14,"minTenorDays":7,"maxTenorDays":45,"tenor":21,"minLtvPct":55,"maxLtvPct":85,"ltv":72,"penaltyBasePct":0.4}],  with error: TransactionError: Commit of transaction aee7f4d29f122b42bb1d7313fb1d948359c4cee3947f55233a658e23e6681307 failed on peer peer0.financiers.example.com:7051 with status MVCC_READ_CONFLICT
    at TransactionEventHandler.eventCallback (/home/dhanish/fabric_sfc/caliper-bench/node_modules/fabric-network/lib/impl/event/transactioneventhandler.js:111:31)
    at CommitListenerSession.notifyListener (/home/dhanish/fabric_sfc/caliper-bench/node_modules/fabric-network/lib/impl/event/commitlistenersession.js:101:18)
    at EventListener.callback (/home/dhanish/fabric_sfc/caliper-bench/node_modules/fabric-network/lib/impl/event/commitlistenersession.js:92:18)
    at EventListener.onEvent (/home/dhanish/fabric_sfc/caliper-bench/node_modules/fabric-common/lib/EventListener.js:124:10)
    at EventService._callTransactionListener (/home/dhanish/fabric_sfc/caliper-bench/node_modules/fabric-common/lib/EventService.js:1051:16)
    at EventService._processTxEvents (/home/dhanish/fabric_sfc/caliper-bench/node_modules/fabric-common/lib/EventService.js:1006:12)
    at ClientDuplexStreamImpl.<anonymous> (/home/dhanish/fabric_sfc/caliper-bench/node_modules/fabric-common/lib/EventService.js:481:12)
    at ClientDuplexStreamImpl.emit (node:events:517:28)
    at addChunk (node:internal/streams/readable:368:12)
    at readableAddChunk (node:internal/streams/readable:341:9)
2026.08.11-09:20:08.206[31m error[39m [caliper] [connectors/v2/FabricGateway] 	Failed to perform submit transaction [setFinancePolicyForFinancier] using arguments [,{"minAPR":0.08,"maxAPR":0.24,"baseAPR":0.14,"minTenorDays":7,"maxTenorDays":45,"tenor":21,"minLtvPct":55,"maxLtvPct":85,"ltv":72,"penaltyBasePct":0.4}],  with error: TransactionError: Commit of transaction eb726d172e63ef3f682e7dd17af513abcae22eccbfd61f710ac64d6f58df1ff8 failed on peer peer0.financiers.example.com:7051 with status MVCC_READ_CONFLICT
    at TransactionEventHandler.eventCallback (/home/dhanish/fabric_sfc/caliper-bench/node_modules/fabric-network/lib/impl/event/transactioneventhandler.js:111:31)
    at CommitListenerSession.notifyListener (/home/dhanish/fabric_sfc/caliper-bench/node_modules/fabric-network/lib/impl/event/commitlistenersession.js:101:18)
    at EventListener.callback (/home/dhanish/fabric_sfc/caliper-bench/node_modules/fabric-network/lib/impl/event/commitlistenersession.js:92:18)
    at EventListener.onEvent (/home/dhanish/fabric_sfc/caliper-bench/node_modules/fabric-common/lib/EventListener.js:124:10)
    at EventService._callTransactionListener (/home/dhanish/fabric_sfc/caliper-bench/node_modules/fabric-common/lib/EventService.js:1051:16)
    at EventService._processTxEvents (/home/dhanish/fabric_sfc/caliper-bench/node_modules/fabric-common/lib/EventService.js:1006:12)
    at ClientDuplexStreamImpl.<anonymous> (/home/dhanish/fabric_sfc/caliper-bench/node_modules/fabric-common/lib/EventService.js:481:12)
    at ClientDuplexStreamImpl.emit (node:events:517:28)
    at addChunk (node:internal/streams/readable:368:12)
    at readableAddChunk (node:internal/streams/readable:341:9)
2026-08-11T09:20:08.208Z - [33mwarn[39m: [TransactionEventHandler]: strategyFail: commit failure for transaction "7453ee9a9946bfb95644600ddc57736dba64f7ba94a7ec7a88803c92bbcb9f7d": TransactionError: Commit of transaction 7453ee9a9946bfb95644600ddc57736dba64f7ba94a7ec7a88803c92bbcb9f7d failed on peer peer0.financiers.example.com:7051 with status MVCC_READ_CONFLICT
    at TransactionEventHandler.eventCallback (/home/dhanish/fabric_sfc/caliper-bench/node_modules/fabric-network/lib/impl/event/transactioneventhandler.js:111:31)
    at CommitListenerSession.notifyListener (/home/dhanish/fabric_sfc/caliper-bench/node_modules/fabric-network/lib/impl/event/commitlistenersession.js:101:18)
    at EventListener.callback (/home/dhanish/fabric_sfc/caliper-bench/node_modules/fabric-network/lib/impl/event/commitlistenersession.js:92:18)
    at EventListener.onEvent (/home/dhanish/fabric_sfc/caliper-bench/node_modules/fabric-common/lib/EventListener.js:124:10)
    at EventService._callTransactionListener (/home/dhanish/fabric_sfc/caliper-bench/node_modules/fabric-common/lib/EventService.js:1051:16)
    at EventService._processTxEvents (/home/dhanish/fabric_sfc/caliper-bench/node_modules/fabric-common/lib/EventService.js:1006:12)
    at ClientDuplexStreamImpl.<anonymous> (/home/dhanish/fabric_sfc/caliper-bench/node_modules/fabric-common/lib/EventService.js:481:12)
    at ClientDuplexStreamImpl.emit (node:events:517:28)
    at addChunk (node:internal/streams/readable:368:12)
    at readableAddChunk (node:internal/streams/readable:341:9) {
  transactionId: '7453ee9a9946bfb95644600ddc57736dba64f7ba94a7ec7a88803c92bbcb9f7d',
  transactionCode: 'MVCC_READ_CONFLICT'
}
2026-08-11T09:20:08.209Z - [33mwarn[39m: [TransactionEventHandler]: strategyFail: commit failure for transaction "998736a735ff42d6bb5f3018024f5bf341dcc66f98de647df44b5b49168e2d6f": TransactionError: Commit of transaction 998736a735ff42d6bb5f3018024f5bf341dcc66f98de647df44b5b49168e2d6f failed on peer peer0.financiers.example.com:7051 with status MVCC_READ_CONFLICT
    at TransactionEventHandler.eventCallback (/home/dhanish/fabric_sfc/caliper-bench/node_modules/fabric-network/lib/impl/event/transactioneventhandler.js:111:31)
    at CommitListenerSession.notifyListener (/home/dhanish/fabric_sfc/caliper-bench/node_modules/fabric-network/lib/impl/event/commitlistenersession.js:101:18)
    at EventListener.callback (/home/dhanish/fabric_sfc/caliper-bench/node_modules/fabric-network/lib/impl/event/commitlistenersession.js:92:18)
    at EventListener.onEvent (/home/dhanish/fabric_sfc/caliper-bench/node_modules/fabric-common/lib/EventListener.js:124:10)
    at EventService._callTransactionListener (/home/dhanish/fabric_sfc/caliper-bench/node_modules/fabric-common/lib/EventService.js:1051:16)
    at EventService._processTxEvents (/home/dhanish/fabric_sfc/caliper-bench/node_modules/fabric-common/lib/EventService.js:1006:12)
    at ClientDuplexStreamImpl.<anonymous> (/home/dhanish/fabric_sfc/caliper-bench/node_modules/fabric-common/lib/EventService.js:481:12)
    at ClientDuplexStreamImpl.emit (node:events:517:28)
    at addChunk (node:internal/streams/readable:368:12)
    at readableAddChunk (node:internal/streams/readable:341:9) {
  transactionId: '998736a735ff42d6bb5f3018024f5bf341dcc66f98de647df44b5b49168e2d6f',
  transactionCode: 'MVCC_READ_CONFLICT'
}
2026.08.11-09:20:08.209[31m error[39m [caliper] [connectors/v2/FabricGateway] 	Failed to perform submit transaction [setFinancePolicyForFinancier] using arguments [,{"minAPR":0.08,"maxAPR":0.24,"baseAPR":0.14,"minTenorDays":7,"maxTenorDays":45,"tenor":21,"minLtvPct":55,"maxLtvPct":85,"ltv":72,"penaltyBasePct":0.4}],  with error: TransactionError: Commit of transaction 7453ee9a9946bfb95644600ddc57736dba64f7ba94a7ec7a88803c92bbcb9f7d failed on peer peer0.financiers.example.com:7051 with status MVCC_READ_CONFLICT
    at TransactionEventHandler.eventCallback (/home/dhanish/fabric_sfc/caliper-bench/node_modules/fabric-network/lib/impl/event/transactioneventhandler.js:111:31)
    at CommitListenerSession.notifyListener (/home/dhanish/fabric_sfc/caliper-bench/node_modules/fabric-network/lib/impl/event/commitlistenersession.js:101:18)
    at EventListener.callback (/home/dhanish/fabric_sfc/caliper-bench/node_modules/fabric-network/lib/impl/event/commitlistenersession.js:92:18)
    at EventListener.onEvent (/home/dhanish/fabric_sfc/caliper-bench/node_modules/fabric-common/lib/EventListener.js:124:10)
    at EventService._callTransactionListener (/home/dhanish/fabric_sfc/caliper-bench/node_modules/fabric-common/lib/EventService.js:1051:16)
    at EventService._processTxEvents (/home/dhanish/fabric_sfc/caliper-bench/node_modules/fabric-common/lib/EventService.js:1006:12)
    at ClientDuplexStreamImpl.<anonymous> (/home/dhanish/fabric_sfc/caliper-bench/node_modules/fabric-common/lib/EventService.js:481:12)
    at ClientDuplexStreamImpl.emit (node:events:517:28)
    at addChunk (node:internal/streams/readable:368:12)
    at readableAddChunk (node:internal/streams/readable:341:9)
2026.08.11-09:20:08.209[31m error[39m [caliper] [connectors/v2/FabricGateway] 	Failed to perform submit transaction [setFinancePolicyForFinancier] using arguments [,{"minAPR":0.08,"maxAPR":0.24,"baseAPR":0.14,"minTenorDays":7,"maxTenorDays":45,"tenor":21,"minLtvPct":55,"maxLtvPct":85,"ltv":72,"penaltyBasePct":0.4}],  with error: TransactionError: Commit of transaction 998736a735ff42d6bb5f3018024f5bf341dcc66f98de647df44b5b49168e2d6f failed on peer peer0.financiers.example.com:7051 with status MVCC_READ_CONFLICT
    at TransactionEventHandler.eventCallback (/home/dhanish/fabric_sfc/caliper-bench/node_modules/fabric-network/lib/impl/event/transactioneventhandler.js:111:31)
    at CommitListenerSession.notifyListener (/home/dhanish/fabric_sfc/caliper-bench/node_modules/fabric-network/lib/impl/event/commitlistenersession.js:101:18)
    at EventListener.callback (/home/dhanish/fabric_sfc/caliper-bench/node_modules/fabric-network/lib/impl/event/commitlistenersession.js:92:18)
    at EventListener.onEvent (/home/dhanish/fabric_sfc/caliper-bench/node_modules/fabric-common/lib/EventListener.js:124:10)
    at EventService._callTransactionListener (/home/dhanish/fabric_sfc/caliper-bench/node_modules/fabric-common/lib/EventService.js:1051:16)
    at EventService._processTxEvents (/home/dhanish/fabric_sfc/caliper-bench/node_modules/fabric-common/lib/EventService.js:1006:12)
    at ClientDuplexStreamImpl.<anonymous> (/home/dhanish/fabric_sfc/caliper-bench/node_modules/fabric-common/lib/EventService.js:481:12)
    at ClientDuplexStreamImpl.emit (node:events:517:28)
    at addChunk (node:internal/streams/readable:368:12)
    at readableAddChunk (node:internal/streams/readable:341:9)
2026-08-11T09:20:08.232Z - [33mwarn[39m: [TransactionEventHandler]: strategyFail: commit failure for transaction "a1be4046c74d07a15bc9779fbdbc05ccfa80ae0184a6e1e9edba32bfb2c87fce": TransactionError: Commit of transaction a1be4046c74d07a15bc9779fbdbc05ccfa80ae0184a6e1e9edba32bfb2c87fce failed on peer peer0.financiers.example.com:7051 with status MVCC_READ_CONFLICT
    at TransactionEventHandler.eventCallback (/home/dhanish/fabric_sfc/caliper-bench/node_modules/fabric-network/lib/impl/event/transactioneventhandler.js:111:31)
    at CommitListenerSession.notifyListener (/home/dhanish/fabric_sfc/caliper-bench/node_modules/fabric-network/lib/impl/event/commitlistenersession.js:101:18)
    at EventListener.callback (/home/dhanish/fabric_sfc/caliper-bench/node_modules/fabric-network/lib/impl/event/commitlistenersession.js:92:18)
    at EventListener.onEvent (/home/dhanish/fabric_sfc/caliper-bench/node_modules/fabric-common/lib/EventListener.js:124:10)
    at EventService._callTransactionListener (/home/dhanish/fabric_sfc/caliper-bench/node_modules/fabric-common/lib/EventService.js:1051:16)
    at EventService._processTxEvents (/home/dhanish/fabric_sfc/caliper-bench/node_modules/fabric-common/lib/EventService.js:1006:12)
    at ClientDuplexStreamImpl.<anonymous> (/home/dhanish/fabric_sfc/caliper-bench/node_modules/fabric-common/lib/EventService.js:481:12)
    at ClientDuplexStreamImpl.emit (node:events:517:28)
    at addChunk (node:internal/streams/readable:368:12)
    at readableAddChunk (node:internal/streams/readable:341:9) {
  transactionId: 'a1be4046c74d07a15bc9779fbdbc05ccfa80ae0184a6e1e9edba32bfb2c87fce',
  transactionCode: 'MVCC_READ_CONFLICT'
}
2026-08-11T09:20:08.232Z - [33mwarn[39m: [TransactionEventHandler]: strategyFail: commit failure for transaction "2e5f8a237ff97e2adfd53fff7296568a3b96320c00081208e3ca1cc74ac26d42": TransactionError: Commit of transaction 2e5f8a237ff97e2adfd53fff7296568a3b96320c00081208e3ca1cc74ac26d42 failed on peer peer0.financiers.example.com:7051 with status MVCC_READ_CONFLICT
    at TransactionEventHandler.eventCallback (/home/dhanish/fabric_sfc/caliper-bench/node_modules/fabric-network/lib/impl/event/transactioneventhandler.js:111:31)
    at CommitListenerSession.notifyListener (/home/dhanish/fabric_sfc/caliper-bench/node_modules/fabric-network/lib/impl/event/commitlistenersession.js:101:18)
    at EventListener.callback (/home/dhanish/fabric_sfc/caliper-bench/node_modules/fabric-network/lib/impl/event/commitlistenersession.js:92:18)
    at EventListener.onEvent (/home/dhanish/fabric_sfc/caliper-bench/node_modules/fabric-common/lib/EventListener.js:124:10)
    at EventService._callTransactionListener (/home/dhanish/fabric_sfc/caliper-bench/node_modules/fabric-common/lib/EventService.js:1051:16)
    at EventService._processTxEvents (/home/dhanish/fabric_sfc/caliper-bench/node_modules/fabric-common/lib/EventService.js:1006:12)
    at ClientDuplexStreamImpl.<anonymous> (/home/dhanish/fabric_sfc/caliper-bench/node_modules/fabric-common/lib/EventService.js:481:12)
    at ClientDuplexStreamImpl.emit (node:events:517:28)
    at addChunk (node:internal/streams/readable:368:12)
    at readableAddChunk (node:internal/streams/readable:341:9) {
  transactionId: '2e5f8a237ff97e2adfd53fff7296568a3b96320c00081208e3ca1cc74ac26d42',
  transactionCode: 'MVCC_READ_CONFLICT'
}
2026-08-11T09:20:08.232Z - [33mwarn[39m: [TransactionEventHandler]: strategyFail: commit failure for transaction "a3356f672fdf6e219fdb51d10696c5939348f7f6c15d28f9b2ffba3946182a18": TransactionError: Commit of transaction a3356f672fdf6e219fdb51d10696c5939348f7f6c15d28f9b2ffba3946182a18 failed on peer peer0.financiers.example.com:7051 with status MVCC_READ_CONFLICT
    at TransactionEventHandler.eventCallback (/home/dhanish/fabric_sfc/caliper-bench/node_modules/fabric-network/lib/impl/event/transactioneventhandler.js:111:31)
    at CommitListenerSession.notifyListener (/home/dhanish/fabric_sfc/caliper-bench/node_modules/fabric-network/lib/impl/event/commitlistenersession.js:101:18)
    at EventListener.callback (/home/dhanish/fabric_sfc/caliper-bench/node_modules/fabric-network/lib/impl/event/commitlistenersession.js:92:18)
    at EventListener.onEvent (/home/dhanish/fabric_sfc/caliper-bench/node_modules/fabric-common/lib/EventListener.js:124:10)
    at EventService._callTransactionListener (/home/dhanish/fabric_sfc/caliper-bench/node_modules/fabric-common/lib/EventService.js:1051:16)
    at EventService._processTxEvents (/home/dhanish/fabric_sfc/caliper-bench/node_modules/fabric-common/lib/EventService.js:1006:12)
    at ClientDuplexStreamImpl.<anonymous> (/home/dhanish/fabric_sfc/caliper-bench/node_modules/fabric-common/lib/EventService.js:481:12)
    at ClientDuplexStreamImpl.emit (node:events:517:28)
    at addChunk (node:internal/streams/readable:368:12)
    at readableAddChunk (node:internal/streams/readable:341:9) {
  transactionId: 'a3356f672fdf6e219fdb51d10696c5939348f7f6c15d28f9b2ffba3946182a18',
  transactionCode: 'MVCC_READ_CONFLICT'
}
2026.08.11-09:20:08.232[31m error[39m [caliper] [connectors/v2/FabricGateway] 	Failed to perform submit transaction [setFinancePolicyForFinancier] using arguments [,{"minAPR":0.08,"maxAPR":0.24,"baseAPR":0.14,"minTenorDays":7,"maxTenorDays":45,"tenor":21,"minLtvPct":55,"maxLtvPct":85,"ltv":72,"penaltyBasePct":0.4}],  with error: TransactionError: Commit of transaction a1be4046c74d07a15bc9779fbdbc05ccfa80ae0184a6e1e9edba32bfb2c87fce failed on peer peer0.financiers.example.com:7051 with status MVCC_READ_CONFLICT
    at TransactionEventHandler.eventCallback (/home/dhanish/fabric_sfc/caliper-bench/node_modules/fabric-network/lib/impl/event/transactioneventhandler.js:111:31)
    at CommitListenerSession.notifyListener (/home/dhanish/fabric_sfc/caliper-bench/node_modules/fabric-network/lib/impl/event/commitlistenersession.js:101:18)
    at EventListener.callback (/home/dhanish/fabric_sfc/caliper-bench/node_modules/fabric-network/lib/impl/event/commitlistenersession.js:92:18)
    at EventListener.onEvent (/home/dhanish/fabric_sfc/caliper-bench/node_modules/fabric-common/lib/EventListener.js:124:10)
    at EventService._callTransactionListener (/home/dhanish/fabric_sfc/caliper-bench/node_modules/fabric-common/lib/EventService.js:1051:16)
    at EventService._processTxEvents (/home/dhanish/fabric_sfc/caliper-bench/node_modules/fabric-common/lib/EventService.js:1006:12)
    at ClientDuplexStreamImpl.<anonymous> (/home/dhanish/fabric_sfc/caliper-bench/node_modules/fabric-common/lib/EventService.js:481:12)
    at ClientDuplexStreamImpl.emit (node:events:517:28)
    at addChunk (node:internal/streams/readable:368:12)
    at readableAddChunk (node:internal/streams/readable:341:9)
2026-08-11T09:20:08.233Z - [33mwarn[39m: [TransactionEventHandler]: strategyFail: commit failure for transaction "e3ab27e8ea30655ef86228ba60928142694a0bb2dabd0c3abc00b010e5ebd722": TransactionError: Commit of transaction e3ab27e8ea30655ef86228ba60928142694a0bb2dabd0c3abc00b010e5ebd722 failed on peer peer0.financiers.example.com:7051 with status MVCC_READ_CONFLICT
    at TransactionEventHandler.eventCallback (/home/dhanish/fabric_sfc/caliper-bench/node_modules/fabric-network/lib/impl/event/transactioneventhandler.js:111:31)
    at CommitListenerSession.notifyListener (/home/dhanish/fabric_sfc/caliper-bench/node_modules/fabric-network/lib/impl/event/commitlistenersession.js:101:18)
    at EventListener.callback (/home/dhanish/fabric_sfc/caliper-bench/node_modules/fabric-network/lib/impl/event/commitlistenersession.js:92:18)
    at EventListener.onEvent (/home/dhanish/fabric_sfc/caliper-bench/node_modules/fabric-common/lib/EventListener.js:124:10)
    at EventService._callTransactionListener (/home/dhanish/fabric_sfc/caliper-bench/node_modules/fabric-common/lib/EventService.js:1051:16)
    at EventService._processTxEvents (/home/dhanish/fabric_sfc/caliper-bench/node_modules/fabric-common/lib/EventService.js:1006:12)
    at ClientDuplexStreamImpl.<anonymous> (/home/dhanish/fabric_sfc/caliper-bench/node_modules/fabric-common/lib/EventService.js:481:12)
    at ClientDuplexStreamImpl.emit (node:events:517:28)
    at addChunk (node:internal/streams/readable:368:12)
    at readableAddChunk (node:internal/streams/readable:341:9) {
  transactionId: 'e3ab27e8ea30655ef86228ba60928142694a0bb2dabd0c3abc00b010e5ebd722',
  transactionCode: 'MVCC_READ_CONFLICT'
}
2026.08.11-09:20:08.233[31m error[39m [caliper] [connectors/v2/FabricGateway] 	Failed to perform submit transaction [setFinancePolicyForFinancier] using arguments [,{"minAPR":0.08,"maxAPR":0.24,"baseAPR":0.14,"minTenorDays":7,"maxTenorDays":45,"tenor":21,"minLtvPct":55,"maxLtvPct":85,"ltv":72,"penaltyBasePct":0.4}],  with error: TransactionError: Commit of transaction 2e5f8a237ff97e2adfd53fff7296568a3b96320c00081208e3ca1cc74ac26d42 failed on peer peer0.financiers.example.com:7051 with status MVCC_READ_CONFLICT
    at TransactionEventHandler.eventCallback (/home/dhanish/fabric_sfc/caliper-bench/node_modules/fabric-network/lib/impl/event/transactioneventhandler.js:111:31)
    at CommitListenerSession.notifyListener (/home/dhanish/fabric_sfc/caliper-bench/node_modules/fabric-network/lib/impl/event/commitlistenersession.js:101:18)
    at EventListener.callback (/home/dhanish/fabric_sfc/caliper-bench/node_modules/fabric-network/lib/impl/event/commitlistenersession.js:92:18)
    at EventListener.onEvent (/home/dhanish/fabric_sfc/caliper-bench/node_modules/fabric-common/lib/EventListener.js:124:10)
    at EventService._callTransactionListener (/home/dhanish/fabric_sfc/caliper-bench/node_modules/fabric-common/lib/EventService.js:1051:16)
    at EventService._processTxEvents (/home/dhanish/fabric_sfc/caliper-bench/node_modules/fabric-common/lib/EventService.js:1006:12)
    at ClientDuplexStreamImpl.<anonymous> (/home/dhanish/fabric_sfc/caliper-bench/node_modules/fabric-common/lib/EventService.js:481:12)
    at ClientDuplexStreamImpl.emit (node:events:517:28)
    at addChunk (node:internal/streams/readable:368:12)
    at readableAddChunk (node:internal/streams/readable:341:9)
2026-08-11T09:20:08.233Z - [33mwarn[39m: [TransactionEventHandler]: strategyFail: commit failure for transaction "b3f143dddf18c084dda4898f08b4c2b0a299b33439ceea1fb1a609e56fcfe254": TransactionError: Commit of transaction b3f143dddf18c084dda4898f08b4c2b0a299b33439ceea1fb1a609e56fcfe254 failed on peer peer0.financiers.example.com:7051 with status MVCC_READ_CONFLICT
    at TransactionEventHandler.eventCallback (/home/dhanish/fabric_sfc/caliper-bench/node_modules/fabric-network/lib/impl/event/transactioneventhandler.js:111:31)
    at CommitListenerSession.notifyListener (/home/dhanish/fabric_sfc/caliper-bench/node_modules/fabric-network/lib/impl/event/commitlistenersession.js:101:18)
    at EventListener.callback (/home/dhanish/fabric_sfc/caliper-bench/node_modules/fabric-network/lib/impl/event/commitlistenersession.js:92:18)
    at EventListener.onEvent (/home/dhanish/fabric_sfc/caliper-bench/node_modules/fabric-common/lib/EventListener.js:124:10)
    at EventService._callTransactionListener (/home/dhanish/fabric_sfc/caliper-bench/node_modules/fabric-common/lib/EventService.js:1051:16)
    at EventService._processTxEvents (/home/dhanish/fabric_sfc/caliper-bench/node_modules/fabric-common/lib/EventService.js:1006:12)
    at ClientDuplexStreamImpl.<anonymous> (/home/dhanish/fabric_sfc/caliper-bench/node_modules/fabric-common/lib/EventService.js:481:12)
    at ClientDuplexStreamImpl.emit (node:events:517:28)
    at addChunk (node:internal/streams/readable:368:12)
    at readableAddChunk (node:internal/streams/readable:341:9) {
  transactionId: 'b3f143dddf18c084dda4898f08b4c2b0a299b33439ceea1fb1a609e56fcfe254',
  transactionCode: 'MVCC_READ_CONFLICT'
}
2026-08-11T09:20:08.234Z - [33mwarn[39m: [TransactionEventHandler]: strategyFail: commit failure for transaction "d35d3ca4f033e8dd8a44d18754c66c90f759bfa7f95fee5a86d7cafa0842ddac": TransactionError: Commit of transaction d35d3ca4f033e8dd8a44d18754c66c90f759bfa7f95fee5a86d7cafa0842ddac failed on peer peer0.financiers.example.com:7051 with status MVCC_READ_CONFLICT
    at TransactionEventHandler.eventCallback (/home/dhanish/fabric_sfc/caliper-bench/node_modules/fabric-network/lib/impl/event/transactioneventhandler.js:111:31)
    at CommitListenerSession.notifyListener (/home/dhanish/fabric_sfc/caliper-bench/node_modules/fabric-network/lib/impl/event/commitlistenersession.js:101:18)
    at EventListener.callback (/home/dhanish/fabric_sfc/caliper-bench/node_modules/fabric-network/lib/impl/event/commitlistenersession.js:92:18)
    at EventListener.onEvent (/home/dhanish/fabric_sfc/caliper-bench/node_modules/fabric-common/lib/EventListener.js:124:10)
    at EventService._callTransactionListener (/home/dhanish/fabric_sfc/caliper-bench/node_modules/fabric-common/lib/EventService.js:1051:16)
    at EventService._processTxEvents (/home/dhanish/fabric_sfc/caliper-bench/node_modules/fabric-common/lib/EventService.js:1006:12)
    at ClientDuplexStreamImpl.<anonymous> (/home/dhanish/fabric_sfc/caliper-bench/node_modules/fabric-common/lib/EventService.js:481:12)
    at ClientDuplexStreamImpl.emit (node:events:517:28)
    at addChunk (node:internal/streams/readable:368:12)
    at readableAddChunk (node:internal/streams/readable:341:9) {
  transactionId: 'd35d3ca4f033e8dd8a44d18754c66c90f759bfa7f95fee5a86d7cafa0842ddac',
  transactionCode: 'MVCC_READ_CONFLICT'
}
2026.08.11-09:20:08.234[31m error[39m [caliper] [connectors/v2/FabricGateway] 	Failed to perform submit transaction [setFinancePolicyForFinancier] using arguments [,{"minAPR":0.08,"maxAPR":0.24,"baseAPR":0.14,"minTenorDays":7,"maxTenorDays":45,"tenor":21,"minLtvPct":55,"maxLtvPct":85,"ltv":72,"penaltyBasePct":0.4}],  with error: TransactionError: Commit of transaction a3356f672fdf6e219fdb51d10696c5939348f7f6c15d28f9b2ffba3946182a18 failed on peer peer0.financiers.example.com:7051 with status MVCC_READ_CONFLICT
    at TransactionEventHandler.eventCallback (/home/dhanish/fabric_sfc/caliper-bench/node_modules/fabric-network/lib/impl/event/transactioneventhandler.js:111:31)
    at CommitListenerSession.notifyListener (/home/dhanish/fabric_sfc/caliper-bench/node_modules/fabric-network/lib/impl/event/commitlistenersession.js:101:18)
    at EventListener.callback (/home/dhanish/fabric_sfc/caliper-bench/node_modules/fabric-network/lib/impl/event/commitlistenersession.js:92:18)
    at EventListener.onEvent (/home/dhanish/fabric_sfc/caliper-bench/node_modules/fabric-common/lib/EventListener.js:124:10)
    at EventService._callTransactionListener (/home/dhanish/fabric_sfc/caliper-bench/node_modules/fabric-common/lib/EventService.js:1051:16)
    at EventService._processTxEvents (/home/dhanish/fabric_sfc/caliper-bench/node_modules/fabric-common/lib/EventService.js:1006:12)
    at ClientDuplexStreamImpl.<anonymous> (/home/dhanish/fabric_sfc/caliper-bench/node_modules/fabric-common/lib/EventService.js:481:12)
    at ClientDuplexStreamImpl.emit (node:events:517:28)
    at addChunk (node:internal/streams/readable:368:12)
    at readableAddChunk (node:internal/streams/readable:341:9)
2026.08.11-09:20:08.234[31m error[39m [caliper] [connectors/v2/FabricGateway] 	Failed to perform submit transaction [setFinancePolicyForFinancier] using arguments [,{"minAPR":0.08,"maxAPR":0.24,"baseAPR":0.14,"minTenorDays":7,"maxTenorDays":45,"tenor":21,"minLtvPct":55,"maxLtvPct":85,"ltv":72,"penaltyBasePct":0.4}],  with error: TransactionError: Commit of transaction e3ab27e8ea30655ef86228ba60928142694a0bb2dabd0c3abc00b010e5ebd722 failed on peer peer0.financiers.example.com:7051 with status MVCC_READ_CONFLICT
    at TransactionEventHandler.eventCallback (/home/dhanish/fabric_sfc/caliper-bench/node_modules/fabric-network/lib/impl/event/transactioneventhandler.js:111:31)
    at CommitListenerSession.notifyListener (/home/dhanish/fabric_sfc/caliper-bench/node_modules/fabric-network/lib/impl/event/commitlistenersession.js:101:18)
    at EventListener.callback (/home/dhanish/fabric_sfc/caliper-bench/node_modules/fabric-network/lib/impl/event/commitlistenersession.js:92:18)
    at EventListener.onEvent (/home/dhanish/fabric_sfc/caliper-bench/node_modules/fabric-common/lib/EventListener.js:124:10)
    at EventService._callTransactionListener (/home/dhanish/fabric_sfc/caliper-bench/node_modules/fabric-common/lib/EventService.js:1051:16)
    at EventService._processTxEvents (/home/dhanish/fabric_sfc/caliper-bench/node_modules/fabric-common/lib/EventService.js:1006:12)
    at ClientDuplexStreamImpl.<anonymous> (/home/dhanish/fabric_sfc/caliper-bench/node_modules/fabric-common/lib/EventService.js:481:12)
    at ClientDuplexStreamImpl.emit (node:events:517:28)
    at addChunk (node:internal/streams/readable:368:12)
    at readableAddChunk (node:internal/streams/readable:341:9)
2026.08.11-09:20:08.235[31m error[39m [caliper] [connectors/v2/FabricGateway] 	Failed to perform submit transaction [setFinancePolicyForFinancier] using arguments [,{"minAPR":0.08,"maxAPR":0.24,"baseAPR":0.14,"minTenorDays":7,"maxTenorDays":45,"tenor":21,"minLtvPct":55,"maxLtvPct":85,"ltv":72,"penaltyBasePct":0.4}],  with error: TransactionError: Commit of transaction b3f143dddf18c084dda4898f08b4c2b0a299b33439ceea1fb1a609e56fcfe254 failed on peer peer0.financiers.example.com:7051 with status MVCC_READ_CONFLICT
    at TransactionEventHandler.eventCallback (/home/dhanish/fabric_sfc/caliper-bench/node_modules/fabric-network/lib/impl/event/transactioneventhandler.js:111:31)
    at CommitListenerSession.notifyListener (/home/dhanish/fabric_sfc/caliper-bench/node_modules/fabric-network/lib/impl/event/commitlistenersession.js:101:18)
    at EventListener.callback (/home/dhanish/fabric_sfc/caliper-bench/node_modules/fabric-network/lib/impl/event/commitlistenersession.js:92:18)
    at EventListener.onEvent (/home/dhanish/fabric_sfc/caliper-bench/node_modules/fabric-common/lib/EventListener.js:124:10)
    at EventService._callTransactionListener (/home/dhanish/fabric_sfc/caliper-bench/node_modules/fabric-common/lib/EventService.js:1051:16)
    at EventService._processTxEvents (/home/dhanish/fabric_sfc/caliper-bench/node_modules/fabric-common/lib/EventService.js:1006:12)
    at ClientDuplexStreamImpl.<anonymous> (/home/dhanish/fabric_sfc/caliper-bench/node_modules/fabric-common/lib/EventService.js:481:12)
    at ClientDuplexStreamImpl.emit (node:events:517:28)
    at addChunk (node:internal/streams/readable:368:12)
    at readableAddChunk (node:internal/streams/readable:341:9)
2026.08.11-09:20:08.235[31m error[39m [caliper] [connectors/v2/FabricGateway] 	Failed to perform submit transaction [setFinancePolicyForFinancier] using arguments [,{"minAPR":0.08,"maxAPR":0.24,"baseAPR":0.14,"minTenorDays":7,"maxTenorDays":45,"tenor":21,"minLtvPct":55,"maxLtvPct":85,"ltv":72,"penaltyBasePct":0.4}],  with error: TransactionError: Commit of transaction d35d3ca4f033e8dd8a44d18754c66c90f759bfa7f95fee5a86d7cafa0842ddac failed on peer peer0.financiers.example.com:7051 with status MVCC_READ_CONFLICT
    at TransactionEventHandler.eventCallback (/home/dhanish/fabric_sfc/caliper-bench/node_modules/fabric-network/lib/impl/event/transactioneventhandler.js:111:31)
    at CommitListenerSession.notifyListener (/home/dhanish/fabric_sfc/caliper-bench/node_modules/fabric-network/lib/impl/event/commitlistenersession.js:101:18)
    at EventListener.callback (/home/dhanish/fabric_sfc/caliper-bench/node_modules/fabric-network/lib/impl/event/commitlistenersession.js:92:18)
    at EventListener.onEvent (/home/dhanish/fabric_sfc/caliper-bench/node_modules/fabric-common/lib/EventListener.js:124:10)
    at EventService._callTransactionListener (/home/dhanish/fabric_sfc/caliper-bench/node_modules/fabric-common/lib/EventService.js:1051:16)
    at EventService._processTxEvents (/home/dhanish/fabric_sfc/caliper-bench/node_modules/fabric-common/lib/EventService.js:1006:12)
    at ClientDuplexStreamImpl.<anonymous> (/home/dhanish/fabric_sfc/caliper-bench/node_modules/fabric-common/lib/EventService.js:481:12)
    at ClientDuplexStreamImpl.emit (node:events:517:28)
    at addChunk (node:internal/streams/readable:368:12)
    at readableAddChunk (node:internal/streams/readable:341:9)
2026-08-11T09:20:08.236Z - [33mwarn[39m: [TransactionEventHandler]: strategyFail: commit failure for transaction "815c6b1650a237475abb96bc24510f5988766c1f0230f099b31707a3b1a0b18d": TransactionError: Commit of transaction 815c6b1650a237475abb96bc24510f5988766c1f0230f099b31707a3b1a0b18d failed on peer peer0.financiers.example.com:7051 with status MVCC_READ_CONFLICT
    at TransactionEventHandler.eventCallback (/home/dhanish/fabric_sfc/caliper-bench/node_modules/fabric-network/lib/impl/event/transactioneventhandler.js:111:31)
    at CommitListenerSession.notifyListener (/home/dhanish/fabric_sfc/caliper-bench/node_modules/fabric-network/lib/impl/event/commitlistenersession.js:101:18)
    at EventListener.callback (/home/dhanish/fabric_sfc/caliper-bench/node_modules/fabric-network/lib/impl/event/commitlistenersession.js:92:18)
    at EventListener.onEvent (/home/dhanish/fabric_sfc/caliper-bench/node_modules/fabric-common/lib/EventListener.js:124:10)
    at EventService._callTransactionListener (/home/dhanish/fabric_sfc/caliper-bench/node_modules/fabric-common/lib/EventService.js:1051:16)
    at EventService._processTxEvents (/home/dhanish/fabric_sfc/caliper-bench/node_modules/fabric-common/lib/EventService.js:1006:12)
    at ClientDuplexStreamImpl.<anonymous> (/home/dhanish/fabric_sfc/caliper-bench/node_modules/fabric-common/lib/EventService.js:481:12)
    at ClientDuplexStreamImpl.emit (node:events:517:28)
    at addChunk (node:internal/streams/readable:368:12)
    at readableAddChunk (node:internal/streams/readable:341:9) {
  transactionId: '815c6b1650a237475abb96bc24510f5988766c1f0230f099b31707a3b1a0b18d',
  transactionCode: 'MVCC_READ_CONFLICT'
}
2026-08-11T09:20:08.237Z - [33mwarn[39m: [TransactionEventHandler]: strategyFail: commit failure for transaction "85c11a71e77fcea6698ff5631b45179bdba205a69753af9df6e162b1c9264ac8": TransactionError: Commit of transaction 85c11a71e77fcea6698ff5631b45179bdba205a69753af9df6e162b1c9264ac8 failed on peer peer0.financiers.example.com:7051 with status MVCC_READ_CONFLICT
    at TransactionEventHandler.eventCallback (/home/dhanish/fabric_sfc/caliper-bench/node_modules/fabric-network/lib/impl/event/transactioneventhandler.js:111:31)
    at CommitListenerSession.notifyListener (/home/dhanish/fabric_sfc/caliper-bench/node_modules/fabric-network/lib/impl/event/commitlistenersession.js:101:18)
    at EventListener.callback (/home/dhanish/fabric_sfc/caliper-bench/node_modules/fabric-network/lib/impl/event/commitlistenersession.js:92:18)
    at EventListener.onEvent (/home/dhanish/fabric_sfc/caliper-bench/node_modules/fabric-common/lib/EventListener.js:124:10)
    at EventService._callTransactionListener (/home/dhanish/fabric_sfc/caliper-bench/node_modules/fabric-common/lib/EventService.js:1051:16)
    at EventService._processTxEvents (/home/dhanish/fabric_sfc/caliper-bench/node_modules/fabric-common/lib/EventService.js:1006:12)
    at ClientDuplexStreamImpl.<anonymous> (/home/dhanish/fabric_sfc/caliper-bench/node_modules/fabric-common/lib/EventService.js:481:12)
    at ClientDuplexStreamImpl.emit (node:events:517:28)
    at addChunk (node:internal/streams/readable:368:12)
    at readableAddChunk (node:internal/streams/readable:341:9) {
  transactionId: '85c11a71e77fcea6698ff5631b45179bdba205a69753af9df6e162b1c9264ac8',
  transactionCode: 'MVCC_READ_CONFLICT'
}
2026.08.11-09:20:08.237[31m error[39m [caliper] [connectors/v2/FabricGateway] 	Failed to perform submit transaction [setFinancePolicyForFinancier] using arguments [,{"minAPR":0.08,"maxAPR":0.24,"baseAPR":0.14,"minTenorDays":7,"maxTenorDays":45,"tenor":21,"minLtvPct":55,"maxLtvPct":85,"ltv":72,"penaltyBasePct":0.4}],  with error: TransactionError: Commit of transaction 815c6b1650a237475abb96bc24510f5988766c1f0230f099b31707a3b1a0b18d failed on peer peer0.financiers.example.com:7051 with status MVCC_READ_CONFLICT
    at TransactionEventHandler.eventCallback (/home/dhanish/fabric_sfc/caliper-bench/node_modules/fabric-network/lib/impl/event/transactioneventhandler.js:111:31)
    at CommitListenerSession.notifyListener (/home/dhanish/fabric_sfc/caliper-bench/node_modules/fabric-network/lib/impl/event/commitlistenersession.js:101:18)
    at EventListener.callback (/home/dhanish/fabric_sfc/caliper-bench/node_modules/fabric-network/lib/impl/event/commitlistenersession.js:92:18)
    at EventListener.onEvent (/home/dhanish/fabric_sfc/caliper-bench/node_modules/fabric-common/lib/EventListener.js:124:10)
    at EventService._callTransactionListener (/home/dhanish/fabric_sfc/caliper-bench/node_modules/fabric-common/lib/EventService.js:1051:16)
    at EventService._processTxEvents (/home/dhanish/fabric_sfc/caliper-bench/node_modules/fabric-common/lib/EventService.js:1006:12)
    at ClientDuplexStreamImpl.<anonymous> (/home/dhanish/fabric_sfc/caliper-bench/node_modules/fabric-common/lib/EventService.js:481:12)
    at ClientDuplexStreamImpl.emit (node:events:517:28)
    at addChunk (node:internal/streams/readable:368:12)
    at readableAddChunk (node:internal/streams/readable:341:9)
2026.08.11-09:20:08.238[31m error[39m [caliper] [connectors/v2/FabricGateway] 	Failed to perform submit transaction [setFinancePolicyForFinancier] using arguments [,{"minAPR":0.08,"maxAPR":0.24,"baseAPR":0.14,"minTenorDays":7,"maxTenorDays":45,"tenor":21,"minLtvPct":55,"maxLtvPct":85,"ltv":72,"penaltyBasePct":0.4}],  with error: TransactionError: Commit of transaction 85c11a71e77fcea6698ff5631b45179bdba205a69753af9df6e162b1c9264ac8 failed on peer peer0.financiers.example.com:7051 with status MVCC_READ_CONFLICT
    at TransactionEventHandler.eventCallback (/home/dhanish/fabric_sfc/caliper-bench/node_modules/fabric-network/lib/impl/event/transactioneventhandler.js:111:31)
    at CommitListenerSession.notifyListener (/home/dhanish/fabric_sfc/caliper-bench/node_modules/fabric-network/lib/impl/event/commitlistenersession.js:101:18)
    at EventListener.callback (/home/dhanish/fabric_sfc/caliper-bench/node_modules/fabric-network/lib/impl/event/commitlistenersession.js:92:18)
    at EventListener.onEvent (/home/dhanish/fabric_sfc/caliper-bench/node_modules/fabric-common/lib/EventListener.js:124:10)
    at EventService._callTransactionListener (/home/dhanish/fabric_sfc/caliper-bench/node_modules/fabric-common/lib/EventService.js:1051:16)
    at EventService._processTxEvents (/home/dhanish/fabric_sfc/caliper-bench/node_modules/fabric-common/lib/EventService.js:1006:12)
    at ClientDuplexStreamImpl.<anonymous> (/home/dhanish/fabric_sfc/caliper-bench/node_modules/fabric-common/lib/EventService.js:481:12)
    at ClientDuplexStreamImpl.emit (node:events:517:28)
    at addChunk (node:internal/streams/readable:368:12)
    at readableAddChunk (node:internal/streams/readable:341:9)
2026-08-11T09:20:08.241Z - [33mwarn[39m: [TransactionEventHandler]: strategyFail: commit failure for transaction "c25d5259b0b5bf06ad860a879167f057fe1e4de6722d110f44f11d488d4d5d2f": TransactionError: Commit of transaction c25d5259b0b5bf06ad860a879167f057fe1e4de6722d110f44f11d488d4d5d2f failed on peer peer0.financiers.example.com:7051 with status MVCC_READ_CONFLICT
    at TransactionEventHandler.eventCallback (/home/dhanish/fabric_sfc/caliper-bench/node_modules/fabric-network/lib/impl/event/transactioneventhandler.js:111:31)
    at CommitListenerSession.notifyListener (/home/dhanish/fabric_sfc/caliper-bench/node_modules/fabric-network/lib/impl/event/commitlistenersession.js:101:18)
    at EventListener.callback (/home/dhanish/fabric_sfc/caliper-bench/node_modules/fabric-network/lib/impl/event/commitlistenersession.js:92:18)
    at EventListener.onEvent (/home/dhanish/fabric_sfc/caliper-bench/node_modules/fabric-common/lib/EventListener.js:124:10)
    at EventService._callTransactionListener (/home/dhanish/fabric_sfc/caliper-bench/node_modules/fabric-common/lib/EventService.js:1051:16)
    at EventService._processTxEvents (/home/dhanish/fabric_sfc/caliper-bench/node_modules/fabric-common/lib/EventService.js:1006:12)
    at ClientDuplexStreamImpl.<anonymous> (/home/dhanish/fabric_sfc/caliper-bench/node_modules/fabric-common/lib/EventService.js:481:12)
    at ClientDuplexStreamImpl.emit (node:events:517:28)
    at addChunk (node:internal/streams/readable:368:12)
    at readableAddChunk (node:internal/streams/readable:341:9) {
  transactionId: 'c25d5259b0b5bf06ad860a879167f057fe1e4de6722d110f44f11d488d4d5d2f',
  transactionCode: 'MVCC_READ_CONFLICT'
}
2026.08.11-09:20:08.242[31m error[39m [caliper] [connectors/v2/FabricGateway] 	Failed to perform submit transaction [setFinancePolicyForFinancier] using arguments [,{"minAPR":0.08,"maxAPR":0.24,"baseAPR":0.14,"minTenorDays":7,"maxTenorDays":45,"tenor":21,"minLtvPct":55,"maxLtvPct":85,"ltv":72,"penaltyBasePct":0.4}],  with error: TransactionError: Commit of transaction c25d5259b0b5bf06ad860a879167f057fe1e4de6722d110f44f11d488d4d5d2f failed on peer peer0.financiers.example.com:7051 with status MVCC_READ_CONFLICT
    at TransactionEventHandler.eventCallback (/home/dhanish/fabric_sfc/caliper-bench/node_modules/fabric-network/lib/impl/event/transactioneventhandler.js:111:31)
    at CommitListenerSession.notifyListener (/home/dhanish/fabric_sfc/caliper-bench/node_modules/fabric-network/lib/impl/event/commitlistenersession.js:101:18)
    at EventListener.callback (/home/dhanish/fabric_sfc/caliper-bench/node_modules/fabric-network/lib/impl/event/commitlistenersession.js:92:18)
    at EventListener.onEvent (/home/dhanish/fabric_sfc/caliper-bench/node_modules/fabric-common/lib/EventListener.js:124:10)
    at EventService._callTransactionListener (/home/dhanish/fabric_sfc/caliper-bench/node_modules/fabric-common/lib/EventService.js:1051:16)
    at EventService._processTxEvents (/home/dhanish/fabric_sfc/caliper-bench/node_modules/fabric-common/lib/EventService.js:1006:12)
    at ClientDuplexStreamImpl.<anonymous> (/home/dhanish/fabric_sfc/caliper-bench/node_modules/fabric-common/lib/EventService.js:481:12)
    at ClientDuplexStreamImpl.emit (node:events:517:28)
    at addChunk (node:internal/streams/readable:368:12)
    at readableAddChunk (node:internal/streams/readable:341:9)
2026-08-11T09:20:08.264Z - [33mwarn[39m: [TransactionEventHandler]: strategyFail: commit failure for transaction "978af6425e6d2fac5b2a63f12d9f424800cb2f8a7c244b14ba737de14bd94fec": TransactionError: Commit of transaction 978af6425e6d2fac5b2a63f12d9f424800cb2f8a7c244b14ba737de14bd94fec failed on peer peer0.financiers.example.com:7051 with status MVCC_READ_CONFLICT
    at TransactionEventHandler.eventCallback (/home/dhanish/fabric_sfc/caliper-bench/node_modules/fabric-network/lib/impl/event/transactioneventhandler.js:111:31)
    at CommitListenerSession.notifyListener (/home/dhanish/fabric_sfc/caliper-bench/node_modules/fabric-network/lib/impl/event/commitlistenersession.js:101:18)
    at EventListener.callback (/home/dhanish/fabric_sfc/caliper-bench/node_modules/fabric-network/lib/impl/event/commitlistenersession.js:92:18)
    at EventListener.onEvent (/home/dhanish/fabric_sfc/caliper-bench/node_modules/fabric-common/lib/EventListener.js:124:10)
    at EventService._callTransactionListener (/home/dhanish/fabric_sfc/caliper-bench/node_modules/fabric-common/lib/EventService.js:1051:16)
    at EventService._processTxEvents (/home/dhanish/fabric_sfc/caliper-bench/node_modules/fabric-common/lib/EventService.js:1006:12)
    at ClientDuplexStreamImpl.<anonymous> (/home/dhanish/fabric_sfc/caliper-bench/node_modules/fabric-common/lib/EventService.js:481:12)
    at ClientDuplexStreamImpl.emit (node:events:517:28)
    at addChunk (node:internal/streams/readable:368:12)
    at readableAddChunk (node:internal/streams/readable:341:9) {
  transactionId: '978af6425e6d2fac5b2a63f12d9f424800cb2f8a7c244b14ba737de14bd94fec',
  transactionCode: 'MVCC_READ_CONFLICT'
}
2026-08-11T09:20:08.265Z - [33mwarn[39m: [TransactionEventHandler]: strategyFail: commit failure for transaction "520be0fdc9395d28465539263651c8081969f1c8718af8ff3093821bfd0ce4f0": TransactionError: Commit of transaction 520be0fdc9395d28465539263651c8081969f1c8718af8ff3093821bfd0ce4f0 failed on peer peer0.financiers.example.com:7051 with status MVCC_READ_CONFLICT
    at TransactionEventHandler.eventCallback (/home/dhanish/fabric_sfc/caliper-bench/node_modules/fabric-network/lib/impl/event/transactioneventhandler.js:111:31)
    at CommitListenerSession.notifyListener (/home/dhanish/fabric_sfc/caliper-bench/node_modules/fabric-network/lib/impl/event/commitlistenersession.js:101:18)
    at EventListener.callback (/home/dhanish/fabric_sfc/caliper-bench/node_modules/fabric-network/lib/impl/event/commitlistenersession.js:92:18)
    at EventListener.onEvent (/home/dhanish/fabric_sfc/caliper-bench/node_modules/fabric-common/lib/EventListener.js:124:10)
    at EventService._callTransactionListener (/home/dhanish/fabric_sfc/caliper-bench/node_modules/fabric-common/lib/EventService.js:1051:16)
    at EventService._processTxEvents (/home/dhanish/fabric_sfc/caliper-bench/node_modules/fabric-common/lib/EventService.js:1006:12)
    at ClientDuplexStreamImpl.<anonymous> (/home/dhanish/fabric_sfc/caliper-bench/node_modules/fabric-common/lib/EventService.js:481:12)
    at ClientDuplexStreamImpl.emit (node:events:517:28)
    at addChunk (node:internal/streams/readable:368:12)
    at readableAddChunk (node:internal/streams/readable:341:9) {
  transactionId: '520be0fdc9395d28465539263651c8081969f1c8718af8ff3093821bfd0ce4f0',
  transactionCode: 'MVCC_READ_CONFLICT'
}
2026-08-11T09:20:08.265Z - [33mwarn[39m: [TransactionEventHandler]: strategyFail: commit failure for transaction "8539f45a4dd16bbe9eb4259a4dd02f6e94db1d87a6f4a33b92be37907b33cecb": TransactionError: Commit of transaction 8539f45a4dd16bbe9eb4259a4dd02f6e94db1d87a6f4a33b92be37907b33cecb failed on peer peer0.financiers.example.com:7051 with status MVCC_READ_CONFLICT
    at TransactionEventHandler.eventCallback (/home/dhanish/fabric_sfc/caliper-bench/node_modules/fabric-network/lib/impl/event/transactioneventhandler.js:111:31)
    at CommitListenerSession.notifyListener (/home/dhanish/fabric_sfc/caliper-bench/node_modules/fabric-network/lib/impl/event/commitlistenersession.js:101:18)
    at EventListener.callback (/home/dhanish/fabric_sfc/caliper-bench/node_modules/fabric-network/lib/impl/event/commitlistenersession.js:92:18)
    at EventListener.onEvent (/home/dhanish/fabric_sfc/caliper-bench/node_modules/fabric-common/lib/EventListener.js:124:10)
    at EventService._callTransactionListener (/home/dhanish/fabric_sfc/caliper-bench/node_modules/fabric-common/lib/EventService.js:1051:16)
    at EventService._processTxEvents (/home/dhanish/fabric_sfc/caliper-bench/node_modules/fabric-common/lib/EventService.js:1006:12)
    at ClientDuplexStreamImpl.<anonymous> (/home/dhanish/fabric_sfc/caliper-bench/node_modules/fabric-common/lib/EventService.js:481:12)
    at ClientDuplexStreamImpl.emit (node:events:517:28)
    at addChunk (node:internal/streams/readable:368:12)
    at readableAddChunk (node:internal/streams/readable:341:9) {
  transactionId: '8539f45a4dd16bbe9eb4259a4dd02f6e94db1d87a6f4a33b92be37907b33cecb',
  transactionCode: 'MVCC_READ_CONFLICT'
}
2026-08-11T09:20:08.265Z - [33mwarn[39m: [TransactionEventHandler]: strategyFail: commit failure for transaction "dd49d8014c2e1c6104ba8d169fe8ba20bb39a0474e7e15c9a170e62e25e7453c": TransactionError: Commit of transaction dd49d8014c2e1c6104ba8d169fe8ba20bb39a0474e7e15c9a170e62e25e7453c failed on peer peer0.financiers.example.com:7051 with status MVCC_READ_CONFLICT
    at TransactionEventHandler.eventCallback (/home/dhanish/fabric_sfc/caliper-bench/node_modules/fabric-network/lib/impl/event/transactioneventhandler.js:111:31)
    at CommitListenerSession.notifyListener (/home/dhanish/fabric_sfc/caliper-bench/node_modules/fabric-network/lib/impl/event/commitlistenersession.js:101:18)
    at EventListener.callback (/home/dhanish/fabric_sfc/caliper-bench/node_modules/fabric-network/lib/impl/event/commitlistenersession.js:92:18)
    at EventListener.onEvent (/home/dhanish/fabric_sfc/caliper-bench/node_modules/fabric-common/lib/EventListener.js:124:10)
    at EventService._callTransactionListener (/home/dhanish/fabric_sfc/caliper-bench/node_modules/fabric-common/lib/EventService.js:1051:16)
    at EventService._processTxEvents (/home/dhanish/fabric_sfc/caliper-bench/node_modules/fabric-common/lib/EventService.js:1006:12)
    at ClientDuplexStreamImpl.<anonymous> (/home/dhanish/fabric_sfc/caliper-bench/node_modules/fabric-common/lib/EventService.js:481:12)
    at ClientDuplexStreamImpl.emit (node:events:517:28)
    at addChunk (node:internal/streams/readable:368:12)
    at readableAddChunk (node:internal/streams/readable:341:9) {
  transactionId: 'dd49d8014c2e1c6104ba8d169fe8ba20bb39a0474e7e15c9a170e62e25e7453c',
  transactionCode: 'MVCC_READ_CONFLICT'
}
2026-08-11T09:20:08.265Z - [33mwarn[39m: [TransactionEventHandler]: strategyFail: commit failure for transaction "d69725e3f3d534a1e8202a84830651de2ffb59e13724908f98bddf1bcadd1964": TransactionError: Commit of transaction d69725e3f3d534a1e8202a84830651de2ffb59e13724908f98bddf1bcadd1964 failed on peer peer0.financiers.example.com:7051 with status MVCC_READ_CONFLICT
    at TransactionEventHandler.eventCallback (/home/dhanish/fabric_sfc/caliper-bench/node_modules/fabric-network/lib/impl/event/transactioneventhandler.js:111:31)
    at CommitListenerSession.notifyListener (/home/dhanish/fabric_sfc/caliper-bench/node_modules/fabric-network/lib/impl/event/commitlistenersession.js:101:18)
    at EventListener.callback (/home/dhanish/fabric_sfc/caliper-bench/node_modules/fabric-network/lib/impl/event/commitlistenersession.js:92:18)
    at EventListener.onEvent (/home/dhanish/fabric_sfc/caliper-bench/node_modules/fabric-common/lib/EventListener.js:124:10)
    at EventService._callTransactionListener (/home/dhanish/fabric_sfc/caliper-bench/node_modules/fabric-common/lib/EventService.js:1051:16)
    at EventService._processTxEvents (/home/dhanish/fabric_sfc/caliper-bench/node_modules/fabric-common/lib/EventService.js:1006:12)
    at ClientDuplexStreamImpl.<anonymous> (/home/dhanish/fabric_sfc/caliper-bench/node_modules/fabric-common/lib/EventService.js:481:12)
    at ClientDuplexStreamImpl.emit (node:events:517:28)
    at addChunk (node:internal/streams/readable:368:12)
    at readableAddChunk (node:internal/streams/readable:341:9) {
  transactionId: 'd69725e3f3d534a1e8202a84830651de2ffb59e13724908f98bddf1bcadd1964',
  transactionCode: 'MVCC_READ_CONFLICT'
}
2026-08-11T09:20:08.265Z - [33mwarn[39m: [TransactionEventHandler]: strategyFail: commit failure for transaction "d36b079b28f552764ae5f20a3dd10c2f00d2d3a5a564922f819f1bc5c1946744": TransactionError: Commit of transaction d36b079b28f552764ae5f20a3dd10c2f00d2d3a5a564922f819f1bc5c1946744 failed on peer peer0.financiers.example.com:7051 with status MVCC_READ_CONFLICT
    at TransactionEventHandler.eventCallback (/home/dhanish/fabric_sfc/caliper-bench/node_modules/fabric-network/lib/impl/event/transactioneventhandler.js:111:31)
    at CommitListenerSession.notifyListener (/home/dhanish/fabric_sfc/caliper-bench/node_modules/fabric-network/lib/impl/event/commitlistenersession.js:101:18)
    at EventListener.callback (/home/dhanish/fabric_sfc/caliper-bench/node_modules/fabric-network/lib/impl/event/commitlistenersession.js:92:18)
    at EventListener.onEvent (/home/dhanish/fabric_sfc/caliper-bench/node_modules/fabric-common/lib/EventListener.js:124:10)
    at EventService._callTransactionListener (/home/dhanish/fabric_sfc/caliper-bench/node_modules/fabric-common/lib/EventService.js:1051:16)
    at EventService._processTxEvents (/home/dhanish/fabric_sfc/caliper-bench/node_modules/fabric-common/lib/EventService.js:1006:12)
    at ClientDuplexStreamImpl.<anonymous> (/home/dhanish/fabric_sfc/caliper-bench/node_modules/fabric-common/lib/EventService.js:481:12)
    at ClientDuplexStreamImpl.emit (node:events:517:28)
    at addChunk (node:internal/streams/readable:368:12)
    at readableAddChunk (node:internal/streams/readable:341:9) {
  transactionId: 'd36b079b28f552764ae5f20a3dd10c2f00d2d3a5a564922f819f1bc5c1946744',
  transactionCode: 'MVCC_READ_CONFLICT'
}
2026.08.11-09:20:08.265[31m error[39m [caliper] [connectors/v2/FabricGateway] 	Failed to perform submit transaction [setFinancePolicyForFinancier] using arguments [,{"minAPR":0.08,"maxAPR":0.24,"baseAPR":0.14,"minTenorDays":7,"maxTenorDays":45,"tenor":21,"minLtvPct":55,"maxLtvPct":85,"ltv":72,"penaltyBasePct":0.4}],  with error: TransactionError: Commit of transaction dd49d8014c2e1c6104ba8d169fe8ba20bb39a0474e7e15c9a170e62e25e7453c failed on peer peer0.financiers.example.com:7051 with status MVCC_READ_CONFLICT
    at TransactionEventHandler.eventCallback (/home/dhanish/fabric_sfc/caliper-bench/node_modules/fabric-network/lib/impl/event/transactioneventhandler.js:111:31)
    at CommitListenerSession.notifyListener (/home/dhanish/fabric_sfc/caliper-bench/node_modules/fabric-network/lib/impl/event/commitlistenersession.js:101:18)
    at EventListener.callback (/home/dhanish/fabric_sfc/caliper-bench/node_modules/fabric-network/lib/impl/event/commitlistenersession.js:92:18)
    at EventListener.onEvent (/home/dhanish/fabric_sfc/caliper-bench/node_modules/fabric-common/lib/EventListener.js:124:10)
    at EventService._callTransactionListener (/home/dhanish/fabric_sfc/caliper-bench/node_modules/fabric-common/lib/EventService.js:1051:16)
    at EventService._processTxEvents (/home/dhanish/fabric_sfc/caliper-bench/node_modules/fabric-common/lib/EventService.js:1006:12)
    at ClientDuplexStreamImpl.<anonymous> (/home/dhanish/fabric_sfc/caliper-bench/node_modules/fabric-common/lib/EventService.js:481:12)
    at ClientDuplexStreamImpl.emit (node:events:517:28)
    at addChunk (node:internal/streams/readable:368:12)
    at readableAddChunk (node:internal/streams/readable:341:9)
2026.08.11-09:20:08.265[31m error[39m [caliper] [connectors/v2/FabricGateway] 	Failed to perform submit transaction [setFinancePolicyForFinancier] using arguments [,{"minAPR":0.08,"maxAPR":0.24,"baseAPR":0.14,"minTenorDays":7,"maxTenorDays":45,"tenor":21,"minLtvPct":55,"maxLtvPct":85,"ltv":72,"penaltyBasePct":0.4}],  with error: TransactionError: Commit of transaction 8539f45a4dd16bbe9eb4259a4dd02f6e94db1d87a6f4a33b92be37907b33cecb failed on peer peer0.financiers.example.com:7051 with status MVCC_READ_CONFLICT
    at TransactionEventHandler.eventCallback (/home/dhanish/fabric_sfc/caliper-bench/node_modules/fabric-network/lib/impl/event/transactioneventhandler.js:111:31)
    at CommitListenerSession.notifyListener (/home/dhanish/fabric_sfc/caliper-bench/node_modules/fabric-network/lib/impl/event/commitlistenersession.js:101:18)
    at EventListener.callback (/home/dhanish/fabric_sfc/caliper-bench/node_modules/fabric-network/lib/impl/event/commitlistenersession.js:92:18)
    at EventListener.onEvent (/home/dhanish/fabric_sfc/caliper-bench/node_modules/fabric-common/lib/EventListener.js:124:10)
    at EventService._callTransactionListener (/home/dhanish/fabric_sfc/caliper-bench/node_modules/fabric-common/lib/EventService.js:1051:16)
    at EventService._processTxEvents (/home/dhanish/fabric_sfc/caliper-bench/node_modules/fabric-common/lib/EventService.js:1006:12)
    at ClientDuplexStreamImpl.<anonymous> (/home/dhanish/fabric_sfc/caliper-bench/node_modules/fabric-common/lib/EventService.js:481:12)
    at ClientDuplexStreamImpl.emit (node:events:517:28)
    at addChunk (node:internal/streams/readable:368:12)
    at readableAddChunk (node:internal/streams/readable:341:9)
2026.08.11-09:20:08.265[31m error[39m [caliper] [connectors/v2/FabricGateway] 	Failed to perform submit transaction [setFinancePolicyForFinancier] using arguments [,{"minAPR":0.08,"maxAPR":0.24,"baseAPR":0.14,"minTenorDays":7,"maxTenorDays":45,"tenor":21,"minLtvPct":55,"maxLtvPct":85,"ltv":72,"penaltyBasePct":0.4}],  with error: TransactionError: Commit of transaction 978af6425e6d2fac5b2a63f12d9f424800cb2f8a7c244b14ba737de14bd94fec failed on peer peer0.financiers.example.com:7051 with status MVCC_READ_CONFLICT
    at TransactionEventHandler.eventCallback (/home/dhanish/fabric_sfc/caliper-bench/node_modules/fabric-network/lib/impl/event/transactioneventhandler.js:111:31)
    at CommitListenerSession.notifyListener (/home/dhanish/fabric_sfc/caliper-bench/node_modules/fabric-network/lib/impl/event/commitlistenersession.js:101:18)
    at EventListener.callback (/home/dhanish/fabric_sfc/caliper-bench/node_modules/fabric-network/lib/impl/event/commitlistenersession.js:92:18)
    at EventListener.onEvent (/home/dhanish/fabric_sfc/caliper-bench/node_modules/fabric-common/lib/EventListener.js:124:10)
    at EventService._callTransactionListener (/home/dhanish/fabric_sfc/caliper-bench/node_modules/fabric-common/lib/EventService.js:1051:16)
    at EventService._processTxEvents (/home/dhanish/fabric_sfc/caliper-bench/node_modules/fabric-common/lib/EventService.js:1006:12)
    at ClientDuplexStreamImpl.<anonymous> (/home/dhanish/fabric_sfc/caliper-bench/node_modules/fabric-common/lib/EventService.js:481:12)
    at ClientDuplexStreamImpl.emit (node:events:517:28)
    at addChunk (node:internal/streams/readable:368:12)
    at readableAddChunk (node:internal/streams/readable:341:9)
2026.08.11-09:20:08.265[31m error[39m [caliper] [connectors/v2/FabricGateway] 	Failed to perform submit transaction [setFinancePolicyForFinancier] using arguments [,{"minAPR":0.08,"maxAPR":0.24,"baseAPR":0.14,"minTenorDays":7,"maxTenorDays":45,"tenor":21,"minLtvPct":55,"maxLtvPct":85,"ltv":72,"penaltyBasePct":0.4}],  with error: TransactionError: Commit of transaction d69725e3f3d534a1e8202a84830651de2ffb59e13724908f98bddf1bcadd1964 failed on peer peer0.financiers.example.com:7051 with status MVCC_READ_CONFLICT
    at TransactionEventHandler.eventCallback (/home/dhanish/fabric_sfc/caliper-bench/node_modules/fabric-network/lib/impl/event/transactioneventhandler.js:111:31)
    at CommitListenerSession.notifyListener (/home/dhanish/fabric_sfc/caliper-bench/node_modules/fabric-network/lib/impl/event/commitlistenersession.js:101:18)
    at EventListener.callback (/home/dhanish/fabric_sfc/caliper-bench/node_modules/fabric-network/lib/impl/event/commitlistenersession.js:92:18)
    at EventListener.onEvent (/home/dhanish/fabric_sfc/caliper-bench/node_modules/fabric-common/lib/EventListener.js:124:10)
    at EventService._callTransactionListener (/home/dhanish/fabric_sfc/caliper-bench/node_modules/fabric-common/lib/EventService.js:1051:16)
    at EventService._processTxEvents (/home/dhanish/fabric_sfc/caliper-bench/node_modules/fabric-common/lib/EventService.js:1006:12)
    at ClientDuplexStreamImpl.<anonymous> (/home/dhanish/fabric_sfc/caliper-bench/node_modules/fabric-common/lib/EventService.js:481:12)
    at ClientDuplexStreamImpl.emit (node:events:517:28)
    at addChunk (node:internal/streams/readable:368:12)
    at readableAddChunk (node:internal/streams/readable:341:9)
2026.08.11-09:20:08.265[31m error[39m [caliper] [connectors/v2/FabricGateway] 	Failed to perform submit transaction [setFinancePolicyForFinancier] using arguments [,{"minAPR":0.08,"maxAPR":0.24,"baseAPR":0.14,"minTenorDays":7,"maxTenorDays":45,"tenor":21,"minLtvPct":55,"maxLtvPct":85,"ltv":72,"penaltyBasePct":0.4}],  with error: TransactionError: Commit of transaction 520be0fdc9395d28465539263651c8081969f1c8718af8ff3093821bfd0ce4f0 failed on peer peer0.financiers.example.com:7051 with status MVCC_READ_CONFLICT
    at TransactionEventHandler.eventCallback (/home/dhanish/fabric_sfc/caliper-bench/node_modules/fabric-network/lib/impl/event/transactioneventhandler.js:111:31)
    at CommitListenerSession.notifyListener (/home/dhanish/fabric_sfc/caliper-bench/node_modules/fabric-network/lib/impl/event/commitlistenersession.js:101:18)
    at EventListener.callback (/home/dhanish/fabric_sfc/caliper-bench/node_modules/fabric-network/lib/impl/event/commitlistenersession.js:92:18)
    at EventListener.onEvent (/home/dhanish/fabric_sfc/caliper-bench/node_modules/fabric-common/lib/EventListener.js:124:10)
    at EventService._callTransactionListener (/home/dhanish/fabric_sfc/caliper-bench/node_modules/fabric-common/lib/EventService.js:1051:16)
    at EventService._processTxEvents (/home/dhanish/fabric_sfc/caliper-bench/node_modules/fabric-common/lib/EventService.js:1006:12)
    at ClientDuplexStreamImpl.<anonymous> (/home/dhanish/fabric_sfc/caliper-bench/node_modules/fabric-common/lib/EventService.js:481:12)
    at ClientDuplexStreamImpl.emit (node:events:517:28)
    at addChunk (node:internal/streams/readable:368:12)
    at readableAddChunk (node:internal/streams/readable:341:9)
2026.08.11-09:20:08.266[31m error[39m [caliper] [connectors/v2/FabricGateway] 	Failed to perform submit transaction [setFinancePolicyForFinancier] using arguments [,{"minAPR":0.08,"maxAPR":0.24,"baseAPR":0.14,"minTenorDays":7,"maxTenorDays":45,"tenor":21,"minLtvPct":55,"maxLtvPct":85,"ltv":72,"penaltyBasePct":0.4}],  with error: TransactionError: Commit of transaction d36b079b28f552764ae5f20a3dd10c2f00d2d3a5a564922f819f1bc5c1946744 failed on peer peer0.financiers.example.com:7051 with status MVCC_READ_CONFLICT
    at TransactionEventHandler.eventCallback (/home/dhanish/fabric_sfc/caliper-bench/node_modules/fabric-network/lib/impl/event/transactioneventhandler.js:111:31)
    at CommitListenerSession.notifyListener (/home/dhanish/fabric_sfc/caliper-bench/node_modules/fabric-network/lib/impl/event/commitlistenersession.js:101:18)
    at EventListener.callback (/home/dhanish/fabric_sfc/caliper-bench/node_modules/fabric-network/lib/impl/event/commitlistenersession.js:92:18)
    at EventListener.onEvent (/home/dhanish/fabric_sfc/caliper-bench/node_modules/fabric-common/lib/EventListener.js:124:10)
    at EventService._callTransactionListener (/home/dhanish/fabric_sfc/caliper-bench/node_modules/fabric-common/lib/EventService.js:1051:16)
    at EventService._processTxEvents (/home/dhanish/fabric_sfc/caliper-bench/node_modules/fabric-common/lib/EventService.js:1006:12)
    at ClientDuplexStreamImpl.<anonymous> (/home/dhanish/fabric_sfc/caliper-bench/node_modules/fabric-common/lib/EventService.js:481:12)
    at ClientDuplexStreamImpl.emit (node:events:517:28)
    at addChunk (node:internal/streams/readable:368:12)
    at readableAddChunk (node:internal/streams/readable:341:9)
2026-08-11T09:20:08.266Z - [33mwarn[39m: [TransactionEventHandler]: strategyFail: commit failure for transaction "ed938634abfbfbceb00f07e3a82fcbfcaad15bc4f1408ef47babfecf59bf8189": TransactionError: Commit of transaction ed938634abfbfbceb00f07e3a82fcbfcaad15bc4f1408ef47babfecf59bf8189 failed on peer peer0.financiers.example.com:7051 with status MVCC_READ_CONFLICT
    at TransactionEventHandler.eventCallback (/home/dhanish/fabric_sfc/caliper-bench/node_modules/fabric-network/lib/impl/event/transactioneventhandler.js:111:31)
    at CommitListenerSession.notifyListener (/home/dhanish/fabric_sfc/caliper-bench/node_modules/fabric-network/lib/impl/event/commitlistenersession.js:101:18)
    at EventListener.callback (/home/dhanish/fabric_sfc/caliper-bench/node_modules/fabric-network/lib/impl/event/commitlistenersession.js:92:18)
    at EventListener.onEvent (/home/dhanish/fabric_sfc/caliper-bench/node_modules/fabric-common/lib/EventListener.js:124:10)
    at EventService._callTransactionListener (/home/dhanish/fabric_sfc/caliper-bench/node_modules/fabric-common/lib/EventService.js:1051:16)
    at EventService._processTxEvents (/home/dhanish/fabric_sfc/caliper-bench/node_modules/fabric-common/lib/EventService.js:1006:12)
    at ClientDuplexStreamImpl.<anonymous> (/home/dhanish/fabric_sfc/caliper-bench/node_modules/fabric-common/lib/EventService.js:481:12)
    at ClientDuplexStreamImpl.emit (node:events:517:28)
    at addChunk (node:internal/streams/readable:368:12)
    at readableAddChunk (node:internal/streams/readable:341:9) {
  transactionId: 'ed938634abfbfbceb00f07e3a82fcbfcaad15bc4f1408ef47babfecf59bf8189',
  transactionCode: 'MVCC_READ_CONFLICT'
}
2026-08-11T09:20:08.267Z - [33mwarn[39m: [TransactionEventHandler]: strategyFail: commit failure for transaction "84abba50585a0541d79394b377069829d62d79326ffd85e280c6c77dda18bd26": TransactionError: Commit of transaction 84abba50585a0541d79394b377069829d62d79326ffd85e280c6c77dda18bd26 failed on peer peer0.financiers.example.com:7051 with status MVCC_READ_CONFLICT
    at TransactionEventHandler.eventCallback (/home/dhanish/fabric_sfc/caliper-bench/node_modules/fabric-network/lib/impl/event/transactioneventhandler.js:111:31)
    at CommitListenerSession.notifyListener (/home/dhanish/fabric_sfc/caliper-bench/node_modules/fabric-network/lib/impl/event/commitlistenersession.js:101:18)
    at EventListener.callback (/home/dhanish/fabric_sfc/caliper-bench/node_modules/fabric-network/lib/impl/event/commitlistenersession.js:92:18)
    at EventListener.onEvent (/home/dhanish/fabric_sfc/caliper-bench/node_modules/fabric-common/lib/EventListener.js:124:10)
    at EventService._callTransactionListener (/home/dhanish/fabric_sfc/caliper-bench/node_modules/fabric-common/lib/EventService.js:1051:16)
    at EventService._processTxEvents (/home/dhanish/fabric_sfc/caliper-bench/node_modules/fabric-common/lib/EventService.js:1006:12)
    at ClientDuplexStreamImpl.<anonymous> (/home/dhanish/fabric_sfc/caliper-bench/node_modules/fabric-common/lib/EventService.js:481:12)
    at ClientDuplexStreamImpl.emit (node:events:517:28)
    at addChunk (node:internal/streams/readable:368:12)
    at readableAddChunk (node:internal/streams/readable:341:9) {
  transactionId: '84abba50585a0541d79394b377069829d62d79326ffd85e280c6c77dda18bd26',
  transactionCode: 'MVCC_READ_CONFLICT'
}
2026-08-11T09:20:08.267Z - [33mwarn[39m: [TransactionEventHandler]: strategyFail: commit failure for transaction "2cbbf94bf7f2a90c87cb7c6336ff7f97ad1e4457e1f63d59ee60b6c1cace3a47": TransactionError: Commit of transaction 2cbbf94bf7f2a90c87cb7c6336ff7f97ad1e4457e1f63d59ee60b6c1cace3a47 failed on peer peer0.financiers.example.com:7051 with status MVCC_READ_CONFLICT
    at TransactionEventHandler.eventCallback (/home/dhanish/fabric_sfc/caliper-bench/node_modules/fabric-network/lib/impl/event/transactioneventhandler.js:111:31)
    at CommitListenerSession.notifyListener (/home/dhanish/fabric_sfc/caliper-bench/node_modules/fabric-network/lib/impl/event/commitlistenersession.js:101:18)
    at EventListener.callback (/home/dhanish/fabric_sfc/caliper-bench/node_modules/fabric-network/lib/impl/event/commitlistenersession.js:92:18)
    at EventListener.onEvent (/home/dhanish/fabric_sfc/caliper-bench/node_modules/fabric-common/lib/EventListener.js:124:10)
    at EventService._callTransactionListener (/home/dhanish/fabric_sfc/caliper-bench/node_modules/fabric-common/lib/EventService.js:1051:16)
    at EventService._processTxEvents (/home/dhanish/fabric_sfc/caliper-bench/node_modules/fabric-common/lib/EventService.js:1006:12)
    at ClientDuplexStreamImpl.<anonymous> (/home/dhanish/fabric_sfc/caliper-bench/node_modules/fabric-common/lib/EventService.js:481:12)
    at ClientDuplexStreamImpl.emit (node:events:517:28)
    at addChunk (node:internal/streams/readable:368:12)
    at readableAddChunk (node:internal/streams/readable:341:9) {
  transactionId: '2cbbf94bf7f2a90c87cb7c6336ff7f97ad1e4457e1f63d59ee60b6c1cace3a47',
  transactionCode: 'MVCC_READ_CONFLICT'
}
2026.08.11-09:20:08.267[31m error[39m [caliper] [connectors/v2/FabricGateway] 	Failed to perform submit transaction [setFinancePolicyForFinancier] using arguments [,{"minAPR":0.08,"maxAPR":0.24,"baseAPR":0.14,"minTenorDays":7,"maxTenorDays":45,"tenor":21,"minLtvPct":55,"maxLtvPct":85,"ltv":72,"penaltyBasePct":0.4}],  with error: TransactionError: Commit of transaction ed938634abfbfbceb00f07e3a82fcbfcaad15bc4f1408ef47babfecf59bf8189 failed on peer peer0.financiers.example.com:7051 with status MVCC_READ_CONFLICT
    at TransactionEventHandler.eventCallback (/home/dhanish/fabric_sfc/caliper-bench/node_modules/fabric-network/lib/impl/event/transactioneventhandler.js:111:31)
    at CommitListenerSession.notifyListener (/home/dhanish/fabric_sfc/caliper-bench/node_modules/fabric-network/lib/impl/event/commitlistenersession.js:101:18)
    at EventListener.callback (/home/dhanish/fabric_sfc/caliper-bench/node_modules/fabric-network/lib/impl/event/commitlistenersession.js:92:18)
    at EventListener.onEvent (/home/dhanish/fabric_sfc/caliper-bench/node_modules/fabric-common/lib/EventListener.js:124:10)
    at EventService._callTransactionListener (/home/dhanish/fabric_sfc/caliper-bench/node_modules/fabric-common/lib/EventService.js:1051:16)
    at EventService._processTxEvents (/home/dhanish/fabric_sfc/caliper-bench/node_modules/fabric-common/lib/EventService.js:1006:12)
    at ClientDuplexStreamImpl.<anonymous> (/home/dhanish/fabric_sfc/caliper-bench/node_modules/fabric-common/lib/EventService.js:481:12)
    at ClientDuplexStreamImpl.emit (node:events:517:28)
    at addChunk (node:internal/streams/readable:368:12)
    at readableAddChunk (node:internal/streams/readable:341:9)
2026.08.11-09:20:08.267[31m error[39m [caliper] [connectors/v2/FabricGateway] 	Failed to perform submit transaction [setFinancePolicyForFinancier] using arguments [,{"minAPR":0.08,"maxAPR":0.24,"baseAPR":0.14,"minTenorDays":7,"maxTenorDays":45,"tenor":21,"minLtvPct":55,"maxLtvPct":85,"ltv":72,"penaltyBasePct":0.4}],  with error: TransactionError: Commit of transaction 84abba50585a0541d79394b377069829d62d79326ffd85e280c6c77dda18bd26 failed on peer peer0.financiers.example.com:7051 with status MVCC_READ_CONFLICT
    at TransactionEventHandler.eventCallback (/home/dhanish/fabric_sfc/caliper-bench/node_modules/fabric-network/lib/impl/event/transactioneventhandler.js:111:31)
    at CommitListenerSession.notifyListener (/home/dhanish/fabric_sfc/caliper-bench/node_modules/fabric-network/lib/impl/event/commitlistenersession.js:101:18)
    at EventListener.callback (/home/dhanish/fabric_sfc/caliper-bench/node_modules/fabric-network/lib/impl/event/commitlistenersession.js:92:18)
    at EventListener.onEvent (/home/dhanish/fabric_sfc/caliper-bench/node_modules/fabric-common/lib/EventListener.js:124:10)
    at EventService._callTransactionListener (/home/dhanish/fabric_sfc/caliper-bench/node_modules/fabric-common/lib/EventService.js:1051:16)
    at EventService._processTxEvents (/home/dhanish/fabric_sfc/caliper-bench/node_modules/fabric-common/lib/EventService.js:1006:12)
    at ClientDuplexStreamImpl.<anonymous> (/home/dhanish/fabric_sfc/caliper-bench/node_modules/fabric-common/lib/EventService.js:481:12)
    at ClientDuplexStreamImpl.emit (node:events:517:28)
    at addChunk (node:internal/streams/readable:368:12)
    at readableAddChunk (node:internal/streams/readable:341:9)
2026.08.11-09:20:08.268[31m error[39m [caliper] [connectors/v2/FabricGateway] 	Failed to perform submit transaction [setFinancePolicyForFinancier] using arguments [,{"minAPR":0.08,"maxAPR":0.24,"baseAPR":0.14,"minTenorDays":7,"maxTenorDays":45,"tenor":21,"minLtvPct":55,"maxLtvPct":85,"ltv":72,"penaltyBasePct":0.4}],  with error: TransactionError: Commit of transaction 2cbbf94bf7f2a90c87cb7c6336ff7f97ad1e4457e1f63d59ee60b6c1cace3a47 failed on peer peer0.financiers.example.com:7051 with status MVCC_READ_CONFLICT
    at TransactionEventHandler.eventCallback (/home/dhanish/fabric_sfc/caliper-bench/node_modules/fabric-network/lib/impl/event/transactioneventhandler.js:111:31)
    at CommitListenerSession.notifyListener (/home/dhanish/fabric_sfc/caliper-bench/node_modules/fabric-network/lib/impl/event/commitlistenersession.js:101:18)
    at EventListener.callback (/home/dhanish/fabric_sfc/caliper-bench/node_modules/fabric-network/lib/impl/event/commitlistenersession.js:92:18)
    at EventListener.onEvent (/home/dhanish/fabric_sfc/caliper-bench/node_modules/fabric-common/lib/EventListener.js:124:10)
    at EventService._callTransactionListener (/home/dhanish/fabric_sfc/caliper-bench/node_modules/fabric-common/lib/EventService.js:1051:16)
    at EventService._processTxEvents (/home/dhanish/fabric_sfc/caliper-bench/node_modules/fabric-common/lib/EventService.js:1006:12)
    at ClientDuplexStreamImpl.<anonymous> (/home/dhanish/fabric_sfc/caliper-bench/node_modules/fabric-common/lib/EventService.js:481:12)
    at ClientDuplexStreamImpl.emit (node:events:517:28)
    at addChunk (node:internal/streams/readable:368:12)
    at readableAddChunk (node:internal/streams/readable:341:9)
2026-08-11T09:20:08.301Z - [33mwarn[39m: [TransactionEventHandler]: strategyFail: commit failure for transaction "16197d53c9340d9f7f8a4f307ea3ec09a0d6a7dc5edbdcc47c699d67ea183742": TransactionError: Commit of transaction 16197d53c9340d9f7f8a4f307ea3ec09a0d6a7dc5edbdcc47c699d67ea183742 failed on peer peer0.financiers.example.com:7051 with status MVCC_READ_CONFLICT
    at TransactionEventHandler.eventCallback (/home/dhanish/fabric_sfc/caliper-bench/node_modules/fabric-network/lib/impl/event/transactioneventhandler.js:111:31)
    at CommitListenerSession.notifyListener (/home/dhanish/fabric_sfc/caliper-bench/node_modules/fabric-network/lib/impl/event/commitlistenersession.js:101:18)
    at EventListener.callback (/home/dhanish/fabric_sfc/caliper-bench/node_modules/fabric-network/lib/impl/event/commitlistenersession.js:92:18)
    at EventListener.onEvent (/home/dhanish/fabric_sfc/caliper-bench/node_modules/fabric-common/lib/EventListener.js:124:10)
    at EventService._callTransactionListener (/home/dhanish/fabric_sfc/caliper-bench/node_modules/fabric-common/lib/EventService.js:1051:16)
    at EventService._processTxEvents (/home/dhanish/fabric_sfc/caliper-bench/node_modules/fabric-common/lib/EventService.js:1006:12)
    at ClientDuplexStreamImpl.<anonymous> (/home/dhanish/fabric_sfc/caliper-bench/node_modules/fabric-common/lib/EventService.js:481:12)
    at ClientDuplexStreamImpl.emit (node:events:517:28)
    at addChunk (node:internal/streams/readable:368:12)
    at readableAddChunk (node:internal/streams/readable:341:9) {
  transactionId: '16197d53c9340d9f7f8a4f307ea3ec09a0d6a7dc5edbdcc47c699d67ea183742',
  transactionCode: 'MVCC_READ_CONFLICT'
}
2026-08-11T09:20:08.301Z - [33mwarn[39m: [TransactionEventHandler]: strategyFail: commit failure for transaction "7f8076de4fbf8dfed4adfa56b8f6797ae5e55f2ce24c8adc843ed644906b8b7b": TransactionError: Commit of transaction 7f8076de4fbf8dfed4adfa56b8f6797ae5e55f2ce24c8adc843ed644906b8b7b failed on peer peer0.financiers.example.com:7051 with status MVCC_READ_CONFLICT
    at TransactionEventHandler.eventCallback (/home/dhanish/fabric_sfc/caliper-bench/node_modules/fabric-network/lib/impl/event/transactioneventhandler.js:111:31)
    at CommitListenerSession.notifyListener (/home/dhanish/fabric_sfc/caliper-bench/node_modules/fabric-network/lib/impl/event/commitlistenersession.js:101:18)
    at EventListener.callback (/home/dhanish/fabric_sfc/caliper-bench/node_modules/fabric-network/lib/impl/event/commitlistenersession.js:92:18)
    at EventListener.onEvent (/home/dhanish/fabric_sfc/caliper-bench/node_modules/fabric-common/lib/EventListener.js:124:10)
    at EventService._callTransactionListener (/home/dhanish/fabric_sfc/caliper-bench/node_modules/fabric-common/lib/EventService.js:1051:16)
    at EventService._processTxEvents (/home/dhanish/fabric_sfc/caliper-bench/node_modules/fabric-common/lib/EventService.js:1006:12)
    at ClientDuplexStreamImpl.<anonymous> (/home/dhanish/fabric_sfc/caliper-bench/node_modules/fabric-common/lib/EventService.js:481:12)
    at ClientDuplexStreamImpl.emit (node:events:517:28)
    at addChunk (node:internal/streams/readable:368:12)
    at readableAddChunk (node:internal/streams/readable:341:9) {
  transactionId: '7f8076de4fbf8dfed4adfa56b8f6797ae5e55f2ce24c8adc843ed644906b8b7b',
  transactionCode: 'MVCC_READ_CONFLICT'
}
2026-08-11T09:20:08.301Z - [33mwarn[39m: [TransactionEventHandler]: strategyFail: commit failure for transaction "23d8a786f6711e9e8905a38d18c2252964bf625b22aa2a749631c6428752f693": TransactionError: Commit of transaction 23d8a786f6711e9e8905a38d18c2252964bf625b22aa2a749631c6428752f693 failed on peer peer0.financiers.example.com:7051 with status MVCC_READ_CONFLICT
    at TransactionEventHandler.eventCallback (/home/dhanish/fabric_sfc/caliper-bench/node_modules/fabric-network/lib/impl/event/transactioneventhandler.js:111:31)
    at CommitListenerSession.notifyListener (/home/dhanish/fabric_sfc/caliper-bench/node_modules/fabric-network/lib/impl/event/commitlistenersession.js:101:18)
    at EventListener.callback (/home/dhanish/fabric_sfc/caliper-bench/node_modules/fabric-network/lib/impl/event/commitlistenersession.js:92:18)
    at EventListener.onEvent (/home/dhanish/fabric_sfc/caliper-bench/node_modules/fabric-common/lib/EventListener.js:124:10)
    at EventService._callTransactionListener (/home/dhanish/fabric_sfc/caliper-bench/node_modules/fabric-common/lib/EventService.js:1051:16)
    at EventService._processTxEvents (/home/dhanish/fabric_sfc/caliper-bench/node_modules/fabric-common/lib/EventService.js:1006:12)
    at ClientDuplexStreamImpl.<anonymous> (/home/dhanish/fabric_sfc/caliper-bench/node_modules/fabric-common/lib/EventService.js:481:12)
    at ClientDuplexStreamImpl.emit (node:events:517:28)
    at addChunk (node:internal/streams/readable:368:12)
    at readableAddChunk (node:internal/streams/readable:341:9) {
  transactionId: '23d8a786f6711e9e8905a38d18c2252964bf625b22aa2a749631c6428752f693',
  transactionCode: 'MVCC_READ_CONFLICT'
}
2026-08-11T09:20:08.301Z - [33mwarn[39m: [TransactionEventHandler]: strategyFail: commit failure for transaction "1c4e2702ef8ce82cc700ed7d1ef90789f63b65ed43e4325594c78349c052e0d8": TransactionError: Commit of transaction 1c4e2702ef8ce82cc700ed7d1ef90789f63b65ed43e4325594c78349c052e0d8 failed on peer peer0.financiers.example.com:7051 with status MVCC_READ_CONFLICT
    at TransactionEventHandler.eventCallback (/home/dhanish/fabric_sfc/caliper-bench/node_modules/fabric-network/lib/impl/event/transactioneventhandler.js:111:31)
    at CommitListenerSession.notifyListener (/home/dhanish/fabric_sfc/caliper-bench/node_modules/fabric-network/lib/impl/event/commitlistenersession.js:101:18)
    at EventListener.callback (/home/dhanish/fabric_sfc/caliper-bench/node_modules/fabric-network/lib/impl/event/commitlistenersession.js:92:18)
    at EventListener.onEvent (/home/dhanish/fabric_sfc/caliper-bench/node_modules/fabric-common/lib/EventListener.js:124:10)
    at EventService._callTransactionListener (/home/dhanish/fabric_sfc/caliper-bench/node_modules/fabric-common/lib/EventService.js:1051:16)
    at EventService._processTxEvents (/home/dhanish/fabric_sfc/caliper-bench/node_modules/fabric-common/lib/EventService.js:1006:12)
    at ClientDuplexStreamImpl.<anonymous> (/home/dhanish/fabric_sfc/caliper-bench/node_modules/fabric-common/lib/EventService.js:481:12)
    at ClientDuplexStreamImpl.emit (node:events:517:28)
    at addChunk (node:internal/streams/readable:368:12)
    at readableAddChunk (node:internal/streams/readable:341:9) {
  transactionId: '1c4e2702ef8ce82cc700ed7d1ef90789f63b65ed43e4325594c78349c052e0d8',
  transactionCode: 'MVCC_READ_CONFLICT'
}
2026-08-11T09:20:08.301Z - [33mwarn[39m: [TransactionEventHandler]: strategyFail: commit failure for transaction "7865d8510df004ce76192e74613be340155f6e1bfe7d7c416fa0443108511191": TransactionError: Commit of transaction 7865d8510df004ce76192e74613be340155f6e1bfe7d7c416fa0443108511191 failed on peer peer0.financiers.example.com:7051 with status MVCC_READ_CONFLICT
    at TransactionEventHandler.eventCallback (/home/dhanish/fabric_sfc/caliper-bench/node_modules/fabric-network/lib/impl/event/transactioneventhandler.js:111:31)
    at CommitListenerSession.notifyListener (/home/dhanish/fabric_sfc/caliper-bench/node_modules/fabric-network/lib/impl/event/commitlistenersession.js:101:18)
    at EventListener.callback (/home/dhanish/fabric_sfc/caliper-bench/node_modules/fabric-network/lib/impl/event/commitlistenersession.js:92:18)
    at EventListener.onEvent (/home/dhanish/fabric_sfc/caliper-bench/node_modules/fabric-common/lib/EventListener.js:124:10)
    at EventService._callTransactionListener (/home/dhanish/fabric_sfc/caliper-bench/node_modules/fabric-common/lib/EventService.js:1051:16)
    at EventService._processTxEvents (/home/dhanish/fabric_sfc/caliper-bench/node_modules/fabric-common/lib/EventService.js:1006:12)
    at ClientDuplexStreamImpl.<anonymous> (/home/dhanish/fabric_sfc/caliper-bench/node_modules/fabric-common/lib/EventService.js:481:12)
    at ClientDuplexStreamImpl.emit (node:events:517:28)
    at addChunk (node:internal/streams/readable:368:12)
    at readableAddChunk (node:internal/streams/readable:341:9) {
  transactionId: '7865d8510df004ce76192e74613be340155f6e1bfe7d7c416fa0443108511191',
  transactionCode: 'MVCC_READ_CONFLICT'
}
2026-08-11T09:20:08.301Z - [33mwarn[39m: [TransactionEventHandler]: strategyFail: commit failure for transaction "8f7fb6bf07e966f28828de6bf9ff0d6031c2ab73f721ab26bd1d7df935ab3767": TransactionError: Commit of transaction 8f7fb6bf07e966f28828de6bf9ff0d6031c2ab73f721ab26bd1d7df935ab3767 failed on peer peer0.financiers.example.com:7051 with status MVCC_READ_CONFLICT
    at TransactionEventHandler.eventCallback (/home/dhanish/fabric_sfc/caliper-bench/node_modules/fabric-network/lib/impl/event/transactioneventhandler.js:111:31)
    at CommitListenerSession.notifyListener (/home/dhanish/fabric_sfc/caliper-bench/node_modules/fabric-network/lib/impl/event/commitlistenersession.js:101:18)
    at EventListener.callback (/home/dhanish/fabric_sfc/caliper-bench/node_modules/fabric-network/lib/impl/event/commitlistenersession.js:92:18)
    at EventListener.onEvent (/home/dhanish/fabric_sfc/caliper-bench/node_modules/fabric-common/lib/EventListener.js:124:10)
    at EventService._callTransactionListener (/home/dhanish/fabric_sfc/caliper-bench/node_modules/fabric-common/lib/EventService.js:1051:16)
    at EventService._processTxEvents (/home/dhanish/fabric_sfc/caliper-bench/node_modules/fabric-common/lib/EventService.js:1006:12)
    at ClientDuplexStreamImpl.<anonymous> (/home/dhanish/fabric_sfc/caliper-bench/node_modules/fabric-common/lib/EventService.js:481:12)
    at ClientDuplexStreamImpl.emit (node:events:517:28)
    at addChunk (node:internal/streams/readable:368:12)
    at readableAddChunk (node:internal/streams/readable:341:9) {
  transactionId: '8f7fb6bf07e966f28828de6bf9ff0d6031c2ab73f721ab26bd1d7df935ab3767',
  transactionCode: 'MVCC_READ_CONFLICT'
}
2026.08.11-09:20:08.301[31m error[39m [caliper] [connectors/v2/FabricGateway] 	Failed to perform submit transaction [setFinancePolicyForFinancier] using arguments [,{"minAPR":0.08,"maxAPR":0.24,"baseAPR":0.14,"minTenorDays":7,"maxTenorDays":45,"tenor":21,"minLtvPct":55,"maxLtvPct":85,"ltv":72,"penaltyBasePct":0.4}],  with error: TransactionError: Commit of transaction 16197d53c9340d9f7f8a4f307ea3ec09a0d6a7dc5edbdcc47c699d67ea183742 failed on peer peer0.financiers.example.com:7051 with status MVCC_READ_CONFLICT
    at TransactionEventHandler.eventCallback (/home/dhanish/fabric_sfc/caliper-bench/node_modules/fabric-network/lib/impl/event/transactioneventhandler.js:111:31)
    at CommitListenerSession.notifyListener (/home/dhanish/fabric_sfc/caliper-bench/node_modules/fabric-network/lib/impl/event/commitlistenersession.js:101:18)
    at EventListener.callback (/home/dhanish/fabric_sfc/caliper-bench/node_modules/fabric-network/lib/impl/event/commitlistenersession.js:92:18)
    at EventListener.onEvent (/home/dhanish/fabric_sfc/caliper-bench/node_modules/fabric-common/lib/EventListener.js:124:10)
    at EventService._callTransactionListener (/home/dhanish/fabric_sfc/caliper-bench/node_modules/fabric-common/lib/EventService.js:1051:16)
    at EventService._processTxEvents (/home/dhanish/fabric_sfc/caliper-bench/node_modules/fabric-common/lib/EventService.js:1006:12)
    at ClientDuplexStreamImpl.<anonymous> (/home/dhanish/fabric_sfc/caliper-bench/node_modules/fabric-common/lib/EventService.js:481:12)
    at ClientDuplexStreamImpl.emit (node:events:517:28)
    at addChunk (node:internal/streams/readable:368:12)
    at readableAddChunk (node:internal/streams/readable:341:9)
2026-08-11T09:20:08.301Z - [33mwarn[39m: [TransactionEventHandler]: strategyFail: commit failure for transaction "0ae78c89e4213e206b9b2945e372db16df93318463d23e0295a9876665b56380": TransactionError: Commit of transaction 0ae78c89e4213e206b9b2945e372db16df93318463d23e0295a9876665b56380 failed on peer peer0.financiers.example.com:7051 with status MVCC_READ_CONFLICT
    at TransactionEventHandler.eventCallback (/home/dhanish/fabric_sfc/caliper-bench/node_modules/fabric-network/lib/impl/event/transactioneventhandler.js:111:31)
    at CommitListenerSession.notifyListener (/home/dhanish/fabric_sfc/caliper-bench/node_modules/fabric-network/lib/impl/event/commitlistenersession.js:101:18)
    at EventListener.callback (/home/dhanish/fabric_sfc/caliper-bench/node_modules/fabric-network/lib/impl/event/commitlistenersession.js:92:18)
    at EventListener.onEvent (/home/dhanish/fabric_sfc/caliper-bench/node_modules/fabric-common/lib/EventListener.js:124:10)
    at EventService._callTransactionListener (/home/dhanish/fabric_sfc/caliper-bench/node_modules/fabric-common/lib/EventService.js:1051:16)
    at EventService._processTxEvents (/home/dhanish/fabric_sfc/caliper-bench/node_modules/fabric-common/lib/EventService.js:1006:12)
    at ClientDuplexStreamImpl.<anonymous> (/home/dhanish/fabric_sfc/caliper-bench/node_modules/fabric-common/lib/EventService.js:481:12)
    at ClientDuplexStreamImpl.emit (node:events:517:28)
    at addChunk (node:internal/streams/readable:368:12)
    at readableAddChunk (node:internal/streams/readable:341:9) {
  transactionId: '0ae78c89e4213e206b9b2945e372db16df93318463d23e0295a9876665b56380',
  transactionCode: 'MVCC_READ_CONFLICT'
}
2026-08-11T09:20:08.302Z - [33mwarn[39m: [TransactionEventHandler]: strategyFail: commit failure for transaction "a519115b5495d1cb04b66527a35b3319f5b2f1ef21d178787611400c1774a338": TransactionError: Commit of transaction a519115b5495d1cb04b66527a35b3319f5b2f1ef21d178787611400c1774a338 failed on peer peer0.financiers.example.com:7051 with status MVCC_READ_CONFLICT
    at TransactionEventHandler.eventCallback (/home/dhanish/fabric_sfc/caliper-bench/node_modules/fabric-network/lib/impl/event/transactioneventhandler.js:111:31)
    at CommitListenerSession.notifyListener (/home/dhanish/fabric_sfc/caliper-bench/node_modules/fabric-network/lib/impl/event/commitlistenersession.js:101:18)
    at EventListener.callback (/home/dhanish/fabric_sfc/caliper-bench/node_modules/fabric-network/lib/impl/event/commitlistenersession.js:92:18)
    at EventListener.onEvent (/home/dhanish/fabric_sfc/caliper-bench/node_modules/fabric-common/lib/EventListener.js:124:10)
    at EventService._callTransactionListener (/home/dhanish/fabric_sfc/caliper-bench/node_modules/fabric-common/lib/EventService.js:1051:16)
    at EventService._processTxEvents (/home/dhanish/fabric_sfc/caliper-bench/node_modules/fabric-common/lib/EventService.js:1006:12)
    at ClientDuplexStreamImpl.<anonymous> (/home/dhanish/fabric_sfc/caliper-bench/node_modules/fabric-common/lib/EventService.js:481:12)
    at ClientDuplexStreamImpl.emit (node:events:517:28)
    at addChunk (node:internal/streams/readable:368:12)
    at readableAddChunk (node:internal/streams/readable:341:9) {
  transactionId: 'a519115b5495d1cb04b66527a35b3319f5b2f1ef21d178787611400c1774a338',
  transactionCode: 'MVCC_READ_CONFLICT'
}
2026.08.11-09:20:08.301[31m error[39m [caliper] [connectors/v2/FabricGateway] 	Failed to perform submit transaction [setFinancePolicyForFinancier] using arguments [,{"minAPR":0.08,"maxAPR":0.24,"baseAPR":0.14,"minTenorDays":7,"maxTenorDays":45,"tenor":21,"minLtvPct":55,"maxLtvPct":85,"ltv":72,"penaltyBasePct":0.4}],  with error: TransactionError: Commit of transaction 23d8a786f6711e9e8905a38d18c2252964bf625b22aa2a749631c6428752f693 failed on peer peer0.financiers.example.com:7051 with status MVCC_READ_CONFLICT
    at TransactionEventHandler.eventCallback (/home/dhanish/fabric_sfc/caliper-bench/node_modules/fabric-network/lib/impl/event/transactioneventhandler.js:111:31)
    at CommitListenerSession.notifyListener (/home/dhanish/fabric_sfc/caliper-bench/node_modules/fabric-network/lib/impl/event/commitlistenersession.js:101:18)
    at EventListener.callback (/home/dhanish/fabric_sfc/caliper-bench/node_modules/fabric-network/lib/impl/event/commitlistenersession.js:92:18)
    at EventListener.onEvent (/home/dhanish/fabric_sfc/caliper-bench/node_modules/fabric-common/lib/EventListener.js:124:10)
    at EventService._callTransactionListener (/home/dhanish/fabric_sfc/caliper-bench/node_modules/fabric-common/lib/EventService.js:1051:16)
    at EventService._processTxEvents (/home/dhanish/fabric_sfc/caliper-bench/node_modules/fabric-common/lib/EventService.js:1006:12)
    at ClientDuplexStreamImpl.<anonymous> (/home/dhanish/fabric_sfc/caliper-bench/node_modules/fabric-common/lib/EventService.js:481:12)
    at ClientDuplexStreamImpl.emit (node:events:517:28)
    at addChunk (node:internal/streams/readable:368:12)
    at readableAddChunk (node:internal/streams/readable:341:9)
2026.08.11-09:20:08.302[31m error[39m [caliper] [connectors/v2/FabricGateway] 	Failed to perform submit transaction [setFinancePolicyForFinancier] using arguments [,{"minAPR":0.08,"maxAPR":0.24,"baseAPR":0.14,"minTenorDays":7,"maxTenorDays":45,"tenor":21,"minLtvPct":55,"maxLtvPct":85,"ltv":72,"penaltyBasePct":0.4}],  with error: TransactionError: Commit of transaction 7f8076de4fbf8dfed4adfa56b8f6797ae5e55f2ce24c8adc843ed644906b8b7b failed on peer peer0.financiers.example.com:7051 with status MVCC_READ_CONFLICT
    at TransactionEventHandler.eventCallback (/home/dhanish/fabric_sfc/caliper-bench/node_modules/fabric-network/lib/impl/event/transactioneventhandler.js:111:31)
    at CommitListenerSession.notifyListener (/home/dhanish/fabric_sfc/caliper-bench/node_modules/fabric-network/lib/impl/event/commitlistenersession.js:101:18)
    at EventListener.callback (/home/dhanish/fabric_sfc/caliper-bench/node_modules/fabric-network/lib/impl/event/commitlistenersession.js:92:18)
    at EventListener.onEvent (/home/dhanish/fabric_sfc/caliper-bench/node_modules/fabric-common/lib/EventListener.js:124:10)
    at EventService._callTransactionListener (/home/dhanish/fabric_sfc/caliper-bench/node_modules/fabric-common/lib/EventService.js:1051:16)
    at EventService._processTxEvents (/home/dhanish/fabric_sfc/caliper-bench/node_modules/fabric-common/lib/EventService.js:1006:12)
    at ClientDuplexStreamImpl.<anonymous> (/home/dhanish/fabric_sfc/caliper-bench/node_modules/fabric-common/lib/EventService.js:481:12)
    at ClientDuplexStreamImpl.emit (node:events:517:28)
    at addChunk (node:internal/streams/readable:368:12)
    at readableAddChunk (node:internal/streams/readable:341:9)
2026.08.11-09:20:08.302[31m error[39m [caliper] [connectors/v2/FabricGateway] 	Failed to perform submit transaction [setFinancePolicyForFinancier] using arguments [,{"minAPR":0.08,"maxAPR":0.24,"baseAPR":0.14,"minTenorDays":7,"maxTenorDays":45,"tenor":21,"minLtvPct":55,"maxLtvPct":85,"ltv":72,"penaltyBasePct":0.4}],  with error: TransactionError: Commit of transaction 7865d8510df004ce76192e74613be340155f6e1bfe7d7c416fa0443108511191 failed on peer peer0.financiers.example.com:7051 with status MVCC_READ_CONFLICT
    at TransactionEventHandler.eventCallback (/home/dhanish/fabric_sfc/caliper-bench/node_modules/fabric-network/lib/impl/event/transactioneventhandler.js:111:31)
    at CommitListenerSession.notifyListener (/home/dhanish/fabric_sfc/caliper-bench/node_modules/fabric-network/lib/impl/event/commitlistenersession.js:101:18)
    at EventListener.callback (/home/dhanish/fabric_sfc/caliper-bench/node_modules/fabric-network/lib/impl/event/commitlistenersession.js:92:18)
    at EventListener.onEvent (/home/dhanish/fabric_sfc/caliper-bench/node_modules/fabric-common/lib/EventListener.js:124:10)
    at EventService._callTransactionListener (/home/dhanish/fabric_sfc/caliper-bench/node_modules/fabric-common/lib/EventService.js:1051:16)
    at EventService._processTxEvents (/home/dhanish/fabric_sfc/caliper-bench/node_modules/fabric-common/lib/EventService.js:1006:12)
    at ClientDuplexStreamImpl.<anonymous> (/home/dhanish/fabric_sfc/caliper-bench/node_modules/fabric-common/lib/EventService.js:481:12)
    at ClientDuplexStreamImpl.emit (node:events:517:28)
    at addChunk (node:internal/streams/readable:368:12)
    at readableAddChunk (node:internal/streams/readable:341:9)
2026-08-11T09:20:08.302Z - [33mwarn[39m: [TransactionEventHandler]: strategyFail: commit failure for transaction "a8b8204490287e4ab52a8f0380ca99f875a83e4eabf72417909181d43d13d17b": TransactionError: Commit of transaction a8b8204490287e4ab52a8f0380ca99f875a83e4eabf72417909181d43d13d17b failed on peer peer0.financiers.example.com:7051 with status MVCC_READ_CONFLICT
    at TransactionEventHandler.eventCallback (/home/dhanish/fabric_sfc/caliper-bench/node_modules/fabric-network/lib/impl/event/transactioneventhandler.js:111:31)
    at CommitListenerSession.notifyListener (/home/dhanish/fabric_sfc/caliper-bench/node_modules/fabric-network/lib/impl/event/commitlistenersession.js:101:18)
    at EventListener.callback (/home/dhanish/fabric_sfc/caliper-bench/node_modules/fabric-network/lib/impl/event/commitlistenersession.js:92:18)
    at EventListener.onEvent (/home/dhanish/fabric_sfc/caliper-bench/node_modules/fabric-common/lib/EventListener.js:124:10)
    at EventService._callTransactionListener (/home/dhanish/fabric_sfc/caliper-bench/node_modules/fabric-common/lib/EventService.js:1051:16)
    at EventService._processTxEvents (/home/dhanish/fabric_sfc/caliper-bench/node_modules/fabric-common/lib/EventService.js:1006:12)
    at ClientDuplexStreamImpl.<anonymous> (/home/dhanish/fabric_sfc/caliper-bench/node_modules/fabric-common/lib/EventService.js:481:12)
    at ClientDuplexStreamImpl.emit (node:events:517:28)
    at addChunk (node:internal/streams/readable:368:12)
    at readableAddChunk (node:internal/streams/readable:341:9) {
  transactionId: 'a8b8204490287e4ab52a8f0380ca99f875a83e4eabf72417909181d43d13d17b',
  transactionCode: 'MVCC_READ_CONFLICT'
}
2026.08.11-09:20:08.302[31m error[39m [caliper] [connectors/v2/FabricGateway] 	Failed to perform submit transaction [setFinancePolicyForFinancier] using arguments [,{"minAPR":0.08,"maxAPR":0.24,"baseAPR":0.14,"minTenorDays":7,"maxTenorDays":45,"tenor":21,"minLtvPct":55,"maxLtvPct":85,"ltv":72,"penaltyBasePct":0.4}],  with error: TransactionError: Commit of transaction 0ae78c89e4213e206b9b2945e372db16df93318463d23e0295a9876665b56380 failed on peer peer0.financiers.example.com:7051 with status MVCC_READ_CONFLICT
    at TransactionEventHandler.eventCallback (/home/dhanish/fabric_sfc/caliper-bench/node_modules/fabric-network/lib/impl/event/transactioneventhandler.js:111:31)
    at CommitListenerSession.notifyListener (/home/dhanish/fabric_sfc/caliper-bench/node_modules/fabric-network/lib/impl/event/commitlistenersession.js:101:18)
    at EventListener.callback (/home/dhanish/fabric_sfc/caliper-bench/node_modules/fabric-network/lib/impl/event/commitlistenersession.js:92:18)
    at EventListener.onEvent (/home/dhanish/fabric_sfc/caliper-bench/node_modules/fabric-common/lib/EventListener.js:124:10)
    at EventService._callTransactionListener (/home/dhanish/fabric_sfc/caliper-bench/node_modules/fabric-common/lib/EventService.js:1051:16)
    at EventService._processTxEvents (/home/dhanish/fabric_sfc/caliper-bench/node_modules/fabric-common/lib/EventService.js:1006:12)
    at ClientDuplexStreamImpl.<anonymous> (/home/dhanish/fabric_sfc/caliper-bench/node_modules/fabric-common/lib/EventService.js:481:12)
    at ClientDuplexStreamImpl.emit (node:events:517:28)
    at addChunk (node:internal/streams/readable:368:12)
    at readableAddChunk (node:internal/streams/readable:341:9)
2026.08.11-09:20:08.302[31m error[39m [caliper] [connectors/v2/FabricGateway] 	Failed to perform submit transaction [setFinancePolicyForFinancier] using arguments [,{"minAPR":0.08,"maxAPR":0.24,"baseAPR":0.14,"minTenorDays":7,"maxTenorDays":45,"tenor":21,"minLtvPct":55,"maxLtvPct":85,"ltv":72,"penaltyBasePct":0.4}],  with error: TransactionError: Commit of transaction 8f7fb6bf07e966f28828de6bf9ff0d6031c2ab73f721ab26bd1d7df935ab3767 failed on peer peer0.financiers.example.com:7051 with status MVCC_READ_CONFLICT
    at TransactionEventHandler.eventCallback (/home/dhanish/fabric_sfc/caliper-bench/node_modules/fabric-network/lib/impl/event/transactioneventhandler.js:111:31)
    at CommitListenerSession.notifyListener (/home/dhanish/fabric_sfc/caliper-bench/node_modules/fabric-network/lib/impl/event/commitlistenersession.js:101:18)
    at EventListener.callback (/home/dhanish/fabric_sfc/caliper-bench/node_modules/fabric-network/lib/impl/event/commitlistenersession.js:92:18)
    at EventListener.onEvent (/home/dhanish/fabric_sfc/caliper-bench/node_modules/fabric-common/lib/EventListener.js:124:10)
    at EventService._callTransactionListener (/home/dhanish/fabric_sfc/caliper-bench/node_modules/fabric-common/lib/EventService.js:1051:16)
    at EventService._processTxEvents (/home/dhanish/fabric_sfc/caliper-bench/node_modules/fabric-common/lib/EventService.js:1006:12)
    at ClientDuplexStreamImpl.<anonymous> (/home/dhanish/fabric_sfc/caliper-bench/node_modules/fabric-common/lib/EventService.js:481:12)
    at ClientDuplexStreamImpl.emit (node:events:517:28)
    at addChunk (node:internal/streams/readable:368:12)
    at readableAddChunk (node:internal/streams/readable:341:9)
2026.08.11-09:20:08.303[31m error[39m [caliper] [connectors/v2/FabricGateway] 	Failed to perform submit transaction [setFinancePolicyForFinancier] using arguments [,{"minAPR":0.08,"maxAPR":0.24,"baseAPR":0.14,"minTenorDays":7,"maxTenorDays":45,"tenor":21,"minLtvPct":55,"maxLtvPct":85,"ltv":72,"penaltyBasePct":0.4}],  with error: TransactionError: Commit of transaction 1c4e2702ef8ce82cc700ed7d1ef90789f63b65ed43e4325594c78349c052e0d8 failed on peer peer0.financiers.example.com:7051 with status MVCC_READ_CONFLICT
    at TransactionEventHandler.eventCallback (/home/dhanish/fabric_sfc/caliper-bench/node_modules/fabric-network/lib/impl/event/transactioneventhandler.js:111:31)
    at CommitListenerSession.notifyListener (/home/dhanish/fabric_sfc/caliper-bench/node_modules/fabric-network/lib/impl/event/commitlistenersession.js:101:18)
    at EventListener.callback (/home/dhanish/fabric_sfc/caliper-bench/node_modules/fabric-network/lib/impl/event/commitlistenersession.js:92:18)
    at EventListener.onEvent (/home/dhanish/fabric_sfc/caliper-bench/node_modules/fabric-common/lib/EventListener.js:124:10)
    at EventService._callTransactionListener (/home/dhanish/fabric_sfc/caliper-bench/node_modules/fabric-common/lib/EventService.js:1051:16)
    at EventService._processTxEvents (/home/dhanish/fabric_sfc/caliper-bench/node_modules/fabric-common/lib/EventService.js:1006:12)
    at ClientDuplexStreamImpl.<anonymous> (/home/dhanish/fabric_sfc/caliper-bench/node_modules/fabric-common/lib/EventService.js:481:12)
    at ClientDuplexStreamImpl.emit (node:events:517:28)
    at addChunk (node:internal/streams/readable:368:12)
    at readableAddChunk (node:internal/streams/readable:341:9)
2026.08.11-09:20:08.303[31m error[39m [caliper] [connectors/v2/FabricGateway] 	Failed to perform submit transaction [setFinancePolicyForFinancier] using arguments [,{"minAPR":0.08,"maxAPR":0.24,"baseAPR":0.14,"minTenorDays":7,"maxTenorDays":45,"tenor":21,"minLtvPct":55,"maxLtvPct":85,"ltv":72,"penaltyBasePct":0.4}],  with error: TransactionError: Commit of transaction a8b8204490287e4ab52a8f0380ca99f875a83e4eabf72417909181d43d13d17b failed on peer peer0.financiers.example.com:7051 with status MVCC_READ_CONFLICT
    at TransactionEventHandler.eventCallback (/home/dhanish/fabric_sfc/caliper-bench/node_modules/fabric-network/lib/impl/event/transactioneventhandler.js:111:31)
    at CommitListenerSession.notifyListener (/home/dhanish/fabric_sfc/caliper-bench/node_modules/fabric-network/lib/impl/event/commitlistenersession.js:101:18)
    at EventListener.callback (/home/dhanish/fabric_sfc/caliper-bench/node_modules/fabric-network/lib/impl/event/commitlistenersession.js:92:18)
    at EventListener.onEvent (/home/dhanish/fabric_sfc/caliper-bench/node_modules/fabric-common/lib/EventListener.js:124:10)
    at EventService._callTransactionListener (/home/dhanish/fabric_sfc/caliper-bench/node_modules/fabric-common/lib/EventService.js:1051:16)
    at EventService._processTxEvents (/home/dhanish/fabric_sfc/caliper-bench/node_modules/fabric-common/lib/EventService.js:1006:12)
    at ClientDuplexStreamImpl.<anonymous> (/home/dhanish/fabric_sfc/caliper-bench/node_modules/fabric-common/lib/EventService.js:481:12)
    at ClientDuplexStreamImpl.emit (node:events:517:28)
    at addChunk (node:internal/streams/readable:368:12)
    at readableAddChunk (node:internal/streams/readable:341:9)
2026.08.11-09:20:08.303[31m error[39m [caliper] [connectors/v2/FabricGateway] 	Failed to perform submit transaction [setFinancePolicyForFinancier] using arguments [,{"minAPR":0.08,"maxAPR":0.24,"baseAPR":0.14,"minTenorDays":7,"maxTenorDays":45,"tenor":21,"minLtvPct":55,"maxLtvPct":85,"ltv":72,"penaltyBasePct":0.4}],  with error: TransactionError: Commit of transaction a519115b5495d1cb04b66527a35b3319f5b2f1ef21d178787611400c1774a338 failed on peer peer0.financiers.example.com:7051 with status MVCC_READ_CONFLICT
    at TransactionEventHandler.eventCallback (/home/dhanish/fabric_sfc/caliper-bench/node_modules/fabric-network/lib/impl/event/transactioneventhandler.js:111:31)
    at CommitListenerSession.notifyListener (/home/dhanish/fabric_sfc/caliper-bench/node_modules/fabric-network/lib/impl/event/commitlistenersession.js:101:18)
    at EventListener.callback (/home/dhanish/fabric_sfc/caliper-bench/node_modules/fabric-network/lib/impl/event/commitlistenersession.js:92:18)
    at EventListener.onEvent (/home/dhanish/fabric_sfc/caliper-bench/node_modules/fabric-common/lib/EventListener.js:124:10)
    at EventService._callTransactionListener (/home/dhanish/fabric_sfc/caliper-bench/node_modules/fabric-common/lib/EventService.js:1051:16)
    at EventService._processTxEvents (/home/dhanish/fabric_sfc/caliper-bench/node_modules/fabric-common/lib/EventService.js:1006:12)
    at ClientDuplexStreamImpl.<anonymous> (/home/dhanish/fabric_sfc/caliper-bench/node_modules/fabric-common/lib/EventService.js:481:12)
    at ClientDuplexStreamImpl.emit (node:events:517:28)
    at addChunk (node:internal/streams/readable:368:12)
    at readableAddChunk (node:internal/streams/readable:341:9)
2026-08-11T09:20:08.331Z - [33mwarn[39m: [TransactionEventHandler]: strategyFail: commit failure for transaction "0febb6fa54293957a376d8ffc31ac85d4c7c0e58bf49a12644bd7f0732b50b12": TransactionError: Commit of transaction 0febb6fa54293957a376d8ffc31ac85d4c7c0e58bf49a12644bd7f0732b50b12 failed on peer peer0.financiers.example.com:7051 with status MVCC_READ_CONFLICT
    at TransactionEventHandler.eventCallback (/home/dhanish/fabric_sfc/caliper-bench/node_modules/fabric-network/lib/impl/event/transactioneventhandler.js:111:31)
    at CommitListenerSession.notifyListener (/home/dhanish/fabric_sfc/caliper-bench/node_modules/fabric-network/lib/impl/event/commitlistenersession.js:101:18)
    at EventListener.callback (/home/dhanish/fabric_sfc/caliper-bench/node_modules/fabric-network/lib/impl/event/commitlistenersession.js:92:18)
    at EventListener.onEvent (/home/dhanish/fabric_sfc/caliper-bench/node_modules/fabric-common/lib/EventListener.js:124:10)
    at EventService._callTransactionListener (/home/dhanish/fabric_sfc/caliper-bench/node_modules/fabric-common/lib/EventService.js:1051:16)
    at EventService._processTxEvents (/home/dhanish/fabric_sfc/caliper-bench/node_modules/fabric-common/lib/EventService.js:1006:12)
    at ClientDuplexStreamImpl.<anonymous> (/home/dhanish/fabric_sfc/caliper-bench/node_modules/fabric-common/lib/EventService.js:481:12)
    at ClientDuplexStreamImpl.emit (node:events:517:28)
    at addChunk (node:internal/streams/readable:368:12)
    at readableAddChunk (node:internal/streams/readable:341:9) {
  transactionId: '0febb6fa54293957a376d8ffc31ac85d4c7c0e58bf49a12644bd7f0732b50b12',
  transactionCode: 'MVCC_READ_CONFLICT'
}
2026-08-11T09:20:08.331Z - [33mwarn[39m: [TransactionEventHandler]: strategyFail: commit failure for transaction "e57da6b31ad82c8aae7bc66c016c1ba6bf97eb664a715918bc9c88ce6cf54c55": TransactionError: Commit of transaction e57da6b31ad82c8aae7bc66c016c1ba6bf97eb664a715918bc9c88ce6cf54c55 failed on peer peer0.financiers.example.com:7051 with status MVCC_READ_CONFLICT
    at TransactionEventHandler.eventCallback (/home/dhanish/fabric_sfc/caliper-bench/node_modules/fabric-network/lib/impl/event/transactioneventhandler.js:111:31)
    at CommitListenerSession.notifyListener (/home/dhanish/fabric_sfc/caliper-bench/node_modules/fabric-network/lib/impl/event/commitlistenersession.js:101:18)
    at EventListener.callback (/home/dhanish/fabric_sfc/caliper-bench/node_modules/fabric-network/lib/impl/event/commitlistenersession.js:92:18)
    at EventListener.onEvent (/home/dhanish/fabric_sfc/caliper-bench/node_modules/fabric-common/lib/EventListener.js:124:10)
    at EventService._callTransactionListener (/home/dhanish/fabric_sfc/caliper-bench/node_modules/fabric-common/lib/EventService.js:1051:16)
    at EventService._processTxEvents (/home/dhanish/fabric_sfc/caliper-bench/node_modules/fabric-common/lib/EventService.js:1006:12)
    at ClientDuplexStreamImpl.<anonymous> (/home/dhanish/fabric_sfc/caliper-bench/node_modules/fabric-common/lib/EventService.js:481:12)
    at ClientDuplexStreamImpl.emit (node:events:517:28)
    at addChunk (node:internal/streams/readable:368:12)
    at readableAddChunk (node:internal/streams/readable:341:9) {
  transactionId: 'e57da6b31ad82c8aae7bc66c016c1ba6bf97eb664a715918bc9c88ce6cf54c55',
  transactionCode: 'MVCC_READ_CONFLICT'
}
2026.08.11-09:20:08.331[31m error[39m [caliper] [connectors/v2/FabricGateway] 	Failed to perform submit transaction [setFinancePolicyForFinancier] using arguments [,{"minAPR":0.08,"maxAPR":0.24,"baseAPR":0.14,"minTenorDays":7,"maxTenorDays":45,"tenor":21,"minLtvPct":55,"maxLtvPct":85,"ltv":72,"penaltyBasePct":0.4}],  with error: TransactionError: Commit of transaction e57da6b31ad82c8aae7bc66c016c1ba6bf97eb664a715918bc9c88ce6cf54c55 failed on peer peer0.financiers.example.com:7051 with status MVCC_READ_CONFLICT
    at TransactionEventHandler.eventCallback (/home/dhanish/fabric_sfc/caliper-bench/node_modules/fabric-network/lib/impl/event/transactioneventhandler.js:111:31)
    at CommitListenerSession.notifyListener (/home/dhanish/fabric_sfc/caliper-bench/node_modules/fabric-network/lib/impl/event/commitlistenersession.js:101:18)
    at EventListener.callback (/home/dhanish/fabric_sfc/caliper-bench/node_modules/fabric-network/lib/impl/event/commitlistenersession.js:92:18)
    at EventListener.onEvent (/home/dhanish/fabric_sfc/caliper-bench/node_modules/fabric-common/lib/EventListener.js:124:10)
    at EventService._callTransactionListener (/home/dhanish/fabric_sfc/caliper-bench/node_modules/fabric-common/lib/EventService.js:1051:16)
    at EventService._processTxEvents (/home/dhanish/fabric_sfc/caliper-bench/node_modules/fabric-common/lib/EventService.js:1006:12)
    at ClientDuplexStreamImpl.<anonymous> (/home/dhanish/fabric_sfc/caliper-bench/node_modules/fabric-common/lib/EventService.js:481:12)
    at ClientDuplexStreamImpl.emit (node:events:517:28)
    at addChunk (node:internal/streams/readable:368:12)
    at readableAddChunk (node:internal/streams/readable:341:9)
2026-08-11T09:20:08.331Z - [33mwarn[39m: [TransactionEventHandler]: strategyFail: commit failure for transaction "acdac7be4b5af44d1ae1c6a4f7917c5516750265fff1883febf283fa6407649a": TransactionError: Commit of transaction acdac7be4b5af44d1ae1c6a4f7917c5516750265fff1883febf283fa6407649a failed on peer peer0.financiers.example.com:7051 with status MVCC_READ_CONFLICT
    at TransactionEventHandler.eventCallback (/home/dhanish/fabric_sfc/caliper-bench/node_modules/fabric-network/lib/impl/event/transactioneventhandler.js:111:31)
    at CommitListenerSession.notifyListener (/home/dhanish/fabric_sfc/caliper-bench/node_modules/fabric-network/lib/impl/event/commitlistenersession.js:101:18)
    at EventListener.callback (/home/dhanish/fabric_sfc/caliper-bench/node_modules/fabric-network/lib/impl/event/commitlistenersession.js:92:18)
    at EventListener.onEvent (/home/dhanish/fabric_sfc/caliper-bench/node_modules/fabric-common/lib/EventListener.js:124:10)
    at EventService._callTransactionListener (/home/dhanish/fabric_sfc/caliper-bench/node_modules/fabric-common/lib/EventService.js:1051:16)
    at EventService._processTxEvents (/home/dhanish/fabric_sfc/caliper-bench/node_modules/fabric-common/lib/EventService.js:1006:12)
    at ClientDuplexStreamImpl.<anonymous> (/home/dhanish/fabric_sfc/caliper-bench/node_modules/fabric-common/lib/EventService.js:481:12)
    at ClientDuplexStreamImpl.emit (node:events:517:28)
    at addChunk (node:internal/streams/readable:368:12)
    at readableAddChunk (node:internal/streams/readable:341:9) {
  transactionId: 'acdac7be4b5af44d1ae1c6a4f7917c5516750265fff1883febf283fa6407649a',
  transactionCode: 'MVCC_READ_CONFLICT'
}
2026-08-11T09:20:08.331Z - [33mwarn[39m: [TransactionEventHandler]: strategyFail: commit failure for transaction "d36bb32fb9bebaea61fee560169b4468a1da30c0fb5b9e68d6ea5fa72059df75": TransactionError: Commit of transaction d36bb32fb9bebaea61fee560169b4468a1da30c0fb5b9e68d6ea5fa72059df75 failed on peer peer0.financiers.example.com:7051 with status MVCC_READ_CONFLICT
    at TransactionEventHandler.eventCallback (/home/dhanish/fabric_sfc/caliper-bench/node_modules/fabric-network/lib/impl/event/transactioneventhandler.js:111:31)
    at CommitListenerSession.notifyListener (/home/dhanish/fabric_sfc/caliper-bench/node_modules/fabric-network/lib/impl/event/commitlistenersession.js:101:18)
    at EventListener.callback (/home/dhanish/fabric_sfc/caliper-bench/node_modules/fabric-network/lib/impl/event/commitlistenersession.js:92:18)
    at EventListener.onEvent (/home/dhanish/fabric_sfc/caliper-bench/node_modules/fabric-common/lib/EventListener.js:124:10)
    at EventService._callTransactionListener (/home/dhanish/fabric_sfc/caliper-bench/node_modules/fabric-common/lib/EventService.js:1051:16)
    at EventService._processTxEvents (/home/dhanish/fabric_sfc/caliper-bench/node_modules/fabric-common/lib/EventService.js:1006:12)
    at ClientDuplexStreamImpl.<anonymous> (/home/dhanish/fabric_sfc/caliper-bench/node_modules/fabric-common/lib/EventService.js:481:12)
    at ClientDuplexStreamImpl.emit (node:events:517:28)
    at addChunk (node:internal/streams/readable:368:12)
    at readableAddChunk (node:internal/streams/readable:341:9) {
  transactionId: 'd36bb32fb9bebaea61fee560169b4468a1da30c0fb5b9e68d6ea5fa72059df75',
  transactionCode: 'MVCC_READ_CONFLICT'
}
2026-08-11T09:20:08.331Z - [33mwarn[39m: [TransactionEventHandler]: strategyFail: commit failure for transaction "497c18afd03d7907248953961cbe8e39eb2f31c53a83e62257efb62e5da01cb6": TransactionError: Commit of transaction 497c18afd03d7907248953961cbe8e39eb2f31c53a83e62257efb62e5da01cb6 failed on peer peer0.financiers.example.com:7051 with status MVCC_READ_CONFLICT
    at TransactionEventHandler.eventCallback (/home/dhanish/fabric_sfc/caliper-bench/node_modules/fabric-network/lib/impl/event/transactioneventhandler.js:111:31)
    at CommitListenerSession.notifyListener (/home/dhanish/fabric_sfc/caliper-bench/node_modules/fabric-network/lib/impl/event/commitlistenersession.js:101:18)
    at EventListener.callback (/home/dhanish/fabric_sfc/caliper-bench/node_modules/fabric-network/lib/impl/event/commitlistenersession.js:92:18)
    at EventListener.onEvent (/home/dhanish/fabric_sfc/caliper-bench/node_modules/fabric-common/lib/EventListener.js:124:10)
    at EventService._callTransactionListener (/home/dhanish/fabric_sfc/caliper-bench/node_modules/fabric-common/lib/EventService.js:1051:16)
    at EventService._processTxEvents (/home/dhanish/fabric_sfc/caliper-bench/node_modules/fabric-common/lib/EventService.js:1006:12)
    at ClientDuplexStreamImpl.<anonymous> (/home/dhanish/fabric_sfc/caliper-bench/node_modules/fabric-common/lib/EventService.js:481:12)
    at ClientDuplexStreamImpl.emit (node:events:517:28)
    at addChunk (node:internal/streams/readable:368:12)
    at readableAddChunk (node:internal/streams/readable:341:9) {
  transactionId: '497c18afd03d7907248953961cbe8e39eb2f31c53a83e62257efb62e5da01cb6',
  transactionCode: 'MVCC_READ_CONFLICT'
}
2026.08.11-09:20:08.332[31m error[39m [caliper] [connectors/v2/FabricGateway] 	Failed to perform submit transaction [setFinancePolicyForFinancier] using arguments [,{"minAPR":0.08,"maxAPR":0.24,"baseAPR":0.14,"minTenorDays":7,"maxTenorDays":45,"tenor":21,"minLtvPct":55,"maxLtvPct":85,"ltv":72,"penaltyBasePct":0.4}],  with error: TransactionError: Commit of transaction 497c18afd03d7907248953961cbe8e39eb2f31c53a83e62257efb62e5da01cb6 failed on peer peer0.financiers.example.com:7051 with status MVCC_READ_CONFLICT
    at TransactionEventHandler.eventCallback (/home/dhanish/fabric_sfc/caliper-bench/node_modules/fabric-network/lib/impl/event/transactioneventhandler.js:111:31)
    at CommitListenerSession.notifyListener (/home/dhanish/fabric_sfc/caliper-bench/node_modules/fabric-network/lib/impl/event/commitlistenersession.js:101:18)
    at EventListener.callback (/home/dhanish/fabric_sfc/caliper-bench/node_modules/fabric-network/lib/impl/event/commitlistenersession.js:92:18)
    at EventListener.onEvent (/home/dhanish/fabric_sfc/caliper-bench/node_modules/fabric-common/lib/EventListener.js:124:10)
    at EventService._callTransactionListener (/home/dhanish/fabric_sfc/caliper-bench/node_modules/fabric-common/lib/EventService.js:1051:16)
    at EventService._processTxEvents (/home/dhanish/fabric_sfc/caliper-bench/node_modules/fabric-common/lib/EventService.js:1006:12)
    at ClientDuplexStreamImpl.<anonymous> (/home/dhanish/fabric_sfc/caliper-bench/node_modules/fabric-common/lib/EventService.js:481:12)
    at ClientDuplexStreamImpl.emit (node:events:517:28)
    at addChunk (node:internal/streams/readable:368:12)
    at readableAddChunk (node:internal/streams/readable:341:9)
2026.08.11-09:20:08.332[31m error[39m [caliper] [connectors/v2/FabricGateway] 	Failed to perform submit transaction [setFinancePolicyForFinancier] using arguments [,{"minAPR":0.08,"maxAPR":0.24,"baseAPR":0.14,"minTenorDays":7,"maxTenorDays":45,"tenor":21,"minLtvPct":55,"maxLtvPct":85,"ltv":72,"penaltyBasePct":0.4}],  with error: TransactionError: Commit of transaction 0febb6fa54293957a376d8ffc31ac85d4c7c0e58bf49a12644bd7f0732b50b12 failed on peer peer0.financiers.example.com:7051 with status MVCC_READ_CONFLICT
    at TransactionEventHandler.eventCallback (/home/dhanish/fabric_sfc/caliper-bench/node_modules/fabric-network/lib/impl/event/transactioneventhandler.js:111:31)
    at CommitListenerSession.notifyListener (/home/dhanish/fabric_sfc/caliper-bench/node_modules/fabric-network/lib/impl/event/commitlistenersession.js:101:18)
    at EventListener.callback (/home/dhanish/fabric_sfc/caliper-bench/node_modules/fabric-network/lib/impl/event/commitlistenersession.js:92:18)
    at EventListener.onEvent (/home/dhanish/fabric_sfc/caliper-bench/node_modules/fabric-common/lib/EventListener.js:124:10)
    at EventService._callTransactionListener (/home/dhanish/fabric_sfc/caliper-bench/node_modules/fabric-common/lib/EventService.js:1051:16)
    at EventService._processTxEvents (/home/dhanish/fabric_sfc/caliper-bench/node_modules/fabric-common/lib/EventService.js:1006:12)
    at ClientDuplexStreamImpl.<anonymous> (/home/dhanish/fabric_sfc/caliper-bench/node_modules/fabric-common/lib/EventService.js:481:12)
    at ClientDuplexStreamImpl.emit (node:events:517:28)
    at addChunk (node:internal/streams/readable:368:12)
    at readableAddChunk (node:internal/streams/readable:341:9)
2026.08.11-09:20:08.332[31m error[39m [caliper] [connectors/v2/FabricGateway] 	Failed to perform submit transaction [setFinancePolicyForFinancier] using arguments [,{"minAPR":0.08,"maxAPR":0.24,"baseAPR":0.14,"minTenorDays":7,"maxTenorDays":45,"tenor":21,"minLtvPct":55,"maxLtvPct":85,"ltv":72,"penaltyBasePct":0.4}],  with error: TransactionError: Commit of transaction acdac7be4b5af44d1ae1c6a4f7917c5516750265fff1883febf283fa6407649a failed on peer peer0.financiers.example.com:7051 with status MVCC_READ_CONFLICT
    at TransactionEventHandler.eventCallback (/home/dhanish/fabric_sfc/caliper-bench/node_modules/fabric-network/lib/impl/event/transactioneventhandler.js:111:31)
    at CommitListenerSession.notifyListener (/home/dhanish/fabric_sfc/caliper-bench/node_modules/fabric-network/lib/impl/event/commitlistenersession.js:101:18)
    at EventListener.callback (/home/dhanish/fabric_sfc/caliper-bench/node_modules/fabric-network/lib/impl/event/commitlistenersession.js:92:18)
    at EventListener.onEvent (/home/dhanish/fabric_sfc/caliper-bench/node_modules/fabric-common/lib/EventListener.js:124:10)
    at EventService._callTransactionListener (/home/dhanish/fabric_sfc/caliper-bench/node_modules/fabric-common/lib/EventService.js:1051:16)
    at EventService._processTxEvents (/home/dhanish/fabric_sfc/caliper-bench/node_modules/fabric-common/lib/EventService.js:1006:12)
    at ClientDuplexStreamImpl.<anonymous> (/home/dhanish/fabric_sfc/caliper-bench/node_modules/fabric-common/lib/EventService.js:481:12)
    at ClientDuplexStreamImpl.emit (node:events:517:28)
    at addChunk (node:internal/streams/readable:368:12)
    at readableAddChunk (node:internal/streams/readable:341:9)
2026-08-11T09:20:08.334Z - [33mwarn[39m: [TransactionEventHandler]: strategyFail: commit failure for transaction "55ae3b036da3d2208bcb54b70d588d0d31939223c759d813dd163f38fe463ea8": TransactionError: Commit of transaction 55ae3b036da3d2208bcb54b70d588d0d31939223c759d813dd163f38fe463ea8 failed on peer peer0.financiers.example.com:7051 with status MVCC_READ_CONFLICT
    at TransactionEventHandler.eventCallback (/home/dhanish/fabric_sfc/caliper-bench/node_modules/fabric-network/lib/impl/event/transactioneventhandler.js:111:31)
    at CommitListenerSession.notifyListener (/home/dhanish/fabric_sfc/caliper-bench/node_modules/fabric-network/lib/impl/event/commitlistenersession.js:101:18)
    at EventListener.callback (/home/dhanish/fabric_sfc/caliper-bench/node_modules/fabric-network/lib/impl/event/commitlistenersession.js:92:18)
    at EventListener.onEvent (/home/dhanish/fabric_sfc/caliper-bench/node_modules/fabric-common/lib/EventListener.js:124:10)
    at EventService._callTransactionListener (/home/dhanish/fabric_sfc/caliper-bench/node_modules/fabric-common/lib/EventService.js:1051:16)
    at EventService._processTxEvents (/home/dhanish/fabric_sfc/caliper-bench/node_modules/fabric-common/lib/EventService.js:1006:12)
    at ClientDuplexStreamImpl.<anonymous> (/home/dhanish/fabric_sfc/caliper-bench/node_modules/fabric-common/lib/EventService.js:481:12)
    at ClientDuplexStreamImpl.emit (node:events:517:28)
    at addChunk (node:internal/streams/readable:368:12)
    at readableAddChunk (node:internal/streams/readable:341:9) {
  transactionId: '55ae3b036da3d2208bcb54b70d588d0d31939223c759d813dd163f38fe463ea8',
  transactionCode: 'MVCC_READ_CONFLICT'
}
2026-08-11T09:20:08.334Z - [33mwarn[39m: [TransactionEventHandler]: strategyFail: commit failure for transaction "846feba5af979044990e3e2aafac53d2406ea985bd635aebfb3c4f3d382ef29c": TransactionError: Commit of transaction 846feba5af979044990e3e2aafac53d2406ea985bd635aebfb3c4f3d382ef29c failed on peer peer0.financiers.example.com:7051 with status MVCC_READ_CONFLICT
    at TransactionEventHandler.eventCallback (/home/dhanish/fabric_sfc/caliper-bench/node_modules/fabric-network/lib/impl/event/transactioneventhandler.js:111:31)
    at CommitListenerSession.notifyListener (/home/dhanish/fabric_sfc/caliper-bench/node_modules/fabric-network/lib/impl/event/commitlistenersession.js:101:18)
    at EventListener.callback (/home/dhanish/fabric_sfc/caliper-bench/node_modules/fabric-network/lib/impl/event/commitlistenersession.js:92:18)
    at EventListener.onEvent (/home/dhanish/fabric_sfc/caliper-bench/node_modules/fabric-common/lib/EventListener.js:124:10)
    at EventService._callTransactionListener (/home/dhanish/fabric_sfc/caliper-bench/node_modules/fabric-common/lib/EventService.js:1051:16)
    at EventService._processTxEvents (/home/dhanish/fabric_sfc/caliper-bench/node_modules/fabric-common/lib/EventService.js:1006:12)
    at ClientDuplexStreamImpl.<anonymous> (/home/dhanish/fabric_sfc/caliper-bench/node_modules/fabric-common/lib/EventService.js:481:12)
    at ClientDuplexStreamImpl.emit (node:events:517:28)
    at addChunk (node:internal/streams/readable:368:12)
    at readableAddChunk (node:internal/streams/readable:341:9) {
  transactionId: '846feba5af979044990e3e2aafac53d2406ea985bd635aebfb3c4f3d382ef29c',
  transactionCode: 'MVCC_READ_CONFLICT'
}
2026-08-11T09:20:08.335Z - [33mwarn[39m: [TransactionEventHandler]: strategyFail: commit failure for transaction "046541bf17e989e68074dec3e9c9f5d353193898446273ad97fbdcb63a0d1af4": TransactionError: Commit of transaction 046541bf17e989e68074dec3e9c9f5d353193898446273ad97fbdcb63a0d1af4 failed on peer peer0.financiers.example.com:7051 with status MVCC_READ_CONFLICT
    at TransactionEventHandler.eventCallback (/home/dhanish/fabric_sfc/caliper-bench/node_modules/fabric-network/lib/impl/event/transactioneventhandler.js:111:31)
    at CommitListenerSession.notifyListener (/home/dhanish/fabric_sfc/caliper-bench/node_modules/fabric-network/lib/impl/event/commitlistenersession.js:101:18)
    at EventListener.callback (/home/dhanish/fabric_sfc/caliper-bench/node_modules/fabric-network/lib/impl/event/commitlistenersession.js:92:18)
    at EventListener.onEvent (/home/dhanish/fabric_sfc/caliper-bench/node_modules/fabric-common/lib/EventListener.js:124:10)
    at EventService._callTransactionListener (/home/dhanish/fabric_sfc/caliper-bench/node_modules/fabric-common/lib/EventService.js:1051:16)
    at EventService._processTxEvents (/home/dhanish/fabric_sfc/caliper-bench/node_modules/fabric-common/lib/EventService.js:1006:12)
    at ClientDuplexStreamImpl.<anonymous> (/home/dhanish/fabric_sfc/caliper-bench/node_modules/fabric-common/lib/EventService.js:481:12)
    at ClientDuplexStreamImpl.emit (node:events:517:28)
    at addChunk (node:internal/streams/readable:368:12)
    at readableAddChunk (node:internal/streams/readable:341:9) {
  transactionId: '046541bf17e989e68074dec3e9c9f5d353193898446273ad97fbdcb63a0d1af4',
  transactionCode: 'MVCC_READ_CONFLICT'
}
2026.08.11-09:20:08.335[31m error[39m [caliper] [connectors/v2/FabricGateway] 	Failed to perform submit transaction [setFinancePolicyForFinancier] using arguments [,{"minAPR":0.08,"maxAPR":0.24,"baseAPR":0.14,"minTenorDays":7,"maxTenorDays":45,"tenor":21,"minLtvPct":55,"maxLtvPct":85,"ltv":72,"penaltyBasePct":0.4}],  with error: TransactionError: Commit of transaction d36bb32fb9bebaea61fee560169b4468a1da30c0fb5b9e68d6ea5fa72059df75 failed on peer peer0.financiers.example.com:7051 with status MVCC_READ_CONFLICT
    at TransactionEventHandler.eventCallback (/home/dhanish/fabric_sfc/caliper-bench/node_modules/fabric-network/lib/impl/event/transactioneventhandler.js:111:31)
    at CommitListenerSession.notifyListener (/home/dhanish/fabric_sfc/caliper-bench/node_modules/fabric-network/lib/impl/event/commitlistenersession.js:101:18)
    at EventListener.callback (/home/dhanish/fabric_sfc/caliper-bench/node_modules/fabric-network/lib/impl/event/commitlistenersession.js:92:18)
    at EventListener.onEvent (/home/dhanish/fabric_sfc/caliper-bench/node_modules/fabric-common/lib/EventListener.js:124:10)
    at EventService._callTransactionListener (/home/dhanish/fabric_sfc/caliper-bench/node_modules/fabric-common/lib/EventService.js:1051:16)
    at EventService._processTxEvents (/home/dhanish/fabric_sfc/caliper-bench/node_modules/fabric-common/lib/EventService.js:1006:12)
    at ClientDuplexStreamImpl.<anonymous> (/home/dhanish/fabric_sfc/caliper-bench/node_modules/fabric-common/lib/EventService.js:481:12)
    at ClientDuplexStreamImpl.emit (node:events:517:28)
    at addChunk (node:internal/streams/readable:368:12)
    at readableAddChunk (node:internal/streams/readable:341:9)
2026.08.11-09:20:08.336[31m error[39m [caliper] [connectors/v2/FabricGateway] 	Failed to perform submit transaction [setFinancePolicyForFinancier] using arguments [,{"minAPR":0.08,"maxAPR":0.24,"baseAPR":0.14,"minTenorDays":7,"maxTenorDays":45,"tenor":21,"minLtvPct":55,"maxLtvPct":85,"ltv":72,"penaltyBasePct":0.4}],  with error: TransactionError: Commit of transaction 55ae3b036da3d2208bcb54b70d588d0d31939223c759d813dd163f38fe463ea8 failed on peer peer0.financiers.example.com:7051 with status MVCC_READ_CONFLICT
    at TransactionEventHandler.eventCallback (/home/dhanish/fabric_sfc/caliper-bench/node_modules/fabric-network/lib/impl/event/transactioneventhandler.js:111:31)
    at CommitListenerSession.notifyListener (/home/dhanish/fabric_sfc/caliper-bench/node_modules/fabric-network/lib/impl/event/commitlistenersession.js:101:18)
    at EventListener.callback (/home/dhanish/fabric_sfc/caliper-bench/node_modules/fabric-network/lib/impl/event/commitlistenersession.js:92:18)
    at EventListener.onEvent (/home/dhanish/fabric_sfc/caliper-bench/node_modules/fabric-common/lib/EventListener.js:124:10)
    at EventService._callTransactionListener (/home/dhanish/fabric_sfc/caliper-bench/node_modules/fabric-common/lib/EventService.js:1051:16)
    at EventService._processTxEvents (/home/dhanish/fabric_sfc/caliper-bench/node_modules/fabric-common/lib/EventService.js:1006:12)
    at ClientDuplexStreamImpl.<anonymous> (/home/dhanish/fabric_sfc/caliper-bench/node_modules/fabric-common/lib/EventService.js:481:12)
    at ClientDuplexStreamImpl.emit (node:events:517:28)
    at addChunk (node:internal/streams/readable:368:12)
    at readableAddChunk (node:internal/streams/readable:341:9)
2026.08.11-09:20:08.336[31m error[39m [caliper] [connectors/v2/FabricGateway] 	Failed to perform submit transaction [setFinancePolicyForFinancier] using arguments [,{"minAPR":0.08,"maxAPR":0.24,"baseAPR":0.14,"minTenorDays":7,"maxTenorDays":45,"tenor":21,"minLtvPct":55,"maxLtvPct":85,"ltv":72,"penaltyBasePct":0.4}],  with error: TransactionError: Commit of transaction 046541bf17e989e68074dec3e9c9f5d353193898446273ad97fbdcb63a0d1af4 failed on peer peer0.financiers.example.com:7051 with status MVCC_READ_CONFLICT
    at TransactionEventHandler.eventCallback (/home/dhanish/fabric_sfc/caliper-bench/node_modules/fabric-network/lib/impl/event/transactioneventhandler.js:111:31)
    at CommitListenerSession.notifyListener (/home/dhanish/fabric_sfc/caliper-bench/node_modules/fabric-network/lib/impl/event/commitlistenersession.js:101:18)
    at EventListener.callback (/home/dhanish/fabric_sfc/caliper-bench/node_modules/fabric-network/lib/impl/event/commitlistenersession.js:92:18)
    at EventListener.onEvent (/home/dhanish/fabric_sfc/caliper-bench/node_modules/fabric-common/lib/EventListener.js:124:10)
    at EventService._callTransactionListener (/home/dhanish/fabric_sfc/caliper-bench/node_modules/fabric-common/lib/EventService.js:1051:16)
    at EventService._processTxEvents (/home/dhanish/fabric_sfc/caliper-bench/node_modules/fabric-common/lib/EventService.js:1006:12)
    at ClientDuplexStreamImpl.<anonymous> (/home/dhanish/fabric_sfc/caliper-bench/node_modules/fabric-common/lib/EventService.js:481:12)
    at ClientDuplexStreamImpl.emit (node:events:517:28)
    at addChunk (node:internal/streams/readable:368:12)
    at readableAddChunk (node:internal/streams/readable:341:9)
2026-08-11T09:20:08.336Z - [33mwarn[39m: [TransactionEventHandler]: strategyFail: commit failure for transaction "86cfd3a08a50e21554ccac9c9281ec632e8fa7c85946a1f93405175cbaa6e1be": TransactionError: Commit of transaction 86cfd3a08a50e21554ccac9c9281ec632e8fa7c85946a1f93405175cbaa6e1be failed on peer peer0.financiers.example.com:7051 with status MVCC_READ_CONFLICT
    at TransactionEventHandler.eventCallback (/home/dhanish/fabric_sfc/caliper-bench/node_modules/fabric-network/lib/impl/event/transactioneventhandler.js:111:31)
    at CommitListenerSession.notifyListener (/home/dhanish/fabric_sfc/caliper-bench/node_modules/fabric-network/lib/impl/event/commitlistenersession.js:101:18)
    at EventListener.callback (/home/dhanish/fabric_sfc/caliper-bench/node_modules/fabric-network/lib/impl/event/commitlistenersession.js:92:18)
    at EventListener.onEvent (/home/dhanish/fabric_sfc/caliper-bench/node_modules/fabric-common/lib/EventListener.js:124:10)
    at EventService._callTransactionListener (/home/dhanish/fabric_sfc/caliper-bench/node_modules/fabric-common/lib/EventService.js:1051:16)
    at EventService._processTxEvents (/home/dhanish/fabric_sfc/caliper-bench/node_modules/fabric-common/lib/EventService.js:1006:12)
    at ClientDuplexStreamImpl.<anonymous> (/home/dhanish/fabric_sfc/caliper-bench/node_modules/fabric-common/lib/EventService.js:481:12)
    at ClientDuplexStreamImpl.emit (node:events:517:28)
    at addChunk (node:internal/streams/readable:368:12)
    at readableAddChunk (node:internal/streams/readable:341:9) {
  transactionId: '86cfd3a08a50e21554ccac9c9281ec632e8fa7c85946a1f93405175cbaa6e1be',
  transactionCode: 'MVCC_READ_CONFLICT'
}
2026.08.11-09:20:08.336[31m error[39m [caliper] [connectors/v2/FabricGateway] 	Failed to perform submit transaction [setFinancePolicyForFinancier] using arguments [,{"minAPR":0.08,"maxAPR":0.24,"baseAPR":0.14,"minTenorDays":7,"maxTenorDays":45,"tenor":21,"minLtvPct":55,"maxLtvPct":85,"ltv":72,"penaltyBasePct":0.4}],  with error: TransactionError: Commit of transaction 846feba5af979044990e3e2aafac53d2406ea985bd635aebfb3c4f3d382ef29c failed on peer peer0.financiers.example.com:7051 with status MVCC_READ_CONFLICT
    at TransactionEventHandler.eventCallback (/home/dhanish/fabric_sfc/caliper-bench/node_modules/fabric-network/lib/impl/event/transactioneventhandler.js:111:31)
    at CommitListenerSession.notifyListener (/home/dhanish/fabric_sfc/caliper-bench/node_modules/fabric-network/lib/impl/event/commitlistenersession.js:101:18)
    at EventListener.callback (/home/dhanish/fabric_sfc/caliper-bench/node_modules/fabric-network/lib/impl/event/commitlistenersession.js:92:18)
    at EventListener.onEvent (/home/dhanish/fabric_sfc/caliper-bench/node_modules/fabric-common/lib/EventListener.js:124:10)
    at EventService._callTransactionListener (/home/dhanish/fabric_sfc/caliper-bench/node_modules/fabric-common/lib/EventService.js:1051:16)
    at EventService._processTxEvents (/home/dhanish/fabric_sfc/caliper-bench/node_modules/fabric-common/lib/EventService.js:1006:12)
    at ClientDuplexStreamImpl.<anonymous> (/home/dhanish/fabric_sfc/caliper-bench/node_modules/fabric-common/lib/EventService.js:481:12)
    at ClientDuplexStreamImpl.emit (node:events:517:28)
    at addChunk (node:internal/streams/readable:368:12)
    at readableAddChunk (node:internal/streams/readable:341:9)
2026.08.11-09:20:08.337[31m error[39m [caliper] [connectors/v2/FabricGateway] 	Failed to perform submit transaction [setFinancePolicyForFinancier] using arguments [,{"minAPR":0.08,"maxAPR":0.24,"baseAPR":0.14,"minTenorDays":7,"maxTenorDays":45,"tenor":21,"minLtvPct":55,"maxLtvPct":85,"ltv":72,"penaltyBasePct":0.4}],  with error: TransactionError: Commit of transaction 86cfd3a08a50e21554ccac9c9281ec632e8fa7c85946a1f93405175cbaa6e1be failed on peer peer0.financiers.example.com:7051 with status MVCC_READ_CONFLICT
    at TransactionEventHandler.eventCallback (/home/dhanish/fabric_sfc/caliper-bench/node_modules/fabric-network/lib/impl/event/transactioneventhandler.js:111:31)
    at CommitListenerSession.notifyListener (/home/dhanish/fabric_sfc/caliper-bench/node_modules/fabric-network/lib/impl/event/commitlistenersession.js:101:18)
    at EventListener.callback (/home/dhanish/fabric_sfc/caliper-bench/node_modules/fabric-network/lib/impl/event/commitlistenersession.js:92:18)
    at EventListener.onEvent (/home/dhanish/fabric_sfc/caliper-bench/node_modules/fabric-common/lib/EventListener.js:124:10)
    at EventService._callTransactionListener (/home/dhanish/fabric_sfc/caliper-bench/node_modules/fabric-common/lib/EventService.js:1051:16)
    at EventService._processTxEvents (/home/dhanish/fabric_sfc/caliper-bench/node_modules/fabric-common/lib/EventService.js:1006:12)
    at ClientDuplexStreamImpl.<anonymous> (/home/dhanish/fabric_sfc/caliper-bench/node_modules/fabric-common/lib/EventService.js:481:12)
    at ClientDuplexStreamImpl.emit (node:events:517:28)
    at addChunk (node:internal/streams/readable:368:12)
    at readableAddChunk (node:internal/streams/readable:341:9)
2026-08-11T09:20:08.363Z - [33mwarn[39m: [TransactionEventHandler]: strategyFail: commit failure for transaction "42823ed4b6929954f78b78654fea6052042e245ce57eebcc75c0f92710a4578a": TransactionError: Commit of transaction 42823ed4b6929954f78b78654fea6052042e245ce57eebcc75c0f92710a4578a failed on peer peer0.financiers.example.com:7051 with status MVCC_READ_CONFLICT
    at TransactionEventHandler.eventCallback (/home/dhanish/fabric_sfc/caliper-bench/node_modules/fabric-network/lib/impl/event/transactioneventhandler.js:111:31)
    at CommitListenerSession.notifyListener (/home/dhanish/fabric_sfc/caliper-bench/node_modules/fabric-network/lib/impl/event/commitlistenersession.js:101:18)
    at EventListener.callback (/home/dhanish/fabric_sfc/caliper-bench/node_modules/fabric-network/lib/impl/event/commitlistenersession.js:92:18)
    at EventListener.onEvent (/home/dhanish/fabric_sfc/caliper-bench/node_modules/fabric-common/lib/EventListener.js:124:10)
    at EventService._callTransactionListener (/home/dhanish/fabric_sfc/caliper-bench/node_modules/fabric-common/lib/EventService.js:1051:16)
    at EventService._processTxEvents (/home/dhanish/fabric_sfc/caliper-bench/node_modules/fabric-common/lib/EventService.js:1006:12)
    at ClientDuplexStreamImpl.<anonymous> (/home/dhanish/fabric_sfc/caliper-bench/node_modules/fabric-common/lib/EventService.js:481:12)
    at ClientDuplexStreamImpl.emit (node:events:517:28)
    at addChunk (node:internal/streams/readable:368:12)
    at readableAddChunk (node:internal/streams/readable:341:9) {
  transactionId: '42823ed4b6929954f78b78654fea6052042e245ce57eebcc75c0f92710a4578a',
  transactionCode: 'MVCC_READ_CONFLICT'
}
2026.08.11-09:20:08.364[31m error[39m [caliper] [connectors/v2/FabricGateway] 	Failed to perform submit transaction [setFinancePolicyForFinancier] using arguments [,{"minAPR":0.08,"maxAPR":0.24,"baseAPR":0.14,"minTenorDays":7,"maxTenorDays":45,"tenor":21,"minLtvPct":55,"maxLtvPct":85,"ltv":72,"penaltyBasePct":0.4}],  with error: TransactionError: Commit of transaction 42823ed4b6929954f78b78654fea6052042e245ce57eebcc75c0f92710a4578a failed on peer peer0.financiers.example.com:7051 with status MVCC_READ_CONFLICT
    at TransactionEventHandler.eventCallback (/home/dhanish/fabric_sfc/caliper-bench/node_modules/fabric-network/lib/impl/event/transactioneventhandler.js:111:31)
    at CommitListenerSession.notifyListener (/home/dhanish/fabric_sfc/caliper-bench/node_modules/fabric-network/lib/impl/event/commitlistenersession.js:101:18)
    at EventListener.callback (/home/dhanish/fabric_sfc/caliper-bench/node_modules/fabric-network/lib/impl/event/commitlistenersession.js:92:18)
    at EventListener.onEvent (/home/dhanish/fabric_sfc/caliper-bench/node_modules/fabric-common/lib/EventListener.js:124:10)
    at EventService._callTransactionListener (/home/dhanish/fabric_sfc/caliper-bench/node_modules/fabric-common/lib/EventService.js:1051:16)
    at EventService._processTxEvents (/home/dhanish/fabric_sfc/caliper-bench/node_modules/fabric-common/lib/EventService.js:1006:12)
    at ClientDuplexStreamImpl.<anonymous> (/home/dhanish/fabric_sfc/caliper-bench/node_modules/fabric-common/lib/EventService.js:481:12)
    at ClientDuplexStreamImpl.emit (node:events:517:28)
    at addChunk (node:internal/streams/readable:368:12)
    at readableAddChunk (node:internal/streams/readable:341:9)
2026-08-11T09:20:08.364Z - [33mwarn[39m: [TransactionEventHandler]: strategyFail: commit failure for transaction "292b1c186b78b5190cfa53e0b7c8f115dd979955363605268e7afa57e704cb09": TransactionError: Commit of transaction 292b1c186b78b5190cfa53e0b7c8f115dd979955363605268e7afa57e704cb09 failed on peer peer0.financiers.example.com:7051 with status MVCC_READ_CONFLICT
    at TransactionEventHandler.eventCallback (/home/dhanish/fabric_sfc/caliper-bench/node_modules/fabric-network/lib/impl/event/transactioneventhandler.js:111:31)
    at CommitListenerSession.notifyListener (/home/dhanish/fabric_sfc/caliper-bench/node_modules/fabric-network/lib/impl/event/commitlistenersession.js:101:18)
    at EventListener.callback (/home/dhanish/fabric_sfc/caliper-bench/node_modules/fabric-network/lib/impl/event/commitlistenersession.js:92:18)
    at EventListener.onEvent (/home/dhanish/fabric_sfc/caliper-bench/node_modules/fabric-common/lib/EventListener.js:124:10)
    at EventService._callTransactionListener (/home/dhanish/fabric_sfc/caliper-bench/node_modules/fabric-common/lib/EventService.js:1051:16)
    at EventService._processTxEvents (/home/dhanish/fabric_sfc/caliper-bench/node_modules/fabric-common/lib/EventService.js:1006:12)
    at ClientDuplexStreamImpl.<anonymous> (/home/dhanish/fabric_sfc/caliper-bench/node_modules/fabric-common/lib/EventService.js:481:12)
    at ClientDuplexStreamImpl.emit (node:events:517:28)
    at addChunk (node:internal/streams/readable:368:12)
    at readableAddChunk (node:internal/streams/readable:341:9) {
  transactionId: '292b1c186b78b5190cfa53e0b7c8f115dd979955363605268e7afa57e704cb09',
  transactionCode: 'MVCC_READ_CONFLICT'
}
2026.08.11-09:20:08.364[31m error[39m [caliper] [connectors/v2/FabricGateway] 	Failed to perform submit transaction [setFinancePolicyForFinancier] using arguments [,{"minAPR":0.08,"maxAPR":0.24,"baseAPR":0.14,"minTenorDays":7,"maxTenorDays":45,"tenor":21,"minLtvPct":55,"maxLtvPct":85,"ltv":72,"penaltyBasePct":0.4}],  with error: TransactionError: Commit of transaction 292b1c186b78b5190cfa53e0b7c8f115dd979955363605268e7afa57e704cb09 failed on peer peer0.financiers.example.com:7051 with status MVCC_READ_CONFLICT
    at TransactionEventHandler.eventCallback (/home/dhanish/fabric_sfc/caliper-bench/node_modules/fabric-network/lib/impl/event/transactioneventhandler.js:111:31)
    at CommitListenerSession.notifyListener (/home/dhanish/fabric_sfc/caliper-bench/node_modules/fabric-network/lib/impl/event/commitlistenersession.js:101:18)
    at EventListener.callback (/home/dhanish/fabric_sfc/caliper-bench/node_modules/fabric-network/lib/impl/event/commitlistenersession.js:92:18)
    at EventListener.onEvent (/home/dhanish/fabric_sfc/caliper-bench/node_modules/fabric-common/lib/EventListener.js:124:10)
    at EventService._callTransactionListener (/home/dhanish/fabric_sfc/caliper-bench/node_modules/fabric-common/lib/EventService.js:1051:16)
    at EventService._processTxEvents (/home/dhanish/fabric_sfc/caliper-bench/node_modules/fabric-common/lib/EventService.js:1006:12)
    at ClientDuplexStreamImpl.<anonymous> (/home/dhanish/fabric_sfc/caliper-bench/node_modules/fabric-common/lib/EventService.js:481:12)
    at ClientDuplexStreamImpl.emit (node:events:517:28)
    at addChunk (node:internal/streams/readable:368:12)
    at readableAddChunk (node:internal/streams/readable:341:9)
2026-08-11T09:20:08.367Z - [33mwarn[39m: [TransactionEventHandler]: strategyFail: commit failure for transaction "3fe6901c124c85c128d5722a55ad243adcf932b254d0a7ac59e3630ca6db0474": TransactionError: Commit of transaction 3fe6901c124c85c128d5722a55ad243adcf932b254d0a7ac59e3630ca6db0474 failed on peer peer0.financiers.example.com:7051 with status MVCC_READ_CONFLICT
    at TransactionEventHandler.eventCallback (/home/dhanish/fabric_sfc/caliper-bench/node_modules/fabric-network/lib/impl/event/transactioneventhandler.js:111:31)
    at CommitListenerSession.notifyListener (/home/dhanish/fabric_sfc/caliper-bench/node_modules/fabric-network/lib/impl/event/commitlistenersession.js:101:18)
    at EventListener.callback (/home/dhanish/fabric_sfc/caliper-bench/node_modules/fabric-network/lib/impl/event/commitlistenersession.js:92:18)
    at EventListener.onEvent (/home/dhanish/fabric_sfc/caliper-bench/node_modules/fabric-common/lib/EventListener.js:124:10)
    at EventService._callTransactionListener (/home/dhanish/fabric_sfc/caliper-bench/node_modules/fabric-common/lib/EventService.js:1051:16)
    at EventService._processTxEvents (/home/dhanish/fabric_sfc/caliper-bench/node_modules/fabric-common/lib/EventService.js:1006:12)
    at ClientDuplexStreamImpl.<anonymous> (/home/dhanish/fabric_sfc/caliper-bench/node_modules/fabric-common/lib/EventService.js:481:12)
    at ClientDuplexStreamImpl.emit (node:events:517:28)
    at addChunk (node:internal/streams/readable:368:12)
    at readableAddChunk (node:internal/streams/readable:341:9) {
  transactionId: '3fe6901c124c85c128d5722a55ad243adcf932b254d0a7ac59e3630ca6db0474',
  transactionCode: 'MVCC_READ_CONFLICT'
}
2026-08-11T09:20:08.367Z - [33mwarn[39m: [TransactionEventHandler]: strategyFail: commit failure for transaction "9043be681606caed1f929b6e2f011e399af07548bf3c595abb419342367e41cb": TransactionError: Commit of transaction 9043be681606caed1f929b6e2f011e399af07548bf3c595abb419342367e41cb failed on peer peer0.financiers.example.com:7051 with status MVCC_READ_CONFLICT
    at TransactionEventHandler.eventCallback (/home/dhanish/fabric_sfc/caliper-bench/node_modules/fabric-network/lib/impl/event/transactioneventhandler.js:111:31)
    at CommitListenerSession.notifyListener (/home/dhanish/fabric_sfc/caliper-bench/node_modules/fabric-network/lib/impl/event/commitlistenersession.js:101:18)
    at EventListener.callback (/home/dhanish/fabric_sfc/caliper-bench/node_modules/fabric-network/lib/impl/event/commitlistenersession.js:92:18)
    at EventListener.onEvent (/home/dhanish/fabric_sfc/caliper-bench/node_modules/fabric-common/lib/EventListener.js:124:10)
    at EventService._callTransactionListener (/home/dhanish/fabric_sfc/caliper-bench/node_modules/fabric-common/lib/EventService.js:1051:16)
    at EventService._processTxEvents (/home/dhanish/fabric_sfc/caliper-bench/node_modules/fabric-common/lib/EventService.js:1006:12)
    at ClientDuplexStreamImpl.<anonymous> (/home/dhanish/fabric_sfc/caliper-bench/node_modules/fabric-common/lib/EventService.js:481:12)
    at ClientDuplexStreamImpl.emit (node:events:517:28)
    at addChunk (node:internal/streams/readable:368:12)
    at readableAddChunk (node:internal/streams/readable:341:9) {
  transactionId: '9043be681606caed1f929b6e2f011e399af07548bf3c595abb419342367e41cb',
  transactionCode: 'MVCC_READ_CONFLICT'
}
2026-08-11T09:20:08.368Z - [33mwarn[39m: [TransactionEventHandler]: strategyFail: commit failure for transaction "b35637cfe7ed2bc5b45643e92ce294ea74057c31ae05f06d70aba4d57fa52f58": TransactionError: Commit of transaction b35637cfe7ed2bc5b45643e92ce294ea74057c31ae05f06d70aba4d57fa52f58 failed on peer peer0.financiers.example.com:7051 with status MVCC_READ_CONFLICT
    at TransactionEventHandler.eventCallback (/home/dhanish/fabric_sfc/caliper-bench/node_modules/fabric-network/lib/impl/event/transactioneventhandler.js:111:31)
    at CommitListenerSession.notifyListener (/home/dhanish/fabric_sfc/caliper-bench/node_modules/fabric-network/lib/impl/event/commitlistenersession.js:101:18)
    at EventListener.callback (/home/dhanish/fabric_sfc/caliper-bench/node_modules/fabric-network/lib/impl/event/commitlistenersession.js:92:18)
    at EventListener.onEvent (/home/dhanish/fabric_sfc/caliper-bench/node_modules/fabric-common/lib/EventListener.js:124:10)
    at EventService._callTransactionListener (/home/dhanish/fabric_sfc/caliper-bench/node_modules/fabric-common/lib/EventService.js:1051:16)
    at EventService._processTxEvents (/home/dhanish/fabric_sfc/caliper-bench/node_modules/fabric-common/lib/EventService.js:1006:12)
    at ClientDuplexStreamImpl.<anonymous> (/home/dhanish/fabric_sfc/caliper-bench/node_modules/fabric-common/lib/EventService.js:481:12)
    at ClientDuplexStreamImpl.emit (node:events:517:28)
    at addChunk (node:internal/streams/readable:368:12)
    at readableAddChunk (node:internal/streams/readable:341:9) {
  transactionId: 'b35637cfe7ed2bc5b45643e92ce294ea74057c31ae05f06d70aba4d57fa52f58',
  transactionCode: 'MVCC_READ_CONFLICT'
}
2026-08-11T09:20:08.368Z - [33mwarn[39m: [TransactionEventHandler]: strategyFail: commit failure for transaction "20b52370c9b8d9777b30cea80804ea86fff43d882b727717f4aa452b0136addb": TransactionError: Commit of transaction 20b52370c9b8d9777b30cea80804ea86fff43d882b727717f4aa452b0136addb failed on peer peer0.financiers.example.com:7051 with status MVCC_READ_CONFLICT
    at TransactionEventHandler.eventCallback (/home/dhanish/fabric_sfc/caliper-bench/node_modules/fabric-network/lib/impl/event/transactioneventhandler.js:111:31)
    at CommitListenerSession.notifyListener (/home/dhanish/fabric_sfc/caliper-bench/node_modules/fabric-network/lib/impl/event/commitlistenersession.js:101:18)
    at EventListener.callback (/home/dhanish/fabric_sfc/caliper-bench/node_modules/fabric-network/lib/impl/event/commitlistenersession.js:92:18)
    at EventListener.onEvent (/home/dhanish/fabric_sfc/caliper-bench/node_modules/fabric-common/lib/EventListener.js:124:10)
    at EventService._callTransactionListener (/home/dhanish/fabric_sfc/caliper-bench/node_modules/fabric-common/lib/EventService.js:1051:16)
    at EventService._processTxEvents (/home/dhanish/fabric_sfc/caliper-bench/node_modules/fabric-common/lib/EventService.js:1006:12)
    at ClientDuplexStreamImpl.<anonymous> (/home/dhanish/fabric_sfc/caliper-bench/node_modules/fabric-common/lib/EventService.js:481:12)
    at ClientDuplexStreamImpl.emit (node:events:517:28)
    at addChunk (node:internal/streams/readable:368:12)
    at readableAddChunk (node:internal/streams/readable:341:9) {
  transactionId: '20b52370c9b8d9777b30cea80804ea86fff43d882b727717f4aa452b0136addb',
  transactionCode: 'MVCC_READ_CONFLICT'
}
2026-08-11T09:20:08.368Z - [33mwarn[39m: [TransactionEventHandler]: strategyFail: commit failure for transaction "2453ee148dc1c2098c22e14b34e29d16cbb9604996b4c8c3619886ce1eff8fcb": TransactionError: Commit of transaction 2453ee148dc1c2098c22e14b34e29d16cbb9604996b4c8c3619886ce1eff8fcb failed on peer peer0.financiers.example.com:7051 with status MVCC_READ_CONFLICT
    at TransactionEventHandler.eventCallback (/home/dhanish/fabric_sfc/caliper-bench/node_modules/fabric-network/lib/impl/event/transactioneventhandler.js:111:31)
    at CommitListenerSession.notifyListener (/home/dhanish/fabric_sfc/caliper-bench/node_modules/fabric-network/lib/impl/event/commitlistenersession.js:101:18)
    at EventListener.callback (/home/dhanish/fabric_sfc/caliper-bench/node_modules/fabric-network/lib/impl/event/commitlistenersession.js:92:18)
    at EventListener.onEvent (/home/dhanish/fabric_sfc/caliper-bench/node_modules/fabric-common/lib/EventListener.js:124:10)
    at EventService._callTransactionListener (/home/dhanish/fabric_sfc/caliper-bench/node_modules/fabric-common/lib/EventService.js:1051:16)
    at EventService._processTxEvents (/home/dhanish/fabric_sfc/caliper-bench/node_modules/fabric-common/lib/EventService.js:1006:12)
    at ClientDuplexStreamImpl.<anonymous> (/home/dhanish/fabric_sfc/caliper-bench/node_modules/fabric-common/lib/EventService.js:481:12)
    at ClientDuplexStreamImpl.emit (node:events:517:28)
    at addChunk (node:internal/streams/readable:368:12)
    at readableAddChunk (node:internal/streams/readable:341:9) {
  transactionId: '2453ee148dc1c2098c22e14b34e29d16cbb9604996b4c8c3619886ce1eff8fcb',
  transactionCode: 'MVCC_READ_CONFLICT'
}
2026.08.11-09:20:08.368[31m error[39m [caliper] [connectors/v2/FabricGateway] 	Failed to perform submit transaction [setFinancePolicyForFinancier] using arguments [,{"minAPR":0.08,"maxAPR":0.24,"baseAPR":0.14,"minTenorDays":7,"maxTenorDays":45,"tenor":21,"minLtvPct":55,"maxLtvPct":85,"ltv":72,"penaltyBasePct":0.4}],  with error: TransactionError: Commit of transaction 9043be681606caed1f929b6e2f011e399af07548bf3c595abb419342367e41cb failed on peer peer0.financiers.example.com:7051 with status MVCC_READ_CONFLICT
    at TransactionEventHandler.eventCallback (/home/dhanish/fabric_sfc/caliper-bench/node_modules/fabric-network/lib/impl/event/transactioneventhandler.js:111:31)
    at CommitListenerSession.notifyListener (/home/dhanish/fabric_sfc/caliper-bench/node_modules/fabric-network/lib/impl/event/commitlistenersession.js:101:18)
    at EventListener.callback (/home/dhanish/fabric_sfc/caliper-bench/node_modules/fabric-network/lib/impl/event/commitlistenersession.js:92:18)
    at EventListener.onEvent (/home/dhanish/fabric_sfc/caliper-bench/node_modules/fabric-common/lib/EventListener.js:124:10)
    at EventService._callTransactionListener (/home/dhanish/fabric_sfc/caliper-bench/node_modules/fabric-common/lib/EventService.js:1051:16)
    at EventService._processTxEvents (/home/dhanish/fabric_sfc/caliper-bench/node_modules/fabric-common/lib/EventService.js:1006:12)
    at ClientDuplexStreamImpl.<anonymous> (/home/dhanish/fabric_sfc/caliper-bench/node_modules/fabric-common/lib/EventService.js:481:12)
    at ClientDuplexStreamImpl.emit (node:events:517:28)
    at addChunk (node:internal/streams/readable:368:12)
    at readableAddChunk (node:internal/streams/readable:341:9)
2026.08.11-09:20:08.368[31m error[39m [caliper] [connectors/v2/FabricGateway] 	Failed to perform submit transaction [setFinancePolicyForFinancier] using arguments [,{"minAPR":0.08,"maxAPR":0.24,"baseAPR":0.14,"minTenorDays":7,"maxTenorDays":45,"tenor":21,"minLtvPct":55,"maxLtvPct":85,"ltv":72,"penaltyBasePct":0.4}],  with error: TransactionError: Commit of transaction 3fe6901c124c85c128d5722a55ad243adcf932b254d0a7ac59e3630ca6db0474 failed on peer peer0.financiers.example.com:7051 with status MVCC_READ_CONFLICT
    at TransactionEventHandler.eventCallback (/home/dhanish/fabric_sfc/caliper-bench/node_modules/fabric-network/lib/impl/event/transactioneventhandler.js:111:31)
    at CommitListenerSession.notifyListener (/home/dhanish/fabric_sfc/caliper-bench/node_modules/fabric-network/lib/impl/event/commitlistenersession.js:101:18)
    at EventListener.callback (/home/dhanish/fabric_sfc/caliper-bench/node_modules/fabric-network/lib/impl/event/commitlistenersession.js:92:18)
    at EventListener.onEvent (/home/dhanish/fabric_sfc/caliper-bench/node_modules/fabric-common/lib/EventListener.js:124:10)
    at EventService._callTransactionListener (/home/dhanish/fabric_sfc/caliper-bench/node_modules/fabric-common/lib/EventService.js:1051:16)
    at EventService._processTxEvents (/home/dhanish/fabric_sfc/caliper-bench/node_modules/fabric-common/lib/EventService.js:1006:12)
    at ClientDuplexStreamImpl.<anonymous> (/home/dhanish/fabric_sfc/caliper-bench/node_modules/fabric-common/lib/EventService.js:481:12)
    at ClientDuplexStreamImpl.emit (node:events:517:28)
    at addChunk (node:internal/streams/readable:368:12)
    at readableAddChunk (node:internal/streams/readable:341:9)
2026.08.11-09:20:08.368[31m error[39m [caliper] [connectors/v2/FabricGateway] 	Failed to perform submit transaction [setFinancePolicyForFinancier] using arguments [,{"minAPR":0.08,"maxAPR":0.24,"baseAPR":0.14,"minTenorDays":7,"maxTenorDays":45,"tenor":21,"minLtvPct":55,"maxLtvPct":85,"ltv":72,"penaltyBasePct":0.4}],  with error: TransactionError: Commit of transaction 20b52370c9b8d9777b30cea80804ea86fff43d882b727717f4aa452b0136addb failed on peer peer0.financiers.example.com:7051 with status MVCC_READ_CONFLICT
    at TransactionEventHandler.eventCallback (/home/dhanish/fabric_sfc/caliper-bench/node_modules/fabric-network/lib/impl/event/transactioneventhandler.js:111:31)
    at CommitListenerSession.notifyListener (/home/dhanish/fabric_sfc/caliper-bench/node_modules/fabric-network/lib/impl/event/commitlistenersession.js:101:18)
    at EventListener.callback (/home/dhanish/fabric_sfc/caliper-bench/node_modules/fabric-network/lib/impl/event/commitlistenersession.js:92:18)
    at EventListener.onEvent (/home/dhanish/fabric_sfc/caliper-bench/node_modules/fabric-common/lib/EventListener.js:124:10)
    at EventService._callTransactionListener (/home/dhanish/fabric_sfc/caliper-bench/node_modules/fabric-common/lib/EventService.js:1051:16)
    at EventService._processTxEvents (/home/dhanish/fabric_sfc/caliper-bench/node_modules/fabric-common/lib/EventService.js:1006:12)
    at ClientDuplexStreamImpl.<anonymous> (/home/dhanish/fabric_sfc/caliper-bench/node_modules/fabric-common/lib/EventService.js:481:12)
    at ClientDuplexStreamImpl.emit (node:events:517:28)
    at addChunk (node:internal/streams/readable:368:12)
    at readableAddChunk (node:internal/streams/readable:341:9)
2026.08.11-09:20:08.368[31m error[39m [caliper] [connectors/v2/FabricGateway] 	Failed to perform submit transaction [setFinancePolicyForFinancier] using arguments [,{"minAPR":0.08,"maxAPR":0.24,"baseAPR":0.14,"minTenorDays":7,"maxTenorDays":45,"tenor":21,"minLtvPct":55,"maxLtvPct":85,"ltv":72,"penaltyBasePct":0.4}],  with error: TransactionError: Commit of transaction b35637cfe7ed2bc5b45643e92ce294ea74057c31ae05f06d70aba4d57fa52f58 failed on peer peer0.financiers.example.com:7051 with status MVCC_READ_CONFLICT
    at TransactionEventHandler.eventCallback (/home/dhanish/fabric_sfc/caliper-bench/node_modules/fabric-network/lib/impl/event/transactioneventhandler.js:111:31)
    at CommitListenerSession.notifyListener (/home/dhanish/fabric_sfc/caliper-bench/node_modules/fabric-network/lib/impl/event/commitlistenersession.js:101:18)
    at EventListener.callback (/home/dhanish/fabric_sfc/caliper-bench/node_modules/fabric-network/lib/impl/event/commitlistenersession.js:92:18)
    at EventListener.onEvent (/home/dhanish/fabric_sfc/caliper-bench/node_modules/fabric-common/lib/EventListener.js:124:10)
    at EventService._callTransactionListener (/home/dhanish/fabric_sfc/caliper-bench/node_modules/fabric-common/lib/EventService.js:1051:16)
    at EventService._processTxEvents (/home/dhanish/fabric_sfc/caliper-bench/node_modules/fabric-common/lib/EventService.js:1006:12)
    at ClientDuplexStreamImpl.<anonymous> (/home/dhanish/fabric_sfc/caliper-bench/node_modules/fabric-common/lib/EventService.js:481:12)
    at ClientDuplexStreamImpl.emit (node:events:517:28)
    at addChunk (node:internal/streams/readable:368:12)
    at readableAddChunk (node:internal/streams/readable:341:9)
2026.08.11-09:20:08.368[31m error[39m [caliper] [connectors/v2/FabricGateway] 	Failed to perform submit transaction [setFinancePolicyForFinancier] using arguments [,{"minAPR":0.08,"maxAPR":0.24,"baseAPR":0.14,"minTenorDays":7,"maxTenorDays":45,"tenor":21,"minLtvPct":55,"maxLtvPct":85,"ltv":72,"penaltyBasePct":0.4}],  with error: TransactionError: Commit of transaction 2453ee148dc1c2098c22e14b34e29d16cbb9604996b4c8c3619886ce1eff8fcb failed on peer peer0.financiers.example.com:7051 with status MVCC_READ_CONFLICT
    at TransactionEventHandler.eventCallback (/home/dhanish/fabric_sfc/caliper-bench/node_modules/fabric-network/lib/impl/event/transactioneventhandler.js:111:31)
    at CommitListenerSession.notifyListener (/home/dhanish/fabric_sfc/caliper-bench/node_modules/fabric-network/lib/impl/event/commitlistenersession.js:101:18)
    at EventListener.callback (/home/dhanish/fabric_sfc/caliper-bench/node_modules/fabric-network/lib/impl/event/commitlistenersession.js:92:18)
    at EventListener.onEvent (/home/dhanish/fabric_sfc/caliper-bench/node_modules/fabric-common/lib/EventListener.js:124:10)
    at EventService._callTransactionListener (/home/dhanish/fabric_sfc/caliper-bench/node_modules/fabric-common/lib/EventService.js:1051:16)
    at EventService._processTxEvents (/home/dhanish/fabric_sfc/caliper-bench/node_modules/fabric-common/lib/EventService.js:1006:12)
    at ClientDuplexStreamImpl.<anonymous> (/home/dhanish/fabric_sfc/caliper-bench/node_modules/fabric-common/lib/EventService.js:481:12)
    at ClientDuplexStreamImpl.emit (node:events:517:28)
    at addChunk (node:internal/streams/readable:368:12)
    at readableAddChunk (node:internal/streams/readable:341:9)
2026-08-11T09:20:08.369Z - [33mwarn[39m: [TransactionEventHandler]: strategyFail: commit failure for transaction "e02b13feecd14cad7f4a71374e8cd400bf8cbb0a338a9a90319ff08ae6ae98b5": TransactionError: Commit of transaction e02b13feecd14cad7f4a71374e8cd400bf8cbb0a338a9a90319ff08ae6ae98b5 failed on peer peer0.financiers.example.com:7051 with status MVCC_READ_CONFLICT
    at TransactionEventHandler.eventCallback (/home/dhanish/fabric_sfc/caliper-bench/node_modules/fabric-network/lib/impl/event/transactioneventhandler.js:111:31)
    at CommitListenerSession.notifyListener (/home/dhanish/fabric_sfc/caliper-bench/node_modules/fabric-network/lib/impl/event/commitlistenersession.js:101:18)
    at EventListener.callback (/home/dhanish/fabric_sfc/caliper-bench/node_modules/fabric-network/lib/impl/event/commitlistenersession.js:92:18)
    at EventListener.onEvent (/home/dhanish/fabric_sfc/caliper-bench/node_modules/fabric-common/lib/EventListener.js:124:10)
    at EventService._callTransactionListener (/home/dhanish/fabric_sfc/caliper-bench/node_modules/fabric-common/lib/EventService.js:1051:16)
    at EventService._processTxEvents (/home/dhanish/fabric_sfc/caliper-bench/node_modules/fabric-common/lib/EventService.js:1006:12)
    at ClientDuplexStreamImpl.<anonymous> (/home/dhanish/fabric_sfc/caliper-bench/node_modules/fabric-common/lib/EventService.js:481:12)
    at ClientDuplexStreamImpl.emit (node:events:517:28)
    at addChunk (node:internal/streams/readable:368:12)
    at readableAddChunk (node:internal/streams/readable:341:9) {
  transactionId: 'e02b13feecd14cad7f4a71374e8cd400bf8cbb0a338a9a90319ff08ae6ae98b5',
  transactionCode: 'MVCC_READ_CONFLICT'
}
2026-08-11T09:20:08.369Z - [33mwarn[39m: [TransactionEventHandler]: strategyFail: commit failure for transaction "8ba087cb15a4b2687ffc720ccfa08dd77c83e2a0442fe2eb3e45d08acaeda8c4": TransactionError: Commit of transaction 8ba087cb15a4b2687ffc720ccfa08dd77c83e2a0442fe2eb3e45d08acaeda8c4 failed on peer peer0.financiers.example.com:7051 with status MVCC_READ_CONFLICT
    at TransactionEventHandler.eventCallback (/home/dhanish/fabric_sfc/caliper-bench/node_modules/fabric-network/lib/impl/event/transactioneventhandler.js:111:31)
    at CommitListenerSession.notifyListener (/home/dhanish/fabric_sfc/caliper-bench/node_modules/fabric-network/lib/impl/event/commitlistenersession.js:101:18)
    at EventListener.callback (/home/dhanish/fabric_sfc/caliper-bench/node_modules/fabric-network/lib/impl/event/commitlistenersession.js:92:18)
    at EventListener.onEvent (/home/dhanish/fabric_sfc/caliper-bench/node_modules/fabric-common/lib/EventListener.js:124:10)
    at EventService._callTransactionListener (/home/dhanish/fabric_sfc/caliper-bench/node_modules/fabric-common/lib/EventService.js:1051:16)
    at EventService._processTxEvents (/home/dhanish/fabric_sfc/caliper-bench/node_modules/fabric-common/lib/EventService.js:1006:12)
    at ClientDuplexStreamImpl.<anonymous> (/home/dhanish/fabric_sfc/caliper-bench/node_modules/fabric-common/lib/EventService.js:481:12)
    at ClientDuplexStreamImpl.emit (node:events:517:28)
    at addChunk (node:internal/streams/readable:368:12)
    at readableAddChunk (node:internal/streams/readable:341:9) {
  transactionId: '8ba087cb15a4b2687ffc720ccfa08dd77c83e2a0442fe2eb3e45d08acaeda8c4',
  transactionCode: 'MVCC_READ_CONFLICT'
}
2026.08.11-09:20:08.369[31m error[39m [caliper] [connectors/v2/FabricGateway] 	Failed to perform submit transaction [setFinancePolicyForFinancier] using arguments [,{"minAPR":0.08,"maxAPR":0.24,"baseAPR":0.14,"minTenorDays":7,"maxTenorDays":45,"tenor":21,"minLtvPct":55,"maxLtvPct":85,"ltv":72,"penaltyBasePct":0.4}],  with error: TransactionError: Commit of transaction e02b13feecd14cad7f4a71374e8cd400bf8cbb0a338a9a90319ff08ae6ae98b5 failed on peer peer0.financiers.example.com:7051 with status MVCC_READ_CONFLICT
    at TransactionEventHandler.eventCallback (/home/dhanish/fabric_sfc/caliper-bench/node_modules/fabric-network/lib/impl/event/transactioneventhandler.js:111:31)
    at CommitListenerSession.notifyListener (/home/dhanish/fabric_sfc/caliper-bench/node_modules/fabric-network/lib/impl/event/commitlistenersession.js:101:18)
    at EventListener.callback (/home/dhanish/fabric_sfc/caliper-bench/node_modules/fabric-network/lib/impl/event/commitlistenersession.js:92:18)
    at EventListener.onEvent (/home/dhanish/fabric_sfc/caliper-bench/node_modules/fabric-common/lib/EventListener.js:124:10)
    at EventService._callTransactionListener (/home/dhanish/fabric_sfc/caliper-bench/node_modules/fabric-common/lib/EventService.js:1051:16)
    at EventService._processTxEvents (/home/dhanish/fabric_sfc/caliper-bench/node_modules/fabric-common/lib/EventService.js:1006:12)
    at ClientDuplexStreamImpl.<anonymous> (/home/dhanish/fabric_sfc/caliper-bench/node_modules/fabric-common/lib/EventService.js:481:12)
    at ClientDuplexStreamImpl.emit (node:events:517:28)
    at addChunk (node:internal/streams/readable:368:12)
    at readableAddChunk (node:internal/streams/readable:341:9)
2026.08.11-09:20:08.370[31m error[39m [caliper] [connectors/v2/FabricGateway] 	Failed to perform submit transaction [setFinancePolicyForFinancier] using arguments [,{"minAPR":0.08,"maxAPR":0.24,"baseAPR":0.14,"minTenorDays":7,"maxTenorDays":45,"tenor":21,"minLtvPct":55,"maxLtvPct":85,"ltv":72,"penaltyBasePct":0.4}],  with error: TransactionError: Commit of transaction 8ba087cb15a4b2687ffc720ccfa08dd77c83e2a0442fe2eb3e45d08acaeda8c4 failed on peer peer0.financiers.example.com:7051 with status MVCC_READ_CONFLICT
    at TransactionEventHandler.eventCallback (/home/dhanish/fabric_sfc/caliper-bench/node_modules/fabric-network/lib/impl/event/transactioneventhandler.js:111:31)
    at CommitListenerSession.notifyListener (/home/dhanish/fabric_sfc/caliper-bench/node_modules/fabric-network/lib/impl/event/commitlistenersession.js:101:18)
    at EventListener.callback (/home/dhanish/fabric_sfc/caliper-bench/node_modules/fabric-network/lib/impl/event/commitlistenersession.js:92:18)
    at EventListener.onEvent (/home/dhanish/fabric_sfc/caliper-bench/node_modules/fabric-common/lib/EventListener.js:124:10)
    at EventService._callTransactionListener (/home/dhanish/fabric_sfc/caliper-bench/node_modules/fabric-common/lib/EventService.js:1051:16)
    at EventService._processTxEvents (/home/dhanish/fabric_sfc/caliper-bench/node_modules/fabric-common/lib/EventService.js:1006:12)
    at ClientDuplexStreamImpl.<anonymous> (/home/dhanish/fabric_sfc/caliper-bench/node_modules/fabric-common/lib/EventService.js:481:12)
    at ClientDuplexStreamImpl.emit (node:events:517:28)
    at addChunk (node:internal/streams/readable:368:12)
    at readableAddChunk (node:internal/streams/readable:341:9)
2026-08-11T09:20:08.396Z - [33mwarn[39m: [TransactionEventHandler]: strategyFail: commit failure for transaction "deccf6d5e15f4f19ff7721a1f6ad571c6ac8f2b68a47a66cbd77aa2c1008d6b4": TransactionError: Commit of transaction deccf6d5e15f4f19ff7721a1f6ad571c6ac8f2b68a47a66cbd77aa2c1008d6b4 failed on peer peer0.financiers.example.com:7051 with status MVCC_READ_CONFLICT
    at TransactionEventHandler.eventCallback (/home/dhanish/fabric_sfc/caliper-bench/node_modules/fabric-network/lib/impl/event/transactioneventhandler.js:111:31)
    at CommitListenerSession.notifyListener (/home/dhanish/fabric_sfc/caliper-bench/node_modules/fabric-network/lib/impl/event/commitlistenersession.js:101:18)
    at EventListener.callback (/home/dhanish/fabric_sfc/caliper-bench/node_modules/fabric-network/lib/impl/event/commitlistenersession.js:92:18)
    at EventListener.onEvent (/home/dhanish/fabric_sfc/caliper-bench/node_modules/fabric-common/lib/EventListener.js:124:10)
    at EventService._callTransactionListener (/home/dhanish/fabric_sfc/caliper-bench/node_modules/fabric-common/lib/EventService.js:1051:16)
    at EventService._processTxEvents (/home/dhanish/fabric_sfc/caliper-bench/node_modules/fabric-common/lib/EventService.js:1006:12)
    at ClientDuplexStreamImpl.<anonymous> (/home/dhanish/fabric_sfc/caliper-bench/node_modules/fabric-common/lib/EventService.js:481:12)
    at ClientDuplexStreamImpl.emit (node:events:517:28)
    at addChunk (node:internal/streams/readable:368:12)
    at readableAddChunk (node:internal/streams/readable:341:9) {
  transactionId: 'deccf6d5e15f4f19ff7721a1f6ad571c6ac8f2b68a47a66cbd77aa2c1008d6b4',
  transactionCode: 'MVCC_READ_CONFLICT'
}
2026-08-11T09:20:08.396Z - [33mwarn[39m: [TransactionEventHandler]: strategyFail: commit failure for transaction "cf41e534ea635ba008ffa6938b69622c0bc46f82908ac5051bbe5f15cf204578": TransactionError: Commit of transaction cf41e534ea635ba008ffa6938b69622c0bc46f82908ac5051bbe5f15cf204578 failed on peer peer0.financiers.example.com:7051 with status MVCC_READ_CONFLICT
    at TransactionEventHandler.eventCallback (/home/dhanish/fabric_sfc/caliper-bench/node_modules/fabric-network/lib/impl/event/transactioneventhandler.js:111:31)
    at CommitListenerSession.notifyListener (/home/dhanish/fabric_sfc/caliper-bench/node_modules/fabric-network/lib/impl/event/commitlistenersession.js:101:18)
    at EventListener.callback (/home/dhanish/fabric_sfc/caliper-bench/node_modules/fabric-network/lib/impl/event/commitlistenersession.js:92:18)
    at EventListener.onEvent (/home/dhanish/fabric_sfc/caliper-bench/node_modules/fabric-common/lib/EventListener.js:124:10)
    at EventService._callTransactionListener (/home/dhanish/fabric_sfc/caliper-bench/node_modules/fabric-common/lib/EventService.js:1051:16)
    at EventService._processTxEvents (/home/dhanish/fabric_sfc/caliper-bench/node_modules/fabric-common/lib/EventService.js:1006:12)
    at ClientDuplexStreamImpl.<anonymous> (/home/dhanish/fabric_sfc/caliper-bench/node_modules/fabric-common/lib/EventService.js:481:12)
    at ClientDuplexStreamImpl.emit (node:events:517:28)
    at addChunk (node:internal/streams/readable:368:12)
    at readableAddChunk (node:internal/streams/readable:341:9) {
  transactionId: 'cf41e534ea635ba008ffa6938b69622c0bc46f82908ac5051bbe5f15cf204578',
  transactionCode: 'MVCC_READ_CONFLICT'
}
2026-08-11T09:20:08.396Z - [33mwarn[39m: [TransactionEventHandler]: strategyFail: commit failure for transaction "5a7cc037cab2aae770f31e2e2e7f0a5412b782184487bff28be270c3298e98a4": TransactionError: Commit of transaction 5a7cc037cab2aae770f31e2e2e7f0a5412b782184487bff28be270c3298e98a4 failed on peer peer0.financiers.example.com:7051 with status MVCC_READ_CONFLICT
    at TransactionEventHandler.eventCallback (/home/dhanish/fabric_sfc/caliper-bench/node_modules/fabric-network/lib/impl/event/transactioneventhandler.js:111:31)
    at CommitListenerSession.notifyListener (/home/dhanish/fabric_sfc/caliper-bench/node_modules/fabric-network/lib/impl/event/commitlistenersession.js:101:18)
    at EventListener.callback (/home/dhanish/fabric_sfc/caliper-bench/node_modules/fabric-network/lib/impl/event/commitlistenersession.js:92:18)
    at EventListener.onEvent (/home/dhanish/fabric_sfc/caliper-bench/node_modules/fabric-common/lib/EventListener.js:124:10)
    at EventService._callTransactionListener (/home/dhanish/fabric_sfc/caliper-bench/node_modules/fabric-common/lib/EventService.js:1051:16)
    at EventService._processTxEvents (/home/dhanish/fabric_sfc/caliper-bench/node_modules/fabric-common/lib/EventService.js:1006:12)
    at ClientDuplexStreamImpl.<anonymous> (/home/dhanish/fabric_sfc/caliper-bench/node_modules/fabric-common/lib/EventService.js:481:12)
    at ClientDuplexStreamImpl.emit (node:events:517:28)
    at addChunk (node:internal/streams/readable:368:12)
    at readableAddChunk (node:internal/streams/readable:341:9) {
  transactionId: '5a7cc037cab2aae770f31e2e2e7f0a5412b782184487bff28be270c3298e98a4',
  transactionCode: 'MVCC_READ_CONFLICT'
}
2026-08-11T09:20:08.396Z - [33mwarn[39m: [TransactionEventHandler]: strategyFail: commit failure for transaction "b26e9274d533badfc6a5bc28ff3b5cfc4c69329bebd2c3a54c69b0cb192d992e": TransactionError: Commit of transaction b26e9274d533badfc6a5bc28ff3b5cfc4c69329bebd2c3a54c69b0cb192d992e failed on peer peer0.financiers.example.com:7051 with status MVCC_READ_CONFLICT
    at TransactionEventHandler.eventCallback (/home/dhanish/fabric_sfc/caliper-bench/node_modules/fabric-network/lib/impl/event/transactioneventhandler.js:111:31)
    at CommitListenerSession.notifyListener (/home/dhanish/fabric_sfc/caliper-bench/node_modules/fabric-network/lib/impl/event/commitlistenersession.js:101:18)
    at EventListener.callback (/home/dhanish/fabric_sfc/caliper-bench/node_modules/fabric-network/lib/impl/event/commitlistenersession.js:92:18)
    at EventListener.onEvent (/home/dhanish/fabric_sfc/caliper-bench/node_modules/fabric-common/lib/EventListener.js:124:10)
    at EventService._callTransactionListener (/home/dhanish/fabric_sfc/caliper-bench/node_modules/fabric-common/lib/EventService.js:1051:16)
    at EventService._processTxEvents (/home/dhanish/fabric_sfc/caliper-bench/node_modules/fabric-common/lib/EventService.js:1006:12)
    at ClientDuplexStreamImpl.<anonymous> (/home/dhanish/fabric_sfc/caliper-bench/node_modules/fabric-common/lib/EventService.js:481:12)
    at ClientDuplexStreamImpl.emit (node:events:517:28)
    at addChunk (node:internal/streams/readable:368:12)
    at readableAddChunk (node:internal/streams/readable:341:9) {
  transactionId: 'b26e9274d533badfc6a5bc28ff3b5cfc4c69329bebd2c3a54c69b0cb192d992e',
  transactionCode: 'MVCC_READ_CONFLICT'
}
2026-08-11T09:20:08.397Z - [33mwarn[39m: [TransactionEventHandler]: strategyFail: commit failure for transaction "31586b3ef3fb3d0bc35f899d9306622e165a0c4b71b8496e983da0e35a7ef8aa": TransactionError: Commit of transaction 31586b3ef3fb3d0bc35f899d9306622e165a0c4b71b8496e983da0e35a7ef8aa failed on peer peer0.financiers.example.com:7051 with status MVCC_READ_CONFLICT
    at TransactionEventHandler.eventCallback (/home/dhanish/fabric_sfc/caliper-bench/node_modules/fabric-network/lib/impl/event/transactioneventhandler.js:111:31)
    at CommitListenerSession.notifyListener (/home/dhanish/fabric_sfc/caliper-bench/node_modules/fabric-network/lib/impl/event/commitlistenersession.js:101:18)
    at EventListener.callback (/home/dhanish/fabric_sfc/caliper-bench/node_modules/fabric-network/lib/impl/event/commitlistenersession.js:92:18)
    at EventListener.onEvent (/home/dhanish/fabric_sfc/caliper-bench/node_modules/fabric-common/lib/EventListener.js:124:10)
    at EventService._callTransactionListener (/home/dhanish/fabric_sfc/caliper-bench/node_modules/fabric-common/lib/EventService.js:1051:16)
    at EventService._processTxEvents (/home/dhanish/fabric_sfc/caliper-bench/node_modules/fabric-common/lib/EventService.js:1006:12)
    at ClientDuplexStreamImpl.<anonymous> (/home/dhanish/fabric_sfc/caliper-bench/node_modules/fabric-common/lib/EventService.js:481:12)
    at ClientDuplexStreamImpl.emit (node:events:517:28)
    at addChunk (node:internal/streams/readable:368:12)
    at readableAddChunk (node:internal/streams/readable:341:9) {
  transactionId: '31586b3ef3fb3d0bc35f899d9306622e165a0c4b71b8496e983da0e35a7ef8aa',
  transactionCode: 'MVCC_READ_CONFLICT'
}
2026-08-11T09:20:08.397Z - [33mwarn[39m: [TransactionEventHandler]: strategyFail: commit failure for transaction "d4eb6b0b7ebce98643b1c37ac307a765ca8032ad59a7c205661f11fd7398b861": TransactionError: Commit of transaction d4eb6b0b7ebce98643b1c37ac307a765ca8032ad59a7c205661f11fd7398b861 failed on peer peer0.financiers.example.com:7051 with status MVCC_READ_CONFLICT
    at TransactionEventHandler.eventCallback (/home/dhanish/fabric_sfc/caliper-bench/node_modules/fabric-network/lib/impl/event/transactioneventhandler.js:111:31)
    at CommitListenerSession.notifyListener (/home/dhanish/fabric_sfc/caliper-bench/node_modules/fabric-network/lib/impl/event/commitlistenersession.js:101:18)
    at EventListener.callback (/home/dhanish/fabric_sfc/caliper-bench/node_modules/fabric-network/lib/impl/event/commitlistenersession.js:92:18)
    at EventListener.onEvent (/home/dhanish/fabric_sfc/caliper-bench/node_modules/fabric-common/lib/EventListener.js:124:10)
    at EventService._callTransactionListener (/home/dhanish/fabric_sfc/caliper-bench/node_modules/fabric-common/lib/EventService.js:1051:16)
    at EventService._processTxEvents (/home/dhanish/fabric_sfc/caliper-bench/node_modules/fabric-common/lib/EventService.js:1006:12)
    at ClientDuplexStreamImpl.<anonymous> (/home/dhanish/fabric_sfc/caliper-bench/node_modules/fabric-common/lib/EventService.js:481:12)
    at ClientDuplexStreamImpl.emit (node:events:517:28)
    at addChunk (node:internal/streams/readable:368:12)
    at readableAddChunk (node:internal/streams/readable:341:9) {
  transactionId: 'd4eb6b0b7ebce98643b1c37ac307a765ca8032ad59a7c205661f11fd7398b861',
  transactionCode: 'MVCC_READ_CONFLICT'
}
2026.08.11-09:20:08.397[31m error[39m [caliper] [connectors/v2/FabricGateway] 	Failed to perform submit transaction [setFinancePolicyForFinancier] using arguments [,{"minAPR":0.08,"maxAPR":0.24,"baseAPR":0.14,"minTenorDays":7,"maxTenorDays":45,"tenor":21,"minLtvPct":55,"maxLtvPct":85,"ltv":72,"penaltyBasePct":0.4}],  with error: TransactionError: Commit of transaction cf41e534ea635ba008ffa6938b69622c0bc46f82908ac5051bbe5f15cf204578 failed on peer peer0.financiers.example.com:7051 with status MVCC_READ_CONFLICT
    at TransactionEventHandler.eventCallback (/home/dhanish/fabric_sfc/caliper-bench/node_modules/fabric-network/lib/impl/event/transactioneventhandler.js:111:31)
    at CommitListenerSession.notifyListener (/home/dhanish/fabric_sfc/caliper-bench/node_modules/fabric-network/lib/impl/event/commitlistenersession.js:101:18)
    at EventListener.callback (/home/dhanish/fabric_sfc/caliper-bench/node_modules/fabric-network/lib/impl/event/commitlistenersession.js:92:18)
    at EventListener.onEvent (/home/dhanish/fabric_sfc/caliper-bench/node_modules/fabric-common/lib/EventListener.js:124:10)
    at EventService._callTransactionListener (/home/dhanish/fabric_sfc/caliper-bench/node_modules/fabric-common/lib/EventService.js:1051:16)
    at EventService._processTxEvents (/home/dhanish/fabric_sfc/caliper-bench/node_modules/fabric-common/lib/EventService.js:1006:12)
    at ClientDuplexStreamImpl.<anonymous> (/home/dhanish/fabric_sfc/caliper-bench/node_modules/fabric-common/lib/EventService.js:481:12)
    at ClientDuplexStreamImpl.emit (node:events:517:28)
    at addChunk (node:internal/streams/readable:368:12)
    at readableAddChunk (node:internal/streams/readable:341:9)
2026.08.11-09:20:08.397[31m error[39m [caliper] [connectors/v2/FabricGateway] 	Failed to perform submit transaction [setFinancePolicyForFinancier] using arguments [,{"minAPR":0.08,"maxAPR":0.24,"baseAPR":0.14,"minTenorDays":7,"maxTenorDays":45,"tenor":21,"minLtvPct":55,"maxLtvPct":85,"ltv":72,"penaltyBasePct":0.4}],  with error: TransactionError: Commit of transaction b26e9274d533badfc6a5bc28ff3b5cfc4c69329bebd2c3a54c69b0cb192d992e failed on peer peer0.financiers.example.com:7051 with status MVCC_READ_CONFLICT
    at TransactionEventHandler.eventCallback (/home/dhanish/fabric_sfc/caliper-bench/node_modules/fabric-network/lib/impl/event/transactioneventhandler.js:111:31)
    at CommitListenerSession.notifyListener (/home/dhanish/fabric_sfc/caliper-bench/node_modules/fabric-network/lib/impl/event/commitlistenersession.js:101:18)
    at EventListener.callback (/home/dhanish/fabric_sfc/caliper-bench/node_modules/fabric-network/lib/impl/event/commitlistenersession.js:92:18)
    at EventListener.onEvent (/home/dhanish/fabric_sfc/caliper-bench/node_modules/fabric-common/lib/EventListener.js:124:10)
    at EventService._callTransactionListener (/home/dhanish/fabric_sfc/caliper-bench/node_modules/fabric-common/lib/EventService.js:1051:16)
    at EventService._processTxEvents (/home/dhanish/fabric_sfc/caliper-bench/node_modules/fabric-common/lib/EventService.js:1006:12)
    at ClientDuplexStreamImpl.<anonymous> (/home/dhanish/fabric_sfc/caliper-bench/node_modules/fabric-common/lib/EventService.js:481:12)
    at ClientDuplexStreamImpl.emit (node:events:517:28)
    at addChunk (node:internal/streams/readable:368:12)
    at readableAddChunk (node:internal/streams/readable:341:9)
2026-08-11T09:20:08.397Z - [33mwarn[39m: [TransactionEventHandler]: strategyFail: commit failure for transaction "4c447ba42aea2060d3cc375ba58aa5dadd147fba65740851675b55d078b0b2f9": TransactionError: Commit of transaction 4c447ba42aea2060d3cc375ba58aa5dadd147fba65740851675b55d078b0b2f9 failed on peer peer0.financiers.example.com:7051 with status MVCC_READ_CONFLICT
    at TransactionEventHandler.eventCallback (/home/dhanish/fabric_sfc/caliper-bench/node_modules/fabric-network/lib/impl/event/transactioneventhandler.js:111:31)
    at CommitListenerSession.notifyListener (/home/dhanish/fabric_sfc/caliper-bench/node_modules/fabric-network/lib/impl/event/commitlistenersession.js:101:18)
    at EventListener.callback (/home/dhanish/fabric_sfc/caliper-bench/node_modules/fabric-network/lib/impl/event/commitlistenersession.js:92:18)
    at EventListener.onEvent (/home/dhanish/fabric_sfc/caliper-bench/node_modules/fabric-common/lib/EventListener.js:124:10)
    at EventService._callTransactionListener (/home/dhanish/fabric_sfc/caliper-bench/node_modules/fabric-common/lib/EventService.js:1051:16)
    at EventService._processTxEvents (/home/dhanish/fabric_sfc/caliper-bench/node_modules/fabric-common/lib/EventService.js:1006:12)
    at ClientDuplexStreamImpl.<anonymous> (/home/dhanish/fabric_sfc/caliper-bench/node_modules/fabric-common/lib/EventService.js:481:12)
    at ClientDuplexStreamImpl.emit (node:events:517:28)
    at addChunk (node:internal/streams/readable:368:12)
    at readableAddChunk (node:internal/streams/readable:341:9) {
  transactionId: '4c447ba42aea2060d3cc375ba58aa5dadd147fba65740851675b55d078b0b2f9',
  transactionCode: 'MVCC_READ_CONFLICT'
}
2026.08.11-09:20:08.397[31m error[39m [caliper] [connectors/v2/FabricGateway] 	Failed to perform submit transaction [setFinancePolicyForFinancier] using arguments [,{"minAPR":0.08,"maxAPR":0.24,"baseAPR":0.14,"minTenorDays":7,"maxTenorDays":45,"tenor":21,"minLtvPct":55,"maxLtvPct":85,"ltv":72,"penaltyBasePct":0.4}],  with error: TransactionError: Commit of transaction 31586b3ef3fb3d0bc35f899d9306622e165a0c4b71b8496e983da0e35a7ef8aa failed on peer peer0.financiers.example.com:7051 with status MVCC_READ_CONFLICT
    at TransactionEventHandler.eventCallback (/home/dhanish/fabric_sfc/caliper-bench/node_modules/fabric-network/lib/impl/event/transactioneventhandler.js:111:31)
    at CommitListenerSession.notifyListener (/home/dhanish/fabric_sfc/caliper-bench/node_modules/fabric-network/lib/impl/event/commitlistenersession.js:101:18)
    at EventListener.callback (/home/dhanish/fabric_sfc/caliper-bench/node_modules/fabric-network/lib/impl/event/commitlistenersession.js:92:18)
    at EventListener.onEvent (/home/dhanish/fabric_sfc/caliper-bench/node_modules/fabric-common/lib/EventListener.js:124:10)
    at EventService._callTransactionListener (/home/dhanish/fabric_sfc/caliper-bench/node_modules/fabric-common/lib/EventService.js:1051:16)
    at EventService._processTxEvents (/home/dhanish/fabric_sfc/caliper-bench/node_modules/fabric-common/lib/EventService.js:1006:12)
    at ClientDuplexStreamImpl.<anonymous> (/home/dhanish/fabric_sfc/caliper-bench/node_modules/fabric-common/lib/EventService.js:481:12)
    at ClientDuplexStreamImpl.emit (node:events:517:28)
    at addChunk (node:internal/streams/readable:368:12)
    at readableAddChunk (node:internal/streams/readable:341:9)
2026.08.11-09:20:08.397[31m error[39m [caliper] [connectors/v2/FabricGateway] 	Failed to perform submit transaction [setFinancePolicyForFinancier] using arguments [,{"minAPR":0.08,"maxAPR":0.24,"baseAPR":0.14,"minTenorDays":7,"maxTenorDays":45,"tenor":21,"minLtvPct":55,"maxLtvPct":85,"ltv":72,"penaltyBasePct":0.4}],  with error: TransactionError: Commit of transaction deccf6d5e15f4f19ff7721a1f6ad571c6ac8f2b68a47a66cbd77aa2c1008d6b4 failed on peer peer0.financiers.example.com:7051 with status MVCC_READ_CONFLICT
    at TransactionEventHandler.eventCallback (/home/dhanish/fabric_sfc/caliper-bench/node_modules/fabric-network/lib/impl/event/transactioneventhandler.js:111:31)
    at CommitListenerSession.notifyListener (/home/dhanish/fabric_sfc/caliper-bench/node_modules/fabric-network/lib/impl/event/commitlistenersession.js:101:18)
    at EventListener.callback (/home/dhanish/fabric_sfc/caliper-bench/node_modules/fabric-network/lib/impl/event/commitlistenersession.js:92:18)
    at EventListener.onEvent (/home/dhanish/fabric_sfc/caliper-bench/node_modules/fabric-common/lib/EventListener.js:124:10)
    at EventService._callTransactionListener (/home/dhanish/fabric_sfc/caliper-bench/node_modules/fabric-common/lib/EventService.js:1051:16)
    at EventService._processTxEvents (/home/dhanish/fabric_sfc/caliper-bench/node_modules/fabric-common/lib/EventService.js:1006:12)
    at ClientDuplexStreamImpl.<anonymous> (/home/dhanish/fabric_sfc/caliper-bench/node_modules/fabric-common/lib/EventService.js:481:12)
    at ClientDuplexStreamImpl.emit (node:events:517:28)
    at addChunk (node:internal/streams/readable:368:12)
    at readableAddChunk (node:internal/streams/readable:341:9)
2026.08.11-09:20:08.397[31m error[39m [caliper] [connectors/v2/FabricGateway] 	Failed to perform submit transaction [setFinancePolicyForFinancier] using arguments [,{"minAPR":0.08,"maxAPR":0.24,"baseAPR":0.14,"minTenorDays":7,"maxTenorDays":45,"tenor":21,"minLtvPct":55,"maxLtvPct":85,"ltv":72,"penaltyBasePct":0.4}],  with error: TransactionError: Commit of transaction d4eb6b0b7ebce98643b1c37ac307a765ca8032ad59a7c205661f11fd7398b861 failed on peer peer0.financiers.example.com:7051 with status MVCC_READ_CONFLICT
    at TransactionEventHandler.eventCallback (/home/dhanish/fabric_sfc/caliper-bench/node_modules/fabric-network/lib/impl/event/transactioneventhandler.js:111:31)
    at CommitListenerSession.notifyListener (/home/dhanish/fabric_sfc/caliper-bench/node_modules/fabric-network/lib/impl/event/commitlistenersession.js:101:18)
    at EventListener.callback (/home/dhanish/fabric_sfc/caliper-bench/node_modules/fabric-network/lib/impl/event/commitlistenersession.js:92:18)
    at EventListener.onEvent (/home/dhanish/fabric_sfc/caliper-bench/node_modules/fabric-common/lib/EventListener.js:124:10)
    at EventService._callTransactionListener (/home/dhanish/fabric_sfc/caliper-bench/node_modules/fabric-common/lib/EventService.js:1051:16)
    at EventService._processTxEvents (/home/dhanish/fabric_sfc/caliper-bench/node_modules/fabric-common/lib/EventService.js:1006:12)
    at ClientDuplexStreamImpl.<anonymous> (/home/dhanish/fabric_sfc/caliper-bench/node_modules/fabric-common/lib/EventService.js:481:12)
    at ClientDuplexStreamImpl.emit (node:events:517:28)
    at addChunk (node:internal/streams/readable:368:12)
    at readableAddChunk (node:internal/streams/readable:341:9)
2026.08.11-09:20:08.397[31m error[39m [caliper] [connectors/v2/FabricGateway] 	Failed to perform submit transaction [setFinancePolicyForFinancier] using arguments [,{"minAPR":0.08,"maxAPR":0.24,"baseAPR":0.14,"minTenorDays":7,"maxTenorDays":45,"tenor":21,"minLtvPct":55,"maxLtvPct":85,"ltv":72,"penaltyBasePct":0.4}],  with error: TransactionError: Commit of transaction 5a7cc037cab2aae770f31e2e2e7f0a5412b782184487bff28be270c3298e98a4 failed on peer peer0.financiers.example.com:7051 with status MVCC_READ_CONFLICT
    at TransactionEventHandler.eventCallback (/home/dhanish/fabric_sfc/caliper-bench/node_modules/fabric-network/lib/impl/event/transactioneventhandler.js:111:31)
    at CommitListenerSession.notifyListener (/home/dhanish/fabric_sfc/caliper-bench/node_modules/fabric-network/lib/impl/event/commitlistenersession.js:101:18)
    at EventListener.callback (/home/dhanish/fabric_sfc/caliper-bench/node_modules/fabric-network/lib/impl/event/commitlistenersession.js:92:18)
    at EventListener.onEvent (/home/dhanish/fabric_sfc/caliper-bench/node_modules/fabric-common/lib/EventListener.js:124:10)
    at EventService._callTransactionListener (/home/dhanish/fabric_sfc/caliper-bench/node_modules/fabric-common/lib/EventService.js:1051:16)
    at EventService._processTxEvents (/home/dhanish/fabric_sfc/caliper-bench/node_modules/fabric-common/lib/EventService.js:1006:12)
    at ClientDuplexStreamImpl.<anonymous> (/home/dhanish/fabric_sfc/caliper-bench/node_modules/fabric-common/lib/EventService.js:481:12)
    at ClientDuplexStreamImpl.emit (node:events:517:28)
    at addChunk (node:internal/streams/readable:368:12)
    at readableAddChunk (node:internal/streams/readable:341:9)
2026.08.11-09:20:08.397[31m error[39m [caliper] [connectors/v2/FabricGateway] 	Failed to perform submit transaction [setFinancePolicyForFinancier] using arguments [,{"minAPR":0.08,"maxAPR":0.24,"baseAPR":0.14,"minTenorDays":7,"maxTenorDays":45,"tenor":21,"minLtvPct":55,"maxLtvPct":85,"ltv":72,"penaltyBasePct":0.4}],  with error: TransactionError: Commit of transaction 4c447ba42aea2060d3cc375ba58aa5dadd147fba65740851675b55d078b0b2f9 failed on peer peer0.financiers.example.com:7051 with status MVCC_READ_CONFLICT
    at TransactionEventHandler.eventCallback (/home/dhanish/fabric_sfc/caliper-bench/node_modules/fabric-network/lib/impl/event/transactioneventhandler.js:111:31)
    at CommitListenerSession.notifyListener (/home/dhanish/fabric_sfc/caliper-bench/node_modules/fabric-network/lib/impl/event/commitlistenersession.js:101:18)
    at EventListener.callback (/home/dhanish/fabric_sfc/caliper-bench/node_modules/fabric-network/lib/impl/event/commitlistenersession.js:92:18)
    at EventListener.onEvent (/home/dhanish/fabric_sfc/caliper-bench/node_modules/fabric-common/lib/EventListener.js:124:10)
    at EventService._callTransactionListener (/home/dhanish/fabric_sfc/caliper-bench/node_modules/fabric-common/lib/EventService.js:1051:16)
    at EventService._processTxEvents (/home/dhanish/fabric_sfc/caliper-bench/node_modules/fabric-common/lib/EventService.js:1006:12)
    at ClientDuplexStreamImpl.<anonymous> (/home/dhanish/fabric_sfc/caliper-bench/node_modules/fabric-common/lib/EventService.js:481:12)
    at ClientDuplexStreamImpl.emit (node:events:517:28)
    at addChunk (node:internal/streams/readable:368:12)
    at readableAddChunk (node:internal/streams/readable:341:9)
2026-08-11T09:20:08.399Z - [33mwarn[39m: [TransactionEventHandler]: strategyFail: commit failure for transaction "500f613945706a3bbddad42cd034b8c8da626d218eff38ceb56c81daaea75d21": TransactionError: Commit of transaction 500f613945706a3bbddad42cd034b8c8da626d218eff38ceb56c81daaea75d21 failed on peer peer0.financiers.example.com:7051 with status MVCC_READ_CONFLICT
    at TransactionEventHandler.eventCallback (/home/dhanish/fabric_sfc/caliper-bench/node_modules/fabric-network/lib/impl/event/transactioneventhandler.js:111:31)
    at CommitListenerSession.notifyListener (/home/dhanish/fabric_sfc/caliper-bench/node_modules/fabric-network/lib/impl/event/commitlistenersession.js:101:18)
    at EventListener.callback (/home/dhanish/fabric_sfc/caliper-bench/node_modules/fabric-network/lib/impl/event/commitlistenersession.js:92:18)
    at EventListener.onEvent (/home/dhanish/fabric_sfc/caliper-bench/node_modules/fabric-common/lib/EventListener.js:124:10)
    at EventService._callTransactionListener (/home/dhanish/fabric_sfc/caliper-bench/node_modules/fabric-common/lib/EventService.js:1051:16)
    at EventService._processTxEvents (/home/dhanish/fabric_sfc/caliper-bench/node_modules/fabric-common/lib/EventService.js:1006:12)
    at ClientDuplexStreamImpl.<anonymous> (/home/dhanish/fabric_sfc/caliper-bench/node_modules/fabric-common/lib/EventService.js:481:12)
    at ClientDuplexStreamImpl.emit (node:events:517:28)
    at addChunk (node:internal/streams/readable:368:12)
    at readableAddChunk (node:internal/streams/readable:341:9) {
  transactionId: '500f613945706a3bbddad42cd034b8c8da626d218eff38ceb56c81daaea75d21',
  transactionCode: 'MVCC_READ_CONFLICT'
}
2026-08-11T09:20:08.399Z - [33mwarn[39m: [TransactionEventHandler]: strategyFail: commit failure for transaction "a00b7cacef25460bcc994e01a50fa1bdd2c550703eee979778f3b059bef8a752": TransactionError: Commit of transaction a00b7cacef25460bcc994e01a50fa1bdd2c550703eee979778f3b059bef8a752 failed on peer peer0.financiers.example.com:7051 with status MVCC_READ_CONFLICT
    at TransactionEventHandler.eventCallback (/home/dhanish/fabric_sfc/caliper-bench/node_modules/fabric-network/lib/impl/event/transactioneventhandler.js:111:31)
    at CommitListenerSession.notifyListener (/home/dhanish/fabric_sfc/caliper-bench/node_modules/fabric-network/lib/impl/event/commitlistenersession.js:101:18)
    at EventListener.callback (/home/dhanish/fabric_sfc/caliper-bench/node_modules/fabric-network/lib/impl/event/commitlistenersession.js:92:18)
    at EventListener.onEvent (/home/dhanish/fabric_sfc/caliper-bench/node_modules/fabric-common/lib/EventListener.js:124:10)
    at EventService._callTransactionListener (/home/dhanish/fabric_sfc/caliper-bench/node_modules/fabric-common/lib/EventService.js:1051:16)
    at EventService._processTxEvents (/home/dhanish/fabric_sfc/caliper-bench/node_modules/fabric-common/lib/EventService.js:1006:12)
    at ClientDuplexStreamImpl.<anonymous> (/home/dhanish/fabric_sfc/caliper-bench/node_modules/fabric-common/lib/EventService.js:481:12)
    at ClientDuplexStreamImpl.emit (node:events:517:28)
    at addChunk (node:internal/streams/readable:368:12)
    at readableAddChunk (node:internal/streams/readable:341:9) {
  transactionId: 'a00b7cacef25460bcc994e01a50fa1bdd2c550703eee979778f3b059bef8a752',
  transactionCode: 'MVCC_READ_CONFLICT'
}
2026.08.11-09:20:08.400[31m error[39m [caliper] [connectors/v2/FabricGateway] 	Failed to perform submit transaction [setFinancePolicyForFinancier] using arguments [,{"minAPR":0.08,"maxAPR":0.24,"baseAPR":0.14,"minTenorDays":7,"maxTenorDays":45,"tenor":21,"minLtvPct":55,"maxLtvPct":85,"ltv":72,"penaltyBasePct":0.4}],  with error: TransactionError: Commit of transaction 500f613945706a3bbddad42cd034b8c8da626d218eff38ceb56c81daaea75d21 failed on peer peer0.financiers.example.com:7051 with status MVCC_READ_CONFLICT
    at TransactionEventHandler.eventCallback (/home/dhanish/fabric_sfc/caliper-bench/node_modules/fabric-network/lib/impl/event/transactioneventhandler.js:111:31)
    at CommitListenerSession.notifyListener (/home/dhanish/fabric_sfc/caliper-bench/node_modules/fabric-network/lib/impl/event/commitlistenersession.js:101:18)
    at EventListener.callback (/home/dhanish/fabric_sfc/caliper-bench/node_modules/fabric-network/lib/impl/event/commitlistenersession.js:92:18)
    at EventListener.onEvent (/home/dhanish/fabric_sfc/caliper-bench/node_modules/fabric-common/lib/EventListener.js:124:10)
    at EventService._callTransactionListener (/home/dhanish/fabric_sfc/caliper-bench/node_modules/fabric-common/lib/EventService.js:1051:16)
    at EventService._processTxEvents (/home/dhanish/fabric_sfc/caliper-bench/node_modules/fabric-common/lib/EventService.js:1006:12)
    at ClientDuplexStreamImpl.<anonymous> (/home/dhanish/fabric_sfc/caliper-bench/node_modules/fabric-common/lib/EventService.js:481:12)
    at ClientDuplexStreamImpl.emit (node:events:517:28)
    at addChunk (node:internal/streams/readable:368:12)
    at readableAddChunk (node:internal/streams/readable:341:9)
2026.08.11-09:20:08.400[31m error[39m [caliper] [connectors/v2/FabricGateway] 	Failed to perform submit transaction [setFinancePolicyForFinancier] using arguments [,{"minAPR":0.08,"maxAPR":0.24,"baseAPR":0.14,"minTenorDays":7,"maxTenorDays":45,"tenor":21,"minLtvPct":55,"maxLtvPct":85,"ltv":72,"penaltyBasePct":0.4}],  with error: TransactionError: Commit of transaction a00b7cacef25460bcc994e01a50fa1bdd2c550703eee979778f3b059bef8a752 failed on peer peer0.financiers.example.com:7051 with status MVCC_READ_CONFLICT
    at TransactionEventHandler.eventCallback (/home/dhanish/fabric_sfc/caliper-bench/node_modules/fabric-network/lib/impl/event/transactioneventhandler.js:111:31)
    at CommitListenerSession.notifyListener (/home/dhanish/fabric_sfc/caliper-bench/node_modules/fabric-network/lib/impl/event/commitlistenersession.js:101:18)
    at EventListener.callback (/home/dhanish/fabric_sfc/caliper-bench/node_modules/fabric-network/lib/impl/event/commitlistenersession.js:92:18)
    at EventListener.onEvent (/home/dhanish/fabric_sfc/caliper-bench/node_modules/fabric-common/lib/EventListener.js:124:10)
    at EventService._callTransactionListener (/home/dhanish/fabric_sfc/caliper-bench/node_modules/fabric-common/lib/EventService.js:1051:16)
    at EventService._processTxEvents (/home/dhanish/fabric_sfc/caliper-bench/node_modules/fabric-common/lib/EventService.js:1006:12)
    at ClientDuplexStreamImpl.<anonymous> (/home/dhanish/fabric_sfc/caliper-bench/node_modules/fabric-common/lib/EventService.js:481:12)
    at ClientDuplexStreamImpl.emit (node:events:517:28)
    at addChunk (node:internal/streams/readable:368:12)
    at readableAddChunk (node:internal/streams/readable:341:9)
2026-08-11T09:20:08.423Z - [33mwarn[39m: [TransactionEventHandler]: strategyFail: commit failure for transaction "31f0ae4c4859b0d7a71b3422fa8da1c87f5a3da9a4c6fcdbbce42340d1e94878": TransactionError: Commit of transaction 31f0ae4c4859b0d7a71b3422fa8da1c87f5a3da9a4c6fcdbbce42340d1e94878 failed on peer peer0.financiers.example.com:7051 with status MVCC_READ_CONFLICT
    at TransactionEventHandler.eventCallback (/home/dhanish/fabric_sfc/caliper-bench/node_modules/fabric-network/lib/impl/event/transactioneventhandler.js:111:31)
    at CommitListenerSession.notifyListener (/home/dhanish/fabric_sfc/caliper-bench/node_modules/fabric-network/lib/impl/event/commitlistenersession.js:101:18)
    at EventListener.callback (/home/dhanish/fabric_sfc/caliper-bench/node_modules/fabric-network/lib/impl/event/commitlistenersession.js:92:18)
    at EventListener.onEvent (/home/dhanish/fabric_sfc/caliper-bench/node_modules/fabric-common/lib/EventListener.js:124:10)
    at EventService._callTransactionListener (/home/dhanish/fabric_sfc/caliper-bench/node_modules/fabric-common/lib/EventService.js:1051:16)
    at EventService._processTxEvents (/home/dhanish/fabric_sfc/caliper-bench/node_modules/fabric-common/lib/EventService.js:1006:12)
    at ClientDuplexStreamImpl.<anonymous> (/home/dhanish/fabric_sfc/caliper-bench/node_modules/fabric-common/lib/EventService.js:481:12)
    at ClientDuplexStreamImpl.emit (node:events:517:28)
    at addChunk (node:internal/streams/readable:368:12)
    at readableAddChunk (node:internal/streams/readable:341:9) {
  transactionId: '31f0ae4c4859b0d7a71b3422fa8da1c87f5a3da9a4c6fcdbbce42340d1e94878',
  transactionCode: 'MVCC_READ_CONFLICT'
}
2026-08-11T09:20:08.423Z - [33mwarn[39m: [TransactionEventHandler]: strategyFail: commit failure for transaction "306742190718af988fb3b52cd5b9c402fd12267884739825ed6a070ab965fda0": TransactionError: Commit of transaction 306742190718af988fb3b52cd5b9c402fd12267884739825ed6a070ab965fda0 failed on peer peer0.financiers.example.com:7051 with status MVCC_READ_CONFLICT
    at TransactionEventHandler.eventCallback (/home/dhanish/fabric_sfc/caliper-bench/node_modules/fabric-network/lib/impl/event/transactioneventhandler.js:111:31)
    at CommitListenerSession.notifyListener (/home/dhanish/fabric_sfc/caliper-bench/node_modules/fabric-network/lib/impl/event/commitlistenersession.js:101:18)
    at EventListener.callback (/home/dhanish/fabric_sfc/caliper-bench/node_modules/fabric-network/lib/impl/event/commitlistenersession.js:92:18)
    at EventListener.onEvent (/home/dhanish/fabric_sfc/caliper-bench/node_modules/fabric-common/lib/EventListener.js:124:10)
    at EventService._callTransactionListener (/home/dhanish/fabric_sfc/caliper-bench/node_modules/fabric-common/lib/EventService.js:1051:16)
    at EventService._processTxEvents (/home/dhanish/fabric_sfc/caliper-bench/node_modules/fabric-common/lib/EventService.js:1006:12)
    at ClientDuplexStreamImpl.<anonymous> (/home/dhanish/fabric_sfc/caliper-bench/node_modules/fabric-common/lib/EventService.js:481:12)
    at ClientDuplexStreamImpl.emit (node:events:517:28)
    at addChunk (node:internal/streams/readable:368:12)
    at readableAddChunk (node:internal/streams/readable:341:9) {
  transactionId: '306742190718af988fb3b52cd5b9c402fd12267884739825ed6a070ab965fda0',
  transactionCode: 'MVCC_READ_CONFLICT'
}
2026-08-11T09:20:08.423Z - [33mwarn[39m: [TransactionEventHandler]: strategyFail: commit failure for transaction "c80a49d5a94b11d06b23555526fd5a8528e859ae929791f624da2f2a77692fec": TransactionError: Commit of transaction c80a49d5a94b11d06b23555526fd5a8528e859ae929791f624da2f2a77692fec failed on peer peer0.financiers.example.com:7051 with status MVCC_READ_CONFLICT
    at TransactionEventHandler.eventCallback (/home/dhanish/fabric_sfc/caliper-bench/node_modules/fabric-network/lib/impl/event/transactioneventhandler.js:111:31)
    at CommitListenerSession.notifyListener (/home/dhanish/fabric_sfc/caliper-bench/node_modules/fabric-network/lib/impl/event/commitlistenersession.js:101:18)
    at EventListener.callback (/home/dhanish/fabric_sfc/caliper-bench/node_modules/fabric-network/lib/impl/event/commitlistenersession.js:92:18)
    at EventListener.onEvent (/home/dhanish/fabric_sfc/caliper-bench/node_modules/fabric-common/lib/EventListener.js:124:10)
    at EventService._callTransactionListener (/home/dhanish/fabric_sfc/caliper-bench/node_modules/fabric-common/lib/EventService.js:1051:16)
    at EventService._processTxEvents (/home/dhanish/fabric_sfc/caliper-bench/node_modules/fabric-common/lib/EventService.js:1006:12)
    at ClientDuplexStreamImpl.<anonymous> (/home/dhanish/fabric_sfc/caliper-bench/node_modules/fabric-common/lib/EventService.js:481:12)
    at ClientDuplexStreamImpl.emit (node:events:517:28)
    at addChunk (node:internal/streams/readable:368:12)
    at readableAddChunk (node:internal/streams/readable:341:9) {
  transactionId: 'c80a49d5a94b11d06b23555526fd5a8528e859ae929791f624da2f2a77692fec',
  transactionCode: 'MVCC_READ_CONFLICT'
}
2026-08-11T09:20:08.424Z - [33mwarn[39m: [TransactionEventHandler]: strategyFail: commit failure for transaction "0508adc8665a36347321544008d51b9b5bb7337daeff2ae074d1ef386d4eccc3": TransactionError: Commit of transaction 0508adc8665a36347321544008d51b9b5bb7337daeff2ae074d1ef386d4eccc3 failed on peer peer0.financiers.example.com:7051 with status MVCC_READ_CONFLICT
    at TransactionEventHandler.eventCallback (/home/dhanish/fabric_sfc/caliper-bench/node_modules/fabric-network/lib/impl/event/transactioneventhandler.js:111:31)
    at CommitListenerSession.notifyListener (/home/dhanish/fabric_sfc/caliper-bench/node_modules/fabric-network/lib/impl/event/commitlistenersession.js:101:18)
    at EventListener.callback (/home/dhanish/fabric_sfc/caliper-bench/node_modules/fabric-network/lib/impl/event/commitlistenersession.js:92:18)
    at EventListener.onEvent (/home/dhanish/fabric_sfc/caliper-bench/node_modules/fabric-common/lib/EventListener.js:124:10)
    at EventService._callTransactionListener (/home/dhanish/fabric_sfc/caliper-bench/node_modules/fabric-common/lib/EventService.js:1051:16)
    at EventService._processTxEvents (/home/dhanish/fabric_sfc/caliper-bench/node_modules/fabric-common/lib/EventService.js:1006:12)
    at ClientDuplexStreamImpl.<anonymous> (/home/dhanish/fabric_sfc/caliper-bench/node_modules/fabric-common/lib/EventService.js:481:12)
    at ClientDuplexStreamImpl.emit (node:events:517:28)
    at addChunk (node:internal/streams/readable:368:12)
    at readableAddChunk (node:internal/streams/readable:341:9) {
  transactionId: '0508adc8665a36347321544008d51b9b5bb7337daeff2ae074d1ef386d4eccc3',
  transactionCode: 'MVCC_READ_CONFLICT'
}
2026-08-11T09:20:08.423Z - [33mwarn[39m: [TransactionEventHandler]: strategyFail: commit failure for transaction "2d4f6debb2a095d7f936c1c85bdcd3151dd5e1d4f31e634576cd6bee875067ed": TransactionError: Commit of transaction 2d4f6debb2a095d7f936c1c85bdcd3151dd5e1d4f31e634576cd6bee875067ed failed on peer peer0.financiers.example.com:7051 with status MVCC_READ_CONFLICT
    at TransactionEventHandler.eventCallback (/home/dhanish/fabric_sfc/caliper-bench/node_modules/fabric-network/lib/impl/event/transactioneventhandler.js:111:31)
    at CommitListenerSession.notifyListener (/home/dhanish/fabric_sfc/caliper-bench/node_modules/fabric-network/lib/impl/event/commitlistenersession.js:101:18)
    at EventListener.callback (/home/dhanish/fabric_sfc/caliper-bench/node_modules/fabric-network/lib/impl/event/commitlistenersession.js:92:18)
    at EventListener.onEvent (/home/dhanish/fabric_sfc/caliper-bench/node_modules/fabric-common/lib/EventListener.js:124:10)
    at EventService._callTransactionListener (/home/dhanish/fabric_sfc/caliper-bench/node_modules/fabric-common/lib/EventService.js:1051:16)
    at EventService._processTxEvents (/home/dhanish/fabric_sfc/caliper-bench/node_modules/fabric-common/lib/EventService.js:1006:12)
    at ClientDuplexStreamImpl.<anonymous> (/home/dhanish/fabric_sfc/caliper-bench/node_modules/fabric-common/lib/EventService.js:481:12)
    at ClientDuplexStreamImpl.emit (node:events:517:28)
    at addChunk (node:internal/streams/readable:368:12)
    at readableAddChunk (node:internal/streams/readable:341:9) {
  transactionId: '2d4f6debb2a095d7f936c1c85bdcd3151dd5e1d4f31e634576cd6bee875067ed',
  transactionCode: 'MVCC_READ_CONFLICT'
}
2026.08.11-09:20:08.423[31m error[39m [caliper] [connectors/v2/FabricGateway] 	Failed to perform submit transaction [setFinancePolicyForFinancier] using arguments [,{"minAPR":0.08,"maxAPR":0.24,"baseAPR":0.14,"minTenorDays":7,"maxTenorDays":45,"tenor":21,"minLtvPct":55,"maxLtvPct":85,"ltv":72,"penaltyBasePct":0.4}],  with error: TransactionError: Commit of transaction 306742190718af988fb3b52cd5b9c402fd12267884739825ed6a070ab965fda0 failed on peer peer0.financiers.example.com:7051 with status MVCC_READ_CONFLICT
    at TransactionEventHandler.eventCallback (/home/dhanish/fabric_sfc/caliper-bench/node_modules/fabric-network/lib/impl/event/transactioneventhandler.js:111:31)
    at CommitListenerSession.notifyListener (/home/dhanish/fabric_sfc/caliper-bench/node_modules/fabric-network/lib/impl/event/commitlistenersession.js:101:18)
    at EventListener.callback (/home/dhanish/fabric_sfc/caliper-bench/node_modules/fabric-network/lib/impl/event/commitlistenersession.js:92:18)
    at EventListener.onEvent (/home/dhanish/fabric_sfc/caliper-bench/node_modules/fabric-common/lib/EventListener.js:124:10)
    at EventService._callTransactionListener (/home/dhanish/fabric_sfc/caliper-bench/node_modules/fabric-common/lib/EventService.js:1051:16)
    at EventService._processTxEvents (/home/dhanish/fabric_sfc/caliper-bench/node_modules/fabric-common/lib/EventService.js:1006:12)
    at ClientDuplexStreamImpl.<anonymous> (/home/dhanish/fabric_sfc/caliper-bench/node_modules/fabric-common/lib/EventService.js:481:12)
    at ClientDuplexStreamImpl.emit (node:events:517:28)
    at addChunk (node:internal/streams/readable:368:12)
    at readableAddChunk (node:internal/streams/readable:341:9)
2026.08.11-09:20:08.424[31m error[39m [caliper] [connectors/v2/FabricGateway] 	Failed to perform submit transaction [setFinancePolicyForFinancier] using arguments [,{"minAPR":0.08,"maxAPR":0.24,"baseAPR":0.14,"minTenorDays":7,"maxTenorDays":45,"tenor":21,"minLtvPct":55,"maxLtvPct":85,"ltv":72,"penaltyBasePct":0.4}],  with error: TransactionError: Commit of transaction 31f0ae4c4859b0d7a71b3422fa8da1c87f5a3da9a4c6fcdbbce42340d1e94878 failed on peer peer0.financiers.example.com:7051 with status MVCC_READ_CONFLICT
    at TransactionEventHandler.eventCallback (/home/dhanish/fabric_sfc/caliper-bench/node_modules/fabric-network/lib/impl/event/transactioneventhandler.js:111:31)
    at CommitListenerSession.notifyListener (/home/dhanish/fabric_sfc/caliper-bench/node_modules/fabric-network/lib/impl/event/commitlistenersession.js:101:18)
    at EventListener.callback (/home/dhanish/fabric_sfc/caliper-bench/node_modules/fabric-network/lib/impl/event/commitlistenersession.js:92:18)
    at EventListener.onEvent (/home/dhanish/fabric_sfc/caliper-bench/node_modules/fabric-common/lib/EventListener.js:124:10)
    at EventService._callTransactionListener (/home/dhanish/fabric_sfc/caliper-bench/node_modules/fabric-common/lib/EventService.js:1051:16)
    at EventService._processTxEvents (/home/dhanish/fabric_sfc/caliper-bench/node_modules/fabric-common/lib/EventService.js:1006:12)
    at ClientDuplexStreamImpl.<anonymous> (/home/dhanish/fabric_sfc/caliper-bench/node_modules/fabric-common/lib/EventService.js:481:12)
    at ClientDuplexStreamImpl.emit (node:events:517:28)
    at addChunk (node:internal/streams/readable:368:12)
    at readableAddChunk (node:internal/streams/readable:341:9)
2026-08-11T09:20:08.424Z - [33mwarn[39m: [TransactionEventHandler]: strategyFail: commit failure for transaction "b399d28ddc4b9e490120dc66244060d891278174a0731fdc06ba4d7254090da2": TransactionError: Commit of transaction b399d28ddc4b9e490120dc66244060d891278174a0731fdc06ba4d7254090da2 failed on peer peer0.financiers.example.com:7051 with status MVCC_READ_CONFLICT
    at TransactionEventHandler.eventCallback (/home/dhanish/fabric_sfc/caliper-bench/node_modules/fabric-network/lib/impl/event/transactioneventhandler.js:111:31)
    at CommitListenerSession.notifyListener (/home/dhanish/fabric_sfc/caliper-bench/node_modules/fabric-network/lib/impl/event/commitlistenersession.js:101:18)
    at EventListener.callback (/home/dhanish/fabric_sfc/caliper-bench/node_modules/fabric-network/lib/impl/event/commitlistenersession.js:92:18)
    at EventListener.onEvent (/home/dhanish/fabric_sfc/caliper-bench/node_modules/fabric-common/lib/EventListener.js:124:10)
    at EventService._callTransactionListener (/home/dhanish/fabric_sfc/caliper-bench/node_modules/fabric-common/lib/EventService.js:1051:16)
    at EventService._processTxEvents (/home/dhanish/fabric_sfc/caliper-bench/node_modules/fabric-common/lib/EventService.js:1006:12)
    at ClientDuplexStreamImpl.<anonymous> (/home/dhanish/fabric_sfc/caliper-bench/node_modules/fabric-common/lib/EventService.js:481:12)
    at ClientDuplexStreamImpl.emit (node:events:517:28)
    at addChunk (node:internal/streams/readable:368:12)
    at readableAddChunk (node:internal/streams/readable:341:9) {
  transactionId: 'b399d28ddc4b9e490120dc66244060d891278174a0731fdc06ba4d7254090da2',
  transactionCode: 'MVCC_READ_CONFLICT'
}
2026.08.11-09:20:08.424[31m error[39m [caliper] [connectors/v2/FabricGateway] 	Failed to perform submit transaction [setFinancePolicyForFinancier] using arguments [,{"minAPR":0.08,"maxAPR":0.24,"baseAPR":0.14,"minTenorDays":7,"maxTenorDays":45,"tenor":21,"minLtvPct":55,"maxLtvPct":85,"ltv":72,"penaltyBasePct":0.4}],  with error: TransactionError: Commit of transaction c80a49d5a94b11d06b23555526fd5a8528e859ae929791f624da2f2a77692fec failed on peer peer0.financiers.example.com:7051 with status MVCC_READ_CONFLICT
    at TransactionEventHandler.eventCallback (/home/dhanish/fabric_sfc/caliper-bench/node_modules/fabric-network/lib/impl/event/transactioneventhandler.js:111:31)
    at CommitListenerSession.notifyListener (/home/dhanish/fabric_sfc/caliper-bench/node_modules/fabric-network/lib/impl/event/commitlistenersession.js:101:18)
    at EventListener.callback (/home/dhanish/fabric_sfc/caliper-bench/node_modules/fabric-network/lib/impl/event/commitlistenersession.js:92:18)
    at EventListener.onEvent (/home/dhanish/fabric_sfc/caliper-bench/node_modules/fabric-common/lib/EventListener.js:124:10)
    at EventService._callTransactionListener (/home/dhanish/fabric_sfc/caliper-bench/node_modules/fabric-common/lib/EventService.js:1051:16)
    at EventService._processTxEvents (/home/dhanish/fabric_sfc/caliper-bench/node_modules/fabric-common/lib/EventService.js:1006:12)
    at ClientDuplexStreamImpl.<anonymous> (/home/dhanish/fabric_sfc/caliper-bench/node_modules/fabric-common/lib/EventService.js:481:12)
    at ClientDuplexStreamImpl.emit (node:events:517:28)
    at addChunk (node:internal/streams/readable:368:12)
    at readableAddChunk (node:internal/streams/readable:341:9)
2026-08-11T09:20:08.424Z - [33mwarn[39m: [TransactionEventHandler]: strategyFail: commit failure for transaction "e2e858cebb8c1b770cbf06430c674911e63376f842745fce38595aae49ad46c7": TransactionError: Commit of transaction e2e858cebb8c1b770cbf06430c674911e63376f842745fce38595aae49ad46c7 failed on peer peer0.financiers.example.com:7051 with status MVCC_READ_CONFLICT
    at TransactionEventHandler.eventCallback (/home/dhanish/fabric_sfc/caliper-bench/node_modules/fabric-network/lib/impl/event/transactioneventhandler.js:111:31)
    at CommitListenerSession.notifyListener (/home/dhanish/fabric_sfc/caliper-bench/node_modules/fabric-network/lib/impl/event/commitlistenersession.js:101:18)
    at EventListener.callback (/home/dhanish/fabric_sfc/caliper-bench/node_modules/fabric-network/lib/impl/event/commitlistenersession.js:92:18)
    at EventListener.onEvent (/home/dhanish/fabric_sfc/caliper-bench/node_modules/fabric-common/lib/EventListener.js:124:10)
    at EventService._callTransactionListener (/home/dhanish/fabric_sfc/caliper-bench/node_modules/fabric-common/lib/EventService.js:1051:16)
    at EventService._processTxEvents (/home/dhanish/fabric_sfc/caliper-bench/node_modules/fabric-common/lib/EventService.js:1006:12)
    at ClientDuplexStreamImpl.<anonymous> (/home/dhanish/fabric_sfc/caliper-bench/node_modules/fabric-common/lib/EventService.js:481:12)
    at ClientDuplexStreamImpl.emit (node:events:517:28)
    at addChunk (node:internal/streams/readable:368:12)
    at readableAddChunk (node:internal/streams/readable:341:9) {
  transactionId: 'e2e858cebb8c1b770cbf06430c674911e63376f842745fce38595aae49ad46c7',
  transactionCode: 'MVCC_READ_CONFLICT'
}
2026-08-11T09:20:08.424Z - [33mwarn[39m: [TransactionEventHandler]: strategyFail: commit failure for transaction "1a7188d101369fa079cedd93f4019e7d5c65feaa8130ab3d26608b280c495934": TransactionError: Commit of transaction 1a7188d101369fa079cedd93f4019e7d5c65feaa8130ab3d26608b280c495934 failed on peer peer0.financiers.example.com:7051 with status MVCC_READ_CONFLICT
    at TransactionEventHandler.eventCallback (/home/dhanish/fabric_sfc/caliper-bench/node_modules/fabric-network/lib/impl/event/transactioneventhandler.js:111:31)
    at CommitListenerSession.notifyListener (/home/dhanish/fabric_sfc/caliper-bench/node_modules/fabric-network/lib/impl/event/commitlistenersession.js:101:18)
    at EventListener.callback (/home/dhanish/fabric_sfc/caliper-bench/node_modules/fabric-network/lib/impl/event/commitlistenersession.js:92:18)
    at EventListener.onEvent (/home/dhanish/fabric_sfc/caliper-bench/node_modules/fabric-common/lib/EventListener.js:124:10)
    at EventService._callTransactionListener (/home/dhanish/fabric_sfc/caliper-bench/node_modules/fabric-common/lib/EventService.js:1051:16)
    at EventService._processTxEvents (/home/dhanish/fabric_sfc/caliper-bench/node_modules/fabric-common/lib/EventService.js:1006:12)
    at ClientDuplexStreamImpl.<anonymous> (/home/dhanish/fabric_sfc/caliper-bench/node_modules/fabric-common/lib/EventService.js:481:12)
    at ClientDuplexStreamImpl.emit (node:events:517:28)
    at addChunk (node:internal/streams/readable:368:12)
    at readableAddChunk (node:internal/streams/readable:341:9) {
  transactionId: '1a7188d101369fa079cedd93f4019e7d5c65feaa8130ab3d26608b280c495934',
  transactionCode: 'MVCC_READ_CONFLICT'
}
2026-08-11T09:20:08.424Z - [33mwarn[39m: [TransactionEventHandler]: strategyFail: commit failure for transaction "0dbaceceef54ad2d439d471700c47fa1787b17e7dc6a8979588fd636b40c16d2": TransactionError: Commit of transaction 0dbaceceef54ad2d439d471700c47fa1787b17e7dc6a8979588fd636b40c16d2 failed on peer peer0.financiers.example.com:7051 with status MVCC_READ_CONFLICT
    at TransactionEventHandler.eventCallback (/home/dhanish/fabric_sfc/caliper-bench/node_modules/fabric-network/lib/impl/event/transactioneventhandler.js:111:31)
    at CommitListenerSession.notifyListener (/home/dhanish/fabric_sfc/caliper-bench/node_modules/fabric-network/lib/impl/event/commitlistenersession.js:101:18)
    at EventListener.callback (/home/dhanish/fabric_sfc/caliper-bench/node_modules/fabric-network/lib/impl/event/commitlistenersession.js:92:18)
    at EventListener.onEvent (/home/dhanish/fabric_sfc/caliper-bench/node_modules/fabric-common/lib/EventListener.js:124:10)
    at EventService._callTransactionListener (/home/dhanish/fabric_sfc/caliper-bench/node_modules/fabric-common/lib/EventService.js:1051:16)
    at EventService._processTxEvents (/home/dhanish/fabric_sfc/caliper-bench/node_modules/fabric-common/lib/EventService.js:1006:12)
    at ClientDuplexStreamImpl.<anonymous> (/home/dhanish/fabric_sfc/caliper-bench/node_modules/fabric-common/lib/EventService.js:481:12)
    at ClientDuplexStreamImpl.emit (node:events:517:28)
    at addChunk (node:internal/streams/readable:368:12)
    at readableAddChunk (node:internal/streams/readable:341:9) {
  transactionId: '0dbaceceef54ad2d439d471700c47fa1787b17e7dc6a8979588fd636b40c16d2',
  transactionCode: 'MVCC_READ_CONFLICT'
}
2026.08.11-09:20:08.424[31m error[39m [caliper] [connectors/v2/FabricGateway] 	Failed to perform submit transaction [setFinancePolicyForFinancier] using arguments [,{"minAPR":0.08,"maxAPR":0.24,"baseAPR":0.14,"minTenorDays":7,"maxTenorDays":45,"tenor":21,"minLtvPct":55,"maxLtvPct":85,"ltv":72,"penaltyBasePct":0.4}],  with error: TransactionError: Commit of transaction 0508adc8665a36347321544008d51b9b5bb7337daeff2ae074d1ef386d4eccc3 failed on peer peer0.financiers.example.com:7051 with status MVCC_READ_CONFLICT
    at TransactionEventHandler.eventCallback (/home/dhanish/fabric_sfc/caliper-bench/node_modules/fabric-network/lib/impl/event/transactioneventhandler.js:111:31)
    at CommitListenerSession.notifyListener (/home/dhanish/fabric_sfc/caliper-bench/node_modules/fabric-network/lib/impl/event/commitlistenersession.js:101:18)
    at EventListener.callback (/home/dhanish/fabric_sfc/caliper-bench/node_modules/fabric-network/lib/impl/event/commitlistenersession.js:92:18)
    at EventListener.onEvent (/home/dhanish/fabric_sfc/caliper-bench/node_modules/fabric-common/lib/EventListener.js:124:10)
    at EventService._callTransactionListener (/home/dhanish/fabric_sfc/caliper-bench/node_modules/fabric-common/lib/EventService.js:1051:16)
    at EventService._processTxEvents (/home/dhanish/fabric_sfc/caliper-bench/node_modules/fabric-common/lib/EventService.js:1006:12)
    at ClientDuplexStreamImpl.<anonymous> (/home/dhanish/fabric_sfc/caliper-bench/node_modules/fabric-common/lib/EventService.js:481:12)
    at ClientDuplexStreamImpl.emit (node:events:517:28)
    at addChunk (node:internal/streams/readable:368:12)
    at readableAddChunk (node:internal/streams/readable:341:9)
2026.08.11-09:20:08.425[31m error[39m [caliper] [connectors/v2/FabricGateway] 	Failed to perform submit transaction [setFinancePolicyForFinancier] using arguments [,{"minAPR":0.08,"maxAPR":0.24,"baseAPR":0.14,"minTenorDays":7,"maxTenorDays":45,"tenor":21,"minLtvPct":55,"maxLtvPct":85,"ltv":72,"penaltyBasePct":0.4}],  with error: TransactionError: Commit of transaction b399d28ddc4b9e490120dc66244060d891278174a0731fdc06ba4d7254090da2 failed on peer peer0.financiers.example.com:7051 with status MVCC_READ_CONFLICT
    at TransactionEventHandler.eventCallback (/home/dhanish/fabric_sfc/caliper-bench/node_modules/fabric-network/lib/impl/event/transactioneventhandler.js:111:31)
    at CommitListenerSession.notifyListener (/home/dhanish/fabric_sfc/caliper-bench/node_modules/fabric-network/lib/impl/event/commitlistenersession.js:101:18)
    at EventListener.callback (/home/dhanish/fabric_sfc/caliper-bench/node_modules/fabric-network/lib/impl/event/commitlistenersession.js:92:18)
    at EventListener.onEvent (/home/dhanish/fabric_sfc/caliper-bench/node_modules/fabric-common/lib/EventListener.js:124:10)
    at EventService._callTransactionListener (/home/dhanish/fabric_sfc/caliper-bench/node_modules/fabric-common/lib/EventService.js:1051:16)
    at EventService._processTxEvents (/home/dhanish/fabric_sfc/caliper-bench/node_modules/fabric-common/lib/EventService.js:1006:12)
    at ClientDuplexStreamImpl.<anonymous> (/home/dhanish/fabric_sfc/caliper-bench/node_modules/fabric-common/lib/EventService.js:481:12)
    at ClientDuplexStreamImpl.emit (node:events:517:28)
    at addChunk (node:internal/streams/readable:368:12)
    at readableAddChunk (node:internal/streams/readable:341:9)
2026.08.11-09:20:08.425[31m error[39m [caliper] [connectors/v2/FabricGateway] 	Failed to perform submit transaction [setFinancePolicyForFinancier] using arguments [,{"minAPR":0.08,"maxAPR":0.24,"baseAPR":0.14,"minTenorDays":7,"maxTenorDays":45,"tenor":21,"minLtvPct":55,"maxLtvPct":85,"ltv":72,"penaltyBasePct":0.4}],  with error: TransactionError: Commit of transaction 1a7188d101369fa079cedd93f4019e7d5c65feaa8130ab3d26608b280c495934 failed on peer peer0.financiers.example.com:7051 with status MVCC_READ_CONFLICT
    at TransactionEventHandler.eventCallback (/home/dhanish/fabric_sfc/caliper-bench/node_modules/fabric-network/lib/impl/event/transactioneventhandler.js:111:31)
    at CommitListenerSession.notifyListener (/home/dhanish/fabric_sfc/caliper-bench/node_modules/fabric-network/lib/impl/event/commitlistenersession.js:101:18)
    at EventListener.callback (/home/dhanish/fabric_sfc/caliper-bench/node_modules/fabric-network/lib/impl/event/commitlistenersession.js:92:18)
    at EventListener.onEvent (/home/dhanish/fabric_sfc/caliper-bench/node_modules/fabric-common/lib/EventListener.js:124:10)
    at EventService._callTransactionListener (/home/dhanish/fabric_sfc/caliper-bench/node_modules/fabric-common/lib/EventService.js:1051:16)
    at EventService._processTxEvents (/home/dhanish/fabric_sfc/caliper-bench/node_modules/fabric-common/lib/EventService.js:1006:12)
    at ClientDuplexStreamImpl.<anonymous> (/home/dhanish/fabric_sfc/caliper-bench/node_modules/fabric-common/lib/EventService.js:481:12)
    at ClientDuplexStreamImpl.emit (node:events:517:28)
    at addChunk (node:internal/streams/readable:368:12)
    at readableAddChunk (node:internal/streams/readable:341:9)
2026.08.11-09:20:08.425[31m error[39m [caliper] [connectors/v2/FabricGateway] 	Failed to perform submit transaction [setFinancePolicyForFinancier] using arguments [,{"minAPR":0.08,"maxAPR":0.24,"baseAPR":0.14,"minTenorDays":7,"maxTenorDays":45,"tenor":21,"minLtvPct":55,"maxLtvPct":85,"ltv":72,"penaltyBasePct":0.4}],  with error: TransactionError: Commit of transaction 2d4f6debb2a095d7f936c1c85bdcd3151dd5e1d4f31e634576cd6bee875067ed failed on peer peer0.financiers.example.com:7051 with status MVCC_READ_CONFLICT
    at TransactionEventHandler.eventCallback (/home/dhanish/fabric_sfc/caliper-bench/node_modules/fabric-network/lib/impl/event/transactioneventhandler.js:111:31)
    at CommitListenerSession.notifyListener (/home/dhanish/fabric_sfc/caliper-bench/node_modules/fabric-network/lib/impl/event/commitlistenersession.js:101:18)
    at EventListener.callback (/home/dhanish/fabric_sfc/caliper-bench/node_modules/fabric-network/lib/impl/event/commitlistenersession.js:92:18)
    at EventListener.onEvent (/home/dhanish/fabric_sfc/caliper-bench/node_modules/fabric-common/lib/EventListener.js:124:10)
    at EventService._callTransactionListener (/home/dhanish/fabric_sfc/caliper-bench/node_modules/fabric-common/lib/EventService.js:1051:16)
    at EventService._processTxEvents (/home/dhanish/fabric_sfc/caliper-bench/node_modules/fabric-common/lib/EventService.js:1006:12)
    at ClientDuplexStreamImpl.<anonymous> (/home/dhanish/fabric_sfc/caliper-bench/node_modules/fabric-common/lib/EventService.js:481:12)
    at ClientDuplexStreamImpl.emit (node:events:517:28)
    at addChunk (node:internal/streams/readable:368:12)
    at readableAddChunk (node:internal/streams/readable:341:9)
2026.08.11-09:20:08.425[31m error[39m [caliper] [connectors/v2/FabricGateway] 	Failed to perform submit transaction [setFinancePolicyForFinancier] using arguments [,{"minAPR":0.08,"maxAPR":0.24,"baseAPR":0.14,"minTenorDays":7,"maxTenorDays":45,"tenor":21,"minLtvPct":55,"maxLtvPct":85,"ltv":72,"penaltyBasePct":0.4}],  with error: TransactionError: Commit of transaction e2e858cebb8c1b770cbf06430c674911e63376f842745fce38595aae49ad46c7 failed on peer peer0.financiers.example.com:7051 with status MVCC_READ_CONFLICT
    at TransactionEventHandler.eventCallback (/home/dhanish/fabric_sfc/caliper-bench/node_modules/fabric-network/lib/impl/event/transactioneventhandler.js:111:31)
    at CommitListenerSession.notifyListener (/home/dhanish/fabric_sfc/caliper-bench/node_modules/fabric-network/lib/impl/event/commitlistenersession.js:101:18)
    at EventListener.callback (/home/dhanish/fabric_sfc/caliper-bench/node_modules/fabric-network/lib/impl/event/commitlistenersession.js:92:18)
    at EventListener.onEvent (/home/dhanish/fabric_sfc/caliper-bench/node_modules/fabric-common/lib/EventListener.js:124:10)
    at EventService._callTransactionListener (/home/dhanish/fabric_sfc/caliper-bench/node_modules/fabric-common/lib/EventService.js:1051:16)
    at EventService._processTxEvents (/home/dhanish/fabric_sfc/caliper-bench/node_modules/fabric-common/lib/EventService.js:1006:12)
    at ClientDuplexStreamImpl.<anonymous> (/home/dhanish/fabric_sfc/caliper-bench/node_modules/fabric-common/lib/EventService.js:481:12)
    at ClientDuplexStreamImpl.emit (node:events:517:28)
    at addChunk (node:internal/streams/readable:368:12)
    at readableAddChunk (node:internal/streams/readable:341:9)
2026.08.11-09:20:08.425[31m error[39m [caliper] [connectors/v2/FabricGateway] 	Failed to perform submit transaction [setFinancePolicyForFinancier] using arguments [,{"minAPR":0.08,"maxAPR":0.24,"baseAPR":0.14,"minTenorDays":7,"maxTenorDays":45,"tenor":21,"minLtvPct":55,"maxLtvPct":85,"ltv":72,"penaltyBasePct":0.4}],  with error: TransactionError: Commit of transaction 0dbaceceef54ad2d439d471700c47fa1787b17e7dc6a8979588fd636b40c16d2 failed on peer peer0.financiers.example.com:7051 with status MVCC_READ_CONFLICT
    at TransactionEventHandler.eventCallback (/home/dhanish/fabric_sfc/caliper-bench/node_modules/fabric-network/lib/impl/event/transactioneventhandler.js:111:31)
    at CommitListenerSession.notifyListener (/home/dhanish/fabric_sfc/caliper-bench/node_modules/fabric-network/lib/impl/event/commitlistenersession.js:101:18)
    at EventListener.callback (/home/dhanish/fabric_sfc/caliper-bench/node_modules/fabric-network/lib/impl/event/commitlistenersession.js:92:18)
    at EventListener.onEvent (/home/dhanish/fabric_sfc/caliper-bench/node_modules/fabric-common/lib/EventListener.js:124:10)
    at EventService._callTransactionListener (/home/dhanish/fabric_sfc/caliper-bench/node_modules/fabric-common/lib/EventService.js:1051:16)
    at EventService._processTxEvents (/home/dhanish/fabric_sfc/caliper-bench/node_modules/fabric-common/lib/EventService.js:1006:12)
    at ClientDuplexStreamImpl.<anonymous> (/home/dhanish/fabric_sfc/caliper-bench/node_modules/fabric-common/lib/EventService.js:481:12)
    at ClientDuplexStreamImpl.emit (node:events:517:28)
    at addChunk (node:internal/streams/readable:368:12)
    at readableAddChunk (node:internal/streams/readable:341:9)
2026-08-11T09:20:08.453Z - [33mwarn[39m: [TransactionEventHandler]: strategyFail: commit failure for transaction "3da6e64d4706873f210a26a43a9d449d3a05da1c121ee840acf8915c7f972bd7": TransactionError: Commit of transaction 3da6e64d4706873f210a26a43a9d449d3a05da1c121ee840acf8915c7f972bd7 failed on peer peer0.financiers.example.com:7051 with status MVCC_READ_CONFLICT
    at TransactionEventHandler.eventCallback (/home/dhanish/fabric_sfc/caliper-bench/node_modules/fabric-network/lib/impl/event/transactioneventhandler.js:111:31)
    at CommitListenerSession.notifyListener (/home/dhanish/fabric_sfc/caliper-bench/node_modules/fabric-network/lib/impl/event/commitlistenersession.js:101:18)
    at EventListener.callback (/home/dhanish/fabric_sfc/caliper-bench/node_modules/fabric-network/lib/impl/event/commitlistenersession.js:92:18)
    at EventListener.onEvent (/home/dhanish/fabric_sfc/caliper-bench/node_modules/fabric-common/lib/EventListener.js:124:10)
    at EventService._callTransactionListener (/home/dhanish/fabric_sfc/caliper-bench/node_modules/fabric-common/lib/EventService.js:1051:16)
    at EventService._processTxEvents (/home/dhanish/fabric_sfc/caliper-bench/node_modules/fabric-common/lib/EventService.js:1006:12)
    at ClientDuplexStreamImpl.<anonymous> (/home/dhanish/fabric_sfc/caliper-bench/node_modules/fabric-common/lib/EventService.js:481:12)
    at ClientDuplexStreamImpl.emit (node:events:517:28)
    at addChunk (node:internal/streams/readable:368:12)
    at readableAddChunk (node:internal/streams/readable:341:9) {
  transactionId: '3da6e64d4706873f210a26a43a9d449d3a05da1c121ee840acf8915c7f972bd7',
  transactionCode: 'MVCC_READ_CONFLICT'
}
2026-08-11T09:20:08.454Z - [33mwarn[39m: [TransactionEventHandler]: strategyFail: commit failure for transaction "0deb3b1793c479b2a52e8fad086ce19613e384e351f70b070a287ccb1f09bcab": TransactionError: Commit of transaction 0deb3b1793c479b2a52e8fad086ce19613e384e351f70b070a287ccb1f09bcab failed on peer peer0.financiers.example.com:7051 with status MVCC_READ_CONFLICT
    at TransactionEventHandler.eventCallback (/home/dhanish/fabric_sfc/caliper-bench/node_modules/fabric-network/lib/impl/event/transactioneventhandler.js:111:31)
    at CommitListenerSession.notifyListener (/home/dhanish/fabric_sfc/caliper-bench/node_modules/fabric-network/lib/impl/event/commitlistenersession.js:101:18)
    at EventListener.callback (/home/dhanish/fabric_sfc/caliper-bench/node_modules/fabric-network/lib/impl/event/commitlistenersession.js:92:18)
    at EventListener.onEvent (/home/dhanish/fabric_sfc/caliper-bench/node_modules/fabric-common/lib/EventListener.js:124:10)
    at EventService._callTransactionListener (/home/dhanish/fabric_sfc/caliper-bench/node_modules/fabric-common/lib/EventService.js:1051:16)
    at EventService._processTxEvents (/home/dhanish/fabric_sfc/caliper-bench/node_modules/fabric-common/lib/EventService.js:1006:12)
    at ClientDuplexStreamImpl.<anonymous> (/home/dhanish/fabric_sfc/caliper-bench/node_modules/fabric-common/lib/EventService.js:481:12)
    at ClientDuplexStreamImpl.emit (node:events:517:28)
    at addChunk (node:internal/streams/readable:368:12)
    at readableAddChunk (node:internal/streams/readable:341:9) {
  transactionId: '0deb3b1793c479b2a52e8fad086ce19613e384e351f70b070a287ccb1f09bcab',
  transactionCode: 'MVCC_READ_CONFLICT'
}
2026-08-11T09:20:08.454Z - [33mwarn[39m: [TransactionEventHandler]: strategyFail: commit failure for transaction "2093f240302b33a00543f3dc403b5946bed2087dcec5274511cc35687a022ae0": TransactionError: Commit of transaction 2093f240302b33a00543f3dc403b5946bed2087dcec5274511cc35687a022ae0 failed on peer peer0.financiers.example.com:7051 with status MVCC_READ_CONFLICT
    at TransactionEventHandler.eventCallback (/home/dhanish/fabric_sfc/caliper-bench/node_modules/fabric-network/lib/impl/event/transactioneventhandler.js:111:31)
    at CommitListenerSession.notifyListener (/home/dhanish/fabric_sfc/caliper-bench/node_modules/fabric-network/lib/impl/event/commitlistenersession.js:101:18)
    at EventListener.callback (/home/dhanish/fabric_sfc/caliper-bench/node_modules/fabric-network/lib/impl/event/commitlistenersession.js:92:18)
    at EventListener.onEvent (/home/dhanish/fabric_sfc/caliper-bench/node_modules/fabric-common/lib/EventListener.js:124:10)
    at EventService._callTransactionListener (/home/dhanish/fabric_sfc/caliper-bench/node_modules/fabric-common/lib/EventService.js:1051:16)
    at EventService._processTxEvents (/home/dhanish/fabric_sfc/caliper-bench/node_modules/fabric-common/lib/EventService.js:1006:12)
    at ClientDuplexStreamImpl.<anonymous> (/home/dhanish/fabric_sfc/caliper-bench/node_modules/fabric-common/lib/EventService.js:481:12)
    at ClientDuplexStreamImpl.emit (node:events:517:28)
    at addChunk (node:internal/streams/readable:368:12)
    at readableAddChunk (node:internal/streams/readable:341:9) {
  transactionId: '2093f240302b33a00543f3dc403b5946bed2087dcec5274511cc35687a022ae0',
  transactionCode: 'MVCC_READ_CONFLICT'
}
2026.08.11-09:20:08.454[31m error[39m [caliper] [connectors/v2/FabricGateway] 	Failed to perform submit transaction [setFinancePolicyForFinancier] using arguments [,{"minAPR":0.08,"maxAPR":0.24,"baseAPR":0.14,"minTenorDays":7,"maxTenorDays":45,"tenor":21,"minLtvPct":55,"maxLtvPct":85,"ltv":72,"penaltyBasePct":0.4}],  with error: TransactionError: Commit of transaction 3da6e64d4706873f210a26a43a9d449d3a05da1c121ee840acf8915c7f972bd7 failed on peer peer0.financiers.example.com:7051 with status MVCC_READ_CONFLICT
    at TransactionEventHandler.eventCallback (/home/dhanish/fabric_sfc/caliper-bench/node_modules/fabric-network/lib/impl/event/transactioneventhandler.js:111:31)
    at CommitListenerSession.notifyListener (/home/dhanish/fabric_sfc/caliper-bench/node_modules/fabric-network/lib/impl/event/commitlistenersession.js:101:18)
    at EventListener.callback (/home/dhanish/fabric_sfc/caliper-bench/node_modules/fabric-network/lib/impl/event/commitlistenersession.js:92:18)
    at EventListener.onEvent (/home/dhanish/fabric_sfc/caliper-bench/node_modules/fabric-common/lib/EventListener.js:124:10)
    at EventService._callTransactionListener (/home/dhanish/fabric_sfc/caliper-bench/node_modules/fabric-common/lib/EventService.js:1051:16)
    at EventService._processTxEvents (/home/dhanish/fabric_sfc/caliper-bench/node_modules/fabric-common/lib/EventService.js:1006:12)
    at ClientDuplexStreamImpl.<anonymous> (/home/dhanish/fabric_sfc/caliper-bench/node_modules/fabric-common/lib/EventService.js:481:12)
    at ClientDuplexStreamImpl.emit (node:events:517:28)
    at addChunk (node:internal/streams/readable:368:12)
    at readableAddChunk (node:internal/streams/readable:341:9)
2026-08-11T09:20:08.455Z - [33mwarn[39m: [TransactionEventHandler]: strategyFail: commit failure for transaction "681eb39a73197a1937f906ffbbae8b0312cc1fcdad3c0b90cd2f4bca0ee40988": TransactionError: Commit of transaction 681eb39a73197a1937f906ffbbae8b0312cc1fcdad3c0b90cd2f4bca0ee40988 failed on peer peer0.financiers.example.com:7051 with status MVCC_READ_CONFLICT
    at TransactionEventHandler.eventCallback (/home/dhanish/fabric_sfc/caliper-bench/node_modules/fabric-network/lib/impl/event/transactioneventhandler.js:111:31)
    at CommitListenerSession.notifyListener (/home/dhanish/fabric_sfc/caliper-bench/node_modules/fabric-network/lib/impl/event/commitlistenersession.js:101:18)
    at EventListener.callback (/home/dhanish/fabric_sfc/caliper-bench/node_modules/fabric-network/lib/impl/event/commitlistenersession.js:92:18)
    at EventListener.onEvent (/home/dhanish/fabric_sfc/caliper-bench/node_modules/fabric-common/lib/EventListener.js:124:10)
    at EventService._callTransactionListener (/home/dhanish/fabric_sfc/caliper-bench/node_modules/fabric-common/lib/EventService.js:1051:16)
    at EventService._processTxEvents (/home/dhanish/fabric_sfc/caliper-bench/node_modules/fabric-common/lib/EventService.js:1006:12)
    at ClientDuplexStreamImpl.<anonymous> (/home/dhanish/fabric_sfc/caliper-bench/node_modules/fabric-common/lib/EventService.js:481:12)
    at ClientDuplexStreamImpl.emit (node:events:517:28)
    at addChunk (node:internal/streams/readable:368:12)
    at readableAddChunk (node:internal/streams/readable:341:9) {
  transactionId: '681eb39a73197a1937f906ffbbae8b0312cc1fcdad3c0b90cd2f4bca0ee40988',
  transactionCode: 'MVCC_READ_CONFLICT'
}
2026.08.11-09:20:08.455[31m error[39m [caliper] [connectors/v2/FabricGateway] 	Failed to perform submit transaction [setFinancePolicyForFinancier] using arguments [,{"minAPR":0.08,"maxAPR":0.24,"baseAPR":0.14,"minTenorDays":7,"maxTenorDays":45,"tenor":21,"minLtvPct":55,"maxLtvPct":85,"ltv":72,"penaltyBasePct":0.4}],  with error: TransactionError: Commit of transaction 0deb3b1793c479b2a52e8fad086ce19613e384e351f70b070a287ccb1f09bcab failed on peer peer0.financiers.example.com:7051 with status MVCC_READ_CONFLICT
    at TransactionEventHandler.eventCallback (/home/dhanish/fabric_sfc/caliper-bench/node_modules/fabric-network/lib/impl/event/transactioneventhandler.js:111:31)
    at CommitListenerSession.notifyListener (/home/dhanish/fabric_sfc/caliper-bench/node_modules/fabric-network/lib/impl/event/commitlistenersession.js:101:18)
    at EventListener.callback (/home/dhanish/fabric_sfc/caliper-bench/node_modules/fabric-network/lib/impl/event/commitlistenersession.js:92:18)
    at EventListener.onEvent (/home/dhanish/fabric_sfc/caliper-bench/node_modules/fabric-common/lib/EventListener.js:124:10)
    at EventService._callTransactionListener (/home/dhanish/fabric_sfc/caliper-bench/node_modules/fabric-common/lib/EventService.js:1051:16)
    at EventService._processTxEvents (/home/dhanish/fabric_sfc/caliper-bench/node_modules/fabric-common/lib/EventService.js:1006:12)
    at ClientDuplexStreamImpl.<anonymous> (/home/dhanish/fabric_sfc/caliper-bench/node_modules/fabric-common/lib/EventService.js:481:12)
    at ClientDuplexStreamImpl.emit (node:events:517:28)
    at addChunk (node:internal/streams/readable:368:12)
    at readableAddChunk (node:internal/streams/readable:341:9)
2026.08.11-09:20:08.455[31m error[39m [caliper] [connectors/v2/FabricGateway] 	Failed to perform submit transaction [setFinancePolicyForFinancier] using arguments [,{"minAPR":0.08,"maxAPR":0.24,"baseAPR":0.14,"minTenorDays":7,"maxTenorDays":45,"tenor":21,"minLtvPct":55,"maxLtvPct":85,"ltv":72,"penaltyBasePct":0.4}],  with error: TransactionError: Commit of transaction 2093f240302b33a00543f3dc403b5946bed2087dcec5274511cc35687a022ae0 failed on peer peer0.financiers.example.com:7051 with status MVCC_READ_CONFLICT
    at TransactionEventHandler.eventCallback (/home/dhanish/fabric_sfc/caliper-bench/node_modules/fabric-network/lib/impl/event/transactioneventhandler.js:111:31)
    at CommitListenerSession.notifyListener (/home/dhanish/fabric_sfc/caliper-bench/node_modules/fabric-network/lib/impl/event/commitlistenersession.js:101:18)
    at EventListener.callback (/home/dhanish/fabric_sfc/caliper-bench/node_modules/fabric-network/lib/impl/event/commitlistenersession.js:92:18)
    at EventListener.onEvent (/home/dhanish/fabric_sfc/caliper-bench/node_modules/fabric-common/lib/EventListener.js:124:10)
    at EventService._callTransactionListener (/home/dhanish/fabric_sfc/caliper-bench/node_modules/fabric-common/lib/EventService.js:1051:16)
    at EventService._processTxEvents (/home/dhanish/fabric_sfc/caliper-bench/node_modules/fabric-common/lib/EventService.js:1006:12)
    at ClientDuplexStreamImpl.<anonymous> (/home/dhanish/fabric_sfc/caliper-bench/node_modules/fabric-common/lib/EventService.js:481:12)
    at ClientDuplexStreamImpl.emit (node:events:517:28)
    at addChunk (node:internal/streams/readable:368:12)
    at readableAddChunk (node:internal/streams/readable:341:9)
2026.08.11-09:20:08.455[31m error[39m [caliper] [connectors/v2/FabricGateway] 	Failed to perform submit transaction [setFinancePolicyForFinancier] using arguments [,{"minAPR":0.08,"maxAPR":0.24,"baseAPR":0.14,"minTenorDays":7,"maxTenorDays":45,"tenor":21,"minLtvPct":55,"maxLtvPct":85,"ltv":72,"penaltyBasePct":0.4}],  with error: TransactionError: Commit of transaction 681eb39a73197a1937f906ffbbae8b0312cc1fcdad3c0b90cd2f4bca0ee40988 failed on peer peer0.financiers.example.com:7051 with status MVCC_READ_CONFLICT
    at TransactionEventHandler.eventCallback (/home/dhanish/fabric_sfc/caliper-bench/node_modules/fabric-network/lib/impl/event/transactioneventhandler.js:111:31)
    at CommitListenerSession.notifyListener (/home/dhanish/fabric_sfc/caliper-bench/node_modules/fabric-network/lib/impl/event/commitlistenersession.js:101:18)
    at EventListener.callback (/home/dhanish/fabric_sfc/caliper-bench/node_modules/fabric-network/lib/impl/event/commitlistenersession.js:92:18)
    at EventListener.onEvent (/home/dhanish/fabric_sfc/caliper-bench/node_modules/fabric-common/lib/EventListener.js:124:10)
    at EventService._callTransactionListener (/home/dhanish/fabric_sfc/caliper-bench/node_modules/fabric-common/lib/EventService.js:1051:16)
    at EventService._processTxEvents (/home/dhanish/fabric_sfc/caliper-bench/node_modules/fabric-common/lib/EventService.js:1006:12)
    at ClientDuplexStreamImpl.<anonymous> (/home/dhanish/fabric_sfc/caliper-bench/node_modules/fabric-common/lib/EventService.js:481:12)
    at ClientDuplexStreamImpl.emit (node:events:517:28)
    at addChunk (node:internal/streams/readable:368:12)
    at readableAddChunk (node:internal/streams/readable:341:9)
2026-08-11T09:20:08.456Z - [33mwarn[39m: [TransactionEventHandler]: strategyFail: commit failure for transaction "dacc038c37430651ed823076b96297f5f936630a5845727686f71a2cd5dfc0f0": TransactionError: Commit of transaction dacc038c37430651ed823076b96297f5f936630a5845727686f71a2cd5dfc0f0 failed on peer peer0.financiers.example.com:7051 with status MVCC_READ_CONFLICT
    at TransactionEventHandler.eventCallback (/home/dhanish/fabric_sfc/caliper-bench/node_modules/fabric-network/lib/impl/event/transactioneventhandler.js:111:31)
    at CommitListenerSession.notifyListener (/home/dhanish/fabric_sfc/caliper-bench/node_modules/fabric-network/lib/impl/event/commitlistenersession.js:101:18)
    at EventListener.callback (/home/dhanish/fabric_sfc/caliper-bench/node_modules/fabric-network/lib/impl/event/commitlistenersession.js:92:18)
    at EventListener.onEvent (/home/dhanish/fabric_sfc/caliper-bench/node_modules/fabric-common/lib/EventListener.js:124:10)
    at EventService._callTransactionListener (/home/dhanish/fabric_sfc/caliper-bench/node_modules/fabric-common/lib/EventService.js:1051:16)
    at EventService._processTxEvents (/home/dhanish/fabric_sfc/caliper-bench/node_modules/fabric-common/lib/EventService.js:1006:12)
    at ClientDuplexStreamImpl.<anonymous> (/home/dhanish/fabric_sfc/caliper-bench/node_modules/fabric-common/lib/EventService.js:481:12)
    at ClientDuplexStreamImpl.emit (node:events:517:28)
    at addChunk (node:internal/streams/readable:368:12)
    at readableAddChunk (node:internal/streams/readable:341:9) {
  transactionId: 'dacc038c37430651ed823076b96297f5f936630a5845727686f71a2cd5dfc0f0',
  transactionCode: 'MVCC_READ_CONFLICT'
}
2026-08-11T09:20:08.456Z - [33mwarn[39m: [TransactionEventHandler]: strategyFail: commit failure for transaction "5a6ef49e08ac7fa0a9be3981f374f9aac09b9ff4210a9a295dc605e87782f91a": TransactionError: Commit of transaction 5a6ef49e08ac7fa0a9be3981f374f9aac09b9ff4210a9a295dc605e87782f91a failed on peer peer0.financiers.example.com:7051 with status MVCC_READ_CONFLICT
    at TransactionEventHandler.eventCallback (/home/dhanish/fabric_sfc/caliper-bench/node_modules/fabric-network/lib/impl/event/transactioneventhandler.js:111:31)
    at CommitListenerSession.notifyListener (/home/dhanish/fabric_sfc/caliper-bench/node_modules/fabric-network/lib/impl/event/commitlistenersession.js:101:18)
    at EventListener.callback (/home/dhanish/fabric_sfc/caliper-bench/node_modules/fabric-network/lib/impl/event/commitlistenersession.js:92:18)
    at EventListener.onEvent (/home/dhanish/fabric_sfc/caliper-bench/node_modules/fabric-common/lib/EventListener.js:124:10)
    at EventService._callTransactionListener (/home/dhanish/fabric_sfc/caliper-bench/node_modules/fabric-common/lib/EventService.js:1051:16)
    at EventService._processTxEvents (/home/dhanish/fabric_sfc/caliper-bench/node_modules/fabric-common/lib/EventService.js:1006:12)
    at ClientDuplexStreamImpl.<anonymous> (/home/dhanish/fabric_sfc/caliper-bench/node_modules/fabric-common/lib/EventService.js:481:12)
    at ClientDuplexStreamImpl.emit (node:events:517:28)
    at addChunk (node:internal/streams/readable:368:12)
    at readableAddChunk (node:internal/streams/readable:341:9) {
  transactionId: '5a6ef49e08ac7fa0a9be3981f374f9aac09b9ff4210a9a295dc605e87782f91a',
  transactionCode: 'MVCC_READ_CONFLICT'
}
2026-08-11T09:20:08.457Z - [33mwarn[39m: [TransactionEventHandler]: strategyFail: commit failure for transaction "70a71a1f70fbe194fb4dbd799a36748a3afcbc5e1b7b7c01a35f3c0bb7a77c80": TransactionError: Commit of transaction 70a71a1f70fbe194fb4dbd799a36748a3afcbc5e1b7b7c01a35f3c0bb7a77c80 failed on peer peer0.financiers.example.com:7051 with status MVCC_READ_CONFLICT
    at TransactionEventHandler.eventCallback (/home/dhanish/fabric_sfc/caliper-bench/node_modules/fabric-network/lib/impl/event/transactioneventhandler.js:111:31)
    at CommitListenerSession.notifyListener (/home/dhanish/fabric_sfc/caliper-bench/node_modules/fabric-network/lib/impl/event/commitlistenersession.js:101:18)
    at EventListener.callback (/home/dhanish/fabric_sfc/caliper-bench/node_modules/fabric-network/lib/impl/event/commitlistenersession.js:92:18)
    at EventListener.onEvent (/home/dhanish/fabric_sfc/caliper-bench/node_modules/fabric-common/lib/EventListener.js:124:10)
    at EventService._callTransactionListener (/home/dhanish/fabric_sfc/caliper-bench/node_modules/fabric-common/lib/EventService.js:1051:16)
    at EventService._processTxEvents (/home/dhanish/fabric_sfc/caliper-bench/node_modules/fabric-common/lib/EventService.js:1006:12)
    at ClientDuplexStreamImpl.<anonymous> (/home/dhanish/fabric_sfc/caliper-bench/node_modules/fabric-common/lib/EventService.js:481:12)
    at ClientDuplexStreamImpl.emit (node:events:517:28)
    at addChunk (node:internal/streams/readable:368:12)
    at readableAddChunk (node:internal/streams/readable:341:9) {
  transactionId: '70a71a1f70fbe194fb4dbd799a36748a3afcbc5e1b7b7c01a35f3c0bb7a77c80',
  transactionCode: 'MVCC_READ_CONFLICT'
}
2026-08-11T09:20:08.457Z - [33mwarn[39m: [TransactionEventHandler]: strategyFail: commit failure for transaction "10f530f0abdd1f2c8f53b5210abdb223709975de9f60cc7e1e97c3959d8e62b4": TransactionError: Commit of transaction 10f530f0abdd1f2c8f53b5210abdb223709975de9f60cc7e1e97c3959d8e62b4 failed on peer peer0.financiers.example.com:7051 with status MVCC_READ_CONFLICT
    at TransactionEventHandler.eventCallback (/home/dhanish/fabric_sfc/caliper-bench/node_modules/fabric-network/lib/impl/event/transactioneventhandler.js:111:31)
    at CommitListenerSession.notifyListener (/home/dhanish/fabric_sfc/caliper-bench/node_modules/fabric-network/lib/impl/event/commitlistenersession.js:101:18)
    at EventListener.callback (/home/dhanish/fabric_sfc/caliper-bench/node_modules/fabric-network/lib/impl/event/commitlistenersession.js:92:18)
    at EventListener.onEvent (/home/dhanish/fabric_sfc/caliper-bench/node_modules/fabric-common/lib/EventListener.js:124:10)
    at EventService._callTransactionListener (/home/dhanish/fabric_sfc/caliper-bench/node_modules/fabric-common/lib/EventService.js:1051:16)
    at EventService._processTxEvents (/home/dhanish/fabric_sfc/caliper-bench/node_modules/fabric-common/lib/EventService.js:1006:12)
    at ClientDuplexStreamImpl.<anonymous> (/home/dhanish/fabric_sfc/caliper-bench/node_modules/fabric-common/lib/EventService.js:481:12)
    at ClientDuplexStreamImpl.emit (node:events:517:28)
    at addChunk (node:internal/streams/readable:368:12)
    at readableAddChunk (node:internal/streams/readable:341:9) {
  transactionId: '10f530f0abdd1f2c8f53b5210abdb223709975de9f60cc7e1e97c3959d8e62b4',
  transactionCode: 'MVCC_READ_CONFLICT'
}
2026.08.11-09:20:08.457[31m error[39m [caliper] [connectors/v2/FabricGateway] 	Failed to perform submit transaction [setFinancePolicyForFinancier] using arguments [,{"minAPR":0.08,"maxAPR":0.24,"baseAPR":0.14,"minTenorDays":7,"maxTenorDays":45,"tenor":21,"minLtvPct":55,"maxLtvPct":85,"ltv":72,"penaltyBasePct":0.4}],  with error: TransactionError: Commit of transaction dacc038c37430651ed823076b96297f5f936630a5845727686f71a2cd5dfc0f0 failed on peer peer0.financiers.example.com:7051 with status MVCC_READ_CONFLICT
    at TransactionEventHandler.eventCallback (/home/dhanish/fabric_sfc/caliper-bench/node_modules/fabric-network/lib/impl/event/transactioneventhandler.js:111:31)
    at CommitListenerSession.notifyListener (/home/dhanish/fabric_sfc/caliper-bench/node_modules/fabric-network/lib/impl/event/commitlistenersession.js:101:18)
    at EventListener.callback (/home/dhanish/fabric_sfc/caliper-bench/node_modules/fabric-network/lib/impl/event/commitlistenersession.js:92:18)
    at EventListener.onEvent (/home/dhanish/fabric_sfc/caliper-bench/node_modules/fabric-common/lib/EventListener.js:124:10)
    at EventService._callTransactionListener (/home/dhanish/fabric_sfc/caliper-bench/node_modules/fabric-common/lib/EventService.js:1051:16)
    at EventService._processTxEvents (/home/dhanish/fabric_sfc/caliper-bench/node_modules/fabric-common/lib/EventService.js:1006:12)
    at ClientDuplexStreamImpl.<anonymous> (/home/dhanish/fabric_sfc/caliper-bench/node_modules/fabric-common/lib/EventService.js:481:12)
    at ClientDuplexStreamImpl.emit (node:events:517:28)
    at addChunk (node:internal/streams/readable:368:12)
    at readableAddChunk (node:internal/streams/readable:341:9)
2026-08-11T09:20:08.458Z - [33mwarn[39m: [TransactionEventHandler]: strategyFail: commit failure for transaction "711f23342b7cb64718e0835eb0dc169b05dc7ffccbd87b036ab1ce471b13c7cf": TransactionError: Commit of transaction 711f23342b7cb64718e0835eb0dc169b05dc7ffccbd87b036ab1ce471b13c7cf failed on peer peer0.financiers.example.com:7051 with status MVCC_READ_CONFLICT
    at TransactionEventHandler.eventCallback (/home/dhanish/fabric_sfc/caliper-bench/node_modules/fabric-network/lib/impl/event/transactioneventhandler.js:111:31)
    at CommitListenerSession.notifyListener (/home/dhanish/fabric_sfc/caliper-bench/node_modules/fabric-network/lib/impl/event/commitlistenersession.js:101:18)
    at EventListener.callback (/home/dhanish/fabric_sfc/caliper-bench/node_modules/fabric-network/lib/impl/event/commitlistenersession.js:92:18)
    at EventListener.onEvent (/home/dhanish/fabric_sfc/caliper-bench/node_modules/fabric-common/lib/EventListener.js:124:10)
    at EventService._callTransactionListener (/home/dhanish/fabric_sfc/caliper-bench/node_modules/fabric-common/lib/EventService.js:1051:16)
    at EventService._processTxEvents (/home/dhanish/fabric_sfc/caliper-bench/node_modules/fabric-common/lib/EventService.js:1006:12)
    at ClientDuplexStreamImpl.<anonymous> (/home/dhanish/fabric_sfc/caliper-bench/node_modules/fabric-common/lib/EventService.js:481:12)
    at ClientDuplexStreamImpl.emit (node:events:517:28)
    at addChunk (node:internal/streams/readable:368:12)
    at readableAddChunk (node:internal/streams/readable:341:9) {
  transactionId: '711f23342b7cb64718e0835eb0dc169b05dc7ffccbd87b036ab1ce471b13c7cf',
  transactionCode: 'MVCC_READ_CONFLICT'
}
2026.08.11-09:20:08.458[31m error[39m [caliper] [connectors/v2/FabricGateway] 	Failed to perform submit transaction [setFinancePolicyForFinancier] using arguments [,{"minAPR":0.08,"maxAPR":0.24,"baseAPR":0.14,"minTenorDays":7,"maxTenorDays":45,"tenor":21,"minLtvPct":55,"maxLtvPct":85,"ltv":72,"penaltyBasePct":0.4}],  with error: TransactionError: Commit of transaction 5a6ef49e08ac7fa0a9be3981f374f9aac09b9ff4210a9a295dc605e87782f91a failed on peer peer0.financiers.example.com:7051 with status MVCC_READ_CONFLICT
    at TransactionEventHandler.eventCallback (/home/dhanish/fabric_sfc/caliper-bench/node_modules/fabric-network/lib/impl/event/transactioneventhandler.js:111:31)
    at CommitListenerSession.notifyListener (/home/dhanish/fabric_sfc/caliper-bench/node_modules/fabric-network/lib/impl/event/commitlistenersession.js:101:18)
    at EventListener.callback (/home/dhanish/fabric_sfc/caliper-bench/node_modules/fabric-network/lib/impl/event/commitlistenersession.js:92:18)
    at EventListener.onEvent (/home/dhanish/fabric_sfc/caliper-bench/node_modules/fabric-common/lib/EventListener.js:124:10)
    at EventService._callTransactionListener (/home/dhanish/fabric_sfc/caliper-bench/node_modules/fabric-common/lib/EventService.js:1051:16)
    at EventService._processTxEvents (/home/dhanish/fabric_sfc/caliper-bench/node_modules/fabric-common/lib/EventService.js:1006:12)
    at ClientDuplexStreamImpl.<anonymous> (/home/dhanish/fabric_sfc/caliper-bench/node_modules/fabric-common/lib/EventService.js:481:12)
    at ClientDuplexStreamImpl.emit (node:events:517:28)
    at addChunk (node:internal/streams/readable:368:12)
    at readableAddChunk (node:internal/streams/readable:341:9)
2026.08.11-09:20:08.458[31m error[39m [caliper] [connectors/v2/FabricGateway] 	Failed to perform submit transaction [setFinancePolicyForFinancier] using arguments [,{"minAPR":0.08,"maxAPR":0.24,"baseAPR":0.14,"minTenorDays":7,"maxTenorDays":45,"tenor":21,"minLtvPct":55,"maxLtvPct":85,"ltv":72,"penaltyBasePct":0.4}],  with error: TransactionError: Commit of transaction 70a71a1f70fbe194fb4dbd799a36748a3afcbc5e1b7b7c01a35f3c0bb7a77c80 failed on peer peer0.financiers.example.com:7051 with status MVCC_READ_CONFLICT
    at TransactionEventHandler.eventCallback (/home/dhanish/fabric_sfc/caliper-bench/node_modules/fabric-network/lib/impl/event/transactioneventhandler.js:111:31)
    at CommitListenerSession.notifyListener (/home/dhanish/fabric_sfc/caliper-bench/node_modules/fabric-network/lib/impl/event/commitlistenersession.js:101:18)
    at EventListener.callback (/home/dhanish/fabric_sfc/caliper-bench/node_modules/fabric-network/lib/impl/event/commitlistenersession.js:92:18)
    at EventListener.onEvent (/home/dhanish/fabric_sfc/caliper-bench/node_modules/fabric-common/lib/EventListener.js:124:10)
    at EventService._callTransactionListener (/home/dhanish/fabric_sfc/caliper-bench/node_modules/fabric-common/lib/EventService.js:1051:16)
    at EventService._processTxEvents (/home/dhanish/fabric_sfc/caliper-bench/node_modules/fabric-common/lib/EventService.js:1006:12)
    at ClientDuplexStreamImpl.<anonymous> (/home/dhanish/fabric_sfc/caliper-bench/node_modules/fabric-common/lib/EventService.js:481:12)
    at ClientDuplexStreamImpl.emit (node:events:517:28)
    at addChunk (node:internal/streams/readable:368:12)
    at readableAddChunk (node:internal/streams/readable:341:9)
2026.08.11-09:20:08.458[31m error[39m [caliper] [connectors/v2/FabricGateway] 	Failed to perform submit transaction [setFinancePolicyForFinancier] using arguments [,{"minAPR":0.08,"maxAPR":0.24,"baseAPR":0.14,"minTenorDays":7,"maxTenorDays":45,"tenor":21,"minLtvPct":55,"maxLtvPct":85,"ltv":72,"penaltyBasePct":0.4}],  with error: TransactionError: Commit of transaction 10f530f0abdd1f2c8f53b5210abdb223709975de9f60cc7e1e97c3959d8e62b4 failed on peer peer0.financiers.example.com:7051 with status MVCC_READ_CONFLICT
    at TransactionEventHandler.eventCallback (/home/dhanish/fabric_sfc/caliper-bench/node_modules/fabric-network/lib/impl/event/transactioneventhandler.js:111:31)
    at CommitListenerSession.notifyListener (/home/dhanish/fabric_sfc/caliper-bench/node_modules/fabric-network/lib/impl/event/commitlistenersession.js:101:18)
    at EventListener.callback (/home/dhanish/fabric_sfc/caliper-bench/node_modules/fabric-network/lib/impl/event/commitlistenersession.js:92:18)
    at EventListener.onEvent (/home/dhanish/fabric_sfc/caliper-bench/node_modules/fabric-common/lib/EventListener.js:124:10)
    at EventService._callTransactionListener (/home/dhanish/fabric_sfc/caliper-bench/node_modules/fabric-common/lib/EventService.js:1051:16)
    at EventService._processTxEvents (/home/dhanish/fabric_sfc/caliper-bench/node_modules/fabric-common/lib/EventService.js:1006:12)
    at ClientDuplexStreamImpl.<anonymous> (/home/dhanish/fabric_sfc/caliper-bench/node_modules/fabric-common/lib/EventService.js:481:12)
    at ClientDuplexStreamImpl.emit (node:events:517:28)
    at addChunk (node:internal/streams/readable:368:12)
    at readableAddChunk (node:internal/streams/readable:341:9)
2026.08.11-09:20:08.458[31m error[39m [caliper] [connectors/v2/FabricGateway] 	Failed to perform submit transaction [setFinancePolicyForFinancier] using arguments [,{"minAPR":0.08,"maxAPR":0.24,"baseAPR":0.14,"minTenorDays":7,"maxTenorDays":45,"tenor":21,"minLtvPct":55,"maxLtvPct":85,"ltv":72,"penaltyBasePct":0.4}],  with error: TransactionError: Commit of transaction 711f23342b7cb64718e0835eb0dc169b05dc7ffccbd87b036ab1ce471b13c7cf failed on peer peer0.financiers.example.com:7051 with status MVCC_READ_CONFLICT
    at TransactionEventHandler.eventCallback (/home/dhanish/fabric_sfc/caliper-bench/node_modules/fabric-network/lib/impl/event/transactioneventhandler.js:111:31)
    at CommitListenerSession.notifyListener (/home/dhanish/fabric_sfc/caliper-bench/node_modules/fabric-network/lib/impl/event/commitlistenersession.js:101:18)
    at EventListener.callback (/home/dhanish/fabric_sfc/caliper-bench/node_modules/fabric-network/lib/impl/event/commitlistenersession.js:92:18)
    at EventListener.onEvent (/home/dhanish/fabric_sfc/caliper-bench/node_modules/fabric-common/lib/EventListener.js:124:10)
    at EventService._callTransactionListener (/home/dhanish/fabric_sfc/caliper-bench/node_modules/fabric-common/lib/EventService.js:1051:16)
    at EventService._processTxEvents (/home/dhanish/fabric_sfc/caliper-bench/node_modules/fabric-common/lib/EventService.js:1006:12)
    at ClientDuplexStreamImpl.<anonymous> (/home/dhanish/fabric_sfc/caliper-bench/node_modules/fabric-common/lib/EventService.js:481:12)
    at ClientDuplexStreamImpl.emit (node:events:517:28)
    at addChunk (node:internal/streams/readable:368:12)
    at readableAddChunk (node:internal/streams/readable:341:9)
2026-08-11T09:20:08.482Z - [33mwarn[39m: [TransactionEventHandler]: strategyFail: commit failure for transaction "7a3981e7de78cb329142fc77e28681b8e4eecf96ee15b2e1dcf0a03fbbe09b9b": TransactionError: Commit of transaction 7a3981e7de78cb329142fc77e28681b8e4eecf96ee15b2e1dcf0a03fbbe09b9b failed on peer peer0.financiers.example.com:7051 with status MVCC_READ_CONFLICT
    at TransactionEventHandler.eventCallback (/home/dhanish/fabric_sfc/caliper-bench/node_modules/fabric-network/lib/impl/event/transactioneventhandler.js:111:31)
    at CommitListenerSession.notifyListener (/home/dhanish/fabric_sfc/caliper-bench/node_modules/fabric-network/lib/impl/event/commitlistenersession.js:101:18)
    at EventListener.callback (/home/dhanish/fabric_sfc/caliper-bench/node_modules/fabric-network/lib/impl/event/commitlistenersession.js:92:18)
    at EventListener.onEvent (/home/dhanish/fabric_sfc/caliper-bench/node_modules/fabric-common/lib/EventListener.js:124:10)
    at EventService._callTransactionListener (/home/dhanish/fabric_sfc/caliper-bench/node_modules/fabric-common/lib/EventService.js:1051:16)
    at EventService._processTxEvents (/home/dhanish/fabric_sfc/caliper-bench/node_modules/fabric-common/lib/EventService.js:1006:12)
    at ClientDuplexStreamImpl.<anonymous> (/home/dhanish/fabric_sfc/caliper-bench/node_modules/fabric-common/lib/EventService.js:481:12)
    at ClientDuplexStreamImpl.emit (node:events:517:28)
    at addChunk (node:internal/streams/readable:368:12)
    at readableAddChunk (node:internal/streams/readable:341:9) {
  transactionId: '7a3981e7de78cb329142fc77e28681b8e4eecf96ee15b2e1dcf0a03fbbe09b9b',
  transactionCode: 'MVCC_READ_CONFLICT'
}
2026-08-11T09:20:08.482Z - [33mwarn[39m: [TransactionEventHandler]: strategyFail: commit failure for transaction "3a99293a0f87cc47b53a75d7057adfb05dff95aa525f3064522a8e89eff99c5b": TransactionError: Commit of transaction 3a99293a0f87cc47b53a75d7057adfb05dff95aa525f3064522a8e89eff99c5b failed on peer peer0.financiers.example.com:7051 with status MVCC_READ_CONFLICT
    at TransactionEventHandler.eventCallback (/home/dhanish/fabric_sfc/caliper-bench/node_modules/fabric-network/lib/impl/event/transactioneventhandler.js:111:31)
    at CommitListenerSession.notifyListener (/home/dhanish/fabric_sfc/caliper-bench/node_modules/fabric-network/lib/impl/event/commitlistenersession.js:101:18)
    at EventListener.callback (/home/dhanish/fabric_sfc/caliper-bench/node_modules/fabric-network/lib/impl/event/commitlistenersession.js:92:18)
    at EventListener.onEvent (/home/dhanish/fabric_sfc/caliper-bench/node_modules/fabric-common/lib/EventListener.js:124:10)
    at EventService._callTransactionListener (/home/dhanish/fabric_sfc/caliper-bench/node_modules/fabric-common/lib/EventService.js:1051:16)
    at EventService._processTxEvents (/home/dhanish/fabric_sfc/caliper-bench/node_modules/fabric-common/lib/EventService.js:1006:12)
    at ClientDuplexStreamImpl.<anonymous> (/home/dhanish/fabric_sfc/caliper-bench/node_modules/fabric-common/lib/EventService.js:481:12)
    at ClientDuplexStreamImpl.emit (node:events:517:28)
    at addChunk (node:internal/streams/readable:368:12)
    at readableAddChunk (node:internal/streams/readable:341:9) {
  transactionId: '3a99293a0f87cc47b53a75d7057adfb05dff95aa525f3064522a8e89eff99c5b',
  transactionCode: 'MVCC_READ_CONFLICT'
}
2026-08-11T09:20:08.482Z - [33mwarn[39m: [TransactionEventHandler]: strategyFail: commit failure for transaction "1a3b725c41a99dc42af70bd7140de439450a0e81b629a8ac23a276cb91e19e65": TransactionError: Commit of transaction 1a3b725c41a99dc42af70bd7140de439450a0e81b629a8ac23a276cb91e19e65 failed on peer peer0.financiers.example.com:7051 with status MVCC_READ_CONFLICT
    at TransactionEventHandler.eventCallback (/home/dhanish/fabric_sfc/caliper-bench/node_modules/fabric-network/lib/impl/event/transactioneventhandler.js:111:31)
    at CommitListenerSession.notifyListener (/home/dhanish/fabric_sfc/caliper-bench/node_modules/fabric-network/lib/impl/event/commitlistenersession.js:101:18)
    at EventListener.callback (/home/dhanish/fabric_sfc/caliper-bench/node_modules/fabric-network/lib/impl/event/commitlistenersession.js:92:18)
    at EventListener.onEvent (/home/dhanish/fabric_sfc/caliper-bench/node_modules/fabric-common/lib/EventListener.js:124:10)
    at EventService._callTransactionListener (/home/dhanish/fabric_sfc/caliper-bench/node_modules/fabric-common/lib/EventService.js:1051:16)
    at EventService._processTxEvents (/home/dhanish/fabric_sfc/caliper-bench/node_modules/fabric-common/lib/EventService.js:1006:12)
    at ClientDuplexStreamImpl.<anonymous> (/home/dhanish/fabric_sfc/caliper-bench/node_modules/fabric-common/lib/EventService.js:481:12)
    at ClientDuplexStreamImpl.emit (node:events:517:28)
    at addChunk (node:internal/streams/readable:368:12)
    at readableAddChunk (node:internal/streams/readable:341:9) {
  transactionId: '1a3b725c41a99dc42af70bd7140de439450a0e81b629a8ac23a276cb91e19e65',
  transactionCode: 'MVCC_READ_CONFLICT'
}
2026.08.11-09:20:08.483[31m error[39m [caliper] [connectors/v2/FabricGateway] 	Failed to perform submit transaction [setFinancePolicyForFinancier] using arguments [,{"minAPR":0.08,"maxAPR":0.24,"baseAPR":0.14,"minTenorDays":7,"maxTenorDays":45,"tenor":21,"minLtvPct":55,"maxLtvPct":85,"ltv":72,"penaltyBasePct":0.4}],  with error: TransactionError: Commit of transaction 1a3b725c41a99dc42af70bd7140de439450a0e81b629a8ac23a276cb91e19e65 failed on peer peer0.financiers.example.com:7051 with status MVCC_READ_CONFLICT
    at TransactionEventHandler.eventCallback (/home/dhanish/fabric_sfc/caliper-bench/node_modules/fabric-network/lib/impl/event/transactioneventhandler.js:111:31)
    at CommitListenerSession.notifyListener (/home/dhanish/fabric_sfc/caliper-bench/node_modules/fabric-network/lib/impl/event/commitlistenersession.js:101:18)
    at EventListener.callback (/home/dhanish/fabric_sfc/caliper-bench/node_modules/fabric-network/lib/impl/event/commitlistenersession.js:92:18)
    at EventListener.onEvent (/home/dhanish/fabric_sfc/caliper-bench/node_modules/fabric-common/lib/EventListener.js:124:10)
    at EventService._callTransactionListener (/home/dhanish/fabric_sfc/caliper-bench/node_modules/fabric-common/lib/EventService.js:1051:16)
    at EventService._processTxEvents (/home/dhanish/fabric_sfc/caliper-bench/node_modules/fabric-common/lib/EventService.js:1006:12)
    at ClientDuplexStreamImpl.<anonymous> (/home/dhanish/fabric_sfc/caliper-bench/node_modules/fabric-common/lib/EventService.js:481:12)
    at ClientDuplexStreamImpl.emit (node:events:517:28)
    at addChunk (node:internal/streams/readable:368:12)
    at readableAddChunk (node:internal/streams/readable:341:9)
2026-08-11T09:20:08.483Z - [33mwarn[39m: [TransactionEventHandler]: strategyFail: commit failure for transaction "9184e26f78411bc7983c147355df3f354b5647593e330b3d38e9ca7671bcfdad": TransactionError: Commit of transaction 9184e26f78411bc7983c147355df3f354b5647593e330b3d38e9ca7671bcfdad failed on peer peer0.financiers.example.com:7051 with status MVCC_READ_CONFLICT
    at TransactionEventHandler.eventCallback (/home/dhanish/fabric_sfc/caliper-bench/node_modules/fabric-network/lib/impl/event/transactioneventhandler.js:111:31)
    at CommitListenerSession.notifyListener (/home/dhanish/fabric_sfc/caliper-bench/node_modules/fabric-network/lib/impl/event/commitlistenersession.js:101:18)
    at EventListener.callback (/home/dhanish/fabric_sfc/caliper-bench/node_modules/fabric-network/lib/impl/event/commitlistenersession.js:92:18)
    at EventListener.onEvent (/home/dhanish/fabric_sfc/caliper-bench/node_modules/fabric-common/lib/EventListener.js:124:10)
    at EventService._callTransactionListener (/home/dhanish/fabric_sfc/caliper-bench/node_modules/fabric-common/lib/EventService.js:1051:16)
    at EventService._processTxEvents (/home/dhanish/fabric_sfc/caliper-bench/node_modules/fabric-common/lib/EventService.js:1006:12)
    at ClientDuplexStreamImpl.<anonymous> (/home/dhanish/fabric_sfc/caliper-bench/node_modules/fabric-common/lib/EventService.js:481:12)
    at ClientDuplexStreamImpl.emit (node:events:517:28)
    at addChunk (node:internal/streams/readable:368:12)
    at readableAddChunk (node:internal/streams/readable:341:9) {
  transactionId: '9184e26f78411bc7983c147355df3f354b5647593e330b3d38e9ca7671bcfdad',
  transactionCode: 'MVCC_READ_CONFLICT'
}
2026-08-11T09:20:08.483Z - [33mwarn[39m: [TransactionEventHandler]: strategyFail: commit failure for transaction "f091ba75937def2454c51ab60c8c719b390c9a68ec9eadaf0451f7b4f3d14b7e": TransactionError: Commit of transaction f091ba75937def2454c51ab60c8c719b390c9a68ec9eadaf0451f7b4f3d14b7e failed on peer peer0.financiers.example.com:7051 with status MVCC_READ_CONFLICT
    at TransactionEventHandler.eventCallback (/home/dhanish/fabric_sfc/caliper-bench/node_modules/fabric-network/lib/impl/event/transactioneventhandler.js:111:31)
    at CommitListenerSession.notifyListener (/home/dhanish/fabric_sfc/caliper-bench/node_modules/fabric-network/lib/impl/event/commitlistenersession.js:101:18)
    at EventListener.callback (/home/dhanish/fabric_sfc/caliper-bench/node_modules/fabric-network/lib/impl/event/commitlistenersession.js:92:18)
    at EventListener.onEvent (/home/dhanish/fabric_sfc/caliper-bench/node_modules/fabric-common/lib/EventListener.js:124:10)
    at EventService._callTransactionListener (/home/dhanish/fabric_sfc/caliper-bench/node_modules/fabric-common/lib/EventService.js:1051:16)
    at EventService._processTxEvents (/home/dhanish/fabric_sfc/caliper-bench/node_modules/fabric-common/lib/EventService.js:1006:12)
    at ClientDuplexStreamImpl.<anonymous> (/home/dhanish/fabric_sfc/caliper-bench/node_modules/fabric-common/lib/EventService.js:481:12)
    at ClientDuplexStreamImpl.emit (node:events:517:28)
    at addChunk (node:internal/streams/readable:368:12)
    at readableAddChunk (node:internal/streams/readable:341:9) {
  transactionId: 'f091ba75937def2454c51ab60c8c719b390c9a68ec9eadaf0451f7b4f3d14b7e',
  transactionCode: 'MVCC_READ_CONFLICT'
}
2026-08-11T09:20:08.483Z - [33mwarn[39m: [TransactionEventHandler]: strategyFail: commit failure for transaction "42a57e422acfd8e7e3b9428d083008058a72bbe7240142e710e5d60d3c1ca692": TransactionError: Commit of transaction 42a57e422acfd8e7e3b9428d083008058a72bbe7240142e710e5d60d3c1ca692 failed on peer peer0.financiers.example.com:7051 with status MVCC_READ_CONFLICT
    at TransactionEventHandler.eventCallback (/home/dhanish/fabric_sfc/caliper-bench/node_modules/fabric-network/lib/impl/event/transactioneventhandler.js:111:31)
    at CommitListenerSession.notifyListener (/home/dhanish/fabric_sfc/caliper-bench/node_modules/fabric-network/lib/impl/event/commitlistenersession.js:101:18)
    at EventListener.callback (/home/dhanish/fabric_sfc/caliper-bench/node_modules/fabric-network/lib/impl/event/commitlistenersession.js:92:18)
    at EventListener.onEvent (/home/dhanish/fabric_sfc/caliper-bench/node_modules/fabric-common/lib/EventListener.js:124:10)
    at EventService._callTransactionListener (/home/dhanish/fabric_sfc/caliper-bench/node_modules/fabric-common/lib/EventService.js:1051:16)
    at EventService._processTxEvents (/home/dhanish/fabric_sfc/caliper-bench/node_modules/fabric-common/lib/EventService.js:1006:12)
    at ClientDuplexStreamImpl.<anonymous> (/home/dhanish/fabric_sfc/caliper-bench/node_modules/fabric-common/lib/EventService.js:481:12)
    at ClientDuplexStreamImpl.emit (node:events:517:28)
    at addChunk (node:internal/streams/readable:368:12)
    at readableAddChunk (node:internal/streams/readable:341:9) {
  transactionId: '42a57e422acfd8e7e3b9428d083008058a72bbe7240142e710e5d60d3c1ca692',
  transactionCode: 'MVCC_READ_CONFLICT'
}
2026.08.11-09:20:08.483[31m error[39m [caliper] [connectors/v2/FabricGateway] 	Failed to perform submit transaction [setFinancePolicyForFinancier] using arguments [,{"minAPR":0.08,"maxAPR":0.24,"baseAPR":0.14,"minTenorDays":7,"maxTenorDays":45,"tenor":21,"minLtvPct":55,"maxLtvPct":85,"ltv":72,"penaltyBasePct":0.4}],  with error: TransactionError: Commit of transaction 3a99293a0f87cc47b53a75d7057adfb05dff95aa525f3064522a8e89eff99c5b failed on peer peer0.financiers.example.com:7051 with status MVCC_READ_CONFLICT
    at TransactionEventHandler.eventCallback (/home/dhanish/fabric_sfc/caliper-bench/node_modules/fabric-network/lib/impl/event/transactioneventhandler.js:111:31)
    at CommitListenerSession.notifyListener (/home/dhanish/fabric_sfc/caliper-bench/node_modules/fabric-network/lib/impl/event/commitlistenersession.js:101:18)
    at EventListener.callback (/home/dhanish/fabric_sfc/caliper-bench/node_modules/fabric-network/lib/impl/event/commitlistenersession.js:92:18)
    at EventListener.onEvent (/home/dhanish/fabric_sfc/caliper-bench/node_modules/fabric-common/lib/EventListener.js:124:10)
    at EventService._callTransactionListener (/home/dhanish/fabric_sfc/caliper-bench/node_modules/fabric-common/lib/EventService.js:1051:16)
    at EventService._processTxEvents (/home/dhanish/fabric_sfc/caliper-bench/node_modules/fabric-common/lib/EventService.js:1006:12)
    at ClientDuplexStreamImpl.<anonymous> (/home/dhanish/fabric_sfc/caliper-bench/node_modules/fabric-common/lib/EventService.js:481:12)
    at ClientDuplexStreamImpl.emit (node:events:517:28)
    at addChunk (node:internal/streams/readable:368:12)
    at readableAddChunk (node:internal/streams/readable:341:9)
2026.08.11-09:20:08.483[31m error[39m [caliper] [connectors/v2/FabricGateway] 	Failed to perform submit transaction [setFinancePolicyForFinancier] using arguments [,{"minAPR":0.08,"maxAPR":0.24,"baseAPR":0.14,"minTenorDays":7,"maxTenorDays":45,"tenor":21,"minLtvPct":55,"maxLtvPct":85,"ltv":72,"penaltyBasePct":0.4}],  with error: TransactionError: Commit of transaction 9184e26f78411bc7983c147355df3f354b5647593e330b3d38e9ca7671bcfdad failed on peer peer0.financiers.example.com:7051 with status MVCC_READ_CONFLICT
    at TransactionEventHandler.eventCallback (/home/dhanish/fabric_sfc/caliper-bench/node_modules/fabric-network/lib/impl/event/transactioneventhandler.js:111:31)
    at CommitListenerSession.notifyListener (/home/dhanish/fabric_sfc/caliper-bench/node_modules/fabric-network/lib/impl/event/commitlistenersession.js:101:18)
    at EventListener.callback (/home/dhanish/fabric_sfc/caliper-bench/node_modules/fabric-network/lib/impl/event/commitlistenersession.js:92:18)
    at EventListener.onEvent (/home/dhanish/fabric_sfc/caliper-bench/node_modules/fabric-common/lib/EventListener.js:124:10)
    at EventService._callTransactionListener (/home/dhanish/fabric_sfc/caliper-bench/node_modules/fabric-common/lib/EventService.js:1051:16)
    at EventService._processTxEvents (/home/dhanish/fabric_sfc/caliper-bench/node_modules/fabric-common/lib/EventService.js:1006:12)
    at ClientDuplexStreamImpl.<anonymous> (/home/dhanish/fabric_sfc/caliper-bench/node_modules/fabric-common/lib/EventService.js:481:12)
    at ClientDuplexStreamImpl.emit (node:events:517:28)
    at addChunk (node:internal/streams/readable:368:12)
    at readableAddChunk (node:internal/streams/readable:341:9)
2026-08-11T09:20:08.483Z - [33mwarn[39m: [TransactionEventHandler]: strategyFail: commit failure for transaction "0b098f2b686f1d5d2f9a23a17de9b10d6ab0b01c1a646bcb3af595fc3d12098a": TransactionError: Commit of transaction 0b098f2b686f1d5d2f9a23a17de9b10d6ab0b01c1a646bcb3af595fc3d12098a failed on peer peer0.financiers.example.com:7051 with status MVCC_READ_CONFLICT
    at TransactionEventHandler.eventCallback (/home/dhanish/fabric_sfc/caliper-bench/node_modules/fabric-network/lib/impl/event/transactioneventhandler.js:111:31)
    at CommitListenerSession.notifyListener (/home/dhanish/fabric_sfc/caliper-bench/node_modules/fabric-network/lib/impl/event/commitlistenersession.js:101:18)
    at EventListener.callback (/home/dhanish/fabric_sfc/caliper-bench/node_modules/fabric-network/lib/impl/event/commitlistenersession.js:92:18)
    at EventListener.onEvent (/home/dhanish/fabric_sfc/caliper-bench/node_modules/fabric-common/lib/EventListener.js:124:10)
    at EventService._callTransactionListener (/home/dhanish/fabric_sfc/caliper-bench/node_modules/fabric-common/lib/EventService.js:1051:16)
    at EventService._processTxEvents (/home/dhanish/fabric_sfc/caliper-bench/node_modules/fabric-common/lib/EventService.js:1006:12)
    at ClientDuplexStreamImpl.<anonymous> (/home/dhanish/fabric_sfc/caliper-bench/node_modules/fabric-common/lib/EventService.js:481:12)
    at ClientDuplexStreamImpl.emit (node:events:517:28)
    at addChunk (node:internal/streams/readable:368:12)
    at readableAddChunk (node:internal/streams/readable:341:9) {
  transactionId: '0b098f2b686f1d5d2f9a23a17de9b10d6ab0b01c1a646bcb3af595fc3d12098a',
  transactionCode: 'MVCC_READ_CONFLICT'
}
2026.08.11-09:20:08.483[31m error[39m [caliper] [connectors/v2/FabricGateway] 	Failed to perform submit transaction [setFinancePolicyForFinancier] using arguments [,{"minAPR":0.08,"maxAPR":0.24,"baseAPR":0.14,"minTenorDays":7,"maxTenorDays":45,"tenor":21,"minLtvPct":55,"maxLtvPct":85,"ltv":72,"penaltyBasePct":0.4}],  with error: TransactionError: Commit of transaction 7a3981e7de78cb329142fc77e28681b8e4eecf96ee15b2e1dcf0a03fbbe09b9b failed on peer peer0.financiers.example.com:7051 with status MVCC_READ_CONFLICT
    at TransactionEventHandler.eventCallback (/home/dhanish/fabric_sfc/caliper-bench/node_modules/fabric-network/lib/impl/event/transactioneventhandler.js:111:31)
    at CommitListenerSession.notifyListener (/home/dhanish/fabric_sfc/caliper-bench/node_modules/fabric-network/lib/impl/event/commitlistenersession.js:101:18)
    at EventListener.callback (/home/dhanish/fabric_sfc/caliper-bench/node_modules/fabric-network/lib/impl/event/commitlistenersession.js:92:18)
    at EventListener.onEvent (/home/dhanish/fabric_sfc/caliper-bench/node_modules/fabric-common/lib/EventListener.js:124:10)
    at EventService._callTransactionListener (/home/dhanish/fabric_sfc/caliper-bench/node_modules/fabric-common/lib/EventService.js:1051:16)
    at EventService._processTxEvents (/home/dhanish/fabric_sfc/caliper-bench/node_modules/fabric-common/lib/EventService.js:1006:12)
    at ClientDuplexStreamImpl.<anonymous> (/home/dhanish/fabric_sfc/caliper-bench/node_modules/fabric-common/lib/EventService.js:481:12)
    at ClientDuplexStreamImpl.emit (node:events:517:28)
    at addChunk (node:internal/streams/readable:368:12)
    at readableAddChunk (node:internal/streams/readable:341:9)
2026.08.11-09:20:08.484[31m error[39m [caliper] [connectors/v2/FabricGateway] 	Failed to perform submit transaction [setFinancePolicyForFinancier] using arguments [,{"minAPR":0.08,"maxAPR":0.24,"baseAPR":0.14,"minTenorDays":7,"maxTenorDays":45,"tenor":21,"minLtvPct":55,"maxLtvPct":85,"ltv":72,"penaltyBasePct":0.4}],  with error: TransactionError: Commit of transaction f091ba75937def2454c51ab60c8c719b390c9a68ec9eadaf0451f7b4f3d14b7e failed on peer peer0.financiers.example.com:7051 with status MVCC_READ_CONFLICT
    at TransactionEventHandler.eventCallback (/home/dhanish/fabric_sfc/caliper-bench/node_modules/fabric-network/lib/impl/event/transactioneventhandler.js:111:31)
    at CommitListenerSession.notifyListener (/home/dhanish/fabric_sfc/caliper-bench/node_modules/fabric-network/lib/impl/event/commitlistenersession.js:101:18)
    at EventListener.callback (/home/dhanish/fabric_sfc/caliper-bench/node_modules/fabric-network/lib/impl/event/commitlistenersession.js:92:18)
    at EventListener.onEvent (/home/dhanish/fabric_sfc/caliper-bench/node_modules/fabric-common/lib/EventListener.js:124:10)
    at EventService._callTransactionListener (/home/dhanish/fabric_sfc/caliper-bench/node_modules/fabric-common/lib/EventService.js:1051:16)
    at EventService._processTxEvents (/home/dhanish/fabric_sfc/caliper-bench/node_modules/fabric-common/lib/EventService.js:1006:12)
    at ClientDuplexStreamImpl.<anonymous> (/home/dhanish/fabric_sfc/caliper-bench/node_modules/fabric-common/lib/EventService.js:481:12)
    at ClientDuplexStreamImpl.emit (node:events:517:28)
    at addChunk (node:internal/streams/readable:368:12)
    at readableAddChunk (node:internal/streams/readable:341:9)
2026.08.11-09:20:08.484[31m error[39m [caliper] [connectors/v2/FabricGateway] 	Failed to perform submit transaction [setFinancePolicyForFinancier] using arguments [,{"minAPR":0.08,"maxAPR":0.24,"baseAPR":0.14,"minTenorDays":7,"maxTenorDays":45,"tenor":21,"minLtvPct":55,"maxLtvPct":85,"ltv":72,"penaltyBasePct":0.4}],  with error: TransactionError: Commit of transaction 42a57e422acfd8e7e3b9428d083008058a72bbe7240142e710e5d60d3c1ca692 failed on peer peer0.financiers.example.com:7051 with status MVCC_READ_CONFLICT
    at TransactionEventHandler.eventCallback (/home/dhanish/fabric_sfc/caliper-bench/node_modules/fabric-network/lib/impl/event/transactioneventhandler.js:111:31)
    at CommitListenerSession.notifyListener (/home/dhanish/fabric_sfc/caliper-bench/node_modules/fabric-network/lib/impl/event/commitlistenersession.js:101:18)
    at EventListener.callback (/home/dhanish/fabric_sfc/caliper-bench/node_modules/fabric-network/lib/impl/event/commitlistenersession.js:92:18)
    at EventListener.onEvent (/home/dhanish/fabric_sfc/caliper-bench/node_modules/fabric-common/lib/EventListener.js:124:10)
    at EventService._callTransactionListener (/home/dhanish/fabric_sfc/caliper-bench/node_modules/fabric-common/lib/EventService.js:1051:16)
    at EventService._processTxEvents (/home/dhanish/fabric_sfc/caliper-bench/node_modules/fabric-common/lib/EventService.js:1006:12)
    at ClientDuplexStreamImpl.<anonymous> (/home/dhanish/fabric_sfc/caliper-bench/node_modules/fabric-common/lib/EventService.js:481:12)
    at ClientDuplexStreamImpl.emit (node:events:517:28)
    at addChunk (node:internal/streams/readable:368:12)
    at readableAddChunk (node:internal/streams/readable:341:9)
2026-08-11T09:20:08.484Z - [33mwarn[39m: [TransactionEventHandler]: strategyFail: commit failure for transaction "ebea8ee6ff973c1ea1957d514a0ed9a50f9d20adcd4bdaf90d5c83f0d8fd5470": TransactionError: Commit of transaction ebea8ee6ff973c1ea1957d514a0ed9a50f9d20adcd4bdaf90d5c83f0d8fd5470 failed on peer peer0.financiers.example.com:7051 with status MVCC_READ_CONFLICT
    at TransactionEventHandler.eventCallback (/home/dhanish/fabric_sfc/caliper-bench/node_modules/fabric-network/lib/impl/event/transactioneventhandler.js:111:31)
    at CommitListenerSession.notifyListener (/home/dhanish/fabric_sfc/caliper-bench/node_modules/fabric-network/lib/impl/event/commitlistenersession.js:101:18)
    at EventListener.callback (/home/dhanish/fabric_sfc/caliper-bench/node_modules/fabric-network/lib/impl/event/commitlistenersession.js:92:18)
    at EventListener.onEvent (/home/dhanish/fabric_sfc/caliper-bench/node_modules/fabric-common/lib/EventListener.js:124:10)
    at EventService._callTransactionListener (/home/dhanish/fabric_sfc/caliper-bench/node_modules/fabric-common/lib/EventService.js:1051:16)
    at EventService._processTxEvents (/home/dhanish/fabric_sfc/caliper-bench/node_modules/fabric-common/lib/EventService.js:1006:12)
    at ClientDuplexStreamImpl.<anonymous> (/home/dhanish/fabric_sfc/caliper-bench/node_modules/fabric-common/lib/EventService.js:481:12)
    at ClientDuplexStreamImpl.emit (node:events:517:28)
    at addChunk (node:internal/streams/readable:368:12)
    at readableAddChunk (node:internal/streams/readable:341:9) {
  transactionId: 'ebea8ee6ff973c1ea1957d514a0ed9a50f9d20adcd4bdaf90d5c83f0d8fd5470',
  transactionCode: 'MVCC_READ_CONFLICT'
}
2026-08-11T09:20:08.484Z - [33mwarn[39m: [TransactionEventHandler]: strategyFail: commit failure for transaction "67de900e1d607a9112dee5bebc9c687e3d0684ce3f9171e1e96dd413b8a06e5c": TransactionError: Commit of transaction 67de900e1d607a9112dee5bebc9c687e3d0684ce3f9171e1e96dd413b8a06e5c failed on peer peer0.financiers.example.com:7051 with status MVCC_READ_CONFLICT
    at TransactionEventHandler.eventCallback (/home/dhanish/fabric_sfc/caliper-bench/node_modules/fabric-network/lib/impl/event/transactioneventhandler.js:111:31)
    at CommitListenerSession.notifyListener (/home/dhanish/fabric_sfc/caliper-bench/node_modules/fabric-network/lib/impl/event/commitlistenersession.js:101:18)
    at EventListener.callback (/home/dhanish/fabric_sfc/caliper-bench/node_modules/fabric-network/lib/impl/event/commitlistenersession.js:92:18)
    at EventListener.onEvent (/home/dhanish/fabric_sfc/caliper-bench/node_modules/fabric-common/lib/EventListener.js:124:10)
    at EventService._callTransactionListener (/home/dhanish/fabric_sfc/caliper-bench/node_modules/fabric-common/lib/EventService.js:1051:16)
    at EventService._processTxEvents (/home/dhanish/fabric_sfc/caliper-bench/node_modules/fabric-common/lib/EventService.js:1006:12)
    at ClientDuplexStreamImpl.<anonymous> (/home/dhanish/fabric_sfc/caliper-bench/node_modules/fabric-common/lib/EventService.js:481:12)
    at ClientDuplexStreamImpl.emit (node:events:517:28)
    at addChunk (node:internal/streams/readable:368:12)
    at readableAddChunk (node:internal/streams/readable:341:9) {
  transactionId: '67de900e1d607a9112dee5bebc9c687e3d0684ce3f9171e1e96dd413b8a06e5c',
  transactionCode: 'MVCC_READ_CONFLICT'
}
2026.08.11-09:20:08.484[31m error[39m [caliper] [connectors/v2/FabricGateway] 	Failed to perform submit transaction [setFinancePolicyForFinancier] using arguments [,{"minAPR":0.08,"maxAPR":0.24,"baseAPR":0.14,"minTenorDays":7,"maxTenorDays":45,"tenor":21,"minLtvPct":55,"maxLtvPct":85,"ltv":72,"penaltyBasePct":0.4}],  with error: TransactionError: Commit of transaction ebea8ee6ff973c1ea1957d514a0ed9a50f9d20adcd4bdaf90d5c83f0d8fd5470 failed on peer peer0.financiers.example.com:7051 with status MVCC_READ_CONFLICT
    at TransactionEventHandler.eventCallback (/home/dhanish/fabric_sfc/caliper-bench/node_modules/fabric-network/lib/impl/event/transactioneventhandler.js:111:31)
    at CommitListenerSession.notifyListener (/home/dhanish/fabric_sfc/caliper-bench/node_modules/fabric-network/lib/impl/event/commitlistenersession.js:101:18)
    at EventListener.callback (/home/dhanish/fabric_sfc/caliper-bench/node_modules/fabric-network/lib/impl/event/commitlistenersession.js:92:18)
    at EventListener.onEvent (/home/dhanish/fabric_sfc/caliper-bench/node_modules/fabric-common/lib/EventListener.js:124:10)
    at EventService._callTransactionListener (/home/dhanish/fabric_sfc/caliper-bench/node_modules/fabric-common/lib/EventService.js:1051:16)
    at EventService._processTxEvents (/home/dhanish/fabric_sfc/caliper-bench/node_modules/fabric-common/lib/EventService.js:1006:12)
    at ClientDuplexStreamImpl.<anonymous> (/home/dhanish/fabric_sfc/caliper-bench/node_modules/fabric-common/lib/EventService.js:481:12)
    at ClientDuplexStreamImpl.emit (node:events:517:28)
    at addChunk (node:internal/streams/readable:368:12)
    at readableAddChunk (node:internal/streams/readable:341:9)
2026-08-11T09:20:08.484Z - [33mwarn[39m: [TransactionEventHandler]: strategyFail: commit failure for transaction "bb94b73b5d6566b31362de6b4adb55b3adeef96553790a5183c6167f2b5a1165": TransactionError: Commit of transaction bb94b73b5d6566b31362de6b4adb55b3adeef96553790a5183c6167f2b5a1165 failed on peer peer0.financiers.example.com:7051 with status MVCC_READ_CONFLICT
    at TransactionEventHandler.eventCallback (/home/dhanish/fabric_sfc/caliper-bench/node_modules/fabric-network/lib/impl/event/transactioneventhandler.js:111:31)
    at CommitListenerSession.notifyListener (/home/dhanish/fabric_sfc/caliper-bench/node_modules/fabric-network/lib/impl/event/commitlistenersession.js:101:18)
    at EventListener.callback (/home/dhanish/fabric_sfc/caliper-bench/node_modules/fabric-network/lib/impl/event/commitlistenersession.js:92:18)
    at EventListener.onEvent (/home/dhanish/fabric_sfc/caliper-bench/node_modules/fabric-common/lib/EventListener.js:124:10)
    at EventService._callTransactionListener (/home/dhanish/fabric_sfc/caliper-bench/node_modules/fabric-common/lib/EventService.js:1051:16)
    at EventService._processTxEvents (/home/dhanish/fabric_sfc/caliper-bench/node_modules/fabric-common/lib/EventService.js:1006:12)
    at ClientDuplexStreamImpl.<anonymous> (/home/dhanish/fabric_sfc/caliper-bench/node_modules/fabric-common/lib/EventService.js:481:12)
    at ClientDuplexStreamImpl.emit (node:events:517:28)
    at addChunk (node:internal/streams/readable:368:12)
    at readableAddChunk (node:internal/streams/readable:341:9) {
  transactionId: 'bb94b73b5d6566b31362de6b4adb55b3adeef96553790a5183c6167f2b5a1165',
  transactionCode: 'MVCC_READ_CONFLICT'
}
2026.08.11-09:20:08.484[31m error[39m [caliper] [connectors/v2/FabricGateway] 	Failed to perform submit transaction [setFinancePolicyForFinancier] using arguments [,{"minAPR":0.08,"maxAPR":0.24,"baseAPR":0.14,"minTenorDays":7,"maxTenorDays":45,"tenor":21,"minLtvPct":55,"maxLtvPct":85,"ltv":72,"penaltyBasePct":0.4}],  with error: TransactionError: Commit of transaction 0b098f2b686f1d5d2f9a23a17de9b10d6ab0b01c1a646bcb3af595fc3d12098a failed on peer peer0.financiers.example.com:7051 with status MVCC_READ_CONFLICT
    at TransactionEventHandler.eventCallback (/home/dhanish/fabric_sfc/caliper-bench/node_modules/fabric-network/lib/impl/event/transactioneventhandler.js:111:31)
    at CommitListenerSession.notifyListener (/home/dhanish/fabric_sfc/caliper-bench/node_modules/fabric-network/lib/impl/event/commitlistenersession.js:101:18)
    at EventListener.callback (/home/dhanish/fabric_sfc/caliper-bench/node_modules/fabric-network/lib/impl/event/commitlistenersession.js:92:18)
    at EventListener.onEvent (/home/dhanish/fabric_sfc/caliper-bench/node_modules/fabric-common/lib/EventListener.js:124:10)
    at EventService._callTransactionListener (/home/dhanish/fabric_sfc/caliper-bench/node_modules/fabric-common/lib/EventService.js:1051:16)
    at EventService._processTxEvents (/home/dhanish/fabric_sfc/caliper-bench/node_modules/fabric-common/lib/EventService.js:1006:12)
    at ClientDuplexStreamImpl.<anonymous> (/home/dhanish/fabric_sfc/caliper-bench/node_modules/fabric-common/lib/EventService.js:481:12)
    at ClientDuplexStreamImpl.emit (node:events:517:28)
    at addChunk (node:internal/streams/readable:368:12)
    at readableAddChunk (node:internal/streams/readable:341:9)
2026.08.11-09:20:08.484[31m error[39m [caliper] [connectors/v2/FabricGateway] 	Failed to perform submit transaction [setFinancePolicyForFinancier] using arguments [,{"minAPR":0.08,"maxAPR":0.24,"baseAPR":0.14,"minTenorDays":7,"maxTenorDays":45,"tenor":21,"minLtvPct":55,"maxLtvPct":85,"ltv":72,"penaltyBasePct":0.4}],  with error: TransactionError: Commit of transaction 67de900e1d607a9112dee5bebc9c687e3d0684ce3f9171e1e96dd413b8a06e5c failed on peer peer0.financiers.example.com:7051 with status MVCC_READ_CONFLICT
    at TransactionEventHandler.eventCallback (/home/dhanish/fabric_sfc/caliper-bench/node_modules/fabric-network/lib/impl/event/transactioneventhandler.js:111:31)
    at CommitListenerSession.notifyListener (/home/dhanish/fabric_sfc/caliper-bench/node_modules/fabric-network/lib/impl/event/commitlistenersession.js:101:18)
    at EventListener.callback (/home/dhanish/fabric_sfc/caliper-bench/node_modules/fabric-network/lib/impl/event/commitlistenersession.js:92:18)
    at EventListener.onEvent (/home/dhanish/fabric_sfc/caliper-bench/node_modules/fabric-common/lib/EventListener.js:124:10)
    at EventService._callTransactionListener (/home/dhanish/fabric_sfc/caliper-bench/node_modules/fabric-common/lib/EventService.js:1051:16)
    at EventService._processTxEvents (/home/dhanish/fabric_sfc/caliper-bench/node_modules/fabric-common/lib/EventService.js:1006:12)
    at ClientDuplexStreamImpl.<anonymous> (/home/dhanish/fabric_sfc/caliper-bench/node_modules/fabric-common/lib/EventService.js:481:12)
    at ClientDuplexStreamImpl.emit (node:events:517:28)
    at addChunk (node:internal/streams/readable:368:12)
    at readableAddChunk (node:internal/streams/readable:341:9)
2026.08.11-09:20:08.484[31m error[39m [caliper] [connectors/v2/FabricGateway] 	Failed to perform submit transaction [setFinancePolicyForFinancier] using arguments [,{"minAPR":0.08,"maxAPR":0.24,"baseAPR":0.14,"minTenorDays":7,"maxTenorDays":45,"tenor":21,"minLtvPct":55,"maxLtvPct":85,"ltv":72,"penaltyBasePct":0.4}],  with error: TransactionError: Commit of transaction bb94b73b5d6566b31362de6b4adb55b3adeef96553790a5183c6167f2b5a1165 failed on peer peer0.financiers.example.com:7051 with status MVCC_READ_CONFLICT
    at TransactionEventHandler.eventCallback (/home/dhanish/fabric_sfc/caliper-bench/node_modules/fabric-network/lib/impl/event/transactioneventhandler.js:111:31)
    at CommitListenerSession.notifyListener (/home/dhanish/fabric_sfc/caliper-bench/node_modules/fabric-network/lib/impl/event/commitlistenersession.js:101:18)
    at EventListener.callback (/home/dhanish/fabric_sfc/caliper-bench/node_modules/fabric-network/lib/impl/event/commitlistenersession.js:92:18)
    at EventListener.onEvent (/home/dhanish/fabric_sfc/caliper-bench/node_modules/fabric-common/lib/EventListener.js:124:10)
    at EventService._callTransactionListener (/home/dhanish/fabric_sfc/caliper-bench/node_modules/fabric-common/lib/EventService.js:1051:16)
    at EventService._processTxEvents (/home/dhanish/fabric_sfc/caliper-bench/node_modules/fabric-common/lib/EventService.js:1006:12)
    at ClientDuplexStreamImpl.<anonymous> (/home/dhanish/fabric_sfc/caliper-bench/node_modules/fabric-common/lib/EventService.js:481:12)
    at ClientDuplexStreamImpl.emit (node:events:517:28)
    at addChunk (node:internal/streams/readable:368:12)
    at readableAddChunk (node:internal/streams/readable:341:9)
2026-08-11T09:20:08.510Z - [33mwarn[39m: [TransactionEventHandler]: strategyFail: commit failure for transaction "df1144d4d6c7e1544365276cad922ba634c58bd806be2eb0b8e28b2b390df4b1": TransactionError: Commit of transaction df1144d4d6c7e1544365276cad922ba634c58bd806be2eb0b8e28b2b390df4b1 failed on peer peer0.financiers.example.com:7051 with status MVCC_READ_CONFLICT
    at TransactionEventHandler.eventCallback (/home/dhanish/fabric_sfc/caliper-bench/node_modules/fabric-network/lib/impl/event/transactioneventhandler.js:111:31)
    at CommitListenerSession.notifyListener (/home/dhanish/fabric_sfc/caliper-bench/node_modules/fabric-network/lib/impl/event/commitlistenersession.js:101:18)
    at EventListener.callback (/home/dhanish/fabric_sfc/caliper-bench/node_modules/fabric-network/lib/impl/event/commitlistenersession.js:92:18)
    at EventListener.onEvent (/home/dhanish/fabric_sfc/caliper-bench/node_modules/fabric-common/lib/EventListener.js:124:10)
    at EventService._callTransactionListener (/home/dhanish/fabric_sfc/caliper-bench/node_modules/fabric-common/lib/EventService.js:1051:16)
    at EventService._processTxEvents (/home/dhanish/fabric_sfc/caliper-bench/node_modules/fabric-common/lib/EventService.js:1006:12)
    at ClientDuplexStreamImpl.<anonymous> (/home/dhanish/fabric_sfc/caliper-bench/node_modules/fabric-common/lib/EventService.js:481:12)
    at ClientDuplexStreamImpl.emit (node:events:517:28)
    at addChunk (node:internal/streams/readable:368:12)
    at readableAddChunk (node:internal/streams/readable:341:9) {
  transactionId: 'df1144d4d6c7e1544365276cad922ba634c58bd806be2eb0b8e28b2b390df4b1',
  transactionCode: 'MVCC_READ_CONFLICT'
}
2026-08-11T09:20:08.511Z - [33mwarn[39m: [TransactionEventHandler]: strategyFail: commit failure for transaction "7e1e767f9b15e193ec14a0a6482ad44121a002474f0758ffe60675234b5e6803": TransactionError: Commit of transaction 7e1e767f9b15e193ec14a0a6482ad44121a002474f0758ffe60675234b5e6803 failed on peer peer0.financiers.example.com:7051 with status MVCC_READ_CONFLICT
    at TransactionEventHandler.eventCallback (/home/dhanish/fabric_sfc/caliper-bench/node_modules/fabric-network/lib/impl/event/transactioneventhandler.js:111:31)
    at CommitListenerSession.notifyListener (/home/dhanish/fabric_sfc/caliper-bench/node_modules/fabric-network/lib/impl/event/commitlistenersession.js:101:18)
    at EventListener.callback (/home/dhanish/fabric_sfc/caliper-bench/node_modules/fabric-network/lib/impl/event/commitlistenersession.js:92:18)
    at EventListener.onEvent (/home/dhanish/fabric_sfc/caliper-bench/node_modules/fabric-common/lib/EventListener.js:124:10)
    at EventService._callTransactionListener (/home/dhanish/fabric_sfc/caliper-bench/node_modules/fabric-common/lib/EventService.js:1051:16)
    at EventService._processTxEvents (/home/dhanish/fabric_sfc/caliper-bench/node_modules/fabric-common/lib/EventService.js:1006:12)
    at ClientDuplexStreamImpl.<anonymous> (/home/dhanish/fabric_sfc/caliper-bench/node_modules/fabric-common/lib/EventService.js:481:12)
    at ClientDuplexStreamImpl.emit (node:events:517:28)
    at addChunk (node:internal/streams/readable:368:12)
    at readableAddChunk (node:internal/streams/readable:341:9) {
  transactionId: '7e1e767f9b15e193ec14a0a6482ad44121a002474f0758ffe60675234b5e6803',
  transactionCode: 'MVCC_READ_CONFLICT'
}
2026-08-11T09:20:08.511Z - [33mwarn[39m: [TransactionEventHandler]: strategyFail: commit failure for transaction "e49c772aa58f0d477b3fb329ecf007bee0936883efffbd15df4ce251f7c6e5c7": TransactionError: Commit of transaction e49c772aa58f0d477b3fb329ecf007bee0936883efffbd15df4ce251f7c6e5c7 failed on peer peer0.financiers.example.com:7051 with status MVCC_READ_CONFLICT
    at TransactionEventHandler.eventCallback (/home/dhanish/fabric_sfc/caliper-bench/node_modules/fabric-network/lib/impl/event/transactioneventhandler.js:111:31)
    at CommitListenerSession.notifyListener (/home/dhanish/fabric_sfc/caliper-bench/node_modules/fabric-network/lib/impl/event/commitlistenersession.js:101:18)
    at EventListener.callback (/home/dhanish/fabric_sfc/caliper-bench/node_modules/fabric-network/lib/impl/event/commitlistenersession.js:92:18)
    at EventListener.onEvent (/home/dhanish/fabric_sfc/caliper-bench/node_modules/fabric-common/lib/EventListener.js:124:10)
    at EventService._callTransactionListener (/home/dhanish/fabric_sfc/caliper-bench/node_modules/fabric-common/lib/EventService.js:1051:16)
    at EventService._processTxEvents (/home/dhanish/fabric_sfc/caliper-bench/node_modules/fabric-common/lib/EventService.js:1006:12)
    at ClientDuplexStreamImpl.<anonymous> (/home/dhanish/fabric_sfc/caliper-bench/node_modules/fabric-common/lib/EventService.js:481:12)
    at ClientDuplexStreamImpl.emit (node:events:517:28)
    at addChunk (node:internal/streams/readable:368:12)
    at readableAddChunk (node:internal/streams/readable:341:9) {
  transactionId: 'e49c772aa58f0d477b3fb329ecf007bee0936883efffbd15df4ce251f7c6e5c7',
  transactionCode: 'MVCC_READ_CONFLICT'
}
2026-08-11T09:20:08.511Z - [33mwarn[39m: [TransactionEventHandler]: strategyFail: commit failure for transaction "37e9ee0a344615a0c0d50c70c943961015c7a58b7be04c2ec2b21964ab96bbaf": TransactionError: Commit of transaction 37e9ee0a344615a0c0d50c70c943961015c7a58b7be04c2ec2b21964ab96bbaf failed on peer peer0.financiers.example.com:7051 with status MVCC_READ_CONFLICT
    at TransactionEventHandler.eventCallback (/home/dhanish/fabric_sfc/caliper-bench/node_modules/fabric-network/lib/impl/event/transactioneventhandler.js:111:31)
    at CommitListenerSession.notifyListener (/home/dhanish/fabric_sfc/caliper-bench/node_modules/fabric-network/lib/impl/event/commitlistenersession.js:101:18)
    at EventListener.callback (/home/dhanish/fabric_sfc/caliper-bench/node_modules/fabric-network/lib/impl/event/commitlistenersession.js:92:18)
    at EventListener.onEvent (/home/dhanish/fabric_sfc/caliper-bench/node_modules/fabric-common/lib/EventListener.js:124:10)
    at EventService._callTransactionListener (/home/dhanish/fabric_sfc/caliper-bench/node_modules/fabric-common/lib/EventService.js:1051:16)
    at EventService._processTxEvents (/home/dhanish/fabric_sfc/caliper-bench/node_modules/fabric-common/lib/EventService.js:1006:12)
    at ClientDuplexStreamImpl.<anonymous> (/home/dhanish/fabric_sfc/caliper-bench/node_modules/fabric-common/lib/EventService.js:481:12)
    at ClientDuplexStreamImpl.emit (node:events:517:28)
    at addChunk (node:internal/streams/readable:368:12)
    at readableAddChunk (node:internal/streams/readable:341:9) {
  transactionId: '37e9ee0a344615a0c0d50c70c943961015c7a58b7be04c2ec2b21964ab96bbaf',
  transactionCode: 'MVCC_READ_CONFLICT'
}
2026-08-11T09:20:08.511Z - [33mwarn[39m: [TransactionEventHandler]: strategyFail: commit failure for transaction "d07576d95fb80f9ef42fe12ac7e05dc69fa69c7f073f81af3401d368cec94983": TransactionError: Commit of transaction d07576d95fb80f9ef42fe12ac7e05dc69fa69c7f073f81af3401d368cec94983 failed on peer peer0.financiers.example.com:7051 with status MVCC_READ_CONFLICT
    at TransactionEventHandler.eventCallback (/home/dhanish/fabric_sfc/caliper-bench/node_modules/fabric-network/lib/impl/event/transactioneventhandler.js:111:31)
    at CommitListenerSession.notifyListener (/home/dhanish/fabric_sfc/caliper-bench/node_modules/fabric-network/lib/impl/event/commitlistenersession.js:101:18)
    at EventListener.callback (/home/dhanish/fabric_sfc/caliper-bench/node_modules/fabric-network/lib/impl/event/commitlistenersession.js:92:18)
    at EventListener.onEvent (/home/dhanish/fabric_sfc/caliper-bench/node_modules/fabric-common/lib/EventListener.js:124:10)
    at EventService._callTransactionListener (/home/dhanish/fabric_sfc/caliper-bench/node_modules/fabric-common/lib/EventService.js:1051:16)
    at EventService._processTxEvents (/home/dhanish/fabric_sfc/caliper-bench/node_modules/fabric-common/lib/EventService.js:1006:12)
    at ClientDuplexStreamImpl.<anonymous> (/home/dhanish/fabric_sfc/caliper-bench/node_modules/fabric-common/lib/EventService.js:481:12)
    at ClientDuplexStreamImpl.emit (node:events:517:28)
    at addChunk (node:internal/streams/readable:368:12)
    at readableAddChunk (node:internal/streams/readable:341:9) {
  transactionId: 'd07576d95fb80f9ef42fe12ac7e05dc69fa69c7f073f81af3401d368cec94983',
  transactionCode: 'MVCC_READ_CONFLICT'
}
2026-08-11T09:20:08.511Z - [33mwarn[39m: [TransactionEventHandler]: strategyFail: commit failure for transaction "0757d7740293972e7c6c02fe936d551e5db0f7a919843b0fdb3192a8ac4dc0b1": TransactionError: Commit of transaction 0757d7740293972e7c6c02fe936d551e5db0f7a919843b0fdb3192a8ac4dc0b1 failed on peer peer0.financiers.example.com:7051 with status MVCC_READ_CONFLICT
    at TransactionEventHandler.eventCallback (/home/dhanish/fabric_sfc/caliper-bench/node_modules/fabric-network/lib/impl/event/transactioneventhandler.js:111:31)
    at CommitListenerSession.notifyListener (/home/dhanish/fabric_sfc/caliper-bench/node_modules/fabric-network/lib/impl/event/commitlistenersession.js:101:18)
    at EventListener.callback (/home/dhanish/fabric_sfc/caliper-bench/node_modules/fabric-network/lib/impl/event/commitlistenersession.js:92:18)
    at EventListener.onEvent (/home/dhanish/fabric_sfc/caliper-bench/node_modules/fabric-common/lib/EventListener.js:124:10)
    at EventService._callTransactionListener (/home/dhanish/fabric_sfc/caliper-bench/node_modules/fabric-common/lib/EventService.js:1051:16)
    at EventService._processTxEvents (/home/dhanish/fabric_sfc/caliper-bench/node_modules/fabric-common/lib/EventService.js:1006:12)
    at ClientDuplexStreamImpl.<anonymous> (/home/dhanish/fabric_sfc/caliper-bench/node_modules/fabric-common/lib/EventService.js:481:12)
    at ClientDuplexStreamImpl.emit (node:events:517:28)
    at addChunk (node:internal/streams/readable:368:12)
    at readableAddChunk (node:internal/streams/readable:341:9) {
  transactionId: '0757d7740293972e7c6c02fe936d551e5db0f7a919843b0fdb3192a8ac4dc0b1',
  transactionCode: 'MVCC_READ_CONFLICT'
}
2026-08-11T09:20:08.511Z - [33mwarn[39m: [TransactionEventHandler]: strategyFail: commit failure for transaction "f3d5ab8da252b3d5a9db1754893da8cf125ec4771cb6d6ac94d33e2decfd430e": TransactionError: Commit of transaction f3d5ab8da252b3d5a9db1754893da8cf125ec4771cb6d6ac94d33e2decfd430e failed on peer peer0.financiers.example.com:7051 with status MVCC_READ_CONFLICT
    at TransactionEventHandler.eventCallback (/home/dhanish/fabric_sfc/caliper-bench/node_modules/fabric-network/lib/impl/event/transactioneventhandler.js:111:31)
    at CommitListenerSession.notifyListener (/home/dhanish/fabric_sfc/caliper-bench/node_modules/fabric-network/lib/impl/event/commitlistenersession.js:101:18)
    at EventListener.callback (/home/dhanish/fabric_sfc/caliper-bench/node_modules/fabric-network/lib/impl/event/commitlistenersession.js:92:18)
    at EventListener.onEvent (/home/dhanish/fabric_sfc/caliper-bench/node_modules/fabric-common/lib/EventListener.js:124:10)
    at EventService._callTransactionListener (/home/dhanish/fabric_sfc/caliper-bench/node_modules/fabric-common/lib/EventService.js:1051:16)
    at EventService._processTxEvents (/home/dhanish/fabric_sfc/caliper-bench/node_modules/fabric-common/lib/EventService.js:1006:12)
    at ClientDuplexStreamImpl.<anonymous> (/home/dhanish/fabric_sfc/caliper-bench/node_modules/fabric-common/lib/EventService.js:481:12)
    at ClientDuplexStreamImpl.emit (node:events:517:28)
    at addChunk (node:internal/streams/readable:368:12)
    at readableAddChunk (node:internal/streams/readable:341:9) {
  transactionId: 'f3d5ab8da252b3d5a9db1754893da8cf125ec4771cb6d6ac94d33e2decfd430e',
  transactionCode: 'MVCC_READ_CONFLICT'
}
2026.08.11-09:20:08.511[31m error[39m [caliper] [connectors/v2/FabricGateway] 	Failed to perform submit transaction [setFinancePolicyForFinancier] using arguments [,{"minAPR":0.08,"maxAPR":0.24,"baseAPR":0.14,"minTenorDays":7,"maxTenorDays":45,"tenor":21,"minLtvPct":55,"maxLtvPct":85,"ltv":72,"penaltyBasePct":0.4}],  with error: TransactionError: Commit of transaction 7e1e767f9b15e193ec14a0a6482ad44121a002474f0758ffe60675234b5e6803 failed on peer peer0.financiers.example.com:7051 with status MVCC_READ_CONFLICT
    at TransactionEventHandler.eventCallback (/home/dhanish/fabric_sfc/caliper-bench/node_modules/fabric-network/lib/impl/event/transactioneventhandler.js:111:31)
    at CommitListenerSession.notifyListener (/home/dhanish/fabric_sfc/caliper-bench/node_modules/fabric-network/lib/impl/event/commitlistenersession.js:101:18)
    at EventListener.callback (/home/dhanish/fabric_sfc/caliper-bench/node_modules/fabric-network/lib/impl/event/commitlistenersession.js:92:18)
    at EventListener.onEvent (/home/dhanish/fabric_sfc/caliper-bench/node_modules/fabric-common/lib/EventListener.js:124:10)
    at EventService._callTransactionListener (/home/dhanish/fabric_sfc/caliper-bench/node_modules/fabric-common/lib/EventService.js:1051:16)
    at EventService._processTxEvents (/home/dhanish/fabric_sfc/caliper-bench/node_modules/fabric-common/lib/EventService.js:1006:12)
    at ClientDuplexStreamImpl.<anonymous> (/home/dhanish/fabric_sfc/caliper-bench/node_modules/fabric-common/lib/EventService.js:481:12)
    at ClientDuplexStreamImpl.emit (node:events:517:28)
    at addChunk (node:internal/streams/readable:368:12)
    at readableAddChunk (node:internal/streams/readable:341:9)
2026.08.11-09:20:08.511[31m error[39m [caliper] [connectors/v2/FabricGateway] 	Failed to perform submit transaction [setFinancePolicyForFinancier] using arguments [,{"minAPR":0.08,"maxAPR":0.24,"baseAPR":0.14,"minTenorDays":7,"maxTenorDays":45,"tenor":21,"minLtvPct":55,"maxLtvPct":85,"ltv":72,"penaltyBasePct":0.4}],  with error: TransactionError: Commit of transaction 37e9ee0a344615a0c0d50c70c943961015c7a58b7be04c2ec2b21964ab96bbaf failed on peer peer0.financiers.example.com:7051 with status MVCC_READ_CONFLICT
    at TransactionEventHandler.eventCallback (/home/dhanish/fabric_sfc/caliper-bench/node_modules/fabric-network/lib/impl/event/transactioneventhandler.js:111:31)
    at CommitListenerSession.notifyListener (/home/dhanish/fabric_sfc/caliper-bench/node_modules/fabric-network/lib/impl/event/commitlistenersession.js:101:18)
    at EventListener.callback (/home/dhanish/fabric_sfc/caliper-bench/node_modules/fabric-network/lib/impl/event/commitlistenersession.js:92:18)
    at EventListener.onEvent (/home/dhanish/fabric_sfc/caliper-bench/node_modules/fabric-common/lib/EventListener.js:124:10)
    at EventService._callTransactionListener (/home/dhanish/fabric_sfc/caliper-bench/node_modules/fabric-common/lib/EventService.js:1051:16)
    at EventService._processTxEvents (/home/dhanish/fabric_sfc/caliper-bench/node_modules/fabric-common/lib/EventService.js:1006:12)
    at ClientDuplexStreamImpl.<anonymous> (/home/dhanish/fabric_sfc/caliper-bench/node_modules/fabric-common/lib/EventService.js:481:12)
    at ClientDuplexStreamImpl.emit (node:events:517:28)
    at addChunk (node:internal/streams/readable:368:12)
    at readableAddChunk (node:internal/streams/readable:341:9)
2026.08.11-09:20:08.511[31m error[39m [caliper] [connectors/v2/FabricGateway] 	Failed to perform submit transaction [setFinancePolicyForFinancier] using arguments [,{"minAPR":0.08,"maxAPR":0.24,"baseAPR":0.14,"minTenorDays":7,"maxTenorDays":45,"tenor":21,"minLtvPct":55,"maxLtvPct":85,"ltv":72,"penaltyBasePct":0.4}],  with error: TransactionError: Commit of transaction 0757d7740293972e7c6c02fe936d551e5db0f7a919843b0fdb3192a8ac4dc0b1 failed on peer peer0.financiers.example.com:7051 with status MVCC_READ_CONFLICT
    at TransactionEventHandler.eventCallback (/home/dhanish/fabric_sfc/caliper-bench/node_modules/fabric-network/lib/impl/event/transactioneventhandler.js:111:31)
    at CommitListenerSession.notifyListener (/home/dhanish/fabric_sfc/caliper-bench/node_modules/fabric-network/lib/impl/event/commitlistenersession.js:101:18)
    at EventListener.callback (/home/dhanish/fabric_sfc/caliper-bench/node_modules/fabric-network/lib/impl/event/commitlistenersession.js:92:18)
    at EventListener.onEvent (/home/dhanish/fabric_sfc/caliper-bench/node_modules/fabric-common/lib/EventListener.js:124:10)
    at EventService._callTransactionListener (/home/dhanish/fabric_sfc/caliper-bench/node_modules/fabric-common/lib/EventService.js:1051:16)
    at EventService._processTxEvents (/home/dhanish/fabric_sfc/caliper-bench/node_modules/fabric-common/lib/EventService.js:1006:12)
    at ClientDuplexStreamImpl.<anonymous> (/home/dhanish/fabric_sfc/caliper-bench/node_modules/fabric-common/lib/EventService.js:481:12)
    at ClientDuplexStreamImpl.emit (node:events:517:28)
    at addChunk (node:internal/streams/readable:368:12)
    at readableAddChunk (node:internal/streams/readable:341:9)
2026.08.11-09:20:08.511[31m error[39m [caliper] [connectors/v2/FabricGateway] 	Failed to perform submit transaction [setFinancePolicyForFinancier] using arguments [,{"minAPR":0.08,"maxAPR":0.24,"baseAPR":0.14,"minTenorDays":7,"maxTenorDays":45,"tenor":21,"minLtvPct":55,"maxLtvPct":85,"ltv":72,"penaltyBasePct":0.4}],  with error: TransactionError: Commit of transaction df1144d4d6c7e1544365276cad922ba634c58bd806be2eb0b8e28b2b390df4b1 failed on peer peer0.financiers.example.com:7051 with status MVCC_READ_CONFLICT
    at TransactionEventHandler.eventCallback (/home/dhanish/fabric_sfc/caliper-bench/node_modules/fabric-network/lib/impl/event/transactioneventhandler.js:111:31)
    at CommitListenerSession.notifyListener (/home/dhanish/fabric_sfc/caliper-bench/node_modules/fabric-network/lib/impl/event/commitlistenersession.js:101:18)
    at EventListener.callback (/home/dhanish/fabric_sfc/caliper-bench/node_modules/fabric-network/lib/impl/event/commitlistenersession.js:92:18)
    at EventListener.onEvent (/home/dhanish/fabric_sfc/caliper-bench/node_modules/fabric-common/lib/EventListener.js:124:10)
    at EventService._callTransactionListener (/home/dhanish/fabric_sfc/caliper-bench/node_modules/fabric-common/lib/EventService.js:1051:16)
    at EventService._processTxEvents (/home/dhanish/fabric_sfc/caliper-bench/node_modules/fabric-common/lib/EventService.js:1006:12)
    at ClientDuplexStreamImpl.<anonymous> (/home/dhanish/fabric_sfc/caliper-bench/node_modules/fabric-common/lib/EventService.js:481:12)
    at ClientDuplexStreamImpl.emit (node:events:517:28)
    at addChunk (node:internal/streams/readable:368:12)
    at readableAddChunk (node:internal/streams/readable:341:9)
2026.08.11-09:20:08.511[31m error[39m [caliper] [connectors/v2/FabricGateway] 	Failed to perform submit transaction [setFinancePolicyForFinancier] using arguments [,{"minAPR":0.08,"maxAPR":0.24,"baseAPR":0.14,"minTenorDays":7,"maxTenorDays":45,"tenor":21,"minLtvPct":55,"maxLtvPct":85,"ltv":72,"penaltyBasePct":0.4}],  with error: TransactionError: Commit of transaction e49c772aa58f0d477b3fb329ecf007bee0936883efffbd15df4ce251f7c6e5c7 failed on peer peer0.financiers.example.com:7051 with status MVCC_READ_CONFLICT
    at TransactionEventHandler.eventCallback (/home/dhanish/fabric_sfc/caliper-bench/node_modules/fabric-network/lib/impl/event/transactioneventhandler.js:111:31)
    at CommitListenerSession.notifyListener (/home/dhanish/fabric_sfc/caliper-bench/node_modules/fabric-network/lib/impl/event/commitlistenersession.js:101:18)
    at EventListener.callback (/home/dhanish/fabric_sfc/caliper-bench/node_modules/fabric-network/lib/impl/event/commitlistenersession.js:92:18)
    at EventListener.onEvent (/home/dhanish/fabric_sfc/caliper-bench/node_modules/fabric-common/lib/EventListener.js:124:10)
    at EventService._callTransactionListener (/home/dhanish/fabric_sfc/caliper-bench/node_modules/fabric-common/lib/EventService.js:1051:16)
    at EventService._processTxEvents (/home/dhanish/fabric_sfc/caliper-bench/node_modules/fabric-common/lib/EventService.js:1006:12)
    at ClientDuplexStreamImpl.<anonymous> (/home/dhanish/fabric_sfc/caliper-bench/node_modules/fabric-common/lib/EventService.js:481:12)
    at ClientDuplexStreamImpl.emit (node:events:517:28)
    at addChunk (node:internal/streams/readable:368:12)
    at readableAddChunk (node:internal/streams/readable:341:9)
2026.08.11-09:20:08.512[31m error[39m [caliper] [connectors/v2/FabricGateway] 	Failed to perform submit transaction [setFinancePolicyForFinancier] using arguments [,{"minAPR":0.08,"maxAPR":0.24,"baseAPR":0.14,"minTenorDays":7,"maxTenorDays":45,"tenor":21,"minLtvPct":55,"maxLtvPct":85,"ltv":72,"penaltyBasePct":0.4}],  with error: TransactionError: Commit of transaction d07576d95fb80f9ef42fe12ac7e05dc69fa69c7f073f81af3401d368cec94983 failed on peer peer0.financiers.example.com:7051 with status MVCC_READ_CONFLICT
    at TransactionEventHandler.eventCallback (/home/dhanish/fabric_sfc/caliper-bench/node_modules/fabric-network/lib/impl/event/transactioneventhandler.js:111:31)
    at CommitListenerSession.notifyListener (/home/dhanish/fabric_sfc/caliper-bench/node_modules/fabric-network/lib/impl/event/commitlistenersession.js:101:18)
    at EventListener.callback (/home/dhanish/fabric_sfc/caliper-bench/node_modules/fabric-network/lib/impl/event/commitlistenersession.js:92:18)
    at EventListener.onEvent (/home/dhanish/fabric_sfc/caliper-bench/node_modules/fabric-common/lib/EventListener.js:124:10)
    at EventService._callTransactionListener (/home/dhanish/fabric_sfc/caliper-bench/node_modules/fabric-common/lib/EventService.js:1051:16)
    at EventService._processTxEvents (/home/dhanish/fabric_sfc/caliper-bench/node_modules/fabric-common/lib/EventService.js:1006:12)
    at ClientDuplexStreamImpl.<anonymous> (/home/dhanish/fabric_sfc/caliper-bench/node_modules/fabric-common/lib/EventService.js:481:12)
    at ClientDuplexStreamImpl.emit (node:events:517:28)
    at addChunk (node:internal/streams/readable:368:12)
    at readableAddChunk (node:internal/streams/readable:341:9)
2026-08-11T09:20:08.512Z - [33mwarn[39m: [TransactionEventHandler]: strategyFail: commit failure for transaction "e3d29bf2c4a1e2d1d7f07a0de485b4dfb24beacee0adaceabccdfd45b7341f5b": TransactionError: Commit of transaction e3d29bf2c4a1e2d1d7f07a0de485b4dfb24beacee0adaceabccdfd45b7341f5b failed on peer peer0.financiers.example.com:7051 with status MVCC_READ_CONFLICT
    at TransactionEventHandler.eventCallback (/home/dhanish/fabric_sfc/caliper-bench/node_modules/fabric-network/lib/impl/event/transactioneventhandler.js:111:31)
    at CommitListenerSession.notifyListener (/home/dhanish/fabric_sfc/caliper-bench/node_modules/fabric-network/lib/impl/event/commitlistenersession.js:101:18)
    at EventListener.callback (/home/dhanish/fabric_sfc/caliper-bench/node_modules/fabric-network/lib/impl/event/commitlistenersession.js:92:18)
    at EventListener.onEvent (/home/dhanish/fabric_sfc/caliper-bench/node_modules/fabric-common/lib/EventListener.js:124:10)
    at EventService._callTransactionListener (/home/dhanish/fabric_sfc/caliper-bench/node_modules/fabric-common/lib/EventService.js:1051:16)
    at EventService._processTxEvents (/home/dhanish/fabric_sfc/caliper-bench/node_modules/fabric-common/lib/EventService.js:1006:12)
    at ClientDuplexStreamImpl.<anonymous> (/home/dhanish/fabric_sfc/caliper-bench/node_modules/fabric-common/lib/EventService.js:481:12)
    at ClientDuplexStreamImpl.emit (node:events:517:28)
    at addChunk (node:internal/streams/readable:368:12)
    at readableAddChunk (node:internal/streams/readable:341:9) {
  transactionId: 'e3d29bf2c4a1e2d1d7f07a0de485b4dfb24beacee0adaceabccdfd45b7341f5b',
  transactionCode: 'MVCC_READ_CONFLICT'
}
2026.08.11-09:20:08.512[31m error[39m [caliper] [connectors/v2/FabricGateway] 	Failed to perform submit transaction [setFinancePolicyForFinancier] using arguments [,{"minAPR":0.08,"maxAPR":0.24,"baseAPR":0.14,"minTenorDays":7,"maxTenorDays":45,"tenor":21,"minLtvPct":55,"maxLtvPct":85,"ltv":72,"penaltyBasePct":0.4}],  with error: TransactionError: Commit of transaction f3d5ab8da252b3d5a9db1754893da8cf125ec4771cb6d6ac94d33e2decfd430e failed on peer peer0.financiers.example.com:7051 with status MVCC_READ_CONFLICT
    at TransactionEventHandler.eventCallback (/home/dhanish/fabric_sfc/caliper-bench/node_modules/fabric-network/lib/impl/event/transactioneventhandler.js:111:31)
    at CommitListenerSession.notifyListener (/home/dhanish/fabric_sfc/caliper-bench/node_modules/fabric-network/lib/impl/event/commitlistenersession.js:101:18)
    at EventListener.callback (/home/dhanish/fabric_sfc/caliper-bench/node_modules/fabric-network/lib/impl/event/commitlistenersession.js:92:18)
    at EventListener.onEvent (/home/dhanish/fabric_sfc/caliper-bench/node_modules/fabric-common/lib/EventListener.js:124:10)
    at EventService._callTransactionListener (/home/dhanish/fabric_sfc/caliper-bench/node_modules/fabric-common/lib/EventService.js:1051:16)
    at EventService._processTxEvents (/home/dhanish/fabric_sfc/caliper-bench/node_modules/fabric-common/lib/EventService.js:1006:12)
    at ClientDuplexStreamImpl.<anonymous> (/home/dhanish/fabric_sfc/caliper-bench/node_modules/fabric-common/lib/EventService.js:481:12)
    at ClientDuplexStreamImpl.emit (node:events:517:28)
    at addChunk (node:internal/streams/readable:368:12)
    at readableAddChunk (node:internal/streams/readable:341:9)
2026.08.11-09:20:08.512[31m error[39m [caliper] [connectors/v2/FabricGateway] 	Failed to perform submit transaction [setFinancePolicyForFinancier] using arguments [,{"minAPR":0.08,"maxAPR":0.24,"baseAPR":0.14,"minTenorDays":7,"maxTenorDays":45,"tenor":21,"minLtvPct":55,"maxLtvPct":85,"ltv":72,"penaltyBasePct":0.4}],  with error: TransactionError: Commit of transaction e3d29bf2c4a1e2d1d7f07a0de485b4dfb24beacee0adaceabccdfd45b7341f5b failed on peer peer0.financiers.example.com:7051 with status MVCC_READ_CONFLICT
    at TransactionEventHandler.eventCallback (/home/dhanish/fabric_sfc/caliper-bench/node_modules/fabric-network/lib/impl/event/transactioneventhandler.js:111:31)
    at CommitListenerSession.notifyListener (/home/dhanish/fabric_sfc/caliper-bench/node_modules/fabric-network/lib/impl/event/commitlistenersession.js:101:18)
    at EventListener.callback (/home/dhanish/fabric_sfc/caliper-bench/node_modules/fabric-network/lib/impl/event/commitlistenersession.js:92:18)
    at EventListener.onEvent (/home/dhanish/fabric_sfc/caliper-bench/node_modules/fabric-common/lib/EventListener.js:124:10)
    at EventService._callTransactionListener (/home/dhanish/fabric_sfc/caliper-bench/node_modules/fabric-common/lib/EventService.js:1051:16)
    at EventService._processTxEvents (/home/dhanish/fabric_sfc/caliper-bench/node_modules/fabric-common/lib/EventService.js:1006:12)
    at ClientDuplexStreamImpl.<anonymous> (/home/dhanish/fabric_sfc/caliper-bench/node_modules/fabric-common/lib/EventService.js:481:12)
    at ClientDuplexStreamImpl.emit (node:events:517:28)
    at addChunk (node:internal/streams/readable:368:12)
    at readableAddChunk (node:internal/streams/readable:341:9)
2026-08-11T09:20:08.538Z - [33mwarn[39m: [TransactionEventHandler]: strategyFail: commit failure for transaction "d594fb891a3b1bd96f7f048628eff0aaf01f3766bfdd9255c96373dfcb193454": TransactionError: Commit of transaction d594fb891a3b1bd96f7f048628eff0aaf01f3766bfdd9255c96373dfcb193454 failed on peer peer0.financiers.example.com:7051 with status MVCC_READ_CONFLICT
    at TransactionEventHandler.eventCallback (/home/dhanish/fabric_sfc/caliper-bench/node_modules/fabric-network/lib/impl/event/transactioneventhandler.js:111:31)
    at CommitListenerSession.notifyListener (/home/dhanish/fabric_sfc/caliper-bench/node_modules/fabric-network/lib/impl/event/commitlistenersession.js:101:18)
    at EventListener.callback (/home/dhanish/fabric_sfc/caliper-bench/node_modules/fabric-network/lib/impl/event/commitlistenersession.js:92:18)
    at EventListener.onEvent (/home/dhanish/fabric_sfc/caliper-bench/node_modules/fabric-common/lib/EventListener.js:124:10)
    at EventService._callTransactionListener (/home/dhanish/fabric_sfc/caliper-bench/node_modules/fabric-common/lib/EventService.js:1051:16)
    at EventService._processTxEvents (/home/dhanish/fabric_sfc/caliper-bench/node_modules/fabric-common/lib/EventService.js:1006:12)
    at ClientDuplexStreamImpl.<anonymous> (/home/dhanish/fabric_sfc/caliper-bench/node_modules/fabric-common/lib/EventService.js:481:12)
    at ClientDuplexStreamImpl.emit (node:events:517:28)
    at addChunk (node:internal/streams/readable:368:12)
    at readableAddChunk (node:internal/streams/readable:341:9) {
  transactionId: 'd594fb891a3b1bd96f7f048628eff0aaf01f3766bfdd9255c96373dfcb193454',
  transactionCode: 'MVCC_READ_CONFLICT'
}
2026-08-11T09:20:08.538Z - [33mwarn[39m: [TransactionEventHandler]: strategyFail: commit failure for transaction "b94805057e3bb7e976e8a54ca44dfa8f529478debeb2a3ecfa2bfb45492017d0": TransactionError: Commit of transaction b94805057e3bb7e976e8a54ca44dfa8f529478debeb2a3ecfa2bfb45492017d0 failed on peer peer0.financiers.example.com:7051 with status MVCC_READ_CONFLICT
    at TransactionEventHandler.eventCallback (/home/dhanish/fabric_sfc/caliper-bench/node_modules/fabric-network/lib/impl/event/transactioneventhandler.js:111:31)
    at CommitListenerSession.notifyListener (/home/dhanish/fabric_sfc/caliper-bench/node_modules/fabric-network/lib/impl/event/commitlistenersession.js:101:18)
    at EventListener.callback (/home/dhanish/fabric_sfc/caliper-bench/node_modules/fabric-network/lib/impl/event/commitlistenersession.js:92:18)
    at EventListener.onEvent (/home/dhanish/fabric_sfc/caliper-bench/node_modules/fabric-common/lib/EventListener.js:124:10)
    at EventService._callTransactionListener (/home/dhanish/fabric_sfc/caliper-bench/node_modules/fabric-common/lib/EventService.js:1051:16)
    at EventService._processTxEvents (/home/dhanish/fabric_sfc/caliper-bench/node_modules/fabric-common/lib/EventService.js:1006:12)
    at ClientDuplexStreamImpl.<anonymous> (/home/dhanish/fabric_sfc/caliper-bench/node_modules/fabric-common/lib/EventService.js:481:12)
    at ClientDuplexStreamImpl.emit (node:events:517:28)
    at addChunk (node:internal/streams/readable:368:12)
    at readableAddChunk (node:internal/streams/readable:341:9) {
  transactionId: 'b94805057e3bb7e976e8a54ca44dfa8f529478debeb2a3ecfa2bfb45492017d0',
  transactionCode: 'MVCC_READ_CONFLICT'
}
2026-08-11T09:20:08.538Z - [33mwarn[39m: [TransactionEventHandler]: strategyFail: commit failure for transaction "fa494e701fa91afdf011d83a102fda8c37537b5f455a7931715b59983e6883f5": TransactionError: Commit of transaction fa494e701fa91afdf011d83a102fda8c37537b5f455a7931715b59983e6883f5 failed on peer peer0.financiers.example.com:7051 with status MVCC_READ_CONFLICT
    at TransactionEventHandler.eventCallback (/home/dhanish/fabric_sfc/caliper-bench/node_modules/fabric-network/lib/impl/event/transactioneventhandler.js:111:31)
    at CommitListenerSession.notifyListener (/home/dhanish/fabric_sfc/caliper-bench/node_modules/fabric-network/lib/impl/event/commitlistenersession.js:101:18)
    at EventListener.callback (/home/dhanish/fabric_sfc/caliper-bench/node_modules/fabric-network/lib/impl/event/commitlistenersession.js:92:18)
    at EventListener.onEvent (/home/dhanish/fabric_sfc/caliper-bench/node_modules/fabric-common/lib/EventListener.js:124:10)
    at EventService._callTransactionListener (/home/dhanish/fabric_sfc/caliper-bench/node_modules/fabric-common/lib/EventService.js:1051:16)
    at EventService._processTxEvents (/home/dhanish/fabric_sfc/caliper-bench/node_modules/fabric-common/lib/EventService.js:1006:12)
    at ClientDuplexStreamImpl.<anonymous> (/home/dhanish/fabric_sfc/caliper-bench/node_modules/fabric-common/lib/EventService.js:481:12)
    at ClientDuplexStreamImpl.emit (node:events:517:28)
    at addChunk (node:internal/streams/readable:368:12)
    at readableAddChunk (node:internal/streams/readable:341:9) {
  transactionId: 'fa494e701fa91afdf011d83a102fda8c37537b5f455a7931715b59983e6883f5',
  transactionCode: 'MVCC_READ_CONFLICT'
}
2026.08.11-09:20:08.539[31m error[39m [caliper] [connectors/v2/FabricGateway] 	Failed to perform submit transaction [setFinancePolicyForFinancier] using arguments [,{"minAPR":0.08,"maxAPR":0.24,"baseAPR":0.14,"minTenorDays":7,"maxTenorDays":45,"tenor":21,"minLtvPct":55,"maxLtvPct":85,"ltv":72,"penaltyBasePct":0.4}],  with error: TransactionError: Commit of transaction b94805057e3bb7e976e8a54ca44dfa8f529478debeb2a3ecfa2bfb45492017d0 failed on peer peer0.financiers.example.com:7051 with status MVCC_READ_CONFLICT
    at TransactionEventHandler.eventCallback (/home/dhanish/fabric_sfc/caliper-bench/node_modules/fabric-network/lib/impl/event/transactioneventhandler.js:111:31)
    at CommitListenerSession.notifyListener (/home/dhanish/fabric_sfc/caliper-bench/node_modules/fabric-network/lib/impl/event/commitlistenersession.js:101:18)
    at EventListener.callback (/home/dhanish/fabric_sfc/caliper-bench/node_modules/fabric-network/lib/impl/event/commitlistenersession.js:92:18)
    at EventListener.onEvent (/home/dhanish/fabric_sfc/caliper-bench/node_modules/fabric-common/lib/EventListener.js:124:10)
    at EventService._callTransactionListener (/home/dhanish/fabric_sfc/caliper-bench/node_modules/fabric-common/lib/EventService.js:1051:16)
    at EventService._processTxEvents (/home/dhanish/fabric_sfc/caliper-bench/node_modules/fabric-common/lib/EventService.js:1006:12)
    at ClientDuplexStreamImpl.<anonymous> (/home/dhanish/fabric_sfc/caliper-bench/node_modules/fabric-common/lib/EventService.js:481:12)
    at ClientDuplexStreamImpl.emit (node:events:517:28)
    at addChunk (node:internal/streams/readable:368:12)
    at readableAddChunk (node:internal/streams/readable:341:9)
2026.08.11-09:20:08.539[31m error[39m [caliper] [connectors/v2/FabricGateway] 	Failed to perform submit transaction [setFinancePolicyForFinancier] using arguments [,{"minAPR":0.08,"maxAPR":0.24,"baseAPR":0.14,"minTenorDays":7,"maxTenorDays":45,"tenor":21,"minLtvPct":55,"maxLtvPct":85,"ltv":72,"penaltyBasePct":0.4}],  with error: TransactionError: Commit of transaction d594fb891a3b1bd96f7f048628eff0aaf01f3766bfdd9255c96373dfcb193454 failed on peer peer0.financiers.example.com:7051 with status MVCC_READ_CONFLICT
    at TransactionEventHandler.eventCallback (/home/dhanish/fabric_sfc/caliper-bench/node_modules/fabric-network/lib/impl/event/transactioneventhandler.js:111:31)
    at CommitListenerSession.notifyListener (/home/dhanish/fabric_sfc/caliper-bench/node_modules/fabric-network/lib/impl/event/commitlistenersession.js:101:18)
    at EventListener.callback (/home/dhanish/fabric_sfc/caliper-bench/node_modules/fabric-network/lib/impl/event/commitlistenersession.js:92:18)
    at EventListener.onEvent (/home/dhanish/fabric_sfc/caliper-bench/node_modules/fabric-common/lib/EventListener.js:124:10)
    at EventService._callTransactionListener (/home/dhanish/fabric_sfc/caliper-bench/node_modules/fabric-common/lib/EventService.js:1051:16)
    at EventService._processTxEvents (/home/dhanish/fabric_sfc/caliper-bench/node_modules/fabric-common/lib/EventService.js:1006:12)
    at ClientDuplexStreamImpl.<anonymous> (/home/dhanish/fabric_sfc/caliper-bench/node_modules/fabric-common/lib/EventService.js:481:12)
    at ClientDuplexStreamImpl.emit (node:events:517:28)
    at addChunk (node:internal/streams/readable:368:12)
    at readableAddChunk (node:internal/streams/readable:341:9)
2026.08.11-09:20:08.539[31m error[39m [caliper] [connectors/v2/FabricGateway] 	Failed to perform submit transaction [setFinancePolicyForFinancier] using arguments [,{"minAPR":0.08,"maxAPR":0.24,"baseAPR":0.14,"minTenorDays":7,"maxTenorDays":45,"tenor":21,"minLtvPct":55,"maxLtvPct":85,"ltv":72,"penaltyBasePct":0.4}],  with error: TransactionError: Commit of transaction fa494e701fa91afdf011d83a102fda8c37537b5f455a7931715b59983e6883f5 failed on peer peer0.financiers.example.com:7051 with status MVCC_READ_CONFLICT
    at TransactionEventHandler.eventCallback (/home/dhanish/fabric_sfc/caliper-bench/node_modules/fabric-network/lib/impl/event/transactioneventhandler.js:111:31)
    at CommitListenerSession.notifyListener (/home/dhanish/fabric_sfc/caliper-bench/node_modules/fabric-network/lib/impl/event/commitlistenersession.js:101:18)
    at EventListener.callback (/home/dhanish/fabric_sfc/caliper-bench/node_modules/fabric-network/lib/impl/event/commitlistenersession.js:92:18)
    at EventListener.onEvent (/home/dhanish/fabric_sfc/caliper-bench/node_modules/fabric-common/lib/EventListener.js:124:10)
    at EventService._callTransactionListener (/home/dhanish/fabric_sfc/caliper-bench/node_modules/fabric-common/lib/EventService.js:1051:16)
    at EventService._processTxEvents (/home/dhanish/fabric_sfc/caliper-bench/node_modules/fabric-common/lib/EventService.js:1006:12)
    at ClientDuplexStreamImpl.<anonymous> (/home/dhanish/fabric_sfc/caliper-bench/node_modules/fabric-common/lib/EventService.js:481:12)
    at ClientDuplexStreamImpl.emit (node:events:517:28)
    at addChunk (node:internal/streams/readable:368:12)
    at readableAddChunk (node:internal/streams/readable:341:9)
2026-08-11T09:20:08.541Z - [33mwarn[39m: [TransactionEventHandler]: strategyFail: commit failure for transaction "a7fd57f5df00968180af99fbe6dba0abfcd7aa822832a6fb54416df6ae756820": TransactionError: Commit of transaction a7fd57f5df00968180af99fbe6dba0abfcd7aa822832a6fb54416df6ae756820 failed on peer peer0.financiers.example.com:7051 with status MVCC_READ_CONFLICT
    at TransactionEventHandler.eventCallback (/home/dhanish/fabric_sfc/caliper-bench/node_modules/fabric-network/lib/impl/event/transactioneventhandler.js:111:31)
    at CommitListenerSession.notifyListener (/home/dhanish/fabric_sfc/caliper-bench/node_modules/fabric-network/lib/impl/event/commitlistenersession.js:101:18)
    at EventListener.callback (/home/dhanish/fabric_sfc/caliper-bench/node_modules/fabric-network/lib/impl/event/commitlistenersession.js:92:18)
    at EventListener.onEvent (/home/dhanish/fabric_sfc/caliper-bench/node_modules/fabric-common/lib/EventListener.js:124:10)
    at EventService._callTransactionListener (/home/dhanish/fabric_sfc/caliper-bench/node_modules/fabric-common/lib/EventService.js:1051:16)
    at EventService._processTxEvents (/home/dhanish/fabric_sfc/caliper-bench/node_modules/fabric-common/lib/EventService.js:1006:12)
    at ClientDuplexStreamImpl.<anonymous> (/home/dhanish/fabric_sfc/caliper-bench/node_modules/fabric-common/lib/EventService.js:481:12)
    at ClientDuplexStreamImpl.emit (node:events:517:28)
    at addChunk (node:internal/streams/readable:368:12)
    at readableAddChunk (node:internal/streams/readable:341:9) {
  transactionId: 'a7fd57f5df00968180af99fbe6dba0abfcd7aa822832a6fb54416df6ae756820',
  transactionCode: 'MVCC_READ_CONFLICT'
}
2026-08-11T09:20:08.542Z - [33mwarn[39m: [TransactionEventHandler]: strategyFail: commit failure for transaction "14e60ee66d78b3d9b30ca3636e08d993a8e040ed4764168b54631d3a8aaadb1d": TransactionError: Commit of transaction 14e60ee66d78b3d9b30ca3636e08d993a8e040ed4764168b54631d3a8aaadb1d failed on peer peer0.financiers.example.com:7051 with status MVCC_READ_CONFLICT
    at TransactionEventHandler.eventCallback (/home/dhanish/fabric_sfc/caliper-bench/node_modules/fabric-network/lib/impl/event/transactioneventhandler.js:111:31)
    at CommitListenerSession.notifyListener (/home/dhanish/fabric_sfc/caliper-bench/node_modules/fabric-network/lib/impl/event/commitlistenersession.js:101:18)
    at EventListener.callback (/home/dhanish/fabric_sfc/caliper-bench/node_modules/fabric-network/lib/impl/event/commitlistenersession.js:92:18)
    at EventListener.onEvent (/home/dhanish/fabric_sfc/caliper-bench/node_modules/fabric-common/lib/EventListener.js:124:10)
    at EventService._callTransactionListener (/home/dhanish/fabric_sfc/caliper-bench/node_modules/fabric-common/lib/EventService.js:1051:16)
    at EventService._processTxEvents (/home/dhanish/fabric_sfc/caliper-bench/node_modules/fabric-common/lib/EventService.js:1006:12)
    at ClientDuplexStreamImpl.<anonymous> (/home/dhanish/fabric_sfc/caliper-bench/node_modules/fabric-common/lib/EventService.js:481:12)
    at ClientDuplexStreamImpl.emit (node:events:517:28)
    at addChunk (node:internal/streams/readable:368:12)
    at readableAddChunk (node:internal/streams/readable:341:9) {
  transactionId: '14e60ee66d78b3d9b30ca3636e08d993a8e040ed4764168b54631d3a8aaadb1d',
  transactionCode: 'MVCC_READ_CONFLICT'
}
2026-08-11T09:20:08.542Z - [33mwarn[39m: [TransactionEventHandler]: strategyFail: commit failure for transaction "8cd362b2b7c5a66568033acb176577d0ba2c94f504de51b3a623e8842c56fc78": TransactionError: Commit of transaction 8cd362b2b7c5a66568033acb176577d0ba2c94f504de51b3a623e8842c56fc78 failed on peer peer0.financiers.example.com:7051 with status MVCC_READ_CONFLICT
    at TransactionEventHandler.eventCallback (/home/dhanish/fabric_sfc/caliper-bench/node_modules/fabric-network/lib/impl/event/transactioneventhandler.js:111:31)
    at CommitListenerSession.notifyListener (/home/dhanish/fabric_sfc/caliper-bench/node_modules/fabric-network/lib/impl/event/commitlistenersession.js:101:18)
    at EventListener.callback (/home/dhanish/fabric_sfc/caliper-bench/node_modules/fabric-network/lib/impl/event/commitlistenersession.js:92:18)
    at EventListener.onEvent (/home/dhanish/fabric_sfc/caliper-bench/node_modules/fabric-common/lib/EventListener.js:124:10)
    at EventService._callTransactionListener (/home/dhanish/fabric_sfc/caliper-bench/node_modules/fabric-common/lib/EventService.js:1051:16)
    at EventService._processTxEvents (/home/dhanish/fabric_sfc/caliper-bench/node_modules/fabric-common/lib/EventService.js:1006:12)
    at ClientDuplexStreamImpl.<anonymous> (/home/dhanish/fabric_sfc/caliper-bench/node_modules/fabric-common/lib/EventService.js:481:12)
    at ClientDuplexStreamImpl.emit (node:events:517:28)
    at addChunk (node:internal/streams/readable:368:12)
    at readableAddChunk (node:internal/streams/readable:341:9) {
  transactionId: '8cd362b2b7c5a66568033acb176577d0ba2c94f504de51b3a623e8842c56fc78',
  transactionCode: 'MVCC_READ_CONFLICT'
}
2026-08-11T09:20:08.542Z - [33mwarn[39m: [TransactionEventHandler]: strategyFail: commit failure for transaction "baa271b860ba63a68feea1c9c809ede29d62629b268ace234a5e49cb355ff44f": TransactionError: Commit of transaction baa271b860ba63a68feea1c9c809ede29d62629b268ace234a5e49cb355ff44f failed on peer peer0.financiers.example.com:7051 with status MVCC_READ_CONFLICT
    at TransactionEventHandler.eventCallback (/home/dhanish/fabric_sfc/caliper-bench/node_modules/fabric-network/lib/impl/event/transactioneventhandler.js:111:31)
    at CommitListenerSession.notifyListener (/home/dhanish/fabric_sfc/caliper-bench/node_modules/fabric-network/lib/impl/event/commitlistenersession.js:101:18)
    at EventListener.callback (/home/dhanish/fabric_sfc/caliper-bench/node_modules/fabric-network/lib/impl/event/commitlistenersession.js:92:18)
    at EventListener.onEvent (/home/dhanish/fabric_sfc/caliper-bench/node_modules/fabric-common/lib/EventListener.js:124:10)
    at EventService._callTransactionListener (/home/dhanish/fabric_sfc/caliper-bench/node_modules/fabric-common/lib/EventService.js:1051:16)
    at EventService._processTxEvents (/home/dhanish/fabric_sfc/caliper-bench/node_modules/fabric-common/lib/EventService.js:1006:12)
    at ClientDuplexStreamImpl.<anonymous> (/home/dhanish/fabric_sfc/caliper-bench/node_modules/fabric-common/lib/EventService.js:481:12)
    at ClientDuplexStreamImpl.emit (node:events:517:28)
    at addChunk (node:internal/streams/readable:368:12)
    at readableAddChunk (node:internal/streams/readable:341:9) {
  transactionId: 'baa271b860ba63a68feea1c9c809ede29d62629b268ace234a5e49cb355ff44f',
  transactionCode: 'MVCC_READ_CONFLICT'
}
2026-08-11T09:20:08.542Z - [33mwarn[39m: [TransactionEventHandler]: strategyFail: commit failure for transaction "22ddc5384286971186898563bad02cc22a581de4fea8cf72d72f1b7c7d052901": TransactionError: Commit of transaction 22ddc5384286971186898563bad02cc22a581de4fea8cf72d72f1b7c7d052901 failed on peer peer0.financiers.example.com:7051 with status MVCC_READ_CONFLICT
    at TransactionEventHandler.eventCallback (/home/dhanish/fabric_sfc/caliper-bench/node_modules/fabric-network/lib/impl/event/transactioneventhandler.js:111:31)
    at CommitListenerSession.notifyListener (/home/dhanish/fabric_sfc/caliper-bench/node_modules/fabric-network/lib/impl/event/commitlistenersession.js:101:18)
    at EventListener.callback (/home/dhanish/fabric_sfc/caliper-bench/node_modules/fabric-network/lib/impl/event/commitlistenersession.js:92:18)
    at EventListener.onEvent (/home/dhanish/fabric_sfc/caliper-bench/node_modules/fabric-common/lib/EventListener.js:124:10)
    at EventService._callTransactionListener (/home/dhanish/fabric_sfc/caliper-bench/node_modules/fabric-common/lib/EventService.js:1051:16)
    at EventService._processTxEvents (/home/dhanish/fabric_sfc/caliper-bench/node_modules/fabric-common/lib/EventService.js:1006:12)
    at ClientDuplexStreamImpl.<anonymous> (/home/dhanish/fabric_sfc/caliper-bench/node_modules/fabric-common/lib/EventService.js:481:12)
    at ClientDuplexStreamImpl.emit (node:events:517:28)
    at addChunk (node:internal/streams/readable:368:12)
    at readableAddChunk (node:internal/streams/readable:341:9) {
  transactionId: '22ddc5384286971186898563bad02cc22a581de4fea8cf72d72f1b7c7d052901',
  transactionCode: 'MVCC_READ_CONFLICT'
}
2026-08-11T09:20:08.542Z - [33mwarn[39m: [TransactionEventHandler]: strategyFail: commit failure for transaction "8b04dfd748f8d144d5d672a90d67449c65b264d5153985742804e3f9907f2e88": TransactionError: Commit of transaction 8b04dfd748f8d144d5d672a90d67449c65b264d5153985742804e3f9907f2e88 failed on peer peer0.financiers.example.com:7051 with status MVCC_READ_CONFLICT
    at TransactionEventHandler.eventCallback (/home/dhanish/fabric_sfc/caliper-bench/node_modules/fabric-network/lib/impl/event/transactioneventhandler.js:111:31)
    at CommitListenerSession.notifyListener (/home/dhanish/fabric_sfc/caliper-bench/node_modules/fabric-network/lib/impl/event/commitlistenersession.js:101:18)
    at EventListener.callback (/home/dhanish/fabric_sfc/caliper-bench/node_modules/fabric-network/lib/impl/event/commitlistenersession.js:92:18)
    at EventListener.onEvent (/home/dhanish/fabric_sfc/caliper-bench/node_modules/fabric-common/lib/EventListener.js:124:10)
    at EventService._callTransactionListener (/home/dhanish/fabric_sfc/caliper-bench/node_modules/fabric-common/lib/EventService.js:1051:16)
    at EventService._processTxEvents (/home/dhanish/fabric_sfc/caliper-bench/node_modules/fabric-common/lib/EventService.js:1006:12)
    at ClientDuplexStreamImpl.<anonymous> (/home/dhanish/fabric_sfc/caliper-bench/node_modules/fabric-common/lib/EventService.js:481:12)
    at ClientDuplexStreamImpl.emit (node:events:517:28)
    at addChunk (node:internal/streams/readable:368:12)
    at readableAddChunk (node:internal/streams/readable:341:9) {
  transactionId: '8b04dfd748f8d144d5d672a90d67449c65b264d5153985742804e3f9907f2e88',
  transactionCode: 'MVCC_READ_CONFLICT'
}
2026.08.11-09:20:08.542[31m error[39m [caliper] [connectors/v2/FabricGateway] 	Failed to perform submit transaction [setFinancePolicyForFinancier] using arguments [,{"minAPR":0.08,"maxAPR":0.24,"baseAPR":0.14,"minTenorDays":7,"maxTenorDays":45,"tenor":21,"minLtvPct":55,"maxLtvPct":85,"ltv":72,"penaltyBasePct":0.4}],  with error: TransactionError: Commit of transaction 8cd362b2b7c5a66568033acb176577d0ba2c94f504de51b3a623e8842c56fc78 failed on peer peer0.financiers.example.com:7051 with status MVCC_READ_CONFLICT
    at TransactionEventHandler.eventCallback (/home/dhanish/fabric_sfc/caliper-bench/node_modules/fabric-network/lib/impl/event/transactioneventhandler.js:111:31)
    at CommitListenerSession.notifyListener (/home/dhanish/fabric_sfc/caliper-bench/node_modules/fabric-network/lib/impl/event/commitlistenersession.js:101:18)
    at EventListener.callback (/home/dhanish/fabric_sfc/caliper-bench/node_modules/fabric-network/lib/impl/event/commitlistenersession.js:92:18)
    at EventListener.onEvent (/home/dhanish/fabric_sfc/caliper-bench/node_modules/fabric-common/lib/EventListener.js:124:10)
    at EventService._callTransactionListener (/home/dhanish/fabric_sfc/caliper-bench/node_modules/fabric-common/lib/EventService.js:1051:16)
    at EventService._processTxEvents (/home/dhanish/fabric_sfc/caliper-bench/node_modules/fabric-common/lib/EventService.js:1006:12)
    at ClientDuplexStreamImpl.<anonymous> (/home/dhanish/fabric_sfc/caliper-bench/node_modules/fabric-common/lib/EventService.js:481:12)
    at ClientDuplexStreamImpl.emit (node:events:517:28)
    at addChunk (node:internal/streams/readable:368:12)
    at readableAddChunk (node:internal/streams/readable:341:9)
2026.08.11-09:20:08.542[31m error[39m [caliper] [connectors/v2/FabricGateway] 	Failed to perform submit transaction [setFinancePolicyForFinancier] using arguments [,{"minAPR":0.08,"maxAPR":0.24,"baseAPR":0.14,"minTenorDays":7,"maxTenorDays":45,"tenor":21,"minLtvPct":55,"maxLtvPct":85,"ltv":72,"penaltyBasePct":0.4}],  with error: TransactionError: Commit of transaction baa271b860ba63a68feea1c9c809ede29d62629b268ace234a5e49cb355ff44f failed on peer peer0.financiers.example.com:7051 with status MVCC_READ_CONFLICT
    at TransactionEventHandler.eventCallback (/home/dhanish/fabric_sfc/caliper-bench/node_modules/fabric-network/lib/impl/event/transactioneventhandler.js:111:31)
    at CommitListenerSession.notifyListener (/home/dhanish/fabric_sfc/caliper-bench/node_modules/fabric-network/lib/impl/event/commitlistenersession.js:101:18)
    at EventListener.callback (/home/dhanish/fabric_sfc/caliper-bench/node_modules/fabric-network/lib/impl/event/commitlistenersession.js:92:18)
    at EventListener.onEvent (/home/dhanish/fabric_sfc/caliper-bench/node_modules/fabric-common/lib/EventListener.js:124:10)
    at EventService._callTransactionListener (/home/dhanish/fabric_sfc/caliper-bench/node_modules/fabric-common/lib/EventService.js:1051:16)
    at EventService._processTxEvents (/home/dhanish/fabric_sfc/caliper-bench/node_modules/fabric-common/lib/EventService.js:1006:12)
    at ClientDuplexStreamImpl.<anonymous> (/home/dhanish/fabric_sfc/caliper-bench/node_modules/fabric-common/lib/EventService.js:481:12)
    at ClientDuplexStreamImpl.emit (node:events:517:28)
    at addChunk (node:internal/streams/readable:368:12)
    at readableAddChunk (node:internal/streams/readable:341:9)
2026.08.11-09:20:08.542[31m error[39m [caliper] [connectors/v2/FabricGateway] 	Failed to perform submit transaction [setFinancePolicyForFinancier] using arguments [,{"minAPR":0.08,"maxAPR":0.24,"baseAPR":0.14,"minTenorDays":7,"maxTenorDays":45,"tenor":21,"minLtvPct":55,"maxLtvPct":85,"ltv":72,"penaltyBasePct":0.4}],  with error: TransactionError: Commit of transaction a7fd57f5df00968180af99fbe6dba0abfcd7aa822832a6fb54416df6ae756820 failed on peer peer0.financiers.example.com:7051 with status MVCC_READ_CONFLICT
    at TransactionEventHandler.eventCallback (/home/dhanish/fabric_sfc/caliper-bench/node_modules/fabric-network/lib/impl/event/transactioneventhandler.js:111:31)
    at CommitListenerSession.notifyListener (/home/dhanish/fabric_sfc/caliper-bench/node_modules/fabric-network/lib/impl/event/commitlistenersession.js:101:18)
    at EventListener.callback (/home/dhanish/fabric_sfc/caliper-bench/node_modules/fabric-network/lib/impl/event/commitlistenersession.js:92:18)
    at EventListener.onEvent (/home/dhanish/fabric_sfc/caliper-bench/node_modules/fabric-common/lib/EventListener.js:124:10)
    at EventService._callTransactionListener (/home/dhanish/fabric_sfc/caliper-bench/node_modules/fabric-common/lib/EventService.js:1051:16)
    at EventService._processTxEvents (/home/dhanish/fabric_sfc/caliper-bench/node_modules/fabric-common/lib/EventService.js:1006:12)
    at ClientDuplexStreamImpl.<anonymous> (/home/dhanish/fabric_sfc/caliper-bench/node_modules/fabric-common/lib/EventService.js:481:12)
    at ClientDuplexStreamImpl.emit (node:events:517:28)
    at addChunk (node:internal/streams/readable:368:12)
    at readableAddChunk (node:internal/streams/readable:341:9)
2026.08.11-09:20:08.542[31m error[39m [caliper] [connectors/v2/FabricGateway] 	Failed to perform submit transaction [setFinancePolicyForFinancier] using arguments [,{"minAPR":0.08,"maxAPR":0.24,"baseAPR":0.14,"minTenorDays":7,"maxTenorDays":45,"tenor":21,"minLtvPct":55,"maxLtvPct":85,"ltv":72,"penaltyBasePct":0.4}],  with error: TransactionError: Commit of transaction 8b04dfd748f8d144d5d672a90d67449c65b264d5153985742804e3f9907f2e88 failed on peer peer0.financiers.example.com:7051 with status MVCC_READ_CONFLICT
    at TransactionEventHandler.eventCallback (/home/dhanish/fabric_sfc/caliper-bench/node_modules/fabric-network/lib/impl/event/transactioneventhandler.js:111:31)
    at CommitListenerSession.notifyListener (/home/dhanish/fabric_sfc/caliper-bench/node_modules/fabric-network/lib/impl/event/commitlistenersession.js:101:18)
    at EventListener.callback (/home/dhanish/fabric_sfc/caliper-bench/node_modules/fabric-network/lib/impl/event/commitlistenersession.js:92:18)
    at EventListener.onEvent (/home/dhanish/fabric_sfc/caliper-bench/node_modules/fabric-common/lib/EventListener.js:124:10)
    at EventService._callTransactionListener (/home/dhanish/fabric_sfc/caliper-bench/node_modules/fabric-common/lib/EventService.js:1051:16)
    at EventService._processTxEvents (/home/dhanish/fabric_sfc/caliper-bench/node_modules/fabric-common/lib/EventService.js:1006:12)
    at ClientDuplexStreamImpl.<anonymous> (/home/dhanish/fabric_sfc/caliper-bench/node_modules/fabric-common/lib/EventService.js:481:12)
    at ClientDuplexStreamImpl.emit (node:events:517:28)
    at addChunk (node:internal/streams/readable:368:12)
    at readableAddChunk (node:internal/streams/readable:341:9)
2026.08.11-09:20:08.542[31m error[39m [caliper] [connectors/v2/FabricGateway] 	Failed to perform submit transaction [setFinancePolicyForFinancier] using arguments [,{"minAPR":0.08,"maxAPR":0.24,"baseAPR":0.14,"minTenorDays":7,"maxTenorDays":45,"tenor":21,"minLtvPct":55,"maxLtvPct":85,"ltv":72,"penaltyBasePct":0.4}],  with error: TransactionError: Commit of transaction 14e60ee66d78b3d9b30ca3636e08d993a8e040ed4764168b54631d3a8aaadb1d failed on peer peer0.financiers.example.com:7051 with status MVCC_READ_CONFLICT
    at TransactionEventHandler.eventCallback (/home/dhanish/fabric_sfc/caliper-bench/node_modules/fabric-network/lib/impl/event/transactioneventhandler.js:111:31)
    at CommitListenerSession.notifyListener (/home/dhanish/fabric_sfc/caliper-bench/node_modules/fabric-network/lib/impl/event/commitlistenersession.js:101:18)
    at EventListener.callback (/home/dhanish/fabric_sfc/caliper-bench/node_modules/fabric-network/lib/impl/event/commitlistenersession.js:92:18)
    at EventListener.onEvent (/home/dhanish/fabric_sfc/caliper-bench/node_modules/fabric-common/lib/EventListener.js:124:10)
    at EventService._callTransactionListener (/home/dhanish/fabric_sfc/caliper-bench/node_modules/fabric-common/lib/EventService.js:1051:16)
    at EventService._processTxEvents (/home/dhanish/fabric_sfc/caliper-bench/node_modules/fabric-common/lib/EventService.js:1006:12)
    at ClientDuplexStreamImpl.<anonymous> (/home/dhanish/fabric_sfc/caliper-bench/node_modules/fabric-common/lib/EventService.js:481:12)
    at ClientDuplexStreamImpl.emit (node:events:517:28)
    at addChunk (node:internal/streams/readable:368:12)
    at readableAddChunk (node:internal/streams/readable:341:9)
2026.08.11-09:20:08.542[31m error[39m [caliper] [connectors/v2/FabricGateway] 	Failed to perform submit transaction [setFinancePolicyForFinancier] using arguments [,{"minAPR":0.08,"maxAPR":0.24,"baseAPR":0.14,"minTenorDays":7,"maxTenorDays":45,"tenor":21,"minLtvPct":55,"maxLtvPct":85,"ltv":72,"penaltyBasePct":0.4}],  with error: TransactionError: Commit of transaction 22ddc5384286971186898563bad02cc22a581de4fea8cf72d72f1b7c7d052901 failed on peer peer0.financiers.example.com:7051 with status MVCC_READ_CONFLICT
    at TransactionEventHandler.eventCallback (/home/dhanish/fabric_sfc/caliper-bench/node_modules/fabric-network/lib/impl/event/transactioneventhandler.js:111:31)
    at CommitListenerSession.notifyListener (/home/dhanish/fabric_sfc/caliper-bench/node_modules/fabric-network/lib/impl/event/commitlistenersession.js:101:18)
    at EventListener.callback (/home/dhanish/fabric_sfc/caliper-bench/node_modules/fabric-network/lib/impl/event/commitlistenersession.js:92:18)
    at EventListener.onEvent (/home/dhanish/fabric_sfc/caliper-bench/node_modules/fabric-common/lib/EventListener.js:124:10)
    at EventService._callTransactionListener (/home/dhanish/fabric_sfc/caliper-bench/node_modules/fabric-common/lib/EventService.js:1051:16)
    at EventService._processTxEvents (/home/dhanish/fabric_sfc/caliper-bench/node_modules/fabric-common/lib/EventService.js:1006:12)
    at ClientDuplexStreamImpl.<anonymous> (/home/dhanish/fabric_sfc/caliper-bench/node_modules/fabric-common/lib/EventService.js:481:12)
    at ClientDuplexStreamImpl.emit (node:events:517:28)
    at addChunk (node:internal/streams/readable:368:12)
    at readableAddChunk (node:internal/streams/readable:341:9)
2026-08-11T09:20:08.564Z - [33mwarn[39m: [TransactionEventHandler]: strategyFail: commit failure for transaction "8728460e5ba100d8beff50719964bef4a89f2fd983c05481de39bce44b4b4715": TransactionError: Commit of transaction 8728460e5ba100d8beff50719964bef4a89f2fd983c05481de39bce44b4b4715 failed on peer peer0.financiers.example.com:7051 with status MVCC_READ_CONFLICT
    at TransactionEventHandler.eventCallback (/home/dhanish/fabric_sfc/caliper-bench/node_modules/fabric-network/lib/impl/event/transactioneventhandler.js:111:31)
    at CommitListenerSession.notifyListener (/home/dhanish/fabric_sfc/caliper-bench/node_modules/fabric-network/lib/impl/event/commitlistenersession.js:101:18)
    at EventListener.callback (/home/dhanish/fabric_sfc/caliper-bench/node_modules/fabric-network/lib/impl/event/commitlistenersession.js:92:18)
    at EventListener.onEvent (/home/dhanish/fabric_sfc/caliper-bench/node_modules/fabric-common/lib/EventListener.js:124:10)
    at EventService._callTransactionListener (/home/dhanish/fabric_sfc/caliper-bench/node_modules/fabric-common/lib/EventService.js:1051:16)
    at EventService._processTxEvents (/home/dhanish/fabric_sfc/caliper-bench/node_modules/fabric-common/lib/EventService.js:1006:12)
    at ClientDuplexStreamImpl.<anonymous> (/home/dhanish/fabric_sfc/caliper-bench/node_modules/fabric-common/lib/EventService.js:481:12)
    at ClientDuplexStreamImpl.emit (node:events:517:28)
    at addChunk (node:internal/streams/readable:368:12)
    at readableAddChunk (node:internal/streams/readable:341:9) {
  transactionId: '8728460e5ba100d8beff50719964bef4a89f2fd983c05481de39bce44b4b4715',
  transactionCode: 'MVCC_READ_CONFLICT'
}
2026-08-11T09:20:08.564Z - [33mwarn[39m: [TransactionEventHandler]: strategyFail: commit failure for transaction "83ec4daac7357c63ffde789b8c75be70773c2d07cd99399c9878f5df04ce3356": TransactionError: Commit of transaction 83ec4daac7357c63ffde789b8c75be70773c2d07cd99399c9878f5df04ce3356 failed on peer peer0.financiers.example.com:7051 with status MVCC_READ_CONFLICT
    at TransactionEventHandler.eventCallback (/home/dhanish/fabric_sfc/caliper-bench/node_modules/fabric-network/lib/impl/event/transactioneventhandler.js:111:31)
    at CommitListenerSession.notifyListener (/home/dhanish/fabric_sfc/caliper-bench/node_modules/fabric-network/lib/impl/event/commitlistenersession.js:101:18)
    at EventListener.callback (/home/dhanish/fabric_sfc/caliper-bench/node_modules/fabric-network/lib/impl/event/commitlistenersession.js:92:18)
    at EventListener.onEvent (/home/dhanish/fabric_sfc/caliper-bench/node_modules/fabric-common/lib/EventListener.js:124:10)
    at EventService._callTransactionListener (/home/dhanish/fabric_sfc/caliper-bench/node_modules/fabric-common/lib/EventService.js:1051:16)
    at EventService._processTxEvents (/home/dhanish/fabric_sfc/caliper-bench/node_modules/fabric-common/lib/EventService.js:1006:12)
    at ClientDuplexStreamImpl.<anonymous> (/home/dhanish/fabric_sfc/caliper-bench/node_modules/fabric-common/lib/EventService.js:481:12)
    at ClientDuplexStreamImpl.emit (node:events:517:28)
    at addChunk (node:internal/streams/readable:368:12)
    at readableAddChunk (node:internal/streams/readable:341:9) {
  transactionId: '83ec4daac7357c63ffde789b8c75be70773c2d07cd99399c9878f5df04ce3356',
  transactionCode: 'MVCC_READ_CONFLICT'
}
2026-08-11T09:20:08.564Z - [33mwarn[39m: [TransactionEventHandler]: strategyFail: commit failure for transaction "e961c29b5f55146cfb6c6ca9b7357fbcc8eab5c6c0e1cbe40fc54a1ae5a91eb4": TransactionError: Commit of transaction e961c29b5f55146cfb6c6ca9b7357fbcc8eab5c6c0e1cbe40fc54a1ae5a91eb4 failed on peer peer0.financiers.example.com:7051 with status MVCC_READ_CONFLICT
    at TransactionEventHandler.eventCallback (/home/dhanish/fabric_sfc/caliper-bench/node_modules/fabric-network/lib/impl/event/transactioneventhandler.js:111:31)
    at CommitListenerSession.notifyListener (/home/dhanish/fabric_sfc/caliper-bench/node_modules/fabric-network/lib/impl/event/commitlistenersession.js:101:18)
    at EventListener.callback (/home/dhanish/fabric_sfc/caliper-bench/node_modules/fabric-network/lib/impl/event/commitlistenersession.js:92:18)
    at EventListener.onEvent (/home/dhanish/fabric_sfc/caliper-bench/node_modules/fabric-common/lib/EventListener.js:124:10)
    at EventService._callTransactionListener (/home/dhanish/fabric_sfc/caliper-bench/node_modules/fabric-common/lib/EventService.js:1051:16)
    at EventService._processTxEvents (/home/dhanish/fabric_sfc/caliper-bench/node_modules/fabric-common/lib/EventService.js:1006:12)
    at ClientDuplexStreamImpl.<anonymous> (/home/dhanish/fabric_sfc/caliper-bench/node_modules/fabric-common/lib/EventService.js:481:12)
    at ClientDuplexStreamImpl.emit (node:events:517:28)
    at addChunk (node:internal/streams/readable:368:12)
    at readableAddChunk (node:internal/streams/readable:341:9) {
  transactionId: 'e961c29b5f55146cfb6c6ca9b7357fbcc8eab5c6c0e1cbe40fc54a1ae5a91eb4',
  transactionCode: 'MVCC_READ_CONFLICT'
}
2026.08.11-09:20:08.564[31m error[39m [caliper] [connectors/v2/FabricGateway] 	Failed to perform submit transaction [setFinancePolicyForFinancier] using arguments [,{"minAPR":0.08,"maxAPR":0.24,"baseAPR":0.14,"minTenorDays":7,"maxTenorDays":45,"tenor":21,"minLtvPct":55,"maxLtvPct":85,"ltv":72,"penaltyBasePct":0.4}],  with error: TransactionError: Commit of transaction 83ec4daac7357c63ffde789b8c75be70773c2d07cd99399c9878f5df04ce3356 failed on peer peer0.financiers.example.com:7051 with status MVCC_READ_CONFLICT
    at TransactionEventHandler.eventCallback (/home/dhanish/fabric_sfc/caliper-bench/node_modules/fabric-network/lib/impl/event/transactioneventhandler.js:111:31)
    at CommitListenerSession.notifyListener (/home/dhanish/fabric_sfc/caliper-bench/node_modules/fabric-network/lib/impl/event/commitlistenersession.js:101:18)
    at EventListener.callback (/home/dhanish/fabric_sfc/caliper-bench/node_modules/fabric-network/lib/impl/event/commitlistenersession.js:92:18)
    at EventListener.onEvent (/home/dhanish/fabric_sfc/caliper-bench/node_modules/fabric-common/lib/EventListener.js:124:10)
    at EventService._callTransactionListener (/home/dhanish/fabric_sfc/caliper-bench/node_modules/fabric-common/lib/EventService.js:1051:16)
    at EventService._processTxEvents (/home/dhanish/fabric_sfc/caliper-bench/node_modules/fabric-common/lib/EventService.js:1006:12)
    at ClientDuplexStreamImpl.<anonymous> (/home/dhanish/fabric_sfc/caliper-bench/node_modules/fabric-common/lib/EventService.js:481:12)
    at ClientDuplexStreamImpl.emit (node:events:517:28)
    at addChunk (node:internal/streams/readable:368:12)
    at readableAddChunk (node:internal/streams/readable:341:9)
2026.08.11-09:20:08.564[31m error[39m [caliper] [connectors/v2/FabricGateway] 	Failed to perform submit transaction [setFinancePolicyForFinancier] using arguments [,{"minAPR":0.08,"maxAPR":0.24,"baseAPR":0.14,"minTenorDays":7,"maxTenorDays":45,"tenor":21,"minLtvPct":55,"maxLtvPct":85,"ltv":72,"penaltyBasePct":0.4}],  with error: TransactionError: Commit of transaction 8728460e5ba100d8beff50719964bef4a89f2fd983c05481de39bce44b4b4715 failed on peer peer0.financiers.example.com:7051 with status MVCC_READ_CONFLICT
    at TransactionEventHandler.eventCallback (/home/dhanish/fabric_sfc/caliper-bench/node_modules/fabric-network/lib/impl/event/transactioneventhandler.js:111:31)
    at CommitListenerSession.notifyListener (/home/dhanish/fabric_sfc/caliper-bench/node_modules/fabric-network/lib/impl/event/commitlistenersession.js:101:18)
    at EventListener.callback (/home/dhanish/fabric_sfc/caliper-bench/node_modules/fabric-network/lib/impl/event/commitlistenersession.js:92:18)
    at EventListener.onEvent (/home/dhanish/fabric_sfc/caliper-bench/node_modules/fabric-common/lib/EventListener.js:124:10)
    at EventService._callTransactionListener (/home/dhanish/fabric_sfc/caliper-bench/node_modules/fabric-common/lib/EventService.js:1051:16)
    at EventService._processTxEvents (/home/dhanish/fabric_sfc/caliper-bench/node_modules/fabric-common/lib/EventService.js:1006:12)
    at ClientDuplexStreamImpl.<anonymous> (/home/dhanish/fabric_sfc/caliper-bench/node_modules/fabric-common/lib/EventService.js:481:12)
    at ClientDuplexStreamImpl.emit (node:events:517:28)
    at addChunk (node:internal/streams/readable:368:12)
    at readableAddChunk (node:internal/streams/readable:341:9)
2026.08.11-09:20:08.565[31m error[39m [caliper] [connectors/v2/FabricGateway] 	Failed to perform submit transaction [setFinancePolicyForFinancier] using arguments [,{"minAPR":0.08,"maxAPR":0.24,"baseAPR":0.14,"minTenorDays":7,"maxTenorDays":45,"tenor":21,"minLtvPct":55,"maxLtvPct":85,"ltv":72,"penaltyBasePct":0.4}],  with error: TransactionError: Commit of transaction e961c29b5f55146cfb6c6ca9b7357fbcc8eab5c6c0e1cbe40fc54a1ae5a91eb4 failed on peer peer0.financiers.example.com:7051 with status MVCC_READ_CONFLICT
    at TransactionEventHandler.eventCallback (/home/dhanish/fabric_sfc/caliper-bench/node_modules/fabric-network/lib/impl/event/transactioneventhandler.js:111:31)
    at CommitListenerSession.notifyListener (/home/dhanish/fabric_sfc/caliper-bench/node_modules/fabric-network/lib/impl/event/commitlistenersession.js:101:18)
    at EventListener.callback (/home/dhanish/fabric_sfc/caliper-bench/node_modules/fabric-network/lib/impl/event/commitlistenersession.js:92:18)
    at EventListener.onEvent (/home/dhanish/fabric_sfc/caliper-bench/node_modules/fabric-common/lib/EventListener.js:124:10)
    at EventService._callTransactionListener (/home/dhanish/fabric_sfc/caliper-bench/node_modules/fabric-common/lib/EventService.js:1051:16)
    at EventService._processTxEvents (/home/dhanish/fabric_sfc/caliper-bench/node_modules/fabric-common/lib/EventService.js:1006:12)
    at ClientDuplexStreamImpl.<anonymous> (/home/dhanish/fabric_sfc/caliper-bench/node_modules/fabric-common/lib/EventService.js:481:12)
    at ClientDuplexStreamImpl.emit (node:events:517:28)
    at addChunk (node:internal/streams/readable:368:12)
    at readableAddChunk (node:internal/streams/readable:341:9)
2026-08-11T09:20:08.565Z - [33mwarn[39m: [TransactionEventHandler]: strategyFail: commit failure for transaction "fa76bc2919d9949bb3e7171fb46f3e814d080920d1fc1144475b8e783db39516": TransactionError: Commit of transaction fa76bc2919d9949bb3e7171fb46f3e814d080920d1fc1144475b8e783db39516 failed on peer peer0.financiers.example.com:7051 with status MVCC_READ_CONFLICT
    at TransactionEventHandler.eventCallback (/home/dhanish/fabric_sfc/caliper-bench/node_modules/fabric-network/lib/impl/event/transactioneventhandler.js:111:31)
    at CommitListenerSession.notifyListener (/home/dhanish/fabric_sfc/caliper-bench/node_modules/fabric-network/lib/impl/event/commitlistenersession.js:101:18)
    at EventListener.callback (/home/dhanish/fabric_sfc/caliper-bench/node_modules/fabric-network/lib/impl/event/commitlistenersession.js:92:18)
    at EventListener.onEvent (/home/dhanish/fabric_sfc/caliper-bench/node_modules/fabric-common/lib/EventListener.js:124:10)
    at EventService._callTransactionListener (/home/dhanish/fabric_sfc/caliper-bench/node_modules/fabric-common/lib/EventService.js:1051:16)
    at EventService._processTxEvents (/home/dhanish/fabric_sfc/caliper-bench/node_modules/fabric-common/lib/EventService.js:1006:12)
    at ClientDuplexStreamImpl.<anonymous> (/home/dhanish/fabric_sfc/caliper-bench/node_modules/fabric-common/lib/EventService.js:481:12)
    at ClientDuplexStreamImpl.emit (node:events:517:28)
    at addChunk (node:internal/streams/readable:368:12)
    at readableAddChunk (node:internal/streams/readable:341:9) {
  transactionId: 'fa76bc2919d9949bb3e7171fb46f3e814d080920d1fc1144475b8e783db39516',
  transactionCode: 'MVCC_READ_CONFLICT'
}
2026-08-11T09:20:08.565Z - [33mwarn[39m: [TransactionEventHandler]: strategyFail: commit failure for transaction "59b768c32a69933c8b097bdbff1843505a662ae12c0334b5de660d7f61fce139": TransactionError: Commit of transaction 59b768c32a69933c8b097bdbff1843505a662ae12c0334b5de660d7f61fce139 failed on peer peer0.financiers.example.com:7051 with status MVCC_READ_CONFLICT
    at TransactionEventHandler.eventCallback (/home/dhanish/fabric_sfc/caliper-bench/node_modules/fabric-network/lib/impl/event/transactioneventhandler.js:111:31)
    at CommitListenerSession.notifyListener (/home/dhanish/fabric_sfc/caliper-bench/node_modules/fabric-network/lib/impl/event/commitlistenersession.js:101:18)
    at EventListener.callback (/home/dhanish/fabric_sfc/caliper-bench/node_modules/fabric-network/lib/impl/event/commitlistenersession.js:92:18)
    at EventListener.onEvent (/home/dhanish/fabric_sfc/caliper-bench/node_modules/fabric-common/lib/EventListener.js:124:10)
    at EventService._callTransactionListener (/home/dhanish/fabric_sfc/caliper-bench/node_modules/fabric-common/lib/EventService.js:1051:16)
    at EventService._processTxEvents (/home/dhanish/fabric_sfc/caliper-bench/node_modules/fabric-common/lib/EventService.js:1006:12)
    at ClientDuplexStreamImpl.<anonymous> (/home/dhanish/fabric_sfc/caliper-bench/node_modules/fabric-common/lib/EventService.js:481:12)
    at ClientDuplexStreamImpl.emit (node:events:517:28)
    at addChunk (node:internal/streams/readable:368:12)
    at readableAddChunk (node:internal/streams/readable:341:9) {
  transactionId: '59b768c32a69933c8b097bdbff1843505a662ae12c0334b5de660d7f61fce139',
  transactionCode: 'MVCC_READ_CONFLICT'
}
2026-08-11T09:20:08.565Z - [33mwarn[39m: [TransactionEventHandler]: strategyFail: commit failure for transaction "8fb318aefb269aa25f14eb0a6d5d82c383a426c46d47833450e91685264c043d": TransactionError: Commit of transaction 8fb318aefb269aa25f14eb0a6d5d82c383a426c46d47833450e91685264c043d failed on peer peer0.financiers.example.com:7051 with status MVCC_READ_CONFLICT
    at TransactionEventHandler.eventCallback (/home/dhanish/fabric_sfc/caliper-bench/node_modules/fabric-network/lib/impl/event/transactioneventhandler.js:111:31)
    at CommitListenerSession.notifyListener (/home/dhanish/fabric_sfc/caliper-bench/node_modules/fabric-network/lib/impl/event/commitlistenersession.js:101:18)
    at EventListener.callback (/home/dhanish/fabric_sfc/caliper-bench/node_modules/fabric-network/lib/impl/event/commitlistenersession.js:92:18)
    at EventListener.onEvent (/home/dhanish/fabric_sfc/caliper-bench/node_modules/fabric-common/lib/EventListener.js:124:10)
    at EventService._callTransactionListener (/home/dhanish/fabric_sfc/caliper-bench/node_modules/fabric-common/lib/EventService.js:1051:16)
    at EventService._processTxEvents (/home/dhanish/fabric_sfc/caliper-bench/node_modules/fabric-common/lib/EventService.js:1006:12)
    at ClientDuplexStreamImpl.<anonymous> (/home/dhanish/fabric_sfc/caliper-bench/node_modules/fabric-common/lib/EventService.js:481:12)
    at ClientDuplexStreamImpl.emit (node:events:517:28)
    at addChunk (node:internal/streams/readable:368:12)
    at readableAddChunk (node:internal/streams/readable:341:9) {
  transactionId: '8fb318aefb269aa25f14eb0a6d5d82c383a426c46d47833450e91685264c043d',
  transactionCode: 'MVCC_READ_CONFLICT'
}
2026.08.11-09:20:08.565[31m error[39m [caliper] [connectors/v2/FabricGateway] 	Failed to perform submit transaction [setFinancePolicyForFinancier] using arguments [,{"minAPR":0.08,"maxAPR":0.24,"baseAPR":0.14,"minTenorDays":7,"maxTenorDays":45,"tenor":21,"minLtvPct":55,"maxLtvPct":85,"ltv":72,"penaltyBasePct":0.4}],  with error: TransactionError: Commit of transaction fa76bc2919d9949bb3e7171fb46f3e814d080920d1fc1144475b8e783db39516 failed on peer peer0.financiers.example.com:7051 with status MVCC_READ_CONFLICT
    at TransactionEventHandler.eventCallback (/home/dhanish/fabric_sfc/caliper-bench/node_modules/fabric-network/lib/impl/event/transactioneventhandler.js:111:31)
    at CommitListenerSession.notifyListener (/home/dhanish/fabric_sfc/caliper-bench/node_modules/fabric-network/lib/impl/event/commitlistenersession.js:101:18)
    at EventListener.callback (/home/dhanish/fabric_sfc/caliper-bench/node_modules/fabric-network/lib/impl/event/commitlistenersession.js:92:18)
    at EventListener.onEvent (/home/dhanish/fabric_sfc/caliper-bench/node_modules/fabric-common/lib/EventListener.js:124:10)
    at EventService._callTransactionListener (/home/dhanish/fabric_sfc/caliper-bench/node_modules/fabric-common/lib/EventService.js:1051:16)
    at EventService._processTxEvents (/home/dhanish/fabric_sfc/caliper-bench/node_modules/fabric-common/lib/EventService.js:1006:12)
    at ClientDuplexStreamImpl.<anonymous> (/home/dhanish/fabric_sfc/caliper-bench/node_modules/fabric-common/lib/EventService.js:481:12)
    at ClientDuplexStreamImpl.emit (node:events:517:28)
    at addChunk (node:internal/streams/readable:368:12)
    at readableAddChunk (node:internal/streams/readable:341:9)
2026-08-11T09:20:08.566Z - [33mwarn[39m: [TransactionEventHandler]: strategyFail: commit failure for transaction "1ef84b77116f45331908ef42072cbf70063e61d3f605e9cc4be9cc4d0acc9012": TransactionError: Commit of transaction 1ef84b77116f45331908ef42072cbf70063e61d3f605e9cc4be9cc4d0acc9012 failed on peer peer0.financiers.example.com:7051 with status MVCC_READ_CONFLICT
    at TransactionEventHandler.eventCallback (/home/dhanish/fabric_sfc/caliper-bench/node_modules/fabric-network/lib/impl/event/transactioneventhandler.js:111:31)
    at CommitListenerSession.notifyListener (/home/dhanish/fabric_sfc/caliper-bench/node_modules/fabric-network/lib/impl/event/commitlistenersession.js:101:18)
    at EventListener.callback (/home/dhanish/fabric_sfc/caliper-bench/node_modules/fabric-network/lib/impl/event/commitlistenersession.js:92:18)
    at EventListener.onEvent (/home/dhanish/fabric_sfc/caliper-bench/node_modules/fabric-common/lib/EventListener.js:124:10)
    at EventService._callTransactionListener (/home/dhanish/fabric_sfc/caliper-bench/node_modules/fabric-common/lib/EventService.js:1051:16)
    at EventService._processTxEvents (/home/dhanish/fabric_sfc/caliper-bench/node_modules/fabric-common/lib/EventService.js:1006:12)
    at ClientDuplexStreamImpl.<anonymous> (/home/dhanish/fabric_sfc/caliper-bench/node_modules/fabric-common/lib/EventService.js:481:12)
    at ClientDuplexStreamImpl.emit (node:events:517:28)
    at addChunk (node:internal/streams/readable:368:12)
    at readableAddChunk (node:internal/streams/readable:341:9) {
  transactionId: '1ef84b77116f45331908ef42072cbf70063e61d3f605e9cc4be9cc4d0acc9012',
  transactionCode: 'MVCC_READ_CONFLICT'
}
2026.08.11-09:20:08.566[31m error[39m [caliper] [connectors/v2/FabricGateway] 	Failed to perform submit transaction [setFinancePolicyForFinancier] using arguments [,{"minAPR":0.08,"maxAPR":0.24,"baseAPR":0.14,"minTenorDays":7,"maxTenorDays":45,"tenor":21,"minLtvPct":55,"maxLtvPct":85,"ltv":72,"penaltyBasePct":0.4}],  with error: TransactionError: Commit of transaction 59b768c32a69933c8b097bdbff1843505a662ae12c0334b5de660d7f61fce139 failed on peer peer0.financiers.example.com:7051 with status MVCC_READ_CONFLICT
    at TransactionEventHandler.eventCallback (/home/dhanish/fabric_sfc/caliper-bench/node_modules/fabric-network/lib/impl/event/transactioneventhandler.js:111:31)
    at CommitListenerSession.notifyListener (/home/dhanish/fabric_sfc/caliper-bench/node_modules/fabric-network/lib/impl/event/commitlistenersession.js:101:18)
    at EventListener.callback (/home/dhanish/fabric_sfc/caliper-bench/node_modules/fabric-network/lib/impl/event/commitlistenersession.js:92:18)
    at EventListener.onEvent (/home/dhanish/fabric_sfc/caliper-bench/node_modules/fabric-common/lib/EventListener.js:124:10)
    at EventService._callTransactionListener (/home/dhanish/fabric_sfc/caliper-bench/node_modules/fabric-common/lib/EventService.js:1051:16)
    at EventService._processTxEvents (/home/dhanish/fabric_sfc/caliper-bench/node_modules/fabric-common/lib/EventService.js:1006:12)
    at ClientDuplexStreamImpl.<anonymous> (/home/dhanish/fabric_sfc/caliper-bench/node_modules/fabric-common/lib/EventService.js:481:12)
    at ClientDuplexStreamImpl.emit (node:events:517:28)
    at addChunk (node:internal/streams/readable:368:12)
    at readableAddChunk (node:internal/streams/readable:341:9)
2026-08-11T09:20:08.566Z - [33mwarn[39m: [TransactionEventHandler]: strategyFail: commit failure for transaction "06249d1cb217380edadc834465ad35abce176da2e43349dc7a4658778badf84b": TransactionError: Commit of transaction 06249d1cb217380edadc834465ad35abce176da2e43349dc7a4658778badf84b failed on peer peer0.financiers.example.com:7051 with status MVCC_READ_CONFLICT
    at TransactionEventHandler.eventCallback (/home/dhanish/fabric_sfc/caliper-bench/node_modules/fabric-network/lib/impl/event/transactioneventhandler.js:111:31)
    at CommitListenerSession.notifyListener (/home/dhanish/fabric_sfc/caliper-bench/node_modules/fabric-network/lib/impl/event/commitlistenersession.js:101:18)
    at EventListener.callback (/home/dhanish/fabric_sfc/caliper-bench/node_modules/fabric-network/lib/impl/event/commitlistenersession.js:92:18)
    at EventListener.onEvent (/home/dhanish/fabric_sfc/caliper-bench/node_modules/fabric-common/lib/EventListener.js:124:10)
    at EventService._callTransactionListener (/home/dhanish/fabric_sfc/caliper-bench/node_modules/fabric-common/lib/EventService.js:1051:16)
    at EventService._processTxEvents (/home/dhanish/fabric_sfc/caliper-bench/node_modules/fabric-common/lib/EventService.js:1006:12)
    at ClientDuplexStreamImpl.<anonymous> (/home/dhanish/fabric_sfc/caliper-bench/node_modules/fabric-common/lib/EventService.js:481:12)
    at ClientDuplexStreamImpl.emit (node:events:517:28)
    at addChunk (node:internal/streams/readable:368:12)
    at readableAddChunk (node:internal/streams/readable:341:9) {
  transactionId: '06249d1cb217380edadc834465ad35abce176da2e43349dc7a4658778badf84b',
  transactionCode: 'MVCC_READ_CONFLICT'
}
2026.08.11-09:20:08.566[31m error[39m [caliper] [connectors/v2/FabricGateway] 	Failed to perform submit transaction [setFinancePolicyForFinancier] using arguments [,{"minAPR":0.08,"maxAPR":0.24,"baseAPR":0.14,"minTenorDays":7,"maxTenorDays":45,"tenor":21,"minLtvPct":55,"maxLtvPct":85,"ltv":72,"penaltyBasePct":0.4}],  with error: TransactionError: Commit of transaction 8fb318aefb269aa25f14eb0a6d5d82c383a426c46d47833450e91685264c043d failed on peer peer0.financiers.example.com:7051 with status MVCC_READ_CONFLICT
    at TransactionEventHandler.eventCallback (/home/dhanish/fabric_sfc/caliper-bench/node_modules/fabric-network/lib/impl/event/transactioneventhandler.js:111:31)
    at CommitListenerSession.notifyListener (/home/dhanish/fabric_sfc/caliper-bench/node_modules/fabric-network/lib/impl/event/commitlistenersession.js:101:18)
    at EventListener.callback (/home/dhanish/fabric_sfc/caliper-bench/node_modules/fabric-network/lib/impl/event/commitlistenersession.js:92:18)
    at EventListener.onEvent (/home/dhanish/fabric_sfc/caliper-bench/node_modules/fabric-common/lib/EventListener.js:124:10)
    at EventService._callTransactionListener (/home/dhanish/fabric_sfc/caliper-bench/node_modules/fabric-common/lib/EventService.js:1051:16)
    at EventService._processTxEvents (/home/dhanish/fabric_sfc/caliper-bench/node_modules/fabric-common/lib/EventService.js:1006:12)
    at ClientDuplexStreamImpl.<anonymous> (/home/dhanish/fabric_sfc/caliper-bench/node_modules/fabric-common/lib/EventService.js:481:12)
    at ClientDuplexStreamImpl.emit (node:events:517:28)
    at addChunk (node:internal/streams/readable:368:12)
    at readableAddChunk (node:internal/streams/readable:341:9)
2026.08.11-09:20:08.566[31m error[39m [caliper] [connectors/v2/FabricGateway] 	Failed to perform submit transaction [setFinancePolicyForFinancier] using arguments [,{"minAPR":0.08,"maxAPR":0.24,"baseAPR":0.14,"minTenorDays":7,"maxTenorDays":45,"tenor":21,"minLtvPct":55,"maxLtvPct":85,"ltv":72,"penaltyBasePct":0.4}],  with error: TransactionError: Commit of transaction 06249d1cb217380edadc834465ad35abce176da2e43349dc7a4658778badf84b failed on peer peer0.financiers.example.com:7051 with status MVCC_READ_CONFLICT
    at TransactionEventHandler.eventCallback (/home/dhanish/fabric_sfc/caliper-bench/node_modules/fabric-network/lib/impl/event/transactioneventhandler.js:111:31)
    at CommitListenerSession.notifyListener (/home/dhanish/fabric_sfc/caliper-bench/node_modules/fabric-network/lib/impl/event/commitlistenersession.js:101:18)
    at EventListener.callback (/home/dhanish/fabric_sfc/caliper-bench/node_modules/fabric-network/lib/impl/event/commitlistenersession.js:92:18)
    at EventListener.onEvent (/home/dhanish/fabric_sfc/caliper-bench/node_modules/fabric-common/lib/EventListener.js:124:10)
    at EventService._callTransactionListener (/home/dhanish/fabric_sfc/caliper-bench/node_modules/fabric-common/lib/EventService.js:1051:16)
    at EventService._processTxEvents (/home/dhanish/fabric_sfc/caliper-bench/node_modules/fabric-common/lib/EventService.js:1006:12)
    at ClientDuplexStreamImpl.<anonymous> (/home/dhanish/fabric_sfc/caliper-bench/node_modules/fabric-common/lib/EventService.js:481:12)
    at ClientDuplexStreamImpl.emit (node:events:517:28)
    at addChunk (node:internal/streams/readable:368:12)
    at readableAddChunk (node:internal/streams/readable:341:9)
2026-08-11T09:20:08.566Z - [33mwarn[39m: [TransactionEventHandler]: strategyFail: commit failure for transaction "54b7d3dbfa8e27074077d78b0d7cdff55bf432bcdcd52981f166d5970b7157f0": TransactionError: Commit of transaction 54b7d3dbfa8e27074077d78b0d7cdff55bf432bcdcd52981f166d5970b7157f0 failed on peer peer0.financiers.example.com:7051 with status MVCC_READ_CONFLICT
    at TransactionEventHandler.eventCallback (/home/dhanish/fabric_sfc/caliper-bench/node_modules/fabric-network/lib/impl/event/transactioneventhandler.js:111:31)
    at CommitListenerSession.notifyListener (/home/dhanish/fabric_sfc/caliper-bench/node_modules/fabric-network/lib/impl/event/commitlistenersession.js:101:18)
    at EventListener.callback (/home/dhanish/fabric_sfc/caliper-bench/node_modules/fabric-network/lib/impl/event/commitlistenersession.js:92:18)
    at EventListener.onEvent (/home/dhanish/fabric_sfc/caliper-bench/node_modules/fabric-common/lib/EventListener.js:124:10)
    at EventService._callTransactionListener (/home/dhanish/fabric_sfc/caliper-bench/node_modules/fabric-common/lib/EventService.js:1051:16)
    at EventService._processTxEvents (/home/dhanish/fabric_sfc/caliper-bench/node_modules/fabric-common/lib/EventService.js:1006:12)
    at ClientDuplexStreamImpl.<anonymous> (/home/dhanish/fabric_sfc/caliper-bench/node_modules/fabric-common/lib/EventService.js:481:12)
    at ClientDuplexStreamImpl.emit (node:events:517:28)
    at addChunk (node:internal/streams/readable:368:12)
    at readableAddChunk (node:internal/streams/readable:341:9) {
  transactionId: '54b7d3dbfa8e27074077d78b0d7cdff55bf432bcdcd52981f166d5970b7157f0',
  transactionCode: 'MVCC_READ_CONFLICT'
}
2026.08.11-09:20:08.567[31m error[39m [caliper] [connectors/v2/FabricGateway] 	Failed to perform submit transaction [setFinancePolicyForFinancier] using arguments [,{"minAPR":0.08,"maxAPR":0.24,"baseAPR":0.14,"minTenorDays":7,"maxTenorDays":45,"tenor":21,"minLtvPct":55,"maxLtvPct":85,"ltv":72,"penaltyBasePct":0.4}],  with error: TransactionError: Commit of transaction 1ef84b77116f45331908ef42072cbf70063e61d3f605e9cc4be9cc4d0acc9012 failed on peer peer0.financiers.example.com:7051 with status MVCC_READ_CONFLICT
    at TransactionEventHandler.eventCallback (/home/dhanish/fabric_sfc/caliper-bench/node_modules/fabric-network/lib/impl/event/transactioneventhandler.js:111:31)
    at CommitListenerSession.notifyListener (/home/dhanish/fabric_sfc/caliper-bench/node_modules/fabric-network/lib/impl/event/commitlistenersession.js:101:18)
    at EventListener.callback (/home/dhanish/fabric_sfc/caliper-bench/node_modules/fabric-network/lib/impl/event/commitlistenersession.js:92:18)
    at EventListener.onEvent (/home/dhanish/fabric_sfc/caliper-bench/node_modules/fabric-common/lib/EventListener.js:124:10)
    at EventService._callTransactionListener (/home/dhanish/fabric_sfc/caliper-bench/node_modules/fabric-common/lib/EventService.js:1051:16)
    at EventService._processTxEvents (/home/dhanish/fabric_sfc/caliper-bench/node_modules/fabric-common/lib/EventService.js:1006:12)
    at ClientDuplexStreamImpl.<anonymous> (/home/dhanish/fabric_sfc/caliper-bench/node_modules/fabric-common/lib/EventService.js:481:12)
    at ClientDuplexStreamImpl.emit (node:events:517:28)
    at addChunk (node:internal/streams/readable:368:12)
    at readableAddChunk (node:internal/streams/readable:341:9)
2026.08.11-09:20:08.567[31m error[39m [caliper] [connectors/v2/FabricGateway] 	Failed to perform submit transaction [setFinancePolicyForFinancier] using arguments [,{"minAPR":0.08,"maxAPR":0.24,"baseAPR":0.14,"minTenorDays":7,"maxTenorDays":45,"tenor":21,"minLtvPct":55,"maxLtvPct":85,"ltv":72,"penaltyBasePct":0.4}],  with error: TransactionError: Commit of transaction 54b7d3dbfa8e27074077d78b0d7cdff55bf432bcdcd52981f166d5970b7157f0 failed on peer peer0.financiers.example.com:7051 with status MVCC_READ_CONFLICT
    at TransactionEventHandler.eventCallback (/home/dhanish/fabric_sfc/caliper-bench/node_modules/fabric-network/lib/impl/event/transactioneventhandler.js:111:31)
    at CommitListenerSession.notifyListener (/home/dhanish/fabric_sfc/caliper-bench/node_modules/fabric-network/lib/impl/event/commitlistenersession.js:101:18)
    at EventListener.callback (/home/dhanish/fabric_sfc/caliper-bench/node_modules/fabric-network/lib/impl/event/commitlistenersession.js:92:18)
    at EventListener.onEvent (/home/dhanish/fabric_sfc/caliper-bench/node_modules/fabric-common/lib/EventListener.js:124:10)
    at EventService._callTransactionListener (/home/dhanish/fabric_sfc/caliper-bench/node_modules/fabric-common/lib/EventService.js:1051:16)
    at EventService._processTxEvents (/home/dhanish/fabric_sfc/caliper-bench/node_modules/fabric-common/lib/EventService.js:1006:12)
    at ClientDuplexStreamImpl.<anonymous> (/home/dhanish/fabric_sfc/caliper-bench/node_modules/fabric-common/lib/EventService.js:481:12)
    at ClientDuplexStreamImpl.emit (node:events:517:28)
    at addChunk (node:internal/streams/readable:368:12)
    at readableAddChunk (node:internal/streams/readable:341:9)
2026-08-11T09:20:08.598Z - [33mwarn[39m: [TransactionEventHandler]: strategyFail: commit failure for transaction "52d03d557609250d432d798060325f308bb1e733142404cf516ad56cceafb565": TransactionError: Commit of transaction 52d03d557609250d432d798060325f308bb1e733142404cf516ad56cceafb565 failed on peer peer0.financiers.example.com:7051 with status MVCC_READ_CONFLICT
    at TransactionEventHandler.eventCallback (/home/dhanish/fabric_sfc/caliper-bench/node_modules/fabric-network/lib/impl/event/transactioneventhandler.js:111:31)
    at CommitListenerSession.notifyListener (/home/dhanish/fabric_sfc/caliper-bench/node_modules/fabric-network/lib/impl/event/commitlistenersession.js:101:18)
    at EventListener.callback (/home/dhanish/fabric_sfc/caliper-bench/node_modules/fabric-network/lib/impl/event/commitlistenersession.js:92:18)
    at EventListener.onEvent (/home/dhanish/fabric_sfc/caliper-bench/node_modules/fabric-common/lib/EventListener.js:124:10)
    at EventService._callTransactionListener (/home/dhanish/fabric_sfc/caliper-bench/node_modules/fabric-common/lib/EventService.js:1051:16)
    at EventService._processTxEvents (/home/dhanish/fabric_sfc/caliper-bench/node_modules/fabric-common/lib/EventService.js:1006:12)
    at ClientDuplexStreamImpl.<anonymous> (/home/dhanish/fabric_sfc/caliper-bench/node_modules/fabric-common/lib/EventService.js:481:12)
    at ClientDuplexStreamImpl.emit (node:events:517:28)
    at addChunk (node:internal/streams/readable:368:12)
    at readableAddChunk (node:internal/streams/readable:341:9) {
  transactionId: '52d03d557609250d432d798060325f308bb1e733142404cf516ad56cceafb565',
  transactionCode: 'MVCC_READ_CONFLICT'
}
2026-08-11T09:20:08.598Z - [33mwarn[39m: [TransactionEventHandler]: strategyFail: commit failure for transaction "64399a5fa65a9ee3a1846d6869339b30bce2c1016c11aecb9321a16ed47aadc9": TransactionError: Commit of transaction 64399a5fa65a9ee3a1846d6869339b30bce2c1016c11aecb9321a16ed47aadc9 failed on peer peer0.financiers.example.com:7051 with status MVCC_READ_CONFLICT
    at TransactionEventHandler.eventCallback (/home/dhanish/fabric_sfc/caliper-bench/node_modules/fabric-network/lib/impl/event/transactioneventhandler.js:111:31)
    at CommitListenerSession.notifyListener (/home/dhanish/fabric_sfc/caliper-bench/node_modules/fabric-network/lib/impl/event/commitlistenersession.js:101:18)
    at EventListener.callback (/home/dhanish/fabric_sfc/caliper-bench/node_modules/fabric-network/lib/impl/event/commitlistenersession.js:92:18)
    at EventListener.onEvent (/home/dhanish/fabric_sfc/caliper-bench/node_modules/fabric-common/lib/EventListener.js:124:10)
    at EventService._callTransactionListener (/home/dhanish/fabric_sfc/caliper-bench/node_modules/fabric-common/lib/EventService.js:1051:16)
    at EventService._processTxEvents (/home/dhanish/fabric_sfc/caliper-bench/node_modules/fabric-common/lib/EventService.js:1006:12)
    at ClientDuplexStreamImpl.<anonymous> (/home/dhanish/fabric_sfc/caliper-bench/node_modules/fabric-common/lib/EventService.js:481:12)
    at ClientDuplexStreamImpl.emit (node:events:517:28)
    at addChunk (node:internal/streams/readable:368:12)
    at readableAddChunk (node:internal/streams/readable:341:9) {
  transactionId: '64399a5fa65a9ee3a1846d6869339b30bce2c1016c11aecb9321a16ed47aadc9',
  transactionCode: 'MVCC_READ_CONFLICT'
}
2026-08-11T09:20:08.598Z - [33mwarn[39m: [TransactionEventHandler]: strategyFail: commit failure for transaction "8a6868425d842af06bfd0cf16dd50ba60dcfc547031b5651325df5c36a0ae6a9": TransactionError: Commit of transaction 8a6868425d842af06bfd0cf16dd50ba60dcfc547031b5651325df5c36a0ae6a9 failed on peer peer0.financiers.example.com:7051 with status MVCC_READ_CONFLICT
    at TransactionEventHandler.eventCallback (/home/dhanish/fabric_sfc/caliper-bench/node_modules/fabric-network/lib/impl/event/transactioneventhandler.js:111:31)
    at CommitListenerSession.notifyListener (/home/dhanish/fabric_sfc/caliper-bench/node_modules/fabric-network/lib/impl/event/commitlistenersession.js:101:18)
    at EventListener.callback (/home/dhanish/fabric_sfc/caliper-bench/node_modules/fabric-network/lib/impl/event/commitlistenersession.js:92:18)
    at EventListener.onEvent (/home/dhanish/fabric_sfc/caliper-bench/node_modules/fabric-common/lib/EventListener.js:124:10)
    at EventService._callTransactionListener (/home/dhanish/fabric_sfc/caliper-bench/node_modules/fabric-common/lib/EventService.js:1051:16)
    at EventService._processTxEvents (/home/dhanish/fabric_sfc/caliper-bench/node_modules/fabric-common/lib/EventService.js:1006:12)
    at ClientDuplexStreamImpl.<anonymous> (/home/dhanish/fabric_sfc/caliper-bench/node_modules/fabric-common/lib/EventService.js:481:12)
    at ClientDuplexStreamImpl.emit (node:events:517:28)
    at addChunk (node:internal/streams/readable:368:12)
    at readableAddChunk (node:internal/streams/readable:341:9) {
  transactionId: '8a6868425d842af06bfd0cf16dd50ba60dcfc547031b5651325df5c36a0ae6a9',
  transactionCode: 'MVCC_READ_CONFLICT'
}
2026-08-11T09:20:08.599Z - [33mwarn[39m: [TransactionEventHandler]: strategyFail: commit failure for transaction "76f69289ef906aadcf714edf67f045cf7f9b67df7ceee16a5f4a062a16d94045": TransactionError: Commit of transaction 76f69289ef906aadcf714edf67f045cf7f9b67df7ceee16a5f4a062a16d94045 failed on peer peer0.financiers.example.com:7051 with status MVCC_READ_CONFLICT
    at TransactionEventHandler.eventCallback (/home/dhanish/fabric_sfc/caliper-bench/node_modules/fabric-network/lib/impl/event/transactioneventhandler.js:111:31)
    at CommitListenerSession.notifyListener (/home/dhanish/fabric_sfc/caliper-bench/node_modules/fabric-network/lib/impl/event/commitlistenersession.js:101:18)
    at EventListener.callback (/home/dhanish/fabric_sfc/caliper-bench/node_modules/fabric-network/lib/impl/event/commitlistenersession.js:92:18)
    at EventListener.onEvent (/home/dhanish/fabric_sfc/caliper-bench/node_modules/fabric-common/lib/EventListener.js:124:10)
    at EventService._callTransactionListener (/home/dhanish/fabric_sfc/caliper-bench/node_modules/fabric-common/lib/EventService.js:1051:16)
    at EventService._processTxEvents (/home/dhanish/fabric_sfc/caliper-bench/node_modules/fabric-common/lib/EventService.js:1006:12)
    at ClientDuplexStreamImpl.<anonymous> (/home/dhanish/fabric_sfc/caliper-bench/node_modules/fabric-common/lib/EventService.js:481:12)
    at ClientDuplexStreamImpl.emit (node:events:517:28)
    at addChunk (node:internal/streams/readable:368:12)
    at readableAddChunk (node:internal/streams/readable:341:9) {
  transactionId: '76f69289ef906aadcf714edf67f045cf7f9b67df7ceee16a5f4a062a16d94045',
  transactionCode: 'MVCC_READ_CONFLICT'
}
2026-08-11T09:20:08.599Z - [33mwarn[39m: [TransactionEventHandler]: strategyFail: commit failure for transaction "ac94801e3070652bb3f99b87db44a94f09056d62d516b40fc1ec1fb779b3aede": TransactionError: Commit of transaction ac94801e3070652bb3f99b87db44a94f09056d62d516b40fc1ec1fb779b3aede failed on peer peer0.financiers.example.com:7051 with status MVCC_READ_CONFLICT
    at TransactionEventHandler.eventCallback (/home/dhanish/fabric_sfc/caliper-bench/node_modules/fabric-network/lib/impl/event/transactioneventhandler.js:111:31)
    at CommitListenerSession.notifyListener (/home/dhanish/fabric_sfc/caliper-bench/node_modules/fabric-network/lib/impl/event/commitlistenersession.js:101:18)
    at EventListener.callback (/home/dhanish/fabric_sfc/caliper-bench/node_modules/fabric-network/lib/impl/event/commitlistenersession.js:92:18)
    at EventListener.onEvent (/home/dhanish/fabric_sfc/caliper-bench/node_modules/fabric-common/lib/EventListener.js:124:10)
    at EventService._callTransactionListener (/home/dhanish/fabric_sfc/caliper-bench/node_modules/fabric-common/lib/EventService.js:1051:16)
    at EventService._processTxEvents (/home/dhanish/fabric_sfc/caliper-bench/node_modules/fabric-common/lib/EventService.js:1006:12)
    at ClientDuplexStreamImpl.<anonymous> (/home/dhanish/fabric_sfc/caliper-bench/node_modules/fabric-common/lib/EventService.js:481:12)
    at ClientDuplexStreamImpl.emit (node:events:517:28)
    at addChunk (node:internal/streams/readable:368:12)
    at readableAddChunk (node:internal/streams/readable:341:9) {
  transactionId: 'ac94801e3070652bb3f99b87db44a94f09056d62d516b40fc1ec1fb779b3aede',
  transactionCode: 'MVCC_READ_CONFLICT'
}
2026.08.11-09:20:08.599[31m error[39m [caliper] [connectors/v2/FabricGateway] 	Failed to perform submit transaction [setFinancePolicyForFinancier] using arguments [,{"minAPR":0.08,"maxAPR":0.24,"baseAPR":0.14,"minTenorDays":7,"maxTenorDays":45,"tenor":21,"minLtvPct":55,"maxLtvPct":85,"ltv":72,"penaltyBasePct":0.4}],  with error: TransactionError: Commit of transaction 64399a5fa65a9ee3a1846d6869339b30bce2c1016c11aecb9321a16ed47aadc9 failed on peer peer0.financiers.example.com:7051 with status MVCC_READ_CONFLICT
    at TransactionEventHandler.eventCallback (/home/dhanish/fabric_sfc/caliper-bench/node_modules/fabric-network/lib/impl/event/transactioneventhandler.js:111:31)
    at CommitListenerSession.notifyListener (/home/dhanish/fabric_sfc/caliper-bench/node_modules/fabric-network/lib/impl/event/commitlistenersession.js:101:18)
    at EventListener.callback (/home/dhanish/fabric_sfc/caliper-bench/node_modules/fabric-network/lib/impl/event/commitlistenersession.js:92:18)
    at EventListener.onEvent (/home/dhanish/fabric_sfc/caliper-bench/node_modules/fabric-common/lib/EventListener.js:124:10)
    at EventService._callTransactionListener (/home/dhanish/fabric_sfc/caliper-bench/node_modules/fabric-common/lib/EventService.js:1051:16)
    at EventService._processTxEvents (/home/dhanish/fabric_sfc/caliper-bench/node_modules/fabric-common/lib/EventService.js:1006:12)
    at ClientDuplexStreamImpl.<anonymous> (/home/dhanish/fabric_sfc/caliper-bench/node_modules/fabric-common/lib/EventService.js:481:12)
    at ClientDuplexStreamImpl.emit (node:events:517:28)
    at addChunk (node:internal/streams/readable:368:12)
    at readableAddChunk (node:internal/streams/readable:341:9)
2026-08-11T09:20:08.599Z - [33mwarn[39m: [TransactionEventHandler]: strategyFail: commit failure for transaction "03afca346d862e691ee541d4513fdb1ee1a938c3387213b5c04e06ee75a470b0": TransactionError: Commit of transaction 03afca346d862e691ee541d4513fdb1ee1a938c3387213b5c04e06ee75a470b0 failed on peer peer0.financiers.example.com:7051 with status MVCC_READ_CONFLICT
    at TransactionEventHandler.eventCallback (/home/dhanish/fabric_sfc/caliper-bench/node_modules/fabric-network/lib/impl/event/transactioneventhandler.js:111:31)
    at CommitListenerSession.notifyListener (/home/dhanish/fabric_sfc/caliper-bench/node_modules/fabric-network/lib/impl/event/commitlistenersession.js:101:18)
    at EventListener.callback (/home/dhanish/fabric_sfc/caliper-bench/node_modules/fabric-network/lib/impl/event/commitlistenersession.js:92:18)
    at EventListener.onEvent (/home/dhanish/fabric_sfc/caliper-bench/node_modules/fabric-common/lib/EventListener.js:124:10)
    at EventService._callTransactionListener (/home/dhanish/fabric_sfc/caliper-bench/node_modules/fabric-common/lib/EventService.js:1051:16)
    at EventService._processTxEvents (/home/dhanish/fabric_sfc/caliper-bench/node_modules/fabric-common/lib/EventService.js:1006:12)
    at ClientDuplexStreamImpl.<anonymous> (/home/dhanish/fabric_sfc/caliper-bench/node_modules/fabric-common/lib/EventService.js:481:12)
    at ClientDuplexStreamImpl.emit (node:events:517:28)
    at addChunk (node:internal/streams/readable:368:12)
    at readableAddChunk (node:internal/streams/readable:341:9) {
  transactionId: '03afca346d862e691ee541d4513fdb1ee1a938c3387213b5c04e06ee75a470b0',
  transactionCode: 'MVCC_READ_CONFLICT'
}
2026.08.11-09:20:08.599[31m error[39m [caliper] [connectors/v2/FabricGateway] 	Failed to perform submit transaction [setFinancePolicyForFinancier] using arguments [,{"minAPR":0.08,"maxAPR":0.24,"baseAPR":0.14,"minTenorDays":7,"maxTenorDays":45,"tenor":21,"minLtvPct":55,"maxLtvPct":85,"ltv":72,"penaltyBasePct":0.4}],  with error: TransactionError: Commit of transaction 52d03d557609250d432d798060325f308bb1e733142404cf516ad56cceafb565 failed on peer peer0.financiers.example.com:7051 with status MVCC_READ_CONFLICT
    at TransactionEventHandler.eventCallback (/home/dhanish/fabric_sfc/caliper-bench/node_modules/fabric-network/lib/impl/event/transactioneventhandler.js:111:31)
    at CommitListenerSession.notifyListener (/home/dhanish/fabric_sfc/caliper-bench/node_modules/fabric-network/lib/impl/event/commitlistenersession.js:101:18)
    at EventListener.callback (/home/dhanish/fabric_sfc/caliper-bench/node_modules/fabric-network/lib/impl/event/commitlistenersession.js:92:18)
    at EventListener.onEvent (/home/dhanish/fabric_sfc/caliper-bench/node_modules/fabric-common/lib/EventListener.js:124:10)
    at EventService._callTransactionListener (/home/dhanish/fabric_sfc/caliper-bench/node_modules/fabric-common/lib/EventService.js:1051:16)
    at EventService._processTxEvents (/home/dhanish/fabric_sfc/caliper-bench/node_modules/fabric-common/lib/EventService.js:1006:12)
    at ClientDuplexStreamImpl.<anonymous> (/home/dhanish/fabric_sfc/caliper-bench/node_modules/fabric-common/lib/EventService.js:481:12)
    at ClientDuplexStreamImpl.emit (node:events:517:28)
    at addChunk (node:internal/streams/readable:368:12)
    at readableAddChunk (node:internal/streams/readable:341:9)
2026.08.11-09:20:08.599[31m error[39m [caliper] [connectors/v2/FabricGateway] 	Failed to perform submit transaction [setFinancePolicyForFinancier] using arguments [,{"minAPR":0.08,"maxAPR":0.24,"baseAPR":0.14,"minTenorDays":7,"maxTenorDays":45,"tenor":21,"minLtvPct":55,"maxLtvPct":85,"ltv":72,"penaltyBasePct":0.4}],  with error: TransactionError: Commit of transaction 76f69289ef906aadcf714edf67f045cf7f9b67df7ceee16a5f4a062a16d94045 failed on peer peer0.financiers.example.com:7051 with status MVCC_READ_CONFLICT
    at TransactionEventHandler.eventCallback (/home/dhanish/fabric_sfc/caliper-bench/node_modules/fabric-network/lib/impl/event/transactioneventhandler.js:111:31)
    at CommitListenerSession.notifyListener (/home/dhanish/fabric_sfc/caliper-bench/node_modules/fabric-network/lib/impl/event/commitlistenersession.js:101:18)
    at EventListener.callback (/home/dhanish/fabric_sfc/caliper-bench/node_modules/fabric-network/lib/impl/event/commitlistenersession.js:92:18)
    at EventListener.onEvent (/home/dhanish/fabric_sfc/caliper-bench/node_modules/fabric-common/lib/EventListener.js:124:10)
    at EventService._callTransactionListener (/home/dhanish/fabric_sfc/caliper-bench/node_modules/fabric-common/lib/EventService.js:1051:16)
    at EventService._processTxEvents (/home/dhanish/fabric_sfc/caliper-bench/node_modules/fabric-common/lib/EventService.js:1006:12)
    at ClientDuplexStreamImpl.<anonymous> (/home/dhanish/fabric_sfc/caliper-bench/node_modules/fabric-common/lib/EventService.js:481:12)
    at ClientDuplexStreamImpl.emit (node:events:517:28)
    at addChunk (node:internal/streams/readable:368:12)
    at readableAddChunk (node:internal/streams/readable:341:9)
2026.08.11-09:20:08.599[31m error[39m [caliper] [connectors/v2/FabricGateway] 	Failed to perform submit transaction [setFinancePolicyForFinancier] using arguments [,{"minAPR":0.08,"maxAPR":0.24,"baseAPR":0.14,"minTenorDays":7,"maxTenorDays":45,"tenor":21,"minLtvPct":55,"maxLtvPct":85,"ltv":72,"penaltyBasePct":0.4}],  with error: TransactionError: Commit of transaction ac94801e3070652bb3f99b87db44a94f09056d62d516b40fc1ec1fb779b3aede failed on peer peer0.financiers.example.com:7051 with status MVCC_READ_CONFLICT
    at TransactionEventHandler.eventCallback (/home/dhanish/fabric_sfc/caliper-bench/node_modules/fabric-network/lib/impl/event/transactioneventhandler.js:111:31)
    at CommitListenerSession.notifyListener (/home/dhanish/fabric_sfc/caliper-bench/node_modules/fabric-network/lib/impl/event/commitlistenersession.js:101:18)
    at EventListener.callback (/home/dhanish/fabric_sfc/caliper-bench/node_modules/fabric-network/lib/impl/event/commitlistenersession.js:92:18)
    at EventListener.onEvent (/home/dhanish/fabric_sfc/caliper-bench/node_modules/fabric-common/lib/EventListener.js:124:10)
    at EventService._callTransactionListener (/home/dhanish/fabric_sfc/caliper-bench/node_modules/fabric-common/lib/EventService.js:1051:16)
    at EventService._processTxEvents (/home/dhanish/fabric_sfc/caliper-bench/node_modules/fabric-common/lib/EventService.js:1006:12)
    at ClientDuplexStreamImpl.<anonymous> (/home/dhanish/fabric_sfc/caliper-bench/node_modules/fabric-common/lib/EventService.js:481:12)
    at ClientDuplexStreamImpl.emit (node:events:517:28)
    at addChunk (node:internal/streams/readable:368:12)
    at readableAddChunk (node:internal/streams/readable:341:9)
2026.08.11-09:20:08.599[31m error[39m [caliper] [connectors/v2/FabricGateway] 	Failed to perform submit transaction [setFinancePolicyForFinancier] using arguments [,{"minAPR":0.08,"maxAPR":0.24,"baseAPR":0.14,"minTenorDays":7,"maxTenorDays":45,"tenor":21,"minLtvPct":55,"maxLtvPct":85,"ltv":72,"penaltyBasePct":0.4}],  with error: TransactionError: Commit of transaction 8a6868425d842af06bfd0cf16dd50ba60dcfc547031b5651325df5c36a0ae6a9 failed on peer peer0.financiers.example.com:7051 with status MVCC_READ_CONFLICT
    at TransactionEventHandler.eventCallback (/home/dhanish/fabric_sfc/caliper-bench/node_modules/fabric-network/lib/impl/event/transactioneventhandler.js:111:31)
    at CommitListenerSession.notifyListener (/home/dhanish/fabric_sfc/caliper-bench/node_modules/fabric-network/lib/impl/event/commitlistenersession.js:101:18)
    at EventListener.callback (/home/dhanish/fabric_sfc/caliper-bench/node_modules/fabric-network/lib/impl/event/commitlistenersession.js:92:18)
    at EventListener.onEvent (/home/dhanish/fabric_sfc/caliper-bench/node_modules/fabric-common/lib/EventListener.js:124:10)
    at EventService._callTransactionListener (/home/dhanish/fabric_sfc/caliper-bench/node_modules/fabric-common/lib/EventService.js:1051:16)
    at EventService._processTxEvents (/home/dhanish/fabric_sfc/caliper-bench/node_modules/fabric-common/lib/EventService.js:1006:12)
    at ClientDuplexStreamImpl.<anonymous> (/home/dhanish/fabric_sfc/caliper-bench/node_modules/fabric-common/lib/EventService.js:481:12)
    at ClientDuplexStreamImpl.emit (node:events:517:28)
    at addChunk (node:internal/streams/readable:368:12)
    at readableAddChunk (node:internal/streams/readable:341:9)
2026.08.11-09:20:08.599[31m error[39m [caliper] [connectors/v2/FabricGateway] 	Failed to perform submit transaction [setFinancePolicyForFinancier] using arguments [,{"minAPR":0.08,"maxAPR":0.24,"baseAPR":0.14,"minTenorDays":7,"maxTenorDays":45,"tenor":21,"minLtvPct":55,"maxLtvPct":85,"ltv":72,"penaltyBasePct":0.4}],  with error: TransactionError: Commit of transaction 03afca346d862e691ee541d4513fdb1ee1a938c3387213b5c04e06ee75a470b0 failed on peer peer0.financiers.example.com:7051 with status MVCC_READ_CONFLICT
    at TransactionEventHandler.eventCallback (/home/dhanish/fabric_sfc/caliper-bench/node_modules/fabric-network/lib/impl/event/transactioneventhandler.js:111:31)
    at CommitListenerSession.notifyListener (/home/dhanish/fabric_sfc/caliper-bench/node_modules/fabric-network/lib/impl/event/commitlistenersession.js:101:18)
    at EventListener.callback (/home/dhanish/fabric_sfc/caliper-bench/node_modules/fabric-network/lib/impl/event/commitlistenersession.js:92:18)
    at EventListener.onEvent (/home/dhanish/fabric_sfc/caliper-bench/node_modules/fabric-common/lib/EventListener.js:124:10)
    at EventService._callTransactionListener (/home/dhanish/fabric_sfc/caliper-bench/node_modules/fabric-common/lib/EventService.js:1051:16)
    at EventService._processTxEvents (/home/dhanish/fabric_sfc/caliper-bench/node_modules/fabric-common/lib/EventService.js:1006:12)
    at ClientDuplexStreamImpl.<anonymous> (/home/dhanish/fabric_sfc/caliper-bench/node_modules/fabric-common/lib/EventService.js:481:12)
    at ClientDuplexStreamImpl.emit (node:events:517:28)
    at addChunk (node:internal/streams/readable:368:12)
    at readableAddChunk (node:internal/streams/readable:341:9)
2026-08-11T09:20:08.601Z - [33mwarn[39m: [TransactionEventHandler]: strategyFail: commit failure for transaction "52bf10d656d31d8f4629900359a31a0fe9112e7e0f3c5393a3cedf823499521a": TransactionError: Commit of transaction 52bf10d656d31d8f4629900359a31a0fe9112e7e0f3c5393a3cedf823499521a failed on peer peer0.financiers.example.com:7051 with status MVCC_READ_CONFLICT
    at TransactionEventHandler.eventCallback (/home/dhanish/fabric_sfc/caliper-bench/node_modules/fabric-network/lib/impl/event/transactioneventhandler.js:111:31)
    at CommitListenerSession.notifyListener (/home/dhanish/fabric_sfc/caliper-bench/node_modules/fabric-network/lib/impl/event/commitlistenersession.js:101:18)
    at EventListener.callback (/home/dhanish/fabric_sfc/caliper-bench/node_modules/fabric-network/lib/impl/event/commitlistenersession.js:92:18)
    at EventListener.onEvent (/home/dhanish/fabric_sfc/caliper-bench/node_modules/fabric-common/lib/EventListener.js:124:10)
    at EventService._callTransactionListener (/home/dhanish/fabric_sfc/caliper-bench/node_modules/fabric-common/lib/EventService.js:1051:16)
    at EventService._processTxEvents (/home/dhanish/fabric_sfc/caliper-bench/node_modules/fabric-common/lib/EventService.js:1006:12)
    at ClientDuplexStreamImpl.<anonymous> (/home/dhanish/fabric_sfc/caliper-bench/node_modules/fabric-common/lib/EventService.js:481:12)
    at ClientDuplexStreamImpl.emit (node:events:517:28)
    at addChunk (node:internal/streams/readable:368:12)
    at readableAddChunk (node:internal/streams/readable:341:9) {
  transactionId: '52bf10d656d31d8f4629900359a31a0fe9112e7e0f3c5393a3cedf823499521a',
  transactionCode: 'MVCC_READ_CONFLICT'
}
2026-08-11T09:20:08.601Z - [33mwarn[39m: [TransactionEventHandler]: strategyFail: commit failure for transaction "22e9caaf5fc5dd4df9ef5ac7578f6fd7d2518deee82e95592fbb453d5f44c742": TransactionError: Commit of transaction 22e9caaf5fc5dd4df9ef5ac7578f6fd7d2518deee82e95592fbb453d5f44c742 failed on peer peer0.financiers.example.com:7051 with status MVCC_READ_CONFLICT
    at TransactionEventHandler.eventCallback (/home/dhanish/fabric_sfc/caliper-bench/node_modules/fabric-network/lib/impl/event/transactioneventhandler.js:111:31)
    at CommitListenerSession.notifyListener (/home/dhanish/fabric_sfc/caliper-bench/node_modules/fabric-network/lib/impl/event/commitlistenersession.js:101:18)
    at EventListener.callback (/home/dhanish/fabric_sfc/caliper-bench/node_modules/fabric-network/lib/impl/event/commitlistenersession.js:92:18)
    at EventListener.onEvent (/home/dhanish/fabric_sfc/caliper-bench/node_modules/fabric-common/lib/EventListener.js:124:10)
    at EventService._callTransactionListener (/home/dhanish/fabric_sfc/caliper-bench/node_modules/fabric-common/lib/EventService.js:1051:16)
    at EventService._processTxEvents (/home/dhanish/fabric_sfc/caliper-bench/node_modules/fabric-common/lib/EventService.js:1006:12)
    at ClientDuplexStreamImpl.<anonymous> (/home/dhanish/fabric_sfc/caliper-bench/node_modules/fabric-common/lib/EventService.js:481:12)
    at ClientDuplexStreamImpl.emit (node:events:517:28)
    at addChunk (node:internal/streams/readable:368:12)
    at readableAddChunk (node:internal/streams/readable:341:9) {
  transactionId: '22e9caaf5fc5dd4df9ef5ac7578f6fd7d2518deee82e95592fbb453d5f44c742',
  transactionCode: 'MVCC_READ_CONFLICT'
}
2026-08-11T09:20:08.601Z - [33mwarn[39m: [TransactionEventHandler]: strategyFail: commit failure for transaction "ed60b7baf41c631491631f822651d9c7395ad702ed2e80979081c7ad5b1a55d6": TransactionError: Commit of transaction ed60b7baf41c631491631f822651d9c7395ad702ed2e80979081c7ad5b1a55d6 failed on peer peer0.financiers.example.com:7051 with status MVCC_READ_CONFLICT
    at TransactionEventHandler.eventCallback (/home/dhanish/fabric_sfc/caliper-bench/node_modules/fabric-network/lib/impl/event/transactioneventhandler.js:111:31)
    at CommitListenerSession.notifyListener (/home/dhanish/fabric_sfc/caliper-bench/node_modules/fabric-network/lib/impl/event/commitlistenersession.js:101:18)
    at EventListener.callback (/home/dhanish/fabric_sfc/caliper-bench/node_modules/fabric-network/lib/impl/event/commitlistenersession.js:92:18)
    at EventListener.onEvent (/home/dhanish/fabric_sfc/caliper-bench/node_modules/fabric-common/lib/EventListener.js:124:10)
    at EventService._callTransactionListener (/home/dhanish/fabric_sfc/caliper-bench/node_modules/fabric-common/lib/EventService.js:1051:16)
    at EventService._processTxEvents (/home/dhanish/fabric_sfc/caliper-bench/node_modules/fabric-common/lib/EventService.js:1006:12)
    at ClientDuplexStreamImpl.<anonymous> (/home/dhanish/fabric_sfc/caliper-bench/node_modules/fabric-common/lib/EventService.js:481:12)
    at ClientDuplexStreamImpl.emit (node:events:517:28)
    at addChunk (node:internal/streams/readable:368:12)
    at readableAddChunk (node:internal/streams/readable:341:9) {
  transactionId: 'ed60b7baf41c631491631f822651d9c7395ad702ed2e80979081c7ad5b1a55d6',
  transactionCode: 'MVCC_READ_CONFLICT'
}
2026.08.11-09:20:08.601[31m error[39m [caliper] [connectors/v2/FabricGateway] 	Failed to perform submit transaction [setFinancePolicyForFinancier] using arguments [,{"minAPR":0.08,"maxAPR":0.24,"baseAPR":0.14,"minTenorDays":7,"maxTenorDays":45,"tenor":21,"minLtvPct":55,"maxLtvPct":85,"ltv":72,"penaltyBasePct":0.4}],  with error: TransactionError: Commit of transaction 52bf10d656d31d8f4629900359a31a0fe9112e7e0f3c5393a3cedf823499521a failed on peer peer0.financiers.example.com:7051 with status MVCC_READ_CONFLICT
    at TransactionEventHandler.eventCallback (/home/dhanish/fabric_sfc/caliper-bench/node_modules/fabric-network/lib/impl/event/transactioneventhandler.js:111:31)
    at CommitListenerSession.notifyListener (/home/dhanish/fabric_sfc/caliper-bench/node_modules/fabric-network/lib/impl/event/commitlistenersession.js:101:18)
    at EventListener.callback (/home/dhanish/fabric_sfc/caliper-bench/node_modules/fabric-network/lib/impl/event/commitlistenersession.js:92:18)
    at EventListener.onEvent (/home/dhanish/fabric_sfc/caliper-bench/node_modules/fabric-common/lib/EventListener.js:124:10)
    at EventService._callTransactionListener (/home/dhanish/fabric_sfc/caliper-bench/node_modules/fabric-common/lib/EventService.js:1051:16)
    at EventService._processTxEvents (/home/dhanish/fabric_sfc/caliper-bench/node_modules/fabric-common/lib/EventService.js:1006:12)
    at ClientDuplexStreamImpl.<anonymous> (/home/dhanish/fabric_sfc/caliper-bench/node_modules/fabric-common/lib/EventService.js:481:12)
    at ClientDuplexStreamImpl.emit (node:events:517:28)
    at addChunk (node:internal/streams/readable:368:12)
    at readableAddChunk (node:internal/streams/readable:341:9)
2026.08.11-09:20:08.601[31m error[39m [caliper] [connectors/v2/FabricGateway] 	Failed to perform submit transaction [setFinancePolicyForFinancier] using arguments [,{"minAPR":0.08,"maxAPR":0.24,"baseAPR":0.14,"minTenorDays":7,"maxTenorDays":45,"tenor":21,"minLtvPct":55,"maxLtvPct":85,"ltv":72,"penaltyBasePct":0.4}],  with error: TransactionError: Commit of transaction 22e9caaf5fc5dd4df9ef5ac7578f6fd7d2518deee82e95592fbb453d5f44c742 failed on peer peer0.financiers.example.com:7051 with status MVCC_READ_CONFLICT
    at TransactionEventHandler.eventCallback (/home/dhanish/fabric_sfc/caliper-bench/node_modules/fabric-network/lib/impl/event/transactioneventhandler.js:111:31)
    at CommitListenerSession.notifyListener (/home/dhanish/fabric_sfc/caliper-bench/node_modules/fabric-network/lib/impl/event/commitlistenersession.js:101:18)
    at EventListener.callback (/home/dhanish/fabric_sfc/caliper-bench/node_modules/fabric-network/lib/impl/event/commitlistenersession.js:92:18)
    at EventListener.onEvent (/home/dhanish/fabric_sfc/caliper-bench/node_modules/fabric-common/lib/EventListener.js:124:10)
    at EventService._callTransactionListener (/home/dhanish/fabric_sfc/caliper-bench/node_modules/fabric-common/lib/EventService.js:1051:16)
    at EventService._processTxEvents (/home/dhanish/fabric_sfc/caliper-bench/node_modules/fabric-common/lib/EventService.js:1006:12)
    at ClientDuplexStreamImpl.<anonymous> (/home/dhanish/fabric_sfc/caliper-bench/node_modules/fabric-common/lib/EventService.js:481:12)
    at ClientDuplexStreamImpl.emit (node:events:517:28)
    at addChunk (node:internal/streams/readable:368:12)
    at readableAddChunk (node:internal/streams/readable:341:9)
2026.08.11-09:20:08.602[31m error[39m [caliper] [connectors/v2/FabricGateway] 	Failed to perform submit transaction [setFinancePolicyForFinancier] using arguments [,{"minAPR":0.08,"maxAPR":0.24,"baseAPR":0.14,"minTenorDays":7,"maxTenorDays":45,"tenor":21,"minLtvPct":55,"maxLtvPct":85,"ltv":72,"penaltyBasePct":0.4}],  with error: TransactionError: Commit of transaction ed60b7baf41c631491631f822651d9c7395ad702ed2e80979081c7ad5b1a55d6 failed on peer peer0.financiers.example.com:7051 with status MVCC_READ_CONFLICT
    at TransactionEventHandler.eventCallback (/home/dhanish/fabric_sfc/caliper-bench/node_modules/fabric-network/lib/impl/event/transactioneventhandler.js:111:31)
    at CommitListenerSession.notifyListener (/home/dhanish/fabric_sfc/caliper-bench/node_modules/fabric-network/lib/impl/event/commitlistenersession.js:101:18)
    at EventListener.callback (/home/dhanish/fabric_sfc/caliper-bench/node_modules/fabric-network/lib/impl/event/commitlistenersession.js:92:18)
    at EventListener.onEvent (/home/dhanish/fabric_sfc/caliper-bench/node_modules/fabric-common/lib/EventListener.js:124:10)
    at EventService._callTransactionListener (/home/dhanish/fabric_sfc/caliper-bench/node_modules/fabric-common/lib/EventService.js:1051:16)
    at EventService._processTxEvents (/home/dhanish/fabric_sfc/caliper-bench/node_modules/fabric-common/lib/EventService.js:1006:12)
    at ClientDuplexStreamImpl.<anonymous> (/home/dhanish/fabric_sfc/caliper-bench/node_modules/fabric-common/lib/EventService.js:481:12)
    at ClientDuplexStreamImpl.emit (node:events:517:28)
    at addChunk (node:internal/streams/readable:368:12)
    at readableAddChunk (node:internal/streams/readable:341:9)
2026-08-11T09:20:08.625Z - [33mwarn[39m: [TransactionEventHandler]: strategyFail: commit failure for transaction "9b3b7ed82696629490a179d095cc4c13841861869d41b5677d7c74fc7c240f97": TransactionError: Commit of transaction 9b3b7ed82696629490a179d095cc4c13841861869d41b5677d7c74fc7c240f97 failed on peer peer0.financiers.example.com:7051 with status MVCC_READ_CONFLICT
    at TransactionEventHandler.eventCallback (/home/dhanish/fabric_sfc/caliper-bench/node_modules/fabric-network/lib/impl/event/transactioneventhandler.js:111:31)
    at CommitListenerSession.notifyListener (/home/dhanish/fabric_sfc/caliper-bench/node_modules/fabric-network/lib/impl/event/commitlistenersession.js:101:18)
    at EventListener.callback (/home/dhanish/fabric_sfc/caliper-bench/node_modules/fabric-network/lib/impl/event/commitlistenersession.js:92:18)
    at EventListener.onEvent (/home/dhanish/fabric_sfc/caliper-bench/node_modules/fabric-common/lib/EventListener.js:124:10)
    at EventService._callTransactionListener (/home/dhanish/fabric_sfc/caliper-bench/node_modules/fabric-common/lib/EventService.js:1051:16)
    at EventService._processTxEvents (/home/dhanish/fabric_sfc/caliper-bench/node_modules/fabric-common/lib/EventService.js:1006:12)
    at ClientDuplexStreamImpl.<anonymous> (/home/dhanish/fabric_sfc/caliper-bench/node_modules/fabric-common/lib/EventService.js:481:12)
    at ClientDuplexStreamImpl.emit (node:events:517:28)
    at addChunk (node:internal/streams/readable:368:12)
    at readableAddChunk (node:internal/streams/readable:341:9) {
  transactionId: '9b3b7ed82696629490a179d095cc4c13841861869d41b5677d7c74fc7c240f97',
  transactionCode: 'MVCC_READ_CONFLICT'
}
2026-08-11T09:20:08.625Z - [33mwarn[39m: [TransactionEventHandler]: strategyFail: commit failure for transaction "9c98e3a6ab16d44cc3a726d4e5abaa6d7ea0b73e1bf8dab228947a3a5917df2d": TransactionError: Commit of transaction 9c98e3a6ab16d44cc3a726d4e5abaa6d7ea0b73e1bf8dab228947a3a5917df2d failed on peer peer0.financiers.example.com:7051 with status MVCC_READ_CONFLICT
    at TransactionEventHandler.eventCallback (/home/dhanish/fabric_sfc/caliper-bench/node_modules/fabric-network/lib/impl/event/transactioneventhandler.js:111:31)
    at CommitListenerSession.notifyListener (/home/dhanish/fabric_sfc/caliper-bench/node_modules/fabric-network/lib/impl/event/commitlistenersession.js:101:18)
    at EventListener.callback (/home/dhanish/fabric_sfc/caliper-bench/node_modules/fabric-network/lib/impl/event/commitlistenersession.js:92:18)
    at EventListener.onEvent (/home/dhanish/fabric_sfc/caliper-bench/node_modules/fabric-common/lib/EventListener.js:124:10)
    at EventService._callTransactionListener (/home/dhanish/fabric_sfc/caliper-bench/node_modules/fabric-common/lib/EventService.js:1051:16)
    at EventService._processTxEvents (/home/dhanish/fabric_sfc/caliper-bench/node_modules/fabric-common/lib/EventService.js:1006:12)
    at ClientDuplexStreamImpl.<anonymous> (/home/dhanish/fabric_sfc/caliper-bench/node_modules/fabric-common/lib/EventService.js:481:12)
    at ClientDuplexStreamImpl.emit (node:events:517:28)
    at addChunk (node:internal/streams/readable:368:12)
    at readableAddChunk (node:internal/streams/readable:341:9) {
  transactionId: '9c98e3a6ab16d44cc3a726d4e5abaa6d7ea0b73e1bf8dab228947a3a5917df2d',
  transactionCode: 'MVCC_READ_CONFLICT'
}
2026-08-11T09:20:08.625Z - [33mwarn[39m: [TransactionEventHandler]: strategyFail: commit failure for transaction "4b54bb296f0fedaa76f9226f15a00aa0d50b047e5ebc6bb2960085abdcd15fb0": TransactionError: Commit of transaction 4b54bb296f0fedaa76f9226f15a00aa0d50b047e5ebc6bb2960085abdcd15fb0 failed on peer peer0.financiers.example.com:7051 with status MVCC_READ_CONFLICT
    at TransactionEventHandler.eventCallback (/home/dhanish/fabric_sfc/caliper-bench/node_modules/fabric-network/lib/impl/event/transactioneventhandler.js:111:31)
    at CommitListenerSession.notifyListener (/home/dhanish/fabric_sfc/caliper-bench/node_modules/fabric-network/lib/impl/event/commitlistenersession.js:101:18)
    at EventListener.callback (/home/dhanish/fabric_sfc/caliper-bench/node_modules/fabric-network/lib/impl/event/commitlistenersession.js:92:18)
    at EventListener.onEvent (/home/dhanish/fabric_sfc/caliper-bench/node_modules/fabric-common/lib/EventListener.js:124:10)
    at EventService._callTransactionListener (/home/dhanish/fabric_sfc/caliper-bench/node_modules/fabric-common/lib/EventService.js:1051:16)
    at EventService._processTxEvents (/home/dhanish/fabric_sfc/caliper-bench/node_modules/fabric-common/lib/EventService.js:1006:12)
    at ClientDuplexStreamImpl.<anonymous> (/home/dhanish/fabric_sfc/caliper-bench/node_modules/fabric-common/lib/EventService.js:481:12)
    at ClientDuplexStreamImpl.emit (node:events:517:28)
    at addChunk (node:internal/streams/readable:368:12)
    at readableAddChunk (node:internal/streams/readable:341:9) {
  transactionId: '4b54bb296f0fedaa76f9226f15a00aa0d50b047e5ebc6bb2960085abdcd15fb0',
  transactionCode: 'MVCC_READ_CONFLICT'
}
2026-08-11T09:20:08.625Z - [33mwarn[39m: [TransactionEventHandler]: strategyFail: commit failure for transaction "b3a086f7ed81289b240eea9f613eb41eeb2a1b4f84ffca7751ac6f85aaaf7ae4": TransactionError: Commit of transaction b3a086f7ed81289b240eea9f613eb41eeb2a1b4f84ffca7751ac6f85aaaf7ae4 failed on peer peer0.financiers.example.com:7051 with status MVCC_READ_CONFLICT
    at TransactionEventHandler.eventCallback (/home/dhanish/fabric_sfc/caliper-bench/node_modules/fabric-network/lib/impl/event/transactioneventhandler.js:111:31)
    at CommitListenerSession.notifyListener (/home/dhanish/fabric_sfc/caliper-bench/node_modules/fabric-network/lib/impl/event/commitlistenersession.js:101:18)
    at EventListener.callback (/home/dhanish/fabric_sfc/caliper-bench/node_modules/fabric-network/lib/impl/event/commitlistenersession.js:92:18)
    at EventListener.onEvent (/home/dhanish/fabric_sfc/caliper-bench/node_modules/fabric-common/lib/EventListener.js:124:10)
    at EventService._callTransactionListener (/home/dhanish/fabric_sfc/caliper-bench/node_modules/fabric-common/lib/EventService.js:1051:16)
    at EventService._processTxEvents (/home/dhanish/fabric_sfc/caliper-bench/node_modules/fabric-common/lib/EventService.js:1006:12)
    at ClientDuplexStreamImpl.<anonymous> (/home/dhanish/fabric_sfc/caliper-bench/node_modules/fabric-common/lib/EventService.js:481:12)
    at ClientDuplexStreamImpl.emit (node:events:517:28)
    at addChunk (node:internal/streams/readable:368:12)
    at readableAddChunk (node:internal/streams/readable:341:9) {
  transactionId: 'b3a086f7ed81289b240eea9f613eb41eeb2a1b4f84ffca7751ac6f85aaaf7ae4',
  transactionCode: 'MVCC_READ_CONFLICT'
}
2026-08-11T09:20:08.625Z - [33mwarn[39m: [TransactionEventHandler]: strategyFail: commit failure for transaction "900cf3757f9c330431b22d7bc44cf341d34ded0b1a71808beedfac6af98a58fb": TransactionError: Commit of transaction 900cf3757f9c330431b22d7bc44cf341d34ded0b1a71808beedfac6af98a58fb failed on peer peer0.financiers.example.com:7051 with status MVCC_READ_CONFLICT
    at TransactionEventHandler.eventCallback (/home/dhanish/fabric_sfc/caliper-bench/node_modules/fabric-network/lib/impl/event/transactioneventhandler.js:111:31)
    at CommitListenerSession.notifyListener (/home/dhanish/fabric_sfc/caliper-bench/node_modules/fabric-network/lib/impl/event/commitlistenersession.js:101:18)
    at EventListener.callback (/home/dhanish/fabric_sfc/caliper-bench/node_modules/fabric-network/lib/impl/event/commitlistenersession.js:92:18)
    at EventListener.onEvent (/home/dhanish/fabric_sfc/caliper-bench/node_modules/fabric-common/lib/EventListener.js:124:10)
    at EventService._callTransactionListener (/home/dhanish/fabric_sfc/caliper-bench/node_modules/fabric-common/lib/EventService.js:1051:16)
    at EventService._processTxEvents (/home/dhanish/fabric_sfc/caliper-bench/node_modules/fabric-common/lib/EventService.js:1006:12)
    at ClientDuplexStreamImpl.<anonymous> (/home/dhanish/fabric_sfc/caliper-bench/node_modules/fabric-common/lib/EventService.js:481:12)
    at ClientDuplexStreamImpl.emit (node:events:517:28)
    at addChunk (node:internal/streams/readable:368:12)
    at readableAddChunk (node:internal/streams/readable:341:9) {
  transactionId: '900cf3757f9c330431b22d7bc44cf341d34ded0b1a71808beedfac6af98a58fb',
  transactionCode: 'MVCC_READ_CONFLICT'
}
2026-08-11T09:20:08.625Z - [33mwarn[39m: [TransactionEventHandler]: strategyFail: commit failure for transaction "d65c1d62964bdbceaba78e19abc0c4d25ea303c197183862160968952770ef87": TransactionError: Commit of transaction d65c1d62964bdbceaba78e19abc0c4d25ea303c197183862160968952770ef87 failed on peer peer0.financiers.example.com:7051 with status MVCC_READ_CONFLICT
    at TransactionEventHandler.eventCallback (/home/dhanish/fabric_sfc/caliper-bench/node_modules/fabric-network/lib/impl/event/transactioneventhandler.js:111:31)
    at CommitListenerSession.notifyListener (/home/dhanish/fabric_sfc/caliper-bench/node_modules/fabric-network/lib/impl/event/commitlistenersession.js:101:18)
    at EventListener.callback (/home/dhanish/fabric_sfc/caliper-bench/node_modules/fabric-network/lib/impl/event/commitlistenersession.js:92:18)
    at EventListener.onEvent (/home/dhanish/fabric_sfc/caliper-bench/node_modules/fabric-common/lib/EventListener.js:124:10)
    at EventService._callTransactionListener (/home/dhanish/fabric_sfc/caliper-bench/node_modules/fabric-common/lib/EventService.js:1051:16)
    at EventService._processTxEvents (/home/dhanish/fabric_sfc/caliper-bench/node_modules/fabric-common/lib/EventService.js:1006:12)
    at ClientDuplexStreamImpl.<anonymous> (/home/dhanish/fabric_sfc/caliper-bench/node_modules/fabric-common/lib/EventService.js:481:12)
    at ClientDuplexStreamImpl.emit (node:events:517:28)
    at addChunk (node:internal/streams/readable:368:12)
    at readableAddChunk (node:internal/streams/readable:341:9) {
  transactionId: 'd65c1d62964bdbceaba78e19abc0c4d25ea303c197183862160968952770ef87',
  transactionCode: 'MVCC_READ_CONFLICT'
}
2026-08-11T09:20:08.625Z - [33mwarn[39m: [TransactionEventHandler]: strategyFail: commit failure for transaction "aee95ee3e18a70b2f10939798c1c8743d7d10559ebdd19ab81365318a0c5ab14": TransactionError: Commit of transaction aee95ee3e18a70b2f10939798c1c8743d7d10559ebdd19ab81365318a0c5ab14 failed on peer peer0.financiers.example.com:7051 with status MVCC_READ_CONFLICT
    at TransactionEventHandler.eventCallback (/home/dhanish/fabric_sfc/caliper-bench/node_modules/fabric-network/lib/impl/event/transactioneventhandler.js:111:31)
    at CommitListenerSession.notifyListener (/home/dhanish/fabric_sfc/caliper-bench/node_modules/fabric-network/lib/impl/event/commitlistenersession.js:101:18)
    at EventListener.callback (/home/dhanish/fabric_sfc/caliper-bench/node_modules/fabric-network/lib/impl/event/commitlistenersession.js:92:18)
    at EventListener.onEvent (/home/dhanish/fabric_sfc/caliper-bench/node_modules/fabric-common/lib/EventListener.js:124:10)
    at EventService._callTransactionListener (/home/dhanish/fabric_sfc/caliper-bench/node_modules/fabric-common/lib/EventService.js:1051:16)
    at EventService._processTxEvents (/home/dhanish/fabric_sfc/caliper-bench/node_modules/fabric-common/lib/EventService.js:1006:12)
    at ClientDuplexStreamImpl.<anonymous> (/home/dhanish/fabric_sfc/caliper-bench/node_modules/fabric-common/lib/EventService.js:481:12)
    at ClientDuplexStreamImpl.emit (node:events:517:28)
    at addChunk (node:internal/streams/readable:368:12)
    at readableAddChunk (node:internal/streams/readable:341:9) {
  transactionId: 'aee95ee3e18a70b2f10939798c1c8743d7d10559ebdd19ab81365318a0c5ab14',
  transactionCode: 'MVCC_READ_CONFLICT'
}
2026-08-11T09:20:08.625Z - [33mwarn[39m: [TransactionEventHandler]: strategyFail: commit failure for transaction "7e6a9e227f3be150dee11a0c59d5cc115d9e4029d9a5e63f68a648b2ad00329c": TransactionError: Commit of transaction 7e6a9e227f3be150dee11a0c59d5cc115d9e4029d9a5e63f68a648b2ad00329c failed on peer peer0.financiers.example.com:7051 with status MVCC_READ_CONFLICT
    at TransactionEventHandler.eventCallback (/home/dhanish/fabric_sfc/caliper-bench/node_modules/fabric-network/lib/impl/event/transactioneventhandler.js:111:31)
    at CommitListenerSession.notifyListener (/home/dhanish/fabric_sfc/caliper-bench/node_modules/fabric-network/lib/impl/event/commitlistenersession.js:101:18)
    at EventListener.callback (/home/dhanish/fabric_sfc/caliper-bench/node_modules/fabric-network/lib/impl/event/commitlistenersession.js:92:18)
    at EventListener.onEvent (/home/dhanish/fabric_sfc/caliper-bench/node_modules/fabric-common/lib/EventListener.js:124:10)
    at EventService._callTransactionListener (/home/dhanish/fabric_sfc/caliper-bench/node_modules/fabric-common/lib/EventService.js:1051:16)
    at EventService._processTxEvents (/home/dhanish/fabric_sfc/caliper-bench/node_modules/fabric-common/lib/EventService.js:1006:12)
    at ClientDuplexStreamImpl.<anonymous> (/home/dhanish/fabric_sfc/caliper-bench/node_modules/fabric-common/lib/EventService.js:481:12)
    at ClientDuplexStreamImpl.emit (node:events:517:28)
    at addChunk (node:internal/streams/readable:368:12)
    at readableAddChunk (node:internal/streams/readable:341:9) {
  transactionId: '7e6a9e227f3be150dee11a0c59d5cc115d9e4029d9a5e63f68a648b2ad00329c',
  transactionCode: 'MVCC_READ_CONFLICT'
}
2026.08.11-09:20:08.625[31m error[39m [caliper] [connectors/v2/FabricGateway] 	Failed to perform submit transaction [setFinancePolicyForFinancier] using arguments [,{"minAPR":0.08,"maxAPR":0.24,"baseAPR":0.14,"minTenorDays":7,"maxTenorDays":45,"tenor":21,"minLtvPct":55,"maxLtvPct":85,"ltv":72,"penaltyBasePct":0.4}],  with error: TransactionError: Commit of transaction 4b54bb296f0fedaa76f9226f15a00aa0d50b047e5ebc6bb2960085abdcd15fb0 failed on peer peer0.financiers.example.com:7051 with status MVCC_READ_CONFLICT
    at TransactionEventHandler.eventCallback (/home/dhanish/fabric_sfc/caliper-bench/node_modules/fabric-network/lib/impl/event/transactioneventhandler.js:111:31)
    at CommitListenerSession.notifyListener (/home/dhanish/fabric_sfc/caliper-bench/node_modules/fabric-network/lib/impl/event/commitlistenersession.js:101:18)
    at EventListener.callback (/home/dhanish/fabric_sfc/caliper-bench/node_modules/fabric-network/lib/impl/event/commitlistenersession.js:92:18)
    at EventListener.onEvent (/home/dhanish/fabric_sfc/caliper-bench/node_modules/fabric-common/lib/EventListener.js:124:10)
    at EventService._callTransactionListener (/home/dhanish/fabric_sfc/caliper-bench/node_modules/fabric-common/lib/EventService.js:1051:16)
    at EventService._processTxEvents (/home/dhanish/fabric_sfc/caliper-bench/node_modules/fabric-common/lib/EventService.js:1006:12)
    at ClientDuplexStreamImpl.<anonymous> (/home/dhanish/fabric_sfc/caliper-bench/node_modules/fabric-common/lib/EventService.js:481:12)
    at ClientDuplexStreamImpl.emit (node:events:517:28)
    at addChunk (node:internal/streams/readable:368:12)
    at readableAddChunk (node:internal/streams/readable:341:9)
2026-08-11T09:20:08.625Z - [33mwarn[39m: [TransactionEventHandler]: strategyFail: commit failure for transaction "9eeeebc3953496a8d9f2c30287ba3beedf755e0551466a86db3bc13761a7f4bc": TransactionError: Commit of transaction 9eeeebc3953496a8d9f2c30287ba3beedf755e0551466a86db3bc13761a7f4bc failed on peer peer0.financiers.example.com:7051 with status MVCC_READ_CONFLICT
    at TransactionEventHandler.eventCallback (/home/dhanish/fabric_sfc/caliper-bench/node_modules/fabric-network/lib/impl/event/transactioneventhandler.js:111:31)
    at CommitListenerSession.notifyListener (/home/dhanish/fabric_sfc/caliper-bench/node_modules/fabric-network/lib/impl/event/commitlistenersession.js:101:18)
    at EventListener.callback (/home/dhanish/fabric_sfc/caliper-bench/node_modules/fabric-network/lib/impl/event/commitlistenersession.js:92:18)
    at EventListener.onEvent (/home/dhanish/fabric_sfc/caliper-bench/node_modules/fabric-common/lib/EventListener.js:124:10)
    at EventService._callTransactionListener (/home/dhanish/fabric_sfc/caliper-bench/node_modules/fabric-common/lib/EventService.js:1051:16)
    at EventService._processTxEvents (/home/dhanish/fabric_sfc/caliper-bench/node_modules/fabric-common/lib/EventService.js:1006:12)
    at ClientDuplexStreamImpl.<anonymous> (/home/dhanish/fabric_sfc/caliper-bench/node_modules/fabric-common/lib/EventService.js:481:12)
    at ClientDuplexStreamImpl.emit (node:events:517:28)
    at addChunk (node:internal/streams/readable:368:12)
    at readableAddChunk (node:internal/streams/readable:341:9) {
  transactionId: '9eeeebc3953496a8d9f2c30287ba3beedf755e0551466a86db3bc13761a7f4bc',
  transactionCode: 'MVCC_READ_CONFLICT'
}
2026.08.11-09:20:08.625[31m error[39m [caliper] [connectors/v2/FabricGateway] 	Failed to perform submit transaction [setFinancePolicyForFinancier] using arguments [,{"minAPR":0.08,"maxAPR":0.24,"baseAPR":0.14,"minTenorDays":7,"maxTenorDays":45,"tenor":21,"minLtvPct":55,"maxLtvPct":85,"ltv":72,"penaltyBasePct":0.4}],  with error: TransactionError: Commit of transaction 9c98e3a6ab16d44cc3a726d4e5abaa6d7ea0b73e1bf8dab228947a3a5917df2d failed on peer peer0.financiers.example.com:7051 with status MVCC_READ_CONFLICT
    at TransactionEventHandler.eventCallback (/home/dhanish/fabric_sfc/caliper-bench/node_modules/fabric-network/lib/impl/event/transactioneventhandler.js:111:31)
    at CommitListenerSession.notifyListener (/home/dhanish/fabric_sfc/caliper-bench/node_modules/fabric-network/lib/impl/event/commitlistenersession.js:101:18)
    at EventListener.callback (/home/dhanish/fabric_sfc/caliper-bench/node_modules/fabric-network/lib/impl/event/commitlistenersession.js:92:18)
    at EventListener.onEvent (/home/dhanish/fabric_sfc/caliper-bench/node_modules/fabric-common/lib/EventListener.js:124:10)
    at EventService._callTransactionListener (/home/dhanish/fabric_sfc/caliper-bench/node_modules/fabric-common/lib/EventService.js:1051:16)
    at EventService._processTxEvents (/home/dhanish/fabric_sfc/caliper-bench/node_modules/fabric-common/lib/EventService.js:1006:12)
    at ClientDuplexStreamImpl.<anonymous> (/home/dhanish/fabric_sfc/caliper-bench/node_modules/fabric-common/lib/EventService.js:481:12)
    at ClientDuplexStreamImpl.emit (node:events:517:28)
    at addChunk (node:internal/streams/readable:368:12)
    at readableAddChunk (node:internal/streams/readable:341:9)
2026.08.11-09:20:08.625[31m error[39m [caliper] [connectors/v2/FabricGateway] 	Failed to perform submit transaction [setFinancePolicyForFinancier] using arguments [,{"minAPR":0.08,"maxAPR":0.24,"baseAPR":0.14,"minTenorDays":7,"maxTenorDays":45,"tenor":21,"minLtvPct":55,"maxLtvPct":85,"ltv":72,"penaltyBasePct":0.4}],  with error: TransactionError: Commit of transaction b3a086f7ed81289b240eea9f613eb41eeb2a1b4f84ffca7751ac6f85aaaf7ae4 failed on peer peer0.financiers.example.com:7051 with status MVCC_READ_CONFLICT
    at TransactionEventHandler.eventCallback (/home/dhanish/fabric_sfc/caliper-bench/node_modules/fabric-network/lib/impl/event/transactioneventhandler.js:111:31)
    at CommitListenerSession.notifyListener (/home/dhanish/fabric_sfc/caliper-bench/node_modules/fabric-network/lib/impl/event/commitlistenersession.js:101:18)
    at EventListener.callback (/home/dhanish/fabric_sfc/caliper-bench/node_modules/fabric-network/lib/impl/event/commitlistenersession.js:92:18)
    at EventListener.onEvent (/home/dhanish/fabric_sfc/caliper-bench/node_modules/fabric-common/lib/EventListener.js:124:10)
    at EventService._callTransactionListener (/home/dhanish/fabric_sfc/caliper-bench/node_modules/fabric-common/lib/EventService.js:1051:16)
    at EventService._processTxEvents (/home/dhanish/fabric_sfc/caliper-bench/node_modules/fabric-common/lib/EventService.js:1006:12)
    at ClientDuplexStreamImpl.<anonymous> (/home/dhanish/fabric_sfc/caliper-bench/node_modules/fabric-common/lib/EventService.js:481:12)
    at ClientDuplexStreamImpl.emit (node:events:517:28)
    at addChunk (node:internal/streams/readable:368:12)
    at readableAddChunk (node:internal/streams/readable:341:9)
2026.08.11-09:20:08.625[31m error[39m [caliper] [connectors/v2/FabricGateway] 	Failed to perform submit transaction [setFinancePolicyForFinancier] using arguments [,{"minAPR":0.08,"maxAPR":0.24,"baseAPR":0.14,"minTenorDays":7,"maxTenorDays":45,"tenor":21,"minLtvPct":55,"maxLtvPct":85,"ltv":72,"penaltyBasePct":0.4}],  with error: TransactionError: Commit of transaction d65c1d62964bdbceaba78e19abc0c4d25ea303c197183862160968952770ef87 failed on peer peer0.financiers.example.com:7051 with status MVCC_READ_CONFLICT
    at TransactionEventHandler.eventCallback (/home/dhanish/fabric_sfc/caliper-bench/node_modules/fabric-network/lib/impl/event/transactioneventhandler.js:111:31)
    at CommitListenerSession.notifyListener (/home/dhanish/fabric_sfc/caliper-bench/node_modules/fabric-network/lib/impl/event/commitlistenersession.js:101:18)
    at EventListener.callback (/home/dhanish/fabric_sfc/caliper-bench/node_modules/fabric-network/lib/impl/event/commitlistenersession.js:92:18)
    at EventListener.onEvent (/home/dhanish/fabric_sfc/caliper-bench/node_modules/fabric-common/lib/EventListener.js:124:10)
    at EventService._callTransactionListener (/home/dhanish/fabric_sfc/caliper-bench/node_modules/fabric-common/lib/EventService.js:1051:16)
    at EventService._processTxEvents (/home/dhanish/fabric_sfc/caliper-bench/node_modules/fabric-common/lib/EventService.js:1006:12)
    at ClientDuplexStreamImpl.<anonymous> (/home/dhanish/fabric_sfc/caliper-bench/node_modules/fabric-common/lib/EventService.js:481:12)
    at ClientDuplexStreamImpl.emit (node:events:517:28)
    at addChunk (node:internal/streams/readable:368:12)
    at readableAddChunk (node:internal/streams/readable:341:9)
2026-08-11T09:20:08.625Z - [33mwarn[39m: [TransactionEventHandler]: strategyFail: commit failure for transaction "0e01675808a55853ddc7d0931c1adba9267d1bd0b04e126b593fdacb77fa61c0": TransactionError: Commit of transaction 0e01675808a55853ddc7d0931c1adba9267d1bd0b04e126b593fdacb77fa61c0 failed on peer peer0.financiers.example.com:7051 with status MVCC_READ_CONFLICT
    at TransactionEventHandler.eventCallback (/home/dhanish/fabric_sfc/caliper-bench/node_modules/fabric-network/lib/impl/event/transactioneventhandler.js:111:31)
    at CommitListenerSession.notifyListener (/home/dhanish/fabric_sfc/caliper-bench/node_modules/fabric-network/lib/impl/event/commitlistenersession.js:101:18)
    at EventListener.callback (/home/dhanish/fabric_sfc/caliper-bench/node_modules/fabric-network/lib/impl/event/commitlistenersession.js:92:18)
    at EventListener.onEvent (/home/dhanish/fabric_sfc/caliper-bench/node_modules/fabric-common/lib/EventListener.js:124:10)
    at EventService._callTransactionListener (/home/dhanish/fabric_sfc/caliper-bench/node_modules/fabric-common/lib/EventService.js:1051:16)
    at EventService._processTxEvents (/home/dhanish/fabric_sfc/caliper-bench/node_modules/fabric-common/lib/EventService.js:1006:12)
    at ClientDuplexStreamImpl.<anonymous> (/home/dhanish/fabric_sfc/caliper-bench/node_modules/fabric-common/lib/EventService.js:481:12)
    at ClientDuplexStreamImpl.emit (node:events:517:28)
    at addChunk (node:internal/streams/readable:368:12)
    at readableAddChunk (node:internal/streams/readable:341:9) {
  transactionId: '0e01675808a55853ddc7d0931c1adba9267d1bd0b04e126b593fdacb77fa61c0',
  transactionCode: 'MVCC_READ_CONFLICT'
}
2026.08.11-09:20:08.625[31m error[39m [caliper] [connectors/v2/FabricGateway] 	Failed to perform submit transaction [setFinancePolicyForFinancier] using arguments [,{"minAPR":0.08,"maxAPR":0.24,"baseAPR":0.14,"minTenorDays":7,"maxTenorDays":45,"tenor":21,"minLtvPct":55,"maxLtvPct":85,"ltv":72,"penaltyBasePct":0.4}],  with error: TransactionError: Commit of transaction 7e6a9e227f3be150dee11a0c59d5cc115d9e4029d9a5e63f68a648b2ad00329c failed on peer peer0.financiers.example.com:7051 with status MVCC_READ_CONFLICT
    at TransactionEventHandler.eventCallback (/home/dhanish/fabric_sfc/caliper-bench/node_modules/fabric-network/lib/impl/event/transactioneventhandler.js:111:31)
    at CommitListenerSession.notifyListener (/home/dhanish/fabric_sfc/caliper-bench/node_modules/fabric-network/lib/impl/event/commitlistenersession.js:101:18)
    at EventListener.callback (/home/dhanish/fabric_sfc/caliper-bench/node_modules/fabric-network/lib/impl/event/commitlistenersession.js:92:18)
    at EventListener.onEvent (/home/dhanish/fabric_sfc/caliper-bench/node_modules/fabric-common/lib/EventListener.js:124:10)
    at EventService._callTransactionListener (/home/dhanish/fabric_sfc/caliper-bench/node_modules/fabric-common/lib/EventService.js:1051:16)
    at EventService._processTxEvents (/home/dhanish/fabric_sfc/caliper-bench/node_modules/fabric-common/lib/EventService.js:1006:12)
    at ClientDuplexStreamImpl.<anonymous> (/home/dhanish/fabric_sfc/caliper-bench/node_modules/fabric-common/lib/EventService.js:481:12)
    at ClientDuplexStreamImpl.emit (node:events:517:28)
    at addChunk (node:internal/streams/readable:368:12)
    at readableAddChunk (node:internal/streams/readable:341:9)
2026.08.11-09:20:08.625[31m error[39m [caliper] [connectors/v2/FabricGateway] 	Failed to perform submit transaction [setFinancePolicyForFinancier] using arguments [,{"minAPR":0.08,"maxAPR":0.24,"baseAPR":0.14,"minTenorDays":7,"maxTenorDays":45,"tenor":21,"minLtvPct":55,"maxLtvPct":85,"ltv":72,"penaltyBasePct":0.4}],  with error: TransactionError: Commit of transaction 9b3b7ed82696629490a179d095cc4c13841861869d41b5677d7c74fc7c240f97 failed on peer peer0.financiers.example.com:7051 with status MVCC_READ_CONFLICT
    at TransactionEventHandler.eventCallback (/home/dhanish/fabric_sfc/caliper-bench/node_modules/fabric-network/lib/impl/event/transactioneventhandler.js:111:31)
    at CommitListenerSession.notifyListener (/home/dhanish/fabric_sfc/caliper-bench/node_modules/fabric-network/lib/impl/event/commitlistenersession.js:101:18)
    at EventListener.callback (/home/dhanish/fabric_sfc/caliper-bench/node_modules/fabric-network/lib/impl/event/commitlistenersession.js:92:18)
    at EventListener.onEvent (/home/dhanish/fabric_sfc/caliper-bench/node_modules/fabric-common/lib/EventListener.js:124:10)
    at EventService._callTransactionListener (/home/dhanish/fabric_sfc/caliper-bench/node_modules/fabric-common/lib/EventService.js:1051:16)
    at EventService._processTxEvents (/home/dhanish/fabric_sfc/caliper-bench/node_modules/fabric-common/lib/EventService.js:1006:12)
    at ClientDuplexStreamImpl.<anonymous> (/home/dhanish/fabric_sfc/caliper-bench/node_modules/fabric-common/lib/EventService.js:481:12)
    at ClientDuplexStreamImpl.emit (node:events:517:28)
    at addChunk (node:internal/streams/readable:368:12)
    at readableAddChunk (node:internal/streams/readable:341:9)
2026.08.11-09:20:08.626[31m error[39m [caliper] [connectors/v2/FabricGateway] 	Failed to perform submit transaction [setFinancePolicyForFinancier] using arguments [,{"minAPR":0.08,"maxAPR":0.24,"baseAPR":0.14,"minTenorDays":7,"maxTenorDays":45,"tenor":21,"minLtvPct":55,"maxLtvPct":85,"ltv":72,"penaltyBasePct":0.4}],  with error: TransactionError: Commit of transaction aee95ee3e18a70b2f10939798c1c8743d7d10559ebdd19ab81365318a0c5ab14 failed on peer peer0.financiers.example.com:7051 with status MVCC_READ_CONFLICT
    at TransactionEventHandler.eventCallback (/home/dhanish/fabric_sfc/caliper-bench/node_modules/fabric-network/lib/impl/event/transactioneventhandler.js:111:31)
    at CommitListenerSession.notifyListener (/home/dhanish/fabric_sfc/caliper-bench/node_modules/fabric-network/lib/impl/event/commitlistenersession.js:101:18)
    at EventListener.callback (/home/dhanish/fabric_sfc/caliper-bench/node_modules/fabric-network/lib/impl/event/commitlistenersession.js:92:18)
    at EventListener.onEvent (/home/dhanish/fabric_sfc/caliper-bench/node_modules/fabric-common/lib/EventListener.js:124:10)
    at EventService._callTransactionListener (/home/dhanish/fabric_sfc/caliper-bench/node_modules/fabric-common/lib/EventService.js:1051:16)
    at EventService._processTxEvents (/home/dhanish/fabric_sfc/caliper-bench/node_modules/fabric-common/lib/EventService.js:1006:12)
    at ClientDuplexStreamImpl.<anonymous> (/home/dhanish/fabric_sfc/caliper-bench/node_modules/fabric-common/lib/EventService.js:481:12)
    at ClientDuplexStreamImpl.emit (node:events:517:28)
    at addChunk (node:internal/streams/readable:368:12)
    at readableAddChunk (node:internal/streams/readable:341:9)
2026.08.11-09:20:08.626[31m error[39m [caliper] [connectors/v2/FabricGateway] 	Failed to perform submit transaction [setFinancePolicyForFinancier] using arguments [,{"minAPR":0.08,"maxAPR":0.24,"baseAPR":0.14,"minTenorDays":7,"maxTenorDays":45,"tenor":21,"minLtvPct":55,"maxLtvPct":85,"ltv":72,"penaltyBasePct":0.4}],  with error: TransactionError: Commit of transaction 9eeeebc3953496a8d9f2c30287ba3beedf755e0551466a86db3bc13761a7f4bc failed on peer peer0.financiers.example.com:7051 with status MVCC_READ_CONFLICT
    at TransactionEventHandler.eventCallback (/home/dhanish/fabric_sfc/caliper-bench/node_modules/fabric-network/lib/impl/event/transactioneventhandler.js:111:31)
    at CommitListenerSession.notifyListener (/home/dhanish/fabric_sfc/caliper-bench/node_modules/fabric-network/lib/impl/event/commitlistenersession.js:101:18)
    at EventListener.callback (/home/dhanish/fabric_sfc/caliper-bench/node_modules/fabric-network/lib/impl/event/commitlistenersession.js:92:18)
    at EventListener.onEvent (/home/dhanish/fabric_sfc/caliper-bench/node_modules/fabric-common/lib/EventListener.js:124:10)
    at EventService._callTransactionListener (/home/dhanish/fabric_sfc/caliper-bench/node_modules/fabric-common/lib/EventService.js:1051:16)
    at EventService._processTxEvents (/home/dhanish/fabric_sfc/caliper-bench/node_modules/fabric-common/lib/EventService.js:1006:12)
    at ClientDuplexStreamImpl.<anonymous> (/home/dhanish/fabric_sfc/caliper-bench/node_modules/fabric-common/lib/EventService.js:481:12)
    at ClientDuplexStreamImpl.emit (node:events:517:28)
    at addChunk (node:internal/streams/readable:368:12)
    at readableAddChunk (node:internal/streams/readable:341:9)
2026.08.11-09:20:08.626[31m error[39m [caliper] [connectors/v2/FabricGateway] 	Failed to perform submit transaction [setFinancePolicyForFinancier] using arguments [,{"minAPR":0.08,"maxAPR":0.24,"baseAPR":0.14,"minTenorDays":7,"maxTenorDays":45,"tenor":21,"minLtvPct":55,"maxLtvPct":85,"ltv":72,"penaltyBasePct":0.4}],  with error: TransactionError: Commit of transaction 900cf3757f9c330431b22d7bc44cf341d34ded0b1a71808beedfac6af98a58fb failed on peer peer0.financiers.example.com:7051 with status MVCC_READ_CONFLICT
    at TransactionEventHandler.eventCallback (/home/dhanish/fabric_sfc/caliper-bench/node_modules/fabric-network/lib/impl/event/transactioneventhandler.js:111:31)
    at CommitListenerSession.notifyListener (/home/dhanish/fabric_sfc/caliper-bench/node_modules/fabric-network/lib/impl/event/commitlistenersession.js:101:18)
    at EventListener.callback (/home/dhanish/fabric_sfc/caliper-bench/node_modules/fabric-network/lib/impl/event/commitlistenersession.js:92:18)
    at EventListener.onEvent (/home/dhanish/fabric_sfc/caliper-bench/node_modules/fabric-common/lib/EventListener.js:124:10)
    at EventService._callTransactionListener (/home/dhanish/fabric_sfc/caliper-bench/node_modules/fabric-common/lib/EventService.js:1051:16)
    at EventService._processTxEvents (/home/dhanish/fabric_sfc/caliper-bench/node_modules/fabric-common/lib/EventService.js:1006:12)
    at ClientDuplexStreamImpl.<anonymous> (/home/dhanish/fabric_sfc/caliper-bench/node_modules/fabric-common/lib/EventService.js:481:12)
    at ClientDuplexStreamImpl.emit (node:events:517:28)
    at addChunk (node:internal/streams/readable:368:12)
    at readableAddChunk (node:internal/streams/readable:341:9)
2026.08.11-09:20:08.626[31m error[39m [caliper] [connectors/v2/FabricGateway] 	Failed to perform submit transaction [setFinancePolicyForFinancier] using arguments [,{"minAPR":0.08,"maxAPR":0.24,"baseAPR":0.14,"minTenorDays":7,"maxTenorDays":45,"tenor":21,"minLtvPct":55,"maxLtvPct":85,"ltv":72,"penaltyBasePct":0.4}],  with error: TransactionError: Commit of transaction 0e01675808a55853ddc7d0931c1adba9267d1bd0b04e126b593fdacb77fa61c0 failed on peer peer0.financiers.example.com:7051 with status MVCC_READ_CONFLICT
    at TransactionEventHandler.eventCallback (/home/dhanish/fabric_sfc/caliper-bench/node_modules/fabric-network/lib/impl/event/transactioneventhandler.js:111:31)
    at CommitListenerSession.notifyListener (/home/dhanish/fabric_sfc/caliper-bench/node_modules/fabric-network/lib/impl/event/commitlistenersession.js:101:18)
    at EventListener.callback (/home/dhanish/fabric_sfc/caliper-bench/node_modules/fabric-network/lib/impl/event/commitlistenersession.js:92:18)
    at EventListener.onEvent (/home/dhanish/fabric_sfc/caliper-bench/node_modules/fabric-common/lib/EventListener.js:124:10)
    at EventService._callTransactionListener (/home/dhanish/fabric_sfc/caliper-bench/node_modules/fabric-common/lib/EventService.js:1051:16)
    at EventService._processTxEvents (/home/dhanish/fabric_sfc/caliper-bench/node_modules/fabric-common/lib/EventService.js:1006:12)
    at ClientDuplexStreamImpl.<anonymous> (/home/dhanish/fabric_sfc/caliper-bench/node_modules/fabric-common/lib/EventService.js:481:12)
    at ClientDuplexStreamImpl.emit (node:events:517:28)
    at addChunk (node:internal/streams/readable:368:12)
    at readableAddChunk (node:internal/streams/readable:341:9)
2026-08-11T09:20:08.649Z - [33mwarn[39m: [TransactionEventHandler]: strategyFail: commit failure for transaction "6d36cff9abcfbeb3e935f06a05af737f30bb342e129eb64f3c558ee7de315f6d": TransactionError: Commit of transaction 6d36cff9abcfbeb3e935f06a05af737f30bb342e129eb64f3c558ee7de315f6d failed on peer peer0.financiers.example.com:7051 with status MVCC_READ_CONFLICT
    at TransactionEventHandler.eventCallback (/home/dhanish/fabric_sfc/caliper-bench/node_modules/fabric-network/lib/impl/event/transactioneventhandler.js:111:31)
    at CommitListenerSession.notifyListener (/home/dhanish/fabric_sfc/caliper-bench/node_modules/fabric-network/lib/impl/event/commitlistenersession.js:101:18)
    at EventListener.callback (/home/dhanish/fabric_sfc/caliper-bench/node_modules/fabric-network/lib/impl/event/commitlistenersession.js:92:18)
    at EventListener.onEvent (/home/dhanish/fabric_sfc/caliper-bench/node_modules/fabric-common/lib/EventListener.js:124:10)
    at EventService._callTransactionListener (/home/dhanish/fabric_sfc/caliper-bench/node_modules/fabric-common/lib/EventService.js:1051:16)
    at EventService._processTxEvents (/home/dhanish/fabric_sfc/caliper-bench/node_modules/fabric-common/lib/EventService.js:1006:12)
    at ClientDuplexStreamImpl.<anonymous> (/home/dhanish/fabric_sfc/caliper-bench/node_modules/fabric-common/lib/EventService.js:481:12)
    at ClientDuplexStreamImpl.emit (node:events:517:28)
    at addChunk (node:internal/streams/readable:368:12)
    at readableAddChunk (node:internal/streams/readable:341:9) {
  transactionId: '6d36cff9abcfbeb3e935f06a05af737f30bb342e129eb64f3c558ee7de315f6d',
  transactionCode: 'MVCC_READ_CONFLICT'
}
2026-08-11T09:20:08.649Z - [33mwarn[39m: [TransactionEventHandler]: strategyFail: commit failure for transaction "91a0be630e1ac79ee6d46bff74e95e5ff999bc8bcb477c67d7f70578d8eacd69": TransactionError: Commit of transaction 91a0be630e1ac79ee6d46bff74e95e5ff999bc8bcb477c67d7f70578d8eacd69 failed on peer peer0.financiers.example.com:7051 with status MVCC_READ_CONFLICT
    at TransactionEventHandler.eventCallback (/home/dhanish/fabric_sfc/caliper-bench/node_modules/fabric-network/lib/impl/event/transactioneventhandler.js:111:31)
    at CommitListenerSession.notifyListener (/home/dhanish/fabric_sfc/caliper-bench/node_modules/fabric-network/lib/impl/event/commitlistenersession.js:101:18)
    at EventListener.callback (/home/dhanish/fabric_sfc/caliper-bench/node_modules/fabric-network/lib/impl/event/commitlistenersession.js:92:18)
    at EventListener.onEvent (/home/dhanish/fabric_sfc/caliper-bench/node_modules/fabric-common/lib/EventListener.js:124:10)
    at EventService._callTransactionListener (/home/dhanish/fabric_sfc/caliper-bench/node_modules/fabric-common/lib/EventService.js:1051:16)
    at EventService._processTxEvents (/home/dhanish/fabric_sfc/caliper-bench/node_modules/fabric-common/lib/EventService.js:1006:12)
    at ClientDuplexStreamImpl.<anonymous> (/home/dhanish/fabric_sfc/caliper-bench/node_modules/fabric-common/lib/EventService.js:481:12)
    at ClientDuplexStreamImpl.emit (node:events:517:28)
    at addChunk (node:internal/streams/readable:368:12)
    at readableAddChunk (node:internal/streams/readable:341:9) {
  transactionId: '91a0be630e1ac79ee6d46bff74e95e5ff999bc8bcb477c67d7f70578d8eacd69',
  transactionCode: 'MVCC_READ_CONFLICT'
}
2026-08-11T09:20:08.649Z - [33mwarn[39m: [TransactionEventHandler]: strategyFail: commit failure for transaction "0eb98312d7322b20d20b56bbc1c28b664f29498c770a92d4c25b2e498dcb45a4": TransactionError: Commit of transaction 0eb98312d7322b20d20b56bbc1c28b664f29498c770a92d4c25b2e498dcb45a4 failed on peer peer0.financiers.example.com:7051 with status MVCC_READ_CONFLICT
    at TransactionEventHandler.eventCallback (/home/dhanish/fabric_sfc/caliper-bench/node_modules/fabric-network/lib/impl/event/transactioneventhandler.js:111:31)
    at CommitListenerSession.notifyListener (/home/dhanish/fabric_sfc/caliper-bench/node_modules/fabric-network/lib/impl/event/commitlistenersession.js:101:18)
    at EventListener.callback (/home/dhanish/fabric_sfc/caliper-bench/node_modules/fabric-network/lib/impl/event/commitlistenersession.js:92:18)
    at EventListener.onEvent (/home/dhanish/fabric_sfc/caliper-bench/node_modules/fabric-common/lib/EventListener.js:124:10)
    at EventService._callTransactionListener (/home/dhanish/fabric_sfc/caliper-bench/node_modules/fabric-common/lib/EventService.js:1051:16)
    at EventService._processTxEvents (/home/dhanish/fabric_sfc/caliper-bench/node_modules/fabric-common/lib/EventService.js:1006:12)
    at ClientDuplexStreamImpl.<anonymous> (/home/dhanish/fabric_sfc/caliper-bench/node_modules/fabric-common/lib/EventService.js:481:12)
    at ClientDuplexStreamImpl.emit (node:events:517:28)
    at addChunk (node:internal/streams/readable:368:12)
    at readableAddChunk (node:internal/streams/readable:341:9) {
  transactionId: '0eb98312d7322b20d20b56bbc1c28b664f29498c770a92d4c25b2e498dcb45a4',
  transactionCode: 'MVCC_READ_CONFLICT'
}
2026-08-11T09:20:08.649Z - [33mwarn[39m: [TransactionEventHandler]: strategyFail: commit failure for transaction "ad6c312e45cc2bf1f5094251416e527ecee6f96932ab985276c807ee1ba31dfc": TransactionError: Commit of transaction ad6c312e45cc2bf1f5094251416e527ecee6f96932ab985276c807ee1ba31dfc failed on peer peer0.financiers.example.com:7051 with status MVCC_READ_CONFLICT
    at TransactionEventHandler.eventCallback (/home/dhanish/fabric_sfc/caliper-bench/node_modules/fabric-network/lib/impl/event/transactioneventhandler.js:111:31)
    at CommitListenerSession.notifyListener (/home/dhanish/fabric_sfc/caliper-bench/node_modules/fabric-network/lib/impl/event/commitlistenersession.js:101:18)
    at EventListener.callback (/home/dhanish/fabric_sfc/caliper-bench/node_modules/fabric-network/lib/impl/event/commitlistenersession.js:92:18)
    at EventListener.onEvent (/home/dhanish/fabric_sfc/caliper-bench/node_modules/fabric-common/lib/EventListener.js:124:10)
    at EventService._callTransactionListener (/home/dhanish/fabric_sfc/caliper-bench/node_modules/fabric-common/lib/EventService.js:1051:16)
    at EventService._processTxEvents (/home/dhanish/fabric_sfc/caliper-bench/node_modules/fabric-common/lib/EventService.js:1006:12)
    at ClientDuplexStreamImpl.<anonymous> (/home/dhanish/fabric_sfc/caliper-bench/node_modules/fabric-common/lib/EventService.js:481:12)
    at ClientDuplexStreamImpl.emit (node:events:517:28)
    at addChunk (node:internal/streams/readable:368:12)
    at readableAddChunk (node:internal/streams/readable:341:9) {
  transactionId: 'ad6c312e45cc2bf1f5094251416e527ecee6f96932ab985276c807ee1ba31dfc',
  transactionCode: 'MVCC_READ_CONFLICT'
}
2026-08-11T09:20:08.649Z - [33mwarn[39m: [TransactionEventHandler]: strategyFail: commit failure for transaction "692359fe901375090f0048f7ddeff60efb68bc53dd6ef809fa20c9e263ccdc12": TransactionError: Commit of transaction 692359fe901375090f0048f7ddeff60efb68bc53dd6ef809fa20c9e263ccdc12 failed on peer peer0.financiers.example.com:7051 with status MVCC_READ_CONFLICT
    at TransactionEventHandler.eventCallback (/home/dhanish/fabric_sfc/caliper-bench/node_modules/fabric-network/lib/impl/event/transactioneventhandler.js:111:31)
    at CommitListenerSession.notifyListener (/home/dhanish/fabric_sfc/caliper-bench/node_modules/fabric-network/lib/impl/event/commitlistenersession.js:101:18)
    at EventListener.callback (/home/dhanish/fabric_sfc/caliper-bench/node_modules/fabric-network/lib/impl/event/commitlistenersession.js:92:18)
    at EventListener.onEvent (/home/dhanish/fabric_sfc/caliper-bench/node_modules/fabric-common/lib/EventListener.js:124:10)
    at EventService._callTransactionListener (/home/dhanish/fabric_sfc/caliper-bench/node_modules/fabric-common/lib/EventService.js:1051:16)
    at EventService._processTxEvents (/home/dhanish/fabric_sfc/caliper-bench/node_modules/fabric-common/lib/EventService.js:1006:12)
    at ClientDuplexStreamImpl.<anonymous> (/home/dhanish/fabric_sfc/caliper-bench/node_modules/fabric-common/lib/EventService.js:481:12)
    at ClientDuplexStreamImpl.emit (node:events:517:28)
    at addChunk (node:internal/streams/readable:368:12)
    at readableAddChunk (node:internal/streams/readable:341:9) {
  transactionId: '692359fe901375090f0048f7ddeff60efb68bc53dd6ef809fa20c9e263ccdc12',
  transactionCode: 'MVCC_READ_CONFLICT'
}
2026.08.11-09:20:08.649[31m error[39m [caliper] [connectors/v2/FabricGateway] 	Failed to perform submit transaction [setFinancePolicyForFinancier] using arguments [,{"minAPR":0.08,"maxAPR":0.24,"baseAPR":0.14,"minTenorDays":7,"maxTenorDays":45,"tenor":21,"minLtvPct":55,"maxLtvPct":85,"ltv":72,"penaltyBasePct":0.4}],  with error: TransactionError: Commit of transaction ad6c312e45cc2bf1f5094251416e527ecee6f96932ab985276c807ee1ba31dfc failed on peer peer0.financiers.example.com:7051 with status MVCC_READ_CONFLICT
    at TransactionEventHandler.eventCallback (/home/dhanish/fabric_sfc/caliper-bench/node_modules/fabric-network/lib/impl/event/transactioneventhandler.js:111:31)
    at CommitListenerSession.notifyListener (/home/dhanish/fabric_sfc/caliper-bench/node_modules/fabric-network/lib/impl/event/commitlistenersession.js:101:18)
    at EventListener.callback (/home/dhanish/fabric_sfc/caliper-bench/node_modules/fabric-network/lib/impl/event/commitlistenersession.js:92:18)
    at EventListener.onEvent (/home/dhanish/fabric_sfc/caliper-bench/node_modules/fabric-common/lib/EventListener.js:124:10)
    at EventService._callTransactionListener (/home/dhanish/fabric_sfc/caliper-bench/node_modules/fabric-common/lib/EventService.js:1051:16)
    at EventService._processTxEvents (/home/dhanish/fabric_sfc/caliper-bench/node_modules/fabric-common/lib/EventService.js:1006:12)
    at ClientDuplexStreamImpl.<anonymous> (/home/dhanish/fabric_sfc/caliper-bench/node_modules/fabric-common/lib/EventService.js:481:12)
    at ClientDuplexStreamImpl.emit (node:events:517:28)
    at addChunk (node:internal/streams/readable:368:12)
    at readableAddChunk (node:internal/streams/readable:341:9)
2026-08-11T09:20:08.649Z - [33mwarn[39m: [TransactionEventHandler]: strategyFail: commit failure for transaction "324d8ff8a56a4d59d8b80dd08c5c3acf6014820ad4911eb1ed09c368b0506d3a": TransactionError: Commit of transaction 324d8ff8a56a4d59d8b80dd08c5c3acf6014820ad4911eb1ed09c368b0506d3a failed on peer peer0.financiers.example.com:7051 with status MVCC_READ_CONFLICT
    at TransactionEventHandler.eventCallback (/home/dhanish/fabric_sfc/caliper-bench/node_modules/fabric-network/lib/impl/event/transactioneventhandler.js:111:31)
    at CommitListenerSession.notifyListener (/home/dhanish/fabric_sfc/caliper-bench/node_modules/fabric-network/lib/impl/event/commitlistenersession.js:101:18)
    at EventListener.callback (/home/dhanish/fabric_sfc/caliper-bench/node_modules/fabric-network/lib/impl/event/commitlistenersession.js:92:18)
    at EventListener.onEvent (/home/dhanish/fabric_sfc/caliper-bench/node_modules/fabric-common/lib/EventListener.js:124:10)
    at EventService._callTransactionListener (/home/dhanish/fabric_sfc/caliper-bench/node_modules/fabric-common/lib/EventService.js:1051:16)
    at EventService._processTxEvents (/home/dhanish/fabric_sfc/caliper-bench/node_modules/fabric-common/lib/EventService.js:1006:12)
    at ClientDuplexStreamImpl.<anonymous> (/home/dhanish/fabric_sfc/caliper-bench/node_modules/fabric-common/lib/EventService.js:481:12)
    at ClientDuplexStreamImpl.emit (node:events:517:28)
    at addChunk (node:internal/streams/readable:368:12)
    at readableAddChunk (node:internal/streams/readable:341:9) {
  transactionId: '324d8ff8a56a4d59d8b80dd08c5c3acf6014820ad4911eb1ed09c368b0506d3a',
  transactionCode: 'MVCC_READ_CONFLICT'
}
2026.08.11-09:20:08.649[31m error[39m [caliper] [connectors/v2/FabricGateway] 	Failed to perform submit transaction [setFinancePolicyForFinancier] using arguments [,{"minAPR":0.08,"maxAPR":0.24,"baseAPR":0.14,"minTenorDays":7,"maxTenorDays":45,"tenor":21,"minLtvPct":55,"maxLtvPct":85,"ltv":72,"penaltyBasePct":0.4}],  with error: TransactionError: Commit of transaction 0eb98312d7322b20d20b56bbc1c28b664f29498c770a92d4c25b2e498dcb45a4 failed on peer peer0.financiers.example.com:7051 with status MVCC_READ_CONFLICT
    at TransactionEventHandler.eventCallback (/home/dhanish/fabric_sfc/caliper-bench/node_modules/fabric-network/lib/impl/event/transactioneventhandler.js:111:31)
    at CommitListenerSession.notifyListener (/home/dhanish/fabric_sfc/caliper-bench/node_modules/fabric-network/lib/impl/event/commitlistenersession.js:101:18)
    at EventListener.callback (/home/dhanish/fabric_sfc/caliper-bench/node_modules/fabric-network/lib/impl/event/commitlistenersession.js:92:18)
    at EventListener.onEvent (/home/dhanish/fabric_sfc/caliper-bench/node_modules/fabric-common/lib/EventListener.js:124:10)
    at EventService._callTransactionListener (/home/dhanish/fabric_sfc/caliper-bench/node_modules/fabric-common/lib/EventService.js:1051:16)
    at EventService._processTxEvents (/home/dhanish/fabric_sfc/caliper-bench/node_modules/fabric-common/lib/EventService.js:1006:12)
    at ClientDuplexStreamImpl.<anonymous> (/home/dhanish/fabric_sfc/caliper-bench/node_modules/fabric-common/lib/EventService.js:481:12)
    at ClientDuplexStreamImpl.emit (node:events:517:28)
    at addChunk (node:internal/streams/readable:368:12)
    at readableAddChunk (node:internal/streams/readable:341:9)
2026.08.11-09:20:08.649[31m error[39m [caliper] [connectors/v2/FabricGateway] 	Failed to perform submit transaction [setFinancePolicyForFinancier] using arguments [,{"minAPR":0.08,"maxAPR":0.24,"baseAPR":0.14,"minTenorDays":7,"maxTenorDays":45,"tenor":21,"minLtvPct":55,"maxLtvPct":85,"ltv":72,"penaltyBasePct":0.4}],  with error: TransactionError: Commit of transaction 6d36cff9abcfbeb3e935f06a05af737f30bb342e129eb64f3c558ee7de315f6d failed on peer peer0.financiers.example.com:7051 with status MVCC_READ_CONFLICT
    at TransactionEventHandler.eventCallback (/home/dhanish/fabric_sfc/caliper-bench/node_modules/fabric-network/lib/impl/event/transactioneventhandler.js:111:31)
    at CommitListenerSession.notifyListener (/home/dhanish/fabric_sfc/caliper-bench/node_modules/fabric-network/lib/impl/event/commitlistenersession.js:101:18)
    at EventListener.callback (/home/dhanish/fabric_sfc/caliper-bench/node_modules/fabric-network/lib/impl/event/commitlistenersession.js:92:18)
    at EventListener.onEvent (/home/dhanish/fabric_sfc/caliper-bench/node_modules/fabric-common/lib/EventListener.js:124:10)
    at EventService._callTransactionListener (/home/dhanish/fabric_sfc/caliper-bench/node_modules/fabric-common/lib/EventService.js:1051:16)
    at EventService._processTxEvents (/home/dhanish/fabric_sfc/caliper-bench/node_modules/fabric-common/lib/EventService.js:1006:12)
    at ClientDuplexStreamImpl.<anonymous> (/home/dhanish/fabric_sfc/caliper-bench/node_modules/fabric-common/lib/EventService.js:481:12)
    at ClientDuplexStreamImpl.emit (node:events:517:28)
    at addChunk (node:internal/streams/readable:368:12)
    at readableAddChunk (node:internal/streams/readable:341:9)
2026-08-11T09:20:08.649Z - [33mwarn[39m: [TransactionEventHandler]: strategyFail: commit failure for transaction "7112c98d733589372c5d948e0314ad713a54d02e5f81185bf30518d4fb2739bc": TransactionError: Commit of transaction 7112c98d733589372c5d948e0314ad713a54d02e5f81185bf30518d4fb2739bc failed on peer peer0.financiers.example.com:7051 with status MVCC_READ_CONFLICT
    at TransactionEventHandler.eventCallback (/home/dhanish/fabric_sfc/caliper-bench/node_modules/fabric-network/lib/impl/event/transactioneventhandler.js:111:31)
    at CommitListenerSession.notifyListener (/home/dhanish/fabric_sfc/caliper-bench/node_modules/fabric-network/lib/impl/event/commitlistenersession.js:101:18)
    at EventListener.callback (/home/dhanish/fabric_sfc/caliper-bench/node_modules/fabric-network/lib/impl/event/commitlistenersession.js:92:18)
    at EventListener.onEvent (/home/dhanish/fabric_sfc/caliper-bench/node_modules/fabric-common/lib/EventListener.js:124:10)
    at EventService._callTransactionListener (/home/dhanish/fabric_sfc/caliper-bench/node_modules/fabric-common/lib/EventService.js:1051:16)
    at EventService._processTxEvents (/home/dhanish/fabric_sfc/caliper-bench/node_modules/fabric-common/lib/EventService.js:1006:12)
    at ClientDuplexStreamImpl.<anonymous> (/home/dhanish/fabric_sfc/caliper-bench/node_modules/fabric-common/lib/EventService.js:481:12)
    at ClientDuplexStreamImpl.emit (node:events:517:28)
    at addChunk (node:internal/streams/readable:368:12)
    at readableAddChunk (node:internal/streams/readable:341:9) {
  transactionId: '7112c98d733589372c5d948e0314ad713a54d02e5f81185bf30518d4fb2739bc',
  transactionCode: 'MVCC_READ_CONFLICT'
}
2026-08-11T09:20:08.649Z - [33mwarn[39m: [TransactionEventHandler]: strategyFail: commit failure for transaction "43fb034166a3fef7e86d8400e8d7d9fb2e7085903fd3f71de00976cef107b068": TransactionError: Commit of transaction 43fb034166a3fef7e86d8400e8d7d9fb2e7085903fd3f71de00976cef107b068 failed on peer peer0.financiers.example.com:7051 with status MVCC_READ_CONFLICT
    at TransactionEventHandler.eventCallback (/home/dhanish/fabric_sfc/caliper-bench/node_modules/fabric-network/lib/impl/event/transactioneventhandler.js:111:31)
    at CommitListenerSession.notifyListener (/home/dhanish/fabric_sfc/caliper-bench/node_modules/fabric-network/lib/impl/event/commitlistenersession.js:101:18)
    at EventListener.callback (/home/dhanish/fabric_sfc/caliper-bench/node_modules/fabric-network/lib/impl/event/commitlistenersession.js:92:18)
    at EventListener.onEvent (/home/dhanish/fabric_sfc/caliper-bench/node_modules/fabric-common/lib/EventListener.js:124:10)
    at EventService._callTransactionListener (/home/dhanish/fabric_sfc/caliper-bench/node_modules/fabric-common/lib/EventService.js:1051:16)
    at EventService._processTxEvents (/home/dhanish/fabric_sfc/caliper-bench/node_modules/fabric-common/lib/EventService.js:1006:12)
    at ClientDuplexStreamImpl.<anonymous> (/home/dhanish/fabric_sfc/caliper-bench/node_modules/fabric-common/lib/EventService.js:481:12)
    at ClientDuplexStreamImpl.emit (node:events:517:28)
    at addChunk (node:internal/streams/readable:368:12)
    at readableAddChunk (node:internal/streams/readable:341:9) {
  transactionId: '43fb034166a3fef7e86d8400e8d7d9fb2e7085903fd3f71de00976cef107b068',
  transactionCode: 'MVCC_READ_CONFLICT'
}
2026.08.11-09:20:08.649[31m error[39m [caliper] [connectors/v2/FabricGateway] 	Failed to perform submit transaction [setFinancePolicyForFinancier] using arguments [,{"minAPR":0.08,"maxAPR":0.24,"baseAPR":0.14,"minTenorDays":7,"maxTenorDays":45,"tenor":21,"minLtvPct":55,"maxLtvPct":85,"ltv":72,"penaltyBasePct":0.4}],  with error: TransactionError: Commit of transaction 91a0be630e1ac79ee6d46bff74e95e5ff999bc8bcb477c67d7f70578d8eacd69 failed on peer peer0.financiers.example.com:7051 with status MVCC_READ_CONFLICT
    at TransactionEventHandler.eventCallback (/home/dhanish/fabric_sfc/caliper-bench/node_modules/fabric-network/lib/impl/event/transactioneventhandler.js:111:31)
    at CommitListenerSession.notifyListener (/home/dhanish/fabric_sfc/caliper-bench/node_modules/fabric-network/lib/impl/event/commitlistenersession.js:101:18)
    at EventListener.callback (/home/dhanish/fabric_sfc/caliper-bench/node_modules/fabric-network/lib/impl/event/commitlistenersession.js:92:18)
    at EventListener.onEvent (/home/dhanish/fabric_sfc/caliper-bench/node_modules/fabric-common/lib/EventListener.js:124:10)
    at EventService._callTransactionListener (/home/dhanish/fabric_sfc/caliper-bench/node_modules/fabric-common/lib/EventService.js:1051:16)
    at EventService._processTxEvents (/home/dhanish/fabric_sfc/caliper-bench/node_modules/fabric-common/lib/EventService.js:1006:12)
    at ClientDuplexStreamImpl.<anonymous> (/home/dhanish/fabric_sfc/caliper-bench/node_modules/fabric-common/lib/EventService.js:481:12)
    at ClientDuplexStreamImpl.emit (node:events:517:28)
    at addChunk (node:internal/streams/readable:368:12)
    at readableAddChunk (node:internal/streams/readable:341:9)
2026.08.11-09:20:08.650[31m error[39m [caliper] [connectors/v2/FabricGateway] 	Failed to perform submit transaction [setFinancePolicyForFinancier] using arguments [,{"minAPR":0.08,"maxAPR":0.24,"baseAPR":0.14,"minTenorDays":7,"maxTenorDays":45,"tenor":21,"minLtvPct":55,"maxLtvPct":85,"ltv":72,"penaltyBasePct":0.4}],  with error: TransactionError: Commit of transaction 692359fe901375090f0048f7ddeff60efb68bc53dd6ef809fa20c9e263ccdc12 failed on peer peer0.financiers.example.com:7051 with status MVCC_READ_CONFLICT
    at TransactionEventHandler.eventCallback (/home/dhanish/fabric_sfc/caliper-bench/node_modules/fabric-network/lib/impl/event/transactioneventhandler.js:111:31)
    at CommitListenerSession.notifyListener (/home/dhanish/fabric_sfc/caliper-bench/node_modules/fabric-network/lib/impl/event/commitlistenersession.js:101:18)
    at EventListener.callback (/home/dhanish/fabric_sfc/caliper-bench/node_modules/fabric-network/lib/impl/event/commitlistenersession.js:92:18)
    at EventListener.onEvent (/home/dhanish/fabric_sfc/caliper-bench/node_modules/fabric-common/lib/EventListener.js:124:10)
    at EventService._callTransactionListener (/home/dhanish/fabric_sfc/caliper-bench/node_modules/fabric-common/lib/EventService.js:1051:16)
    at EventService._processTxEvents (/home/dhanish/fabric_sfc/caliper-bench/node_modules/fabric-common/lib/EventService.js:1006:12)
    at ClientDuplexStreamImpl.<anonymous> (/home/dhanish/fabric_sfc/caliper-bench/node_modules/fabric-common/lib/EventService.js:481:12)
    at ClientDuplexStreamImpl.emit (node:events:517:28)
    at addChunk (node:internal/streams/readable:368:12)
    at readableAddChunk (node:internal/streams/readable:341:9)
2026.08.11-09:20:08.650[31m error[39m [caliper] [connectors/v2/FabricGateway] 	Failed to perform submit transaction [setFinancePolicyForFinancier] using arguments [,{"minAPR":0.08,"maxAPR":0.24,"baseAPR":0.14,"minTenorDays":7,"maxTenorDays":45,"tenor":21,"minLtvPct":55,"maxLtvPct":85,"ltv":72,"penaltyBasePct":0.4}],  with error: TransactionError: Commit of transaction 7112c98d733589372c5d948e0314ad713a54d02e5f81185bf30518d4fb2739bc failed on peer peer0.financiers.example.com:7051 with status MVCC_READ_CONFLICT
    at TransactionEventHandler.eventCallback (/home/dhanish/fabric_sfc/caliper-bench/node_modules/fabric-network/lib/impl/event/transactioneventhandler.js:111:31)
    at CommitListenerSession.notifyListener (/home/dhanish/fabric_sfc/caliper-bench/node_modules/fabric-network/lib/impl/event/commitlistenersession.js:101:18)
    at EventListener.callback (/home/dhanish/fabric_sfc/caliper-bench/node_modules/fabric-network/lib/impl/event/commitlistenersession.js:92:18)
    at EventListener.onEvent (/home/dhanish/fabric_sfc/caliper-bench/node_modules/fabric-common/lib/EventListener.js:124:10)
    at EventService._callTransactionListener (/home/dhanish/fabric_sfc/caliper-bench/node_modules/fabric-common/lib/EventService.js:1051:16)
    at EventService._processTxEvents (/home/dhanish/fabric_sfc/caliper-bench/node_modules/fabric-common/lib/EventService.js:1006:12)
    at ClientDuplexStreamImpl.<anonymous> (/home/dhanish/fabric_sfc/caliper-bench/node_modules/fabric-common/lib/EventService.js:481:12)
    at ClientDuplexStreamImpl.emit (node:events:517:28)
    at addChunk (node:internal/streams/readable:368:12)
    at readableAddChunk (node:internal/streams/readable:341:9)
2026.08.11-09:20:08.650[31m error[39m [caliper] [connectors/v2/FabricGateway] 	Failed to perform submit transaction [setFinancePolicyForFinancier] using arguments [,{"minAPR":0.08,"maxAPR":0.24,"baseAPR":0.14,"minTenorDays":7,"maxTenorDays":45,"tenor":21,"minLtvPct":55,"maxLtvPct":85,"ltv":72,"penaltyBasePct":0.4}],  with error: TransactionError: Commit of transaction 324d8ff8a56a4d59d8b80dd08c5c3acf6014820ad4911eb1ed09c368b0506d3a failed on peer peer0.financiers.example.com:7051 with status MVCC_READ_CONFLICT
    at TransactionEventHandler.eventCallback (/home/dhanish/fabric_sfc/caliper-bench/node_modules/fabric-network/lib/impl/event/transactioneventhandler.js:111:31)
    at CommitListenerSession.notifyListener (/home/dhanish/fabric_sfc/caliper-bench/node_modules/fabric-network/lib/impl/event/commitlistenersession.js:101:18)
    at EventListener.callback (/home/dhanish/fabric_sfc/caliper-bench/node_modules/fabric-network/lib/impl/event/commitlistenersession.js:92:18)
    at EventListener.onEvent (/home/dhanish/fabric_sfc/caliper-bench/node_modules/fabric-common/lib/EventListener.js:124:10)
    at EventService._callTransactionListener (/home/dhanish/fabric_sfc/caliper-bench/node_modules/fabric-common/lib/EventService.js:1051:16)
    at EventService._processTxEvents (/home/dhanish/fabric_sfc/caliper-bench/node_modules/fabric-common/lib/EventService.js:1006:12)
    at ClientDuplexStreamImpl.<anonymous> (/home/dhanish/fabric_sfc/caliper-bench/node_modules/fabric-common/lib/EventService.js:481:12)
    at ClientDuplexStreamImpl.emit (node:events:517:28)
    at addChunk (node:internal/streams/readable:368:12)
    at readableAddChunk (node:internal/streams/readable:341:9)
2026.08.11-09:20:08.650[31m error[39m [caliper] [connectors/v2/FabricGateway] 	Failed to perform submit transaction [setFinancePolicyForFinancier] using arguments [,{"minAPR":0.08,"maxAPR":0.24,"baseAPR":0.14,"minTenorDays":7,"maxTenorDays":45,"tenor":21,"minLtvPct":55,"maxLtvPct":85,"ltv":72,"penaltyBasePct":0.4}],  with error: TransactionError: Commit of transaction 43fb034166a3fef7e86d8400e8d7d9fb2e7085903fd3f71de00976cef107b068 failed on peer peer0.financiers.example.com:7051 with status MVCC_READ_CONFLICT
    at TransactionEventHandler.eventCallback (/home/dhanish/fabric_sfc/caliper-bench/node_modules/fabric-network/lib/impl/event/transactioneventhandler.js:111:31)
    at CommitListenerSession.notifyListener (/home/dhanish/fabric_sfc/caliper-bench/node_modules/fabric-network/lib/impl/event/commitlistenersession.js:101:18)
    at EventListener.callback (/home/dhanish/fabric_sfc/caliper-bench/node_modules/fabric-network/lib/impl/event/commitlistenersession.js:92:18)
    at EventListener.onEvent (/home/dhanish/fabric_sfc/caliper-bench/node_modules/fabric-common/lib/EventListener.js:124:10)
    at EventService._callTransactionListener (/home/dhanish/fabric_sfc/caliper-bench/node_modules/fabric-common/lib/EventService.js:1051:16)
    at EventService._processTxEvents (/home/dhanish/fabric_sfc/caliper-bench/node_modules/fabric-common/lib/EventService.js:1006:12)
    at ClientDuplexStreamImpl.<anonymous> (/home/dhanish/fabric_sfc/caliper-bench/node_modules/fabric-common/lib/EventService.js:481:12)
    at ClientDuplexStreamImpl.emit (node:events:517:28)
    at addChunk (node:internal/streams/readable:368:12)
    at readableAddChunk (node:internal/streams/readable:341:9)
2026-08-11T09:20:08.673Z - [33mwarn[39m: [TransactionEventHandler]: strategyFail: commit failure for transaction "723f28d4874213a8a01196ceafaf36e4b604c9f6045aa56bc17e294a6336b514": TransactionError: Commit of transaction 723f28d4874213a8a01196ceafaf36e4b604c9f6045aa56bc17e294a6336b514 failed on peer peer0.financiers.example.com:7051 with status MVCC_READ_CONFLICT
    at TransactionEventHandler.eventCallback (/home/dhanish/fabric_sfc/caliper-bench/node_modules/fabric-network/lib/impl/event/transactioneventhandler.js:111:31)
    at CommitListenerSession.notifyListener (/home/dhanish/fabric_sfc/caliper-bench/node_modules/fabric-network/lib/impl/event/commitlistenersession.js:101:18)
    at EventListener.callback (/home/dhanish/fabric_sfc/caliper-bench/node_modules/fabric-network/lib/impl/event/commitlistenersession.js:92:18)
    at EventListener.onEvent (/home/dhanish/fabric_sfc/caliper-bench/node_modules/fabric-common/lib/EventListener.js:124:10)
    at EventService._callTransactionListener (/home/dhanish/fabric_sfc/caliper-bench/node_modules/fabric-common/lib/EventService.js:1051:16)
    at EventService._processTxEvents (/home/dhanish/fabric_sfc/caliper-bench/node_modules/fabric-common/lib/EventService.js:1006:12)
    at ClientDuplexStreamImpl.<anonymous> (/home/dhanish/fabric_sfc/caliper-bench/node_modules/fabric-common/lib/EventService.js:481:12)
    at ClientDuplexStreamImpl.emit (node:events:517:28)
    at addChunk (node:internal/streams/readable:368:12)
    at readableAddChunk (node:internal/streams/readable:341:9) {
  transactionId: '723f28d4874213a8a01196ceafaf36e4b604c9f6045aa56bc17e294a6336b514',
  transactionCode: 'MVCC_READ_CONFLICT'
}
2026-08-11T09:20:08.673Z - [33mwarn[39m: [TransactionEventHandler]: strategyFail: commit failure for transaction "3d712a06d5efc34ceb7dab2301304d4d1f154e4d183f7dac8f394aa80e32404e": TransactionError: Commit of transaction 3d712a06d5efc34ceb7dab2301304d4d1f154e4d183f7dac8f394aa80e32404e failed on peer peer0.financiers.example.com:7051 with status MVCC_READ_CONFLICT
    at TransactionEventHandler.eventCallback (/home/dhanish/fabric_sfc/caliper-bench/node_modules/fabric-network/lib/impl/event/transactioneventhandler.js:111:31)
    at CommitListenerSession.notifyListener (/home/dhanish/fabric_sfc/caliper-bench/node_modules/fabric-network/lib/impl/event/commitlistenersession.js:101:18)
    at EventListener.callback (/home/dhanish/fabric_sfc/caliper-bench/node_modules/fabric-network/lib/impl/event/commitlistenersession.js:92:18)
    at EventListener.onEvent (/home/dhanish/fabric_sfc/caliper-bench/node_modules/fabric-common/lib/EventListener.js:124:10)
    at EventService._callTransactionListener (/home/dhanish/fabric_sfc/caliper-bench/node_modules/fabric-common/lib/EventService.js:1051:16)
    at EventService._processTxEvents (/home/dhanish/fabric_sfc/caliper-bench/node_modules/fabric-common/lib/EventService.js:1006:12)
    at ClientDuplexStreamImpl.<anonymous> (/home/dhanish/fabric_sfc/caliper-bench/node_modules/fabric-common/lib/EventService.js:481:12)
    at ClientDuplexStreamImpl.emit (node:events:517:28)
    at addChunk (node:internal/streams/readable:368:12)
    at readableAddChunk (node:internal/streams/readable:341:9) {
  transactionId: '3d712a06d5efc34ceb7dab2301304d4d1f154e4d183f7dac8f394aa80e32404e',
  transactionCode: 'MVCC_READ_CONFLICT'
}
2026-08-11T09:20:08.673Z - [33mwarn[39m: [TransactionEventHandler]: strategyFail: commit failure for transaction "ea99b5b1f00747e78d8092362919404ac4710ce896c71961c2db5eeffa538ea9": TransactionError: Commit of transaction ea99b5b1f00747e78d8092362919404ac4710ce896c71961c2db5eeffa538ea9 failed on peer peer0.financiers.example.com:7051 with status MVCC_READ_CONFLICT
    at TransactionEventHandler.eventCallback (/home/dhanish/fabric_sfc/caliper-bench/node_modules/fabric-network/lib/impl/event/transactioneventhandler.js:111:31)
    at CommitListenerSession.notifyListener (/home/dhanish/fabric_sfc/caliper-bench/node_modules/fabric-network/lib/impl/event/commitlistenersession.js:101:18)
    at EventListener.callback (/home/dhanish/fabric_sfc/caliper-bench/node_modules/fabric-network/lib/impl/event/commitlistenersession.js:92:18)
    at EventListener.onEvent (/home/dhanish/fabric_sfc/caliper-bench/node_modules/fabric-common/lib/EventListener.js:124:10)
    at EventService._callTransactionListener (/home/dhanish/fabric_sfc/caliper-bench/node_modules/fabric-common/lib/EventService.js:1051:16)
    at EventService._processTxEvents (/home/dhanish/fabric_sfc/caliper-bench/node_modules/fabric-common/lib/EventService.js:1006:12)
    at ClientDuplexStreamImpl.<anonymous> (/home/dhanish/fabric_sfc/caliper-bench/node_modules/fabric-common/lib/EventService.js:481:12)
    at ClientDuplexStreamImpl.emit (node:events:517:28)
    at addChunk (node:internal/streams/readable:368:12)
    at readableAddChunk (node:internal/streams/readable:341:9) {
  transactionId: 'ea99b5b1f00747e78d8092362919404ac4710ce896c71961c2db5eeffa538ea9',
  transactionCode: 'MVCC_READ_CONFLICT'
}
2026.08.11-09:20:08.673[31m error[39m [caliper] [connectors/v2/FabricGateway] 	Failed to perform submit transaction [setFinancePolicyForFinancier] using arguments [,{"minAPR":0.08,"maxAPR":0.24,"baseAPR":0.14,"minTenorDays":7,"maxTenorDays":45,"tenor":21,"minLtvPct":55,"maxLtvPct":85,"ltv":72,"penaltyBasePct":0.4}],  with error: TransactionError: Commit of transaction 723f28d4874213a8a01196ceafaf36e4b604c9f6045aa56bc17e294a6336b514 failed on peer peer0.financiers.example.com:7051 with status MVCC_READ_CONFLICT
    at TransactionEventHandler.eventCallback (/home/dhanish/fabric_sfc/caliper-bench/node_modules/fabric-network/lib/impl/event/transactioneventhandler.js:111:31)
    at CommitListenerSession.notifyListener (/home/dhanish/fabric_sfc/caliper-bench/node_modules/fabric-network/lib/impl/event/commitlistenersession.js:101:18)
    at EventListener.callback (/home/dhanish/fabric_sfc/caliper-bench/node_modules/fabric-network/lib/impl/event/commitlistenersession.js:92:18)
    at EventListener.onEvent (/home/dhanish/fabric_sfc/caliper-bench/node_modules/fabric-common/lib/EventListener.js:124:10)
    at EventService._callTransactionListener (/home/dhanish/fabric_sfc/caliper-bench/node_modules/fabric-common/lib/EventService.js:1051:16)
    at EventService._processTxEvents (/home/dhanish/fabric_sfc/caliper-bench/node_modules/fabric-common/lib/EventService.js:1006:12)
    at ClientDuplexStreamImpl.<anonymous> (/home/dhanish/fabric_sfc/caliper-bench/node_modules/fabric-common/lib/EventService.js:481:12)
    at ClientDuplexStreamImpl.emit (node:events:517:28)
    at addChunk (node:internal/streams/readable:368:12)
    at readableAddChunk (node:internal/streams/readable:341:9)
2026-08-11T09:20:08.673Z - [33mwarn[39m: [TransactionEventHandler]: strategyFail: commit failure for transaction "8e8b1f3b2f3f009685d5e13e055e6c756a291290a2ff24f77a41a36a7b1a34f8": TransactionError: Commit of transaction 8e8b1f3b2f3f009685d5e13e055e6c756a291290a2ff24f77a41a36a7b1a34f8 failed on peer peer0.financiers.example.com:7051 with status MVCC_READ_CONFLICT
    at TransactionEventHandler.eventCallback (/home/dhanish/fabric_sfc/caliper-bench/node_modules/fabric-network/lib/impl/event/transactioneventhandler.js:111:31)
    at CommitListenerSession.notifyListener (/home/dhanish/fabric_sfc/caliper-bench/node_modules/fabric-network/lib/impl/event/commitlistenersession.js:101:18)
    at EventListener.callback (/home/dhanish/fabric_sfc/caliper-bench/node_modules/fabric-network/lib/impl/event/commitlistenersession.js:92:18)
    at EventListener.onEvent (/home/dhanish/fabric_sfc/caliper-bench/node_modules/fabric-common/lib/EventListener.js:124:10)
    at EventService._callTransactionListener (/home/dhanish/fabric_sfc/caliper-bench/node_modules/fabric-common/lib/EventService.js:1051:16)
    at EventService._processTxEvents (/home/dhanish/fabric_sfc/caliper-bench/node_modules/fabric-common/lib/EventService.js:1006:12)
    at ClientDuplexStreamImpl.<anonymous> (/home/dhanish/fabric_sfc/caliper-bench/node_modules/fabric-common/lib/EventService.js:481:12)
    at ClientDuplexStreamImpl.emit (node:events:517:28)
    at addChunk (node:internal/streams/readable:368:12)
    at readableAddChunk (node:internal/streams/readable:341:9) {
  transactionId: '8e8b1f3b2f3f009685d5e13e055e6c756a291290a2ff24f77a41a36a7b1a34f8',
  transactionCode: 'MVCC_READ_CONFLICT'
}
2026-08-11T09:20:08.673Z - [33mwarn[39m: [TransactionEventHandler]: strategyFail: commit failure for transaction "e9bdd8dccd62e205f8c50a23143215c47333cc08aad984ba0c1d09c9b8a0cd2c": TransactionError: Commit of transaction e9bdd8dccd62e205f8c50a23143215c47333cc08aad984ba0c1d09c9b8a0cd2c failed on peer peer0.financiers.example.com:7051 with status MVCC_READ_CONFLICT
    at TransactionEventHandler.eventCallback (/home/dhanish/fabric_sfc/caliper-bench/node_modules/fabric-network/lib/impl/event/transactioneventhandler.js:111:31)
    at CommitListenerSession.notifyListener (/home/dhanish/fabric_sfc/caliper-bench/node_modules/fabric-network/lib/impl/event/commitlistenersession.js:101:18)
    at EventListener.callback (/home/dhanish/fabric_sfc/caliper-bench/node_modules/fabric-network/lib/impl/event/commitlistenersession.js:92:18)
    at EventListener.onEvent (/home/dhanish/fabric_sfc/caliper-bench/node_modules/fabric-common/lib/EventListener.js:124:10)
    at EventService._callTransactionListener (/home/dhanish/fabric_sfc/caliper-bench/node_modules/fabric-common/lib/EventService.js:1051:16)
    at EventService._processTxEvents (/home/dhanish/fabric_sfc/caliper-bench/node_modules/fabric-common/lib/EventService.js:1006:12)
    at ClientDuplexStreamImpl.<anonymous> (/home/dhanish/fabric_sfc/caliper-bench/node_modules/fabric-common/lib/EventService.js:481:12)
    at ClientDuplexStreamImpl.emit (node:events:517:28)
    at addChunk (node:internal/streams/readable:368:12)
    at readableAddChunk (node:internal/streams/readable:341:9) {
  transactionId: 'e9bdd8dccd62e205f8c50a23143215c47333cc08aad984ba0c1d09c9b8a0cd2c',
  transactionCode: 'MVCC_READ_CONFLICT'
}
2026-08-11T09:20:08.673Z - [33mwarn[39m: [TransactionEventHandler]: strategyFail: commit failure for transaction "f210366e6cec9dd4c8fc81c27f3e394bde2f126348071b3c131e593bbd2ba79e": TransactionError: Commit of transaction f210366e6cec9dd4c8fc81c27f3e394bde2f126348071b3c131e593bbd2ba79e failed on peer peer0.financiers.example.com:7051 with status MVCC_READ_CONFLICT
    at TransactionEventHandler.eventCallback (/home/dhanish/fabric_sfc/caliper-bench/node_modules/fabric-network/lib/impl/event/transactioneventhandler.js:111:31)
    at CommitListenerSession.notifyListener (/home/dhanish/fabric_sfc/caliper-bench/node_modules/fabric-network/lib/impl/event/commitlistenersession.js:101:18)
    at EventListener.callback (/home/dhanish/fabric_sfc/caliper-bench/node_modules/fabric-network/lib/impl/event/commitlistenersession.js:92:18)
    at EventListener.onEvent (/home/dhanish/fabric_sfc/caliper-bench/node_modules/fabric-common/lib/EventListener.js:124:10)
    at EventService._callTransactionListener (/home/dhanish/fabric_sfc/caliper-bench/node_modules/fabric-common/lib/EventService.js:1051:16)
    at EventService._processTxEvents (/home/dhanish/fabric_sfc/caliper-bench/node_modules/fabric-common/lib/EventService.js:1006:12)
    at ClientDuplexStreamImpl.<anonymous> (/home/dhanish/fabric_sfc/caliper-bench/node_modules/fabric-common/lib/EventService.js:481:12)
    at ClientDuplexStreamImpl.emit (node:events:517:28)
    at addChunk (node:internal/streams/readable:368:12)
    at readableAddChunk (node:internal/streams/readable:341:9) {
  transactionId: 'f210366e6cec9dd4c8fc81c27f3e394bde2f126348071b3c131e593bbd2ba79e',
  transactionCode: 'MVCC_READ_CONFLICT'
}
2026-08-11T09:20:08.674Z - [33mwarn[39m: [TransactionEventHandler]: strategyFail: commit failure for transaction "fcf33efb7cb643de3af399289c7d729acec9a58a7c2f898ff39b3aca6a060b0c": TransactionError: Commit of transaction fcf33efb7cb643de3af399289c7d729acec9a58a7c2f898ff39b3aca6a060b0c failed on peer peer0.financiers.example.com:7051 with status MVCC_READ_CONFLICT
    at TransactionEventHandler.eventCallback (/home/dhanish/fabric_sfc/caliper-bench/node_modules/fabric-network/lib/impl/event/transactioneventhandler.js:111:31)
    at CommitListenerSession.notifyListener (/home/dhanish/fabric_sfc/caliper-bench/node_modules/fabric-network/lib/impl/event/commitlistenersession.js:101:18)
    at EventListener.callback (/home/dhanish/fabric_sfc/caliper-bench/node_modules/fabric-network/lib/impl/event/commitlistenersession.js:92:18)
    at EventListener.onEvent (/home/dhanish/fabric_sfc/caliper-bench/node_modules/fabric-common/lib/EventListener.js:124:10)
    at EventService._callTransactionListener (/home/dhanish/fabric_sfc/caliper-bench/node_modules/fabric-common/lib/EventService.js:1051:16)
    at EventService._processTxEvents (/home/dhanish/fabric_sfc/caliper-bench/node_modules/fabric-common/lib/EventService.js:1006:12)
    at ClientDuplexStreamImpl.<anonymous> (/home/dhanish/fabric_sfc/caliper-bench/node_modules/fabric-common/lib/EventService.js:481:12)
    at ClientDuplexStreamImpl.emit (node:events:517:28)
    at addChunk (node:internal/streams/readable:368:12)
    at readableAddChunk (node:internal/streams/readable:341:9) {
  transactionId: 'fcf33efb7cb643de3af399289c7d729acec9a58a7c2f898ff39b3aca6a060b0c',
  transactionCode: 'MVCC_READ_CONFLICT'
}
2026-08-11T09:20:08.674Z - [33mwarn[39m: [TransactionEventHandler]: strategyFail: commit failure for transaction "041f8cf1ce8f2742f201e37eae306d843253767617b469c1c92cae20cbf32138": TransactionError: Commit of transaction 041f8cf1ce8f2742f201e37eae306d843253767617b469c1c92cae20cbf32138 failed on peer peer0.financiers.example.com:7051 with status MVCC_READ_CONFLICT
    at TransactionEventHandler.eventCallback (/home/dhanish/fabric_sfc/caliper-bench/node_modules/fabric-network/lib/impl/event/transactioneventhandler.js:111:31)
    at CommitListenerSession.notifyListener (/home/dhanish/fabric_sfc/caliper-bench/node_modules/fabric-network/lib/impl/event/commitlistenersession.js:101:18)
    at EventListener.callback (/home/dhanish/fabric_sfc/caliper-bench/node_modules/fabric-network/lib/impl/event/commitlistenersession.js:92:18)
    at EventListener.onEvent (/home/dhanish/fabric_sfc/caliper-bench/node_modules/fabric-common/lib/EventListener.js:124:10)
    at EventService._callTransactionListener (/home/dhanish/fabric_sfc/caliper-bench/node_modules/fabric-common/lib/EventService.js:1051:16)
    at EventService._processTxEvents (/home/dhanish/fabric_sfc/caliper-bench/node_modules/fabric-common/lib/EventService.js:1006:12)
    at ClientDuplexStreamImpl.<anonymous> (/home/dhanish/fabric_sfc/caliper-bench/node_modules/fabric-common/lib/EventService.js:481:12)
    at ClientDuplexStreamImpl.emit (node:events:517:28)
    at addChunk (node:internal/streams/readable:368:12)
    at readableAddChunk (node:internal/streams/readable:341:9) {
  transactionId: '041f8cf1ce8f2742f201e37eae306d843253767617b469c1c92cae20cbf32138',
  transactionCode: 'MVCC_READ_CONFLICT'
}
2026.08.11-09:20:08.674[31m error[39m [caliper] [connectors/v2/FabricGateway] 	Failed to perform submit transaction [setFinancePolicyForFinancier] using arguments [,{"minAPR":0.08,"maxAPR":0.24,"baseAPR":0.14,"minTenorDays":7,"maxTenorDays":45,"tenor":21,"minLtvPct":55,"maxLtvPct":85,"ltv":72,"penaltyBasePct":0.4}],  with error: TransactionError: Commit of transaction ea99b5b1f00747e78d8092362919404ac4710ce896c71961c2db5eeffa538ea9 failed on peer peer0.financiers.example.com:7051 with status MVCC_READ_CONFLICT
    at TransactionEventHandler.eventCallback (/home/dhanish/fabric_sfc/caliper-bench/node_modules/fabric-network/lib/impl/event/transactioneventhandler.js:111:31)
    at CommitListenerSession.notifyListener (/home/dhanish/fabric_sfc/caliper-bench/node_modules/fabric-network/lib/impl/event/commitlistenersession.js:101:18)
    at EventListener.callback (/home/dhanish/fabric_sfc/caliper-bench/node_modules/fabric-network/lib/impl/event/commitlistenersession.js:92:18)
    at EventListener.onEvent (/home/dhanish/fabric_sfc/caliper-bench/node_modules/fabric-common/lib/EventListener.js:124:10)
    at EventService._callTransactionListener (/home/dhanish/fabric_sfc/caliper-bench/node_modules/fabric-common/lib/EventService.js:1051:16)
    at EventService._processTxEvents (/home/dhanish/fabric_sfc/caliper-bench/node_modules/fabric-common/lib/EventService.js:1006:12)
    at ClientDuplexStreamImpl.<anonymous> (/home/dhanish/fabric_sfc/caliper-bench/node_modules/fabric-common/lib/EventService.js:481:12)
    at ClientDuplexStreamImpl.emit (node:events:517:28)
    at addChunk (node:internal/streams/readable:368:12)
    at readableAddChunk (node:internal/streams/readable:341:9)
2026.08.11-09:20:08.674[31m error[39m [caliper] [connectors/v2/FabricGateway] 	Failed to perform submit transaction [setFinancePolicyForFinancier] using arguments [,{"minAPR":0.08,"maxAPR":0.24,"baseAPR":0.14,"minTenorDays":7,"maxTenorDays":45,"tenor":21,"minLtvPct":55,"maxLtvPct":85,"ltv":72,"penaltyBasePct":0.4}],  with error: TransactionError: Commit of transaction 3d712a06d5efc34ceb7dab2301304d4d1f154e4d183f7dac8f394aa80e32404e failed on peer peer0.financiers.example.com:7051 with status MVCC_READ_CONFLICT
    at TransactionEventHandler.eventCallback (/home/dhanish/fabric_sfc/caliper-bench/node_modules/fabric-network/lib/impl/event/transactioneventhandler.js:111:31)
    at CommitListenerSession.notifyListener (/home/dhanish/fabric_sfc/caliper-bench/node_modules/fabric-network/lib/impl/event/commitlistenersession.js:101:18)
    at EventListener.callback (/home/dhanish/fabric_sfc/caliper-bench/node_modules/fabric-network/lib/impl/event/commitlistenersession.js:92:18)
    at EventListener.onEvent (/home/dhanish/fabric_sfc/caliper-bench/node_modules/fabric-common/lib/EventListener.js:124:10)
    at EventService._callTransactionListener (/home/dhanish/fabric_sfc/caliper-bench/node_modules/fabric-common/lib/EventService.js:1051:16)
    at EventService._processTxEvents (/home/dhanish/fabric_sfc/caliper-bench/node_modules/fabric-common/lib/EventService.js:1006:12)
    at ClientDuplexStreamImpl.<anonymous> (/home/dhanish/fabric_sfc/caliper-bench/node_modules/fabric-common/lib/EventService.js:481:12)
    at ClientDuplexStreamImpl.emit (node:events:517:28)
    at addChunk (node:internal/streams/readable:368:12)
    at readableAddChunk (node:internal/streams/readable:341:9)
2026.08.11-09:20:08.674[31m error[39m [caliper] [connectors/v2/FabricGateway] 	Failed to perform submit transaction [setFinancePolicyForFinancier] using arguments [,{"minAPR":0.08,"maxAPR":0.24,"baseAPR":0.14,"minTenorDays":7,"maxTenorDays":45,"tenor":21,"minLtvPct":55,"maxLtvPct":85,"ltv":72,"penaltyBasePct":0.4}],  with error: TransactionError: Commit of transaction 8e8b1f3b2f3f009685d5e13e055e6c756a291290a2ff24f77a41a36a7b1a34f8 failed on peer peer0.financiers.example.com:7051 with status MVCC_READ_CONFLICT
    at TransactionEventHandler.eventCallback (/home/dhanish/fabric_sfc/caliper-bench/node_modules/fabric-network/lib/impl/event/transactioneventhandler.js:111:31)
    at CommitListenerSession.notifyListener (/home/dhanish/fabric_sfc/caliper-bench/node_modules/fabric-network/lib/impl/event/commitlistenersession.js:101:18)
    at EventListener.callback (/home/dhanish/fabric_sfc/caliper-bench/node_modules/fabric-network/lib/impl/event/commitlistenersession.js:92:18)
    at EventListener.onEvent (/home/dhanish/fabric_sfc/caliper-bench/node_modules/fabric-common/lib/EventListener.js:124:10)
    at EventService._callTransactionListener (/home/dhanish/fabric_sfc/caliper-bench/node_modules/fabric-common/lib/EventService.js:1051:16)
    at EventService._processTxEvents (/home/dhanish/fabric_sfc/caliper-bench/node_modules/fabric-common/lib/EventService.js:1006:12)
    at ClientDuplexStreamImpl.<anonymous> (/home/dhanish/fabric_sfc/caliper-bench/node_modules/fabric-common/lib/EventService.js:481:12)
    at ClientDuplexStreamImpl.emit (node:events:517:28)
    at addChunk (node:internal/streams/readable:368:12)
    at readableAddChunk (node:internal/streams/readable:341:9)
2026.08.11-09:20:08.674[31m error[39m [caliper] [connectors/v2/FabricGateway] 	Failed to perform submit transaction [setFinancePolicyForFinancier] using arguments [,{"minAPR":0.08,"maxAPR":0.24,"baseAPR":0.14,"minTenorDays":7,"maxTenorDays":45,"tenor":21,"minLtvPct":55,"maxLtvPct":85,"ltv":72,"penaltyBasePct":0.4}],  with error: TransactionError: Commit of transaction e9bdd8dccd62e205f8c50a23143215c47333cc08aad984ba0c1d09c9b8a0cd2c failed on peer peer0.financiers.example.com:7051 with status MVCC_READ_CONFLICT
    at TransactionEventHandler.eventCallback (/home/dhanish/fabric_sfc/caliper-bench/node_modules/fabric-network/lib/impl/event/transactioneventhandler.js:111:31)
    at CommitListenerSession.notifyListener (/home/dhanish/fabric_sfc/caliper-bench/node_modules/fabric-network/lib/impl/event/commitlistenersession.js:101:18)
    at EventListener.callback (/home/dhanish/fabric_sfc/caliper-bench/node_modules/fabric-network/lib/impl/event/commitlistenersession.js:92:18)
    at EventListener.onEvent (/home/dhanish/fabric_sfc/caliper-bench/node_modules/fabric-common/lib/EventListener.js:124:10)
    at EventService._callTransactionListener (/home/dhanish/fabric_sfc/caliper-bench/node_modules/fabric-common/lib/EventService.js:1051:16)
    at EventService._processTxEvents (/home/dhanish/fabric_sfc/caliper-bench/node_modules/fabric-common/lib/EventService.js:1006:12)
    at ClientDuplexStreamImpl.<anonymous> (/home/dhanish/fabric_sfc/caliper-bench/node_modules/fabric-common/lib/EventService.js:481:12)
    at ClientDuplexStreamImpl.emit (node:events:517:28)
    at addChunk (node:internal/streams/readable:368:12)
    at readableAddChunk (node:internal/streams/readable:341:9)
2026.08.11-09:20:08.674[31m error[39m [caliper] [connectors/v2/FabricGateway] 	Failed to perform submit transaction [setFinancePolicyForFinancier] using arguments [,{"minAPR":0.08,"maxAPR":0.24,"baseAPR":0.14,"minTenorDays":7,"maxTenorDays":45,"tenor":21,"minLtvPct":55,"maxLtvPct":85,"ltv":72,"penaltyBasePct":0.4}],  with error: TransactionError: Commit of transaction f210366e6cec9dd4c8fc81c27f3e394bde2f126348071b3c131e593bbd2ba79e failed on peer peer0.financiers.example.com:7051 with status MVCC_READ_CONFLICT
    at TransactionEventHandler.eventCallback (/home/dhanish/fabric_sfc/caliper-bench/node_modules/fabric-network/lib/impl/event/transactioneventhandler.js:111:31)
    at CommitListenerSession.notifyListener (/home/dhanish/fabric_sfc/caliper-bench/node_modules/fabric-network/lib/impl/event/commitlistenersession.js:101:18)
    at EventListener.callback (/home/dhanish/fabric_sfc/caliper-bench/node_modules/fabric-network/lib/impl/event/commitlistenersession.js:92:18)
    at EventListener.onEvent (/home/dhanish/fabric_sfc/caliper-bench/node_modules/fabric-common/lib/EventListener.js:124:10)
    at EventService._callTransactionListener (/home/dhanish/fabric_sfc/caliper-bench/node_modules/fabric-common/lib/EventService.js:1051:16)
    at EventService._processTxEvents (/home/dhanish/fabric_sfc/caliper-bench/node_modules/fabric-common/lib/EventService.js:1006:12)
    at ClientDuplexStreamImpl.<anonymous> (/home/dhanish/fabric_sfc/caliper-bench/node_modules/fabric-common/lib/EventService.js:481:12)
    at ClientDuplexStreamImpl.emit (node:events:517:28)
    at addChunk (node:internal/streams/readable:368:12)
    at readableAddChunk (node:internal/streams/readable:341:9)
2026.08.11-09:20:08.674[31m error[39m [caliper] [connectors/v2/FabricGateway] 	Failed to perform submit transaction [setFinancePolicyForFinancier] using arguments [,{"minAPR":0.08,"maxAPR":0.24,"baseAPR":0.14,"minTenorDays":7,"maxTenorDays":45,"tenor":21,"minLtvPct":55,"maxLtvPct":85,"ltv":72,"penaltyBasePct":0.4}],  with error: TransactionError: Commit of transaction fcf33efb7cb643de3af399289c7d729acec9a58a7c2f898ff39b3aca6a060b0c failed on peer peer0.financiers.example.com:7051 with status MVCC_READ_CONFLICT
    at TransactionEventHandler.eventCallback (/home/dhanish/fabric_sfc/caliper-bench/node_modules/fabric-network/lib/impl/event/transactioneventhandler.js:111:31)
    at CommitListenerSession.notifyListener (/home/dhanish/fabric_sfc/caliper-bench/node_modules/fabric-network/lib/impl/event/commitlistenersession.js:101:18)
    at EventListener.callback (/home/dhanish/fabric_sfc/caliper-bench/node_modules/fabric-network/lib/impl/event/commitlistenersession.js:92:18)
    at EventListener.onEvent (/home/dhanish/fabric_sfc/caliper-bench/node_modules/fabric-common/lib/EventListener.js:124:10)
    at EventService._callTransactionListener (/home/dhanish/fabric_sfc/caliper-bench/node_modules/fabric-common/lib/EventService.js:1051:16)
    at EventService._processTxEvents (/home/dhanish/fabric_sfc/caliper-bench/node_modules/fabric-common/lib/EventService.js:1006:12)
    at ClientDuplexStreamImpl.<anonymous> (/home/dhanish/fabric_sfc/caliper-bench/node_modules/fabric-common/lib/EventService.js:481:12)
    at ClientDuplexStreamImpl.emit (node:events:517:28)
    at addChunk (node:internal/streams/readable:368:12)
    at readableAddChunk (node:internal/streams/readable:341:9)
2026.08.11-09:20:08.674[31m error[39m [caliper] [connectors/v2/FabricGateway] 	Failed to perform submit transaction [setFinancePolicyForFinancier] using arguments [,{"minAPR":0.08,"maxAPR":0.24,"baseAPR":0.14,"minTenorDays":7,"maxTenorDays":45,"tenor":21,"minLtvPct":55,"maxLtvPct":85,"ltv":72,"penaltyBasePct":0.4}],  with error: TransactionError: Commit of transaction 041f8cf1ce8f2742f201e37eae306d843253767617b469c1c92cae20cbf32138 failed on peer peer0.financiers.example.com:7051 with status MVCC_READ_CONFLICT
    at TransactionEventHandler.eventCallback (/home/dhanish/fabric_sfc/caliper-bench/node_modules/fabric-network/lib/impl/event/transactioneventhandler.js:111:31)
    at CommitListenerSession.notifyListener (/home/dhanish/fabric_sfc/caliper-bench/node_modules/fabric-network/lib/impl/event/commitlistenersession.js:101:18)
    at EventListener.callback (/home/dhanish/fabric_sfc/caliper-bench/node_modules/fabric-network/lib/impl/event/commitlistenersession.js:92:18)
    at EventListener.onEvent (/home/dhanish/fabric_sfc/caliper-bench/node_modules/fabric-common/lib/EventListener.js:124:10)
    at EventService._callTransactionListener (/home/dhanish/fabric_sfc/caliper-bench/node_modules/fabric-common/lib/EventService.js:1051:16)
    at EventService._processTxEvents (/home/dhanish/fabric_sfc/caliper-bench/node_modules/fabric-common/lib/EventService.js:1006:12)
    at ClientDuplexStreamImpl.<anonymous> (/home/dhanish/fabric_sfc/caliper-bench/node_modules/fabric-common/lib/EventService.js:481:12)
    at ClientDuplexStreamImpl.emit (node:events:517:28)
    at addChunk (node:internal/streams/readable:368:12)
    at readableAddChunk (node:internal/streams/readable:341:9)

📊 ===== SetFinancePolicy Worker 3 Summary =====
   📦 Total Payload       : 10.3711 KB
   📏 Avg Payload         : 177.00 bytes
   📐 Max Payload         : 177 bytes
   🧮 Payload Samples     : 60
2026.08.11-09:20:09.681[32m info [39m [caliper] [connectors/v2/FabricGateway] 	disconnecting gateway for user User0
2026.08.11-09:20:09.681[32m info [39m [caliper] [connectors/v2/FabricGateway] 	disconnecting gateway for user User1
2026.08.11-09:20:09.682[32m info [39m [caliper] [connectors/v2/FabricGateway] 	disconnecting gateway for user User2
2026.08.11-09:20:09.682[32m info [39m [caliper] [connectors/v2/FabricGateway] 	disconnecting gateway for user User3
2026.08.11-09:20:09.682[32m info [39m [caliper] [connectors/v2/FabricGateway] 	disconnecting gateway for user User4
2026.08.11-09:20:09.683[32m info [39m [caliper] [connectors/v2/FabricGateway] 	disconnecting gateway for user User5
2026.08.11-09:20:09.683[32m info [39m [caliper] [connectors/v2/FabricGateway] 	disconnecting gateway for user _WholesalersMSP_User0
2026.08.11-09:20:09.683[32m info [39m [caliper] [connectors/v2/FabricGateway] 	disconnecting gateway for user _WholesalersMSP_User1
2026.08.11-09:20:09.684[32m info [39m [caliper] [connectors/v2/FabricGateway] 	disconnecting gateway for user _WholesalersMSP_User2
2026.08.11-09:20:09.684[32m info [39m [caliper] [connectors/v2/FabricGateway] 	disconnecting gateway for user _WholesalersMSP_User3
2026.08.11-09:20:09.684[32m info [39m [caliper] [connectors/v2/FabricGateway] 	disconnecting gateway for user _WholesalersMSP_User4
2026.08.11-09:20:09.684[32m info [39m [caliper] [connectors/v2/FabricGateway] 	disconnecting gateway for user _WholesalersMSP_User5
2026.08.11-09:20:09.684[32m info [39m [caliper] [worker-message-handler] 	Worker#3 finished Round#0

📊 ===== SetFinancePolicy Worker 2 Summary =====
   📦 Total Payload       : 10.3711 KB
   📏 Avg Payload         : 177.00 bytes
   📐 Max Payload         : 177 bytes
   🧮 Payload Samples     : 60
2026.08.11-09:20:09.704[32m info [39m [caliper] [connectors/v2/FabricGateway] 	disconnecting gateway for user User0
2026.08.11-09:20:09.704[32m info [39m [caliper] [connectors/v2/FabricGateway] 	disconnecting gateway for user User1
2026.08.11-09:20:09.704[32m info [39m [caliper] [connectors/v2/FabricGateway] 	disconnecting gateway for user User2
2026.08.11-09:20:09.704[32m info [39m [caliper] [connectors/v2/FabricGateway] 	disconnecting gateway for user User3
2026.08.11-09:20:09.705[32m info [39m [caliper] [connectors/v2/FabricGateway] 	disconnecting gateway for user User4
2026.08.11-09:20:09.706[32m info [39m [caliper] [connectors/v2/FabricGateway] 	disconnecting gateway for user User5
2026.08.11-09:20:09.706[32m info [39m [caliper] [connectors/v2/FabricGateway] 	disconnecting gateway for user _WholesalersMSP_User0
2026.08.11-09:20:09.706[32m info [39m [caliper] [connectors/v2/FabricGateway] 	disconnecting gateway for user _WholesalersMSP_User1
2026.08.11-09:20:09.706[32m info [39m [caliper] [connectors/v2/FabricGateway] 	disconnecting gateway for user _WholesalersMSP_User2
2026.08.11-09:20:09.706[32m info [39m [caliper] [connectors/v2/FabricGateway] 	disconnecting gateway for user _WholesalersMSP_User3
2026.08.11-09:20:09.707[32m info [39m [caliper] [connectors/v2/FabricGateway] 	disconnecting gateway for user _WholesalersMSP_User4
2026.08.11-09:20:09.707[32m info [39m [caliper] [connectors/v2/FabricGateway] 	disconnecting gateway for user _WholesalersMSP_User5
2026.08.11-09:20:09.707[32m info [39m [caliper] [worker-message-handler] 	Worker#2 finished Round#0

📊 ===== SetFinancePolicy Worker 1 Summary =====
   📦 Total Payload       : 10.3711 KB
   📏 Avg Payload         : 177.00 bytes
   📐 Max Payload         : 177 bytes
   🧮 Payload Samples     : 60
2026.08.11-09:20:09.744[32m info [39m [caliper] [connectors/v2/FabricGateway] 	disconnecting gateway for user User0
2026.08.11-09:20:09.744[32m info [39m [caliper] [connectors/v2/FabricGateway] 	disconnecting gateway for user User1
2026.08.11-09:20:09.744[32m info [39m [caliper] [connectors/v2/FabricGateway] 	disconnecting gateway for user User2
2026.08.11-09:20:09.745[32m info [39m [caliper] [connectors/v2/FabricGateway] 	disconnecting gateway for user User3
2026.08.11-09:20:09.745[32m info [39m [caliper] [connectors/v2/FabricGateway] 	disconnecting gateway for user User4
2026.08.11-09:20:09.745[32m info [39m [caliper] [connectors/v2/FabricGateway] 	disconnecting gateway for user User5
2026.08.11-09:20:09.746[32m info [39m [caliper] [connectors/v2/FabricGateway] 	disconnecting gateway for user _WholesalersMSP_User0

📊 ===== SetFinancePolicy Worker 0 Summary =====
   📦 Total Payload       : 10.3711 KB
   📏 Avg Payload         : 177.00 bytes
2026.08.11-09:20:09.746[32m info [39m [caliper] [connectors/v2/FabricGateway] 	disconnecting gateway for user _WholesalersMSP_User1
   📐 Max Payload         : 177 bytes
   🧮 Payload Samples     : 60
2026.08.11-09:20:09.746[32m info [39m [caliper] [connectors/v2/FabricGateway] 	disconnecting gateway for user User0
2026.08.11-09:20:09.746[32m info [39m [caliper] [connectors/v2/FabricGateway] 	disconnecting gateway for user _WholesalersMSP_User2
2026.08.11-09:20:09.746[32m info [39m [caliper] [connectors/v2/FabricGateway] 	disconnecting gateway for user _WholesalersMSP_User3
2026.08.11-09:20:09.746[32m info [39m [caliper] [connectors/v2/FabricGateway] 	disconnecting gateway for user User1
2026.08.11-09:20:09.746[32m info [39m [caliper] [connectors/v2/FabricGateway] 	disconnecting gateway for user _WholesalersMSP_User4
2026.08.11-09:20:09.747[32m info [39m [caliper] [connectors/v2/FabricGateway] 	disconnecting gateway for user _WholesalersMSP_User5
2026.08.11-09:20:09.747[32m info [39m [caliper] [worker-message-handler] 	Worker#1 finished Round#0
2026.08.11-09:20:09.747[32m info [39m [caliper] [connectors/v2/FabricGateway] 	disconnecting gateway for user User2
2026.08.11-09:20:09.747[32m info [39m [caliper] [connectors/v2/FabricGateway] 	disconnecting gateway for user User3
2026.08.11-09:20:09.748[32m info [39m [caliper] [connectors/v2/FabricGateway] 	disconnecting gateway for user User4
2026.08.11-09:20:09.748[32m info [39m [caliper] [connectors/v2/FabricGateway] 	disconnecting gateway for user User5
2026.08.11-09:20:09.748[32m info [39m [caliper] [connectors/v2/FabricGateway] 	disconnecting gateway for user _WholesalersMSP_User0
2026.08.11-09:20:09.749[32m info [39m [caliper] [connectors/v2/FabricGateway] 	disconnecting gateway for user _WholesalersMSP_User1
2026.08.11-09:20:09.749[32m info [39m [caliper] [connectors/v2/FabricGateway] 	disconnecting gateway for user _WholesalersMSP_User2
2026.08.11-09:20:09.749[32m info [39m [caliper] [connectors/v2/FabricGateway] 	disconnecting gateway for user _WholesalersMSP_User3
2026.08.11-09:20:09.749[32m info [39m [caliper] [connectors/v2/FabricGateway] 	disconnecting gateway for user _WholesalersMSP_User4

📊 ===== SetFinancePolicy Worker 4 Summary =====
   📦 Total Payload       : 10.3711 KB
   📏 Avg Payload         : 177.00 bytes
   📐 Max Payload         : 177 bytes
   🧮 Payload Samples     : 60
2026.08.11-09:20:09.750[32m info [39m [caliper] [connectors/v2/FabricGateway] 	disconnecting gateway for user User0
2026.08.11-09:20:09.750[32m info [39m [caliper] [connectors/v2/FabricGateway] 	disconnecting gateway for user _WholesalersMSP_User5
2026.08.11-09:20:09.750[32m info [39m [caliper] [worker-message-handler] 	Worker#0 finished Round#0
2026.08.11-09:20:09.750[32m info [39m [caliper] [connectors/v2/FabricGateway] 	disconnecting gateway for user User1
2026.08.11-09:20:09.751[32m info [39m [caliper] [connectors/v2/FabricGateway] 	disconnecting gateway for user User2
2026.08.11-09:20:09.751[32m info [39m [caliper] [connectors/v2/FabricGateway] 	disconnecting gateway for user User3
2026.08.11-09:20:09.752[32m info [39m [caliper] [connectors/v2/FabricGateway] 	disconnecting gateway for user User4
2026.08.11-09:20:09.752[32m info [39m [caliper] [connectors/v2/FabricGateway] 	disconnecting gateway for user User5
2026.08.11-09:20:09.753[32m info [39m [caliper] [connectors/v2/FabricGateway] 	disconnecting gateway for user _WholesalersMSP_User0
2026.08.11-09:20:09.754[32m info [39m [caliper] [connectors/v2/FabricGateway] 	disconnecting gateway for user _WholesalersMSP_User1
2026.08.11-09:20:09.754[32m info [39m [caliper] [connectors/v2/FabricGateway] 	disconnecting gateway for user _WholesalersMSP_User2
2026.08.11-09:20:09.754[32m info [39m [caliper] [connectors/v2/FabricGateway] 	disconnecting gateway for user _WholesalersMSP_User3
2026.08.11-09:20:09.755[32m info [39m [caliper] [connectors/v2/FabricGateway] 	disconnecting gateway for user _WholesalersMSP_User4
2026.08.11-09:20:09.756[32m info [39m [caliper] [connectors/v2/FabricGateway] 	disconnecting gateway for user _WholesalersMSP_User5
2026.08.11-09:20:09.756[32m info [39m [caliper] [worker-message-handler] 	Worker#4 finished Round#0
2026.08.11-09:20:14.766[32m info [39m [caliper] [default-observer] 	Resetting txCount indicator count
2026.08.11-09:20:14.766[32m info [39m [caliper] [report-builder] 	### Test result ###
2026.08.11-09:20:14.770[32m info [39m [caliper] [report-builder] 	
+-----------------------------+------+------+-----------------+-----------------+-----------------+-----------------+------------------+
| Name                        | Succ | Fail | Send Rate (TPS) | Max Latency (s) | Min Latency (s) | Avg Latency (s) | Throughput (TPS) |
|-----------------------------|------|------|-----------------|-----------------|-----------------|-----------------|------------------|
| setfinancepolicy_round1@300 | 37   | 263  | 289.3           | 0.20            | 0.10            | 0.16            | 269.3            |
+-----------------------------+------+------+-----------------+-----------------+-----------------+-----------------+------------------+

2026.08.11-09:20:14.771[32m info [39m [caliper] [round-orchestrator] 	Finished round 1 (setfinancepolicy_round1@300) in 1.196 seconds
2026.08.11-09:20:14.771[32m info [39m [caliper] [monitor.js] 	Stopping all monitors
2026.08.11-09:20:14.771[32m info [39m [caliper] [report-builder] 	### All test results ###
2026.08.11-09:20:14.772[32m info [39m [caliper] [report-builder] 	
+-----------------------------+------+------+-----------------+-----------------+-----------------+-----------------+------------------+
| Name                        | Succ | Fail | Send Rate (TPS) | Max Latency (s) | Min Latency (s) | Avg Latency (s) | Throughput (TPS) |
|-----------------------------|------|------|-----------------|-----------------|-----------------|-----------------|------------------|
| setfinancepolicy_round1@300 | 37   | 263  | 289.3           | 0.20            | 0.10            | 0.16            | 269.3            |
+-----------------------------+------+------+-----------------+-----------------+-----------------+-----------------+------------------+

2026.08.11-09:20:14.779[32m info [39m [caliper] [report-builder] 	Generated report with path /home/dhanish/fabric_sfc/caliper-bench/report.html
2026.08.11-09:20:14.780[32m info [39m [caliper] [monitor.js] 	Stopping all monitors
2026.08.11-09:20:14.780[32m info [39m [caliper] [worker-orchestrator] 	Sending exit message to connected workers
2026.08.11-09:20:14.780[32m info [39m [caliper] [round-orchestrator] 	Benchmark finished in 10.453 seconds. Total rounds: 1. Successful rounds: 1. Failed rounds: 0.
2026.08.11-09:20:14.780[32m info [39m [caliper] [caliper-engine] 	Network configuration attribute "caliper.command.end" is not present, skipping end command
2026.08.11-09:20:14.780[32m info [39m [caliper] [cli-launch-manager] 	Benchmark successfully finished!
2026.08.11-09:20:14.781[32m info [39m [caliper] [worker-message-handler] 	Worker#0 is exiting
2026.08.11-09:20:14.781[32m info [39m [caliper] [worker-message-handler] 	Worker#1 is exiting
2026.08.11-09:20:14.781[32m info [39m [caliper] [worker-message-handler] 	Worker#2 is exiting
2026.08.11-09:20:14.781[32m info [39m [caliper] [worker-message-handler] 	Worker#3 is exiting
2026.08.11-09:20:14.781[32m info [39m [caliper] [worker-message-handler] 	Worker#4 is exiting
