2026.08.11-09:20:48.349[32m info [39m [caliper] [cli-launch-manager] 	Set workspace path: /home/dhanish/fabric_sfc/caliper-bench
2026.08.11-09:20:48.350[32m info [39m [caliper] [cli-launch-manager] 	Set benchmark configuration path: /home/dhanish/fabric_sfc/caliper-bench/benchmarks/benchmark-updatefinancierrloffer-agro1008-finance-300.yaml
2026.08.11-09:20:48.350[32m info [39m [caliper] [cli-launch-manager] 	Set network configuration path: /home/dhanish/fabric_sfc/caliper-bench/generated/caliper-network-agro1008-finance.yaml
2026.08.11-09:20:48.350[32m info [39m [caliper] [cli-launch-manager] 	Set SUT type: fabric
2026.08.11-09:20:48.365[32m info [39m [caliper] [benchmark-validator] 	No observer specified, will default to `none`
2026.08.11-09:20:48.365[32m info [39m [caliper] [caliper-engine] 	Starting benchmark flow
2026.08.11-09:20:48.365[32m info [39m [caliper] [caliper-engine] 	Network configuration attribute "caliper.command.start" is not present, skipping start command
2026.08.11-09:20:48.759[32m info [39m [caliper] [FabricConnectorFactory] 	Initializing gateway connector compatible with installed SDK: 2.2.20
2026.08.11-09:20:48.768[32m info [39m [caliper] [IdentityManager] 	Adding User0 (admin=true) as User0 for organization FinanciersMSP
2026.08.11-09:20:48.776[32m info [39m [caliper] [IdentityManager] 	Adding User1 (admin=false) as User1 for organization FinanciersMSP
2026.08.11-09:20:48.777[32m info [39m [caliper] [IdentityManager] 	Adding User2 (admin=false) as User2 for organization FinanciersMSP
2026.08.11-09:20:48.777[32m info [39m [caliper] [IdentityManager] 	Adding User3 (admin=false) as User3 for organization FinanciersMSP
2026.08.11-09:20:48.778[32m info [39m [caliper] [IdentityManager] 	Adding User4 (admin=false) as User4 for organization FinanciersMSP
2026.08.11-09:20:48.779[32m info [39m [caliper] [IdentityManager] 	Adding User5 (admin=false) as User5 for organization FinanciersMSP
2026.08.11-09:20:48.780[32m info [39m [caliper] [IdentityManager] 	Adding User0 (admin=true) as _WholesalersMSP_User0 for organization WholesalersMSP
2026.08.11-09:20:48.781[32m info [39m [caliper] [IdentityManager] 	Adding User1 (admin=false) as _WholesalersMSP_User1 for organization WholesalersMSP
2026.08.11-09:20:48.781[32m info [39m [caliper] [IdentityManager] 	Adding User2 (admin=false) as _WholesalersMSP_User2 for organization WholesalersMSP
2026.08.11-09:20:48.782[32m info [39m [caliper] [IdentityManager] 	Adding User3 (admin=false) as _WholesalersMSP_User3 for organization WholesalersMSP
2026.08.11-09:20:48.783[32m info [39m [caliper] [IdentityManager] 	Adding User4 (admin=false) as _WholesalersMSP_User4 for organization WholesalersMSP
2026.08.11-09:20:48.784[32m info [39m [caliper] [IdentityManager] 	Adding User5 (admin=false) as _WholesalersMSP_User5 for organization WholesalersMSP
2026.08.11-09:20:48.786[32m info [39m [caliper] [connectors/v2/FabricGateway] 	Fabric SDK version: 2.2.20; TLS based on FinanciersMSP: server
2026.08.11-09:20:48.787[32m info [39m [caliper] [caliper-engine] 	Executed "init" step in 0.002 seconds
2026.08.11-09:20:48.787[33m warn [39m [caliper] [connectors/v2/FabricGateway] 	Install smart contract not available with Fabric SDK version: 2.2.20
2026.08.11-09:20:48.787[32m info [39m [caliper] [caliper-engine] 	Executed "install" step in 0 seconds
2026.08.11-09:20:48.789[32m info [39m [caliper] [monitor.js] 	No resource monitors specified
2026.08.11-09:20:48.790[32m info [39m [caliper] [default-observer] 	Observer interval set to 5000 milliseconds
2026.08.11-09:20:48.793[32m info [39m [caliper] [round-orchestrator] 	Preparing worker connections
2026.08.11-09:20:48.793[32m info [39m [caliper] [worker-orchestrator] 	Launching worker 1 of 5
2026.08.11-09:20:48.799[32m info [39m [caliper] [worker-orchestrator] 	Launching worker 2 of 5
2026.08.11-09:20:48.801[32m info [39m [caliper] [worker-orchestrator] 	Launching worker 3 of 5
2026.08.11-09:20:48.803[32m info [39m [caliper] [worker-orchestrator] 	Launching worker 4 of 5
2026.08.11-09:20:48.805[32m info [39m [caliper] [worker-orchestrator] 	Launching worker 5 of 5
2026.08.11-09:20:48.808[32m info [39m [caliper] [worker-orchestrator] 	Messenger not configured, entering configure phase...
2026.08.11-09:20:48.809[32m info [39m [caliper] [worker-orchestrator] 	No existing workers detected, entering worker launch phase...
2026.08.11-09:20:48.809[32m info [39m [caliper] [worker-orchestrator] 	Waiting for 5 workers to be connected...
2026.08.11-09:20:49.165[32m info [39m [caliper] [cli-launch-worker] 	Set workspace path: /home/dhanish/fabric_sfc/caliper-bench
2026.08.11-09:20:49.167[32m info [39m [caliper] [cli-launch-worker] 	Set benchmark configuration path: /home/dhanish/fabric_sfc/caliper-bench/benchmarks/benchmark-updatefinancierrloffer-agro1008-finance-300.yaml
2026.08.11-09:20:49.167[32m info [39m [caliper] [cli-launch-worker] 	Set network configuration path: /home/dhanish/fabric_sfc/caliper-bench/generated/caliper-network-agro1008-finance.yaml
2026.08.11-09:20:49.167[32m info [39m [caliper] [cli-launch-worker] 	Set SUT type: fabric
2026.08.11-09:20:49.167[32m info [39m [caliper] [cli-launch-worker] 	Set workspace path: /home/dhanish/fabric_sfc/caliper-bench
2026.08.11-09:20:49.169[32m info [39m [caliper] [cli-launch-worker] 	Set benchmark configuration path: /home/dhanish/fabric_sfc/caliper-bench/benchmarks/benchmark-updatefinancierrloffer-agro1008-finance-300.yaml
2026.08.11-09:20:49.169[32m info [39m [caliper] [cli-launch-worker] 	Set network configuration path: /home/dhanish/fabric_sfc/caliper-bench/generated/caliper-network-agro1008-finance.yaml
2026.08.11-09:20:49.169[32m info [39m [caliper] [cli-launch-worker] 	Set SUT type: fabric
2026.08.11-09:20:49.172[32m info [39m [caliper] [cli-launch-worker] 	Set workspace path: /home/dhanish/fabric_sfc/caliper-bench
2026.08.11-09:20:49.173[32m info [39m [caliper] [cli-launch-worker] 	Set benchmark configuration path: /home/dhanish/fabric_sfc/caliper-bench/benchmarks/benchmark-updatefinancierrloffer-agro1008-finance-300.yaml
2026.08.11-09:20:49.174[32m info [39m [caliper] [cli-launch-worker] 	Set network configuration path: /home/dhanish/fabric_sfc/caliper-bench/generated/caliper-network-agro1008-finance.yaml
2026.08.11-09:20:49.174[32m info [39m [caliper] [cli-launch-worker] 	Set SUT type: fabric
2026.08.11-09:20:49.178[32m info [39m [caliper] [cli-launch-worker] 	Set workspace path: /home/dhanish/fabric_sfc/caliper-bench
2026.08.11-09:20:49.180[32m info [39m [caliper] [cli-launch-worker] 	Set benchmark configuration path: /home/dhanish/fabric_sfc/caliper-bench/benchmarks/benchmark-updatefinancierrloffer-agro1008-finance-300.yaml
2026.08.11-09:20:49.180[32m info [39m [caliper] [cli-launch-worker] 	Set network configuration path: /home/dhanish/fabric_sfc/caliper-bench/generated/caliper-network-agro1008-finance.yaml
2026.08.11-09:20:49.180[32m info [39m [caliper] [cli-launch-worker] 	Set SUT type: fabric
2026.08.11-09:20:49.193[32m info [39m [caliper] [cli-launch-worker] 	Set workspace path: /home/dhanish/fabric_sfc/caliper-bench
2026.08.11-09:20:49.195[32m info [39m [caliper] [cli-launch-worker] 	Set benchmark configuration path: /home/dhanish/fabric_sfc/caliper-bench/benchmarks/benchmark-updatefinancierrloffer-agro1008-finance-300.yaml
2026.08.11-09:20:49.195[32m info [39m [caliper] [cli-launch-worker] 	Set network configuration path: /home/dhanish/fabric_sfc/caliper-bench/generated/caliper-network-agro1008-finance.yaml
2026.08.11-09:20:49.195[32m info [39m [caliper] [cli-launch-worker] 	Set SUT type: fabric
2026.08.11-09:20:49.238[32m info [39m [caliper] [worker-orchestrator] 	5 workers connected, progressing to worker assignment phase.
2026.08.11-09:20:49.239[32m info [39m [caliper] [worker-orchestrator] 	Workers currently unassigned, awaiting index assignment...
2026.08.11-09:20:49.240[32m info [39m [caliper] [worker-orchestrator] 	Waiting for 5 workers to be assigned...
2026.08.11-09:20:49.269[32m info [39m [caliper] [worker-orchestrator] 	5 workers assigned, progressing to worker initialization phase.
2026.08.11-09:20:49.270[32m info [39m [caliper] [worker-orchestrator] 	Waiting for 5 workers to be ready...
2026.08.11-09:20:49.271[32m info [39m [caliper] [worker-message-handler] 	Initializing Worker#1...
2026.08.11-09:20:49.271[32m info [39m [caliper] [worker-message-handler] 	Initializing Worker#0...
2026.08.11-09:20:49.271[32m info [39m [caliper] [worker-message-handler] 	Initializing Worker#2...
2026.08.11-09:20:49.271[32m info [39m [caliper] [worker-message-handler] 	Initializing Worker#3...
2026.08.11-09:20:49.272[32m info [39m [caliper] [worker-message-handler] 	Initializing Worker#4...
2026.08.11-09:20:49.744[32m info [39m [caliper] [FabricConnectorFactory] 	Initializing gateway connector compatible with installed SDK: 2.2.20
2026.08.11-09:20:49.752[32m info [39m [caliper] [IdentityManager] 	Adding User0 (admin=true) as User0 for organization FinanciersMSP
2026.08.11-09:20:49.754[32m info [39m [caliper] [IdentityManager] 	Adding User1 (admin=false) as User1 for organization FinanciersMSP
2026.08.11-09:20:49.755[32m info [39m [caliper] [IdentityManager] 	Adding User2 (admin=false) as User2 for organization FinanciersMSP
2026.08.11-09:20:49.756[32m info [39m [caliper] [IdentityManager] 	Adding User3 (admin=false) as User3 for organization FinanciersMSP
2026.08.11-09:20:49.756[32m info [39m [caliper] [IdentityManager] 	Adding User4 (admin=false) as User4 for organization FinanciersMSP
2026.08.11-09:20:49.757[32m info [39m [caliper] [IdentityManager] 	Adding User5 (admin=false) as User5 for organization FinanciersMSP
2026.08.11-09:20:49.758[32m info [39m [caliper] [IdentityManager] 	Adding User0 (admin=true) as _WholesalersMSP_User0 for organization WholesalersMSP
2026.08.11-09:20:49.759[32m info [39m [caliper] [IdentityManager] 	Adding User1 (admin=false) as _WholesalersMSP_User1 for organization WholesalersMSP
2026.08.11-09:20:49.760[32m info [39m [caliper] [IdentityManager] 	Adding User2 (admin=false) as _WholesalersMSP_User2 for organization WholesalersMSP
2026.08.11-09:20:49.761[32m info [39m [caliper] [IdentityManager] 	Adding User3 (admin=false) as _WholesalersMSP_User3 for organization WholesalersMSP
2026.08.11-09:20:49.762[32m info [39m [caliper] [IdentityManager] 	Adding User4 (admin=false) as _WholesalersMSP_User4 for organization WholesalersMSP
2026.08.11-09:20:49.763[32m info [39m [caliper] [IdentityManager] 	Adding User5 (admin=false) as _WholesalersMSP_User5 for organization WholesalersMSP
2026.08.11-09:20:49.765[32m info [39m [caliper] [worker-message-handler] 	Worker#4 initialized
2026.08.11-09:20:49.770[32m info [39m [caliper] [FabricConnectorFactory] 	Initializing gateway connector compatible with installed SDK: 2.2.20
2026.08.11-09:20:49.777[32m info [39m [caliper] [IdentityManager] 	Adding User0 (admin=true) as User0 for organization FinanciersMSP
2026.08.11-09:20:49.778[32m info [39m [caliper] [IdentityManager] 	Adding User1 (admin=false) as User1 for organization FinanciersMSP
2026.08.11-09:20:49.779[32m info [39m [caliper] [IdentityManager] 	Adding User2 (admin=false) as User2 for organization FinanciersMSP
2026.08.11-09:20:49.780[32m info [39m [caliper] [IdentityManager] 	Adding User3 (admin=false) as User3 for organization FinanciersMSP
2026.08.11-09:20:49.781[32m info [39m [caliper] [IdentityManager] 	Adding User4 (admin=false) as User4 for organization FinanciersMSP
2026.08.11-09:20:49.781[32m info [39m [caliper] [IdentityManager] 	Adding User5 (admin=false) as User5 for organization FinanciersMSP
2026.08.11-09:20:49.782[32m info [39m [caliper] [IdentityManager] 	Adding User0 (admin=true) as _WholesalersMSP_User0 for organization WholesalersMSP
2026.08.11-09:20:49.783[32m info [39m [caliper] [FabricConnectorFactory] 	Initializing gateway connector compatible with installed SDK: 2.2.20
2026.08.11-09:20:49.783[32m info [39m [caliper] [IdentityManager] 	Adding User1 (admin=false) as _WholesalersMSP_User1 for organization WholesalersMSP
2026.08.11-09:20:49.784[32m info [39m [caliper] [IdentityManager] 	Adding User2 (admin=false) as _WholesalersMSP_User2 for organization WholesalersMSP
2026.08.11-09:20:49.785[32m info [39m [caliper] [IdentityManager] 	Adding User3 (admin=false) as _WholesalersMSP_User3 for organization WholesalersMSP
2026.08.11-09:20:49.785[32m info [39m [caliper] [IdentityManager] 	Adding User4 (admin=false) as _WholesalersMSP_User4 for organization WholesalersMSP
2026.08.11-09:20:49.786[32m info [39m [caliper] [IdentityManager] 	Adding User5 (admin=false) as _WholesalersMSP_User5 for organization WholesalersMSP
2026.08.11-09:20:49.788[32m info [39m [caliper] [worker-message-handler] 	Worker#0 initialized
2026.08.11-09:20:49.791[32m info [39m [caliper] [IdentityManager] 	Adding User0 (admin=true) as User0 for organization FinanciersMSP
2026.08.11-09:20:49.792[32m info [39m [caliper] [IdentityManager] 	Adding User1 (admin=false) as User1 for organization FinanciersMSP
2026.08.11-09:20:49.793[32m info [39m [caliper] [FabricConnectorFactory] 	Initializing gateway connector compatible with installed SDK: 2.2.20
2026.08.11-09:20:49.793[32m info [39m [caliper] [IdentityManager] 	Adding User2 (admin=false) as User2 for organization FinanciersMSP
2026.08.11-09:20:49.794[32m info [39m [caliper] [IdentityManager] 	Adding User3 (admin=false) as User3 for organization FinanciersMSP
2026.08.11-09:20:49.794[32m info [39m [caliper] [FabricConnectorFactory] 	Initializing gateway connector compatible with installed SDK: 2.2.20
2026.08.11-09:20:49.795[32m info [39m [caliper] [IdentityManager] 	Adding User4 (admin=false) as User4 for organization FinanciersMSP
2026.08.11-09:20:49.796[32m info [39m [caliper] [IdentityManager] 	Adding User5 (admin=false) as User5 for organization FinanciersMSP
2026.08.11-09:20:49.796[32m info [39m [caliper] [IdentityManager] 	Adding User0 (admin=true) as _WholesalersMSP_User0 for organization WholesalersMSP
2026.08.11-09:20:49.797[32m info [39m [caliper] [IdentityManager] 	Adding User1 (admin=false) as _WholesalersMSP_User1 for organization WholesalersMSP
2026.08.11-09:20:49.798[32m info [39m [caliper] [IdentityManager] 	Adding User2 (admin=false) as _WholesalersMSP_User2 for organization WholesalersMSP
2026.08.11-09:20:49.799[32m info [39m [caliper] [IdentityManager] 	Adding User3 (admin=false) as _WholesalersMSP_User3 for organization WholesalersMSP
2026.08.11-09:20:49.800[32m info [39m [caliper] [IdentityManager] 	Adding User4 (admin=false) as _WholesalersMSP_User4 for organization WholesalersMSP
2026.08.11-09:20:49.801[32m info [39m [caliper] [IdentityManager] 	Adding User5 (admin=false) as _WholesalersMSP_User5 for organization WholesalersMSP
2026.08.11-09:20:49.802[32m info [39m [caliper] [IdentityManager] 	Adding User0 (admin=true) as User0 for organization FinanciersMSP
2026.08.11-09:20:49.803[32m info [39m [caliper] [IdentityManager] 	Adding User0 (admin=true) as User0 for organization FinanciersMSP
2026.08.11-09:20:49.803[32m info [39m [caliper] [worker-message-handler] 	Worker#2 initialized
2026.08.11-09:20:49.804[32m info [39m [caliper] [IdentityManager] 	Adding User1 (admin=false) as User1 for organization FinanciersMSP
2026.08.11-09:20:49.804[32m info [39m [caliper] [IdentityManager] 	Adding User1 (admin=false) as User1 for organization FinanciersMSP
2026.08.11-09:20:49.805[32m info [39m [caliper] [IdentityManager] 	Adding User2 (admin=false) as User2 for organization FinanciersMSP
2026.08.11-09:20:49.805[32m info [39m [caliper] [IdentityManager] 	Adding User2 (admin=false) as User2 for organization FinanciersMSP
2026.08.11-09:20:49.805[32m info [39m [caliper] [IdentityManager] 	Adding User3 (admin=false) as User3 for organization FinanciersMSP
2026.08.11-09:20:49.806[32m info [39m [caliper] [IdentityManager] 	Adding User3 (admin=false) as User3 for organization FinanciersMSP
2026.08.11-09:20:49.806[32m info [39m [caliper] [IdentityManager] 	Adding User4 (admin=false) as User4 for organization FinanciersMSP
2026.08.11-09:20:49.807[32m info [39m [caliper] [IdentityManager] 	Adding User4 (admin=false) as User4 for organization FinanciersMSP
2026.08.11-09:20:49.807[32m info [39m [caliper] [IdentityManager] 	Adding User5 (admin=false) as User5 for organization FinanciersMSP
2026.08.11-09:20:49.807[32m info [39m [caliper] [IdentityManager] 	Adding User5 (admin=false) as User5 for organization FinanciersMSP
2026.08.11-09:20:49.808[32m info [39m [caliper] [IdentityManager] 	Adding User0 (admin=true) as _WholesalersMSP_User0 for organization WholesalersMSP
2026.08.11-09:20:49.808[32m info [39m [caliper] [IdentityManager] 	Adding User0 (admin=true) as _WholesalersMSP_User0 for organization WholesalersMSP
2026.08.11-09:20:49.809[32m info [39m [caliper] [IdentityManager] 	Adding User1 (admin=false) as _WholesalersMSP_User1 for organization WholesalersMSP
2026.08.11-09:20:49.809[32m info [39m [caliper] [IdentityManager] 	Adding User1 (admin=false) as _WholesalersMSP_User1 for organization WholesalersMSP
2026.08.11-09:20:49.809[32m info [39m [caliper] [IdentityManager] 	Adding User2 (admin=false) as _WholesalersMSP_User2 for organization WholesalersMSP
2026.08.11-09:20:49.810[32m info [39m [caliper] [IdentityManager] 	Adding User2 (admin=false) as _WholesalersMSP_User2 for organization WholesalersMSP
2026.08.11-09:20:49.810[32m info [39m [caliper] [IdentityManager] 	Adding User3 (admin=false) as _WholesalersMSP_User3 for organization WholesalersMSP
2026.08.11-09:20:49.811[32m info [39m [caliper] [IdentityManager] 	Adding User3 (admin=false) as _WholesalersMSP_User3 for organization WholesalersMSP
2026.08.11-09:20:49.811[32m info [39m [caliper] [IdentityManager] 	Adding User4 (admin=false) as _WholesalersMSP_User4 for organization WholesalersMSP
2026.08.11-09:20:49.811[32m info [39m [caliper] [IdentityManager] 	Adding User4 (admin=false) as _WholesalersMSP_User4 for organization WholesalersMSP
2026.08.11-09:20:49.811[32m info [39m [caliper] [IdentityManager] 	Adding User5 (admin=false) as _WholesalersMSP_User5 for organization WholesalersMSP
2026.08.11-09:20:49.812[32m info [39m [caliper] [IdentityManager] 	Adding User5 (admin=false) as _WholesalersMSP_User5 for organization WholesalersMSP
2026.08.11-09:20:49.813[32m info [39m [caliper] [worker-message-handler] 	Worker#3 initialized
2026.08.11-09:20:49.813[32m info [39m [caliper] [worker-message-handler] 	Worker#1 initialized
2026.08.11-09:20:49.814[32m info [39m [caliper] [worker-orchestrator] 	5 workers ready, progressing to test preparation phase.
2026.08.11-09:20:49.814[32m info [39m [caliper] [round-orchestrator] 	Started round 1 (updatefinancierrloffer_round1@300)
2026.08.11-09:20:49.815[32m info [39m [caliper] [worker-message-handler] 	Preparing Worker#1 for Round#0
2026.08.11-09:20:49.816[32m info [39m [caliper] [worker-message-handler] 	Preparing Worker#0 for Round#0
2026.08.11-09:20:49.816[32m info [39m [caliper] [worker-message-handler] 	Preparing Worker#2 for Round#0
2026.08.11-09:20:49.816[32m info [39m [caliper] [worker-message-handler] 	Preparing Worker#3 for Round#0
2026.08.11-09:20:49.816[32m info [39m [caliper] [worker-message-handler] 	Preparing Worker#4 for Round#0
2026.08.11-09:20:49.819[32m info [39m [caliper] [connectors/v2/FabricGateway] 	Connecting user with identity User0 to a Network Gateway
2026.08.11-09:20:49.819[32m info [39m [caliper] [connectors/v2/FabricGateway] 	Connecting user with identity User0 to a Network Gateway
2026.08.11-09:20:49.819[32m info [39m [caliper] [connectors/v2/FabricGateway] 	Connecting user with identity User0 to a Network Gateway
2026.08.11-09:20:49.819[32m info [39m [caliper] [connectors/v2/FabricGateway] 	Connecting user with identity User0 to a Network Gateway
2026.08.11-09:20:49.820[32m info [39m [caliper] [connectors/v2/FabricGateway] 	Connecting user with identity User0 to a Network Gateway
2026.08.11-09:20:49.985[32m info [39m [caliper] [connectors/v2/FabricGateway] 	Successfully connected user with identity User0 to a Network Gateway
2026.08.11-09:20:49.986[32m info [39m [caliper] [connectors/v2/FabricGateway] 	Generating contract map for user User0
2026.08.11-09:20:49.987[32m info [39m [caliper] [connectors/v2/FabricGateway] 	Successfully connected user with identity User0 to a Network Gateway
2026.08.11-09:20:49.987[32m info [39m [caliper] [connectors/v2/FabricGateway] 	Successfully connected user with identity User0 to a Network Gateway
2026.08.11-09:20:49.988[32m info [39m [caliper] [connectors/v2/FabricGateway] 	Generating contract map for user User0
2026.08.11-09:20:49.988[32m info [39m [caliper] [connectors/v2/FabricGateway] 	Generating contract map for user User0
2026.08.11-09:20:49.995[32m info [39m [caliper] [connectors/v2/FabricGateway] 	Successfully connected user with identity User0 to a Network Gateway
2026.08.11-09:20:49.995[32m info [39m [caliper] [connectors/v2/FabricGateway] 	Generating contract map for user User0
2026.08.11-09:20:50.016[32m info [39m [caliper] [connectors/v2/FabricGateway] 	Successfully connected user with identity User0 to a Network Gateway
2026.08.11-09:20:50.017[32m info [39m [caliper] [connectors/v2/FabricGateway] 	Generating contract map for user User0
2026.08.11-09:20:50.075[32m info [39m [caliper] [connectors/v2/FabricGateway] 	Connecting user with identity User1 to a Network Gateway
2026.08.11-09:20:50.077[32m info [39m [caliper] [connectors/v2/FabricGateway] 	Connecting user with identity User1 to a Network Gateway
2026.08.11-09:20:50.078[32m info [39m [caliper] [connectors/v2/FabricGateway] 	Connecting user with identity User1 to a Network Gateway
2026.08.11-09:20:50.095[32m info [39m [caliper] [connectors/v2/FabricGateway] 	Connecting user with identity User1 to a Network Gateway
2026.08.11-09:20:50.115[32m info [39m [caliper] [connectors/v2/FabricGateway] 	Connecting user with identity User1 to a Network Gateway
2026.08.11-09:20:50.150[32m info [39m [caliper] [connectors/v2/FabricGateway] 	Successfully connected user with identity User1 to a Network Gateway
2026.08.11-09:20:50.150[32m info [39m [caliper] [connectors/v2/FabricGateway] 	Generating contract map for user User1
2026.08.11-09:20:50.152[32m info [39m [caliper] [connectors/v2/FabricGateway] 	Successfully connected user with identity User1 to a Network Gateway
2026.08.11-09:20:50.152[32m info [39m [caliper] [connectors/v2/FabricGateway] 	Generating contract map for user User1
2026.08.11-09:20:50.154[32m info [39m [caliper] [connectors/v2/FabricGateway] 	Successfully connected user with identity User1 to a Network Gateway
2026.08.11-09:20:50.154[32m info [39m [caliper] [connectors/v2/FabricGateway] 	Generating contract map for user User1
2026.08.11-09:20:50.179[32m info [39m [caliper] [connectors/v2/FabricGateway] 	Successfully connected user with identity User1 to a Network Gateway
2026.08.11-09:20:50.179[32m info [39m [caliper] [connectors/v2/FabricGateway] 	Generating contract map for user User1
2026.08.11-09:20:50.191[32m info [39m [caliper] [connectors/v2/FabricGateway] 	Successfully connected user with identity User1 to a Network Gateway
2026.08.11-09:20:50.192[32m info [39m [caliper] [connectors/v2/FabricGateway] 	Generating contract map for user User1
2026.08.11-09:20:50.213[32m info [39m [caliper] [connectors/v2/FabricGateway] 	Connecting user with identity User2 to a Network Gateway
2026.08.11-09:20:50.213[32m info [39m [caliper] [connectors/v2/FabricGateway] 	Connecting user with identity User2 to a Network Gateway
2026.08.11-09:20:50.214[32m info [39m [caliper] [connectors/v2/FabricGateway] 	Connecting user with identity User2 to a Network Gateway
2026.08.11-09:20:50.239[32m info [39m [caliper] [connectors/v2/FabricGateway] 	Connecting user with identity User2 to a Network Gateway
2026.08.11-09:20:50.250[32m info [39m [caliper] [connectors/v2/FabricGateway] 	Connecting user with identity User2 to a Network Gateway
2026.08.11-09:20:50.279[32m info [39m [caliper] [connectors/v2/FabricGateway] 	Successfully connected user with identity User2 to a Network Gateway
2026.08.11-09:20:50.280[32m info [39m [caliper] [connectors/v2/FabricGateway] 	Generating contract map for user User2
2026.08.11-09:20:50.282[32m info [39m [caliper] [connectors/v2/FabricGateway] 	Successfully connected user with identity User2 to a Network Gateway
2026.08.11-09:20:50.282[32m info [39m [caliper] [connectors/v2/FabricGateway] 	Generating contract map for user User2
2026.08.11-09:20:50.290[32m info [39m [caliper] [connectors/v2/FabricGateway] 	Successfully connected user with identity User2 to a Network Gateway
2026.08.11-09:20:50.290[32m info [39m [caliper] [connectors/v2/FabricGateway] 	Generating contract map for user User2
2026.08.11-09:20:50.306[32m info [39m [caliper] [connectors/v2/FabricGateway] 	Successfully connected user with identity User2 to a Network Gateway
2026.08.11-09:20:50.307[32m info [39m [caliper] [connectors/v2/FabricGateway] 	Generating contract map for user User2
2026.08.11-09:20:50.325[32m info [39m [caliper] [connectors/v2/FabricGateway] 	Successfully connected user with identity User2 to a Network Gateway
2026.08.11-09:20:50.326[32m info [39m [caliper] [connectors/v2/FabricGateway] 	Generating contract map for user User2
2026.08.11-09:20:50.340[32m info [39m [caliper] [connectors/v2/FabricGateway] 	Connecting user with identity User3 to a Network Gateway
2026.08.11-09:20:50.342[32m info [39m [caliper] [connectors/v2/FabricGateway] 	Connecting user with identity User3 to a Network Gateway
2026.08.11-09:20:50.347[32m info [39m [caliper] [connectors/v2/FabricGateway] 	Connecting user with identity User3 to a Network Gateway
2026.08.11-09:20:50.365[32m info [39m [caliper] [connectors/v2/FabricGateway] 	Connecting user with identity User3 to a Network Gateway
2026.08.11-09:20:50.381[32m info [39m [caliper] [connectors/v2/FabricGateway] 	Connecting user with identity User3 to a Network Gateway
2026.08.11-09:20:50.409[32m info [39m [caliper] [connectors/v2/FabricGateway] 	Successfully connected user with identity User3 to a Network Gateway
2026.08.11-09:20:50.409[32m info [39m [caliper] [connectors/v2/FabricGateway] 	Generating contract map for user User3
2026.08.11-09:20:50.413[32m info [39m [caliper] [connectors/v2/FabricGateway] 	Successfully connected user with identity User3 to a Network Gateway
2026.08.11-09:20:50.413[32m info [39m [caliper] [connectors/v2/FabricGateway] 	Successfully connected user with identity User3 to a Network Gateway
2026.08.11-09:20:50.413[32m info [39m [caliper] [connectors/v2/FabricGateway] 	Generating contract map for user User3
2026.08.11-09:20:50.413[32m info [39m [caliper] [connectors/v2/FabricGateway] 	Generating contract map for user User3
2026.08.11-09:20:50.443[32m info [39m [caliper] [connectors/v2/FabricGateway] 	Successfully connected user with identity User3 to a Network Gateway
2026.08.11-09:20:50.443[32m info [39m [caliper] [connectors/v2/FabricGateway] 	Generating contract map for user User3
2026.08.11-09:20:50.461[32m info [39m [caliper] [connectors/v2/FabricGateway] 	Successfully connected user with identity User3 to a Network Gateway
2026.08.11-09:20:50.461[32m info [39m [caliper] [connectors/v2/FabricGateway] 	Generating contract map for user User3
2026.08.11-09:20:50.469[32m info [39m [caliper] [connectors/v2/FabricGateway] 	Connecting user with identity User4 to a Network Gateway
2026.08.11-09:20:50.471[32m info [39m [caliper] [connectors/v2/FabricGateway] 	Connecting user with identity User4 to a Network Gateway
2026.08.11-09:20:50.473[32m info [39m [caliper] [connectors/v2/FabricGateway] 	Connecting user with identity User4 to a Network Gateway
2026.08.11-09:20:50.500[32m info [39m [caliper] [connectors/v2/FabricGateway] 	Connecting user with identity User4 to a Network Gateway
2026.08.11-09:20:50.516[32m info [39m [caliper] [connectors/v2/FabricGateway] 	Connecting user with identity User4 to a Network Gateway
2026.08.11-09:20:50.542[32m info [39m [caliper] [connectors/v2/FabricGateway] 	Successfully connected user with identity User4 to a Network Gateway
2026.08.11-09:20:50.543[32m info [39m [caliper] [connectors/v2/FabricGateway] 	Generating contract map for user User4
2026.08.11-09:20:50.543[32m info [39m [caliper] [connectors/v2/FabricGateway] 	Successfully connected user with identity User4 to a Network Gateway
2026.08.11-09:20:50.543[32m info [39m [caliper] [connectors/v2/FabricGateway] 	Generating contract map for user User4
2026.08.11-09:20:50.543[32m info [39m [caliper] [connectors/v2/FabricGateway] 	Successfully connected user with identity User4 to a Network Gateway
2026.08.11-09:20:50.544[32m info [39m [caliper] [connectors/v2/FabricGateway] 	Generating contract map for user User4
2026.08.11-09:20:50.570[32m info [39m [caliper] [connectors/v2/FabricGateway] 	Successfully connected user with identity User4 to a Network Gateway
2026.08.11-09:20:50.571[32m info [39m [caliper] [connectors/v2/FabricGateway] 	Generating contract map for user User4
2026.08.11-09:20:50.588[32m info [39m [caliper] [connectors/v2/FabricGateway] 	Successfully connected user with identity User4 to a Network Gateway
2026.08.11-09:20:50.588[32m info [39m [caliper] [connectors/v2/FabricGateway] 	Generating contract map for user User4
2026.08.11-09:20:50.626[32m info [39m [caliper] [connectors/v2/FabricGateway] 	Connecting user with identity User5 to a Network Gateway
2026.08.11-09:20:50.627[32m info [39m [caliper] [connectors/v2/FabricGateway] 	Connecting user with identity User5 to a Network Gateway
2026.08.11-09:20:50.627[32m info [39m [caliper] [connectors/v2/FabricGateway] 	Connecting user with identity User5 to a Network Gateway
2026.08.11-09:20:50.632[32m info [39m [caliper] [connectors/v2/FabricGateway] 	Connecting user with identity User5 to a Network Gateway
2026.08.11-09:20:50.657[32m info [39m [caliper] [connectors/v2/FabricGateway] 	Connecting user with identity User5 to a Network Gateway
2026.08.11-09:20:50.690[32m info [39m [caliper] [connectors/v2/FabricGateway] 	Successfully connected user with identity User5 to a Network Gateway
2026.08.11-09:20:50.690[32m info [39m [caliper] [connectors/v2/FabricGateway] 	Generating contract map for user User5
2026.08.11-09:20:50.691[32m info [39m [caliper] [connectors/v2/FabricGateway] 	Successfully connected user with identity User5 to a Network Gateway
2026.08.11-09:20:50.692[32m info [39m [caliper] [connectors/v2/FabricGateway] 	Generating contract map for user User5
2026.08.11-09:20:50.692[32m info [39m [caliper] [connectors/v2/FabricGateway] 	Successfully connected user with identity User5 to a Network Gateway
2026.08.11-09:20:50.692[32m info [39m [caliper] [connectors/v2/FabricGateway] 	Generating contract map for user User5
2026.08.11-09:20:50.701[32m info [39m [caliper] [connectors/v2/FabricGateway] 	Successfully connected user with identity User5 to a Network Gateway
2026.08.11-09:20:50.701[32m info [39m [caliper] [connectors/v2/FabricGateway] 	Generating contract map for user User5
2026.08.11-09:20:50.729[32m info [39m [caliper] [connectors/v2/FabricGateway] 	Successfully connected user with identity User5 to a Network Gateway
2026.08.11-09:20:50.730[32m info [39m [caliper] [connectors/v2/FabricGateway] 	Generating contract map for user User5
2026.08.11-09:20:50.745[32m info [39m [caliper] [connectors/v2/FabricGateway] 	Connecting user with identity _WholesalersMSP_User0 to a Network Gateway
2026.08.11-09:20:50.745[32m info [39m [caliper] [connectors/v2/FabricGateway] 	Connecting user with identity _WholesalersMSP_User0 to a Network Gateway
2026.08.11-09:20:50.750[32m info [39m [caliper] [connectors/v2/FabricGateway] 	Connecting user with identity _WholesalersMSP_User0 to a Network Gateway
2026.08.11-09:20:50.755[32m info [39m [caliper] [connectors/v2/FabricGateway] 	Connecting user with identity _WholesalersMSP_User0 to a Network Gateway
2026.08.11-09:20:50.781[32m info [39m [caliper] [connectors/v2/FabricGateway] 	Connecting user with identity _WholesalersMSP_User0 to a Network Gateway
2026.08.11-09:20:50.816[32m info [39m [caliper] [connectors/v2/FabricGateway] 	Successfully connected user with identity _WholesalersMSP_User0 to a Network Gateway
2026.08.11-09:20:50.816[32m info [39m [caliper] [connectors/v2/FabricGateway] 	Generating contract map for user _WholesalersMSP_User0
2026.08.11-09:20:50.820[32m info [39m [caliper] [connectors/v2/FabricGateway] 	Successfully connected user with identity _WholesalersMSP_User0 to a Network Gateway
2026.08.11-09:20:50.820[32m info [39m [caliper] [connectors/v2/FabricGateway] 	Generating contract map for user _WholesalersMSP_User0
2026.08.11-09:20:50.823[32m info [39m [caliper] [connectors/v2/FabricGateway] 	Successfully connected user with identity _WholesalersMSP_User0 to a Network Gateway
2026.08.11-09:20:50.824[32m info [39m [caliper] [connectors/v2/FabricGateway] 	Generating contract map for user _WholesalersMSP_User0
2026.08.11-09:20:50.833[32m info [39m [caliper] [connectors/v2/FabricGateway] 	Successfully connected user with identity _WholesalersMSP_User0 to a Network Gateway
2026.08.11-09:20:50.834[32m info [39m [caliper] [connectors/v2/FabricGateway] 	Generating contract map for user _WholesalersMSP_User0
2026.08.11-09:20:50.848[32m info [39m [caliper] [connectors/v2/FabricGateway] 	Successfully connected user with identity _WholesalersMSP_User0 to a Network Gateway
2026.08.11-09:20:50.848[32m info [39m [caliper] [connectors/v2/FabricGateway] 	Generating contract map for user _WholesalersMSP_User0
2026.08.11-09:20:50.871[32m info [39m [caliper] [connectors/v2/FabricGateway] 	Connecting user with identity _WholesalersMSP_User1 to a Network Gateway
2026.08.11-09:20:50.876[32m info [39m [caliper] [connectors/v2/FabricGateway] 	Connecting user with identity _WholesalersMSP_User1 to a Network Gateway
2026.08.11-09:20:50.881[32m info [39m [caliper] [connectors/v2/FabricGateway] 	Connecting user with identity _WholesalersMSP_User1 to a Network Gateway
2026.08.11-09:20:50.890[32m info [39m [caliper] [connectors/v2/FabricGateway] 	Connecting user with identity _WholesalersMSP_User1 to a Network Gateway
2026.08.11-09:20:50.904[32m info [39m [caliper] [connectors/v2/FabricGateway] 	Connecting user with identity _WholesalersMSP_User1 to a Network Gateway
2026.08.11-09:20:50.939[32m info [39m [caliper] [connectors/v2/FabricGateway] 	Successfully connected user with identity _WholesalersMSP_User1 to a Network Gateway
2026.08.11-09:20:50.939[32m info [39m [caliper] [connectors/v2/FabricGateway] 	Generating contract map for user _WholesalersMSP_User1
2026.08.11-09:20:50.943[32m info [39m [caliper] [connectors/v2/FabricGateway] 	Successfully connected user with identity _WholesalersMSP_User1 to a Network Gateway
2026.08.11-09:20:50.943[32m info [39m [caliper] [connectors/v2/FabricGateway] 	Generating contract map for user _WholesalersMSP_User1
2026.08.11-09:20:50.945[32m info [39m [caliper] [connectors/v2/FabricGateway] 	Successfully connected user with identity _WholesalersMSP_User1 to a Network Gateway
2026.08.11-09:20:50.946[32m info [39m [caliper] [connectors/v2/FabricGateway] 	Generating contract map for user _WholesalersMSP_User1
2026.08.11-09:20:50.962[32m info [39m [caliper] [connectors/v2/FabricGateway] 	Successfully connected user with identity _WholesalersMSP_User1 to a Network Gateway
2026.08.11-09:20:50.962[32m info [39m [caliper] [connectors/v2/FabricGateway] 	Generating contract map for user _WholesalersMSP_User1
2026.08.11-09:20:50.971[32m info [39m [caliper] [connectors/v2/FabricGateway] 	Successfully connected user with identity _WholesalersMSP_User1 to a Network Gateway
2026.08.11-09:20:50.971[32m info [39m [caliper] [connectors/v2/FabricGateway] 	Generating contract map for user _WholesalersMSP_User1
2026.08.11-09:20:50.988[32m info [39m [caliper] [connectors/v2/FabricGateway] 	Connecting user with identity _WholesalersMSP_User2 to a Network Gateway
2026.08.11-09:20:50.995[32m info [39m [caliper] [connectors/v2/FabricGateway] 	Connecting user with identity _WholesalersMSP_User2 to a Network Gateway
2026.08.11-09:20:50.999[32m info [39m [caliper] [connectors/v2/FabricGateway] 	Connecting user with identity _WholesalersMSP_User2 to a Network Gateway
2026.08.11-09:20:51.016[32m info [39m [caliper] [connectors/v2/FabricGateway] 	Connecting user with identity _WholesalersMSP_User2 to a Network Gateway
2026.08.11-09:20:51.022[32m info [39m [caliper] [connectors/v2/FabricGateway] 	Connecting user with identity _WholesalersMSP_User2 to a Network Gateway
2026.08.11-09:20:51.057[32m info [39m [caliper] [connectors/v2/FabricGateway] 	Successfully connected user with identity _WholesalersMSP_User2 to a Network Gateway
2026.08.11-09:20:51.058[32m info [39m [caliper] [connectors/v2/FabricGateway] 	Generating contract map for user _WholesalersMSP_User2
2026.08.11-09:20:51.062[32m info [39m [caliper] [connectors/v2/FabricGateway] 	Successfully connected user with identity _WholesalersMSP_User2 to a Network Gateway
2026.08.11-09:20:51.063[32m info [39m [caliper] [connectors/v2/FabricGateway] 	Generating contract map for user _WholesalersMSP_User2
2026.08.11-09:20:51.069[32m info [39m [caliper] [connectors/v2/FabricGateway] 	Successfully connected user with identity _WholesalersMSP_User2 to a Network Gateway
2026.08.11-09:20:51.069[32m info [39m [caliper] [connectors/v2/FabricGateway] 	Generating contract map for user _WholesalersMSP_User2
2026.08.11-09:20:51.092[32m info [39m [caliper] [connectors/v2/FabricGateway] 	Successfully connected user with identity _WholesalersMSP_User2 to a Network Gateway
2026.08.11-09:20:51.092[32m info [39m [caliper] [connectors/v2/FabricGateway] 	Generating contract map for user _WholesalersMSP_User2
2026.08.11-09:20:51.095[32m info [39m [caliper] [connectors/v2/FabricGateway] 	Successfully connected user with identity _WholesalersMSP_User2 to a Network Gateway
2026.08.11-09:20:51.096[32m info [39m [caliper] [connectors/v2/FabricGateway] 	Generating contract map for user _WholesalersMSP_User2
2026.08.11-09:20:51.114[32m info [39m [caliper] [connectors/v2/FabricGateway] 	Connecting user with identity _WholesalersMSP_User3 to a Network Gateway
2026.08.11-09:20:51.119[32m info [39m [caliper] [connectors/v2/FabricGateway] 	Connecting user with identity _WholesalersMSP_User3 to a Network Gateway
2026.08.11-09:20:51.125[32m info [39m [caliper] [connectors/v2/FabricGateway] 	Connecting user with identity _WholesalersMSP_User3 to a Network Gateway
2026.08.11-09:20:51.150[32m info [39m [caliper] [connectors/v2/FabricGateway] 	Connecting user with identity _WholesalersMSP_User3 to a Network Gateway
2026.08.11-09:20:51.154[32m info [39m [caliper] [connectors/v2/FabricGateway] 	Connecting user with identity _WholesalersMSP_User3 to a Network Gateway
2026.08.11-09:20:51.185[32m info [39m [caliper] [connectors/v2/FabricGateway] 	Successfully connected user with identity _WholesalersMSP_User3 to a Network Gateway
2026.08.11-09:20:51.185[32m info [39m [caliper] [connectors/v2/FabricGateway] 	Generating contract map for user _WholesalersMSP_User3
2026.08.11-09:20:51.187[32m info [39m [caliper] [connectors/v2/FabricGateway] 	Successfully connected user with identity _WholesalersMSP_User3 to a Network Gateway
2026.08.11-09:20:51.187[32m info [39m [caliper] [connectors/v2/FabricGateway] 	Generating contract map for user _WholesalersMSP_User3
2026.08.11-09:20:51.192[32m info [39m [caliper] [connectors/v2/FabricGateway] 	Successfully connected user with identity _WholesalersMSP_User3 to a Network Gateway
2026.08.11-09:20:51.192[32m info [39m [caliper] [connectors/v2/FabricGateway] 	Generating contract map for user _WholesalersMSP_User3
2026.08.11-09:20:51.223[32m info [39m [caliper] [connectors/v2/FabricGateway] 	Successfully connected user with identity _WholesalersMSP_User3 to a Network Gateway
2026.08.11-09:20:51.223[32m info [39m [caliper] [connectors/v2/FabricGateway] 	Generating contract map for user _WholesalersMSP_User3
2026.08.11-09:20:51.235[32m info [39m [caliper] [connectors/v2/FabricGateway] 	Successfully connected user with identity _WholesalersMSP_User3 to a Network Gateway
2026.08.11-09:20:51.235[32m info [39m [caliper] [connectors/v2/FabricGateway] 	Generating contract map for user _WholesalersMSP_User3
2026.08.11-09:20:51.242[32m info [39m [caliper] [connectors/v2/FabricGateway] 	Connecting user with identity _WholesalersMSP_User4 to a Network Gateway
2026.08.11-09:20:51.243[32m info [39m [caliper] [connectors/v2/FabricGateway] 	Connecting user with identity _WholesalersMSP_User4 to a Network Gateway
2026.08.11-09:20:51.249[32m info [39m [caliper] [connectors/v2/FabricGateway] 	Connecting user with identity _WholesalersMSP_User4 to a Network Gateway
2026.08.11-09:20:51.280[32m info [39m [caliper] [connectors/v2/FabricGateway] 	Connecting user with identity _WholesalersMSP_User4 to a Network Gateway
2026.08.11-09:20:51.292[32m info [39m [caliper] [connectors/v2/FabricGateway] 	Connecting user with identity _WholesalersMSP_User4 to a Network Gateway
2026.08.11-09:20:51.309[32m info [39m [caliper] [connectors/v2/FabricGateway] 	Successfully connected user with identity _WholesalersMSP_User4 to a Network Gateway
2026.08.11-09:20:51.309[32m info [39m [caliper] [connectors/v2/FabricGateway] 	Generating contract map for user _WholesalersMSP_User4
2026.08.11-09:20:51.309[32m info [39m [caliper] [connectors/v2/FabricGateway] 	Successfully connected user with identity _WholesalersMSP_User4 to a Network Gateway
2026.08.11-09:20:51.309[32m info [39m [caliper] [connectors/v2/FabricGateway] 	Generating contract map for user _WholesalersMSP_User4
2026.08.11-09:20:51.319[32m info [39m [caliper] [connectors/v2/FabricGateway] 	Successfully connected user with identity _WholesalersMSP_User4 to a Network Gateway
2026.08.11-09:20:51.319[32m info [39m [caliper] [connectors/v2/FabricGateway] 	Generating contract map for user _WholesalersMSP_User4
2026.08.11-09:20:51.352[32m info [39m [caliper] [connectors/v2/FabricGateway] 	Successfully connected user with identity _WholesalersMSP_User4 to a Network Gateway
2026.08.11-09:20:51.352[32m info [39m [caliper] [connectors/v2/FabricGateway] 	Generating contract map for user _WholesalersMSP_User4
2026.08.11-09:20:51.370[32m info [39m [caliper] [connectors/v2/FabricGateway] 	Connecting user with identity _WholesalersMSP_User5 to a Network Gateway
2026.08.11-09:20:51.371[32m info [39m [caliper] [connectors/v2/FabricGateway] 	Successfully connected user with identity _WholesalersMSP_User4 to a Network Gateway
2026.08.11-09:20:51.371[32m info [39m [caliper] [connectors/v2/FabricGateway] 	Generating contract map for user _WholesalersMSP_User4
2026.08.11-09:20:51.375[32m info [39m [caliper] [connectors/v2/FabricGateway] 	Connecting user with identity _WholesalersMSP_User5 to a Network Gateway
2026.08.11-09:20:51.380[32m info [39m [caliper] [connectors/v2/FabricGateway] 	Connecting user with identity _WholesalersMSP_User5 to a Network Gateway
2026.08.11-09:20:51.409[32m info [39m [caliper] [connectors/v2/FabricGateway] 	Connecting user with identity _WholesalersMSP_User5 to a Network Gateway
2026.08.11-09:20:51.432[32m info [39m [caliper] [connectors/v2/FabricGateway] 	Connecting user with identity _WholesalersMSP_User5 to a Network Gateway
2026.08.11-09:20:51.451[32m info [39m [caliper] [connectors/v2/FabricGateway] 	Successfully connected user with identity _WholesalersMSP_User5 to a Network Gateway
2026.08.11-09:20:51.451[32m info [39m [caliper] [connectors/v2/FabricGateway] 	Generating contract map for user _WholesalersMSP_User5
2026.08.11-09:20:51.451[32m info [39m [caliper] [connectors/v2/FabricGateway] 	Successfully connected user with identity _WholesalersMSP_User5 to a Network Gateway
2026.08.11-09:20:51.451[32m info [39m [caliper] [connectors/v2/FabricGateway] 	Generating contract map for user _WholesalersMSP_User5
2026.08.11-09:20:51.472[32m info [39m [caliper] [connectors/v2/FabricGateway] 	Successfully connected user with identity _WholesalersMSP_User5 to a Network Gateway
2026.08.11-09:20:51.472[32m info [39m [caliper] [connectors/v2/FabricGateway] 	Generating contract map for user _WholesalersMSP_User5
2026.08.11-09:20:51.481[32m info [39m [caliper] [connectors/v2/FabricGateway] 	Successfully connected user with identity _WholesalersMSP_User5 to a Network Gateway
2026.08.11-09:20:51.481[32m info [39m [caliper] [connectors/v2/FabricGateway] 	Generating contract map for user _WholesalersMSP_User5
2026.08.11-09:20:51.503[32m info [39m [caliper] [connectors/v2/FabricGateway] 	Successfully connected user with identity _WholesalersMSP_User5 to a Network Gateway
2026.08.11-09:20:51.503[32m info [39m [caliper] [connectors/v2/FabricGateway] 	Generating contract map for user _WholesalersMSP_User5
2026.08.11-09:20:51.535[32m info [39m [caliper] [caliper-worker] 	Info: worker 2 prepare test phase for round 0 is starting...
2026.08.11-09:20:51.535[32m info [39m [caliper] [caliper-worker] 	Info: worker 1 prepare test phase for round 0 is starting...
2026.08.11-09:20:51.536[32m info [39m [caliper] [connectors/v2/FabricGateway] 	disconnecting gateway for user User0
2026.08.11-09:20:51.536[32m info [39m [caliper] [connectors/v2/FabricGateway] 	disconnecting gateway for user User0
2026.08.11-09:20:51.537[32m info [39m [caliper] [connectors/v2/FabricGateway] 	disconnecting gateway for user User1
2026.08.11-09:20:51.537[32m info [39m [caliper] [connectors/v2/FabricGateway] 	disconnecting gateway for user User1
2026.08.11-09:20:51.537[32m info [39m [caliper] [connectors/v2/FabricGateway] 	disconnecting gateway for user User2
2026.08.11-09:20:51.537[32m info [39m [caliper] [connectors/v2/FabricGateway] 	disconnecting gateway for user User2
2026.08.11-09:20:51.538[32m info [39m [caliper] [connectors/v2/FabricGateway] 	disconnecting gateway for user User3
2026.08.11-09:20:51.538[32m info [39m [caliper] [connectors/v2/FabricGateway] 	disconnecting gateway for user User3
2026.08.11-09:20:51.538[32m info [39m [caliper] [connectors/v2/FabricGateway] 	disconnecting gateway for user User4
2026.08.11-09:20:51.538[32m info [39m [caliper] [connectors/v2/FabricGateway] 	disconnecting gateway for user User5
2026.08.11-09:20:51.538[32m info [39m [caliper] [connectors/v2/FabricGateway] 	disconnecting gateway for user User4
2026.08.11-09:20:51.538[32m info [39m [caliper] [connectors/v2/FabricGateway] 	disconnecting gateway for user _WholesalersMSP_User0
2026.08.11-09:20:51.539[32m info [39m [caliper] [connectors/v2/FabricGateway] 	disconnecting gateway for user User5
2026.08.11-09:20:51.539[32m info [39m [caliper] [connectors/v2/FabricGateway] 	disconnecting gateway for user _WholesalersMSP_User1
2026.08.11-09:20:51.539[32m info [39m [caliper] [connectors/v2/FabricGateway] 	disconnecting gateway for user _WholesalersMSP_User0
2026.08.11-09:20:51.539[32m info [39m [caliper] [connectors/v2/FabricGateway] 	disconnecting gateway for user _WholesalersMSP_User2
2026.08.11-09:20:51.539[32m info [39m [caliper] [connectors/v2/FabricGateway] 	disconnecting gateway for user _WholesalersMSP_User3
2026.08.11-09:20:51.539[32m info [39m [caliper] [connectors/v2/FabricGateway] 	disconnecting gateway for user _WholesalersMSP_User1
2026.08.11-09:20:51.539[32m info [39m [caliper] [connectors/v2/FabricGateway] 	disconnecting gateway for user _WholesalersMSP_User2
2026.08.11-09:20:51.539[32m info [39m [caliper] [connectors/v2/FabricGateway] 	disconnecting gateway for user _WholesalersMSP_User4
2026.08.11-09:20:51.540[32m info [39m [caliper] [connectors/v2/FabricGateway] 	disconnecting gateway for user _WholesalersMSP_User5
2026.08.11-09:20:51.540[32m info [39m [caliper] [connectors/v2/FabricGateway] 	disconnecting gateway for user _WholesalersMSP_User3
2026.08.11-09:20:51.540[32m info [39m [caliper] [connectors/v2/FabricGateway] 	disconnecting gateway for user _WholesalersMSP_User4
2026.08.11-09:20:51.540[32m info [39m [caliper] [caliper-worker] 	Info: worker 1 prepare test phase for round 0 is completed
2026.08.11-09:20:51.540[32m info [39m [caliper] [worker-message-handler] 	Worker#1 prepared for Round#0
2026.08.11-09:20:51.540[32m info [39m [caliper] [connectors/v2/FabricGateway] 	disconnecting gateway for user _WholesalersMSP_User5
2026.08.11-09:20:51.541[32m info [39m [caliper] [caliper-worker] 	Info: worker 2 prepare test phase for round 0 is completed
2026.08.11-09:20:51.541[32m info [39m [caliper] [worker-message-handler] 	Worker#2 prepared for Round#0
2026.08.11-09:20:51.552[32m info [39m [caliper] [caliper-worker] 	Info: worker 4 prepare test phase for round 0 is starting...
2026.08.11-09:20:51.553[32m info [39m [caliper] [connectors/v2/FabricGateway] 	disconnecting gateway for user User0
2026.08.11-09:20:51.555[32m info [39m [caliper] [connectors/v2/FabricGateway] 	disconnecting gateway for user User1
2026.08.11-09:20:51.555[32m info [39m [caliper] [connectors/v2/FabricGateway] 	disconnecting gateway for user User2
2026.08.11-09:20:51.556[32m info [39m [caliper] [connectors/v2/FabricGateway] 	disconnecting gateway for user User3
2026.08.11-09:20:51.557[32m info [39m [caliper] [connectors/v2/FabricGateway] 	disconnecting gateway for user User4
2026.08.11-09:20:51.557[32m info [39m [caliper] [connectors/v2/FabricGateway] 	disconnecting gateway for user User5
2026.08.11-09:20:51.558[32m info [39m [caliper] [connectors/v2/FabricGateway] 	disconnecting gateway for user _WholesalersMSP_User0
2026.08.11-09:20:51.558[32m info [39m [caliper] [connectors/v2/FabricGateway] 	disconnecting gateway for user _WholesalersMSP_User1
2026.08.11-09:20:51.558[32m info [39m [caliper] [connectors/v2/FabricGateway] 	disconnecting gateway for user _WholesalersMSP_User2
2026.08.11-09:20:51.559[32m info [39m [caliper] [connectors/v2/FabricGateway] 	disconnecting gateway for user _WholesalersMSP_User3
2026.08.11-09:20:51.559[32m info [39m [caliper] [connectors/v2/FabricGateway] 	disconnecting gateway for user _WholesalersMSP_User4
2026.08.11-09:20:51.559[32m info [39m [caliper] [connectors/v2/FabricGateway] 	disconnecting gateway for user _WholesalersMSP_User5
2026.08.11-09:20:51.560[32m info [39m [caliper] [caliper-worker] 	Info: worker 4 prepare test phase for round 0 is completed
2026.08.11-09:20:51.560[32m info [39m [caliper] [worker-message-handler] 	Worker#4 prepared for Round#0
2026.08.11-09:20:51.568[32m info [39m [caliper] [caliper-worker] 	Info: worker 0 prepare test phase for round 0 is starting...
2026.08.11-09:20:51.569[32m info [39m [caliper] [connectors/v2/FabricGateway] 	disconnecting gateway for user User0
2026.08.11-09:20:51.571[32m info [39m [caliper] [connectors/v2/FabricGateway] 	disconnecting gateway for user User1
2026.08.11-09:20:51.573[32m info [39m [caliper] [connectors/v2/FabricGateway] 	disconnecting gateway for user User2
2026.08.11-09:20:51.573[32m info [39m [caliper] [connectors/v2/FabricGateway] 	disconnecting gateway for user User3
2026.08.11-09:20:51.574[32m info [39m [caliper] [connectors/v2/FabricGateway] 	disconnecting gateway for user User4
2026.08.11-09:20:51.575[32m info [39m [caliper] [connectors/v2/FabricGateway] 	disconnecting gateway for user User5
2026.08.11-09:20:51.575[32m info [39m [caliper] [connectors/v2/FabricGateway] 	disconnecting gateway for user _WholesalersMSP_User0
2026.08.11-09:20:51.576[32m info [39m [caliper] [connectors/v2/FabricGateway] 	disconnecting gateway for user _WholesalersMSP_User1
2026.08.11-09:20:51.576[32m info [39m [caliper] [connectors/v2/FabricGateway] 	disconnecting gateway for user _WholesalersMSP_User2
2026.08.11-09:20:51.576[32m info [39m [caliper] [connectors/v2/FabricGateway] 	disconnecting gateway for user _WholesalersMSP_User3
2026.08.11-09:20:51.577[32m info [39m [caliper] [connectors/v2/FabricGateway] 	disconnecting gateway for user _WholesalersMSP_User4
2026.08.11-09:20:51.577[32m info [39m [caliper] [connectors/v2/FabricGateway] 	disconnecting gateway for user _WholesalersMSP_User5
2026.08.11-09:20:51.577[32m info [39m [caliper] [caliper-worker] 	Info: worker 0 prepare test phase for round 0 is completed
2026.08.11-09:20:51.578[32m info [39m [caliper] [worker-message-handler] 	Worker#0 prepared for Round#0
2026.08.11-09:20:51.594[32m info [39m [caliper] [caliper-worker] 	Info: worker 3 prepare test phase for round 0 is starting...
2026.08.11-09:20:51.596[32m info [39m [caliper] [connectors/v2/FabricGateway] 	disconnecting gateway for user User0
2026.08.11-09:20:51.597[32m info [39m [caliper] [connectors/v2/FabricGateway] 	disconnecting gateway for user User1
2026.08.11-09:20:51.597[32m info [39m [caliper] [connectors/v2/FabricGateway] 	disconnecting gateway for user User2
2026.08.11-09:20:51.598[32m info [39m [caliper] [connectors/v2/FabricGateway] 	disconnecting gateway for user User3
2026.08.11-09:20:51.598[32m info [39m [caliper] [connectors/v2/FabricGateway] 	disconnecting gateway for user User4
2026.08.11-09:20:51.598[32m info [39m [caliper] [connectors/v2/FabricGateway] 	disconnecting gateway for user User5
2026.08.11-09:20:51.599[32m info [39m [caliper] [connectors/v2/FabricGateway] 	disconnecting gateway for user _WholesalersMSP_User0
2026.08.11-09:20:51.599[32m info [39m [caliper] [connectors/v2/FabricGateway] 	disconnecting gateway for user _WholesalersMSP_User1
2026.08.11-09:20:51.599[32m info [39m [caliper] [connectors/v2/FabricGateway] 	disconnecting gateway for user _WholesalersMSP_User2
2026.08.11-09:20:51.599[32m info [39m [caliper] [connectors/v2/FabricGateway] 	disconnecting gateway for user _WholesalersMSP_User3
2026.08.11-09:20:51.600[32m info [39m [caliper] [connectors/v2/FabricGateway] 	disconnecting gateway for user _WholesalersMSP_User4
2026.08.11-09:20:51.600[32m info [39m [caliper] [connectors/v2/FabricGateway] 	disconnecting gateway for user _WholesalersMSP_User5
2026.08.11-09:20:51.600[32m info [39m [caliper] [caliper-worker] 	Info: worker 3 prepare test phase for round 0 is completed
2026.08.11-09:20:51.600[32m info [39m [caliper] [worker-message-handler] 	Worker#3 prepared for Round#0
2026.08.11-09:20:51.601[32m info [39m [caliper] [worker-orchestrator] 	5 workers prepared, progressing to test phase.
2026.08.11-09:20:51.601[32m info [39m [caliper] [round-orchestrator] 	Monitors successfully started
2026.08.11-09:20:51.603[32m info [39m [caliper] [worker-message-handler] 	Worker#0 is starting Round#0
2026.08.11-09:20:51.603[32m info [39m [caliper] [worker-message-handler] 	Worker#1 is starting Round#0
2026.08.11-09:20:51.603[32m info [39m [caliper] [worker-message-handler] 	Worker#2 is starting Round#0
2026.08.11-09:20:51.604[32m info [39m [caliper] [connectors/v2/FabricGateway] 	Connecting user with identity User0 to a Network Gateway
2026.08.11-09:20:51.604[32m info [39m [caliper] [worker-message-handler] 	Worker#4 is starting Round#0
2026.08.11-09:20:51.604[32m info [39m [caliper] [connectors/v2/FabricGateway] 	Connecting user with identity User0 to a Network Gateway
2026.08.11-09:20:51.604[32m info [39m [caliper] [connectors/v2/FabricGateway] 	Connecting user with identity User0 to a Network Gateway
2026.08.11-09:20:51.605[32m info [39m [caliper] [connectors/v2/FabricGateway] 	Connecting user with identity User0 to a Network Gateway
2026.08.11-09:20:51.606[32m info [39m [caliper] [worker-message-handler] 	Worker#3 is starting Round#0
2026.08.11-09:20:51.607[32m info [39m [caliper] [connectors/v2/FabricGateway] 	Connecting user with identity User0 to a Network Gateway
2026.08.11-09:20:51.667[32m info [39m [caliper] [connectors/v2/FabricGateway] 	Successfully connected user with identity User0 to a Network Gateway
2026.08.11-09:20:51.667[32m info [39m [caliper] [connectors/v2/FabricGateway] 	Generating contract map for user User0
2026.08.11-09:20:51.670[32m info [39m [caliper] [connectors/v2/FabricGateway] 	Successfully connected user with identity User0 to a Network Gateway
2026.08.11-09:20:51.670[32m info [39m [caliper] [connectors/v2/FabricGateway] 	Generating contract map for user User0
2026.08.11-09:20:51.685[32m info [39m [caliper] [connectors/v2/FabricGateway] 	Successfully connected user with identity User0 to a Network Gateway
2026.08.11-09:20:51.685[32m info [39m [caliper] [connectors/v2/FabricGateway] 	Generating contract map for user User0
2026.08.11-09:20:51.690[32m info [39m [caliper] [connectors/v2/FabricGateway] 	Successfully connected user with identity User0 to a Network Gateway
2026.08.11-09:20:51.691[32m info [39m [caliper] [connectors/v2/FabricGateway] 	Generating contract map for user User0
2026.08.11-09:20:51.695[32m info [39m [caliper] [connectors/v2/FabricGateway] 	Successfully connected user with identity User0 to a Network Gateway
2026.08.11-09:20:51.695[32m info [39m [caliper] [connectors/v2/FabricGateway] 	Generating contract map for user User0
2026.08.11-09:20:51.726[32m info [39m [caliper] [connectors/v2/FabricGateway] 	Connecting user with identity User1 to a Network Gateway
2026.08.11-09:20:51.726[32m info [39m [caliper] [connectors/v2/FabricGateway] 	Connecting user with identity User1 to a Network Gateway
2026.08.11-09:20:51.736[32m info [39m [caliper] [connectors/v2/FabricGateway] 	Connecting user with identity User1 to a Network Gateway
2026.08.11-09:20:51.742[32m info [39m [caliper] [connectors/v2/FabricGateway] 	Connecting user with identity User1 to a Network Gateway
2026.08.11-09:20:51.747[32m info [39m [caliper] [connectors/v2/FabricGateway] 	Connecting user with identity User1 to a Network Gateway
2026.08.11-09:20:51.787[32m info [39m [caliper] [connectors/v2/FabricGateway] 	Successfully connected user with identity User1 to a Network Gateway
2026.08.11-09:20:51.787[32m info [39m [caliper] [connectors/v2/FabricGateway] 	Generating contract map for user User1
2026.08.11-09:20:51.789[32m info [39m [caliper] [connectors/v2/FabricGateway] 	Successfully connected user with identity User1 to a Network Gateway
2026.08.11-09:20:51.789[32m info [39m [caliper] [connectors/v2/FabricGateway] 	Generating contract map for user User1
2026.08.11-09:20:51.802[32m info [39m [caliper] [connectors/v2/FabricGateway] 	Successfully connected user with identity User1 to a Network Gateway
2026.08.11-09:20:51.802[32m info [39m [caliper] [connectors/v2/FabricGateway] 	Generating contract map for user User1
2026.08.11-09:20:51.815[32m info [39m [caliper] [connectors/v2/FabricGateway] 	Successfully connected user with identity User1 to a Network Gateway
2026.08.11-09:20:51.815[32m info [39m [caliper] [connectors/v2/FabricGateway] 	Generating contract map for user User1
2026.08.11-09:20:51.819[32m info [39m [caliper] [connectors/v2/FabricGateway] 	Successfully connected user with identity User1 to a Network Gateway
2026.08.11-09:20:51.820[32m info [39m [caliper] [connectors/v2/FabricGateway] 	Generating contract map for user User1
2026.08.11-09:20:51.845[32m info [39m [caliper] [connectors/v2/FabricGateway] 	Connecting user with identity User2 to a Network Gateway
2026.08.11-09:20:51.845[32m info [39m [caliper] [connectors/v2/FabricGateway] 	Connecting user with identity User2 to a Network Gateway
2026.08.11-09:20:51.858[32m info [39m [caliper] [connectors/v2/FabricGateway] 	Connecting user with identity User2 to a Network Gateway
2026.08.11-09:20:51.869[32m info [39m [caliper] [connectors/v2/FabricGateway] 	Connecting user with identity User2 to a Network Gateway
2026.08.11-09:20:51.873[32m info [39m [caliper] [connectors/v2/FabricGateway] 	Connecting user with identity User2 to a Network Gateway
2026.08.11-09:20:51.911[32m info [39m [caliper] [connectors/v2/FabricGateway] 	Successfully connected user with identity User2 to a Network Gateway
2026.08.11-09:20:51.911[32m info [39m [caliper] [connectors/v2/FabricGateway] 	Generating contract map for user User2
2026.08.11-09:20:51.914[32m info [39m [caliper] [connectors/v2/FabricGateway] 	Successfully connected user with identity User2 to a Network Gateway
2026.08.11-09:20:51.915[32m info [39m [caliper] [connectors/v2/FabricGateway] 	Generating contract map for user User2
2026.08.11-09:20:51.927[32m info [39m [caliper] [connectors/v2/FabricGateway] 	Successfully connected user with identity User2 to a Network Gateway
2026.08.11-09:20:51.927[32m info [39m [caliper] [connectors/v2/FabricGateway] 	Generating contract map for user User2
2026.08.11-09:20:51.939[32m info [39m [caliper] [connectors/v2/FabricGateway] 	Successfully connected user with identity User2 to a Network Gateway
2026.08.11-09:20:51.939[32m info [39m [caliper] [connectors/v2/FabricGateway] 	Generating contract map for user User2
2026.08.11-09:20:51.941[32m info [39m [caliper] [connectors/v2/FabricGateway] 	Successfully connected user with identity User2 to a Network Gateway
2026.08.11-09:20:51.941[32m info [39m [caliper] [connectors/v2/FabricGateway] 	Generating contract map for user User2
2026.08.11-09:20:51.964[32m info [39m [caliper] [connectors/v2/FabricGateway] 	Connecting user with identity User3 to a Network Gateway
2026.08.11-09:20:51.969[32m info [39m [caliper] [connectors/v2/FabricGateway] 	Connecting user with identity User3 to a Network Gateway
2026.08.11-09:20:51.978[32m info [39m [caliper] [connectors/v2/FabricGateway] 	Connecting user with identity User3 to a Network Gateway
2026.08.11-09:20:51.988[32m info [39m [caliper] [connectors/v2/FabricGateway] 	Connecting user with identity User3 to a Network Gateway
2026.08.11-09:20:51.993[32m info [39m [caliper] [connectors/v2/FabricGateway] 	Connecting user with identity User3 to a Network Gateway
2026.08.11-09:20:52.025[32m info [39m [caliper] [connectors/v2/FabricGateway] 	Successfully connected user with identity User3 to a Network Gateway
2026.08.11-09:20:52.026[32m info [39m [caliper] [connectors/v2/FabricGateway] 	Generating contract map for user User3
2026.08.11-09:20:52.031[32m info [39m [caliper] [connectors/v2/FabricGateway] 	Successfully connected user with identity User3 to a Network Gateway
2026.08.11-09:20:52.031[32m info [39m [caliper] [connectors/v2/FabricGateway] 	Generating contract map for user User3
2026.08.11-09:20:52.041[32m info [39m [caliper] [connectors/v2/FabricGateway] 	Successfully connected user with identity User3 to a Network Gateway
2026.08.11-09:20:52.041[32m info [39m [caliper] [connectors/v2/FabricGateway] 	Generating contract map for user User3
2026.08.11-09:20:52.053[32m info [39m [caliper] [connectors/v2/FabricGateway] 	Successfully connected user with identity User3 to a Network Gateway
2026.08.11-09:20:52.053[32m info [39m [caliper] [connectors/v2/FabricGateway] 	Generating contract map for user User3
2026.08.11-09:20:52.063[32m info [39m [caliper] [connectors/v2/FabricGateway] 	Successfully connected user with identity User3 to a Network Gateway
2026.08.11-09:20:52.063[32m info [39m [caliper] [connectors/v2/FabricGateway] 	Generating contract map for user User3
2026.08.11-09:20:52.078[32m info [39m [caliper] [connectors/v2/FabricGateway] 	Connecting user with identity User4 to a Network Gateway
2026.08.11-09:20:52.085[32m info [39m [caliper] [connectors/v2/FabricGateway] 	Connecting user with identity User4 to a Network Gateway
2026.08.11-09:20:52.094[32m info [39m [caliper] [connectors/v2/FabricGateway] 	Connecting user with identity User4 to a Network Gateway
2026.08.11-09:20:52.105[32m info [39m [caliper] [connectors/v2/FabricGateway] 	Connecting user with identity User4 to a Network Gateway
2026.08.11-09:20:52.113[32m info [39m [caliper] [connectors/v2/FabricGateway] 	Connecting user with identity User4 to a Network Gateway
2026.08.11-09:20:52.140[32m info [39m [caliper] [connectors/v2/FabricGateway] 	Successfully connected user with identity User4 to a Network Gateway
2026.08.11-09:20:52.141[32m info [39m [caliper] [connectors/v2/FabricGateway] 	Generating contract map for user User4
2026.08.11-09:20:52.152[32m info [39m [caliper] [connectors/v2/FabricGateway] 	Successfully connected user with identity User4 to a Network Gateway
2026.08.11-09:20:52.152[32m info [39m [caliper] [connectors/v2/FabricGateway] 	Generating contract map for user User4
2026.08.11-09:20:52.170[32m info [39m [caliper] [connectors/v2/FabricGateway] 	Successfully connected user with identity User4 to a Network Gateway
2026.08.11-09:20:52.170[32m info [39m [caliper] [connectors/v2/FabricGateway] 	Generating contract map for user User4
2026.08.11-09:20:52.177[32m info [39m [caliper] [connectors/v2/FabricGateway] 	Successfully connected user with identity User4 to a Network Gateway
2026.08.11-09:20:52.177[32m info [39m [caliper] [connectors/v2/FabricGateway] 	Generating contract map for user User4
2026.08.11-09:20:52.178[32m info [39m [caliper] [connectors/v2/FabricGateway] 	Successfully connected user with identity User4 to a Network Gateway
2026.08.11-09:20:52.178[32m info [39m [caliper] [connectors/v2/FabricGateway] 	Generating contract map for user User4
2026.08.11-09:20:52.190[32m info [39m [caliper] [connectors/v2/FabricGateway] 	Connecting user with identity User5 to a Network Gateway
2026.08.11-09:20:52.207[32m info [39m [caliper] [connectors/v2/FabricGateway] 	Connecting user with identity User5 to a Network Gateway
2026.08.11-09:20:52.221[32m info [39m [caliper] [connectors/v2/FabricGateway] 	Connecting user with identity User5 to a Network Gateway
2026.08.11-09:20:52.227[32m info [39m [caliper] [connectors/v2/FabricGateway] 	Connecting user with identity User5 to a Network Gateway
2026.08.11-09:20:52.227[32m info [39m [caliper] [connectors/v2/FabricGateway] 	Connecting user with identity User5 to a Network Gateway
2026.08.11-09:20:52.256[32m info [39m [caliper] [connectors/v2/FabricGateway] 	Successfully connected user with identity User5 to a Network Gateway
2026.08.11-09:20:52.257[32m info [39m [caliper] [connectors/v2/FabricGateway] 	Generating contract map for user User5
2026.08.11-09:20:52.270[32m info [39m [caliper] [connectors/v2/FabricGateway] 	Successfully connected user with identity User5 to a Network Gateway
2026.08.11-09:20:52.270[32m info [39m [caliper] [connectors/v2/FabricGateway] 	Generating contract map for user User5
2026.08.11-09:20:52.285[32m info [39m [caliper] [connectors/v2/FabricGateway] 	Successfully connected user with identity User5 to a Network Gateway
2026.08.11-09:20:52.285[32m info [39m [caliper] [connectors/v2/FabricGateway] 	Generating contract map for user User5
2026.08.11-09:20:52.293[32m info [39m [caliper] [connectors/v2/FabricGateway] 	Successfully connected user with identity User5 to a Network Gateway
2026.08.11-09:20:52.293[32m info [39m [caliper] [connectors/v2/FabricGateway] 	Generating contract map for user User5
2026.08.11-09:20:52.301[32m info [39m [caliper] [connectors/v2/FabricGateway] 	Successfully connected user with identity User5 to a Network Gateway
2026.08.11-09:20:52.301[32m info [39m [caliper] [connectors/v2/FabricGateway] 	Generating contract map for user User5
2026.08.11-09:20:52.304[32m info [39m [caliper] [connectors/v2/FabricGateway] 	Connecting user with identity _WholesalersMSP_User0 to a Network Gateway
2026.08.11-09:20:52.319[32m info [39m [caliper] [connectors/v2/FabricGateway] 	Connecting user with identity _WholesalersMSP_User0 to a Network Gateway
2026.08.11-09:20:52.336[32m info [39m [caliper] [connectors/v2/FabricGateway] 	Connecting user with identity _WholesalersMSP_User0 to a Network Gateway
2026.08.11-09:20:52.347[32m info [39m [caliper] [connectors/v2/FabricGateway] 	Connecting user with identity _WholesalersMSP_User0 to a Network Gateway
2026.08.11-09:20:52.362[32m info [39m [caliper] [connectors/v2/FabricGateway] 	Connecting user with identity _WholesalersMSP_User0 to a Network Gateway
2026.08.11-09:20:52.377[32m info [39m [caliper] [connectors/v2/FabricGateway] 	Successfully connected user with identity _WholesalersMSP_User0 to a Network Gateway
2026.08.11-09:20:52.378[32m info [39m [caliper] [connectors/v2/FabricGateway] 	Generating contract map for user _WholesalersMSP_User0
2026.08.11-09:20:52.386[32m info [39m [caliper] [connectors/v2/FabricGateway] 	Successfully connected user with identity _WholesalersMSP_User0 to a Network Gateway
2026.08.11-09:20:52.386[32m info [39m [caliper] [connectors/v2/FabricGateway] 	Generating contract map for user _WholesalersMSP_User0
2026.08.11-09:20:52.402[32m info [39m [caliper] [connectors/v2/FabricGateway] 	Successfully connected user with identity _WholesalersMSP_User0 to a Network Gateway
2026.08.11-09:20:52.402[32m info [39m [caliper] [connectors/v2/FabricGateway] 	Generating contract map for user _WholesalersMSP_User0
2026.08.11-09:20:52.421[32m info [39m [caliper] [connectors/v2/FabricGateway] 	Successfully connected user with identity _WholesalersMSP_User0 to a Network Gateway
2026.08.11-09:20:52.422[32m info [39m [caliper] [connectors/v2/FabricGateway] 	Generating contract map for user _WholesalersMSP_User0
2026.08.11-09:20:52.441[32m info [39m [caliper] [connectors/v2/FabricGateway] 	Successfully connected user with identity _WholesalersMSP_User0 to a Network Gateway
2026.08.11-09:20:52.441[32m info [39m [caliper] [connectors/v2/FabricGateway] 	Generating contract map for user _WholesalersMSP_User0
2026.08.11-09:20:52.442[32m info [39m [caliper] [connectors/v2/FabricGateway] 	Connecting user with identity _WholesalersMSP_User1 to a Network Gateway
2026.08.11-09:20:52.453[32m info [39m [caliper] [connectors/v2/FabricGateway] 	Connecting user with identity _WholesalersMSP_User1 to a Network Gateway
2026.08.11-09:20:52.461[32m info [39m [caliper] [connectors/v2/FabricGateway] 	Connecting user with identity _WholesalersMSP_User1 to a Network Gateway
2026.08.11-09:20:52.476[32m info [39m [caliper] [connectors/v2/FabricGateway] 	Connecting user with identity _WholesalersMSP_User1 to a Network Gateway
2026.08.11-09:20:52.490[32m info [39m [caliper] [connectors/v2/FabricGateway] 	Connecting user with identity _WholesalersMSP_User1 to a Network Gateway
2026.08.11-09:20:52.513[32m info [39m [caliper] [connectors/v2/FabricGateway] 	Successfully connected user with identity _WholesalersMSP_User1 to a Network Gateway
2026.08.11-09:20:52.513[32m info [39m [caliper] [connectors/v2/FabricGateway] 	Generating contract map for user _WholesalersMSP_User1
2026.08.11-09:20:52.522[32m info [39m [caliper] [connectors/v2/FabricGateway] 	Successfully connected user with identity _WholesalersMSP_User1 to a Network Gateway
2026.08.11-09:20:52.522[32m info [39m [caliper] [connectors/v2/FabricGateway] 	Generating contract map for user _WholesalersMSP_User1
2026.08.11-09:20:52.524[32m info [39m [caliper] [connectors/v2/FabricGateway] 	Successfully connected user with identity _WholesalersMSP_User1 to a Network Gateway
2026.08.11-09:20:52.524[32m info [39m [caliper] [connectors/v2/FabricGateway] 	Generating contract map for user _WholesalersMSP_User1
2026.08.11-09:20:52.550[32m info [39m [caliper] [connectors/v2/FabricGateway] 	Successfully connected user with identity _WholesalersMSP_User1 to a Network Gateway
2026.08.11-09:20:52.550[32m info [39m [caliper] [connectors/v2/FabricGateway] 	Generating contract map for user _WholesalersMSP_User1
2026.08.11-09:20:52.560[32m info [39m [caliper] [connectors/v2/FabricGateway] 	Successfully connected user with identity _WholesalersMSP_User1 to a Network Gateway
2026.08.11-09:20:52.560[32m info [39m [caliper] [connectors/v2/FabricGateway] 	Generating contract map for user _WholesalersMSP_User1
2026.08.11-09:20:52.571[32m info [39m [caliper] [connectors/v2/FabricGateway] 	Connecting user with identity _WholesalersMSP_User2 to a Network Gateway
2026.08.11-09:20:52.580[32m info [39m [caliper] [connectors/v2/FabricGateway] 	Connecting user with identity _WholesalersMSP_User2 to a Network Gateway
2026.08.11-09:20:52.581[32m info [39m [caliper] [connectors/v2/FabricGateway] 	Connecting user with identity _WholesalersMSP_User2 to a Network Gateway
2026.08.11-09:20:52.603[32m info [39m [caliper] [connectors/v2/FabricGateway] 	Connecting user with identity _WholesalersMSP_User2 to a Network Gateway
2026.08.11-09:20:52.616[32m info [39m [caliper] [connectors/v2/FabricGateway] 	Connecting user with identity _WholesalersMSP_User2 to a Network Gateway
2026.08.11-09:20:52.641[32m info [39m [caliper] [connectors/v2/FabricGateway] 	Successfully connected user with identity _WholesalersMSP_User2 to a Network Gateway
2026.08.11-09:20:52.641[32m info [39m [caliper] [connectors/v2/FabricGateway] 	Generating contract map for user _WholesalersMSP_User2
2026.08.11-09:20:52.650[32m info [39m [caliper] [connectors/v2/FabricGateway] 	Successfully connected user with identity _WholesalersMSP_User2 to a Network Gateway
2026.08.11-09:20:52.651[32m info [39m [caliper] [connectors/v2/FabricGateway] 	Generating contract map for user _WholesalersMSP_User2
2026.08.11-09:20:52.654[32m info [39m [caliper] [connectors/v2/FabricGateway] 	Successfully connected user with identity _WholesalersMSP_User2 to a Network Gateway
2026.08.11-09:20:52.654[32m info [39m [caliper] [connectors/v2/FabricGateway] 	Generating contract map for user _WholesalersMSP_User2
2026.08.11-09:20:52.671[32m info [39m [caliper] [connectors/v2/FabricGateway] 	Successfully connected user with identity _WholesalersMSP_User2 to a Network Gateway
2026.08.11-09:20:52.672[32m info [39m [caliper] [connectors/v2/FabricGateway] 	Generating contract map for user _WholesalersMSP_User2
2026.08.11-09:20:52.681[32m info [39m [caliper] [connectors/v2/FabricGateway] 	Successfully connected user with identity _WholesalersMSP_User2 to a Network Gateway
2026.08.11-09:20:52.681[32m info [39m [caliper] [connectors/v2/FabricGateway] 	Generating contract map for user _WholesalersMSP_User2
2026.08.11-09:20:52.694[32m info [39m [caliper] [connectors/v2/FabricGateway] 	Connecting user with identity _WholesalersMSP_User3 to a Network Gateway
2026.08.11-09:20:52.702[32m info [39m [caliper] [connectors/v2/FabricGateway] 	Connecting user with identity _WholesalersMSP_User3 to a Network Gateway
2026.08.11-09:20:52.707[32m info [39m [caliper] [connectors/v2/FabricGateway] 	Connecting user with identity _WholesalersMSP_User3 to a Network Gateway
2026.08.11-09:20:52.721[32m info [39m [caliper] [connectors/v2/FabricGateway] 	Connecting user with identity _WholesalersMSP_User3 to a Network Gateway
2026.08.11-09:20:52.734[32m info [39m [caliper] [connectors/v2/FabricGateway] 	Connecting user with identity _WholesalersMSP_User3 to a Network Gateway
2026.08.11-09:20:52.757[32m info [39m [caliper] [connectors/v2/FabricGateway] 	Successfully connected user with identity _WholesalersMSP_User3 to a Network Gateway
2026.08.11-09:20:52.757[32m info [39m [caliper] [connectors/v2/FabricGateway] 	Generating contract map for user _WholesalersMSP_User3
2026.08.11-09:20:52.762[32m info [39m [caliper] [connectors/v2/FabricGateway] 	Successfully connected user with identity _WholesalersMSP_User3 to a Network Gateway
2026.08.11-09:20:52.762[32m info [39m [caliper] [connectors/v2/FabricGateway] 	Generating contract map for user _WholesalersMSP_User3
2026.08.11-09:20:52.768[32m info [39m [caliper] [connectors/v2/FabricGateway] 	Successfully connected user with identity _WholesalersMSP_User3 to a Network Gateway
2026.08.11-09:20:52.768[32m info [39m [caliper] [connectors/v2/FabricGateway] 	Generating contract map for user _WholesalersMSP_User3
2026.08.11-09:20:52.789[32m info [39m [caliper] [connectors/v2/FabricGateway] 	Successfully connected user with identity _WholesalersMSP_User3 to a Network Gateway
2026.08.11-09:20:52.790[32m info [39m [caliper] [connectors/v2/FabricGateway] 	Generating contract map for user _WholesalersMSP_User3
2026.08.11-09:20:52.797[32m info [39m [caliper] [connectors/v2/FabricGateway] 	Successfully connected user with identity _WholesalersMSP_User3 to a Network Gateway
2026.08.11-09:20:52.797[32m info [39m [caliper] [connectors/v2/FabricGateway] 	Generating contract map for user _WholesalersMSP_User3
2026.08.11-09:20:52.811[32m info [39m [caliper] [connectors/v2/FabricGateway] 	Connecting user with identity _WholesalersMSP_User4 to a Network Gateway
2026.08.11-09:20:52.813[32m info [39m [caliper] [connectors/v2/FabricGateway] 	Connecting user with identity _WholesalersMSP_User4 to a Network Gateway
2026.08.11-09:20:52.822[32m info [39m [caliper] [connectors/v2/FabricGateway] 	Connecting user with identity _WholesalersMSP_User4 to a Network Gateway
2026.08.11-09:20:52.839[32m info [39m [caliper] [connectors/v2/FabricGateway] 	Connecting user with identity _WholesalersMSP_User4 to a Network Gateway
2026.08.11-09:20:52.847[32m info [39m [caliper] [connectors/v2/FabricGateway] 	Connecting user with identity _WholesalersMSP_User4 to a Network Gateway
2026.08.11-09:20:52.886[32m info [39m [caliper] [connectors/v2/FabricGateway] 	Successfully connected user with identity _WholesalersMSP_User4 to a Network Gateway
2026.08.11-09:20:52.886[32m info [39m [caliper] [connectors/v2/FabricGateway] 	Generating contract map for user _WholesalersMSP_User4
2026.08.11-09:20:52.888[32m info [39m [caliper] [connectors/v2/FabricGateway] 	Successfully connected user with identity _WholesalersMSP_User4 to a Network Gateway
2026.08.11-09:20:52.888[32m info [39m [caliper] [connectors/v2/FabricGateway] 	Generating contract map for user _WholesalersMSP_User4
2026.08.11-09:20:52.900[32m info [39m [caliper] [connectors/v2/FabricGateway] 	Successfully connected user with identity _WholesalersMSP_User4 to a Network Gateway
2026.08.11-09:20:52.901[32m info [39m [caliper] [connectors/v2/FabricGateway] 	Generating contract map for user _WholesalersMSP_User4
2026.08.11-09:20:52.914[32m info [39m [caliper] [connectors/v2/FabricGateway] 	Successfully connected user with identity _WholesalersMSP_User4 to a Network Gateway
2026.08.11-09:20:52.914[32m info [39m [caliper] [connectors/v2/FabricGateway] 	Generating contract map for user _WholesalersMSP_User4
2026.08.11-09:20:52.925[32m info [39m [caliper] [connectors/v2/FabricGateway] 	Successfully connected user with identity _WholesalersMSP_User4 to a Network Gateway
2026.08.11-09:20:52.926[32m info [39m [caliper] [connectors/v2/FabricGateway] 	Generating contract map for user _WholesalersMSP_User4
2026.08.11-09:20:52.946[32m info [39m [caliper] [connectors/v2/FabricGateway] 	Connecting user with identity _WholesalersMSP_User5 to a Network Gateway
2026.08.11-09:20:52.952[32m info [39m [caliper] [connectors/v2/FabricGateway] 	Connecting user with identity _WholesalersMSP_User5 to a Network Gateway
2026.08.11-09:20:52.966[32m info [39m [caliper] [connectors/v2/FabricGateway] 	Connecting user with identity _WholesalersMSP_User5 to a Network Gateway
2026.08.11-09:20:52.974[32m info [39m [caliper] [connectors/v2/FabricGateway] 	Connecting user with identity _WholesalersMSP_User5 to a Network Gateway
2026.08.11-09:20:52.991[32m info [39m [caliper] [connectors/v2/FabricGateway] 	Connecting user with identity _WholesalersMSP_User5 to a Network Gateway
2026.08.11-09:20:53.022[32m info [39m [caliper] [connectors/v2/FabricGateway] 	Successfully connected user with identity _WholesalersMSP_User5 to a Network Gateway
2026.08.11-09:20:53.022[32m info [39m [caliper] [connectors/v2/FabricGateway] 	Generating contract map for user _WholesalersMSP_User5
2026.08.11-09:20:53.022[32m info [39m [caliper] [connectors/v2/FabricGateway] 	Successfully connected user with identity _WholesalersMSP_User5 to a Network Gateway
2026.08.11-09:20:53.022[32m info [39m [caliper] [connectors/v2/FabricGateway] 	Generating contract map for user _WholesalersMSP_User5
2026.08.11-09:20:53.034[32m info [39m [caliper] [connectors/v2/FabricGateway] 	Successfully connected user with identity _WholesalersMSP_User5 to a Network Gateway
2026.08.11-09:20:53.035[32m info [39m [caliper] [connectors/v2/FabricGateway] 	Generating contract map for user _WholesalersMSP_User5
2026.08.11-09:20:53.049[32m info [39m [caliper] [connectors/v2/FabricGateway] 	Successfully connected user with identity _WholesalersMSP_User5 to a Network Gateway
2026.08.11-09:20:53.049[32m info [39m [caliper] [connectors/v2/FabricGateway] 	Generating contract map for user _WholesalersMSP_User5
2026.08.11-09:20:53.068[32m info [39m [caliper] [connectors/v2/FabricGateway] 	Successfully connected user with identity _WholesalersMSP_User5 to a Network Gateway
2026.08.11-09:20:53.069[32m info [39m [caliper] [connectors/v2/FabricGateway] 	Generating contract map for user _WholesalersMSP_User5
2026.08.11-09:20:53.080[32m info [39m [caliper] [caliper-worker] 	Worker #1 starting workload loop
2026.08.11-09:20:53.083[32m info [39m [caliper] [caliper-worker] 	Worker #2 starting workload loop
2026.08.11-09:20:53.096[32m info [39m [caliper] [caliper-worker] 	Worker #0 starting workload loop
2026.08.11-09:20:53.109[32m info [39m [caliper] [caliper-worker] 	Worker #3 starting workload loop
2026.08.11-09:20:53.131[32m info [39m [caliper] [caliper-worker] 	Worker #4 starting workload loop
2026-08-11T09:20:53.232Z - [33mwarn[39m: [TransactionEventHandler]: strategyFail: commit failure for transaction "ab2ff9e12a1a7e37dce23bf8844e0200f537bea8ece0c0291138964d8f143446": TransactionError: Commit of transaction ab2ff9e12a1a7e37dce23bf8844e0200f537bea8ece0c0291138964d8f143446 failed on peer peer0.financiers.example.com:7051 with status MVCC_READ_CONFLICT
    at TransactionEventHandler.eventCallback (/home/dhanish/fabric_sfc/caliper-bench/node_modules/fabric-network/lib/impl/event/transactioneventhandler.js:111:31)
    at CommitListenerSession.notifyListener (/home/dhanish/fabric_sfc/caliper-bench/node_modules/fabric-network/lib/impl/event/commitlistenersession.js:101:18)
    at EventListener.callback (/home/dhanish/fabric_sfc/caliper-bench/node_modules/fabric-network/lib/impl/event/commitlistenersession.js:92:18)
    at EventListener.onEvent (/home/dhanish/fabric_sfc/caliper-bench/node_modules/fabric-common/lib/EventListener.js:124:10)
    at EventService._callTransactionListener (/home/dhanish/fabric_sfc/caliper-bench/node_modules/fabric-common/lib/EventService.js:1051:16)
    at EventService._processTxEvents (/home/dhanish/fabric_sfc/caliper-bench/node_modules/fabric-common/lib/EventService.js:1006:12)
    at ClientDuplexStreamImpl.<anonymous> (/home/dhanish/fabric_sfc/caliper-bench/node_modules/fabric-common/lib/EventService.js:481:12)
    at ClientDuplexStreamImpl.emit (node:events:517:28)
    at addChunk (node:internal/streams/readable:368:12)
    at readableAddChunk (node:internal/streams/readable:341:9) {
  transactionId: 'ab2ff9e12a1a7e37dce23bf8844e0200f537bea8ece0c0291138964d8f143446',
  transactionCode: 'MVCC_READ_CONFLICT'
}
2026.08.11-09:20:53.234[31m error[39m [caliper] [connectors/v2/FabricGateway] 	Failed to perform submit transaction [updateFinancierRLOffer] using arguments [User1,{"aprPct":12.56,"tenorDays":14,"ltvPct":70,"penaltyPct":0.5,"modelVersion":"caliper-workload"}],  with error: TransactionError: Commit of transaction ab2ff9e12a1a7e37dce23bf8844e0200f537bea8ece0c0291138964d8f143446 failed on peer peer0.financiers.example.com:7051 with status MVCC_READ_CONFLICT
    at TransactionEventHandler.eventCallback (/home/dhanish/fabric_sfc/caliper-bench/node_modules/fabric-network/lib/impl/event/transactioneventhandler.js:111:31)
    at CommitListenerSession.notifyListener (/home/dhanish/fabric_sfc/caliper-bench/node_modules/fabric-network/lib/impl/event/commitlistenersession.js:101:18)
    at EventListener.callback (/home/dhanish/fabric_sfc/caliper-bench/node_modules/fabric-network/lib/impl/event/commitlistenersession.js:92:18)
    at EventListener.onEvent (/home/dhanish/fabric_sfc/caliper-bench/node_modules/fabric-common/lib/EventListener.js:124:10)
    at EventService._callTransactionListener (/home/dhanish/fabric_sfc/caliper-bench/node_modules/fabric-common/lib/EventService.js:1051:16)
    at EventService._processTxEvents (/home/dhanish/fabric_sfc/caliper-bench/node_modules/fabric-common/lib/EventService.js:1006:12)
    at ClientDuplexStreamImpl.<anonymous> (/home/dhanish/fabric_sfc/caliper-bench/node_modules/fabric-common/lib/EventService.js:481:12)
    at ClientDuplexStreamImpl.emit (node:events:517:28)
    at addChunk (node:internal/streams/readable:368:12)
    at readableAddChunk (node:internal/streams/readable:341:9)
2026-08-11T09:20:53.234Z - [33mwarn[39m: [TransactionEventHandler]: strategyFail: commit failure for transaction "803d2ff24e90d445faed670611d91a6df4c2c382d4673e4ba6d1923b9658d33d": TransactionError: Commit of transaction 803d2ff24e90d445faed670611d91a6df4c2c382d4673e4ba6d1923b9658d33d failed on peer peer0.financiers.example.com:7051 with status MVCC_READ_CONFLICT
    at TransactionEventHandler.eventCallback (/home/dhanish/fabric_sfc/caliper-bench/node_modules/fabric-network/lib/impl/event/transactioneventhandler.js:111:31)
    at CommitListenerSession.notifyListener (/home/dhanish/fabric_sfc/caliper-bench/node_modules/fabric-network/lib/impl/event/commitlistenersession.js:101:18)
    at EventListener.callback (/home/dhanish/fabric_sfc/caliper-bench/node_modules/fabric-network/lib/impl/event/commitlistenersession.js:92:18)
    at EventListener.onEvent (/home/dhanish/fabric_sfc/caliper-bench/node_modules/fabric-common/lib/EventListener.js:124:10)
    at EventService._callTransactionListener (/home/dhanish/fabric_sfc/caliper-bench/node_modules/fabric-common/lib/EventService.js:1051:16)
    at EventService._processTxEvents (/home/dhanish/fabric_sfc/caliper-bench/node_modules/fabric-common/lib/EventService.js:1006:12)
    at ClientDuplexStreamImpl.<anonymous> (/home/dhanish/fabric_sfc/caliper-bench/node_modules/fabric-common/lib/EventService.js:481:12)
    at ClientDuplexStreamImpl.emit (node:events:517:28)
    at addChunk (node:internal/streams/readable:368:12)
    at readableAddChunk (node:internal/streams/readable:341:9) {
  transactionId: '803d2ff24e90d445faed670611d91a6df4c2c382d4673e4ba6d1923b9658d33d',
  transactionCode: 'MVCC_READ_CONFLICT'
}
2026-08-11T09:20:53.234Z - [33mwarn[39m: [TransactionEventHandler]: strategyFail: commit failure for transaction "6ec7c2196ac97ce7475c5e6b68ab16bb94be6d402e91b4dfe372e90720945d60": TransactionError: Commit of transaction 6ec7c2196ac97ce7475c5e6b68ab16bb94be6d402e91b4dfe372e90720945d60 failed on peer peer0.financiers.example.com:7051 with status MVCC_READ_CONFLICT
    at TransactionEventHandler.eventCallback (/home/dhanish/fabric_sfc/caliper-bench/node_modules/fabric-network/lib/impl/event/transactioneventhandler.js:111:31)
    at CommitListenerSession.notifyListener (/home/dhanish/fabric_sfc/caliper-bench/node_modules/fabric-network/lib/impl/event/commitlistenersession.js:101:18)
    at EventListener.callback (/home/dhanish/fabric_sfc/caliper-bench/node_modules/fabric-network/lib/impl/event/commitlistenersession.js:92:18)
    at EventListener.onEvent (/home/dhanish/fabric_sfc/caliper-bench/node_modules/fabric-common/lib/EventListener.js:124:10)
    at EventService._callTransactionListener (/home/dhanish/fabric_sfc/caliper-bench/node_modules/fabric-common/lib/EventService.js:1051:16)
    at EventService._processTxEvents (/home/dhanish/fabric_sfc/caliper-bench/node_modules/fabric-common/lib/EventService.js:1006:12)
    at ClientDuplexStreamImpl.<anonymous> (/home/dhanish/fabric_sfc/caliper-bench/node_modules/fabric-common/lib/EventService.js:481:12)
    at ClientDuplexStreamImpl.emit (node:events:517:28)
    at addChunk (node:internal/streams/readable:368:12)
    at readableAddChunk (node:internal/streams/readable:341:9) {
  transactionId: '6ec7c2196ac97ce7475c5e6b68ab16bb94be6d402e91b4dfe372e90720945d60',
  transactionCode: 'MVCC_READ_CONFLICT'
}
2026-08-11T09:20:53.236Z - [33mwarn[39m: [TransactionEventHandler]: strategyFail: commit failure for transaction "83e73cddd5e8bcd75c683f118c9a9c7227dd5d1c2015edb6c630e92e1507b283": TransactionError: Commit of transaction 83e73cddd5e8bcd75c683f118c9a9c7227dd5d1c2015edb6c630e92e1507b283 failed on peer peer0.financiers.example.com:7051 with status MVCC_READ_CONFLICT
    at TransactionEventHandler.eventCallback (/home/dhanish/fabric_sfc/caliper-bench/node_modules/fabric-network/lib/impl/event/transactioneventhandler.js:111:31)
    at CommitListenerSession.notifyListener (/home/dhanish/fabric_sfc/caliper-bench/node_modules/fabric-network/lib/impl/event/commitlistenersession.js:101:18)
    at EventListener.callback (/home/dhanish/fabric_sfc/caliper-bench/node_modules/fabric-network/lib/impl/event/commitlistenersession.js:92:18)
    at EventListener.onEvent (/home/dhanish/fabric_sfc/caliper-bench/node_modules/fabric-common/lib/EventListener.js:124:10)
    at EventService._callTransactionListener (/home/dhanish/fabric_sfc/caliper-bench/node_modules/fabric-common/lib/EventService.js:1051:16)
    at EventService._processTxEvents (/home/dhanish/fabric_sfc/caliper-bench/node_modules/fabric-common/lib/EventService.js:1006:12)
    at ClientDuplexStreamImpl.<anonymous> (/home/dhanish/fabric_sfc/caliper-bench/node_modules/fabric-common/lib/EventService.js:481:12)
    at ClientDuplexStreamImpl.emit (node:events:517:28)
    at addChunk (node:internal/streams/readable:368:12)
    at readableAddChunk (node:internal/streams/readable:341:9) {
  transactionId: '83e73cddd5e8bcd75c683f118c9a9c7227dd5d1c2015edb6c630e92e1507b283',
  transactionCode: 'MVCC_READ_CONFLICT'
}
2026-08-11T09:20:53.236Z - [33mwarn[39m: [TransactionEventHandler]: strategyFail: commit failure for transaction "82560907ed22b3bbb96f5ca5c7e2daf24ad5cf27cc873143cb1686c6773ed322": TransactionError: Commit of transaction 82560907ed22b3bbb96f5ca5c7e2daf24ad5cf27cc873143cb1686c6773ed322 failed on peer peer0.financiers.example.com:7051 with status MVCC_READ_CONFLICT
    at TransactionEventHandler.eventCallback (/home/dhanish/fabric_sfc/caliper-bench/node_modules/fabric-network/lib/impl/event/transactioneventhandler.js:111:31)
    at CommitListenerSession.notifyListener (/home/dhanish/fabric_sfc/caliper-bench/node_modules/fabric-network/lib/impl/event/commitlistenersession.js:101:18)
    at EventListener.callback (/home/dhanish/fabric_sfc/caliper-bench/node_modules/fabric-network/lib/impl/event/commitlistenersession.js:92:18)
    at EventListener.onEvent (/home/dhanish/fabric_sfc/caliper-bench/node_modules/fabric-common/lib/EventListener.js:124:10)
    at EventService._callTransactionListener (/home/dhanish/fabric_sfc/caliper-bench/node_modules/fabric-common/lib/EventService.js:1051:16)
    at EventService._processTxEvents (/home/dhanish/fabric_sfc/caliper-bench/node_modules/fabric-common/lib/EventService.js:1006:12)
    at ClientDuplexStreamImpl.<anonymous> (/home/dhanish/fabric_sfc/caliper-bench/node_modules/fabric-common/lib/EventService.js:481:12)
    at ClientDuplexStreamImpl.emit (node:events:517:28)
    at addChunk (node:internal/streams/readable:368:12)
    at readableAddChunk (node:internal/streams/readable:341:9) {
  transactionId: '82560907ed22b3bbb96f5ca5c7e2daf24ad5cf27cc873143cb1686c6773ed322',
  transactionCode: 'MVCC_READ_CONFLICT'
}
2026-08-11T09:20:53.237Z - [33mwarn[39m: [TransactionEventHandler]: strategyFail: commit failure for transaction "2a453b6e398e09996de9e718b56b36d678020e21b70ba5c465d7a009c8bbe030": TransactionError: Commit of transaction 2a453b6e398e09996de9e718b56b36d678020e21b70ba5c465d7a009c8bbe030 failed on peer peer0.financiers.example.com:7051 with status MVCC_READ_CONFLICT
    at TransactionEventHandler.eventCallback (/home/dhanish/fabric_sfc/caliper-bench/node_modules/fabric-network/lib/impl/event/transactioneventhandler.js:111:31)
    at CommitListenerSession.notifyListener (/home/dhanish/fabric_sfc/caliper-bench/node_modules/fabric-network/lib/impl/event/commitlistenersession.js:101:18)
    at EventListener.callback (/home/dhanish/fabric_sfc/caliper-bench/node_modules/fabric-network/lib/impl/event/commitlistenersession.js:92:18)
    at EventListener.onEvent (/home/dhanish/fabric_sfc/caliper-bench/node_modules/fabric-common/lib/EventListener.js:124:10)
    at EventService._callTransactionListener (/home/dhanish/fabric_sfc/caliper-bench/node_modules/fabric-common/lib/EventService.js:1051:16)
    at EventService._processTxEvents (/home/dhanish/fabric_sfc/caliper-bench/node_modules/fabric-common/lib/EventService.js:1006:12)
    at ClientDuplexStreamImpl.<anonymous> (/home/dhanish/fabric_sfc/caliper-bench/node_modules/fabric-common/lib/EventService.js:481:12)
    at ClientDuplexStreamImpl.emit (node:events:517:28)
    at addChunk (node:internal/streams/readable:368:12)
    at readableAddChunk (node:internal/streams/readable:341:9) {
  transactionId: '2a453b6e398e09996de9e718b56b36d678020e21b70ba5c465d7a009c8bbe030',
  transactionCode: 'MVCC_READ_CONFLICT'
}
2026.08.11-09:20:53.237[31m error[39m [caliper] [connectors/v2/FabricGateway] 	Failed to perform submit transaction [updateFinancierRLOffer] using arguments [User3,{"aprPct":16.64,"tenorDays":28,"ltvPct":70,"penaltyPct":0.5,"modelVersion":"caliper-workload"}],  with error: TransactionError: Commit of transaction 6ec7c2196ac97ce7475c5e6b68ab16bb94be6d402e91b4dfe372e90720945d60 failed on peer peer0.financiers.example.com:7051 with status MVCC_READ_CONFLICT
    at TransactionEventHandler.eventCallback (/home/dhanish/fabric_sfc/caliper-bench/node_modules/fabric-network/lib/impl/event/transactioneventhandler.js:111:31)
    at CommitListenerSession.notifyListener (/home/dhanish/fabric_sfc/caliper-bench/node_modules/fabric-network/lib/impl/event/commitlistenersession.js:101:18)
    at EventListener.callback (/home/dhanish/fabric_sfc/caliper-bench/node_modules/fabric-network/lib/impl/event/commitlistenersession.js:92:18)
    at EventListener.onEvent (/home/dhanish/fabric_sfc/caliper-bench/node_modules/fabric-common/lib/EventListener.js:124:10)
    at EventService._callTransactionListener (/home/dhanish/fabric_sfc/caliper-bench/node_modules/fabric-common/lib/EventService.js:1051:16)
    at EventService._processTxEvents (/home/dhanish/fabric_sfc/caliper-bench/node_modules/fabric-common/lib/EventService.js:1006:12)
    at ClientDuplexStreamImpl.<anonymous> (/home/dhanish/fabric_sfc/caliper-bench/node_modules/fabric-common/lib/EventService.js:481:12)
    at ClientDuplexStreamImpl.emit (node:events:517:28)
    at addChunk (node:internal/streams/readable:368:12)
    at readableAddChunk (node:internal/streams/readable:341:9)
2026.08.11-09:20:53.237[31m error[39m [caliper] [connectors/v2/FabricGateway] 	Failed to perform submit transaction [updateFinancierRLOffer] using arguments [User2,{"aprPct":15.64,"tenorDays":21,"ltvPct":70,"penaltyPct":0.5,"modelVersion":"caliper-workload"}],  with error: TransactionError: Commit of transaction 803d2ff24e90d445faed670611d91a6df4c2c382d4673e4ba6d1923b9658d33d failed on peer peer0.financiers.example.com:7051 with status MVCC_READ_CONFLICT
    at TransactionEventHandler.eventCallback (/home/dhanish/fabric_sfc/caliper-bench/node_modules/fabric-network/lib/impl/event/transactioneventhandler.js:111:31)
    at CommitListenerSession.notifyListener (/home/dhanish/fabric_sfc/caliper-bench/node_modules/fabric-network/lib/impl/event/commitlistenersession.js:101:18)
    at EventListener.callback (/home/dhanish/fabric_sfc/caliper-bench/node_modules/fabric-network/lib/impl/event/commitlistenersession.js:92:18)
    at EventListener.onEvent (/home/dhanish/fabric_sfc/caliper-bench/node_modules/fabric-common/lib/EventListener.js:124:10)
    at EventService._callTransactionListener (/home/dhanish/fabric_sfc/caliper-bench/node_modules/fabric-common/lib/EventService.js:1051:16)
    at EventService._processTxEvents (/home/dhanish/fabric_sfc/caliper-bench/node_modules/fabric-common/lib/EventService.js:1006:12)
    at ClientDuplexStreamImpl.<anonymous> (/home/dhanish/fabric_sfc/caliper-bench/node_modules/fabric-common/lib/EventService.js:481:12)
    at ClientDuplexStreamImpl.emit (node:events:517:28)
    at addChunk (node:internal/streams/readable:368:12)
    at readableAddChunk (node:internal/streams/readable:341:9)
2026.08.11-09:20:53.238[31m error[39m [caliper] [connectors/v2/FabricGateway] 	Failed to perform submit transaction [updateFinancierRLOffer] using arguments [User3,{"aprPct":12.16,"tenorDays":28,"ltvPct":70,"penaltyPct":0.5,"modelVersion":"caliper-workload"}],  with error: TransactionError: Commit of transaction 82560907ed22b3bbb96f5ca5c7e2daf24ad5cf27cc873143cb1686c6773ed322 failed on peer peer0.financiers.example.com:7051 with status MVCC_READ_CONFLICT
    at TransactionEventHandler.eventCallback (/home/dhanish/fabric_sfc/caliper-bench/node_modules/fabric-network/lib/impl/event/transactioneventhandler.js:111:31)
    at CommitListenerSession.notifyListener (/home/dhanish/fabric_sfc/caliper-bench/node_modules/fabric-network/lib/impl/event/commitlistenersession.js:101:18)
    at EventListener.callback (/home/dhanish/fabric_sfc/caliper-bench/node_modules/fabric-network/lib/impl/event/commitlistenersession.js:92:18)
    at EventListener.onEvent (/home/dhanish/fabric_sfc/caliper-bench/node_modules/fabric-common/lib/EventListener.js:124:10)
    at EventService._callTransactionListener (/home/dhanish/fabric_sfc/caliper-bench/node_modules/fabric-common/lib/EventService.js:1051:16)
    at EventService._processTxEvents (/home/dhanish/fabric_sfc/caliper-bench/node_modules/fabric-common/lib/EventService.js:1006:12)
    at ClientDuplexStreamImpl.<anonymous> (/home/dhanish/fabric_sfc/caliper-bench/node_modules/fabric-common/lib/EventService.js:481:12)
    at ClientDuplexStreamImpl.emit (node:events:517:28)
    at addChunk (node:internal/streams/readable:368:12)
    at readableAddChunk (node:internal/streams/readable:341:9)
2026.08.11-09:20:53.238[31m error[39m [caliper] [connectors/v2/FabricGateway] 	Failed to perform submit transaction [updateFinancierRLOffer] using arguments [User2,{"aprPct":16.49,"tenorDays":21,"ltvPct":70,"penaltyPct":0.5,"modelVersion":"caliper-workload"}],  with error: TransactionError: Commit of transaction 83e73cddd5e8bcd75c683f118c9a9c7227dd5d1c2015edb6c630e92e1507b283 failed on peer peer0.financiers.example.com:7051 with status MVCC_READ_CONFLICT
    at TransactionEventHandler.eventCallback (/home/dhanish/fabric_sfc/caliper-bench/node_modules/fabric-network/lib/impl/event/transactioneventhandler.js:111:31)
    at CommitListenerSession.notifyListener (/home/dhanish/fabric_sfc/caliper-bench/node_modules/fabric-network/lib/impl/event/commitlistenersession.js:101:18)
    at EventListener.callback (/home/dhanish/fabric_sfc/caliper-bench/node_modules/fabric-network/lib/impl/event/commitlistenersession.js:92:18)
    at EventListener.onEvent (/home/dhanish/fabric_sfc/caliper-bench/node_modules/fabric-common/lib/EventListener.js:124:10)
    at EventService._callTransactionListener (/home/dhanish/fabric_sfc/caliper-bench/node_modules/fabric-common/lib/EventService.js:1051:16)
    at EventService._processTxEvents (/home/dhanish/fabric_sfc/caliper-bench/node_modules/fabric-common/lib/EventService.js:1006:12)
    at ClientDuplexStreamImpl.<anonymous> (/home/dhanish/fabric_sfc/caliper-bench/node_modules/fabric-common/lib/EventService.js:481:12)
    at ClientDuplexStreamImpl.emit (node:events:517:28)
    at addChunk (node:internal/streams/readable:368:12)
    at readableAddChunk (node:internal/streams/readable:341:9)
2026.08.11-09:20:53.238[31m error[39m [caliper] [connectors/v2/FabricGateway] 	Failed to perform submit transaction [updateFinancierRLOffer] using arguments [User2,{"aprPct":16.29,"tenorDays":21,"ltvPct":70,"penaltyPct":0.5,"modelVersion":"caliper-workload"}],  with error: TransactionError: Commit of transaction 2a453b6e398e09996de9e718b56b36d678020e21b70ba5c465d7a009c8bbe030 failed on peer peer0.financiers.example.com:7051 with status MVCC_READ_CONFLICT
    at TransactionEventHandler.eventCallback (/home/dhanish/fabric_sfc/caliper-bench/node_modules/fabric-network/lib/impl/event/transactioneventhandler.js:111:31)
    at CommitListenerSession.notifyListener (/home/dhanish/fabric_sfc/caliper-bench/node_modules/fabric-network/lib/impl/event/commitlistenersession.js:101:18)
    at EventListener.callback (/home/dhanish/fabric_sfc/caliper-bench/node_modules/fabric-network/lib/impl/event/commitlistenersession.js:92:18)
    at EventListener.onEvent (/home/dhanish/fabric_sfc/caliper-bench/node_modules/fabric-common/lib/EventListener.js:124:10)
    at EventService._callTransactionListener (/home/dhanish/fabric_sfc/caliper-bench/node_modules/fabric-common/lib/EventService.js:1051:16)
    at EventService._processTxEvents (/home/dhanish/fabric_sfc/caliper-bench/node_modules/fabric-common/lib/EventService.js:1006:12)
    at ClientDuplexStreamImpl.<anonymous> (/home/dhanish/fabric_sfc/caliper-bench/node_modules/fabric-common/lib/EventService.js:481:12)
    at ClientDuplexStreamImpl.emit (node:events:517:28)
    at addChunk (node:internal/streams/readable:368:12)
    at readableAddChunk (node:internal/streams/readable:341:9)
2026-08-11T09:20:53.265Z - [33mwarn[39m: [TransactionEventHandler]: strategyFail: commit failure for transaction "aa893af5ef5beb187de9a2b4bb6cd90f8a4feb27b63c2a7f9be770351f43f15e": TransactionError: Commit of transaction aa893af5ef5beb187de9a2b4bb6cd90f8a4feb27b63c2a7f9be770351f43f15e failed on peer peer0.financiers.example.com:7051 with status MVCC_READ_CONFLICT
    at TransactionEventHandler.eventCallback (/home/dhanish/fabric_sfc/caliper-bench/node_modules/fabric-network/lib/impl/event/transactioneventhandler.js:111:31)
    at CommitListenerSession.notifyListener (/home/dhanish/fabric_sfc/caliper-bench/node_modules/fabric-network/lib/impl/event/commitlistenersession.js:101:18)
    at EventListener.callback (/home/dhanish/fabric_sfc/caliper-bench/node_modules/fabric-network/lib/impl/event/commitlistenersession.js:92:18)
    at EventListener.onEvent (/home/dhanish/fabric_sfc/caliper-bench/node_modules/fabric-common/lib/EventListener.js:124:10)
    at EventService._callTransactionListener (/home/dhanish/fabric_sfc/caliper-bench/node_modules/fabric-common/lib/EventService.js:1051:16)
    at EventService._processTxEvents (/home/dhanish/fabric_sfc/caliper-bench/node_modules/fabric-common/lib/EventService.js:1006:12)
    at ClientDuplexStreamImpl.<anonymous> (/home/dhanish/fabric_sfc/caliper-bench/node_modules/fabric-common/lib/EventService.js:481:12)
    at ClientDuplexStreamImpl.emit (node:events:517:28)
    at addChunk (node:internal/streams/readable:368:12)
    at readableAddChunk (node:internal/streams/readable:341:9) {
  transactionId: 'aa893af5ef5beb187de9a2b4bb6cd90f8a4feb27b63c2a7f9be770351f43f15e',
  transactionCode: 'MVCC_READ_CONFLICT'
}
2026-08-11T09:20:53.265Z - [33mwarn[39m: [TransactionEventHandler]: strategyFail: commit failure for transaction "5022d92ec4781901cd08c015c84ba22e5347859e5911b8a8bdbf96849212aa20": TransactionError: Commit of transaction 5022d92ec4781901cd08c015c84ba22e5347859e5911b8a8bdbf96849212aa20 failed on peer peer0.financiers.example.com:7051 with status MVCC_READ_CONFLICT
    at TransactionEventHandler.eventCallback (/home/dhanish/fabric_sfc/caliper-bench/node_modules/fabric-network/lib/impl/event/transactioneventhandler.js:111:31)
    at CommitListenerSession.notifyListener (/home/dhanish/fabric_sfc/caliper-bench/node_modules/fabric-network/lib/impl/event/commitlistenersession.js:101:18)
    at EventListener.callback (/home/dhanish/fabric_sfc/caliper-bench/node_modules/fabric-network/lib/impl/event/commitlistenersession.js:92:18)
    at EventListener.onEvent (/home/dhanish/fabric_sfc/caliper-bench/node_modules/fabric-common/lib/EventListener.js:124:10)
    at EventService._callTransactionListener (/home/dhanish/fabric_sfc/caliper-bench/node_modules/fabric-common/lib/EventService.js:1051:16)
    at EventService._processTxEvents (/home/dhanish/fabric_sfc/caliper-bench/node_modules/fabric-common/lib/EventService.js:1006:12)
    at ClientDuplexStreamImpl.<anonymous> (/home/dhanish/fabric_sfc/caliper-bench/node_modules/fabric-common/lib/EventService.js:481:12)
    at ClientDuplexStreamImpl.emit (node:events:517:28)
    at addChunk (node:internal/streams/readable:368:12)
    at readableAddChunk (node:internal/streams/readable:341:9) {
  transactionId: '5022d92ec4781901cd08c015c84ba22e5347859e5911b8a8bdbf96849212aa20',
  transactionCode: 'MVCC_READ_CONFLICT'
}
2026.08.11-09:20:53.266[31m error[39m [caliper] [connectors/v2/FabricGateway] 	Failed to perform submit transaction [updateFinancierRLOffer] using arguments [User3,{"aprPct":13.22,"tenorDays":28,"ltvPct":70,"penaltyPct":0.5,"modelVersion":"caliper-workload"}],  with error: TransactionError: Commit of transaction aa893af5ef5beb187de9a2b4bb6cd90f8a4feb27b63c2a7f9be770351f43f15e failed on peer peer0.financiers.example.com:7051 with status MVCC_READ_CONFLICT
    at TransactionEventHandler.eventCallback (/home/dhanish/fabric_sfc/caliper-bench/node_modules/fabric-network/lib/impl/event/transactioneventhandler.js:111:31)
    at CommitListenerSession.notifyListener (/home/dhanish/fabric_sfc/caliper-bench/node_modules/fabric-network/lib/impl/event/commitlistenersession.js:101:18)
    at EventListener.callback (/home/dhanish/fabric_sfc/caliper-bench/node_modules/fabric-network/lib/impl/event/commitlistenersession.js:92:18)
    at EventListener.onEvent (/home/dhanish/fabric_sfc/caliper-bench/node_modules/fabric-common/lib/EventListener.js:124:10)
    at EventService._callTransactionListener (/home/dhanish/fabric_sfc/caliper-bench/node_modules/fabric-common/lib/EventService.js:1051:16)
    at EventService._processTxEvents (/home/dhanish/fabric_sfc/caliper-bench/node_modules/fabric-common/lib/EventService.js:1006:12)
    at ClientDuplexStreamImpl.<anonymous> (/home/dhanish/fabric_sfc/caliper-bench/node_modules/fabric-common/lib/EventService.js:481:12)
    at ClientDuplexStreamImpl.emit (node:events:517:28)
    at addChunk (node:internal/streams/readable:368:12)
    at readableAddChunk (node:internal/streams/readable:341:9)
2026.08.11-09:20:53.266[31m error[39m [caliper] [connectors/v2/FabricGateway] 	Failed to perform submit transaction [updateFinancierRLOffer] using arguments [User3,{"aprPct":12.64,"tenorDays":28,"ltvPct":70,"penaltyPct":0.5,"modelVersion":"caliper-workload"}],  with error: TransactionError: Commit of transaction 5022d92ec4781901cd08c015c84ba22e5347859e5911b8a8bdbf96849212aa20 failed on peer peer0.financiers.example.com:7051 with status MVCC_READ_CONFLICT
    at TransactionEventHandler.eventCallback (/home/dhanish/fabric_sfc/caliper-bench/node_modules/fabric-network/lib/impl/event/transactioneventhandler.js:111:31)
    at CommitListenerSession.notifyListener (/home/dhanish/fabric_sfc/caliper-bench/node_modules/fabric-network/lib/impl/event/commitlistenersession.js:101:18)
    at EventListener.callback (/home/dhanish/fabric_sfc/caliper-bench/node_modules/fabric-network/lib/impl/event/commitlistenersession.js:92:18)
    at EventListener.onEvent (/home/dhanish/fabric_sfc/caliper-bench/node_modules/fabric-common/lib/EventListener.js:124:10)
    at EventService._callTransactionListener (/home/dhanish/fabric_sfc/caliper-bench/node_modules/fabric-common/lib/EventService.js:1051:16)
    at EventService._processTxEvents (/home/dhanish/fabric_sfc/caliper-bench/node_modules/fabric-common/lib/EventService.js:1006:12)
    at ClientDuplexStreamImpl.<anonymous> (/home/dhanish/fabric_sfc/caliper-bench/node_modules/fabric-common/lib/EventService.js:481:12)
    at ClientDuplexStreamImpl.emit (node:events:517:28)
    at addChunk (node:internal/streams/readable:368:12)
    at readableAddChunk (node:internal/streams/readable:341:9)
2026-08-11T09:20:53.267Z - [33mwarn[39m: [TransactionEventHandler]: strategyFail: commit failure for transaction "861dd195513a4becba839cd0fe2658f4ac32f4a50ec0046facc15bf8c2d140a6": TransactionError: Commit of transaction 861dd195513a4becba839cd0fe2658f4ac32f4a50ec0046facc15bf8c2d140a6 failed on peer peer0.financiers.example.com:7051 with status MVCC_READ_CONFLICT
    at TransactionEventHandler.eventCallback (/home/dhanish/fabric_sfc/caliper-bench/node_modules/fabric-network/lib/impl/event/transactioneventhandler.js:111:31)
    at CommitListenerSession.notifyListener (/home/dhanish/fabric_sfc/caliper-bench/node_modules/fabric-network/lib/impl/event/commitlistenersession.js:101:18)
    at EventListener.callback (/home/dhanish/fabric_sfc/caliper-bench/node_modules/fabric-network/lib/impl/event/commitlistenersession.js:92:18)
    at EventListener.onEvent (/home/dhanish/fabric_sfc/caliper-bench/node_modules/fabric-common/lib/EventListener.js:124:10)
    at EventService._callTransactionListener (/home/dhanish/fabric_sfc/caliper-bench/node_modules/fabric-common/lib/EventService.js:1051:16)
    at EventService._processTxEvents (/home/dhanish/fabric_sfc/caliper-bench/node_modules/fabric-common/lib/EventService.js:1006:12)
    at ClientDuplexStreamImpl.<anonymous> (/home/dhanish/fabric_sfc/caliper-bench/node_modules/fabric-common/lib/EventService.js:481:12)
    at ClientDuplexStreamImpl.emit (node:events:517:28)
    at addChunk (node:internal/streams/readable:368:12)
    at readableAddChunk (node:internal/streams/readable:341:9) {
  transactionId: '861dd195513a4becba839cd0fe2658f4ac32f4a50ec0046facc15bf8c2d140a6',
  transactionCode: 'MVCC_READ_CONFLICT'
}
2026-08-11T09:20:53.267Z - [33mwarn[39m: [TransactionEventHandler]: strategyFail: commit failure for transaction "de02f2666ceee6b5b10a15d11c94b544efb47b0056e36fc966799790146ae233": TransactionError: Commit of transaction de02f2666ceee6b5b10a15d11c94b544efb47b0056e36fc966799790146ae233 failed on peer peer0.financiers.example.com:7051 with status MVCC_READ_CONFLICT
    at TransactionEventHandler.eventCallback (/home/dhanish/fabric_sfc/caliper-bench/node_modules/fabric-network/lib/impl/event/transactioneventhandler.js:111:31)
    at CommitListenerSession.notifyListener (/home/dhanish/fabric_sfc/caliper-bench/node_modules/fabric-network/lib/impl/event/commitlistenersession.js:101:18)
    at EventListener.callback (/home/dhanish/fabric_sfc/caliper-bench/node_modules/fabric-network/lib/impl/event/commitlistenersession.js:92:18)
    at EventListener.onEvent (/home/dhanish/fabric_sfc/caliper-bench/node_modules/fabric-common/lib/EventListener.js:124:10)
    at EventService._callTransactionListener (/home/dhanish/fabric_sfc/caliper-bench/node_modules/fabric-common/lib/EventService.js:1051:16)
    at EventService._processTxEvents (/home/dhanish/fabric_sfc/caliper-bench/node_modules/fabric-common/lib/EventService.js:1006:12)
    at ClientDuplexStreamImpl.<anonymous> (/home/dhanish/fabric_sfc/caliper-bench/node_modules/fabric-common/lib/EventService.js:481:12)
    at ClientDuplexStreamImpl.emit (node:events:517:28)
    at addChunk (node:internal/streams/readable:368:12)
    at readableAddChunk (node:internal/streams/readable:341:9) {
  transactionId: 'de02f2666ceee6b5b10a15d11c94b544efb47b0056e36fc966799790146ae233',
  transactionCode: 'MVCC_READ_CONFLICT'
}
2026-08-11T09:20:53.268Z - [33mwarn[39m: [TransactionEventHandler]: strategyFail: commit failure for transaction "4a69472b6d02d931131c5ef4177d896155f41630f85d41374178c9b81c29b1a1": TransactionError: Commit of transaction 4a69472b6d02d931131c5ef4177d896155f41630f85d41374178c9b81c29b1a1 failed on peer peer0.financiers.example.com:7051 with status MVCC_READ_CONFLICT
    at TransactionEventHandler.eventCallback (/home/dhanish/fabric_sfc/caliper-bench/node_modules/fabric-network/lib/impl/event/transactioneventhandler.js:111:31)
    at CommitListenerSession.notifyListener (/home/dhanish/fabric_sfc/caliper-bench/node_modules/fabric-network/lib/impl/event/commitlistenersession.js:101:18)
    at EventListener.callback (/home/dhanish/fabric_sfc/caliper-bench/node_modules/fabric-network/lib/impl/event/commitlistenersession.js:92:18)
    at EventListener.onEvent (/home/dhanish/fabric_sfc/caliper-bench/node_modules/fabric-common/lib/EventListener.js:124:10)
    at EventService._callTransactionListener (/home/dhanish/fabric_sfc/caliper-bench/node_modules/fabric-common/lib/EventService.js:1051:16)
    at EventService._processTxEvents (/home/dhanish/fabric_sfc/caliper-bench/node_modules/fabric-common/lib/EventService.js:1006:12)
    at ClientDuplexStreamImpl.<anonymous> (/home/dhanish/fabric_sfc/caliper-bench/node_modules/fabric-common/lib/EventService.js:481:12)
    at ClientDuplexStreamImpl.emit (node:events:517:28)
    at addChunk (node:internal/streams/readable:368:12)
    at readableAddChunk (node:internal/streams/readable:341:9) {
  transactionId: '4a69472b6d02d931131c5ef4177d896155f41630f85d41374178c9b81c29b1a1',
  transactionCode: 'MVCC_READ_CONFLICT'
}
2026-08-11T09:20:53.268Z - [33mwarn[39m: [TransactionEventHandler]: strategyFail: commit failure for transaction "38dc7a1e82d2022cdc72efdeaaee40baeaac53a1d8e25204152a35d9f890be0c": TransactionError: Commit of transaction 38dc7a1e82d2022cdc72efdeaaee40baeaac53a1d8e25204152a35d9f890be0c failed on peer peer0.financiers.example.com:7051 with status MVCC_READ_CONFLICT
    at TransactionEventHandler.eventCallback (/home/dhanish/fabric_sfc/caliper-bench/node_modules/fabric-network/lib/impl/event/transactioneventhandler.js:111:31)
    at CommitListenerSession.notifyListener (/home/dhanish/fabric_sfc/caliper-bench/node_modules/fabric-network/lib/impl/event/commitlistenersession.js:101:18)
    at EventListener.callback (/home/dhanish/fabric_sfc/caliper-bench/node_modules/fabric-network/lib/impl/event/commitlistenersession.js:92:18)
    at EventListener.onEvent (/home/dhanish/fabric_sfc/caliper-bench/node_modules/fabric-common/lib/EventListener.js:124:10)
    at EventService._callTransactionListener (/home/dhanish/fabric_sfc/caliper-bench/node_modules/fabric-common/lib/EventService.js:1051:16)
    at EventService._processTxEvents (/home/dhanish/fabric_sfc/caliper-bench/node_modules/fabric-common/lib/EventService.js:1006:12)
    at ClientDuplexStreamImpl.<anonymous> (/home/dhanish/fabric_sfc/caliper-bench/node_modules/fabric-common/lib/EventService.js:481:12)
    at ClientDuplexStreamImpl.emit (node:events:517:28)
    at addChunk (node:internal/streams/readable:368:12)
    at readableAddChunk (node:internal/streams/readable:341:9) {
  transactionId: '38dc7a1e82d2022cdc72efdeaaee40baeaac53a1d8e25204152a35d9f890be0c',
  transactionCode: 'MVCC_READ_CONFLICT'
}
2026.08.11-09:20:53.269[31m error[39m [caliper] [connectors/v2/FabricGateway] 	Failed to perform submit transaction [updateFinancierRLOffer] using arguments [User4,{"aprPct":13.15,"tenorDays":14,"ltvPct":70,"penaltyPct":0.5,"modelVersion":"caliper-workload"}],  with error: TransactionError: Commit of transaction 38dc7a1e82d2022cdc72efdeaaee40baeaac53a1d8e25204152a35d9f890be0c failed on peer peer0.financiers.example.com:7051 with status MVCC_READ_CONFLICT
    at TransactionEventHandler.eventCallback (/home/dhanish/fabric_sfc/caliper-bench/node_modules/fabric-network/lib/impl/event/transactioneventhandler.js:111:31)
    at CommitListenerSession.notifyListener (/home/dhanish/fabric_sfc/caliper-bench/node_modules/fabric-network/lib/impl/event/commitlistenersession.js:101:18)
    at EventListener.callback (/home/dhanish/fabric_sfc/caliper-bench/node_modules/fabric-network/lib/impl/event/commitlistenersession.js:92:18)
    at EventListener.onEvent (/home/dhanish/fabric_sfc/caliper-bench/node_modules/fabric-common/lib/EventListener.js:124:10)
    at EventService._callTransactionListener (/home/dhanish/fabric_sfc/caliper-bench/node_modules/fabric-common/lib/EventService.js:1051:16)
    at EventService._processTxEvents (/home/dhanish/fabric_sfc/caliper-bench/node_modules/fabric-common/lib/EventService.js:1006:12)
    at ClientDuplexStreamImpl.<anonymous> (/home/dhanish/fabric_sfc/caliper-bench/node_modules/fabric-common/lib/EventService.js:481:12)
    at ClientDuplexStreamImpl.emit (node:events:517:28)
    at addChunk (node:internal/streams/readable:368:12)
    at readableAddChunk (node:internal/streams/readable:341:9)
2026.08.11-09:20:53.269[31m error[39m [caliper] [connectors/v2/FabricGateway] 	Failed to perform submit transaction [updateFinancierRLOffer] using arguments [User2,{"aprPct":16.52,"tenorDays":21,"ltvPct":70,"penaltyPct":0.5,"modelVersion":"caliper-workload"}],  with error: TransactionError: Commit of transaction 861dd195513a4becba839cd0fe2658f4ac32f4a50ec0046facc15bf8c2d140a6 failed on peer peer0.financiers.example.com:7051 with status MVCC_READ_CONFLICT
    at TransactionEventHandler.eventCallback (/home/dhanish/fabric_sfc/caliper-bench/node_modules/fabric-network/lib/impl/event/transactioneventhandler.js:111:31)
    at CommitListenerSession.notifyListener (/home/dhanish/fabric_sfc/caliper-bench/node_modules/fabric-network/lib/impl/event/commitlistenersession.js:101:18)
    at EventListener.callback (/home/dhanish/fabric_sfc/caliper-bench/node_modules/fabric-network/lib/impl/event/commitlistenersession.js:92:18)
    at EventListener.onEvent (/home/dhanish/fabric_sfc/caliper-bench/node_modules/fabric-common/lib/EventListener.js:124:10)
    at EventService._callTransactionListener (/home/dhanish/fabric_sfc/caliper-bench/node_modules/fabric-common/lib/EventService.js:1051:16)
    at EventService._processTxEvents (/home/dhanish/fabric_sfc/caliper-bench/node_modules/fabric-common/lib/EventService.js:1006:12)
    at ClientDuplexStreamImpl.<anonymous> (/home/dhanish/fabric_sfc/caliper-bench/node_modules/fabric-common/lib/EventService.js:481:12)
    at ClientDuplexStreamImpl.emit (node:events:517:28)
    at addChunk (node:internal/streams/readable:368:12)
    at readableAddChunk (node:internal/streams/readable:341:9)
2026.08.11-09:20:53.269[31m error[39m [caliper] [connectors/v2/FabricGateway] 	Failed to perform submit transaction [updateFinancierRLOffer] using arguments [User2,{"aprPct":15.66,"tenorDays":21,"ltvPct":70,"penaltyPct":0.5,"modelVersion":"caliper-workload"}],  with error: TransactionError: Commit of transaction de02f2666ceee6b5b10a15d11c94b544efb47b0056e36fc966799790146ae233 failed on peer peer0.financiers.example.com:7051 with status MVCC_READ_CONFLICT
    at TransactionEventHandler.eventCallback (/home/dhanish/fabric_sfc/caliper-bench/node_modules/fabric-network/lib/impl/event/transactioneventhandler.js:111:31)
    at CommitListenerSession.notifyListener (/home/dhanish/fabric_sfc/caliper-bench/node_modules/fabric-network/lib/impl/event/commitlistenersession.js:101:18)
    at EventListener.callback (/home/dhanish/fabric_sfc/caliper-bench/node_modules/fabric-network/lib/impl/event/commitlistenersession.js:92:18)
    at EventListener.onEvent (/home/dhanish/fabric_sfc/caliper-bench/node_modules/fabric-common/lib/EventListener.js:124:10)
    at EventService._callTransactionListener (/home/dhanish/fabric_sfc/caliper-bench/node_modules/fabric-common/lib/EventService.js:1051:16)
    at EventService._processTxEvents (/home/dhanish/fabric_sfc/caliper-bench/node_modules/fabric-common/lib/EventService.js:1006:12)
    at ClientDuplexStreamImpl.<anonymous> (/home/dhanish/fabric_sfc/caliper-bench/node_modules/fabric-common/lib/EventService.js:481:12)
    at ClientDuplexStreamImpl.emit (node:events:517:28)
    at addChunk (node:internal/streams/readable:368:12)
    at readableAddChunk (node:internal/streams/readable:341:9)
2026.08.11-09:20:53.269[31m error[39m [caliper] [connectors/v2/FabricGateway] 	Failed to perform submit transaction [updateFinancierRLOffer] using arguments [User2,{"aprPct":13.59,"tenorDays":21,"ltvPct":70,"penaltyPct":0.5,"modelVersion":"caliper-workload"}],  with error: TransactionError: Commit of transaction 4a69472b6d02d931131c5ef4177d896155f41630f85d41374178c9b81c29b1a1 failed on peer peer0.financiers.example.com:7051 with status MVCC_READ_CONFLICT
    at TransactionEventHandler.eventCallback (/home/dhanish/fabric_sfc/caliper-bench/node_modules/fabric-network/lib/impl/event/transactioneventhandler.js:111:31)
    at CommitListenerSession.notifyListener (/home/dhanish/fabric_sfc/caliper-bench/node_modules/fabric-network/lib/impl/event/commitlistenersession.js:101:18)
    at EventListener.callback (/home/dhanish/fabric_sfc/caliper-bench/node_modules/fabric-network/lib/impl/event/commitlistenersession.js:92:18)
    at EventListener.onEvent (/home/dhanish/fabric_sfc/caliper-bench/node_modules/fabric-common/lib/EventListener.js:124:10)
    at EventService._callTransactionListener (/home/dhanish/fabric_sfc/caliper-bench/node_modules/fabric-common/lib/EventService.js:1051:16)
    at EventService._processTxEvents (/home/dhanish/fabric_sfc/caliper-bench/node_modules/fabric-common/lib/EventService.js:1006:12)
    at ClientDuplexStreamImpl.<anonymous> (/home/dhanish/fabric_sfc/caliper-bench/node_modules/fabric-common/lib/EventService.js:481:12)
    at ClientDuplexStreamImpl.emit (node:events:517:28)
    at addChunk (node:internal/streams/readable:368:12)
    at readableAddChunk (node:internal/streams/readable:341:9)
2026-08-11T09:20:53.270Z - [33mwarn[39m: [TransactionEventHandler]: strategyFail: commit failure for transaction "5a29161b99f4b2719c22c4e04fe00fec7edd9de8b7464a75e1ecf1f52f92320f": TransactionError: Commit of transaction 5a29161b99f4b2719c22c4e04fe00fec7edd9de8b7464a75e1ecf1f52f92320f failed on peer peer0.financiers.example.com:7051 with status MVCC_READ_CONFLICT
    at TransactionEventHandler.eventCallback (/home/dhanish/fabric_sfc/caliper-bench/node_modules/fabric-network/lib/impl/event/transactioneventhandler.js:111:31)
    at CommitListenerSession.notifyListener (/home/dhanish/fabric_sfc/caliper-bench/node_modules/fabric-network/lib/impl/event/commitlistenersession.js:101:18)
    at EventListener.callback (/home/dhanish/fabric_sfc/caliper-bench/node_modules/fabric-network/lib/impl/event/commitlistenersession.js:92:18)
    at EventListener.onEvent (/home/dhanish/fabric_sfc/caliper-bench/node_modules/fabric-common/lib/EventListener.js:124:10)
    at EventService._callTransactionListener (/home/dhanish/fabric_sfc/caliper-bench/node_modules/fabric-common/lib/EventService.js:1051:16)
    at EventService._processTxEvents (/home/dhanish/fabric_sfc/caliper-bench/node_modules/fabric-common/lib/EventService.js:1006:12)
    at ClientDuplexStreamImpl.<anonymous> (/home/dhanish/fabric_sfc/caliper-bench/node_modules/fabric-common/lib/EventService.js:481:12)
    at ClientDuplexStreamImpl.emit (node:events:517:28)
    at addChunk (node:internal/streams/readable:368:12)
    at readableAddChunk (node:internal/streams/readable:341:9) {
  transactionId: '5a29161b99f4b2719c22c4e04fe00fec7edd9de8b7464a75e1ecf1f52f92320f',
  transactionCode: 'MVCC_READ_CONFLICT'
}
2026-08-11T09:20:53.271Z - [33mwarn[39m: [TransactionEventHandler]: strategyFail: commit failure for transaction "5dc72b46c35bb6ef3ba3c7a51b9c3214ca5bddef1639061f33afda591eebf837": TransactionError: Commit of transaction 5dc72b46c35bb6ef3ba3c7a51b9c3214ca5bddef1639061f33afda591eebf837 failed on peer peer0.financiers.example.com:7051 with status MVCC_READ_CONFLICT
    at TransactionEventHandler.eventCallback (/home/dhanish/fabric_sfc/caliper-bench/node_modules/fabric-network/lib/impl/event/transactioneventhandler.js:111:31)
    at CommitListenerSession.notifyListener (/home/dhanish/fabric_sfc/caliper-bench/node_modules/fabric-network/lib/impl/event/commitlistenersession.js:101:18)
    at EventListener.callback (/home/dhanish/fabric_sfc/caliper-bench/node_modules/fabric-network/lib/impl/event/commitlistenersession.js:92:18)
    at EventListener.onEvent (/home/dhanish/fabric_sfc/caliper-bench/node_modules/fabric-common/lib/EventListener.js:124:10)
    at EventService._callTransactionListener (/home/dhanish/fabric_sfc/caliper-bench/node_modules/fabric-common/lib/EventService.js:1051:16)
    at EventService._processTxEvents (/home/dhanish/fabric_sfc/caliper-bench/node_modules/fabric-common/lib/EventService.js:1006:12)
    at ClientDuplexStreamImpl.<anonymous> (/home/dhanish/fabric_sfc/caliper-bench/node_modules/fabric-common/lib/EventService.js:481:12)
    at ClientDuplexStreamImpl.emit (node:events:517:28)
    at addChunk (node:internal/streams/readable:368:12)
    at readableAddChunk (node:internal/streams/readable:341:9) {
  transactionId: '5dc72b46c35bb6ef3ba3c7a51b9c3214ca5bddef1639061f33afda591eebf837',
  transactionCode: 'MVCC_READ_CONFLICT'
}
2026.08.11-09:20:53.271[31m error[39m [caliper] [connectors/v2/FabricGateway] 	Failed to perform submit transaction [updateFinancierRLOffer] using arguments [User1,{"aprPct":13.46,"tenorDays":14,"ltvPct":70,"penaltyPct":0.5,"modelVersion":"caliper-workload"}],  with error: TransactionError: Commit of transaction 5a29161b99f4b2719c22c4e04fe00fec7edd9de8b7464a75e1ecf1f52f92320f failed on peer peer0.financiers.example.com:7051 with status MVCC_READ_CONFLICT
    at TransactionEventHandler.eventCallback (/home/dhanish/fabric_sfc/caliper-bench/node_modules/fabric-network/lib/impl/event/transactioneventhandler.js:111:31)
    at CommitListenerSession.notifyListener (/home/dhanish/fabric_sfc/caliper-bench/node_modules/fabric-network/lib/impl/event/commitlistenersession.js:101:18)
    at EventListener.callback (/home/dhanish/fabric_sfc/caliper-bench/node_modules/fabric-network/lib/impl/event/commitlistenersession.js:92:18)
    at EventListener.onEvent (/home/dhanish/fabric_sfc/caliper-bench/node_modules/fabric-common/lib/EventListener.js:124:10)
    at EventService._callTransactionListener (/home/dhanish/fabric_sfc/caliper-bench/node_modules/fabric-common/lib/EventService.js:1051:16)
    at EventService._processTxEvents (/home/dhanish/fabric_sfc/caliper-bench/node_modules/fabric-common/lib/EventService.js:1006:12)
    at ClientDuplexStreamImpl.<anonymous> (/home/dhanish/fabric_sfc/caliper-bench/node_modules/fabric-common/lib/EventService.js:481:12)
    at ClientDuplexStreamImpl.emit (node:events:517:28)
    at addChunk (node:internal/streams/readable:368:12)
    at readableAddChunk (node:internal/streams/readable:341:9)
2026-08-11T09:20:53.271Z - [33mwarn[39m: [TransactionEventHandler]: strategyFail: commit failure for transaction "fc6a6054949b56c42e1db2bf3c78e607d26df26003fdf42c527c840375d21a9e": TransactionError: Commit of transaction fc6a6054949b56c42e1db2bf3c78e607d26df26003fdf42c527c840375d21a9e failed on peer peer0.financiers.example.com:7051 with status MVCC_READ_CONFLICT
    at TransactionEventHandler.eventCallback (/home/dhanish/fabric_sfc/caliper-bench/node_modules/fabric-network/lib/impl/event/transactioneventhandler.js:111:31)
    at CommitListenerSession.notifyListener (/home/dhanish/fabric_sfc/caliper-bench/node_modules/fabric-network/lib/impl/event/commitlistenersession.js:101:18)
    at EventListener.callback (/home/dhanish/fabric_sfc/caliper-bench/node_modules/fabric-network/lib/impl/event/commitlistenersession.js:92:18)
    at EventListener.onEvent (/home/dhanish/fabric_sfc/caliper-bench/node_modules/fabric-common/lib/EventListener.js:124:10)
    at EventService._callTransactionListener (/home/dhanish/fabric_sfc/caliper-bench/node_modules/fabric-common/lib/EventService.js:1051:16)
    at EventService._processTxEvents (/home/dhanish/fabric_sfc/caliper-bench/node_modules/fabric-common/lib/EventService.js:1006:12)
    at ClientDuplexStreamImpl.<anonymous> (/home/dhanish/fabric_sfc/caliper-bench/node_modules/fabric-common/lib/EventService.js:481:12)
    at ClientDuplexStreamImpl.emit (node:events:517:28)
    at addChunk (node:internal/streams/readable:368:12)
    at readableAddChunk (node:internal/streams/readable:341:9) {
  transactionId: 'fc6a6054949b56c42e1db2bf3c78e607d26df26003fdf42c527c840375d21a9e',
  transactionCode: 'MVCC_READ_CONFLICT'
}
2026.08.11-09:20:53.272[31m error[39m [caliper] [connectors/v2/FabricGateway] 	Failed to perform submit transaction [updateFinancierRLOffer] using arguments [User1,{"aprPct":14.96,"tenorDays":14,"ltvPct":70,"penaltyPct":0.5,"modelVersion":"caliper-workload"}],  with error: TransactionError: Commit of transaction 5dc72b46c35bb6ef3ba3c7a51b9c3214ca5bddef1639061f33afda591eebf837 failed on peer peer0.financiers.example.com:7051 with status MVCC_READ_CONFLICT
    at TransactionEventHandler.eventCallback (/home/dhanish/fabric_sfc/caliper-bench/node_modules/fabric-network/lib/impl/event/transactioneventhandler.js:111:31)
    at CommitListenerSession.notifyListener (/home/dhanish/fabric_sfc/caliper-bench/node_modules/fabric-network/lib/impl/event/commitlistenersession.js:101:18)
    at EventListener.callback (/home/dhanish/fabric_sfc/caliper-bench/node_modules/fabric-network/lib/impl/event/commitlistenersession.js:92:18)
    at EventListener.onEvent (/home/dhanish/fabric_sfc/caliper-bench/node_modules/fabric-common/lib/EventListener.js:124:10)
    at EventService._callTransactionListener (/home/dhanish/fabric_sfc/caliper-bench/node_modules/fabric-common/lib/EventService.js:1051:16)
    at EventService._processTxEvents (/home/dhanish/fabric_sfc/caliper-bench/node_modules/fabric-common/lib/EventService.js:1006:12)
    at ClientDuplexStreamImpl.<anonymous> (/home/dhanish/fabric_sfc/caliper-bench/node_modules/fabric-common/lib/EventService.js:481:12)
    at ClientDuplexStreamImpl.emit (node:events:517:28)
    at addChunk (node:internal/streams/readable:368:12)
    at readableAddChunk (node:internal/streams/readable:341:9)
2026.08.11-09:20:53.273[31m error[39m [caliper] [connectors/v2/FabricGateway] 	Failed to perform submit transaction [updateFinancierRLOffer] using arguments [User5,{"aprPct":17.86,"tenorDays":21,"ltvPct":70,"penaltyPct":0.5,"modelVersion":"caliper-workload"}],  with error: TransactionError: Commit of transaction fc6a6054949b56c42e1db2bf3c78e607d26df26003fdf42c527c840375d21a9e failed on peer peer0.financiers.example.com:7051 with status MVCC_READ_CONFLICT
    at TransactionEventHandler.eventCallback (/home/dhanish/fabric_sfc/caliper-bench/node_modules/fabric-network/lib/impl/event/transactioneventhandler.js:111:31)
    at CommitListenerSession.notifyListener (/home/dhanish/fabric_sfc/caliper-bench/node_modules/fabric-network/lib/impl/event/commitlistenersession.js:101:18)
    at EventListener.callback (/home/dhanish/fabric_sfc/caliper-bench/node_modules/fabric-network/lib/impl/event/commitlistenersession.js:92:18)
    at EventListener.onEvent (/home/dhanish/fabric_sfc/caliper-bench/node_modules/fabric-common/lib/EventListener.js:124:10)
    at EventService._callTransactionListener (/home/dhanish/fabric_sfc/caliper-bench/node_modules/fabric-common/lib/EventService.js:1051:16)
    at EventService._processTxEvents (/home/dhanish/fabric_sfc/caliper-bench/node_modules/fabric-common/lib/EventService.js:1006:12)
    at ClientDuplexStreamImpl.<anonymous> (/home/dhanish/fabric_sfc/caliper-bench/node_modules/fabric-common/lib/EventService.js:481:12)
    at ClientDuplexStreamImpl.emit (node:events:517:28)
    at addChunk (node:internal/streams/readable:368:12)
    at readableAddChunk (node:internal/streams/readable:341:9)
2026-08-11T09:20:53.316Z - [33mwarn[39m: [TransactionEventHandler]: strategyFail: commit failure for transaction "2f41da89ff9b0daa867c2589973c7945525aa10e59810b8d4bcbef8b3d514ded": TransactionError: Commit of transaction 2f41da89ff9b0daa867c2589973c7945525aa10e59810b8d4bcbef8b3d514ded failed on peer peer0.financiers.example.com:7051 with status MVCC_READ_CONFLICT
    at TransactionEventHandler.eventCallback (/home/dhanish/fabric_sfc/caliper-bench/node_modules/fabric-network/lib/impl/event/transactioneventhandler.js:111:31)
    at CommitListenerSession.notifyListener (/home/dhanish/fabric_sfc/caliper-bench/node_modules/fabric-network/lib/impl/event/commitlistenersession.js:101:18)
    at EventListener.callback (/home/dhanish/fabric_sfc/caliper-bench/node_modules/fabric-network/lib/impl/event/commitlistenersession.js:92:18)
    at EventListener.onEvent (/home/dhanish/fabric_sfc/caliper-bench/node_modules/fabric-common/lib/EventListener.js:124:10)
    at EventService._callTransactionListener (/home/dhanish/fabric_sfc/caliper-bench/node_modules/fabric-common/lib/EventService.js:1051:16)
    at EventService._processTxEvents (/home/dhanish/fabric_sfc/caliper-bench/node_modules/fabric-common/lib/EventService.js:1006:12)
    at ClientDuplexStreamImpl.<anonymous> (/home/dhanish/fabric_sfc/caliper-bench/node_modules/fabric-common/lib/EventService.js:481:12)
    at ClientDuplexStreamImpl.emit (node:events:517:28)
    at addChunk (node:internal/streams/readable:368:12)
    at readableAddChunk (node:internal/streams/readable:341:9) {
  transactionId: '2f41da89ff9b0daa867c2589973c7945525aa10e59810b8d4bcbef8b3d514ded',
  transactionCode: 'MVCC_READ_CONFLICT'
}
2026.08.11-09:20:53.317[31m error[39m [caliper] [connectors/v2/FabricGateway] 	Failed to perform submit transaction [updateFinancierRLOffer] using arguments [User1,{"aprPct":13.39,"tenorDays":14,"ltvPct":70,"penaltyPct":0.5,"modelVersion":"caliper-workload"}],  with error: TransactionError: Commit of transaction 2f41da89ff9b0daa867c2589973c7945525aa10e59810b8d4bcbef8b3d514ded failed on peer peer0.financiers.example.com:7051 with status MVCC_READ_CONFLICT
    at TransactionEventHandler.eventCallback (/home/dhanish/fabric_sfc/caliper-bench/node_modules/fabric-network/lib/impl/event/transactioneventhandler.js:111:31)
    at CommitListenerSession.notifyListener (/home/dhanish/fabric_sfc/caliper-bench/node_modules/fabric-network/lib/impl/event/commitlistenersession.js:101:18)
    at EventListener.callback (/home/dhanish/fabric_sfc/caliper-bench/node_modules/fabric-network/lib/impl/event/commitlistenersession.js:92:18)
    at EventListener.onEvent (/home/dhanish/fabric_sfc/caliper-bench/node_modules/fabric-common/lib/EventListener.js:124:10)
    at EventService._callTransactionListener (/home/dhanish/fabric_sfc/caliper-bench/node_modules/fabric-common/lib/EventService.js:1051:16)
    at EventService._processTxEvents (/home/dhanish/fabric_sfc/caliper-bench/node_modules/fabric-common/lib/EventService.js:1006:12)
    at ClientDuplexStreamImpl.<anonymous> (/home/dhanish/fabric_sfc/caliper-bench/node_modules/fabric-common/lib/EventService.js:481:12)
    at ClientDuplexStreamImpl.emit (node:events:517:28)
    at addChunk (node:internal/streams/readable:368:12)
    at readableAddChunk (node:internal/streams/readable:341:9)
2026-08-11T09:20:53.318Z - [33mwarn[39m: [TransactionEventHandler]: strategyFail: commit failure for transaction "c9f007fcc81f30ae780f29c08610de1aa5f83fb96d921d053d2cebebfe53156d": TransactionError: Commit of transaction c9f007fcc81f30ae780f29c08610de1aa5f83fb96d921d053d2cebebfe53156d failed on peer peer0.financiers.example.com:7051 with status MVCC_READ_CONFLICT
    at TransactionEventHandler.eventCallback (/home/dhanish/fabric_sfc/caliper-bench/node_modules/fabric-network/lib/impl/event/transactioneventhandler.js:111:31)
    at CommitListenerSession.notifyListener (/home/dhanish/fabric_sfc/caliper-bench/node_modules/fabric-network/lib/impl/event/commitlistenersession.js:101:18)
    at EventListener.callback (/home/dhanish/fabric_sfc/caliper-bench/node_modules/fabric-network/lib/impl/event/commitlistenersession.js:92:18)
    at EventListener.onEvent (/home/dhanish/fabric_sfc/caliper-bench/node_modules/fabric-common/lib/EventListener.js:124:10)
    at EventService._callTransactionListener (/home/dhanish/fabric_sfc/caliper-bench/node_modules/fabric-common/lib/EventService.js:1051:16)
    at EventService._processTxEvents (/home/dhanish/fabric_sfc/caliper-bench/node_modules/fabric-common/lib/EventService.js:1006:12)
    at ClientDuplexStreamImpl.<anonymous> (/home/dhanish/fabric_sfc/caliper-bench/node_modules/fabric-common/lib/EventService.js:481:12)
    at ClientDuplexStreamImpl.emit (node:events:517:28)
    at addChunk (node:internal/streams/readable:368:12)
    at readableAddChunk (node:internal/streams/readable:341:9) {
  transactionId: 'c9f007fcc81f30ae780f29c08610de1aa5f83fb96d921d053d2cebebfe53156d',
  transactionCode: 'MVCC_READ_CONFLICT'
}
2026-08-11T09:20:53.319Z - [33mwarn[39m: [TransactionEventHandler]: strategyFail: commit failure for transaction "ea0c5f3332f7d3520b88133fee936bd5ce4bf8d33c3e93fba908b8769de85582": TransactionError: Commit of transaction ea0c5f3332f7d3520b88133fee936bd5ce4bf8d33c3e93fba908b8769de85582 failed on peer peer0.financiers.example.com:7051 with status MVCC_READ_CONFLICT
    at TransactionEventHandler.eventCallback (/home/dhanish/fabric_sfc/caliper-bench/node_modules/fabric-network/lib/impl/event/transactioneventhandler.js:111:31)
    at CommitListenerSession.notifyListener (/home/dhanish/fabric_sfc/caliper-bench/node_modules/fabric-network/lib/impl/event/commitlistenersession.js:101:18)
    at EventListener.callback (/home/dhanish/fabric_sfc/caliper-bench/node_modules/fabric-network/lib/impl/event/commitlistenersession.js:92:18)
    at EventListener.onEvent (/home/dhanish/fabric_sfc/caliper-bench/node_modules/fabric-common/lib/EventListener.js:124:10)
    at EventService._callTransactionListener (/home/dhanish/fabric_sfc/caliper-bench/node_modules/fabric-common/lib/EventService.js:1051:16)
    at EventService._processTxEvents (/home/dhanish/fabric_sfc/caliper-bench/node_modules/fabric-common/lib/EventService.js:1006:12)
    at ClientDuplexStreamImpl.<anonymous> (/home/dhanish/fabric_sfc/caliper-bench/node_modules/fabric-common/lib/EventService.js:481:12)
    at ClientDuplexStreamImpl.emit (node:events:517:28)
    at addChunk (node:internal/streams/readable:368:12)
    at readableAddChunk (node:internal/streams/readable:341:9) {
  transactionId: 'ea0c5f3332f7d3520b88133fee936bd5ce4bf8d33c3e93fba908b8769de85582',
  transactionCode: 'MVCC_READ_CONFLICT'
}
2026-08-11T09:20:53.319Z - [33mwarn[39m: [TransactionEventHandler]: strategyFail: commit failure for transaction "4c9189978045bf643af66eac571fc248278ae52d75a5d03b352471b9e158e4c8": TransactionError: Commit of transaction 4c9189978045bf643af66eac571fc248278ae52d75a5d03b352471b9e158e4c8 failed on peer peer0.financiers.example.com:7051 with status MVCC_READ_CONFLICT
    at TransactionEventHandler.eventCallback (/home/dhanish/fabric_sfc/caliper-bench/node_modules/fabric-network/lib/impl/event/transactioneventhandler.js:111:31)
    at CommitListenerSession.notifyListener (/home/dhanish/fabric_sfc/caliper-bench/node_modules/fabric-network/lib/impl/event/commitlistenersession.js:101:18)
    at EventListener.callback (/home/dhanish/fabric_sfc/caliper-bench/node_modules/fabric-network/lib/impl/event/commitlistenersession.js:92:18)
    at EventListener.onEvent (/home/dhanish/fabric_sfc/caliper-bench/node_modules/fabric-common/lib/EventListener.js:124:10)
    at EventService._callTransactionListener (/home/dhanish/fabric_sfc/caliper-bench/node_modules/fabric-common/lib/EventService.js:1051:16)
    at EventService._processTxEvents (/home/dhanish/fabric_sfc/caliper-bench/node_modules/fabric-common/lib/EventService.js:1006:12)
    at ClientDuplexStreamImpl.<anonymous> (/home/dhanish/fabric_sfc/caliper-bench/node_modules/fabric-common/lib/EventService.js:481:12)
    at ClientDuplexStreamImpl.emit (node:events:517:28)
    at addChunk (node:internal/streams/readable:368:12)
    at readableAddChunk (node:internal/streams/readable:341:9) {
  transactionId: '4c9189978045bf643af66eac571fc248278ae52d75a5d03b352471b9e158e4c8',
  transactionCode: 'MVCC_READ_CONFLICT'
}
2026-08-11T09:20:53.319Z - [33mwarn[39m: [TransactionEventHandler]: strategyFail: commit failure for transaction "d401fdc248ab1e4a5a9e9e7529993049fea3ce8937862b41fcebc6f743ad91b9": TransactionError: Commit of transaction d401fdc248ab1e4a5a9e9e7529993049fea3ce8937862b41fcebc6f743ad91b9 failed on peer peer0.financiers.example.com:7051 with status MVCC_READ_CONFLICT
    at TransactionEventHandler.eventCallback (/home/dhanish/fabric_sfc/caliper-bench/node_modules/fabric-network/lib/impl/event/transactioneventhandler.js:111:31)
    at CommitListenerSession.notifyListener (/home/dhanish/fabric_sfc/caliper-bench/node_modules/fabric-network/lib/impl/event/commitlistenersession.js:101:18)
    at EventListener.callback (/home/dhanish/fabric_sfc/caliper-bench/node_modules/fabric-network/lib/impl/event/commitlistenersession.js:92:18)
    at EventListener.onEvent (/home/dhanish/fabric_sfc/caliper-bench/node_modules/fabric-common/lib/EventListener.js:124:10)
    at EventService._callTransactionListener (/home/dhanish/fabric_sfc/caliper-bench/node_modules/fabric-common/lib/EventService.js:1051:16)
    at EventService._processTxEvents (/home/dhanish/fabric_sfc/caliper-bench/node_modules/fabric-common/lib/EventService.js:1006:12)
    at ClientDuplexStreamImpl.<anonymous> (/home/dhanish/fabric_sfc/caliper-bench/node_modules/fabric-common/lib/EventService.js:481:12)
    at ClientDuplexStreamImpl.emit (node:events:517:28)
    at addChunk (node:internal/streams/readable:368:12)
    at readableAddChunk (node:internal/streams/readable:341:9) {
  transactionId: 'd401fdc248ab1e4a5a9e9e7529993049fea3ce8937862b41fcebc6f743ad91b9',
  transactionCode: 'MVCC_READ_CONFLICT'
}
2026.08.11-09:20:53.320[31m error[39m [caliper] [connectors/v2/FabricGateway] 	Failed to perform submit transaction [updateFinancierRLOffer] using arguments [User4,{"aprPct":16.29,"tenorDays":14,"ltvPct":70,"penaltyPct":0.5,"modelVersion":"caliper-workload"}],  with error: TransactionError: Commit of transaction c9f007fcc81f30ae780f29c08610de1aa5f83fb96d921d053d2cebebfe53156d failed on peer peer0.financiers.example.com:7051 with status MVCC_READ_CONFLICT
    at TransactionEventHandler.eventCallback (/home/dhanish/fabric_sfc/caliper-bench/node_modules/fabric-network/lib/impl/event/transactioneventhandler.js:111:31)
    at CommitListenerSession.notifyListener (/home/dhanish/fabric_sfc/caliper-bench/node_modules/fabric-network/lib/impl/event/commitlistenersession.js:101:18)
    at EventListener.callback (/home/dhanish/fabric_sfc/caliper-bench/node_modules/fabric-network/lib/impl/event/commitlistenersession.js:92:18)
    at EventListener.onEvent (/home/dhanish/fabric_sfc/caliper-bench/node_modules/fabric-common/lib/EventListener.js:124:10)
    at EventService._callTransactionListener (/home/dhanish/fabric_sfc/caliper-bench/node_modules/fabric-common/lib/EventService.js:1051:16)
    at EventService._processTxEvents (/home/dhanish/fabric_sfc/caliper-bench/node_modules/fabric-common/lib/EventService.js:1006:12)
    at ClientDuplexStreamImpl.<anonymous> (/home/dhanish/fabric_sfc/caliper-bench/node_modules/fabric-common/lib/EventService.js:481:12)
    at ClientDuplexStreamImpl.emit (node:events:517:28)
    at addChunk (node:internal/streams/readable:368:12)
    at readableAddChunk (node:internal/streams/readable:341:9)
2026.08.11-09:20:53.320[31m error[39m [caliper] [connectors/v2/FabricGateway] 	Failed to perform submit transaction [updateFinancierRLOffer] using arguments [User4,{"aprPct":16.58,"tenorDays":14,"ltvPct":70,"penaltyPct":0.5,"modelVersion":"caliper-workload"}],  with error: TransactionError: Commit of transaction 4c9189978045bf643af66eac571fc248278ae52d75a5d03b352471b9e158e4c8 failed on peer peer0.financiers.example.com:7051 with status MVCC_READ_CONFLICT
    at TransactionEventHandler.eventCallback (/home/dhanish/fabric_sfc/caliper-bench/node_modules/fabric-network/lib/impl/event/transactioneventhandler.js:111:31)
    at CommitListenerSession.notifyListener (/home/dhanish/fabric_sfc/caliper-bench/node_modules/fabric-network/lib/impl/event/commitlistenersession.js:101:18)
    at EventListener.callback (/home/dhanish/fabric_sfc/caliper-bench/node_modules/fabric-network/lib/impl/event/commitlistenersession.js:92:18)
    at EventListener.onEvent (/home/dhanish/fabric_sfc/caliper-bench/node_modules/fabric-common/lib/EventListener.js:124:10)
    at EventService._callTransactionListener (/home/dhanish/fabric_sfc/caliper-bench/node_modules/fabric-common/lib/EventService.js:1051:16)
    at EventService._processTxEvents (/home/dhanish/fabric_sfc/caliper-bench/node_modules/fabric-common/lib/EventService.js:1006:12)
    at ClientDuplexStreamImpl.<anonymous> (/home/dhanish/fabric_sfc/caliper-bench/node_modules/fabric-common/lib/EventService.js:481:12)
    at ClientDuplexStreamImpl.emit (node:events:517:28)
    at addChunk (node:internal/streams/readable:368:12)
    at readableAddChunk (node:internal/streams/readable:341:9)
2026.08.11-09:20:53.320[31m error[39m [caliper] [connectors/v2/FabricGateway] 	Failed to perform submit transaction [updateFinancierRLOffer] using arguments [User3,{"aprPct":17.14,"tenorDays":28,"ltvPct":70,"penaltyPct":0.5,"modelVersion":"caliper-workload"}],  with error: TransactionError: Commit of transaction ea0c5f3332f7d3520b88133fee936bd5ce4bf8d33c3e93fba908b8769de85582 failed on peer peer0.financiers.example.com:7051 with status MVCC_READ_CONFLICT
    at TransactionEventHandler.eventCallback (/home/dhanish/fabric_sfc/caliper-bench/node_modules/fabric-network/lib/impl/event/transactioneventhandler.js:111:31)
    at CommitListenerSession.notifyListener (/home/dhanish/fabric_sfc/caliper-bench/node_modules/fabric-network/lib/impl/event/commitlistenersession.js:101:18)
    at EventListener.callback (/home/dhanish/fabric_sfc/caliper-bench/node_modules/fabric-network/lib/impl/event/commitlistenersession.js:92:18)
    at EventListener.onEvent (/home/dhanish/fabric_sfc/caliper-bench/node_modules/fabric-common/lib/EventListener.js:124:10)
    at EventService._callTransactionListener (/home/dhanish/fabric_sfc/caliper-bench/node_modules/fabric-common/lib/EventService.js:1051:16)
    at EventService._processTxEvents (/home/dhanish/fabric_sfc/caliper-bench/node_modules/fabric-common/lib/EventService.js:1006:12)
    at ClientDuplexStreamImpl.<anonymous> (/home/dhanish/fabric_sfc/caliper-bench/node_modules/fabric-common/lib/EventService.js:481:12)
    at ClientDuplexStreamImpl.emit (node:events:517:28)
    at addChunk (node:internal/streams/readable:368:12)
    at readableAddChunk (node:internal/streams/readable:341:9)
2026.08.11-09:20:53.321[31m error[39m [caliper] [connectors/v2/FabricGateway] 	Failed to perform submit transaction [updateFinancierRLOffer] using arguments [User3,{"aprPct":12.3,"tenorDays":28,"ltvPct":70,"penaltyPct":0.5,"modelVersion":"caliper-workload"}],  with error: TransactionError: Commit of transaction d401fdc248ab1e4a5a9e9e7529993049fea3ce8937862b41fcebc6f743ad91b9 failed on peer peer0.financiers.example.com:7051 with status MVCC_READ_CONFLICT
    at TransactionEventHandler.eventCallback (/home/dhanish/fabric_sfc/caliper-bench/node_modules/fabric-network/lib/impl/event/transactioneventhandler.js:111:31)
    at CommitListenerSession.notifyListener (/home/dhanish/fabric_sfc/caliper-bench/node_modules/fabric-network/lib/impl/event/commitlistenersession.js:101:18)
    at EventListener.callback (/home/dhanish/fabric_sfc/caliper-bench/node_modules/fabric-network/lib/impl/event/commitlistenersession.js:92:18)
    at EventListener.onEvent (/home/dhanish/fabric_sfc/caliper-bench/node_modules/fabric-common/lib/EventListener.js:124:10)
    at EventService._callTransactionListener (/home/dhanish/fabric_sfc/caliper-bench/node_modules/fabric-common/lib/EventService.js:1051:16)
    at EventService._processTxEvents (/home/dhanish/fabric_sfc/caliper-bench/node_modules/fabric-common/lib/EventService.js:1006:12)
    at ClientDuplexStreamImpl.<anonymous> (/home/dhanish/fabric_sfc/caliper-bench/node_modules/fabric-common/lib/EventService.js:481:12)
    at ClientDuplexStreamImpl.emit (node:events:517:28)
    at addChunk (node:internal/streams/readable:368:12)
    at readableAddChunk (node:internal/streams/readable:341:9)
2026-08-11T09:20:53.321Z - [33mwarn[39m: [TransactionEventHandler]: strategyFail: commit failure for transaction "48b23c1773887c4f4627a2fc64a8de7930df9b2f89ebbc8b209557bfd443f6ea": TransactionError: Commit of transaction 48b23c1773887c4f4627a2fc64a8de7930df9b2f89ebbc8b209557bfd443f6ea failed on peer peer0.financiers.example.com:7051 with status MVCC_READ_CONFLICT
    at TransactionEventHandler.eventCallback (/home/dhanish/fabric_sfc/caliper-bench/node_modules/fabric-network/lib/impl/event/transactioneventhandler.js:111:31)
    at CommitListenerSession.notifyListener (/home/dhanish/fabric_sfc/caliper-bench/node_modules/fabric-network/lib/impl/event/commitlistenersession.js:101:18)
    at EventListener.callback (/home/dhanish/fabric_sfc/caliper-bench/node_modules/fabric-network/lib/impl/event/commitlistenersession.js:92:18)
    at EventListener.onEvent (/home/dhanish/fabric_sfc/caliper-bench/node_modules/fabric-common/lib/EventListener.js:124:10)
    at EventService._callTransactionListener (/home/dhanish/fabric_sfc/caliper-bench/node_modules/fabric-common/lib/EventService.js:1051:16)
    at EventService._processTxEvents (/home/dhanish/fabric_sfc/caliper-bench/node_modules/fabric-common/lib/EventService.js:1006:12)
    at ClientDuplexStreamImpl.<anonymous> (/home/dhanish/fabric_sfc/caliper-bench/node_modules/fabric-common/lib/EventService.js:481:12)
    at ClientDuplexStreamImpl.emit (node:events:517:28)
    at addChunk (node:internal/streams/readable:368:12)
    at readableAddChunk (node:internal/streams/readable:341:9) {
  transactionId: '48b23c1773887c4f4627a2fc64a8de7930df9b2f89ebbc8b209557bfd443f6ea',
  transactionCode: 'MVCC_READ_CONFLICT'
}
2026-08-11T09:20:53.322Z - [33mwarn[39m: [TransactionEventHandler]: strategyFail: commit failure for transaction "a0979c92e1f16e5b22f018e0657c8ba7e560c69012de799092d260692641eb43": TransactionError: Commit of transaction a0979c92e1f16e5b22f018e0657c8ba7e560c69012de799092d260692641eb43 failed on peer peer0.financiers.example.com:7051 with status MVCC_READ_CONFLICT
    at TransactionEventHandler.eventCallback (/home/dhanish/fabric_sfc/caliper-bench/node_modules/fabric-network/lib/impl/event/transactioneventhandler.js:111:31)
    at CommitListenerSession.notifyListener (/home/dhanish/fabric_sfc/caliper-bench/node_modules/fabric-network/lib/impl/event/commitlistenersession.js:101:18)
    at EventListener.callback (/home/dhanish/fabric_sfc/caliper-bench/node_modules/fabric-network/lib/impl/event/commitlistenersession.js:92:18)
    at EventListener.onEvent (/home/dhanish/fabric_sfc/caliper-bench/node_modules/fabric-common/lib/EventListener.js:124:10)
    at EventService._callTransactionListener (/home/dhanish/fabric_sfc/caliper-bench/node_modules/fabric-common/lib/EventService.js:1051:16)
    at EventService._processTxEvents (/home/dhanish/fabric_sfc/caliper-bench/node_modules/fabric-common/lib/EventService.js:1006:12)
    at ClientDuplexStreamImpl.<anonymous> (/home/dhanish/fabric_sfc/caliper-bench/node_modules/fabric-common/lib/EventService.js:481:12)
    at ClientDuplexStreamImpl.emit (node:events:517:28)
    at addChunk (node:internal/streams/readable:368:12)
    at readableAddChunk (node:internal/streams/readable:341:9) {
  transactionId: 'a0979c92e1f16e5b22f018e0657c8ba7e560c69012de799092d260692641eb43',
  transactionCode: 'MVCC_READ_CONFLICT'
}
2026.08.11-09:20:53.323[31m error[39m [caliper] [connectors/v2/FabricGateway] 	Failed to perform submit transaction [updateFinancierRLOffer] using arguments [User5,{"aprPct":14.38,"tenorDays":21,"ltvPct":70,"penaltyPct":0.5,"modelVersion":"caliper-workload"}],  with error: TransactionError: Commit of transaction 48b23c1773887c4f4627a2fc64a8de7930df9b2f89ebbc8b209557bfd443f6ea failed on peer peer0.financiers.example.com:7051 with status MVCC_READ_CONFLICT
    at TransactionEventHandler.eventCallback (/home/dhanish/fabric_sfc/caliper-bench/node_modules/fabric-network/lib/impl/event/transactioneventhandler.js:111:31)
    at CommitListenerSession.notifyListener (/home/dhanish/fabric_sfc/caliper-bench/node_modules/fabric-network/lib/impl/event/commitlistenersession.js:101:18)
    at EventListener.callback (/home/dhanish/fabric_sfc/caliper-bench/node_modules/fabric-network/lib/impl/event/commitlistenersession.js:92:18)
    at EventListener.onEvent (/home/dhanish/fabric_sfc/caliper-bench/node_modules/fabric-common/lib/EventListener.js:124:10)
    at EventService._callTransactionListener (/home/dhanish/fabric_sfc/caliper-bench/node_modules/fabric-common/lib/EventService.js:1051:16)
    at EventService._processTxEvents (/home/dhanish/fabric_sfc/caliper-bench/node_modules/fabric-common/lib/EventService.js:1006:12)
    at ClientDuplexStreamImpl.<anonymous> (/home/dhanish/fabric_sfc/caliper-bench/node_modules/fabric-common/lib/EventService.js:481:12)
    at ClientDuplexStreamImpl.emit (node:events:517:28)
    at addChunk (node:internal/streams/readable:368:12)
    at readableAddChunk (node:internal/streams/readable:341:9)
2026.08.11-09:20:53.323[31m error[39m [caliper] [connectors/v2/FabricGateway] 	Failed to perform submit transaction [updateFinancierRLOffer] using arguments [User5,{"aprPct":16.65,"tenorDays":21,"ltvPct":70,"penaltyPct":0.5,"modelVersion":"caliper-workload"}],  with error: TransactionError: Commit of transaction a0979c92e1f16e5b22f018e0657c8ba7e560c69012de799092d260692641eb43 failed on peer peer0.financiers.example.com:7051 with status MVCC_READ_CONFLICT
    at TransactionEventHandler.eventCallback (/home/dhanish/fabric_sfc/caliper-bench/node_modules/fabric-network/lib/impl/event/transactioneventhandler.js:111:31)
    at CommitListenerSession.notifyListener (/home/dhanish/fabric_sfc/caliper-bench/node_modules/fabric-network/lib/impl/event/commitlistenersession.js:101:18)
    at EventListener.callback (/home/dhanish/fabric_sfc/caliper-bench/node_modules/fabric-network/lib/impl/event/commitlistenersession.js:92:18)
    at EventListener.onEvent (/home/dhanish/fabric_sfc/caliper-bench/node_modules/fabric-common/lib/EventListener.js:124:10)
    at EventService._callTransactionListener (/home/dhanish/fabric_sfc/caliper-bench/node_modules/fabric-common/lib/EventService.js:1051:16)
    at EventService._processTxEvents (/home/dhanish/fabric_sfc/caliper-bench/node_modules/fabric-common/lib/EventService.js:1006:12)
    at ClientDuplexStreamImpl.<anonymous> (/home/dhanish/fabric_sfc/caliper-bench/node_modules/fabric-common/lib/EventService.js:481:12)
    at ClientDuplexStreamImpl.emit (node:events:517:28)
    at addChunk (node:internal/streams/readable:368:12)
    at readableAddChunk (node:internal/streams/readable:341:9)
2026-08-11T09:20:53.346Z - [33mwarn[39m: [TransactionEventHandler]: strategyFail: commit failure for transaction "6cae5eab5e9eee2e22960bbcbf05e9b200cb3ad0eb6e073208115161dc7980d7": TransactionError: Commit of transaction 6cae5eab5e9eee2e22960bbcbf05e9b200cb3ad0eb6e073208115161dc7980d7 failed on peer peer0.financiers.example.com:7051 with status MVCC_READ_CONFLICT
    at TransactionEventHandler.eventCallback (/home/dhanish/fabric_sfc/caliper-bench/node_modules/fabric-network/lib/impl/event/transactioneventhandler.js:111:31)
    at CommitListenerSession.notifyListener (/home/dhanish/fabric_sfc/caliper-bench/node_modules/fabric-network/lib/impl/event/commitlistenersession.js:101:18)
    at EventListener.callback (/home/dhanish/fabric_sfc/caliper-bench/node_modules/fabric-network/lib/impl/event/commitlistenersession.js:92:18)
    at EventListener.onEvent (/home/dhanish/fabric_sfc/caliper-bench/node_modules/fabric-common/lib/EventListener.js:124:10)
    at EventService._callTransactionListener (/home/dhanish/fabric_sfc/caliper-bench/node_modules/fabric-common/lib/EventService.js:1051:16)
    at EventService._processTxEvents (/home/dhanish/fabric_sfc/caliper-bench/node_modules/fabric-common/lib/EventService.js:1006:12)
    at ClientDuplexStreamImpl.<anonymous> (/home/dhanish/fabric_sfc/caliper-bench/node_modules/fabric-common/lib/EventService.js:481:12)
    at ClientDuplexStreamImpl.emit (node:events:517:28)
    at addChunk (node:internal/streams/readable:368:12)
    at readableAddChunk (node:internal/streams/readable:341:9) {
  transactionId: '6cae5eab5e9eee2e22960bbcbf05e9b200cb3ad0eb6e073208115161dc7980d7',
  transactionCode: 'MVCC_READ_CONFLICT'
}
2026-08-11T09:20:53.348Z - [33mwarn[39m: [TransactionEventHandler]: strategyFail: commit failure for transaction "6cba36fad62949a0b6de41193151698816ca511d97fcc9b8aa92bc83925a63af": TransactionError: Commit of transaction 6cba36fad62949a0b6de41193151698816ca511d97fcc9b8aa92bc83925a63af failed on peer peer0.financiers.example.com:7051 with status MVCC_READ_CONFLICT
    at TransactionEventHandler.eventCallback (/home/dhanish/fabric_sfc/caliper-bench/node_modules/fabric-network/lib/impl/event/transactioneventhandler.js:111:31)
    at CommitListenerSession.notifyListener (/home/dhanish/fabric_sfc/caliper-bench/node_modules/fabric-network/lib/impl/event/commitlistenersession.js:101:18)
    at EventListener.callback (/home/dhanish/fabric_sfc/caliper-bench/node_modules/fabric-network/lib/impl/event/commitlistenersession.js:92:18)
    at EventListener.onEvent (/home/dhanish/fabric_sfc/caliper-bench/node_modules/fabric-common/lib/EventListener.js:124:10)
    at EventService._callTransactionListener (/home/dhanish/fabric_sfc/caliper-bench/node_modules/fabric-common/lib/EventService.js:1051:16)
    at EventService._processTxEvents (/home/dhanish/fabric_sfc/caliper-bench/node_modules/fabric-common/lib/EventService.js:1006:12)
    at ClientDuplexStreamImpl.<anonymous> (/home/dhanish/fabric_sfc/caliper-bench/node_modules/fabric-common/lib/EventService.js:481:12)
    at ClientDuplexStreamImpl.emit (node:events:517:28)
    at addChunk (node:internal/streams/readable:368:12)
    at readableAddChunk (node:internal/streams/readable:341:9) {
  transactionId: '6cba36fad62949a0b6de41193151698816ca511d97fcc9b8aa92bc83925a63af',
  transactionCode: 'MVCC_READ_CONFLICT'
}
2026-08-11T09:20:53.349Z - [33mwarn[39m: [TransactionEventHandler]: strategyFail: commit failure for transaction "eb6c7940b6cfb9e9d73e5f976d0ae3fdc2b47e778fc835dd8a9a58fa583bc15f": TransactionError: Commit of transaction eb6c7940b6cfb9e9d73e5f976d0ae3fdc2b47e778fc835dd8a9a58fa583bc15f failed on peer peer0.financiers.example.com:7051 with status MVCC_READ_CONFLICT
    at TransactionEventHandler.eventCallback (/home/dhanish/fabric_sfc/caliper-bench/node_modules/fabric-network/lib/impl/event/transactioneventhandler.js:111:31)
    at CommitListenerSession.notifyListener (/home/dhanish/fabric_sfc/caliper-bench/node_modules/fabric-network/lib/impl/event/commitlistenersession.js:101:18)
    at EventListener.callback (/home/dhanish/fabric_sfc/caliper-bench/node_modules/fabric-network/lib/impl/event/commitlistenersession.js:92:18)
    at EventListener.onEvent (/home/dhanish/fabric_sfc/caliper-bench/node_modules/fabric-common/lib/EventListener.js:124:10)
    at EventService._callTransactionListener (/home/dhanish/fabric_sfc/caliper-bench/node_modules/fabric-common/lib/EventService.js:1051:16)
    at EventService._processTxEvents (/home/dhanish/fabric_sfc/caliper-bench/node_modules/fabric-common/lib/EventService.js:1006:12)
    at ClientDuplexStreamImpl.<anonymous> (/home/dhanish/fabric_sfc/caliper-bench/node_modules/fabric-common/lib/EventService.js:481:12)
    at ClientDuplexStreamImpl.emit (node:events:517:28)
    at addChunk (node:internal/streams/readable:368:12)
    at readableAddChunk (node:internal/streams/readable:341:9) {
  transactionId: 'eb6c7940b6cfb9e9d73e5f976d0ae3fdc2b47e778fc835dd8a9a58fa583bc15f',
  transactionCode: 'MVCC_READ_CONFLICT'
}
2026.08.11-09:20:53.349[31m error[39m [caliper] [connectors/v2/FabricGateway] 	Failed to perform submit transaction [updateFinancierRLOffer] using arguments [User4,{"aprPct":13.74,"tenorDays":14,"ltvPct":70,"penaltyPct":0.5,"modelVersion":"caliper-workload"}],  with error: TransactionError: Commit of transaction 6cae5eab5e9eee2e22960bbcbf05e9b200cb3ad0eb6e073208115161dc7980d7 failed on peer peer0.financiers.example.com:7051 with status MVCC_READ_CONFLICT
    at TransactionEventHandler.eventCallback (/home/dhanish/fabric_sfc/caliper-bench/node_modules/fabric-network/lib/impl/event/transactioneventhandler.js:111:31)
    at CommitListenerSession.notifyListener (/home/dhanish/fabric_sfc/caliper-bench/node_modules/fabric-network/lib/impl/event/commitlistenersession.js:101:18)
    at EventListener.callback (/home/dhanish/fabric_sfc/caliper-bench/node_modules/fabric-network/lib/impl/event/commitlistenersession.js:92:18)
    at EventListener.onEvent (/home/dhanish/fabric_sfc/caliper-bench/node_modules/fabric-common/lib/EventListener.js:124:10)
    at EventService._callTransactionListener (/home/dhanish/fabric_sfc/caliper-bench/node_modules/fabric-common/lib/EventService.js:1051:16)
    at EventService._processTxEvents (/home/dhanish/fabric_sfc/caliper-bench/node_modules/fabric-common/lib/EventService.js:1006:12)
    at ClientDuplexStreamImpl.<anonymous> (/home/dhanish/fabric_sfc/caliper-bench/node_modules/fabric-common/lib/EventService.js:481:12)
    at ClientDuplexStreamImpl.emit (node:events:517:28)
    at addChunk (node:internal/streams/readable:368:12)
    at readableAddChunk (node:internal/streams/readable:341:9)
2026.08.11-09:20:53.349[31m error[39m [caliper] [connectors/v2/FabricGateway] 	Failed to perform submit transaction [updateFinancierRLOffer] using arguments [User4,{"aprPct":15.74,"tenorDays":14,"ltvPct":70,"penaltyPct":0.5,"modelVersion":"caliper-workload"}],  with error: TransactionError: Commit of transaction 6cba36fad62949a0b6de41193151698816ca511d97fcc9b8aa92bc83925a63af failed on peer peer0.financiers.example.com:7051 with status MVCC_READ_CONFLICT
    at TransactionEventHandler.eventCallback (/home/dhanish/fabric_sfc/caliper-bench/node_modules/fabric-network/lib/impl/event/transactioneventhandler.js:111:31)
    at CommitListenerSession.notifyListener (/home/dhanish/fabric_sfc/caliper-bench/node_modules/fabric-network/lib/impl/event/commitlistenersession.js:101:18)
    at EventListener.callback (/home/dhanish/fabric_sfc/caliper-bench/node_modules/fabric-network/lib/impl/event/commitlistenersession.js:92:18)
    at EventListener.onEvent (/home/dhanish/fabric_sfc/caliper-bench/node_modules/fabric-common/lib/EventListener.js:124:10)
    at EventService._callTransactionListener (/home/dhanish/fabric_sfc/caliper-bench/node_modules/fabric-common/lib/EventService.js:1051:16)
    at EventService._processTxEvents (/home/dhanish/fabric_sfc/caliper-bench/node_modules/fabric-common/lib/EventService.js:1006:12)
    at ClientDuplexStreamImpl.<anonymous> (/home/dhanish/fabric_sfc/caliper-bench/node_modules/fabric-common/lib/EventService.js:481:12)
    at ClientDuplexStreamImpl.emit (node:events:517:28)
    at addChunk (node:internal/streams/readable:368:12)
    at readableAddChunk (node:internal/streams/readable:341:9)
2026-08-11T09:20:53.350Z - [33mwarn[39m: [TransactionEventHandler]: strategyFail: commit failure for transaction "79009916201ff87a1d3b067ed4a7a2d3003877d94adfc22aa88a59b971f80377": TransactionError: Commit of transaction 79009916201ff87a1d3b067ed4a7a2d3003877d94adfc22aa88a59b971f80377 failed on peer peer0.financiers.example.com:7051 with status MVCC_READ_CONFLICT
    at TransactionEventHandler.eventCallback (/home/dhanish/fabric_sfc/caliper-bench/node_modules/fabric-network/lib/impl/event/transactioneventhandler.js:111:31)
    at CommitListenerSession.notifyListener (/home/dhanish/fabric_sfc/caliper-bench/node_modules/fabric-network/lib/impl/event/commitlistenersession.js:101:18)
    at EventListener.callback (/home/dhanish/fabric_sfc/caliper-bench/node_modules/fabric-network/lib/impl/event/commitlistenersession.js:92:18)
    at EventListener.onEvent (/home/dhanish/fabric_sfc/caliper-bench/node_modules/fabric-common/lib/EventListener.js:124:10)
    at EventService._callTransactionListener (/home/dhanish/fabric_sfc/caliper-bench/node_modules/fabric-common/lib/EventService.js:1051:16)
    at EventService._processTxEvents (/home/dhanish/fabric_sfc/caliper-bench/node_modules/fabric-common/lib/EventService.js:1006:12)
    at ClientDuplexStreamImpl.<anonymous> (/home/dhanish/fabric_sfc/caliper-bench/node_modules/fabric-common/lib/EventService.js:481:12)
    at ClientDuplexStreamImpl.emit (node:events:517:28)
    at addChunk (node:internal/streams/readable:368:12)
    at readableAddChunk (node:internal/streams/readable:341:9) {
  transactionId: '79009916201ff87a1d3b067ed4a7a2d3003877d94adfc22aa88a59b971f80377',
  transactionCode: 'MVCC_READ_CONFLICT'
}
2026.08.11-09:20:53.350[31m error[39m [caliper] [connectors/v2/FabricGateway] 	Failed to perform submit transaction [updateFinancierRLOffer] using arguments [User3,{"aprPct":17.75,"tenorDays":28,"ltvPct":70,"penaltyPct":0.5,"modelVersion":"caliper-workload"}],  with error: TransactionError: Commit of transaction eb6c7940b6cfb9e9d73e5f976d0ae3fdc2b47e778fc835dd8a9a58fa583bc15f failed on peer peer0.financiers.example.com:7051 with status MVCC_READ_CONFLICT
    at TransactionEventHandler.eventCallback (/home/dhanish/fabric_sfc/caliper-bench/node_modules/fabric-network/lib/impl/event/transactioneventhandler.js:111:31)
    at CommitListenerSession.notifyListener (/home/dhanish/fabric_sfc/caliper-bench/node_modules/fabric-network/lib/impl/event/commitlistenersession.js:101:18)
    at EventListener.callback (/home/dhanish/fabric_sfc/caliper-bench/node_modules/fabric-network/lib/impl/event/commitlistenersession.js:92:18)
    at EventListener.onEvent (/home/dhanish/fabric_sfc/caliper-bench/node_modules/fabric-common/lib/EventListener.js:124:10)
    at EventService._callTransactionListener (/home/dhanish/fabric_sfc/caliper-bench/node_modules/fabric-common/lib/EventService.js:1051:16)
    at EventService._processTxEvents (/home/dhanish/fabric_sfc/caliper-bench/node_modules/fabric-common/lib/EventService.js:1006:12)
    at ClientDuplexStreamImpl.<anonymous> (/home/dhanish/fabric_sfc/caliper-bench/node_modules/fabric-common/lib/EventService.js:481:12)
    at ClientDuplexStreamImpl.emit (node:events:517:28)
    at addChunk (node:internal/streams/readable:368:12)
    at readableAddChunk (node:internal/streams/readable:341:9)
2026.08.11-09:20:53.351[31m error[39m [caliper] [connectors/v2/FabricGateway] 	Failed to perform submit transaction [updateFinancierRLOffer] using arguments [User3,{"aprPct":13.97,"tenorDays":28,"ltvPct":70,"penaltyPct":0.5,"modelVersion":"caliper-workload"}],  with error: TransactionError: Commit of transaction 79009916201ff87a1d3b067ed4a7a2d3003877d94adfc22aa88a59b971f80377 failed on peer peer0.financiers.example.com:7051 with status MVCC_READ_CONFLICT
    at TransactionEventHandler.eventCallback (/home/dhanish/fabric_sfc/caliper-bench/node_modules/fabric-network/lib/impl/event/transactioneventhandler.js:111:31)
    at CommitListenerSession.notifyListener (/home/dhanish/fabric_sfc/caliper-bench/node_modules/fabric-network/lib/impl/event/commitlistenersession.js:101:18)
    at EventListener.callback (/home/dhanish/fabric_sfc/caliper-bench/node_modules/fabric-network/lib/impl/event/commitlistenersession.js:92:18)
    at EventListener.onEvent (/home/dhanish/fabric_sfc/caliper-bench/node_modules/fabric-common/lib/EventListener.js:124:10)
    at EventService._callTransactionListener (/home/dhanish/fabric_sfc/caliper-bench/node_modules/fabric-common/lib/EventService.js:1051:16)
    at EventService._processTxEvents (/home/dhanish/fabric_sfc/caliper-bench/node_modules/fabric-common/lib/EventService.js:1006:12)
    at ClientDuplexStreamImpl.<anonymous> (/home/dhanish/fabric_sfc/caliper-bench/node_modules/fabric-common/lib/EventService.js:481:12)
    at ClientDuplexStreamImpl.emit (node:events:517:28)
    at addChunk (node:internal/streams/readable:368:12)
    at readableAddChunk (node:internal/streams/readable:341:9)
2026-08-11T09:20:53.351Z - [33mwarn[39m: [TransactionEventHandler]: strategyFail: commit failure for transaction "869fc09baf471822b275b40774335a8b6090792d3cb6149767a26b6a9e5f61f7": TransactionError: Commit of transaction 869fc09baf471822b275b40774335a8b6090792d3cb6149767a26b6a9e5f61f7 failed on peer peer0.financiers.example.com:7051 with status MVCC_READ_CONFLICT
    at TransactionEventHandler.eventCallback (/home/dhanish/fabric_sfc/caliper-bench/node_modules/fabric-network/lib/impl/event/transactioneventhandler.js:111:31)
    at CommitListenerSession.notifyListener (/home/dhanish/fabric_sfc/caliper-bench/node_modules/fabric-network/lib/impl/event/commitlistenersession.js:101:18)
    at EventListener.callback (/home/dhanish/fabric_sfc/caliper-bench/node_modules/fabric-network/lib/impl/event/commitlistenersession.js:92:18)
    at EventListener.onEvent (/home/dhanish/fabric_sfc/caliper-bench/node_modules/fabric-common/lib/EventListener.js:124:10)
    at EventService._callTransactionListener (/home/dhanish/fabric_sfc/caliper-bench/node_modules/fabric-common/lib/EventService.js:1051:16)
    at EventService._processTxEvents (/home/dhanish/fabric_sfc/caliper-bench/node_modules/fabric-common/lib/EventService.js:1006:12)
    at ClientDuplexStreamImpl.<anonymous> (/home/dhanish/fabric_sfc/caliper-bench/node_modules/fabric-common/lib/EventService.js:481:12)
    at ClientDuplexStreamImpl.emit (node:events:517:28)
    at addChunk (node:internal/streams/readable:368:12)
    at readableAddChunk (node:internal/streams/readable:341:9) {
  transactionId: '869fc09baf471822b275b40774335a8b6090792d3cb6149767a26b6a9e5f61f7',
  transactionCode: 'MVCC_READ_CONFLICT'
}
2026-08-11T09:20:53.352Z - [33mwarn[39m: [TransactionEventHandler]: strategyFail: commit failure for transaction "da3b5995706293ea2ec18519849e4fc6488b54408535902a60bcf79e3d7ed020": TransactionError: Commit of transaction da3b5995706293ea2ec18519849e4fc6488b54408535902a60bcf79e3d7ed020 failed on peer peer0.financiers.example.com:7051 with status MVCC_READ_CONFLICT
    at TransactionEventHandler.eventCallback (/home/dhanish/fabric_sfc/caliper-bench/node_modules/fabric-network/lib/impl/event/transactioneventhandler.js:111:31)
    at CommitListenerSession.notifyListener (/home/dhanish/fabric_sfc/caliper-bench/node_modules/fabric-network/lib/impl/event/commitlistenersession.js:101:18)
    at EventListener.callback (/home/dhanish/fabric_sfc/caliper-bench/node_modules/fabric-network/lib/impl/event/commitlistenersession.js:92:18)
    at EventListener.onEvent (/home/dhanish/fabric_sfc/caliper-bench/node_modules/fabric-common/lib/EventListener.js:124:10)
    at EventService._callTransactionListener (/home/dhanish/fabric_sfc/caliper-bench/node_modules/fabric-common/lib/EventService.js:1051:16)
    at EventService._processTxEvents (/home/dhanish/fabric_sfc/caliper-bench/node_modules/fabric-common/lib/EventService.js:1006:12)
    at ClientDuplexStreamImpl.<anonymous> (/home/dhanish/fabric_sfc/caliper-bench/node_modules/fabric-common/lib/EventService.js:481:12)
    at ClientDuplexStreamImpl.emit (node:events:517:28)
    at addChunk (node:internal/streams/readable:368:12)
    at readableAddChunk (node:internal/streams/readable:341:9) {
  transactionId: 'da3b5995706293ea2ec18519849e4fc6488b54408535902a60bcf79e3d7ed020',
  transactionCode: 'MVCC_READ_CONFLICT'
}
2026-08-11T09:20:53.352Z - [33mwarn[39m: [TransactionEventHandler]: strategyFail: commit failure for transaction "7beee14bc68358096d8b3b08d959dc2d77cd8af0d46fdfce4b6dfd29d8fdcc32": TransactionError: Commit of transaction 7beee14bc68358096d8b3b08d959dc2d77cd8af0d46fdfce4b6dfd29d8fdcc32 failed on peer peer0.financiers.example.com:7051 with status MVCC_READ_CONFLICT
    at TransactionEventHandler.eventCallback (/home/dhanish/fabric_sfc/caliper-bench/node_modules/fabric-network/lib/impl/event/transactioneventhandler.js:111:31)
    at CommitListenerSession.notifyListener (/home/dhanish/fabric_sfc/caliper-bench/node_modules/fabric-network/lib/impl/event/commitlistenersession.js:101:18)
    at EventListener.callback (/home/dhanish/fabric_sfc/caliper-bench/node_modules/fabric-network/lib/impl/event/commitlistenersession.js:92:18)
    at EventListener.onEvent (/home/dhanish/fabric_sfc/caliper-bench/node_modules/fabric-common/lib/EventListener.js:124:10)
    at EventService._callTransactionListener (/home/dhanish/fabric_sfc/caliper-bench/node_modules/fabric-common/lib/EventService.js:1051:16)
    at EventService._processTxEvents (/home/dhanish/fabric_sfc/caliper-bench/node_modules/fabric-common/lib/EventService.js:1006:12)
    at ClientDuplexStreamImpl.<anonymous> (/home/dhanish/fabric_sfc/caliper-bench/node_modules/fabric-common/lib/EventService.js:481:12)
    at ClientDuplexStreamImpl.emit (node:events:517:28)
    at addChunk (node:internal/streams/readable:368:12)
    at readableAddChunk (node:internal/streams/readable:341:9) {
  transactionId: '7beee14bc68358096d8b3b08d959dc2d77cd8af0d46fdfce4b6dfd29d8fdcc32',
  transactionCode: 'MVCC_READ_CONFLICT'
}
2026-08-11T09:20:53.352Z - [33mwarn[39m: [TransactionEventHandler]: strategyFail: commit failure for transaction "0d08e30043afcff6d39ff6b22df93695c87aaa2209669065b07761632f804017": TransactionError: Commit of transaction 0d08e30043afcff6d39ff6b22df93695c87aaa2209669065b07761632f804017 failed on peer peer0.financiers.example.com:7051 with status MVCC_READ_CONFLICT
    at TransactionEventHandler.eventCallback (/home/dhanish/fabric_sfc/caliper-bench/node_modules/fabric-network/lib/impl/event/transactioneventhandler.js:111:31)
    at CommitListenerSession.notifyListener (/home/dhanish/fabric_sfc/caliper-bench/node_modules/fabric-network/lib/impl/event/commitlistenersession.js:101:18)
    at EventListener.callback (/home/dhanish/fabric_sfc/caliper-bench/node_modules/fabric-network/lib/impl/event/commitlistenersession.js:92:18)
    at EventListener.onEvent (/home/dhanish/fabric_sfc/caliper-bench/node_modules/fabric-common/lib/EventListener.js:124:10)
    at EventService._callTransactionListener (/home/dhanish/fabric_sfc/caliper-bench/node_modules/fabric-common/lib/EventService.js:1051:16)
    at EventService._processTxEvents (/home/dhanish/fabric_sfc/caliper-bench/node_modules/fabric-common/lib/EventService.js:1006:12)
    at ClientDuplexStreamImpl.<anonymous> (/home/dhanish/fabric_sfc/caliper-bench/node_modules/fabric-common/lib/EventService.js:481:12)
    at ClientDuplexStreamImpl.emit (node:events:517:28)
    at addChunk (node:internal/streams/readable:368:12)
    at readableAddChunk (node:internal/streams/readable:341:9) {
  transactionId: '0d08e30043afcff6d39ff6b22df93695c87aaa2209669065b07761632f804017',
  transactionCode: 'MVCC_READ_CONFLICT'
}
2026.08.11-09:20:53.352[31m error[39m [caliper] [connectors/v2/FabricGateway] 	Failed to perform submit transaction [updateFinancierRLOffer] using arguments [User2,{"aprPct":16.8,"tenorDays":21,"ltvPct":70,"penaltyPct":0.5,"modelVersion":"caliper-workload"}],  with error: TransactionError: Commit of transaction 869fc09baf471822b275b40774335a8b6090792d3cb6149767a26b6a9e5f61f7 failed on peer peer0.financiers.example.com:7051 with status MVCC_READ_CONFLICT
    at TransactionEventHandler.eventCallback (/home/dhanish/fabric_sfc/caliper-bench/node_modules/fabric-network/lib/impl/event/transactioneventhandler.js:111:31)
    at CommitListenerSession.notifyListener (/home/dhanish/fabric_sfc/caliper-bench/node_modules/fabric-network/lib/impl/event/commitlistenersession.js:101:18)
    at EventListener.callback (/home/dhanish/fabric_sfc/caliper-bench/node_modules/fabric-network/lib/impl/event/commitlistenersession.js:92:18)
    at EventListener.onEvent (/home/dhanish/fabric_sfc/caliper-bench/node_modules/fabric-common/lib/EventListener.js:124:10)
    at EventService._callTransactionListener (/home/dhanish/fabric_sfc/caliper-bench/node_modules/fabric-common/lib/EventService.js:1051:16)
    at EventService._processTxEvents (/home/dhanish/fabric_sfc/caliper-bench/node_modules/fabric-common/lib/EventService.js:1006:12)
    at ClientDuplexStreamImpl.<anonymous> (/home/dhanish/fabric_sfc/caliper-bench/node_modules/fabric-common/lib/EventService.js:481:12)
    at ClientDuplexStreamImpl.emit (node:events:517:28)
    at addChunk (node:internal/streams/readable:368:12)
    at readableAddChunk (node:internal/streams/readable:341:9)
2026.08.11-09:20:53.352[31m error[39m [caliper] [connectors/v2/FabricGateway] 	Failed to perform submit transaction [updateFinancierRLOffer] using arguments [User2,{"aprPct":14.37,"tenorDays":21,"ltvPct":70,"penaltyPct":0.5,"modelVersion":"caliper-workload"}],  with error: TransactionError: Commit of transaction da3b5995706293ea2ec18519849e4fc6488b54408535902a60bcf79e3d7ed020 failed on peer peer0.financiers.example.com:7051 with status MVCC_READ_CONFLICT
    at TransactionEventHandler.eventCallback (/home/dhanish/fabric_sfc/caliper-bench/node_modules/fabric-network/lib/impl/event/transactioneventhandler.js:111:31)
    at CommitListenerSession.notifyListener (/home/dhanish/fabric_sfc/caliper-bench/node_modules/fabric-network/lib/impl/event/commitlistenersession.js:101:18)
    at EventListener.callback (/home/dhanish/fabric_sfc/caliper-bench/node_modules/fabric-network/lib/impl/event/commitlistenersession.js:92:18)
    at EventListener.onEvent (/home/dhanish/fabric_sfc/caliper-bench/node_modules/fabric-common/lib/EventListener.js:124:10)
    at EventService._callTransactionListener (/home/dhanish/fabric_sfc/caliper-bench/node_modules/fabric-common/lib/EventService.js:1051:16)
    at EventService._processTxEvents (/home/dhanish/fabric_sfc/caliper-bench/node_modules/fabric-common/lib/EventService.js:1006:12)
    at ClientDuplexStreamImpl.<anonymous> (/home/dhanish/fabric_sfc/caliper-bench/node_modules/fabric-common/lib/EventService.js:481:12)
    at ClientDuplexStreamImpl.emit (node:events:517:28)
    at addChunk (node:internal/streams/readable:368:12)
    at readableAddChunk (node:internal/streams/readable:341:9)
2026.08.11-09:20:53.353[31m error[39m [caliper] [connectors/v2/FabricGateway] 	Failed to perform submit transaction [updateFinancierRLOffer] using arguments [User5,{"aprPct":13.19,"tenorDays":21,"ltvPct":70,"penaltyPct":0.5,"modelVersion":"caliper-workload"}],  with error: TransactionError: Commit of transaction 0d08e30043afcff6d39ff6b22df93695c87aaa2209669065b07761632f804017 failed on peer peer0.financiers.example.com:7051 with status MVCC_READ_CONFLICT
    at TransactionEventHandler.eventCallback (/home/dhanish/fabric_sfc/caliper-bench/node_modules/fabric-network/lib/impl/event/transactioneventhandler.js:111:31)
    at CommitListenerSession.notifyListener (/home/dhanish/fabric_sfc/caliper-bench/node_modules/fabric-network/lib/impl/event/commitlistenersession.js:101:18)
    at EventListener.callback (/home/dhanish/fabric_sfc/caliper-bench/node_modules/fabric-network/lib/impl/event/commitlistenersession.js:92:18)
    at EventListener.onEvent (/home/dhanish/fabric_sfc/caliper-bench/node_modules/fabric-common/lib/EventListener.js:124:10)
    at EventService._callTransactionListener (/home/dhanish/fabric_sfc/caliper-bench/node_modules/fabric-common/lib/EventService.js:1051:16)
    at EventService._processTxEvents (/home/dhanish/fabric_sfc/caliper-bench/node_modules/fabric-common/lib/EventService.js:1006:12)
    at ClientDuplexStreamImpl.<anonymous> (/home/dhanish/fabric_sfc/caliper-bench/node_modules/fabric-common/lib/EventService.js:481:12)
    at ClientDuplexStreamImpl.emit (node:events:517:28)
    at addChunk (node:internal/streams/readable:368:12)
    at readableAddChunk (node:internal/streams/readable:341:9)
2026-08-11T09:20:53.353Z - [33mwarn[39m: [TransactionEventHandler]: strategyFail: commit failure for transaction "41b0234703f9b69d705cd6334f8132f607e20d872e03d298f2997c0ed9448bed": TransactionError: Commit of transaction 41b0234703f9b69d705cd6334f8132f607e20d872e03d298f2997c0ed9448bed failed on peer peer0.financiers.example.com:7051 with status MVCC_READ_CONFLICT
    at TransactionEventHandler.eventCallback (/home/dhanish/fabric_sfc/caliper-bench/node_modules/fabric-network/lib/impl/event/transactioneventhandler.js:111:31)
    at CommitListenerSession.notifyListener (/home/dhanish/fabric_sfc/caliper-bench/node_modules/fabric-network/lib/impl/event/commitlistenersession.js:101:18)
    at EventListener.callback (/home/dhanish/fabric_sfc/caliper-bench/node_modules/fabric-network/lib/impl/event/commitlistenersession.js:92:18)
    at EventListener.onEvent (/home/dhanish/fabric_sfc/caliper-bench/node_modules/fabric-common/lib/EventListener.js:124:10)
    at EventService._callTransactionListener (/home/dhanish/fabric_sfc/caliper-bench/node_modules/fabric-common/lib/EventService.js:1051:16)
    at EventService._processTxEvents (/home/dhanish/fabric_sfc/caliper-bench/node_modules/fabric-common/lib/EventService.js:1006:12)
    at ClientDuplexStreamImpl.<anonymous> (/home/dhanish/fabric_sfc/caliper-bench/node_modules/fabric-common/lib/EventService.js:481:12)
    at ClientDuplexStreamImpl.emit (node:events:517:28)
    at addChunk (node:internal/streams/readable:368:12)
    at readableAddChunk (node:internal/streams/readable:341:9) {
  transactionId: '41b0234703f9b69d705cd6334f8132f607e20d872e03d298f2997c0ed9448bed',
  transactionCode: 'MVCC_READ_CONFLICT'
}
2026.08.11-09:20:53.353[31m error[39m [caliper] [connectors/v2/FabricGateway] 	Failed to perform submit transaction [updateFinancierRLOffer] using arguments [User1,{"aprPct":12.61,"tenorDays":14,"ltvPct":70,"penaltyPct":0.5,"modelVersion":"caliper-workload"}],  with error: TransactionError: Commit of transaction 7beee14bc68358096d8b3b08d959dc2d77cd8af0d46fdfce4b6dfd29d8fdcc32 failed on peer peer0.financiers.example.com:7051 with status MVCC_READ_CONFLICT
    at TransactionEventHandler.eventCallback (/home/dhanish/fabric_sfc/caliper-bench/node_modules/fabric-network/lib/impl/event/transactioneventhandler.js:111:31)
    at CommitListenerSession.notifyListener (/home/dhanish/fabric_sfc/caliper-bench/node_modules/fabric-network/lib/impl/event/commitlistenersession.js:101:18)
    at EventListener.callback (/home/dhanish/fabric_sfc/caliper-bench/node_modules/fabric-network/lib/impl/event/commitlistenersession.js:92:18)
    at EventListener.onEvent (/home/dhanish/fabric_sfc/caliper-bench/node_modules/fabric-common/lib/EventListener.js:124:10)
    at EventService._callTransactionListener (/home/dhanish/fabric_sfc/caliper-bench/node_modules/fabric-common/lib/EventService.js:1051:16)
    at EventService._processTxEvents (/home/dhanish/fabric_sfc/caliper-bench/node_modules/fabric-common/lib/EventService.js:1006:12)
    at ClientDuplexStreamImpl.<anonymous> (/home/dhanish/fabric_sfc/caliper-bench/node_modules/fabric-common/lib/EventService.js:481:12)
    at ClientDuplexStreamImpl.emit (node:events:517:28)
    at addChunk (node:internal/streams/readable:368:12)
    at readableAddChunk (node:internal/streams/readable:341:9)
2026.08.11-09:20:53.354[31m error[39m [caliper] [connectors/v2/FabricGateway] 	Failed to perform submit transaction [updateFinancierRLOffer] using arguments [User1,{"aprPct":14.59,"tenorDays":14,"ltvPct":70,"penaltyPct":0.5,"modelVersion":"caliper-workload"}],  with error: TransactionError: Commit of transaction 41b0234703f9b69d705cd6334f8132f607e20d872e03d298f2997c0ed9448bed failed on peer peer0.financiers.example.com:7051 with status MVCC_READ_CONFLICT
    at TransactionEventHandler.eventCallback (/home/dhanish/fabric_sfc/caliper-bench/node_modules/fabric-network/lib/impl/event/transactioneventhandler.js:111:31)
    at CommitListenerSession.notifyListener (/home/dhanish/fabric_sfc/caliper-bench/node_modules/fabric-network/lib/impl/event/commitlistenersession.js:101:18)
    at EventListener.callback (/home/dhanish/fabric_sfc/caliper-bench/node_modules/fabric-network/lib/impl/event/commitlistenersession.js:92:18)
    at EventListener.onEvent (/home/dhanish/fabric_sfc/caliper-bench/node_modules/fabric-common/lib/EventListener.js:124:10)
    at EventService._callTransactionListener (/home/dhanish/fabric_sfc/caliper-bench/node_modules/fabric-common/lib/EventService.js:1051:16)
    at EventService._processTxEvents (/home/dhanish/fabric_sfc/caliper-bench/node_modules/fabric-common/lib/EventService.js:1006:12)
    at ClientDuplexStreamImpl.<anonymous> (/home/dhanish/fabric_sfc/caliper-bench/node_modules/fabric-common/lib/EventService.js:481:12)
    at ClientDuplexStreamImpl.emit (node:events:517:28)
    at addChunk (node:internal/streams/readable:368:12)
    at readableAddChunk (node:internal/streams/readable:341:9)
2026-08-11T09:20:53.381Z - [33mwarn[39m: [TransactionEventHandler]: strategyFail: commit failure for transaction "2059a56fc276eedb360d4ef3cd5f8d22e29cbeca2b0f8e29ba3df94f0078f8c7": TransactionError: Commit of transaction 2059a56fc276eedb360d4ef3cd5f8d22e29cbeca2b0f8e29ba3df94f0078f8c7 failed on peer peer0.financiers.example.com:7051 with status MVCC_READ_CONFLICT
    at TransactionEventHandler.eventCallback (/home/dhanish/fabric_sfc/caliper-bench/node_modules/fabric-network/lib/impl/event/transactioneventhandler.js:111:31)
    at CommitListenerSession.notifyListener (/home/dhanish/fabric_sfc/caliper-bench/node_modules/fabric-network/lib/impl/event/commitlistenersession.js:101:18)
    at EventListener.callback (/home/dhanish/fabric_sfc/caliper-bench/node_modules/fabric-network/lib/impl/event/commitlistenersession.js:92:18)
    at EventListener.onEvent (/home/dhanish/fabric_sfc/caliper-bench/node_modules/fabric-common/lib/EventListener.js:124:10)
    at EventService._callTransactionListener (/home/dhanish/fabric_sfc/caliper-bench/node_modules/fabric-common/lib/EventService.js:1051:16)
    at EventService._processTxEvents (/home/dhanish/fabric_sfc/caliper-bench/node_modules/fabric-common/lib/EventService.js:1006:12)
    at ClientDuplexStreamImpl.<anonymous> (/home/dhanish/fabric_sfc/caliper-bench/node_modules/fabric-common/lib/EventService.js:481:12)
    at ClientDuplexStreamImpl.emit (node:events:517:28)
    at addChunk (node:internal/streams/readable:368:12)
    at readableAddChunk (node:internal/streams/readable:341:9) {
  transactionId: '2059a56fc276eedb360d4ef3cd5f8d22e29cbeca2b0f8e29ba3df94f0078f8c7',
  transactionCode: 'MVCC_READ_CONFLICT'
}
2026-08-11T09:20:53.382Z - [33mwarn[39m: [TransactionEventHandler]: strategyFail: commit failure for transaction "d6d4173eb6366c4bc332c05dc11f16a350012f1268c650fb5130f7cfa0dfb8b6": TransactionError: Commit of transaction d6d4173eb6366c4bc332c05dc11f16a350012f1268c650fb5130f7cfa0dfb8b6 failed on peer peer0.financiers.example.com:7051 with status MVCC_READ_CONFLICT
    at TransactionEventHandler.eventCallback (/home/dhanish/fabric_sfc/caliper-bench/node_modules/fabric-network/lib/impl/event/transactioneventhandler.js:111:31)
    at CommitListenerSession.notifyListener (/home/dhanish/fabric_sfc/caliper-bench/node_modules/fabric-network/lib/impl/event/commitlistenersession.js:101:18)
    at EventListener.callback (/home/dhanish/fabric_sfc/caliper-bench/node_modules/fabric-network/lib/impl/event/commitlistenersession.js:92:18)
    at EventListener.onEvent (/home/dhanish/fabric_sfc/caliper-bench/node_modules/fabric-common/lib/EventListener.js:124:10)
    at EventService._callTransactionListener (/home/dhanish/fabric_sfc/caliper-bench/node_modules/fabric-common/lib/EventService.js:1051:16)
    at EventService._processTxEvents (/home/dhanish/fabric_sfc/caliper-bench/node_modules/fabric-common/lib/EventService.js:1006:12)
    at ClientDuplexStreamImpl.<anonymous> (/home/dhanish/fabric_sfc/caliper-bench/node_modules/fabric-common/lib/EventService.js:481:12)
    at ClientDuplexStreamImpl.emit (node:events:517:28)
    at addChunk (node:internal/streams/readable:368:12)
    at readableAddChunk (node:internal/streams/readable:341:9) {
  transactionId: 'd6d4173eb6366c4bc332c05dc11f16a350012f1268c650fb5130f7cfa0dfb8b6',
  transactionCode: 'MVCC_READ_CONFLICT'
}
2026-08-11T09:20:53.382Z - [33mwarn[39m: [TransactionEventHandler]: strategyFail: commit failure for transaction "d3a962a7deb4e43bb4a78dec8b6764ab86c062dff79bea7ecd10811732a2ba42": TransactionError: Commit of transaction d3a962a7deb4e43bb4a78dec8b6764ab86c062dff79bea7ecd10811732a2ba42 failed on peer peer0.financiers.example.com:7051 with status MVCC_READ_CONFLICT
    at TransactionEventHandler.eventCallback (/home/dhanish/fabric_sfc/caliper-bench/node_modules/fabric-network/lib/impl/event/transactioneventhandler.js:111:31)
    at CommitListenerSession.notifyListener (/home/dhanish/fabric_sfc/caliper-bench/node_modules/fabric-network/lib/impl/event/commitlistenersession.js:101:18)
    at EventListener.callback (/home/dhanish/fabric_sfc/caliper-bench/node_modules/fabric-network/lib/impl/event/commitlistenersession.js:92:18)
    at EventListener.onEvent (/home/dhanish/fabric_sfc/caliper-bench/node_modules/fabric-common/lib/EventListener.js:124:10)
    at EventService._callTransactionListener (/home/dhanish/fabric_sfc/caliper-bench/node_modules/fabric-common/lib/EventService.js:1051:16)
    at EventService._processTxEvents (/home/dhanish/fabric_sfc/caliper-bench/node_modules/fabric-common/lib/EventService.js:1006:12)
    at ClientDuplexStreamImpl.<anonymous> (/home/dhanish/fabric_sfc/caliper-bench/node_modules/fabric-common/lib/EventService.js:481:12)
    at ClientDuplexStreamImpl.emit (node:events:517:28)
    at addChunk (node:internal/streams/readable:368:12)
    at readableAddChunk (node:internal/streams/readable:341:9) {
  transactionId: 'd3a962a7deb4e43bb4a78dec8b6764ab86c062dff79bea7ecd10811732a2ba42',
  transactionCode: 'MVCC_READ_CONFLICT'
}
2026-08-11T09:20:53.382Z - [33mwarn[39m: [TransactionEventHandler]: strategyFail: commit failure for transaction "1fcd9b21ecf1c2193f2204ca49b1fb80dc9d1aefee241999cec94518233baa5c": TransactionError: Commit of transaction 1fcd9b21ecf1c2193f2204ca49b1fb80dc9d1aefee241999cec94518233baa5c failed on peer peer0.financiers.example.com:7051 with status MVCC_READ_CONFLICT
    at TransactionEventHandler.eventCallback (/home/dhanish/fabric_sfc/caliper-bench/node_modules/fabric-network/lib/impl/event/transactioneventhandler.js:111:31)
    at CommitListenerSession.notifyListener (/home/dhanish/fabric_sfc/caliper-bench/node_modules/fabric-network/lib/impl/event/commitlistenersession.js:101:18)
    at EventListener.callback (/home/dhanish/fabric_sfc/caliper-bench/node_modules/fabric-network/lib/impl/event/commitlistenersession.js:92:18)
    at EventListener.onEvent (/home/dhanish/fabric_sfc/caliper-bench/node_modules/fabric-common/lib/EventListener.js:124:10)
    at EventService._callTransactionListener (/home/dhanish/fabric_sfc/caliper-bench/node_modules/fabric-common/lib/EventService.js:1051:16)
    at EventService._processTxEvents (/home/dhanish/fabric_sfc/caliper-bench/node_modules/fabric-common/lib/EventService.js:1006:12)
    at ClientDuplexStreamImpl.<anonymous> (/home/dhanish/fabric_sfc/caliper-bench/node_modules/fabric-common/lib/EventService.js:481:12)
    at ClientDuplexStreamImpl.emit (node:events:517:28)
    at addChunk (node:internal/streams/readable:368:12)
    at readableAddChunk (node:internal/streams/readable:341:9) {
  transactionId: '1fcd9b21ecf1c2193f2204ca49b1fb80dc9d1aefee241999cec94518233baa5c',
  transactionCode: 'MVCC_READ_CONFLICT'
}
2026.08.11-09:20:53.382[31m error[39m [caliper] [connectors/v2/FabricGateway] 	Failed to perform submit transaction [updateFinancierRLOffer] using arguments [User5,{"aprPct":12.61,"tenorDays":21,"ltvPct":70,"penaltyPct":0.5,"modelVersion":"caliper-workload"}],  with error: TransactionError: Commit of transaction d3a962a7deb4e43bb4a78dec8b6764ab86c062dff79bea7ecd10811732a2ba42 failed on peer peer0.financiers.example.com:7051 with status MVCC_READ_CONFLICT
    at TransactionEventHandler.eventCallback (/home/dhanish/fabric_sfc/caliper-bench/node_modules/fabric-network/lib/impl/event/transactioneventhandler.js:111:31)
    at CommitListenerSession.notifyListener (/home/dhanish/fabric_sfc/caliper-bench/node_modules/fabric-network/lib/impl/event/commitlistenersession.js:101:18)
    at EventListener.callback (/home/dhanish/fabric_sfc/caliper-bench/node_modules/fabric-network/lib/impl/event/commitlistenersession.js:92:18)
    at EventListener.onEvent (/home/dhanish/fabric_sfc/caliper-bench/node_modules/fabric-common/lib/EventListener.js:124:10)
    at EventService._callTransactionListener (/home/dhanish/fabric_sfc/caliper-bench/node_modules/fabric-common/lib/EventService.js:1051:16)
    at EventService._processTxEvents (/home/dhanish/fabric_sfc/caliper-bench/node_modules/fabric-common/lib/EventService.js:1006:12)
    at ClientDuplexStreamImpl.<anonymous> (/home/dhanish/fabric_sfc/caliper-bench/node_modules/fabric-common/lib/EventService.js:481:12)
    at ClientDuplexStreamImpl.emit (node:events:517:28)
    at addChunk (node:internal/streams/readable:368:12)
    at readableAddChunk (node:internal/streams/readable:341:9)
2026-08-11T09:20:53.383Z - [33mwarn[39m: [TransactionEventHandler]: strategyFail: commit failure for transaction "65e819a9b94c6d873da6ae6aafe649b56127906f4a475c713a5d1c936b4e83a6": TransactionError: Commit of transaction 65e819a9b94c6d873da6ae6aafe649b56127906f4a475c713a5d1c936b4e83a6 failed on peer peer0.financiers.example.com:7051 with status MVCC_READ_CONFLICT
    at TransactionEventHandler.eventCallback (/home/dhanish/fabric_sfc/caliper-bench/node_modules/fabric-network/lib/impl/event/transactioneventhandler.js:111:31)
    at CommitListenerSession.notifyListener (/home/dhanish/fabric_sfc/caliper-bench/node_modules/fabric-network/lib/impl/event/commitlistenersession.js:101:18)
    at EventListener.callback (/home/dhanish/fabric_sfc/caliper-bench/node_modules/fabric-network/lib/impl/event/commitlistenersession.js:92:18)
    at EventListener.onEvent (/home/dhanish/fabric_sfc/caliper-bench/node_modules/fabric-common/lib/EventListener.js:124:10)
    at EventService._callTransactionListener (/home/dhanish/fabric_sfc/caliper-bench/node_modules/fabric-common/lib/EventService.js:1051:16)
    at EventService._processTxEvents (/home/dhanish/fabric_sfc/caliper-bench/node_modules/fabric-common/lib/EventService.js:1006:12)
    at ClientDuplexStreamImpl.<anonymous> (/home/dhanish/fabric_sfc/caliper-bench/node_modules/fabric-common/lib/EventService.js:481:12)
    at ClientDuplexStreamImpl.emit (node:events:517:28)
    at addChunk (node:internal/streams/readable:368:12)
    at readableAddChunk (node:internal/streams/readable:341:9) {
  transactionId: '65e819a9b94c6d873da6ae6aafe649b56127906f4a475c713a5d1c936b4e83a6',
  transactionCode: 'MVCC_READ_CONFLICT'
}
2026-08-11T09:20:53.383Z - [33mwarn[39m: [TransactionEventHandler]: strategyFail: commit failure for transaction "f8697c10e00610b886c2d63f2df76e39ddf8604ee891a575bcefe4a7d0c46f9c": TransactionError: Commit of transaction f8697c10e00610b886c2d63f2df76e39ddf8604ee891a575bcefe4a7d0c46f9c failed on peer peer0.financiers.example.com:7051 with status MVCC_READ_CONFLICT
    at TransactionEventHandler.eventCallback (/home/dhanish/fabric_sfc/caliper-bench/node_modules/fabric-network/lib/impl/event/transactioneventhandler.js:111:31)
    at CommitListenerSession.notifyListener (/home/dhanish/fabric_sfc/caliper-bench/node_modules/fabric-network/lib/impl/event/commitlistenersession.js:101:18)
    at EventListener.callback (/home/dhanish/fabric_sfc/caliper-bench/node_modules/fabric-network/lib/impl/event/commitlistenersession.js:92:18)
    at EventListener.onEvent (/home/dhanish/fabric_sfc/caliper-bench/node_modules/fabric-common/lib/EventListener.js:124:10)
    at EventService._callTransactionListener (/home/dhanish/fabric_sfc/caliper-bench/node_modules/fabric-common/lib/EventService.js:1051:16)
    at EventService._processTxEvents (/home/dhanish/fabric_sfc/caliper-bench/node_modules/fabric-common/lib/EventService.js:1006:12)
    at ClientDuplexStreamImpl.<anonymous> (/home/dhanish/fabric_sfc/caliper-bench/node_modules/fabric-common/lib/EventService.js:481:12)
    at ClientDuplexStreamImpl.emit (node:events:517:28)
    at addChunk (node:internal/streams/readable:368:12)
    at readableAddChunk (node:internal/streams/readable:341:9) {
  transactionId: 'f8697c10e00610b886c2d63f2df76e39ddf8604ee891a575bcefe4a7d0c46f9c',
  transactionCode: 'MVCC_READ_CONFLICT'
}
2026.08.11-09:20:53.383[31m error[39m [caliper] [connectors/v2/FabricGateway] 	Failed to perform submit transaction [updateFinancierRLOffer] using arguments [User4,{"aprPct":14.63,"tenorDays":14,"ltvPct":70,"penaltyPct":0.5,"modelVersion":"caliper-workload"}],  with error: TransactionError: Commit of transaction d6d4173eb6366c4bc332c05dc11f16a350012f1268c650fb5130f7cfa0dfb8b6 failed on peer peer0.financiers.example.com:7051 with status MVCC_READ_CONFLICT
    at TransactionEventHandler.eventCallback (/home/dhanish/fabric_sfc/caliper-bench/node_modules/fabric-network/lib/impl/event/transactioneventhandler.js:111:31)
    at CommitListenerSession.notifyListener (/home/dhanish/fabric_sfc/caliper-bench/node_modules/fabric-network/lib/impl/event/commitlistenersession.js:101:18)
    at EventListener.callback (/home/dhanish/fabric_sfc/caliper-bench/node_modules/fabric-network/lib/impl/event/commitlistenersession.js:92:18)
    at EventListener.onEvent (/home/dhanish/fabric_sfc/caliper-bench/node_modules/fabric-common/lib/EventListener.js:124:10)
    at EventService._callTransactionListener (/home/dhanish/fabric_sfc/caliper-bench/node_modules/fabric-common/lib/EventService.js:1051:16)
    at EventService._processTxEvents (/home/dhanish/fabric_sfc/caliper-bench/node_modules/fabric-common/lib/EventService.js:1006:12)
    at ClientDuplexStreamImpl.<anonymous> (/home/dhanish/fabric_sfc/caliper-bench/node_modules/fabric-common/lib/EventService.js:481:12)
    at ClientDuplexStreamImpl.emit (node:events:517:28)
    at addChunk (node:internal/streams/readable:368:12)
    at readableAddChunk (node:internal/streams/readable:341:9)
2026.08.11-09:20:53.384[31m error[39m [caliper] [connectors/v2/FabricGateway] 	Failed to perform submit transaction [updateFinancierRLOffer] using arguments [User4,{"aprPct":12.95,"tenorDays":14,"ltvPct":70,"penaltyPct":0.5,"modelVersion":"caliper-workload"}],  with error: TransactionError: Commit of transaction 65e819a9b94c6d873da6ae6aafe649b56127906f4a475c713a5d1c936b4e83a6 failed on peer peer0.financiers.example.com:7051 with status MVCC_READ_CONFLICT
    at TransactionEventHandler.eventCallback (/home/dhanish/fabric_sfc/caliper-bench/node_modules/fabric-network/lib/impl/event/transactioneventhandler.js:111:31)
    at CommitListenerSession.notifyListener (/home/dhanish/fabric_sfc/caliper-bench/node_modules/fabric-network/lib/impl/event/commitlistenersession.js:101:18)
    at EventListener.callback (/home/dhanish/fabric_sfc/caliper-bench/node_modules/fabric-network/lib/impl/event/commitlistenersession.js:92:18)
    at EventListener.onEvent (/home/dhanish/fabric_sfc/caliper-bench/node_modules/fabric-common/lib/EventListener.js:124:10)
    at EventService._callTransactionListener (/home/dhanish/fabric_sfc/caliper-bench/node_modules/fabric-common/lib/EventService.js:1051:16)
    at EventService._processTxEvents (/home/dhanish/fabric_sfc/caliper-bench/node_modules/fabric-common/lib/EventService.js:1006:12)
    at ClientDuplexStreamImpl.<anonymous> (/home/dhanish/fabric_sfc/caliper-bench/node_modules/fabric-common/lib/EventService.js:481:12)
    at ClientDuplexStreamImpl.emit (node:events:517:28)
    at addChunk (node:internal/streams/readable:368:12)
    at readableAddChunk (node:internal/streams/readable:341:9)
2026-08-11T09:20:53.384Z - [33mwarn[39m: [TransactionEventHandler]: strategyFail: commit failure for transaction "2166ffbb1500188ff3f8cce587087430e3e7dac12b178667c524ac156f3271c3": TransactionError: Commit of transaction 2166ffbb1500188ff3f8cce587087430e3e7dac12b178667c524ac156f3271c3 failed on peer peer0.financiers.example.com:7051 with status MVCC_READ_CONFLICT
    at TransactionEventHandler.eventCallback (/home/dhanish/fabric_sfc/caliper-bench/node_modules/fabric-network/lib/impl/event/transactioneventhandler.js:111:31)
    at CommitListenerSession.notifyListener (/home/dhanish/fabric_sfc/caliper-bench/node_modules/fabric-network/lib/impl/event/commitlistenersession.js:101:18)
    at EventListener.callback (/home/dhanish/fabric_sfc/caliper-bench/node_modules/fabric-network/lib/impl/event/commitlistenersession.js:92:18)
    at EventListener.onEvent (/home/dhanish/fabric_sfc/caliper-bench/node_modules/fabric-common/lib/EventListener.js:124:10)
    at EventService._callTransactionListener (/home/dhanish/fabric_sfc/caliper-bench/node_modules/fabric-common/lib/EventService.js:1051:16)
    at EventService._processTxEvents (/home/dhanish/fabric_sfc/caliper-bench/node_modules/fabric-common/lib/EventService.js:1006:12)
    at ClientDuplexStreamImpl.<anonymous> (/home/dhanish/fabric_sfc/caliper-bench/node_modules/fabric-common/lib/EventService.js:481:12)
    at ClientDuplexStreamImpl.emit (node:events:517:28)
    at addChunk (node:internal/streams/readable:368:12)
    at readableAddChunk (node:internal/streams/readable:341:9) {
  transactionId: '2166ffbb1500188ff3f8cce587087430e3e7dac12b178667c524ac156f3271c3',
  transactionCode: 'MVCC_READ_CONFLICT'
}
2026.08.11-09:20:53.384[31m error[39m [caliper] [connectors/v2/FabricGateway] 	Failed to perform submit transaction [updateFinancierRLOffer] using arguments [User2,{"aprPct":15.71,"tenorDays":21,"ltvPct":70,"penaltyPct":0.5,"modelVersion":"caliper-workload"}],  with error: TransactionError: Commit of transaction 1fcd9b21ecf1c2193f2204ca49b1fb80dc9d1aefee241999cec94518233baa5c failed on peer peer0.financiers.example.com:7051 with status MVCC_READ_CONFLICT
    at TransactionEventHandler.eventCallback (/home/dhanish/fabric_sfc/caliper-bench/node_modules/fabric-network/lib/impl/event/transactioneventhandler.js:111:31)
    at CommitListenerSession.notifyListener (/home/dhanish/fabric_sfc/caliper-bench/node_modules/fabric-network/lib/impl/event/commitlistenersession.js:101:18)
    at EventListener.callback (/home/dhanish/fabric_sfc/caliper-bench/node_modules/fabric-network/lib/impl/event/commitlistenersession.js:92:18)
    at EventListener.onEvent (/home/dhanish/fabric_sfc/caliper-bench/node_modules/fabric-common/lib/EventListener.js:124:10)
    at EventService._callTransactionListener (/home/dhanish/fabric_sfc/caliper-bench/node_modules/fabric-common/lib/EventService.js:1051:16)
    at EventService._processTxEvents (/home/dhanish/fabric_sfc/caliper-bench/node_modules/fabric-common/lib/EventService.js:1006:12)
    at ClientDuplexStreamImpl.<anonymous> (/home/dhanish/fabric_sfc/caliper-bench/node_modules/fabric-common/lib/EventService.js:481:12)
    at ClientDuplexStreamImpl.emit (node:events:517:28)
    at addChunk (node:internal/streams/readable:368:12)
    at readableAddChunk (node:internal/streams/readable:341:9)
2026.08.11-09:20:53.384[31m error[39m [caliper] [connectors/v2/FabricGateway] 	Failed to perform submit transaction [updateFinancierRLOffer] using arguments [User2,{"aprPct":12.52,"tenorDays":21,"ltvPct":70,"penaltyPct":0.5,"modelVersion":"caliper-workload"}],  with error: TransactionError: Commit of transaction f8697c10e00610b886c2d63f2df76e39ddf8604ee891a575bcefe4a7d0c46f9c failed on peer peer0.financiers.example.com:7051 with status MVCC_READ_CONFLICT
    at TransactionEventHandler.eventCallback (/home/dhanish/fabric_sfc/caliper-bench/node_modules/fabric-network/lib/impl/event/transactioneventhandler.js:111:31)
    at CommitListenerSession.notifyListener (/home/dhanish/fabric_sfc/caliper-bench/node_modules/fabric-network/lib/impl/event/commitlistenersession.js:101:18)
    at EventListener.callback (/home/dhanish/fabric_sfc/caliper-bench/node_modules/fabric-network/lib/impl/event/commitlistenersession.js:92:18)
    at EventListener.onEvent (/home/dhanish/fabric_sfc/caliper-bench/node_modules/fabric-common/lib/EventListener.js:124:10)
    at EventService._callTransactionListener (/home/dhanish/fabric_sfc/caliper-bench/node_modules/fabric-common/lib/EventService.js:1051:16)
    at EventService._processTxEvents (/home/dhanish/fabric_sfc/caliper-bench/node_modules/fabric-common/lib/EventService.js:1006:12)
    at ClientDuplexStreamImpl.<anonymous> (/home/dhanish/fabric_sfc/caliper-bench/node_modules/fabric-common/lib/EventService.js:481:12)
    at ClientDuplexStreamImpl.emit (node:events:517:28)
    at addChunk (node:internal/streams/readable:368:12)
    at readableAddChunk (node:internal/streams/readable:341:9)
2026-08-11T09:20:53.385Z - [33mwarn[39m: [TransactionEventHandler]: strategyFail: commit failure for transaction "d8be608b222b75e5412e76ce7a52c0468d3d79591bc234895b7c68bc2e13ec5f": TransactionError: Commit of transaction d8be608b222b75e5412e76ce7a52c0468d3d79591bc234895b7c68bc2e13ec5f failed on peer peer0.financiers.example.com:7051 with status MVCC_READ_CONFLICT
    at TransactionEventHandler.eventCallback (/home/dhanish/fabric_sfc/caliper-bench/node_modules/fabric-network/lib/impl/event/transactioneventhandler.js:111:31)
    at CommitListenerSession.notifyListener (/home/dhanish/fabric_sfc/caliper-bench/node_modules/fabric-network/lib/impl/event/commitlistenersession.js:101:18)
    at EventListener.callback (/home/dhanish/fabric_sfc/caliper-bench/node_modules/fabric-network/lib/impl/event/commitlistenersession.js:92:18)
    at EventListener.onEvent (/home/dhanish/fabric_sfc/caliper-bench/node_modules/fabric-common/lib/EventListener.js:124:10)
    at EventService._callTransactionListener (/home/dhanish/fabric_sfc/caliper-bench/node_modules/fabric-common/lib/EventService.js:1051:16)
    at EventService._processTxEvents (/home/dhanish/fabric_sfc/caliper-bench/node_modules/fabric-common/lib/EventService.js:1006:12)
    at ClientDuplexStreamImpl.<anonymous> (/home/dhanish/fabric_sfc/caliper-bench/node_modules/fabric-common/lib/EventService.js:481:12)
    at ClientDuplexStreamImpl.emit (node:events:517:28)
    at addChunk (node:internal/streams/readable:368:12)
    at readableAddChunk (node:internal/streams/readable:341:9) {
  transactionId: 'd8be608b222b75e5412e76ce7a52c0468d3d79591bc234895b7c68bc2e13ec5f',
  transactionCode: 'MVCC_READ_CONFLICT'
}
2026.08.11-09:20:53.385[31m error[39m [caliper] [connectors/v2/FabricGateway] 	Failed to perform submit transaction [updateFinancierRLOffer] using arguments [User1,{"aprPct":12.43,"tenorDays":14,"ltvPct":70,"penaltyPct":0.5,"modelVersion":"caliper-workload"}],  with error: TransactionError: Commit of transaction 2166ffbb1500188ff3f8cce587087430e3e7dac12b178667c524ac156f3271c3 failed on peer peer0.financiers.example.com:7051 with status MVCC_READ_CONFLICT
    at TransactionEventHandler.eventCallback (/home/dhanish/fabric_sfc/caliper-bench/node_modules/fabric-network/lib/impl/event/transactioneventhandler.js:111:31)
    at CommitListenerSession.notifyListener (/home/dhanish/fabric_sfc/caliper-bench/node_modules/fabric-network/lib/impl/event/commitlistenersession.js:101:18)
    at EventListener.callback (/home/dhanish/fabric_sfc/caliper-bench/node_modules/fabric-network/lib/impl/event/commitlistenersession.js:92:18)
    at EventListener.onEvent (/home/dhanish/fabric_sfc/caliper-bench/node_modules/fabric-common/lib/EventListener.js:124:10)
    at EventService._callTransactionListener (/home/dhanish/fabric_sfc/caliper-bench/node_modules/fabric-common/lib/EventService.js:1051:16)
    at EventService._processTxEvents (/home/dhanish/fabric_sfc/caliper-bench/node_modules/fabric-common/lib/EventService.js:1006:12)
    at ClientDuplexStreamImpl.<anonymous> (/home/dhanish/fabric_sfc/caliper-bench/node_modules/fabric-common/lib/EventService.js:481:12)
    at ClientDuplexStreamImpl.emit (node:events:517:28)
    at addChunk (node:internal/streams/readable:368:12)
    at readableAddChunk (node:internal/streams/readable:341:9)
2026.08.11-09:20:53.385[31m error[39m [caliper] [connectors/v2/FabricGateway] 	Failed to perform submit transaction [updateFinancierRLOffer] using arguments [User1,{"aprPct":16.66,"tenorDays":14,"ltvPct":70,"penaltyPct":0.5,"modelVersion":"caliper-workload"}],  with error: TransactionError: Commit of transaction d8be608b222b75e5412e76ce7a52c0468d3d79591bc234895b7c68bc2e13ec5f failed on peer peer0.financiers.example.com:7051 with status MVCC_READ_CONFLICT
    at TransactionEventHandler.eventCallback (/home/dhanish/fabric_sfc/caliper-bench/node_modules/fabric-network/lib/impl/event/transactioneventhandler.js:111:31)
    at CommitListenerSession.notifyListener (/home/dhanish/fabric_sfc/caliper-bench/node_modules/fabric-network/lib/impl/event/commitlistenersession.js:101:18)
    at EventListener.callback (/home/dhanish/fabric_sfc/caliper-bench/node_modules/fabric-network/lib/impl/event/commitlistenersession.js:92:18)
    at EventListener.onEvent (/home/dhanish/fabric_sfc/caliper-bench/node_modules/fabric-common/lib/EventListener.js:124:10)
    at EventService._callTransactionListener (/home/dhanish/fabric_sfc/caliper-bench/node_modules/fabric-common/lib/EventService.js:1051:16)
    at EventService._processTxEvents (/home/dhanish/fabric_sfc/caliper-bench/node_modules/fabric-common/lib/EventService.js:1006:12)
    at ClientDuplexStreamImpl.<anonymous> (/home/dhanish/fabric_sfc/caliper-bench/node_modules/fabric-common/lib/EventService.js:481:12)
    at ClientDuplexStreamImpl.emit (node:events:517:28)
    at addChunk (node:internal/streams/readable:368:12)
    at readableAddChunk (node:internal/streams/readable:341:9)
2026-08-11T09:20:53.387Z - [33mwarn[39m: [TransactionEventHandler]: strategyFail: commit failure for transaction "ddf843105648f038426c60a448bfc5f61d9af79b99f522aadca6935f63d884b4": TransactionError: Commit of transaction ddf843105648f038426c60a448bfc5f61d9af79b99f522aadca6935f63d884b4 failed on peer peer0.financiers.example.com:7051 with status MVCC_READ_CONFLICT
    at TransactionEventHandler.eventCallback (/home/dhanish/fabric_sfc/caliper-bench/node_modules/fabric-network/lib/impl/event/transactioneventhandler.js:111:31)
    at CommitListenerSession.notifyListener (/home/dhanish/fabric_sfc/caliper-bench/node_modules/fabric-network/lib/impl/event/commitlistenersession.js:101:18)
    at EventListener.callback (/home/dhanish/fabric_sfc/caliper-bench/node_modules/fabric-network/lib/impl/event/commitlistenersession.js:92:18)
    at EventListener.onEvent (/home/dhanish/fabric_sfc/caliper-bench/node_modules/fabric-common/lib/EventListener.js:124:10)
    at EventService._callTransactionListener (/home/dhanish/fabric_sfc/caliper-bench/node_modules/fabric-common/lib/EventService.js:1051:16)
    at EventService._processTxEvents (/home/dhanish/fabric_sfc/caliper-bench/node_modules/fabric-common/lib/EventService.js:1006:12)
    at ClientDuplexStreamImpl.<anonymous> (/home/dhanish/fabric_sfc/caliper-bench/node_modules/fabric-common/lib/EventService.js:481:12)
    at ClientDuplexStreamImpl.emit (node:events:517:28)
    at addChunk (node:internal/streams/readable:368:12)
    at readableAddChunk (node:internal/streams/readable:341:9) {
  transactionId: 'ddf843105648f038426c60a448bfc5f61d9af79b99f522aadca6935f63d884b4',
  transactionCode: 'MVCC_READ_CONFLICT'
}
2026.08.11-09:20:53.388[31m error[39m [caliper] [connectors/v2/FabricGateway] 	Failed to perform submit transaction [updateFinancierRLOffer] using arguments [User3,{"aprPct":17.11,"tenorDays":28,"ltvPct":70,"penaltyPct":0.5,"modelVersion":"caliper-workload"}],  with error: TransactionError: Commit of transaction 2059a56fc276eedb360d4ef3cd5f8d22e29cbeca2b0f8e29ba3df94f0078f8c7 failed on peer peer0.financiers.example.com:7051 with status MVCC_READ_CONFLICT
    at TransactionEventHandler.eventCallback (/home/dhanish/fabric_sfc/caliper-bench/node_modules/fabric-network/lib/impl/event/transactioneventhandler.js:111:31)
    at CommitListenerSession.notifyListener (/home/dhanish/fabric_sfc/caliper-bench/node_modules/fabric-network/lib/impl/event/commitlistenersession.js:101:18)
    at EventListener.callback (/home/dhanish/fabric_sfc/caliper-bench/node_modules/fabric-network/lib/impl/event/commitlistenersession.js:92:18)
    at EventListener.onEvent (/home/dhanish/fabric_sfc/caliper-bench/node_modules/fabric-common/lib/EventListener.js:124:10)
    at EventService._callTransactionListener (/home/dhanish/fabric_sfc/caliper-bench/node_modules/fabric-common/lib/EventService.js:1051:16)
    at EventService._processTxEvents (/home/dhanish/fabric_sfc/caliper-bench/node_modules/fabric-common/lib/EventService.js:1006:12)
    at ClientDuplexStreamImpl.<anonymous> (/home/dhanish/fabric_sfc/caliper-bench/node_modules/fabric-common/lib/EventService.js:481:12)
    at ClientDuplexStreamImpl.emit (node:events:517:28)
    at addChunk (node:internal/streams/readable:368:12)
    at readableAddChunk (node:internal/streams/readable:341:9)
2026.08.11-09:20:53.388[31m error[39m [caliper] [connectors/v2/FabricGateway] 	Failed to perform submit transaction [updateFinancierRLOffer] using arguments [User3,{"aprPct":13.87,"tenorDays":28,"ltvPct":70,"penaltyPct":0.5,"modelVersion":"caliper-workload"}],  with error: TransactionError: Commit of transaction ddf843105648f038426c60a448bfc5f61d9af79b99f522aadca6935f63d884b4 failed on peer peer0.financiers.example.com:7051 with status MVCC_READ_CONFLICT
    at TransactionEventHandler.eventCallback (/home/dhanish/fabric_sfc/caliper-bench/node_modules/fabric-network/lib/impl/event/transactioneventhandler.js:111:31)
    at CommitListenerSession.notifyListener (/home/dhanish/fabric_sfc/caliper-bench/node_modules/fabric-network/lib/impl/event/commitlistenersession.js:101:18)
    at EventListener.callback (/home/dhanish/fabric_sfc/caliper-bench/node_modules/fabric-network/lib/impl/event/commitlistenersession.js:92:18)
    at EventListener.onEvent (/home/dhanish/fabric_sfc/caliper-bench/node_modules/fabric-common/lib/EventListener.js:124:10)
    at EventService._callTransactionListener (/home/dhanish/fabric_sfc/caliper-bench/node_modules/fabric-common/lib/EventService.js:1051:16)
    at EventService._processTxEvents (/home/dhanish/fabric_sfc/caliper-bench/node_modules/fabric-common/lib/EventService.js:1006:12)
    at ClientDuplexStreamImpl.<anonymous> (/home/dhanish/fabric_sfc/caliper-bench/node_modules/fabric-common/lib/EventService.js:481:12)
    at ClientDuplexStreamImpl.emit (node:events:517:28)
    at addChunk (node:internal/streams/readable:368:12)
    at readableAddChunk (node:internal/streams/readable:341:9)
2026-08-11T09:20:53.413Z - [33mwarn[39m: [TransactionEventHandler]: strategyFail: commit failure for transaction "e0911eb23f59b93e55813af6d3ed9178011d66751ee2d92ea47c19c69f31005e": TransactionError: Commit of transaction e0911eb23f59b93e55813af6d3ed9178011d66751ee2d92ea47c19c69f31005e failed on peer peer0.financiers.example.com:7051 with status MVCC_READ_CONFLICT
    at TransactionEventHandler.eventCallback (/home/dhanish/fabric_sfc/caliper-bench/node_modules/fabric-network/lib/impl/event/transactioneventhandler.js:111:31)
    at CommitListenerSession.notifyListener (/home/dhanish/fabric_sfc/caliper-bench/node_modules/fabric-network/lib/impl/event/commitlistenersession.js:101:18)
    at EventListener.callback (/home/dhanish/fabric_sfc/caliper-bench/node_modules/fabric-network/lib/impl/event/commitlistenersession.js:92:18)
    at EventListener.onEvent (/home/dhanish/fabric_sfc/caliper-bench/node_modules/fabric-common/lib/EventListener.js:124:10)
    at EventService._callTransactionListener (/home/dhanish/fabric_sfc/caliper-bench/node_modules/fabric-common/lib/EventService.js:1051:16)
    at EventService._processTxEvents (/home/dhanish/fabric_sfc/caliper-bench/node_modules/fabric-common/lib/EventService.js:1006:12)
    at ClientDuplexStreamImpl.<anonymous> (/home/dhanish/fabric_sfc/caliper-bench/node_modules/fabric-common/lib/EventService.js:481:12)
    at ClientDuplexStreamImpl.emit (node:events:517:28)
    at addChunk (node:internal/streams/readable:368:12)
    at readableAddChunk (node:internal/streams/readable:341:9) {
  transactionId: 'e0911eb23f59b93e55813af6d3ed9178011d66751ee2d92ea47c19c69f31005e',
  transactionCode: 'MVCC_READ_CONFLICT'
}
2026.08.11-09:20:53.413[31m error[39m [caliper] [connectors/v2/FabricGateway] 	Failed to perform submit transaction [updateFinancierRLOffer] using arguments [User3,{"aprPct":12.64,"tenorDays":28,"ltvPct":70,"penaltyPct":0.5,"modelVersion":"caliper-workload"}],  with error: TransactionError: Commit of transaction e0911eb23f59b93e55813af6d3ed9178011d66751ee2d92ea47c19c69f31005e failed on peer peer0.financiers.example.com:7051 with status MVCC_READ_CONFLICT
    at TransactionEventHandler.eventCallback (/home/dhanish/fabric_sfc/caliper-bench/node_modules/fabric-network/lib/impl/event/transactioneventhandler.js:111:31)
    at CommitListenerSession.notifyListener (/home/dhanish/fabric_sfc/caliper-bench/node_modules/fabric-network/lib/impl/event/commitlistenersession.js:101:18)
    at EventListener.callback (/home/dhanish/fabric_sfc/caliper-bench/node_modules/fabric-network/lib/impl/event/commitlistenersession.js:92:18)
    at EventListener.onEvent (/home/dhanish/fabric_sfc/caliper-bench/node_modules/fabric-common/lib/EventListener.js:124:10)
    at EventService._callTransactionListener (/home/dhanish/fabric_sfc/caliper-bench/node_modules/fabric-common/lib/EventService.js:1051:16)
    at EventService._processTxEvents (/home/dhanish/fabric_sfc/caliper-bench/node_modules/fabric-common/lib/EventService.js:1006:12)
    at ClientDuplexStreamImpl.<anonymous> (/home/dhanish/fabric_sfc/caliper-bench/node_modules/fabric-common/lib/EventService.js:481:12)
    at ClientDuplexStreamImpl.emit (node:events:517:28)
    at addChunk (node:internal/streams/readable:368:12)
    at readableAddChunk (node:internal/streams/readable:341:9)
2026-08-11T09:20:53.414Z - [33mwarn[39m: [TransactionEventHandler]: strategyFail: commit failure for transaction "93bbdee88f02841f520c1f478ab1e4259cd6ec7d08c82f0677f6be81e77f2f22": TransactionError: Commit of transaction 93bbdee88f02841f520c1f478ab1e4259cd6ec7d08c82f0677f6be81e77f2f22 failed on peer peer0.financiers.example.com:7051 with status MVCC_READ_CONFLICT
    at TransactionEventHandler.eventCallback (/home/dhanish/fabric_sfc/caliper-bench/node_modules/fabric-network/lib/impl/event/transactioneventhandler.js:111:31)
    at CommitListenerSession.notifyListener (/home/dhanish/fabric_sfc/caliper-bench/node_modules/fabric-network/lib/impl/event/commitlistenersession.js:101:18)
    at EventListener.callback (/home/dhanish/fabric_sfc/caliper-bench/node_modules/fabric-network/lib/impl/event/commitlistenersession.js:92:18)
    at EventListener.onEvent (/home/dhanish/fabric_sfc/caliper-bench/node_modules/fabric-common/lib/EventListener.js:124:10)
    at EventService._callTransactionListener (/home/dhanish/fabric_sfc/caliper-bench/node_modules/fabric-common/lib/EventService.js:1051:16)
    at EventService._processTxEvents (/home/dhanish/fabric_sfc/caliper-bench/node_modules/fabric-common/lib/EventService.js:1006:12)
    at ClientDuplexStreamImpl.<anonymous> (/home/dhanish/fabric_sfc/caliper-bench/node_modules/fabric-common/lib/EventService.js:481:12)
    at ClientDuplexStreamImpl.emit (node:events:517:28)
    at addChunk (node:internal/streams/readable:368:12)
    at readableAddChunk (node:internal/streams/readable:341:9) {
  transactionId: '93bbdee88f02841f520c1f478ab1e4259cd6ec7d08c82f0677f6be81e77f2f22',
  transactionCode: 'MVCC_READ_CONFLICT'
}
2026-08-11T09:20:53.414Z - [33mwarn[39m: [TransactionEventHandler]: strategyFail: commit failure for transaction "3caaf8d854a7d136cbc63bb5a9f7681e88b92603564de777bbb2eeb32c16b4c2": TransactionError: Commit of transaction 3caaf8d854a7d136cbc63bb5a9f7681e88b92603564de777bbb2eeb32c16b4c2 failed on peer peer0.financiers.example.com:7051 with status MVCC_READ_CONFLICT
    at TransactionEventHandler.eventCallback (/home/dhanish/fabric_sfc/caliper-bench/node_modules/fabric-network/lib/impl/event/transactioneventhandler.js:111:31)
    at CommitListenerSession.notifyListener (/home/dhanish/fabric_sfc/caliper-bench/node_modules/fabric-network/lib/impl/event/commitlistenersession.js:101:18)
    at EventListener.callback (/home/dhanish/fabric_sfc/caliper-bench/node_modules/fabric-network/lib/impl/event/commitlistenersession.js:92:18)
    at EventListener.onEvent (/home/dhanish/fabric_sfc/caliper-bench/node_modules/fabric-common/lib/EventListener.js:124:10)
    at EventService._callTransactionListener (/home/dhanish/fabric_sfc/caliper-bench/node_modules/fabric-common/lib/EventService.js:1051:16)
    at EventService._processTxEvents (/home/dhanish/fabric_sfc/caliper-bench/node_modules/fabric-common/lib/EventService.js:1006:12)
    at ClientDuplexStreamImpl.<anonymous> (/home/dhanish/fabric_sfc/caliper-bench/node_modules/fabric-common/lib/EventService.js:481:12)
    at ClientDuplexStreamImpl.emit (node:events:517:28)
    at addChunk (node:internal/streams/readable:368:12)
    at readableAddChunk (node:internal/streams/readable:341:9) {
  transactionId: '3caaf8d854a7d136cbc63bb5a9f7681e88b92603564de777bbb2eeb32c16b4c2',
  transactionCode: 'MVCC_READ_CONFLICT'
}
2026-08-11T09:20:53.415Z - [33mwarn[39m: [TransactionEventHandler]: strategyFail: commit failure for transaction "ec4c2b356506b734dd57d07559f8b94354db61a34fff96f649605e21bf4cf0f8": TransactionError: Commit of transaction ec4c2b356506b734dd57d07559f8b94354db61a34fff96f649605e21bf4cf0f8 failed on peer peer0.financiers.example.com:7051 with status MVCC_READ_CONFLICT
    at TransactionEventHandler.eventCallback (/home/dhanish/fabric_sfc/caliper-bench/node_modules/fabric-network/lib/impl/event/transactioneventhandler.js:111:31)
    at CommitListenerSession.notifyListener (/home/dhanish/fabric_sfc/caliper-bench/node_modules/fabric-network/lib/impl/event/commitlistenersession.js:101:18)
    at EventListener.callback (/home/dhanish/fabric_sfc/caliper-bench/node_modules/fabric-network/lib/impl/event/commitlistenersession.js:92:18)
    at EventListener.onEvent (/home/dhanish/fabric_sfc/caliper-bench/node_modules/fabric-common/lib/EventListener.js:124:10)
    at EventService._callTransactionListener (/home/dhanish/fabric_sfc/caliper-bench/node_modules/fabric-common/lib/EventService.js:1051:16)
    at EventService._processTxEvents (/home/dhanish/fabric_sfc/caliper-bench/node_modules/fabric-common/lib/EventService.js:1006:12)
    at ClientDuplexStreamImpl.<anonymous> (/home/dhanish/fabric_sfc/caliper-bench/node_modules/fabric-common/lib/EventService.js:481:12)
    at ClientDuplexStreamImpl.emit (node:events:517:28)
    at addChunk (node:internal/streams/readable:368:12)
    at readableAddChunk (node:internal/streams/readable:341:9) {
  transactionId: 'ec4c2b356506b734dd57d07559f8b94354db61a34fff96f649605e21bf4cf0f8',
  transactionCode: 'MVCC_READ_CONFLICT'
}
2026-08-11T09:20:53.415Z - [33mwarn[39m: [TransactionEventHandler]: strategyFail: commit failure for transaction "da955df9842e6b410c011b24be438f9c2437fe2b3acd0811a1e2c3da185704e5": TransactionError: Commit of transaction da955df9842e6b410c011b24be438f9c2437fe2b3acd0811a1e2c3da185704e5 failed on peer peer0.financiers.example.com:7051 with status MVCC_READ_CONFLICT
    at TransactionEventHandler.eventCallback (/home/dhanish/fabric_sfc/caliper-bench/node_modules/fabric-network/lib/impl/event/transactioneventhandler.js:111:31)
    at CommitListenerSession.notifyListener (/home/dhanish/fabric_sfc/caliper-bench/node_modules/fabric-network/lib/impl/event/commitlistenersession.js:101:18)
    at EventListener.callback (/home/dhanish/fabric_sfc/caliper-bench/node_modules/fabric-network/lib/impl/event/commitlistenersession.js:92:18)
    at EventListener.onEvent (/home/dhanish/fabric_sfc/caliper-bench/node_modules/fabric-common/lib/EventListener.js:124:10)
    at EventService._callTransactionListener (/home/dhanish/fabric_sfc/caliper-bench/node_modules/fabric-common/lib/EventService.js:1051:16)
    at EventService._processTxEvents (/home/dhanish/fabric_sfc/caliper-bench/node_modules/fabric-common/lib/EventService.js:1006:12)
    at ClientDuplexStreamImpl.<anonymous> (/home/dhanish/fabric_sfc/caliper-bench/node_modules/fabric-common/lib/EventService.js:481:12)
    at ClientDuplexStreamImpl.emit (node:events:517:28)
    at addChunk (node:internal/streams/readable:368:12)
    at readableAddChunk (node:internal/streams/readable:341:9) {
  transactionId: 'da955df9842e6b410c011b24be438f9c2437fe2b3acd0811a1e2c3da185704e5',
  transactionCode: 'MVCC_READ_CONFLICT'
}
2026.08.11-09:20:53.415[31m error[39m [caliper] [connectors/v2/FabricGateway] 	Failed to perform submit transaction [updateFinancierRLOffer] using arguments [User4,{"aprPct":17.05,"tenorDays":14,"ltvPct":70,"penaltyPct":0.5,"modelVersion":"caliper-workload"}],  with error: TransactionError: Commit of transaction 93bbdee88f02841f520c1f478ab1e4259cd6ec7d08c82f0677f6be81e77f2f22 failed on peer peer0.financiers.example.com:7051 with status MVCC_READ_CONFLICT
    at TransactionEventHandler.eventCallback (/home/dhanish/fabric_sfc/caliper-bench/node_modules/fabric-network/lib/impl/event/transactioneventhandler.js:111:31)
    at CommitListenerSession.notifyListener (/home/dhanish/fabric_sfc/caliper-bench/node_modules/fabric-network/lib/impl/event/commitlistenersession.js:101:18)
    at EventListener.callback (/home/dhanish/fabric_sfc/caliper-bench/node_modules/fabric-network/lib/impl/event/commitlistenersession.js:92:18)
    at EventListener.onEvent (/home/dhanish/fabric_sfc/caliper-bench/node_modules/fabric-common/lib/EventListener.js:124:10)
    at EventService._callTransactionListener (/home/dhanish/fabric_sfc/caliper-bench/node_modules/fabric-common/lib/EventService.js:1051:16)
    at EventService._processTxEvents (/home/dhanish/fabric_sfc/caliper-bench/node_modules/fabric-common/lib/EventService.js:1006:12)
    at ClientDuplexStreamImpl.<anonymous> (/home/dhanish/fabric_sfc/caliper-bench/node_modules/fabric-common/lib/EventService.js:481:12)
    at ClientDuplexStreamImpl.emit (node:events:517:28)
    at addChunk (node:internal/streams/readable:368:12)
    at readableAddChunk (node:internal/streams/readable:341:9)
2026.08.11-09:20:53.416[31m error[39m [caliper] [connectors/v2/FabricGateway] 	Failed to perform submit transaction [updateFinancierRLOffer] using arguments [User4,{"aprPct":15.32,"tenorDays":14,"ltvPct":70,"penaltyPct":0.5,"modelVersion":"caliper-workload"}],  with error: TransactionError: Commit of transaction da955df9842e6b410c011b24be438f9c2437fe2b3acd0811a1e2c3da185704e5 failed on peer peer0.financiers.example.com:7051 with status MVCC_READ_CONFLICT
    at TransactionEventHandler.eventCallback (/home/dhanish/fabric_sfc/caliper-bench/node_modules/fabric-network/lib/impl/event/transactioneventhandler.js:111:31)
    at CommitListenerSession.notifyListener (/home/dhanish/fabric_sfc/caliper-bench/node_modules/fabric-network/lib/impl/event/commitlistenersession.js:101:18)
    at EventListener.callback (/home/dhanish/fabric_sfc/caliper-bench/node_modules/fabric-network/lib/impl/event/commitlistenersession.js:92:18)
    at EventListener.onEvent (/home/dhanish/fabric_sfc/caliper-bench/node_modules/fabric-common/lib/EventListener.js:124:10)
    at EventService._callTransactionListener (/home/dhanish/fabric_sfc/caliper-bench/node_modules/fabric-common/lib/EventService.js:1051:16)
    at EventService._processTxEvents (/home/dhanish/fabric_sfc/caliper-bench/node_modules/fabric-common/lib/EventService.js:1006:12)
    at ClientDuplexStreamImpl.<anonymous> (/home/dhanish/fabric_sfc/caliper-bench/node_modules/fabric-common/lib/EventService.js:481:12)
    at ClientDuplexStreamImpl.emit (node:events:517:28)
    at addChunk (node:internal/streams/readable:368:12)
    at readableAddChunk (node:internal/streams/readable:341:9)
2026-08-11T09:20:53.416Z - [33mwarn[39m: [TransactionEventHandler]: strategyFail: commit failure for transaction "dc517ace4ec08727b503c1a72305a2590eb8c2ee875a6048cfe191ee43b62080": TransactionError: Commit of transaction dc517ace4ec08727b503c1a72305a2590eb8c2ee875a6048cfe191ee43b62080 failed on peer peer0.financiers.example.com:7051 with status MVCC_READ_CONFLICT
    at TransactionEventHandler.eventCallback (/home/dhanish/fabric_sfc/caliper-bench/node_modules/fabric-network/lib/impl/event/transactioneventhandler.js:111:31)
    at CommitListenerSession.notifyListener (/home/dhanish/fabric_sfc/caliper-bench/node_modules/fabric-network/lib/impl/event/commitlistenersession.js:101:18)
    at EventListener.callback (/home/dhanish/fabric_sfc/caliper-bench/node_modules/fabric-network/lib/impl/event/commitlistenersession.js:92:18)
    at EventListener.onEvent (/home/dhanish/fabric_sfc/caliper-bench/node_modules/fabric-common/lib/EventListener.js:124:10)
    at EventService._callTransactionListener (/home/dhanish/fabric_sfc/caliper-bench/node_modules/fabric-common/lib/EventService.js:1051:16)
    at EventService._processTxEvents (/home/dhanish/fabric_sfc/caliper-bench/node_modules/fabric-common/lib/EventService.js:1006:12)
    at ClientDuplexStreamImpl.<anonymous> (/home/dhanish/fabric_sfc/caliper-bench/node_modules/fabric-common/lib/EventService.js:481:12)
    at ClientDuplexStreamImpl.emit (node:events:517:28)
    at addChunk (node:internal/streams/readable:368:12)
    at readableAddChunk (node:internal/streams/readable:341:9) {
  transactionId: 'dc517ace4ec08727b503c1a72305a2590eb8c2ee875a6048cfe191ee43b62080',
  transactionCode: 'MVCC_READ_CONFLICT'
}
2026.08.11-09:20:53.416[31m error[39m [caliper] [connectors/v2/FabricGateway] 	Failed to perform submit transaction [updateFinancierRLOffer] using arguments [User1,{"aprPct":12.42,"tenorDays":14,"ltvPct":70,"penaltyPct":0.5,"modelVersion":"caliper-workload"}],  with error: TransactionError: Commit of transaction ec4c2b356506b734dd57d07559f8b94354db61a34fff96f649605e21bf4cf0f8 failed on peer peer0.financiers.example.com:7051 with status MVCC_READ_CONFLICT
    at TransactionEventHandler.eventCallback (/home/dhanish/fabric_sfc/caliper-bench/node_modules/fabric-network/lib/impl/event/transactioneventhandler.js:111:31)
    at CommitListenerSession.notifyListener (/home/dhanish/fabric_sfc/caliper-bench/node_modules/fabric-network/lib/impl/event/commitlistenersession.js:101:18)
    at EventListener.callback (/home/dhanish/fabric_sfc/caliper-bench/node_modules/fabric-network/lib/impl/event/commitlistenersession.js:92:18)
    at EventListener.onEvent (/home/dhanish/fabric_sfc/caliper-bench/node_modules/fabric-common/lib/EventListener.js:124:10)
    at EventService._callTransactionListener (/home/dhanish/fabric_sfc/caliper-bench/node_modules/fabric-common/lib/EventService.js:1051:16)
    at EventService._processTxEvents (/home/dhanish/fabric_sfc/caliper-bench/node_modules/fabric-common/lib/EventService.js:1006:12)
    at ClientDuplexStreamImpl.<anonymous> (/home/dhanish/fabric_sfc/caliper-bench/node_modules/fabric-common/lib/EventService.js:481:12)
    at ClientDuplexStreamImpl.emit (node:events:517:28)
    at addChunk (node:internal/streams/readable:368:12)
    at readableAddChunk (node:internal/streams/readable:341:9)
2026.08.11-09:20:53.417[31m error[39m [caliper] [connectors/v2/FabricGateway] 	Failed to perform submit transaction [updateFinancierRLOffer] using arguments [User1,{"aprPct":12.94,"tenorDays":14,"ltvPct":70,"penaltyPct":0.5,"modelVersion":"caliper-workload"}],  with error: TransactionError: Commit of transaction dc517ace4ec08727b503c1a72305a2590eb8c2ee875a6048cfe191ee43b62080 failed on peer peer0.financiers.example.com:7051 with status MVCC_READ_CONFLICT
    at TransactionEventHandler.eventCallback (/home/dhanish/fabric_sfc/caliper-bench/node_modules/fabric-network/lib/impl/event/transactioneventhandler.js:111:31)
    at CommitListenerSession.notifyListener (/home/dhanish/fabric_sfc/caliper-bench/node_modules/fabric-network/lib/impl/event/commitlistenersession.js:101:18)
    at EventListener.callback (/home/dhanish/fabric_sfc/caliper-bench/node_modules/fabric-network/lib/impl/event/commitlistenersession.js:92:18)
    at EventListener.onEvent (/home/dhanish/fabric_sfc/caliper-bench/node_modules/fabric-common/lib/EventListener.js:124:10)
    at EventService._callTransactionListener (/home/dhanish/fabric_sfc/caliper-bench/node_modules/fabric-common/lib/EventService.js:1051:16)
    at EventService._processTxEvents (/home/dhanish/fabric_sfc/caliper-bench/node_modules/fabric-common/lib/EventService.js:1006:12)
    at ClientDuplexStreamImpl.<anonymous> (/home/dhanish/fabric_sfc/caliper-bench/node_modules/fabric-common/lib/EventService.js:481:12)
    at ClientDuplexStreamImpl.emit (node:events:517:28)
    at addChunk (node:internal/streams/readable:368:12)
    at readableAddChunk (node:internal/streams/readable:341:9)
2026-08-11T09:20:53.417Z - [33mwarn[39m: [TransactionEventHandler]: strategyFail: commit failure for transaction "9e49c013b8df4ca6e4fa6b7725acb50d8945122b160697938f92f06a65fc6456": TransactionError: Commit of transaction 9e49c013b8df4ca6e4fa6b7725acb50d8945122b160697938f92f06a65fc6456 failed on peer peer0.financiers.example.com:7051 with status MVCC_READ_CONFLICT
    at TransactionEventHandler.eventCallback (/home/dhanish/fabric_sfc/caliper-bench/node_modules/fabric-network/lib/impl/event/transactioneventhandler.js:111:31)
    at CommitListenerSession.notifyListener (/home/dhanish/fabric_sfc/caliper-bench/node_modules/fabric-network/lib/impl/event/commitlistenersession.js:101:18)
    at EventListener.callback (/home/dhanish/fabric_sfc/caliper-bench/node_modules/fabric-network/lib/impl/event/commitlistenersession.js:92:18)
    at EventListener.onEvent (/home/dhanish/fabric_sfc/caliper-bench/node_modules/fabric-common/lib/EventListener.js:124:10)
    at EventService._callTransactionListener (/home/dhanish/fabric_sfc/caliper-bench/node_modules/fabric-common/lib/EventService.js:1051:16)
    at EventService._processTxEvents (/home/dhanish/fabric_sfc/caliper-bench/node_modules/fabric-common/lib/EventService.js:1006:12)
    at ClientDuplexStreamImpl.<anonymous> (/home/dhanish/fabric_sfc/caliper-bench/node_modules/fabric-common/lib/EventService.js:481:12)
    at ClientDuplexStreamImpl.emit (node:events:517:28)
    at addChunk (node:internal/streams/readable:368:12)
    at readableAddChunk (node:internal/streams/readable:341:9) {
  transactionId: '9e49c013b8df4ca6e4fa6b7725acb50d8945122b160697938f92f06a65fc6456',
  transactionCode: 'MVCC_READ_CONFLICT'
}
2026-08-11T09:20:53.418Z - [33mwarn[39m: [TransactionEventHandler]: strategyFail: commit failure for transaction "e94ea24884502c6a6a955906e608aa6aa588d6e9fd73d04e08052b04baf388c7": TransactionError: Commit of transaction e94ea24884502c6a6a955906e608aa6aa588d6e9fd73d04e08052b04baf388c7 failed on peer peer0.financiers.example.com:7051 with status MVCC_READ_CONFLICT
    at TransactionEventHandler.eventCallback (/home/dhanish/fabric_sfc/caliper-bench/node_modules/fabric-network/lib/impl/event/transactioneventhandler.js:111:31)
    at CommitListenerSession.notifyListener (/home/dhanish/fabric_sfc/caliper-bench/node_modules/fabric-network/lib/impl/event/commitlistenersession.js:101:18)
    at EventListener.callback (/home/dhanish/fabric_sfc/caliper-bench/node_modules/fabric-network/lib/impl/event/commitlistenersession.js:92:18)
    at EventListener.onEvent (/home/dhanish/fabric_sfc/caliper-bench/node_modules/fabric-common/lib/EventListener.js:124:10)
    at EventService._callTransactionListener (/home/dhanish/fabric_sfc/caliper-bench/node_modules/fabric-common/lib/EventService.js:1051:16)
    at EventService._processTxEvents (/home/dhanish/fabric_sfc/caliper-bench/node_modules/fabric-common/lib/EventService.js:1006:12)
    at ClientDuplexStreamImpl.<anonymous> (/home/dhanish/fabric_sfc/caliper-bench/node_modules/fabric-common/lib/EventService.js:481:12)
    at ClientDuplexStreamImpl.emit (node:events:517:28)
    at addChunk (node:internal/streams/readable:368:12)
    at readableAddChunk (node:internal/streams/readable:341:9) {
  transactionId: 'e94ea24884502c6a6a955906e608aa6aa588d6e9fd73d04e08052b04baf388c7',
  transactionCode: 'MVCC_READ_CONFLICT'
}
2026.08.11-09:20:53.419[31m error[39m [caliper] [connectors/v2/FabricGateway] 	Failed to perform submit transaction [updateFinancierRLOffer] using arguments [User5,{"aprPct":15.04,"tenorDays":21,"ltvPct":70,"penaltyPct":0.5,"modelVersion":"caliper-workload"}],  with error: TransactionError: Commit of transaction 3caaf8d854a7d136cbc63bb5a9f7681e88b92603564de777bbb2eeb32c16b4c2 failed on peer peer0.financiers.example.com:7051 with status MVCC_READ_CONFLICT
    at TransactionEventHandler.eventCallback (/home/dhanish/fabric_sfc/caliper-bench/node_modules/fabric-network/lib/impl/event/transactioneventhandler.js:111:31)
    at CommitListenerSession.notifyListener (/home/dhanish/fabric_sfc/caliper-bench/node_modules/fabric-network/lib/impl/event/commitlistenersession.js:101:18)
    at EventListener.callback (/home/dhanish/fabric_sfc/caliper-bench/node_modules/fabric-network/lib/impl/event/commitlistenersession.js:92:18)
    at EventListener.onEvent (/home/dhanish/fabric_sfc/caliper-bench/node_modules/fabric-common/lib/EventListener.js:124:10)
    at EventService._callTransactionListener (/home/dhanish/fabric_sfc/caliper-bench/node_modules/fabric-common/lib/EventService.js:1051:16)
    at EventService._processTxEvents (/home/dhanish/fabric_sfc/caliper-bench/node_modules/fabric-common/lib/EventService.js:1006:12)
    at ClientDuplexStreamImpl.<anonymous> (/home/dhanish/fabric_sfc/caliper-bench/node_modules/fabric-common/lib/EventService.js:481:12)
    at ClientDuplexStreamImpl.emit (node:events:517:28)
    at addChunk (node:internal/streams/readable:368:12)
    at readableAddChunk (node:internal/streams/readable:341:9)
2026.08.11-09:20:53.419[31m error[39m [caliper] [connectors/v2/FabricGateway] 	Failed to perform submit transaction [updateFinancierRLOffer] using arguments [User5,{"aprPct":12.4,"tenorDays":21,"ltvPct":70,"penaltyPct":0.5,"modelVersion":"caliper-workload"}],  with error: TransactionError: Commit of transaction 9e49c013b8df4ca6e4fa6b7725acb50d8945122b160697938f92f06a65fc6456 failed on peer peer0.financiers.example.com:7051 with status MVCC_READ_CONFLICT
    at TransactionEventHandler.eventCallback (/home/dhanish/fabric_sfc/caliper-bench/node_modules/fabric-network/lib/impl/event/transactioneventhandler.js:111:31)
    at CommitListenerSession.notifyListener (/home/dhanish/fabric_sfc/caliper-bench/node_modules/fabric-network/lib/impl/event/commitlistenersession.js:101:18)
    at EventListener.callback (/home/dhanish/fabric_sfc/caliper-bench/node_modules/fabric-network/lib/impl/event/commitlistenersession.js:92:18)
    at EventListener.onEvent (/home/dhanish/fabric_sfc/caliper-bench/node_modules/fabric-common/lib/EventListener.js:124:10)
    at EventService._callTransactionListener (/home/dhanish/fabric_sfc/caliper-bench/node_modules/fabric-common/lib/EventService.js:1051:16)
    at EventService._processTxEvents (/home/dhanish/fabric_sfc/caliper-bench/node_modules/fabric-common/lib/EventService.js:1006:12)
    at ClientDuplexStreamImpl.<anonymous> (/home/dhanish/fabric_sfc/caliper-bench/node_modules/fabric-common/lib/EventService.js:481:12)
    at ClientDuplexStreamImpl.emit (node:events:517:28)
    at addChunk (node:internal/streams/readable:368:12)
    at readableAddChunk (node:internal/streams/readable:341:9)
2026.08.11-09:20:53.420[31m error[39m [caliper] [connectors/v2/FabricGateway] 	Failed to perform submit transaction [updateFinancierRLOffer] using arguments [User5,{"aprPct":16.63,"tenorDays":21,"ltvPct":70,"penaltyPct":0.5,"modelVersion":"caliper-workload"}],  with error: TransactionError: Commit of transaction e94ea24884502c6a6a955906e608aa6aa588d6e9fd73d04e08052b04baf388c7 failed on peer peer0.financiers.example.com:7051 with status MVCC_READ_CONFLICT
    at TransactionEventHandler.eventCallback (/home/dhanish/fabric_sfc/caliper-bench/node_modules/fabric-network/lib/impl/event/transactioneventhandler.js:111:31)
    at CommitListenerSession.notifyListener (/home/dhanish/fabric_sfc/caliper-bench/node_modules/fabric-network/lib/impl/event/commitlistenersession.js:101:18)
    at EventListener.callback (/home/dhanish/fabric_sfc/caliper-bench/node_modules/fabric-network/lib/impl/event/commitlistenersession.js:92:18)
    at EventListener.onEvent (/home/dhanish/fabric_sfc/caliper-bench/node_modules/fabric-common/lib/EventListener.js:124:10)
    at EventService._callTransactionListener (/home/dhanish/fabric_sfc/caliper-bench/node_modules/fabric-common/lib/EventService.js:1051:16)
    at EventService._processTxEvents (/home/dhanish/fabric_sfc/caliper-bench/node_modules/fabric-common/lib/EventService.js:1006:12)
    at ClientDuplexStreamImpl.<anonymous> (/home/dhanish/fabric_sfc/caliper-bench/node_modules/fabric-common/lib/EventService.js:481:12)
    at ClientDuplexStreamImpl.emit (node:events:517:28)
    at addChunk (node:internal/streams/readable:368:12)
    at readableAddChunk (node:internal/streams/readable:341:9)
2026-08-11T09:20:53.448Z - [33mwarn[39m: [TransactionEventHandler]: strategyFail: commit failure for transaction "91b1227e37861ca2124182e5f3260d3a87a960b5c74c6304fa004ebb006abf7c": TransactionError: Commit of transaction 91b1227e37861ca2124182e5f3260d3a87a960b5c74c6304fa004ebb006abf7c failed on peer peer0.financiers.example.com:7051 with status MVCC_READ_CONFLICT
    at TransactionEventHandler.eventCallback (/home/dhanish/fabric_sfc/caliper-bench/node_modules/fabric-network/lib/impl/event/transactioneventhandler.js:111:31)
    at CommitListenerSession.notifyListener (/home/dhanish/fabric_sfc/caliper-bench/node_modules/fabric-network/lib/impl/event/commitlistenersession.js:101:18)
    at EventListener.callback (/home/dhanish/fabric_sfc/caliper-bench/node_modules/fabric-network/lib/impl/event/commitlistenersession.js:92:18)
    at EventListener.onEvent (/home/dhanish/fabric_sfc/caliper-bench/node_modules/fabric-common/lib/EventListener.js:124:10)
    at EventService._callTransactionListener (/home/dhanish/fabric_sfc/caliper-bench/node_modules/fabric-common/lib/EventService.js:1051:16)
    at EventService._processTxEvents (/home/dhanish/fabric_sfc/caliper-bench/node_modules/fabric-common/lib/EventService.js:1006:12)
    at ClientDuplexStreamImpl.<anonymous> (/home/dhanish/fabric_sfc/caliper-bench/node_modules/fabric-common/lib/EventService.js:481:12)
    at ClientDuplexStreamImpl.emit (node:events:517:28)
    at addChunk (node:internal/streams/readable:368:12)
    at readableAddChunk (node:internal/streams/readable:341:9) {
  transactionId: '91b1227e37861ca2124182e5f3260d3a87a960b5c74c6304fa004ebb006abf7c',
  transactionCode: 'MVCC_READ_CONFLICT'
}
2026.08.11-09:20:53.448[31m error[39m [caliper] [connectors/v2/FabricGateway] 	Failed to perform submit transaction [updateFinancierRLOffer] using arguments [User3,{"aprPct":16.84,"tenorDays":28,"ltvPct":70,"penaltyPct":0.5,"modelVersion":"caliper-workload"}],  with error: TransactionError: Commit of transaction 91b1227e37861ca2124182e5f3260d3a87a960b5c74c6304fa004ebb006abf7c failed on peer peer0.financiers.example.com:7051 with status MVCC_READ_CONFLICT
    at TransactionEventHandler.eventCallback (/home/dhanish/fabric_sfc/caliper-bench/node_modules/fabric-network/lib/impl/event/transactioneventhandler.js:111:31)
    at CommitListenerSession.notifyListener (/home/dhanish/fabric_sfc/caliper-bench/node_modules/fabric-network/lib/impl/event/commitlistenersession.js:101:18)
    at EventListener.callback (/home/dhanish/fabric_sfc/caliper-bench/node_modules/fabric-network/lib/impl/event/commitlistenersession.js:92:18)
    at EventListener.onEvent (/home/dhanish/fabric_sfc/caliper-bench/node_modules/fabric-common/lib/EventListener.js:124:10)
    at EventService._callTransactionListener (/home/dhanish/fabric_sfc/caliper-bench/node_modules/fabric-common/lib/EventService.js:1051:16)
    at EventService._processTxEvents (/home/dhanish/fabric_sfc/caliper-bench/node_modules/fabric-common/lib/EventService.js:1006:12)
    at ClientDuplexStreamImpl.<anonymous> (/home/dhanish/fabric_sfc/caliper-bench/node_modules/fabric-common/lib/EventService.js:481:12)
    at ClientDuplexStreamImpl.emit (node:events:517:28)
    at addChunk (node:internal/streams/readable:368:12)
    at readableAddChunk (node:internal/streams/readable:341:9)
2026-08-11T09:20:53.448Z - [33mwarn[39m: [TransactionEventHandler]: strategyFail: commit failure for transaction "88bc9fd09b654a0cfa71e1e98d11173d1bc007602c10c939b2895880306b4c8c": TransactionError: Commit of transaction 88bc9fd09b654a0cfa71e1e98d11173d1bc007602c10c939b2895880306b4c8c failed on peer peer0.financiers.example.com:7051 with status MVCC_READ_CONFLICT
    at TransactionEventHandler.eventCallback (/home/dhanish/fabric_sfc/caliper-bench/node_modules/fabric-network/lib/impl/event/transactioneventhandler.js:111:31)
    at CommitListenerSession.notifyListener (/home/dhanish/fabric_sfc/caliper-bench/node_modules/fabric-network/lib/impl/event/commitlistenersession.js:101:18)
    at EventListener.callback (/home/dhanish/fabric_sfc/caliper-bench/node_modules/fabric-network/lib/impl/event/commitlistenersession.js:92:18)
    at EventListener.onEvent (/home/dhanish/fabric_sfc/caliper-bench/node_modules/fabric-common/lib/EventListener.js:124:10)
    at EventService._callTransactionListener (/home/dhanish/fabric_sfc/caliper-bench/node_modules/fabric-common/lib/EventService.js:1051:16)
    at EventService._processTxEvents (/home/dhanish/fabric_sfc/caliper-bench/node_modules/fabric-common/lib/EventService.js:1006:12)
    at ClientDuplexStreamImpl.<anonymous> (/home/dhanish/fabric_sfc/caliper-bench/node_modules/fabric-common/lib/EventService.js:481:12)
    at ClientDuplexStreamImpl.emit (node:events:517:28)
    at addChunk (node:internal/streams/readable:368:12)
    at readableAddChunk (node:internal/streams/readable:341:9) {
  transactionId: '88bc9fd09b654a0cfa71e1e98d11173d1bc007602c10c939b2895880306b4c8c',
  transactionCode: 'MVCC_READ_CONFLICT'
}
2026-08-11T09:20:53.450Z - [33mwarn[39m: [TransactionEventHandler]: strategyFail: commit failure for transaction "7a24fb4527520b3b4cbae5722b29f82f983221f7fea4f6722904cfb9323329a7": TransactionError: Commit of transaction 7a24fb4527520b3b4cbae5722b29f82f983221f7fea4f6722904cfb9323329a7 failed on peer peer0.financiers.example.com:7051 with status MVCC_READ_CONFLICT
    at TransactionEventHandler.eventCallback (/home/dhanish/fabric_sfc/caliper-bench/node_modules/fabric-network/lib/impl/event/transactioneventhandler.js:111:31)
    at CommitListenerSession.notifyListener (/home/dhanish/fabric_sfc/caliper-bench/node_modules/fabric-network/lib/impl/event/commitlistenersession.js:101:18)
    at EventListener.callback (/home/dhanish/fabric_sfc/caliper-bench/node_modules/fabric-network/lib/impl/event/commitlistenersession.js:92:18)
    at EventListener.onEvent (/home/dhanish/fabric_sfc/caliper-bench/node_modules/fabric-common/lib/EventListener.js:124:10)
    at EventService._callTransactionListener (/home/dhanish/fabric_sfc/caliper-bench/node_modules/fabric-common/lib/EventService.js:1051:16)
    at EventService._processTxEvents (/home/dhanish/fabric_sfc/caliper-bench/node_modules/fabric-common/lib/EventService.js:1006:12)
    at ClientDuplexStreamImpl.<anonymous> (/home/dhanish/fabric_sfc/caliper-bench/node_modules/fabric-common/lib/EventService.js:481:12)
    at ClientDuplexStreamImpl.emit (node:events:517:28)
    at addChunk (node:internal/streams/readable:368:12)
    at readableAddChunk (node:internal/streams/readable:341:9) {
  transactionId: '7a24fb4527520b3b4cbae5722b29f82f983221f7fea4f6722904cfb9323329a7',
  transactionCode: 'MVCC_READ_CONFLICT'
}
2026-08-11T09:20:53.451Z - [33mwarn[39m: [TransactionEventHandler]: strategyFail: commit failure for transaction "bd854b00bf21799fdfbadc574d962dcbbf077c814ae42fc45b9e821854f20854": TransactionError: Commit of transaction bd854b00bf21799fdfbadc574d962dcbbf077c814ae42fc45b9e821854f20854 failed on peer peer0.financiers.example.com:7051 with status MVCC_READ_CONFLICT
    at TransactionEventHandler.eventCallback (/home/dhanish/fabric_sfc/caliper-bench/node_modules/fabric-network/lib/impl/event/transactioneventhandler.js:111:31)
    at CommitListenerSession.notifyListener (/home/dhanish/fabric_sfc/caliper-bench/node_modules/fabric-network/lib/impl/event/commitlistenersession.js:101:18)
    at EventListener.callback (/home/dhanish/fabric_sfc/caliper-bench/node_modules/fabric-network/lib/impl/event/commitlistenersession.js:92:18)
    at EventListener.onEvent (/home/dhanish/fabric_sfc/caliper-bench/node_modules/fabric-common/lib/EventListener.js:124:10)
    at EventService._callTransactionListener (/home/dhanish/fabric_sfc/caliper-bench/node_modules/fabric-common/lib/EventService.js:1051:16)
    at EventService._processTxEvents (/home/dhanish/fabric_sfc/caliper-bench/node_modules/fabric-common/lib/EventService.js:1006:12)
    at ClientDuplexStreamImpl.<anonymous> (/home/dhanish/fabric_sfc/caliper-bench/node_modules/fabric-common/lib/EventService.js:481:12)
    at ClientDuplexStreamImpl.emit (node:events:517:28)
    at addChunk (node:internal/streams/readable:368:12)
    at readableAddChunk (node:internal/streams/readable:341:9) {
  transactionId: 'bd854b00bf21799fdfbadc574d962dcbbf077c814ae42fc45b9e821854f20854',
  transactionCode: 'MVCC_READ_CONFLICT'
}
2026-08-11T09:20:53.451Z - [33mwarn[39m: [TransactionEventHandler]: strategyFail: commit failure for transaction "dbfad1b807b667926845eb76e66bdccd82db345e17f2c7895684b31468ef5d2a": TransactionError: Commit of transaction dbfad1b807b667926845eb76e66bdccd82db345e17f2c7895684b31468ef5d2a failed on peer peer0.financiers.example.com:7051 with status MVCC_READ_CONFLICT
    at TransactionEventHandler.eventCallback (/home/dhanish/fabric_sfc/caliper-bench/node_modules/fabric-network/lib/impl/event/transactioneventhandler.js:111:31)
    at CommitListenerSession.notifyListener (/home/dhanish/fabric_sfc/caliper-bench/node_modules/fabric-network/lib/impl/event/commitlistenersession.js:101:18)
    at EventListener.callback (/home/dhanish/fabric_sfc/caliper-bench/node_modules/fabric-network/lib/impl/event/commitlistenersession.js:92:18)
    at EventListener.onEvent (/home/dhanish/fabric_sfc/caliper-bench/node_modules/fabric-common/lib/EventListener.js:124:10)
    at EventService._callTransactionListener (/home/dhanish/fabric_sfc/caliper-bench/node_modules/fabric-common/lib/EventService.js:1051:16)
    at EventService._processTxEvents (/home/dhanish/fabric_sfc/caliper-bench/node_modules/fabric-common/lib/EventService.js:1006:12)
    at ClientDuplexStreamImpl.<anonymous> (/home/dhanish/fabric_sfc/caliper-bench/node_modules/fabric-common/lib/EventService.js:481:12)
    at ClientDuplexStreamImpl.emit (node:events:517:28)
    at addChunk (node:internal/streams/readable:368:12)
    at readableAddChunk (node:internal/streams/readable:341:9) {
  transactionId: 'dbfad1b807b667926845eb76e66bdccd82db345e17f2c7895684b31468ef5d2a',
  transactionCode: 'MVCC_READ_CONFLICT'
}
2026.08.11-09:20:53.451[31m error[39m [caliper] [connectors/v2/FabricGateway] 	Failed to perform submit transaction [updateFinancierRLOffer] using arguments [User2,{"aprPct":15.08,"tenorDays":21,"ltvPct":70,"penaltyPct":0.5,"modelVersion":"caliper-workload"}],  with error: TransactionError: Commit of transaction 7a24fb4527520b3b4cbae5722b29f82f983221f7fea4f6722904cfb9323329a7 failed on peer peer0.financiers.example.com:7051 with status MVCC_READ_CONFLICT
    at TransactionEventHandler.eventCallback (/home/dhanish/fabric_sfc/caliper-bench/node_modules/fabric-network/lib/impl/event/transactioneventhandler.js:111:31)
    at CommitListenerSession.notifyListener (/home/dhanish/fabric_sfc/caliper-bench/node_modules/fabric-network/lib/impl/event/commitlistenersession.js:101:18)
    at EventListener.callback (/home/dhanish/fabric_sfc/caliper-bench/node_modules/fabric-network/lib/impl/event/commitlistenersession.js:92:18)
    at EventListener.onEvent (/home/dhanish/fabric_sfc/caliper-bench/node_modules/fabric-common/lib/EventListener.js:124:10)
    at EventService._callTransactionListener (/home/dhanish/fabric_sfc/caliper-bench/node_modules/fabric-common/lib/EventService.js:1051:16)
    at EventService._processTxEvents (/home/dhanish/fabric_sfc/caliper-bench/node_modules/fabric-common/lib/EventService.js:1006:12)
    at ClientDuplexStreamImpl.<anonymous> (/home/dhanish/fabric_sfc/caliper-bench/node_modules/fabric-common/lib/EventService.js:481:12)
    at ClientDuplexStreamImpl.emit (node:events:517:28)
    at addChunk (node:internal/streams/readable:368:12)
    at readableAddChunk (node:internal/streams/readable:341:9)
2026.08.11-09:20:53.451[31m error[39m [caliper] [connectors/v2/FabricGateway] 	Failed to perform submit transaction [updateFinancierRLOffer] using arguments [User5,{"aprPct":13.59,"tenorDays":21,"ltvPct":70,"penaltyPct":0.5,"modelVersion":"caliper-workload"}],  with error: TransactionError: Commit of transaction bd854b00bf21799fdfbadc574d962dcbbf077c814ae42fc45b9e821854f20854 failed on peer peer0.financiers.example.com:7051 with status MVCC_READ_CONFLICT
    at TransactionEventHandler.eventCallback (/home/dhanish/fabric_sfc/caliper-bench/node_modules/fabric-network/lib/impl/event/transactioneventhandler.js:111:31)
    at CommitListenerSession.notifyListener (/home/dhanish/fabric_sfc/caliper-bench/node_modules/fabric-network/lib/impl/event/commitlistenersession.js:101:18)
    at EventListener.callback (/home/dhanish/fabric_sfc/caliper-bench/node_modules/fabric-network/lib/impl/event/commitlistenersession.js:92:18)
    at EventListener.onEvent (/home/dhanish/fabric_sfc/caliper-bench/node_modules/fabric-common/lib/EventListener.js:124:10)
    at EventService._callTransactionListener (/home/dhanish/fabric_sfc/caliper-bench/node_modules/fabric-common/lib/EventService.js:1051:16)
    at EventService._processTxEvents (/home/dhanish/fabric_sfc/caliper-bench/node_modules/fabric-common/lib/EventService.js:1006:12)
    at ClientDuplexStreamImpl.<anonymous> (/home/dhanish/fabric_sfc/caliper-bench/node_modules/fabric-common/lib/EventService.js:481:12)
    at ClientDuplexStreamImpl.emit (node:events:517:28)
    at addChunk (node:internal/streams/readable:368:12)
    at readableAddChunk (node:internal/streams/readable:341:9)
2026.08.11-09:20:53.451[31m error[39m [caliper] [connectors/v2/FabricGateway] 	Failed to perform submit transaction [updateFinancierRLOffer] using arguments [User2,{"aprPct":17.27,"tenorDays":21,"ltvPct":70,"penaltyPct":0.5,"modelVersion":"caliper-workload"}],  with error: TransactionError: Commit of transaction dbfad1b807b667926845eb76e66bdccd82db345e17f2c7895684b31468ef5d2a failed on peer peer0.financiers.example.com:7051 with status MVCC_READ_CONFLICT
    at TransactionEventHandler.eventCallback (/home/dhanish/fabric_sfc/caliper-bench/node_modules/fabric-network/lib/impl/event/transactioneventhandler.js:111:31)
    at CommitListenerSession.notifyListener (/home/dhanish/fabric_sfc/caliper-bench/node_modules/fabric-network/lib/impl/event/commitlistenersession.js:101:18)
    at EventListener.callback (/home/dhanish/fabric_sfc/caliper-bench/node_modules/fabric-network/lib/impl/event/commitlistenersession.js:92:18)
    at EventListener.onEvent (/home/dhanish/fabric_sfc/caliper-bench/node_modules/fabric-common/lib/EventListener.js:124:10)
    at EventService._callTransactionListener (/home/dhanish/fabric_sfc/caliper-bench/node_modules/fabric-common/lib/EventService.js:1051:16)
    at EventService._processTxEvents (/home/dhanish/fabric_sfc/caliper-bench/node_modules/fabric-common/lib/EventService.js:1006:12)
    at ClientDuplexStreamImpl.<anonymous> (/home/dhanish/fabric_sfc/caliper-bench/node_modules/fabric-common/lib/EventService.js:481:12)
    at ClientDuplexStreamImpl.emit (node:events:517:28)
    at addChunk (node:internal/streams/readable:368:12)
    at readableAddChunk (node:internal/streams/readable:341:9)
2026-08-11T09:20:53.452Z - [33mwarn[39m: [TransactionEventHandler]: strategyFail: commit failure for transaction "6dd5888a673914c527834aed8a82ab2f3165aa1a3a5a59b84d4423e21ee17fd7": TransactionError: Commit of transaction 6dd5888a673914c527834aed8a82ab2f3165aa1a3a5a59b84d4423e21ee17fd7 failed on peer peer0.financiers.example.com:7051 with status MVCC_READ_CONFLICT
    at TransactionEventHandler.eventCallback (/home/dhanish/fabric_sfc/caliper-bench/node_modules/fabric-network/lib/impl/event/transactioneventhandler.js:111:31)
    at CommitListenerSession.notifyListener (/home/dhanish/fabric_sfc/caliper-bench/node_modules/fabric-network/lib/impl/event/commitlistenersession.js:101:18)
    at EventListener.callback (/home/dhanish/fabric_sfc/caliper-bench/node_modules/fabric-network/lib/impl/event/commitlistenersession.js:92:18)
    at EventListener.onEvent (/home/dhanish/fabric_sfc/caliper-bench/node_modules/fabric-common/lib/EventListener.js:124:10)
    at EventService._callTransactionListener (/home/dhanish/fabric_sfc/caliper-bench/node_modules/fabric-common/lib/EventService.js:1051:16)
    at EventService._processTxEvents (/home/dhanish/fabric_sfc/caliper-bench/node_modules/fabric-common/lib/EventService.js:1006:12)
    at ClientDuplexStreamImpl.<anonymous> (/home/dhanish/fabric_sfc/caliper-bench/node_modules/fabric-common/lib/EventService.js:481:12)
    at ClientDuplexStreamImpl.emit (node:events:517:28)
    at addChunk (node:internal/streams/readable:368:12)
    at readableAddChunk (node:internal/streams/readable:341:9) {
  transactionId: '6dd5888a673914c527834aed8a82ab2f3165aa1a3a5a59b84d4423e21ee17fd7',
  transactionCode: 'MVCC_READ_CONFLICT'
}
2026-08-11T09:20:53.452Z - [33mwarn[39m: [TransactionEventHandler]: strategyFail: commit failure for transaction "dd06fbd59ea408896c474ef2bd1337991de46380e35d249cb5c5a92b19968711": TransactionError: Commit of transaction dd06fbd59ea408896c474ef2bd1337991de46380e35d249cb5c5a92b19968711 failed on peer peer0.financiers.example.com:7051 with status MVCC_READ_CONFLICT
    at TransactionEventHandler.eventCallback (/home/dhanish/fabric_sfc/caliper-bench/node_modules/fabric-network/lib/impl/event/transactioneventhandler.js:111:31)
    at CommitListenerSession.notifyListener (/home/dhanish/fabric_sfc/caliper-bench/node_modules/fabric-network/lib/impl/event/commitlistenersession.js:101:18)
    at EventListener.callback (/home/dhanish/fabric_sfc/caliper-bench/node_modules/fabric-network/lib/impl/event/commitlistenersession.js:92:18)
    at EventListener.onEvent (/home/dhanish/fabric_sfc/caliper-bench/node_modules/fabric-common/lib/EventListener.js:124:10)
    at EventService._callTransactionListener (/home/dhanish/fabric_sfc/caliper-bench/node_modules/fabric-common/lib/EventService.js:1051:16)
    at EventService._processTxEvents (/home/dhanish/fabric_sfc/caliper-bench/node_modules/fabric-common/lib/EventService.js:1006:12)
    at ClientDuplexStreamImpl.<anonymous> (/home/dhanish/fabric_sfc/caliper-bench/node_modules/fabric-common/lib/EventService.js:481:12)
    at ClientDuplexStreamImpl.emit (node:events:517:28)
    at addChunk (node:internal/streams/readable:368:12)
    at readableAddChunk (node:internal/streams/readable:341:9) {
  transactionId: 'dd06fbd59ea408896c474ef2bd1337991de46380e35d249cb5c5a92b19968711',
  transactionCode: 'MVCC_READ_CONFLICT'
}
2026-08-11T09:20:53.452Z - [33mwarn[39m: [TransactionEventHandler]: strategyFail: commit failure for transaction "ba665eb3983da0875d78756b114444785d3a4bc77e79ed35f715309c92e5478b": TransactionError: Commit of transaction ba665eb3983da0875d78756b114444785d3a4bc77e79ed35f715309c92e5478b failed on peer peer0.financiers.example.com:7051 with status MVCC_READ_CONFLICT
    at TransactionEventHandler.eventCallback (/home/dhanish/fabric_sfc/caliper-bench/node_modules/fabric-network/lib/impl/event/transactioneventhandler.js:111:31)
    at CommitListenerSession.notifyListener (/home/dhanish/fabric_sfc/caliper-bench/node_modules/fabric-network/lib/impl/event/commitlistenersession.js:101:18)
    at EventListener.callback (/home/dhanish/fabric_sfc/caliper-bench/node_modules/fabric-network/lib/impl/event/commitlistenersession.js:92:18)
    at EventListener.onEvent (/home/dhanish/fabric_sfc/caliper-bench/node_modules/fabric-common/lib/EventListener.js:124:10)
    at EventService._callTransactionListener (/home/dhanish/fabric_sfc/caliper-bench/node_modules/fabric-common/lib/EventService.js:1051:16)
    at EventService._processTxEvents (/home/dhanish/fabric_sfc/caliper-bench/node_modules/fabric-common/lib/EventService.js:1006:12)
    at ClientDuplexStreamImpl.<anonymous> (/home/dhanish/fabric_sfc/caliper-bench/node_modules/fabric-common/lib/EventService.js:481:12)
    at ClientDuplexStreamImpl.emit (node:events:517:28)
    at addChunk (node:internal/streams/readable:368:12)
    at readableAddChunk (node:internal/streams/readable:341:9) {
  transactionId: 'ba665eb3983da0875d78756b114444785d3a4bc77e79ed35f715309c92e5478b',
  transactionCode: 'MVCC_READ_CONFLICT'
}
2026.08.11-09:20:53.452[31m error[39m [caliper] [connectors/v2/FabricGateway] 	Failed to perform submit transaction [updateFinancierRLOffer] using arguments [User4,{"aprPct":14.57,"tenorDays":14,"ltvPct":70,"penaltyPct":0.5,"modelVersion":"caliper-workload"}],  with error: TransactionError: Commit of transaction 88bc9fd09b654a0cfa71e1e98d11173d1bc007602c10c939b2895880306b4c8c failed on peer peer0.financiers.example.com:7051 with status MVCC_READ_CONFLICT
    at TransactionEventHandler.eventCallback (/home/dhanish/fabric_sfc/caliper-bench/node_modules/fabric-network/lib/impl/event/transactioneventhandler.js:111:31)
    at CommitListenerSession.notifyListener (/home/dhanish/fabric_sfc/caliper-bench/node_modules/fabric-network/lib/impl/event/commitlistenersession.js:101:18)
    at EventListener.callback (/home/dhanish/fabric_sfc/caliper-bench/node_modules/fabric-network/lib/impl/event/commitlistenersession.js:92:18)
    at EventListener.onEvent (/home/dhanish/fabric_sfc/caliper-bench/node_modules/fabric-common/lib/EventListener.js:124:10)
    at EventService._callTransactionListener (/home/dhanish/fabric_sfc/caliper-bench/node_modules/fabric-common/lib/EventService.js:1051:16)
    at EventService._processTxEvents (/home/dhanish/fabric_sfc/caliper-bench/node_modules/fabric-common/lib/EventService.js:1006:12)
    at ClientDuplexStreamImpl.<anonymous> (/home/dhanish/fabric_sfc/caliper-bench/node_modules/fabric-common/lib/EventService.js:481:12)
    at ClientDuplexStreamImpl.emit (node:events:517:28)
    at addChunk (node:internal/streams/readable:368:12)
    at readableAddChunk (node:internal/streams/readable:341:9)
2026.08.11-09:20:53.453[31m error[39m [caliper] [connectors/v2/FabricGateway] 	Failed to perform submit transaction [updateFinancierRLOffer] using arguments [User4,{"aprPct":16.11,"tenorDays":14,"ltvPct":70,"penaltyPct":0.5,"modelVersion":"caliper-workload"}],  with error: TransactionError: Commit of transaction dd06fbd59ea408896c474ef2bd1337991de46380e35d249cb5c5a92b19968711 failed on peer peer0.financiers.example.com:7051 with status MVCC_READ_CONFLICT
    at TransactionEventHandler.eventCallback (/home/dhanish/fabric_sfc/caliper-bench/node_modules/fabric-network/lib/impl/event/transactioneventhandler.js:111:31)
    at CommitListenerSession.notifyListener (/home/dhanish/fabric_sfc/caliper-bench/node_modules/fabric-network/lib/impl/event/commitlistenersession.js:101:18)
    at EventListener.callback (/home/dhanish/fabric_sfc/caliper-bench/node_modules/fabric-network/lib/impl/event/commitlistenersession.js:92:18)
    at EventListener.onEvent (/home/dhanish/fabric_sfc/caliper-bench/node_modules/fabric-common/lib/EventListener.js:124:10)
    at EventService._callTransactionListener (/home/dhanish/fabric_sfc/caliper-bench/node_modules/fabric-common/lib/EventService.js:1051:16)
    at EventService._processTxEvents (/home/dhanish/fabric_sfc/caliper-bench/node_modules/fabric-common/lib/EventService.js:1006:12)
    at ClientDuplexStreamImpl.<anonymous> (/home/dhanish/fabric_sfc/caliper-bench/node_modules/fabric-common/lib/EventService.js:481:12)
    at ClientDuplexStreamImpl.emit (node:events:517:28)
    at addChunk (node:internal/streams/readable:368:12)
    at readableAddChunk (node:internal/streams/readable:341:9)
2026.08.11-09:20:53.453[31m error[39m [caliper] [connectors/v2/FabricGateway] 	Failed to perform submit transaction [updateFinancierRLOffer] using arguments [User1,{"aprPct":14.47,"tenorDays":14,"ltvPct":70,"penaltyPct":0.5,"modelVersion":"caliper-workload"}],  with error: TransactionError: Commit of transaction 6dd5888a673914c527834aed8a82ab2f3165aa1a3a5a59b84d4423e21ee17fd7 failed on peer peer0.financiers.example.com:7051 with status MVCC_READ_CONFLICT
    at TransactionEventHandler.eventCallback (/home/dhanish/fabric_sfc/caliper-bench/node_modules/fabric-network/lib/impl/event/transactioneventhandler.js:111:31)
    at CommitListenerSession.notifyListener (/home/dhanish/fabric_sfc/caliper-bench/node_modules/fabric-network/lib/impl/event/commitlistenersession.js:101:18)
    at EventListener.callback (/home/dhanish/fabric_sfc/caliper-bench/node_modules/fabric-network/lib/impl/event/commitlistenersession.js:92:18)
    at EventListener.onEvent (/home/dhanish/fabric_sfc/caliper-bench/node_modules/fabric-common/lib/EventListener.js:124:10)
    at EventService._callTransactionListener (/home/dhanish/fabric_sfc/caliper-bench/node_modules/fabric-common/lib/EventService.js:1051:16)
    at EventService._processTxEvents (/home/dhanish/fabric_sfc/caliper-bench/node_modules/fabric-common/lib/EventService.js:1006:12)
    at ClientDuplexStreamImpl.<anonymous> (/home/dhanish/fabric_sfc/caliper-bench/node_modules/fabric-common/lib/EventService.js:481:12)
    at ClientDuplexStreamImpl.emit (node:events:517:28)
    at addChunk (node:internal/streams/readable:368:12)
    at readableAddChunk (node:internal/streams/readable:341:9)
2026.08.11-09:20:53.453[31m error[39m [caliper] [connectors/v2/FabricGateway] 	Failed to perform submit transaction [updateFinancierRLOffer] using arguments [User1,{"aprPct":16.73,"tenorDays":14,"ltvPct":70,"penaltyPct":0.5,"modelVersion":"caliper-workload"}],  with error: TransactionError: Commit of transaction ba665eb3983da0875d78756b114444785d3a4bc77e79ed35f715309c92e5478b failed on peer peer0.financiers.example.com:7051 with status MVCC_READ_CONFLICT
    at TransactionEventHandler.eventCallback (/home/dhanish/fabric_sfc/caliper-bench/node_modules/fabric-network/lib/impl/event/transactioneventhandler.js:111:31)
    at CommitListenerSession.notifyListener (/home/dhanish/fabric_sfc/caliper-bench/node_modules/fabric-network/lib/impl/event/commitlistenersession.js:101:18)
    at EventListener.callback (/home/dhanish/fabric_sfc/caliper-bench/node_modules/fabric-network/lib/impl/event/commitlistenersession.js:92:18)
    at EventListener.onEvent (/home/dhanish/fabric_sfc/caliper-bench/node_modules/fabric-common/lib/EventListener.js:124:10)
    at EventService._callTransactionListener (/home/dhanish/fabric_sfc/caliper-bench/node_modules/fabric-common/lib/EventService.js:1051:16)
    at EventService._processTxEvents (/home/dhanish/fabric_sfc/caliper-bench/node_modules/fabric-common/lib/EventService.js:1006:12)
    at ClientDuplexStreamImpl.<anonymous> (/home/dhanish/fabric_sfc/caliper-bench/node_modules/fabric-common/lib/EventService.js:481:12)
    at ClientDuplexStreamImpl.emit (node:events:517:28)
    at addChunk (node:internal/streams/readable:368:12)
    at readableAddChunk (node:internal/streams/readable:341:9)
2026-08-11T09:20:53.478Z - [33mwarn[39m: [TransactionEventHandler]: strategyFail: commit failure for transaction "3a3205d97eb5d672d1c525f5888a6ce706c6e5e0b003aa5756b5e84577a444e9": TransactionError: Commit of transaction 3a3205d97eb5d672d1c525f5888a6ce706c6e5e0b003aa5756b5e84577a444e9 failed on peer peer0.financiers.example.com:7051 with status MVCC_READ_CONFLICT
    at TransactionEventHandler.eventCallback (/home/dhanish/fabric_sfc/caliper-bench/node_modules/fabric-network/lib/impl/event/transactioneventhandler.js:111:31)
    at CommitListenerSession.notifyListener (/home/dhanish/fabric_sfc/caliper-bench/node_modules/fabric-network/lib/impl/event/commitlistenersession.js:101:18)
    at EventListener.callback (/home/dhanish/fabric_sfc/caliper-bench/node_modules/fabric-network/lib/impl/event/commitlistenersession.js:92:18)
    at EventListener.onEvent (/home/dhanish/fabric_sfc/caliper-bench/node_modules/fabric-common/lib/EventListener.js:124:10)
    at EventService._callTransactionListener (/home/dhanish/fabric_sfc/caliper-bench/node_modules/fabric-common/lib/EventService.js:1051:16)
    at EventService._processTxEvents (/home/dhanish/fabric_sfc/caliper-bench/node_modules/fabric-common/lib/EventService.js:1006:12)
    at ClientDuplexStreamImpl.<anonymous> (/home/dhanish/fabric_sfc/caliper-bench/node_modules/fabric-common/lib/EventService.js:481:12)
    at ClientDuplexStreamImpl.emit (node:events:517:28)
    at addChunk (node:internal/streams/readable:368:12)
    at readableAddChunk (node:internal/streams/readable:341:9) {
  transactionId: '3a3205d97eb5d672d1c525f5888a6ce706c6e5e0b003aa5756b5e84577a444e9',
  transactionCode: 'MVCC_READ_CONFLICT'
}
2026-08-11T09:20:53.479Z - [33mwarn[39m: [TransactionEventHandler]: strategyFail: commit failure for transaction "01725ad3e9ece1023074d54cc9685e0f11f79e37151573ee8ba25e2a51012f87": TransactionError: Commit of transaction 01725ad3e9ece1023074d54cc9685e0f11f79e37151573ee8ba25e2a51012f87 failed on peer peer0.financiers.example.com:7051 with status MVCC_READ_CONFLICT
    at TransactionEventHandler.eventCallback (/home/dhanish/fabric_sfc/caliper-bench/node_modules/fabric-network/lib/impl/event/transactioneventhandler.js:111:31)
    at CommitListenerSession.notifyListener (/home/dhanish/fabric_sfc/caliper-bench/node_modules/fabric-network/lib/impl/event/commitlistenersession.js:101:18)
    at EventListener.callback (/home/dhanish/fabric_sfc/caliper-bench/node_modules/fabric-network/lib/impl/event/commitlistenersession.js:92:18)
    at EventListener.onEvent (/home/dhanish/fabric_sfc/caliper-bench/node_modules/fabric-common/lib/EventListener.js:124:10)
    at EventService._callTransactionListener (/home/dhanish/fabric_sfc/caliper-bench/node_modules/fabric-common/lib/EventService.js:1051:16)
    at EventService._processTxEvents (/home/dhanish/fabric_sfc/caliper-bench/node_modules/fabric-common/lib/EventService.js:1006:12)
    at ClientDuplexStreamImpl.<anonymous> (/home/dhanish/fabric_sfc/caliper-bench/node_modules/fabric-common/lib/EventService.js:481:12)
    at ClientDuplexStreamImpl.emit (node:events:517:28)
    at addChunk (node:internal/streams/readable:368:12)
    at readableAddChunk (node:internal/streams/readable:341:9) {
  transactionId: '01725ad3e9ece1023074d54cc9685e0f11f79e37151573ee8ba25e2a51012f87',
  transactionCode: 'MVCC_READ_CONFLICT'
}
2026-08-11T09:20:53.479Z - [33mwarn[39m: [TransactionEventHandler]: strategyFail: commit failure for transaction "89d284f2ba7795b2809fad7869777cc02208af963692e7682ae0e5a633b673b8": TransactionError: Commit of transaction 89d284f2ba7795b2809fad7869777cc02208af963692e7682ae0e5a633b673b8 failed on peer peer0.financiers.example.com:7051 with status MVCC_READ_CONFLICT
    at TransactionEventHandler.eventCallback (/home/dhanish/fabric_sfc/caliper-bench/node_modules/fabric-network/lib/impl/event/transactioneventhandler.js:111:31)
    at CommitListenerSession.notifyListener (/home/dhanish/fabric_sfc/caliper-bench/node_modules/fabric-network/lib/impl/event/commitlistenersession.js:101:18)
    at EventListener.callback (/home/dhanish/fabric_sfc/caliper-bench/node_modules/fabric-network/lib/impl/event/commitlistenersession.js:92:18)
    at EventListener.onEvent (/home/dhanish/fabric_sfc/caliper-bench/node_modules/fabric-common/lib/EventListener.js:124:10)
    at EventService._callTransactionListener (/home/dhanish/fabric_sfc/caliper-bench/node_modules/fabric-common/lib/EventService.js:1051:16)
    at EventService._processTxEvents (/home/dhanish/fabric_sfc/caliper-bench/node_modules/fabric-common/lib/EventService.js:1006:12)
    at ClientDuplexStreamImpl.<anonymous> (/home/dhanish/fabric_sfc/caliper-bench/node_modules/fabric-common/lib/EventService.js:481:12)
    at ClientDuplexStreamImpl.emit (node:events:517:28)
    at addChunk (node:internal/streams/readable:368:12)
    at readableAddChunk (node:internal/streams/readable:341:9) {
  transactionId: '89d284f2ba7795b2809fad7869777cc02208af963692e7682ae0e5a633b673b8',
  transactionCode: 'MVCC_READ_CONFLICT'
}
2026-08-11T09:20:53.479Z - [33mwarn[39m: [TransactionEventHandler]: strategyFail: commit failure for transaction "5fcb05a98196658c1c853b6abcdf851829f16edd8d992ab408b79033bfab6aec": TransactionError: Commit of transaction 5fcb05a98196658c1c853b6abcdf851829f16edd8d992ab408b79033bfab6aec failed on peer peer0.financiers.example.com:7051 with status MVCC_READ_CONFLICT
    at TransactionEventHandler.eventCallback (/home/dhanish/fabric_sfc/caliper-bench/node_modules/fabric-network/lib/impl/event/transactioneventhandler.js:111:31)
    at CommitListenerSession.notifyListener (/home/dhanish/fabric_sfc/caliper-bench/node_modules/fabric-network/lib/impl/event/commitlistenersession.js:101:18)
    at EventListener.callback (/home/dhanish/fabric_sfc/caliper-bench/node_modules/fabric-network/lib/impl/event/commitlistenersession.js:92:18)
    at EventListener.onEvent (/home/dhanish/fabric_sfc/caliper-bench/node_modules/fabric-common/lib/EventListener.js:124:10)
    at EventService._callTransactionListener (/home/dhanish/fabric_sfc/caliper-bench/node_modules/fabric-common/lib/EventService.js:1051:16)
    at EventService._processTxEvents (/home/dhanish/fabric_sfc/caliper-bench/node_modules/fabric-common/lib/EventService.js:1006:12)
    at ClientDuplexStreamImpl.<anonymous> (/home/dhanish/fabric_sfc/caliper-bench/node_modules/fabric-common/lib/EventService.js:481:12)
    at ClientDuplexStreamImpl.emit (node:events:517:28)
    at addChunk (node:internal/streams/readable:368:12)
    at readableAddChunk (node:internal/streams/readable:341:9) {
  transactionId: '5fcb05a98196658c1c853b6abcdf851829f16edd8d992ab408b79033bfab6aec',
  transactionCode: 'MVCC_READ_CONFLICT'
}
2026-08-11T09:20:53.479Z - [33mwarn[39m: [TransactionEventHandler]: strategyFail: commit failure for transaction "d1da026a0ee0678101abe5c9dc4dea5e22ba5a5784f0a499e2c214b96f5a8fde": TransactionError: Commit of transaction d1da026a0ee0678101abe5c9dc4dea5e22ba5a5784f0a499e2c214b96f5a8fde failed on peer peer0.financiers.example.com:7051 with status MVCC_READ_CONFLICT
    at TransactionEventHandler.eventCallback (/home/dhanish/fabric_sfc/caliper-bench/node_modules/fabric-network/lib/impl/event/transactioneventhandler.js:111:31)
    at CommitListenerSession.notifyListener (/home/dhanish/fabric_sfc/caliper-bench/node_modules/fabric-network/lib/impl/event/commitlistenersession.js:101:18)
    at EventListener.callback (/home/dhanish/fabric_sfc/caliper-bench/node_modules/fabric-network/lib/impl/event/commitlistenersession.js:92:18)
    at EventListener.onEvent (/home/dhanish/fabric_sfc/caliper-bench/node_modules/fabric-common/lib/EventListener.js:124:10)
    at EventService._callTransactionListener (/home/dhanish/fabric_sfc/caliper-bench/node_modules/fabric-common/lib/EventService.js:1051:16)
    at EventService._processTxEvents (/home/dhanish/fabric_sfc/caliper-bench/node_modules/fabric-common/lib/EventService.js:1006:12)
    at ClientDuplexStreamImpl.<anonymous> (/home/dhanish/fabric_sfc/caliper-bench/node_modules/fabric-common/lib/EventService.js:481:12)
    at ClientDuplexStreamImpl.emit (node:events:517:28)
    at addChunk (node:internal/streams/readable:368:12)
    at readableAddChunk (node:internal/streams/readable:341:9) {
  transactionId: 'd1da026a0ee0678101abe5c9dc4dea5e22ba5a5784f0a499e2c214b96f5a8fde',
  transactionCode: 'MVCC_READ_CONFLICT'
}
2026-08-11T09:20:53.479Z - [33mwarn[39m: [TransactionEventHandler]: strategyFail: commit failure for transaction "a3fbf010d9d3780fa8ba18ee168aa05e6a18cd70c83523692bf3d1311f1d9601": TransactionError: Commit of transaction a3fbf010d9d3780fa8ba18ee168aa05e6a18cd70c83523692bf3d1311f1d9601 failed on peer peer0.financiers.example.com:7051 with status MVCC_READ_CONFLICT
    at TransactionEventHandler.eventCallback (/home/dhanish/fabric_sfc/caliper-bench/node_modules/fabric-network/lib/impl/event/transactioneventhandler.js:111:31)
    at CommitListenerSession.notifyListener (/home/dhanish/fabric_sfc/caliper-bench/node_modules/fabric-network/lib/impl/event/commitlistenersession.js:101:18)
    at EventListener.callback (/home/dhanish/fabric_sfc/caliper-bench/node_modules/fabric-network/lib/impl/event/commitlistenersession.js:92:18)
    at EventListener.onEvent (/home/dhanish/fabric_sfc/caliper-bench/node_modules/fabric-common/lib/EventListener.js:124:10)
    at EventService._callTransactionListener (/home/dhanish/fabric_sfc/caliper-bench/node_modules/fabric-common/lib/EventService.js:1051:16)
    at EventService._processTxEvents (/home/dhanish/fabric_sfc/caliper-bench/node_modules/fabric-common/lib/EventService.js:1006:12)
    at ClientDuplexStreamImpl.<anonymous> (/home/dhanish/fabric_sfc/caliper-bench/node_modules/fabric-common/lib/EventService.js:481:12)
    at ClientDuplexStreamImpl.emit (node:events:517:28)
    at addChunk (node:internal/streams/readable:368:12)
    at readableAddChunk (node:internal/streams/readable:341:9) {
  transactionId: 'a3fbf010d9d3780fa8ba18ee168aa05e6a18cd70c83523692bf3d1311f1d9601',
  transactionCode: 'MVCC_READ_CONFLICT'
}
2026.08.11-09:20:53.479[31m error[39m [caliper] [connectors/v2/FabricGateway] 	Failed to perform submit transaction [updateFinancierRLOffer] using arguments [User5,{"aprPct":14.46,"tenorDays":21,"ltvPct":70,"penaltyPct":0.5,"modelVersion":"caliper-workload"}],  with error: TransactionError: Commit of transaction 3a3205d97eb5d672d1c525f5888a6ce706c6e5e0b003aa5756b5e84577a444e9 failed on peer peer0.financiers.example.com:7051 with status MVCC_READ_CONFLICT
    at TransactionEventHandler.eventCallback (/home/dhanish/fabric_sfc/caliper-bench/node_modules/fabric-network/lib/impl/event/transactioneventhandler.js:111:31)
    at CommitListenerSession.notifyListener (/home/dhanish/fabric_sfc/caliper-bench/node_modules/fabric-network/lib/impl/event/commitlistenersession.js:101:18)
    at EventListener.callback (/home/dhanish/fabric_sfc/caliper-bench/node_modules/fabric-network/lib/impl/event/commitlistenersession.js:92:18)
    at EventListener.onEvent (/home/dhanish/fabric_sfc/caliper-bench/node_modules/fabric-common/lib/EventListener.js:124:10)
    at EventService._callTransactionListener (/home/dhanish/fabric_sfc/caliper-bench/node_modules/fabric-common/lib/EventService.js:1051:16)
    at EventService._processTxEvents (/home/dhanish/fabric_sfc/caliper-bench/node_modules/fabric-common/lib/EventService.js:1006:12)
    at ClientDuplexStreamImpl.<anonymous> (/home/dhanish/fabric_sfc/caliper-bench/node_modules/fabric-common/lib/EventService.js:481:12)
    at ClientDuplexStreamImpl.emit (node:events:517:28)
    at addChunk (node:internal/streams/readable:368:12)
    at readableAddChunk (node:internal/streams/readable:341:9)
2026-08-11T09:20:53.480Z - [33mwarn[39m: [TransactionEventHandler]: strategyFail: commit failure for transaction "cd19f717936539e701c5021a27742ef2f702b69fa864e68c7737ed7b301117c5": TransactionError: Commit of transaction cd19f717936539e701c5021a27742ef2f702b69fa864e68c7737ed7b301117c5 failed on peer peer0.financiers.example.com:7051 with status MVCC_READ_CONFLICT
    at TransactionEventHandler.eventCallback (/home/dhanish/fabric_sfc/caliper-bench/node_modules/fabric-network/lib/impl/event/transactioneventhandler.js:111:31)
    at CommitListenerSession.notifyListener (/home/dhanish/fabric_sfc/caliper-bench/node_modules/fabric-network/lib/impl/event/commitlistenersession.js:101:18)
    at EventListener.callback (/home/dhanish/fabric_sfc/caliper-bench/node_modules/fabric-network/lib/impl/event/commitlistenersession.js:92:18)
    at EventListener.onEvent (/home/dhanish/fabric_sfc/caliper-bench/node_modules/fabric-common/lib/EventListener.js:124:10)
    at EventService._callTransactionListener (/home/dhanish/fabric_sfc/caliper-bench/node_modules/fabric-common/lib/EventService.js:1051:16)
    at EventService._processTxEvents (/home/dhanish/fabric_sfc/caliper-bench/node_modules/fabric-common/lib/EventService.js:1006:12)
    at ClientDuplexStreamImpl.<anonymous> (/home/dhanish/fabric_sfc/caliper-bench/node_modules/fabric-common/lib/EventService.js:481:12)
    at ClientDuplexStreamImpl.emit (node:events:517:28)
    at addChunk (node:internal/streams/readable:368:12)
    at readableAddChunk (node:internal/streams/readable:341:9) {
  transactionId: 'cd19f717936539e701c5021a27742ef2f702b69fa864e68c7737ed7b301117c5',
  transactionCode: 'MVCC_READ_CONFLICT'
}
2026.08.11-09:20:53.480[31m error[39m [caliper] [connectors/v2/FabricGateway] 	Failed to perform submit transaction [updateFinancierRLOffer] using arguments [User5,{"aprPct":14.72,"tenorDays":21,"ltvPct":70,"penaltyPct":0.5,"modelVersion":"caliper-workload"}],  with error: TransactionError: Commit of transaction 89d284f2ba7795b2809fad7869777cc02208af963692e7682ae0e5a633b673b8 failed on peer peer0.financiers.example.com:7051 with status MVCC_READ_CONFLICT
    at TransactionEventHandler.eventCallback (/home/dhanish/fabric_sfc/caliper-bench/node_modules/fabric-network/lib/impl/event/transactioneventhandler.js:111:31)
    at CommitListenerSession.notifyListener (/home/dhanish/fabric_sfc/caliper-bench/node_modules/fabric-network/lib/impl/event/commitlistenersession.js:101:18)
    at EventListener.callback (/home/dhanish/fabric_sfc/caliper-bench/node_modules/fabric-network/lib/impl/event/commitlistenersession.js:92:18)
    at EventListener.onEvent (/home/dhanish/fabric_sfc/caliper-bench/node_modules/fabric-common/lib/EventListener.js:124:10)
    at EventService._callTransactionListener (/home/dhanish/fabric_sfc/caliper-bench/node_modules/fabric-common/lib/EventService.js:1051:16)
    at EventService._processTxEvents (/home/dhanish/fabric_sfc/caliper-bench/node_modules/fabric-common/lib/EventService.js:1006:12)
    at ClientDuplexStreamImpl.<anonymous> (/home/dhanish/fabric_sfc/caliper-bench/node_modules/fabric-common/lib/EventService.js:481:12)
    at ClientDuplexStreamImpl.emit (node:events:517:28)
    at addChunk (node:internal/streams/readable:368:12)
    at readableAddChunk (node:internal/streams/readable:341:9)
2026.08.11-09:20:53.480[31m error[39m [caliper] [connectors/v2/FabricGateway] 	Failed to perform submit transaction [updateFinancierRLOffer] using arguments [User2,{"aprPct":16.97,"tenorDays":21,"ltvPct":70,"penaltyPct":0.5,"modelVersion":"caliper-workload"}],  with error: TransactionError: Commit of transaction 5fcb05a98196658c1c853b6abcdf851829f16edd8d992ab408b79033bfab6aec failed on peer peer0.financiers.example.com:7051 with status MVCC_READ_CONFLICT
    at TransactionEventHandler.eventCallback (/home/dhanish/fabric_sfc/caliper-bench/node_modules/fabric-network/lib/impl/event/transactioneventhandler.js:111:31)
    at CommitListenerSession.notifyListener (/home/dhanish/fabric_sfc/caliper-bench/node_modules/fabric-network/lib/impl/event/commitlistenersession.js:101:18)
    at EventListener.callback (/home/dhanish/fabric_sfc/caliper-bench/node_modules/fabric-network/lib/impl/event/commitlistenersession.js:92:18)
    at EventListener.onEvent (/home/dhanish/fabric_sfc/caliper-bench/node_modules/fabric-common/lib/EventListener.js:124:10)
    at EventService._callTransactionListener (/home/dhanish/fabric_sfc/caliper-bench/node_modules/fabric-common/lib/EventService.js:1051:16)
    at EventService._processTxEvents (/home/dhanish/fabric_sfc/caliper-bench/node_modules/fabric-common/lib/EventService.js:1006:12)
    at ClientDuplexStreamImpl.<anonymous> (/home/dhanish/fabric_sfc/caliper-bench/node_modules/fabric-common/lib/EventService.js:481:12)
    at ClientDuplexStreamImpl.emit (node:events:517:28)
    at addChunk (node:internal/streams/readable:368:12)
    at readableAddChunk (node:internal/streams/readable:341:9)
2026.08.11-09:20:53.480[31m error[39m [caliper] [connectors/v2/FabricGateway] 	Failed to perform submit transaction [updateFinancierRLOffer] using arguments [User3,{"aprPct":13.63,"tenorDays":28,"ltvPct":70,"penaltyPct":0.5,"modelVersion":"caliper-workload"}],  with error: TransactionError: Commit of transaction 01725ad3e9ece1023074d54cc9685e0f11f79e37151573ee8ba25e2a51012f87 failed on peer peer0.financiers.example.com:7051 with status MVCC_READ_CONFLICT
    at TransactionEventHandler.eventCallback (/home/dhanish/fabric_sfc/caliper-bench/node_modules/fabric-network/lib/impl/event/transactioneventhandler.js:111:31)
    at CommitListenerSession.notifyListener (/home/dhanish/fabric_sfc/caliper-bench/node_modules/fabric-network/lib/impl/event/commitlistenersession.js:101:18)
    at EventListener.callback (/home/dhanish/fabric_sfc/caliper-bench/node_modules/fabric-network/lib/impl/event/commitlistenersession.js:92:18)
    at EventListener.onEvent (/home/dhanish/fabric_sfc/caliper-bench/node_modules/fabric-common/lib/EventListener.js:124:10)
    at EventService._callTransactionListener (/home/dhanish/fabric_sfc/caliper-bench/node_modules/fabric-common/lib/EventService.js:1051:16)
    at EventService._processTxEvents (/home/dhanish/fabric_sfc/caliper-bench/node_modules/fabric-common/lib/EventService.js:1006:12)
    at ClientDuplexStreamImpl.<anonymous> (/home/dhanish/fabric_sfc/caliper-bench/node_modules/fabric-common/lib/EventService.js:481:12)
    at ClientDuplexStreamImpl.emit (node:events:517:28)
    at addChunk (node:internal/streams/readable:368:12)
    at readableAddChunk (node:internal/streams/readable:341:9)
2026.08.11-09:20:53.480[31m error[39m [caliper] [connectors/v2/FabricGateway] 	Failed to perform submit transaction [updateFinancierRLOffer] using arguments [User2,{"aprPct":15.4,"tenorDays":21,"ltvPct":70,"penaltyPct":0.5,"modelVersion":"caliper-workload"}],  with error: TransactionError: Commit of transaction a3fbf010d9d3780fa8ba18ee168aa05e6a18cd70c83523692bf3d1311f1d9601 failed on peer peer0.financiers.example.com:7051 with status MVCC_READ_CONFLICT
    at TransactionEventHandler.eventCallback (/home/dhanish/fabric_sfc/caliper-bench/node_modules/fabric-network/lib/impl/event/transactioneventhandler.js:111:31)
    at CommitListenerSession.notifyListener (/home/dhanish/fabric_sfc/caliper-bench/node_modules/fabric-network/lib/impl/event/commitlistenersession.js:101:18)
    at EventListener.callback (/home/dhanish/fabric_sfc/caliper-bench/node_modules/fabric-network/lib/impl/event/commitlistenersession.js:92:18)
    at EventListener.onEvent (/home/dhanish/fabric_sfc/caliper-bench/node_modules/fabric-common/lib/EventListener.js:124:10)
    at EventService._callTransactionListener (/home/dhanish/fabric_sfc/caliper-bench/node_modules/fabric-common/lib/EventService.js:1051:16)
    at EventService._processTxEvents (/home/dhanish/fabric_sfc/caliper-bench/node_modules/fabric-common/lib/EventService.js:1006:12)
    at ClientDuplexStreamImpl.<anonymous> (/home/dhanish/fabric_sfc/caliper-bench/node_modules/fabric-common/lib/EventService.js:481:12)
    at ClientDuplexStreamImpl.emit (node:events:517:28)
    at addChunk (node:internal/streams/readable:368:12)
    at readableAddChunk (node:internal/streams/readable:341:9)
2026.08.11-09:20:53.480[31m error[39m [caliper] [connectors/v2/FabricGateway] 	Failed to perform submit transaction [updateFinancierRLOffer] using arguments [User3,{"aprPct":15.46,"tenorDays":28,"ltvPct":70,"penaltyPct":0.5,"modelVersion":"caliper-workload"}],  with error: TransactionError: Commit of transaction d1da026a0ee0678101abe5c9dc4dea5e22ba5a5784f0a499e2c214b96f5a8fde failed on peer peer0.financiers.example.com:7051 with status MVCC_READ_CONFLICT
    at TransactionEventHandler.eventCallback (/home/dhanish/fabric_sfc/caliper-bench/node_modules/fabric-network/lib/impl/event/transactioneventhandler.js:111:31)
    at CommitListenerSession.notifyListener (/home/dhanish/fabric_sfc/caliper-bench/node_modules/fabric-network/lib/impl/event/commitlistenersession.js:101:18)
    at EventListener.callback (/home/dhanish/fabric_sfc/caliper-bench/node_modules/fabric-network/lib/impl/event/commitlistenersession.js:92:18)
    at EventListener.onEvent (/home/dhanish/fabric_sfc/caliper-bench/node_modules/fabric-common/lib/EventListener.js:124:10)
    at EventService._callTransactionListener (/home/dhanish/fabric_sfc/caliper-bench/node_modules/fabric-common/lib/EventService.js:1051:16)
    at EventService._processTxEvents (/home/dhanish/fabric_sfc/caliper-bench/node_modules/fabric-common/lib/EventService.js:1006:12)
    at ClientDuplexStreamImpl.<anonymous> (/home/dhanish/fabric_sfc/caliper-bench/node_modules/fabric-common/lib/EventService.js:481:12)
    at ClientDuplexStreamImpl.emit (node:events:517:28)
    at addChunk (node:internal/streams/readable:368:12)
    at readableAddChunk (node:internal/streams/readable:341:9)
2026.08.11-09:20:53.480[31m error[39m [caliper] [connectors/v2/FabricGateway] 	Failed to perform submit transaction [updateFinancierRLOffer] using arguments [User3,{"aprPct":16.66,"tenorDays":28,"ltvPct":70,"penaltyPct":0.5,"modelVersion":"caliper-workload"}],  with error: TransactionError: Commit of transaction cd19f717936539e701c5021a27742ef2f702b69fa864e68c7737ed7b301117c5 failed on peer peer0.financiers.example.com:7051 with status MVCC_READ_CONFLICT
    at TransactionEventHandler.eventCallback (/home/dhanish/fabric_sfc/caliper-bench/node_modules/fabric-network/lib/impl/event/transactioneventhandler.js:111:31)
    at CommitListenerSession.notifyListener (/home/dhanish/fabric_sfc/caliper-bench/node_modules/fabric-network/lib/impl/event/commitlistenersession.js:101:18)
    at EventListener.callback (/home/dhanish/fabric_sfc/caliper-bench/node_modules/fabric-network/lib/impl/event/commitlistenersession.js:92:18)
    at EventListener.onEvent (/home/dhanish/fabric_sfc/caliper-bench/node_modules/fabric-common/lib/EventListener.js:124:10)
    at EventService._callTransactionListener (/home/dhanish/fabric_sfc/caliper-bench/node_modules/fabric-common/lib/EventService.js:1051:16)
    at EventService._processTxEvents (/home/dhanish/fabric_sfc/caliper-bench/node_modules/fabric-common/lib/EventService.js:1006:12)
    at ClientDuplexStreamImpl.<anonymous> (/home/dhanish/fabric_sfc/caliper-bench/node_modules/fabric-common/lib/EventService.js:481:12)
    at ClientDuplexStreamImpl.emit (node:events:517:28)
    at addChunk (node:internal/streams/readable:368:12)
    at readableAddChunk (node:internal/streams/readable:341:9)
2026-08-11T09:20:53.484Z - [33mwarn[39m: [TransactionEventHandler]: strategyFail: commit failure for transaction "b0712368b37c524f9478795af1001e6bdd83eed05e34dda0b3d924959324b0cf": TransactionError: Commit of transaction b0712368b37c524f9478795af1001e6bdd83eed05e34dda0b3d924959324b0cf failed on peer peer0.financiers.example.com:7051 with status MVCC_READ_CONFLICT
    at TransactionEventHandler.eventCallback (/home/dhanish/fabric_sfc/caliper-bench/node_modules/fabric-network/lib/impl/event/transactioneventhandler.js:111:31)
    at CommitListenerSession.notifyListener (/home/dhanish/fabric_sfc/caliper-bench/node_modules/fabric-network/lib/impl/event/commitlistenersession.js:101:18)
    at EventListener.callback (/home/dhanish/fabric_sfc/caliper-bench/node_modules/fabric-network/lib/impl/event/commitlistenersession.js:92:18)
    at EventListener.onEvent (/home/dhanish/fabric_sfc/caliper-bench/node_modules/fabric-common/lib/EventListener.js:124:10)
    at EventService._callTransactionListener (/home/dhanish/fabric_sfc/caliper-bench/node_modules/fabric-common/lib/EventService.js:1051:16)
    at EventService._processTxEvents (/home/dhanish/fabric_sfc/caliper-bench/node_modules/fabric-common/lib/EventService.js:1006:12)
    at ClientDuplexStreamImpl.<anonymous> (/home/dhanish/fabric_sfc/caliper-bench/node_modules/fabric-common/lib/EventService.js:481:12)
    at ClientDuplexStreamImpl.emit (node:events:517:28)
    at addChunk (node:internal/streams/readable:368:12)
    at readableAddChunk (node:internal/streams/readable:341:9) {
  transactionId: 'b0712368b37c524f9478795af1001e6bdd83eed05e34dda0b3d924959324b0cf',
  transactionCode: 'MVCC_READ_CONFLICT'
}
2026-08-11T09:20:53.485Z - [33mwarn[39m: [TransactionEventHandler]: strategyFail: commit failure for transaction "074da3bab1f7fa8579297df121ab829b5de31403ae9f8a4a5f10c6e9592ef154": TransactionError: Commit of transaction 074da3bab1f7fa8579297df121ab829b5de31403ae9f8a4a5f10c6e9592ef154 failed on peer peer0.financiers.example.com:7051 with status MVCC_READ_CONFLICT
    at TransactionEventHandler.eventCallback (/home/dhanish/fabric_sfc/caliper-bench/node_modules/fabric-network/lib/impl/event/transactioneventhandler.js:111:31)
    at CommitListenerSession.notifyListener (/home/dhanish/fabric_sfc/caliper-bench/node_modules/fabric-network/lib/impl/event/commitlistenersession.js:101:18)
    at EventListener.callback (/home/dhanish/fabric_sfc/caliper-bench/node_modules/fabric-network/lib/impl/event/commitlistenersession.js:92:18)
    at EventListener.onEvent (/home/dhanish/fabric_sfc/caliper-bench/node_modules/fabric-common/lib/EventListener.js:124:10)
    at EventService._callTransactionListener (/home/dhanish/fabric_sfc/caliper-bench/node_modules/fabric-common/lib/EventService.js:1051:16)
    at EventService._processTxEvents (/home/dhanish/fabric_sfc/caliper-bench/node_modules/fabric-common/lib/EventService.js:1006:12)
    at ClientDuplexStreamImpl.<anonymous> (/home/dhanish/fabric_sfc/caliper-bench/node_modules/fabric-common/lib/EventService.js:481:12)
    at ClientDuplexStreamImpl.emit (node:events:517:28)
    at addChunk (node:internal/streams/readable:368:12)
    at readableAddChunk (node:internal/streams/readable:341:9) {
  transactionId: '074da3bab1f7fa8579297df121ab829b5de31403ae9f8a4a5f10c6e9592ef154',
  transactionCode: 'MVCC_READ_CONFLICT'
}
2026-08-11T09:20:53.485Z - [33mwarn[39m: [TransactionEventHandler]: strategyFail: commit failure for transaction "7398fe4a86e4c2218f96a6031f073f51a619230ad868f1d4ceb13a2e132f7a41": TransactionError: Commit of transaction 7398fe4a86e4c2218f96a6031f073f51a619230ad868f1d4ceb13a2e132f7a41 failed on peer peer0.financiers.example.com:7051 with status MVCC_READ_CONFLICT
    at TransactionEventHandler.eventCallback (/home/dhanish/fabric_sfc/caliper-bench/node_modules/fabric-network/lib/impl/event/transactioneventhandler.js:111:31)
    at CommitListenerSession.notifyListener (/home/dhanish/fabric_sfc/caliper-bench/node_modules/fabric-network/lib/impl/event/commitlistenersession.js:101:18)
    at EventListener.callback (/home/dhanish/fabric_sfc/caliper-bench/node_modules/fabric-network/lib/impl/event/commitlistenersession.js:92:18)
    at EventListener.onEvent (/home/dhanish/fabric_sfc/caliper-bench/node_modules/fabric-common/lib/EventListener.js:124:10)
    at EventService._callTransactionListener (/home/dhanish/fabric_sfc/caliper-bench/node_modules/fabric-common/lib/EventService.js:1051:16)
    at EventService._processTxEvents (/home/dhanish/fabric_sfc/caliper-bench/node_modules/fabric-common/lib/EventService.js:1006:12)
    at ClientDuplexStreamImpl.<anonymous> (/home/dhanish/fabric_sfc/caliper-bench/node_modules/fabric-common/lib/EventService.js:481:12)
    at ClientDuplexStreamImpl.emit (node:events:517:28)
    at addChunk (node:internal/streams/readable:368:12)
    at readableAddChunk (node:internal/streams/readable:341:9) {
  transactionId: '7398fe4a86e4c2218f96a6031f073f51a619230ad868f1d4ceb13a2e132f7a41',
  transactionCode: 'MVCC_READ_CONFLICT'
}
2026.08.11-09:20:53.486[31m error[39m [caliper] [connectors/v2/FabricGateway] 	Failed to perform submit transaction [updateFinancierRLOffer] using arguments [User4,{"aprPct":15.63,"tenorDays":14,"ltvPct":70,"penaltyPct":0.5,"modelVersion":"caliper-workload"}],  with error: TransactionError: Commit of transaction b0712368b37c524f9478795af1001e6bdd83eed05e34dda0b3d924959324b0cf failed on peer peer0.financiers.example.com:7051 with status MVCC_READ_CONFLICT
    at TransactionEventHandler.eventCallback (/home/dhanish/fabric_sfc/caliper-bench/node_modules/fabric-network/lib/impl/event/transactioneventhandler.js:111:31)
    at CommitListenerSession.notifyListener (/home/dhanish/fabric_sfc/caliper-bench/node_modules/fabric-network/lib/impl/event/commitlistenersession.js:101:18)
    at EventListener.callback (/home/dhanish/fabric_sfc/caliper-bench/node_modules/fabric-network/lib/impl/event/commitlistenersession.js:92:18)
    at EventListener.onEvent (/home/dhanish/fabric_sfc/caliper-bench/node_modules/fabric-common/lib/EventListener.js:124:10)
    at EventService._callTransactionListener (/home/dhanish/fabric_sfc/caliper-bench/node_modules/fabric-common/lib/EventService.js:1051:16)
    at EventService._processTxEvents (/home/dhanish/fabric_sfc/caliper-bench/node_modules/fabric-common/lib/EventService.js:1006:12)
    at ClientDuplexStreamImpl.<anonymous> (/home/dhanish/fabric_sfc/caliper-bench/node_modules/fabric-common/lib/EventService.js:481:12)
    at ClientDuplexStreamImpl.emit (node:events:517:28)
    at addChunk (node:internal/streams/readable:368:12)
    at readableAddChunk (node:internal/streams/readable:341:9)
2026.08.11-09:20:53.486[31m error[39m [caliper] [connectors/v2/FabricGateway] 	Failed to perform submit transaction [updateFinancierRLOffer] using arguments [User4,{"aprPct":14.84,"tenorDays":14,"ltvPct":70,"penaltyPct":0.5,"modelVersion":"caliper-workload"}],  with error: TransactionError: Commit of transaction 074da3bab1f7fa8579297df121ab829b5de31403ae9f8a4a5f10c6e9592ef154 failed on peer peer0.financiers.example.com:7051 with status MVCC_READ_CONFLICT
    at TransactionEventHandler.eventCallback (/home/dhanish/fabric_sfc/caliper-bench/node_modules/fabric-network/lib/impl/event/transactioneventhandler.js:111:31)
    at CommitListenerSession.notifyListener (/home/dhanish/fabric_sfc/caliper-bench/node_modules/fabric-network/lib/impl/event/commitlistenersession.js:101:18)
    at EventListener.callback (/home/dhanish/fabric_sfc/caliper-bench/node_modules/fabric-network/lib/impl/event/commitlistenersession.js:92:18)
    at EventListener.onEvent (/home/dhanish/fabric_sfc/caliper-bench/node_modules/fabric-common/lib/EventListener.js:124:10)
    at EventService._callTransactionListener (/home/dhanish/fabric_sfc/caliper-bench/node_modules/fabric-common/lib/EventService.js:1051:16)
    at EventService._processTxEvents (/home/dhanish/fabric_sfc/caliper-bench/node_modules/fabric-common/lib/EventService.js:1006:12)
    at ClientDuplexStreamImpl.<anonymous> (/home/dhanish/fabric_sfc/caliper-bench/node_modules/fabric-common/lib/EventService.js:481:12)
    at ClientDuplexStreamImpl.emit (node:events:517:28)
    at addChunk (node:internal/streams/readable:368:12)
    at readableAddChunk (node:internal/streams/readable:341:9)
2026.08.11-09:20:53.486[31m error[39m [caliper] [connectors/v2/FabricGateway] 	Failed to perform submit transaction [updateFinancierRLOffer] using arguments [User4,{"aprPct":13.42,"tenorDays":14,"ltvPct":70,"penaltyPct":0.5,"modelVersion":"caliper-workload"}],  with error: TransactionError: Commit of transaction 7398fe4a86e4c2218f96a6031f073f51a619230ad868f1d4ceb13a2e132f7a41 failed on peer peer0.financiers.example.com:7051 with status MVCC_READ_CONFLICT
    at TransactionEventHandler.eventCallback (/home/dhanish/fabric_sfc/caliper-bench/node_modules/fabric-network/lib/impl/event/transactioneventhandler.js:111:31)
    at CommitListenerSession.notifyListener (/home/dhanish/fabric_sfc/caliper-bench/node_modules/fabric-network/lib/impl/event/commitlistenersession.js:101:18)
    at EventListener.callback (/home/dhanish/fabric_sfc/caliper-bench/node_modules/fabric-network/lib/impl/event/commitlistenersession.js:92:18)
    at EventListener.onEvent (/home/dhanish/fabric_sfc/caliper-bench/node_modules/fabric-common/lib/EventListener.js:124:10)
    at EventService._callTransactionListener (/home/dhanish/fabric_sfc/caliper-bench/node_modules/fabric-common/lib/EventService.js:1051:16)
    at EventService._processTxEvents (/home/dhanish/fabric_sfc/caliper-bench/node_modules/fabric-common/lib/EventService.js:1006:12)
    at ClientDuplexStreamImpl.<anonymous> (/home/dhanish/fabric_sfc/caliper-bench/node_modules/fabric-common/lib/EventService.js:481:12)
    at ClientDuplexStreamImpl.emit (node:events:517:28)
    at addChunk (node:internal/streams/readable:368:12)
    at readableAddChunk (node:internal/streams/readable:341:9)
2026-08-11T09:20:53.512Z - [33mwarn[39m: [TransactionEventHandler]: strategyFail: commit failure for transaction "9682192979535c8fb4741f7bea8035a86590e9397c327181f0bb92f21a30f3fe": TransactionError: Commit of transaction 9682192979535c8fb4741f7bea8035a86590e9397c327181f0bb92f21a30f3fe failed on peer peer0.financiers.example.com:7051 with status MVCC_READ_CONFLICT
    at TransactionEventHandler.eventCallback (/home/dhanish/fabric_sfc/caliper-bench/node_modules/fabric-network/lib/impl/event/transactioneventhandler.js:111:31)
    at CommitListenerSession.notifyListener (/home/dhanish/fabric_sfc/caliper-bench/node_modules/fabric-network/lib/impl/event/commitlistenersession.js:101:18)
    at EventListener.callback (/home/dhanish/fabric_sfc/caliper-bench/node_modules/fabric-network/lib/impl/event/commitlistenersession.js:92:18)
    at EventListener.onEvent (/home/dhanish/fabric_sfc/caliper-bench/node_modules/fabric-common/lib/EventListener.js:124:10)
    at EventService._callTransactionListener (/home/dhanish/fabric_sfc/caliper-bench/node_modules/fabric-common/lib/EventService.js:1051:16)
    at EventService._processTxEvents (/home/dhanish/fabric_sfc/caliper-bench/node_modules/fabric-common/lib/EventService.js:1006:12)
    at ClientDuplexStreamImpl.<anonymous> (/home/dhanish/fabric_sfc/caliper-bench/node_modules/fabric-common/lib/EventService.js:481:12)
    at ClientDuplexStreamImpl.emit (node:events:517:28)
    at addChunk (node:internal/streams/readable:368:12)
    at readableAddChunk (node:internal/streams/readable:341:9) {
  transactionId: '9682192979535c8fb4741f7bea8035a86590e9397c327181f0bb92f21a30f3fe',
  transactionCode: 'MVCC_READ_CONFLICT'
}
2026-08-11T09:20:53.512Z - [33mwarn[39m: [TransactionEventHandler]: strategyFail: commit failure for transaction "6fbb084ce9eef62c25ca6e1db0df877da59511cb1be07c7b49c8ae52d0b42fc3": TransactionError: Commit of transaction 6fbb084ce9eef62c25ca6e1db0df877da59511cb1be07c7b49c8ae52d0b42fc3 failed on peer peer0.financiers.example.com:7051 with status MVCC_READ_CONFLICT
    at TransactionEventHandler.eventCallback (/home/dhanish/fabric_sfc/caliper-bench/node_modules/fabric-network/lib/impl/event/transactioneventhandler.js:111:31)
    at CommitListenerSession.notifyListener (/home/dhanish/fabric_sfc/caliper-bench/node_modules/fabric-network/lib/impl/event/commitlistenersession.js:101:18)
    at EventListener.callback (/home/dhanish/fabric_sfc/caliper-bench/node_modules/fabric-network/lib/impl/event/commitlistenersession.js:92:18)
    at EventListener.onEvent (/home/dhanish/fabric_sfc/caliper-bench/node_modules/fabric-common/lib/EventListener.js:124:10)
    at EventService._callTransactionListener (/home/dhanish/fabric_sfc/caliper-bench/node_modules/fabric-common/lib/EventService.js:1051:16)
    at EventService._processTxEvents (/home/dhanish/fabric_sfc/caliper-bench/node_modules/fabric-common/lib/EventService.js:1006:12)
    at ClientDuplexStreamImpl.<anonymous> (/home/dhanish/fabric_sfc/caliper-bench/node_modules/fabric-common/lib/EventService.js:481:12)
    at ClientDuplexStreamImpl.emit (node:events:517:28)
    at addChunk (node:internal/streams/readable:368:12)
    at readableAddChunk (node:internal/streams/readable:341:9) {
  transactionId: '6fbb084ce9eef62c25ca6e1db0df877da59511cb1be07c7b49c8ae52d0b42fc3',
  transactionCode: 'MVCC_READ_CONFLICT'
}
2026-08-11T09:20:53.512Z - [33mwarn[39m: [TransactionEventHandler]: strategyFail: commit failure for transaction "350b57dda2d56b40c38406569e6ff5ddaf1b81b98bba25d039d011c5a0d1d87f": TransactionError: Commit of transaction 350b57dda2d56b40c38406569e6ff5ddaf1b81b98bba25d039d011c5a0d1d87f failed on peer peer0.financiers.example.com:7051 with status MVCC_READ_CONFLICT
    at TransactionEventHandler.eventCallback (/home/dhanish/fabric_sfc/caliper-bench/node_modules/fabric-network/lib/impl/event/transactioneventhandler.js:111:31)
    at CommitListenerSession.notifyListener (/home/dhanish/fabric_sfc/caliper-bench/node_modules/fabric-network/lib/impl/event/commitlistenersession.js:101:18)
    at EventListener.callback (/home/dhanish/fabric_sfc/caliper-bench/node_modules/fabric-network/lib/impl/event/commitlistenersession.js:92:18)
    at EventListener.onEvent (/home/dhanish/fabric_sfc/caliper-bench/node_modules/fabric-common/lib/EventListener.js:124:10)
    at EventService._callTransactionListener (/home/dhanish/fabric_sfc/caliper-bench/node_modules/fabric-common/lib/EventService.js:1051:16)
    at EventService._processTxEvents (/home/dhanish/fabric_sfc/caliper-bench/node_modules/fabric-common/lib/EventService.js:1006:12)
    at ClientDuplexStreamImpl.<anonymous> (/home/dhanish/fabric_sfc/caliper-bench/node_modules/fabric-common/lib/EventService.js:481:12)
    at ClientDuplexStreamImpl.emit (node:events:517:28)
    at addChunk (node:internal/streams/readable:368:12)
    at readableAddChunk (node:internal/streams/readable:341:9) {
  transactionId: '350b57dda2d56b40c38406569e6ff5ddaf1b81b98bba25d039d011c5a0d1d87f',
  transactionCode: 'MVCC_READ_CONFLICT'
}
2026.08.11-09:20:53.512[31m error[39m [caliper] [connectors/v2/FabricGateway] 	Failed to perform submit transaction [updateFinancierRLOffer] using arguments [User3,{"aprPct":13.7,"tenorDays":28,"ltvPct":70,"penaltyPct":0.5,"modelVersion":"caliper-workload"}],  with error: TransactionError: Commit of transaction 9682192979535c8fb4741f7bea8035a86590e9397c327181f0bb92f21a30f3fe failed on peer peer0.financiers.example.com:7051 with status MVCC_READ_CONFLICT
    at TransactionEventHandler.eventCallback (/home/dhanish/fabric_sfc/caliper-bench/node_modules/fabric-network/lib/impl/event/transactioneventhandler.js:111:31)
    at CommitListenerSession.notifyListener (/home/dhanish/fabric_sfc/caliper-bench/node_modules/fabric-network/lib/impl/event/commitlistenersession.js:101:18)
    at EventListener.callback (/home/dhanish/fabric_sfc/caliper-bench/node_modules/fabric-network/lib/impl/event/commitlistenersession.js:92:18)
    at EventListener.onEvent (/home/dhanish/fabric_sfc/caliper-bench/node_modules/fabric-common/lib/EventListener.js:124:10)
    at EventService._callTransactionListener (/home/dhanish/fabric_sfc/caliper-bench/node_modules/fabric-common/lib/EventService.js:1051:16)
    at EventService._processTxEvents (/home/dhanish/fabric_sfc/caliper-bench/node_modules/fabric-common/lib/EventService.js:1006:12)
    at ClientDuplexStreamImpl.<anonymous> (/home/dhanish/fabric_sfc/caliper-bench/node_modules/fabric-common/lib/EventService.js:481:12)
    at ClientDuplexStreamImpl.emit (node:events:517:28)
    at addChunk (node:internal/streams/readable:368:12)
    at readableAddChunk (node:internal/streams/readable:341:9)
2026-08-11T09:20:53.513Z - [33mwarn[39m: [TransactionEventHandler]: strategyFail: commit failure for transaction "8c1862f5a10716b910c7def6ca6d489d1a092ff429d406d6f6b9c001c778751f": TransactionError: Commit of transaction 8c1862f5a10716b910c7def6ca6d489d1a092ff429d406d6f6b9c001c778751f failed on peer peer0.financiers.example.com:7051 with status MVCC_READ_CONFLICT
    at TransactionEventHandler.eventCallback (/home/dhanish/fabric_sfc/caliper-bench/node_modules/fabric-network/lib/impl/event/transactioneventhandler.js:111:31)
    at CommitListenerSession.notifyListener (/home/dhanish/fabric_sfc/caliper-bench/node_modules/fabric-network/lib/impl/event/commitlistenersession.js:101:18)
    at EventListener.callback (/home/dhanish/fabric_sfc/caliper-bench/node_modules/fabric-network/lib/impl/event/commitlistenersession.js:92:18)
    at EventListener.onEvent (/home/dhanish/fabric_sfc/caliper-bench/node_modules/fabric-common/lib/EventListener.js:124:10)
    at EventService._callTransactionListener (/home/dhanish/fabric_sfc/caliper-bench/node_modules/fabric-common/lib/EventService.js:1051:16)
    at EventService._processTxEvents (/home/dhanish/fabric_sfc/caliper-bench/node_modules/fabric-common/lib/EventService.js:1006:12)
    at ClientDuplexStreamImpl.<anonymous> (/home/dhanish/fabric_sfc/caliper-bench/node_modules/fabric-common/lib/EventService.js:481:12)
    at ClientDuplexStreamImpl.emit (node:events:517:28)
    at addChunk (node:internal/streams/readable:368:12)
    at readableAddChunk (node:internal/streams/readable:341:9) {
  transactionId: '8c1862f5a10716b910c7def6ca6d489d1a092ff429d406d6f6b9c001c778751f',
  transactionCode: 'MVCC_READ_CONFLICT'
}
2026.08.11-09:20:53.513[31m error[39m [caliper] [connectors/v2/FabricGateway] 	Failed to perform submit transaction [updateFinancierRLOffer] using arguments [User2,{"aprPct":14.44,"tenorDays":21,"ltvPct":70,"penaltyPct":0.5,"modelVersion":"caliper-workload"}],  with error: TransactionError: Commit of transaction 6fbb084ce9eef62c25ca6e1db0df877da59511cb1be07c7b49c8ae52d0b42fc3 failed on peer peer0.financiers.example.com:7051 with status MVCC_READ_CONFLICT
    at TransactionEventHandler.eventCallback (/home/dhanish/fabric_sfc/caliper-bench/node_modules/fabric-network/lib/impl/event/transactioneventhandler.js:111:31)
    at CommitListenerSession.notifyListener (/home/dhanish/fabric_sfc/caliper-bench/node_modules/fabric-network/lib/impl/event/commitlistenersession.js:101:18)
    at EventListener.callback (/home/dhanish/fabric_sfc/caliper-bench/node_modules/fabric-network/lib/impl/event/commitlistenersession.js:92:18)
    at EventListener.onEvent (/home/dhanish/fabric_sfc/caliper-bench/node_modules/fabric-common/lib/EventListener.js:124:10)
    at EventService._callTransactionListener (/home/dhanish/fabric_sfc/caliper-bench/node_modules/fabric-common/lib/EventService.js:1051:16)
    at EventService._processTxEvents (/home/dhanish/fabric_sfc/caliper-bench/node_modules/fabric-common/lib/EventService.js:1006:12)
    at ClientDuplexStreamImpl.<anonymous> (/home/dhanish/fabric_sfc/caliper-bench/node_modules/fabric-common/lib/EventService.js:481:12)
    at ClientDuplexStreamImpl.emit (node:events:517:28)
    at addChunk (node:internal/streams/readable:368:12)
    at readableAddChunk (node:internal/streams/readable:341:9)
2026.08.11-09:20:53.513[31m error[39m [caliper] [connectors/v2/FabricGateway] 	Failed to perform submit transaction [updateFinancierRLOffer] using arguments [User2,{"aprPct":16.08,"tenorDays":21,"ltvPct":70,"penaltyPct":0.5,"modelVersion":"caliper-workload"}],  with error: TransactionError: Commit of transaction 350b57dda2d56b40c38406569e6ff5ddaf1b81b98bba25d039d011c5a0d1d87f failed on peer peer0.financiers.example.com:7051 with status MVCC_READ_CONFLICT
    at TransactionEventHandler.eventCallback (/home/dhanish/fabric_sfc/caliper-bench/node_modules/fabric-network/lib/impl/event/transactioneventhandler.js:111:31)
    at CommitListenerSession.notifyListener (/home/dhanish/fabric_sfc/caliper-bench/node_modules/fabric-network/lib/impl/event/commitlistenersession.js:101:18)
    at EventListener.callback (/home/dhanish/fabric_sfc/caliper-bench/node_modules/fabric-network/lib/impl/event/commitlistenersession.js:92:18)
    at EventListener.onEvent (/home/dhanish/fabric_sfc/caliper-bench/node_modules/fabric-common/lib/EventListener.js:124:10)
    at EventService._callTransactionListener (/home/dhanish/fabric_sfc/caliper-bench/node_modules/fabric-common/lib/EventService.js:1051:16)
    at EventService._processTxEvents (/home/dhanish/fabric_sfc/caliper-bench/node_modules/fabric-common/lib/EventService.js:1006:12)
    at ClientDuplexStreamImpl.<anonymous> (/home/dhanish/fabric_sfc/caliper-bench/node_modules/fabric-common/lib/EventService.js:481:12)
    at ClientDuplexStreamImpl.emit (node:events:517:28)
    at addChunk (node:internal/streams/readable:368:12)
    at readableAddChunk (node:internal/streams/readable:341:9)
2026-08-11T09:20:53.513Z - [33mwarn[39m: [TransactionEventHandler]: strategyFail: commit failure for transaction "82df9e5d399dfeeb88ce125d9d297007b64cce51fe6552f044a2d1837433ff9f": TransactionError: Commit of transaction 82df9e5d399dfeeb88ce125d9d297007b64cce51fe6552f044a2d1837433ff9f failed on peer peer0.financiers.example.com:7051 with status MVCC_READ_CONFLICT
    at TransactionEventHandler.eventCallback (/home/dhanish/fabric_sfc/caliper-bench/node_modules/fabric-network/lib/impl/event/transactioneventhandler.js:111:31)
    at CommitListenerSession.notifyListener (/home/dhanish/fabric_sfc/caliper-bench/node_modules/fabric-network/lib/impl/event/commitlistenersession.js:101:18)
    at EventListener.callback (/home/dhanish/fabric_sfc/caliper-bench/node_modules/fabric-network/lib/impl/event/commitlistenersession.js:92:18)
    at EventListener.onEvent (/home/dhanish/fabric_sfc/caliper-bench/node_modules/fabric-common/lib/EventListener.js:124:10)
    at EventService._callTransactionListener (/home/dhanish/fabric_sfc/caliper-bench/node_modules/fabric-common/lib/EventService.js:1051:16)
    at EventService._processTxEvents (/home/dhanish/fabric_sfc/caliper-bench/node_modules/fabric-common/lib/EventService.js:1006:12)
    at ClientDuplexStreamImpl.<anonymous> (/home/dhanish/fabric_sfc/caliper-bench/node_modules/fabric-common/lib/EventService.js:481:12)
    at ClientDuplexStreamImpl.emit (node:events:517:28)
    at addChunk (node:internal/streams/readable:368:12)
    at readableAddChunk (node:internal/streams/readable:341:9) {
  transactionId: '82df9e5d399dfeeb88ce125d9d297007b64cce51fe6552f044a2d1837433ff9f',
  transactionCode: 'MVCC_READ_CONFLICT'
}
2026.08.11-09:20:53.513[31m error[39m [caliper] [connectors/v2/FabricGateway] 	Failed to perform submit transaction [updateFinancierRLOffer] using arguments [User1,{"aprPct":15.71,"tenorDays":14,"ltvPct":70,"penaltyPct":0.5,"modelVersion":"caliper-workload"}],  with error: TransactionError: Commit of transaction 8c1862f5a10716b910c7def6ca6d489d1a092ff429d406d6f6b9c001c778751f failed on peer peer0.financiers.example.com:7051 with status MVCC_READ_CONFLICT
    at TransactionEventHandler.eventCallback (/home/dhanish/fabric_sfc/caliper-bench/node_modules/fabric-network/lib/impl/event/transactioneventhandler.js:111:31)
    at CommitListenerSession.notifyListener (/home/dhanish/fabric_sfc/caliper-bench/node_modules/fabric-network/lib/impl/event/commitlistenersession.js:101:18)
    at EventListener.callback (/home/dhanish/fabric_sfc/caliper-bench/node_modules/fabric-network/lib/impl/event/commitlistenersession.js:92:18)
    at EventListener.onEvent (/home/dhanish/fabric_sfc/caliper-bench/node_modules/fabric-common/lib/EventListener.js:124:10)
    at EventService._callTransactionListener (/home/dhanish/fabric_sfc/caliper-bench/node_modules/fabric-common/lib/EventService.js:1051:16)
    at EventService._processTxEvents (/home/dhanish/fabric_sfc/caliper-bench/node_modules/fabric-common/lib/EventService.js:1006:12)
    at ClientDuplexStreamImpl.<anonymous> (/home/dhanish/fabric_sfc/caliper-bench/node_modules/fabric-common/lib/EventService.js:481:12)
    at ClientDuplexStreamImpl.emit (node:events:517:28)
    at addChunk (node:internal/streams/readable:368:12)
    at readableAddChunk (node:internal/streams/readable:341:9)
2026.08.11-09:20:53.514[31m error[39m [caliper] [connectors/v2/FabricGateway] 	Failed to perform submit transaction [updateFinancierRLOffer] using arguments [User1,{"aprPct":13.11,"tenorDays":14,"ltvPct":70,"penaltyPct":0.5,"modelVersion":"caliper-workload"}],  with error: TransactionError: Commit of transaction 82df9e5d399dfeeb88ce125d9d297007b64cce51fe6552f044a2d1837433ff9f failed on peer peer0.financiers.example.com:7051 with status MVCC_READ_CONFLICT
    at TransactionEventHandler.eventCallback (/home/dhanish/fabric_sfc/caliper-bench/node_modules/fabric-network/lib/impl/event/transactioneventhandler.js:111:31)
    at CommitListenerSession.notifyListener (/home/dhanish/fabric_sfc/caliper-bench/node_modules/fabric-network/lib/impl/event/commitlistenersession.js:101:18)
    at EventListener.callback (/home/dhanish/fabric_sfc/caliper-bench/node_modules/fabric-network/lib/impl/event/commitlistenersession.js:92:18)
    at EventListener.onEvent (/home/dhanish/fabric_sfc/caliper-bench/node_modules/fabric-common/lib/EventListener.js:124:10)
    at EventService._callTransactionListener (/home/dhanish/fabric_sfc/caliper-bench/node_modules/fabric-common/lib/EventService.js:1051:16)
    at EventService._processTxEvents (/home/dhanish/fabric_sfc/caliper-bench/node_modules/fabric-common/lib/EventService.js:1006:12)
    at ClientDuplexStreamImpl.<anonymous> (/home/dhanish/fabric_sfc/caliper-bench/node_modules/fabric-common/lib/EventService.js:481:12)
    at ClientDuplexStreamImpl.emit (node:events:517:28)
    at addChunk (node:internal/streams/readable:368:12)
    at readableAddChunk (node:internal/streams/readable:341:9)
2026-08-11T09:20:53.515Z - [33mwarn[39m: [TransactionEventHandler]: strategyFail: commit failure for transaction "7cb51c5d1026bc7f5f557023e900949023ddbc612e3869375e2680971f71b067": TransactionError: Commit of transaction 7cb51c5d1026bc7f5f557023e900949023ddbc612e3869375e2680971f71b067 failed on peer peer0.financiers.example.com:7051 with status MVCC_READ_CONFLICT
    at TransactionEventHandler.eventCallback (/home/dhanish/fabric_sfc/caliper-bench/node_modules/fabric-network/lib/impl/event/transactioneventhandler.js:111:31)
    at CommitListenerSession.notifyListener (/home/dhanish/fabric_sfc/caliper-bench/node_modules/fabric-network/lib/impl/event/commitlistenersession.js:101:18)
    at EventListener.callback (/home/dhanish/fabric_sfc/caliper-bench/node_modules/fabric-network/lib/impl/event/commitlistenersession.js:92:18)
    at EventListener.onEvent (/home/dhanish/fabric_sfc/caliper-bench/node_modules/fabric-common/lib/EventListener.js:124:10)
    at EventService._callTransactionListener (/home/dhanish/fabric_sfc/caliper-bench/node_modules/fabric-common/lib/EventService.js:1051:16)
    at EventService._processTxEvents (/home/dhanish/fabric_sfc/caliper-bench/node_modules/fabric-common/lib/EventService.js:1006:12)
    at ClientDuplexStreamImpl.<anonymous> (/home/dhanish/fabric_sfc/caliper-bench/node_modules/fabric-common/lib/EventService.js:481:12)
    at ClientDuplexStreamImpl.emit (node:events:517:28)
    at addChunk (node:internal/streams/readable:368:12)
    at readableAddChunk (node:internal/streams/readable:341:9) {
  transactionId: '7cb51c5d1026bc7f5f557023e900949023ddbc612e3869375e2680971f71b067',
  transactionCode: 'MVCC_READ_CONFLICT'
}
2026-08-11T09:20:53.515Z - [33mwarn[39m: [TransactionEventHandler]: strategyFail: commit failure for transaction "1cd62736d1055d15b6a2d5585bb9c57336ffa21cdbb35fb5ac324b3802cbe6bb": TransactionError: Commit of transaction 1cd62736d1055d15b6a2d5585bb9c57336ffa21cdbb35fb5ac324b3802cbe6bb failed on peer peer0.financiers.example.com:7051 with status MVCC_READ_CONFLICT
    at TransactionEventHandler.eventCallback (/home/dhanish/fabric_sfc/caliper-bench/node_modules/fabric-network/lib/impl/event/transactioneventhandler.js:111:31)
    at CommitListenerSession.notifyListener (/home/dhanish/fabric_sfc/caliper-bench/node_modules/fabric-network/lib/impl/event/commitlistenersession.js:101:18)
    at EventListener.callback (/home/dhanish/fabric_sfc/caliper-bench/node_modules/fabric-network/lib/impl/event/commitlistenersession.js:92:18)
    at EventListener.onEvent (/home/dhanish/fabric_sfc/caliper-bench/node_modules/fabric-common/lib/EventListener.js:124:10)
    at EventService._callTransactionListener (/home/dhanish/fabric_sfc/caliper-bench/node_modules/fabric-common/lib/EventService.js:1051:16)
    at EventService._processTxEvents (/home/dhanish/fabric_sfc/caliper-bench/node_modules/fabric-common/lib/EventService.js:1006:12)
    at ClientDuplexStreamImpl.<anonymous> (/home/dhanish/fabric_sfc/caliper-bench/node_modules/fabric-common/lib/EventService.js:481:12)
    at ClientDuplexStreamImpl.emit (node:events:517:28)
    at addChunk (node:internal/streams/readable:368:12)
    at readableAddChunk (node:internal/streams/readable:341:9) {
  transactionId: '1cd62736d1055d15b6a2d5585bb9c57336ffa21cdbb35fb5ac324b3802cbe6bb',
  transactionCode: 'MVCC_READ_CONFLICT'
}
2026-08-11T09:20:53.516Z - [33mwarn[39m: [TransactionEventHandler]: strategyFail: commit failure for transaction "a3363c5f472db0321bf59a4daaa3374152a52b906e149fba5b4e70cd178f14ee": TransactionError: Commit of transaction a3363c5f472db0321bf59a4daaa3374152a52b906e149fba5b4e70cd178f14ee failed on peer peer0.financiers.example.com:7051 with status MVCC_READ_CONFLICT
    at TransactionEventHandler.eventCallback (/home/dhanish/fabric_sfc/caliper-bench/node_modules/fabric-network/lib/impl/event/transactioneventhandler.js:111:31)
    at CommitListenerSession.notifyListener (/home/dhanish/fabric_sfc/caliper-bench/node_modules/fabric-network/lib/impl/event/commitlistenersession.js:101:18)
    at EventListener.callback (/home/dhanish/fabric_sfc/caliper-bench/node_modules/fabric-network/lib/impl/event/commitlistenersession.js:92:18)
    at EventListener.onEvent (/home/dhanish/fabric_sfc/caliper-bench/node_modules/fabric-common/lib/EventListener.js:124:10)
    at EventService._callTransactionListener (/home/dhanish/fabric_sfc/caliper-bench/node_modules/fabric-common/lib/EventService.js:1051:16)
    at EventService._processTxEvents (/home/dhanish/fabric_sfc/caliper-bench/node_modules/fabric-common/lib/EventService.js:1006:12)
    at ClientDuplexStreamImpl.<anonymous> (/home/dhanish/fabric_sfc/caliper-bench/node_modules/fabric-common/lib/EventService.js:481:12)
    at ClientDuplexStreamImpl.emit (node:events:517:28)
    at addChunk (node:internal/streams/readable:368:12)
    at readableAddChunk (node:internal/streams/readable:341:9) {
  transactionId: 'a3363c5f472db0321bf59a4daaa3374152a52b906e149fba5b4e70cd178f14ee',
  transactionCode: 'MVCC_READ_CONFLICT'
}
2026.08.11-09:20:53.516[31m error[39m [caliper] [connectors/v2/FabricGateway] 	Failed to perform submit transaction [updateFinancierRLOffer] using arguments [User5,{"aprPct":16.6,"tenorDays":21,"ltvPct":70,"penaltyPct":0.5,"modelVersion":"caliper-workload"}],  with error: TransactionError: Commit of transaction 7cb51c5d1026bc7f5f557023e900949023ddbc612e3869375e2680971f71b067 failed on peer peer0.financiers.example.com:7051 with status MVCC_READ_CONFLICT
    at TransactionEventHandler.eventCallback (/home/dhanish/fabric_sfc/caliper-bench/node_modules/fabric-network/lib/impl/event/transactioneventhandler.js:111:31)
    at CommitListenerSession.notifyListener (/home/dhanish/fabric_sfc/caliper-bench/node_modules/fabric-network/lib/impl/event/commitlistenersession.js:101:18)
    at EventListener.callback (/home/dhanish/fabric_sfc/caliper-bench/node_modules/fabric-network/lib/impl/event/commitlistenersession.js:92:18)
    at EventListener.onEvent (/home/dhanish/fabric_sfc/caliper-bench/node_modules/fabric-common/lib/EventListener.js:124:10)
    at EventService._callTransactionListener (/home/dhanish/fabric_sfc/caliper-bench/node_modules/fabric-common/lib/EventService.js:1051:16)
    at EventService._processTxEvents (/home/dhanish/fabric_sfc/caliper-bench/node_modules/fabric-common/lib/EventService.js:1006:12)
    at ClientDuplexStreamImpl.<anonymous> (/home/dhanish/fabric_sfc/caliper-bench/node_modules/fabric-common/lib/EventService.js:481:12)
    at ClientDuplexStreamImpl.emit (node:events:517:28)
    at addChunk (node:internal/streams/readable:368:12)
    at readableAddChunk (node:internal/streams/readable:341:9)
2026.08.11-09:20:53.517[31m error[39m [caliper] [connectors/v2/FabricGateway] 	Failed to perform submit transaction [updateFinancierRLOffer] using arguments [User5,{"aprPct":12.28,"tenorDays":21,"ltvPct":70,"penaltyPct":0.5,"modelVersion":"caliper-workload"}],  with error: TransactionError: Commit of transaction 1cd62736d1055d15b6a2d5585bb9c57336ffa21cdbb35fb5ac324b3802cbe6bb failed on peer peer0.financiers.example.com:7051 with status MVCC_READ_CONFLICT
    at TransactionEventHandler.eventCallback (/home/dhanish/fabric_sfc/caliper-bench/node_modules/fabric-network/lib/impl/event/transactioneventhandler.js:111:31)
    at CommitListenerSession.notifyListener (/home/dhanish/fabric_sfc/caliper-bench/node_modules/fabric-network/lib/impl/event/commitlistenersession.js:101:18)
    at EventListener.callback (/home/dhanish/fabric_sfc/caliper-bench/node_modules/fabric-network/lib/impl/event/commitlistenersession.js:92:18)
    at EventListener.onEvent (/home/dhanish/fabric_sfc/caliper-bench/node_modules/fabric-common/lib/EventListener.js:124:10)
    at EventService._callTransactionListener (/home/dhanish/fabric_sfc/caliper-bench/node_modules/fabric-common/lib/EventService.js:1051:16)
    at EventService._processTxEvents (/home/dhanish/fabric_sfc/caliper-bench/node_modules/fabric-common/lib/EventService.js:1006:12)
    at ClientDuplexStreamImpl.<anonymous> (/home/dhanish/fabric_sfc/caliper-bench/node_modules/fabric-common/lib/EventService.js:481:12)
    at ClientDuplexStreamImpl.emit (node:events:517:28)
    at addChunk (node:internal/streams/readable:368:12)
    at readableAddChunk (node:internal/streams/readable:341:9)
2026.08.11-09:20:53.517[31m error[39m [caliper] [connectors/v2/FabricGateway] 	Failed to perform submit transaction [updateFinancierRLOffer] using arguments [User5,{"aprPct":16.21,"tenorDays":21,"ltvPct":70,"penaltyPct":0.5,"modelVersion":"caliper-workload"}],  with error: TransactionError: Commit of transaction a3363c5f472db0321bf59a4daaa3374152a52b906e149fba5b4e70cd178f14ee failed on peer peer0.financiers.example.com:7051 with status MVCC_READ_CONFLICT
    at TransactionEventHandler.eventCallback (/home/dhanish/fabric_sfc/caliper-bench/node_modules/fabric-network/lib/impl/event/transactioneventhandler.js:111:31)
    at CommitListenerSession.notifyListener (/home/dhanish/fabric_sfc/caliper-bench/node_modules/fabric-network/lib/impl/event/commitlistenersession.js:101:18)
    at EventListener.callback (/home/dhanish/fabric_sfc/caliper-bench/node_modules/fabric-network/lib/impl/event/commitlistenersession.js:92:18)
    at EventListener.onEvent (/home/dhanish/fabric_sfc/caliper-bench/node_modules/fabric-common/lib/EventListener.js:124:10)
    at EventService._callTransactionListener (/home/dhanish/fabric_sfc/caliper-bench/node_modules/fabric-common/lib/EventService.js:1051:16)
    at EventService._processTxEvents (/home/dhanish/fabric_sfc/caliper-bench/node_modules/fabric-common/lib/EventService.js:1006:12)
    at ClientDuplexStreamImpl.<anonymous> (/home/dhanish/fabric_sfc/caliper-bench/node_modules/fabric-common/lib/EventService.js:481:12)
    at ClientDuplexStreamImpl.emit (node:events:517:28)
    at addChunk (node:internal/streams/readable:368:12)
    at readableAddChunk (node:internal/streams/readable:341:9)
2026-08-11T09:20:53.551Z - [33mwarn[39m: [TransactionEventHandler]: strategyFail: commit failure for transaction "aaa5ad4cc349d0f4234703215d5c6a15142bde24c7358962556b59a591380d4e": TransactionError: Commit of transaction aaa5ad4cc349d0f4234703215d5c6a15142bde24c7358962556b59a591380d4e failed on peer peer0.financiers.example.com:7051 with status MVCC_READ_CONFLICT
    at TransactionEventHandler.eventCallback (/home/dhanish/fabric_sfc/caliper-bench/node_modules/fabric-network/lib/impl/event/transactioneventhandler.js:111:31)
    at CommitListenerSession.notifyListener (/home/dhanish/fabric_sfc/caliper-bench/node_modules/fabric-network/lib/impl/event/commitlistenersession.js:101:18)
    at EventListener.callback (/home/dhanish/fabric_sfc/caliper-bench/node_modules/fabric-network/lib/impl/event/commitlistenersession.js:92:18)
    at EventListener.onEvent (/home/dhanish/fabric_sfc/caliper-bench/node_modules/fabric-common/lib/EventListener.js:124:10)
    at EventService._callTransactionListener (/home/dhanish/fabric_sfc/caliper-bench/node_modules/fabric-common/lib/EventService.js:1051:16)
    at EventService._processTxEvents (/home/dhanish/fabric_sfc/caliper-bench/node_modules/fabric-common/lib/EventService.js:1006:12)
    at ClientDuplexStreamImpl.<anonymous> (/home/dhanish/fabric_sfc/caliper-bench/node_modules/fabric-common/lib/EventService.js:481:12)
    at ClientDuplexStreamImpl.emit (node:events:517:28)
    at addChunk (node:internal/streams/readable:368:12)
    at readableAddChunk (node:internal/streams/readable:341:9) {
  transactionId: 'aaa5ad4cc349d0f4234703215d5c6a15142bde24c7358962556b59a591380d4e',
  transactionCode: 'MVCC_READ_CONFLICT'
}
2026.08.11-09:20:53.551[31m error[39m [caliper] [connectors/v2/FabricGateway] 	Failed to perform submit transaction [updateFinancierRLOffer] using arguments [User4,{"aprPct":15.24,"tenorDays":14,"ltvPct":70,"penaltyPct":0.5,"modelVersion":"caliper-workload"}],  with error: TransactionError: Commit of transaction aaa5ad4cc349d0f4234703215d5c6a15142bde24c7358962556b59a591380d4e failed on peer peer0.financiers.example.com:7051 with status MVCC_READ_CONFLICT
    at TransactionEventHandler.eventCallback (/home/dhanish/fabric_sfc/caliper-bench/node_modules/fabric-network/lib/impl/event/transactioneventhandler.js:111:31)
    at CommitListenerSession.notifyListener (/home/dhanish/fabric_sfc/caliper-bench/node_modules/fabric-network/lib/impl/event/commitlistenersession.js:101:18)
    at EventListener.callback (/home/dhanish/fabric_sfc/caliper-bench/node_modules/fabric-network/lib/impl/event/commitlistenersession.js:92:18)
    at EventListener.onEvent (/home/dhanish/fabric_sfc/caliper-bench/node_modules/fabric-common/lib/EventListener.js:124:10)
    at EventService._callTransactionListener (/home/dhanish/fabric_sfc/caliper-bench/node_modules/fabric-common/lib/EventService.js:1051:16)
    at EventService._processTxEvents (/home/dhanish/fabric_sfc/caliper-bench/node_modules/fabric-common/lib/EventService.js:1006:12)
    at ClientDuplexStreamImpl.<anonymous> (/home/dhanish/fabric_sfc/caliper-bench/node_modules/fabric-common/lib/EventService.js:481:12)
    at ClientDuplexStreamImpl.emit (node:events:517:28)
    at addChunk (node:internal/streams/readable:368:12)
    at readableAddChunk (node:internal/streams/readable:341:9)
2026-08-11T09:20:53.553Z - [33mwarn[39m: [TransactionEventHandler]: strategyFail: commit failure for transaction "ff4430eb48c345f39581dffbcb7aec356feeb0a62da4da6944ad49c58968539a": TransactionError: Commit of transaction ff4430eb48c345f39581dffbcb7aec356feeb0a62da4da6944ad49c58968539a failed on peer peer0.financiers.example.com:7051 with status MVCC_READ_CONFLICT
    at TransactionEventHandler.eventCallback (/home/dhanish/fabric_sfc/caliper-bench/node_modules/fabric-network/lib/impl/event/transactioneventhandler.js:111:31)
    at CommitListenerSession.notifyListener (/home/dhanish/fabric_sfc/caliper-bench/node_modules/fabric-network/lib/impl/event/commitlistenersession.js:101:18)
    at EventListener.callback (/home/dhanish/fabric_sfc/caliper-bench/node_modules/fabric-network/lib/impl/event/commitlistenersession.js:92:18)
    at EventListener.onEvent (/home/dhanish/fabric_sfc/caliper-bench/node_modules/fabric-common/lib/EventListener.js:124:10)
    at EventService._callTransactionListener (/home/dhanish/fabric_sfc/caliper-bench/node_modules/fabric-common/lib/EventService.js:1051:16)
    at EventService._processTxEvents (/home/dhanish/fabric_sfc/caliper-bench/node_modules/fabric-common/lib/EventService.js:1006:12)
    at ClientDuplexStreamImpl.<anonymous> (/home/dhanish/fabric_sfc/caliper-bench/node_modules/fabric-common/lib/EventService.js:481:12)
    at ClientDuplexStreamImpl.emit (node:events:517:28)
    at addChunk (node:internal/streams/readable:368:12)
    at readableAddChunk (node:internal/streams/readable:341:9) {
  transactionId: 'ff4430eb48c345f39581dffbcb7aec356feeb0a62da4da6944ad49c58968539a',
  transactionCode: 'MVCC_READ_CONFLICT'
}
2026-08-11T09:20:53.554Z - [33mwarn[39m: [TransactionEventHandler]: strategyFail: commit failure for transaction "e50579447f218a5c48dd27e4d4b6eabf5e64e0ebd90a9f3a8d6e41845662fc33": TransactionError: Commit of transaction e50579447f218a5c48dd27e4d4b6eabf5e64e0ebd90a9f3a8d6e41845662fc33 failed on peer peer0.financiers.example.com:7051 with status MVCC_READ_CONFLICT
    at TransactionEventHandler.eventCallback (/home/dhanish/fabric_sfc/caliper-bench/node_modules/fabric-network/lib/impl/event/transactioneventhandler.js:111:31)
    at CommitListenerSession.notifyListener (/home/dhanish/fabric_sfc/caliper-bench/node_modules/fabric-network/lib/impl/event/commitlistenersession.js:101:18)
    at EventListener.callback (/home/dhanish/fabric_sfc/caliper-bench/node_modules/fabric-network/lib/impl/event/commitlistenersession.js:92:18)
    at EventListener.onEvent (/home/dhanish/fabric_sfc/caliper-bench/node_modules/fabric-common/lib/EventListener.js:124:10)
    at EventService._callTransactionListener (/home/dhanish/fabric_sfc/caliper-bench/node_modules/fabric-common/lib/EventService.js:1051:16)
    at EventService._processTxEvents (/home/dhanish/fabric_sfc/caliper-bench/node_modules/fabric-common/lib/EventService.js:1006:12)
    at ClientDuplexStreamImpl.<anonymous> (/home/dhanish/fabric_sfc/caliper-bench/node_modules/fabric-common/lib/EventService.js:481:12)
    at ClientDuplexStreamImpl.emit (node:events:517:28)
    at addChunk (node:internal/streams/readable:368:12)
    at readableAddChunk (node:internal/streams/readable:341:9) {
  transactionId: 'e50579447f218a5c48dd27e4d4b6eabf5e64e0ebd90a9f3a8d6e41845662fc33',
  transactionCode: 'MVCC_READ_CONFLICT'
}
2026-08-11T09:20:53.554Z - [33mwarn[39m: [TransactionEventHandler]: strategyFail: commit failure for transaction "e0400a141cb6ac94d4c194633c2a0a85dcaf96dde2d852a21e17d98b7bce4c52": TransactionError: Commit of transaction e0400a141cb6ac94d4c194633c2a0a85dcaf96dde2d852a21e17d98b7bce4c52 failed on peer peer0.financiers.example.com:7051 with status MVCC_READ_CONFLICT
    at TransactionEventHandler.eventCallback (/home/dhanish/fabric_sfc/caliper-bench/node_modules/fabric-network/lib/impl/event/transactioneventhandler.js:111:31)
    at CommitListenerSession.notifyListener (/home/dhanish/fabric_sfc/caliper-bench/node_modules/fabric-network/lib/impl/event/commitlistenersession.js:101:18)
    at EventListener.callback (/home/dhanish/fabric_sfc/caliper-bench/node_modules/fabric-network/lib/impl/event/commitlistenersession.js:92:18)
    at EventListener.onEvent (/home/dhanish/fabric_sfc/caliper-bench/node_modules/fabric-common/lib/EventListener.js:124:10)
    at EventService._callTransactionListener (/home/dhanish/fabric_sfc/caliper-bench/node_modules/fabric-common/lib/EventService.js:1051:16)
    at EventService._processTxEvents (/home/dhanish/fabric_sfc/caliper-bench/node_modules/fabric-common/lib/EventService.js:1006:12)
    at ClientDuplexStreamImpl.<anonymous> (/home/dhanish/fabric_sfc/caliper-bench/node_modules/fabric-common/lib/EventService.js:481:12)
    at ClientDuplexStreamImpl.emit (node:events:517:28)
    at addChunk (node:internal/streams/readable:368:12)
    at readableAddChunk (node:internal/streams/readable:341:9) {
  transactionId: 'e0400a141cb6ac94d4c194633c2a0a85dcaf96dde2d852a21e17d98b7bce4c52',
  transactionCode: 'MVCC_READ_CONFLICT'
}
2026-08-11T09:20:53.554Z - [33mwarn[39m: [TransactionEventHandler]: strategyFail: commit failure for transaction "dc288d338dceca95b6b491f14d8f047b0ef1e248ca19db047092585318c8384b": TransactionError: Commit of transaction dc288d338dceca95b6b491f14d8f047b0ef1e248ca19db047092585318c8384b failed on peer peer0.financiers.example.com:7051 with status MVCC_READ_CONFLICT
    at TransactionEventHandler.eventCallback (/home/dhanish/fabric_sfc/caliper-bench/node_modules/fabric-network/lib/impl/event/transactioneventhandler.js:111:31)
    at CommitListenerSession.notifyListener (/home/dhanish/fabric_sfc/caliper-bench/node_modules/fabric-network/lib/impl/event/commitlistenersession.js:101:18)
    at EventListener.callback (/home/dhanish/fabric_sfc/caliper-bench/node_modules/fabric-network/lib/impl/event/commitlistenersession.js:92:18)
    at EventListener.onEvent (/home/dhanish/fabric_sfc/caliper-bench/node_modules/fabric-common/lib/EventListener.js:124:10)
    at EventService._callTransactionListener (/home/dhanish/fabric_sfc/caliper-bench/node_modules/fabric-common/lib/EventService.js:1051:16)
    at EventService._processTxEvents (/home/dhanish/fabric_sfc/caliper-bench/node_modules/fabric-common/lib/EventService.js:1006:12)
    at ClientDuplexStreamImpl.<anonymous> (/home/dhanish/fabric_sfc/caliper-bench/node_modules/fabric-common/lib/EventService.js:481:12)
    at ClientDuplexStreamImpl.emit (node:events:517:28)
    at addChunk (node:internal/streams/readable:368:12)
    at readableAddChunk (node:internal/streams/readable:341:9) {
  transactionId: 'dc288d338dceca95b6b491f14d8f047b0ef1e248ca19db047092585318c8384b',
  transactionCode: 'MVCC_READ_CONFLICT'
}
2026.08.11-09:20:53.554[31m error[39m [caliper] [connectors/v2/FabricGateway] 	Failed to perform submit transaction [updateFinancierRLOffer] using arguments [User3,{"aprPct":14.12,"tenorDays":28,"ltvPct":70,"penaltyPct":0.5,"modelVersion":"caliper-workload"}],  with error: TransactionError: Commit of transaction ff4430eb48c345f39581dffbcb7aec356feeb0a62da4da6944ad49c58968539a failed on peer peer0.financiers.example.com:7051 with status MVCC_READ_CONFLICT
    at TransactionEventHandler.eventCallback (/home/dhanish/fabric_sfc/caliper-bench/node_modules/fabric-network/lib/impl/event/transactioneventhandler.js:111:31)
    at CommitListenerSession.notifyListener (/home/dhanish/fabric_sfc/caliper-bench/node_modules/fabric-network/lib/impl/event/commitlistenersession.js:101:18)
    at EventListener.callback (/home/dhanish/fabric_sfc/caliper-bench/node_modules/fabric-network/lib/impl/event/commitlistenersession.js:92:18)
    at EventListener.onEvent (/home/dhanish/fabric_sfc/caliper-bench/node_modules/fabric-common/lib/EventListener.js:124:10)
    at EventService._callTransactionListener (/home/dhanish/fabric_sfc/caliper-bench/node_modules/fabric-common/lib/EventService.js:1051:16)
    at EventService._processTxEvents (/home/dhanish/fabric_sfc/caliper-bench/node_modules/fabric-common/lib/EventService.js:1006:12)
    at ClientDuplexStreamImpl.<anonymous> (/home/dhanish/fabric_sfc/caliper-bench/node_modules/fabric-common/lib/EventService.js:481:12)
    at ClientDuplexStreamImpl.emit (node:events:517:28)
    at addChunk (node:internal/streams/readable:368:12)
    at readableAddChunk (node:internal/streams/readable:341:9)
2026.08.11-09:20:53.554[31m error[39m [caliper] [connectors/v2/FabricGateway] 	Failed to perform submit transaction [updateFinancierRLOffer] using arguments [User5,{"aprPct":14.7,"tenorDays":21,"ltvPct":70,"penaltyPct":0.5,"modelVersion":"caliper-workload"}],  with error: TransactionError: Commit of transaction e50579447f218a5c48dd27e4d4b6eabf5e64e0ebd90a9f3a8d6e41845662fc33 failed on peer peer0.financiers.example.com:7051 with status MVCC_READ_CONFLICT
    at TransactionEventHandler.eventCallback (/home/dhanish/fabric_sfc/caliper-bench/node_modules/fabric-network/lib/impl/event/transactioneventhandler.js:111:31)
    at CommitListenerSession.notifyListener (/home/dhanish/fabric_sfc/caliper-bench/node_modules/fabric-network/lib/impl/event/commitlistenersession.js:101:18)
    at EventListener.callback (/home/dhanish/fabric_sfc/caliper-bench/node_modules/fabric-network/lib/impl/event/commitlistenersession.js:92:18)
    at EventListener.onEvent (/home/dhanish/fabric_sfc/caliper-bench/node_modules/fabric-common/lib/EventListener.js:124:10)
    at EventService._callTransactionListener (/home/dhanish/fabric_sfc/caliper-bench/node_modules/fabric-common/lib/EventService.js:1051:16)
    at EventService._processTxEvents (/home/dhanish/fabric_sfc/caliper-bench/node_modules/fabric-common/lib/EventService.js:1006:12)
    at ClientDuplexStreamImpl.<anonymous> (/home/dhanish/fabric_sfc/caliper-bench/node_modules/fabric-common/lib/EventService.js:481:12)
    at ClientDuplexStreamImpl.emit (node:events:517:28)
    at addChunk (node:internal/streams/readable:368:12)
    at readableAddChunk (node:internal/streams/readable:341:9)
2026-08-11T09:20:53.555Z - [33mwarn[39m: [TransactionEventHandler]: strategyFail: commit failure for transaction "37a09a0eb7083d7463c064fd4f87996463af94630c86fb5de256a3f5ed618854": TransactionError: Commit of transaction 37a09a0eb7083d7463c064fd4f87996463af94630c86fb5de256a3f5ed618854 failed on peer peer0.financiers.example.com:7051 with status MVCC_READ_CONFLICT
    at TransactionEventHandler.eventCallback (/home/dhanish/fabric_sfc/caliper-bench/node_modules/fabric-network/lib/impl/event/transactioneventhandler.js:111:31)
    at CommitListenerSession.notifyListener (/home/dhanish/fabric_sfc/caliper-bench/node_modules/fabric-network/lib/impl/event/commitlistenersession.js:101:18)
    at EventListener.callback (/home/dhanish/fabric_sfc/caliper-bench/node_modules/fabric-network/lib/impl/event/commitlistenersession.js:92:18)
    at EventListener.onEvent (/home/dhanish/fabric_sfc/caliper-bench/node_modules/fabric-common/lib/EventListener.js:124:10)
    at EventService._callTransactionListener (/home/dhanish/fabric_sfc/caliper-bench/node_modules/fabric-common/lib/EventService.js:1051:16)
    at EventService._processTxEvents (/home/dhanish/fabric_sfc/caliper-bench/node_modules/fabric-common/lib/EventService.js:1006:12)
    at ClientDuplexStreamImpl.<anonymous> (/home/dhanish/fabric_sfc/caliper-bench/node_modules/fabric-common/lib/EventService.js:481:12)
    at ClientDuplexStreamImpl.emit (node:events:517:28)
    at addChunk (node:internal/streams/readable:368:12)
    at readableAddChunk (node:internal/streams/readable:341:9) {
  transactionId: '37a09a0eb7083d7463c064fd4f87996463af94630c86fb5de256a3f5ed618854',
  transactionCode: 'MVCC_READ_CONFLICT'
}
2026-08-11T09:20:53.555Z - [33mwarn[39m: [TransactionEventHandler]: strategyFail: commit failure for transaction "eebde2bc753b16a93b5effdcc670548ff978748b0654148f2f440c2b0cff248a": TransactionError: Commit of transaction eebde2bc753b16a93b5effdcc670548ff978748b0654148f2f440c2b0cff248a failed on peer peer0.financiers.example.com:7051 with status MVCC_READ_CONFLICT
    at TransactionEventHandler.eventCallback (/home/dhanish/fabric_sfc/caliper-bench/node_modules/fabric-network/lib/impl/event/transactioneventhandler.js:111:31)
    at CommitListenerSession.notifyListener (/home/dhanish/fabric_sfc/caliper-bench/node_modules/fabric-network/lib/impl/event/commitlistenersession.js:101:18)
    at EventListener.callback (/home/dhanish/fabric_sfc/caliper-bench/node_modules/fabric-network/lib/impl/event/commitlistenersession.js:92:18)
    at EventListener.onEvent (/home/dhanish/fabric_sfc/caliper-bench/node_modules/fabric-common/lib/EventListener.js:124:10)
    at EventService._callTransactionListener (/home/dhanish/fabric_sfc/caliper-bench/node_modules/fabric-common/lib/EventService.js:1051:16)
    at EventService._processTxEvents (/home/dhanish/fabric_sfc/caliper-bench/node_modules/fabric-common/lib/EventService.js:1006:12)
    at ClientDuplexStreamImpl.<anonymous> (/home/dhanish/fabric_sfc/caliper-bench/node_modules/fabric-common/lib/EventService.js:481:12)
    at ClientDuplexStreamImpl.emit (node:events:517:28)
    at addChunk (node:internal/streams/readable:368:12)
    at readableAddChunk (node:internal/streams/readable:341:9) {
  transactionId: 'eebde2bc753b16a93b5effdcc670548ff978748b0654148f2f440c2b0cff248a',
  transactionCode: 'MVCC_READ_CONFLICT'
}
2026.08.11-09:20:53.555[31m error[39m [caliper] [connectors/v2/FabricGateway] 	Failed to perform submit transaction [updateFinancierRLOffer] using arguments [User2,{"aprPct":15.33,"tenorDays":21,"ltvPct":70,"penaltyPct":0.5,"modelVersion":"caliper-workload"}],  with error: TransactionError: Commit of transaction e0400a141cb6ac94d4c194633c2a0a85dcaf96dde2d852a21e17d98b7bce4c52 failed on peer peer0.financiers.example.com:7051 with status MVCC_READ_CONFLICT
    at TransactionEventHandler.eventCallback (/home/dhanish/fabric_sfc/caliper-bench/node_modules/fabric-network/lib/impl/event/transactioneventhandler.js:111:31)
    at CommitListenerSession.notifyListener (/home/dhanish/fabric_sfc/caliper-bench/node_modules/fabric-network/lib/impl/event/commitlistenersession.js:101:18)
    at EventListener.callback (/home/dhanish/fabric_sfc/caliper-bench/node_modules/fabric-network/lib/impl/event/commitlistenersession.js:92:18)
    at EventListener.onEvent (/home/dhanish/fabric_sfc/caliper-bench/node_modules/fabric-common/lib/EventListener.js:124:10)
    at EventService._callTransactionListener (/home/dhanish/fabric_sfc/caliper-bench/node_modules/fabric-common/lib/EventService.js:1051:16)
    at EventService._processTxEvents (/home/dhanish/fabric_sfc/caliper-bench/node_modules/fabric-common/lib/EventService.js:1006:12)
    at ClientDuplexStreamImpl.<anonymous> (/home/dhanish/fabric_sfc/caliper-bench/node_modules/fabric-common/lib/EventService.js:481:12)
    at ClientDuplexStreamImpl.emit (node:events:517:28)
    at addChunk (node:internal/streams/readable:368:12)
    at readableAddChunk (node:internal/streams/readable:341:9)
2026.08.11-09:20:53.555[31m error[39m [caliper] [connectors/v2/FabricGateway] 	Failed to perform submit transaction [updateFinancierRLOffer] using arguments [User2,{"aprPct":17.83,"tenorDays":21,"ltvPct":70,"penaltyPct":0.5,"modelVersion":"caliper-workload"}],  with error: TransactionError: Commit of transaction 37a09a0eb7083d7463c064fd4f87996463af94630c86fb5de256a3f5ed618854 failed on peer peer0.financiers.example.com:7051 with status MVCC_READ_CONFLICT
    at TransactionEventHandler.eventCallback (/home/dhanish/fabric_sfc/caliper-bench/node_modules/fabric-network/lib/impl/event/transactioneventhandler.js:111:31)
    at CommitListenerSession.notifyListener (/home/dhanish/fabric_sfc/caliper-bench/node_modules/fabric-network/lib/impl/event/commitlistenersession.js:101:18)
    at EventListener.callback (/home/dhanish/fabric_sfc/caliper-bench/node_modules/fabric-network/lib/impl/event/commitlistenersession.js:92:18)
    at EventListener.onEvent (/home/dhanish/fabric_sfc/caliper-bench/node_modules/fabric-common/lib/EventListener.js:124:10)
    at EventService._callTransactionListener (/home/dhanish/fabric_sfc/caliper-bench/node_modules/fabric-common/lib/EventService.js:1051:16)
    at EventService._processTxEvents (/home/dhanish/fabric_sfc/caliper-bench/node_modules/fabric-common/lib/EventService.js:1006:12)
    at ClientDuplexStreamImpl.<anonymous> (/home/dhanish/fabric_sfc/caliper-bench/node_modules/fabric-common/lib/EventService.js:481:12)
    at ClientDuplexStreamImpl.emit (node:events:517:28)
    at addChunk (node:internal/streams/readable:368:12)
    at readableAddChunk (node:internal/streams/readable:341:9)
2026-08-11T09:20:53.555Z - [33mwarn[39m: [TransactionEventHandler]: strategyFail: commit failure for transaction "f29890acd642ee3f0bf7b8089f9ce09e0c6c6bc897b4d059c0860e3eeace9646": TransactionError: Commit of transaction f29890acd642ee3f0bf7b8089f9ce09e0c6c6bc897b4d059c0860e3eeace9646 failed on peer peer0.financiers.example.com:7051 with status MVCC_READ_CONFLICT
    at TransactionEventHandler.eventCallback (/home/dhanish/fabric_sfc/caliper-bench/node_modules/fabric-network/lib/impl/event/transactioneventhandler.js:111:31)
    at CommitListenerSession.notifyListener (/home/dhanish/fabric_sfc/caliper-bench/node_modules/fabric-network/lib/impl/event/commitlistenersession.js:101:18)
    at EventListener.callback (/home/dhanish/fabric_sfc/caliper-bench/node_modules/fabric-network/lib/impl/event/commitlistenersession.js:92:18)
    at EventListener.onEvent (/home/dhanish/fabric_sfc/caliper-bench/node_modules/fabric-common/lib/EventListener.js:124:10)
    at EventService._callTransactionListener (/home/dhanish/fabric_sfc/caliper-bench/node_modules/fabric-common/lib/EventService.js:1051:16)
    at EventService._processTxEvents (/home/dhanish/fabric_sfc/caliper-bench/node_modules/fabric-common/lib/EventService.js:1006:12)
    at ClientDuplexStreamImpl.<anonymous> (/home/dhanish/fabric_sfc/caliper-bench/node_modules/fabric-common/lib/EventService.js:481:12)
    at ClientDuplexStreamImpl.emit (node:events:517:28)
    at addChunk (node:internal/streams/readable:368:12)
    at readableAddChunk (node:internal/streams/readable:341:9) {
  transactionId: 'f29890acd642ee3f0bf7b8089f9ce09e0c6c6bc897b4d059c0860e3eeace9646',
  transactionCode: 'MVCC_READ_CONFLICT'
}
2026.08.11-09:20:53.556[31m error[39m [caliper] [connectors/v2/FabricGateway] 	Failed to perform submit transaction [updateFinancierRLOffer] using arguments [User1,{"aprPct":17.38,"tenorDays":14,"ltvPct":70,"penaltyPct":0.5,"modelVersion":"caliper-workload"}],  with error: TransactionError: Commit of transaction dc288d338dceca95b6b491f14d8f047b0ef1e248ca19db047092585318c8384b failed on peer peer0.financiers.example.com:7051 with status MVCC_READ_CONFLICT
    at TransactionEventHandler.eventCallback (/home/dhanish/fabric_sfc/caliper-bench/node_modules/fabric-network/lib/impl/event/transactioneventhandler.js:111:31)
    at CommitListenerSession.notifyListener (/home/dhanish/fabric_sfc/caliper-bench/node_modules/fabric-network/lib/impl/event/commitlistenersession.js:101:18)
    at EventListener.callback (/home/dhanish/fabric_sfc/caliper-bench/node_modules/fabric-network/lib/impl/event/commitlistenersession.js:92:18)
    at EventListener.onEvent (/home/dhanish/fabric_sfc/caliper-bench/node_modules/fabric-common/lib/EventListener.js:124:10)
    at EventService._callTransactionListener (/home/dhanish/fabric_sfc/caliper-bench/node_modules/fabric-common/lib/EventService.js:1051:16)
    at EventService._processTxEvents (/home/dhanish/fabric_sfc/caliper-bench/node_modules/fabric-common/lib/EventService.js:1006:12)
    at ClientDuplexStreamImpl.<anonymous> (/home/dhanish/fabric_sfc/caliper-bench/node_modules/fabric-common/lib/EventService.js:481:12)
    at ClientDuplexStreamImpl.emit (node:events:517:28)
    at addChunk (node:internal/streams/readable:368:12)
    at readableAddChunk (node:internal/streams/readable:341:9)
2026.08.11-09:20:53.556[31m error[39m [caliper] [connectors/v2/FabricGateway] 	Failed to perform submit transaction [updateFinancierRLOffer] using arguments [User1,{"aprPct":12.6,"tenorDays":14,"ltvPct":70,"penaltyPct":0.5,"modelVersion":"caliper-workload"}],  with error: TransactionError: Commit of transaction eebde2bc753b16a93b5effdcc670548ff978748b0654148f2f440c2b0cff248a failed on peer peer0.financiers.example.com:7051 with status MVCC_READ_CONFLICT
    at TransactionEventHandler.eventCallback (/home/dhanish/fabric_sfc/caliper-bench/node_modules/fabric-network/lib/impl/event/transactioneventhandler.js:111:31)
    at CommitListenerSession.notifyListener (/home/dhanish/fabric_sfc/caliper-bench/node_modules/fabric-network/lib/impl/event/commitlistenersession.js:101:18)
    at EventListener.callback (/home/dhanish/fabric_sfc/caliper-bench/node_modules/fabric-network/lib/impl/event/commitlistenersession.js:92:18)
    at EventListener.onEvent (/home/dhanish/fabric_sfc/caliper-bench/node_modules/fabric-common/lib/EventListener.js:124:10)
    at EventService._callTransactionListener (/home/dhanish/fabric_sfc/caliper-bench/node_modules/fabric-common/lib/EventService.js:1051:16)
    at EventService._processTxEvents (/home/dhanish/fabric_sfc/caliper-bench/node_modules/fabric-common/lib/EventService.js:1006:12)
    at ClientDuplexStreamImpl.<anonymous> (/home/dhanish/fabric_sfc/caliper-bench/node_modules/fabric-common/lib/EventService.js:481:12)
    at ClientDuplexStreamImpl.emit (node:events:517:28)
    at addChunk (node:internal/streams/readable:368:12)
    at readableAddChunk (node:internal/streams/readable:341:9)
2026.08.11-09:20:53.556[31m error[39m [caliper] [connectors/v2/FabricGateway] 	Failed to perform submit transaction [updateFinancierRLOffer] using arguments [User1,{"aprPct":12.99,"tenorDays":14,"ltvPct":70,"penaltyPct":0.5,"modelVersion":"caliper-workload"}],  with error: TransactionError: Commit of transaction f29890acd642ee3f0bf7b8089f9ce09e0c6c6bc897b4d059c0860e3eeace9646 failed on peer peer0.financiers.example.com:7051 with status MVCC_READ_CONFLICT
    at TransactionEventHandler.eventCallback (/home/dhanish/fabric_sfc/caliper-bench/node_modules/fabric-network/lib/impl/event/transactioneventhandler.js:111:31)
    at CommitListenerSession.notifyListener (/home/dhanish/fabric_sfc/caliper-bench/node_modules/fabric-network/lib/impl/event/commitlistenersession.js:101:18)
    at EventListener.callback (/home/dhanish/fabric_sfc/caliper-bench/node_modules/fabric-network/lib/impl/event/commitlistenersession.js:92:18)
    at EventListener.onEvent (/home/dhanish/fabric_sfc/caliper-bench/node_modules/fabric-common/lib/EventListener.js:124:10)
    at EventService._callTransactionListener (/home/dhanish/fabric_sfc/caliper-bench/node_modules/fabric-common/lib/EventService.js:1051:16)
    at EventService._processTxEvents (/home/dhanish/fabric_sfc/caliper-bench/node_modules/fabric-common/lib/EventService.js:1006:12)
    at ClientDuplexStreamImpl.<anonymous> (/home/dhanish/fabric_sfc/caliper-bench/node_modules/fabric-common/lib/EventService.js:481:12)
    at ClientDuplexStreamImpl.emit (node:events:517:28)
    at addChunk (node:internal/streams/readable:368:12)
    at readableAddChunk (node:internal/streams/readable:341:9)
2026-08-11T09:20:53.587Z - [33mwarn[39m: [TransactionEventHandler]: strategyFail: commit failure for transaction "ae49f6818f22d419459e89bc988dc585625699263c0d16edfadfc4f156f914fd": TransactionError: Commit of transaction ae49f6818f22d419459e89bc988dc585625699263c0d16edfadfc4f156f914fd failed on peer peer0.financiers.example.com:7051 with status MVCC_READ_CONFLICT
    at TransactionEventHandler.eventCallback (/home/dhanish/fabric_sfc/caliper-bench/node_modules/fabric-network/lib/impl/event/transactioneventhandler.js:111:31)
    at CommitListenerSession.notifyListener (/home/dhanish/fabric_sfc/caliper-bench/node_modules/fabric-network/lib/impl/event/commitlistenersession.js:101:18)
    at EventListener.callback (/home/dhanish/fabric_sfc/caliper-bench/node_modules/fabric-network/lib/impl/event/commitlistenersession.js:92:18)
    at EventListener.onEvent (/home/dhanish/fabric_sfc/caliper-bench/node_modules/fabric-common/lib/EventListener.js:124:10)
    at EventService._callTransactionListener (/home/dhanish/fabric_sfc/caliper-bench/node_modules/fabric-common/lib/EventService.js:1051:16)
    at EventService._processTxEvents (/home/dhanish/fabric_sfc/caliper-bench/node_modules/fabric-common/lib/EventService.js:1006:12)
    at ClientDuplexStreamImpl.<anonymous> (/home/dhanish/fabric_sfc/caliper-bench/node_modules/fabric-common/lib/EventService.js:481:12)
    at ClientDuplexStreamImpl.emit (node:events:517:28)
    at addChunk (node:internal/streams/readable:368:12)
    at readableAddChunk (node:internal/streams/readable:341:9) {
  transactionId: 'ae49f6818f22d419459e89bc988dc585625699263c0d16edfadfc4f156f914fd',
  transactionCode: 'MVCC_READ_CONFLICT'
}
2026-08-11T09:20:53.587Z - [33mwarn[39m: [TransactionEventHandler]: strategyFail: commit failure for transaction "9720b7c30c75862bb8d28c4545a95c3faed8595203233ee0705d8a8ad535bf22": TransactionError: Commit of transaction 9720b7c30c75862bb8d28c4545a95c3faed8595203233ee0705d8a8ad535bf22 failed on peer peer0.financiers.example.com:7051 with status MVCC_READ_CONFLICT
    at TransactionEventHandler.eventCallback (/home/dhanish/fabric_sfc/caliper-bench/node_modules/fabric-network/lib/impl/event/transactioneventhandler.js:111:31)
    at CommitListenerSession.notifyListener (/home/dhanish/fabric_sfc/caliper-bench/node_modules/fabric-network/lib/impl/event/commitlistenersession.js:101:18)
    at EventListener.callback (/home/dhanish/fabric_sfc/caliper-bench/node_modules/fabric-network/lib/impl/event/commitlistenersession.js:92:18)
    at EventListener.onEvent (/home/dhanish/fabric_sfc/caliper-bench/node_modules/fabric-common/lib/EventListener.js:124:10)
    at EventService._callTransactionListener (/home/dhanish/fabric_sfc/caliper-bench/node_modules/fabric-common/lib/EventService.js:1051:16)
    at EventService._processTxEvents (/home/dhanish/fabric_sfc/caliper-bench/node_modules/fabric-common/lib/EventService.js:1006:12)
    at ClientDuplexStreamImpl.<anonymous> (/home/dhanish/fabric_sfc/caliper-bench/node_modules/fabric-common/lib/EventService.js:481:12)
    at ClientDuplexStreamImpl.emit (node:events:517:28)
    at addChunk (node:internal/streams/readable:368:12)
    at readableAddChunk (node:internal/streams/readable:341:9) {
  transactionId: '9720b7c30c75862bb8d28c4545a95c3faed8595203233ee0705d8a8ad535bf22',
  transactionCode: 'MVCC_READ_CONFLICT'
}
2026-08-11T09:20:53.587Z - [33mwarn[39m: [TransactionEventHandler]: strategyFail: commit failure for transaction "0669f7c4588112990fdda909c6be905b372257183f0bab6465884631b11cd5ee": TransactionError: Commit of transaction 0669f7c4588112990fdda909c6be905b372257183f0bab6465884631b11cd5ee failed on peer peer0.financiers.example.com:7051 with status MVCC_READ_CONFLICT
    at TransactionEventHandler.eventCallback (/home/dhanish/fabric_sfc/caliper-bench/node_modules/fabric-network/lib/impl/event/transactioneventhandler.js:111:31)
    at CommitListenerSession.notifyListener (/home/dhanish/fabric_sfc/caliper-bench/node_modules/fabric-network/lib/impl/event/commitlistenersession.js:101:18)
    at EventListener.callback (/home/dhanish/fabric_sfc/caliper-bench/node_modules/fabric-network/lib/impl/event/commitlistenersession.js:92:18)
    at EventListener.onEvent (/home/dhanish/fabric_sfc/caliper-bench/node_modules/fabric-common/lib/EventListener.js:124:10)
    at EventService._callTransactionListener (/home/dhanish/fabric_sfc/caliper-bench/node_modules/fabric-common/lib/EventService.js:1051:16)
    at EventService._processTxEvents (/home/dhanish/fabric_sfc/caliper-bench/node_modules/fabric-common/lib/EventService.js:1006:12)
    at ClientDuplexStreamImpl.<anonymous> (/home/dhanish/fabric_sfc/caliper-bench/node_modules/fabric-common/lib/EventService.js:481:12)
    at ClientDuplexStreamImpl.emit (node:events:517:28)
    at addChunk (node:internal/streams/readable:368:12)
    at readableAddChunk (node:internal/streams/readable:341:9) {
  transactionId: '0669f7c4588112990fdda909c6be905b372257183f0bab6465884631b11cd5ee',
  transactionCode: 'MVCC_READ_CONFLICT'
}
2026-08-11T09:20:53.588Z - [33mwarn[39m: [TransactionEventHandler]: strategyFail: commit failure for transaction "efbc264397566ffafaa679802d7384fb3c9b263faa4afdfa0bb18efcbe1ef14f": TransactionError: Commit of transaction efbc264397566ffafaa679802d7384fb3c9b263faa4afdfa0bb18efcbe1ef14f failed on peer peer0.financiers.example.com:7051 with status MVCC_READ_CONFLICT
    at TransactionEventHandler.eventCallback (/home/dhanish/fabric_sfc/caliper-bench/node_modules/fabric-network/lib/impl/event/transactioneventhandler.js:111:31)
    at CommitListenerSession.notifyListener (/home/dhanish/fabric_sfc/caliper-bench/node_modules/fabric-network/lib/impl/event/commitlistenersession.js:101:18)
    at EventListener.callback (/home/dhanish/fabric_sfc/caliper-bench/node_modules/fabric-network/lib/impl/event/commitlistenersession.js:92:18)
    at EventListener.onEvent (/home/dhanish/fabric_sfc/caliper-bench/node_modules/fabric-common/lib/EventListener.js:124:10)
    at EventService._callTransactionListener (/home/dhanish/fabric_sfc/caliper-bench/node_modules/fabric-common/lib/EventService.js:1051:16)
    at EventService._processTxEvents (/home/dhanish/fabric_sfc/caliper-bench/node_modules/fabric-common/lib/EventService.js:1006:12)
    at ClientDuplexStreamImpl.<anonymous> (/home/dhanish/fabric_sfc/caliper-bench/node_modules/fabric-common/lib/EventService.js:481:12)
    at ClientDuplexStreamImpl.emit (node:events:517:28)
    at addChunk (node:internal/streams/readable:368:12)
    at readableAddChunk (node:internal/streams/readable:341:9) {
  transactionId: 'efbc264397566ffafaa679802d7384fb3c9b263faa4afdfa0bb18efcbe1ef14f',
  transactionCode: 'MVCC_READ_CONFLICT'
}
2026.08.11-09:20:53.588[31m error[39m [caliper] [connectors/v2/FabricGateway] 	Failed to perform submit transaction [updateFinancierRLOffer] using arguments [User2,{"aprPct":13.42,"tenorDays":21,"ltvPct":70,"penaltyPct":0.5,"modelVersion":"caliper-workload"}],  with error: TransactionError: Commit of transaction ae49f6818f22d419459e89bc988dc585625699263c0d16edfadfc4f156f914fd failed on peer peer0.financiers.example.com:7051 with status MVCC_READ_CONFLICT
    at TransactionEventHandler.eventCallback (/home/dhanish/fabric_sfc/caliper-bench/node_modules/fabric-network/lib/impl/event/transactioneventhandler.js:111:31)
    at CommitListenerSession.notifyListener (/home/dhanish/fabric_sfc/caliper-bench/node_modules/fabric-network/lib/impl/event/commitlistenersession.js:101:18)
    at EventListener.callback (/home/dhanish/fabric_sfc/caliper-bench/node_modules/fabric-network/lib/impl/event/commitlistenersession.js:92:18)
    at EventListener.onEvent (/home/dhanish/fabric_sfc/caliper-bench/node_modules/fabric-common/lib/EventListener.js:124:10)
    at EventService._callTransactionListener (/home/dhanish/fabric_sfc/caliper-bench/node_modules/fabric-common/lib/EventService.js:1051:16)
    at EventService._processTxEvents (/home/dhanish/fabric_sfc/caliper-bench/node_modules/fabric-common/lib/EventService.js:1006:12)
    at ClientDuplexStreamImpl.<anonymous> (/home/dhanish/fabric_sfc/caliper-bench/node_modules/fabric-common/lib/EventService.js:481:12)
    at ClientDuplexStreamImpl.emit (node:events:517:28)
    at addChunk (node:internal/streams/readable:368:12)
    at readableAddChunk (node:internal/streams/readable:341:9)
2026-08-11T09:20:53.588Z - [33mwarn[39m: [TransactionEventHandler]: strategyFail: commit failure for transaction "6ae8c5bb5a0800f823849c1e7e33dddbedfa4860c3c695c14ddd4f9c5657acdb": TransactionError: Commit of transaction 6ae8c5bb5a0800f823849c1e7e33dddbedfa4860c3c695c14ddd4f9c5657acdb failed on peer peer0.financiers.example.com:7051 with status MVCC_READ_CONFLICT
    at TransactionEventHandler.eventCallback (/home/dhanish/fabric_sfc/caliper-bench/node_modules/fabric-network/lib/impl/event/transactioneventhandler.js:111:31)
    at CommitListenerSession.notifyListener (/home/dhanish/fabric_sfc/caliper-bench/node_modules/fabric-network/lib/impl/event/commitlistenersession.js:101:18)
    at EventListener.callback (/home/dhanish/fabric_sfc/caliper-bench/node_modules/fabric-network/lib/impl/event/commitlistenersession.js:92:18)
    at EventListener.onEvent (/home/dhanish/fabric_sfc/caliper-bench/node_modules/fabric-common/lib/EventListener.js:124:10)
    at EventService._callTransactionListener (/home/dhanish/fabric_sfc/caliper-bench/node_modules/fabric-common/lib/EventService.js:1051:16)
    at EventService._processTxEvents (/home/dhanish/fabric_sfc/caliper-bench/node_modules/fabric-common/lib/EventService.js:1006:12)
    at ClientDuplexStreamImpl.<anonymous> (/home/dhanish/fabric_sfc/caliper-bench/node_modules/fabric-common/lib/EventService.js:481:12)
    at ClientDuplexStreamImpl.emit (node:events:517:28)
    at addChunk (node:internal/streams/readable:368:12)
    at readableAddChunk (node:internal/streams/readable:341:9) {
  transactionId: '6ae8c5bb5a0800f823849c1e7e33dddbedfa4860c3c695c14ddd4f9c5657acdb',
  transactionCode: 'MVCC_READ_CONFLICT'
}
2026.08.11-09:20:53.588[31m error[39m [caliper] [connectors/v2/FabricGateway] 	Failed to perform submit transaction [updateFinancierRLOffer] using arguments [User2,{"aprPct":12.79,"tenorDays":21,"ltvPct":70,"penaltyPct":0.5,"modelVersion":"caliper-workload"}],  with error: TransactionError: Commit of transaction 0669f7c4588112990fdda909c6be905b372257183f0bab6465884631b11cd5ee failed on peer peer0.financiers.example.com:7051 with status MVCC_READ_CONFLICT
    at TransactionEventHandler.eventCallback (/home/dhanish/fabric_sfc/caliper-bench/node_modules/fabric-network/lib/impl/event/transactioneventhandler.js:111:31)
    at CommitListenerSession.notifyListener (/home/dhanish/fabric_sfc/caliper-bench/node_modules/fabric-network/lib/impl/event/commitlistenersession.js:101:18)
    at EventListener.callback (/home/dhanish/fabric_sfc/caliper-bench/node_modules/fabric-network/lib/impl/event/commitlistenersession.js:92:18)
    at EventListener.onEvent (/home/dhanish/fabric_sfc/caliper-bench/node_modules/fabric-common/lib/EventListener.js:124:10)
    at EventService._callTransactionListener (/home/dhanish/fabric_sfc/caliper-bench/node_modules/fabric-common/lib/EventService.js:1051:16)
    at EventService._processTxEvents (/home/dhanish/fabric_sfc/caliper-bench/node_modules/fabric-common/lib/EventService.js:1006:12)
    at ClientDuplexStreamImpl.<anonymous> (/home/dhanish/fabric_sfc/caliper-bench/node_modules/fabric-common/lib/EventService.js:481:12)
    at ClientDuplexStreamImpl.emit (node:events:517:28)
    at addChunk (node:internal/streams/readable:368:12)
    at readableAddChunk (node:internal/streams/readable:341:9)
2026-08-11T09:20:53.588Z - [33mwarn[39m: [TransactionEventHandler]: strategyFail: commit failure for transaction "f69da490f57de5633970eec65712af007326e6d4a6edd9bdf2c49fa8284d5367": TransactionError: Commit of transaction f69da490f57de5633970eec65712af007326e6d4a6edd9bdf2c49fa8284d5367 failed on peer peer0.financiers.example.com:7051 with status MVCC_READ_CONFLICT
    at TransactionEventHandler.eventCallback (/home/dhanish/fabric_sfc/caliper-bench/node_modules/fabric-network/lib/impl/event/transactioneventhandler.js:111:31)
    at CommitListenerSession.notifyListener (/home/dhanish/fabric_sfc/caliper-bench/node_modules/fabric-network/lib/impl/event/commitlistenersession.js:101:18)
    at EventListener.callback (/home/dhanish/fabric_sfc/caliper-bench/node_modules/fabric-network/lib/impl/event/commitlistenersession.js:92:18)
    at EventListener.onEvent (/home/dhanish/fabric_sfc/caliper-bench/node_modules/fabric-common/lib/EventListener.js:124:10)
    at EventService._callTransactionListener (/home/dhanish/fabric_sfc/caliper-bench/node_modules/fabric-common/lib/EventService.js:1051:16)
    at EventService._processTxEvents (/home/dhanish/fabric_sfc/caliper-bench/node_modules/fabric-common/lib/EventService.js:1006:12)
    at ClientDuplexStreamImpl.<anonymous> (/home/dhanish/fabric_sfc/caliper-bench/node_modules/fabric-common/lib/EventService.js:481:12)
    at ClientDuplexStreamImpl.emit (node:events:517:28)
    at addChunk (node:internal/streams/readable:368:12)
    at readableAddChunk (node:internal/streams/readable:341:9) {
  transactionId: 'f69da490f57de5633970eec65712af007326e6d4a6edd9bdf2c49fa8284d5367',
  transactionCode: 'MVCC_READ_CONFLICT'
}
2026.08.11-09:20:53.588[31m error[39m [caliper] [connectors/v2/FabricGateway] 	Failed to perform submit transaction [updateFinancierRLOffer] using arguments [User5,{"aprPct":13.19,"tenorDays":21,"ltvPct":70,"penaltyPct":0.5,"modelVersion":"caliper-workload"}],  with error: TransactionError: Commit of transaction 9720b7c30c75862bb8d28c4545a95c3faed8595203233ee0705d8a8ad535bf22 failed on peer peer0.financiers.example.com:7051 with status MVCC_READ_CONFLICT
    at TransactionEventHandler.eventCallback (/home/dhanish/fabric_sfc/caliper-bench/node_modules/fabric-network/lib/impl/event/transactioneventhandler.js:111:31)
    at CommitListenerSession.notifyListener (/home/dhanish/fabric_sfc/caliper-bench/node_modules/fabric-network/lib/impl/event/commitlistenersession.js:101:18)
    at EventListener.callback (/home/dhanish/fabric_sfc/caliper-bench/node_modules/fabric-network/lib/impl/event/commitlistenersession.js:92:18)
    at EventListener.onEvent (/home/dhanish/fabric_sfc/caliper-bench/node_modules/fabric-common/lib/EventListener.js:124:10)
    at EventService._callTransactionListener (/home/dhanish/fabric_sfc/caliper-bench/node_modules/fabric-common/lib/EventService.js:1051:16)
    at EventService._processTxEvents (/home/dhanish/fabric_sfc/caliper-bench/node_modules/fabric-common/lib/EventService.js:1006:12)
    at ClientDuplexStreamImpl.<anonymous> (/home/dhanish/fabric_sfc/caliper-bench/node_modules/fabric-common/lib/EventService.js:481:12)
    at ClientDuplexStreamImpl.emit (node:events:517:28)
    at addChunk (node:internal/streams/readable:368:12)
    at readableAddChunk (node:internal/streams/readable:341:9)
2026.08.11-09:20:53.588[31m error[39m [caliper] [connectors/v2/FabricGateway] 	Failed to perform submit transaction [updateFinancierRLOffer] using arguments [User5,{"aprPct":12.07,"tenorDays":21,"ltvPct":70,"penaltyPct":0.5,"modelVersion":"caliper-workload"}],  with error: TransactionError: Commit of transaction 6ae8c5bb5a0800f823849c1e7e33dddbedfa4860c3c695c14ddd4f9c5657acdb failed on peer peer0.financiers.example.com:7051 with status MVCC_READ_CONFLICT
    at TransactionEventHandler.eventCallback (/home/dhanish/fabric_sfc/caliper-bench/node_modules/fabric-network/lib/impl/event/transactioneventhandler.js:111:31)
    at CommitListenerSession.notifyListener (/home/dhanish/fabric_sfc/caliper-bench/node_modules/fabric-network/lib/impl/event/commitlistenersession.js:101:18)
    at EventListener.callback (/home/dhanish/fabric_sfc/caliper-bench/node_modules/fabric-network/lib/impl/event/commitlistenersession.js:92:18)
    at EventListener.onEvent (/home/dhanish/fabric_sfc/caliper-bench/node_modules/fabric-common/lib/EventListener.js:124:10)
    at EventService._callTransactionListener (/home/dhanish/fabric_sfc/caliper-bench/node_modules/fabric-common/lib/EventService.js:1051:16)
    at EventService._processTxEvents (/home/dhanish/fabric_sfc/caliper-bench/node_modules/fabric-common/lib/EventService.js:1006:12)
    at ClientDuplexStreamImpl.<anonymous> (/home/dhanish/fabric_sfc/caliper-bench/node_modules/fabric-common/lib/EventService.js:481:12)
    at ClientDuplexStreamImpl.emit (node:events:517:28)
    at addChunk (node:internal/streams/readable:368:12)
    at readableAddChunk (node:internal/streams/readable:341:9)
2026.08.11-09:20:53.590[31m error[39m [caliper] [connectors/v2/FabricGateway] 	Failed to perform submit transaction [updateFinancierRLOffer] using arguments [User4,{"aprPct":14.28,"tenorDays":14,"ltvPct":70,"penaltyPct":0.5,"modelVersion":"caliper-workload"}],  with error: TransactionError: Commit of transaction efbc264397566ffafaa679802d7384fb3c9b263faa4afdfa0bb18efcbe1ef14f failed on peer peer0.financiers.example.com:7051 with status MVCC_READ_CONFLICT
    at TransactionEventHandler.eventCallback (/home/dhanish/fabric_sfc/caliper-bench/node_modules/fabric-network/lib/impl/event/transactioneventhandler.js:111:31)
    at CommitListenerSession.notifyListener (/home/dhanish/fabric_sfc/caliper-bench/node_modules/fabric-network/lib/impl/event/commitlistenersession.js:101:18)
    at EventListener.callback (/home/dhanish/fabric_sfc/caliper-bench/node_modules/fabric-network/lib/impl/event/commitlistenersession.js:92:18)
    at EventListener.onEvent (/home/dhanish/fabric_sfc/caliper-bench/node_modules/fabric-common/lib/EventListener.js:124:10)
    at EventService._callTransactionListener (/home/dhanish/fabric_sfc/caliper-bench/node_modules/fabric-common/lib/EventService.js:1051:16)
    at EventService._processTxEvents (/home/dhanish/fabric_sfc/caliper-bench/node_modules/fabric-common/lib/EventService.js:1006:12)
    at ClientDuplexStreamImpl.<anonymous> (/home/dhanish/fabric_sfc/caliper-bench/node_modules/fabric-common/lib/EventService.js:481:12)
    at ClientDuplexStreamImpl.emit (node:events:517:28)
    at addChunk (node:internal/streams/readable:368:12)
    at readableAddChunk (node:internal/streams/readable:341:9)
2026.08.11-09:20:53.590[31m error[39m [caliper] [connectors/v2/FabricGateway] 	Failed to perform submit transaction [updateFinancierRLOffer] using arguments [User4,{"aprPct":15.4,"tenorDays":14,"ltvPct":70,"penaltyPct":0.5,"modelVersion":"caliper-workload"}],  with error: TransactionError: Commit of transaction f69da490f57de5633970eec65712af007326e6d4a6edd9bdf2c49fa8284d5367 failed on peer peer0.financiers.example.com:7051 with status MVCC_READ_CONFLICT
    at TransactionEventHandler.eventCallback (/home/dhanish/fabric_sfc/caliper-bench/node_modules/fabric-network/lib/impl/event/transactioneventhandler.js:111:31)
    at CommitListenerSession.notifyListener (/home/dhanish/fabric_sfc/caliper-bench/node_modules/fabric-network/lib/impl/event/commitlistenersession.js:101:18)
    at EventListener.callback (/home/dhanish/fabric_sfc/caliper-bench/node_modules/fabric-network/lib/impl/event/commitlistenersession.js:92:18)
    at EventListener.onEvent (/home/dhanish/fabric_sfc/caliper-bench/node_modules/fabric-common/lib/EventListener.js:124:10)
    at EventService._callTransactionListener (/home/dhanish/fabric_sfc/caliper-bench/node_modules/fabric-common/lib/EventService.js:1051:16)
    at EventService._processTxEvents (/home/dhanish/fabric_sfc/caliper-bench/node_modules/fabric-common/lib/EventService.js:1006:12)
    at ClientDuplexStreamImpl.<anonymous> (/home/dhanish/fabric_sfc/caliper-bench/node_modules/fabric-common/lib/EventService.js:481:12)
    at ClientDuplexStreamImpl.emit (node:events:517:28)
    at addChunk (node:internal/streams/readable:368:12)
    at readableAddChunk (node:internal/streams/readable:341:9)
2026-08-11T09:20:53.590Z - [33mwarn[39m: [TransactionEventHandler]: strategyFail: commit failure for transaction "96510fb81562e505127ba47e9a0c0c95c2d1eb7116517dd19708beabc450e1a9": TransactionError: Commit of transaction 96510fb81562e505127ba47e9a0c0c95c2d1eb7116517dd19708beabc450e1a9 failed on peer peer0.financiers.example.com:7051 with status MVCC_READ_CONFLICT
    at TransactionEventHandler.eventCallback (/home/dhanish/fabric_sfc/caliper-bench/node_modules/fabric-network/lib/impl/event/transactioneventhandler.js:111:31)
    at CommitListenerSession.notifyListener (/home/dhanish/fabric_sfc/caliper-bench/node_modules/fabric-network/lib/impl/event/commitlistenersession.js:101:18)
    at EventListener.callback (/home/dhanish/fabric_sfc/caliper-bench/node_modules/fabric-network/lib/impl/event/commitlistenersession.js:92:18)
    at EventListener.onEvent (/home/dhanish/fabric_sfc/caliper-bench/node_modules/fabric-common/lib/EventListener.js:124:10)
    at EventService._callTransactionListener (/home/dhanish/fabric_sfc/caliper-bench/node_modules/fabric-common/lib/EventService.js:1051:16)
    at EventService._processTxEvents (/home/dhanish/fabric_sfc/caliper-bench/node_modules/fabric-common/lib/EventService.js:1006:12)
    at ClientDuplexStreamImpl.<anonymous> (/home/dhanish/fabric_sfc/caliper-bench/node_modules/fabric-common/lib/EventService.js:481:12)
    at ClientDuplexStreamImpl.emit (node:events:517:28)
    at addChunk (node:internal/streams/readable:368:12)
    at readableAddChunk (node:internal/streams/readable:341:9) {
  transactionId: '96510fb81562e505127ba47e9a0c0c95c2d1eb7116517dd19708beabc450e1a9',
  transactionCode: 'MVCC_READ_CONFLICT'
}
2026-08-11T09:20:53.591Z - [33mwarn[39m: [TransactionEventHandler]: strategyFail: commit failure for transaction "00b2c0122b39612db02bd85c61cd35604efac171a6cfd1f80075f960bee4e559": TransactionError: Commit of transaction 00b2c0122b39612db02bd85c61cd35604efac171a6cfd1f80075f960bee4e559 failed on peer peer0.financiers.example.com:7051 with status MVCC_READ_CONFLICT
    at TransactionEventHandler.eventCallback (/home/dhanish/fabric_sfc/caliper-bench/node_modules/fabric-network/lib/impl/event/transactioneventhandler.js:111:31)
    at CommitListenerSession.notifyListener (/home/dhanish/fabric_sfc/caliper-bench/node_modules/fabric-network/lib/impl/event/commitlistenersession.js:101:18)
    at EventListener.callback (/home/dhanish/fabric_sfc/caliper-bench/node_modules/fabric-network/lib/impl/event/commitlistenersession.js:92:18)
    at EventListener.onEvent (/home/dhanish/fabric_sfc/caliper-bench/node_modules/fabric-common/lib/EventListener.js:124:10)
    at EventService._callTransactionListener (/home/dhanish/fabric_sfc/caliper-bench/node_modules/fabric-common/lib/EventService.js:1051:16)
    at EventService._processTxEvents (/home/dhanish/fabric_sfc/caliper-bench/node_modules/fabric-common/lib/EventService.js:1006:12)
    at ClientDuplexStreamImpl.<anonymous> (/home/dhanish/fabric_sfc/caliper-bench/node_modules/fabric-common/lib/EventService.js:481:12)
    at ClientDuplexStreamImpl.emit (node:events:517:28)
    at addChunk (node:internal/streams/readable:368:12)
    at readableAddChunk (node:internal/streams/readable:341:9) {
  transactionId: '00b2c0122b39612db02bd85c61cd35604efac171a6cfd1f80075f960bee4e559',
  transactionCode: 'MVCC_READ_CONFLICT'
}
2026.08.11-09:20:53.591[31m error[39m [caliper] [connectors/v2/FabricGateway] 	Failed to perform submit transaction [updateFinancierRLOffer] using arguments [User1,{"aprPct":16.53,"tenorDays":14,"ltvPct":70,"penaltyPct":0.5,"modelVersion":"caliper-workload"}],  with error: TransactionError: Commit of transaction 96510fb81562e505127ba47e9a0c0c95c2d1eb7116517dd19708beabc450e1a9 failed on peer peer0.financiers.example.com:7051 with status MVCC_READ_CONFLICT
    at TransactionEventHandler.eventCallback (/home/dhanish/fabric_sfc/caliper-bench/node_modules/fabric-network/lib/impl/event/transactioneventhandler.js:111:31)
    at CommitListenerSession.notifyListener (/home/dhanish/fabric_sfc/caliper-bench/node_modules/fabric-network/lib/impl/event/commitlistenersession.js:101:18)
    at EventListener.callback (/home/dhanish/fabric_sfc/caliper-bench/node_modules/fabric-network/lib/impl/event/commitlistenersession.js:92:18)
    at EventListener.onEvent (/home/dhanish/fabric_sfc/caliper-bench/node_modules/fabric-common/lib/EventListener.js:124:10)
    at EventService._callTransactionListener (/home/dhanish/fabric_sfc/caliper-bench/node_modules/fabric-common/lib/EventService.js:1051:16)
    at EventService._processTxEvents (/home/dhanish/fabric_sfc/caliper-bench/node_modules/fabric-common/lib/EventService.js:1006:12)
    at ClientDuplexStreamImpl.<anonymous> (/home/dhanish/fabric_sfc/caliper-bench/node_modules/fabric-common/lib/EventService.js:481:12)
    at ClientDuplexStreamImpl.emit (node:events:517:28)
    at addChunk (node:internal/streams/readable:368:12)
    at readableAddChunk (node:internal/streams/readable:341:9)
2026-08-11T09:20:53.591Z - [33mwarn[39m: [TransactionEventHandler]: strategyFail: commit failure for transaction "8c5dea05fa7918468cfecbb449188a1b1e7de97c2c7d94ab4028fa10b7c26f2e": TransactionError: Commit of transaction 8c5dea05fa7918468cfecbb449188a1b1e7de97c2c7d94ab4028fa10b7c26f2e failed on peer peer0.financiers.example.com:7051 with status MVCC_READ_CONFLICT
    at TransactionEventHandler.eventCallback (/home/dhanish/fabric_sfc/caliper-bench/node_modules/fabric-network/lib/impl/event/transactioneventhandler.js:111:31)
    at CommitListenerSession.notifyListener (/home/dhanish/fabric_sfc/caliper-bench/node_modules/fabric-network/lib/impl/event/commitlistenersession.js:101:18)
    at EventListener.callback (/home/dhanish/fabric_sfc/caliper-bench/node_modules/fabric-network/lib/impl/event/commitlistenersession.js:92:18)
    at EventListener.onEvent (/home/dhanish/fabric_sfc/caliper-bench/node_modules/fabric-common/lib/EventListener.js:124:10)
    at EventService._callTransactionListener (/home/dhanish/fabric_sfc/caliper-bench/node_modules/fabric-common/lib/EventService.js:1051:16)
    at EventService._processTxEvents (/home/dhanish/fabric_sfc/caliper-bench/node_modules/fabric-common/lib/EventService.js:1006:12)
    at ClientDuplexStreamImpl.<anonymous> (/home/dhanish/fabric_sfc/caliper-bench/node_modules/fabric-common/lib/EventService.js:481:12)
    at ClientDuplexStreamImpl.emit (node:events:517:28)
    at addChunk (node:internal/streams/readable:368:12)
    at readableAddChunk (node:internal/streams/readable:341:9) {
  transactionId: '8c5dea05fa7918468cfecbb449188a1b1e7de97c2c7d94ab4028fa10b7c26f2e',
  transactionCode: 'MVCC_READ_CONFLICT'
}
2026.08.11-09:20:53.592[31m error[39m [caliper] [connectors/v2/FabricGateway] 	Failed to perform submit transaction [updateFinancierRLOffer] using arguments [User3,{"aprPct":13.51,"tenorDays":28,"ltvPct":70,"penaltyPct":0.5,"modelVersion":"caliper-workload"}],  with error: TransactionError: Commit of transaction 00b2c0122b39612db02bd85c61cd35604efac171a6cfd1f80075f960bee4e559 failed on peer peer0.financiers.example.com:7051 with status MVCC_READ_CONFLICT
    at TransactionEventHandler.eventCallback (/home/dhanish/fabric_sfc/caliper-bench/node_modules/fabric-network/lib/impl/event/transactioneventhandler.js:111:31)
    at CommitListenerSession.notifyListener (/home/dhanish/fabric_sfc/caliper-bench/node_modules/fabric-network/lib/impl/event/commitlistenersession.js:101:18)
    at EventListener.callback (/home/dhanish/fabric_sfc/caliper-bench/node_modules/fabric-network/lib/impl/event/commitlistenersession.js:92:18)
    at EventListener.onEvent (/home/dhanish/fabric_sfc/caliper-bench/node_modules/fabric-common/lib/EventListener.js:124:10)
    at EventService._callTransactionListener (/home/dhanish/fabric_sfc/caliper-bench/node_modules/fabric-common/lib/EventService.js:1051:16)
    at EventService._processTxEvents (/home/dhanish/fabric_sfc/caliper-bench/node_modules/fabric-common/lib/EventService.js:1006:12)
    at ClientDuplexStreamImpl.<anonymous> (/home/dhanish/fabric_sfc/caliper-bench/node_modules/fabric-common/lib/EventService.js:481:12)
    at ClientDuplexStreamImpl.emit (node:events:517:28)
    at addChunk (node:internal/streams/readable:368:12)
    at readableAddChunk (node:internal/streams/readable:341:9)
2026.08.11-09:20:53.592[31m error[39m [caliper] [connectors/v2/FabricGateway] 	Failed to perform submit transaction [updateFinancierRLOffer] using arguments [User3,{"aprPct":17.17,"tenorDays":28,"ltvPct":70,"penaltyPct":0.5,"modelVersion":"caliper-workload"}],  with error: TransactionError: Commit of transaction 8c5dea05fa7918468cfecbb449188a1b1e7de97c2c7d94ab4028fa10b7c26f2e failed on peer peer0.financiers.example.com:7051 with status MVCC_READ_CONFLICT
    at TransactionEventHandler.eventCallback (/home/dhanish/fabric_sfc/caliper-bench/node_modules/fabric-network/lib/impl/event/transactioneventhandler.js:111:31)
    at CommitListenerSession.notifyListener (/home/dhanish/fabric_sfc/caliper-bench/node_modules/fabric-network/lib/impl/event/commitlistenersession.js:101:18)
    at EventListener.callback (/home/dhanish/fabric_sfc/caliper-bench/node_modules/fabric-network/lib/impl/event/commitlistenersession.js:92:18)
    at EventListener.onEvent (/home/dhanish/fabric_sfc/caliper-bench/node_modules/fabric-common/lib/EventListener.js:124:10)
    at EventService._callTransactionListener (/home/dhanish/fabric_sfc/caliper-bench/node_modules/fabric-common/lib/EventService.js:1051:16)
    at EventService._processTxEvents (/home/dhanish/fabric_sfc/caliper-bench/node_modules/fabric-common/lib/EventService.js:1006:12)
    at ClientDuplexStreamImpl.<anonymous> (/home/dhanish/fabric_sfc/caliper-bench/node_modules/fabric-common/lib/EventService.js:481:12)
    at ClientDuplexStreamImpl.emit (node:events:517:28)
    at addChunk (node:internal/streams/readable:368:12)
    at readableAddChunk (node:internal/streams/readable:341:9)
2026-08-11T09:20:53.618Z - [33mwarn[39m: [TransactionEventHandler]: strategyFail: commit failure for transaction "02d6f69bd5021c4d8bba3f2d995f9341a4c369b917591d448f6165a8d3f826f9": TransactionError: Commit of transaction 02d6f69bd5021c4d8bba3f2d995f9341a4c369b917591d448f6165a8d3f826f9 failed on peer peer0.financiers.example.com:7051 with status MVCC_READ_CONFLICT
    at TransactionEventHandler.eventCallback (/home/dhanish/fabric_sfc/caliper-bench/node_modules/fabric-network/lib/impl/event/transactioneventhandler.js:111:31)
    at CommitListenerSession.notifyListener (/home/dhanish/fabric_sfc/caliper-bench/node_modules/fabric-network/lib/impl/event/commitlistenersession.js:101:18)
    at EventListener.callback (/home/dhanish/fabric_sfc/caliper-bench/node_modules/fabric-network/lib/impl/event/commitlistenersession.js:92:18)
    at EventListener.onEvent (/home/dhanish/fabric_sfc/caliper-bench/node_modules/fabric-common/lib/EventListener.js:124:10)
    at EventService._callTransactionListener (/home/dhanish/fabric_sfc/caliper-bench/node_modules/fabric-common/lib/EventService.js:1051:16)
    at EventService._processTxEvents (/home/dhanish/fabric_sfc/caliper-bench/node_modules/fabric-common/lib/EventService.js:1006:12)
    at ClientDuplexStreamImpl.<anonymous> (/home/dhanish/fabric_sfc/caliper-bench/node_modules/fabric-common/lib/EventService.js:481:12)
    at ClientDuplexStreamImpl.emit (node:events:517:28)
    at addChunk (node:internal/streams/readable:368:12)
    at readableAddChunk (node:internal/streams/readable:341:9) {
  transactionId: '02d6f69bd5021c4d8bba3f2d995f9341a4c369b917591d448f6165a8d3f826f9',
  transactionCode: 'MVCC_READ_CONFLICT'
}
2026-08-11T09:20:53.618Z - [33mwarn[39m: [TransactionEventHandler]: strategyFail: commit failure for transaction "1f83f43fb46adea1b586a7f0bc10fac5e32ef5c11199719712059e6c24fd651c": TransactionError: Commit of transaction 1f83f43fb46adea1b586a7f0bc10fac5e32ef5c11199719712059e6c24fd651c failed on peer peer0.financiers.example.com:7051 with status MVCC_READ_CONFLICT
    at TransactionEventHandler.eventCallback (/home/dhanish/fabric_sfc/caliper-bench/node_modules/fabric-network/lib/impl/event/transactioneventhandler.js:111:31)
    at CommitListenerSession.notifyListener (/home/dhanish/fabric_sfc/caliper-bench/node_modules/fabric-network/lib/impl/event/commitlistenersession.js:101:18)
    at EventListener.callback (/home/dhanish/fabric_sfc/caliper-bench/node_modules/fabric-network/lib/impl/event/commitlistenersession.js:92:18)
    at EventListener.onEvent (/home/dhanish/fabric_sfc/caliper-bench/node_modules/fabric-common/lib/EventListener.js:124:10)
    at EventService._callTransactionListener (/home/dhanish/fabric_sfc/caliper-bench/node_modules/fabric-common/lib/EventService.js:1051:16)
    at EventService._processTxEvents (/home/dhanish/fabric_sfc/caliper-bench/node_modules/fabric-common/lib/EventService.js:1006:12)
    at ClientDuplexStreamImpl.<anonymous> (/home/dhanish/fabric_sfc/caliper-bench/node_modules/fabric-common/lib/EventService.js:481:12)
    at ClientDuplexStreamImpl.emit (node:events:517:28)
    at addChunk (node:internal/streams/readable:368:12)
    at readableAddChunk (node:internal/streams/readable:341:9) {
  transactionId: '1f83f43fb46adea1b586a7f0bc10fac5e32ef5c11199719712059e6c24fd651c',
  transactionCode: 'MVCC_READ_CONFLICT'
}
2026-08-11T09:20:53.619Z - [33mwarn[39m: [TransactionEventHandler]: strategyFail: commit failure for transaction "8665edbbc5d95404a2278802a1f365255f12691d7ed32a06f1e78f1e7dfa1e65": TransactionError: Commit of transaction 8665edbbc5d95404a2278802a1f365255f12691d7ed32a06f1e78f1e7dfa1e65 failed on peer peer0.financiers.example.com:7051 with status MVCC_READ_CONFLICT
    at TransactionEventHandler.eventCallback (/home/dhanish/fabric_sfc/caliper-bench/node_modules/fabric-network/lib/impl/event/transactioneventhandler.js:111:31)
    at CommitListenerSession.notifyListener (/home/dhanish/fabric_sfc/caliper-bench/node_modules/fabric-network/lib/impl/event/commitlistenersession.js:101:18)
    at EventListener.callback (/home/dhanish/fabric_sfc/caliper-bench/node_modules/fabric-network/lib/impl/event/commitlistenersession.js:92:18)
    at EventListener.onEvent (/home/dhanish/fabric_sfc/caliper-bench/node_modules/fabric-common/lib/EventListener.js:124:10)
    at EventService._callTransactionListener (/home/dhanish/fabric_sfc/caliper-bench/node_modules/fabric-common/lib/EventService.js:1051:16)
    at EventService._processTxEvents (/home/dhanish/fabric_sfc/caliper-bench/node_modules/fabric-common/lib/EventService.js:1006:12)
    at ClientDuplexStreamImpl.<anonymous> (/home/dhanish/fabric_sfc/caliper-bench/node_modules/fabric-common/lib/EventService.js:481:12)
    at ClientDuplexStreamImpl.emit (node:events:517:28)
    at addChunk (node:internal/streams/readable:368:12)
    at readableAddChunk (node:internal/streams/readable:341:9) {
  transactionId: '8665edbbc5d95404a2278802a1f365255f12691d7ed32a06f1e78f1e7dfa1e65',
  transactionCode: 'MVCC_READ_CONFLICT'
}
2026.08.11-09:20:53.619[31m error[39m [caliper] [connectors/v2/FabricGateway] 	Failed to perform submit transaction [updateFinancierRLOffer] using arguments [User1,{"aprPct":15.6,"tenorDays":14,"ltvPct":70,"penaltyPct":0.5,"modelVersion":"caliper-workload"}],  with error: TransactionError: Commit of transaction 02d6f69bd5021c4d8bba3f2d995f9341a4c369b917591d448f6165a8d3f826f9 failed on peer peer0.financiers.example.com:7051 with status MVCC_READ_CONFLICT
    at TransactionEventHandler.eventCallback (/home/dhanish/fabric_sfc/caliper-bench/node_modules/fabric-network/lib/impl/event/transactioneventhandler.js:111:31)
    at CommitListenerSession.notifyListener (/home/dhanish/fabric_sfc/caliper-bench/node_modules/fabric-network/lib/impl/event/commitlistenersession.js:101:18)
    at EventListener.callback (/home/dhanish/fabric_sfc/caliper-bench/node_modules/fabric-network/lib/impl/event/commitlistenersession.js:92:18)
    at EventListener.onEvent (/home/dhanish/fabric_sfc/caliper-bench/node_modules/fabric-common/lib/EventListener.js:124:10)
    at EventService._callTransactionListener (/home/dhanish/fabric_sfc/caliper-bench/node_modules/fabric-common/lib/EventService.js:1051:16)
    at EventService._processTxEvents (/home/dhanish/fabric_sfc/caliper-bench/node_modules/fabric-common/lib/EventService.js:1006:12)
    at ClientDuplexStreamImpl.<anonymous> (/home/dhanish/fabric_sfc/caliper-bench/node_modules/fabric-common/lib/EventService.js:481:12)
    at ClientDuplexStreamImpl.emit (node:events:517:28)
    at addChunk (node:internal/streams/readable:368:12)
    at readableAddChunk (node:internal/streams/readable:341:9)
2026.08.11-09:20:53.619[31m error[39m [caliper] [connectors/v2/FabricGateway] 	Failed to perform submit transaction [updateFinancierRLOffer] using arguments [User1,{"aprPct":15.85,"tenorDays":14,"ltvPct":70,"penaltyPct":0.5,"modelVersion":"caliper-workload"}],  with error: TransactionError: Commit of transaction 1f83f43fb46adea1b586a7f0bc10fac5e32ef5c11199719712059e6c24fd651c failed on peer peer0.financiers.example.com:7051 with status MVCC_READ_CONFLICT
    at TransactionEventHandler.eventCallback (/home/dhanish/fabric_sfc/caliper-bench/node_modules/fabric-network/lib/impl/event/transactioneventhandler.js:111:31)
    at CommitListenerSession.notifyListener (/home/dhanish/fabric_sfc/caliper-bench/node_modules/fabric-network/lib/impl/event/commitlistenersession.js:101:18)
    at EventListener.callback (/home/dhanish/fabric_sfc/caliper-bench/node_modules/fabric-network/lib/impl/event/commitlistenersession.js:92:18)
    at EventListener.onEvent (/home/dhanish/fabric_sfc/caliper-bench/node_modules/fabric-common/lib/EventListener.js:124:10)
    at EventService._callTransactionListener (/home/dhanish/fabric_sfc/caliper-bench/node_modules/fabric-common/lib/EventService.js:1051:16)
    at EventService._processTxEvents (/home/dhanish/fabric_sfc/caliper-bench/node_modules/fabric-common/lib/EventService.js:1006:12)
    at ClientDuplexStreamImpl.<anonymous> (/home/dhanish/fabric_sfc/caliper-bench/node_modules/fabric-common/lib/EventService.js:481:12)
    at ClientDuplexStreamImpl.emit (node:events:517:28)
    at addChunk (node:internal/streams/readable:368:12)
    at readableAddChunk (node:internal/streams/readable:341:9)
2026-08-11T09:20:53.619Z - [33mwarn[39m: [TransactionEventHandler]: strategyFail: commit failure for transaction "8207df8d00364601205e81a2b8c04958ded189809241a3eb548c662f082894f6": TransactionError: Commit of transaction 8207df8d00364601205e81a2b8c04958ded189809241a3eb548c662f082894f6 failed on peer peer0.financiers.example.com:7051 with status MVCC_READ_CONFLICT
    at TransactionEventHandler.eventCallback (/home/dhanish/fabric_sfc/caliper-bench/node_modules/fabric-network/lib/impl/event/transactioneventhandler.js:111:31)
    at CommitListenerSession.notifyListener (/home/dhanish/fabric_sfc/caliper-bench/node_modules/fabric-network/lib/impl/event/commitlistenersession.js:101:18)
    at EventListener.callback (/home/dhanish/fabric_sfc/caliper-bench/node_modules/fabric-network/lib/impl/event/commitlistenersession.js:92:18)
    at EventListener.onEvent (/home/dhanish/fabric_sfc/caliper-bench/node_modules/fabric-common/lib/EventListener.js:124:10)
    at EventService._callTransactionListener (/home/dhanish/fabric_sfc/caliper-bench/node_modules/fabric-common/lib/EventService.js:1051:16)
    at EventService._processTxEvents (/home/dhanish/fabric_sfc/caliper-bench/node_modules/fabric-common/lib/EventService.js:1006:12)
    at ClientDuplexStreamImpl.<anonymous> (/home/dhanish/fabric_sfc/caliper-bench/node_modules/fabric-common/lib/EventService.js:481:12)
    at ClientDuplexStreamImpl.emit (node:events:517:28)
    at addChunk (node:internal/streams/readable:368:12)
    at readableAddChunk (node:internal/streams/readable:341:9) {
  transactionId: '8207df8d00364601205e81a2b8c04958ded189809241a3eb548c662f082894f6',
  transactionCode: 'MVCC_READ_CONFLICT'
}
2026-08-11T09:20:53.619Z - [33mwarn[39m: [TransactionEventHandler]: strategyFail: commit failure for transaction "fd61970d4981289dc99c31bf97f5d61ee3a03a3598f1642529d9a61abbbfc766": TransactionError: Commit of transaction fd61970d4981289dc99c31bf97f5d61ee3a03a3598f1642529d9a61abbbfc766 failed on peer peer0.financiers.example.com:7051 with status MVCC_READ_CONFLICT
    at TransactionEventHandler.eventCallback (/home/dhanish/fabric_sfc/caliper-bench/node_modules/fabric-network/lib/impl/event/transactioneventhandler.js:111:31)
    at CommitListenerSession.notifyListener (/home/dhanish/fabric_sfc/caliper-bench/node_modules/fabric-network/lib/impl/event/commitlistenersession.js:101:18)
    at EventListener.callback (/home/dhanish/fabric_sfc/caliper-bench/node_modules/fabric-network/lib/impl/event/commitlistenersession.js:92:18)
    at EventListener.onEvent (/home/dhanish/fabric_sfc/caliper-bench/node_modules/fabric-common/lib/EventListener.js:124:10)
    at EventService._callTransactionListener (/home/dhanish/fabric_sfc/caliper-bench/node_modules/fabric-common/lib/EventService.js:1051:16)
    at EventService._processTxEvents (/home/dhanish/fabric_sfc/caliper-bench/node_modules/fabric-common/lib/EventService.js:1006:12)
    at ClientDuplexStreamImpl.<anonymous> (/home/dhanish/fabric_sfc/caliper-bench/node_modules/fabric-common/lib/EventService.js:481:12)
    at ClientDuplexStreamImpl.emit (node:events:517:28)
    at addChunk (node:internal/streams/readable:368:12)
    at readableAddChunk (node:internal/streams/readable:341:9) {
  transactionId: 'fd61970d4981289dc99c31bf97f5d61ee3a03a3598f1642529d9a61abbbfc766',
  transactionCode: 'MVCC_READ_CONFLICT'
}
2026-08-11T09:20:53.619Z - [33mwarn[39m: [TransactionEventHandler]: strategyFail: commit failure for transaction "449372655411ab5c3868dee17ddeb775a02217754598ccf5595bdf5160fb5038": TransactionError: Commit of transaction 449372655411ab5c3868dee17ddeb775a02217754598ccf5595bdf5160fb5038 failed on peer peer0.financiers.example.com:7051 with status MVCC_READ_CONFLICT
    at TransactionEventHandler.eventCallback (/home/dhanish/fabric_sfc/caliper-bench/node_modules/fabric-network/lib/impl/event/transactioneventhandler.js:111:31)
    at CommitListenerSession.notifyListener (/home/dhanish/fabric_sfc/caliper-bench/node_modules/fabric-network/lib/impl/event/commitlistenersession.js:101:18)
    at EventListener.callback (/home/dhanish/fabric_sfc/caliper-bench/node_modules/fabric-network/lib/impl/event/commitlistenersession.js:92:18)
    at EventListener.onEvent (/home/dhanish/fabric_sfc/caliper-bench/node_modules/fabric-common/lib/EventListener.js:124:10)
    at EventService._callTransactionListener (/home/dhanish/fabric_sfc/caliper-bench/node_modules/fabric-common/lib/EventService.js:1051:16)
    at EventService._processTxEvents (/home/dhanish/fabric_sfc/caliper-bench/node_modules/fabric-common/lib/EventService.js:1006:12)
    at ClientDuplexStreamImpl.<anonymous> (/home/dhanish/fabric_sfc/caliper-bench/node_modules/fabric-common/lib/EventService.js:481:12)
    at ClientDuplexStreamImpl.emit (node:events:517:28)
    at addChunk (node:internal/streams/readable:368:12)
    at readableAddChunk (node:internal/streams/readable:341:9) {
  transactionId: '449372655411ab5c3868dee17ddeb775a02217754598ccf5595bdf5160fb5038',
  transactionCode: 'MVCC_READ_CONFLICT'
}
2026-08-11T09:20:53.619Z - [33mwarn[39m: [TransactionEventHandler]: strategyFail: commit failure for transaction "66dc4b2fc65753218d8f79aabb3a248dfa75063d48b10d21ca790b40eab6125c": TransactionError: Commit of transaction 66dc4b2fc65753218d8f79aabb3a248dfa75063d48b10d21ca790b40eab6125c failed on peer peer0.financiers.example.com:7051 with status MVCC_READ_CONFLICT
    at TransactionEventHandler.eventCallback (/home/dhanish/fabric_sfc/caliper-bench/node_modules/fabric-network/lib/impl/event/transactioneventhandler.js:111:31)
    at CommitListenerSession.notifyListener (/home/dhanish/fabric_sfc/caliper-bench/node_modules/fabric-network/lib/impl/event/commitlistenersession.js:101:18)
    at EventListener.callback (/home/dhanish/fabric_sfc/caliper-bench/node_modules/fabric-network/lib/impl/event/commitlistenersession.js:92:18)
    at EventListener.onEvent (/home/dhanish/fabric_sfc/caliper-bench/node_modules/fabric-common/lib/EventListener.js:124:10)
    at EventService._callTransactionListener (/home/dhanish/fabric_sfc/caliper-bench/node_modules/fabric-common/lib/EventService.js:1051:16)
    at EventService._processTxEvents (/home/dhanish/fabric_sfc/caliper-bench/node_modules/fabric-common/lib/EventService.js:1006:12)
    at ClientDuplexStreamImpl.<anonymous> (/home/dhanish/fabric_sfc/caliper-bench/node_modules/fabric-common/lib/EventService.js:481:12)
    at ClientDuplexStreamImpl.emit (node:events:517:28)
    at addChunk (node:internal/streams/readable:368:12)
    at readableAddChunk (node:internal/streams/readable:341:9) {
  transactionId: '66dc4b2fc65753218d8f79aabb3a248dfa75063d48b10d21ca790b40eab6125c',
  transactionCode: 'MVCC_READ_CONFLICT'
}
2026-08-11T09:20:53.619Z - [33mwarn[39m: [TransactionEventHandler]: strategyFail: commit failure for transaction "76ba0be013a8564d90be51eae6dcbf9c91c1c6b2e8f6fe0898db17541531e4b7": TransactionError: Commit of transaction 76ba0be013a8564d90be51eae6dcbf9c91c1c6b2e8f6fe0898db17541531e4b7 failed on peer peer0.financiers.example.com:7051 with status MVCC_READ_CONFLICT
    at TransactionEventHandler.eventCallback (/home/dhanish/fabric_sfc/caliper-bench/node_modules/fabric-network/lib/impl/event/transactioneventhandler.js:111:31)
    at CommitListenerSession.notifyListener (/home/dhanish/fabric_sfc/caliper-bench/node_modules/fabric-network/lib/impl/event/commitlistenersession.js:101:18)
    at EventListener.callback (/home/dhanish/fabric_sfc/caliper-bench/node_modules/fabric-network/lib/impl/event/commitlistenersession.js:92:18)
    at EventListener.onEvent (/home/dhanish/fabric_sfc/caliper-bench/node_modules/fabric-common/lib/EventListener.js:124:10)
    at EventService._callTransactionListener (/home/dhanish/fabric_sfc/caliper-bench/node_modules/fabric-common/lib/EventService.js:1051:16)
    at EventService._processTxEvents (/home/dhanish/fabric_sfc/caliper-bench/node_modules/fabric-common/lib/EventService.js:1006:12)
    at ClientDuplexStreamImpl.<anonymous> (/home/dhanish/fabric_sfc/caliper-bench/node_modules/fabric-common/lib/EventService.js:481:12)
    at ClientDuplexStreamImpl.emit (node:events:517:28)
    at addChunk (node:internal/streams/readable:368:12)
    at readableAddChunk (node:internal/streams/readable:341:9) {
  transactionId: '76ba0be013a8564d90be51eae6dcbf9c91c1c6b2e8f6fe0898db17541531e4b7',
  transactionCode: 'MVCC_READ_CONFLICT'
}
2026.08.11-09:20:53.620[31m error[39m [caliper] [connectors/v2/FabricGateway] 	Failed to perform submit transaction [updateFinancierRLOffer] using arguments [User4,{"aprPct":14.81,"tenorDays":14,"ltvPct":70,"penaltyPct":0.5,"modelVersion":"caliper-workload"}],  with error: TransactionError: Commit of transaction 8665edbbc5d95404a2278802a1f365255f12691d7ed32a06f1e78f1e7dfa1e65 failed on peer peer0.financiers.example.com:7051 with status MVCC_READ_CONFLICT
    at TransactionEventHandler.eventCallback (/home/dhanish/fabric_sfc/caliper-bench/node_modules/fabric-network/lib/impl/event/transactioneventhandler.js:111:31)
    at CommitListenerSession.notifyListener (/home/dhanish/fabric_sfc/caliper-bench/node_modules/fabric-network/lib/impl/event/commitlistenersession.js:101:18)
    at EventListener.callback (/home/dhanish/fabric_sfc/caliper-bench/node_modules/fabric-network/lib/impl/event/commitlistenersession.js:92:18)
    at EventListener.onEvent (/home/dhanish/fabric_sfc/caliper-bench/node_modules/fabric-common/lib/EventListener.js:124:10)
    at EventService._callTransactionListener (/home/dhanish/fabric_sfc/caliper-bench/node_modules/fabric-common/lib/EventService.js:1051:16)
    at EventService._processTxEvents (/home/dhanish/fabric_sfc/caliper-bench/node_modules/fabric-common/lib/EventService.js:1006:12)
    at ClientDuplexStreamImpl.<anonymous> (/home/dhanish/fabric_sfc/caliper-bench/node_modules/fabric-common/lib/EventService.js:481:12)
    at ClientDuplexStreamImpl.emit (node:events:517:28)
    at addChunk (node:internal/streams/readable:368:12)
    at readableAddChunk (node:internal/streams/readable:341:9)
2026.08.11-09:20:53.620[31m error[39m [caliper] [connectors/v2/FabricGateway] 	Failed to perform submit transaction [updateFinancierRLOffer] using arguments [User3,{"aprPct":15.25,"tenorDays":28,"ltvPct":70,"penaltyPct":0.5,"modelVersion":"caliper-workload"}],  with error: TransactionError: Commit of transaction 449372655411ab5c3868dee17ddeb775a02217754598ccf5595bdf5160fb5038 failed on peer peer0.financiers.example.com:7051 with status MVCC_READ_CONFLICT
    at TransactionEventHandler.eventCallback (/home/dhanish/fabric_sfc/caliper-bench/node_modules/fabric-network/lib/impl/event/transactioneventhandler.js:111:31)
    at CommitListenerSession.notifyListener (/home/dhanish/fabric_sfc/caliper-bench/node_modules/fabric-network/lib/impl/event/commitlistenersession.js:101:18)
    at EventListener.callback (/home/dhanish/fabric_sfc/caliper-bench/node_modules/fabric-network/lib/impl/event/commitlistenersession.js:92:18)
    at EventListener.onEvent (/home/dhanish/fabric_sfc/caliper-bench/node_modules/fabric-common/lib/EventListener.js:124:10)
    at EventService._callTransactionListener (/home/dhanish/fabric_sfc/caliper-bench/node_modules/fabric-common/lib/EventService.js:1051:16)
    at EventService._processTxEvents (/home/dhanish/fabric_sfc/caliper-bench/node_modules/fabric-common/lib/EventService.js:1006:12)
    at ClientDuplexStreamImpl.<anonymous> (/home/dhanish/fabric_sfc/caliper-bench/node_modules/fabric-common/lib/EventService.js:481:12)
    at ClientDuplexStreamImpl.emit (node:events:517:28)
    at addChunk (node:internal/streams/readable:368:12)
    at readableAddChunk (node:internal/streams/readable:341:9)
2026.08.11-09:20:53.620[31m error[39m [caliper] [connectors/v2/FabricGateway] 	Failed to perform submit transaction [updateFinancierRLOffer] using arguments [User5,{"aprPct":16.12,"tenorDays":21,"ltvPct":70,"penaltyPct":0.5,"modelVersion":"caliper-workload"}],  with error: TransactionError: Commit of transaction fd61970d4981289dc99c31bf97f5d61ee3a03a3598f1642529d9a61abbbfc766 failed on peer peer0.financiers.example.com:7051 with status MVCC_READ_CONFLICT
    at TransactionEventHandler.eventCallback (/home/dhanish/fabric_sfc/caliper-bench/node_modules/fabric-network/lib/impl/event/transactioneventhandler.js:111:31)
    at CommitListenerSession.notifyListener (/home/dhanish/fabric_sfc/caliper-bench/node_modules/fabric-network/lib/impl/event/commitlistenersession.js:101:18)
    at EventListener.callback (/home/dhanish/fabric_sfc/caliper-bench/node_modules/fabric-network/lib/impl/event/commitlistenersession.js:92:18)
    at EventListener.onEvent (/home/dhanish/fabric_sfc/caliper-bench/node_modules/fabric-common/lib/EventListener.js:124:10)
    at EventService._callTransactionListener (/home/dhanish/fabric_sfc/caliper-bench/node_modules/fabric-common/lib/EventService.js:1051:16)
    at EventService._processTxEvents (/home/dhanish/fabric_sfc/caliper-bench/node_modules/fabric-common/lib/EventService.js:1006:12)
    at ClientDuplexStreamImpl.<anonymous> (/home/dhanish/fabric_sfc/caliper-bench/node_modules/fabric-common/lib/EventService.js:481:12)
    at ClientDuplexStreamImpl.emit (node:events:517:28)
    at addChunk (node:internal/streams/readable:368:12)
    at readableAddChunk (node:internal/streams/readable:341:9)
2026.08.11-09:20:53.620[31m error[39m [caliper] [connectors/v2/FabricGateway] 	Failed to perform submit transaction [updateFinancierRLOffer] using arguments [User4,{"aprPct":13.1,"tenorDays":14,"ltvPct":70,"penaltyPct":0.5,"modelVersion":"caliper-workload"}],  with error: TransactionError: Commit of transaction 8207df8d00364601205e81a2b8c04958ded189809241a3eb548c662f082894f6 failed on peer peer0.financiers.example.com:7051 with status MVCC_READ_CONFLICT
    at TransactionEventHandler.eventCallback (/home/dhanish/fabric_sfc/caliper-bench/node_modules/fabric-network/lib/impl/event/transactioneventhandler.js:111:31)
    at CommitListenerSession.notifyListener (/home/dhanish/fabric_sfc/caliper-bench/node_modules/fabric-network/lib/impl/event/commitlistenersession.js:101:18)
    at EventListener.callback (/home/dhanish/fabric_sfc/caliper-bench/node_modules/fabric-network/lib/impl/event/commitlistenersession.js:92:18)
    at EventListener.onEvent (/home/dhanish/fabric_sfc/caliper-bench/node_modules/fabric-common/lib/EventListener.js:124:10)
    at EventService._callTransactionListener (/home/dhanish/fabric_sfc/caliper-bench/node_modules/fabric-common/lib/EventService.js:1051:16)
    at EventService._processTxEvents (/home/dhanish/fabric_sfc/caliper-bench/node_modules/fabric-common/lib/EventService.js:1006:12)
    at ClientDuplexStreamImpl.<anonymous> (/home/dhanish/fabric_sfc/caliper-bench/node_modules/fabric-common/lib/EventService.js:481:12)
    at ClientDuplexStreamImpl.emit (node:events:517:28)
    at addChunk (node:internal/streams/readable:368:12)
    at readableAddChunk (node:internal/streams/readable:341:9)
2026.08.11-09:20:53.620[31m error[39m [caliper] [connectors/v2/FabricGateway] 	Failed to perform submit transaction [updateFinancierRLOffer] using arguments [User5,{"aprPct":14.22,"tenorDays":21,"ltvPct":70,"penaltyPct":0.5,"modelVersion":"caliper-workload"}],  with error: TransactionError: Commit of transaction 76ba0be013a8564d90be51eae6dcbf9c91c1c6b2e8f6fe0898db17541531e4b7 failed on peer peer0.financiers.example.com:7051 with status MVCC_READ_CONFLICT
    at TransactionEventHandler.eventCallback (/home/dhanish/fabric_sfc/caliper-bench/node_modules/fabric-network/lib/impl/event/transactioneventhandler.js:111:31)
    at CommitListenerSession.notifyListener (/home/dhanish/fabric_sfc/caliper-bench/node_modules/fabric-network/lib/impl/event/commitlistenersession.js:101:18)
    at EventListener.callback (/home/dhanish/fabric_sfc/caliper-bench/node_modules/fabric-network/lib/impl/event/commitlistenersession.js:92:18)
    at EventListener.onEvent (/home/dhanish/fabric_sfc/caliper-bench/node_modules/fabric-common/lib/EventListener.js:124:10)
    at EventService._callTransactionListener (/home/dhanish/fabric_sfc/caliper-bench/node_modules/fabric-common/lib/EventService.js:1051:16)
    at EventService._processTxEvents (/home/dhanish/fabric_sfc/caliper-bench/node_modules/fabric-common/lib/EventService.js:1006:12)
    at ClientDuplexStreamImpl.<anonymous> (/home/dhanish/fabric_sfc/caliper-bench/node_modules/fabric-common/lib/EventService.js:481:12)
    at ClientDuplexStreamImpl.emit (node:events:517:28)
    at addChunk (node:internal/streams/readable:368:12)
    at readableAddChunk (node:internal/streams/readable:341:9)
2026.08.11-09:20:53.620[31m error[39m [caliper] [connectors/v2/FabricGateway] 	Failed to perform submit transaction [updateFinancierRLOffer] using arguments [User4,{"aprPct":15.16,"tenorDays":14,"ltvPct":70,"penaltyPct":0.5,"modelVersion":"caliper-workload"}],  with error: TransactionError: Commit of transaction 66dc4b2fc65753218d8f79aabb3a248dfa75063d48b10d21ca790b40eab6125c failed on peer peer0.financiers.example.com:7051 with status MVCC_READ_CONFLICT
    at TransactionEventHandler.eventCallback (/home/dhanish/fabric_sfc/caliper-bench/node_modules/fabric-network/lib/impl/event/transactioneventhandler.js:111:31)
    at CommitListenerSession.notifyListener (/home/dhanish/fabric_sfc/caliper-bench/node_modules/fabric-network/lib/impl/event/commitlistenersession.js:101:18)
    at EventListener.callback (/home/dhanish/fabric_sfc/caliper-bench/node_modules/fabric-network/lib/impl/event/commitlistenersession.js:92:18)
    at EventListener.onEvent (/home/dhanish/fabric_sfc/caliper-bench/node_modules/fabric-common/lib/EventListener.js:124:10)
    at EventService._callTransactionListener (/home/dhanish/fabric_sfc/caliper-bench/node_modules/fabric-common/lib/EventService.js:1051:16)
    at EventService._processTxEvents (/home/dhanish/fabric_sfc/caliper-bench/node_modules/fabric-common/lib/EventService.js:1006:12)
    at ClientDuplexStreamImpl.<anonymous> (/home/dhanish/fabric_sfc/caliper-bench/node_modules/fabric-common/lib/EventService.js:481:12)
    at ClientDuplexStreamImpl.emit (node:events:517:28)
    at addChunk (node:internal/streams/readable:368:12)
    at readableAddChunk (node:internal/streams/readable:341:9)
2026-08-11T09:20:53.621Z - [33mwarn[39m: [TransactionEventHandler]: strategyFail: commit failure for transaction "c0f0935e0ad93f67dbaf1500260c775173fea01db00e8e3ab1eded840da48410": TransactionError: Commit of transaction c0f0935e0ad93f67dbaf1500260c775173fea01db00e8e3ab1eded840da48410 failed on peer peer0.financiers.example.com:7051 with status MVCC_READ_CONFLICT
    at TransactionEventHandler.eventCallback (/home/dhanish/fabric_sfc/caliper-bench/node_modules/fabric-network/lib/impl/event/transactioneventhandler.js:111:31)
    at CommitListenerSession.notifyListener (/home/dhanish/fabric_sfc/caliper-bench/node_modules/fabric-network/lib/impl/event/commitlistenersession.js:101:18)
    at EventListener.callback (/home/dhanish/fabric_sfc/caliper-bench/node_modules/fabric-network/lib/impl/event/commitlistenersession.js:92:18)
    at EventListener.onEvent (/home/dhanish/fabric_sfc/caliper-bench/node_modules/fabric-common/lib/EventListener.js:124:10)
    at EventService._callTransactionListener (/home/dhanish/fabric_sfc/caliper-bench/node_modules/fabric-common/lib/EventService.js:1051:16)
    at EventService._processTxEvents (/home/dhanish/fabric_sfc/caliper-bench/node_modules/fabric-common/lib/EventService.js:1006:12)
    at ClientDuplexStreamImpl.<anonymous> (/home/dhanish/fabric_sfc/caliper-bench/node_modules/fabric-common/lib/EventService.js:481:12)
    at ClientDuplexStreamImpl.emit (node:events:517:28)
    at addChunk (node:internal/streams/readable:368:12)
    at readableAddChunk (node:internal/streams/readable:341:9) {
  transactionId: 'c0f0935e0ad93f67dbaf1500260c775173fea01db00e8e3ab1eded840da48410',
  transactionCode: 'MVCC_READ_CONFLICT'
}
2026.08.11-09:20:53.621[31m error[39m [caliper] [connectors/v2/FabricGateway] 	Failed to perform submit transaction [updateFinancierRLOffer] using arguments [User2,{"aprPct":12.53,"tenorDays":21,"ltvPct":70,"penaltyPct":0.5,"modelVersion":"caliper-workload"}],  with error: TransactionError: Commit of transaction c0f0935e0ad93f67dbaf1500260c775173fea01db00e8e3ab1eded840da48410 failed on peer peer0.financiers.example.com:7051 with status MVCC_READ_CONFLICT
    at TransactionEventHandler.eventCallback (/home/dhanish/fabric_sfc/caliper-bench/node_modules/fabric-network/lib/impl/event/transactioneventhandler.js:111:31)
    at CommitListenerSession.notifyListener (/home/dhanish/fabric_sfc/caliper-bench/node_modules/fabric-network/lib/impl/event/commitlistenersession.js:101:18)
    at EventListener.callback (/home/dhanish/fabric_sfc/caliper-bench/node_modules/fabric-network/lib/impl/event/commitlistenersession.js:92:18)
    at EventListener.onEvent (/home/dhanish/fabric_sfc/caliper-bench/node_modules/fabric-common/lib/EventListener.js:124:10)
    at EventService._callTransactionListener (/home/dhanish/fabric_sfc/caliper-bench/node_modules/fabric-common/lib/EventService.js:1051:16)
    at EventService._processTxEvents (/home/dhanish/fabric_sfc/caliper-bench/node_modules/fabric-common/lib/EventService.js:1006:12)
    at ClientDuplexStreamImpl.<anonymous> (/home/dhanish/fabric_sfc/caliper-bench/node_modules/fabric-common/lib/EventService.js:481:12)
    at ClientDuplexStreamImpl.emit (node:events:517:28)
    at addChunk (node:internal/streams/readable:368:12)
    at readableAddChunk (node:internal/streams/readable:341:9)
2026-08-11T09:20:53.646Z - [33mwarn[39m: [TransactionEventHandler]: strategyFail: commit failure for transaction "d112cffd0101ec7d6851e960ae633005fd0f99ec91e20a7383c5f8785181b95c": TransactionError: Commit of transaction d112cffd0101ec7d6851e960ae633005fd0f99ec91e20a7383c5f8785181b95c failed on peer peer0.financiers.example.com:7051 with status MVCC_READ_CONFLICT
    at TransactionEventHandler.eventCallback (/home/dhanish/fabric_sfc/caliper-bench/node_modules/fabric-network/lib/impl/event/transactioneventhandler.js:111:31)
    at CommitListenerSession.notifyListener (/home/dhanish/fabric_sfc/caliper-bench/node_modules/fabric-network/lib/impl/event/commitlistenersession.js:101:18)
    at EventListener.callback (/home/dhanish/fabric_sfc/caliper-bench/node_modules/fabric-network/lib/impl/event/commitlistenersession.js:92:18)
    at EventListener.onEvent (/home/dhanish/fabric_sfc/caliper-bench/node_modules/fabric-common/lib/EventListener.js:124:10)
    at EventService._callTransactionListener (/home/dhanish/fabric_sfc/caliper-bench/node_modules/fabric-common/lib/EventService.js:1051:16)
    at EventService._processTxEvents (/home/dhanish/fabric_sfc/caliper-bench/node_modules/fabric-common/lib/EventService.js:1006:12)
    at ClientDuplexStreamImpl.<anonymous> (/home/dhanish/fabric_sfc/caliper-bench/node_modules/fabric-common/lib/EventService.js:481:12)
    at ClientDuplexStreamImpl.emit (node:events:517:28)
    at addChunk (node:internal/streams/readable:368:12)
    at readableAddChunk (node:internal/streams/readable:341:9) {
  transactionId: 'd112cffd0101ec7d6851e960ae633005fd0f99ec91e20a7383c5f8785181b95c',
  transactionCode: 'MVCC_READ_CONFLICT'
}
2026-08-11T09:20:53.646Z - [33mwarn[39m: [TransactionEventHandler]: strategyFail: commit failure for transaction "e4c47848d43cb223df0418ab2ae8e255418a992e51af83eadb97e81d165626d6": TransactionError: Commit of transaction e4c47848d43cb223df0418ab2ae8e255418a992e51af83eadb97e81d165626d6 failed on peer peer0.financiers.example.com:7051 with status MVCC_READ_CONFLICT
    at TransactionEventHandler.eventCallback (/home/dhanish/fabric_sfc/caliper-bench/node_modules/fabric-network/lib/impl/event/transactioneventhandler.js:111:31)
    at CommitListenerSession.notifyListener (/home/dhanish/fabric_sfc/caliper-bench/node_modules/fabric-network/lib/impl/event/commitlistenersession.js:101:18)
    at EventListener.callback (/home/dhanish/fabric_sfc/caliper-bench/node_modules/fabric-network/lib/impl/event/commitlistenersession.js:92:18)
    at EventListener.onEvent (/home/dhanish/fabric_sfc/caliper-bench/node_modules/fabric-common/lib/EventListener.js:124:10)
    at EventService._callTransactionListener (/home/dhanish/fabric_sfc/caliper-bench/node_modules/fabric-common/lib/EventService.js:1051:16)
    at EventService._processTxEvents (/home/dhanish/fabric_sfc/caliper-bench/node_modules/fabric-common/lib/EventService.js:1006:12)
    at ClientDuplexStreamImpl.<anonymous> (/home/dhanish/fabric_sfc/caliper-bench/node_modules/fabric-common/lib/EventService.js:481:12)
    at ClientDuplexStreamImpl.emit (node:events:517:28)
    at addChunk (node:internal/streams/readable:368:12)
    at readableAddChunk (node:internal/streams/readable:341:9) {
  transactionId: 'e4c47848d43cb223df0418ab2ae8e255418a992e51af83eadb97e81d165626d6',
  transactionCode: 'MVCC_READ_CONFLICT'
}
2026-08-11T09:20:53.646Z - [33mwarn[39m: [TransactionEventHandler]: strategyFail: commit failure for transaction "b737b4b71cb2cad8eaadb53b109af5348763a8430a45f1d30229a1b331f0f7c7": TransactionError: Commit of transaction b737b4b71cb2cad8eaadb53b109af5348763a8430a45f1d30229a1b331f0f7c7 failed on peer peer0.financiers.example.com:7051 with status MVCC_READ_CONFLICT
    at TransactionEventHandler.eventCallback (/home/dhanish/fabric_sfc/caliper-bench/node_modules/fabric-network/lib/impl/event/transactioneventhandler.js:111:31)
    at CommitListenerSession.notifyListener (/home/dhanish/fabric_sfc/caliper-bench/node_modules/fabric-network/lib/impl/event/commitlistenersession.js:101:18)
    at EventListener.callback (/home/dhanish/fabric_sfc/caliper-bench/node_modules/fabric-network/lib/impl/event/commitlistenersession.js:92:18)
    at EventListener.onEvent (/home/dhanish/fabric_sfc/caliper-bench/node_modules/fabric-common/lib/EventListener.js:124:10)
    at EventService._callTransactionListener (/home/dhanish/fabric_sfc/caliper-bench/node_modules/fabric-common/lib/EventService.js:1051:16)
    at EventService._processTxEvents (/home/dhanish/fabric_sfc/caliper-bench/node_modules/fabric-common/lib/EventService.js:1006:12)
    at ClientDuplexStreamImpl.<anonymous> (/home/dhanish/fabric_sfc/caliper-bench/node_modules/fabric-common/lib/EventService.js:481:12)
    at ClientDuplexStreamImpl.emit (node:events:517:28)
    at addChunk (node:internal/streams/readable:368:12)
    at readableAddChunk (node:internal/streams/readable:341:9) {
  transactionId: 'b737b4b71cb2cad8eaadb53b109af5348763a8430a45f1d30229a1b331f0f7c7',
  transactionCode: 'MVCC_READ_CONFLICT'
}
2026-08-11T09:20:53.647Z - [33mwarn[39m: [TransactionEventHandler]: strategyFail: commit failure for transaction "7a78714c4f38f1bf6857a0e5ba51e794b0840e3e824d74a3001969a944b2df66": TransactionError: Commit of transaction 7a78714c4f38f1bf6857a0e5ba51e794b0840e3e824d74a3001969a944b2df66 failed on peer peer0.financiers.example.com:7051 with status MVCC_READ_CONFLICT
    at TransactionEventHandler.eventCallback (/home/dhanish/fabric_sfc/caliper-bench/node_modules/fabric-network/lib/impl/event/transactioneventhandler.js:111:31)
    at CommitListenerSession.notifyListener (/home/dhanish/fabric_sfc/caliper-bench/node_modules/fabric-network/lib/impl/event/commitlistenersession.js:101:18)
    at EventListener.callback (/home/dhanish/fabric_sfc/caliper-bench/node_modules/fabric-network/lib/impl/event/commitlistenersession.js:92:18)
    at EventListener.onEvent (/home/dhanish/fabric_sfc/caliper-bench/node_modules/fabric-common/lib/EventListener.js:124:10)
    at EventService._callTransactionListener (/home/dhanish/fabric_sfc/caliper-bench/node_modules/fabric-common/lib/EventService.js:1051:16)
    at EventService._processTxEvents (/home/dhanish/fabric_sfc/caliper-bench/node_modules/fabric-common/lib/EventService.js:1006:12)
    at ClientDuplexStreamImpl.<anonymous> (/home/dhanish/fabric_sfc/caliper-bench/node_modules/fabric-common/lib/EventService.js:481:12)
    at ClientDuplexStreamImpl.emit (node:events:517:28)
    at addChunk (node:internal/streams/readable:368:12)
    at readableAddChunk (node:internal/streams/readable:341:9) {
  transactionId: '7a78714c4f38f1bf6857a0e5ba51e794b0840e3e824d74a3001969a944b2df66',
  transactionCode: 'MVCC_READ_CONFLICT'
}
2026-08-11T09:20:53.647Z - [33mwarn[39m: [TransactionEventHandler]: strategyFail: commit failure for transaction "5b111384d9f2b02453ddcc00c39220ac8249147927dc8429be790f4f7774c668": TransactionError: Commit of transaction 5b111384d9f2b02453ddcc00c39220ac8249147927dc8429be790f4f7774c668 failed on peer peer0.financiers.example.com:7051 with status MVCC_READ_CONFLICT
    at TransactionEventHandler.eventCallback (/home/dhanish/fabric_sfc/caliper-bench/node_modules/fabric-network/lib/impl/event/transactioneventhandler.js:111:31)
    at CommitListenerSession.notifyListener (/home/dhanish/fabric_sfc/caliper-bench/node_modules/fabric-network/lib/impl/event/commitlistenersession.js:101:18)
    at EventListener.callback (/home/dhanish/fabric_sfc/caliper-bench/node_modules/fabric-network/lib/impl/event/commitlistenersession.js:92:18)
    at EventListener.onEvent (/home/dhanish/fabric_sfc/caliper-bench/node_modules/fabric-common/lib/EventListener.js:124:10)
    at EventService._callTransactionListener (/home/dhanish/fabric_sfc/caliper-bench/node_modules/fabric-common/lib/EventService.js:1051:16)
    at EventService._processTxEvents (/home/dhanish/fabric_sfc/caliper-bench/node_modules/fabric-common/lib/EventService.js:1006:12)
    at ClientDuplexStreamImpl.<anonymous> (/home/dhanish/fabric_sfc/caliper-bench/node_modules/fabric-common/lib/EventService.js:481:12)
    at ClientDuplexStreamImpl.emit (node:events:517:28)
    at addChunk (node:internal/streams/readable:368:12)
    at readableAddChunk (node:internal/streams/readable:341:9) {
  transactionId: '5b111384d9f2b02453ddcc00c39220ac8249147927dc8429be790f4f7774c668',
  transactionCode: 'MVCC_READ_CONFLICT'
}
2026-08-11T09:20:53.647Z - [33mwarn[39m: [TransactionEventHandler]: strategyFail: commit failure for transaction "1a52404b9568fbed89d2d4343b5310c961bc419b1740076a2108f024a80fa845": TransactionError: Commit of transaction 1a52404b9568fbed89d2d4343b5310c961bc419b1740076a2108f024a80fa845 failed on peer peer0.financiers.example.com:7051 with status MVCC_READ_CONFLICT
    at TransactionEventHandler.eventCallback (/home/dhanish/fabric_sfc/caliper-bench/node_modules/fabric-network/lib/impl/event/transactioneventhandler.js:111:31)
    at CommitListenerSession.notifyListener (/home/dhanish/fabric_sfc/caliper-bench/node_modules/fabric-network/lib/impl/event/commitlistenersession.js:101:18)
    at EventListener.callback (/home/dhanish/fabric_sfc/caliper-bench/node_modules/fabric-network/lib/impl/event/commitlistenersession.js:92:18)
    at EventListener.onEvent (/home/dhanish/fabric_sfc/caliper-bench/node_modules/fabric-common/lib/EventListener.js:124:10)
    at EventService._callTransactionListener (/home/dhanish/fabric_sfc/caliper-bench/node_modules/fabric-common/lib/EventService.js:1051:16)
    at EventService._processTxEvents (/home/dhanish/fabric_sfc/caliper-bench/node_modules/fabric-common/lib/EventService.js:1006:12)
    at ClientDuplexStreamImpl.<anonymous> (/home/dhanish/fabric_sfc/caliper-bench/node_modules/fabric-common/lib/EventService.js:481:12)
    at ClientDuplexStreamImpl.emit (node:events:517:28)
    at addChunk (node:internal/streams/readable:368:12)
    at readableAddChunk (node:internal/streams/readable:341:9) {
  transactionId: '1a52404b9568fbed89d2d4343b5310c961bc419b1740076a2108f024a80fa845',
  transactionCode: 'MVCC_READ_CONFLICT'
}
2026.08.11-09:20:53.647[31m error[39m [caliper] [connectors/v2/FabricGateway] 	Failed to perform submit transaction [updateFinancierRLOffer] using arguments [User4,{"aprPct":16.02,"tenorDays":14,"ltvPct":70,"penaltyPct":0.5,"modelVersion":"caliper-workload"}],  with error: TransactionError: Commit of transaction d112cffd0101ec7d6851e960ae633005fd0f99ec91e20a7383c5f8785181b95c failed on peer peer0.financiers.example.com:7051 with status MVCC_READ_CONFLICT
    at TransactionEventHandler.eventCallback (/home/dhanish/fabric_sfc/caliper-bench/node_modules/fabric-network/lib/impl/event/transactioneventhandler.js:111:31)
    at CommitListenerSession.notifyListener (/home/dhanish/fabric_sfc/caliper-bench/node_modules/fabric-network/lib/impl/event/commitlistenersession.js:101:18)
    at EventListener.callback (/home/dhanish/fabric_sfc/caliper-bench/node_modules/fabric-network/lib/impl/event/commitlistenersession.js:92:18)
    at EventListener.onEvent (/home/dhanish/fabric_sfc/caliper-bench/node_modules/fabric-common/lib/EventListener.js:124:10)
    at EventService._callTransactionListener (/home/dhanish/fabric_sfc/caliper-bench/node_modules/fabric-common/lib/EventService.js:1051:16)
    at EventService._processTxEvents (/home/dhanish/fabric_sfc/caliper-bench/node_modules/fabric-common/lib/EventService.js:1006:12)
    at ClientDuplexStreamImpl.<anonymous> (/home/dhanish/fabric_sfc/caliper-bench/node_modules/fabric-common/lib/EventService.js:481:12)
    at ClientDuplexStreamImpl.emit (node:events:517:28)
    at addChunk (node:internal/streams/readable:368:12)
    at readableAddChunk (node:internal/streams/readable:341:9)
2026.08.11-09:20:53.647[31m error[39m [caliper] [connectors/v2/FabricGateway] 	Failed to perform submit transaction [updateFinancierRLOffer] using arguments [User3,{"aprPct":12.33,"tenorDays":28,"ltvPct":70,"penaltyPct":0.5,"modelVersion":"caliper-workload"}],  with error: TransactionError: Commit of transaction e4c47848d43cb223df0418ab2ae8e255418a992e51af83eadb97e81d165626d6 failed on peer peer0.financiers.example.com:7051 with status MVCC_READ_CONFLICT
    at TransactionEventHandler.eventCallback (/home/dhanish/fabric_sfc/caliper-bench/node_modules/fabric-network/lib/impl/event/transactioneventhandler.js:111:31)
    at CommitListenerSession.notifyListener (/home/dhanish/fabric_sfc/caliper-bench/node_modules/fabric-network/lib/impl/event/commitlistenersession.js:101:18)
    at EventListener.callback (/home/dhanish/fabric_sfc/caliper-bench/node_modules/fabric-network/lib/impl/event/commitlistenersession.js:92:18)
    at EventListener.onEvent (/home/dhanish/fabric_sfc/caliper-bench/node_modules/fabric-common/lib/EventListener.js:124:10)
    at EventService._callTransactionListener (/home/dhanish/fabric_sfc/caliper-bench/node_modules/fabric-common/lib/EventService.js:1051:16)
    at EventService._processTxEvents (/home/dhanish/fabric_sfc/caliper-bench/node_modules/fabric-common/lib/EventService.js:1006:12)
    at ClientDuplexStreamImpl.<anonymous> (/home/dhanish/fabric_sfc/caliper-bench/node_modules/fabric-common/lib/EventService.js:481:12)
    at ClientDuplexStreamImpl.emit (node:events:517:28)
    at addChunk (node:internal/streams/readable:368:12)
    at readableAddChunk (node:internal/streams/readable:341:9)
2026.08.11-09:20:53.647[31m error[39m [caliper] [connectors/v2/FabricGateway] 	Failed to perform submit transaction [updateFinancierRLOffer] using arguments [User4,{"aprPct":12.25,"tenorDays":14,"ltvPct":70,"penaltyPct":0.5,"modelVersion":"caliper-workload"}],  with error: TransactionError: Commit of transaction 7a78714c4f38f1bf6857a0e5ba51e794b0840e3e824d74a3001969a944b2df66 failed on peer peer0.financiers.example.com:7051 with status MVCC_READ_CONFLICT
    at TransactionEventHandler.eventCallback (/home/dhanish/fabric_sfc/caliper-bench/node_modules/fabric-network/lib/impl/event/transactioneventhandler.js:111:31)
    at CommitListenerSession.notifyListener (/home/dhanish/fabric_sfc/caliper-bench/node_modules/fabric-network/lib/impl/event/commitlistenersession.js:101:18)
    at EventListener.callback (/home/dhanish/fabric_sfc/caliper-bench/node_modules/fabric-network/lib/impl/event/commitlistenersession.js:92:18)
    at EventListener.onEvent (/home/dhanish/fabric_sfc/caliper-bench/node_modules/fabric-common/lib/EventListener.js:124:10)
    at EventService._callTransactionListener (/home/dhanish/fabric_sfc/caliper-bench/node_modules/fabric-common/lib/EventService.js:1051:16)
    at EventService._processTxEvents (/home/dhanish/fabric_sfc/caliper-bench/node_modules/fabric-common/lib/EventService.js:1006:12)
    at ClientDuplexStreamImpl.<anonymous> (/home/dhanish/fabric_sfc/caliper-bench/node_modules/fabric-common/lib/EventService.js:481:12)
    at ClientDuplexStreamImpl.emit (node:events:517:28)
    at addChunk (node:internal/streams/readable:368:12)
    at readableAddChunk (node:internal/streams/readable:341:9)
2026.08.11-09:20:53.647[31m error[39m [caliper] [connectors/v2/FabricGateway] 	Failed to perform submit transaction [updateFinancierRLOffer] using arguments [User3,{"aprPct":14.04,"tenorDays":28,"ltvPct":70,"penaltyPct":0.5,"modelVersion":"caliper-workload"}],  with error: TransactionError: Commit of transaction 5b111384d9f2b02453ddcc00c39220ac8249147927dc8429be790f4f7774c668 failed on peer peer0.financiers.example.com:7051 with status MVCC_READ_CONFLICT
    at TransactionEventHandler.eventCallback (/home/dhanish/fabric_sfc/caliper-bench/node_modules/fabric-network/lib/impl/event/transactioneventhandler.js:111:31)
    at CommitListenerSession.notifyListener (/home/dhanish/fabric_sfc/caliper-bench/node_modules/fabric-network/lib/impl/event/commitlistenersession.js:101:18)
    at EventListener.callback (/home/dhanish/fabric_sfc/caliper-bench/node_modules/fabric-network/lib/impl/event/commitlistenersession.js:92:18)
    at EventListener.onEvent (/home/dhanish/fabric_sfc/caliper-bench/node_modules/fabric-common/lib/EventListener.js:124:10)
    at EventService._callTransactionListener (/home/dhanish/fabric_sfc/caliper-bench/node_modules/fabric-common/lib/EventService.js:1051:16)
    at EventService._processTxEvents (/home/dhanish/fabric_sfc/caliper-bench/node_modules/fabric-common/lib/EventService.js:1006:12)
    at ClientDuplexStreamImpl.<anonymous> (/home/dhanish/fabric_sfc/caliper-bench/node_modules/fabric-common/lib/EventService.js:481:12)
    at ClientDuplexStreamImpl.emit (node:events:517:28)
    at addChunk (node:internal/streams/readable:368:12)
    at readableAddChunk (node:internal/streams/readable:341:9)
2026.08.11-09:20:53.647[31m error[39m [caliper] [connectors/v2/FabricGateway] 	Failed to perform submit transaction [updateFinancierRLOffer] using arguments [User2,{"aprPct":15.98,"tenorDays":21,"ltvPct":70,"penaltyPct":0.5,"modelVersion":"caliper-workload"}],  with error: TransactionError: Commit of transaction b737b4b71cb2cad8eaadb53b109af5348763a8430a45f1d30229a1b331f0f7c7 failed on peer peer0.financiers.example.com:7051 with status MVCC_READ_CONFLICT
    at TransactionEventHandler.eventCallback (/home/dhanish/fabric_sfc/caliper-bench/node_modules/fabric-network/lib/impl/event/transactioneventhandler.js:111:31)
    at CommitListenerSession.notifyListener (/home/dhanish/fabric_sfc/caliper-bench/node_modules/fabric-network/lib/impl/event/commitlistenersession.js:101:18)
    at EventListener.callback (/home/dhanish/fabric_sfc/caliper-bench/node_modules/fabric-network/lib/impl/event/commitlistenersession.js:92:18)
    at EventListener.onEvent (/home/dhanish/fabric_sfc/caliper-bench/node_modules/fabric-common/lib/EventListener.js:124:10)
    at EventService._callTransactionListener (/home/dhanish/fabric_sfc/caliper-bench/node_modules/fabric-common/lib/EventService.js:1051:16)
    at EventService._processTxEvents (/home/dhanish/fabric_sfc/caliper-bench/node_modules/fabric-common/lib/EventService.js:1006:12)
    at ClientDuplexStreamImpl.<anonymous> (/home/dhanish/fabric_sfc/caliper-bench/node_modules/fabric-common/lib/EventService.js:481:12)
    at ClientDuplexStreamImpl.emit (node:events:517:28)
    at addChunk (node:internal/streams/readable:368:12)
    at readableAddChunk (node:internal/streams/readable:341:9)
2026.08.11-09:20:53.648[31m error[39m [caliper] [connectors/v2/FabricGateway] 	Failed to perform submit transaction [updateFinancierRLOffer] using arguments [User2,{"aprPct":17.51,"tenorDays":21,"ltvPct":70,"penaltyPct":0.5,"modelVersion":"caliper-workload"}],  with error: TransactionError: Commit of transaction 1a52404b9568fbed89d2d4343b5310c961bc419b1740076a2108f024a80fa845 failed on peer peer0.financiers.example.com:7051 with status MVCC_READ_CONFLICT
    at TransactionEventHandler.eventCallback (/home/dhanish/fabric_sfc/caliper-bench/node_modules/fabric-network/lib/impl/event/transactioneventhandler.js:111:31)
    at CommitListenerSession.notifyListener (/home/dhanish/fabric_sfc/caliper-bench/node_modules/fabric-network/lib/impl/event/commitlistenersession.js:101:18)
    at EventListener.callback (/home/dhanish/fabric_sfc/caliper-bench/node_modules/fabric-network/lib/impl/event/commitlistenersession.js:92:18)
    at EventListener.onEvent (/home/dhanish/fabric_sfc/caliper-bench/node_modules/fabric-common/lib/EventListener.js:124:10)
    at EventService._callTransactionListener (/home/dhanish/fabric_sfc/caliper-bench/node_modules/fabric-common/lib/EventService.js:1051:16)
    at EventService._processTxEvents (/home/dhanish/fabric_sfc/caliper-bench/node_modules/fabric-common/lib/EventService.js:1006:12)
    at ClientDuplexStreamImpl.<anonymous> (/home/dhanish/fabric_sfc/caliper-bench/node_modules/fabric-common/lib/EventService.js:481:12)
    at ClientDuplexStreamImpl.emit (node:events:517:28)
    at addChunk (node:internal/streams/readable:368:12)
    at readableAddChunk (node:internal/streams/readable:341:9)
2026-08-11T09:20:53.651Z - [33mwarn[39m: [TransactionEventHandler]: strategyFail: commit failure for transaction "629a01a3748826a22624cb4b828b7c63d1ba576d19a77c22d44c3c4958f28102": TransactionError: Commit of transaction 629a01a3748826a22624cb4b828b7c63d1ba576d19a77c22d44c3c4958f28102 failed on peer peer0.financiers.example.com:7051 with status MVCC_READ_CONFLICT
    at TransactionEventHandler.eventCallback (/home/dhanish/fabric_sfc/caliper-bench/node_modules/fabric-network/lib/impl/event/transactioneventhandler.js:111:31)
    at CommitListenerSession.notifyListener (/home/dhanish/fabric_sfc/caliper-bench/node_modules/fabric-network/lib/impl/event/commitlistenersession.js:101:18)
    at EventListener.callback (/home/dhanish/fabric_sfc/caliper-bench/node_modules/fabric-network/lib/impl/event/commitlistenersession.js:92:18)
    at EventListener.onEvent (/home/dhanish/fabric_sfc/caliper-bench/node_modules/fabric-common/lib/EventListener.js:124:10)
    at EventService._callTransactionListener (/home/dhanish/fabric_sfc/caliper-bench/node_modules/fabric-common/lib/EventService.js:1051:16)
    at EventService._processTxEvents (/home/dhanish/fabric_sfc/caliper-bench/node_modules/fabric-common/lib/EventService.js:1006:12)
    at ClientDuplexStreamImpl.<anonymous> (/home/dhanish/fabric_sfc/caliper-bench/node_modules/fabric-common/lib/EventService.js:481:12)
    at ClientDuplexStreamImpl.emit (node:events:517:28)
    at addChunk (node:internal/streams/readable:368:12)
    at readableAddChunk (node:internal/streams/readable:341:9) {
  transactionId: '629a01a3748826a22624cb4b828b7c63d1ba576d19a77c22d44c3c4958f28102',
  transactionCode: 'MVCC_READ_CONFLICT'
}
2026-08-11T09:20:53.652Z - [33mwarn[39m: [TransactionEventHandler]: strategyFail: commit failure for transaction "2133eb8ca8d180094432959b04ab8e256ef00bdd747797b463730fefd56bd6d1": TransactionError: Commit of transaction 2133eb8ca8d180094432959b04ab8e256ef00bdd747797b463730fefd56bd6d1 failed on peer peer0.financiers.example.com:7051 with status MVCC_READ_CONFLICT
    at TransactionEventHandler.eventCallback (/home/dhanish/fabric_sfc/caliper-bench/node_modules/fabric-network/lib/impl/event/transactioneventhandler.js:111:31)
    at CommitListenerSession.notifyListener (/home/dhanish/fabric_sfc/caliper-bench/node_modules/fabric-network/lib/impl/event/commitlistenersession.js:101:18)
    at EventListener.callback (/home/dhanish/fabric_sfc/caliper-bench/node_modules/fabric-network/lib/impl/event/commitlistenersession.js:92:18)
    at EventListener.onEvent (/home/dhanish/fabric_sfc/caliper-bench/node_modules/fabric-common/lib/EventListener.js:124:10)
    at EventService._callTransactionListener (/home/dhanish/fabric_sfc/caliper-bench/node_modules/fabric-common/lib/EventService.js:1051:16)
    at EventService._processTxEvents (/home/dhanish/fabric_sfc/caliper-bench/node_modules/fabric-common/lib/EventService.js:1006:12)
    at ClientDuplexStreamImpl.<anonymous> (/home/dhanish/fabric_sfc/caliper-bench/node_modules/fabric-common/lib/EventService.js:481:12)
    at ClientDuplexStreamImpl.emit (node:events:517:28)
    at addChunk (node:internal/streams/readable:368:12)
    at readableAddChunk (node:internal/streams/readable:341:9) {
  transactionId: '2133eb8ca8d180094432959b04ab8e256ef00bdd747797b463730fefd56bd6d1',
  transactionCode: 'MVCC_READ_CONFLICT'
}
2026.08.11-09:20:53.653[31m error[39m [caliper] [connectors/v2/FabricGateway] 	Failed to perform submit transaction [updateFinancierRLOffer] using arguments [User1,{"aprPct":12.72,"tenorDays":14,"ltvPct":70,"penaltyPct":0.5,"modelVersion":"caliper-workload"}],  with error: TransactionError: Commit of transaction 629a01a3748826a22624cb4b828b7c63d1ba576d19a77c22d44c3c4958f28102 failed on peer peer0.financiers.example.com:7051 with status MVCC_READ_CONFLICT
    at TransactionEventHandler.eventCallback (/home/dhanish/fabric_sfc/caliper-bench/node_modules/fabric-network/lib/impl/event/transactioneventhandler.js:111:31)
    at CommitListenerSession.notifyListener (/home/dhanish/fabric_sfc/caliper-bench/node_modules/fabric-network/lib/impl/event/commitlistenersession.js:101:18)
    at EventListener.callback (/home/dhanish/fabric_sfc/caliper-bench/node_modules/fabric-network/lib/impl/event/commitlistenersession.js:92:18)
    at EventListener.onEvent (/home/dhanish/fabric_sfc/caliper-bench/node_modules/fabric-common/lib/EventListener.js:124:10)
    at EventService._callTransactionListener (/home/dhanish/fabric_sfc/caliper-bench/node_modules/fabric-common/lib/EventService.js:1051:16)
    at EventService._processTxEvents (/home/dhanish/fabric_sfc/caliper-bench/node_modules/fabric-common/lib/EventService.js:1006:12)
    at ClientDuplexStreamImpl.<anonymous> (/home/dhanish/fabric_sfc/caliper-bench/node_modules/fabric-common/lib/EventService.js:481:12)
    at ClientDuplexStreamImpl.emit (node:events:517:28)
    at addChunk (node:internal/streams/readable:368:12)
    at readableAddChunk (node:internal/streams/readable:341:9)
2026.08.11-09:20:53.653[31m error[39m [caliper] [connectors/v2/FabricGateway] 	Failed to perform submit transaction [updateFinancierRLOffer] using arguments [User1,{"aprPct":16.94,"tenorDays":14,"ltvPct":70,"penaltyPct":0.5,"modelVersion":"caliper-workload"}],  with error: TransactionError: Commit of transaction 2133eb8ca8d180094432959b04ab8e256ef00bdd747797b463730fefd56bd6d1 failed on peer peer0.financiers.example.com:7051 with status MVCC_READ_CONFLICT
    at TransactionEventHandler.eventCallback (/home/dhanish/fabric_sfc/caliper-bench/node_modules/fabric-network/lib/impl/event/transactioneventhandler.js:111:31)
    at CommitListenerSession.notifyListener (/home/dhanish/fabric_sfc/caliper-bench/node_modules/fabric-network/lib/impl/event/commitlistenersession.js:101:18)
    at EventListener.callback (/home/dhanish/fabric_sfc/caliper-bench/node_modules/fabric-network/lib/impl/event/commitlistenersession.js:92:18)
    at EventListener.onEvent (/home/dhanish/fabric_sfc/caliper-bench/node_modules/fabric-common/lib/EventListener.js:124:10)
    at EventService._callTransactionListener (/home/dhanish/fabric_sfc/caliper-bench/node_modules/fabric-common/lib/EventService.js:1051:16)
    at EventService._processTxEvents (/home/dhanish/fabric_sfc/caliper-bench/node_modules/fabric-common/lib/EventService.js:1006:12)
    at ClientDuplexStreamImpl.<anonymous> (/home/dhanish/fabric_sfc/caliper-bench/node_modules/fabric-common/lib/EventService.js:481:12)
    at ClientDuplexStreamImpl.emit (node:events:517:28)
    at addChunk (node:internal/streams/readable:368:12)
    at readableAddChunk (node:internal/streams/readable:341:9)
2026-08-11T09:20:53.679Z - [33mwarn[39m: [TransactionEventHandler]: strategyFail: commit failure for transaction "3d570975c471683a4f8dcef92223bdea0e286555a183f0640fa966ec99024370": TransactionError: Commit of transaction 3d570975c471683a4f8dcef92223bdea0e286555a183f0640fa966ec99024370 failed on peer peer0.financiers.example.com:7051 with status MVCC_READ_CONFLICT
    at TransactionEventHandler.eventCallback (/home/dhanish/fabric_sfc/caliper-bench/node_modules/fabric-network/lib/impl/event/transactioneventhandler.js:111:31)
    at CommitListenerSession.notifyListener (/home/dhanish/fabric_sfc/caliper-bench/node_modules/fabric-network/lib/impl/event/commitlistenersession.js:101:18)
    at EventListener.callback (/home/dhanish/fabric_sfc/caliper-bench/node_modules/fabric-network/lib/impl/event/commitlistenersession.js:92:18)
    at EventListener.onEvent (/home/dhanish/fabric_sfc/caliper-bench/node_modules/fabric-common/lib/EventListener.js:124:10)
    at EventService._callTransactionListener (/home/dhanish/fabric_sfc/caliper-bench/node_modules/fabric-common/lib/EventService.js:1051:16)
    at EventService._processTxEvents (/home/dhanish/fabric_sfc/caliper-bench/node_modules/fabric-common/lib/EventService.js:1006:12)
    at ClientDuplexStreamImpl.<anonymous> (/home/dhanish/fabric_sfc/caliper-bench/node_modules/fabric-common/lib/EventService.js:481:12)
    at ClientDuplexStreamImpl.emit (node:events:517:28)
    at addChunk (node:internal/streams/readable:368:12)
    at readableAddChunk (node:internal/streams/readable:341:9) {
  transactionId: '3d570975c471683a4f8dcef92223bdea0e286555a183f0640fa966ec99024370',
  transactionCode: 'MVCC_READ_CONFLICT'
}
2026.08.11-09:20:53.679[31m error[39m [caliper] [connectors/v2/FabricGateway] 	Failed to perform submit transaction [updateFinancierRLOffer] using arguments [User2,{"aprPct":15.67,"tenorDays":21,"ltvPct":70,"penaltyPct":0.5,"modelVersion":"caliper-workload"}],  with error: TransactionError: Commit of transaction 3d570975c471683a4f8dcef92223bdea0e286555a183f0640fa966ec99024370 failed on peer peer0.financiers.example.com:7051 with status MVCC_READ_CONFLICT
    at TransactionEventHandler.eventCallback (/home/dhanish/fabric_sfc/caliper-bench/node_modules/fabric-network/lib/impl/event/transactioneventhandler.js:111:31)
    at CommitListenerSession.notifyListener (/home/dhanish/fabric_sfc/caliper-bench/node_modules/fabric-network/lib/impl/event/commitlistenersession.js:101:18)
    at EventListener.callback (/home/dhanish/fabric_sfc/caliper-bench/node_modules/fabric-network/lib/impl/event/commitlistenersession.js:92:18)
    at EventListener.onEvent (/home/dhanish/fabric_sfc/caliper-bench/node_modules/fabric-common/lib/EventListener.js:124:10)
    at EventService._callTransactionListener (/home/dhanish/fabric_sfc/caliper-bench/node_modules/fabric-common/lib/EventService.js:1051:16)
    at EventService._processTxEvents (/home/dhanish/fabric_sfc/caliper-bench/node_modules/fabric-common/lib/EventService.js:1006:12)
    at ClientDuplexStreamImpl.<anonymous> (/home/dhanish/fabric_sfc/caliper-bench/node_modules/fabric-common/lib/EventService.js:481:12)
    at ClientDuplexStreamImpl.emit (node:events:517:28)
    at addChunk (node:internal/streams/readable:368:12)
    at readableAddChunk (node:internal/streams/readable:341:9)
2026-08-11T09:20:53.680Z - [33mwarn[39m: [TransactionEventHandler]: strategyFail: commit failure for transaction "52c9d237b43ec6ac3322fddec67c074ada8adfba595435142e80ac413b8e1dac": TransactionError: Commit of transaction 52c9d237b43ec6ac3322fddec67c074ada8adfba595435142e80ac413b8e1dac failed on peer peer0.financiers.example.com:7051 with status MVCC_READ_CONFLICT
    at TransactionEventHandler.eventCallback (/home/dhanish/fabric_sfc/caliper-bench/node_modules/fabric-network/lib/impl/event/transactioneventhandler.js:111:31)
    at CommitListenerSession.notifyListener (/home/dhanish/fabric_sfc/caliper-bench/node_modules/fabric-network/lib/impl/event/commitlistenersession.js:101:18)
    at EventListener.callback (/home/dhanish/fabric_sfc/caliper-bench/node_modules/fabric-network/lib/impl/event/commitlistenersession.js:92:18)
    at EventListener.onEvent (/home/dhanish/fabric_sfc/caliper-bench/node_modules/fabric-common/lib/EventListener.js:124:10)
    at EventService._callTransactionListener (/home/dhanish/fabric_sfc/caliper-bench/node_modules/fabric-common/lib/EventService.js:1051:16)
    at EventService._processTxEvents (/home/dhanish/fabric_sfc/caliper-bench/node_modules/fabric-common/lib/EventService.js:1006:12)
    at ClientDuplexStreamImpl.<anonymous> (/home/dhanish/fabric_sfc/caliper-bench/node_modules/fabric-common/lib/EventService.js:481:12)
    at ClientDuplexStreamImpl.emit (node:events:517:28)
    at addChunk (node:internal/streams/readable:368:12)
    at readableAddChunk (node:internal/streams/readable:341:9) {
  transactionId: '52c9d237b43ec6ac3322fddec67c074ada8adfba595435142e80ac413b8e1dac',
  transactionCode: 'MVCC_READ_CONFLICT'
}
2026-08-11T09:20:53.681Z - [33mwarn[39m: [TransactionEventHandler]: strategyFail: commit failure for transaction "9e7a491c6e339aea05dcb8992a3d7d46096a0d451b93f80a63f6f320761d9073": TransactionError: Commit of transaction 9e7a491c6e339aea05dcb8992a3d7d46096a0d451b93f80a63f6f320761d9073 failed on peer peer0.financiers.example.com:7051 with status MVCC_READ_CONFLICT
    at TransactionEventHandler.eventCallback (/home/dhanish/fabric_sfc/caliper-bench/node_modules/fabric-network/lib/impl/event/transactioneventhandler.js:111:31)
    at CommitListenerSession.notifyListener (/home/dhanish/fabric_sfc/caliper-bench/node_modules/fabric-network/lib/impl/event/commitlistenersession.js:101:18)
    at EventListener.callback (/home/dhanish/fabric_sfc/caliper-bench/node_modules/fabric-network/lib/impl/event/commitlistenersession.js:92:18)
    at EventListener.onEvent (/home/dhanish/fabric_sfc/caliper-bench/node_modules/fabric-common/lib/EventListener.js:124:10)
    at EventService._callTransactionListener (/home/dhanish/fabric_sfc/caliper-bench/node_modules/fabric-common/lib/EventService.js:1051:16)
    at EventService._processTxEvents (/home/dhanish/fabric_sfc/caliper-bench/node_modules/fabric-common/lib/EventService.js:1006:12)
    at ClientDuplexStreamImpl.<anonymous> (/home/dhanish/fabric_sfc/caliper-bench/node_modules/fabric-common/lib/EventService.js:481:12)
    at ClientDuplexStreamImpl.emit (node:events:517:28)
    at addChunk (node:internal/streams/readable:368:12)
    at readableAddChunk (node:internal/streams/readable:341:9) {
  transactionId: '9e7a491c6e339aea05dcb8992a3d7d46096a0d451b93f80a63f6f320761d9073',
  transactionCode: 'MVCC_READ_CONFLICT'
}
2026.08.11-09:20:53.681[31m error[39m [caliper] [connectors/v2/FabricGateway] 	Failed to perform submit transaction [updateFinancierRLOffer] using arguments [User3,{"aprPct":12.69,"tenorDays":28,"ltvPct":70,"penaltyPct":0.5,"modelVersion":"caliper-workload"}],  with error: TransactionError: Commit of transaction 52c9d237b43ec6ac3322fddec67c074ada8adfba595435142e80ac413b8e1dac failed on peer peer0.financiers.example.com:7051 with status MVCC_READ_CONFLICT
    at TransactionEventHandler.eventCallback (/home/dhanish/fabric_sfc/caliper-bench/node_modules/fabric-network/lib/impl/event/transactioneventhandler.js:111:31)
    at CommitListenerSession.notifyListener (/home/dhanish/fabric_sfc/caliper-bench/node_modules/fabric-network/lib/impl/event/commitlistenersession.js:101:18)
    at EventListener.callback (/home/dhanish/fabric_sfc/caliper-bench/node_modules/fabric-network/lib/impl/event/commitlistenersession.js:92:18)
    at EventListener.onEvent (/home/dhanish/fabric_sfc/caliper-bench/node_modules/fabric-common/lib/EventListener.js:124:10)
    at EventService._callTransactionListener (/home/dhanish/fabric_sfc/caliper-bench/node_modules/fabric-common/lib/EventService.js:1051:16)
    at EventService._processTxEvents (/home/dhanish/fabric_sfc/caliper-bench/node_modules/fabric-common/lib/EventService.js:1006:12)
    at ClientDuplexStreamImpl.<anonymous> (/home/dhanish/fabric_sfc/caliper-bench/node_modules/fabric-common/lib/EventService.js:481:12)
    at ClientDuplexStreamImpl.emit (node:events:517:28)
    at addChunk (node:internal/streams/readable:368:12)
    at readableAddChunk (node:internal/streams/readable:341:9)
2026.08.11-09:20:53.681[31m error[39m [caliper] [connectors/v2/FabricGateway] 	Failed to perform submit transaction [updateFinancierRLOffer] using arguments [User3,{"aprPct":14.43,"tenorDays":28,"ltvPct":70,"penaltyPct":0.5,"modelVersion":"caliper-workload"}],  with error: TransactionError: Commit of transaction 9e7a491c6e339aea05dcb8992a3d7d46096a0d451b93f80a63f6f320761d9073 failed on peer peer0.financiers.example.com:7051 with status MVCC_READ_CONFLICT
    at TransactionEventHandler.eventCallback (/home/dhanish/fabric_sfc/caliper-bench/node_modules/fabric-network/lib/impl/event/transactioneventhandler.js:111:31)
    at CommitListenerSession.notifyListener (/home/dhanish/fabric_sfc/caliper-bench/node_modules/fabric-network/lib/impl/event/commitlistenersession.js:101:18)
    at EventListener.callback (/home/dhanish/fabric_sfc/caliper-bench/node_modules/fabric-network/lib/impl/event/commitlistenersession.js:92:18)
    at EventListener.onEvent (/home/dhanish/fabric_sfc/caliper-bench/node_modules/fabric-common/lib/EventListener.js:124:10)
    at EventService._callTransactionListener (/home/dhanish/fabric_sfc/caliper-bench/node_modules/fabric-common/lib/EventService.js:1051:16)
    at EventService._processTxEvents (/home/dhanish/fabric_sfc/caliper-bench/node_modules/fabric-common/lib/EventService.js:1006:12)
    at ClientDuplexStreamImpl.<anonymous> (/home/dhanish/fabric_sfc/caliper-bench/node_modules/fabric-common/lib/EventService.js:481:12)
    at ClientDuplexStreamImpl.emit (node:events:517:28)
    at addChunk (node:internal/streams/readable:368:12)
    at readableAddChunk (node:internal/streams/readable:341:9)
2026-08-11T09:20:53.683Z - [33mwarn[39m: [TransactionEventHandler]: strategyFail: commit failure for transaction "b28e4b3aa5c678a25174cc2893677436c3e16f678f095f14f14b74899eebdde8": TransactionError: Commit of transaction b28e4b3aa5c678a25174cc2893677436c3e16f678f095f14f14b74899eebdde8 failed on peer peer0.financiers.example.com:7051 with status MVCC_READ_CONFLICT
    at TransactionEventHandler.eventCallback (/home/dhanish/fabric_sfc/caliper-bench/node_modules/fabric-network/lib/impl/event/transactioneventhandler.js:111:31)
    at CommitListenerSession.notifyListener (/home/dhanish/fabric_sfc/caliper-bench/node_modules/fabric-network/lib/impl/event/commitlistenersession.js:101:18)
    at EventListener.callback (/home/dhanish/fabric_sfc/caliper-bench/node_modules/fabric-network/lib/impl/event/commitlistenersession.js:92:18)
    at EventListener.onEvent (/home/dhanish/fabric_sfc/caliper-bench/node_modules/fabric-common/lib/EventListener.js:124:10)
    at EventService._callTransactionListener (/home/dhanish/fabric_sfc/caliper-bench/node_modules/fabric-common/lib/EventService.js:1051:16)
    at EventService._processTxEvents (/home/dhanish/fabric_sfc/caliper-bench/node_modules/fabric-common/lib/EventService.js:1006:12)
    at ClientDuplexStreamImpl.<anonymous> (/home/dhanish/fabric_sfc/caliper-bench/node_modules/fabric-common/lib/EventService.js:481:12)
    at ClientDuplexStreamImpl.emit (node:events:517:28)
    at addChunk (node:internal/streams/readable:368:12)
    at readableAddChunk (node:internal/streams/readable:341:9) {
  transactionId: 'b28e4b3aa5c678a25174cc2893677436c3e16f678f095f14f14b74899eebdde8',
  transactionCode: 'MVCC_READ_CONFLICT'
}
2026-08-11T09:20:53.683Z - [33mwarn[39m: [TransactionEventHandler]: strategyFail: commit failure for transaction "29bc644c789295b89144e6aea0b51dd7800a61430019269ccef36a93fe322022": TransactionError: Commit of transaction 29bc644c789295b89144e6aea0b51dd7800a61430019269ccef36a93fe322022 failed on peer peer0.financiers.example.com:7051 with status MVCC_READ_CONFLICT
    at TransactionEventHandler.eventCallback (/home/dhanish/fabric_sfc/caliper-bench/node_modules/fabric-network/lib/impl/event/transactioneventhandler.js:111:31)
    at CommitListenerSession.notifyListener (/home/dhanish/fabric_sfc/caliper-bench/node_modules/fabric-network/lib/impl/event/commitlistenersession.js:101:18)
    at EventListener.callback (/home/dhanish/fabric_sfc/caliper-bench/node_modules/fabric-network/lib/impl/event/commitlistenersession.js:92:18)
    at EventListener.onEvent (/home/dhanish/fabric_sfc/caliper-bench/node_modules/fabric-common/lib/EventListener.js:124:10)
    at EventService._callTransactionListener (/home/dhanish/fabric_sfc/caliper-bench/node_modules/fabric-common/lib/EventService.js:1051:16)
    at EventService._processTxEvents (/home/dhanish/fabric_sfc/caliper-bench/node_modules/fabric-common/lib/EventService.js:1006:12)
    at ClientDuplexStreamImpl.<anonymous> (/home/dhanish/fabric_sfc/caliper-bench/node_modules/fabric-common/lib/EventService.js:481:12)
    at ClientDuplexStreamImpl.emit (node:events:517:28)
    at addChunk (node:internal/streams/readable:368:12)
    at readableAddChunk (node:internal/streams/readable:341:9) {
  transactionId: '29bc644c789295b89144e6aea0b51dd7800a61430019269ccef36a93fe322022',
  transactionCode: 'MVCC_READ_CONFLICT'
}
2026-08-11T09:20:53.684Z - [33mwarn[39m: [TransactionEventHandler]: strategyFail: commit failure for transaction "90e9a164171413b87c32b81db505cacf5fa5b806f7c5f18aa47c0a699acb530c": TransactionError: Commit of transaction 90e9a164171413b87c32b81db505cacf5fa5b806f7c5f18aa47c0a699acb530c failed on peer peer0.financiers.example.com:7051 with status MVCC_READ_CONFLICT
    at TransactionEventHandler.eventCallback (/home/dhanish/fabric_sfc/caliper-bench/node_modules/fabric-network/lib/impl/event/transactioneventhandler.js:111:31)
    at CommitListenerSession.notifyListener (/home/dhanish/fabric_sfc/caliper-bench/node_modules/fabric-network/lib/impl/event/commitlistenersession.js:101:18)
    at EventListener.callback (/home/dhanish/fabric_sfc/caliper-bench/node_modules/fabric-network/lib/impl/event/commitlistenersession.js:92:18)
    at EventListener.onEvent (/home/dhanish/fabric_sfc/caliper-bench/node_modules/fabric-common/lib/EventListener.js:124:10)
    at EventService._callTransactionListener (/home/dhanish/fabric_sfc/caliper-bench/node_modules/fabric-common/lib/EventService.js:1051:16)
    at EventService._processTxEvents (/home/dhanish/fabric_sfc/caliper-bench/node_modules/fabric-common/lib/EventService.js:1006:12)
    at ClientDuplexStreamImpl.<anonymous> (/home/dhanish/fabric_sfc/caliper-bench/node_modules/fabric-common/lib/EventService.js:481:12)
    at ClientDuplexStreamImpl.emit (node:events:517:28)
    at addChunk (node:internal/streams/readable:368:12)
    at readableAddChunk (node:internal/streams/readable:341:9) {
  transactionId: '90e9a164171413b87c32b81db505cacf5fa5b806f7c5f18aa47c0a699acb530c',
  transactionCode: 'MVCC_READ_CONFLICT'
}
2026.08.11-09:20:53.684[31m error[39m [caliper] [connectors/v2/FabricGateway] 	Failed to perform submit transaction [updateFinancierRLOffer] using arguments [User1,{"aprPct":16.72,"tenorDays":14,"ltvPct":70,"penaltyPct":0.5,"modelVersion":"caliper-workload"}],  with error: TransactionError: Commit of transaction b28e4b3aa5c678a25174cc2893677436c3e16f678f095f14f14b74899eebdde8 failed on peer peer0.financiers.example.com:7051 with status MVCC_READ_CONFLICT
    at TransactionEventHandler.eventCallback (/home/dhanish/fabric_sfc/caliper-bench/node_modules/fabric-network/lib/impl/event/transactioneventhandler.js:111:31)
    at CommitListenerSession.notifyListener (/home/dhanish/fabric_sfc/caliper-bench/node_modules/fabric-network/lib/impl/event/commitlistenersession.js:101:18)
    at EventListener.callback (/home/dhanish/fabric_sfc/caliper-bench/node_modules/fabric-network/lib/impl/event/commitlistenersession.js:92:18)
    at EventListener.onEvent (/home/dhanish/fabric_sfc/caliper-bench/node_modules/fabric-common/lib/EventListener.js:124:10)
    at EventService._callTransactionListener (/home/dhanish/fabric_sfc/caliper-bench/node_modules/fabric-common/lib/EventService.js:1051:16)
    at EventService._processTxEvents (/home/dhanish/fabric_sfc/caliper-bench/node_modules/fabric-common/lib/EventService.js:1006:12)
    at ClientDuplexStreamImpl.<anonymous> (/home/dhanish/fabric_sfc/caliper-bench/node_modules/fabric-common/lib/EventService.js:481:12)
    at ClientDuplexStreamImpl.emit (node:events:517:28)
    at addChunk (node:internal/streams/readable:368:12)
    at readableAddChunk (node:internal/streams/readable:341:9)
2026.08.11-09:20:53.684[31m error[39m [caliper] [connectors/v2/FabricGateway] 	Failed to perform submit transaction [updateFinancierRLOffer] using arguments [User1,{"aprPct":14.03,"tenorDays":14,"ltvPct":70,"penaltyPct":0.5,"modelVersion":"caliper-workload"}],  with error: TransactionError: Commit of transaction 29bc644c789295b89144e6aea0b51dd7800a61430019269ccef36a93fe322022 failed on peer peer0.financiers.example.com:7051 with status MVCC_READ_CONFLICT
    at TransactionEventHandler.eventCallback (/home/dhanish/fabric_sfc/caliper-bench/node_modules/fabric-network/lib/impl/event/transactioneventhandler.js:111:31)
    at CommitListenerSession.notifyListener (/home/dhanish/fabric_sfc/caliper-bench/node_modules/fabric-network/lib/impl/event/commitlistenersession.js:101:18)
    at EventListener.callback (/home/dhanish/fabric_sfc/caliper-bench/node_modules/fabric-network/lib/impl/event/commitlistenersession.js:92:18)
    at EventListener.onEvent (/home/dhanish/fabric_sfc/caliper-bench/node_modules/fabric-common/lib/EventListener.js:124:10)
    at EventService._callTransactionListener (/home/dhanish/fabric_sfc/caliper-bench/node_modules/fabric-common/lib/EventService.js:1051:16)
    at EventService._processTxEvents (/home/dhanish/fabric_sfc/caliper-bench/node_modules/fabric-common/lib/EventService.js:1006:12)
    at ClientDuplexStreamImpl.<anonymous> (/home/dhanish/fabric_sfc/caliper-bench/node_modules/fabric-common/lib/EventService.js:481:12)
    at ClientDuplexStreamImpl.emit (node:events:517:28)
    at addChunk (node:internal/streams/readable:368:12)
    at readableAddChunk (node:internal/streams/readable:341:9)
2026.08.11-09:20:53.684[31m error[39m [caliper] [connectors/v2/FabricGateway] 	Failed to perform submit transaction [updateFinancierRLOffer] using arguments [User1,{"aprPct":15.44,"tenorDays":14,"ltvPct":70,"penaltyPct":0.5,"modelVersion":"caliper-workload"}],  with error: TransactionError: Commit of transaction 90e9a164171413b87c32b81db505cacf5fa5b806f7c5f18aa47c0a699acb530c failed on peer peer0.financiers.example.com:7051 with status MVCC_READ_CONFLICT
    at TransactionEventHandler.eventCallback (/home/dhanish/fabric_sfc/caliper-bench/node_modules/fabric-network/lib/impl/event/transactioneventhandler.js:111:31)
    at CommitListenerSession.notifyListener (/home/dhanish/fabric_sfc/caliper-bench/node_modules/fabric-network/lib/impl/event/commitlistenersession.js:101:18)
    at EventListener.callback (/home/dhanish/fabric_sfc/caliper-bench/node_modules/fabric-network/lib/impl/event/commitlistenersession.js:92:18)
    at EventListener.onEvent (/home/dhanish/fabric_sfc/caliper-bench/node_modules/fabric-common/lib/EventListener.js:124:10)
    at EventService._callTransactionListener (/home/dhanish/fabric_sfc/caliper-bench/node_modules/fabric-common/lib/EventService.js:1051:16)
    at EventService._processTxEvents (/home/dhanish/fabric_sfc/caliper-bench/node_modules/fabric-common/lib/EventService.js:1006:12)
    at ClientDuplexStreamImpl.<anonymous> (/home/dhanish/fabric_sfc/caliper-bench/node_modules/fabric-common/lib/EventService.js:481:12)
    at ClientDuplexStreamImpl.emit (node:events:517:28)
    at addChunk (node:internal/streams/readable:368:12)
    at readableAddChunk (node:internal/streams/readable:341:9)
2026-08-11T09:20:53.685Z - [33mwarn[39m: [TransactionEventHandler]: strategyFail: commit failure for transaction "a3d48f4da55f8bfa9ce8feb256c4a842fb5bf0d90823bc3206391e44f8d0f55a": TransactionError: Commit of transaction a3d48f4da55f8bfa9ce8feb256c4a842fb5bf0d90823bc3206391e44f8d0f55a failed on peer peer0.financiers.example.com:7051 with status MVCC_READ_CONFLICT
    at TransactionEventHandler.eventCallback (/home/dhanish/fabric_sfc/caliper-bench/node_modules/fabric-network/lib/impl/event/transactioneventhandler.js:111:31)
    at CommitListenerSession.notifyListener (/home/dhanish/fabric_sfc/caliper-bench/node_modules/fabric-network/lib/impl/event/commitlistenersession.js:101:18)
    at EventListener.callback (/home/dhanish/fabric_sfc/caliper-bench/node_modules/fabric-network/lib/impl/event/commitlistenersession.js:92:18)
    at EventListener.onEvent (/home/dhanish/fabric_sfc/caliper-bench/node_modules/fabric-common/lib/EventListener.js:124:10)
    at EventService._callTransactionListener (/home/dhanish/fabric_sfc/caliper-bench/node_modules/fabric-common/lib/EventService.js:1051:16)
    at EventService._processTxEvents (/home/dhanish/fabric_sfc/caliper-bench/node_modules/fabric-common/lib/EventService.js:1006:12)
    at ClientDuplexStreamImpl.<anonymous> (/home/dhanish/fabric_sfc/caliper-bench/node_modules/fabric-common/lib/EventService.js:481:12)
    at ClientDuplexStreamImpl.emit (node:events:517:28)
    at addChunk (node:internal/streams/readable:368:12)
    at readableAddChunk (node:internal/streams/readable:341:9) {
  transactionId: 'a3d48f4da55f8bfa9ce8feb256c4a842fb5bf0d90823bc3206391e44f8d0f55a',
  transactionCode: 'MVCC_READ_CONFLICT'
}
2026-08-11T09:20:53.685Z - [33mwarn[39m: [TransactionEventHandler]: strategyFail: commit failure for transaction "f2f1642a2cbe764305433360036d23043139762c73181106f32a6669e860e010": TransactionError: Commit of transaction f2f1642a2cbe764305433360036d23043139762c73181106f32a6669e860e010 failed on peer peer0.financiers.example.com:7051 with status MVCC_READ_CONFLICT
    at TransactionEventHandler.eventCallback (/home/dhanish/fabric_sfc/caliper-bench/node_modules/fabric-network/lib/impl/event/transactioneventhandler.js:111:31)
    at CommitListenerSession.notifyListener (/home/dhanish/fabric_sfc/caliper-bench/node_modules/fabric-network/lib/impl/event/commitlistenersession.js:101:18)
    at EventListener.callback (/home/dhanish/fabric_sfc/caliper-bench/node_modules/fabric-network/lib/impl/event/commitlistenersession.js:92:18)
    at EventListener.onEvent (/home/dhanish/fabric_sfc/caliper-bench/node_modules/fabric-common/lib/EventListener.js:124:10)
    at EventService._callTransactionListener (/home/dhanish/fabric_sfc/caliper-bench/node_modules/fabric-common/lib/EventService.js:1051:16)
    at EventService._processTxEvents (/home/dhanish/fabric_sfc/caliper-bench/node_modules/fabric-common/lib/EventService.js:1006:12)
    at ClientDuplexStreamImpl.<anonymous> (/home/dhanish/fabric_sfc/caliper-bench/node_modules/fabric-common/lib/EventService.js:481:12)
    at ClientDuplexStreamImpl.emit (node:events:517:28)
    at addChunk (node:internal/streams/readable:368:12)
    at readableAddChunk (node:internal/streams/readable:341:9) {
  transactionId: 'f2f1642a2cbe764305433360036d23043139762c73181106f32a6669e860e010',
  transactionCode: 'MVCC_READ_CONFLICT'
}
2026-08-11T09:20:53.686Z - [33mwarn[39m: [TransactionEventHandler]: strategyFail: commit failure for transaction "cd8520cdb88225f1a5fd95ce8c6e87222bb49ec1237479455917c4f0ed7aa2ba": TransactionError: Commit of transaction cd8520cdb88225f1a5fd95ce8c6e87222bb49ec1237479455917c4f0ed7aa2ba failed on peer peer0.financiers.example.com:7051 with status MVCC_READ_CONFLICT
    at TransactionEventHandler.eventCallback (/home/dhanish/fabric_sfc/caliper-bench/node_modules/fabric-network/lib/impl/event/transactioneventhandler.js:111:31)
    at CommitListenerSession.notifyListener (/home/dhanish/fabric_sfc/caliper-bench/node_modules/fabric-network/lib/impl/event/commitlistenersession.js:101:18)
    at EventListener.callback (/home/dhanish/fabric_sfc/caliper-bench/node_modules/fabric-network/lib/impl/event/commitlistenersession.js:92:18)
    at EventListener.onEvent (/home/dhanish/fabric_sfc/caliper-bench/node_modules/fabric-common/lib/EventListener.js:124:10)
    at EventService._callTransactionListener (/home/dhanish/fabric_sfc/caliper-bench/node_modules/fabric-common/lib/EventService.js:1051:16)
    at EventService._processTxEvents (/home/dhanish/fabric_sfc/caliper-bench/node_modules/fabric-common/lib/EventService.js:1006:12)
    at ClientDuplexStreamImpl.<anonymous> (/home/dhanish/fabric_sfc/caliper-bench/node_modules/fabric-common/lib/EventService.js:481:12)
    at ClientDuplexStreamImpl.emit (node:events:517:28)
    at addChunk (node:internal/streams/readable:368:12)
    at readableAddChunk (node:internal/streams/readable:341:9) {
  transactionId: 'cd8520cdb88225f1a5fd95ce8c6e87222bb49ec1237479455917c4f0ed7aa2ba',
  transactionCode: 'MVCC_READ_CONFLICT'
}
2026.08.11-09:20:53.687[31m error[39m [caliper] [connectors/v2/FabricGateway] 	Failed to perform submit transaction [updateFinancierRLOffer] using arguments [User5,{"aprPct":15.43,"tenorDays":21,"ltvPct":70,"penaltyPct":0.5,"modelVersion":"caliper-workload"}],  with error: TransactionError: Commit of transaction a3d48f4da55f8bfa9ce8feb256c4a842fb5bf0d90823bc3206391e44f8d0f55a failed on peer peer0.financiers.example.com:7051 with status MVCC_READ_CONFLICT
    at TransactionEventHandler.eventCallback (/home/dhanish/fabric_sfc/caliper-bench/node_modules/fabric-network/lib/impl/event/transactioneventhandler.js:111:31)
    at CommitListenerSession.notifyListener (/home/dhanish/fabric_sfc/caliper-bench/node_modules/fabric-network/lib/impl/event/commitlistenersession.js:101:18)
    at EventListener.callback (/home/dhanish/fabric_sfc/caliper-bench/node_modules/fabric-network/lib/impl/event/commitlistenersession.js:92:18)
    at EventListener.onEvent (/home/dhanish/fabric_sfc/caliper-bench/node_modules/fabric-common/lib/EventListener.js:124:10)
    at EventService._callTransactionListener (/home/dhanish/fabric_sfc/caliper-bench/node_modules/fabric-common/lib/EventService.js:1051:16)
    at EventService._processTxEvents (/home/dhanish/fabric_sfc/caliper-bench/node_modules/fabric-common/lib/EventService.js:1006:12)
    at ClientDuplexStreamImpl.<anonymous> (/home/dhanish/fabric_sfc/caliper-bench/node_modules/fabric-common/lib/EventService.js:481:12)
    at ClientDuplexStreamImpl.emit (node:events:517:28)
    at addChunk (node:internal/streams/readable:368:12)
    at readableAddChunk (node:internal/streams/readable:341:9)
2026.08.11-09:20:53.687[31m error[39m [caliper] [connectors/v2/FabricGateway] 	Failed to perform submit transaction [updateFinancierRLOffer] using arguments [User5,{"aprPct":13.28,"tenorDays":21,"ltvPct":70,"penaltyPct":0.5,"modelVersion":"caliper-workload"}],  with error: TransactionError: Commit of transaction f2f1642a2cbe764305433360036d23043139762c73181106f32a6669e860e010 failed on peer peer0.financiers.example.com:7051 with status MVCC_READ_CONFLICT
    at TransactionEventHandler.eventCallback (/home/dhanish/fabric_sfc/caliper-bench/node_modules/fabric-network/lib/impl/event/transactioneventhandler.js:111:31)
    at CommitListenerSession.notifyListener (/home/dhanish/fabric_sfc/caliper-bench/node_modules/fabric-network/lib/impl/event/commitlistenersession.js:101:18)
    at EventListener.callback (/home/dhanish/fabric_sfc/caliper-bench/node_modules/fabric-network/lib/impl/event/commitlistenersession.js:92:18)
    at EventListener.onEvent (/home/dhanish/fabric_sfc/caliper-bench/node_modules/fabric-common/lib/EventListener.js:124:10)
    at EventService._callTransactionListener (/home/dhanish/fabric_sfc/caliper-bench/node_modules/fabric-common/lib/EventService.js:1051:16)
    at EventService._processTxEvents (/home/dhanish/fabric_sfc/caliper-bench/node_modules/fabric-common/lib/EventService.js:1006:12)
    at ClientDuplexStreamImpl.<anonymous> (/home/dhanish/fabric_sfc/caliper-bench/node_modules/fabric-common/lib/EventService.js:481:12)
    at ClientDuplexStreamImpl.emit (node:events:517:28)
    at addChunk (node:internal/streams/readable:368:12)
    at readableAddChunk (node:internal/streams/readable:341:9)
2026.08.11-09:20:53.687[31m error[39m [caliper] [connectors/v2/FabricGateway] 	Failed to perform submit transaction [updateFinancierRLOffer] using arguments [User5,{"aprPct":14.31,"tenorDays":21,"ltvPct":70,"penaltyPct":0.5,"modelVersion":"caliper-workload"}],  with error: TransactionError: Commit of transaction cd8520cdb88225f1a5fd95ce8c6e87222bb49ec1237479455917c4f0ed7aa2ba failed on peer peer0.financiers.example.com:7051 with status MVCC_READ_CONFLICT
    at TransactionEventHandler.eventCallback (/home/dhanish/fabric_sfc/caliper-bench/node_modules/fabric-network/lib/impl/event/transactioneventhandler.js:111:31)
    at CommitListenerSession.notifyListener (/home/dhanish/fabric_sfc/caliper-bench/node_modules/fabric-network/lib/impl/event/commitlistenersession.js:101:18)
    at EventListener.callback (/home/dhanish/fabric_sfc/caliper-bench/node_modules/fabric-network/lib/impl/event/commitlistenersession.js:92:18)
    at EventListener.onEvent (/home/dhanish/fabric_sfc/caliper-bench/node_modules/fabric-common/lib/EventListener.js:124:10)
    at EventService._callTransactionListener (/home/dhanish/fabric_sfc/caliper-bench/node_modules/fabric-common/lib/EventService.js:1051:16)
    at EventService._processTxEvents (/home/dhanish/fabric_sfc/caliper-bench/node_modules/fabric-common/lib/EventService.js:1006:12)
    at ClientDuplexStreamImpl.<anonymous> (/home/dhanish/fabric_sfc/caliper-bench/node_modules/fabric-common/lib/EventService.js:481:12)
    at ClientDuplexStreamImpl.emit (node:events:517:28)
    at addChunk (node:internal/streams/readable:368:12)
    at readableAddChunk (node:internal/streams/readable:341:9)
2026-08-11T09:20:53.712Z - [33mwarn[39m: [TransactionEventHandler]: strategyFail: commit failure for transaction "aede5e8b7c464828b6b741756c2fbbd102817752b17701484b58b14adeee8811": TransactionError: Commit of transaction aede5e8b7c464828b6b741756c2fbbd102817752b17701484b58b14adeee8811 failed on peer peer0.financiers.example.com:7051 with status MVCC_READ_CONFLICT
    at TransactionEventHandler.eventCallback (/home/dhanish/fabric_sfc/caliper-bench/node_modules/fabric-network/lib/impl/event/transactioneventhandler.js:111:31)
    at CommitListenerSession.notifyListener (/home/dhanish/fabric_sfc/caliper-bench/node_modules/fabric-network/lib/impl/event/commitlistenersession.js:101:18)
    at EventListener.callback (/home/dhanish/fabric_sfc/caliper-bench/node_modules/fabric-network/lib/impl/event/commitlistenersession.js:92:18)
    at EventListener.onEvent (/home/dhanish/fabric_sfc/caliper-bench/node_modules/fabric-common/lib/EventListener.js:124:10)
    at EventService._callTransactionListener (/home/dhanish/fabric_sfc/caliper-bench/node_modules/fabric-common/lib/EventService.js:1051:16)
    at EventService._processTxEvents (/home/dhanish/fabric_sfc/caliper-bench/node_modules/fabric-common/lib/EventService.js:1006:12)
    at ClientDuplexStreamImpl.<anonymous> (/home/dhanish/fabric_sfc/caliper-bench/node_modules/fabric-common/lib/EventService.js:481:12)
    at ClientDuplexStreamImpl.emit (node:events:517:28)
    at addChunk (node:internal/streams/readable:368:12)
    at readableAddChunk (node:internal/streams/readable:341:9) {
  transactionId: 'aede5e8b7c464828b6b741756c2fbbd102817752b17701484b58b14adeee8811',
  transactionCode: 'MVCC_READ_CONFLICT'
}
2026-08-11T09:20:53.712Z - [33mwarn[39m: [TransactionEventHandler]: strategyFail: commit failure for transaction "c59443e53659fe916c27c07f369deb005f21098d2c535d8ad99e4e6a881387f5": TransactionError: Commit of transaction c59443e53659fe916c27c07f369deb005f21098d2c535d8ad99e4e6a881387f5 failed on peer peer0.financiers.example.com:7051 with status MVCC_READ_CONFLICT
    at TransactionEventHandler.eventCallback (/home/dhanish/fabric_sfc/caliper-bench/node_modules/fabric-network/lib/impl/event/transactioneventhandler.js:111:31)
    at CommitListenerSession.notifyListener (/home/dhanish/fabric_sfc/caliper-bench/node_modules/fabric-network/lib/impl/event/commitlistenersession.js:101:18)
    at EventListener.callback (/home/dhanish/fabric_sfc/caliper-bench/node_modules/fabric-network/lib/impl/event/commitlistenersession.js:92:18)
    at EventListener.onEvent (/home/dhanish/fabric_sfc/caliper-bench/node_modules/fabric-common/lib/EventListener.js:124:10)
    at EventService._callTransactionListener (/home/dhanish/fabric_sfc/caliper-bench/node_modules/fabric-common/lib/EventService.js:1051:16)
    at EventService._processTxEvents (/home/dhanish/fabric_sfc/caliper-bench/node_modules/fabric-common/lib/EventService.js:1006:12)
    at ClientDuplexStreamImpl.<anonymous> (/home/dhanish/fabric_sfc/caliper-bench/node_modules/fabric-common/lib/EventService.js:481:12)
    at ClientDuplexStreamImpl.emit (node:events:517:28)
    at addChunk (node:internal/streams/readable:368:12)
    at readableAddChunk (node:internal/streams/readable:341:9) {
  transactionId: 'c59443e53659fe916c27c07f369deb005f21098d2c535d8ad99e4e6a881387f5',
  transactionCode: 'MVCC_READ_CONFLICT'
}
2026-08-11T09:20:53.712Z - [33mwarn[39m: [TransactionEventHandler]: strategyFail: commit failure for transaction "ecebe69ec4eed7c0da7c23dd921f2c81694948b02c6aa0e08b6e8c6319c76812": TransactionError: Commit of transaction ecebe69ec4eed7c0da7c23dd921f2c81694948b02c6aa0e08b6e8c6319c76812 failed on peer peer0.financiers.example.com:7051 with status MVCC_READ_CONFLICT
    at TransactionEventHandler.eventCallback (/home/dhanish/fabric_sfc/caliper-bench/node_modules/fabric-network/lib/impl/event/transactioneventhandler.js:111:31)
    at CommitListenerSession.notifyListener (/home/dhanish/fabric_sfc/caliper-bench/node_modules/fabric-network/lib/impl/event/commitlistenersession.js:101:18)
    at EventListener.callback (/home/dhanish/fabric_sfc/caliper-bench/node_modules/fabric-network/lib/impl/event/commitlistenersession.js:92:18)
    at EventListener.onEvent (/home/dhanish/fabric_sfc/caliper-bench/node_modules/fabric-common/lib/EventListener.js:124:10)
    at EventService._callTransactionListener (/home/dhanish/fabric_sfc/caliper-bench/node_modules/fabric-common/lib/EventService.js:1051:16)
    at EventService._processTxEvents (/home/dhanish/fabric_sfc/caliper-bench/node_modules/fabric-common/lib/EventService.js:1006:12)
    at ClientDuplexStreamImpl.<anonymous> (/home/dhanish/fabric_sfc/caliper-bench/node_modules/fabric-common/lib/EventService.js:481:12)
    at ClientDuplexStreamImpl.emit (node:events:517:28)
    at addChunk (node:internal/streams/readable:368:12)
    at readableAddChunk (node:internal/streams/readable:341:9) {
  transactionId: 'ecebe69ec4eed7c0da7c23dd921f2c81694948b02c6aa0e08b6e8c6319c76812',
  transactionCode: 'MVCC_READ_CONFLICT'
}
2026-08-11T09:20:53.713Z - [33mwarn[39m: [TransactionEventHandler]: strategyFail: commit failure for transaction "646bf887e5e6199488bd5d670ddd719195742315e4df3d7a9ea7fbc8ab45dafa": TransactionError: Commit of transaction 646bf887e5e6199488bd5d670ddd719195742315e4df3d7a9ea7fbc8ab45dafa failed on peer peer0.financiers.example.com:7051 with status MVCC_READ_CONFLICT
    at TransactionEventHandler.eventCallback (/home/dhanish/fabric_sfc/caliper-bench/node_modules/fabric-network/lib/impl/event/transactioneventhandler.js:111:31)
    at CommitListenerSession.notifyListener (/home/dhanish/fabric_sfc/caliper-bench/node_modules/fabric-network/lib/impl/event/commitlistenersession.js:101:18)
    at EventListener.callback (/home/dhanish/fabric_sfc/caliper-bench/node_modules/fabric-network/lib/impl/event/commitlistenersession.js:92:18)
    at EventListener.onEvent (/home/dhanish/fabric_sfc/caliper-bench/node_modules/fabric-common/lib/EventListener.js:124:10)
    at EventService._callTransactionListener (/home/dhanish/fabric_sfc/caliper-bench/node_modules/fabric-common/lib/EventService.js:1051:16)
    at EventService._processTxEvents (/home/dhanish/fabric_sfc/caliper-bench/node_modules/fabric-common/lib/EventService.js:1006:12)
    at ClientDuplexStreamImpl.<anonymous> (/home/dhanish/fabric_sfc/caliper-bench/node_modules/fabric-common/lib/EventService.js:481:12)
    at ClientDuplexStreamImpl.emit (node:events:517:28)
    at addChunk (node:internal/streams/readable:368:12)
    at readableAddChunk (node:internal/streams/readable:341:9) {
  transactionId: '646bf887e5e6199488bd5d670ddd719195742315e4df3d7a9ea7fbc8ab45dafa',
  transactionCode: 'MVCC_READ_CONFLICT'
}
2026.08.11-09:20:53.713[31m error[39m [caliper] [connectors/v2/FabricGateway] 	Failed to perform submit transaction [updateFinancierRLOffer] using arguments [User5,{"aprPct":16.51,"tenorDays":21,"ltvPct":70,"penaltyPct":0.5,"modelVersion":"caliper-workload"}],  with error: TransactionError: Commit of transaction aede5e8b7c464828b6b741756c2fbbd102817752b17701484b58b14adeee8811 failed on peer peer0.financiers.example.com:7051 with status MVCC_READ_CONFLICT
    at TransactionEventHandler.eventCallback (/home/dhanish/fabric_sfc/caliper-bench/node_modules/fabric-network/lib/impl/event/transactioneventhandler.js:111:31)
    at CommitListenerSession.notifyListener (/home/dhanish/fabric_sfc/caliper-bench/node_modules/fabric-network/lib/impl/event/commitlistenersession.js:101:18)
    at EventListener.callback (/home/dhanish/fabric_sfc/caliper-bench/node_modules/fabric-network/lib/impl/event/commitlistenersession.js:92:18)
    at EventListener.onEvent (/home/dhanish/fabric_sfc/caliper-bench/node_modules/fabric-common/lib/EventListener.js:124:10)
    at EventService._callTransactionListener (/home/dhanish/fabric_sfc/caliper-bench/node_modules/fabric-common/lib/EventService.js:1051:16)
    at EventService._processTxEvents (/home/dhanish/fabric_sfc/caliper-bench/node_modules/fabric-common/lib/EventService.js:1006:12)
    at ClientDuplexStreamImpl.<anonymous> (/home/dhanish/fabric_sfc/caliper-bench/node_modules/fabric-common/lib/EventService.js:481:12)
    at ClientDuplexStreamImpl.emit (node:events:517:28)
    at addChunk (node:internal/streams/readable:368:12)
    at readableAddChunk (node:internal/streams/readable:341:9)
2026-08-11T09:20:53.713Z - [33mwarn[39m: [TransactionEventHandler]: strategyFail: commit failure for transaction "ba925b5fa47b19785a80d93881c39d8008a8e5760c8d4d475f2deb80c6d0e75e": TransactionError: Commit of transaction ba925b5fa47b19785a80d93881c39d8008a8e5760c8d4d475f2deb80c6d0e75e failed on peer peer0.financiers.example.com:7051 with status MVCC_READ_CONFLICT
    at TransactionEventHandler.eventCallback (/home/dhanish/fabric_sfc/caliper-bench/node_modules/fabric-network/lib/impl/event/transactioneventhandler.js:111:31)
    at CommitListenerSession.notifyListener (/home/dhanish/fabric_sfc/caliper-bench/node_modules/fabric-network/lib/impl/event/commitlistenersession.js:101:18)
    at EventListener.callback (/home/dhanish/fabric_sfc/caliper-bench/node_modules/fabric-network/lib/impl/event/commitlistenersession.js:92:18)
    at EventListener.onEvent (/home/dhanish/fabric_sfc/caliper-bench/node_modules/fabric-common/lib/EventListener.js:124:10)
    at EventService._callTransactionListener (/home/dhanish/fabric_sfc/caliper-bench/node_modules/fabric-common/lib/EventService.js:1051:16)
    at EventService._processTxEvents (/home/dhanish/fabric_sfc/caliper-bench/node_modules/fabric-common/lib/EventService.js:1006:12)
    at ClientDuplexStreamImpl.<anonymous> (/home/dhanish/fabric_sfc/caliper-bench/node_modules/fabric-common/lib/EventService.js:481:12)
    at ClientDuplexStreamImpl.emit (node:events:517:28)
    at addChunk (node:internal/streams/readable:368:12)
    at readableAddChunk (node:internal/streams/readable:341:9) {
  transactionId: 'ba925b5fa47b19785a80d93881c39d8008a8e5760c8d4d475f2deb80c6d0e75e',
  transactionCode: 'MVCC_READ_CONFLICT'
}
2026.08.11-09:20:53.713[31m error[39m [caliper] [connectors/v2/FabricGateway] 	Failed to perform submit transaction [updateFinancierRLOffer] using arguments [User5,{"aprPct":12.62,"tenorDays":21,"ltvPct":70,"penaltyPct":0.5,"modelVersion":"caliper-workload"}],  with error: TransactionError: Commit of transaction ecebe69ec4eed7c0da7c23dd921f2c81694948b02c6aa0e08b6e8c6319c76812 failed on peer peer0.financiers.example.com:7051 with status MVCC_READ_CONFLICT
    at TransactionEventHandler.eventCallback (/home/dhanish/fabric_sfc/caliper-bench/node_modules/fabric-network/lib/impl/event/transactioneventhandler.js:111:31)
    at CommitListenerSession.notifyListener (/home/dhanish/fabric_sfc/caliper-bench/node_modules/fabric-network/lib/impl/event/commitlistenersession.js:101:18)
    at EventListener.callback (/home/dhanish/fabric_sfc/caliper-bench/node_modules/fabric-network/lib/impl/event/commitlistenersession.js:92:18)
    at EventListener.onEvent (/home/dhanish/fabric_sfc/caliper-bench/node_modules/fabric-common/lib/EventListener.js:124:10)
    at EventService._callTransactionListener (/home/dhanish/fabric_sfc/caliper-bench/node_modules/fabric-common/lib/EventService.js:1051:16)
    at EventService._processTxEvents (/home/dhanish/fabric_sfc/caliper-bench/node_modules/fabric-common/lib/EventService.js:1006:12)
    at ClientDuplexStreamImpl.<anonymous> (/home/dhanish/fabric_sfc/caliper-bench/node_modules/fabric-common/lib/EventService.js:481:12)
    at ClientDuplexStreamImpl.emit (node:events:517:28)
    at addChunk (node:internal/streams/readable:368:12)
    at readableAddChunk (node:internal/streams/readable:341:9)
2026.08.11-09:20:53.713[31m error[39m [caliper] [connectors/v2/FabricGateway] 	Failed to perform submit transaction [updateFinancierRLOffer] using arguments [User2,{"aprPct":15.63,"tenorDays":21,"ltvPct":70,"penaltyPct":0.5,"modelVersion":"caliper-workload"}],  with error: TransactionError: Commit of transaction c59443e53659fe916c27c07f369deb005f21098d2c535d8ad99e4e6a881387f5 failed on peer peer0.financiers.example.com:7051 with status MVCC_READ_CONFLICT
    at TransactionEventHandler.eventCallback (/home/dhanish/fabric_sfc/caliper-bench/node_modules/fabric-network/lib/impl/event/transactioneventhandler.js:111:31)
    at CommitListenerSession.notifyListener (/home/dhanish/fabric_sfc/caliper-bench/node_modules/fabric-network/lib/impl/event/commitlistenersession.js:101:18)
    at EventListener.callback (/home/dhanish/fabric_sfc/caliper-bench/node_modules/fabric-network/lib/impl/event/commitlistenersession.js:92:18)
    at EventListener.onEvent (/home/dhanish/fabric_sfc/caliper-bench/node_modules/fabric-common/lib/EventListener.js:124:10)
    at EventService._callTransactionListener (/home/dhanish/fabric_sfc/caliper-bench/node_modules/fabric-common/lib/EventService.js:1051:16)
    at EventService._processTxEvents (/home/dhanish/fabric_sfc/caliper-bench/node_modules/fabric-common/lib/EventService.js:1006:12)
    at ClientDuplexStreamImpl.<anonymous> (/home/dhanish/fabric_sfc/caliper-bench/node_modules/fabric-common/lib/EventService.js:481:12)
    at ClientDuplexStreamImpl.emit (node:events:517:28)
    at addChunk (node:internal/streams/readable:368:12)
    at readableAddChunk (node:internal/streams/readable:341:9)
2026-08-11T09:20:53.713Z - [33mwarn[39m: [TransactionEventHandler]: strategyFail: commit failure for transaction "629927e35a058eebf886ede9a26d7b4980df6e5b2a1828462e3d9aa90c4321ea": TransactionError: Commit of transaction 629927e35a058eebf886ede9a26d7b4980df6e5b2a1828462e3d9aa90c4321ea failed on peer peer0.financiers.example.com:7051 with status MVCC_READ_CONFLICT
    at TransactionEventHandler.eventCallback (/home/dhanish/fabric_sfc/caliper-bench/node_modules/fabric-network/lib/impl/event/transactioneventhandler.js:111:31)
    at CommitListenerSession.notifyListener (/home/dhanish/fabric_sfc/caliper-bench/node_modules/fabric-network/lib/impl/event/commitlistenersession.js:101:18)
    at EventListener.callback (/home/dhanish/fabric_sfc/caliper-bench/node_modules/fabric-network/lib/impl/event/commitlistenersession.js:92:18)
    at EventListener.onEvent (/home/dhanish/fabric_sfc/caliper-bench/node_modules/fabric-common/lib/EventListener.js:124:10)
    at EventService._callTransactionListener (/home/dhanish/fabric_sfc/caliper-bench/node_modules/fabric-common/lib/EventService.js:1051:16)
    at EventService._processTxEvents (/home/dhanish/fabric_sfc/caliper-bench/node_modules/fabric-common/lib/EventService.js:1006:12)
    at ClientDuplexStreamImpl.<anonymous> (/home/dhanish/fabric_sfc/caliper-bench/node_modules/fabric-common/lib/EventService.js:481:12)
    at ClientDuplexStreamImpl.emit (node:events:517:28)
    at addChunk (node:internal/streams/readable:368:12)
    at readableAddChunk (node:internal/streams/readable:341:9) {
  transactionId: '629927e35a058eebf886ede9a26d7b4980df6e5b2a1828462e3d9aa90c4321ea',
  transactionCode: 'MVCC_READ_CONFLICT'
}
2026-08-11T09:20:53.713Z - [33mwarn[39m: [TransactionEventHandler]: strategyFail: commit failure for transaction "022c97e5b7a8029b286da55ed9aba4621fb34dde1b56f29780714408e582a599": TransactionError: Commit of transaction 022c97e5b7a8029b286da55ed9aba4621fb34dde1b56f29780714408e582a599 failed on peer peer0.financiers.example.com:7051 with status MVCC_READ_CONFLICT
    at TransactionEventHandler.eventCallback (/home/dhanish/fabric_sfc/caliper-bench/node_modules/fabric-network/lib/impl/event/transactioneventhandler.js:111:31)
    at CommitListenerSession.notifyListener (/home/dhanish/fabric_sfc/caliper-bench/node_modules/fabric-network/lib/impl/event/commitlistenersession.js:101:18)
    at EventListener.callback (/home/dhanish/fabric_sfc/caliper-bench/node_modules/fabric-network/lib/impl/event/commitlistenersession.js:92:18)
    at EventListener.onEvent (/home/dhanish/fabric_sfc/caliper-bench/node_modules/fabric-common/lib/EventListener.js:124:10)
    at EventService._callTransactionListener (/home/dhanish/fabric_sfc/caliper-bench/node_modules/fabric-common/lib/EventService.js:1051:16)
    at EventService._processTxEvents (/home/dhanish/fabric_sfc/caliper-bench/node_modules/fabric-common/lib/EventService.js:1006:12)
    at ClientDuplexStreamImpl.<anonymous> (/home/dhanish/fabric_sfc/caliper-bench/node_modules/fabric-common/lib/EventService.js:481:12)
    at ClientDuplexStreamImpl.emit (node:events:517:28)
    at addChunk (node:internal/streams/readable:368:12)
    at readableAddChunk (node:internal/streams/readable:341:9) {
  transactionId: '022c97e5b7a8029b286da55ed9aba4621fb34dde1b56f29780714408e582a599',
  transactionCode: 'MVCC_READ_CONFLICT'
}
2026.08.11-09:20:53.713[31m error[39m [caliper] [connectors/v2/FabricGateway] 	Failed to perform submit transaction [updateFinancierRLOffer] using arguments [User2,{"aprPct":15.12,"tenorDays":21,"ltvPct":70,"penaltyPct":0.5,"modelVersion":"caliper-workload"}],  with error: TransactionError: Commit of transaction 646bf887e5e6199488bd5d670ddd719195742315e4df3d7a9ea7fbc8ab45dafa failed on peer peer0.financiers.example.com:7051 with status MVCC_READ_CONFLICT
    at TransactionEventHandler.eventCallback (/home/dhanish/fabric_sfc/caliper-bench/node_modules/fabric-network/lib/impl/event/transactioneventhandler.js:111:31)
    at CommitListenerSession.notifyListener (/home/dhanish/fabric_sfc/caliper-bench/node_modules/fabric-network/lib/impl/event/commitlistenersession.js:101:18)
    at EventListener.callback (/home/dhanish/fabric_sfc/caliper-bench/node_modules/fabric-network/lib/impl/event/commitlistenersession.js:92:18)
    at EventListener.onEvent (/home/dhanish/fabric_sfc/caliper-bench/node_modules/fabric-common/lib/EventListener.js:124:10)
    at EventService._callTransactionListener (/home/dhanish/fabric_sfc/caliper-bench/node_modules/fabric-common/lib/EventService.js:1051:16)
    at EventService._processTxEvents (/home/dhanish/fabric_sfc/caliper-bench/node_modules/fabric-common/lib/EventService.js:1006:12)
    at ClientDuplexStreamImpl.<anonymous> (/home/dhanish/fabric_sfc/caliper-bench/node_modules/fabric-common/lib/EventService.js:481:12)
    at ClientDuplexStreamImpl.emit (node:events:517:28)
    at addChunk (node:internal/streams/readable:368:12)
    at readableAddChunk (node:internal/streams/readable:341:9)
2026-08-11T09:20:53.713Z - [33mwarn[39m: [TransactionEventHandler]: strategyFail: commit failure for transaction "1833b86811414c4d1a592bb047e7410b4ee2a294d191c42c8b19c183414b36d7": TransactionError: Commit of transaction 1833b86811414c4d1a592bb047e7410b4ee2a294d191c42c8b19c183414b36d7 failed on peer peer0.financiers.example.com:7051 with status MVCC_READ_CONFLICT
    at TransactionEventHandler.eventCallback (/home/dhanish/fabric_sfc/caliper-bench/node_modules/fabric-network/lib/impl/event/transactioneventhandler.js:111:31)
    at CommitListenerSession.notifyListener (/home/dhanish/fabric_sfc/caliper-bench/node_modules/fabric-network/lib/impl/event/commitlistenersession.js:101:18)
    at EventListener.callback (/home/dhanish/fabric_sfc/caliper-bench/node_modules/fabric-network/lib/impl/event/commitlistenersession.js:92:18)
    at EventListener.onEvent (/home/dhanish/fabric_sfc/caliper-bench/node_modules/fabric-common/lib/EventListener.js:124:10)
    at EventService._callTransactionListener (/home/dhanish/fabric_sfc/caliper-bench/node_modules/fabric-common/lib/EventService.js:1051:16)
    at EventService._processTxEvents (/home/dhanish/fabric_sfc/caliper-bench/node_modules/fabric-common/lib/EventService.js:1006:12)
    at ClientDuplexStreamImpl.<anonymous> (/home/dhanish/fabric_sfc/caliper-bench/node_modules/fabric-common/lib/EventService.js:481:12)
    at ClientDuplexStreamImpl.emit (node:events:517:28)
    at addChunk (node:internal/streams/readable:368:12)
    at readableAddChunk (node:internal/streams/readable:341:9) {
  transactionId: '1833b86811414c4d1a592bb047e7410b4ee2a294d191c42c8b19c183414b36d7',
  transactionCode: 'MVCC_READ_CONFLICT'
}
2026-08-11T09:20:53.714Z - [33mwarn[39m: [TransactionEventHandler]: strategyFail: commit failure for transaction "7d45cd5a89f1b5d03fca7fdf2fecb80a824dae8003c52918185abc98d2305592": TransactionError: Commit of transaction 7d45cd5a89f1b5d03fca7fdf2fecb80a824dae8003c52918185abc98d2305592 failed on peer peer0.financiers.example.com:7051 with status MVCC_READ_CONFLICT
    at TransactionEventHandler.eventCallback (/home/dhanish/fabric_sfc/caliper-bench/node_modules/fabric-network/lib/impl/event/transactioneventhandler.js:111:31)
    at CommitListenerSession.notifyListener (/home/dhanish/fabric_sfc/caliper-bench/node_modules/fabric-network/lib/impl/event/commitlistenersession.js:101:18)
    at EventListener.callback (/home/dhanish/fabric_sfc/caliper-bench/node_modules/fabric-network/lib/impl/event/commitlistenersession.js:92:18)
    at EventListener.onEvent (/home/dhanish/fabric_sfc/caliper-bench/node_modules/fabric-common/lib/EventListener.js:124:10)
    at EventService._callTransactionListener (/home/dhanish/fabric_sfc/caliper-bench/node_modules/fabric-common/lib/EventService.js:1051:16)
    at EventService._processTxEvents (/home/dhanish/fabric_sfc/caliper-bench/node_modules/fabric-common/lib/EventService.js:1006:12)
    at ClientDuplexStreamImpl.<anonymous> (/home/dhanish/fabric_sfc/caliper-bench/node_modules/fabric-common/lib/EventService.js:481:12)
    at ClientDuplexStreamImpl.emit (node:events:517:28)
    at addChunk (node:internal/streams/readable:368:12)
    at readableAddChunk (node:internal/streams/readable:341:9) {
  transactionId: '7d45cd5a89f1b5d03fca7fdf2fecb80a824dae8003c52918185abc98d2305592',
  transactionCode: 'MVCC_READ_CONFLICT'
}
2026.08.11-09:20:53.714[31m error[39m [caliper] [connectors/v2/FabricGateway] 	Failed to perform submit transaction [updateFinancierRLOffer] using arguments [User4,{"aprPct":14.83,"tenorDays":14,"ltvPct":70,"penaltyPct":0.5,"modelVersion":"caliper-workload"}],  with error: TransactionError: Commit of transaction ba925b5fa47b19785a80d93881c39d8008a8e5760c8d4d475f2deb80c6d0e75e failed on peer peer0.financiers.example.com:7051 with status MVCC_READ_CONFLICT
    at TransactionEventHandler.eventCallback (/home/dhanish/fabric_sfc/caliper-bench/node_modules/fabric-network/lib/impl/event/transactioneventhandler.js:111:31)
    at CommitListenerSession.notifyListener (/home/dhanish/fabric_sfc/caliper-bench/node_modules/fabric-network/lib/impl/event/commitlistenersession.js:101:18)
    at EventListener.callback (/home/dhanish/fabric_sfc/caliper-bench/node_modules/fabric-network/lib/impl/event/commitlistenersession.js:92:18)
    at EventListener.onEvent (/home/dhanish/fabric_sfc/caliper-bench/node_modules/fabric-common/lib/EventListener.js:124:10)
    at EventService._callTransactionListener (/home/dhanish/fabric_sfc/caliper-bench/node_modules/fabric-common/lib/EventService.js:1051:16)
    at EventService._processTxEvents (/home/dhanish/fabric_sfc/caliper-bench/node_modules/fabric-common/lib/EventService.js:1006:12)
    at ClientDuplexStreamImpl.<anonymous> (/home/dhanish/fabric_sfc/caliper-bench/node_modules/fabric-common/lib/EventService.js:481:12)
    at ClientDuplexStreamImpl.emit (node:events:517:28)
    at addChunk (node:internal/streams/readable:368:12)
    at readableAddChunk (node:internal/streams/readable:341:9)
2026.08.11-09:20:53.714[31m error[39m [caliper] [connectors/v2/FabricGateway] 	Failed to perform submit transaction [updateFinancierRLOffer] using arguments [User4,{"aprPct":12.39,"tenorDays":14,"ltvPct":70,"penaltyPct":0.5,"modelVersion":"caliper-workload"}],  with error: TransactionError: Commit of transaction 629927e35a058eebf886ede9a26d7b4980df6e5b2a1828462e3d9aa90c4321ea failed on peer peer0.financiers.example.com:7051 with status MVCC_READ_CONFLICT
    at TransactionEventHandler.eventCallback (/home/dhanish/fabric_sfc/caliper-bench/node_modules/fabric-network/lib/impl/event/transactioneventhandler.js:111:31)
    at CommitListenerSession.notifyListener (/home/dhanish/fabric_sfc/caliper-bench/node_modules/fabric-network/lib/impl/event/commitlistenersession.js:101:18)
    at EventListener.callback (/home/dhanish/fabric_sfc/caliper-bench/node_modules/fabric-network/lib/impl/event/commitlistenersession.js:92:18)
    at EventListener.onEvent (/home/dhanish/fabric_sfc/caliper-bench/node_modules/fabric-common/lib/EventListener.js:124:10)
    at EventService._callTransactionListener (/home/dhanish/fabric_sfc/caliper-bench/node_modules/fabric-common/lib/EventService.js:1051:16)
    at EventService._processTxEvents (/home/dhanish/fabric_sfc/caliper-bench/node_modules/fabric-common/lib/EventService.js:1006:12)
    at ClientDuplexStreamImpl.<anonymous> (/home/dhanish/fabric_sfc/caliper-bench/node_modules/fabric-common/lib/EventService.js:481:12)
    at ClientDuplexStreamImpl.emit (node:events:517:28)
    at addChunk (node:internal/streams/readable:368:12)
    at readableAddChunk (node:internal/streams/readable:341:9)
2026.08.11-09:20:53.714[31m error[39m [caliper] [connectors/v2/FabricGateway] 	Failed to perform submit transaction [updateFinancierRLOffer] using arguments [User3,{"aprPct":14.07,"tenorDays":28,"ltvPct":70,"penaltyPct":0.5,"modelVersion":"caliper-workload"}],  with error: TransactionError: Commit of transaction 022c97e5b7a8029b286da55ed9aba4621fb34dde1b56f29780714408e582a599 failed on peer peer0.financiers.example.com:7051 with status MVCC_READ_CONFLICT
    at TransactionEventHandler.eventCallback (/home/dhanish/fabric_sfc/caliper-bench/node_modules/fabric-network/lib/impl/event/transactioneventhandler.js:111:31)
    at CommitListenerSession.notifyListener (/home/dhanish/fabric_sfc/caliper-bench/node_modules/fabric-network/lib/impl/event/commitlistenersession.js:101:18)
    at EventListener.callback (/home/dhanish/fabric_sfc/caliper-bench/node_modules/fabric-network/lib/impl/event/commitlistenersession.js:92:18)
    at EventListener.onEvent (/home/dhanish/fabric_sfc/caliper-bench/node_modules/fabric-common/lib/EventListener.js:124:10)
    at EventService._callTransactionListener (/home/dhanish/fabric_sfc/caliper-bench/node_modules/fabric-common/lib/EventService.js:1051:16)
    at EventService._processTxEvents (/home/dhanish/fabric_sfc/caliper-bench/node_modules/fabric-common/lib/EventService.js:1006:12)
    at ClientDuplexStreamImpl.<anonymous> (/home/dhanish/fabric_sfc/caliper-bench/node_modules/fabric-common/lib/EventService.js:481:12)
    at ClientDuplexStreamImpl.emit (node:events:517:28)
    at addChunk (node:internal/streams/readable:368:12)
    at readableAddChunk (node:internal/streams/readable:341:9)
2026.08.11-09:20:53.714[31m error[39m [caliper] [connectors/v2/FabricGateway] 	Failed to perform submit transaction [updateFinancierRLOffer] using arguments [User4,{"aprPct":16.17,"tenorDays":14,"ltvPct":70,"penaltyPct":0.5,"modelVersion":"caliper-workload"}],  with error: TransactionError: Commit of transaction 1833b86811414c4d1a592bb047e7410b4ee2a294d191c42c8b19c183414b36d7 failed on peer peer0.financiers.example.com:7051 with status MVCC_READ_CONFLICT
    at TransactionEventHandler.eventCallback (/home/dhanish/fabric_sfc/caliper-bench/node_modules/fabric-network/lib/impl/event/transactioneventhandler.js:111:31)
    at CommitListenerSession.notifyListener (/home/dhanish/fabric_sfc/caliper-bench/node_modules/fabric-network/lib/impl/event/commitlistenersession.js:101:18)
    at EventListener.callback (/home/dhanish/fabric_sfc/caliper-bench/node_modules/fabric-network/lib/impl/event/commitlistenersession.js:92:18)
    at EventListener.onEvent (/home/dhanish/fabric_sfc/caliper-bench/node_modules/fabric-common/lib/EventListener.js:124:10)
    at EventService._callTransactionListener (/home/dhanish/fabric_sfc/caliper-bench/node_modules/fabric-common/lib/EventService.js:1051:16)
    at EventService._processTxEvents (/home/dhanish/fabric_sfc/caliper-bench/node_modules/fabric-common/lib/EventService.js:1006:12)
    at ClientDuplexStreamImpl.<anonymous> (/home/dhanish/fabric_sfc/caliper-bench/node_modules/fabric-common/lib/EventService.js:481:12)
    at ClientDuplexStreamImpl.emit (node:events:517:28)
    at addChunk (node:internal/streams/readable:368:12)
    at readableAddChunk (node:internal/streams/readable:341:9)
2026.08.11-09:20:53.714[31m error[39m [caliper] [connectors/v2/FabricGateway] 	Failed to perform submit transaction [updateFinancierRLOffer] using arguments [User3,{"aprPct":15.56,"tenorDays":28,"ltvPct":70,"penaltyPct":0.5,"modelVersion":"caliper-workload"}],  with error: TransactionError: Commit of transaction 7d45cd5a89f1b5d03fca7fdf2fecb80a824dae8003c52918185abc98d2305592 failed on peer peer0.financiers.example.com:7051 with status MVCC_READ_CONFLICT
    at TransactionEventHandler.eventCallback (/home/dhanish/fabric_sfc/caliper-bench/node_modules/fabric-network/lib/impl/event/transactioneventhandler.js:111:31)
    at CommitListenerSession.notifyListener (/home/dhanish/fabric_sfc/caliper-bench/node_modules/fabric-network/lib/impl/event/commitlistenersession.js:101:18)
    at EventListener.callback (/home/dhanish/fabric_sfc/caliper-bench/node_modules/fabric-network/lib/impl/event/commitlistenersession.js:92:18)
    at EventListener.onEvent (/home/dhanish/fabric_sfc/caliper-bench/node_modules/fabric-common/lib/EventListener.js:124:10)
    at EventService._callTransactionListener (/home/dhanish/fabric_sfc/caliper-bench/node_modules/fabric-common/lib/EventService.js:1051:16)
    at EventService._processTxEvents (/home/dhanish/fabric_sfc/caliper-bench/node_modules/fabric-common/lib/EventService.js:1006:12)
    at ClientDuplexStreamImpl.<anonymous> (/home/dhanish/fabric_sfc/caliper-bench/node_modules/fabric-common/lib/EventService.js:481:12)
    at ClientDuplexStreamImpl.emit (node:events:517:28)
    at addChunk (node:internal/streams/readable:368:12)
    at readableAddChunk (node:internal/streams/readable:341:9)
2026-08-11T09:20:53.745Z - [33mwarn[39m: [TransactionEventHandler]: strategyFail: commit failure for transaction "b38c14dbefa6dd0c5317999a5c9b5142a1ded86d4c9136d974bf52aa6eb5a9d3": TransactionError: Commit of transaction b38c14dbefa6dd0c5317999a5c9b5142a1ded86d4c9136d974bf52aa6eb5a9d3 failed on peer peer0.financiers.example.com:7051 with status MVCC_READ_CONFLICT
    at TransactionEventHandler.eventCallback (/home/dhanish/fabric_sfc/caliper-bench/node_modules/fabric-network/lib/impl/event/transactioneventhandler.js:111:31)
    at CommitListenerSession.notifyListener (/home/dhanish/fabric_sfc/caliper-bench/node_modules/fabric-network/lib/impl/event/commitlistenersession.js:101:18)
    at EventListener.callback (/home/dhanish/fabric_sfc/caliper-bench/node_modules/fabric-network/lib/impl/event/commitlistenersession.js:92:18)
    at EventListener.onEvent (/home/dhanish/fabric_sfc/caliper-bench/node_modules/fabric-common/lib/EventListener.js:124:10)
    at EventService._callTransactionListener (/home/dhanish/fabric_sfc/caliper-bench/node_modules/fabric-common/lib/EventService.js:1051:16)
    at EventService._processTxEvents (/home/dhanish/fabric_sfc/caliper-bench/node_modules/fabric-common/lib/EventService.js:1006:12)
    at ClientDuplexStreamImpl.<anonymous> (/home/dhanish/fabric_sfc/caliper-bench/node_modules/fabric-common/lib/EventService.js:481:12)
    at ClientDuplexStreamImpl.emit (node:events:517:28)
    at addChunk (node:internal/streams/readable:368:12)
    at readableAddChunk (node:internal/streams/readable:341:9) {
  transactionId: 'b38c14dbefa6dd0c5317999a5c9b5142a1ded86d4c9136d974bf52aa6eb5a9d3',
  transactionCode: 'MVCC_READ_CONFLICT'
}
2026-08-11T09:20:53.745Z - [33mwarn[39m: [TransactionEventHandler]: strategyFail: commit failure for transaction "eb1bae65c90e85b1af3e5c2bdd0c93c400046f9ceaf425e1af907763d9d9f882": TransactionError: Commit of transaction eb1bae65c90e85b1af3e5c2bdd0c93c400046f9ceaf425e1af907763d9d9f882 failed on peer peer0.financiers.example.com:7051 with status MVCC_READ_CONFLICT
    at TransactionEventHandler.eventCallback (/home/dhanish/fabric_sfc/caliper-bench/node_modules/fabric-network/lib/impl/event/transactioneventhandler.js:111:31)
    at CommitListenerSession.notifyListener (/home/dhanish/fabric_sfc/caliper-bench/node_modules/fabric-network/lib/impl/event/commitlistenersession.js:101:18)
    at EventListener.callback (/home/dhanish/fabric_sfc/caliper-bench/node_modules/fabric-network/lib/impl/event/commitlistenersession.js:92:18)
    at EventListener.onEvent (/home/dhanish/fabric_sfc/caliper-bench/node_modules/fabric-common/lib/EventListener.js:124:10)
    at EventService._callTransactionListener (/home/dhanish/fabric_sfc/caliper-bench/node_modules/fabric-common/lib/EventService.js:1051:16)
    at EventService._processTxEvents (/home/dhanish/fabric_sfc/caliper-bench/node_modules/fabric-common/lib/EventService.js:1006:12)
    at ClientDuplexStreamImpl.<anonymous> (/home/dhanish/fabric_sfc/caliper-bench/node_modules/fabric-common/lib/EventService.js:481:12)
    at ClientDuplexStreamImpl.emit (node:events:517:28)
    at addChunk (node:internal/streams/readable:368:12)
    at readableAddChunk (node:internal/streams/readable:341:9) {
  transactionId: 'eb1bae65c90e85b1af3e5c2bdd0c93c400046f9ceaf425e1af907763d9d9f882',
  transactionCode: 'MVCC_READ_CONFLICT'
}
2026-08-11T09:20:53.745Z - [33mwarn[39m: [TransactionEventHandler]: strategyFail: commit failure for transaction "eccd4e6b48228cef6bb29b6b6f711461a432870a21e9c3173f31788e3eda7be9": TransactionError: Commit of transaction eccd4e6b48228cef6bb29b6b6f711461a432870a21e9c3173f31788e3eda7be9 failed on peer peer0.financiers.example.com:7051 with status MVCC_READ_CONFLICT
    at TransactionEventHandler.eventCallback (/home/dhanish/fabric_sfc/caliper-bench/node_modules/fabric-network/lib/impl/event/transactioneventhandler.js:111:31)
    at CommitListenerSession.notifyListener (/home/dhanish/fabric_sfc/caliper-bench/node_modules/fabric-network/lib/impl/event/commitlistenersession.js:101:18)
    at EventListener.callback (/home/dhanish/fabric_sfc/caliper-bench/node_modules/fabric-network/lib/impl/event/commitlistenersession.js:92:18)
    at EventListener.onEvent (/home/dhanish/fabric_sfc/caliper-bench/node_modules/fabric-common/lib/EventListener.js:124:10)
    at EventService._callTransactionListener (/home/dhanish/fabric_sfc/caliper-bench/node_modules/fabric-common/lib/EventService.js:1051:16)
    at EventService._processTxEvents (/home/dhanish/fabric_sfc/caliper-bench/node_modules/fabric-common/lib/EventService.js:1006:12)
    at ClientDuplexStreamImpl.<anonymous> (/home/dhanish/fabric_sfc/caliper-bench/node_modules/fabric-common/lib/EventService.js:481:12)
    at ClientDuplexStreamImpl.emit (node:events:517:28)
    at addChunk (node:internal/streams/readable:368:12)
    at readableAddChunk (node:internal/streams/readable:341:9) {
  transactionId: 'eccd4e6b48228cef6bb29b6b6f711461a432870a21e9c3173f31788e3eda7be9',
  transactionCode: 'MVCC_READ_CONFLICT'
}
2026-08-11T09:20:53.745Z - [33mwarn[39m: [TransactionEventHandler]: strategyFail: commit failure for transaction "f27434e7497de815c2f609719af3c3f8fc902763f1ab31eafa7cedfa68a8af42": TransactionError: Commit of transaction f27434e7497de815c2f609719af3c3f8fc902763f1ab31eafa7cedfa68a8af42 failed on peer peer0.financiers.example.com:7051 with status MVCC_READ_CONFLICT
    at TransactionEventHandler.eventCallback (/home/dhanish/fabric_sfc/caliper-bench/node_modules/fabric-network/lib/impl/event/transactioneventhandler.js:111:31)
    at CommitListenerSession.notifyListener (/home/dhanish/fabric_sfc/caliper-bench/node_modules/fabric-network/lib/impl/event/commitlistenersession.js:101:18)
    at EventListener.callback (/home/dhanish/fabric_sfc/caliper-bench/node_modules/fabric-network/lib/impl/event/commitlistenersession.js:92:18)
    at EventListener.onEvent (/home/dhanish/fabric_sfc/caliper-bench/node_modules/fabric-common/lib/EventListener.js:124:10)
    at EventService._callTransactionListener (/home/dhanish/fabric_sfc/caliper-bench/node_modules/fabric-common/lib/EventService.js:1051:16)
    at EventService._processTxEvents (/home/dhanish/fabric_sfc/caliper-bench/node_modules/fabric-common/lib/EventService.js:1006:12)
    at ClientDuplexStreamImpl.<anonymous> (/home/dhanish/fabric_sfc/caliper-bench/node_modules/fabric-common/lib/EventService.js:481:12)
    at ClientDuplexStreamImpl.emit (node:events:517:28)
    at addChunk (node:internal/streams/readable:368:12)
    at readableAddChunk (node:internal/streams/readable:341:9) {
  transactionId: 'f27434e7497de815c2f609719af3c3f8fc902763f1ab31eafa7cedfa68a8af42',
  transactionCode: 'MVCC_READ_CONFLICT'
}
2026-08-11T09:20:53.746Z - [33mwarn[39m: [TransactionEventHandler]: strategyFail: commit failure for transaction "9f21e474f35e928736be9cb39b9847abdf256d50e4694932b8428e8787570c9d": TransactionError: Commit of transaction 9f21e474f35e928736be9cb39b9847abdf256d50e4694932b8428e8787570c9d failed on peer peer0.financiers.example.com:7051 with status MVCC_READ_CONFLICT
    at TransactionEventHandler.eventCallback (/home/dhanish/fabric_sfc/caliper-bench/node_modules/fabric-network/lib/impl/event/transactioneventhandler.js:111:31)
    at CommitListenerSession.notifyListener (/home/dhanish/fabric_sfc/caliper-bench/node_modules/fabric-network/lib/impl/event/commitlistenersession.js:101:18)
    at EventListener.callback (/home/dhanish/fabric_sfc/caliper-bench/node_modules/fabric-network/lib/impl/event/commitlistenersession.js:92:18)
    at EventListener.onEvent (/home/dhanish/fabric_sfc/caliper-bench/node_modules/fabric-common/lib/EventListener.js:124:10)
    at EventService._callTransactionListener (/home/dhanish/fabric_sfc/caliper-bench/node_modules/fabric-common/lib/EventService.js:1051:16)
    at EventService._processTxEvents (/home/dhanish/fabric_sfc/caliper-bench/node_modules/fabric-common/lib/EventService.js:1006:12)
    at ClientDuplexStreamImpl.<anonymous> (/home/dhanish/fabric_sfc/caliper-bench/node_modules/fabric-common/lib/EventService.js:481:12)
    at ClientDuplexStreamImpl.emit (node:events:517:28)
    at addChunk (node:internal/streams/readable:368:12)
    at readableAddChunk (node:internal/streams/readable:341:9) {
  transactionId: '9f21e474f35e928736be9cb39b9847abdf256d50e4694932b8428e8787570c9d',
  transactionCode: 'MVCC_READ_CONFLICT'
}
2026-08-11T09:20:53.746Z - [33mwarn[39m: [TransactionEventHandler]: strategyFail: commit failure for transaction "d235cf06473cb4f2a336000d6a95289c251cff38a6915020f575cb89efc5947e": TransactionError: Commit of transaction d235cf06473cb4f2a336000d6a95289c251cff38a6915020f575cb89efc5947e failed on peer peer0.financiers.example.com:7051 with status MVCC_READ_CONFLICT
    at TransactionEventHandler.eventCallback (/home/dhanish/fabric_sfc/caliper-bench/node_modules/fabric-network/lib/impl/event/transactioneventhandler.js:111:31)
    at CommitListenerSession.notifyListener (/home/dhanish/fabric_sfc/caliper-bench/node_modules/fabric-network/lib/impl/event/commitlistenersession.js:101:18)
    at EventListener.callback (/home/dhanish/fabric_sfc/caliper-bench/node_modules/fabric-network/lib/impl/event/commitlistenersession.js:92:18)
    at EventListener.onEvent (/home/dhanish/fabric_sfc/caliper-bench/node_modules/fabric-common/lib/EventListener.js:124:10)
    at EventService._callTransactionListener (/home/dhanish/fabric_sfc/caliper-bench/node_modules/fabric-common/lib/EventService.js:1051:16)
    at EventService._processTxEvents (/home/dhanish/fabric_sfc/caliper-bench/node_modules/fabric-common/lib/EventService.js:1006:12)
    at ClientDuplexStreamImpl.<anonymous> (/home/dhanish/fabric_sfc/caliper-bench/node_modules/fabric-common/lib/EventService.js:481:12)
    at ClientDuplexStreamImpl.emit (node:events:517:28)
    at addChunk (node:internal/streams/readable:368:12)
    at readableAddChunk (node:internal/streams/readable:341:9) {
  transactionId: 'd235cf06473cb4f2a336000d6a95289c251cff38a6915020f575cb89efc5947e',
  transactionCode: 'MVCC_READ_CONFLICT'
}
2026-08-11T09:20:53.746Z - [33mwarn[39m: [TransactionEventHandler]: strategyFail: commit failure for transaction "fe18426b2eb3b4d4a80947240a3347e1c84d2e066bb94382d7cab9814f3d39f5": TransactionError: Commit of transaction fe18426b2eb3b4d4a80947240a3347e1c84d2e066bb94382d7cab9814f3d39f5 failed on peer peer0.financiers.example.com:7051 with status MVCC_READ_CONFLICT
    at TransactionEventHandler.eventCallback (/home/dhanish/fabric_sfc/caliper-bench/node_modules/fabric-network/lib/impl/event/transactioneventhandler.js:111:31)
    at CommitListenerSession.notifyListener (/home/dhanish/fabric_sfc/caliper-bench/node_modules/fabric-network/lib/impl/event/commitlistenersession.js:101:18)
    at EventListener.callback (/home/dhanish/fabric_sfc/caliper-bench/node_modules/fabric-network/lib/impl/event/commitlistenersession.js:92:18)
    at EventListener.onEvent (/home/dhanish/fabric_sfc/caliper-bench/node_modules/fabric-common/lib/EventListener.js:124:10)
    at EventService._callTransactionListener (/home/dhanish/fabric_sfc/caliper-bench/node_modules/fabric-common/lib/EventService.js:1051:16)
    at EventService._processTxEvents (/home/dhanish/fabric_sfc/caliper-bench/node_modules/fabric-common/lib/EventService.js:1006:12)
    at ClientDuplexStreamImpl.<anonymous> (/home/dhanish/fabric_sfc/caliper-bench/node_modules/fabric-common/lib/EventService.js:481:12)
    at ClientDuplexStreamImpl.emit (node:events:517:28)
    at addChunk (node:internal/streams/readable:368:12)
    at readableAddChunk (node:internal/streams/readable:341:9) {
  transactionId: 'fe18426b2eb3b4d4a80947240a3347e1c84d2e066bb94382d7cab9814f3d39f5',
  transactionCode: 'MVCC_READ_CONFLICT'
}
2026.08.11-09:20:53.746[31m error[39m [caliper] [connectors/v2/FabricGateway] 	Failed to perform submit transaction [updateFinancierRLOffer] using arguments [User2,{"aprPct":15.55,"tenorDays":21,"ltvPct":70,"penaltyPct":0.5,"modelVersion":"caliper-workload"}],  with error: TransactionError: Commit of transaction b38c14dbefa6dd0c5317999a5c9b5142a1ded86d4c9136d974bf52aa6eb5a9d3 failed on peer peer0.financiers.example.com:7051 with status MVCC_READ_CONFLICT
    at TransactionEventHandler.eventCallback (/home/dhanish/fabric_sfc/caliper-bench/node_modules/fabric-network/lib/impl/event/transactioneventhandler.js:111:31)
    at CommitListenerSession.notifyListener (/home/dhanish/fabric_sfc/caliper-bench/node_modules/fabric-network/lib/impl/event/commitlistenersession.js:101:18)
    at EventListener.callback (/home/dhanish/fabric_sfc/caliper-bench/node_modules/fabric-network/lib/impl/event/commitlistenersession.js:92:18)
    at EventListener.onEvent (/home/dhanish/fabric_sfc/caliper-bench/node_modules/fabric-common/lib/EventListener.js:124:10)
    at EventService._callTransactionListener (/home/dhanish/fabric_sfc/caliper-bench/node_modules/fabric-common/lib/EventService.js:1051:16)
    at EventService._processTxEvents (/home/dhanish/fabric_sfc/caliper-bench/node_modules/fabric-common/lib/EventService.js:1006:12)
    at ClientDuplexStreamImpl.<anonymous> (/home/dhanish/fabric_sfc/caliper-bench/node_modules/fabric-common/lib/EventService.js:481:12)
    at ClientDuplexStreamImpl.emit (node:events:517:28)
    at addChunk (node:internal/streams/readable:368:12)
    at readableAddChunk (node:internal/streams/readable:341:9)
2026.08.11-09:20:53.746[31m error[39m [caliper] [connectors/v2/FabricGateway] 	Failed to perform submit transaction [updateFinancierRLOffer] using arguments [User5,{"aprPct":12.18,"tenorDays":21,"ltvPct":70,"penaltyPct":0.5,"modelVersion":"caliper-workload"}],  with error: TransactionError: Commit of transaction eb1bae65c90e85b1af3e5c2bdd0c93c400046f9ceaf425e1af907763d9d9f882 failed on peer peer0.financiers.example.com:7051 with status MVCC_READ_CONFLICT
    at TransactionEventHandler.eventCallback (/home/dhanish/fabric_sfc/caliper-bench/node_modules/fabric-network/lib/impl/event/transactioneventhandler.js:111:31)
    at CommitListenerSession.notifyListener (/home/dhanish/fabric_sfc/caliper-bench/node_modules/fabric-network/lib/impl/event/commitlistenersession.js:101:18)
    at EventListener.callback (/home/dhanish/fabric_sfc/caliper-bench/node_modules/fabric-network/lib/impl/event/commitlistenersession.js:92:18)
    at EventListener.onEvent (/home/dhanish/fabric_sfc/caliper-bench/node_modules/fabric-common/lib/EventListener.js:124:10)
    at EventService._callTransactionListener (/home/dhanish/fabric_sfc/caliper-bench/node_modules/fabric-common/lib/EventService.js:1051:16)
    at EventService._processTxEvents (/home/dhanish/fabric_sfc/caliper-bench/node_modules/fabric-common/lib/EventService.js:1006:12)
    at ClientDuplexStreamImpl.<anonymous> (/home/dhanish/fabric_sfc/caliper-bench/node_modules/fabric-common/lib/EventService.js:481:12)
    at ClientDuplexStreamImpl.emit (node:events:517:28)
    at addChunk (node:internal/streams/readable:368:12)
    at readableAddChunk (node:internal/streams/readable:341:9)
2026.08.11-09:20:53.746[31m error[39m [caliper] [connectors/v2/FabricGateway] 	Failed to perform submit transaction [updateFinancierRLOffer] using arguments [User3,{"aprPct":14.49,"tenorDays":28,"ltvPct":70,"penaltyPct":0.5,"modelVersion":"caliper-workload"}],  with error: TransactionError: Commit of transaction d235cf06473cb4f2a336000d6a95289c251cff38a6915020f575cb89efc5947e failed on peer peer0.financiers.example.com:7051 with status MVCC_READ_CONFLICT
    at TransactionEventHandler.eventCallback (/home/dhanish/fabric_sfc/caliper-bench/node_modules/fabric-network/lib/impl/event/transactioneventhandler.js:111:31)
    at CommitListenerSession.notifyListener (/home/dhanish/fabric_sfc/caliper-bench/node_modules/fabric-network/lib/impl/event/commitlistenersession.js:101:18)
    at EventListener.callback (/home/dhanish/fabric_sfc/caliper-bench/node_modules/fabric-network/lib/impl/event/commitlistenersession.js:92:18)
    at EventListener.onEvent (/home/dhanish/fabric_sfc/caliper-bench/node_modules/fabric-common/lib/EventListener.js:124:10)
    at EventService._callTransactionListener (/home/dhanish/fabric_sfc/caliper-bench/node_modules/fabric-common/lib/EventService.js:1051:16)
    at EventService._processTxEvents (/home/dhanish/fabric_sfc/caliper-bench/node_modules/fabric-common/lib/EventService.js:1006:12)
    at ClientDuplexStreamImpl.<anonymous> (/home/dhanish/fabric_sfc/caliper-bench/node_modules/fabric-common/lib/EventService.js:481:12)
    at ClientDuplexStreamImpl.emit (node:events:517:28)
    at addChunk (node:internal/streams/readable:368:12)
    at readableAddChunk (node:internal/streams/readable:341:9)
2026.08.11-09:20:53.746[31m error[39m [caliper] [connectors/v2/FabricGateway] 	Failed to perform submit transaction [updateFinancierRLOffer] using arguments [User1,{"aprPct":13.97,"tenorDays":14,"ltvPct":70,"penaltyPct":0.5,"modelVersion":"caliper-workload"}],  with error: TransactionError: Commit of transaction eccd4e6b48228cef6bb29b6b6f711461a432870a21e9c3173f31788e3eda7be9 failed on peer peer0.financiers.example.com:7051 with status MVCC_READ_CONFLICT
    at TransactionEventHandler.eventCallback (/home/dhanish/fabric_sfc/caliper-bench/node_modules/fabric-network/lib/impl/event/transactioneventhandler.js:111:31)
    at CommitListenerSession.notifyListener (/home/dhanish/fabric_sfc/caliper-bench/node_modules/fabric-network/lib/impl/event/commitlistenersession.js:101:18)
    at EventListener.callback (/home/dhanish/fabric_sfc/caliper-bench/node_modules/fabric-network/lib/impl/event/commitlistenersession.js:92:18)
    at EventListener.onEvent (/home/dhanish/fabric_sfc/caliper-bench/node_modules/fabric-common/lib/EventListener.js:124:10)
    at EventService._callTransactionListener (/home/dhanish/fabric_sfc/caliper-bench/node_modules/fabric-common/lib/EventService.js:1051:16)
    at EventService._processTxEvents (/home/dhanish/fabric_sfc/caliper-bench/node_modules/fabric-common/lib/EventService.js:1006:12)
    at ClientDuplexStreamImpl.<anonymous> (/home/dhanish/fabric_sfc/caliper-bench/node_modules/fabric-common/lib/EventService.js:481:12)
    at ClientDuplexStreamImpl.emit (node:events:517:28)
    at addChunk (node:internal/streams/readable:368:12)
    at readableAddChunk (node:internal/streams/readable:341:9)
2026.08.11-09:20:53.746[31m error[39m [caliper] [connectors/v2/FabricGateway] 	Failed to perform submit transaction [updateFinancierRLOffer] using arguments [User1,{"aprPct":15.91,"tenorDays":14,"ltvPct":70,"penaltyPct":0.5,"modelVersion":"caliper-workload"}],  with error: TransactionError: Commit of transaction fe18426b2eb3b4d4a80947240a3347e1c84d2e066bb94382d7cab9814f3d39f5 failed on peer peer0.financiers.example.com:7051 with status MVCC_READ_CONFLICT
    at TransactionEventHandler.eventCallback (/home/dhanish/fabric_sfc/caliper-bench/node_modules/fabric-network/lib/impl/event/transactioneventhandler.js:111:31)
    at CommitListenerSession.notifyListener (/home/dhanish/fabric_sfc/caliper-bench/node_modules/fabric-network/lib/impl/event/commitlistenersession.js:101:18)
    at EventListener.callback (/home/dhanish/fabric_sfc/caliper-bench/node_modules/fabric-network/lib/impl/event/commitlistenersession.js:92:18)
    at EventListener.onEvent (/home/dhanish/fabric_sfc/caliper-bench/node_modules/fabric-common/lib/EventListener.js:124:10)
    at EventService._callTransactionListener (/home/dhanish/fabric_sfc/caliper-bench/node_modules/fabric-common/lib/EventService.js:1051:16)
    at EventService._processTxEvents (/home/dhanish/fabric_sfc/caliper-bench/node_modules/fabric-common/lib/EventService.js:1006:12)
    at ClientDuplexStreamImpl.<anonymous> (/home/dhanish/fabric_sfc/caliper-bench/node_modules/fabric-common/lib/EventService.js:481:12)
    at ClientDuplexStreamImpl.emit (node:events:517:28)
    at addChunk (node:internal/streams/readable:368:12)
    at readableAddChunk (node:internal/streams/readable:341:9)
2026.08.11-09:20:53.746[31m error[39m [caliper] [connectors/v2/FabricGateway] 	Failed to perform submit transaction [updateFinancierRLOffer] using arguments [User2,{"aprPct":12.57,"tenorDays":21,"ltvPct":70,"penaltyPct":0.5,"modelVersion":"caliper-workload"}],  with error: TransactionError: Commit of transaction f27434e7497de815c2f609719af3c3f8fc902763f1ab31eafa7cedfa68a8af42 failed on peer peer0.financiers.example.com:7051 with status MVCC_READ_CONFLICT
    at TransactionEventHandler.eventCallback (/home/dhanish/fabric_sfc/caliper-bench/node_modules/fabric-network/lib/impl/event/transactioneventhandler.js:111:31)
    at CommitListenerSession.notifyListener (/home/dhanish/fabric_sfc/caliper-bench/node_modules/fabric-network/lib/impl/event/commitlistenersession.js:101:18)
    at EventListener.callback (/home/dhanish/fabric_sfc/caliper-bench/node_modules/fabric-network/lib/impl/event/commitlistenersession.js:92:18)
    at EventListener.onEvent (/home/dhanish/fabric_sfc/caliper-bench/node_modules/fabric-common/lib/EventListener.js:124:10)
    at EventService._callTransactionListener (/home/dhanish/fabric_sfc/caliper-bench/node_modules/fabric-common/lib/EventService.js:1051:16)
    at EventService._processTxEvents (/home/dhanish/fabric_sfc/caliper-bench/node_modules/fabric-common/lib/EventService.js:1006:12)
    at ClientDuplexStreamImpl.<anonymous> (/home/dhanish/fabric_sfc/caliper-bench/node_modules/fabric-common/lib/EventService.js:481:12)
    at ClientDuplexStreamImpl.emit (node:events:517:28)
    at addChunk (node:internal/streams/readable:368:12)
    at readableAddChunk (node:internal/streams/readable:341:9)
2026.08.11-09:20:53.746[31m error[39m [caliper] [connectors/v2/FabricGateway] 	Failed to perform submit transaction [updateFinancierRLOffer] using arguments [User5,{"aprPct":13.88,"tenorDays":21,"ltvPct":70,"penaltyPct":0.5,"modelVersion":"caliper-workload"}],  with error: TransactionError: Commit of transaction 9f21e474f35e928736be9cb39b9847abdf256d50e4694932b8428e8787570c9d failed on peer peer0.financiers.example.com:7051 with status MVCC_READ_CONFLICT
    at TransactionEventHandler.eventCallback (/home/dhanish/fabric_sfc/caliper-bench/node_modules/fabric-network/lib/impl/event/transactioneventhandler.js:111:31)
    at CommitListenerSession.notifyListener (/home/dhanish/fabric_sfc/caliper-bench/node_modules/fabric-network/lib/impl/event/commitlistenersession.js:101:18)
    at EventListener.callback (/home/dhanish/fabric_sfc/caliper-bench/node_modules/fabric-network/lib/impl/event/commitlistenersession.js:92:18)
    at EventListener.onEvent (/home/dhanish/fabric_sfc/caliper-bench/node_modules/fabric-common/lib/EventListener.js:124:10)
    at EventService._callTransactionListener (/home/dhanish/fabric_sfc/caliper-bench/node_modules/fabric-common/lib/EventService.js:1051:16)
    at EventService._processTxEvents (/home/dhanish/fabric_sfc/caliper-bench/node_modules/fabric-common/lib/EventService.js:1006:12)
    at ClientDuplexStreamImpl.<anonymous> (/home/dhanish/fabric_sfc/caliper-bench/node_modules/fabric-common/lib/EventService.js:481:12)
    at ClientDuplexStreamImpl.emit (node:events:517:28)
    at addChunk (node:internal/streams/readable:368:12)
    at readableAddChunk (node:internal/streams/readable:341:9)
2026-08-11T09:20:53.780Z - [33mwarn[39m: [TransactionEventHandler]: strategyFail: commit failure for transaction "02b00da06aa0d3b9504a8fc5f43f22abb28d1be71edb5c96cd21b8b68c2c0207": TransactionError: Commit of transaction 02b00da06aa0d3b9504a8fc5f43f22abb28d1be71edb5c96cd21b8b68c2c0207 failed on peer peer0.financiers.example.com:7051 with status MVCC_READ_CONFLICT
    at TransactionEventHandler.eventCallback (/home/dhanish/fabric_sfc/caliper-bench/node_modules/fabric-network/lib/impl/event/transactioneventhandler.js:111:31)
    at CommitListenerSession.notifyListener (/home/dhanish/fabric_sfc/caliper-bench/node_modules/fabric-network/lib/impl/event/commitlistenersession.js:101:18)
    at EventListener.callback (/home/dhanish/fabric_sfc/caliper-bench/node_modules/fabric-network/lib/impl/event/commitlistenersession.js:92:18)
    at EventListener.onEvent (/home/dhanish/fabric_sfc/caliper-bench/node_modules/fabric-common/lib/EventListener.js:124:10)
    at EventService._callTransactionListener (/home/dhanish/fabric_sfc/caliper-bench/node_modules/fabric-common/lib/EventService.js:1051:16)
    at EventService._processTxEvents (/home/dhanish/fabric_sfc/caliper-bench/node_modules/fabric-common/lib/EventService.js:1006:12)
    at ClientDuplexStreamImpl.<anonymous> (/home/dhanish/fabric_sfc/caliper-bench/node_modules/fabric-common/lib/EventService.js:481:12)
    at ClientDuplexStreamImpl.emit (node:events:517:28)
    at addChunk (node:internal/streams/readable:368:12)
    at readableAddChunk (node:internal/streams/readable:341:9) {
  transactionId: '02b00da06aa0d3b9504a8fc5f43f22abb28d1be71edb5c96cd21b8b68c2c0207',
  transactionCode: 'MVCC_READ_CONFLICT'
}
2026-08-11T09:20:53.781Z - [33mwarn[39m: [TransactionEventHandler]: strategyFail: commit failure for transaction "9c8702b3c603d89c3860f3bbd7b5cf9933505ce5e787db25959f6d4b40709c67": TransactionError: Commit of transaction 9c8702b3c603d89c3860f3bbd7b5cf9933505ce5e787db25959f6d4b40709c67 failed on peer peer0.financiers.example.com:7051 with status MVCC_READ_CONFLICT
    at TransactionEventHandler.eventCallback (/home/dhanish/fabric_sfc/caliper-bench/node_modules/fabric-network/lib/impl/event/transactioneventhandler.js:111:31)
    at CommitListenerSession.notifyListener (/home/dhanish/fabric_sfc/caliper-bench/node_modules/fabric-network/lib/impl/event/commitlistenersession.js:101:18)
    at EventListener.callback (/home/dhanish/fabric_sfc/caliper-bench/node_modules/fabric-network/lib/impl/event/commitlistenersession.js:92:18)
    at EventListener.onEvent (/home/dhanish/fabric_sfc/caliper-bench/node_modules/fabric-common/lib/EventListener.js:124:10)
    at EventService._callTransactionListener (/home/dhanish/fabric_sfc/caliper-bench/node_modules/fabric-common/lib/EventService.js:1051:16)
    at EventService._processTxEvents (/home/dhanish/fabric_sfc/caliper-bench/node_modules/fabric-common/lib/EventService.js:1006:12)
    at ClientDuplexStreamImpl.<anonymous> (/home/dhanish/fabric_sfc/caliper-bench/node_modules/fabric-common/lib/EventService.js:481:12)
    at ClientDuplexStreamImpl.emit (node:events:517:28)
    at addChunk (node:internal/streams/readable:368:12)
    at readableAddChunk (node:internal/streams/readable:341:9) {
  transactionId: '9c8702b3c603d89c3860f3bbd7b5cf9933505ce5e787db25959f6d4b40709c67',
  transactionCode: 'MVCC_READ_CONFLICT'
}
2026-08-11T09:20:53.781Z - [33mwarn[39m: [TransactionEventHandler]: strategyFail: commit failure for transaction "b7c46083738d4b7a537f6ed6590738573af8bbd469216def2ad47aa5b4e5fdb8": TransactionError: Commit of transaction b7c46083738d4b7a537f6ed6590738573af8bbd469216def2ad47aa5b4e5fdb8 failed on peer peer0.financiers.example.com:7051 with status MVCC_READ_CONFLICT
    at TransactionEventHandler.eventCallback (/home/dhanish/fabric_sfc/caliper-bench/node_modules/fabric-network/lib/impl/event/transactioneventhandler.js:111:31)
    at CommitListenerSession.notifyListener (/home/dhanish/fabric_sfc/caliper-bench/node_modules/fabric-network/lib/impl/event/commitlistenersession.js:101:18)
    at EventListener.callback (/home/dhanish/fabric_sfc/caliper-bench/node_modules/fabric-network/lib/impl/event/commitlistenersession.js:92:18)
    at EventListener.onEvent (/home/dhanish/fabric_sfc/caliper-bench/node_modules/fabric-common/lib/EventListener.js:124:10)
    at EventService._callTransactionListener (/home/dhanish/fabric_sfc/caliper-bench/node_modules/fabric-common/lib/EventService.js:1051:16)
    at EventService._processTxEvents (/home/dhanish/fabric_sfc/caliper-bench/node_modules/fabric-common/lib/EventService.js:1006:12)
    at ClientDuplexStreamImpl.<anonymous> (/home/dhanish/fabric_sfc/caliper-bench/node_modules/fabric-common/lib/EventService.js:481:12)
    at ClientDuplexStreamImpl.emit (node:events:517:28)
    at addChunk (node:internal/streams/readable:368:12)
    at readableAddChunk (node:internal/streams/readable:341:9) {
  transactionId: 'b7c46083738d4b7a537f6ed6590738573af8bbd469216def2ad47aa5b4e5fdb8',
  transactionCode: 'MVCC_READ_CONFLICT'
}
2026.08.11-09:20:53.782[31m error[39m [caliper] [connectors/v2/FabricGateway] 	Failed to perform submit transaction [updateFinancierRLOffer] using arguments [User3,{"aprPct":16.51,"tenorDays":28,"ltvPct":70,"penaltyPct":0.5,"modelVersion":"caliper-workload"}],  with error: TransactionError: Commit of transaction 02b00da06aa0d3b9504a8fc5f43f22abb28d1be71edb5c96cd21b8b68c2c0207 failed on peer peer0.financiers.example.com:7051 with status MVCC_READ_CONFLICT
    at TransactionEventHandler.eventCallback (/home/dhanish/fabric_sfc/caliper-bench/node_modules/fabric-network/lib/impl/event/transactioneventhandler.js:111:31)
    at CommitListenerSession.notifyListener (/home/dhanish/fabric_sfc/caliper-bench/node_modules/fabric-network/lib/impl/event/commitlistenersession.js:101:18)
    at EventListener.callback (/home/dhanish/fabric_sfc/caliper-bench/node_modules/fabric-network/lib/impl/event/commitlistenersession.js:92:18)
    at EventListener.onEvent (/home/dhanish/fabric_sfc/caliper-bench/node_modules/fabric-common/lib/EventListener.js:124:10)
    at EventService._callTransactionListener (/home/dhanish/fabric_sfc/caliper-bench/node_modules/fabric-common/lib/EventService.js:1051:16)
    at EventService._processTxEvents (/home/dhanish/fabric_sfc/caliper-bench/node_modules/fabric-common/lib/EventService.js:1006:12)
    at ClientDuplexStreamImpl.<anonymous> (/home/dhanish/fabric_sfc/caliper-bench/node_modules/fabric-common/lib/EventService.js:481:12)
    at ClientDuplexStreamImpl.emit (node:events:517:28)
    at addChunk (node:internal/streams/readable:368:12)
    at readableAddChunk (node:internal/streams/readable:341:9)
2026.08.11-09:20:53.782[31m error[39m [caliper] [connectors/v2/FabricGateway] 	Failed to perform submit transaction [updateFinancierRLOffer] using arguments [User3,{"aprPct":12.03,"tenorDays":28,"ltvPct":70,"penaltyPct":0.5,"modelVersion":"caliper-workload"}],  with error: TransactionError: Commit of transaction b7c46083738d4b7a537f6ed6590738573af8bbd469216def2ad47aa5b4e5fdb8 failed on peer peer0.financiers.example.com:7051 with status MVCC_READ_CONFLICT
    at TransactionEventHandler.eventCallback (/home/dhanish/fabric_sfc/caliper-bench/node_modules/fabric-network/lib/impl/event/transactioneventhandler.js:111:31)
    at CommitListenerSession.notifyListener (/home/dhanish/fabric_sfc/caliper-bench/node_modules/fabric-network/lib/impl/event/commitlistenersession.js:101:18)
    at EventListener.callback (/home/dhanish/fabric_sfc/caliper-bench/node_modules/fabric-network/lib/impl/event/commitlistenersession.js:92:18)
    at EventListener.onEvent (/home/dhanish/fabric_sfc/caliper-bench/node_modules/fabric-common/lib/EventListener.js:124:10)
    at EventService._callTransactionListener (/home/dhanish/fabric_sfc/caliper-bench/node_modules/fabric-common/lib/EventService.js:1051:16)
    at EventService._processTxEvents (/home/dhanish/fabric_sfc/caliper-bench/node_modules/fabric-common/lib/EventService.js:1006:12)
    at ClientDuplexStreamImpl.<anonymous> (/home/dhanish/fabric_sfc/caliper-bench/node_modules/fabric-common/lib/EventService.js:481:12)
    at ClientDuplexStreamImpl.emit (node:events:517:28)
    at addChunk (node:internal/streams/readable:368:12)
    at readableAddChunk (node:internal/streams/readable:341:9)
2026-08-11T09:20:53.783Z - [33mwarn[39m: [TransactionEventHandler]: strategyFail: commit failure for transaction "6d8f608e3a29abbc57a06cc9eea388fdbe1ad75ed4a85a329b6d781d2d2c00ed": TransactionError: Commit of transaction 6d8f608e3a29abbc57a06cc9eea388fdbe1ad75ed4a85a329b6d781d2d2c00ed failed on peer peer0.financiers.example.com:7051 with status MVCC_READ_CONFLICT
    at TransactionEventHandler.eventCallback (/home/dhanish/fabric_sfc/caliper-bench/node_modules/fabric-network/lib/impl/event/transactioneventhandler.js:111:31)
    at CommitListenerSession.notifyListener (/home/dhanish/fabric_sfc/caliper-bench/node_modules/fabric-network/lib/impl/event/commitlistenersession.js:101:18)
    at EventListener.callback (/home/dhanish/fabric_sfc/caliper-bench/node_modules/fabric-network/lib/impl/event/commitlistenersession.js:92:18)
    at EventListener.onEvent (/home/dhanish/fabric_sfc/caliper-bench/node_modules/fabric-common/lib/EventListener.js:124:10)
    at EventService._callTransactionListener (/home/dhanish/fabric_sfc/caliper-bench/node_modules/fabric-common/lib/EventService.js:1051:16)
    at EventService._processTxEvents (/home/dhanish/fabric_sfc/caliper-bench/node_modules/fabric-common/lib/EventService.js:1006:12)
    at ClientDuplexStreamImpl.<anonymous> (/home/dhanish/fabric_sfc/caliper-bench/node_modules/fabric-common/lib/EventService.js:481:12)
    at ClientDuplexStreamImpl.emit (node:events:517:28)
    at addChunk (node:internal/streams/readable:368:12)
    at readableAddChunk (node:internal/streams/readable:341:9) {
  transactionId: '6d8f608e3a29abbc57a06cc9eea388fdbe1ad75ed4a85a329b6d781d2d2c00ed',
  transactionCode: 'MVCC_READ_CONFLICT'
}
2026-08-11T09:20:53.783Z - [33mwarn[39m: [TransactionEventHandler]: strategyFail: commit failure for transaction "81e1699ab301fcb8399aec1088b851db64e014dc43d547d29e1129b811e219c5": TransactionError: Commit of transaction 81e1699ab301fcb8399aec1088b851db64e014dc43d547d29e1129b811e219c5 failed on peer peer0.financiers.example.com:7051 with status MVCC_READ_CONFLICT
    at TransactionEventHandler.eventCallback (/home/dhanish/fabric_sfc/caliper-bench/node_modules/fabric-network/lib/impl/event/transactioneventhandler.js:111:31)
    at CommitListenerSession.notifyListener (/home/dhanish/fabric_sfc/caliper-bench/node_modules/fabric-network/lib/impl/event/commitlistenersession.js:101:18)
    at EventListener.callback (/home/dhanish/fabric_sfc/caliper-bench/node_modules/fabric-network/lib/impl/event/commitlistenersession.js:92:18)
    at EventListener.onEvent (/home/dhanish/fabric_sfc/caliper-bench/node_modules/fabric-common/lib/EventListener.js:124:10)
    at EventService._callTransactionListener (/home/dhanish/fabric_sfc/caliper-bench/node_modules/fabric-common/lib/EventService.js:1051:16)
    at EventService._processTxEvents (/home/dhanish/fabric_sfc/caliper-bench/node_modules/fabric-common/lib/EventService.js:1006:12)
    at ClientDuplexStreamImpl.<anonymous> (/home/dhanish/fabric_sfc/caliper-bench/node_modules/fabric-common/lib/EventService.js:481:12)
    at ClientDuplexStreamImpl.emit (node:events:517:28)
    at addChunk (node:internal/streams/readable:368:12)
    at readableAddChunk (node:internal/streams/readable:341:9) {
  transactionId: '81e1699ab301fcb8399aec1088b851db64e014dc43d547d29e1129b811e219c5',
  transactionCode: 'MVCC_READ_CONFLICT'
}
2026.08.11-09:20:53.783[31m error[39m [caliper] [connectors/v2/FabricGateway] 	Failed to perform submit transaction [updateFinancierRLOffer] using arguments [User4,{"aprPct":13.44,"tenorDays":14,"ltvPct":70,"penaltyPct":0.5,"modelVersion":"caliper-workload"}],  with error: TransactionError: Commit of transaction 9c8702b3c603d89c3860f3bbd7b5cf9933505ce5e787db25959f6d4b40709c67 failed on peer peer0.financiers.example.com:7051 with status MVCC_READ_CONFLICT
    at TransactionEventHandler.eventCallback (/home/dhanish/fabric_sfc/caliper-bench/node_modules/fabric-network/lib/impl/event/transactioneventhandler.js:111:31)
    at CommitListenerSession.notifyListener (/home/dhanish/fabric_sfc/caliper-bench/node_modules/fabric-network/lib/impl/event/commitlistenersession.js:101:18)
    at EventListener.callback (/home/dhanish/fabric_sfc/caliper-bench/node_modules/fabric-network/lib/impl/event/commitlistenersession.js:92:18)
    at EventListener.onEvent (/home/dhanish/fabric_sfc/caliper-bench/node_modules/fabric-common/lib/EventListener.js:124:10)
    at EventService._callTransactionListener (/home/dhanish/fabric_sfc/caliper-bench/node_modules/fabric-common/lib/EventService.js:1051:16)
    at EventService._processTxEvents (/home/dhanish/fabric_sfc/caliper-bench/node_modules/fabric-common/lib/EventService.js:1006:12)
    at ClientDuplexStreamImpl.<anonymous> (/home/dhanish/fabric_sfc/caliper-bench/node_modules/fabric-common/lib/EventService.js:481:12)
    at ClientDuplexStreamImpl.emit (node:events:517:28)
    at addChunk (node:internal/streams/readable:368:12)
    at readableAddChunk (node:internal/streams/readable:341:9)
2026.08.11-09:20:53.784[31m error[39m [caliper] [connectors/v2/FabricGateway] 	Failed to perform submit transaction [updateFinancierRLOffer] using arguments [User4,{"aprPct":16.54,"tenorDays":14,"ltvPct":70,"penaltyPct":0.5,"modelVersion":"caliper-workload"}],  with error: TransactionError: Commit of transaction 6d8f608e3a29abbc57a06cc9eea388fdbe1ad75ed4a85a329b6d781d2d2c00ed failed on peer peer0.financiers.example.com:7051 with status MVCC_READ_CONFLICT
    at TransactionEventHandler.eventCallback (/home/dhanish/fabric_sfc/caliper-bench/node_modules/fabric-network/lib/impl/event/transactioneventhandler.js:111:31)
    at CommitListenerSession.notifyListener (/home/dhanish/fabric_sfc/caliper-bench/node_modules/fabric-network/lib/impl/event/commitlistenersession.js:101:18)
    at EventListener.callback (/home/dhanish/fabric_sfc/caliper-bench/node_modules/fabric-network/lib/impl/event/commitlistenersession.js:92:18)
    at EventListener.onEvent (/home/dhanish/fabric_sfc/caliper-bench/node_modules/fabric-common/lib/EventListener.js:124:10)
    at EventService._callTransactionListener (/home/dhanish/fabric_sfc/caliper-bench/node_modules/fabric-common/lib/EventService.js:1051:16)
    at EventService._processTxEvents (/home/dhanish/fabric_sfc/caliper-bench/node_modules/fabric-common/lib/EventService.js:1006:12)
    at ClientDuplexStreamImpl.<anonymous> (/home/dhanish/fabric_sfc/caliper-bench/node_modules/fabric-common/lib/EventService.js:481:12)
    at ClientDuplexStreamImpl.emit (node:events:517:28)
    at addChunk (node:internal/streams/readable:368:12)
    at readableAddChunk (node:internal/streams/readable:341:9)
2026.08.11-09:20:53.784[31m error[39m [caliper] [connectors/v2/FabricGateway] 	Failed to perform submit transaction [updateFinancierRLOffer] using arguments [User4,{"aprPct":12.08,"tenorDays":14,"ltvPct":70,"penaltyPct":0.5,"modelVersion":"caliper-workload"}],  with error: TransactionError: Commit of transaction 81e1699ab301fcb8399aec1088b851db64e014dc43d547d29e1129b811e219c5 failed on peer peer0.financiers.example.com:7051 with status MVCC_READ_CONFLICT
    at TransactionEventHandler.eventCallback (/home/dhanish/fabric_sfc/caliper-bench/node_modules/fabric-network/lib/impl/event/transactioneventhandler.js:111:31)
    at CommitListenerSession.notifyListener (/home/dhanish/fabric_sfc/caliper-bench/node_modules/fabric-network/lib/impl/event/commitlistenersession.js:101:18)
    at EventListener.callback (/home/dhanish/fabric_sfc/caliper-bench/node_modules/fabric-network/lib/impl/event/commitlistenersession.js:92:18)
    at EventListener.onEvent (/home/dhanish/fabric_sfc/caliper-bench/node_modules/fabric-common/lib/EventListener.js:124:10)
    at EventService._callTransactionListener (/home/dhanish/fabric_sfc/caliper-bench/node_modules/fabric-common/lib/EventService.js:1051:16)
    at EventService._processTxEvents (/home/dhanish/fabric_sfc/caliper-bench/node_modules/fabric-common/lib/EventService.js:1006:12)
    at ClientDuplexStreamImpl.<anonymous> (/home/dhanish/fabric_sfc/caliper-bench/node_modules/fabric-common/lib/EventService.js:481:12)
    at ClientDuplexStreamImpl.emit (node:events:517:28)
    at addChunk (node:internal/streams/readable:368:12)
    at readableAddChunk (node:internal/streams/readable:341:9)
2026-08-11T09:20:53.784Z - [33mwarn[39m: [TransactionEventHandler]: strategyFail: commit failure for transaction "f276e452cefbb07106a56e917f7ad897ffc62f54fb0f2dfc8cc41b587a230fe2": TransactionError: Commit of transaction f276e452cefbb07106a56e917f7ad897ffc62f54fb0f2dfc8cc41b587a230fe2 failed on peer peer0.financiers.example.com:7051 with status MVCC_READ_CONFLICT
    at TransactionEventHandler.eventCallback (/home/dhanish/fabric_sfc/caliper-bench/node_modules/fabric-network/lib/impl/event/transactioneventhandler.js:111:31)
    at CommitListenerSession.notifyListener (/home/dhanish/fabric_sfc/caliper-bench/node_modules/fabric-network/lib/impl/event/commitlistenersession.js:101:18)
    at EventListener.callback (/home/dhanish/fabric_sfc/caliper-bench/node_modules/fabric-network/lib/impl/event/commitlistenersession.js:92:18)
    at EventListener.onEvent (/home/dhanish/fabric_sfc/caliper-bench/node_modules/fabric-common/lib/EventListener.js:124:10)
    at EventService._callTransactionListener (/home/dhanish/fabric_sfc/caliper-bench/node_modules/fabric-common/lib/EventService.js:1051:16)
    at EventService._processTxEvents (/home/dhanish/fabric_sfc/caliper-bench/node_modules/fabric-common/lib/EventService.js:1006:12)
    at ClientDuplexStreamImpl.<anonymous> (/home/dhanish/fabric_sfc/caliper-bench/node_modules/fabric-common/lib/EventService.js:481:12)
    at ClientDuplexStreamImpl.emit (node:events:517:28)
    at addChunk (node:internal/streams/readable:368:12)
    at readableAddChunk (node:internal/streams/readable:341:9) {
  transactionId: 'f276e452cefbb07106a56e917f7ad897ffc62f54fb0f2dfc8cc41b587a230fe2',
  transactionCode: 'MVCC_READ_CONFLICT'
}
2026-08-11T09:20:53.784Z - [33mwarn[39m: [TransactionEventHandler]: strategyFail: commit failure for transaction "0483150e813fb32ca52e4fbeaa025f84bfd42fca3123a7838dd284c9e3d4ef71": TransactionError: Commit of transaction 0483150e813fb32ca52e4fbeaa025f84bfd42fca3123a7838dd284c9e3d4ef71 failed on peer peer0.financiers.example.com:7051 with status MVCC_READ_CONFLICT
    at TransactionEventHandler.eventCallback (/home/dhanish/fabric_sfc/caliper-bench/node_modules/fabric-network/lib/impl/event/transactioneventhandler.js:111:31)
    at CommitListenerSession.notifyListener (/home/dhanish/fabric_sfc/caliper-bench/node_modules/fabric-network/lib/impl/event/commitlistenersession.js:101:18)
    at EventListener.callback (/home/dhanish/fabric_sfc/caliper-bench/node_modules/fabric-network/lib/impl/event/commitlistenersession.js:92:18)
    at EventListener.onEvent (/home/dhanish/fabric_sfc/caliper-bench/node_modules/fabric-common/lib/EventListener.js:124:10)
    at EventService._callTransactionListener (/home/dhanish/fabric_sfc/caliper-bench/node_modules/fabric-common/lib/EventService.js:1051:16)
    at EventService._processTxEvents (/home/dhanish/fabric_sfc/caliper-bench/node_modules/fabric-common/lib/EventService.js:1006:12)
    at ClientDuplexStreamImpl.<anonymous> (/home/dhanish/fabric_sfc/caliper-bench/node_modules/fabric-common/lib/EventService.js:481:12)
    at ClientDuplexStreamImpl.emit (node:events:517:28)
    at addChunk (node:internal/streams/readable:368:12)
    at readableAddChunk (node:internal/streams/readable:341:9) {
  transactionId: '0483150e813fb32ca52e4fbeaa025f84bfd42fca3123a7838dd284c9e3d4ef71',
  transactionCode: 'MVCC_READ_CONFLICT'
}
2026.08.11-09:20:53.784[31m error[39m [caliper] [connectors/v2/FabricGateway] 	Failed to perform submit transaction [updateFinancierRLOffer] using arguments [User1,{"aprPct":12.08,"tenorDays":14,"ltvPct":70,"penaltyPct":0.5,"modelVersion":"caliper-workload"}],  with error: TransactionError: Commit of transaction f276e452cefbb07106a56e917f7ad897ffc62f54fb0f2dfc8cc41b587a230fe2 failed on peer peer0.financiers.example.com:7051 with status MVCC_READ_CONFLICT
    at TransactionEventHandler.eventCallback (/home/dhanish/fabric_sfc/caliper-bench/node_modules/fabric-network/lib/impl/event/transactioneventhandler.js:111:31)
    at CommitListenerSession.notifyListener (/home/dhanish/fabric_sfc/caliper-bench/node_modules/fabric-network/lib/impl/event/commitlistenersession.js:101:18)
    at EventListener.callback (/home/dhanish/fabric_sfc/caliper-bench/node_modules/fabric-network/lib/impl/event/commitlistenersession.js:92:18)
    at EventListener.onEvent (/home/dhanish/fabric_sfc/caliper-bench/node_modules/fabric-common/lib/EventListener.js:124:10)
    at EventService._callTransactionListener (/home/dhanish/fabric_sfc/caliper-bench/node_modules/fabric-common/lib/EventService.js:1051:16)
    at EventService._processTxEvents (/home/dhanish/fabric_sfc/caliper-bench/node_modules/fabric-common/lib/EventService.js:1006:12)
    at ClientDuplexStreamImpl.<anonymous> (/home/dhanish/fabric_sfc/caliper-bench/node_modules/fabric-common/lib/EventService.js:481:12)
    at ClientDuplexStreamImpl.emit (node:events:517:28)
    at addChunk (node:internal/streams/readable:368:12)
    at readableAddChunk (node:internal/streams/readable:341:9)
2026-08-11T09:20:53.784Z - [33mwarn[39m: [TransactionEventHandler]: strategyFail: commit failure for transaction "45066635fa3659786646ac471e277dcb729b8718c6872e6356ca412800f196ff": TransactionError: Commit of transaction 45066635fa3659786646ac471e277dcb729b8718c6872e6356ca412800f196ff failed on peer peer0.financiers.example.com:7051 with status MVCC_READ_CONFLICT
    at TransactionEventHandler.eventCallback (/home/dhanish/fabric_sfc/caliper-bench/node_modules/fabric-network/lib/impl/event/transactioneventhandler.js:111:31)
    at CommitListenerSession.notifyListener (/home/dhanish/fabric_sfc/caliper-bench/node_modules/fabric-network/lib/impl/event/commitlistenersession.js:101:18)
    at EventListener.callback (/home/dhanish/fabric_sfc/caliper-bench/node_modules/fabric-network/lib/impl/event/commitlistenersession.js:92:18)
    at EventListener.onEvent (/home/dhanish/fabric_sfc/caliper-bench/node_modules/fabric-common/lib/EventListener.js:124:10)
    at EventService._callTransactionListener (/home/dhanish/fabric_sfc/caliper-bench/node_modules/fabric-common/lib/EventService.js:1051:16)
    at EventService._processTxEvents (/home/dhanish/fabric_sfc/caliper-bench/node_modules/fabric-common/lib/EventService.js:1006:12)
    at ClientDuplexStreamImpl.<anonymous> (/home/dhanish/fabric_sfc/caliper-bench/node_modules/fabric-common/lib/EventService.js:481:12)
    at ClientDuplexStreamImpl.emit (node:events:517:28)
    at addChunk (node:internal/streams/readable:368:12)
    at readableAddChunk (node:internal/streams/readable:341:9) {
  transactionId: '45066635fa3659786646ac471e277dcb729b8718c6872e6356ca412800f196ff',
  transactionCode: 'MVCC_READ_CONFLICT'
}
2026-08-11T09:20:53.785Z - [33mwarn[39m: [TransactionEventHandler]: strategyFail: commit failure for transaction "a9b7c2767378ad5223fe30e5aa02fad89d43a7acc46aa8b15a6931e6c3377ebc": TransactionError: Commit of transaction a9b7c2767378ad5223fe30e5aa02fad89d43a7acc46aa8b15a6931e6c3377ebc failed on peer peer0.financiers.example.com:7051 with status MVCC_READ_CONFLICT
    at TransactionEventHandler.eventCallback (/home/dhanish/fabric_sfc/caliper-bench/node_modules/fabric-network/lib/impl/event/transactioneventhandler.js:111:31)
    at CommitListenerSession.notifyListener (/home/dhanish/fabric_sfc/caliper-bench/node_modules/fabric-network/lib/impl/event/commitlistenersession.js:101:18)
    at EventListener.callback (/home/dhanish/fabric_sfc/caliper-bench/node_modules/fabric-network/lib/impl/event/commitlistenersession.js:92:18)
    at EventListener.onEvent (/home/dhanish/fabric_sfc/caliper-bench/node_modules/fabric-common/lib/EventListener.js:124:10)
    at EventService._callTransactionListener (/home/dhanish/fabric_sfc/caliper-bench/node_modules/fabric-common/lib/EventService.js:1051:16)
    at EventService._processTxEvents (/home/dhanish/fabric_sfc/caliper-bench/node_modules/fabric-common/lib/EventService.js:1006:12)
    at ClientDuplexStreamImpl.<anonymous> (/home/dhanish/fabric_sfc/caliper-bench/node_modules/fabric-common/lib/EventService.js:481:12)
    at ClientDuplexStreamImpl.emit (node:events:517:28)
    at addChunk (node:internal/streams/readable:368:12)
    at readableAddChunk (node:internal/streams/readable:341:9) {
  transactionId: 'a9b7c2767378ad5223fe30e5aa02fad89d43a7acc46aa8b15a6931e6c3377ebc',
  transactionCode: 'MVCC_READ_CONFLICT'
}
2026-08-11T09:20:53.785Z - [33mwarn[39m: [TransactionEventHandler]: strategyFail: commit failure for transaction "1bf662f13858413cdc08e9c9c8ec8ded728cd1c1248040269d39c344b46a300a": TransactionError: Commit of transaction 1bf662f13858413cdc08e9c9c8ec8ded728cd1c1248040269d39c344b46a300a failed on peer peer0.financiers.example.com:7051 with status MVCC_READ_CONFLICT
    at TransactionEventHandler.eventCallback (/home/dhanish/fabric_sfc/caliper-bench/node_modules/fabric-network/lib/impl/event/transactioneventhandler.js:111:31)
    at CommitListenerSession.notifyListener (/home/dhanish/fabric_sfc/caliper-bench/node_modules/fabric-network/lib/impl/event/commitlistenersession.js:101:18)
    at EventListener.callback (/home/dhanish/fabric_sfc/caliper-bench/node_modules/fabric-network/lib/impl/event/commitlistenersession.js:92:18)
    at EventListener.onEvent (/home/dhanish/fabric_sfc/caliper-bench/node_modules/fabric-common/lib/EventListener.js:124:10)
    at EventService._callTransactionListener (/home/dhanish/fabric_sfc/caliper-bench/node_modules/fabric-common/lib/EventService.js:1051:16)
    at EventService._processTxEvents (/home/dhanish/fabric_sfc/caliper-bench/node_modules/fabric-common/lib/EventService.js:1006:12)
    at ClientDuplexStreamImpl.<anonymous> (/home/dhanish/fabric_sfc/caliper-bench/node_modules/fabric-common/lib/EventService.js:481:12)
    at ClientDuplexStreamImpl.emit (node:events:517:28)
    at addChunk (node:internal/streams/readable:368:12)
    at readableAddChunk (node:internal/streams/readable:341:9) {
  transactionId: '1bf662f13858413cdc08e9c9c8ec8ded728cd1c1248040269d39c344b46a300a',
  transactionCode: 'MVCC_READ_CONFLICT'
}
2026.08.11-09:20:53.785[31m error[39m [caliper] [connectors/v2/FabricGateway] 	Failed to perform submit transaction [updateFinancierRLOffer] using arguments [User5,{"aprPct":14.63,"tenorDays":21,"ltvPct":70,"penaltyPct":0.5,"modelVersion":"caliper-workload"}],  with error: TransactionError: Commit of transaction 45066635fa3659786646ac471e277dcb729b8718c6872e6356ca412800f196ff failed on peer peer0.financiers.example.com:7051 with status MVCC_READ_CONFLICT
    at TransactionEventHandler.eventCallback (/home/dhanish/fabric_sfc/caliper-bench/node_modules/fabric-network/lib/impl/event/transactioneventhandler.js:111:31)
    at CommitListenerSession.notifyListener (/home/dhanish/fabric_sfc/caliper-bench/node_modules/fabric-network/lib/impl/event/commitlistenersession.js:101:18)
    at EventListener.callback (/home/dhanish/fabric_sfc/caliper-bench/node_modules/fabric-network/lib/impl/event/commitlistenersession.js:92:18)
    at EventListener.onEvent (/home/dhanish/fabric_sfc/caliper-bench/node_modules/fabric-common/lib/EventListener.js:124:10)
    at EventService._callTransactionListener (/home/dhanish/fabric_sfc/caliper-bench/node_modules/fabric-common/lib/EventService.js:1051:16)
    at EventService._processTxEvents (/home/dhanish/fabric_sfc/caliper-bench/node_modules/fabric-common/lib/EventService.js:1006:12)
    at ClientDuplexStreamImpl.<anonymous> (/home/dhanish/fabric_sfc/caliper-bench/node_modules/fabric-common/lib/EventService.js:481:12)
    at ClientDuplexStreamImpl.emit (node:events:517:28)
    at addChunk (node:internal/streams/readable:368:12)
    at readableAddChunk (node:internal/streams/readable:341:9)
2026.08.11-09:20:53.785[31m error[39m [caliper] [connectors/v2/FabricGateway] 	Failed to perform submit transaction [updateFinancierRLOffer] using arguments [User2,{"aprPct":15.42,"tenorDays":21,"ltvPct":70,"penaltyPct":0.5,"modelVersion":"caliper-workload"}],  with error: TransactionError: Commit of transaction 0483150e813fb32ca52e4fbeaa025f84bfd42fca3123a7838dd284c9e3d4ef71 failed on peer peer0.financiers.example.com:7051 with status MVCC_READ_CONFLICT
    at TransactionEventHandler.eventCallback (/home/dhanish/fabric_sfc/caliper-bench/node_modules/fabric-network/lib/impl/event/transactioneventhandler.js:111:31)
    at CommitListenerSession.notifyListener (/home/dhanish/fabric_sfc/caliper-bench/node_modules/fabric-network/lib/impl/event/commitlistenersession.js:101:18)
    at EventListener.callback (/home/dhanish/fabric_sfc/caliper-bench/node_modules/fabric-network/lib/impl/event/commitlistenersession.js:92:18)
    at EventListener.onEvent (/home/dhanish/fabric_sfc/caliper-bench/node_modules/fabric-common/lib/EventListener.js:124:10)
    at EventService._callTransactionListener (/home/dhanish/fabric_sfc/caliper-bench/node_modules/fabric-common/lib/EventService.js:1051:16)
    at EventService._processTxEvents (/home/dhanish/fabric_sfc/caliper-bench/node_modules/fabric-common/lib/EventService.js:1006:12)
    at ClientDuplexStreamImpl.<anonymous> (/home/dhanish/fabric_sfc/caliper-bench/node_modules/fabric-common/lib/EventService.js:481:12)
    at ClientDuplexStreamImpl.emit (node:events:517:28)
    at addChunk (node:internal/streams/readable:368:12)
    at readableAddChunk (node:internal/streams/readable:341:9)
2026.08.11-09:20:53.785[31m error[39m [caliper] [connectors/v2/FabricGateway] 	Failed to perform submit transaction [updateFinancierRLOffer] using arguments [User5,{"aprPct":13.17,"tenorDays":21,"ltvPct":70,"penaltyPct":0.5,"modelVersion":"caliper-workload"}],  with error: TransactionError: Commit of transaction a9b7c2767378ad5223fe30e5aa02fad89d43a7acc46aa8b15a6931e6c3377ebc failed on peer peer0.financiers.example.com:7051 with status MVCC_READ_CONFLICT
    at TransactionEventHandler.eventCallback (/home/dhanish/fabric_sfc/caliper-bench/node_modules/fabric-network/lib/impl/event/transactioneventhandler.js:111:31)
    at CommitListenerSession.notifyListener (/home/dhanish/fabric_sfc/caliper-bench/node_modules/fabric-network/lib/impl/event/commitlistenersession.js:101:18)
    at EventListener.callback (/home/dhanish/fabric_sfc/caliper-bench/node_modules/fabric-network/lib/impl/event/commitlistenersession.js:92:18)
    at EventListener.onEvent (/home/dhanish/fabric_sfc/caliper-bench/node_modules/fabric-common/lib/EventListener.js:124:10)
    at EventService._callTransactionListener (/home/dhanish/fabric_sfc/caliper-bench/node_modules/fabric-common/lib/EventService.js:1051:16)
    at EventService._processTxEvents (/home/dhanish/fabric_sfc/caliper-bench/node_modules/fabric-common/lib/EventService.js:1006:12)
    at ClientDuplexStreamImpl.<anonymous> (/home/dhanish/fabric_sfc/caliper-bench/node_modules/fabric-common/lib/EventService.js:481:12)
    at ClientDuplexStreamImpl.emit (node:events:517:28)
    at addChunk (node:internal/streams/readable:368:12)
    at readableAddChunk (node:internal/streams/readable:341:9)
2026.08.11-09:20:53.785[31m error[39m [caliper] [connectors/v2/FabricGateway] 	Failed to perform submit transaction [updateFinancierRLOffer] using arguments [User2,{"aprPct":17.76,"tenorDays":21,"ltvPct":70,"penaltyPct":0.5,"modelVersion":"caliper-workload"}],  with error: TransactionError: Commit of transaction 1bf662f13858413cdc08e9c9c8ec8ded728cd1c1248040269d39c344b46a300a failed on peer peer0.financiers.example.com:7051 with status MVCC_READ_CONFLICT
    at TransactionEventHandler.eventCallback (/home/dhanish/fabric_sfc/caliper-bench/node_modules/fabric-network/lib/impl/event/transactioneventhandler.js:111:31)
    at CommitListenerSession.notifyListener (/home/dhanish/fabric_sfc/caliper-bench/node_modules/fabric-network/lib/impl/event/commitlistenersession.js:101:18)
    at EventListener.callback (/home/dhanish/fabric_sfc/caliper-bench/node_modules/fabric-network/lib/impl/event/commitlistenersession.js:92:18)
    at EventListener.onEvent (/home/dhanish/fabric_sfc/caliper-bench/node_modules/fabric-common/lib/EventListener.js:124:10)
    at EventService._callTransactionListener (/home/dhanish/fabric_sfc/caliper-bench/node_modules/fabric-common/lib/EventService.js:1051:16)
    at EventService._processTxEvents (/home/dhanish/fabric_sfc/caliper-bench/node_modules/fabric-common/lib/EventService.js:1006:12)
    at ClientDuplexStreamImpl.<anonymous> (/home/dhanish/fabric_sfc/caliper-bench/node_modules/fabric-common/lib/EventService.js:481:12)
    at ClientDuplexStreamImpl.emit (node:events:517:28)
    at addChunk (node:internal/streams/readable:368:12)
    at readableAddChunk (node:internal/streams/readable:341:9)
2026-08-11T09:20:53.811Z - [33mwarn[39m: [TransactionEventHandler]: strategyFail: commit failure for transaction "ff6de97cbd9eed53b948e5b07988f0037d21cd1a63adccd1dd8eef796ff5bb14": TransactionError: Commit of transaction ff6de97cbd9eed53b948e5b07988f0037d21cd1a63adccd1dd8eef796ff5bb14 failed on peer peer0.financiers.example.com:7051 with status MVCC_READ_CONFLICT
    at TransactionEventHandler.eventCallback (/home/dhanish/fabric_sfc/caliper-bench/node_modules/fabric-network/lib/impl/event/transactioneventhandler.js:111:31)
    at CommitListenerSession.notifyListener (/home/dhanish/fabric_sfc/caliper-bench/node_modules/fabric-network/lib/impl/event/commitlistenersession.js:101:18)
    at EventListener.callback (/home/dhanish/fabric_sfc/caliper-bench/node_modules/fabric-network/lib/impl/event/commitlistenersession.js:92:18)
    at EventListener.onEvent (/home/dhanish/fabric_sfc/caliper-bench/node_modules/fabric-common/lib/EventListener.js:124:10)
    at EventService._callTransactionListener (/home/dhanish/fabric_sfc/caliper-bench/node_modules/fabric-common/lib/EventService.js:1051:16)
    at EventService._processTxEvents (/home/dhanish/fabric_sfc/caliper-bench/node_modules/fabric-common/lib/EventService.js:1006:12)
    at ClientDuplexStreamImpl.<anonymous> (/home/dhanish/fabric_sfc/caliper-bench/node_modules/fabric-common/lib/EventService.js:481:12)
    at ClientDuplexStreamImpl.emit (node:events:517:28)
    at addChunk (node:internal/streams/readable:368:12)
    at readableAddChunk (node:internal/streams/readable:341:9) {
  transactionId: 'ff6de97cbd9eed53b948e5b07988f0037d21cd1a63adccd1dd8eef796ff5bb14',
  transactionCode: 'MVCC_READ_CONFLICT'
}
2026.08.11-09:20:53.811[31m error[39m [caliper] [connectors/v2/FabricGateway] 	Failed to perform submit transaction [updateFinancierRLOffer] using arguments [User2,{"aprPct":15.55,"tenorDays":21,"ltvPct":70,"penaltyPct":0.5,"modelVersion":"caliper-workload"}],  with error: TransactionError: Commit of transaction ff6de97cbd9eed53b948e5b07988f0037d21cd1a63adccd1dd8eef796ff5bb14 failed on peer peer0.financiers.example.com:7051 with status MVCC_READ_CONFLICT
    at TransactionEventHandler.eventCallback (/home/dhanish/fabric_sfc/caliper-bench/node_modules/fabric-network/lib/impl/event/transactioneventhandler.js:111:31)
    at CommitListenerSession.notifyListener (/home/dhanish/fabric_sfc/caliper-bench/node_modules/fabric-network/lib/impl/event/commitlistenersession.js:101:18)
    at EventListener.callback (/home/dhanish/fabric_sfc/caliper-bench/node_modules/fabric-network/lib/impl/event/commitlistenersession.js:92:18)
    at EventListener.onEvent (/home/dhanish/fabric_sfc/caliper-bench/node_modules/fabric-common/lib/EventListener.js:124:10)
    at EventService._callTransactionListener (/home/dhanish/fabric_sfc/caliper-bench/node_modules/fabric-common/lib/EventService.js:1051:16)
    at EventService._processTxEvents (/home/dhanish/fabric_sfc/caliper-bench/node_modules/fabric-common/lib/EventService.js:1006:12)
    at ClientDuplexStreamImpl.<anonymous> (/home/dhanish/fabric_sfc/caliper-bench/node_modules/fabric-common/lib/EventService.js:481:12)
    at ClientDuplexStreamImpl.emit (node:events:517:28)
    at addChunk (node:internal/streams/readable:368:12)
    at readableAddChunk (node:internal/streams/readable:341:9)
2026-08-11T09:20:53.811Z - [33mwarn[39m: [TransactionEventHandler]: strategyFail: commit failure for transaction "f4d3ccd4a7e04df151ec8912d32b5a8d82309cbb5e28b6b3f399a3ac358845fa": TransactionError: Commit of transaction f4d3ccd4a7e04df151ec8912d32b5a8d82309cbb5e28b6b3f399a3ac358845fa failed on peer peer0.financiers.example.com:7051 with status MVCC_READ_CONFLICT
    at TransactionEventHandler.eventCallback (/home/dhanish/fabric_sfc/caliper-bench/node_modules/fabric-network/lib/impl/event/transactioneventhandler.js:111:31)
    at CommitListenerSession.notifyListener (/home/dhanish/fabric_sfc/caliper-bench/node_modules/fabric-network/lib/impl/event/commitlistenersession.js:101:18)
    at EventListener.callback (/home/dhanish/fabric_sfc/caliper-bench/node_modules/fabric-network/lib/impl/event/commitlistenersession.js:92:18)
    at EventListener.onEvent (/home/dhanish/fabric_sfc/caliper-bench/node_modules/fabric-common/lib/EventListener.js:124:10)
    at EventService._callTransactionListener (/home/dhanish/fabric_sfc/caliper-bench/node_modules/fabric-common/lib/EventService.js:1051:16)
    at EventService._processTxEvents (/home/dhanish/fabric_sfc/caliper-bench/node_modules/fabric-common/lib/EventService.js:1006:12)
    at ClientDuplexStreamImpl.<anonymous> (/home/dhanish/fabric_sfc/caliper-bench/node_modules/fabric-common/lib/EventService.js:481:12)
    at ClientDuplexStreamImpl.emit (node:events:517:28)
    at addChunk (node:internal/streams/readable:368:12)
    at readableAddChunk (node:internal/streams/readable:341:9) {
  transactionId: 'f4d3ccd4a7e04df151ec8912d32b5a8d82309cbb5e28b6b3f399a3ac358845fa',
  transactionCode: 'MVCC_READ_CONFLICT'
}
2026-08-11T09:20:53.811Z - [33mwarn[39m: [TransactionEventHandler]: strategyFail: commit failure for transaction "11344b2584a7e2620e4b0b14433b84b965e5c28f298008b0337d1ef9e54209f4": TransactionError: Commit of transaction 11344b2584a7e2620e4b0b14433b84b965e5c28f298008b0337d1ef9e54209f4 failed on peer peer0.financiers.example.com:7051 with status MVCC_READ_CONFLICT
    at TransactionEventHandler.eventCallback (/home/dhanish/fabric_sfc/caliper-bench/node_modules/fabric-network/lib/impl/event/transactioneventhandler.js:111:31)
    at CommitListenerSession.notifyListener (/home/dhanish/fabric_sfc/caliper-bench/node_modules/fabric-network/lib/impl/event/commitlistenersession.js:101:18)
    at EventListener.callback (/home/dhanish/fabric_sfc/caliper-bench/node_modules/fabric-network/lib/impl/event/commitlistenersession.js:92:18)
    at EventListener.onEvent (/home/dhanish/fabric_sfc/caliper-bench/node_modules/fabric-common/lib/EventListener.js:124:10)
    at EventService._callTransactionListener (/home/dhanish/fabric_sfc/caliper-bench/node_modules/fabric-common/lib/EventService.js:1051:16)
    at EventService._processTxEvents (/home/dhanish/fabric_sfc/caliper-bench/node_modules/fabric-common/lib/EventService.js:1006:12)
    at ClientDuplexStreamImpl.<anonymous> (/home/dhanish/fabric_sfc/caliper-bench/node_modules/fabric-common/lib/EventService.js:481:12)
    at ClientDuplexStreamImpl.emit (node:events:517:28)
    at addChunk (node:internal/streams/readable:368:12)
    at readableAddChunk (node:internal/streams/readable:341:9) {
  transactionId: '11344b2584a7e2620e4b0b14433b84b965e5c28f298008b0337d1ef9e54209f4',
  transactionCode: 'MVCC_READ_CONFLICT'
}
2026-08-11T09:20:53.812Z - [33mwarn[39m: [TransactionEventHandler]: strategyFail: commit failure for transaction "af92ecf368fc64fc6e60d941cd8bc29fa582c8c77db0b97f4f50cdfc51671a1c": TransactionError: Commit of transaction af92ecf368fc64fc6e60d941cd8bc29fa582c8c77db0b97f4f50cdfc51671a1c failed on peer peer0.financiers.example.com:7051 with status MVCC_READ_CONFLICT
    at TransactionEventHandler.eventCallback (/home/dhanish/fabric_sfc/caliper-bench/node_modules/fabric-network/lib/impl/event/transactioneventhandler.js:111:31)
    at CommitListenerSession.notifyListener (/home/dhanish/fabric_sfc/caliper-bench/node_modules/fabric-network/lib/impl/event/commitlistenersession.js:101:18)
    at EventListener.callback (/home/dhanish/fabric_sfc/caliper-bench/node_modules/fabric-network/lib/impl/event/commitlistenersession.js:92:18)
    at EventListener.onEvent (/home/dhanish/fabric_sfc/caliper-bench/node_modules/fabric-common/lib/EventListener.js:124:10)
    at EventService._callTransactionListener (/home/dhanish/fabric_sfc/caliper-bench/node_modules/fabric-common/lib/EventService.js:1051:16)
    at EventService._processTxEvents (/home/dhanish/fabric_sfc/caliper-bench/node_modules/fabric-common/lib/EventService.js:1006:12)
    at ClientDuplexStreamImpl.<anonymous> (/home/dhanish/fabric_sfc/caliper-bench/node_modules/fabric-common/lib/EventService.js:481:12)
    at ClientDuplexStreamImpl.emit (node:events:517:28)
    at addChunk (node:internal/streams/readable:368:12)
    at readableAddChunk (node:internal/streams/readable:341:9) {
  transactionId: 'af92ecf368fc64fc6e60d941cd8bc29fa582c8c77db0b97f4f50cdfc51671a1c',
  transactionCode: 'MVCC_READ_CONFLICT'
}
2026-08-11T09:20:53.812Z - [33mwarn[39m: [TransactionEventHandler]: strategyFail: commit failure for transaction "9fce2882ca10f18f58d86e86306ea4fc6bec360489bb743d9ac1f500f8c51ced": TransactionError: Commit of transaction 9fce2882ca10f18f58d86e86306ea4fc6bec360489bb743d9ac1f500f8c51ced failed on peer peer0.financiers.example.com:7051 with status MVCC_READ_CONFLICT
    at TransactionEventHandler.eventCallback (/home/dhanish/fabric_sfc/caliper-bench/node_modules/fabric-network/lib/impl/event/transactioneventhandler.js:111:31)
    at CommitListenerSession.notifyListener (/home/dhanish/fabric_sfc/caliper-bench/node_modules/fabric-network/lib/impl/event/commitlistenersession.js:101:18)
    at EventListener.callback (/home/dhanish/fabric_sfc/caliper-bench/node_modules/fabric-network/lib/impl/event/commitlistenersession.js:92:18)
    at EventListener.onEvent (/home/dhanish/fabric_sfc/caliper-bench/node_modules/fabric-common/lib/EventListener.js:124:10)
    at EventService._callTransactionListener (/home/dhanish/fabric_sfc/caliper-bench/node_modules/fabric-common/lib/EventService.js:1051:16)
    at EventService._processTxEvents (/home/dhanish/fabric_sfc/caliper-bench/node_modules/fabric-common/lib/EventService.js:1006:12)
    at ClientDuplexStreamImpl.<anonymous> (/home/dhanish/fabric_sfc/caliper-bench/node_modules/fabric-common/lib/EventService.js:481:12)
    at ClientDuplexStreamImpl.emit (node:events:517:28)
    at addChunk (node:internal/streams/readable:368:12)
    at readableAddChunk (node:internal/streams/readable:341:9) {
  transactionId: '9fce2882ca10f18f58d86e86306ea4fc6bec360489bb743d9ac1f500f8c51ced',
  transactionCode: 'MVCC_READ_CONFLICT'
}
2026-08-11T09:20:53.812Z - [33mwarn[39m: [TransactionEventHandler]: strategyFail: commit failure for transaction "1966a7bc8478df8930cc529a6e09a95879761b2cd362f768ad1ee72bdabf10ec": TransactionError: Commit of transaction 1966a7bc8478df8930cc529a6e09a95879761b2cd362f768ad1ee72bdabf10ec failed on peer peer0.financiers.example.com:7051 with status MVCC_READ_CONFLICT
    at TransactionEventHandler.eventCallback (/home/dhanish/fabric_sfc/caliper-bench/node_modules/fabric-network/lib/impl/event/transactioneventhandler.js:111:31)
    at CommitListenerSession.notifyListener (/home/dhanish/fabric_sfc/caliper-bench/node_modules/fabric-network/lib/impl/event/commitlistenersession.js:101:18)
    at EventListener.callback (/home/dhanish/fabric_sfc/caliper-bench/node_modules/fabric-network/lib/impl/event/commitlistenersession.js:92:18)
    at EventListener.onEvent (/home/dhanish/fabric_sfc/caliper-bench/node_modules/fabric-common/lib/EventListener.js:124:10)
    at EventService._callTransactionListener (/home/dhanish/fabric_sfc/caliper-bench/node_modules/fabric-common/lib/EventService.js:1051:16)
    at EventService._processTxEvents (/home/dhanish/fabric_sfc/caliper-bench/node_modules/fabric-common/lib/EventService.js:1006:12)
    at ClientDuplexStreamImpl.<anonymous> (/home/dhanish/fabric_sfc/caliper-bench/node_modules/fabric-common/lib/EventService.js:481:12)
    at ClientDuplexStreamImpl.emit (node:events:517:28)
    at addChunk (node:internal/streams/readable:368:12)
    at readableAddChunk (node:internal/streams/readable:341:9) {
  transactionId: '1966a7bc8478df8930cc529a6e09a95879761b2cd362f768ad1ee72bdabf10ec',
  transactionCode: 'MVCC_READ_CONFLICT'
}
2026.08.11-09:20:53.812[31m error[39m [caliper] [connectors/v2/FabricGateway] 	Failed to perform submit transaction [updateFinancierRLOffer] using arguments [User5,{"aprPct":13.71,"tenorDays":21,"ltvPct":70,"penaltyPct":0.5,"modelVersion":"caliper-workload"}],  with error: TransactionError: Commit of transaction af92ecf368fc64fc6e60d941cd8bc29fa582c8c77db0b97f4f50cdfc51671a1c failed on peer peer0.financiers.example.com:7051 with status MVCC_READ_CONFLICT
    at TransactionEventHandler.eventCallback (/home/dhanish/fabric_sfc/caliper-bench/node_modules/fabric-network/lib/impl/event/transactioneventhandler.js:111:31)
    at CommitListenerSession.notifyListener (/home/dhanish/fabric_sfc/caliper-bench/node_modules/fabric-network/lib/impl/event/commitlistenersession.js:101:18)
    at EventListener.callback (/home/dhanish/fabric_sfc/caliper-bench/node_modules/fabric-network/lib/impl/event/commitlistenersession.js:92:18)
    at EventListener.onEvent (/home/dhanish/fabric_sfc/caliper-bench/node_modules/fabric-common/lib/EventListener.js:124:10)
    at EventService._callTransactionListener (/home/dhanish/fabric_sfc/caliper-bench/node_modules/fabric-common/lib/EventService.js:1051:16)
    at EventService._processTxEvents (/home/dhanish/fabric_sfc/caliper-bench/node_modules/fabric-common/lib/EventService.js:1006:12)
    at ClientDuplexStreamImpl.<anonymous> (/home/dhanish/fabric_sfc/caliper-bench/node_modules/fabric-common/lib/EventService.js:481:12)
    at ClientDuplexStreamImpl.emit (node:events:517:28)
    at addChunk (node:internal/streams/readable:368:12)
    at readableAddChunk (node:internal/streams/readable:341:9)
2026.08.11-09:20:53.812[31m error[39m [caliper] [connectors/v2/FabricGateway] 	Failed to perform submit transaction [updateFinancierRLOffer] using arguments [User3,{"aprPct":12.67,"tenorDays":28,"ltvPct":70,"penaltyPct":0.5,"modelVersion":"caliper-workload"}],  with error: TransactionError: Commit of transaction f4d3ccd4a7e04df151ec8912d32b5a8d82309cbb5e28b6b3f399a3ac358845fa failed on peer peer0.financiers.example.com:7051 with status MVCC_READ_CONFLICT
    at TransactionEventHandler.eventCallback (/home/dhanish/fabric_sfc/caliper-bench/node_modules/fabric-network/lib/impl/event/transactioneventhandler.js:111:31)
    at CommitListenerSession.notifyListener (/home/dhanish/fabric_sfc/caliper-bench/node_modules/fabric-network/lib/impl/event/commitlistenersession.js:101:18)
    at EventListener.callback (/home/dhanish/fabric_sfc/caliper-bench/node_modules/fabric-network/lib/impl/event/commitlistenersession.js:92:18)
    at EventListener.onEvent (/home/dhanish/fabric_sfc/caliper-bench/node_modules/fabric-common/lib/EventListener.js:124:10)
    at EventService._callTransactionListener (/home/dhanish/fabric_sfc/caliper-bench/node_modules/fabric-common/lib/EventService.js:1051:16)
    at EventService._processTxEvents (/home/dhanish/fabric_sfc/caliper-bench/node_modules/fabric-common/lib/EventService.js:1006:12)
    at ClientDuplexStreamImpl.<anonymous> (/home/dhanish/fabric_sfc/caliper-bench/node_modules/fabric-common/lib/EventService.js:481:12)
    at ClientDuplexStreamImpl.emit (node:events:517:28)
    at addChunk (node:internal/streams/readable:368:12)
    at readableAddChunk (node:internal/streams/readable:341:9)
2026.08.11-09:20:53.813[31m error[39m [caliper] [connectors/v2/FabricGateway] 	Failed to perform submit transaction [updateFinancierRLOffer] using arguments [User3,{"aprPct":16.01,"tenorDays":28,"ltvPct":70,"penaltyPct":0.5,"modelVersion":"caliper-workload"}],  with error: TransactionError: Commit of transaction 9fce2882ca10f18f58d86e86306ea4fc6bec360489bb743d9ac1f500f8c51ced failed on peer peer0.financiers.example.com:7051 with status MVCC_READ_CONFLICT
    at TransactionEventHandler.eventCallback (/home/dhanish/fabric_sfc/caliper-bench/node_modules/fabric-network/lib/impl/event/transactioneventhandler.js:111:31)
    at CommitListenerSession.notifyListener (/home/dhanish/fabric_sfc/caliper-bench/node_modules/fabric-network/lib/impl/event/commitlistenersession.js:101:18)
    at EventListener.callback (/home/dhanish/fabric_sfc/caliper-bench/node_modules/fabric-network/lib/impl/event/commitlistenersession.js:92:18)
    at EventListener.onEvent (/home/dhanish/fabric_sfc/caliper-bench/node_modules/fabric-common/lib/EventListener.js:124:10)
    at EventService._callTransactionListener (/home/dhanish/fabric_sfc/caliper-bench/node_modules/fabric-common/lib/EventService.js:1051:16)
    at EventService._processTxEvents (/home/dhanish/fabric_sfc/caliper-bench/node_modules/fabric-common/lib/EventService.js:1006:12)
    at ClientDuplexStreamImpl.<anonymous> (/home/dhanish/fabric_sfc/caliper-bench/node_modules/fabric-common/lib/EventService.js:481:12)
    at ClientDuplexStreamImpl.emit (node:events:517:28)
    at addChunk (node:internal/streams/readable:368:12)
    at readableAddChunk (node:internal/streams/readable:341:9)
2026-08-11T09:20:53.813Z - [33mwarn[39m: [TransactionEventHandler]: strategyFail: commit failure for transaction "7cc34d5738e49fba1db828a029153ef7a45f36627e112300e4cceef0150f56aa": TransactionError: Commit of transaction 7cc34d5738e49fba1db828a029153ef7a45f36627e112300e4cceef0150f56aa failed on peer peer0.financiers.example.com:7051 with status MVCC_READ_CONFLICT
    at TransactionEventHandler.eventCallback (/home/dhanish/fabric_sfc/caliper-bench/node_modules/fabric-network/lib/impl/event/transactioneventhandler.js:111:31)
    at CommitListenerSession.notifyListener (/home/dhanish/fabric_sfc/caliper-bench/node_modules/fabric-network/lib/impl/event/commitlistenersession.js:101:18)
    at EventListener.callback (/home/dhanish/fabric_sfc/caliper-bench/node_modules/fabric-network/lib/impl/event/commitlistenersession.js:92:18)
    at EventListener.onEvent (/home/dhanish/fabric_sfc/caliper-bench/node_modules/fabric-common/lib/EventListener.js:124:10)
    at EventService._callTransactionListener (/home/dhanish/fabric_sfc/caliper-bench/node_modules/fabric-common/lib/EventService.js:1051:16)
    at EventService._processTxEvents (/home/dhanish/fabric_sfc/caliper-bench/node_modules/fabric-common/lib/EventService.js:1006:12)
    at ClientDuplexStreamImpl.<anonymous> (/home/dhanish/fabric_sfc/caliper-bench/node_modules/fabric-common/lib/EventService.js:481:12)
    at ClientDuplexStreamImpl.emit (node:events:517:28)
    at addChunk (node:internal/streams/readable:368:12)
    at readableAddChunk (node:internal/streams/readable:341:9) {
  transactionId: '7cc34d5738e49fba1db828a029153ef7a45f36627e112300e4cceef0150f56aa',
  transactionCode: 'MVCC_READ_CONFLICT'
}
2026.08.11-09:20:53.813[31m error[39m [caliper] [connectors/v2/FabricGateway] 	Failed to perform submit transaction [updateFinancierRLOffer] using arguments [User1,{"aprPct":13.63,"tenorDays":14,"ltvPct":70,"penaltyPct":0.5,"modelVersion":"caliper-workload"}],  with error: TransactionError: Commit of transaction 11344b2584a7e2620e4b0b14433b84b965e5c28f298008b0337d1ef9e54209f4 failed on peer peer0.financiers.example.com:7051 with status MVCC_READ_CONFLICT
    at TransactionEventHandler.eventCallback (/home/dhanish/fabric_sfc/caliper-bench/node_modules/fabric-network/lib/impl/event/transactioneventhandler.js:111:31)
    at CommitListenerSession.notifyListener (/home/dhanish/fabric_sfc/caliper-bench/node_modules/fabric-network/lib/impl/event/commitlistenersession.js:101:18)
    at EventListener.callback (/home/dhanish/fabric_sfc/caliper-bench/node_modules/fabric-network/lib/impl/event/commitlistenersession.js:92:18)
    at EventListener.onEvent (/home/dhanish/fabric_sfc/caliper-bench/node_modules/fabric-common/lib/EventListener.js:124:10)
    at EventService._callTransactionListener (/home/dhanish/fabric_sfc/caliper-bench/node_modules/fabric-common/lib/EventService.js:1051:16)
    at EventService._processTxEvents (/home/dhanish/fabric_sfc/caliper-bench/node_modules/fabric-common/lib/EventService.js:1006:12)
    at ClientDuplexStreamImpl.<anonymous> (/home/dhanish/fabric_sfc/caliper-bench/node_modules/fabric-common/lib/EventService.js:481:12)
    at ClientDuplexStreamImpl.emit (node:events:517:28)
    at addChunk (node:internal/streams/readable:368:12)
    at readableAddChunk (node:internal/streams/readable:341:9)
2026.08.11-09:20:53.813[31m error[39m [caliper] [connectors/v2/FabricGateway] 	Failed to perform submit transaction [updateFinancierRLOffer] using arguments [User1,{"aprPct":16.08,"tenorDays":14,"ltvPct":70,"penaltyPct":0.5,"modelVersion":"caliper-workload"}],  with error: TransactionError: Commit of transaction 1966a7bc8478df8930cc529a6e09a95879761b2cd362f768ad1ee72bdabf10ec failed on peer peer0.financiers.example.com:7051 with status MVCC_READ_CONFLICT
    at TransactionEventHandler.eventCallback (/home/dhanish/fabric_sfc/caliper-bench/node_modules/fabric-network/lib/impl/event/transactioneventhandler.js:111:31)
    at CommitListenerSession.notifyListener (/home/dhanish/fabric_sfc/caliper-bench/node_modules/fabric-network/lib/impl/event/commitlistenersession.js:101:18)
    at EventListener.callback (/home/dhanish/fabric_sfc/caliper-bench/node_modules/fabric-network/lib/impl/event/commitlistenersession.js:92:18)
    at EventListener.onEvent (/home/dhanish/fabric_sfc/caliper-bench/node_modules/fabric-common/lib/EventListener.js:124:10)
    at EventService._callTransactionListener (/home/dhanish/fabric_sfc/caliper-bench/node_modules/fabric-common/lib/EventService.js:1051:16)
    at EventService._processTxEvents (/home/dhanish/fabric_sfc/caliper-bench/node_modules/fabric-common/lib/EventService.js:1006:12)
    at ClientDuplexStreamImpl.<anonymous> (/home/dhanish/fabric_sfc/caliper-bench/node_modules/fabric-common/lib/EventService.js:481:12)
    at ClientDuplexStreamImpl.emit (node:events:517:28)
    at addChunk (node:internal/streams/readable:368:12)
    at readableAddChunk (node:internal/streams/readable:341:9)
2026.08.11-09:20:53.813[31m error[39m [caliper] [connectors/v2/FabricGateway] 	Failed to perform submit transaction [updateFinancierRLOffer] using arguments [User1,{"aprPct":14.41,"tenorDays":14,"ltvPct":70,"penaltyPct":0.5,"modelVersion":"caliper-workload"}],  with error: TransactionError: Commit of transaction 7cc34d5738e49fba1db828a029153ef7a45f36627e112300e4cceef0150f56aa failed on peer peer0.financiers.example.com:7051 with status MVCC_READ_CONFLICT
    at TransactionEventHandler.eventCallback (/home/dhanish/fabric_sfc/caliper-bench/node_modules/fabric-network/lib/impl/event/transactioneventhandler.js:111:31)
    at CommitListenerSession.notifyListener (/home/dhanish/fabric_sfc/caliper-bench/node_modules/fabric-network/lib/impl/event/commitlistenersession.js:101:18)
    at EventListener.callback (/home/dhanish/fabric_sfc/caliper-bench/node_modules/fabric-network/lib/impl/event/commitlistenersession.js:92:18)
    at EventListener.onEvent (/home/dhanish/fabric_sfc/caliper-bench/node_modules/fabric-common/lib/EventListener.js:124:10)
    at EventService._callTransactionListener (/home/dhanish/fabric_sfc/caliper-bench/node_modules/fabric-common/lib/EventService.js:1051:16)
    at EventService._processTxEvents (/home/dhanish/fabric_sfc/caliper-bench/node_modules/fabric-common/lib/EventService.js:1006:12)
    at ClientDuplexStreamImpl.<anonymous> (/home/dhanish/fabric_sfc/caliper-bench/node_modules/fabric-common/lib/EventService.js:481:12)
    at ClientDuplexStreamImpl.emit (node:events:517:28)
    at addChunk (node:internal/streams/readable:368:12)
    at readableAddChunk (node:internal/streams/readable:341:9)
2026-08-11T09:20:53.813Z - [33mwarn[39m: [TransactionEventHandler]: strategyFail: commit failure for transaction "5a59dcbf412419f9581bf27605c930d589cdc9cb42d2059b1824f0025094dbdd": TransactionError: Commit of transaction 5a59dcbf412419f9581bf27605c930d589cdc9cb42d2059b1824f0025094dbdd failed on peer peer0.financiers.example.com:7051 with status MVCC_READ_CONFLICT
    at TransactionEventHandler.eventCallback (/home/dhanish/fabric_sfc/caliper-bench/node_modules/fabric-network/lib/impl/event/transactioneventhandler.js:111:31)
    at CommitListenerSession.notifyListener (/home/dhanish/fabric_sfc/caliper-bench/node_modules/fabric-network/lib/impl/event/commitlistenersession.js:101:18)
    at EventListener.callback (/home/dhanish/fabric_sfc/caliper-bench/node_modules/fabric-network/lib/impl/event/commitlistenersession.js:92:18)
    at EventListener.onEvent (/home/dhanish/fabric_sfc/caliper-bench/node_modules/fabric-common/lib/EventListener.js:124:10)
    at EventService._callTransactionListener (/home/dhanish/fabric_sfc/caliper-bench/node_modules/fabric-common/lib/EventService.js:1051:16)
    at EventService._processTxEvents (/home/dhanish/fabric_sfc/caliper-bench/node_modules/fabric-common/lib/EventService.js:1006:12)
    at ClientDuplexStreamImpl.<anonymous> (/home/dhanish/fabric_sfc/caliper-bench/node_modules/fabric-common/lib/EventService.js:481:12)
    at ClientDuplexStreamImpl.emit (node:events:517:28)
    at addChunk (node:internal/streams/readable:368:12)
    at readableAddChunk (node:internal/streams/readable:341:9) {
  transactionId: '5a59dcbf412419f9581bf27605c930d589cdc9cb42d2059b1824f0025094dbdd',
  transactionCode: 'MVCC_READ_CONFLICT'
}
2026.08.11-09:20:53.814[31m error[39m [caliper] [connectors/v2/FabricGateway] 	Failed to perform submit transaction [updateFinancierRLOffer] using arguments [User4,{"aprPct":16.76,"tenorDays":14,"ltvPct":70,"penaltyPct":0.5,"modelVersion":"caliper-workload"}],  with error: TransactionError: Commit of transaction 5a59dcbf412419f9581bf27605c930d589cdc9cb42d2059b1824f0025094dbdd failed on peer peer0.financiers.example.com:7051 with status MVCC_READ_CONFLICT
    at TransactionEventHandler.eventCallback (/home/dhanish/fabric_sfc/caliper-bench/node_modules/fabric-network/lib/impl/event/transactioneventhandler.js:111:31)
    at CommitListenerSession.notifyListener (/home/dhanish/fabric_sfc/caliper-bench/node_modules/fabric-network/lib/impl/event/commitlistenersession.js:101:18)
    at EventListener.callback (/home/dhanish/fabric_sfc/caliper-bench/node_modules/fabric-network/lib/impl/event/commitlistenersession.js:92:18)
    at EventListener.onEvent (/home/dhanish/fabric_sfc/caliper-bench/node_modules/fabric-common/lib/EventListener.js:124:10)
    at EventService._callTransactionListener (/home/dhanish/fabric_sfc/caliper-bench/node_modules/fabric-common/lib/EventService.js:1051:16)
    at EventService._processTxEvents (/home/dhanish/fabric_sfc/caliper-bench/node_modules/fabric-common/lib/EventService.js:1006:12)
    at ClientDuplexStreamImpl.<anonymous> (/home/dhanish/fabric_sfc/caliper-bench/node_modules/fabric-common/lib/EventService.js:481:12)
    at ClientDuplexStreamImpl.emit (node:events:517:28)
    at addChunk (node:internal/streams/readable:368:12)
    at readableAddChunk (node:internal/streams/readable:341:9)
2026-08-11T09:20:53.840Z - [33mwarn[39m: [TransactionEventHandler]: strategyFail: commit failure for transaction "16480487c14a45f7d496170a2df4f589ff31cd6dcdc4ee41c9284ecbafdebcfd": TransactionError: Commit of transaction 16480487c14a45f7d496170a2df4f589ff31cd6dcdc4ee41c9284ecbafdebcfd failed on peer peer0.financiers.example.com:7051 with status MVCC_READ_CONFLICT
    at TransactionEventHandler.eventCallback (/home/dhanish/fabric_sfc/caliper-bench/node_modules/fabric-network/lib/impl/event/transactioneventhandler.js:111:31)
    at CommitListenerSession.notifyListener (/home/dhanish/fabric_sfc/caliper-bench/node_modules/fabric-network/lib/impl/event/commitlistenersession.js:101:18)
    at EventListener.callback (/home/dhanish/fabric_sfc/caliper-bench/node_modules/fabric-network/lib/impl/event/commitlistenersession.js:92:18)
    at EventListener.onEvent (/home/dhanish/fabric_sfc/caliper-bench/node_modules/fabric-common/lib/EventListener.js:124:10)
    at EventService._callTransactionListener (/home/dhanish/fabric_sfc/caliper-bench/node_modules/fabric-common/lib/EventService.js:1051:16)
    at EventService._processTxEvents (/home/dhanish/fabric_sfc/caliper-bench/node_modules/fabric-common/lib/EventService.js:1006:12)
    at ClientDuplexStreamImpl.<anonymous> (/home/dhanish/fabric_sfc/caliper-bench/node_modules/fabric-common/lib/EventService.js:481:12)
    at ClientDuplexStreamImpl.emit (node:events:517:28)
    at addChunk (node:internal/streams/readable:368:12)
    at readableAddChunk (node:internal/streams/readable:341:9) {
  transactionId: '16480487c14a45f7d496170a2df4f589ff31cd6dcdc4ee41c9284ecbafdebcfd',
  transactionCode: 'MVCC_READ_CONFLICT'
}
2026-08-11T09:20:53.840Z - [33mwarn[39m: [TransactionEventHandler]: strategyFail: commit failure for transaction "1da08fd81c97ba3c703f3a73e9fa6cac11f4bef8c856d2f4ddd80843ace0d122": TransactionError: Commit of transaction 1da08fd81c97ba3c703f3a73e9fa6cac11f4bef8c856d2f4ddd80843ace0d122 failed on peer peer0.financiers.example.com:7051 with status MVCC_READ_CONFLICT
    at TransactionEventHandler.eventCallback (/home/dhanish/fabric_sfc/caliper-bench/node_modules/fabric-network/lib/impl/event/transactioneventhandler.js:111:31)
    at CommitListenerSession.notifyListener (/home/dhanish/fabric_sfc/caliper-bench/node_modules/fabric-network/lib/impl/event/commitlistenersession.js:101:18)
    at EventListener.callback (/home/dhanish/fabric_sfc/caliper-bench/node_modules/fabric-network/lib/impl/event/commitlistenersession.js:92:18)
    at EventListener.onEvent (/home/dhanish/fabric_sfc/caliper-bench/node_modules/fabric-common/lib/EventListener.js:124:10)
    at EventService._callTransactionListener (/home/dhanish/fabric_sfc/caliper-bench/node_modules/fabric-common/lib/EventService.js:1051:16)
    at EventService._processTxEvents (/home/dhanish/fabric_sfc/caliper-bench/node_modules/fabric-common/lib/EventService.js:1006:12)
    at ClientDuplexStreamImpl.<anonymous> (/home/dhanish/fabric_sfc/caliper-bench/node_modules/fabric-common/lib/EventService.js:481:12)
    at ClientDuplexStreamImpl.emit (node:events:517:28)
    at addChunk (node:internal/streams/readable:368:12)
    at readableAddChunk (node:internal/streams/readable:341:9) {
  transactionId: '1da08fd81c97ba3c703f3a73e9fa6cac11f4bef8c856d2f4ddd80843ace0d122',
  transactionCode: 'MVCC_READ_CONFLICT'
}
2026-08-11T09:20:53.840Z - [33mwarn[39m: [TransactionEventHandler]: strategyFail: commit failure for transaction "ee3f262b5a77b51de7baa9e8105a6a0f45b7758b3299db1cd6ff69cbd91df7c8": TransactionError: Commit of transaction ee3f262b5a77b51de7baa9e8105a6a0f45b7758b3299db1cd6ff69cbd91df7c8 failed on peer peer0.financiers.example.com:7051 with status MVCC_READ_CONFLICT
    at TransactionEventHandler.eventCallback (/home/dhanish/fabric_sfc/caliper-bench/node_modules/fabric-network/lib/impl/event/transactioneventhandler.js:111:31)
    at CommitListenerSession.notifyListener (/home/dhanish/fabric_sfc/caliper-bench/node_modules/fabric-network/lib/impl/event/commitlistenersession.js:101:18)
    at EventListener.callback (/home/dhanish/fabric_sfc/caliper-bench/node_modules/fabric-network/lib/impl/event/commitlistenersession.js:92:18)
    at EventListener.onEvent (/home/dhanish/fabric_sfc/caliper-bench/node_modules/fabric-common/lib/EventListener.js:124:10)
    at EventService._callTransactionListener (/home/dhanish/fabric_sfc/caliper-bench/node_modules/fabric-common/lib/EventService.js:1051:16)
    at EventService._processTxEvents (/home/dhanish/fabric_sfc/caliper-bench/node_modules/fabric-common/lib/EventService.js:1006:12)
    at ClientDuplexStreamImpl.<anonymous> (/home/dhanish/fabric_sfc/caliper-bench/node_modules/fabric-common/lib/EventService.js:481:12)
    at ClientDuplexStreamImpl.emit (node:events:517:28)
    at addChunk (node:internal/streams/readable:368:12)
    at readableAddChunk (node:internal/streams/readable:341:9) {
  transactionId: 'ee3f262b5a77b51de7baa9e8105a6a0f45b7758b3299db1cd6ff69cbd91df7c8',
  transactionCode: 'MVCC_READ_CONFLICT'
}
2026-08-11T09:20:53.841Z - [33mwarn[39m: [TransactionEventHandler]: strategyFail: commit failure for transaction "e37876dfd93667e2e1748f2b0424f23bfc6ac4ed8244ce2fe7bef6ad1b952ee3": TransactionError: Commit of transaction e37876dfd93667e2e1748f2b0424f23bfc6ac4ed8244ce2fe7bef6ad1b952ee3 failed on peer peer0.financiers.example.com:7051 with status MVCC_READ_CONFLICT
    at TransactionEventHandler.eventCallback (/home/dhanish/fabric_sfc/caliper-bench/node_modules/fabric-network/lib/impl/event/transactioneventhandler.js:111:31)
    at CommitListenerSession.notifyListener (/home/dhanish/fabric_sfc/caliper-bench/node_modules/fabric-network/lib/impl/event/commitlistenersession.js:101:18)
    at EventListener.callback (/home/dhanish/fabric_sfc/caliper-bench/node_modules/fabric-network/lib/impl/event/commitlistenersession.js:92:18)
    at EventListener.onEvent (/home/dhanish/fabric_sfc/caliper-bench/node_modules/fabric-common/lib/EventListener.js:124:10)
    at EventService._callTransactionListener (/home/dhanish/fabric_sfc/caliper-bench/node_modules/fabric-common/lib/EventService.js:1051:16)
    at EventService._processTxEvents (/home/dhanish/fabric_sfc/caliper-bench/node_modules/fabric-common/lib/EventService.js:1006:12)
    at ClientDuplexStreamImpl.<anonymous> (/home/dhanish/fabric_sfc/caliper-bench/node_modules/fabric-common/lib/EventService.js:481:12)
    at ClientDuplexStreamImpl.emit (node:events:517:28)
    at addChunk (node:internal/streams/readable:368:12)
    at readableAddChunk (node:internal/streams/readable:341:9) {
  transactionId: 'e37876dfd93667e2e1748f2b0424f23bfc6ac4ed8244ce2fe7bef6ad1b952ee3',
  transactionCode: 'MVCC_READ_CONFLICT'
}
2026-08-11T09:20:53.841Z - [33mwarn[39m: [TransactionEventHandler]: strategyFail: commit failure for transaction "ee18ceb26cb216dd76db1452e0e9020014ed3441a125ec0146ec0b12a7080a35": TransactionError: Commit of transaction ee18ceb26cb216dd76db1452e0e9020014ed3441a125ec0146ec0b12a7080a35 failed on peer peer0.financiers.example.com:7051 with status MVCC_READ_CONFLICT
    at TransactionEventHandler.eventCallback (/home/dhanish/fabric_sfc/caliper-bench/node_modules/fabric-network/lib/impl/event/transactioneventhandler.js:111:31)
    at CommitListenerSession.notifyListener (/home/dhanish/fabric_sfc/caliper-bench/node_modules/fabric-network/lib/impl/event/commitlistenersession.js:101:18)
    at EventListener.callback (/home/dhanish/fabric_sfc/caliper-bench/node_modules/fabric-network/lib/impl/event/commitlistenersession.js:92:18)
    at EventListener.onEvent (/home/dhanish/fabric_sfc/caliper-bench/node_modules/fabric-common/lib/EventListener.js:124:10)
    at EventService._callTransactionListener (/home/dhanish/fabric_sfc/caliper-bench/node_modules/fabric-common/lib/EventService.js:1051:16)
    at EventService._processTxEvents (/home/dhanish/fabric_sfc/caliper-bench/node_modules/fabric-common/lib/EventService.js:1006:12)
    at ClientDuplexStreamImpl.<anonymous> (/home/dhanish/fabric_sfc/caliper-bench/node_modules/fabric-common/lib/EventService.js:481:12)
    at ClientDuplexStreamImpl.emit (node:events:517:28)
    at addChunk (node:internal/streams/readable:368:12)
    at readableAddChunk (node:internal/streams/readable:341:9) {
  transactionId: 'ee18ceb26cb216dd76db1452e0e9020014ed3441a125ec0146ec0b12a7080a35',
  transactionCode: 'MVCC_READ_CONFLICT'
}
2026-08-11T09:20:53.841Z - [33mwarn[39m: [TransactionEventHandler]: strategyFail: commit failure for transaction "26cb67c4d5884e7edfbc615e90de2eb9f021a9cb16caca97b83065a3d658bb47": TransactionError: Commit of transaction 26cb67c4d5884e7edfbc615e90de2eb9f021a9cb16caca97b83065a3d658bb47 failed on peer peer0.financiers.example.com:7051 with status MVCC_READ_CONFLICT
    at TransactionEventHandler.eventCallback (/home/dhanish/fabric_sfc/caliper-bench/node_modules/fabric-network/lib/impl/event/transactioneventhandler.js:111:31)
    at CommitListenerSession.notifyListener (/home/dhanish/fabric_sfc/caliper-bench/node_modules/fabric-network/lib/impl/event/commitlistenersession.js:101:18)
    at EventListener.callback (/home/dhanish/fabric_sfc/caliper-bench/node_modules/fabric-network/lib/impl/event/commitlistenersession.js:92:18)
    at EventListener.onEvent (/home/dhanish/fabric_sfc/caliper-bench/node_modules/fabric-common/lib/EventListener.js:124:10)
    at EventService._callTransactionListener (/home/dhanish/fabric_sfc/caliper-bench/node_modules/fabric-common/lib/EventService.js:1051:16)
    at EventService._processTxEvents (/home/dhanish/fabric_sfc/caliper-bench/node_modules/fabric-common/lib/EventService.js:1006:12)
    at ClientDuplexStreamImpl.<anonymous> (/home/dhanish/fabric_sfc/caliper-bench/node_modules/fabric-common/lib/EventService.js:481:12)
    at ClientDuplexStreamImpl.emit (node:events:517:28)
    at addChunk (node:internal/streams/readable:368:12)
    at readableAddChunk (node:internal/streams/readable:341:9) {
  transactionId: '26cb67c4d5884e7edfbc615e90de2eb9f021a9cb16caca97b83065a3d658bb47',
  transactionCode: 'MVCC_READ_CONFLICT'
}
2026.08.11-09:20:53.841[31m error[39m [caliper] [connectors/v2/FabricGateway] 	Failed to perform submit transaction [updateFinancierRLOffer] using arguments [User3,{"aprPct":17.4,"tenorDays":28,"ltvPct":70,"penaltyPct":0.5,"modelVersion":"caliper-workload"}],  with error: TransactionError: Commit of transaction 16480487c14a45f7d496170a2df4f589ff31cd6dcdc4ee41c9284ecbafdebcfd failed on peer peer0.financiers.example.com:7051 with status MVCC_READ_CONFLICT
    at TransactionEventHandler.eventCallback (/home/dhanish/fabric_sfc/caliper-bench/node_modules/fabric-network/lib/impl/event/transactioneventhandler.js:111:31)
    at CommitListenerSession.notifyListener (/home/dhanish/fabric_sfc/caliper-bench/node_modules/fabric-network/lib/impl/event/commitlistenersession.js:101:18)
    at EventListener.callback (/home/dhanish/fabric_sfc/caliper-bench/node_modules/fabric-network/lib/impl/event/commitlistenersession.js:92:18)
    at EventListener.onEvent (/home/dhanish/fabric_sfc/caliper-bench/node_modules/fabric-common/lib/EventListener.js:124:10)
    at EventService._callTransactionListener (/home/dhanish/fabric_sfc/caliper-bench/node_modules/fabric-common/lib/EventService.js:1051:16)
    at EventService._processTxEvents (/home/dhanish/fabric_sfc/caliper-bench/node_modules/fabric-common/lib/EventService.js:1006:12)
    at ClientDuplexStreamImpl.<anonymous> (/home/dhanish/fabric_sfc/caliper-bench/node_modules/fabric-common/lib/EventService.js:481:12)
    at ClientDuplexStreamImpl.emit (node:events:517:28)
    at addChunk (node:internal/streams/readable:368:12)
    at readableAddChunk (node:internal/streams/readable:341:9)
2026-08-11T09:20:53.841Z - [33mwarn[39m: [TransactionEventHandler]: strategyFail: commit failure for transaction "4fa190cfe465374c9d07009d9adf89c005190de7120a0e169f9b51fdef4ab864": TransactionError: Commit of transaction 4fa190cfe465374c9d07009d9adf89c005190de7120a0e169f9b51fdef4ab864 failed on peer peer0.financiers.example.com:7051 with status MVCC_READ_CONFLICT
    at TransactionEventHandler.eventCallback (/home/dhanish/fabric_sfc/caliper-bench/node_modules/fabric-network/lib/impl/event/transactioneventhandler.js:111:31)
    at CommitListenerSession.notifyListener (/home/dhanish/fabric_sfc/caliper-bench/node_modules/fabric-network/lib/impl/event/commitlistenersession.js:101:18)
    at EventListener.callback (/home/dhanish/fabric_sfc/caliper-bench/node_modules/fabric-network/lib/impl/event/commitlistenersession.js:92:18)
    at EventListener.onEvent (/home/dhanish/fabric_sfc/caliper-bench/node_modules/fabric-common/lib/EventListener.js:124:10)
    at EventService._callTransactionListener (/home/dhanish/fabric_sfc/caliper-bench/node_modules/fabric-common/lib/EventService.js:1051:16)
    at EventService._processTxEvents (/home/dhanish/fabric_sfc/caliper-bench/node_modules/fabric-common/lib/EventService.js:1006:12)
    at ClientDuplexStreamImpl.<anonymous> (/home/dhanish/fabric_sfc/caliper-bench/node_modules/fabric-common/lib/EventService.js:481:12)
    at ClientDuplexStreamImpl.emit (node:events:517:28)
    at addChunk (node:internal/streams/readable:368:12)
    at readableAddChunk (node:internal/streams/readable:341:9) {
  transactionId: '4fa190cfe465374c9d07009d9adf89c005190de7120a0e169f9b51fdef4ab864',
  transactionCode: 'MVCC_READ_CONFLICT'
}
2026.08.11-09:20:53.841[31m error[39m [caliper] [connectors/v2/FabricGateway] 	Failed to perform submit transaction [updateFinancierRLOffer] using arguments [User3,{"aprPct":14.31,"tenorDays":28,"ltvPct":70,"penaltyPct":0.5,"modelVersion":"caliper-workload"}],  with error: TransactionError: Commit of transaction ee3f262b5a77b51de7baa9e8105a6a0f45b7758b3299db1cd6ff69cbd91df7c8 failed on peer peer0.financiers.example.com:7051 with status MVCC_READ_CONFLICT
    at TransactionEventHandler.eventCallback (/home/dhanish/fabric_sfc/caliper-bench/node_modules/fabric-network/lib/impl/event/transactioneventhandler.js:111:31)
    at CommitListenerSession.notifyListener (/home/dhanish/fabric_sfc/caliper-bench/node_modules/fabric-network/lib/impl/event/commitlistenersession.js:101:18)
    at EventListener.callback (/home/dhanish/fabric_sfc/caliper-bench/node_modules/fabric-network/lib/impl/event/commitlistenersession.js:92:18)
    at EventListener.onEvent (/home/dhanish/fabric_sfc/caliper-bench/node_modules/fabric-common/lib/EventListener.js:124:10)
    at EventService._callTransactionListener (/home/dhanish/fabric_sfc/caliper-bench/node_modules/fabric-common/lib/EventService.js:1051:16)
    at EventService._processTxEvents (/home/dhanish/fabric_sfc/caliper-bench/node_modules/fabric-common/lib/EventService.js:1006:12)
    at ClientDuplexStreamImpl.<anonymous> (/home/dhanish/fabric_sfc/caliper-bench/node_modules/fabric-common/lib/EventService.js:481:12)
    at ClientDuplexStreamImpl.emit (node:events:517:28)
    at addChunk (node:internal/streams/readable:368:12)
    at readableAddChunk (node:internal/streams/readable:341:9)
2026.08.11-09:20:53.841[31m error[39m [caliper] [connectors/v2/FabricGateway] 	Failed to perform submit transaction [updateFinancierRLOffer] using arguments [User4,{"aprPct":17.12,"tenorDays":14,"ltvPct":70,"penaltyPct":0.5,"modelVersion":"caliper-workload"}],  with error: TransactionError: Commit of transaction 1da08fd81c97ba3c703f3a73e9fa6cac11f4bef8c856d2f4ddd80843ace0d122 failed on peer peer0.financiers.example.com:7051 with status MVCC_READ_CONFLICT
    at TransactionEventHandler.eventCallback (/home/dhanish/fabric_sfc/caliper-bench/node_modules/fabric-network/lib/impl/event/transactioneventhandler.js:111:31)
    at CommitListenerSession.notifyListener (/home/dhanish/fabric_sfc/caliper-bench/node_modules/fabric-network/lib/impl/event/commitlistenersession.js:101:18)
    at EventListener.callback (/home/dhanish/fabric_sfc/caliper-bench/node_modules/fabric-network/lib/impl/event/commitlistenersession.js:92:18)
    at EventListener.onEvent (/home/dhanish/fabric_sfc/caliper-bench/node_modules/fabric-common/lib/EventListener.js:124:10)
    at EventService._callTransactionListener (/home/dhanish/fabric_sfc/caliper-bench/node_modules/fabric-common/lib/EventService.js:1051:16)
    at EventService._processTxEvents (/home/dhanish/fabric_sfc/caliper-bench/node_modules/fabric-common/lib/EventService.js:1006:12)
    at ClientDuplexStreamImpl.<anonymous> (/home/dhanish/fabric_sfc/caliper-bench/node_modules/fabric-common/lib/EventService.js:481:12)
    at ClientDuplexStreamImpl.emit (node:events:517:28)
    at addChunk (node:internal/streams/readable:368:12)
    at readableAddChunk (node:internal/streams/readable:341:9)
2026.08.11-09:20:53.841[31m error[39m [caliper] [connectors/v2/FabricGateway] 	Failed to perform submit transaction [updateFinancierRLOffer] using arguments [User4,{"aprPct":14.49,"tenorDays":14,"ltvPct":70,"penaltyPct":0.5,"modelVersion":"caliper-workload"}],  with error: TransactionError: Commit of transaction e37876dfd93667e2e1748f2b0424f23bfc6ac4ed8244ce2fe7bef6ad1b952ee3 failed on peer peer0.financiers.example.com:7051 with status MVCC_READ_CONFLICT
    at TransactionEventHandler.eventCallback (/home/dhanish/fabric_sfc/caliper-bench/node_modules/fabric-network/lib/impl/event/transactioneventhandler.js:111:31)
    at CommitListenerSession.notifyListener (/home/dhanish/fabric_sfc/caliper-bench/node_modules/fabric-network/lib/impl/event/commitlistenersession.js:101:18)
    at EventListener.callback (/home/dhanish/fabric_sfc/caliper-bench/node_modules/fabric-network/lib/impl/event/commitlistenersession.js:92:18)
    at EventListener.onEvent (/home/dhanish/fabric_sfc/caliper-bench/node_modules/fabric-common/lib/EventListener.js:124:10)
    at EventService._callTransactionListener (/home/dhanish/fabric_sfc/caliper-bench/node_modules/fabric-common/lib/EventService.js:1051:16)
    at EventService._processTxEvents (/home/dhanish/fabric_sfc/caliper-bench/node_modules/fabric-common/lib/EventService.js:1006:12)
    at ClientDuplexStreamImpl.<anonymous> (/home/dhanish/fabric_sfc/caliper-bench/node_modules/fabric-common/lib/EventService.js:481:12)
    at ClientDuplexStreamImpl.emit (node:events:517:28)
    at addChunk (node:internal/streams/readable:368:12)
    at readableAddChunk (node:internal/streams/readable:341:9)
2026.08.11-09:20:53.841[31m error[39m [caliper] [connectors/v2/FabricGateway] 	Failed to perform submit transaction [updateFinancierRLOffer] using arguments [User2,{"aprPct":17.95,"tenorDays":21,"ltvPct":70,"penaltyPct":0.5,"modelVersion":"caliper-workload"}],  with error: TransactionError: Commit of transaction ee18ceb26cb216dd76db1452e0e9020014ed3441a125ec0146ec0b12a7080a35 failed on peer peer0.financiers.example.com:7051 with status MVCC_READ_CONFLICT
    at TransactionEventHandler.eventCallback (/home/dhanish/fabric_sfc/caliper-bench/node_modules/fabric-network/lib/impl/event/transactioneventhandler.js:111:31)
    at CommitListenerSession.notifyListener (/home/dhanish/fabric_sfc/caliper-bench/node_modules/fabric-network/lib/impl/event/commitlistenersession.js:101:18)
    at EventListener.callback (/home/dhanish/fabric_sfc/caliper-bench/node_modules/fabric-network/lib/impl/event/commitlistenersession.js:92:18)
    at EventListener.onEvent (/home/dhanish/fabric_sfc/caliper-bench/node_modules/fabric-common/lib/EventListener.js:124:10)
    at EventService._callTransactionListener (/home/dhanish/fabric_sfc/caliper-bench/node_modules/fabric-common/lib/EventService.js:1051:16)
    at EventService._processTxEvents (/home/dhanish/fabric_sfc/caliper-bench/node_modules/fabric-common/lib/EventService.js:1006:12)
    at ClientDuplexStreamImpl.<anonymous> (/home/dhanish/fabric_sfc/caliper-bench/node_modules/fabric-common/lib/EventService.js:481:12)
    at ClientDuplexStreamImpl.emit (node:events:517:28)
    at addChunk (node:internal/streams/readable:368:12)
    at readableAddChunk (node:internal/streams/readable:341:9)
2026-08-11T09:20:53.841Z - [33mwarn[39m: [TransactionEventHandler]: strategyFail: commit failure for transaction "f04c6fae3069e50e1ef3fa97bc7c18659b923b3ef8efe23b4666112a2b972f9b": TransactionError: Commit of transaction f04c6fae3069e50e1ef3fa97bc7c18659b923b3ef8efe23b4666112a2b972f9b failed on peer peer0.financiers.example.com:7051 with status MVCC_READ_CONFLICT
    at TransactionEventHandler.eventCallback (/home/dhanish/fabric_sfc/caliper-bench/node_modules/fabric-network/lib/impl/event/transactioneventhandler.js:111:31)
    at CommitListenerSession.notifyListener (/home/dhanish/fabric_sfc/caliper-bench/node_modules/fabric-network/lib/impl/event/commitlistenersession.js:101:18)
    at EventListener.callback (/home/dhanish/fabric_sfc/caliper-bench/node_modules/fabric-network/lib/impl/event/commitlistenersession.js:92:18)
    at EventListener.onEvent (/home/dhanish/fabric_sfc/caliper-bench/node_modules/fabric-common/lib/EventListener.js:124:10)
    at EventService._callTransactionListener (/home/dhanish/fabric_sfc/caliper-bench/node_modules/fabric-common/lib/EventService.js:1051:16)
    at EventService._processTxEvents (/home/dhanish/fabric_sfc/caliper-bench/node_modules/fabric-common/lib/EventService.js:1006:12)
    at ClientDuplexStreamImpl.<anonymous> (/home/dhanish/fabric_sfc/caliper-bench/node_modules/fabric-common/lib/EventService.js:481:12)
    at ClientDuplexStreamImpl.emit (node:events:517:28)
    at addChunk (node:internal/streams/readable:368:12)
    at readableAddChunk (node:internal/streams/readable:341:9) {
  transactionId: 'f04c6fae3069e50e1ef3fa97bc7c18659b923b3ef8efe23b4666112a2b972f9b',
  transactionCode: 'MVCC_READ_CONFLICT'
}
2026-08-11T09:20:53.841Z - [33mwarn[39m: [TransactionEventHandler]: strategyFail: commit failure for transaction "53fc0985e1df7e87a544720369f3c875181e8ea7c1ba3a7a566619fcd64e9740": TransactionError: Commit of transaction 53fc0985e1df7e87a544720369f3c875181e8ea7c1ba3a7a566619fcd64e9740 failed on peer peer0.financiers.example.com:7051 with status MVCC_READ_CONFLICT
    at TransactionEventHandler.eventCallback (/home/dhanish/fabric_sfc/caliper-bench/node_modules/fabric-network/lib/impl/event/transactioneventhandler.js:111:31)
    at CommitListenerSession.notifyListener (/home/dhanish/fabric_sfc/caliper-bench/node_modules/fabric-network/lib/impl/event/commitlistenersession.js:101:18)
    at EventListener.callback (/home/dhanish/fabric_sfc/caliper-bench/node_modules/fabric-network/lib/impl/event/commitlistenersession.js:92:18)
    at EventListener.onEvent (/home/dhanish/fabric_sfc/caliper-bench/node_modules/fabric-common/lib/EventListener.js:124:10)
    at EventService._callTransactionListener (/home/dhanish/fabric_sfc/caliper-bench/node_modules/fabric-common/lib/EventService.js:1051:16)
    at EventService._processTxEvents (/home/dhanish/fabric_sfc/caliper-bench/node_modules/fabric-common/lib/EventService.js:1006:12)
    at ClientDuplexStreamImpl.<anonymous> (/home/dhanish/fabric_sfc/caliper-bench/node_modules/fabric-common/lib/EventService.js:481:12)
    at ClientDuplexStreamImpl.emit (node:events:517:28)
    at addChunk (node:internal/streams/readable:368:12)
    at readableAddChunk (node:internal/streams/readable:341:9) {
  transactionId: '53fc0985e1df7e87a544720369f3c875181e8ea7c1ba3a7a566619fcd64e9740',
  transactionCode: 'MVCC_READ_CONFLICT'
}
2026.08.11-09:20:53.841[31m error[39m [caliper] [connectors/v2/FabricGateway] 	Failed to perform submit transaction [updateFinancierRLOffer] using arguments [User2,{"aprPct":16.99,"tenorDays":21,"ltvPct":70,"penaltyPct":0.5,"modelVersion":"caliper-workload"}],  with error: TransactionError: Commit of transaction 4fa190cfe465374c9d07009d9adf89c005190de7120a0e169f9b51fdef4ab864 failed on peer peer0.financiers.example.com:7051 with status MVCC_READ_CONFLICT
    at TransactionEventHandler.eventCallback (/home/dhanish/fabric_sfc/caliper-bench/node_modules/fabric-network/lib/impl/event/transactioneventhandler.js:111:31)
    at CommitListenerSession.notifyListener (/home/dhanish/fabric_sfc/caliper-bench/node_modules/fabric-network/lib/impl/event/commitlistenersession.js:101:18)
    at EventListener.callback (/home/dhanish/fabric_sfc/caliper-bench/node_modules/fabric-network/lib/impl/event/commitlistenersession.js:92:18)
    at EventListener.onEvent (/home/dhanish/fabric_sfc/caliper-bench/node_modules/fabric-common/lib/EventListener.js:124:10)
    at EventService._callTransactionListener (/home/dhanish/fabric_sfc/caliper-bench/node_modules/fabric-common/lib/EventService.js:1051:16)
    at EventService._processTxEvents (/home/dhanish/fabric_sfc/caliper-bench/node_modules/fabric-common/lib/EventService.js:1006:12)
    at ClientDuplexStreamImpl.<anonymous> (/home/dhanish/fabric_sfc/caliper-bench/node_modules/fabric-common/lib/EventService.js:481:12)
    at ClientDuplexStreamImpl.emit (node:events:517:28)
    at addChunk (node:internal/streams/readable:368:12)
    at readableAddChunk (node:internal/streams/readable:341:9)
2026.08.11-09:20:53.842[31m error[39m [caliper] [connectors/v2/FabricGateway] 	Failed to perform submit transaction [updateFinancierRLOffer] using arguments [User5,{"aprPct":17.09,"tenorDays":21,"ltvPct":70,"penaltyPct":0.5,"modelVersion":"caliper-workload"}],  with error: TransactionError: Commit of transaction 26cb67c4d5884e7edfbc615e90de2eb9f021a9cb16caca97b83065a3d658bb47 failed on peer peer0.financiers.example.com:7051 with status MVCC_READ_CONFLICT
    at TransactionEventHandler.eventCallback (/home/dhanish/fabric_sfc/caliper-bench/node_modules/fabric-network/lib/impl/event/transactioneventhandler.js:111:31)
    at CommitListenerSession.notifyListener (/home/dhanish/fabric_sfc/caliper-bench/node_modules/fabric-network/lib/impl/event/commitlistenersession.js:101:18)
    at EventListener.callback (/home/dhanish/fabric_sfc/caliper-bench/node_modules/fabric-network/lib/impl/event/commitlistenersession.js:92:18)
    at EventListener.onEvent (/home/dhanish/fabric_sfc/caliper-bench/node_modules/fabric-common/lib/EventListener.js:124:10)
    at EventService._callTransactionListener (/home/dhanish/fabric_sfc/caliper-bench/node_modules/fabric-common/lib/EventService.js:1051:16)
    at EventService._processTxEvents (/home/dhanish/fabric_sfc/caliper-bench/node_modules/fabric-common/lib/EventService.js:1006:12)
    at ClientDuplexStreamImpl.<anonymous> (/home/dhanish/fabric_sfc/caliper-bench/node_modules/fabric-common/lib/EventService.js:481:12)
    at ClientDuplexStreamImpl.emit (node:events:517:28)
    at addChunk (node:internal/streams/readable:368:12)
    at readableAddChunk (node:internal/streams/readable:341:9)
2026.08.11-09:20:53.842[31m error[39m [caliper] [connectors/v2/FabricGateway] 	Failed to perform submit transaction [updateFinancierRLOffer] using arguments [User5,{"aprPct":14.96,"tenorDays":21,"ltvPct":70,"penaltyPct":0.5,"modelVersion":"caliper-workload"}],  with error: TransactionError: Commit of transaction 53fc0985e1df7e87a544720369f3c875181e8ea7c1ba3a7a566619fcd64e9740 failed on peer peer0.financiers.example.com:7051 with status MVCC_READ_CONFLICT
    at TransactionEventHandler.eventCallback (/home/dhanish/fabric_sfc/caliper-bench/node_modules/fabric-network/lib/impl/event/transactioneventhandler.js:111:31)
    at CommitListenerSession.notifyListener (/home/dhanish/fabric_sfc/caliper-bench/node_modules/fabric-network/lib/impl/event/commitlistenersession.js:101:18)
    at EventListener.callback (/home/dhanish/fabric_sfc/caliper-bench/node_modules/fabric-network/lib/impl/event/commitlistenersession.js:92:18)
    at EventListener.onEvent (/home/dhanish/fabric_sfc/caliper-bench/node_modules/fabric-common/lib/EventListener.js:124:10)
    at EventService._callTransactionListener (/home/dhanish/fabric_sfc/caliper-bench/node_modules/fabric-common/lib/EventService.js:1051:16)
    at EventService._processTxEvents (/home/dhanish/fabric_sfc/caliper-bench/node_modules/fabric-common/lib/EventService.js:1006:12)
    at ClientDuplexStreamImpl.<anonymous> (/home/dhanish/fabric_sfc/caliper-bench/node_modules/fabric-common/lib/EventService.js:481:12)
    at ClientDuplexStreamImpl.emit (node:events:517:28)
    at addChunk (node:internal/streams/readable:368:12)
    at readableAddChunk (node:internal/streams/readable:341:9)
2026.08.11-09:20:53.842[31m error[39m [caliper] [connectors/v2/FabricGateway] 	Failed to perform submit transaction [updateFinancierRLOffer] using arguments [User1,{"aprPct":17.39,"tenorDays":14,"ltvPct":70,"penaltyPct":0.5,"modelVersion":"caliper-workload"}],  with error: TransactionError: Commit of transaction f04c6fae3069e50e1ef3fa97bc7c18659b923b3ef8efe23b4666112a2b972f9b failed on peer peer0.financiers.example.com:7051 with status MVCC_READ_CONFLICT
    at TransactionEventHandler.eventCallback (/home/dhanish/fabric_sfc/caliper-bench/node_modules/fabric-network/lib/impl/event/transactioneventhandler.js:111:31)
    at CommitListenerSession.notifyListener (/home/dhanish/fabric_sfc/caliper-bench/node_modules/fabric-network/lib/impl/event/commitlistenersession.js:101:18)
    at EventListener.callback (/home/dhanish/fabric_sfc/caliper-bench/node_modules/fabric-network/lib/impl/event/commitlistenersession.js:92:18)
    at EventListener.onEvent (/home/dhanish/fabric_sfc/caliper-bench/node_modules/fabric-common/lib/EventListener.js:124:10)
    at EventService._callTransactionListener (/home/dhanish/fabric_sfc/caliper-bench/node_modules/fabric-common/lib/EventService.js:1051:16)
    at EventService._processTxEvents (/home/dhanish/fabric_sfc/caliper-bench/node_modules/fabric-common/lib/EventService.js:1006:12)
    at ClientDuplexStreamImpl.<anonymous> (/home/dhanish/fabric_sfc/caliper-bench/node_modules/fabric-common/lib/EventService.js:481:12)
    at ClientDuplexStreamImpl.emit (node:events:517:28)
    at addChunk (node:internal/streams/readable:368:12)
    at readableAddChunk (node:internal/streams/readable:341:9)
2026-08-11T09:20:53.870Z - [33mwarn[39m: [TransactionEventHandler]: strategyFail: commit failure for transaction "3589521f95c2c12545cdb52a7600ba1948f36f3b4922bb0a44cc28513fe3f55f": TransactionError: Commit of transaction 3589521f95c2c12545cdb52a7600ba1948f36f3b4922bb0a44cc28513fe3f55f failed on peer peer0.financiers.example.com:7051 with status MVCC_READ_CONFLICT
    at TransactionEventHandler.eventCallback (/home/dhanish/fabric_sfc/caliper-bench/node_modules/fabric-network/lib/impl/event/transactioneventhandler.js:111:31)
    at CommitListenerSession.notifyListener (/home/dhanish/fabric_sfc/caliper-bench/node_modules/fabric-network/lib/impl/event/commitlistenersession.js:101:18)
    at EventListener.callback (/home/dhanish/fabric_sfc/caliper-bench/node_modules/fabric-network/lib/impl/event/commitlistenersession.js:92:18)
    at EventListener.onEvent (/home/dhanish/fabric_sfc/caliper-bench/node_modules/fabric-common/lib/EventListener.js:124:10)
    at EventService._callTransactionListener (/home/dhanish/fabric_sfc/caliper-bench/node_modules/fabric-common/lib/EventService.js:1051:16)
    at EventService._processTxEvents (/home/dhanish/fabric_sfc/caliper-bench/node_modules/fabric-common/lib/EventService.js:1006:12)
    at ClientDuplexStreamImpl.<anonymous> (/home/dhanish/fabric_sfc/caliper-bench/node_modules/fabric-common/lib/EventService.js:481:12)
    at ClientDuplexStreamImpl.emit (node:events:517:28)
    at addChunk (node:internal/streams/readable:368:12)
    at readableAddChunk (node:internal/streams/readable:341:9) {
  transactionId: '3589521f95c2c12545cdb52a7600ba1948f36f3b4922bb0a44cc28513fe3f55f',
  transactionCode: 'MVCC_READ_CONFLICT'
}
2026.08.11-09:20:53.871[31m error[39m [caliper] [connectors/v2/FabricGateway] 	Failed to perform submit transaction [updateFinancierRLOffer] using arguments [User3,{"aprPct":17.69,"tenorDays":28,"ltvPct":70,"penaltyPct":0.5,"modelVersion":"caliper-workload"}],  with error: TransactionError: Commit of transaction 3589521f95c2c12545cdb52a7600ba1948f36f3b4922bb0a44cc28513fe3f55f failed on peer peer0.financiers.example.com:7051 with status MVCC_READ_CONFLICT
    at TransactionEventHandler.eventCallback (/home/dhanish/fabric_sfc/caliper-bench/node_modules/fabric-network/lib/impl/event/transactioneventhandler.js:111:31)
    at CommitListenerSession.notifyListener (/home/dhanish/fabric_sfc/caliper-bench/node_modules/fabric-network/lib/impl/event/commitlistenersession.js:101:18)
    at EventListener.callback (/home/dhanish/fabric_sfc/caliper-bench/node_modules/fabric-network/lib/impl/event/commitlistenersession.js:92:18)
    at EventListener.onEvent (/home/dhanish/fabric_sfc/caliper-bench/node_modules/fabric-common/lib/EventListener.js:124:10)
    at EventService._callTransactionListener (/home/dhanish/fabric_sfc/caliper-bench/node_modules/fabric-common/lib/EventService.js:1051:16)
    at EventService._processTxEvents (/home/dhanish/fabric_sfc/caliper-bench/node_modules/fabric-common/lib/EventService.js:1006:12)
    at ClientDuplexStreamImpl.<anonymous> (/home/dhanish/fabric_sfc/caliper-bench/node_modules/fabric-common/lib/EventService.js:481:12)
    at ClientDuplexStreamImpl.emit (node:events:517:28)
    at addChunk (node:internal/streams/readable:368:12)
    at readableAddChunk (node:internal/streams/readable:341:9)
2026-08-11T09:20:53.872Z - [33mwarn[39m: [TransactionEventHandler]: strategyFail: commit failure for transaction "9ec25c6588bb8b0642dc111560046bd263868f519c452530128588a9cf542b26": TransactionError: Commit of transaction 9ec25c6588bb8b0642dc111560046bd263868f519c452530128588a9cf542b26 failed on peer peer0.financiers.example.com:7051 with status MVCC_READ_CONFLICT
    at TransactionEventHandler.eventCallback (/home/dhanish/fabric_sfc/caliper-bench/node_modules/fabric-network/lib/impl/event/transactioneventhandler.js:111:31)
    at CommitListenerSession.notifyListener (/home/dhanish/fabric_sfc/caliper-bench/node_modules/fabric-network/lib/impl/event/commitlistenersession.js:101:18)
    at EventListener.callback (/home/dhanish/fabric_sfc/caliper-bench/node_modules/fabric-network/lib/impl/event/commitlistenersession.js:92:18)
    at EventListener.onEvent (/home/dhanish/fabric_sfc/caliper-bench/node_modules/fabric-common/lib/EventListener.js:124:10)
    at EventService._callTransactionListener (/home/dhanish/fabric_sfc/caliper-bench/node_modules/fabric-common/lib/EventService.js:1051:16)
    at EventService._processTxEvents (/home/dhanish/fabric_sfc/caliper-bench/node_modules/fabric-common/lib/EventService.js:1006:12)
    at ClientDuplexStreamImpl.<anonymous> (/home/dhanish/fabric_sfc/caliper-bench/node_modules/fabric-common/lib/EventService.js:481:12)
    at ClientDuplexStreamImpl.emit (node:events:517:28)
    at addChunk (node:internal/streams/readable:368:12)
    at readableAddChunk (node:internal/streams/readable:341:9) {
  transactionId: '9ec25c6588bb8b0642dc111560046bd263868f519c452530128588a9cf542b26',
  transactionCode: 'MVCC_READ_CONFLICT'
}
2026-08-11T09:20:53.872Z - [33mwarn[39m: [TransactionEventHandler]: strategyFail: commit failure for transaction "cf5462589a2706c188dcb21c5d3cc7941e220c27a5cc1308bae0c891b147c706": TransactionError: Commit of transaction cf5462589a2706c188dcb21c5d3cc7941e220c27a5cc1308bae0c891b147c706 failed on peer peer0.financiers.example.com:7051 with status MVCC_READ_CONFLICT
    at TransactionEventHandler.eventCallback (/home/dhanish/fabric_sfc/caliper-bench/node_modules/fabric-network/lib/impl/event/transactioneventhandler.js:111:31)
    at CommitListenerSession.notifyListener (/home/dhanish/fabric_sfc/caliper-bench/node_modules/fabric-network/lib/impl/event/commitlistenersession.js:101:18)
    at EventListener.callback (/home/dhanish/fabric_sfc/caliper-bench/node_modules/fabric-network/lib/impl/event/commitlistenersession.js:92:18)
    at EventListener.onEvent (/home/dhanish/fabric_sfc/caliper-bench/node_modules/fabric-common/lib/EventListener.js:124:10)
    at EventService._callTransactionListener (/home/dhanish/fabric_sfc/caliper-bench/node_modules/fabric-common/lib/EventService.js:1051:16)
    at EventService._processTxEvents (/home/dhanish/fabric_sfc/caliper-bench/node_modules/fabric-common/lib/EventService.js:1006:12)
    at ClientDuplexStreamImpl.<anonymous> (/home/dhanish/fabric_sfc/caliper-bench/node_modules/fabric-common/lib/EventService.js:481:12)
    at ClientDuplexStreamImpl.emit (node:events:517:28)
    at addChunk (node:internal/streams/readable:368:12)
    at readableAddChunk (node:internal/streams/readable:341:9) {
  transactionId: 'cf5462589a2706c188dcb21c5d3cc7941e220c27a5cc1308bae0c891b147c706',
  transactionCode: 'MVCC_READ_CONFLICT'
}
2026-08-11T09:20:53.872Z - [33mwarn[39m: [TransactionEventHandler]: strategyFail: commit failure for transaction "edac7ec8ca828623af7d02e391bbf8557ae1e84dd513446ea3ffe79b3322f4c4": TransactionError: Commit of transaction edac7ec8ca828623af7d02e391bbf8557ae1e84dd513446ea3ffe79b3322f4c4 failed on peer peer0.financiers.example.com:7051 with status MVCC_READ_CONFLICT
    at TransactionEventHandler.eventCallback (/home/dhanish/fabric_sfc/caliper-bench/node_modules/fabric-network/lib/impl/event/transactioneventhandler.js:111:31)
    at CommitListenerSession.notifyListener (/home/dhanish/fabric_sfc/caliper-bench/node_modules/fabric-network/lib/impl/event/commitlistenersession.js:101:18)
    at EventListener.callback (/home/dhanish/fabric_sfc/caliper-bench/node_modules/fabric-network/lib/impl/event/commitlistenersession.js:92:18)
    at EventListener.onEvent (/home/dhanish/fabric_sfc/caliper-bench/node_modules/fabric-common/lib/EventListener.js:124:10)
    at EventService._callTransactionListener (/home/dhanish/fabric_sfc/caliper-bench/node_modules/fabric-common/lib/EventService.js:1051:16)
    at EventService._processTxEvents (/home/dhanish/fabric_sfc/caliper-bench/node_modules/fabric-common/lib/EventService.js:1006:12)
    at ClientDuplexStreamImpl.<anonymous> (/home/dhanish/fabric_sfc/caliper-bench/node_modules/fabric-common/lib/EventService.js:481:12)
    at ClientDuplexStreamImpl.emit (node:events:517:28)
    at addChunk (node:internal/streams/readable:368:12)
    at readableAddChunk (node:internal/streams/readable:341:9) {
  transactionId: 'edac7ec8ca828623af7d02e391bbf8557ae1e84dd513446ea3ffe79b3322f4c4',
  transactionCode: 'MVCC_READ_CONFLICT'
}
2026-08-11T09:20:53.872Z - [33mwarn[39m: [TransactionEventHandler]: strategyFail: commit failure for transaction "919d0be5f7fc1d80adbaa3bb2a8674ba3648b9a48f6a85692b5b19ab2b9aedc7": TransactionError: Commit of transaction 919d0be5f7fc1d80adbaa3bb2a8674ba3648b9a48f6a85692b5b19ab2b9aedc7 failed on peer peer0.financiers.example.com:7051 with status MVCC_READ_CONFLICT
    at TransactionEventHandler.eventCallback (/home/dhanish/fabric_sfc/caliper-bench/node_modules/fabric-network/lib/impl/event/transactioneventhandler.js:111:31)
    at CommitListenerSession.notifyListener (/home/dhanish/fabric_sfc/caliper-bench/node_modules/fabric-network/lib/impl/event/commitlistenersession.js:101:18)
    at EventListener.callback (/home/dhanish/fabric_sfc/caliper-bench/node_modules/fabric-network/lib/impl/event/commitlistenersession.js:92:18)
    at EventListener.onEvent (/home/dhanish/fabric_sfc/caliper-bench/node_modules/fabric-common/lib/EventListener.js:124:10)
    at EventService._callTransactionListener (/home/dhanish/fabric_sfc/caliper-bench/node_modules/fabric-common/lib/EventService.js:1051:16)
    at EventService._processTxEvents (/home/dhanish/fabric_sfc/caliper-bench/node_modules/fabric-common/lib/EventService.js:1006:12)
    at ClientDuplexStreamImpl.<anonymous> (/home/dhanish/fabric_sfc/caliper-bench/node_modules/fabric-common/lib/EventService.js:481:12)
    at ClientDuplexStreamImpl.emit (node:events:517:28)
    at addChunk (node:internal/streams/readable:368:12)
    at readableAddChunk (node:internal/streams/readable:341:9) {
  transactionId: '919d0be5f7fc1d80adbaa3bb2a8674ba3648b9a48f6a85692b5b19ab2b9aedc7',
  transactionCode: 'MVCC_READ_CONFLICT'
}
2026.08.11-09:20:53.873[31m error[39m [caliper] [connectors/v2/FabricGateway] 	Failed to perform submit transaction [updateFinancierRLOffer] using arguments [User2,{"aprPct":14.03,"tenorDays":21,"ltvPct":70,"penaltyPct":0.5,"modelVersion":"caliper-workload"}],  with error: TransactionError: Commit of transaction 9ec25c6588bb8b0642dc111560046bd263868f519c452530128588a9cf542b26 failed on peer peer0.financiers.example.com:7051 with status MVCC_READ_CONFLICT
    at TransactionEventHandler.eventCallback (/home/dhanish/fabric_sfc/caliper-bench/node_modules/fabric-network/lib/impl/event/transactioneventhandler.js:111:31)
    at CommitListenerSession.notifyListener (/home/dhanish/fabric_sfc/caliper-bench/node_modules/fabric-network/lib/impl/event/commitlistenersession.js:101:18)
    at EventListener.callback (/home/dhanish/fabric_sfc/caliper-bench/node_modules/fabric-network/lib/impl/event/commitlistenersession.js:92:18)
    at EventListener.onEvent (/home/dhanish/fabric_sfc/caliper-bench/node_modules/fabric-common/lib/EventListener.js:124:10)
    at EventService._callTransactionListener (/home/dhanish/fabric_sfc/caliper-bench/node_modules/fabric-common/lib/EventService.js:1051:16)
    at EventService._processTxEvents (/home/dhanish/fabric_sfc/caliper-bench/node_modules/fabric-common/lib/EventService.js:1006:12)
    at ClientDuplexStreamImpl.<anonymous> (/home/dhanish/fabric_sfc/caliper-bench/node_modules/fabric-common/lib/EventService.js:481:12)
    at ClientDuplexStreamImpl.emit (node:events:517:28)
    at addChunk (node:internal/streams/readable:368:12)
    at readableAddChunk (node:internal/streams/readable:341:9)
2026.08.11-09:20:53.873[31m error[39m [caliper] [connectors/v2/FabricGateway] 	Failed to perform submit transaction [updateFinancierRLOffer] using arguments [User1,{"aprPct":13.96,"tenorDays":14,"ltvPct":70,"penaltyPct":0.5,"modelVersion":"caliper-workload"}],  with error: TransactionError: Commit of transaction cf5462589a2706c188dcb21c5d3cc7941e220c27a5cc1308bae0c891b147c706 failed on peer peer0.financiers.example.com:7051 with status MVCC_READ_CONFLICT
    at TransactionEventHandler.eventCallback (/home/dhanish/fabric_sfc/caliper-bench/node_modules/fabric-network/lib/impl/event/transactioneventhandler.js:111:31)
    at CommitListenerSession.notifyListener (/home/dhanish/fabric_sfc/caliper-bench/node_modules/fabric-network/lib/impl/event/commitlistenersession.js:101:18)
    at EventListener.callback (/home/dhanish/fabric_sfc/caliper-bench/node_modules/fabric-network/lib/impl/event/commitlistenersession.js:92:18)
    at EventListener.onEvent (/home/dhanish/fabric_sfc/caliper-bench/node_modules/fabric-common/lib/EventListener.js:124:10)
    at EventService._callTransactionListener (/home/dhanish/fabric_sfc/caliper-bench/node_modules/fabric-common/lib/EventService.js:1051:16)
    at EventService._processTxEvents (/home/dhanish/fabric_sfc/caliper-bench/node_modules/fabric-common/lib/EventService.js:1006:12)
    at ClientDuplexStreamImpl.<anonymous> (/home/dhanish/fabric_sfc/caliper-bench/node_modules/fabric-common/lib/EventService.js:481:12)
    at ClientDuplexStreamImpl.emit (node:events:517:28)
    at addChunk (node:internal/streams/readable:368:12)
    at readableAddChunk (node:internal/streams/readable:341:9)
2026.08.11-09:20:53.873[31m error[39m [caliper] [connectors/v2/FabricGateway] 	Failed to perform submit transaction [updateFinancierRLOffer] using arguments [User2,{"aprPct":15.5,"tenorDays":21,"ltvPct":70,"penaltyPct":0.5,"modelVersion":"caliper-workload"}],  with error: TransactionError: Commit of transaction edac7ec8ca828623af7d02e391bbf8557ae1e84dd513446ea3ffe79b3322f4c4 failed on peer peer0.financiers.example.com:7051 with status MVCC_READ_CONFLICT
    at TransactionEventHandler.eventCallback (/home/dhanish/fabric_sfc/caliper-bench/node_modules/fabric-network/lib/impl/event/transactioneventhandler.js:111:31)
    at CommitListenerSession.notifyListener (/home/dhanish/fabric_sfc/caliper-bench/node_modules/fabric-network/lib/impl/event/commitlistenersession.js:101:18)
    at EventListener.callback (/home/dhanish/fabric_sfc/caliper-bench/node_modules/fabric-network/lib/impl/event/commitlistenersession.js:92:18)
    at EventListener.onEvent (/home/dhanish/fabric_sfc/caliper-bench/node_modules/fabric-common/lib/EventListener.js:124:10)
    at EventService._callTransactionListener (/home/dhanish/fabric_sfc/caliper-bench/node_modules/fabric-common/lib/EventService.js:1051:16)
    at EventService._processTxEvents (/home/dhanish/fabric_sfc/caliper-bench/node_modules/fabric-common/lib/EventService.js:1006:12)
    at ClientDuplexStreamImpl.<anonymous> (/home/dhanish/fabric_sfc/caliper-bench/node_modules/fabric-common/lib/EventService.js:481:12)
    at ClientDuplexStreamImpl.emit (node:events:517:28)
    at addChunk (node:internal/streams/readable:368:12)
    at readableAddChunk (node:internal/streams/readable:341:9)
2026.08.11-09:20:53.873[31m error[39m [caliper] [connectors/v2/FabricGateway] 	Failed to perform submit transaction [updateFinancierRLOffer] using arguments [User1,{"aprPct":12.9,"tenorDays":14,"ltvPct":70,"penaltyPct":0.5,"modelVersion":"caliper-workload"}],  with error: TransactionError: Commit of transaction 919d0be5f7fc1d80adbaa3bb2a8674ba3648b9a48f6a85692b5b19ab2b9aedc7 failed on peer peer0.financiers.example.com:7051 with status MVCC_READ_CONFLICT
    at TransactionEventHandler.eventCallback (/home/dhanish/fabric_sfc/caliper-bench/node_modules/fabric-network/lib/impl/event/transactioneventhandler.js:111:31)
    at CommitListenerSession.notifyListener (/home/dhanish/fabric_sfc/caliper-bench/node_modules/fabric-network/lib/impl/event/commitlistenersession.js:101:18)
    at EventListener.callback (/home/dhanish/fabric_sfc/caliper-bench/node_modules/fabric-network/lib/impl/event/commitlistenersession.js:92:18)
    at EventListener.onEvent (/home/dhanish/fabric_sfc/caliper-bench/node_modules/fabric-common/lib/EventListener.js:124:10)
    at EventService._callTransactionListener (/home/dhanish/fabric_sfc/caliper-bench/node_modules/fabric-common/lib/EventService.js:1051:16)
    at EventService._processTxEvents (/home/dhanish/fabric_sfc/caliper-bench/node_modules/fabric-common/lib/EventService.js:1006:12)
    at ClientDuplexStreamImpl.<anonymous> (/home/dhanish/fabric_sfc/caliper-bench/node_modules/fabric-common/lib/EventService.js:481:12)
    at ClientDuplexStreamImpl.emit (node:events:517:28)
    at addChunk (node:internal/streams/readable:368:12)
    at readableAddChunk (node:internal/streams/readable:341:9)
2026-08-11T09:20:53.873Z - [33mwarn[39m: [TransactionEventHandler]: strategyFail: commit failure for transaction "70fc03c3d89bff3911e494bf7788a2a29b7ec36e9d298c63c1bb9b937f6b0f23": TransactionError: Commit of transaction 70fc03c3d89bff3911e494bf7788a2a29b7ec36e9d298c63c1bb9b937f6b0f23 failed on peer peer0.financiers.example.com:7051 with status MVCC_READ_CONFLICT
    at TransactionEventHandler.eventCallback (/home/dhanish/fabric_sfc/caliper-bench/node_modules/fabric-network/lib/impl/event/transactioneventhandler.js:111:31)
    at CommitListenerSession.notifyListener (/home/dhanish/fabric_sfc/caliper-bench/node_modules/fabric-network/lib/impl/event/commitlistenersession.js:101:18)
    at EventListener.callback (/home/dhanish/fabric_sfc/caliper-bench/node_modules/fabric-network/lib/impl/event/commitlistenersession.js:92:18)
    at EventListener.onEvent (/home/dhanish/fabric_sfc/caliper-bench/node_modules/fabric-common/lib/EventListener.js:124:10)
    at EventService._callTransactionListener (/home/dhanish/fabric_sfc/caliper-bench/node_modules/fabric-common/lib/EventService.js:1051:16)
    at EventService._processTxEvents (/home/dhanish/fabric_sfc/caliper-bench/node_modules/fabric-common/lib/EventService.js:1006:12)
    at ClientDuplexStreamImpl.<anonymous> (/home/dhanish/fabric_sfc/caliper-bench/node_modules/fabric-common/lib/EventService.js:481:12)
    at ClientDuplexStreamImpl.emit (node:events:517:28)
    at addChunk (node:internal/streams/readable:368:12)
    at readableAddChunk (node:internal/streams/readable:341:9) {
  transactionId: '70fc03c3d89bff3911e494bf7788a2a29b7ec36e9d298c63c1bb9b937f6b0f23',
  transactionCode: 'MVCC_READ_CONFLICT'
}
2026.08.11-09:20:53.873[31m error[39m [caliper] [connectors/v2/FabricGateway] 	Failed to perform submit transaction [updateFinancierRLOffer] using arguments [User5,{"aprPct":16.87,"tenorDays":21,"ltvPct":70,"penaltyPct":0.5,"modelVersion":"caliper-workload"}],  with error: TransactionError: Commit of transaction 70fc03c3d89bff3911e494bf7788a2a29b7ec36e9d298c63c1bb9b937f6b0f23 failed on peer peer0.financiers.example.com:7051 with status MVCC_READ_CONFLICT
    at TransactionEventHandler.eventCallback (/home/dhanish/fabric_sfc/caliper-bench/node_modules/fabric-network/lib/impl/event/transactioneventhandler.js:111:31)
    at CommitListenerSession.notifyListener (/home/dhanish/fabric_sfc/caliper-bench/node_modules/fabric-network/lib/impl/event/commitlistenersession.js:101:18)
    at EventListener.callback (/home/dhanish/fabric_sfc/caliper-bench/node_modules/fabric-network/lib/impl/event/commitlistenersession.js:92:18)
    at EventListener.onEvent (/home/dhanish/fabric_sfc/caliper-bench/node_modules/fabric-common/lib/EventListener.js:124:10)
    at EventService._callTransactionListener (/home/dhanish/fabric_sfc/caliper-bench/node_modules/fabric-common/lib/EventService.js:1051:16)
    at EventService._processTxEvents (/home/dhanish/fabric_sfc/caliper-bench/node_modules/fabric-common/lib/EventService.js:1006:12)
    at ClientDuplexStreamImpl.<anonymous> (/home/dhanish/fabric_sfc/caliper-bench/node_modules/fabric-common/lib/EventService.js:481:12)
    at ClientDuplexStreamImpl.emit (node:events:517:28)
    at addChunk (node:internal/streams/readable:368:12)
    at readableAddChunk (node:internal/streams/readable:341:9)
2026-08-11T09:20:53.874Z - [33mwarn[39m: [TransactionEventHandler]: strategyFail: commit failure for transaction "bc55a3ab39f38e229dbd628932365449894a9ef32a16ed52b7ee26358e22d696": TransactionError: Commit of transaction bc55a3ab39f38e229dbd628932365449894a9ef32a16ed52b7ee26358e22d696 failed on peer peer0.financiers.example.com:7051 with status MVCC_READ_CONFLICT
    at TransactionEventHandler.eventCallback (/home/dhanish/fabric_sfc/caliper-bench/node_modules/fabric-network/lib/impl/event/transactioneventhandler.js:111:31)
    at CommitListenerSession.notifyListener (/home/dhanish/fabric_sfc/caliper-bench/node_modules/fabric-network/lib/impl/event/commitlistenersession.js:101:18)
    at EventListener.callback (/home/dhanish/fabric_sfc/caliper-bench/node_modules/fabric-network/lib/impl/event/commitlistenersession.js:92:18)
    at EventListener.onEvent (/home/dhanish/fabric_sfc/caliper-bench/node_modules/fabric-common/lib/EventListener.js:124:10)
    at EventService._callTransactionListener (/home/dhanish/fabric_sfc/caliper-bench/node_modules/fabric-common/lib/EventService.js:1051:16)
    at EventService._processTxEvents (/home/dhanish/fabric_sfc/caliper-bench/node_modules/fabric-common/lib/EventService.js:1006:12)
    at ClientDuplexStreamImpl.<anonymous> (/home/dhanish/fabric_sfc/caliper-bench/node_modules/fabric-common/lib/EventService.js:481:12)
    at ClientDuplexStreamImpl.emit (node:events:517:28)
    at addChunk (node:internal/streams/readable:368:12)
    at readableAddChunk (node:internal/streams/readable:341:9) {
  transactionId: 'bc55a3ab39f38e229dbd628932365449894a9ef32a16ed52b7ee26358e22d696',
  transactionCode: 'MVCC_READ_CONFLICT'
}
2026-08-11T09:20:53.875Z - [33mwarn[39m: [TransactionEventHandler]: strategyFail: commit failure for transaction "433c31184250a398303f0ebf732ed3ca7c40a733283ce36f3d28101e5c29c442": TransactionError: Commit of transaction 433c31184250a398303f0ebf732ed3ca7c40a733283ce36f3d28101e5c29c442 failed on peer peer0.financiers.example.com:7051 with status MVCC_READ_CONFLICT
    at TransactionEventHandler.eventCallback (/home/dhanish/fabric_sfc/caliper-bench/node_modules/fabric-network/lib/impl/event/transactioneventhandler.js:111:31)
    at CommitListenerSession.notifyListener (/home/dhanish/fabric_sfc/caliper-bench/node_modules/fabric-network/lib/impl/event/commitlistenersession.js:101:18)
    at EventListener.callback (/home/dhanish/fabric_sfc/caliper-bench/node_modules/fabric-network/lib/impl/event/commitlistenersession.js:92:18)
    at EventListener.onEvent (/home/dhanish/fabric_sfc/caliper-bench/node_modules/fabric-common/lib/EventListener.js:124:10)
    at EventService._callTransactionListener (/home/dhanish/fabric_sfc/caliper-bench/node_modules/fabric-common/lib/EventService.js:1051:16)
    at EventService._processTxEvents (/home/dhanish/fabric_sfc/caliper-bench/node_modules/fabric-common/lib/EventService.js:1006:12)
    at ClientDuplexStreamImpl.<anonymous> (/home/dhanish/fabric_sfc/caliper-bench/node_modules/fabric-common/lib/EventService.js:481:12)
    at ClientDuplexStreamImpl.emit (node:events:517:28)
    at addChunk (node:internal/streams/readable:368:12)
    at readableAddChunk (node:internal/streams/readable:341:9) {
  transactionId: '433c31184250a398303f0ebf732ed3ca7c40a733283ce36f3d28101e5c29c442',
  transactionCode: 'MVCC_READ_CONFLICT'
}
2026.08.11-09:20:53.875[31m error[39m [caliper] [connectors/v2/FabricGateway] 	Failed to perform submit transaction [updateFinancierRLOffer] using arguments [User4,{"aprPct":16.45,"tenorDays":14,"ltvPct":70,"penaltyPct":0.5,"modelVersion":"caliper-workload"}],  with error: TransactionError: Commit of transaction bc55a3ab39f38e229dbd628932365449894a9ef32a16ed52b7ee26358e22d696 failed on peer peer0.financiers.example.com:7051 with status MVCC_READ_CONFLICT
    at TransactionEventHandler.eventCallback (/home/dhanish/fabric_sfc/caliper-bench/node_modules/fabric-network/lib/impl/event/transactioneventhandler.js:111:31)
    at CommitListenerSession.notifyListener (/home/dhanish/fabric_sfc/caliper-bench/node_modules/fabric-network/lib/impl/event/commitlistenersession.js:101:18)
    at EventListener.callback (/home/dhanish/fabric_sfc/caliper-bench/node_modules/fabric-network/lib/impl/event/commitlistenersession.js:92:18)
    at EventListener.onEvent (/home/dhanish/fabric_sfc/caliper-bench/node_modules/fabric-common/lib/EventListener.js:124:10)
    at EventService._callTransactionListener (/home/dhanish/fabric_sfc/caliper-bench/node_modules/fabric-common/lib/EventService.js:1051:16)
    at EventService._processTxEvents (/home/dhanish/fabric_sfc/caliper-bench/node_modules/fabric-common/lib/EventService.js:1006:12)
    at ClientDuplexStreamImpl.<anonymous> (/home/dhanish/fabric_sfc/caliper-bench/node_modules/fabric-common/lib/EventService.js:481:12)
    at ClientDuplexStreamImpl.emit (node:events:517:28)
    at addChunk (node:internal/streams/readable:368:12)
    at readableAddChunk (node:internal/streams/readable:341:9)
2026.08.11-09:20:53.875[31m error[39m [caliper] [connectors/v2/FabricGateway] 	Failed to perform submit transaction [updateFinancierRLOffer] using arguments [User4,{"aprPct":14.58,"tenorDays":14,"ltvPct":70,"penaltyPct":0.5,"modelVersion":"caliper-workload"}],  with error: TransactionError: Commit of transaction 433c31184250a398303f0ebf732ed3ca7c40a733283ce36f3d28101e5c29c442 failed on peer peer0.financiers.example.com:7051 with status MVCC_READ_CONFLICT
    at TransactionEventHandler.eventCallback (/home/dhanish/fabric_sfc/caliper-bench/node_modules/fabric-network/lib/impl/event/transactioneventhandler.js:111:31)
    at CommitListenerSession.notifyListener (/home/dhanish/fabric_sfc/caliper-bench/node_modules/fabric-network/lib/impl/event/commitlistenersession.js:101:18)
    at EventListener.callback (/home/dhanish/fabric_sfc/caliper-bench/node_modules/fabric-network/lib/impl/event/commitlistenersession.js:92:18)
    at EventListener.onEvent (/home/dhanish/fabric_sfc/caliper-bench/node_modules/fabric-common/lib/EventListener.js:124:10)
    at EventService._callTransactionListener (/home/dhanish/fabric_sfc/caliper-bench/node_modules/fabric-common/lib/EventService.js:1051:16)
    at EventService._processTxEvents (/home/dhanish/fabric_sfc/caliper-bench/node_modules/fabric-common/lib/EventService.js:1006:12)
    at ClientDuplexStreamImpl.<anonymous> (/home/dhanish/fabric_sfc/caliper-bench/node_modules/fabric-common/lib/EventService.js:481:12)
    at ClientDuplexStreamImpl.emit (node:events:517:28)
    at addChunk (node:internal/streams/readable:368:12)
    at readableAddChunk (node:internal/streams/readable:341:9)
2026-08-11T09:20:53.905Z - [33mwarn[39m: [TransactionEventHandler]: strategyFail: commit failure for transaction "778fd610b925e003a4ad5f11770a9c7c2d2b25d2635f88bb1115c3e0b93843de": TransactionError: Commit of transaction 778fd610b925e003a4ad5f11770a9c7c2d2b25d2635f88bb1115c3e0b93843de failed on peer peer0.financiers.example.com:7051 with status MVCC_READ_CONFLICT
    at TransactionEventHandler.eventCallback (/home/dhanish/fabric_sfc/caliper-bench/node_modules/fabric-network/lib/impl/event/transactioneventhandler.js:111:31)
    at CommitListenerSession.notifyListener (/home/dhanish/fabric_sfc/caliper-bench/node_modules/fabric-network/lib/impl/event/commitlistenersession.js:101:18)
    at EventListener.callback (/home/dhanish/fabric_sfc/caliper-bench/node_modules/fabric-network/lib/impl/event/commitlistenersession.js:92:18)
    at EventListener.onEvent (/home/dhanish/fabric_sfc/caliper-bench/node_modules/fabric-common/lib/EventListener.js:124:10)
    at EventService._callTransactionListener (/home/dhanish/fabric_sfc/caliper-bench/node_modules/fabric-common/lib/EventService.js:1051:16)
    at EventService._processTxEvents (/home/dhanish/fabric_sfc/caliper-bench/node_modules/fabric-common/lib/EventService.js:1006:12)
    at ClientDuplexStreamImpl.<anonymous> (/home/dhanish/fabric_sfc/caliper-bench/node_modules/fabric-common/lib/EventService.js:481:12)
    at ClientDuplexStreamImpl.emit (node:events:517:28)
    at addChunk (node:internal/streams/readable:368:12)
    at readableAddChunk (node:internal/streams/readable:341:9) {
  transactionId: '778fd610b925e003a4ad5f11770a9c7c2d2b25d2635f88bb1115c3e0b93843de',
  transactionCode: 'MVCC_READ_CONFLICT'
}
2026-08-11T09:20:53.906Z - [33mwarn[39m: [TransactionEventHandler]: strategyFail: commit failure for transaction "7ed16552041fe81129ed5d3110efd1870246c3c26d2675c7a363648fe17889b9": TransactionError: Commit of transaction 7ed16552041fe81129ed5d3110efd1870246c3c26d2675c7a363648fe17889b9 failed on peer peer0.financiers.example.com:7051 with status MVCC_READ_CONFLICT
    at TransactionEventHandler.eventCallback (/home/dhanish/fabric_sfc/caliper-bench/node_modules/fabric-network/lib/impl/event/transactioneventhandler.js:111:31)
    at CommitListenerSession.notifyListener (/home/dhanish/fabric_sfc/caliper-bench/node_modules/fabric-network/lib/impl/event/commitlistenersession.js:101:18)
    at EventListener.callback (/home/dhanish/fabric_sfc/caliper-bench/node_modules/fabric-network/lib/impl/event/commitlistenersession.js:92:18)
    at EventListener.onEvent (/home/dhanish/fabric_sfc/caliper-bench/node_modules/fabric-common/lib/EventListener.js:124:10)
    at EventService._callTransactionListener (/home/dhanish/fabric_sfc/caliper-bench/node_modules/fabric-common/lib/EventService.js:1051:16)
    at EventService._processTxEvents (/home/dhanish/fabric_sfc/caliper-bench/node_modules/fabric-common/lib/EventService.js:1006:12)
    at ClientDuplexStreamImpl.<anonymous> (/home/dhanish/fabric_sfc/caliper-bench/node_modules/fabric-common/lib/EventService.js:481:12)
    at ClientDuplexStreamImpl.emit (node:events:517:28)
    at addChunk (node:internal/streams/readable:368:12)
    at readableAddChunk (node:internal/streams/readable:341:9) {
  transactionId: '7ed16552041fe81129ed5d3110efd1870246c3c26d2675c7a363648fe17889b9',
  transactionCode: 'MVCC_READ_CONFLICT'
}
2026-08-11T09:20:53.906Z - [33mwarn[39m: [TransactionEventHandler]: strategyFail: commit failure for transaction "7132fb6e1976af1e8dbf06f2745e051a8215ac2c30c4c73c882821c7666e5b78": TransactionError: Commit of transaction 7132fb6e1976af1e8dbf06f2745e051a8215ac2c30c4c73c882821c7666e5b78 failed on peer peer0.financiers.example.com:7051 with status MVCC_READ_CONFLICT
    at TransactionEventHandler.eventCallback (/home/dhanish/fabric_sfc/caliper-bench/node_modules/fabric-network/lib/impl/event/transactioneventhandler.js:111:31)
    at CommitListenerSession.notifyListener (/home/dhanish/fabric_sfc/caliper-bench/node_modules/fabric-network/lib/impl/event/commitlistenersession.js:101:18)
    at EventListener.callback (/home/dhanish/fabric_sfc/caliper-bench/node_modules/fabric-network/lib/impl/event/commitlistenersession.js:92:18)
    at EventListener.onEvent (/home/dhanish/fabric_sfc/caliper-bench/node_modules/fabric-common/lib/EventListener.js:124:10)
    at EventService._callTransactionListener (/home/dhanish/fabric_sfc/caliper-bench/node_modules/fabric-common/lib/EventService.js:1051:16)
    at EventService._processTxEvents (/home/dhanish/fabric_sfc/caliper-bench/node_modules/fabric-common/lib/EventService.js:1006:12)
    at ClientDuplexStreamImpl.<anonymous> (/home/dhanish/fabric_sfc/caliper-bench/node_modules/fabric-common/lib/EventService.js:481:12)
    at ClientDuplexStreamImpl.emit (node:events:517:28)
    at addChunk (node:internal/streams/readable:368:12)
    at readableAddChunk (node:internal/streams/readable:341:9) {
  transactionId: '7132fb6e1976af1e8dbf06f2745e051a8215ac2c30c4c73c882821c7666e5b78',
  transactionCode: 'MVCC_READ_CONFLICT'
}
2026-08-11T09:20:53.906Z - [33mwarn[39m: [TransactionEventHandler]: strategyFail: commit failure for transaction "f3a3c185570f6ac2f01e9ad0dc20d4d4e49e8c31e70e506d1fd0eea1923b7a8c": TransactionError: Commit of transaction f3a3c185570f6ac2f01e9ad0dc20d4d4e49e8c31e70e506d1fd0eea1923b7a8c failed on peer peer0.financiers.example.com:7051 with status MVCC_READ_CONFLICT
    at TransactionEventHandler.eventCallback (/home/dhanish/fabric_sfc/caliper-bench/node_modules/fabric-network/lib/impl/event/transactioneventhandler.js:111:31)
    at CommitListenerSession.notifyListener (/home/dhanish/fabric_sfc/caliper-bench/node_modules/fabric-network/lib/impl/event/commitlistenersession.js:101:18)
    at EventListener.callback (/home/dhanish/fabric_sfc/caliper-bench/node_modules/fabric-network/lib/impl/event/commitlistenersession.js:92:18)
    at EventListener.onEvent (/home/dhanish/fabric_sfc/caliper-bench/node_modules/fabric-common/lib/EventListener.js:124:10)
    at EventService._callTransactionListener (/home/dhanish/fabric_sfc/caliper-bench/node_modules/fabric-common/lib/EventService.js:1051:16)
    at EventService._processTxEvents (/home/dhanish/fabric_sfc/caliper-bench/node_modules/fabric-common/lib/EventService.js:1006:12)
    at ClientDuplexStreamImpl.<anonymous> (/home/dhanish/fabric_sfc/caliper-bench/node_modules/fabric-common/lib/EventService.js:481:12)
    at ClientDuplexStreamImpl.emit (node:events:517:28)
    at addChunk (node:internal/streams/readable:368:12)
    at readableAddChunk (node:internal/streams/readable:341:9) {
  transactionId: 'f3a3c185570f6ac2f01e9ad0dc20d4d4e49e8c31e70e506d1fd0eea1923b7a8c',
  transactionCode: 'MVCC_READ_CONFLICT'
}
2026.08.11-09:20:53.906[31m error[39m [caliper] [connectors/v2/FabricGateway] 	Failed to perform submit transaction [updateFinancierRLOffer] using arguments [User1,{"aprPct":15.8,"tenorDays":14,"ltvPct":70,"penaltyPct":0.5,"modelVersion":"caliper-workload"}],  with error: TransactionError: Commit of transaction 778fd610b925e003a4ad5f11770a9c7c2d2b25d2635f88bb1115c3e0b93843de failed on peer peer0.financiers.example.com:7051 with status MVCC_READ_CONFLICT
    at TransactionEventHandler.eventCallback (/home/dhanish/fabric_sfc/caliper-bench/node_modules/fabric-network/lib/impl/event/transactioneventhandler.js:111:31)
    at CommitListenerSession.notifyListener (/home/dhanish/fabric_sfc/caliper-bench/node_modules/fabric-network/lib/impl/event/commitlistenersession.js:101:18)
    at EventListener.callback (/home/dhanish/fabric_sfc/caliper-bench/node_modules/fabric-network/lib/impl/event/commitlistenersession.js:92:18)
    at EventListener.onEvent (/home/dhanish/fabric_sfc/caliper-bench/node_modules/fabric-common/lib/EventListener.js:124:10)
    at EventService._callTransactionListener (/home/dhanish/fabric_sfc/caliper-bench/node_modules/fabric-common/lib/EventService.js:1051:16)
    at EventService._processTxEvents (/home/dhanish/fabric_sfc/caliper-bench/node_modules/fabric-common/lib/EventService.js:1006:12)
    at ClientDuplexStreamImpl.<anonymous> (/home/dhanish/fabric_sfc/caliper-bench/node_modules/fabric-common/lib/EventService.js:481:12)
    at ClientDuplexStreamImpl.emit (node:events:517:28)
    at addChunk (node:internal/streams/readable:368:12)
    at readableAddChunk (node:internal/streams/readable:341:9)
2026-08-11T09:20:53.907Z - [33mwarn[39m: [TransactionEventHandler]: strategyFail: commit failure for transaction "c85191c661ddadb025fd5c546f52bfbdb502d53fbb589b10e8e43bb5d27dee89": TransactionError: Commit of transaction c85191c661ddadb025fd5c546f52bfbdb502d53fbb589b10e8e43bb5d27dee89 failed on peer peer0.financiers.example.com:7051 with status MVCC_READ_CONFLICT
    at TransactionEventHandler.eventCallback (/home/dhanish/fabric_sfc/caliper-bench/node_modules/fabric-network/lib/impl/event/transactioneventhandler.js:111:31)
    at CommitListenerSession.notifyListener (/home/dhanish/fabric_sfc/caliper-bench/node_modules/fabric-network/lib/impl/event/commitlistenersession.js:101:18)
    at EventListener.callback (/home/dhanish/fabric_sfc/caliper-bench/node_modules/fabric-network/lib/impl/event/commitlistenersession.js:92:18)
    at EventListener.onEvent (/home/dhanish/fabric_sfc/caliper-bench/node_modules/fabric-common/lib/EventListener.js:124:10)
    at EventService._callTransactionListener (/home/dhanish/fabric_sfc/caliper-bench/node_modules/fabric-common/lib/EventService.js:1051:16)
    at EventService._processTxEvents (/home/dhanish/fabric_sfc/caliper-bench/node_modules/fabric-common/lib/EventService.js:1006:12)
    at ClientDuplexStreamImpl.<anonymous> (/home/dhanish/fabric_sfc/caliper-bench/node_modules/fabric-common/lib/EventService.js:481:12)
    at ClientDuplexStreamImpl.emit (node:events:517:28)
    at addChunk (node:internal/streams/readable:368:12)
    at readableAddChunk (node:internal/streams/readable:341:9) {
  transactionId: 'c85191c661ddadb025fd5c546f52bfbdb502d53fbb589b10e8e43bb5d27dee89',
  transactionCode: 'MVCC_READ_CONFLICT'
}
2026.08.11-09:20:53.907[31m error[39m [caliper] [connectors/v2/FabricGateway] 	Failed to perform submit transaction [updateFinancierRLOffer] using arguments [User4,{"aprPct":13.51,"tenorDays":14,"ltvPct":70,"penaltyPct":0.5,"modelVersion":"caliper-workload"}],  with error: TransactionError: Commit of transaction 7132fb6e1976af1e8dbf06f2745e051a8215ac2c30c4c73c882821c7666e5b78 failed on peer peer0.financiers.example.com:7051 with status MVCC_READ_CONFLICT
    at TransactionEventHandler.eventCallback (/home/dhanish/fabric_sfc/caliper-bench/node_modules/fabric-network/lib/impl/event/transactioneventhandler.js:111:31)
    at CommitListenerSession.notifyListener (/home/dhanish/fabric_sfc/caliper-bench/node_modules/fabric-network/lib/impl/event/commitlistenersession.js:101:18)
    at EventListener.callback (/home/dhanish/fabric_sfc/caliper-bench/node_modules/fabric-network/lib/impl/event/commitlistenersession.js:92:18)
    at EventListener.onEvent (/home/dhanish/fabric_sfc/caliper-bench/node_modules/fabric-common/lib/EventListener.js:124:10)
    at EventService._callTransactionListener (/home/dhanish/fabric_sfc/caliper-bench/node_modules/fabric-common/lib/EventService.js:1051:16)
    at EventService._processTxEvents (/home/dhanish/fabric_sfc/caliper-bench/node_modules/fabric-common/lib/EventService.js:1006:12)
    at ClientDuplexStreamImpl.<anonymous> (/home/dhanish/fabric_sfc/caliper-bench/node_modules/fabric-common/lib/EventService.js:481:12)
    at ClientDuplexStreamImpl.emit (node:events:517:28)
    at addChunk (node:internal/streams/readable:368:12)
    at readableAddChunk (node:internal/streams/readable:341:9)
2026.08.11-09:20:53.907[31m error[39m [caliper] [connectors/v2/FabricGateway] 	Failed to perform submit transaction [updateFinancierRLOffer] using arguments [User5,{"aprPct":16.2,"tenorDays":21,"ltvPct":70,"penaltyPct":0.5,"modelVersion":"caliper-workload"}],  with error: TransactionError: Commit of transaction 7ed16552041fe81129ed5d3110efd1870246c3c26d2675c7a363648fe17889b9 failed on peer peer0.financiers.example.com:7051 with status MVCC_READ_CONFLICT
    at TransactionEventHandler.eventCallback (/home/dhanish/fabric_sfc/caliper-bench/node_modules/fabric-network/lib/impl/event/transactioneventhandler.js:111:31)
    at CommitListenerSession.notifyListener (/home/dhanish/fabric_sfc/caliper-bench/node_modules/fabric-network/lib/impl/event/commitlistenersession.js:101:18)
    at EventListener.callback (/home/dhanish/fabric_sfc/caliper-bench/node_modules/fabric-network/lib/impl/event/commitlistenersession.js:92:18)
    at EventListener.onEvent (/home/dhanish/fabric_sfc/caliper-bench/node_modules/fabric-common/lib/EventListener.js:124:10)
    at EventService._callTransactionListener (/home/dhanish/fabric_sfc/caliper-bench/node_modules/fabric-common/lib/EventService.js:1051:16)
    at EventService._processTxEvents (/home/dhanish/fabric_sfc/caliper-bench/node_modules/fabric-common/lib/EventService.js:1006:12)
    at ClientDuplexStreamImpl.<anonymous> (/home/dhanish/fabric_sfc/caliper-bench/node_modules/fabric-common/lib/EventService.js:481:12)
    at ClientDuplexStreamImpl.emit (node:events:517:28)
    at addChunk (node:internal/streams/readable:368:12)
    at readableAddChunk (node:internal/streams/readable:341:9)
2026.08.11-09:20:53.907[31m error[39m [caliper] [connectors/v2/FabricGateway] 	Failed to perform submit transaction [updateFinancierRLOffer] using arguments [User4,{"aprPct":17.45,"tenorDays":14,"ltvPct":70,"penaltyPct":0.5,"modelVersion":"caliper-workload"}],  with error: TransactionError: Commit of transaction c85191c661ddadb025fd5c546f52bfbdb502d53fbb589b10e8e43bb5d27dee89 failed on peer peer0.financiers.example.com:7051 with status MVCC_READ_CONFLICT
    at TransactionEventHandler.eventCallback (/home/dhanish/fabric_sfc/caliper-bench/node_modules/fabric-network/lib/impl/event/transactioneventhandler.js:111:31)
    at CommitListenerSession.notifyListener (/home/dhanish/fabric_sfc/caliper-bench/node_modules/fabric-network/lib/impl/event/commitlistenersession.js:101:18)
    at EventListener.callback (/home/dhanish/fabric_sfc/caliper-bench/node_modules/fabric-network/lib/impl/event/commitlistenersession.js:92:18)
    at EventListener.onEvent (/home/dhanish/fabric_sfc/caliper-bench/node_modules/fabric-common/lib/EventListener.js:124:10)
    at EventService._callTransactionListener (/home/dhanish/fabric_sfc/caliper-bench/node_modules/fabric-common/lib/EventService.js:1051:16)
    at EventService._processTxEvents (/home/dhanish/fabric_sfc/caliper-bench/node_modules/fabric-common/lib/EventService.js:1006:12)
    at ClientDuplexStreamImpl.<anonymous> (/home/dhanish/fabric_sfc/caliper-bench/node_modules/fabric-common/lib/EventService.js:481:12)
    at ClientDuplexStreamImpl.emit (node:events:517:28)
    at addChunk (node:internal/streams/readable:368:12)
    at readableAddChunk (node:internal/streams/readable:341:9)
2026.08.11-09:20:53.907[31m error[39m [caliper] [connectors/v2/FabricGateway] 	Failed to perform submit transaction [updateFinancierRLOffer] using arguments [User5,{"aprPct":16.62,"tenorDays":21,"ltvPct":70,"penaltyPct":0.5,"modelVersion":"caliper-workload"}],  with error: TransactionError: Commit of transaction f3a3c185570f6ac2f01e9ad0dc20d4d4e49e8c31e70e506d1fd0eea1923b7a8c failed on peer peer0.financiers.example.com:7051 with status MVCC_READ_CONFLICT
    at TransactionEventHandler.eventCallback (/home/dhanish/fabric_sfc/caliper-bench/node_modules/fabric-network/lib/impl/event/transactioneventhandler.js:111:31)
    at CommitListenerSession.notifyListener (/home/dhanish/fabric_sfc/caliper-bench/node_modules/fabric-network/lib/impl/event/commitlistenersession.js:101:18)
    at EventListener.callback (/home/dhanish/fabric_sfc/caliper-bench/node_modules/fabric-network/lib/impl/event/commitlistenersession.js:92:18)
    at EventListener.onEvent (/home/dhanish/fabric_sfc/caliper-bench/node_modules/fabric-common/lib/EventListener.js:124:10)
    at EventService._callTransactionListener (/home/dhanish/fabric_sfc/caliper-bench/node_modules/fabric-common/lib/EventService.js:1051:16)
    at EventService._processTxEvents (/home/dhanish/fabric_sfc/caliper-bench/node_modules/fabric-common/lib/EventService.js:1006:12)
    at ClientDuplexStreamImpl.<anonymous> (/home/dhanish/fabric_sfc/caliper-bench/node_modules/fabric-common/lib/EventService.js:481:12)
    at ClientDuplexStreamImpl.emit (node:events:517:28)
    at addChunk (node:internal/streams/readable:368:12)
    at readableAddChunk (node:internal/streams/readable:341:9)
2026-08-11T09:20:53.908Z - [33mwarn[39m: [TransactionEventHandler]: strategyFail: commit failure for transaction "e03f43df20fc21dbeeaff146367b3486ab428cdd55e15d0b3de36b8545c76e98": TransactionError: Commit of transaction e03f43df20fc21dbeeaff146367b3486ab428cdd55e15d0b3de36b8545c76e98 failed on peer peer0.financiers.example.com:7051 with status MVCC_READ_CONFLICT
    at TransactionEventHandler.eventCallback (/home/dhanish/fabric_sfc/caliper-bench/node_modules/fabric-network/lib/impl/event/transactioneventhandler.js:111:31)
    at CommitListenerSession.notifyListener (/home/dhanish/fabric_sfc/caliper-bench/node_modules/fabric-network/lib/impl/event/commitlistenersession.js:101:18)
    at EventListener.callback (/home/dhanish/fabric_sfc/caliper-bench/node_modules/fabric-network/lib/impl/event/commitlistenersession.js:92:18)
    at EventListener.onEvent (/home/dhanish/fabric_sfc/caliper-bench/node_modules/fabric-common/lib/EventListener.js:124:10)
    at EventService._callTransactionListener (/home/dhanish/fabric_sfc/caliper-bench/node_modules/fabric-common/lib/EventService.js:1051:16)
    at EventService._processTxEvents (/home/dhanish/fabric_sfc/caliper-bench/node_modules/fabric-common/lib/EventService.js:1006:12)
    at ClientDuplexStreamImpl.<anonymous> (/home/dhanish/fabric_sfc/caliper-bench/node_modules/fabric-common/lib/EventService.js:481:12)
    at ClientDuplexStreamImpl.emit (node:events:517:28)
    at addChunk (node:internal/streams/readable:368:12)
    at readableAddChunk (node:internal/streams/readable:341:9) {
  transactionId: 'e03f43df20fc21dbeeaff146367b3486ab428cdd55e15d0b3de36b8545c76e98',
  transactionCode: 'MVCC_READ_CONFLICT'
}
2026-08-11T09:20:53.908Z - [33mwarn[39m: [TransactionEventHandler]: strategyFail: commit failure for transaction "98813aa95483faf9500f426ad09928ae856ae724a6edead5fe76a494e9eef8c4": TransactionError: Commit of transaction 98813aa95483faf9500f426ad09928ae856ae724a6edead5fe76a494e9eef8c4 failed on peer peer0.financiers.example.com:7051 with status MVCC_READ_CONFLICT
    at TransactionEventHandler.eventCallback (/home/dhanish/fabric_sfc/caliper-bench/node_modules/fabric-network/lib/impl/event/transactioneventhandler.js:111:31)
    at CommitListenerSession.notifyListener (/home/dhanish/fabric_sfc/caliper-bench/node_modules/fabric-network/lib/impl/event/commitlistenersession.js:101:18)
    at EventListener.callback (/home/dhanish/fabric_sfc/caliper-bench/node_modules/fabric-network/lib/impl/event/commitlistenersession.js:92:18)
    at EventListener.onEvent (/home/dhanish/fabric_sfc/caliper-bench/node_modules/fabric-common/lib/EventListener.js:124:10)
    at EventService._callTransactionListener (/home/dhanish/fabric_sfc/caliper-bench/node_modules/fabric-common/lib/EventService.js:1051:16)
    at EventService._processTxEvents (/home/dhanish/fabric_sfc/caliper-bench/node_modules/fabric-common/lib/EventService.js:1006:12)
    at ClientDuplexStreamImpl.<anonymous> (/home/dhanish/fabric_sfc/caliper-bench/node_modules/fabric-common/lib/EventService.js:481:12)
    at ClientDuplexStreamImpl.emit (node:events:517:28)
    at addChunk (node:internal/streams/readable:368:12)
    at readableAddChunk (node:internal/streams/readable:341:9) {
  transactionId: '98813aa95483faf9500f426ad09928ae856ae724a6edead5fe76a494e9eef8c4',
  transactionCode: 'MVCC_READ_CONFLICT'
}
2026-08-11T09:20:53.908Z - [33mwarn[39m: [TransactionEventHandler]: strategyFail: commit failure for transaction "b8485cd03aa2bb0ea566798e014ebbc54d44926febdbe318d216a207e735085a": TransactionError: Commit of transaction b8485cd03aa2bb0ea566798e014ebbc54d44926febdbe318d216a207e735085a failed on peer peer0.financiers.example.com:7051 with status MVCC_READ_CONFLICT
    at TransactionEventHandler.eventCallback (/home/dhanish/fabric_sfc/caliper-bench/node_modules/fabric-network/lib/impl/event/transactioneventhandler.js:111:31)
    at CommitListenerSession.notifyListener (/home/dhanish/fabric_sfc/caliper-bench/node_modules/fabric-network/lib/impl/event/commitlistenersession.js:101:18)
    at EventListener.callback (/home/dhanish/fabric_sfc/caliper-bench/node_modules/fabric-network/lib/impl/event/commitlistenersession.js:92:18)
    at EventListener.onEvent (/home/dhanish/fabric_sfc/caliper-bench/node_modules/fabric-common/lib/EventListener.js:124:10)
    at EventService._callTransactionListener (/home/dhanish/fabric_sfc/caliper-bench/node_modules/fabric-common/lib/EventService.js:1051:16)
    at EventService._processTxEvents (/home/dhanish/fabric_sfc/caliper-bench/node_modules/fabric-common/lib/EventService.js:1006:12)
    at ClientDuplexStreamImpl.<anonymous> (/home/dhanish/fabric_sfc/caliper-bench/node_modules/fabric-common/lib/EventService.js:481:12)
    at ClientDuplexStreamImpl.emit (node:events:517:28)
    at addChunk (node:internal/streams/readable:368:12)
    at readableAddChunk (node:internal/streams/readable:341:9) {
  transactionId: 'b8485cd03aa2bb0ea566798e014ebbc54d44926febdbe318d216a207e735085a',
  transactionCode: 'MVCC_READ_CONFLICT'
}
2026.08.11-09:20:53.908[31m error[39m [caliper] [connectors/v2/FabricGateway] 	Failed to perform submit transaction [updateFinancierRLOffer] using arguments [User3,{"aprPct":17.55,"tenorDays":28,"ltvPct":70,"penaltyPct":0.5,"modelVersion":"caliper-workload"}],  with error: TransactionError: Commit of transaction e03f43df20fc21dbeeaff146367b3486ab428cdd55e15d0b3de36b8545c76e98 failed on peer peer0.financiers.example.com:7051 with status MVCC_READ_CONFLICT
    at TransactionEventHandler.eventCallback (/home/dhanish/fabric_sfc/caliper-bench/node_modules/fabric-network/lib/impl/event/transactioneventhandler.js:111:31)
    at CommitListenerSession.notifyListener (/home/dhanish/fabric_sfc/caliper-bench/node_modules/fabric-network/lib/impl/event/commitlistenersession.js:101:18)
    at EventListener.callback (/home/dhanish/fabric_sfc/caliper-bench/node_modules/fabric-network/lib/impl/event/commitlistenersession.js:92:18)
    at EventListener.onEvent (/home/dhanish/fabric_sfc/caliper-bench/node_modules/fabric-common/lib/EventListener.js:124:10)
    at EventService._callTransactionListener (/home/dhanish/fabric_sfc/caliper-bench/node_modules/fabric-common/lib/EventService.js:1051:16)
    at EventService._processTxEvents (/home/dhanish/fabric_sfc/caliper-bench/node_modules/fabric-common/lib/EventService.js:1006:12)
    at ClientDuplexStreamImpl.<anonymous> (/home/dhanish/fabric_sfc/caliper-bench/node_modules/fabric-common/lib/EventService.js:481:12)
    at ClientDuplexStreamImpl.emit (node:events:517:28)
    at addChunk (node:internal/streams/readable:368:12)
    at readableAddChunk (node:internal/streams/readable:341:9)
2026.08.11-09:20:53.909[31m error[39m [caliper] [connectors/v2/FabricGateway] 	Failed to perform submit transaction [updateFinancierRLOffer] using arguments [User3,{"aprPct":16.74,"tenorDays":28,"ltvPct":70,"penaltyPct":0.5,"modelVersion":"caliper-workload"}],  with error: TransactionError: Commit of transaction 98813aa95483faf9500f426ad09928ae856ae724a6edead5fe76a494e9eef8c4 failed on peer peer0.financiers.example.com:7051 with status MVCC_READ_CONFLICT
    at TransactionEventHandler.eventCallback (/home/dhanish/fabric_sfc/caliper-bench/node_modules/fabric-network/lib/impl/event/transactioneventhandler.js:111:31)
    at CommitListenerSession.notifyListener (/home/dhanish/fabric_sfc/caliper-bench/node_modules/fabric-network/lib/impl/event/commitlistenersession.js:101:18)
    at EventListener.callback (/home/dhanish/fabric_sfc/caliper-bench/node_modules/fabric-network/lib/impl/event/commitlistenersession.js:92:18)
    at EventListener.onEvent (/home/dhanish/fabric_sfc/caliper-bench/node_modules/fabric-common/lib/EventListener.js:124:10)
    at EventService._callTransactionListener (/home/dhanish/fabric_sfc/caliper-bench/node_modules/fabric-common/lib/EventService.js:1051:16)
    at EventService._processTxEvents (/home/dhanish/fabric_sfc/caliper-bench/node_modules/fabric-common/lib/EventService.js:1006:12)
    at ClientDuplexStreamImpl.<anonymous> (/home/dhanish/fabric_sfc/caliper-bench/node_modules/fabric-common/lib/EventService.js:481:12)
    at ClientDuplexStreamImpl.emit (node:events:517:28)
    at addChunk (node:internal/streams/readable:368:12)
    at readableAddChunk (node:internal/streams/readable:341:9)
2026.08.11-09:20:53.909[31m error[39m [caliper] [connectors/v2/FabricGateway] 	Failed to perform submit transaction [updateFinancierRLOffer] using arguments [User2,{"aprPct":13.07,"tenorDays":21,"ltvPct":70,"penaltyPct":0.5,"modelVersion":"caliper-workload"}],  with error: TransactionError: Commit of transaction b8485cd03aa2bb0ea566798e014ebbc54d44926febdbe318d216a207e735085a failed on peer peer0.financiers.example.com:7051 with status MVCC_READ_CONFLICT
    at TransactionEventHandler.eventCallback (/home/dhanish/fabric_sfc/caliper-bench/node_modules/fabric-network/lib/impl/event/transactioneventhandler.js:111:31)
    at CommitListenerSession.notifyListener (/home/dhanish/fabric_sfc/caliper-bench/node_modules/fabric-network/lib/impl/event/commitlistenersession.js:101:18)
    at EventListener.callback (/home/dhanish/fabric_sfc/caliper-bench/node_modules/fabric-network/lib/impl/event/commitlistenersession.js:92:18)
    at EventListener.onEvent (/home/dhanish/fabric_sfc/caliper-bench/node_modules/fabric-common/lib/EventListener.js:124:10)
    at EventService._callTransactionListener (/home/dhanish/fabric_sfc/caliper-bench/node_modules/fabric-common/lib/EventService.js:1051:16)
    at EventService._processTxEvents (/home/dhanish/fabric_sfc/caliper-bench/node_modules/fabric-common/lib/EventService.js:1006:12)
    at ClientDuplexStreamImpl.<anonymous> (/home/dhanish/fabric_sfc/caliper-bench/node_modules/fabric-common/lib/EventService.js:481:12)
    at ClientDuplexStreamImpl.emit (node:events:517:28)
    at addChunk (node:internal/streams/readable:368:12)
    at readableAddChunk (node:internal/streams/readable:341:9)
2026-08-11T09:20:53.937Z - [33mwarn[39m: [TransactionEventHandler]: strategyFail: commit failure for transaction "6a8f649b00e11c3b524563c8a11ca81af4c7863bf1d34869db179baa9d4e8f1f": TransactionError: Commit of transaction 6a8f649b00e11c3b524563c8a11ca81af4c7863bf1d34869db179baa9d4e8f1f failed on peer peer0.financiers.example.com:7051 with status MVCC_READ_CONFLICT
    at TransactionEventHandler.eventCallback (/home/dhanish/fabric_sfc/caliper-bench/node_modules/fabric-network/lib/impl/event/transactioneventhandler.js:111:31)
    at CommitListenerSession.notifyListener (/home/dhanish/fabric_sfc/caliper-bench/node_modules/fabric-network/lib/impl/event/commitlistenersession.js:101:18)
    at EventListener.callback (/home/dhanish/fabric_sfc/caliper-bench/node_modules/fabric-network/lib/impl/event/commitlistenersession.js:92:18)
    at EventListener.onEvent (/home/dhanish/fabric_sfc/caliper-bench/node_modules/fabric-common/lib/EventListener.js:124:10)
    at EventService._callTransactionListener (/home/dhanish/fabric_sfc/caliper-bench/node_modules/fabric-common/lib/EventService.js:1051:16)
    at EventService._processTxEvents (/home/dhanish/fabric_sfc/caliper-bench/node_modules/fabric-common/lib/EventService.js:1006:12)
    at ClientDuplexStreamImpl.<anonymous> (/home/dhanish/fabric_sfc/caliper-bench/node_modules/fabric-common/lib/EventService.js:481:12)
    at ClientDuplexStreamImpl.emit (node:events:517:28)
    at addChunk (node:internal/streams/readable:368:12)
    at readableAddChunk (node:internal/streams/readable:341:9) {
  transactionId: '6a8f649b00e11c3b524563c8a11ca81af4c7863bf1d34869db179baa9d4e8f1f',
  transactionCode: 'MVCC_READ_CONFLICT'
}
2026-08-11T09:20:53.937Z - [33mwarn[39m: [TransactionEventHandler]: strategyFail: commit failure for transaction "99c0aaa45b5cc25140bceb302b3b592f4275410d2557d1ba71bcbe3306ec3b88": TransactionError: Commit of transaction 99c0aaa45b5cc25140bceb302b3b592f4275410d2557d1ba71bcbe3306ec3b88 failed on peer peer0.financiers.example.com:7051 with status MVCC_READ_CONFLICT
    at TransactionEventHandler.eventCallback (/home/dhanish/fabric_sfc/caliper-bench/node_modules/fabric-network/lib/impl/event/transactioneventhandler.js:111:31)
    at CommitListenerSession.notifyListener (/home/dhanish/fabric_sfc/caliper-bench/node_modules/fabric-network/lib/impl/event/commitlistenersession.js:101:18)
    at EventListener.callback (/home/dhanish/fabric_sfc/caliper-bench/node_modules/fabric-network/lib/impl/event/commitlistenersession.js:92:18)
    at EventListener.onEvent (/home/dhanish/fabric_sfc/caliper-bench/node_modules/fabric-common/lib/EventListener.js:124:10)
    at EventService._callTransactionListener (/home/dhanish/fabric_sfc/caliper-bench/node_modules/fabric-common/lib/EventService.js:1051:16)
    at EventService._processTxEvents (/home/dhanish/fabric_sfc/caliper-bench/node_modules/fabric-common/lib/EventService.js:1006:12)
    at ClientDuplexStreamImpl.<anonymous> (/home/dhanish/fabric_sfc/caliper-bench/node_modules/fabric-common/lib/EventService.js:481:12)
    at ClientDuplexStreamImpl.emit (node:events:517:28)
    at addChunk (node:internal/streams/readable:368:12)
    at readableAddChunk (node:internal/streams/readable:341:9) {
  transactionId: '99c0aaa45b5cc25140bceb302b3b592f4275410d2557d1ba71bcbe3306ec3b88',
  transactionCode: 'MVCC_READ_CONFLICT'
}
2026-08-11T09:20:53.937Z - [33mwarn[39m: [TransactionEventHandler]: strategyFail: commit failure for transaction "df5841330a6b09aa0720a60f3fee9cb140345203b4910af4ec3d06bc2df0f89b": TransactionError: Commit of transaction df5841330a6b09aa0720a60f3fee9cb140345203b4910af4ec3d06bc2df0f89b failed on peer peer0.financiers.example.com:7051 with status MVCC_READ_CONFLICT
    at TransactionEventHandler.eventCallback (/home/dhanish/fabric_sfc/caliper-bench/node_modules/fabric-network/lib/impl/event/transactioneventhandler.js:111:31)
    at CommitListenerSession.notifyListener (/home/dhanish/fabric_sfc/caliper-bench/node_modules/fabric-network/lib/impl/event/commitlistenersession.js:101:18)
    at EventListener.callback (/home/dhanish/fabric_sfc/caliper-bench/node_modules/fabric-network/lib/impl/event/commitlistenersession.js:92:18)
    at EventListener.onEvent (/home/dhanish/fabric_sfc/caliper-bench/node_modules/fabric-common/lib/EventListener.js:124:10)
    at EventService._callTransactionListener (/home/dhanish/fabric_sfc/caliper-bench/node_modules/fabric-common/lib/EventService.js:1051:16)
    at EventService._processTxEvents (/home/dhanish/fabric_sfc/caliper-bench/node_modules/fabric-common/lib/EventService.js:1006:12)
    at ClientDuplexStreamImpl.<anonymous> (/home/dhanish/fabric_sfc/caliper-bench/node_modules/fabric-common/lib/EventService.js:481:12)
    at ClientDuplexStreamImpl.emit (node:events:517:28)
    at addChunk (node:internal/streams/readable:368:12)
    at readableAddChunk (node:internal/streams/readable:341:9) {
  transactionId: 'df5841330a6b09aa0720a60f3fee9cb140345203b4910af4ec3d06bc2df0f89b',
  transactionCode: 'MVCC_READ_CONFLICT'
}
2026-08-11T09:20:53.937Z - [33mwarn[39m: [TransactionEventHandler]: strategyFail: commit failure for transaction "89f6a5d3c80a6dd6f45493c5da4452da0b9df4e2947460ee3d8f1b5cd15d5d83": TransactionError: Commit of transaction 89f6a5d3c80a6dd6f45493c5da4452da0b9df4e2947460ee3d8f1b5cd15d5d83 failed on peer peer0.financiers.example.com:7051 with status MVCC_READ_CONFLICT
    at TransactionEventHandler.eventCallback (/home/dhanish/fabric_sfc/caliper-bench/node_modules/fabric-network/lib/impl/event/transactioneventhandler.js:111:31)
    at CommitListenerSession.notifyListener (/home/dhanish/fabric_sfc/caliper-bench/node_modules/fabric-network/lib/impl/event/commitlistenersession.js:101:18)
    at EventListener.callback (/home/dhanish/fabric_sfc/caliper-bench/node_modules/fabric-network/lib/impl/event/commitlistenersession.js:92:18)
    at EventListener.onEvent (/home/dhanish/fabric_sfc/caliper-bench/node_modules/fabric-common/lib/EventListener.js:124:10)
    at EventService._callTransactionListener (/home/dhanish/fabric_sfc/caliper-bench/node_modules/fabric-common/lib/EventService.js:1051:16)
    at EventService._processTxEvents (/home/dhanish/fabric_sfc/caliper-bench/node_modules/fabric-common/lib/EventService.js:1006:12)
    at ClientDuplexStreamImpl.<anonymous> (/home/dhanish/fabric_sfc/caliper-bench/node_modules/fabric-common/lib/EventService.js:481:12)
    at ClientDuplexStreamImpl.emit (node:events:517:28)
    at addChunk (node:internal/streams/readable:368:12)
    at readableAddChunk (node:internal/streams/readable:341:9) {
  transactionId: '89f6a5d3c80a6dd6f45493c5da4452da0b9df4e2947460ee3d8f1b5cd15d5d83',
  transactionCode: 'MVCC_READ_CONFLICT'
}
2026-08-11T09:20:53.937Z - [33mwarn[39m: [TransactionEventHandler]: strategyFail: commit failure for transaction "dcdcbd621ca310a33b89b32ebe427975c9cc64538dfb49ed2d4a0943c99af2d9": TransactionError: Commit of transaction dcdcbd621ca310a33b89b32ebe427975c9cc64538dfb49ed2d4a0943c99af2d9 failed on peer peer0.financiers.example.com:7051 with status MVCC_READ_CONFLICT
    at TransactionEventHandler.eventCallback (/home/dhanish/fabric_sfc/caliper-bench/node_modules/fabric-network/lib/impl/event/transactioneventhandler.js:111:31)
    at CommitListenerSession.notifyListener (/home/dhanish/fabric_sfc/caliper-bench/node_modules/fabric-network/lib/impl/event/commitlistenersession.js:101:18)
    at EventListener.callback (/home/dhanish/fabric_sfc/caliper-bench/node_modules/fabric-network/lib/impl/event/commitlistenersession.js:92:18)
    at EventListener.onEvent (/home/dhanish/fabric_sfc/caliper-bench/node_modules/fabric-common/lib/EventListener.js:124:10)
    at EventService._callTransactionListener (/home/dhanish/fabric_sfc/caliper-bench/node_modules/fabric-common/lib/EventService.js:1051:16)
    at EventService._processTxEvents (/home/dhanish/fabric_sfc/caliper-bench/node_modules/fabric-common/lib/EventService.js:1006:12)
    at ClientDuplexStreamImpl.<anonymous> (/home/dhanish/fabric_sfc/caliper-bench/node_modules/fabric-common/lib/EventService.js:481:12)
    at ClientDuplexStreamImpl.emit (node:events:517:28)
    at addChunk (node:internal/streams/readable:368:12)
    at readableAddChunk (node:internal/streams/readable:341:9) {
  transactionId: 'dcdcbd621ca310a33b89b32ebe427975c9cc64538dfb49ed2d4a0943c99af2d9',
  transactionCode: 'MVCC_READ_CONFLICT'
}
2026-08-11T09:20:53.937Z - [33mwarn[39m: [TransactionEventHandler]: strategyFail: commit failure for transaction "2cc7af8d7c889acdcd86a1f5906e2467ed7e539282edff69e46a95ff263f46a9": TransactionError: Commit of transaction 2cc7af8d7c889acdcd86a1f5906e2467ed7e539282edff69e46a95ff263f46a9 failed on peer peer0.financiers.example.com:7051 with status MVCC_READ_CONFLICT
    at TransactionEventHandler.eventCallback (/home/dhanish/fabric_sfc/caliper-bench/node_modules/fabric-network/lib/impl/event/transactioneventhandler.js:111:31)
    at CommitListenerSession.notifyListener (/home/dhanish/fabric_sfc/caliper-bench/node_modules/fabric-network/lib/impl/event/commitlistenersession.js:101:18)
    at EventListener.callback (/home/dhanish/fabric_sfc/caliper-bench/node_modules/fabric-network/lib/impl/event/commitlistenersession.js:92:18)
    at EventListener.onEvent (/home/dhanish/fabric_sfc/caliper-bench/node_modules/fabric-common/lib/EventListener.js:124:10)
    at EventService._callTransactionListener (/home/dhanish/fabric_sfc/caliper-bench/node_modules/fabric-common/lib/EventService.js:1051:16)
    at EventService._processTxEvents (/home/dhanish/fabric_sfc/caliper-bench/node_modules/fabric-common/lib/EventService.js:1006:12)
    at ClientDuplexStreamImpl.<anonymous> (/home/dhanish/fabric_sfc/caliper-bench/node_modules/fabric-common/lib/EventService.js:481:12)
    at ClientDuplexStreamImpl.emit (node:events:517:28)
    at addChunk (node:internal/streams/readable:368:12)
    at readableAddChunk (node:internal/streams/readable:341:9) {
  transactionId: '2cc7af8d7c889acdcd86a1f5906e2467ed7e539282edff69e46a95ff263f46a9',
  transactionCode: 'MVCC_READ_CONFLICT'
}
2026-08-11T09:20:53.937Z - [33mwarn[39m: [TransactionEventHandler]: strategyFail: commit failure for transaction "4412299f564e31c238f8460b40ce00203188373a473baada494cfc337d6a53b4": TransactionError: Commit of transaction 4412299f564e31c238f8460b40ce00203188373a473baada494cfc337d6a53b4 failed on peer peer0.financiers.example.com:7051 with status MVCC_READ_CONFLICT
    at TransactionEventHandler.eventCallback (/home/dhanish/fabric_sfc/caliper-bench/node_modules/fabric-network/lib/impl/event/transactioneventhandler.js:111:31)
    at CommitListenerSession.notifyListener (/home/dhanish/fabric_sfc/caliper-bench/node_modules/fabric-network/lib/impl/event/commitlistenersession.js:101:18)
    at EventListener.callback (/home/dhanish/fabric_sfc/caliper-bench/node_modules/fabric-network/lib/impl/event/commitlistenersession.js:92:18)
    at EventListener.onEvent (/home/dhanish/fabric_sfc/caliper-bench/node_modules/fabric-common/lib/EventListener.js:124:10)
    at EventService._callTransactionListener (/home/dhanish/fabric_sfc/caliper-bench/node_modules/fabric-common/lib/EventService.js:1051:16)
    at EventService._processTxEvents (/home/dhanish/fabric_sfc/caliper-bench/node_modules/fabric-common/lib/EventService.js:1006:12)
    at ClientDuplexStreamImpl.<anonymous> (/home/dhanish/fabric_sfc/caliper-bench/node_modules/fabric-common/lib/EventService.js:481:12)
    at ClientDuplexStreamImpl.emit (node:events:517:28)
    at addChunk (node:internal/streams/readable:368:12)
    at readableAddChunk (node:internal/streams/readable:341:9) {
  transactionId: '4412299f564e31c238f8460b40ce00203188373a473baada494cfc337d6a53b4',
  transactionCode: 'MVCC_READ_CONFLICT'
}
2026.08.11-09:20:53.937[31m error[39m [caliper] [connectors/v2/FabricGateway] 	Failed to perform submit transaction [updateFinancierRLOffer] using arguments [User4,{"aprPct":13.11,"tenorDays":14,"ltvPct":70,"penaltyPct":0.5,"modelVersion":"caliper-workload"}],  with error: TransactionError: Commit of transaction 99c0aaa45b5cc25140bceb302b3b592f4275410d2557d1ba71bcbe3306ec3b88 failed on peer peer0.financiers.example.com:7051 with status MVCC_READ_CONFLICT
    at TransactionEventHandler.eventCallback (/home/dhanish/fabric_sfc/caliper-bench/node_modules/fabric-network/lib/impl/event/transactioneventhandler.js:111:31)
    at CommitListenerSession.notifyListener (/home/dhanish/fabric_sfc/caliper-bench/node_modules/fabric-network/lib/impl/event/commitlistenersession.js:101:18)
    at EventListener.callback (/home/dhanish/fabric_sfc/caliper-bench/node_modules/fabric-network/lib/impl/event/commitlistenersession.js:92:18)
    at EventListener.onEvent (/home/dhanish/fabric_sfc/caliper-bench/node_modules/fabric-common/lib/EventListener.js:124:10)
    at EventService._callTransactionListener (/home/dhanish/fabric_sfc/caliper-bench/node_modules/fabric-common/lib/EventService.js:1051:16)
    at EventService._processTxEvents (/home/dhanish/fabric_sfc/caliper-bench/node_modules/fabric-common/lib/EventService.js:1006:12)
    at ClientDuplexStreamImpl.<anonymous> (/home/dhanish/fabric_sfc/caliper-bench/node_modules/fabric-common/lib/EventService.js:481:12)
    at ClientDuplexStreamImpl.emit (node:events:517:28)
    at addChunk (node:internal/streams/readable:368:12)
    at readableAddChunk (node:internal/streams/readable:341:9)
2026.08.11-09:20:53.937[31m error[39m [caliper] [connectors/v2/FabricGateway] 	Failed to perform submit transaction [updateFinancierRLOffer] using arguments [User3,{"aprPct":16.38,"tenorDays":28,"ltvPct":70,"penaltyPct":0.5,"modelVersion":"caliper-workload"}],  with error: TransactionError: Commit of transaction 89f6a5d3c80a6dd6f45493c5da4452da0b9df4e2947460ee3d8f1b5cd15d5d83 failed on peer peer0.financiers.example.com:7051 with status MVCC_READ_CONFLICT
    at TransactionEventHandler.eventCallback (/home/dhanish/fabric_sfc/caliper-bench/node_modules/fabric-network/lib/impl/event/transactioneventhandler.js:111:31)
    at CommitListenerSession.notifyListener (/home/dhanish/fabric_sfc/caliper-bench/node_modules/fabric-network/lib/impl/event/commitlistenersession.js:101:18)
    at EventListener.callback (/home/dhanish/fabric_sfc/caliper-bench/node_modules/fabric-network/lib/impl/event/commitlistenersession.js:92:18)
    at EventListener.onEvent (/home/dhanish/fabric_sfc/caliper-bench/node_modules/fabric-common/lib/EventListener.js:124:10)
    at EventService._callTransactionListener (/home/dhanish/fabric_sfc/caliper-bench/node_modules/fabric-common/lib/EventService.js:1051:16)
    at EventService._processTxEvents (/home/dhanish/fabric_sfc/caliper-bench/node_modules/fabric-common/lib/EventService.js:1006:12)
    at ClientDuplexStreamImpl.<anonymous> (/home/dhanish/fabric_sfc/caliper-bench/node_modules/fabric-common/lib/EventService.js:481:12)
    at ClientDuplexStreamImpl.emit (node:events:517:28)
    at addChunk (node:internal/streams/readable:368:12)
    at readableAddChunk (node:internal/streams/readable:341:9)
2026-08-11T09:20:53.938Z - [33mwarn[39m: [TransactionEventHandler]: strategyFail: commit failure for transaction "b19e4dce9df38a464a1bb65483a23d7919a498c0a7f69c0e0414f56f22d952f0": TransactionError: Commit of transaction b19e4dce9df38a464a1bb65483a23d7919a498c0a7f69c0e0414f56f22d952f0 failed on peer peer0.financiers.example.com:7051 with status MVCC_READ_CONFLICT
    at TransactionEventHandler.eventCallback (/home/dhanish/fabric_sfc/caliper-bench/node_modules/fabric-network/lib/impl/event/transactioneventhandler.js:111:31)
    at CommitListenerSession.notifyListener (/home/dhanish/fabric_sfc/caliper-bench/node_modules/fabric-network/lib/impl/event/commitlistenersession.js:101:18)
    at EventListener.callback (/home/dhanish/fabric_sfc/caliper-bench/node_modules/fabric-network/lib/impl/event/commitlistenersession.js:92:18)
    at EventListener.onEvent (/home/dhanish/fabric_sfc/caliper-bench/node_modules/fabric-common/lib/EventListener.js:124:10)
    at EventService._callTransactionListener (/home/dhanish/fabric_sfc/caliper-bench/node_modules/fabric-common/lib/EventService.js:1051:16)
    at EventService._processTxEvents (/home/dhanish/fabric_sfc/caliper-bench/node_modules/fabric-common/lib/EventService.js:1006:12)
    at ClientDuplexStreamImpl.<anonymous> (/home/dhanish/fabric_sfc/caliper-bench/node_modules/fabric-common/lib/EventService.js:481:12)
    at ClientDuplexStreamImpl.emit (node:events:517:28)
    at addChunk (node:internal/streams/readable:368:12)
    at readableAddChunk (node:internal/streams/readable:341:9) {
  transactionId: 'b19e4dce9df38a464a1bb65483a23d7919a498c0a7f69c0e0414f56f22d952f0',
  transactionCode: 'MVCC_READ_CONFLICT'
}
2026.08.11-09:20:53.938[31m error[39m [caliper] [connectors/v2/FabricGateway] 	Failed to perform submit transaction [updateFinancierRLOffer] using arguments [User5,{"aprPct":15.2,"tenorDays":21,"ltvPct":70,"penaltyPct":0.5,"modelVersion":"caliper-workload"}],  with error: TransactionError: Commit of transaction 6a8f649b00e11c3b524563c8a11ca81af4c7863bf1d34869db179baa9d4e8f1f failed on peer peer0.financiers.example.com:7051 with status MVCC_READ_CONFLICT
    at TransactionEventHandler.eventCallback (/home/dhanish/fabric_sfc/caliper-bench/node_modules/fabric-network/lib/impl/event/transactioneventhandler.js:111:31)
    at CommitListenerSession.notifyListener (/home/dhanish/fabric_sfc/caliper-bench/node_modules/fabric-network/lib/impl/event/commitlistenersession.js:101:18)
    at EventListener.callback (/home/dhanish/fabric_sfc/caliper-bench/node_modules/fabric-network/lib/impl/event/commitlistenersession.js:92:18)
    at EventListener.onEvent (/home/dhanish/fabric_sfc/caliper-bench/node_modules/fabric-common/lib/EventListener.js:124:10)
    at EventService._callTransactionListener (/home/dhanish/fabric_sfc/caliper-bench/node_modules/fabric-common/lib/EventService.js:1051:16)
    at EventService._processTxEvents (/home/dhanish/fabric_sfc/caliper-bench/node_modules/fabric-common/lib/EventService.js:1006:12)
    at ClientDuplexStreamImpl.<anonymous> (/home/dhanish/fabric_sfc/caliper-bench/node_modules/fabric-common/lib/EventService.js:481:12)
    at ClientDuplexStreamImpl.emit (node:events:517:28)
    at addChunk (node:internal/streams/readable:368:12)
    at readableAddChunk (node:internal/streams/readable:341:9)
2026-08-11T09:20:53.938Z - [33mwarn[39m: [TransactionEventHandler]: strategyFail: commit failure for transaction "1230376865ea2a43aaaf106820421a604f7563c1152f91b2ccc4cf934612a565": TransactionError: Commit of transaction 1230376865ea2a43aaaf106820421a604f7563c1152f91b2ccc4cf934612a565 failed on peer peer0.financiers.example.com:7051 with status MVCC_READ_CONFLICT
    at TransactionEventHandler.eventCallback (/home/dhanish/fabric_sfc/caliper-bench/node_modules/fabric-network/lib/impl/event/transactioneventhandler.js:111:31)
    at CommitListenerSession.notifyListener (/home/dhanish/fabric_sfc/caliper-bench/node_modules/fabric-network/lib/impl/event/commitlistenersession.js:101:18)
    at EventListener.callback (/home/dhanish/fabric_sfc/caliper-bench/node_modules/fabric-network/lib/impl/event/commitlistenersession.js:92:18)
    at EventListener.onEvent (/home/dhanish/fabric_sfc/caliper-bench/node_modules/fabric-common/lib/EventListener.js:124:10)
    at EventService._callTransactionListener (/home/dhanish/fabric_sfc/caliper-bench/node_modules/fabric-common/lib/EventService.js:1051:16)
    at EventService._processTxEvents (/home/dhanish/fabric_sfc/caliper-bench/node_modules/fabric-common/lib/EventService.js:1006:12)
    at ClientDuplexStreamImpl.<anonymous> (/home/dhanish/fabric_sfc/caliper-bench/node_modules/fabric-common/lib/EventService.js:481:12)
    at ClientDuplexStreamImpl.emit (node:events:517:28)
    at addChunk (node:internal/streams/readable:368:12)
    at readableAddChunk (node:internal/streams/readable:341:9) {
  transactionId: '1230376865ea2a43aaaf106820421a604f7563c1152f91b2ccc4cf934612a565',
  transactionCode: 'MVCC_READ_CONFLICT'
}
2026.08.11-09:20:53.938[31m error[39m [caliper] [connectors/v2/FabricGateway] 	Failed to perform submit transaction [updateFinancierRLOffer] using arguments [User1,{"aprPct":12.42,"tenorDays":14,"ltvPct":70,"penaltyPct":0.5,"modelVersion":"caliper-workload"}],  with error: TransactionError: Commit of transaction df5841330a6b09aa0720a60f3fee9cb140345203b4910af4ec3d06bc2df0f89b failed on peer peer0.financiers.example.com:7051 with status MVCC_READ_CONFLICT
    at TransactionEventHandler.eventCallback (/home/dhanish/fabric_sfc/caliper-bench/node_modules/fabric-network/lib/impl/event/transactioneventhandler.js:111:31)
    at CommitListenerSession.notifyListener (/home/dhanish/fabric_sfc/caliper-bench/node_modules/fabric-network/lib/impl/event/commitlistenersession.js:101:18)
    at EventListener.callback (/home/dhanish/fabric_sfc/caliper-bench/node_modules/fabric-network/lib/impl/event/commitlistenersession.js:92:18)
    at EventListener.onEvent (/home/dhanish/fabric_sfc/caliper-bench/node_modules/fabric-common/lib/EventListener.js:124:10)
    at EventService._callTransactionListener (/home/dhanish/fabric_sfc/caliper-bench/node_modules/fabric-common/lib/EventService.js:1051:16)
    at EventService._processTxEvents (/home/dhanish/fabric_sfc/caliper-bench/node_modules/fabric-common/lib/EventService.js:1006:12)
    at ClientDuplexStreamImpl.<anonymous> (/home/dhanish/fabric_sfc/caliper-bench/node_modules/fabric-common/lib/EventService.js:481:12)
    at ClientDuplexStreamImpl.emit (node:events:517:28)
    at addChunk (node:internal/streams/readable:368:12)
    at readableAddChunk (node:internal/streams/readable:341:9)
2026.08.11-09:20:53.938[31m error[39m [caliper] [connectors/v2/FabricGateway] 	Failed to perform submit transaction [updateFinancierRLOffer] using arguments [User5,{"aprPct":12.8,"tenorDays":21,"ltvPct":70,"penaltyPct":0.5,"modelVersion":"caliper-workload"}],  with error: TransactionError: Commit of transaction 4412299f564e31c238f8460b40ce00203188373a473baada494cfc337d6a53b4 failed on peer peer0.financiers.example.com:7051 with status MVCC_READ_CONFLICT
    at TransactionEventHandler.eventCallback (/home/dhanish/fabric_sfc/caliper-bench/node_modules/fabric-network/lib/impl/event/transactioneventhandler.js:111:31)
    at CommitListenerSession.notifyListener (/home/dhanish/fabric_sfc/caliper-bench/node_modules/fabric-network/lib/impl/event/commitlistenersession.js:101:18)
    at EventListener.callback (/home/dhanish/fabric_sfc/caliper-bench/node_modules/fabric-network/lib/impl/event/commitlistenersession.js:92:18)
    at EventListener.onEvent (/home/dhanish/fabric_sfc/caliper-bench/node_modules/fabric-common/lib/EventListener.js:124:10)
    at EventService._callTransactionListener (/home/dhanish/fabric_sfc/caliper-bench/node_modules/fabric-common/lib/EventService.js:1051:16)
    at EventService._processTxEvents (/home/dhanish/fabric_sfc/caliper-bench/node_modules/fabric-common/lib/EventService.js:1006:12)
    at ClientDuplexStreamImpl.<anonymous> (/home/dhanish/fabric_sfc/caliper-bench/node_modules/fabric-common/lib/EventService.js:481:12)
    at ClientDuplexStreamImpl.emit (node:events:517:28)
    at addChunk (node:internal/streams/readable:368:12)
    at readableAddChunk (node:internal/streams/readable:341:9)
2026.08.11-09:20:53.938[31m error[39m [caliper] [connectors/v2/FabricGateway] 	Failed to perform submit transaction [updateFinancierRLOffer] using arguments [User1,{"aprPct":14.33,"tenorDays":14,"ltvPct":70,"penaltyPct":0.5,"modelVersion":"caliper-workload"}],  with error: TransactionError: Commit of transaction 2cc7af8d7c889acdcd86a1f5906e2467ed7e539282edff69e46a95ff263f46a9 failed on peer peer0.financiers.example.com:7051 with status MVCC_READ_CONFLICT
    at TransactionEventHandler.eventCallback (/home/dhanish/fabric_sfc/caliper-bench/node_modules/fabric-network/lib/impl/event/transactioneventhandler.js:111:31)
    at CommitListenerSession.notifyListener (/home/dhanish/fabric_sfc/caliper-bench/node_modules/fabric-network/lib/impl/event/commitlistenersession.js:101:18)
    at EventListener.callback (/home/dhanish/fabric_sfc/caliper-bench/node_modules/fabric-network/lib/impl/event/commitlistenersession.js:92:18)
    at EventListener.onEvent (/home/dhanish/fabric_sfc/caliper-bench/node_modules/fabric-common/lib/EventListener.js:124:10)
    at EventService._callTransactionListener (/home/dhanish/fabric_sfc/caliper-bench/node_modules/fabric-common/lib/EventService.js:1051:16)
    at EventService._processTxEvents (/home/dhanish/fabric_sfc/caliper-bench/node_modules/fabric-common/lib/EventService.js:1006:12)
    at ClientDuplexStreamImpl.<anonymous> (/home/dhanish/fabric_sfc/caliper-bench/node_modules/fabric-common/lib/EventService.js:481:12)
    at ClientDuplexStreamImpl.emit (node:events:517:28)
    at addChunk (node:internal/streams/readable:368:12)
    at readableAddChunk (node:internal/streams/readable:341:9)
2026.08.11-09:20:53.938[31m error[39m [caliper] [connectors/v2/FabricGateway] 	Failed to perform submit transaction [updateFinancierRLOffer] using arguments [User1,{"aprPct":14.16,"tenorDays":14,"ltvPct":70,"penaltyPct":0.5,"modelVersion":"caliper-workload"}],  with error: TransactionError: Commit of transaction b19e4dce9df38a464a1bb65483a23d7919a498c0a7f69c0e0414f56f22d952f0 failed on peer peer0.financiers.example.com:7051 with status MVCC_READ_CONFLICT
    at TransactionEventHandler.eventCallback (/home/dhanish/fabric_sfc/caliper-bench/node_modules/fabric-network/lib/impl/event/transactioneventhandler.js:111:31)
    at CommitListenerSession.notifyListener (/home/dhanish/fabric_sfc/caliper-bench/node_modules/fabric-network/lib/impl/event/commitlistenersession.js:101:18)
    at EventListener.callback (/home/dhanish/fabric_sfc/caliper-bench/node_modules/fabric-network/lib/impl/event/commitlistenersession.js:92:18)
    at EventListener.onEvent (/home/dhanish/fabric_sfc/caliper-bench/node_modules/fabric-common/lib/EventListener.js:124:10)
    at EventService._callTransactionListener (/home/dhanish/fabric_sfc/caliper-bench/node_modules/fabric-common/lib/EventService.js:1051:16)
    at EventService._processTxEvents (/home/dhanish/fabric_sfc/caliper-bench/node_modules/fabric-common/lib/EventService.js:1006:12)
    at ClientDuplexStreamImpl.<anonymous> (/home/dhanish/fabric_sfc/caliper-bench/node_modules/fabric-common/lib/EventService.js:481:12)
    at ClientDuplexStreamImpl.emit (node:events:517:28)
    at addChunk (node:internal/streams/readable:368:12)
    at readableAddChunk (node:internal/streams/readable:341:9)
2026.08.11-09:20:53.938[31m error[39m [caliper] [connectors/v2/FabricGateway] 	Failed to perform submit transaction [updateFinancierRLOffer] using arguments [User2,{"aprPct":15.41,"tenorDays":21,"ltvPct":70,"penaltyPct":0.5,"modelVersion":"caliper-workload"}],  with error: TransactionError: Commit of transaction dcdcbd621ca310a33b89b32ebe427975c9cc64538dfb49ed2d4a0943c99af2d9 failed on peer peer0.financiers.example.com:7051 with status MVCC_READ_CONFLICT
    at TransactionEventHandler.eventCallback (/home/dhanish/fabric_sfc/caliper-bench/node_modules/fabric-network/lib/impl/event/transactioneventhandler.js:111:31)
    at CommitListenerSession.notifyListener (/home/dhanish/fabric_sfc/caliper-bench/node_modules/fabric-network/lib/impl/event/commitlistenersession.js:101:18)
    at EventListener.callback (/home/dhanish/fabric_sfc/caliper-bench/node_modules/fabric-network/lib/impl/event/commitlistenersession.js:92:18)
    at EventListener.onEvent (/home/dhanish/fabric_sfc/caliper-bench/node_modules/fabric-common/lib/EventListener.js:124:10)
    at EventService._callTransactionListener (/home/dhanish/fabric_sfc/caliper-bench/node_modules/fabric-common/lib/EventService.js:1051:16)
    at EventService._processTxEvents (/home/dhanish/fabric_sfc/caliper-bench/node_modules/fabric-common/lib/EventService.js:1006:12)
    at ClientDuplexStreamImpl.<anonymous> (/home/dhanish/fabric_sfc/caliper-bench/node_modules/fabric-common/lib/EventService.js:481:12)
    at ClientDuplexStreamImpl.emit (node:events:517:28)
    at addChunk (node:internal/streams/readable:368:12)
    at readableAddChunk (node:internal/streams/readable:341:9)
2026.08.11-09:20:53.938[31m error[39m [caliper] [connectors/v2/FabricGateway] 	Failed to perform submit transaction [updateFinancierRLOffer] using arguments [User2,{"aprPct":12.48,"tenorDays":21,"ltvPct":70,"penaltyPct":0.5,"modelVersion":"caliper-workload"}],  with error: TransactionError: Commit of transaction 1230376865ea2a43aaaf106820421a604f7563c1152f91b2ccc4cf934612a565 failed on peer peer0.financiers.example.com:7051 with status MVCC_READ_CONFLICT
    at TransactionEventHandler.eventCallback (/home/dhanish/fabric_sfc/caliper-bench/node_modules/fabric-network/lib/impl/event/transactioneventhandler.js:111:31)
    at CommitListenerSession.notifyListener (/home/dhanish/fabric_sfc/caliper-bench/node_modules/fabric-network/lib/impl/event/commitlistenersession.js:101:18)
    at EventListener.callback (/home/dhanish/fabric_sfc/caliper-bench/node_modules/fabric-network/lib/impl/event/commitlistenersession.js:92:18)
    at EventListener.onEvent (/home/dhanish/fabric_sfc/caliper-bench/node_modules/fabric-common/lib/EventListener.js:124:10)
    at EventService._callTransactionListener (/home/dhanish/fabric_sfc/caliper-bench/node_modules/fabric-common/lib/EventService.js:1051:16)
    at EventService._processTxEvents (/home/dhanish/fabric_sfc/caliper-bench/node_modules/fabric-common/lib/EventService.js:1006:12)
    at ClientDuplexStreamImpl.<anonymous> (/home/dhanish/fabric_sfc/caliper-bench/node_modules/fabric-common/lib/EventService.js:481:12)
    at ClientDuplexStreamImpl.emit (node:events:517:28)
    at addChunk (node:internal/streams/readable:368:12)
    at readableAddChunk (node:internal/streams/readable:341:9)
2026-08-11T09:20:53.968Z - [33mwarn[39m: [TransactionEventHandler]: strategyFail: commit failure for transaction "bf97e26be34c6a12a683cca9345a4e8a474e591a254fe7a6e3803729f9703834": TransactionError: Commit of transaction bf97e26be34c6a12a683cca9345a4e8a474e591a254fe7a6e3803729f9703834 failed on peer peer0.financiers.example.com:7051 with status MVCC_READ_CONFLICT
    at TransactionEventHandler.eventCallback (/home/dhanish/fabric_sfc/caliper-bench/node_modules/fabric-network/lib/impl/event/transactioneventhandler.js:111:31)
    at CommitListenerSession.notifyListener (/home/dhanish/fabric_sfc/caliper-bench/node_modules/fabric-network/lib/impl/event/commitlistenersession.js:101:18)
    at EventListener.callback (/home/dhanish/fabric_sfc/caliper-bench/node_modules/fabric-network/lib/impl/event/commitlistenersession.js:92:18)
    at EventListener.onEvent (/home/dhanish/fabric_sfc/caliper-bench/node_modules/fabric-common/lib/EventListener.js:124:10)
    at EventService._callTransactionListener (/home/dhanish/fabric_sfc/caliper-bench/node_modules/fabric-common/lib/EventService.js:1051:16)
    at EventService._processTxEvents (/home/dhanish/fabric_sfc/caliper-bench/node_modules/fabric-common/lib/EventService.js:1006:12)
    at ClientDuplexStreamImpl.<anonymous> (/home/dhanish/fabric_sfc/caliper-bench/node_modules/fabric-common/lib/EventService.js:481:12)
    at ClientDuplexStreamImpl.emit (node:events:517:28)
    at addChunk (node:internal/streams/readable:368:12)
    at readableAddChunk (node:internal/streams/readable:341:9) {
  transactionId: 'bf97e26be34c6a12a683cca9345a4e8a474e591a254fe7a6e3803729f9703834',
  transactionCode: 'MVCC_READ_CONFLICT'
}
2026.08.11-09:20:53.968[31m error[39m [caliper] [connectors/v2/FabricGateway] 	Failed to perform submit transaction [updateFinancierRLOffer] using arguments [User1,{"aprPct":14.31,"tenorDays":14,"ltvPct":70,"penaltyPct":0.5,"modelVersion":"caliper-workload"}],  with error: TransactionError: Commit of transaction bf97e26be34c6a12a683cca9345a4e8a474e591a254fe7a6e3803729f9703834 failed on peer peer0.financiers.example.com:7051 with status MVCC_READ_CONFLICT
    at TransactionEventHandler.eventCallback (/home/dhanish/fabric_sfc/caliper-bench/node_modules/fabric-network/lib/impl/event/transactioneventhandler.js:111:31)
    at CommitListenerSession.notifyListener (/home/dhanish/fabric_sfc/caliper-bench/node_modules/fabric-network/lib/impl/event/commitlistenersession.js:101:18)
    at EventListener.callback (/home/dhanish/fabric_sfc/caliper-bench/node_modules/fabric-network/lib/impl/event/commitlistenersession.js:92:18)
    at EventListener.onEvent (/home/dhanish/fabric_sfc/caliper-bench/node_modules/fabric-common/lib/EventListener.js:124:10)
    at EventService._callTransactionListener (/home/dhanish/fabric_sfc/caliper-bench/node_modules/fabric-common/lib/EventService.js:1051:16)
    at EventService._processTxEvents (/home/dhanish/fabric_sfc/caliper-bench/node_modules/fabric-common/lib/EventService.js:1006:12)
    at ClientDuplexStreamImpl.<anonymous> (/home/dhanish/fabric_sfc/caliper-bench/node_modules/fabric-common/lib/EventService.js:481:12)
    at ClientDuplexStreamImpl.emit (node:events:517:28)
    at addChunk (node:internal/streams/readable:368:12)
    at readableAddChunk (node:internal/streams/readable:341:9)
2026-08-11T09:20:53.971Z - [33mwarn[39m: [TransactionEventHandler]: strategyFail: commit failure for transaction "d001935af9b753b2be3e82354b2601a7455ccb0346cf7a4cb2c82d51ee2127b0": TransactionError: Commit of transaction d001935af9b753b2be3e82354b2601a7455ccb0346cf7a4cb2c82d51ee2127b0 failed on peer peer0.financiers.example.com:7051 with status MVCC_READ_CONFLICT
    at TransactionEventHandler.eventCallback (/home/dhanish/fabric_sfc/caliper-bench/node_modules/fabric-network/lib/impl/event/transactioneventhandler.js:111:31)
    at CommitListenerSession.notifyListener (/home/dhanish/fabric_sfc/caliper-bench/node_modules/fabric-network/lib/impl/event/commitlistenersession.js:101:18)
    at EventListener.callback (/home/dhanish/fabric_sfc/caliper-bench/node_modules/fabric-network/lib/impl/event/commitlistenersession.js:92:18)
    at EventListener.onEvent (/home/dhanish/fabric_sfc/caliper-bench/node_modules/fabric-common/lib/EventListener.js:124:10)
    at EventService._callTransactionListener (/home/dhanish/fabric_sfc/caliper-bench/node_modules/fabric-common/lib/EventService.js:1051:16)
    at EventService._processTxEvents (/home/dhanish/fabric_sfc/caliper-bench/node_modules/fabric-common/lib/EventService.js:1006:12)
    at ClientDuplexStreamImpl.<anonymous> (/home/dhanish/fabric_sfc/caliper-bench/node_modules/fabric-common/lib/EventService.js:481:12)
    at ClientDuplexStreamImpl.emit (node:events:517:28)
    at addChunk (node:internal/streams/readable:368:12)
    at readableAddChunk (node:internal/streams/readable:341:9) {
  transactionId: 'd001935af9b753b2be3e82354b2601a7455ccb0346cf7a4cb2c82d51ee2127b0',
  transactionCode: 'MVCC_READ_CONFLICT'
}
2026-08-11T09:20:53.971Z - [33mwarn[39m: [TransactionEventHandler]: strategyFail: commit failure for transaction "d08e195f14ec4d682e20fbacaee373909d35279c2a28b8ad1d686af726032c0f": TransactionError: Commit of transaction d08e195f14ec4d682e20fbacaee373909d35279c2a28b8ad1d686af726032c0f failed on peer peer0.financiers.example.com:7051 with status MVCC_READ_CONFLICT
    at TransactionEventHandler.eventCallback (/home/dhanish/fabric_sfc/caliper-bench/node_modules/fabric-network/lib/impl/event/transactioneventhandler.js:111:31)
    at CommitListenerSession.notifyListener (/home/dhanish/fabric_sfc/caliper-bench/node_modules/fabric-network/lib/impl/event/commitlistenersession.js:101:18)
    at EventListener.callback (/home/dhanish/fabric_sfc/caliper-bench/node_modules/fabric-network/lib/impl/event/commitlistenersession.js:92:18)
    at EventListener.onEvent (/home/dhanish/fabric_sfc/caliper-bench/node_modules/fabric-common/lib/EventListener.js:124:10)
    at EventService._callTransactionListener (/home/dhanish/fabric_sfc/caliper-bench/node_modules/fabric-common/lib/EventService.js:1051:16)
    at EventService._processTxEvents (/home/dhanish/fabric_sfc/caliper-bench/node_modules/fabric-common/lib/EventService.js:1006:12)
    at ClientDuplexStreamImpl.<anonymous> (/home/dhanish/fabric_sfc/caliper-bench/node_modules/fabric-common/lib/EventService.js:481:12)
    at ClientDuplexStreamImpl.emit (node:events:517:28)
    at addChunk (node:internal/streams/readable:368:12)
    at readableAddChunk (node:internal/streams/readable:341:9) {
  transactionId: 'd08e195f14ec4d682e20fbacaee373909d35279c2a28b8ad1d686af726032c0f',
  transactionCode: 'MVCC_READ_CONFLICT'
}
2026-08-11T09:20:53.971Z - [33mwarn[39m: [TransactionEventHandler]: strategyFail: commit failure for transaction "5776566acf9729d9bb2365ae57f5fb79048de5de8cb6e4fb9a03f168206e298a": TransactionError: Commit of transaction 5776566acf9729d9bb2365ae57f5fb79048de5de8cb6e4fb9a03f168206e298a failed on peer peer0.financiers.example.com:7051 with status MVCC_READ_CONFLICT
    at TransactionEventHandler.eventCallback (/home/dhanish/fabric_sfc/caliper-bench/node_modules/fabric-network/lib/impl/event/transactioneventhandler.js:111:31)
    at CommitListenerSession.notifyListener (/home/dhanish/fabric_sfc/caliper-bench/node_modules/fabric-network/lib/impl/event/commitlistenersession.js:101:18)
    at EventListener.callback (/home/dhanish/fabric_sfc/caliper-bench/node_modules/fabric-network/lib/impl/event/commitlistenersession.js:92:18)
    at EventListener.onEvent (/home/dhanish/fabric_sfc/caliper-bench/node_modules/fabric-common/lib/EventListener.js:124:10)
    at EventService._callTransactionListener (/home/dhanish/fabric_sfc/caliper-bench/node_modules/fabric-common/lib/EventService.js:1051:16)
    at EventService._processTxEvents (/home/dhanish/fabric_sfc/caliper-bench/node_modules/fabric-common/lib/EventService.js:1006:12)
    at ClientDuplexStreamImpl.<anonymous> (/home/dhanish/fabric_sfc/caliper-bench/node_modules/fabric-common/lib/EventService.js:481:12)
    at ClientDuplexStreamImpl.emit (node:events:517:28)
    at addChunk (node:internal/streams/readable:368:12)
    at readableAddChunk (node:internal/streams/readable:341:9) {
  transactionId: '5776566acf9729d9bb2365ae57f5fb79048de5de8cb6e4fb9a03f168206e298a',
  transactionCode: 'MVCC_READ_CONFLICT'
}
2026.08.11-09:20:53.971[31m error[39m [caliper] [connectors/v2/FabricGateway] 	Failed to perform submit transaction [updateFinancierRLOffer] using arguments [User4,{"aprPct":16.72,"tenorDays":14,"ltvPct":70,"penaltyPct":0.5,"modelVersion":"caliper-workload"}],  with error: TransactionError: Commit of transaction d001935af9b753b2be3e82354b2601a7455ccb0346cf7a4cb2c82d51ee2127b0 failed on peer peer0.financiers.example.com:7051 with status MVCC_READ_CONFLICT
    at TransactionEventHandler.eventCallback (/home/dhanish/fabric_sfc/caliper-bench/node_modules/fabric-network/lib/impl/event/transactioneventhandler.js:111:31)
    at CommitListenerSession.notifyListener (/home/dhanish/fabric_sfc/caliper-bench/node_modules/fabric-network/lib/impl/event/commitlistenersession.js:101:18)
    at EventListener.callback (/home/dhanish/fabric_sfc/caliper-bench/node_modules/fabric-network/lib/impl/event/commitlistenersession.js:92:18)
    at EventListener.onEvent (/home/dhanish/fabric_sfc/caliper-bench/node_modules/fabric-common/lib/EventListener.js:124:10)
    at EventService._callTransactionListener (/home/dhanish/fabric_sfc/caliper-bench/node_modules/fabric-common/lib/EventService.js:1051:16)
    at EventService._processTxEvents (/home/dhanish/fabric_sfc/caliper-bench/node_modules/fabric-common/lib/EventService.js:1006:12)
    at ClientDuplexStreamImpl.<anonymous> (/home/dhanish/fabric_sfc/caliper-bench/node_modules/fabric-common/lib/EventService.js:481:12)
    at ClientDuplexStreamImpl.emit (node:events:517:28)
    at addChunk (node:internal/streams/readable:368:12)
    at readableAddChunk (node:internal/streams/readable:341:9)
2026-08-11T09:20:53.971Z - [33mwarn[39m: [TransactionEventHandler]: strategyFail: commit failure for transaction "c0ec90c29d6e6d03d7e2ffbd154ae9dd6697bb38c40b3d49ed35215156e0e5c1": TransactionError: Commit of transaction c0ec90c29d6e6d03d7e2ffbd154ae9dd6697bb38c40b3d49ed35215156e0e5c1 failed on peer peer0.financiers.example.com:7051 with status MVCC_READ_CONFLICT
    at TransactionEventHandler.eventCallback (/home/dhanish/fabric_sfc/caliper-bench/node_modules/fabric-network/lib/impl/event/transactioneventhandler.js:111:31)
    at CommitListenerSession.notifyListener (/home/dhanish/fabric_sfc/caliper-bench/node_modules/fabric-network/lib/impl/event/commitlistenersession.js:101:18)
    at EventListener.callback (/home/dhanish/fabric_sfc/caliper-bench/node_modules/fabric-network/lib/impl/event/commitlistenersession.js:92:18)
    at EventListener.onEvent (/home/dhanish/fabric_sfc/caliper-bench/node_modules/fabric-common/lib/EventListener.js:124:10)
    at EventService._callTransactionListener (/home/dhanish/fabric_sfc/caliper-bench/node_modules/fabric-common/lib/EventService.js:1051:16)
    at EventService._processTxEvents (/home/dhanish/fabric_sfc/caliper-bench/node_modules/fabric-common/lib/EventService.js:1006:12)
    at ClientDuplexStreamImpl.<anonymous> (/home/dhanish/fabric_sfc/caliper-bench/node_modules/fabric-common/lib/EventService.js:481:12)
    at ClientDuplexStreamImpl.emit (node:events:517:28)
    at addChunk (node:internal/streams/readable:368:12)
    at readableAddChunk (node:internal/streams/readable:341:9) {
  transactionId: 'c0ec90c29d6e6d03d7e2ffbd154ae9dd6697bb38c40b3d49ed35215156e0e5c1',
  transactionCode: 'MVCC_READ_CONFLICT'
}
2026-08-11T09:20:53.971Z - [33mwarn[39m: [TransactionEventHandler]: strategyFail: commit failure for transaction "e1bfe3c4bfaa85953499b2cc65afea6264437aac227a52ca6a01b89116c3cf6b": TransactionError: Commit of transaction e1bfe3c4bfaa85953499b2cc65afea6264437aac227a52ca6a01b89116c3cf6b failed on peer peer0.financiers.example.com:7051 with status MVCC_READ_CONFLICT
    at TransactionEventHandler.eventCallback (/home/dhanish/fabric_sfc/caliper-bench/node_modules/fabric-network/lib/impl/event/transactioneventhandler.js:111:31)
    at CommitListenerSession.notifyListener (/home/dhanish/fabric_sfc/caliper-bench/node_modules/fabric-network/lib/impl/event/commitlistenersession.js:101:18)
    at EventListener.callback (/home/dhanish/fabric_sfc/caliper-bench/node_modules/fabric-network/lib/impl/event/commitlistenersession.js:92:18)
    at EventListener.onEvent (/home/dhanish/fabric_sfc/caliper-bench/node_modules/fabric-common/lib/EventListener.js:124:10)
    at EventService._callTransactionListener (/home/dhanish/fabric_sfc/caliper-bench/node_modules/fabric-common/lib/EventService.js:1051:16)
    at EventService._processTxEvents (/home/dhanish/fabric_sfc/caliper-bench/node_modules/fabric-common/lib/EventService.js:1006:12)
    at ClientDuplexStreamImpl.<anonymous> (/home/dhanish/fabric_sfc/caliper-bench/node_modules/fabric-common/lib/EventService.js:481:12)
    at ClientDuplexStreamImpl.emit (node:events:517:28)
    at addChunk (node:internal/streams/readable:368:12)
    at readableAddChunk (node:internal/streams/readable:341:9) {
  transactionId: 'e1bfe3c4bfaa85953499b2cc65afea6264437aac227a52ca6a01b89116c3cf6b',
  transactionCode: 'MVCC_READ_CONFLICT'
}
2026.08.11-09:20:53.971[31m error[39m [caliper] [connectors/v2/FabricGateway] 	Failed to perform submit transaction [updateFinancierRLOffer] using arguments [User2,{"aprPct":14.34,"tenorDays":21,"ltvPct":70,"penaltyPct":0.5,"modelVersion":"caliper-workload"}],  with error: TransactionError: Commit of transaction d08e195f14ec4d682e20fbacaee373909d35279c2a28b8ad1d686af726032c0f failed on peer peer0.financiers.example.com:7051 with status MVCC_READ_CONFLICT
    at TransactionEventHandler.eventCallback (/home/dhanish/fabric_sfc/caliper-bench/node_modules/fabric-network/lib/impl/event/transactioneventhandler.js:111:31)
    at CommitListenerSession.notifyListener (/home/dhanish/fabric_sfc/caliper-bench/node_modules/fabric-network/lib/impl/event/commitlistenersession.js:101:18)
    at EventListener.callback (/home/dhanish/fabric_sfc/caliper-bench/node_modules/fabric-network/lib/impl/event/commitlistenersession.js:92:18)
    at EventListener.onEvent (/home/dhanish/fabric_sfc/caliper-bench/node_modules/fabric-common/lib/EventListener.js:124:10)
    at EventService._callTransactionListener (/home/dhanish/fabric_sfc/caliper-bench/node_modules/fabric-common/lib/EventService.js:1051:16)
    at EventService._processTxEvents (/home/dhanish/fabric_sfc/caliper-bench/node_modules/fabric-common/lib/EventService.js:1006:12)
    at ClientDuplexStreamImpl.<anonymous> (/home/dhanish/fabric_sfc/caliper-bench/node_modules/fabric-common/lib/EventService.js:481:12)
    at ClientDuplexStreamImpl.emit (node:events:517:28)
    at addChunk (node:internal/streams/readable:368:12)
    at readableAddChunk (node:internal/streams/readable:341:9)
2026.08.11-09:20:53.971[31m error[39m [caliper] [connectors/v2/FabricGateway] 	Failed to perform submit transaction [updateFinancierRLOffer] using arguments [User3,{"aprPct":14.25,"tenorDays":28,"ltvPct":70,"penaltyPct":0.5,"modelVersion":"caliper-workload"}],  with error: TransactionError: Commit of transaction 5776566acf9729d9bb2365ae57f5fb79048de5de8cb6e4fb9a03f168206e298a failed on peer peer0.financiers.example.com:7051 with status MVCC_READ_CONFLICT
    at TransactionEventHandler.eventCallback (/home/dhanish/fabric_sfc/caliper-bench/node_modules/fabric-network/lib/impl/event/transactioneventhandler.js:111:31)
    at CommitListenerSession.notifyListener (/home/dhanish/fabric_sfc/caliper-bench/node_modules/fabric-network/lib/impl/event/commitlistenersession.js:101:18)
    at EventListener.callback (/home/dhanish/fabric_sfc/caliper-bench/node_modules/fabric-network/lib/impl/event/commitlistenersession.js:92:18)
    at EventListener.onEvent (/home/dhanish/fabric_sfc/caliper-bench/node_modules/fabric-common/lib/EventListener.js:124:10)
    at EventService._callTransactionListener (/home/dhanish/fabric_sfc/caliper-bench/node_modules/fabric-common/lib/EventService.js:1051:16)
    at EventService._processTxEvents (/home/dhanish/fabric_sfc/caliper-bench/node_modules/fabric-common/lib/EventService.js:1006:12)
    at ClientDuplexStreamImpl.<anonymous> (/home/dhanish/fabric_sfc/caliper-bench/node_modules/fabric-common/lib/EventService.js:481:12)
    at ClientDuplexStreamImpl.emit (node:events:517:28)
    at addChunk (node:internal/streams/readable:368:12)
    at readableAddChunk (node:internal/streams/readable:341:9)
2026.08.11-09:20:53.971[31m error[39m [caliper] [connectors/v2/FabricGateway] 	Failed to perform submit transaction [updateFinancierRLOffer] using arguments [User2,{"aprPct":12.48,"tenorDays":21,"ltvPct":70,"penaltyPct":0.5,"modelVersion":"caliper-workload"}],  with error: TransactionError: Commit of transaction c0ec90c29d6e6d03d7e2ffbd154ae9dd6697bb38c40b3d49ed35215156e0e5c1 failed on peer peer0.financiers.example.com:7051 with status MVCC_READ_CONFLICT
    at TransactionEventHandler.eventCallback (/home/dhanish/fabric_sfc/caliper-bench/node_modules/fabric-network/lib/impl/event/transactioneventhandler.js:111:31)
    at CommitListenerSession.notifyListener (/home/dhanish/fabric_sfc/caliper-bench/node_modules/fabric-network/lib/impl/event/commitlistenersession.js:101:18)
    at EventListener.callback (/home/dhanish/fabric_sfc/caliper-bench/node_modules/fabric-network/lib/impl/event/commitlistenersession.js:92:18)
    at EventListener.onEvent (/home/dhanish/fabric_sfc/caliper-bench/node_modules/fabric-common/lib/EventListener.js:124:10)
    at EventService._callTransactionListener (/home/dhanish/fabric_sfc/caliper-bench/node_modules/fabric-common/lib/EventService.js:1051:16)
    at EventService._processTxEvents (/home/dhanish/fabric_sfc/caliper-bench/node_modules/fabric-common/lib/EventService.js:1006:12)
    at ClientDuplexStreamImpl.<anonymous> (/home/dhanish/fabric_sfc/caliper-bench/node_modules/fabric-common/lib/EventService.js:481:12)
    at ClientDuplexStreamImpl.emit (node:events:517:28)
    at addChunk (node:internal/streams/readable:368:12)
    at readableAddChunk (node:internal/streams/readable:341:9)
2026.08.11-09:20:53.971[31m error[39m [caliper] [connectors/v2/FabricGateway] 	Failed to perform submit transaction [updateFinancierRLOffer] using arguments [User3,{"aprPct":12.66,"tenorDays":28,"ltvPct":70,"penaltyPct":0.5,"modelVersion":"caliper-workload"}],  with error: TransactionError: Commit of transaction e1bfe3c4bfaa85953499b2cc65afea6264437aac227a52ca6a01b89116c3cf6b failed on peer peer0.financiers.example.com:7051 with status MVCC_READ_CONFLICT
    at TransactionEventHandler.eventCallback (/home/dhanish/fabric_sfc/caliper-bench/node_modules/fabric-network/lib/impl/event/transactioneventhandler.js:111:31)
    at CommitListenerSession.notifyListener (/home/dhanish/fabric_sfc/caliper-bench/node_modules/fabric-network/lib/impl/event/commitlistenersession.js:101:18)
    at EventListener.callback (/home/dhanish/fabric_sfc/caliper-bench/node_modules/fabric-network/lib/impl/event/commitlistenersession.js:92:18)
    at EventListener.onEvent (/home/dhanish/fabric_sfc/caliper-bench/node_modules/fabric-common/lib/EventListener.js:124:10)
    at EventService._callTransactionListener (/home/dhanish/fabric_sfc/caliper-bench/node_modules/fabric-common/lib/EventService.js:1051:16)
    at EventService._processTxEvents (/home/dhanish/fabric_sfc/caliper-bench/node_modules/fabric-common/lib/EventService.js:1006:12)
    at ClientDuplexStreamImpl.<anonymous> (/home/dhanish/fabric_sfc/caliper-bench/node_modules/fabric-common/lib/EventService.js:481:12)
    at ClientDuplexStreamImpl.emit (node:events:517:28)
    at addChunk (node:internal/streams/readable:368:12)
    at readableAddChunk (node:internal/streams/readable:341:9)
2026-08-11T09:20:53.976Z - [33mwarn[39m: [TransactionEventHandler]: strategyFail: commit failure for transaction "ed97d2e7b3109a1ca8c4611abd7de59bb429e79758d98edc33c0b71dfe041566": TransactionError: Commit of transaction ed97d2e7b3109a1ca8c4611abd7de59bb429e79758d98edc33c0b71dfe041566 failed on peer peer0.financiers.example.com:7051 with status MVCC_READ_CONFLICT
    at TransactionEventHandler.eventCallback (/home/dhanish/fabric_sfc/caliper-bench/node_modules/fabric-network/lib/impl/event/transactioneventhandler.js:111:31)
    at CommitListenerSession.notifyListener (/home/dhanish/fabric_sfc/caliper-bench/node_modules/fabric-network/lib/impl/event/commitlistenersession.js:101:18)
    at EventListener.callback (/home/dhanish/fabric_sfc/caliper-bench/node_modules/fabric-network/lib/impl/event/commitlistenersession.js:92:18)
    at EventListener.onEvent (/home/dhanish/fabric_sfc/caliper-bench/node_modules/fabric-common/lib/EventListener.js:124:10)
    at EventService._callTransactionListener (/home/dhanish/fabric_sfc/caliper-bench/node_modules/fabric-common/lib/EventService.js:1051:16)
    at EventService._processTxEvents (/home/dhanish/fabric_sfc/caliper-bench/node_modules/fabric-common/lib/EventService.js:1006:12)
    at ClientDuplexStreamImpl.<anonymous> (/home/dhanish/fabric_sfc/caliper-bench/node_modules/fabric-common/lib/EventService.js:481:12)
    at ClientDuplexStreamImpl.emit (node:events:517:28)
    at addChunk (node:internal/streams/readable:368:12)
    at readableAddChunk (node:internal/streams/readable:341:9) {
  transactionId: 'ed97d2e7b3109a1ca8c4611abd7de59bb429e79758d98edc33c0b71dfe041566',
  transactionCode: 'MVCC_READ_CONFLICT'
}
2026-08-11T09:20:53.977Z - [33mwarn[39m: [TransactionEventHandler]: strategyFail: commit failure for transaction "eace8fd93e3da99d099a02f3a4d3fd02ad01be025f32bfb42104473492a57bbd": TransactionError: Commit of transaction eace8fd93e3da99d099a02f3a4d3fd02ad01be025f32bfb42104473492a57bbd failed on peer peer0.financiers.example.com:7051 with status MVCC_READ_CONFLICT
    at TransactionEventHandler.eventCallback (/home/dhanish/fabric_sfc/caliper-bench/node_modules/fabric-network/lib/impl/event/transactioneventhandler.js:111:31)
    at CommitListenerSession.notifyListener (/home/dhanish/fabric_sfc/caliper-bench/node_modules/fabric-network/lib/impl/event/commitlistenersession.js:101:18)
    at EventListener.callback (/home/dhanish/fabric_sfc/caliper-bench/node_modules/fabric-network/lib/impl/event/commitlistenersession.js:92:18)
    at EventListener.onEvent (/home/dhanish/fabric_sfc/caliper-bench/node_modules/fabric-common/lib/EventListener.js:124:10)
    at EventService._callTransactionListener (/home/dhanish/fabric_sfc/caliper-bench/node_modules/fabric-common/lib/EventService.js:1051:16)
    at EventService._processTxEvents (/home/dhanish/fabric_sfc/caliper-bench/node_modules/fabric-common/lib/EventService.js:1006:12)
    at ClientDuplexStreamImpl.<anonymous> (/home/dhanish/fabric_sfc/caliper-bench/node_modules/fabric-common/lib/EventService.js:481:12)
    at ClientDuplexStreamImpl.emit (node:events:517:28)
    at addChunk (node:internal/streams/readable:368:12)
    at readableAddChunk (node:internal/streams/readable:341:9) {
  transactionId: 'eace8fd93e3da99d099a02f3a4d3fd02ad01be025f32bfb42104473492a57bbd',
  transactionCode: 'MVCC_READ_CONFLICT'
}
2026.08.11-09:20:53.977[31m error[39m [caliper] [connectors/v2/FabricGateway] 	Failed to perform submit transaction [updateFinancierRLOffer] using arguments [User5,{"aprPct":16.43,"tenorDays":21,"ltvPct":70,"penaltyPct":0.5,"modelVersion":"caliper-workload"}],  with error: TransactionError: Commit of transaction ed97d2e7b3109a1ca8c4611abd7de59bb429e79758d98edc33c0b71dfe041566 failed on peer peer0.financiers.example.com:7051 with status MVCC_READ_CONFLICT
    at TransactionEventHandler.eventCallback (/home/dhanish/fabric_sfc/caliper-bench/node_modules/fabric-network/lib/impl/event/transactioneventhandler.js:111:31)
    at CommitListenerSession.notifyListener (/home/dhanish/fabric_sfc/caliper-bench/node_modules/fabric-network/lib/impl/event/commitlistenersession.js:101:18)
    at EventListener.callback (/home/dhanish/fabric_sfc/caliper-bench/node_modules/fabric-network/lib/impl/event/commitlistenersession.js:92:18)
    at EventListener.onEvent (/home/dhanish/fabric_sfc/caliper-bench/node_modules/fabric-common/lib/EventListener.js:124:10)
    at EventService._callTransactionListener (/home/dhanish/fabric_sfc/caliper-bench/node_modules/fabric-common/lib/EventService.js:1051:16)
    at EventService._processTxEvents (/home/dhanish/fabric_sfc/caliper-bench/node_modules/fabric-common/lib/EventService.js:1006:12)
    at ClientDuplexStreamImpl.<anonymous> (/home/dhanish/fabric_sfc/caliper-bench/node_modules/fabric-common/lib/EventService.js:481:12)
    at ClientDuplexStreamImpl.emit (node:events:517:28)
    at addChunk (node:internal/streams/readable:368:12)
    at readableAddChunk (node:internal/streams/readable:341:9)
2026.08.11-09:20:53.977[31m error[39m [caliper] [connectors/v2/FabricGateway] 	Failed to perform submit transaction [updateFinancierRLOffer] using arguments [User5,{"aprPct":17.68,"tenorDays":21,"ltvPct":70,"penaltyPct":0.5,"modelVersion":"caliper-workload"}],  with error: TransactionError: Commit of transaction eace8fd93e3da99d099a02f3a4d3fd02ad01be025f32bfb42104473492a57bbd failed on peer peer0.financiers.example.com:7051 with status MVCC_READ_CONFLICT
    at TransactionEventHandler.eventCallback (/home/dhanish/fabric_sfc/caliper-bench/node_modules/fabric-network/lib/impl/event/transactioneventhandler.js:111:31)
    at CommitListenerSession.notifyListener (/home/dhanish/fabric_sfc/caliper-bench/node_modules/fabric-network/lib/impl/event/commitlistenersession.js:101:18)
    at EventListener.callback (/home/dhanish/fabric_sfc/caliper-bench/node_modules/fabric-network/lib/impl/event/commitlistenersession.js:92:18)
    at EventListener.onEvent (/home/dhanish/fabric_sfc/caliper-bench/node_modules/fabric-common/lib/EventListener.js:124:10)
    at EventService._callTransactionListener (/home/dhanish/fabric_sfc/caliper-bench/node_modules/fabric-common/lib/EventService.js:1051:16)
    at EventService._processTxEvents (/home/dhanish/fabric_sfc/caliper-bench/node_modules/fabric-common/lib/EventService.js:1006:12)
    at ClientDuplexStreamImpl.<anonymous> (/home/dhanish/fabric_sfc/caliper-bench/node_modules/fabric-common/lib/EventService.js:481:12)
    at ClientDuplexStreamImpl.emit (node:events:517:28)
    at addChunk (node:internal/streams/readable:368:12)
    at readableAddChunk (node:internal/streams/readable:341:9)
2026-08-11T09:20:54.000Z - [33mwarn[39m: [TransactionEventHandler]: strategyFail: commit failure for transaction "14672fcd81407c9e8defc10861e35ac356a8555f410f39cc1703bf5f617e7678": TransactionError: Commit of transaction 14672fcd81407c9e8defc10861e35ac356a8555f410f39cc1703bf5f617e7678 failed on peer peer0.financiers.example.com:7051 with status MVCC_READ_CONFLICT
    at TransactionEventHandler.eventCallback (/home/dhanish/fabric_sfc/caliper-bench/node_modules/fabric-network/lib/impl/event/transactioneventhandler.js:111:31)
    at CommitListenerSession.notifyListener (/home/dhanish/fabric_sfc/caliper-bench/node_modules/fabric-network/lib/impl/event/commitlistenersession.js:101:18)
    at EventListener.callback (/home/dhanish/fabric_sfc/caliper-bench/node_modules/fabric-network/lib/impl/event/commitlistenersession.js:92:18)
    at EventListener.onEvent (/home/dhanish/fabric_sfc/caliper-bench/node_modules/fabric-common/lib/EventListener.js:124:10)
    at EventService._callTransactionListener (/home/dhanish/fabric_sfc/caliper-bench/node_modules/fabric-common/lib/EventService.js:1051:16)
    at EventService._processTxEvents (/home/dhanish/fabric_sfc/caliper-bench/node_modules/fabric-common/lib/EventService.js:1006:12)
    at ClientDuplexStreamImpl.<anonymous> (/home/dhanish/fabric_sfc/caliper-bench/node_modules/fabric-common/lib/EventService.js:481:12)
    at ClientDuplexStreamImpl.emit (node:events:517:28)
    at addChunk (node:internal/streams/readable:368:12)
    at readableAddChunk (node:internal/streams/readable:341:9) {
  transactionId: '14672fcd81407c9e8defc10861e35ac356a8555f410f39cc1703bf5f617e7678',
  transactionCode: 'MVCC_READ_CONFLICT'
}
2026.08.11-09:20:54.001[31m error[39m [caliper] [connectors/v2/FabricGateway] 	Failed to perform submit transaction [updateFinancierRLOffer] using arguments [User5,{"aprPct":14.29,"tenorDays":21,"ltvPct":70,"penaltyPct":0.5,"modelVersion":"caliper-workload"}],  with error: TransactionError: Commit of transaction 14672fcd81407c9e8defc10861e35ac356a8555f410f39cc1703bf5f617e7678 failed on peer peer0.financiers.example.com:7051 with status MVCC_READ_CONFLICT
    at TransactionEventHandler.eventCallback (/home/dhanish/fabric_sfc/caliper-bench/node_modules/fabric-network/lib/impl/event/transactioneventhandler.js:111:31)
    at CommitListenerSession.notifyListener (/home/dhanish/fabric_sfc/caliper-bench/node_modules/fabric-network/lib/impl/event/commitlistenersession.js:101:18)
    at EventListener.callback (/home/dhanish/fabric_sfc/caliper-bench/node_modules/fabric-network/lib/impl/event/commitlistenersession.js:92:18)
    at EventListener.onEvent (/home/dhanish/fabric_sfc/caliper-bench/node_modules/fabric-common/lib/EventListener.js:124:10)
    at EventService._callTransactionListener (/home/dhanish/fabric_sfc/caliper-bench/node_modules/fabric-common/lib/EventService.js:1051:16)
    at EventService._processTxEvents (/home/dhanish/fabric_sfc/caliper-bench/node_modules/fabric-common/lib/EventService.js:1006:12)
    at ClientDuplexStreamImpl.<anonymous> (/home/dhanish/fabric_sfc/caliper-bench/node_modules/fabric-common/lib/EventService.js:481:12)
    at ClientDuplexStreamImpl.emit (node:events:517:28)
    at addChunk (node:internal/streams/readable:368:12)
    at readableAddChunk (node:internal/streams/readable:341:9)
2026-08-11T09:20:54.001Z - [33mwarn[39m: [TransactionEventHandler]: strategyFail: commit failure for transaction "f46a45ea5244efbe5629ae043791a66dc647d2e1358ebeaa5fd8c07441964636": TransactionError: Commit of transaction f46a45ea5244efbe5629ae043791a66dc647d2e1358ebeaa5fd8c07441964636 failed on peer peer0.financiers.example.com:7051 with status MVCC_READ_CONFLICT
    at TransactionEventHandler.eventCallback (/home/dhanish/fabric_sfc/caliper-bench/node_modules/fabric-network/lib/impl/event/transactioneventhandler.js:111:31)
    at CommitListenerSession.notifyListener (/home/dhanish/fabric_sfc/caliper-bench/node_modules/fabric-network/lib/impl/event/commitlistenersession.js:101:18)
    at EventListener.callback (/home/dhanish/fabric_sfc/caliper-bench/node_modules/fabric-network/lib/impl/event/commitlistenersession.js:92:18)
    at EventListener.onEvent (/home/dhanish/fabric_sfc/caliper-bench/node_modules/fabric-common/lib/EventListener.js:124:10)
    at EventService._callTransactionListener (/home/dhanish/fabric_sfc/caliper-bench/node_modules/fabric-common/lib/EventService.js:1051:16)
    at EventService._processTxEvents (/home/dhanish/fabric_sfc/caliper-bench/node_modules/fabric-common/lib/EventService.js:1006:12)
    at ClientDuplexStreamImpl.<anonymous> (/home/dhanish/fabric_sfc/caliper-bench/node_modules/fabric-common/lib/EventService.js:481:12)
    at ClientDuplexStreamImpl.emit (node:events:517:28)
    at addChunk (node:internal/streams/readable:368:12)
    at readableAddChunk (node:internal/streams/readable:341:9) {
  transactionId: 'f46a45ea5244efbe5629ae043791a66dc647d2e1358ebeaa5fd8c07441964636',
  transactionCode: 'MVCC_READ_CONFLICT'
}
2026-08-11T09:20:54.001Z - [33mwarn[39m: [TransactionEventHandler]: strategyFail: commit failure for transaction "0af018a505b14d7653be5de1f2bfaab6f18b1b8c15f8e10b32443cd89787dae0": TransactionError: Commit of transaction 0af018a505b14d7653be5de1f2bfaab6f18b1b8c15f8e10b32443cd89787dae0 failed on peer peer0.financiers.example.com:7051 with status MVCC_READ_CONFLICT
    at TransactionEventHandler.eventCallback (/home/dhanish/fabric_sfc/caliper-bench/node_modules/fabric-network/lib/impl/event/transactioneventhandler.js:111:31)
    at CommitListenerSession.notifyListener (/home/dhanish/fabric_sfc/caliper-bench/node_modules/fabric-network/lib/impl/event/commitlistenersession.js:101:18)
    at EventListener.callback (/home/dhanish/fabric_sfc/caliper-bench/node_modules/fabric-network/lib/impl/event/commitlistenersession.js:92:18)
    at EventListener.onEvent (/home/dhanish/fabric_sfc/caliper-bench/node_modules/fabric-common/lib/EventListener.js:124:10)
    at EventService._callTransactionListener (/home/dhanish/fabric_sfc/caliper-bench/node_modules/fabric-common/lib/EventService.js:1051:16)
    at EventService._processTxEvents (/home/dhanish/fabric_sfc/caliper-bench/node_modules/fabric-common/lib/EventService.js:1006:12)
    at ClientDuplexStreamImpl.<anonymous> (/home/dhanish/fabric_sfc/caliper-bench/node_modules/fabric-common/lib/EventService.js:481:12)
    at ClientDuplexStreamImpl.emit (node:events:517:28)
    at addChunk (node:internal/streams/readable:368:12)
    at readableAddChunk (node:internal/streams/readable:341:9) {
  transactionId: '0af018a505b14d7653be5de1f2bfaab6f18b1b8c15f8e10b32443cd89787dae0',
  transactionCode: 'MVCC_READ_CONFLICT'
}
2026.08.11-09:20:54.002[31m error[39m [caliper] [connectors/v2/FabricGateway] 	Failed to perform submit transaction [updateFinancierRLOffer] using arguments [User3,{"aprPct":14.04,"tenorDays":28,"ltvPct":70,"penaltyPct":0.5,"modelVersion":"caliper-workload"}],  with error: TransactionError: Commit of transaction f46a45ea5244efbe5629ae043791a66dc647d2e1358ebeaa5fd8c07441964636 failed on peer peer0.financiers.example.com:7051 with status MVCC_READ_CONFLICT
    at TransactionEventHandler.eventCallback (/home/dhanish/fabric_sfc/caliper-bench/node_modules/fabric-network/lib/impl/event/transactioneventhandler.js:111:31)
    at CommitListenerSession.notifyListener (/home/dhanish/fabric_sfc/caliper-bench/node_modules/fabric-network/lib/impl/event/commitlistenersession.js:101:18)
    at EventListener.callback (/home/dhanish/fabric_sfc/caliper-bench/node_modules/fabric-network/lib/impl/event/commitlistenersession.js:92:18)
    at EventListener.onEvent (/home/dhanish/fabric_sfc/caliper-bench/node_modules/fabric-common/lib/EventListener.js:124:10)
    at EventService._callTransactionListener (/home/dhanish/fabric_sfc/caliper-bench/node_modules/fabric-common/lib/EventService.js:1051:16)
    at EventService._processTxEvents (/home/dhanish/fabric_sfc/caliper-bench/node_modules/fabric-common/lib/EventService.js:1006:12)
    at ClientDuplexStreamImpl.<anonymous> (/home/dhanish/fabric_sfc/caliper-bench/node_modules/fabric-common/lib/EventService.js:481:12)
    at ClientDuplexStreamImpl.emit (node:events:517:28)
    at addChunk (node:internal/streams/readable:368:12)
    at readableAddChunk (node:internal/streams/readable:341:9)
2026.08.11-09:20:54.002[31m error[39m [caliper] [connectors/v2/FabricGateway] 	Failed to perform submit transaction [updateFinancierRLOffer] using arguments [User3,{"aprPct":16.27,"tenorDays":28,"ltvPct":70,"penaltyPct":0.5,"modelVersion":"caliper-workload"}],  with error: TransactionError: Commit of transaction 0af018a505b14d7653be5de1f2bfaab6f18b1b8c15f8e10b32443cd89787dae0 failed on peer peer0.financiers.example.com:7051 with status MVCC_READ_CONFLICT
    at TransactionEventHandler.eventCallback (/home/dhanish/fabric_sfc/caliper-bench/node_modules/fabric-network/lib/impl/event/transactioneventhandler.js:111:31)
    at CommitListenerSession.notifyListener (/home/dhanish/fabric_sfc/caliper-bench/node_modules/fabric-network/lib/impl/event/commitlistenersession.js:101:18)
    at EventListener.callback (/home/dhanish/fabric_sfc/caliper-bench/node_modules/fabric-network/lib/impl/event/commitlistenersession.js:92:18)
    at EventListener.onEvent (/home/dhanish/fabric_sfc/caliper-bench/node_modules/fabric-common/lib/EventListener.js:124:10)
    at EventService._callTransactionListener (/home/dhanish/fabric_sfc/caliper-bench/node_modules/fabric-common/lib/EventService.js:1051:16)
    at EventService._processTxEvents (/home/dhanish/fabric_sfc/caliper-bench/node_modules/fabric-common/lib/EventService.js:1006:12)
    at ClientDuplexStreamImpl.<anonymous> (/home/dhanish/fabric_sfc/caliper-bench/node_modules/fabric-common/lib/EventService.js:481:12)
    at ClientDuplexStreamImpl.emit (node:events:517:28)
    at addChunk (node:internal/streams/readable:368:12)
    at readableAddChunk (node:internal/streams/readable:341:9)
2026-08-11T09:20:54.002Z - [33mwarn[39m: [TransactionEventHandler]: strategyFail: commit failure for transaction "efc503e5acf2418ca483762798bb3fe10f9620e5e74e802e6bca8a2ee25cf713": TransactionError: Commit of transaction efc503e5acf2418ca483762798bb3fe10f9620e5e74e802e6bca8a2ee25cf713 failed on peer peer0.financiers.example.com:7051 with status MVCC_READ_CONFLICT
    at TransactionEventHandler.eventCallback (/home/dhanish/fabric_sfc/caliper-bench/node_modules/fabric-network/lib/impl/event/transactioneventhandler.js:111:31)
    at CommitListenerSession.notifyListener (/home/dhanish/fabric_sfc/caliper-bench/node_modules/fabric-network/lib/impl/event/commitlistenersession.js:101:18)
    at EventListener.callback (/home/dhanish/fabric_sfc/caliper-bench/node_modules/fabric-network/lib/impl/event/commitlistenersession.js:92:18)
    at EventListener.onEvent (/home/dhanish/fabric_sfc/caliper-bench/node_modules/fabric-common/lib/EventListener.js:124:10)
    at EventService._callTransactionListener (/home/dhanish/fabric_sfc/caliper-bench/node_modules/fabric-common/lib/EventService.js:1051:16)
    at EventService._processTxEvents (/home/dhanish/fabric_sfc/caliper-bench/node_modules/fabric-common/lib/EventService.js:1006:12)
    at ClientDuplexStreamImpl.<anonymous> (/home/dhanish/fabric_sfc/caliper-bench/node_modules/fabric-common/lib/EventService.js:481:12)
    at ClientDuplexStreamImpl.emit (node:events:517:28)
    at addChunk (node:internal/streams/readable:368:12)
    at readableAddChunk (node:internal/streams/readable:341:9) {
  transactionId: 'efc503e5acf2418ca483762798bb3fe10f9620e5e74e802e6bca8a2ee25cf713',
  transactionCode: 'MVCC_READ_CONFLICT'
}
2026.08.11-09:20:54.002[31m error[39m [caliper] [connectors/v2/FabricGateway] 	Failed to perform submit transaction [updateFinancierRLOffer] using arguments [User2,{"aprPct":15.38,"tenorDays":21,"ltvPct":70,"penaltyPct":0.5,"modelVersion":"caliper-workload"}],  with error: TransactionError: Commit of transaction efc503e5acf2418ca483762798bb3fe10f9620e5e74e802e6bca8a2ee25cf713 failed on peer peer0.financiers.example.com:7051 with status MVCC_READ_CONFLICT
    at TransactionEventHandler.eventCallback (/home/dhanish/fabric_sfc/caliper-bench/node_modules/fabric-network/lib/impl/event/transactioneventhandler.js:111:31)
    at CommitListenerSession.notifyListener (/home/dhanish/fabric_sfc/caliper-bench/node_modules/fabric-network/lib/impl/event/commitlistenersession.js:101:18)
    at EventListener.callback (/home/dhanish/fabric_sfc/caliper-bench/node_modules/fabric-network/lib/impl/event/commitlistenersession.js:92:18)
    at EventListener.onEvent (/home/dhanish/fabric_sfc/caliper-bench/node_modules/fabric-common/lib/EventListener.js:124:10)
    at EventService._callTransactionListener (/home/dhanish/fabric_sfc/caliper-bench/node_modules/fabric-common/lib/EventService.js:1051:16)
    at EventService._processTxEvents (/home/dhanish/fabric_sfc/caliper-bench/node_modules/fabric-common/lib/EventService.js:1006:12)
    at ClientDuplexStreamImpl.<anonymous> (/home/dhanish/fabric_sfc/caliper-bench/node_modules/fabric-common/lib/EventService.js:481:12)
    at ClientDuplexStreamImpl.emit (node:events:517:28)
    at addChunk (node:internal/streams/readable:368:12)
    at readableAddChunk (node:internal/streams/readable:341:9)
2026-08-11T09:20:54.003Z - [33mwarn[39m: [TransactionEventHandler]: strategyFail: commit failure for transaction "dee2a6eb7274579cc56aa4ee65ee08e2dc916ce1341ad614bc36765192bad72c": TransactionError: Commit of transaction dee2a6eb7274579cc56aa4ee65ee08e2dc916ce1341ad614bc36765192bad72c failed on peer peer0.financiers.example.com:7051 with status MVCC_READ_CONFLICT
    at TransactionEventHandler.eventCallback (/home/dhanish/fabric_sfc/caliper-bench/node_modules/fabric-network/lib/impl/event/transactioneventhandler.js:111:31)
    at CommitListenerSession.notifyListener (/home/dhanish/fabric_sfc/caliper-bench/node_modules/fabric-network/lib/impl/event/commitlistenersession.js:101:18)
    at EventListener.callback (/home/dhanish/fabric_sfc/caliper-bench/node_modules/fabric-network/lib/impl/event/commitlistenersession.js:92:18)
    at EventListener.onEvent (/home/dhanish/fabric_sfc/caliper-bench/node_modules/fabric-common/lib/EventListener.js:124:10)
    at EventService._callTransactionListener (/home/dhanish/fabric_sfc/caliper-bench/node_modules/fabric-common/lib/EventService.js:1051:16)
    at EventService._processTxEvents (/home/dhanish/fabric_sfc/caliper-bench/node_modules/fabric-common/lib/EventService.js:1006:12)
    at ClientDuplexStreamImpl.<anonymous> (/home/dhanish/fabric_sfc/caliper-bench/node_modules/fabric-common/lib/EventService.js:481:12)
    at ClientDuplexStreamImpl.emit (node:events:517:28)
    at addChunk (node:internal/streams/readable:368:12)
    at readableAddChunk (node:internal/streams/readable:341:9) {
  transactionId: 'dee2a6eb7274579cc56aa4ee65ee08e2dc916ce1341ad614bc36765192bad72c',
  transactionCode: 'MVCC_READ_CONFLICT'
}
2026-08-11T09:20:54.003Z - [33mwarn[39m: [TransactionEventHandler]: strategyFail: commit failure for transaction "71d9f6669866b184951becdad3b9137a2b97d96e862d0214fee22dfb0e1828c9": TransactionError: Commit of transaction 71d9f6669866b184951becdad3b9137a2b97d96e862d0214fee22dfb0e1828c9 failed on peer peer0.financiers.example.com:7051 with status MVCC_READ_CONFLICT
    at TransactionEventHandler.eventCallback (/home/dhanish/fabric_sfc/caliper-bench/node_modules/fabric-network/lib/impl/event/transactioneventhandler.js:111:31)
    at CommitListenerSession.notifyListener (/home/dhanish/fabric_sfc/caliper-bench/node_modules/fabric-network/lib/impl/event/commitlistenersession.js:101:18)
    at EventListener.callback (/home/dhanish/fabric_sfc/caliper-bench/node_modules/fabric-network/lib/impl/event/commitlistenersession.js:92:18)
    at EventListener.onEvent (/home/dhanish/fabric_sfc/caliper-bench/node_modules/fabric-common/lib/EventListener.js:124:10)
    at EventService._callTransactionListener (/home/dhanish/fabric_sfc/caliper-bench/node_modules/fabric-common/lib/EventService.js:1051:16)
    at EventService._processTxEvents (/home/dhanish/fabric_sfc/caliper-bench/node_modules/fabric-common/lib/EventService.js:1006:12)
    at ClientDuplexStreamImpl.<anonymous> (/home/dhanish/fabric_sfc/caliper-bench/node_modules/fabric-common/lib/EventService.js:481:12)
    at ClientDuplexStreamImpl.emit (node:events:517:28)
    at addChunk (node:internal/streams/readable:368:12)
    at readableAddChunk (node:internal/streams/readable:341:9) {
  transactionId: '71d9f6669866b184951becdad3b9137a2b97d96e862d0214fee22dfb0e1828c9',
  transactionCode: 'MVCC_READ_CONFLICT'
}
2026-08-11T09:20:54.003Z - [33mwarn[39m: [TransactionEventHandler]: strategyFail: commit failure for transaction "7c47ec57151ae2a92fd75c20d00453f158053ffa66f9c90e4c8d7242404e7456": TransactionError: Commit of transaction 7c47ec57151ae2a92fd75c20d00453f158053ffa66f9c90e4c8d7242404e7456 failed on peer peer0.financiers.example.com:7051 with status MVCC_READ_CONFLICT
    at TransactionEventHandler.eventCallback (/home/dhanish/fabric_sfc/caliper-bench/node_modules/fabric-network/lib/impl/event/transactioneventhandler.js:111:31)
    at CommitListenerSession.notifyListener (/home/dhanish/fabric_sfc/caliper-bench/node_modules/fabric-network/lib/impl/event/commitlistenersession.js:101:18)
    at EventListener.callback (/home/dhanish/fabric_sfc/caliper-bench/node_modules/fabric-network/lib/impl/event/commitlistenersession.js:92:18)
    at EventListener.onEvent (/home/dhanish/fabric_sfc/caliper-bench/node_modules/fabric-common/lib/EventListener.js:124:10)
    at EventService._callTransactionListener (/home/dhanish/fabric_sfc/caliper-bench/node_modules/fabric-common/lib/EventService.js:1051:16)
    at EventService._processTxEvents (/home/dhanish/fabric_sfc/caliper-bench/node_modules/fabric-common/lib/EventService.js:1006:12)
    at ClientDuplexStreamImpl.<anonymous> (/home/dhanish/fabric_sfc/caliper-bench/node_modules/fabric-common/lib/EventService.js:481:12)
    at ClientDuplexStreamImpl.emit (node:events:517:28)
    at addChunk (node:internal/streams/readable:368:12)
    at readableAddChunk (node:internal/streams/readable:341:9) {
  transactionId: '7c47ec57151ae2a92fd75c20d00453f158053ffa66f9c90e4c8d7242404e7456',
  transactionCode: 'MVCC_READ_CONFLICT'
}
2026.08.11-09:20:54.003[31m error[39m [caliper] [connectors/v2/FabricGateway] 	Failed to perform submit transaction [updateFinancierRLOffer] using arguments [User1,{"aprPct":13.97,"tenorDays":14,"ltvPct":70,"penaltyPct":0.5,"modelVersion":"caliper-workload"}],  with error: TransactionError: Commit of transaction 71d9f6669866b184951becdad3b9137a2b97d96e862d0214fee22dfb0e1828c9 failed on peer peer0.financiers.example.com:7051 with status MVCC_READ_CONFLICT
    at TransactionEventHandler.eventCallback (/home/dhanish/fabric_sfc/caliper-bench/node_modules/fabric-network/lib/impl/event/transactioneventhandler.js:111:31)
    at CommitListenerSession.notifyListener (/home/dhanish/fabric_sfc/caliper-bench/node_modules/fabric-network/lib/impl/event/commitlistenersession.js:101:18)
    at EventListener.callback (/home/dhanish/fabric_sfc/caliper-bench/node_modules/fabric-network/lib/impl/event/commitlistenersession.js:92:18)
    at EventListener.onEvent (/home/dhanish/fabric_sfc/caliper-bench/node_modules/fabric-common/lib/EventListener.js:124:10)
    at EventService._callTransactionListener (/home/dhanish/fabric_sfc/caliper-bench/node_modules/fabric-common/lib/EventService.js:1051:16)
    at EventService._processTxEvents (/home/dhanish/fabric_sfc/caliper-bench/node_modules/fabric-common/lib/EventService.js:1006:12)
    at ClientDuplexStreamImpl.<anonymous> (/home/dhanish/fabric_sfc/caliper-bench/node_modules/fabric-common/lib/EventService.js:481:12)
    at ClientDuplexStreamImpl.emit (node:events:517:28)
    at addChunk (node:internal/streams/readable:368:12)
    at readableAddChunk (node:internal/streams/readable:341:9)
2026-08-11T09:20:54.004Z - [33mwarn[39m: [TransactionEventHandler]: strategyFail: commit failure for transaction "ebc2db2d79960d8754bb0fe3607870faa773c8cc4c1c0573424677cb6c91ca94": TransactionError: Commit of transaction ebc2db2d79960d8754bb0fe3607870faa773c8cc4c1c0573424677cb6c91ca94 failed on peer peer0.financiers.example.com:7051 with status MVCC_READ_CONFLICT
    at TransactionEventHandler.eventCallback (/home/dhanish/fabric_sfc/caliper-bench/node_modules/fabric-network/lib/impl/event/transactioneventhandler.js:111:31)
    at CommitListenerSession.notifyListener (/home/dhanish/fabric_sfc/caliper-bench/node_modules/fabric-network/lib/impl/event/commitlistenersession.js:101:18)
    at EventListener.callback (/home/dhanish/fabric_sfc/caliper-bench/node_modules/fabric-network/lib/impl/event/commitlistenersession.js:92:18)
    at EventListener.onEvent (/home/dhanish/fabric_sfc/caliper-bench/node_modules/fabric-common/lib/EventListener.js:124:10)
    at EventService._callTransactionListener (/home/dhanish/fabric_sfc/caliper-bench/node_modules/fabric-common/lib/EventService.js:1051:16)
    at EventService._processTxEvents (/home/dhanish/fabric_sfc/caliper-bench/node_modules/fabric-common/lib/EventService.js:1006:12)
    at ClientDuplexStreamImpl.<anonymous> (/home/dhanish/fabric_sfc/caliper-bench/node_modules/fabric-common/lib/EventService.js:481:12)
    at ClientDuplexStreamImpl.emit (node:events:517:28)
    at addChunk (node:internal/streams/readable:368:12)
    at readableAddChunk (node:internal/streams/readable:341:9) {
  transactionId: 'ebc2db2d79960d8754bb0fe3607870faa773c8cc4c1c0573424677cb6c91ca94',
  transactionCode: 'MVCC_READ_CONFLICT'
}
2026.08.11-09:20:54.004[31m error[39m [caliper] [connectors/v2/FabricGateway] 	Failed to perform submit transaction [updateFinancierRLOffer] using arguments [User4,{"aprPct":16.96,"tenorDays":14,"ltvPct":70,"penaltyPct":0.5,"modelVersion":"caliper-workload"}],  with error: TransactionError: Commit of transaction dee2a6eb7274579cc56aa4ee65ee08e2dc916ce1341ad614bc36765192bad72c failed on peer peer0.financiers.example.com:7051 with status MVCC_READ_CONFLICT
    at TransactionEventHandler.eventCallback (/home/dhanish/fabric_sfc/caliper-bench/node_modules/fabric-network/lib/impl/event/transactioneventhandler.js:111:31)
    at CommitListenerSession.notifyListener (/home/dhanish/fabric_sfc/caliper-bench/node_modules/fabric-network/lib/impl/event/commitlistenersession.js:101:18)
    at EventListener.callback (/home/dhanish/fabric_sfc/caliper-bench/node_modules/fabric-network/lib/impl/event/commitlistenersession.js:92:18)
    at EventListener.onEvent (/home/dhanish/fabric_sfc/caliper-bench/node_modules/fabric-common/lib/EventListener.js:124:10)
    at EventService._callTransactionListener (/home/dhanish/fabric_sfc/caliper-bench/node_modules/fabric-common/lib/EventService.js:1051:16)
    at EventService._processTxEvents (/home/dhanish/fabric_sfc/caliper-bench/node_modules/fabric-common/lib/EventService.js:1006:12)
    at ClientDuplexStreamImpl.<anonymous> (/home/dhanish/fabric_sfc/caliper-bench/node_modules/fabric-common/lib/EventService.js:481:12)
    at ClientDuplexStreamImpl.emit (node:events:517:28)
    at addChunk (node:internal/streams/readable:368:12)
    at readableAddChunk (node:internal/streams/readable:341:9)
2026.08.11-09:20:54.004[31m error[39m [caliper] [connectors/v2/FabricGateway] 	Failed to perform submit transaction [updateFinancierRLOffer] using arguments [User4,{"aprPct":17.55,"tenorDays":14,"ltvPct":70,"penaltyPct":0.5,"modelVersion":"caliper-workload"}],  with error: TransactionError: Commit of transaction 7c47ec57151ae2a92fd75c20d00453f158053ffa66f9c90e4c8d7242404e7456 failed on peer peer0.financiers.example.com:7051 with status MVCC_READ_CONFLICT
    at TransactionEventHandler.eventCallback (/home/dhanish/fabric_sfc/caliper-bench/node_modules/fabric-network/lib/impl/event/transactioneventhandler.js:111:31)
    at CommitListenerSession.notifyListener (/home/dhanish/fabric_sfc/caliper-bench/node_modules/fabric-network/lib/impl/event/commitlistenersession.js:101:18)
    at EventListener.callback (/home/dhanish/fabric_sfc/caliper-bench/node_modules/fabric-network/lib/impl/event/commitlistenersession.js:92:18)
    at EventListener.onEvent (/home/dhanish/fabric_sfc/caliper-bench/node_modules/fabric-common/lib/EventListener.js:124:10)
    at EventService._callTransactionListener (/home/dhanish/fabric_sfc/caliper-bench/node_modules/fabric-common/lib/EventService.js:1051:16)
    at EventService._processTxEvents (/home/dhanish/fabric_sfc/caliper-bench/node_modules/fabric-common/lib/EventService.js:1006:12)
    at ClientDuplexStreamImpl.<anonymous> (/home/dhanish/fabric_sfc/caliper-bench/node_modules/fabric-common/lib/EventService.js:481:12)
    at ClientDuplexStreamImpl.emit (node:events:517:28)
    at addChunk (node:internal/streams/readable:368:12)
    at readableAddChunk (node:internal/streams/readable:341:9)
2026.08.11-09:20:54.004[31m error[39m [caliper] [connectors/v2/FabricGateway] 	Failed to perform submit transaction [updateFinancierRLOffer] using arguments [User4,{"aprPct":12.15,"tenorDays":14,"ltvPct":70,"penaltyPct":0.5,"modelVersion":"caliper-workload"}],  with error: TransactionError: Commit of transaction ebc2db2d79960d8754bb0fe3607870faa773c8cc4c1c0573424677cb6c91ca94 failed on peer peer0.financiers.example.com:7051 with status MVCC_READ_CONFLICT
    at TransactionEventHandler.eventCallback (/home/dhanish/fabric_sfc/caliper-bench/node_modules/fabric-network/lib/impl/event/transactioneventhandler.js:111:31)
    at CommitListenerSession.notifyListener (/home/dhanish/fabric_sfc/caliper-bench/node_modules/fabric-network/lib/impl/event/commitlistenersession.js:101:18)
    at EventListener.callback (/home/dhanish/fabric_sfc/caliper-bench/node_modules/fabric-network/lib/impl/event/commitlistenersession.js:92:18)
    at EventListener.onEvent (/home/dhanish/fabric_sfc/caliper-bench/node_modules/fabric-common/lib/EventListener.js:124:10)
    at EventService._callTransactionListener (/home/dhanish/fabric_sfc/caliper-bench/node_modules/fabric-common/lib/EventService.js:1051:16)
    at EventService._processTxEvents (/home/dhanish/fabric_sfc/caliper-bench/node_modules/fabric-common/lib/EventService.js:1006:12)
    at ClientDuplexStreamImpl.<anonymous> (/home/dhanish/fabric_sfc/caliper-bench/node_modules/fabric-common/lib/EventService.js:481:12)
    at ClientDuplexStreamImpl.emit (node:events:517:28)
    at addChunk (node:internal/streams/readable:368:12)
    at readableAddChunk (node:internal/streams/readable:341:9)
2026-08-11T09:20:54.031Z - [33mwarn[39m: [TransactionEventHandler]: strategyFail: commit failure for transaction "6ec327c3e2591891d17bb9d61b95eba571dbecf9add8dafe12526a12bf314d3c": TransactionError: Commit of transaction 6ec327c3e2591891d17bb9d61b95eba571dbecf9add8dafe12526a12bf314d3c failed on peer peer0.financiers.example.com:7051 with status MVCC_READ_CONFLICT
    at TransactionEventHandler.eventCallback (/home/dhanish/fabric_sfc/caliper-bench/node_modules/fabric-network/lib/impl/event/transactioneventhandler.js:111:31)
    at CommitListenerSession.notifyListener (/home/dhanish/fabric_sfc/caliper-bench/node_modules/fabric-network/lib/impl/event/commitlistenersession.js:101:18)
    at EventListener.callback (/home/dhanish/fabric_sfc/caliper-bench/node_modules/fabric-network/lib/impl/event/commitlistenersession.js:92:18)
    at EventListener.onEvent (/home/dhanish/fabric_sfc/caliper-bench/node_modules/fabric-common/lib/EventListener.js:124:10)
    at EventService._callTransactionListener (/home/dhanish/fabric_sfc/caliper-bench/node_modules/fabric-common/lib/EventService.js:1051:16)
    at EventService._processTxEvents (/home/dhanish/fabric_sfc/caliper-bench/node_modules/fabric-common/lib/EventService.js:1006:12)
    at ClientDuplexStreamImpl.<anonymous> (/home/dhanish/fabric_sfc/caliper-bench/node_modules/fabric-common/lib/EventService.js:481:12)
    at ClientDuplexStreamImpl.emit (node:events:517:28)
    at addChunk (node:internal/streams/readable:368:12)
    at readableAddChunk (node:internal/streams/readable:341:9) {
  transactionId: '6ec327c3e2591891d17bb9d61b95eba571dbecf9add8dafe12526a12bf314d3c',
  transactionCode: 'MVCC_READ_CONFLICT'
}
2026-08-11T09:20:54.032Z - [33mwarn[39m: [TransactionEventHandler]: strategyFail: commit failure for transaction "fd5fae14e436f1666abe2664b2f3f2a5c48a183231e5162d4b69d903b75e2ec8": TransactionError: Commit of transaction fd5fae14e436f1666abe2664b2f3f2a5c48a183231e5162d4b69d903b75e2ec8 failed on peer peer0.financiers.example.com:7051 with status MVCC_READ_CONFLICT
    at TransactionEventHandler.eventCallback (/home/dhanish/fabric_sfc/caliper-bench/node_modules/fabric-network/lib/impl/event/transactioneventhandler.js:111:31)
    at CommitListenerSession.notifyListener (/home/dhanish/fabric_sfc/caliper-bench/node_modules/fabric-network/lib/impl/event/commitlistenersession.js:101:18)
    at EventListener.callback (/home/dhanish/fabric_sfc/caliper-bench/node_modules/fabric-network/lib/impl/event/commitlistenersession.js:92:18)
    at EventListener.onEvent (/home/dhanish/fabric_sfc/caliper-bench/node_modules/fabric-common/lib/EventListener.js:124:10)
    at EventService._callTransactionListener (/home/dhanish/fabric_sfc/caliper-bench/node_modules/fabric-common/lib/EventService.js:1051:16)
    at EventService._processTxEvents (/home/dhanish/fabric_sfc/caliper-bench/node_modules/fabric-common/lib/EventService.js:1006:12)
    at ClientDuplexStreamImpl.<anonymous> (/home/dhanish/fabric_sfc/caliper-bench/node_modules/fabric-common/lib/EventService.js:481:12)
    at ClientDuplexStreamImpl.emit (node:events:517:28)
    at addChunk (node:internal/streams/readable:368:12)
    at readableAddChunk (node:internal/streams/readable:341:9) {
  transactionId: 'fd5fae14e436f1666abe2664b2f3f2a5c48a183231e5162d4b69d903b75e2ec8',
  transactionCode: 'MVCC_READ_CONFLICT'
}
2026.08.11-09:20:54.032[31m error[39m [caliper] [connectors/v2/FabricGateway] 	Failed to perform submit transaction [updateFinancierRLOffer] using arguments [User3,{"aprPct":14.53,"tenorDays":28,"ltvPct":70,"penaltyPct":0.5,"modelVersion":"caliper-workload"}],  with error: TransactionError: Commit of transaction 6ec327c3e2591891d17bb9d61b95eba571dbecf9add8dafe12526a12bf314d3c failed on peer peer0.financiers.example.com:7051 with status MVCC_READ_CONFLICT
    at TransactionEventHandler.eventCallback (/home/dhanish/fabric_sfc/caliper-bench/node_modules/fabric-network/lib/impl/event/transactioneventhandler.js:111:31)
    at CommitListenerSession.notifyListener (/home/dhanish/fabric_sfc/caliper-bench/node_modules/fabric-network/lib/impl/event/commitlistenersession.js:101:18)
    at EventListener.callback (/home/dhanish/fabric_sfc/caliper-bench/node_modules/fabric-network/lib/impl/event/commitlistenersession.js:92:18)
    at EventListener.onEvent (/home/dhanish/fabric_sfc/caliper-bench/node_modules/fabric-common/lib/EventListener.js:124:10)
    at EventService._callTransactionListener (/home/dhanish/fabric_sfc/caliper-bench/node_modules/fabric-common/lib/EventService.js:1051:16)
    at EventService._processTxEvents (/home/dhanish/fabric_sfc/caliper-bench/node_modules/fabric-common/lib/EventService.js:1006:12)
    at ClientDuplexStreamImpl.<anonymous> (/home/dhanish/fabric_sfc/caliper-bench/node_modules/fabric-common/lib/EventService.js:481:12)
    at ClientDuplexStreamImpl.emit (node:events:517:28)
    at addChunk (node:internal/streams/readable:368:12)
    at readableAddChunk (node:internal/streams/readable:341:9)
2026.08.11-09:20:54.032[31m error[39m [caliper] [connectors/v2/FabricGateway] 	Failed to perform submit transaction [updateFinancierRLOffer] using arguments [User3,{"aprPct":12.21,"tenorDays":28,"ltvPct":70,"penaltyPct":0.5,"modelVersion":"caliper-workload"}],  with error: TransactionError: Commit of transaction fd5fae14e436f1666abe2664b2f3f2a5c48a183231e5162d4b69d903b75e2ec8 failed on peer peer0.financiers.example.com:7051 with status MVCC_READ_CONFLICT
    at TransactionEventHandler.eventCallback (/home/dhanish/fabric_sfc/caliper-bench/node_modules/fabric-network/lib/impl/event/transactioneventhandler.js:111:31)
    at CommitListenerSession.notifyListener (/home/dhanish/fabric_sfc/caliper-bench/node_modules/fabric-network/lib/impl/event/commitlistenersession.js:101:18)
    at EventListener.callback (/home/dhanish/fabric_sfc/caliper-bench/node_modules/fabric-network/lib/impl/event/commitlistenersession.js:92:18)
    at EventListener.onEvent (/home/dhanish/fabric_sfc/caliper-bench/node_modules/fabric-common/lib/EventListener.js:124:10)
    at EventService._callTransactionListener (/home/dhanish/fabric_sfc/caliper-bench/node_modules/fabric-common/lib/EventService.js:1051:16)
    at EventService._processTxEvents (/home/dhanish/fabric_sfc/caliper-bench/node_modules/fabric-common/lib/EventService.js:1006:12)
    at ClientDuplexStreamImpl.<anonymous> (/home/dhanish/fabric_sfc/caliper-bench/node_modules/fabric-common/lib/EventService.js:481:12)
    at ClientDuplexStreamImpl.emit (node:events:517:28)
    at addChunk (node:internal/streams/readable:368:12)
    at readableAddChunk (node:internal/streams/readable:341:9)
2026-08-11T09:20:54.033Z - [33mwarn[39m: [TransactionEventHandler]: strategyFail: commit failure for transaction "001380f03bd0ea1a244c46e30c946a47de7bd4cfdb161976813cb56dd543054f": TransactionError: Commit of transaction 001380f03bd0ea1a244c46e30c946a47de7bd4cfdb161976813cb56dd543054f failed on peer peer0.financiers.example.com:7051 with status MVCC_READ_CONFLICT
    at TransactionEventHandler.eventCallback (/home/dhanish/fabric_sfc/caliper-bench/node_modules/fabric-network/lib/impl/event/transactioneventhandler.js:111:31)
    at CommitListenerSession.notifyListener (/home/dhanish/fabric_sfc/caliper-bench/node_modules/fabric-network/lib/impl/event/commitlistenersession.js:101:18)
    at EventListener.callback (/home/dhanish/fabric_sfc/caliper-bench/node_modules/fabric-network/lib/impl/event/commitlistenersession.js:92:18)
    at EventListener.onEvent (/home/dhanish/fabric_sfc/caliper-bench/node_modules/fabric-common/lib/EventListener.js:124:10)
    at EventService._callTransactionListener (/home/dhanish/fabric_sfc/caliper-bench/node_modules/fabric-common/lib/EventService.js:1051:16)
    at EventService._processTxEvents (/home/dhanish/fabric_sfc/caliper-bench/node_modules/fabric-common/lib/EventService.js:1006:12)
    at ClientDuplexStreamImpl.<anonymous> (/home/dhanish/fabric_sfc/caliper-bench/node_modules/fabric-common/lib/EventService.js:481:12)
    at ClientDuplexStreamImpl.emit (node:events:517:28)
    at addChunk (node:internal/streams/readable:368:12)
    at readableAddChunk (node:internal/streams/readable:341:9) {
  transactionId: '001380f03bd0ea1a244c46e30c946a47de7bd4cfdb161976813cb56dd543054f',
  transactionCode: 'MVCC_READ_CONFLICT'
}
2026-08-11T09:20:54.033Z - [33mwarn[39m: [TransactionEventHandler]: strategyFail: commit failure for transaction "3f877e11ca0f150022e0a45f82ef73444775a684637e3318c94dba2390b57b6b": TransactionError: Commit of transaction 3f877e11ca0f150022e0a45f82ef73444775a684637e3318c94dba2390b57b6b failed on peer peer0.financiers.example.com:7051 with status MVCC_READ_CONFLICT
    at TransactionEventHandler.eventCallback (/home/dhanish/fabric_sfc/caliper-bench/node_modules/fabric-network/lib/impl/event/transactioneventhandler.js:111:31)
    at CommitListenerSession.notifyListener (/home/dhanish/fabric_sfc/caliper-bench/node_modules/fabric-network/lib/impl/event/commitlistenersession.js:101:18)
    at EventListener.callback (/home/dhanish/fabric_sfc/caliper-bench/node_modules/fabric-network/lib/impl/event/commitlistenersession.js:92:18)
    at EventListener.onEvent (/home/dhanish/fabric_sfc/caliper-bench/node_modules/fabric-common/lib/EventListener.js:124:10)
    at EventService._callTransactionListener (/home/dhanish/fabric_sfc/caliper-bench/node_modules/fabric-common/lib/EventService.js:1051:16)
    at EventService._processTxEvents (/home/dhanish/fabric_sfc/caliper-bench/node_modules/fabric-common/lib/EventService.js:1006:12)
    at ClientDuplexStreamImpl.<anonymous> (/home/dhanish/fabric_sfc/caliper-bench/node_modules/fabric-common/lib/EventService.js:481:12)
    at ClientDuplexStreamImpl.emit (node:events:517:28)
    at addChunk (node:internal/streams/readable:368:12)
    at readableAddChunk (node:internal/streams/readable:341:9) {
  transactionId: '3f877e11ca0f150022e0a45f82ef73444775a684637e3318c94dba2390b57b6b',
  transactionCode: 'MVCC_READ_CONFLICT'
}
2026-08-11T09:20:54.033Z - [33mwarn[39m: [TransactionEventHandler]: strategyFail: commit failure for transaction "252c2f15f5af8b0d18a30479a76c9900c6c9e1978a903d68220903b99fbc3305": TransactionError: Commit of transaction 252c2f15f5af8b0d18a30479a76c9900c6c9e1978a903d68220903b99fbc3305 failed on peer peer0.financiers.example.com:7051 with status MVCC_READ_CONFLICT
    at TransactionEventHandler.eventCallback (/home/dhanish/fabric_sfc/caliper-bench/node_modules/fabric-network/lib/impl/event/transactioneventhandler.js:111:31)
    at CommitListenerSession.notifyListener (/home/dhanish/fabric_sfc/caliper-bench/node_modules/fabric-network/lib/impl/event/commitlistenersession.js:101:18)
    at EventListener.callback (/home/dhanish/fabric_sfc/caliper-bench/node_modules/fabric-network/lib/impl/event/commitlistenersession.js:92:18)
    at EventListener.onEvent (/home/dhanish/fabric_sfc/caliper-bench/node_modules/fabric-common/lib/EventListener.js:124:10)
    at EventService._callTransactionListener (/home/dhanish/fabric_sfc/caliper-bench/node_modules/fabric-common/lib/EventService.js:1051:16)
    at EventService._processTxEvents (/home/dhanish/fabric_sfc/caliper-bench/node_modules/fabric-common/lib/EventService.js:1006:12)
    at ClientDuplexStreamImpl.<anonymous> (/home/dhanish/fabric_sfc/caliper-bench/node_modules/fabric-common/lib/EventService.js:481:12)
    at ClientDuplexStreamImpl.emit (node:events:517:28)
    at addChunk (node:internal/streams/readable:368:12)
    at readableAddChunk (node:internal/streams/readable:341:9) {
  transactionId: '252c2f15f5af8b0d18a30479a76c9900c6c9e1978a903d68220903b99fbc3305',
  transactionCode: 'MVCC_READ_CONFLICT'
}
2026.08.11-09:20:54.033[31m error[39m [caliper] [connectors/v2/FabricGateway] 	Failed to perform submit transaction [updateFinancierRLOffer] using arguments [User4,{"aprPct":16.37,"tenorDays":14,"ltvPct":70,"penaltyPct":0.5,"modelVersion":"caliper-workload"}],  with error: TransactionError: Commit of transaction 001380f03bd0ea1a244c46e30c946a47de7bd4cfdb161976813cb56dd543054f failed on peer peer0.financiers.example.com:7051 with status MVCC_READ_CONFLICT
    at TransactionEventHandler.eventCallback (/home/dhanish/fabric_sfc/caliper-bench/node_modules/fabric-network/lib/impl/event/transactioneventhandler.js:111:31)
    at CommitListenerSession.notifyListener (/home/dhanish/fabric_sfc/caliper-bench/node_modules/fabric-network/lib/impl/event/commitlistenersession.js:101:18)
    at EventListener.callback (/home/dhanish/fabric_sfc/caliper-bench/node_modules/fabric-network/lib/impl/event/commitlistenersession.js:92:18)
    at EventListener.onEvent (/home/dhanish/fabric_sfc/caliper-bench/node_modules/fabric-common/lib/EventListener.js:124:10)
    at EventService._callTransactionListener (/home/dhanish/fabric_sfc/caliper-bench/node_modules/fabric-common/lib/EventService.js:1051:16)
    at EventService._processTxEvents (/home/dhanish/fabric_sfc/caliper-bench/node_modules/fabric-common/lib/EventService.js:1006:12)
    at ClientDuplexStreamImpl.<anonymous> (/home/dhanish/fabric_sfc/caliper-bench/node_modules/fabric-common/lib/EventService.js:481:12)
    at ClientDuplexStreamImpl.emit (node:events:517:28)
    at addChunk (node:internal/streams/readable:368:12)
    at readableAddChunk (node:internal/streams/readable:341:9)
2026-08-11T09:20:54.034Z - [33mwarn[39m: [TransactionEventHandler]: strategyFail: commit failure for transaction "fa3b89d4b1b297c80166668c97b241d10a8482577fcc8294e445e0c6a0e05994": TransactionError: Commit of transaction fa3b89d4b1b297c80166668c97b241d10a8482577fcc8294e445e0c6a0e05994 failed on peer peer0.financiers.example.com:7051 with status MVCC_READ_CONFLICT
    at TransactionEventHandler.eventCallback (/home/dhanish/fabric_sfc/caliper-bench/node_modules/fabric-network/lib/impl/event/transactioneventhandler.js:111:31)
    at CommitListenerSession.notifyListener (/home/dhanish/fabric_sfc/caliper-bench/node_modules/fabric-network/lib/impl/event/commitlistenersession.js:101:18)
    at EventListener.callback (/home/dhanish/fabric_sfc/caliper-bench/node_modules/fabric-network/lib/impl/event/commitlistenersession.js:92:18)
    at EventListener.onEvent (/home/dhanish/fabric_sfc/caliper-bench/node_modules/fabric-common/lib/EventListener.js:124:10)
    at EventService._callTransactionListener (/home/dhanish/fabric_sfc/caliper-bench/node_modules/fabric-common/lib/EventService.js:1051:16)
    at EventService._processTxEvents (/home/dhanish/fabric_sfc/caliper-bench/node_modules/fabric-common/lib/EventService.js:1006:12)
    at ClientDuplexStreamImpl.<anonymous> (/home/dhanish/fabric_sfc/caliper-bench/node_modules/fabric-common/lib/EventService.js:481:12)
    at ClientDuplexStreamImpl.emit (node:events:517:28)
    at addChunk (node:internal/streams/readable:368:12)
    at readableAddChunk (node:internal/streams/readable:341:9) {
  transactionId: 'fa3b89d4b1b297c80166668c97b241d10a8482577fcc8294e445e0c6a0e05994',
  transactionCode: 'MVCC_READ_CONFLICT'
}
2026.08.11-09:20:54.034[31m error[39m [caliper] [connectors/v2/FabricGateway] 	Failed to perform submit transaction [updateFinancierRLOffer] using arguments [User5,{"aprPct":15.3,"tenorDays":21,"ltvPct":70,"penaltyPct":0.5,"modelVersion":"caliper-workload"}],  with error: TransactionError: Commit of transaction 3f877e11ca0f150022e0a45f82ef73444775a684637e3318c94dba2390b57b6b failed on peer peer0.financiers.example.com:7051 with status MVCC_READ_CONFLICT
    at TransactionEventHandler.eventCallback (/home/dhanish/fabric_sfc/caliper-bench/node_modules/fabric-network/lib/impl/event/transactioneventhandler.js:111:31)
    at CommitListenerSession.notifyListener (/home/dhanish/fabric_sfc/caliper-bench/node_modules/fabric-network/lib/impl/event/commitlistenersession.js:101:18)
    at EventListener.callback (/home/dhanish/fabric_sfc/caliper-bench/node_modules/fabric-network/lib/impl/event/commitlistenersession.js:92:18)
    at EventListener.onEvent (/home/dhanish/fabric_sfc/caliper-bench/node_modules/fabric-common/lib/EventListener.js:124:10)
    at EventService._callTransactionListener (/home/dhanish/fabric_sfc/caliper-bench/node_modules/fabric-common/lib/EventService.js:1051:16)
    at EventService._processTxEvents (/home/dhanish/fabric_sfc/caliper-bench/node_modules/fabric-common/lib/EventService.js:1006:12)
    at ClientDuplexStreamImpl.<anonymous> (/home/dhanish/fabric_sfc/caliper-bench/node_modules/fabric-common/lib/EventService.js:481:12)
    at ClientDuplexStreamImpl.emit (node:events:517:28)
    at addChunk (node:internal/streams/readable:368:12)
    at readableAddChunk (node:internal/streams/readable:341:9)
2026.08.11-09:20:54.034[31m error[39m [caliper] [connectors/v2/FabricGateway] 	Failed to perform submit transaction [updateFinancierRLOffer] using arguments [User2,{"aprPct":16.63,"tenorDays":21,"ltvPct":70,"penaltyPct":0.5,"modelVersion":"caliper-workload"}],  with error: TransactionError: Commit of transaction 252c2f15f5af8b0d18a30479a76c9900c6c9e1978a903d68220903b99fbc3305 failed on peer peer0.financiers.example.com:7051 with status MVCC_READ_CONFLICT
    at TransactionEventHandler.eventCallback (/home/dhanish/fabric_sfc/caliper-bench/node_modules/fabric-network/lib/impl/event/transactioneventhandler.js:111:31)
    at CommitListenerSession.notifyListener (/home/dhanish/fabric_sfc/caliper-bench/node_modules/fabric-network/lib/impl/event/commitlistenersession.js:101:18)
    at EventListener.callback (/home/dhanish/fabric_sfc/caliper-bench/node_modules/fabric-network/lib/impl/event/commitlistenersession.js:92:18)
    at EventListener.onEvent (/home/dhanish/fabric_sfc/caliper-bench/node_modules/fabric-common/lib/EventListener.js:124:10)
    at EventService._callTransactionListener (/home/dhanish/fabric_sfc/caliper-bench/node_modules/fabric-common/lib/EventService.js:1051:16)
    at EventService._processTxEvents (/home/dhanish/fabric_sfc/caliper-bench/node_modules/fabric-common/lib/EventService.js:1006:12)
    at ClientDuplexStreamImpl.<anonymous> (/home/dhanish/fabric_sfc/caliper-bench/node_modules/fabric-common/lib/EventService.js:481:12)
    at ClientDuplexStreamImpl.emit (node:events:517:28)
    at addChunk (node:internal/streams/readable:368:12)
    at readableAddChunk (node:internal/streams/readable:341:9)
2026-08-11T09:20:54.034Z - [33mwarn[39m: [TransactionEventHandler]: strategyFail: commit failure for transaction "747c83952fb57d08636b73a48c3ef8193cadf7c32e491914afb264b626bfa257": TransactionError: Commit of transaction 747c83952fb57d08636b73a48c3ef8193cadf7c32e491914afb264b626bfa257 failed on peer peer0.financiers.example.com:7051 with status MVCC_READ_CONFLICT
    at TransactionEventHandler.eventCallback (/home/dhanish/fabric_sfc/caliper-bench/node_modules/fabric-network/lib/impl/event/transactioneventhandler.js:111:31)
    at CommitListenerSession.notifyListener (/home/dhanish/fabric_sfc/caliper-bench/node_modules/fabric-network/lib/impl/event/commitlistenersession.js:101:18)
    at EventListener.callback (/home/dhanish/fabric_sfc/caliper-bench/node_modules/fabric-network/lib/impl/event/commitlistenersession.js:92:18)
    at EventListener.onEvent (/home/dhanish/fabric_sfc/caliper-bench/node_modules/fabric-common/lib/EventListener.js:124:10)
    at EventService._callTransactionListener (/home/dhanish/fabric_sfc/caliper-bench/node_modules/fabric-common/lib/EventService.js:1051:16)
    at EventService._processTxEvents (/home/dhanish/fabric_sfc/caliper-bench/node_modules/fabric-common/lib/EventService.js:1006:12)
    at ClientDuplexStreamImpl.<anonymous> (/home/dhanish/fabric_sfc/caliper-bench/node_modules/fabric-common/lib/EventService.js:481:12)
    at ClientDuplexStreamImpl.emit (node:events:517:28)
    at addChunk (node:internal/streams/readable:368:12)
    at readableAddChunk (node:internal/streams/readable:341:9) {
  transactionId: '747c83952fb57d08636b73a48c3ef8193cadf7c32e491914afb264b626bfa257',
  transactionCode: 'MVCC_READ_CONFLICT'
}
2026.08.11-09:20:54.034[31m error[39m [caliper] [connectors/v2/FabricGateway] 	Failed to perform submit transaction [updateFinancierRLOffer] using arguments [User2,{"aprPct":17.53,"tenorDays":21,"ltvPct":70,"penaltyPct":0.5,"modelVersion":"caliper-workload"}],  with error: TransactionError: Commit of transaction fa3b89d4b1b297c80166668c97b241d10a8482577fcc8294e445e0c6a0e05994 failed on peer peer0.financiers.example.com:7051 with status MVCC_READ_CONFLICT
    at TransactionEventHandler.eventCallback (/home/dhanish/fabric_sfc/caliper-bench/node_modules/fabric-network/lib/impl/event/transactioneventhandler.js:111:31)
    at CommitListenerSession.notifyListener (/home/dhanish/fabric_sfc/caliper-bench/node_modules/fabric-network/lib/impl/event/commitlistenersession.js:101:18)
    at EventListener.callback (/home/dhanish/fabric_sfc/caliper-bench/node_modules/fabric-network/lib/impl/event/commitlistenersession.js:92:18)
    at EventListener.onEvent (/home/dhanish/fabric_sfc/caliper-bench/node_modules/fabric-common/lib/EventListener.js:124:10)
    at EventService._callTransactionListener (/home/dhanish/fabric_sfc/caliper-bench/node_modules/fabric-common/lib/EventService.js:1051:16)
    at EventService._processTxEvents (/home/dhanish/fabric_sfc/caliper-bench/node_modules/fabric-common/lib/EventService.js:1006:12)
    at ClientDuplexStreamImpl.<anonymous> (/home/dhanish/fabric_sfc/caliper-bench/node_modules/fabric-common/lib/EventService.js:481:12)
    at ClientDuplexStreamImpl.emit (node:events:517:28)
    at addChunk (node:internal/streams/readable:368:12)
    at readableAddChunk (node:internal/streams/readable:341:9)
2026-08-11T09:20:54.035Z - [33mwarn[39m: [TransactionEventHandler]: strategyFail: commit failure for transaction "99cd548461f7ed1f205267f80e75025990e5b00a269663284818dac5face9c61": TransactionError: Commit of transaction 99cd548461f7ed1f205267f80e75025990e5b00a269663284818dac5face9c61 failed on peer peer0.financiers.example.com:7051 with status MVCC_READ_CONFLICT
    at TransactionEventHandler.eventCallback (/home/dhanish/fabric_sfc/caliper-bench/node_modules/fabric-network/lib/impl/event/transactioneventhandler.js:111:31)
    at CommitListenerSession.notifyListener (/home/dhanish/fabric_sfc/caliper-bench/node_modules/fabric-network/lib/impl/event/commitlistenersession.js:101:18)
    at EventListener.callback (/home/dhanish/fabric_sfc/caliper-bench/node_modules/fabric-network/lib/impl/event/commitlistenersession.js:92:18)
    at EventListener.onEvent (/home/dhanish/fabric_sfc/caliper-bench/node_modules/fabric-common/lib/EventListener.js:124:10)
    at EventService._callTransactionListener (/home/dhanish/fabric_sfc/caliper-bench/node_modules/fabric-common/lib/EventService.js:1051:16)
    at EventService._processTxEvents (/home/dhanish/fabric_sfc/caliper-bench/node_modules/fabric-common/lib/EventService.js:1006:12)
    at ClientDuplexStreamImpl.<anonymous> (/home/dhanish/fabric_sfc/caliper-bench/node_modules/fabric-common/lib/EventService.js:481:12)
    at ClientDuplexStreamImpl.emit (node:events:517:28)
    at addChunk (node:internal/streams/readable:368:12)
    at readableAddChunk (node:internal/streams/readable:341:9) {
  transactionId: '99cd548461f7ed1f205267f80e75025990e5b00a269663284818dac5face9c61',
  transactionCode: 'MVCC_READ_CONFLICT'
}
2026.08.11-09:20:54.035[31m error[39m [caliper] [connectors/v2/FabricGateway] 	Failed to perform submit transaction [updateFinancierRLOffer] using arguments [User1,{"aprPct":12.63,"tenorDays":14,"ltvPct":70,"penaltyPct":0.5,"modelVersion":"caliper-workload"}],  with error: TransactionError: Commit of transaction 747c83952fb57d08636b73a48c3ef8193cadf7c32e491914afb264b626bfa257 failed on peer peer0.financiers.example.com:7051 with status MVCC_READ_CONFLICT
    at TransactionEventHandler.eventCallback (/home/dhanish/fabric_sfc/caliper-bench/node_modules/fabric-network/lib/impl/event/transactioneventhandler.js:111:31)
    at CommitListenerSession.notifyListener (/home/dhanish/fabric_sfc/caliper-bench/node_modules/fabric-network/lib/impl/event/commitlistenersession.js:101:18)
    at EventListener.callback (/home/dhanish/fabric_sfc/caliper-bench/node_modules/fabric-network/lib/impl/event/commitlistenersession.js:92:18)
    at EventListener.onEvent (/home/dhanish/fabric_sfc/caliper-bench/node_modules/fabric-common/lib/EventListener.js:124:10)
    at EventService._callTransactionListener (/home/dhanish/fabric_sfc/caliper-bench/node_modules/fabric-common/lib/EventService.js:1051:16)
    at EventService._processTxEvents (/home/dhanish/fabric_sfc/caliper-bench/node_modules/fabric-common/lib/EventService.js:1006:12)
    at ClientDuplexStreamImpl.<anonymous> (/home/dhanish/fabric_sfc/caliper-bench/node_modules/fabric-common/lib/EventService.js:481:12)
    at ClientDuplexStreamImpl.emit (node:events:517:28)
    at addChunk (node:internal/streams/readable:368:12)
    at readableAddChunk (node:internal/streams/readable:341:9)
2026.08.11-09:20:54.035[31m error[39m [caliper] [connectors/v2/FabricGateway] 	Failed to perform submit transaction [updateFinancierRLOffer] using arguments [User1,{"aprPct":14.8,"tenorDays":14,"ltvPct":70,"penaltyPct":0.5,"modelVersion":"caliper-workload"}],  with error: TransactionError: Commit of transaction 99cd548461f7ed1f205267f80e75025990e5b00a269663284818dac5face9c61 failed on peer peer0.financiers.example.com:7051 with status MVCC_READ_CONFLICT
    at TransactionEventHandler.eventCallback (/home/dhanish/fabric_sfc/caliper-bench/node_modules/fabric-network/lib/impl/event/transactioneventhandler.js:111:31)
    at CommitListenerSession.notifyListener (/home/dhanish/fabric_sfc/caliper-bench/node_modules/fabric-network/lib/impl/event/commitlistenersession.js:101:18)
    at EventListener.callback (/home/dhanish/fabric_sfc/caliper-bench/node_modules/fabric-network/lib/impl/event/commitlistenersession.js:92:18)
    at EventListener.onEvent (/home/dhanish/fabric_sfc/caliper-bench/node_modules/fabric-common/lib/EventListener.js:124:10)
    at EventService._callTransactionListener (/home/dhanish/fabric_sfc/caliper-bench/node_modules/fabric-common/lib/EventService.js:1051:16)
    at EventService._processTxEvents (/home/dhanish/fabric_sfc/caliper-bench/node_modules/fabric-common/lib/EventService.js:1006:12)
    at ClientDuplexStreamImpl.<anonymous> (/home/dhanish/fabric_sfc/caliper-bench/node_modules/fabric-common/lib/EventService.js:481:12)
    at ClientDuplexStreamImpl.emit (node:events:517:28)
    at addChunk (node:internal/streams/readable:368:12)
    at readableAddChunk (node:internal/streams/readable:341:9)
2026-08-11T09:20:54.063Z - [33mwarn[39m: [TransactionEventHandler]: strategyFail: commit failure for transaction "051b7a25025423909526ac2b1eee2e1ab9f855db068e06c61999679ce91447d1": TransactionError: Commit of transaction 051b7a25025423909526ac2b1eee2e1ab9f855db068e06c61999679ce91447d1 failed on peer peer0.financiers.example.com:7051 with status MVCC_READ_CONFLICT
    at TransactionEventHandler.eventCallback (/home/dhanish/fabric_sfc/caliper-bench/node_modules/fabric-network/lib/impl/event/transactioneventhandler.js:111:31)
    at CommitListenerSession.notifyListener (/home/dhanish/fabric_sfc/caliper-bench/node_modules/fabric-network/lib/impl/event/commitlistenersession.js:101:18)
    at EventListener.callback (/home/dhanish/fabric_sfc/caliper-bench/node_modules/fabric-network/lib/impl/event/commitlistenersession.js:92:18)
    at EventListener.onEvent (/home/dhanish/fabric_sfc/caliper-bench/node_modules/fabric-common/lib/EventListener.js:124:10)
    at EventService._callTransactionListener (/home/dhanish/fabric_sfc/caliper-bench/node_modules/fabric-common/lib/EventService.js:1051:16)
    at EventService._processTxEvents (/home/dhanish/fabric_sfc/caliper-bench/node_modules/fabric-common/lib/EventService.js:1006:12)
    at ClientDuplexStreamImpl.<anonymous> (/home/dhanish/fabric_sfc/caliper-bench/node_modules/fabric-common/lib/EventService.js:481:12)
    at ClientDuplexStreamImpl.emit (node:events:517:28)
    at addChunk (node:internal/streams/readable:368:12)
    at readableAddChunk (node:internal/streams/readable:341:9) {
  transactionId: '051b7a25025423909526ac2b1eee2e1ab9f855db068e06c61999679ce91447d1',
  transactionCode: 'MVCC_READ_CONFLICT'
}
2026-08-11T09:20:54.063Z - [33mwarn[39m: [TransactionEventHandler]: strategyFail: commit failure for transaction "c02acc0dbfefc66f6238508870773a12264c53dfafcf5cb2e0953e9e479fe3eb": TransactionError: Commit of transaction c02acc0dbfefc66f6238508870773a12264c53dfafcf5cb2e0953e9e479fe3eb failed on peer peer0.financiers.example.com:7051 with status MVCC_READ_CONFLICT
    at TransactionEventHandler.eventCallback (/home/dhanish/fabric_sfc/caliper-bench/node_modules/fabric-network/lib/impl/event/transactioneventhandler.js:111:31)
    at CommitListenerSession.notifyListener (/home/dhanish/fabric_sfc/caliper-bench/node_modules/fabric-network/lib/impl/event/commitlistenersession.js:101:18)
    at EventListener.callback (/home/dhanish/fabric_sfc/caliper-bench/node_modules/fabric-network/lib/impl/event/commitlistenersession.js:92:18)
    at EventListener.onEvent (/home/dhanish/fabric_sfc/caliper-bench/node_modules/fabric-common/lib/EventListener.js:124:10)
    at EventService._callTransactionListener (/home/dhanish/fabric_sfc/caliper-bench/node_modules/fabric-common/lib/EventService.js:1051:16)
    at EventService._processTxEvents (/home/dhanish/fabric_sfc/caliper-bench/node_modules/fabric-common/lib/EventService.js:1006:12)
    at ClientDuplexStreamImpl.<anonymous> (/home/dhanish/fabric_sfc/caliper-bench/node_modules/fabric-common/lib/EventService.js:481:12)
    at ClientDuplexStreamImpl.emit (node:events:517:28)
    at addChunk (node:internal/streams/readable:368:12)
    at readableAddChunk (node:internal/streams/readable:341:9) {
  transactionId: 'c02acc0dbfefc66f6238508870773a12264c53dfafcf5cb2e0953e9e479fe3eb',
  transactionCode: 'MVCC_READ_CONFLICT'
}
2026-08-11T09:20:54.063Z - [33mwarn[39m: [TransactionEventHandler]: strategyFail: commit failure for transaction "c67bff2ab218675ceda47e09a3b3c5f73a8aaf1cb7120f35e753ed9ede3c23a0": TransactionError: Commit of transaction c67bff2ab218675ceda47e09a3b3c5f73a8aaf1cb7120f35e753ed9ede3c23a0 failed on peer peer0.financiers.example.com:7051 with status MVCC_READ_CONFLICT
    at TransactionEventHandler.eventCallback (/home/dhanish/fabric_sfc/caliper-bench/node_modules/fabric-network/lib/impl/event/transactioneventhandler.js:111:31)
    at CommitListenerSession.notifyListener (/home/dhanish/fabric_sfc/caliper-bench/node_modules/fabric-network/lib/impl/event/commitlistenersession.js:101:18)
    at EventListener.callback (/home/dhanish/fabric_sfc/caliper-bench/node_modules/fabric-network/lib/impl/event/commitlistenersession.js:92:18)
    at EventListener.onEvent (/home/dhanish/fabric_sfc/caliper-bench/node_modules/fabric-common/lib/EventListener.js:124:10)
    at EventService._callTransactionListener (/home/dhanish/fabric_sfc/caliper-bench/node_modules/fabric-common/lib/EventService.js:1051:16)
    at EventService._processTxEvents (/home/dhanish/fabric_sfc/caliper-bench/node_modules/fabric-common/lib/EventService.js:1006:12)
    at ClientDuplexStreamImpl.<anonymous> (/home/dhanish/fabric_sfc/caliper-bench/node_modules/fabric-common/lib/EventService.js:481:12)
    at ClientDuplexStreamImpl.emit (node:events:517:28)
    at addChunk (node:internal/streams/readable:368:12)
    at readableAddChunk (node:internal/streams/readable:341:9) {
  transactionId: 'c67bff2ab218675ceda47e09a3b3c5f73a8aaf1cb7120f35e753ed9ede3c23a0',
  transactionCode: 'MVCC_READ_CONFLICT'
}
2026-08-11T09:20:54.063Z - [33mwarn[39m: [TransactionEventHandler]: strategyFail: commit failure for transaction "b45ee60552f3692404aa5e2d971f7acdf029c4be71fd931b29151dc8d56be4b6": TransactionError: Commit of transaction b45ee60552f3692404aa5e2d971f7acdf029c4be71fd931b29151dc8d56be4b6 failed on peer peer0.financiers.example.com:7051 with status MVCC_READ_CONFLICT
    at TransactionEventHandler.eventCallback (/home/dhanish/fabric_sfc/caliper-bench/node_modules/fabric-network/lib/impl/event/transactioneventhandler.js:111:31)
    at CommitListenerSession.notifyListener (/home/dhanish/fabric_sfc/caliper-bench/node_modules/fabric-network/lib/impl/event/commitlistenersession.js:101:18)
    at EventListener.callback (/home/dhanish/fabric_sfc/caliper-bench/node_modules/fabric-network/lib/impl/event/commitlistenersession.js:92:18)
    at EventListener.onEvent (/home/dhanish/fabric_sfc/caliper-bench/node_modules/fabric-common/lib/EventListener.js:124:10)
    at EventService._callTransactionListener (/home/dhanish/fabric_sfc/caliper-bench/node_modules/fabric-common/lib/EventService.js:1051:16)
    at EventService._processTxEvents (/home/dhanish/fabric_sfc/caliper-bench/node_modules/fabric-common/lib/EventService.js:1006:12)
    at ClientDuplexStreamImpl.<anonymous> (/home/dhanish/fabric_sfc/caliper-bench/node_modules/fabric-common/lib/EventService.js:481:12)
    at ClientDuplexStreamImpl.emit (node:events:517:28)
    at addChunk (node:internal/streams/readable:368:12)
    at readableAddChunk (node:internal/streams/readable:341:9) {
  transactionId: 'b45ee60552f3692404aa5e2d971f7acdf029c4be71fd931b29151dc8d56be4b6',
  transactionCode: 'MVCC_READ_CONFLICT'
}
2026.08.11-09:20:54.064[31m error[39m [caliper] [connectors/v2/FabricGateway] 	Failed to perform submit transaction [updateFinancierRLOffer] using arguments [User3,{"aprPct":14.3,"tenorDays":28,"ltvPct":70,"penaltyPct":0.5,"modelVersion":"caliper-workload"}],  with error: TransactionError: Commit of transaction c02acc0dbfefc66f6238508870773a12264c53dfafcf5cb2e0953e9e479fe3eb failed on peer peer0.financiers.example.com:7051 with status MVCC_READ_CONFLICT
    at TransactionEventHandler.eventCallback (/home/dhanish/fabric_sfc/caliper-bench/node_modules/fabric-network/lib/impl/event/transactioneventhandler.js:111:31)
    at CommitListenerSession.notifyListener (/home/dhanish/fabric_sfc/caliper-bench/node_modules/fabric-network/lib/impl/event/commitlistenersession.js:101:18)
    at EventListener.callback (/home/dhanish/fabric_sfc/caliper-bench/node_modules/fabric-network/lib/impl/event/commitlistenersession.js:92:18)
    at EventListener.onEvent (/home/dhanish/fabric_sfc/caliper-bench/node_modules/fabric-common/lib/EventListener.js:124:10)
    at EventService._callTransactionListener (/home/dhanish/fabric_sfc/caliper-bench/node_modules/fabric-common/lib/EventService.js:1051:16)
    at EventService._processTxEvents (/home/dhanish/fabric_sfc/caliper-bench/node_modules/fabric-common/lib/EventService.js:1006:12)
    at ClientDuplexStreamImpl.<anonymous> (/home/dhanish/fabric_sfc/caliper-bench/node_modules/fabric-common/lib/EventService.js:481:12)
    at ClientDuplexStreamImpl.emit (node:events:517:28)
    at addChunk (node:internal/streams/readable:368:12)
    at readableAddChunk (node:internal/streams/readable:341:9)
2026-08-11T09:20:54.064Z - [33mwarn[39m: [TransactionEventHandler]: strategyFail: commit failure for transaction "f752c2a55974fea8c44fd764914707b8d4b891bca14c94b10b9c53ad5750d53a": TransactionError: Commit of transaction f752c2a55974fea8c44fd764914707b8d4b891bca14c94b10b9c53ad5750d53a failed on peer peer0.financiers.example.com:7051 with status MVCC_READ_CONFLICT
    at TransactionEventHandler.eventCallback (/home/dhanish/fabric_sfc/caliper-bench/node_modules/fabric-network/lib/impl/event/transactioneventhandler.js:111:31)
    at CommitListenerSession.notifyListener (/home/dhanish/fabric_sfc/caliper-bench/node_modules/fabric-network/lib/impl/event/commitlistenersession.js:101:18)
    at EventListener.callback (/home/dhanish/fabric_sfc/caliper-bench/node_modules/fabric-network/lib/impl/event/commitlistenersession.js:92:18)
    at EventListener.onEvent (/home/dhanish/fabric_sfc/caliper-bench/node_modules/fabric-common/lib/EventListener.js:124:10)
    at EventService._callTransactionListener (/home/dhanish/fabric_sfc/caliper-bench/node_modules/fabric-common/lib/EventService.js:1051:16)
    at EventService._processTxEvents (/home/dhanish/fabric_sfc/caliper-bench/node_modules/fabric-common/lib/EventService.js:1006:12)
    at ClientDuplexStreamImpl.<anonymous> (/home/dhanish/fabric_sfc/caliper-bench/node_modules/fabric-common/lib/EventService.js:481:12)
    at ClientDuplexStreamImpl.emit (node:events:517:28)
    at addChunk (node:internal/streams/readable:368:12)
    at readableAddChunk (node:internal/streams/readable:341:9) {
  transactionId: 'f752c2a55974fea8c44fd764914707b8d4b891bca14c94b10b9c53ad5750d53a',
  transactionCode: 'MVCC_READ_CONFLICT'
}
2026.08.11-09:20:54.064[31m error[39m [caliper] [connectors/v2/FabricGateway] 	Failed to perform submit transaction [updateFinancierRLOffer] using arguments [User4,{"aprPct":12.75,"tenorDays":14,"ltvPct":70,"penaltyPct":0.5,"modelVersion":"caliper-workload"}],  with error: TransactionError: Commit of transaction 051b7a25025423909526ac2b1eee2e1ab9f855db068e06c61999679ce91447d1 failed on peer peer0.financiers.example.com:7051 with status MVCC_READ_CONFLICT
    at TransactionEventHandler.eventCallback (/home/dhanish/fabric_sfc/caliper-bench/node_modules/fabric-network/lib/impl/event/transactioneventhandler.js:111:31)
    at CommitListenerSession.notifyListener (/home/dhanish/fabric_sfc/caliper-bench/node_modules/fabric-network/lib/impl/event/commitlistenersession.js:101:18)
    at EventListener.callback (/home/dhanish/fabric_sfc/caliper-bench/node_modules/fabric-network/lib/impl/event/commitlistenersession.js:92:18)
    at EventListener.onEvent (/home/dhanish/fabric_sfc/caliper-bench/node_modules/fabric-common/lib/EventListener.js:124:10)
    at EventService._callTransactionListener (/home/dhanish/fabric_sfc/caliper-bench/node_modules/fabric-common/lib/EventService.js:1051:16)
    at EventService._processTxEvents (/home/dhanish/fabric_sfc/caliper-bench/node_modules/fabric-common/lib/EventService.js:1006:12)
    at ClientDuplexStreamImpl.<anonymous> (/home/dhanish/fabric_sfc/caliper-bench/node_modules/fabric-common/lib/EventService.js:481:12)
    at ClientDuplexStreamImpl.emit (node:events:517:28)
    at addChunk (node:internal/streams/readable:368:12)
    at readableAddChunk (node:internal/streams/readable:341:9)
2026-08-11T09:20:54.064Z - [33mwarn[39m: [TransactionEventHandler]: strategyFail: commit failure for transaction "f8b5007c4bbf282fc977f361cebae89e5450cfd1a8b746e5e9df5221bf2efed3": TransactionError: Commit of transaction f8b5007c4bbf282fc977f361cebae89e5450cfd1a8b746e5e9df5221bf2efed3 failed on peer peer0.financiers.example.com:7051 with status MVCC_READ_CONFLICT
    at TransactionEventHandler.eventCallback (/home/dhanish/fabric_sfc/caliper-bench/node_modules/fabric-network/lib/impl/event/transactioneventhandler.js:111:31)
    at CommitListenerSession.notifyListener (/home/dhanish/fabric_sfc/caliper-bench/node_modules/fabric-network/lib/impl/event/commitlistenersession.js:101:18)
    at EventListener.callback (/home/dhanish/fabric_sfc/caliper-bench/node_modules/fabric-network/lib/impl/event/commitlistenersession.js:92:18)
    at EventListener.onEvent (/home/dhanish/fabric_sfc/caliper-bench/node_modules/fabric-common/lib/EventListener.js:124:10)
    at EventService._callTransactionListener (/home/dhanish/fabric_sfc/caliper-bench/node_modules/fabric-common/lib/EventService.js:1051:16)
    at EventService._processTxEvents (/home/dhanish/fabric_sfc/caliper-bench/node_modules/fabric-common/lib/EventService.js:1006:12)
    at ClientDuplexStreamImpl.<anonymous> (/home/dhanish/fabric_sfc/caliper-bench/node_modules/fabric-common/lib/EventService.js:481:12)
    at ClientDuplexStreamImpl.emit (node:events:517:28)
    at addChunk (node:internal/streams/readable:368:12)
    at readableAddChunk (node:internal/streams/readable:341:9) {
  transactionId: 'f8b5007c4bbf282fc977f361cebae89e5450cfd1a8b746e5e9df5221bf2efed3',
  transactionCode: 'MVCC_READ_CONFLICT'
}
2026-08-11T09:20:54.064Z - [33mwarn[39m: [TransactionEventHandler]: strategyFail: commit failure for transaction "874ca2769b2a0a275c93afcee5801da8115d1de8c3d7887e67d0a8e090b836b4": TransactionError: Commit of transaction 874ca2769b2a0a275c93afcee5801da8115d1de8c3d7887e67d0a8e090b836b4 failed on peer peer0.financiers.example.com:7051 with status MVCC_READ_CONFLICT
    at TransactionEventHandler.eventCallback (/home/dhanish/fabric_sfc/caliper-bench/node_modules/fabric-network/lib/impl/event/transactioneventhandler.js:111:31)
    at CommitListenerSession.notifyListener (/home/dhanish/fabric_sfc/caliper-bench/node_modules/fabric-network/lib/impl/event/commitlistenersession.js:101:18)
    at EventListener.callback (/home/dhanish/fabric_sfc/caliper-bench/node_modules/fabric-network/lib/impl/event/commitlistenersession.js:92:18)
    at EventListener.onEvent (/home/dhanish/fabric_sfc/caliper-bench/node_modules/fabric-common/lib/EventListener.js:124:10)
    at EventService._callTransactionListener (/home/dhanish/fabric_sfc/caliper-bench/node_modules/fabric-common/lib/EventService.js:1051:16)
    at EventService._processTxEvents (/home/dhanish/fabric_sfc/caliper-bench/node_modules/fabric-common/lib/EventService.js:1006:12)
    at ClientDuplexStreamImpl.<anonymous> (/home/dhanish/fabric_sfc/caliper-bench/node_modules/fabric-common/lib/EventService.js:481:12)
    at ClientDuplexStreamImpl.emit (node:events:517:28)
    at addChunk (node:internal/streams/readable:368:12)
    at readableAddChunk (node:internal/streams/readable:341:9) {
  transactionId: '874ca2769b2a0a275c93afcee5801da8115d1de8c3d7887e67d0a8e090b836b4',
  transactionCode: 'MVCC_READ_CONFLICT'
}
2026.08.11-09:20:54.064[31m error[39m [caliper] [connectors/v2/FabricGateway] 	Failed to perform submit transaction [updateFinancierRLOffer] using arguments [User2,{"aprPct":15.89,"tenorDays":21,"ltvPct":70,"penaltyPct":0.5,"modelVersion":"caliper-workload"}],  with error: TransactionError: Commit of transaction b45ee60552f3692404aa5e2d971f7acdf029c4be71fd931b29151dc8d56be4b6 failed on peer peer0.financiers.example.com:7051 with status MVCC_READ_CONFLICT
    at TransactionEventHandler.eventCallback (/home/dhanish/fabric_sfc/caliper-bench/node_modules/fabric-network/lib/impl/event/transactioneventhandler.js:111:31)
    at CommitListenerSession.notifyListener (/home/dhanish/fabric_sfc/caliper-bench/node_modules/fabric-network/lib/impl/event/commitlistenersession.js:101:18)
    at EventListener.callback (/home/dhanish/fabric_sfc/caliper-bench/node_modules/fabric-network/lib/impl/event/commitlistenersession.js:92:18)
    at EventListener.onEvent (/home/dhanish/fabric_sfc/caliper-bench/node_modules/fabric-common/lib/EventListener.js:124:10)
    at EventService._callTransactionListener (/home/dhanish/fabric_sfc/caliper-bench/node_modules/fabric-common/lib/EventService.js:1051:16)
    at EventService._processTxEvents (/home/dhanish/fabric_sfc/caliper-bench/node_modules/fabric-common/lib/EventService.js:1006:12)
    at ClientDuplexStreamImpl.<anonymous> (/home/dhanish/fabric_sfc/caliper-bench/node_modules/fabric-common/lib/EventService.js:481:12)
    at ClientDuplexStreamImpl.emit (node:events:517:28)
    at addChunk (node:internal/streams/readable:368:12)
    at readableAddChunk (node:internal/streams/readable:341:9)
2026.08.11-09:20:54.064[31m error[39m [caliper] [connectors/v2/FabricGateway] 	Failed to perform submit transaction [updateFinancierRLOffer] using arguments [User5,{"aprPct":17.29,"tenorDays":21,"ltvPct":70,"penaltyPct":0.5,"modelVersion":"caliper-workload"}],  with error: TransactionError: Commit of transaction c67bff2ab218675ceda47e09a3b3c5f73a8aaf1cb7120f35e753ed9ede3c23a0 failed on peer peer0.financiers.example.com:7051 with status MVCC_READ_CONFLICT
    at TransactionEventHandler.eventCallback (/home/dhanish/fabric_sfc/caliper-bench/node_modules/fabric-network/lib/impl/event/transactioneventhandler.js:111:31)
    at CommitListenerSession.notifyListener (/home/dhanish/fabric_sfc/caliper-bench/node_modules/fabric-network/lib/impl/event/commitlistenersession.js:101:18)
    at EventListener.callback (/home/dhanish/fabric_sfc/caliper-bench/node_modules/fabric-network/lib/impl/event/commitlistenersession.js:92:18)
    at EventListener.onEvent (/home/dhanish/fabric_sfc/caliper-bench/node_modules/fabric-common/lib/EventListener.js:124:10)
    at EventService._callTransactionListener (/home/dhanish/fabric_sfc/caliper-bench/node_modules/fabric-common/lib/EventService.js:1051:16)
    at EventService._processTxEvents (/home/dhanish/fabric_sfc/caliper-bench/node_modules/fabric-common/lib/EventService.js:1006:12)
    at ClientDuplexStreamImpl.<anonymous> (/home/dhanish/fabric_sfc/caliper-bench/node_modules/fabric-common/lib/EventService.js:481:12)
    at ClientDuplexStreamImpl.emit (node:events:517:28)
    at addChunk (node:internal/streams/readable:368:12)
    at readableAddChunk (node:internal/streams/readable:341:9)
2026.08.11-09:20:54.065[31m error[39m [caliper] [connectors/v2/FabricGateway] 	Failed to perform submit transaction [updateFinancierRLOffer] using arguments [User5,{"aprPct":13.57,"tenorDays":21,"ltvPct":70,"penaltyPct":0.5,"modelVersion":"caliper-workload"}],  with error: TransactionError: Commit of transaction f752c2a55974fea8c44fd764914707b8d4b891bca14c94b10b9c53ad5750d53a failed on peer peer0.financiers.example.com:7051 with status MVCC_READ_CONFLICT
    at TransactionEventHandler.eventCallback (/home/dhanish/fabric_sfc/caliper-bench/node_modules/fabric-network/lib/impl/event/transactioneventhandler.js:111:31)
    at CommitListenerSession.notifyListener (/home/dhanish/fabric_sfc/caliper-bench/node_modules/fabric-network/lib/impl/event/commitlistenersession.js:101:18)
    at EventListener.callback (/home/dhanish/fabric_sfc/caliper-bench/node_modules/fabric-network/lib/impl/event/commitlistenersession.js:92:18)
    at EventListener.onEvent (/home/dhanish/fabric_sfc/caliper-bench/node_modules/fabric-common/lib/EventListener.js:124:10)
    at EventService._callTransactionListener (/home/dhanish/fabric_sfc/caliper-bench/node_modules/fabric-common/lib/EventService.js:1051:16)
    at EventService._processTxEvents (/home/dhanish/fabric_sfc/caliper-bench/node_modules/fabric-common/lib/EventService.js:1006:12)
    at ClientDuplexStreamImpl.<anonymous> (/home/dhanish/fabric_sfc/caliper-bench/node_modules/fabric-common/lib/EventService.js:481:12)
    at ClientDuplexStreamImpl.emit (node:events:517:28)
    at addChunk (node:internal/streams/readable:368:12)
    at readableAddChunk (node:internal/streams/readable:341:9)
2026.08.11-09:20:54.065[31m error[39m [caliper] [connectors/v2/FabricGateway] 	Failed to perform submit transaction [updateFinancierRLOffer] using arguments [User2,{"aprPct":13.34,"tenorDays":21,"ltvPct":70,"penaltyPct":0.5,"modelVersion":"caliper-workload"}],  with error: TransactionError: Commit of transaction f8b5007c4bbf282fc977f361cebae89e5450cfd1a8b746e5e9df5221bf2efed3 failed on peer peer0.financiers.example.com:7051 with status MVCC_READ_CONFLICT
    at TransactionEventHandler.eventCallback (/home/dhanish/fabric_sfc/caliper-bench/node_modules/fabric-network/lib/impl/event/transactioneventhandler.js:111:31)
    at CommitListenerSession.notifyListener (/home/dhanish/fabric_sfc/caliper-bench/node_modules/fabric-network/lib/impl/event/commitlistenersession.js:101:18)
    at EventListener.callback (/home/dhanish/fabric_sfc/caliper-bench/node_modules/fabric-network/lib/impl/event/commitlistenersession.js:92:18)
    at EventListener.onEvent (/home/dhanish/fabric_sfc/caliper-bench/node_modules/fabric-common/lib/EventListener.js:124:10)
    at EventService._callTransactionListener (/home/dhanish/fabric_sfc/caliper-bench/node_modules/fabric-common/lib/EventService.js:1051:16)
    at EventService._processTxEvents (/home/dhanish/fabric_sfc/caliper-bench/node_modules/fabric-common/lib/EventService.js:1006:12)
    at ClientDuplexStreamImpl.<anonymous> (/home/dhanish/fabric_sfc/caliper-bench/node_modules/fabric-common/lib/EventService.js:481:12)
    at ClientDuplexStreamImpl.emit (node:events:517:28)
    at addChunk (node:internal/streams/readable:368:12)
    at readableAddChunk (node:internal/streams/readable:341:9)
2026.08.11-09:20:54.065[31m error[39m [caliper] [connectors/v2/FabricGateway] 	Failed to perform submit transaction [updateFinancierRLOffer] using arguments [User5,{"aprPct":17.04,"tenorDays":21,"ltvPct":70,"penaltyPct":0.5,"modelVersion":"caliper-workload"}],  with error: TransactionError: Commit of transaction 874ca2769b2a0a275c93afcee5801da8115d1de8c3d7887e67d0a8e090b836b4 failed on peer peer0.financiers.example.com:7051 with status MVCC_READ_CONFLICT
    at TransactionEventHandler.eventCallback (/home/dhanish/fabric_sfc/caliper-bench/node_modules/fabric-network/lib/impl/event/transactioneventhandler.js:111:31)
    at CommitListenerSession.notifyListener (/home/dhanish/fabric_sfc/caliper-bench/node_modules/fabric-network/lib/impl/event/commitlistenersession.js:101:18)
    at EventListener.callback (/home/dhanish/fabric_sfc/caliper-bench/node_modules/fabric-network/lib/impl/event/commitlistenersession.js:92:18)
    at EventListener.onEvent (/home/dhanish/fabric_sfc/caliper-bench/node_modules/fabric-common/lib/EventListener.js:124:10)
    at EventService._callTransactionListener (/home/dhanish/fabric_sfc/caliper-bench/node_modules/fabric-common/lib/EventService.js:1051:16)
    at EventService._processTxEvents (/home/dhanish/fabric_sfc/caliper-bench/node_modules/fabric-common/lib/EventService.js:1006:12)
    at ClientDuplexStreamImpl.<anonymous> (/home/dhanish/fabric_sfc/caliper-bench/node_modules/fabric-common/lib/EventService.js:481:12)
    at ClientDuplexStreamImpl.emit (node:events:517:28)
    at addChunk (node:internal/streams/readable:368:12)
    at readableAddChunk (node:internal/streams/readable:341:9)
2026-08-11T09:20:54.065Z - [33mwarn[39m: [TransactionEventHandler]: strategyFail: commit failure for transaction "fdb92a8f3aca176ad2c866286df6642264952c972fe894e0f4a41c15fbe1a58e": TransactionError: Commit of transaction fdb92a8f3aca176ad2c866286df6642264952c972fe894e0f4a41c15fbe1a58e failed on peer peer0.financiers.example.com:7051 with status MVCC_READ_CONFLICT
    at TransactionEventHandler.eventCallback (/home/dhanish/fabric_sfc/caliper-bench/node_modules/fabric-network/lib/impl/event/transactioneventhandler.js:111:31)
    at CommitListenerSession.notifyListener (/home/dhanish/fabric_sfc/caliper-bench/node_modules/fabric-network/lib/impl/event/commitlistenersession.js:101:18)
    at EventListener.callback (/home/dhanish/fabric_sfc/caliper-bench/node_modules/fabric-network/lib/impl/event/commitlistenersession.js:92:18)
    at EventListener.onEvent (/home/dhanish/fabric_sfc/caliper-bench/node_modules/fabric-common/lib/EventListener.js:124:10)
    at EventService._callTransactionListener (/home/dhanish/fabric_sfc/caliper-bench/node_modules/fabric-common/lib/EventService.js:1051:16)
    at EventService._processTxEvents (/home/dhanish/fabric_sfc/caliper-bench/node_modules/fabric-common/lib/EventService.js:1006:12)
    at ClientDuplexStreamImpl.<anonymous> (/home/dhanish/fabric_sfc/caliper-bench/node_modules/fabric-common/lib/EventService.js:481:12)
    at ClientDuplexStreamImpl.emit (node:events:517:28)
    at addChunk (node:internal/streams/readable:368:12)
    at readableAddChunk (node:internal/streams/readable:341:9) {
  transactionId: 'fdb92a8f3aca176ad2c866286df6642264952c972fe894e0f4a41c15fbe1a58e',
  transactionCode: 'MVCC_READ_CONFLICT'
}
2026-08-11T09:20:54.066Z - [33mwarn[39m: [TransactionEventHandler]: strategyFail: commit failure for transaction "29c0a576ef1ddfe2b625e1d5b05435c3b6a775de03e95b5035526c9ae59b4635": TransactionError: Commit of transaction 29c0a576ef1ddfe2b625e1d5b05435c3b6a775de03e95b5035526c9ae59b4635 failed on peer peer0.financiers.example.com:7051 with status MVCC_READ_CONFLICT
    at TransactionEventHandler.eventCallback (/home/dhanish/fabric_sfc/caliper-bench/node_modules/fabric-network/lib/impl/event/transactioneventhandler.js:111:31)
    at CommitListenerSession.notifyListener (/home/dhanish/fabric_sfc/caliper-bench/node_modules/fabric-network/lib/impl/event/commitlistenersession.js:101:18)
    at EventListener.callback (/home/dhanish/fabric_sfc/caliper-bench/node_modules/fabric-network/lib/impl/event/commitlistenersession.js:92:18)
    at EventListener.onEvent (/home/dhanish/fabric_sfc/caliper-bench/node_modules/fabric-common/lib/EventListener.js:124:10)
    at EventService._callTransactionListener (/home/dhanish/fabric_sfc/caliper-bench/node_modules/fabric-common/lib/EventService.js:1051:16)
    at EventService._processTxEvents (/home/dhanish/fabric_sfc/caliper-bench/node_modules/fabric-common/lib/EventService.js:1006:12)
    at ClientDuplexStreamImpl.<anonymous> (/home/dhanish/fabric_sfc/caliper-bench/node_modules/fabric-common/lib/EventService.js:481:12)
    at ClientDuplexStreamImpl.emit (node:events:517:28)
    at addChunk (node:internal/streams/readable:368:12)
    at readableAddChunk (node:internal/streams/readable:341:9) {
  transactionId: '29c0a576ef1ddfe2b625e1d5b05435c3b6a775de03e95b5035526c9ae59b4635',
  transactionCode: 'MVCC_READ_CONFLICT'
}
2026.08.11-09:20:54.066[31m error[39m [caliper] [connectors/v2/FabricGateway] 	Failed to perform submit transaction [updateFinancierRLOffer] using arguments [User1,{"aprPct":13.15,"tenorDays":14,"ltvPct":70,"penaltyPct":0.5,"modelVersion":"caliper-workload"}],  with error: TransactionError: Commit of transaction fdb92a8f3aca176ad2c866286df6642264952c972fe894e0f4a41c15fbe1a58e failed on peer peer0.financiers.example.com:7051 with status MVCC_READ_CONFLICT
    at TransactionEventHandler.eventCallback (/home/dhanish/fabric_sfc/caliper-bench/node_modules/fabric-network/lib/impl/event/transactioneventhandler.js:111:31)
    at CommitListenerSession.notifyListener (/home/dhanish/fabric_sfc/caliper-bench/node_modules/fabric-network/lib/impl/event/commitlistenersession.js:101:18)
    at EventListener.callback (/home/dhanish/fabric_sfc/caliper-bench/node_modules/fabric-network/lib/impl/event/commitlistenersession.js:92:18)
    at EventListener.onEvent (/home/dhanish/fabric_sfc/caliper-bench/node_modules/fabric-common/lib/EventListener.js:124:10)
    at EventService._callTransactionListener (/home/dhanish/fabric_sfc/caliper-bench/node_modules/fabric-common/lib/EventService.js:1051:16)
    at EventService._processTxEvents (/home/dhanish/fabric_sfc/caliper-bench/node_modules/fabric-common/lib/EventService.js:1006:12)
    at ClientDuplexStreamImpl.<anonymous> (/home/dhanish/fabric_sfc/caliper-bench/node_modules/fabric-common/lib/EventService.js:481:12)
    at ClientDuplexStreamImpl.emit (node:events:517:28)
    at addChunk (node:internal/streams/readable:368:12)
    at readableAddChunk (node:internal/streams/readable:341:9)
2026.08.11-09:20:54.066[31m error[39m [caliper] [connectors/v2/FabricGateway] 	Failed to perform submit transaction [updateFinancierRLOffer] using arguments [User1,{"aprPct":16.97,"tenorDays":14,"ltvPct":70,"penaltyPct":0.5,"modelVersion":"caliper-workload"}],  with error: TransactionError: Commit of transaction 29c0a576ef1ddfe2b625e1d5b05435c3b6a775de03e95b5035526c9ae59b4635 failed on peer peer0.financiers.example.com:7051 with status MVCC_READ_CONFLICT
    at TransactionEventHandler.eventCallback (/home/dhanish/fabric_sfc/caliper-bench/node_modules/fabric-network/lib/impl/event/transactioneventhandler.js:111:31)
    at CommitListenerSession.notifyListener (/home/dhanish/fabric_sfc/caliper-bench/node_modules/fabric-network/lib/impl/event/commitlistenersession.js:101:18)
    at EventListener.callback (/home/dhanish/fabric_sfc/caliper-bench/node_modules/fabric-network/lib/impl/event/commitlistenersession.js:92:18)
    at EventListener.onEvent (/home/dhanish/fabric_sfc/caliper-bench/node_modules/fabric-common/lib/EventListener.js:124:10)
    at EventService._callTransactionListener (/home/dhanish/fabric_sfc/caliper-bench/node_modules/fabric-common/lib/EventService.js:1051:16)
    at EventService._processTxEvents (/home/dhanish/fabric_sfc/caliper-bench/node_modules/fabric-common/lib/EventService.js:1006:12)
    at ClientDuplexStreamImpl.<anonymous> (/home/dhanish/fabric_sfc/caliper-bench/node_modules/fabric-common/lib/EventService.js:481:12)
    at ClientDuplexStreamImpl.emit (node:events:517:28)
    at addChunk (node:internal/streams/readable:368:12)
    at readableAddChunk (node:internal/streams/readable:341:9)
2026-08-11T09:20:54.096Z - [33mwarn[39m: [TransactionEventHandler]: strategyFail: commit failure for transaction "714861600d7ddb153079a36cb6ea832c5cdf9029b95a0ca2d4174a8e3ff5acce": TransactionError: Commit of transaction 714861600d7ddb153079a36cb6ea832c5cdf9029b95a0ca2d4174a8e3ff5acce failed on peer peer0.financiers.example.com:7051 with status MVCC_READ_CONFLICT
    at TransactionEventHandler.eventCallback (/home/dhanish/fabric_sfc/caliper-bench/node_modules/fabric-network/lib/impl/event/transactioneventhandler.js:111:31)
    at CommitListenerSession.notifyListener (/home/dhanish/fabric_sfc/caliper-bench/node_modules/fabric-network/lib/impl/event/commitlistenersession.js:101:18)
    at EventListener.callback (/home/dhanish/fabric_sfc/caliper-bench/node_modules/fabric-network/lib/impl/event/commitlistenersession.js:92:18)
    at EventListener.onEvent (/home/dhanish/fabric_sfc/caliper-bench/node_modules/fabric-common/lib/EventListener.js:124:10)
    at EventService._callTransactionListener (/home/dhanish/fabric_sfc/caliper-bench/node_modules/fabric-common/lib/EventService.js:1051:16)
    at EventService._processTxEvents (/home/dhanish/fabric_sfc/caliper-bench/node_modules/fabric-common/lib/EventService.js:1006:12)
    at ClientDuplexStreamImpl.<anonymous> (/home/dhanish/fabric_sfc/caliper-bench/node_modules/fabric-common/lib/EventService.js:481:12)
    at ClientDuplexStreamImpl.emit (node:events:517:28)
    at addChunk (node:internal/streams/readable:368:12)
    at readableAddChunk (node:internal/streams/readable:341:9) {
  transactionId: '714861600d7ddb153079a36cb6ea832c5cdf9029b95a0ca2d4174a8e3ff5acce',
  transactionCode: 'MVCC_READ_CONFLICT'
}
2026-08-11T09:20:54.096Z - [33mwarn[39m: [TransactionEventHandler]: strategyFail: commit failure for transaction "bcedda6e98c0930fba33b3b26bccbcd90cbf9507d994cd5143b511a6355953ff": TransactionError: Commit of transaction bcedda6e98c0930fba33b3b26bccbcd90cbf9507d994cd5143b511a6355953ff failed on peer peer0.financiers.example.com:7051 with status MVCC_READ_CONFLICT
    at TransactionEventHandler.eventCallback (/home/dhanish/fabric_sfc/caliper-bench/node_modules/fabric-network/lib/impl/event/transactioneventhandler.js:111:31)
    at CommitListenerSession.notifyListener (/home/dhanish/fabric_sfc/caliper-bench/node_modules/fabric-network/lib/impl/event/commitlistenersession.js:101:18)
    at EventListener.callback (/home/dhanish/fabric_sfc/caliper-bench/node_modules/fabric-network/lib/impl/event/commitlistenersession.js:92:18)
    at EventListener.onEvent (/home/dhanish/fabric_sfc/caliper-bench/node_modules/fabric-common/lib/EventListener.js:124:10)
    at EventService._callTransactionListener (/home/dhanish/fabric_sfc/caliper-bench/node_modules/fabric-common/lib/EventService.js:1051:16)
    at EventService._processTxEvents (/home/dhanish/fabric_sfc/caliper-bench/node_modules/fabric-common/lib/EventService.js:1006:12)
    at ClientDuplexStreamImpl.<anonymous> (/home/dhanish/fabric_sfc/caliper-bench/node_modules/fabric-common/lib/EventService.js:481:12)
    at ClientDuplexStreamImpl.emit (node:events:517:28)
    at addChunk (node:internal/streams/readable:368:12)
    at readableAddChunk (node:internal/streams/readable:341:9) {
  transactionId: 'bcedda6e98c0930fba33b3b26bccbcd90cbf9507d994cd5143b511a6355953ff',
  transactionCode: 'MVCC_READ_CONFLICT'
}
2026-08-11T09:20:54.096Z - [33mwarn[39m: [TransactionEventHandler]: strategyFail: commit failure for transaction "3251ab6cf5f3f9e0f52bb705e611a859aad65279f144dd9c0988cb2f42170a27": TransactionError: Commit of transaction 3251ab6cf5f3f9e0f52bb705e611a859aad65279f144dd9c0988cb2f42170a27 failed on peer peer0.financiers.example.com:7051 with status MVCC_READ_CONFLICT
    at TransactionEventHandler.eventCallback (/home/dhanish/fabric_sfc/caliper-bench/node_modules/fabric-network/lib/impl/event/transactioneventhandler.js:111:31)
    at CommitListenerSession.notifyListener (/home/dhanish/fabric_sfc/caliper-bench/node_modules/fabric-network/lib/impl/event/commitlistenersession.js:101:18)
    at EventListener.callback (/home/dhanish/fabric_sfc/caliper-bench/node_modules/fabric-network/lib/impl/event/commitlistenersession.js:92:18)
    at EventListener.onEvent (/home/dhanish/fabric_sfc/caliper-bench/node_modules/fabric-common/lib/EventListener.js:124:10)
    at EventService._callTransactionListener (/home/dhanish/fabric_sfc/caliper-bench/node_modules/fabric-common/lib/EventService.js:1051:16)
    at EventService._processTxEvents (/home/dhanish/fabric_sfc/caliper-bench/node_modules/fabric-common/lib/EventService.js:1006:12)
    at ClientDuplexStreamImpl.<anonymous> (/home/dhanish/fabric_sfc/caliper-bench/node_modules/fabric-common/lib/EventService.js:481:12)
    at ClientDuplexStreamImpl.emit (node:events:517:28)
    at addChunk (node:internal/streams/readable:368:12)
    at readableAddChunk (node:internal/streams/readable:341:9) {
  transactionId: '3251ab6cf5f3f9e0f52bb705e611a859aad65279f144dd9c0988cb2f42170a27',
  transactionCode: 'MVCC_READ_CONFLICT'
}
2026-08-11T09:20:54.096Z - [33mwarn[39m: [TransactionEventHandler]: strategyFail: commit failure for transaction "fe750401a933b9da5472305a843f4fdeba9b932da0259ba79514d3eb9eed20fb": TransactionError: Commit of transaction fe750401a933b9da5472305a843f4fdeba9b932da0259ba79514d3eb9eed20fb failed on peer peer0.financiers.example.com:7051 with status MVCC_READ_CONFLICT
    at TransactionEventHandler.eventCallback (/home/dhanish/fabric_sfc/caliper-bench/node_modules/fabric-network/lib/impl/event/transactioneventhandler.js:111:31)
    at CommitListenerSession.notifyListener (/home/dhanish/fabric_sfc/caliper-bench/node_modules/fabric-network/lib/impl/event/commitlistenersession.js:101:18)
    at EventListener.callback (/home/dhanish/fabric_sfc/caliper-bench/node_modules/fabric-network/lib/impl/event/commitlistenersession.js:92:18)
    at EventListener.onEvent (/home/dhanish/fabric_sfc/caliper-bench/node_modules/fabric-common/lib/EventListener.js:124:10)
    at EventService._callTransactionListener (/home/dhanish/fabric_sfc/caliper-bench/node_modules/fabric-common/lib/EventService.js:1051:16)
    at EventService._processTxEvents (/home/dhanish/fabric_sfc/caliper-bench/node_modules/fabric-common/lib/EventService.js:1006:12)
    at ClientDuplexStreamImpl.<anonymous> (/home/dhanish/fabric_sfc/caliper-bench/node_modules/fabric-common/lib/EventService.js:481:12)
    at ClientDuplexStreamImpl.emit (node:events:517:28)
    at addChunk (node:internal/streams/readable:368:12)
    at readableAddChunk (node:internal/streams/readable:341:9) {
  transactionId: 'fe750401a933b9da5472305a843f4fdeba9b932da0259ba79514d3eb9eed20fb',
  transactionCode: 'MVCC_READ_CONFLICT'
}
2026.08.11-09:20:54.096[31m error[39m [caliper] [connectors/v2/FabricGateway] 	Failed to perform submit transaction [updateFinancierRLOffer] using arguments [User4,{"aprPct":17.11,"tenorDays":14,"ltvPct":70,"penaltyPct":0.5,"modelVersion":"caliper-workload"}],  with error: TransactionError: Commit of transaction 714861600d7ddb153079a36cb6ea832c5cdf9029b95a0ca2d4174a8e3ff5acce failed on peer peer0.financiers.example.com:7051 with status MVCC_READ_CONFLICT
    at TransactionEventHandler.eventCallback (/home/dhanish/fabric_sfc/caliper-bench/node_modules/fabric-network/lib/impl/event/transactioneventhandler.js:111:31)
    at CommitListenerSession.notifyListener (/home/dhanish/fabric_sfc/caliper-bench/node_modules/fabric-network/lib/impl/event/commitlistenersession.js:101:18)
    at EventListener.callback (/home/dhanish/fabric_sfc/caliper-bench/node_modules/fabric-network/lib/impl/event/commitlistenersession.js:92:18)
    at EventListener.onEvent (/home/dhanish/fabric_sfc/caliper-bench/node_modules/fabric-common/lib/EventListener.js:124:10)
    at EventService._callTransactionListener (/home/dhanish/fabric_sfc/caliper-bench/node_modules/fabric-common/lib/EventService.js:1051:16)
    at EventService._processTxEvents (/home/dhanish/fabric_sfc/caliper-bench/node_modules/fabric-common/lib/EventService.js:1006:12)
    at ClientDuplexStreamImpl.<anonymous> (/home/dhanish/fabric_sfc/caliper-bench/node_modules/fabric-common/lib/EventService.js:481:12)
    at ClientDuplexStreamImpl.emit (node:events:517:28)
    at addChunk (node:internal/streams/readable:368:12)
    at readableAddChunk (node:internal/streams/readable:341:9)
2026.08.11-09:20:54.097[31m error[39m [caliper] [connectors/v2/FabricGateway] 	Failed to perform submit transaction [updateFinancierRLOffer] using arguments [User4,{"aprPct":16.26,"tenorDays":14,"ltvPct":70,"penaltyPct":0.5,"modelVersion":"caliper-workload"}],  with error: TransactionError: Commit of transaction 3251ab6cf5f3f9e0f52bb705e611a859aad65279f144dd9c0988cb2f42170a27 failed on peer peer0.financiers.example.com:7051 with status MVCC_READ_CONFLICT
    at TransactionEventHandler.eventCallback (/home/dhanish/fabric_sfc/caliper-bench/node_modules/fabric-network/lib/impl/event/transactioneventhandler.js:111:31)
    at CommitListenerSession.notifyListener (/home/dhanish/fabric_sfc/caliper-bench/node_modules/fabric-network/lib/impl/event/commitlistenersession.js:101:18)
    at EventListener.callback (/home/dhanish/fabric_sfc/caliper-bench/node_modules/fabric-network/lib/impl/event/commitlistenersession.js:92:18)
    at EventListener.onEvent (/home/dhanish/fabric_sfc/caliper-bench/node_modules/fabric-common/lib/EventListener.js:124:10)
    at EventService._callTransactionListener (/home/dhanish/fabric_sfc/caliper-bench/node_modules/fabric-common/lib/EventService.js:1051:16)
    at EventService._processTxEvents (/home/dhanish/fabric_sfc/caliper-bench/node_modules/fabric-common/lib/EventService.js:1006:12)
    at ClientDuplexStreamImpl.<anonymous> (/home/dhanish/fabric_sfc/caliper-bench/node_modules/fabric-common/lib/EventService.js:481:12)
    at ClientDuplexStreamImpl.emit (node:events:517:28)
    at addChunk (node:internal/streams/readable:368:12)
    at readableAddChunk (node:internal/streams/readable:341:9)
2026.08.11-09:20:54.097[31m error[39m [caliper] [connectors/v2/FabricGateway] 	Failed to perform submit transaction [updateFinancierRLOffer] using arguments [User1,{"aprPct":16.51,"tenorDays":14,"ltvPct":70,"penaltyPct":0.5,"modelVersion":"caliper-workload"}],  with error: TransactionError: Commit of transaction bcedda6e98c0930fba33b3b26bccbcd90cbf9507d994cd5143b511a6355953ff failed on peer peer0.financiers.example.com:7051 with status MVCC_READ_CONFLICT
    at TransactionEventHandler.eventCallback (/home/dhanish/fabric_sfc/caliper-bench/node_modules/fabric-network/lib/impl/event/transactioneventhandler.js:111:31)
    at CommitListenerSession.notifyListener (/home/dhanish/fabric_sfc/caliper-bench/node_modules/fabric-network/lib/impl/event/commitlistenersession.js:101:18)
    at EventListener.callback (/home/dhanish/fabric_sfc/caliper-bench/node_modules/fabric-network/lib/impl/event/commitlistenersession.js:92:18)
    at EventListener.onEvent (/home/dhanish/fabric_sfc/caliper-bench/node_modules/fabric-common/lib/EventListener.js:124:10)
    at EventService._callTransactionListener (/home/dhanish/fabric_sfc/caliper-bench/node_modules/fabric-common/lib/EventService.js:1051:16)
    at EventService._processTxEvents (/home/dhanish/fabric_sfc/caliper-bench/node_modules/fabric-common/lib/EventService.js:1006:12)
    at ClientDuplexStreamImpl.<anonymous> (/home/dhanish/fabric_sfc/caliper-bench/node_modules/fabric-common/lib/EventService.js:481:12)
    at ClientDuplexStreamImpl.emit (node:events:517:28)
    at addChunk (node:internal/streams/readable:368:12)
    at readableAddChunk (node:internal/streams/readable:341:9)
2026.08.11-09:20:54.097[31m error[39m [caliper] [connectors/v2/FabricGateway] 	Failed to perform submit transaction [updateFinancierRLOffer] using arguments [User1,{"aprPct":16.21,"tenorDays":14,"ltvPct":70,"penaltyPct":0.5,"modelVersion":"caliper-workload"}],  with error: TransactionError: Commit of transaction fe750401a933b9da5472305a843f4fdeba9b932da0259ba79514d3eb9eed20fb failed on peer peer0.financiers.example.com:7051 with status MVCC_READ_CONFLICT
    at TransactionEventHandler.eventCallback (/home/dhanish/fabric_sfc/caliper-bench/node_modules/fabric-network/lib/impl/event/transactioneventhandler.js:111:31)
    at CommitListenerSession.notifyListener (/home/dhanish/fabric_sfc/caliper-bench/node_modules/fabric-network/lib/impl/event/commitlistenersession.js:101:18)
    at EventListener.callback (/home/dhanish/fabric_sfc/caliper-bench/node_modules/fabric-network/lib/impl/event/commitlistenersession.js:92:18)
    at EventListener.onEvent (/home/dhanish/fabric_sfc/caliper-bench/node_modules/fabric-common/lib/EventListener.js:124:10)
    at EventService._callTransactionListener (/home/dhanish/fabric_sfc/caliper-bench/node_modules/fabric-common/lib/EventService.js:1051:16)
    at EventService._processTxEvents (/home/dhanish/fabric_sfc/caliper-bench/node_modules/fabric-common/lib/EventService.js:1006:12)
    at ClientDuplexStreamImpl.<anonymous> (/home/dhanish/fabric_sfc/caliper-bench/node_modules/fabric-common/lib/EventService.js:481:12)
    at ClientDuplexStreamImpl.emit (node:events:517:28)
    at addChunk (node:internal/streams/readable:368:12)
    at readableAddChunk (node:internal/streams/readable:341:9)
2026-08-11T09:20:54.097Z - [33mwarn[39m: [TransactionEventHandler]: strategyFail: commit failure for transaction "7a8706bbfc12a0d6ce4e2afddae8e03201aba8a3d3f50889c9e4469158677073": TransactionError: Commit of transaction 7a8706bbfc12a0d6ce4e2afddae8e03201aba8a3d3f50889c9e4469158677073 failed on peer peer0.financiers.example.com:7051 with status MVCC_READ_CONFLICT
    at TransactionEventHandler.eventCallback (/home/dhanish/fabric_sfc/caliper-bench/node_modules/fabric-network/lib/impl/event/transactioneventhandler.js:111:31)
    at CommitListenerSession.notifyListener (/home/dhanish/fabric_sfc/caliper-bench/node_modules/fabric-network/lib/impl/event/commitlistenersession.js:101:18)
    at EventListener.callback (/home/dhanish/fabric_sfc/caliper-bench/node_modules/fabric-network/lib/impl/event/commitlistenersession.js:92:18)
    at EventListener.onEvent (/home/dhanish/fabric_sfc/caliper-bench/node_modules/fabric-common/lib/EventListener.js:124:10)
    at EventService._callTransactionListener (/home/dhanish/fabric_sfc/caliper-bench/node_modules/fabric-common/lib/EventService.js:1051:16)
    at EventService._processTxEvents (/home/dhanish/fabric_sfc/caliper-bench/node_modules/fabric-common/lib/EventService.js:1006:12)
    at ClientDuplexStreamImpl.<anonymous> (/home/dhanish/fabric_sfc/caliper-bench/node_modules/fabric-common/lib/EventService.js:481:12)
    at ClientDuplexStreamImpl.emit (node:events:517:28)
    at addChunk (node:internal/streams/readable:368:12)
    at readableAddChunk (node:internal/streams/readable:341:9) {
  transactionId: '7a8706bbfc12a0d6ce4e2afddae8e03201aba8a3d3f50889c9e4469158677073',
  transactionCode: 'MVCC_READ_CONFLICT'
}
2026-08-11T09:20:54.097Z - [33mwarn[39m: [TransactionEventHandler]: strategyFail: commit failure for transaction "77fc8c0c85354c98c1743085127c3eb8a7a775df63559654770d3c71c33b15fa": TransactionError: Commit of transaction 77fc8c0c85354c98c1743085127c3eb8a7a775df63559654770d3c71c33b15fa failed on peer peer0.financiers.example.com:7051 with status MVCC_READ_CONFLICT
    at TransactionEventHandler.eventCallback (/home/dhanish/fabric_sfc/caliper-bench/node_modules/fabric-network/lib/impl/event/transactioneventhandler.js:111:31)
    at CommitListenerSession.notifyListener (/home/dhanish/fabric_sfc/caliper-bench/node_modules/fabric-network/lib/impl/event/commitlistenersession.js:101:18)
    at EventListener.callback (/home/dhanish/fabric_sfc/caliper-bench/node_modules/fabric-network/lib/impl/event/commitlistenersession.js:92:18)
    at EventListener.onEvent (/home/dhanish/fabric_sfc/caliper-bench/node_modules/fabric-common/lib/EventListener.js:124:10)
    at EventService._callTransactionListener (/home/dhanish/fabric_sfc/caliper-bench/node_modules/fabric-common/lib/EventService.js:1051:16)
    at EventService._processTxEvents (/home/dhanish/fabric_sfc/caliper-bench/node_modules/fabric-common/lib/EventService.js:1006:12)
    at ClientDuplexStreamImpl.<anonymous> (/home/dhanish/fabric_sfc/caliper-bench/node_modules/fabric-common/lib/EventService.js:481:12)
    at ClientDuplexStreamImpl.emit (node:events:517:28)
    at addChunk (node:internal/streams/readable:368:12)
    at readableAddChunk (node:internal/streams/readable:341:9) {
  transactionId: '77fc8c0c85354c98c1743085127c3eb8a7a775df63559654770d3c71c33b15fa',
  transactionCode: 'MVCC_READ_CONFLICT'
}
2026.08.11-09:20:54.098[31m error[39m [caliper] [connectors/v2/FabricGateway] 	Failed to perform submit transaction [updateFinancierRLOffer] using arguments [User3,{"aprPct":14.47,"tenorDays":28,"ltvPct":70,"penaltyPct":0.5,"modelVersion":"caliper-workload"}],  with error: TransactionError: Commit of transaction 7a8706bbfc12a0d6ce4e2afddae8e03201aba8a3d3f50889c9e4469158677073 failed on peer peer0.financiers.example.com:7051 with status MVCC_READ_CONFLICT
    at TransactionEventHandler.eventCallback (/home/dhanish/fabric_sfc/caliper-bench/node_modules/fabric-network/lib/impl/event/transactioneventhandler.js:111:31)
    at CommitListenerSession.notifyListener (/home/dhanish/fabric_sfc/caliper-bench/node_modules/fabric-network/lib/impl/event/commitlistenersession.js:101:18)
    at EventListener.callback (/home/dhanish/fabric_sfc/caliper-bench/node_modules/fabric-network/lib/impl/event/commitlistenersession.js:92:18)
    at EventListener.onEvent (/home/dhanish/fabric_sfc/caliper-bench/node_modules/fabric-common/lib/EventListener.js:124:10)
    at EventService._callTransactionListener (/home/dhanish/fabric_sfc/caliper-bench/node_modules/fabric-common/lib/EventService.js:1051:16)
    at EventService._processTxEvents (/home/dhanish/fabric_sfc/caliper-bench/node_modules/fabric-common/lib/EventService.js:1006:12)
    at ClientDuplexStreamImpl.<anonymous> (/home/dhanish/fabric_sfc/caliper-bench/node_modules/fabric-common/lib/EventService.js:481:12)
    at ClientDuplexStreamImpl.emit (node:events:517:28)
    at addChunk (node:internal/streams/readable:368:12)
    at readableAddChunk (node:internal/streams/readable:341:9)
2026.08.11-09:20:54.098[31m error[39m [caliper] [connectors/v2/FabricGateway] 	Failed to perform submit transaction [updateFinancierRLOffer] using arguments [User3,{"aprPct":12.64,"tenorDays":28,"ltvPct":70,"penaltyPct":0.5,"modelVersion":"caliper-workload"}],  with error: TransactionError: Commit of transaction 77fc8c0c85354c98c1743085127c3eb8a7a775df63559654770d3c71c33b15fa failed on peer peer0.financiers.example.com:7051 with status MVCC_READ_CONFLICT
    at TransactionEventHandler.eventCallback (/home/dhanish/fabric_sfc/caliper-bench/node_modules/fabric-network/lib/impl/event/transactioneventhandler.js:111:31)
    at CommitListenerSession.notifyListener (/home/dhanish/fabric_sfc/caliper-bench/node_modules/fabric-network/lib/impl/event/commitlistenersession.js:101:18)
    at EventListener.callback (/home/dhanish/fabric_sfc/caliper-bench/node_modules/fabric-network/lib/impl/event/commitlistenersession.js:92:18)
    at EventListener.onEvent (/home/dhanish/fabric_sfc/caliper-bench/node_modules/fabric-common/lib/EventListener.js:124:10)
    at EventService._callTransactionListener (/home/dhanish/fabric_sfc/caliper-bench/node_modules/fabric-common/lib/EventService.js:1051:16)
    at EventService._processTxEvents (/home/dhanish/fabric_sfc/caliper-bench/node_modules/fabric-common/lib/EventService.js:1006:12)
    at ClientDuplexStreamImpl.<anonymous> (/home/dhanish/fabric_sfc/caliper-bench/node_modules/fabric-common/lib/EventService.js:481:12)
    at ClientDuplexStreamImpl.emit (node:events:517:28)
    at addChunk (node:internal/streams/readable:368:12)
    at readableAddChunk (node:internal/streams/readable:341:9)
2026-08-11T09:20:54.098Z - [33mwarn[39m: [TransactionEventHandler]: strategyFail: commit failure for transaction "678c6324271775a5e113f164006257d51d89cc6c5353fa8666a50f3dc375cc3e": TransactionError: Commit of transaction 678c6324271775a5e113f164006257d51d89cc6c5353fa8666a50f3dc375cc3e failed on peer peer0.financiers.example.com:7051 with status MVCC_READ_CONFLICT
    at TransactionEventHandler.eventCallback (/home/dhanish/fabric_sfc/caliper-bench/node_modules/fabric-network/lib/impl/event/transactioneventhandler.js:111:31)
    at CommitListenerSession.notifyListener (/home/dhanish/fabric_sfc/caliper-bench/node_modules/fabric-network/lib/impl/event/commitlistenersession.js:101:18)
    at EventListener.callback (/home/dhanish/fabric_sfc/caliper-bench/node_modules/fabric-network/lib/impl/event/commitlistenersession.js:92:18)
    at EventListener.onEvent (/home/dhanish/fabric_sfc/caliper-bench/node_modules/fabric-common/lib/EventListener.js:124:10)
    at EventService._callTransactionListener (/home/dhanish/fabric_sfc/caliper-bench/node_modules/fabric-common/lib/EventService.js:1051:16)
    at EventService._processTxEvents (/home/dhanish/fabric_sfc/caliper-bench/node_modules/fabric-common/lib/EventService.js:1006:12)
    at ClientDuplexStreamImpl.<anonymous> (/home/dhanish/fabric_sfc/caliper-bench/node_modules/fabric-common/lib/EventService.js:481:12)
    at ClientDuplexStreamImpl.emit (node:events:517:28)
    at addChunk (node:internal/streams/readable:368:12)
    at readableAddChunk (node:internal/streams/readable:341:9) {
  transactionId: '678c6324271775a5e113f164006257d51d89cc6c5353fa8666a50f3dc375cc3e',
  transactionCode: 'MVCC_READ_CONFLICT'
}
2026.08.11-09:20:54.099[31m error[39m [caliper] [connectors/v2/FabricGateway] 	Failed to perform submit transaction [updateFinancierRLOffer] using arguments [User5,{"aprPct":16.76,"tenorDays":21,"ltvPct":70,"penaltyPct":0.5,"modelVersion":"caliper-workload"}],  with error: TransactionError: Commit of transaction 678c6324271775a5e113f164006257d51d89cc6c5353fa8666a50f3dc375cc3e failed on peer peer0.financiers.example.com:7051 with status MVCC_READ_CONFLICT
    at TransactionEventHandler.eventCallback (/home/dhanish/fabric_sfc/caliper-bench/node_modules/fabric-network/lib/impl/event/transactioneventhandler.js:111:31)
    at CommitListenerSession.notifyListener (/home/dhanish/fabric_sfc/caliper-bench/node_modules/fabric-network/lib/impl/event/commitlistenersession.js:101:18)
    at EventListener.callback (/home/dhanish/fabric_sfc/caliper-bench/node_modules/fabric-network/lib/impl/event/commitlistenersession.js:92:18)
    at EventListener.onEvent (/home/dhanish/fabric_sfc/caliper-bench/node_modules/fabric-common/lib/EventListener.js:124:10)
    at EventService._callTransactionListener (/home/dhanish/fabric_sfc/caliper-bench/node_modules/fabric-common/lib/EventService.js:1051:16)
    at EventService._processTxEvents (/home/dhanish/fabric_sfc/caliper-bench/node_modules/fabric-common/lib/EventService.js:1006:12)
    at ClientDuplexStreamImpl.<anonymous> (/home/dhanish/fabric_sfc/caliper-bench/node_modules/fabric-common/lib/EventService.js:481:12)
    at ClientDuplexStreamImpl.emit (node:events:517:28)
    at addChunk (node:internal/streams/readable:368:12)
    at readableAddChunk (node:internal/streams/readable:341:9)
2026-08-11T09:20:54.102Z - [33mwarn[39m: [TransactionEventHandler]: strategyFail: commit failure for transaction "0f43406b9097aab374e712e403057dc289d241b27b5e083efc6dac42b4234b7b": TransactionError: Commit of transaction 0f43406b9097aab374e712e403057dc289d241b27b5e083efc6dac42b4234b7b failed on peer peer0.financiers.example.com:7051 with status MVCC_READ_CONFLICT
    at TransactionEventHandler.eventCallback (/home/dhanish/fabric_sfc/caliper-bench/node_modules/fabric-network/lib/impl/event/transactioneventhandler.js:111:31)
    at CommitListenerSession.notifyListener (/home/dhanish/fabric_sfc/caliper-bench/node_modules/fabric-network/lib/impl/event/commitlistenersession.js:101:18)
    at EventListener.callback (/home/dhanish/fabric_sfc/caliper-bench/node_modules/fabric-network/lib/impl/event/commitlistenersession.js:92:18)
    at EventListener.onEvent (/home/dhanish/fabric_sfc/caliper-bench/node_modules/fabric-common/lib/EventListener.js:124:10)
    at EventService._callTransactionListener (/home/dhanish/fabric_sfc/caliper-bench/node_modules/fabric-common/lib/EventService.js:1051:16)
    at EventService._processTxEvents (/home/dhanish/fabric_sfc/caliper-bench/node_modules/fabric-common/lib/EventService.js:1006:12)
    at ClientDuplexStreamImpl.<anonymous> (/home/dhanish/fabric_sfc/caliper-bench/node_modules/fabric-common/lib/EventService.js:481:12)
    at ClientDuplexStreamImpl.emit (node:events:517:28)
    at addChunk (node:internal/streams/readable:368:12)
    at readableAddChunk (node:internal/streams/readable:341:9) {
  transactionId: '0f43406b9097aab374e712e403057dc289d241b27b5e083efc6dac42b4234b7b',
  transactionCode: 'MVCC_READ_CONFLICT'
}
2026.08.11-09:20:54.102[31m error[39m [caliper] [connectors/v2/FabricGateway] 	Failed to perform submit transaction [updateFinancierRLOffer] using arguments [User2,{"aprPct":12.1,"tenorDays":21,"ltvPct":70,"penaltyPct":0.5,"modelVersion":"caliper-workload"}],  with error: TransactionError: Commit of transaction 0f43406b9097aab374e712e403057dc289d241b27b5e083efc6dac42b4234b7b failed on peer peer0.financiers.example.com:7051 with status MVCC_READ_CONFLICT
    at TransactionEventHandler.eventCallback (/home/dhanish/fabric_sfc/caliper-bench/node_modules/fabric-network/lib/impl/event/transactioneventhandler.js:111:31)
    at CommitListenerSession.notifyListener (/home/dhanish/fabric_sfc/caliper-bench/node_modules/fabric-network/lib/impl/event/commitlistenersession.js:101:18)
    at EventListener.callback (/home/dhanish/fabric_sfc/caliper-bench/node_modules/fabric-network/lib/impl/event/commitlistenersession.js:92:18)
    at EventListener.onEvent (/home/dhanish/fabric_sfc/caliper-bench/node_modules/fabric-common/lib/EventListener.js:124:10)
    at EventService._callTransactionListener (/home/dhanish/fabric_sfc/caliper-bench/node_modules/fabric-common/lib/EventService.js:1051:16)
    at EventService._processTxEvents (/home/dhanish/fabric_sfc/caliper-bench/node_modules/fabric-common/lib/EventService.js:1006:12)
    at ClientDuplexStreamImpl.<anonymous> (/home/dhanish/fabric_sfc/caliper-bench/node_modules/fabric-common/lib/EventService.js:481:12)
    at ClientDuplexStreamImpl.emit (node:events:517:28)
    at addChunk (node:internal/streams/readable:368:12)
    at readableAddChunk (node:internal/streams/readable:341:9)
2026-08-11T09:20:54.126Z - [33mwarn[39m: [TransactionEventHandler]: strategyFail: commit failure for transaction "d65a7aa7d2630e39732dc5134ab30a48ff8b17858ba14471b6d905473d8a3051": TransactionError: Commit of transaction d65a7aa7d2630e39732dc5134ab30a48ff8b17858ba14471b6d905473d8a3051 failed on peer peer0.financiers.example.com:7051 with status MVCC_READ_CONFLICT
    at TransactionEventHandler.eventCallback (/home/dhanish/fabric_sfc/caliper-bench/node_modules/fabric-network/lib/impl/event/transactioneventhandler.js:111:31)
    at CommitListenerSession.notifyListener (/home/dhanish/fabric_sfc/caliper-bench/node_modules/fabric-network/lib/impl/event/commitlistenersession.js:101:18)
    at EventListener.callback (/home/dhanish/fabric_sfc/caliper-bench/node_modules/fabric-network/lib/impl/event/commitlistenersession.js:92:18)
    at EventListener.onEvent (/home/dhanish/fabric_sfc/caliper-bench/node_modules/fabric-common/lib/EventListener.js:124:10)
    at EventService._callTransactionListener (/home/dhanish/fabric_sfc/caliper-bench/node_modules/fabric-common/lib/EventService.js:1051:16)
    at EventService._processTxEvents (/home/dhanish/fabric_sfc/caliper-bench/node_modules/fabric-common/lib/EventService.js:1006:12)
    at ClientDuplexStreamImpl.<anonymous> (/home/dhanish/fabric_sfc/caliper-bench/node_modules/fabric-common/lib/EventService.js:481:12)
    at ClientDuplexStreamImpl.emit (node:events:517:28)
    at addChunk (node:internal/streams/readable:368:12)
    at readableAddChunk (node:internal/streams/readable:341:9) {
  transactionId: 'd65a7aa7d2630e39732dc5134ab30a48ff8b17858ba14471b6d905473d8a3051',
  transactionCode: 'MVCC_READ_CONFLICT'
}
2026-08-11T09:20:54.126Z - [33mwarn[39m: [TransactionEventHandler]: strategyFail: commit failure for transaction "844c53a9c15e80a3512f23c7ae52e88c6ed3734bb753913b3186d475f3da7d83": TransactionError: Commit of transaction 844c53a9c15e80a3512f23c7ae52e88c6ed3734bb753913b3186d475f3da7d83 failed on peer peer0.financiers.example.com:7051 with status MVCC_READ_CONFLICT
    at TransactionEventHandler.eventCallback (/home/dhanish/fabric_sfc/caliper-bench/node_modules/fabric-network/lib/impl/event/transactioneventhandler.js:111:31)
    at CommitListenerSession.notifyListener (/home/dhanish/fabric_sfc/caliper-bench/node_modules/fabric-network/lib/impl/event/commitlistenersession.js:101:18)
    at EventListener.callback (/home/dhanish/fabric_sfc/caliper-bench/node_modules/fabric-network/lib/impl/event/commitlistenersession.js:92:18)
    at EventListener.onEvent (/home/dhanish/fabric_sfc/caliper-bench/node_modules/fabric-common/lib/EventListener.js:124:10)
    at EventService._callTransactionListener (/home/dhanish/fabric_sfc/caliper-bench/node_modules/fabric-common/lib/EventService.js:1051:16)
    at EventService._processTxEvents (/home/dhanish/fabric_sfc/caliper-bench/node_modules/fabric-common/lib/EventService.js:1006:12)
    at ClientDuplexStreamImpl.<anonymous> (/home/dhanish/fabric_sfc/caliper-bench/node_modules/fabric-common/lib/EventService.js:481:12)
    at ClientDuplexStreamImpl.emit (node:events:517:28)
    at addChunk (node:internal/streams/readable:368:12)
    at readableAddChunk (node:internal/streams/readable:341:9) {
  transactionId: '844c53a9c15e80a3512f23c7ae52e88c6ed3734bb753913b3186d475f3da7d83',
  transactionCode: 'MVCC_READ_CONFLICT'
}
2026-08-11T09:20:54.127Z - [33mwarn[39m: [TransactionEventHandler]: strategyFail: commit failure for transaction "15f76494e5481439beaa32ccbfa419076461dbf2f17ca7fbd966f735f538844d": TransactionError: Commit of transaction 15f76494e5481439beaa32ccbfa419076461dbf2f17ca7fbd966f735f538844d failed on peer peer0.financiers.example.com:7051 with status MVCC_READ_CONFLICT
    at TransactionEventHandler.eventCallback (/home/dhanish/fabric_sfc/caliper-bench/node_modules/fabric-network/lib/impl/event/transactioneventhandler.js:111:31)
    at CommitListenerSession.notifyListener (/home/dhanish/fabric_sfc/caliper-bench/node_modules/fabric-network/lib/impl/event/commitlistenersession.js:101:18)
    at EventListener.callback (/home/dhanish/fabric_sfc/caliper-bench/node_modules/fabric-network/lib/impl/event/commitlistenersession.js:92:18)
    at EventListener.onEvent (/home/dhanish/fabric_sfc/caliper-bench/node_modules/fabric-common/lib/EventListener.js:124:10)
    at EventService._callTransactionListener (/home/dhanish/fabric_sfc/caliper-bench/node_modules/fabric-common/lib/EventService.js:1051:16)
    at EventService._processTxEvents (/home/dhanish/fabric_sfc/caliper-bench/node_modules/fabric-common/lib/EventService.js:1006:12)
    at ClientDuplexStreamImpl.<anonymous> (/home/dhanish/fabric_sfc/caliper-bench/node_modules/fabric-common/lib/EventService.js:481:12)
    at ClientDuplexStreamImpl.emit (node:events:517:28)
    at addChunk (node:internal/streams/readable:368:12)
    at readableAddChunk (node:internal/streams/readable:341:9) {
  transactionId: '15f76494e5481439beaa32ccbfa419076461dbf2f17ca7fbd966f735f538844d',
  transactionCode: 'MVCC_READ_CONFLICT'
}
2026.08.11-09:20:54.127[31m error[39m [caliper] [connectors/v2/FabricGateway] 	Failed to perform submit transaction [updateFinancierRLOffer] using arguments [User3,{"aprPct":12.62,"tenorDays":28,"ltvPct":70,"penaltyPct":0.5,"modelVersion":"caliper-workload"}],  with error: TransactionError: Commit of transaction d65a7aa7d2630e39732dc5134ab30a48ff8b17858ba14471b6d905473d8a3051 failed on peer peer0.financiers.example.com:7051 with status MVCC_READ_CONFLICT
    at TransactionEventHandler.eventCallback (/home/dhanish/fabric_sfc/caliper-bench/node_modules/fabric-network/lib/impl/event/transactioneventhandler.js:111:31)
    at CommitListenerSession.notifyListener (/home/dhanish/fabric_sfc/caliper-bench/node_modules/fabric-network/lib/impl/event/commitlistenersession.js:101:18)
    at EventListener.callback (/home/dhanish/fabric_sfc/caliper-bench/node_modules/fabric-network/lib/impl/event/commitlistenersession.js:92:18)
    at EventListener.onEvent (/home/dhanish/fabric_sfc/caliper-bench/node_modules/fabric-common/lib/EventListener.js:124:10)
    at EventService._callTransactionListener (/home/dhanish/fabric_sfc/caliper-bench/node_modules/fabric-common/lib/EventService.js:1051:16)
    at EventService._processTxEvents (/home/dhanish/fabric_sfc/caliper-bench/node_modules/fabric-common/lib/EventService.js:1006:12)
    at ClientDuplexStreamImpl.<anonymous> (/home/dhanish/fabric_sfc/caliper-bench/node_modules/fabric-common/lib/EventService.js:481:12)
    at ClientDuplexStreamImpl.emit (node:events:517:28)
    at addChunk (node:internal/streams/readable:368:12)
    at readableAddChunk (node:internal/streams/readable:341:9)
2026.08.11-09:20:54.127[31m error[39m [caliper] [connectors/v2/FabricGateway] 	Failed to perform submit transaction [updateFinancierRLOffer] using arguments [User2,{"aprPct":16.38,"tenorDays":21,"ltvPct":70,"penaltyPct":0.5,"modelVersion":"caliper-workload"}],  with error: TransactionError: Commit of transaction 844c53a9c15e80a3512f23c7ae52e88c6ed3734bb753913b3186d475f3da7d83 failed on peer peer0.financiers.example.com:7051 with status MVCC_READ_CONFLICT
    at TransactionEventHandler.eventCallback (/home/dhanish/fabric_sfc/caliper-bench/node_modules/fabric-network/lib/impl/event/transactioneventhandler.js:111:31)
    at CommitListenerSession.notifyListener (/home/dhanish/fabric_sfc/caliper-bench/node_modules/fabric-network/lib/impl/event/commitlistenersession.js:101:18)
    at EventListener.callback (/home/dhanish/fabric_sfc/caliper-bench/node_modules/fabric-network/lib/impl/event/commitlistenersession.js:92:18)
    at EventListener.onEvent (/home/dhanish/fabric_sfc/caliper-bench/node_modules/fabric-common/lib/EventListener.js:124:10)
    at EventService._callTransactionListener (/home/dhanish/fabric_sfc/caliper-bench/node_modules/fabric-common/lib/EventService.js:1051:16)
    at EventService._processTxEvents (/home/dhanish/fabric_sfc/caliper-bench/node_modules/fabric-common/lib/EventService.js:1006:12)
    at ClientDuplexStreamImpl.<anonymous> (/home/dhanish/fabric_sfc/caliper-bench/node_modules/fabric-common/lib/EventService.js:481:12)
    at ClientDuplexStreamImpl.emit (node:events:517:28)
    at addChunk (node:internal/streams/readable:368:12)
    at readableAddChunk (node:internal/streams/readable:341:9)
2026.08.11-09:20:54.127[31m error[39m [caliper] [connectors/v2/FabricGateway] 	Failed to perform submit transaction [updateFinancierRLOffer] using arguments [User2,{"aprPct":14.39,"tenorDays":21,"ltvPct":70,"penaltyPct":0.5,"modelVersion":"caliper-workload"}],  with error: TransactionError: Commit of transaction 15f76494e5481439beaa32ccbfa419076461dbf2f17ca7fbd966f735f538844d failed on peer peer0.financiers.example.com:7051 with status MVCC_READ_CONFLICT
    at TransactionEventHandler.eventCallback (/home/dhanish/fabric_sfc/caliper-bench/node_modules/fabric-network/lib/impl/event/transactioneventhandler.js:111:31)
    at CommitListenerSession.notifyListener (/home/dhanish/fabric_sfc/caliper-bench/node_modules/fabric-network/lib/impl/event/commitlistenersession.js:101:18)
    at EventListener.callback (/home/dhanish/fabric_sfc/caliper-bench/node_modules/fabric-network/lib/impl/event/commitlistenersession.js:92:18)
    at EventListener.onEvent (/home/dhanish/fabric_sfc/caliper-bench/node_modules/fabric-common/lib/EventListener.js:124:10)
    at EventService._callTransactionListener (/home/dhanish/fabric_sfc/caliper-bench/node_modules/fabric-common/lib/EventService.js:1051:16)
    at EventService._processTxEvents (/home/dhanish/fabric_sfc/caliper-bench/node_modules/fabric-common/lib/EventService.js:1006:12)
    at ClientDuplexStreamImpl.<anonymous> (/home/dhanish/fabric_sfc/caliper-bench/node_modules/fabric-common/lib/EventService.js:481:12)
    at ClientDuplexStreamImpl.emit (node:events:517:28)
    at addChunk (node:internal/streams/readable:368:12)
    at readableAddChunk (node:internal/streams/readable:341:9)
2026-08-11T09:20:54.129Z - [33mwarn[39m: [TransactionEventHandler]: strategyFail: commit failure for transaction "15c028175352760978ec19c0224a277d28a38dd1a5fcd97841d36debfbd0174c": TransactionError: Commit of transaction 15c028175352760978ec19c0224a277d28a38dd1a5fcd97841d36debfbd0174c failed on peer peer0.financiers.example.com:7051 with status MVCC_READ_CONFLICT
    at TransactionEventHandler.eventCallback (/home/dhanish/fabric_sfc/caliper-bench/node_modules/fabric-network/lib/impl/event/transactioneventhandler.js:111:31)
    at CommitListenerSession.notifyListener (/home/dhanish/fabric_sfc/caliper-bench/node_modules/fabric-network/lib/impl/event/commitlistenersession.js:101:18)
    at EventListener.callback (/home/dhanish/fabric_sfc/caliper-bench/node_modules/fabric-network/lib/impl/event/commitlistenersession.js:92:18)
    at EventListener.onEvent (/home/dhanish/fabric_sfc/caliper-bench/node_modules/fabric-common/lib/EventListener.js:124:10)
    at EventService._callTransactionListener (/home/dhanish/fabric_sfc/caliper-bench/node_modules/fabric-common/lib/EventService.js:1051:16)
    at EventService._processTxEvents (/home/dhanish/fabric_sfc/caliper-bench/node_modules/fabric-common/lib/EventService.js:1006:12)
    at ClientDuplexStreamImpl.<anonymous> (/home/dhanish/fabric_sfc/caliper-bench/node_modules/fabric-common/lib/EventService.js:481:12)
    at ClientDuplexStreamImpl.emit (node:events:517:28)
    at addChunk (node:internal/streams/readable:368:12)
    at readableAddChunk (node:internal/streams/readable:341:9) {
  transactionId: '15c028175352760978ec19c0224a277d28a38dd1a5fcd97841d36debfbd0174c',
  transactionCode: 'MVCC_READ_CONFLICT'
}
2026-08-11T09:20:54.129Z - [33mwarn[39m: [TransactionEventHandler]: strategyFail: commit failure for transaction "f253bbd57ccb86ca7373397156928a61cea07c4c6996892d0de0e2f079b1d591": TransactionError: Commit of transaction f253bbd57ccb86ca7373397156928a61cea07c4c6996892d0de0e2f079b1d591 failed on peer peer0.financiers.example.com:7051 with status MVCC_READ_CONFLICT
    at TransactionEventHandler.eventCallback (/home/dhanish/fabric_sfc/caliper-bench/node_modules/fabric-network/lib/impl/event/transactioneventhandler.js:111:31)
    at CommitListenerSession.notifyListener (/home/dhanish/fabric_sfc/caliper-bench/node_modules/fabric-network/lib/impl/event/commitlistenersession.js:101:18)
    at EventListener.callback (/home/dhanish/fabric_sfc/caliper-bench/node_modules/fabric-network/lib/impl/event/commitlistenersession.js:92:18)
    at EventListener.onEvent (/home/dhanish/fabric_sfc/caliper-bench/node_modules/fabric-common/lib/EventListener.js:124:10)
    at EventService._callTransactionListener (/home/dhanish/fabric_sfc/caliper-bench/node_modules/fabric-common/lib/EventService.js:1051:16)
    at EventService._processTxEvents (/home/dhanish/fabric_sfc/caliper-bench/node_modules/fabric-common/lib/EventService.js:1006:12)
    at ClientDuplexStreamImpl.<anonymous> (/home/dhanish/fabric_sfc/caliper-bench/node_modules/fabric-common/lib/EventService.js:481:12)
    at ClientDuplexStreamImpl.emit (node:events:517:28)
    at addChunk (node:internal/streams/readable:368:12)
    at readableAddChunk (node:internal/streams/readable:341:9) {
  transactionId: 'f253bbd57ccb86ca7373397156928a61cea07c4c6996892d0de0e2f079b1d591',
  transactionCode: 'MVCC_READ_CONFLICT'
}
2026.08.11-09:20:54.129[31m error[39m [caliper] [connectors/v2/FabricGateway] 	Failed to perform submit transaction [updateFinancierRLOffer] using arguments [User4,{"aprPct":17.41,"tenorDays":14,"ltvPct":70,"penaltyPct":0.5,"modelVersion":"caliper-workload"}],  with error: TransactionError: Commit of transaction 15c028175352760978ec19c0224a277d28a38dd1a5fcd97841d36debfbd0174c failed on peer peer0.financiers.example.com:7051 with status MVCC_READ_CONFLICT
    at TransactionEventHandler.eventCallback (/home/dhanish/fabric_sfc/caliper-bench/node_modules/fabric-network/lib/impl/event/transactioneventhandler.js:111:31)
    at CommitListenerSession.notifyListener (/home/dhanish/fabric_sfc/caliper-bench/node_modules/fabric-network/lib/impl/event/commitlistenersession.js:101:18)
    at EventListener.callback (/home/dhanish/fabric_sfc/caliper-bench/node_modules/fabric-network/lib/impl/event/commitlistenersession.js:92:18)
    at EventListener.onEvent (/home/dhanish/fabric_sfc/caliper-bench/node_modules/fabric-common/lib/EventListener.js:124:10)
    at EventService._callTransactionListener (/home/dhanish/fabric_sfc/caliper-bench/node_modules/fabric-common/lib/EventService.js:1051:16)
    at EventService._processTxEvents (/home/dhanish/fabric_sfc/caliper-bench/node_modules/fabric-common/lib/EventService.js:1006:12)
    at ClientDuplexStreamImpl.<anonymous> (/home/dhanish/fabric_sfc/caliper-bench/node_modules/fabric-common/lib/EventService.js:481:12)
    at ClientDuplexStreamImpl.emit (node:events:517:28)
    at addChunk (node:internal/streams/readable:368:12)
    at readableAddChunk (node:internal/streams/readable:341:9)
2026.08.11-09:20:54.129[31m error[39m [caliper] [connectors/v2/FabricGateway] 	Failed to perform submit transaction [updateFinancierRLOffer] using arguments [User1,{"aprPct":13.32,"tenorDays":14,"ltvPct":70,"penaltyPct":0.5,"modelVersion":"caliper-workload"}],  with error: TransactionError: Commit of transaction f253bbd57ccb86ca7373397156928a61cea07c4c6996892d0de0e2f079b1d591 failed on peer peer0.financiers.example.com:7051 with status MVCC_READ_CONFLICT
    at TransactionEventHandler.eventCallback (/home/dhanish/fabric_sfc/caliper-bench/node_modules/fabric-network/lib/impl/event/transactioneventhandler.js:111:31)
    at CommitListenerSession.notifyListener (/home/dhanish/fabric_sfc/caliper-bench/node_modules/fabric-network/lib/impl/event/commitlistenersession.js:101:18)
    at EventListener.callback (/home/dhanish/fabric_sfc/caliper-bench/node_modules/fabric-network/lib/impl/event/commitlistenersession.js:92:18)
    at EventListener.onEvent (/home/dhanish/fabric_sfc/caliper-bench/node_modules/fabric-common/lib/EventListener.js:124:10)
    at EventService._callTransactionListener (/home/dhanish/fabric_sfc/caliper-bench/node_modules/fabric-common/lib/EventService.js:1051:16)
    at EventService._processTxEvents (/home/dhanish/fabric_sfc/caliper-bench/node_modules/fabric-common/lib/EventService.js:1006:12)
    at ClientDuplexStreamImpl.<anonymous> (/home/dhanish/fabric_sfc/caliper-bench/node_modules/fabric-common/lib/EventService.js:481:12)
    at ClientDuplexStreamImpl.emit (node:events:517:28)
    at addChunk (node:internal/streams/readable:368:12)
    at readableAddChunk (node:internal/streams/readable:341:9)
2026-08-11T09:20:54.131Z - [33mwarn[39m: [TransactionEventHandler]: strategyFail: commit failure for transaction "5bb0d0e7b651a0dadf2c4d2138789469afa731e3289877aff0c66f8ff3c3690f": TransactionError: Commit of transaction 5bb0d0e7b651a0dadf2c4d2138789469afa731e3289877aff0c66f8ff3c3690f failed on peer peer0.financiers.example.com:7051 with status MVCC_READ_CONFLICT
    at TransactionEventHandler.eventCallback (/home/dhanish/fabric_sfc/caliper-bench/node_modules/fabric-network/lib/impl/event/transactioneventhandler.js:111:31)
    at CommitListenerSession.notifyListener (/home/dhanish/fabric_sfc/caliper-bench/node_modules/fabric-network/lib/impl/event/commitlistenersession.js:101:18)
    at EventListener.callback (/home/dhanish/fabric_sfc/caliper-bench/node_modules/fabric-network/lib/impl/event/commitlistenersession.js:92:18)
    at EventListener.onEvent (/home/dhanish/fabric_sfc/caliper-bench/node_modules/fabric-common/lib/EventListener.js:124:10)
    at EventService._callTransactionListener (/home/dhanish/fabric_sfc/caliper-bench/node_modules/fabric-common/lib/EventService.js:1051:16)
    at EventService._processTxEvents (/home/dhanish/fabric_sfc/caliper-bench/node_modules/fabric-common/lib/EventService.js:1006:12)
    at ClientDuplexStreamImpl.<anonymous> (/home/dhanish/fabric_sfc/caliper-bench/node_modules/fabric-common/lib/EventService.js:481:12)
    at ClientDuplexStreamImpl.emit (node:events:517:28)
    at addChunk (node:internal/streams/readable:368:12)
    at readableAddChunk (node:internal/streams/readable:341:9) {
  transactionId: '5bb0d0e7b651a0dadf2c4d2138789469afa731e3289877aff0c66f8ff3c3690f',
  transactionCode: 'MVCC_READ_CONFLICT'
}
2026-08-11T09:20:54.131Z - [33mwarn[39m: [TransactionEventHandler]: strategyFail: commit failure for transaction "0492250ec9b1ea466c1f7e585acbb92f2d79096ed46087abc9f76e8b3c164b98": TransactionError: Commit of transaction 0492250ec9b1ea466c1f7e585acbb92f2d79096ed46087abc9f76e8b3c164b98 failed on peer peer0.financiers.example.com:7051 with status MVCC_READ_CONFLICT
    at TransactionEventHandler.eventCallback (/home/dhanish/fabric_sfc/caliper-bench/node_modules/fabric-network/lib/impl/event/transactioneventhandler.js:111:31)
    at CommitListenerSession.notifyListener (/home/dhanish/fabric_sfc/caliper-bench/node_modules/fabric-network/lib/impl/event/commitlistenersession.js:101:18)
    at EventListener.callback (/home/dhanish/fabric_sfc/caliper-bench/node_modules/fabric-network/lib/impl/event/commitlistenersession.js:92:18)
    at EventListener.onEvent (/home/dhanish/fabric_sfc/caliper-bench/node_modules/fabric-common/lib/EventListener.js:124:10)
    at EventService._callTransactionListener (/home/dhanish/fabric_sfc/caliper-bench/node_modules/fabric-common/lib/EventService.js:1051:16)
    at EventService._processTxEvents (/home/dhanish/fabric_sfc/caliper-bench/node_modules/fabric-common/lib/EventService.js:1006:12)
    at ClientDuplexStreamImpl.<anonymous> (/home/dhanish/fabric_sfc/caliper-bench/node_modules/fabric-common/lib/EventService.js:481:12)
    at ClientDuplexStreamImpl.emit (node:events:517:28)
    at addChunk (node:internal/streams/readable:368:12)
    at readableAddChunk (node:internal/streams/readable:341:9) {
  transactionId: '0492250ec9b1ea466c1f7e585acbb92f2d79096ed46087abc9f76e8b3c164b98',
  transactionCode: 'MVCC_READ_CONFLICT'
}
2026.08.11-09:20:54.132[31m error[39m [caliper] [connectors/v2/FabricGateway] 	Failed to perform submit transaction [updateFinancierRLOffer] using arguments [User5,{"aprPct":12.65,"tenorDays":21,"ltvPct":70,"penaltyPct":0.5,"modelVersion":"caliper-workload"}],  with error: TransactionError: Commit of transaction 5bb0d0e7b651a0dadf2c4d2138789469afa731e3289877aff0c66f8ff3c3690f failed on peer peer0.financiers.example.com:7051 with status MVCC_READ_CONFLICT
    at TransactionEventHandler.eventCallback (/home/dhanish/fabric_sfc/caliper-bench/node_modules/fabric-network/lib/impl/event/transactioneventhandler.js:111:31)
    at CommitListenerSession.notifyListener (/home/dhanish/fabric_sfc/caliper-bench/node_modules/fabric-network/lib/impl/event/commitlistenersession.js:101:18)
    at EventListener.callback (/home/dhanish/fabric_sfc/caliper-bench/node_modules/fabric-network/lib/impl/event/commitlistenersession.js:92:18)
    at EventListener.onEvent (/home/dhanish/fabric_sfc/caliper-bench/node_modules/fabric-common/lib/EventListener.js:124:10)
    at EventService._callTransactionListener (/home/dhanish/fabric_sfc/caliper-bench/node_modules/fabric-common/lib/EventService.js:1051:16)
    at EventService._processTxEvents (/home/dhanish/fabric_sfc/caliper-bench/node_modules/fabric-common/lib/EventService.js:1006:12)
    at ClientDuplexStreamImpl.<anonymous> (/home/dhanish/fabric_sfc/caliper-bench/node_modules/fabric-common/lib/EventService.js:481:12)
    at ClientDuplexStreamImpl.emit (node:events:517:28)
    at addChunk (node:internal/streams/readable:368:12)
    at readableAddChunk (node:internal/streams/readable:341:9)
2026.08.11-09:20:54.132[31m error[39m [caliper] [connectors/v2/FabricGateway] 	Failed to perform submit transaction [updateFinancierRLOffer] using arguments [User5,{"aprPct":17.92,"tenorDays":21,"ltvPct":70,"penaltyPct":0.5,"modelVersion":"caliper-workload"}],  with error: TransactionError: Commit of transaction 0492250ec9b1ea466c1f7e585acbb92f2d79096ed46087abc9f76e8b3c164b98 failed on peer peer0.financiers.example.com:7051 with status MVCC_READ_CONFLICT
    at TransactionEventHandler.eventCallback (/home/dhanish/fabric_sfc/caliper-bench/node_modules/fabric-network/lib/impl/event/transactioneventhandler.js:111:31)
    at CommitListenerSession.notifyListener (/home/dhanish/fabric_sfc/caliper-bench/node_modules/fabric-network/lib/impl/event/commitlistenersession.js:101:18)
    at EventListener.callback (/home/dhanish/fabric_sfc/caliper-bench/node_modules/fabric-network/lib/impl/event/commitlistenersession.js:92:18)
    at EventListener.onEvent (/home/dhanish/fabric_sfc/caliper-bench/node_modules/fabric-common/lib/EventListener.js:124:10)
    at EventService._callTransactionListener (/home/dhanish/fabric_sfc/caliper-bench/node_modules/fabric-common/lib/EventService.js:1051:16)
    at EventService._processTxEvents (/home/dhanish/fabric_sfc/caliper-bench/node_modules/fabric-common/lib/EventService.js:1006:12)
    at ClientDuplexStreamImpl.<anonymous> (/home/dhanish/fabric_sfc/caliper-bench/node_modules/fabric-common/lib/EventService.js:481:12)
    at ClientDuplexStreamImpl.emit (node:events:517:28)
    at addChunk (node:internal/streams/readable:368:12)
    at readableAddChunk (node:internal/streams/readable:341:9)
2026-08-11T09:20:54.152Z - [33mwarn[39m: [TransactionEventHandler]: strategyFail: commit failure for transaction "b0779ea56f6812622236a13125646cd66e287c82a520754851592803889ac291": TransactionError: Commit of transaction b0779ea56f6812622236a13125646cd66e287c82a520754851592803889ac291 failed on peer peer0.financiers.example.com:7051 with status MVCC_READ_CONFLICT
    at TransactionEventHandler.eventCallback (/home/dhanish/fabric_sfc/caliper-bench/node_modules/fabric-network/lib/impl/event/transactioneventhandler.js:111:31)
    at CommitListenerSession.notifyListener (/home/dhanish/fabric_sfc/caliper-bench/node_modules/fabric-network/lib/impl/event/commitlistenersession.js:101:18)
    at EventListener.callback (/home/dhanish/fabric_sfc/caliper-bench/node_modules/fabric-network/lib/impl/event/commitlistenersession.js:92:18)
    at EventListener.onEvent (/home/dhanish/fabric_sfc/caliper-bench/node_modules/fabric-common/lib/EventListener.js:124:10)
    at EventService._callTransactionListener (/home/dhanish/fabric_sfc/caliper-bench/node_modules/fabric-common/lib/EventService.js:1051:16)
    at EventService._processTxEvents (/home/dhanish/fabric_sfc/caliper-bench/node_modules/fabric-common/lib/EventService.js:1006:12)
    at ClientDuplexStreamImpl.<anonymous> (/home/dhanish/fabric_sfc/caliper-bench/node_modules/fabric-common/lib/EventService.js:481:12)
    at ClientDuplexStreamImpl.emit (node:events:517:28)
    at addChunk (node:internal/streams/readable:368:12)
    at readableAddChunk (node:internal/streams/readable:341:9) {
  transactionId: 'b0779ea56f6812622236a13125646cd66e287c82a520754851592803889ac291',
  transactionCode: 'MVCC_READ_CONFLICT'
}
2026-08-11T09:20:54.152Z - [33mwarn[39m: [TransactionEventHandler]: strategyFail: commit failure for transaction "030a777ef4ef4a7cb0da56bc1980e5b23ae909accc53f5a44b45b9bb0511e13f": TransactionError: Commit of transaction 030a777ef4ef4a7cb0da56bc1980e5b23ae909accc53f5a44b45b9bb0511e13f failed on peer peer0.financiers.example.com:7051 with status MVCC_READ_CONFLICT
    at TransactionEventHandler.eventCallback (/home/dhanish/fabric_sfc/caliper-bench/node_modules/fabric-network/lib/impl/event/transactioneventhandler.js:111:31)
    at CommitListenerSession.notifyListener (/home/dhanish/fabric_sfc/caliper-bench/node_modules/fabric-network/lib/impl/event/commitlistenersession.js:101:18)
    at EventListener.callback (/home/dhanish/fabric_sfc/caliper-bench/node_modules/fabric-network/lib/impl/event/commitlistenersession.js:92:18)
    at EventListener.onEvent (/home/dhanish/fabric_sfc/caliper-bench/node_modules/fabric-common/lib/EventListener.js:124:10)
    at EventService._callTransactionListener (/home/dhanish/fabric_sfc/caliper-bench/node_modules/fabric-common/lib/EventService.js:1051:16)
    at EventService._processTxEvents (/home/dhanish/fabric_sfc/caliper-bench/node_modules/fabric-common/lib/EventService.js:1006:12)
    at ClientDuplexStreamImpl.<anonymous> (/home/dhanish/fabric_sfc/caliper-bench/node_modules/fabric-common/lib/EventService.js:481:12)
    at ClientDuplexStreamImpl.emit (node:events:517:28)
    at addChunk (node:internal/streams/readable:368:12)
    at readableAddChunk (node:internal/streams/readable:341:9) {
  transactionId: '030a777ef4ef4a7cb0da56bc1980e5b23ae909accc53f5a44b45b9bb0511e13f',
  transactionCode: 'MVCC_READ_CONFLICT'
}
2026-08-11T09:20:54.152Z - [33mwarn[39m: [TransactionEventHandler]: strategyFail: commit failure for transaction "e90489c37e2c08ecd71d3e884d92aedb6758d8964e1ba8eb90d73e37c0e8fb4d": TransactionError: Commit of transaction e90489c37e2c08ecd71d3e884d92aedb6758d8964e1ba8eb90d73e37c0e8fb4d failed on peer peer0.financiers.example.com:7051 with status MVCC_READ_CONFLICT
    at TransactionEventHandler.eventCallback (/home/dhanish/fabric_sfc/caliper-bench/node_modules/fabric-network/lib/impl/event/transactioneventhandler.js:111:31)
    at CommitListenerSession.notifyListener (/home/dhanish/fabric_sfc/caliper-bench/node_modules/fabric-network/lib/impl/event/commitlistenersession.js:101:18)
    at EventListener.callback (/home/dhanish/fabric_sfc/caliper-bench/node_modules/fabric-network/lib/impl/event/commitlistenersession.js:92:18)
    at EventListener.onEvent (/home/dhanish/fabric_sfc/caliper-bench/node_modules/fabric-common/lib/EventListener.js:124:10)
    at EventService._callTransactionListener (/home/dhanish/fabric_sfc/caliper-bench/node_modules/fabric-common/lib/EventService.js:1051:16)
    at EventService._processTxEvents (/home/dhanish/fabric_sfc/caliper-bench/node_modules/fabric-common/lib/EventService.js:1006:12)
    at ClientDuplexStreamImpl.<anonymous> (/home/dhanish/fabric_sfc/caliper-bench/node_modules/fabric-common/lib/EventService.js:481:12)
    at ClientDuplexStreamImpl.emit (node:events:517:28)
    at addChunk (node:internal/streams/readable:368:12)
    at readableAddChunk (node:internal/streams/readable:341:9) {
  transactionId: 'e90489c37e2c08ecd71d3e884d92aedb6758d8964e1ba8eb90d73e37c0e8fb4d',
  transactionCode: 'MVCC_READ_CONFLICT'
}
2026-08-11T09:20:54.152Z - [33mwarn[39m: [TransactionEventHandler]: strategyFail: commit failure for transaction "ec99ae07a985818fe5e85ed398fd7000c9af9d1441cc0037008aada90f1ba204": TransactionError: Commit of transaction ec99ae07a985818fe5e85ed398fd7000c9af9d1441cc0037008aada90f1ba204 failed on peer peer0.financiers.example.com:7051 with status MVCC_READ_CONFLICT
    at TransactionEventHandler.eventCallback (/home/dhanish/fabric_sfc/caliper-bench/node_modules/fabric-network/lib/impl/event/transactioneventhandler.js:111:31)
    at CommitListenerSession.notifyListener (/home/dhanish/fabric_sfc/caliper-bench/node_modules/fabric-network/lib/impl/event/commitlistenersession.js:101:18)
    at EventListener.callback (/home/dhanish/fabric_sfc/caliper-bench/node_modules/fabric-network/lib/impl/event/commitlistenersession.js:92:18)
    at EventListener.onEvent (/home/dhanish/fabric_sfc/caliper-bench/node_modules/fabric-common/lib/EventListener.js:124:10)
    at EventService._callTransactionListener (/home/dhanish/fabric_sfc/caliper-bench/node_modules/fabric-common/lib/EventService.js:1051:16)
    at EventService._processTxEvents (/home/dhanish/fabric_sfc/caliper-bench/node_modules/fabric-common/lib/EventService.js:1006:12)
    at ClientDuplexStreamImpl.<anonymous> (/home/dhanish/fabric_sfc/caliper-bench/node_modules/fabric-common/lib/EventService.js:481:12)
    at ClientDuplexStreamImpl.emit (node:events:517:28)
    at addChunk (node:internal/streams/readable:368:12)
    at readableAddChunk (node:internal/streams/readable:341:9) {
  transactionId: 'ec99ae07a985818fe5e85ed398fd7000c9af9d1441cc0037008aada90f1ba204',
  transactionCode: 'MVCC_READ_CONFLICT'
}
2026-08-11T09:20:54.152Z - [33mwarn[39m: [TransactionEventHandler]: strategyFail: commit failure for transaction "98c34de47b5f8648c4505e130688d241591e155f87e664f3bb67034f493d18a1": TransactionError: Commit of transaction 98c34de47b5f8648c4505e130688d241591e155f87e664f3bb67034f493d18a1 failed on peer peer0.financiers.example.com:7051 with status MVCC_READ_CONFLICT
    at TransactionEventHandler.eventCallback (/home/dhanish/fabric_sfc/caliper-bench/node_modules/fabric-network/lib/impl/event/transactioneventhandler.js:111:31)
    at CommitListenerSession.notifyListener (/home/dhanish/fabric_sfc/caliper-bench/node_modules/fabric-network/lib/impl/event/commitlistenersession.js:101:18)
    at EventListener.callback (/home/dhanish/fabric_sfc/caliper-bench/node_modules/fabric-network/lib/impl/event/commitlistenersession.js:92:18)
    at EventListener.onEvent (/home/dhanish/fabric_sfc/caliper-bench/node_modules/fabric-common/lib/EventListener.js:124:10)
    at EventService._callTransactionListener (/home/dhanish/fabric_sfc/caliper-bench/node_modules/fabric-common/lib/EventService.js:1051:16)
    at EventService._processTxEvents (/home/dhanish/fabric_sfc/caliper-bench/node_modules/fabric-common/lib/EventService.js:1006:12)
    at ClientDuplexStreamImpl.<anonymous> (/home/dhanish/fabric_sfc/caliper-bench/node_modules/fabric-common/lib/EventService.js:481:12)
    at ClientDuplexStreamImpl.emit (node:events:517:28)
    at addChunk (node:internal/streams/readable:368:12)
    at readableAddChunk (node:internal/streams/readable:341:9) {
  transactionId: '98c34de47b5f8648c4505e130688d241591e155f87e664f3bb67034f493d18a1',
  transactionCode: 'MVCC_READ_CONFLICT'
}
2026-08-11T09:20:54.152Z - [33mwarn[39m: [TransactionEventHandler]: strategyFail: commit failure for transaction "a39944d4a81365e932b37aabf10c3a5130517fa7c7f797bf9632d7f0bdf614c8": TransactionError: Commit of transaction a39944d4a81365e932b37aabf10c3a5130517fa7c7f797bf9632d7f0bdf614c8 failed on peer peer0.financiers.example.com:7051 with status MVCC_READ_CONFLICT
    at TransactionEventHandler.eventCallback (/home/dhanish/fabric_sfc/caliper-bench/node_modules/fabric-network/lib/impl/event/transactioneventhandler.js:111:31)
    at CommitListenerSession.notifyListener (/home/dhanish/fabric_sfc/caliper-bench/node_modules/fabric-network/lib/impl/event/commitlistenersession.js:101:18)
    at EventListener.callback (/home/dhanish/fabric_sfc/caliper-bench/node_modules/fabric-network/lib/impl/event/commitlistenersession.js:92:18)
    at EventListener.onEvent (/home/dhanish/fabric_sfc/caliper-bench/node_modules/fabric-common/lib/EventListener.js:124:10)
    at EventService._callTransactionListener (/home/dhanish/fabric_sfc/caliper-bench/node_modules/fabric-common/lib/EventService.js:1051:16)
    at EventService._processTxEvents (/home/dhanish/fabric_sfc/caliper-bench/node_modules/fabric-common/lib/EventService.js:1006:12)
    at ClientDuplexStreamImpl.<anonymous> (/home/dhanish/fabric_sfc/caliper-bench/node_modules/fabric-common/lib/EventService.js:481:12)
    at ClientDuplexStreamImpl.emit (node:events:517:28)
    at addChunk (node:internal/streams/readable:368:12)
    at readableAddChunk (node:internal/streams/readable:341:9) {
  transactionId: 'a39944d4a81365e932b37aabf10c3a5130517fa7c7f797bf9632d7f0bdf614c8',
  transactionCode: 'MVCC_READ_CONFLICT'
}
2026-08-11T09:20:54.152Z - [33mwarn[39m: [TransactionEventHandler]: strategyFail: commit failure for transaction "d31c340334aaf16666915b3555cd7f8ebbbfbe26626e8e176d5e850e51b3db87": TransactionError: Commit of transaction d31c340334aaf16666915b3555cd7f8ebbbfbe26626e8e176d5e850e51b3db87 failed on peer peer0.financiers.example.com:7051 with status MVCC_READ_CONFLICT
    at TransactionEventHandler.eventCallback (/home/dhanish/fabric_sfc/caliper-bench/node_modules/fabric-network/lib/impl/event/transactioneventhandler.js:111:31)
    at CommitListenerSession.notifyListener (/home/dhanish/fabric_sfc/caliper-bench/node_modules/fabric-network/lib/impl/event/commitlistenersession.js:101:18)
    at EventListener.callback (/home/dhanish/fabric_sfc/caliper-bench/node_modules/fabric-network/lib/impl/event/commitlistenersession.js:92:18)
    at EventListener.onEvent (/home/dhanish/fabric_sfc/caliper-bench/node_modules/fabric-common/lib/EventListener.js:124:10)
    at EventService._callTransactionListener (/home/dhanish/fabric_sfc/caliper-bench/node_modules/fabric-common/lib/EventService.js:1051:16)
    at EventService._processTxEvents (/home/dhanish/fabric_sfc/caliper-bench/node_modules/fabric-common/lib/EventService.js:1006:12)
    at ClientDuplexStreamImpl.<anonymous> (/home/dhanish/fabric_sfc/caliper-bench/node_modules/fabric-common/lib/EventService.js:481:12)
    at ClientDuplexStreamImpl.emit (node:events:517:28)
    at addChunk (node:internal/streams/readable:368:12)
    at readableAddChunk (node:internal/streams/readable:341:9) {
  transactionId: 'd31c340334aaf16666915b3555cd7f8ebbbfbe26626e8e176d5e850e51b3db87',
  transactionCode: 'MVCC_READ_CONFLICT'
}
2026-08-11T09:20:54.152Z - [33mwarn[39m: [TransactionEventHandler]: strategyFail: commit failure for transaction "74b90b19d5f40175bc62510e0089879cc06331fbea9149e083d548a47f78b6ae": TransactionError: Commit of transaction 74b90b19d5f40175bc62510e0089879cc06331fbea9149e083d548a47f78b6ae failed on peer peer0.financiers.example.com:7051 with status MVCC_READ_CONFLICT
    at TransactionEventHandler.eventCallback (/home/dhanish/fabric_sfc/caliper-bench/node_modules/fabric-network/lib/impl/event/transactioneventhandler.js:111:31)
    at CommitListenerSession.notifyListener (/home/dhanish/fabric_sfc/caliper-bench/node_modules/fabric-network/lib/impl/event/commitlistenersession.js:101:18)
    at EventListener.callback (/home/dhanish/fabric_sfc/caliper-bench/node_modules/fabric-network/lib/impl/event/commitlistenersession.js:92:18)
    at EventListener.onEvent (/home/dhanish/fabric_sfc/caliper-bench/node_modules/fabric-common/lib/EventListener.js:124:10)
    at EventService._callTransactionListener (/home/dhanish/fabric_sfc/caliper-bench/node_modules/fabric-common/lib/EventService.js:1051:16)
    at EventService._processTxEvents (/home/dhanish/fabric_sfc/caliper-bench/node_modules/fabric-common/lib/EventService.js:1006:12)
    at ClientDuplexStreamImpl.<anonymous> (/home/dhanish/fabric_sfc/caliper-bench/node_modules/fabric-common/lib/EventService.js:481:12)
    at ClientDuplexStreamImpl.emit (node:events:517:28)
    at addChunk (node:internal/streams/readable:368:12)
    at readableAddChunk (node:internal/streams/readable:341:9) {
  transactionId: '74b90b19d5f40175bc62510e0089879cc06331fbea9149e083d548a47f78b6ae',
  transactionCode: 'MVCC_READ_CONFLICT'
}
2026.08.11-09:20:54.152[31m error[39m [caliper] [connectors/v2/FabricGateway] 	Failed to perform submit transaction [updateFinancierRLOffer] using arguments [User2,{"aprPct":17.87,"tenorDays":21,"ltvPct":70,"penaltyPct":0.5,"modelVersion":"caliper-workload"}],  with error: TransactionError: Commit of transaction e90489c37e2c08ecd71d3e884d92aedb6758d8964e1ba8eb90d73e37c0e8fb4d failed on peer peer0.financiers.example.com:7051 with status MVCC_READ_CONFLICT
    at TransactionEventHandler.eventCallback (/home/dhanish/fabric_sfc/caliper-bench/node_modules/fabric-network/lib/impl/event/transactioneventhandler.js:111:31)
    at CommitListenerSession.notifyListener (/home/dhanish/fabric_sfc/caliper-bench/node_modules/fabric-network/lib/impl/event/commitlistenersession.js:101:18)
    at EventListener.callback (/home/dhanish/fabric_sfc/caliper-bench/node_modules/fabric-network/lib/impl/event/commitlistenersession.js:92:18)
    at EventListener.onEvent (/home/dhanish/fabric_sfc/caliper-bench/node_modules/fabric-common/lib/EventListener.js:124:10)
    at EventService._callTransactionListener (/home/dhanish/fabric_sfc/caliper-bench/node_modules/fabric-common/lib/EventService.js:1051:16)
    at EventService._processTxEvents (/home/dhanish/fabric_sfc/caliper-bench/node_modules/fabric-common/lib/EventService.js:1006:12)
    at ClientDuplexStreamImpl.<anonymous> (/home/dhanish/fabric_sfc/caliper-bench/node_modules/fabric-common/lib/EventService.js:481:12)
    at ClientDuplexStreamImpl.emit (node:events:517:28)
    at addChunk (node:internal/streams/readable:368:12)
    at readableAddChunk (node:internal/streams/readable:341:9)
2026-08-11T09:20:54.152Z - [33mwarn[39m: [TransactionEventHandler]: strategyFail: commit failure for transaction "d2e5b494b00071db51d74b2caba5717040eab65ab3150e99739f3aec92bdfeed": TransactionError: Commit of transaction d2e5b494b00071db51d74b2caba5717040eab65ab3150e99739f3aec92bdfeed failed on peer peer0.financiers.example.com:7051 with status MVCC_READ_CONFLICT
    at TransactionEventHandler.eventCallback (/home/dhanish/fabric_sfc/caliper-bench/node_modules/fabric-network/lib/impl/event/transactioneventhandler.js:111:31)
    at CommitListenerSession.notifyListener (/home/dhanish/fabric_sfc/caliper-bench/node_modules/fabric-network/lib/impl/event/commitlistenersession.js:101:18)
    at EventListener.callback (/home/dhanish/fabric_sfc/caliper-bench/node_modules/fabric-network/lib/impl/event/commitlistenersession.js:92:18)
    at EventListener.onEvent (/home/dhanish/fabric_sfc/caliper-bench/node_modules/fabric-common/lib/EventListener.js:124:10)
    at EventService._callTransactionListener (/home/dhanish/fabric_sfc/caliper-bench/node_modules/fabric-common/lib/EventService.js:1051:16)
    at EventService._processTxEvents (/home/dhanish/fabric_sfc/caliper-bench/node_modules/fabric-common/lib/EventService.js:1006:12)
    at ClientDuplexStreamImpl.<anonymous> (/home/dhanish/fabric_sfc/caliper-bench/node_modules/fabric-common/lib/EventService.js:481:12)
    at ClientDuplexStreamImpl.emit (node:events:517:28)
    at addChunk (node:internal/streams/readable:368:12)
    at readableAddChunk (node:internal/streams/readable:341:9) {
  transactionId: 'd2e5b494b00071db51d74b2caba5717040eab65ab3150e99739f3aec92bdfeed',
  transactionCode: 'MVCC_READ_CONFLICT'
}
2026.08.11-09:20:54.152[31m error[39m [caliper] [connectors/v2/FabricGateway] 	Failed to perform submit transaction [updateFinancierRLOffer] using arguments [User5,{"aprPct":14.62,"tenorDays":21,"ltvPct":70,"penaltyPct":0.5,"modelVersion":"caliper-workload"}],  with error: TransactionError: Commit of transaction 030a777ef4ef4a7cb0da56bc1980e5b23ae909accc53f5a44b45b9bb0511e13f failed on peer peer0.financiers.example.com:7051 with status MVCC_READ_CONFLICT
    at TransactionEventHandler.eventCallback (/home/dhanish/fabric_sfc/caliper-bench/node_modules/fabric-network/lib/impl/event/transactioneventhandler.js:111:31)
    at CommitListenerSession.notifyListener (/home/dhanish/fabric_sfc/caliper-bench/node_modules/fabric-network/lib/impl/event/commitlistenersession.js:101:18)
    at EventListener.callback (/home/dhanish/fabric_sfc/caliper-bench/node_modules/fabric-network/lib/impl/event/commitlistenersession.js:92:18)
    at EventListener.onEvent (/home/dhanish/fabric_sfc/caliper-bench/node_modules/fabric-common/lib/EventListener.js:124:10)
    at EventService._callTransactionListener (/home/dhanish/fabric_sfc/caliper-bench/node_modules/fabric-common/lib/EventService.js:1051:16)
    at EventService._processTxEvents (/home/dhanish/fabric_sfc/caliper-bench/node_modules/fabric-common/lib/EventService.js:1006:12)
    at ClientDuplexStreamImpl.<anonymous> (/home/dhanish/fabric_sfc/caliper-bench/node_modules/fabric-common/lib/EventService.js:481:12)
    at ClientDuplexStreamImpl.emit (node:events:517:28)
    at addChunk (node:internal/streams/readable:368:12)
    at readableAddChunk (node:internal/streams/readable:341:9)
2026.08.11-09:20:54.152[31m error[39m [caliper] [connectors/v2/FabricGateway] 	Failed to perform submit transaction [updateFinancierRLOffer] using arguments [User5,{"aprPct":15.97,"tenorDays":21,"ltvPct":70,"penaltyPct":0.5,"modelVersion":"caliper-workload"}],  with error: TransactionError: Commit of transaction a39944d4a81365e932b37aabf10c3a5130517fa7c7f797bf9632d7f0bdf614c8 failed on peer peer0.financiers.example.com:7051 with status MVCC_READ_CONFLICT
    at TransactionEventHandler.eventCallback (/home/dhanish/fabric_sfc/caliper-bench/node_modules/fabric-network/lib/impl/event/transactioneventhandler.js:111:31)
    at CommitListenerSession.notifyListener (/home/dhanish/fabric_sfc/caliper-bench/node_modules/fabric-network/lib/impl/event/commitlistenersession.js:101:18)
    at EventListener.callback (/home/dhanish/fabric_sfc/caliper-bench/node_modules/fabric-network/lib/impl/event/commitlistenersession.js:92:18)
    at EventListener.onEvent (/home/dhanish/fabric_sfc/caliper-bench/node_modules/fabric-common/lib/EventListener.js:124:10)
    at EventService._callTransactionListener (/home/dhanish/fabric_sfc/caliper-bench/node_modules/fabric-common/lib/EventService.js:1051:16)
    at EventService._processTxEvents (/home/dhanish/fabric_sfc/caliper-bench/node_modules/fabric-common/lib/EventService.js:1006:12)
    at ClientDuplexStreamImpl.<anonymous> (/home/dhanish/fabric_sfc/caliper-bench/node_modules/fabric-common/lib/EventService.js:481:12)
    at ClientDuplexStreamImpl.emit (node:events:517:28)
    at addChunk (node:internal/streams/readable:368:12)
    at readableAddChunk (node:internal/streams/readable:341:9)
2026.08.11-09:20:54.152[31m error[39m [caliper] [connectors/v2/FabricGateway] 	Failed to perform submit transaction [updateFinancierRLOffer] using arguments [User4,{"aprPct":17.21,"tenorDays":14,"ltvPct":70,"penaltyPct":0.5,"modelVersion":"caliper-workload"}],  with error: TransactionError: Commit of transaction b0779ea56f6812622236a13125646cd66e287c82a520754851592803889ac291 failed on peer peer0.financiers.example.com:7051 with status MVCC_READ_CONFLICT
    at TransactionEventHandler.eventCallback (/home/dhanish/fabric_sfc/caliper-bench/node_modules/fabric-network/lib/impl/event/transactioneventhandler.js:111:31)
    at CommitListenerSession.notifyListener (/home/dhanish/fabric_sfc/caliper-bench/node_modules/fabric-network/lib/impl/event/commitlistenersession.js:101:18)
    at EventListener.callback (/home/dhanish/fabric_sfc/caliper-bench/node_modules/fabric-network/lib/impl/event/commitlistenersession.js:92:18)
    at EventListener.onEvent (/home/dhanish/fabric_sfc/caliper-bench/node_modules/fabric-common/lib/EventListener.js:124:10)
    at EventService._callTransactionListener (/home/dhanish/fabric_sfc/caliper-bench/node_modules/fabric-common/lib/EventService.js:1051:16)
    at EventService._processTxEvents (/home/dhanish/fabric_sfc/caliper-bench/node_modules/fabric-common/lib/EventService.js:1006:12)
    at ClientDuplexStreamImpl.<anonymous> (/home/dhanish/fabric_sfc/caliper-bench/node_modules/fabric-common/lib/EventService.js:481:12)
    at ClientDuplexStreamImpl.emit (node:events:517:28)
    at addChunk (node:internal/streams/readable:368:12)
    at readableAddChunk (node:internal/streams/readable:341:9)
2026.08.11-09:20:54.152[31m error[39m [caliper] [connectors/v2/FabricGateway] 	Failed to perform submit transaction [updateFinancierRLOffer] using arguments [User1,{"aprPct":16.53,"tenorDays":14,"ltvPct":70,"penaltyPct":0.5,"modelVersion":"caliper-workload"}],  with error: TransactionError: Commit of transaction d31c340334aaf16666915b3555cd7f8ebbbfbe26626e8e176d5e850e51b3db87 failed on peer peer0.financiers.example.com:7051 with status MVCC_READ_CONFLICT
    at TransactionEventHandler.eventCallback (/home/dhanish/fabric_sfc/caliper-bench/node_modules/fabric-network/lib/impl/event/transactioneventhandler.js:111:31)
    at CommitListenerSession.notifyListener (/home/dhanish/fabric_sfc/caliper-bench/node_modules/fabric-network/lib/impl/event/commitlistenersession.js:101:18)
    at EventListener.callback (/home/dhanish/fabric_sfc/caliper-bench/node_modules/fabric-network/lib/impl/event/commitlistenersession.js:92:18)
    at EventListener.onEvent (/home/dhanish/fabric_sfc/caliper-bench/node_modules/fabric-common/lib/EventListener.js:124:10)
    at EventService._callTransactionListener (/home/dhanish/fabric_sfc/caliper-bench/node_modules/fabric-common/lib/EventService.js:1051:16)
    at EventService._processTxEvents (/home/dhanish/fabric_sfc/caliper-bench/node_modules/fabric-common/lib/EventService.js:1006:12)
    at ClientDuplexStreamImpl.<anonymous> (/home/dhanish/fabric_sfc/caliper-bench/node_modules/fabric-common/lib/EventService.js:481:12)
    at ClientDuplexStreamImpl.emit (node:events:517:28)
    at addChunk (node:internal/streams/readable:368:12)
    at readableAddChunk (node:internal/streams/readable:341:9)
2026.08.11-09:20:54.153[31m error[39m [caliper] [connectors/v2/FabricGateway] 	Failed to perform submit transaction [updateFinancierRLOffer] using arguments [User4,{"aprPct":13.85,"tenorDays":14,"ltvPct":70,"penaltyPct":0.5,"modelVersion":"caliper-workload"}],  with error: TransactionError: Commit of transaction 74b90b19d5f40175bc62510e0089879cc06331fbea9149e083d548a47f78b6ae failed on peer peer0.financiers.example.com:7051 with status MVCC_READ_CONFLICT
    at TransactionEventHandler.eventCallback (/home/dhanish/fabric_sfc/caliper-bench/node_modules/fabric-network/lib/impl/event/transactioneventhandler.js:111:31)
    at CommitListenerSession.notifyListener (/home/dhanish/fabric_sfc/caliper-bench/node_modules/fabric-network/lib/impl/event/commitlistenersession.js:101:18)
    at EventListener.callback (/home/dhanish/fabric_sfc/caliper-bench/node_modules/fabric-network/lib/impl/event/commitlistenersession.js:92:18)
    at EventListener.onEvent (/home/dhanish/fabric_sfc/caliper-bench/node_modules/fabric-common/lib/EventListener.js:124:10)
    at EventService._callTransactionListener (/home/dhanish/fabric_sfc/caliper-bench/node_modules/fabric-common/lib/EventService.js:1051:16)
    at EventService._processTxEvents (/home/dhanish/fabric_sfc/caliper-bench/node_modules/fabric-common/lib/EventService.js:1006:12)
    at ClientDuplexStreamImpl.<anonymous> (/home/dhanish/fabric_sfc/caliper-bench/node_modules/fabric-common/lib/EventService.js:481:12)
    at ClientDuplexStreamImpl.emit (node:events:517:28)
    at addChunk (node:internal/streams/readable:368:12)
    at readableAddChunk (node:internal/streams/readable:341:9)
2026.08.11-09:20:54.152[31m error[39m [caliper] [connectors/v2/FabricGateway] 	Failed to perform submit transaction [updateFinancierRLOffer] using arguments [User3,{"aprPct":14,"tenorDays":28,"ltvPct":70,"penaltyPct":0.5,"modelVersion":"caliper-workload"}],  with error: TransactionError: Commit of transaction ec99ae07a985818fe5e85ed398fd7000c9af9d1441cc0037008aada90f1ba204 failed on peer peer0.financiers.example.com:7051 with status MVCC_READ_CONFLICT
    at TransactionEventHandler.eventCallback (/home/dhanish/fabric_sfc/caliper-bench/node_modules/fabric-network/lib/impl/event/transactioneventhandler.js:111:31)
    at CommitListenerSession.notifyListener (/home/dhanish/fabric_sfc/caliper-bench/node_modules/fabric-network/lib/impl/event/commitlistenersession.js:101:18)
    at EventListener.callback (/home/dhanish/fabric_sfc/caliper-bench/node_modules/fabric-network/lib/impl/event/commitlistenersession.js:92:18)
    at EventListener.onEvent (/home/dhanish/fabric_sfc/caliper-bench/node_modules/fabric-common/lib/EventListener.js:124:10)
    at EventService._callTransactionListener (/home/dhanish/fabric_sfc/caliper-bench/node_modules/fabric-common/lib/EventService.js:1051:16)
    at EventService._processTxEvents (/home/dhanish/fabric_sfc/caliper-bench/node_modules/fabric-common/lib/EventService.js:1006:12)
    at ClientDuplexStreamImpl.<anonymous> (/home/dhanish/fabric_sfc/caliper-bench/node_modules/fabric-common/lib/EventService.js:481:12)
    at ClientDuplexStreamImpl.emit (node:events:517:28)
    at addChunk (node:internal/streams/readable:368:12)
    at readableAddChunk (node:internal/streams/readable:341:9)
2026.08.11-09:20:54.153[31m error[39m [caliper] [connectors/v2/FabricGateway] 	Failed to perform submit transaction [updateFinancierRLOffer] using arguments [User3,{"aprPct":16.63,"tenorDays":28,"ltvPct":70,"penaltyPct":0.5,"modelVersion":"caliper-workload"}],  with error: TransactionError: Commit of transaction 98c34de47b5f8648c4505e130688d241591e155f87e664f3bb67034f493d18a1 failed on peer peer0.financiers.example.com:7051 with status MVCC_READ_CONFLICT
    at TransactionEventHandler.eventCallback (/home/dhanish/fabric_sfc/caliper-bench/node_modules/fabric-network/lib/impl/event/transactioneventhandler.js:111:31)
    at CommitListenerSession.notifyListener (/home/dhanish/fabric_sfc/caliper-bench/node_modules/fabric-network/lib/impl/event/commitlistenersession.js:101:18)
    at EventListener.callback (/home/dhanish/fabric_sfc/caliper-bench/node_modules/fabric-network/lib/impl/event/commitlistenersession.js:92:18)
    at EventListener.onEvent (/home/dhanish/fabric_sfc/caliper-bench/node_modules/fabric-common/lib/EventListener.js:124:10)
    at EventService._callTransactionListener (/home/dhanish/fabric_sfc/caliper-bench/node_modules/fabric-common/lib/EventService.js:1051:16)
    at EventService._processTxEvents (/home/dhanish/fabric_sfc/caliper-bench/node_modules/fabric-common/lib/EventService.js:1006:12)
    at ClientDuplexStreamImpl.<anonymous> (/home/dhanish/fabric_sfc/caliper-bench/node_modules/fabric-common/lib/EventService.js:481:12)
    at ClientDuplexStreamImpl.emit (node:events:517:28)
    at addChunk (node:internal/streams/readable:368:12)
    at readableAddChunk (node:internal/streams/readable:341:9)
2026.08.11-09:20:54.153[31m error[39m [caliper] [connectors/v2/FabricGateway] 	Failed to perform submit transaction [updateFinancierRLOffer] using arguments [User3,{"aprPct":13.37,"tenorDays":28,"ltvPct":70,"penaltyPct":0.5,"modelVersion":"caliper-workload"}],  with error: TransactionError: Commit of transaction d2e5b494b00071db51d74b2caba5717040eab65ab3150e99739f3aec92bdfeed failed on peer peer0.financiers.example.com:7051 with status MVCC_READ_CONFLICT
    at TransactionEventHandler.eventCallback (/home/dhanish/fabric_sfc/caliper-bench/node_modules/fabric-network/lib/impl/event/transactioneventhandler.js:111:31)
    at CommitListenerSession.notifyListener (/home/dhanish/fabric_sfc/caliper-bench/node_modules/fabric-network/lib/impl/event/commitlistenersession.js:101:18)
    at EventListener.callback (/home/dhanish/fabric_sfc/caliper-bench/node_modules/fabric-network/lib/impl/event/commitlistenersession.js:92:18)
    at EventListener.onEvent (/home/dhanish/fabric_sfc/caliper-bench/node_modules/fabric-common/lib/EventListener.js:124:10)
    at EventService._callTransactionListener (/home/dhanish/fabric_sfc/caliper-bench/node_modules/fabric-common/lib/EventService.js:1051:16)
    at EventService._processTxEvents (/home/dhanish/fabric_sfc/caliper-bench/node_modules/fabric-common/lib/EventService.js:1006:12)
    at ClientDuplexStreamImpl.<anonymous> (/home/dhanish/fabric_sfc/caliper-bench/node_modules/fabric-common/lib/EventService.js:481:12)
    at ClientDuplexStreamImpl.emit (node:events:517:28)
    at addChunk (node:internal/streams/readable:368:12)
    at readableAddChunk (node:internal/streams/readable:341:9)
2026-08-11T09:20:54.175Z - [33mwarn[39m: [TransactionEventHandler]: strategyFail: commit failure for transaction "c5ddea4ef6e1a6a46247d8c80d409d187edded74bfdb241ecb375b774644d0d0": TransactionError: Commit of transaction c5ddea4ef6e1a6a46247d8c80d409d187edded74bfdb241ecb375b774644d0d0 failed on peer peer0.financiers.example.com:7051 with status MVCC_READ_CONFLICT
    at TransactionEventHandler.eventCallback (/home/dhanish/fabric_sfc/caliper-bench/node_modules/fabric-network/lib/impl/event/transactioneventhandler.js:111:31)
    at CommitListenerSession.notifyListener (/home/dhanish/fabric_sfc/caliper-bench/node_modules/fabric-network/lib/impl/event/commitlistenersession.js:101:18)
    at EventListener.callback (/home/dhanish/fabric_sfc/caliper-bench/node_modules/fabric-network/lib/impl/event/commitlistenersession.js:92:18)
    at EventListener.onEvent (/home/dhanish/fabric_sfc/caliper-bench/node_modules/fabric-common/lib/EventListener.js:124:10)
    at EventService._callTransactionListener (/home/dhanish/fabric_sfc/caliper-bench/node_modules/fabric-common/lib/EventService.js:1051:16)
    at EventService._processTxEvents (/home/dhanish/fabric_sfc/caliper-bench/node_modules/fabric-common/lib/EventService.js:1006:12)
    at ClientDuplexStreamImpl.<anonymous> (/home/dhanish/fabric_sfc/caliper-bench/node_modules/fabric-common/lib/EventService.js:481:12)
    at ClientDuplexStreamImpl.emit (node:events:517:28)
    at addChunk (node:internal/streams/readable:368:12)
    at readableAddChunk (node:internal/streams/readable:341:9) {
  transactionId: 'c5ddea4ef6e1a6a46247d8c80d409d187edded74bfdb241ecb375b774644d0d0',
  transactionCode: 'MVCC_READ_CONFLICT'
}
2026-08-11T09:20:54.175Z - [33mwarn[39m: [TransactionEventHandler]: strategyFail: commit failure for transaction "c1a675db824ffce02abc5bf594a8a1791efe015dca3ea48621caabc294cce919": TransactionError: Commit of transaction c1a675db824ffce02abc5bf594a8a1791efe015dca3ea48621caabc294cce919 failed on peer peer0.financiers.example.com:7051 with status MVCC_READ_CONFLICT
    at TransactionEventHandler.eventCallback (/home/dhanish/fabric_sfc/caliper-bench/node_modules/fabric-network/lib/impl/event/transactioneventhandler.js:111:31)
    at CommitListenerSession.notifyListener (/home/dhanish/fabric_sfc/caliper-bench/node_modules/fabric-network/lib/impl/event/commitlistenersession.js:101:18)
    at EventListener.callback (/home/dhanish/fabric_sfc/caliper-bench/node_modules/fabric-network/lib/impl/event/commitlistenersession.js:92:18)
    at EventListener.onEvent (/home/dhanish/fabric_sfc/caliper-bench/node_modules/fabric-common/lib/EventListener.js:124:10)
    at EventService._callTransactionListener (/home/dhanish/fabric_sfc/caliper-bench/node_modules/fabric-common/lib/EventService.js:1051:16)
    at EventService._processTxEvents (/home/dhanish/fabric_sfc/caliper-bench/node_modules/fabric-common/lib/EventService.js:1006:12)
    at ClientDuplexStreamImpl.<anonymous> (/home/dhanish/fabric_sfc/caliper-bench/node_modules/fabric-common/lib/EventService.js:481:12)
    at ClientDuplexStreamImpl.emit (node:events:517:28)
    at addChunk (node:internal/streams/readable:368:12)
    at readableAddChunk (node:internal/streams/readable:341:9) {
  transactionId: 'c1a675db824ffce02abc5bf594a8a1791efe015dca3ea48621caabc294cce919',
  transactionCode: 'MVCC_READ_CONFLICT'
}
2026-08-11T09:20:54.175Z - [33mwarn[39m: [TransactionEventHandler]: strategyFail: commit failure for transaction "2af87287e73b1a9828e8ec4e58b9b4911d848eb8598ed7ffac9c9e8b448fa3ad": TransactionError: Commit of transaction 2af87287e73b1a9828e8ec4e58b9b4911d848eb8598ed7ffac9c9e8b448fa3ad failed on peer peer0.financiers.example.com:7051 with status MVCC_READ_CONFLICT
    at TransactionEventHandler.eventCallback (/home/dhanish/fabric_sfc/caliper-bench/node_modules/fabric-network/lib/impl/event/transactioneventhandler.js:111:31)
    at CommitListenerSession.notifyListener (/home/dhanish/fabric_sfc/caliper-bench/node_modules/fabric-network/lib/impl/event/commitlistenersession.js:101:18)
    at EventListener.callback (/home/dhanish/fabric_sfc/caliper-bench/node_modules/fabric-network/lib/impl/event/commitlistenersession.js:92:18)
    at EventListener.onEvent (/home/dhanish/fabric_sfc/caliper-bench/node_modules/fabric-common/lib/EventListener.js:124:10)
    at EventService._callTransactionListener (/home/dhanish/fabric_sfc/caliper-bench/node_modules/fabric-common/lib/EventService.js:1051:16)
    at EventService._processTxEvents (/home/dhanish/fabric_sfc/caliper-bench/node_modules/fabric-common/lib/EventService.js:1006:12)
    at ClientDuplexStreamImpl.<anonymous> (/home/dhanish/fabric_sfc/caliper-bench/node_modules/fabric-common/lib/EventService.js:481:12)
    at ClientDuplexStreamImpl.emit (node:events:517:28)
    at addChunk (node:internal/streams/readable:368:12)
    at readableAddChunk (node:internal/streams/readable:341:9) {
  transactionId: '2af87287e73b1a9828e8ec4e58b9b4911d848eb8598ed7ffac9c9e8b448fa3ad',
  transactionCode: 'MVCC_READ_CONFLICT'
}
2026-08-11T09:20:54.175Z - [33mwarn[39m: [TransactionEventHandler]: strategyFail: commit failure for transaction "9685cbdd468dc7f5fb0667f74bec122db17ad83e51eeb7ee9c111af4a1be4ed5": TransactionError: Commit of transaction 9685cbdd468dc7f5fb0667f74bec122db17ad83e51eeb7ee9c111af4a1be4ed5 failed on peer peer0.financiers.example.com:7051 with status MVCC_READ_CONFLICT
    at TransactionEventHandler.eventCallback (/home/dhanish/fabric_sfc/caliper-bench/node_modules/fabric-network/lib/impl/event/transactioneventhandler.js:111:31)
    at CommitListenerSession.notifyListener (/home/dhanish/fabric_sfc/caliper-bench/node_modules/fabric-network/lib/impl/event/commitlistenersession.js:101:18)
    at EventListener.callback (/home/dhanish/fabric_sfc/caliper-bench/node_modules/fabric-network/lib/impl/event/commitlistenersession.js:92:18)
    at EventListener.onEvent (/home/dhanish/fabric_sfc/caliper-bench/node_modules/fabric-common/lib/EventListener.js:124:10)
    at EventService._callTransactionListener (/home/dhanish/fabric_sfc/caliper-bench/node_modules/fabric-common/lib/EventService.js:1051:16)
    at EventService._processTxEvents (/home/dhanish/fabric_sfc/caliper-bench/node_modules/fabric-common/lib/EventService.js:1006:12)
    at ClientDuplexStreamImpl.<anonymous> (/home/dhanish/fabric_sfc/caliper-bench/node_modules/fabric-common/lib/EventService.js:481:12)
    at ClientDuplexStreamImpl.emit (node:events:517:28)
    at addChunk (node:internal/streams/readable:368:12)
    at readableAddChunk (node:internal/streams/readable:341:9) {
  transactionId: '9685cbdd468dc7f5fb0667f74bec122db17ad83e51eeb7ee9c111af4a1be4ed5',
  transactionCode: 'MVCC_READ_CONFLICT'
}
2026-08-11T09:20:54.176Z - [33mwarn[39m: [TransactionEventHandler]: strategyFail: commit failure for transaction "e6b3219866b4652162fef8cf9025273f74cfc8caa726dd2792757a89c13c8d75": TransactionError: Commit of transaction e6b3219866b4652162fef8cf9025273f74cfc8caa726dd2792757a89c13c8d75 failed on peer peer0.financiers.example.com:7051 with status MVCC_READ_CONFLICT
    at TransactionEventHandler.eventCallback (/home/dhanish/fabric_sfc/caliper-bench/node_modules/fabric-network/lib/impl/event/transactioneventhandler.js:111:31)
    at CommitListenerSession.notifyListener (/home/dhanish/fabric_sfc/caliper-bench/node_modules/fabric-network/lib/impl/event/commitlistenersession.js:101:18)
    at EventListener.callback (/home/dhanish/fabric_sfc/caliper-bench/node_modules/fabric-network/lib/impl/event/commitlistenersession.js:92:18)
    at EventListener.onEvent (/home/dhanish/fabric_sfc/caliper-bench/node_modules/fabric-common/lib/EventListener.js:124:10)
    at EventService._callTransactionListener (/home/dhanish/fabric_sfc/caliper-bench/node_modules/fabric-common/lib/EventService.js:1051:16)
    at EventService._processTxEvents (/home/dhanish/fabric_sfc/caliper-bench/node_modules/fabric-common/lib/EventService.js:1006:12)
    at ClientDuplexStreamImpl.<anonymous> (/home/dhanish/fabric_sfc/caliper-bench/node_modules/fabric-common/lib/EventService.js:481:12)
    at ClientDuplexStreamImpl.emit (node:events:517:28)
    at addChunk (node:internal/streams/readable:368:12)
    at readableAddChunk (node:internal/streams/readable:341:9) {
  transactionId: 'e6b3219866b4652162fef8cf9025273f74cfc8caa726dd2792757a89c13c8d75',
  transactionCode: 'MVCC_READ_CONFLICT'
}
2026.08.11-09:20:54.175[31m error[39m [caliper] [connectors/v2/FabricGateway] 	Failed to perform submit transaction [updateFinancierRLOffer] using arguments [User2,{"aprPct":17.82,"tenorDays":21,"ltvPct":70,"penaltyPct":0.5,"modelVersion":"caliper-workload"}],  with error: TransactionError: Commit of transaction c1a675db824ffce02abc5bf594a8a1791efe015dca3ea48621caabc294cce919 failed on peer peer0.financiers.example.com:7051 with status MVCC_READ_CONFLICT
    at TransactionEventHandler.eventCallback (/home/dhanish/fabric_sfc/caliper-bench/node_modules/fabric-network/lib/impl/event/transactioneventhandler.js:111:31)
    at CommitListenerSession.notifyListener (/home/dhanish/fabric_sfc/caliper-bench/node_modules/fabric-network/lib/impl/event/commitlistenersession.js:101:18)
    at EventListener.callback (/home/dhanish/fabric_sfc/caliper-bench/node_modules/fabric-network/lib/impl/event/commitlistenersession.js:92:18)
    at EventListener.onEvent (/home/dhanish/fabric_sfc/caliper-bench/node_modules/fabric-common/lib/EventListener.js:124:10)
    at EventService._callTransactionListener (/home/dhanish/fabric_sfc/caliper-bench/node_modules/fabric-common/lib/EventService.js:1051:16)
    at EventService._processTxEvents (/home/dhanish/fabric_sfc/caliper-bench/node_modules/fabric-common/lib/EventService.js:1006:12)
    at ClientDuplexStreamImpl.<anonymous> (/home/dhanish/fabric_sfc/caliper-bench/node_modules/fabric-common/lib/EventService.js:481:12)
    at ClientDuplexStreamImpl.emit (node:events:517:28)
    at addChunk (node:internal/streams/readable:368:12)
    at readableAddChunk (node:internal/streams/readable:341:9)
2026.08.11-09:20:54.176[31m error[39m [caliper] [connectors/v2/FabricGateway] 	Failed to perform submit transaction [updateFinancierRLOffer] using arguments [User1,{"aprPct":15.46,"tenorDays":14,"ltvPct":70,"penaltyPct":0.5,"modelVersion":"caliper-workload"}],  with error: TransactionError: Commit of transaction c5ddea4ef6e1a6a46247d8c80d409d187edded74bfdb241ecb375b774644d0d0 failed on peer peer0.financiers.example.com:7051 with status MVCC_READ_CONFLICT
    at TransactionEventHandler.eventCallback (/home/dhanish/fabric_sfc/caliper-bench/node_modules/fabric-network/lib/impl/event/transactioneventhandler.js:111:31)
    at CommitListenerSession.notifyListener (/home/dhanish/fabric_sfc/caliper-bench/node_modules/fabric-network/lib/impl/event/commitlistenersession.js:101:18)
    at EventListener.callback (/home/dhanish/fabric_sfc/caliper-bench/node_modules/fabric-network/lib/impl/event/commitlistenersession.js:92:18)
    at EventListener.onEvent (/home/dhanish/fabric_sfc/caliper-bench/node_modules/fabric-common/lib/EventListener.js:124:10)
    at EventService._callTransactionListener (/home/dhanish/fabric_sfc/caliper-bench/node_modules/fabric-common/lib/EventService.js:1051:16)
    at EventService._processTxEvents (/home/dhanish/fabric_sfc/caliper-bench/node_modules/fabric-common/lib/EventService.js:1006:12)
    at ClientDuplexStreamImpl.<anonymous> (/home/dhanish/fabric_sfc/caliper-bench/node_modules/fabric-common/lib/EventService.js:481:12)
    at ClientDuplexStreamImpl.emit (node:events:517:28)
    at addChunk (node:internal/streams/readable:368:12)
    at readableAddChunk (node:internal/streams/readable:341:9)
2026-08-11T09:20:54.176Z - [33mwarn[39m: [TransactionEventHandler]: strategyFail: commit failure for transaction "0da37a1fa019799cf56d60b38718b25c91b0c710e138185ea48b198af969c9d5": TransactionError: Commit of transaction 0da37a1fa019799cf56d60b38718b25c91b0c710e138185ea48b198af969c9d5 failed on peer peer0.financiers.example.com:7051 with status MVCC_READ_CONFLICT
    at TransactionEventHandler.eventCallback (/home/dhanish/fabric_sfc/caliper-bench/node_modules/fabric-network/lib/impl/event/transactioneventhandler.js:111:31)
    at CommitListenerSession.notifyListener (/home/dhanish/fabric_sfc/caliper-bench/node_modules/fabric-network/lib/impl/event/commitlistenersession.js:101:18)
    at EventListener.callback (/home/dhanish/fabric_sfc/caliper-bench/node_modules/fabric-network/lib/impl/event/commitlistenersession.js:92:18)
    at EventListener.onEvent (/home/dhanish/fabric_sfc/caliper-bench/node_modules/fabric-common/lib/EventListener.js:124:10)
    at EventService._callTransactionListener (/home/dhanish/fabric_sfc/caliper-bench/node_modules/fabric-common/lib/EventService.js:1051:16)
    at EventService._processTxEvents (/home/dhanish/fabric_sfc/caliper-bench/node_modules/fabric-common/lib/EventService.js:1006:12)
    at ClientDuplexStreamImpl.<anonymous> (/home/dhanish/fabric_sfc/caliper-bench/node_modules/fabric-common/lib/EventService.js:481:12)
    at ClientDuplexStreamImpl.emit (node:events:517:28)
    at addChunk (node:internal/streams/readable:368:12)
    at readableAddChunk (node:internal/streams/readable:341:9) {
  transactionId: '0da37a1fa019799cf56d60b38718b25c91b0c710e138185ea48b198af969c9d5',
  transactionCode: 'MVCC_READ_CONFLICT'
}
2026-08-11T09:20:54.176Z - [33mwarn[39m: [TransactionEventHandler]: strategyFail: commit failure for transaction "c4c853359282db095e0a9d8db0220956e420e971d6a30bb6b5b24f98d1bf6cd3": TransactionError: Commit of transaction c4c853359282db095e0a9d8db0220956e420e971d6a30bb6b5b24f98d1bf6cd3 failed on peer peer0.financiers.example.com:7051 with status MVCC_READ_CONFLICT
    at TransactionEventHandler.eventCallback (/home/dhanish/fabric_sfc/caliper-bench/node_modules/fabric-network/lib/impl/event/transactioneventhandler.js:111:31)
    at CommitListenerSession.notifyListener (/home/dhanish/fabric_sfc/caliper-bench/node_modules/fabric-network/lib/impl/event/commitlistenersession.js:101:18)
    at EventListener.callback (/home/dhanish/fabric_sfc/caliper-bench/node_modules/fabric-network/lib/impl/event/commitlistenersession.js:92:18)
    at EventListener.onEvent (/home/dhanish/fabric_sfc/caliper-bench/node_modules/fabric-common/lib/EventListener.js:124:10)
    at EventService._callTransactionListener (/home/dhanish/fabric_sfc/caliper-bench/node_modules/fabric-common/lib/EventService.js:1051:16)
    at EventService._processTxEvents (/home/dhanish/fabric_sfc/caliper-bench/node_modules/fabric-common/lib/EventService.js:1006:12)
    at ClientDuplexStreamImpl.<anonymous> (/home/dhanish/fabric_sfc/caliper-bench/node_modules/fabric-common/lib/EventService.js:481:12)
    at ClientDuplexStreamImpl.emit (node:events:517:28)
    at addChunk (node:internal/streams/readable:368:12)
    at readableAddChunk (node:internal/streams/readable:341:9) {
  transactionId: 'c4c853359282db095e0a9d8db0220956e420e971d6a30bb6b5b24f98d1bf6cd3',
  transactionCode: 'MVCC_READ_CONFLICT'
}
2026.08.11-09:20:54.176[31m error[39m [caliper] [connectors/v2/FabricGateway] 	Failed to perform submit transaction [updateFinancierRLOffer] using arguments [User5,{"aprPct":14.33,"tenorDays":21,"ltvPct":70,"penaltyPct":0.5,"modelVersion":"caliper-workload"}],  with error: TransactionError: Commit of transaction 2af87287e73b1a9828e8ec4e58b9b4911d848eb8598ed7ffac9c9e8b448fa3ad failed on peer peer0.financiers.example.com:7051 with status MVCC_READ_CONFLICT
    at TransactionEventHandler.eventCallback (/home/dhanish/fabric_sfc/caliper-bench/node_modules/fabric-network/lib/impl/event/transactioneventhandler.js:111:31)
    at CommitListenerSession.notifyListener (/home/dhanish/fabric_sfc/caliper-bench/node_modules/fabric-network/lib/impl/event/commitlistenersession.js:101:18)
    at EventListener.callback (/home/dhanish/fabric_sfc/caliper-bench/node_modules/fabric-network/lib/impl/event/commitlistenersession.js:92:18)
    at EventListener.onEvent (/home/dhanish/fabric_sfc/caliper-bench/node_modules/fabric-common/lib/EventListener.js:124:10)
    at EventService._callTransactionListener (/home/dhanish/fabric_sfc/caliper-bench/node_modules/fabric-common/lib/EventService.js:1051:16)
    at EventService._processTxEvents (/home/dhanish/fabric_sfc/caliper-bench/node_modules/fabric-common/lib/EventService.js:1006:12)
    at ClientDuplexStreamImpl.<anonymous> (/home/dhanish/fabric_sfc/caliper-bench/node_modules/fabric-common/lib/EventService.js:481:12)
    at ClientDuplexStreamImpl.emit (node:events:517:28)
    at addChunk (node:internal/streams/readable:368:12)
    at readableAddChunk (node:internal/streams/readable:341:9)
2026.08.11-09:20:54.176[31m error[39m [caliper] [connectors/v2/FabricGateway] 	Failed to perform submit transaction [updateFinancierRLOffer] using arguments [User4,{"aprPct":12.91,"tenorDays":14,"ltvPct":70,"penaltyPct":0.5,"modelVersion":"caliper-workload"}],  with error: TransactionError: Commit of transaction 9685cbdd468dc7f5fb0667f74bec122db17ad83e51eeb7ee9c111af4a1be4ed5 failed on peer peer0.financiers.example.com:7051 with status MVCC_READ_CONFLICT
    at TransactionEventHandler.eventCallback (/home/dhanish/fabric_sfc/caliper-bench/node_modules/fabric-network/lib/impl/event/transactioneventhandler.js:111:31)
    at CommitListenerSession.notifyListener (/home/dhanish/fabric_sfc/caliper-bench/node_modules/fabric-network/lib/impl/event/commitlistenersession.js:101:18)
    at EventListener.callback (/home/dhanish/fabric_sfc/caliper-bench/node_modules/fabric-network/lib/impl/event/commitlistenersession.js:92:18)
    at EventListener.onEvent (/home/dhanish/fabric_sfc/caliper-bench/node_modules/fabric-common/lib/EventListener.js:124:10)
    at EventService._callTransactionListener (/home/dhanish/fabric_sfc/caliper-bench/node_modules/fabric-common/lib/EventService.js:1051:16)
    at EventService._processTxEvents (/home/dhanish/fabric_sfc/caliper-bench/node_modules/fabric-common/lib/EventService.js:1006:12)
    at ClientDuplexStreamImpl.<anonymous> (/home/dhanish/fabric_sfc/caliper-bench/node_modules/fabric-common/lib/EventService.js:481:12)
    at ClientDuplexStreamImpl.emit (node:events:517:28)
    at addChunk (node:internal/streams/readable:368:12)
    at readableAddChunk (node:internal/streams/readable:341:9)
2026.08.11-09:20:54.176[31m error[39m [caliper] [connectors/v2/FabricGateway] 	Failed to perform submit transaction [updateFinancierRLOffer] using arguments [User5,{"aprPct":15.72,"tenorDays":21,"ltvPct":70,"penaltyPct":0.5,"modelVersion":"caliper-workload"}],  with error: TransactionError: Commit of transaction e6b3219866b4652162fef8cf9025273f74cfc8caa726dd2792757a89c13c8d75 failed on peer peer0.financiers.example.com:7051 with status MVCC_READ_CONFLICT
    at TransactionEventHandler.eventCallback (/home/dhanish/fabric_sfc/caliper-bench/node_modules/fabric-network/lib/impl/event/transactioneventhandler.js:111:31)
    at CommitListenerSession.notifyListener (/home/dhanish/fabric_sfc/caliper-bench/node_modules/fabric-network/lib/impl/event/commitlistenersession.js:101:18)
    at EventListener.callback (/home/dhanish/fabric_sfc/caliper-bench/node_modules/fabric-network/lib/impl/event/commitlistenersession.js:92:18)
    at EventListener.onEvent (/home/dhanish/fabric_sfc/caliper-bench/node_modules/fabric-common/lib/EventListener.js:124:10)
    at EventService._callTransactionListener (/home/dhanish/fabric_sfc/caliper-bench/node_modules/fabric-common/lib/EventService.js:1051:16)
    at EventService._processTxEvents (/home/dhanish/fabric_sfc/caliper-bench/node_modules/fabric-common/lib/EventService.js:1006:12)
    at ClientDuplexStreamImpl.<anonymous> (/home/dhanish/fabric_sfc/caliper-bench/node_modules/fabric-common/lib/EventService.js:481:12)
    at ClientDuplexStreamImpl.emit (node:events:517:28)
    at addChunk (node:internal/streams/readable:368:12)
    at readableAddChunk (node:internal/streams/readable:341:9)
2026.08.11-09:20:54.176[31m error[39m [caliper] [connectors/v2/FabricGateway] 	Failed to perform submit transaction [updateFinancierRLOffer] using arguments [User5,{"aprPct":13.01,"tenorDays":21,"ltvPct":70,"penaltyPct":0.5,"modelVersion":"caliper-workload"}],  with error: TransactionError: Commit of transaction 0da37a1fa019799cf56d60b38718b25c91b0c710e138185ea48b198af969c9d5 failed on peer peer0.financiers.example.com:7051 with status MVCC_READ_CONFLICT
    at TransactionEventHandler.eventCallback (/home/dhanish/fabric_sfc/caliper-bench/node_modules/fabric-network/lib/impl/event/transactioneventhandler.js:111:31)
    at CommitListenerSession.notifyListener (/home/dhanish/fabric_sfc/caliper-bench/node_modules/fabric-network/lib/impl/event/commitlistenersession.js:101:18)
    at EventListener.callback (/home/dhanish/fabric_sfc/caliper-bench/node_modules/fabric-network/lib/impl/event/commitlistenersession.js:92:18)
    at EventListener.onEvent (/home/dhanish/fabric_sfc/caliper-bench/node_modules/fabric-common/lib/EventListener.js:124:10)
    at EventService._callTransactionListener (/home/dhanish/fabric_sfc/caliper-bench/node_modules/fabric-common/lib/EventService.js:1051:16)
    at EventService._processTxEvents (/home/dhanish/fabric_sfc/caliper-bench/node_modules/fabric-common/lib/EventService.js:1006:12)
    at ClientDuplexStreamImpl.<anonymous> (/home/dhanish/fabric_sfc/caliper-bench/node_modules/fabric-common/lib/EventService.js:481:12)
    at ClientDuplexStreamImpl.emit (node:events:517:28)
    at addChunk (node:internal/streams/readable:368:12)
    at readableAddChunk (node:internal/streams/readable:341:9)
2026.08.11-09:20:54.176[31m error[39m [caliper] [connectors/v2/FabricGateway] 	Failed to perform submit transaction [updateFinancierRLOffer] using arguments [User4,{"aprPct":12.25,"tenorDays":14,"ltvPct":70,"penaltyPct":0.5,"modelVersion":"caliper-workload"}],  with error: TransactionError: Commit of transaction c4c853359282db095e0a9d8db0220956e420e971d6a30bb6b5b24f98d1bf6cd3 failed on peer peer0.financiers.example.com:7051 with status MVCC_READ_CONFLICT
    at TransactionEventHandler.eventCallback (/home/dhanish/fabric_sfc/caliper-bench/node_modules/fabric-network/lib/impl/event/transactioneventhandler.js:111:31)
    at CommitListenerSession.notifyListener (/home/dhanish/fabric_sfc/caliper-bench/node_modules/fabric-network/lib/impl/event/commitlistenersession.js:101:18)
    at EventListener.callback (/home/dhanish/fabric_sfc/caliper-bench/node_modules/fabric-network/lib/impl/event/commitlistenersession.js:92:18)
    at EventListener.onEvent (/home/dhanish/fabric_sfc/caliper-bench/node_modules/fabric-common/lib/EventListener.js:124:10)
    at EventService._callTransactionListener (/home/dhanish/fabric_sfc/caliper-bench/node_modules/fabric-common/lib/EventService.js:1051:16)
    at EventService._processTxEvents (/home/dhanish/fabric_sfc/caliper-bench/node_modules/fabric-common/lib/EventService.js:1006:12)
    at ClientDuplexStreamImpl.<anonymous> (/home/dhanish/fabric_sfc/caliper-bench/node_modules/fabric-common/lib/EventService.js:481:12)
    at ClientDuplexStreamImpl.emit (node:events:517:28)
    at addChunk (node:internal/streams/readable:368:12)
    at readableAddChunk (node:internal/streams/readable:341:9)

📊 ===== UpdateFinancierRLOffer Worker 2 Summary =====
   📦 Total Payload       : 6.9043 KB
   📏 Avg Payload         : 117.83 bytes
   📐 Max Payload         : 118 bytes
   🧮 Payload Samples     : 60
2026.08.11-09:20:55.169[32m info [39m [caliper] [connectors/v2/FabricGateway] 	disconnecting gateway for user User0
2026.08.11-09:20:55.169[32m info [39m [caliper] [connectors/v2/FabricGateway] 	disconnecting gateway for user User1
2026.08.11-09:20:55.170[32m info [39m [caliper] [connectors/v2/FabricGateway] 	disconnecting gateway for user User2
2026.08.11-09:20:55.170[32m info [39m [caliper] [connectors/v2/FabricGateway] 	disconnecting gateway for user User3
2026.08.11-09:20:55.171[32m info [39m [caliper] [connectors/v2/FabricGateway] 	disconnecting gateway for user User4
2026.08.11-09:20:55.171[32m info [39m [caliper] [connectors/v2/FabricGateway] 	disconnecting gateway for user User5
2026.08.11-09:20:55.172[32m info [39m [caliper] [connectors/v2/FabricGateway] 	disconnecting gateway for user _WholesalersMSP_User0
2026.08.11-09:20:55.172[32m info [39m [caliper] [connectors/v2/FabricGateway] 	disconnecting gateway for user _WholesalersMSP_User1
2026.08.11-09:20:55.172[32m info [39m [caliper] [connectors/v2/FabricGateway] 	disconnecting gateway for user _WholesalersMSP_User2
2026.08.11-09:20:55.172[32m info [39m [caliper] [connectors/v2/FabricGateway] 	disconnecting gateway for user _WholesalersMSP_User3
2026.08.11-09:20:55.173[32m info [39m [caliper] [connectors/v2/FabricGateway] 	disconnecting gateway for user _WholesalersMSP_User4
2026.08.11-09:20:55.173[32m info [39m [caliper] [connectors/v2/FabricGateway] 	disconnecting gateway for user _WholesalersMSP_User5
2026.08.11-09:20:55.173[32m info [39m [caliper] [worker-message-handler] 	Worker#2 finished Round#0

📊 ===== UpdateFinancierRLOffer Worker 0 Summary =====
   📦 Total Payload       : 6.9082 KB
   📏 Avg Payload         : 117.90 bytes
   📐 Max Payload         : 118 bytes
   🧮 Payload Samples     : 60
2026.08.11-09:20:55.183[32m info [39m [caliper] [connectors/v2/FabricGateway] 	disconnecting gateway for user User0
2026.08.11-09:20:55.183[32m info [39m [caliper] [connectors/v2/FabricGateway] 	disconnecting gateway for user User1
2026.08.11-09:20:55.184[32m info [39m [caliper] [connectors/v2/FabricGateway] 	disconnecting gateway for user User2
2026.08.11-09:20:55.185[32m info [39m [caliper] [connectors/v2/FabricGateway] 	disconnecting gateway for user User3
2026.08.11-09:20:55.185[32m info [39m [caliper] [connectors/v2/FabricGateway] 	disconnecting gateway for user User4
2026.08.11-09:20:55.185[32m info [39m [caliper] [connectors/v2/FabricGateway] 	disconnecting gateway for user User5
2026.08.11-09:20:55.186[32m info [39m [caliper] [connectors/v2/FabricGateway] 	disconnecting gateway for user _WholesalersMSP_User0
2026.08.11-09:20:55.186[32m info [39m [caliper] [connectors/v2/FabricGateway] 	disconnecting gateway for user _WholesalersMSP_User1
2026.08.11-09:20:55.187[32m info [39m [caliper] [connectors/v2/FabricGateway] 	disconnecting gateway for user _WholesalersMSP_User2
2026.08.11-09:20:55.187[32m info [39m [caliper] [connectors/v2/FabricGateway] 	disconnecting gateway for user _WholesalersMSP_User3
2026.08.11-09:20:55.187[32m info [39m [caliper] [connectors/v2/FabricGateway] 	disconnecting gateway for user _WholesalersMSP_User4
2026.08.11-09:20:55.188[32m info [39m [caliper] [connectors/v2/FabricGateway] 	disconnecting gateway for user _WholesalersMSP_User5
2026.08.11-09:20:55.188[32m info [39m [caliper] [worker-message-handler] 	Worker#0 finished Round#0

📊 ===== UpdateFinancierRLOffer Worker 3 Summary =====
   📦 Total Payload       : 6.9092 KB
   📏 Avg Payload         : 117.92 bytes
   📐 Max Payload         : 118 bytes
   🧮 Payload Samples     : 60
2026.08.11-09:20:55.196[32m info [39m [caliper] [connectors/v2/FabricGateway] 	disconnecting gateway for user User0
2026.08.11-09:20:55.197[32m info [39m [caliper] [connectors/v2/FabricGateway] 	disconnecting gateway for user User1
2026.08.11-09:20:55.197[32m info [39m [caliper] [connectors/v2/FabricGateway] 	disconnecting gateway for user User2
2026.08.11-09:20:55.198[32m info [39m [caliper] [connectors/v2/FabricGateway] 	disconnecting gateway for user User3
2026.08.11-09:20:55.198[32m info [39m [caliper] [connectors/v2/FabricGateway] 	disconnecting gateway for user User4
2026.08.11-09:20:55.200[32m info [39m [caliper] [connectors/v2/FabricGateway] 	disconnecting gateway for user User5
2026.08.11-09:20:55.200[32m info [39m [caliper] [connectors/v2/FabricGateway] 	disconnecting gateway for user _WholesalersMSP_User0
2026.08.11-09:20:55.201[32m info [39m [caliper] [connectors/v2/FabricGateway] 	disconnecting gateway for user _WholesalersMSP_User1
2026.08.11-09:20:55.201[32m info [39m [caliper] [connectors/v2/FabricGateway] 	disconnecting gateway for user _WholesalersMSP_User2
2026.08.11-09:20:55.201[32m info [39m [caliper] [connectors/v2/FabricGateway] 	disconnecting gateway for user _WholesalersMSP_User3
2026.08.11-09:20:55.202[32m info [39m [caliper] [connectors/v2/FabricGateway] 	disconnecting gateway for user _WholesalersMSP_User4
2026.08.11-09:20:55.202[32m info [39m [caliper] [connectors/v2/FabricGateway] 	disconnecting gateway for user _WholesalersMSP_User5
2026.08.11-09:20:55.202[32m info [39m [caliper] [worker-message-handler] 	Worker#3 finished Round#0

📊 ===== UpdateFinancierRLOffer Worker 4 Summary =====
   📦 Total Payload       : 6.9072 KB
   📏 Avg Payload         : 117.88 bytes
   📐 Max Payload         : 118 bytes
   🧮 Payload Samples     : 60
2026.08.11-09:20:55.217[32m info [39m [caliper] [connectors/v2/FabricGateway] 	disconnecting gateway for user User0
2026.08.11-09:20:55.217[32m info [39m [caliper] [connectors/v2/FabricGateway] 	disconnecting gateway for user User1
2026.08.11-09:20:55.218[32m info [39m [caliper] [connectors/v2/FabricGateway] 	disconnecting gateway for user User2
2026.08.11-09:20:55.218[32m info [39m [caliper] [connectors/v2/FabricGateway] 	disconnecting gateway for user User3
2026.08.11-09:20:55.219[32m info [39m [caliper] [connectors/v2/FabricGateway] 	disconnecting gateway for user User4
2026.08.11-09:20:55.219[32m info [39m [caliper] [connectors/v2/FabricGateway] 	disconnecting gateway for user User5
2026.08.11-09:20:55.221[32m info [39m [caliper] [connectors/v2/FabricGateway] 	disconnecting gateway for user _WholesalersMSP_User0
2026.08.11-09:20:55.221[32m info [39m [caliper] [connectors/v2/FabricGateway] 	disconnecting gateway for user _WholesalersMSP_User1
2026.08.11-09:20:55.221[32m info [39m [caliper] [connectors/v2/FabricGateway] 	disconnecting gateway for user _WholesalersMSP_User2
2026.08.11-09:20:55.221[32m info [39m [caliper] [connectors/v2/FabricGateway] 	disconnecting gateway for user _WholesalersMSP_User3
2026.08.11-09:20:55.222[32m info [39m [caliper] [connectors/v2/FabricGateway] 	disconnecting gateway for user _WholesalersMSP_User4
2026.08.11-09:20:55.222[32m info [39m [caliper] [connectors/v2/FabricGateway] 	disconnecting gateway for user _WholesalersMSP_User5
2026.08.11-09:20:55.222[32m info [39m [caliper] [worker-message-handler] 	Worker#4 finished Round#0

📊 ===== UpdateFinancierRLOffer Worker 1 Summary =====
   📦 Total Payload       : 6.9102 KB
   📏 Avg Payload         : 117.93 bytes
   📐 Max Payload         : 118 bytes
   🧮 Payload Samples     : 60
2026.08.11-09:20:55.271[32m info [39m [caliper] [connectors/v2/FabricGateway] 	disconnecting gateway for user User0
2026.08.11-09:20:55.271[32m info [39m [caliper] [connectors/v2/FabricGateway] 	disconnecting gateway for user User1
2026.08.11-09:20:55.272[32m info [39m [caliper] [connectors/v2/FabricGateway] 	disconnecting gateway for user User2
2026.08.11-09:20:55.272[32m info [39m [caliper] [connectors/v2/FabricGateway] 	disconnecting gateway for user User3
2026.08.11-09:20:55.273[32m info [39m [caliper] [connectors/v2/FabricGateway] 	disconnecting gateway for user User4
2026.08.11-09:20:55.273[32m info [39m [caliper] [connectors/v2/FabricGateway] 	disconnecting gateway for user User5
2026.08.11-09:20:55.273[32m info [39m [caliper] [connectors/v2/FabricGateway] 	disconnecting gateway for user _WholesalersMSP_User0
2026.08.11-09:20:55.273[32m info [39m [caliper] [connectors/v2/FabricGateway] 	disconnecting gateway for user _WholesalersMSP_User1
2026.08.11-09:20:55.274[32m info [39m [caliper] [connectors/v2/FabricGateway] 	disconnecting gateway for user _WholesalersMSP_User2
2026.08.11-09:20:55.274[32m info [39m [caliper] [connectors/v2/FabricGateway] 	disconnecting gateway for user _WholesalersMSP_User3
2026.08.11-09:20:55.274[32m info [39m [caliper] [connectors/v2/FabricGateway] 	disconnecting gateway for user _WholesalersMSP_User4
2026.08.11-09:20:55.275[32m info [39m [caliper] [connectors/v2/FabricGateway] 	disconnecting gateway for user _WholesalersMSP_User5
2026.08.11-09:20:55.275[32m info [39m [caliper] [worker-message-handler] 	Worker#1 finished Round#0
2026.08.11-09:21:00.321[32m info [39m [caliper] [default-observer] 	Resetting txCount indicator count
2026.08.11-09:21:00.322[32m info [39m [caliper] [report-builder] 	### Test result ###
2026.08.11-09:21:00.325[32m info [39m [caliper] [report-builder] 	
+-----------------------------------+------+------+-----------------+-----------------+-----------------+-----------------+------------------+
| Name                              | Succ | Fail | Send Rate (TPS) | Max Latency (s) | Min Latency (s) | Avg Latency (s) | Throughput (TPS) |
|-----------------------------------|------|------|-----------------|-----------------|-----------------|-----------------|------------------|
| updatefinancierrloffer_round1@300 | 51   | 249  | 292.1           | 0.19            | 0.09            | 0.13            | 275.0            |
+-----------------------------------+------+------+-----------------+-----------------+-----------------+-----------------+------------------+

2026.08.11-09:21:00.326[32m info [39m [caliper] [round-orchestrator] 	Finished round 1 (updatefinancierrloffer_round1@300) in 1.191 seconds
2026.08.11-09:21:00.326[32m info [39m [caliper] [monitor.js] 	Stopping all monitors
2026.08.11-09:21:00.326[32m info [39m [caliper] [report-builder] 	### All test results ###
2026.08.11-09:21:00.326[32m info [39m [caliper] [report-builder] 	
+-----------------------------------+------+------+-----------------+-----------------+-----------------+-----------------+------------------+
| Name                              | Succ | Fail | Send Rate (TPS) | Max Latency (s) | Min Latency (s) | Avg Latency (s) | Throughput (TPS) |
|-----------------------------------|------|------|-----------------|-----------------|-----------------|-----------------|------------------|
| updatefinancierrloffer_round1@300 | 51   | 249  | 292.1           | 0.19            | 0.09            | 0.13            | 275.0            |
+-----------------------------------+------+------+-----------------+-----------------+-----------------+-----------------+------------------+

2026.08.11-09:21:00.333[32m info [39m [caliper] [report-builder] 	Generated report with path /home/dhanish/fabric_sfc/caliper-bench/report.html
2026.08.11-09:21:00.333[32m info [39m [caliper] [monitor.js] 	Stopping all monitors
2026.08.11-09:21:00.333[32m info [39m [caliper] [worker-orchestrator] 	Sending exit message to connected workers
2026.08.11-09:21:00.334[32m info [39m [caliper] [worker-message-handler] 	Worker#0 is exiting
2026.08.11-09:21:00.334[32m info [39m [caliper] [worker-message-handler] 	Worker#1 is exiting
2026.08.11-09:21:00.334[32m info [39m [caliper] [round-orchestrator] 	Benchmark finished in 10.52 seconds. Total rounds: 1. Successful rounds: 1. Failed rounds: 0.
2026.08.11-09:21:00.334[32m info [39m [caliper] [caliper-engine] 	Network configuration attribute "caliper.command.end" is not present, skipping end command
2026.08.11-09:21:00.334[32m info [39m [caliper] [cli-launch-manager] 	Benchmark successfully finished!
2026.08.11-09:21:00.334[32m info [39m [caliper] [worker-message-handler] 	Worker#2 is exiting
2026.08.11-09:21:00.334[32m info [39m [caliper] [worker-message-handler] 	Worker#3 is exiting
2026.08.11-09:21:00.334[32m info [39m [caliper] [worker-message-handler] 	Worker#4 is exiting
